ISO-10303-21;
HEADER;
FILE_DESCRIPTION (( 'STEP AP214' ),
    '1' );
FILE_NAME ('E.Flex_01_AbdeckblechEck1_SWBG_V1.2.STEP',
    '2025-09-01T12:44:37',
    ( '' ),
    ( '' ),
    'SwSTEP 2.0',
    'SolidWorks 2021',
    '' );
FILE_SCHEMA (( 'AUTOMOTIVE_DESIGN' ));
ENDSEC;

DATA;
#1 = DIRECTION ( 'NONE',  ( 1.000000000000000000, 0.000000000000000000, 0.000000000000000000 ) ) ;
#2 = DIRECTION ( 'NONE',  ( 1.000000000000000000, 0.000000000000000000, 0.000000000000000000 ) ) ;
#3 = DIRECTION ( 'NONE',  ( -1.000000000000000000, 0.000000000000000000, 0.000000000000000000 ) ) ;
#4 = DIRECTION ( 'NONE',  ( -0.000000000000000000, -0.000000000000000000, -1.000000000000000000 ) ) ;
#5 = EDGE_LOOP ( 'NONE', ( #2122, #4770, #5144, #52 ) ) ;
#6 = ORIENTED_EDGE ( 'NONE', *, *, #4662, .T. ) ;
#7 = CARTESIAN_POINT ( 'NONE',  ( 36.99999999999990052, 17.99999999999999645, 3.999999999999982681 ) ) ;
#8 = ORIENTED_EDGE ( 'NONE', *, *, #4875, .F. ) ;
#9 = CARTESIAN_POINT ( 'NONE',  ( 2.000000000000000000, 0.000000000000000000, 0.000000000000000000 ) ) ;
#10 = LINE ( 'NONE', #924, #2745 ) ;
#11 = CARTESIAN_POINT ( 'NONE',  ( 50.99999999999837286, 193.0000000000003126, 3.827021247335479296E-16 ) ) ;
#12 = ADVANCED_FACE ( 'NONE', ( #4430 ), #5837, .T. ) ;
#13 = ORIENTED_EDGE ( 'NONE', *, *, #4569, .T. ) ;
#14 = ORIENTED_EDGE ( 'NONE', *, *, #1204, .T. ) ;
#15 = CARTESIAN_POINT ( 'NONE',  ( 9.999999999999912959, 594.0000000000001137, 0.000000000000000000 ) ) ;
#16 = DIRECTION ( 'NONE',  ( 1.000000000000000000, 0.000000000000000000, 0.000000000000000000 ) ) ;
#17 = AXIS2_PLACEMENT_3D ( 'NONE', #5372, #705, #1678 ) ;
#18 = DIRECTION ( 'NONE',  ( 1.000000000000000000, 0.000000000000000000, 0.000000000000000000 ) ) ;
#19 = CYLINDRICAL_SURFACE ( 'NONE', #3375, 3.200000000000001510 ) ;
#20 = CONTEXT_DEPENDENT_SHAPE_REPRESENTATION ( #1763, #4294 ) ;
#21 = AXIS2_PLACEMENT_3D ( 'NONE', #199, #263, #1547 ) ;
#22 = EDGE_CURVE ( 'NONE', #5142, #3327, #1184, .T. ) ;
#23 = ORIENTED_EDGE ( 'NONE', *, *, #887, .T. ) ;
#24 = EDGE_LOOP ( 'NONE', ( #2483, #5693, #4173, #3598 ) ) ;
#25 = DIRECTION ( 'NONE',  ( -0.000000000000000000, -0.000000000000000000, 1.000000000000000000 ) ) ;
#26 = CIRCLE ( 'NONE', #1288, 3.499999999999999556 ) ;
#27 = EDGE_CURVE ( 'NONE', #5252, #703, #3513, .T. ) ;
#28 = PRESENTATION_STYLE_ASSIGNMENT (( #5647 ) ) ;
#29 = AXIS2_PLACEMENT_3D ( 'NONE', #5243, #983, #3769 ) ;
#30 = CARTESIAN_POINT ( 'NONE',  ( 97.99999999999998579, 368.5000000000000568, -1.163414459189982921E-15 ) ) ;
#31 = LINE ( 'NONE', #2719, #3418 ) ;
#32 = DIRECTION ( 'NONE',  ( -0.000000000000000000, -0.000000000000000000, -1.000000000000000000 ) ) ;
#33 = DIRECTION ( 'NONE',  ( -1.000000000000000000, -3.512839483595690127E-17, -2.465190328815661892E-32 ) ) ;
#34 = LINE ( 'NONE', #2414, #1721 ) ;
#35 = ORIENTED_EDGE ( 'NONE', *, *, #283, .F. ) ;
#36 = CYLINDRICAL_SURFACE ( 'NONE', #5202, 3.200000000000005063 ) ;
#37 = AXIS2_PLACEMENT_3D ( 'NONE', #5621, #4186, #1924 ) ;
#38 = VERTEX_POINT ( 'NONE', #5928 ) ;
#39 = DIRECTION ( 'NONE',  ( -0.000000000000000000, -0.000000000000000000, 1.000000000000000000 ) ) ;
#40 = DIRECTION ( 'NONE',  ( 0.000000000000000000, 1.000000000000000000, 0.000000000000000000 ) ) ;
#41 = VECTOR ( 'NONE', #985, 1000.000000000000000 ) ;
#42 = ORIENTED_EDGE ( 'NONE', *, *, #476, .T. ) ;
#43 =( NAMED_UNIT ( * ) SI_UNIT ( $, .STERADIAN. ) SOLID_ANGLE_UNIT ( ) );
#44 = ORIENTED_EDGE ( 'NONE', *, *, #4059, .F. ) ;
#45 = PRODUCT_DEFINITION_SHAPE ( 'NONE', 'NONE',  #1882 ) ;
#46 = FACE_OUTER_BOUND ( 'NONE', #569, .T. ) ;
#47 = CARTESIAN_POINT ( 'NONE',  ( 40.99999999999990763, 17.99999999999999645, 31.00000000000000711 ) ) ;
#48 = LINE ( 'NONE', #5546, #4801 ) ;
#49 = DIRECTION ( 'NONE',  ( -0.000000000000000000, -0.000000000000000000, 1.000000000000000000 ) ) ;
#50 = VECTOR ( 'NONE', #1146, 1000.000000000000000 ) ;
#51 = VECTOR ( 'NONE', #4639, 1000.000000000000000 ) ;
#52 = ORIENTED_EDGE ( 'NONE', *, *, #4179, .F. ) ;
#53 = EDGE_LOOP ( 'NONE', ( #1353, #3466, #843, #3741 ) ) ;
#54 = ORIENTED_EDGE ( 'NONE', *, *, #1858, .T. ) ;
#55 = CARTESIAN_POINT ( 'NONE',  ( 2.000000000000000000, 0.000000000000000000, 0.000000000000000000 ) ) ;
#56 = AXIS2_PLACEMENT_3D ( 'NONE', #3940, #2566, #3492 ) ;
#57 = EDGE_CURVE ( 'NONE', #2657, #5523, #5657, .T. ) ;
#58 = CARTESIAN_POINT ( 'NONE',  ( -152.0000000000000000, 118.9999999999999858, 0.000000000000000000 ) ) ;
#59 = ADVANCED_FACE ( 'NONE', ( #5468 ), #1277, .T. ) ;
#60 = AXIS2_PLACEMENT_3D ( 'NONE', #4229, #4143, #872 ) ;
#61 = DIRECTION ( 'NONE',  ( -9.376883653928686131E-17, 0.000000000000000000, 1.000000000000000000 ) ) ;
#62 = AXIS2_PLACEMENT_3D ( 'NONE', #4857, #680, #3486 ) ;
#63 = AXIS2_PLACEMENT_3D ( 'NONE', #1119, #646, #2495 ) ;
#64 = DIRECTION ( 'NONE',  ( 1.000000000000000000, 0.000000000000000000, 0.000000000000000000 ) ) ;
#65 = PRESENTATION_STYLE_ASSIGNMENT (( #525 ) ) ;
#66 = CARTESIAN_POINT ( 'NONE',  ( 0.000000000000000000, 0.000000000000000000, -3.761792452830190037 ) ) ;
#67 = AXIS2_PLACEMENT_3D ( 'NONE', #1451, #1383, #3644 ) ;
#68 = DIRECTION ( 'NONE',  ( -2.940840684141151999E-17, 0.8371691043312211589, -0.5469441386039901598 ) ) ;
#69 = LINE ( 'NONE', #95, #2881 ) ;
#70 = EDGE_CURVE ( 'NONE', #1764, #3912, #687, .T. ) ;
#71 = AXIS2_PLACEMENT_3D ( 'NONE', #5240, #5773, #2960 ) ;
#72 = ORIENTED_EDGE ( 'NONE', *, *, #3929, .T. ) ;
#73 = CYLINDRICAL_SURFACE ( 'NONE', #3640, 2.000000000000000000 ) ;
#74 = ORIENTED_EDGE ( 'NONE', *, *, #1489, .T. ) ;
#75 = DIRECTION ( 'NONE',  ( 0.000000000000000000, 0.000000000000000000, -1.000000000000000000 ) ) ;
#76 = PLANE ( 'NONE',  #3668 ) ;
#77 = EDGE_CURVE ( 'NONE', #1455, #4905, #2623, .T. ) ;
#78 = PRODUCT_DEFINITION_FORMATION_WITH_SPECIFIED_SOURCE ( 'ANY', '', #1017, .NOT_KNOWN. ) ;
#79 = ORIENTED_EDGE ( 'NONE', *, *, #2963, .T. ) ;
#80 = DIRECTION ( 'NONE',  ( 0.000000000000000000, 0.000000000000000000, -1.000000000000000000 ) ) ;
#81 = ORIENTED_EDGE ( 'NONE', *, *, #2243, .F. ) ;
#82 = CARTESIAN_POINT ( 'NONE',  ( 33.00000000000000000, 718.0000000000000000, -2.000000000000000000 ) ) ;
#83 = LINE ( 'NONE', #3885, #5518 ) ;
#84 = ORIENTED_EDGE ( 'NONE', *, *, #994, .T. ) ;
#85 = ORIENTED_EDGE ( 'NONE', *, *, #2260, .T. ) ;
#86 = PLANE ( 'NONE',  #2205 ) ;
#87 = LINE ( 'NONE', #3302, #4058 ) ;
#88 = DIRECTION ( 'NONE',  ( 0.000000000000000000, -0.000000000000000000, -1.000000000000000000 ) ) ;
#89 = PRODUCT_DEFINITION ( 'UNKNOWN', '', #78, #3416 ) ;
#90 = EDGE_CURVE ( 'NONE', #3517, #5753, #5134, .T. ) ;
#91 = CARTESIAN_POINT ( 'NONE',  ( 35.00000000000000000, 522.0000000000010232, 0.000000000000000000 ) ) ;
#92 = DIRECTION ( 'NONE',  ( 0.000000000000000000, 0.000000000000000000, 1.000000000000000000 ) ) ;
#93 = LINE ( 'NONE', #4215, #5809 ) ;
#94 = DIRECTION ( 'NONE',  ( 6.938893903907217592E-18, 1.000000000000000000, 1.312513865257923395E-16 ) ) ;
#95 = CARTESIAN_POINT ( 'NONE',  ( 0.000000000000000000, 0.000000000000000000, -765.0000000000000000 ) ) ;
#96 = PRODUCT_DEFINITION_SHAPE ( 'NONE', 'NONE',  #6037 ) ;
#97 = EDGE_LOOP ( 'NONE', ( #1396, #5749 ) ) ;
#98 = MECHANICAL_DESIGN_GEOMETRIC_PRESENTATION_REPRESENTATION (  '', ( #782 ), #1756 ) ;
#99 = EDGE_CURVE ( 'NONE', #5562, #5733, #2340, .T. ) ;
#100 = CARTESIAN_POINT ( 'NONE',  ( 90.64999999999845670, 159.9999999999999716, -1.040949779275235965E-16 ) ) ;
#101 = ORIENTED_EDGE ( 'NONE', *, *, #22, .F. ) ;
#102 = CARTESIAN_POINT ( 'NONE',  ( 8.000000000000222045, 53.00000000000009948, -2.000000000000000000 ) ) ;
#103 = EDGE_CURVE ( 'NONE', #4957, #1054, #1262, .T. ) ;
#104 = ORIENTED_EDGE ( 'NONE', *, *, #1512, .T. ) ;
#105 = SURFACE_STYLE_USAGE ( .BOTH. , #3381 ) ;
#106 = ORIENTED_EDGE ( 'NONE', *, *, #2973, .T. ) ;
#107 = CARTESIAN_POINT ( 'NONE',  ( 40.99999999999990763, 651.0000000000000000, 31.00100000000000833 ) ) ;
#108 = LINE ( 'NONE', #4268, #3811 ) ;
#109 = DIRECTION ( 'NONE',  ( -1.000000000000000000, -1.084202172485505420E-16, 0.000000000000000000 ) ) ;
#110 = EDGE_LOOP ( 'NONE', ( #1298, #2333, #5843, #1916 ) ) ;
#111 = VERTEX_POINT ( 'NONE', #970 ) ;
#112 = VECTOR ( 'NONE', #1486, 1000.000000000000000 ) ;
#113 = ORIENTED_EDGE ( 'NONE', *, *, #3283, .F. ) ;
#114 = CARTESIAN_POINT ( 'NONE',  ( -71.99999999999998579, -8.817456953860940133E-15, -765.0000000000000000 ) ) ;
#115 = DIRECTION ( 'NONE',  ( -0.000000000000000000, -0.000000000000000000, -1.000000000000000000 ) ) ;
#116 = VECTOR ( 'NONE', #1516, 1000.000000000000000 ) ;
#117 = FACE_OUTER_BOUND ( 'NONE', #5941, .T. ) ;
#118 = CARTESIAN_POINT ( 'NONE',  ( -152.0000000000000000, 79.99999999999998579, 0.000000000000000000 ) ) ;
#119 = PRESENTATION_LAYER_ASSIGNMENT (  '', '', ( #2751 ) ) ;
#120 = VERTEX_POINT ( 'NONE', #1344 ) ;
#121 = CARTESIAN_POINT ( 'NONE',  ( 0.9999999999998057110, 18.00000000000000000, 31.00000000000000711 ) ) ;
#122 = DIRECTION ( 'NONE',  ( -1.000000000000000000, -1.224646799147353700E-16, 9.057662931910198951E-32 ) ) ;
#123 = CARTESIAN_POINT ( 'NONE',  ( 0.000000000000000000, 0.000000000000000000, 0.000000000000000000 ) ) ;
#124 = EDGE_CURVE ( 'NONE', #3178, #5896, #4552, .T. ) ;
#125 = VECTOR ( 'NONE', #5369, 1000.000000000000000 ) ;
#126 = DIRECTION ( 'NONE',  ( -1.000000000000000000, 0.000000000000000000, 0.000000000000000000 ) ) ;
#127 = EDGE_LOOP ( 'NONE', ( #3882, #5173 ) ) ;
#128 = DIRECTION ( 'NONE',  ( -1.000000000000000000, 0.000000000000000000, 0.000000000000000000 ) ) ;
#129 = AXIS2_PLACEMENT_3D ( 'NONE', #593, #4310, #4218 ) ;
#130 = CARTESIAN_POINT ( 'NONE',  ( 40.99999999999990763, 0.000000000000000000, 1.999999999999998224 ) ) ;
#131 = EDGE_CURVE ( 'NONE', #3986, #3669, #4779, .T. ) ;
#132 = ADVANCED_FACE ( 'NONE', ( #3722 ), #943, .T. ) ;
#133 = CIRCLE ( 'NONE', #2084, 3.199999999999994404 ) ;
#134 = ORIENTED_EDGE ( 'NONE', *, *, #4505, .T. ) ;
#135 = ORIENTED_EDGE ( 'NONE', *, *, #4427, .T. ) ;
#136 = CYLINDRICAL_SURFACE ( 'NONE', #3740, 1.000000000000000888 ) ;
#137 = CARTESIAN_POINT ( 'NONE',  ( 33.00000000000000711, 594.0000000000000000, 0.000000000000000000 ) ) ;
#138 = DIRECTION ( 'NONE',  ( 1.224646799147353207E-16, -1.000000000000000000, 0.000000000000000000 ) ) ;
#139 = AXIS2_PLACEMENT_3D ( 'NONE', #2851, #1105, #1546 ) ;
#140 = EDGE_CURVE ( 'NONE', #1111, #1739, #914, .T. ) ;
#141 = ORIENTED_EDGE ( 'NONE', *, *, #5101, .T. ) ;
#142 = AXIS2_PLACEMENT_3D ( 'NONE', #2382, #4257, #1960 ) ;
#143 = ORIENTED_EDGE ( 'NONE', *, *, #2750, .F. ) ;
#144 = CARTESIAN_POINT ( 'NONE',  ( 0.000000000000000000, 18.00000000000000000, 31.00000000000000711 ) ) ;
#145 = SURFACE_SIDE_STYLE ('',( #1946 ) ) ;
#146 = EDGE_CURVE ( 'NONE', #5523, #3792, #31, .T. ) ;
#147 = VECTOR ( 'NONE', #4953, 1000.000000000000000 ) ;
#148 = CYLINDRICAL_SURFACE ( 'NONE', #5976, 1.249999999999987121 ) ;
#149 = VECTOR ( 'NONE', #1252, 1000.000000000000000 ) ;
#150 = DIRECTION ( 'NONE',  ( -0.000000000000000000, -0.000000000000000000, -1.000000000000000000 ) ) ;
#151 = DIRECTION ( 'NONE',  ( -0.000000000000000000, -0.000000000000000000, -1.000000000000000000 ) ) ;
#152 = CYLINDRICAL_SURFACE ( 'NONE', #4344, 3.499999999999999556 ) ;
#153 = DIRECTION ( 'NONE',  ( 1.000000000000000000, 0.000000000000000000, 0.000000000000000000 ) ) ;
#154 = DIRECTION ( 'NONE',  ( 0.000000000000000000, -0.000000000000000000, 1.000000000000000000 ) ) ;
#155 = VECTOR ( 'NONE', #910, 1000.000000000000000 ) ;
#156 = ORIENTED_EDGE ( 'NONE', *, *, #4490, .F. ) ;
#157 = CIRCLE ( 'NONE', #3082, 1.250000000000001110 ) ;
#158 = CARTESIAN_POINT ( 'NONE',  ( 1.566999999999999948, 0.000000000000000000, -2.066999999999999726 ) ) ;
#159 = ORIENTED_EDGE ( 'NONE', *, *, #1407, .F. ) ;
#160 = CARTESIAN_POINT ( 'NONE',  ( 2.000000000000000000, 0.000000000000000000, 0.000000000000000000 ) ) ;
#161 = PRESENTATION_LAYER_ASSIGNMENT (  '', '', ( #2014 ) ) ;
#162 = DIRECTION ( 'NONE',  ( 0.000000000000000000, 1.000000000000000000, 0.000000000000000000 ) ) ;
#163 = PLANE ( 'NONE',  #3658 ) ;
#164 = PRESENTATION_LAYER_ASSIGNMENT (  '', '', ( #1435 ) ) ;
#165 = EDGE_LOOP ( 'NONE', ( #4827, #2943, #784, #1909 ) ) ;
#166 = CARTESIAN_POINT ( 'NONE',  ( 54.79999999999999716, 368.5000000000000568, 0.000000000000000000 ) ) ;
#167 = EDGE_CURVE ( 'NONE', #1706, #4517, #430, .T. ) ;
#168 = ORIENTED_EDGE ( 'NONE', *, *, #2540, .F. ) ;
#169 = ADVANCED_FACE ( 'NONE', ( #463 ), #1892, .T. ) ;
#170 = PRESENTATION_STYLE_ASSIGNMENT (( #2477 ) ) ;
#171 = CARTESIAN_POINT ( 'NONE',  ( 0.000000000000000000, 0.000000000000000000, 0.000000000000000000 ) ) ;
#172 = CARTESIAN_POINT ( 'NONE',  ( 34.99999999999982236, 670.0000000000000000, 27.00000000000000355 ) ) ;
#173 = DIRECTION ( 'NONE',  ( -0.000000000000000000, -0.000000000000000000, -1.000000000000000000 ) ) ;
#174 = UNCERTAINTY_MEASURE_WITH_UNIT (LENGTH_MEASURE( 1.000000000000000082E-05 ), #3438, 'distance_accuracy_value', 'NONE');
#175 = ORIENTED_EDGE ( 'NONE', *, *, #177, .T. ) ;
#176 = EDGE_LOOP ( 'NONE', ( #3102, #5089, #1545, #1347 ) ) ;
#177 = EDGE_CURVE ( 'NONE', #5074, #4861, #4674, .T. ) ;
#178 = DIRECTION ( 'NONE',  ( 1.000000000000000000, -4.111937128241308804E-15, 0.000000000000000000 ) ) ;
#179 =( NAMED_UNIT ( * ) PLANE_ANGLE_UNIT ( ) SI_UNIT ( $, .RADIAN. ) );
#180 = DIRECTION ( 'NONE',  ( 0.000000000000000000, 0.000000000000000000, -1.000000000000000000 ) ) ;
#181 = VERTEX_POINT ( 'NONE', #5622 ) ;
#182 = EDGE_CURVE ( 'NONE', #5700, #3669, #4156, .T. ) ;
#183 = CARTESIAN_POINT ( 'NONE',  ( 35.00000000000000000, 314.0000000000001137, -2.000000000000000000 ) ) ;
#184 = DIRECTION ( 'NONE',  ( 0.000000000000000000, 0.000000000000000000, 1.000000000000000000 ) ) ;
#185 = CARTESIAN_POINT ( 'NONE',  ( 17.00000000000003553, 348.0000000000001705, -2.000000000000000000 ) ) ;
#186 = ITEM_DEFINED_TRANSFORMATION ( 'NONE', 'NONE', #1232,  #5721 ) ;
#187 = DIRECTION ( 'NONE',  ( -1.000000000000000000, 0.000000000000000000, 0.000000000000000000 ) ) ;
#188 = EDGE_LOOP ( 'NONE', ( #3383, #1092, #3845, #5473, #5059, #5081 ) ) ;
#189 = CARTESIAN_POINT ( 'NONE',  ( -0.7699999999999999067, 0.000000000000000000, 0.000000000000000000 ) ) ;
#190 = ORIENTED_EDGE ( 'NONE', *, *, #5465, .F. ) ;
#191 = DIRECTION ( 'NONE',  ( -1.000000000000000000, 0.000000000000000000, 0.000000000000000000 ) ) ;
#192 = FACE_OUTER_BOUND ( 'NONE', #280, .T. ) ;
#193 = CARTESIAN_POINT ( 'NONE',  ( -0.3849999999999999534, 0.000000000000000000, 0.000000000000000000 ) ) ;
#194 = COLOUR_RGB ( '',0.5294117647058823595, 0.5490196078431373028, 0.5490196078431373028 ) ;
#195 = ORIENTED_EDGE ( 'NONE', *, *, #3565, .T. ) ;
#196 = DIRECTION ( 'NONE',  ( -1.000000000000000000, 0.000000000000000000, 0.000000000000000000 ) ) ;
#197 = ORIENTED_EDGE ( 'NONE', *, *, #3576, .T. ) ;
#198 = DIRECTION ( 'NONE',  ( 0.000000000000000000, 0.000000000000000000, 1.000000000000000000 ) ) ;
#199 = CARTESIAN_POINT ( 'NONE',  ( -150.0000000000000000, -1.861463134703976776E-14, -765.0000000000000000 ) ) ;
#200 = FACE_OUTER_BOUND ( 'NONE', #5169, .T. ) ;
#201 = STYLED_ITEM ( 'NONE', ( #296 ), #5241 ) ;
#202 = EDGE_CURVE ( 'NONE', #2667, #2512, #1854, .T. ) ;
#203 = VERTEX_POINT ( 'NONE', #5070 ) ;
#204 = VERTEX_POINT ( 'NONE', #4577 ) ;
#205 = CARTESIAN_POINT ( 'NONE',  ( 40.99999999999990763, 16.99999999999999289, 0.000000000000000000 ) ) ;
#206 = ADVANCED_FACE ( 'NONE', ( #402 ), #2251, .F. ) ;
#207 = VECTOR ( 'NONE', #480, 1000.000000000000000 ) ;
#208 = DIRECTION ( 'NONE',  ( -0.000000000000000000, -0.000000000000000000, -1.000000000000000000 ) ) ;
#209 = EDGE_LOOP ( 'NONE', ( #5564, #4522, #2676, #1492, #4165, #4115, #3656, #498, #6025, #3004, #1419, #5338, #2061, #2041, #4206, #3122, #5188, #5638, #81, #992, #722, #4928, #3037, #1068, #1305, #3770, #3313, #4561, #5360, #1973, #3896, #721, #3936, #2628, #1300, #2381, #4707, #5598, #3150, #3259, #965, #711, #2160, #853, #836, #1249, #4077, #5717 ) ) ;
#210 = DIRECTION ( 'NONE',  ( -1.000000000000000000, 0.000000000000000000, 0.000000000000000000 ) ) ;
#211 = DIRECTION ( 'NONE',  ( -0.000000000000000000, -0.000000000000000000, -1.000000000000000000 ) ) ;
#212 = CIRCLE ( 'NONE', #1680, 2.000000000000001776 ) ;
#213 = CARTESIAN_POINT ( 'NONE',  ( 38.99999999999990052, 650.0000000000000000, 3.999999999999989786 ) ) ;
#214 = EDGE_CURVE ( 'NONE', #2857, #2147, #2139, .T. ) ;
#215 = CIRCLE ( 'NONE', #3345, 3.199999999999987743 ) ;
#216 = PLANE ( 'NONE',  #2947 ) ;
#217 = ORIENTED_EDGE ( 'NONE', *, *, #2811, .T. ) ;
#218 = VERTEX_POINT ( 'NONE', #645 ) ;
#219 = DIRECTION ( 'NONE',  ( 0.000000000000000000, 0.000000000000000000, 1.000000000000000000 ) ) ;
#220 = DIRECTION ( 'NONE',  ( 0.000000000000000000, 0.000000000000000000, 1.000000000000000000 ) ) ;
#221 = CYLINDRICAL_SURFACE ( 'NONE', #4441, 2.000000000000001776 ) ;
#222 = CIRCLE ( 'NONE', #2552, 2.000000000000000000 ) ;
#223 = VERTEX_POINT ( 'NONE', #1499 ) ;
#224 = CYLINDRICAL_SURFACE ( 'NONE', #1591, 3.199999999999984190 ) ;
#225 = ORIENTED_EDGE ( 'NONE', *, *, #800, .F. ) ;
#226 =( NAMED_UNIT ( * ) SI_UNIT ( $, .STERADIAN. ) SOLID_ANGLE_UNIT ( ) );
#227 = CARTESIAN_POINT ( 'NONE',  ( 50.00000000000000000, 85.00000000000000000, 2.000000000000000000 ) ) ;
#228 = DIRECTION ( 'NONE',  ( 0.000000000000000000, 0.000000000000000000, 1.000000000000000000 ) ) ;
#229 = CIRCLE ( 'NONE', #1886, 3.199999999999994404 ) ;
#230 = ORIENTED_EDGE ( 'NONE', *, *, #406, .T. ) ;
#231 = EDGE_LOOP ( 'NONE', ( #2603, #421 ) ) ;
#232 = ORIENTED_EDGE ( 'NONE', *, *, #3711, .T. ) ;
#233 = AXIS2_PLACEMENT_3D ( 'NONE', #5588, #3363, #462 ) ;
#234 = DIRECTION ( 'NONE',  ( -1.000000000000000000, 0.000000000000000000, 0.000000000000000000 ) ) ;
#235 = LINE ( 'NONE', #4814, #2332 ) ;
#236 = VECTOR ( 'NONE', #5481, 1000.000000000000000 ) ;
#237 = DIRECTION ( 'NONE',  ( -1.000000000000000000, 0.000000000000000000, 0.000000000000000000 ) ) ;
#238 = VERTEX_POINT ( 'NONE', #3840 ) ;
#239 = DIRECTION ( 'NONE',  ( 0.000000000000000000, -1.000000000000000000, 0.000000000000000000 ) ) ;
#240 = ADVANCED_FACE ( 'NONE', ( #4246 ), #4968, .T. ) ;
#241 = EDGE_CURVE ( 'NONE', #3216, #4018, #5309, .T. ) ;
#242 = LINE ( 'NONE', #2076, #5525 ) ;
#243 = CIRCLE ( 'NONE', #3164, 2.000000000000000000 ) ;
#244 = SHAPE_DEFINITION_REPRESENTATION ( #1850, #4877 ) ;
#245 = CARTESIAN_POINT ( 'NONE',  ( 35.00000000000000000, 717.9999999999997726, 0.000000000000000000 ) ) ;
#246 = AXIS2_PLACEMENT_3D ( 'NONE', #4230, #49, #5642 ) ;
#247 = CIRCLE ( 'NONE', #5316, 2.000000000000000000 ) ;
#248 = CARTESIAN_POINT ( 'NONE',  ( 38.99999999999982947, 18.00000000000001421, 27.00000000000001776 ) ) ;
#249 = ORIENTED_EDGE ( 'NONE', *, *, #3902, .F. ) ;
#250 = ORIENTED_EDGE ( 'NONE', *, *, #3274, .F. ) ;
#251 = EDGE_CURVE ( 'NONE', #1677, #2512, #3364, .T. ) ;
#252 = CARTESIAN_POINT ( 'NONE',  ( -150.0000000000000000, 79.99999999999998579, 0.000000000000000000 ) ) ;
#253 = CIRCLE ( 'NONE', #452, 1.250000000000001110 ) ;
#254 = SURFACE_SIDE_STYLE ('',( #4433 ) ) ;
#255 = LINE ( 'NONE', #4434, #4343 ) ;
#256 = AXIS2_PLACEMENT_3D ( 'NONE', #4216, #1681, #4481 ) ;
#257 = AXIS2_PLACEMENT_3D ( 'NONE', #2198, #1807, #5929 ) ;
#258 = VERTEX_POINT ( 'NONE', #2494 ) ;
#259 = CYLINDRICAL_SURFACE ( 'NONE', #714, 2.000000000000001776 ) ;
#260 = ORIENTED_EDGE ( 'NONE', *, *, #328, .F. ) ;
#261 = EDGE_CURVE ( 'NONE', #1315, #5562, #5229, .T. ) ;
#262 = DIRECTION ( 'NONE',  ( -1.000000000000000000, 0.000000000000000000, 0.000000000000000000 ) ) ;
#263 = DIRECTION ( 'NONE',  ( 1.000000000000000000, 0.000000000000000000, -0.000000000000000000 ) ) ;
#264 = FACE_OUTER_BOUND ( 'NONE', #4907, .T. ) ;
#265 = COLOUR_RGB ( '',0.6862745098039215730, 0.6862745098039215730, 0.6862745098039215730 ) ;
#266 = EDGE_LOOP ( 'NONE', ( #3063, #1365, #4858, #3713 ) ) ;
#267 = ORIENTED_EDGE ( 'NONE', *, *, #1699, .T. ) ;
#268 = CARTESIAN_POINT ( 'NONE',  ( 48.75000000000000000, 605.0000000000001137, 2.000000000000000000 ) ) ;
#269 = ORIENTED_EDGE ( 'NONE', *, *, #1446, .T. ) ;
#270 = CARTESIAN_POINT ( 'NONE',  ( 104.2500000000000000, 65.00000000000002842, 0.000000000000000000 ) ) ;
#271 = ORIENTED_EDGE ( 'NONE', *, *, #1587, .T. ) ;
#272 = ORIENTED_EDGE ( 'NONE', *, *, #2422, .F. ) ;
#273 = CARTESIAN_POINT ( 'NONE',  ( 15.49999999999374367, 43.00000000000000000, 28.99999999999999645 ) ) ;
#274 = LINE ( 'NONE', #5739, #3854 ) ;
#275 = CYLINDRICAL_SURFACE ( 'NONE', #4052, 3.199999999999994404 ) ;
#276 = EDGE_CURVE ( 'NONE', #3409, #3942, #2328, .T. ) ;
#277 = EDGE_CURVE ( 'NONE', #1847, #818, #5257, .T. ) ;
#278 = FACE_OUTER_BOUND ( 'NONE', #3626, .T. ) ;
#279 = VERTEX_POINT ( 'NONE', #4787 ) ;
#280 = EDGE_LOOP ( 'NONE', ( #5886, #4964, #301, #3291 ) ) ;
#281 = FACE_OUTER_BOUND ( 'NONE', #2267, .T. ) ;
#282 = LINE ( 'NONE', #4401, #5126 ) ;
#283 = EDGE_CURVE ( 'NONE', #394, #1593, #2062, .T. ) ;
#284 = VERTEX_POINT ( 'NONE', #2372 ) ;
#285 = DIRECTION ( 'NONE',  ( -1.000000000000000000, -1.652117596168368774E-16, 0.000000000000000000 ) ) ;
#286 = ORIENTED_EDGE ( 'NONE', *, *, #4944, .T. ) ;
#287 = CARTESIAN_POINT ( 'NONE',  ( 33.00000000000000000, 718.0000000000000000, 0.000000000000000000 ) ) ;
#288 = CARTESIAN_POINT ( 'NONE',  ( 0.000000000000000000, 0.000000000000000000, -765.0000000000000000 ) ) ;
#289 = CARTESIAN_POINT ( 'NONE',  ( 7.999999999999921840, 667.9999999999998863, -2.000000000000000000 ) ) ;
#290 = CLOSED_SHELL ( 'NONE', ( #1556, #505, #4991, #4014, #240, #398, #667, #5390, #4315, #2930, #1933, #2679, #3070, #3092, #1101, #5398, #5576, #3264, #5254, #5654 ) ) ;
#291 = EDGE_CURVE ( 'NONE', #4032, #2305, #3453, .T. ) ;
#292 = UNCERTAINTY_MEASURE_WITH_UNIT (LENGTH_MEASURE( 1.000000000000000082E-05 ), #4774, 'distance_accuracy_value', 'NONE');
#293 = EDGE_LOOP ( 'NONE', ( #2754, #3525, #4507, #919 ) ) ;
#294 = ORIENTED_EDGE ( 'NONE', *, *, #4381, .T. ) ;
#295 = ORIENTED_EDGE ( 'NONE', *, *, #3263, .T. ) ;
#296 = PRESENTATION_STYLE_ASSIGNMENT (( #2611 ) ) ;
#297 = DIRECTION ( 'NONE',  ( 0.000000000000000000, 0.000000000000000000, 1.000000000000000000 ) ) ;
#298 = ORIENTED_EDGE ( 'NONE', *, *, #5881, .F. ) ;
#299 = AXIS2_PLACEMENT_3D ( 'NONE', #2672, #3563, #1265 ) ;
#300 = ORIENTED_EDGE ( 'NONE', *, *, #2850, .T. ) ;
#301 = ORIENTED_EDGE ( 'NONE', *, *, #1071, .T. ) ;
#302 = LINE ( 'NONE', #1178, #3335 ) ;
#303 = DIRECTION ( 'NONE',  ( 1.224646799147353207E-16, -1.000000000000000000, -0.000000000000000000 ) ) ;
#304 = CARTESIAN_POINT ( 'NONE',  ( 83.99999999999978684, 670.0000000000000000, 0.000000000000000000 ) ) ;
#305 = DIRECTION ( 'NONE',  ( -1.000000000000000000, 0.000000000000000000, 0.000000000000000000 ) ) ;
#306 = DIRECTION ( 'NONE',  ( 1.000000000000000000, 0.000000000000000000, 0.000000000000000000 ) ) ;
#307 = ORIENTED_EDGE ( 'NONE', *, *, #2848, .T. ) ;
#308 = ORIENTED_EDGE ( 'NONE', *, *, #1889, .T. ) ;
#309 = CYLINDRICAL_SURFACE ( 'NONE', #735, 3.199999999999994404 ) ;
#310 =( LENGTH_UNIT ( ) NAMED_UNIT ( * ) SI_UNIT ( .MILLI., .METRE. ) );
#311 = CARTESIAN_POINT ( 'NONE',  ( 35.00000000000000000, 0.000000000000000000, -2.000000000000000000 ) ) ;
#312 = VECTOR ( 'NONE', #6019, 1000.000000000000000 ) ;
#313 = ORIENTED_EDGE ( 'NONE', *, *, #5278, .F. ) ;
#314 = CARTESIAN_POINT ( 'NONE',  ( 0.9999999999998065991, 650.0000000000000000, 31.00000000000000711 ) ) ;
#315 = ORIENTED_EDGE ( 'NONE', *, *, #5149, .T. ) ;
#316 = DIRECTION ( 'NONE',  ( 0.000000000000000000, 0.000000000000000000, 1.000000000000000000 ) ) ;
#317 = DIRECTION ( 'NONE',  ( -1.000000000000000000, 0.000000000000000000, 0.000000000000000000 ) ) ;
#318 = CIRCLE ( 'NONE', #709, 3.499999999999999556 ) ;
#319 = CARTESIAN_POINT ( 'NONE',  ( -0.7699999999999999067, 0.000000000000000000, 0.000000000000000000 ) ) ;
#320 = ADVANCED_FACE ( 'NONE', ( #4364 ), #2017, .F. ) ;
#321 = ORIENTED_EDGE ( 'NONE', *, *, #2540, .T. ) ;
#322 = EDGE_CURVE ( 'NONE', #3517, #1356, #4009, .T. ) ;
#323 = CIRCLE ( 'NONE', #1191, 1.250000000000001110 ) ;
#324 = VECTOR ( 'NONE', #4348, 1000.000000000000000 ) ;
#325 = ORIENTED_EDGE ( 'NONE', *, *, #1588, .T. ) ;
#326 = ORIENTED_EDGE ( 'NONE', *, *, #5287, .T. ) ;
#327 =( NAMED_UNIT ( * ) PLANE_ANGLE_UNIT ( ) SI_UNIT ( $, .RADIAN. ) );
#328 = EDGE_CURVE ( 'NONE', #2217, #204, #888, .T. ) ;
#329 = LINE ( 'NONE', #2734, #2581 ) ;
#330 = AXIS2_PLACEMENT_3D ( 'NONE', #4984, #1314, #920 ) ;
#331 = ORIENTED_EDGE ( 'NONE', *, *, #2826, .F. ) ;
#332 = CIRCLE ( 'NONE', #1503, 3.199999999999994404 ) ;
#333 = ORIENTED_EDGE ( 'NONE', *, *, #3609, .F. ) ;
#334 = DIRECTION ( 'NONE',  ( -9.760171490198437539E-17, 8.259121274930149578E-33, 1.000000000000000000 ) ) ;
#335 = EDGE_CURVE ( 'NONE', #1975, #2036, #5572, .T. ) ;
#336 = LINE ( 'NONE', #5438, #2109 ) ;
#337 = PLANE ( 'NONE',  #1121 ) ;
#338 = VECTOR ( 'NONE', #418, 1000.000000000000000 ) ;
#339 = DIRECTION ( 'NONE',  ( 1.084202172485505297E-16, -1.000000000000000000, 0.000000000000000000 ) ) ;
#340 = DIRECTION ( 'NONE',  ( 0.000000000000000000, 0.000000000000000000, 1.000000000000000000 ) ) ;
#341 = PRESENTATION_LAYER_ASSIGNMENT (  '', '', ( #1993 ) ) ;
#342 = ORIENTED_EDGE ( 'NONE', *, *, #2329, .T. ) ;
#343 = VERTEX_POINT ( 'NONE', #3572 ) ;
#344 = CARTESIAN_POINT ( 'NONE',  ( 19.00000000000000355, 625.0000000000000000, 28.99999999999999645 ) ) ;
#345 = PRESENTATION_STYLE_ASSIGNMENT (( #1658 ) ) ;
#346 = FACE_OUTER_BOUND ( 'NONE', #188, .T. ) ;
#347 = CIRCLE ( 'NONE', #5916, 3.200000000000005063 ) ;
#348 = VECTOR ( 'NONE', #4028, 1000.000000000000000 ) ;
#349 = ORIENTED_EDGE ( 'NONE', *, *, #3389, .T. ) ;
#350 = PLANE ( 'NONE',  #4416 ) ;
#351 = ORIENTED_EDGE ( 'NONE', *, *, #1749, .F. ) ;
#352 = DIRECTION ( 'NONE',  ( -1.000000000000000000, -1.224646799147353207E-16, 0.000000000000000000 ) ) ;
#353 = AXIS2_PLACEMENT_3D ( 'NONE', #5517, #420, #1332 ) ;
#354 = DIRECTION ( 'NONE',  ( -1.000000000000000000, -1.224646799147353207E-16, 0.000000000000000000 ) ) ;
#355 = CARTESIAN_POINT ( 'NONE',  ( 23.19999999999853912, 468.9999999999999432, -2.000000000000000000 ) ) ;
#356 = AXIS2_PLACEMENT_3D ( 'NONE', #1140, #4842, #4379 ) ;
#357 = VECTOR ( 'NONE', #4457, 1000.000000000000000 ) ;
#358 = EDGE_CURVE ( 'NONE', #3216, #4612, #2444, .T. ) ;
#359 = EDGE_CURVE ( 'NONE', #4078, #2050, #1377, .T. ) ;
#360 = EDGE_LOOP ( 'NONE', ( #4019, #1898 ) ) ;
#361 = ORIENTED_EDGE ( 'NONE', *, *, #5614, .F. ) ;
#362 = CARTESIAN_POINT ( 'NONE',  ( 18.99999999999798206, 431.0000000000000000, 28.99999999999999645 ) ) ;
#363 = VECTOR ( 'NONE', #2125, 1000.000000000000000 ) ;
#364 = DIRECTION ( 'NONE',  ( 0.000000000000000000, 0.000000000000000000, 1.000000000000000000 ) ) ;
#365 = CARTESIAN_POINT ( 'NONE',  ( 7.999999999999921840, 665.9999999999998863, -2.000000000000000000 ) ) ;
#366 = VECTOR ( 'NONE', #3535, 1000.000000000000000 ) ;
#367 = EDGE_CURVE ( 'NONE', #3676, #5355, #5960, .T. ) ;
#368 = ORIENTED_EDGE ( 'NONE', *, *, #4525, .F. ) ;
#369 = VERTEX_POINT ( 'NONE', #4943 ) ;
#370 = DIRECTION ( 'NONE',  ( -1.000000000000000000, -4.111937128241308804E-15, -0.000000000000000000 ) ) ;
#371 = DIRECTION ( 'NONE',  ( 9.376883653928686131E-17, -0.000000000000000000, -1.000000000000000000 ) ) ;
#372 = AXIS2_PLACEMENT_3D ( 'NONE', #3810, #94, #5682 ) ;
#373 = DIRECTION ( 'NONE',  ( 1.000000000000000000, 0.000000000000000000, 0.000000000000000000 ) ) ;
#374 = EDGE_CURVE ( 'NONE', #3676, #3107, #302, .T. ) ;
#375 = FACE_BOUND ( 'NONE', #950, .T. ) ;
#376 = CARTESIAN_POINT ( 'NONE',  ( 2.000000000000000000, 718.0000000000000000, -2.000000000000000000 ) ) ;
#377 = DIRECTION ( 'NONE',  ( -0.000000000000000000, 1.000000000000000000, -0.000000000000000000 ) ) ;
#378 = DIRECTION ( 'NONE',  ( 0.000000000000000000, 0.000000000000000000, 1.000000000000000000 ) ) ;
#379 =( NAMED_UNIT ( * ) SI_UNIT ( $, .STERADIAN. ) SOLID_ANGLE_UNIT ( ) );
#380 = VERTEX_POINT ( 'NONE', #2161 ) ;
#381 = ORIENTED_EDGE ( 'NONE', *, *, #4581, .F. ) ;
#382 = DIRECTION ( 'NONE',  ( -0.000000000000000000, -0.000000000000000000, -1.000000000000000000 ) ) ;
#383 = FACE_OUTER_BOUND ( 'NONE', #3816, .T. ) ;
#384 = DIRECTION ( 'NONE',  ( 0.000000000000000000, 0.000000000000000000, -1.000000000000000000 ) ) ;
#385 = ORIENTED_EDGE ( 'NONE', *, *, #708, .F. ) ;
#386 = ORIENTED_EDGE ( 'NONE', *, *, #3630, .T. ) ;
#387 = DIRECTION ( 'NONE',  ( -0.000000000000000000, -0.000000000000000000, 1.000000000000000000 ) ) ;
#388 = DIRECTION ( 'NONE',  ( -0.000000000000000000, -0.000000000000000000, 1.000000000000000000 ) ) ;
#389 = FACE_OUTER_BOUND ( 'NONE', #1649, .T. ) ;
#390 = CONTEXT_DEPENDENT_SHAPE_REPRESENTATION ( #5938, #1464 ) ;
#391 = EDGE_CURVE ( 'NONE', #3969, #415, #3047, .T. ) ;
#392 = AXIS2_PLACEMENT_3D ( 'NONE', #3399, #92, #4734 ) ;
#393 = ORIENTED_EDGE ( 'NONE', *, *, #4342, .F. ) ;
#394 = VERTEX_POINT ( 'NONE', #273 ) ;
#395 = CARTESIAN_POINT ( 'NONE',  ( 35.00000000000003553, 348.0000000000001705, 0.000000000000000000 ) ) ;
#396 = EDGE_CURVE ( 'NONE', #1611, #4316, #4789, .T. ) ;
#397 = DIRECTION ( 'NONE',  ( -0.000000000000000000, -0.000000000000000000, 1.000000000000000000 ) ) ;
#398 = ADVANCED_FACE ( 'NONE', ( #3990 ), #2247, .F. ) ;
#399 = LINE ( 'NONE', #2248, #1971 ) ;
#400 =( REPRESENTATION_RELATIONSHIP ('NONE','NONE', #1948, #4877 ) REPRESENTATION_RELATIONSHIP_WITH_TRANSFORMATION ( #1296 )SHAPE_REPRESENTATION_RELATIONSHIP( ) );
#401 = FACE_OUTER_BOUND ( 'NONE', #2821, .T. ) ;
#402 = FACE_OUTER_BOUND ( 'NONE', #3228, .T. ) ;
#403 = CARTESIAN_POINT ( 'NONE',  ( 38.99999999999990052, 670.0000000000000000, 3.999999999999996447 ) ) ;
#404 = SURFACE_SIDE_STYLE ('',( #1374 ) ) ;
#405 = CARTESIAN_POINT ( 'NONE',  ( 41.99999999999990763, 15.26794919243111970, 0.000000000000000000 ) ) ;
#406 = EDGE_CURVE ( 'NONE', #4817, #2423, #2553, .T. ) ;
#407 = ORIENTED_EDGE ( 'NONE', *, *, #737, .F. ) ;
#408 = LINE ( 'NONE', #4193, #1192 ) ;
#409 = EDGE_LOOP ( 'NONE', ( #5401, #1248, #5789, #1235 ) ) ;
#410 = CARTESIAN_POINT ( 'NONE',  ( 91.89999999999845670, 159.9999999999999716, -1.040949779275235965E-16 ) ) ;
#411 = LINE ( 'NONE', #2816, #1276 ) ;
#412 = DIRECTION ( 'NONE',  ( -1.000000000000000000, 0.000000000000000000, 0.000000000000000000 ) ) ;
#413 = ORIENTED_EDGE ( 'NONE', *, *, #4458, .T. ) ;
#414 = CIRCLE ( 'NONE', #3139, 4.320000000000000284 ) ;
#415 = VERTEX_POINT ( 'NONE', #2615 ) ;
#416 = AXIS2_PLACEMENT_3D ( 'NONE', #1304, #3661, #426 ) ;
#417 = VERTEX_POINT ( 'NONE', #5859 ) ;
#418 = DIRECTION ( 'NONE',  ( 0.000000000000000000, 0.000000000000000000, 1.000000000000000000 ) ) ;
#419 = DIRECTION ( 'NONE',  ( 0.000000000000000000, 0.000000000000000000, -1.000000000000000000 ) ) ;
#420 = DIRECTION ( 'NONE',  ( 1.000000000000000000, 0.000000000000000000, 0.000000000000000000 ) ) ;
#421 = ORIENTED_EDGE ( 'NONE', *, *, #908, .T. ) ;
#422 = ORIENTED_EDGE ( 'NONE', *, *, #4868, .F. ) ;
#423 = AXIS2_PLACEMENT_3D ( 'NONE', #4556, #2347, #126 ) ;
#424 = CARTESIAN_POINT ( 'NONE',  ( 78.69999999999846807, 159.9999999999999716, 2.000000000000000000 ) ) ;
#425 = CARTESIAN_POINT ( 'NONE',  ( -152.0000000000000000, 118.9999999999999858, 0.000000000000000000 ) ) ;
#426 = DIRECTION ( 'NONE',  ( 0.000000000000000000, 0.000000000000000000, -1.000000000000000000 ) ) ;
#427 = EDGE_CURVE ( 'NONE', #594, #896, #3540, .T. ) ;
#428 = EDGE_CURVE ( 'NONE', #2845, #1522, #795, .T. ) ;
#429 = DIRECTION ( 'NONE',  ( -0.000000000000000000, 1.000000000000000000, -0.000000000000000000 ) ) ;
#430 = LINE ( 'NONE', #3210, #3890 ) ;
#431 = DIRECTION ( 'NONE',  ( -0.000000000000000000, -0.000000000000000000, -1.000000000000000000 ) ) ;
#432 = AXIS2_PLACEMENT_3D ( 'NONE', #3771, #387, #5082 ) ;
#433 =( NAMED_UNIT ( * ) PLANE_ANGLE_UNIT ( ) SI_UNIT ( $, .RADIAN. ) );
#434 = LINE ( 'NONE', #4554, #3473 ) ;
#435 = CIRCLE ( 'NONE', #1110, 1.000000000000000888 ) ;
#436 = ADVANCED_FACE ( 'NONE', ( #4855 ), #5889, .F. ) ;
#437 = ORIENTED_EDGE ( 'NONE', *, *, #4088, .F. ) ;
#438 = DIRECTION ( 'NONE',  ( 1.000000000000000000, 0.000000000000000000, 3.469446951953611033E-15 ) ) ;
#439 = EDGE_LOOP ( 'NONE', ( #3558, #5969 ) ) ;
#440 = DIRECTION ( 'NONE',  ( -0.000000000000000000, -0.000000000000000000, -1.000000000000000000 ) ) ;
#441 = DIRECTION ( 'NONE',  ( 1.000000000000000000, 0.000000000000000000, 0.000000000000000000 ) ) ;
#442 = DIRECTION ( 'NONE',  ( -1.000000000000000000, 0.000000000000000000, 0.000000000000000000 ) ) ;
#443 = AXIS2_PLACEMENT_3D ( 'NONE', #3431, #2470, #1069 ) ;
#444 = EDGE_CURVE ( 'NONE', #626, #5364, #1079, .T. ) ;
#445 = ORIENTED_EDGE ( 'NONE', *, *, #1331, .F. ) ;
#446 = CIRCLE ( 'NONE', #3850, 3.199999999999994404 ) ;
#447 = VECTOR ( 'NONE', #5164, 1000.000000000000000 ) ;
#448 = ORIENTED_EDGE ( 'NONE', *, *, #4952, .T. ) ;
#449 = DIRECTION ( 'NONE',  ( -1.000000000000000000, 0.000000000000000000, 0.000000000000000000 ) ) ;
#450 = CARTESIAN_POINT ( 'NONE',  ( 2.000000000000000000, 720.0000000000000000, -2.000000000000000000 ) ) ;
#451 = CARTESIAN_POINT ( 'NONE',  ( 23.19999999999926743, 257.9999999999998863, 0.000000000000000000 ) ) ;
#452 = AXIS2_PLACEMENT_3D ( 'NONE', #1695, #3099, #3062 ) ;
#453 = VECTOR ( 'NONE', #4426, 1000.000000000000000 ) ;
#454 = AXIS2_PLACEMENT_3D ( 'NONE', #1651, #5796, #3484 ) ;
#455 = ORIENTED_EDGE ( 'NONE', *, *, #979, .T. ) ;
#456 = VECTOR ( 'NONE', #5171, 1000.000000000000000 ) ;
#457 = ORIENTED_EDGE ( 'NONE', *, *, #4763, .T. ) ;
#458 = AXIS2_PLACEMENT_3D ( 'NONE', #3623, #297, #1829 ) ;
#459 = DIRECTION ( 'NONE',  ( 1.000000000000000000, 0.000000000000000000, 0.000000000000000000 ) ) ;
#460 = LINE ( 'NONE', #4152, #1529 ) ;
#461 = AXIS2_PLACEMENT_3D ( 'NONE', #5625, #1090, #4703 ) ;
#462 = DIRECTION ( 'NONE',  ( -1.000000000000000000, 0.000000000000000000, 0.000000000000000000 ) ) ;
#463 = FACE_OUTER_BOUND ( 'NONE', #1610, .T. ) ;
#464 = DIRECTION ( 'NONE',  ( 0.000000000000000000, 1.000000000000000000, 0.000000000000000000 ) ) ;
#465 = SURFACE_STYLE_USAGE ( .BOTH. , #4641 ) ;
#466 = DIRECTION ( 'NONE',  ( -1.224646799147353207E-16, 1.000000000000000000, 0.000000000000000000 ) ) ;
#467 = ADVANCED_BREP_SHAPE_REPRESENTATION ( '', ( #5230, #5721 ), #2890 ) ;
#468 = ADVANCED_FACE ( 'NONE', ( #3015 ), #5571, .F. ) ;
#469 = EDGE_CURVE ( 'NONE', #1975, #5252, #108, .T. ) ;
#470 = ORIENTED_EDGE ( 'NONE', *, *, #874, .F. ) ;
#471 =( NAMED_UNIT ( * ) SI_UNIT ( $, .STERADIAN. ) SOLID_ANGLE_UNIT ( ) );
#472 = ORIENTED_EDGE ( 'NONE', *, *, #1250, .T. ) ;
#473 = DIRECTION ( 'NONE',  ( 0.000000000000000000, 0.000000000000000000, 1.000000000000000000 ) ) ;
#474 = CARTESIAN_POINT ( 'NONE',  ( 22.49999999999374367, 43.00000000000000000, 28.99999999999999645 ) ) ;
#475 = DIRECTION ( 'NONE',  ( -0.000000000000000000, -1.000000000000000000, -0.000000000000000000 ) ) ;
#476 = EDGE_CURVE ( 'NONE', #1160, #4362, #3254, .T. ) ;
#477 = ORIENTED_EDGE ( 'NONE', *, *, #2048, .T. ) ;
#478 = VERTEX_POINT ( 'NONE', #1766 ) ;
#479 = CARTESIAN_POINT ( 'NONE',  ( 2.000000000000000000, 0.000000000000000000, 3.986666666666669467 ) ) ;
#480 = DIRECTION ( 'NONE',  ( -0.000000000000000000, -0.000000000000000000, -1.000000000000000000 ) ) ;
#481 = DIRECTION ( 'NONE',  ( 0.000000000000000000, 0.000000000000000000, -1.000000000000000000 ) ) ;
#482 = CARTESIAN_POINT ( 'NONE',  ( 47.79999999999837001, 193.0000000000003126, 3.827021247335479296E-16 ) ) ;
#483 = EDGE_CURVE ( 'NONE', #4517, #5904, #5766, .T. ) ;
#484 = VERTEX_POINT ( 'NONE', #509 ) ;
#485 = ORIENTED_EDGE ( 'NONE', *, *, #3864, .F. ) ;
#486 = CARTESIAN_POINT ( 'NONE',  ( 16.79999999999857607, 468.9999999999999432, -2.000000000000000000 ) ) ;
#487 = PRODUCT_DEFINITION_SHAPE ( 'NONE', 'NONE',  #6036 ) ;
#488 = VECTOR ( 'NONE', #6021, 1000.000000000000000 ) ;
#489 = CARTESIAN_POINT ( 'NONE',  ( 9.999999999995150546, 175.0000000000009379, -2.000000000000000000 ) ) ;
#490 = DIRECTION ( 'NONE',  ( -1.000000000000000000, 0.000000000000000000, 0.000000000000000000 ) ) ;
#491 = DIRECTION ( 'NONE',  ( 0.000000000000000000, 0.000000000000000000, -1.000000000000000000 ) ) ;
#492 = DIRECTION ( 'NONE',  ( 0.000000000000000000, 0.000000000000000000, -1.000000000000000000 ) ) ;
#493 = PRESENTATION_LAYER_ASSIGNMENT (  '', '', ( #3324 ) ) ;
#494 =( NAMED_UNIT ( * ) SI_UNIT ( $, .STERADIAN. ) SOLID_ANGLE_UNIT ( ) );
#495 = DIRECTION ( 'NONE',  ( -1.000000000000000000, -0.000000000000000000, 0.000000000000000000 ) ) ;
#496 = VERTEX_POINT ( 'NONE', #4228 ) ;
#497 = CARTESIAN_POINT ( 'NONE',  ( -7.027031451465280589E-15, 670.0000000000000000, 2.000000000000001776 ) ) ;
#498 = ORIENTED_EDGE ( 'NONE', *, *, #4040, .T. ) ;
#499 = CARTESIAN_POINT ( 'NONE',  ( 7.999999999999921840, 596.0000000000001137, -2.000000000000000000 ) ) ;
#500 = DIRECTION ( 'NONE',  ( -0.000000000000000000, -0.000000000000000000, -1.000000000000000000 ) ) ;
#501 = CARTESIAN_POINT ( 'NONE',  ( 1.566999999999999948, 0.000000000000000000, 0.000000000000000000 ) ) ;
#502 = AXIS2_PLACEMENT_3D ( 'NONE', #3109, #2988, #5437 ) ;
#503 = ORIENTED_EDGE ( 'NONE', *, *, #2278, .T. ) ;
#504 = CARTESIAN_POINT ( 'NONE',  ( -0.7699999999999999067, 3.061616997868383141E-16, -2.500000000000000000 ) ) ;
#505 = ADVANCED_FACE ( 'NONE', ( #1879 ), #2158, .T. ) ;
#506 = ORIENTED_EDGE ( 'NONE', *, *, #3974, .F. ) ;
#507 = ADVANCED_FACE ( 'NONE', ( #5606 ), #3735, .T. ) ;
#508 = CARTESIAN_POINT ( 'NONE',  ( 54.19999999999837570, 193.0000000000003126, 0.000000000000000000 ) ) ;
#509 = CARTESIAN_POINT ( 'NONE',  ( 22.49999999999798206, 431.0000000000000000, 31.00000000000000000 ) ) ;
#510 = CIRCLE ( 'NONE', #3909, 3.199999999999994404 ) ;
#511 = CARTESIAN_POINT ( 'NONE',  ( 9.999999999999921840, 596.0000000000001137, -2.000000000000000000 ) ) ;
#512 = FACE_BOUND ( 'NONE', #3460, .T. ) ;
#513 = CONTEXT_DEPENDENT_SHAPE_REPRESENTATION ( #5196, #1897 ) ;
#514 = VECTOR ( 'NONE', #4688, 1000.000000000000000 ) ;
#515 = VERTEX_POINT ( 'NONE', #3295 ) ;
#516 = EDGE_LOOP ( 'NONE', ( #5921, #5181, #477, #5521 ) ) ;
#517 = EDGE_CURVE ( 'NONE', #877, #5064, #5177, .T. ) ;
#518 = CARTESIAN_POINT ( 'NONE',  ( 7.999999999993886668, 543.0000000000012506, -2.000000000000000000 ) ) ;
#519 = VECTOR ( 'NONE', #3362, 1000.000000000000000 ) ;
#520 =( REPRESENTATION_RELATIONSHIP ('NONE','NONE', #1948, #4877 ) REPRESENTATION_RELATIONSHIP_WITH_TRANSFORMATION ( #679 )SHAPE_REPRESENTATION_RELATIONSHIP( ) );
#521 = LINE ( 'NONE', #2338, #897 ) ;
#522 = AXIS2_PLACEMENT_3D ( 'NONE', #3059, #2604, #4002 ) ;
#523 = ADVANCED_FACE ( 'NONE', ( #931 ), #5001, .T. ) ;
#524 = CARTESIAN_POINT ( 'NONE',  ( 2.000000000000000000, 720.0000000000000000, 0.000000000000000000 ) ) ;
#525 = SURFACE_STYLE_USAGE ( .BOTH. , #4701 ) ;
#526 = DIRECTION ( 'NONE',  ( -1.000000000000000000, 0.000000000000000000, 0.000000000000000000 ) ) ;
#527 = CARTESIAN_POINT ( 'NONE',  ( -2.385000000000001563, 15.75000000000005507, -705.0000000000001137 ) ) ;
#528 = DIRECTION ( 'NONE',  ( -0.000000000000000000, -0.000000000000000000, -1.000000000000000000 ) ) ;
#529 = CIRCLE ( 'NONE', #3050, 0.9999999999999997780 ) ;
#530 = VERTEX_POINT ( 'NONE', #2219 ) ;
#531 = PLANE ( 'NONE',  #1691 ) ;
#532 = AXIS2_PLACEMENT_3D ( 'NONE', #3663, #5529, #3209 ) ;
#533 = ORIENTED_EDGE ( 'NONE', *, *, #3868, .F. ) ;
#534 = ORIENTED_EDGE ( 'NONE', *, *, #1243, .T. ) ;
#535 = DIRECTION ( 'NONE',  ( 1.000000000000000000, 0.000000000000000000, 0.000000000000000000 ) ) ;
#536 = DIRECTION ( 'NONE',  ( 1.000000000000000000, 0.000000000000000000, 0.000000000000000000 ) ) ;
#537 = VECTOR ( 'NONE', #3509, 1000.000000000000000 ) ;
#538 = VERTEX_POINT ( 'NONE', #1019 ) ;
#539 = DIRECTION ( 'NONE',  ( -1.000000000000000000, 0.000000000000000000, 0.000000000000000000 ) ) ;
#540 = VERTEX_POINT ( 'NONE', #2823 ) ;
#541 = FILL_AREA_STYLE ('',( #5639 ) ) ;
#542 = DIRECTION ( 'NONE',  ( 0.000000000000000000, 0.000000000000000000, 1.000000000000000000 ) ) ;
#543 = PRESENTATION_LAYER_ASSIGNMENT (  '', '', ( #5118 ) ) ;
#544 = LINE ( 'NONE', #2763, #4047 ) ;
#545 = CARTESIAN_POINT ( 'NONE',  ( 50.00000000000000000, 85.00000000000000000, -1.040949779275235965E-16 ) ) ;
#546 = EDGE_CURVE ( 'NONE', #2236, #2030, #2345, .T. ) ;
#547 = EDGE_CURVE ( 'NONE', #5355, #3676, #510, .T. ) ;
#548 = AXIS2_PLACEMENT_3D ( 'NONE', #3105, #5915, #787 ) ;
#549 = CIRCLE ( 'NONE', #3948, 3.199999999999994404 ) ;
#550 = ORIENTED_EDGE ( 'NONE', *, *, #5956, .F. ) ;
#551 = ORIENTED_EDGE ( 'NONE', *, *, #5366, .F. ) ;
#552 = AXIS2_PLACEMENT_3D ( 'NONE', #2511, #5668, #5783 ) ;
#553 = DIRECTION ( 'NONE',  ( -1.000000000000000000, 0.000000000000000000, 0.000000000000000000 ) ) ;
#554 = EDGE_LOOP ( 'NONE', ( #5263, #1395, #4298, #2905 ) ) ;
#555 = AXIS2_PLACEMENT_3D ( 'NONE', #2779, #4, #1278 ) ;
#556 = CARTESIAN_POINT ( 'NONE',  ( 102.2500000000000000, 85.00000000000000000, -1.040949779275235965E-16 ) ) ;
#557 = EDGE_CURVE ( 'NONE', #2731, #2944, #5083, .T. ) ;
#558 = CIRCLE ( 'NONE', #936, 80.00000000000000000 ) ;
#559 = CYLINDRICAL_SURFACE ( 'NONE', #5485, 2.000000000000001776 ) ;
#560 = CIRCLE ( 'NONE', #5234, 1.000000000000000888 ) ;
#561 = AXIS2_PLACEMENT_3D ( 'NONE', #5036, #2680, #854 ) ;
#562 = CARTESIAN_POINT ( 'NONE',  ( 35.00000000000000000, 1.999999999999999112, -2.000000000000000000 ) ) ;
#563 = CYLINDRICAL_SURFACE ( 'NONE', #5708, 3.199999999999994404 ) ;
#564 = DIRECTION ( 'NONE',  ( -2.940840684141151999E-17, 0.8371691043312211589, -0.5469441386039901598 ) ) ;
#565 = LINE ( 'NONE', #3873, #2486 ) ;
#566 = VECTOR ( 'NONE', #3140, 1000.000000000000000 ) ;
#567 = EDGE_CURVE ( 'NONE', #204, #496, #3800, .T. ) ;
#568 = AXIS2_PLACEMENT_3D ( 'NONE', #2383, #2907, #4340 ) ;
#569 = EDGE_LOOP ( 'NONE', ( #5192, #2390, #4965, #1463 ) ) ;
#570 = COLOUR_RGB ( '',0.5294117647058823595, 0.5490196078431373028, 0.5490196078431373028 ) ;
#571 = CARTESIAN_POINT ( 'NONE',  ( 35.00000000000004974, 316.0000000000002274, -2.000000000000000000 ) ) ;
#572 = ORIENTED_EDGE ( 'NONE', *, *, #2636, .F. ) ;
#573 = FACE_OUTER_BOUND ( 'NONE', #2156, .T. ) ;
#574 = DIRECTION ( 'NONE',  ( 3.418425673248413841E-15, -1.000000000000000000, 0.000000000000000000 ) ) ;
#575 = PRODUCT_DEFINITION_SHAPE ( 'NONE', 'NONE',  #6030 ) ;
#576 = ORIENTED_EDGE ( 'NONE', *, *, #1512, .F. ) ;
#577 = CARTESIAN_POINT ( 'NONE',  ( 57.99999999999998579, 368.5000000000000568, -1.163414459189982921E-15 ) ) ;
#578 = ORIENTED_EDGE ( 'NONE', *, *, #1066, .T. ) ;
#579 = PLANE ( 'NONE',  #4815 ) ;
#580 = CARTESIAN_POINT ( 'NONE',  ( 0.9999999999998057110, 649.0000000000000000, 30.99999999999999289 ) ) ;
#581 = DIRECTION ( 'NONE',  ( 0.000000000000000000, 1.000000000000000000, 0.000000000000000000 ) ) ;
#582 = ORIENTED_EDGE ( 'NONE', *, *, #2508, .T. ) ;
#583 = VERTEX_POINT ( 'NONE', #1911 ) ;
#584 = EDGE_CURVE ( 'NONE', #2024, #1758, #3622, .T. ) ;
#585 = DIRECTION ( 'NONE',  ( -1.000000000000000000, 0.000000000000000000, 0.000000000000000000 ) ) ;
#586 = DIRECTION ( 'NONE',  ( 1.000000000000000000, -0.000000000000000000, -0.000000000000000000 ) ) ;
#587 = DIRECTION ( 'NONE',  ( -0.000000000000000000, -0.000000000000000000, -1.000000000000000000 ) ) ;
#588 = EDGE_CURVE ( 'NONE', #1410, #5341, #2326, .T. ) ;
#589 = EDGE_CURVE ( 'NONE', #703, #5700, #1457, .T. ) ;
#590 = CARTESIAN_POINT ( 'NONE',  ( 50.99999999999837286, 193.0000000000003126, 0.000000000000000000 ) ) ;
#591 = FACE_BOUND ( 'NONE', #5090, .T. ) ;
#592 = VECTOR ( 'NONE', #2808, 1000.000000000000000 ) ;
#593 = CARTESIAN_POINT ( 'NONE',  ( 2.000000000000000000, 0.000000000000000000, 0.000000000000000000 ) ) ;
#594 = VERTEX_POINT ( 'NONE', #986 ) ;
#595 = EDGE_CURVE ( 'NONE', #3997, #3517, #5211, .T. ) ;
#596 = PLANE ( 'NONE',  #3559 ) ;
#597 = DIRECTION ( 'NONE',  ( -1.000000000000000000, 0.000000000000000000, 0.000000000000000000 ) ) ;
#598 = ORIENTED_EDGE ( 'NONE', *, *, #2353, .F. ) ;
#599 = FACE_OUTER_BOUND ( 'NONE', #1577, .T. ) ;
#600 = ORIENTED_EDGE ( 'NONE', *, *, #1788, .F. ) ;
#601 = CARTESIAN_POINT ( 'NONE',  ( 117.0000000000000000, 1.000000000000000000, 2.000000000000000000 ) ) ;
#602 = PLANE ( 'NONE',  #4700 ) ;
#603 = DIRECTION ( 'NONE',  ( 1.084202172485505420E-16, -1.000000000000000000, 0.000000000000000000 ) ) ;
#604 = VERTEX_POINT ( 'NONE', #2392 ) ;
#605 = AXIS2_PLACEMENT_3D ( 'NONE', #1650, #677, #733 ) ;
#606 = ORIENTED_EDGE ( 'NONE', *, *, #5131, .T. ) ;
#607 = CARTESIAN_POINT ( 'NONE',  ( 2.000000000000000000, 3.061616997868382155E-16, 2.499999999999999112 ) ) ;
#608 = AXIS2_PLACEMENT_3D ( 'NONE', #2149, #4075, #317 ) ;
#609 = FILL_AREA_STYLE_COLOUR ( '', #2655 ) ;
#610 = DIRECTION ( 'NONE',  ( -0.000000000000000000, -0.000000000000000000, -1.000000000000000000 ) ) ;
#611 = CIRCLE ( 'NONE', #4117, 3.199999999999994404 ) ;
#612 = DIRECTION ( 'NONE',  ( -1.000000000000000000, 0.000000000000000000, 0.000000000000000000 ) ) ;
#613 = DIRECTION ( 'NONE',  ( -1.000000000000000000, 0.000000000000000000, 0.000000000000000000 ) ) ;
#614 = DIRECTION ( 'NONE',  ( 0.000000000000000000, 0.000000000000000000, 1.000000000000000000 ) ) ;
#615 = AXIS2_PLACEMENT_3D ( 'NONE', #5723, #3410, #5266 ) ;
#616 = EDGE_CURVE ( 'NONE', #2543, #5514, #3006, .T. ) ;
#617 = ADVANCED_FACE ( 'NONE', ( #664 ), #2572, .T. ) ;
#618 = DIRECTION ( 'NONE',  ( -1.000000000000000000, 0.000000000000000000, 0.000000000000000000 ) ) ;
#619 = EDGE_LOOP ( 'NONE', ( #4148, #1009, #3910, #5613 ) ) ;
#620 = ORIENTED_EDGE ( 'NONE', *, *, #4903, .F. ) ;
#621 = DIRECTION ( 'NONE',  ( 0.000000000000000000, 0.000000000000000000, 1.000000000000000000 ) ) ;
#622 = AXIS2_PLACEMENT_3D ( 'NONE', #1475, #2904, #4255 ) ;
#623 = LINE ( 'NONE', #1046, #1223 ) ;
#624 = EDGE_CURVE ( 'NONE', #5302, #343, #895, .T. ) ;
#625 = AXIS2_PLACEMENT_3D ( 'NONE', #2371, #1468, #2 ) ;
#626 = VERTEX_POINT ( 'NONE', #2537 ) ;
#627 = CARTESIAN_POINT ( 'NONE',  ( 107.4499999999999886, 665.0000000000000000, 3.827021247335479296E-16 ) ) ;
#628 = ORIENTED_EDGE ( 'NONE', *, *, #588, .F. ) ;
#629 = FACE_OUTER_BOUND ( 'NONE', #4224, .T. ) ;
#630 = CARTESIAN_POINT ( 'NONE',  ( 33.00000000000000000, 520.0000000000010232, -2.000000000000000000 ) ) ;
#631 = CARTESIAN_POINT ( 'NONE',  ( 85.99999999999980105, 694.0000000000001137, 0.000000000000000000 ) ) ;
#632 = EDGE_CURVE ( 'NONE', #3261, #4217, #3884, .T. ) ;
#633 = ORIENTED_EDGE ( 'NONE', *, *, #846, .F. ) ;
#634 = VECTOR ( 'NONE', #1137, 1000.000000000000000 ) ;
#635 = ORIENTED_EDGE ( 'NONE', *, *, #4505, .F. ) ;
#636 = ORIENTED_EDGE ( 'NONE', *, *, #4723, .T. ) ;
#637 = CARTESIAN_POINT ( 'NONE',  ( 101.0499999999999972, 635.0000000000000000, 2.000000000000000000 ) ) ;
#638 = PRESENTATION_STYLE_ASSIGNMENT (( #5368 ) ) ;
#639 = AXIS2_PLACEMENT_3D ( 'NONE', #2516, #3985, #2067 ) ;
#640 = AXIS2_PLACEMENT_3D ( 'NONE', #160, #1096, #2025 ) ;
#641 = DIRECTION ( 'NONE',  ( -1.000000000000000000, 0.000000000000000000, 0.000000000000000000 ) ) ;
#642 = VECTOR ( 'NONE', #4520, 1000.000000000000000 ) ;
#643 = CARTESIAN_POINT ( 'NONE',  ( 2.000000000000000000, 4.606867086415163399E-16, 3.761792452830190037 ) ) ;
#644 = AXIS2_PLACEMENT_3D ( 'NONE', #2652, #431, #6022 ) ;
#645 = CARTESIAN_POINT ( 'NONE',  ( 40.99999999999990763, 15.26794919243111970, -1.734723475976807094E-15 ) ) ;
#646 = DIRECTION ( 'NONE',  ( -0.000000000000000000, -0.000000000000000000, 1.000000000000000000 ) ) ;
#647 = DIRECTION ( 'NONE',  ( -2.940840684141151999E-17, 0.8371691043312211589, -0.5469441386039901598 ) ) ;
#648 = CYLINDRICAL_SURFACE ( 'NONE', #256, 2.000000000000001776 ) ;
#649 = AXIS2_PLACEMENT_3D ( 'NONE', #4704, #614, #1091 ) ;
#650 = AXIS2_PLACEMENT_3D ( 'NONE', #11, #2294, #5505 ) ;
#651 = DIRECTION ( 'NONE',  ( 0.000000000000000000, 0.000000000000000000, 1.000000000000000000 ) ) ;
#652 = ORIENTED_EDGE ( 'NONE', *, *, #5148, .F. ) ;
#653 = EDGE_LOOP ( 'NONE', ( #903, #4891 ) ) ;
#654 = FACE_OUTER_BOUND ( 'NONE', #4003, .T. ) ;
#655 = AXIS2_PLACEMENT_3D ( 'NONE', #144, #2456, #3067 ) ;
#656 = DIRECTION ( 'NONE',  ( 0.000000000000000000, 0.000000000000000000, 1.000000000000000000 ) ) ;
#657 = FACE_OUTER_BOUND ( 'NONE', #4370, .T. ) ;
#658 = EDGE_CURVE ( 'NONE', #3991, #3184, #212, .T. ) ;
#659 = ORIENTED_EDGE ( 'NONE', *, *, #5881, .T. ) ;
#660 = FACE_BOUND ( 'NONE', #3220, .T. ) ;
#661 = ORIENTED_EDGE ( 'NONE', *, *, #5550, .T. ) ;
#662 = DIRECTION ( 'NONE',  ( -0.000000000000000000, 1.000000000000000000, 0.000000000000000000 ) ) ;
#663 = DIRECTION ( 'NONE',  ( 0.000000000000000000, -1.000000000000000000, 0.000000000000000000 ) ) ;
#664 = FACE_OUTER_BOUND ( 'NONE', #688, .T. ) ;
#665 = CYLINDRICAL_SURFACE ( 'NONE', #356, 1.000000000000000888 ) ;
#666 = ORIENTED_EDGE ( 'NONE', *, *, #5950, .F. ) ;
#667 = ADVANCED_FACE ( 'NONE', ( #3947 ), #1575, .F. ) ;
#668 = UNCERTAINTY_MEASURE_WITH_UNIT (LENGTH_MEASURE( 1.000000000000000082E-05 ), #3200, 'distance_accuracy_value', 'NONE');
#669 = VERTEX_POINT ( 'NONE', #5816 ) ;
#670 = VERTEX_POINT ( 'NONE', #3439 ) ;
#671 = EDGE_CURVE ( 'NONE', #4571, #2657, #2510, .T. ) ;
#672 = CARTESIAN_POINT ( 'NONE',  ( 100.9999999999999858, 605.0000000000001137, -1.040949779275235965E-16 ) ) ;
#673 = ORIENTED_EDGE ( 'NONE', *, *, #2547, .T. ) ;
#674 = CYLINDRICAL_SURFACE ( 'NONE', #1494, 2.000000000000000000 ) ;
#675 = ORIENTED_EDGE ( 'NONE', *, *, #4866, .F. ) ;
#676 =( NAMED_UNIT ( * ) SI_UNIT ( $, .STERADIAN. ) SOLID_ANGLE_UNIT ( ) );
#677 = DIRECTION ( 'NONE',  ( -0.000000000000000000, -0.000000000000000000, -1.000000000000000000 ) ) ;
#678 = CARTESIAN_POINT ( 'NONE',  ( 20.00000000000000355, 46.99999999999992895, -2.000000000000000000 ) ) ;
#679 = ITEM_DEFINED_TRANSFORMATION ( 'NONE', 'NONE', #2019,  #5721 ) ;
#680 = DIRECTION ( 'NONE',  ( 0.000000000000000000, 0.000000000000000000, -1.000000000000000000 ) ) ;
#681 = DIRECTION ( 'NONE',  ( 1.000000000000000000, 0.000000000000000000, 0.000000000000000000 ) ) ;
#682 = ORIENTED_EDGE ( 'NONE', *, *, #4713, .F. ) ;
#683 = ORIENTED_EDGE ( 'NONE', *, *, #5054, .F. ) ;
#684 = DIRECTION ( 'NONE',  ( -1.000000000000000000, 0.000000000000000000, 0.000000000000000000 ) ) ;
#685 =( LENGTH_UNIT ( ) NAMED_UNIT ( * ) SI_UNIT ( .MILLI., .METRE. ) );
#686 = LINE ( 'NONE', #2117, #3173 ) ;
#687 = CIRCLE ( 'NONE', #2916, 3.761792452830190037 ) ;
#688 = EDGE_LOOP ( 'NONE', ( #889, #3725, #2476, #5394 ) ) ;
#689 = CYLINDRICAL_SURFACE ( 'NONE', #3824, 3.189999999999999947 ) ;
#690 = VERTEX_POINT ( 'NONE', #4442 ) ;
#691 = LINE ( 'NONE', #4406, #2277 ) ;
#692 = DIRECTION ( 'NONE',  ( 1.000000000000000000, 0.000000000000000000, 0.000000000000000000 ) ) ;
#693 = CARTESIAN_POINT ( 'NONE',  ( 1.566999999999999948, 2.796480965852980465E-16, 2.066999999999999726 ) ) ;
#694 = ADVANCED_FACE ( 'NONE', ( #1641 ), #3498, .F. ) ;
#695 = ADVANCED_FACE ( 'NONE', ( #5357 ), #4870, .T. ) ;
#696 = ORIENTED_EDGE ( 'NONE', *, *, #167, .F. ) ;
#697 = ORIENTED_EDGE ( 'NONE', *, *, #1480, .F. ) ;
#698 = ORIENTED_EDGE ( 'NONE', *, *, #444, .F. ) ;
#699 = FACE_OUTER_BOUND ( 'NONE', #2257, .T. ) ;
#700 = AXIS2_PLACEMENT_3D ( 'NONE', #4971, #2643, #210 ) ;
#701 = EDGE_CURVE ( 'NONE', #3851, #1943, #3814, .T. ) ;
#702 = DIRECTION ( 'NONE',  ( 0.000000000000000000, 0.000000000000000000, -1.000000000000000000 ) ) ;
#703 = VERTEX_POINT ( 'NONE', #1165 ) ;
#704 = CYLINDRICAL_SURFACE ( 'NONE', #1012, 3.499999999999999556 ) ;
#705 = DIRECTION ( 'NONE',  ( 0.000000000000000000, 0.000000000000000000, 1.000000000000000000 ) ) ;
#706 = DIRECTION ( 'NONE',  ( -1.000000000000000000, -4.111937128241308804E-15, -0.000000000000000000 ) ) ;
#707 = FACE_BOUND ( 'NONE', #2022, .T. ) ;
#708 = EDGE_CURVE ( 'NONE', #1789, #3261, #4402, .T. ) ;
#709 = AXIS2_PLACEMENT_3D ( 'NONE', #5528, #1342, #5068 ) ;
#710 = DIRECTION ( 'NONE',  ( 0.000000000000000000, 0.000000000000000000, 1.000000000000000000 ) ) ;
#711 = ORIENTED_EDGE ( 'NONE', *, *, #3902, .T. ) ;
#712 = CARTESIAN_POINT ( 'NONE',  ( 33.00000000000000000, 543.0000000000012506, -2.000000000000000000 ) ) ;
#713 = CARTESIAN_POINT ( 'NONE',  ( 22.50000000000000355, 625.0000000000000000, 31.00000000000000000 ) ) ;
#714 = AXIS2_PLACEMENT_3D ( 'NONE', #3911, #1225, #5328 ) ;
#715 = VERTEX_POINT ( 'NONE', #4378 ) ;
#716 = CARTESIAN_POINT ( 'NONE',  ( 0.000000000000000000, 0.000000000000000000, 2.000000000000000000 ) ) ;
#717 = VECTOR ( 'NONE', #3791, 1000.000000000000000 ) ;
#718 = VERTEX_POINT ( 'NONE', #137 ) ;
#719 = CARTESIAN_POINT ( 'NONE',  ( 33.00000000000000000, 545.0000000000012506, -2.000000000000000000 ) ) ;
#720 = DIRECTION ( 'NONE',  ( 0.000000000000000000, 0.000000000000000000, -1.000000000000000000 ) ) ;
#721 = ORIENTED_EDGE ( 'NONE', *, *, #4490, .T. ) ;
#722 = ORIENTED_EDGE ( 'NONE', *, *, #4911, .F. ) ;
#723 = AXIS2_PLACEMENT_3D ( 'NONE', #2212, #610, #5308 ) ;
#724 = LINE ( 'NONE', #3066, #1368 ) ;
#725 = CARTESIAN_POINT ( 'NONE',  ( 9.999999999993889332, 543.0000000000012506, -2.000000000000000000 ) ) ;
#726 = PRODUCT_RELATED_PRODUCT_CATEGORY ( 'part', '', ( #3266 ) ) ;
#727 = SURFACE_STYLE_USAGE ( .BOTH. , #3505 ) ;
#728 = ADVANCED_FACE ( 'NONE', ( #3030 ), #5727, .T. ) ;
#729 = AXIS2_PLACEMENT_3D ( 'NONE', #3125, #1604, #262 ) ;
#730 = EDGE_LOOP ( 'NONE', ( #698, #5459 ) ) ;
#731 = VERTEX_POINT ( 'NONE', #3827 ) ;
#732 = CARTESIAN_POINT ( 'NONE',  ( 99.75000000000000000, 605.0000000000001137, 2.000000000000000000 ) ) ;
#733 = DIRECTION ( 'NONE',  ( 1.000000000000000000, 0.000000000000000000, 0.000000000000000000 ) ) ;
#734 = FACE_OUTER_BOUND ( 'NONE', #742, .T. ) ;
#735 = AXIS2_PLACEMENT_3D ( 'NONE', #2169, #1251, #684 ) ;
#736 = LINE ( 'NONE', #4973, #357 ) ;
#737 = EDGE_CURVE ( 'NONE', #2094, #4452, #5695, .T. ) ;
#738 = VECTOR ( 'NONE', #2199, 1000.000000000000000 ) ;
#739 = AXIS2_PLACEMENT_3D ( 'NONE', #5718, #1010, #621 ) ;
#740 = CYLINDRICAL_SURFACE ( 'NONE', #5400, 2.000000000000000000 ) ;
#741 = DIRECTION ( 'NONE',  ( -1.000000000000000000, 0.000000000000000000, 0.000000000000000000 ) ) ;
#742 = EDGE_LOOP ( 'NONE', ( #3132, #4064, #682, #3276 ) ) ;
#743 = CARTESIAN_POINT ( 'NONE',  ( 23.20000000000000995, 46.99999999999992895, 0.000000000000000000 ) ) ;
#744 = DIRECTION ( 'NONE',  ( -0.000000000000000000, -0.000000000000000000, -1.000000000000000000 ) ) ;
#745 = EDGE_CURVE ( 'NONE', #2050, #3792, #5246, .T. ) ;
#746 = AXIS2_PLACEMENT_3D ( 'NONE', #1064, #4790, #154 ) ;
#747 = AXIS2_PLACEMENT_3D ( 'NONE', #344, #4609, #4579 ) ;
#748 = CIRCLE ( 'NONE', #4938, 3.199999999999994404 ) ;
#749 = VERTEX_POINT ( 'NONE', #2912 ) ;
#750 = CARTESIAN_POINT ( 'NONE',  ( 2.000000000000000000, 720.0000000000000000, -2.000000000000000000 ) ) ;
#751 = AXIS2_PLACEMENT_3D ( 'NONE', #424, #909, #2275 ) ;
#752 = EDGE_LOOP ( 'NONE', ( #5830, #3011, #1189, #5434 ) ) ;
#753 = LINE ( 'NONE', #5356, #3464 ) ;
#754 = DIRECTION ( 'NONE',  ( 0.000000000000000000, 0.000000000000000000, -1.000000000000000000 ) ) ;
#755 = FACE_BOUND ( 'NONE', #5818, .T. ) ;
#756 = PRESENTATION_LAYER_ASSIGNMENT (  '', '', ( #3965 ) ) ;
#757 = VERTEX_POINT ( 'NONE', #4777 ) ;
#758 = PRODUCT_DEFINITION_FORMATION_WITH_SPECIFIED_SOURCE ( 'ANY', '', #3266, .NOT_KNOWN. ) ;
#759 = ORIENTED_EDGE ( 'NONE', *, *, #3227, .T. ) ;
#760 = CARTESIAN_POINT ( 'NONE',  ( 93.14999999999845670, 159.9999999999999716, 2.000000000000000000 ) ) ;
#761 = ORIENTED_EDGE ( 'NONE', *, *, #4731, .T. ) ;
#762 = EDGE_LOOP ( 'NONE', ( #3778, #4743, #2101, #4773 ) ) ;
#763 = EDGE_LOOP ( 'NONE', ( #4799, #2159, #1027, #582 ) ) ;
#764 = CARTESIAN_POINT ( 'NONE',  ( 35.00000000000126477, 175.0000000000009379, -2.000000000000000000 ) ) ;
#765 = LINE ( 'NONE', #1679, #5719 ) ;
#766 = DIRECTION ( 'NONE',  ( -1.000000000000000000, 0.000000000000000000, 0.000000000000000000 ) ) ;
#767 = LINE ( 'NONE', #4604, #808 ) ;
#768 = ADVANCED_FACE ( 'NONE', ( #4351 ), #602, .T. ) ;
#769 = EDGE_CURVE ( 'NONE', #3411, #1240, #2064, .T. ) ;
#770 = FACE_OUTER_BOUND ( 'NONE', #762, .T. ) ;
#771 = ORIENTED_EDGE ( 'NONE', *, *, #5225, .T. ) ;
#772 = DIRECTION ( 'NONE',  ( 0.000000000000000000, -0.000000000000000000, 1.000000000000000000 ) ) ;
#773 = CARTESIAN_POINT ( 'NONE',  ( 0.000000000000000000, 18.00000000000000000, 31.00000000000000711 ) ) ;
#774 = AXIS2_PLACEMENT_3D ( 'NONE', #5119, #3199, #2853 ) ;
#775 = EDGE_CURVE ( 'NONE', #1789, #1938, #3126, .T. ) ;
#776 = ORIENTED_EDGE ( 'NONE', *, *, #616, .T. ) ;
#777 = CARTESIAN_POINT ( 'NONE',  ( 19.99999999999783284, 679.9999999999998863, -2.000000000000000000 ) ) ;
#778 = EDGE_LOOP ( 'NONE', ( #1357, #4325 ) ) ;
#779 = DIRECTION ( 'NONE',  ( 1.000000000000000000, 0.000000000000000000, 0.000000000000000000 ) ) ;
#780 = DIRECTION ( 'NONE',  ( -0.000000000000000000, 0.000000000000000000, 1.000000000000000000 ) ) ;
#781 = VERTEX_POINT ( 'NONE', #5451 ) ;
#782 = STYLED_ITEM ( 'NONE', ( #5680 ), #206 ) ;
#783 = EDGE_CURVE ( 'NONE', #1078, #1460, #1774, .T. ) ;
#784 = ORIENTED_EDGE ( 'NONE', *, *, #5018, .F. ) ;
#785 = EDGE_LOOP ( 'NONE', ( #4540, #2752, #2634, #5047 ) ) ;
#786 = CARTESIAN_POINT ( 'NONE',  ( 35.00000000000000000, 670.0000000000000000, -2.000000000000000000 ) ) ;
#787 = DIRECTION ( 'NONE',  ( 0.000000000000000000, 0.000000000000000000, -1.000000000000000000 ) ) ;
#788 = VERTEX_POINT ( 'NONE', #2700 ) ;
#789 = ORIENTED_EDGE ( 'NONE', *, *, #3353, .F. ) ;
#790 = DIRECTION ( 'NONE',  ( 0.000000000000000000, 1.000000000000000000, 0.000000000000000000 ) ) ;
#791 = DIRECTION ( 'NONE',  ( 0.000000000000000000, 1.000000000000000000, 0.000000000000000000 ) ) ;
#792 = DIRECTION ( 'NONE',  ( 0.000000000000000000, 0.000000000000000000, -1.000000000000000000 ) ) ;
#793 = LINE ( 'NONE', #2684, #4408 ) ;
#794 = LINE ( 'NONE', #5443, #2368 ) ;
#795 = CIRCLE ( 'NONE', #2836, 1.000000000000000888 ) ;
#796 = DIRECTION ( 'NONE',  ( -0.000000000000000000, -0.000000000000000000, -1.000000000000000000 ) ) ;
#797 = ORIENTED_EDGE ( 'NONE', *, *, #4645, .F. ) ;
#798 = PLANE ( 'NONE',  #4446 ) ;
#799 = DIRECTION ( 'NONE',  ( -1.000000000000000000, 0.000000000000000000, 0.000000000000000000 ) ) ;
#800 = EDGE_CURVE ( 'NONE', #2688, #5124, #414, .T. ) ;
#801 = ADVANCED_FACE ( 'NONE', ( #5051 ), #3592, .T. ) ;
#802 = AXIS2_PLACEMENT_3D ( 'NONE', #840, #1229, #4103 ) ;
#803 = EDGE_LOOP ( 'NONE', ( #1491, #5673, #1349, #5731 ) ) ;
#804 = SURFACE_STYLE_USAGE ( .BOTH. , #1255 ) ;
#805 = ORIENTED_EDGE ( 'NONE', *, *, #2406, .T. ) ;
#806 = CARTESIAN_POINT ( 'NONE',  ( 41.49999999999990763, 16.13397459621555896, 0.000000000000000000 ) ) ;
#807 = CARTESIAN_POINT ( 'NONE',  ( 104.2500000000000000, 65.00000000000002842, 2.000000000000000000 ) ) ;
#808 = VECTOR ( 'NONE', #4514, 1000.000000000000000 ) ;
#809 = DIRECTION ( 'NONE',  ( -0.000000000000000000, -0.000000000000000000, 1.000000000000000000 ) ) ;
#810 = EDGE_CURVE ( 'NONE', #5413, #3997, #4559, .T. ) ;
#811 = CIRCLE ( 'NONE', #996, 1.249999999999987121 ) ;
#812 = EDGE_LOOP ( 'NONE', ( #2469, #5300, #5748, #2417 ) ) ;
#813 = ORIENTED_EDGE ( 'NONE', *, *, #2296, .F. ) ;
#814 = CARTESIAN_POINT ( 'NONE',  ( 40.99999999999990763, 670.0000000000000000, 31.00000000000000711 ) ) ;
#815 = CONTEXT_DEPENDENT_SHAPE_REPRESENTATION ( #4885, #5655 ) ;
#816 = CIRCLE ( 'NONE', #1297, 3.499999999999999556 ) ;
#817 = EDGE_CURVE ( 'NONE', #5364, #626, #2163, .T. ) ;
#818 = VERTEX_POINT ( 'NONE', #2233 ) ;
#819 = CIRCLE ( 'NONE', #4231, 3.499999999999999556 ) ;
#820 = ORIENTED_EDGE ( 'NONE', *, *, #4851, .T. ) ;
#821 = DIRECTION ( 'NONE',  ( -1.000000000000000000, 0.000000000000000000, 0.000000000000000000 ) ) ;
#822 = PLANE ( 'NONE',  #1035 ) ;
#823 = DIRECTION ( 'NONE',  ( -3.589083053745117718E-15, 0.000000000000000000, 1.000000000000000000 ) ) ;
#824 = CARTESIAN_POINT ( 'NONE',  ( 19.00000000000000355, 625.0000000000000000, 28.99999999999999645 ) ) ;
#825 =( REPRESENTATION_RELATIONSHIP ('NONE','NONE', #1948, #4877 ) REPRESENTATION_RELATIONSHIP_WITH_TRANSFORMATION ( #5798 )SHAPE_REPRESENTATION_RELATIONSHIP( ) );
#826 = FACE_OUTER_BOUND ( 'NONE', #2570, .T. ) ;
#827 = AXIS2_PLACEMENT_3D ( 'NONE', #5050, #2815, #4102 ) ;
#828 = ORIENTED_EDGE ( 'NONE', *, *, #5689, .F. ) ;
#829 = DIRECTION ( 'NONE',  ( -0.000000000000000000, 0.000000000000000000, 1.000000000000000000 ) ) ;
#830 =( NAMED_UNIT ( * ) SI_UNIT ( $, .STERADIAN. ) SOLID_ANGLE_UNIT ( ) );
#831 = LINE ( 'NONE', #3724, #3955 ) ;
#832 = VECTOR ( 'NONE', #1580, 1000.000000000000000 ) ;
#833 = AXIS2_PLACEMENT_3D ( 'NONE', #5200, #39, #1507 ) ;
#834 = ORIENTED_EDGE ( 'NONE', *, *, #2188, .T. ) ;
#835 = DIRECTION ( 'NONE',  ( -0.000000000000000000, -0.000000000000000000, -1.000000000000000000 ) ) ;
#836 = ORIENTED_EDGE ( 'NONE', *, *, #1660, .F. ) ;
#837 = EDGE_CURVE ( 'NONE', #4497, #3202, #1487, .T. ) ;
#838 = DIRECTION ( 'NONE',  ( -0.000000000000000000, -0.000000000000000000, -1.000000000000000000 ) ) ;
#839 = COLOUR_RGB ( '',0.5294117647058823595, 0.5490196078431373028, 0.5490196078431373028 ) ;
#840 = CARTESIAN_POINT ( 'NONE',  ( 0.000000000000000000, 0.000000000000000000, 2.000000000000000000 ) ) ;
#841 = VECTOR ( 'NONE', #5531, 1000.000000000000000 ) ;
#842 = DIRECTION ( 'NONE',  ( 0.7071067811865480168, 8.659560562354926695E-17, 0.7071067811865470176 ) ) ;
#843 = ORIENTED_EDGE ( 'NONE', *, *, #5656, .F. ) ;
#844 = ADVANCED_FACE ( 'NONE', ( #4987 ), #2662, .T. ) ;
#845 = ORIENTED_EDGE ( 'NONE', *, *, #5325, .F. ) ;
#846 = EDGE_CURVE ( 'NONE', #5548, #1677, #1754, .T. ) ;
#847 = FACE_OUTER_BOUND ( 'NONE', #3088, .T. ) ;
#848 = DIRECTION ( 'NONE',  ( 1.000000000000000000, 0.000000000000000000, 0.000000000000000000 ) ) ;
#849 = FACE_OUTER_BOUND ( 'NONE', #4627, .T. ) ;
#850 = AXIS2_PLACEMENT_3D ( 'NONE', #1295, #1736, #4967 ) ;
#851 = COLOUR_RGB ( '',0.5294117647058823595, 0.5490196078431373028, 0.5490196078431373028 ) ;
#852 = ORIENTED_EDGE ( 'NONE', *, *, #5577, .F. ) ;
#853 = ORIENTED_EDGE ( 'NONE', *, *, #3149, .T. ) ;
#854 = DIRECTION ( 'NONE',  ( -1.000000000000000000, 0.000000000000000000, 0.000000000000000000 ) ) ;
#855 = AXIS2_PLACEMENT_3D ( 'NONE', #1443, #647, #1928 ) ;
#856 = CARTESIAN_POINT ( 'NONE',  ( 40.99999999999990763, 1.000000000000000000, 1.999999999999998224 ) ) ;
#857 = COLOUR_RGB ( '',0.5294117647058823595, 0.5490196078431373028, 0.5490196078431373028 ) ;
#858 = CARTESIAN_POINT ( 'NONE',  ( -2.449293598294706414E-16, 2.000000000000000000, 0.000000000000000000 ) ) ;
#859 = DIRECTION ( 'NONE',  ( -0.000000000000000000, -0.000000000000000000, -1.000000000000000000 ) ) ;
#860 = DIRECTION ( 'NONE',  ( -1.000000000000000000, 0.000000000000000000, 0.000000000000000000 ) ) ;
#861 = CARTESIAN_POINT ( 'NONE',  ( 90.99999999999835154, 95.00000000000031264, 3.827021247335479296E-16 ) ) ;
#862 = DIRECTION ( 'NONE',  ( -0.000000000000000000, -0.000000000000000000, -1.000000000000000000 ) ) ;
#863 = VERTEX_POINT ( 'NONE', #3556 ) ;
#864 =( LENGTH_UNIT ( ) NAMED_UNIT ( * ) SI_UNIT ( .MILLI., .METRE. ) );
#865 = EDGE_LOOP ( 'NONE', ( #2346, #3094, #4147, #1602 ) ) ;
#866 = CARTESIAN_POINT ( 'NONE',  ( 54.79999999999999716, 368.5000000000000568, 2.000000000000000000 ) ) ;
#867 = DIRECTION ( 'NONE',  ( 0.000000000000000000, 0.000000000000000000, -1.000000000000000000 ) ) ;
#868 = DIRECTION ( 'NONE',  ( -1.000000000000000000, 0.000000000000000000, 0.000000000000000000 ) ) ;
#869 = ORIENTED_EDGE ( 'NONE', *, *, #5172, .T. ) ;
#870 = ORIENTED_EDGE ( 'NONE', *, *, #4723, .F. ) ;
#871 = DIRECTION ( 'NONE',  ( -1.000000000000000000, 0.000000000000000000, 0.000000000000000000 ) ) ;
#872 = DIRECTION ( 'NONE',  ( -1.000000000000000000, 0.000000000000000000, 0.000000000000000000 ) ) ;
#873 = PLANE ( 'NONE',  #4931 ) ;
#874 = EDGE_CURVE ( 'NONE', #3325, #1670, #5016, .T. ) ;
#875 = ADVANCED_FACE ( 'NONE', ( #383 ), #5906, .T. ) ;
#876 = AXIS2_PLACEMENT_3D ( 'NONE', #4093, #3273, #491 ) ;
#877 = VERTEX_POINT ( 'NONE', #3979 ) ;
#878 = ORIENTED_EDGE ( 'NONE', *, *, #2285, .F. ) ;
#879 = DIRECTION ( 'NONE',  ( -0.000000000000000000, -1.000000000000000000, -0.000000000000000000 ) ) ;
#880 = CYLINDRICAL_SURFACE ( 'NONE', #3852, 3.761792452830190037 ) ;
#881 = ADVANCED_FACE ( 'NONE', ( #3643 ), #1729, .T. ) ;
#882 = CARTESIAN_POINT ( 'NONE',  ( 50.99999999999837286, 95.00000000000031264, 2.000000000000000000 ) ) ;
#883 = PLANE ( 'NONE',  #3934 ) ;
#884 = DIRECTION ( 'NONE',  ( 0.000000000000000000, -0.000000000000000000, 1.000000000000000000 ) ) ;
#885 = FACE_OUTER_BOUND ( 'NONE', #5824, .T. ) ;
#886 = FACE_OUTER_BOUND ( 'NONE', #5722, .T. ) ;
#887 = EDGE_CURVE ( 'NONE', #669, #2181, #5847, .T. ) ;
#888 = CIRCLE ( 'NONE', #3904, 2.000000000000000000 ) ;
#889 = ORIENTED_EDGE ( 'NONE', *, *, #335, .F. ) ;
#890 =( NAMED_UNIT ( * ) PLANE_ANGLE_UNIT ( ) SI_UNIT ( $, .RADIAN. ) );
#891 = ORIENTED_EDGE ( 'NONE', *, *, #3012, .F. ) ;
#892 = CARTESIAN_POINT ( 'NONE',  ( 40.99999999999990763, 17.99999999999999645, 4.000000000000000000 ) ) ;
#893 = DIRECTION ( 'NONE',  ( 1.000000000000000000, 0.000000000000000000, 0.000000000000000000 ) ) ;
#894 = DIRECTION ( 'NONE',  ( 0.000000000000000000, 1.000000000000000000, 0.000000000000000000 ) ) ;
#895 = CIRCLE ( 'NONE', #1874, 1.250000000000001110 ) ;
#896 = VERTEX_POINT ( 'NONE', #1195 ) ;
#897 = VECTOR ( 'NONE', #4668, 1000.000000000000000 ) ;
#898 = ORIENTED_EDGE ( 'NONE', *, *, #3403, .F. ) ;
#899 = DIRECTION ( 'NONE',  ( -0.000000000000000000, -0.000000000000000000, -1.000000000000000000 ) ) ;
#900 = CARTESIAN_POINT ( 'NONE',  ( 94.19999999999836859, 193.0000000000003126, 3.827021247335479296E-16 ) ) ;
#901 = DIRECTION ( 'NONE',  ( 0.000000000000000000, 0.000000000000000000, -1.000000000000000000 ) ) ;
#902 = APPLICATION_CONTEXT ( 'automotive_design' ) ;
#903 = ORIENTED_EDGE ( 'NONE', *, *, #367, .F. ) ;
#904 = ORIENTED_EDGE ( 'NONE', *, *, #671, .F. ) ;
#905 = ORIENTED_EDGE ( 'NONE', *, *, #3945, .T. ) ;
#906 = ORIENTED_EDGE ( 'NONE', *, *, #4927, .T. ) ;
#907 = AXIS2_PLACEMENT_3D ( 'NONE', #3487, #1183, #3545 ) ;
#908 = EDGE_CURVE ( 'NONE', #3280, #2513, #4791, .T. ) ;
#909 = DIRECTION ( 'NONE',  ( 0.000000000000000000, 0.000000000000000000, 1.000000000000000000 ) ) ;
#910 = DIRECTION ( 'NONE',  ( -0.000000000000000000, 0.000000000000000000, 1.000000000000000000 ) ) ;
#911 = VECTOR ( 'NONE', #710, 1000.000000000000000 ) ;
#912 = CARTESIAN_POINT ( 'NONE',  ( 41.49999999999990763, 651.8660254037844197, 2.000000000000001776 ) ) ;
#913 = FACE_OUTER_BOUND ( 'NONE', #5425, .T. ) ;
#914 = LINE ( 'NONE', #4214, #5457 ) ;
#915 = ADVANCED_FACE ( 'NONE', ( #2607 ), #5418, .T. ) ;
#916 = CARTESIAN_POINT ( 'NONE',  ( 8.000000000000214939, 55.00000000000010658, 0.000000000000000000 ) ) ;
#917 = FILL_AREA_STYLE_COLOUR ( '', #5629 ) ;
#918 = DIRECTION ( 'NONE',  ( -9.376883653928686131E-17, 0.000000000000000000, 1.000000000000000000 ) ) ;
#919 = ORIENTED_EDGE ( 'NONE', *, *, #182, .F. ) ;
#920 = DIRECTION ( 'NONE',  ( -1.000000000000000000, 0.000000000000000000, 0.000000000000000000 ) ) ;
#921 = EDGE_LOOP ( 'NONE', ( #5250, #5012 ) ) ;
#922 = ADVANCED_FACE ( 'NONE', ( #5600 ), #1414, .F. ) ;
#923 = DIRECTION ( 'NONE',  ( -8.462065736472249571E-17, -1.000000000000000000, 0.000000000000000000 ) ) ;
#924 = CARTESIAN_POINT ( 'NONE',  ( 1.666666666666670071, 0.000000000000000000, 4.320000000000000284 ) ) ;
#925 = LINE ( 'NONE', #1819, #1822 ) ;
#926 = EDGE_LOOP ( 'NONE', ( #5479, #3686, #4867, #3892 ) ) ;
#927 = AXIS2_PLACEMENT_3D ( 'NONE', #2053, #5609, #1425 ) ;
#928 = AXIS2_PLACEMENT_3D ( 'NONE', #4765, #3333, #613 ) ;
#929 = ORIENTED_EDGE ( 'NONE', *, *, #5352, .F. ) ;
#930 = FACE_OUTER_BOUND ( 'NONE', #1336, .T. ) ;
#931 = FACE_OUTER_BOUND ( 'NONE', #1689, .T. ) ;
#932 = DIRECTION ( 'NONE',  ( -0.000000000000000000, -0.000000000000000000, 1.000000000000000000 ) ) ;
#933 = FACE_BOUND ( 'NONE', #2317, .T. ) ;
#934 = AXIS2_PLACEMENT_3D ( 'NONE', #4159, #3180, #5045 ) ;
#935 = ORIENTED_EDGE ( 'NONE', *, *, #2888, .T. ) ;
#936 = AXIS2_PLACEMENT_3D ( 'NONE', #4902, #1230, #3593 ) ;
#937 = ORIENTED_EDGE ( 'NONE', *, *, #2035, .T. ) ;
#938 = FACE_OUTER_BOUND ( 'NONE', #3959, .T. ) ;
#939 = CARTESIAN_POINT ( 'NONE',  ( 7.999999999995149658, 173.0000000000009379, 0.000000000000000000 ) ) ;
#940 = STYLED_ITEM ( 'NONE', ( #1719 ), #5554 ) ;
#941 = FACE_OUTER_BOUND ( 'NONE', #2206, .T. ) ;
#942 = CARTESIAN_POINT ( 'NONE',  ( 117.0000000000000000, 694.0000000000001137, 0.000000000000000000 ) ) ;
#943 = CYLINDRICAL_SURFACE ( 'NONE', #4578, 80.00000000000000000 ) ;
#944 = LINE ( 'NONE', #2412, #2389 ) ;
#945 = DIRECTION ( 'NONE',  ( -1.000000000000000000, 0.000000000000000000, 0.000000000000000000 ) ) ;
#946 = EDGE_CURVE ( 'NONE', #2210, #3178, #411, .T. ) ;
#947 = EDGE_CURVE ( 'NONE', #3461, #538, #1968, .T. ) ;
#948 = ORIENTED_EDGE ( 'NONE', *, *, #2508, .F. ) ;
#949 = LINE ( 'NONE', #497, #4807 ) ;
#950 = EDGE_LOOP ( 'NONE', ( #6012, #1428 ) ) ;
#951 = DIRECTION ( 'NONE',  ( 0.000000000000000000, 1.000000000000000000, 0.000000000000000000 ) ) ;
#952 = CARTESIAN_POINT ( 'NONE',  ( 33.00000000000000000, 175.0000000000009379, 0.000000000000000000 ) ) ;
#953 = CARTESIAN_POINT ( 'NONE',  ( 9.999999999999996447, 119.0000000000000995, 0.000000000000000000 ) ) ;
#954 = EDGE_CURVE ( 'NONE', #2513, #5945, #10, .T. ) ;
#955 = VERTEX_POINT ( 'NONE', #952 ) ;
#956 = ORIENTED_EDGE ( 'NONE', *, *, #4851, .F. ) ;
#957 = CYLINDRICAL_SURFACE ( 'NONE', #3057, 1.000000000000000888 ) ;
#958 = CARTESIAN_POINT ( 'NONE',  ( 90.99999999999835154, 95.00000000000031264, 0.000000000000000000 ) ) ;
#959 = CARTESIAN_POINT ( 'NONE',  ( 22.49999999999798206, 431.0000000000000000, 28.99999999999999645 ) ) ;
#960 = CARTESIAN_POINT ( 'NONE',  ( 9.999999999999912959, 667.9999999999998863, 0.000000000000000000 ) ) ;
#961 = ITEM_DEFINED_TRANSFORMATION ( 'NONE', 'NONE', #372,  #5721 ) ;
#962 = EDGE_CURVE ( 'NONE', #1171, #1136, #4213, .T. ) ;
#963 = ORIENTED_EDGE ( 'NONE', *, *, #2480, .T. ) ;
#964 = VERTEX_POINT ( 'NONE', #5538 ) ;
#965 = ORIENTED_EDGE ( 'NONE', *, *, #146, .T. ) ;
#966 = CARTESIAN_POINT ( 'NONE',  ( -0.7699999999999999067, 0.000000000000000000, 0.000000000000000000 ) ) ;
#967 = AXIS2_PLACEMENT_3D ( 'NONE', #4607, #3692, #3633 ) ;
#968 = DIRECTION ( 'NONE',  ( -1.000000000000000000, 0.000000000000000000, 0.000000000000000000 ) ) ;
#969 = CARTESIAN_POINT ( 'NONE',  ( 79.94999999999846807, 159.9999999999999716, 2.000000000000000000 ) ) ;
#970 = CARTESIAN_POINT ( 'NONE',  ( 7.999999999999921840, 596.0000000000001137, 0.000000000000000000 ) ) ;
#971 = DIRECTION ( 'NONE',  ( -0.000000000000000000, -0.000000000000000000, -1.000000000000000000 ) ) ;
#972 = CARTESIAN_POINT ( 'NONE',  ( -130.0000000000021885, 117.6149999999999523, -514.0000000000001137 ) ) ;
#973 = LINE ( 'NONE', #4249, #5713 ) ;
#974 = ORIENTED_EDGE ( 'NONE', *, *, #3283, .T. ) ;
#975 = CARTESIAN_POINT ( 'NONE',  ( 35.00000000000000000, 522.0000000000010232, -2.000000000000000000 ) ) ;
#976 = VERTEX_POINT ( 'NONE', #2262 ) ;
#977 = PLANE ( 'NONE',  #443 ) ;
#978 = CARTESIAN_POINT ( 'NONE',  ( 1.666666666666670071, 0.000000000000000000, 4.320000000000000284 ) ) ;
#979 = EDGE_CURVE ( 'NONE', #5074, #1593, #2292, .T. ) ;
#980 = EDGE_CURVE ( 'NONE', #604, #5805, #4135, .T. ) ;
#981 = AXIS2_PLACEMENT_3D ( 'NONE', #3599, #5922, #2587 ) ;
#982 = ORIENTED_EDGE ( 'NONE', *, *, #3637, .T. ) ;
#983 = DIRECTION ( 'NONE',  ( 0.000000000000000000, 0.000000000000000000, 1.000000000000000000 ) ) ;
#984 = ORIENTED_EDGE ( 'NONE', *, *, #5992, .T. ) ;
#985 = DIRECTION ( 'NONE',  ( 1.000000000000000000, 0.000000000000000000, 9.376883653928686131E-17 ) ) ;
#986 = CARTESIAN_POINT ( 'NONE',  ( 4.271332174772342958E-15, 19.00000000000000000, 28.99999999999999645 ) ) ;
#987 = CARTESIAN_POINT ( 'NONE',  ( 1.566999999999999948, 0.000000000000000000, 0.000000000000000000 ) ) ;
#988 = EDGE_CURVE ( 'NONE', #715, #4897, #5998, .T. ) ;
#989 = DIRECTION ( 'NONE',  ( -0.000000000000000000, -0.000000000000000000, -1.000000000000000000 ) ) ;
#990 = AXIS2_PLACEMENT_3D ( 'NONE', #2832, #61, #1923 ) ;
#991 = VERTEX_POINT ( 'NONE', #3701 ) ;
#992 = ORIENTED_EDGE ( 'NONE', *, *, #5689, .T. ) ;
#993 = ORIENTED_EDGE ( 'NONE', *, *, #5872, .T. ) ;
#994 = EDGE_CURVE ( 'NONE', #4316, #4174, #3247, .T. ) ;
#995 = CARTESIAN_POINT ( 'NONE',  ( 78.69999999999846807, 159.9999999999999716, 2.000000000000000000 ) ) ;
#996 = AXIS2_PLACEMENT_3D ( 'NONE', #3823, #1511, #4715 ) ;
#997 = DIRECTION ( 'NONE',  ( -0.000000000000000000, -0.000000000000000000, -1.000000000000000000 ) ) ;
#998 = DIRECTION ( 'NONE',  ( 0.000000000000000000, 0.000000000000000000, 1.000000000000000000 ) ) ;
#999 = CIRCLE ( 'NONE', #5201, 1.000000000000000000 ) ;
#1000 = AXIS2_PLACEMENT_3D ( 'NONE', #2813, #1540, #3405 ) ;
#1001 = DIRECTION ( 'NONE',  ( -0.000000000000000000, -0.000000000000000000, -1.000000000000000000 ) ) ;
#1002 = DIRECTION ( 'NONE',  ( 1.224646799147353207E-16, -1.000000000000000000, 0.000000000000000000 ) ) ;
#1003 = DIRECTION ( 'NONE',  ( -1.000000000000000000, -3.512839483595690127E-17, -2.465190328815661892E-32 ) ) ;
#1004 = CARTESIAN_POINT ( 'NONE',  ( -150.0000000000000000, 79.99999999999998579, -765.0000000000000000 ) ) ;
#1005 = VECTOR ( 'NONE', #2418, 1000.000000000000000 ) ;
#1006 = ORIENTED_EDGE ( 'NONE', *, *, #1660, .T. ) ;
#1007 = LINE ( 'NONE', #2872, #1005 ) ;
#1008 = VECTOR ( 'NONE', #4764, 1000.000000000000000 ) ;
#1009 = ORIENTED_EDGE ( 'NONE', *, *, #4944, .F. ) ;
#1010 = DIRECTION ( 'NONE',  ( -1.000000000000000000, 0.000000000000000000, 0.000000000000000000 ) ) ;
#1011 = CARTESIAN_POINT ( 'NONE',  ( 35.00000000000000000, 0.000000000000000000, 0.000000000000000000 ) ) ;
#1012 = AXIS2_PLACEMENT_3D ( 'NONE', #362, #150, #1759 ) ;
#1013 = EDGE_CURVE ( 'NONE', #5945, #4725, #2352, .T. ) ;
#1014 = ORIENTED_EDGE ( 'NONE', *, *, #5020, .F. ) ;
#1015 = CARTESIAN_POINT ( 'NONE',  ( 84.99999999999980105, 671.0000000000000000, 2.000000000000001776 ) ) ;
#1016 = ORIENTED_EDGE ( 'NONE', *, *, #3539, .F. ) ;
#1017 = PRODUCT ( 'E.Flex_01_AbdeckblechEck2_V1.2', 'E.Flex_01_AbdeckblechEck2_V1.2', '', ( #4566 ) ) ;
#1018 = SURFACE_STYLE_FILL_AREA ( #541 ) ;
#1019 = CARTESIAN_POINT ( 'NONE',  ( 107.4499999999999886, 665.0000000000000000, 2.000000000000000000 ) ) ;
#1020 = CIRCLE ( 'NONE', #4039, 4.000000000000003553 ) ;
#1021 = PLANE ( 'NONE',  #1313 ) ;
#1022 = VECTOR ( 'NONE', #5380, 1000.000000000000000 ) ;
#1023 = VECTOR ( 'NONE', #4828, 1000.000000000000000 ) ;
#1024 = EDGE_CURVE ( 'NONE', #5319, #5692, #611, .T. ) ;
#1025 = EDGE_CURVE ( 'NONE', #2512, #4200, #1682, .T. ) ;
#1026 = EDGE_LOOP ( 'NONE', ( #2785, #891, #4182, #2730 ) ) ;
#1027 = ORIENTED_EDGE ( 'NONE', *, *, #2243, .T. ) ;
#1028 = CARTESIAN_POINT ( 'NONE',  ( 35.00000000000000000, 545.0000000000010232, -2.000000000000000000 ) ) ;
#1029 = AXIS2_PLACEMENT_3D ( 'NONE', #3933, #2164, #5891 ) ;
#1030 = CARTESIAN_POINT ( 'NONE',  ( 33.00000000000000711, 121.0000000000001847, -2.000000000000000000 ) ) ;
#1031 = AXIS2_PLACEMENT_3D ( 'NONE', #5967, #1415, #442 ) ;
#1032 = EDGE_CURVE ( 'NONE', #5541, #757, #1876, .T. ) ;
#1033 = FILL_AREA_STYLE ('',( #5618 ) ) ;
#1034 = STYLED_ITEM ( 'NONE', ( #3745 ), #5132 ) ;
#1035 = AXIS2_PLACEMENT_3D ( 'NONE', #4572, #2738, #1741 ) ;
#1036 = LINE ( 'NONE', #2898, #1008 ) ;
#1037 = DIRECTION ( 'NONE',  ( -0.000000000000000000, -0.000000000000000000, -1.000000000000000000 ) ) ;
#1038 = LINE ( 'NONE', #3786, #5419 ) ;
#1039 =( GEOMETRIC_REPRESENTATION_CONTEXT ( 3 ) GLOBAL_UNCERTAINTY_ASSIGNED_CONTEXT ( ( #3279 ) ) GLOBAL_UNIT_ASSIGNED_CONTEXT ( ( #5898, #4400, #4894 ) ) REPRESENTATION_CONTEXT ( 'NONE', 'WORKASPACE' ) );
#1040 = DIRECTION ( 'NONE',  ( -2.940840684141151999E-17, 0.8371691043312211589, -0.5469441386039901598 ) ) ;
#1041 = FACE_OUTER_BOUND ( 'NONE', #2964, .T. ) ;
#1042 = ADVANCED_FACE ( 'NONE', ( #2194 ), #2647, .T. ) ;
#1043 = CARTESIAN_POINT ( 'NONE',  ( 9.999999999993892885, 522.0000000000010232, -2.000000000000000000 ) ) ;
#1044 = ORIENTED_EDGE ( 'NONE', *, *, #2353, .T. ) ;
#1045 = DIRECTION ( 'NONE',  ( 1.000000000000000000, 0.000000000000000000, 0.000000000000000000 ) ) ;
#1046 = CARTESIAN_POINT ( 'NONE',  ( 35.00000000000126477, 175.0000000000009379, 0.000000000000000000 ) ) ;
#1047 =( GEOMETRIC_REPRESENTATION_CONTEXT ( 3 ) GLOBAL_UNCERTAINTY_ASSIGNED_CONTEXT ( ( #3696 ) ) GLOBAL_UNIT_ASSIGNED_CONTEXT ( ( #2517, #179, #4879 ) ) REPRESENTATION_CONTEXT ( 'NONE', 'WORKASPACE' ) );
#1048 = ORIENTED_EDGE ( 'NONE', *, *, #4308, .T. ) ;
#1049 = CARTESIAN_POINT ( 'NONE',  ( 23.19999999999781437, 679.9999999999998863, -2.000000000000000000 ) ) ;
#1050 = ORIENTED_EDGE ( 'NONE', *, *, #3001, .T. ) ;
#1051 = CARTESIAN_POINT ( 'NONE',  ( 9.999999999993892885, 524.0000000000010232, -2.000000000000000000 ) ) ;
#1052 = DIRECTION ( 'NONE',  ( -0.000000000000000000, 0.000000000000000000, 1.000000000000000000 ) ) ;
#1053 = CARTESIAN_POINT ( 'NONE',  ( 22.50000000000000355, 625.0000000000000000, 28.99999999999999645 ) ) ;
#1054 = VERTEX_POINT ( 'NONE', #2743 ) ;
#1055 = ORIENTED_EDGE ( 'NONE', *, *, #4342, .T. ) ;
#1056 = LINE ( 'NONE', #5125, #2492 ) ;
#1057 = EDGE_CURVE ( 'NONE', #1410, #4589, #5092, .T. ) ;
#1058 = CARTESIAN_POINT ( 'NONE',  ( 9.999999999995155875, 156.0000000000006821, 0.000000000000000000 ) ) ;
#1059 = EDGE_CURVE ( 'NONE', #3530, #5644, #767, .T. ) ;
#1060 = CARTESIAN_POINT ( 'NONE',  ( 57.99999999999998579, 368.5000000000000568, 2.000000000000000000 ) ) ;
#1061 = CARTESIAN_POINT ( 'NONE',  ( 1.666666666666670071, 0.000000000000000000, 0.000000000000000000 ) ) ;
#1062 = DIRECTION ( 'NONE',  ( -0.000000000000000000, -0.000000000000000000, 1.000000000000000000 ) ) ;
#1063 = DIRECTION ( 'NONE',  ( -2.940840684141151999E-17, 0.8371691043312211589, -0.5469441386039901598 ) ) ;
#1064 = CARTESIAN_POINT ( 'NONE',  ( 35.00000000000126477, 175.0000000000009379, -2.000000000000000000 ) ) ;
#1065 = AXIS2_PLACEMENT_3D ( 'NONE', #3238, #1308, #3 ) ;
#1066 = EDGE_CURVE ( 'NONE', #484, #284, #26, .T. ) ;
#1067 = DIRECTION ( 'NONE',  ( 0.000000000000000000, 0.000000000000000000, -1.000000000000000000 ) ) ;
#1068 = ORIENTED_EDGE ( 'NONE', *, *, #1242, .T. ) ;
#1069 = DIRECTION ( 'NONE',  ( 1.000000000000000000, 0.000000000000000000, -0.000000000000000000 ) ) ;
#1070 =( NAMED_UNIT ( * ) PLANE_ANGLE_UNIT ( ) SI_UNIT ( $, .RADIAN. ) );
#1071 = EDGE_CURVE ( 'NONE', #3706, #4018, #3142, .T. ) ;
#1072 = ORIENTED_EDGE ( 'NONE', *, *, #5841, .T. ) ;
#1073 = CARTESIAN_POINT ( 'NONE',  ( 15.49999999999798383, 431.0000000000000000, 28.99999999999999645 ) ) ;
#1074 = EDGE_LOOP ( 'NONE', ( #2379, #2237, #5150, #2788 ) ) ;
#1075 = FACE_OUTER_BOUND ( 'NONE', #2120, .T. ) ;
#1076 = CARTESIAN_POINT ( 'NONE',  ( 36.99999999999990052, -4.142623226213106986E-17, 3.999999999999982681 ) ) ;
#1077 = CARTESIAN_POINT ( 'NONE',  ( 41.99999999999990763, 15.26794919243111970, 31.00100000000000833 ) ) ;
#1078 = VERTEX_POINT ( 'NONE', #5892 ) ;
#1079 = CIRCLE ( 'NONE', #3717, 3.199999999999994404 ) ;
#1080 = ORIENTED_EDGE ( 'NONE', *, *, #1480, .T. ) ;
#1081 = ORIENTED_EDGE ( 'NONE', *, *, #3113, .T. ) ;
#1082 = CARTESIAN_POINT ( 'NONE',  ( -72.00000000000000000, 79.99999999999998579, 0.000000000000000000 ) ) ;
#1083 = ORIENTED_EDGE ( 'NONE', *, *, #1473, .T. ) ;
#1084 = FILL_AREA_STYLE ('',( #5790 ) ) ;
#1085 = AXIS2_PLACEMENT_3D ( 'NONE', #3061, #4932, #754 ) ;
#1086 = EDGE_CURVE ( 'NONE', #4473, #5780, #4602, .T. ) ;
#1087 = LINE ( 'NONE', #1150, #1405 ) ;
#1088 =( GEOMETRIC_REPRESENTATION_CONTEXT ( 3 ) GLOBAL_UNCERTAINTY_ASSIGNED_CONTEXT ( ( #4754 ) ) GLOBAL_UNIT_ASSIGNED_CONTEXT ( ( #4185, #1370, #4277 ) ) REPRESENTATION_CONTEXT ( 'NONE', 'WORKASPACE' ) );
#1089 = CARTESIAN_POINT ( 'NONE',  ( 0.000000000000000000, 0.000000000000000000, -2.000000000000000000 ) ) ;
#1090 = DIRECTION ( 'NONE',  ( 0.000000000000000000, 0.000000000000000000, 1.000000000000000000 ) ) ;
#1091 = DIRECTION ( 'NONE',  ( 1.000000000000000000, 0.000000000000000000, 0.000000000000000000 ) ) ;
#1092 = ORIENTED_EDGE ( 'NONE', *, *, #3204, .T. ) ;
#1093 = EDGE_CURVE ( 'NONE', #3064, #2708, #793, .T. ) ;
#1094 = LINE ( 'NONE', #2956, #5983 ) ;
#1095 = VERTEX_POINT ( 'NONE', #4549 ) ;
#1096 = DIRECTION ( 'NONE',  ( 1.000000000000000000, 0.000000000000000000, 0.000000000000000000 ) ) ;
#1097 = VECTOR ( 'NONE', #5534, 1000.000000000000000 ) ;
#1098 = DIRECTION ( 'NONE',  ( 1.387778780781448042E-14, -1.000000000000000000, 0.000000000000000000 ) ) ;
#1099 = FACE_OUTER_BOUND ( 'NONE', #2533, .T. ) ;
#1100 = AXIS2_PLACEMENT_3D ( 'NONE', #189, #5770, #5346 ) ;
#1101 = ADVANCED_FACE ( 'NONE', ( #375, #2223 ), #4091, .F. ) ;
#1102 = ORIENTED_EDGE ( 'NONE', *, *, #5361, .F. ) ;
#1103 = DIRECTION ( 'NONE',  ( 1.000000000000000000, 0.000000000000000000, 0.000000000000000000 ) ) ;
#1104 = ORIENTED_EDGE ( 'NONE', *, *, #5062, .F. ) ;
#1105 = DIRECTION ( 'NONE',  ( -1.000000000000000000, 0.000000000000000000, 0.000000000000000000 ) ) ;
#1106 = DIRECTION ( 'NONE',  ( 1.000000000000000000, 0.000000000000000000, 0.000000000000000000 ) ) ;
#1107 = DIRECTION ( 'NONE',  ( 0.000000000000000000, 0.000000000000000000, 1.000000000000000000 ) ) ;
#1108 = AXIS2_PLACEMENT_3D ( 'NONE', #1051, #2391, #1485 ) ;
#1109 = ORIENTED_EDGE ( 'NONE', *, *, #4910, .T. ) ;
#1110 = AXIS2_PLACEMENT_3D ( 'NONE', #5416, #1228, #4959 ) ;
#1111 = VERTEX_POINT ( 'NONE', #4119 ) ;
#1112 = DIRECTION ( 'NONE',  ( -1.000000000000000000, 0.000000000000000000, 0.000000000000000000 ) ) ;
#1113 = AXIS2_PLACEMENT_3D ( 'NONE', #3504, #5756, #3954 ) ;
#1114 = AXIS2_PLACEMENT_3D ( 'NONE', #5772, #5839, #1185 ) ;
#1115 = DIRECTION ( 'NONE',  ( -0.7071067811865480168, 0.000000000000000000, 0.7071067811865470176 ) ) ;
#1116 = VERTEX_POINT ( 'NONE', #5442 ) ;
#1117 = DIRECTION ( 'NONE',  ( 0.000000000000000000, 0.000000000000000000, 1.000000000000000000 ) ) ;
#1118 = CARTESIAN_POINT ( 'NONE',  ( 90.99999999999837996, 193.0000000000003126, 3.827021247335479296E-16 ) ) ;
#1119 = CARTESIAN_POINT ( 'NONE',  ( 10.00000000000021494, 55.00000000000011369, -2.000000000000000000 ) ) ;
#1120 = CARTESIAN_POINT ( 'NONE',  ( 57.99999999999998579, 368.5000000000000568, 0.000000000000000000 ) ) ;
#1121 = AXIS2_PLACEMENT_3D ( 'NONE', #2715, #5584, #1860 ) ;
#1122 = VECTOR ( 'NONE', #5951, 1000.000000000000000 ) ;
#1123 = CIRCLE ( 'NONE', #650, 3.200000000000001510 ) ;
#1124 = DIRECTION ( 'NONE',  ( -0.000000000000000000, -0.000000000000000000, -1.000000000000000000 ) ) ;
#1125 = VERTEX_POINT ( 'NONE', #3631 ) ;
#1126 = ORIENTED_EDGE ( 'NONE', *, *, #5742, .F. ) ;
#1127 = DIRECTION ( 'NONE',  ( 1.000000000000000000, 0.000000000000000000, 0.000000000000000000 ) ) ;
#1128 = AXIS2_PLACEMENT_3D ( 'NONE', #1082, #1203, #3865 ) ;
#1129 = SURFACE_STYLE_USAGE ( .BOTH. , #254 ) ;
#1130 = LINE ( 'NONE', #2082, #3756 ) ;
#1131 = EDGE_CURVE ( 'NONE', #38, #5301, #2074, .T. ) ;
#1132 = EDGE_CURVE ( 'NONE', #4725, #5945, #4797, .T. ) ;
#1133 = AXIS2_PLACEMENT_3D ( 'NONE', #527, #2464, #4822 ) ;
#1134 = ORIENTED_EDGE ( 'NONE', *, *, #4489, .T. ) ;
#1135 = DIRECTION ( 'NONE',  ( 0.000000000000000000, 0.000000000000000000, 1.000000000000000000 ) ) ;
#1136 = VERTEX_POINT ( 'NONE', #5862 ) ;
#1137 = DIRECTION ( 'NONE',  ( -1.000000000000000000, -0.000000000000000000, -0.000000000000000000 ) ) ;
#1138 = ADVANCED_FACE ( 'NONE', ( #4829 ), #76, .F. ) ;
#1139 = DIRECTION ( 'NONE',  ( 0.000000000000000000, 0.000000000000000000, -1.000000000000000000 ) ) ;
#1140 = CARTESIAN_POINT ( 'NONE',  ( 117.0000000000000000, 1.000000000000000000, 2.000000000000000000 ) ) ;
#1141 = ORIENTED_EDGE ( 'NONE', *, *, #2083, .F. ) ;
#1142 = ADVANCED_FACE ( 'NONE', ( #3172 ), #1246, .F. ) ;
#1143 = EDGE_LOOP ( 'NONE', ( #5833, #5409 ) ) ;
#1144 = ORIENTED_EDGE ( 'NONE', *, *, #1132, .F. ) ;
#1145 = VERTEX_POINT ( 'NONE', #3084 ) ;
#1146 = DIRECTION ( 'NONE',  ( -1.000000000000000000, 0.000000000000000000, 0.000000000000000000 ) ) ;
#1147 = EDGE_CURVE ( 'NONE', #5535, #5753, #5040, .T. ) ;
#1148 = DIRECTION ( 'NONE',  ( 1.000000000000000000, 0.000000000000000000, 0.000000000000000000 ) ) ;
#1149 = ORIENTED_EDGE ( 'NONE', *, *, #5361, .T. ) ;
#1150 = CARTESIAN_POINT ( 'NONE',  ( 84.99999999999980105, 694.0000000000001137, 25.00100000000000833 ) ) ;
#1151 = DIRECTION ( 'NONE',  ( -1.000000000000000000, 0.000000000000000000, 0.000000000000000000 ) ) ;
#1152 = DIRECTION ( 'NONE',  ( 0.000000000000000000, 0.000000000000000000, 1.000000000000000000 ) ) ;
#1153 = APPLICATION_PROTOCOL_DEFINITION ( 'draft international standard', 'automotive_design', 1998, #2774 ) ;
#1154 = CARTESIAN_POINT ( 'NONE',  ( -0.7699999999999999067, 0.000000000000000000, 0.000000000000000000 ) ) ;
#1155 = LINE ( 'NONE', #3020, #911 ) ;
#1156 = ORIENTED_EDGE ( 'NONE', *, *, #846, .T. ) ;
#1157 = ORIENTED_EDGE ( 'NONE', *, *, #3197, .F. ) ;
#1158 = CARTESIAN_POINT ( 'NONE',  ( 32.99999999999999289, 154.0000000000007958, -2.000000000000000000 ) ) ;
#1159 = CYLINDRICAL_SURFACE ( 'NONE', #1317, 3.499999999999999556 ) ;
#1160 = VERTEX_POINT ( 'NONE', #2717 ) ;
#1161 = FACE_BOUND ( 'NONE', #2609, .T. ) ;
#1162 = EDGE_CURVE ( 'NONE', #3022, #3944, #399, .T. ) ;
#1163 = ORIENTED_EDGE ( 'NONE', *, *, #3309, .F. ) ;
#1164 = EDGE_CURVE ( 'NONE', #4612, #3216, #318, .T. ) ;
#1165 = CARTESIAN_POINT ( 'NONE',  ( 40.99999999999990763, 17.99999999999999645, 1.999999999999998224 ) ) ;
#1166 = DIRECTION ( 'NONE',  ( -1.000000000000000000, 0.000000000000000000, 0.000000000000000000 ) ) ;
#1167 = VERTEX_POINT ( 'NONE', #912 ) ;
#1168 = ORIENTED_EDGE ( 'NONE', *, *, #4419, .F. ) ;
#1169 = EDGE_CURVE ( 'NONE', #2622, #1932, #1683, .T. ) ;
#1170 = CARTESIAN_POINT ( 'NONE',  ( 16.80000000000000071, 46.99999999999992895, -2.000000000000000000 ) ) ;
#1171 = VERTEX_POINT ( 'NONE', #1497 ) ;
#1172 = MANIFOLD_SOLID_BREP ( 'Verrundung5', #4191 ) ;
#1173 = VECTOR ( 'NONE', #370, 1000.000000000000000 ) ;
#1174 = CYLINDRICAL_SURFACE ( 'NONE', #5684, 1.000000000000000888 ) ;
#1175 = ORIENTED_EDGE ( 'NONE', *, *, #4567, .F. ) ;
#1176 = EDGE_CURVE ( 'NONE', #4716, #2423, #3235, .T. ) ;
#1177 = DIRECTION ( 'NONE',  ( -1.000000000000000000, 0.000000000000000000, -3.469446951953611033E-15 ) ) ;
#1178 = CARTESIAN_POINT ( 'NONE',  ( 101.0499999999999972, 35.00000000000002842, 0.000000000000000000 ) ) ;
#1179 = FACE_OUTER_BOUND ( 'NONE', #3595, .T. ) ;
#1180 = AXIS2_PLACEMENT_3D ( 'NONE', #2177, #1287, #5874 ) ;
#1181 = LINE ( 'NONE', #2077, #453 ) ;
#1182 = AXIS2_PLACEMENT_3D ( 'NONE', #2319, #4196, #1351 ) ;
#1183 = DIRECTION ( 'NONE',  ( 0.000000000000000000, 0.000000000000000000, 1.000000000000000000 ) ) ;
#1184 = LINE ( 'NONE', #4978, #2729 ) ;
#1185 = DIRECTION ( 'NONE',  ( -1.000000000000000000, 0.000000000000000000, 0.000000000000000000 ) ) ;
#1186 = SHAPE_REPRESENTATION_RELATIONSHIP ( 'NONE' , 'NONE' ,  #2369, #5554 ) ;
#1187 = CARTESIAN_POINT ( 'NONE',  ( 2.000000000000000000, 0.000000000000000000, 0.000000000000000000 ) ) ;
#1188 = STYLED_ITEM ( 'NONE', ( #5737 ), #1369 ) ;
#1189 = ORIENTED_EDGE ( 'NONE', *, *, #3630, .F. ) ;
#1190 = FACE_BOUND ( 'NONE', #1797, .T. ) ;
#1191 = AXIS2_PLACEMENT_3D ( 'NONE', #2824, #1458, #3223 ) ;
#1192 = VECTOR ( 'NONE', #2753, 1000.000000000000000 ) ;
#1193 = ORIENTED_EDGE ( 'NONE', *, *, #4090, .T. ) ;
#1194 = SURFACE_STYLE_USAGE ( .BOTH. , #5905 ) ;
#1195 = CARTESIAN_POINT ( 'NONE',  ( -1.942449605356233562E-13, 19.00000000000001776, 30.99999999999999289 ) ) ;
#1196 = DIRECTION ( 'NONE',  ( 0.000000000000000000, -1.000000000000000000, 0.000000000000000000 ) ) ;
#1197 = VECTOR ( 'NONE', #4212, 1000.000000000000000 ) ;
#1198 = EDGE_CURVE ( 'NONE', #4256, #3612, #521, .T. ) ;
#1199 = ORIENTED_EDGE ( 'NONE', *, *, #391, .F. ) ;
#1200 = ORIENTED_EDGE ( 'NONE', *, *, #1635, .F. ) ;
#1201 = STYLED_ITEM ( 'NONE', ( #5794 ), #2321 ) ;
#1202 = CARTESIAN_POINT ( 'NONE',  ( -150.0000000000000000, 79.99999999999998579, -765.0000000000000000 ) ) ;
#1203 = DIRECTION ( 'NONE',  ( 0.000000000000000000, -0.000000000000000000, 1.000000000000000000 ) ) ;
#1204 = EDGE_CURVE ( 'NONE', #1677, #1167, #4314, .T. ) ;
#1205 = ADVANCED_FACE ( 'NONE', ( #941 ), #4634, .F. ) ;
#1206 = VECTOR ( 'NONE', #382, 1000.000000000000000 ) ;
#1207 = ORIENTED_EDGE ( 'NONE', *, *, #1821, .F. ) ;
#1208 = EDGE_LOOP ( 'NONE', ( #2568, #4405, #4368, #3888 ) ) ;
#1209 = ORIENTED_EDGE ( 'NONE', *, *, #4172, .F. ) ;
#1210 = DIRECTION ( 'NONE',  ( -0.000000000000000000, -0.000000000000000000, -1.000000000000000000 ) ) ;
#1211 = CARTESIAN_POINT ( 'NONE',  ( 101.0499999999999972, 35.00000000000002842, 2.000000000000000000 ) ) ;
#1212 = DIRECTION ( 'NONE',  ( 0.000000000000000000, 0.000000000000000000, -1.000000000000000000 ) ) ;
#1213 = ADVANCED_FACE ( 'NONE', ( #3303 ), #559, .T. ) ;
#1214 = CARTESIAN_POINT ( 'NONE',  ( 40.99999999999990763, 669.0000000000000000, 0.000000000000000000 ) ) ;
#1215 = AXIS2_PLACEMENT_3D ( 'NONE', #193, #3433, #5290 ) ;
#1216 = DIRECTION ( 'NONE',  ( -1.000000000000000000, 0.000000000000000000, 0.000000000000000000 ) ) ;
#1217 = DIRECTION ( 'NONE',  ( 1.000000000000000000, 0.000000000000000000, 0.000000000000000000 ) ) ;
#1218 = ORIENTED_EDGE ( 'NONE', *, *, #5020, .T. ) ;
#1219 = CARTESIAN_POINT ( 'NONE',  ( 19.99999999999927880, 257.9999999999998863, -2.000000000000000000 ) ) ;
#1220 = DIRECTION ( 'NONE',  ( 1.652117596168368774E-16, -1.000000000000000000, 0.000000000000000000 ) ) ;
#1221 = VECTOR ( 'NONE', #4512, 1000.000000000000000 ) ;
#1222 = EDGE_CURVE ( 'NONE', #1453, #1856, #2806, .T. ) ;
#1223 = VECTOR ( 'NONE', #3432, 1000.000000000000000 ) ;
#1224 = EDGE_LOOP ( 'NONE', ( #3790, #5329, #2060, #4437 ) ) ;
#1225 = DIRECTION ( 'NONE',  ( -0.000000000000000000, 0.000000000000000000, 1.000000000000000000 ) ) ;
#1226 = CIRCLE ( 'NONE', #3469, 2.000000000000001776 ) ;
#1227 = ORIENTED_EDGE ( 'NONE', *, *, #4616, .F. ) ;
#1228 = DIRECTION ( 'NONE',  ( -0.000000000000000000, -0.000000000000000000, -1.000000000000000000 ) ) ;
#1229 = DIRECTION ( 'NONE',  ( 0.000000000000000000, -1.000000000000000000, 0.000000000000000000 ) ) ;
#1230 = DIRECTION ( 'NONE',  ( -0.000000000000000000, 0.000000000000000000, -1.000000000000000000 ) ) ;
#1231 = ORIENTED_EDGE ( 'NONE', *, *, #428, .F. ) ;
#1232 = AXIS2_PLACEMENT_3D ( 'NONE', #1561, #4305, #153 ) ;
#1233 = ORIENTED_EDGE ( 'NONE', *, *, #3451, .F. ) ;
#1234 = PRODUCT_DEFINITION_FORMATION_WITH_SPECIFIED_SOURCE ( 'ANY', '', #3213, .NOT_KNOWN. ) ;
#1235 = ORIENTED_EDGE ( 'NONE', *, *, #5166, .F. ) ;
#1236 = DIRECTION ( 'NONE',  ( -1.000000000000000000, 0.000000000000000000, 0.000000000000000000 ) ) ;
#1237 = PLANE ( 'NONE',  #548 ) ;
#1238 = ORIENTED_EDGE ( 'NONE', *, *, #5471, .T. ) ;
#1239 = EDGE_LOOP ( 'NONE', ( #5934, #5630, #5852, #4985 ) ) ;
#1240 = VERTEX_POINT ( 'NONE', #6018 ) ;
#1241 = DIRECTION ( 'NONE',  ( -1.000000000000000000, 0.000000000000000000, 0.000000000000000000 ) ) ;
#1242 = EDGE_CURVE ( 'NONE', #515, #4256, #2356, .T. ) ;
#1243 = EDGE_CURVE ( 'NONE', #4174, #5670, #1386, .T. ) ;
#1244 = DIRECTION ( 'NONE',  ( -0.000000000000000000, -0.000000000000000000, -1.000000000000000000 ) ) ;
#1245 = CARTESIAN_POINT ( 'NONE',  ( 15.49999999999798383, 431.0000000000000000, 28.99999999999999645 ) ) ;
#1246 = CYLINDRICAL_SURFACE ( 'NONE', #2941, 3.499999999999999556 ) ;
#1247 = CARTESIAN_POINT ( 'NONE',  ( 0.9999999999998057110, 19.00000000000000000, 30.99999999999999289 ) ) ;
#1248 = ORIENTED_EDGE ( 'NONE', *, *, #4927, .F. ) ;
#1249 = ORIENTED_EDGE ( 'NONE', *, *, #5842, .T. ) ;
#1250 = EDGE_CURVE ( 'NONE', #1544, #5238, #2844, .T. ) ;
#1251 = DIRECTION ( 'NONE',  ( -0.000000000000000000, -0.000000000000000000, -1.000000000000000000 ) ) ;
#1252 = DIRECTION ( 'NONE',  ( -0.000000000000000000, -0.000000000000000000, -1.000000000000000000 ) ) ;
#1253 = PRODUCT_DEFINITION_SHAPE ( 'NONE', 'NONE',  #6044 ) ;
#1254 = EDGE_LOOP ( 'NONE', ( #3776, #2460 ) ) ;
#1255 = SURFACE_SIDE_STYLE ('',( #4584 ) ) ;
#1256 = VERTEX_POINT ( 'NONE', #1836 ) ;
#1257 = EDGE_CURVE ( 'NONE', #3780, #4714, #3782, .T. ) ;
#1258 = CARTESIAN_POINT ( 'NONE',  ( 19.99999999999855760, 468.9999999999999432, 0.000000000000000000 ) ) ;
#1259 = DIRECTION ( 'NONE',  ( -0.000000000000000000, -0.000000000000000000, -1.000000000000000000 ) ) ;
#1260 = CARTESIAN_POINT ( 'NONE',  ( 16.79999999999929017, 257.9999999999998863, -2.000000000000000000 ) ) ;
#1261 = ORIENTED_EDGE ( 'NONE', *, *, #4041, .F. ) ;
#1262 = CIRCLE ( 'NONE', #1947, 2.000000000000001776 ) ;
#1263 = ORIENTED_EDGE ( 'NONE', *, *, #4307, .T. ) ;
#1264 = ORIENTED_EDGE ( 'NONE', *, *, #2183, .T. ) ;
#1265 = DIRECTION ( 'NONE',  ( 0.000000000000000000, 0.000000000000000000, -1.000000000000000000 ) ) ;
#1266 = APPLICATION_PROTOCOL_DEFINITION ( 'draft international standard', 'automotive_design', 1998, #5628 ) ;
#1267 = ORIENTED_EDGE ( 'NONE', *, *, #3789, .F. ) ;
#1268 = EDGE_LOOP ( 'NONE', ( #1877, #5353 ) ) ;
#1269 = DIRECTION ( 'NONE',  ( 1.000000000000000000, 0.000000000000000000, 0.000000000000000000 ) ) ;
#1270 = DIRECTION ( 'NONE',  ( 1.000000000000000000, -0.000000000000000000, -0.000000000000000000 ) ) ;
#1271 = CARTESIAN_POINT ( 'NONE',  ( -150.0000000000000000, 119.9999999999999858, -765.0000000000000000 ) ) ;
#1272 = VECTOR ( 'NONE', #334, 1000.000000000000000 ) ;
#1273 = EDGE_CURVE ( 'NONE', #2171, #5302, #3807, .T. ) ;
#1274 = DIRECTION ( 'NONE',  ( -0.000000000000000000, 0.000000000000000000, -1.000000000000000000 ) ) ;
#1275 = CYLINDRICAL_SURFACE ( 'NONE', #2466, 3.199999999999994404 ) ;
#1276 = VECTOR ( 'NONE', #2756, 1000.000000000000000 ) ;
#1277 = PLANE ( 'NONE',  #5944 ) ;
#1278 = DIRECTION ( 'NONE',  ( -1.000000000000000000, 0.000000000000000000, 0.000000000000000000 ) ) ;
#1279 = PRESENTATION_STYLE_ASSIGNMENT (( #2313 ) ) ;
#1280 = DIRECTION ( 'NONE',  ( -1.000000000000000000, 0.000000000000000000, 0.000000000000000000 ) ) ;
#1281 = VECTOR ( 'NONE', #3320, 1000.000000000000000 ) ;
#1282 = EDGE_CURVE ( 'NONE', #3357, #1521, #5224, .T. ) ;
#1283 = VERTEX_POINT ( 'NONE', #3958 ) ;
#1284 = CARTESIAN_POINT ( 'NONE',  ( 35.00000000000000000, 0.000000000000000000, 0.000000000000000000 ) ) ;
#1285 = ORIENTED_EDGE ( 'NONE', *, *, #2588, .T. ) ;
#1286 = LINE ( 'NONE', #4195, #3842 ) ;
#1287 = DIRECTION ( 'NONE',  ( -0.000000000000000000, -0.000000000000000000, -1.000000000000000000 ) ) ;
#1288 = AXIS2_PLACEMENT_3D ( 'NONE', #5926, #2165, #4024 ) ;
#1289 = CARTESIAN_POINT ( 'NONE',  ( 9.999999999993892885, 524.0000000000010232, 0.000000000000000000 ) ) ;
#1290 = EDGE_CURVE ( 'NONE', #2131, #4349, #215, .T. ) ;
#1291 = EDGE_LOOP ( 'NONE', ( #3117, #2535, #2364, #14, #3221, #2037, #5811, #3167, #1825, #3482, #3282, #1963, #3889, #143, #2126, #4486, #3430, #104 ) ) ;
#1292 = ORIENTED_EDGE ( 'NONE', *, *, #322, .F. ) ;
#1293 = CARTESIAN_POINT ( 'NONE',  ( 36.99999999999990052, 650.0000000000000000, 3.999999999999982681 ) ) ;
#1294 = CYLINDRICAL_SURFACE ( 'NONE', #2337, 3.199999999999987743 ) ;
#1295 = CARTESIAN_POINT ( 'NONE',  ( 33.00000000000000000, 592.0000000000000000, 0.000000000000000000 ) ) ;
#1296 = ITEM_DEFINED_TRANSFORMATION ( 'NONE', 'NONE', #1133,  #5721 ) ;
#1297 = AXIS2_PLACEMENT_3D ( 'NONE', #3846, #1958, #5716 ) ;
#1298 = ORIENTED_EDGE ( 'NONE', *, *, #2102, .F. ) ;
#1299 = AXIS2_PLACEMENT_3D ( 'NONE', #942, #5162, #490 ) ;
#1300 = ORIENTED_EDGE ( 'NONE', *, *, #5062, .T. ) ;
#1301 = DIRECTION ( 'NONE',  ( -0.000000000000000000, -1.000000000000000000, -0.000000000000000000 ) ) ;
#1302 = CARTESIAN_POINT ( 'NONE',  ( 7.999999999999921840, 665.9999999999998863, 0.000000000000000000 ) ) ;
#1303 = VECTOR ( 'NONE', #899, 1000.000000000000000 ) ;
#1304 = CARTESIAN_POINT ( 'NONE',  ( 1.666666666666670071, 0.000000000000000000, 0.000000000000000000 ) ) ;
#1305 = ORIENTED_EDGE ( 'NONE', *, *, #1198, .T. ) ;
#1306 = CARTESIAN_POINT ( 'NONE',  ( -0.3849999999999999534, 0.000000000000000000, 0.000000000000000000 ) ) ;
#1307 = VECTOR ( 'NONE', #5965, 1000.000000000000000 ) ;
#1308 = DIRECTION ( 'NONE',  ( -0.000000000000000000, -0.000000000000000000, -1.000000000000000000 ) ) ;
#1309 = CARTESIAN_POINT ( 'NONE',  ( 100.9999999999999858, 85.00000000000000000, -1.040949779275235965E-16 ) ) ;
#1310 = AXIS2_PLACEMENT_3D ( 'NONE', #2674, #4537, #2239 ) ;
#1311 = UNCERTAINTY_MEASURE_WITH_UNIT (LENGTH_MEASURE( 1.000000000000000082E-05 ), #3836, 'distance_accuracy_value', 'NONE');
#1312 = ORIENTED_EDGE ( 'NONE', *, *, #1452, .T. ) ;
#1313 = AXIS2_PLACEMENT_3D ( 'NONE', #2885, #4752, #581 ) ;
#1314 = DIRECTION ( 'NONE',  ( -0.000000000000000000, -0.000000000000000000, -1.000000000000000000 ) ) ;
#1315 = VERTEX_POINT ( 'NONE', #4329 ) ;
#1316 = DIRECTION ( 'NONE',  ( 0.000000000000000000, 0.000000000000000000, -1.000000000000000000 ) ) ;
#1317 = AXIS2_PLACEMENT_3D ( 'NONE', #2602, #3000, #2625 ) ;
#1318 = DIRECTION ( 'NONE',  ( 0.000000000000000000, 0.000000000000000000, -1.000000000000000000 ) ) ;
#1319 = AXIS2_PLACEMENT_3D ( 'NONE', #590, #3400, #1927 ) ;
#1320 = DIRECTION ( 'NONE',  ( 0.000000000000000000, 0.000000000000000000, -1.000000000000000000 ) ) ;
#1321 = EDGE_CURVE ( 'NONE', #2168, #3357, #4901, .T. ) ;
#1322 = ADVANCED_FACE ( 'NONE', ( #117 ), #674, .F. ) ;
#1323 = CIRCLE ( 'NONE', #1723, 2.000000000000000000 ) ;
#1324 = SHAPE_REPRESENTATION ( 'E.Flex_01_AbdeckblechEck4_V1.2', ( #5721 ), #4746 ) ;
#1325 = AXIS2_PLACEMENT_3D ( 'NONE', #5532, #3277, #4610 ) ;
#1326 = ORIENTED_EDGE ( 'NONE', *, *, #427, .T. ) ;
#1327 = VERTEX_POINT ( 'NONE', #2518 ) ;
#1328 = DIRECTION ( 'NONE',  ( 0.000000000000000000, 0.000000000000000000, -1.000000000000000000 ) ) ;
#1329 = MECHANICAL_DESIGN_GEOMETRIC_PRESENTATION_REPRESENTATION (  '', ( #3957 ), #1039 ) ;
#1330 = CARTESIAN_POINT ( 'NONE',  ( -1.940721888749052937E-13, 649.0000000000000000, 28.99999999999999645 ) ) ;
#1331 = EDGE_CURVE ( 'NONE', #1847, #5064, #3895, .T. ) ;
#1332 = DIRECTION ( 'NONE',  ( 0.000000000000000000, 0.000000000000000000, -1.000000000000000000 ) ) ;
#1333 = VECTOR ( 'NONE', #1888, 1000.000000000000000 ) ;
#1334 = APPLICATION_PROTOCOL_DEFINITION ( 'draft international standard', 'automotive_design', 1998, #5507 ) ;
#1335 =( GEOMETRIC_REPRESENTATION_CONTEXT ( 3 ) GLOBAL_UNCERTAINTY_ASSIGNED_CONTEXT ( ( #4000 ) ) GLOBAL_UNIT_ASSIGNED_CONTEXT ( ( #310, #3584, #3972 ) ) REPRESENTATION_CONTEXT ( 'NONE', 'WORKASPACE' ) );
#1336 = EDGE_LOOP ( 'NONE', ( #1780, #4846, #4374, #3856 ) ) ;
#1337 = EDGE_LOOP ( 'NONE', ( #385, #113 ) ) ;
#1338 = EDGE_CURVE ( 'NONE', #896, #5238, #4389, .T. ) ;
#1339 = CARTESIAN_POINT ( 'NONE',  ( 2.000000000000000000, 0.000000000000000000, -2.000000000000000000 ) ) ;
#1340 = LINE ( 'NONE', #3206, #1914 ) ;
#1341 = STYLED_ITEM ( 'NONE', ( #1647 ), #5214 ) ;
#1342 = DIRECTION ( 'NONE',  ( -0.000000000000000000, -0.000000000000000000, -1.000000000000000000 ) ) ;
#1343 = FACE_OUTER_BOUND ( 'NONE', #2006, .T. ) ;
#1344 = CARTESIAN_POINT ( 'NONE',  ( 77.44999999999846807, 159.9999999999999716, 2.000000000000000000 ) ) ;
#1345 = CARTESIAN_POINT ( 'NONE',  ( 107.4499999999999886, 65.00000000000002842, 2.000000000000000000 ) ) ;
#1346 = DIRECTION ( 'NONE',  ( 1.224646799147353207E-16, -1.000000000000000000, 0.000000000000000000 ) ) ;
#1347 = ORIENTED_EDGE ( 'NONE', *, *, #2445, .T. ) ;
#1348 = DIRECTION ( 'NONE',  ( 0.000000000000000000, 0.000000000000000000, 1.000000000000000000 ) ) ;
#1349 = ORIENTED_EDGE ( 'NONE', *, *, #3765, .F. ) ;
#1350 = CARTESIAN_POINT ( 'NONE',  ( 41.49999999999990763, 16.13397459621555896, 2.000000000000001776 ) ) ;
#1351 = DIRECTION ( 'NONE',  ( 0.000000000000000000, 0.000000000000000000, -1.000000000000000000 ) ) ;
#1352 = CARTESIAN_POINT ( 'NONE',  ( 51.25000000000000711, 605.0000000000001137, -1.040949779275235965E-16 ) ) ;
#1353 = ORIENTED_EDGE ( 'NONE', *, *, #4241, .T. ) ;
#1354 = EDGE_CURVE ( 'NONE', #3411, #2819, #5255, .T. ) ;
#1355 = ADVANCED_FACE ( 'NONE', ( #4816 ), #5275, .F. ) ;
#1356 = VERTEX_POINT ( 'NONE', #4361 ) ;
#1357 = ORIENTED_EDGE ( 'NONE', *, *, #3981, .F. ) ;
#1358 = DIRECTION ( 'NONE',  ( 1.000000000000000000, 0.000000000000000000, 0.000000000000000000 ) ) ;
#1359 = CARTESIAN_POINT ( 'NONE',  ( 50.00000000000000000, 85.00000000000000000, -1.040949779275235965E-16 ) ) ;
#1360 =( NAMED_UNIT ( * ) SI_UNIT ( $, .STERADIAN. ) SOLID_ANGLE_UNIT ( ) );
#1361 = CONTEXT_DEPENDENT_SHAPE_REPRESENTATION ( #4145, #1253 ) ;
#1362 = VECTOR ( 'NONE', #377, 1000.000000000000000 ) ;
#1363 = ADVANCED_FACE ( 'NONE', ( #1648 ), #1174, .T. ) ;
#1364 = ORIENTED_EDGE ( 'NONE', *, *, #658, .T. ) ;
#1365 = ORIENTED_EDGE ( 'NONE', *, *, #2422, .T. ) ;
#1366 = CARTESIAN_POINT ( 'NONE',  ( 41.99999999999990763, 670.0000000000000000, 1.999999999999998224 ) ) ;
#1367 = FACE_OUTER_BOUND ( 'NONE', #5307, .T. ) ;
#1368 = VECTOR ( 'NONE', #1703, 1000.000000000000000 ) ;
#1369 = ADVANCED_FACE ( 'NONE', ( #1582 ), #148, .F. ) ;
#1370 =( NAMED_UNIT ( * ) PLANE_ANGLE_UNIT ( ) SI_UNIT ( $, .RADIAN. ) );
#1371 = CARTESIAN_POINT ( 'NONE',  ( 0.000000000000000000, 4.606867086415163399E-16, 3.761792452830190037 ) ) ;
#1372 = DIRECTION ( 'NONE',  ( -0.000000000000000000, 0.000000000000000000, -1.000000000000000000 ) ) ;
#1373 = DIRECTION ( 'NONE',  ( -3.589083053745117718E-15, 0.000000000000000000, 1.000000000000000000 ) ) ;
#1374 = SURFACE_STYLE_FILL_AREA ( #3694 ) ;
#1375 = SURFACE_SIDE_STYLE ('',( #3635 ) ) ;
#1376 = UNCERTAINTY_MEASURE_WITH_UNIT (LENGTH_MEASURE( 1.000000000000000082E-05 ), #1508, 'distance_accuracy_value', 'NONE');
#1377 = CIRCLE ( 'NONE', #502, 2.000000000000001776 ) ;
#1378 = ORIENTED_EDGE ( 'NONE', *, *, #1705, .F. ) ;
#1379 = CARTESIAN_POINT ( 'NONE',  ( 33.00000000000000000, 316.0000000000002274, -2.000000000000000000 ) ) ;
#1380 = VERTEX_POINT ( 'NONE', #1616 ) ;
#1381 = DIRECTION ( 'NONE',  ( 1.000000000000000000, 0.000000000000000000, 0.000000000000000000 ) ) ;
#1382 = CARTESIAN_POINT ( 'NONE',  ( 33.00000000000000000, 177.0000000000009379, -2.000000000000000000 ) ) ;
#1383 = DIRECTION ( 'NONE',  ( -1.000000000000000000, -0.000000000000000000, -0.000000000000000000 ) ) ;
#1384 = VECTOR ( 'NONE', #4036, 1000.000000000000000 ) ;
#1385 = ORIENTED_EDGE ( 'NONE', *, *, #3121, .T. ) ;
#1386 = CIRCLE ( 'NONE', #5776, 2.000000000000000000 ) ;
#1387 = ORIENTED_EDGE ( 'NONE', *, *, #4394, .F. ) ;
#1388 = CARTESIAN_POINT ( 'NONE',  ( 10.00000000000021494, 55.00000000000011369, -2.000000000000000000 ) ) ;
#1389 = DIRECTION ( 'NONE',  ( -1.000000000000000000, 0.000000000000000000, 0.000000000000000000 ) ) ;
#1390 = DIRECTION ( 'NONE',  ( -1.000000000000000000, 0.000000000000000000, 0.000000000000000000 ) ) ;
#1391 = CARTESIAN_POINT ( 'NONE',  ( 15.49999999999596056, 237.0000000000000000, 28.99999999999999645 ) ) ;
#1392 = CONTEXT_DEPENDENT_SHAPE_REPRESENTATION ( #3208, #3368 ) ;
#1393 = VECTOR ( 'NONE', #2882, 1000.000000000000000 ) ;
#1394 = ORIENTED_EDGE ( 'NONE', *, *, #1643, .T. ) ;
#1395 = ORIENTED_EDGE ( 'NONE', *, *, #5729, .F. ) ;
#1396 = ORIENTED_EDGE ( 'NONE', *, *, #2818, .F. ) ;
#1397 = VECTOR ( 'NONE', #2440, 1000.000000000000000 ) ;
#1398 = DIRECTION ( 'NONE',  ( 0.000000000000000000, 0.000000000000000000, 1.000000000000000000 ) ) ;
#1399 = EDGE_CURVE ( 'NONE', #3986, #5548, #5000, .T. ) ;
#1400 = LINE ( 'NONE', #2740, #2984 ) ;
#1401 = EDGE_CURVE ( 'NONE', #181, #2708, #2362, .T. ) ;
#1402 = CARTESIAN_POINT ( 'NONE',  ( -152.0000000000000000, 119.9999999999999858, -764.0000000000000000 ) ) ;
#1403 = DIRECTION ( 'NONE',  ( 1.000000000000000000, 0.000000000000000000, 0.000000000000000000 ) ) ;
#1404 = DIRECTION ( 'NONE',  ( -0.000000000000000000, -0.000000000000000000, -1.000000000000000000 ) ) ;
#1405 = VECTOR ( 'NONE', #3897, 1000.000000000000000 ) ;
#1406 = LINE ( 'NONE', #3241, #5619 ) ;
#1407 = EDGE_CURVE ( 'NONE', #5007, #4362, #222, .T. ) ;
#1408 = PRODUCT_DEFINITION_SHAPE ( 'NONE', 'NONE',  #6033 ) ;
#1409 = AXIS2_PLACEMENT_3D ( 'NONE', #5474, #5145, #3642 ) ;
#1410 = VERTEX_POINT ( 'NONE', #1049 ) ;
#1411 = FACE_OUTER_BOUND ( 'NONE', #3298, .T. ) ;
#1412 = ORIENTED_EDGE ( 'NONE', *, *, #2069, .T. ) ;
#1413 = CARTESIAN_POINT ( 'NONE',  ( 50.99999999999837286, 95.00000000000031264, 3.827021247335479296E-16 ) ) ;
#1414 = PLANE ( 'NONE',  #5578 ) ;
#1415 = DIRECTION ( 'NONE',  ( -0.000000000000000000, -0.000000000000000000, -1.000000000000000000 ) ) ;
#1416 = EDGE_CURVE ( 'NONE', #670, #238, #1785, .T. ) ;
#1417 = CIRCLE ( 'NONE', #3272, 2.000000000000000000 ) ;
#1418 = AXIS2_PLACEMENT_3D ( 'NONE', #3681, #4204, #481 ) ;
#1419 = ORIENTED_EDGE ( 'NONE', *, *, #4763, .F. ) ;
#1420 = CIRCLE ( 'NONE', #1310, 3.199999999999987743 ) ;
#1421 = VERTEX_POINT ( 'NONE', #1483 ) ;
#1422 = CARTESIAN_POINT ( 'NONE',  ( 38.99999999999991473, 650.0000000000000000, 1.327960729885690582E-13 ) ) ;
#1423 = DIRECTION ( 'NONE',  ( -0.000000000000000000, -0.000000000000000000, -1.000000000000000000 ) ) ;
#1424 = CYLINDRICAL_SURFACE ( 'NONE', #60, 1.000000000000000888 ) ;
#1425 = DIRECTION ( 'NONE',  ( -1.000000000000000000, 0.000000000000000000, 0.000000000000000000 ) ) ;
#1426 = CIRCLE ( 'NONE', #5327, 2.000000000000001776 ) ;
#1427 = AXIS2_PLACEMENT_3D ( 'NONE', #2162, #3541, #3511 ) ;
#1428 = ORIENTED_EDGE ( 'NONE', *, *, #5431, .T. ) ;
#1429 = AXIS2_PLACEMENT_3D ( 'NONE', #3219, #4222, #4170 ) ;
#1430 = ORIENTED_EDGE ( 'NONE', *, *, #4767, .F. ) ;
#1431 = AXIS2_PLACEMENT_3D ( 'NONE', #2129, #5854, #234 ) ;
#1432 = DIRECTION ( 'NONE',  ( 1.000000000000000000, 0.000000000000000000, 0.000000000000000000 ) ) ;
#1433 = ORIENTED_EDGE ( 'NONE', *, *, #5742, .T. ) ;
#1434 = LINE ( 'NONE', #1555, #2297 ) ;
#1435 = STYLED_ITEM ( 'NONE', ( #1279 ), #3075 ) ;
#1436 = CARTESIAN_POINT ( 'NONE',  ( 100.9999999999999858, 85.00000000000000000, 2.000000000000000000 ) ) ;
#1437 = EDGE_CURVE ( 'NONE', #4299, #5341, #2946, .T. ) ;
#1438 = ADVANCED_FACE ( 'NONE', ( #5292 ), #3347, .F. ) ;
#1439 = CIRCLE ( 'NONE', #774, 2.000000000000000000 ) ;
#1440 = CARTESIAN_POINT ( 'NONE',  ( 93.14999999999845670, 159.9999999999999716, 0.000000000000000000 ) ) ;
#1441 = DIRECTION ( 'NONE',  ( 1.000000000000000000, 0.000000000000000000, 0.000000000000000000 ) ) ;
#1442 = CARTESIAN_POINT ( 'NONE',  ( 0.000000000000000000, 1.224646799147353207E-16, -1.000000000000000888 ) ) ;
#1443 = CARTESIAN_POINT ( 'NONE',  ( -2.385000000000001563, 15.75000000000007994, -75.00000000000007105 ) ) ;
#1444 = FACE_BOUND ( 'NONE', #1731, .T. ) ;
#1445 = VERTEX_POINT ( 'NONE', #2934 ) ;
#1446 = EDGE_CURVE ( 'NONE', #2858, #2357, #811, .T. ) ;
#1447 = ORIENTED_EDGE ( 'NONE', *, *, #3428, .F. ) ;
#1448 = DIRECTION ( 'NONE',  ( -0.000000000000000000, -0.000000000000000000, 1.000000000000000000 ) ) ;
#1449 = ORIENTED_EDGE ( 'NONE', *, *, #5669, .F. ) ;
#1450 = DIRECTION ( 'NONE',  ( -1.000000000000000000, 0.000000000000000000, 0.000000000000000000 ) ) ;
#1451 = CARTESIAN_POINT ( 'NONE',  ( -152.0000000000000000, 118.9999999999999858, -764.0000000000000000 ) ) ;
#1452 = EDGE_CURVE ( 'NONE', #5523, #2187, #1964, .T. ) ;
#1453 = VERTEX_POINT ( 'NONE', #1015 ) ;
#1454 = DIRECTION ( 'NONE',  ( 0.000000000000000000, -0.000000000000000000, -1.000000000000000000 ) ) ;
#1455 = VERTEX_POINT ( 'NONE', #2388 ) ;
#1456 =( REPRESENTATION_RELATIONSHIP ('NONE','NONE', #1948, #4877 ) REPRESENTATION_RELATIONSHIP_WITH_TRANSFORMATION ( #4721 )SHAPE_REPRESENTATION_RELATIONSHIP( ) );
#1457 = LINE ( 'NONE', #47, #1281 ) ;
#1458 = DIRECTION ( 'NONE',  ( -0.000000000000000000, -0.000000000000000000, -1.000000000000000000 ) ) ;
#1459 = CARTESIAN_POINT ( 'NONE',  ( 0.9999999999998059330, 18.00000000000000000, 28.99999999999999645 ) ) ;
#1460 = VERTEX_POINT ( 'NONE', #627 ) ;
#1461 = EDGE_LOOP ( 'NONE', ( #1447, #4431 ) ) ;
#1462 = CARTESIAN_POINT ( 'NONE',  ( -0.3849999999999999534, 0.000000000000000000, -3.761792452830190037 ) ) ;
#1463 = ORIENTED_EDGE ( 'NONE', *, *, #3855, .T. ) ;
#1464 = PRODUCT_DEFINITION_SHAPE ( 'NONE', 'NONE',  #6031 ) ;
#1465 = LINE ( 'NONE', #5646, #2401 ) ;
#1466 = DIRECTION ( 'NONE',  ( 1.000000000000000000, 0.000000000000000000, 0.000000000000000000 ) ) ;
#1467 = EDGE_LOOP ( 'NONE', ( #1104, #4755, #2323, #271 ) ) ;
#1468 = DIRECTION ( 'NONE',  ( 0.000000000000000000, 0.000000000000000000, 1.000000000000000000 ) ) ;
#1469 = CARTESIAN_POINT ( 'NONE',  ( 18.99999999999374367, 43.00000000000000000, 28.99999999999999645 ) ) ;
#1470 = CARTESIAN_POINT ( 'NONE',  ( -152.0000000000000000, 119.9999999999999858, -765.0000000000000000 ) ) ;
#1471 = DIRECTION ( 'NONE',  ( -1.000000000000000000, -9.931017931319869930E-17, 1.655835545099679789E-15 ) ) ;
#1472 = PLANE ( 'NONE',  #2396 ) ;
#1473 = EDGE_CURVE ( 'NONE', #2857, #670, #4292, .T. ) ;
#1474 = VERTEX_POINT ( 'NONE', #504 ) ;
#1475 = CARTESIAN_POINT ( 'NONE',  ( -152.0000000000000000, 118.9999999999999858, -1.000000000000000888 ) ) ;
#1476 = ORIENTED_EDGE ( 'NONE', *, *, #5759, .F. ) ;
#1477 = FACE_OUTER_BOUND ( 'NONE', #4167, .T. ) ;
#1478 = CARTESIAN_POINT ( 'NONE',  ( 118.0000000000000000, 0.000000000000000000, 0.000000000000000000 ) ) ;
#1479 = ADVANCED_FACE ( 'NONE', ( #599 ), #3853, .F. ) ;
#1480 = EDGE_CURVE ( 'NONE', #284, #4836, #1572, .T. ) ;
#1481 =( GEOMETRIC_REPRESENTATION_CONTEXT ( 3 ) GLOBAL_UNCERTAINTY_ASSIGNED_CONTEXT ( ( #4808 ) ) GLOBAL_UNIT_ASSIGNED_CONTEXT ( ( #5650, #4279, #4884 ) ) REPRESENTATION_CONTEXT ( 'NONE', 'WORKASPACE' ) );
#1482 = VERTEX_POINT ( 'NONE', #3436 ) ;
#1483 = CARTESIAN_POINT ( 'NONE',  ( 117.0000000000000000, 0.000000000000000000, 0.000000000000000000 ) ) ;
#1484 = ORIENTED_EDGE ( 'NONE', *, *, #5697, .T. ) ;
#1485 = DIRECTION ( 'NONE',  ( -1.000000000000000000, 0.000000000000000000, 0.000000000000000000 ) ) ;
#1486 = DIRECTION ( 'NONE',  ( -0.000000000000000000, 0.000000000000000000, 1.000000000000000000 ) ) ;
#1487 = CIRCLE ( 'NONE', #3531, 1.000000000000000888 ) ;
#1488 = PLANE ( 'NONE',  #5422 ) ;
#1489 = EDGE_CURVE ( 'NONE', #1283, #3977, #1937, .T. ) ;
#1490 = VECTOR ( 'NONE', #5985, 1000.000000000000000 ) ;
#1491 = ORIENTED_EDGE ( 'NONE', *, *, #3789, .T. ) ;
#1492 = ORIENTED_EDGE ( 'NONE', *, *, #5207, .T. ) ;
#1493 = DIRECTION ( 'NONE',  ( 1.000000000000000000, 0.000000000000000000, 0.000000000000000000 ) ) ;
#1494 = AXIS2_PLACEMENT_3D ( 'NONE', #2983, #2040, #1557 ) ;
#1495 = DIRECTION ( 'NONE',  ( 0.000000000000000000, 1.000000000000000000, 0.000000000000000000 ) ) ;
#1496 = EDGE_CURVE ( 'NONE', #3944, #1847, #3046, .T. ) ;
#1497 = CARTESIAN_POINT ( 'NONE',  ( 87.79999999999837712, 193.0000000000003126, 2.000000000000000000 ) ) ;
#1498 = DIRECTION ( 'NONE',  ( 0.000000000000000000, 0.000000000000000000, 1.000000000000000000 ) ) ;
#1499 = CARTESIAN_POINT ( 'NONE',  ( 16.80000000000000071, 46.99999999999992895, -2.000000000000000000 ) ) ;
#1500 = DIRECTION ( 'NONE',  ( 0.000000000000000000, 0.000000000000000000, -1.000000000000000000 ) ) ;
#1501 = DIRECTION ( 'NONE',  ( -2.940840684141151999E-17, 0.8371691043312211589, -0.5469441386039901598 ) ) ;
#1502 = DIRECTION ( 'NONE',  ( -1.000000000000000000, 0.000000000000000000, 0.000000000000000000 ) ) ;
#1503 = AXIS2_PLACEMENT_3D ( 'NONE', #3115, #340, #2249 ) ;
#1504 = LINE ( 'NONE', #4286, #2559 ) ;
#1505 = CIRCLE ( 'NONE', #4919, 3.499999999999999556 ) ;
#1506 = ORIENTED_EDGE ( 'NONE', *, *, #5148, .T. ) ;
#1507 = DIRECTION ( 'NONE',  ( -1.000000000000000000, 0.000000000000000000, 0.000000000000000000 ) ) ;
#1508 =( LENGTH_UNIT ( ) NAMED_UNIT ( * ) SI_UNIT ( .MILLI., .METRE. ) );
#1509 = AXIS2_PLACEMENT_3D ( 'NONE', #1258, #316, #2661 ) ;
#1510 = ORIENTED_EDGE ( 'NONE', *, *, #4465, .T. ) ;
#1511 = DIRECTION ( 'NONE',  ( 0.000000000000000000, 0.000000000000000000, 1.000000000000000000 ) ) ;
#1512 = EDGE_CURVE ( 'NONE', #1453, #1843, #4802, .T. ) ;
#1513 = ORIENTED_EDGE ( 'NONE', *, *, #1290, .T. ) ;
#1514 = ADVANCED_FACE ( 'NONE', ( #3003, #3496, #2121, #5903, #4898, #4404, #1190, #4492, #4438, #4838, #660, #4033, #2172, #3589, #2505, #2146, #1161 ), #3027, .T. ) ;
#1515 = LINE ( 'NONE', #3319, #2671 ) ;
#1516 = DIRECTION ( 'NONE',  ( -0.000000000000000000, -0.000000000000000000, -1.000000000000000000 ) ) ;
#1517 = AXIS2_PLACEMENT_3D ( 'NONE', #2420, #5634, #1045 ) ;
#1518 = CARTESIAN_POINT ( 'NONE',  ( -1.000000000000000222, 2.000000000000000000, 0.000000000000000000 ) ) ;
#1519 = AXIS2_PLACEMENT_3D ( 'NONE', #545, #1881, #2027 ) ;
#1520 = UNCERTAINTY_MEASURE_WITH_UNIT (LENGTH_MEASURE( 1.000000000000000082E-05 ), #4330, 'distance_accuracy_value', 'NONE');
#1521 = VERTEX_POINT ( 'NONE', #2569 ) ;
#1522 = VERTEX_POINT ( 'NONE', #2055 ) ;
#1523 = ADVANCED_FACE ( 'NONE', ( #1601 ), #259, .T. ) ;
#1524 = VECTOR ( 'NONE', #2428, 1000.000000000000000 ) ;
#1525 = CARTESIAN_POINT ( 'NONE',  ( -152.0000000000000000, 119.9999999999999858, -1.000000000000000888 ) ) ;
#1526 = CIRCLE ( 'NONE', #1908, 3.761792452830190037 ) ;
#1527 = CARTESIAN_POINT ( 'NONE',  ( 35.00000000000000000, 0.000000000000000000, -2.000000000000000000 ) ) ;
#1528 = DIRECTION ( 'NONE',  ( 0.000000000000000000, 0.000000000000000000, -1.000000000000000000 ) ) ;
#1529 = VECTOR ( 'NONE', #6016, 1000.000000000000000 ) ;
#1530 = CIRCLE ( 'NONE', #3182, 1.250000000000001110 ) ;
#1531 = ADVANCED_FACE ( 'NONE', ( #3976 ), #5844, .F. ) ;
#1532 = DIRECTION ( 'NONE',  ( 0.000000000000000000, 0.000000000000000000, -1.000000000000000000 ) ) ;
#1533 = CARTESIAN_POINT ( 'NONE',  ( 57.99999999999998579, 368.5000000000000568, 2.000000000000000000 ) ) ;
#1534 = DIRECTION ( 'NONE',  ( 1.000000000000000000, 0.000000000000000000, 0.000000000000000000 ) ) ;
#1535 = MECHANICAL_DESIGN_GEOMETRIC_PRESENTATION_REPRESENTATION (  '', ( #4164 ), #3085 ) ;
#1536 = CARTESIAN_POINT ( 'NONE',  ( -130.0000000000021885, 117.6149999999999523, -725.0000000000001137 ) ) ;
#1537 = DIRECTION ( 'NONE',  ( -1.000000000000000000, 0.000000000000000000, 0.000000000000000000 ) ) ;
#1538 = ORIENTED_EDGE ( 'NONE', *, *, #1437, .F. ) ;
#1539 = MECHANICAL_DESIGN_GEOMETRIC_PRESENTATION_REPRESENTATION (  '', ( #1341 ), #1047 ) ;
#1540 = DIRECTION ( 'NONE',  ( 0.000000000000000000, 0.000000000000000000, 1.000000000000000000 ) ) ;
#1541 = EDGE_LOOP ( 'NONE', ( #3136, #4781 ) ) ;
#1542 = FACE_OUTER_BOUND ( 'NONE', #2065, .T. ) ;
#1543 = CARTESIAN_POINT ( 'NONE',  ( 97.99999999999998579, 368.5000000000000568, 2.000000000000000000 ) ) ;
#1544 = VERTEX_POINT ( 'NONE', #314 ) ;
#1545 = ORIENTED_EDGE ( 'NONE', *, *, #3390, .F. ) ;
#1546 = DIRECTION ( 'NONE',  ( 0.000000000000000000, 0.000000000000000000, 1.000000000000000000 ) ) ;
#1547 = DIRECTION ( 'NONE',  ( -0.000000000000000000, 0.000000000000000000, -1.000000000000000000 ) ) ;
#1548 = DIRECTION ( 'NONE',  ( 0.000000000000000000, 0.000000000000000000, 1.000000000000000000 ) ) ;
#1549 = EDGE_CURVE ( 'NONE', #749, #976, #1662, .T. ) ;
#1550 = ADVANCED_FACE ( 'NONE', ( #5870 ), #5414, .F. ) ;
#1551 = ORIENTED_EDGE ( 'NONE', *, *, #4608, .T. ) ;
#1552 = VERTEX_POINT ( 'NONE', #4865 ) ;
#1553 = DIRECTION ( 'NONE',  ( -1.000000000000000000, 0.000000000000000000, 0.000000000000000000 ) ) ;
#1554 = ORIENTED_EDGE ( 'NONE', *, *, #5314, .T. ) ;
#1555 = CARTESIAN_POINT ( 'NONE',  ( 107.4499999999999886, 35.00000000000002842, 0.000000000000000000 ) ) ;
#1556 = ADVANCED_FACE ( 'NONE', ( #1725 ), #689, .T. ) ;
#1557 = DIRECTION ( 'NONE',  ( -1.000000000000000000, 0.000000000000000000, 0.000000000000000000 ) ) ;
#1558 = SURFACE_STYLE_USAGE ( .BOTH. , #5738 ) ;
#1559 = CARTESIAN_POINT ( 'NONE',  ( 91.89999999999845670, 159.9999999999999716, 0.000000000000000000 ) ) ;
#1560 = DIRECTION ( 'NONE',  ( -1.000000000000000000, 0.000000000000000000, 0.000000000000000000 ) ) ;
#1561 = CARTESIAN_POINT ( 'NONE',  ( 0.000000000000000000, 0.000000000000000000, 0.000000000000000000 ) ) ;
#1562 = DIRECTION ( 'NONE',  ( 0.000000000000000000, 0.000000000000000000, -1.000000000000000000 ) ) ;
#1563 = CLOSED_SHELL ( 'NONE', ( #1862, #5279, #436, #1594, #3194, #4232, #768, #2144, #2514, #3703, #3148, #1042, #4049, #4844, #5067, #1138, #1698, #5633, #1564, #694, #2439, #5028, #1531, #4798, #1737, #1438, #5803, #5701, #3784, #1925, #2589, #5556, #3343, #4974, #5925, #1322, #881, #915, #1970, #1213, #2606, #695, #1711, #1992, #2415, #5757, #4833, #2473, #1355, #2111, #3474, #3034, #4083, #4574, #1523, #3008, #4233, #2143 ) ) ;
#1564 = ADVANCED_FACE ( 'NONE', ( #2534 ), #224, .F. ) ;
#1565 = DIRECTION ( 'NONE',  ( -1.000000000000000000, 0.000000000000000000, 0.000000000000000000 ) ) ;
#1566 = ORIENTED_EDGE ( 'NONE', *, *, #1059, .T. ) ;
#1567 = ORIENTED_EDGE ( 'NONE', *, *, #4882, .T. ) ;
#1568 = DIRECTION ( 'NONE',  ( 8.462065736472249571E-17, 1.000000000000000000, -0.000000000000000000 ) ) ;
#1569 = LINE ( 'NONE', #1478, #3387 ) ;
#1570 = DIRECTION ( 'NONE',  ( 1.000000000000000000, 0.000000000000000000, 0.000000000000000000 ) ) ;
#1571 = ORIENTED_EDGE ( 'NONE', *, *, #3864, .T. ) ;
#1572 = LINE ( 'NONE', #1073, #324 ) ;
#1573 = EDGE_LOOP ( 'NONE', ( #2430, #3101, #2839, #2891 ) ) ;
#1574 = PLANE ( 'NONE',  #139 ) ;
#1575 = CYLINDRICAL_SURFACE ( 'NONE', #3624, 2.066999999999999726 ) ;
#1576 = PLANE ( 'NONE',  #2978 ) ;
#1577 = EDGE_LOOP ( 'NONE', ( #4012, #2560, #5265, #1936 ) ) ;
#1578 = VECTOR ( 'NONE', #2899, 1000.000000000000000 ) ;
#1579 = ORIENTED_EDGE ( 'NONE', *, *, #4903, .T. ) ;
#1580 = DIRECTION ( 'NONE',  ( -0.000000000000000000, 0.000000000000000000, 1.000000000000000000 ) ) ;
#1581 = VECTOR ( 'NONE', #1872, 1000.000000000000000 ) ;
#1582 = FACE_OUTER_BOUND ( 'NONE', #5879, .T. ) ;
#1583 = EDGE_LOOP ( 'NONE', ( #4063, #2484, #4621, #3108 ) ) ;
#1584 = CYLINDRICAL_SURFACE ( 'NONE', #723, 3.199999999999994404 ) ;
#1585 = AXIS2_PLACEMENT_3D ( 'NONE', #1712, #3112, #2279 ) ;
#1586 = CARTESIAN_POINT ( 'NONE',  ( 15.50000000000000355, 625.0000000000000000, 28.99999999999999645 ) ) ;
#1587 = EDGE_CURVE ( 'NONE', #5410, #2217, #3943, .T. ) ;
#1588 = EDGE_CURVE ( 'NONE', #2944, #2731, #2757, .T. ) ;
#1589 = DIRECTION ( 'NONE',  ( -1.000000000000000000, -1.224646799147352961E-16, 0.000000000000000000 ) ) ;
#1590 = DIRECTION ( 'NONE',  ( 1.000000000000000000, 0.000000000000000000, 0.000000000000000000 ) ) ;
#1591 = AXIS2_PLACEMENT_3D ( 'NONE', #777, #2086, #4929 ) ;
#1592 = DIRECTION ( 'NONE',  ( 1.000000000000000000, 0.000000000000000000, 0.000000000000000000 ) ) ;
#1593 = VERTEX_POINT ( 'NONE', #3553 ) ;
#1594 = ADVANCED_FACE ( 'NONE', ( #4467 ), #2658, .F. ) ;
#1595 = CARTESIAN_POINT ( 'NONE',  ( 10.00000000000021494, 55.00000000000011369, 0.000000000000000000 ) ) ;
#1596 = AXIS2_PLACEMENT_3D ( 'NONE', #3935, #5836, #651 ) ;
#1597 = CARTESIAN_POINT ( 'NONE',  ( -0.3849999999999999534, 3.884299670643258668E-16, -3.153542764081299410 ) ) ;
#1598 = DIRECTION ( 'NONE',  ( -1.000000000000000000, -1.224646799147353207E-16, 0.000000000000000000 ) ) ;
#1599 = CIRCLE ( 'NONE', #5009, 2.000000000000001776 ) ;
#1600 = ORIENTED_EDGE ( 'NONE', *, *, #3718, .F. ) ;
#1601 = FACE_OUTER_BOUND ( 'NONE', #5487, .T. ) ;
#1602 = ORIENTED_EDGE ( 'NONE', *, *, #1013, .T. ) ;
#1603 = EDGE_CURVE ( 'NONE', #2137, #3144, #3449, .T. ) ;
#1604 = DIRECTION ( 'NONE',  ( -0.000000000000000000, -0.000000000000000000, -1.000000000000000000 ) ) ;
#1605 = DIRECTION ( 'NONE',  ( -0.000000000000000000, -0.000000000000000000, 1.000000000000000000 ) ) ;
#1606 = DIRECTION ( 'NONE',  ( -0.000000000000000000, -0.000000000000000000, -1.000000000000000000 ) ) ;
#1607 = AXIS2_PLACEMENT_3D ( 'NONE', #601, #4350, #3350 ) ;
#1608 = ORIENTED_EDGE ( 'NONE', *, *, #3930, .F. ) ;
#1609 = AXIS2_PLACEMENT_3D ( 'NONE', #3097, #3591, #3029 ) ;
#1610 = EDGE_LOOP ( 'NONE', ( #351, #5858, #5486, #4390 ) ) ;
#1611 = VERTEX_POINT ( 'NONE', #3123 ) ;
#1612 = CARTESIAN_POINT ( 'NONE',  ( 35.00000000000000000, 669.9999999999997726, -2.000000000000000000 ) ) ;
#1613 =( NAMED_UNIT ( * ) PLANE_ANGLE_UNIT ( ) SI_UNIT ( $, .RADIAN. ) );
#1614 = CIRCLE ( 'NONE', #1726, 4.320000000000000284 ) ;
#1615 = AXIS2_PLACEMENT_3D ( 'NONE', #2349, #2959, #128 ) ;
#1616 = CARTESIAN_POINT ( 'NONE',  ( 17.00000000000003553, 348.0000000000001705, 0.000000000000000000 ) ) ;
#1617 = AXIS2_PLACEMENT_3D ( 'NONE', #987, #2733, #2800 ) ;
#1618 = EDGE_LOOP ( 'NONE', ( #3318, #1014, #3329, #3796 ) ) ;
#1619 = AXIS2_PLACEMENT_3D ( 'NONE', #4720, #989, #1570 ) ;
#1620 = SURFACE_STYLE_FILL_AREA ( #4915 ) ;
#1621 = AXIS2_PLACEMENT_3D ( 'NONE', #2436, #2463, #5651 ) ;
#1622 = DIRECTION ( 'NONE',  ( 0.000000000000000000, 0.000000000000000000, 1.000000000000000000 ) ) ;
#1623 = CYLINDRICAL_SURFACE ( 'NONE', #2293, 1.000000000000000888 ) ;
#1624 = ITEM_DEFINED_TRANSFORMATION ( 'NONE', 'NONE', #5433,  #5721 ) ;
#1625 = FACE_OUTER_BOUND ( 'NONE', #1656, .T. ) ;
#1626 = VECTOR ( 'NONE', #2617, 1000.000000000000000 ) ;
#1627 = VECTOR ( 'NONE', #2044, 1000.000000000000000 ) ;
#1628 = ADVANCED_FACE ( 'NONE', ( #4166 ), #2316, .F. ) ;
#1629 = EDGE_CURVE ( 'NONE', #2728, #2845, #408, .T. ) ;
#1630 = DIRECTION ( 'NONE',  ( -0.000000000000000000, -0.000000000000000000, 1.000000000000000000 ) ) ;
#1631 = ORIENTED_EDGE ( 'NONE', *, *, #3711, .F. ) ;
#1632 = DIRECTION ( 'NONE',  ( 1.000000000000000000, 4.111937128240389781E-15, -0.000000000000000000 ) ) ;
#1633 =( GEOMETRIC_REPRESENTATION_CONTEXT ( 3 ) GLOBAL_UNCERTAINTY_ASSIGNED_CONTEXT ( ( #668 ) ) GLOBAL_UNIT_ASSIGNED_CONTEXT ( ( #3200, #5429, #1360 ) ) REPRESENTATION_CONTEXT ( 'NONE', 'WORKASPACE' ) );
#1634 = DIRECTION ( 'NONE',  ( -0.000000000000000000, -0.000000000000000000, -1.000000000000000000 ) ) ;
#1635 = EDGE_CURVE ( 'NONE', #5514, #5252, #2258, .T. ) ;
#1636 = ORIENTED_EDGE ( 'NONE', *, *, #3638, .F. ) ;
#1637 = CARTESIAN_POINT ( 'NONE',  ( 2.000000000000000000, 0.000000000000000000, 0.000000000000000000 ) ) ;
#1638 = VERTEX_POINT ( 'NONE', #3670 ) ;
#1639 = FILL_AREA_STYLE_COLOUR ( '', #4240 ) ;
#1640 = AXIS2_PLACEMENT_3D ( 'NONE', #2116, #5044, #5456 ) ;
#1641 = FACE_OUTER_BOUND ( 'NONE', #5318, .T. ) ;
#1642 = LINE ( 'NONE', #2573, #363 ) ;
#1643 = EDGE_CURVE ( 'NONE', #2796, #5384, #529, .T. ) ;
#1644 = ORIENTED_EDGE ( 'NONE', *, *, #3274, .T. ) ;
#1645 = ORIENTED_EDGE ( 'NONE', *, *, #1831, .F. ) ;
#1646 = DIRECTION ( 'NONE',  ( -0.000000000000000000, -0.000000000000000000, -1.000000000000000000 ) ) ;
#1647 = PRESENTATION_STYLE_ASSIGNMENT (( #727 ) ) ;
#1648 = FACE_OUTER_BOUND ( 'NONE', #5823, .T. ) ;
#1649 = EDGE_LOOP ( 'NONE', ( #2474, #326, #4758, #4079 ) ) ;
#1650 = CARTESIAN_POINT ( 'NONE',  ( -72.00000000000000000, 79.99999999999998579, -765.0000000000000000 ) ) ;
#1651 = CARTESIAN_POINT ( 'NONE',  ( -1.942449605356233562E-13, 670.0000000000000000, 30.99999999999999289 ) ) ;
#1652 = APPLICATION_PROTOCOL_DEFINITION ( 'draft international standard', 'automotive_design', 1998, #4265 ) ;
#1653 = LINE ( 'NONE', #5374, #2108 ) ;
#1654 = FACE_OUTER_BOUND ( 'NONE', #5453, .T. ) ;
#1655 = CARTESIAN_POINT ( 'NONE',  ( 41.99999999999990763, 1.000000000000000000, 2.000000000000000000 ) ) ;
#1656 = EDGE_LOOP ( 'NONE', ( #3404, #1055, #1199, #197, #1412, #308, #2033, #4403, #4253, #1700, #5569, #820, #3685, #935, #1267, #2698, #5865, #5336, #5500, #1510, #5724, #4677, #5293, #3230, #1551, #2908, #5430, #1364, #5611, #534, #3317, #3444, #2419, #4693, #2915, #3245, #2087, #5568, #4649, #4749, #2145, #503, #2889, #5377, #230, #3988, #2694, #4966 ) ) ;
#1657 = DIRECTION ( 'NONE',  ( 0.000000000000000000, 0.000000000000000000, -1.000000000000000000 ) ) ;
#1658 = SURFACE_STYLE_USAGE ( .BOTH. , #2531 ) ;
#1659 = CARTESIAN_POINT ( 'NONE',  ( 33.00000000000000711, 594.0000000000000000, -2.000000000000000000 ) ) ;
#1660 = EDGE_CURVE ( 'NONE', #3392, #3349, #1869, .T. ) ;
#1661 = ORIENTED_EDGE ( 'NONE', *, *, #5623, .F. ) ;
#1662 = LINE ( 'NONE', #3523, #5587 ) ;
#1663 = ORIENTED_EDGE ( 'NONE', *, *, #4786, .T. ) ;
#1664 = FACE_OUTER_BOUND ( 'NONE', #1573, .T. ) ;
#1665 = CARTESIAN_POINT ( 'NONE',  ( 7.999999999999989342, 121.0000000000001137, 0.000000000000000000 ) ) ;
#1666 = FACE_OUTER_BOUND ( 'NONE', #778, .T. ) ;
#1667 = EDGE_CURVE ( 'NONE', #1445, #4957, #1814, .T. ) ;
#1668 = EDGE_CURVE ( 'NONE', #1315, #2802, #1842, .T. ) ;
#1669 = ORIENTED_EDGE ( 'NONE', *, *, #4241, .F. ) ;
#1670 = VERTEX_POINT ( 'NONE', #1379 ) ;
#1671 = CARTESIAN_POINT ( 'NONE',  ( 2.000000000000000000, 718.0000000000000000, -2.000000000000000000 ) ) ;
#1672 = EDGE_CURVE ( 'NONE', #5692, #5319, #2860, .T. ) ;
#1673 = DIRECTION ( 'NONE',  ( 0.000000000000000000, 0.000000000000000000, -1.000000000000000000 ) ) ;
#1674 = SURFACE_STYLE_FILL_AREA ( #3987 ) ;
#1675 = AXIS2_PLACEMENT_3D ( 'NONE', #580, #5948, #16 ) ;
#1676 = ORIENTED_EDGE ( 'NONE', *, *, #3465, .T. ) ;
#1677 = VERTEX_POINT ( 'NONE', #5013 ) ;
#1678 = DIRECTION ( 'NONE',  ( 1.000000000000000000, 0.000000000000000000, 0.000000000000000000 ) ) ;
#1679 = CARTESIAN_POINT ( 'NONE',  ( 7.999999999999921840, 667.9999999999998863, -2.000000000000000000 ) ) ;
#1680 = AXIS2_PLACEMENT_3D ( 'NONE', #719, #5269, #5751 ) ;
#1681 = DIRECTION ( 'NONE',  ( 0.000000000000000000, 0.000000000000000000, -1.000000000000000000 ) ) ;
#1682 = LINE ( 'NONE', #1214, #2546 ) ;
#1683 = CIRCLE ( 'NONE', #5387, 1.249999999999987121 ) ;
#1684 = CARTESIAN_POINT ( 'NONE',  ( 90.99999999999837996, 193.0000000000003126, 0.000000000000000000 ) ) ;
#1685 = ORIENTED_EDGE ( 'NONE', *, *, #584, .T. ) ;
#1686 = CARTESIAN_POINT ( 'NONE',  ( 36.99999999999991473, 650.0000000000000000, 1.258131103108827915E-13 ) ) ;
#1687 = LINE ( 'NONE', #773, #3564 ) ;
#1688 = AXIS2_PLACEMENT_3D ( 'NONE', #577, #1995, #5664 ) ;
#1689 = EDGE_LOOP ( 'NONE', ( #2986, #2812, #2153, #190 ) ) ;
#1690 = DIRECTION ( 'NONE',  ( -0.000000000000000000, -0.000000000000000000, -1.000000000000000000 ) ) ;
#1691 = AXIS2_PLACEMENT_3D ( 'NONE', #975, #2380, #1067 ) ;
#1692 = EDGE_LOOP ( 'NONE', ( #4326, #3087 ) ) ;
#1693 = CARTESIAN_POINT ( 'NONE',  ( 8.000000000000222045, 53.00000000000009948, 0.000000000000000000 ) ) ;
#1694 = CARTESIAN_POINT ( 'NONE',  ( 40.99999999999990763, 0.000000000000000000, 4.000000000000000000 ) ) ;
#1695 = CARTESIAN_POINT ( 'NONE',  ( 91.89999999999845670, 159.9999999999999716, -1.040949779275235965E-16 ) ) ;
#1696 = ORIENTED_EDGE ( 'NONE', *, *, #2406, .F. ) ;
#1697 = AXIS2_PLACEMENT_3D ( 'NONE', #1247, #2776, #1745 ) ;
#1698 = ADVANCED_FACE ( 'NONE', ( #4648 ), #350, .F. ) ;
#1699 = EDGE_CURVE ( 'NONE', #1552, #3327, #229, .T. ) ;
#1700 = ORIENTED_EDGE ( 'NONE', *, *, #359, .T. ) ;
#1701 = ORIENTED_EDGE ( 'NONE', *, *, #4201, .T. ) ;
#1702 = VECTOR ( 'NONE', #1117, 1000.000000000000000 ) ;
#1703 = DIRECTION ( 'NONE',  ( 0.000000000000000000, 0.000000000000000000, 1.000000000000000000 ) ) ;
#1704 =( GEOMETRIC_REPRESENTATION_CONTEXT ( 3 ) GLOBAL_UNCERTAINTY_ASSIGNED_CONTEXT ( ( #174 ) ) GLOBAL_UNIT_ASSIGNED_CONTEXT ( ( #3438, #5295, #226 ) ) REPRESENTATION_CONTEXT ( 'NONE', 'WORKASPACE' ) );
#1705 = EDGE_CURVE ( 'NONE', #1716, #4219, #1979, .T. ) ;
#1706 = VERTEX_POINT ( 'NONE', #4337 ) ;
#1707 = ORIENTED_EDGE ( 'NONE', *, *, #2244, .F. ) ;
#1708 = DIRECTION ( 'NONE',  ( -1.000000000000000000, -4.111937128241308804E-15, 0.000000000000000000 ) ) ;
#1709 = VECTOR ( 'NONE', #4463, 1000.000000000000000 ) ;
#1710 = DIRECTION ( 'NONE',  ( -0.000000000000000000, 0.000000000000000000, 1.000000000000000000 ) ) ;
#1711 = ADVANCED_FACE ( 'NONE', ( #4708 ), #73, .F. ) ;
#1712 = CARTESIAN_POINT ( 'NONE',  ( 33.00000000000000000, 592.0000000000000000, -2.000000000000000000 ) ) ;
#1713 = AXIS2_PLACEMENT_3D ( 'NONE', #3520, #744, #799 ) ;
#1714 = VECTOR ( 'NONE', #5860, 1000.000000000000000 ) ;
#1715 = FACE_OUTER_BOUND ( 'NONE', #1841, .T. ) ;
#1716 = VERTEX_POINT ( 'NONE', #3281 ) ;
#1717 = ORIENTED_EDGE ( 'NONE', *, *, #2228, .F. ) ;
#1718 = LINE ( 'NONE', #3023, #147 ) ;
#1719 = PRESENTATION_STYLE_ASSIGNMENT (( #1129 ) ) ;
#1720 = PLANE ( 'NONE',  #2974 ) ;
#1721 = VECTOR ( 'NONE', #4284, 1000.000000000000000 ) ;
#1722 = AXIS2_PLACEMENT_3D ( 'NONE', #678, #1152, #459 ) ;
#1723 = AXIS2_PLACEMENT_3D ( 'NONE', #1289, #720, #4933 ) ;
#1724 = ORIENTED_EDGE ( 'NONE', *, *, #1032, .F. ) ;
#1725 = FACE_OUTER_BOUND ( 'NONE', #3502, .T. ) ;
#1726 = AXIS2_PLACEMENT_3D ( 'NONE', #3039, #2580, #1673 ) ;
#1727 = ORIENTED_EDGE ( 'NONE', *, *, #4945, .T. ) ;
#1728 =( NAMED_UNIT ( * ) PLANE_ANGLE_UNIT ( ) SI_UNIT ( $, .RADIAN. ) );
#1729 = CYLINDRICAL_SURFACE ( 'NONE', #4596, 2.000000000000001776 ) ;
#1730 = FACE_OUTER_BOUND ( 'NONE', #4809, .T. ) ;
#1731 = EDGE_LOOP ( 'NONE', ( #3825, #3379 ) ) ;
#1732 = ORIENTED_EDGE ( 'NONE', *, *, #2007, .F. ) ;
#1733 = AXIS2_PLACEMENT_3D ( 'NONE', #4283, #1040, #3307 ) ;
#1734 = EDGE_LOOP ( 'NONE', ( #3803, #472, #3518, #5167, #134, #4663 ) ) ;
#1735 = SURFACE_SIDE_STYLE ('',( #3038 ) ) ;
#1736 = DIRECTION ( 'NONE',  ( -0.000000000000000000, -0.000000000000000000, 1.000000000000000000 ) ) ;
#1737 = ADVANCED_FACE ( 'NONE', ( #2840 ), #531, .F. ) ;
#1738 = EDGE_LOOP ( 'NONE', ( #393, #4998, #2942, #600 ) ) ;
#1739 = VERTEX_POINT ( 'NONE', #3815 ) ;
#1740 = DIRECTION ( 'NONE',  ( 1.000000000000000000, 0.000000000000000000, 0.000000000000000000 ) ) ;
#1741 = DIRECTION ( 'NONE',  ( 0.000000000000000000, -0.000000000000000000, -1.000000000000000000 ) ) ;
#1742 = FACE_BOUND ( 'NONE', #4468, .T. ) ;
#1743 = EDGE_CURVE ( 'NONE', #4200, #5548, #1504, .T. ) ;
#1744 = CARTESIAN_POINT ( 'NONE',  ( 19.99999999999783284, 679.9999999999998863, -2.000000000000000000 ) ) ;
#1745 = DIRECTION ( 'NONE',  ( 1.000000000000000000, 0.000000000000000000, 0.000000000000000000 ) ) ;
#1746 = DIRECTION ( 'NONE',  ( -0.000000000000000000, -0.000000000000000000, 1.000000000000000000 ) ) ;
#1747 = DIRECTION ( 'NONE',  ( -1.000000000000000000, 0.000000000000000000, 0.000000000000000000 ) ) ;
#1748 = PLANE ( 'NONE',  #2200 ) ;
#1749 = EDGE_CURVE ( 'NONE', #4989, #4032, #5980, .T. ) ;
#1750 = ORIENTED_EDGE ( 'NONE', *, *, #3310, .T. ) ;
#1751 = CARTESIAN_POINT ( 'NONE',  ( 97.99999999999998579, 368.5000000000000568, -1.163414459189982921E-15 ) ) ;
#1752 = ORIENTED_EDGE ( 'NONE', *, *, #5849, .F. ) ;
#1753 = CARTESIAN_POINT ( 'NONE',  ( 117.0000000000000000, 695.0000000000001137, 2.000000000000000000 ) ) ;
#1754 = LINE ( 'NONE', #5504, #1384 ) ;
#1755 = DIRECTION ( 'NONE',  ( 0.000000000000000000, -0.000000000000000000, -1.000000000000000000 ) ) ;
#1756 =( GEOMETRIC_REPRESENTATION_CONTEXT ( 3 ) GLOBAL_UNCERTAINTY_ASSIGNED_CONTEXT ( ( #4935 ) ) GLOBAL_UNIT_ASSIGNED_CONTEXT ( ( #4303, #4331, #3898 ) ) REPRESENTATION_CONTEXT ( 'NONE', 'WORKASPACE' ) );
#1757 = ORIENTED_EDGE ( 'NONE', *, *, #2260, .F. ) ;
#1758 = VERTEX_POINT ( 'NONE', #5685 ) ;
#1759 = DIRECTION ( 'NONE',  ( -1.000000000000000000, 0.000000000000000000, 0.000000000000000000 ) ) ;
#1760 = CARTESIAN_POINT ( 'NONE',  ( 38.99999999999990052, 17.99999999999999645, 3.999999999999989786 ) ) ;
#1761 = CARTESIAN_POINT ( 'NONE',  ( 35.00000000000000000, 545.0000000000010232, 0.000000000000000000 ) ) ;
#1762 = ITEM_DEFINED_TRANSFORMATION ( 'NONE', 'NONE', #4171,  #5721 ) ;
#1763 =( REPRESENTATION_RELATIONSHIP ('NONE','NONE', #1948, #1324 ) REPRESENTATION_RELATIONSHIP_WITH_TRANSFORMATION ( #5575 )SHAPE_REPRESENTATION_RELATIONSHIP( ) );
#1764 = VERTEX_POINT ( 'NONE', #3339 ) ;
#1765 = EDGE_LOOP ( 'NONE', ( #272, #5648, #5511, #4383 ) ) ;
#1766 = CARTESIAN_POINT ( 'NONE',  ( 0.000000000000000000, 1.999999999999999112, -2.000000000000000000 ) ) ;
#1767 = PLANE ( 'NONE',  #1915 ) ;
#1768 = DIRECTION ( 'NONE',  ( -0.000000000000000000, -0.000000000000000000, -1.000000000000000000 ) ) ;
#1769 = PRESENTATION_LAYER_ASSIGNMENT (  '', '', ( #5864 ) ) ;
#1770 = DIRECTION ( 'NONE',  ( 0.000000000000000000, 1.000000000000000000, 0.000000000000000000 ) ) ;
#1771 = EDGE_CURVE ( 'NONE', #3357, #5561, #3726, .T. ) ;
#1772 = EDGE_CURVE ( 'NONE', #3184, #4174, #5198, .T. ) ;
#1773 = DIRECTION ( 'NONE',  ( -1.000000000000000000, 0.000000000000000000, 0.000000000000000000 ) ) ;
#1774 = CIRCLE ( 'NONE', #608, 3.199999999999994404 ) ;
#1775 = CARTESIAN_POINT ( 'NONE',  ( 85.99999999999980105, 695.0000000000001137, 2.000000000000000000 ) ) ;
#1776 = CARTESIAN_POINT ( 'NONE',  ( 100.9999999999999858, 605.0000000000001137, 2.000000000000000000 ) ) ;
#1777 = FACE_OUTER_BOUND ( 'NONE', #752, .T. ) ;
#1778 = AXIS2_PLACEMENT_3D ( 'NONE', #1861, #998, #1466 ) ;
#1779 = EDGE_CURVE ( 'NONE', #3299, #1116, #1899, .T. ) ;
#1780 = ORIENTED_EDGE ( 'NONE', *, *, #3704, .F. ) ;
#1781 = FILL_AREA_STYLE_COLOUR ( '', #4322 ) ;
#1782 = EDGE_LOOP ( 'NONE', ( #5033, #5884 ) ) ;
#1783 = CARTESIAN_POINT ( 'NONE',  ( 50.99999999999837286, 193.0000000000003126, 3.827021247335479296E-16 ) ) ;
#1784 = DIRECTION ( 'NONE',  ( 1.000000000000000000, 0.000000000000000000, 0.000000000000000000 ) ) ;
#1785 = CIRCLE ( 'NONE', #1688, 3.199999999999987743 ) ;
#1786 = DIRECTION ( 'NONE',  ( -1.000000000000000000, 0.000000000000000000, 0.000000000000000000 ) ) ;
#1787 = AXIS2_PLACEMENT_3D ( 'NONE', #2928, #4676, #618 ) ;
#1788 = EDGE_CURVE ( 'NONE', #415, #4957, #1007, .T. ) ;
#1789 = VERTEX_POINT ( 'NONE', #5143 ) ;
#1790 = ORIENTED_EDGE ( 'NONE', *, *, #1603, .F. ) ;
#1791 = FACE_OUTER_BOUND ( 'NONE', #4709, .T. ) ;
#1792 = DIRECTION ( 'NONE',  ( -1.000000000000000000, 0.000000000000000000, 0.000000000000000000 ) ) ;
#1793 = CARTESIAN_POINT ( 'NONE',  ( 16.79999999999784777, 679.9999999999998863, 0.000000000000000000 ) ) ;
#1794 = VECTOR ( 'NONE', #2434, 1000.000000000000000 ) ;
#1795 = ORIENTED_EDGE ( 'NONE', *, *, #5542, .F. ) ;
#1796 = AXIS2_PLACEMENT_3D ( 'NONE', #4025, #5927, #3143 ) ;
#1797 = EDGE_LOOP ( 'NONE', ( #2001, #1724 ) ) ;
#1798 = CARTESIAN_POINT ( 'NONE',  ( 0.9999999999998059330, 19.00000000000000000, 28.99999999999999645 ) ) ;
#1799 = PRODUCT_DEFINITION_SHAPE ( 'NONE', 'NONE',  #89 ) ;
#1800 = FACE_OUTER_BOUND ( 'NONE', #5632, .T. ) ;
#1801 = COLOUR_RGB ( '',0.5294117647058823595, 0.5490196078431373028, 0.5490196078431373028 ) ;
#1802 = DIRECTION ( 'NONE',  ( -0.000000000000000000, 0.000000000000000000, 1.000000000000000000 ) ) ;
#1803 = PRODUCT_DEFINITION_CONTEXT ( 'detailed design', #902, 'design' ) ;
#1804 = CARTESIAN_POINT ( 'NONE',  ( 101.1999999999999886, 368.5000000000000568, 2.000000000000000000 ) ) ;
#1805 = CIRCLE ( 'NONE', #5508, 3.200000000000001510 ) ;
#1806 = DIRECTION ( 'NONE',  ( -1.224646799147353207E-16, 1.000000000000000000, -0.000000000000000000 ) ) ;
#1807 = DIRECTION ( 'NONE',  ( -0.000000000000000000, -0.000000000000000000, -1.000000000000000000 ) ) ;
#1808 = PRODUCT_DEFINITION ( 'UNKNOWN', '', #758, #1803 ) ;
#1809 = EDGE_CURVE ( 'NONE', #2667, #1843, #949, .T. ) ;
#1810 = AXIS2_PLACEMENT_3D ( 'NONE', #2255, #4672, #945 ) ;
#1811 = CIRCLE ( 'NONE', #4825, 2.066999999999999726 ) ;
#1812 = ORIENTED_EDGE ( 'NONE', *, *, #124, .F. ) ;
#1813 = VECTOR ( 'NONE', #1606, 1000.000000000000000 ) ;
#1814 = LINE ( 'NONE', #1284, #4513 ) ;
#1815 = ORIENTED_EDGE ( 'NONE', *, *, #1282, .T. ) ;
#1816 = LINE ( 'NONE', #2755, #6000 ) ;
#1817 = CARTESIAN_POINT ( 'NONE',  ( -7.027031451465280589E-15, 670.0000000000000000, 0.000000000000000000 ) ) ;
#1818 = VECTOR ( 'NONE', #829, 1000.000000000000000 ) ;
#1819 = CARTESIAN_POINT ( 'NONE',  ( -152.0000000000000000, -1.861463134703976776E-14, -765.0000000000000000 ) ) ;
#1820 = VERTEX_POINT ( 'NONE', #4742 ) ;
#1821 = EDGE_CURVE ( 'NONE', #258, #1670, #3760, .T. ) ;
#1822 = VECTOR ( 'NONE', #40, 1000.000000000000000 ) ;
#1823 = VECTOR ( 'NONE', #3110, 1000.000000000000000 ) ;
#1824 = VERTEX_POINT ( 'NONE', #100 ) ;
#1825 = ORIENTED_EDGE ( 'NONE', *, *, #5992, .F. ) ;
#1826 = FACE_OUTER_BOUND ( 'NONE', #3699, .T. ) ;
#1827 =( GEOMETRIC_REPRESENTATION_CONTEXT ( 3 ) GLOBAL_UNCERTAINTY_ASSIGNED_CONTEXT ( ( #2656 ) ) GLOBAL_UNIT_ASSIGNED_CONTEXT ( ( #3146, #2342, #2254 ) ) REPRESENTATION_CONTEXT ( 'NONE', 'WORKASPACE' ) );
#1828 = CARTESIAN_POINT ( 'NONE',  ( 36.99999999999991473, 17.99999999999999645, 1.258131103108827915E-13 ) ) ;
#1829 = DIRECTION ( 'NONE',  ( 1.000000000000000000, 0.000000000000000000, 0.000000000000000000 ) ) ;
#1830 = ITEM_DEFINED_TRANSFORMATION ( 'NONE', 'NONE', #1733,  #5721 ) ;
#1831 = EDGE_CURVE ( 'NONE', #4051, #2094, #816, .T. ) ;
#1832 = EDGE_LOOP ( 'NONE', ( #3501, #2507 ) ) ;
#1833 = VERTEX_POINT ( 'NONE', #1043 ) ;
#1834 = CARTESIAN_POINT ( 'NONE',  ( 35.00000000000000000, 522.0000000000010232, -2.000000000000000000 ) ) ;
#1835 = FACE_BOUND ( 'NONE', #3128, .T. ) ;
#1836 = CARTESIAN_POINT ( 'NONE',  ( 48.75000000000000000, 605.0000000000001137, -1.040949779275235965E-16 ) ) ;
#1837 = LINE ( 'NONE', #3236, #4421 ) ;
#1838 = CARTESIAN_POINT ( 'NONE',  ( -72.00000000000000000, 79.99999999999998579, -765.0000000000000000 ) ) ;
#1839 = DIRECTION ( 'NONE',  ( 0.000000000000000000, 0.000000000000000000, 1.000000000000000000 ) ) ;
#1840 = FACE_BOUND ( 'NONE', #3588, .T. ) ;
#1841 = EDGE_LOOP ( 'NONE', ( #313, #4395, #260, #3798 ) ) ;
#1842 = LINE ( 'NONE', #5075, #5397 ) ;
#1843 = VERTEX_POINT ( 'NONE', #4769 ) ;
#1844 = CARTESIAN_POINT ( 'NONE',  ( 87.79999999999834870, 95.00000000000031264, 3.827021247335479296E-16 ) ) ;
#1845 = DIRECTION ( 'NONE',  ( 1.000000000000000000, 0.000000000000000000, 0.000000000000000000 ) ) ;
#1846 = CARTESIAN_POINT ( 'NONE',  ( 9.999999999995162980, 154.0000000000006821, 0.000000000000000000 ) ) ;
#1847 = VERTEX_POINT ( 'NONE', #5168 ) ;
#1848 = EDGE_CURVE ( 'NONE', #2513, #3280, #3151, .T. ) ;
#1849 = ORIENTED_EDGE ( 'NONE', *, *, #5471, .F. ) ;
#1850 = PRODUCT_DEFINITION_SHAPE ( 'NONE', 'NONE',  #1808 ) ;
#1851 = EDGE_CURVE ( 'NONE', #4589, #1410, #3636, .T. ) ;
#1852 = LINE ( 'NONE', #3707, #3837 ) ;
#1853 = DIRECTION ( 'NONE',  ( 3.589083053745117718E-15, -3.037105673444975163E-31, -1.000000000000000000 ) ) ;
#1854 = CIRCLE ( 'NONE', #4094, 1.000000000000000888 ) ;
#1855 = FACE_BOUND ( 'NONE', #2454, .T. ) ;
#1856 = VERTEX_POINT ( 'NONE', #5262 ) ;
#1857 = ORIENTED_EDGE ( 'NONE', *, *, #3565, .F. ) ;
#1858 = EDGE_CURVE ( 'NONE', #2736, #1327, #5102, .T. ) ;
#1859 = DIRECTION ( 'NONE',  ( 1.000000000000000000, 0.000000000000000000, 0.000000000000000000 ) ) ;
#1860 = DIRECTION ( 'NONE',  ( 1.000000000000000000, 4.111937128240389781E-15, 0.000000000000000000 ) ) ;
#1861 = CARTESIAN_POINT ( 'NONE',  ( 41.99999999999990763, 652.7320508075689531, 2.000000000000001776 ) ) ;
#1862 = ADVANCED_FACE ( 'NONE', ( #1411 ), #36, .F. ) ;
#1863 = CARTESIAN_POINT ( 'NONE',  ( -150.0000000000000000, 118.9999999999999858, -765.0000000000000000 ) ) ;
#1864 = FILL_AREA_STYLE_COLOUR ( '', #194 ) ;
#1865 = FACE_OUTER_BOUND ( 'NONE', #5056, .T. ) ;
#1866 = SHAPE_REPRESENTATION_RELATIONSHIP ( 'NONE' , 'NONE' ,  #1324, #3075 ) ;
#1867 = DIRECTION ( 'NONE',  ( 0.000000000000000000, 0.000000000000000000, 1.000000000000000000 ) ) ;
#1868 = ORIENTED_EDGE ( 'NONE', *, *, #146, .F. ) ;
#1869 = LINE ( 'NONE', #5995, #1097 ) ;
#1870 = ORIENTED_EDGE ( 'NONE', *, *, #3829, .T. ) ;
#1871 = CARTESIAN_POINT ( 'NONE',  ( 104.2500000000000000, 635.0000000000000000, 0.000000000000000000 ) ) ;
#1872 = DIRECTION ( 'NONE',  ( -0.000000000000000000, -0.000000000000000000, -1.000000000000000000 ) ) ;
#1873 = FACE_OUTER_BOUND ( 'NONE', #4477, .T. ) ;
#1874 = AXIS2_PLACEMENT_3D ( 'NONE', #3470, #5331, #2089 ) ;
#1875 = ORIENTED_EDGE ( 'NONE', *, *, #5775, .T. ) ;
#1876 = CIRCLE ( 'NONE', #2648, 3.200000000000001510 ) ;
#1877 = ORIENTED_EDGE ( 'NONE', *, *, #214, .F. ) ;
#1878 = CARTESIAN_POINT ( 'NONE',  ( 32.99999999999999289, 53.00000000000019185, 0.000000000000000000 ) ) ;
#1879 = FACE_OUTER_BOUND ( 'NONE', #4685, .T. ) ;
#1880 = FACE_OUTER_BOUND ( 'NONE', #3863, .T. ) ;
#1881 = DIRECTION ( 'NONE',  ( -0.000000000000000000, -0.000000000000000000, -1.000000000000000000 ) ) ;
#1882 = PRODUCT_DEFINITION ( 'UNKNOWN', '', #4947, #5464 ) ;
#1883 = EDGE_CURVE ( 'NONE', #5753, #3178, #2173, .T. ) ;
#1884 = ORIENTED_EDGE ( 'NONE', *, *, #1496, .F. ) ;
#1885 = ORIENTED_EDGE ( 'NONE', *, *, #5690, .F. ) ;
#1886 = AXIS2_PLACEMENT_3D ( 'NONE', #1751, #835, #2696 ) ;
#1887 = DIRECTION ( 'NONE',  ( 0.000000000000000000, -1.000000000000000000, 0.000000000000000000 ) ) ;
#1888 = DIRECTION ( 'NONE',  ( -1.000000000000000000, -0.000000000000000000, 0.000000000000000000 ) ) ;
#1889 = EDGE_CURVE ( 'NONE', #2610, #380, #3543, .T. ) ;
#1890 = CARTESIAN_POINT ( 'NONE',  ( 33.00000000000000000, 545.0000000000012506, 0.000000000000000000 ) ) ;
#1891 = DIRECTION ( 'NONE',  ( -0.000000000000000000, -0.000000000000000000, -1.000000000000000000 ) ) ;
#1892 = CYLINDRICAL_SURFACE ( 'NONE', #6029, 1.000000000000000000 ) ;
#1893 = CARTESIAN_POINT ( 'NONE',  ( 0.9999999999998059330, 18.00000000000000000, 28.99999999999999645 ) ) ;
#1894 = AXIS2_PLACEMENT_3D ( 'NONE', #2521, #5831, #2920 ) ;
#1895 = CARTESIAN_POINT ( 'NONE',  ( 33.00000000000000000, 175.0000000000009379, -2.000000000000000000 ) ) ;
#1896 = ADVANCED_FACE ( 'NONE', ( #4921 ), #4859, .F. ) ;
#1897 = PRODUCT_DEFINITION_SHAPE ( 'NONE', 'NONE',  #6039 ) ;
#1898 = ORIENTED_EDGE ( 'NONE', *, *, #3945, .F. ) ;
#1899 = LINE ( 'NONE', #158, #2759 ) ;
#1900 = ORIENTED_EDGE ( 'NONE', *, *, #1164, .T. ) ;
#1901 = CYLINDRICAL_SURFACE ( 'NONE', #1615, 3.199999999999994404 ) ;
#1902 = DIRECTION ( 'NONE',  ( -0.000000000000000000, -0.000000000000000000, -1.000000000000000000 ) ) ;
#1903 = VECTOR ( 'NONE', #1646, 1000.000000000000000 ) ;
#1904 = VECTOR ( 'NONE', #5320, 1000.000000000000000 ) ;
#1905 = EDGE_LOOP ( 'NONE', ( #5671, #4683 ) ) ;
#1906 = AXIS2_PLACEMENT_3D ( 'NONE', #5470, #5930, #1280 ) ;
#1907 = DIRECTION ( 'NONE',  ( -0.000000000000000000, -0.000000000000000000, 1.000000000000000000 ) ) ;
#1908 = AXIS2_PLACEMENT_3D ( 'NONE', #3841, #1534, #1500 ) ;
#1909 = ORIENTED_EDGE ( 'NONE', *, *, #3533, .F. ) ;
#1910 = CARTESIAN_POINT ( 'NONE',  ( 40.99999999999990763, 669.0000000000000000, 1.999999999999998224 ) ) ;
#1911 = CARTESIAN_POINT ( 'NONE',  ( 7.999999999995153210, 156.0000000000006821, -2.000000000000000000 ) ) ;
#1912 = CARTESIAN_POINT ( 'NONE',  ( 107.4499999999999886, 635.0000000000000000, 3.827021247335479296E-16 ) ) ;
#1913 = LINE ( 'NONE', #1459, #2481 ) ;
#1914 = VECTOR ( 'NONE', #1768, 1000.000000000000000 ) ;
#1915 = AXIS2_PLACEMENT_3D ( 'NONE', #3627, #4511, #1708 ) ;
#1916 = ORIENTED_EDGE ( 'NONE', *, *, #4323, .F. ) ;
#1917 = AXIS2_PLACEMENT_3D ( 'NONE', #4560, #3849, #3878 ) ;
#1918 = EDGE_LOOP ( 'NONE', ( #1579, #4001, #2092, #4727 ) ) ;
#1919 = CIRCLE ( 'NONE', #850, 2.000000000000001776 ) ;
#1920 = EDGE_CURVE ( 'NONE', #4071, #5692, #4396, .T. ) ;
#1921 = CYLINDRICAL_SURFACE ( 'NONE', #2402, 4.320000000000000284 ) ;
#1922 = DIRECTION ( 'NONE',  ( 0.000000000000000000, 0.000000000000000000, 1.000000000000000000 ) ) ;
#1923 = DIRECTION ( 'NONE',  ( 1.000000000000000000, 0.000000000000000000, 0.000000000000000000 ) ) ;
#1924 = DIRECTION ( 'NONE',  ( 1.000000000000000000, 0.000000000000000000, 0.000000000000000000 ) ) ;
#1925 = ADVANCED_FACE ( 'NONE', ( #3874 ), #216, .F. ) ;
#1926 = EDGE_CURVE ( 'NONE', #538, #3461, #5299, .T. ) ;
#1927 = DIRECTION ( 'NONE',  ( -1.000000000000000000, 0.000000000000000000, 0.000000000000000000 ) ) ;
#1928 = DIRECTION ( 'NONE',  ( -1.000000000000000000, -3.512839483595690127E-17, -2.465190328815661892E-32 ) ) ;
#1929 = DIRECTION ( 'NONE',  ( 0.000000000000000000, 0.000000000000000000, 1.000000000000000000 ) ) ;
#1930 = ORIENTED_EDGE ( 'NONE', *, *, #5432, .F. ) ;
#1931 = CARTESIAN_POINT ( 'NONE',  ( 35.00000000000000000, 543.0000000000012506, -2.000000000000000000 ) ) ;
#1932 = VERTEX_POINT ( 'NONE', #4950 ) ;
#1933 = ADVANCED_FACE ( 'NONE', ( #278 ), #4712, .F. ) ;
#1934 = LINE ( 'NONE', #3793, #5513 ) ;
#1935 = LINE ( 'NONE', #3794, #6017 ) ;
#1936 = ORIENTED_EDGE ( 'NONE', *, *, #775, .F. ) ;
#1937 = LINE ( 'NONE', #2355, #4410 ) ;
#1938 = VERTEX_POINT ( 'NONE', #4484 ) ;
#1939 = CARTESIAN_POINT ( 'NONE',  ( 104.2500000000000000, 65.00000000000002842, 2.000000000000000000 ) ) ;
#1940 = DIRECTION ( 'NONE',  ( 1.000000000000000000, 0.000000000000000000, 0.000000000000000000 ) ) ;
#1941 = LINE ( 'NONE', #3472, #3950 ) ;
#1942 = ORIENTED_EDGE ( 'NONE', *, *, #5359, .T. ) ;
#1943 = VERTEX_POINT ( 'NONE', #5804 ) ;
#1944 = ORIENTED_EDGE ( 'NONE', *, *, #3378, .T. ) ;
#1945 = CARTESIAN_POINT ( 'NONE',  ( 50.99999999999837286, 95.00000000000031264, 0.000000000000000000 ) ) ;
#1946 = SURFACE_STYLE_FILL_AREA ( #4667 ) ;
#1947 = AXIS2_PLACEMENT_3D ( 'NONE', #2746, #5589, #860 ) ;
#1948 = SHAPE_REPRESENTATION ( 'E.Flex_01_AbdeckblechEck1_SWBG_V1.2', ( #1640, #1232, #4646, #2019, #5433, #2990, #4550, #2798, #1133, #2707, #4171, #855, #4653, #2118, #5726, #5439, #1733, #372 ), #4753 ) ;
#1949 = DIRECTION ( 'NONE',  ( 1.084202172485505297E-16, -1.000000000000000000, 0.000000000000000000 ) ) ;
#1950 = DIRECTION ( 'NONE',  ( 0.000000000000000000, 0.000000000000000000, 1.000000000000000000 ) ) ;
#1951 = DIRECTION ( 'NONE',  ( -1.000000000000000000, 0.000000000000000000, 0.000000000000000000 ) ) ;
#1952 = DIRECTION ( 'NONE',  ( 0.000000000000000000, 0.000000000000000000, -1.000000000000000000 ) ) ;
#1953 = DIRECTION ( 'NONE',  ( 9.931017931319885954E-17, -1.000000000000000000, 3.944304526105059027E-31 ) ) ;
#1954 = FACE_BOUND ( 'NONE', #1541, .T. ) ;
#1955 = EDGE_CURVE ( 'NONE', #5064, #3618, #2659, .T. ) ;
#1956 = APPLICATION_CONTEXT ( 'automotive_design' ) ;
#1957 = EDGE_CURVE ( 'NONE', #5291, #369, #2953, .T. ) ;
#1958 = DIRECTION ( 'NONE',  ( -0.000000000000000000, -0.000000000000000000, -1.000000000000000000 ) ) ;
#1959 = ORIENTED_EDGE ( 'NONE', *, *, #5849, .T. ) ;
#1960 = DIRECTION ( 'NONE',  ( -1.000000000000000000, 0.000000000000000000, 0.000000000000000000 ) ) ;
#1961 = AXIS2_PLACEMENT_3D ( 'NONE', #4544, #542, #4296 ) ;
#1962 = EDGE_CURVE ( 'NONE', #3530, #2036, #1155, .T. ) ;
#1963 = ORIENTED_EDGE ( 'NONE', *, *, #2673, .F. ) ;
#1964 = LINE ( 'NONE', #4684, #1976 ) ;
#1965 = ORIENTED_EDGE ( 'NONE', *, *, #1162, .T. ) ;
#1966 = DIRECTION ( 'NONE',  ( -0.000000000000000000, -0.000000000000000000, -1.000000000000000000 ) ) ;
#1967 = DIRECTION ( 'NONE',  ( 0.000000000000000000, 0.000000000000000000, 1.000000000000000000 ) ) ;
#1968 = CIRCLE ( 'NONE', #5477, 3.199999999999994404 ) ;
#1969 = FACE_OUTER_BOUND ( 'NONE', #3489, .T. ) ;
#1970 = ADVANCED_FACE ( 'NONE', ( #1654 ), #4889, .F. ) ;
#1971 = VECTOR ( 'NONE', #1802, 1000.000000000000000 ) ;
#1972 = ORIENTED_EDGE ( 'NONE', *, *, #5095, .T. ) ;
#1973 = ORIENTED_EDGE ( 'NONE', *, *, #1407, .T. ) ;
#1974 = CARTESIAN_POINT ( 'NONE',  ( 35.00000000000000000, 123.0000000000001705, -2.000000000000000000 ) ) ;
#1975 = VERTEX_POINT ( 'NONE', #248 ) ;
#1976 = VECTOR ( 'NONE', #1454, 1000.000000000000000 ) ;
#1977 = CARTESIAN_POINT ( 'NONE',  ( 7.999999999993890221, 524.0000000000010232, -2.000000000000000000 ) ) ;
#1978 = CARTESIAN_POINT ( 'NONE',  ( -1.942449605356233562E-13, 670.0000000000000000, 30.99999999999999289 ) ) ;
#1979 = CIRCLE ( 'NONE', #423, 2.000000000000000000 ) ;
#1980 = DIRECTION ( 'NONE',  ( 0.000000000000000000, 0.000000000000000000, 1.000000000000000000 ) ) ;
#1981 = DIRECTION ( 'NONE',  ( 1.000000000000000000, 0.000000000000000000, 0.000000000000000000 ) ) ;
#1982 = CARTESIAN_POINT ( 'NONE',  ( 34.99999999999981526, -7.249590645873187782E-16, 30.99999999999999645 ) ) ;
#1983 = DIRECTION ( 'NONE',  ( -1.000000000000000000, -3.512839483595690127E-17, -2.465190328815661892E-32 ) ) ;
#1984 = PLANE ( 'NONE',  #4258 ) ;
#1985 = AXIS2_PLACEMENT_3D ( 'NONE', #3398, #64, #3332 ) ;
#1986 = UNCERTAINTY_MEASURE_WITH_UNIT (LENGTH_MEASURE( 1.000000000000000082E-05 ), #2901, 'distance_accuracy_value', 'NONE');
#1987 = DIRECTION ( 'NONE',  ( 0.000000000000000000, -1.000000000000000000, 0.000000000000000000 ) ) ;
#1988 = EDGE_LOOP ( 'NONE', ( #1608, #3580 ) ) ;
#1989 = LINE ( 'NONE', #102, #5901 ) ;
#1990 = LINE ( 'NONE', #1011, #5140 ) ;
#1991 = PRODUCT_DEFINITION ( 'UNKNOWN', '', #2409, #4120 ) ;
#1992 = ADVANCED_FACE ( 'NONE', ( #3995 ), #740, .F. ) ;
#1993 = STYLED_ITEM ( 'NONE', ( #3005 ), #2716 ) ;
#1994 = ORIENTED_EDGE ( 'NONE', *, *, #1549, .T. ) ;
#1995 = DIRECTION ( 'NONE',  ( -0.000000000000000000, -0.000000000000000000, -1.000000000000000000 ) ) ;
#1996 = EDGE_LOOP ( 'NONE', ( #5919, #5480, #2723, #1387 ) ) ;
#1997 = CARTESIAN_POINT ( 'NONE',  ( 99.75000000000000000, 85.00000000000000000, 2.000000000000000000 ) ) ;
#1998 = CARTESIAN_POINT ( 'NONE',  ( 15.49999999999596056, 237.0000000000000000, 28.99999999999999645 ) ) ;
#1999 = FACE_BOUND ( 'NONE', #1832, .T. ) ;
#2000 = ADVANCED_FACE ( 'NONE', ( #770 ), #3516, .F. ) ;
#2001 = ORIENTED_EDGE ( 'NONE', *, *, #5810, .F. ) ;
#2002 = CIRCLE ( 'NONE', #927, 2.000000000000001776 ) ;
#2003 = AXIS2_PLACEMENT_3D ( 'NONE', #4282, #1952, #5624 ) ;
#2004 = ORIENTED_EDGE ( 'NONE', *, *, #3646, .F. ) ;
#2005 = VERTEX_POINT ( 'NONE', #2595 ) ;
#2006 = EDGE_LOOP ( 'NONE', ( #4466, #1218, #984, #2651 ) ) ;
#2007 = EDGE_CURVE ( 'NONE', #604, #4181, #4029, .T. ) ;
#2008 = PLANE ( 'NONE',  #1128 ) ;
#2009 = CIRCLE ( 'NONE', #4635, 1.000000000000000888 ) ;
#2010 = AXIS2_PLACEMENT_3D ( 'NONE', #2245, #1244, #4601 ) ;
#2011 =( NAMED_UNIT ( * ) PLANE_ANGLE_UNIT ( ) SI_UNIT ( $, .RADIAN. ) );
#2012 = AXIS2_PLACEMENT_3D ( 'NONE', #5567, #4136, #868 ) ;
#2013 = DIRECTION ( 'NONE',  ( -0.000000000000000000, -0.000000000000000000, -1.000000000000000000 ) ) ;
#2014 = STYLED_ITEM ( 'NONE', ( #2710 ), #4274 ) ;
#2015 = ORIENTED_EDGE ( 'NONE', *, *, #2363, .T. ) ;
#2016 = FILL_AREA_STYLE_COLOUR ( '', #5989 ) ;
#2017 = CYLINDRICAL_SURFACE ( 'NONE', #4890, 1.249999999999987121 ) ;
#2018 = CARTESIAN_POINT ( 'NONE',  ( 18.99999999999596056, 237.0000000000000000, 28.99999999999999645 ) ) ;
#2019 = AXIS2_PLACEMENT_3D ( 'NONE', #972, #2437, #2869 ) ;
#2020 = DIRECTION ( 'NONE',  ( -2.940840684141151999E-17, 0.8371691043312211589, -0.5469441386039901598 ) ) ;
#2021 = FACE_OUTER_BOUND ( 'NONE', #5580, .T. ) ;
#2022 = EDGE_LOOP ( 'NONE', ( #232, #834 ) ) ;
#2023 = CARTESIAN_POINT ( 'NONE',  ( 9.999999999999996447, 119.0000000000000995, -2.000000000000000000 ) ) ;
#2024 = VERTEX_POINT ( 'NONE', #5863 ) ;
#2025 = DIRECTION ( 'NONE',  ( 0.000000000000000000, 0.000000000000000000, -1.000000000000000000 ) ) ;
#2026 = LINE ( 'NONE', #2876, #3294 ) ;
#2027 = DIRECTION ( 'NONE',  ( -1.000000000000000000, 0.000000000000000000, 0.000000000000000000 ) ) ;
#2028 = ORIENTED_EDGE ( 'NONE', *, *, #5918, .F. ) ;
#2029 = FILL_AREA_STYLE ('',( #4748 ) ) ;
#2030 = VERTEX_POINT ( 'NONE', #3429 ) ;
#2031 = DIRECTION ( 'NONE',  ( 0.000000000000000000, 1.000000000000000000, 0.000000000000000000 ) ) ;
#2032 = CARTESIAN_POINT ( 'NONE',  ( 36.99999999999990052, 17.99999999999999645, 3.999999999999982681 ) ) ;
#2033 = ORIENTED_EDGE ( 'NONE', *, *, #4767, .T. ) ;
#2034 = EDGE_CURVE ( 'NONE', #1136, #5364, #1094, .T. ) ;
#2035 = EDGE_CURVE ( 'NONE', #5142, #2056, #332, .T. ) ;
#2036 = VERTEX_POINT ( 'NONE', #2224 ) ;
#2037 = ORIENTED_EDGE ( 'NONE', *, *, #2048, .F. ) ;
#2038 = LINE ( 'NONE', #3891, #3083 ) ;
#2039 = EDGE_CURVE ( 'NONE', #1482, #2236, #4977, .T. ) ;
#2040 = DIRECTION ( 'NONE',  ( 0.000000000000000000, 0.000000000000000000, -1.000000000000000000 ) ) ;
#2041 = ORIENTED_EDGE ( 'NONE', *, *, #5325, .T. ) ;
#2042 = FACE_OUTER_BOUND ( 'NONE', #1996, .T. ) ;
#2043 = FILL_AREA_STYLE ('',( #3870 ) ) ;
#2044 = DIRECTION ( 'NONE',  ( 0.000000000000000000, 0.000000000000000000, 1.000000000000000000 ) ) ;
#2045 = CONTEXT_DEPENDENT_SHAPE_REPRESENTATION ( #520, #5115 ) ;
#2046 = CARTESIAN_POINT ( 'NONE',  ( 40.99999999999990763, 651.0000000000000000, 2.000000000000001776 ) ) ;
#2047 = AXIS2_PLACEMENT_3D ( 'NONE', #1533, #5277, #1981 ) ;
#2048 = EDGE_CURVE ( 'NONE', #703, #1455, #1837, .T. ) ;
#2049 = DIRECTION ( 'NONE',  ( -0.000000000000000000, -0.000000000000000000, -1.000000000000000000 ) ) ;
#2050 = VERTEX_POINT ( 'NONE', #3632 ) ;
#2051 = CARTESIAN_POINT ( 'NONE',  ( 18.99999999999798206, 431.0000000000000000, 31.00000000000000000 ) ) ;
#2052 = DIRECTION ( 'NONE',  ( 0.000000000000000000, 0.000000000000000000, 1.000000000000000000 ) ) ;
#2053 = CARTESIAN_POINT ( 'NONE',  ( 33.00000000000000000, 152.0000000000007958, -2.000000000000000000 ) ) ;
#2054 = ORIENTED_EDGE ( 'NONE', *, *, #4341, .F. ) ;
#2055 = CARTESIAN_POINT ( 'NONE',  ( 40.99999999999990763, 15.26794919243111970, 1.999999999999998224 ) ) ;
#2056 = VERTEX_POINT ( 'NONE', #1804 ) ;
#2057 = CARTESIAN_POINT ( 'NONE',  ( 0.000000000000000000, 5.290474172316565973E-16, 4.320000000000000284 ) ) ;
#2058 = DIRECTION ( 'NONE',  ( 1.000000000000000000, 0.000000000000000000, 0.000000000000000000 ) ) ;
#2059 = DIRECTION ( 'NONE',  ( 0.000000000000000000, 0.000000000000000000, 1.000000000000000000 ) ) ;
#2060 = ORIENTED_EDGE ( 'NONE', *, *, #3493, .T. ) ;
#2061 = ORIENTED_EDGE ( 'NONE', *, *, #1093, .F. ) ;
#2062 = CIRCLE ( 'NONE', #5672, 3.499999999999999556 ) ;
#2063 = ORIENTED_EDGE ( 'NONE', *, *, #261, .F. ) ;
#2064 = CIRCLE ( 'NONE', #5769, 3.199999999999994404 ) ;
#2065 = EDGE_LOOP ( 'NONE', ( #993, #3045, #3196, #2174 ) ) ;
#2066 = EDGE_LOOP ( 'NONE', ( #1433, #4412, #4105, #4198 ) ) ;
#2067 = DIRECTION ( 'NONE',  ( 0.000000000000000000, 0.000000000000000000, -1.000000000000000000 ) ) ;
#2068 = ORIENTED_EDGE ( 'NONE', *, *, #4323, .T. ) ;
#2069 = EDGE_CURVE ( 'NONE', #5208, #2610, #794, .T. ) ;
#2070 = SURFACE_SIDE_STYLE ('',( #5274 ) ) ;
#2071 = ADVANCED_FACE ( 'NONE', ( #913 ), #5954, .T. ) ;
#2072 = CARTESIAN_POINT ( 'NONE',  ( 85.99999999999980105, 694.0000000000001137, 25.00100000000000833 ) ) ;
#2073 = VERTEX_POINT ( 'NONE', #5006 ) ;
#2074 = CIRCLE ( 'NONE', #5583, 1.250000000000001110 ) ;
#2075 = DIRECTION ( 'NONE',  ( -1.000000000000000000, 0.000000000000000000, 0.000000000000000000 ) ) ;
#2076 = CARTESIAN_POINT ( 'NONE',  ( 17.00000000000003553, 348.0000000000001705, -2.000000000000000000 ) ) ;
#2077 = CARTESIAN_POINT ( 'NONE',  ( 7.999999999993886668, 543.0000000000012506, 0.000000000000000000 ) ) ;
#2078 = ADVANCED_FACE ( 'NONE', ( #826 ), #5069, .F. ) ;
#2079 = DIRECTION ( 'NONE',  ( 1.000000000000000000, -4.111937128241308804E-15, 0.000000000000000000 ) ) ;
#2080 = VERTEX_POINT ( 'NONE', #1371 ) ;
#2081 = CARTESIAN_POINT ( 'NONE',  ( 40.99999999999990763, 0.000000000000000000, -1.734723475976807094E-15 ) ) ;
#2082 = CARTESIAN_POINT ( 'NONE',  ( 7.999999999999921840, 594.0000000000001137, -2.000000000000000000 ) ) ;
#2083 = EDGE_CURVE ( 'NONE', #1283, #5940, #5204, .T. ) ;
#2084 = AXIS2_PLACEMENT_3D ( 'NONE', #3749, #1980, #5649 ) ;
#2085 = ORIENTED_EDGE ( 'NONE', *, *, #745, .T. ) ;
#2086 = DIRECTION ( 'NONE',  ( -0.000000000000000000, -0.000000000000000000, 1.000000000000000000 ) ) ;
#2087 = ORIENTED_EDGE ( 'NONE', *, *, #2175, .T. ) ;
#2088 = DIRECTION ( 'NONE',  ( -0.7071067811865480168, 8.659560562354926695E-17, -0.7071067811865470176 ) ) ;
#2089 = DIRECTION ( 'NONE',  ( -1.000000000000000000, 0.000000000000000000, 0.000000000000000000 ) ) ;
#2090 = CARTESIAN_POINT ( 'NONE',  ( 94.19999999999834017, 95.00000000000031264, 3.827021247335479296E-16 ) ) ;
#2091 = VECTOR ( 'NONE', #662, 1000.000000000000000 ) ;
#2092 = ORIENTED_EDGE ( 'NONE', *, *, #5697, .F. ) ;
#2093 =( GEOMETRIC_REPRESENTATION_CONTEXT ( 3 ) GLOBAL_UNCERTAINTY_ASSIGNED_CONTEXT ( ( #3887 ) ) GLOBAL_UNIT_ASSIGNED_CONTEXT ( ( #4986, #1728, #5330 ) ) REPRESENTATION_CONTEXT ( 'NONE', 'WORKASPACE' ) );
#2094 = VERTEX_POINT ( 'NONE', #2280 ) ;
#2095 = CARTESIAN_POINT ( 'NONE',  ( 118.0000000000000000, 694.0000000000001137, 0.000000000000000000 ) ) ;
#2096 = CIRCLE ( 'NONE', #5510, 3.761792452830190037 ) ;
#2097 = CIRCLE ( 'NONE', #246, 2.000000000000000000 ) ;
#2098 = AXIS2_PLACEMENT_3D ( 'NONE', #1219, #2564, #1127 ) ;
#2099 = DIRECTION ( 'NONE',  ( 1.000000000000000000, 0.000000000000000000, 0.000000000000000000 ) ) ;
#2100 = AXIS2_PLACEMENT_3D ( 'NONE', #5876, #1196, #1755 ) ;
#2101 = ORIENTED_EDGE ( 'NONE', *, *, #817, .T. ) ;
#2102 = EDGE_CURVE ( 'NONE', #896, #3522, #4811, .T. ) ;
#2103 = DIRECTION ( 'NONE',  ( -1.000000000000000000, 3.330669073875469621E-13, 0.000000000000000000 ) ) ;
#2104 = CARTESIAN_POINT ( 'NONE',  ( 7.999999999999921840, 665.9999999999998863, 0.000000000000000000 ) ) ;
#2105 = PRODUCT_CONTEXT ( 'NONE', #2774, 'mechanical' ) ;
#2106 = CYLINDRICAL_SURFACE ( 'NONE', #1029, 1.000000000000000888 ) ;
#2107 = VECTOR ( 'NONE', #2538, 1000.000000000000000 ) ;
#2108 = VECTOR ( 'NONE', #3964, 1000.000000000000000 ) ;
#2109 = VECTOR ( 'NONE', #879, 1000.000000000000000 ) ;
#2110 = ADVANCED_FACE ( 'NONE', ( #2649 ), #1275, .F. ) ;
#2111 = ADVANCED_FACE ( 'NONE', ( #2687 ), #4515, .T. ) ;
#2112 = DIRECTION ( 'NONE',  ( 0.000000000000000000, 0.000000000000000000, -1.000000000000000000 ) ) ;
#2113 = EDGE_LOOP ( 'NONE', ( #5838, #683, #5549, #3905 ) ) ;
#2114 = CARTESIAN_POINT ( 'NONE',  ( 35.00000000000000000, 0.000000000000000000, -2.000000000000000000 ) ) ;
#2115 =( GEOMETRIC_REPRESENTATION_CONTEXT ( 3 ) GLOBAL_UNCERTAINTY_ASSIGNED_CONTEXT ( ( #1311 ) ) GLOBAL_UNIT_ASSIGNED_CONTEXT ( ( #3836, #2011, #4239 ) ) REPRESENTATION_CONTEXT ( 'NONE', 'WORKASPACE' ) );
#2116 = CARTESIAN_POINT ( 'NONE',  ( 0.000000000000000000, 0.000000000000000000, 0.000000000000000000 ) ) ;
#2117 = CARTESIAN_POINT ( 'NONE',  ( 5.794504007337347388E-15, 18.00000000000000000, 28.99999999999999645 ) ) ;
#2118 = AXIS2_PLACEMENT_3D ( 'NONE', #2497, #2926, #5740 ) ;
#2119 = EDGE_CURVE ( 'NONE', #3538, #540, #3548, .T. ) ;
#2120 = EDGE_LOOP ( 'NONE', ( #4130, #269, #4881, #1193 ) ) ;
#2121 = FACE_BOUND ( 'NONE', #439, .T. ) ;
#2122 = ORIENTED_EDGE ( 'NONE', *, *, #4008, .T. ) ;
#2123 = FACE_OUTER_BOUND ( 'NONE', #1208, .T. ) ;
#2124 = DIRECTION ( 'NONE',  ( -0.000000000000000000, -0.000000000000000000, -1.000000000000000000 ) ) ;
#2125 = DIRECTION ( 'NONE',  ( -1.000000000000000000, 0.000000000000000000, 0.000000000000000000 ) ) ;
#2126 = ORIENTED_EDGE ( 'NONE', *, *, #2636, .T. ) ;
#2127 = EDGE_LOOP ( 'NONE', ( #1944, #5502 ) ) ;
#2128 =( NAMED_UNIT ( * ) SI_UNIT ( $, .STERADIAN. ) SOLID_ANGLE_UNIT ( ) );
#2129 = CARTESIAN_POINT ( 'NONE',  ( 104.2500000000000000, 65.00000000000002842, 3.827021247335479296E-16 ) ) ;
#2130 = FILL_AREA_STYLE_COLOUR ( '', #5946 ) ;
#2131 = VERTEX_POINT ( 'NONE', #5893 ) ;
#2132 = EDGE_LOOP ( 'NONE', ( #3175, #4675 ) ) ;
#2133 = DIRECTION ( 'NONE',  ( -1.000000000000000000, 0.000000000000000000, 0.000000000000000000 ) ) ;
#2134 = DIRECTION ( 'NONE',  ( 0.000000000000000000, 0.000000000000000000, -1.000000000000000000 ) ) ;
#2135 = CARTESIAN_POINT ( 'NONE',  ( 34.99999999999982236, 18.00000000000001421, 27.00000000000000355 ) ) ;
#2136 = DIRECTION ( 'NONE',  ( 0.000000000000000000, 0.000000000000000000, 1.000000000000000000 ) ) ;
#2137 = VERTEX_POINT ( 'NONE', #3691 ) ;
#2138 = ORIENTED_EDGE ( 'NONE', *, *, #595, .F. ) ;
#2139 = CIRCLE ( 'NONE', #2047, 3.199999999999994404 ) ;
#2140 = CARTESIAN_POINT ( 'NONE',  ( 35.00000000000000000, 545.0000000000012506, -2.000000000000000000 ) ) ;
#2141 = FILL_AREA_STYLE ('',( #2653 ) ) ;
#2142 = CARTESIAN_POINT ( 'NONE',  ( 118.0000000000000000, 1.000000000000000000, 2.000000000000000000 ) ) ;
#2143 = ADVANCED_FACE ( 'NONE', ( #1715 ), #3606, .T. ) ;
#2144 = ADVANCED_FACE ( 'NONE', ( #401 ), #5986, .T. ) ;
#2145 = ORIENTED_EDGE ( 'NONE', *, *, #1821, .T. ) ;
#2146 = FACE_BOUND ( 'NONE', #4622, .T. ) ;
#2147 = VERTEX_POINT ( 'NONE', #5557 ) ;
#2148 = DIRECTION ( 'NONE',  ( -1.000000000000000000, 0.000000000000000000, 0.000000000000000000 ) ) ;
#2149 = CARTESIAN_POINT ( 'NONE',  ( 104.2500000000000000, 665.0000000000000000, 3.827021247335479296E-16 ) ) ;
#2150 = DIRECTION ( 'NONE',  ( 1.000000000000000000, 0.000000000000000000, 0.000000000000000000 ) ) ;
#2151 = ORIENTED_EDGE ( 'NONE', *, *, #800, .T. ) ;
#2152 = ADVANCED_FACE ( 'NONE', ( #1343 ), #883, .F. ) ;
#2153 = ORIENTED_EDGE ( 'NONE', *, *, #1643, .F. ) ;
#2154 = ORIENTED_EDGE ( 'NONE', *, *, #1032, .T. ) ;
#2155 = CYLINDRICAL_SURFACE ( 'NONE', #4048, 1.250000000000001110 ) ;
#2156 = EDGE_LOOP ( 'NONE', ( #1930, #2203, #4448, #5543 ) ) ;
#2157 = EDGE_CURVE ( 'NONE', #5301, #2838, #5189, .T. ) ;
#2158 = CONICAL_SURFACE ( 'NONE', #2932, 3.189999999999999947, 0.1745329251994311437 ) ;
#2159 = ORIENTED_EDGE ( 'NONE', *, *, #5542, .T. ) ;
#2160 = ORIENTED_EDGE ( 'NONE', *, *, #2741, .F. ) ;
#2161 = CARTESIAN_POINT ( 'NONE',  ( 7.999999999999996447, 119.0000000000000995, -2.000000000000000000 ) ) ;
#2162 = CARTESIAN_POINT ( 'NONE',  ( 33.00000000000000000, 177.0000000000009379, -2.000000000000000000 ) ) ;
#2163 = CIRCLE ( 'NONE', #1180, 3.199999999999994404 ) ;
#2164 = DIRECTION ( 'NONE',  ( -0.000000000000000000, -0.000000000000000000, -1.000000000000000000 ) ) ;
#2165 = DIRECTION ( 'NONE',  ( -0.000000000000000000, -0.000000000000000000, -1.000000000000000000 ) ) ;
#2166 = DIRECTION ( 'NONE',  ( -1.000000000000000000, 0.000000000000000000, 0.000000000000000000 ) ) ;
#2167 = ORIENTED_EDGE ( 'NONE', *, *, #1858, .F. ) ;
#2168 = VERTEX_POINT ( 'NONE', #2310 ) ;
#2169 = CARTESIAN_POINT ( 'NONE',  ( 104.2500000000000000, 635.0000000000000000, 0.000000000000000000 ) ) ;
#2170 = FACE_OUTER_BOUND ( 'NONE', #3476, .T. ) ;
#2171 = VERTEX_POINT ( 'NONE', #969 ) ;
#2172 = FACE_BOUND ( 'NONE', #1337, .T. ) ;
#2173 = CIRCLE ( 'NONE', #2265, 78.00000000000000000 ) ;
#2174 = ORIENTED_EDGE ( 'NONE', *, *, #5313, .T. ) ;
#2175 = EDGE_CURVE ( 'NONE', #3022, #3705, #5707, .T. ) ;
#2176 = DIRECTION ( 'NONE',  ( 8.462065736472249571E-17, 1.000000000000000000, -0.000000000000000000 ) ) ;
#2177 = CARTESIAN_POINT ( 'NONE',  ( 90.99999999999837996, 193.0000000000003126, 3.827021247335479296E-16 ) ) ;
#2178 = LINE ( 'NONE', #4444, #4934 ) ;
#2179 = ORIENTED_EDGE ( 'NONE', *, *, #4772, .F. ) ;
#2180 = CIRCLE ( 'NONE', #5597, 3.199999999999994404 ) ;
#2181 = VERTEX_POINT ( 'NONE', #3304 ) ;
#2182 = ORIENTED_EDGE ( 'NONE', *, *, #546, .T. ) ;
#2183 = EDGE_CURVE ( 'NONE', #2147, #2857, #4132, .T. ) ;
#2184 = CARTESIAN_POINT ( 'NONE',  ( -72.00000000000000000, 79.99999999999998579, 0.000000000000000000 ) ) ;
#2185 = CIRCLE ( 'NONE', #827, 3.199999999999987743 ) ;
#2186 = ORIENTED_EDGE ( 'NONE', *, *, #632, .F. ) ;
#2187 = VERTEX_POINT ( 'NONE', #562 ) ;
#2188 = EDGE_CURVE ( 'NONE', #223, #1095, #2271, .T. ) ;
#2189 = CARTESIAN_POINT ( 'NONE',  ( 19.99999999999855760, 468.9999999999999432, -2.000000000000000000 ) ) ;
#2190 = LINE ( 'NONE', #5489, #2692 ) ;
#2191 = CIRCLE ( 'NONE', #5610, 2.500000000000000000 ) ;
#2192 = CIRCLE ( 'NONE', #4336, 1.250000000000001110 ) ;
#2193 = DIRECTION ( 'NONE',  ( -1.000000000000000000, 0.000000000000000000, -0.000000000000000000 ) ) ;
#2194 = FACE_OUTER_BOUND ( 'NONE', #3468, .T. ) ;
#2195 = CARTESIAN_POINT ( 'NONE',  ( 18.99999999999374367, 43.00000000000000000, 28.99999999999999645 ) ) ;
#2196 = ORIENTED_EDGE ( 'NONE', *, *, #4123, .T. ) ;
#2197 = ORIENTED_EDGE ( 'NONE', *, *, #1399, .T. ) ;
#2198 = CARTESIAN_POINT ( 'NONE',  ( 18.99999999999596056, 237.0000000000000000, 31.00000000000000000 ) ) ;
#2199 = DIRECTION ( 'NONE',  ( 0.000000000000000000, -0.000000000000000000, 1.000000000000000000 ) ) ;
#2200 = AXIS2_PLACEMENT_3D ( 'NONE', #2690, #3212, #495 ) ;
#2201 = VECTOR ( 'NONE', #2950, 1000.000000000000000 ) ;
#2202 = CIRCLE ( 'NONE', #3480, 2.000000000000000000 ) ;
#2203 = ORIENTED_EDGE ( 'NONE', *, *, #4308, .F. ) ;
#2204 = CARTESIAN_POINT ( 'NONE',  ( 7.999999999999989342, 121.0000000000001137, -2.000000000000000000 ) ) ;
#2205 = AXIS2_PLACEMENT_3D ( 'NONE', #3359, #1887, #3742 ) ;
#2206 = EDGE_LOOP ( 'NONE', ( #4759, #1149, #5421, #5665, #4979, #386 ) ) ;
#2207 = DIRECTION ( 'NONE',  ( -0.000000000000000000, 0.000000000000000000, 1.000000000000000000 ) ) ;
#2208 = DIRECTION ( 'NONE',  ( -1.000000000000000000, 0.000000000000000000, -3.686287386450711920E-15 ) ) ;
#2209 = CARTESIAN_POINT ( 'NONE',  ( 7.999999999993886668, 541.0000000000012506, -2.000000000000000000 ) ) ;
#2210 = VERTEX_POINT ( 'NONE', #118 ) ;
#2211 = EDGE_LOOP ( 'NONE', ( #2574, #1757, #2713, #6010 ) ) ;
#2212 = CARTESIAN_POINT ( 'NONE',  ( 104.2500000000000000, 35.00000000000002842, 0.000000000000000000 ) ) ;
#2213 = DIRECTION ( 'NONE',  ( 0.000000000000000000, -0.000000000000000000, -1.000000000000000000 ) ) ;
#2214 = CARTESIAN_POINT ( 'NONE',  ( 7.999999999995153210, 156.0000000000006821, 0.000000000000000000 ) ) ;
#2215 = EDGE_CURVE ( 'NONE', #2429, #4071, #133, .T. ) ;
#2216 = EDGE_CURVE ( 'NONE', #1315, #4085, #5691, .T. ) ;
#2217 = VERTEX_POINT ( 'NONE', #524 ) ;
#2218 = ORIENTED_EDGE ( 'NONE', *, *, #3358, .T. ) ;
#2219 = CARTESIAN_POINT ( 'NONE',  ( 9.999999999999912959, 594.0000000000001137, 0.000000000000000000 ) ) ;
#2220 = CARTESIAN_POINT ( 'NONE',  ( 0.000000000000000000, 0.000000000000000000, 0.000000000000000000 ) ) ;
#2221 = DIRECTION ( 'NONE',  ( 0.000000000000000000, 0.000000000000000000, -1.000000000000000000 ) ) ;
#2222 = EDGE_CURVE ( 'NONE', #1136, #1171, #3055, .T. ) ;
#2223 = FACE_OUTER_BOUND ( 'NONE', #3214, .T. ) ;
#2224 = CARTESIAN_POINT ( 'NONE',  ( 34.99999999999982947, 17.99999999999999645, 31.00000000000000711 ) ) ;
#2225 = CARTESIAN_POINT ( 'NONE',  ( -152.0000000000000000, 79.99999999999998579, 0.000000000000000000 ) ) ;
#2226 = LINE ( 'NONE', #403, #2482 ) ;
#2227 = CARTESIAN_POINT ( 'NONE',  ( 4.076128744968374232E-15, 0.000000000000000000, 30.99999999999999289 ) ) ;
#2228 = EDGE_CURVE ( 'NONE', #1095, #3144, #2339, .T. ) ;
#2229 = ORIENTED_EDGE ( 'NONE', *, *, #2244, .T. ) ;
#2230 = DIRECTION ( 'NONE',  ( 1.000000000000000000, 0.000000000000000000, 0.000000000000000000 ) ) ;
#2231 = ORIENTED_EDGE ( 'NONE', *, *, #3316, .T. ) ;
#2232 = CARTESIAN_POINT ( 'NONE',  ( 102.2499999999999858, 605.0000000000001137, 0.000000000000000000 ) ) ;
#2233 = CARTESIAN_POINT ( 'NONE',  ( 35.00000000000000000, 350.0000000000001137, -2.000000000000000000 ) ) ;
#2234 = LINE ( 'NONE', #3702, #2982 ) ;
#2235 = VECTOR ( 'NONE', #1951, 1000.000000000000000 ) ;
#2236 = VERTEX_POINT ( 'NONE', #1863 ) ;
#2237 = ORIENTED_EDGE ( 'NONE', *, *, #1321, .F. ) ;
#2238 = LINE ( 'NONE', #5152, #2273 ) ;
#2239 = DIRECTION ( 'NONE',  ( -1.000000000000000000, 0.000000000000000000, 0.000000000000000000 ) ) ;
#2240 = ITEM_DEFINED_TRANSFORMATION ( 'NONE', 'NONE', #2990,  #5721 ) ;
#2241 = EDGE_LOOP ( 'NONE', ( #2167, #2724 ) ) ;
#2242 = EDGE_LOOP ( 'NONE', ( #4583, #3300, #3010, #3193 ) ) ;
#2243 = EDGE_CURVE ( 'NONE', #781, #3618, #3839, .T. ) ;
#2244 = EDGE_CURVE ( 'NONE', #3327, #1552, #2180, .T. ) ;
#2245 = CARTESIAN_POINT ( 'NONE',  ( 97.99999999999998579, 368.5000000000000568, 0.000000000000000000 ) ) ;
#2246 = LINE ( 'NONE', #4118, #1221 ) ;
#2247 = CONICAL_SURFACE ( 'NONE', #4990, 2.500000000000000000, 0.7853981633974476129 ) ;
#2248 = CARTESIAN_POINT ( 'NONE',  ( 33.00000000000000000, 348.0000000000001705, 0.000000000000000000 ) ) ;
#2249 = DIRECTION ( 'NONE',  ( 1.000000000000000000, 0.000000000000000000, 0.000000000000000000 ) ) ;
#2250 = AXIS2_PLACEMENT_3D ( 'NONE', #4805, #1605, #4320 ) ;
#2251 = CYLINDRICAL_SURFACE ( 'NONE', #4874, 1.250000000000001110 ) ;
#2252 = EDGE_CURVE ( 'NONE', #4084, #1116, #4614, .T. ) ;
#2253 = LINE ( 'NONE', #3665, #841 ) ;
#2254 =( NAMED_UNIT ( * ) SI_UNIT ( $, .STERADIAN. ) SOLID_ANGLE_UNIT ( ) );
#2255 = CARTESIAN_POINT ( 'NONE',  ( -1.000000000000000888, 80.00000000000000000, -764.0000000000000000 ) ) ;
#2256 = AXIS2_PLACEMENT_3D ( 'NONE', #3423, #2099, #3448 ) ;
#2257 = EDGE_LOOP ( 'NONE', ( #1378, #5267, #159, #2515 ) ) ;
#2258 = LINE ( 'NONE', #7, #4611 ) ;
#2259 = VERTEX_POINT ( 'NONE', #2807 ) ;
#2260 = EDGE_CURVE ( 'NONE', #4861, #5074, #819, .T. ) ;
#2261 = DIRECTION ( 'NONE',  ( -0.000000000000000000, -0.000000000000000000, -1.000000000000000000 ) ) ;
#2262 = CARTESIAN_POINT ( 'NONE',  ( 10.00000000000022204, 53.00000000000010658, 0.000000000000000000 ) ) ;
#2263 = AXIS2_PLACEMENT_3D ( 'NONE', #2909, #5206, #3797 ) ;
#2264 = DIRECTION ( 'NONE',  ( 1.000000000000000000, 0.000000000000000000, 0.000000000000000000 ) ) ;
#2265 = AXIS2_PLACEMENT_3D ( 'NONE', #4826, #2049, #3968 ) ;
#2266 = ORIENTED_EDGE ( 'NONE', *, *, #131, .T. ) ;
#2267 = EDGE_LOOP ( 'NONE', ( #1663, #141, #2398, #2929 ) ) ;
#2268 = DIRECTION ( 'NONE',  ( 0.000000000000000000, 0.000000000000000000, 1.000000000000000000 ) ) ;
#2269 = DIRECTION ( 'NONE',  ( -1.000000000000000000, 0.000000000000000000, 0.000000000000000000 ) ) ;
#2270 = CARTESIAN_POINT ( 'NONE',  ( 51.25000000000000711, 85.00000000000000000, -1.040949779275235965E-16 ) ) ;
#2271 = CIRCLE ( 'NONE', #37, 3.200000000000005063 ) ;
#2272 = EDGE_LOOP ( 'NONE', ( #5219, #2386, #3445, #1326 ) ) ;
#2273 = VECTOR ( 'NONE', #4108, 1000.000000000000000 ) ;
#2274 = ORIENTED_EDGE ( 'NONE', *, *, #4008, .F. ) ;
#2275 = DIRECTION ( 'NONE',  ( 1.000000000000000000, 0.000000000000000000, 0.000000000000000000 ) ) ;
#2276 = FACE_OUTER_BOUND ( 'NONE', #266, .T. ) ;
#2277 = VECTOR ( 'NONE', #2088, 1000.000000000000000 ) ;
#2278 = EDGE_CURVE ( 'NONE', #1670, #2306, #1599, .T. ) ;
#2279 = DIRECTION ( 'NONE',  ( -1.000000000000000000, 0.000000000000000000, 0.000000000000000000 ) ) ;
#2280 = CARTESIAN_POINT ( 'NONE',  ( 15.49999999999596056, 237.0000000000000000, 31.00000000000000000 ) ) ;
#2281 = VECTOR ( 'NONE', #5349, 1000.000000000000000 ) ;
#2282 = DIRECTION ( 'NONE',  ( -0.000000000000000000, 1.000000000000000000, 0.000000000000000000 ) ) ;
#2283 = DIRECTION ( 'NONE',  ( 0.000000000000000000, -0.000000000000000000, 1.000000000000000000 ) ) ;
#2284 = VECTOR ( 'NONE', #3683, 1000.000000000000000 ) ;
#2285 = EDGE_CURVE ( 'NONE', #5341, #4299, #5787, .T. ) ;
#2286 = ADVANCED_FACE ( 'NONE', ( #3808 ), #3271, .F. ) ;
#2287 = VERTEX_POINT ( 'NONE', #1402 ) ;
#2288 = AXIS2_PLACEMENT_3D ( 'NONE', #2663, #5420, #4528 ) ;
#2289 = ORIENTED_EDGE ( 'NONE', *, *, #1257, .F. ) ;
#2290 = LINE ( 'NONE', #3246, #1206 ) ;
#2291 = AXIS2_PLACEMENT_3D ( 'NONE', #5490, #4089, #5952 ) ;
#2292 = LINE ( 'NONE', #474, #1581 ) ;
#2293 = AXIS2_PLACEMENT_3D ( 'NONE', #5280, #2616, #3899 ) ;
#2294 = DIRECTION ( 'NONE',  ( -0.000000000000000000, -0.000000000000000000, -1.000000000000000000 ) ) ;
#2295 = AXIS2_PLACEMENT_3D ( 'NONE', #3374, #656, #4372 ) ;
#2296 = EDGE_CURVE ( 'NONE', #1943, #3851, #2863, .T. ) ;
#2297 = VECTOR ( 'NONE', #2862, 1000.000000000000000 ) ;
#2298 = CIRCLE ( 'NONE', #561, 2.000000000000001776 ) ;
#2299 = ORIENTED_EDGE ( 'NONE', *, *, #4090, .F. ) ;
#2300 = ORIENTED_EDGE ( 'NONE', *, *, #2750, .T. ) ;
#2301 = CYLINDRICAL_SURFACE ( 'NONE', #432, 3.199999999999987743 ) ;
#2302 = CARTESIAN_POINT ( 'NONE',  ( 33.00000000000000000, 350.0000000000002274, -2.000000000000000000 ) ) ;
#2303 = DIRECTION ( 'NONE',  ( 1.000000000000000000, 0.000000000000000000, 0.000000000000000000 ) ) ;
#2304 = EDGE_CURVE ( 'NONE', #1145, #2005, #1036, .T. ) ;
#2305 = VERTEX_POINT ( 'NONE', #5133 ) ;
#2306 = VERTEX_POINT ( 'NONE', #183 ) ;
#2307 = CARTESIAN_POINT ( 'NONE',  ( 33.00000000000000000, 51.00000000000019185, 0.000000000000000000 ) ) ;
#2308 = CARTESIAN_POINT ( 'NONE',  ( 35.00000000000000000, 520.0000000000007958, 0.000000000000000000 ) ) ;
#2309 = DIRECTION ( 'NONE',  ( -1.000000000000000000, 0.000000000000000000, 0.000000000000000000 ) ) ;
#2310 = CARTESIAN_POINT ( 'NONE',  ( -0.3370000000000000218, 0.000000000000000000, -2.066999999999999726 ) ) ;
#2311 = DIRECTION ( 'NONE',  ( 0.000000000000000000, 0.000000000000000000, 1.000000000000000000 ) ) ;
#2312 = DIRECTION ( 'NONE',  ( -1.000000000000000000, -9.292636762033109770E-33, -3.589083053745117718E-15 ) ) ;
#2313 = SURFACE_STYLE_USAGE ( .BOTH. , #404 ) ;
#2314 = EDGE_LOOP ( 'NONE', ( #759, #4026, #445, #2545 ) ) ;
#2315 = EDGE_LOOP ( 'NONE', ( #23, #2441, #5963, #5159 ) ) ;
#2316 = CYLINDRICAL_SURFACE ( 'NONE', #330, 1.250000000000001110 ) ;
#2317 = EDGE_LOOP ( 'NONE', ( #35, #1157 ) ) ;
#2318 = CARTESIAN_POINT ( 'NONE',  ( 17.00000000000003908, 318.0000000000002274, -2.000000000000000000 ) ) ;
#2319 = CARTESIAN_POINT ( 'NONE',  ( 1.666666666666670071, 0.000000000000000000, 0.000000000000000000 ) ) ;
#2320 = CARTESIAN_POINT ( 'NONE',  ( -150.0000000000000000, 118.9999999999999858, 0.000000000000000000 ) ) ;
#2321 = ADVANCED_FACE ( 'NONE', ( #2042 ), #3960, .F. ) ;
#2322 = EDGE_CURVE ( 'NONE', #478, #417, #5942, .T. ) ;
#2323 = ORIENTED_EDGE ( 'NONE', *, *, #2784, .T. ) ;
#2324 = EDGE_LOOP ( 'NONE', ( #3983, #3370, #4287, #1942 ) ) ;
#2325 = CARTESIAN_POINT ( 'NONE',  ( 35.00000000000000000, 0.000000000000000000, -2.000000000000000000 ) ) ;
#2326 = LINE ( 'NONE', #2884, #514 ) ;
#2327 = DIRECTION ( 'NONE',  ( 1.000000000000000000, 0.000000000000000000, 0.000000000000000000 ) ) ;
#2328 = CIRCLE ( 'NONE', #392, 3.199999999999994404 ) ;
#2329 = EDGE_CURVE ( 'NONE', #3942, #2958, #3483, .T. ) ;
#2330 = DIRECTION ( 'NONE',  ( 0.000000000000000000, 0.000000000000000000, 1.000000000000000000 ) ) ;
#2331 = EDGE_LOOP ( 'NONE', ( #5850, #4664, #3372, #4324, #2712, #982 ) ) ;
#2332 = VECTOR ( 'NONE', #2488, 1000.000000000000000 ) ;
#2333 = ORIENTED_EDGE ( 'NONE', *, *, #427, .F. ) ;
#2334 = ADVANCED_FACE ( 'NONE', ( #5762 ), #1584, .F. ) ;
#2335 = CARTESIAN_POINT ( 'NONE',  ( 15.50000000000000355, 625.0000000000000000, 28.99999999999999645 ) ) ;
#2336 = CYLINDRICAL_SURFACE ( 'NONE', #5825, 1.250000000000001110 ) ;
#2337 = AXIS2_PLACEMENT_3D ( 'NONE', #4503, #388, #3104 ) ;
#2338 = CARTESIAN_POINT ( 'NONE',  ( 35.00000000000000000, 0.000000000000000000, 0.000000000000000000 ) ) ;
#2339 = LINE ( 'NONE', #4244, #1197 ) ;
#2340 = LINE ( 'NONE', #1775, #592 ) ;
#2341 = CARTESIAN_POINT ( 'NONE',  ( 99.74999999999998579, 85.00000000000000000, -1.040949779275235965E-16 ) ) ;
#2342 =( NAMED_UNIT ( * ) PLANE_ANGLE_UNIT ( ) SI_UNIT ( $, .RADIAN. ) );
#2343 = FACE_BOUND ( 'NONE', #2127, .T. ) ;
#2344 = UNCERTAINTY_MEASURE_WITH_UNIT (LENGTH_MEASURE( 1.000000000000000082E-05 ), #5321, 'distance_accuracy_value', 'NONE');
#2345 = CIRCLE ( 'NONE', #5182, 1.000000000000000888 ) ;
#2346 = ORIENTED_EDGE ( 'NONE', *, *, #4007, .F. ) ;
#2347 = DIRECTION ( 'NONE',  ( -0.000000000000000000, -0.000000000000000000, 1.000000000000000000 ) ) ;
#2348 = ORIENTED_EDGE ( 'NONE', *, *, #2228, .T. ) ;
#2349 = CARTESIAN_POINT ( 'NONE',  ( 90.99999999999835154, 95.00000000000031264, 0.000000000000000000 ) ) ;
#2350 = DIRECTION ( 'NONE',  ( 1.000000000000000000, 0.000000000000000000, 0.000000000000000000 ) ) ;
#2351 = DIRECTION ( 'NONE',  ( 1.000000000000000000, 0.000000000000000000, 0.000000000000000000 ) ) ;
#2352 = CIRCLE ( 'NONE', #1182, 4.320000000000000284 ) ;
#2353 = EDGE_CURVE ( 'NONE', #1856, #964, #1087, .T. ) ;
#2354 = ORIENTED_EDGE ( 'NONE', *, *, #5623, .T. ) ;
#2355 = CARTESIAN_POINT ( 'NONE',  ( -0.5917592592592589851, 0.000000000000000000, 3.189999999999999947 ) ) ;
#2356 = CIRCLE ( 'NONE', #3042, 2.000000000000001776 ) ;
#2357 = VERTEX_POINT ( 'NONE', #732 ) ;
#2358 = LINE ( 'NONE', #1422, #2567 ) ;
#2359 = CARTESIAN_POINT ( 'NONE',  ( 104.2500000000000000, 35.00000000000002842, 2.000000000000000000 ) ) ;
#2360 = DIRECTION ( 'NONE',  ( -1.000000000000000000, -1.224646799147353207E-16, 0.000000000000000000 ) ) ;
#2361 = DIRECTION ( 'NONE',  ( -9.376883653928686131E-17, 0.000000000000000000, 1.000000000000000000 ) ) ;
#2362 = CIRCLE ( 'NONE', #4317, 2.000000000000000000 ) ;
#2363 = EDGE_CURVE ( 'NONE', #1167, #3986, #2987, .T. ) ;
#2364 = ORIENTED_EDGE ( 'NONE', *, *, #251, .F. ) ;
#2365 = ORIENTED_EDGE ( 'NONE', *, *, #2865, .T. ) ;
#2366 = VECTOR ( 'NONE', #5743, 1000.000000000000000 ) ;
#2367 = DIRECTION ( 'NONE',  ( -1.000000000000000000, 0.000000000000000000, 0.000000000000000000 ) ) ;
#2368 = VECTOR ( 'NONE', #5097, 1000.000000000000000 ) ;
#2369 = SHAPE_REPRESENTATION ( 'E.Flex_01_AbdeckblechEck1_V1.1_HMI', ( #5721 ), #3485 ) ;
#2370 = ADVANCED_FACE ( 'NONE', ( #4854 ), #3927, .F. ) ;
#2371 = CARTESIAN_POINT ( 'NONE',  ( 90.99999999999837996, 193.0000000000003126, 2.000000000000000000 ) ) ;
#2372 = CARTESIAN_POINT ( 'NONE',  ( 15.49999999999798383, 431.0000000000000000, 31.00000000000000000 ) ) ;
#2373 = FACE_OUTER_BOUND ( 'NONE', #2113, .T. ) ;
#2374 = AXIS2_PLACEMENT_3D ( 'NONE', #4535, #2461, #4080 ) ;
#2375 = DIRECTION ( 'NONE',  ( -1.000000000000000000, -3.512839483595690127E-17, -2.465190328815661892E-32 ) ) ;
#2376 = LINE ( 'NONE', #4766, #4347 ) ;
#2377 = PRODUCT ( 'E.Flex_01_AbdeckblechEck4_V1.2', 'E.Flex_01_AbdeckblechEck4_V1.2', '', ( #3162 ) ) ;
#2378 = AXIS2_PLACEMENT_3D ( 'NONE', #287, #5815, #2148 ) ;
#2379 = ORIENTED_EDGE ( 'NONE', *, *, #1771, .F. ) ;
#2380 = DIRECTION ( 'NONE',  ( 0.000000000000000000, -1.000000000000000000, -0.000000000000000000 ) ) ;
#2381 = ORIENTED_EDGE ( 'NONE', *, *, #328, .T. ) ;
#2382 = CARTESIAN_POINT ( 'NONE',  ( 18.99999999999798206, 431.0000000000000000, 28.99999999999999645 ) ) ;
#2383 = CARTESIAN_POINT ( 'NONE',  ( 84.99999999999980105, 670.0000000000000000, 25.00100000000000833 ) ) ;
#2384 = VECTOR ( 'NONE', #1398, 1000.000000000000000 ) ;
#2385 = AXIS2_PLACEMENT_3D ( 'NONE', #1309, #3179, #1747 ) ;
#2386 = ORIENTED_EDGE ( 'NONE', *, *, #5465, .T. ) ;
#2387 = PRESENTATION_LAYER_ASSIGNMENT (  '', '', ( #4251 ) ) ;
#2388 = CARTESIAN_POINT ( 'NONE',  ( 40.99999999999990763, 650.0000000000000000, 1.999999999999998224 ) ) ;
#2389 = VECTOR ( 'NONE', #5681, 1000.000000000000000 ) ;
#2390 = ORIENTED_EDGE ( 'NONE', *, *, #3188, .F. ) ;
#2391 = DIRECTION ( 'NONE',  ( 0.000000000000000000, 0.000000000000000000, -1.000000000000000000 ) ) ;
#2392 = CARTESIAN_POINT ( 'NONE',  ( 51.25000000000000711, 605.0000000000001137, 2.000000000000000000 ) ) ;
#2393 = CYLINDRICAL_SURFACE ( 'NONE', #1418, 3.761792452830190037 ) ;
#2394 = DIRECTION ( 'NONE',  ( -0.000000000000000000, -0.000000000000000000, -1.000000000000000000 ) ) ;
#2395 = VECTOR ( 'NONE', #5573, 1000.000000000000000 ) ;
#2396 = AXIS2_PLACEMENT_3D ( 'NONE', #1004, #1562, #1502 ) ;
#2397 = CIRCLE ( 'NONE', #1427, 2.000000000000001776 ) ;
#2398 = ORIENTED_EDGE ( 'NONE', *, *, #1024, .T. ) ;
#2399 = CIRCLE ( 'NONE', #2490, 2.066999999999999726 ) ;
#2400 = ORIENTED_EDGE ( 'NONE', *, *, #358, .F. ) ;
#2401 = VECTOR ( 'NONE', #2805, 1000.000000000000000 ) ;
#2402 = AXIS2_PLACEMENT_3D ( 'NONE', #55, #2917, #4208 ) ;
#2403 = LINE ( 'NONE', #4697, #4243 ) ;
#2404 = ADVANCED_FACE ( 'NONE', ( #2670 ), #704, .F. ) ;
#2405 = FACE_OUTER_BOUND ( 'NONE', #2324, .T. ) ;
#2406 = EDGE_CURVE ( 'NONE', #5124, #4725, #3452, .T. ) ;
#2407 = PRESENTATION_LAYER_ASSIGNMENT (  '', '', ( #4164 ) ) ;
#2408 = CARTESIAN_POINT ( 'NONE',  ( 84.99999999999980105, 670.0000000000000000, 2.000000000000001776 ) ) ;
#2409 = PRODUCT_DEFINITION_FORMATION_WITH_SPECIFIED_SOURCE ( 'ANY', '', #2377, .NOT_KNOWN. ) ;
#2410 = DIRECTION ( 'NONE',  ( -1.000000000000000000, 0.000000000000000000, 0.000000000000000000 ) ) ;
#2411 = DIRECTION ( 'NONE',  ( 0.000000000000000000, -0.000000000000000000, -1.000000000000000000 ) ) ;
#2412 = CARTESIAN_POINT ( 'NONE',  ( 2.000000000000000000, 0.000000000000000000, -3.189999999999999947 ) ) ;
#2413 = CARTESIAN_POINT ( 'NONE',  ( -2.385000000000002007, 62.00000000000000711, -371.4999999999998295 ) ) ;
#2414 = CARTESIAN_POINT ( 'NONE',  ( 7.999999999999989342, 121.0000000000001137, -2.000000000000000000 ) ) ;
#2415 = ADVANCED_FACE ( 'NONE', ( #2948 ), #3869, .T. ) ;
#2416 = UNCERTAINTY_MEASURE_WITH_UNIT (LENGTH_MEASURE( 1.000000000000000082E-05 ), #5137, 'distance_accuracy_value', 'NONE');
#2417 = ORIENTED_EDGE ( 'NONE', *, *, #3428, .T. ) ;
#2418 = DIRECTION ( 'NONE',  ( -0.000000000000000000, 0.000000000000000000, 1.000000000000000000 ) ) ;
#2419 = ORIENTED_EDGE ( 'NONE', *, *, #3820, .T. ) ;
#2420 = CARTESIAN_POINT ( 'NONE',  ( 2.000000000000000000, 2.000000000000000000, -2.000000000000000000 ) ) ;
#2421 = DIRECTION ( 'NONE',  ( -1.000000000000000000, -3.418425673248413841E-15, 0.000000000000000000 ) ) ;
#2422 = EDGE_CURVE ( 'NONE', #1764, #2080, #4818, .T. ) ;
#2423 = VERTEX_POINT ( 'NONE', #4363 ) ;
#2424 = PRESENTATION_STYLE_ASSIGNMENT (( #105 ) ) ;
#2425 = ORIENTED_EDGE ( 'NONE', *, *, #4713, .T. ) ;
#2426 = CARTESIAN_POINT ( 'NONE',  ( 4.271332174772342958E-15, 650.0000000000000000, 28.99999999999999645 ) ) ;
#2427 = DIRECTION ( 'NONE',  ( 0.000000000000000000, 0.000000000000000000, 1.000000000000000000 ) ) ;
#2428 = DIRECTION ( 'NONE',  ( -0.000000000000000000, -0.000000000000000000, -1.000000000000000000 ) ) ;
#2429 = VERTEX_POINT ( 'NONE', #3293 ) ;
#2430 = ORIENTED_EDGE ( 'NONE', *, *, #1131, .T. ) ;
#2431 = DIRECTION ( 'NONE',  ( 1.000000000000000000, 0.000000000000000000, 0.000000000000000000 ) ) ;
#2432 = FILL_AREA_STYLE_COLOUR ( '', #570 ) ;
#2433 = EDGE_CURVE ( 'NONE', #3594, #4782, #2957, .T. ) ;
#2434 = DIRECTION ( 'NONE',  ( -0.000000000000000000, -0.000000000000000000, -1.000000000000000000 ) ) ;
#2435 = DIRECTION ( 'NONE',  ( -0.000000000000000000, 1.000000000000000000, -0.000000000000000000 ) ) ;
#2436 = CARTESIAN_POINT ( 'NONE',  ( 90.99999999999835154, 95.00000000000031264, 3.827021247335479296E-16 ) ) ;
#2437 = DIRECTION ( 'NONE',  ( -1.000000000000000000, -9.931017931319869930E-17, 1.655835545099679789E-15 ) ) ;
#2438 = FACE_BOUND ( 'NONE', #127, .T. ) ;
#2439 = ADVANCED_FACE ( 'NONE', ( #46 ), #2301, .F. ) ;
#2440 = DIRECTION ( 'NONE',  ( -1.000000000000000000, 0.000000000000000000, 0.000000000000000000 ) ) ;
#2441 = ORIENTED_EDGE ( 'NONE', *, *, #3012, .T. ) ;
#2442 = CARTESIAN_POINT ( 'NONE',  ( 15.00000000000003730, 346.0000000000001705, 0.000000000000000000 ) ) ;
#2443 = LINE ( 'NONE', #5289, #2592 ) ;
#2444 = CIRCLE ( 'NONE', #3529, 3.499999999999999556 ) ;
#2445 = EDGE_CURVE ( 'NONE', #4905, #4474, #2358, .T. ) ;
#2446 = EDGE_LOOP ( 'NONE', ( #1701, #3068, #4073, #673 ) ) ;
#2447 = VERTEX_POINT ( 'NONE', #4623 ) ;
#2448 = CARTESIAN_POINT ( 'NONE',  ( 9.999999999999989342, 121.0000000000001137, -2.000000000000000000 ) ) ;
#2449 = DIRECTION ( 'NONE',  ( 0.000000000000000000, 0.000000000000000000, 1.000000000000000000 ) ) ;
#2450 = AXIS2_PLACEMENT_3D ( 'NONE', #227, #4900, #4841 ) ;
#2451 = DIRECTION ( 'NONE',  ( -1.000000000000000000, 0.000000000000000000, 0.000000000000000000 ) ) ;
#2452 = COLOUR_RGB ( '',0.1921568627450980227, 0.2039215686274509776, 0.2039215686274509776 ) ;
#2453 = ORIENTED_EDGE ( 'NONE', *, *, #4567, .T. ) ;
#2454 = EDGE_LOOP ( 'NONE', ( #5902, #2578 ) ) ;
#2455 = ORIENTED_EDGE ( 'NONE', *, *, #335, .T. ) ;
#2456 = DIRECTION ( 'NONE',  ( 8.462065736472249571E-17, 1.000000000000000000, -0.000000000000000000 ) ) ;
#2457 = AXIS2_PLACEMENT_3D ( 'NONE', #3507, #1528, #641 ) ;
#2458 = SURFACE_SIDE_STYLE ('',( #3397 ) ) ;
#2459 = AXIS2_PLACEMENT_3D ( 'NONE', #3186, #4613, #2230 ) ;
#2460 = ORIENTED_EDGE ( 'NONE', *, *, #1446, .F. ) ;
#2461 = DIRECTION ( 'NONE',  ( -0.000000000000000000, -0.000000000000000000, -1.000000000000000000 ) ) ;
#2462 = CARTESIAN_POINT ( 'NONE',  ( -150.0000000000000000, 119.9999999999999858, -1.000000000000000888 ) ) ;
#2463 = DIRECTION ( 'NONE',  ( -0.000000000000000000, -0.000000000000000000, -1.000000000000000000 ) ) ;
#2464 = DIRECTION ( 'NONE',  ( -2.940840684141151999E-17, 0.8371691043312211589, -0.5469441386039901598 ) ) ;
#2465 = CARTESIAN_POINT ( 'NONE',  ( 0.000000000000000000, 18.00000000000000000, 31.00000000000000711 ) ) ;
#2466 = AXIS2_PLACEMENT_3D ( 'NONE', #6020, #859, #2166 ) ;
#2467 = CARTESIAN_POINT ( 'NONE',  ( 17.00000000000003553, 346.0000000000001705, -2.000000000000000000 ) ) ;
#2468 = AXIS2_PLACEMENT_3D ( 'NONE', #4563, #4227, #2732 ) ;
#2469 = ORIENTED_EDGE ( 'NONE', *, *, #5095, .F. ) ;
#2470 = DIRECTION ( 'NONE',  ( 0.000000000000000000, -0.000000000000000000, 1.000000000000000000 ) ) ;
#2471 =( NAMED_UNIT ( * ) SI_UNIT ( $, .STERADIAN. ) SOLID_ANGLE_UNIT ( ) );
#2472 = EDGE_CURVE ( 'NONE', #4234, #4034, #2238, .T. ) ;
#2473 = ADVANCED_FACE ( 'NONE', ( #930 ), #5515, .F. ) ;
#2474 = ORIENTED_EDGE ( 'NONE', *, *, #6009, .F. ) ;
#2475 =( NAMED_UNIT ( * ) PLANE_ANGLE_UNIT ( ) SI_UNIT ( $, .RADIAN. ) );
#2476 = ORIENTED_EDGE ( 'NONE', *, *, #5478, .F. ) ;
#2477 = SURFACE_STYLE_USAGE ( .BOTH. , #2937 ) ;
#2478 = DIRECTION ( 'NONE',  ( -1.000000000000000000, 0.000000000000000000, 0.000000000000000000 ) ) ;
#2479 = LINE ( 'NONE', #1053, #1813 ) ;
#2480 = EDGE_CURVE ( 'NONE', #5337, #4836, #1505, .T. ) ;
#2481 = VECTOR ( 'NONE', #5120, 1000.000000000000000 ) ;
#2482 = VECTOR ( 'NONE', #2689, 1000.000000000000000 ) ;
#2483 = ORIENTED_EDGE ( 'NONE', *, *, #5101, .F. ) ;
#2484 = ORIENTED_EDGE ( 'NONE', *, *, #769, .T. ) ;
#2485 = CARTESIAN_POINT ( 'NONE',  ( 7.999999999999921840, 594.0000000000001137, 0.000000000000000000 ) ) ;
#2486 = VECTOR ( 'NONE', #528, 1000.000000000000000 ) ;
#2487 = AXIS2_PLACEMENT_3D ( 'NONE', #1798, #371, #5526 ) ;
#2488 = DIRECTION ( 'NONE',  ( -0.000000000000000000, -0.000000000000000000, -1.000000000000000000 ) ) ;
#2489 = ADVANCED_FACE ( 'NONE', ( #847 ), #957, .F. ) ;
#2490 = AXIS2_PLACEMENT_3D ( 'NONE', #501, #2351, #384 ) ;
#2491 = CARTESIAN_POINT ( 'NONE',  ( 107.4499999999999886, 65.00000000000002842, 0.000000000000000000 ) ) ;
#2492 = VECTOR ( 'NONE', #4238, 1000.000000000000000 ) ;
#2493 = DIRECTION ( 'NONE',  ( 1.000000000000000000, 0.000000000000000000, 0.000000000000000000 ) ) ;
#2494 = CARTESIAN_POINT ( 'NONE',  ( 17.00000000000003908, 316.0000000000002274, -2.000000000000000000 ) ) ;
#2495 = DIRECTION ( 'NONE',  ( -1.000000000000000000, -3.469446951953614189E-15, 0.000000000000000000 ) ) ;
#2496 = PRESENTATION_LAYER_ASSIGNMENT (  '', '', ( #940 ) ) ;
#2497 = CARTESIAN_POINT ( 'NONE',  ( -2.000000000000005773, 29.00000000000192557, -644.9999999999997726 ) ) ;
#2498 = DIRECTION ( 'NONE',  ( -0.000000000000000000, -0.000000000000000000, -1.000000000000000000 ) ) ;
#2499 = DIRECTION ( 'NONE',  ( -1.000000000000000000, 0.000000000000000000, 0.000000000000000000 ) ) ;
#2500 = ORIENTED_EDGE ( 'NONE', *, *, #5577, .T. ) ;
#2501 = CARTESIAN_POINT ( 'NONE',  ( 0.000000000000000000, 720.0000000000000000, -2.000000000000000000 ) ) ;
#2502 = CYLINDRICAL_SURFACE ( 'NONE', #5819, 3.499999999999999556 ) ;
#2503 = PLANE ( 'NONE',  #3278 ) ;
#2504 = VERTEX_POINT ( 'NONE', #5972 ) ;
#2505 = FACE_BOUND ( 'NONE', #3647, .T. ) ;
#2506 = EDGE_CURVE ( 'NONE', #757, #2736, #1852, .T. ) ;
#2507 = ORIENTED_EDGE ( 'NONE', *, *, #4341, .T. ) ;
#2508 = EDGE_CURVE ( 'NONE', #3618, #5175, #3649, .T. ) ;
#2509 = CARTESIAN_POINT ( 'NONE',  ( 0.000000000000000000, 0.000000000000000000, 0.000000000000000000 ) ) ;
#2510 = LINE ( 'NONE', #5296, #4501 ) ;
#2511 = CARTESIAN_POINT ( 'NONE',  ( 34.99999999999982236, 650.0000000000000000, 27.00000000000000355 ) ) ;
#2512 = VERTEX_POINT ( 'NONE', #1910 ) ;
#2513 = VERTEX_POINT ( 'NONE', #479 ) ;
#2514 = ADVANCED_FACE ( 'NONE', ( #1826 ), #5116, .T. ) ;
#2515 = ORIENTED_EDGE ( 'NONE', *, *, #3614, .F. ) ;
#2516 = CARTESIAN_POINT ( 'NONE',  ( 34.99999999999982236, 650.0000000000000000, 27.00000000000000355 ) ) ;
#2517 =( LENGTH_UNIT ( ) NAMED_UNIT ( * ) SI_UNIT ( .MILLI., .METRE. ) );
#2518 = CARTESIAN_POINT ( 'NONE',  ( 54.19999999999837570, 95.00000000000031264, 3.827021247335479296E-16 ) ) ;
#2519 = ORIENTED_EDGE ( 'NONE', *, *, #261, .T. ) ;
#2520 = ADVANCED_FACE ( 'NONE', ( #1791 ), #4687, .T. ) ;
#2521 = CARTESIAN_POINT ( 'NONE',  ( 33.00000000000000000, 314.0000000000002274, -2.000000000000000000 ) ) ;
#2522 = CARTESIAN_POINT ( 'NONE',  ( 2.000000000000000000, 718.0000000000000000, 0.000000000000000000 ) ) ;
#2523 = CARTESIAN_POINT ( 'NONE',  ( -0.9999999999999911182, 0.000000000000000000, -764.0000000000000000 ) ) ;
#2524 = SHAPE_DEFINITION_REPRESENTATION ( #3160, #2369 ) ;
#2525 = CARTESIAN_POINT ( 'NONE',  ( -0.3370000000000000218, 0.000000000000000000, 0.000000000000000000 ) ) ;
#2526 = AXIS2_PLACEMENT_3D ( 'NONE', #1655, #3116, #1217 ) ;
#2527 = AXIS2_PLACEMENT_3D ( 'NONE', #270, #4418, #3421 ) ;
#2528 = CARTESIAN_POINT ( 'NONE',  ( 101.0499999999999972, 635.0000000000000000, 0.000000000000000000 ) ) ;
#2529 = ORIENTED_EDGE ( 'NONE', *, *, #5352, .T. ) ;
#2530 = CARTESIAN_POINT ( 'NONE',  ( -0.5917592592592589851, 0.000000000000000000, 0.000000000000000000 ) ) ;
#2531 = SURFACE_SIDE_STYLE ('',( #2999 ) ) ;
#2532 = CARTESIAN_POINT ( 'NONE',  ( 33.00000000000000000, 670.0000000000000000, -2.000000000000000000 ) ) ;
#2533 = EDGE_LOOP ( 'NONE', ( #2218, #1394, #3450, #3475, #4235, #5814 ) ) ;
#2534 = FACE_OUTER_BOUND ( 'NONE', #785, .T. ) ;
#2535 = ORIENTED_EDGE ( 'NONE', *, *, #202, .T. ) ;
#2536 = DIRECTION ( 'NONE',  ( 1.000000000000000000, 0.000000000000000000, 0.000000000000000000 ) ) ;
#2537 = CARTESIAN_POINT ( 'NONE',  ( 87.79999999999837712, 193.0000000000003126, 3.827021247335479296E-16 ) ) ;
#2538 = DIRECTION ( 'NONE',  ( -0.000000000000000000, -1.000000000000000000, -0.000000000000000000 ) ) ;
#2539 = MECHANICAL_DESIGN_GEOMETRIC_PRESENTATION_REPRESENTATION (  '', ( #5864 ), #1481 ) ;
#2540 = EDGE_CURVE ( 'NONE', #2731, #2259, #5057, .T. ) ;
#2541 = ORIENTED_EDGE ( 'NONE', *, *, #3310, .F. ) ;
#2542 = VECTOR ( 'NONE', #4718, 1000.000000000000000 ) ;
#2543 = VERTEX_POINT ( 'NONE', #1293 ) ;
#2544 = DIRECTION ( 'NONE',  ( 0.000000000000000000, 0.000000000000000000, -1.000000000000000000 ) ) ;
#2545 = ORIENTED_EDGE ( 'NONE', *, *, #277, .T. ) ;
#2546 = VECTOR ( 'NONE', #1274, 1000.000000000000000 ) ;
#2547 = EDGE_CURVE ( 'NONE', #4936, #530, #3680, .T. ) ;
#2548 = EDGE_CURVE ( 'NONE', #1739, #4101, #3551, .T. ) ;
#2549 = SURFACE_STYLE_USAGE ( .BOTH. , #2458 ) ;
#2550 = ORIENTED_EDGE ( 'NONE', *, *, #947, .F. ) ;
#2551 =( NAMED_UNIT ( * ) PLANE_ANGLE_UNIT ( ) SI_UNIT ( $, .RADIAN. ) );
#2552 = AXIS2_PLACEMENT_3D ( 'NONE', #2846, #80, #539 ) ;
#2553 = LINE ( 'NONE', #764, #4397 ) ;
#2554 = DIRECTION ( 'NONE',  ( -1.000000000000000000, 0.000000000000000000, 0.000000000000000000 ) ) ;
#2555 = APPLICATION_PROTOCOL_DEFINITION ( 'draft international standard', 'automotive_design', 1998, #3442 ) ;
#2556 = PLANE ( 'NONE',  #62 ) ;
#2557 = EDGE_CURVE ( 'NONE', #3780, #3064, #5026, .T. ) ;
#2558 = CIRCLE ( 'NONE', #5979, 2.000000000000001776 ) ;
#2559 = VECTOR ( 'NONE', #1987, 1000.000000000000000 ) ;
#2560 = ORIENTED_EDGE ( 'NONE', *, *, #632, .T. ) ;
#2561 = CARTESIAN_POINT ( 'NONE',  ( 17.00000000000003908, 318.0000000000002274, -2.000000000000000000 ) ) ;
#2562 = ORIENTED_EDGE ( 'NONE', *, *, #4041, .T. ) ;
#2563 = VERTEX_POINT ( 'NONE', #1878 ) ;
#2564 = DIRECTION ( 'NONE',  ( 0.000000000000000000, 0.000000000000000000, 1.000000000000000000 ) ) ;
#2565 = AXIS2_PLACEMENT_3D ( 'NONE', #1684, #5375, #2499 ) ;
#2566 = DIRECTION ( 'NONE',  ( 0.000000000000000000, 0.000000000000000000, -1.000000000000000000 ) ) ;
#2567 = VECTOR ( 'NONE', #4175, 1000.000000000000000 ) ;
#2568 = ORIENTED_EDGE ( 'NONE', *, *, #988, .F. ) ;
#2569 = CARTESIAN_POINT ( 'NONE',  ( -0.7699999999999999067, 0.000000000000000000, 2.500000000000000000 ) ) ;
#2570 = EDGE_LOOP ( 'NONE', ( #5877, #455, #3243, #1476 ) ) ;
#2571 = PLANE ( 'NONE',  #3268 ) ;
#2572 = CYLINDRICAL_SURFACE ( 'NONE', #3237, 4.000000000000003553 ) ;
#2573 = CARTESIAN_POINT ( 'NONE',  ( 40.99999999999990763, 650.0000000000000000, 31.00000000000000711 ) ) ;
#2574 = ORIENTED_EDGE ( 'NONE', *, *, #979, .F. ) ;
#2575 = MECHANICAL_DESIGN_GEOMETRIC_PRESENTATION_REPRESENTATION (  '', ( #1201 ), #5213 ) ;
#2576 = EDGE_LOOP ( 'NONE', ( #6003, #1048, #3152, #5448 ) ) ;
#2577 = VECTOR ( 'NONE', #951, 1000.000000000000000 ) ;
#2578 = ORIENTED_EDGE ( 'NONE', *, *, #1071, .F. ) ;
#2579 = PLANE ( 'NONE',  #5754 ) ;
#2580 = DIRECTION ( 'NONE',  ( 1.000000000000000000, 0.000000000000000000, 0.000000000000000000 ) ) ;
#2581 = VECTOR ( 'NONE', #5974, 1000.000000000000000 ) ;
#2582 = CIRCLE ( 'NONE', #4626, 3.499999999999999556 ) ;
#2583 = EDGE_LOOP ( 'NONE', ( #1636, #3876, #5393, #437 ) ) ;
#2584 = ORIENTED_EDGE ( 'NONE', *, *, #3156, .F. ) ;
#2585 = AXIS2_PLACEMENT_3D ( 'NONE', #4573, #397, #2646 ) ;
#2586 = AXIS2_PLACEMENT_3D ( 'NONE', #5559, #2312, #1373 ) ;
#2587 = DIRECTION ( 'NONE',  ( -1.000000000000000000, 0.000000000000000000, 0.000000000000000000 ) ) ;
#2588 = EDGE_CURVE ( 'NONE', #1356, #2236, #5545, .T. ) ;
#2589 = ADVANCED_FACE ( 'NONE', ( #3858 ), #579, .F. ) ;
#2590 = CARTESIAN_POINT ( 'NONE',  ( 7.999999999995149658, 173.0000000000009379, -2.000000000000000000 ) ) ;
#2591 = DIRECTION ( 'NONE',  ( -1.000000000000000000, 0.000000000000000000, 0.000000000000000000 ) ) ;
#2592 = VECTOR ( 'NONE', #5203, 1000.000000000000000 ) ;
#2593 = CIRCLE ( 'NONE', #2487, 0.9999999999999997780 ) ;
#2594 =( GEOMETRIC_REPRESENTATION_CONTEXT ( 3 ) GLOBAL_UNCERTAINTY_ASSIGNED_CONTEXT ( ( #2783 ) ) GLOBAL_UNIT_ASSIGNED_CONTEXT ( ( #3240, #433, #2748 ) ) REPRESENTATION_CONTEXT ( 'NONE', 'WORKASPACE' ) );
#2595 = CARTESIAN_POINT ( 'NONE',  ( -71.99999999999998579, -8.817456953860940133E-15, 0.000000000000000000 ) ) ;
#2596 = ORIENTED_EDGE ( 'NONE', *, *, #5964, .F. ) ;
#2597 = ORIENTED_EDGE ( 'NONE', *, *, #1176, .F. ) ;
#2598 = ADVANCED_FACE ( 'NONE', ( #629 ), #136, .F. ) ;
#2599 = CARTESIAN_POINT ( 'NONE',  ( 0.000000000000000000, 0.000000000000000000, -1.000000000000000888 ) ) ;
#2600 = AXIS2_PLACEMENT_3D ( 'NONE', #3806, #4209, #5703 ) ;
#2601 = CARTESIAN_POINT ( 'NONE',  ( 0.000000000000000000, 0.000000000000000000, 0.000000000000000000 ) ) ;
#2602 = CARTESIAN_POINT ( 'NONE',  ( 18.99999999999374367, 43.00000000000000000, 28.99999999999999645 ) ) ;
#2603 = ORIENTED_EDGE ( 'NONE', *, *, #1848, .T. ) ;
#2604 = DIRECTION ( 'NONE',  ( 0.000000000000000000, 0.000000000000000000, 1.000000000000000000 ) ) ;
#2605 = ORIENTED_EDGE ( 'NONE', *, *, #5261, .T. ) ;
#2606 = ADVANCED_FACE ( 'NONE', ( #3384 ), #4804, .F. ) ;
#2607 = FACE_OUTER_BOUND ( 'NONE', #2583, .T. ) ;
#2608 = DIRECTION ( 'NONE',  ( 0.000000000000000000, 0.000000000000000000, -1.000000000000000000 ) ) ;
#2609 = EDGE_LOOP ( 'NONE', ( #2274, #533 ) ) ;
#2610 = VERTEX_POINT ( 'NONE', #2448 ) ;
#2611 = SURFACE_STYLE_USAGE ( .BOTH. , #1735 ) ;
#2612 = CYLINDRICAL_SURFACE ( 'NONE', #458, 2.000000000000001776 ) ;
#2613 = ORIENTED_EDGE ( 'NONE', *, *, #2329, .F. ) ;
#2614 = ORIENTED_EDGE ( 'NONE', *, *, #1437, .T. ) ;
#2615 = CARTESIAN_POINT ( 'NONE',  ( 35.00000000000000000, 152.0000000000007390, -2.000000000000000000 ) ) ;
#2616 = DIRECTION ( 'NONE',  ( 0.000000000000000000, -0.000000000000000000, 1.000000000000000000 ) ) ;
#2617 = DIRECTION ( 'NONE',  ( 0.000000000000000000, -0.000000000000000000, -1.000000000000000000 ) ) ;
#2618 = VECTOR ( 'NONE', #5154, 1000.000000000000000 ) ;
#2619 = EDGE_CURVE ( 'NONE', #3443, #2080, #5404, .T. ) ;
#2620 = CARTESIAN_POINT ( 'NONE',  ( 0.000000000000000000, 3.761792452830190037, 0.000000000000000000 ) ) ;
#2621 = DIRECTION ( 'NONE',  ( -0.000000000000000000, -0.000000000000000000, 1.000000000000000000 ) ) ;
#2622 = VERTEX_POINT ( 'NONE', #1997 ) ;
#2623 = CIRCLE ( 'NONE', #876, 2.000000000000001776 ) ;
#2624 = DIRECTION ( 'NONE',  ( -1.000000000000000000, 0.000000000000000000, 0.000000000000000000 ) ) ;
#2625 = DIRECTION ( 'NONE',  ( -1.000000000000000000, 0.000000000000000000, 0.000000000000000000 ) ) ;
#2626 = EDGE_CURVE ( 'NONE', #1240, #3411, #5499, .T. ) ;
#2627 = ORIENTED_EDGE ( 'NONE', *, *, #2923, .T. ) ;
#2628 = ORIENTED_EDGE ( 'NONE', *, *, #2739, .T. ) ;
#2629 = CARTESIAN_POINT ( 'NONE',  ( 7.999999999995149658, 175.0000000000009379, -2.000000000000000000 ) ) ;
#2630 = ORIENTED_EDGE ( 'NONE', *, *, #182, .T. ) ;
#2631 = CARTESIAN_POINT ( 'NONE',  ( 54.19999999999837570, 193.0000000000003126, 2.000000000000000000 ) ) ;
#2632 = CARTESIAN_POINT ( 'NONE',  ( 33.00000000000000000, 316.0000000000002274, -2.000000000000000000 ) ) ;
#2633 = DIRECTION ( 'NONE',  ( -1.000000000000000000, -0.000000000000000000, -0.000000000000000000 ) ) ;
#2634 = ORIENTED_EDGE ( 'NONE', *, *, #588, .T. ) ;
#2635 = PRESENTATION_LAYER_ASSIGNMENT (  '', '', ( #201 ) ) ;
#2636 = EDGE_CURVE ( 'NONE', #2802, #5733, #4377, .T. ) ;
#2637 = ORIENTED_EDGE ( 'NONE', *, *, #2216, .F. ) ;
#2638 = ORIENTED_EDGE ( 'NONE', *, *, #1668, .F. ) ;
#2639 = LINE ( 'NONE', #3984, #2925 ) ;
#2640 = DIRECTION ( 'NONE',  ( -0.000000000000000000, 0.000000000000000000, -1.000000000000000000 ) ) ;
#2641 = EDGE_LOOP ( 'NONE', ( #5199, #606, #3712, #4453 ) ) ;
#2642 = ORIENTED_EDGE ( 'NONE', *, *, #358, .T. ) ;
#2643 = DIRECTION ( 'NONE',  ( 0.000000000000000000, 0.000000000000000000, -1.000000000000000000 ) ) ;
#2644 = CARTESIAN_POINT ( 'NONE',  ( 15.00000000000003730, 346.0000000000001705, -2.000000000000000000 ) ) ;
#2645 = AXIS2_PLACEMENT_3D ( 'NONE', #1694, #4527, #2208 ) ;
#2646 = DIRECTION ( 'NONE',  ( 1.000000000000000000, 0.000000000000000000, 0.000000000000000000 ) ) ;
#2647 = PLANE ( 'NONE',  #5970 ) ;
#2648 = AXIS2_PLACEMENT_3D ( 'NONE', #882, #4060, #5953 ) ;
#2649 = FACE_OUTER_BOUND ( 'NONE', #2702, .T. ) ;
#2650 = CARTESIAN_POINT ( 'NONE',  ( 40.99999999999990763, 17.99999999999999645, 4.000000000000000000 ) ) ;
#2651 = ORIENTED_EDGE ( 'NONE', *, *, #4958, .T. ) ;
#2652 = CARTESIAN_POINT ( 'NONE',  ( 19.00000000000000355, 625.0000000000000000, 28.99999999999999645 ) ) ;
#2653 = FILL_AREA_STYLE_COLOUR ( '', #265 ) ;
#2654 = DIRECTION ( 'NONE',  ( 1.000000000000000000, -8.462065736472249571E-17, 0.000000000000000000 ) ) ;
#2655 = COLOUR_RGB ( '',0.5294117647058823595, 0.5490196078431373028, 0.5490196078431373028 ) ;
#2656 = UNCERTAINTY_MEASURE_WITH_UNIT (LENGTH_MEASURE( 1.000000000000000082E-05 ), #3146, 'distance_accuracy_value', 'NONE');
#2657 = VERTEX_POINT ( 'NONE', #5245 ) ;
#2658 = CYLINDRICAL_SURFACE ( 'NONE', #2459, 3.199999999999984190 ) ;
#2659 = CIRCLE ( 'NONE', #5004, 2.000000000000001776 ) ;
#2660 = ORIENTED_EDGE ( 'NONE', *, *, #77, .F. ) ;
#2661 = DIRECTION ( 'NONE',  ( 1.000000000000000000, 0.000000000000000000, 0.000000000000000000 ) ) ;
#2662 = CYLINDRICAL_SURFACE ( 'NONE', #2645, 4.000000000000003553 ) ;
#2663 = CARTESIAN_POINT ( 'NONE',  ( 8.000000000000222045, 53.00000000000009948, -2.000000000000000000 ) ) ;
#2664 = EDGE_CURVE ( 'NONE', #540, #2935, #1515, .T. ) ;
#2665 = EDGE_CURVE ( 'NONE', #5384, #5644, #4776, .T. ) ;
#2666 = AXIS2_PLACEMENT_3D ( 'NONE', #2195, #4062, #5493 ) ;
#2667 = VERTEX_POINT ( 'NONE', #4319 ) ;
#2668 = EDGE_LOOP ( 'NONE', ( #3096, #2910, #1750, #5675 ) ) ;
#2669 = PRODUCT_DEFINITION_SHAPE ( 'NONE', 'NONE',  #6046 ) ;
#2670 = FACE_OUTER_BOUND ( 'NONE', #5022, .T. ) ;
#2671 = VECTOR ( 'NONE', #5176, 1000.000000000000000 ) ;
#2672 = CARTESIAN_POINT ( 'NONE',  ( 2.000000000000000000, 0.000000000000000000, 0.000000000000000000 ) ) ;
#2673 = EDGE_CURVE ( 'NONE', #4598, #2935, #3459, .T. ) ;
#2674 = CARTESIAN_POINT ( 'NONE',  ( 57.99999999999998579, 368.5000000000000568, -1.163414459189982921E-15 ) ) ;
#2675 = MECHANICAL_DESIGN_GEOMETRIC_PRESENTATION_REPRESENTATION (  '', ( #1993 ), #2093 ) ;
#2676 = ORIENTED_EDGE ( 'NONE', *, *, #3114, .F. ) ;
#2677 = ORIENTED_EDGE ( 'NONE', *, *, #27, .F. ) ;
#2678 = DIRECTION ( 'NONE',  ( 1.000000000000000000, 0.000000000000000000, 0.000000000000000000 ) ) ;
#2679 = ADVANCED_FACE ( 'NONE', ( #3799, #5725 ), #1574, .F. ) ;
#2680 = DIRECTION ( 'NONE',  ( 0.000000000000000000, 0.000000000000000000, -1.000000000000000000 ) ) ;
#2681 = AXIS2_PLACEMENT_3D ( 'NONE', #4908, #5273, #1553 ) ;
#2682 = CYLINDRICAL_SURFACE ( 'NONE', #5820, 1.000000000000000888 ) ;
#2683 = CONICAL_SURFACE ( 'NONE', #1617, 2.066999999999999726, 0.7853981633974476129 ) ;
#2684 = CARTESIAN_POINT ( 'NONE',  ( 15.00000000000003730, 348.0000000000001705, 0.000000000000000000 ) ) ;
#2685 = CIRCLE ( 'NONE', #5417, 3.199999999999994404 ) ;
#2686 = VECTOR ( 'NONE', #4157, 1000.000000000000000 ) ;
#2687 = FACE_OUTER_BOUND ( 'NONE', #165, .T. ) ;
#2688 = VERTEX_POINT ( 'NONE', #2057 ) ;
#2689 = DIRECTION ( 'NONE',  ( 4.646318381016570075E-32, -1.000000000000000000, -1.035655806553321890E-17 ) ) ;
#2690 = CARTESIAN_POINT ( 'NONE',  ( 0.000000000000000000, 695.0000000000001137, 2.000000000000000000 ) ) ;
#2691 =( GEOMETRIC_REPRESENTATION_CONTEXT ( 3 ) GLOBAL_UNCERTAINTY_ASSIGNED_CONTEXT ( ( #5784 ) ) GLOBAL_UNIT_ASSIGNED_CONTEXT ( ( #6023, #5991, #379 ) ) REPRESENTATION_CONTEXT ( 'NONE', 'WORKASPACE' ) );
#2692 = VECTOR ( 'NONE', #1301, 1000.000000000000000 ) ;
#2693 = VECTOR ( 'NONE', #4961, 1000.000000000000000 ) ;
#2694 = ORIENTED_EDGE ( 'NONE', *, *, #3403, .T. ) ;
#2695 = AXIS2_PLACEMENT_3D ( 'NONE', #171, #792, #2193 ) ;
#2696 = DIRECTION ( 'NONE',  ( -1.000000000000000000, 0.000000000000000000, 0.000000000000000000 ) ) ;
#2697 = CIRCLE ( 'NONE', #4845, 3.189999999999999947 ) ;
#2698 = ORIENTED_EDGE ( 'NONE', *, *, #5278, .T. ) ;
#2699 = DIRECTION ( 'NONE',  ( -1.000000000000000000, 0.000000000000000000, 0.000000000000000000 ) ) ;
#2700 = CARTESIAN_POINT ( 'NONE',  ( 34.99999999999982947, 650.0000000000000000, 31.00000000000000711 ) ) ;
#2701 = CYLINDRICAL_SURFACE ( 'NONE', #1917, 2.000000000000000000 ) ;
#2702 = EDGE_LOOP ( 'NONE', ( #5595, #1972, #3058, #6024 ) ) ;
#2703 = VECTOR ( 'NONE', #1922, 1000.000000000000000 ) ;
#2704 = EDGE_CURVE ( 'NONE', #3669, #2543, #2868, .T. ) ;
#2705 = ADVANCED_FACE ( 'NONE', ( #1075 ), #4717, .F. ) ;
#2706 = EDGE_LOOP ( 'NONE', ( #3561, #2871, #5637, #4768 ) ) ;
#2707 = AXIS2_PLACEMENT_3D ( 'NONE', #4248, #68, #4736 ) ;
#2708 = VERTEX_POINT ( 'NONE', #3978 ) ;
#2709 = DIRECTION ( 'NONE',  ( 1.000000000000000000, 0.000000000000000000, 0.000000000000000000 ) ) ;
#2710 = PRESENTATION_STYLE_ASSIGNMENT (( #4940 ) ) ;
#2711 = ADVANCED_FACE ( 'NONE', ( #5873 ), #2571, .F. ) ;
#2712 = ORIENTED_EDGE ( 'NONE', *, *, #5872, .F. ) ;
#2713 = ORIENTED_EDGE ( 'NONE', *, *, #5759, .T. ) ;
#2714 = CARTESIAN_POINT ( 'NONE',  ( 33.00000000000000711, 668.0000000000000000, -2.000000000000000000 ) ) ;
#2715 = CARTESIAN_POINT ( 'NONE',  ( 35.00000000000126477, 154.0000000000007958, -2.000000000000000000 ) ) ;
#2716 = ADVANCED_FACE ( 'NONE', ( #1664 ), #5450, .F. ) ;
#2717 = CARTESIAN_POINT ( 'NONE',  ( 33.00000000000000711, 668.0000000000000000, 0.000000000000000000 ) ) ;
#2718 = DIRECTION ( 'NONE',  ( 1.000000000000000000, 0.000000000000000000, 0.000000000000000000 ) ) ;
#2719 = CARTESIAN_POINT ( 'NONE',  ( 35.00000000000000000, 0.000000000000000000, 0.000000000000000000 ) ) ;
#2720 = CARTESIAN_POINT ( 'NONE',  ( -0.3370000000000000218, 2.531344933837578774E-16, 2.066999999999999726 ) ) ;
#2721 =( NAMED_UNIT ( * ) PLANE_ANGLE_UNIT ( ) SI_UNIT ( $, .RADIAN. ) );
#2722 = UNCERTAINTY_MEASURE_WITH_UNIT (LENGTH_MEASURE( 1.000000000000000082E-05 ), #685, 'distance_accuracy_value', 'NONE');
#2723 = ORIENTED_EDGE ( 'NONE', *, *, #2433, .T. ) ;
#2724 = ORIENTED_EDGE ( 'NONE', *, *, #2963, .F. ) ;
#2725 = FACE_OUTER_BOUND ( 'NONE', #1074, .T. ) ;
#2726 = CARTESIAN_POINT ( 'NONE',  ( 35.00000000000000000, 0.000000000000000000, -2.000000000000000000 ) ) ;
#2727 = DIRECTION ( 'NONE',  ( -0.000000000000000000, -0.000000000000000000, 1.000000000000000000 ) ) ;
#2728 = VERTEX_POINT ( 'NONE', #806 ) ;
#2729 = VECTOR ( 'NONE', #796, 1000.000000000000000 ) ;
#2730 = ORIENTED_EDGE ( 'NONE', *, *, #3938, .F. ) ;
#2731 = VERTEX_POINT ( 'NONE', #2631 ) ;
#2732 = DIRECTION ( 'NONE',  ( -1.000000000000000000, 0.000000000000000000, 0.000000000000000000 ) ) ;
#2733 = DIRECTION ( 'NONE',  ( 1.000000000000000000, 0.000000000000000000, 0.000000000000000000 ) ) ;
#2734 = CARTESIAN_POINT ( 'NONE',  ( 118.0000000000000000, 0.000000000000000000, 2.000000000000000000 ) ) ;
#2735 = EDGE_CURVE ( 'NONE', #3912, #3443, #753, .T. ) ;
#2736 = VERTEX_POINT ( 'NONE', #4469 ) ;
#2737 = ORIENTED_EDGE ( 'NONE', *, *, #3526, .F. ) ;
#2738 = DIRECTION ( 'NONE',  ( 0.000000000000000000, -1.000000000000000000, 0.000000000000000000 ) ) ;
#2739 = EDGE_CURVE ( 'NONE', #4906, #1706, #4529, .T. ) ;
#2740 = CARTESIAN_POINT ( 'NONE',  ( 33.00000000000000711, 594.0000000000000000, -2.000000000000000000 ) ) ;
#2741 = EDGE_CURVE ( 'NONE', #976, #2563, #4004, .T. ) ;
#2742 = AXIS2_PLACEMENT_3D ( 'NONE', #5460, #5153, #1269 ) ;
#2743 = CARTESIAN_POINT ( 'NONE',  ( 32.99999999999999289, 154.0000000000007958, 0.000000000000000000 ) ) ;
#2744 = CARTESIAN_POINT ( 'NONE',  ( 40.99999999999990763, 2.524411028473715367E-17, 31.00000000000000711 ) ) ;
#2745 = VECTOR ( 'NONE', #4221, 1000.000000000000000 ) ;
#2746 = CARTESIAN_POINT ( 'NONE',  ( 33.00000000000000000, 152.0000000000007958, 0.000000000000000000 ) ) ;
#2747 = CYLINDRICAL_SURFACE ( 'NONE', #644, 3.499999999999999556 ) ;
#2748 =( NAMED_UNIT ( * ) SI_UNIT ( $, .STERADIAN. ) SOLID_ANGLE_UNIT ( ) );
#2749 = FACE_BOUND ( 'NONE', #5382, .T. ) ;
#2750 = EDGE_CURVE ( 'NONE', #2802, #863, #435, .T. ) ;
#2751 = STYLED_ITEM ( 'NONE', ( #28 ), #1172 ) ;
#2752 = ORIENTED_EDGE ( 'NONE', *, *, #1057, .F. ) ;
#2753 = DIRECTION ( 'NONE',  ( 0.000000000000000000, 0.000000000000000000, 1.000000000000000000 ) ) ;
#2754 = ORIENTED_EDGE ( 'NONE', *, *, #2811, .F. ) ;
#2755 = CARTESIAN_POINT ( 'NONE',  ( 35.00000000000000000, 592.0000000000000000, 0.000000000000000000 ) ) ;
#2756 = DIRECTION ( 'NONE',  ( 1.000000000000000000, 0.000000000000000000, 0.000000000000000000 ) ) ;
#2757 = CIRCLE ( 'NONE', #522, 3.200000000000001510 ) ;
#2758 = CARTESIAN_POINT ( 'NONE',  ( 35.00000000000000000, 669.9999999999997726, 0.000000000000000000 ) ) ;
#2759 = VECTOR ( 'NONE', #5659, 1000.000000000000000 ) ;
#2760 = ORIENTED_EDGE ( 'NONE', *, *, #5166, .T. ) ;
#2761 = EDGE_LOOP ( 'NONE', ( #106, #3714, #904, #1571 ) ) ;
#2762 = DIRECTION ( 'NONE',  ( -0.000000000000000000, -0.000000000000000000, -1.000000000000000000 ) ) ;
#2763 = CARTESIAN_POINT ( 'NONE',  ( -2.449293598294706414E-16, 2.000000000000000000, -765.0000000000000000 ) ) ;
#2764 = CARTESIAN_POINT ( 'NONE',  ( 4.271332174772342958E-15, 0.000000000000000000, 28.99999999999999645 ) ) ;
#2765 = AXIS2_PLACEMENT_3D ( 'NONE', #4460, #2136, #1592 ) ;
#2766 = ORIENTED_EDGE ( 'NONE', *, *, #3195, .T. ) ;
#2767 = VECTOR ( 'NONE', #5750, 1000.000000000000000 ) ;
#2768 = VERTEX_POINT ( 'NONE', #4494 ) ;
#2769 = ORIENTED_EDGE ( 'NONE', *, *, #2506, .T. ) ;
#2770 = FACE_OUTER_BOUND ( 'NONE', #5444, .T. ) ;
#2771 = CARTESIAN_POINT ( 'NONE',  ( 18.99999999999596056, 237.0000000000000000, 28.99999999999999645 ) ) ;
#2772 = AXIS2_PLACEMENT_3D ( 'NONE', #5565, #473, #1381 ) ;
#2773 = EDGE_CURVE ( 'NONE', #1758, #2024, #5894, .T. ) ;
#2774 = APPLICATION_CONTEXT ( 'automotive_design' ) ;
#2775 = EDGE_CURVE ( 'NONE', #4101, #3517, #4526, .T. ) ;
#2776 = DIRECTION ( 'NONE',  ( -9.376883653928686131E-17, 0.000000000000000000, 1.000000000000000000 ) ) ;
#2777 = CONICAL_SURFACE ( 'NONE', #739, 4.320000000000000284, 0.7853981633974476129 ) ;
#2778 = DIRECTION ( 'NONE',  ( 0.000000000000000000, 1.000000000000000000, 0.000000000000000000 ) ) ;
#2779 = CARTESIAN_POINT ( 'NONE',  ( 104.2500000000000000, 35.00000000000002842, 3.827021247335479296E-16 ) ) ;
#2780 = SURFACE_STYLE_FILL_AREA ( #5496 ) ;
#2781 = CARTESIAN_POINT ( 'NONE',  ( 15.00000000000004086, 318.0000000000002274, -2.000000000000000000 ) ) ;
#2782 = CIRCLE ( 'NONE', #928, 2.000000000000001776 ) ;
#2783 = UNCERTAINTY_MEASURE_WITH_UNIT (LENGTH_MEASURE( 1.000000000000000082E-05 ), #3240, 'distance_accuracy_value', 'NONE');
#2784 = EDGE_CURVE ( 'NONE', #4517, #5410, #3913, .T. ) ;
#2785 = ORIENTED_EDGE ( 'NONE', *, *, #1889, .F. ) ;
#2786 = VECTOR ( 'NONE', #2059, 1000.000000000000000 ) ;
#2787 = DIRECTION ( 'NONE',  ( -1.000000000000000000, 0.000000000000000000, 0.000000000000000000 ) ) ;
#2788 = ORIENTED_EDGE ( 'NONE', *, *, #5918, .T. ) ;
#2789 = CARTESIAN_POINT ( 'NONE',  ( -0.5917592592592589851, 3.906623289280057202E-16, -3.189999999999999947 ) ) ;
#2790 = AXIS2_PLACEMENT_3D ( 'NONE', #123, #5711, #1537 ) ;
#2791 = CARTESIAN_POINT ( 'NONE',  ( 90.99999999999837996, 193.0000000000003126, 2.000000000000000000 ) ) ;
#2792 = CARTESIAN_POINT ( 'NONE',  ( 1.566999999999999948, 2.531344933837578774E-16, 2.066999999999999726 ) ) ;
#2793 = AXIS2_PLACEMENT_3D ( 'NONE', #5079, #5828, #4104 ) ;
#2794 = EDGE_CURVE ( 'NONE', #2168, #1474, #691, .T. ) ;
#2795 = ORIENTED_EDGE ( 'NONE', *, *, #3043, .F. ) ;
#2796 = VERTEX_POINT ( 'NONE', #5015 ) ;
#2797 = DIRECTION ( 'NONE',  ( 0.000000000000000000, 0.000000000000000000, -1.000000000000000000 ) ) ;
#2798 = AXIS2_PLACEMENT_3D ( 'NONE', #2835, #2020, #1003 ) ;
#2799 = DIRECTION ( 'NONE',  ( 1.000000000000000000, 0.000000000000000000, -0.000000000000000000 ) ) ;
#2800 = DIRECTION ( 'NONE',  ( 0.000000000000000000, 0.000000000000000000, -1.000000000000000000 ) ) ;
#2801 = LINE ( 'NONE', #4660, #4631 ) ;
#2802 = VERTEX_POINT ( 'NONE', #1753 ) ;
#2803 = EDGE_LOOP ( 'NONE', ( #325, #321, #4500, #506 ) ) ;
#2804 = LINE ( 'NONE', #486, #5139 ) ;
#2805 = DIRECTION ( 'NONE',  ( 0.000000000000000000, 1.000000000000000000, 0.000000000000000000 ) ) ;
#2806 = LINE ( 'NONE', #2408, #4506 ) ;
#2807 = CARTESIAN_POINT ( 'NONE',  ( 54.19999999999837570, 193.0000000000003126, 3.827021247335479296E-16 ) ) ;
#2808 = DIRECTION ( 'NONE',  ( -0.000000000000000000, -0.000000000000000000, 1.000000000000000000 ) ) ;
#2809 = FACE_OUTER_BOUND ( 'NONE', #5786, .T. ) ;
#2810 = DIRECTION ( 'NONE',  ( 1.000000000000000000, 0.000000000000000000, 9.376883653928686131E-17 ) ) ;
#2811 = EDGE_CURVE ( 'NONE', #5514, #5700, #1020, .T. ) ;
#2812 = ORIENTED_EDGE ( 'NONE', *, *, #3829, .F. ) ;
#2813 = CARTESIAN_POINT ( 'NONE',  ( 19.99999999999783284, 679.9999999999998863, -2.000000000000000000 ) ) ;
#2814 = ORIENTED_EDGE ( 'NONE', *, *, #517, .F. ) ;
#2815 = DIRECTION ( 'NONE',  ( 0.000000000000000000, 0.000000000000000000, 1.000000000000000000 ) ) ;
#2816 = CARTESIAN_POINT ( 'NONE',  ( -152.0000000000000000, 79.99999999999998579, 0.000000000000000000 ) ) ;
#2817 = DIRECTION ( 'NONE',  ( 0.000000000000000000, 1.000000000000000000, 0.000000000000000000 ) ) ;
#2818 = EDGE_CURVE ( 'NONE', #343, #5302, #2962, .T. ) ;
#2819 = VERTEX_POINT ( 'NONE', #4558 ) ;
#2820 = DIRECTION ( 'NONE',  ( -0.9848077530122084644, 0.000000000000000000, 0.1736481776669285826 ) ) ;
#2821 = EDGE_LOOP ( 'NONE', ( #3832, #5183, #2873, #1567 ) ) ;
#2822 = DIRECTION ( 'NONE',  ( 0.000000000000000000, -0.000000000000000000, 1.000000000000000000 ) ) ;
#2823 = CARTESIAN_POINT ( 'NONE',  ( 41.99999999999990763, 0.000000000000000000, 2.000000000000000000 ) ) ;
#2824 = CARTESIAN_POINT ( 'NONE',  ( 50.00000000000000000, 605.0000000000001137, -1.040949779275235965E-16 ) ) ;
#2825 = CARTESIAN_POINT ( 'NONE',  ( 99.75000000000000000, 605.0000000000001137, 0.000000000000000000 ) ) ;
#2826 = EDGE_CURVE ( 'NONE', #4285, #4382, #2185, .T. ) ;
#2827 = ORIENTED_EDGE ( 'NONE', *, *, #1668, .T. ) ;
#2828 = COLOUR_RGB ( '',0.5294117647058823595, 0.5490196078431373028, 0.5490196078431373028 ) ;
#2829 = ORIENTED_EDGE ( 'NONE', *, *, #322, .T. ) ;
#2830 = LINE ( 'NONE', #5582, #2384 ) ;
#2831 = DIRECTION ( 'NONE',  ( -0.000000000000000000, -0.000000000000000000, -1.000000000000000000 ) ) ;
#2832 = CARTESIAN_POINT ( 'NONE',  ( 0.9999999999998057110, 649.0000000000000000, 30.99999999999999289 ) ) ;
#2833 = DIRECTION ( 'NONE',  ( 0.000000000000000000, 0.000000000000000000, 1.000000000000000000 ) ) ;
#2834 = DIRECTION ( 'NONE',  ( 1.000000000000000000, 0.000000000000000000, 0.000000000000000000 ) ) ;
#2835 = CARTESIAN_POINT ( 'NONE',  ( -2.385000000000000675, 22.00000000000000711, -371.4999999999998295 ) ) ;
#2836 = AXIS2_PLACEMENT_3D ( 'NONE', #4479, #1622, #4021 ) ;
#2837 = DIRECTION ( 'NONE',  ( 8.462065736472249571E-17, 1.000000000000000000, -0.000000000000000000 ) ) ;
#2838 = VERTEX_POINT ( 'NONE', #3615 ) ;
#2839 = ORIENTED_EDGE ( 'NONE', *, *, #2954, .T. ) ;
#2840 = FACE_OUTER_BOUND ( 'NONE', #763, .T. ) ;
#2841 = EDGE_LOOP ( 'NONE', ( #4226, #696, #3338, #1163 ) ) ;
#2842 = CYLINDRICAL_SURFACE ( 'NONE', #4151, 2.000000000000000000 ) ;
#2843 = DIRECTION ( 'NONE',  ( 1.000000000000000000, 0.000000000000000000, 0.000000000000000000 ) ) ;
#2844 = CIRCLE ( 'NONE', #990, 1.000000000000000000 ) ;
#2845 = VERTEX_POINT ( 'NONE', #1350 ) ;
#2846 = CARTESIAN_POINT ( 'NONE',  ( 9.999999999999921840, 665.9999999999998863, 0.000000000000000000 ) ) ;
#2847 = AXIS2_PLACEMENT_3D ( 'NONE', #3481, #5340, #1148 ) ;
#2848 = EDGE_CURVE ( 'NONE', #4051, #279, #1286, .T. ) ;
#2849 = ORIENTED_EDGE ( 'NONE', *, *, #3494, .F. ) ;
#2850 = EDGE_CURVE ( 'NONE', #5940, #2447, #4617, .T. ) ;
#2851 = CARTESIAN_POINT ( 'NONE',  ( 2.000000000000000000, 3.986666666666669467, 0.000000000000000000 ) ) ;
#2852 = CARTESIAN_POINT ( 'NONE',  ( -71.99999999999998579, -8.817456953860940133E-15, -765.0000000000000000 ) ) ;
#2853 = DIRECTION ( 'NONE',  ( -1.000000000000000000, 0.000000000000000000, 0.000000000000000000 ) ) ;
#2854 = FACE_BOUND ( 'NONE', #5686, .T. ) ;
#2855 = CONTEXT_DEPENDENT_SHAPE_REPRESENTATION ( #1456, #5221 ) ;
#2856 = VECTOR ( 'NONE', #3044, 1000.000000000000000 ) ;
#2857 = VERTEX_POINT ( 'NONE', #866 ) ;
#2858 = VERTEX_POINT ( 'NONE', #3217 ) ;
#2859 = EDGE_CURVE ( 'NONE', #4714, #258, #5021, .T. ) ;
#2860 = CIRCLE ( 'NONE', #3731, 3.199999999999994404 ) ;
#2861 = DIRECTION ( 'NONE',  ( -0.000000000000000000, -0.000000000000000000, 1.000000000000000000 ) ) ;
#2862 = DIRECTION ( 'NONE',  ( -0.000000000000000000, -0.000000000000000000, -1.000000000000000000 ) ) ;
#2863 = CIRCLE ( 'NONE', #3645, 3.199999999999980638 ) ;
#2864 = DIRECTION ( 'NONE',  ( 0.000000000000000000, 0.000000000000000000, 1.000000000000000000 ) ) ;
#2865 = EDGE_CURVE ( 'NONE', #3349, #5454, #2290, .T. ) ;
#2866 = DIRECTION ( 'NONE',  ( -1.000000000000000000, 0.000000000000000000, 0.000000000000000000 ) ) ;
#2867 = CARTESIAN_POINT ( 'NONE',  ( 33.00000000000000000, 592.0000000000000000, -2.000000000000000000 ) ) ;
#2868 = CIRCLE ( 'NONE', #4429, 4.000000000000001776 ) ;
#2869 = DIRECTION ( 'NONE',  ( 9.931017931319885954E-17, -1.000000000000000000, 3.944304526105059027E-31 ) ) ;
#2870 = CARTESIAN_POINT ( 'NONE',  ( 87.79999999999837712, 193.0000000000003126, 0.000000000000000000 ) ) ;
#2871 = ORIENTED_EDGE ( 'NONE', *, *, #1354, .T. ) ;
#2872 = CARTESIAN_POINT ( 'NONE',  ( 35.00000000000000000, 152.0000000000007958, 0.000000000000000000 ) ) ;
#2873 = ORIENTED_EDGE ( 'NONE', *, *, #1667, .F. ) ;
#2874 = CARTESIAN_POINT ( 'NONE',  ( 2.000000000000000000, 0.000000000000000000, -2.000000000000000000 ) ) ;
#2875 = AXIS2_PLACEMENT_3D ( 'NONE', #511, #932, #2269 ) ;
#2876 = CARTESIAN_POINT ( 'NONE',  ( -72.00000000000001421, 1.999999999999988010, 0.000000000000000000 ) ) ;
#2877 = CIRCLE ( 'NONE', #1519, 1.250000000000001110 ) ;
#2878 = AXIS2_PLACEMENT_3D ( 'NONE', #2501, #3547, #772 ) ;
#2879 = AXIS2_PLACEMENT_3D ( 'NONE', #1077, #3617, #1166 ) ;
#2880 = ORIENTED_EDGE ( 'NONE', *, *, #1243, .F. ) ;
#2881 = VECTOR ( 'NONE', #1929, 1000.000000000000000 ) ;
#2882 = DIRECTION ( 'NONE',  ( -0.000000000000000000, -0.000000000000000000, -1.000000000000000000 ) ) ;
#2883 = ORIENTED_EDGE ( 'NONE', *, *, #3113, .F. ) ;
#2884 = CARTESIAN_POINT ( 'NONE',  ( 23.19999999999781437, 679.9999999999998863, -2.000000000000000000 ) ) ;
#2885 = CARTESIAN_POINT ( 'NONE',  ( -0.3849999999999999534, 3.153542764081299854, 0.000000000000000000 ) ) ;
#2886 = CIRCLE ( 'NONE', #67, 1.000000000000000888 ) ;
#2887 = PRODUCT_RELATED_PRODUCT_CATEGORY ( 'part', '', ( #2377 ) ) ;
#2888 = EDGE_CURVE ( 'NONE', #3040, #478, #243, .T. ) ;
#2889 = ORIENTED_EDGE ( 'NONE', *, *, #5180, .F. ) ;
#2890 =( GEOMETRIC_REPRESENTATION_CONTEXT ( 3 ) GLOBAL_UNCERTAINTY_ASSIGNED_CONTEXT ( ( #2722 ) ) GLOBAL_UNIT_ASSIGNED_CONTEXT ( ( #685, #3491, #5379 ) ) REPRESENTATION_CONTEXT ( 'NONE', 'WORKASPACE' ) );
#2891 = ORIENTED_EDGE ( 'NONE', *, *, #4489, .F. ) ;
#2892 = DIRECTION ( 'NONE',  ( 0.000000000000000000, 0.000000000000000000, 1.000000000000000000 ) ) ;
#2893 = FACE_OUTER_BOUND ( 'NONE', #5156, .T. ) ;
#2894 =( REPRESENTATION_RELATIONSHIP ('NONE','NONE', #1948, #4877 ) REPRESENTATION_RELATIONSHIP_WITH_TRANSFORMATION ( #1624 )SHAPE_REPRESENTATION_RELATIONSHIP( ) );
#2895 = EDGE_CURVE ( 'NONE', #5780, #3612, #1816, .T. ) ;
#2896 = CIRCLE ( 'NONE', #3393, 2.000000000000000000 ) ;
#2897 = DIRECTION ( 'NONE',  ( -1.224646799147353207E-16, 1.000000000000000000, 0.000000000000000000 ) ) ;
#2898 = CARTESIAN_POINT ( 'NONE',  ( 0.000000000000000000, 0.000000000000000000, 0.000000000000000000 ) ) ;
#2899 = DIRECTION ( 'NONE',  ( 1.000000000000000000, 0.000000000000000000, -0.000000000000000000 ) ) ;
#2900 = CARTESIAN_POINT ( 'NONE',  ( -72.00000000000001421, 1.999999999999988010, -765.0000000000000000 ) ) ;
#2901 =( LENGTH_UNIT ( ) NAMED_UNIT ( * ) SI_UNIT ( .MILLI., .METRE. ) );
#2902 = DIRECTION ( 'NONE',  ( -0.000000000000000000, -0.000000000000000000, -1.000000000000000000 ) ) ;
#2903 = EDGE_CURVE ( 'NONE', #2259, #4338, #1805, .T. ) ;
#2904 = DIRECTION ( 'NONE',  ( -1.000000000000000000, -0.000000000000000000, -0.000000000000000000 ) ) ;
#2905 = ORIENTED_EDGE ( 'NONE', *, *, #2039, .F. ) ;
#2906 = DIRECTION ( 'NONE',  ( -1.000000000000000000, 0.000000000000000000, 0.000000000000000000 ) ) ;
#2907 = DIRECTION ( 'NONE',  ( -1.000000000000000000, 0.000000000000000000, 0.000000000000000000 ) ) ;
#2908 = ORIENTED_EDGE ( 'NONE', *, *, #1086, .T. ) ;
#2909 = CARTESIAN_POINT ( 'NONE',  ( 7.999999999993886668, 543.0000000000012506, -2.000000000000000000 ) ) ;
#2910 = ORIENTED_EDGE ( 'NONE', *, *, #5690, .T. ) ;
#2911 = CARTESIAN_POINT ( 'NONE',  ( 35.00000000000004974, 316.0000000000002274, -2.000000000000000000 ) ) ;
#2912 = CARTESIAN_POINT ( 'NONE',  ( 10.00000000000022204, 53.00000000000010658, -2.000000000000000000 ) ) ;
#2913 = CARTESIAN_POINT ( 'NONE',  ( 15.00000000000003730, 348.0000000000001705, -2.000000000000000000 ) ) ;
#2914 = ORIENTED_EDGE ( 'NONE', *, *, #4465, .F. ) ;
#2915 = ORIENTED_EDGE ( 'NONE', *, *, #3227, .F. ) ;
#2916 = AXIS2_PLACEMENT_3D ( 'NONE', #5955, #1441, #4670 ) ;
#2917 = DIRECTION ( 'NONE',  ( 1.000000000000000000, 0.000000000000000000, 0.000000000000000000 ) ) ;
#2918 = CARTESIAN_POINT ( 'NONE',  ( 17.00000000000003908, 316.0000000000002274, 0.000000000000000000 ) ) ;
#2919 =( NAMED_UNIT ( * ) SI_UNIT ( $, .STERADIAN. ) SOLID_ANGLE_UNIT ( ) );
#2920 = DIRECTION ( 'NONE',  ( -1.000000000000000000, 0.000000000000000000, 0.000000000000000000 ) ) ;
#2921 = CARTESIAN_POINT ( 'NONE',  ( 35.00000000000000000, 350.0000000000002274, -2.000000000000000000 ) ) ;
#2922 = EDGE_CURVE ( 'NONE', #2858, #3594, #4650, .T. ) ;
#2923 = EDGE_CURVE ( 'NONE', #5301, #38, #4730, .T. ) ;
#2924 = CYLINDRICAL_SURFACE ( 'NONE', #1319, 3.200000000000001510 ) ;
#2925 = VECTOR ( 'NONE', #364, 1000.000000000000000 ) ;
#2926 = DIRECTION ( 'NONE',  ( -2.940840684141151999E-17, 0.8371691043312211589, -0.5469441386039901598 ) ) ;
#2927 = FACE_OUTER_BOUND ( 'NONE', #3546, .T. ) ;
#2928 = CARTESIAN_POINT ( 'NONE',  ( 50.99999999999837286, 95.00000000000031264, 3.827021247335479296E-16 ) ) ;
#2929 = ORIENTED_EDGE ( 'NONE', *, *, #1920, .F. ) ;
#2930 = ADVANCED_FACE ( 'NONE', ( #2725 ), #6028, .F. ) ;
#2931 = FACE_OUTER_BOUND ( 'NONE', #4346, .T. ) ;
#2932 = AXIS2_PLACEMENT_3D ( 'NONE', #4203, #821, #2427 ) ;
#2933 = ORIENTED_EDGE ( 'NONE', *, *, #5261, .F. ) ;
#2934 = CARTESIAN_POINT ( 'NONE',  ( 35.00000000000000000, 123.0000000000001705, 0.000000000000000000 ) ) ;
#2935 = VERTEX_POINT ( 'NONE', #4586 ) ;
#2936 = ADVANCED_FACE ( 'NONE', ( #5108 ), #4168, .F. ) ;
#2937 = SURFACE_SIDE_STYLE ('',( #1018 ) ) ;
#2938 = DIRECTION ( 'NONE',  ( -0.000000000000000000, -0.000000000000000000, -1.000000000000000000 ) ) ;
#2939 = AXIS2_PLACEMENT_3D ( 'NONE', #2791, #4651, #893 ) ;
#2940 = CYLINDRICAL_SURFACE ( 'NONE', #5712, 78.00000000000000000 ) ;
#2941 = AXIS2_PLACEMENT_3D ( 'NONE', #4975, #4482, #305 ) ;
#2942 = ORIENTED_EDGE ( 'NONE', *, *, #103, .F. ) ;
#2943 = ORIENTED_EDGE ( 'NONE', *, *, #4882, .F. ) ;
#2944 = VERTEX_POINT ( 'NONE', #5935 ) ;
#2945 = DIRECTION ( 'NONE',  ( -0.000000000000000000, -0.000000000000000000, -1.000000000000000000 ) ) ;
#2946 = CIRCLE ( 'NONE', #29, 3.199999999999984190 ) ;
#2947 = AXIS2_PLACEMENT_3D ( 'NONE', #3086, #5285, #2079 ) ;
#2948 = FACE_OUTER_BOUND ( 'NONE', #3106, .T. ) ;
#2949 = CARTESIAN_POINT ( 'NONE',  ( 40.99999999999990763, 0.000000000000000000, 1.999999999999998224 ) ) ;
#2950 = DIRECTION ( 'NONE',  ( 0.000000000000000000, 0.000000000000000000, 1.000000000000000000 ) ) ;
#2951 = CARTESIAN_POINT ( 'NONE',  ( -130.0000000000021885, 117.6149999999999523, -92.00000000000008527 ) ) ;
#2952 = FACE_BOUND ( 'NONE', #4439, .T. ) ;
#2953 = CIRCLE ( 'NONE', #1100, 3.189999999999999947 ) ;
#2954 = EDGE_CURVE ( 'NONE', #2838, #1824, #4436, .T. ) ;
#2955 = EDGE_CURVE ( 'NONE', #2187, #2050, #5997, .T. ) ;
#2956 = CARTESIAN_POINT ( 'NONE',  ( 94.19999999999836859, 193.0000000000003126, 0.000000000000000000 ) ) ;
#2957 = CIRCLE ( 'NONE', #2468, 1.250000000000001110 ) ;
#2958 = VERTEX_POINT ( 'NONE', #1844 ) ;
#2959 = DIRECTION ( 'NONE',  ( -0.000000000000000000, -0.000000000000000000, -1.000000000000000000 ) ) ;
#2960 = DIRECTION ( 'NONE',  ( 0.000000000000000000, 0.000000000000000000, -1.000000000000000000 ) ) ;
#2961 = CARTESIAN_POINT ( 'NONE',  ( 23.19999999999926743, 257.9999999999998863, -2.000000000000000000 ) ) ;
#2962 = CIRCLE ( 'NONE', #1409, 1.250000000000001110 ) ;
#2963 = EDGE_CURVE ( 'NONE', #1327, #2736, #4333, .T. ) ;
#2964 = EDGE_LOOP ( 'NONE', ( #3569, #2425, #6013, #195, #3648, #1238, #2063, #4655, #2596, #5785, #3560, #3292, #2766, #636, #3678, #2630, #3937, #2197 ) ) ;
#2965 = DIRECTION ( 'NONE',  ( 0.000000000000000000, 0.000000000000000000, -1.000000000000000000 ) ) ;
#2966 = EDGE_LOOP ( 'NONE', ( #6027, #4422 ) ) ;
#2967 =( REPRESENTATION_RELATIONSHIP ('NONE','NONE', #1948, #3032 ) REPRESENTATION_RELATIONSHIP_WITH_TRANSFORMATION ( #961 )SHAPE_REPRESENTATION_RELATIONSHIP( ) );
#2968 = CIRCLE ( 'NONE', #5023, 1.000000000000000888 ) ;
#2969 = DIRECTION ( 'NONE',  ( 0.000000000000000000, 0.000000000000000000, 1.000000000000000000 ) ) ;
#2970 = AXIS2_PLACEMENT_3D ( 'NONE', #3519, #2998, #4862 ) ;
#2971 = CARTESIAN_POINT ( 'NONE',  ( -72.00000000000000000, 79.99999999999998579, -765.0000000000000000 ) ) ;
#2972 = CIRCLE ( 'NONE', #2875, 2.000000000000000000 ) ;
#2973 = EDGE_CURVE ( 'NONE', #3040, #203, #5239, .T. ) ;
#2974 = AXIS2_PLACEMENT_3D ( 'NONE', #3585, #5446, #1598 ) ;
#2975 = AXIS2_PLACEMENT_3D ( 'NONE', #1776, #1839, #5072 ) ;
#2976 = ORIENTED_EDGE ( 'NONE', *, *, #3929, .F. ) ;
#2977 = ORIENTED_EDGE ( 'NONE', *, *, #3434, .T. ) ;
#2978 = AXIS2_PLACEMENT_3D ( 'NONE', #2913, #109, #603 ) ;
#2979 = CYLINDRICAL_SURFACE ( 'NONE', #1113, 2.000000000000000000 ) ;
#2980 = CIRCLE ( 'NONE', #649, 3.199999999999994404 ) ;
#2981 = CARTESIAN_POINT ( 'NONE',  ( 78.69999999999846807, 159.9999999999999716, 0.000000000000000000 ) ) ;
#2982 = VECTOR ( 'NONE', #1902, 1000.000000000000000 ) ;
#2983 = CARTESIAN_POINT ( 'NONE',  ( 9.999999999995150546, 173.0000000000009379, -2.000000000000000000 ) ) ;
#2984 = VECTOR ( 'NONE', #4603, 1000.000000000000000 ) ;
#2985 = AXIS2_PLACEMENT_3D ( 'NONE', #5702, #2861, #553 ) ;
#2986 = ORIENTED_EDGE ( 'NONE', *, *, #1250, .F. ) ;
#2987 = LINE ( 'NONE', #4883, #5112 ) ;
#2988 = DIRECTION ( 'NONE',  ( 0.000000000000000000, 0.000000000000000000, -1.000000000000000000 ) ) ;
#2989 = CARTESIAN_POINT ( 'NONE',  ( 22.50000000000000355, 625.0000000000000000, 28.99999999999999645 ) ) ;
#2990 = AXIS2_PLACEMENT_3D ( 'NONE', #2951, #1471, #1953 ) ;
#2991 = ITEM_DEFINED_TRANSFORMATION ( 'NONE', 'NONE', #4646,  #5721 ) ;
#2992 = CARTESIAN_POINT ( 'NONE',  ( 35.00000000000000000, 152.0000000000007390, 0.000000000000000000 ) ) ;
#2993 = VECTOR ( 'NONE', #5127, 1000.000000000000000 ) ;
#2994 = AXIS2_PLACEMENT_3D ( 'NONE', #2981, #5827, #3041 ) ;
#2995 = DIRECTION ( 'NONE',  ( -1.000000000000000000, 0.000000000000000000, 0.000000000000000000 ) ) ;
#2996 = ORIENTED_EDGE ( 'NONE', *, *, #241, .T. ) ;
#2997 = ORIENTED_EDGE ( 'NONE', *, *, #2850, .F. ) ;
#2998 = DIRECTION ( 'NONE',  ( -0.000000000000000000, -0.000000000000000000, -1.000000000000000000 ) ) ;
#2999 = SURFACE_STYLE_FILL_AREA ( #2141 ) ;
#3000 = DIRECTION ( 'NONE',  ( -0.000000000000000000, -0.000000000000000000, -1.000000000000000000 ) ) ;
#3001 = EDGE_CURVE ( 'NONE', #4836, #5337, #5408, .T. ) ;
#3002 = VERTEX_POINT ( 'NONE', #499 ) ;
#3003 = FACE_OUTER_BOUND ( 'NONE', #1291, .T. ) ;
#3004 = ORIENTED_EDGE ( 'NONE', *, *, #3396, .T. ) ;
#3005 = PRESENTATION_STYLE_ASSIGNMENT (( #1194 ) ) ;
#3006 = LINE ( 'NONE', #1076, #3337 ) ;
#3007 = CARTESIAN_POINT ( 'NONE',  ( -2.449293598294706414E-16, 2.000000000000000000, -765.0000000000000000 ) ) ;
#3008 = ADVANCED_FACE ( 'NONE', ( #1477 ), #4796, .T. ) ;
#3009 = ADVANCED_FACE ( 'NONE', ( #4289 ), #596, .F. ) ;
#3010 = ORIENTED_EDGE ( 'NONE', *, *, #4761, .T. ) ;
#3011 = ORIENTED_EDGE ( 'NONE', *, *, #140, .F. ) ;
#3012 = EDGE_CURVE ( 'NONE', #2181, #2610, #5661, .T. ) ;
#3013 = DIRECTION ( 'NONE',  ( -0.000000000000000000, -0.000000000000000000, 1.000000000000000000 ) ) ;
#3014 = VERTEX_POINT ( 'NONE', #5170 ) ;
#3015 = FACE_OUTER_BOUND ( 'NONE', #5755, .T. ) ;
#3016 = LINE ( 'NONE', #4480, #3382 ) ;
#3017 = APPLICATION_PROTOCOL_DEFINITION ( 'draft international standard', 'automotive_design', 1998, #3941 ) ;
#3018 = DIRECTION ( 'NONE',  ( 0.000000000000000000, 0.000000000000000000, -1.000000000000000000 ) ) ;
#3019 = AXIS2_PLACEMENT_3D ( 'NONE', #1061, #4819, #184 ) ;
#3020 = CARTESIAN_POINT ( 'NONE',  ( 34.99999999999982947, 17.99999999999999645, 29.00000000000000000 ) ) ;
#3021 = ORIENTED_EDGE ( 'NONE', *, *, #1321, .T. ) ;
#3022 = VERTEX_POINT ( 'NONE', #4744 ) ;
#3023 = CARTESIAN_POINT ( 'NONE',  ( 9.999999999999912959, 667.9999999999998863, -2.000000000000000000 ) ) ;
#3024 = CYLINDRICAL_SURFACE ( 'NONE', #1713, 3.199999999999994404 ) ;
#3025 = UNCERTAINTY_MEASURE_WITH_UNIT (LENGTH_MEASURE( 1.000000000000000082E-05 ), #4013, 'distance_accuracy_value', 'NONE');
#3026 = ORIENTED_EDGE ( 'NONE', *, *, #251, .T. ) ;
#3027 = PLANE ( 'NONE',  #5389 ) ;
#3028 = EDGE_LOOP ( 'NONE', ( #5887, #948, #3996, #2814 ) ) ;
#3029 = DIRECTION ( 'NONE',  ( -1.000000000000000000, 0.000000000000000000, 0.000000000000000000 ) ) ;
#3030 = FACE_OUTER_BOUND ( 'NONE', #4264, .T. ) ;
#3031 = DIRECTION ( 'NONE',  ( 1.000000000000000000, 0.000000000000000000, 0.000000000000000000 ) ) ;
#3032 = SHAPE_REPRESENTATION ( 'E.Flex_01_AbdeckblechEck2_V1.2', ( #5721 ), #2594 ) ;
#3033 = EDGE_CURVE ( 'NONE', #749, #4078, #1989, .T. ) ;
#3034 = ADVANCED_FACE ( 'NONE', ( #573 ), #2842, .F. ) ;
#3035 = ORIENTED_EDGE ( 'NONE', *, *, #5478, .T. ) ;
#3036 = VECTOR ( 'NONE', #1052, 1000.000000000000000 ) ;
#3037 = ORIENTED_EDGE ( 'NONE', *, *, #4129, .F. ) ;
#3038 = SURFACE_STYLE_FILL_AREA ( #5853 ) ;
#3039 = CARTESIAN_POINT ( 'NONE',  ( 0.000000000000000000, 0.000000000000000000, 0.000000000000000000 ) ) ;
#3040 = VERTEX_POINT ( 'NONE', #2874 ) ;
#3041 = DIRECTION ( 'NONE',  ( -1.000000000000000000, 0.000000000000000000, 0.000000000000000000 ) ) ;
#3042 = AXIS2_PLACEMENT_3D ( 'NONE', #1890, #4242, #3747 ) ;
#3043 = EDGE_CURVE ( 'NONE', #2423, #3671, #4245, .T. ) ;
#3044 = DIRECTION ( 'NONE',  ( 0.000000000000000000, 1.000000000000000000, 0.000000000000000000 ) ) ;
#3045 = ORIENTED_EDGE ( 'NONE', *, *, #2039, .T. ) ;
#3046 = CIRCLE ( 'NONE', #5779, 2.000000000000001776 ) ;
#3047 = LINE ( 'NONE', #4916, #4694 ) ;
#3048 = CARTESIAN_POINT ( 'NONE',  ( 104.2500000000000000, 665.0000000000000000, 0.000000000000000000 ) ) ;
#3049 = FACE_BOUND ( 'NONE', #1692, .T. ) ;
#3050 = AXIS2_PLACEMENT_3D ( 'NONE', #3215, #4131, #6026 ) ;
#3051 = EDGE_CURVE ( 'NONE', #3705, #3780, #1417, .T. ) ;
#3052 = CARTESIAN_POINT ( 'NONE',  ( 9.999999999993887556, 541.0000000000012506, -2.000000000000000000 ) ) ;
#3053 = DIRECTION ( 'NONE',  ( -1.000000000000000000, 0.000000000000000000, -5.204170427930416550E-15 ) ) ;
#3054 = CARTESIAN_POINT ( 'NONE',  ( 118.0000000000000000, 1.000000000000000000, 0.000000000000000000 ) ) ;
#3055 = CIRCLE ( 'NONE', #625, 3.199999999999994404 ) ;
#3056 = DIRECTION ( 'NONE',  ( -1.000000000000000000, 0.000000000000000000, 0.000000000000000000 ) ) ;
#3057 = AXIS2_PLACEMENT_3D ( 'NONE', #4068, #2822, #2709 ) ;
#3058 = ORIENTED_EDGE ( 'NONE', *, *, #3687, .T. ) ;
#3059 = CARTESIAN_POINT ( 'NONE',  ( 50.99999999999837286, 193.0000000000003126, 2.000000000000000000 ) ) ;
#3060 = ORIENTED_EDGE ( 'NONE', *, *, #3783, .T. ) ;
#3061 = CARTESIAN_POINT ( 'NONE',  ( 2.000000000000000000, 0.000000000000000000, 0.000000000000000000 ) ) ;
#3062 = DIRECTION ( 'NONE',  ( -1.000000000000000000, 0.000000000000000000, 0.000000000000000000 ) ) ;
#3063 = ORIENTED_EDGE ( 'NONE', *, *, #3526, .T. ) ;
#3064 = VERTEX_POINT ( 'NONE', #2442 ) ;
#3065 = ORIENTED_EDGE ( 'NONE', *, *, #99, .F. ) ;
#3066 = CARTESIAN_POINT ( 'NONE',  ( -71.99999999999998579, -8.817456953860940133E-15, -765.0000000000000000 ) ) ;
#3067 = DIRECTION ( 'NONE',  ( -1.000000000000000000, 8.462065736472249571E-17, 0.000000000000000000 ) ) ;
#3068 = ORIENTED_EDGE ( 'NONE', *, *, #5054, .T. ) ;
#3069 = ADVANCED_FACE ( 'NONE', ( #4312 ), #1901, .F. ) ;
#3070 = ADVANCED_FACE ( 'NONE', ( #3848 ), #2777, .T. ) ;
#3071 = AXIS2_PLACEMENT_3D ( 'NONE', #2764, #2361, #5155 ) ;
#3072 = CIRCLE ( 'NONE', #1621, 3.199999999999994404 ) ;
#3073 = ORIENTED_EDGE ( 'NONE', *, *, #4458, .F. ) ;
#3074 = AXIS2_PLACEMENT_3D ( 'NONE', #319, #3031, #4988 ) ;
#3075 = ADVANCED_BREP_SHAPE_REPRESENTATION ( '', ( #1172, #5721 ), #4746 ) ;
#3076 = ORIENTED_EDGE ( 'NONE', *, *, #2895, .T. ) ;
#3077 = CIRCLE ( 'NONE', #5910, 1.000000000000000888 ) ;
#3078 = DIRECTION ( 'NONE',  ( -0.000000000000000000, -0.000000000000000000, -1.000000000000000000 ) ) ;
#3079 = LINE ( 'NONE', #2104, #2201 ) ;
#3080 = CARTESIAN_POINT ( 'NONE',  ( 35.00000000000000000, 123.0000000000001990, -2.000000000000000000 ) ) ;
#3081 = ADVANCED_FACE ( 'NONE', ( #1542 ), #977, .F. ) ;
#3082 = AXIS2_PLACEMENT_3D ( 'NONE', #4409, #228, #2264 ) ;
#3083 = VECTOR ( 'NONE', #5060, 1000.000000000000000 ) ;
#3084 = CARTESIAN_POINT ( 'NONE',  ( -1.000000000000000000, -1.224646799147353207E-16, 0.000000000000000000 ) ) ;
#3085 =( GEOMETRIC_REPRESENTATION_CONTEXT ( 3 ) GLOBAL_UNCERTAINTY_ASSIGNED_CONTEXT ( ( #2416 ) ) GLOBAL_UNIT_ASSIGNED_CONTEXT ( ( #5137, #5010, #830 ) ) REPRESENTATION_CONTEXT ( 'NONE', 'WORKASPACE' ) );
#3086 = CARTESIAN_POINT ( 'NONE',  ( 7.999999999999921840, 594.0000000000001137, -2.000000000000000000 ) ) ;
#3087 = ORIENTED_EDGE ( 'NONE', *, *, #2826, .T. ) ;
#3088 = EDGE_LOOP ( 'NONE', ( #576, #1661, #1857, #4493 ) ) ;
#3089 = CARTESIAN_POINT ( 'NONE',  ( 33.00000000000000000, 0.000000000000000000, -2.000000000000000000 ) ) ;
#3090 = SHAPE_REPRESENTATION_RELATIONSHIP ( 'NONE' , 'NONE' ,  #4877, #467 ) ;
#3091 = LINE ( 'NONE', #3463, #1022 ) ;
#3092 = ADVANCED_FACE ( 'NONE', ( #2931 ), #4339, .T. ) ;
#3093 = MECHANICAL_DESIGN_GEOMETRIC_PRESENTATION_REPRESENTATION (  '', ( #3965 ), #4069 ) ;
#3094 = ORIENTED_EDGE ( 'NONE', *, *, #1848, .F. ) ;
#3095 = DIRECTION ( 'NONE',  ( 1.652117596168368774E-16, -1.000000000000000000, 0.000000000000000000 ) ) ;
#3096 = ORIENTED_EDGE ( 'NONE', *, *, #1169, .T. ) ;
#3097 = CARTESIAN_POINT ( 'NONE',  ( 91.89999999999845670, 159.9999999999999716, 0.000000000000000000 ) ) ;
#3098 = DIRECTION ( 'NONE',  ( 0.000000000000000000, 0.000000000000000000, -1.000000000000000000 ) ) ;
#3099 = DIRECTION ( 'NONE',  ( -0.000000000000000000, -0.000000000000000000, -1.000000000000000000 ) ) ;
#3100 = ORIENTED_EDGE ( 'NONE', *, *, #2848, .F. ) ;
#3101 = ORIENTED_EDGE ( 'NONE', *, *, #2157, .T. ) ;
#3102 = ORIENTED_EDGE ( 'NONE', *, *, #5888, .T. ) ;
#3103 = ORIENTED_EDGE ( 'NONE', *, *, #4211, .T. ) ;
#3104 = DIRECTION ( 'NONE',  ( 1.000000000000000000, 0.000000000000000000, 0.000000000000000000 ) ) ;
#3105 = CARTESIAN_POINT ( 'NONE',  ( 35.00000000000000000, 0.000000000000000000, -2.000000000000000000 ) ) ;
#3106 = EDGE_LOOP ( 'NONE', ( #5977, #470, #5845, #4995 ) ) ;
#3107 = VERTEX_POINT ( 'NONE', #4220 ) ;
#3108 = ORIENTED_EDGE ( 'NONE', *, *, #4459, .T. ) ;
#3109 = CARTESIAN_POINT ( 'NONE',  ( 33.00000000000000000, 51.00000000000019185, -2.000000000000000000 ) ) ;
#3110 = DIRECTION ( 'NONE',  ( -0.000000000000000000, -0.000000000000000000, -1.000000000000000000 ) ) ;
#3111 = CARTESIAN_POINT ( 'NONE',  ( 7.999999999995153210, 156.0000000000006821, -2.000000000000000000 ) ) ;
#3112 = DIRECTION ( 'NONE',  ( 0.000000000000000000, 0.000000000000000000, -1.000000000000000000 ) ) ;
#3113 = EDGE_CURVE ( 'NONE', #5561, #3299, #1811, .T. ) ;
#3114 = EDGE_CURVE ( 'NONE', #5551, #1054, #1934, .T. ) ;
#3115 = CARTESIAN_POINT ( 'NONE',  ( 97.99999999999998579, 368.5000000000000568, 2.000000000000000000 ) ) ;
#3116 = DIRECTION ( 'NONE',  ( -0.000000000000000000, 0.000000000000000000, 1.000000000000000000 ) ) ;
#3117 = ORIENTED_EDGE ( 'NONE', *, *, #1809, .F. ) ;
#3118 = CLOSED_SHELL ( 'NONE', ( #2520, #4785, #59, #4454, #728, #5498, #4600, #5509, #1205, #132, #922, #3813, #3081, #4199, #169, #2071, #5093, #4644 ) ) ;
#3119 = CARTESIAN_POINT ( 'NONE',  ( 33.00000000000000000, 316.0000000000002274, 0.000000000000000000 ) ) ;
#3120 = DIRECTION ( 'NONE',  ( -0.000000000000000000, -0.000000000000000000, -1.000000000000000000 ) ) ;
#3121 = EDGE_CURVE ( 'NONE', #4362, #1716, #1718, .T. ) ;
#3122 = ORIENTED_EDGE ( 'NONE', *, *, #1496, .T. ) ;
#3123 = CARTESIAN_POINT ( 'NONE',  ( 7.999999999993886668, 541.0000000000012506, 0.000000000000000000 ) ) ;
#3124 = EDGE_LOOP ( 'NONE', ( #937, #2453, #267, #101 ) ) ;
#3125 = CARTESIAN_POINT ( 'NONE',  ( 100.9999999999999858, 605.0000000000001137, 0.000000000000000000 ) ) ;
#3126 = LINE ( 'NONE', #4470, #5868 ) ;
#3127 = LINE ( 'NONE', #5937, #2107 ) ;
#3128 = EDGE_LOOP ( 'NONE', ( #3251, #3739 ) ) ;
#3129 = APPLICATION_CONTEXT ( 'automotive_design' ) ;
#3130 = EDGE_CURVE ( 'NONE', #5805, #1256, #2192, .T. ) ;
#3131 = EDGE_LOOP ( 'NONE', ( #5025, #4872 ) ) ;
#3132 = ORIENTED_EDGE ( 'NONE', *, *, #202, .F. ) ;
#3133 = DIRECTION ( 'NONE',  ( 0.000000000000000000, 0.000000000000000000, -1.000000000000000000 ) ) ;
#3134 = SHAPE_DEFINITION_REPRESENTATION ( #1799, #3032 ) ;
#3135 = EDGE_LOOP ( 'NONE', ( #2550, #4590 ) ) ;
#3136 = ORIENTED_EDGE ( 'NONE', *, *, #5359, .F. ) ;
#3137 = DIRECTION ( 'NONE',  ( -9.760171490198437539E-17, 8.259121274930149578E-33, 1.000000000000000000 ) ) ;
#3138 = DIRECTION ( 'NONE',  ( 1.000000000000000000, 0.000000000000000000, 0.000000000000000000 ) ) ;
#3139 = AXIS2_PLACEMENT_3D ( 'NONE', #5475, #4587, #867 ) ;
#3140 = DIRECTION ( 'NONE',  ( 0.000000000000000000, 0.000000000000000000, 1.000000000000000000 ) ) ;
#3141 = CARTESIAN_POINT ( 'NONE',  ( 35.00000000000000000, 0.000000000000000000, -2.000000000000000000 ) ) ;
#3142 = CIRCLE ( 'NONE', #3819, 3.499999999999999556 ) ;
#3143 = DIRECTION ( 'NONE',  ( 1.000000000000000000, 0.000000000000000000, 0.000000000000000000 ) ) ;
#3144 = VERTEX_POINT ( 'NONE', #743 ) ;
#3145 = CARTESIAN_POINT ( 'NONE',  ( 1.566999999999999948, 0.000000000000000000, -2.066999999999999726 ) ) ;
#3146 =( LENGTH_UNIT ( ) NAMED_UNIT ( * ) SI_UNIT ( .MILLI., .METRE. ) );
#3147 = VECTOR ( 'NONE', #5813, 1000.000000000000000 ) ;
#3148 = ADVANCED_FACE ( 'NONE', ( #5411 ), #3462, .T. ) ;
#3149 = EDGE_CURVE ( 'NONE', #976, #3349, #247, .T. ) ;
#3150 = ORIENTED_EDGE ( 'NONE', *, *, #671, .T. ) ;
#3151 = CIRCLE ( 'NONE', #129, 3.986666666666669467 ) ;
#3152 = ORIENTED_EDGE ( 'NONE', *, *, #3894, .F. ) ;
#3153 = DIRECTION ( 'NONE',  ( -1.000000000000000000, 0.000000000000000000, 0.000000000000000000 ) ) ;
#3154 = DIRECTION ( 'NONE',  ( -0.000000000000000000, -0.000000000000000000, -1.000000000000000000 ) ) ;
#3155 = LINE ( 'NONE', #4076, #3666 ) ;
#3156 = EDGE_CURVE ( 'NONE', #284, #484, #2582, .T. ) ;
#3157 = AXIS2_PLACEMENT_3D ( 'NONE', #1306, #4092, #3176 ) ;
#3158 = EDGE_LOOP ( 'NONE', ( #878, #1538 ) ) ;
#3159 = ORIENTED_EDGE ( 'NONE', *, *, #4499, .T. ) ;
#3160 = PRODUCT_DEFINITION_SHAPE ( 'NONE', 'NONE',  #4599 ) ;
#3161 = CARTESIAN_POINT ( 'NONE',  ( -0.9999999999999913403, 2.000000000000001776, -764.0000000000000000 ) ) ;
#3162 = PRODUCT_CONTEXT ( 'NONE', #1956, 'mechanical' ) ;
#3163 = EDGE_CURVE ( 'NONE', #203, #2657, #5897, .T. ) ;
#3164 = AXIS2_PLACEMENT_3D ( 'NONE', #5077, #4678, #3153 ) ;
#3165 = ORIENTED_EDGE ( 'NONE', *, *, #5810, .T. ) ;
#3166 = ORIENTED_EDGE ( 'NONE', *, *, #4739, .F. ) ;
#3167 = ORIENTED_EDGE ( 'NONE', *, *, #428, .T. ) ;
#3168 = CARTESIAN_POINT ( 'NONE',  ( 35.00000000000000000, 51.00000000000017764, 0.000000000000000000 ) ) ;
#3169 = VECTOR ( 'NONE', #178, 1000.000000000000000 ) ;
#3170 = VECTOR ( 'NONE', #3407, 1000.000000000000000 ) ;
#3171 = FACE_OUTER_BOUND ( 'NONE', #4293, .T. ) ;
#3172 = FACE_OUTER_BOUND ( 'NONE', #3822, .T. ) ;
#3173 = VECTOR ( 'NONE', #3550, 1000.000000000000000 ) ;
#3174 = CIRCLE ( 'NONE', #2975, 1.249999999999987121 ) ;
#3175 = ORIENTED_EDGE ( 'NONE', *, *, #1672, .F. ) ;
#3176 = DIRECTION ( 'NONE',  ( 0.000000000000000000, 0.000000000000000000, -1.000000000000000000 ) ) ;
#3177 = CARTESIAN_POINT ( 'NONE',  ( 41.99999999999990763, 669.0000000000000000, 2.000000000000001776 ) ) ;
#3178 = VERTEX_POINT ( 'NONE', #252 ) ;
#3179 = DIRECTION ( 'NONE',  ( -0.000000000000000000, -0.000000000000000000, -1.000000000000000000 ) ) ;
#3180 = DIRECTION ( 'NONE',  ( 1.000000000000000000, 0.000000000000000000, -0.000000000000000000 ) ) ;
#3181 = VECTOR ( 'NONE', #2902, 1000.000000000000000 ) ;
#3182 = AXIS2_PLACEMENT_3D ( 'NONE', #4022, #4087, #5552 ) ;
#3183 = CIRCLE ( 'NONE', #5715, 3.199999999999994404 ) ;
#3184 = VERTEX_POINT ( 'NONE', #712 ) ;
#3185 = COLOUR_RGB ( '',0.5294117647058823595, 0.5490196078431373028, 0.5490196078431373028 ) ;
#3186 = CARTESIAN_POINT ( 'NONE',  ( 19.99999999999783284, 679.9999999999998863, -2.000000000000000000 ) ) ;
#3187 = VERTEX_POINT ( 'NONE', #2599 ) ;
#3188 = EDGE_CURVE ( 'NONE', #4382, #4285, #5704, .T. ) ;
#3189 = DIRECTION ( 'NONE',  ( -0.9848077530122084644, 2.126576849575749728E-17, -0.1736481776669285826 ) ) ;
#3190 = DIRECTION ( 'NONE',  ( -1.000000000000000000, 0.000000000000000000, 0.000000000000000000 ) ) ;
#3191 = CARTESIAN_POINT ( 'NONE',  ( -72.00000000000001421, 1.999999999999988010, 0.000000000000000000 ) ) ;
#3192 = VECTOR ( 'NONE', #1495, 1000.000000000000000 ) ;
#3193 = ORIENTED_EDGE ( 'NONE', *, *, #444, .T. ) ;
#3194 = ADVANCED_FACE ( 'NONE', ( #3907 ), #4260, .T. ) ;
#3195 = EDGE_CURVE ( 'NONE', #3202, #218, #3998, .T. ) ;
#3196 = ORIENTED_EDGE ( 'NONE', *, *, #2588, .F. ) ;
#3197 = EDGE_CURVE ( 'NONE', #1593, #394, #4532, .T. ) ;
#3198 = DIRECTION ( 'NONE',  ( -0.000000000000000000, -0.000000000000000000, -1.000000000000000000 ) ) ;
#3199 = DIRECTION ( 'NONE',  ( 0.000000000000000000, 0.000000000000000000, -1.000000000000000000 ) ) ;
#3200 =( LENGTH_UNIT ( ) NAMED_UNIT ( * ) SI_UNIT ( .MILLI., .METRE. ) );
#3201 = APPLICATION_PROTOCOL_DEFINITION ( 'draft international standard', 'automotive_design', 1998, #3129 ) ;
#3202 = VERTEX_POINT ( 'NONE', #4432 ) ;
#3203 = EDGE_LOOP ( 'NONE', ( #4180, #2977, #2179, #4983 ) ) ;
#3204 = EDGE_CURVE ( 'NONE', #5535, #1638, #5122, .T. ) ;
#3205 = CARTESIAN_POINT ( 'NONE',  ( 19.99999999999927880, 257.9999999999998863, 0.000000000000000000 ) ) ;
#3206 = CARTESIAN_POINT ( 'NONE',  ( 101.0499999999999972, 65.00000000000002842, 0.000000000000000000 ) ) ;
#3207 = DIRECTION ( 'NONE',  ( 1.000000000000000000, 0.000000000000000000, 0.000000000000000000 ) ) ;
#3208 =( REPRESENTATION_RELATIONSHIP ('NONE','NONE', #1948, #4877 ) REPRESENTATION_RELATIONSHIP_WITH_TRANSFORMATION ( #3257 )SHAPE_REPRESENTATION_RELATIONSHIP( ) );
#3209 = DIRECTION ( 'NONE',  ( 0.000000000000000000, 0.000000000000000000, -1.000000000000000000 ) ) ;
#3210 = CARTESIAN_POINT ( 'NONE',  ( 33.00000000000000000, 720.0000000000000000, -2.000000000000000000 ) ) ;
#3211 = CARTESIAN_POINT ( 'NONE',  ( 94.79999999999999716, 368.5000000000000568, -1.163414459189982921E-15 ) ) ;
#3212 = DIRECTION ( 'NONE',  ( -0.000000000000000000, 1.000000000000000000, 0.000000000000000000 ) ) ;
#3213 = PRODUCT ( 'E.Flex_01_AbdeckblechEck1_V1.1_HMI', 'E.Flex_01_AbdeckblechEck1_V1.1_HMI', '', ( #2105 ) ) ;
#3214 = EDGE_LOOP ( 'NONE', ( #1209, #225 ) ) ;
#3215 = CARTESIAN_POINT ( 'NONE',  ( 0.9999999999998059330, 649.0000000000000000, 28.99999999999999645 ) ) ;
#3216 = VERTEX_POINT ( 'NONE', #4487 ) ;
#3217 = CARTESIAN_POINT ( 'NONE',  ( 102.2499999999999858, 605.0000000000001137, 2.000000000000000000 ) ) ;
#3218 = DIRECTION ( 'NONE',  ( -1.000000000000000000, 0.000000000000000000, 0.000000000000000000 ) ) ;
#3219 = CARTESIAN_POINT ( 'NONE',  ( 35.00000000000000000, 543.0000000000012506, -2.000000000000000000 ) ) ;
#3220 = EDGE_LOOP ( 'NONE', ( #5049, #666 ) ) ;
#3221 = ORIENTED_EDGE ( 'NONE', *, *, #4866, .T. ) ;
#3222 = CARTESIAN_POINT ( 'NONE',  ( -71.99999999999998579, -8.817456953860940133E-15, -765.0000000000000000 ) ) ;
#3223 = DIRECTION ( 'NONE',  ( -1.000000000000000000, 0.000000000000000000, 0.000000000000000000 ) ) ;
#3224 = ORIENTED_EDGE ( 'NONE', *, *, #3001, .F. ) ;
#3225 = DIRECTION ( 'NONE',  ( 0.000000000000000000, -0.000000000000000000, 1.000000000000000000 ) ) ;
#3226 = ADVANCED_FACE ( 'NONE', ( #281 ), #309, .F. ) ;
#3227 = EDGE_CURVE ( 'NONE', #818, #877, #3939, .T. ) ;
#3228 = EDGE_LOOP ( 'NONE', ( #4941, #2627, #1134, #4962 ) ) ;
#3229 = ORIENTED_EDGE ( 'NONE', *, *, #4739, .T. ) ;
#3230 = ORIENTED_EDGE ( 'NONE', *, *, #5432, .T. ) ;
#3231 = LINE ( 'NONE', #1339, #1823 ) ;
#3232 = CYLINDRICAL_SURFACE ( 'NONE', #4160, 3.499999999999999556 ) ;
#3233 = VECTOR ( 'NONE', #2411, 1000.000000000000000 ) ;
#3234 = EDGE_CURVE ( 'NONE', #1054, #3014, #3971, .T. ) ;
#3235 = LINE ( 'NONE', #489, #4705 ) ;
#3236 = CARTESIAN_POINT ( 'NONE',  ( 40.99999999999990763, 0.000000000000000000, 1.999999999999998224 ) ) ;
#3237 = AXIS2_PLACEMENT_3D ( 'NONE', #172, #2031, #2449 ) ;
#3238 = CARTESIAN_POINT ( 'NONE',  ( 18.99999999999374367, 43.00000000000000000, 31.00000000000000000 ) ) ;
#3239 = CARTESIAN_POINT ( 'NONE',  ( 2.000000000000000000, 5.086366372458676032E-16, -3.986666666666669467 ) ) ;
#3240 =( LENGTH_UNIT ( ) NAMED_UNIT ( * ) SI_UNIT ( .MILLI., .METRE. ) );
#3241 = CARTESIAN_POINT ( 'NONE',  ( 7.999999999993886668, 541.0000000000012506, 0.000000000000000000 ) ) ;
#3242 = EDGE_CURVE ( 'NONE', #530, #111, #3750, .T. ) ;
#3243 = ORIENTED_EDGE ( 'NONE', *, *, #3197, .T. ) ;
#3244 = CARTESIAN_POINT ( 'NONE',  ( 104.2500000000000000, 635.0000000000000000, 3.827021247335479296E-16 ) ) ;
#3245 = ORIENTED_EDGE ( 'NONE', *, *, #5366, .T. ) ;
#3246 = CARTESIAN_POINT ( 'NONE',  ( 8.000000000000214939, 55.00000000000010658, -2.000000000000000000 ) ) ;
#3247 = LINE ( 'NONE', #3286, #4993 ) ;
#3248 =( GEOMETRIC_REPRESENTATION_CONTEXT ( 3 ) GLOBAL_UNCERTAINTY_ASSIGNED_CONTEXT ( ( #292 ) ) GLOBAL_UNIT_ASSIGNED_CONTEXT ( ( #4774, #2475, #43 ) ) REPRESENTATION_CONTEXT ( 'NONE', 'WORKASPACE' ) );
#3249 = CARTESIAN_POINT ( 'NONE',  ( 9.999999999995155875, 156.0000000000006821, -2.000000000000000000 ) ) ;
#3250 = PRESENTATION_LAYER_ASSIGNMENT (  '', '', ( #4128 ) ) ;
#3251 = ORIENTED_EDGE ( 'NONE', *, *, #2773, .F. ) ;
#3252 = VERTEX_POINT ( 'NONE', #3054 ) ;
#3253 = CARTESIAN_POINT ( 'NONE',  ( 33.00000000000000000, 522.0000000000010232, -2.000000000000000000 ) ) ;
#3254 = LINE ( 'NONE', #3773, #1173 ) ;
#3255 = LINE ( 'NONE', #5084, #2618 ) ;
#3256 = FACE_OUTER_BOUND ( 'NONE', #5961, .T. ) ;
#3257 = ITEM_DEFINED_TRANSFORMATION ( 'NONE', 'NONE', #2118,  #5721 ) ;
#3258 = AXIS2_PLACEMENT_3D ( 'NONE', #1060, #2833, #3785 ) ;
#3259 = ORIENTED_EDGE ( 'NONE', *, *, #57, .T. ) ;
#3260 = VECTOR ( 'NONE', #2268, 1000.000000000000000 ) ;
#3261 = VERTEX_POINT ( 'NONE', #3582 ) ;
#3262 = EDGE_LOOP ( 'NONE', ( #4114, #1669, #652, #3926 ) ) ;
#3263 = EDGE_CURVE ( 'NONE', #4256, #3991, #5445, .T. ) ;
#3264 = ADVANCED_FACE ( 'NONE', ( #654 ), #4443, .T. ) ;
#3265 = DIRECTION ( 'NONE',  ( 1.000000000000000000, 0.000000000000000000, 0.000000000000000000 ) ) ;
#3266 = PRODUCT ( 'KVT SS-M5-0', 'KVT SS-M5-0', '', ( #5061 ) ) ;
#3267 = FACE_OUTER_BOUND ( 'NONE', #209, .T. ) ;
#3268 = AXIS2_PLACEMENT_3D ( 'NONE', #4440, #2176, #5846 ) ;
#3269 = DIRECTION ( 'NONE',  ( 0.000000000000000000, 0.000000000000000000, -1.000000000000000000 ) ) ;
#3270 = CIRCLE ( 'NONE', #2985, 2.000000000000001776 ) ;
#3271 = CYLINDRICAL_SURFACE ( 'NONE', #233, 3.200000000000001510 ) ;
#3272 = AXIS2_PLACEMENT_3D ( 'NONE', #5745, #3373, #1450 ) ;
#3273 = DIRECTION ( 'NONE',  ( -0.000000000000000000, 1.000000000000000000, -0.000000000000000000 ) ) ;
#3274 = EDGE_CURVE ( 'NONE', #2543, #2504, #5866, .T. ) ;
#3275 = DIRECTION ( 'NONE',  ( -1.000000000000000000, 0.000000000000000000, 0.000000000000000000 ) ) ;
#3276 = ORIENTED_EDGE ( 'NONE', *, *, #1025, .F. ) ;
#3277 = DIRECTION ( 'NONE',  ( -0.000000000000000000, -0.000000000000000000, -1.000000000000000000 ) ) ;
#3278 = AXIS2_PLACEMENT_3D ( 'NONE', #3908, #3225, #5085 ) ;
#3279 = UNCERTAINTY_MEASURE_WITH_UNIT (LENGTH_MEASURE( 1.000000000000000082E-05 ), #5898, 'distance_accuracy_value', 'NONE');
#3280 = VERTEX_POINT ( 'NONE', #3239 ) ;
#3281 = CARTESIAN_POINT ( 'NONE',  ( 9.999999999999912959, 667.9999999999998863, -2.000000000000000000 ) ) ;
#3282 = ORIENTED_EDGE ( 'NONE', *, *, #2664, .T. ) ;
#3283 = EDGE_CURVE ( 'NONE', #3261, #1789, #3471, .T. ) ;
#3284 = DIRECTION ( 'NONE',  ( -0.000000000000000000, -0.000000000000000000, -1.000000000000000000 ) ) ;
#3285 = AXIS2_PLACEMENT_3D ( 'NONE', #3542, #5345, #2591 ) ;
#3286 = CARTESIAN_POINT ( 'NONE',  ( 9.999999999993887556, 543.0000000000012506, -2.000000000000000000 ) ) ;
#3287 = VECTOR ( 'NONE', #4116, 1000.000000000000000 ) ;
#3288 = CARTESIAN_POINT ( 'NONE',  ( 34.99999999999982236, 670.0000000000000000, 27.00000000000000355 ) ) ;
#3289 = AXIS2_PLACEMENT_3D ( 'NONE', #289, #3949, #780 ) ;
#3290 = CIRCLE ( 'NONE', #639, 2.000000000000001776 ) ;
#3291 = ORIENTED_EDGE ( 'NONE', *, *, #241, .F. ) ;
#3292 = ORIENTED_EDGE ( 'NONE', *, *, #837, .T. ) ;
#3293 = CARTESIAN_POINT ( 'NONE',  ( 107.4499999999999886, 635.0000000000000000, 2.000000000000000000 ) ) ;
#3294 = VECTOR ( 'NONE', #1098, 1000.000000000000000 ) ;
#3295 = CARTESIAN_POINT ( 'NONE',  ( 33.00000000000000000, 543.0000000000012506, 0.000000000000000000 ) ) ;
#3296 = CYLINDRICAL_SURFACE ( 'NONE', #3568, 3.199999999999994404 ) ;
#3297 = DIRECTION ( 'NONE',  ( -1.000000000000000000, 0.000000000000000000, 0.000000000000000000 ) ) ;
#3298 = EDGE_LOOP ( 'NONE', ( #4461, #5912, #5895, #1717 ) ) ;
#3299 = VERTEX_POINT ( 'NONE', #3145 ) ;
#3300 = ORIENTED_EDGE ( 'NONE', *, *, #2222, .T. ) ;
#3301 = DIRECTION ( 'NONE',  ( -0.000000000000000000, -0.000000000000000000, -1.000000000000000000 ) ) ;
#3302 = CARTESIAN_POINT ( 'NONE',  ( 107.4499999999999886, 635.0000000000000000, 0.000000000000000000 ) ) ;
#3303 = FACE_OUTER_BOUND ( 'NONE', #5014, .T. ) ;
#3304 = CARTESIAN_POINT ( 'NONE',  ( 9.999999999999989342, 121.0000000000001137, 0.000000000000000000 ) ) ;
#3305 = DIRECTION ( 'NONE',  ( 1.000000000000000000, 0.000000000000000000, -0.000000000000000000 ) ) ;
#3306 = LINE ( 'NONE', #1470, #447 ) ;
#3307 = DIRECTION ( 'NONE',  ( -1.000000000000000000, -3.512839483595690127E-17, -2.465190328815661892E-32 ) ) ;
#3308 = LINE ( 'NONE', #2870, #3181 ) ;
#3309 = EDGE_CURVE ( 'NONE', #5904, #4906, #4518, .T. ) ;
#3310 = EDGE_CURVE ( 'NONE', #5123, #3514, #4146, .T. ) ;
#3311 = ORIENTED_EDGE ( 'NONE', *, *, #4427, .F. ) ;
#3312 = DIRECTION ( 'NONE',  ( -1.000000000000000000, 0.000000000000000000, 0.000000000000000000 ) ) ;
#3313 = ORIENTED_EDGE ( 'NONE', *, *, #4201, .F. ) ;
#3314 = CARTESIAN_POINT ( 'NONE',  ( 1.566999999999999948, 0.000000000000000000, 0.000000000000000000 ) ) ;
#3315 = FACE_OUTER_BOUND ( 'NONE', #619, .T. ) ;
#3316 = EDGE_CURVE ( 'NONE', #5612, #2958, #549, .T. ) ;
#3317 = ORIENTED_EDGE ( 'NONE', *, *, #3967, .T. ) ;
#3318 = ORIENTED_EDGE ( 'NONE', *, *, #2119, .F. ) ;
#3319 = CARTESIAN_POINT ( 'NONE',  ( 0.000000000000000000, 0.000000000000000000, 2.000000000000000000 ) ) ;
#3320 = DIRECTION ( 'NONE',  ( -0.000000000000000000, -0.000000000000000000, -1.000000000000000000 ) ) ;
#3321 = CARTESIAN_POINT ( 'NONE',  ( 23.19999999999781437, 679.9999999999998863, 0.000000000000000000 ) ) ;
#3322 = AXIS2_PLACEMENT_3D ( 'NONE', #4923, #1746, #741 ) ;
#3323 = CARTESIAN_POINT ( 'NONE',  ( 50.99999999999837286, 95.00000000000031264, 0.000000000000000000 ) ) ;
#3324 = STYLED_ITEM ( 'NONE', ( #5305 ), #5230 ) ;
#3325 = VERTEX_POINT ( 'NONE', #3119 ) ;
#3326 = ORIENTED_EDGE ( 'NONE', *, *, #4868, .T. ) ;
#3327 = VERTEX_POINT ( 'NONE', #3211 ) ;
#3328 = CARTESIAN_POINT ( 'NONE',  ( 41.49999999999990763, 651.8660254037844197, 0.000000000000000000 ) ) ;
#3329 = ORIENTED_EDGE ( 'NONE', *, *, #837, .F. ) ;
#3330 = LINE ( 'NONE', #4328, #2993 ) ;
#3331 = CARTESIAN_POINT ( 'NONE',  ( 15.00000000000003730, 348.0000000000001705, -2.000000000000000000 ) ) ;
#3332 = DIRECTION ( 'NONE',  ( 0.000000000000000000, 0.000000000000000000, -1.000000000000000000 ) ) ;
#3333 = DIRECTION ( 'NONE',  ( 0.000000000000000000, 0.000000000000000000, -1.000000000000000000 ) ) ;
#3334 = CARTESIAN_POINT ( 'NONE',  ( -2.000000000000005773, 69.00000000000191847, -644.9999999999997726 ) ) ;
#3335 = VECTOR ( 'NONE', #3078, 1000.000000000000000 ) ;
#3336 = DIRECTION ( 'NONE',  ( 0.000000000000000000, -0.000000000000000000, -1.000000000000000000 ) ) ;
#3337 = VECTOR ( 'NONE', #3914, 1000.000000000000000 ) ;
#3338 = ORIENTED_EDGE ( 'NONE', *, *, #2739, .F. ) ;
#3339 = CARTESIAN_POINT ( 'NONE',  ( -0.3849999999999999534, 4.606867086415163399E-16, 3.761792452830190037 ) ) ;
#3340 = ORIENTED_EDGE ( 'NONE', *, *, #4534, .T. ) ;
#3341 = CARTESIAN_POINT ( 'NONE',  ( 0.000000000000000000, 18.00000000000000000, 31.00000000000000711 ) ) ;
#3342 = FACE_OUTER_BOUND ( 'NONE', #5298, .T. ) ;
#3343 = ADVANCED_FACE ( 'NONE', ( #1865 ), #798, .F. ) ;
#3344 = EDGE_CURVE ( 'NONE', #2357, #2858, #3174, .T. ) ;
#3345 = AXIS2_PLACEMENT_3D ( 'NONE', #5829, #5760, #5705 ) ;
#3346 = ORIENTED_EDGE ( 'NONE', *, *, #1779, .T. ) ;
#3347 = PLANE ( 'NONE',  #2263 ) ;
#3348 = AXIS2_PLACEMENT_3D ( 'NONE', #4375, #1690, #5354 ) ;
#3349 = VERTEX_POINT ( 'NONE', #916 ) ;
#3350 = DIRECTION ( 'NONE',  ( -1.000000000000000000, 0.000000000000000000, 0.000000000000000000 ) ) ;
#3351 = DIRECTION ( 'NONE',  ( 0.000000000000000000, 0.000000000000000000, -1.000000000000000000 ) ) ;
#3352 = CARTESIAN_POINT ( 'NONE',  ( 35.00000000000000000, 1.999999999999999112, 0.000000000000000000 ) ) ;
#3353 = EDGE_CURVE ( 'NONE', #3184, #515, #3634, .T. ) ;
#3354 = CONTEXT_DEPENDENT_SHAPE_REPRESENTATION ( #3521, #4673 ) ;
#3355 = EDGE_LOOP ( 'NONE', ( #5761, #3833 ) ) ;
#3356 = ORIENTED_EDGE ( 'NONE', *, *, #277, .F. ) ;
#3357 = VERTEX_POINT ( 'NONE', #2720 ) ;
#3358 = EDGE_CURVE ( 'NONE', #594, #2796, #4126, .T. ) ;
#3359 = CARTESIAN_POINT ( 'NONE',  ( 0.000000000000000000, 0.000000000000000000, -2.000000000000000000 ) ) ;
#3360 = DIRECTION ( 'NONE',  ( -1.000000000000000000, 0.000000000000000000, 0.000000000000000000 ) ) ;
#3361 = PRESENTATION_LAYER_ASSIGNMENT (  '', '', ( #1201 ) ) ;
#3362 = DIRECTION ( 'NONE',  ( -0.000000000000000000, -0.000000000000000000, -1.000000000000000000 ) ) ;
#3363 = DIRECTION ( 'NONE',  ( -0.000000000000000000, -0.000000000000000000, -1.000000000000000000 ) ) ;
#3364 = LINE ( 'NONE', #2949, #5071 ) ;
#3365 = CARTESIAN_POINT ( 'NONE',  ( 34.99999999999982947, 17.99999999999999645, 29.00000000000000000 ) ) ;
#3366 = DIRECTION ( 'NONE',  ( 9.931017931319885954E-17, -1.000000000000000000, 3.944304526105059027E-31 ) ) ;
#3367 = FACE_BOUND ( 'NONE', #1905, .T. ) ;
#3368 = PRODUCT_DEFINITION_SHAPE ( 'NONE', 'NONE',  #6042 ) ;
#3369 = VECTOR ( 'NONE', #535, 1000.000000000000000 ) ;
#3370 = ORIENTED_EDGE ( 'NONE', *, *, #2007, .T. ) ;
#3371 = CARTESIAN_POINT ( 'NONE',  ( 2.000000000000000000, 2.531344933837578774E-16, 2.066999999999999726 ) ) ;
#3372 = ORIENTED_EDGE ( 'NONE', *, *, #3465, .F. ) ;
#3373 = DIRECTION ( 'NONE',  ( -0.000000000000000000, -0.000000000000000000, 1.000000000000000000 ) ) ;
#3374 = CARTESIAN_POINT ( 'NONE',  ( 85.99999999999980105, 694.0000000000001137, 2.000000000000001776 ) ) ;
#3375 = AXIS2_PLACEMENT_3D ( 'NONE', #3323, #3737, #3297 ) ;
#3376 = VECTOR ( 'NONE', #5099, 1000.000000000000000 ) ;
#3377 = CIRCLE ( 'NONE', #4835, 1.000000000000000888 ) ;
#3378 = EDGE_CURVE ( 'NONE', #2094, #4051, #3757, .T. ) ;
#3379 = ORIENTED_EDGE ( 'NONE', *, *, #2903, .F. ) ;
#3380 = CIRCLE ( 'NONE', #4738, 3.499999999999999556 ) ;
#3381 = SURFACE_SIDE_STYLE ('',( #3881 ) ) ;
#3382 = VECTOR ( 'NONE', #4392, 1000.000000000000000 ) ;
#3383 = ORIENTED_EDGE ( 'NONE', *, *, #1147, .F. ) ;
#3384 = FACE_OUTER_BOUND ( 'NONE', #3732, .T. ) ;
#3385 = CARTESIAN_POINT ( 'NONE',  ( 19.99999999999855760, 468.9999999999999432, -2.000000000000000000 ) ) ;
#3386 = CARTESIAN_POINT ( 'NONE',  ( 117.0000000000000000, 0.000000000000000000, 2.000000000000000000 ) ) ;
#3387 = VECTOR ( 'NONE', #3408, 1000.000000000000000 ) ;
#3388 = VECTOR ( 'NONE', #1270, 1000.000000000000000 ) ;
#3389 = EDGE_CURVE ( 'NONE', #4018, #3706, #4539, .T. ) ;
#3390 = EDGE_CURVE ( 'NONE', #4905, #5252, #2226, .T. ) ;
#3391 = ORIENTED_EDGE ( 'NONE', *, *, #5141, .T. ) ;
#3392 = VERTEX_POINT ( 'NONE', #4553 ) ;
#3393 = AXIS2_PLACEMENT_3D ( 'NONE', #1058, #4784, #3360 ) ;
#3394 = CARTESIAN_POINT ( 'NONE',  ( -0.5917592592592589851, 0.000000000000000000, 3.189999999999999947 ) ) ;
#3395 = SURFACE_STYLE_USAGE ( .BOTH. , #145 ) ;
#3396 = EDGE_CURVE ( 'NONE', #4034, #3325, #4154, .T. ) ;
#3397 = SURFACE_STYLE_FILL_AREA ( #4912 ) ;
#3398 = CARTESIAN_POINT ( 'NONE',  ( 2.000000000000000000, 0.000000000000000000, 0.000000000000000000 ) ) ;
#3399 = CARTESIAN_POINT ( 'NONE',  ( 90.99999999999835154, 95.00000000000031264, 2.000000000000000000 ) ) ;
#3400 = DIRECTION ( 'NONE',  ( -0.000000000000000000, -0.000000000000000000, -1.000000000000000000 ) ) ;
#3401 =( NAMED_UNIT ( * ) PLANE_ANGLE_UNIT ( ) SI_UNIT ( $, .RADIAN. ) );
#3402 = FACE_OUTER_BOUND ( 'NONE', #926, .T. ) ;
#3403 = EDGE_CURVE ( 'NONE', #3671, #583, #2253, .T. ) ;
#3404 = ORIENTED_EDGE ( 'NONE', *, *, #5391, .T. ) ;
#3405 = DIRECTION ( 'NONE',  ( 1.000000000000000000, 0.000000000000000000, 0.000000000000000000 ) ) ;
#3406 = EDGE_LOOP ( 'NONE', ( #852, #3590, #413, #4042 ) ) ;
#3407 = DIRECTION ( 'NONE',  ( -0.000000000000000000, 0.000000000000000000, -1.000000000000000000 ) ) ;
#3408 = DIRECTION ( 'NONE',  ( -0.000000000000000000, 1.000000000000000000, -0.000000000000000000 ) ) ;
#3409 = VERTEX_POINT ( 'NONE', #4065 ) ;
#3410 = DIRECTION ( 'NONE',  ( -0.000000000000000000, -0.000000000000000000, -1.000000000000000000 ) ) ;
#3411 = VERTEX_POINT ( 'NONE', #1345 ) ;
#3412 = CARTESIAN_POINT ( 'NONE',  ( 40.99999999999990763, 650.0000000000000000, 4.000000000000000000 ) ) ;
#3413 = CARTESIAN_POINT ( 'NONE',  ( 35.00000000000000000, 51.00000000000019185, 0.000000000000000000 ) ) ;
#3414 = LINE ( 'NONE', #3386, #2786 ) ;
#3415 = ORIENTED_EDGE ( 'NONE', *, *, #5335, .T. ) ;
#3416 = PRODUCT_DEFINITION_CONTEXT ( 'detailed design', #4061, 'design' ) ;
#3417 = ORIENTED_EDGE ( 'NONE', *, *, #1699, .F. ) ;
#3418 = VECTOR ( 'NONE', #2778, 1000.000000000000000 ) ;
#3419 = LINE ( 'NONE', #2485, #3169 ) ;
#3420 = ADVANCED_FACE ( 'NONE', ( #885 ), #2747, .F. ) ;
#3421 = DIRECTION ( 'NONE',  ( -1.000000000000000000, 0.000000000000000000, 0.000000000000000000 ) ) ;
#3422 = ADVANCED_FACE ( 'NONE', ( #3693 ), #3610, .F. ) ;
#3423 = CARTESIAN_POINT ( 'NONE',  ( -0.3370000000000000218, 0.000000000000000000, 0.000000000000000000 ) ) ;
#3424 = DIRECTION ( 'NONE',  ( -1.000000000000000000, 0.000000000000000000, 0.000000000000000000 ) ) ;
#3425 = PLANE ( 'NONE',  #3571 ) ;
#3426 = DIRECTION ( 'NONE',  ( -1.000000000000000000, -9.931017931319869930E-17, 1.655835545099679789E-15 ) ) ;
#3427 = FACE_BOUND ( 'NONE', #5533, .T. ) ;
#3428 = EDGE_CURVE ( 'NONE', #3107, #690, #5907, .T. ) ;
#3429 = CARTESIAN_POINT ( 'NONE',  ( -150.0000000000000000, 119.9999999999999858, -764.0000000000000000 ) ) ;
#3430 = ORIENTED_EDGE ( 'NONE', *, *, #1222, .F. ) ;
#3431 = CARTESIAN_POINT ( 'NONE',  ( -72.00000000000000000, 79.99999999999998579, -765.0000000000000000 ) ) ;
#3432 = DIRECTION ( 'NONE',  ( -1.000000000000000000, 0.000000000000000000, 0.000000000000000000 ) ) ;
#3433 = DIRECTION ( 'NONE',  ( 1.000000000000000000, 0.000000000000000000, 0.000000000000000000 ) ) ;
#3434 = EDGE_CURVE ( 'NONE', #1638, #3187, #4702, .T. ) ;
#3435 = ORIENTED_EDGE ( 'NONE', *, *, #5313, .F. ) ;
#3436 = CARTESIAN_POINT ( 'NONE',  ( -152.0000000000000000, 118.9999999999999858, -765.0000000000000000 ) ) ;
#3437 = EDGE_LOOP ( 'NONE', ( #3100, #4942, #3768, #1959 ) ) ;
#3438 =( LENGTH_UNIT ( ) NAMED_UNIT ( * ) SI_UNIT ( .MILLI., .METRE. ) );
#3439 = CARTESIAN_POINT ( 'NONE',  ( 54.80000000000000426, 368.5000000000000568, -1.163414459189982921E-15 ) ) ;
#3440 = FACE_OUTER_BOUND ( 'NONE', #4924, .T. ) ;
#3441 = MECHANICAL_DESIGN_GEOMETRIC_PRESENTATION_REPRESENTATION (  '', ( #2751 ), #1088 ) ;
#3442 = APPLICATION_CONTEXT ( 'automotive_design' ) ;
#3443 = VERTEX_POINT ( 'NONE', #66 ) ;
#3444 = ORIENTED_EDGE ( 'NONE', *, *, #4419, .T. ) ;
#3445 = ORIENTED_EDGE ( 'NONE', *, *, #3358, .F. ) ;
#3446 = LINE ( 'NONE', #4849, #832 ) ;
#3447 = VECTOR ( 'NONE', #1853, 1000.000000000000000 ) ;
#3448 = DIRECTION ( 'NONE',  ( 0.000000000000000000, 0.000000000000000000, -1.000000000000000000 ) ) ;
#3449 = CIRCLE ( 'NONE', #5491, 3.200000000000005063 ) ;
#3450 = ORIENTED_EDGE ( 'NONE', *, *, #2665, .T. ) ;
#3451 = EDGE_CURVE ( 'NONE', #2958, #5612, #3072, .T. ) ;
#3452 = LINE ( 'NONE', #3621, #236 ) ;
#3453 = LINE ( 'NONE', #2462, #1578 ) ;
#3454 = PLANE ( 'NONE',  #454 ) ;
#3455 = CARTESIAN_POINT ( 'NONE',  ( 35.00000000000000000, 314.0000000000002274, 0.000000000000000000 ) ) ;
#3456 = VECTOR ( 'NONE', #586, 1000.000000000000000 ) ;
#3457 = ADVANCED_FACE ( 'NONE', ( #2809 ), #563, .F. ) ;
#3458 = DIRECTION ( 'NONE',  ( -0.000000000000000000, -0.000000000000000000, -1.000000000000000000 ) ) ;
#3459 = CIRCLE ( 'NONE', #1607, 1.000000000000000888 ) ;
#3460 = EDGE_LOOP ( 'NONE', ( #3224, #4273 ) ) ;
#3461 = VERTEX_POINT ( 'NONE', #4304 ) ;
#3462 = PLANE ( 'NONE',  #2878 ) ;
#3463 = CARTESIAN_POINT ( 'NONE',  ( 101.1999999999999886, 368.5000000000000568, 0.000000000000000000 ) ) ;
#3464 = VECTOR ( 'NONE', #2536, 1000.000000000000000 ) ;
#3465 = EDGE_CURVE ( 'NONE', #2287, #4032, #3306, .T. ) ;
#3466 = ORIENTED_EDGE ( 'NONE', *, *, #3637, .F. ) ;
#3467 = DIRECTION ( 'NONE',  ( -0.000000000000000000, -0.000000000000000000, -1.000000000000000000 ) ) ;
#3468 = EDGE_LOOP ( 'NONE', ( #5880, #2085, #1868, #1312 ) ) ;
#3469 = AXIS2_PLACEMENT_3D ( 'NONE', #2307, #3715, #2367 ) ;
#3470 = CARTESIAN_POINT ( 'NONE',  ( 78.69999999999846807, 159.9999999999999716, -1.040949779275235965E-16 ) ) ;
#3471 = CIRCLE ( 'NONE', #5228, 1.250000000000001110 ) ;
#3472 = CARTESIAN_POINT ( 'NONE',  ( 2.000000000000000000, 3.906623289280057202E-16, 3.189999999999999947 ) ) ;
#3473 = VECTOR ( 'NONE', #466, 1000.000000000000000 ) ;
#3474 = ADVANCED_FACE ( 'NONE', ( #2373 ), #4788, .T. ) ;
#3475 = ORIENTED_EDGE ( 'NONE', *, *, #1059, .F. ) ;
#3476 = EDGE_LOOP ( 'NONE', ( #2914, #5080, #156, #381 ) ) ;
#3477 = CARTESIAN_POINT ( 'NONE',  ( 22.49999999999596056, 237.0000000000000000, 31.00000000000000000 ) ) ;
#3478 = AXIS2_PLACEMENT_3D ( 'NONE', #2525, #4393, #3018 ) ;
#3479 = CIRCLE ( 'NONE', #1722, 3.200000000000005063 ) ;
#3480 = AXIS2_PLACEMENT_3D ( 'NONE', #953, #1320, #412 ) ;
#3481 = CARTESIAN_POINT ( 'NONE',  ( 41.99999999999990763, 652.7320508075689531, 0.000000000000000000 ) ) ;
#3482 = ORIENTED_EDGE ( 'NONE', *, *, #2119, .T. ) ;
#3483 = LINE ( 'NONE', #5276, #537 ) ;
#3484 = DIRECTION ( 'NONE',  ( -9.760171490198437539E-17, 0.000000000000000000, 1.000000000000000000 ) ) ;
#3485 =( GEOMETRIC_REPRESENTATION_CONTEXT ( 3 ) GLOBAL_UNCERTAINTY_ASSIGNED_CONTEXT ( ( #1376 ) ) GLOBAL_UNIT_ASSIGNED_CONTEXT ( ( #1508, #1070, #2471 ) ) REPRESENTATION_CONTEXT ( 'NONE', 'WORKASPACE' ) );
#3486 = DIRECTION ( 'NONE',  ( -1.000000000000000000, 0.000000000000000000, -0.000000000000000000 ) ) ;
#3487 = CARTESIAN_POINT ( 'NONE',  ( 104.2500000000000000, 665.0000000000000000, 2.000000000000000000 ) ) ;
#3488 = EDGE_LOOP ( 'NONE', ( #5643, #6, #5370, #315 ) ) ;
#3489 = EDGE_LOOP ( 'NONE', ( #870, #5579, #1231, #3847 ) ) ;
#3490 = DIRECTION ( 'NONE',  ( -0.000000000000000000, -0.000000000000000000, -1.000000000000000000 ) ) ;
#3491 =( NAMED_UNIT ( * ) PLANE_ANGLE_UNIT ( ) SI_UNIT ( $, .RADIAN. ) );
#3492 = DIRECTION ( 'NONE',  ( -1.000000000000000000, 0.000000000000000000, 0.000000000000000000 ) ) ;
#3493 = EDGE_CURVE ( 'NONE', #369, #2447, #944, .T. ) ;
#3494 = EDGE_CURVE ( 'NONE', #3461, #1078, #93, .T. ) ;
#3495 = ORIENTED_EDGE ( 'NONE', *, *, #1743, .T. ) ;
#3496 = FACE_BOUND ( 'NONE', #3135, .T. ) ;
#3497 = ORIENTED_EDGE ( 'NONE', *, *, #3609, .T. ) ;
#3498 = CYLINDRICAL_SURFACE ( 'NONE', #2250, 3.199999999999980638 ) ;
#3499 = LINE ( 'NONE', #355, #2693 ) ;
#3500 = EDGE_CURVE ( 'NONE', #2036, #788, #3809, .T. ) ;
#3501 = ORIENTED_EDGE ( 'NONE', *, *, #2083, .T. ) ;
#3502 = EDGE_LOOP ( 'NONE', ( #4524, #5658, #4570, #4969 ) ) ;
#3503 =( NAMED_UNIT ( * ) SI_UNIT ( $, .STERADIAN. ) SOLID_ANGLE_UNIT ( ) );
#3504 = CARTESIAN_POINT ( 'NONE',  ( 9.999999999999921840, 665.9999999999998863, -2.000000000000000000 ) ) ;
#3505 = SURFACE_SIDE_STYLE ('',( #5856 ) ) ;
#3506 = ADVANCED_FACE ( 'NONE', ( #5191 ), #2924, .F. ) ;
#3507 = CARTESIAN_POINT ( 'NONE',  ( 9.999999999999996447, 119.0000000000000995, -2.000000000000000000 ) ) ;
#3508 = ORIENTED_EDGE ( 'NONE', *, *, #810, .T. ) ;
#3509 = DIRECTION ( 'NONE',  ( -0.000000000000000000, -0.000000000000000000, -1.000000000000000000 ) ) ;
#3510 = CARTESIAN_POINT ( 'NONE',  ( 19.00000000000000355, 625.0000000000000000, 31.00000000000000000 ) ) ;
#3511 = DIRECTION ( 'NONE',  ( -1.000000000000000000, 0.000000000000000000, 0.000000000000000000 ) ) ;
#3512 = CARTESIAN_POINT ( 'NONE',  ( 9.999999999999912959, 594.0000000000001137, -2.000000000000000000 ) ) ;
#3513 = CIRCLE ( 'NONE', #3697, 2.000000000000001776 ) ;
#3514 = VERTEX_POINT ( 'NONE', #2341 ) ;
#3515 =( GEOMETRIC_REPRESENTATION_CONTEXT ( 3 ) GLOBAL_UNCERTAINTY_ASSIGNED_CONTEXT ( ( #4070 ) ) GLOBAL_UNIT_ASSIGNED_CONTEXT ( ( #4110, #327, #3503 ) ) REPRESENTATION_CONTEXT ( 'NONE', 'WORKASPACE' ) );
#3516 = CYLINDRICAL_SURFACE ( 'NONE', #2565, 3.199999999999994404 ) ;
#3517 = VERTEX_POINT ( 'NONE', #2900 ) ;
#3518 = ORIENTED_EDGE ( 'NONE', *, *, #1338, .F. ) ;
#3519 = CARTESIAN_POINT ( 'NONE',  ( 18.99999999999374367, 43.00000000000000000, 28.99999999999999645 ) ) ;
#3520 = CARTESIAN_POINT ( 'NONE',  ( 97.99999999999998579, 368.5000000000000568, 0.000000000000000000 ) ) ;
#3521 =( REPRESENTATION_RELATIONSHIP ('NONE','NONE', #1948, #4877 ) REPRESENTATION_RELATIONSHIP_WITH_TRANSFORMATION ( #5121 )SHAPE_REPRESENTATION_RELATIONSHIP( ) );
#3522 = VERTEX_POINT ( 'NONE', #121 ) ;
#3523 = CARTESIAN_POINT ( 'NONE',  ( 10.00000000000022204, 53.00000000000010658, 0.000000000000000000 ) ) ;
#3524 = PRODUCT_RELATED_PRODUCT_CATEGORY ( 'part', '', ( #3213 ) ) ;
#3525 = ORIENTED_EDGE ( 'NONE', *, *, #616, .F. ) ;
#3526 = EDGE_CURVE ( 'NONE', #3912, #1764, #1526, .T. ) ;
#3527 = CARTESIAN_POINT ( 'NONE',  ( 117.0000000000000000, 694.0000000000001137, 2.000000000000000000 ) ) ;
#3528 = PLANE ( 'NONE',  #2100 ) ;
#3529 = AXIS2_PLACEMENT_3D ( 'NONE', #3510, #4455, #1241 ) ;
#3530 = VERTEX_POINT ( 'NONE', #3365 ) ;
#3531 = AXIS2_PLACEMENT_3D ( 'NONE', #4960, #1259, #1784 ) ;
#3532 = ORIENTED_EDGE ( 'NONE', *, *, #1926, .T. ) ;
#3533 = EDGE_CURVE ( 'NONE', #5208, #669, #3752, .T. ) ;
#3534 = DIRECTION ( 'NONE',  ( 0.000000000000000000, 1.000000000000000000, 0.000000000000000000 ) ) ;
#3535 = DIRECTION ( 'NONE',  ( -0.000000000000000000, -0.000000000000000000, -1.000000000000000000 ) ) ;
#3536 = SURFACE_SIDE_STYLE ('',( #1674 ) ) ;
#3537 = ORIENTED_EDGE ( 'NONE', *, *, #22, .T. ) ;
#3538 = VERTEX_POINT ( 'NONE', #5258 ) ;
#3539 = EDGE_CURVE ( 'NONE', #1820, #4716, #6008, .T. ) ;
#3540 = LINE ( 'NONE', #3928, #1272 ) ;
#3541 = DIRECTION ( 'NONE',  ( 0.000000000000000000, 0.000000000000000000, -1.000000000000000000 ) ) ;
#3542 = CARTESIAN_POINT ( 'NONE',  ( 33.00000000000000000, 2.000000000000000000, -2.000000000000000000 ) ) ;
#3543 = CIRCLE ( 'NONE', #3925, 2.000000000000000000 ) ;
#3544 = DIRECTION ( 'NONE',  ( -1.000000000000000000, 0.000000000000000000, 0.000000000000000000 ) ) ;
#3545 = DIRECTION ( 'NONE',  ( 1.000000000000000000, 0.000000000000000000, 0.000000000000000000 ) ) ;
#3546 = EDGE_LOOP ( 'NONE', ( #3554, #422, #4892, #2455 ) ) ;
#3547 = DIRECTION ( 'NONE',  ( 0.000000000000000000, 1.000000000000000000, 0.000000000000000000 ) ) ;
#3548 = CIRCLE ( 'NONE', #1796, 1.000000000000000888 ) ;
#3549 = FILL_AREA_STYLE ('',( #4066 ) ) ;
#3550 = DIRECTION ( 'NONE',  ( -1.000000000000000000, 8.462065736472249571E-17, -9.376883653928686131E-17 ) ) ;
#3551 = CIRCLE ( 'NONE', #3650, 1.000000000000000000 ) ;
#3552 = ORIENTED_EDGE ( 'NONE', *, *, #2665, .F. ) ;
#3553 = CARTESIAN_POINT ( 'NONE',  ( 22.49999999999374367, 43.00000000000000000, 28.99999999999999645 ) ) ;
#3554 = ORIENTED_EDGE ( 'NONE', *, *, #1962, .F. ) ;
#3555 = DIRECTION ( 'NONE',  ( 1.000000000000000000, 3.597944987211152007E-15, 0.000000000000000000 ) ) ;
#3556 = CARTESIAN_POINT ( 'NONE',  ( 118.0000000000000000, 694.0000000000001137, 2.000000000000000000 ) ) ;
#3557 = FACE_OUTER_BOUND ( 'NONE', #2576, .T. ) ;
#3558 = ORIENTED_EDGE ( 'NONE', *, *, #4786, .F. ) ;
#3559 = AXIS2_PLACEMENT_3D ( 'NONE', #3341, #1568, #3762 ) ;
#3560 = ORIENTED_EDGE ( 'NONE', *, *, #3783, .F. ) ;
#3561 = ORIENTED_EDGE ( 'NONE', *, *, #2626, .T. ) ;
#3562 = ORIENTED_EDGE ( 'NONE', *, *, #3938, .T. ) ;
#3563 = DIRECTION ( 'NONE',  ( 1.000000000000000000, 0.000000000000000000, 0.000000000000000000 ) ) ;
#3564 = VECTOR ( 'NONE', #2654, 1000.000000000000000 ) ;
#3565 = EDGE_CURVE ( 'NONE', #4897, #1125, #5324, .T. ) ;
#3566 = EDGE_CURVE ( 'NONE', #4382, #4349, #1038, .T. ) ;
#3567 = VERTEX_POINT ( 'NONE', #1893 ) ;
#3568 = AXIS2_PLACEMENT_3D ( 'NONE', #4297, #173, #2451 ) ;
#3569 = ORIENTED_EDGE ( 'NONE', *, *, #1743, .F. ) ;
#3570 = CIRCLE ( 'NONE', #934, 1.000000000000000000 ) ;
#3571 = AXIS2_PLACEMENT_3D ( 'NONE', #1089, #4820, #5344 ) ;
#3572 = CARTESIAN_POINT ( 'NONE',  ( 77.44999999999846807, 159.9999999999999716, -1.040949779275235965E-16 ) ) ;
#3573 = FACE_OUTER_BOUND ( 'NONE', #3124, .T. ) ;
#3574 = LINE ( 'NONE', #3111, #5034 ) ;
#3575 = AXIS2_PLACEMENT_3D ( 'NONE', #3288, #2817, #4680 ) ;
#3576 = EDGE_CURVE ( 'NONE', #3969, #5208, #2782, .T. ) ;
#3577 = DIRECTION ( 'NONE',  ( 1.000000000000000000, 0.000000000000000000, 0.000000000000000000 ) ) ;
#3578 = MECHANICAL_DESIGN_GEOMETRIC_PRESENTATION_REPRESENTATION (  '', ( #940 ), #1335 ) ;
#3579 = CARTESIAN_POINT ( 'NONE',  ( -72.00000000000000000, 118.9999999999999858, -765.0000000000000000 ) ) ;
#3580 = ORIENTED_EDGE ( 'NONE', *, *, #2252, .F. ) ;
#3581 = ORIENTED_EDGE ( 'NONE', *, *, #1013, .F. ) ;
#3582 = CARTESIAN_POINT ( 'NONE',  ( 51.25000000000000711, 85.00000000000000000, 2.000000000000000000 ) ) ;
#3583 = CIRCLE ( 'NONE', #2600, 3.189999999999999947 ) ;
#3584 =( NAMED_UNIT ( * ) PLANE_ANGLE_UNIT ( ) SI_UNIT ( $, .RADIAN. ) );
#3585 = CARTESIAN_POINT ( 'NONE',  ( -2.449293598294706414E-16, 2.000000000000000000, -765.0000000000000000 ) ) ;
#3586 = ADVANCED_FACE ( 'NONE', ( #4332 ), #152, .F. ) ;
#3587 = DIRECTION ( 'NONE',  ( -0.000000000000000000, -0.000000000000000000, -1.000000000000000000 ) ) ;
#3588 = EDGE_LOOP ( 'NONE', ( #3698, #578 ) ) ;
#3589 = FACE_BOUND ( 'NONE', #1254, .T. ) ;
#3590 = ORIENTED_EDGE ( 'NONE', *, *, #5964, .T. ) ;
#3591 = DIRECTION ( 'NONE',  ( -0.000000000000000000, -0.000000000000000000, -1.000000000000000000 ) ) ;
#3592 = CYLINDRICAL_SURFACE ( 'NONE', #3915, 1.000000000000000888 ) ;
#3593 = DIRECTION ( 'NONE',  ( 1.000000000000000000, 0.000000000000000000, 0.000000000000000000 ) ) ;
#3594 = VERTEX_POINT ( 'NONE', #4424 ) ;
#3595 = EDGE_LOOP ( 'NONE', ( #4107, #3532, #3921, #5107 ) ) ;
#3596 = FILL_AREA_STYLE_COLOUR ( '', #4262 ) ;
#3597 = ORIENTED_EDGE ( 'NONE', *, *, #2506, .F. ) ;
#3598 = ORIENTED_EDGE ( 'NONE', *, *, #1672, .T. ) ;
#3599 = CARTESIAN_POINT ( 'NONE',  ( 34.99999999999982236, 18.00000000000001421, 27.00000000000000355 ) ) ;
#3600 = EDGE_CURVE ( 'NONE', #540, #4497, #3016, .T. ) ;
#3601 = EDGE_CURVE ( 'NONE', #5007, #111, #5373, .T. ) ;
#3602 = CYLINDRICAL_SURFACE ( 'NONE', #2010, 3.199999999999994404 ) ;
#3603 = PRODUCT_DEFINITION_SHAPE ( 'NONE', 'NONE',  #6045 ) ;
#3604 = DIRECTION ( 'NONE',  ( -1.000000000000000000, -9.292636762033109770E-33, -3.589083053745117718E-15 ) ) ;
#3605 = DIRECTION ( 'NONE',  ( 0.000000000000000000, 0.000000000000000000, 1.000000000000000000 ) ) ;
#3606 = CYLINDRICAL_SURFACE ( 'NONE', #4913, 2.000000000000000000 ) ;
#3607 = ORIENTED_EDGE ( 'NONE', *, *, #3974, .T. ) ;
#3608 = VECTOR ( 'NONE', #2282, 1000.000000000000000 ) ;
#3609 = EDGE_CURVE ( 'NONE', #1380, #3705, #242, .T. ) ;
#3610 = PLANE ( 'NONE',  #2586 ) ;
#3611 = CYLINDRICAL_SURFACE ( 'NONE', #1810, 1.000000000000000000 ) ;
#3612 = VERTEX_POINT ( 'NONE', #4917 ) ;
#3613 = VERTEX_POINT ( 'NONE', #4365 ) ;
#3614 = EDGE_CURVE ( 'NONE', #4219, #5007, #3079, .T. ) ;
#3615 = CARTESIAN_POINT ( 'NONE',  ( 93.14999999999845670, 159.9999999999999716, -1.040949779275235965E-16 ) ) ;
#3616 = DIRECTION ( 'NONE',  ( 0.000000000000000000, 0.000000000000000000, 1.000000000000000000 ) ) ;
#3617 = DIRECTION ( 'NONE',  ( -0.000000000000000000, -0.000000000000000000, -1.000000000000000000 ) ) ;
#3618 = VERTEX_POINT ( 'NONE', #3962 ) ;
#3619 = ORIENTED_EDGE ( 'NONE', *, *, #99, .T. ) ;
#3620 = ORIENTED_EDGE ( 'NONE', *, *, #5520, .F. ) ;
#3621 = CARTESIAN_POINT ( 'NONE',  ( 2.000000000000000000, 0.000000000000000000, -4.320000000000000284 ) ) ;
#3622 = CIRCLE ( 'NONE', #2742, 3.199999999999980638 ) ;
#3623 = CARTESIAN_POINT ( 'NONE',  ( 33.00000000000000000, 718.0000000000000000, -2.000000000000000000 ) ) ;
#3624 = AXIS2_PLACEMENT_3D ( 'NONE', #3859, #692, #1139 ) ;
#3625 = ORIENTED_EDGE ( 'NONE', *, *, #5186, .T. ) ;
#3626 = EDGE_LOOP ( 'NONE', ( #5399, #3021, #1815, #8 ) ) ;
#3627 = CARTESIAN_POINT ( 'NONE',  ( 7.999999999999921840, 667.9999999999998863, -2.000000000000000000 ) ) ;
#3628 = AXIS2_PLACEMENT_3D ( 'NONE', #4210, #2897, #4153 ) ;
#3629 = CARTESIAN_POINT ( 'NONE',  ( 2.000000000000000000, 0.000000000000000000, 0.000000000000000000 ) ) ;
#3630 = EDGE_CURVE ( 'NONE', #5413, #1111, #4543, .T. ) ;
#3631 = CARTESIAN_POINT ( 'NONE',  ( 84.99999999999980105, 671.0000000000000000, 0.000000000000000000 ) ) ;
#3632 = CARTESIAN_POINT ( 'NONE',  ( 35.00000000000000000, 51.00000000000017764, -2.000000000000000000 ) ) ;
#3633 = DIRECTION ( 'NONE',  ( -1.000000000000000000, 0.000000000000000000, 0.000000000000000000 ) ) ;
#3634 = LINE ( 'NONE', #3723, #1818 ) ;
#3635 = SURFACE_STYLE_FILL_AREA ( #5560 ) ;
#3636 = CIRCLE ( 'NONE', #1000, 3.199999999999984190 ) ;
#3637 = EDGE_CURVE ( 'NONE', #991, #2210, #3931, .T. ) ;
#3638 = EDGE_CURVE ( 'NONE', #4050, #4817, #2397, .T. ) ;
#3639 = ORIENTED_EDGE ( 'NONE', *, *, #557, .T. ) ;
#3640 = AXIS2_PLACEMENT_3D ( 'NONE', #2467, #4794, #3312 ) ;
#3641 = ORIENTED_EDGE ( 'NONE', *, *, #2175, .F. ) ;
#3642 = DIRECTION ( 'NONE',  ( -1.000000000000000000, 0.000000000000000000, 0.000000000000000000 ) ) ;
#3643 = FACE_OUTER_BOUND ( 'NONE', #1738, .T. ) ;
#3644 = DIRECTION ( 'NONE',  ( 0.000000000000000000, 0.000000000000000000, -1.000000000000000000 ) ) ;
#3645 = AXIS2_PLACEMENT_3D ( 'NONE', #5679, #1498, #5227 ) ;
#3646 = EDGE_CURVE ( 'NONE', #3761, #1716, #765, .T. ) ;
#3647 = EDGE_LOOP ( 'NONE', ( #1126, #1732 ) ) ;
#3648 = ORIENTED_EDGE ( 'NONE', *, *, #3718, .T. ) ;
#3649 = LINE ( 'NONE', #3253, #4726 ) ;
#3650 = AXIS2_PLACEMENT_3D ( 'NONE', #3161, #4202, #871 ) ;
#3651 = LINE ( 'NONE', #1330, #2395 ) ;
#3652 = PRODUCT_CONTEXT ( 'NONE', #3941, 'mechanical' ) ;
#3653 = ADVANCED_FACE ( 'NONE', ( #4856 ), #3454, .T. ) ;
#3654 = AXIS2_PLACEMENT_3D ( 'NONE', #9, #5503, #1316 ) ;
#3655 = ORIENTED_EDGE ( 'NONE', *, *, #291, .T. ) ;
#3656 = ORIENTED_EDGE ( 'NONE', *, *, #5993, .F. ) ;
#3657 = DIRECTION ( 'NONE',  ( -0.000000000000000000, -0.000000000000000000, 1.000000000000000000 ) ) ;
#3658 = AXIS2_PLACEMENT_3D ( 'NONE', #4830, #5747, #5574 ) ;
#3659 = AXIS2_PLACEMENT_3D ( 'NONE', #2530, #4399, #219 ) ;
#3660 = DIRECTION ( 'NONE',  ( 0.000000000000000000, 0.000000000000000000, -1.000000000000000000 ) ) ;
#3661 = DIRECTION ( 'NONE',  ( 1.000000000000000000, 0.000000000000000000, 0.000000000000000000 ) ) ;
#3662 = VECTOR ( 'NONE', #1710, 1000.000000000000000 ) ;
#3663 = CARTESIAN_POINT ( 'NONE',  ( 35.00000000000000000, 0.000000000000000000, -2.000000000000000000 ) ) ;
#3664 = SURFACE_SIDE_STYLE ('',( #5987 ) ) ;
#3665 = CARTESIAN_POINT ( 'NONE',  ( 7.999999999995149658, 175.0000000000009379, -2.000000000000000000 ) ) ;
#3666 = VECTOR ( 'NONE', #2633, 1000.000000000000000 ) ;
#3667 = CYLINDRICAL_SURFACE ( 'NONE', #1325, 1.250000000000001110 ) ;
#3668 = AXIS2_PLACEMENT_3D ( 'NONE', #4745, #2421, #574 ) ;
#3669 = VERTEX_POINT ( 'NONE', #5402 ) ;
#3670 = CARTESIAN_POINT ( 'NONE',  ( -2.449293598294706414E-16, 2.000000000000000000, -1.000000000000000888 ) ) ;
#3671 = VERTEX_POINT ( 'NONE', #2590 ) ;
#3672 = CARTESIAN_POINT ( 'NONE',  ( 35.00000000000000000, 0.000000000000000000, -2.000000000000000000 ) ) ;
#3673 = CARTESIAN_POINT ( 'NONE',  ( 104.2500000000000000, 665.0000000000000000, 2.000000000000000000 ) ) ;
#3674 = LINE ( 'NONE', #2792, #4261 ) ;
#3675 = ADVANCED_FACE ( 'NONE', ( #1179 ), #4946, .F. ) ;
#3676 = VERTEX_POINT ( 'NONE', #1211 ) ;
#3677 = ADVANCED_FACE ( 'NONE', ( #734 ), #1623, .T. ) ;
#3678 = ORIENTED_EDGE ( 'NONE', *, *, #4123, .F. ) ;
#3679 = EDGE_LOOP ( 'NONE', ( #1676, #3655, #5426, #5913 ) ) ;
#3680 = LINE ( 'NONE', #15, #338 ) ;
#3681 = CARTESIAN_POINT ( 'NONE',  ( 2.000000000000000000, 0.000000000000000000, 0.000000000000000000 ) ) ;
#3682 = EDGE_CURVE ( 'NONE', #1843, #4897, #274, .T. ) ;
#3683 = DIRECTION ( 'NONE',  ( -0.000000000000000000, -0.000000000000000000, -1.000000000000000000 ) ) ;
#3684 = ITEM_DEFINED_TRANSFORMATION ( 'NONE', 'NONE', #5439,  #5721 ) ;
#3685 = ORIENTED_EDGE ( 'NONE', *, *, #2973, .F. ) ;
#3686 = ORIENTED_EDGE ( 'NONE', *, *, #1176, .T. ) ;
#3687 = EDGE_CURVE ( 'NONE', #690, #3107, #4636, .T. ) ;
#3688 = DIRECTION ( 'NONE',  ( 0.000000000000000000, 0.000000000000000000, 1.000000000000000000 ) ) ;
#3689 = FACE_BOUND ( 'NONE', #1782, .T. ) ;
#3690 = CARTESIAN_POINT ( 'NONE',  ( -0.7699999999999999067, 0.000000000000000000, 2.500000000000000000 ) ) ;
#3691 = CARTESIAN_POINT ( 'NONE',  ( 16.80000000000000071, 46.99999999999992895, 0.000000000000000000 ) ) ;
#3692 = DIRECTION ( 'NONE',  ( 0.000000000000000000, 0.000000000000000000, -1.000000000000000000 ) ) ;
#3693 = FACE_OUTER_BOUND ( 'NONE', #176, .T. ) ;
#3694 = FILL_AREA_STYLE ('',( #5990 ) ) ;
#3695 = FACE_OUTER_BOUND ( 'NONE', #1734, .T. ) ;
#3696 = UNCERTAINTY_MEASURE_WITH_UNIT (LENGTH_MEASURE( 1.000000000000000082E-05 ), #2517, 'distance_accuracy_value', 'NONE');
#3697 = AXIS2_PLACEMENT_3D ( 'NONE', #2650, #4516, #3053 ) ;
#3698 = ORIENTED_EDGE ( 'NONE', *, *, #3156, .T. ) ;
#3699 = EDGE_LOOP ( 'NONE', ( #5472, #295, #13, #3076 ) ) ;
#3700 = DIRECTION ( 'NONE',  ( -1.000000000000000000, 0.000000000000000000, 0.000000000000000000 ) ) ;
#3701 = CARTESIAN_POINT ( 'NONE',  ( -152.0000000000000000, 79.99999999999998579, -765.0000000000000000 ) ) ;
#3702 = CARTESIAN_POINT ( 'NONE',  ( 15.49999999999374367, 43.00000000000000000, 28.99999999999999645 ) ) ;
#3703 = ADVANCED_FACE ( 'NONE', ( #5310 ), #3425, .T. ) ;
#3704 = EDGE_CURVE ( 'NONE', #5454, #749, #5714, .T. ) ;
#3705 = VERTEX_POINT ( 'NONE', #185 ) ;
#3706 = VERTEX_POINT ( 'NONE', #2989 ) ;
#3707 = CARTESIAN_POINT ( 'NONE',  ( 47.79999999999837001, 95.00000000000031264, 0.000000000000000000 ) ) ;
#3708 = CARTESIAN_POINT ( 'NONE',  ( -150.0000000000000000, 118.9999999999999858, -764.0000000000000000 ) ) ;
#3709 = CARTESIAN_POINT ( 'NONE',  ( 8.000000000000214939, 55.00000000000010658, -2.000000000000000000 ) ) ;
#3710 = CARTESIAN_POINT ( 'NONE',  ( 94.19999999999834017, 95.00000000000031264, 0.000000000000000000 ) ) ;
#3711 = EDGE_CURVE ( 'NONE', #1095, #223, #3479, .T. ) ;
#3712 = ORIENTED_EDGE ( 'NONE', *, *, #5111, .F. ) ;
#3713 = ORIENTED_EDGE ( 'NONE', *, *, #2735, .F. ) ;
#3714 = ORIENTED_EDGE ( 'NONE', *, *, #3163, .T. ) ;
#3715 = DIRECTION ( 'NONE',  ( -0.000000000000000000, -0.000000000000000000, 1.000000000000000000 ) ) ;
#3716 = LINE ( 'NONE', #856, #155 ) ;
#3717 = AXIS2_PLACEMENT_3D ( 'NONE', #1118, #5343, #1151 ) ;
#3718 = EDGE_CURVE ( 'NONE', #1125, #964, #5923, .T. ) ;
#3719 = CARTESIAN_POINT ( 'NONE',  ( 33.00000000000000000, 545.0000000000012506, -2.000000000000000000 ) ) ;
#3720 = DIRECTION ( 'NONE',  ( -1.000000000000000000, 0.000000000000000000, 0.000000000000000000 ) ) ;
#3721 = VECTOR ( 'NONE', #1845, 1000.000000000000000 ) ;
#3722 = FACE_OUTER_BOUND ( 'NONE', #53, .T. ) ;
#3723 = CARTESIAN_POINT ( 'NONE',  ( 33.00000000000000000, 543.0000000000012506, 0.000000000000000000 ) ) ;
#3724 = CARTESIAN_POINT ( 'NONE',  ( -0.9999999999999911182, 0.000000000000000000, -765.0000000000000000 ) ) ;
#3725 = ORIENTED_EDGE ( 'NONE', *, *, #5888, .F. ) ;
#3726 = LINE ( 'NONE', #3371, #717 ) ;
#3727 = ORIENTED_EDGE ( 'NONE', *, *, #589, .T. ) ;
#3728 = DIRECTION ( 'NONE',  ( -1.000000000000000000, 0.000000000000000000, 0.000000000000000000 ) ) ;
#3729 = DIRECTION ( 'NONE',  ( 0.000000000000000000, 0.000000000000000000, -1.000000000000000000 ) ) ;
#3730 = CYLINDRICAL_SURFACE ( 'NONE', #3575, 2.000000000000001776 ) ;
#3731 = AXIS2_PLACEMENT_3D ( 'NONE', #3244, #5105, #2787 ) ;
#3732 = EDGE_LOOP ( 'NONE', ( #1168, #4385, #828, #1795 ) ) ;
#3733 = ORIENTED_EDGE ( 'NONE', *, *, #1629, .T. ) ;
#3734 = CARTESIAN_POINT ( 'NONE',  ( -150.0000000000000000, -1.861463134703976776E-14, -765.0000000000000000 ) ) ;
#3735 = CYLINDRICAL_SURFACE ( 'NONE', #5376, 1.000000000000000000 ) ;
#3736 = CARTESIAN_POINT ( 'NONE',  ( -1.000000000000000000, 0.000000000000000000, -1.000000000000000888 ) ) ;
#3737 = DIRECTION ( 'NONE',  ( -0.000000000000000000, -0.000000000000000000, -1.000000000000000000 ) ) ;
#3738 = AXIS2_PLACEMENT_3D ( 'NONE', #4576, #5041, #1773 ) ;
#3739 = ORIENTED_EDGE ( 'NONE', *, *, #584, .F. ) ;
#3740 = AXIS2_PLACEMENT_3D ( 'NONE', #107, #1966, #3883 ) ;
#3741 = ORIENTED_EDGE ( 'NONE', *, *, #5248, .T. ) ;
#3742 = DIRECTION ( 'NONE',  ( 0.000000000000000000, -0.000000000000000000, -1.000000000000000000 ) ) ;
#3743 = EDGE_CURVE ( 'NONE', #3514, #5123, #1530, .T. ) ;
#3744 = PRODUCT_DEFINITION_SHAPE ( 'NONE', 'NONE',  #6034 ) ;
#3745 = PRESENTATION_STYLE_ASSIGNMENT (( #3395 ) ) ;
#3746 = EDGE_CURVE ( 'NONE', #3944, #1380, #5065, .T. ) ;
#3747 = DIRECTION ( 'NONE',  ( -1.000000000000000000, 0.000000000000000000, 0.000000000000000000 ) ) ;
#3748 = AXIS2_PLACEMENT_3D ( 'NONE', #1945, #3805, #585 ) ;
#3749 = CARTESIAN_POINT ( 'NONE',  ( 104.2500000000000000, 635.0000000000000000, 2.000000000000000000 ) ) ;
#3750 = CIRCLE ( 'NONE', #1114, 2.000000000000000000 ) ;
#3751 = DIRECTION ( 'NONE',  ( -1.000000000000000000, 0.000000000000000000, 0.000000000000000000 ) ) ;
#3752 = LINE ( 'NONE', #3871, #4632 ) ;
#3753 =( NAMED_UNIT ( * ) SI_UNIT ( $, .STERADIAN. ) SOLID_ANGLE_UNIT ( ) );
#3754 = DIRECTION ( 'NONE',  ( 1.000000000000000000, 0.000000000000000000, 0.000000000000000000 ) ) ;
#3755 = EDGE_CURVE ( 'NONE', #3567, #594, #2593, .T. ) ;
#3756 = VECTOR ( 'NONE', #5807, 1000.000000000000000 ) ;
#3757 = CIRCLE ( 'NONE', #257, 3.499999999999999556 ) ;
#3758 = EDGE_LOOP ( 'NONE', ( #3026, #4656, #3495, #1156 ) ) ;
#3759 = VECTOR ( 'NONE', #1107, 1000.000000000000000 ) ;
#3760 = LINE ( 'NONE', #571, #3830 ) ;
#3761 = VERTEX_POINT ( 'NONE', #2714 ) ;
#3762 = DIRECTION ( 'NONE',  ( -1.000000000000000000, 8.462065736472249571E-17, 0.000000000000000000 ) ) ;
#3763 = CIRCLE ( 'NONE', #2291, 2.000000000000001776 ) ;
#3764 = LINE ( 'NONE', #5110, #5333 ) ;
#3765 = EDGE_CURVE ( 'NONE', #204, #417, #336, .T. ) ;
#3766 = AXIS2_PLACEMENT_3D ( 'NONE', #3249, #2727, #1786 ) ;
#3767 = CIRCLE ( 'NONE', #1431, 3.199999999999994404 ) ;
#3768 = ORIENTED_EDGE ( 'NONE', *, *, #737, .T. ) ;
#3769 = DIRECTION ( 'NONE',  ( 1.000000000000000000, 0.000000000000000000, 0.000000000000000000 ) ) ;
#3770 = ORIENTED_EDGE ( 'NONE', *, *, #4250, .T. ) ;
#3771 = CARTESIAN_POINT ( 'NONE',  ( 19.99999999999927880, 257.9999999999998863, -2.000000000000000000 ) ) ;
#3772 = COLOUR_RGB ( '',0.5294117647058823595, 0.5490196078431373028, 0.5490196078431373028 ) ;
#3773 = CARTESIAN_POINT ( 'NONE',  ( 7.999999999999921840, 667.9999999999998863, 0.000000000000000000 ) ) ;
#3774 = LINE ( 'NONE', #1828, #3447 ) ;
#3775 = LINE ( 'NONE', #3710, #5323 ) ;
#3776 = ORIENTED_EDGE ( 'NONE', *, *, #3344, .F. ) ;
#3777 = ORIENTED_EDGE ( 'NONE', *, *, #2557, .F. ) ;
#3778 = ORIENTED_EDGE ( 'NONE', *, *, #962, .T. ) ;
#3779 = LINE ( 'NONE', #5645, #5627 ) ;
#3780 = VERTEX_POINT ( 'NONE', #2644 ) ;
#3781 = LINE ( 'NONE', #939, #5920 ) ;
#3782 = LINE ( 'NONE', #3331, #5875 ) ;
#3783 = EDGE_CURVE ( 'NONE', #4497, #1421, #5890, .T. ) ;
#3784 = ADVANCED_FACE ( 'NONE', ( #4055 ), #1767, .F. ) ;
#3785 = DIRECTION ( 'NONE',  ( 1.000000000000000000, 0.000000000000000000, 0.000000000000000000 ) ) ;
#3786 = CARTESIAN_POINT ( 'NONE',  ( 23.19999999999926743, 257.9999999999998863, -2.000000000000000000 ) ) ;
#3787 = CARTESIAN_POINT ( 'NONE',  ( -2.000000000000005773, 29.00000000000192557, -546.9999999999997726 ) ) ;
#3788 = FACE_BOUND ( 'NONE', #4099, .T. ) ;
#3789 = EDGE_CURVE ( 'NONE', #496, #478, #2190, .T. ) ;
#3790 = ORIENTED_EDGE ( 'NONE', *, *, #5536, .F. ) ;
#3791 = DIRECTION ( 'NONE',  ( 1.000000000000000000, 0.000000000000000000, 0.000000000000000000 ) ) ;
#3792 = VERTEX_POINT ( 'NONE', #3168 ) ;
#3793 = CARTESIAN_POINT ( 'NONE',  ( 35.00000000000126477, 154.0000000000007958, 0.000000000000000000 ) ) ;
#3794 = CARTESIAN_POINT ( 'NONE',  ( 2.000000000000000000, 0.000000000000000000, -2.066999999999999726 ) ) ;
#3795 = EDGE_CURVE ( 'NONE', #5175, #877, #2298, .T. ) ;
#3796 = ORIENTED_EDGE ( 'NONE', *, *, #3600, .F. ) ;
#3797 = DIRECTION ( 'NONE',  ( 1.652117596168368774E-16, -1.000000000000000000, 0.000000000000000000 ) ) ;
#3798 = ORIENTED_EDGE ( 'NONE', *, *, #1587, .F. ) ;
#3799 = FACE_OUTER_BOUND ( 'NONE', #231, .T. ) ;
#3800 = LINE ( 'NONE', #4658, #207 ) ;
#3801 = CARTESIAN_POINT ( 'NONE',  ( 85.99999999999980105, 695.0000000000001137, 0.000000000000000000 ) ) ;
#3802 = VECTOR ( 'NONE', #587, 1000.000000000000000 ) ;
#3803 = ORIENTED_EDGE ( 'NONE', *, *, #5669, .T. ) ;
#3804 = ORIENTED_EDGE ( 'NONE', *, *, #3743, .F. ) ;
#3805 = DIRECTION ( 'NONE',  ( -0.000000000000000000, -0.000000000000000000, -1.000000000000000000 ) ) ;
#3806 = CARTESIAN_POINT ( 'NONE',  ( -0.5917592592592589851, 0.000000000000000000, 0.000000000000000000 ) ) ;
#3807 = LINE ( 'NONE', #5678, #519 ) ;
#3808 = FACE_OUTER_BOUND ( 'NONE', #4557, .T. ) ;
#3809 = LINE ( 'NONE', #1982, #3951 ) ;
#3810 = CARTESIAN_POINT ( 'NONE',  ( -149.9999999999999147, 119.9999999999999858, -45.00000000000034817 ) ) ;
#3811 = VECTOR ( 'NONE', #4751, 1000.000000000000000 ) ;
#3812 = FACE_BOUND ( 'NONE', #97, .T. ) ;
#3813 = ADVANCED_FACE ( 'NONE', ( #6015 ), #822, .F. ) ;
#3814 = CIRCLE ( 'NONE', #5284, 3.199999999999980638 ) ;
#3815 = CARTESIAN_POINT ( 'NONE',  ( -2.449293598294706414E-16, 2.000000000000000000, -764.0000000000000000 ) ) ;
#3816 = EDGE_LOOP ( 'NONE', ( #5019, #3982, #3060, #5939 ) ) ;
#3817 = CARTESIAN_POINT ( 'NONE',  ( 9.999999999999989342, 121.0000000000001137, -2.000000000000000000 ) ) ;
#3818 = CARTESIAN_POINT ( 'NONE',  ( 90.99999999999835154, 95.00000000000031264, 2.000000000000000000 ) ) ;
#3819 = AXIS2_PLACEMENT_3D ( 'NONE', #824, #4949, #3544 ) ;
#3820 = EDGE_CURVE ( 'NONE', #1833, #5175, #4545, .T. ) ;
#3821 = ADVANCED_FACE ( 'NONE', ( #3573 ), #3602, .F. ) ;
#3822 = EDGE_LOOP ( 'NONE', ( #4692, #2584, #1080, #1050 ) ) ;
#3823 = CARTESIAN_POINT ( 'NONE',  ( 100.9999999999999858, 605.0000000000001137, 2.000000000000000000 ) ) ;
#3824 = AXIS2_PLACEMENT_3D ( 'NONE', #1637, #1103, #2965 ) ;
#3825 = ORIENTED_EDGE ( 'NONE', *, *, #5775, .F. ) ;
#3826 = DIRECTION ( 'NONE',  ( 0.000000000000000000, 0.000000000000000000, -1.000000000000000000 ) ) ;
#3827 = CARTESIAN_POINT ( 'NONE',  ( 9.999999999995164757, 154.0000000000006821, -2.000000000000000000 ) ) ;
#3828 = CYLINDRICAL_SURFACE ( 'NONE', #2879, 1.000000000000000888 ) ;
#3829 = EDGE_CURVE ( 'NONE', #5384, #1544, #5091, .T. ) ;
#3830 = VECTOR ( 'NONE', #5237, 1000.000000000000000 ) ;
#3831 = UNCERTAINTY_MEASURE_WITH_UNIT (LENGTH_MEASURE( 1.000000000000000082E-05 ), #864, 'distance_accuracy_value', 'NONE');
#3832 = ORIENTED_EDGE ( 'NONE', *, *, #391, .T. ) ;
#3833 = ORIENTED_EDGE ( 'NONE', *, *, #769, .F. ) ;
#3834 = AXIS2_PLACEMENT_3D ( 'NONE', #4155, #5467, #4124 ) ;
#3835 = DIRECTION ( 'NONE',  ( 0.000000000000000000, 0.000000000000000000, 1.000000000000000000 ) ) ;
#3836 =( LENGTH_UNIT ( ) NAMED_UNIT ( * ) SI_UNIT ( .MILLI., .METRE. ) );
#3837 = VECTOR ( 'NONE', #5570, 1000.000000000000000 ) ;
#3838 =( LENGTH_UNIT ( ) NAMED_UNIT ( * ) SI_UNIT ( .MILLI., .METRE. ) );
#3839 = LINE ( 'NONE', #91, #3456 ) ;
#3840 = CARTESIAN_POINT ( 'NONE',  ( 61.19999999999997442, 368.5000000000000568, -1.163414459189982921E-15 ) ) ;
#3841 = CARTESIAN_POINT ( 'NONE',  ( -0.3849999999999999534, 0.000000000000000000, 0.000000000000000000 ) ) ;
#3842 = VECTOR ( 'NONE', #838, 1000.000000000000000 ) ;
#3843 = DIRECTION ( 'NONE',  ( -1.000000000000000000, -9.931017931319869930E-17, 1.655835545099679789E-15 ) ) ;
#3844 = FACE_BOUND ( 'NONE', #921, .T. ) ;
#3845 = ORIENTED_EDGE ( 'NONE', *, *, #5405, .F. ) ;
#3846 = CARTESIAN_POINT ( 'NONE',  ( 18.99999999999596056, 237.0000000000000000, 31.00000000000000000 ) ) ;
#3847 = ORIENTED_EDGE ( 'NONE', *, *, #1629, .F. ) ;
#3848 = FACE_OUTER_BOUND ( 'NONE', #865, .T. ) ;
#3849 = DIRECTION ( 'NONE',  ( 0.000000000000000000, 0.000000000000000000, -1.000000000000000000 ) ) ;
#3850 = AXIS2_PLACEMENT_3D ( 'NONE', #4177, #2394, #4270 ) ;
#3851 = VERTEX_POINT ( 'NONE', #4149 ) ;
#3852 = AXIS2_PLACEMENT_3D ( 'NONE', #3629, #5094, #3660 ) ;
#3853 = CYLINDRICAL_SURFACE ( 'NONE', #615, 1.250000000000001110 ) ;
#3854 = VECTOR ( 'NONE', #2134, 1000.000000000000000 ) ;
#3855 = EDGE_CURVE ( 'NONE', #4349, #2131, #6014, .T. ) ;
#3856 = ORIENTED_EDGE ( 'NONE', *, *, #1549, .F. ) ;
#3857 = EDGE_CURVE ( 'NONE', #715, #2667, #5981, .T. ) ;
#3858 = FACE_OUTER_BOUND ( 'NONE', #4357, .T. ) ;
#3859 = CARTESIAN_POINT ( 'NONE',  ( 2.000000000000000000, 0.000000000000000000, 0.000000000000000000 ) ) ;
#3860 = CARTESIAN_POINT ( 'NONE',  ( 54.19999999999837570, 95.00000000000031264, 2.000000000000000000 ) ) ;
#3861 = AXIS2_PLACEMENT_3D ( 'NONE', #2184, #2640, #5483 ) ;
#3862 = ORIENTED_EDGE ( 'NONE', *, *, #4097, .T. ) ;
#3863 = EDGE_LOOP ( 'NONE', ( #5971, #1727, #135, #2849 ) ) ;
#3864 = EDGE_CURVE ( 'NONE', #4571, #3040, #3231, .T. ) ;
#3865 = DIRECTION ( 'NONE',  ( 1.000000000000000000, 0.000000000000000000, -0.000000000000000000 ) ) ;
#3866 = CARTESIAN_POINT ( 'NONE',  ( 94.79999999999999716, 368.5000000000000568, 2.000000000000000000 ) ) ;
#3867 = DIRECTION ( 'NONE',  ( -1.000000000000000000, 0.000000000000000000, 0.000000000000000000 ) ) ;
#3868 = EDGE_CURVE ( 'NONE', #2171, #120, #5424, .T. ) ;
#3869 = CYLINDRICAL_SURFACE ( 'NONE', #1894, 2.000000000000001776 ) ;
#3870 = FILL_AREA_STYLE_COLOUR ( '', #4109 ) ;
#3871 = CARTESIAN_POINT ( 'NONE',  ( 33.00000000000000711, 121.0000000000001847, 0.000000000000000000 ) ) ;
#3872 = DIRECTION ( 'NONE',  ( 1.224646799147353700E-16, -1.000000000000000222, 9.860761315262647568E-32 ) ) ;
#3873 = CARTESIAN_POINT ( 'NONE',  ( 54.19999999999837570, 95.00000000000031264, 0.000000000000000000 ) ) ;
#3874 = FACE_OUTER_BOUND ( 'NONE', #2446, .T. ) ;
#3875 = ORIENTED_EDGE ( 'NONE', *, *, #3263, .F. ) ;
#3876 = ORIENTED_EDGE ( 'NONE', *, *, #4731, .F. ) ;
#3877 = DIRECTION ( 'NONE',  ( -1.000000000000000000, 0.000000000000000000, 0.000000000000000000 ) ) ;
#3878 = DIRECTION ( 'NONE',  ( -1.000000000000000000, 0.000000000000000000, 0.000000000000000000 ) ) ;
#3879 = DIRECTION ( 'NONE',  ( -0.000000000000000000, -0.000000000000000000, -1.000000000000000000 ) ) ;
#3880 = ORIENTED_EDGE ( 'NONE', *, *, #3746, .T. ) ;
#3881 = SURFACE_STYLE_FILL_AREA ( #2029 ) ;
#3882 = ORIENTED_EDGE ( 'NONE', *, *, #1416, .F. ) ;
#3883 = DIRECTION ( 'NONE',  ( -1.000000000000000000, 0.000000000000000000, 0.000000000000000000 ) ) ;
#3884 = LINE ( 'NONE', #4407, #4309 ) ;
#3885 = CARTESIAN_POINT ( 'NONE',  ( 9.999999999993892885, 522.0000000000010232, 0.000000000000000000 ) ) ;
#3886 = ADVANCED_FACE ( 'NONE', ( #2770 ), #4972, .F. ) ;
#3887 = UNCERTAINTY_MEASURE_WITH_UNIT (LENGTH_MEASURE( 1.000000000000000082E-05 ), #4986, 'distance_accuracy_value', 'NONE');
#3888 = ORIENTED_EDGE ( 'NONE', *, *, #3682, .T. ) ;
#3889 = ORIENTED_EDGE ( 'NONE', *, *, #4288, .T. ) ;
#3890 = VECTOR ( 'NONE', #1372, 1000.000000000000000 ) ;
#3891 = CARTESIAN_POINT ( 'NONE',  ( 16.79999999999784777, 679.9999999999998863, -2.000000000000000000 ) ) ;
#3892 = ORIENTED_EDGE ( 'NONE', *, *, #4088, .T. ) ;
#3893 = SURFACE_STYLE_USAGE ( .BOTH. , #3536 ) ;
#3894 = EDGE_CURVE ( 'NONE', #4219, #3002, #3779, .T. ) ;
#3895 = LINE ( 'NONE', #4852, #2856 ) ;
#3896 = ORIENTED_EDGE ( 'NONE', *, *, #476, .F. ) ;
#3897 = DIRECTION ( 'NONE',  ( 0.000000000000000000, 0.000000000000000000, -1.000000000000000000 ) ) ;
#3898 =( NAMED_UNIT ( * ) SI_UNIT ( $, .STERADIAN. ) SOLID_ANGLE_UNIT ( ) );
#3899 = DIRECTION ( 'NONE',  ( 1.000000000000000000, 0.000000000000000000, 0.000000000000000000 ) ) ;
#3900 = CONTEXT_DEPENDENT_SHAPE_REPRESENTATION ( #2894, #1408 ) ;
#3901 = FACE_BOUND ( 'NONE', #5436, .T. ) ;
#3902 = EDGE_CURVE ( 'NONE', #3792, #2563, #1226, .T. ) ;
#3903 = CARTESIAN_POINT ( 'NONE',  ( 33.00000000000000000, 520.0000000000010232, 0.000000000000000000 ) ) ;
#3904 = AXIS2_PLACEMENT_3D ( 'NONE', #2522, #5795, #2103 ) ;
#3905 = ORIENTED_EDGE ( 'NONE', *, *, #2895, .F. ) ;
#3906 = DIRECTION ( 'NONE',  ( -1.224646799147353207E-16, 1.000000000000000000, 0.000000000000000000 ) ) ;
#3907 = FACE_OUTER_BOUND ( 'NONE', #4562, .T. ) ;
#3908 = CARTESIAN_POINT ( 'NONE',  ( -72.00000000000001421, 1.999999999999988010, 0.000000000000000000 ) ) ;
#3909 = AXIS2_PLACEMENT_3D ( 'NONE', #2359, #1967, #2678 ) ;
#3910 = ORIENTED_EDGE ( 'NONE', *, *, #5207, .F. ) ;
#3911 = CARTESIAN_POINT ( 'NONE',  ( 33.00000000000000000, 2.000000000000000000, -2.000000000000000000 ) ) ;
#3912 = VERTEX_POINT ( 'NONE', #1462 ) ;
#3913 = LINE ( 'NONE', #5781, #634 ) ;
#3914 = DIRECTION ( 'NONE',  ( 4.646318381016570075E-32, -1.000000000000000000, -1.035655806553321890E-17 ) ) ;
#3915 = AXIS2_PLACEMENT_3D ( 'NONE', #3527, #3616, #779 ) ;
#3916 = CARTESIAN_POINT ( 'NONE',  ( 9.999999999995164757, 154.0000000000006821, 0.000000000000000000 ) ) ;
#3917 = VECTOR ( 'NONE', #1115, 1000.000000000000000 ) ;
#3918 = EDGE_LOOP ( 'NONE', ( #635, #2068, #368, #4555 ) ) ;
#3919 = ORIENTED_EDGE ( 'NONE', *, *, #1273, .F. ) ;
#3920 = LINE ( 'NONE', #5367, #50 ) ;
#3921 = ORIENTED_EDGE ( 'NONE', *, *, #3494, .T. ) ;
#3922 = MECHANICAL_DESIGN_GEOMETRIC_PRESENTATION_REPRESENTATION (  '', ( #1188 ), #4605 ) ;
#3923 =( LENGTH_UNIT ( ) NAMED_UNIT ( * ) SI_UNIT ( .MILLI., .METRE. ) );
#3924 = CARTESIAN_POINT ( 'NONE',  ( 100.9999999999999858, 85.00000000000000000, 0.000000000000000000 ) ) ;
#3925 = AXIS2_PLACEMENT_3D ( 'NONE', #2023, #2621, #2995 ) ;
#3926 = ORIENTED_EDGE ( 'NONE', *, *, #1883, .T. ) ;
#3927 = CYLINDRICAL_SURFACE ( 'NONE', #5791, 2.000000000000001776 ) ;
#3928 = CARTESIAN_POINT ( 'NONE',  ( -1.942890293094023946E-13, 19.00000000000000000, 30.99999999999999289 ) ) ;
#3929 = EDGE_CURVE ( 'NONE', #3144, #2137, #347, .T. ) ;
#3930 = EDGE_CURVE ( 'NONE', #1116, #4084, #2191, .T. ) ;
#3931 = LINE ( 'NONE', #5834, #1627 ) ;
#3932 = ITEM_DEFINED_TRANSFORMATION ( 'NONE', 'NONE', #4550,  #5721 ) ;
#3933 = CARTESIAN_POINT ( 'NONE',  ( 41.99999999999990763, 652.7320508075689531, 31.00100000000000833 ) ) ;
#3934 = AXIS2_PLACEMENT_3D ( 'NONE', #2744, #4606, #1532 ) ;
#3935 = CARTESIAN_POINT ( 'NONE',  ( -0.7699999999999999067, 0.000000000000000000, 0.000000000000000000 ) ) ;
#3936 = ORIENTED_EDGE ( 'NONE', *, *, #6009, .T. ) ;
#3937 = ORIENTED_EDGE ( 'NONE', *, *, #131, .F. ) ;
#3938 = EDGE_CURVE ( 'NONE', #380, #3392, #2830, .T. ) ;
#3939 = LINE ( 'NONE', #2114, #1023 ) ;
#3940 = CARTESIAN_POINT ( 'NONE',  ( 33.00000000000000000, 670.0000000000000000, -2.000000000000000000 ) ) ;
#3941 = APPLICATION_CONTEXT ( 'automotive_design' ) ;
#3942 = VERTEX_POINT ( 'NONE', #4760 ) ;
#3943 = LINE ( 'NONE', #750, #3147 ) ;
#3944 = VERTEX_POINT ( 'NONE', #4666 ) ;
#3945 = EDGE_CURVE ( 'NONE', #1932, #2622, #5334, .T. ) ;
#3946 = AXIS2_PLACEMENT_3D ( 'NONE', #4464, #4863, #4488 ) ;
#3947 = FACE_OUTER_BOUND ( 'NONE', #5249, .T. ) ;
#3948 = AXIS2_PLACEMENT_3D ( 'NONE', #861, #4980, #5957 ) ;
#3949 = DIRECTION ( 'NONE',  ( -1.000000000000000000, 0.000000000000000000, -0.000000000000000000 ) ) ;
#3950 = VECTOR ( 'NONE', #5212, 1000.000000000000000 ) ;
#3951 = VECTOR ( 'NONE', #4247, 1000.000000000000000 ) ;
#3952 = ORIENTED_EDGE ( 'NONE', *, *, #3033, .F. ) ;
#3953 = ORIENTED_EDGE ( 'NONE', *, *, #5225, .F. ) ;
#3954 = DIRECTION ( 'NONE',  ( -1.000000000000000000, 0.000000000000000000, 0.000000000000000000 ) ) ;
#3955 = VECTOR ( 'NONE', #1346, 1000.000000000000000 ) ;
#3956 =( NAMED_UNIT ( * ) SI_UNIT ( $, .STERADIAN. ) SOLID_ANGLE_UNIT ( ) );
#3957 = STYLED_ITEM ( 'NONE', ( #345 ), #467 ) ;
#3958 = CARTESIAN_POINT ( 'NONE',  ( -0.3849999999999999534, 0.000000000000000000, 3.153542764081299410 ) ) ;
#3959 = EDGE_LOOP ( 'NONE', ( #5363, #2529, #1144, #1696 ) ) ;
#3960 = CYLINDRICAL_SURFACE ( 'NONE', #2374, 1.249999999999987121 ) ;
#3961 = CARTESIAN_POINT ( 'NONE',  ( 100.9999999999999858, 85.00000000000000000, 0.000000000000000000 ) ) ;
#3962 = CARTESIAN_POINT ( 'NONE',  ( 33.00000000000000000, 522.0000000000010232, 0.000000000000000000 ) ) ;
#3963 = ITEM_DEFINED_TRANSFORMATION ( 'NONE', 'NONE', #2798,  #5721 ) ;
#3964 = DIRECTION ( 'NONE',  ( -0.000000000000000000, -0.000000000000000000, -1.000000000000000000 ) ) ;
#3965 = STYLED_ITEM ( 'NONE', ( #638 ), #5209 ) ;
#3966 = PRODUCT_RELATED_PRODUCT_CATEGORY ( 'part', '', ( #1017 ) ) ;
#3967 = EDGE_CURVE ( 'NONE', #5670, #3613, #5251, .T. ) ;
#3968 = DIRECTION ( 'NONE',  ( 1.000000000000000000, 0.000000000000000000, 0.000000000000000000 ) ) ;
#3969 = VERTEX_POINT ( 'NONE', #1974 ) ;
#3970 = ORIENTED_EDGE ( 'NONE', *, *, #2433, .F. ) ;
#3971 = LINE ( 'NONE', #1158, #348 ) ;
#3972 =( NAMED_UNIT ( * ) SI_UNIT ( $, .STERADIAN. ) SOLID_ANGLE_UNIT ( ) );
#3973 = CARTESIAN_POINT ( 'NONE',  ( 33.00000000000000000, 720.0000000000000000, -2.000000000000000000 ) ) ;
#3974 = EDGE_CURVE ( 'NONE', #2944, #4338, #2403, .T. ) ;
#3975 = ORIENTED_EDGE ( 'NONE', *, *, #1883, .F. ) ;
#3976 = FACE_OUTER_BOUND ( 'NONE', #4803, .T. ) ;
#3977 = VERTEX_POINT ( 'NONE', #3394 ) ;
#3978 = CARTESIAN_POINT ( 'NONE',  ( 15.00000000000004086, 318.0000000000002274, 0.000000000000000000 ) ) ;
#3979 = CARTESIAN_POINT ( 'NONE',  ( 35.00000000000000000, 520.0000000000007958, -2.000000000000000000 ) ) ;
#3980 = DIRECTION ( 'NONE',  ( -0.000000000000000000, -0.000000000000000000, -1.000000000000000000 ) ) ;
#3981 = EDGE_CURVE ( 'NONE', #369, #5291, #2697, .T. ) ;
#3982 = ORIENTED_EDGE ( 'NONE', *, *, #3600, .T. ) ;
#3983 = ORIENTED_EDGE ( 'NONE', *, *, #980, .F. ) ;
#3984 = CARTESIAN_POINT ( 'NONE',  ( -150.0000000000000000, 79.99999999999998579, -765.0000000000000000 ) ) ;
#3985 = DIRECTION ( 'NONE',  ( -0.000000000000000000, 1.000000000000000000, -0.000000000000000000 ) ) ;
#3986 = VERTEX_POINT ( 'NONE', #3328 ) ;
#3987 = FILL_AREA_STYLE ('',( #2130 ) ) ;
#3988 = ORIENTED_EDGE ( 'NONE', *, *, #3043, .T. ) ;
#3989 = ORIENTED_EDGE ( 'NONE', *, *, #2741, .T. ) ;
#3990 = FACE_OUTER_BOUND ( 'NONE', #1918, .T. ) ;
#3991 = VERTEX_POINT ( 'NONE', #1028 ) ;
#3992 = CARTESIAN_POINT ( 'NONE',  ( 104.2500000000000000, 35.00000000000002842, 3.827021247335479296E-16 ) ) ;
#3993 = DIRECTION ( 'NONE',  ( -8.462065736472249571E-17, -1.000000000000000000, 0.000000000000000000 ) ) ;
#3994 =( GEOMETRIC_REPRESENTATION_CONTEXT ( 3 ) GLOBAL_UNCERTAINTY_ASSIGNED_CONTEXT ( ( #3025 ) ) GLOBAL_UNIT_ASSIGNED_CONTEXT ( ( #4013, #4536, #2128 ) ) REPRESENTATION_CONTEXT ( 'NONE', 'WORKASPACE' ) );
#3995 = FACE_OUTER_BOUND ( 'NONE', #409, .T. ) ;
#3996 = ORIENTED_EDGE ( 'NONE', *, *, #1955, .F. ) ;
#3997 = VERTEX_POINT ( 'NONE', #114 ) ;
#3998 = LINE ( 'NONE', #2081, #1709 ) ;
#3999 = DIRECTION ( 'NONE',  ( 0.000000000000000000, 0.000000000000000000, -1.000000000000000000 ) ) ;
#4000 = UNCERTAINTY_MEASURE_WITH_UNIT (LENGTH_MEASURE( 1.000000000000000082E-05 ), #310, 'distance_accuracy_value', 'NONE');
#4001 = ORIENTED_EDGE ( 'NONE', *, *, #2794, .T. ) ;
#4002 = DIRECTION ( 'NONE',  ( 1.000000000000000000, 0.000000000000000000, 0.000000000000000000 ) ) ;
#4003 = EDGE_LOOP ( 'NONE', ( #2997, #1141, #74, #1263 ) ) ;
#4004 = LINE ( 'NONE', #1693, #4142 ) ;
#4005 = DIRECTION ( 'NONE',  ( 1.000000000000000000, 0.000000000000000000, 0.000000000000000000 ) ) ;
#4006 = CARTESIAN_POINT ( 'NONE',  ( 102.2499999999999858, 85.00000000000000000, 0.000000000000000000 ) ) ;
#4007 = EDGE_CURVE ( 'NONE', #3280, #4725, #1056, .T. ) ;
#4008 = EDGE_CURVE ( 'NONE', #120, #2171, #5315, .T. ) ;
#4009 = CIRCLE ( 'NONE', #605, 78.00000000000000000 ) ;
#4010 = ORIENTED_EDGE ( 'NONE', *, *, #4358, .F. ) ;
#4011 = VERTEX_POINT ( 'NONE', #4728 ) ;
#4012 = ORIENTED_EDGE ( 'NONE', *, *, #708, .T. ) ;
#4013 =( LENGTH_UNIT ( ) NAMED_UNIT ( * ) SI_UNIT ( .MILLI., .METRE. ) );
#4014 = ADVANCED_FACE ( 'NONE', ( #938 ), #1921, .T. ) ;
#4015 = DIRECTION ( 'NONE',  ( -0.000000000000000000, -0.000000000000000000, -1.000000000000000000 ) ) ;
#4016 = ORIENTED_EDGE ( 'NONE', *, *, #4380, .T. ) ;
#4017 = AXIS2_PLACEMENT_3D ( 'NONE', #1744, #3605, #3207 ) ;
#4018 = VERTEX_POINT ( 'NONE', #2335 ) ;
#4019 = ORIENTED_EDGE ( 'NONE', *, *, #1169, .F. ) ;
#4020 = AXIS2_PLACEMENT_3D ( 'NONE', #4956, #3467, #5383 ) ;
#4021 = DIRECTION ( 'NONE',  ( 1.000000000000000000, 0.000000000000000000, 0.000000000000000000 ) ) ;
#4022 = CARTESIAN_POINT ( 'NONE',  ( 100.9999999999999858, 85.00000000000000000, -1.040949779275235965E-16 ) ) ;
#4023 = FACE_OUTER_BOUND ( 'NONE', #5151, .T. ) ;
#4024 = DIRECTION ( 'NONE',  ( -1.000000000000000000, 0.000000000000000000, 0.000000000000000000 ) ) ;
#4025 = CARTESIAN_POINT ( 'NONE',  ( 41.99999999999990763, 1.000000000000000000, 2.000000000000000000 ) ) ;
#4026 = ORIENTED_EDGE ( 'NONE', *, *, #517, .T. ) ;
#4027 = ORIENTED_EDGE ( 'NONE', *, *, #3204, .F. ) ;
#4028 = DIRECTION ( 'NONE',  ( -0.000000000000000000, -0.000000000000000000, -1.000000000000000000 ) ) ;
#4029 = CIRCLE ( 'NONE', #2765, 1.250000000000001110 ) ;
#4030 = LINE ( 'NONE', #5899, #738 ) ;
#4031 = VECTOR ( 'NONE', #2493, 1000.000000000000000 ) ;
#4032 = VERTEX_POINT ( 'NONE', #1525 ) ;
#4033 = FACE_BOUND ( 'NONE', #360, .T. ) ;
#4034 = VERTEX_POINT ( 'NONE', #4783 ) ;
#4035 = FILL_AREA_STYLE ('',( #1639 ) ) ;
#4036 = DIRECTION ( 'NONE',  ( -0.000000000000000000, -0.000000000000000000, 1.000000000000000000 ) ) ;
#4037 = LINE ( 'NONE', #1260, #4843 ) ;
#4038 = EDGE_LOOP ( 'NONE', ( #331, #5602, #1513, #5272 ) ) ;
#4039 = AXIS2_PLACEMENT_3D ( 'NONE', #892, #923, #5537 ) ;
#4040 = EDGE_CURVE ( 'NONE', #955, #4234, #3270, .T. ) ;
#4041 = EDGE_CURVE ( 'NONE', #1943, #2024, #2804, .T. ) ;
#4042 = ORIENTED_EDGE ( 'NONE', *, *, #4288, .F. ) ;
#4043 = CIRCLE ( 'NONE', #2681, 1.000000000000000888 ) ;
#4044 = ORIENTED_EDGE ( 'NONE', *, *, #1771, .T. ) ;
#4045 = CARTESIAN_POINT ( 'NONE',  ( -0.7699999999999999067, 3.906623289280057202E-16, 3.189999999999999947 ) ) ;
#4046 = CARTESIAN_POINT ( 'NONE',  ( 35.00000000000000000, 177.0000000000008811, 0.000000000000000000 ) ) ;
#4047 = VECTOR ( 'NONE', #5058, 1000.000000000000000 ) ;
#4048 = AXIS2_PLACEMENT_3D ( 'NONE', #4996, #4015, #5029 ) ;
#4049 = ADVANCED_FACE ( 'NONE', ( #4275 ), #86, .T. ) ;
#4050 = VERTEX_POINT ( 'NONE', #5826 ) ;
#4051 = VERTEX_POINT ( 'NONE', #3477 ) ;
#4052 = AXIS2_PLACEMENT_3D ( 'NONE', #1120, #4948, #5440 ) ;
#4053 = VECTOR ( 'NONE', #3657, 1000.000000000000000 ) ;
#4054 = DIRECTION ( 'NONE',  ( -0.000000000000000000, -0.000000000000000000, 1.000000000000000000 ) ) ;
#4055 = FACE_OUTER_BOUND ( 'NONE', #5392, .T. ) ;
#4056 = CARTESIAN_POINT ( 'NONE',  ( 22.49999999999374367, 43.00000000000000000, 31.00000000000000000 ) ) ;
#4057 = CIRCLE ( 'NONE', #3766, 2.000000000000000000 ) ;
#4058 = VECTOR ( 'NONE', #115, 1000.000000000000000 ) ;
#4059 = EDGE_CURVE ( 'NONE', #3252, #1421, #4043, .T. ) ;
#4060 = DIRECTION ( 'NONE',  ( 0.000000000000000000, 0.000000000000000000, 1.000000000000000000 ) ) ;
#4061 = APPLICATION_CONTEXT ( 'automotive_design' ) ;
#4062 = DIRECTION ( 'NONE',  ( -0.000000000000000000, -0.000000000000000000, -1.000000000000000000 ) ) ;
#4063 = ORIENTED_EDGE ( 'NONE', *, *, #1354, .F. ) ;
#4064 = ORIENTED_EDGE ( 'NONE', *, *, #3857, .F. ) ;
#4065 = CARTESIAN_POINT ( 'NONE',  ( 94.19999999999834017, 95.00000000000031264, 2.000000000000000000 ) ) ;
#4066 = FILL_AREA_STYLE_COLOUR ( '', #851 ) ;
#4067 = FACE_OUTER_BOUND ( 'NONE', #2211, .T. ) ;
#4068 = CARTESIAN_POINT ( 'NONE',  ( 83.99999999999978684, 671.0000000000000000, 25.00100000000000833 ) ) ;
#4069 =( GEOMETRIC_REPRESENTATION_CONTEXT ( 3 ) GLOBAL_UNCERTAINTY_ASSIGNED_CONTEXT ( ( #5594 ) ) GLOBAL_UNIT_ASSIGNED_CONTEXT ( ( #3923, #1613, #3956 ) ) REPRESENTATION_CONTEXT ( 'NONE', 'WORKASPACE' ) );
#4070 = UNCERTAINTY_MEASURE_WITH_UNIT (LENGTH_MEASURE( 1.000000000000000082E-05 ), #4110, 'distance_accuracy_value', 'NONE');
#4071 = VERTEX_POINT ( 'NONE', #637 ) ;
#4072 = DIRECTION ( 'NONE',  ( -3.083952846180988111E-15, 1.000000000000000000, 0.000000000000000000 ) ) ;
#4073 = ORIENTED_EDGE ( 'NONE', *, *, #4608, .F. ) ;
#4074 = DIRECTION ( 'NONE',  ( -0.000000000000000000, -0.000000000000000000, 1.000000000000000000 ) ) ;
#4075 = DIRECTION ( 'NONE',  ( -0.000000000000000000, -0.000000000000000000, -1.000000000000000000 ) ) ;
#4076 = CARTESIAN_POINT ( 'NONE',  ( -152.0000000000000000, 119.9999999999999858, -764.0000000000000000 ) ) ;
#4077 = ORIENTED_EDGE ( 'NONE', *, *, #887, .F. ) ;
#4078 = VERTEX_POINT ( 'NONE', #4359 ) ;
#4079 = ORIENTED_EDGE ( 'NONE', *, *, #3309, .T. ) ;
#4080 = DIRECTION ( 'NONE',  ( -1.000000000000000000, 0.000000000000000000, 0.000000000000000000 ) ) ;
#4081 = FACE_OUTER_BOUND ( 'NONE', #3406, .T. ) ;
#4082 = FILL_AREA_STYLE ('',( #3596 ) ) ;
#4083 = ADVANCED_FACE ( 'NONE', ( #699 ), #2979, .F. ) ;
#4084 = VERTEX_POINT ( 'NONE', #607 ) ;
#4085 = VERTEX_POINT ( 'NONE', #2095 ) ;
#4086 = CARTESIAN_POINT ( 'NONE',  ( 0.9999999999998057110, 19.00000000000000000, 31.00000000000000711 ) ) ;
#4087 = DIRECTION ( 'NONE',  ( -0.000000000000000000, -0.000000000000000000, -1.000000000000000000 ) ) ;
#4088 = EDGE_CURVE ( 'NONE', #4817, #955, #3446, .T. ) ;
#4089 = DIRECTION ( 'NONE',  ( -0.000000000000000000, -0.000000000000000000, 1.000000000000000000 ) ) ;
#4090 = EDGE_CURVE ( 'NONE', #4782, #3594, #4531, .T. ) ;
#4091 = PLANE ( 'NONE',  #5190 ) ;
#4092 = DIRECTION ( 'NONE',  ( 1.000000000000000000, 0.000000000000000000, 0.000000000000000000 ) ) ;
#4093 = CARTESIAN_POINT ( 'NONE',  ( 40.99999999999990763, 650.0000000000000000, 4.000000000000000000 ) ) ;
#4094 = AXIS2_PLACEMENT_3D ( 'NONE', #3177, #5042, #4187 ) ;
#4095 = DIRECTION ( 'NONE',  ( -0.000000000000000000, -0.000000000000000000, 1.000000000000000000 ) ) ;
#4096 = CARTESIAN_POINT ( 'NONE',  ( 41.99999999999990763, 669.0000000000000000, 0.000000000000000000 ) ) ;
#4097 = EDGE_CURVE ( 'NONE', #5644, #2504, #3290, .T. ) ;
#4098 = CIRCLE ( 'NONE', #4483, 2.000000000000000000 ) ;
#4099 = EDGE_LOOP ( 'NONE', ( #1233, #4485 ) ) ;
#4100 = DIRECTION ( 'NONE',  ( 1.000000000000000000, 0.000000000000000000, 0.000000000000000000 ) ) ;
#4101 = VERTEX_POINT ( 'NONE', #4386 ) ;
#4102 = DIRECTION ( 'NONE',  ( 1.000000000000000000, 0.000000000000000000, 0.000000000000000000 ) ) ;
#4103 = DIRECTION ( 'NONE',  ( 1.000000000000000000, 0.000000000000000000, 0.000000000000000000 ) ) ;
#4104 = DIRECTION ( 'NONE',  ( 1.000000000000000000, 0.000000000000000000, 0.000000000000000000 ) ) ;
#4105 = ORIENTED_EDGE ( 'NONE', *, *, #3130, .T. ) ;
#4106 = VERTEX_POINT ( 'NONE', #1612 ) ;
#4107 = ORIENTED_EDGE ( 'NONE', *, *, #4945, .F. ) ;
#4108 = DIRECTION ( 'NONE',  ( 0.000000000000000000, 1.000000000000000000, 0.000000000000000000 ) ) ;
#4109 = COLOUR_RGB ( '',0.5294117647058823595, 0.5490196078431373028, 0.5490196078431373028 ) ;
#4110 =( LENGTH_UNIT ( ) NAMED_UNIT ( * ) SI_UNIT ( .MILLI., .METRE. ) );
#4111 = CARTESIAN_POINT ( 'NONE',  ( 16.79999999999929017, 257.9999999999998863, -2.000000000000000000 ) ) ;
#4112 = CONTEXT_DEPENDENT_SHAPE_REPRESENTATION ( #400, #96 ) ;
#4113 = VECTOR ( 'NONE', #354, 1000.000000000000000 ) ;
#4114 = ORIENTED_EDGE ( 'NONE', *, *, #946, .F. ) ;
#4115 = ORIENTED_EDGE ( 'NONE', *, *, #3539, .T. ) ;
#4116 = DIRECTION ( 'NONE',  ( -9.760171490198437539E-17, -0.000000000000000000, 1.000000000000000000 ) ) ;
#4117 = AXIS2_PLACEMENT_3D ( 'NONE', #4679, #500, #3218 ) ;
#4118 = CARTESIAN_POINT ( 'NONE',  ( 40.99999999999990763, 15.26794919243111970, 31.00000000000000711 ) ) ;
#4119 = CARTESIAN_POINT ( 'NONE',  ( 0.000000000000000000, 0.000000000000000000, -764.0000000000000000 ) ) ;
#4120 = PRODUCT_DEFINITION_CONTEXT ( 'detailed design', #5628, 'design' ) ;
#4121 = AXIS2_PLACEMENT_3D ( 'NONE', #2629, #285, #3095 ) ;
#4122 = ADVANCED_FACE ( 'NONE', ( #5304 ), #5339, .F. ) ;
#4123 = EDGE_CURVE ( 'NONE', #5700, #2728, #2968, .T. ) ;
#4124 = DIRECTION ( 'NONE',  ( -1.000000000000000000, 0.000000000000000000, 0.000000000000000000 ) ) ;
#4125 = FILL_AREA_STYLE ('',( #1864 ) ) ;
#4126 = LINE ( 'NONE', #5469, #2686 ) ;
#4127 = FACE_OUTER_BOUND ( 'NONE', #2066, .T. ) ;
#4128 = STYLED_ITEM ( 'NONE', ( #5962 ), #1628 ) ;
#4129 = EDGE_CURVE ( 'NONE', #515, #4316, #3920, .T. ) ;
#4130 = ORIENTED_EDGE ( 'NONE', *, *, #2922, .F. ) ;
#4131 = DIRECTION ( 'NONE',  ( 9.376883653928686131E-17, -0.000000000000000000, -1.000000000000000000 ) ) ;
#4132 = CIRCLE ( 'NONE', #3258, 3.199999999999994404 ) ;
#4133 = EDGE_LOOP ( 'NONE', ( #1175, #5449, #3537, #2229 ) ) ;
#4134 = DIRECTION ( 'NONE',  ( -1.000000000000000000, 0.000000000000000000, 0.000000000000000000 ) ) ;
#4135 = LINE ( 'NONE', #4618, #312 ) ;
#4136 = DIRECTION ( 'NONE',  ( 0.000000000000000000, 0.000000000000000000, -1.000000000000000000 ) ) ;
#4137 = EDGE_CURVE ( 'NONE', #223, #2137, #5788, .T. ) ;
#4138 = EDGE_LOOP ( 'NONE', ( #5197, #633, #5698, #4750 ) ) ;
#4139 = ORIENTED_EDGE ( 'NONE', *, *, #4682, .T. ) ;
#4140 = PRODUCT ( 'E.Flex_01_AbdeckblechEck1_SWBG_V1.2', 'E.Flex_01_AbdeckblechEck1_SWBG_V1.2', '', ( #3652 ) ) ;
#4141 = DIRECTION ( 'NONE',  ( 0.000000000000000000, 0.000000000000000000, -1.000000000000000000 ) ) ;
#4142 = VECTOR ( 'NONE', #3555, 1000.000000000000000 ) ;
#4143 = DIRECTION ( 'NONE',  ( -0.000000000000000000, -0.000000000000000000, -1.000000000000000000 ) ) ;
#4144 = LINE ( 'NONE', #6006, #2284 ) ;
#4145 =( REPRESENTATION_RELATIONSHIP ('NONE','NONE', #1948, #4877 ) REPRESENTATION_RELATIONSHIP_WITH_TRANSFORMATION ( #3684 )SHAPE_REPRESENTATION_RELATIONSHIP( ) );
#4146 = CIRCLE ( 'NONE', #2385, 1.250000000000001110 ) ;
#4147 = ORIENTED_EDGE ( 'NONE', *, *, #954, .T. ) ;
#4148 = ORIENTED_EDGE ( 'NONE', *, *, #5801, .F. ) ;
#4149 = CARTESIAN_POINT ( 'NONE',  ( 23.19999999999853912, 468.9999999999999432, -2.000000000000000000 ) ) ;
#4150 = CIRCLE ( 'NONE', #3946, 2.000000000000001776 ) ;
#4151 = AXIS2_PLACEMENT_3D ( 'NONE', #5288, #5687, #2906 ) ;
#4152 = CARTESIAN_POINT ( 'NONE',  ( 0.000000000000000000, 720.0000000000000000, 0.000000000000000000 ) ) ;
#4153 = DIRECTION ( 'NONE',  ( -1.000000000000000000, -1.224646799147353207E-16, 0.000000000000000000 ) ) ;
#4154 = CIRCLE ( 'NONE', #5235, 2.000000000000001776 ) ;
#4155 = CARTESIAN_POINT ( 'NONE',  ( 33.00000000000000000, 123.0000000000001990, -2.000000000000000000 ) ) ;
#4156 = LINE ( 'NONE', #5098, #1362 ) ;
#4157 = DIRECTION ( 'NONE',  ( -0.000000000000000000, 1.000000000000000000, -0.000000000000000000 ) ) ;
#4158 = CIRCLE ( 'NONE', #5236, 2.500000000000000000 ) ;
#4159 = CARTESIAN_POINT ( 'NONE',  ( -150.0000000000000000, 118.9999999999999858, -1.000000000000000888 ) ) ;
#4160 = AXIS2_PLACEMENT_3D ( 'NONE', #2771, #5066, #4633 ) ;
#4161 = VECTOR ( 'NONE', #791, 1000.000000000000000 ) ;
#4162 = EDGE_CURVE ( 'NONE', #4181, #1256, #4878, .T. ) ;
#4163 = EDGE_CURVE ( 'NONE', #2819, #2073, #3767, .T. ) ;
#4164 = STYLED_ITEM ( 'NONE', ( #4189 ), #4178 ) ;
#4165 = ORIENTED_EDGE ( 'NONE', *, *, #4534, .F. ) ;
#4166 = FACE_OUTER_BOUND ( 'NONE', #5, .T. ) ;
#4167 = EDGE_LOOP ( 'NONE', ( #5415, #485, #797, #4795 ) ) ;
#4168 = CYLINDRICAL_SURFACE ( 'NONE', #4821, 3.199999999999994404 ) ;
#4169 = DIRECTION ( 'NONE',  ( 0.000000000000000000, -0.000000000000000000, -1.000000000000000000 ) ) ;
#4170 = DIRECTION ( 'NONE',  ( 0.000000000000000000, -0.000000000000000000, 1.000000000000000000 ) ) ;
#4171 = AXIS2_PLACEMENT_3D ( 'NONE', #5232, #1501, #5259 ) ;
#4172 = EDGE_CURVE ( 'NONE', #5124, #2688, #1614, .T. ) ;
#4173 = ORIENTED_EDGE ( 'NONE', *, *, #1920, .T. ) ;
#4174 = VERTEX_POINT ( 'NONE', #725 ) ;
#4175 = DIRECTION ( 'NONE',  ( -3.589083053745117718E-15, 0.000000000000000000, 1.000000000000000000 ) ) ;
#4176 = FACE_OUTER_BOUND ( 'NONE', #5217, .T. ) ;
#4177 = CARTESIAN_POINT ( 'NONE',  ( 104.2500000000000000, 665.0000000000000000, 3.827021247335479296E-16 ) ) ;
#4178 = ADVANCED_BREP_SHAPE_REPRESENTATION ( '', ( #5214, #5721 ), #2594 ) ;
#4179 = EDGE_CURVE ( 'NONE', #120, #343, #4450, .T. ) ;
#4180 = ORIENTED_EDGE ( 'NONE', *, *, #5405, .T. ) ;
#4181 = VERTEX_POINT ( 'NONE', #268 ) ;
#4182 = ORIENTED_EDGE ( 'NONE', *, *, #5842, .F. ) ;
#4183 = DIRECTION ( 'NONE',  ( 0.000000000000000000, 0.000000000000000000, -1.000000000000000000 ) ) ;
#4184 = PLANE ( 'NONE',  #2695 ) ;
#4185 =( LENGTH_UNIT ( ) NAMED_UNIT ( * ) SI_UNIT ( .MILLI., .METRE. ) );
#4186 = DIRECTION ( 'NONE',  ( 0.000000000000000000, 0.000000000000000000, 1.000000000000000000 ) ) ;
#4187 = DIRECTION ( 'NONE',  ( 1.000000000000000000, 0.000000000000000000, 0.000000000000000000 ) ) ;
#4188 = CARTESIAN_POINT ( 'NONE',  ( 33.00000000000000000, 314.0000000000002274, 0.000000000000000000 ) ) ;
#4189 = PRESENTATION_STYLE_ASSIGNMENT (( #465 ) ) ;
#4190 = PRESENTATION_STYLE_ASSIGNMENT (( #5959 ) ) ;
#4191 = CLOSED_SHELL ( 'NONE', ( #5931, #2404, #5035, #2078, #5466, #3226, #5218, #2110, #3069, #4388, #3506, #2000, #3457, #3821, #320, #1479, #2321, #4654, #2716, #1628, #3009, #4122, #2711, #4982, #3422, #4793, #1514, #875, #4435, #4690, #5497, #5294, #801, #6001, #2489, #1363, #5209, #206, #5132, #2705, #4274, #1369, #4542, #4834, #1896, #2286, #3886, #468, #2334, #1550, #2936, #3675, #844, #2370, #617, #5917, #4696, #4353, #3653, #4280, #5593, #2152, #4724, #5441, #2598, #4472, #3586, #1142, #3420, #3677, #523, #4920, #507, #12, #5585 ) ) ;
#4192 = ORIENTED_EDGE ( 'NONE', *, *, #70, .F. ) ;
#4193 = CARTESIAN_POINT ( 'NONE',  ( 41.49999999999990763, 16.13397459621555896, 31.00100000000000833 ) ) ;
#4194 = ORIENTED_EDGE ( 'NONE', *, *, #5736, .F. ) ;
#4195 = CARTESIAN_POINT ( 'NONE',  ( 22.49999999999596056, 237.0000000000000000, 28.99999999999999645 ) ) ;
#4196 = DIRECTION ( 'NONE',  ( 1.000000000000000000, 0.000000000000000000, 0.000000000000000000 ) ) ;
#4197 = CARTESIAN_POINT ( 'NONE',  ( 35.00000000000000000, 717.9999999999997726, -2.000000000000000000 ) ) ;
#4198 = ORIENTED_EDGE ( 'NONE', *, *, #4162, .F. ) ;
#4199 = ADVANCED_FACE ( 'NONE', ( #5396 ), #2008, .T. ) ;
#4200 = VERTEX_POINT ( 'NONE', #5734 ) ;
#4201 = EDGE_CURVE ( 'NONE', #530, #718, #3419, .T. ) ;
#4202 = DIRECTION ( 'NONE',  ( -1.224646799147353207E-16, 1.000000000000000000, 0.000000000000000000 ) ) ;
#4203 = CARTESIAN_POINT ( 'NONE',  ( -0.5917592592592589851, 0.000000000000000000, 0.000000000000000000 ) ) ;
#4204 = DIRECTION ( 'NONE',  ( 1.000000000000000000, 0.000000000000000000, 0.000000000000000000 ) ) ;
#4205 = PLANE ( 'NONE',  #3071 ) ;
#4206 = ORIENTED_EDGE ( 'NONE', *, *, #3746, .F. ) ;
#4207 = ORIENTED_EDGE ( 'NONE', *, *, #2818, .T. ) ;
#4208 = DIRECTION ( 'NONE',  ( 0.000000000000000000, 0.000000000000000000, -1.000000000000000000 ) ) ;
#4209 = DIRECTION ( 'NONE',  ( 1.000000000000000000, 0.000000000000000000, 0.000000000000000000 ) ) ;
#4210 = CARTESIAN_POINT ( 'NONE',  ( 0.000000000000000000, 0.000000000000000000, -765.0000000000000000 ) ) ;
#4211 = EDGE_CURVE ( 'NONE', #4589, #4299, #2038, .T. ) ;
#4212 = DIRECTION ( 'NONE',  ( -0.000000000000000000, -0.000000000000000000, 1.000000000000000000 ) ) ;
#4213 = CIRCLE ( 'NONE', #2939, 3.199999999999994404 ) ;
#4214 = CARTESIAN_POINT ( 'NONE',  ( -2.168404344971008868E-16, 2.000000000000001776, -764.0000000000000000 ) ) ;
#4215 = CARTESIAN_POINT ( 'NONE',  ( 101.0499999999999972, 665.0000000000000000, 0.000000000000000000 ) ) ;
#4216 = CARTESIAN_POINT ( 'NONE',  ( 33.00000000000000000, 51.00000000000019185, -2.000000000000000000 ) ) ;
#4217 = VERTEX_POINT ( 'NONE', #2270 ) ;
#4218 = DIRECTION ( 'NONE',  ( 0.000000000000000000, 0.000000000000000000, -1.000000000000000000 ) ) ;
#4219 = VERTEX_POINT ( 'NONE', #365 ) ;
#4220 = CARTESIAN_POINT ( 'NONE',  ( 101.0499999999999972, 35.00000000000002842, 3.827021247335479296E-16 ) ) ;
#4221 = DIRECTION ( 'NONE',  ( -0.7071067811865480168, 0.000000000000000000, 0.7071067811865470176 ) ) ;
#4222 = DIRECTION ( 'NONE',  ( 0.000000000000000000, 1.000000000000000000, 0.000000000000000000 ) ) ;
#4223 = MECHANICAL_DESIGN_GEOMETRIC_PRESENTATION_REPRESENTATION (  '', ( #4128 ), #5885 ) ;
#4224 = EDGE_LOOP ( 'NONE', ( #675, #2015, #2266, #3953 ) ) ;
#4225 = CARTESIAN_POINT ( 'NONE',  ( 33.00000000000000000, 350.0000000000002274, 0.000000000000000000 ) ) ;
#4226 = ORIENTED_EDGE ( 'NONE', *, *, #483, .F. ) ;
#4227 = DIRECTION ( 'NONE',  ( -0.000000000000000000, -0.000000000000000000, -1.000000000000000000 ) ) ;
#4228 = CARTESIAN_POINT ( 'NONE',  ( 0.000000000000000000, 717.9999999999997726, -2.000000000000000000 ) ) ;
#4229 = CARTESIAN_POINT ( 'NONE',  ( 40.99999999999990763, 16.99999999999999289, 31.00100000000000833 ) ) ;
#4230 = CARTESIAN_POINT ( 'NONE',  ( 9.999999999993892885, 524.0000000000010232, -2.000000000000000000 ) ) ;
#4231 = AXIS2_PLACEMENT_3D ( 'NONE', #4669, #1891, #2866 ) ;
#4232 = ADVANCED_FACE ( 'NONE', ( #389 ), #1237, .T. ) ;
#4233 = ADVANCED_FACE ( 'NONE', ( #5547 ), #2612, .T. ) ;
#4234 = VERTEX_POINT ( 'NONE', #4046 ) ;
#4235 = ORIENTED_EDGE ( 'NONE', *, *, #4525, .T. ) ;
#4236 = EDGE_LOOP ( 'NONE', ( #2883, #659, #4665, #4937 ) ) ;
#4237 = VERTEX_POINT ( 'NONE', #2214 ) ;
#4238 = DIRECTION ( 'NONE',  ( -0.7071067811865480168, 8.659560562354926695E-17, -0.7071067811865470176 ) ) ;
#4239 =( NAMED_UNIT ( * ) SI_UNIT ( $, .STERADIAN. ) SOLID_ANGLE_UNIT ( ) );
#4240 = COLOUR_RGB ( '',0.5294117647058823595, 0.5490196078431373028, 0.5490196078431373028 ) ;
#4241 = EDGE_CURVE ( 'NONE', #2005, #2210, #4548, .T. ) ;
#4242 = DIRECTION ( 'NONE',  ( -0.000000000000000000, -0.000000000000000000, 1.000000000000000000 ) ) ;
#4243 = VECTOR ( 'NONE', #3301, 1000.000000000000000 ) ;
#4244 = CARTESIAN_POINT ( 'NONE',  ( 23.20000000000000995, 46.99999999999992895, -2.000000000000000000 ) ) ;
#4245 = CIRCLE ( 'NONE', #833, 2.000000000000000000 ) ;
#4246 = FACE_OUTER_BOUND ( 'NONE', #1239, .T. ) ;
#4247 = DIRECTION ( 'NONE',  ( 2.071311613106636385E-17, 1.000000000000000000, 1.942244800713227684E-33 ) ) ;
#4248 = CARTESIAN_POINT ( 'NONE',  ( -2.385000000000001563, 15.75000000000007994, -105.0000000000000995 ) ) ;
#4249 = CARTESIAN_POINT ( 'NONE',  ( 35.00000000000000000, 177.0000000000009379, -2.000000000000000000 ) ) ;
#4250 = EDGE_CURVE ( 'NONE', #3612, #718, #1919, .T. ) ;
#4251 = STYLED_ITEM ( 'NONE', ( #4190 ), #4654 ) ;
#4252 = VECTOR ( 'NONE', #1002, 1000.000000000000000 ) ;
#4253 = ORIENTED_EDGE ( 'NONE', *, *, #3033, .T. ) ;
#4254 = AXIS2_PLACEMENT_3D ( 'NONE', #1359, #3587, #1792 ) ;
#4255 = DIRECTION ( 'NONE',  ( 0.000000000000000000, 0.000000000000000000, -1.000000000000000000 ) ) ;
#4256 = VERTEX_POINT ( 'NONE', #1761 ) ;
#4257 = DIRECTION ( 'NONE',  ( -0.000000000000000000, -0.000000000000000000, -1.000000000000000000 ) ) ;
#4258 = AXIS2_PLACEMENT_3D ( 'NONE', #2465, #2837, #5165 ) ;
#4259 = AXIS2_PLACEMENT_3D ( 'NONE', #2523, #303, #1589 ) ;
#4260 = PLANE ( 'NONE',  #71 ) ;
#4261 = VECTOR ( 'NONE', #842, 1000.000000000000000 ) ;
#4262 = COLOUR_RGB ( '',0.5294117647058823595, 0.5490196078431373028, 0.5490196078431373028 ) ;
#4263 = EDGE_LOOP ( 'NONE', ( #5978, #4016, #2231, #2613 ) ) ;
#4264 = EDGE_LOOP ( 'NONE', ( #4813, #4139, #1812, #2933, #1285, #2182 ) ) ;
#4265 = APPLICATION_CONTEXT ( 'automotive_design' ) ;
#4266 = DIRECTION ( 'NONE',  ( 1.000000000000000000, 0.000000000000000000, 0.000000000000000000 ) ) ;
#4267 = PRESENTATION_LAYER_ASSIGNMENT (  '', '', ( #3957 ) ) ;
#4268 = CARTESIAN_POINT ( 'NONE',  ( 38.99999999999991473, 17.99999999999999645, 1.327960729885690582E-13 ) ) ;
#4269 = FACE_OUTER_BOUND ( 'NONE', #3203, .T. ) ;
#4270 = DIRECTION ( 'NONE',  ( -1.000000000000000000, 0.000000000000000000, 0.000000000000000000 ) ) ;
#4271 = EDGE_LOOP ( 'NONE', ( #4955, #5286, #4628, #1506 ) ) ;
#4272 = ORIENTED_EDGE ( 'NONE', *, *, #4137, .F. ) ;
#4273 = ORIENTED_EDGE ( 'NONE', *, *, #2480, .F. ) ;
#4274 = ADVANCED_FACE ( 'NONE', ( #849 ), #2155, .F. ) ;
#4275 = FACE_OUTER_BOUND ( 'NONE', #2761, .T. ) ;
#4276 = CARTESIAN_POINT ( 'NONE',  ( 50.00000000000000000, 605.0000000000001137, 0.000000000000000000 ) ) ;
#4277 =( NAMED_UNIT ( * ) SI_UNIT ( $, .STERADIAN. ) SOLID_ANGLE_UNIT ( ) );
#4278 = CARTESIAN_POINT ( 'NONE',  ( 19.99999999999783284, 679.9999999999998863, 0.000000000000000000 ) ) ;
#4279 =( NAMED_UNIT ( * ) PLANE_ANGLE_UNIT ( ) SI_UNIT ( $, .RADIAN. ) );
#4280 = ADVANCED_FACE ( 'NONE', ( #4565 ), #873, .F. ) ;
#4281 = EDGE_CURVE ( 'NONE', #238, #670, #1420, .T. ) ;
#4282 = CARTESIAN_POINT ( 'NONE',  ( 9.999999999995150546, 173.0000000000009379, 0.000000000000000000 ) ) ;
#4283 = CARTESIAN_POINT ( 'NONE',  ( -2.000000000000005773, 69.00000000000191847, -546.9999999999997726 ) ) ;
#4284 = DIRECTION ( 'NONE',  ( 3.418425673248413841E-15, -1.000000000000000000, 0.000000000000000000 ) ) ;
#4285 = VERTEX_POINT ( 'NONE', #4111 ) ;
#4286 = CARTESIAN_POINT ( 'NONE',  ( 40.99999999999990763, 670.0000000000000000, 0.000000000000000000 ) ) ;
#4287 = ORIENTED_EDGE ( 'NONE', *, *, #4162, .T. ) ;
#4288 = EDGE_CURVE ( 'NONE', #4598, #863, #329, .T. ) ;
#4289 = FACE_OUTER_BOUND ( 'NONE', #5855, .T. ) ;
#4290 = LINE ( 'NONE', #130, #456 ) ;
#4291 = EDGE_LOOP ( 'NONE', ( #4530, #5777, #3508, #5104 ) ) ;
#4292 = LINE ( 'NONE', #166, #1393 ) ;
#4293 = EDGE_LOOP ( 'NONE', ( #4888, #1072, #4992, #5032 ) ) ;
#4294 = PRODUCT_DEFINITION_SHAPE ( 'NONE', 'NONE',  #6041 ) ;
#4295 = DIRECTION ( 'NONE',  ( 0.000000000000000000, -1.000000000000000000, -0.000000000000000000 ) ) ;
#4296 = DIRECTION ( 'NONE',  ( 1.000000000000000000, 0.000000000000000000, 0.000000000000000000 ) ) ;
#4297 = CARTESIAN_POINT ( 'NONE',  ( 104.2500000000000000, 665.0000000000000000, 0.000000000000000000 ) ) ;
#4298 = ORIENTED_EDGE ( 'NONE', *, *, #546, .F. ) ;
#4299 = VERTEX_POINT ( 'NONE', #1793 ) ;
#4300 = DIRECTION ( 'NONE',  ( 1.652117596168368774E-16, -1.000000000000000000, 0.000000000000000000 ) ) ;
#4301 = LINE ( 'NONE', #58, #1333 ) ;
#4302 = CARTESIAN_POINT ( 'NONE',  ( 33.00000000000000000, 314.0000000000002274, -2.000000000000000000 ) ) ;
#4303 =( LENGTH_UNIT ( ) NAMED_UNIT ( * ) SI_UNIT ( .MILLI., .METRE. ) );
#4304 = CARTESIAN_POINT ( 'NONE',  ( 101.0499999999999972, 665.0000000000000000, 2.000000000000000000 ) ) ;
#4305 = DIRECTION ( 'NONE',  ( 0.000000000000000000, 0.000000000000000000, 1.000000000000000000 ) ) ;
#4306 = PLANE ( 'NONE',  #2790 ) ;
#4307 = EDGE_CURVE ( 'NONE', #3977, #2447, #5616, .T. ) ;
#4308 = EDGE_CURVE ( 'NONE', #111, #3002, #4144, .T. ) ;
#4309 = VECTOR ( 'NONE', #2938, 1000.000000000000000 ) ;
#4310 = DIRECTION ( 'NONE',  ( 1.000000000000000000, 0.000000000000000000, 0.000000000000000000 ) ) ;
#4311 = ORIENTED_EDGE ( 'NONE', *, *, #1851, .F. ) ;
#4312 = FACE_OUTER_BOUND ( 'NONE', #4263, .T. ) ;
#4313 = DIRECTION ( 'NONE',  ( 1.000000000000000000, 0.000000000000000000, 0.000000000000000000 ) ) ;
#4314 = CIRCLE ( 'NONE', #1778, 1.000000000000000888 ) ;
#4315 = ADVANCED_FACE ( 'NONE', ( #3256 ), #5031, .F. ) ;
#4316 = VERTEX_POINT ( 'NONE', #4625 ) ;
#4317 = AXIS2_PLACEMENT_3D ( 'NONE', #4880, #702, #4800 ) ;
#4318 = ORIENTED_EDGE ( 'NONE', *, *, #1772, .F. ) ;
#4319 = CARTESIAN_POINT ( 'NONE',  ( 41.99999999999990763, 670.0000000000000000, 2.000000000000001776 ) ) ;
#4320 = DIRECTION ( 'NONE',  ( 1.000000000000000000, 0.000000000000000000, 0.000000000000000000 ) ) ;
#4321 = DIRECTION ( 'NONE',  ( 0.000000000000000000, 0.000000000000000000, 1.000000000000000000 ) ) ;
#4322 = COLOUR_RGB ( '',0.5294117647058823595, 0.5490196078431373028, 0.5490196078431373028 ) ;
#4323 = EDGE_CURVE ( 'NONE', #3522, #3567, #1913, .T. ) ;
#4324 = ORIENTED_EDGE ( 'NONE', *, *, #5768, .T. ) ;
#4325 = ORIENTED_EDGE ( 'NONE', *, *, #1957, .F. ) ;
#4326 = ORIENTED_EDGE ( 'NONE', *, *, #3188, .T. ) ;
#4327 = CARTESIAN_POINT ( 'NONE',  ( 77.44999999999846807, 159.9999999999999716, 0.000000000000000000 ) ) ;
#4328 = CARTESIAN_POINT ( 'NONE',  ( 61.19999999999998153, 368.5000000000000568, 0.000000000000000000 ) ) ;
#4329 = CARTESIAN_POINT ( 'NONE',  ( 117.0000000000000000, 695.0000000000001137, 0.000000000000000000 ) ) ;
#4330 =( LENGTH_UNIT ( ) NAMED_UNIT ( * ) SI_UNIT ( .MILLI., .METRE. ) );
#4331 =( NAMED_UNIT ( * ) PLANE_ANGLE_UNIT ( ) SI_UNIT ( $, .RADIAN. ) );
#4332 = FACE_OUTER_BOUND ( 'NONE', #3437, .T. ) ;
#4333 = CIRCLE ( 'NONE', #5607, 3.200000000000001510 ) ;
#4334 = DIRECTION ( 'NONE',  ( 9.931017931319885954E-17, -1.000000000000000000, 3.944304526105059027E-31 ) ) ;
#4335 = FACE_BOUND ( 'NONE', #730, .T. ) ;
#4336 = AXIS2_PLACEMENT_3D ( 'NONE', #4925, #3490, #5806 ) ;
#4337 = CARTESIAN_POINT ( 'NONE',  ( 33.00000000000000000, 720.0000000000000000, 0.000000000000000000 ) ) ;
#4338 = VERTEX_POINT ( 'NONE', #482 ) ;
#4339 = CYLINDRICAL_SURFACE ( 'NONE', #640, 4.320000000000000284 ) ;
#4340 = DIRECTION ( 'NONE',  ( 0.000000000000000000, 0.000000000000000000, 1.000000000000000000 ) ) ;
#4341 = EDGE_CURVE ( 'NONE', #5940, #1283, #5512, .T. ) ;
#4342 = EDGE_CURVE ( 'NONE', #3014, #415, #2002, .T. ) ;
#4343 = VECTOR ( 'NONE', #1220, 1000.000000000000000 ) ;
#4344 = AXIS2_PLACEMENT_3D ( 'NONE', #2018, #1404, #3275 ) ;
#4345 = CIRCLE ( 'NONE', #552, 4.000000000000003553 ) ;
#4346 = EDGE_LOOP ( 'NONE', ( #929, #2151, #805, #3581 ) ) ;
#4347 = VECTOR ( 'NONE', #5194, 1000.000000000000000 ) ;
#4348 = DIRECTION ( 'NONE',  ( -0.000000000000000000, -0.000000000000000000, -1.000000000000000000 ) ) ;
#4349 = VERTEX_POINT ( 'NONE', #451 ) ;
#4350 = DIRECTION ( 'NONE',  ( -0.000000000000000000, -0.000000000000000000, -1.000000000000000000 ) ) ;
#4351 = FACE_OUTER_BOUND ( 'NONE', #2314, .T. ) ;
#4352 = DIRECTION ( 'NONE',  ( -0.000000000000000000, -0.000000000000000000, -1.000000000000000000 ) ) ;
#4353 = ADVANCED_FACE ( 'NONE', ( #1855, #512, #2854, #933, #1099 ), #4205, .F. ) ;
#4354 = VECTOR ( 'NONE', #4300, 1000.000000000000000 ) ;
#4355 = ORIENTED_EDGE ( 'NONE', *, *, #2472, .F. ) ;
#4356 = ORIENTED_EDGE ( 'NONE', *, *, #4380, .F. ) ;
#4357 = EDGE_LOOP ( 'NONE', ( #1207, #2760, #457, #4780 ) ) ;
#4358 = EDGE_CURVE ( 'NONE', #703, #2845, #4732, .T. ) ;
#4359 = CARTESIAN_POINT ( 'NONE',  ( 32.99999999999999289, 53.00000000000019185, -2.000000000000000000 ) ) ;
#4360 = EDGE_LOOP ( 'NONE', ( #361, #4994 ) ) ;
#4361 = CARTESIAN_POINT ( 'NONE',  ( -150.0000000000000000, 79.99999999999998579, -765.0000000000000000 ) ) ;
#4362 = VERTEX_POINT ( 'NONE', #960 ) ;
#4363 = CARTESIAN_POINT ( 'NONE',  ( 9.999999999995152322, 175.0000000000009379, -2.000000000000000000 ) ) ;
#4364 = FACE_OUTER_BOUND ( 'NONE', #2668, .T. ) ;
#4365 = CARTESIAN_POINT ( 'NONE',  ( 7.999999999993890221, 524.0000000000010232, -2.000000000000000000 ) ) ;
#4366 = APPLICATION_PROTOCOL_DEFINITION ( 'draft international standard', 'automotive_design', 1998, #902 ) ;
#4367 = DIRECTION ( 'NONE',  ( -0.000000000000000000, -0.000000000000000000, -1.000000000000000000 ) ) ;
#4368 = ORIENTED_EDGE ( 'NONE', *, *, #1809, .T. ) ;
#4369 = DIRECTION ( 'NONE',  ( 0.000000000000000000, 0.000000000000000000, -1.000000000000000000 ) ) ;
#4370 = EDGE_LOOP ( 'NONE', ( #3165, #3229, #79, #3597 ) ) ;
#4371 = DIRECTION ( 'NONE',  ( -1.000000000000000000, 0.000000000000000000, 0.000000000000000000 ) ) ;
#4372 = DIRECTION ( 'NONE',  ( 1.000000000000000000, 0.000000000000000000, 0.000000000000000000 ) ) ;
#4373 = LINE ( 'NONE', #2825, #4831 ) ;
#4374 = ORIENTED_EDGE ( 'NONE', *, *, #3149, .F. ) ;
#4375 = CARTESIAN_POINT ( 'NONE',  ( 83.99999999999978684, 671.0000000000000000, 2.000000000000001776 ) ) ;
#4376 = ORIENTED_EDGE ( 'NONE', *, *, #2445, .F. ) ;
#4377 = LINE ( 'NONE', #5694, #2767 ) ;
#4378 = CARTESIAN_POINT ( 'NONE',  ( 41.99999999999990763, 670.0000000000000000, 0.000000000000000000 ) ) ;
#4379 = DIRECTION ( 'NONE',  ( 1.000000000000000000, 0.000000000000000000, 0.000000000000000000 ) ) ;
#4380 = EDGE_CURVE ( 'NONE', #3409, #5612, #3775, .T. ) ;
#4381 = EDGE_CURVE ( 'NONE', #1938, #4217, #2877, .T. ) ;
#4382 = VERTEX_POINT ( 'NONE', #2961 ) ;
#4383 = ORIENTED_EDGE ( 'NONE', *, *, #5431, .F. ) ;
#4384 = PRESENTATION_LAYER_ASSIGNMENT (  '', '', ( #782 ) ) ;
#4385 = ORIENTED_EDGE ( 'NONE', *, *, #5149, .F. ) ;
#4386 = CARTESIAN_POINT ( 'NONE',  ( -0.9999999999999913403, 2.000000000000000000, -765.0000000000000000 ) ) ;
#4387 = MECHANICAL_DESIGN_GEOMETRIC_PRESENTATION_REPRESENTATION (  '', ( #201 ), #3994 ) ;
#4388 = ADVANCED_FACE ( 'NONE', ( #657 ), #19, .F. ) ;
#4389 = LINE ( 'NONE', #1978, #125 ) ;
#4390 = ORIENTED_EDGE ( 'NONE', *, *, #291, .F. ) ;
#4391 = DIRECTION ( 'NONE',  ( 0.000000000000000000, 0.000000000000000000, 1.000000000000000000 ) ) ;
#4392 = DIRECTION ( 'NONE',  ( 0.000000000000000000, 0.000000000000000000, -1.000000000000000000 ) ) ;
#4393 = DIRECTION ( 'NONE',  ( 1.000000000000000000, 0.000000000000000000, 0.000000000000000000 ) ) ;
#4394 = EDGE_CURVE ( 'NONE', #2357, #4782, #4373, .T. ) ;
#4395 = ORIENTED_EDGE ( 'NONE', *, *, #567, .F. ) ;
#4396 = LINE ( 'NONE', #2528, #2366 ) ;
#4397 = VECTOR ( 'NONE', #2075, 1000.000000000000000 ) ;
#4398 = ORIENTED_EDGE ( 'NONE', *, *, #5662, .T. ) ;
#4399 = DIRECTION ( 'NONE',  ( -1.000000000000000000, 0.000000000000000000, 0.000000000000000000 ) ) ;
#4400 =( NAMED_UNIT ( * ) PLANE_ANGLE_UNIT ( ) SI_UNIT ( $, .RADIAN. ) );
#4401 = CARTESIAN_POINT ( 'NONE',  ( 32.99999999999999289, 53.00000000000019185, -2.000000000000000000 ) ) ;
#4402 = CIRCLE ( 'NONE', #2450, 1.250000000000001110 ) ;
#4403 = ORIENTED_EDGE ( 'NONE', *, *, #3704, .T. ) ;
#4404 = FACE_BOUND ( 'NONE', #1143, .T. ) ;
#4405 = ORIENTED_EDGE ( 'NONE', *, *, #3857, .T. ) ;
#4406 = CARTESIAN_POINT ( 'NONE',  ( -0.7699999999999999067, 3.061616997868383141E-16, -2.500000000000000000 ) ) ;
#4407 = CARTESIAN_POINT ( 'NONE',  ( 51.25000000000000711, 85.00000000000000000, 0.000000000000000000 ) ) ;
#4408 = VECTOR ( 'NONE', #339, 1000.000000000000000 ) ;
#4409 = CARTESIAN_POINT ( 'NONE',  ( 50.00000000000000000, 605.0000000000001137, 2.000000000000000000 ) ) ;
#4410 = VECTOR ( 'NONE', #2820, 1000.000000000000000 ) ;
#4411 = ORIENTED_EDGE ( 'NONE', *, *, #5186, .F. ) ;
#4412 = ORIENTED_EDGE ( 'NONE', *, *, #980, .T. ) ;
#4413 = ORIENTED_EDGE ( 'NONE', *, *, #214, .T. ) ;
#4414 = CARTESIAN_POINT ( 'NONE',  ( 48.75000000000000000, 605.0000000000001137, 0.000000000000000000 ) ) ;
#4415 = ORIENTED_EDGE ( 'NONE', *, *, #276, .T. ) ;
#4416 = AXIS2_PLACEMENT_3D ( 'NONE', #2204, #4072, #5933 ) ;
#4417 = PRODUCT_RELATED_PRODUCT_CATEGORY ( 'part', '', ( #4140 ) ) ;
#4418 = DIRECTION ( 'NONE',  ( -0.000000000000000000, -0.000000000000000000, -1.000000000000000000 ) ) ;
#4419 = EDGE_CURVE ( 'NONE', #3613, #1833, #2097, .T. ) ;
#4420 =( NAMED_UNIT ( * ) PLANE_ANGLE_UNIT ( ) SI_UNIT ( $, .RADIAN. ) );
#4421 = VECTOR ( 'NONE', #429, 1000.000000000000000 ) ;
#4422 = ORIENTED_EDGE ( 'NONE', *, *, #557, .F. ) ;
#4423 = CARTESIAN_POINT ( 'NONE',  ( 40.99999999999990763, 0.000000000000000000, 4.000000000000000000 ) ) ;
#4424 = CARTESIAN_POINT ( 'NONE',  ( 102.2500000000000000, 605.0000000000001137, -1.040949779275235965E-16 ) ) ;
#4425 = APPLICATION_PROTOCOL_DEFINITION ( 'draft international standard', 'automotive_design', 1998, #1956 ) ;
#4426 = DIRECTION ( 'NONE',  ( 1.652117596168368774E-16, -1.000000000000000000, 0.000000000000000000 ) ) ;
#4427 = EDGE_CURVE ( 'NONE', #1460, #1078, #446, .T. ) ;
#4428 = DIRECTION ( 'NONE',  ( -1.000000000000000000, 0.000000000000000000, 0.000000000000000000 ) ) ;
#4429 = AXIS2_PLACEMENT_3D ( 'NONE', #3412, #5268, #5210 ) ;
#4430 = FACE_OUTER_BOUND ( 'NONE', #1618, .T. ) ;
#4431 = ORIENTED_EDGE ( 'NONE', *, *, #3687, .F. ) ;
#4432 = CARTESIAN_POINT ( 'NONE',  ( 40.99999999999990763, 1.000000000000000000, -1.734723475976807094E-15 ) ) ;
#4433 = SURFACE_STYLE_FILL_AREA ( #3549 ) ;
#4434 = CARTESIAN_POINT ( 'NONE',  ( 7.999999999995149658, 175.0000000000009379, 0.000000000000000000 ) ) ;
#4435 = ADVANCED_FACE ( 'NONE', ( #2123 ), #163, .T. ) ;
#4436 = CIRCLE ( 'NONE', #5223, 1.250000000000001110 ) ;
#4437 = ORIENTED_EDGE ( 'NONE', *, *, #4307, .F. ) ;
#4438 = FACE_BOUND ( 'NONE', #4462, .T. ) ;
#4439 = EDGE_LOOP ( 'NONE', ( #3804, #2541 ) ) ;
#4440 = CARTESIAN_POINT ( 'NONE',  ( 0.000000000000000000, 18.00000000000000000, 31.00000000000000711 ) ) ;
#4441 = AXIS2_PLACEMENT_3D ( 'NONE', #2532, #3999, #3056 ) ;
#4442 = CARTESIAN_POINT ( 'NONE',  ( 107.4499999999999886, 35.00000000000002842, 3.827021247335479296E-16 ) ) ;
#4443 = CONICAL_SURFACE ( 'NONE', #3659, 3.189999999999999947, 0.1745329251994311437 ) ;
#4444 = CARTESIAN_POINT ( 'NONE',  ( 84.99999999999980105, 671.0000000000000000, 2.000000000000001776 ) ) ;
#4445 = AXIS2_PLACEMENT_3D ( 'NONE', #5527, #3604, #823 ) ;
#4446 = AXIS2_PLACEMENT_3D ( 'NONE', #5043, #464, #2283 ) ;
#4447 = ORIENTED_EDGE ( 'NONE', *, *, #90, .F. ) ;
#4448 = ORIENTED_EDGE ( 'NONE', *, *, #3242, .F. ) ;
#4449 = CARTESIAN_POINT ( 'NONE',  ( 118.0000000000000000, 0.000000000000000000, 2.000000000000000000 ) ) ;
#4450 = LINE ( 'NONE', #4327, #366 ) ;
#4451 = AXIS2_PLACEMENT_3D ( 'NONE', #3205, #3688, #3138 ) ;
#4452 = VERTEX_POINT ( 'NONE', #1391 ) ;
#4453 = ORIENTED_EDGE ( 'NONE', *, *, #946, .T. ) ;
#4454 = ADVANCED_FACE ( 'NONE', ( #5774 ), #2503, .T. ) ;
#4455 = DIRECTION ( 'NONE',  ( -0.000000000000000000, -0.000000000000000000, -1.000000000000000000 ) ) ;
#4456 = DIRECTION ( 'NONE',  ( -0.000000000000000000, -0.000000000000000000, -1.000000000000000000 ) ) ;
#4457 = DIRECTION ( 'NONE',  ( -0.000000000000000000, -0.000000000000000000, -1.000000000000000000 ) ) ;
#4458 = EDGE_CURVE ( 'NONE', #4085, #863, #2801, .T. ) ;
#4459 = EDGE_CURVE ( 'NONE', #2073, #2819, #2685, .T. ) ;
#4460 = CARTESIAN_POINT ( 'NONE',  ( 50.00000000000000000, 605.0000000000001137, 2.000000000000000000 ) ) ;
#4461 = ORIENTED_EDGE ( 'NONE', *, *, #2188, .F. ) ;
#4462 = EDGE_LOOP ( 'NONE', ( #4597, #5871 ) ) ;
#4463 = DIRECTION ( 'NONE',  ( -0.000000000000000000, 1.000000000000000000, -0.000000000000000000 ) ) ;
#4464 = CARTESIAN_POINT ( 'NONE',  ( 33.00000000000000000, 670.0000000000000000, 0.000000000000000000 ) ) ;
#4465 = EDGE_CURVE ( 'NONE', #4106, #3761, #5226, .T. ) ;
#4466 = ORIENTED_EDGE ( 'NONE', *, *, #3195, .F. ) ;
#4467 = FACE_OUTER_BOUND ( 'NONE', #4860, .T. ) ;
#4468 = EDGE_LOOP ( 'NONE', ( #2976, #1790 ) ) ;
#4469 = CARTESIAN_POINT ( 'NONE',  ( 47.79999999999837001, 95.00000000000031264, 3.827021247335479296E-16 ) ) ;
#4470 = CARTESIAN_POINT ( 'NONE',  ( 48.75000000000000000, 85.00000000000000000, 0.000000000000000000 ) ) ;
#4471 = CARTESIAN_POINT ( 'NONE',  ( 40.99999999999990763, 17.99999999999999289, 0.000000000000000000 ) ) ;
#4472 = ADVANCED_FACE ( 'NONE', ( #4067 ), #1159, .F. ) ;
#4473 = VERTEX_POINT ( 'NONE', #1659 ) ;
#4474 = VERTEX_POINT ( 'NONE', #5867 ) ;
#4475 = VECTOR ( 'NONE', #4939, 1000.000000000000000 ) ;
#4476 = SURFACE_STYLE_FILL_AREA ( #4082 ) ;
#4477 = EDGE_LOOP ( 'NONE', ( #5205, #3326, #1566, #3862 ) ) ;
#4478 = ORIENTED_EDGE ( 'NONE', *, *, #1162, .F. ) ;
#4479 = CARTESIAN_POINT ( 'NONE',  ( 41.99999999999990763, 15.26794919243111970, 2.000000000000001776 ) ) ;
#4480 = CARTESIAN_POINT ( 'NONE',  ( 41.99999999999990763, 0.000000000000000000, 0.000000000000000000 ) ) ;
#4481 = DIRECTION ( 'NONE',  ( -1.000000000000000000, 0.000000000000000000, 0.000000000000000000 ) ) ;
#4482 = DIRECTION ( 'NONE',  ( -0.000000000000000000, -0.000000000000000000, -1.000000000000000000 ) ) ;
#4483 = AXIS2_PLACEMENT_3D ( 'NONE', #1671, #3133, #1236 ) ;
#4484 = CARTESIAN_POINT ( 'NONE',  ( 48.75000000000000000, 85.00000000000000000, -1.040949779275235965E-16 ) ) ;
#4485 = ORIENTED_EDGE ( 'NONE', *, *, #3316, .F. ) ;
#4486 = ORIENTED_EDGE ( 'NONE', *, *, #5956, .T. ) ;
#4487 = CARTESIAN_POINT ( 'NONE',  ( 15.50000000000000355, 625.0000000000000000, 31.00000000000000000 ) ) ;
#4488 = DIRECTION ( 'NONE',  ( -1.000000000000000000, 0.000000000000000000, 0.000000000000000000 ) ) ;
#4489 = EDGE_CURVE ( 'NONE', #38, #1824, #5351, .T. ) ;
#4490 = EDGE_CURVE ( 'NONE', #1160, #5802, #4150, .T. ) ;
#4491 = ORIENTED_EDGE ( 'NONE', *, *, #3451, .T. ) ;
#4492 = FACE_BOUND ( 'NONE', #2966, .T. ) ;
#4493 = ORIENTED_EDGE ( 'NONE', *, *, #3682, .F. ) ;
#4494 = CARTESIAN_POINT ( 'NONE',  ( 7.999999999993890221, 524.0000000000010232, 0.000000000000000000 ) ) ;
#4495 = DIRECTION ( 'NONE',  ( 1.000000000000000000, 0.000000000000000000, 0.000000000000000000 ) ) ;
#4496 = PLANE ( 'NONE',  #3289 ) ;
#4497 = VERTEX_POINT ( 'NONE', #4926 ) ;
#4498 = AXIS2_PLACEMENT_3D ( 'NONE', #2189, #4054, #1740 ) ;
#4499 = EDGE_CURVE ( 'NONE', #2563, #4078, #282, .T. ) ;
#4500 = ORIENTED_EDGE ( 'NONE', *, *, #2903, .T. ) ;
#4501 = VECTOR ( 'NONE', #1106, 1000.000000000000000 ) ;
#4502 = ORIENTED_EDGE ( 'NONE', *, *, #4499, .F. ) ;
#4503 = CARTESIAN_POINT ( 'NONE',  ( 19.99999999999927880, 257.9999999999998863, -2.000000000000000000 ) ) ;
#4504 = DIRECTION ( 'NONE',  ( -0.000000000000000000, 0.000000000000000000, -1.000000000000000000 ) ) ;
#4505 = EDGE_CURVE ( 'NONE', #3522, #2036, #1687, .T. ) ;
#4506 = VECTOR ( 'NONE', #5187, 1000.000000000000000 ) ;
#4507 = ORIENTED_EDGE ( 'NONE', *, *, #2704, .F. ) ;
#4508 = EDGE_LOOP ( 'NONE', ( #551, #3356, #1884, #4478 ) ) ;
#4509 = MECHANICAL_DESIGN_GEOMETRIC_PRESENTATION_REPRESENTATION (  '', ( #5195 ), #3248 ) ;
#4510 = CARTESIAN_POINT ( 'NONE',  ( -0.7699999999999999067, 0.000000000000000000, 0.000000000000000000 ) ) ;
#4511 = DIRECTION ( 'NONE',  ( -4.111937128241308804E-15, 1.000000000000000000, 0.000000000000000000 ) ) ;
#4512 = DIRECTION ( 'NONE',  ( 0.000000000000000000, 0.000000000000000000, -1.000000000000000000 ) ) ;
#4513 = VECTOR ( 'NONE', #4523, 1000.000000000000000 ) ;
#4514 = DIRECTION ( 'NONE',  ( 2.071311613106636385E-17, 1.000000000000000000, 1.942244800713227684E-33 ) ) ;
#4515 = CYLINDRICAL_SURFACE ( 'NONE', #3834, 2.000000000000001776 ) ;
#4516 = DIRECTION ( 'NONE',  ( -8.462065736472249571E-17, -1.000000000000000000, 0.000000000000000000 ) ) ;
#4517 = VERTEX_POINT ( 'NONE', #3973 ) ;
#4518 = LINE ( 'NONE', #5495, #3376 ) ;
#4519 = AXIS2_PLACEMENT_3D ( 'NONE', #3052, #4369, #1565 ) ;
#4520 = DIRECTION ( 'NONE',  ( 0.000000000000000000, 1.000000000000000000, 0.000000000000000000 ) ) ;
#4521 = AXIS2_PLACEMENT_3D ( 'NONE', #2509, #4266, #3826 ) ;
#4522 = ORIENTED_EDGE ( 'NONE', *, *, #103, .T. ) ;
#4523 = DIRECTION ( 'NONE',  ( 0.000000000000000000, 1.000000000000000000, 0.000000000000000000 ) ) ;
#4524 = ORIENTED_EDGE ( 'NONE', *, *, #3981, .T. ) ;
#4525 = EDGE_CURVE ( 'NONE', #3530, #3567, #686, .T. ) ;
#4526 = LINE ( 'NONE', #4869, #4922 ) ;
#4527 = DIRECTION ( 'NONE',  ( 0.000000000000000000, -1.000000000000000000, 0.000000000000000000 ) ) ;
#4528 = DIRECTION ( 'NONE',  ( 1.000000000000000000, 3.597944987211152007E-15, 0.000000000000000000 ) ) ;
#4529 = CIRCLE ( 'NONE', #2378, 2.000000000000001776 ) ;
#4530 = ORIENTED_EDGE ( 'NONE', *, *, #2775, .F. ) ;
#4531 = CIRCLE ( 'NONE', #5800, 1.250000000000001110 ) ;
#4532 = CIRCLE ( 'NONE', #2970, 3.499999999999999556 ) ;
#4533 = ORIENTED_EDGE ( 'NONE', *, *, #396, .F. ) ;
#4534 = EDGE_CURVE ( 'NONE', #1820, #4237, #255, .T. ) ;
#4535 = CARTESIAN_POINT ( 'NONE',  ( 100.9999999999999858, 605.0000000000001137, 0.000000000000000000 ) ) ;
#4536 =( NAMED_UNIT ( * ) PLANE_ANGLE_UNIT ( ) SI_UNIT ( $, .RADIAN. ) );
#4537 = DIRECTION ( 'NONE',  ( -0.000000000000000000, -0.000000000000000000, -1.000000000000000000 ) ) ;
#4538 = CIRCLE ( 'NONE', #1906, 2.000000000000000000 ) ;
#4539 = CIRCLE ( 'NONE', #747, 3.499999999999999556 ) ;
#4540 = ORIENTED_EDGE ( 'NONE', *, *, #4211, .F. ) ;
#4541 = ORIENTED_EDGE ( 'NONE', *, *, #1131, .F. ) ;
#4542 = ADVANCED_FACE ( 'NONE', ( #5322 ), #3024, .F. ) ;
#4543 = CIRCLE ( 'NONE', #4259, 1.000000000000000222 ) ;
#4544 = CARTESIAN_POINT ( 'NONE',  ( 50.99999999999837286, 193.0000000000003126, 2.000000000000000000 ) ) ;
#4545 = LINE ( 'NONE', #1834, #3388 ) ;
#4546 = CARTESIAN_POINT ( 'NONE',  ( -72.00000000000000000, 118.9999999999999858, -764.0000000000000000 ) ) ;
#4547 = PRESENTATION_LAYER_ASSIGNMENT (  '', '', ( #1034 ) ) ;
#4548 = CIRCLE ( 'NONE', #3861, 80.00000000000000000 ) ;
#4549 = CARTESIAN_POINT ( 'NONE',  ( 23.20000000000000995, 46.99999999999992895, -2.000000000000000000 ) ) ;
#4550 = AXIS2_PLACEMENT_3D ( 'NONE', #2413, #1063, #2375 ) ;
#4551 = DIRECTION ( 'NONE',  ( 0.000000000000000000, -0.000000000000000000, 1.000000000000000000 ) ) ;
#4552 = LINE ( 'NONE', #5163, #3608 ) ;
#4553 = CARTESIAN_POINT ( 'NONE',  ( 7.999999999999996447, 119.0000000000000995, 0.000000000000000000 ) ) ;
#4554 = CARTESIAN_POINT ( 'NONE',  ( -1.000000000000000222, 2.000000000000000000, 0.000000000000000000 ) ) ;
#4555 = ORIENTED_EDGE ( 'NONE', *, *, #1962, .T. ) ;
#4556 = CARTESIAN_POINT ( 'NONE',  ( 9.999999999999921840, 665.9999999999998863, -2.000000000000000000 ) ) ;
#4557 = EDGE_LOOP ( 'NONE', ( #168, #3639, #3607, #1875 ) ) ;
#4558 = CARTESIAN_POINT ( 'NONE',  ( 107.4499999999999886, 65.00000000000002842, 3.827021247335479296E-16 ) ) ;
#4559 = LINE ( 'NONE', #288, #4113 ) ;
#4560 = CARTESIAN_POINT ( 'NONE',  ( 9.999999999995155875, 156.0000000000006821, -2.000000000000000000 ) ) ;
#4561 = ORIENTED_EDGE ( 'NONE', *, *, #3242, .T. ) ;
#4562 = EDGE_LOOP ( 'NONE', ( #4355, #761, #4899, #1109 ) ) ;
#4563 = CARTESIAN_POINT ( 'NONE',  ( 100.9999999999999858, 605.0000000000001137, -1.040949779275235965E-16 ) ) ;
#4564 = LINE ( 'NONE', #1202, #4475 ) ;
#4565 = FACE_OUTER_BOUND ( 'NONE', #3758, .T. ) ;
#4566 = PRODUCT_CONTEXT ( 'NONE', #3129, 'mechanical' ) ;
#4567 = EDGE_CURVE ( 'NONE', #2056, #1552, #3091, .T. ) ;
#4568 =( REPRESENTATION_RELATIONSHIP ('NONE','NONE', #1948, #4877 ) REPRESENTATION_RELATIONSHIP_WITH_TRANSFORMATION ( #2240 )SHAPE_REPRESENTATION_RELATIONSHIP( ) );
#4569 = EDGE_CURVE ( 'NONE', #3991, #5780, #4954, .T. ) ;
#4570 = ORIENTED_EDGE ( 'NONE', *, *, #5172, .F. ) ;
#4571 = VERTEX_POINT ( 'NONE', #1187 ) ;
#4572 = CARTESIAN_POINT ( 'NONE',  ( -152.0000000000000000, 119.9999999999999858, -765.0000000000000000 ) ) ;
#4573 = CARTESIAN_POINT ( 'NONE',  ( 20.00000000000000355, 46.99999999999992895, -2.000000000000000000 ) ) ;
#4574 = ADVANCED_FACE ( 'NONE', ( #2170 ), #221, .T. ) ;
#4575 = DIRECTION ( 'NONE',  ( 0.000000000000000000, 0.000000000000000000, -1.000000000000000000 ) ) ;
#4576 = CARTESIAN_POINT ( 'NONE',  ( -1.000000000000000222, 2.000000000000000000, -1.000000000000000888 ) ) ;
#4577 = CARTESIAN_POINT ( 'NONE',  ( 0.000000000000000000, 717.9999999999997726, 0.000000000000000000 ) ) ;
#4578 = AXIS2_PLACEMENT_3D ( 'NONE', #1838, #5558, #1403 ) ;
#4579 = DIRECTION ( 'NONE',  ( -1.000000000000000000, 0.000000000000000000, 0.000000000000000000 ) ) ;
#4580 = CARTESIAN_POINT ( 'NONE',  ( 9.999999999995152322, 175.0000000000009379, 0.000000000000000000 ) ) ;
#4581 = EDGE_CURVE ( 'NONE', #3761, #1160, #4030, .T. ) ;
#4582 = MECHANICAL_DESIGN_GEOMETRIC_PRESENTATION_REPRESENTATION (  '', ( #3324 ), #3515 ) ;
#4583 = ORIENTED_EDGE ( 'NONE', *, *, #2034, .F. ) ;
#4584 = SURFACE_STYLE_FILL_AREA ( #5048 ) ;
#4585 = ORIENTED_EDGE ( 'NONE', *, *, #5662, .F. ) ;
#4586 = CARTESIAN_POINT ( 'NONE',  ( 117.0000000000000000, 0.000000000000000000, 2.000000000000000000 ) ) ;
#4587 = DIRECTION ( 'NONE',  ( 1.000000000000000000, 0.000000000000000000, 0.000000000000000000 ) ) ;
#4588 = PLANE ( 'NONE',  #1429 ) ;
#4589 = VERTEX_POINT ( 'NONE', #4895 ) ;
#4590 = ORIENTED_EDGE ( 'NONE', *, *, #1926, .F. ) ;
#4591 = ORIENTED_EDGE ( 'NONE', *, *, #2704, .T. ) ;
#4592 = CARTESIAN_POINT ( 'NONE',  ( 15.00000000000003730, 346.0000000000001705, 0.000000000000000000 ) ) ;
#4593 = AXIS2_PLACEMENT_3D ( 'NONE', #82, #5667, #5640 ) ;
#4594 = DIRECTION ( 'NONE',  ( 1.224646799147353207E-16, -1.000000000000000000, -0.000000000000000000 ) ) ;
#4595 = SURFACE_SIDE_STYLE ('',( #4476 ) ) ;
#4596 = AXIS2_PLACEMENT_3D ( 'NONE', #5966, #1318, #3190 ) ;
#4597 = ORIENTED_EDGE ( 'NONE', *, *, #962, .F. ) ;
#4598 = VERTEX_POINT ( 'NONE', #2142 ) ;
#4599 = PRODUCT_DEFINITION ( 'UNKNOWN', '', #1234, #4756 ) ;
#4600 = ADVANCED_FACE ( 'NONE', ( #346 ), #1720, .T. ) ;
#4601 = DIRECTION ( 'NONE',  ( -1.000000000000000000, 0.000000000000000000, 0.000000000000000000 ) ) ;
#4602 = CIRCLE ( 'NONE', #1585, 2.000000000000001776 ) ;
#4603 = DIRECTION ( 'NONE',  ( -0.000000000000000000, -0.000000000000000000, -1.000000000000000000 ) ) ;
#4604 = CARTESIAN_POINT ( 'NONE',  ( 34.99999999999981526, 8.766791004082008509E-17, 29.00000000000000355 ) ) ;
#4605 =( GEOMETRIC_REPRESENTATION_CONTEXT ( 3 ) GLOBAL_UNCERTAINTY_ASSIGNED_CONTEXT ( ( #5968 ) ) GLOBAL_UNIT_ASSIGNED_CONTEXT ( ( #3838, #4420, #2919 ) ) REPRESENTATION_CONTEXT ( 'NONE', 'WORKASPACE' ) );
#4606 = DIRECTION ( 'NONE',  ( 1.000000000000000000, 0.000000000000000000, 0.000000000000000000 ) ) ;
#4607 = CARTESIAN_POINT ( 'NONE',  ( 40.99999999999990763, 651.0000000000000000, 0.000000000000000000 ) ) ;
#4608 = EDGE_CURVE ( 'NONE', #4936, #4473, #1130, .T. ) ;
#4609 = DIRECTION ( 'NONE',  ( -0.000000000000000000, -0.000000000000000000, -1.000000000000000000 ) ) ;
#4610 = DIRECTION ( 'NONE',  ( -1.000000000000000000, 0.000000000000000000, 0.000000000000000000 ) ) ;
#4611 = VECTOR ( 'NONE', #438, 1000.000000000000000 ) ;
#4612 = VERTEX_POINT ( 'NONE', #713 ) ;
#4613 = DIRECTION ( 'NONE',  ( -0.000000000000000000, -0.000000000000000000, 1.000000000000000000 ) ) ;
#4614 = CIRCLE ( 'NONE', #1985, 2.500000000000000000 ) ;
#4615 = ORIENTED_EDGE ( 'NONE', *, *, #1066, .F. ) ;
#4616 = EDGE_CURVE ( 'NONE', #1145, #5535, #434, .T. ) ;
#4617 = LINE ( 'NONE', #2789, #5797 ) ;
#4618 = CARTESIAN_POINT ( 'NONE',  ( 51.25000000000000711, 605.0000000000001137, 0.000000000000000000 ) ) ;
#4619 = CYLINDRICAL_SURFACE ( 'NONE', #2012, 2.000000000000001776 ) ;
#4620 = AXIS2_PLACEMENT_3D ( 'NONE', #3222, #1328, #4657 ) ;
#4621 = ORIENTED_EDGE ( 'NONE', *, *, #5053, .T. ) ;
#4622 = EDGE_LOOP ( 'NONE', ( #4541, #5869 ) ) ;
#4623 = CARTESIAN_POINT ( 'NONE',  ( -0.5917592592592589851, 3.906623289280057202E-16, -3.189999999999999947 ) ) ;
#4624 = CARTESIAN_POINT ( 'NONE',  ( 0.9999999999998059330, 650.0000000000000000, 28.99999999999999645 ) ) ;
#4625 = CARTESIAN_POINT ( 'NONE',  ( 9.999999999993889332, 543.0000000000012506, 0.000000000000000000 ) ) ;
#4626 = AXIS2_PLACEMENT_3D ( 'NONE', #2051, #4893, #191 ) ;
#4627 = EDGE_LOOP ( 'NONE', ( #2186, #974, #4864, #294 ) ) ;
#4628 = ORIENTED_EDGE ( 'NONE', *, *, #1147, .T. ) ;
#4629 = VECTOR ( 'NONE', #4719, 1000.000000000000000 ) ;
#4630 = DIRECTION ( 'NONE',  ( -1.000000000000000000, 0.000000000000000000, 0.000000000000000000 ) ) ;
#4631 = VECTOR ( 'NONE', #2330, 1000.000000000000000 ) ;
#4632 = VECTOR ( 'NONE', #4735, 1000.000000000000000 ) ;
#4633 = DIRECTION ( 'NONE',  ( -1.000000000000000000, 0.000000000000000000, 0.000000000000000000 ) ) ;
#4634 = PLANE ( 'NONE',  #3628 ) ;
#4635 = AXIS2_PLACEMENT_3D ( 'NONE', #4096, #862, #5591 ) ;
#4636 = CIRCLE ( 'NONE', #5911, 3.199999999999994404 ) ;
#4637 = DIRECTION ( 'NONE',  ( 1.000000000000000000, 0.000000000000000000, 0.000000000000000000 ) ) ;
#4638 = CARTESIAN_POINT ( 'NONE',  ( -72.00000000000001421, 1.999999999999988010, -765.0000000000000000 ) ) ;
#4639 = DIRECTION ( 'NONE',  ( -3.589083053745117718E-15, 0.000000000000000000, 1.000000000000000000 ) ) ;
#4640 = VECTOR ( 'NONE', #5635, 1000.000000000000000 ) ;
#4641 = SURFACE_SIDE_STYLE ('',( #2780 ) ) ;
#4642 = FILL_AREA_STYLE_COLOUR ( '', #839 ) ;
#4643 = AXIS2_PLACEMENT_3D ( 'NONE', #995, #3835, #3265 ) ;
#4644 = ADVANCED_FACE ( 'NONE', ( #1777 ), #3611, .T. ) ;
#4645 = EDGE_CURVE ( 'NONE', #417, #4571, #4538, .T. ) ;
#4646 = AXIS2_PLACEMENT_3D ( 'NONE', #1536, #3843, #4334 ) ;
#4647 = ORIENTED_EDGE ( 'NONE', *, *, #2557, .T. ) ;
#4648 = FACE_OUTER_BOUND ( 'NONE', #2315, .T. ) ;
#4649 = ORIENTED_EDGE ( 'NONE', *, *, #1257, .T. ) ;
#4650 = LINE ( 'NONE', #2232, #1307 ) ;
#4651 = DIRECTION ( 'NONE',  ( 0.000000000000000000, 0.000000000000000000, 1.000000000000000000 ) ) ;
#4652 = CARTESIAN_POINT ( 'NONE',  ( 38.99999999999982947, 670.0000000000000000, 27.00000000000001776 ) ) ;
#4653 = AXIS2_PLACEMENT_3D ( 'NONE', #5281, #122, #3872 ) ;
#4654 = ADVANCED_FACE ( 'NONE', ( #4127 ), #3667, .F. ) ;
#4655 = ORIENTED_EDGE ( 'NONE', *, *, #2216, .T. ) ;
#4656 = ORIENTED_EDGE ( 'NONE', *, *, #1025, .T. ) ;
#4657 = DIRECTION ( 'NONE',  ( -1.000000000000000000, 0.000000000000000000, 0.000000000000000000 ) ) ;
#4658 = CARTESIAN_POINT ( 'NONE',  ( 0.000000000000000000, 718.0000000000000000, -2.000000000000000000 ) ) ;
#4659 = CARTESIAN_POINT ( 'NONE',  ( -0.9999999999999911182, -1.224646799147342360E-16, -765.0000000000000000 ) ) ;
#4660 = CARTESIAN_POINT ( 'NONE',  ( 118.0000000000000000, 694.0000000000001137, 2.000000000000000000 ) ) ;
#4661 = CONTEXT_DEPENDENT_SHAPE_REPRESENTATION ( #2967, #2669 ) ;
#4662 = EDGE_CURVE ( 'NONE', #5670, #1611, #1406, .T. ) ;
#4663 = ORIENTED_EDGE ( 'NONE', *, *, #3500, .T. ) ;
#4664 = ORIENTED_EDGE ( 'NONE', *, *, #1749, .T. ) ;
#4665 = ORIENTED_EDGE ( 'NONE', *, *, #2252, .T. ) ;
#4666 = CARTESIAN_POINT ( 'NONE',  ( 33.00000000000000000, 348.0000000000001705, 0.000000000000000000 ) ) ;
#4667 = FILL_AREA_STYLE ('',( #5253 ) ) ;
#4668 = DIRECTION ( 'NONE',  ( 0.000000000000000000, 1.000000000000000000, 0.000000000000000000 ) ) ;
#4669 = CARTESIAN_POINT ( 'NONE',  ( 18.99999999999374367, 43.00000000000000000, 31.00000000000000000 ) ) ;
#4670 = DIRECTION ( 'NONE',  ( 0.000000000000000000, 0.000000000000000000, -1.000000000000000000 ) ) ;
#4671 = CARTESIAN_POINT ( 'NONE',  ( 57.99999999999998579, 368.5000000000000568, 0.000000000000000000 ) ) ;
#4672 = DIRECTION ( 'NONE',  ( -1.224646799147353207E-16, 1.000000000000000000, 0.000000000000000000 ) ) ;
#4673 = PRODUCT_DEFINITION_SHAPE ( 'NONE', 'NONE',  #6043 ) ;
#4674 = CIRCLE ( 'NONE', #1065, 3.499999999999999556 ) ;
#4675 = ORIENTED_EDGE ( 'NONE', *, *, #1024, .F. ) ;
#4676 = DIRECTION ( 'NONE',  ( -0.000000000000000000, -0.000000000000000000, -1.000000000000000000 ) ) ;
#4677 = ORIENTED_EDGE ( 'NONE', *, *, #1705, .T. ) ;
#4678 = DIRECTION ( 'NONE',  ( 0.000000000000000000, 0.000000000000000000, -1.000000000000000000 ) ) ;
#4679 = CARTESIAN_POINT ( 'NONE',  ( 104.2500000000000000, 635.0000000000000000, 3.827021247335479296E-16 ) ) ;
#4680 = DIRECTION ( 'NONE',  ( 0.000000000000000000, 0.000000000000000000, 1.000000000000000000 ) ) ;
#4681 = EDGE_CURVE ( 'NONE', #4101, #5413, #831, .T. ) ;
#4682 = EDGE_CURVE ( 'NONE', #2305, #5896, #3570, .T. ) ;
#4683 = ORIENTED_EDGE ( 'NONE', *, *, #5447, .F. ) ;
#4684 = CARTESIAN_POINT ( 'NONE',  ( 35.00000000000000000, 2.000000000000000000, -2.000000000000000000 ) ) ;
#4685 = EDGE_LOOP ( 'NONE', ( #2054, #300, #869, #5603 ) ) ;
#4686 =( REPRESENTATION_RELATIONSHIP ('NONE','NONE', #1948, #2369 ) REPRESENTATION_RELATIONSHIP_WITH_TRANSFORMATION ( #186 )SHAPE_REPRESENTATION_RELATIONSHIP( ) );
#4687 = PLANE ( 'NONE',  #4620 ) ;
#4688 = DIRECTION ( 'NONE',  ( -0.000000000000000000, -0.000000000000000000, 1.000000000000000000 ) ) ;
#4689 = FACE_OUTER_BOUND ( 'NONE', #1765, .T. ) ;
#4690 = ADVANCED_FACE ( 'NONE', ( #886 ), #1748, .T. ) ;
#4691 = CARTESIAN_POINT ( 'NONE',  ( 1.566999999999999948, 0.000000000000000000, 0.000000000000000000 ) ) ;
#4692 = ORIENTED_EDGE ( 'NONE', *, *, #5550, .F. ) ;
#4693 = ORIENTED_EDGE ( 'NONE', *, *, #3795, .T. ) ;
#4694 = VECTOR ( 'NONE', #790, 1000.000000000000000 ) ;
#4695 = EDGE_LOOP ( 'NONE', ( #813, #2562, #1685, #4585 ) ) ;
#4696 = ADVANCED_FACE ( 'NONE', ( #2749, #1840, #2343, #5073, #3695 ), #5100, .T. ) ;
#4697 = CARTESIAN_POINT ( 'NONE',  ( 47.79999999999837001, 193.0000000000003126, 0.000000000000000000 ) ) ;
#4698 = CARTESIAN_POINT ( 'NONE',  ( 33.00000000000000000, 522.0000000000010232, -2.000000000000000000 ) ) ;
#4699 = CARTESIAN_POINT ( 'NONE',  ( 35.00000000000003553, 348.0000000000001705, -2.000000000000000000 ) ) ;
#4700 = AXIS2_PLACEMENT_3D ( 'NONE', #2726, #4005, #3098 ) ;
#4701 = SURFACE_SIDE_STYLE ('',( #5763 ) ) ;
#4702 = LINE ( 'NONE', #1442, #4252 ) ;
#4703 = DIRECTION ( 'NONE',  ( 1.000000000000000000, 0.000000000000000000, 0.000000000000000000 ) ) ;
#4704 = CARTESIAN_POINT ( 'NONE',  ( 104.2500000000000000, 635.0000000000000000, 2.000000000000000000 ) ) ;
#4705 = VECTOR ( 'NONE', #88, 1000.000000000000000 ) ;
#4706 = ORIENTED_EDGE ( 'NONE', *, *, #3353, .T. ) ;
#4707 = ORIENTED_EDGE ( 'NONE', *, *, #3765, .T. ) ;
#4708 = FACE_OUTER_BOUND ( 'NONE', #5744, .T. ) ;
#4709 = EDGE_LOOP ( 'NONE', ( #2138, #6002, #3435, #1292 ) ) ;
#4710 = DIRECTION ( 'NONE',  ( 1.000000000000000000, 0.000000000000000000, 0.000000000000000000 ) ) ;
#4711 = PLANE ( 'NONE',  #568 ) ;
#4712 = CONICAL_SURFACE ( 'NONE', #1596, 2.500000000000000000, 0.7853981633974476129 ) ;
#4713 = EDGE_CURVE ( 'NONE', #4200, #715, #2009, .T. ) ;
#4714 = VERTEX_POINT ( 'NONE', #2781 ) ;
#4715 = DIRECTION ( 'NONE',  ( 1.000000000000000000, 0.000000000000000000, 0.000000000000000000 ) ) ;
#4716 = VERTEX_POINT ( 'NONE', #4580 ) ;
#4717 = CYLINDRICAL_SURFACE ( 'NONE', #729, 1.249999999999987121 ) ;
#4718 = DIRECTION ( 'NONE',  ( -1.387778780781448042E-14, 1.000000000000000000, 0.000000000000000000 ) ) ;
#4719 = DIRECTION ( 'NONE',  ( 1.000000000000000000, 4.111937128240389781E-15, -0.000000000000000000 ) ) ;
#4720 = CARTESIAN_POINT ( 'NONE',  ( 40.99999999999990763, 16.99999999999999289, 2.000000000000001776 ) ) ;
#4721 = ITEM_DEFINED_TRANSFORMATION ( 'NONE', 'NONE', #855,  #5721 ) ;
#4722 = AXIS2_PLACEMENT_3D ( 'NONE', #4278, #1950, #4637 ) ;
#4723 = EDGE_CURVE ( 'NONE', #218, #2728, #560, .T. ) ;
#4724 = ADVANCED_FACE ( 'NONE', ( #2927 ), #1984, .F. ) ;
#4725 = VERTEX_POINT ( 'NONE', #5683 ) ;
#4726 = VECTOR ( 'NONE', #3198, 1000.000000000000000 ) ;
#4727 = ORIENTED_EDGE ( 'NONE', *, *, #1282, .F. ) ;
#4728 = CARTESIAN_POINT ( 'NONE',  ( 36.99999999999982236, 18.00000000000001421, 27.00000000000001066 ) ) ;
#4729 = DIRECTION ( 'NONE',  ( -1.000000000000000000, 0.000000000000000000, 0.000000000000000000 ) ) ;
#4730 = CIRCLE ( 'NONE', #2772, 1.250000000000001110 ) ;
#4731 = EDGE_CURVE ( 'NONE', #4234, #4050, #973, .T. ) ;
#4732 = CIRCLE ( 'NONE', #1619, 1.000000000000000888 ) ;
#4733 = DIRECTION ( 'NONE',  ( -1.000000000000000000, 0.000000000000000000, 0.000000000000000000 ) ) ;
#4734 = DIRECTION ( 'NONE',  ( 1.000000000000000000, 0.000000000000000000, 0.000000000000000000 ) ) ;
#4735 = DIRECTION ( 'NONE',  ( 0.000000000000000000, -0.000000000000000000, 1.000000000000000000 ) ) ;
#4736 = DIRECTION ( 'NONE',  ( -1.000000000000000000, -3.512839483595690127E-17, -2.465190328815661892E-32 ) ) ;
#4737 = FACE_BOUND ( 'NONE', #5660, .T. ) ;
#4738 = AXIS2_PLACEMENT_3D ( 'NONE', #5799, #4367, #187 ) ;
#4739 = EDGE_CURVE ( 'NONE', #5541, #1327, #565, .T. ) ;
#4740 = ORIENTED_EDGE ( 'NONE', *, *, #1222, .T. ) ;
#4741 = VECTOR ( 'NONE', #3980, 1000.000000000000000 ) ;
#4742 = CARTESIAN_POINT ( 'NONE',  ( 7.999999999995149658, 173.0000000000009379, 0.000000000000000000 ) ) ;
#4743 = ORIENTED_EDGE ( 'NONE', *, *, #2034, .T. ) ;
#4744 = CARTESIAN_POINT ( 'NONE',  ( 33.00000000000000000, 348.0000000000001705, -2.000000000000000000 ) ) ;
#4745 = CARTESIAN_POINT ( 'NONE',  ( 7.999999999999989342, 121.0000000000001137, -2.000000000000000000 ) ) ;
#4746 =( GEOMETRIC_REPRESENTATION_CONTEXT ( 3 ) GLOBAL_UNCERTAINTY_ASSIGNED_CONTEXT ( ( #2344 ) ) GLOBAL_UNIT_ASSIGNED_CONTEXT ( ( #5321, #2721, #494 ) ) REPRESENTATION_CONTEXT ( 'NONE', 'WORKASPACE' ) );
#4747 = ORIENTED_EDGE ( 'NONE', *, *, #469, .F. ) ;
#4748 = FILL_AREA_STYLE_COLOUR ( '', #5096 ) ;
#4749 = ORIENTED_EDGE ( 'NONE', *, *, #2859, .T. ) ;
#4750 = ORIENTED_EDGE ( 'NONE', *, *, #2363, .F. ) ;
#4751 = DIRECTION ( 'NONE',  ( 3.589083053745117718E-15, -3.037105673444975163E-31, -1.000000000000000000 ) ) ;
#4752 = DIRECTION ( 'NONE',  ( 1.000000000000000000, 0.000000000000000000, 0.000000000000000000 ) ) ;
#4753 =( GEOMETRIC_REPRESENTATION_CONTEXT ( 3 ) GLOBAL_UNCERTAINTY_ASSIGNED_CONTEXT ( ( #1986 ) ) GLOBAL_UNIT_ASSIGNED_CONTEXT ( ( #2901, #3401, #3753 ) ) REPRESENTATION_CONTEXT ( 'NONE', 'WORKASPACE' ) );
#4754 = UNCERTAINTY_MEASURE_WITH_UNIT (LENGTH_MEASURE( 1.000000000000000082E-05 ), #4185, 'distance_accuracy_value', 'NONE');
#4755 = ORIENTED_EDGE ( 'NONE', *, *, #167, .T. ) ;
#4756 = PRODUCT_DEFINITION_CONTEXT ( 'detailed design', #5507, 'design' ) ;
#4757 = PRESENTATION_LAYER_ASSIGNMENT (  '', '', ( #1341 ) ) ;
#4758 = ORIENTED_EDGE ( 'NONE', *, *, #5793, .T. ) ;
#4759 = ORIENTED_EDGE ( 'NONE', *, *, #4772, .T. ) ;
#4760 = CARTESIAN_POINT ( 'NONE',  ( 87.79999999999834870, 95.00000000000031264, 2.000000000000000000 ) ) ;
#4761 = EDGE_CURVE ( 'NONE', #1171, #626, #3308, .T. ) ;
#4762 = CYLINDRICAL_SURFACE ( 'NONE', #2994, 1.250000000000001110 ) ;
#4763 = EDGE_CURVE ( 'NONE', #181, #3325, #2376, .T. ) ;
#4764 = DIRECTION ( 'NONE',  ( -1.000000000000000000, -1.224646799147353207E-16, 0.000000000000000000 ) ) ;
#4765 = CARTESIAN_POINT ( 'NONE',  ( 33.00000000000000000, 123.0000000000001990, -2.000000000000000000 ) ) ;
#4766 = CARTESIAN_POINT ( 'NONE',  ( 35.00000000000004974, 316.0000000000002274, 0.000000000000000000 ) ) ;
#4767 = EDGE_CURVE ( 'NONE', #380, #5454, #34, .T. ) ;
#4768 = ORIENTED_EDGE ( 'NONE', *, *, #5053, .F. ) ;
#4769 = CARTESIAN_POINT ( 'NONE',  ( 83.99999999999978684, 670.0000000000000000, 2.000000000000001776 ) ) ;
#4770 = ORIENTED_EDGE ( 'NONE', *, *, #1273, .T. ) ;
#4771 = CARTESIAN_POINT ( 'NONE',  ( 0.000000000000000000, 0.000000000000000000, -2.000000000000000000 ) ) ;
#4772 = EDGE_CURVE ( 'NONE', #1111, #3187, #69, .T. ) ;
#4773 = ORIENTED_EDGE ( 'NONE', *, *, #4761, .F. ) ;
#4774 =( LENGTH_UNIT ( ) NAMED_UNIT ( * ) SI_UNIT ( .MILLI., .METRE. ) );
#4775 = EDGE_LOOP ( 'NONE', ( #1006, #2365, #1430, #3562 ) ) ;
#4776 = LINE ( 'NONE', #2426, #41 ) ;
#4777 = CARTESIAN_POINT ( 'NONE',  ( 47.79999999999837001, 95.00000000000031264, 2.000000000000000000 ) ) ;
#4778 = LINE ( 'NONE', #5270, #3759 ) ;
#4779 = CIRCLE ( 'NONE', #967, 1.000000000000000888 ) ;
#4780 = ORIENTED_EDGE ( 'NONE', *, *, #874, .T. ) ;
#4781 = ORIENTED_EDGE ( 'NONE', *, *, #3130, .F. ) ;
#4782 = VERTEX_POINT ( 'NONE', #5626 ) ;
#4783 = CARTESIAN_POINT ( 'NONE',  ( 35.00000000000000000, 314.0000000000001137, 0.000000000000000000 ) ) ;
#4784 = DIRECTION ( 'NONE',  ( 0.000000000000000000, 0.000000000000000000, -1.000000000000000000 ) ) ;
#4785 = ADVANCED_FACE ( 'NONE', ( #5283 ), #1472, .T. ) ;
#4786 = EDGE_CURVE ( 'NONE', #4071, #2429, #2980, .T. ) ;
#4787 = CARTESIAN_POINT ( 'NONE',  ( 22.49999999999596056, 237.0000000000000000, 28.99999999999999645 ) ) ;
#4788 = CYLINDRICAL_SURFACE ( 'NONE', #5617, 2.000000000000001776 ) ;
#4789 = CIRCLE ( 'NONE', #700, 2.000000000000000000 ) ;
#4790 = DIRECTION ( 'NONE',  ( 0.000000000000000000, 1.000000000000000000, 0.000000000000000000 ) ) ;
#4791 = CIRCLE ( 'NONE', #1085, 3.986666666666669467 ) ;
#4792 = EDGE_LOOP ( 'NONE', ( #3073, #2637, #2827, #2300 ) ) ;
#4793 = ADVANCED_FACE ( 'NONE', ( #591, #4823, #3844, #5741, #3788, #1444, #2438, #4737, #1954, #3812, #5653, #3427, #3367, #2952, #4335, #5233, #1041 ), #4306, .F. ) ;
#4794 = DIRECTION ( 'NONE',  ( 0.000000000000000000, 0.000000000000000000, -1.000000000000000000 ) ) ;
#4795 = ORIENTED_EDGE ( 'NONE', *, *, #2322, .F. ) ;
#4796 = CYLINDRICAL_SURFACE ( 'NONE', #1517, 2.000000000000000000 ) ;
#4797 = CIRCLE ( 'NONE', #416, 4.320000000000000284 ) ;
#4798 = ADVANCED_FACE ( 'NONE', ( #3402 ), #5260, .F. ) ;
#4799 = ORIENTED_EDGE ( 'NONE', *, *, #3820, .F. ) ;
#4800 = DIRECTION ( 'NONE',  ( -1.000000000000000000, 0.000000000000000000, 0.000000000000000000 ) ) ;
#4801 = VECTOR ( 'NONE', #18, 1000.000000000000000 ) ;
#4802 = CIRCLE ( 'NONE', #3348, 1.000000000000000888 ) ;
#4803 = EDGE_LOOP ( 'NONE', ( #3340, #286, #898, #3625 ) ) ;
#4804 = CYLINDRICAL_SURFACE ( 'NONE', #1108, 2.000000000000000000 ) ;
#4805 = CARTESIAN_POINT ( 'NONE',  ( 19.99999999999855760, 468.9999999999999432, -2.000000000000000000 ) ) ;
#4806 = FACE_OUTER_BOUND ( 'NONE', #5506, .T. ) ;
#4807 = VECTOR ( 'NONE', #5596, 1000.000000000000000 ) ;
#4808 = UNCERTAINTY_MEASURE_WITH_UNIT (LENGTH_MEASURE( 1.000000000000000082E-05 ), #5650, 'distance_accuracy_value', 'NONE');
#4809 = EDGE_LOOP ( 'NONE', ( #3552, #1870, #1449, #3035, #4376, #2660, #771, #4591, #1644, #4999 ) ) ;
#4810 = ORIENTED_EDGE ( 'NONE', *, *, #1093, .T. ) ;
#4811 = CIRCLE ( 'NONE', #1697, 1.000000000000000000 ) ;
#4812 = DIRECTION ( 'NONE',  ( -1.000000000000000000, 0.000000000000000000, 0.000000000000000000 ) ) ;
#4813 = ORIENTED_EDGE ( 'NONE', *, *, #5087, .T. ) ;
#4814 = CARTESIAN_POINT ( 'NONE',  ( 40.99999999999990763, 650.0000000000000000, 31.00000000000000711 ) ) ;
#4815 = AXIS2_PLACEMENT_3D ( 'NONE', #2911, #4295, #4840 ) ;
#4816 = FACE_OUTER_BOUND ( 'NONE', #1026, .T. ) ;
#4817 = VERTEX_POINT ( 'NONE', #1895 ) ;
#4818 = LINE ( 'NONE', #643, #4031 ) ;
#4819 = DIRECTION ( 'NONE',  ( -1.000000000000000000, 0.000000000000000000, 0.000000000000000000 ) ) ;
#4820 = DIRECTION ( 'NONE',  ( -1.000000000000000000, 0.000000000000000000, 0.000000000000000000 ) ) ;
#4821 = AXIS2_PLACEMENT_3D ( 'NONE', #1871, #5599, #3728 ) ;
#4822 = DIRECTION ( 'NONE',  ( -1.000000000000000000, -3.512839483595690127E-17, -2.465190328815661892E-32 ) ) ;
#4823 = FACE_BOUND ( 'NONE', #2132, .T. ) ;
#4824 = VECTOR ( 'NONE', #3013, 1000.000000000000000 ) ;
#4825 = AXIS2_PLACEMENT_3D ( 'NONE', #3314, #4710, #75 ) ;
#4826 = CARTESIAN_POINT ( 'NONE',  ( -72.00000000000000000, 79.99999999999998579, 0.000000000000000000 ) ) ;
#4827 = ORIENTED_EDGE ( 'NONE', *, *, #3576, .F. ) ;
#4828 = DIRECTION ( 'NONE',  ( 0.000000000000000000, 1.000000000000000000, 0.000000000000000000 ) ) ;
#4829 = FACE_OUTER_BOUND ( 'NONE', #4775, .T. ) ;
#4830 = CARTESIAN_POINT ( 'NONE',  ( -7.027031451465280589E-15, 670.0000000000000000, 25.00100000000000833 ) ) ;
#4831 = VECTOR ( 'NONE', #5179, 1000.000000000000000 ) ;
#4832 = AXIS2_PLACEMENT_3D ( 'NONE', #5231, #5710, #2834 ) ;
#4833 = ADVANCED_FACE ( 'NONE', ( #2021 ), #648, .T. ) ;
#4834 = ADVANCED_FACE ( 'NONE', ( #4023 ), #275, .F. ) ;
#4835 = AXIS2_PLACEMENT_3D ( 'NONE', #631, #4352, #5247 ) ;
#4836 = VERTEX_POINT ( 'NONE', #1245 ) ;
#4837 = CIRCLE ( 'NONE', #5812, 2.500000000000000000 ) ;
#4838 = FACE_BOUND ( 'NONE', #1268, .T. ) ;
#4839 = ORIENTED_EDGE ( 'NONE', *, *, #2673, .T. ) ;
#4840 = DIRECTION ( 'NONE',  ( 0.000000000000000000, 0.000000000000000000, -1.000000000000000000 ) ) ;
#4841 = DIRECTION ( 'NONE',  ( 1.000000000000000000, 0.000000000000000000, 0.000000000000000000 ) ) ;
#4842 = DIRECTION ( 'NONE',  ( 0.000000000000000000, 0.000000000000000000, 1.000000000000000000 ) ) ;
#4843 = VECTOR ( 'NONE', #5908, 1000.000000000000000 ) ;
#4844 = ADVANCED_FACE ( 'NONE', ( #707, #1625, #3049, #5767, #3901 ), #2556, .T. ) ;
#4845 = AXIS2_PLACEMENT_3D ( 'NONE', #966, #1859, #4183 ) ;
#4846 = ORIENTED_EDGE ( 'NONE', *, *, #2865, .F. ) ;
#4847 = MECHANICAL_DESIGN_GEOMETRIC_PRESENTATION_REPRESENTATION (  '', ( #1435 ), #1827 ) ;
#4848 = ORIENTED_EDGE ( 'NONE', *, *, #701, .F. ) ;
#4849 = CARTESIAN_POINT ( 'NONE',  ( 33.00000000000000000, 175.0000000000009379, 0.000000000000000000 ) ) ;
#4850 = CYLINDRICAL_SURFACE ( 'NONE', #2527, 3.199999999999994404 ) ;
#4851 = EDGE_CURVE ( 'NONE', #2187, #203, #5129, .T. ) ;
#4852 = CARTESIAN_POINT ( 'NONE',  ( 35.00000000000000000, 0.000000000000000000, 0.000000000000000000 ) ) ;
#4853 = EDGE_LOOP ( 'NONE', ( #85, #175 ) ) ;
#4854 = FACE_OUTER_BOUND ( 'NONE', #516, .T. ) ;
#4855 = FACE_OUTER_BOUND ( 'NONE', #4695, .T. ) ;
#4856 = FACE_OUTER_BOUND ( 'NONE', #2272, .T. ) ;
#4857 = CARTESIAN_POINT ( 'NONE',  ( 0.000000000000000000, 0.000000000000000000, -2.000000000000000000 ) ) ;
#4858 = ORIENTED_EDGE ( 'NONE', *, *, #2619, .F. ) ;
#4859 = CYLINDRICAL_SURFACE ( 'NONE', #5592, 3.199999999999994404 ) ;
#4860 = EDGE_LOOP ( 'NONE', ( #4311, #3103, #2614, #628 ) ) ;
#4861 = VERTEX_POINT ( 'NONE', #5403 ) ;
#4862 = DIRECTION ( 'NONE',  ( -1.000000000000000000, 0.000000000000000000, 0.000000000000000000 ) ) ;
#4863 = DIRECTION ( 'NONE',  ( -0.000000000000000000, -0.000000000000000000, 1.000000000000000000 ) ) ;
#4864 = ORIENTED_EDGE ( 'NONE', *, *, #775, .T. ) ;
#4865 = CARTESIAN_POINT ( 'NONE',  ( 101.1999999999999886, 368.5000000000000568, -1.163414459189982921E-15 ) ) ;
#4866 = EDGE_CURVE ( 'NONE', #1167, #1455, #3077, .T. ) ;
#4867 = ORIENTED_EDGE ( 'NONE', *, *, #406, .F. ) ;
#4868 = EDGE_CURVE ( 'NONE', #4011, #3530, #1426, .T. ) ;
#4869 = CARTESIAN_POINT ( 'NONE',  ( -2.449293598294706414E-16, 2.000000000000000000, -765.0000000000000000 ) ) ;
#4870 = CYLINDRICAL_SURFACE ( 'NONE', #5677, 2.000000000000001776 ) ;
#4871 = FACE_OUTER_BOUND ( 'NONE', #5103, .T. ) ;
#4872 = ORIENTED_EDGE ( 'NONE', *, *, #2296, .T. ) ;
#4873 = ORIENTED_EDGE ( 'NONE', *, *, #359, .F. ) ;
#4874 = AXIS2_PLACEMENT_3D ( 'NONE', #1559, #151, #3424 ) ;
#4875 = EDGE_CURVE ( 'NONE', #1474, #1521, #4837, .T. ) ;
#4876 = ORIENTED_EDGE ( 'NONE', *, *, #4179, .T. ) ;
#4877 = SHAPE_REPRESENTATION ( 'KVT SS-M5-0', ( #5721 ), #2890 ) ;
#4878 = LINE ( 'NONE', #4414, #1903 ) ;
#4879 =( NAMED_UNIT ( * ) SI_UNIT ( $, .STERADIAN. ) SOLID_ANGLE_UNIT ( ) );
#4880 = CARTESIAN_POINT ( 'NONE',  ( 17.00000000000003908, 318.0000000000002274, 0.000000000000000000 ) ) ;
#4881 = ORIENTED_EDGE ( 'NONE', *, *, #4394, .T. ) ;
#4882 = EDGE_CURVE ( 'NONE', #1445, #3969, #5861, .T. ) ;
#4883 = CARTESIAN_POINT ( 'NONE',  ( 41.49999999999990763, 651.8660254037844197, 31.00100000000000833 ) ) ;
#4884 =( NAMED_UNIT ( * ) SI_UNIT ( $, .STERADIAN. ) SOLID_ANGLE_UNIT ( ) );
#4885 =( REPRESENTATION_RELATIONSHIP ('NONE','NONE', #1948, #4877 ) REPRESENTATION_RELATIONSHIP_WITH_TRANSFORMATION ( #3932 )SHAPE_REPRESENTATION_RELATIONSHIP( ) );
#4886 = DIRECTION ( 'NONE',  ( 0.000000000000000000, -0.000000000000000000, -1.000000000000000000 ) ) ;
#4887 = DIRECTION ( 'NONE',  ( 1.000000000000000000, 0.000000000000000000, 0.000000000000000000 ) ) ;
#4888 = ORIENTED_EDGE ( 'NONE', *, *, #5391, .F. ) ;
#4889 = CYLINDRICAL_SURFACE ( 'NONE', #4519, 2.000000000000000000 ) ;
#4890 = AXIS2_PLACEMENT_3D ( 'NONE', #3961, #1210, #5832 ) ;
#4891 = ORIENTED_EDGE ( 'NONE', *, *, #547, .F. ) ;
#4892 = ORIENTED_EDGE ( 'NONE', *, *, #5949, .F. ) ;
#4893 = DIRECTION ( 'NONE',  ( -0.000000000000000000, -0.000000000000000000, -1.000000000000000000 ) ) ;
#4894 =( NAMED_UNIT ( * ) SI_UNIT ( $, .STERADIAN. ) SOLID_ANGLE_UNIT ( ) );
#4895 = CARTESIAN_POINT ( 'NONE',  ( 16.79999999999784777, 679.9999999999998863, -2.000000000000000000 ) ) ;
#4896 = VECTOR ( 'NONE', #5386, 1000.000000000000000 ) ;
#4897 = VERTEX_POINT ( 'NONE', #304 ) ;
#4898 = FACE_BOUND ( 'NONE', #653, .T. ) ;
#4899 = ORIENTED_EDGE ( 'NONE', *, *, #5180, .T. ) ;
#4900 = DIRECTION ( 'NONE',  ( 0.000000000000000000, 0.000000000000000000, 1.000000000000000000 ) ) ;
#4901 = CIRCLE ( 'NONE', #2256, 2.066999999999999726 ) ;
#4902 = CARTESIAN_POINT ( 'NONE',  ( -72.00000000000000000, 79.99999999999998579, -765.0000000000000000 ) ) ;
#4903 = EDGE_CURVE ( 'NONE', #3357, #2168, #5423, .T. ) ;
#4904 = PRESENTATION_LAYER_ASSIGNMENT (  '', '', ( #1188 ) ) ;
#4905 = VERTEX_POINT ( 'NONE', #213 ) ;
#4906 = VERTEX_POINT ( 'NONE', #245 ) ;
#4907 = EDGE_LOOP ( 'NONE', ( #3989, #3159, #3952, #1994 ) ) ;
#4908 = CARTESIAN_POINT ( 'NONE',  ( 117.0000000000000000, 1.000000000000000000, 0.000000000000000000 ) ) ;
#4909 = FILL_AREA_STYLE ('',( #2432 ) ) ;
#4910 = EDGE_CURVE ( 'NONE', #2306, #4034, #5835, .T. ) ;
#4911 = EDGE_CURVE ( 'NONE', #1611, #2768, #1181, .T. ) ;
#4912 = FILL_AREA_STYLE ('',( #609 ) ) ;
#4913 = AXIS2_PLACEMENT_3D ( 'NONE', #376, #4551, #2718 ) ;
#4914 = ORIENTED_EDGE ( 'NONE', *, *, #2773, .T. ) ;
#4915 = FILL_AREA_STYLE ('',( #2016 ) ) ;
#4916 = CARTESIAN_POINT ( 'NONE',  ( 35.00000000000000000, 0.000000000000000000, -2.000000000000000000 ) ) ;
#4917 = CARTESIAN_POINT ( 'NONE',  ( 35.00000000000000000, 591.9999999999997726, 0.000000000000000000 ) ) ;
#4918 = FACE_OUTER_BOUND ( 'NONE', #4138, .T. ) ;
#4919 = AXIS2_PLACEMENT_3D ( 'NONE', #6004, #2762, #449 ) ;
#4920 = ADVANCED_FACE ( 'NONE', ( #4918 ), #2106, .T. ) ;
#4921 = FACE_OUTER_BOUND ( 'NONE', #2242, .T. ) ;
#4922 = VECTOR ( 'NONE', #352, 1000.000000000000000 ) ;
#4923 = CARTESIAN_POINT ( 'NONE',  ( 33.00000000000000000, 2.000000000000000000, 0.000000000000000000 ) ) ;
#4924 = EDGE_LOOP ( 'NONE', ( #2737, #4192 ) ) ;
#4925 = CARTESIAN_POINT ( 'NONE',  ( 50.00000000000000000, 605.0000000000001137, -1.040949779275235965E-16 ) ) ;
#4926 = CARTESIAN_POINT ( 'NONE',  ( 41.99999999999990763, 0.000000000000000000, 0.000000000000000000 ) ) ;
#4927 = EDGE_CURVE ( 'NONE', #2708, #4714, #1653, .T. ) ;
#4928 = ORIENTED_EDGE ( 'NONE', *, *, #396, .T. ) ;
#4929 = DIRECTION ( 'NONE',  ( 1.000000000000000000, 0.000000000000000000, 0.000000000000000000 ) ) ;
#4930 = ORIENTED_EDGE ( 'NONE', *, *, #3868, .T. ) ;
#4931 = AXIS2_PLACEMENT_3D ( 'NONE', #814, #5883, #4504 ) ;
#4932 = DIRECTION ( 'NONE',  ( 1.000000000000000000, 0.000000000000000000, 0.000000000000000000 ) ) ;
#4933 = DIRECTION ( 'NONE',  ( -1.000000000000000000, 0.000000000000000000, 0.000000000000000000 ) ) ;
#4934 = VECTOR ( 'NONE', #809, 1000.000000000000000 ) ;
#4935 = UNCERTAINTY_MEASURE_WITH_UNIT (LENGTH_MEASURE( 1.000000000000000082E-05 ), #4303, 'distance_accuracy_value', 'NONE');
#4936 = VERTEX_POINT ( 'NONE', #3512 ) ;
#4937 = ORIENTED_EDGE ( 'NONE', *, *, #1779, .F. ) ;
#4938 = AXIS2_PLACEMENT_3D ( 'NONE', #3818, #2052, #2843 ) ;
#4939 = DIRECTION ( 'NONE',  ( -1.000000000000000000, 0.000000000000000000, 0.000000000000000000 ) ) ;
#4940 = SURFACE_STYLE_USAGE ( .BOTH. , #4595 ) ;
#4941 = ORIENTED_EDGE ( 'NONE', *, *, #2157, .F. ) ;
#4942 = ORIENTED_EDGE ( 'NONE', *, *, #3378, .F. ) ;
#4943 = CARTESIAN_POINT ( 'NONE',  ( -0.7699999999999999067, 0.000000000000000000, -3.189999999999999947 ) ) ;
#4944 = EDGE_CURVE ( 'NONE', #4237, #583, #3574, .T. ) ;
#4945 = EDGE_CURVE ( 'NONE', #538, #1460, #736, .T. ) ;
#4946 = CYLINDRICAL_SURFACE ( 'NONE', #5620, 3.199999999999994404 ) ;
#4947 = PRODUCT_DEFINITION_FORMATION_WITH_SPECIFIED_SOURCE ( 'ANY', '', #4140, .NOT_KNOWN. ) ;
#4948 = DIRECTION ( 'NONE',  ( -0.000000000000000000, -0.000000000000000000, -1.000000000000000000 ) ) ;
#4949 = DIRECTION ( 'NONE',  ( -0.000000000000000000, -0.000000000000000000, -1.000000000000000000 ) ) ;
#4950 = CARTESIAN_POINT ( 'NONE',  ( 102.2499999999999858, 85.00000000000000000, 2.000000000000000000 ) ) ;
#4951 = ORIENTED_EDGE ( 'NONE', *, *, #783, .F. ) ;
#4952 = EDGE_CURVE ( 'NONE', #279, #4452, #3380, .T. ) ;
#4953 = DIRECTION ( 'NONE',  ( -0.000000000000000000, 0.000000000000000000, -1.000000000000000000 ) ) ;
#4954 = LINE ( 'NONE', #311, #642 ) ;
#4955 = ORIENTED_EDGE ( 'NONE', *, *, #2304, .F. ) ;
#4956 = CARTESIAN_POINT ( 'NONE',  ( 104.2500000000000000, 65.00000000000002842, 0.000000000000000000 ) ) ;
#4957 = VERTEX_POINT ( 'NONE', #2992 ) ;
#4958 = EDGE_CURVE ( 'NONE', #1522, #218, #2246, .T. ) ;
#4959 = DIRECTION ( 'NONE',  ( -1.000000000000000000, 0.000000000000000000, 0.000000000000000000 ) ) ;
#4960 = CARTESIAN_POINT ( 'NONE',  ( 41.99999999999990763, 1.000000000000000000, 0.000000000000000000 ) ) ;
#4961 = DIRECTION ( 'NONE',  ( -0.000000000000000000, -0.000000000000000000, 1.000000000000000000 ) ) ;
#4962 = ORIENTED_EDGE ( 'NONE', *, *, #5614, .T. ) ;
#4963 =( REPRESENTATION_RELATIONSHIP ('NONE','NONE', #1948, #4877 ) REPRESENTATION_RELATIONSHIP_WITH_TRANSFORMATION ( #1830 )SHAPE_REPRESENTATION_RELATIONSHIP( ) );
#4964 = ORIENTED_EDGE ( 'NONE', *, *, #5520, .T. ) ;
#4965 = ORIENTED_EDGE ( 'NONE', *, *, #3566, .T. ) ;
#4966 = ORIENTED_EDGE ( 'NONE', *, *, #5801, .T. ) ;
#4967 = DIRECTION ( 'NONE',  ( -1.000000000000000000, 0.000000000000000000, 0.000000000000000000 ) ) ;
#4968 = CONICAL_SURFACE ( 'NONE', #3019, 4.320000000000000284, 0.7853981633974476129 ) ;
#4969 = ORIENTED_EDGE ( 'NONE', *, *, #3493, .F. ) ;
#4970 = ORIENTED_EDGE ( 'NONE', *, *, #745, .F. ) ;
#4971 = CARTESIAN_POINT ( 'NONE',  ( 9.999999999993887556, 541.0000000000012506, 0.000000000000000000 ) ) ;
#4972 = CYLINDRICAL_SURFACE ( 'NONE', #3748, 3.200000000000001510 ) ;
#4973 = CARTESIAN_POINT ( 'NONE',  ( 107.4499999999999886, 665.0000000000000000, 0.000000000000000000 ) ) ;
#4974 = ADVANCED_FACE ( 'NONE', ( #5982 ), #5037, .F. ) ;
#4975 = CARTESIAN_POINT ( 'NONE',  ( 18.99999999999798206, 431.0000000000000000, 28.99999999999999645 ) ) ;
#4976 = VECTOR ( 'NONE', #2213, 1000.000000000000000 ) ;
#4977 = LINE ( 'NONE', #3579, #5106 ) ;
#4978 = CARTESIAN_POINT ( 'NONE',  ( 94.79999999999999716, 368.5000000000000568, 0.000000000000000000 ) ) ;
#4979 = ORIENTED_EDGE ( 'NONE', *, *, #810, .F. ) ;
#4980 = DIRECTION ( 'NONE',  ( -0.000000000000000000, -0.000000000000000000, -1.000000000000000000 ) ) ;
#4981 = DIRECTION ( 'NONE',  ( -1.000000000000000000, 0.000000000000000000, 0.000000000000000000 ) ) ;
#4982 = ADVANCED_FACE ( 'NONE', ( #1800 ), #5924, .T. ) ;
#4983 = ORIENTED_EDGE ( 'NONE', *, *, #140, .T. ) ;
#4984 = CARTESIAN_POINT ( 'NONE',  ( 78.69999999999846807, 159.9999999999999716, 0.000000000000000000 ) ) ;
#4985 = ORIENTED_EDGE ( 'NONE', *, *, #954, .F. ) ;
#4986 =( LENGTH_UNIT ( ) NAMED_UNIT ( * ) SI_UNIT ( .MILLI., .METRE. ) );
#4987 = FACE_OUTER_BOUND ( 'NONE', #293, .T. ) ;
#4988 = DIRECTION ( 'NONE',  ( 0.000000000000000000, 1.000000000000000000, 0.000000000000000000 ) ) ;
#4989 = VERTEX_POINT ( 'NONE', #425 ) ;
#4990 = AXIS2_PLACEMENT_3D ( 'NONE', #4510, #2133, #4391 ) ;
#4991 = ADVANCED_FACE ( 'NONE', ( #2276 ), #880, .T. ) ;
#4992 = ORIENTED_EDGE ( 'NONE', *, *, #3114, .T. ) ;
#4993 = VECTOR ( 'NONE', #4169, 1000.000000000000000 ) ;
#4994 = ORIENTED_EDGE ( 'NONE', *, *, #2954, .F. ) ;
#4995 = ORIENTED_EDGE ( 'NONE', *, *, #4910, .F. ) ;
#4996 = CARTESIAN_POINT ( 'NONE',  ( 50.00000000000000000, 85.00000000000000000, 0.000000000000000000 ) ) ;
#4997 = CONTEXT_DEPENDENT_SHAPE_REPRESENTATION ( #4686, #575 ) ;
#4998 = ORIENTED_EDGE ( 'NONE', *, *, #3234, .F. ) ;
#4999 = ORIENTED_EDGE ( 'NONE', *, *, #4097, .F. ) ;
#5000 = CIRCLE ( 'NONE', #2847, 1.000000000000000888 ) ;
#5001 = CYLINDRICAL_SURFACE ( 'NONE', #1675, 1.000000000000000000 ) ;
#5002 = CARTESIAN_POINT ( 'NONE',  ( 84.99999999999980105, 670.0000000000000000, 0.000000000000000000 ) ) ;
#5003 = FACE_OUTER_BOUND ( 'NONE', #554, .T. ) ;
#5004 = AXIS2_PLACEMENT_3D ( 'NONE', #3903, #1630, #1216 ) ;
#5005 = DIRECTION ( 'NONE',  ( 1.000000000000000000, 0.000000000000000000, 0.000000000000000000 ) ) ;
#5006 = CARTESIAN_POINT ( 'NONE',  ( 101.0499999999999972, 65.00000000000002842, 3.827021247335479296E-16 ) ) ;
#5007 = VERTEX_POINT ( 'NONE', #1302 ) ;
#5008 = CARTESIAN_POINT ( 'NONE',  ( 50.00000000000000000, 85.00000000000000000, 2.000000000000000000 ) ) ;
#5009 = AXIS2_PLACEMENT_3D ( 'NONE', #4302, #5256, #2410 ) ;
#5010 =( NAMED_UNIT ( * ) PLANE_ANGLE_UNIT ( ) SI_UNIT ( $, .RADIAN. ) );
#5011 = AXIS2_PLACEMENT_3D ( 'NONE', #2325, #1358, #2797 ) ;
#5012 = ORIENTED_EDGE ( 'NONE', *, *, #4163, .F. ) ;
#5013 = CARTESIAN_POINT ( 'NONE',  ( 40.99999999999990763, 652.7320508075689531, 1.999999999999998224 ) ) ;
#5014 = EDGE_LOOP ( 'NONE', ( #5427, #3875, #5113, #789 ) ) ;
#5015 = CARTESIAN_POINT ( 'NONE',  ( 4.271332174772342958E-15, 649.0000000000000000, 28.99999999999999645 ) ) ;
#5016 = LINE ( 'NONE', #2632, #5088 ) ;
#5017 = CARTESIAN_POINT ( 'NONE',  ( 85.99999999999980105, 695.0000000000001137, 2.000000000000000000 ) ) ;
#5018 = EDGE_CURVE ( 'NONE', #669, #1445, #3763, .T. ) ;
#5019 = ORIENTED_EDGE ( 'NONE', *, *, #2664, .F. ) ;
#5020 = EDGE_CURVE ( 'NONE', #3202, #3538, #3716, .T. ) ;
#5021 = CIRCLE ( 'NONE', #5699, 2.000000000000000000 ) ;
#5022 = EDGE_LOOP ( 'NONE', ( #4615, #661, #963, #697 ) ) ;
#5023 = AXIS2_PLACEMENT_3D ( 'NONE', #205, #2544, #1112 ) ;
#5024 = AXIS2_PLACEMENT_3D ( 'NONE', #5378, #3906, #2624 ) ;
#5025 = ORIENTED_EDGE ( 'NONE', *, *, #701, .T. ) ;
#5026 = LINE ( 'NONE', #4592, #3260 ) ;
#5027 = LINE ( 'NONE', #786, #4976 ) ;
#5028 = ADVANCED_FACE ( 'NONE', ( #3171 ), #337, .F. ) ;
#5029 = DIRECTION ( 'NONE',  ( -1.000000000000000000, 0.000000000000000000, 0.000000000000000000 ) ) ;
#5030 = CONTEXT_DEPENDENT_SHAPE_REPRESENTATION ( #5821, #487 ) ;
#5031 = CONICAL_SURFACE ( 'NONE', #5706, 2.066999999999999726, 0.7853981633974476129 ) ;
#5032 = ORIENTED_EDGE ( 'NONE', *, *, #3234, .T. ) ;
#5033 = ORIENTED_EDGE ( 'NONE', *, *, #3855, .F. ) ;
#5034 = VECTOR ( 'NONE', #5312, 1000.000000000000000 ) ;
#5035 = ADVANCED_FACE ( 'NONE', ( #1367 ), #3232, .F. ) ;
#5036 = CARTESIAN_POINT ( 'NONE',  ( 33.00000000000000000, 520.0000000000010232, -2.000000000000000000 ) ) ;
#5037 = CYLINDRICAL_SURFACE ( 'NONE', #2585, 3.200000000000005063 ) ;
#5038 = VECTOR ( 'NONE', #475, 1000.000000000000000 ) ;
#5039 = AXIS2_PLACEMENT_3D ( 'NONE', #5158, #5615, #1432 ) ;
#5040 = LINE ( 'NONE', #858, #1490 ) ;
#5041 = DIRECTION ( 'NONE',  ( -1.224646799147353207E-16, 1.000000000000000000, 0.000000000000000000 ) ) ;
#5042 = DIRECTION ( 'NONE',  ( 0.000000000000000000, 0.000000000000000000, 1.000000000000000000 ) ) ;
#5043 = CARTESIAN_POINT ( 'NONE',  ( 35.00000000000003553, 348.0000000000001705, -2.000000000000000000 ) ) ;
#5044 = DIRECTION ( 'NONE',  ( 0.000000000000000000, 0.000000000000000000, 1.000000000000000000 ) ) ;
#5045 = DIRECTION ( 'NONE',  ( 0.000000000000000000, 0.000000000000000000, -1.000000000000000000 ) ) ;
#5046 = ORIENTED_EDGE ( 'NONE', *, *, #3930, .T. ) ;
#5047 = ORIENTED_EDGE ( 'NONE', *, *, #2285, .T. ) ;
#5048 = FILL_AREA_STYLE ('',( #1781 ) ) ;
#5049 = ORIENTED_EDGE ( 'NONE', *, *, #2035, .F. ) ;
#5050 = CARTESIAN_POINT ( 'NONE',  ( 19.99999999999927880, 257.9999999999998863, -2.000000000000000000 ) ) ;
#5051 = FACE_OUTER_BOUND ( 'NONE', #4792, .T. ) ;
#5052 = FACE_OUTER_BOUND ( 'NONE', #4508, .T. ) ;
#5053 = EDGE_CURVE ( 'NONE', #1240, #2073, #1340, .T. ) ;
#5054 = EDGE_CURVE ( 'NONE', #718, #4473, #1400, .T. ) ;
#5055 = ORIENTED_EDGE ( 'NONE', *, *, #589, .F. ) ;
#5056 = EDGE_LOOP ( 'NONE', ( #3880, #3497, #3641, #1965 ) ) ;
#5057 = LINE ( 'NONE', #508, #1303 ) ;
#5058 = DIRECTION ( 'NONE',  ( 0.000000000000000000, 0.000000000000000000, 1.000000000000000000 ) ) ;
#5059 = ORIENTED_EDGE ( 'NONE', *, *, #2775, .T. ) ;
#5060 = DIRECTION ( 'NONE',  ( -0.000000000000000000, -0.000000000000000000, 1.000000000000000000 ) ) ;
#5061 = PRODUCT_CONTEXT ( 'NONE', #4265, 'mechanical' ) ;
#5062 = EDGE_CURVE ( 'NONE', #1706, #2217, #460, .T. ) ;
#5063 = ORIENTED_EDGE ( 'NONE', *, *, #4952, .F. ) ;
#5064 = VERTEX_POINT ( 'NONE', #2308 ) ;
#5065 = LINE ( 'NONE', #395, #5130 ) ;
#5066 = DIRECTION ( 'NONE',  ( -0.000000000000000000, -0.000000000000000000, -1.000000000000000000 ) ) ;
#5067 = ADVANCED_FACE ( 'NONE', ( #1742, #3689, #1835, #5553, #3267 ), #4184, .F. ) ;
#5068 = DIRECTION ( 'NONE',  ( -1.000000000000000000, 0.000000000000000000, 0.000000000000000000 ) ) ;
#5069 = CYLINDRICAL_SURFACE ( 'NONE', #2666, 3.499999999999999556 ) ;
#5070 = CARTESIAN_POINT ( 'NONE',  ( 33.00000000000000000, 0.000000000000000000, -2.000000000000000000 ) ) ;
#5071 = VECTOR ( 'NONE', #2435, 1000.000000000000000 ) ;
#5072 = DIRECTION ( 'NONE',  ( 1.000000000000000000, 0.000000000000000000, 0.000000000000000000 ) ) ;
#5073 = FACE_BOUND ( 'NONE', #4853, .T. ) ;
#5074 = VERTEX_POINT ( 'NONE', #4056 ) ;
#5075 = CARTESIAN_POINT ( 'NONE',  ( 117.0000000000000000, 695.0000000000001137, 2.000000000000000000 ) ) ;
#5076 = ORIENTED_EDGE ( 'NONE', *, *, #5335, .F. ) ;
#5077 = CARTESIAN_POINT ( 'NONE',  ( 2.000000000000000000, 2.000000000000000000, -2.000000000000000000 ) ) ;
#5078 = DIRECTION ( 'NONE',  ( -1.000000000000000000, 0.000000000000000000, 0.000000000000000000 ) ) ;
#5079 = CARTESIAN_POINT ( 'NONE',  ( 50.99999999999837286, 95.00000000000031264, 2.000000000000000000 ) ) ;
#5080 = ORIENTED_EDGE ( 'NONE', *, *, #5287, .F. ) ;
#5081 = ORIENTED_EDGE ( 'NONE', *, *, #90, .T. ) ;
#5082 = DIRECTION ( 'NONE',  ( 1.000000000000000000, 0.000000000000000000, 0.000000000000000000 ) ) ;
#5083 = CIRCLE ( 'NONE', #1961, 3.200000000000001510 ) ;
#5084 = CARTESIAN_POINT ( 'NONE',  ( 99.75000000000000000, 85.00000000000000000, 0.000000000000000000 ) ) ;
#5085 = DIRECTION ( 'NONE',  ( 1.000000000000000000, 0.000000000000000000, -0.000000000000000000 ) ) ;
#5086 = CONTEXT_DEPENDENT_SHAPE_REPRESENTATION ( #4963, #3603 ) ;
#5087 = EDGE_CURVE ( 'NONE', #2030, #2305, #5462, .T. ) ;
#5088 = VECTOR ( 'NONE', #2124, 1000.000000000000000 ) ;
#5089 = ORIENTED_EDGE ( 'NONE', *, *, #469, .T. ) ;
#5090 = EDGE_LOOP ( 'NONE', ( #4951, #3311 ) ) ;
#5091 = LINE ( 'NONE', #5461, #3287 ) ;
#5092 = CIRCLE ( 'NONE', #4017, 3.199999999999984190 ) ;
#5093 = ADVANCED_FACE ( 'NONE', ( #5003 ), #2682, .T. ) ;
#5094 = DIRECTION ( 'NONE',  ( 1.000000000000000000, 0.000000000000000000, 0.000000000000000000 ) ) ;
#5095 = EDGE_CURVE ( 'NONE', #5355, #690, #1434, .T. ) ;
#5096 = COLOUR_RGB ( '',0.5294117647058823595, 0.5490196078431373028, 0.5490196078431373028 ) ;
#5097 = DIRECTION ( 'NONE',  ( -1.000000000000000000, -3.083952846180988111E-15, -0.000000000000000000 ) ) ;
#5098 = CARTESIAN_POINT ( 'NONE',  ( 40.99999999999990763, 0.000000000000000000, -1.734723475976807094E-15 ) ) ;
#5099 = DIRECTION ( 'NONE',  ( 0.000000000000000000, 0.000000000000000000, 1.000000000000000000 ) ) ;
#5100 = PLANE ( 'NONE',  #6007 ) ;
#5101 = EDGE_CURVE ( 'NONE', #2429, #5319, #87, .T. ) ;
#5102 = CIRCLE ( 'NONE', #1787, 3.200000000000001510 ) ;
#5103 = EDGE_LOOP ( 'NONE', ( #2289, #4647, #4810, #906 ) ) ;
#5104 = ORIENTED_EDGE ( 'NONE', *, *, #595, .T. ) ;
#5105 = DIRECTION ( 'NONE',  ( -0.000000000000000000, -0.000000000000000000, -1.000000000000000000 ) ) ;
#5106 = VECTOR ( 'NONE', #306, 1000.000000000000000 ) ;
#5107 = ORIENTED_EDGE ( 'NONE', *, *, #783, .T. ) ;
#5108 = FACE_OUTER_BOUND ( 'NONE', #24, .T. ) ;
#5109 = CARTESIAN_POINT ( 'NONE',  ( -152.0000000000000000, -1.861463134703976776E-14, -765.0000000000000000 ) ) ;
#5110 = CARTESIAN_POINT ( 'NONE',  ( 35.00000000000000000, 0.000000000000000000, -2.000000000000000000 ) ) ;
#5111 = EDGE_CURVE ( 'NONE', #2210, #4989, #1465, .T. ) ;
#5112 = VECTOR ( 'NONE', #5371, 1000.000000000000000 ) ;
#5113 = ORIENTED_EDGE ( 'NONE', *, *, #1242, .F. ) ;
#5114 = EDGE_LOOP ( 'NONE', ( #5326, #84, #4318, #4706 ) ) ;
#5115 = PRODUCT_DEFINITION_SHAPE ( 'NONE', 'NONE',  #6032 ) ;
#5116 = PLANE ( 'NONE',  #5011 ) ;
#5117 = CARTESIAN_POINT ( 'NONE',  ( 35.00000000000000000, 520.0000000000010232, 0.000000000000000000 ) ) ;
#5118 = STYLED_ITEM ( 'NONE', ( #170 ), #2705 ) ;
#5119 = CARTESIAN_POINT ( 'NONE',  ( 17.00000000000003553, 346.0000000000001705, 0.000000000000000000 ) ) ;
#5120 = DIRECTION ( 'NONE',  ( 9.760171490198437539E-17, -8.259121274930149578E-33, -1.000000000000000000 ) ) ;
#5121 = ITEM_DEFINED_TRANSFORMATION ( 'NONE', 'NONE', #5726,  #5721 ) ;
#5122 = CIRCLE ( 'NONE', #5024, 0.9999999999999997780 ) ;
#5123 = VERTEX_POINT ( 'NONE', #556 ) ;
#5124 = VERTEX_POINT ( 'NONE', #5160 ) ;
#5125 = CARTESIAN_POINT ( 'NONE',  ( 1.666666666666670071, 5.290474172316565973E-16, -4.320000000000000284 ) ) ;
#5126 = VECTOR ( 'NONE', #1634, 1000.000000000000000 ) ;
#5127 = DIRECTION ( 'NONE',  ( -0.000000000000000000, -0.000000000000000000, -1.000000000000000000 ) ) ;
#5128 = CARTESIAN_POINT ( 'NONE',  ( 9.999999999993887556, 541.0000000000012506, -2.000000000000000000 ) ) ;
#5129 = CIRCLE ( 'NONE', #3285, 2.000000000000001776 ) ;
#5130 = VECTOR ( 'NONE', #4630, 1000.000000000000000 ) ;
#5131 = EDGE_CURVE ( 'NONE', #5896, #4989, #4301, .T. ) ;
#5132 = ADVANCED_FACE ( 'NONE', ( #2405 ), #2336, .F. ) ;
#5133 = CARTESIAN_POINT ( 'NONE',  ( -150.0000000000000000, 119.9999999999999858, -1.000000000000000888 ) ) ;
#5134 = LINE ( 'NONE', #4638, #488 ) ;
#5135 = DIRECTION ( 'NONE',  ( -1.000000000000000000, 0.000000000000000000, 0.000000000000000000 ) ) ;
#5136 = CIRCLE ( 'NONE', #1031, 3.499999999999999556 ) ;
#5137 =( LENGTH_UNIT ( ) NAMED_UNIT ( * ) SI_UNIT ( .MILLI., .METRE. ) );
#5138 = DIRECTION ( 'NONE',  ( -0.000000000000000000, -0.000000000000000000, -1.000000000000000000 ) ) ;
#5139 = VECTOR ( 'NONE', #25, 1000.000000000000000 ) ;
#5140 = VECTOR ( 'NONE', #162, 1000.000000000000000 ) ;
#5141 = EDGE_CURVE ( 'NONE', #2147, #238, #3330, .T. ) ;
#5142 = VERTEX_POINT ( 'NONE', #3866 ) ;
#5143 = CARTESIAN_POINT ( 'NONE',  ( 48.75000000000000000, 85.00000000000000000, 2.000000000000000000 ) ) ;
#5144 = ORIENTED_EDGE ( 'NONE', *, *, #624, .T. ) ;
#5145 = DIRECTION ( 'NONE',  ( -0.000000000000000000, -0.000000000000000000, -1.000000000000000000 ) ) ;
#5146 = DIRECTION ( 'NONE',  ( 0.000000000000000000, 0.000000000000000000, 1.000000000000000000 ) ) ;
#5147 = LINE ( 'NONE', #1846, #4640 ) ;
#5148 = EDGE_CURVE ( 'NONE', #5753, #2005, #2026, .T. ) ;
#5149 = EDGE_CURVE ( 'NONE', #2768, #3613, #5222, .T. ) ;
#5150 = ORIENTED_EDGE ( 'NONE', *, *, #5636, .T. ) ;
#5151 = EDGE_LOOP ( 'NONE', ( #5244, #1264, #1083, #5771 ) ) ;
#5152 = CARTESIAN_POINT ( 'NONE',  ( 35.00000000000000000, 0.000000000000000000, 0.000000000000000000 ) ) ;
#5153 = DIRECTION ( 'NONE',  ( 0.000000000000000000, 0.000000000000000000, 1.000000000000000000 ) ) ;
#5154 = DIRECTION ( 'NONE',  ( -0.000000000000000000, -0.000000000000000000, -1.000000000000000000 ) ) ;
#5155 = DIRECTION ( 'NONE',  ( 1.000000000000000000, 0.000000000000000000, 9.376883653928686131E-17 ) ) ;
#5156 = EDGE_LOOP ( 'NONE', ( #3919, #4930, #4876, #4207 ) ) ;
#5157 = EDGE_LOOP ( 'NONE', ( #4272, #1631, #2348, #72 ) ) ;
#5158 = CARTESIAN_POINT ( 'NONE',  ( 100.9999999999999858, 85.00000000000000000, 2.000000000000000000 ) ) ;
#5159 = ORIENTED_EDGE ( 'NONE', *, *, #3533, .T. ) ;
#5160 = CARTESIAN_POINT ( 'NONE',  ( 0.000000000000000000, 0.000000000000000000, -4.320000000000000284 ) ) ;
#5161 = DIRECTION ( 'NONE',  ( -0.000000000000000000, -0.000000000000000000, 1.000000000000000000 ) ) ;
#5162 = DIRECTION ( 'NONE',  ( -0.000000000000000000, -0.000000000000000000, -1.000000000000000000 ) ) ;
#5163 = CARTESIAN_POINT ( 'NONE',  ( -150.0000000000000000, -1.861463134703976776E-14, 0.000000000000000000 ) ) ;
#5164 = DIRECTION ( 'NONE',  ( 0.000000000000000000, 0.000000000000000000, 1.000000000000000000 ) ) ;
#5165 = DIRECTION ( 'NONE',  ( -1.000000000000000000, 8.462065736472249571E-17, 0.000000000000000000 ) ) ;
#5166 = EDGE_CURVE ( 'NONE', #258, #181, #5735, .T. ) ;
#5167 = ORIENTED_EDGE ( 'NONE', *, *, #2102, .T. ) ;
#5168 = CARTESIAN_POINT ( 'NONE',  ( 35.00000000000000000, 350.0000000000001137, 0.000000000000000000 ) ) ;
#5169 = EDGE_LOOP ( 'NONE', ( #3975, #4447, #2829, #2605 ) ) ;
#5170 = CARTESIAN_POINT ( 'NONE',  ( 32.99999999999999289, 154.0000000000007958, -2.000000000000000000 ) ) ;
#5171 = DIRECTION ( 'NONE',  ( -0.000000000000000000, 1.000000000000000000, -0.000000000000000000 ) ) ;
#5172 = EDGE_CURVE ( 'NONE', #2447, #3977, #3583, .T. ) ;
#5173 = ORIENTED_EDGE ( 'NONE', *, *, #4281, .F. ) ;
#5174 = DIRECTION ( 'NONE',  ( -1.000000000000000000, 0.000000000000000000, 0.000000000000000000 ) ) ;
#5175 = VERTEX_POINT ( 'NONE', #4698 ) ;
#5176 = DIRECTION ( 'NONE',  ( 1.000000000000000000, 0.000000000000000000, 0.000000000000000000 ) ) ;
#5177 = LINE ( 'NONE', #5117, #112 ) ;
#5178 = DIRECTION ( 'NONE',  ( 0.000000000000000000, 0.000000000000000000, -1.000000000000000000 ) ) ;
#5179 = DIRECTION ( 'NONE',  ( -0.000000000000000000, -0.000000000000000000, -1.000000000000000000 ) ) ;
#5180 = EDGE_CURVE ( 'NONE', #4050, #2306, #5676, .T. ) ;
#5181 = ORIENTED_EDGE ( 'NONE', *, *, #27, .T. ) ;
#5182 = AXIS2_PLACEMENT_3D ( 'NONE', #3708, #2799, #3351 ) ;
#5183 = ORIENTED_EDGE ( 'NONE', *, *, #1788, .T. ) ;
#5184 = DIRECTION ( 'NONE',  ( 0.000000000000000000, 0.000000000000000000, -1.000000000000000000 ) ) ;
#5185 = DIRECTION ( 'NONE',  ( 0.000000000000000000, 0.000000000000000000, 1.000000000000000000 ) ) ;
#5186 = EDGE_CURVE ( 'NONE', #3671, #1820, #3781, .T. ) ;
#5187 = DIRECTION ( 'NONE',  ( 0.000000000000000000, 1.000000000000000000, -0.000000000000000000 ) ) ;
#5188 = ORIENTED_EDGE ( 'NONE', *, *, #1331, .T. ) ;
#5189 = LINE ( 'NONE', #1440, #1794 ) ;
#5190 = AXIS2_PLACEMENT_3D ( 'NONE', #2620, #3577, #1770 ) ;
#5191 = FACE_OUTER_BOUND ( 'NONE', #2803, .T. ) ;
#5192 = ORIENTED_EDGE ( 'NONE', *, *, #5730, .F. ) ;
#5193 = CARTESIAN_POINT ( 'NONE',  ( -130.0000000000021885, 117.6149999999999523, -303.0000000000001137 ) ) ;
#5194 = DIRECTION ( 'NONE',  ( 1.000000000000000000, -0.000000000000000000, -0.000000000000000000 ) ) ;
#5195 = STYLED_ITEM ( 'NONE', ( #2424 ), #1479 ) ;
#5196 =( REPRESENTATION_RELATIONSHIP ('NONE','NONE', #1948, #4877 ) REPRESENTATION_RELATIONSHIP_WITH_TRANSFORMATION ( #1762 )SHAPE_REPRESENTATION_RELATIONSHIP( ) );
#5197 = ORIENTED_EDGE ( 'NONE', *, *, #1204, .F. ) ;
#5198 = LINE ( 'NONE', #1931, #1397 ) ;
#5199 = ORIENTED_EDGE ( 'NONE', *, *, #124, .T. ) ;
#5200 = CARTESIAN_POINT ( 'NONE',  ( 9.999999999995150546, 173.0000000000009379, -2.000000000000000000 ) ) ;
#5201 = AXIS2_PLACEMENT_3D ( 'NONE', #3736, #4594, #2360 ) ;
#5202 = AXIS2_PLACEMENT_3D ( 'NONE', #5631, #1448, #681 ) ;
#5203 = DIRECTION ( 'NONE',  ( -1.000000000000000000, 0.000000000000000000, -3.469446951953611033E-15 ) ) ;
#5204 = CIRCLE ( 'NONE', #3157, 3.153542764081299854 ) ;
#5205 = ORIENTED_EDGE ( 'NONE', *, *, #5736, .T. ) ;
#5206 = DIRECTION ( 'NONE',  ( -1.000000000000000000, -1.652117596168368774E-16, 0.000000000000000000 ) ) ;
#5207 = EDGE_CURVE ( 'NONE', #5551, #4237, #2896, .T. ) ;
#5208 = VERTEX_POINT ( 'NONE', #1030 ) ;
#5209 = ADVANCED_FACE ( 'NONE', ( #2893 ), #4762, .F. ) ;
#5210 = DIRECTION ( 'NONE',  ( 0.000000000000000000, 0.000000000000000000, -1.000000000000000000 ) ) ;
#5211 = LINE ( 'NONE', #2852, #2542 ) ;
#5212 = DIRECTION ( 'NONE',  ( 1.000000000000000000, 0.000000000000000000, 0.000000000000000000 ) ) ;
#5213 =( GEOMETRIC_REPRESENTATION_CONTEXT ( 3 ) GLOBAL_UNCERTAINTY_ASSIGNED_CONTEXT ( ( #1520 ) ) GLOBAL_UNIT_ASSIGNED_CONTEXT ( ( #4330, #2551, #676 ) ) REPRESENTATION_CONTEXT ( 'NONE', 'WORKASPACE' ) );
#5214 = MANIFOLD_SOLID_BREP ( 'Verrundung1', #1563 ) ;
#5215 = ORIENTED_EDGE ( 'NONE', *, *, #5636, .F. ) ;
#5216 = AXIS2_PLACEMENT_3D ( 'NONE', #1388, #4141, #5605 ) ;
#5217 = EDGE_LOOP ( 'NONE', ( #2196, #3733, #4010, #3727 ) ) ;
#5218 = ADVANCED_FACE ( 'NONE', ( #5758 ), #4850, .F. ) ;
#5219 = ORIENTED_EDGE ( 'NONE', *, *, #1338, .T. ) ;
#5220 = CARTESIAN_POINT ( 'NONE',  ( 2.000000000000000000, 0.000000000000000000, 0.000000000000000000 ) ) ;
#5221 = PRODUCT_DEFINITION_SHAPE ( 'NONE', 'NONE',  #6040 ) ;
#5222 = LINE ( 'NONE', #1977, #5435 ) ;
#5223 = AXIS2_PLACEMENT_3D ( 'NONE', #410, #2261, #4134 ) ;
#5224 = LINE ( 'NONE', #3690, #3917 ) ;
#5225 = EDGE_CURVE ( 'NONE', #1455, #3669, #235, .T. ) ;
#5226 = CIRCLE ( 'NONE', #56, 2.000000000000001776 ) ;
#5227 = DIRECTION ( 'NONE',  ( 1.000000000000000000, 0.000000000000000000, 0.000000000000000000 ) ) ;
#5228 = AXIS2_PLACEMENT_3D ( 'NONE', #5008, #378, #5590 ) ;
#5229 = LINE ( 'NONE', #5709, #2235 ) ;
#5230 = MANIFOLD_SOLID_BREP ( 'Importiert1', #290 ) ;
#5231 = CARTESIAN_POINT ( 'NONE',  ( 83.99999999999978684, 671.0000000000000000, 0.000000000000000000 ) ) ;
#5232 = CARTESIAN_POINT ( 'NONE',  ( -2.385000000000001563, 15.75000000000005507, -675.0000000000000000 ) ) ;
#5233 = FACE_BOUND ( 'NONE', #2241, .T. ) ;
#5234 = AXIS2_PLACEMENT_3D ( 'NONE', #405, #5138, #3754 ) ;
#5235 = AXIS2_PLACEMENT_3D ( 'NONE', #4188, #4095, #5988 ) ;
#5236 = AXIS2_PLACEMENT_3D ( 'NONE', #5848, #2150, #2608 ) ;
#5237 = DIRECTION ( 'NONE',  ( 1.000000000000000000, -0.000000000000000000, -0.000000000000000000 ) ) ;
#5238 = VERTEX_POINT ( 'NONE', #5882 ) ;
#5239 = LINE ( 'NONE', #4771, #3369 ) ;
#5240 = CARTESIAN_POINT ( 'NONE',  ( 35.00000000000000000, 0.000000000000000000, -2.000000000000000000 ) ) ;
#5241 = MANIFOLD_SOLID_BREP ( 'Verrundung2', #3118 ) ;
#5242 = ORIENTED_EDGE ( 'NONE', *, *, #4281, .T. ) ;
#5243 = CARTESIAN_POINT ( 'NONE',  ( 19.99999999999783284, 679.9999999999998863, 0.000000000000000000 ) ) ;
#5244 = ORIENTED_EDGE ( 'NONE', *, *, #5141, .F. ) ;
#5245 = CARTESIAN_POINT ( 'NONE',  ( 33.00000000000000000, 0.000000000000000000, 0.000000000000000000 ) ) ;
#5246 = LINE ( 'NONE', #3413, #3036 ) ;
#5247 = DIRECTION ( 'NONE',  ( 1.000000000000000000, 0.000000000000000000, 0.000000000000000000 ) ) ;
#5248 = EDGE_CURVE ( 'NONE', #3997, #2005, #724, .T. ) ;
#5249 = EDGE_LOOP ( 'NONE', ( #620, #4044, #1081, #5215 ) ) ;
#5250 = ORIENTED_EDGE ( 'NONE', *, *, #4459, .F. ) ;
#5251 = LINE ( 'NONE', #518, #4354 ) ;
#5252 = VERTEX_POINT ( 'NONE', #1760 ) ;
#5253 = FILL_AREA_STYLE_COLOUR ( '', #3185 ) ;
#5254 = ADVANCED_FACE ( 'NONE', ( #5914 ), #5428, .T. ) ;
#5255 = LINE ( 'NONE', #2491, #5488 ) ;
#5256 = DIRECTION ( 'NONE',  ( 0.000000000000000000, 0.000000000000000000, -1.000000000000000000 ) ) ;
#5257 = LINE ( 'NONE', #2921, #3233 ) ;
#5258 = CARTESIAN_POINT ( 'NONE',  ( 40.99999999999990763, 1.000000000000000000, 1.999999999999998224 ) ) ;
#5259 = DIRECTION ( 'NONE',  ( -1.000000000000000000, -3.512839483595690127E-17, -2.465190328815661892E-32 ) ) ;
#5260 = PLANE ( 'NONE',  #746 ) ;
#5261 = EDGE_CURVE ( 'NONE', #1356, #3178, #2639, .T. ) ;
#5262 = CARTESIAN_POINT ( 'NONE',  ( 84.99999999999980105, 694.0000000000001137, 2.000000000000001776 ) ) ;
#5263 = ORIENTED_EDGE ( 'NONE', *, *, #5768, .F. ) ;
#5264 = DIRECTION ( 'NONE',  ( 1.000000000000000000, 3.597944987211152007E-15, 0.000000000000000000 ) ) ;
#5265 = ORIENTED_EDGE ( 'NONE', *, *, #5447, .T. ) ;
#5266 = DIRECTION ( 'NONE',  ( -1.000000000000000000, 0.000000000000000000, 0.000000000000000000 ) ) ;
#5267 = ORIENTED_EDGE ( 'NONE', *, *, #3121, .F. ) ;
#5268 = DIRECTION ( 'NONE',  ( -0.000000000000000000, 1.000000000000000000, -0.000000000000000000 ) ) ;
#5269 = DIRECTION ( 'NONE',  ( 0.000000000000000000, 0.000000000000000000, -1.000000000000000000 ) ) ;
#5270 = CARTESIAN_POINT ( 'NONE',  ( 118.0000000000000000, 1.000000000000000000, 2.000000000000000000 ) ) ;
#5271 = ORIENTED_EDGE ( 'NONE', *, *, #3743, .T. ) ;
#5272 = ORIENTED_EDGE ( 'NONE', *, *, #3566, .F. ) ;
#5273 = DIRECTION ( 'NONE',  ( -0.000000000000000000, -0.000000000000000000, -1.000000000000000000 ) ) ;
#5274 = SURFACE_STYLE_FILL_AREA ( #4909 ) ;
#5275 = CYLINDRICAL_SURFACE ( 'NONE', #2457, 2.000000000000000000 ) ;
#5276 = CARTESIAN_POINT ( 'NONE',  ( 87.79999999999834870, 95.00000000000031264, 0.000000000000000000 ) ) ;
#5277 = DIRECTION ( 'NONE',  ( 0.000000000000000000, 0.000000000000000000, 1.000000000000000000 ) ) ;
#5278 = EDGE_CURVE ( 'NONE', #496, #5410, #4098, .T. ) ;
#5279 = ADVANCED_FACE ( 'NONE', ( #5482 ), #1294, .F. ) ;
#5280 = CARTESIAN_POINT ( 'NONE',  ( 41.99999999999990763, 669.0000000000000000, 31.00000000000000711 ) ) ;
#5281 = CARTESIAN_POINT ( 'NONE',  ( -1.669699118774689153E-14, 120.0000000000002132, -740.0000000000001137 ) ) ;
#5282 = AXIS2_PLACEMENT_3D ( 'NONE', #958, #1423, #1389 ) ;
#5283 = FACE_OUTER_BOUND ( 'NONE', #4291, .T. ) ;
#5284 = AXIS2_PLACEMENT_3D ( 'NONE', #3385, #2969, #2058 ) ;
#5285 = DIRECTION ( 'NONE',  ( -4.111937128241308804E-15, -1.000000000000000000, 0.000000000000000000 ) ) ;
#5286 = ORIENTED_EDGE ( 'NONE', *, *, #4616, .T. ) ;
#5287 = EDGE_CURVE ( 'NONE', #5802, #4106, #5027, .T. ) ;
#5288 = CARTESIAN_POINT ( 'NONE',  ( 9.999999999999921840, 596.0000000000001137, -2.000000000000000000 ) ) ;
#5289 = CARTESIAN_POINT ( 'NONE',  ( 38.99999999999982947, 18.00000000000001421, 27.00000000000001776 ) ) ;
#5290 = DIRECTION ( 'NONE',  ( 0.000000000000000000, 0.000000000000000000, -1.000000000000000000 ) ) ;
#5291 = VERTEX_POINT ( 'NONE', #4045 ) ;
#5292 = FACE_OUTER_BOUND ( 'NONE', #3488, .T. ) ;
#5293 = ORIENTED_EDGE ( 'NONE', *, *, #3894, .T. ) ;
#5294 = ADVANCED_FACE ( 'NONE', ( #4081 ), #2579, .T. ) ;
#5295 =( NAMED_UNIT ( * ) PLANE_ANGLE_UNIT ( ) SI_UNIT ( $, .RADIAN. ) );
#5296 = CARTESIAN_POINT ( 'NONE',  ( 0.000000000000000000, 0.000000000000000000, 0.000000000000000000 ) ) ;
#5297 = CARTESIAN_POINT ( 'NONE',  ( 22.49999999999798206, 431.0000000000000000, 28.99999999999999645 ) ) ;
#5298 = EDGE_LOOP ( 'NONE', ( #1600, #2354, #4740, #1044 ) ) ;
#5299 = CIRCLE ( 'NONE', #907, 3.199999999999994404 ) ;
#5300 = ORIENTED_EDGE ( 'NONE', *, *, #547, .T. ) ;
#5301 = VERTEX_POINT ( 'NONE', #760 ) ;
#5302 = VERTEX_POINT ( 'NONE', #5395 ) ;
#5303 = VECTOR ( 'NONE', #4733, 1000.000000000000000 ) ;
#5304 = FACE_OUTER_BOUND ( 'NONE', #3918, .T. ) ;
#5305 = PRESENTATION_STYLE_ASSIGNMENT (( #3893 ) ) ;
#5306 = AXIS2_PLACEMENT_3D ( 'NONE', #1939, #198, #5666 ) ;
#5307 = EDGE_LOOP ( 'NONE', ( #1645, #307, #448, #407 ) ) ;
#5308 = DIRECTION ( 'NONE',  ( -1.000000000000000000, 0.000000000000000000, 0.000000000000000000 ) ) ;
#5309 = LINE ( 'NONE', #1586, #3802 ) ;
#5310 = FACE_OUTER_BOUND ( 'NONE', #803, .T. ) ;
#5311 = MECHANICAL_DESIGN_GEOMETRIC_PRESENTATION_REPRESENTATION (  '', ( #5118 ), #1704 ) ;
#5312 = DIRECTION ( 'NONE',  ( -0.000000000000000000, -0.000000000000000000, -1.000000000000000000 ) ) ;
#5313 = EDGE_CURVE ( 'NONE', #1356, #991, #4564, .T. ) ;
#5314 = EDGE_CURVE ( 'NONE', #2622, #3514, #3255, .T. ) ;
#5315 = CIRCLE ( 'NONE', #4643, 1.250000000000001110 ) ;
#5316 = AXIS2_PLACEMENT_3D ( 'NONE', #1595, #1657, #4371 ) ;
#5317 = CARTESIAN_POINT ( 'NONE',  ( 90.99999999999837996, 193.0000000000003126, 0.000000000000000000 ) ) ;
#5318 = EDGE_LOOP ( 'NONE', ( #1261, #4848, #4398, #4914 ) ) ;
#5319 = VERTEX_POINT ( 'NONE', #1912 ) ;
#5320 = DIRECTION ( 'NONE',  ( 0.000000000000000000, -0.000000000000000000, -1.000000000000000000 ) ) ;
#5321 =( LENGTH_UNIT ( ) NAMED_UNIT ( * ) SI_UNIT ( .MILLI., .METRE. ) );
#5322 = FACE_OUTER_BOUND ( 'NONE', #4133, .T. ) ;
#5323 = VECTOR ( 'NONE', #3879, 1000.000000000000000 ) ;
#5324 = CIRCLE ( 'NONE', #4832, 1.000000000000000888 ) ;
#5325 = EDGE_CURVE ( 'NONE', #3064, #1380, #1439, .T. ) ;
#5326 = ORIENTED_EDGE ( 'NONE', *, *, #4129, .T. ) ;
#5327 = AXIS2_PLACEMENT_3D ( 'NONE', #2135, #3993, #766 ) ;
#5328 = DIRECTION ( 'NONE',  ( 1.000000000000000000, 0.000000000000000000, 0.000000000000000000 ) ) ;
#5329 = ORIENTED_EDGE ( 'NONE', *, *, #1957, .T. ) ;
#5330 =( NAMED_UNIT ( * ) SI_UNIT ( $, .STERADIAN. ) SOLID_ANGLE_UNIT ( ) );
#5331 = DIRECTION ( 'NONE',  ( -0.000000000000000000, -0.000000000000000000, -1.000000000000000000 ) ) ;
#5332 = CARTESIAN_POINT ( 'NONE',  ( 40.99999999999990763, 652.7320508075689531, 0.000000000000000000 ) ) ;
#5333 = VECTOR ( 'NONE', #894, 1000.000000000000000 ) ;
#5334 = CIRCLE ( 'NONE', #5039, 1.249999999999987121 ) ;
#5335 = EDGE_CURVE ( 'NONE', #4011, #5514, #3774, .T. ) ;
#5336 = ORIENTED_EDGE ( 'NONE', *, *, #483, .T. ) ;
#5337 = VERTEX_POINT ( 'NONE', #959 ) ;
#5338 = ORIENTED_EDGE ( 'NONE', *, *, #1401, .T. ) ;
#5339 = PLANE ( 'NONE',  #655 ) ;
#5340 = DIRECTION ( 'NONE',  ( -0.000000000000000000, -0.000000000000000000, -1.000000000000000000 ) ) ;
#5341 = VERTEX_POINT ( 'NONE', #3321 ) ;
#5342 = CARTESIAN_POINT ( 'NONE',  ( 0.000000000000000000, 2.000000000000000000, -2.000000000000000000 ) ) ;
#5343 = DIRECTION ( 'NONE',  ( -0.000000000000000000, -0.000000000000000000, -1.000000000000000000 ) ) ;
#5344 = DIRECTION ( 'NONE',  ( 0.000000000000000000, 0.000000000000000000, 1.000000000000000000 ) ) ;
#5345 = DIRECTION ( 'NONE',  ( 0.000000000000000000, 0.000000000000000000, -1.000000000000000000 ) ) ;
#5346 = DIRECTION ( 'NONE',  ( 0.000000000000000000, 0.000000000000000000, -1.000000000000000000 ) ) ;
#5347 = ORIENTED_EDGE ( 'NONE', *, *, #1057, .T. ) ;
#5348 = ORIENTED_EDGE ( 'NONE', *, *, #4875, .T. ) ;
#5349 = DIRECTION ( 'NONE',  ( -0.000000000000000000, 0.000000000000000000, 1.000000000000000000 ) ) ;
#5350 = DIRECTION ( 'NONE',  ( 1.000000000000000000, 0.000000000000000000, 0.000000000000000000 ) ) ;
#5351 = LINE ( 'NONE', #5412, #149 ) ;
#5352 = EDGE_CURVE ( 'NONE', #2688, #5945, #48, .T. ) ;
#5353 = ORIENTED_EDGE ( 'NONE', *, *, #2183, .F. ) ;
#5354 = DIRECTION ( 'NONE',  ( 1.000000000000000000, 0.000000000000000000, 0.000000000000000000 ) ) ;
#5355 = VERTEX_POINT ( 'NONE', #5641 ) ;
#5356 = CARTESIAN_POINT ( 'NONE',  ( 2.000000000000000000, 0.000000000000000000, -3.761792452830190037 ) ) ;
#5357 = FACE_OUTER_BOUND ( 'NONE', #3028, .T. ) ;
#5358 = CARTESIAN_POINT ( 'NONE',  ( 101.0499999999999972, 635.0000000000000000, 3.827021247335479296E-16 ) ) ;
#5359 = EDGE_CURVE ( 'NONE', #1256, #5805, #323, .T. ) ;
#5360 = ORIENTED_EDGE ( 'NONE', *, *, #3601, .F. ) ;
#5361 = EDGE_CURVE ( 'NONE', #3187, #1145, #999, .T. ) ;
#5362 = ORIENTED_EDGE ( 'NONE', *, *, #1452, .F. ) ;
#5363 = ORIENTED_EDGE ( 'NONE', *, *, #4172, .T. ) ;
#5364 = VERTEX_POINT ( 'NONE', #900 ) ;
#5365 = FILL_AREA_STYLE_COLOUR ( '', #2828 ) ;
#5366 = EDGE_CURVE ( 'NONE', #818, #3022, #2558, .T. ) ;
#5367 = CARTESIAN_POINT ( 'NONE',  ( 35.00000000000000000, 543.0000000000012506, 0.000000000000000000 ) ) ;
#5368 = SURFACE_STYLE_USAGE ( .BOTH. , #2070 ) ;
#5369 = DIRECTION ( 'NONE',  ( 0.000000000000000000, 1.000000000000000000, 0.000000000000000000 ) ) ;
#5370 = ORIENTED_EDGE ( 'NONE', *, *, #4911, .T. ) ;
#5371 = DIRECTION ( 'NONE',  ( -0.000000000000000000, -0.000000000000000000, -1.000000000000000000 ) ) ;
#5372 = CARTESIAN_POINT ( 'NONE',  ( 104.2500000000000000, 35.00000000000002842, 2.000000000000000000 ) ) ;
#5373 = LINE ( 'NONE', #5764, #1714 ) ;
#5374 = CARTESIAN_POINT ( 'NONE',  ( 15.00000000000004086, 318.0000000000002274, -2.000000000000000000 ) ) ;
#5375 = DIRECTION ( 'NONE',  ( -0.000000000000000000, -0.000000000000000000, -1.000000000000000000 ) ) ;
#5376 = AXIS2_PLACEMENT_3D ( 'NONE', #4086, #3137, #1940 ) ;
#5377 = ORIENTED_EDGE ( 'NONE', *, *, #3638, .T. ) ;
#5378 = CARTESIAN_POINT ( 'NONE',  ( -1.000000000000000222, 2.000000000000000000, -1.000000000000000888 ) ) ;
#5379 =( NAMED_UNIT ( * ) SI_UNIT ( $, .STERADIAN. ) SOLID_ANGLE_UNIT ( ) );
#5380 = DIRECTION ( 'NONE',  ( -0.000000000000000000, -0.000000000000000000, -1.000000000000000000 ) ) ;
#5381 = AXIS2_PLACEMENT_3D ( 'NONE', #1382, #3729, #5078 ) ;
#5382 = EDGE_LOOP ( 'NONE', ( #2642, #1900 ) ) ;
#5383 = DIRECTION ( 'NONE',  ( -1.000000000000000000, 0.000000000000000000, 0.000000000000000000 ) ) ;
#5384 = VERTEX_POINT ( 'NONE', #4624 ) ;
#5385 = SURFACE_STYLE_FILL_AREA ( #4035 ) ;
#5386 = DIRECTION ( 'NONE',  ( -1.000000000000000000, -3.083952846180988111E-15, -0.000000000000000000 ) ) ;
#5387 = AXIS2_PLACEMENT_3D ( 'NONE', #1436, #2864, #1 ) ;
#5388 = PLANE ( 'NONE',  #3074 ) ;
#5389 = AXIS2_PLACEMENT_3D ( 'NONE', #716, #5778, #196 ) ;
#5390 = ADVANCED_FACE ( 'NONE', ( #5516 ), #2683, .F. ) ;
#5391 = EDGE_CURVE ( 'NONE', #731, #3014, #5608, .T. ) ;
#5392 = EDGE_LOOP ( 'NONE', ( #42, #1385, #2004, #5851 ) ) ;
#5393 = ORIENTED_EDGE ( 'NONE', *, *, #4040, .F. ) ;
#5394 = ORIENTED_EDGE ( 'NONE', *, *, #3500, .F. ) ;
#5395 = CARTESIAN_POINT ( 'NONE',  ( 79.94999999999846807, 159.9999999999999716, -1.040949779275235965E-16 ) ) ;
#5396 = FACE_OUTER_BOUND ( 'NONE', #4271, .T. ) ;
#5397 = VECTOR ( 'NONE', #5563, 1000.000000000000000 ) ;
#5398 = ADVANCED_FACE ( 'NONE', ( #4689 ), #2393, .T. ) ;
#5399 = ORIENTED_EDGE ( 'NONE', *, *, #2794, .F. ) ;
#5400 = AXIS2_PLACEMENT_3D ( 'NONE', #2561, #2112, #4428 ) ;
#5401 = ORIENTED_EDGE ( 'NONE', *, *, #2859, .F. ) ;
#5402 = CARTESIAN_POINT ( 'NONE',  ( 40.99999999999990763, 650.0000000000000000, 0.000000000000000000 ) ) ;
#5403 = CARTESIAN_POINT ( 'NONE',  ( 15.49999999999374367, 43.00000000000000000, 31.00000000000000000 ) ) ;
#5404 = CIRCLE ( 'NONE', #4521, 3.761792452830190037 ) ;
#5405 = EDGE_CURVE ( 'NONE', #1739, #1638, #544, .T. ) ;
#5406 = DIRECTION ( 'NONE',  ( 0.000000000000000000, 0.000000000000000000, 1.000000000000000000 ) ) ;
#5407 = DIRECTION ( 'NONE',  ( -1.000000000000000000, 0.000000000000000000, 0.000000000000000000 ) ) ;
#5408 = CIRCLE ( 'NONE', #142, 3.499999999999999556 ) ;
#5409 = ORIENTED_EDGE ( 'NONE', *, *, #276, .F. ) ;
#5410 = VERTEX_POINT ( 'NONE', #450 ) ;
#5411 = FACE_OUTER_BOUND ( 'NONE', #1467, .T. ) ;
#5412 = CARTESIAN_POINT ( 'NONE',  ( 90.64999999999845670, 159.9999999999999716, 0.000000000000000000 ) ) ;
#5413 = VERTEX_POINT ( 'NONE', #4659 ) ;
#5414 = CYLINDRICAL_SURFACE ( 'NONE', #4020, 3.199999999999994404 ) ;
#5415 = ORIENTED_EDGE ( 'NONE', *, *, #2888, .F. ) ;
#5416 = CARTESIAN_POINT ( 'NONE',  ( 117.0000000000000000, 694.0000000000001137, 2.000000000000000000 ) ) ;
#5417 = AXIS2_PLACEMENT_3D ( 'NONE', #5840, #3120, #4981 ) ;
#5418 = CYLINDRICAL_SURFACE ( 'NONE', #5381, 2.000000000000001776 ) ;
#5419 = VECTOR ( 'NONE', #1062, 1000.000000000000000 ) ;
#5420 = DIRECTION ( 'NONE',  ( 3.597944987211152007E-15, -1.000000000000000000, 0.000000000000000000 ) ) ;
#5421 = ORIENTED_EDGE ( 'NONE', *, *, #2304, .T. ) ;
#5422 = AXIS2_PLACEMENT_3D ( 'NONE', #3007, #5696, #138 ) ;
#5423 = CIRCLE ( 'NONE', #3478, 2.066999999999999726 ) ;
#5424 = CIRCLE ( 'NONE', #751, 1.250000000000001110 ) ;
#5425 = EDGE_LOOP ( 'NONE', ( #4027, #1227, #1102, #5540 ) ) ;
#5426 = ORIENTED_EDGE ( 'NONE', *, *, #5087, .F. ) ;
#5427 = ORIENTED_EDGE ( 'NONE', *, *, #658, .F. ) ;
#5428 = CYLINDRICAL_SURFACE ( 'NONE', #299, 3.189999999999999947 ) ;
#5429 =( NAMED_UNIT ( * ) PLANE_ANGLE_UNIT ( ) SI_UNIT ( $, .RADIAN. ) );
#5430 = ORIENTED_EDGE ( 'NONE', *, *, #4569, .F. ) ;
#5431 = EDGE_CURVE ( 'NONE', #2080, #3443, #2096, .T. ) ;
#5432 = EDGE_CURVE ( 'NONE', #3002, #4936, #2972, .T. ) ;
#5433 = AXIS2_PLACEMENT_3D ( 'NONE', #5193, #3426, #3366 ) ;
#5434 = ORIENTED_EDGE ( 'NONE', *, *, #4681, .F. ) ;
#5435 = VECTOR ( 'NONE', #2831, 1000.000000000000000 ) ;
#5436 = EDGE_LOOP ( 'NONE', ( #5347, #5581 ) ) ;
#5437 = DIRECTION ( 'NONE',  ( -1.000000000000000000, 0.000000000000000000, 0.000000000000000000 ) ) ;
#5438 = CARTESIAN_POINT ( 'NONE',  ( 0.000000000000000000, 0.000000000000000000, 0.000000000000000000 ) ) ;
#5439 = AXIS2_PLACEMENT_3D ( 'NONE', #3334, #564, #33 ) ;
#5440 = DIRECTION ( 'NONE',  ( -1.000000000000000000, 0.000000000000000000, 0.000000000000000000 ) ) ;
#5441 = ADVANCED_FACE ( 'NONE', ( #4176 ), #1424, .F. ) ;
#5442 = CARTESIAN_POINT ( 'NONE',  ( 2.000000000000000000, 0.000000000000000000, -2.499999999999999112 ) ) ;
#5443 = CARTESIAN_POINT ( 'NONE',  ( 7.999999999999989342, 121.0000000000001137, -2.000000000000000000 ) ) ;
#5444 = EDGE_LOOP ( 'NONE', ( #3166, #2154, #2769, #54 ) ) ;
#5445 = LINE ( 'NONE', #2140, #1904 ) ;
#5446 = DIRECTION ( 'NONE',  ( -1.224646799147353207E-16, 1.000000000000000000, 0.000000000000000000 ) ) ;
#5447 = EDGE_CURVE ( 'NONE', #4217, #1938, #5909, .T. ) ;
#5448 = ORIENTED_EDGE ( 'NONE', *, *, #3614, .T. ) ;
#5449 = ORIENTED_EDGE ( 'NONE', *, *, #5950, .T. ) ;
#5450 = CYLINDRICAL_SURFACE ( 'NONE', #1609, 1.250000000000001110 ) ;
#5451 = CARTESIAN_POINT ( 'NONE',  ( 9.999999999993892885, 522.0000000000010232, 0.000000000000000000 ) ) ;
#5452 = PLANE ( 'NONE',  #2288 ) ;
#5453 = EDGE_LOOP ( 'NONE', ( #2880, #5822, #4533, #5994 ) ) ;
#5454 = VERTEX_POINT ( 'NONE', #3709 ) ;
#5455 = PRODUCT_DEFINITION_SHAPE ( 'NONE', 'NONE',  #1991 ) ;
#5456 = DIRECTION ( 'NONE',  ( 1.000000000000000000, 0.000000000000000000, 0.000000000000000000 ) ) ;
#5457 = VECTOR ( 'NONE', #1806, 1000.000000000000000 ) ;
#5458 = ORIENTED_EDGE ( 'NONE', *, *, #5949, .T. ) ;
#5459 = ORIENTED_EDGE ( 'NONE', *, *, #817, .F. ) ;
#5460 = CARTESIAN_POINT ( 'NONE',  ( 19.99999999999855760, 468.9999999999999432, 0.000000000000000000 ) ) ;
#5461 = CARTESIAN_POINT ( 'NONE',  ( 0.9999999999998057110, 650.0000000000000000, 31.00000000000000711 ) ) ;
#5462 = LINE ( 'NONE', #1271, #566 ) ;
#5463 = CARTESIAN_POINT ( 'NONE',  ( 91.89999999999845670, 159.9999999999999716, 2.000000000000000000 ) ) ;
#5464 = PRODUCT_DEFINITION_CONTEXT ( 'detailed design', #3442, 'design' ) ;
#5465 = EDGE_CURVE ( 'NONE', #5238, #2796, #3651, .T. ) ;
#5466 = ADVANCED_FACE ( 'NONE', ( #1880 ), #3296, .F. ) ;
#5467 = DIRECTION ( 'NONE',  ( 0.000000000000000000, 0.000000000000000000, -1.000000000000000000 ) ) ;
#5468 = FACE_OUTER_BOUND ( 'NONE', #3262, .T. ) ;
#5469 = CARTESIAN_POINT ( 'NONE',  ( 4.271332174772342958E-15, 0.000000000000000000, 28.99999999999999645 ) ) ;
#5470 = CARTESIAN_POINT ( 'NONE',  ( 2.000000000000000000, 2.000000000000000000, 0.000000000000000000 ) ) ;
#5471 = EDGE_CURVE ( 'NONE', #964, #5562, #3377, .T. ) ;
#5472 = ORIENTED_EDGE ( 'NONE', *, *, #1198, .F. ) ;
#5473 = ORIENTED_EDGE ( 'NONE', *, *, #2548, .T. ) ;
#5474 = CARTESIAN_POINT ( 'NONE',  ( 78.69999999999846807, 159.9999999999999716, -1.040949779275235965E-16 ) ) ;
#5475 = CARTESIAN_POINT ( 'NONE',  ( 0.000000000000000000, 0.000000000000000000, 0.000000000000000000 ) ) ;
#5476 = CARTESIAN_POINT ( 'NONE',  ( 34.99999999999982947, 650.0000000000000000, 29.00000000000000000 ) ) ;
#5477 = AXIS2_PLACEMENT_3D ( 'NONE', #3673, #5146, #441 ) ;
#5478 = EDGE_CURVE ( 'NONE', #788, #4474, #4345, .T. ) ;
#5479 = ORIENTED_EDGE ( 'NONE', *, *, #5993, .T. ) ;
#5480 = ORIENTED_EDGE ( 'NONE', *, *, #2922, .T. ) ;
#5481 = DIRECTION ( 'NONE',  ( 1.000000000000000000, 0.000000000000000000, 0.000000000000000000 ) ) ;
#5482 = FACE_OUTER_BOUND ( 'NONE', #4038, .T. ) ;
#5483 = DIRECTION ( 'NONE',  ( 1.000000000000000000, 0.000000000000000000, 0.000000000000000000 ) ) ;
#5484 = SHAPE_DEFINITION_REPRESENTATION ( #45, #1948 ) ;
#5485 = AXIS2_PLACEMENT_3D ( 'NONE', #3719, #3269, #2309 ) ;
#5486 = ORIENTED_EDGE ( 'NONE', *, *, #4682, .F. ) ;
#5487 = EDGE_LOOP ( 'NONE', ( #956, #5362, #5732, #5996 ) ) ;
#5488 = VECTOR ( 'NONE', #208, 1000.000000000000000 ) ;
#5489 = CARTESIAN_POINT ( 'NONE',  ( 0.000000000000000000, 0.000000000000000000, -2.000000000000000000 ) ) ;
#5490 = CARTESIAN_POINT ( 'NONE',  ( 33.00000000000000000, 123.0000000000001990, 0.000000000000000000 ) ) ;
#5491 = AXIS2_PLACEMENT_3D ( 'NONE', #5501, #1348, #4100 ) ;
#5492 = DIRECTION ( 'NONE',  ( 1.000000000000000000, 0.000000000000000000, 0.000000000000000000 ) ) ;
#5493 = DIRECTION ( 'NONE',  ( -1.000000000000000000, 0.000000000000000000, 0.000000000000000000 ) ) ;
#5494 = CARTESIAN_POINT ( 'NONE',  ( -152.0000000000000000, 118.9999999999999858, -1.000000000000000888 ) ) ;
#5495 = CARTESIAN_POINT ( 'NONE',  ( 35.00000000000000000, 718.0000000000000000, -2.000000000000000000 ) ) ;
#5496 = FILL_AREA_STYLE ('',( #917 ) ) ;
#5497 = ADVANCED_FACE ( 'NONE', ( #4806 ), #665, .T. ) ;
#5498 = ADVANCED_FACE ( 'NONE', ( #200 ), #2940, .F. ) ;
#5499 = CIRCLE ( 'NONE', #5306, 3.199999999999994404 ) ;
#5500 = ORIENTED_EDGE ( 'NONE', *, *, #5793, .F. ) ;
#5501 = CARTESIAN_POINT ( 'NONE',  ( 20.00000000000000355, 46.99999999999992895, 0.000000000000000000 ) ) ;
#5502 = ORIENTED_EDGE ( 'NONE', *, *, #1831, .T. ) ;
#5503 = DIRECTION ( 'NONE',  ( 1.000000000000000000, 0.000000000000000000, 0.000000000000000000 ) ) ;
#5504 = CARTESIAN_POINT ( 'NONE',  ( 40.99999999999990763, 652.7320508075689531, 31.00000000000000711 ) ) ;
#5505 = DIRECTION ( 'NONE',  ( -1.000000000000000000, 0.000000000000000000, 0.000000000000000000 ) ) ;
#5506 = EDGE_LOOP ( 'NONE', ( #5932, #44, #2500, #4839 ) ) ;
#5507 = APPLICATION_CONTEXT ( 'automotive_design' ) ;
#5508 = AXIS2_PLACEMENT_3D ( 'NONE', #1783, #440, #2699 ) ;
#5509 = ADVANCED_FACE ( 'NONE', ( #4269 ), #1488, .F. ) ;
#5510 = AXIS2_PLACEMENT_3D ( 'NONE', #5973, #2327, #419 ) ;
#5511 = ORIENTED_EDGE ( 'NONE', *, *, #2735, .T. ) ;
#5512 = CIRCLE ( 'NONE', #1215, 3.153542764081299854 ) ;
#5513 = VECTOR ( 'NONE', #1632, 1000.000000000000000 ) ;
#5514 = VERTEX_POINT ( 'NONE', #2032 ) ;
#5515 = CYLINDRICAL_SURFACE ( 'NONE', #5216, 2.000000000000000000 ) ;
#5516 = FACE_OUTER_BOUND ( 'NONE', #4236, .T. ) ;
#5517 = CARTESIAN_POINT ( 'NONE',  ( -0.5917592592592589851, 0.000000000000000000, 0.000000000000000000 ) ) ;
#5518 = VECTOR ( 'NONE', #4321, 1000.000000000000000 ) ;
#5519 = APPLICATION_PROTOCOL_DEFINITION ( 'draft international standard', 'automotive_design', 1998, #4061 ) ;
#5520 = EDGE_CURVE ( 'NONE', #4612, #3706, #2479, .T. ) ;
#5521 = ORIENTED_EDGE ( 'NONE', *, *, #77, .T. ) ;
#5522 = CIRCLE ( 'NONE', #2793, 3.200000000000001510 ) ;
#5523 = VERTEX_POINT ( 'NONE', #3352 ) ;
#5524 = MECHANICAL_DESIGN_GEOMETRIC_PRESENTATION_REPRESENTATION (  '', ( #1034 ), #2115 ) ;
#5525 = VECTOR ( 'NONE', #4886, 1000.000000000000000 ) ;
#5526 = DIRECTION ( 'NONE',  ( 1.000000000000000000, 0.000000000000000000, 0.000000000000000000 ) ) ;
#5527 = CARTESIAN_POINT ( 'NONE',  ( 36.99999999999991473, 3.257476955849970525E-31, 1.258131103108827915E-13 ) ) ;
#5528 = CARTESIAN_POINT ( 'NONE',  ( 19.00000000000000355, 625.0000000000000000, 31.00000000000000000 ) ) ;
#5529 = DIRECTION ( 'NONE',  ( 1.000000000000000000, 0.000000000000000000, 0.000000000000000000 ) ) ;
#5530 = SURFACE_STYLE_USAGE ( .BOTH. , #3664 ) ;
#5531 = DIRECTION ( 'NONE',  ( 1.652117596168368774E-16, -1.000000000000000000, 0.000000000000000000 ) ) ;
#5532 = CARTESIAN_POINT ( 'NONE',  ( 50.00000000000000000, 605.0000000000001137, 0.000000000000000000 ) ) ;
#5533 = EDGE_LOOP ( 'NONE', ( #2299, #3970 ) ) ;
#5534 = DIRECTION ( 'NONE',  ( 3.418425673248413841E-15, -1.000000000000000000, 0.000000000000000000 ) ) ;
#5535 = VERTEX_POINT ( 'NONE', #1518 ) ;
#5536 = EDGE_CURVE ( 'NONE', #5291, #3977, #1941, .T. ) ;
#5537 = DIRECTION ( 'NONE',  ( -1.000000000000000000, 0.000000000000000000, -4.336808689942013792E-15 ) ) ;
#5538 = CARTESIAN_POINT ( 'NONE',  ( 84.99999999999980105, 694.0000000000001137, 0.000000000000000000 ) ) ;
#5539 = LINE ( 'NONE', #4652, #5038 ) ;
#5540 = ORIENTED_EDGE ( 'NONE', *, *, #3434, .F. ) ;
#5541 = VERTEX_POINT ( 'NONE', #3860 ) ;
#5542 = EDGE_CURVE ( 'NONE', #1833, #781, #83, .T. ) ;
#5543 = ORIENTED_EDGE ( 'NONE', *, *, #2547, .F. ) ;
#5544 = EDGE_CURVE ( 'NONE', #1421, #2935, #3414, .T. ) ;
#5545 = LINE ( 'NONE', #3734, #2091 ) ;
#5546 = CARTESIAN_POINT ( 'NONE',  ( 2.000000000000000000, 5.290474172316565973E-16, 4.320000000000000284 ) ) ;
#5547 = FACE_OUTER_BOUND ( 'NONE', #2841, .T. ) ;
#5548 = VERTEX_POINT ( 'NONE', #5332 ) ;
#5549 = ORIENTED_EDGE ( 'NONE', *, *, #4250, .F. ) ;
#5550 = EDGE_CURVE ( 'NONE', #484, #5337, #5752, .T. ) ;
#5551 = VERTEX_POINT ( 'NONE', #3916 ) ;
#5552 = DIRECTION ( 'NONE',  ( -1.000000000000000000, 0.000000000000000000, 0.000000000000000000 ) ) ;
#5553 = FACE_BOUND ( 'NONE', #3158, .T. ) ;
#5554 = ADVANCED_BREP_SHAPE_REPRESENTATION ( '', ( #5241, #5721 ), #3485 ) ;
#5555 = SURFACE_STYLE_FILL_AREA ( #1033 ) ;
#5556 = ADVANCED_FACE ( 'NONE', ( #4871 ), #1576, .F. ) ;
#5557 = CARTESIAN_POINT ( 'NONE',  ( 61.19999999999998153, 368.5000000000000568, 2.000000000000000000 ) ) ;
#5558 = DIRECTION ( 'NONE',  ( 0.000000000000000000, 0.000000000000000000, 1.000000000000000000 ) ) ;
#5559 = CARTESIAN_POINT ( 'NONE',  ( 38.99999999999991473, 3.438275601952242719E-31, 1.327960729885690582E-13 ) ) ;
#5560 = FILL_AREA_STYLE ('',( #4642 ) ) ;
#5561 = VERTEX_POINT ( 'NONE', #693 ) ;
#5562 = VERTEX_POINT ( 'NONE', #3801 ) ;
#5563 = DIRECTION ( 'NONE',  ( 0.000000000000000000, 0.000000000000000000, 1.000000000000000000 ) ) ;
#5564 = ORIENTED_EDGE ( 'NONE', *, *, #1667, .T. ) ;
#5565 = CARTESIAN_POINT ( 'NONE',  ( 91.89999999999845670, 159.9999999999999716, 2.000000000000000000 ) ) ;
#5566 = DIRECTION ( 'NONE',  ( 0.000000000000000000, 0.000000000000000000, -1.000000000000000000 ) ) ;
#5567 = CARTESIAN_POINT ( 'NONE',  ( 33.00000000000000000, 350.0000000000002274, -2.000000000000000000 ) ) ;
#5568 = ORIENTED_EDGE ( 'NONE', *, *, #3051, .T. ) ;
#5569 = ORIENTED_EDGE ( 'NONE', *, *, #2955, .F. ) ;
#5570 = DIRECTION ( 'NONE',  ( -0.000000000000000000, -0.000000000000000000, -1.000000000000000000 ) ) ;
#5571 = CYLINDRICAL_SURFACE ( 'NONE', #5282, 3.199999999999994404 ) ;
#5572 = CIRCLE ( 'NONE', #981, 4.000000000000003553 ) ;
#5573 = DIRECTION ( 'NONE',  ( 9.760171490198437539E-17, 0.000000000000000000, -1.000000000000000000 ) ) ;
#5574 = DIRECTION ( 'NONE',  ( 0.000000000000000000, -0.000000000000000000, 1.000000000000000000 ) ) ;
#5575 = ITEM_DEFINED_TRANSFORMATION ( 'NONE', 'NONE', #4653,  #5721 ) ;
#5576 = ADVANCED_FACE ( 'NONE', ( #1999, #3440 ), #1021, .F. ) ;
#5577 = EDGE_CURVE ( 'NONE', #3252, #4598, #4778, .T. ) ;
#5578 = AXIS2_PLACEMENT_3D ( 'NONE', #5109, #2350, #5566 ) ;
#5579 = ORIENTED_EDGE ( 'NONE', *, *, #4958, .F. ) ;
#5580 = EDGE_LOOP ( 'NONE', ( #4873, #4502, #249, #4970 ) ) ;
#5581 = ORIENTED_EDGE ( 'NONE', *, *, #1851, .T. ) ;
#5582 = CARTESIAN_POINT ( 'NONE',  ( 7.999999999999996447, 119.0000000000000995, 0.000000000000000000 ) ) ;
#5583 = AXIS2_PLACEMENT_3D ( 'NONE', #5463, #5406, #5492 ) ;
#5584 = DIRECTION ( 'NONE',  ( 4.111937128240389781E-15, -1.000000000000000000, 0.000000000000000000 ) ) ;
#5585 = ADVANCED_FACE ( 'NONE', ( #1969 ), #3828, .T. ) ;
#5586 = SURFACE_SIDE_STYLE ('',( #5555 ) ) ;
#5587 = VECTOR ( 'NONE', #1135, 1000.000000000000000 ) ;
#5588 = CARTESIAN_POINT ( 'NONE',  ( 50.99999999999837286, 193.0000000000003126, 0.000000000000000000 ) ) ;
#5589 = DIRECTION ( 'NONE',  ( -0.000000000000000000, -0.000000000000000000, 1.000000000000000000 ) ) ;
#5590 = DIRECTION ( 'NONE',  ( 1.000000000000000000, 0.000000000000000000, 0.000000000000000000 ) ) ;
#5591 = DIRECTION ( 'NONE',  ( 1.000000000000000000, 0.000000000000000000, 0.000000000000000000 ) ) ;
#5592 = AXIS2_PLACEMENT_3D ( 'NONE', #5317, #1124, #5407 ) ;
#5593 = ADVANCED_FACE ( 'NONE', ( #1730 ), #3528, .F. ) ;
#5594 = UNCERTAINTY_MEASURE_WITH_UNIT (LENGTH_MEASURE( 1.000000000000000082E-05 ), #3923, 'distance_accuracy_value', 'NONE');
#5595 = ORIENTED_EDGE ( 'NONE', *, *, #367, .T. ) ;
#5596 = DIRECTION ( 'NONE',  ( 1.000000000000000000, 0.000000000000000000, 0.000000000000000000 ) ) ;
#5597 = AXIS2_PLACEMENT_3D ( 'NONE', #30, #1001, #3720 ) ;
#5598 = ORIENTED_EDGE ( 'NONE', *, *, #4645, .T. ) ;
#5599 = DIRECTION ( 'NONE',  ( -0.000000000000000000, -0.000000000000000000, -1.000000000000000000 ) ) ;
#5600 = FACE_OUTER_BOUND ( 'NONE', #2331, .T. ) ;
#5601 = CARTESIAN_POINT ( 'NONE',  ( 35.00000000000000000, 591.9999999999997726, -2.000000000000000000 ) ) ;
#5602 = ORIENTED_EDGE ( 'NONE', *, *, #5730, .T. ) ;
#5603 = ORIENTED_EDGE ( 'NONE', *, *, #1489, .F. ) ;
#5604 = PRODUCT_DEFINITION_SHAPE ( 'NONE', 'NONE',  #6038 ) ;
#5605 = DIRECTION ( 'NONE',  ( -1.000000000000000000, 0.000000000000000000, 0.000000000000000000 ) ) ;
#5606 = FACE_OUTER_BOUND ( 'NONE', #110, .T. ) ;
#5607 = AXIS2_PLACEMENT_3D ( 'NONE', #1413, #3284, #3877 ) ;
#5608 = LINE ( 'NONE', #6005, #4629 ) ;
#5609 = DIRECTION ( 'NONE',  ( 0.000000000000000000, 0.000000000000000000, -1.000000000000000000 ) ) ;
#5610 = AXIS2_PLACEMENT_3D ( 'NONE', #5220, #2431, #5184 ) ;
#5611 = ORIENTED_EDGE ( 'NONE', *, *, #1772, .T. ) ;
#5612 = VERTEX_POINT ( 'NONE', #2090 ) ;
#5613 = ORIENTED_EDGE ( 'NONE', *, *, #5841, .F. ) ;
#5614 = EDGE_CURVE ( 'NONE', #1824, #2838, #253, .T. ) ;
#5615 = DIRECTION ( 'NONE',  ( 0.000000000000000000, 0.000000000000000000, 1.000000000000000000 ) ) ;
#5616 = CIRCLE ( 'NONE', #353, 3.189999999999999947 ) ;
#5617 = AXIS2_PLACEMENT_3D ( 'NONE', #2867, #492, #5135 ) ;
#5618 = FILL_AREA_STYLE_COLOUR ( '', #2452 ) ;
#5619 = VECTOR ( 'NONE', #1867, 1000.000000000000000 ) ;
#5620 = AXIS2_PLACEMENT_3D ( 'NONE', #3048, #4456, #2554 ) ;
#5621 = CARTESIAN_POINT ( 'NONE',  ( 20.00000000000000355, 46.99999999999992895, -2.000000000000000000 ) ) ;
#5622 = CARTESIAN_POINT ( 'NONE',  ( 17.00000000000003908, 316.0000000000002274, 0.000000000000000000 ) ) ;
#5623 = EDGE_CURVE ( 'NONE', #1125, #1453, #2178, .T. ) ;
#5624 = DIRECTION ( 'NONE',  ( -1.000000000000000000, 0.000000000000000000, 0.000000000000000000 ) ) ;
#5625 = CARTESIAN_POINT ( 'NONE',  ( 0.000000000000000000, 0.000000000000000000, 0.000000000000000000 ) ) ;
#5626 = CARTESIAN_POINT ( 'NONE',  ( 99.74999999999998579, 605.0000000000001137, -1.040949779275235965E-16 ) ) ;
#5627 = VECTOR ( 'NONE', #663, 1000.000000000000000 ) ;
#5628 = APPLICATION_CONTEXT ( 'automotive_design' ) ;
#5629 = COLOUR_RGB ( '',0.5294117647058823595, 0.5490196078431373028, 0.5490196078431373028 ) ;
#5630 = ORIENTED_EDGE ( 'NONE', *, *, #4007, .T. ) ;
#5631 = CARTESIAN_POINT ( 'NONE',  ( 20.00000000000000355, 46.99999999999992895, -2.000000000000000000 ) ) ;
#5632 = EDGE_LOOP ( 'NONE', ( #5076, #4194, #250, #776 ) ) ;
#5633 = ADVANCED_FACE ( 'NONE', ( #264 ), #5452, .F. ) ;
#5634 = DIRECTION ( 'NONE',  ( 0.000000000000000000, 0.000000000000000000, 1.000000000000000000 ) ) ;
#5635 = DIRECTION ( 'NONE',  ( 0.000000000000000000, 0.000000000000000000, 1.000000000000000000 ) ) ;
#5636 = EDGE_CURVE ( 'NONE', #2168, #3299, #1935, .T. ) ;
#5637 = ORIENTED_EDGE ( 'NONE', *, *, #4163, .T. ) ;
#5638 = ORIENTED_EDGE ( 'NONE', *, *, #1955, .T. ) ;
#5639 = FILL_AREA_STYLE_COLOUR ( '', #1801 ) ;
#5640 = DIRECTION ( 'NONE',  ( -1.000000000000000000, 0.000000000000000000, 0.000000000000000000 ) ) ;
#5641 = CARTESIAN_POINT ( 'NONE',  ( 107.4499999999999886, 35.00000000000002842, 2.000000000000000000 ) ) ;
#5642 = DIRECTION ( 'NONE',  ( -1.000000000000000000, 0.000000000000000000, 0.000000000000000000 ) ) ;
#5643 = ORIENTED_EDGE ( 'NONE', *, *, #3967, .F. ) ;
#5644 = VERTEX_POINT ( 'NONE', #5476 ) ;
#5645 = CARTESIAN_POINT ( 'NONE',  ( 7.999999999999921840, 667.9999999999998863, -2.000000000000000000 ) ) ;
#5646 = CARTESIAN_POINT ( 'NONE',  ( -152.0000000000000000, -1.861463134703976776E-14, 0.000000000000000000 ) ) ;
#5647 = SURFACE_STYLE_USAGE ( .BOTH. , #5586 ) ;
#5648 = ORIENTED_EDGE ( 'NONE', *, *, #70, .T. ) ;
#5649 = DIRECTION ( 'NONE',  ( 1.000000000000000000, 0.000000000000000000, 0.000000000000000000 ) ) ;
#5650 =( LENGTH_UNIT ( ) NAMED_UNIT ( * ) SI_UNIT ( .MILLI., .METRE. ) );
#5651 = DIRECTION ( 'NONE',  ( -1.000000000000000000, 0.000000000000000000, 0.000000000000000000 ) ) ;
#5652 = DIRECTION ( 'NONE',  ( -2.940840684141151999E-17, 0.8371691043312211589, -0.5469441386039901598 ) ) ;
#5653 = FACE_BOUND ( 'NONE', #4360, .T. ) ;
#5654 = ADVANCED_FACE ( 'NONE', ( #755, #1666 ), #5388, .F. ) ;
#5655 = PRODUCT_DEFINITION_SHAPE ( 'NONE', 'NONE',  #6035 ) ;
#5656 = EDGE_CURVE ( 'NONE', #3997, #991, #558, .T. ) ;
#5657 = CIRCLE ( 'NONE', #3322, 2.000000000000001776 ) ;
#5658 = ORIENTED_EDGE ( 'NONE', *, *, #5536, .T. ) ;
#5659 = DIRECTION ( 'NONE',  ( 0.7071067811865480168, 0.000000000000000000, -0.7071067811865470176 ) ) ;
#5660 = EDGE_LOOP ( 'NONE', ( #1707, #3417 ) ) ;
#5661 = LINE ( 'NONE', #3817, #3170 ) ;
#5662 = EDGE_CURVE ( 'NONE', #3851, #1758, #3499, .T. ) ;
#5663 = EDGE_LOOP ( 'NONE', ( #1200, #217, #5055, #2677 ) ) ;
#5664 = DIRECTION ( 'NONE',  ( -1.000000000000000000, 0.000000000000000000, 0.000000000000000000 ) ) ;
#5665 = ORIENTED_EDGE ( 'NONE', *, *, #5248, .F. ) ;
#5666 = DIRECTION ( 'NONE',  ( 1.000000000000000000, 0.000000000000000000, 0.000000000000000000 ) ) ;
#5667 = DIRECTION ( 'NONE',  ( 0.000000000000000000, 0.000000000000000000, -1.000000000000000000 ) ) ;
#5668 = DIRECTION ( 'NONE',  ( -0.000000000000000000, 1.000000000000000000, -0.000000000000000000 ) ) ;
#5669 = EDGE_CURVE ( 'NONE', #788, #1544, #1642, .T. ) ;
#5670 = VERTEX_POINT ( 'NONE', #2209 ) ;
#5671 = ORIENTED_EDGE ( 'NONE', *, *, #4381, .F. ) ;
#5672 = AXIS2_PLACEMENT_3D ( 'NONE', #1469, #1037, #612 ) ;
#5673 = ORIENTED_EDGE ( 'NONE', *, *, #2322, .T. ) ;
#5674 = CARTESIAN_POINT ( 'NONE',  ( 20.00000000000000355, 46.99999999999992895, 0.000000000000000000 ) ) ;
#5675 = ORIENTED_EDGE ( 'NONE', *, *, #5314, .F. ) ;
#5676 = LINE ( 'NONE', #1527, #3192 ) ;
#5677 = AXIS2_PLACEMENT_3D ( 'NONE', #630, #5782, #2478 ) ;
#5678 = CARTESIAN_POINT ( 'NONE',  ( 79.94999999999846807, 159.9999999999999716, 0.000000000000000000 ) ) ;
#5679 = CARTESIAN_POINT ( 'NONE',  ( 19.99999999999855760, 468.9999999999999432, -2.000000000000000000 ) ) ;
#5680 = PRESENTATION_STYLE_ASSIGNMENT (( #5530 ) ) ;
#5681 = DIRECTION ( 'NONE',  ( 1.000000000000000000, 0.000000000000000000, 0.000000000000000000 ) ) ;
#5682 = DIRECTION ( 'NONE',  ( 1.000000000000000000, -3.018301802055729073E-17, 5.637851296924625522E-17 ) ) ;
#5683 = CARTESIAN_POINT ( 'NONE',  ( 1.666666666666670071, 5.290474172316565973E-16, -4.320000000000000284 ) ) ;
#5684 = AXIS2_PLACEMENT_3D ( 'NONE', #2072, #180, #237 ) ;
#5685 = CARTESIAN_POINT ( 'NONE',  ( 23.19999999999853912, 468.9999999999999432, 0.000000000000000000 ) ) ;
#5686 = EDGE_LOOP ( 'NONE', ( #1752, #5063 ) ) ;
#5687 = DIRECTION ( 'NONE',  ( 0.000000000000000000, 0.000000000000000000, -1.000000000000000000 ) ) ;
#5688 = DIRECTION ( 'NONE',  ( -0.000000000000000000, -0.000000000000000000, -1.000000000000000000 ) ) ;
#5689 = EDGE_CURVE ( 'NONE', #781, #2768, #1323, .T. ) ;
#5690 = EDGE_CURVE ( 'NONE', #1932, #5123, #5817, .T. ) ;
#5691 = CIRCLE ( 'NONE', #1299, 1.000000000000000888 ) ;
#5692 = VERTEX_POINT ( 'NONE', #5358 ) ;
#5693 = ORIENTED_EDGE ( 'NONE', *, *, #2215, .T. ) ;
#5694 = CARTESIAN_POINT ( 'NONE',  ( 0.000000000000000000, 695.0000000000001137, 2.000000000000000000 ) ) ;
#5695 = LINE ( 'NONE', #1998, #116 ) ;
#5696 = DIRECTION ( 'NONE',  ( -1.000000000000000000, -1.224646799147353207E-16, 0.000000000000000000 ) ) ;
#5697 = EDGE_CURVE ( 'NONE', #1521, #1474, #4158, .T. ) ;
#5698 = ORIENTED_EDGE ( 'NONE', *, *, #1399, .F. ) ;
#5699 = AXIS2_PLACEMENT_3D ( 'NONE', #2318, #4074, #3700 ) ;
#5700 = VERTEX_POINT ( 'NONE', #4471 ) ;
#5701 = ADVANCED_FACE ( 'NONE', ( #3557 ), #4496, .F. ) ;
#5702 = CARTESIAN_POINT ( 'NONE',  ( 33.00000000000000000, 177.0000000000009379, 0.000000000000000000 ) ) ;
#5703 = DIRECTION ( 'NONE',  ( 0.000000000000000000, 0.000000000000000000, -1.000000000000000000 ) ) ;
#5704 = CIRCLE ( 'NONE', #2098, 3.199999999999987743 ) ;
#5705 = DIRECTION ( 'NONE',  ( 1.000000000000000000, 0.000000000000000000, 0.000000000000000000 ) ) ;
#5706 = AXIS2_PLACEMENT_3D ( 'NONE', #4691, #2303, #901 ) ;
#5707 = LINE ( 'NONE', #4699, #5303 ) ;
#5708 = AXIS2_PLACEMENT_3D ( 'NONE', #4671, #32, #526 ) ;
#5709 = CARTESIAN_POINT ( 'NONE',  ( 0.000000000000000000, 695.0000000000001137, 0.000000000000000000 ) ) ;
#5710 = DIRECTION ( 'NONE',  ( 0.000000000000000000, 0.000000000000000000, 1.000000000000000000 ) ) ;
#5711 = DIRECTION ( 'NONE',  ( 0.000000000000000000, 0.000000000000000000, 1.000000000000000000 ) ) ;
#5712 = AXIS2_PLACEMENT_3D ( 'NONE', #2971, #1548, #5728 ) ;
#5713 = VECTOR ( 'NONE', #3336, 1000.000000000000000 ) ;
#5714 = CIRCLE ( 'NONE', #63, 2.000000000000000000 ) ;
#5715 = AXIS2_PLACEMENT_3D ( 'NONE', #1543, #5746, #4313 ) ;
#5716 = DIRECTION ( 'NONE',  ( -1.000000000000000000, 0.000000000000000000, 0.000000000000000000 ) ) ;
#5717 = ORIENTED_EDGE ( 'NONE', *, *, #5018, .T. ) ;
#5718 = CARTESIAN_POINT ( 'NONE',  ( 1.666666666666670071, 0.000000000000000000, 0.000000000000000000 ) ) ;
#5719 = VECTOR ( 'NONE', #706, 1000.000000000000000 ) ;
#5720 = CARTESIAN_POINT ( 'NONE',  ( 19.00000000000000355, 625.0000000000000000, 28.99999999999999645 ) ) ;
#5721 = AXIS2_PLACEMENT_3D ( 'NONE', #2601, #220, #5350 ) ;
#5722 = EDGE_LOOP ( 'NONE', ( #2519, #3619, #572, #2638 ) ) ;
#5723 = CARTESIAN_POINT ( 'NONE',  ( 50.00000000000000000, 85.00000000000000000, 0.000000000000000000 ) ) ;
#5724 = ORIENTED_EDGE ( 'NONE', *, *, #3646, .T. ) ;
#5725 = FACE_BOUND ( 'NONE', #1988, .T. ) ;
#5726 = AXIS2_PLACEMENT_3D ( 'NONE', #3787, #5652, #1983 ) ;
#5727 = PLANE ( 'NONE',  #21 ) ;
#5728 = DIRECTION ( 'NONE',  ( 1.000000000000000000, 0.000000000000000000, 0.000000000000000000 ) ) ;
#5729 = EDGE_CURVE ( 'NONE', #2030, #2287, #3155, .T. ) ;
#5730 = EDGE_CURVE ( 'NONE', #4285, #2131, #4037, .T. ) ;
#5731 = ORIENTED_EDGE ( 'NONE', *, *, #567, .T. ) ;
#5732 = ORIENTED_EDGE ( 'NONE', *, *, #57, .F. ) ;
#5733 = VERTEX_POINT ( 'NONE', #5017 ) ;
#5734 = CARTESIAN_POINT ( 'NONE',  ( 40.99999999999990763, 669.0000000000000000, 0.000000000000000000 ) ) ;
#5735 = LINE ( 'NONE', #2918, #2703 ) ;
#5736 = EDGE_CURVE ( 'NONE', #2504, #4011, #3127, .T. ) ;
#5737 = PRESENTATION_STYLE_ASSIGNMENT (( #2549 ) ) ;
#5738 = SURFACE_SIDE_STYLE ('',( #1620 ) ) ;
#5739 = CARTESIAN_POINT ( 'NONE',  ( 83.99999999999978684, 670.0000000000000000, 0.000000000000000000 ) ) ;
#5740 = DIRECTION ( 'NONE',  ( -1.000000000000000000, -3.512839483595690127E-17, -2.465190328815661892E-32 ) ) ;
#5741 = FACE_BOUND ( 'NONE', #1461, .T. ) ;
#5742 = EDGE_CURVE ( 'NONE', #4181, #604, #157, .T. ) ;
#5743 = DIRECTION ( 'NONE',  ( -0.000000000000000000, -0.000000000000000000, -1.000000000000000000 ) ) ;
#5744 = EDGE_LOOP ( 'NONE', ( #5947, #333, #845, #3777 ) ) ;
#5745 = CARTESIAN_POINT ( 'NONE',  ( 17.00000000000003553, 346.0000000000001705, -2.000000000000000000 ) ) ;
#5746 = DIRECTION ( 'NONE',  ( 0.000000000000000000, 0.000000000000000000, 1.000000000000000000 ) ) ;
#5747 = DIRECTION ( 'NONE',  ( 0.000000000000000000, 1.000000000000000000, 0.000000000000000000 ) ) ;
#5748 = ORIENTED_EDGE ( 'NONE', *, *, #374, .T. ) ;
#5749 = ORIENTED_EDGE ( 'NONE', *, *, #624, .F. ) ;
#5750 = DIRECTION ( 'NONE',  ( -1.000000000000000000, -0.000000000000000000, 0.000000000000000000 ) ) ;
#5751 = DIRECTION ( 'NONE',  ( -1.000000000000000000, 0.000000000000000000, 0.000000000000000000 ) ) ;
#5752 = LINE ( 'NONE', #5297, #1524 ) ;
#5753 = VERTEX_POINT ( 'NONE', #3191 ) ;
#5754 = AXIS2_PLACEMENT_3D ( 'NONE', #4449, #848, #3534 ) ;
#5755 = EDGE_LOOP ( 'NONE', ( #4356, #4415, #342, #4491 ) ) ;
#5756 = DIRECTION ( 'NONE',  ( 0.000000000000000000, 0.000000000000000000, -1.000000000000000000 ) ) ;
#5757 = ADVANCED_FACE ( 'NONE', ( #5052 ), #4619, .T. ) ;
#5758 = FACE_OUTER_BOUND ( 'NONE', #2706, .T. ) ;
#5759 = EDGE_CURVE ( 'NONE', #4861, #394, #2234, .T. ) ;
#5760 = DIRECTION ( 'NONE',  ( 0.000000000000000000, 0.000000000000000000, 1.000000000000000000 ) ) ;
#5761 = ORIENTED_EDGE ( 'NONE', *, *, #2626, .F. ) ;
#5762 = FACE_OUTER_BOUND ( 'NONE', #812, .T. ) ;
#5763 = SURFACE_STYLE_FILL_AREA ( #2043 ) ;
#5764 = CARTESIAN_POINT ( 'NONE',  ( 7.999999999999921840, 667.9999999999998863, 0.000000000000000000 ) ) ;
#5765 = CONTEXT_DEPENDENT_SHAPE_REPRESENTATION ( #4568, #3744 ) ;
#5766 = CIRCLE ( 'NONE', #4593, 2.000000000000001776 ) ;
#5767 = FACE_BOUND ( 'NONE', #3131, .T. ) ;
#5768 = EDGE_CURVE ( 'NONE', #2287, #1482, #2886, .T. ) ;
#5769 = AXIS2_PLACEMENT_3D ( 'NONE', #807, #5936, #4495 ) ;
#5770 = DIRECTION ( 'NONE',  ( 1.000000000000000000, 0.000000000000000000, 0.000000000000000000 ) ) ;
#5771 = ORIENTED_EDGE ( 'NONE', *, *, #1416, .T. ) ;
#5772 = CARTESIAN_POINT ( 'NONE',  ( 9.999999999999921840, 596.0000000000001137, 0.000000000000000000 ) ) ;
#5773 = DIRECTION ( 'NONE',  ( 1.000000000000000000, 0.000000000000000000, 0.000000000000000000 ) ) ;
#5774 = FACE_OUTER_BOUND ( 'NONE', #2641, .T. ) ;
#5775 = EDGE_CURVE ( 'NONE', #4338, #2259, #1123, .T. ) ;
#5776 = AXIS2_PLACEMENT_3D ( 'NONE', #5128, #5161, #968 ) ;
#5777 = ORIENTED_EDGE ( 'NONE', *, *, #4681, .T. ) ;
#5778 = DIRECTION ( 'NONE',  ( 0.000000000000000000, 0.000000000000000000, 1.000000000000000000 ) ) ;
#5779 = AXIS2_PLACEMENT_3D ( 'NONE', #4225, #1907, #5174 ) ;
#5780 = VERTEX_POINT ( 'NONE', #5601 ) ;
#5781 = CARTESIAN_POINT ( 'NONE',  ( 0.000000000000000000, 720.0000000000000000, -2.000000000000000000 ) ) ;
#5782 = DIRECTION ( 'NONE',  ( 0.000000000000000000, 0.000000000000000000, -1.000000000000000000 ) ) ;
#5783 = DIRECTION ( 'NONE',  ( 0.000000000000000000, 0.000000000000000000, -1.000000000000000000 ) ) ;
#5784 = UNCERTAINTY_MEASURE_WITH_UNIT (LENGTH_MEASURE( 1.000000000000000082E-05 ), #6023, 'distance_accuracy_value', 'NONE');
#5785 = ORIENTED_EDGE ( 'NONE', *, *, #4059, .T. ) ;
#5786 = EDGE_LOOP ( 'NONE', ( #4413, #3391, #5242, #5792 ) ) ;
#5787 = CIRCLE ( 'NONE', #4722, 3.199999999999984190 ) ;
#5788 = LINE ( 'NONE', #1170, #4824 ) ;
#5789 = ORIENTED_EDGE ( 'NONE', *, *, #1401, .F. ) ;
#5790 = FILL_AREA_STYLE_COLOUR ( '', #857 ) ;
#5791 = AXIS2_PLACEMENT_3D ( 'NONE', #4423, #239, #1177 ) ;
#5792 = ORIENTED_EDGE ( 'NONE', *, *, #1473, .F. ) ;
#5793 = EDGE_CURVE ( 'NONE', #4106, #5904, #3764, .T. ) ;
#5794 = PRESENTATION_STYLE_ASSIGNMENT (( #1558 ) ) ;
#5795 = DIRECTION ( 'NONE',  ( -0.000000000000000000, -0.000000000000000000, 1.000000000000000000 ) ) ;
#5796 = DIRECTION ( 'NONE',  ( -1.000000000000000000, 0.000000000000000000, -9.760171490198437539E-17 ) ) ;
#5797 = VECTOR ( 'NONE', #3189, 1000.000000000000000 ) ;
#5798 = ITEM_DEFINED_TRANSFORMATION ( 'NONE', 'NONE', #2707,  #5721 ) ;
#5799 = CARTESIAN_POINT ( 'NONE',  ( 18.99999999999596056, 237.0000000000000000, 28.99999999999999645 ) ) ;
#5800 = AXIS2_PLACEMENT_3D ( 'NONE', #672, #2945, #4812 ) ;
#5801 = EDGE_CURVE ( 'NONE', #583, #731, #4057, .T. ) ;
#5802 = VERTEX_POINT ( 'NONE', #2758 ) ;
#5803 = ADVANCED_FACE ( 'NONE', ( #5999 ), #4588, .F. ) ;
#5804 = CARTESIAN_POINT ( 'NONE',  ( 16.79999999999857607, 468.9999999999999432, -2.000000000000000000 ) ) ;
#5805 = VERTEX_POINT ( 'NONE', #1352 ) ;
#5806 = DIRECTION ( 'NONE',  ( -1.000000000000000000, 0.000000000000000000, 0.000000000000000000 ) ) ;
#5807 = DIRECTION ( 'NONE',  ( 1.000000000000000000, -4.111937128241308804E-15, 0.000000000000000000 ) ) ;
#5808 = MECHANICAL_DESIGN_GEOMETRIC_PRESENTATION_REPRESENTATION (  '', ( #4251 ), #2691 ) ;
#5809 = VECTOR ( 'NONE', #971, 1000.000000000000000 ) ;
#5810 = EDGE_CURVE ( 'NONE', #757, #5541, #5522, .T. ) ;
#5811 = ORIENTED_EDGE ( 'NONE', *, *, #4358, .T. ) ;
#5812 = AXIS2_PLACEMENT_3D ( 'NONE', #1154, #4887, #1212 ) ;
#5813 = DIRECTION ( 'NONE',  ( 0.000000000000000000, -0.000000000000000000, 1.000000000000000000 ) ) ;
#5814 = ORIENTED_EDGE ( 'NONE', *, *, #3755, .T. ) ;
#5815 = DIRECTION ( 'NONE',  ( -0.000000000000000000, -0.000000000000000000, 1.000000000000000000 ) ) ;
#5816 = CARTESIAN_POINT ( 'NONE',  ( 33.00000000000000711, 121.0000000000001847, 0.000000000000000000 ) ) ;
#5817 = LINE ( 'NONE', #4006, #4741 ) ;
#5818 = EDGE_LOOP ( 'NONE', ( #1484, #5348 ) ) ;
#5819 = AXIS2_PLACEMENT_3D ( 'NONE', #5720, #5688, #597 ) ;
#5820 = AXIS2_PLACEMENT_3D ( 'NONE', #4546, #373, #2221 ) ;
#5821 =( REPRESENTATION_RELATIONSHIP ('NONE','NONE', #1948, #4877 ) REPRESENTATION_RELATIONSHIP_WITH_TRANSFORMATION ( #3963 )SHAPE_REPRESENTATION_RELATIONSHIP( ) );
#5822 = ORIENTED_EDGE ( 'NONE', *, *, #994, .F. ) ;
#5823 = EDGE_LOOP ( 'NONE', ( #550, #3065, #1849, #598 ) ) ;
#5824 = EDGE_LOOP ( 'NONE', ( #3620, #2400, #2996, #349 ) ) ;
#5825 = AXIS2_PLACEMENT_3D ( 'NONE', #4276, #997, #4729 ) ;
#5826 = CARTESIAN_POINT ( 'NONE',  ( 35.00000000000000000, 177.0000000000008811, -2.000000000000000000 ) ) ;
#5827 = DIRECTION ( 'NONE',  ( -0.000000000000000000, -0.000000000000000000, -1.000000000000000000 ) ) ;
#5828 = DIRECTION ( 'NONE',  ( 0.000000000000000000, 0.000000000000000000, 1.000000000000000000 ) ) ;
#5829 = CARTESIAN_POINT ( 'NONE',  ( 19.99999999999927880, 257.9999999999998863, 0.000000000000000000 ) ) ;
#5830 = ORIENTED_EDGE ( 'NONE', *, *, #2548, .F. ) ;
#5831 = DIRECTION ( 'NONE',  ( 0.000000000000000000, 0.000000000000000000, -1.000000000000000000 ) ) ;
#5832 = DIRECTION ( 'NONE',  ( -1.000000000000000000, 0.000000000000000000, 0.000000000000000000 ) ) ;
#5833 = ORIENTED_EDGE ( 'NONE', *, *, #5984, .F. ) ;
#5834 = CARTESIAN_POINT ( 'NONE',  ( -152.0000000000000000, 79.99999999999998579, -765.0000000000000000 ) ) ;
#5835 = LINE ( 'NONE', #3455, #3662 ) ;
#5836 = DIRECTION ( 'NONE',  ( -1.000000000000000000, 0.000000000000000000, 0.000000000000000000 ) ) ;
#5837 = CYLINDRICAL_SURFACE ( 'NONE', #2526, 1.000000000000000888 ) ;
#5838 = ORIENTED_EDGE ( 'NONE', *, *, #1086, .F. ) ;
#5839 = DIRECTION ( 'NONE',  ( 0.000000000000000000, 0.000000000000000000, -1.000000000000000000 ) ) ;
#5840 = CARTESIAN_POINT ( 'NONE',  ( 104.2500000000000000, 65.00000000000002842, 3.827021247335479296E-16 ) ) ;
#5841 = EDGE_CURVE ( 'NONE', #731, #5551, #5147, .T. ) ;
#5842 = EDGE_CURVE ( 'NONE', #3392, #2181, #2202, .T. ) ;
#5843 = ORIENTED_EDGE ( 'NONE', *, *, #3755, .F. ) ;
#5844 = PLANE ( 'NONE',  #4121 ) ;
#5845 = ORIENTED_EDGE ( 'NONE', *, *, #3396, .F. ) ;
#5846 = DIRECTION ( 'NONE',  ( -1.000000000000000000, 8.462065736472249571E-17, 0.000000000000000000 ) ) ;
#5847 = LINE ( 'NONE', #1665, #4896 ) ;
#5848 = CARTESIAN_POINT ( 'NONE',  ( -0.7699999999999999067, 0.000000000000000000, 0.000000000000000000 ) ) ;
#5849 = EDGE_CURVE ( 'NONE', #4452, #279, #5136, .T. ) ;
#5850 = ORIENTED_EDGE ( 'NONE', *, *, #5111, .T. ) ;
#5851 = ORIENTED_EDGE ( 'NONE', *, *, #4581, .T. ) ;
#5852 = ORIENTED_EDGE ( 'NONE', *, *, #1132, .T. ) ;
#5853 = FILL_AREA_STYLE ('',( #5365 ) ) ;
#5854 = DIRECTION ( 'NONE',  ( -0.000000000000000000, -0.000000000000000000, -1.000000000000000000 ) ) ;
#5855 = EDGE_LOOP ( 'NONE', ( #3415, #5857, #4747, #5458 ) ) ;
#5856 = SURFACE_STYLE_FILL_AREA ( #1084 ) ;
#5857 = ORIENTED_EDGE ( 'NONE', *, *, #1635, .T. ) ;
#5858 = ORIENTED_EDGE ( 'NONE', *, *, #5131, .F. ) ;
#5859 = CARTESIAN_POINT ( 'NONE',  ( 0.000000000000000000, 1.999999999999999112, 0.000000000000000000 ) ) ;
#5860 = DIRECTION ( 'NONE',  ( 0.000000000000000000, -1.000000000000000000, 0.000000000000000000 ) ) ;
#5861 = LINE ( 'NONE', #3080, #1626 ) ;
#5862 = CARTESIAN_POINT ( 'NONE',  ( 94.19999999999836859, 193.0000000000003126, 2.000000000000000000 ) ) ;
#5863 = CARTESIAN_POINT ( 'NONE',  ( 16.79999999999857607, 468.9999999999999432, 0.000000000000000000 ) ) ;
#5864 = STYLED_ITEM ( 'NONE', ( #65 ), #320 ) ;
#5865 = ORIENTED_EDGE ( 'NONE', *, *, #2784, .F. ) ;
#5866 = LINE ( 'NONE', #1686, #51 ) ;
#5867 = CARTESIAN_POINT ( 'NONE',  ( 38.99999999999982947, 650.0000000000000000, 27.00000000000001776 ) ) ;
#5868 = VECTOR ( 'NONE', #3154, 1000.000000000000000 ) ;
#5869 = ORIENTED_EDGE ( 'NONE', *, *, #2923, .F. ) ;
#5870 = FACE_OUTER_BOUND ( 'NONE', #1583, .T. ) ;
#5871 = ORIENTED_EDGE ( 'NONE', *, *, #2222, .F. ) ;
#5872 = EDGE_CURVE ( 'NONE', #991, #1482, #925, .T. ) ;
#5873 = FACE_OUTER_BOUND ( 'NONE', #5663, .T. ) ;
#5874 = DIRECTION ( 'NONE',  ( -1.000000000000000000, 0.000000000000000000, 0.000000000000000000 ) ) ;
#5875 = VECTOR ( 'NONE', #1949, 1000.000000000000000 ) ;
#5876 = CARTESIAN_POINT ( 'NONE',  ( 40.99999999999990763, 650.0000000000000000, 31.00000000000000711 ) ) ;
#5877 = ORIENTED_EDGE ( 'NONE', *, *, #177, .F. ) ;
#5878 = PRESENTATION_LAYER_ASSIGNMENT (  '', '', ( #5195 ) ) ;
#5879 = EDGE_LOOP ( 'NONE', ( #1885, #905, #1554, #5271 ) ) ;
#5880 = ORIENTED_EDGE ( 'NONE', *, *, #2955, .T. ) ;
#5881 = EDGE_CURVE ( 'NONE', #5561, #4084, #3674, .T. ) ;
#5882 = CARTESIAN_POINT ( 'NONE',  ( -1.942449605356233562E-13, 649.0000000000000000, 30.99999999999999289 ) ) ;
#5883 = DIRECTION ( 'NONE',  ( 1.000000000000000000, 0.000000000000000000, -0.000000000000000000 ) ) ;
#5884 = ORIENTED_EDGE ( 'NONE', *, *, #1290, .F. ) ;
#5885 =( GEOMETRIC_REPRESENTATION_CONTEXT ( 3 ) GLOBAL_UNCERTAINTY_ASSIGNED_CONTEXT ( ( #3831 ) ) GLOBAL_UNIT_ASSIGNED_CONTEXT ( ( #864, #890, #471 ) ) REPRESENTATION_CONTEXT ( 'NONE', 'WORKASPACE' ) );
#5886 = ORIENTED_EDGE ( 'NONE', *, *, #1164, .F. ) ;
#5887 = ORIENTED_EDGE ( 'NONE', *, *, #3795, .F. ) ;
#5888 = EDGE_CURVE ( 'NONE', #4474, #1975, #5539, .T. ) ;
#5889 = CYLINDRICAL_SURFACE ( 'NONE', #4498, 3.199999999999980638 ) ;
#5890 = LINE ( 'NONE', #2220, #1122 ) ;
#5891 = DIRECTION ( 'NONE',  ( -1.000000000000000000, 0.000000000000000000, 0.000000000000000000 ) ) ;
#5892 = CARTESIAN_POINT ( 'NONE',  ( 101.0499999999999972, 665.0000000000000000, 3.827021247335479296E-16 ) ) ;
#5893 = CARTESIAN_POINT ( 'NONE',  ( 16.79999999999929017, 257.9999999999998863, 0.000000000000000000 ) ) ;
#5894 = CIRCLE ( 'NONE', #1509, 3.199999999999980638 ) ;
#5895 = ORIENTED_EDGE ( 'NONE', *, *, #1603, .T. ) ;
#5896 = VERTEX_POINT ( 'NONE', #2320 ) ;
#5897 = LINE ( 'NONE', #3089, #2281 ) ;
#5898 =( LENGTH_UNIT ( ) NAMED_UNIT ( * ) SI_UNIT ( .MILLI., .METRE. ) );
#5899 = CARTESIAN_POINT ( 'NONE',  ( 33.00000000000000711, 668.0000000000000000, 0.000000000000000000 ) ) ;
#5900 = MECHANICAL_DESIGN_GEOMETRIC_PRESENTATION_REPRESENTATION (  '', ( #2014 ), #1633 ) ;
#5901 = VECTOR ( 'NONE', #5264, 1000.000000000000000 ) ;
#5902 = ORIENTED_EDGE ( 'NONE', *, *, #3389, .F. ) ;
#5903 = FACE_BOUND ( 'NONE', #3355, .T. ) ;
#5904 = VERTEX_POINT ( 'NONE', #4197 ) ;
#5905 = SURFACE_SIDE_STYLE ('',( #5385 ) ) ;
#5906 = PLANE ( 'NONE',  #802 ) ;
#5907 = CIRCLE ( 'NONE', #555, 3.199999999999994404 ) ;
#5908 = DIRECTION ( 'NONE',  ( -0.000000000000000000, -0.000000000000000000, 1.000000000000000000 ) ) ;
#5909 = CIRCLE ( 'NONE', #4254, 1.250000000000001110 ) ;
#5910 = AXIS2_PLACEMENT_3D ( 'NONE', #2046, #2498, #1590 ) ;
#5911 = AXIS2_PLACEMENT_3D ( 'NONE', #3992, #211, #1560 ) ;
#5912 = ORIENTED_EDGE ( 'NONE', *, *, #4137, .T. ) ;
#5913 = ORIENTED_EDGE ( 'NONE', *, *, #5729, .T. ) ;
#5914 = FACE_OUTER_BOUND ( 'NONE', #1224, .T. ) ;
#5915 = DIRECTION ( 'NONE',  ( 1.000000000000000000, 0.000000000000000000, 0.000000000000000000 ) ) ;
#5916 = AXIS2_PLACEMENT_3D ( 'NONE', #5674, #2892, #1493 ) ;
#5917 = ADVANCED_FACE ( 'NONE', ( #1873 ), #3730, .F. ) ;
#5918 = EDGE_CURVE ( 'NONE', #3299, #5561, #2399, .T. ) ;
#5919 = ORIENTED_EDGE ( 'NONE', *, *, #3344, .T. ) ;
#5920 = VECTOR ( 'NONE', #5185, 1000.000000000000000 ) ;
#5921 = ORIENTED_EDGE ( 'NONE', *, *, #3390, .T. ) ;
#5922 = DIRECTION ( 'NONE',  ( -8.462065736472249571E-17, -1.000000000000000000, 0.000000000000000000 ) ) ;
#5923 = LINE ( 'NONE', #5002, #4161 ) ;
#5924 = PLANE ( 'NONE',  #4445 ) ;
#5925 = ADVANCED_FACE ( 'NONE', ( #3315 ), #2701, .F. ) ;
#5926 = CARTESIAN_POINT ( 'NONE',  ( 18.99999999999798206, 431.0000000000000000, 31.00000000000000000 ) ) ;
#5927 = DIRECTION ( 'NONE',  ( 0.000000000000000000, 0.000000000000000000, 1.000000000000000000 ) ) ;
#5928 = CARTESIAN_POINT ( 'NONE',  ( 90.64999999999845670, 159.9999999999999716, 2.000000000000000000 ) ) ;
#5929 = DIRECTION ( 'NONE',  ( -1.000000000000000000, 0.000000000000000000, 0.000000000000000000 ) ) ;
#5930 = DIRECTION ( 'NONE',  ( -0.000000000000000000, -0.000000000000000000, 1.000000000000000000 ) ) ;
#5931 = ADVANCED_FACE ( 'NONE', ( #192 ), #2502, .F. ) ;
#5932 = ORIENTED_EDGE ( 'NONE', *, *, #5544, .F. ) ;
#5933 = DIRECTION ( 'NONE',  ( -1.000000000000000000, -3.083952846180988111E-15, 0.000000000000000000 ) ) ;
#5934 = ORIENTED_EDGE ( 'NONE', *, *, #908, .F. ) ;
#5935 = CARTESIAN_POINT ( 'NONE',  ( 47.79999999999837001, 193.0000000000003126, 2.000000000000000000 ) ) ;
#5936 = DIRECTION ( 'NONE',  ( 0.000000000000000000, 0.000000000000000000, 1.000000000000000000 ) ) ;
#5937 = CARTESIAN_POINT ( 'NONE',  ( 36.99999999999982236, 670.0000000000000000, 27.00000000000001066 ) ) ;
#5938 =( REPRESENTATION_RELATIONSHIP ('NONE','NONE', #1948, #4877 ) REPRESENTATION_RELATIONSHIP_WITH_TRANSFORMATION ( #2991 )SHAPE_REPRESENTATION_RELATIONSHIP( ) );
#5939 = ORIENTED_EDGE ( 'NONE', *, *, #5544, .T. ) ;
#5940 = VERTEX_POINT ( 'NONE', #1597 ) ;
#5941 = EDGE_LOOP ( 'NONE', ( #2795, #2597, #1016, #4411 ) ) ;
#5942 = LINE ( 'NONE', #5342, #1702 ) ;
#5943 = CONTEXT_DEPENDENT_SHAPE_REPRESENTATION ( #825, #5604 ) ;
#5944 = AXIS2_PLACEMENT_3D ( 'NONE', #2225, #884, #3305 ) ;
#5945 = VERTEX_POINT ( 'NONE', #978 ) ;
#5946 = COLOUR_RGB ( '',0.6862745098039215730, 0.6862745098039215730, 0.6862745098039215730 ) ;
#5947 = ORIENTED_EDGE ( 'NONE', *, *, #3051, .F. ) ;
#5948 = DIRECTION ( 'NONE',  ( -9.760171490198437539E-17, 0.000000000000000000, 1.000000000000000000 ) ) ;
#5949 = EDGE_CURVE ( 'NONE', #1975, #4011, #2443, .T. ) ;
#5950 = EDGE_CURVE ( 'NONE', #2056, #5142, #3183, .T. ) ;
#5951 = DIRECTION ( 'NONE',  ( 1.000000000000000000, -0.000000000000000000, -0.000000000000000000 ) ) ;
#5952 = DIRECTION ( 'NONE',  ( -1.000000000000000000, 0.000000000000000000, 0.000000000000000000 ) ) ;
#5953 = DIRECTION ( 'NONE',  ( 1.000000000000000000, 0.000000000000000000, 0.000000000000000000 ) ) ;
#5954 = CYLINDRICAL_SURFACE ( 'NONE', #3738, 0.9999999999999997780 ) ;
#5955 = CARTESIAN_POINT ( 'NONE',  ( -0.3849999999999999534, 0.000000000000000000, 0.000000000000000000 ) ) ;
#5956 = EDGE_CURVE ( 'NONE', #5733, #1856, #6011, .T. ) ;
#5957 = DIRECTION ( 'NONE',  ( -1.000000000000000000, 0.000000000000000000, 0.000000000000000000 ) ) ;
#5958 = SHAPE_REPRESENTATION_RELATIONSHIP ( 'NONE' , 'NONE' ,  #3032, #4178 ) ;
#5959 = SURFACE_STYLE_USAGE ( .BOTH. , #1375 ) ;
#5960 = CIRCLE ( 'NONE', #17, 3.199999999999994404 ) ;
#5961 = EDGE_LOOP ( 'NONE', ( #298, #2028, #3346, #5046 ) ) ;
#5962 = PRESENTATION_STYLE_ASSIGNMENT (( #804 ) ) ;
#5963 = ORIENTED_EDGE ( 'NONE', *, *, #2069, .F. ) ;
#5964 = EDGE_CURVE ( 'NONE', #3252, #4085, #1569, .T. ) ;
#5965 = DIRECTION ( 'NONE',  ( -0.000000000000000000, -0.000000000000000000, -1.000000000000000000 ) ) ;
#5966 = CARTESIAN_POINT ( 'NONE',  ( 33.00000000000000000, 152.0000000000007958, -2.000000000000000000 ) ) ;
#5967 = CARTESIAN_POINT ( 'NONE',  ( 18.99999999999596056, 237.0000000000000000, 28.99999999999999645 ) ) ;
#5968 = UNCERTAINTY_MEASURE_WITH_UNIT (LENGTH_MEASURE( 1.000000000000000082E-05 ), #3838, 'distance_accuracy_value', 'NONE');
#5969 = ORIENTED_EDGE ( 'NONE', *, *, #2215, .F. ) ;
#5970 = AXIS2_PLACEMENT_3D ( 'NONE', #3141, #5005, #4575 ) ;
#5971 = ORIENTED_EDGE ( 'NONE', *, *, #947, .T. ) ;
#5972 = CARTESIAN_POINT ( 'NONE',  ( 36.99999999999982236, 650.0000000000000000, 27.00000000000001066 ) ) ;
#5973 = CARTESIAN_POINT ( 'NONE',  ( 0.000000000000000000, 0.000000000000000000, 0.000000000000000000 ) ) ;
#5974 = DIRECTION ( 'NONE',  ( 0.000000000000000000, 1.000000000000000000, 0.000000000000000000 ) ) ;
#5975 = SHAPE_DEFINITION_REPRESENTATION ( #5455, #1324 ) ;
#5976 = AXIS2_PLACEMENT_3D ( 'NONE', #3924, #2013, #3867 ) ;
#5977 = ORIENTED_EDGE ( 'NONE', *, *, #2278, .F. ) ;
#5978 = ORIENTED_EDGE ( 'NONE', *, *, #5984, .T. ) ;
#5979 = AXIS2_PLACEMENT_3D ( 'NONE', #2302, #5178, #1390 ) ;
#5980 = CIRCLE ( 'NONE', #622, 1.000000000000000000 ) ;
#5981 = LINE ( 'NONE', #1366, #4053 ) ;
#5982 = FACE_OUTER_BOUND ( 'NONE', #5157, .T. ) ;
#5983 = VECTOR ( 'NONE', #3458, 1000.000000000000000 ) ;
#5984 = EDGE_CURVE ( 'NONE', #3942, #3409, #748, .T. ) ;
#5985 = DIRECTION ( 'NONE',  ( -1.000000000000000000, -1.224646799147353207E-16, 0.000000000000000000 ) ) ;
#5986 = PLANE ( 'NONE',  #532 ) ;
#5987 = SURFACE_STYLE_FILL_AREA ( #4125 ) ;
#5988 = DIRECTION ( 'NONE',  ( -1.000000000000000000, 0.000000000000000000, 0.000000000000000000 ) ) ;
#5989 = COLOUR_RGB ( '',0.5294117647058823595, 0.5490196078431373028, 0.5490196078431373028 ) ;
#5990 = FILL_AREA_STYLE_COLOUR ( '', #3772 ) ;
#5991 =( NAMED_UNIT ( * ) PLANE_ANGLE_UNIT ( ) SI_UNIT ( $, .RADIAN. ) );
#5992 = EDGE_CURVE ( 'NONE', #3538, #1522, #4290, .T. ) ;
#5993 = EDGE_CURVE ( 'NONE', #955, #4716, #623, .T. ) ;
#5994 = ORIENTED_EDGE ( 'NONE', *, *, #4662, .F. ) ;
#5995 = CARTESIAN_POINT ( 'NONE',  ( 7.999999999999989342, 121.0000000000001137, 0.000000000000000000 ) ) ;
#5996 = ORIENTED_EDGE ( 'NONE', *, *, #3163, .F. ) ;
#5997 = LINE ( 'NONE', #3672, #2577 ) ;
#5998 = LINE ( 'NONE', #1817, #3721 ) ;
#5999 = FACE_OUTER_BOUND ( 'NONE', #5114, .T. ) ;
#6000 = VECTOR ( 'NONE', #2207, 1000.000000000000000 ) ;
#6001 = ADVANCED_FACE ( 'NONE', ( #3342 ), #4711, .T. ) ;
#6002 = ORIENTED_EDGE ( 'NONE', *, *, #5656, .T. ) ;
#6003 = ORIENTED_EDGE ( 'NONE', *, *, #3601, .T. ) ;
#6004 = CARTESIAN_POINT ( 'NONE',  ( 18.99999999999798206, 431.0000000000000000, 28.99999999999999645 ) ) ;
#6005 = CARTESIAN_POINT ( 'NONE',  ( 35.00000000000126477, 154.0000000000007958, -2.000000000000000000 ) ) ;
#6006 = CARTESIAN_POINT ( 'NONE',  ( 7.999999999999921840, 596.0000000000001137, -2.000000000000000000 ) ) ;
#6007 = AXIS2_PLACEMENT_3D ( 'NONE', #2227, #918, #2810 ) ;
#6008 = CIRCLE ( 'NONE', #2003, 2.000000000000000000 ) ;
#6009 = EDGE_CURVE ( 'NONE', #5802, #4906, #1990, .T. ) ;
#6010 = ORIENTED_EDGE ( 'NONE', *, *, #283, .T. ) ;
#6011 = CIRCLE ( 'NONE', #2295, 1.000000000000000888 ) ;
#6012 = ORIENTED_EDGE ( 'NONE', *, *, #2619, .T. ) ;
#6013 = ORIENTED_EDGE ( 'NONE', *, *, #988, .T. ) ;
#6014 = CIRCLE ( 'NONE', #4451, 3.199999999999987743 ) ;
#6015 = FACE_OUTER_BOUND ( 'NONE', #3679, .T. ) ;
#6016 = DIRECTION ( 'NONE',  ( -1.000000000000000000, -0.000000000000000000, -0.000000000000000000 ) ) ;
#6017 = VECTOR ( 'NONE', #536, 1000.000000000000000 ) ;
#6018 = CARTESIAN_POINT ( 'NONE',  ( 101.0499999999999972, 65.00000000000002842, 2.000000000000000000 ) ) ;
#6019 = DIRECTION ( 'NONE',  ( -0.000000000000000000, -0.000000000000000000, -1.000000000000000000 ) ) ;
#6020 = CARTESIAN_POINT ( 'NONE',  ( 104.2500000000000000, 35.00000000000002842, 0.000000000000000000 ) ) ;
#6021 = DIRECTION ( 'NONE',  ( 0.000000000000000000, 0.000000000000000000, 1.000000000000000000 ) ) ;
#6022 = DIRECTION ( 'NONE',  ( -1.000000000000000000, 0.000000000000000000, 0.000000000000000000 ) ) ;
#6023 =( LENGTH_UNIT ( ) NAMED_UNIT ( * ) SI_UNIT ( .MILLI., .METRE. ) );
#6024 = ORIENTED_EDGE ( 'NONE', *, *, #374, .F. ) ;
#6025 = ORIENTED_EDGE ( 'NONE', *, *, #2472, .T. ) ;
#6026 = DIRECTION ( 'NONE',  ( 1.000000000000000000, 0.000000000000000000, 0.000000000000000000 ) ) ;
#6027 = ORIENTED_EDGE ( 'NONE', *, *, #1588, .F. ) ;
#6028 = CYLINDRICAL_SURFACE ( 'NONE', #3654, 2.066999999999999726 ) ;
#6029 = AXIS2_PLACEMENT_3D ( 'NONE', #5494, #3751, #2311 ) ;
#6030 = NEXT_ASSEMBLY_USAGE_OCCURRENCE ( 'NAUO1', ' ', ' ', #1882, #4599, $ ) ;
#6031 = NEXT_ASSEMBLY_USAGE_OCCURRENCE ( 'NAUO2', ' ', ' ', #1882, #1808, $ ) ;
#6032 = NEXT_ASSEMBLY_USAGE_OCCURRENCE ( 'NAUO3', ' ', ' ', #1882, #1808, $ ) ;
#6033 = NEXT_ASSEMBLY_USAGE_OCCURRENCE ( 'NAUO4', ' ', ' ', #1882, #1808, $ ) ;
#6034 = NEXT_ASSEMBLY_USAGE_OCCURRENCE ( 'NAUO5', ' ', ' ', #1882, #1808, $ ) ;
#6035 = NEXT_ASSEMBLY_USAGE_OCCURRENCE ( 'NAUO6', ' ', ' ', #1882, #1808, $ ) ;
#6036 = NEXT_ASSEMBLY_USAGE_OCCURRENCE ( 'NAUO7', ' ', ' ', #1882, #1808, $ ) ;
#6037 = NEXT_ASSEMBLY_USAGE_OCCURRENCE ( 'NAUO8', ' ', ' ', #1882, #1808, $ ) ;
#6038 = NEXT_ASSEMBLY_USAGE_OCCURRENCE ( 'NAUO9', ' ', ' ', #1882, #1808, $ ) ;
#6039 = NEXT_ASSEMBLY_USAGE_OCCURRENCE ( 'NAUO10', ' ', ' ', #1882, #1808, $ ) ;
#6040 = NEXT_ASSEMBLY_USAGE_OCCURRENCE ( 'NAUO11', ' ', ' ', #1882, #1808, $ ) ;
#6041 = NEXT_ASSEMBLY_USAGE_OCCURRENCE ( 'NAUO12', ' ', ' ', #1882, #1991, $ ) ;
#6042 = NEXT_ASSEMBLY_USAGE_OCCURRENCE ( 'NAUO13', ' ', ' ', #1882, #1808, $ ) ;
#6043 = NEXT_ASSEMBLY_USAGE_OCCURRENCE ( 'NAUO14', ' ', ' ', #1882, #1808, $ ) ;
#6044 = NEXT_ASSEMBLY_USAGE_OCCURRENCE ( 'NAUO15', ' ', ' ', #1882, #1808, $ ) ;
#6045 = NEXT_ASSEMBLY_USAGE_OCCURRENCE ( 'NAUO16', ' ', ' ', #1882, #1808, $ ) ;
#6046 = NEXT_ASSEMBLY_USAGE_OCCURRENCE ( 'NAUO17', ' ', ' ', #1882, #89, $ ) ;
ENDSEC;
END-ISO-10303-21;
