ISO-10303-21;
HEADER;
FILE_DESCRIPTION (( 'STEP AP214' ),
    '1' );
FILE_NAME ('03_073_Inserting plate.STEP',
    '2020-09-17T15:31:00',
    ( '' ),
    ( '' ),
    'SwSTEP 2.0',
    'SolidWorks 2018',
    '' );
FILE_SCHEMA (( 'AUTOMOTIVE_DESIGN' ));
ENDSEC;

DATA;
#1 = AXIS2_PLACEMENT_3D ( 'NONE', #1131, #1581, #2108 ) ;
#2 = ORIENTED_EDGE ( 'NONE', *, *, #2360, .F. ) ;
#3 = FACE_OUTER_BOUND ( 'NONE', #565, .T. ) ;
#4 = CARTESIAN_POINT ( 'NONE',  ( -1.916931841079407364E-14, 6.000000000000000000, 157.4999999999998863 ) ) ;
#5 = DIRECTION ( 'NONE',  ( -0.0000000000000000000, 1.000000000000000000, -0.0000000000000000000 ) ) ;
#6 = PRESENTATION_LAYER_ASSIGNMENT (  '', '', ( #1843 ) ) ;
#7 = DIRECTION ( 'NONE',  ( -0.0000000000000000000, -0.0000000000000000000, 1.000000000000000000 ) ) ;
#8 = CARTESIAN_POINT ( 'NONE',  ( 18.25000000000000355, -6.000000000000000000, -335.9000000000001478 ) ) ;
#9 = ORIENTED_EDGE ( 'NONE', *, *, #232, .F. ) ;
#10 = CYLINDRICAL_SURFACE ( 'NONE', #2347, 2.499999999999995115 ) ;
#11 = CARTESIAN_POINT ( 'NONE',  ( -33.50000000000000000, 6.000000000000000888, 312.4999999999998863 ) ) ;
#12 = EDGE_CURVE ( 'NONE', #3163, #648, #2661, .T. ) ;
#13 =( NAMED_UNIT ( * ) SI_UNIT ( $, .STERADIAN. ) SOLID_ANGLE_UNIT ( ) );
#14 = EDGE_CURVE ( 'NONE', #2867, #546, #1646, .T. ) ;
#15 = ORIENTED_EDGE ( 'NONE', *, *, #2063, .F. ) ;
#16 = VERTEX_POINT ( 'NONE', #1273 ) ;
#17 = PRESENTATION_LAYER_ASSIGNMENT (  '', '', ( #1367 ) ) ;
#18 = VERTEX_POINT ( 'NONE', #2014 ) ;
#19 = UNCERTAINTY_MEASURE_WITH_UNIT (LENGTH_MEASURE( 1.000000000000000082E-05 ), #899, 'distance_accuracy_value', 'NONE');
#20 = FACE_BOUND ( 'NONE', #360, .T. ) ;
#21 = ORIENTED_EDGE ( 'NONE', *, *, #2682, .F. ) ;
#22 = AXIS2_PLACEMENT_3D ( 'NONE', #2474, #2446, #2911 ) ;
#23 = VECTOR ( 'NONE', #661, 1000.000000000000000 ) ;
#24 = CYLINDRICAL_SURFACE ( 'NONE', #118, 2.999999999999995559 ) ;
#25 = ORIENTED_EDGE ( 'NONE', *, *, #3239, .F. ) ;
#26 = CIRCLE ( 'NONE', #2327, 3.250000000000002665 ) ;
#27 = ADVANCED_FACE ( 'NONE', ( #2768 ), #1560, .F. ) ;
#28 = VERTEX_POINT ( 'NONE', #2480 ) ;
#29 = EDGE_CURVE ( 'NONE', #2275, #2501, #111, .T. ) ;
#30 = VERTEX_POINT ( 'NONE', #1515 ) ;
#31 = AXIS2_PLACEMENT_3D ( 'NONE', #2252, #1020, #3040 ) ;
#32 = VECTOR ( 'NONE', #5, 1000.000000000000000 ) ;
#33 = ORIENTED_EDGE ( 'NONE', *, *, #1174, .T. ) ;
#34 = PRESENTATION_LAYER_ASSIGNMENT (  '', '', ( #490 ) ) ;
#35 = CARTESIAN_POINT ( 'NONE',  ( 33.50000000000000000, 6.000000000000000000, 309.0999999999998522 ) ) ;
#36 = VERTEX_POINT ( 'NONE', #2731 ) ;
#37 = COLOUR_RGB ( '',0.8980392156862745390, 0.9176470588235293713, 0.9294117647058823817 ) ;
#38 = ADVANCED_FACE ( 'NONE', ( #985 ), #2257, .F. ) ;
#39 = CARTESIAN_POINT ( 'NONE',  ( 70.00000000000005684, 6.000000000000000000, 347.4999999999999432 ) ) ;
#40 =( NAMED_UNIT ( * ) PLANE_ANGLE_UNIT ( ) SI_UNIT ( $, .RADIAN. ) );
#41 = FILL_AREA_STYLE ('',( #2010 ) ) ;
#42 = ORIENTED_EDGE ( 'NONE', *, *, #2935, .F. ) ;
#43 = EDGE_CURVE ( 'NONE', #1802, #967, #2148, .T. ) ;
#44 = DIRECTION ( 'NONE',  ( 0.0000000000000000000, 0.0000000000000000000, 1.000000000000000000 ) ) ;
#45 = CARTESIAN_POINT ( 'NONE',  ( 0.0000000000000000000, -6.000000000000000000, -2.500000000000113243 ) ) ;
#46 = EDGE_CURVE ( 'NONE', #1854, #3184, #3165, .T. ) ;
#47 = DIRECTION ( 'NONE',  ( -0.0000000000000000000, 1.000000000000000000, -0.0000000000000000000 ) ) ;
#48 = AXIS2_PLACEMENT_3D ( 'NONE', #3201, #453, #718 ) ;
#49 = UNCERTAINTY_MEASURE_WITH_UNIT (LENGTH_MEASURE( 1.000000000000000082E-05 ), #1801, 'distance_accuracy_value', 'NONE');
#50 = SURFACE_STYLE_USAGE ( .BOTH. , #2573 ) ;
#51 = CYLINDRICAL_SURFACE ( 'NONE', #2247, 6.000000000000005329 ) ;
#52 =( LENGTH_UNIT ( ) NAMED_UNIT ( * ) SI_UNIT ( .MILLI., .METRE. ) );
#53 = DIRECTION ( 'NONE',  ( -0.0000000000000000000, 1.000000000000000000, -0.0000000000000000000 ) ) ;
#54 = ADVANCED_FACE ( 'NONE', ( #2427 ), #2392, .T. ) ;
#55 = VECTOR ( 'NONE', #931, 1000.000000000000000 ) ;
#56 = CIRCLE ( 'NONE', #1917, 2.499999999999995115 ) ;
#57 = AXIS2_PLACEMENT_3D ( 'NONE', #2775, #2530, #1575 ) ;
#58 =( LENGTH_UNIT ( ) NAMED_UNIT ( * ) SI_UNIT ( .MILLI., .METRE. ) );
#59 = DIRECTION ( 'NONE',  ( 0.0000000000000000000, 0.0000000000000000000, 1.000000000000000000 ) ) ;
#60 = EDGE_LOOP ( 'NONE', ( #3108, #811 ) ) ;
#61 = VECTOR ( 'NONE', #2220, 1000.000000000000000 ) ;
#62 = CARTESIAN_POINT ( 'NONE',  ( -60.00000000000003553, -6.000000000000000000, -337.5000000000000000 ) ) ;
#63 = EDGE_CURVE ( 'NONE', #2498, #2167, #3051, .T. ) ;
#64 = ORIENTED_EDGE ( 'NONE', *, *, #1192, .T. ) ;
#65 = CARTESIAN_POINT ( 'NONE',  ( 69.99999999999998579, 6.000000000000000000, -347.5000000000000568 ) ) ;
#66 = SURFACE_STYLE_FILL_AREA ( #1605 ) ;
#67 = EDGE_CURVE ( 'NONE', #3213, #1189, #114, .T. ) ;
#68 = FILL_AREA_STYLE_COLOUR ( '', #2044 ) ;
#69 = PLANE ( 'NONE',  #1300 ) ;
#70 = DIRECTION ( 'NONE',  ( 0.0000000000000000000, 0.0000000000000000000, 1.000000000000000000 ) ) ;
#71 = CIRCLE ( 'NONE', #159, 3.400000000000000355 ) ;
#72 = ADVANCED_FACE ( 'NONE', ( #3128 ), #1018, .F. ) ;
#73 = MECHANICAL_DESIGN_GEOMETRIC_PRESENTATION_REPRESENTATION (  '', ( #2111 ), #2657 ) ;
#74 = ORIENTED_EDGE ( 'NONE', *, *, #2971, .T. ) ;
#75 = DIRECTION ( 'NONE',  ( -0.0000000000000000000, 1.000000000000000000, -0.0000000000000000000 ) ) ;
#76 = DIRECTION ( 'NONE',  ( -0.0000000000000000000, -0.0000000000000000000, 1.000000000000000000 ) ) ;
#77 =( NAMED_UNIT ( * ) PLANE_ANGLE_UNIT ( ) SI_UNIT ( $, .RADIAN. ) );
#78 = VECTOR ( 'NONE', #2346, 1000.000000000000000 ) ;
#79 = AXIS2_PLACEMENT_3D ( 'NONE', #2367, #846, #309 ) ;
#80 = CARTESIAN_POINT ( 'NONE',  ( 64.50000000000002842, 0.0000000000000000000, 322.4999999999998863 ) ) ;
#81 = CARTESIAN_POINT ( 'NONE',  ( 47.00000000000006395, 0.0000000000000000000, 337.4999999999998863 ) ) ;
#82 = VERTEX_POINT ( 'NONE', #3084 ) ;
#83 = MECHANICAL_DESIGN_GEOMETRIC_PRESENTATION_REPRESENTATION (  '', ( #1752 ), #759 ) ;
#84 = ORIENTED_EDGE ( 'NONE', *, *, #2699, .T. ) ;
#85 = ORIENTED_EDGE ( 'NONE', *, *, #735, .T. ) ;
#86 = FILL_AREA_STYLE_COLOUR ( '', #734 ) ;
#87 = DIRECTION ( 'NONE',  ( 1.000000000000000000, 0.0000000000000000000, 0.0000000000000000000 ) ) ;
#88 = EDGE_CURVE ( 'NONE', #361, #869, #948, .T. ) ;
#89 = ADVANCED_FACE ( 'NONE', ( #385 ), #738, .F. ) ;
#90 = EDGE_LOOP ( 'NONE', ( #1202, #116, #1317, #2265 ) ) ;
#91 = DIRECTION ( 'NONE',  ( 1.000000000000000000, 0.0000000000000000000, 0.0000000000000000000 ) ) ;
#92 = AXIS2_PLACEMENT_3D ( 'NONE', #260, #2770, #1527 ) ;
#93 = ORIENTED_EDGE ( 'NONE', *, *, #1022, .F. ) ;
#94 = VECTOR ( 'NONE', #1362, 1000.000000000000000 ) ;
#95 = CARTESIAN_POINT ( 'NONE',  ( 0.0000000000000000000, -6.000000000000000000, -162.5000000000001137 ) ) ;
#96 = CYLINDRICAL_SURFACE ( 'NONE', #48, 3.250000000000002665 ) ;
#97 = DIRECTION ( 'NONE',  ( 0.0000000000000000000, 0.0000000000000000000, 1.000000000000000000 ) ) ;
#98 = AXIS2_PLACEMENT_3D ( 'NONE', #2020, #2277, #790 ) ;
#99 = CARTESIAN_POINT ( 'NONE',  ( -3.833863682158814729E-14, -0.4999999999999995559, 3.499999999999888534 ) ) ;
#100 = SURFACE_STYLE_FILL_AREA ( #1324 ) ;
#101 =( NAMED_UNIT ( * ) PLANE_ANGLE_UNIT ( ) SI_UNIT ( $, .RADIAN. ) );
#102 = PRESENTATION_LAYER_ASSIGNMENT (  '', '', ( #2508 ) ) ;
#103 = DIRECTION ( 'NONE',  ( -0.0000000000000000000, 1.000000000000000000, -0.0000000000000000000 ) ) ;
#104 = ORIENTED_EDGE ( 'NONE', *, *, #1925, .F. ) ;
#105 = ADVANCED_FACE ( 'NONE', ( #3087 ), #828, .F. ) ;
#106 = CIRCLE ( 'NONE', #1735, 10.00000000000000888 ) ;
#107 = EDGE_CURVE ( 'NONE', #388, #2622, #2863, .T. ) ;
#108 = CARTESIAN_POINT ( 'NONE',  ( 0.0000000000000000000, -6.000000000000000000, -319.2500000000001705 ) ) ;
#109 = CARTESIAN_POINT ( 'NONE',  ( -62.00000000000003553, 0.0000000000000000000, 347.4999999999999432 ) ) ;
#110 = CIRCLE ( 'NONE', #2696, 3.399999999999986144 ) ;
#111 = LINE ( 'NONE', #2248, #1984 ) ;
#112 = AXIS2_PLACEMENT_3D ( 'NONE', #2895, #1887, #3129 ) ;
#113 = SURFACE_STYLE_USAGE ( .BOTH. , #2926 ) ;
#114 = CIRCLE ( 'NONE', #2687, 3.400000000000014122 ) ;
#115 = DIRECTION ( 'NONE',  ( -0.0000000000000000000, -0.0000000000000000000, 1.000000000000000000 ) ) ;
#116 = ORIENTED_EDGE ( 'NONE', *, *, #88, .F. ) ;
#117 = COLOUR_RGB ( '',0.8980392156862745390, 0.9176470588235293713, 0.9294117647058823817 ) ;
#118 = AXIS2_PLACEMENT_3D ( 'NONE', #1956, #769, #1993 ) ;
#119 = CIRCLE ( 'NONE', #1391, 6.000000000000005329 ) ;
#120 = CARTESIAN_POINT ( 'NONE',  ( 62.00000000000003553, 0.0000000000000000000, 322.4999999999998863 ) ) ;
#121 = DIRECTION ( 'NONE',  ( -0.0000000000000000000, 1.000000000000000000, -0.0000000000000000000 ) ) ;
#122 = EDGE_LOOP ( 'NONE', ( #582, #3143, #1547, #2359 ) ) ;
#123 = EDGE_LOOP ( 'NONE', ( #3030, #673, #1332, #1153 ) ) ;
#124 = AXIS2_PLACEMENT_3D ( 'NONE', #434, #1183, #450 ) ;
#125 = EDGE_LOOP ( 'NONE', ( #578, #2238, #204, #2173 ) ) ;
#126 = CARTESIAN_POINT ( 'NONE',  ( 24.99999999999986855, 0.0000000000000000000, 347.4999999999999432 ) ) ;
#127 = EDGE_CURVE ( 'NONE', #869, #231, #541, .T. ) ;
#128 = EDGE_LOOP ( 'NONE', ( #2981, #905, #205, #2400 ) ) ;
#129 = CARTESIAN_POINT ( 'NONE',  ( 47.00000000000006395, 0.0000000000000000000, 337.4999999999998863 ) ) ;
#130 = VECTOR ( 'NONE', #475, 1000.000000000000000 ) ;
#131 = ORIENTED_EDGE ( 'NONE', *, *, #2935, .T. ) ;
#132 = ORIENTED_EDGE ( 'NONE', *, *, #1820, .T. ) ;
#133 = DIRECTION ( 'NONE',  ( 1.000000000000000000, 0.0000000000000000000, 0.0000000000000000000 ) ) ;
#134 = STYLED_ITEM ( 'NONE', ( #1331 ), #566 ) ;
#135 = EDGE_LOOP ( 'NONE', ( #1893, #1434, #2764 ) ) ;
#136 = DIRECTION ( 'NONE',  ( -0.0000000000000000000, 1.000000000000000000, -0.0000000000000000000 ) ) ;
#137 = AXIS2_PLACEMENT_3D ( 'NONE', #791, #1041, #2289 ) ;
#138 = VECTOR ( 'NONE', #3070, 1000.000000000000000 ) ;
#139 = CARTESIAN_POINT ( 'NONE',  ( 0.0000000000000000000, -6.000000000000000000, -159.2500000000001137 ) ) ;
#140 = CARTESIAN_POINT ( 'NONE',  ( -33.50000000000000000, 6.000000000000000888, -105.9000000000000767 ) ) ;
#141 = DIRECTION ( 'NONE',  ( -0.0000000000000000000, -0.0000000000000000000, 1.000000000000000000 ) ) ;
#142 = AXIS2_PLACEMENT_3D ( 'NONE', #1012, #2750, #2080 ) ;
#143 = CIRCLE ( 'NONE', #2562, 3.399999999999958611 ) ;
#144 = CIRCLE ( 'NONE', #365, 3.250000000000030642 ) ;
#145 = FACE_OUTER_BOUND ( 'NONE', #2918, .T. ) ;
#146 = VERTEX_POINT ( 'NONE', #2378 ) ;
#147 = CYLINDRICAL_SURFACE ( 'NONE', #1374, 6.000000000000001776 ) ;
#148 = EDGE_CURVE ( 'NONE', #30, #3057, #1942, .T. ) ;
#149 = ORIENTED_EDGE ( 'NONE', *, *, #2382, .F. ) ;
#150 = DIRECTION ( 'NONE',  ( -0.0000000000000000000, -1.000000000000000000, -0.0000000000000000000 ) ) ;
#151 = CARTESIAN_POINT ( 'NONE',  ( -33.50000000000000000, 6.000000000000000000, -102.5000000000000853 ) ) ;
#152 = CARTESIAN_POINT ( 'NONE',  ( 18.25000000000000355, 6.000000000000000000, -332.5000000000001137 ) ) ;
#153 = LINE ( 'NONE', #2466, #1495 ) ;
#154 = DIRECTION ( 'NONE',  ( -0.0000000000000000000, 1.000000000000000000, -0.0000000000000000000 ) ) ;
#155 = UNCERTAINTY_MEASURE_WITH_UNIT (LENGTH_MEASURE( 1.000000000000000082E-05 ), #2198, 'distance_accuracy_value', 'NONE');
#156 = AXIS2_PLACEMENT_3D ( 'NONE', #315, #75, #2297 ) ;
#157 = VERTEX_POINT ( 'NONE', #108 ) ;
#158 = DIRECTION ( 'NONE',  ( 0.0000000000000000000, 0.0000000000000000000, -1.000000000000000000 ) ) ;
#159 = AXIS2_PLACEMENT_3D ( 'NONE', #1389, #1081, #2133 ) ;
#160 = SURFACE_STYLE_USAGE ( .BOTH. , #3058 ) ;
#161 = ADVANCED_FACE ( 'NONE', ( #707, #3048, #1058, #380, #2976, #2302, #1645, #300, #2899, #2216, #1822, #379, #1181, #941, #1144, #980, #732, #498, #2421, #337 ), #1126, .T. ) ;
#162 = DIRECTION ( 'NONE',  ( 0.0000000000000000000, 1.000000000000000000, 0.0000000000000000000 ) ) ;
#163 = ORIENTED_EDGE ( 'NONE', *, *, #2615, .T. ) ;
#164 = DIRECTION ( 'NONE',  ( 0.0000000000000000000, 0.0000000000000000000, 1.000000000000000000 ) ) ;
#165 = CARTESIAN_POINT ( 'NONE',  ( 47.00000000000006395, 0.0000000000000000000, 337.4999999999998863 ) ) ;
#166 = ORIENTED_EDGE ( 'NONE', *, *, #1104, .F. ) ;
#167 = SURFACE_SIDE_STYLE ('',( #2504 ) ) ;
#168 = CARTESIAN_POINT ( 'NONE',  ( -59.50000000000003553, 0.0000000000000000000, 322.4999999999998863 ) ) ;
#169 = PRESENTATION_LAYER_ASSIGNMENT (  '', '', ( #681 ) ) ;
#170 = DIRECTION ( 'NONE',  ( 0.0000000000000000000, 0.0000000000000000000, -1.000000000000000000 ) ) ;
#171 =( NAMED_UNIT ( * ) SI_UNIT ( $, .STERADIAN. ) SOLID_ANGLE_UNIT ( ) );
#172 = CARTESIAN_POINT ( 'NONE',  ( 33.50000000000000000, -6.000000000000000000, 312.4999999999998863 ) ) ;
#173 = EDGE_CURVE ( 'NONE', #1393, #82, #1643, .T. ) ;
#174 = DIRECTION ( 'NONE',  ( 0.0000000000000000000, 0.0000000000000000000, 1.000000000000000000 ) ) ;
#175 = DIRECTION ( 'NONE',  ( 1.000000000000000000, 0.0000000000000000000, 0.0000000000000000000 ) ) ;
#176 = ORIENTED_EDGE ( 'NONE', *, *, #2106, .F. ) ;
#177 = DIRECTION ( 'NONE',  ( 0.0000000000000000000, 0.0000000000000000000, 1.000000000000000000 ) ) ;
#178 = VECTOR ( 'NONE', #1303, 1000.000000000000000 ) ;
#179 = ORIENTED_EDGE ( 'NONE', *, *, #1848, .T. ) ;
#180 = CARTESIAN_POINT ( 'NONE',  ( 3.980102097228908092E-16, -6.000000000000000000, -5.750000000000121680 ) ) ;
#181 = LINE ( 'NONE', #822, #1079 ) ;
#182 = EDGE_CURVE ( 'NONE', #2972, #2115, #1488, .T. ) ;
#183 = ORIENTED_EDGE ( 'NONE', *, *, #182, .F. ) ;
#184 = FACE_OUTER_BOUND ( 'NONE', #325, .T. ) ;
#185 =( GEOMETRIC_REPRESENTATION_CONTEXT ( 3 ) GLOBAL_UNCERTAINTY_ASSIGNED_CONTEXT ( ( #803 ) ) GLOBAL_UNIT_ASSIGNED_CONTEXT ( ( #1580, #77, #326 ) ) REPRESENTATION_CONTEXT ( 'NONE', 'WORKASPACE' ) );
#186 =( NAMED_UNIT ( * ) PLANE_ANGLE_UNIT ( ) SI_UNIT ( $, .RADIAN. ) );
#187 = DIRECTION ( 'NONE',  ( 0.0000000000000000000, 0.0000000000000000000, 1.000000000000000000 ) ) ;
#188 = MECHANICAL_DESIGN_GEOMETRIC_PRESENTATION_REPRESENTATION (  '', ( #1696 ), #2482 ) ;
#189 =( NAMED_UNIT ( * ) SI_UNIT ( $, .STERADIAN. ) SOLID_ANGLE_UNIT ( ) );
#190 = CIRCLE ( 'NONE', #137, 3.400000000000000355 ) ;
#191 = DIRECTION ( 'NONE',  ( 1.000000000000000000, 0.0000000000000000000, -0.0000000000000000000 ) ) ;
#192 = VERTEX_POINT ( 'NONE', #647 ) ;
#193 = VECTOR ( 'NONE', #1853, 1000.000000000000000 ) ;
#194 = ORIENTED_EDGE ( 'NONE', *, *, #2815, .T. ) ;
#195 = EDGE_LOOP ( 'NONE', ( #1583, #1532 ) ) ;
#196 = ORIENTED_EDGE ( 'NONE', *, *, #2063, .T. ) ;
#197 = ORIENTED_EDGE ( 'NONE', *, *, #1994, .F. ) ;
#198 = EDGE_CURVE ( 'NONE', #1802, #2517, #2388, .T. ) ;
#199 = DIRECTION ( 'NONE',  ( 0.0000000000000000000, 1.000000000000000000, 0.0000000000000000000 ) ) ;
#200 = VECTOR ( 'NONE', #1157, 1000.000000000000000 ) ;
#201 = DIRECTION ( 'NONE',  ( 0.0000000000000000000, 0.0000000000000000000, 1.000000000000000000 ) ) ;
#202 = AXIS2_PLACEMENT_3D ( 'NONE', #620, #871, #603 ) ;
#203 =( NAMED_UNIT ( * ) SI_UNIT ( $, .STERADIAN. ) SOLID_ANGLE_UNIT ( ) );
#204 = ORIENTED_EDGE ( 'NONE', *, *, #2649, .T. ) ;
#205 = ORIENTED_EDGE ( 'NONE', *, *, #441, .T. ) ;
#206 = ORIENTED_EDGE ( 'NONE', *, *, #1667, .F. ) ;
#207 = AXIS2_PLACEMENT_3D ( 'NONE', #1987, #2765, #246 ) ;
#208 = SURFACE_SIDE_STYLE ('',( #540 ) ) ;
#209 = CARTESIAN_POINT ( 'NONE',  ( 47.00000000000006395, 0.0000000000000000000, 347.4999999999999432 ) ) ;
#210 = DIRECTION ( 'NONE',  ( -0.0000000000000000000, 1.000000000000000000, -0.0000000000000000000 ) ) ;
#211 = SURFACE_STYLE_USAGE ( .BOTH. , #1410 ) ;
#212 = CIRCLE ( 'NONE', #1138, 3.399999999999958611 ) ;
#213 = ORIENTED_EDGE ( 'NONE', *, *, #3007, .T. ) ;
#214 = EDGE_CURVE ( 'NONE', #3177, #231, #143, .T. ) ;
#215 = DIRECTION ( 'NONE',  ( 0.0000000000000000000, 0.0000000000000000000, 1.000000000000000000 ) ) ;
#216 = CARTESIAN_POINT ( 'NONE',  ( 33.50000000000000000, 6.000000000000000888, 315.8999999999998636 ) ) ;
#217 = CIRCLE ( 'NONE', #1743, 6.000000000000001776 ) ;
#218 = COLOUR_RGB ( '',0.8980392156862745390, 0.9176470588235293713, 0.9294117647058823817 ) ;
#219 = EDGE_CURVE ( 'NONE', #762, #1231, #1603, .T. ) ;
#220 = DIRECTION ( 'NONE',  ( 0.0000000000000000000, 0.0000000000000000000, 1.000000000000000000 ) ) ;
#221 = PRESENTATION_STYLE_ASSIGNMENT (( #440 ) ) ;
#222 = FILL_AREA_STYLE ('',( #478 ) ) ;
#223 = VECTOR ( 'NONE', #900, 1000.000000000000000 ) ;
#224 = AXIS2_PLACEMENT_3D ( 'NONE', #2993, #3223, #2224 ) ;
#225 = ORIENTED_EDGE ( 'NONE', *, *, #1905, .F. ) ;
#226 = COLOUR_RGB ( '',0.8980392156862745390, 0.9176470588235293713, 0.9294117647058823817 ) ;
#227 =( LENGTH_UNIT ( ) NAMED_UNIT ( * ) SI_UNIT ( .MILLI., .METRE. ) );
#228 = CARTESIAN_POINT ( 'NONE',  ( 41.00000000000003553, -6.000000000000000000, 195.3999999999999488 ) ) ;
#229 = CYLINDRICAL_SURFACE ( 'NONE', #1526, 3.400000000000014122 ) ;
#230 = PRESENTATION_LAYER_ASSIGNMENT (  '', '', ( #2000 ) ) ;
#231 = VERTEX_POINT ( 'NONE', #1353 ) ;
#232 = EDGE_CURVE ( 'NONE', #28, #2790, #3009, .T. ) ;
#233 = CARTESIAN_POINT ( 'NONE',  ( -41.00000000000003553, -6.000000000000000000, 199.5999999999999091 ) ) ;
#234 = VECTOR ( 'NONE', #773, 1000.000000000000000 ) ;
#235 = EDGE_CURVE ( 'NONE', #1758, #294, #1519, .T. ) ;
#236 = ORIENTED_EDGE ( 'NONE', *, *, #2967, .F. ) ;
#237 = ORIENTED_EDGE ( 'NONE', *, *, #2199, .T. ) ;
#238 = PRESENTATION_LAYER_ASSIGNMENT (  '', '', ( #2704 ) ) ;
#239 = ORIENTED_EDGE ( 'NONE', *, *, #981, .T. ) ;
#240 = VERTEX_POINT ( 'NONE', #2104 ) ;
#241 = AXIS2_PLACEMENT_3D ( 'NONE', #548, #1783, #2814 ) ;
#242 = FILL_AREA_STYLE ('',( #972 ) ) ;
#243 = CARTESIAN_POINT ( 'NONE',  ( 24.99999999999986144, 0.0000000000000000000, 320.9978484524310147 ) ) ;
#244 =( NAMED_UNIT ( * ) SI_UNIT ( $, .STERADIAN. ) SOLID_ANGLE_UNIT ( ) );
#245 = UNCERTAINTY_MEASURE_WITH_UNIT (LENGTH_MEASURE( 1.000000000000000082E-05 ), #3182, 'distance_accuracy_value', 'NONE');
#246 = DIRECTION ( 'NONE',  ( 0.0000000000000000000, 0.0000000000000000000, 1.000000000000000000 ) ) ;
#247 = EDGE_CURVE ( 'NONE', #1947, #3204, #1013, .T. ) ;
#248 = DIRECTION ( 'NONE',  ( -0.0000000000000000000, 1.000000000000000000, -0.0000000000000000000 ) ) ;
#249 = SURFACE_STYLE_FILL_AREA ( #1700 ) ;
#250 = VECTOR ( 'NONE', #2957, 1000.000000000000000 ) ;
#251 = AXIS2_PLACEMENT_3D ( 'NONE', #2441, #1235, #2004 ) ;
#252 = EDGE_LOOP ( 'NONE', ( #2150, #2740, #355, #749 ) ) ;
#253 = DIRECTION ( 'NONE',  ( 0.0000000000000000000, 1.000000000000000000, 0.0000000000000000000 ) ) ;
#254 = DIRECTION ( 'NONE',  ( 0.0000000000000000000, -0.0000000000000000000, 1.000000000000000000 ) ) ;
#255 = CARTESIAN_POINT ( 'NONE',  ( -60.00000000000002842, 6.000000000000000000, -347.5000000000000568 ) ) ;
#256 = FACE_BOUND ( 'NONE', #755, .T. ) ;
#257 = VECTOR ( 'NONE', #2264, 1000.000000000000000 ) ;
#258 = AXIS2_PLACEMENT_3D ( 'NONE', #1704, #1714, #2465 ) ;
#259 = CYLINDRICAL_SURFACE ( 'NONE', #2019, 3.250000000000007994 ) ;
#260 = CARTESIAN_POINT ( 'NONE',  ( 18.25000000000000355, -6.000000000000000000, -332.5000000000001137 ) ) ;
#261 = ORIENTED_EDGE ( 'NONE', *, *, #690, .F. ) ;
#262 = VERTEX_POINT ( 'NONE', #1673 ) ;
#263 = FACE_OUTER_BOUND ( 'NONE', #125, .T. ) ;
#264 = AXIS2_PLACEMENT_3D ( 'NONE', #1972, #483, #2202 ) ;
#265 = ADVANCED_FACE ( 'NONE', ( #452 ), #1551, .F. ) ;
#266 = ORIENTED_EDGE ( 'NONE', *, *, #1038, .F. ) ;
#267 = ORIENTED_EDGE ( 'NONE', *, *, #1234, .F. ) ;
#268 = COLOUR_RGB ( '',0.8980392156862745390, 0.9176470588235293713, 0.9294117647058823817 ) ;
#269 = DIRECTION ( 'NONE',  ( 0.0000000000000000000, 0.0000000000000000000, 1.000000000000000000 ) ) ;
#270 = EDGE_CURVE ( 'NONE', #2305, #1097, #1818, .T. ) ;
#271 = CARTESIAN_POINT ( 'NONE',  ( -18.25000000000000355, -6.000000000000000000, -335.9000000000001478 ) ) ;
#272 = ORIENTED_EDGE ( 'NONE', *, *, #2511, .T. ) ;
#273 =( GEOMETRIC_REPRESENTATION_CONTEXT ( 3 ) GLOBAL_UNCERTAINTY_ASSIGNED_CONTEXT ( ( #556 ) ) GLOBAL_UNIT_ASSIGNED_CONTEXT ( ( #2135, #101, #2376 ) ) REPRESENTATION_CONTEXT ( 'NONE', 'WORKASPACE' ) );
#274 = PRODUCT_CONTEXT ( 'NONE', #470, 'mechanical' ) ;
#275 = DIRECTION ( 'NONE',  ( 1.000000000000000000, 0.0000000000000000000, 0.0000000000000000000 ) ) ;
#276 = EDGE_LOOP ( 'NONE', ( #1023, #2033 ) ) ;
#277 =( LENGTH_UNIT ( ) NAMED_UNIT ( * ) SI_UNIT ( .MILLI., .METRE. ) );
#278 = ADVANCED_FACE ( 'NONE', ( #1289 ), #1865, .F. ) ;
#279 = DIRECTION ( 'NONE',  ( 0.0000000000000000000, 0.0000000000000000000, 1.000000000000000000 ) ) ;
#280 = ORIENTED_EDGE ( 'NONE', *, *, #939, .F. ) ;
#281 = AXIS2_PLACEMENT_3D ( 'NONE', #45, #2514, #1659 ) ;
#282 = FACE_OUTER_BOUND ( 'NONE', #252, .T. ) ;
#283 = CARTESIAN_POINT ( 'NONE',  ( -27.49999999999986500, 3.061616997868377225E-16, 322.4999999999998863 ) ) ;
#284 = ORIENTED_EDGE ( 'NONE', *, *, #3069, .F. ) ;
#285 = LINE ( 'NONE', #465, #3074 ) ;
#286 = CARTESIAN_POINT ( 'NONE',  ( 59.99999999999997868, -6.000000000000000000, -337.5000000000000000 ) ) ;
#287 = SURFACE_STYLE_USAGE ( .BOTH. , #2669 ) ;
#288 = CARTESIAN_POINT ( 'NONE',  ( 33.50000000000000000, -6.000000000000000000, -332.5000000000001137 ) ) ;
#289 = EDGE_CURVE ( 'NONE', #1758, #2959, #1139, .T. ) ;
#290 = DIRECTION ( 'NONE',  ( -0.0000000000000000000, 1.000000000000000000, -0.0000000000000000000 ) ) ;
#291 = DIRECTION ( 'NONE',  ( 0.0000000000000000000, 0.0000000000000000000, 1.000000000000000000 ) ) ;
#292 = ORIENTED_EDGE ( 'NONE', *, *, #1477, .T. ) ;
#293 = CYLINDRICAL_SURFACE ( 'NONE', #1954, 6.000000000000005329 ) ;
#294 = VERTEX_POINT ( 'NONE', #2410 ) ;
#295 = ADVANCED_FACE ( 'NONE', ( #3118 ), #1996, .F. ) ;
#296 = AXIS2_PLACEMENT_3D ( 'NONE', #1787, #2544, #2028 ) ;
#297 = CIRCLE ( 'NONE', #2192, 2.499999999999995115 ) ;
#298 = DIRECTION ( 'NONE',  ( -0.0000000000000000000, 1.000000000000000000, -0.0000000000000000000 ) ) ;
#299 =( NAMED_UNIT ( * ) PLANE_ANGLE_UNIT ( ) SI_UNIT ( $, .RADIAN. ) );
#300 = FACE_BOUND ( 'NONE', #2306, .T. ) ;
#301 = ORIENTED_EDGE ( 'NONE', *, *, #2815, .F. ) ;
#302 =( NAMED_UNIT ( * ) PLANE_ANGLE_UNIT ( ) SI_UNIT ( $, .RADIAN. ) );
#303 = LINE ( 'NONE', #330, #3126 ) ;
#304 =( GEOMETRIC_REPRESENTATION_CONTEXT ( 3 ) GLOBAL_UNCERTAINTY_ASSIGNED_CONTEXT ( ( #3219 ) ) GLOBAL_UNIT_ASSIGNED_CONTEXT ( ( #1723, #305, #1963 ) ) REPRESENTATION_CONTEXT ( 'NONE', 'WORKASPACE' ) );
#305 =( NAMED_UNIT ( * ) PLANE_ANGLE_UNIT ( ) SI_UNIT ( $, .RADIAN. ) );
#306 = FACE_BOUND ( 'NONE', #493, .T. ) ;
#307 = DIRECTION ( 'NONE',  ( 1.000000000000000000, 0.0000000000000000000, 0.0000000000000000000 ) ) ;
#308 = CARTESIAN_POINT ( 'NONE',  ( -64.50000000000002842, 3.061616997868377225E-16, 322.4999999999998863 ) ) ;
#309 = DIRECTION ( 'NONE',  ( 0.0000000000000000000, 0.0000000000000000000, 1.000000000000000000 ) ) ;
#310 =( NAMED_UNIT ( * ) SI_UNIT ( $, .STERADIAN. ) SOLID_ANGLE_UNIT ( ) );
#311 =( NAMED_UNIT ( * ) PLANE_ANGLE_UNIT ( ) SI_UNIT ( $, .RADIAN. ) );
#312 = UNCERTAINTY_MEASURE_WITH_UNIT (LENGTH_MEASURE( 1.000000000000000082E-05 ), #52, 'distance_accuracy_value', 'NONE');
#313 = ORIENTED_EDGE ( 'NONE', *, *, #3211, .F. ) ;
#314 = LINE ( 'NONE', #626, #1533 ) ;
#315 = CARTESIAN_POINT ( 'NONE',  ( 0.0000000000000000000, -0.4999999999999995559, 317.4999999999998863 ) ) ;
#316 = EDGE_CURVE ( 'NONE', #157, #36, #1445, .T. ) ;
#317 = ADVANCED_FACE ( 'NONE', ( #3232 ), #2698, .T. ) ;
#318 = CARTESIAN_POINT ( 'NONE',  ( -18.25000000000000355, 6.000000000000000000, -99.10000000000010800 ) ) ;
#319 = FILL_AREA_STYLE_COLOUR ( '', #1517 ) ;
#320 = AXIS2_PLACEMENT_3D ( 'NONE', #1621, #3114, #2361 ) ;
#321 = VECTOR ( 'NONE', #1398, 1000.000000000000000 ) ;
#322 = CARTESIAN_POINT ( 'NONE',  ( 44.00000000000006395, 3.673940397442054445E-16, 337.4999999999998863 ) ) ;
#323 = AXIS2_PLACEMENT_3D ( 'NONE', #642, #2912, #2165 ) ;
#324 = CARTESIAN_POINT ( 'NONE',  ( 33.50000000000000000, 6.000000000000000000, -335.9000000000001478 ) ) ;
#325 = EDGE_LOOP ( 'NONE', ( #2854, #2334, #484, #1986 ) ) ;
#326 =( NAMED_UNIT ( * ) SI_UNIT ( $, .STERADIAN. ) SOLID_ANGLE_UNIT ( ) );
#327 = CIRCLE ( 'NONE', #2596, 2.499999999999995115 ) ;
#328 = AXIS2_PLACEMENT_3D ( 'NONE', #2293, #804, #2509 ) ;
#329 = CARTESIAN_POINT ( 'NONE',  ( 69.99999999999998579, -6.000000000000000000, -337.5000000000000000 ) ) ;
#330 = CARTESIAN_POINT ( 'NONE',  ( 0.0000000000000000000, -6.000000000000000000, 0.7499999999998948619 ) ) ;
#331 = CIRCLE ( 'NONE', #1545, 3.250000000000002665 ) ;
#332 = ADVANCED_FACE ( 'NONE', ( #963 ), #717, .F. ) ;
#333 = CIRCLE ( 'NONE', #1258, 3.400000000000014122 ) ;
#334 = DIRECTION ( 'NONE',  ( -0.0000000000000000000, -0.0000000000000000000, 1.000000000000000000 ) ) ;
#335 = COLOUR_RGB ( '',0.8980392156862745390, 0.9176470588235293713, 0.9294117647058823817 ) ;
#336 = CARTESIAN_POINT ( 'NONE',  ( -1.843453033130565960E-14, 6.000000000000000000, 151.4999999999998863 ) ) ;
#337 = FACE_BOUND ( 'NONE', #2092, .T. ) ;
#338 = EDGE_CURVE ( 'NONE', #2972, #2030, #794, .T. ) ;
#339 = DIRECTION ( 'NONE',  ( -0.0000000000000000000, -1.000000000000000000, -0.0000000000000000000 ) ) ;
#340 = DIRECTION ( 'NONE',  ( 0.0000000000000000000, 0.0000000000000000000, 1.000000000000000000 ) ) ;
#341 = CIRCLE ( 'NONE', #658, 2.999999999999995559 ) ;
#342 = ORIENTED_EDGE ( 'NONE', *, *, #838, .F. ) ;
#343 =( GEOMETRIC_REPRESENTATION_CONTEXT ( 3 ) GLOBAL_UNCERTAINTY_ASSIGNED_CONTEXT ( ( #1330 ) ) GLOBAL_UNIT_ASSIGNED_CONTEXT ( ( #1701, #2719, #1941 ) ) REPRESENTATION_CONTEXT ( 'NONE', 'WORKASPACE' ) );
#344 = CARTESIAN_POINT ( 'NONE',  ( 33.50000000000000000, 6.000000000000000000, -102.5000000000000853 ) ) ;
#345 = ORIENTED_EDGE ( 'NONE', *, *, #2793, .T. ) ;
#346 = CIRCLE ( 'NONE', #1395, 10.00000000000000888 ) ;
#347 = EDGE_LOOP ( 'NONE', ( #2315, #2469, #660, #131, #1426, #936 ) ) ;
#348 = DIRECTION ( 'NONE',  ( -0.0000000000000000000, 1.000000000000000000, -0.0000000000000000000 ) ) ;
#349 = DIRECTION ( 'NONE',  ( -0.0000000000000000000, 1.000000000000000000, -0.0000000000000000000 ) ) ;
#350 = SURFACE_STYLE_FILL_AREA ( #474 ) ;
#351 = ADVANCED_FACE ( 'NONE', ( #878 ), #1503, .F. ) ;
#352 = AXIS2_PLACEMENT_3D ( 'NONE', #652, #2452, #201 ) ;
#353 = ORIENTED_EDGE ( 'NONE', *, *, #1082, .F. ) ;
#354 = CARTESIAN_POINT ( 'NONE',  ( -18.25000000000000355, -6.000000000000000000, 312.4999999999998863 ) ) ;
#355 = ORIENTED_EDGE ( 'NONE', *, *, #14, .T. ) ;
#356 = ORIENTED_EDGE ( 'NONE', *, *, #764, .T. ) ;
#357 = CARTESIAN_POINT ( 'NONE',  ( -33.50000000000000000, 6.000000000000000000, 315.8999999999999204 ) ) ;
#358 = DIRECTION ( 'NONE',  ( 0.0000000000000000000, 1.000000000000000000, 0.0000000000000000000 ) ) ;
#359 = EDGE_CURVE ( 'NONE', #1108, #2490, #1394, .T. ) ;
#360 = EDGE_LOOP ( 'NONE', ( #3227, #1572 ) ) ;
#361 = VERTEX_POINT ( 'NONE', #542 ) ;
#362 = DIRECTION ( 'NONE',  ( 0.0000000000000000000, 0.0000000000000000000, 1.000000000000000000 ) ) ;
#363 = ORIENTED_EDGE ( 'NONE', *, *, #2122, .T. ) ;
#364 = FACE_BOUND ( 'NONE', #2433, .T. ) ;
#365 = AXIS2_PLACEMENT_3D ( 'NONE', #2417, #922, #362 ) ;
#366 = ORIENTED_EDGE ( 'NONE', *, *, #1739, .F. ) ;
#367 = ORIENTED_EDGE ( 'NONE', *, *, #1688, .T. ) ;
#368 = CARTESIAN_POINT ( 'NONE',  ( -33.50000000000000000, 6.000000000000000888, -335.9000000000000909 ) ) ;
#369 = CYLINDRICAL_SURFACE ( 'NONE', #1668, 3.399999999999986144 ) ;
#370 = FILL_AREA_STYLE ('',( #1413 ) ) ;
#371 = PRESENTATION_LAYER_ASSIGNMENT (  '', '', ( #2037 ) ) ;
#372 = CARTESIAN_POINT ( 'NONE',  ( -7.667727364317629458E-14, -0.4999999999999995559, -322.5000000000001137 ) ) ;
#373 = CIRCLE ( 'NONE', #1026, 3.249999999999975131 ) ;
#374 = ORIENTED_EDGE ( 'NONE', *, *, #1386, .F. ) ;
#375 = CONICAL_SURFACE ( 'NONE', #2128, 2.999999999999995559, 1.029744258676660973 ) ;
#376 = EDGE_LOOP ( 'NONE', ( #695, #1186, #213, #3148 ) ) ;
#377 = CIRCLE ( 'NONE', #2983, 2.999999999999988898 ) ;
#378 = EDGE_CURVE ( 'NONE', #623, #1059, #2633, .T. ) ;
#379 = FACE_BOUND ( 'NONE', #1019, .T. ) ;
#380 = FACE_OUTER_BOUND ( 'NONE', #786, .T. ) ;
#381 = VERTEX_POINT ( 'NONE', #508 ) ;
#382 = DIRECTION ( 'NONE',  ( 1.000000000000000000, 0.0000000000000000000, 0.0000000000000000000 ) ) ;
#383 = EDGE_CURVE ( 'NONE', #2030, #2972, #2120, .T. ) ;
#384 = CIRCLE ( 'NONE', #577, 3.400000000000014122 ) ;
#385 = FACE_OUTER_BOUND ( 'NONE', #3212, .T. ) ;
#386 = ORIENTED_EDGE ( 'NONE', *, *, #526, .F. ) ;
#387 = AXIS2_PLACEMENT_3D ( 'NONE', #2902, #1408, #2147 ) ;
#388 = VERTEX_POINT ( 'NONE', #2287 ) ;
#389 = FILL_AREA_STYLE_COLOUR ( '', #464 ) ;
#390 = CARTESIAN_POINT ( 'NONE',  ( -5.750795523238222409E-14, -0.4999999999999995559, -162.5000000000000853 ) ) ;
#391 = ORIENTED_EDGE ( 'NONE', *, *, #852, .F. ) ;
#392 = DIRECTION ( 'NONE',  ( 0.0000000000000000000, 0.0000000000000000000, 1.000000000000000000 ) ) ;
#393 = DIRECTION ( 'NONE',  ( -0.0000000000000000000, -0.0000000000000000000, 1.000000000000000000 ) ) ;
#394 = AXIS2_PLACEMENT_3D ( 'NONE', #1320, #1817, #2344 ) ;
#395 = ORIENTED_EDGE ( 'NONE', *, *, #1724, .T. ) ;
#396 = ORIENTED_EDGE ( 'NONE', *, *, #3061, .T. ) ;
#397 = EDGE_CURVE ( 'NONE', #1518, #971, #1797, .T. ) ;
#398 = EDGE_LOOP ( 'NONE', ( #2701, #1253, #2552, #990 ) ) ;
#399 = FILL_AREA_STYLE ('',( #2143 ) ) ;
#400 = DIRECTION ( 'NONE',  ( 0.0000000000000000000, 0.0000000000000000000, 1.000000000000000000 ) ) ;
#401 = CARTESIAN_POINT ( 'NONE',  ( 0.0000000000000000000, -6.000000000000000000, 317.4999999999998863 ) ) ;
#402 = EDGE_CURVE ( 'NONE', #1070, #2270, #1382, .T. ) ;
#403 = EDGE_LOOP ( 'NONE', ( #225, #2049 ) ) ;
#404 = CARTESIAN_POINT ( 'NONE',  ( -18.25000000000000355, 6.000000000000000000, -332.5000000000001137 ) ) ;
#405 = DIRECTION ( 'NONE',  ( -0.0000000000000000000, 1.000000000000000000, -0.0000000000000000000 ) ) ;
#406 = DIRECTION ( 'NONE',  ( 0.0000000000000000000, 0.0000000000000000000, 1.000000000000000000 ) ) ;
#407 = SURFACE_SIDE_STYLE ('',( #249 ) ) ;
#408 = PRESENTATION_LAYER_ASSIGNMENT (  '', '', ( #134 ) ) ;
#409 = AXIS2_PLACEMENT_3D ( 'NONE', #1057, #1563, #1322 ) ;
#410 = FILL_AREA_STYLE ('',( #1927 ) ) ;
#411 = DIRECTION ( 'NONE',  ( 0.8571673007021156643, 0.0000000000000000000, 0.5150380749100486044 ) ) ;
#412 = DIRECTION ( 'NONE',  ( -0.0000000000000000000, 1.000000000000000000, -0.0000000000000000000 ) ) ;
#413 = ORIENTED_EDGE ( 'NONE', *, *, #2872, .T. ) ;
#414 = SURFACE_STYLE_USAGE ( .BOTH. , #1373 ) ;
#415 = LINE ( 'NONE', #1213, #250 ) ;
#416 = COLOUR_RGB ( '',0.8980392156862745390, 0.9176470588235293713, 0.9294117647058823817 ) ;
#417 = LINE ( 'NONE', #3141, #664 ) ;
#418 = AXIS2_PLACEMENT_3D ( 'NONE', #860, #1962, #1938 ) ;
#419 = DIRECTION ( 'NONE',  ( -0.0000000000000000000, 1.000000000000000000, -0.0000000000000000000 ) ) ;
#420 = ORIENTED_EDGE ( 'NONE', *, *, #1315, .F. ) ;
#421 =( NAMED_UNIT ( * ) SI_UNIT ( $, .STERADIAN. ) SOLID_ANGLE_UNIT ( ) );
#422 = CIRCLE ( 'NONE', #469, 3.400000000000000355 ) ;
#423 = EDGE_CURVE ( 'NONE', #82, #1059, #1561, .T. ) ;
#424 = SURFACE_STYLE_USAGE ( .BOTH. , #2404 ) ;
#425 = CARTESIAN_POINT ( 'NONE',  ( -33.50000000000000000, 6.000000000000000000, -99.10000000000010800 ) ) ;
#426 = SURFACE_STYLE_FILL_AREA ( #41 ) ;
#427 = EDGE_LOOP ( 'NONE', ( #2432, #1869 ) ) ;
#428 = STYLED_ITEM ( 'NONE', ( #2356 ), #802 ) ;
#429 =( NAMED_UNIT ( * ) PLANE_ANGLE_UNIT ( ) SI_UNIT ( $, .RADIAN. ) );
#430 = DIRECTION ( 'NONE',  ( 0.0000000000000000000, 0.0000000000000000000, 1.000000000000000000 ) ) ;
#431 =( LENGTH_UNIT ( ) NAMED_UNIT ( * ) SI_UNIT ( .MILLI., .METRE. ) );
#432 = CARTESIAN_POINT ( 'NONE',  ( -7.667727364317629458E-14, -0.4999999999999995559, -316.5000000000001137 ) ) ;
#433 = STYLED_ITEM ( 'NONE', ( #1429 ), #1821 ) ;
#434 = CARTESIAN_POINT ( 'NONE',  ( 24.99999999999986855, 0.0000000000000000000, 322.4999999999998863 ) ) ;
#435 = CARTESIAN_POINT ( 'NONE',  ( 18.25000000000000355, -6.000000000000000000, -329.1000000000001364 ) ) ;
#436 = DIRECTION ( 'NONE',  ( 1.000000000000000000, 0.0000000000000000000, 0.0000000000000000000 ) ) ;
#437 = STYLED_ITEM ( 'NONE', ( #1934 ), #3024 ) ;
#438 = ADVANCED_FACE ( 'NONE', ( #907 ), #2159, .F. ) ;
#439 = EDGE_LOOP ( 'NONE', ( #2528, #3103 ) ) ;
#440 = SURFACE_STYLE_USAGE ( .BOTH. , #2206 ) ;
#441 = EDGE_CURVE ( 'NONE', #2213, #644, #2897, .T. ) ;
#442 = FACE_BOUND ( 'NONE', #2663, .T. ) ;
#443 = LINE ( 'NONE', #2674, #1476 ) ;
#444 = EDGE_CURVE ( 'NONE', #1523, #967, #2694, .T. ) ;
#445 = VERTEX_POINT ( 'NONE', #1570 ) ;
#446 = VERTEX_POINT ( 'NONE', #329 ) ;
#447 = CIRCLE ( 'NONE', #1464, 3.400000000000000355 ) ;
#448 = AXIS2_PLACEMENT_3D ( 'NONE', #836, #1585, #291 ) ;
#449 = UNCERTAINTY_MEASURE_WITH_UNIT (LENGTH_MEASURE( 1.000000000000000082E-05 ), #2631, 'distance_accuracy_value', 'NONE');
#450 = DIRECTION ( 'NONE',  ( 1.000000000000000000, 0.0000000000000000000, 0.0000000000000000000 ) ) ;
#451 = STYLED_ITEM ( 'NONE', ( #1680 ), #2363 ) ;
#452 = FACE_OUTER_BOUND ( 'NONE', #601, .T. ) ;
#453 = DIRECTION ( 'NONE',  ( -0.0000000000000000000, 1.000000000000000000, -0.0000000000000000000 ) ) ;
#454 = VECTOR ( 'NONE', #298, 1000.000000000000000 ) ;
#455 = DIRECTION ( 'NONE',  ( 1.000000000000000000, 0.0000000000000000000, -1.198082400674629553E-16 ) ) ;
#456 = VERTEX_POINT ( 'NONE', #2604 ) ;
#457 = FACE_OUTER_BOUND ( 'NONE', #3187, .T. ) ;
#458 = ORIENTED_EDGE ( 'NONE', *, *, #46, .F. ) ;
#459 = VERTEX_POINT ( 'NONE', #1600 ) ;
#460 = DIRECTION ( 'NONE',  ( -0.0000000000000000000, -0.0000000000000000000, 1.000000000000000000 ) ) ;
#461 = DIRECTION ( 'NONE',  ( 0.0000000000000000000, 0.0000000000000000000, 1.000000000000000000 ) ) ;
#462 = CARTESIAN_POINT ( 'NONE',  ( -5.677316715289381320E-14, -0.4999999999999995559, -168.5000000000000853 ) ) ;
#463 = EDGE_CURVE ( 'NONE', #2064, #768, #2904, .T. ) ;
#464 = COLOUR_RGB ( '',0.8980392156862745390, 0.9176470588235293713, 0.9294117647058823817 ) ;
#465 = CARTESIAN_POINT ( 'NONE',  ( 44.00000000000006395, 3.673940397442050007E-16, 347.4999999999999432 ) ) ;
#466 = DIRECTION ( 'NONE',  ( -0.8571673007021134438, 1.049727191138620051E-16, 0.5150380749100522682 ) ) ;
#467 = ORIENTED_EDGE ( 'NONE', *, *, #741, .T. ) ;
#468 =( NAMED_UNIT ( * ) PLANE_ANGLE_UNIT ( ) SI_UNIT ( $, .RADIAN. ) );
#469 = AXIS2_PLACEMENT_3D ( 'NONE', #2105, #2869, #1143 ) ;
#470 = APPLICATION_CONTEXT ( 'automotive_design' ) ;
#471 = FILL_AREA_STYLE ('',( #1918 ) ) ;
#472 = EDGE_LOOP ( 'NONE', ( #3081, #2154, #132, #983 ) ) ;
#473 = AXIS2_PLACEMENT_3D ( 'NONE', #1969, #2743, #2961 ) ;
#474 = FILL_AREA_STYLE ('',( #2381 ) ) ;
#475 = DIRECTION ( 'NONE',  ( 0.8571673007021156643, 0.0000000000000000000, 0.5150380749100486044 ) ) ;
#476 = DIRECTION ( 'NONE',  ( 0.0000000000000000000, 0.0000000000000000000, 1.000000000000000000 ) ) ;
#477 = EDGE_LOOP ( 'NONE', ( #2307, #1502, #2493, #2748 ) ) ;
#478 = FILL_AREA_STYLE_COLOUR ( '', #2518 ) ;
#479 = EDGE_CURVE ( 'NONE', #2022, #700, #1245, .T. ) ;
#480 = SURFACE_STYLE_USAGE ( .BOTH. , #2723 ) ;
#481 = SURFACE_STYLE_FILL_AREA ( #471 ) ;
#482 = AXIS2_PLACEMENT_3D ( 'NONE', #908, #1414, #436 ) ;
#483 = DIRECTION ( 'NONE',  ( 0.0000000000000000000, 1.000000000000000000, 0.0000000000000000000 ) ) ;
#484 = ORIENTED_EDGE ( 'NONE', *, *, #29, .T. ) ;
#485 = EDGE_LOOP ( 'NONE', ( #2700, #1698, #1682 ) ) ;
#486 = EDGE_LOOP ( 'NONE', ( #1791, #635 ) ) ;
#487 = CIRCLE ( 'NONE', #1875, 3.400000000000014122 ) ;
#488 = SURFACE_STYLE_USAGE ( .BOTH. , #1997 ) ;
#489 = VECTOR ( 'NONE', #2834, 1000.000000000000000 ) ;
#490 = STYLED_ITEM ( 'NONE', ( #1736 ), #1769 ) ;
#491 = UNCERTAINTY_MEASURE_WITH_UNIT (LENGTH_MEASURE( 1.000000000000000082E-05 ), #1116, 'distance_accuracy_value', 'NONE');
#492 = CYLINDRICAL_SURFACE ( 'NONE', #778, 3.400000000000014122 ) ;
#493 = EDGE_LOOP ( 'NONE', ( #2839, #1494 ) ) ;
#494 = DIRECTION ( 'NONE',  ( -0.0000000000000000000, 1.000000000000000000, -0.0000000000000000000 ) ) ;
#495 = FILL_AREA_STYLE_COLOUR ( '', #1543 ) ;
#496 = CARTESIAN_POINT ( 'NONE',  ( 0.0000000000000000000, -0.4999999999999995559, 317.4999999999998863 ) ) ;
#497 = CARTESIAN_POINT ( 'NONE',  ( 18.25000000000000355, 6.000000000000000888, -102.5000000000000853 ) ) ;
#498 = FACE_BOUND ( 'NONE', #785, .T. ) ;
#499 = AXIS2_PLACEMENT_3D ( 'NONE', #2134, #2901, #2439 ) ;
#500 = CARTESIAN_POINT ( 'NONE',  ( -46.99999999999995026, 0.0000000000000000000, 335.6974181429172859 ) ) ;
#501 = VECTOR ( 'NONE', #2348, 1000.000000000000000 ) ;
#502 = ORIENTED_EDGE ( 'NONE', *, *, #1739, .T. ) ;
#503 = EDGE_LOOP ( 'NONE', ( #2076, #888 ) ) ;
#504 = COLOUR_RGB ( '',0.8980392156862745390, 0.9176470588235293713, 0.9294117647058823817 ) ;
#505 = EDGE_CURVE ( 'NONE', #693, #3004, #1697, .T. ) ;
#506 = ORIENTED_EDGE ( 'NONE', *, *, #792, .T. ) ;
#507 = VECTOR ( 'NONE', #1912, 1000.000000000000000 ) ;
#508 = CARTESIAN_POINT ( 'NONE',  ( 0.0000000000000000000, -6.000000000000000000, 0.7499999999998948619 ) ) ;
#509 = ORIENTED_EDGE ( 'NONE', *, *, #3185, .F. ) ;
#510 = EDGE_CURVE ( 'NONE', #3204, #2786, #1506, .T. ) ;
#511 = VERTEX_POINT ( 'NONE', #1152 ) ;
#512 = CARTESIAN_POINT ( 'NONE',  ( 0.0000000000000000000, -0.4999999999999995559, -322.5000000000001137 ) ) ;
#513 = ORIENTED_EDGE ( 'NONE', *, *, #1234, .T. ) ;
#514 = CARTESIAN_POINT ( 'NONE',  ( -7.667727364317629458E-14, 6.000000000000000000, -322.5000000000001137 ) ) ;
#515 = AXIS2_PLACEMENT_3D ( 'NONE', #1128, #2879, #400 ) ;
#516 = AXIS2_PLACEMENT_3D ( 'NONE', #209, #976, #3228 ) ;
#517 = ORIENTED_EDGE ( 'NONE', *, *, #441, .F. ) ;
#518 = FACE_BOUND ( 'NONE', #403, .T. ) ;
#519 = DIRECTION ( 'NONE',  ( -0.0000000000000000000, -0.0000000000000000000, 1.000000000000000000 ) ) ;
#520 = CYLINDRICAL_SURFACE ( 'NONE', #1715, 3.399999999999986144 ) ;
#521 = ORIENTED_EDGE ( 'NONE', *, *, #402, .T. ) ;
#522 = CARTESIAN_POINT ( 'NONE',  ( 18.25000000000000355, -6.000000000000000000, 312.4999999999998863 ) ) ;
#523 = FILL_AREA_STYLE ('',( #2734 ) ) ;
#524 = CARTESIAN_POINT ( 'NONE',  ( -62.00000000000004263, 0.0000000000000000000, 320.9978484524310147 ) ) ;
#525 = PRESENTATION_STYLE_ASSIGNMENT (( #3140 ) ) ;
#526 = EDGE_CURVE ( 'NONE', #2365, #2681, #760, .T. ) ;
#527 = CARTESIAN_POINT ( 'NONE',  ( -18.25000000000000355, 6.000000000000000888, 312.4999999999998863 ) ) ;
#528 = SURFACE_STYLE_FILL_AREA ( #2817 ) ;
#529 = ADVANCED_FACE ( 'NONE', ( #2370 ), #2107, .F. ) ;
#530 = COLOUR_RGB ( '',0.5019607843137254832, 0.5019607843137254832, 0.5019607843137254832 ) ;
#531 = AXIS2_PLACEMENT_3D ( 'NONE', #1614, #2366, #2353 ) ;
#532 = FILL_AREA_STYLE_COLOUR ( '', #530 ) ;
#533 = EDGE_LOOP ( 'NONE', ( #25, #292, #683, #2258 ) ) ;
#534 = CARTESIAN_POINT ( 'NONE',  ( -18.25000000000000355, 6.000000000000000888, 309.0999999999998522 ) ) ;
#535 = DIRECTION ( 'NONE',  ( -0.0000000000000000000, 1.000000000000000000, -0.0000000000000000000 ) ) ;
#536 = CYLINDRICAL_SURFACE ( 'NONE', #2352, 3.400000000000014122 ) ;
#537 = FILL_AREA_STYLE_COLOUR ( '', #268 ) ;
#538 = AXIS2_PLACEMENT_3D ( 'NONE', #3186, #2930, #3170 ) ;
#539 = ORIENTED_EDGE ( 'NONE', *, *, #2471, .T. ) ;
#540 = SURFACE_STYLE_FILL_AREA ( #242 ) ;
#541 = LINE ( 'NONE', #324, #3123 ) ;
#542 = CARTESIAN_POINT ( 'NONE',  ( 33.50000000000000000, -6.000000000000000000, -329.1000000000001364 ) ) ;
#543 = EDGE_LOOP ( 'NONE', ( #2914, #742, #2718, #925 ) ) ;
#544 = DIRECTION ( 'NONE',  ( -0.0000000000000000000, 1.000000000000000000, -0.0000000000000000000 ) ) ;
#545 = EDGE_LOOP ( 'NONE', ( #458, #933, #196, #176 ) ) ;
#546 = VERTEX_POINT ( 'NONE', #1421 ) ;
#547 = ORIENTED_EDGE ( 'NONE', *, *, #235, .T. ) ;
#548 = CARTESIAN_POINT ( 'NONE',  ( 0.0000000000000000000, -0.4999999999999995559, -162.5000000000001137 ) ) ;
#549 = PRESENTATION_STYLE_ASSIGNMENT (( #1358 ) ) ;
#550 =( LENGTH_UNIT ( ) NAMED_UNIT ( * ) SI_UNIT ( .MILLI., .METRE. ) );
#551 = DIRECTION ( 'NONE',  ( 0.0000000000000000000, 1.000000000000000000, 0.0000000000000000000 ) ) ;
#552 = EDGE_CURVE ( 'NONE', #2501, #1011, #144, .T. ) ;
#553 = ADVANCED_FACE ( 'NONE', ( #2940, #863, #256, #2686, #1717, #1056, #826 ), #630, .F. ) ;
#554 = AXIS2_PLACEMENT_3D ( 'NONE', #2852, #3188, #2443 ) ;
#555 =( NAMED_UNIT ( * ) SI_UNIT ( $, .STERADIAN. ) SOLID_ANGLE_UNIT ( ) );
#556 = UNCERTAINTY_MEASURE_WITH_UNIT (LENGTH_MEASURE( 1.000000000000000082E-05 ), #2135, 'distance_accuracy_value', 'NONE');
#557 = DIRECTION ( 'NONE',  ( 0.0000000000000000000, 0.0000000000000000000, 1.000000000000000000 ) ) ;
#558 = AXIS2_PLACEMENT_3D ( 'NONE', #3175, #393, #1657 ) ;
#559 = FACE_BOUND ( 'NONE', #2269, .T. ) ;
#560 = CARTESIAN_POINT ( 'NONE',  ( 0.0000000000000000000, -0.4999999999999995559, -2.500000000000113243 ) ) ;
#561 = DIRECTION ( 'NONE',  ( 0.0000000000000000000, 1.000000000000000000, 0.0000000000000000000 ) ) ;
#562 = STYLED_ITEM ( 'NONE', ( #2058 ), #3031 ) ;
#563 = DIRECTION ( 'NONE',  ( 0.0000000000000000000, 1.000000000000000000, 0.0000000000000000000 ) ) ;
#564 = ORIENTED_EDGE ( 'NONE', *, *, #12, .F. ) ;
#565 = EDGE_LOOP ( 'NONE', ( #1566, #1727, #1388, #1683 ) ) ;
#566 = ADVANCED_FACE ( 'NONE', ( #2725 ), #2311, .F. ) ;
#567 = CARTESIAN_POINT ( 'NONE',  ( 62.00000000000003553, 0.0000000000000000000, 347.4999999999999432 ) ) ;
#568 = LINE ( 'NONE', #599, #2651 ) ;
#569 = DIRECTION ( 'NONE',  ( 0.0000000000000000000, 0.0000000000000000000, -1.000000000000000000 ) ) ;
#570 = CIRCLE ( 'NONE', #910, 2.499999999999995115 ) ;
#571 = DIRECTION ( 'NONE',  ( -0.0000000000000000000, -0.0000000000000000000, 1.000000000000000000 ) ) ;
#572 = EDGE_CURVE ( 'NONE', #1121, #1749, #2952, .T. ) ;
#573 = ORIENTED_EDGE ( 'NONE', *, *, #2887, .F. ) ;
#574 = CARTESIAN_POINT ( 'NONE',  ( -1.916931841079407364E-14, -0.4999999999999995559, 157.4999999999998863 ) ) ;
#575 = DIRECTION ( 'NONE',  ( -0.0000000000000000000, 1.000000000000000000, -0.0000000000000000000 ) ) ;
#576 = ORIENTED_EDGE ( 'NONE', *, *, #2003, .F. ) ;
#577 = AXIS2_PLACEMENT_3D ( 'NONE', #875, #348, #2624 ) ;
#578 = ORIENTED_EDGE ( 'NONE', *, *, #1216, .F. ) ;
#579 = ORIENTED_EDGE ( 'NONE', *, *, #1200, .T. ) ;
#580 = DIRECTION ( 'NONE',  ( -0.0000000000000000000, 1.000000000000000000, -0.0000000000000000000 ) ) ;
#581 = DIRECTION ( 'NONE',  ( 0.0000000000000000000, -1.000000000000000000, 0.0000000000000000000 ) ) ;
#582 = ORIENTED_EDGE ( 'NONE', *, *, #3235, .F. ) ;
#583 = DIRECTION ( 'NONE',  ( 0.0000000000000000000, 0.0000000000000000000, 1.000000000000000000 ) ) ;
#584 = CIRCLE ( 'NONE', #1975, 2.500000000000002220 ) ;
#585 = SURFACE_STYLE_FILL_AREA ( #370 ) ;
#586 = VECTOR ( 'NONE', #2997, 1000.000000000000000 ) ;
#587 = ADVANCED_FACE ( 'NONE', ( #2399 ), #1490, .F. ) ;
#588 =( GEOMETRIC_REPRESENTATION_CONTEXT ( 3 ) GLOBAL_UNCERTAINTY_ASSIGNED_CONTEXT ( ( #155 ) ) GLOBAL_UNIT_ASSIGNED_CONTEXT ( ( #2198, #1670, #421 ) ) REPRESENTATION_CONTEXT ( 'NONE', 'WORKASPACE' ) );
#589 = DIRECTION ( 'NONE',  ( 1.000000000000000000, 0.0000000000000000000, 0.0000000000000000000 ) ) ;
#590 = DIRECTION ( 'NONE',  ( -0.0000000000000000000, 1.000000000000000000, -0.0000000000000000000 ) ) ;
#591 = VECTOR ( 'NONE', #2492, 1000.000000000000000 ) ;
#592 = CARTESIAN_POINT ( 'NONE',  ( -70.00000000000002842, 6.000000000000000000, -337.5000000000000000 ) ) ;
#593 = DIRECTION ( 'NONE',  ( -0.0000000000000000000, -0.0000000000000000000, 1.000000000000000000 ) ) ;
#594 = CARTESIAN_POINT ( 'NONE',  ( -64.50000000000002842, 3.061616997868381662E-16, 347.4999999999999432 ) ) ;
#595 = ORIENTED_EDGE ( 'NONE', *, *, #88, .T. ) ;
#596 = SURFACE_SIDE_STYLE ('',( #2523 ) ) ;
#597 = CARTESIAN_POINT ( 'NONE',  ( -60.00000000000002842, -6.000000000000000000, -347.5000000000000568 ) ) ;
#598 = VERTEX_POINT ( 'NONE', #2362 ) ;
#599 = CARTESIAN_POINT ( 'NONE',  ( 59.99999999999997868, 6.000000000000000000, -347.5000000000000568 ) ) ;
#600 = EDGE_CURVE ( 'NONE', #869, #361, #384, .T. ) ;
#601 = EDGE_LOOP ( 'NONE', ( #3173, #3010, #2300, #2271 ) ) ;
#602 = DIRECTION ( 'NONE',  ( -0.0000000000000000000, 1.000000000000000000, -0.0000000000000000000 ) ) ;
#603 = DIRECTION ( 'NONE',  ( 0.0000000000000000000, 0.0000000000000000000, 1.000000000000000000 ) ) ;
#604 = CARTESIAN_POINT ( 'NONE',  ( 0.0000000000000000000, -6.000000000000000000, -162.5000000000001137 ) ) ;
#605 = FILL_AREA_STYLE_COLOUR ( '', #1170 ) ;
#606 = MECHANICAL_DESIGN_GEOMETRIC_PRESENTATION_REPRESENTATION (  '', ( #987 ), #771 ) ;
#607 = EDGE_LOOP ( 'NONE', ( #2695, #1062, #1499, #2317 ) ) ;
#608 = PRESENTATION_STYLE_ASSIGNMENT (( #609 ) ) ;
#609 = SURFACE_STYLE_USAGE ( .BOTH. , #1803 ) ;
#610 = ADVANCED_FACE ( 'NONE', ( #2947, #2771 ), #855, .T. ) ;
#611 = DIRECTION ( 'NONE',  ( 0.0000000000000000000, 1.000000000000000000, 0.0000000000000000000 ) ) ;
#612 = ORIENTED_EDGE ( 'NONE', *, *, #235, .F. ) ;
#613 = MECHANICAL_DESIGN_GEOMETRIC_PRESENTATION_REPRESENTATION (  '', ( #2960 ), #883 ) ;
#614 = DIRECTION ( 'NONE',  ( 0.0000000000000000000, 0.0000000000000000000, 1.000000000000000000 ) ) ;
#615 = CONICAL_SURFACE ( 'NONE', #2190, 2.499999999999995115, 1.029744258676656754 ) ;
#616 = ORIENTED_EDGE ( 'NONE', *, *, #444, .T. ) ;
#617 = CARTESIAN_POINT ( 'NONE',  ( 3.980102097228880482E-16, -0.4999999999999995559, 314.2499999999998863 ) ) ;
#618 = ORIENTED_EDGE ( 'NONE', *, *, #2079, .F. ) ;
#619 =( GEOMETRIC_REPRESENTATION_CONTEXT ( 3 ) GLOBAL_UNCERTAINTY_ASSIGNED_CONTEXT ( ( #1992 ) ) GLOBAL_UNIT_ASSIGNED_CONTEXT ( ( #1439, #2040, #3121 ) ) REPRESENTATION_CONTEXT ( 'NONE', 'WORKASPACE' ) );
#620 = CARTESIAN_POINT ( 'NONE',  ( -5.750795523238222409E-14, 6.000000000000000000, -162.5000000000000853 ) ) ;
#621 = VERTEX_POINT ( 'NONE', #336 ) ;
#622 = DIRECTION ( 'NONE',  ( 0.0000000000000000000, 0.0000000000000000000, 1.000000000000000000 ) ) ;
#623 = VERTEX_POINT ( 'NONE', #1127 ) ;
#624 = EDGE_CURVE ( 'NONE', #262, #761, #2255, .T. ) ;
#625 = LINE ( 'NONE', #2043, #138 ) ;
#626 = CARTESIAN_POINT ( 'NONE',  ( -33.50000000000000000, 6.000000000000000000, -335.9000000000001478 ) ) ;
#627 = CYLINDRICAL_SURFACE ( 'NONE', #1412, 3.250000000000030642 ) ;
#628 = ORIENTED_EDGE ( 'NONE', *, *, #572, .F. ) ;
#629 = AXIS2_PLACEMENT_3D ( 'NONE', #1776, #1266, #3015 ) ;
#630 = PLANE ( 'NONE',  #2996 ) ;
#631 = VERTEX_POINT ( 'NONE', #1607 ) ;
#632 = CYLINDRICAL_SURFACE ( 'NONE', #79, 3.400000000000014122 ) ;
#633 = MECHANICAL_DESIGN_GEOMETRIC_PRESENTATION_REPRESENTATION (  '', ( #1367 ), #185 ) ;
#634 = PRESENTATION_STYLE_ASSIGNMENT (( #211 ) ) ;
#635 = ORIENTED_EDGE ( 'NONE', *, *, #939, .T. ) ;
#636 = ORIENTED_EDGE ( 'NONE', *, *, #2971, .F. ) ;
#637 = CARTESIAN_POINT ( 'NONE',  ( 0.0000000000000000000, -0.4999999999999995559, 317.4999999999998863 ) ) ;
#638 = ORIENTED_EDGE ( 'NONE', *, *, #2382, .T. ) ;
#639 = FILL_AREA_STYLE_COLOUR ( '', #335 ) ;
#640 = PRESENTATION_LAYER_ASSIGNMENT (  '', '', ( #1641 ) ) ;
#641 = VERTEX_POINT ( 'NONE', #1840 ) ;
#642 = CARTESIAN_POINT ( 'NONE',  ( 18.25000000000000355, 6.000000000000000888, -102.5000000000000853 ) ) ;
#643 = DIRECTION ( 'NONE',  ( 0.0000000000000000000, 1.000000000000000000, 0.0000000000000000000 ) ) ;
#644 = VERTEX_POINT ( 'NONE', #597 ) ;
#645 =( NAMED_UNIT ( * ) PLANE_ANGLE_UNIT ( ) SI_UNIT ( $, .RADIAN. ) );
#646 = ORIENTED_EDGE ( 'NONE', *, *, #2243, .F. ) ;
#647 = CARTESIAN_POINT ( 'NONE',  ( -7.594248556368788369E-14, 6.000000000000000000, -328.5000000000001137 ) ) ;
#648 = VERTEX_POINT ( 'NONE', #2599 ) ;
#649 = CARTESIAN_POINT ( 'NONE',  ( -7.667727364317629458E-14, 6.000000000000000000, -316.5000000000001137 ) ) ;
#650 = EDGE_CURVE ( 'NONE', #2786, #3204, #584, .T. ) ;
#651 = UNCERTAINTY_MEASURE_WITH_UNIT (LENGTH_MEASURE( 1.000000000000000082E-05 ), #1117, 'distance_accuracy_value', 'NONE');
#652 = CARTESIAN_POINT ( 'NONE',  ( -7.667727364317629458E-14, -0.4999999999999995559, -322.5000000000001137 ) ) ;
#653 = DIRECTION ( 'NONE',  ( -0.0000000000000000000, 1.000000000000000000, -0.0000000000000000000 ) ) ;
#654 = LINE ( 'NONE', #2288, #1765 ) ;
#655 = MECHANICAL_DESIGN_GEOMETRIC_PRESENTATION_REPRESENTATION (  '', ( #428 ), #2824 ) ;
#656 = CIRCLE ( 'NONE', #1454, 6.000000000000005329 ) ;
#657 = VERTEX_POINT ( 'NONE', #2331 ) ;
#658 = AXIS2_PLACEMENT_3D ( 'NONE', #3220, #460, #2483 ) ;
#659 = CARTESIAN_POINT ( 'NONE',  ( 50.00000000000005684, 0.0000000000000000000, 337.4999999999998863 ) ) ;
#660 = ORIENTED_EDGE ( 'NONE', *, *, #1015, .T. ) ;
#661 = DIRECTION ( 'NONE',  ( 0.8571673007021134438, 0.0000000000000000000, 0.5150380749100522682 ) ) ;
#662 = EDGE_LOOP ( 'NONE', ( #3076, #1372 ) ) ;
#663 = CARTESIAN_POINT ( 'NONE',  ( 24.99999999999986855, 0.0000000000000000000, 322.4999999999998863 ) ) ;
#664 = VECTOR ( 'NONE', #154, 1000.000000000000000 ) ;
#665 = PLANE ( 'NONE',  #844 ) ;
#666 = EDGE_CURVE ( 'NONE', #1036, #2563, #422, .T. ) ;
#667 =( NAMED_UNIT ( * ) PLANE_ANGLE_UNIT ( ) SI_UNIT ( $, .RADIAN. ) );
#668 = DIRECTION ( 'NONE',  ( -0.0000000000000000000, 1.000000000000000000, -0.0000000000000000000 ) ) ;
#669 = SURFACE_STYLE_USAGE ( .BOTH. , #407 ) ;
#670 =( GEOMETRIC_REPRESENTATION_CONTEXT ( 3 ) GLOBAL_UNCERTAINTY_ASSIGNED_CONTEXT ( ( #3059 ) ) GLOBAL_UNIT_ASSIGNED_CONTEXT ( ( #954, #667, #189 ) ) REPRESENTATION_CONTEXT ( 'NONE', 'WORKASPACE' ) );
#671 = FACE_OUTER_BOUND ( 'NONE', #932, .T. ) ;
#672 = DIRECTION ( 'NONE',  ( -0.0000000000000000000, 1.000000000000000000, -0.0000000000000000000 ) ) ;
#673 = ORIENTED_EDGE ( 'NONE', *, *, #198, .F. ) ;
#674 = LINE ( 'NONE', #35, #591 ) ;
#675 = AXIS2_PLACEMENT_3D ( 'NONE', #2578, #1375, #1093 ) ;
#676 = ORIENTED_EDGE ( 'NONE', *, *, #2418, .F. ) ;
#677 = DIRECTION ( 'NONE',  ( 0.0000000000000000000, 0.0000000000000000000, 1.000000000000000000 ) ) ;
#678 = CARTESIAN_POINT ( 'NONE',  ( 0.0000000000000000000, -6.000000000000000000, -322.5000000000001137 ) ) ;
#679 = DIRECTION ( 'NONE',  ( 0.0000000000000000000, -0.0000000000000000000, 1.000000000000000000 ) ) ;
#680 = VERTEX_POINT ( 'NONE', #3096 ) ;
#681 = STYLED_ITEM ( 'NONE', ( #1825 ), #2796 ) ;
#682 = ORIENTED_EDGE ( 'NONE', *, *, #1516, .T. ) ;
#683 = ORIENTED_EDGE ( 'NONE', *, *, #741, .F. ) ;
#684 = EDGE_CURVE ( 'NONE', #1011, #2501, #3049, .T. ) ;
#685 = ORIENTED_EDGE ( 'NONE', *, *, #1254, .F. ) ;
#686 = ORIENTED_EDGE ( 'NONE', *, *, #463, .T. ) ;
#687 = DIRECTION ( 'NONE',  ( 1.000000000000000000, 0.0000000000000000000, 0.0000000000000000000 ) ) ;
#688 = CARTESIAN_POINT ( 'NONE',  ( 0.0000000000000000000, -6.000000000000000000, 157.4999999999998863 ) ) ;
#689 = DIRECTION ( 'NONE',  ( -0.0000000000000000000, 1.000000000000000000, -0.0000000000000000000 ) ) ;
#690 = EDGE_CURVE ( 'NONE', #1097, #648, #2584, .T. ) ;
#691 = DIRECTION ( 'NONE',  ( 1.000000000000000000, 0.0000000000000000000, 0.0000000000000000000 ) ) ;
#692 = AXIS2_PLACEMENT_3D ( 'NONE', #2085, #349, #2870 ) ;
#693 = VERTEX_POINT ( 'NONE', #3115 ) ;
#694 = ORIENTED_EDGE ( 'NONE', *, *, #893, .T. ) ;
#695 = ORIENTED_EDGE ( 'NONE', *, *, #2005, .F. ) ;
#696 = CIRCLE ( 'NONE', #862, 3.250000000000002665 ) ;
#697 = AXIS2_PLACEMENT_3D ( 'NONE', #2025, #1307, #2046 ) ;
#698 = CARTESIAN_POINT ( 'NONE',  ( -62.00000000000003553, 0.0000000000000000000, 347.4999999999999432 ) ) ;
#699 = CIRCLE ( 'NONE', #1720, 6.000000000000005329 ) ;
#700 = VERTEX_POINT ( 'NONE', #1859 ) ;
#701 = CIRCLE ( 'NONE', #328, 3.400000000000014122 ) ;
#702 = VECTOR ( 'NONE', #405, 1000.000000000000000 ) ;
#703 = SURFACE_SIDE_STYLE ('',( #1753 ) ) ;
#704 = ORIENTED_EDGE ( 'NONE', *, *, #690, .T. ) ;
#705 = COLOUR_RGB ( '',0.8980392156862745390, 0.9176470588235293713, 0.9294117647058823817 ) ;
#706 = EDGE_CURVE ( 'NONE', #1189, #2867, #314, .T. ) ;
#707 = FACE_BOUND ( 'NONE', #1990, .T. ) ;
#708 = CIRCLE ( 'NONE', #323, 3.399999999999986144 ) ;
#709 = CARTESIAN_POINT ( 'NONE',  ( 69.99999999999998579, -6.000000000000000000, -347.5000000000000568 ) ) ;
#710 = SURFACE_STYLE_FILL_AREA ( #832 ) ;
#711 = ORIENTED_EDGE ( 'NONE', *, *, #1946, .F. ) ;
#712 = AXIS2_PLACEMENT_3D ( 'NONE', #527, #248, #2304 ) ;
#713 = EDGE_LOOP ( 'NONE', ( #1902, #1025 ) ) ;
#714 = ORIENTED_EDGE ( 'NONE', *, *, #3083, .T. ) ;
#715 = LINE ( 'NONE', #2909, #200 ) ;
#716 =( GEOMETRIC_REPRESENTATION_CONTEXT ( 3 ) GLOBAL_UNCERTAINTY_ASSIGNED_CONTEXT ( ( #2677 ) ) GLOBAL_UNIT_ASSIGNED_CONTEXT ( ( #58, #2769, #1280 ) ) REPRESENTATION_CONTEXT ( 'NONE', 'WORKASPACE' ) );
#717 = CYLINDRICAL_SURFACE ( 'NONE', #1319, 2.499999999999995115 ) ;
#718 = DIRECTION ( 'NONE',  ( 0.0000000000000000000, 0.0000000000000000000, 1.000000000000000000 ) ) ;
#719 = ORIENTED_EDGE ( 'NONE', *, *, #1521, .T. ) ;
#720 = PRESENTATION_LAYER_ASSIGNMENT (  '', '', ( #1793 ) ) ;
#721 = CARTESIAN_POINT ( 'NONE',  ( -5.750795523238222409E-14, -0.4999999999999995559, -162.5000000000000853 ) ) ;
#722 = EDGE_CURVE ( 'NONE', #657, #2595, #2543, .T. ) ;
#723 = CARTESIAN_POINT ( 'NONE',  ( 0.0000000000000000000, 6.000000000000000000, 317.4999999999998863 ) ) ;
#724 = CARTESIAN_POINT ( 'NONE',  ( -33.50000000000000000, 6.000000000000000000, -329.1000000000001364 ) ) ;
#725 = EDGE_CURVE ( 'NONE', #2228, #1916, #874, .T. ) ;
#726 = STYLED_ITEM ( 'NONE', ( #2515 ), #1195 ) ;
#727 = PLANE ( 'NONE',  #1224 ) ;
#728 = FILL_AREA_STYLE_COLOUR ( '', #1863 ) ;
#729 = COLOUR_RGB ( '',0.8980392156862745390, 0.9176470588235293713, 0.9294117647058823817 ) ;
#730 = CIRCLE ( 'NONE', #387, 3.250000000000007994 ) ;
#731 = AXIS2_PLACEMENT_3D ( 'NONE', #3017, #1508, #877 ) ;
#732 = FACE_BOUND ( 'NONE', #2460, .T. ) ;
#733 = CARTESIAN_POINT ( 'NONE',  ( -62.00000000000003553, 0.0000000000000000000, 322.4999999999998863 ) ) ;
#734 = COLOUR_RGB ( '',0.8980392156862745390, 0.9176470588235293713, 0.9294117647058823817 ) ;
#735 = EDGE_CURVE ( 'NONE', #16, #2524, #2029, .T. ) ;
#736 = UNCERTAINTY_MEASURE_WITH_UNIT (LENGTH_MEASURE( 1.000000000000000082E-05 ), #2124, 'distance_accuracy_value', 'NONE');
#737 = ORIENTED_EDGE ( 'NONE', *, *, #1060, .F. ) ;
#738 = CYLINDRICAL_SURFACE ( 'NONE', #156, 6.000000000000005329 ) ;
#739 = VERTEX_POINT ( 'NONE', #1430 ) ;
#740 = EDGE_LOOP ( 'NONE', ( #1771, #396, #867, #2693 ) ) ;
#741 = EDGE_CURVE ( 'NONE', #967, #1523, #1191, .T. ) ;
#742 = ORIENTED_EDGE ( 'NONE', *, *, #2185, .T. ) ;
#743 = ORIENTED_EDGE ( 'NONE', *, *, #1553, .T. ) ;
#744 = ORIENTED_EDGE ( 'NONE', *, *, #1402, .T. ) ;
#745 = CARTESIAN_POINT ( 'NONE',  ( 62.00000000000003553, 0.0000000000000000000, 347.4999999999999432 ) ) ;
#746 = CARTESIAN_POINT ( 'NONE',  ( -24.99999999999987566, 0.0000000000000000000, 320.9978484524310147 ) ) ;
#747 = ORIENTED_EDGE ( 'NONE', *, *, #12, .T. ) ;
#748 =( GEOMETRIC_REPRESENTATION_CONTEXT ( 3 ) GLOBAL_UNCERTAINTY_ASSIGNED_CONTEXT ( ( #1661 ) ) GLOBAL_UNIT_ASSIGNED_CONTEXT ( ( #2903, #645, #2830 ) ) REPRESENTATION_CONTEXT ( 'NONE', 'WORKASPACE' ) );
#749 = ORIENTED_EDGE ( 'NONE', *, *, #1192, .F. ) ;
#750 =( NAMED_UNIT ( * ) SI_UNIT ( $, .STERADIAN. ) SOLID_ANGLE_UNIT ( ) );
#751 = ORIENTED_EDGE ( 'NONE', *, *, #2263, .F. ) ;
#752 = STYLED_ITEM ( 'NONE', ( #2426 ), #2545 ) ;
#753 = FILL_AREA_STYLE ('',( #495 ) ) ;
#754 = CARTESIAN_POINT ( 'NONE',  ( 3.980102097228914009E-16, -6.000000000000000000, 154.2499999999998863 ) ) ;
#755 = EDGE_LOOP ( 'NONE', ( #2836, #353 ) ) ;
#756 = PRESENTATION_STYLE_ASSIGNMENT (( #424 ) ) ;
#757 = DIRECTION ( 'NONE',  ( 0.0000000000000000000, 0.0000000000000000000, 1.000000000000000000 ) ) ;
#758 = DIRECTION ( 'NONE',  ( -0.0000000000000000000, -1.000000000000000000, -0.0000000000000000000 ) ) ;
#759 =( GEOMETRIC_REPRESENTATION_CONTEXT ( 3 ) GLOBAL_UNCERTAINTY_ASSIGNED_CONTEXT ( ( #245 ) ) GLOBAL_UNIT_ASSIGNED_CONTEXT ( ( #3182, #1710, #203 ) ) REPRESENTATION_CONTEXT ( 'NONE', 'WORKASPACE' ) );
#760 = LINE ( 'NONE', #1133, #321 ) ;
#761 = VERTEX_POINT ( 'NONE', #1369 ) ;
#762 = VERTEX_POINT ( 'NONE', #139 ) ;
#763 = FACE_BOUND ( 'NONE', #2227, .T. ) ;
#764 = EDGE_CURVE ( 'NONE', #3184, #1854, #119, .T. ) ;
#765 = CARTESIAN_POINT ( 'NONE',  ( -18.25000000000000355, 6.000000000000000888, -332.5000000000001137 ) ) ;
#766 = VECTOR ( 'NONE', #2808, 1000.000000000000000 ) ;
#767 = CARTESIAN_POINT ( 'NONE',  ( 0.0000000000000000000, -0.4999999999999995559, -162.5000000000001137 ) ) ;
#768 = VERTEX_POINT ( 'NONE', #2667 ) ;
#769 = DIRECTION ( 'NONE',  ( -0.0000000000000000000, -0.0000000000000000000, 1.000000000000000000 ) ) ;
#770 = DIRECTION ( 'NONE',  ( -0.0000000000000000000, 1.000000000000000000, -0.0000000000000000000 ) ) ;
#771 =( GEOMETRIC_REPRESENTATION_CONTEXT ( 3 ) GLOBAL_UNCERTAINTY_ASSIGNED_CONTEXT ( ( #2827 ) ) GLOBAL_UNIT_ASSIGNED_CONTEXT ( ( #2641, #1404, #3139 ) ) REPRESENTATION_CONTEXT ( 'NONE', 'WORKASPACE' ) );
#772 = EDGE_LOOP ( 'NONE', ( #1635, #2008 ) ) ;
#773 = DIRECTION ( 'NONE',  ( -0.0000000000000000000, 1.000000000000000000, -0.0000000000000000000 ) ) ;
#774 = FACE_OUTER_BOUND ( 'NONE', #486, .T. ) ;
#775 =( NAMED_UNIT ( * ) PLANE_ANGLE_UNIT ( ) SI_UNIT ( $, .RADIAN. ) );
#776 = DIRECTION ( 'NONE',  ( 0.0000000000000000000, 0.0000000000000000000, 1.000000000000000000 ) ) ;
#777 = SURFACE_STYLE_FILL_AREA ( #410 ) ;
#778 = AXIS2_PLACEMENT_3D ( 'NONE', #1067, #865, #220 ) ;
#779 = LINE ( 'NONE', #2776, #3085 ) ;
#780 = DIRECTION ( 'NONE',  ( -0.0000000000000000000, -0.0000000000000000000, 1.000000000000000000 ) ) ;
#781 = CARTESIAN_POINT ( 'NONE',  ( 0.0000000000000000000, -6.000000000000000000, -2.500000000000113243 ) ) ;
#782 = CARTESIAN_POINT ( 'NONE',  ( 0.0000000000000000000, -6.000000000000000000, 157.4999999999998863 ) ) ;
#783 = VERTEX_POINT ( 'NONE', #649 ) ;
#784 = SURFACE_STYLE_FILL_AREA ( #3110 ) ;
#785 = EDGE_LOOP ( 'NONE', ( #2881, #179 ) ) ;
#786 = EDGE_LOOP ( 'NONE', ( #517, #2262, #1114, #509, #1211, #1129 ) ) ;
#787 = ORIENTED_EDGE ( 'NONE', *, *, #1251, .T. ) ;
#788 = ORIENTED_EDGE ( 'NONE', *, *, #859, .F. ) ;
#789 = FACE_OUTER_BOUND ( 'NONE', #1487, .T. ) ;
#790 = DIRECTION ( 'NONE',  ( 0.0000000000000000000, 0.0000000000000000000, 1.000000000000000000 ) ) ;
#791 = CARTESIAN_POINT ( 'NONE',  ( -33.50000000000000000, -6.000000000000000000, -102.5000000000000853 ) ) ;
#792 = EDGE_CURVE ( 'NONE', #2355, #1914, #715, .T. ) ;
#793 = AXIS2_PLACEMENT_3D ( 'NONE', #843, #1809, #2853 ) ;
#794 = CIRCLE ( 'NONE', #92, 3.400000000000014122 ) ;
#795 = DIRECTION ( 'NONE',  ( 0.0000000000000000000, 0.0000000000000000000, 1.000000000000000000 ) ) ;
#796 = DIRECTION ( 'NONE',  ( -0.0000000000000000000, 1.000000000000000000, -0.0000000000000000000 ) ) ;
#797 = DIRECTION ( 'NONE',  ( -0.0000000000000000000, 1.000000000000000000, -0.0000000000000000000 ) ) ;
#798 =( LENGTH_UNIT ( ) NAMED_UNIT ( * ) SI_UNIT ( .MILLI., .METRE. ) );
#799 = AXIS2_PLACEMENT_3D ( 'NONE', #880, #1633, #430 ) ;
#800 = CARTESIAN_POINT ( 'NONE',  ( 18.25000000000000355, 6.000000000000000888, 312.4999999999998863 ) ) ;
#801 = ORIENTED_EDGE ( 'NONE', *, *, #2423, .F. ) ;
#802 = ADVANCED_FACE ( 'NONE', ( #1691 ), #3046, .F. ) ;
#803 = UNCERTAINTY_MEASURE_WITH_UNIT (LENGTH_MEASURE( 1.000000000000000082E-05 ), #1580, 'distance_accuracy_value', 'NONE');
#804 = DIRECTION ( 'NONE',  ( -0.0000000000000000000, 1.000000000000000000, -0.0000000000000000000 ) ) ;
#805 = VERTEX_POINT ( 'NONE', #2129 ) ;
#806 = DIRECTION ( 'NONE',  ( 0.0000000000000000000, 0.0000000000000000000, 1.000000000000000000 ) ) ;
#807 = FILL_AREA_STYLE_COLOUR ( '', #1788 ) ;
#808 = DIRECTION ( 'NONE',  ( -0.0000000000000000000, 1.000000000000000000, -0.0000000000000000000 ) ) ;
#809 = SURFACE_STYLE_FILL_AREA ( #753 ) ;
#810 = SURFACE_STYLE_USAGE ( .BOTH. , #1310 ) ;
#811 = ORIENTED_EDGE ( 'NONE', *, *, #3083, .F. ) ;
#812 = CARTESIAN_POINT ( 'NONE',  ( -3.833863682158814729E-14, -0.4999999999999995559, -2.500000000000113243 ) ) ;
#813 = CIRCLE ( 'NONE', #1522, 6.000000000000005329 ) ;
#814 = EDGE_CURVE ( 'NONE', #1469, #1985, #1456, .T. ) ;
#815 = DIRECTION ( 'NONE',  ( 0.0000000000000000000, 0.0000000000000000000, 1.000000000000000000 ) ) ;
#816 = VECTOR ( 'NONE', #1071, 1000.000000000000000 ) ;
#817 = VERTEX_POINT ( 'NONE', #2933 ) ;
#818 = SURFACE_STYLE_USAGE ( .BOTH. , #1298 ) ;
#819 = DIRECTION ( 'NONE',  ( 1.000000000000000000, 0.0000000000000000000, 0.0000000000000000000 ) ) ;
#820 = FILL_AREA_STYLE_COLOUR ( '', #2186 ) ;
#821 = FILL_AREA_STYLE ('',( #537 ) ) ;
#822 = CARTESIAN_POINT ( 'NONE',  ( 18.25000000000000355, 6.000000000000000000, 315.8999999999999204 ) ) ;
#823 = ADVANCED_FACE ( 'NONE', ( #3217 ), #998, .F. ) ;
#824 = AXIS2_PLACEMENT_3D ( 'NONE', #2744, #999, #2235 ) ;
#825 = VECTOR ( 'NONE', #1629, 1000.000000000000000 ) ;
#826 = FACE_OUTER_BOUND ( 'NONE', #398, .T. ) ;
#827 = CIRCLE ( 'NONE', #991, 6.000000000000005329 ) ;
#828 = CYLINDRICAL_SURFACE ( 'NONE', #3190, 2.999999999999995559 ) ;
#829 = CARTESIAN_POINT ( 'NONE',  ( 0.0000000000000000000, 6.000000000000000000, 0.0000000000000000000 ) ) ;
#830 = DIRECTION ( 'NONE',  ( -0.0000000000000000000, 1.000000000000000000, -0.0000000000000000000 ) ) ;
#831 = CARTESIAN_POINT ( 'NONE',  ( 7.347880794884116778E-16, -0.4999999999999995559, 311.4999999999998863 ) ) ;
#832 = FILL_AREA_STYLE ('',( #820 ) ) ;
#833 = EDGE_CURVE ( 'NONE', #36, #157, #1617, .T. ) ;
#834 = PRESENTATION_STYLE_ASSIGNMENT (( #488 ) ) ;
#835 = ORIENTED_EDGE ( 'NONE', *, *, #479, .T. ) ;
#836 = CARTESIAN_POINT ( 'NONE',  ( 0.0000000000000000000, -6.000000000000000000, -162.5000000000001137 ) ) ;
#837 = DIRECTION ( 'NONE',  ( -0.0000000000000000000, 1.000000000000000000, -0.0000000000000000000 ) ) ;
#838 = EDGE_CURVE ( 'NONE', #1940, #1540, #1684, .T. ) ;
#839 = EDGE_LOOP ( 'NONE', ( #2542, #3060, #1879, #2925 ) ) ;
#840 = ADVANCED_FACE ( 'NONE', ( #1179 ), #1778, .F. ) ;
#841 = AXIS2_PLACEMENT_3D ( 'NONE', #3131, #1679, #1915 ) ;
#842 = DIRECTION ( 'NONE',  ( 1.000000000000000000, 0.0000000000000000000, 0.0000000000000000000 ) ) ;
#843 = CARTESIAN_POINT ( 'NONE',  ( 33.50000000000000000, 6.000000000000000000, -332.5000000000001137 ) ) ;
#844 = AXIS2_PLACEMENT_3D ( 'NONE', #1662, #1935, #1455 ) ;
#845 = ORIENTED_EDGE ( 'NONE', *, *, #833, .T. ) ;
#846 = DIRECTION ( 'NONE',  ( -0.0000000000000000000, 1.000000000000000000, -0.0000000000000000000 ) ) ;
#847 = ADVANCED_BREP_SHAPE_REPRESENTATION ( '03_073_Inserting plate', ( #3024, #418 ), #1444 ) ;
#848 = CARTESIAN_POINT ( 'NONE',  ( -5.750795523238222409E-14, -0.4999999999999995559, -162.5000000000000853 ) ) ;
#849 = ORIENTED_EDGE ( 'NONE', *, *, #3047, .T. ) ;
#850 = VECTOR ( 'NONE', #2525, 1000.000000000000000 ) ;
#851 = DIRECTION ( 'NONE',  ( 0.0000000000000000000, 0.0000000000000000000, -1.000000000000000000 ) ) ;
#852 = EDGE_CURVE ( 'NONE', #2064, #641, #487, .T. ) ;
#853 = VERTEX_POINT ( 'NONE', #2326 ) ;
#854 = SHAPE_DEFINITION_REPRESENTATION ( #1568, #847 ) ;
#855 = PLANE ( 'NONE',  #2316 ) ;
#856 = ADVANCED_FACE ( 'NONE', ( #2209 ), #2968, .F. ) ;
#857 = LINE ( 'NONE', #1885, #3078 ) ;
#858 =( LENGTH_UNIT ( ) NAMED_UNIT ( * ) SI_UNIT ( .MILLI., .METRE. ) );
#859 = EDGE_CURVE ( 'NONE', #3209, #2595, #1550, .T. ) ;
#860 = CARTESIAN_POINT ( 'NONE',  ( 0.0000000000000000000, 0.0000000000000000000, 0.0000000000000000000 ) ) ;
#861 = FILL_AREA_STYLE_COLOUR ( '', #1491 ) ;
#862 = AXIS2_PLACEMENT_3D ( 'NONE', #95, #611, #1618 ) ;
#863 = FACE_BOUND ( 'NONE', #1845, .T. ) ;
#864 = CONICAL_SURFACE ( 'NONE', #824, 2.999999999999995559, 1.029744258676660973 ) ;
#865 = DIRECTION ( 'NONE',  ( -0.0000000000000000000, 1.000000000000000000, -0.0000000000000000000 ) ) ;
#866 = DIRECTION ( 'NONE',  ( 0.0000000000000000000, 0.0000000000000000000, 1.000000000000000000 ) ) ;
#867 = ORIENTED_EDGE ( 'NONE', *, *, #148, .T. ) ;
#868 = AXIS2_PLACEMENT_3D ( 'NONE', #11, #1973, #2995 ) ;
#869 = VERTEX_POINT ( 'NONE', #1063 ) ;
#870 = LINE ( 'NONE', #1264, #193 ) ;
#871 = DIRECTION ( 'NONE',  ( 0.0000000000000000000, 1.000000000000000000, 0.0000000000000000000 ) ) ;
#872 = EDGE_LOOP ( 'NONE', ( #3167, #628 ) ) ;
#873 = ADVANCED_FACE ( 'NONE', ( #2936, #1136 ), #1074, .T. ) ;
#874 = CIRCLE ( 'NONE', #3176, 6.000000000000005329 ) ;
#875 = CARTESIAN_POINT ( 'NONE',  ( 33.50000000000000000, -6.000000000000000000, -332.5000000000001137 ) ) ;
#876 = EDGE_CURVE ( 'NONE', #805, #2187, #1599, .T. ) ;
#877 = DIRECTION ( 'NONE',  ( 0.0000000000000000000, 0.0000000000000000000, -1.000000000000000000 ) ) ;
#878 = FACE_OUTER_BOUND ( 'NONE', #1711, .T. ) ;
#879 = FILL_AREA_STYLE ('',( #2401 ) ) ;
#880 = CARTESIAN_POINT ( 'NONE',  ( 18.25000000000000355, 6.000000000000000000, 312.4999999999998863 ) ) ;
#881 = AXIS2_PLACEMENT_3D ( 'NONE', #1534, #796, #3053 ) ;
#882 = ORIENTED_EDGE ( 'NONE', *, *, #2079, .T. ) ;
#883 =( GEOMETRIC_REPRESENTATION_CONTEXT ( 3 ) GLOBAL_UNCERTAINTY_ASSIGNED_CONTEXT ( ( #2448 ) ) GLOBAL_UNIT_ASSIGNED_CONTEXT ( ( #1040, #2781, #1268 ) ) REPRESENTATION_CONTEXT ( 'NONE', 'WORKASPACE' ) );
#884 = LINE ( 'NONE', #1750, #2789 ) ;
#885 = ORIENTED_EDGE ( 'NONE', *, *, #63, .T. ) ;
#886 = DIRECTION ( 'NONE',  ( -0.0000000000000000000, 1.000000000000000000, -0.0000000000000000000 ) ) ;
#887 = FACE_OUTER_BOUND ( 'NONE', #890, .T. ) ;
#888 = ORIENTED_EDGE ( 'NONE', *, *, #997, .T. ) ;
#889 = PRESENTATION_LAYER_ASSIGNMENT (  '', '', ( #1752 ) ) ;
#890 = EDGE_LOOP ( 'NONE', ( #267, #2588, #2434 ) ) ;
#891 = CARTESIAN_POINT ( 'NONE',  ( -62.00000000000003553, 0.0000000000000000000, 322.4999999999998863 ) ) ;
#892 = LINE ( 'NONE', #65, #816 ) ;
#893 = EDGE_CURVE ( 'NONE', #700, #598, #415, .T. ) ;
#894 = CARTESIAN_POINT ( 'NONE',  ( 0.0000000000000000000, -6.000000000000000000, 157.4999999999998863 ) ) ;
#895 = CYLINDRICAL_SURFACE ( 'NONE', #2922, 6.000000000000005329 ) ;
#896 = SURFACE_STYLE_USAGE ( .BOTH. , #167 ) ;
#897 = DIRECTION ( 'NONE',  ( 0.0000000000000000000, 0.0000000000000000000, 1.000000000000000000 ) ) ;
#898 = AXIS2_PLACEMENT_3D ( 'NONE', #2673, #199, #1654 ) ;
#899 =( LENGTH_UNIT ( ) NAMED_UNIT ( * ) SI_UNIT ( .MILLI., .METRE. ) );
#900 = DIRECTION ( 'NONE',  ( -0.0000000000000000000, 1.000000000000000000, -0.0000000000000000000 ) ) ;
#901 = VERTEX_POINT ( 'NONE', #1651 ) ;
#902 = CIRCLE ( 'NONE', #1305, 3.399999999999986144 ) ;
#903 = CARTESIAN_POINT ( 'NONE',  ( 62.00000000000003553, 0.0000000000000000000, 322.4999999999998863 ) ) ;
#904 = CARTESIAN_POINT ( 'NONE',  ( 18.25000000000000355, -6.000000000000000000, -105.9000000000000909 ) ) ;
#905 = ORIENTED_EDGE ( 'NONE', *, *, #1022, .T. ) ;
#906 = CYLINDRICAL_SURFACE ( 'NONE', #675, 2.499999999999995115 ) ;
#907 = FACE_OUTER_BOUND ( 'NONE', #1118, .T. ) ;
#908 = CARTESIAN_POINT ( 'NONE',  ( -46.99999999999995026, 0.0000000000000000000, 347.4999999999999432 ) ) ;
#909 = FILL_AREA_STYLE ('',( #1385 ) ) ;
#910 = AXIS2_PLACEMENT_3D ( 'NONE', #891, #1892, #1422 ) ;
#911 = EDGE_LOOP ( 'NONE', ( #313, #2086 ) ) ;
#912 = LINE ( 'NONE', #255, #234 ) ;
#913 = EDGE_CURVE ( 'NONE', #262, #146, #2294, .T. ) ;
#914 = DIRECTION ( 'NONE',  ( -0.8571673007021134438, 1.049727191138620051E-16, 0.5150380749100522682 ) ) ;
#915 = SURFACE_STYLE_USAGE ( .BOTH. , #2153 ) ;
#916 = ORIENTED_EDGE ( 'NONE', *, *, #1649, .T. ) ;
#917 = SURFACE_STYLE_USAGE ( .BOTH. , #940 ) ;
#918 = DIRECTION ( 'NONE',  ( 0.0000000000000000000, 1.000000000000000000, 0.0000000000000000000 ) ) ;
#919 = PLANE ( 'NONE',  #2939 ) ;
#920 = EDGE_CURVE ( 'NONE', #3179, #969, #2568, .T. ) ;
#921 = CARTESIAN_POINT ( 'NONE',  ( -1.916931841079407364E-14, 6.000000000000000000, 163.4999999999998863 ) ) ;
#922 = DIRECTION ( 'NONE',  ( -0.0000000000000000000, -1.000000000000000000, -0.0000000000000000000 ) ) ;
#923 = PLANE ( 'NONE',  #2387 ) ;
#924 = AXIS2_PLACEMENT_3D ( 'NONE', #3180, #689, #1168 ) ;
#925 = ORIENTED_EDGE ( 'NONE', *, *, #29, .F. ) ;
#926 = DIRECTION ( 'NONE',  ( -0.0000000000000000000, 1.000000000000000000, -0.0000000000000000000 ) ) ;
#927 = DIRECTION ( 'NONE',  ( -0.0000000000000000000, -0.0000000000000000000, 1.000000000000000000 ) ) ;
#928 =( GEOMETRIC_REPRESENTATION_CONTEXT ( 3 ) GLOBAL_UNCERTAINTY_ASSIGNED_CONTEXT ( ( #491 ) ) GLOBAL_UNIT_ASSIGNED_CONTEXT ( ( #1116, #1162, #2601 ) ) REPRESENTATION_CONTEXT ( 'NONE', 'WORKASPACE' ) );
#929 = DIRECTION ( 'NONE',  ( 0.0000000000000000000, 0.0000000000000000000, -1.000000000000000000 ) ) ;
#930 = ORIENTED_EDGE ( 'NONE', *, *, #1386, .T. ) ;
#931 = DIRECTION ( 'NONE',  ( -0.0000000000000000000, 1.000000000000000000, -0.0000000000000000000 ) ) ;
#932 = EDGE_LOOP ( 'NONE', ( #576, #638, #2261 ) ) ;
#933 = ORIENTED_EDGE ( 'NONE', *, *, #3029, .T. ) ;
#934 = DIRECTION ( 'NONE',  ( -0.0000000000000000000, -0.0000000000000000000, 1.000000000000000000 ) ) ;
#935 = CARTESIAN_POINT ( 'NONE',  ( -33.50000000000000000, 6.000000000000000000, -332.5000000000001137 ) ) ;
#936 = ORIENTED_EDGE ( 'NONE', *, *, #505, .T. ) ;
#937 = DIRECTION ( 'NONE',  ( 1.000000000000000000, 0.0000000000000000000, 0.0000000000000000000 ) ) ;
#938 = CIRCLE ( 'NONE', #1513, 2.099999999999990763 ) ;
#939 = EDGE_CURVE ( 'NONE', #1529, #2075, #2138, .T. ) ;
#940 = SURFACE_SIDE_STYLE ('',( #777 ) ) ;
#941 = FACE_BOUND ( 'NONE', #772, .T. ) ;
#942 = DIRECTION ( 'NONE',  ( -0.0000000000000000000, 1.000000000000000000, -0.0000000000000000000 ) ) ;
#943 = FILL_AREA_STYLE ('',( #639 ) ) ;
#944 = CARTESIAN_POINT ( 'NONE',  ( 41.00000000000003553, -6.000000000000000000, 197.4999999999999147 ) ) ;
#945 = AXIS2_PLACEMENT_3D ( 'NONE', #2915, #653, #2889 ) ;
#946 = LINE ( 'NONE', #2567, #454 ) ;
#947 = ADVANCED_FACE ( 'NONE', ( #1478 ), #923, .F. ) ;
#948 = CIRCLE ( 'NONE', #2457, 3.400000000000014122 ) ;
#949 = VECTOR ( 'NONE', #1349, 1000.000000000000000 ) ;
#950 = STYLED_ITEM ( 'NONE', ( #1244 ), #1789 ) ;
#951 = ORIENTED_EDGE ( 'NONE', *, *, #1667, .T. ) ;
#952 = LINE ( 'NONE', #1033, #3092 ) ;
#953 = FILL_AREA_STYLE ('',( #389 ) ) ;
#954 =( LENGTH_UNIT ( ) NAMED_UNIT ( * ) SI_UNIT ( .MILLI., .METRE. ) );
#955 = DIRECTION ( 'NONE',  ( -0.0000000000000000000, 1.000000000000000000, -0.0000000000000000000 ) ) ;
#956 = ORIENTED_EDGE ( 'NONE', *, *, #359, .F. ) ;
#957 = AXIS2_PLACEMENT_3D ( 'NONE', #973, #2576, #2333 ) ;
#958 = DIRECTION ( 'NONE',  ( -0.0000000000000000000, 1.000000000000000000, -0.0000000000000000000 ) ) ;
#959 = EDGE_LOOP ( 'NONE', ( #2197, #2321 ) ) ;
#960 = EDGE_LOOP ( 'NONE', ( #1190, #1236, #1921, #1243 ) ) ;
#961 = EDGE_CURVE ( 'NONE', #1862, #1121, #2807, .T. ) ;
#962 = DIRECTION ( 'NONE',  ( -0.0000000000000000000, 1.000000000000000000, -0.0000000000000000000 ) ) ;
#963 = FACE_OUTER_BOUND ( 'NONE', #477, .T. ) ;
#964 = ADVANCED_FACE ( 'NONE', ( #2485 ), #2756, .F. ) ;
#965 = FACE_BOUND ( 'NONE', #1619, .T. ) ;
#966 = AXIS2_PLACEMENT_3D ( 'NONE', #2183, #2920, #2946 ) ;
#967 = VERTEX_POINT ( 'NONE', #1507 ) ;
#968 = ORIENTED_EDGE ( 'NONE', *, *, #2031, .F. ) ;
#969 = VERTEX_POINT ( 'NONE', #2016 ) ;
#970 = CYLINDRICAL_SURFACE ( 'NONE', #2094, 6.000000000000005329 ) ;
#971 = VERTEX_POINT ( 'NONE', #2272 ) ;
#972 = FILL_AREA_STYLE_COLOUR ( '', #705 ) ;
#973 = CARTESIAN_POINT ( 'NONE',  ( -46.99999999999995026, 0.0000000000000000000, 337.4999999999998863 ) ) ;
#974 = MECHANICAL_DESIGN_GEOMETRIC_PRESENTATION_REPRESENTATION (  '', ( #1641 ), #1148 ) ;
#975 = FACE_BOUND ( 'NONE', #1208, .T. ) ;
#976 = DIRECTION ( 'NONE',  ( -0.0000000000000000000, -0.0000000000000000000, 1.000000000000000000 ) ) ;
#977 = DIRECTION ( 'NONE',  ( -0.0000000000000000000, 1.000000000000000000, -0.0000000000000000000 ) ) ;
#978 = DIRECTION ( 'NONE',  ( 0.0000000000000000000, 0.0000000000000000000, 1.000000000000000000 ) ) ;
#979 = FACE_OUTER_BOUND ( 'NONE', #1427, .T. ) ;
#980 = FACE_BOUND ( 'NONE', #3019, .T. ) ;
#981 = EDGE_CURVE ( 'NONE', #231, #3177, #2803, .T. ) ;
#982 = DIRECTION ( 'NONE',  ( -0.0000000000000000000, -1.000000000000000000, -0.0000000000000000000 ) ) ;
#983 = ORIENTED_EDGE ( 'NONE', *, *, #1649, .F. ) ;
#984 = CIRCLE ( 'NONE', #1861, 3.399999999999958611 ) ;
#985 = FACE_OUTER_BOUND ( 'NONE', #533, .T. ) ;
#986 = ORIENTED_EDGE ( 'NONE', *, *, #876, .T. ) ;
#987 = STYLED_ITEM ( 'NONE', ( #756 ), #823 ) ;
#988 = SURFACE_STYLE_USAGE ( .BOTH. , #1730 ) ;
#989 = UNCERTAINTY_MEASURE_WITH_UNIT (LENGTH_MEASURE( 1.000000000000000082E-05 ), #1312, 'distance_accuracy_value', 'NONE');
#990 = ORIENTED_EDGE ( 'NONE', *, *, #3174, .T. ) ;
#991 = AXIS2_PLACEMENT_3D ( 'NONE', #496, #2497, #1004 ) ;
#992 = ORIENTED_EDGE ( 'NONE', *, *, #2125, .F. ) ;
#993 = PRODUCT_DEFINITION_FORMATION_WITH_SPECIFIED_SOURCE ( 'ANY', '', #1100, .NOT_KNOWN. ) ;
#994 = ORIENTED_EDGE ( 'NONE', *, *, #46, .T. ) ;
#995 = CARTESIAN_POINT ( 'NONE',  ( 0.0000000000000000000, -6.000000000000000000, 160.7499999999998863 ) ) ;
#996 = ORIENTED_EDGE ( 'NONE', *, *, #2332, .F. ) ;
#997 = EDGE_CURVE ( 'NONE', #2739, #739, #373, .T. ) ;
#998 = CYLINDRICAL_SURFACE ( 'NONE', #1271, 3.399999999999986144 ) ;
#999 = DIRECTION ( 'NONE',  ( -0.0000000000000000000, -0.0000000000000000000, 1.000000000000000000 ) ) ;
#1000 = STYLED_ITEM ( 'NONE', ( #608 ), #332 ) ;
#1001 = CYLINDRICAL_SURFACE ( 'NONE', #1069, 3.399999999999986144 ) ;
#1002 = DIRECTION ( 'NONE',  ( -0.0000000000000000000, 1.000000000000000000, -0.0000000000000000000 ) ) ;
#1003 = VECTOR ( 'NONE', #2618, 1000.000000000000000 ) ;
#1004 = DIRECTION ( 'NONE',  ( 0.0000000000000000000, 0.0000000000000000000, 1.000000000000000000 ) ) ;
#1005 = CARTESIAN_POINT ( 'NONE',  ( -43.99999999999996447, 0.0000000000000000000, 347.4999999999999432 ) ) ;
#1006 = LINE ( 'NONE', #1830, #3189 ) ;
#1007 = CIRCLE ( 'NONE', #1437, 2.099999999999990763 ) ;
#1008 = AXIS2_PLACEMENT_3D ( 'NONE', #574, #3095, #254 ) ;
#1009 = DIRECTION ( 'NONE',  ( 0.0000000000000000000, 0.0000000000000000000, 1.000000000000000000 ) ) ;
#1010 = CIRCLE ( 'NONE', #1900, 6.000000000000005329 ) ;
#1011 = VERTEX_POINT ( 'NONE', #617 ) ;
#1012 = CARTESIAN_POINT ( 'NONE',  ( -62.00000000000003553, 0.0000000000000000000, 347.4999999999999432 ) ) ;
#1013 = LINE ( 'NONE', #2908, #2140 ) ;
#1014 = CONICAL_SURFACE ( 'NONE', #124, 2.499999999999995115, 1.029744258676656754 ) ;
#1015 = EDGE_CURVE ( 'NONE', #1525, #511, #892, .T. ) ;
#1016 = DIRECTION ( 'NONE',  ( 0.0000000000000000000, 0.0000000000000000000, -1.000000000000000000 ) ) ;
#1017 = LINE ( 'NONE', #2825, #2898 ) ;
#1018 = CYLINDRICAL_SURFACE ( 'NONE', #2408, 3.400000000000014122 ) ;
#1019 = EDGE_LOOP ( 'NONE', ( #2231, #2795 ) ) ;
#1020 = DIRECTION ( 'NONE',  ( -0.0000000000000000000, -1.000000000000000000, -0.0000000000000000000 ) ) ;
#1021 = ORIENTED_EDGE ( 'NONE', *, *, #1685, .F. ) ;
#1022 = EDGE_CURVE ( 'NONE', #1525, #2213, #568, .T. ) ;
#1023 = ORIENTED_EDGE ( 'NONE', *, *, #3102, .T. ) ;
#1024 = VECTOR ( 'NONE', #2729, 1000.000000000000000 ) ;
#1025 = ORIENTED_EDGE ( 'NONE', *, *, #2556, .T. ) ;
#1026 = AXIS2_PLACEMENT_3D ( 'NONE', #3075, #1552, #3097 ) ;
#1027 = AXIS2_PLACEMENT_3D ( 'NONE', #604, #830, #340 ) ;
#1028 = DIRECTION ( 'NONE',  ( 0.0000000000000000000, 0.0000000000000000000, 1.000000000000000000 ) ) ;
#1029 = ADVANCED_FACE ( 'NONE', ( #2522 ), #2613, .F. ) ;
#1030 = CARTESIAN_POINT ( 'NONE',  ( -33.50000000000000000, -6.000000000000000000, -335.9000000000001478 ) ) ;
#1031 = DIRECTION ( 'NONE',  ( -0.0000000000000000000, -0.0000000000000000000, 1.000000000000000000 ) ) ;
#1032 = ORIENTED_EDGE ( 'NONE', *, *, #1852, .T. ) ;
#1033 = CARTESIAN_POINT ( 'NONE',  ( 18.25000000000000355, 6.000000000000000000, -105.9000000000000767 ) ) ;
#1034 = DIRECTION ( 'NONE',  ( 1.000000000000000000, 0.0000000000000000000, 0.0000000000000000000 ) ) ;
#1035 = ORIENTED_EDGE ( 'NONE', *, *, #2495, .T. ) ;
#1036 = VERTEX_POINT ( 'NONE', #2653 ) ;
#1037 = ORIENTED_EDGE ( 'NONE', *, *, #2787, .F. ) ;
#1038 = EDGE_CURVE ( 'NONE', #2994, #1055, #1279, .T. ) ;
#1039 = CARTESIAN_POINT ( 'NONE',  ( 3.980102097228898231E-16, -6.000000000000000000, -325.7500000000001137 ) ) ;
#1040 =( LENGTH_UNIT ( ) NAMED_UNIT ( * ) SI_UNIT ( .MILLI., .METRE. ) );
#1041 = DIRECTION ( 'NONE',  ( -0.0000000000000000000, 1.000000000000000000, -0.0000000000000000000 ) ) ;
#1042 = VERTEX_POINT ( 'NONE', #2910 ) ;
#1043 = AXIS2_PLACEMENT_3D ( 'NONE', #2379, #886, #1338 ) ;
#1044 = CIRCLE ( 'NONE', #2295, 2.499999999999995115 ) ;
#1045 = ORIENTED_EDGE ( 'NONE', *, *, #289, .F. ) ;
#1046 = ADVANCED_FACE ( 'NONE', ( #2102 ), #1740, .F. ) ;
#1047 = MECHANICAL_DESIGN_GEOMETRIC_PRESENTATION_REPRESENTATION (  '', ( #433 ), #1895 ) ;
#1048 = ORIENTED_EDGE ( 'NONE', *, *, #706, .F. ) ;
#1049 = DIRECTION ( 'NONE',  ( -0.0000000000000000000, 1.000000000000000000, -0.0000000000000000000 ) ) ;
#1050 = PRODUCT_DEFINITION_CONTEXT ( 'detailed design', #3006, 'design' ) ;
#1051 = DIRECTION ( 'NONE',  ( 0.0000000000000000000, 0.0000000000000000000, 1.000000000000000000 ) ) ;
#1052 = SURFACE_STYLE_FILL_AREA ( #2215 ) ;
#1053 = DIRECTION ( 'NONE',  ( -0.0000000000000000000, 1.000000000000000000, -0.0000000000000000000 ) ) ;
#1054 = SURFACE_STYLE_USAGE ( .BOTH. , #1528 ) ;
#1055 = VERTEX_POINT ( 'NONE', #140 ) ;
#1056 = FACE_BOUND ( 'NONE', #2746, .T. ) ;
#1057 = CARTESIAN_POINT ( 'NONE',  ( -24.99999999999986855, 0.0000000000000000000, 322.4999999999998863 ) ) ;
#1058 = FACE_BOUND ( 'NONE', #1066, .T. ) ;
#1059 = VERTEX_POINT ( 'NONE', #1371 ) ;
#1060 = EDGE_CURVE ( 'NONE', #18, #2490, #2244, .T. ) ;
#1061 = SURFACE_SIDE_STYLE ('',( #2256 ) ) ;
#1062 = ORIENTED_EDGE ( 'NONE', *, *, #1504, .F. ) ;
#1063 = CARTESIAN_POINT ( 'NONE',  ( 33.50000000000000000, -6.000000000000000000, -335.9000000000001478 ) ) ;
#1064 = CIRCLE ( 'NONE', #207, 3.400000000000014122 ) ;
#1065 = AXIS2_PLACEMENT_3D ( 'NONE', #1937, #1205, #164 ) ;
#1066 = EDGE_LOOP ( 'NONE', ( #595, #1175 ) ) ;
#1067 = CARTESIAN_POINT ( 'NONE',  ( -18.25000000000000355, 6.000000000000000000, 312.4999999999998863 ) ) ;
#1068 = ORIENTED_EDGE ( 'NONE', *, *, #63, .F. ) ;
#1069 = AXIS2_PLACEMENT_3D ( 'NONE', #2519, #290, #1009 ) ;
#1070 = VERTEX_POINT ( 'NONE', #2145 ) ;
#1071 = DIRECTION ( 'NONE',  ( -1.000000000000000000, 0.0000000000000000000, 0.0000000000000000000 ) ) ;
#1072 = DIRECTION ( 'NONE',  ( 0.0000000000000000000, 1.000000000000000000, 0.0000000000000000000 ) ) ;
#1073 = CARTESIAN_POINT ( 'NONE',  ( -33.50000000000000000, -6.000000000000000000, 309.0999999999998522 ) ) ;
#1074 = PLANE ( 'NONE',  #1539 ) ;
#1075 = MECHANICAL_DESIGN_GEOMETRIC_PRESENTATION_REPRESENTATION (  '', ( #2000 ), #2675 ) ;
#1076 = DIRECTION ( 'NONE',  ( 0.0000000000000000000, 0.0000000000000000000, 1.000000000000000000 ) ) ;
#1077 = EDGE_CURVE ( 'NONE', #739, #2739, #1770, .T. ) ;
#1078 = CARTESIAN_POINT ( 'NONE',  ( -18.25000000000000355, 6.000000000000000000, -332.5000000000001137 ) ) ;
#1079 = VECTOR ( 'NONE', #1810, 1000.000000000000000 ) ;
#1080 = ADVANCED_FACE ( 'NONE', ( #2849 ), #24, .F. ) ;
#1081 = DIRECTION ( 'NONE',  ( -0.0000000000000000000, 1.000000000000000000, -0.0000000000000000000 ) ) ;
#1082 = EDGE_CURVE ( 'NONE', #445, #146, #1044, .T. ) ;
#1083 = CARTESIAN_POINT ( 'NONE',  ( -59.50000000000003553, 0.0000000000000000000, 347.4999999999999432 ) ) ;
#1084 = UNCERTAINTY_MEASURE_WITH_UNIT (LENGTH_MEASURE( 1.000000000000000082E-05 ), #227, 'distance_accuracy_value', 'NONE');
#1085 = FACE_OUTER_BOUND ( 'NONE', #2791, .T. ) ;
#1086 = AXIS2_PLACEMENT_3D ( 'NONE', #2593, #2835, #815 ) ;
#1087 = DIRECTION ( 'NONE',  ( -0.0000000000000000000, 1.000000000000000000, -0.0000000000000000000 ) ) ;
#1088 = EDGE_LOOP ( 'NONE', ( #420, #2688, #1285, #284 ) ) ;
#1089 = DIRECTION ( 'NONE',  ( -0.0000000000000000000, 1.000000000000000000, -0.0000000000000000000 ) ) ;
#1090 = ORIENTED_EDGE ( 'NONE', *, *, #2146, .F. ) ;
#1091 = AXIS2_PLACEMENT_3D ( 'NONE', #2923, #3161, #170 ) ;
#1092 = ORIENTED_EDGE ( 'NONE', *, *, #2455, .F. ) ;
#1093 = DIRECTION ( 'NONE',  ( 1.000000000000000000, 0.0000000000000000000, 0.0000000000000000000 ) ) ;
#1094 = DIRECTION ( 'NONE',  ( -0.0000000000000000000, -0.0000000000000000000, 1.000000000000000000 ) ) ;
#1095 = CARTESIAN_POINT ( 'NONE',  ( -33.50000000000000000, 6.000000000000000000, 312.4999999999998863 ) ) ;
#1096 = MECHANICAL_DESIGN_GEOMETRIC_PRESENTATION_REPRESENTATION (  '', ( #2440 ), #2041 ) ;
#1097 = VERTEX_POINT ( 'NONE', #2478 ) ;
#1098 = ADVANCED_FACE ( 'NONE', ( #1085 ), #2481, .F. ) ;
#1099 = LINE ( 'NONE', #80, #1911 ) ;
#1100 = PRODUCT ( '03_073_Inserting plate', '03_073_Inserting plate', '', ( #274 ) ) ;
#1101 =( NAMED_UNIT ( * ) SI_UNIT ( $, .STERADIAN. ) SOLID_ANGLE_UNIT ( ) );
#1102 = DIRECTION ( 'NONE',  ( -0.0000000000000000000, -1.000000000000000000, -0.0000000000000000000 ) ) ;
#1103 = VERTEX_POINT ( 'NONE', #500 ) ;
#1104 = EDGE_CURVE ( 'NONE', #2444, #1070, #285, .T. ) ;
#1105 = CARTESIAN_POINT ( 'NONE',  ( -46.99999999999995026, 0.0000000000000000000, 347.4999999999999432 ) ) ;
#1106 = FILL_AREA_STYLE_COLOUR ( '', #1841 ) ;
#1107 = DIRECTION ( 'NONE',  ( 0.0000000000000000000, 0.0000000000000000000, 1.000000000000000000 ) ) ;
#1108 = VERTEX_POINT ( 'NONE', #1496 ) ;
#1109 = SURFACE_STYLE_USAGE ( .BOTH. , #3091 ) ;
#1110 = AXIS2_PLACEMENT_3D ( 'NONE', #678, #1185, #2176 ) ;
#1111 = CARTESIAN_POINT ( 'NONE',  ( 44.00000000000006395, 3.673940397442054445E-16, 337.4999999999998863 ) ) ;
#1112 = AXIS2_PLACEMENT_3D ( 'NONE', #560, #1292, #3064 ) ;
#1113 = DIRECTION ( 'NONE',  ( 1.000000000000000000, 0.0000000000000000000, 0.0000000000000000000 ) ) ;
#1114 = ORIENTED_EDGE ( 'NONE', *, *, #1852, .F. ) ;
#1115 = ADVANCED_FACE ( 'NONE', ( #184 ), #2172, .F. ) ;
#1116 =( LENGTH_UNIT ( ) NAMED_UNIT ( * ) SI_UNIT ( .MILLI., .METRE. ) );
#1117 =( LENGTH_UNIT ( ) NAMED_UNIT ( * ) SI_UNIT ( .MILLI., .METRE. ) );
#1118 = EDGE_LOOP ( 'NONE', ( #280, #3136, #1351, #2990 ) ) ;
#1119 =( GEOMETRIC_REPRESENTATION_CONTEXT ( 3 ) GLOBAL_UNCERTAINTY_ASSIGNED_CONTEXT ( ( #1858 ) ) GLOBAL_UNIT_ASSIGNED_CONTEXT ( ( #2369, #2877, #1378 ) ) REPRESENTATION_CONTEXT ( 'NONE', 'WORKASPACE' ) );
#1120 = DIRECTION ( 'NONE',  ( 0.0000000000000000000, 0.0000000000000000000, 1.000000000000000000 ) ) ;
#1121 = VERTEX_POINT ( 'NONE', #3041 ) ;
#1122 = FACE_BOUND ( 'NONE', #872, .T. ) ;
#1123 = ORIENTED_EDGE ( 'NONE', *, *, #859, .T. ) ;
#1124 = FACE_OUTER_BOUND ( 'NONE', #3237, .T. ) ;
#1125 = ORIENTED_EDGE ( 'NONE', *, *, #14, .F. ) ;
#1126 = PLANE ( 'NONE',  #112 ) ;
#1127 = CARTESIAN_POINT ( 'NONE',  ( -41.00000000000003553, -6.000000000000000888, 199.5999999999999091 ) ) ;
#1128 = CARTESIAN_POINT ( 'NONE',  ( -33.50000000000000000, 6.000000000000000888, -102.5000000000000853 ) ) ;
#1129 = ORIENTED_EDGE ( 'NONE', *, *, #1159, .T. ) ;
#1130 = CIRCLE ( 'NONE', #2782, 3.400000000000000355 ) ;
#1131 = CARTESIAN_POINT ( 'NONE',  ( -5.750795523238222409E-14, 6.000000000000000000, -162.5000000000000853 ) ) ;
#1132 = AXIS2_PLACEMENT_3D ( 'NONE', #733, #519, #275 ) ;
#1133 = CARTESIAN_POINT ( 'NONE',  ( 7.347880794884120722E-16, -0.4999999999999995559, 311.4999999999998863 ) ) ;
#1134 = DIRECTION ( 'NONE',  ( -0.0000000000000000000, 1.000000000000000000, -0.0000000000000000000 ) ) ;
#1135 = CARTESIAN_POINT ( 'NONE',  ( -5.750795523238222409E-14, -0.4999999999999995559, -156.5000000000000853 ) ) ;
#1136 = FACE_BOUND ( 'NONE', #3116, .T. ) ;
#1137 = FACE_OUTER_BOUND ( 'NONE', #485, .T. ) ;
#1138 = AXIS2_PLACEMENT_3D ( 'NONE', #2184, #3214, #1460 ) ;
#1139 = CIRCLE ( 'NONE', #2913, 2.099999999999990763 ) ;
#1140 = CYLINDRICAL_SURFACE ( 'NONE', #731, 2.099999999999990763 ) ;
#1141 = CARTESIAN_POINT ( 'NONE',  ( 33.50000000000000000, 6.000000000000000000, -332.5000000000001137 ) ) ;
#1142 = ORIENTED_EDGE ( 'NONE', *, *, #2906, .F. ) ;
#1143 = DIRECTION ( 'NONE',  ( 0.0000000000000000000, 0.0000000000000000000, 1.000000000000000000 ) ) ;
#1144 = FACE_BOUND ( 'NONE', #2496, .T. ) ;
#1145 =( NAMED_UNIT ( * ) PLANE_ANGLE_UNIT ( ) SI_UNIT ( $, .RADIAN. ) );
#1147 = VECTOR ( 'NONE', #1819, 1000.000000000000000 ) ;
#1146 = CARTESIAN_POINT ( 'NONE',  ( 41.00000000000003553, 6.000000000000000000, 195.3999999999999488 ) ) ;
#1148 =( GEOMETRIC_REPRESENTATION_CONTEXT ( 3 ) GLOBAL_UNCERTAINTY_ASSIGNED_CONTEXT ( ( #2139 ) ) GLOBAL_UNIT_ASSIGNED_CONTEXT ( ( #1721, #468, #1485 ) ) REPRESENTATION_CONTEXT ( 'NONE', 'WORKASPACE' ) );
#1149 = DIRECTION ( 'NONE',  ( -0.0000000000000000000, 1.000000000000000000, -0.0000000000000000000 ) ) ;
#1150 = ORIENTED_EDGE ( 'NONE', *, *, #1582, .T. ) ;
#1151 = ORIENTED_EDGE ( 'NONE', *, *, #1077, .F. ) ;
#1152 = CARTESIAN_POINT ( 'NONE',  ( -60.00000000000002842, 6.000000000000000000, -347.5000000000000568 ) ) ;
#1153 = ORIENTED_EDGE ( 'NONE', *, *, #444, .F. ) ;
#1154 = ORIENTED_EDGE ( 'NONE', *, *, #3146, .F. ) ;
#1155 = CARTESIAN_POINT ( 'NONE',  ( -27.49999999999986500, 3.061616997868379197E-16, 347.4999999999999432 ) ) ;
#1156 = UNCERTAINTY_MEASURE_WITH_UNIT (LENGTH_MEASURE( 1.000000000000000082E-05 ), #2357, 'distance_accuracy_value', 'NONE');
#1157 = DIRECTION ( 'NONE',  ( -0.0000000000000000000, 1.000000000000000000, -0.0000000000000000000 ) ) ;
#1158 = CARTESIAN_POINT ( 'NONE',  ( -18.25000000000000355, 6.000000000000000000, 309.0999999999998522 ) ) ;
#1159 = EDGE_CURVE ( 'NONE', #700, #644, #3003, .T. ) ;
#1160 = DIRECTION ( 'NONE',  ( -0.0000000000000000000, -0.0000000000000000000, 1.000000000000000000 ) ) ;
#1161 = ORIENTED_EDGE ( 'NONE', *, *, #1988, .F. ) ;
#1162 =( NAMED_UNIT ( * ) PLANE_ANGLE_UNIT ( ) SI_UNIT ( $, .RADIAN. ) );
#1163 = FILL_AREA_STYLE ('',( #1106 ) ) ;
#1164 = VERTEX_POINT ( 'NONE', #2540 ) ;
#1165 = MECHANICAL_DESIGN_GEOMETRIC_PRESENTATION_REPRESENTATION (  '', ( #2704 ), #2267 ) ;
#1166 = AXIS2_PLACEMENT_3D ( 'NONE', #354, #837, #1586 ) ;
#1167 = FACE_BOUND ( 'NONE', #60, .T. ) ;
#1168 = DIRECTION ( 'NONE',  ( 0.0000000000000000000, 0.0000000000000000000, 1.000000000000000000 ) ) ;
#1169 = DIRECTION ( 'NONE',  ( 1.000000000000000000, -0.0000000000000000000, -0.0000000000000000000 ) ) ;
#1170 = COLOUR_RGB ( '',0.8980392156862745390, 0.9176470588235293713, 0.9294117647058823817 ) ;
#1171 = DIRECTION ( 'NONE',  ( 0.0000000000000000000, 1.000000000000000000, 0.0000000000000000000 ) ) ;
#1172 = VECTOR ( 'NONE', #1867, 1000.000000000000000 ) ;
#1173 = ORIENTED_EDGE ( 'NONE', *, *, #247, .F. ) ;
#1174 = EDGE_CURVE ( 'NONE', #762, #2355, #696, .T. ) ;
#1175 = ORIENTED_EDGE ( 'NONE', *, *, #600, .T. ) ;
#1176 = FILL_AREA_STYLE ('',( #2896 ) ) ;
#1177 = PRESENTATION_LAYER_ASSIGNMENT (  '', '', ( #1000 ) ) ;
#1178 = DIRECTION ( 'NONE',  ( -0.0000000000000000000, -0.0000000000000000000, 1.000000000000000000 ) ) ;
#1179 = FACE_OUTER_BOUND ( 'NONE', #123, .T. ) ;
#1180 = ORIENTED_EDGE ( 'NONE', *, *, #2766, .F. ) ;
#1181 = FACE_BOUND ( 'NONE', #713, .T. ) ;
#1182 =( GEOMETRIC_REPRESENTATION_CONTEXT ( 3 ) GLOBAL_UNCERTAINTY_ASSIGNED_CONTEXT ( ( #1084 ) ) GLOBAL_UNIT_ASSIGNED_CONTEXT ( ( #227, #2233, #13 ) ) REPRESENTATION_CONTEXT ( 'NONE', 'WORKASPACE' ) );
#1183 = DIRECTION ( 'NONE',  ( -0.0000000000000000000, -0.0000000000000000000, 1.000000000000000000 ) ) ;
#1184 = FACE_OUTER_BOUND ( 'NONE', #662, .T. ) ;
#1185 = DIRECTION ( 'NONE',  ( 0.0000000000000000000, 1.000000000000000000, 0.0000000000000000000 ) ) ;
#1186 = ORIENTED_EDGE ( 'NONE', *, *, #920, .F. ) ;
#1187 = VERTEX_POINT ( 'NONE', #1816 ) ;
#1188 =( GEOMETRIC_REPRESENTATION_CONTEXT ( 3 ) GLOBAL_UNCERTAINTY_ASSIGNED_CONTEXT ( ( #2715 ) ) GLOBAL_UNIT_ASSIGNED_CONTEXT ( ( #1699, #1452, #1676 ) ) REPRESENTATION_CONTEXT ( 'NONE', 'WORKASPACE' ) );
#1189 = VERTEX_POINT ( 'NONE', #1030 ) ;
#1190 = ORIENTED_EDGE ( 'NONE', *, *, #725, .F. ) ;
#1191 = CIRCLE ( 'NONE', #2774, 3.250000000000002665 ) ;
#1192 = EDGE_CURVE ( 'NONE', #3213, #546, #2416, .T. ) ;
#1193 = UNCERTAINTY_MEASURE_WITH_UNIT (LENGTH_MEASURE( 1.000000000000000082E-05 ), #1795, 'distance_accuracy_value', 'NONE');
#1194 = PLANE ( 'NONE',  #1008 ) ;
#1195 = ADVANCED_FACE ( 'NONE', ( #1595 ), #1001, .F. ) ;
#1196 = DIRECTION ( 'NONE',  ( -0.0000000000000000000, -0.0000000000000000000, 1.000000000000000000 ) ) ;
#1197 = DIRECTION ( 'NONE',  ( -0.0000000000000000000, -0.0000000000000000000, 1.000000000000000000 ) ) ;
#1198 = EDGE_LOOP ( 'NONE', ( #1380, #2620 ) ) ;
#1199 = DIRECTION ( 'NONE',  ( 1.000000000000000000, 0.0000000000000000000, 0.0000000000000000000 ) ) ;
#1200 = EDGE_CURVE ( 'NONE', #2075, #2118, #3106, .T. ) ;
#1201 =( NAMED_UNIT ( * ) PLANE_ANGLE_UNIT ( ) SI_UNIT ( $, .RADIAN. ) );
#1202 = ORIENTED_EDGE ( 'NONE', *, *, #127, .F. ) ;
#1203 = MECHANICAL_DESIGN_GEOMETRIC_PRESENTATION_REPRESENTATION (  '', ( #1241 ), #1637 ) ;
#1204 = STYLED_ITEM ( 'NONE', ( #1293 ), #2527 ) ;
#1205 = DIRECTION ( 'NONE',  ( -0.0000000000000000000, 1.000000000000000000, -0.0000000000000000000 ) ) ;
#1206 = DIRECTION ( 'NONE',  ( -0.0000000000000000000, 1.000000000000000000, -0.0000000000000000000 ) ) ;
#1207 = DIRECTION ( 'NONE',  ( -0.0000000000000000000, 1.000000000000000000, -0.0000000000000000000 ) ) ;
#1208 = EDGE_LOOP ( 'NONE', ( #467, #616 ) ) ;
#1209 = VECTOR ( 'NONE', #1392, 1000.000000000000000 ) ;
#1210 = APPLICATION_PROTOCOL_DEFINITION ( 'draft international standard', 'automotive_design', 1998, #470 ) ;
#1211 = ORIENTED_EDGE ( 'NONE', *, *, #893, .F. ) ;
#1212 = ADVANCED_FACE ( 'NONE', ( #1856 ), #2130, .F. ) ;
#1213 = CARTESIAN_POINT ( 'NONE',  ( -70.00000000000002842, -6.000000000000000000, -347.5000000000000568 ) ) ;
#1214 = LINE ( 'NONE', #1155, #3112 ) ;
#1215 = ORIENTED_EDGE ( 'NONE', *, *, #3007, .F. ) ;
#1216 = EDGE_CURVE ( 'NONE', #36, #2739, #3230, .T. ) ;
#1217 = LINE ( 'NONE', #2239, #1779 ) ;
#1218 = VECTOR ( 'NONE', #2371, 1000.000000000000000 ) ;
#1219 = CARTESIAN_POINT ( 'NONE',  ( 18.25000000000000355, -6.000000000000000000, -102.5000000000000853 ) ) ;
#1220 = PRESENTATION_LAYER_ASSIGNMENT (  '', '', ( #2111 ) ) ;
#1221 = VECTOR ( 'NONE', #2062, 1000.000000000000000 ) ;
#1222 = ORIENTED_EDGE ( 'NONE', *, *, #214, .F. ) ;
#1223 = VERTEX_POINT ( 'NONE', #2131 ) ;
#1224 = AXIS2_PLACEMENT_3D ( 'NONE', #3026, #1766, #2018 ) ;
#1225 = DIRECTION ( 'NONE',  ( -0.0000000000000000000, 1.000000000000000000, -0.0000000000000000000 ) ) ;
#1226 = EDGE_LOOP ( 'NONE', ( #2349, #2507, #2091, #2862 ) ) ;
#1227 = SURFACE_STYLE_FILL_AREA ( #953 ) ;
#1228 = ORIENTED_EDGE ( 'NONE', *, *, #600, .F. ) ;
#1229 =( GEOMETRIC_REPRESENTATION_CONTEXT ( 3 ) GLOBAL_UNCERTAINTY_ASSIGNED_CONTEXT ( ( #1556 ) ) GLOBAL_UNIT_ASSIGNED_CONTEXT ( ( #3072, #1577, #2329 ) ) REPRESENTATION_CONTEXT ( 'NONE', 'WORKASPACE' ) );
#1230 = DIRECTION ( 'NONE',  ( 1.000000000000000000, 0.0000000000000000000, 0.0000000000000000000 ) ) ;
#1231 = VERTEX_POINT ( 'NONE', #2934 ) ;
#1232 = CARTESIAN_POINT ( 'NONE',  ( -70.00000000000002842, 6.000000000000000000, -347.5000000000000568 ) ) ;
#1233 = UNCERTAINTY_MEASURE_WITH_UNIT (LENGTH_MEASURE( 1.000000000000000082E-05 ), #550, 'distance_accuracy_value', 'NONE');
#1234 = EDGE_CURVE ( 'NONE', #1940, #1947, #2097, .T. ) ;
#1235 = DIRECTION ( 'NONE',  ( -0.0000000000000000000, -0.0000000000000000000, 1.000000000000000000 ) ) ;
#1236 = ORIENTED_EDGE ( 'NONE', *, *, #2820, .T. ) ;
#1237 = DIRECTION ( 'NONE',  ( -1.198082400674629553E-16, -0.0000000000000000000, -1.000000000000000000 ) ) ;
#1238 = DIRECTION ( 'NONE',  ( 0.0000000000000000000, 0.0000000000000000000, 1.000000000000000000 ) ) ;
#1239 = STYLED_ITEM ( 'NONE', ( #2685 ), #295 ) ;
#1240 = DIRECTION ( 'NONE',  ( 0.0000000000000000000, 1.000000000000000000, 0.0000000000000000000 ) ) ;
#1241 = STYLED_ITEM ( 'NONE', ( #525 ), #1046 ) ;
#1242 = SURFACE_STYLE_USAGE ( .BOTH. , #2720 ) ;
#1243 = ORIENTED_EDGE ( 'NONE', *, *, #1294, .F. ) ;
#1244 = PRESENTATION_STYLE_ASSIGNMENT (( #1999 ) ) ;
#1245 = LINE ( 'NONE', #592, #94 ) ;
#1246 = PRESENTATION_LAYER_ASSIGNMENT (  '', '', ( #2859 ) ) ;
#1247 = DIRECTION ( 'NONE',  ( -0.0000000000000000000, 1.000000000000000000, -0.0000000000000000000 ) ) ;
#1248 = CARTESIAN_POINT ( 'NONE',  ( 62.00000000000003553, 0.0000000000000000000, 322.4999999999998863 ) ) ;
#1249 = SURFACE_STYLE_FILL_AREA ( #1269 ) ;
#1250 = DIRECTION ( 'NONE',  ( 0.0000000000000000000, 0.0000000000000000000, 1.000000000000000000 ) ) ;
#1251 = EDGE_CURVE ( 'NONE', #1042, #2994, #2927, .T. ) ;
#1252 = FILL_AREA_STYLE_COLOUR ( '', #504 ) ;
#1253 = ORIENTED_EDGE ( 'NONE', *, *, #2991, .F. ) ;
#1254 = EDGE_CURVE ( 'NONE', #2681, #2187, #813, .T. ) ;
#1255 = EDGE_LOOP ( 'NONE', ( #801, #3240, #3171, #3153 ) ) ;
#1256 = CIRCLE ( 'NONE', #1979, 3.250000000000030642 ) ;
#1257 = CARTESIAN_POINT ( 'NONE',  ( -64.50000000000004263, 3.061616997868390044E-16, 347.4999999999999432 ) ) ;
#1258 = AXIS2_PLACEMENT_3D ( 'NONE', #522, #2732, #1755 ) ;
#1259 = VERTEX_POINT ( 'NONE', #180 ) ;
#1260 = DIRECTION ( 'NONE',  ( 1.000000000000000000, 0.0000000000000000000, 0.0000000000000000000 ) ) ;
#1261 = FACE_OUTER_BOUND ( 'NONE', #1255, .T. ) ;
#1262 = DIRECTION ( 'NONE',  ( -0.0000000000000000000, 1.000000000000000000, -0.0000000000000000000 ) ) ;
#1263 = AXIS2_PLACEMENT_3D ( 'NONE', #1095, #1049, #978 ) ;
#1264 = CARTESIAN_POINT ( 'NONE',  ( 3.980102097228908092E-16, -6.000000000000000000, 314.2499999999998863 ) ) ;
#1265 = ORIENTED_EDGE ( 'NONE', *, *, #981, .F. ) ;
#1266 = DIRECTION ( 'NONE',  ( -0.0000000000000000000, 1.000000000000000000, -0.0000000000000000000 ) ) ;
#1267 = EDGE_CURVE ( 'NONE', #2622, #2945, #2711, .T. ) ;
#1268 =( NAMED_UNIT ( * ) SI_UNIT ( $, .STERADIAN. ) SOLID_ANGLE_UNIT ( ) );
#1269 = FILL_AREA_STYLE ('',( #728 ) ) ;
#1270 = ORIENTED_EDGE ( 'NONE', *, *, #1553, .F. ) ;
#1271 = AXIS2_PLACEMENT_3D ( 'NONE', #1888, #668, #2652 ) ;
#1272 = DIRECTION ( 'NONE',  ( 0.0000000000000000000, 0.0000000000000000000, -1.000000000000000000 ) ) ;
#1273 = CARTESIAN_POINT ( 'NONE',  ( -43.99999999999995737, 0.0000000000000000000, 337.4999999999998863 ) ) ;
#1274 = ORIENTED_EDGE ( 'NONE', *, *, #2865, .T. ) ;
#1275 = ORIENTED_EDGE ( 'NONE', *, *, #397, .F. ) ;
#1276 = DIRECTION ( 'NONE',  ( -0.0000000000000000000, -0.0000000000000000000, 1.000000000000000000 ) ) ;
#1277 = ADVANCED_FACE ( 'NONE', ( #2647 ), #919, .F. ) ;
#1278 = MECHANICAL_DESIGN_GEOMETRIC_PRESENTATION_REPRESENTATION (  '', ( #2037 ), #2207 ) ;
#1279 = CIRCLE ( 'NONE', #515, 3.399999999999986144 ) ;
#1280 =( NAMED_UNIT ( * ) SI_UNIT ( $, .STERADIAN. ) SOLID_ANGLE_UNIT ( ) );
#1281 = AXIS2_PLACEMENT_3D ( 'NONE', #152, #955, #2413 ) ;
#1282 = UNCERTAINTY_MEASURE_WITH_UNIT (LENGTH_MEASURE( 1.000000000000000082E-05 ), #798, 'distance_accuracy_value', 'NONE');
#1283 = VECTOR ( 'NONE', #1462, 1000.000000000000000 ) ;
#1284 = DIRECTION ( 'NONE',  ( 0.0000000000000000000, 0.0000000000000000000, 1.000000000000000000 ) ) ;
#1285 = ORIENTED_EDGE ( 'NONE', *, *, #572, .T. ) ;
#1286 = ORIENTED_EDGE ( 'NONE', *, *, #2847, .T. ) ;
#1287 = DIRECTION ( 'NONE',  ( -0.0000000000000000000, 1.000000000000000000, -0.0000000000000000000 ) ) ;
#1288 = EDGE_LOOP ( 'NONE', ( #2069, #1420, #1608, #272 ) ) ;
#1289 = FACE_OUTER_BOUND ( 'NONE', #1780, .T. ) ;
#1290 = CARTESIAN_POINT ( 'NONE',  ( -3.833863682158814729E-14, 6.000000000000000000, -2.500000000000113243 ) ) ;
#1291 = CIRCLE ( 'NONE', #1328, 3.400000000000014122 ) ;
#1292 = DIRECTION ( 'NONE',  ( -0.0000000000000000000, -1.000000000000000000, -0.0000000000000000000 ) ) ;
#1293 = PRESENTATION_STYLE_ASSIGNMENT (( #1474 ) ) ;
#1294 = EDGE_CURVE ( 'NONE', #1916, #783, #443, .T. ) ;
#1295 = CYLINDRICAL_SURFACE ( 'NONE', #2660, 2.499999999999995115 ) ;
#1296 = ADVANCED_FACE ( 'NONE', ( #1702 ), #3221, .F. ) ;
#1297 = ORIENTED_EDGE ( 'NONE', *, *, #2511, .F. ) ;
#1298 = SURFACE_SIDE_STYLE ('',( #1480 ) ) ;
#1299 = CYLINDRICAL_SURFACE ( 'NONE', #2116, 6.000000000000005329 ) ;
#1300 = AXIS2_PLACEMENT_3D ( 'NONE', #829, #2809, #2337 ) ;
#1301 = SURFACE_STYLE_USAGE ( .BOTH. , #2804 ) ;
#1302 = FILL_AREA_STYLE ('',( #2594 ) ) ;
#1303 = DIRECTION ( 'NONE',  ( -0.0000000000000000000, 1.000000000000000000, -0.0000000000000000000 ) ) ;
#1304 = EDGE_LOOP ( 'NONE', ( #3133, #1664, #2309, #1655 ) ) ;
#1305 = AXIS2_PLACEMENT_3D ( 'NONE', #2328, #2585, #2045 ) ;
#1306 = EDGE_LOOP ( 'NONE', ( #183, #2285, #916, #2430 ) ) ;
#1307 = DIRECTION ( 'NONE',  ( -0.0000000000000000000, 1.000000000000000000, -0.0000000000000000000 ) ) ;
#1308 = CARTESIAN_POINT ( 'NONE',  ( 47.00000000000006395, 0.0000000000000000000, 347.4999999999999432 ) ) ;
#1309 = ORIENTED_EDGE ( 'NONE', *, *, #2745, .F. ) ;
#1310 = SURFACE_SIDE_STYLE ('',( #2984 ) ) ;
#1311 = ADVANCED_FACE ( 'NONE', ( #2554 ), #970, .F. ) ;
#1312 =( LENGTH_UNIT ( ) NAMED_UNIT ( * ) SI_UNIT ( .MILLI., .METRE. ) );
#1313 = SURFACE_STYLE_USAGE ( .BOTH. , #1061 ) ;
#1314 = CIRCLE ( 'NONE', #1086, 3.400000000000000355 ) ;
#1315 = EDGE_CURVE ( 'NONE', #1862, #1223, #2965, .T. ) ;
#1316 =( NAMED_UNIT ( * ) PLANE_ANGLE_UNIT ( ) SI_UNIT ( $, .RADIAN. ) );
#1317 = ORIENTED_EDGE ( 'NONE', *, *, #2516, .T. ) ;
#1318 = VERTEX_POINT ( 'NONE', #1675 ) ;
#1319 = AXIS2_PLACEMENT_3D ( 'NONE', #698, #1949, #1832 ) ;
#1320 = CARTESIAN_POINT ( 'NONE',  ( -41.00000000000003553, 6.000000000000000000, 197.4999999999999147 ) ) ;
#1321 = CONICAL_SURFACE ( 'NONE', #1732, 2.499999999999995115, 1.029744258676656754 ) ;
#1322 = DIRECTION ( 'NONE',  ( 1.000000000000000000, 0.0000000000000000000, 0.0000000000000000000 ) ) ;
#1323 = CARTESIAN_POINT ( 'NONE',  ( 33.50000000000000000, 6.000000000000000888, 312.4999999999998863 ) ) ;
#1324 = FILL_AREA_STYLE ('',( #2011 ) ) ;
#1325 = SURFACE_SIDE_STYLE ('',( #528 ) ) ;
#1326 = ORIENTED_EDGE ( 'NONE', *, *, #1425, .T. ) ;
#1327 = CARTESIAN_POINT ( 'NONE',  ( 41.00000000000003553, -6.000000000000000888, 197.4999999999999147 ) ) ;
#1328 = AXIS2_PLACEMENT_3D ( 'NONE', #765, #1225, #461 ) ;
#1329 = CARTESIAN_POINT ( 'NONE',  ( -18.25000000000000355, -6.000000000000000000, -99.10000000000009379 ) ) ;
#1330 = UNCERTAINTY_MEASURE_WITH_UNIT (LENGTH_MEASURE( 1.000000000000000082E-05 ), #1701, 'distance_accuracy_value', 'NONE');
#1331 = PRESENTATION_STYLE_ASSIGNMENT (( #1874 ) ) ;
#1332 = ORIENTED_EDGE ( 'NONE', *, *, #43, .T. ) ;
#1333 = MECHANICAL_DESIGN_GEOMETRIC_PRESENTATION_REPRESENTATION (  '', ( #1793 ), #1229 ) ;
#1334 = DIRECTION ( 'NONE',  ( 0.0000000000000000000, 0.0000000000000000000, 1.000000000000000000 ) ) ;
#1335 = ADVANCED_FACE ( 'NONE', ( #1124 ), #51, .F. ) ;
#1336 = CIRCLE ( 'NONE', #57, 6.000000000000005329 ) ;
#1337 = CARTESIAN_POINT ( 'NONE',  ( -7.667727364317629458E-14, -0.4999999999999995559, -322.5000000000001137 ) ) ;
#1338 = DIRECTION ( 'NONE',  ( 0.0000000000000000000, 0.0000000000000000000, 1.000000000000000000 ) ) ;
#1339 = EDGE_CURVE ( 'NONE', #2380, #2275, #2884, .T. ) ;
#1340 = DIRECTION ( 'NONE',  ( 0.0000000000000000000, 0.0000000000000000000, 1.000000000000000000 ) ) ;
#1341 = AXIS2_PLACEMENT_3D ( 'NONE', #1578, #581, #1807 ) ;
#1342 = COLOUR_RGB ( '',0.8980392156862745390, 0.9176470588235293713, 0.9294117647058823817 ) ;
#1343 = AXIS2_PLACEMENT_3D ( 'NONE', #1510, #1756, #2232 ) ;
#1344 =( LENGTH_UNIT ( ) NAMED_UNIT ( * ) SI_UNIT ( .MILLI., .METRE. ) );
#1345 = ADVANCED_FACE ( 'NONE', ( #887 ), #1965, .F. ) ;
#1346 = MECHANICAL_DESIGN_GEOMETRIC_PRESENTATION_REPRESENTATION (  '', ( #1843 ), #2179 ) ;
#1347 = DIRECTION ( 'NONE',  ( 1.000000000000000000, 0.0000000000000000000, 0.0000000000000000000 ) ) ;
#1348 = DIRECTION ( 'NONE',  ( -0.0000000000000000000, 1.000000000000000000, -0.0000000000000000000 ) ) ;
#1349 = DIRECTION ( 'NONE',  ( -0.0000000000000000000, 1.000000000000000000, -0.0000000000000000000 ) ) ;
#1350 = DIRECTION ( 'NONE',  ( -0.0000000000000000000, -0.0000000000000000000, 1.000000000000000000 ) ) ;
#1351 = ORIENTED_EDGE ( 'NONE', *, *, #1757, .T. ) ;
#1352 = EDGE_LOOP ( 'NONE', ( #1150, #502 ) ) ;
#1353 = CARTESIAN_POINT ( 'NONE',  ( 33.50000000000000000, 6.000000000000000888, -335.9000000000000909 ) ) ;
#1354 = ORIENTED_EDGE ( 'NONE', *, *, #1946, .T. ) ;
#1355 = DIRECTION ( 'NONE',  ( 1.000000000000000000, 0.0000000000000000000, 0.0000000000000000000 ) ) ;
#1356 = FILL_AREA_STYLE_COLOUR ( '', #3119 ) ;
#1357 = EDGE_LOOP ( 'NONE', ( #2142, #1929 ) ) ;
#1358 = SURFACE_STYLE_USAGE ( .BOTH. , #3105 ) ;
#1359 = LINE ( 'NONE', #2985, #130 ) ;
#1360 = EDGE_CURVE ( 'NONE', #1036, #1187, #1401, .T. ) ;
#1361 = ORIENTED_EDGE ( 'NONE', *, *, #961, .F. ) ;
#1362 = DIRECTION ( 'NONE',  ( 0.0000000000000000000, -1.000000000000000000, 0.0000000000000000000 ) ) ;
#1363 = CARTESIAN_POINT ( 'NONE',  ( 50.00000000000004974, 0.0000000000000000000, 347.4999999999999432 ) ) ;
#1364 = ORIENTED_EDGE ( 'NONE', *, *, #2423, .T. ) ;
#1365 = ADVANCED_FACE ( 'NONE', ( #2200 ), #96, .F. ) ;
#1366 = ORIENTED_EDGE ( 'NONE', *, *, #338, .T. ) ;
#1367 = STYLED_ITEM ( 'NONE', ( #2051 ), #1029 ) ;
#1368 = SURFACE_STYLE_FILL_AREA ( #1471 ) ;
#1369 = CARTESIAN_POINT ( 'NONE',  ( 59.50000000000003553, 3.061616997868377225E-16, 322.4999999999998863 ) ) ;
#1370 = VERTEX_POINT ( 'NONE', #1728 ) ;
#1371 = CARTESIAN_POINT ( 'NONE',  ( -41.00000000000003553, -6.000000000000000888, 195.3999999999999488 ) ) ;
#1372 = ORIENTED_EDGE ( 'NONE', *, *, #725, .T. ) ;
#1373 = SURFACE_SIDE_STYLE ('',( #2298 ) ) ;
#1374 = AXIS2_PLACEMENT_3D ( 'NONE', #2407, #2938, #2644 ) ;
#1375 = DIRECTION ( 'NONE',  ( -0.0000000000000000000, -0.0000000000000000000, 1.000000000000000000 ) ) ;
#1376 = LINE ( 'NONE', #1901, #702 ) ;
#1377 = CYLINDRICAL_SURFACE ( 'NONE', #1263, 3.400000000000014122 ) ;
#1378 =( NAMED_UNIT ( * ) SI_UNIT ( $, .STERADIAN. ) SOLID_ANGLE_UNIT ( ) );
#1379 = CARTESIAN_POINT ( 'NONE',  ( 0.0000000000000000000, -6.000000000000000000, 317.4999999999998863 ) ) ;
#1380 = ORIENTED_EDGE ( 'NONE', *, *, #2537, .T. ) ;
#1381 = ORIENTED_EDGE ( 'NONE', *, *, #1741, .T. ) ;
#1382 = CIRCLE ( 'NONE', #2892, 2.999999999999988898 ) ;
#1383 = CARTESIAN_POINT ( 'NONE',  ( 18.25000000000000355, 6.000000000000000000, -335.9000000000001478 ) ) ;
#1384 = DIRECTION ( 'NONE',  ( -0.0000000000000000000, -0.0000000000000000000, 1.000000000000000000 ) ) ;
#1385 = FILL_AREA_STYLE_COLOUR ( '', #2204 ) ;
#1386 = EDGE_CURVE ( 'NONE', #546, #2867, #212, .T. ) ;
#1387 = CARTESIAN_POINT ( 'NONE',  ( 3.980102097228908092E-16, -0.4999999999999995559, -5.750000000000121680 ) ) ;
#1388 = ORIENTED_EDGE ( 'NONE', *, *, #2360, .T. ) ;
#1389 = CARTESIAN_POINT ( 'NONE',  ( -18.25000000000000355, -6.000000000000000000, -102.5000000000000853 ) ) ;
#1390 = FILL_AREA_STYLE_COLOUR ( '', #416 ) ;
#1391 = AXIS2_PLACEMENT_3D ( 'NONE', #390, #918, #2921 ) ;
#1392 = DIRECTION ( 'NONE',  ( 1.000000000000000000, -0.0000000000000000000, -0.0000000000000000000 ) ) ;
#1393 = VERTEX_POINT ( 'NONE', #2716 ) ;
#1394 = CIRCLE ( 'NONE', #712, 3.400000000000014122 ) ;
#1395 = AXIS2_PLACEMENT_3D ( 'NONE', #3207, #210, #2461 ) ;
#1396 = SURFACE_STYLE_USAGE ( .BOTH. , #2351 ) ;
#1397 = PRESENTATION_LAYER_ASSIGNMENT (  '', '', ( #2440 ) ) ;
#1398 = DIRECTION ( 'NONE',  ( -0.0000000000000000000, 1.000000000000000000, -0.0000000000000000000 ) ) ;
#1399 = DIRECTION ( 'NONE',  ( 0.0000000000000000000, 0.0000000000000000000, 1.000000000000000000 ) ) ;
#1400 = SURFACE_STYLE_USAGE ( .BOTH. , #596 ) ;
#1401 = LINE ( 'NONE', #1957, #1542 ) ;
#1402 = EDGE_CURVE ( 'NONE', #1103, #16, #1359, .T. ) ;
#1403 = CARTESIAN_POINT ( 'NONE',  ( 0.0000000000000000000, -6.000000000000000000, -159.2500000000001137 ) ) ;
#1404 =( NAMED_UNIT ( * ) PLANE_ANGLE_UNIT ( ) SI_UNIT ( $, .RADIAN. ) );
#1405 = DIRECTION ( 'NONE',  ( -0.0000000000000000000, 1.000000000000000000, -0.0000000000000000000 ) ) ;
#1406 = DIRECTION ( 'NONE',  ( 0.0000000000000000000, 0.0000000000000000000, 1.000000000000000000 ) ) ;
#1407 = PRESENTATION_LAYER_ASSIGNMENT (  '', '', ( #1239 ) ) ;
#1408 = DIRECTION ( 'NONE',  ( -0.0000000000000000000, -1.000000000000000000, -0.0000000000000000000 ) ) ;
#1409 = CARTESIAN_POINT ( 'NONE',  ( 70.00000000000005684, 6.000000000000000000, 347.4999999999999432 ) ) ;
#1410 = SURFACE_SIDE_STYLE ('',( #784 ) ) ;
#1411 = VECTOR ( 'NONE', #1681, 1000.000000000000000 ) ;
#1412 = AXIS2_PLACEMENT_3D ( 'NONE', #1828, #2560, #59 ) ;
#1413 = FILL_AREA_STYLE_COLOUR ( '', #1866 ) ;
#1414 = DIRECTION ( 'NONE',  ( -0.0000000000000000000, -0.0000000000000000000, 1.000000000000000000 ) ) ;
#1415 =( LENGTH_UNIT ( ) NAMED_UNIT ( * ) SI_UNIT ( .MILLI., .METRE. ) );
#1416 = FACE_OUTER_BOUND ( 'NONE', #1624, .T. ) ;
#1417 =( NAMED_UNIT ( * ) SI_UNIT ( $, .STERADIAN. ) SOLID_ANGLE_UNIT ( ) );
#1418 = MECHANICAL_DESIGN_GEOMETRIC_PRESENTATION_REPRESENTATION (  '', ( #437 ), #1119 ) ;
#1419 = VECTOR ( 'NONE', #2089, 1000.000000000000000 ) ;
#1420 = ORIENTED_EDGE ( 'NONE', *, *, #666, .F. ) ;
#1421 = CARTESIAN_POINT ( 'NONE',  ( -33.50000000000000000, 6.000000000000000888, -329.1000000000001933 ) ) ;
#1422 = DIRECTION ( 'NONE',  ( 1.000000000000000000, 0.0000000000000000000, 0.0000000000000000000 ) ) ;
#1423 = ORIENTED_EDGE ( 'NONE', *, *, #2161, .F. ) ;
#1424 = PRESENTATION_STYLE_ASSIGNMENT (( #2570 ) ) ;
#1425 = EDGE_CURVE ( 'NONE', #969, #3179, #1768, .T. ) ;
#1426 = ORIENTED_EDGE ( 'NONE', *, *, #1988, .T. ) ;
#1427 = EDGE_LOOP ( 'NONE', ( #1032, #2607, #1722, #1671 ) ) ;
#1428 = CARTESIAN_POINT ( 'NONE',  ( -70.00000000000002842, 6.000000000000000000, -337.5000000000000000 ) ) ;
#1429 = PRESENTATION_STYLE_ASSIGNMENT (( #2779 ) ) ;
#1430 = CARTESIAN_POINT ( 'NONE',  ( 0.0000000000000000000, -0.4999999999999995559, -319.2500000000001705 ) ) ;
#1431 = DIRECTION ( 'NONE',  ( 0.0000000000000000000, 0.0000000000000000000, 1.000000000000000000 ) ) ;
#1432 = EDGE_CURVE ( 'NONE', #2628, #1998, #1634, .T. ) ;
#1433 = DIRECTION ( 'NONE',  ( 0.0000000000000000000, 0.0000000000000000000, 1.000000000000000000 ) ) ;
#1434 = ORIENTED_EDGE ( 'NONE', *, *, #1890, .T. ) ;
#1435 = EDGE_LOOP ( 'NONE', ( #3088, #1274, #2864 ) ) ;
#1436 = CARTESIAN_POINT ( 'NONE',  ( 33.50000000000000000, 6.000000000000000000, -105.9000000000000767 ) ) ;
#1437 = AXIS2_PLACEMENT_3D ( 'NONE', #2829, #2840, #2438 ) ;
#1438 = UNCERTAINTY_MEASURE_WITH_UNIT (LENGTH_MEASURE( 1.000000000000000082E-05 ), #1446, 'distance_accuracy_value', 'NONE');
#1439 =( LENGTH_UNIT ( ) NAMED_UNIT ( * ) SI_UNIT ( .MILLI., .METRE. ) );
#1440 = AXIS2_PLACEMENT_3D ( 'NONE', #1959, #2237, #1230 ) ;
#1441 = DIRECTION ( 'NONE',  ( -0.8571673007021134438, 1.049727191138620051E-16, 0.5150380749100522682 ) ) ;
#1442 = CARTESIAN_POINT ( 'NONE',  ( 69.99999999999998579, 6.000000000000000000, -347.5000000000000568 ) ) ;
#1443 = EDGE_LOOP ( 'NONE', ( #33, #1465 ) ) ;
#1444 =( GEOMETRIC_REPRESENTATION_CONTEXT ( 3 ) GLOBAL_UNCERTAINTY_ASSIGNED_CONTEXT ( ( #2103 ) ) GLOBAL_UNIT_ASSIGNED_CONTEXT ( ( #2126, #429, #171 ) ) REPRESENTATION_CONTEXT ( 'NONE', 'WORKASPACE' ) );
#1445 = CIRCLE ( 'NONE', #966, 3.249999999999975131 ) ;
#1446 =( LENGTH_UNIT ( ) NAMED_UNIT ( * ) SI_UNIT ( .MILLI., .METRE. ) );
#1447 = COLOUR_RGB ( '',0.8980392156862745390, 0.9176470588235293713, 0.9294117647058823817 ) ;
#1448 = DIRECTION ( 'NONE',  ( -0.8571673007021156643, 1.049727191138622763E-16, 0.5150380749100486044 ) ) ;
#1449 = EDGE_CURVE ( 'NONE', #1524, #3209, #2405, .T. ) ;
#1450 = FILL_AREA_STYLE_COLOUR ( '', #2510 ) ;
#1451 = DIRECTION ( 'NONE',  ( 0.0000000000000000000, 0.0000000000000000000, 1.000000000000000000 ) ) ;
#1452 =( NAMED_UNIT ( * ) PLANE_ANGLE_UNIT ( ) SI_UNIT ( $, .RADIAN. ) );
#1453 = CYLINDRICAL_SURFACE ( 'NONE', #2737, 3.399999999999986144 ) ;
#1454 = AXIS2_PLACEMENT_3D ( 'NONE', #4, #1980, #1028 ) ;
#1455 = DIRECTION ( 'NONE',  ( 1.198082400674629553E-16, 0.0000000000000000000, 1.000000000000000000 ) ) ;
#1456 = LINE ( 'NONE', #659, #2602 ) ;
#1457 = CIRCLE ( 'NONE', #241, 3.250000000000002665 ) ;
#1458 = ADVANCED_FACE ( 'NONE', ( #1970 ), #615, .F. ) ;
#1459 = ORIENTED_EDGE ( 'NONE', *, *, #1705, .T. ) ;
#1460 = DIRECTION ( 'NONE',  ( 0.0000000000000000000, 0.0000000000000000000, 1.000000000000000000 ) ) ;
#1461 = EDGE_LOOP ( 'NONE', ( #1037, #2453 ) ) ;
#1462 = DIRECTION ( 'NONE',  ( -0.0000000000000000000, -0.0000000000000000000, 1.000000000000000000 ) ) ;
#1463 = CIRCLE ( 'NONE', #868, 3.399999999999958611 ) ;
#1464 = AXIS2_PLACEMENT_3D ( 'NONE', #3181, #958, #1903 ) ;
#1465 = ORIENTED_EDGE ( 'NONE', *, *, #1537, .T. ) ;
#1466 = FACE_OUTER_BOUND ( 'NONE', #1489, .T. ) ;
#1467 = FILL_AREA_STYLE_COLOUR ( '', #3068 ) ;
#1468 = EDGE_CURVE ( 'NONE', #761, #445, #884, .T. ) ;
#1469 = VERTEX_POINT ( 'NONE', #2566 ) ;
#1470 = DIRECTION ( 'NONE',  ( 1.000000000000000000, 0.0000000000000000000, 0.0000000000000000000 ) ) ;
#1471 = FILL_AREA_STYLE ('',( #319 ) ) ;
#1472 = AXIS2_PLACEMENT_3D ( 'NONE', #151, #121, #392 ) ;
#1473 = ORIENTED_EDGE ( 'NONE', *, *, #1628, .F. ) ;
#1474 = SURFACE_STYLE_USAGE ( .BOTH. , #208 ) ;
#1475 = AXIS2_PLACEMENT_3D ( 'NONE', #781, #1857, #866 ) ;
#1476 = VECTOR ( 'NONE', #2654, 1000.000000000000000 ) ;
#1477 = EDGE_CURVE ( 'NONE', #2517, #1523, #2703, .T. ) ;
#1478 = FACE_OUTER_BOUND ( 'NONE', #2391, .T. ) ;
#1479 = VECTOR ( 'NONE', #2099, 1000.000000000000000 ) ;
#1480 = SURFACE_STYLE_FILL_AREA ( #943 ) ;
#1481 = DIRECTION ( 'NONE',  ( 1.000000000000000000, 0.0000000000000000000, 0.0000000000000000000 ) ) ;
#1482 = UNCERTAINTY_MEASURE_WITH_UNIT (LENGTH_MEASURE( 1.000000000000000082E-05 ), #431, 'distance_accuracy_value', 'NONE');
#1483 = VECTOR ( 'NONE', #1348, 1000.000000000000000 ) ;
#1484 = DIRECTION ( 'NONE',  ( -0.0000000000000000000, -0.0000000000000000000, 1.000000000000000000 ) ) ;
#1485 =( NAMED_UNIT ( * ) SI_UNIT ( $, .STERADIAN. ) SOLID_ANGLE_UNIT ( ) );
#1486 = AXIS2_PLACEMENT_3D ( 'NONE', #126, #1665, #1880 ) ;
#1487 = EDGE_LOOP ( 'NONE', ( #1361, #2071, #2121, #163 ) ) ;
#1488 = LINE ( 'NONE', #1383, #825 ) ;
#1489 = EDGE_LOOP ( 'NONE', ( #1154, #2598, #682, #3225 ) ) ;
#1490 = CYLINDRICAL_SURFACE ( 'NONE', #881, 3.400000000000014122 ) ;
#1491 = COLOUR_RGB ( '',0.8980392156862745390, 0.9176470588235293713, 0.9294117647058823817 ) ;
#1492 = ORIENTED_EDGE ( 'NONE', *, *, #2516, .F. ) ;
#1493 = ORIENTED_EDGE ( 'NONE', *, *, #2967, .T. ) ;
#1494 = ORIENTED_EDGE ( 'NONE', *, *, #1576, .T. ) ;
#1495 = VECTOR ( 'NONE', #2494, 1000.000000000000000 ) ;
#1496 = CARTESIAN_POINT ( 'NONE',  ( -18.25000000000000355, 6.000000000000000888, 315.8999999999999204 ) ) ;
#1497 = CARTESIAN_POINT ( 'NONE',  ( -22.49999999999987566, 0.0000000000000000000, 322.4999999999998863 ) ) ;
#1498 = CYLINDRICAL_SURFACE ( 'NONE', #98, 3.400000000000014122 ) ;
#1499 = ORIENTED_EDGE ( 'NONE', *, *, #2722, .T. ) ;
#1500 = EDGE_CURVE ( 'NONE', #1985, #2444, #2962, .T. ) ;
#1501 = DIRECTION ( 'NONE',  ( -0.0000000000000000000, 1.000000000000000000, -0.0000000000000000000 ) ) ;
#1502 = ORIENTED_EDGE ( 'NONE', *, *, #3047, .F. ) ;
#1503 = CYLINDRICAL_SURFACE ( 'NONE', #251, 2.999999999999995559 ) ;
#1504 = EDGE_CURVE ( 'NONE', #2574, #459, #1314, .T. ) ;
#1505 = SURFACE_SIDE_STYLE ('',( #426 ) ) ;
#1506 = CIRCLE ( 'NONE', #1806, 2.500000000000002220 ) ;
#1507 = CARTESIAN_POINT ( 'NONE',  ( 0.0000000000000000000, -0.4999999999999995559, 160.7499999999998863 ) ) ;
#1508 = DIRECTION ( 'NONE',  ( -0.0000000000000000000, -1.000000000000000000, -0.0000000000000000000 ) ) ;
#1509 = MECHANICAL_DESIGN_GEOMETRIC_PRESENTATION_REPRESENTATION (  '', ( #950 ), #716 ) ;
#1510 = CARTESIAN_POINT ( 'NONE',  ( -33.50000000000000000, 6.000000000000000888, -102.5000000000000853 ) ) ;
#1511 = CARTESIAN_POINT ( 'NONE',  ( -18.25000000000000355, -6.000000000000000000, 315.8999999999999204 ) ) ;
#1512 = CARTESIAN_POINT ( 'NONE',  ( 33.50000000000000000, 6.000000000000000888, 312.4999999999998863 ) ) ;
#1513 = AXIS2_PLACEMENT_3D ( 'NONE', #1327, #3062, #569 ) ;
#1514 = DIRECTION ( 'NONE',  ( -0.0000000000000000000, -1.000000000000000000, -0.0000000000000000000 ) ) ;
#1515 = CARTESIAN_POINT ( 'NONE',  ( 33.50000000000000000, 6.000000000000000888, -105.9000000000000767 ) ) ;
#1516 = EDGE_CURVE ( 'NONE', #2978, #2790, #654, .T. ) ;
#1517 = COLOUR_RGB ( '',0.8980392156862745390, 0.9176470588235293713, 0.9294117647058823817 ) ;
#1518 = VERTEX_POINT ( 'NONE', #2548 ) ;
#1519 = LINE ( 'NONE', #2885, #2973 ) ;
#1520 = LINE ( 'NONE', #228, #2858 ) ;
#1521 = EDGE_CURVE ( 'NONE', #1772, #2167, #3144, .T. ) ;
#1522 = AXIS2_PLACEMENT_3D ( 'NONE', #2406, #3160, #1909 ) ;
#1523 = VERTEX_POINT ( 'NONE', #1989 ) ;
#1524 = VERTEX_POINT ( 'NONE', #3124 ) ;
#1525 = VERTEX_POINT ( 'NONE', #2073 ) ;
#1526 = AXIS2_PLACEMENT_3D ( 'NONE', #1141, #136, #187 ) ;
#1527 = DIRECTION ( 'NONE',  ( 0.0000000000000000000, 0.0000000000000000000, 1.000000000000000000 ) ) ;
#1528 = SURFACE_SIDE_STYLE ('',( #1249 ) ) ;
#1529 = VERTEX_POINT ( 'NONE', #2039 ) ;
#1530 = DIRECTION ( 'NONE',  ( 0.0000000000000000000, 0.0000000000000000000, -1.000000000000000000 ) ) ;
#1531 = CARTESIAN_POINT ( 'NONE',  ( -22.49999999999987210, 0.0000000000000000000, 347.4999999999999432 ) ) ;
#1532 = ORIENTED_EDGE ( 'NONE', *, *, #3150, .T. ) ;
#1533 = VECTOR ( 'NONE', #2373, 1000.000000000000000 ) ;
#1534 = CARTESIAN_POINT ( 'NONE',  ( 18.25000000000000355, 6.000000000000000000, -332.5000000000001137 ) ) ;
#1535 = EDGE_LOOP ( 'NONE', ( #391, #686, #714, #968 ) ) ;
#1536 = ADVANCED_FACE ( 'NONE', ( #20, #2672, #364, #2606, #442, #1805, #2640, #559, #1167, #763, #2001, #2512, #518, #1122, #3101, #965, #1976, #2486, #2569, #2210 ), #69, .F. ) ;
#1537 = EDGE_CURVE ( 'NONE', #2355, #762, #3117, .T. ) ;
#1538 = CARTESIAN_POINT ( 'NONE',  ( -18.25000000000000355, -6.000000000000000000, -102.5000000000000853 ) ) ;
#1539 = AXIS2_PLACEMENT_3D ( 'NONE', #2645, #561, #2301 ) ;
#1540 = VERTEX_POINT ( 'NONE', #308 ) ;
#1541 = DIRECTION ( 'NONE',  ( 0.0000000000000000000, -0.0000000000000000000, 1.000000000000000000 ) ) ;
#1542 = VECTOR ( 'NONE', #1206, 1000.000000000000000 ) ;
#1543 = COLOUR_RGB ( '',0.8980392156862745390, 0.9176470588235293713, 0.9294117647058823817 ) ;
#1544 = MECHANICAL_DESIGN_GEOMETRIC_PRESENTATION_REPRESENTATION (  '', ( #2751 ), #3178 ) ;
#1545 = AXIS2_PLACEMENT_3D ( 'NONE', #2603, #643, #1107 ) ;
#1546 = ADVANCED_FACE ( 'NONE', ( #3079 ), #627, .F. ) ;
#1547 = ORIENTED_EDGE ( 'NONE', *, *, #423, .T. ) ;
#1548 = FACE_OUTER_BOUND ( 'NONE', #740, .T. ) ;
#1549 = CARTESIAN_POINT ( 'NONE',  ( -62.00000000000003553, 0.0000000000000000000, 322.4999999999998863 ) ) ;
#1550 = LINE ( 'NONE', #318, #223 ) ;
#1551 = CYLINDRICAL_SURFACE ( 'NONE', #1065, 3.250000000000007994 ) ;
#1552 = DIRECTION ( 'NONE',  ( -0.0000000000000000000, -1.000000000000000000, -0.0000000000000000000 ) ) ;
#1553 = EDGE_CURVE ( 'NONE', #817, #240, #2336, .T. ) ;
#1554 = PRESENTATION_STYLE_ASSIGNMENT (( #1842 ) ) ;
#1555 = CARTESIAN_POINT ( 'NONE',  ( 59.99999999999997868, -6.000000000000000000, -347.5000000000000568 ) ) ;
#1556 = UNCERTAINTY_MEASURE_WITH_UNIT (LENGTH_MEASURE( 1.000000000000000082E-05 ), #3072, 'distance_accuracy_value', 'NONE');
#1557 = MECHANICAL_DESIGN_GEOMETRIC_PRESENTATION_REPRESENTATION (  '', ( #1239 ), #670 ) ;
#1558 = ORIENTED_EDGE ( 'NONE', *, *, #2052, .F. ) ;
#1559 = CIRCLE ( 'NONE', #3000, 6.000000000000005329 ) ;
#1560 = CONICAL_SURFACE ( 'NONE', #1132, 2.499999999999995115, 1.029744258676656754 ) ;
#1561 = LINE ( 'NONE', #3066, #2856 ) ;
#1562 = ORIENTED_EDGE ( 'NONE', *, *, #3132, .T. ) ;
#1563 = DIRECTION ( 'NONE',  ( -0.0000000000000000000, -0.0000000000000000000, 1.000000000000000000 ) ) ;
#1564 = SURFACE_SIDE_STYLE ('',( #100 ) ) ;
#1565 = AXIS2_PLACEMENT_3D ( 'NONE', #663, #934, #3154 ) ;
#1566 = ORIENTED_EDGE ( 'NONE', *, *, #1910, .F. ) ;
#1567 = ADVANCED_FACE ( 'NONE', ( #1137 ), #375, .F. ) ;
#1568 = PRODUCT_DEFINITION_SHAPE ( 'NONE', 'NONE',  #1922 ) ;
#1569 = PRESENTATION_LAYER_ASSIGNMENT (  '', '', ( #562 ) ) ;
#1570 = CARTESIAN_POINT ( 'NONE',  ( 59.50000000000003553, 3.061616997868377225E-16, 347.4999999999999432 ) ) ;
#1571 = CARTESIAN_POINT ( 'NONE',  ( -1.916931841079407364E-14, 6.000000000000000000, 157.4999999999998863 ) ) ;
#1572 = ORIENTED_EDGE ( 'NONE', *, *, #1757, .F. ) ;
#1573 = ORIENTED_EDGE ( 'NONE', *, *, #402, .F. ) ;
#1574 = SURFACE_STYLE_FILL_AREA ( #2093 ) ;
#1575 = DIRECTION ( 'NONE',  ( 0.0000000000000000000, 0.0000000000000000000, 1.000000000000000000 ) ) ;
#1576 = EDGE_CURVE ( 'NONE', #2954, #1164, #730, .T. ) ;
#1577 =( NAMED_UNIT ( * ) PLANE_ANGLE_UNIT ( ) SI_UNIT ( $, .RADIAN. ) );
#1578 = CARTESIAN_POINT ( 'NONE',  ( 59.99999999999997868, 6.000000000000000000, -337.5000000000000000 ) ) ;
#1579 = ORIENTED_EDGE ( 'NONE', *, *, #1724, .F. ) ;
#1580 =( LENGTH_UNIT ( ) NAMED_UNIT ( * ) SI_UNIT ( .MILLI., .METRE. ) );
#1581 = DIRECTION ( 'NONE',  ( 0.0000000000000000000, 1.000000000000000000, 0.0000000000000000000 ) ) ;
#1582 = EDGE_CURVE ( 'NONE', #1881, #2498, #333, .T. ) ;
#1583 = ORIENTED_EDGE ( 'NONE', *, *, #1504, .T. ) ;
#1584 = DIRECTION ( 'NONE',  ( -0.0000000000000000000, -1.000000000000000000, -0.0000000000000000000 ) ) ;
#1585 = DIRECTION ( 'NONE',  ( 0.0000000000000000000, 1.000000000000000000, 0.0000000000000000000 ) ) ;
#1586 = DIRECTION ( 'NONE',  ( 0.0000000000000000000, 0.0000000000000000000, 1.000000000000000000 ) ) ;
#1587 = ADVANCED_FACE ( 'NONE', ( #2059 ), #1640, .F. ) ;
#1588 = AXIS2_PLACEMENT_3D ( 'NONE', #1690, #1851, #3151 ) ;
#1589 = CIRCLE ( 'NONE', #2428, 2.499999999999998668 ) ;
#1590 = DIRECTION ( 'NONE',  ( -0.0000000000000000000, -0.0000000000000000000, 1.000000000000000000 ) ) ;
#1591 = SURFACE_STYLE_FILL_AREA ( #222 ) ;
#1592 =( LENGTH_UNIT ( ) NAMED_UNIT ( * ) SI_UNIT ( .MILLI., .METRE. ) );
#1593 = DIRECTION ( 'NONE',  ( 0.0000000000000000000, 0.0000000000000000000, 1.000000000000000000 ) ) ;
#1594 = DIRECTION ( 'NONE',  ( 0.0000000000000000000, -0.0000000000000000000, 1.000000000000000000 ) ) ;
#1595 = FACE_OUTER_BOUND ( 'NONE', #607, .T. ) ;
#1596 =( NAMED_UNIT ( * ) SI_UNIT ( $, .STERADIAN. ) SOLID_ANGLE_UNIT ( ) );
#1597 =( GEOMETRIC_REPRESENTATION_CONTEXT ( 3 ) GLOBAL_UNCERTAINTY_ASSIGNED_CONTEXT ( ( #49 ) ) GLOBAL_UNIT_ASSIGNED_CONTEXT ( ( #1801, #1316, #2860 ) ) REPRESENTATION_CONTEXT ( 'NONE', 'WORKASPACE' ) );
#1598 = LINE ( 'NONE', #1436, #2966 ) ;
#1599 = LINE ( 'NONE', #2690, #1411 ) ;
#1600 = CARTESIAN_POINT ( 'NONE',  ( 33.50000000000000000, -6.000000000000000000, -105.9000000000000909 ) ) ;
#1601 = ORIENTED_EDGE ( 'NONE', *, *, #3029, .F. ) ;
#1602 = AXIS2_PLACEMENT_3D ( 'NONE', #2098, #602, #2873 ) ;
#1603 = LINE ( 'NONE', #1403, #1982 ) ;
#1604 = COLOUR_RGB ( '',0.8980392156862745390, 0.9176470588235293713, 0.9294117647058823817 ) ;
#1605 = FILL_AREA_STYLE ('',( #86 ) ) ;
#1606 = DIRECTION ( 'NONE',  ( 0.0000000000000000000, 1.000000000000000000, 0.0000000000000000000 ) ) ;
#1607 = CARTESIAN_POINT ( 'NONE',  ( 69.99999999999998579, 6.000000000000000000, -337.5000000000000000 ) ) ;
#1608 = ORIENTED_EDGE ( 'NONE', *, *, #1360, .T. ) ;
#1609 = CIRCLE ( 'NONE', #697, 3.399999999999958611 ) ;
#1610 = EDGE_CURVE ( 'NONE', #1524, #657, #1217, .T. ) ;
#1611 = ADVANCED_FACE ( 'NONE', ( #2383 ), #1321, .F. ) ;
#1612 = EDGE_LOOP ( 'NONE', ( #2712, #1760, #1813, #1647 ) ) ;
#1613 = CIRCLE ( 'NONE', #3098, 2.999999999999995559 ) ;
#1614 = CARTESIAN_POINT ( 'NONE',  ( 18.25000000000000355, -6.000000000000000000, -332.5000000000001137 ) ) ;
#1615 = AXIS2_PLACEMENT_3D ( 'NONE', #688, #2164, #3236 ) ;
#1616 = CARTESIAN_POINT ( 'NONE',  ( 33.50000000000000000, -6.000000000000000000, 315.8999999999999204 ) ) ;
#1617 = CIRCLE ( 'NONE', #1110, 3.249999999999975131 ) ;
#1618 = DIRECTION ( 'NONE',  ( 0.0000000000000000000, 0.0000000000000000000, 1.000000000000000000 ) ) ;
#1619 = EDGE_LOOP ( 'NONE', ( #1297, #1870 ) ) ;
#1620 = AXIS2_PLACEMENT_3D ( 'NONE', #3063, #571, #2324 ) ;
#1621 = CARTESIAN_POINT ( 'NONE',  ( -41.00000000000003553, 6.000000000000000000, 197.4999999999999147 ) ) ;
#1622 = DIRECTION ( 'NONE',  ( 0.0000000000000000000, 0.0000000000000000000, 1.000000000000000000 ) ) ;
#1623 = SURFACE_SIDE_STYLE ('',( #2797 ) ) ;
#1624 = EDGE_LOOP ( 'NONE', ( #737, #751, #1625, #2488 ) ) ;
#1625 = ORIENTED_EDGE ( 'NONE', *, *, #2313, .T. ) ;
#1626 = CARTESIAN_POINT ( 'NONE',  ( -62.00000000000003553, 0.0000000000000000000, 347.4999999999999432 ) ) ;
#1627 = DIRECTION ( 'NONE',  ( 1.000000000000000000, 0.0000000000000000000, 0.0000000000000000000 ) ) ;
#1628 = EDGE_CURVE ( 'NONE', #1059, #623, #1007, .T. ) ;
#1629 = DIRECTION ( 'NONE',  ( -0.0000000000000000000, 1.000000000000000000, -0.0000000000000000000 ) ) ;
#1630 = STYLED_ITEM ( 'NONE', ( #2533 ), #72 ) ;
#1631 = ORIENTED_EDGE ( 'NONE', *, *, #1582, .F. ) ;
#1632 = DIRECTION ( 'NONE',  ( -1.000000000000000000, 0.0000000000000000000, -0.0000000000000000000 ) ) ;
#1633 = DIRECTION ( 'NONE',  ( -0.0000000000000000000, 1.000000000000000000, -0.0000000000000000000 ) ) ;
#1634 = LINE ( 'NONE', #2970, #3208 ) ;
#1635 = ORIENTED_EDGE ( 'NONE', *, *, #3089, .T. ) ;
#1636 = FACE_OUTER_BOUND ( 'NONE', #1876, .T. ) ;
#1637 =( GEOMETRIC_REPRESENTATION_CONTEXT ( 3 ) GLOBAL_UNCERTAINTY_ASSIGNED_CONTEXT ( ( #736 ) ) GLOBAL_UNIT_ASSIGNED_CONTEXT ( ( #2124, #1145, #1417 ) ) REPRESENTATION_CONTEXT ( 'NONE', 'WORKASPACE' ) );
#1638 = DIRECTION ( 'NONE',  ( 0.0000000000000000000, 0.0000000000000000000, 1.000000000000000000 ) ) ;
#1639 = COLOUR_RGB ( '',0.8980392156862745390, 0.9176470588235293713, 0.9294117647058823817 ) ;
#1640 = CONICAL_SURFACE ( 'NONE', #1565, 2.499999999999995115, 1.029744258676656754 ) ;
#1641 = STYLED_ITEM ( 'NONE', ( #2175 ), #3093 ) ;
#1642 = LINE ( 'NONE', #2389, #1781 ) ;
#1643 = CIRCLE ( 'NONE', #320, 2.099999999999990763 ) ;
#1644 = CIRCLE ( 'NONE', #409, 2.499999999999995115 ) ;
#1645 = FACE_BOUND ( 'NONE', #276, .T. ) ;
#1646 = CIRCLE ( 'NONE', #629, 3.399999999999958611 ) ;
#1647 = ORIENTED_EDGE ( 'NONE', *, *, #2403, .T. ) ;
#1648 = CARTESIAN_POINT ( 'NONE',  ( 24.99999999999986855, 0.0000000000000000000, 347.4999999999999432 ) ) ;
#1649 = EDGE_CURVE ( 'NONE', #2030, #1318, #2752, .T. ) ;
#1650 = CIRCLE ( 'NONE', #3018, 3.399999999999958611 ) ;
#1651 = CARTESIAN_POINT ( 'NONE',  ( 41.00000000000003553, -6.000000000000000888, 195.3999999999999488 ) ) ;
#1652 =( GEOMETRIC_REPRESENTATION_CONTEXT ( 3 ) GLOBAL_UNCERTAINTY_ASSIGNED_CONTEXT ( ( #1156 ) ) GLOBAL_UNIT_ASSIGNED_CONTEXT ( ( #2357, #311, #555 ) ) REPRESENTATION_CONTEXT ( 'NONE', 'WORKASPACE' ) );
#1653 = AXIS2_PLACEMENT_3D ( 'NONE', #567, #2310, #819 ) ;
#1654 = DIRECTION ( 'NONE',  ( 0.0000000000000000000, 0.0000000000000000000, 1.000000000000000000 ) ) ;
#1655 = ORIENTED_EDGE ( 'NONE', *, *, #913, .F. ) ;
#1656 = ORIENTED_EDGE ( 'NONE', *, *, #463, .F. ) ;
#1657 = DIRECTION ( 'NONE',  ( 1.000000000000000000, 0.0000000000000000000, 0.0000000000000000000 ) ) ;
#1658 = DIRECTION ( 'NONE',  ( -0.0000000000000000000, -0.0000000000000000000, 1.000000000000000000 ) ) ;
#1659 = DIRECTION ( 'NONE',  ( 0.0000000000000000000, 0.0000000000000000000, 1.000000000000000000 ) ) ;
#1660 = ORIENTED_EDGE ( 'NONE', *, *, #1216, .T. ) ;
#1661 = UNCERTAINTY_MEASURE_WITH_UNIT (LENGTH_MEASURE( 1.000000000000000082E-05 ), #2903, 'distance_accuracy_value', 'NONE');
#1662 = CARTESIAN_POINT ( 'NONE',  ( 69.99999999999998579, 6.000000000000000000, -347.5000000000000568 ) ) ;
#1663 = EDGE_CURVE ( 'NONE', #2524, #240, #2558, .T. ) ;
#1664 = ORIENTED_EDGE ( 'NONE', *, *, #1468, .T. ) ;
#1665 = DIRECTION ( 'NONE',  ( -0.0000000000000000000, -0.0000000000000000000, 1.000000000000000000 ) ) ;
#1666 = CIRCLE ( 'NONE', #1602, 3.399999999999958611 ) ;
#1667 = EDGE_CURVE ( 'NONE', #648, #3163, #217, .T. ) ;
#1668 = AXIS2_PLACEMENT_3D ( 'NONE', #2710, #1501, #2241 ) ;
#1669 = CIRCLE ( 'NONE', #394, 2.099999999999990763 ) ;
#1670 =( NAMED_UNIT ( * ) PLANE_ANGLE_UNIT ( ) SI_UNIT ( $, .RADIAN. ) );
#1671 = ORIENTED_EDGE ( 'NONE', *, *, #2991, .T. ) ;
#1672 = DIRECTION ( 'NONE',  ( -0.0000000000000000000, -0.0000000000000000000, 1.000000000000000000 ) ) ;
#1673 = CARTESIAN_POINT ( 'NONE',  ( 64.50000000000002842, 0.0000000000000000000, 322.4999999999998863 ) ) ;
#1674 = FACE_OUTER_BOUND ( 'NONE', #1288, .T. ) ;
#1675 = CARTESIAN_POINT ( 'NONE',  ( 18.25000000000000355, 6.000000000000000888, -329.1000000000001933 ) ) ;
#1676 =( NAMED_UNIT ( * ) SI_UNIT ( $, .STERADIAN. ) SOLID_ANGLE_UNIT ( ) );
#1677 = CARTESIAN_POINT ( 'NONE',  ( -1.916931841079407364E-14, -0.4999999999999995559, 157.4999999999998863 ) ) ;
#1678 =( GEOMETRIC_REPRESENTATION_CONTEXT ( 3 ) GLOBAL_UNCERTAINTY_ASSIGNED_CONTEXT ( ( #1193 ) ) GLOBAL_UNIT_ASSIGNED_CONTEXT ( ( #1795, #2551, #310 ) ) REPRESENTATION_CONTEXT ( 'NONE', 'WORKASPACE' ) );
#1679 = DIRECTION ( 'NONE',  ( -0.0000000000000000000, -0.0000000000000000000, 1.000000000000000000 ) ) ;
#1680 = PRESENTATION_STYLE_ASSIGNMENT (( #1313 ) ) ;
#1681 = DIRECTION ( 'NONE',  ( -0.0000000000000000000, 1.000000000000000000, -0.0000000000000000000 ) ) ;
#1682 = ORIENTED_EDGE ( 'NONE', *, *, #1500, .T. ) ;
#1683 = ORIENTED_EDGE ( 'NONE', *, *, #2313, .F. ) ;
#1684 = LINE ( 'NONE', #3149, #2276 ) ;
#1685 = EDGE_CURVE ( 'NONE', #388, #1998, #56, .T. ) ;
#1686 = ORIENTED_EDGE ( 'NONE', *, *, #1971, .F. ) ;
#1687 = CYLINDRICAL_SURFACE ( 'NONE', #1837, 3.400000000000014122 ) ;
#1688 = EDGE_CURVE ( 'NONE', #2945, #2622, #1589, .T. ) ;
#1689 = ORIENTED_EDGE ( 'NONE', *, *, #876, .F. ) ;
#1690 = CARTESIAN_POINT ( 'NONE',  ( -46.99999999999995026, 0.0000000000000000000, 347.4999999999999432 ) ) ;
#1691 = FACE_OUTER_BOUND ( 'NONE', #2341, .T. ) ;
#1692 = ORIENTED_EDGE ( 'NONE', *, *, #2649, .F. ) ;
#1693 = PRESENTATION_LAYER_ASSIGNMENT (  '', '', ( #1241 ) ) ;
#1694 = EDGE_LOOP ( 'NONE', ( #1763, #1718, #3125, #2882 ) ) ;
#1695 = EDGE_LOOP ( 'NONE', ( #992, #1831, #521, #104 ) ) ;
#1696 = STYLED_ITEM ( 'NONE', ( #634 ), #2181 ) ;
#1697 = LINE ( 'NONE', #2136, #2278 ) ;
#1698 = ORIENTED_EDGE ( 'NONE', *, *, #814, .T. ) ;
#1699 =( LENGTH_UNIT ( ) NAMED_UNIT ( * ) SI_UNIT ( .MILLI., .METRE. ) );
#1700 = FILL_AREA_STYLE ('',( #3107 ) ) ;
#1701 =( LENGTH_UNIT ( ) NAMED_UNIT ( * ) SI_UNIT ( .MILLI., .METRE. ) );
#1702 = FACE_OUTER_BOUND ( 'NONE', #2036, .T. ) ;
#1703 = LINE ( 'NONE', #1716, #3147 ) ;
#1704 = CARTESIAN_POINT ( 'NONE',  ( 18.25000000000000355, 6.000000000000000888, -332.5000000000001137 ) ) ;
#1705 = EDGE_CURVE ( 'NONE', #1998, #388, #327, .T. ) ;
#1706 = ADVANCED_FACE ( 'NONE', ( #1928 ), #520, .F. ) ;
#1707 = CYLINDRICAL_SURFACE ( 'NONE', #799, 3.400000000000014122 ) ;
#1708 = FACE_OUTER_BOUND ( 'NONE', #1306, .T. ) ;
#1709 = AXIS2_PLACEMENT_3D ( 'NONE', #3216, #2707, #2229 ) ;
#1710 =( NAMED_UNIT ( * ) PLANE_ANGLE_UNIT ( ) SI_UNIT ( $, .RADIAN. ) );
#1711 = EDGE_LOOP ( 'NONE', ( #1850, #743, #2851, #2609 ) ) ;
#1712 = CARTESIAN_POINT ( 'NONE',  ( 41.00000000000003553, -6.000000000000000000, 197.4999999999999147 ) ) ;
#1713 = CIRCLE ( 'NONE', #2132, 10.00000000000000888 ) ;
#1714 = DIRECTION ( 'NONE',  ( -0.0000000000000000000, 1.000000000000000000, -0.0000000000000000000 ) ) ;
#1715 = AXIS2_PLACEMENT_3D ( 'NONE', #2605, #1089, #2055 ) ;
#1716 = CARTESIAN_POINT ( 'NONE',  ( -49.99999999999995026, 3.673940397442054445E-16, 337.4999999999998863 ) ) ;
#1717 = FACE_BOUND ( 'NONE', #1357, .T. ) ;
#1718 = ORIENTED_EDGE ( 'NONE', *, *, #1174, .F. ) ;
#1719 = LINE ( 'NONE', #594, #3203 ) ;
#1720 = AXIS2_PLACEMENT_3D ( 'NONE', #2141, #162, #677 ) ;
#1721 =( LENGTH_UNIT ( ) NAMED_UNIT ( * ) SI_UNIT ( .MILLI., .METRE. ) );
#1722 = ORIENTED_EDGE ( 'NONE', *, *, #2591, .F. ) ;
#1723 =( LENGTH_UNIT ( ) NAMED_UNIT ( * ) SI_UNIT ( .MILLI., .METRE. ) );
#1724 = EDGE_CURVE ( 'NONE', #1881, #1772, #181, .T. ) ;
#1725 = DIRECTION ( 'NONE',  ( 0.0000000000000000000, 0.0000000000000000000, 1.000000000000000000 ) ) ;
#1726 = CARTESIAN_POINT ( 'NONE',  ( -3.760384874209973640E-14, 6.000000000000000000, -8.500000000000115463 ) ) ;
#1727 = ORIENTED_EDGE ( 'NONE', *, *, #1060, .T. ) ;
#1728 = CARTESIAN_POINT ( 'NONE',  ( -33.50000000000000000, 6.000000000000000888, 315.8999999999998636 ) ) ;
#1729 = ORIENTED_EDGE ( 'NONE', *, *, #1315, .T. ) ;
#1730 = SURFACE_SIDE_STYLE ('',( #1052 ) ) ;
#1731 = SURFACE_STYLE_FILL_AREA ( #399 ) ;
#1732 = AXIS2_PLACEMENT_3D ( 'NONE', #2763, #1276, #1260 ) ;
#1733 = FILL_AREA_STYLE_COLOUR ( '', #117 ) ;
#1734 = CARTESIAN_POINT ( 'NONE',  ( 69.99999999999998579, 6.000000000000000000, -347.5000000000000568 ) ) ;
#1735 = AXIS2_PLACEMENT_3D ( 'NONE', #286, #2760, #2246 ) ;
#1736 = PRESENTATION_STYLE_ASSIGNMENT (( #480 ) ) ;
#1737 = ORIENTED_EDGE ( 'NONE', *, *, #1886, .F. ) ;
#1738 = VECTOR ( 'NONE', #1839, 1000.000000000000000 ) ;
#1739 = EDGE_CURVE ( 'NONE', #2498, #1881, #2201, .T. ) ;
#1740 = CYLINDRICAL_SURFACE ( 'NONE', #1472, 3.399999999999986144 ) ;
#1741 = EDGE_CURVE ( 'NONE', #1103, #817, #1703, .T. ) ;
#1742 = VECTOR ( 'NONE', #1178, 1000.000000000000000 ) ;
#1743 = AXIS2_PLACEMENT_3D ( 'NONE', #2717, #1240, #476 ) ;
#1744 =( NAMED_UNIT ( * ) SI_UNIT ( $, .STERADIAN. ) SOLID_ANGLE_UNIT ( ) );
#1745 = FACE_OUTER_BOUND ( 'NONE', #2823, .T. ) ;
#1746 = MECHANICAL_DESIGN_GEOMETRIC_PRESENTATION_REPRESENTATION (  '', ( #3054 ), #1597 ) ;
#1747 = SURFACE_SIDE_STYLE ('',( #809 ) ) ;
#1748 = DIRECTION ( 'NONE',  ( 0.0000000000000000000, 0.0000000000000000000, 1.000000000000000000 ) ) ;
#1749 = VERTEX_POINT ( 'NONE', #1924 ) ;
#1750 = CARTESIAN_POINT ( 'NONE',  ( 59.50000000000003553, 3.061616997868377225E-16, 347.4999999999999432 ) ) ;
#1751 = FILL_AREA_STYLE ('',( #532 ) ) ;
#1752 = STYLED_ITEM ( 'NONE', ( #2714 ), #847 ) ;
#1753 = SURFACE_STYLE_FILL_AREA ( #2708 ) ;
#1754 = CARTESIAN_POINT ( 'NONE',  ( 33.50000000000000000, 6.000000000000000000, 312.4999999999998863 ) ) ;
#1755 = DIRECTION ( 'NONE',  ( 0.0000000000000000000, 0.0000000000000000000, 1.000000000000000000 ) ) ;
#1756 = DIRECTION ( 'NONE',  ( -0.0000000000000000000, 1.000000000000000000, -0.0000000000000000000 ) ) ;
#1757 = EDGE_CURVE ( 'NONE', #621, #2118, #656, .T. ) ;
#1758 = VERTEX_POINT ( 'NONE', #1933 ) ;
#1759 = AXIS2_PLACEMENT_3D ( 'NONE', #172, #419, #2168 ) ;
#1760 = ORIENTED_EDGE ( 'NONE', *, *, #624, .F. ) ;
#1761 = CARTESIAN_POINT ( 'NONE',  ( 24.99999999999986855, 0.0000000000000000000, 347.4999999999999432 ) ) ;
#1762 = ORIENTED_EDGE ( 'NONE', *, *, #1868, .F. ) ;
#1763 = ORIENTED_EDGE ( 'NONE', *, *, #792, .F. ) ;
#1764 =( GEOMETRIC_REPRESENTATION_CONTEXT ( 3 ) GLOBAL_UNCERTAINTY_ASSIGNED_CONTEXT ( ( #1233 ) ) GLOBAL_UNIT_ASSIGNED_CONTEXT ( ( #550, #299, #1774 ) ) REPRESENTATION_CONTEXT ( 'NONE', 'WORKASPACE' ) );
#1765 = VECTOR ( 'NONE', #593, 1000.000000000000000 ) ;
#1766 = DIRECTION ( 'NONE',  ( 0.0000000000000000000, 1.000000000000000000, 0.0000000000000000000 ) ) ;
#1767 = CARTESIAN_POINT ( 'NONE',  ( 0.0000000000000000000, -6.000000000000000000, -319.2500000000001705 ) ) ;
#1768 = CIRCLE ( 'NONE', #224, 3.400000000000014122 ) ;
#1769 = ADVANCED_FACE ( 'NONE', ( #2792 ), #369, .F. ) ;
#1770 = CIRCLE ( 'NONE', #2801, 3.249999999999975131 ) ;
#1771 = ORIENTED_EDGE ( 'NONE', *, *, #3150, .F. ) ;
#1772 = VERTEX_POINT ( 'NONE', #3020 ) ;
#1773 = CARTESIAN_POINT ( 'NONE',  ( 18.25000000000000355, -6.000000000000000000, 309.0999999999998522 ) ) ;
#1774 =( NAMED_UNIT ( * ) SI_UNIT ( $, .STERADIAN. ) SOLID_ANGLE_UNIT ( ) );
#1775 = FACE_OUTER_BOUND ( 'NONE', #1950, .T. ) ;
#1776 = CARTESIAN_POINT ( 'NONE',  ( -33.50000000000000000, 6.000000000000000888, -332.5000000000001137 ) ) ;
#1777 = DIRECTION ( 'NONE',  ( -0.0000000000000000000, 1.000000000000000000, -0.0000000000000000000 ) ) ;
#1778 = CYLINDRICAL_SURFACE ( 'NONE', #1615, 3.250000000000002665 ) ;
#1779 = VECTOR ( 'NONE', #3022, 1000.000000000000000 ) ;
#1780 = EDGE_LOOP ( 'NONE', ( #1270, #1142, #85, #2916 ) ) ;
#1781 = VECTOR ( 'NONE', #914, 1000.000000000000000 ) ;
#1782 = MECHANICAL_DESIGN_GEOMETRIC_PRESENTATION_REPRESENTATION (  '', ( #1630 ), #2290 ) ;
#1783 = DIRECTION ( 'NONE',  ( -0.0000000000000000000, -1.000000000000000000, -0.0000000000000000000 ) ) ;
#1784 = EDGE_LOOP ( 'NONE', ( #1919, #2219, #2170, #1215 ) ) ;
#1785 = MECHANICAL_DESIGN_GEOMETRIC_PRESENTATION_REPRESENTATION (  '', ( #726 ), #273 ) ;
#1786 = DIRECTION ( 'NONE',  ( 0.0000000000000000000, 0.0000000000000000000, 1.000000000000000000 ) ) ;
#1787 = CARTESIAN_POINT ( 'NONE',  ( -18.25000000000000355, 6.000000000000000888, -332.5000000000001137 ) ) ;
#1788 = COLOUR_RGB ( '',0.8980392156862745390, 0.9176470588235293713, 0.9294117647058823817 ) ;
#1789 = ADVANCED_FACE ( 'NONE', ( #282 ), #1498, .F. ) ;
#1790 = EDGE_LOOP ( 'NONE', ( #2949, #2697, #2429, #788 ) ) ;
#1791 = ORIENTED_EDGE ( 'NONE', *, *, #2766, .T. ) ;
#1792 = CYLINDRICAL_SURFACE ( 'NONE', #2068, 3.400000000000014122 ) ;
#1793 = STYLED_ITEM ( 'NONE', ( #2205 ), #3104 ) ;
#1794 = ORIENTED_EDGE ( 'NONE', *, *, #1294, .T. ) ;
#1795 =( LENGTH_UNIT ( ) NAMED_UNIT ( * ) SI_UNIT ( .MILLI., .METRE. ) );
#1796 = ORIENTED_EDGE ( 'NONE', *, *, #479, .F. ) ;
#1797 = CIRCLE ( 'NONE', #202, 6.000000000000005329 ) ;
#1798 = VERTEX_POINT ( 'NONE', #1511 ) ;
#1799 = ORIENTED_EDGE ( 'NONE', *, *, #2471, .F. ) ;
#1800 = EDGE_CURVE ( 'NONE', #2563, #853, #952, .T. ) ;
#1801 =( LENGTH_UNIT ( ) NAMED_UNIT ( * ) SI_UNIT ( .MILLI., .METRE. ) );
#1802 = VERTEX_POINT ( 'NONE', #2539 ) ;
#1803 = SURFACE_SIDE_STYLE ('',( #1574 ) ) ;
#1804 = ADVANCED_FACE ( 'NONE', ( #789 ), #1687, .F. ) ;
#1805 = FACE_BOUND ( 'NONE', #2648, .T. ) ;
#1806 = AXIS2_PLACEMENT_3D ( 'NONE', #1626, #1658, #133 ) ;
#1807 = DIRECTION ( 'NONE',  ( 0.0000000000000000000, 0.0000000000000000000, -1.000000000000000000 ) ) ;
#1808 = ORIENTED_EDGE ( 'NONE', *, *, #3089, .F. ) ;
#1809 = DIRECTION ( 'NONE',  ( -0.0000000000000000000, 1.000000000000000000, -0.0000000000000000000 ) ) ;
#1810 = DIRECTION ( 'NONE',  ( -0.0000000000000000000, 1.000000000000000000, -0.0000000000000000000 ) ) ;
#1811 = PRESENTATION_LAYER_ASSIGNMENT (  '', '', ( #1204 ) ) ;
#1812 = FILL_AREA_STYLE ('',( #68 ) ) ;
#1813 = ORIENTED_EDGE ( 'NONE', *, *, #913, .T. ) ;
#1814 = ORIENTED_EDGE ( 'NONE', *, *, #107, .T. ) ;
#1815 = CIRCLE ( 'NONE', #264, 6.000000000000005329 ) ;
#1816 = CARTESIAN_POINT ( 'NONE',  ( 18.25000000000000355, 6.000000000000000888, -99.10000000000010800 ) ) ;
#1817 = DIRECTION ( 'NONE',  ( -0.0000000000000000000, -1.000000000000000000, -0.0000000000000000000 ) ) ;
#1818 = CIRCLE ( 'NONE', #898, 6.000000000000001776 ) ;
#1819 = DIRECTION ( 'NONE',  ( -0.0000000000000000000, 1.000000000000000000, -0.0000000000000000000 ) ) ;
#1820 = EDGE_CURVE ( 'NONE', #2115, #1318, #2907, .T. ) ;
#1821 = ADVANCED_FACE ( 'NONE', ( #1466 ), #10, .F. ) ;
#1822 = FACE_BOUND ( 'NONE', #1958, .T. ) ;
#1823 =( NAMED_UNIT ( * ) PLANE_ANGLE_UNIT ( ) SI_UNIT ( $, .RADIAN. ) );
#1824 = CARTESIAN_POINT ( 'NONE',  ( -70.00000000000002842, 6.000000000000000000, -347.5000000000000568 ) ) ;
#1825 = PRESENTATION_STYLE_ASSIGNMENT (( #160 ) ) ;
#1826 = CARTESIAN_POINT ( 'NONE',  ( 47.00000000000006395, 0.0000000000000000000, 347.4999999999999432 ) ) ;
#1827 = EDGE_LOOP ( 'NONE', ( #996, #413, #1364 ) ) ;
#1828 = CARTESIAN_POINT ( 'NONE',  ( 0.0000000000000000000, -6.000000000000000000, 317.4999999999998863 ) ) ;
#1829 = AXIS2_PLACEMENT_3D ( 'NONE', #2157, #2437, #929 ) ;
#1830 = CARTESIAN_POINT ( 'NONE',  ( -69.99999999999995737, 6.000000000000000000, 347.4999999999999432 ) ) ;
#1831 = ORIENTED_EDGE ( 'NONE', *, *, #1104, .T. ) ;
#1832 = DIRECTION ( 'NONE',  ( 1.000000000000000000, 0.0000000000000000000, 0.0000000000000000000 ) ) ;
#1833 = ORIENTED_EDGE ( 'NONE', *, *, #552, .T. ) ;
#1834 = CARTESIAN_POINT ( 'NONE',  ( 41.00000000000003553, -6.000000000000000888, 197.4999999999999147 ) ) ;
#1835 = ORIENTED_EDGE ( 'NONE', *, *, #397, .T. ) ;
#1836 = FACE_OUTER_BOUND ( 'NONE', #1943, .T. ) ;
#1837 = AXIS2_PLACEMENT_3D ( 'NONE', #1078, #580, #97 ) ;
#1838 = CARTESIAN_POINT ( 'NONE',  ( 27.49999999999986500, 0.0000000000000000000, 347.4999999999999432 ) ) ;
#1839 = DIRECTION ( 'NONE',  ( -0.0000000000000000000, 1.000000000000000000, -0.0000000000000000000 ) ) ;
#1840 = CARTESIAN_POINT ( 'NONE',  ( -33.50000000000000000, -6.000000000000000000, 315.8999999999999204 ) ) ;
#1841 = COLOUR_RGB ( '',0.8980392156862745390, 0.9176470588235293713, 0.9294117647058823817 ) ;
#1842 = SURFACE_STYLE_USAGE ( .BOTH. , #2643 ) ;
#1843 = STYLED_ITEM ( 'NONE', ( #221 ), #3056 ) ;
#1844 = DIRECTION ( 'NONE',  ( -0.0000000000000000000, 1.000000000000000000, -0.0000000000000000000 ) ) ;
#1845 = EDGE_LOOP ( 'NONE', ( #1423, #1573 ) ) ;
#1846 = ADVANCED_FACE ( 'NONE', ( #2987 ), #2358, .F. ) ;
#1847 = ORIENTED_EDGE ( 'NONE', *, *, #650, .T. ) ;
#1848 = EDGE_CURVE ( 'NONE', #2563, #1036, #2188, .T. ) ;
#1849 = DIRECTION ( 'NONE',  ( -0.0000000000000000000, 1.000000000000000000, -0.0000000000000000000 ) ) ;
#1850 = ORIENTED_EDGE ( 'NONE', *, *, #2495, .F. ) ;
#1851 = DIRECTION ( 'NONE',  ( -0.0000000000000000000, -0.0000000000000000000, 1.000000000000000000 ) ) ;
#1852 = EDGE_CURVE ( 'NONE', #456, #446, #2077, .T. ) ;
#1853 = DIRECTION ( 'NONE',  ( -0.0000000000000000000, 1.000000000000000000, -0.0000000000000000000 ) ) ;
#1854 = VERTEX_POINT ( 'NONE', #2937 ) ;
#1855 = AXIS2_PLACEMENT_3D ( 'NONE', #2767, #2538, #1051 ) ;
#1856 = FACE_OUTER_BOUND ( 'NONE', #2212, .T. ) ;
#1857 = DIRECTION ( 'NONE',  ( 0.0000000000000000000, 1.000000000000000000, 0.0000000000000000000 ) ) ;
#1858 = UNCERTAINTY_MEASURE_WITH_UNIT (LENGTH_MEASURE( 1.000000000000000082E-05 ), #2369, 'distance_accuracy_value', 'NONE');
#1859 = CARTESIAN_POINT ( 'NONE',  ( -70.00000000000002842, -6.000000000000000000, -337.5000000000000000 ) ) ;
#1860 = ADVANCED_FACE ( 'NONE', ( #2026 ), #2312, .F. ) ;
#1861 = AXIS2_PLACEMENT_3D ( 'NONE', #1512, #544, #1748 ) ;
#1862 = VERTEX_POINT ( 'NONE', #271 ) ;
#1863 = COLOUR_RGB ( '',0.8980392156862745390, 0.9176470588235293713, 0.9294117647058823817 ) ;
#1864 = ORIENTED_EDGE ( 'NONE', *, *, #2820, .F. ) ;
#1865 = CYLINDRICAL_SURFACE ( 'NONE', #482, 2.999999999999995559 ) ;
#1866 = COLOUR_RGB ( '',0.8980392156862745390, 0.9176470588235293713, 0.9294117647058823817 ) ;
#1867 = DIRECTION ( 'NONE',  ( -0.0000000000000000000, 1.000000000000000000, -0.0000000000000000000 ) ) ;
#1868 = EDGE_CURVE ( 'NONE', #644, #511, #912, .T. ) ;
#1869 = ORIENTED_EDGE ( 'NONE', *, *, #2953, .F. ) ;
#1870 = ORIENTED_EDGE ( 'NONE', *, *, #2087, .F. ) ;
#1871 =( NAMED_UNIT ( * ) PLANE_ANGLE_UNIT ( ) SI_UNIT ( $, .RADIAN. ) );
#1872 = ORIENTED_EDGE ( 'NONE', *, *, #2655, .F. ) ;
#1873 = LINE ( 'NONE', #2100, #1419 ) ;
#1874 = SURFACE_STYLE_USAGE ( .BOTH. , #3120 ) ;
#1875 = AXIS2_PLACEMENT_3D ( 'NONE', #2706, #3241, #795 ) ;
#1876 = EDGE_LOOP ( 'NONE', ( #612, #1978, #2174, #194 ) ) ;
#1877 =( NAMED_UNIT ( * ) PLANE_ANGLE_UNIT ( ) SI_UNIT ( $, .RADIAN. ) );
#1878 = PRESENTATION_LAYER_ASSIGNMENT (  '', '', ( #2960 ) ) ;
#1879 = ORIENTED_EDGE ( 'NONE', *, *, #2087, .T. ) ;
#1880 = DIRECTION ( 'NONE',  ( 1.000000000000000000, 0.0000000000000000000, 0.0000000000000000000 ) ) ;
#1881 = VERTEX_POINT ( 'NONE', #2002 ) ;
#1882 = DIRECTION ( 'NONE',  ( -0.0000000000000000000, -0.0000000000000000000, 1.000000000000000000 ) ) ;
#1883 = EDGE_LOOP ( 'NONE', ( #1656, #2250, #2866, #3099 ) ) ;
#1884 = PRESENTATION_STYLE_ASSIGNMENT (( #113 ) ) ;
#1885 = CARTESIAN_POINT ( 'NONE',  ( -18.25000000000000355, 6.000000000000000000, -329.1000000000001364 ) ) ;
#1886 = EDGE_CURVE ( 'NONE', #2614, #3013, #1650, .T. ) ;
#1887 = DIRECTION ( 'NONE',  ( 0.0000000000000000000, -1.000000000000000000, 0.0000000000000000000 ) ) ;
#1888 = CARTESIAN_POINT ( 'NONE',  ( -18.25000000000000355, 6.000000000000000000, -102.5000000000000853 ) ) ;
#1889 = DIRECTION ( 'NONE',  ( 1.000000000000000000, 0.0000000000000000000, 0.0000000000000000000 ) ) ;
#1890 = EDGE_CURVE ( 'NONE', #1469, #2444, #2155, .T. ) ;
#1891 = ORIENTED_EDGE ( 'NONE', *, *, #67, .F. ) ;
#1892 = DIRECTION ( 'NONE',  ( -0.0000000000000000000, -0.0000000000000000000, 1.000000000000000000 ) ) ;
#1893 = ORIENTED_EDGE ( 'NONE', *, *, #814, .F. ) ;
#1894 = CYLINDRICAL_SURFACE ( 'NONE', #2837, 2.099999999999990763 ) ;
#1895 =( GEOMETRIC_REPRESENTATION_CONTEXT ( 3 ) GLOBAL_UNCERTAINTY_ASSIGNED_CONTEXT ( ( #1282 ) ) GLOBAL_UNIT_ASSIGNED_CONTEXT ( ( #798, #775, #1744 ) ) REPRESENTATION_CONTEXT ( 'NONE', 'WORKASPACE' ) );
#1896 = UNCERTAINTY_MEASURE_WITH_UNIT (LENGTH_MEASURE( 1.000000000000000082E-05 ), #1592, 'distance_accuracy_value', 'NONE');
#1897 = ORIENTED_EDGE ( 'NONE', *, *, #1610, .F. ) ;
#1898 = DIRECTION ( 'NONE',  ( 0.0000000000000000000, 0.0000000000000000000, -1.000000000000000000 ) ) ;
#1899 = CARTESIAN_POINT ( 'NONE',  ( -46.99999999999995026, 0.0000000000000000000, 337.4999999999998863 ) ) ;
#1900 = AXIS2_PLACEMENT_3D ( 'NONE', #514, #253, #2245 ) ;
#1901 = CARTESIAN_POINT ( 'NONE',  ( 33.50000000000000000, 6.000000000000000000, -99.10000000000010800 ) ) ;
#1902 = ORIENTED_EDGE ( 'NONE', *, *, #67, .T. ) ;
#1903 = DIRECTION ( 'NONE',  ( 0.0000000000000000000, 0.0000000000000000000, 1.000000000000000000 ) ) ;
#1904 = ORIENTED_EDGE ( 'NONE', *, *, #2475, .F. ) ;
#1905 = EDGE_CURVE ( 'NONE', #2595, #657, #2398, .T. ) ;
#1906 = CARTESIAN_POINT ( 'NONE',  ( -7.667727364317629458E-14, -0.4999999999999995559, -322.5000000000001137 ) ) ;
#1907 = ORIENTED_EDGE ( 'NONE', *, *, #383, .T. ) ;
#1908 =( NAMED_UNIT ( * ) SI_UNIT ( $, .STERADIAN. ) SOLID_ANGLE_UNIT ( ) );
#1909 = DIRECTION ( 'NONE',  ( 0.0000000000000000000, 0.0000000000000000000, 1.000000000000000000 ) ) ;
#1910 = EDGE_CURVE ( 'NONE', #18, #1798, #1064, .T. ) ;
#1911 = VECTOR ( 'NONE', #2761, 1000.000000000000000 ) ;
#1912 = DIRECTION ( 'NONE',  ( -1.198082400674629553E-16, -0.0000000000000000000, -1.000000000000000000 ) ) ;
#1913 = PRESENTATION_STYLE_ASSIGNMENT (( #810 ) ) ;
#1914 = VERTEX_POINT ( 'NONE', #3157 ) ;
#1915 = DIRECTION ( 'NONE',  ( 1.000000000000000000, 0.0000000000000000000, 0.0000000000000000000 ) ) ;
#1916 = VERTEX_POINT ( 'NONE', #432 ) ;
#1917 = AXIS2_PLACEMENT_3D ( 'NONE', #2489, #115, #1627 ) ;
#1918 = FILL_AREA_STYLE_COLOUR ( '', #1447 ) ;
#1919 = ORIENTED_EDGE ( 'NONE', *, *, #1425, .F. ) ;
#1920 = PRESENTATION_LAYER_ASSIGNMENT (  '', '', ( #3054 ) ) ;
#1921 = ORIENTED_EDGE ( 'NONE', *, *, #2841, .T. ) ;
#1922 = PRODUCT_DEFINITION ( 'UNKNOWN', '', #993, #1050 ) ;
#1923 = ORIENTED_EDGE ( 'NONE', *, *, #833, .F. ) ;
#1924 = CARTESIAN_POINT ( 'NONE',  ( -18.25000000000000355, 6.000000000000000888, -329.1000000000001364 ) ) ;
#1925 = EDGE_CURVE ( 'NONE', #1985, #2270, #153, .T. ) ;
#1926 = ADVANCED_FACE ( 'NONE', ( #1836, #306 ), #727, .T. ) ;
#1927 = FILL_AREA_STYLE_COLOUR ( '', #2296 ) ;
#1928 = FACE_OUTER_BOUND ( 'NONE', #3005, .T. ) ;
#1929 = ORIENTED_EDGE ( 'NONE', *, *, #650, .F. ) ;
#1930 = AXIS2_PLACEMENT_3D ( 'NONE', #721, #977, #1334 ) ;
#1931 = COLOUR_RGB ( '',0.8980392156862745390, 0.9176470588235293713, 0.9294117647058823817 ) ;
#1932 = PRESENTATION_LAYER_ASSIGNMENT (  '', '', ( #2394 ) ) ;
#1933 = CARTESIAN_POINT ( 'NONE',  ( 41.00000000000003553, 6.000000000000000000, 199.5999999999999091 ) ) ;
#1934 = PRESENTATION_STYLE_ASSIGNMENT (( #1400 ) ) ;
#1935 = DIRECTION ( 'NONE',  ( -1.000000000000000000, 0.0000000000000000000, 1.198082400674629553E-16 ) ) ;
#1936 = ORIENTED_EDGE ( 'NONE', *, *, #2052, .T. ) ;
#1937 = CARTESIAN_POINT ( 'NONE',  ( 0.0000000000000000000, -6.000000000000000000, -2.500000000000113243 ) ) ;
#1938 = DIRECTION ( 'NONE',  ( 1.000000000000000000, 0.0000000000000000000, 0.0000000000000000000 ) ) ;
#1939 = CIRCLE ( 'NONE', #3200, 3.400000000000014122 ) ;
#1940 = VERTEX_POINT ( 'NONE', #524 ) ;
#1941 =( NAMED_UNIT ( * ) SI_UNIT ( $, .STERADIAN. ) SOLID_ANGLE_UNIT ( ) );
#1942 = CIRCLE ( 'NONE', #2502, 3.399999999999986144 ) ;
#1943 = EDGE_LOOP ( 'NONE', ( #1936, #3025 ) ) ;
#1944 =( NAMED_UNIT ( * ) PLANE_ANGLE_UNIT ( ) SI_UNIT ( $, .RADIAN. ) );
#1945 = CIRCLE ( 'NONE', #516, 2.999999999999988898 ) ;
#1946 = EDGE_CURVE ( 'NONE', #1055, #2994, #2982, .T. ) ;
#1947 = VERTEX_POINT ( 'NONE', #2240 ) ;
#1948 =( LENGTH_UNIT ( ) NAMED_UNIT ( * ) SI_UNIT ( .MILLI., .METRE. ) );
#1949 = DIRECTION ( 'NONE',  ( -0.0000000000000000000, -0.0000000000000000000, 1.000000000000000000 ) ) ;
#1950 = EDGE_LOOP ( 'NONE', ( #1045, #547, #345, #2924 ) ) ;
#1951 = AXIS2_PLACEMENT_3D ( 'NONE', #782, #2777, #1250 ) ;
#1952 = ORIENTED_EDGE ( 'NONE', *, *, #2442, .T. ) ;
#1953 = AXIS2_PLACEMENT_3D ( 'NONE', #1899, #2177, #2668 ) ;
#1954 = AXIS2_PLACEMENT_3D ( 'NONE', #1677, #1405, #2178 ) ;
#1955 = COLOUR_RGB ( '',0.8980392156862745390, 0.9176470588235293713, 0.9294117647058823817 ) ;
#1956 = CARTESIAN_POINT ( 'NONE',  ( 47.00000000000006395, 0.0000000000000000000, 347.4999999999999432 ) ) ;
#1957 = CARTESIAN_POINT ( 'NONE',  ( 18.25000000000000355, 6.000000000000000000, -99.10000000000010800 ) ) ;
#1958 = EDGE_LOOP ( 'NONE', ( #882, #3001 ) ) ;
#1959 = CARTESIAN_POINT ( 'NONE',  ( -24.99999999999986855, 0.0000000000000000000, 322.4999999999998863 ) ) ;
#1960 = VECTOR ( 'NONE', #494, 1000.000000000000000 ) ;
#1961 = SURFACE_SIDE_STYLE ('',( #2431 ) ) ;
#1962 = DIRECTION ( 'NONE',  ( 0.0000000000000000000, 0.0000000000000000000, 1.000000000000000000 ) ) ;
#1963 =( NAMED_UNIT ( * ) SI_UNIT ( $, .STERADIAN. ) SOLID_ANGLE_UNIT ( ) );
#1964 = FILL_AREA_STYLE_COLOUR ( '', #729 ) ;
#1965 = CONICAL_SURFACE ( 'NONE', #558, 2.499999999999995115, 1.029744258676656754 ) ;
#1966 = CARTESIAN_POINT ( 'NONE',  ( -24.99999999999986855, 0.0000000000000000000, 347.4999999999999432 ) ) ;
#1967 = ORIENTED_EDGE ( 'NONE', *, *, #270, .F. ) ;
#1968 = ORIENTED_EDGE ( 'NONE', *, *, #624, .T. ) ;
#1969 = CARTESIAN_POINT ( 'NONE',  ( -41.00000000000003553, -6.000000000000000000, 197.4999999999999147 ) ) ;
#1970 = FACE_OUTER_BOUND ( 'NONE', #2730, .T. ) ;
#1971 = EDGE_CURVE ( 'NONE', #1164, #2954, #2222, .T. ) ;
#1972 = CARTESIAN_POINT ( 'NONE',  ( -7.667727364317629458E-14, 6.000000000000000000, -322.5000000000001137 ) ) ;
#1973 = DIRECTION ( 'NONE',  ( -0.0000000000000000000, 1.000000000000000000, -0.0000000000000000000 ) ) ;
#1974 = LINE ( 'NONE', #462, #61 ) ;
#1975 = AXIS2_PLACEMENT_3D ( 'NONE', #109, #1384, #1113 ) ;
#1976 = FACE_BOUND ( 'NONE', #959, .T. ) ;
#1977 = CARTESIAN_POINT ( 'NONE',  ( -33.50000000000000000, -6.000000000000000000, -329.1000000000001364 ) ) ;
#1978 = ORIENTED_EDGE ( 'NONE', *, *, #2699, .F. ) ;
#1979 = AXIS2_PLACEMENT_3D ( 'NONE', #1379, #1171, #2629 ) ;
#1980 = DIRECTION ( 'NONE',  ( 0.0000000000000000000, 1.000000000000000000, 0.0000000000000000000 ) ) ;
#1981 = DIRECTION ( 'NONE',  ( 0.0000000000000000000, 1.000000000000000000, 0.0000000000000000000 ) ) ;
#1982 = VECTOR ( 'NONE', #2597, 1000.000000000000000 ) ;
#1983 = CARTESIAN_POINT ( 'NONE',  ( 33.50000000000000000, 6.000000000000000888, -329.1000000000001933 ) ) ;
#1984 = VECTOR ( 'NONE', #535, 1000.000000000000000 ) ;
#1985 = VERTEX_POINT ( 'NONE', #2742 ) ;
#1986 = ORIENTED_EDGE ( 'NONE', *, *, #684, .F. ) ;
#1987 = CARTESIAN_POINT ( 'NONE',  ( -18.25000000000000355, -6.000000000000000000, 312.4999999999998863 ) ) ;
#1988 = EDGE_CURVE ( 'NONE', #2022, #693, #2733, .T. ) ;
#1989 = CARTESIAN_POINT ( 'NONE',  ( 3.980102097228914009E-16, -0.4999999999999995559, 154.2499999999998863 ) ) ;
#1990 = EDGE_LOOP ( 'NONE', ( #301, #3145 ) ) ;
#1991 = ORIENTED_EDGE ( 'NONE', *, *, #3239, .T. ) ;
#1992 = UNCERTAINTY_MEASURE_WITH_UNIT (LENGTH_MEASURE( 1.000000000000000082E-05 ), #1439, 'distance_accuracy_value', 'NONE');
#1993 = DIRECTION ( 'NONE',  ( 1.000000000000000000, 0.0000000000000000000, 0.0000000000000000000 ) ) ;
#1994 = EDGE_CURVE ( 'NONE', #631, #1525, #346, .T. ) ;
#1995 = AXIS2_PLACEMENT_3D ( 'NONE', #1219, #2447, #406 ) ;
#1996 = CYLINDRICAL_SURFACE ( 'NONE', #2670, 2.499999999999995115 ) ;
#1997 = SURFACE_SIDE_STYLE ('',( #350 ) ) ;
#1998 = VERTEX_POINT ( 'NONE', #2702 ) ;
#1999 = SURFACE_STYLE_USAGE ( .BOTH. , #1747 ) ;
#2000 = STYLED_ITEM ( 'NONE', ( #2812 ), #2818 ) ;
#2001 = FACE_BOUND ( 'NONE', #2393, .T. ) ;
#2002 = CARTESIAN_POINT ( 'NONE',  ( 18.25000000000000355, -6.000000000000000000, 315.8999999999999204 ) ) ;
#2003 = EDGE_CURVE ( 'NONE', #680, #262, #1099, .T. ) ;
#2004 = DIRECTION ( 'NONE',  ( 1.000000000000000000, 0.0000000000000000000, 0.0000000000000000000 ) ) ;
#2005 = EDGE_CURVE ( 'NONE', #969, #3013, #674, .T. ) ;
#2006 = FACE_OUTER_BOUND ( 'NONE', #2637, .T. ) ;
#2007 = ORIENTED_EDGE ( 'NONE', *, *, #2665, .F. ) ;
#2008 = ORIENTED_EDGE ( 'NONE', *, *, #2634, .T. ) ;
#2009 = ORIENTED_EDGE ( 'NONE', *, *, #2634, .F. ) ;
#2010 = FILL_AREA_STYLE_COLOUR ( '', #37 ) ;
#2011 = FILL_AREA_STYLE_COLOUR ( '', #1931 ) ;
#2012 = AXIS2_PLACEMENT_3D ( 'NONE', #1648, #141, #1199 ) ;
#2013 = APPLICATION_PROTOCOL_DEFINITION ( 'draft international standard', 'automotive_design', 1998, #3006 ) ;
#2014 = CARTESIAN_POINT ( 'NONE',  ( -18.25000000000000355, -6.000000000000000000, 309.0999999999998522 ) ) ;
#2015 = CYLINDRICAL_SURFACE ( 'NONE', #22, 3.399999999999986144 ) ;
#2016 = CARTESIAN_POINT ( 'NONE',  ( 33.50000000000000000, -6.000000000000000000, 309.0999999999998522 ) ) ;
#2017 = ADVANCED_FACE ( 'NONE', ( #2151 ), #1792, .F. ) ;
#2018 = DIRECTION ( 'NONE',  ( 0.0000000000000000000, -0.0000000000000000000, 1.000000000000000000 ) ) ;
#2019 = AXIS2_PLACEMENT_3D ( 'NONE', #2635, #1777, #44 ) ;
#2020 = CARTESIAN_POINT ( 'NONE',  ( -33.50000000000000000, 6.000000000000000000, -332.5000000000001137 ) ) ;
#2021 = PRESENTATION_STYLE_ASSIGNMENT (( #1109 ) ) ;
#2022 = VERTEX_POINT ( 'NONE', #1428 ) ;
#2023 = CARTESIAN_POINT ( 'NONE',  ( -33.50000000000000000, 6.000000000000000888, -99.10000000000010800 ) ) ;
#2024 = CLOSED_SHELL ( 'NONE', ( #2032, #856, #1212, #438, #1335, #351, #2608, #105, #2590, #3192, #1860, #3031, #2545, #2017, #529, #587, #2078, #2095, #2181, #1587, #2818, #2363, #1046, #1789, #2322, #1769, #2855, #3104, #1345, #2056, #1846, #1546, #38, #2342, #2266, #1098, #2286, #1365, #265, #840, #1115, #161, #1536, #947, #553, #2875, #1277, #1611, #1821, #27, #332, #1804, #823, #2796, #964, #1706, #566, #2527, #2564, #802, #1458, #295, #2963, #2684, #3056, #1029, #1195, #72, #3093, #1567, #1080, #1296, #278, #873, #89, #3077, #2838, #1926, #2113, #610, #3045, #2424, #1311, #54, #317 ) ) ;
#2025 = CARTESIAN_POINT ( 'NONE',  ( 18.25000000000000355, 6.000000000000000888, 312.4999999999998863 ) ) ;
#2026 = FACE_OUTER_BOUND ( 'NONE', #1784, .T. ) ;
#2027 = DIRECTION ( 'NONE',  ( 0.0000000000000000000, 1.000000000000000000, 0.0000000000000000000 ) ) ;
#2028 = DIRECTION ( 'NONE',  ( 0.0000000000000000000, 0.0000000000000000000, 1.000000000000000000 ) ) ;
#2029 = LINE ( 'NONE', #2117, #2592 ) ;
#2030 = VERTEX_POINT ( 'NONE', #435 ) ;
#2031 = EDGE_CURVE ( 'NONE', #641, #1370, #2905, .T. ) ;
#2032 = ADVANCED_FACE ( 'NONE', ( #2499 ), #1299, .F. ) ;
#2033 = ORIENTED_EDGE ( 'NONE', *, *, #2655, .T. ) ;
#2034 = DIRECTION ( 'NONE',  ( -0.0000000000000000000, -1.000000000000000000, -0.0000000000000000000 ) ) ;
#2035 = DIRECTION ( 'NONE',  ( -0.0000000000000000000, 1.000000000000000000, -0.0000000000000000000 ) ) ;
#2036 = EDGE_LOOP ( 'NONE', ( #2195, #744, #2162 ) ) ;
#2037 = STYLED_ITEM ( 'NONE', ( #1424 ), #2017 ) ;
#2038 = CARTESIAN_POINT ( 'NONE',  ( 3.980102097228880482E-16, -6.000000000000000000, 314.2499999999998863 ) ) ;
#2039 = CARTESIAN_POINT ( 'NONE',  ( -1.843453033130565960E-14, -0.4999999999999995559, 151.4999999999998863 ) ) ;
#2040 =( NAMED_UNIT ( * ) PLANE_ANGLE_UNIT ( ) SI_UNIT ( $, .RADIAN. ) );
#2041 =( GEOMETRIC_REPRESENTATION_CONTEXT ( 3 ) GLOBAL_UNCERTAINTY_ASSIGNED_CONTEXT ( ( #1482 ) ) GLOBAL_UNIT_ASSIGNED_CONTEXT ( ( #431, #186, #2680 ) ) REPRESENTATION_CONTEXT ( 'NONE', 'WORKASPACE' ) );
#2042 = EDGE_LOOP ( 'NONE', ( #3166, #2476, #1459 ) ) ;
#2043 = CARTESIAN_POINT ( 'NONE',  ( 33.50000000000000000, 6.000000000000000000, 315.8999999999999204 ) ) ;
#2044 = COLOUR_RGB ( '',0.8980392156862745390, 0.9176470588235293713, 0.9294117647058823817 ) ;
#2045 = DIRECTION ( 'NONE',  ( 0.0000000000000000000, 0.0000000000000000000, 1.000000000000000000 ) ) ;
#2046 = DIRECTION ( 'NONE',  ( 0.0000000000000000000, 0.0000000000000000000, 1.000000000000000000 ) ) ;
#2047 = SURFACE_STYLE_USAGE ( .BOTH. , #1961 ) ;
#2048 = CARTESIAN_POINT ( 'NONE',  ( 18.25000000000000355, 6.000000000000000000, 309.0999999999998522 ) ) ;
#2049 = ORIENTED_EDGE ( 'NONE', *, *, #722, .F. ) ;
#2050 =( NAMED_UNIT ( * ) SI_UNIT ( $, .STERADIAN. ) SOLID_ANGLE_UNIT ( ) );
#2051 = PRESENTATION_STYLE_ASSIGNMENT (( #2831 ) ) ;
#2052 = EDGE_CURVE ( 'NONE', #1097, #2305, #3169, .T. ) ;
#2053 = EDGE_LOOP ( 'NONE', ( #956, #2 ) ) ;
#2054 = DIRECTION ( 'NONE',  ( 0.0000000000000000000, 0.0000000000000000000, -1.000000000000000000 ) ) ;
#2055 = DIRECTION ( 'NONE',  ( 0.0000000000000000000, 0.0000000000000000000, 1.000000000000000000 ) ) ;
#2056 = ADVANCED_FACE ( 'NONE', ( #1261 ), #2463, .F. ) ;
#2057 = UNCERTAINTY_MEASURE_WITH_UNIT (LENGTH_MEASURE( 1.000000000000000082E-05 ), #3042, 'distance_accuracy_value', 'NONE');
#2058 = PRESENTATION_STYLE_ASSIGNMENT (( #1054 ) ) ;
#2059 = FACE_OUTER_BOUND ( 'NONE', #2042, .T. ) ;
#2060 = DIRECTION ( 'NONE',  ( -0.0000000000000000000, -0.0000000000000000000, 1.000000000000000000 ) ) ;
#2061 = DIRECTION ( 'NONE',  ( 0.0000000000000000000, 0.0000000000000000000, 1.000000000000000000 ) ) ;
#2062 = DIRECTION ( 'NONE',  ( 0.8571673007021134438, 0.0000000000000000000, 0.5150380749100522682 ) ) ;
#2063 = EDGE_CURVE ( 'NONE', #971, #1518, #2821, .T. ) ;
#2064 = VERTEX_POINT ( 'NONE', #1073 ) ;
#2065 = CIRCLE ( 'NONE', #1091, 2.099999999999990763 ) ;
#2066 = DIRECTION ( 'NONE',  ( -0.0000000000000000000, -1.000000000000000000, -0.0000000000000000000 ) ) ;
#2067 = DIRECTION ( 'NONE',  ( 0.0000000000000000000, 1.000000000000000000, 0.0000000000000000000 ) ) ;
#2068 = AXIS2_PLACEMENT_3D ( 'NONE', #2799, #2281, #557 ) ;
#2069 = ORIENTED_EDGE ( 'NONE', *, *, #1800, .F. ) ;
#2070 = LINE ( 'NONE', #2253, #949 ) ;
#2071 = ORIENTED_EDGE ( 'NONE', *, *, #2989, .F. ) ;
#2072 = AXIS2_PLACEMENT_3D ( 'NONE', #1834, #2066, #851 ) ;
#2073 = CARTESIAN_POINT ( 'NONE',  ( 59.99999999999997868, 6.000000000000000000, -347.5000000000000568 ) ) ;
#2074 = DIRECTION ( 'NONE',  ( 0.0000000000000000000, 0.0000000000000000000, 1.000000000000000000 ) ) ;
#2075 = VERTEX_POINT ( 'NONE', #2857 ) ;
#2076 = ORIENTED_EDGE ( 'NONE', *, *, #1077, .T. ) ;
#2077 = LINE ( 'NONE', #709, #507 ) ;
#2078 = ADVANCED_FACE ( 'NONE', ( #3130 ), #906, .F. ) ;
#2079 = EDGE_CURVE ( 'NONE', #3209, #1524, #71, .T. ) ;
#2080 = DIRECTION ( 'NONE',  ( 1.000000000000000000, 0.0000000000000000000, 0.0000000000000000000 ) ) ;
#2081 = CARTESIAN_POINT ( 'NONE',  ( -5.750795523238222409E-14, -0.4999999999999995559, -162.5000000000000853 ) ) ;
#2082 = CARTESIAN_POINT ( 'NONE',  ( 18.25000000000000355, 6.000000000000000000, -329.1000000000001364 ) ) ;
#2083 = DIRECTION ( 'NONE',  ( 0.0000000000000000000, 1.000000000000000000, 0.0000000000000000000 ) ) ;
#2084 = ORIENTED_EDGE ( 'NONE', *, *, #173, .T. ) ;
#2085 = CARTESIAN_POINT ( 'NONE',  ( 33.50000000000000000, 6.000000000000000888, -332.5000000000001137 ) ) ;
#2086 = ORIENTED_EDGE ( 'NONE', *, *, #1820, .F. ) ;
#2087 = EDGE_CURVE ( 'NONE', #853, #1187, #708, .T. ) ;
#2088 = CARTESIAN_POINT ( 'NONE',  ( 0.0000000000000000000, -0.4999999999999995559, 157.4999999999998863 ) ) ;
#2089 = DIRECTION ( 'NONE',  ( -0.0000000000000000000, 1.000000000000000000, -0.0000000000000000000 ) ) ;
#2090 = EDGE_LOOP ( 'NONE', ( #236, #3229 ) ) ;
#2091 = ORIENTED_EDGE ( 'NONE', *, *, #378, .T. ) ;
#2092 = EDGE_LOOP ( 'NONE', ( #3014, #1326 ) ) ;
#2093 = FILL_AREA_STYLE ('',( #1450 ) ) ;
#2094 = AXIS2_PLACEMENT_3D ( 'NONE', #2397, #412, #1451 ) ;
#2095 = ADVANCED_FACE ( 'NONE', ( #671 ), #2627, .F. ) ;
#2096 = AXIS2_PLACEMENT_3D ( 'NONE', #2919, #3198, #174 ) ;
#2097 = LINE ( 'NONE', #168, #23 ) ;
#2098 = CARTESIAN_POINT ( 'NONE',  ( 18.25000000000000355, 6.000000000000000888, -332.5000000000001137 ) ) ;
#2099 = DIRECTION ( 'NONE',  ( -1.000000000000000000, 0.0000000000000000000, 0.0000000000000000000 ) ) ;
#2100 = CARTESIAN_POINT ( 'NONE',  ( -18.25000000000000355, 6.000000000000000000, 315.8999999999999204 ) ) ;
#2101 = LINE ( 'NONE', #2848, #1209 ) ;
#2102 = FACE_OUTER_BOUND ( 'NONE', #3028, .T. ) ;
#2103 = UNCERTAINTY_MEASURE_WITH_UNIT (LENGTH_MEASURE( 1.000000000000000082E-05 ), #2126, 'distance_accuracy_value', 'NONE');
#2104 = CARTESIAN_POINT ( 'NONE',  ( -49.99999999999994316, 3.673940397442041133E-16, 347.4999999999999432 ) ) ;
#2105 = CARTESIAN_POINT ( 'NONE',  ( 18.25000000000000355, -6.000000000000000000, -102.5000000000000853 ) ) ;
#2106 = EDGE_CURVE ( 'NONE', #3184, #1518, #2114, .T. ) ;
#2107 = CYLINDRICAL_SURFACE ( 'NONE', #945, 3.399999999999986144 ) ;
#2108 = DIRECTION ( 'NONE',  ( 0.0000000000000000000, 0.0000000000000000000, 1.000000000000000000 ) ) ;
#2109 = CIRCLE ( 'NONE', #2096, 3.400000000000014122 ) ;
#2110 = DIRECTION ( 'NONE',  ( 0.0000000000000000000, 0.0000000000000000000, 1.000000000000000000 ) ) ;
#2111 = STYLED_ITEM ( 'NONE', ( #1913 ), #587 ) ;
#2112 = CIRCLE ( 'NONE', #2526, 2.499999999999998668 ) ;
#2113 = ADVANCED_FACE ( 'NONE', ( #2260 ), #147, .F. ) ;
#2114 = LINE ( 'NONE', #2415, #3050 ) ;
#2115 = VERTEX_POINT ( 'NONE', #2900 ) ;
#2116 = AXIS2_PLACEMENT_3D ( 'NONE', #1906, #1134, #1399 ) ;
#2117 = CARTESIAN_POINT ( 'NONE',  ( -43.99999999999995737, 0.0000000000000000000, 347.4999999999999432 ) ) ;
#2118 = VERTEX_POINT ( 'NONE', #921 ) ;
#2119 = FILL_AREA_STYLE ('',( #2234 ) ) ;
#2120 = CIRCLE ( 'NONE', #531, 3.400000000000014122 ) ;
#2121 = ORIENTED_EDGE ( 'NONE', *, *, #3069, .T. ) ;
#2122 = EDGE_CURVE ( 'NONE', #641, #2064, #2390, .T. ) ;
#2123 = CARTESIAN_POINT ( 'NONE',  ( -5.750795523238222409E-14, -0.4999999999999995559, -162.5000000000000853 ) ) ;
#2124 =( LENGTH_UNIT ( ) NAMED_UNIT ( * ) SI_UNIT ( .MILLI., .METRE. ) );
#2125 = EDGE_CURVE ( 'NONE', #2444, #1985, #1613, .T. ) ;
#2126 =( LENGTH_UNIT ( ) NAMED_UNIT ( * ) SI_UNIT ( .MILLI., .METRE. ) );
#2127 =( NAMED_UNIT ( * ) PLANE_ANGLE_UNIT ( ) SI_UNIT ( $, .RADIAN. ) );
#2128 = AXIS2_PLACEMENT_3D ( 'NONE', #81, #1094, #1347 ) ;
#2129 = CARTESIAN_POINT ( 'NONE',  ( 0.0000000000000000000, -0.4999999999999995559, 323.4999999999998863 ) ) ;
#2130 = CYLINDRICAL_SURFACE ( 'NONE', #1855, 6.000000000000001776 ) ;
#2131 = CARTESIAN_POINT ( 'NONE',  ( -18.25000000000000355, -6.000000000000000000, -329.1000000000001364 ) ) ;
#2132 = AXIS2_PLACEMENT_3D ( 'NONE', #2832, #53, #2054 ) ;
#2133 = DIRECTION ( 'NONE',  ( 0.0000000000000000000, 0.0000000000000000000, 1.000000000000000000 ) ) ;
#2134 = CARTESIAN_POINT ( 'NONE',  ( -33.50000000000000000, 6.000000000000000888, 312.4999999999998863 ) ) ;
#2135 =( LENGTH_UNIT ( ) NAMED_UNIT ( * ) SI_UNIT ( .MILLI., .METRE. ) );
#2136 = CARTESIAN_POINT ( 'NONE',  ( 70.00000000000005684, 6.000000000000000000, 347.4999999999999432 ) ) ;
#2137 = CIRCLE ( 'NONE', #2468, 2.499999999999995115 ) ;
#2138 = CIRCLE ( 'NONE', #1709, 6.000000000000005329 ) ;
#2139 = UNCERTAINTY_MEASURE_WITH_UNIT (LENGTH_MEASURE( 1.000000000000000082E-05 ), #1721, 'distance_accuracy_value', 'NONE');
#2140 = VECTOR ( 'NONE', #2419, 1000.000000000000000 ) ;
#2141 = CARTESIAN_POINT ( 'NONE',  ( 0.0000000000000000000, -0.4999999999999995559, 317.4999999999998863 ) ) ;
#2142 = ORIENTED_EDGE ( 'NONE', *, *, #510, .F. ) ;
#2143 = FILL_AREA_STYLE_COLOUR ( '', #1955 ) ;
#2144 = VECTOR ( 'NONE', #1237, 1000.000000000000000 ) ;
#2145 = CARTESIAN_POINT ( 'NONE',  ( 44.00000000000007105, 3.673940397442041133E-16, 347.4999999999999432 ) ) ;
#2146 = EDGE_CURVE ( 'NONE', #1916, #2228, #2728, .T. ) ;
#2147 = DIRECTION ( 'NONE',  ( 0.0000000000000000000, 0.0000000000000000000, 1.000000000000000000 ) ) ;
#2148 = LINE ( 'NONE', #995, #586 ) ;
#2149 = AXIS2_PLACEMENT_3D ( 'NONE', #637, #2878, #1622 ) ;
#2150 = ORIENTED_EDGE ( 'NONE', *, *, #2556, .F. ) ;
#2151 = FACE_OUTER_BOUND ( 'NONE', #2536, .T. ) ;
#2152 = EDGE_LOOP ( 'NONE', ( #166, #3205, #3065, #2931 ) ) ;
#2153 = SURFACE_SIDE_STYLE ('',( #585 ) ) ;
#2154 = ORIENTED_EDGE ( 'NONE', *, *, #182, .T. ) ;
#2155 = LINE ( 'NONE', #1111, #78 ) ;
#2156 = MECHANICAL_DESIGN_GEOMETRIC_PRESENTATION_REPRESENTATION (  '', ( #2944 ), #928 ) ;
#2157 = CARTESIAN_POINT ( 'NONE',  ( -60.00000000000003553, 6.000000000000000000, -337.5000000000000000 ) ) ;
#2158 = FILL_AREA_STYLE ('',( #1390 ) ) ;
#2159 = CYLINDRICAL_SURFACE ( 'NONE', #2619, 6.000000000000005329 ) ;
#2160 = CARTESIAN_POINT ( 'NONE',  ( 47.00000000000006395, 0.0000000000000000000, 337.4999999999998863 ) ) ;
#2161 = EDGE_CURVE ( 'NONE', #2270, #1070, #1945, .T. ) ;
#2162 = ORIENTED_EDGE ( 'NONE', *, *, #2906, .T. ) ;
#2163 = CARTESIAN_POINT ( 'NONE',  ( 41.00000000000003553, 6.000000000000000000, 197.4999999999999147 ) ) ;
#2164 = DIRECTION ( 'NONE',  ( -0.0000000000000000000, 1.000000000000000000, -0.0000000000000000000 ) ) ;
#2165 = DIRECTION ( 'NONE',  ( 0.0000000000000000000, 0.0000000000000000000, 1.000000000000000000 ) ) ;
#2166 = EDGE_CURVE ( 'NONE', #1370, #768, #1463, .T. ) ;
#2167 = VERTEX_POINT ( 'NONE', #2662 ) ;
#2168 = DIRECTION ( 'NONE',  ( 0.0000000000000000000, 0.0000000000000000000, 1.000000000000000000 ) ) ;
#2169 = SURFACE_STYLE_FILL_AREA ( #1812 ) ;
#2170 = ORIENTED_EDGE ( 'NONE', *, *, #2182, .T. ) ;
#2171 = MECHANICAL_DESIGN_GEOMETRIC_PRESENTATION_REPRESENTATION (  '', ( #490 ), #1182 ) ;
#2172 = CYLINDRICAL_SURFACE ( 'NONE', #3135, 3.250000000000030642 ) ;
#2173 = ORIENTED_EDGE ( 'NONE', *, *, #997, .F. ) ;
#2174 = ORIENTED_EDGE ( 'NONE', *, *, #2630, .T. ) ;
#2175 = PRESENTATION_STYLE_ASSIGNMENT (( #669 ) ) ;
#2176 = DIRECTION ( 'NONE',  ( 0.0000000000000000000, 0.0000000000000000000, 1.000000000000000000 ) ) ;
#2177 = DIRECTION ( 'NONE',  ( -0.0000000000000000000, -0.0000000000000000000, 1.000000000000000000 ) ) ;
#2178 = DIRECTION ( 'NONE',  ( 0.0000000000000000000, 0.0000000000000000000, 1.000000000000000000 ) ) ;
#2179 =( GEOMETRIC_REPRESENTATION_CONTEXT ( 3 ) GLOBAL_UNCERTAINTY_ASSIGNED_CONTEXT ( ( #1438 ) ) GLOBAL_UNIT_ASSIGNED_CONTEXT ( ( #1446, #1944, #2189 ) ) REPRESENTATION_CONTEXT ( 'NONE', 'WORKASPACE' ) );
#2180 = PRESENTATION_STYLE_ASSIGNMENT (( #818 ) ) ;
#2181 = ADVANCED_FACE ( 'NONE', ( #2459 ), #1295, .F. ) ;
#2182 = EDGE_CURVE ( 'NONE', #3013, #2614, #984, .T. ) ;
#2183 = CARTESIAN_POINT ( 'NONE',  ( 0.0000000000000000000, -6.000000000000000000, -322.5000000000001137 ) ) ;
#2184 = CARTESIAN_POINT ( 'NONE',  ( -33.50000000000000000, 6.000000000000000888, -332.5000000000001137 ) ) ;
#2185 = EDGE_CURVE ( 'NONE', #2380, #1011, #870, .T. ) ;
#2186 = COLOUR_RGB ( '',0.8980392156862745390, 0.9176470588235293713, 0.9294117647058823817 ) ;
#2187 = VERTEX_POINT ( 'NONE', #2754 ) ;
#2188 = CIRCLE ( 'NONE', #1995, 3.400000000000000355 ) ;
#2189 =( NAMED_UNIT ( * ) SI_UNIT ( $, .STERADIAN. ) SOLID_ANGLE_UNIT ( ) );
#2190 = AXIS2_PLACEMENT_3D ( 'NONE', #1248, #2193, #2445 ) ;
#2191 = ORIENTED_EDGE ( 'NONE', *, *, #2106, .T. ) ;
#2192 = AXIS2_PLACEMENT_3D ( 'NONE', #1549, #780, #1034 ) ;
#2193 = DIRECTION ( 'NONE',  ( -0.0000000000000000000, -0.0000000000000000000, 1.000000000000000000 ) ) ;
#2194 = FILL_AREA_STYLE ('',( #1252 ) ) ;
#2195 = ORIENTED_EDGE ( 'NONE', *, *, #1741, .F. ) ;
#2196 = EDGE_LOOP ( 'NONE', ( #1897, #618, #1123, #2283 ) ) ;
#2197 = ORIENTED_EDGE ( 'NONE', *, *, #1521, .F. ) ;
#2198 =( LENGTH_UNIT ( ) NAMED_UNIT ( * ) SI_UNIT ( .MILLI., .METRE. ) );
#2199 = EDGE_CURVE ( 'NONE', #2118, #621, #1559, .T. ) ;
#2200 = FACE_OUTER_BOUND ( 'NONE', #1694, .T. ) ;
#2201 = CIRCLE ( 'NONE', #538, 3.400000000000014122 ) ;
#2202 = DIRECTION ( 'NONE',  ( 0.0000000000000000000, 0.0000000000000000000, 1.000000000000000000 ) ) ;
#2203 = STYLED_ITEM ( 'NONE', ( #2335 ), #964 ) ;
#2204 = COLOUR_RGB ( '',0.8980392156862745390, 0.9176470588235293713, 0.9294117647058823817 ) ;
#2205 = PRESENTATION_STYLE_ASSIGNMENT (( #2826 ) ) ;
#2206 = SURFACE_SIDE_STYLE ('',( #1368 ) ) ;
#2207 =( GEOMETRIC_REPRESENTATION_CONTEXT ( 3 ) GLOBAL_UNCERTAINTY_ASSIGNED_CONTEXT ( ( #449 ) ) GLOBAL_UNIT_ASSIGNED_CONTEXT ( ( #2631, #1877, #244 ) ) REPRESENTATION_CONTEXT ( 'NONE', 'WORKASPACE' ) );
#2208 = VECTOR ( 'NONE', #758, 1000.000000000000000 ) ;
#2209 = FACE_OUTER_BOUND ( 'NONE', #545, .T. ) ;
#2210 = FACE_BOUND ( 'NONE', #2932, .T. ) ;
#2211 = CIRCLE ( 'NONE', #2581, 6.000000000000005329 ) ;
#2212 = EDGE_LOOP ( 'NONE', ( #1967, #3035, #747, #261 ) ) ;
#2213 = VERTEX_POINT ( 'NONE', #1555 ) ;
#2214 = FACE_OUTER_BOUND ( 'NONE', #1435, .T. ) ;
#2215 = FILL_AREA_STYLE ('',( #1964 ) ) ;
#2216 = FACE_BOUND ( 'NONE', #2577, .T. ) ;
#2217 = CARTESIAN_POINT ( 'NONE',  ( 24.99999999999986855, 0.0000000000000000000, 322.4999999999998863 ) ) ;
#2218 = EDGE_CURVE ( 'NONE', #1529, #621, #2070, .T. ) ;
#2219 = ORIENTED_EDGE ( 'NONE', *, *, #2005, .T. ) ;
#2220 = DIRECTION ( 'NONE',  ( -0.0000000000000000000, 1.000000000000000000, -0.0000000000000000000 ) ) ;
#2221 = ORIENTED_EDGE ( 'NONE', *, *, #2182, .F. ) ;
#2222 = CIRCLE ( 'NONE', #1112, 3.250000000000007994 ) ;
#2223 = DIRECTION ( 'NONE',  ( -0.0000000000000000000, -0.0000000000000000000, 1.000000000000000000 ) ) ;
#2224 = DIRECTION ( 'NONE',  ( 0.0000000000000000000, 0.0000000000000000000, 1.000000000000000000 ) ) ;
#2225 = PRESENTATION_LAYER_ASSIGNMENT (  '', '', ( #1630 ) ) ;
#2226 = SURFACE_STYLE_FILL_AREA ( #1163 ) ;
#2227 = EDGE_LOOP ( 'NONE', ( #266, #711 ) ) ;
#2228 = VERTEX_POINT ( 'NONE', #2314 ) ;
#2229 = DIRECTION ( 'NONE',  ( 0.0000000000000000000, 0.0000000000000000000, 1.000000000000000000 ) ) ;
#2230 = AXIS2_PLACEMENT_3D ( 'NONE', #812, #1072, #1433 ) ;
#2231 = ORIENTED_EDGE ( 'NONE', *, *, #2263, .T. ) ;
#2232 = DIRECTION ( 'NONE',  ( 0.0000000000000000000, 0.0000000000000000000, 1.000000000000000000 ) ) ;
#2233 =( NAMED_UNIT ( * ) PLANE_ANGLE_UNIT ( ) SI_UNIT ( $, .RADIAN. ) );
#2234 = FILL_AREA_STYLE_COLOUR ( '', #1604 ) ;
#2235 = DIRECTION ( 'NONE',  ( 1.000000000000000000, 0.0000000000000000000, 0.0000000000000000000 ) ) ;
#2236 = MECHANICAL_DESIGN_GEOMETRIC_PRESENTATION_REPRESENTATION (  '', ( #2859 ), #2414 ) ;
#2237 = DIRECTION ( 'NONE',  ( -0.0000000000000000000, -0.0000000000000000000, 1.000000000000000000 ) ) ;
#2238 = ORIENTED_EDGE ( 'NONE', *, *, #316, .F. ) ;
#2239 = CARTESIAN_POINT ( 'NONE',  ( -18.25000000000000355, 6.000000000000000000, -105.9000000000000767 ) ) ;
#2240 = CARTESIAN_POINT ( 'NONE',  ( -59.50000000000003553, 0.0000000000000000000, 322.4999999999998863 ) ) ;
#2241 = DIRECTION ( 'NONE',  ( 0.0000000000000000000, 0.0000000000000000000, 1.000000000000000000 ) ) ;
#2242 = DIRECTION ( 'NONE',  ( -0.0000000000000000000, 1.000000000000000000, -0.0000000000000000000 ) ) ;
#2243 = EDGE_CURVE ( 'NONE', #381, #1164, #303, .T. ) ;
#2244 = LINE ( 'NONE', #1158, #1172 ) ;
#2245 = DIRECTION ( 'NONE',  ( 0.0000000000000000000, 0.0000000000000000000, 1.000000000000000000 ) ) ;
#2246 = DIRECTION ( 'NONE',  ( 0.0000000000000000000, 0.0000000000000000000, -1.000000000000000000 ) ) ;
#2247 = AXIS2_PLACEMENT_3D ( 'NONE', #2422, #942, #897 ) ;
#2248 = CARTESIAN_POINT ( 'NONE',  ( 0.0000000000000000000, -6.000000000000000000, 320.7499999999999432 ) ) ;
#2249 = CIRCLE ( 'NONE', #957, 2.999999999999995559 ) ;
#2250 = ORIENTED_EDGE ( 'NONE', *, *, #2122, .F. ) ;
#2251 = PRESENTATION_LAYER_ASSIGNMENT (  '', '', ( #752 ) ) ;
#2252 = CARTESIAN_POINT ( 'NONE',  ( -41.00000000000003553, -6.000000000000000888, 197.4999999999999147 ) ) ;
#2253 = CARTESIAN_POINT ( 'NONE',  ( -1.843453033130565960E-14, -0.4999999999999995559, 151.4999999999998863 ) ) ;
#2254 = LINE ( 'NONE', #1734, #2144 ) ;
#2255 = CIRCLE ( 'NONE', #2449, 2.499999999999995115 ) ;
#2256 = SURFACE_STYLE_FILL_AREA ( #1302 ) ;
#2257 = CYLINDRICAL_SURFACE ( 'NONE', #1951, 3.250000000000002665 ) ;
#2258 = ORIENTED_EDGE ( 'NONE', *, *, #43, .F. ) ;
#2259 = ORIENTED_EDGE ( 'NONE', *, *, #1038, .T. ) ;
#2260 = FACE_OUTER_BOUND ( 'NONE', #3137, .T. ) ;
#2261 = ORIENTED_EDGE ( 'NONE', *, *, #3023, .T. ) ;
#2262 = ORIENTED_EDGE ( 'NONE', *, *, #2745, .T. ) ;
#2263 = EDGE_CURVE ( 'NONE', #1798, #18, #2948, .T. ) ;
#2264 = DIRECTION ( 'NONE',  ( -0.0000000000000000000, 1.000000000000000000, -0.0000000000000000000 ) ) ;
#2265 = ORIENTED_EDGE ( 'NONE', *, *, #214, .T. ) ;
#2266 = ADVANCED_FACE ( 'NONE', ( #457 ), #2772, .F. ) ;
#2267 =( GEOMETRIC_REPRESENTATION_CONTEXT ( 3 ) GLOBAL_UNCERTAINTY_ASSIGNED_CONTEXT ( ( #19 ) ) GLOBAL_UNIT_ASSIGNED_CONTEXT ( ( #899, #2127, #2883 ) ) REPRESENTATION_CONTEXT ( 'NONE', 'WORKASPACE' ) );
#2268 = CARTESIAN_POINT ( 'NONE',  ( -33.50000000000000000, -6.000000000000000000, -105.9000000000000909 ) ) ;
#2269 = EDGE_LOOP ( 'NONE', ( #1286, #2084 ) ) ;
#2270 = VERTEX_POINT ( 'NONE', #1363 ) ;
#2271 = ORIENTED_EDGE ( 'NONE', *, *, #1576, .F. ) ;
#2272 = CARTESIAN_POINT ( 'NONE',  ( -5.677316715289381320E-14, 6.000000000000000000, -168.5000000000000853 ) ) ;
#2273 =( NAMED_UNIT ( * ) PLANE_ANGLE_UNIT ( ) SI_UNIT ( $, .RADIAN. ) );
#2274 = MECHANICAL_DESIGN_GEOMETRIC_PRESENTATION_REPRESENTATION (  '', ( #2394 ), #2451 ) ;
#2275 = VERTEX_POINT ( 'NONE', #2561 ) ;
#2276 = VECTOR ( 'NONE', #1441, 1000.000000000000000 ) ;
#2277 = DIRECTION ( 'NONE',  ( -0.0000000000000000000, 1.000000000000000000, -0.0000000000000000000 ) ) ;
#2278 = VECTOR ( 'NONE', #1169, 1000.000000000000000 ) ;
#2279 = ORIENTED_EDGE ( 'NONE', *, *, #2218, .F. ) ;
#2280 = DIRECTION ( 'NONE',  ( -0.8571673007021134438, 1.049727191138620051E-16, 0.5150380749100522682 ) ) ;
#2281 = DIRECTION ( 'NONE',  ( -0.0000000000000000000, 1.000000000000000000, -0.0000000000000000000 ) ) ;
#2282 = DIRECTION ( 'NONE',  ( 0.0000000000000000000, 0.0000000000000000000, 1.000000000000000000 ) ) ;
#2283 = ORIENTED_EDGE ( 'NONE', *, *, #1905, .T. ) ;
#2284 = EDGE_CURVE ( 'NONE', #1540, #2786, #1719, .T. ) ;
#2285 = ORIENTED_EDGE ( 'NONE', *, *, #383, .F. ) ;
#2286 = ADVANCED_FACE ( 'NONE', ( #263 ), #2979, .F. ) ;
#2287 = CARTESIAN_POINT ( 'NONE',  ( 27.49999999999986500, 0.0000000000000000000, 322.4999999999998863 ) ) ;
#2288 = CARTESIAN_POINT ( 'NONE',  ( -22.49999999999987566, 0.0000000000000000000, 347.4999999999999432 ) ) ;
#2289 = DIRECTION ( 'NONE',  ( 0.0000000000000000000, 0.0000000000000000000, 1.000000000000000000 ) ) ;
#2290 =( GEOMETRIC_REPRESENTATION_CONTEXT ( 3 ) GLOBAL_UNCERTAINTY_ASSIGNED_CONTEXT ( ( #3162 ) ) GLOBAL_UNIT_ASSIGNED_CONTEXT ( ( #1344, #2828, #2802 ) ) REPRESENTATION_CONTEXT ( 'NONE', 'WORKASPACE' ) );
#2291 = DIRECTION ( 'NONE',  ( -0.0000000000000000000, 1.000000000000000000, -0.0000000000000000000 ) ) ;
#2292 = CYLINDRICAL_SURFACE ( 'NONE', #1281, 3.400000000000014122 ) ;
#2293 = CARTESIAN_POINT ( 'NONE',  ( -18.25000000000000355, -6.000000000000000000, -332.5000000000001137 ) ) ;
#2294 = LINE ( 'NONE', #2580, #1742 ) ;
#2295 = AXIS2_PLACEMENT_3D ( 'NONE', #745, #2223, #1481 ) ;
#2296 = COLOUR_RGB ( '',0.8980392156862745390, 0.9176470588235293713, 0.9294117647058823817 ) ;
#2297 = DIRECTION ( 'NONE',  ( 0.0000000000000000000, 0.0000000000000000000, 1.000000000000000000 ) ) ;
#2298 = SURFACE_STYLE_FILL_AREA ( #2871 ) ;
#2299 = CARTESIAN_POINT ( 'NONE',  ( 22.49999999999987210, 3.061616997868383141E-16, 347.4999999999999432 ) ) ;
#2300 = ORIENTED_EDGE ( 'NONE', *, *, #2243, .T. ) ;
#2301 = DIRECTION ( 'NONE',  ( 0.0000000000000000000, -0.0000000000000000000, 1.000000000000000000 ) ) ;
#2302 = FACE_BOUND ( 'NONE', #1443, .T. ) ;
#2303 = AXIS2_PLACEMENT_3D ( 'NONE', #944, #2034, #1272 ) ;
#2304 = DIRECTION ( 'NONE',  ( 0.0000000000000000000, 0.0000000000000000000, 1.000000000000000000 ) ) ;
#2305 = VERTEX_POINT ( 'NONE', #2338 ) ;
#2306 = EDGE_LOOP ( 'NONE', ( #2472, #1991 ) ) ;
#2307 = ORIENTED_EDGE ( 'NONE', *, *, #2284, .F. ) ;
#2308 = ORIENTED_EDGE ( 'NONE', *, *, #2364, .T. ) ;
#2309 = ORIENTED_EDGE ( 'NONE', *, *, #1082, .T. ) ;
#2310 = DIRECTION ( 'NONE',  ( -0.0000000000000000000, -0.0000000000000000000, 1.000000000000000000 ) ) ;
#2311 = CYLINDRICAL_SURFACE ( 'NONE', #2541, 3.400000000000014122 ) ;
#2312 = CYLINDRICAL_SURFACE ( 'NONE', #2735, 3.400000000000014122 ) ;
#2313 = EDGE_CURVE ( 'NONE', #1798, #1108, #1873, .T. ) ;
#2314 = CARTESIAN_POINT ( 'NONE',  ( -7.594248556368788369E-14, -0.4999999999999995559, -328.5000000000001137 ) ) ;
#2315 = ORIENTED_EDGE ( 'NONE', *, *, #2591, .T. ) ;
#2316 = AXIS2_PLACEMENT_3D ( 'NONE', #2123, #358, #1594 ) ;
#2317 = ORIENTED_EDGE ( 'NONE', *, *, #2787, .T. ) ;
#2318 = PLANE ( 'NONE',  #3218 ) ;
#2319 = DIRECTION ( 'NONE',  ( -0.0000000000000000000, 1.000000000000000000, -0.0000000000000000000 ) ) ;
#2320 = DIRECTION ( 'NONE',  ( 0.0000000000000000000, 0.0000000000000000000, 1.000000000000000000 ) ) ;
#2321 = ORIENTED_EDGE ( 'NONE', *, *, #2364, .F. ) ;
#2322 = ADVANCED_FACE ( 'NONE', ( #3 ), #632, .F. ) ;
#2323 = AXIS2_PLACEMENT_3D ( 'NONE', #2425, #1149, #1406 ) ;
#2324 = DIRECTION ( 'NONE',  ( 1.000000000000000000, 0.0000000000000000000, 0.0000000000000000000 ) ) ;
#2325 = ORIENTED_EDGE ( 'NONE', *, *, #1159, .F. ) ;
#2326 = CARTESIAN_POINT ( 'NONE',  ( 18.25000000000000355, 6.000000000000000888, -105.9000000000000767 ) ) ;
#2327 = AXIS2_PLACEMENT_3D ( 'NONE', #767, #982, #2713 ) ;
#2328 = CARTESIAN_POINT ( 'NONE',  ( 33.50000000000000000, 6.000000000000000888, -102.5000000000000853 ) ) ;
#2329 =( NAMED_UNIT ( * ) SI_UNIT ( $, .STERADIAN. ) SOLID_ANGLE_UNIT ( ) );
#2330 = DIRECTION ( 'NONE',  ( -0.0000000000000000000, -0.0000000000000000000, 1.000000000000000000 ) ) ;
#2331 = CARTESIAN_POINT ( 'NONE',  ( -18.25000000000000355, 6.000000000000000888, -105.9000000000000767 ) ) ;
#2332 = EDGE_CURVE ( 'NONE', #2738, #2978, #2861, .T. ) ;
#2333 = DIRECTION ( 'NONE',  ( 1.000000000000000000, 0.0000000000000000000, 0.0000000000000000000 ) ) ;
#2334 = ORIENTED_EDGE ( 'NONE', *, *, #2537, .F. ) ;
#2335 = PRESENTATION_STYLE_ASSIGNMENT (( #988 ) ) ;
#2336 = LINE ( 'NONE', #2842, #489 ) ;
#2337 = DIRECTION ( 'NONE',  ( 0.0000000000000000000, -0.0000000000000000000, -1.000000000000000000 ) ) ;
#2338 = CARTESIAN_POINT ( 'NONE',  ( -3.760384874209973640E-14, -0.4999999999999995559, -8.500000000000115463 ) ) ;
#2339 = FACE_OUTER_BOUND ( 'NONE', #3038, .T. ) ;
#2340 = AXIS2_PLACEMENT_3D ( 'NONE', #2081, #551, #1786 ) ;
#2341 = EDGE_LOOP ( 'NONE', ( #636, #1021, #1814, #2788 ) ) ;
#2342 = ADVANCED_FACE ( 'NONE', ( #1745 ), #259, .F. ) ;
#2343 = VECTOR ( 'NONE', #1053, 1000.000000000000000 ) ;
#2344 = DIRECTION ( 'NONE',  ( 0.0000000000000000000, 0.0000000000000000000, -1.000000000000000000 ) ) ;
#2345 = CARTESIAN_POINT ( 'NONE',  ( 0.0000000000000000000, -0.4999999999999995559, 320.7499999999999432 ) ) ;
#2346 = DIRECTION ( 'NONE',  ( -0.8571673007021156643, 1.049727191138622763E-16, 0.5150380749100486044 ) ) ;
#2347 = AXIS2_PLACEMENT_3D ( 'NONE', #1966, #2819, #589 ) ;
#2348 = DIRECTION ( 'NONE',  ( -0.0000000000000000000, 1.000000000000000000, -0.0000000000000000000 ) ) ;
#2349 = ORIENTED_EDGE ( 'NONE', *, *, #173, .F. ) ;
#2350 = ORIENTED_EDGE ( 'NONE', *, *, #2332, .T. ) ;
#2351 = SURFACE_SIDE_STYLE ('',( #2169 ) ) ;
#2352 = AXIS2_PLACEMENT_3D ( 'NONE', #404, #1207, #1638 ) ;
#2353 = DIRECTION ( 'NONE',  ( 0.0000000000000000000, 0.0000000000000000000, 1.000000000000000000 ) ) ;
#2354 = DIRECTION ( 'NONE',  ( -0.0000000000000000000, -0.0000000000000000000, 1.000000000000000000 ) ) ;
#2355 = VERTEX_POINT ( 'NONE', #2534 ) ;
#2356 = PRESENTATION_STYLE_ASSIGNMENT (( #896 ) ) ;
#2357 =( LENGTH_UNIT ( ) NAMED_UNIT ( * ) SI_UNIT ( .MILLI., .METRE. ) );
#2358 = CONICAL_SURFACE ( 'NONE', #1620, 2.499999999999995115, 1.029744258676656754 ) ;
#2359 = ORIENTED_EDGE ( 'NONE', *, *, #1628, .T. ) ;
#2360 = EDGE_CURVE ( 'NONE', #2490, #1108, #1939, .T. ) ;
#2361 = DIRECTION ( 'NONE',  ( 0.0000000000000000000, 0.0000000000000000000, -1.000000000000000000 ) ) ;
#2362 = CARTESIAN_POINT ( 'NONE',  ( -69.99999999999995737, -6.000000000000000000, 347.4999999999999432 ) ) ;
#2363 = ADVANCED_FACE ( 'NONE', ( #3012 ), #1377, .F. ) ;
#2364 = EDGE_CURVE ( 'NONE', #2167, #1772, #1609, .T. ) ;
#2365 = VERTEX_POINT ( 'NONE', #831 ) ;
#2366 = DIRECTION ( 'NONE',  ( -0.0000000000000000000, 1.000000000000000000, -0.0000000000000000000 ) ) ;
#2367 = CARTESIAN_POINT ( 'NONE',  ( -18.25000000000000355, 6.000000000000000000, 312.4999999999998863 ) ) ;
#2368 = AXIS2_PLACEMENT_3D ( 'NONE', #165, #1197, #937 ) ;
#2369 =( LENGTH_UNIT ( ) NAMED_UNIT ( * ) SI_UNIT ( .MILLI., .METRE. ) );
#2370 = FACE_OUTER_BOUND ( 'NONE', #839, .T. ) ;
#2371 = DIRECTION ( 'NONE',  ( 0.8571673007021134438, 0.0000000000000000000, 0.5150380749100522682 ) ) ;
#2372 = EDGE_LOOP ( 'NONE', ( #2500, #2350, #2626 ) ) ;
#2373 = DIRECTION ( 'NONE',  ( -0.0000000000000000000, 1.000000000000000000, -0.0000000000000000000 ) ) ;
#2374 = MECHANICAL_DESIGN_GEOMETRIC_PRESENTATION_REPRESENTATION (  '', ( #451 ), #304 ) ;
#2375 = ORIENTED_EDGE ( 'NONE', *, *, #3127, .F. ) ;
#2376 =( NAMED_UNIT ( * ) SI_UNIT ( $, .STERADIAN. ) SOLID_ANGLE_UNIT ( ) );
#2377 = CARTESIAN_POINT ( 'NONE',  ( -33.50000000000000000, 6.000000000000000000, 312.4999999999998863 ) ) ;
#2378 = CARTESIAN_POINT ( 'NONE',  ( 64.50000000000002842, 0.0000000000000000000, 347.4999999999999432 ) ) ;
#2379 = CARTESIAN_POINT ( 'NONE',  ( -18.25000000000000355, 6.000000000000000888, -102.5000000000000853 ) ) ;
#2380 = VERTEX_POINT ( 'NONE', #2038 ) ;
#2381 = FILL_AREA_STYLE_COLOUR ( '', #1342 ) ;
#2382 = EDGE_CURVE ( 'NONE', #680, #761, #1017, .T. ) ;
#2383 = FACE_OUTER_BOUND ( 'NONE', #2372, .T. ) ;
#2384 = SURFACE_STYLE_FILL_AREA ( #2158 ) ;
#2385 = DIRECTION ( 'NONE',  ( -0.0000000000000000000, 1.000000000000000000, -0.0000000000000000000 ) ) ;
#2386 = FACE_OUTER_BOUND ( 'NONE', #1226, .T. ) ;
#2387 = AXIS2_PLACEMENT_3D ( 'NONE', #1232, #455, #2470 ) ;
#2388 = CIRCLE ( 'NONE', #2727, 3.250000000000002665 ) ;
#2389 = CARTESIAN_POINT ( 'NONE',  ( -27.49999999999986500, 3.061616997868377225E-16, 322.4999999999998863 ) ) ;
#2390 = CIRCLE ( 'NONE', #2323, 3.400000000000014122 ) ;
#2391 = EDGE_LOOP ( 'NONE', ( #1161, #835, #694, #3033 ) ) ;
#2392 = CYLINDRICAL_SURFACE ( 'NONE', #1341, 10.00000000000000888 ) ;
#2393 = EDGE_LOOP ( 'NONE', ( #374, #1125 ) ) ;
#2394 = STYLED_ITEM ( 'NONE', ( #3016 ), #2056 ) ;
#2395 = ORIENTED_EDGE ( 'NONE', *, *, #1402, .F. ) ;
#2396 = DIRECTION ( 'NONE',  ( -0.0000000000000000000, 1.000000000000000000, -0.0000000000000000000 ) ) ;
#2397 = CARTESIAN_POINT ( 'NONE',  ( -7.667727364317629458E-14, -0.4999999999999995559, -322.5000000000001137 ) ) ;
#2398 = CIRCLE ( 'NONE', #3113, 3.399999999999986144 ) ;
#2399 = FACE_OUTER_BOUND ( 'NONE', #472, .T. ) ;
#2400 = ORIENTED_EDGE ( 'NONE', *, *, #1868, .T. ) ;
#2401 = FILL_AREA_STYLE_COLOUR ( '', #2550 ) ;
#2402 = EDGE_LOOP ( 'NONE', ( #342, #513, #849 ) ) ;
#2403 = EDGE_CURVE ( 'NONE', #146, #445, #2529, .T. ) ;
#2404 = SURFACE_SIDE_STYLE ('',( #1731 ) ) ;
#2405 = CIRCLE ( 'NONE', #2692, 3.400000000000000355 ) ;
#2406 = CARTESIAN_POINT ( 'NONE',  ( 0.0000000000000000000, 6.000000000000000000, 317.4999999999998863 ) ) ;
#2407 = CARTESIAN_POINT ( 'NONE',  ( -3.833863682158814729E-14, -0.4999999999999995559, -2.500000000000113243 ) ) ;
#2408 = AXIS2_PLACEMENT_3D ( 'NONE', #2816, #2784, #2282 ) ;
#2409 = PRESENTATION_LAYER_ASSIGNMENT (  '', '', ( #2623 ) ) ;
#2410 = CARTESIAN_POINT ( 'NONE',  ( 41.00000000000003553, -6.000000000000000888, 199.5999999999999091 ) ) ;
#2411 =( NAMED_UNIT ( * ) PLANE_ANGLE_UNIT ( ) SI_UNIT ( $, .RADIAN. ) );
#2412 = DIRECTION ( 'NONE',  ( 0.0000000000000000000, 1.000000000000000000, 0.0000000000000000000 ) ) ;
#2413 = DIRECTION ( 'NONE',  ( 0.0000000000000000000, 0.0000000000000000000, 1.000000000000000000 ) ) ;
#2414 =( GEOMETRIC_REPRESENTATION_CONTEXT ( 3 ) GLOBAL_UNCERTAINTY_ASSIGNED_CONTEXT ( ( #2057 ) ) GLOBAL_UNIT_ASSIGNED_CONTEXT ( ( #3042, #40, #2798 ) ) REPRESENTATION_CONTEXT ( 'NONE', 'WORKASPACE' ) );
#2415 = CARTESIAN_POINT ( 'NONE',  ( -5.750795523238222409E-14, -0.4999999999999995559, -156.5000000000000853 ) ) ;
#2416 = LINE ( 'NONE', #724, #766 ) ;
#2417 = CARTESIAN_POINT ( 'NONE',  ( 0.0000000000000000000, -0.4999999999999995559, 317.4999999999998863 ) ) ;
#2418 = EDGE_CURVE ( 'NONE', #1231, #1914, #1457, .T. ) ;
#2419 = DIRECTION ( 'NONE',  ( -0.0000000000000000000, -0.0000000000000000000, 1.000000000000000000 ) ) ;
#2420 = DIRECTION ( 'NONE',  ( -0.0000000000000000000, -1.000000000000000000, -0.0000000000000000000 ) ) ;
#2421 = FACE_BOUND ( 'NONE', #1352, .T. ) ;
#2422 = CARTESIAN_POINT ( 'NONE',  ( 0.0000000000000000000, -0.4999999999999995559, 317.4999999999998863 ) ) ;
#2423 = EDGE_CURVE ( 'NONE', #3168, #2978, #1644, .T. ) ;
#2424 = ADVANCED_FACE ( 'NONE', ( #1184, #2689 ), #2318, .T. ) ;
#2425 = CARTESIAN_POINT ( 'NONE',  ( -33.50000000000000000, -6.000000000000000000, 312.4999999999998863 ) ) ;
#2426 = PRESENTATION_STYLE_ASSIGNMENT (( #915 ) ) ;
#2427 = FACE_OUTER_BOUND ( 'NONE', #2822, .T. ) ;
#2428 = AXIS2_PLACEMENT_3D ( 'NONE', #3134, #1350, #91 ) ;
#2429 = ORIENTED_EDGE ( 'NONE', *, *, #722, .T. ) ;
#2430 = ORIENTED_EDGE ( 'NONE', *, *, #3211, .T. ) ;
#2431 = SURFACE_STYLE_FILL_AREA ( #2194 ) ;
#2432 = ORIENTED_EDGE ( 'NONE', *, *, #1663, .F. ) ;
#2433 = EDGE_LOOP ( 'NONE', ( #1275, #15 ) ) ;
#2434 = ORIENTED_EDGE ( 'NONE', *, *, #2455, .T. ) ;
#2435 = MECHANICAL_DESIGN_GEOMETRIC_PRESENTATION_REPRESENTATION (  '', ( #1204 ), #2753 ) ;
#2436 = ORIENTED_EDGE ( 'NONE', *, *, #2682, .T. ) ;
#2437 = DIRECTION ( 'NONE',  ( 0.0000000000000000000, -1.000000000000000000, 0.0000000000000000000 ) ) ;
#2438 = DIRECTION ( 'NONE',  ( 0.0000000000000000000, 0.0000000000000000000, -1.000000000000000000 ) ) ;
#2439 = DIRECTION ( 'NONE',  ( 0.0000000000000000000, 0.0000000000000000000, 1.000000000000000000 ) ) ;
#2440 = STYLED_ITEM ( 'NONE', ( #3152 ), #3192 ) ;
#2441 = CARTESIAN_POINT ( 'NONE',  ( -46.99999999999995026, 0.0000000000000000000, 347.4999999999999432 ) ) ;
#2442 = EDGE_CURVE ( 'NONE', #1259, #2954, #946, .T. ) ;
#2443 = DIRECTION ( 'NONE',  ( 1.000000000000000000, 0.0000000000000000000, 0.0000000000000000000 ) ) ;
#2444 = VERTEX_POINT ( 'NONE', #322 ) ;
#2445 = DIRECTION ( 'NONE',  ( 1.000000000000000000, 0.0000000000000000000, 0.0000000000000000000 ) ) ;
#2446 = DIRECTION ( 'NONE',  ( -0.0000000000000000000, 1.000000000000000000, -0.0000000000000000000 ) ) ;
#2447 = DIRECTION ( 'NONE',  ( -0.0000000000000000000, 1.000000000000000000, -0.0000000000000000000 ) ) ;
#2448 = UNCERTAINTY_MEASURE_WITH_UNIT (LENGTH_MEASURE( 1.000000000000000082E-05 ), #1040, 'distance_accuracy_value', 'NONE');
#2449 = AXIS2_PLACEMENT_3D ( 'NONE', #120, #2612, #1355 ) ;
#2450 = DIRECTION ( 'NONE',  ( -0.0000000000000000000, -0.0000000000000000000, 1.000000000000000000 ) ) ;
#2451 =( GEOMETRIC_REPRESENTATION_CONTEXT ( 3 ) GLOBAL_UNCERTAINTY_ASSIGNED_CONTEXT ( ( #1896 ) ) GLOBAL_UNIT_ASSIGNED_CONTEXT ( ( #1592, #2587, #1101 ) ) REPRESENTATION_CONTEXT ( 'NONE', 'WORKASPACE' ) );
#2452 = DIRECTION ( 'NONE',  ( 0.0000000000000000000, 1.000000000000000000, 0.0000000000000000000 ) ) ;
#2453 = ORIENTED_EDGE ( 'NONE', *, *, #148, .F. ) ;
#2454 = LINE ( 'NONE', #3197, #3043 ) ;
#2455 = EDGE_CURVE ( 'NONE', #1540, #1947, #297, .T. ) ;
#2456 = CARTESIAN_POINT ( 'NONE',  ( 33.50000000000000000, -6.000000000000000000, -99.10000000000009379 ) ) ;
#2457 = AXIS2_PLACEMENT_3D ( 'NONE', #288, #2035, #1593 ) ;
#2458 = EDGE_LOOP ( 'NONE', ( #1864, #1090, #1794, #1493 ) ) ;
#2459 = FACE_OUTER_BOUND ( 'NONE', #2844, .T. ) ;
#2460 = EDGE_LOOP ( 'NONE', ( #1907, #1366 ) ) ;
#2461 = DIRECTION ( 'NONE',  ( 0.0000000000000000000, 0.0000000000000000000, -1.000000000000000000 ) ) ;
#2462 = ORIENTED_EDGE ( 'NONE', *, *, #764, .F. ) ;
#2463 = CYLINDRICAL_SURFACE ( 'NONE', #2917, 2.499999999999995115 ) ;
#2464 = PRESENTATION_LAYER_ASSIGNMENT (  '', '', ( #726 ) ) ;
#2465 = DIRECTION ( 'NONE',  ( 0.0000000000000000000, 0.0000000000000000000, 1.000000000000000000 ) ) ;
#2466 = CARTESIAN_POINT ( 'NONE',  ( 50.00000000000005684, 0.0000000000000000000, 347.4999999999999432 ) ) ;
#2467 = CARTESIAN_POINT ( 'NONE',  ( 7.347880794884116778E-16, 6.000000000000000000, 311.4999999999998863 ) ) ;
#2468 = AXIS2_PLACEMENT_3D ( 'NONE', #903, #3156, #2650 ) ;
#2469 = ORIENTED_EDGE ( 'NONE', *, *, #1994, .T. ) ;
#2470 = DIRECTION ( 'NONE',  ( -1.198082400674629553E-16, 0.0000000000000000000, -1.000000000000000000 ) ) ;
#2471 = EDGE_CURVE ( 'NONE', #2999, #1055, #779, .T. ) ;
#2472 = ORIENTED_EDGE ( 'NONE', *, *, #198, .T. ) ;
#2473 = CARTESIAN_POINT ( 'NONE',  ( -18.25000000000000355, 6.000000000000000888, -102.5000000000000853 ) ) ;
#2474 = CARTESIAN_POINT ( 'NONE',  ( 18.25000000000000355, 6.000000000000000000, -102.5000000000000853 ) ) ;
#2475 = EDGE_CURVE ( 'NONE', #2790, #28, #2112, .T. ) ;
#2476 = ORIENTED_EDGE ( 'NONE', *, *, #1432, .T. ) ;
#2477 = UNCERTAINTY_MEASURE_WITH_UNIT (LENGTH_MEASURE( 1.000000000000000082E-05 ), #1415, 'distance_accuracy_value', 'NONE');
#2478 = CARTESIAN_POINT ( 'NONE',  ( -3.833863682158814729E-14, -0.4999999999999995559, 3.499999999999888534 ) ) ;
#2479 = PRESENTATION_LAYER_ASSIGNMENT (  '', '', ( #987 ) ) ;
#2480 = CARTESIAN_POINT ( 'NONE',  ( -27.49999999999986855, 3.061616997868383141E-16, 347.4999999999999432 ) ) ;
#2481 = CYLINDRICAL_SURFACE ( 'NONE', #3194, 3.249999999999975131 ) ;
#2482 =( GEOMETRIC_REPRESENTATION_CONTEXT ( 3 ) GLOBAL_UNCERTAINTY_ASSIGNED_CONTEXT ( ( #651 ) ) GLOBAL_UNIT_ASSIGNED_CONTEXT ( ( #1117, #1823, #3055 ) ) REPRESENTATION_CONTEXT ( 'NONE', 'WORKASPACE' ) );
#2483 = DIRECTION ( 'NONE',  ( 1.000000000000000000, 0.0000000000000000000, 0.0000000000000000000 ) ) ;
#2484 = FACE_OUTER_BOUND ( 'NONE', #2964, .T. ) ;
#2485 = FACE_OUTER_BOUND ( 'NONE', #2678, .T. ) ;
#2486 = FACE_BOUND ( 'NONE', #3202, .T. ) ;
#2487 = CARTESIAN_POINT ( 'NONE',  ( 0.0000000000000000000, -6.000000000000000000, -322.5000000000001137 ) ) ;
#2488 = ORIENTED_EDGE ( 'NONE', *, *, #359, .T. ) ;
#2489 = CARTESIAN_POINT ( 'NONE',  ( 24.99999999999986855, 0.0000000000000000000, 322.4999999999998863 ) ) ;
#2490 = VERTEX_POINT ( 'NONE', #534 ) ;
#2491 = PRODUCT_RELATED_PRODUCT_CATEGORY ( 'part', '', ( #1100 ) ) ;
#2492 = DIRECTION ( 'NONE',  ( -0.0000000000000000000, 1.000000000000000000, -0.0000000000000000000 ) ) ;
#2493 = ORIENTED_EDGE ( 'NONE', *, *, #247, .T. ) ;
#2494 = DIRECTION ( 'NONE',  ( -0.0000000000000000000, -0.0000000000000000000, 1.000000000000000000 ) ) ;
#2495 = EDGE_CURVE ( 'NONE', #817, #16, #341, .T. ) ;
#2496 = EDGE_LOOP ( 'NONE', ( #363, #3222 ) ) ;
#2497 = DIRECTION ( 'NONE',  ( 0.0000000000000000000, 1.000000000000000000, 0.0000000000000000000 ) ) ;
#2498 = VERTEX_POINT ( 'NONE', #1773 ) ;
#2499 = FACE_OUTER_BOUND ( 'NONE', #960, .T. ) ;
#2500 = ORIENTED_EDGE ( 'NONE', *, *, #2872, .F. ) ;
#2501 = VERTEX_POINT ( 'NONE', #2345 ) ;
#2502 = AXIS2_PLACEMENT_3D ( 'NONE', #2632, #2396, #2610 ) ;
#2503 = PRESENTATION_STYLE_ASSIGNMENT (( #287 ) ) ;
#2504 = SURFACE_STYLE_FILL_AREA ( #1176 ) ;
#2505 = STYLED_ITEM ( 'NONE', ( #2503 ), #1860 ) ;
#2506 = DIRECTION ( 'NONE',  ( -0.0000000000000000000, -1.000000000000000000, -0.0000000000000000000 ) ) ;
#2507 = ORIENTED_EDGE ( 'NONE', *, *, #3235, .T. ) ;
#2508 = STYLED_ITEM ( 'NONE', ( #2806 ), #2963 ) ;
#2509 = DIRECTION ( 'NONE',  ( 0.0000000000000000000, 0.0000000000000000000, 1.000000000000000000 ) ) ;
#2510 = COLOUR_RGB ( '',0.8980392156862745390, 0.9176470588235293713, 0.9294117647058823817 ) ;
#2511 = EDGE_CURVE ( 'NONE', #1187, #853, #110, .T. ) ;
#2512 = FACE_BOUND ( 'NONE', #2053, .T. ) ;
#2513 = FILL_AREA_STYLE ('',( #1467 ) ) ;
#2514 = DIRECTION ( 'NONE',  ( 0.0000000000000000000, 1.000000000000000000, 0.0000000000000000000 ) ) ;
#2515 = PRESENTATION_STYLE_ASSIGNMENT (( #1396 ) ) ;
#2516 = EDGE_CURVE ( 'NONE', #361, #3177, #2974, .T. ) ;
#2517 = VERTEX_POINT ( 'NONE', #754 ) ;
#2518 = COLOUR_RGB ( '',0.5019607843137254832, 0.5019607843137254832, 0.5019607843137254832 ) ;
#2519 = CARTESIAN_POINT ( 'NONE',  ( 33.50000000000000000, 6.000000000000000000, -102.5000000000000853 ) ) ;
#2520 = DIRECTION ( 'NONE',  ( -0.0000000000000000000, 1.000000000000000000, -0.0000000000000000000 ) ) ;
#2521 = MECHANICAL_DESIGN_GEOMETRIC_PRESENTATION_REPRESENTATION (  '', ( #2203 ), #343 ) ;
#2522 = FACE_OUTER_BOUND ( 'NONE', #90, .T. ) ;
#2523 = SURFACE_STYLE_FILL_AREA ( #1751 ) ;
#2524 = VERTEX_POINT ( 'NONE', #1005 ) ;
#2525 = DIRECTION ( 'NONE',  ( -0.0000000000000000000, 1.000000000000000000, -0.0000000000000000000 ) ) ;
#2526 = AXIS2_PLACEMENT_3D ( 'NONE', #3082, #1590, #87 ) ;
#2527 = ADVANCED_FACE ( 'NONE', ( #2942 ), #3164, .F. ) ;
#2528 = ORIENTED_EDGE ( 'NONE', *, *, #1267, .F. ) ;
#2529 = CIRCLE ( 'NONE', #1653, 2.499999999999995115 ) ;
#2530 = DIRECTION ( 'NONE',  ( 0.0000000000000000000, 1.000000000000000000, 0.0000000000000000000 ) ) ;
#2531 = CARTESIAN_POINT ( 'NONE',  ( -33.50000000000000000, -6.000000000000000000, -332.5000000000001137 ) ) ;
#2532 = SURFACE_STYLE_FILL_AREA ( #2846 ) ;
#2533 = PRESENTATION_STYLE_ASSIGNMENT (( #50 ) ) ;
#2534 = CARTESIAN_POINT ( 'NONE',  ( 3.980102097228914009E-16, -6.000000000000000000, -165.7500000000001137 ) ) ;
#2535 = ORIENTED_EDGE ( 'NONE', *, *, #2989, .T. ) ;
#2536 = EDGE_LOOP ( 'NONE', ( #366, #885, #2308, #1579 ) ) ;
#2537 = EDGE_CURVE ( 'NONE', #2275, #2380, #1256, .T. ) ;
#2538 = DIRECTION ( 'NONE',  ( -0.0000000000000000000, 1.000000000000000000, -0.0000000000000000000 ) ) ;
#2539 = CARTESIAN_POINT ( 'NONE',  ( 0.0000000000000000000, -6.000000000000000000, 160.7499999999998863 ) ) ;
#2540 = CARTESIAN_POINT ( 'NONE',  ( 0.0000000000000000000, -0.4999999999999995559, 0.7499999999998948619 ) ) ;
#2541 = AXIS2_PLACEMENT_3D ( 'NONE', #2377, #672, #2320 ) ;
#2542 = ORIENTED_EDGE ( 'NONE', *, *, #1848, .F. ) ;
#2543 = CIRCLE ( 'NONE', #1043, 3.399999999999986144 ) ;
#2544 = DIRECTION ( 'NONE',  ( -0.0000000000000000000, 1.000000000000000000, -0.0000000000000000000 ) ) ;
#2545 = ADVANCED_FACE ( 'NONE', ( #2625 ), #229, .F. ) ;
#2546 = PRESENTATION_LAYER_ASSIGNMENT (  '', '', ( #950 ) ) ;
#2547 = CARTESIAN_POINT ( 'NONE',  ( -18.25000000000000355, 6.000000000000000888, 312.4999999999998863 ) ) ;
#2548 = CARTESIAN_POINT ( 'NONE',  ( -5.750795523238222409E-14, 6.000000000000000000, -156.5000000000000853 ) ) ;
#2549 = DIRECTION ( 'NONE',  ( -0.0000000000000000000, -1.000000000000000000, -0.0000000000000000000 ) ) ;
#2550 = COLOUR_RGB ( '',0.8980392156862745390, 0.9176470588235293713, 0.9294117647058823817 ) ;
#2551 =( NAMED_UNIT ( * ) PLANE_ANGLE_UNIT ( ) SI_UNIT ( $, .RADIAN. ) );
#2552 = ORIENTED_EDGE ( 'NONE', *, *, #505, .F. ) ;
#2553 = DIRECTION ( 'NONE',  ( 0.0000000000000000000, 0.0000000000000000000, 1.000000000000000000 ) ) ;
#2554 = FACE_OUTER_BOUND ( 'NONE', #2458, .T. ) ;
#2555 = DIRECTION ( 'NONE',  ( 0.0000000000000000000, -1.000000000000000000, 0.0000000000000000000 ) ) ;
#2556 = EDGE_CURVE ( 'NONE', #1189, #3213, #2109, .T. ) ;
#2557 = DIRECTION ( 'NONE',  ( -0.0000000000000000000, 1.000000000000000000, -0.0000000000000000000 ) ) ;
#2558 = CIRCLE ( 'NONE', #1588, 2.999999999999988898 ) ;
#2559 = CARTESIAN_POINT ( 'NONE',  ( 69.99999999999998579, -6.000000000000000000, -347.5000000000000568 ) ) ;
#2560 = DIRECTION ( 'NONE',  ( -0.0000000000000000000, 1.000000000000000000, -0.0000000000000000000 ) ) ;
#2561 = CARTESIAN_POINT ( 'NONE',  ( 0.0000000000000000000, -6.000000000000000000, 320.7499999999999432 ) ) ;
#2562 = AXIS2_PLACEMENT_3D ( 'NONE', #2868, #1849, #614 ) ;
#2563 = VERTEX_POINT ( 'NONE', #904 ) ;
#2564 = ADVANCED_FACE ( 'NONE', ( #2214 ), #1014, .F. ) ;
#2565 = LINE ( 'NONE', #39, #2208 ) ;
#2566 = CARTESIAN_POINT ( 'NONE',  ( 47.00000000000006395, 0.0000000000000000000, 335.6974181429172859 ) ) ;
#2567 = CARTESIAN_POINT ( 'NONE',  ( 3.980102097228908092E-16, -6.000000000000000000, -5.750000000000121680 ) ) ;
#2568 = CIRCLE ( 'NONE', #1759, 3.400000000000014122 ) ;
#2569 = FACE_BOUND ( 'NONE', #1461, .T. ) ;
#2570 = SURFACE_STYLE_USAGE ( .BOTH. , #1505 ) ;
#2571 = MECHANICAL_DESIGN_GEOMETRIC_PRESENTATION_REPRESENTATION (  '', ( #2623 ), #3073 ) ;
#2572 = EDGE_LOOP ( 'NONE', ( #1228, #2621, #239, #1492 ) ) ;
#2573 = SURFACE_SIDE_STYLE ('',( #710 ) ) ;
#2574 = VERTEX_POINT ( 'NONE', #2456 ) ;
#2575 = FILL_AREA_STYLE_COLOUR ( '', #1639 ) ;
#2576 = DIRECTION ( 'NONE',  ( -0.0000000000000000000, -0.0000000000000000000, 1.000000000000000000 ) ) ;
#2577 = EDGE_LOOP ( 'NONE', ( #2535, #1729 ) ) ;
#2578 = CARTESIAN_POINT ( 'NONE',  ( 62.00000000000003553, 0.0000000000000000000, 347.4999999999999432 ) ) ;
#2579 = CIRCLE ( 'NONE', #281, 3.250000000000007994 ) ;
#2580 = CARTESIAN_POINT ( 'NONE',  ( 64.50000000000002842, 0.0000000000000000000, 347.4999999999999432 ) ) ;
#2581 = AXIS2_PLACEMENT_3D ( 'NONE', #723, #1981, #215 ) ;
#2582 = CARTESIAN_POINT ( 'NONE',  ( -1.916931841079407364E-14, -0.4999999999999995559, 157.4999999999998863 ) ) ;
#2583 = ORIENTED_EDGE ( 'NONE', *, *, #526, .T. ) ;
#2584 = LINE ( 'NONE', #99, #501 ) ;
#2585 = DIRECTION ( 'NONE',  ( -0.0000000000000000000, 1.000000000000000000, -0.0000000000000000000 ) ) ;
#2586 = UNCERTAINTY_MEASURE_WITH_UNIT (LENGTH_MEASURE( 1.000000000000000082E-05 ), #277, 'distance_accuracy_value', 'NONE');
#2587 =( NAMED_UNIT ( * ) PLANE_ANGLE_UNIT ( ) SI_UNIT ( $, .RADIAN. ) );
#2588 = ORIENTED_EDGE ( 'NONE', *, *, #838, .T. ) ;
#2589 = ORIENTED_EDGE ( 'NONE', *, *, #316, .T. ) ;
#2590 = ADVANCED_FACE ( 'NONE', ( #3242 ), #2941, .F. ) ;
#2591 = EDGE_CURVE ( 'NONE', #3004, #631, #2254, .T. ) ;
#2592 = VECTOR ( 'NONE', #76, 1000.000000000000000 ) ;
#2593 = CARTESIAN_POINT ( 'NONE',  ( 33.50000000000000000, -6.000000000000000000, -102.5000000000000853 ) ) ;
#2594 = FILL_AREA_STYLE_COLOUR ( '', #3199 ) ;
#2595 = VERTEX_POINT ( 'NONE', #3172 ) ;
#2596 = AXIS2_PLACEMENT_3D ( 'NONE', #2217, #2450, #1470 ) ;
#2597 = DIRECTION ( 'NONE',  ( -0.0000000000000000000, 1.000000000000000000, -0.0000000000000000000 ) ) ;
#2598 = ORIENTED_EDGE ( 'NONE', *, *, #2741, .F. ) ;
#2599 = CARTESIAN_POINT ( 'NONE',  ( -3.833863682158814729E-14, 6.000000000000000000, 3.499999999999888534 ) ) ;
#2600 = PRESENTATION_LAYER_ASSIGNMENT (  '', '', ( #2944 ) ) ;
#2601 =( NAMED_UNIT ( * ) SI_UNIT ( $, .STERADIAN. ) SOLID_ANGLE_UNIT ( ) );
#2602 = VECTOR ( 'NONE', #411, 1000.000000000000000 ) ;
#2603 = CARTESIAN_POINT ( 'NONE',  ( 0.0000000000000000000, -6.000000000000000000, 157.4999999999998863 ) ) ;
#2604 = CARTESIAN_POINT ( 'NONE',  ( 70.00000000000005684, -6.000000000000000000, 347.4999999999999432 ) ) ;
#2605 = CARTESIAN_POINT ( 'NONE',  ( -33.50000000000000000, 6.000000000000000000, -102.5000000000000853 ) ) ;
#2606 = FACE_BOUND ( 'NONE', #2090, .T. ) ;
#2607 = ORIENTED_EDGE ( 'NONE', *, *, #2665, .T. ) ;
#2608 = ADVANCED_FACE ( 'NONE', ( #145 ), #864, .F. ) ;
#2609 = ORIENTED_EDGE ( 'NONE', *, *, #735, .F. ) ;
#2610 = DIRECTION ( 'NONE',  ( 0.0000000000000000000, 0.0000000000000000000, 1.000000000000000000 ) ) ;
#2611 = EDGE_LOOP ( 'NONE', ( #2436, #3206 ) ) ;
#2612 = DIRECTION ( 'NONE',  ( -0.0000000000000000000, -0.0000000000000000000, 1.000000000000000000 ) ) ;
#2613 = CYLINDRICAL_SURFACE ( 'NONE', #793, 3.400000000000014122 ) ;
#2614 = VERTEX_POINT ( 'NONE', #216 ) ;
#2615 = EDGE_CURVE ( 'NONE', #1749, #1121, #1291, .T. ) ;
#2616 = CYLINDRICAL_SURFACE ( 'NONE', #142, 2.499999999999995115 ) ;
#2617 =( NAMED_UNIT ( * ) SI_UNIT ( $, .STERADIAN. ) SOLID_ANGLE_UNIT ( ) );
#2618 = DIRECTION ( 'NONE',  ( -0.0000000000000000000, -1.000000000000000000, -0.0000000000000000000 ) ) ;
#2619 = AXIS2_PLACEMENT_3D ( 'NONE', #2582, #2843, #1120 ) ;
#2620 = ORIENTED_EDGE ( 'NONE', *, *, #1339, .T. ) ;
#2621 = ORIENTED_EDGE ( 'NONE', *, *, #127, .T. ) ;
#2622 = VERTEX_POINT ( 'NONE', #3008 ) ;
#2623 = STYLED_ITEM ( 'NONE', ( #549 ), #2078 ) ;
#2624 = DIRECTION ( 'NONE',  ( 0.0000000000000000000, 0.0000000000000000000, 1.000000000000000000 ) ) ;
#2625 = FACE_OUTER_BOUND ( 'NONE', #2572, .T. ) ;
#2626 = ORIENTED_EDGE ( 'NONE', *, *, #2741, .T. ) ;
#2627 = CONICAL_SURFACE ( 'NONE', #841, 2.499999999999995115, 1.029744258676656754 ) ;
#2628 = VERTEX_POINT ( 'NONE', #243 ) ;
#2629 = DIRECTION ( 'NONE',  ( 0.0000000000000000000, 0.0000000000000000000, 1.000000000000000000 ) ) ;
#2630 = EDGE_CURVE ( 'NONE', #2959, #901, #1520, .T. ) ;
#2631 =( LENGTH_UNIT ( ) NAMED_UNIT ( * ) SI_UNIT ( .MILLI., .METRE. ) );
#2632 = CARTESIAN_POINT ( 'NONE',  ( 33.50000000000000000, 6.000000000000000888, -102.5000000000000853 ) ) ;
#2633 = CIRCLE ( 'NONE', #31, 2.099999999999990763 ) ;
#2634 = EDGE_CURVE ( 'NONE', #2999, #1042, #190, .T. ) ;
#2635 = CARTESIAN_POINT ( 'NONE',  ( 0.0000000000000000000, -6.000000000000000000, -2.500000000000113243 ) ) ;
#2636 = AXIS2_PLACEMENT_3D ( 'NONE', #935, #1262, #2975 ) ;
#2637 = EDGE_LOOP ( 'NONE', ( #1601, #2462, #2191, #1835 ) ) ;
#2638 = ORIENTED_EDGE ( 'NONE', *, *, #2284, .T. ) ;
#2639 = DIRECTION ( 'NONE',  ( 0.0000000000000000000, 0.0000000000000000000, 1.000000000000000000 ) ) ;
#2640 = FACE_BOUND ( 'NONE', #911, .T. ) ;
#2641 =( LENGTH_UNIT ( ) NAMED_UNIT ( * ) SI_UNIT ( .MILLI., .METRE. ) );
#2642 = MECHANICAL_DESIGN_GEOMETRIC_PRESENTATION_REPRESENTATION (  '', ( #681 ), #619 ) ;
#2643 = SURFACE_SIDE_STYLE ('',( #2726 ) ) ;
#2644 = DIRECTION ( 'NONE',  ( 0.0000000000000000000, 0.0000000000000000000, 1.000000000000000000 ) ) ;
#2645 = CARTESIAN_POINT ( 'NONE',  ( 0.0000000000000000000, -0.4999999999999995559, 317.4999999999998863 ) ) ;
#2646 = UNCERTAINTY_MEASURE_WITH_UNIT (LENGTH_MEASURE( 1.000000000000000082E-05 ), #1948, 'distance_accuracy_value', 'NONE');
#2647 = FACE_OUTER_BOUND ( 'NONE', #128, .T. ) ;
#2648 = EDGE_LOOP ( 'NONE', ( #84, #3086 ) ) ;
#2649 = EDGE_CURVE ( 'NONE', #157, #739, #3159, .T. ) ;
#2650 = DIRECTION ( 'NONE',  ( 1.000000000000000000, 0.0000000000000000000, 0.0000000000000000000 ) ) ;
#2651 = VECTOR ( 'NONE', #2555, 1000.000000000000000 ) ;
#2652 = DIRECTION ( 'NONE',  ( 0.0000000000000000000, 0.0000000000000000000, 1.000000000000000000 ) ) ;
#2653 = CARTESIAN_POINT ( 'NONE',  ( 18.25000000000000355, -6.000000000000000000, -99.10000000000009379 ) ) ;
#2654 = DIRECTION ( 'NONE',  ( -0.0000000000000000000, 1.000000000000000000, -0.0000000000000000000 ) ) ;
#2655 = EDGE_CURVE ( 'NONE', #1259, #381, #2579, .T. ) ;
#2656 = SURFACE_STYLE_FILL_AREA ( #523 ) ;
#2657 =( GEOMETRIC_REPRESENTATION_CONTEXT ( 3 ) GLOBAL_UNCERTAINTY_ASSIGNED_CONTEXT ( ( #312 ) ) GLOBAL_UNIT_ASSIGNED_CONTEXT ( ( #52, #302, #2050 ) ) REPRESENTATION_CONTEXT ( 'NONE', 'WORKASPACE' ) );
#2658 = CIRCLE ( 'NONE', #1440, 2.499999999999995115 ) ;
#2659 = ORIENTED_EDGE ( 'NONE', *, *, #378, .F. ) ;
#2660 = AXIS2_PLACEMENT_3D ( 'NONE', #1761, #1484, #691 ) ;
#2661 = CIRCLE ( 'NONE', #3011, 6.000000000000001776 ) ;
#2662 = CARTESIAN_POINT ( 'NONE',  ( 18.25000000000000355, 6.000000000000000888, 309.0999999999999091 ) ) ;
#2663 = EDGE_LOOP ( 'NONE', ( #573, #685 ) ) ;
#2664 = DIRECTION ( 'NONE',  ( 1.000000000000000000, 0.0000000000000000000, 0.0000000000000000000 ) ) ;
#2665 = EDGE_CURVE ( 'NONE', #446, #631, #2813, .T. ) ;
#2666 = CARTESIAN_POINT ( 'NONE',  ( 62.00000000000003553, 0.0000000000000000000, 347.4999999999999432 ) ) ;
#2667 = CARTESIAN_POINT ( 'NONE',  ( -33.50000000000000000, 6.000000000000000888, 309.0999999999999091 ) ) ;
#2668 = DIRECTION ( 'NONE',  ( 1.000000000000000000, 0.0000000000000000000, 0.0000000000000000000 ) ) ;
#2669 = SURFACE_SIDE_STYLE ('',( #2226 ) ) ;
#2670 = AXIS2_PLACEMENT_3D ( 'NONE', #2666, #1196, #687 ) ;
#2671 = MECHANICAL_DESIGN_GEOMETRIC_PRESENTATION_REPRESENTATION (  '', ( #2505 ), #1764 ) ;
#2672 = FACE_BOUND ( 'NONE', #2724, .T. ) ;
#2673 = CARTESIAN_POINT ( 'NONE',  ( -3.833863682158814729E-14, -0.4999999999999995559, -2.500000000000113243 ) ) ;
#2674 = CARTESIAN_POINT ( 'NONE',  ( -7.667727364317629458E-14, -0.4999999999999995559, -316.5000000000001137 ) ) ;
#2675 =( GEOMETRIC_REPRESENTATION_CONTEXT ( 3 ) GLOBAL_UNCERTAINTY_ASSIGNED_CONTEXT ( ( #989 ) ) GLOBAL_UNIT_ASSIGNED_CONTEXT ( ( #1312, #2273, #1596 ) ) REPRESENTATION_CONTEXT ( 'NONE', 'WORKASPACE' ) );
#2676 = LINE ( 'NONE', #233, #1003 ) ;
#2677 = UNCERTAINTY_MEASURE_WITH_UNIT (LENGTH_MEASURE( 1.000000000000000082E-05 ), #58, 'distance_accuracy_value', 'NONE');
#2678 = EDGE_LOOP ( 'NONE', ( #1048, #1891, #64, #930 ) ) ;
#2679 = FACE_OUTER_BOUND ( 'NONE', #2988, .T. ) ;
#2680 =( NAMED_UNIT ( * ) SI_UNIT ( $, .STERADIAN. ) SOLID_ANGLE_UNIT ( ) );
#2681 = VERTEX_POINT ( 'NONE', #2467 ) ;
#2682 = EDGE_CURVE ( 'NONE', #805, #2365, #827, .T. ) ;
#2683 = EDGE_LOOP ( 'NONE', ( #2589, #845 ) ) ;
#2684 = ADVANCED_FACE ( 'NONE', ( #1674 ), #2015, .F. ) ;
#2685 = PRESENTATION_STYLE_ASSIGNMENT (( #917 ) ) ;
#2686 = FACE_BOUND ( 'NONE', #439, .T. ) ;
#2687 = AXIS2_PLACEMENT_3D ( 'NONE', #2531, #808, #2553 ) ;
#2688 = ORIENTED_EDGE ( 'NONE', *, *, #961, .T. ) ;
#2689 = FACE_BOUND ( 'NONE', #503, .T. ) ;
#2690 = CARTESIAN_POINT ( 'NONE',  ( 0.0000000000000000000, -0.4999999999999995559, 323.4999999999998863 ) ) ;
#2691 = FILL_AREA_STYLE ('',( #605 ) ) ;
#2692 = AXIS2_PLACEMENT_3D ( 'NONE', #1538, #770, #757 ) ;
#2693 = ORIENTED_EDGE ( 'NONE', *, *, #2722, .F. ) ;
#2694 = CIRCLE ( 'NONE', #3215, 3.250000000000002665 ) ;
#2695 = ORIENTED_EDGE ( 'NONE', *, *, #3061, .F. ) ;
#2696 = AXIS2_PLACEMENT_3D ( 'NONE', #497, #2242, #1725 ) ;
#2697 = ORIENTED_EDGE ( 'NONE', *, *, #1610, .T. ) ;
#2698 = CYLINDRICAL_SURFACE ( 'NONE', #1829, 10.00000000000000888 ) ;
#2699 = EDGE_CURVE ( 'NONE', #2959, #1758, #2065, .T. ) ;
#2700 = ORIENTED_EDGE ( 'NONE', *, *, #1890, .F. ) ;
#2701 = ORIENTED_EDGE ( 'NONE', *, *, #3185, .T. ) ;
#2702 = CARTESIAN_POINT ( 'NONE',  ( 22.49999999999987566, 3.061616997868377225E-16, 322.4999999999998863 ) ) ;
#2703 = LINE ( 'NONE', #2783, #1960 ) ;
#2704 = STYLED_ITEM ( 'NONE', ( #1884 ), #529 ) ;
#2705 = SURFACE_SIDE_STYLE ('',( #1591 ) ) ;
#2706 = CARTESIAN_POINT ( 'NONE',  ( -33.50000000000000000, -6.000000000000000000, 312.4999999999998863 ) ) ;
#2707 = DIRECTION ( 'NONE',  ( 0.0000000000000000000, 1.000000000000000000, 0.0000000000000000000 ) ) ;
#2708 = FILL_AREA_STYLE ('',( #1733 ) ) ;
#2709 = PRESENTATION_LAYER_ASSIGNMENT (  '', '', ( #433 ) ) ;
#2710 = CARTESIAN_POINT ( 'NONE',  ( -18.25000000000000355, 6.000000000000000000, -102.5000000000000853 ) ) ;
#2711 = CIRCLE ( 'NONE', #2012, 2.499999999999998668 ) ;
#2712 = ORIENTED_EDGE ( 'NONE', *, *, #1468, .F. ) ;
#2713 = DIRECTION ( 'NONE',  ( 0.0000000000000000000, 0.0000000000000000000, 1.000000000000000000 ) ) ;
#2714 = PRESENTATION_STYLE_ASSIGNMENT (( #3191 ) ) ;
#2715 = UNCERTAINTY_MEASURE_WITH_UNIT (LENGTH_MEASURE( 1.000000000000000082E-05 ), #1699, 'distance_accuracy_value', 'NONE');
#2716 = CARTESIAN_POINT ( 'NONE',  ( -41.00000000000003553, 6.000000000000000000, 199.5999999999999091 ) ) ;
#2717 = CARTESIAN_POINT ( 'NONE',  ( -3.833863682158814729E-14, 6.000000000000000000, -2.500000000000113243 ) ) ;
#2718 = ORIENTED_EDGE ( 'NONE', *, *, #552, .F. ) ;
#2719 =( NAMED_UNIT ( * ) PLANE_ANGLE_UNIT ( ) SI_UNIT ( $, .RADIAN. ) );
#2720 = SURFACE_SIDE_STYLE ('',( #481 ) ) ;
#2721 = FACE_OUTER_BOUND ( 'NONE', #1088, .T. ) ;
#2722 = EDGE_CURVE ( 'NONE', #2574, #3057, #1376, .T. ) ;
#2723 = SURFACE_SIDE_STYLE ('',( #3224 ) ) ;
#2724 = EDGE_LOOP ( 'NONE', ( #206, #564 ) ) ;
#2725 = FACE_OUTER_BOUND ( 'NONE', #1883, .T. ) ;
#2726 = SURFACE_STYLE_FILL_AREA ( #2119 ) ;
#2727 = AXIS2_PLACEMENT_3D ( 'NONE', #894, #1606, #2639 ) ;
#2728 = CIRCLE ( 'NONE', #352, 6.000000000000005329 ) ;
#2729 = DIRECTION ( 'NONE',  ( 1.198082400674629553E-16, 0.0000000000000000000, 1.000000000000000000 ) ) ;
#2730 = EDGE_LOOP ( 'NONE', ( #149, #2736, #1968 ) ) ;
#2731 = CARTESIAN_POINT ( 'NONE',  ( 3.980102097228929293E-16, -6.000000000000000000, -325.7500000000001137 ) ) ;
#2732 = DIRECTION ( 'NONE',  ( -0.0000000000000000000, 1.000000000000000000, -0.0000000000000000000 ) ) ;
#2733 = LINE ( 'NONE', #1824, #1024 ) ;
#2734 = FILL_AREA_STYLE_COLOUR ( '', #226 ) ;
#2735 = AXIS2_PLACEMENT_3D ( 'NONE', #1754, #2520, #806 ) ;
#2736 = ORIENTED_EDGE ( 'NONE', *, *, #2003, .T. ) ;
#2737 = AXIS2_PLACEMENT_3D ( 'NONE', #344, #926, #70 ) ;
#2738 = VERTEX_POINT ( 'NONE', #746 ) ;
#2739 = VERTEX_POINT ( 'NONE', #3226 ) ;
#2740 = ORIENTED_EDGE ( 'NONE', *, *, #706, .T. ) ;
#2741 = EDGE_CURVE ( 'NONE', #2978, #3168, #2658, .T. ) ;
#2742 = CARTESIAN_POINT ( 'NONE',  ( 50.00000000000005684, 0.0000000000000000000, 337.4999999999998863 ) ) ;
#2743 = DIRECTION ( 'NONE',  ( -0.0000000000000000000, -1.000000000000000000, -0.0000000000000000000 ) ) ;
#2744 = CARTESIAN_POINT ( 'NONE',  ( -46.99999999999995026, 0.0000000000000000000, 337.4999999999998863 ) ) ;
#2745 = EDGE_CURVE ( 'NONE', #2213, #446, #106, .T. ) ;
#2746 = EDGE_LOOP ( 'NONE', ( #1904, #9 ) ) ;
#2747 = DIRECTION ( 'NONE',  ( -0.0000000000000000000, 1.000000000000000000, -0.0000000000000000000 ) ) ;
#2748 = ORIENTED_EDGE ( 'NONE', *, *, #510, .T. ) ;
#2749 = CARTESIAN_POINT ( 'NONE',  ( 70.00000000000005684, 6.000000000000000000, 347.4999999999999432 ) ) ;
#2750 = DIRECTION ( 'NONE',  ( -0.0000000000000000000, -0.0000000000000000000, 1.000000000000000000 ) ) ;
#2751 = STYLED_ITEM ( 'NONE', ( #2928 ), #1706 ) ;
#2752 = LINE ( 'NONE', #2082, #1738 ) ;
#2753 =( GEOMETRIC_REPRESENTATION_CONTEXT ( 3 ) GLOBAL_UNCERTAINTY_ASSIGNED_CONTEXT ( ( #2646 ) ) GLOBAL_UNIT_ASSIGNED_CONTEXT ( ( #1948, #1201, #2951 ) ) REPRESENTATION_CONTEXT ( 'NONE', 'WORKASPACE' ) );
#2754 = CARTESIAN_POINT ( 'NONE',  ( 0.0000000000000000000, 6.000000000000000000, 323.4999999999998863 ) ) ;
#2755 = CIRCLE ( 'NONE', #499, 3.399999999999958611 ) ;
#2756 = CYLINDRICAL_SURFACE ( 'NONE', #2636, 3.400000000000014122 ) ;
#2757 = CARTESIAN_POINT ( 'NONE',  ( 33.50000000000000000, 6.000000000000000888, 309.0999999999999091 ) ) ;
#2758 = EDGE_LOOP ( 'NONE', ( #2943, #1562 ) ) ;
#2759 = ORIENTED_EDGE ( 'NONE', *, *, #2887, .T. ) ;
#2760 = DIRECTION ( 'NONE',  ( 0.0000000000000000000, -1.000000000000000000, 0.0000000000000000000 ) ) ;
#2761 = DIRECTION ( 'NONE',  ( 0.8571673007021134438, 0.0000000000000000000, 0.5150380749100522682 ) ) ;
#2762 = CIRCLE ( 'NONE', #2072, 2.099999999999990763 ) ;
#2763 = CARTESIAN_POINT ( 'NONE',  ( -24.99999999999986855, 0.0000000000000000000, 322.4999999999998863 ) ) ;
#2764 = ORIENTED_EDGE ( 'NONE', *, *, #2125, .T. ) ;
#2765 = DIRECTION ( 'NONE',  ( -0.0000000000000000000, 1.000000000000000000, -0.0000000000000000000 ) ) ;
#2766 = EDGE_CURVE ( 'NONE', #2075, #1529, #1336, .T. ) ;
#2767 = CARTESIAN_POINT ( 'NONE',  ( -3.833863682158814729E-14, -0.4999999999999995559, -2.500000000000113243 ) ) ;
#2768 = FACE_OUTER_BOUND ( 'NONE', #2402, .T. ) ;
#2769 =( NAMED_UNIT ( * ) PLANE_ANGLE_UNIT ( ) SI_UNIT ( $, .RADIAN. ) );
#2770 = DIRECTION ( 'NONE',  ( -0.0000000000000000000, 1.000000000000000000, -0.0000000000000000000 ) ) ;
#2771 = FACE_BOUND ( 'NONE', #2758, .T. ) ;
#2772 = CYLINDRICAL_SURFACE ( 'NONE', #1027, 3.250000000000002665 ) ;
#2773 = ORIENTED_EDGE ( 'NONE', *, *, #2929, .F. ) ;
#2774 = AXIS2_PLACEMENT_3D ( 'NONE', #2886, #2420, #177 ) ;
#2775 = CARTESIAN_POINT ( 'NONE',  ( -1.916931841079407364E-14, -0.4999999999999995559, 157.4999999999998863 ) ) ;
#2776 = CARTESIAN_POINT ( 'NONE',  ( -33.50000000000000000, 6.000000000000000000, -105.9000000000000767 ) ) ;
#2777 = DIRECTION ( 'NONE',  ( -0.0000000000000000000, 1.000000000000000000, -0.0000000000000000000 ) ) ;
#2778 = PRESENTATION_LAYER_ASSIGNMENT (  '', '', ( #2751 ) ) ;
#2779 = SURFACE_STYLE_USAGE ( .BOTH. , #703 ) ;
#2780 = ORIENTED_EDGE ( 'NONE', *, *, #1251, .F. ) ;
#2781 =( NAMED_UNIT ( * ) PLANE_ANGLE_UNIT ( ) SI_UNIT ( $, .RADIAN. ) );
#2782 = AXIS2_PLACEMENT_3D ( 'NONE', #2794, #47, #3100 ) ;
#2783 = CARTESIAN_POINT ( 'NONE',  ( 3.980102097228908092E-16, -6.000000000000000000, 154.2499999999998863 ) ) ;
#2784 = DIRECTION ( 'NONE',  ( -0.0000000000000000000, 1.000000000000000000, -0.0000000000000000000 ) ) ;
#2785 = SURFACE_STYLE_FILL_AREA ( #879 ) ;
#2786 = VERTEX_POINT ( 'NONE', #1257 ) ;
#2787 = EDGE_CURVE ( 'NONE', #3057, #30, #902, .T. ) ;
#2788 = ORIENTED_EDGE ( 'NONE', *, *, #1267, .T. ) ;
#2789 = VECTOR ( 'NONE', #1031, 1000.000000000000000 ) ;
#2790 = VERTEX_POINT ( 'NONE', #1531 ) ;
#2791 = EDGE_LOOP ( 'NONE', ( #1923, #1660, #1151, #1692 ) ) ;
#2792 = FACE_OUTER_BOUND ( 'NONE', #1790, .T. ) ;
#2793 = EDGE_CURVE ( 'NONE', #294, #901, #2762, .T. ) ;
#2794 = CARTESIAN_POINT ( 'NONE',  ( 33.50000000000000000, -6.000000000000000000, -102.5000000000000853 ) ) ;
#2795 = ORIENTED_EDGE ( 'NONE', *, *, #1910, .T. ) ;
#2796 = ADVANCED_FACE ( 'NONE', ( #1416 ), #492, .F. ) ;
#2797 = SURFACE_STYLE_FILL_AREA ( #909 ) ;
#2798 =( NAMED_UNIT ( * ) SI_UNIT ( $, .STERADIAN. ) SOLID_ANGLE_UNIT ( ) );
#2799 = CARTESIAN_POINT ( 'NONE',  ( 18.25000000000000355, 6.000000000000000000, 312.4999999999998863 ) ) ;
#2800 = CIRCLE ( 'NONE', #1475, 3.250000000000007994 ) ;
#2801 = AXIS2_PLACEMENT_3D ( 'NONE', #512, #1514, #1238 ) ;
#2802 =( NAMED_UNIT ( * ) SI_UNIT ( $, .STERADIAN. ) SOLID_ANGLE_UNIT ( ) );
#2803 = CIRCLE ( 'NONE', #692, 3.399999999999958611 ) ;
#2804 = SURFACE_SIDE_STYLE ('',( #2656 ) ) ;
#2805 = DIRECTION ( 'NONE',  ( -0.0000000000000000000, 1.000000000000000000, -0.0000000000000000000 ) ) ;
#2806 = PRESENTATION_STYLE_ASSIGNMENT (( #414 ) ) ;
#2807 = LINE ( 'NONE', #2998, #3193 ) ;
#2808 = DIRECTION ( 'NONE',  ( -0.0000000000000000000, 1.000000000000000000, -0.0000000000000000000 ) ) ;
#2809 = DIRECTION ( 'NONE',  ( 0.0000000000000000000, -1.000000000000000000, 0.0000000000000000000 ) ) ;
#2810 = CARTESIAN_POINT ( 'NONE',  ( -22.49999999999987566, 0.0000000000000000000, 322.4999999999998863 ) ) ;
#2811 = CARTESIAN_POINT ( 'NONE',  ( 69.99999999999998579, 6.000000000000000000, -337.5000000000000000 ) ) ;
#2812 = PRESENTATION_STYLE_ASSIGNMENT (( #1301 ) ) ;
#2813 = LINE ( 'NONE', #2811, #257 ) ;
#2814 = DIRECTION ( 'NONE',  ( 0.0000000000000000000, 0.0000000000000000000, 1.000000000000000000 ) ) ;
#2815 = EDGE_CURVE ( 'NONE', #901, #294, #938, .T. ) ;
#2816 = CARTESIAN_POINT ( 'NONE',  ( 33.50000000000000000, 6.000000000000000000, 312.4999999999998863 ) ) ;
#2817 = FILL_AREA_STYLE ('',( #2575 ) ) ;
#2818 = ADVANCED_FACE ( 'NONE', ( #2386 ), #1140, .F. ) ;
#2819 = DIRECTION ( 'NONE',  ( -0.0000000000000000000, -0.0000000000000000000, 1.000000000000000000 ) ) ;
#2820 = EDGE_CURVE ( 'NONE', #2228, #192, #417, .T. ) ;
#2821 = CIRCLE ( 'NONE', #1, 6.000000000000005329 ) ;
#2822 = EDGE_LOOP ( 'NONE', ( #197, #2007, #1309, #93 ) ) ;
#2823 = EDGE_LOOP ( 'NONE', ( #1872, #1952, #1686, #646 ) ) ;
#2824 =( GEOMETRIC_REPRESENTATION_CONTEXT ( 3 ) GLOBAL_UNCERTAINTY_ASSIGNED_CONTEXT ( ( #2477 ) ) GLOBAL_UNIT_ASSIGNED_CONTEXT ( ( #1415, #2411, #1908 ) ) REPRESENTATION_CONTEXT ( 'NONE', 'WORKASPACE' ) );
#2825 = CARTESIAN_POINT ( 'NONE',  ( 59.50000000000003553, 3.061616997868377225E-16, 322.4999999999998863 ) ) ;
#2826 = SURFACE_STYLE_USAGE ( .BOTH. , #1564 ) ;
#2827 = UNCERTAINTY_MEASURE_WITH_UNIT (LENGTH_MEASURE( 1.000000000000000082E-05 ), #2641, 'distance_accuracy_value', 'NONE');
#2828 =( NAMED_UNIT ( * ) PLANE_ANGLE_UNIT ( ) SI_UNIT ( $, .RADIAN. ) );
#2829 = CARTESIAN_POINT ( 'NONE',  ( -41.00000000000003553, -6.000000000000000888, 197.4999999999999147 ) ) ;
#2830 =( NAMED_UNIT ( * ) SI_UNIT ( $, .STERADIAN. ) SOLID_ANGLE_UNIT ( ) );
#2831 = SURFACE_STYLE_USAGE ( .BOTH. , #1325 ) ;
#2832 = CARTESIAN_POINT ( 'NONE',  ( -60.00000000000003553, 6.000000000000000000, -337.5000000000000000 ) ) ;
#2833 = AXIS2_PLACEMENT_3D ( 'NONE', #3067, #575, #622 ) ;
#2834 = DIRECTION ( 'NONE',  ( -0.0000000000000000000, -0.0000000000000000000, 1.000000000000000000 ) ) ;
#2835 = DIRECTION ( 'NONE',  ( -0.0000000000000000000, 1.000000000000000000, -0.0000000000000000000 ) ) ;
#2836 = ORIENTED_EDGE ( 'NONE', *, *, #2403, .F. ) ;
#2837 = AXIS2_PLACEMENT_3D ( 'NONE', #1712, #2506, #1016 ) ;
#2838 = ADVANCED_FACE ( 'NONE', ( #2339 ), #293, .F. ) ;
#2839 = ORIENTED_EDGE ( 'NONE', *, *, #1971, .T. ) ;
#2840 = DIRECTION ( 'NONE',  ( -0.0000000000000000000, -1.000000000000000000, -0.0000000000000000000 ) ) ;
#2841 = EDGE_CURVE ( 'NONE', #192, #783, #1010, .T. ) ;
#2842 = CARTESIAN_POINT ( 'NONE',  ( -49.99999999999995026, 3.673940397442050007E-16, 347.4999999999999432 ) ) ;
#2843 = DIRECTION ( 'NONE',  ( -0.0000000000000000000, 1.000000000000000000, -0.0000000000000000000 ) ) ;
#2844 = EDGE_LOOP ( 'NONE', ( #3231, #74, #367, #3196 ) ) ;
#2845 = DIRECTION ( 'NONE',  ( -0.0000000000000000000, 1.000000000000000000, -0.0000000000000000000 ) ) ;
#2846 = FILL_AREA_STYLE ('',( #861 ) ) ;
#2847 = EDGE_CURVE ( 'NONE', #82, #1393, #1669, .T. ) ;
#2848 = CARTESIAN_POINT ( 'NONE',  ( 70.00000000000005684, -6.000000000000000000, 347.4999999999999432 ) ) ;
#2849 = FACE_OUTER_BOUND ( 'NONE', #2152, .T. ) ;
#2850 = PRESENTATION_LAYER_ASSIGNMENT (  '', '', ( #2505 ) ) ;
#2851 = ORIENTED_EDGE ( 'NONE', *, *, #2953, .T. ) ;
#2852 = CARTESIAN_POINT ( 'NONE',  ( -24.99999999999986855, 0.0000000000000000000, 347.4999999999999432 ) ) ;
#2853 = DIRECTION ( 'NONE',  ( 0.0000000000000000000, 0.0000000000000000000, 1.000000000000000000 ) ) ;
#2854 = ORIENTED_EDGE ( 'NONE', *, *, #2185, .F. ) ;
#2855 = ADVANCED_FACE ( 'NONE', ( #2721 ), #536, .F. ) ;
#2856 = VECTOR ( 'NONE', #339, 1000.000000000000000 ) ;
#2857 = CARTESIAN_POINT ( 'NONE',  ( -1.916931841079407364E-14, -0.4999999999999995559, 163.4999999999998863 ) ) ;
#2858 = VECTOR ( 'NONE', #2549, 1000.000000000000000 ) ;
#2859 = STYLED_ITEM ( 'NONE', ( #2180 ), #2855 ) ;
#2860 =( NAMED_UNIT ( * ) SI_UNIT ( $, .STERADIAN. ) SOLID_ANGLE_UNIT ( ) );
#2861 = LINE ( 'NONE', #2810, #1221 ) ;
#2862 = ORIENTED_EDGE ( 'NONE', *, *, #423, .F. ) ;
#2863 = LINE ( 'NONE', #1838, #2980 ) ;
#2864 = ORIENTED_EDGE ( 'NONE', *, *, #1685, .T. ) ;
#2865 = EDGE_CURVE ( 'NONE', #2628, #388, #2969, .T. ) ;
#2866 = ORIENTED_EDGE ( 'NONE', *, *, #2031, .T. ) ;
#2867 = VERTEX_POINT ( 'NONE', #368 ) ;
#2868 = CARTESIAN_POINT ( 'NONE',  ( 33.50000000000000000, 6.000000000000000888, -332.5000000000001137 ) ) ;
#2869 = DIRECTION ( 'NONE',  ( -0.0000000000000000000, 1.000000000000000000, -0.0000000000000000000 ) ) ;
#2870 = DIRECTION ( 'NONE',  ( 0.0000000000000000000, 0.0000000000000000000, 1.000000000000000000 ) ) ;
#2871 = FILL_AREA_STYLE ('',( #1356 ) ) ;
#2872 = EDGE_CURVE ( 'NONE', #2738, #3168, #1642, .T. ) ;
#2873 = DIRECTION ( 'NONE',  ( 0.0000000000000000000, 0.0000000000000000000, 1.000000000000000000 ) ) ;
#2874 = CARTESIAN_POINT ( 'NONE',  ( -33.50000000000000000, 6.000000000000000000, 309.0999999999998522 ) ) ;
#2875 = ADVANCED_FACE ( 'NONE', ( #979 ), #665, .F. ) ;
#2876 = AXIS2_PLACEMENT_3D ( 'NONE', #800, #2845, #2061 ) ;
#2877 =( NAMED_UNIT ( * ) PLANE_ANGLE_UNIT ( ) SI_UNIT ( $, .RADIAN. ) );
#2878 = DIRECTION ( 'NONE',  ( -0.0000000000000000000, -1.000000000000000000, -0.0000000000000000000 ) ) ;
#2879 = DIRECTION ( 'NONE',  ( -0.0000000000000000000, 1.000000000000000000, -0.0000000000000000000 ) ) ;
#2880 = MECHANICAL_DESIGN_GEOMETRIC_PRESENTATION_REPRESENTATION (  '', ( #752 ), #588 ) ;
#2881 = ORIENTED_EDGE ( 'NONE', *, *, #666, .T. ) ;
#2882 = ORIENTED_EDGE ( 'NONE', *, *, #3132, .F. ) ;
#2883 =( NAMED_UNIT ( * ) SI_UNIT ( $, .STERADIAN. ) SOLID_ANGLE_UNIT ( ) );
#2884 = CIRCLE ( 'NONE', #2977, 3.250000000000030642 ) ;
#2885 = CARTESIAN_POINT ( 'NONE',  ( 41.00000000000003553, -6.000000000000000000, 199.5999999999999091 ) ) ;
#2886 = CARTESIAN_POINT ( 'NONE',  ( 0.0000000000000000000, -0.4999999999999995559, 157.4999999999998863 ) ) ;
#2887 = EDGE_CURVE ( 'NONE', #2187, #2681, #2211, .T. ) ;
#2888 = CYLINDRICAL_SURFACE ( 'NONE', #2303, 2.099999999999990763 ) ;
#2889 = DIRECTION ( 'NONE',  ( 0.0000000000000000000, 0.0000000000000000000, 1.000000000000000000 ) ) ;
#2890 = UNCERTAINTY_MEASURE_WITH_UNIT (LENGTH_MEASURE( 1.000000000000000082E-05 ), #858, 'distance_accuracy_value', 'NONE');
#2891 = LINE ( 'NONE', #2955, #1283 ) ;
#2892 = AXIS2_PLACEMENT_3D ( 'NONE', #1826, #2060, #307 ) ;
#2893 = CARTESIAN_POINT ( 'NONE',  ( 27.49999999999986500, 0.0000000000000000000, 322.4999999999998863 ) ) ;
#2894 = PRESENTATION_LAYER_ASSIGNMENT (  '', '', ( #1696 ) ) ;
#2895 = CARTESIAN_POINT ( 'NONE',  ( 0.0000000000000000000, -6.000000000000000000, 0.0000000000000000000 ) ) ;
#2896 = FILL_AREA_STYLE_COLOUR ( '', #3210 ) ;
#2897 = LINE ( 'NONE', #2559, #1479 ) ;
#2898 = VECTOR ( 'NONE', #2280, 1000.000000000000000 ) ;
#2899 = FACE_BOUND ( 'NONE', #1198, .T. ) ;
#2900 = CARTESIAN_POINT ( 'NONE',  ( 18.25000000000000355, 6.000000000000000888, -335.9000000000000909 ) ) ;
#2901 = DIRECTION ( 'NONE',  ( -0.0000000000000000000, 1.000000000000000000, -0.0000000000000000000 ) ) ;
#2902 = CARTESIAN_POINT ( 'NONE',  ( 0.0000000000000000000, -0.4999999999999995559, -2.500000000000113243 ) ) ;
#2903 =( LENGTH_UNIT ( ) NAMED_UNIT ( * ) SI_UNIT ( .MILLI., .METRE. ) );
#2904 = LINE ( 'NONE', #2874, #1483 ) ;
#2905 = LINE ( 'NONE', #357, #3090 ) ;
#2906 = EDGE_CURVE ( 'NONE', #16, #817, #2249, .T. ) ;
#2907 = CIRCLE ( 'NONE', #258, 3.399999999999958611 ) ;
#2908 = CARTESIAN_POINT ( 'NONE',  ( -59.50000000000003553, 0.0000000000000000000, 347.4999999999999432 ) ) ;
#2909 = CARTESIAN_POINT ( 'NONE',  ( 3.980102097228908092E-16, -6.000000000000000000, -165.7500000000001137 ) ) ;
#2910 = CARTESIAN_POINT ( 'NONE',  ( -33.50000000000000000, -6.000000000000000000, -99.10000000000009379 ) ) ;
#2911 = DIRECTION ( 'NONE',  ( 0.0000000000000000000, 0.0000000000000000000, 1.000000000000000000 ) ) ;
#2912 = DIRECTION ( 'NONE',  ( -0.0000000000000000000, 1.000000000000000000, -0.0000000000000000000 ) ) ;
#2913 = AXIS2_PLACEMENT_3D ( 'NONE', #2163, #150, #1898 ) ;
#2914 = ORIENTED_EDGE ( 'NONE', *, *, #1339, .F. ) ;
#2915 = CARTESIAN_POINT ( 'NONE',  ( 18.25000000000000355, 6.000000000000000000, -102.5000000000000853 ) ) ;
#2916 = ORIENTED_EDGE ( 'NONE', *, *, #1663, .T. ) ;
#2917 = AXIS2_PLACEMENT_3D ( 'NONE', #3037, #1672, #175 ) ;
#2918 = EDGE_LOOP ( 'NONE', ( #2395, #1381, #1035 ) ) ;
#2919 = CARTESIAN_POINT ( 'NONE',  ( -33.50000000000000000, -6.000000000000000000, -332.5000000000001137 ) ) ;
#2920 = DIRECTION ( 'NONE',  ( 0.0000000000000000000, 1.000000000000000000, 0.0000000000000000000 ) ) ;
#2921 = DIRECTION ( 'NONE',  ( 0.0000000000000000000, 0.0000000000000000000, 1.000000000000000000 ) ) ;
#2922 = AXIS2_PLACEMENT_3D ( 'NONE', #848, #103, #2110 ) ;
#2923 = CARTESIAN_POINT ( 'NONE',  ( 41.00000000000003553, 6.000000000000000000, 197.4999999999999147 ) ) ;
#2924 = ORIENTED_EDGE ( 'NONE', *, *, #2630, .F. ) ;
#2925 = ORIENTED_EDGE ( 'NONE', *, *, #1360, .F. ) ;
#2926 = SURFACE_SIDE_STYLE ('',( #2785 ) ) ;
#2927 = LINE ( 'NONE', #425, #55 ) ;
#2928 = PRESENTATION_STYLE_ASSIGNMENT (( #3036 ) ) ;
#2929 = EDGE_CURVE ( 'NONE', #2305, #3163, #2454, .T. ) ;
#2930 = DIRECTION ( 'NONE',  ( -0.0000000000000000000, 1.000000000000000000, -0.0000000000000000000 ) ) ;
#2931 = ORIENTED_EDGE ( 'NONE', *, *, #2161, .T. ) ;
#2932 = EDGE_LOOP ( 'NONE', ( #1737, #2221 ) ) ;
#2933 = CARTESIAN_POINT ( 'NONE',  ( -49.99999999999995026, 3.673940397442054445E-16, 337.4999999999998863 ) ) ;
#2934 = CARTESIAN_POINT ( 'NONE',  ( 0.0000000000000000000, -0.4999999999999995559, -159.2500000000001137 ) ) ;
#2935 = EDGE_CURVE ( 'NONE', #511, #2022, #1713, .T. ) ;
#2936 = FACE_OUTER_BOUND ( 'NONE', #2611, .T. ) ;
#2937 = CARTESIAN_POINT ( 'NONE',  ( -5.677316715289381320E-14, -0.4999999999999995559, -168.5000000000000853 ) ) ;
#2938 = DIRECTION ( 'NONE',  ( -0.0000000000000000000, 1.000000000000000000, -0.0000000000000000000 ) ) ;
#2939 = AXIS2_PLACEMENT_3D ( 'NONE', #1442, #679, #191 ) ;
#2940 = FACE_BOUND ( 'NONE', #427, .T. ) ;
#2941 = CONICAL_SURFACE ( 'NONE', #3039, 2.999999999999995559, 1.029744258676660973 ) ;
#2942 = FACE_OUTER_BOUND ( 'NONE', #122, .T. ) ;
#2943 = ORIENTED_EDGE ( 'NONE', *, *, #2418, .T. ) ;
#2944 = STYLED_ITEM ( 'NONE', ( #1554 ), #2684 ) ;
#2945 = VERTEX_POINT ( 'NONE', #2299 ) ;
#2946 = DIRECTION ( 'NONE',  ( 0.0000000000000000000, 0.0000000000000000000, 1.000000000000000000 ) ) ;
#2947 = FACE_OUTER_BOUND ( 'NONE', #3052, .T. ) ;
#2948 = CIRCLE ( 'NONE', #1166, 3.400000000000014122 ) ;
#2949 = ORIENTED_EDGE ( 'NONE', *, *, #1449, .F. ) ;
#2950 = ORIENTED_EDGE ( 'NONE', *, *, #219, .F. ) ;
#2951 =( NAMED_UNIT ( * ) SI_UNIT ( $, .STERADIAN. ) SOLID_ANGLE_UNIT ( ) );
#2952 = CIRCLE ( 'NONE', #296, 3.400000000000014122 ) ;
#2953 = EDGE_CURVE ( 'NONE', #240, #2524, #377, .T. ) ;
#2954 = VERTEX_POINT ( 'NONE', #1387 ) ;
#2955 = CARTESIAN_POINT ( 'NONE',  ( 22.49999999999987566, 3.061616997868379197E-16, 347.4999999999999432 ) ) ;
#2956 = PRESENTATION_LAYER_ASSIGNMENT (  '', '', ( #428 ) ) ;
#2957 = DIRECTION ( 'NONE',  ( 1.198082400674629553E-16, 0.0000000000000000000, 1.000000000000000000 ) ) ;
#2958 = SURFACE_SIDE_STYLE ('',( #3183 ) ) ;
#2959 = VERTEX_POINT ( 'NONE', #1146 ) ;
#2960 = STYLED_ITEM ( 'NONE', ( #834 ), #1804 ) ;
#2961 = DIRECTION ( 'NONE',  ( 0.0000000000000000000, 0.0000000000000000000, -1.000000000000000000 ) ) ;
#2962 = CIRCLE ( 'NONE', #2368, 2.999999999999995559 ) ;
#2963 = ADVANCED_FACE ( 'NONE', ( #1708 ), #2292, .F. ) ;
#2964 = EDGE_LOOP ( 'NONE', ( #1068, #1631, #395, #719 ) ) ;
#2965 = CIRCLE ( 'NONE', #924, 3.400000000000014122 ) ;
#2966 = VECTOR ( 'NONE', #962, 1000.000000000000000 ) ;
#2967 = EDGE_CURVE ( 'NONE', #783, #192, #1815, .T. ) ;
#2968 = CYLINDRICAL_SURFACE ( 'NONE', #1930, 6.000000000000005329 ) ;
#2969 = LINE ( 'NONE', #2893, #1218 ) ;
#2970 = CARTESIAN_POINT ( 'NONE',  ( 22.49999999999987566, 3.061616997868377225E-16, 322.4999999999998863 ) ) ;
#2971 = EDGE_CURVE ( 'NONE', #1998, #2945, #2891, .T. ) ;
#2972 = VERTEX_POINT ( 'NONE', #8 ) ;
#2973 = VECTOR ( 'NONE', #1102, 1000.000000000000000 ) ;
#2974 = LINE ( 'NONE', #3071, #32 ) ;
#2975 = DIRECTION ( 'NONE',  ( 0.0000000000000000000, 0.0000000000000000000, 1.000000000000000000 ) ) ;
#2976 = FACE_BOUND ( 'NONE', #2683, .T. ) ;
#2977 = AXIS2_PLACEMENT_3D ( 'NONE', #401, #2412, #1431 ) ;
#2978 = VERTEX_POINT ( 'NONE', #1497 ) ;
#2979 = CYLINDRICAL_SURFACE ( 'NONE', #2833, 3.249999999999975131 ) ;
#2980 = VECTOR ( 'NONE', #334, 1000.000000000000000 ) ;
#2981 = ORIENTED_EDGE ( 'NONE', *, *, #1015, .F. ) ;
#2982 = CIRCLE ( 'NONE', #1343, 3.399999999999986144 ) ;
#2983 = AXIS2_PLACEMENT_3D ( 'NONE', #1105, #1160, #1889 ) ;
#2984 = SURFACE_STYLE_FILL_AREA ( #821 ) ;
#2985 = CARTESIAN_POINT ( 'NONE',  ( -43.99999999999995737, 0.0000000000000000000, 337.4999999999998863 ) ) ;
#2986 = ORIENTED_EDGE ( 'NONE', *, *, #684, .T. ) ;
#2987 = FACE_OUTER_BOUND ( 'NONE', #1827, .T. ) ;
#2988 = EDGE_LOOP ( 'NONE', ( #1092, #2638, #1847, #1173 ) ) ;
#2989 = EDGE_CURVE ( 'NONE', #1223, #1862, #701, .T. ) ;
#2990 = ORIENTED_EDGE ( 'NONE', *, *, #1200, .F. ) ;
#2991 = EDGE_CURVE ( 'NONE', #3004, #456, #2565, .T. ) ;
#2992 = DIRECTION ( 'NONE',  ( 0.0000000000000000000, 0.0000000000000000000, 1.000000000000000000 ) ) ;
#2993 = CARTESIAN_POINT ( 'NONE',  ( 33.50000000000000000, -6.000000000000000000, 312.4999999999998863 ) ) ;
#2994 = VERTEX_POINT ( 'NONE', #2023 ) ;
#2995 = DIRECTION ( 'NONE',  ( 0.0000000000000000000, 0.0000000000000000000, 1.000000000000000000 ) ) ;
#2996 = AXIS2_PLACEMENT_3D ( 'NONE', #1409, #158, #1632 ) ;
#2997 = DIRECTION ( 'NONE',  ( -0.0000000000000000000, 1.000000000000000000, -0.0000000000000000000 ) ) ;
#2998 = CARTESIAN_POINT ( 'NONE',  ( -18.25000000000000355, 6.000000000000000000, -335.9000000000001478 ) ) ;
#2999 = VERTEX_POINT ( 'NONE', #2268 ) ;
#3000 = AXIS2_PLACEMENT_3D ( 'NONE', #1571, #563, #2074 ) ;
#3001 = ORIENTED_EDGE ( 'NONE', *, *, #1449, .T. ) ;
#3002 = CARTESIAN_POINT ( 'NONE',  ( 0.0000000000000000000, -6.000000000000000000, 317.4999999999998863 ) ) ;
#3003 = CIRCLE ( 'NONE', #3034, 10.00000000000000888 ) ;
#3004 = VERTEX_POINT ( 'NONE', #2749 ) ;
#3005 = EDGE_LOOP ( 'NONE', ( #1799, #1808, #787, #2259 ) ) ;
#3006 = APPLICATION_CONTEXT ( 'automotive_design' ) ;
#3007 = EDGE_CURVE ( 'NONE', #3179, #2614, #625, .T. ) ;
#3008 = CARTESIAN_POINT ( 'NONE',  ( 27.49999999999986855, 0.0000000000000000000, 347.4999999999999432 ) ) ;
#3009 = CIRCLE ( 'NONE', #554, 2.499999999999998668 ) ;
#3010 = ORIENTED_EDGE ( 'NONE', *, *, #3102, .F. ) ;
#3011 = AXIS2_PLACEMENT_3D ( 'NONE', #1290, #2027, #269 ) ;
#3012 = FACE_OUTER_BOUND ( 'NONE', #1535, .T. ) ;
#3013 = VERTEX_POINT ( 'NONE', #2757 ) ;
#3014 = ORIENTED_EDGE ( 'NONE', *, *, #920, .T. ) ;
#3015 = DIRECTION ( 'NONE',  ( 0.0000000000000000000, 0.0000000000000000000, 1.000000000000000000 ) ) ;
#3016 = PRESENTATION_STYLE_ASSIGNMENT (( #2047 ) ) ;
#3017 = CARTESIAN_POINT ( 'NONE',  ( -41.00000000000003553, -6.000000000000000000, 197.4999999999999147 ) ) ;
#3018 = AXIS2_PLACEMENT_3D ( 'NONE', #1323, #2319, #1076 ) ;
#3019 = EDGE_LOOP ( 'NONE', ( #1473, #2659 ) ) ;
#3020 = CARTESIAN_POINT ( 'NONE',  ( 18.25000000000000355, 6.000000000000000888, 315.8999999999998636 ) ) ;
#3021 = MECHANICAL_DESIGN_GEOMETRIC_PRESENTATION_REPRESENTATION (  '', ( #562 ), #1678 ) ;
#3022 = DIRECTION ( 'NONE',  ( -0.0000000000000000000, 1.000000000000000000, -0.0000000000000000000 ) ) ;
#3023 = EDGE_CURVE ( 'NONE', #761, #262, #2137, .T. ) ;
#3024 = MANIFOLD_SOLID_BREP ( 'Verrundung1', #2024 ) ;
#3025 = ORIENTED_EDGE ( 'NONE', *, *, #270, .T. ) ;
#3026 = CARTESIAN_POINT ( 'NONE',  ( -3.833863682158814729E-14, -0.4999999999999995559, -2.500000000000113243 ) ) ;
#3027 = CARTESIAN_POINT ( 'NONE',  ( -1.916931841079407364E-14, -0.4999999999999995559, 163.4999999999998863 ) ) ;
#3028 = EDGE_LOOP ( 'NONE', ( #2009, #539, #1354, #2780 ) ) ;
#3029 = EDGE_CURVE ( 'NONE', #1854, #971, #1974, .T. ) ;
#3030 = ORIENTED_EDGE ( 'NONE', *, *, #1477, .F. ) ;
#3031 = ADVANCED_FACE ( 'NONE', ( #1548 ), #1453, .F. ) ;
#3032 = DIRECTION ( 'NONE',  ( 0.0000000000000000000, -1.000000000000000000, 0.0000000000000000000 ) ) ;
#3033 = ORIENTED_EDGE ( 'NONE', *, *, #3174, .F. ) ;
#3034 = AXIS2_PLACEMENT_3D ( 'NONE', #62, #3032, #1530 ) ;
#3035 = ORIENTED_EDGE ( 'NONE', *, *, #2929, .T. ) ;
#3036 = SURFACE_STYLE_USAGE ( .BOTH. , #2958 ) ;
#3037 = CARTESIAN_POINT ( 'NONE',  ( -24.99999999999986855, 0.0000000000000000000, 347.4999999999999432 ) ) ;
#3038 = EDGE_LOOP ( 'NONE', ( #2279, #1180, #579, #237 ) ) ;
#3039 = AXIS2_PLACEMENT_3D ( 'NONE', #2160, #927, #2664 ) ;
#3040 = DIRECTION ( 'NONE',  ( 0.0000000000000000000, 0.0000000000000000000, -1.000000000000000000 ) ) ;
#3041 = CARTESIAN_POINT ( 'NONE',  ( -18.25000000000000355, 6.000000000000000888, -335.9000000000001478 ) ) ;
#3042 =( LENGTH_UNIT ( ) NAMED_UNIT ( * ) SI_UNIT ( .MILLI., .METRE. ) );
#3043 = VECTOR ( 'NONE', #797, 1000.000000000000000 ) ;
#3044 =( NAMED_UNIT ( * ) PLANE_ANGLE_UNIT ( ) SI_UNIT ( $, .RADIAN. ) );
#3045 = ADVANCED_FACE ( 'NONE', ( #2006 ), #895, .F. ) ;
#3046 = CYLINDRICAL_SURFACE ( 'NONE', #1486, 2.499999999999995115 ) ;
#3047 = EDGE_CURVE ( 'NONE', #1947, #1540, #570, .T. ) ;
#3048 = FACE_BOUND ( 'NONE', #195, .T. ) ;
#3049 = CIRCLE ( 'NONE', #2149, 3.250000000000030642 ) ;
#3050 = VECTOR ( 'NONE', #2385, 1000.000000000000000 ) ;
#3051 = LINE ( 'NONE', #2048, #1147 ) ;
#3052 = EDGE_LOOP ( 'NONE', ( #356, #994 ) ) ;
#3053 = DIRECTION ( 'NONE',  ( 0.0000000000000000000, 0.0000000000000000000, 1.000000000000000000 ) ) ;
#3054 = STYLED_ITEM ( 'NONE', ( #2021 ), #2322 ) ;
#3055 =( NAMED_UNIT ( * ) SI_UNIT ( $, .STERADIAN. ) SOLID_ANGLE_UNIT ( ) );
#3056 = ADVANCED_FACE ( 'NONE', ( #2484 ), #1707, .F. ) ;
#3057 = VERTEX_POINT ( 'NONE', #3233 ) ;
#3058 = SURFACE_SIDE_STYLE ('',( #66 ) ) ;
#3059 = UNCERTAINTY_MEASURE_WITH_UNIT (LENGTH_MEASURE( 1.000000000000000082E-05 ), #954, 'distance_accuracy_value', 'NONE');
#3060 = ORIENTED_EDGE ( 'NONE', *, *, #1800, .T. ) ;
#3061 = EDGE_CURVE ( 'NONE', #459, #30, #1598, .T. ) ;
#3062 = DIRECTION ( 'NONE',  ( -0.0000000000000000000, -1.000000000000000000, -0.0000000000000000000 ) ) ;
#3063 = CARTESIAN_POINT ( 'NONE',  ( -24.99999999999986855, 0.0000000000000000000, 322.4999999999998863 ) ) ;
#3064 = DIRECTION ( 'NONE',  ( 0.0000000000000000000, 0.0000000000000000000, 1.000000000000000000 ) ) ;
#3065 = ORIENTED_EDGE ( 'NONE', *, *, #1925, .T. ) ;
#3066 = CARTESIAN_POINT ( 'NONE',  ( -41.00000000000003553, -6.000000000000000000, 195.3999999999999488 ) ) ;
#3067 = CARTESIAN_POINT ( 'NONE',  ( 0.0000000000000000000, -6.000000000000000000, -322.5000000000001137 ) ) ;
#3068 = COLOUR_RGB ( '',0.8980392156862745390, 0.9176470588235293713, 0.9294117647058823817 ) ;
#3069 = EDGE_CURVE ( 'NONE', #1223, #1749, #857, .T. ) ;
#3070 = DIRECTION ( 'NONE',  ( -0.0000000000000000000, 1.000000000000000000, -0.0000000000000000000 ) ) ;
#3071 = CARTESIAN_POINT ( 'NONE',  ( 33.50000000000000000, 6.000000000000000000, -329.1000000000001364 ) ) ;
#3072 =( LENGTH_UNIT ( ) NAMED_UNIT ( * ) SI_UNIT ( .MILLI., .METRE. ) );
#3073 =( GEOMETRIC_REPRESENTATION_CONTEXT ( 3 ) GLOBAL_UNCERTAINTY_ASSIGNED_CONTEXT ( ( #2890 ) ) GLOBAL_UNIT_ASSIGNED_CONTEXT ( ( #858, #1871, #2617 ) ) REPRESENTATION_CONTEXT ( 'NONE', 'WORKASPACE' ) );
#3074 = VECTOR ( 'NONE', #7, 1000.000000000000000 ) ;
#3075 = CARTESIAN_POINT ( 'NONE',  ( 0.0000000000000000000, -0.4999999999999995559, -322.5000000000001137 ) ) ;
#3076 = ORIENTED_EDGE ( 'NONE', *, *, #2146, .T. ) ;
#3077 = ADVANCED_FACE ( 'NONE', ( #774, #975 ), #1194, .T. ) ;
#3078 = VECTOR ( 'NONE', #2557, 1000.000000000000000 ) ;
#3079 = FACE_OUTER_BOUND ( 'NONE', #543, .T. ) ;
#3080 = PRESENTATION_LAYER_ASSIGNMENT (  '', '', ( #437 ) ) ;
#3081 = ORIENTED_EDGE ( 'NONE', *, *, #338, .F. ) ;
#3082 = CARTESIAN_POINT ( 'NONE',  ( -24.99999999999986855, 0.0000000000000000000, 347.4999999999999432 ) ) ;
#3083 = EDGE_CURVE ( 'NONE', #768, #1370, #2755, .T. ) ;
#3084 = CARTESIAN_POINT ( 'NONE',  ( -41.00000000000003553, 6.000000000000000000, 195.3999999999999488 ) ) ;
#3085 = VECTOR ( 'NONE', #1287, 1000.000000000000000 ) ;
#3086 = ORIENTED_EDGE ( 'NONE', *, *, #289, .T. ) ;
#3087 = FACE_OUTER_BOUND ( 'NONE', #1695, .T. ) ;
#3088 = ORIENTED_EDGE ( 'NONE', *, *, #1432, .F. ) ;
#3089 = EDGE_CURVE ( 'NONE', #1042, #2999, #447, .T. ) ;
#3090 = VECTOR ( 'NONE', #2291, 1000.000000000000000 ) ;
#3091 = SURFACE_SIDE_STYLE ('',( #2532 ) ) ;
#3092 = VECTOR ( 'NONE', #590, 1000.000000000000000 ) ;
#3093 = ADVANCED_FACE ( 'NONE', ( #1636 ), #2888, .F. ) ;
#3094 = PRESENTATION_LAYER_ASSIGNMENT (  '', '', ( #2203 ) ) ;
#3095 = DIRECTION ( 'NONE',  ( 0.0000000000000000000, 1.000000000000000000, 0.0000000000000000000 ) ) ;
#3096 = CARTESIAN_POINT ( 'NONE',  ( 62.00000000000002842, 0.0000000000000000000, 320.9978484524310147 ) ) ;
#3097 = DIRECTION ( 'NONE',  ( 0.0000000000000000000, 0.0000000000000000000, 1.000000000000000000 ) ) ;
#3098 = AXIS2_PLACEMENT_3D ( 'NONE', #129, #1882, #382 ) ;
#3099 = ORIENTED_EDGE ( 'NONE', *, *, #2166, .T. ) ;
#3100 = DIRECTION ( 'NONE',  ( 0.0000000000000000000, 0.0000000000000000000, 1.000000000000000000 ) ) ;
#3101 = FACE_OUTER_BOUND ( 'NONE', #347, .T. ) ;
#3102 = EDGE_CURVE ( 'NONE', #381, #1259, #2800, .T. ) ;
#3103 = ORIENTED_EDGE ( 'NONE', *, *, #1688, .F. ) ;
#3104 = ADVANCED_FACE ( 'NONE', ( #2679 ), #2616, .F. ) ;
#3105 = SURFACE_SIDE_STYLE ('',( #1227 ) ) ;
#3106 = LINE ( 'NONE', #3027, #850 ) ;
#3107 = FILL_AREA_STYLE_COLOUR ( '', #218 ) ;
#3108 = ORIENTED_EDGE ( 'NONE', *, *, #2166, .F. ) ;
#3109 = MECHANICAL_DESIGN_GEOMETRIC_PRESENTATION_REPRESENTATION (  '', ( #1000 ), #1652 ) ;
#3110 = FILL_AREA_STYLE ('',( #807 ) ) ;
#3111 = DIRECTION ( 'NONE',  ( -0.0000000000000000000, -1.000000000000000000, -0.0000000000000000000 ) ) ;
#3112 = VECTOR ( 'NONE', #3138, 1000.000000000000000 ) ;
#3113 = AXIS2_PLACEMENT_3D ( 'NONE', #2473, #3234, #776 ) ;
#3114 = DIRECTION ( 'NONE',  ( -0.0000000000000000000, -1.000000000000000000, -0.0000000000000000000 ) ) ;
#3115 = CARTESIAN_POINT ( 'NONE',  ( -69.99999999999995737, 6.000000000000000000, 347.4999999999999432 ) ) ;
#3116 = EDGE_LOOP ( 'NONE', ( #1833, #2986 ) ) ;
#3117 = CIRCLE ( 'NONE', #448, 3.250000000000002665 ) ;
#3118 = FACE_OUTER_BOUND ( 'NONE', #1612, .T. ) ;
#3119 = COLOUR_RGB ( '',0.8980392156862745390, 0.9176470588235293713, 0.9294117647058823817 ) ;
#3120 = SURFACE_SIDE_STYLE ('',( #2384 ) ) ;
#3121 =( NAMED_UNIT ( * ) SI_UNIT ( $, .STERADIAN. ) SOLID_ANGLE_UNIT ( ) );
#3122 = ORIENTED_EDGE ( 'NONE', *, *, #1537, .F. ) ;
#3123 = VECTOR ( 'NONE', #1087, 1000.000000000000000 ) ;
#3124 = CARTESIAN_POINT ( 'NONE',  ( -18.25000000000000355, -6.000000000000000000, -105.9000000000000909 ) ) ;
#3125 = ORIENTED_EDGE ( 'NONE', *, *, #219, .T. ) ;
#3126 = VECTOR ( 'NONE', #1844, 1000.000000000000000 ) ;
#3127 = EDGE_CURVE ( 'NONE', #2365, #805, #699, .T. ) ;
#3128 = FACE_OUTER_BOUND ( 'NONE', #376, .T. ) ;
#3129 = DIRECTION ( 'NONE',  ( 0.0000000000000000000, -0.0000000000000000000, -1.000000000000000000 ) ) ;
#3130 = FACE_OUTER_BOUND ( 'NONE', #1304, .T. ) ;
#3131 = CARTESIAN_POINT ( 'NONE',  ( 62.00000000000003553, 0.0000000000000000000, 322.4999999999998863 ) ) ;
#3132 = EDGE_CURVE ( 'NONE', #1914, #1231, #26, .T. ) ;
#3133 = ORIENTED_EDGE ( 'NONE', *, *, #3023, .F. ) ;
#3134 = CARTESIAN_POINT ( 'NONE',  ( 24.99999999999986855, 0.0000000000000000000, 347.4999999999999432 ) ) ;
#3135 = AXIS2_PLACEMENT_3D ( 'NONE', #3002, #2747, #1284 ) ;
#3136 = ORIENTED_EDGE ( 'NONE', *, *, #2218, .T. ) ;
#3137 = EDGE_LOOP ( 'NONE', ( #2773, #1558, #704, #951 ) ) ;
#3138 = DIRECTION ( 'NONE',  ( -0.0000000000000000000, -0.0000000000000000000, 1.000000000000000000 ) ) ;
#3139 =( NAMED_UNIT ( * ) SI_UNIT ( $, .STERADIAN. ) SOLID_ANGLE_UNIT ( ) );
#3140 = SURFACE_STYLE_USAGE ( .BOTH. , #1623 ) ;
#3141 = CARTESIAN_POINT ( 'NONE',  ( -7.594248556368788369E-14, -0.4999999999999995559, -328.5000000000001137 ) ) ;
#3142 = MECHANICAL_DESIGN_GEOMETRIC_PRESENTATION_REPRESENTATION (  '', ( #2508 ), #1188 ) ;
#3143 = ORIENTED_EDGE ( 'NONE', *, *, #2847, .F. ) ;
#3144 = CIRCLE ( 'NONE', #2876, 3.399999999999958611 ) ;
#3145 = ORIENTED_EDGE ( 'NONE', *, *, #2793, .F. ) ;
#3146 = EDGE_CURVE ( 'NONE', #3168, #28, #1214, .T. ) ;
#3147 = VECTOR ( 'NONE', #1448, 1000.000000000000000 ) ;
#3148 = ORIENTED_EDGE ( 'NONE', *, *, #1886, .T. ) ;
#3149 = CARTESIAN_POINT ( 'NONE',  ( -64.50000000000002842, 3.061616997868377225E-16, 322.4999999999998863 ) ) ;
#3150 = EDGE_CURVE ( 'NONE', #459, #2574, #1130, .T. ) ;
#3151 = DIRECTION ( 'NONE',  ( 1.000000000000000000, 0.0000000000000000000, 0.0000000000000000000 ) ) ;
#3152 = PRESENTATION_STYLE_ASSIGNMENT (( #1242 ) ) ;
#3153 = ORIENTED_EDGE ( 'NONE', *, *, #1516, .F. ) ;
#3154 = DIRECTION ( 'NONE',  ( 1.000000000000000000, 0.0000000000000000000, 0.0000000000000000000 ) ) ;
#3155 = MECHANICAL_DESIGN_GEOMETRIC_PRESENTATION_REPRESENTATION (  '', ( #134 ), #748 ) ;
#3156 = DIRECTION ( 'NONE',  ( -0.0000000000000000000, -0.0000000000000000000, 1.000000000000000000 ) ) ;
#3157 = CARTESIAN_POINT ( 'NONE',  ( 3.980102097228914009E-16, -0.4999999999999995559, -165.7500000000001137 ) ) ;
#3158 = PRESENTATION_LAYER_ASSIGNMENT (  '', '', ( #451 ) ) ;
#3159 = LINE ( 'NONE', #1767, #2343 ) ;
#3160 = DIRECTION ( 'NONE',  ( 0.0000000000000000000, 1.000000000000000000, 0.0000000000000000000 ) ) ;
#3161 = DIRECTION ( 'NONE',  ( -0.0000000000000000000, -1.000000000000000000, -0.0000000000000000000 ) ) ;
#3162 = UNCERTAINTY_MEASURE_WITH_UNIT (LENGTH_MEASURE( 1.000000000000000082E-05 ), #1344, 'distance_accuracy_value', 'NONE');
#3163 = VERTEX_POINT ( 'NONE', #1726 ) ;
#3164 = CYLINDRICAL_SURFACE ( 'NONE', #473, 2.099999999999990763 ) ;
#3165 = CIRCLE ( 'NONE', #2340, 6.000000000000005329 ) ;
#3166 = ORIENTED_EDGE ( 'NONE', *, *, #2865, .F. ) ;
#3167 = ORIENTED_EDGE ( 'NONE', *, *, #2615, .F. ) ;
#3168 = VERTEX_POINT ( 'NONE', #283 ) ;
#3169 = CIRCLE ( 'NONE', #2230, 6.000000000000001776 ) ;
#3170 = DIRECTION ( 'NONE',  ( 0.0000000000000000000, 0.0000000000000000000, 1.000000000000000000 ) ) ;
#3171 = ORIENTED_EDGE ( 'NONE', *, *, #232, .T. ) ;
#3172 = CARTESIAN_POINT ( 'NONE',  ( -18.25000000000000355, 6.000000000000000888, -99.10000000000010800 ) ) ;
#3173 = ORIENTED_EDGE ( 'NONE', *, *, #2442, .F. ) ;
#3174 = EDGE_CURVE ( 'NONE', #693, #598, #1006, .T. ) ;
#3175 = CARTESIAN_POINT ( 'NONE',  ( -62.00000000000003553, 0.0000000000000000000, 322.4999999999998863 ) ) ;
#3176 = AXIS2_PLACEMENT_3D ( 'NONE', #372, #2083, #583 ) ;
#3177 = VERTEX_POINT ( 'NONE', #1983 ) ;
#3178 =( GEOMETRIC_REPRESENTATION_CONTEXT ( 3 ) GLOBAL_UNCERTAINTY_ASSIGNED_CONTEXT ( ( #2586 ) ) GLOBAL_UNIT_ASSIGNED_CONTEXT ( ( #277, #3044, #750 ) ) REPRESENTATION_CONTEXT ( 'NONE', 'WORKASPACE' ) );
#3179 = VERTEX_POINT ( 'NONE', #1616 ) ;
#3180 = CARTESIAN_POINT ( 'NONE',  ( -18.25000000000000355, -6.000000000000000000, -332.5000000000001137 ) ) ;
#3181 = CARTESIAN_POINT ( 'NONE',  ( -33.50000000000000000, -6.000000000000000000, -102.5000000000000853 ) ) ;
#3182 =( LENGTH_UNIT ( ) NAMED_UNIT ( * ) SI_UNIT ( .MILLI., .METRE. ) );
#3183 = SURFACE_STYLE_FILL_AREA ( #2691 ) ;
#3184 = VERTEX_POINT ( 'NONE', #1135 ) ;
#3185 = EDGE_CURVE ( 'NONE', #598, #456, #2101, .T. ) ;
#3186 = CARTESIAN_POINT ( 'NONE',  ( 18.25000000000000355, -6.000000000000000000, 312.4999999999998863 ) ) ;
#3187 = EDGE_LOOP ( 'NONE', ( #3122, #506, #676, #2950 ) ) ;
#3188 = DIRECTION ( 'NONE',  ( -0.0000000000000000000, -0.0000000000000000000, 1.000000000000000000 ) ) ;
#3189 = VECTOR ( 'NONE', #3111, 1000.000000000000000 ) ;
#3190 = AXIS2_PLACEMENT_3D ( 'NONE', #1308, #2330, #842 ) ;
#3191 = SURFACE_STYLE_USAGE ( .BOTH. , #2705 ) ;
#3192 = ADVANCED_FACE ( 'NONE', ( #1775 ), #1894, .F. ) ;
#3193 = VECTOR ( 'NONE', #1002, 1000.000000000000000 ) ;
#3194 = AXIS2_PLACEMENT_3D ( 'NONE', #2487, #1247, #2992 ) ;
#3195 = ORIENTED_EDGE ( 'NONE', *, *, #1254, .T. ) ;
#3196 = ORIENTED_EDGE ( 'NONE', *, *, #107, .F. ) ;
#3197 = CARTESIAN_POINT ( 'NONE',  ( -3.760384874209973640E-14, -0.4999999999999995559, -8.500000000000115463 ) ) ;
#3198 = DIRECTION ( 'NONE',  ( -0.0000000000000000000, 1.000000000000000000, -0.0000000000000000000 ) ) ;
#3199 = COLOUR_RGB ( '',0.8980392156862745390, 0.9176470588235293713, 0.9294117647058823817 ) ;
#3200 = AXIS2_PLACEMENT_3D ( 'NONE', #2547, #2805, #279 ) ;
#3201 = CARTESIAN_POINT ( 'NONE',  ( 0.0000000000000000000, -6.000000000000000000, -162.5000000000001137 ) ) ;
#3202 = EDGE_LOOP ( 'NONE', ( #1222, #1265 ) ) ;
#3203 = VECTOR ( 'NONE', #2354, 1000.000000000000000 ) ;
#3204 = VERTEX_POINT ( 'NONE', #1083 ) ;
#3205 = ORIENTED_EDGE ( 'NONE', *, *, #1500, .F. ) ;
#3206 = ORIENTED_EDGE ( 'NONE', *, *, #3127, .T. ) ;
#3207 = CARTESIAN_POINT ( 'NONE',  ( 59.99999999999997868, 6.000000000000000000, -337.5000000000000000 ) ) ;
#3208 = VECTOR ( 'NONE', #466, 1000.000000000000000 ) ;
#3209 = VERTEX_POINT ( 'NONE', #1329 ) ;
#3210 = COLOUR_RGB ( '',0.8980392156862745390, 0.9176470588235293713, 0.9294117647058823817 ) ;
#3211 = EDGE_CURVE ( 'NONE', #1318, #2115, #1666, .T. ) ;
#3212 = EDGE_LOOP ( 'NONE', ( #386, #21, #986, #2759 ) ) ;
#3213 = VERTEX_POINT ( 'NONE', #1977 ) ;
#3214 = DIRECTION ( 'NONE',  ( -0.0000000000000000000, 1.000000000000000000, -0.0000000000000000000 ) ) ;
#3215 = AXIS2_PLACEMENT_3D ( 'NONE', #2088, #1584, #1340 ) ;
#3216 = CARTESIAN_POINT ( 'NONE',  ( -1.916931841079407364E-14, -0.4999999999999995559, 157.4999999999998863 ) ) ;
#3217 = FACE_OUTER_BOUND ( 'NONE', #2196, .T. ) ;
#3218 = AXIS2_PLACEMENT_3D ( 'NONE', #1337, #2067, #1541 ) ;
#3219 = UNCERTAINTY_MEASURE_WITH_UNIT (LENGTH_MEASURE( 1.000000000000000082E-05 ), #1723, 'distance_accuracy_value', 'NONE');
#3220 = CARTESIAN_POINT ( 'NONE',  ( -46.99999999999995026, 0.0000000000000000000, 337.4999999999998863 ) ) ;
#3221 = CONICAL_SURFACE ( 'NONE', #1953, 2.999999999999995559, 1.029744258676660973 ) ;
#3222 = ORIENTED_EDGE ( 'NONE', *, *, #852, .T. ) ;
#3223 = DIRECTION ( 'NONE',  ( -0.0000000000000000000, 1.000000000000000000, -0.0000000000000000000 ) ) ;
#3224 = SURFACE_STYLE_FILL_AREA ( #2513 ) ;
#3225 = ORIENTED_EDGE ( 'NONE', *, *, #2475, .T. ) ;
#3226 = CARTESIAN_POINT ( 'NONE',  ( 3.980102097228929293E-16, -0.4999999999999995559, -325.7500000000001137 ) ) ;
#3227 = ORIENTED_EDGE ( 'NONE', *, *, #2199, .F. ) ;
#3228 = DIRECTION ( 'NONE',  ( 1.000000000000000000, 0.0000000000000000000, 0.0000000000000000000 ) ) ;
#3229 = ORIENTED_EDGE ( 'NONE', *, *, #2841, .F. ) ;
#3230 = LINE ( 'NONE', #1039, #178 ) ;
#3231 = ORIENTED_EDGE ( 'NONE', *, *, #1705, .F. ) ;
#3232 = FACE_OUTER_BOUND ( 'NONE', #3238, .T. ) ;
#3233 = CARTESIAN_POINT ( 'NONE',  ( 33.50000000000000000, 6.000000000000000888, -99.10000000000010800 ) ) ;
#3234 = DIRECTION ( 'NONE',  ( -0.0000000000000000000, 1.000000000000000000, -0.0000000000000000000 ) ) ;
#3235 = EDGE_CURVE ( 'NONE', #1393, #623, #2676, .T. ) ;
#3236 = DIRECTION ( 'NONE',  ( 0.0000000000000000000, 0.0000000000000000000, 1.000000000000000000 ) ) ;
#3237 = EDGE_LOOP ( 'NONE', ( #2375, #2583, #3195, #1689 ) ) ;
#3238 = EDGE_LOOP ( 'NONE', ( #42, #1762, #2325, #1796 ) ) ;
#3239 = EDGE_CURVE ( 'NONE', #2517, #1802, #331, .T. ) ;
#3240 = ORIENTED_EDGE ( 'NONE', *, *, #3146, .T. ) ;
#3241 = DIRECTION ( 'NONE',  ( -0.0000000000000000000, 1.000000000000000000, -0.0000000000000000000 ) ) ;
#3242 = FACE_OUTER_BOUND ( 'NONE', #135, .T. ) ;
ENDSEC;
END-ISO-10303-21;
