ISO-10303-21;
HEADER;
FILE_DESCRIPTION (( 'STEP AP214' ),
    '1' );
FILE_NAME ('21631_03_153_gripper finger_light 2K.STEP',
    '2021-07-26T13:38:53',
    ( '' ),
    ( '' ),
    'SwSTEP 2.0',
    'SolidWorks 2018',
    '' );
FILE_SCHEMA (( 'AUTOMOTIVE_DESIGN' ));
ENDSEC;

DATA;
#1 = CARTESIAN_POINT ( 'NONE',  ( 227.0239844008407886, 350.8449322567763602, 0.000000000000000000 ) ) ;
#2 = ORIENTED_EDGE ( 'NONE', *, *, #1460, .T. ) ;
#3 = DIRECTION ( 'NONE',  ( -1.000000000000000000, 0.000000000000000000, 0.000000000000000000 ) ) ;
#4 = DIRECTION ( 'NONE',  ( -1.000000000000000000, 0.000000000000000000, 0.000000000000000000 ) ) ;
#5 = EDGE_CURVE ( 'NONE', #597, #2084, #1261, .T. ) ;
#6 = AXIS2_PLACEMENT_3D ( 'NONE', #640, #2292, #623 ) ;
#7 = VECTOR ( 'NONE', #1506, 1000.000000000000000 ) ;
#8 = CARTESIAN_POINT ( 'NONE',  ( 223.5954129722693722, 336.2888233359443007, -65.00000000000000000 ) ) ;
#9 = CARTESIAN_POINT ( 'NONE',  ( 226.7760643597365231, 356.2888233359443007, -27.96571716998078827 ) ) ;
#10 = CYLINDRICAL_SURFACE ( 'NONE', #155, 2.999999999999988898 ) ;
#11 = CIRCLE ( 'NONE', #91, 21.44689593961912522 ) ;
#12 = CARTESIAN_POINT ( 'NONE',  ( 227.0239844008407601, 325.0003863286152068, 3.000233278950703575 ) ) ;
#13 = FACE_OUTER_BOUND ( 'NONE', #774, .T. ) ;
#14 = CARTESIAN_POINT ( 'NONE',  ( 214.5954129722694006, 347.8978270241715336, -66.50000000000000000 ) ) ;
#15 = CARTESIAN_POINT ( 'NONE',  ( 234.5954129722693722, 356.2888233359443007, -11.34256363923533151 ) ) ;
#16 = LINE ( 'NONE', #1768, #965 ) ;
#17 = EDGE_CURVE ( 'NONE', #720, #2391, #858, .T. ) ;
#18 =( LENGTH_UNIT ( ) NAMED_UNIT ( * ) SI_UNIT ( .MILLI., .METRE. ) );
#19 = ORIENTED_EDGE ( 'NONE', *, *, #1582, .F. ) ;
#20 = EDGE_CURVE ( 'NONE', #1960, #1046, #283, .T. ) ;
#21 = EDGE_LOOP ( 'NONE', ( #749, #1151, #1577, #801 ) ) ;
#22 = CARTESIAN_POINT ( 'NONE',  ( 227.0239844008408170, 336.2888233359443007, -33.00906054300455850 ) ) ;
#23 = CARTESIAN_POINT ( 'NONE',  ( 226.5954129722693722, 341.6462733988640821, -35.39719306433583768 ) ) ;
#24 = AXIS2_PLACEMENT_3D ( 'NONE', #2245, #1319, #210 ) ;
#25 = ORIENTED_EDGE ( 'NONE', *, *, #549, .F. ) ;
#26 = DIRECTION ( 'NONE',  ( 1.000000000000000000, -0.000000000000000000, -0.000000000000000000 ) ) ;
#27 = CARTESIAN_POINT ( 'NONE',  ( 224.5532148724927026, 356.1402138517744334, -63.83532393525899806 ) ) ;
#28 = ORIENTED_EDGE ( 'NONE', *, *, #2111, .F. ) ;
#29 = CARTESIAN_POINT ( 'NONE',  ( 228.0954129722694006, 344.8874405940914016, -10.69992684066076016 ) ) ;
#30 = ORIENTED_EDGE ( 'NONE', *, *, #1155, .T. ) ;
#31 = CARTESIAN_POINT ( 'NONE',  ( 228.0954129722693722, 346.3925925169601214, -32.95631512732723678 ) ) ;
#32 = DIRECTION ( 'NONE',  ( -1.000000000000000000, 0.000000000000000000, 0.000000000000000000 ) ) ;
#33 = EDGE_CURVE ( 'NONE', #79, #2392, #1720, .T. ) ;
#34 = DIRECTION ( 'NONE',  ( 0.000000000000000000, -1.000000000000000000, 0.000000000000000000 ) ) ;
#35 = CARTESIAN_POINT ( 'NONE',  ( 234.0099917887846459, 336.8742445194290553, -8.022475124519262479 ) ) ;
#36 = EDGE_CURVE ( 'NONE', #2136, #2113, #1655, .T. ) ;
#37 = CARTESIAN_POINT ( 'NONE',  ( 227.9354641133244286, 344.8278712753136688, -12.01047440362936136 ) ) ;
#38 = VECTOR ( 'NONE', #1181, 1000.000000000000000 ) ;
#39 = CARTESIAN_POINT ( 'NONE',  ( 226.5954129722693722, 336.2888233359443007, -47.23011207360515584 ) ) ;
#40 = VECTOR ( 'NONE', #540, 1000.000000000000000 ) ;
#41 = DIRECTION ( 'NONE',  ( 0.000000000000000000, 0.000000000000000000, -1.000000000000000000 ) ) ;
#42 = CARTESIAN_POINT ( 'NONE',  ( 225.5954129722693722, 346.2888233359443007, -8.560921364731157723 ) ) ;
#43 = CARTESIAN_POINT ( 'NONE',  ( 229.5954129722693722, 336.2888233359443007, -66.70000000000001705 ) ) ;
#44 = LINE ( 'NONE', #2332, #1781 ) ;
#45 = CARTESIAN_POINT ( 'NONE',  ( 227.0239844008402486, 343.0780946329642234, -34.77928764633055181 ) ) ;
#46 = ORIENTED_EDGE ( 'NONE', *, *, #767, .F. ) ;
#47 = ORIENTED_EDGE ( 'NONE', *, *, #2157, .T. ) ;
#48 = CARTESIAN_POINT ( 'NONE',  ( 226.5954129722693722, 348.3989321514046651, -10.14613852913471526 ) ) ;
#49 = CARTESIAN_POINT ( 'NONE',  ( 226.5954129722693722, 336.2888233359443007, -40.39936594244926482 ) ) ;
#50 = ORIENTED_EDGE ( 'NONE', *, *, #932, .T. ) ;
#51 = ORIENTED_EDGE ( 'NONE', *, *, #2058, .F. ) ;
#52 = EDGE_CURVE ( 'NONE', #1814, #723, #2158, .T. ) ;
#53 = FILL_AREA_STYLE_COLOUR ( '', #1977 ) ;
#54 = ORIENTED_EDGE ( 'NONE', *, *, #2048, .F. ) ;
#55 = VERTEX_POINT ( 'NONE', #1145 ) ;
#56 = CARTESIAN_POINT ( 'NONE',  ( 226.5954129722693722, 325.1150252041000499, -23.06188681941315366 ) ) ;
#57 = AXIS2_PLACEMENT_3D ( 'NONE', #337, #750, #1282 ) ;
#58 = ORIENTED_EDGE ( 'NONE', *, *, #2062, .F. ) ;
#59 = CARTESIAN_POINT ( 'NONE',  ( 217.5954129722693722, 346.2888233359443007, -65.00000000000000000 ) ) ;
#60 = AXIS2_PLACEMENT_3D ( 'NONE', #42, #587, #1173 ) ;
#61 = CARTESIAN_POINT ( 'NONE',  ( 226.7444206096799064, 348.1586024282374865, -35.10426606162496199 ) ) ;
#62 = ORIENTED_EDGE ( 'NONE', *, *, #1721, .T. ) ;
#63 = DIRECTION ( 'NONE',  ( 0.000000000000000000, -1.000000000000000000, 0.000000000000000000 ) ) ;
#64 = CARTESIAN_POINT ( 'NONE',  ( 226.8895370015701474, 336.2888233359443007, -41.24194756840508091 ) ) ;
#65 = EDGE_CURVE ( 'NONE', #529, #1041, #1063, .T. ) ;
#66 = FILL_AREA_STYLE ('',( #1886 ) ) ;
#67 = EDGE_CURVE ( 'NONE', #897, #2334, #1036, .T. ) ;
#68 = FACE_OUTER_BOUND ( 'NONE', #89, .T. ) ;
#69 = CARTESIAN_POINT ( 'NONE',  ( 227.9112789096488996, 336.2888233359442438, -42.63326230507621517 ) ) ;
#70 = VECTOR ( 'NONE', #80, 1000.000000000000000 ) ;
#71 = CARTESIAN_POINT ( 'NONE',  ( 226.7672364653983834, 344.5327064207592116, -14.56986929172064471 ) ) ;
#72 = CARTESIAN_POINT ( 'NONE',  ( 228.0954129722693722, 346.2888233359443007, -8.560921364731157723 ) ) ;
#73 = CARTESIAN_POINT ( 'NONE',  ( 227.0239844008416128, 356.2888233359443007, -28.21916472204031123 ) ) ;
#74 = AXIS2_PLACEMENT_3D ( 'NONE', #2285, #1193, #1549 ) ;
#75 = FACE_BOUND ( 'NONE', #430, .T. ) ;
#76 = CARTESIAN_POINT ( 'NONE',  ( 226.5954129722693722, 336.2888233359443007, -60.00000000000000711 ) ) ;
#77 = ORIENTED_EDGE ( 'NONE', *, *, #1078, .F. ) ;
#78 = CARTESIAN_POINT ( 'NONE',  ( 228.0954129722694290, 336.2888233359443575, -43.50867593108699793 ) ) ;
#79 = VERTEX_POINT ( 'NONE', #582 ) ;
#80 = DIRECTION ( 'NONE',  ( -6.938893903907222067E-15, 1.000000000000000000, 0.000000000000000000 ) ) ;
#81 = ORIENTED_EDGE ( 'NONE', *, *, #2125, .F. ) ;
#82 = CARTESIAN_POINT ( 'NONE',  ( 228.0954129722693722, 336.2888233359443007, -28.42017456395443276 ) ) ;
#83 = CARTESIAN_POINT ( 'NONE',  ( 227.7290037159227438, 356.2888233359443007, -29.03900859358038389 ) ) ;
#84 = ORIENTED_EDGE ( 'NONE', *, *, #17, .F. ) ;
#85 = EDGE_CURVE ( 'NONE', #1551, #2397, #1429, .T. ) ;
#86 = ORIENTED_EDGE ( 'NONE', *, *, #1259, .T. ) ;
#87 = DIRECTION ( 'NONE',  ( 0.000000000000000000, 0.000000000000000000, 1.000000000000000000 ) ) ;
#88 = ADVANCED_FACE ( 'NONE', ( #1979 ), #2037, .F. ) ;
#89 = EDGE_LOOP ( 'NONE', ( #1725, #1326, #685, #1131 ) ) ;
#90 = DIRECTION ( 'NONE',  ( -1.000000000000000000, 0.000000000000000000, 0.000000000000000000 ) ) ;
#91 = AXIS2_PLACEMENT_3D ( 'NONE', #471, #1009, #1384 ) ;
#92 = VERTEX_POINT ( 'NONE', #414 ) ;
#93 = DIRECTION ( 'NONE',  ( 1.000000000000000000, 0.000000000000000000, 0.000000000000000000 ) ) ;
#94 = DIRECTION ( 'NONE',  ( 1.000000000000000000, -0.000000000000000000, -0.000000000000000000 ) ) ;
#95 = AXIS2_PLACEMENT_3D ( 'NONE', #708, #2014, #2193 ) ;
#96 = DIRECTION ( 'NONE',  ( -0.000000000000000000, -1.000000000000000000, -0.000000000000000000 ) ) ;
#97 = DIRECTION ( 'NONE',  ( 0.000000000000000000, 0.000000000000000000, -1.000000000000000000 ) ) ;
#98 = CARTESIAN_POINT ( 'NONE',  ( 0.000000000000000000, 0.000000000000000000, -70.00000000000000000 ) ) ;
#99 = DIRECTION ( 'NONE',  ( 0.000000000000000000, 0.000000000000000000, 1.000000000000000000 ) ) ;
#100 = TOROIDAL_SURFACE ( 'NONE', #60, 24.36259977897349316, 2.500000000000000000 ) ;
#101 = CARTESIAN_POINT ( 'NONE',  ( 228.0954129722693438, 356.2888233359443007, -30.27743369385153116 ) ) ;
#102 = EDGE_CURVE ( 'NONE', #2367, #629, #331, .T. ) ;
#103 = LINE ( 'NONE', #1454, #40 ) ;
#104 = DIRECTION ( 'NONE',  ( -0.000000000000000000, 0.000000000000000000, 1.000000000000000000 ) ) ;
#105 = AXIS2_PLACEMENT_3D ( 'NONE', #284, #2300, #831 ) ;
#106 = DIRECTION ( 'NONE',  ( 0.000000000000000000, 0.000000000000000000, 1.000000000000000000 ) ) ;
#107 = B_SPLINE_CURVE_WITH_KNOTS ( 'NONE', 3,
 ( #2145, #292, #114, #1216, #845, #1772, #1431, #2138, #122, #666 ),
 .UNSPECIFIED., .F., .F.,
 ( 4, 2, 2, 2, 4 ),
 ( -6.738817960647262449E-06, 0.0004013936506482507693, 0.0008095261192571487265, 0.001217658587866046792, 0.001625791056474944858 ),
 .UNSPECIFIED. ) ;
#108 = VECTOR ( 'NONE', #611, 1000.000000000000000 ) ;
#109 = CARTESIAN_POINT ( 'NONE',  ( 227.0239844008408738, 346.4509975106271327, 0.000000000000000000 ) ) ;
#110 = CARTESIAN_POINT ( 'NONE',  ( 229.5954129722693722, 353.2888233359443007, -63.29999999999998295 ) ) ;
#111 = AXIS2_PLACEMENT_3D ( 'NONE', #1018, #94, #2294 ) ;
#112 = ORIENTED_EDGE ( 'NONE', *, *, #221, .T. ) ;
#113 = ORIENTED_EDGE ( 'NONE', *, *, #1049, .T. ) ;
#114 = CARTESIAN_POINT ( 'NONE',  ( 226.6028099562128659, 344.4376237646545746, -4.896879355550157520 ) ) ;
#115 = CARTESIAN_POINT ( 'NONE',  ( 227.6219589550475462, 342.9404764884819201, -10.13259197005996448 ) ) ;
#116 = ORIENTED_EDGE ( 'NONE', *, *, #1610, .T. ) ;
#117 = ORIENTED_EDGE ( 'NONE', *, *, #1136, .F. ) ;
#118 = ORIENTED_EDGE ( 'NONE', *, *, #1377, .T. ) ;
#119 = DIRECTION ( 'NONE',  ( 0.000000000000000000, 0.000000000000000000, -1.000000000000000000 ) ) ;
#120 = EDGE_LOOP ( 'NONE', ( #333, #1757, #2315, #1637 ) ) ;
#121 = EDGE_CURVE ( 'NONE', #2113, #575, #1793, .T. ) ;
#122 = CARTESIAN_POINT ( 'NONE',  ( 226.9391910426390666, 344.6093100032090888, -6.059267318328664054 ) ) ;
#123 = ORIENTED_EDGE ( 'NONE', *, *, #65, .F. ) ;
#124 = DIRECTION ( 'NONE',  ( 0.000000000000000000, 0.000000000000000000, 1.000000000000000000 ) ) ;
#125 = B_SPLINE_CURVE_WITH_KNOTS ( 'NONE', 3,
 ( #2324, #328, #680, #1052, #1217, #1405, #1058, #293 ),
 .UNSPECIFIED., .F., .F.,
 ( 4, 2, 2, 4 ),
 ( 0.0006869816158910255991, 0.001099815678009405644, 0.001512649740127785473, 0.002338317864364545563 ),
 .UNSPECIFIED. ) ;
#126 = ADVANCED_FACE ( 'NONE', ( #2213 ), #2130, .F. ) ;
#127 = DIRECTION ( 'NONE',  ( 0.000000000000000000, 0.000000000000000000, 1.000000000000000000 ) ) ;
#128 = DIRECTION ( 'NONE',  ( 0.000000000000000000, 0.000000000000000000, 1.000000000000000000 ) ) ;
#129 = DIRECTION ( 'NONE',  ( 0.000000000000000000, 0.000000000000000000, 1.000000000000000000 ) ) ;
#130 = TOROIDAL_SURFACE ( 'NONE', #385, 24.10716242551150756, 2.500000000000000000 ) ;
#131 = DIRECTION ( 'NONE',  ( -1.000000000000000000, 0.000000000000000000, 0.000000000000000000 ) ) ;
#132 = EDGE_CURVE ( 'NONE', #1125, #529, #1544, .T. ) ;
#133 = VECTOR ( 'NONE', #2260, 1000.000000000000000 ) ;
#134 = VECTOR ( 'NONE', #615, 1000.000000000000000 ) ;
#135 = AXIS2_PLACEMENT_3D ( 'NONE', #631, #803, #2092 ) ;
#136 = ORIENTED_EDGE ( 'NONE', *, *, #2043, .T. ) ;
#137 = CARTESIAN_POINT ( 'NONE',  ( 228.0954129722693722, 344.9822886035146894, -9.764446979878226074 ) ) ;
#138 = B_SPLINE_CURVE_WITH_KNOTS ( 'NONE', 3,
 ( #2149, #1769, #1963, #1221, #1798, #304, #498, #1436, #857, #1048 ),
 .UNSPECIFIED., .F., .F.,
 ( 4, 2, 2, 2, 4 ),
 ( 0.000000000000000000, 0.0006527697997759433724, 0.001305539599551886745, 0.001958309399327830009, 0.002611079199103773490 ),
 .UNSPECIFIED. ) ;
#139 = CARTESIAN_POINT ( 'NONE',  ( 224.5813645904190139, 356.1497671420924576, -59.01298479830110466 ) ) ;
#140 = ORIENTED_EDGE ( 'NONE', *, *, #721, .F. ) ;
#141 = VERTEX_POINT ( 'NONE', #613 ) ;
#142 = ORIENTED_EDGE ( 'NONE', *, *, #1166, .F. ) ;
#143 = CARTESIAN_POINT ( 'NONE',  ( 227.9265553906908224, 344.8550638895120528, -8.185510142893745567 ) ) ;
#144 = VERTEX_POINT ( 'NONE', #233 ) ;
#145 = DIRECTION ( 'NONE',  ( -0.000000000000000000, -0.6464562253513755907, 0.7629510788408727651 ) ) ;
#146 = VERTEX_POINT ( 'NONE', #1530 ) ;
#147 = ORIENTED_EDGE ( 'NONE', *, *, #844, .F. ) ;
#148 =( BOUNDED_CURVE ( )  B_SPLINE_CURVE ( 3, ( #1494, #14, #2031, #1646 ),
 .UNSPECIFIED., .F., .F. ) 
 B_SPLINE_CURVE_WITH_KNOTS ( ( 4, 4 ),
 ( 1.570796326794896558, 4.712388980384689674 ),
 .UNSPECIFIED. ) 
 CURVE ( )  GEOMETRIC_REPRESENTATION_ITEM ( )  RATIONAL_B_SPLINE_CURVE ( ( 1.000000000000000000, 0.3333333333333333703, 0.3333333333333333703, 1.000000000000000000 ) ) 
 REPRESENTATION_ITEM ( '' )  );
#149 = ORIENTED_EDGE ( 'NONE', *, *, #1524, .T. ) ;
#150 = EDGE_CURVE ( 'NONE', #2137, #194, #1492, .T. ) ;
#151 = PLANE ( 'NONE',  #878 ) ;
#152 = DIRECTION ( 'NONE',  ( 0.000000000000000000, 0.000000000000000000, -1.000000000000000000 ) ) ;
#153 = DIRECTION ( 'NONE',  ( 0.000000000000000000, 0.000000000000000000, -1.000000000000000000 ) ) ;
#154 = B_SPLINE_CURVE_WITH_KNOTS ( 'NONE', 3,
 ( #2319, #1561, #1035, #854, #2122, #461 ),
 .UNSPECIFIED., .F., .F.,
 ( 4, 2, 4 ),
 ( 0.0006223599114935027005, 0.001192756296759261156, 0.001763152682025019612 ),
 .UNSPECIFIED. ) ;
#155 = AXIS2_PLACEMENT_3D ( 'NONE', #1811, #1635, #517 ) ;
#156 = FACE_OUTER_BOUND ( 'NONE', #370, .T. ) ;
#157 = VECTOR ( 'NONE', #347, 1000.000000000000114 ) ;
#158 = DIRECTION ( 'NONE',  ( 0.000000000000000000, 0.000000000000000000, -1.000000000000000000 ) ) ;
#159 = CARTESIAN_POINT ( 'NONE',  ( 226.5954129722693722, 356.2888233359443007, -60.00000000000000711 ) ) ;
#160 = FACE_BOUND ( 'NONE', #170, .T. ) ;
#161 = DIRECTION ( 'NONE',  ( 0.000000000000000000, 0.1736481776669319965, 0.9848077530122076872 ) ) ;
#162 = EDGE_CURVE ( 'NONE', #368, #1522, #1719, .T. ) ;
#163 = VECTOR ( 'NONE', #624, 1000.000000000000000 ) ;
#164 = PLANE ( 'NONE',  #462 ) ;
#165 = CARTESIAN_POINT ( 'NONE',  ( 227.0239844008417549, 336.2888233359443007, -28.21916472204041071 ) ) ;
#166 = EDGE_LOOP ( 'NONE', ( #1296, #568, #1427, #54 ) ) ;
#167 = DIRECTION ( 'NONE',  ( 1.000000000000000000, 6.938893903907222067E-15, 0.000000000000000000 ) ) ;
#168 = CARTESIAN_POINT ( 'NONE',  ( 229.5954129722693722, 353.2888233359443007, -65.00000000000000000 ) ) ;
#169 = ORIENTED_EDGE ( 'NONE', *, *, #424, .T. ) ;
#170 = EDGE_LOOP ( 'NONE', ( #1146, #1359 ) ) ;
#171 = ORIENTED_EDGE ( 'NONE', *, *, #1291, .T. ) ;
#172 = CARTESIAN_POINT ( 'NONE',  ( 226.6347220974140839, 345.9457444843818621, -0.000000000000000000 ) ) ;
#173 = VERTEX_POINT ( 'NONE', #1535 ) ;
#174 = CARTESIAN_POINT ( 'NONE',  ( 205.5273554907619769, 340.2888233359443007, -60.00000000000000711 ) ) ;
#175 = EDGE_LOOP ( 'NONE', ( #1332, #1843, #1190, #200 ) ) ;
#176 = CARTESIAN_POINT ( 'NONE',  ( 217.5954129722693722, 350.4151259177033353, -62.00000000000000711 ) ) ;
#177 = EDGE_CURVE ( 'NONE', #372, #744, #478, .T. ) ;
#178 = AXIS2_PLACEMENT_3D ( 'NONE', #1700, #1186, #1895 ) ;
#179 = CARTESIAN_POINT ( 'NONE',  ( 227.7308682571825784, 336.2888233359442438, -32.21148022982539061 ) ) ;
#180 = DIRECTION ( 'NONE',  ( 0.000000000000000000, 0.000000000000000000, -1.000000000000000000 ) ) ;
#181 = DIRECTION ( 'NONE',  ( 0.7660444431189782355, 0.6427876096865390299, 0.000000000000000000 ) ) ;
#182 = CARTESIAN_POINT ( 'NONE',  ( 224.8768176265857051, 356.2411485103389168, -65.79666319860781698 ) ) ;
#183 = LINE ( 'NONE', #992, #2382 ) ;
#184 = AXIS2_PLACEMENT_3D ( 'NONE', #1560, #839, #302 ) ;
#185 = LINE ( 'NONE', #1945, #2090 ) ;
#186 = CARTESIAN_POINT ( 'NONE',  ( 221.5954129722693722, 356.2888233359443007, -55.00000000000000711 ) ) ;
#187 = FACE_OUTER_BOUND ( 'NONE', #1951, .T. ) ;
#188 = DIRECTION ( 'NONE',  ( 1.000000000000000000, -0.000000000000000000, -0.000000000000000000 ) ) ;
#189 = CIRCLE ( 'NONE', #509, 21.44689593961924956 ) ;
#190 = CARTESIAN_POINT ( 'NONE',  ( 232.5954129722693722, 354.2888233359443007, 0.000000000000000000 ) ) ;
#191 = ORIENTED_EDGE ( 'NONE', *, *, #2388, .T. ) ;
#192 = AXIS2_PLACEMENT_3D ( 'NONE', #2207, #167, #2226 ) ;
#193 = ORIENTED_EDGE ( 'NONE', *, *, #994, .F. ) ;
#194 = VERTEX_POINT ( 'NONE', #1946 ) ;
#195 = CARTESIAN_POINT ( 'NONE',  ( 226.6679861655270827, 356.2888233359442438, -27.72616101812383604 ) ) ;
#196 = ORIENTED_EDGE ( 'NONE', *, *, #340, .T. ) ;
#197 = AXIS2_PLACEMENT_3D ( 'NONE', #1051, #104, #1453 ) ;
#198 = ORIENTED_EDGE ( 'NONE', *, *, #1830, .T. ) ;
#199 = DIRECTION ( 'NONE',  ( 0.000000000000000000, 0.000000000000000000, 1.000000000000000000 ) ) ;
#200 = ORIENTED_EDGE ( 'NONE', *, *, #2001, .F. ) ;
#201 = ORIENTED_EDGE ( 'NONE', *, *, #150, .T. ) ;
#202 = CARTESIAN_POINT ( 'NONE',  ( 211.3954129722693551, 345.2127082044041799, -66.50000000000000000 ) ) ;
#203 = VERTEX_POINT ( 'NONE', #1958 ) ;
#204 = CARTESIAN_POINT ( 'NONE',  ( 225.0953753612780019, 356.2757873508895159, -65.16640474907512726 ) ) ;
#205 = ORIENTED_EDGE ( 'NONE', *, *, #1155, .F. ) ;
#206 = EDGE_CURVE ( 'NONE', #569, #748, #1520, .T. ) ;
#207 = DIRECTION ( 'NONE',  ( 0.000000000000000000, 1.000000000000000000, 0.000000000000000000 ) ) ;
#208 = AXIS2_PLACEMENT_3D ( 'NONE', #1222, #326, #1603 ) ;
#209 = VECTOR ( 'NONE', #1130, 1000.000000000000000 ) ;
#210 = DIRECTION ( 'NONE',  ( -1.000000000000000000, 0.000000000000000000, 0.000000000000000000 ) ) ;
#211 = FACE_OUTER_BOUND ( 'NONE', #1215, .T. ) ;
#212 = DIRECTION ( 'NONE',  ( 0.000000000000000000, 0.000000000000000000, 1.000000000000000000 ) ) ;
#213 = DIRECTION ( 'NONE',  ( 0.000000000000000000, 0.000000000000000000, -1.000000000000000000 ) ) ;
#214 = CARTESIAN_POINT ( 'NONE',  ( 225.0672482545333537, 356.2731208927183388, -64.66637130161714708 ) ) ;
#215 =( GEOMETRIC_REPRESENTATION_CONTEXT ( 3 ) GLOBAL_UNCERTAINTY_ASSIGNED_CONTEXT ( ( #830 ) ) GLOBAL_UNIT_ASSIGNED_CONTEXT ( ( #2061, #2088, #2286 ) ) REPRESENTATION_CONTEXT ( 'NONE', 'WORKASPACE' ) );
#216 = TOROIDAL_SURFACE ( 'NONE', #602, 27.23488110224250391, 1.000000000000000000 ) ;
#217 = CARTESIAN_POINT ( 'NONE',  ( 227.6626630206413040, 344.7464261691974343, -12.96008663387133986 ) ) ;
#218 = VECTOR ( 'NONE', #1905, 1000.000000000000000 ) ;
#219 = CARTESIAN_POINT ( 'NONE',  ( 226.6344527782347598, 350.6203050680960587, -29.64183511071288990 ) ) ;
#220 = CIRCLE ( 'NONE', #1015, 2.999999999999988898 ) ;
#221 = EDGE_CURVE ( 'NONE', #92, #1661, #16, .T. ) ;
#222 = CARTESIAN_POINT ( 'NONE',  ( 227.2025127865384775, 347.3105538562782044, -10.14322053278621638 ) ) ;
#223 = ORIENTED_EDGE ( 'NONE', *, *, #33, .F. ) ;
#224 = CARTESIAN_POINT ( 'NONE',  ( 227.3409421866571734, 339.1085711156114257, 8.673617379884035472E-16 ) ) ;
#225 = ORIENTED_EDGE ( 'NONE', *, *, #2393, .F. ) ;
#226 = ORIENTED_EDGE ( 'NONE', *, *, #206, .T. ) ;
#227 = VERTEX_POINT ( 'NONE', #1916 ) ;
#228 = AXIS2_PLACEMENT_3D ( 'NONE', #2313, #1040, #851 ) ;
#229 = ORIENTED_EDGE ( 'NONE', *, *, #20, .F. ) ;
#230 = CARTESIAN_POINT ( 'NONE',  ( 227.0239844008407886, 339.3978440188001855, 0.000000000000000000 ) ) ;
#231 = CARTESIAN_POINT ( 'NONE',  ( 227.6262138446487313, 346.7820055392805330, -10.14183718977408333 ) ) ;
#232 = ORIENTED_EDGE ( 'NONE', *, *, #52, .T. ) ;
#233 = CARTESIAN_POINT ( 'NONE',  ( 226.5954129722693722, 351.6709251047531097, 0.000000000000000000 ) ) ;
#234 = CARTESIAN_POINT ( 'NONE',  ( 226.7241716527884421, 350.3301538338696446, -29.91395181319783703 ) ) ;
#235 = CARTESIAN_POINT ( 'NONE',  ( 223.5954129722693722, 336.2888233359443007, -65.00000000000000000 ) ) ;
#236 = EDGE_CURVE ( 'NONE', #194, #1993, #394, .T. ) ;
#237 = ADVANCED_FACE ( 'NONE', ( #541 ), #1934, .F. ) ;
#238 = CARTESIAN_POINT ( 'NONE',  ( 225.5954129722693722, 346.2888233359443007, -8.560921364731157723 ) ) ;
#239 = PRODUCT_CONTEXT ( 'NONE', #257, 'mechanical' ) ;
#240 = EDGE_CURVE ( 'NONE', #575, #897, #1686, .T. ) ;
#241 = CARTESIAN_POINT ( 'NONE',  ( 227.7308715677353348, 336.2888233359443575, -42.22613616368591494 ) ) ;
#242 = CIRCLE ( 'NONE', #1270, 1.500000000000001332 ) ;
#243 = CARTESIAN_POINT ( 'NONE',  ( 226.8860206801959407, 336.2888233359442438, -46.42947651926397867 ) ) ;
#244 = CARTESIAN_POINT ( 'NONE',  ( 226.6580255870994449, 350.5233805645420944, -29.73358937453105355 ) ) ;
#245 = CARTESIAN_POINT ( 'NONE',  ( 226.5954129722693722, 356.2888233359443007, -60.00000000000000711 ) ) ;
#246 = ADVANCED_FACE ( 'NONE', ( #856 ), #1144, .F. ) ;
#247 = CIRCLE ( 'NONE', #1080, 2.999999999999995559 ) ;
#248 = CARTESIAN_POINT ( 'NONE',  ( 227.0239844008407886, 325.0003863286152068, 3.000233278950703575 ) ) ;
#249 = VECTOR ( 'NONE', #1885, 1000.000000000000000 ) ;
#250 = ORIENTED_EDGE ( 'NONE', *, *, #2316, .F. ) ;
#251 = CARTESIAN_POINT ( 'NONE',  ( 227.9960429763224568, 347.9448618500032921, -31.88955042416683483 ) ) ;
#252 = DIRECTION ( 'NONE',  ( -0.000000000000000000, 1.000000000000000000, -0.000000000000000000 ) ) ;
#253 = EDGE_LOOP ( 'NONE', ( #656, #1559, #810, #2373 ) ) ;
#254 = VERTEX_POINT ( 'NONE', #2114 ) ;
#255 = EDGE_CURVE ( 'NONE', #2397, #194, #154, .T. ) ;
#256 = CARTESIAN_POINT ( 'NONE',  ( 225.3233534408017817, 356.2888233359443007, -70.00000000000000000 ) ) ;
#257 = APPLICATION_CONTEXT ( 'automotive_design' ) ;
#258 = ORIENTED_EDGE ( 'NONE', *, *, #589, .F. ) ;
#259 = ORIENTED_EDGE ( 'NONE', *, *, #1625, .F. ) ;
#260 = CARTESIAN_POINT ( 'NONE',  ( 227.9833369955585454, 336.2888233359443007, -19.00524404276129076 ) ) ;
#261 = AXIS2_PLACEMENT_3D ( 'NONE', #1404, #1780, #1576 ) ;
#262 = ORIENTED_EDGE ( 'NONE', *, *, #322, .F. ) ;
#263 = CARTESIAN_POINT ( 'NONE',  ( 227.1905467262164962, 350.7281742678940191, 1.955689406570603301E-13 ) ) ;
#264 = DIRECTION ( 'NONE',  ( 0.000000000000000000, 0.000000000000000000, 1.000000000000000000 ) ) ;
#265 = EDGE_LOOP ( 'NONE', ( #1692, #746, #1178, #329 ) ) ;
#266 = AXIS2_PLACEMENT_3D ( 'NONE', #1643, #881, #369 ) ;
#267 = DIRECTION ( 'NONE',  ( 0.000000000000000000, 0.000000000000000000, -1.000000000000000000 ) ) ;
#268 = ORIENTED_EDGE ( 'NONE', *, *, #1091, .T. ) ;
#269 = CARTESIAN_POINT ( 'NONE',  ( 228.0954129722693722, 325.0003863286152068, 3.000233278950703575 ) ) ;
#270 = CARTESIAN_POINT ( 'NONE',  ( 227.3551227051117394, 336.2888233359443007, -20.14825475748472883 ) ) ;
#271 = CARTESIAN_POINT ( 'NONE',  ( 225.3233534408017817, 354.2888233359443007, -60.00000000000000711 ) ) ;
#272 = CARTESIAN_POINT ( 'NONE',  ( 228.0712920185092685, 348.1177368564079870, -0.000000000000000000 ) ) ;
#273 = EDGE_CURVE ( 'NONE', #2195, #1125, #2127, .T. ) ;
#274 = LINE ( 'NONE', #800, #2119 ) ;
#275 = PLANE ( 'NONE',  #531 ) ;
#276 = AXIS2_PLACEMENT_3D ( 'NONE', #496, #1399, #470 ) ;
#277 = LINE ( 'NONE', #2270, #2121 ) ;
#278 = CIRCLE ( 'NONE', #947, 1.700000000000021050 ) ;
#279 = DIRECTION ( 'NONE',  ( 0.000000000000000000, 0.000000000000000000, 1.000000000000000000 ) ) ;
#280 = CYLINDRICAL_SURFACE ( 'NONE', #2287, 1.700000000000021050 ) ;
#281 = CARTESIAN_POINT ( 'NONE',  ( 228.0954129722693722, 336.2888233359443007, -30.49617336259964517 ) ) ;
#282 = DIRECTION ( 'NONE',  ( 0.000000000000000000, 0.000000000000000000, 1.000000000000000000 ) ) ;
#283 = CIRCLE ( 'NONE', #1874, 21.65941180664841781 ) ;
#284 = CARTESIAN_POINT ( 'NONE',  ( 0.000000000000000000, 0.000000000000000000, -60.00000000000000711 ) ) ;
#285 = CARTESIAN_POINT ( 'NONE',  ( 226.5954129722693722, 344.3454616357153100, -15.60318306590989401 ) ) ;
#286 = ORIENTED_EDGE ( 'NONE', *, *, #1229, .T. ) ;
#287 = CARTESIAN_POINT ( 'NONE',  ( 227.0239844008403622, 336.2888233359443007, -15.48493130623830005 ) ) ;
#288 = ORIENTED_EDGE ( 'NONE', *, *, #1771, .T. ) ;
#289 = ADVANCED_FACE ( 'NONE', ( #939 ), #1202, .T. ) ;
#290 = EDGE_CURVE ( 'NONE', #399, #2216, #452, .T. ) ;
#291 = ORIENTED_EDGE ( 'NONE', *, *, #474, .T. ) ;
#292 = CARTESIAN_POINT ( 'NONE',  ( 226.5954129722693438, 344.4156296317356123, -4.760550211058396819 ) ) ;
#293 = CARTESIAN_POINT ( 'NONE',  ( 226.5954129722693722, 341.6462733988640821, -35.39719306433583768 ) ) ;
#294 = ORIENTED_EDGE ( 'NONE', *, *, #413, .T. ) ;
#295 = CARTESIAN_POINT ( 'NONE',  ( 217.5954129722693722, 356.2888233359443007, -65.00000000000000000 ) ) ;
#296 = B_SPLINE_CURVE_WITH_KNOTS ( 'NONE', 3,
 ( #22, #1318, #1502, #397, #545, #1831 ),
 .UNSPECIFIED., .F., .F.,
 ( 4, 2, 4 ),
 ( 0.0006110849724210130895, 0.001117380580765200320, 0.001623676189109387550 ),
 .UNSPECIFIED. ) ;
#297 = ORIENTED_EDGE ( 'NONE', *, *, #904, .F. ) ;
#298 = ADVANCED_FACE ( 'NONE', ( #2211 ), #648, .T. ) ;
#299 = DIRECTION ( 'NONE',  ( -1.000000000000000000, 0.000000000000000000, 0.000000000000000000 ) ) ;
#300 = CARTESIAN_POINT ( 'NONE',  ( 226.5954129722693722, 325.1150252041000499, -23.06188681941315366 ) ) ;
#301 = CARTESIAN_POINT ( 'NONE',  ( 234.5954129722693722, 336.2888233359443007, -60.00000000000000711 ) ) ;
#302 = DIRECTION ( 'NONE',  ( 0.000000000000000000, 0.000000000000000000, -1.000000000000000000 ) ) ;
#303 =( BOUNDED_CURVE ( )  B_SPLINE_CURVE ( 3, ( #2290, #1375, #628, #1557 ),
 .UNSPECIFIED., .F., .T. ) 
 B_SPLINE_CURVE_WITH_KNOTS ( ( 4, 4 ),
 ( 1.067631652627333505, 1.570796326794884790 ),
 .UNSPECIFIED. ) 
 CURVE ( )  GEOMETRIC_REPRESENTATION_ITEM ( )  RATIONAL_B_SPLINE_CURVE ( ( 1.000000000000000000, 0.9790131549586196247, 0.9790131549586196247, 1.000000000000000000 ) ) 
 REPRESENTATION_ITEM ( '' )  );
#304 = CARTESIAN_POINT ( 'NONE',  ( 227.7346530126728226, 336.2888233359442438, -45.49626653776842744 ) ) ;
#305 = LINE ( 'NONE', #1132, #338 ) ;
#306 = EDGE_CURVE ( 'NONE', #807, #146, #44, .T. ) ;
#307 = VECTOR ( 'NONE', #34, 1000.000000000000000 ) ;
#308 = CARTESIAN_POINT ( 'NONE',  ( 227.7348920257403222, 343.1502110613272407, -10.13305391480034423 ) ) ;
#309 = ADVANCED_FACE ( 'NONE', ( #1888 ), #1947, .F. ) ;
#310 = VECTOR ( 'NONE', #128, 1000.000000000000000 ) ;
#311 = DIRECTION ( 'NONE',  ( -0.000000000000000000, -1.000000000000000000, -0.000000000000000000 ) ) ;
#312 = B_SPLINE_CURVE_WITH_KNOTS ( 'NONE', 3,
 ( #769, #1474, #1295, #376, #608, #64, #986, #1172 ),
 .UNSPECIFIED., .F., .F.,
 ( 4, 2, 2, 4 ),
 ( 6.938893903907228378E-18, 0.0005432647840203658901, 0.0008148971760305453657, 0.001086529568040724841 ),
 .UNSPECIFIED. ) ;
#313 = LINE ( 'NONE', #2035, #912 ) ;
#314 = AXIS2_PLACEMENT_3D ( 'NONE', #644, #551, #1873 ) ;
#315 = ORIENTED_EDGE ( 'NONE', *, *, #904, .T. ) ;
#316 = ORIENTED_EDGE ( 'NONE', *, *, #1422, .T. ) ;
#317 = CARTESIAN_POINT ( 'NONE',  ( 227.0239844008407601, 344.6238120787136268, -6.167715326945261367 ) ) ;
#318 = DIRECTION ( 'NONE',  ( 1.000000000000000000, -0.000000000000000000, -0.000000000000000000 ) ) ;
#319 = VERTEX_POINT ( 'NONE', #1075 ) ;
#320 = VERTEX_POINT ( 'NONE', #349 ) ;
#321 = ORIENTED_EDGE ( 'NONE', *, *, #1218, .F. ) ;
#322 = EDGE_CURVE ( 'NONE', #438, #626, #1235, .T. ) ;
#323 = CARTESIAN_POINT ( 'NONE',  ( 227.3480354336488745, 336.2888233359444143, -28.50766563593449376 ) ) ;
#324 = ORIENTED_EDGE ( 'NONE', *, *, #932, .F. ) ;
#325 = EDGE_CURVE ( 'NONE', #1988, #399, #740, .T. ) ;
#326 = DIRECTION ( 'NONE',  ( -1.000000000000000000, 0.000000000000000000, 0.000000000000000000 ) ) ;
#327 = EDGE_LOOP ( 'NONE', ( #1631, #84, #25, #2372 ) ) ;
#328 = CARTESIAN_POINT ( 'NONE',  ( 226.9407565421448965, 342.9787531881160589, -34.82550756161072059 ) ) ;
#329 = ORIENTED_EDGE ( 'NONE', *, *, #1324, .F. ) ;
#330 = CARTESIAN_POINT ( 'NONE',  ( 229.5954129722693722, 356.2888233359443007, -65.00000000000000000 ) ) ;
#331 = B_SPLINE_CURVE_WITH_KNOTS ( 'NONE', 3,
 ( #2105, #970, #1702, #998, #241, #69, #1339, #1189, #78, #605 ),
 .UNSPECIFIED., .F., .F.,
 ( 4, 2, 2, 2, 4 ),
 ( 1.777223989483336522E-16, 0.0006661693829898980264, 0.001332338765979618461, 0.001998508148969339003, 0.002664677531959059112 ),
 .UNSPECIFIED. ) ;
#332 = AXIS2_PLACEMENT_3D ( 'NONE', #1013, #827, #988 ) ;
#333 = ORIENTED_EDGE ( 'NONE', *, *, #2316, .T. ) ;
#334 = CARTESIAN_POINT ( 'NONE',  ( 227.9789482898627568, 336.2888233359443575, -29.63641599753095690 ) ) ;
#335 = UNCERTAINTY_MEASURE_WITH_UNIT (LENGTH_MEASURE( 1.000000000000000082E-05 ), #968, 'distance_accuracy_value', 'NONE');
#336 = DIRECTION ( 'NONE',  ( -1.000000000000000000, 0.000000000000000000, 0.000000000000000000 ) ) ;
#337 = CARTESIAN_POINT ( 'NONE',  ( 227.5954129722693722, 325.1150252041000499, -23.06188681941315366 ) ) ;
#338 = VECTOR ( 'NONE', #1680, 1000.000000000000000 ) ;
#339 = DIRECTION ( 'NONE',  ( 0.000000000000000000, -0.000000000000000000, -1.000000000000000000 ) ) ;
#340 = EDGE_CURVE ( 'NONE', #1993, #1583, #847, .T. ) ;
#341 = DIRECTION ( 'NONE',  ( -0.000000000000000000, -1.000000000000000000, -0.000000000000000000 ) ) ;
#342 = AXIS2_PLACEMENT_3D ( 'NONE', #439, #2123, #1562 ) ;
#343 = VECTOR ( 'NONE', #1099, 1000.000000000000000 ) ;
#344 = CARTESIAN_POINT ( 'NONE',  ( 226.5954129722693722, 336.2888233359443575, -21.17471802700610084 ) ) ;
#345 = B_SPLINE_CURVE_WITH_KNOTS ( 'NONE', 3,
 ( #317, #1944, #2126, #2317, #1801, #143, #539, #1072, #899, #2166, #722, #906 ),
 .UNSPECIFIED., .F., .F.,
 ( 4, 2, 2, 2, 2, 4 ),
 ( 4.172480220001023418E-15, 0.0009577556792468257989, 0.001915511358489479154, 0.002873267037732132618, 0.003352144877353452519, 0.003831022716974772421 ),
 .UNSPECIFIED. ) ;
#346 = ORIENTED_EDGE ( 'NONE', *, *, #2345, .T. ) ;
#347 = DIRECTION ( 'NONE',  ( 0.7660444431189782355, 0.6427876096865390299, 0.000000000000000000 ) ) ;
#348 = ORIENTED_EDGE ( 'NONE', *, *, #891, .T. ) ;
#349 = CARTESIAN_POINT ( 'NONE',  ( 234.5954129722693722, 336.2888233359443007, -70.00000000000000000 ) ) ;
#350 = DIRECTION ( 'NONE',  ( 0.000000000000000000, 0.000000000000000000, 1.000000000000000000 ) ) ;
#351 = EDGE_CURVE ( 'NONE', #2046, #2038, #593, .T. ) ;
#352 = ORIENTED_EDGE ( 'NONE', *, *, #474, .F. ) ;
#353 = ORIENTED_EDGE ( 'NONE', *, *, #20, .T. ) ;
#354 = CARTESIAN_POINT ( 'NONE',  ( 226.5954129722693722, 337.2034163044302773, -6.155649164710390586 ) ) ;
#355 = CARTESIAN_POINT ( 'NONE',  ( 227.7299706804060691, 356.2888233359443007, -32.21307322720186050 ) ) ;
#356 = CARTESIAN_POINT ( 'NONE',  ( 228.0954129722693722, 325.0003863286152068, 3.000233278950703575 ) ) ;
#357 = AXIS2_PLACEMENT_3D ( 'NONE', #445, #1546, #279 ) ;
#358 = CYLINDRICAL_SURFACE ( 'NONE', #1673, 1.500000000000001332 ) ;
#359 = CARTESIAN_POINT ( 'NONE',  ( 225.3233534408017817, 356.2888233359443007, -58.33203539343121236 ) ) ;
#360 = DIRECTION ( 'NONE',  ( 0.000000000000000000, -1.000000000000000000, 0.000000000000000000 ) ) ;
#361 = CIRCLE ( 'NONE', #2383, 26.41422929559432831 ) ;
#362 = DIRECTION ( 'NONE',  ( -1.000000000000000000, 0.000000000000000000, 0.000000000000000000 ) ) ;
#363 = LINE ( 'NONE', #1353, #1975 ) ;
#364 = EDGE_CURVE ( 'NONE', #1495, #1522, #2360, .T. ) ;
#365 = TOROIDAL_SURFACE ( 'NONE', #57, 20.62624413297093895, 1.000000000000000000 ) ;
#366 = CARTESIAN_POINT ( 'NONE',  ( 226.5954129722693722, 356.2888233359443007, -60.00000000000000711 ) ) ;
#367 = ORIENTED_EDGE ( 'NONE', *, *, #1610, .F. ) ;
#368 = VERTEX_POINT ( 'NONE', #707 ) ;
#369 = DIRECTION ( 'NONE',  ( 0.000000000000000000, 0.000000000000000000, -1.000000000000000000 ) ) ;
#370 = EDGE_LOOP ( 'NONE', ( #118, #2396, #491, #2282 ) ) ;
#371 = VERTEX_POINT ( 'NONE', #1999 ) ;
#372 = VERTEX_POINT ( 'NONE', #1434 ) ;
#373 = EDGE_LOOP ( 'NONE', ( #403, #1523, #258 ) ) ;
#374 = CARTESIAN_POINT ( 'NONE',  ( 227.9815327955839734, 336.2888233359443007, -31.61990379310404009 ) ) ;
#375 = VERTEX_POINT ( 'NONE', #137 ) ;
#376 = CARTESIAN_POINT ( 'NONE',  ( 226.7382007985901851, 336.2888233359443007, -41.01629771955281001 ) ) ;
#377 = ORIENTED_EDGE ( 'NONE', *, *, #537, .T. ) ;
#378 = CARTESIAN_POINT ( 'NONE',  ( 227.5954129722693722, 325.1150252041000499, -23.06188681941315366 ) ) ;
#379 = CARTESIAN_POINT ( 'NONE',  ( 224.0377782214287095, 355.8209122221822440, -63.56671252487988966 ) ) ;
#380 = EDGE_CURVE ( 'NONE', #1840, #2248, #220, .T. ) ;
#381 = VERTEX_POINT ( 'NONE', #1440 ) ;
#382 = CARTESIAN_POINT ( 'NONE',  ( 232.5954129722693722, 0.000000000000000000, -0.000000000000000000 ) ) ;
#383 = DIRECTION ( 'NONE',  ( 0.000000000000000000, -1.000000000000000000, 0.000000000000000000 ) ) ;
#384 = CARTESIAN_POINT ( 'NONE',  ( 228.0513450101311435, 347.0352173701648439, -33.38969118781697887 ) ) ;
#385 = AXIS2_PLACEMENT_3D ( 'NONE', #1100, #520, #716 ) ;
#386 = TOROIDAL_SURFACE ( 'NONE', #228, 27.23488110224250391, 1.000000000000000000 ) ;
#387 = CARTESIAN_POINT ( 'NONE',  ( 226.5954129722693722, 336.2888233359443007, -21.34910404815460438 ) ) ;
#388 = FACE_OUTER_BOUND ( 'NONE', #2228, .T. ) ;
#389 = CARTESIAN_POINT ( 'NONE',  ( 226.6405438920278357, 356.2888233359442438, -27.64126539935723059 ) ) ;
#390 = EDGE_CURVE ( 'NONE', #55, #1037, #1462, .T. ) ;
#391 = VECTOR ( 'NONE', #1414, 1000.000000000000000 ) ;
#392 = DIRECTION ( 'NONE',  ( 0.000000000000000000, 0.000000000000000000, 1.000000000000000000 ) ) ;
#393 = CARTESIAN_POINT ( 'NONE',  ( 224.9585356410900658, 356.2560354201922337, -65.64758211956275602 ) ) ;
#394 = CIRCLE ( 'NONE', #2083, 21.23488110224249326 ) ;
#395 = CARTESIAN_POINT ( 'NONE',  ( 217.5954129722693722, 356.2888233359443007, -66.70000000000001705 ) ) ;
#396 = AXIS2_PLACEMENT_3D ( 'NONE', #1114, #1302, #451 ) ;
#397 = CARTESIAN_POINT ( 'NONE',  ( 226.6335240592439959, 336.2888233359442438, -33.55316550868545988 ) ) ;
#398 = DIRECTION ( 'NONE',  ( 0.000000000000000000, 0.000000000000000000, -1.000000000000000000 ) ) ;
#399 = VERTEX_POINT ( 'NONE', #1053 ) ;
#400 = CARTESIAN_POINT ( 'NONE',  ( 226.6700375111968810, 356.2888233359443007, -33.47661166227558027 ) ) ;
#401 = AXIS2_PLACEMENT_3D ( 'NONE', #2124, #2117, #1770 ) ;
#402 = ORIENTED_EDGE ( 'NONE', *, *, #1718, .F. ) ;
#403 = ORIENTED_EDGE ( 'NONE', *, *, #1011, .T. ) ;
#404 = CARTESIAN_POINT ( 'NONE',  ( 228.0954129722693722, 346.5610319011562979, -32.66654690540151762 ) ) ;
#405 = DIRECTION ( 'NONE',  ( 0.000000000000000000, 0.000000000000000000, -1.000000000000000000 ) ) ;
#406 = CARTESIAN_POINT ( 'NONE',  ( 227.0239844008408170, 348.0361491605628999, -34.91729368231021624 ) ) ;
#407 = DIRECTION ( 'NONE',  ( 0.000000000000000000, 0.000000000000000000, 1.000000000000000000 ) ) ;
#408 = EDGE_CURVE ( 'NONE', #1444, #1528, #1922, .T. ) ;
#409 = ORIENTED_EDGE ( 'NONE', *, *, #1721, .F. ) ;
#410 = DIRECTION ( 'NONE',  ( -1.000000000000000000, 0.000000000000000000, 0.000000000000000000 ) ) ;
#411 = CARTESIAN_POINT ( 'NONE',  ( 228.0954129722693722, 345.1579739630374775, -10.13774397244345060 ) ) ;
#412 = ORIENTED_EDGE ( 'NONE', *, *, #1338, .T. ) ;
#413 = EDGE_CURVE ( 'NONE', #79, #742, #1032, .T. ) ;
#414 = CARTESIAN_POINT ( 'NONE',  ( 234.5954129722693722, 356.2888233359443007, -70.00000000000000000 ) ) ;
#415 = CARTESIAN_POINT ( 'NONE',  ( 217.5954129722693722, 346.2888233359443007, -65.00000000000000000 ) ) ;
#416 = DIRECTION ( 'NONE',  ( 0.000000000000000000, -0.6464562253513757017, 0.7629510788408725430 ) ) ;
#417 = FACE_OUTER_BOUND ( 'NONE', #786, .T. ) ;
#418 = CARTESIAN_POINT ( 'NONE',  ( 227.0239844008407886, 325.1150252041000499, -23.06188681941315366 ) ) ;
#419 = CIRCLE ( 'NONE', #1558, 1.500000000000001332 ) ;
#420 = ADVANCED_FACE ( 'NONE', ( #1439 ), #887, .F. ) ;
#421 = CIRCLE ( 'NONE', #755, 1.500000000000001332 ) ;
#422 = DIRECTION ( 'NONE',  ( 0.000000000000000000, 0.000000000000000000, 1.000000000000000000 ) ) ;
#423 = LINE ( 'NONE', #2199, #343 ) ;
#424 = EDGE_CURVE ( 'NONE', #2334, #2113, #2389, .T. ) ;
#425 = CARTESIAN_POINT ( 'NONE',  ( 225.5954129722693722, 346.2888233359443007, -8.560921364731157723 ) ) ;
#426 = ORIENTED_EDGE ( 'NONE', *, *, #2236, .F. ) ;
#427 = ORIENTED_EDGE ( 'NONE', *, *, #957, .T. ) ;
#428 = ORIENTED_EDGE ( 'NONE', *, *, #1108, .T. ) ;
#429 = CARTESIAN_POINT ( 'NONE',  ( 228.0934556675060207, 346.2888233359445849, -33.02242863975420306 ) ) ;
#430 = EDGE_LOOP ( 'NONE', ( #1328, #625, #1983, #797 ) ) ;
#431 = CARTESIAN_POINT ( 'NONE',  ( 223.2874236871026881, 355.1912900091771235, -59.78294624616054165 ) ) ;
#432 = ORIENTED_EDGE ( 'NONE', *, *, #612, .F. ) ;
#433 = AXIS2_PLACEMENT_3D ( 'NONE', #964, #1533, #407 ) ;
#434 = ORIENTED_EDGE ( 'NONE', *, *, #2375, .F. ) ;
#435 = DIRECTION ( 'NONE',  ( 0.000000000000000000, 0.000000000000000000, -1.000000000000000000 ) ) ;
#436 = EDGE_LOOP ( 'NONE', ( #1931, #782, #1890, #1301 ) ) ;
#437 = CARTESIAN_POINT ( 'NONE',  ( 227.7472341018595046, 344.3701019590304782, -34.13907325744714427 ) ) ;
#438 = VERTEX_POINT ( 'NONE', #1428 ) ;
#439 = CARTESIAN_POINT ( 'NONE',  ( 227.5954129722693722, 325.0003863286152068, 3.000233278950703575 ) ) ;
#440 = CARTESIAN_POINT ( 'NONE',  ( 227.0239844008400780, 336.2888233359443007, -20.44146341502912634 ) ) ;
#441 = ADVANCED_FACE ( 'NONE', ( #1204 ), #365, .T. ) ;
#442 = LINE ( 'NONE', #580, #209 ) ;
#443 = CARTESIAN_POINT ( 'NONE',  ( 217.5954129722693722, 350.4151259177033353, -62.00000000000000711 ) ) ;
#444 = FACE_OUTER_BOUND ( 'NONE', #2364, .T. ) ;
#445 = CARTESIAN_POINT ( 'NONE',  ( 229.5954129722693722, 353.2888233359443007, -65.00000000000000000 ) ) ;
#446 = CARTESIAN_POINT ( 'NONE',  ( 227.9102587812062382, 356.2888233359443007, -29.43135549654180139 ) ) ;
#447 = AXIS2_PLACEMENT_3D ( 'NONE', #1795, #688, #1976 ) ;
#448 = CIRCLE ( 'NONE', #1653, 2.999999999999988898 ) ;
#449 = CARTESIAN_POINT ( 'NONE',  ( 226.7795370616031221, 356.2888233359443007, -33.24759648063494666 ) ) ;
#450 = FACE_BOUND ( 'NONE', #1761, .T. ) ;
#451 = DIRECTION ( 'NONE',  ( 0.000000000000000000, 0.000000000000000000, 1.000000000000000000 ) ) ;
#452 = CIRCLE ( 'NONE', #2093, 26.62624413297093184 ) ;
#453 = CARTESIAN_POINT ( 'NONE',  ( 227.9757196162089770, 349.5746372691123156, 0.000000000000000000 ) ) ;
#454 = CARTESIAN_POINT ( 'NONE',  ( 0.000000000000000000, 0.000000000000000000, 0.000000000000000000 ) ) ;
#455 = CARTESIAN_POINT ( 'NONE',  ( 227.6063027370493614, 347.0088995077256868, 0.000000000000000000 ) ) ;
#456 = ADVANCED_FACE ( 'NONE', ( #710 ), #925, .F. ) ;
#457 = EDGE_CURVE ( 'NONE', #2084, #720, #313, .T. ) ;
#458 = CARTESIAN_POINT ( 'NONE',  ( 221.5954129722693722, 0.000000000000000000, -60.00000000000000711 ) ) ;
#459 = ORIENTED_EDGE ( 'NONE', *, *, #1094, .F. ) ;
#460 = ORIENTED_EDGE ( 'NONE', *, *, #855, .T. ) ;
#461 = CARTESIAN_POINT ( 'NONE',  ( 226.5954129722693722, 344.6332890426415361, -29.73116892185890237 ) ) ;
#462 = AXIS2_PLACEMENT_3D ( 'NONE', #516, #1256, #2386 ) ;
#463 = VERTEX_POINT ( 'NONE', #902 ) ;
#464 = CARTESIAN_POINT ( 'NONE',  ( 226.7499750764405348, 339.6479198216895270, 0.000000000000000000 ) ) ;
#465 = CARTESIAN_POINT ( 'NONE',  ( 227.3511264915580625, 336.2888233359443007, -15.78953181583925591 ) ) ;
#466 = AXIS2_PLACEMENT_3D ( 'NONE', #1911, #416, #1707 ) ;
#467 = CARTESIAN_POINT ( 'NONE',  ( 217.5954129722693722, 336.2888233359443007, -63.29999999999998295 ) ) ;
#468 = VERTEX_POINT ( 'NONE', #1289 ) ;
#469 = DIRECTION ( 'NONE',  ( -0.000000000000000000, 1.000000000000000000, -0.000000000000000000 ) ) ;
#470 = DIRECTION ( 'NONE',  ( 0.000000000000000000, 0.000000000000000000, 1.000000000000000000 ) ) ;
#471 = CARTESIAN_POINT ( 'NONE',  ( 227.0239844008408454, 325.1150252041000499, -23.06188681941315366 ) ) ;
#472 = CARTESIAN_POINT ( 'NONE',  ( 227.1988123152850676, 336.2888233359459491, -15.62756992838741610 ) ) ;
#473 = CARTESIAN_POINT ( 'NONE',  ( 226.5954129722693722, 325.1150252041000499, -23.06188681941315366 ) ) ;
#474 = EDGE_CURVE ( 'NONE', #807, #1180, #2265, .T. ) ;
#475 = ADVANCED_FACE ( 'NONE', ( #1387 ), #2301, .F. ) ;
#476 = AXIS2_PLACEMENT_3D ( 'NONE', #1827, #1642, #2192 ) ;
#477 = CIRCLE ( 'NONE', #966, 26.41422929559401567 ) ;
#478 = B_SPLINE_CURVE_WITH_KNOTS ( 'NONE', 3,
 ( #2089, #634, #1364, #1925, #821, #437, #1908, #2259, #1157, #45 ),
 .UNSPECIFIED., .F., .F.,
 ( 4, 2, 2, 2, 4 ),
 ( 0.0001740204638037663254, 0.001146758982853353067, 0.002119497501902939916, 0.003092236020952526549, 0.004064974540002113182 ),
 .UNSPECIFIED. ) ;
#479 = FACE_OUTER_BOUND ( 'NONE', #973, .T. ) ;
#480 = CARTESIAN_POINT ( 'NONE',  ( 227.1965272468072214, 336.2888233359479386, -28.35395942535722469 ) ) ;
#481 = AXIS2_PLACEMENT_3D ( 'NONE', #1592, #504, #339 ) ;
#482 = VECTOR ( 'NONE', #1143, 1000.000000000000000 ) ;
#483 = DIRECTION ( 'NONE',  ( -1.000000000000000000, 0.000000000000000000, 0.000000000000000000 ) ) ;
#484 = VECTOR ( 'NONE', #2154, 1000.000000000000000 ) ;
#485 = CARTESIAN_POINT ( 'NONE',  ( 227.0239844008408454, 342.2253460895752823, -10.13106068026303674 ) ) ;
#486 = ORIENTED_EDGE ( 'NONE', *, *, #5, .T. ) ;
#487 = ORIENTED_EDGE ( 'NONE', *, *, #255, .T. ) ;
#488 = EDGE_CURVE ( 'NONE', #1817, #1607, #497, .T. ) ;
#489 = CARTESIAN_POINT ( 'NONE',  ( 227.0239844008417549, 336.2888233359443007, -28.21916472204041071 ) ) ;
#490 = EDGE_LOOP ( 'NONE', ( #2254, #1695, #2339, #229 ) ) ;
#491 = ORIENTED_EDGE ( 'NONE', *, *, #2326, .T. ) ;
#492 = EDGE_CURVE ( 'NONE', #1847, #319, #423, .T. ) ;
#493 = ORIENTED_EDGE ( 'NONE', *, *, #1395, .F. ) ;
#494 = ORIENTED_EDGE ( 'NONE', *, *, #1737, .T. ) ;
#495 = ORIENTED_EDGE ( 'NONE', *, *, #1567, .T. ) ;
#496 = CARTESIAN_POINT ( 'NONE',  ( 226.5954129722693722, 356.2888233359443007, -60.00000000000000711 ) ) ;
#497 = B_SPLINE_CURVE_WITH_KNOTS ( 'NONE', 3,
 ( #1490, #1278, #915, #1458, #566, #548, #1118, #384, #727, #1665, #734, #2023 ),
 .UNSPECIFIED., .F., .F.,
 ( 4, 2, 2, 2, 2, 4 ),
 ( 0.000000000000000000, 0.0006722615720705200307, 0.001344523144141040061, 0.002016784716211560309, 0.002352915502246767741, 0.002689046288281975172 ),
 .UNSPECIFIED. ) ;
#498 = CARTESIAN_POINT ( 'NONE',  ( 227.6235574252869185, 336.2888233359443575, -45.68287298178962175 ) ) ;
#499 = ORIENTED_EDGE ( 'NONE', *, *, #325, .F. ) ;
#500 = CARTESIAN_POINT ( 'NONE',  ( 217.5954129722693722, 346.2888233359443007, -65.00000000000000000 ) ) ;
#501 = CARTESIAN_POINT ( 'NONE',  ( 227.5954129722693722, 346.2888233359443007, -8.560921364731157723 ) ) ;
#502 = CARTESIAN_POINT ( 'NONE',  ( 226.5954129722693722, 356.2888233359443007, 0.000000000000000000 ) ) ;
#503 = SHAPE_DEFINITION_REPRESENTATION ( #2278, #2188 ) ;
#504 = DIRECTION ( 'NONE',  ( 0.000000000000000000, -1.000000000000000000, 0.000000000000000000 ) ) ;
#505 = TOROIDAL_SURFACE ( 'NONE', #266, 23.75396280970192109, 2.500000000000000000 ) ;
#506 = EDGE_CURVE ( 'NONE', #1444, #371, #2242, .T. ) ;
#507 = CIRCLE ( 'NONE', #927, 23.75396280970192109 ) ;
#508 = CARTESIAN_POINT ( 'NONE',  ( 227.3556465091549228, 342.5568620441356416, -10.13176077129393526 ) ) ;
#509 = AXIS2_PLACEMENT_3D ( 'NONE', #2233, #996, #267 ) ;
#510 = FACE_BOUND ( 'NONE', #2214, .T. ) ;
#511 = DIRECTION ( 'NONE',  ( -0.000000000000000000, 1.000000000000000000, -0.000000000000000000 ) ) ;
#512 = B_SPLINE_CURVE_WITH_KNOTS ( 'NONE', 3,
 ( #861, #1765, #1953, #1057, #2328, #1970, #870, #658 ),
 .UNSPECIFIED., .F., .F.,
 ( 4, 2, 2, 4 ),
 ( 1.387778780781445676E-17, 0.0005432893500532337636, 0.0008149340250798574759, 0.001086578700106481188 ),
 .UNSPECIFIED. ) ;
#513 = FACE_BOUND ( 'NONE', #1872, .T. ) ;
#514 = CARTESIAN_POINT ( 'NONE',  ( 228.0954129722693722, 346.2888233359443007, -8.560921364731157723 ) ) ;
#515 = AXIS2_PLACEMENT_3D ( 'NONE', #567, #1853, #199 ) ;
#516 = CARTESIAN_POINT ( 'NONE',  ( 234.5954129722693722, 356.2888233359443007, -60.00000000000000711 ) ) ;
#517 = DIRECTION ( 'NONE',  ( 0.000000000000000000, 0.000000000000000000, -1.000000000000000000 ) ) ;
#518 = EDGE_LOOP ( 'NONE', ( #1956, #950, #1390, #1961 ) ) ;
#519 = CARTESIAN_POINT ( 'NONE',  ( 226.6681728396893050, 336.2888233359443575, -27.72670761130574490 ) ) ;
#520 = DIRECTION ( 'NONE',  ( -1.000000000000000000, 0.000000000000000000, 0.000000000000000000 ) ) ;
#521 = ADVANCED_FACE ( 'NONE', ( #1751, #1262, #770 ), #908, .F. ) ;
#522 = ORIENTED_EDGE ( 'NONE', *, *, #638, .T. ) ;
#523 = VERTEX_POINT ( 'NONE', #1106 ) ;
#524 = EDGE_CURVE ( 'NONE', #555, #523, #2067, .T. ) ;
#525 = ORIENTED_EDGE ( 'NONE', *, *, #1854, .T. ) ;
#526 = EDGE_CURVE ( 'NONE', #691, #555, #2370, .T. ) ;
#527 = VERTEX_POINT ( 'NONE', #1860 ) ;
#528 = CARTESIAN_POINT ( 'NONE',  ( 227.0239844008407317, 347.4543739327846197, -10.14360157366230020 ) ) ;
#529 = VERTEX_POINT ( 'NONE', #43 ) ;
#530 = CARTESIAN_POINT ( 'NONE',  ( 226.6643012582764243, 341.6603404984309122, -10.12989812977313520 ) ) ;
#531 = AXIS2_PLACEMENT_3D ( 'NONE', #1200, #1923, #1152 ) ;
#532 = CARTESIAN_POINT ( 'NONE',  ( 226.6324816428166002, 337.2334346458252980, -5.985406690901005078 ) ) ;
#533 = DIRECTION ( 'NONE',  ( -1.000000000000000000, 0.000000000000000000, 0.000000000000000000 ) ) ;
#534 = FACE_OUTER_BOUND ( 'NONE', #1965, .T. ) ;
#535 = DIRECTION ( 'NONE',  ( 0.000000000000000000, -1.000000000000000000, 0.000000000000000000 ) ) ;
#536 = CYLINDRICAL_SURFACE ( 'NONE', #2337, 1.500000000000001332 ) ;
#537 = EDGE_CURVE ( 'NONE', #1551, #2334, #828, .T. ) ;
#538 = FACE_OUTER_BOUND ( 'NONE', #1452, .T. ) ;
#539 = CARTESIAN_POINT ( 'NONE',  ( 227.9891315892799071, 344.8837123794410218, -8.495286118381141449 ) ) ;
#540 = DIRECTION ( 'NONE',  ( 0.000000000000000000, -1.000000000000000000, 0.000000000000000000 ) ) ;
#541 = FACE_OUTER_BOUND ( 'NONE', #1092, .T. ) ;
#542 = ADVANCED_FACE ( 'NONE', ( #1629 ), #1809, .T. ) ;
#543 = ORIENTED_EDGE ( 'NONE', *, *, #2249, .F. ) ;
#544 = VERTEX_POINT ( 'NONE', #943 ) ;
#545 = CARTESIAN_POINT ( 'NONE',  ( 226.5954129722693722, 336.2888233359443575, -33.72253035630806295 ) ) ;
#546 = ORIENTED_EDGE ( 'NONE', *, *, #1969, .F. ) ;
#547 = ORIENTED_EDGE ( 'NONE', *, *, #1650, .T. ) ;
#548 = CARTESIAN_POINT ( 'NONE',  ( 227.9174127528475537, 347.3366370283938522, -33.84954836033310244 ) ) ;
#549 = EDGE_CURVE ( 'NONE', #2019, #720, #1089, .T. ) ;
#550 = ORIENTED_EDGE ( 'NONE', *, *, #240, .F. ) ;
#551 = DIRECTION ( 'NONE',  ( -1.000000000000000000, 0.000000000000000000, 0.000000000000000000 ) ) ;
#552 = ORIENTED_EDGE ( 'NONE', *, *, #1105, .T. ) ;
#553 = AXIS2_PLACEMENT_3D ( 'NONE', #1510, #985, #405 ) ;
#554 = DIRECTION ( 'NONE',  ( -0.000000000000000000, -1.000000000000000000, -0.000000000000000000 ) ) ;
#555 = VERTEX_POINT ( 'NONE', #789 ) ;
#556 = CARTESIAN_POINT ( 'NONE',  ( 220.5954129722694006, 352.9324248112351370, -63.50000000000000000 ) ) ;
#557 = CARTESIAN_POINT ( 'NONE',  ( 224.5528663887320420, 356.1399621866828511, -66.16478168591079623 ) ) ;
#558 = DIRECTION ( 'NONE',  ( 0.000000000000000000, 0.000000000000000000, 1.000000000000000000 ) ) ;
#559 = LINE ( 'NONE', #245, #1972 ) ;
#560 = CARTESIAN_POINT ( 'NONE',  ( 227.0239844008416128, 356.2888233359443007, -28.21916472204031123 ) ) ;
#561 = FACE_OUTER_BOUND ( 'NONE', #2276, .T. ) ;
#562 = CARTESIAN_POINT ( 'NONE',  ( 225.0954505064759132, 356.2757959713763967, -64.83427400648419336 ) ) ;
#563 = AXIS2_PLACEMENT_3D ( 'NONE', #295, #673, #1195 ) ;
#564 = CARTESIAN_POINT ( 'NONE',  ( 211.3954129722693551, 356.2888233359443007, -65.00000000000000000 ) ) ;
#565 = AXIS2_PLACEMENT_3D ( 'NONE', #186, #383, #1663 ) ;
#566 = CARTESIAN_POINT ( 'NONE',  ( 227.7386626642328054, 347.5626037851334331, -34.19438763095718059 ) ) ;
#567 = CARTESIAN_POINT ( 'NONE',  ( 226.5954129722693722, 325.0003863286152068, 3.000233278950703575 ) ) ;
#568 = ORIENTED_EDGE ( 'NONE', *, *, #1279, .T. ) ;
#569 = VERTEX_POINT ( 'NONE', #967 ) ;
#570 = ORIENTED_EDGE ( 'NONE', *, *, #752, .F. ) ;
#571 = DIRECTION ( 'NONE',  ( 0.000000000000000000, -1.000000000000000000, 0.000000000000000000 ) ) ;
#572 = MANIFOLD_SOLID_BREP ( 'Verrundung6', #1670 ) ;
#573 = ORIENTED_EDGE ( 'NONE', *, *, #719, .T. ) ;
#574 = CARTESIAN_POINT ( 'NONE',  ( 234.5954129722693722, 356.2888233359443007, -11.34256363923531730 ) ) ;
#575 = VERTEX_POINT ( 'NONE', #952 ) ;
#576 = EDGE_CURVE ( 'NONE', #695, #894, #961, .T. ) ;
#577 = DIRECTION ( 'NONE',  ( -0.000000000000000000, -1.000000000000000000, -0.000000000000000000 ) ) ;
#578 = ORIENTED_EDGE ( 'NONE', *, *, #1641, .F. ) ;
#579 = DIRECTION ( 'NONE',  ( 0.000000000000000000, -0.6464562253513757017, 0.7629510788408725430 ) ) ;
#580 = CARTESIAN_POINT ( 'NONE',  ( 223.5954129722693722, 356.2888233359443007, -63.50000000000000000 ) ) ;
#581 = AXIS2_PLACEMENT_3D ( 'NONE', #2200, #1804, #153 ) ;
#582 = CARTESIAN_POINT ( 'NONE',  ( 217.5954129722693722, 346.2888233359443007, -66.70000000000001705 ) ) ;
#583 = FACE_OUTER_BOUND ( 'NONE', #166, .T. ) ;
#584 = CARTESIAN_POINT ( 'NONE',  ( 226.7778915827487936, 336.2888233359443007, -46.57041592027125176 ) ) ;
#585 = LINE ( 'NONE', #2160, #1435 ) ;
#586 = CARTESIAN_POINT ( 'NONE',  ( 226.7437800528966818, 347.6801028027413167, -10.14419962595413338 ) ) ;
#587 = DIRECTION ( 'NONE',  ( 1.000000000000000000, -0.000000000000000000, -0.000000000000000000 ) ) ;
#588 = DIRECTION ( 'NONE',  ( -0.000000000000000000, -1.000000000000000000, -0.000000000000000000 ) ) ;
#589 = EDGE_CURVE ( 'NONE', #2331, #173, #768, .T. ) ;
#590 = FACE_OUTER_BOUND ( 'NONE', #1478, .T. ) ;
#591 = DIRECTION ( 'NONE',  ( 0.000000000000000000, 0.000000000000000000, -1.000000000000000000 ) ) ;
#592 = SURFACE_STYLE_USAGE ( .BOTH. , #1360 ) ;
#593 = LINE ( 'NONE', #1813, #1350 ) ;
#594 = CARTESIAN_POINT ( 'NONE',  ( 229.5954129722693722, 336.2888233359443007, -65.00000000000000000 ) ) ;
#595 = AXIS2_PLACEMENT_3D ( 'NONE', #1834, #2399, #181 ) ;
#596 = ADVANCED_FACE ( 'NONE', ( #1807 ), #1517, .F. ) ;
#597 = VERTEX_POINT ( 'NONE', #230 ) ;
#598 = CARTESIAN_POINT ( 'NONE',  ( 211.3954129722693551, 356.2888233359443007, -63.50000000000000000 ) ) ;
#599 = ORIENTED_EDGE ( 'NONE', *, *, #85, .T. ) ;
#600 = ADVANCED_FACE ( 'NONE', ( #1600 ), #280, .F. ) ;
#601 = ORIENTED_EDGE ( 'NONE', *, *, #1685, .T. ) ;
#602 = AXIS2_PLACEMENT_3D ( 'NONE', #2369, #1652, #1994 ) ;
#603 = ORIENTED_EDGE ( 'NONE', *, *, #793, .T. ) ;
#604 = FILL_AREA_STYLE ('',( #53 ) ) ;
#605 = CARTESIAN_POINT ( 'NONE',  ( 228.0954129722693722, 336.2888233359443007, -43.73377434635059302 ) ) ;
#606 = EDGE_LOOP ( 'NONE', ( #639, #1985, #573, #2075 ) ) ;
#607 = CARTESIAN_POINT ( 'NONE',  ( 227.3935345039454603, 349.4513970154463323, -30.69482138532881876 ) ) ;
#608 = CARTESIAN_POINT ( 'NONE',  ( 226.7826267600811718, 336.2888233359443575, -41.09534712065504181 ) ) ;
#609 = CARTESIAN_POINT ( 'NONE',  ( 222.4553403254637942, 354.4930891673170663, -60.00000000000001421 ) ) ;
#610 = EDGE_CURVE ( 'NONE', #723, #1792, #1061, .T. ) ;
#611 = DIRECTION ( 'NONE',  ( -0.1710878697460370967, 0.1710878697460370967, 0.9702875252478133650 ) ) ;
#612 = EDGE_CURVE ( 'NONE', #254, #438, #2357, .T. ) ;
#613 = CARTESIAN_POINT ( 'NONE',  ( 227.0239844008402201, 349.8781660347934803, -30.32242753699242144 ) ) ;
#614 = ADVANCED_FACE ( 'NONE', ( #2155 ), #1086, .F. ) ;
#615 = DIRECTION ( 'NONE',  ( -1.000000000000000000, 0.000000000000000000, 0.000000000000000000 ) ) ;
#616 = FACE_OUTER_BOUND ( 'NONE', #1034, .T. ) ;
#617 = LINE ( 'NONE', #598, #1855 ) ;
#618 = PLANE ( 'NONE',  #1599 ) ;
#619 = DIRECTION ( 'NONE',  ( 1.000000000000000000, -0.000000000000000000, -0.000000000000000000 ) ) ;
#620 = CARTESIAN_POINT ( 'NONE',  ( 221.5954129722693722, 353.7715244424124421, -60.00000000000000711 ) ) ;
#621 = LINE ( 'NONE', #2306, #134 ) ;
#622 = EDGE_CURVE ( 'NONE', #897, #2397, #189, .T. ) ;
#623 = DIRECTION ( 'NONE',  ( 0.000000000000000000, 0.000000000000000000, 1.000000000000000000 ) ) ;
#624 = DIRECTION ( 'NONE',  ( 1.000000000000000000, 0.000000000000000000, 0.000000000000000000 ) ) ;
#625 = ORIENTED_EDGE ( 'NONE', *, *, #610, .F. ) ;
#626 = VERTEX_POINT ( 'NONE', #2044 ) ;
#627 = CARTESIAN_POINT ( 'NONE',  ( 227.9042220135335128, 349.7651785689924395, -0.000000000000000000 ) ) ;
#628 = CARTESIAN_POINT ( 'NONE',  ( 228.0954129722693722, 338.1123321580859056, -1.000931208311273135 ) ) ;
#629 = VERTEX_POINT ( 'NONE', #811 ) ;
#630 = ORIENTED_EDGE ( 'NONE', *, *, #649, .F. ) ;
#631 = CARTESIAN_POINT ( 'NONE',  ( 227.5954129722693722, 325.1150252041000499, -23.06188681941315366 ) ) ;
#632 = CARTESIAN_POINT ( 'NONE',  ( 226.8888506747867382, 356.2888233359441301, -33.11072260342034212 ) ) ;
#633 = ORIENTED_EDGE ( 'NONE', *, *, #1214, .F. ) ;
#634 = CARTESIAN_POINT ( 'NONE',  ( 228.0865772920201948, 346.0151163493700892, -33.19615132331239238 ) ) ;
#635 = ADVANCED_FACE ( 'NONE', ( #13 ), #2094, .T. ) ;
#636 = CARTESIAN_POINT ( 'NONE',  ( 226.5954129722693722, 356.2888233359443007, -33.89348437468508024 ) ) ;
#637 = CARTESIAN_POINT ( 'NONE',  ( 227.3401983948119209, 346.7032792067872151, -0.000000000000000000 ) ) ;
#638 = EDGE_CURVE ( 'NONE', #2012, #2046, #1115, .T. ) ;
#639 = ORIENTED_EDGE ( 'NONE', *, *, #1091, .F. ) ;
#640 = CARTESIAN_POINT ( 'NONE',  ( 227.5954129722693722, 346.2888233359443007, -8.560921364731157723 ) ) ;
#641 = EDGE_CURVE ( 'NONE', #664, #2392, #1574, .T. ) ;
#642 = LINE ( 'NONE', #1090, #1376 ) ;
#643 = CIRCLE ( 'NONE', #1403, 26.01810819335172198 ) ;
#644 = CARTESIAN_POINT ( 'NONE',  ( 226.5954129722693722, 356.2888233359443007, -60.00000000000000711 ) ) ;
#645 = CARTESIAN_POINT ( 'NONE',  ( 205.5273554907619769, 340.2888233359443007, -63.50000000000000000 ) ) ;
#646 = AXIS2_PLACEMENT_3D ( 'NONE', #1590, #1782, #877 ) ;
#647 = CIRCLE ( 'NONE', #646, 2.000000000000001776 ) ;
#648 = PLANE ( 'NONE',  #1509 ) ;
#649 = EDGE_CURVE ( 'NONE', #2391, #463, #621, .T. ) ;
#650 = VECTOR ( 'NONE', #1820, 1000.000000000000000 ) ;
#651 = ADVANCED_FACE ( 'NONE', ( #590 ), #1857, .F. ) ;
#652 = CARTESIAN_POINT ( 'NONE',  ( 228.0954129722694290, 348.9817114115311369, 0.000000000000000000 ) ) ;
#653 = CARTESIAN_POINT ( 'NONE',  ( 228.0722182958774340, 336.2888233359443007, -17.40372105520497215 ) ) ;
#654 = CARTESIAN_POINT ( 'NONE',  ( 226.5954129722693722, 348.5498237345112216, -35.70178770777492616 ) ) ;
#655 = ORIENTED_EDGE ( 'NONE', *, *, #121, .F. ) ;
#656 = ORIENTED_EDGE ( 'NONE', *, *, #364, .T. ) ;
#657 = EDGE_CURVE ( 'NONE', #2167, #1233, #1682, .T. ) ;
#658 = CARTESIAN_POINT ( 'NONE',  ( 227.0239844008403622, 336.2888233359443007, -15.48493130623830005 ) ) ;
#659 = CARTESIAN_POINT ( 'NONE',  ( 228.0954129722693722, 348.7783320017400683, 0.000000000000000000 ) ) ;
#660 = ORIENTED_EDGE ( 'NONE', *, *, #1550, .T. ) ;
#661 = EDGE_LOOP ( 'NONE', ( #863, #1071 ) ) ;
#662 = CARTESIAN_POINT ( 'NONE',  ( 226.5954129722693722, 346.2888233359443007, -8.560921364731157723 ) ) ;
#663 = B_SPLINE_CURVE_WITH_KNOTS ( 'NONE', 3,
 ( #1851, #2020, #928, #374, #1654, #179, #756, #1671, #934, #2039 ),
 .UNSPECIFIED., .F., .F.,
 ( 4, 2, 2, 2, 4 ),
 ( 0.000000000000000000, 0.0006379052150035242333, 0.001275810430007048467, 0.001913715645010572591, 0.002551620860014096933 ),
 .UNSPECIFIED. ) ;
#664 = VERTEX_POINT ( 'NONE', #467 ) ;
#665 = ORIENTED_EDGE ( 'NONE', *, *, #1567, .F. ) ;
#666 = CARTESIAN_POINT ( 'NONE',  ( 227.0239844008407601, 344.6238120787136268, -6.167715326945261367 ) ) ;
#667 = ORIENTED_EDGE ( 'NONE', *, *, #671, .F. ) ;
#668 = DIRECTION ( 'NONE',  ( -0.000000000000000000, -1.000000000000000000, -0.000000000000000000 ) ) ;
#669 = ORIENTED_EDGE ( 'NONE', *, *, #919, .T. ) ;
#670 = DIRECTION ( 'NONE',  ( -1.000000000000000000, 0.000000000000000000, 0.000000000000000000 ) ) ;
#671 = EDGE_CURVE ( 'NONE', #381, #1450, #2182, .T. ) ;
#672 = LINE ( 'NONE', #1287, #1512 ) ;
#673 = DIRECTION ( 'NONE',  ( -0.000000000000000000, -1.000000000000000000, -0.000000000000000000 ) ) ;
#674 = B_SPLINE_CURVE_WITH_KNOTS ( 'NONE', 3,
 ( #1248, #1411, #886, #704, #355, #1997, #1447, #1833, #1620, #2175 ),
 .UNSPECIFIED., .F., .F.,
 ( 4, 2, 2, 2, 4 ),
 ( 1.332917992112502392E-16, 0.0006377081012644682332, 0.001275416202528803326, 0.001913124303793138420, 0.002550832405057473079 ),
 .UNSPECIFIED. ) ;
#675 = CYLINDRICAL_SURFACE ( 'NONE', #1588, 1.700000000000021050 ) ;
#676 = ADVANCED_FACE ( 'NONE', ( #997 ), #2034, .T. ) ;
#677 = DIRECTION ( 'NONE',  ( 1.000000000000000000, -0.000000000000000000, -0.000000000000000000 ) ) ;
#678 = CIRCLE ( 'NONE', #1203, 25.80559232632261057 ) ;
#679 = CARTESIAN_POINT ( 'NONE',  ( 227.0239844008402486, 343.0780946329642234, -34.77928764633055181 ) ) ;
#680 = CARTESIAN_POINT ( 'NONE',  ( 226.8745016250237256, 342.8679320853804597, -34.87632063059591303 ) ) ;
#681 = ORIENTED_EDGE ( 'NONE', *, *, #1438, .T. ) ;
#682 = CARTESIAN_POINT ( 'NONE',  ( 226.6383560218453681, 341.5667491639360378, -10.12971004056199931 ) ) ;
#683 = DIRECTION ( 'NONE',  ( 0.000000000000000000, 0.000000000000000000, 1.000000000000000000 ) ) ;
#684 = ORIENTED_EDGE ( 'NONE', *, *, #1585, .T. ) ;
#685 = ORIENTED_EDGE ( 'NONE', *, *, #1950, .F. ) ;
#686 = AXIS2_PLACEMENT_3D ( 'NONE', #1351, #63, #1381 ) ;
#687 = VERTEX_POINT ( 'NONE', #1921 ) ;
#688 = DIRECTION ( 'NONE',  ( -1.000000000000000000, 0.000000000000000000, 0.000000000000000000 ) ) ;
#689 = ORIENTED_EDGE ( 'NONE', *, *, #752, .T. ) ;
#690 = DIRECTION ( 'NONE',  ( -1.000000000000000000, 0.000000000000000000, 0.000000000000000000 ) ) ;
#691 = VERTEX_POINT ( 'NONE', #1730 ) ;
#692 = CARTESIAN_POINT ( 'NONE',  ( 226.7703065894303052, 341.9313452840839886, -10.13044800560585301 ) ) ;
#693 = B_SPLINE_CURVE_WITH_KNOTS ( 'NONE', 3,
 ( #1206, #1573, #272, #1402, #1564, #1747, #455, #637, #2109, #835 ),
 .UNSPECIFIED., .F., .F.,
 ( 4, 2, 2, 2, 4 ),
 ( 0.000000000000000000, 0.0006021684238258408900, 0.001204336847651681780, 0.001806505271477522670, 0.002408673695303363560 ),
 .UNSPECIFIED. ) ;
#694 = AXIS2_PLACEMENT_3D ( 'NONE', #238, #26, #1321 ) ;
#695 = VERTEX_POINT ( 'NONE', #256 ) ;
#696 = ORIENTED_EDGE ( 'NONE', *, *, #783, .F. ) ;
#697 = CARTESIAN_POINT ( 'NONE',  ( 224.0377782214287095, 355.8209122221822440, -63.56671252487988966 ) ) ;
#698 = CARTESIAN_POINT ( 'NONE',  ( 227.1954962510559994, 337.3535157659670176, -5.304392817363231316 ) ) ;
#699 = CARTESIAN_POINT ( 'NONE',  ( 217.5954129722693722, 346.2888233359443007, -65.00000000000000000 ) ) ;
#700 = CIRCLE ( 'NONE', #515, 20.83875999999999706 ) ;
#701 = EDGE_CURVE ( 'NONE', #1180, #807, #1507, .T. ) ;
#702 = CYLINDRICAL_SURFACE ( 'NONE', #1835, 2.500000000000012434 ) ;
#703 = PLANE ( 'NONE',  #2363 ) ;
#704 = CARTESIAN_POINT ( 'NONE',  ( 227.6153790225757803, 356.2888233359443007, -32.39796354196974448 ) ) ;
#705 = AXIS2_PLACEMENT_3D ( 'NONE', #1541, #1914, #2102 ) ;
#706 = LINE ( 'NONE', #1463, #1714 ) ;
#707 = CARTESIAN_POINT ( 'NONE',  ( 211.3954129722693551, 336.2888233359443007, -66.50000000000000000 ) ) ;
#708 = CARTESIAN_POINT ( 'NONE',  ( 226.5954129722693722, 346.2888233359443007, -8.560921364731157723 ) ) ;
#709 = ADVANCED_FACE ( 'NONE', ( #825 ), #1201, .T. ) ;
#710 = FACE_OUTER_BOUND ( 'NONE', #120, .T. ) ;
#711 = DIRECTION ( 'NONE',  ( 0.000000000000000000, 0.000000000000000000, 1.000000000000000000 ) ) ;
#712 = CARTESIAN_POINT ( 'NONE',  ( 228.0954129722693722, 337.6818413579496791, -3.442365856635773103 ) ) ;
#713 = ORIENTED_EDGE ( 'NONE', *, *, #1844, .T. ) ;
#714 = ORIENTED_EDGE ( 'NONE', *, *, #1594, .F. ) ;
#715 = DIRECTION ( 'NONE',  ( 0.000000000000000000, 0.000000000000000000, -1.000000000000000000 ) ) ;
#716 = DIRECTION ( 'NONE',  ( 0.000000000000000000, 0.000000000000000000, 1.000000000000000000 ) ) ;
#717 = VERTEX_POINT ( 'NONE', #281 ) ;
#718 = EDGE_LOOP ( 'NONE', ( #426, #1766 ) ) ;
#719 = EDGE_CURVE ( 'NONE', #1817, #2216, #1054, .T. ) ;
#720 = VERTEX_POINT ( 'NONE', #795 ) ;
#721 = EDGE_CURVE ( 'NONE', #1528, #2189, #1317, .T. ) ;
#722 = CARTESIAN_POINT ( 'NONE',  ( 228.0954129722694574, 344.9715511720154950, -9.605182534305159336 ) ) ;
#723 = VERTEX_POINT ( 'NONE', #2272 ) ;
#724 = CARTESIAN_POINT ( 'NONE',  ( 228.0954129722693722, 356.2888233359443007, -30.77659754148614724 ) ) ;
#725 = ADVANCED_FACE ( 'NONE', ( #513, #1920, #450, #75, #937 ), #2159, .T. ) ;
#726 = ORIENTED_EDGE ( 'NONE', *, *, #860, .T. ) ;
#727 = CARTESIAN_POINT ( 'NONE',  ( 228.0678654230407005, 346.9740905665501032, -33.29644985106786237 ) ) ;
#728 = B_SPLINE_CURVE_WITH_KNOTS ( 'NONE', 3,
 ( #2004, #2378, #1627, #532, #354, #2181 ),
 .UNSPECIFIED., .F., .F.,
 ( 4, 2, 4 ),
 ( 0.0006124179473977451899, 0.001129113794758801904, 0.001645809642119858618 ),
 .UNSPECIFIED. ) ;
#729 = AXIS2_PLACEMENT_3D ( 'NONE', #1331, #1388, #212 ) ;
#730 = ORIENTED_EDGE ( 'NONE', *, *, #2058, .T. ) ;
#731 = DIRECTION ( 'NONE',  ( 0.000000000000000000, 1.000000000000000000, 0.000000000000000000 ) ) ;
#732 = DIRECTION ( 'NONE',  ( -0.000000000000000000, 0.000000000000000000, 1.000000000000000000 ) ) ;
#733 = EDGE_CURVE ( 'NONE', #2185, #1046, #107, .T. ) ;
#734 = CARTESIAN_POINT ( 'NONE',  ( 228.0954129722694006, 346.7884229540148340, -33.01327514880765790 ) ) ;
#735 = FACE_OUTER_BOUND ( 'NONE', #898, .T. ) ;
#736 = EDGE_CURVE ( 'NONE', #1967, #1661, #885, .T. ) ;
#737 = CARTESIAN_POINT ( 'NONE',  ( 227.0239844008447392, 344.6031635903752885, -14.10745731874932041 ) ) ;
#738 = FACE_OUTER_BOUND ( 'NONE', #327, .T. ) ;
#739 = CARTESIAN_POINT ( 'NONE',  ( 211.5954129722693722, 345.3805281306396751, -63.50000000000000000 ) ) ;
#740 = LINE ( 'NONE', #2365, #484 ) ;
#741 = CARTESIAN_POINT ( 'NONE',  ( 224.2978396078821106, 356.0118110667802966, -66.33417774007473611 ) ) ;
#742 = VERTEX_POINT ( 'NONE', #1584 ) ;
#743 = CARTESIAN_POINT ( 'NONE',  ( 228.0954129722693722, 346.2888233359443007, -8.560921364731157723 ) ) ;
#744 = VERTEX_POINT ( 'NONE', #679 ) ;
#745 = DIRECTION ( 'NONE',  ( 0.000000000000000000, 0.000000000000000000, 1.000000000000000000 ) ) ;
#746 = ORIENTED_EDGE ( 'NONE', *, *, #1460, .F. ) ;
#747 = CARTESIAN_POINT ( 'NONE',  ( 226.8842576243189910, 356.2888233359443007, -28.11000673707082598 ) ) ;
#748 = VERTEX_POINT ( 'NONE', #1410 ) ;
#749 = ORIENTED_EDGE ( 'NONE', *, *, #1245, .F. ) ;
#750 = DIRECTION ( 'NONE',  ( -1.000000000000000000, 0.000000000000000000, 0.000000000000000000 ) ) ;
#751 = DIRECTION ( 'NONE',  ( -0.000000000000000000, -1.000000000000000000, -0.000000000000000000 ) ) ;
#752 = EDGE_CURVE ( 'NONE', #381, #319, #1385, .T. ) ;
#753 = ORIENTED_EDGE ( 'NONE', *, *, #457, .T. ) ;
#754 = ORIENTED_EDGE ( 'NONE', *, *, #1133, .T. ) ;
#755 = AXIS2_PLACEMENT_3D ( 'NONE', #8, #571, #2050 ) ;
#756 = CARTESIAN_POINT ( 'NONE',  ( 227.6193575505502622, 336.2888233359443575, -32.39236975678136332 ) ) ;
#757 = CARTESIAN_POINT ( 'NONE',  ( 226.6044407747775722, 356.2888233359443007, -27.46952503690437553 ) ) ;
#758 = ORIENTED_EDGE ( 'NONE', *, *, #1409, .F. ) ;
#759 = CARTESIAN_POINT ( 'NONE',  ( 217.5954129722693722, 356.2888233359443007, -65.00000000000000000 ) ) ;
#760 = ORIENTED_EDGE ( 'NONE', *, *, #524, .F. ) ;
#761 = CARTESIAN_POINT ( 'NONE',  ( 226.6431145124381601, 351.3534431364225270, -0.000000000000000000 ) ) ;
#762 = CARTESIAN_POINT ( 'NONE',  ( 227.0239844008406749, 346.2888233359443007, -8.560921364731157723 ) ) ;
#763 = FACE_OUTER_BOUND ( 'NONE', #1396, .T. ) ;
#764 = EDGE_CURVE ( 'NONE', #2167, #1501, #512, .T. ) ;
#765 = DIRECTION ( 'NONE',  ( 0.000000000000000000, 0.000000000000000000, 1.000000000000000000 ) ) ;
#766 = CYLINDRICAL_SURFACE ( 'NONE', #1741, 1.500000000000001332 ) ;
#767 = EDGE_CURVE ( 'NONE', #527, #141, #1142, .T. ) ;
#768 = CIRCLE ( 'NONE', #2161, 24.36259977897349316 ) ;
#769 = CARTESIAN_POINT ( 'NONE',  ( 226.5954129722693722, 336.2888233359443007, -40.39936594244926482 ) ) ;
#770 = FACE_OUTER_BOUND ( 'NONE', #1581, .T. ) ;
#771 = DIRECTION ( 'NONE',  ( 0.000000000000000000, 0.1736481776669319688, 0.9848077530122076872 ) ) ;
#772 = AXIS2_PLACEMENT_3D ( 'NONE', #2098, #2281, #1355 ) ;
#773 = ORIENTED_EDGE ( 'NONE', *, *, #325, .T. ) ;
#774 = EDGE_LOOP ( 'NONE', ( #1156, #2311, #1866, #1467 ) ) ;
#775 = CARTESIAN_POINT ( 'NONE',  ( 227.6211142725070999, 345.5842283273600515, -31.17816718504006701 ) ) ;
#776 = EDGE_LOOP ( 'NONE', ( #1497, #924, #1419, #1723 ) ) ;
#777 = CARTESIAN_POINT ( 'NONE',  ( 227.0239844008407886, 350.8449322567763602, 0.000000000000000000 ) ) ;
#778 = ORIENTED_EDGE ( 'NONE', *, *, #1491, .F. ) ;
#779 = CARTESIAN_POINT ( 'NONE',  ( 226.8747769952239821, 350.0496233061853673, -30.16978440847651655 ) ) ;
#780 = EDGE_CURVE ( 'NONE', #1894, #972, #1858, .T. ) ;
#781 = CARTESIAN_POINT ( 'NONE',  ( 226.6048144380918927, 356.2888233359443007, -33.72362953924892537 ) ) ;
#782 = ORIENTED_EDGE ( 'NONE', *, *, #2001, .T. ) ;
#783 = EDGE_CURVE ( 'NONE', #146, #1358, #448, .T. ) ;
#784 = ORIENTED_EDGE ( 'NONE', *, *, #576, .F. ) ;
#785 = CARTESIAN_POINT ( 'NONE',  ( 227.3548241205651550, 345.3765446676659963, -30.86196531483000172 ) ) ;
#786 = EDGE_LOOP ( 'NONE', ( #1007, #979, #2336, #969 ) ) ;
#787 = CARTESIAN_POINT ( 'NONE',  ( 211.3954129722693551, 336.2888233359443007, -63.50000000000000000 ) ) ;
#788 = DIRECTION ( 'NONE',  ( -1.000000000000000000, 0.000000000000000000, 0.000000000000000000 ) ) ;
#789 = CARTESIAN_POINT ( 'NONE',  ( 223.5954129722693722, 355.4497237047669955, -66.50000000000000000 ) ) ;
#790 = CIRCLE ( 'NONE', #401, 2.000000000000001776 ) ;
#791 = CARTESIAN_POINT ( 'NONE',  ( 211.3954129722693551, 345.2127082044041799, -63.50000000000000000 ) ) ;
#792 = DIRECTION ( 'NONE',  ( 0.000000000000000000, 0.000000000000000000, 1.000000000000000000 ) ) ;
#793 = EDGE_CURVE ( 'NONE', #468, #1095, #910, .T. ) ;
#794 = FACE_OUTER_BOUND ( 'NONE', #892, .T. ) ;
#795 = CARTESIAN_POINT ( 'NONE',  ( 232.5954129722693722, 338.2888233359443007, 0.000000000000000000 ) ) ;
#796 = CARTESIAN_POINT ( 'NONE',  ( 227.0239844008408170, 345.1974883820169566, -30.58943742717852743 ) ) ;
#797 = ORIENTED_EDGE ( 'NONE', *, *, #162, .F. ) ;
#798 = ORIENTED_EDGE ( 'NONE', *, *, #549, .T. ) ;
#799 = DIRECTION ( 'NONE',  ( -1.000000000000000000, 0.000000000000000000, 0.000000000000000000 ) ) ;
#800 = CARTESIAN_POINT ( 'NONE',  ( 229.5954129722693722, 356.2888233359443007, -63.29999999999998295 ) ) ;
#801 = ORIENTED_EDGE ( 'NONE', *, *, #1263, .F. ) ;
#802 = VERTEX_POINT ( 'NONE', #1790 ) ;
#803 = DIRECTION ( 'NONE',  ( -1.000000000000000000, 0.000000000000000000, 0.000000000000000000 ) ) ;
#804 = CARTESIAN_POINT ( 'NONE',  ( 227.9852015918341124, 345.9460181059852175, -10.13969825917009260 ) ) ;
#805 = ORIENTED_EDGE ( 'NONE', *, *, #876, .T. ) ;
#806 = ORIENTED_EDGE ( 'NONE', *, *, #891, .F. ) ;
#807 = VERTEX_POINT ( 'NONE', #1938 ) ;
#808 = CARTESIAN_POINT ( 'NONE',  ( 226.5954129722693722, 351.0087131220657284, -29.26461223938541778 ) ) ;
#809 = CARTESIAN_POINT ( 'NONE',  ( 228.0954129722693722, 336.2888233359442438, -18.14127305559806302 ) ) ;
#810 = ORIENTED_EDGE ( 'NONE', *, *, #52, .F. ) ;
#811 = CARTESIAN_POINT ( 'NONE',  ( 228.0954129722693722, 336.2888233359443007, -43.73377434635059302 ) ) ;
#812 = EDGE_CURVE ( 'NONE', #1046, #375, #345, .T. ) ;
#813 = CARTESIAN_POINT ( 'NONE',  ( 228.0729774283717575, 336.2888233359443575, -18.57885430565562856 ) ) ;
#814 = CARTESIAN_POINT ( 'NONE',  ( 226.5954129722694290, 340.0358397092665541, 0.000000000000000000 ) ) ;
#815 = CARTESIAN_POINT ( 'NONE',  ( 226.5954129722693722, 336.2888233359443007, -60.00000000000000711 ) ) ;
#816 = AXIS2_PLACEMENT_3D ( 'NONE', #1264, #1619, #711 ) ;
#817 = CIRCLE ( 'NONE', #581, 1.700000000000021050 ) ;
#818 = CARTESIAN_POINT ( 'NONE',  ( 217.5954129722693722, 350.4151259177033353, -62.00000000000000711 ) ) ;
#819 = DIRECTION ( 'NONE',  ( 1.000000000000000000, -0.000000000000000000, -0.000000000000000000 ) ) ;
#820 = VECTOR ( 'NONE', #1311, 1000.000000000000000 ) ;
#821 = CARTESIAN_POINT ( 'NONE',  ( 227.9132849254715154, 344.9156238935897818, -33.84249183514537407 ) ) ;
#822 = FACE_OUTER_BOUND ( 'NONE', #2103, .T. ) ;
#823 = ADVANCED_FACE ( 'NONE', ( #187 ), #2296, .T. ) ;
#824 = CARTESIAN_POINT ( 'NONE',  ( 227.3396378186424727, 350.5937758416709471, -1.460853528187058660E-29 ) ) ;
#825 = FACE_OUTER_BOUND ( 'NONE', #1098, .T. ) ;
#826 = EDGE_CURVE ( 'NONE', #1960, #55, #1822, .T. ) ;
#827 = DIRECTION ( 'NONE',  ( 1.000000000000000000, -0.000000000000000000, -0.000000000000000000 ) ) ;
#828 = CIRCLE ( 'NONE', #2330, 23.49852545623994970 ) ;
#829 = DIRECTION ( 'NONE',  ( 0.000000000000000000, -0.6464562253513757017, 0.7629510788408725430 ) ) ;
#830 = UNCERTAINTY_MEASURE_WITH_UNIT (LENGTH_MEASURE( 1.000000000000000082E-05 ), #2061, 'distance_accuracy_value', 'NONE');
#831 = DIRECTION ( 'NONE',  ( -1.000000000000000000, 0.000000000000000000, 0.000000000000000000 ) ) ;
#832 = ORIENTED_EDGE ( 'NONE', *, *, #1094, .T. ) ;
#833 = ORIENTED_EDGE ( 'NONE', *, *, #177, .F. ) ;
#834 = DIRECTION ( 'NONE',  ( 0.000000000000000000, 0.000000000000000000, 1.000000000000000000 ) ) ;
#835 = CARTESIAN_POINT ( 'NONE',  ( 227.0239844008408738, 346.4509975106271327, 0.000000000000000000 ) ) ;
#836 = ORIENTED_EDGE ( 'NONE', *, *, #1816, .T. ) ;
#837 = AXIS2_PLACEMENT_3D ( 'NONE', #473, #1752, #1929 ) ;
#838 = ORIENTED_EDGE ( 'NONE', *, *, #1377, .F. ) ;
#839 = DIRECTION ( 'NONE',  ( -0.000000000000000000, -1.000000000000000000, -0.000000000000000000 ) ) ;
#840 = CARTESIAN_POINT ( 'NONE',  ( 226.5954129722693722, 325.1150252041000499, -23.06188681941315366 ) ) ;
#841 = ORIENTED_EDGE ( 'NONE', *, *, #1422, .F. ) ;
#842 = CARTESIAN_POINT ( 'NONE',  ( 228.0954129722693722, 348.7783320017400683, 0.000000000000000000 ) ) ;
#843 = CARTESIAN_POINT ( 'NONE',  ( 228.0954129722694006, 336.2888233359443575, -17.62611365712298905 ) ) ;
#844 = EDGE_CURVE ( 'NONE', #972, #1495, #706, .T. ) ;
#845 = CARTESIAN_POINT ( 'NONE',  ( 226.6563182806290797, 344.4998543478155852, -5.296782788129626773 ) ) ;
#846 = CARTESIAN_POINT ( 'NONE',  ( 226.5954129722693722, 346.2888233359443007, -8.560921364731157723 ) ) ;
#847 = B_SPLINE_CURVE_WITH_KNOTS ( 'NONE', 3,
 ( #1980, #1797, #880, #2162, #519, #2344, #2356, #2374, #1267, #1258 ),
 .UNSPECIFIED., .F., .F.,
 ( 4, 2, 2, 2, 4 ),
 ( 1.387778780781445676E-17, 0.0002627577845188049186, 0.0005255155690375959594, 0.0007882733535563870002, 0.001051031138075178041 ),
 .UNSPECIFIED. ) ;
#848 = ADVANCED_FACE ( 'NONE', ( #1802 ), #1228, .T. ) ;
#849 = CARTESIAN_POINT ( 'NONE',  ( 224.4683900147156805, 356.1012047080144498, -59.09430522632527527 ) ) ;
#850 = CIRCLE ( 'NONE', #2086, 24.10716242551150756 ) ;
#851 = DIRECTION ( 'NONE',  ( 0.000000000000000000, 0.000000000000000000, 1.000000000000000000 ) ) ;
#852 = AXIS2_PLACEMENT_3D ( 'NONE', #2307, #668, #2168 ) ;
#853 = VECTOR ( 'NONE', #2153, 1000.000000000000000 ) ;
#854 = CARTESIAN_POINT ( 'NONE',  ( 226.6293400506133366, 344.8434607211401044, -30.05078296467788235 ) ) ;
#855 = EDGE_CURVE ( 'NONE', #254, #802, #728, .T. ) ;
#856 = FACE_OUTER_BOUND ( 'NONE', #1070, .T. ) ;
#857 = CARTESIAN_POINT ( 'NONE',  ( 227.1989475788452353, 336.2888233359443575, -46.18774622355936543 ) ) ;
#858 = LINE ( 'NONE', #382, #1117 ) ;
#859 = ORIENTED_EDGE ( 'NONE', *, *, #506, .F. ) ;
#860 = EDGE_CURVE ( 'NONE', #2397, #1583, #2355, .T. ) ;
#861 = CARTESIAN_POINT ( 'NONE',  ( 226.5954129722693722, 336.2888233359443007, -14.51619067884284853 ) ) ;
#862 = ADVANCED_FACE ( 'NONE', ( #1597 ), #703, .F. ) ;
#863 = ORIENTED_EDGE ( 'NONE', *, *, #1214, .T. ) ;
#864 = CARTESIAN_POINT ( 'NONE',  ( 226.6039937338148889, 341.3772174915279152, -10.12933329834857688 ) ) ;
#865 = PRODUCT ( '21631_03_153_gripper finger_light 2K', '21631_03_153_gripper finger_light 2K', '', ( #239 ) ) ;
#866 = ORIENTED_EDGE ( 'NONE', *, *, #1937, .T. ) ;
#867 = ORIENTED_EDGE ( 'NONE', *, *, #1969, .T. ) ;
#868 = CARTESIAN_POINT ( 'NONE',  ( 224.0377782214287095, 355.8209122221822440, -59.36289490931181234 ) ) ;
#869 = ADVANCED_FACE ( 'NONE', ( #1286 ), #164, .F. ) ;
#870 = CARTESIAN_POINT ( 'NONE',  ( 226.9532156478373963, 336.2888233359443575, -15.42719248660129239 ) ) ;
#871 = ORIENTED_EDGE ( 'NONE', *, *, #2029, .F. ) ;
#872 = DIRECTION ( 'NONE',  ( 0.000000000000000000, 2.362324875857988792E-15, 1.000000000000000000 ) ) ;
#873 = ORIENTED_EDGE ( 'NONE', *, *, #2078, .T. ) ;
#874 = DIRECTION ( 'NONE',  ( 0.000000000000000000, 0.000000000000000000, -1.000000000000000000 ) ) ;
#875 = CARTESIAN_POINT ( 'NONE',  ( 227.0239844008408454, 325.1150252041000499, -23.06188681941315366 ) ) ;
#876 = EDGE_CURVE ( 'NONE', #227, #691, #901, .T. ) ;
#877 = DIRECTION ( 'NONE',  ( -1.000000000000000000, 0.000000000000000000, 0.000000000000000000 ) ) ;
#878 = AXIS2_PLACEMENT_3D ( 'NONE', #2027, #1103, #1481 ) ;
#879 = FACE_OUTER_BOUND ( 'NONE', #2194, .T. ) ;
#880 = CARTESIAN_POINT ( 'NONE',  ( 226.6044943447544711, 336.2888233359443007, -27.46986940658142728 ) ) ;
#881 = DIRECTION ( 'NONE',  ( 1.000000000000000000, -0.000000000000000000, -0.000000000000000000 ) ) ;
#882 = B_SPLINE_CURVE_WITH_KNOTS ( 'NONE', 3,
 ( #1366, #1715, #607, #1537, #1527, #1865, #251, #948, #962, #2243 ),
 .UNSPECIFIED., .F., .F.,
 ( 4, 2, 2, 2, 4 ),
 ( 4.168537264225167101E-16, 0.001010961088935419900, 0.002021922177870423033, 0.003032883266805426383, 0.004043844355740429733 ),
 .UNSPECIFIED. ) ;
#883 = DIRECTION ( 'NONE',  ( -1.000000000000000000, 0.000000000000000000, 0.000000000000000000 ) ) ;
#884 = FACE_OUTER_BOUND ( 'NONE', #436, .T. ) ;
#885 = LINE ( 'NONE', #2323, #391 ) ;
#886 = CARTESIAN_POINT ( 'NONE',  ( 227.3484974745882425, 356.2888233359443575, -32.73045143268875279 ) ) ;
#887 = CYLINDRICAL_SURFACE ( 'NONE', #1955, 1.700000000000021050 ) ;
#888 = EDGE_CURVE ( 'NONE', #173, #203, #1059, .T. ) ;
#889 = DIRECTION ( 'NONE',  ( 0.000000000000000000, 0.000000000000000000, 1.000000000000000000 ) ) ;
#890 = EDGE_LOOP ( 'NONE', ( #778, #630, #402, #1547 ) ) ;
#891 = EDGE_CURVE ( 'NONE', #894, #468, #1257, .T. ) ;
#892 = EDGE_LOOP ( 'NONE', ( #262, #286, #1503, #917 ) ) ;
#893 = ORIENTED_EDGE ( 'NONE', *, *, #701, .F. ) ;
#894 = VERTEX_POINT ( 'NONE', #359 ) ;
#895 = B_SPLINE_CURVE_WITH_KNOTS ( 'NONE', 3,
 ( #2177, #1076, #1082, #1990, #344, #1623 ),
 .UNSPECIFIED., .F., .F.,
 ( 4, 2, 4 ),
 ( 0.0006131214902116422210, 0.001129784843659460865, 0.001646448197107279292 ),
 .UNSPECIFIED. ) ;
#896 = AXIS2_PLACEMENT_3D ( 'NONE', #936, #1116, #2223 ) ;
#897 = VERTEX_POINT ( 'NONE', #737 ) ;
#898 = EDGE_LOOP ( 'NONE', ( #773, #2040, #2104, #1525, #2071 ) ) ;
#899 = CARTESIAN_POINT ( 'NONE',  ( 228.0684718756312748, 344.9359289658621606, -9.124962112816323412 ) ) ;
#900 = CARTESIAN_POINT ( 'NONE',  ( 228.0718661180270885, 337.6450495875582192, -3.651022355168530353 ) ) ;
#901 =( BOUNDED_CURVE ( )  B_SPLINE_CURVE ( 3, ( #697, #1096, #1984, #2361 ),
 .UNSPECIFIED., .F., .F. ) 
 B_SPLINE_CURVE_WITH_KNOTS ( ( 4, 4 ),
 ( 4.413027478301109419, 4.712388980384689674 ),
 .UNSPECIFIED. ) 
 CURVE ( )  GEOMETRIC_REPRESENTATION_ITEM ( )  RATIONAL_B_SPLINE_CURVE ( ( 1.000000000000000000, 0.9925458236770785536, 0.9925458236770785536, 1.000000000000000000 ) ) 
 REPRESENTATION_ITEM ( '' )  );
#902 = CARTESIAN_POINT ( 'NONE',  ( 226.5954129722693722, 354.2888233359443007, 0.000000000000000000 ) ) ;
#903 = ADVANCED_FACE ( 'NONE', ( #738 ), #151, .F. ) ;
#904 = EDGE_CURVE ( 'NONE', #1240, #2338, #247, .T. ) ;
#905 = CYLINDRICAL_SURFACE ( 'NONE', #184, 2.999999999999988898 ) ;
#906 = CARTESIAN_POINT ( 'NONE',  ( 228.0954129722693722, 344.9822886035146894, -9.764446979878226074 ) ) ;
#907 = CIRCLE ( 'NONE', #1056, 4.999999999999997335 ) ;
#908 = PLANE ( 'NONE',  #595 ) ;
#909 = PLANE ( 'NONE',  #2026 ) ;
#910 = LINE ( 'NONE', #2152, #310 ) ;
#911 = AXIS2_PLACEMENT_3D ( 'NONE', #356, #2366, #1639 ) ;
#912 = VECTOR ( 'NONE', #1298, 1000.000000000000000 ) ;
#913 = CARTESIAN_POINT ( 'NONE',  ( 223.5954129722693722, 356.2888233359443007, -65.00000000000000000 ) ) ;
#914 = ORIENTED_EDGE ( 'NONE', *, *, #671, .T. ) ;
#915 = CARTESIAN_POINT ( 'NONE',  ( 227.3563274196753241, 347.8691929978824078, -34.66238237595200644 ) ) ;
#916 = CARTESIAN_POINT ( 'NONE',  ( 228.0954129722693722, 344.8910046737103698, -10.36971070043697729 ) ) ;
#917 = ORIENTED_EDGE ( 'NONE', *, *, #2326, .F. ) ;
#918 = EDGE_LOOP ( 'NONE', ( #1161, #117, #833, #1073, #1242 ) ) ;
#919 = EDGE_CURVE ( 'NONE', #203, #1209, #663, .T. ) ;
#920 = ORIENTED_EDGE ( 'NONE', *, *, #36, .T. ) ;
#921 = ORIENTED_EDGE ( 'NONE', *, *, #526, .T. ) ;
#922 = AXIS2_PLACEMENT_3D ( 'NONE', #1212, #299, #99 ) ;
#923 = ORIENTED_EDGE ( 'NONE', *, *, #390, .T. ) ;
#924 = ORIENTED_EDGE ( 'NONE', *, *, #767, .T. ) ;
#925 = PLANE ( 'NONE',  #192 ) ;
#926 = CARTESIAN_POINT ( 'NONE',  ( 224.1633399138964933, 355.9262709920221255, -66.39453451708654086 ) ) ;
#927 = AXIS2_PLACEMENT_3D ( 'NONE', #1043, #1232, #129 ) ;
#928 = CARTESIAN_POINT ( 'NONE',  ( 228.0725364455577449, 336.2888233359443007, -31.20394595937453275 ) ) ;
#929 = CARTESIAN_POINT ( 'NONE',  ( 223.5954129722693438, 355.4497237047669955, -62.00000000000000711 ) ) ;
#930 = CARTESIAN_POINT ( 'NONE',  ( 229.5954129722693722, 336.2888233359443007, -65.00000000000000000 ) ) ;
#931 = CIRCLE ( 'NONE', #2291, 1.700000000000021050 ) ;
#932 = EDGE_CURVE ( 'NONE', #523, #1789, #421, .T. ) ;
#933 = FACE_OUTER_BOUND ( 'NONE', #776, .T. ) ;
#934 = CARTESIAN_POINT ( 'NONE',  ( 227.1965441402470844, 336.2888233359443575, -32.87924262733604763 ) ) ;
#935 = CIRCLE ( 'NONE', #922, 20.83875999999999706 ) ;
#936 = CARTESIAN_POINT ( 'NONE',  ( 226.5954129722693722, 325.0003863286152068, 3.000233278950703575 ) ) ;
#937 = FACE_OUTER_BOUND ( 'NONE', #1101, .T. ) ;
#938 = CARTESIAN_POINT ( 'NONE',  ( 228.0954129722693722, 344.7395263730145416, -10.13673101807628996 ) ) ;
#939 = FACE_OUTER_BOUND ( 'NONE', #1208, .T. ) ;
#940 = ORIENTED_EDGE ( 'NONE', *, *, #1263, .T. ) ;
#941 = CARTESIAN_POINT ( 'NONE',  ( 225.5954129722693722, 343.2381367565081405, -7.705989684316317145 ) ) ;
#942 = ORIENTED_EDGE ( 'NONE', *, *, #826, .T. ) ;
#943 = CARTESIAN_POINT ( 'NONE',  ( 227.0239844008407886, 350.8449322567763602, 0.000000000000000000 ) ) ;
#944 = CARTESIAN_POINT ( 'NONE',  ( 226.5954129722693722, 356.2888233359443007, -60.00000000000000711 ) ) ;
#945 = EDGE_CURVE ( 'NONE', #144, #544, #2148, .T. ) ;
#946 = EDGE_LOOP ( 'NONE', ( #315, #866 ) ) ;
#947 = AXIS2_PLACEMENT_3D ( 'NONE', #1785, #1236, #683 ) ;
#948 = CARTESIAN_POINT ( 'NONE',  ( 228.0756307599473303, 347.4030776418202322, -32.28008079949670872 ) ) ;
#949 = PLANE ( 'NONE',  #1430 ) ;
#950 = ORIENTED_EDGE ( 'NONE', *, *, #612, .T. ) ;
#951 = CARTESIAN_POINT ( 'NONE',  ( 226.6418556405762672, 356.2888233359443007, -33.55843784282249942 ) ) ;
#952 = CARTESIAN_POINT ( 'NONE',  ( 227.0239844008400780, 336.2888233359443007, -20.44146341502912634 ) ) ;
#953 = CARTESIAN_POINT ( 'NONE',  ( 227.2297358480571177, 344.6408656733013345, -13.84637007870544245 ) ) ;
#954 = CARTESIAN_POINT ( 'NONE',  ( 224.0377782214287095, 355.8209122221822440, -66.43328747512012455 ) ) ;
#955 = FACE_OUTER_BOUND ( 'NONE', #2015, .T. ) ;
#956 = DIRECTION ( 'NONE',  ( 0.000000000000000000, 0.000000000000000000, -1.000000000000000000 ) ) ;
#957 = EDGE_CURVE ( 'NONE', #1495, #1814, #148, .T. ) ;
#958 = DIRECTION ( 'NONE',  ( 1.000000000000000000, -0.000000000000000000, -0.000000000000000000 ) ) ;
#959 = VECTOR ( 'NONE', #341, 1000.000000000000000 ) ;
#960 = CARTESIAN_POINT ( 'NONE',  ( 211.3954129722693551, 336.2888233359443007, -66.50000000000000000 ) ) ;
#961 = LINE ( 'NONE', #1683, #482 ) ;
#962 = CARTESIAN_POINT ( 'NONE',  ( 228.0954129722694006, 347.1229418497985080, -32.47449684766710476 ) ) ;
#963 = CARTESIAN_POINT ( 'NONE',  ( 228.0954129722693722, 356.2888233359443007, -28.42017456395443276 ) ) ;
#964 = CARTESIAN_POINT ( 'NONE',  ( 226.5954129722693722, 346.2888233359443007, -8.560921364731157723 ) ) ;
#965 = VECTOR ( 'NONE', #2147, 1000.000000000000000 ) ;
#966 = AXIS2_PLACEMENT_3D ( 'NONE', #762, #188, #398 ) ;
#967 = CARTESIAN_POINT ( 'NONE',  ( 226.5954129722693722, 356.2888233359443007, -27.29378487852358859 ) ) ;
#968 =( LENGTH_UNIT ( ) NAMED_UNIT ( * ) SI_UNIT ( .MILLI., .METRE. ) );
#969 = ORIENTED_EDGE ( 'NONE', *, *, #1259, .F. ) ;
#970 = CARTESIAN_POINT ( 'NONE',  ( 227.1987850209348778, 336.2888233359458923, -41.51064708876464948 ) ) ;
#971 = ADVANCED_FACE ( 'NONE', ( #1347 ), #766, .F. ) ;
#972 = VERTEX_POINT ( 'NONE', #202 ) ;
#973 = EDGE_LOOP ( 'NONE', ( #1612, #346, #1526, #760 ) ) ;
#974 = CARTESIAN_POINT ( 'NONE',  ( 211.3954129722693551, 356.2888233359443007, -66.50000000000000000 ) ) ;
#975 = ORIENTED_EDGE ( 'NONE', *, *, #236, .T. ) ;
#976 = DIRECTION ( 'NONE',  ( 0.000000000000000000, 0.000000000000000000, -1.000000000000000000 ) ) ;
#977 = CARTESIAN_POINT ( 'NONE',  ( 227.7855653328775531, 338.2888233359443007, 0.000000000000000000 ) ) ;
#978 = VERTEX_POINT ( 'NONE', #387 ) ;
#979 = ORIENTED_EDGE ( 'NONE', *, *, #1279, .F. ) ;
#980 = CARTESIAN_POINT ( 'NONE',  ( 227.7397829417674018, 346.5811154780179777, -10.14131728708649405 ) ) ;
#981 = EDGE_CURVE ( 'NONE', #1209, #1003, #296, .T. ) ;
#982 = ORIENTED_EDGE ( 'NONE', *, *, #733, .F. ) ;
#983 = CARTESIAN_POINT ( 'NONE',  ( 229.5954129722693722, 356.2888233359443007, -66.70000000000001705 ) ) ;
#984 = ORIENTED_EDGE ( 'NONE', *, *, #2295, .T. ) ;
#985 = DIRECTION ( 'NONE',  ( 1.000000000000000000, -0.000000000000000000, -0.000000000000000000 ) ) ;
#986 = CARTESIAN_POINT ( 'NONE',  ( 226.9532149588606558, 336.2888233359443575, -41.31031728026911054 ) ) ;
#987 = ADVANCED_FACE ( 'NONE', ( #794 ), #1113, .T. ) ;
#988 = DIRECTION ( 'NONE',  ( 0.000000000000000000, -9.449299503431955169E-15, 1.000000000000000000 ) ) ;
#989 = CARTESIAN_POINT ( 'NONE',  ( 228.0515718436101338, 345.6112560309437072, -10.13886176109348192 ) ) ;
#990 = FACE_OUTER_BOUND ( 'NONE', #265, .T. ) ;
#991 = VECTOR ( 'NONE', #829, 1000.000000000000000 ) ;
#992 = CARTESIAN_POINT ( 'NONE',  ( 224.0377782214287095, 355.8209122221822440, -68.21664373756006228 ) ) ;
#993 = CARTESIAN_POINT ( 'NONE',  ( 227.6177933930499648, 356.2888233359443007, -28.85435688762508732 ) ) ;
#994 = EDGE_CURVE ( 'NONE', #1894, #1792, #617, .T. ) ;
#995 = VECTOR ( 'NONE', #1744, 1000.000000000000000 ) ;
#996 = DIRECTION ( 'NONE',  ( -1.000000000000000000, 0.000000000000000000, 0.000000000000000000 ) ) ;
#997 = FACE_OUTER_BOUND ( 'NONE', #518, .T. ) ;
#998 = CARTESIAN_POINT ( 'NONE',  ( 227.6171290969222127, 336.2888233359443007, -42.02948299905416008 ) ) ;
#999 = PRESENTATION_LAYER_ASSIGNMENT (  '', '', ( #2115 ) ) ;
#1000 = VECTOR ( 'NONE', #1732, 1000.000000000000000 ) ;
#1001 = DIRECTION ( 'NONE',  ( 0.000000000000000000, -1.000000000000000000, 0.000000000000000000 ) ) ;
#1002 = DIRECTION ( 'NONE',  ( 0.000000000000000000, 0.000000000000000000, -1.000000000000000000 ) ) ;
#1003 = VERTEX_POINT ( 'NONE', #2056 ) ;
#1004 = CARTESIAN_POINT ( 'NONE',  ( 226.5954129722693722, 348.5498237345112216, -35.70178770777492616 ) ) ;
#1005 = DIRECTION ( 'NONE',  ( 1.000000000000000000, -0.000000000000000000, -0.000000000000000000 ) ) ;
#1006 = EDGE_LOOP ( 'NONE', ( #2021, #601, #201, #975 ) ) ;
#1007 = ORIENTED_EDGE ( 'NONE', *, *, #1550, .F. ) ;
#1008 = VERTEX_POINT ( 'NONE', #1679 ) ;
#1009 = DIRECTION ( 'NONE',  ( -1.000000000000000000, 0.000000000000000000, 0.000000000000000000 ) ) ;
#1010 = CARTESIAN_POINT ( 'NONE',  ( 211.3954129722693551, 336.2888233359443007, -65.00000000000000000 ) ) ;
#1011 = EDGE_CURVE ( 'NONE', #2331, #372, #1220, .T. ) ;
#1012 = ORIENTED_EDGE ( 'NONE', *, *, #610, .T. ) ;
#1013 = CARTESIAN_POINT ( 'NONE',  ( 228.0954129722693722, 325.1150252041000499, -23.06188681941315366 ) ) ;
#1014 = ORIENTED_EDGE ( 'NONE', *, *, #2359, .F. ) ;
#1015 = AXIS2_PLACEMENT_3D ( 'NONE', #330, #535, #874 ) ;
#1016 = CARTESIAN_POINT ( 'NONE',  ( 229.5954129722693722, 353.2888233359443007, -65.00000000000000000 ) ) ;
#1017 = CARTESIAN_POINT ( 'NONE',  ( 226.5954129722693722, 356.2888233359443007, -60.00000000000000711 ) ) ;
#1018 = CARTESIAN_POINT ( 'NONE',  ( 225.5954129722693722, 325.1150252041000499, -23.06188681941315366 ) ) ;
#1019 = CARTESIAN_POINT ( 'NONE',  ( 226.5954129722693722, 336.2888233359443007, -14.51619067884284853 ) ) ;
#1020 = CIRCLE ( 'NONE', #1300, 1.500000000000001332 ) ;
#1021 = CARTESIAN_POINT ( 'NONE',  ( 211.3954129722693551, 345.2127082044041799, -63.50000000000000000 ) ) ;
#1022 = CARTESIAN_POINT ( 'NONE',  ( 221.5954129722693722, 336.2888233359443007, -55.00000000000000711 ) ) ;
#1023 = LINE ( 'NONE', #82, #38 ) ;
#1024 = DIRECTION ( 'NONE',  ( 0.000000000000000000, 0.000000000000000000, 1.000000000000000000 ) ) ;
#1025 = LINE ( 'NONE', #1767, #853 ) ;
#1026 = CARTESIAN_POINT ( 'NONE',  ( 226.9415233195482529, 344.5880533465964959, -14.21209588347223196 ) ) ;
#1027 = CARTESIAN_POINT ( 'NONE',  ( 228.0954129722693722, 336.2888233359443007, -17.85125756859627444 ) ) ;
#1028 = CARTESIAN_POINT ( 'NONE',  ( 227.9800795206637645, 356.2888233359443007, -29.64072933642463070 ) ) ;
#1029 = SURFACE_STYLE_FILL_AREA ( #604 ) ;
#1030 = EDGE_CURVE ( 'NONE', #141, #2189, #882, .T. ) ;
#1031 = CARTESIAN_POINT ( 'NONE',  ( 211.3954129722693551, 345.2127082044041799, -66.50000000000000000 ) ) ;
#1032 = CIRCLE ( 'NONE', #2253, 1.700000000000021050 ) ;
#1033 = CARTESIAN_POINT ( 'NONE',  ( 227.2022557772213531, 342.3811863074652138, -10.13138738914433823 ) ) ;
#1034 = EDGE_LOOP ( 'NONE', ( #2106, #1275, #730 ) ) ;
#1035 = CARTESIAN_POINT ( 'NONE',  ( 226.7709953652369848, 345.0389123949898931, -30.34812044506632489 ) ) ;
#1036 = B_SPLINE_CURVE_WITH_KNOTS ( 'NONE', 3,
 ( #2229, #953, #1316, #217, #1485, #37, #1335, #1123, #29, #1508 ),
 .UNSPECIFIED., .F., .F.,
 ( 4, 2, 2, 2, 4 ),
 ( 9.739958683803955963E-16, 0.0009907059244190603246, 0.001981411848837146602, 0.002972117773255233096, 0.003962823697673319157 ),
 .UNSPECIFIED. ) ;
#1037 = VERTEX_POINT ( 'NONE', #2279 ) ;
#1038 = CARTESIAN_POINT ( 'NONE',  ( 228.0954129722693722, 336.2888233359443007, -30.49617336259964517 ) ) ;
#1039 = ORIENTED_EDGE ( 'NONE', *, *, #2345, .F. ) ;
#1040 = DIRECTION ( 'NONE',  ( -1.000000000000000000, 0.000000000000000000, 0.000000000000000000 ) ) ;
#1041 = VERTEX_POINT ( 'NONE', #2204 ) ;
#1042 = VERTEX_POINT ( 'NONE', #1697 ) ;
#1043 = CARTESIAN_POINT ( 'NONE',  ( 228.0954129722693722, 325.1150252041000499, -23.06188681941315366 ) ) ;
#1044 = ORIENTED_EDGE ( 'NONE', *, *, #1030, .T. ) ;
#1045 = CARTESIAN_POINT ( 'NONE',  ( 227.0239844008407317, 325.0003863286152068, 3.000233278950703575 ) ) ;
#1046 = VERTEX_POINT ( 'NONE', #1891 ) ;
#1047 = ADVANCED_FACE ( 'NONE', ( #1383 ), #1884, .F. ) ;
#1048 = CARTESIAN_POINT ( 'NONE',  ( 227.0239844008408170, 336.2888233359443007, -46.32290207286148842 ) ) ;
#1049 = EDGE_CURVE ( 'NONE', #972, #368, #2032, .T. ) ;
#1050 = ORIENTED_EDGE ( 'NONE', *, *, #364, .F. ) ;
#1051 = CARTESIAN_POINT ( 'NONE',  ( 207.5273554907619769, 339.3562080196342663, -70.00000000000000000 ) ) ;
#1052 = CARTESIAN_POINT ( 'NONE',  ( 226.7664708669153981, 342.6390435969010468, -34.97926719946214291 ) ) ;
#1053 = CARTESIAN_POINT ( 'NONE',  ( 226.5954129722693722, 336.2888233359443007, -47.23011207360515584 ) ) ;
#1054 = B_SPLINE_CURVE_WITH_KNOTS ( 'NONE', 3,
 ( #2112, #61, #1568, #1004 ),
 .UNSPECIFIED., .F., .F.,
 ( 4, 4 ),
 ( 0.0006158146442576475661, 0.001676127917815893728 ),
 .UNSPECIFIED. ) ;
#1055 = DIRECTION ( 'NONE',  ( 0.000000000000000000, 0.000000000000000000, -1.000000000000000000 ) ) ;
#1056 = AXIS2_PLACEMENT_3D ( 'NONE', #1022, #469, #97 ) ;
#1057 = CARTESIAN_POINT ( 'NONE',  ( 226.7382051308706821, 336.2888233359443007, -15.13315034266404702 ) ) ;
#1058 = CARTESIAN_POINT ( 'NONE',  ( 226.5954129722693438, 341.9019300671884594, -35.29527510412996349 ) ) ;
#1059 = CIRCLE ( 'NONE', #447, 24.36259977897349316 ) ;
#1060 = DIRECTION ( 'NONE',  ( -0.000000000000000000, -1.000000000000000000, -0.000000000000000000 ) ) ;
#1061 = LINE ( 'NONE', #2053, #249 ) ;
#1062 = CARTESIAN_POINT ( 'NONE',  ( 228.0720084058152111, 336.2888233359443007, -30.06192242930315572 ) ) ;
#1063 = CIRCLE ( 'NONE', #2174, 1.700000000000021050 ) ;
#1064 = EDGE_CURVE ( 'NONE', #2318, #2346, #1918, .T. ) ;
#1065 = CARTESIAN_POINT ( 'NONE',  ( 227.0239844008408738, 346.4509975106271327, 0.000000000000000000 ) ) ;
#1066 = CARTESIAN_POINT ( 'NONE',  ( 228.0954129722693722, 344.7395263730145416, -10.13673101807628996 ) ) ;
#1067 = ORIENTED_EDGE ( 'NONE', *, *, #721, .T. ) ;
#1068 = DIRECTION ( 'NONE',  ( -0.000000000000000000, -1.000000000000000000, -0.000000000000000000 ) ) ;
#1069 = B_SPLINE_CURVE_WITH_KNOTS ( 'NONE', 3,
 ( #777, #263, #824, #1555, #1373, #627, #453, #2312, #652, #842 ),
 .UNSPECIFIED., .F., .F.,
 ( 4, 2, 2, 2, 4 ),
 ( 2.775557561562891351E-17, 0.0006015152975989107413, 0.001203030595197793727, 0.001804545892796676713, 0.002406061190395559699 ),
 .UNSPECIFIED. ) ;
#1070 = EDGE_LOOP ( 'NONE', ( #367, #1121, #2230, #432 ) ) ;
#1071 = ORIENTED_EDGE ( 'NONE', *, *, #273, .T. ) ;
#1072 = CARTESIAN_POINT ( 'NONE',  ( 228.0524958096465298, 344.9232970123481437, -8.966690843719460347 ) ) ;
#1073 = ORIENTED_EDGE ( 'NONE', *, *, #1011, .F. ) ;
#1074 = CARTESIAN_POINT ( 'NONE',  ( 227.6161123458123825, 337.4385308603853559, -4.822248257995290999 ) ) ;
#1075 = CARTESIAN_POINT ( 'NONE',  ( 205.5273554907620053, 336.2888233359443007, -60.00000000000000711 ) ) ;
#1076 = CARTESIAN_POINT ( 'NONE',  ( 226.8859878517245079, 336.2888233359442438, -20.54811269320693512 ) ) ;
#1077 = DIRECTION ( 'NONE',  ( -1.000000000000000000, 0.000000000000000000, 0.000000000000000000 ) ) ;
#1078 = EDGE_CURVE ( 'NONE', #1729, #227, #363, .T. ) ;
#1079 = CARTESIAN_POINT ( 'NONE',  ( 227.9093026528855148, 337.5369821006303255, -4.263903529075551369 ) ) ;
#1080 = AXIS2_PLACEMENT_3D ( 'NONE', #1285, #731, #745 ) ;
#1081 = FACE_OUTER_BOUND ( 'NONE', #946, .T. ) ;
#1082 = CARTESIAN_POINT ( 'NONE',  ( 226.7778669691469986, 336.2888233359443007, -20.68913038908875990 ) ) ;
#1083 = B_SPLINE_CURVE_WITH_KNOTS ( 'NONE', 3,
 ( #1734, #1026, #2107, #71, #1940, #1545, #1927, #285 ),
 .UNSPECIFIED., .F., .F.,
 ( 4, 2, 2, 4 ),
 ( 0.0006816798862473041985, 0.001084361125561444754, 0.001487042364875585526, 0.002292404843503855361 ),
 .UNSPECIFIED. ) ;
#1084 = FACE_OUTER_BOUND ( 'NONE', #1614, .T. ) ;
#1085 = CARTESIAN_POINT ( 'NONE',  ( 211.3954129722693551, 356.2888233359443007, -66.50000000000000000 ) ) ;
#1086 = TOROIDAL_SURFACE ( 'NONE', #1292, 24.36259977897349316, 2.500000000000000000 ) ;
#1087 = DIRECTION ( 'NONE',  ( 0.000000000000000000, 0.000000000000000000, 1.000000000000000000 ) ) ;
#1088 = ADVANCED_FACE ( 'NONE', ( #1778 ), #1540, .F. ) ;
#1089 = LINE ( 'NONE', #35, #108 ) ;
#1090 = CARTESIAN_POINT ( 'NONE',  ( 226.5954129722693722, 356.2888233359443007, 0.000000000000000000 ) ) ;
#1091 = EDGE_CURVE ( 'NONE', #1042, #399, #1442, .T. ) ;
#1092 = EDGE_LOOP ( 'NONE', ( #570, #914, #578, #1369, #250 ) ) ;
#1093 = VERTEX_POINT ( 'NONE', #2065 ) ;
#1094 = EDGE_CURVE ( 'NONE', #2248, #1240, #2327, .T. ) ;
#1095 = VERTEX_POINT ( 'NONE', #636 ) ;
#1096 = CARTESIAN_POINT ( 'NONE',  ( 223.8942178603716116, 355.7004507761676564, -63.52240451550228784 ) ) ;
#1097 = ORIENTED_EDGE ( 'NONE', *, *, #492, .F. ) ;
#1098 = EDGE_LOOP ( 'NONE', ( #2134, #726, #1475, #1420 ) ) ;
#1099 = DIRECTION ( 'NONE',  ( -0.000000000000000000, -0.000000000000000000, 1.000000000000000000 ) ) ;
#1100 = CARTESIAN_POINT ( 'NONE',  ( 225.5954129722693722, 346.2888233359443007, -8.560921364731157723 ) ) ;
#1101 = EDGE_LOOP ( 'NONE', ( #2165, #2110, #1728, #920, #1899, #1294, #1659, #196, #1323, #2191, #669, #1952, #2073, #1120, #1758, #1188, #2246, #268, #499, #1900, #689, #1097, #1589, #2164, #684 ) ) ;
#1102 = ORIENTED_EDGE ( 'NONE', *, *, #1491, .T. ) ;
#1103 = DIRECTION ( 'NONE',  ( -0.9848077530122077983, -0.000000000000000000, -0.1736481776669320243 ) ) ;
#1104 = CARTESIAN_POINT ( 'NONE',  ( 224.0377782214287095, 355.8209122221822440, -66.43328747512012455 ) ) ;
#1105 = EDGE_CURVE ( 'NONE', #544, #1444, #1069, .T. ) ;
#1106 = CARTESIAN_POINT ( 'NONE',  ( 223.5954129722693722, 336.2888233359443007, -66.50000000000000000 ) ) ;
#1107 = CARTESIAN_POINT ( 'NONE',  ( 225.0670289393751773, 356.2730897397736385, -65.33438369755374708 ) ) ;
#1108 = EDGE_CURVE ( 'NONE', #1037, #597, #1608, .T. ) ;
#1109 = CARTESIAN_POINT ( 'NONE',  ( 226.7827957692236964, 351.0627416512868990, -0.000000000000000000 ) ) ;
#1110 = DIRECTION ( 'NONE',  ( 0.000000000000000000, 0.000000000000000000, -1.000000000000000000 ) ) ;
#1111 = CIRCLE ( 'NONE', #1806, 23.49852545623994970 ) ;
#1112 = CARTESIAN_POINT ( 'NONE',  ( 228.0954129722693722, 350.6643711830659527, 0.000000000000000000 ) ) ;
#1113 = TOROIDAL_SURFACE ( 'NONE', #1382, 20.83875999999999706, 1.000000000000000000 ) ;
#1114 = CARTESIAN_POINT ( 'NONE',  ( 225.5954129722693722, 325.1150252041000499, -23.06188681941315366 ) ) ;
#1115 = CIRCLE ( 'NONE', #332, 23.49852545623994970 ) ;
#1116 = DIRECTION ( 'NONE',  ( 1.000000000000000000, -0.000000000000000000, -0.000000000000000000 ) ) ;
#1117 = VECTOR ( 'NONE', #207, 1000.000000000000000 ) ;
#1118 = CARTESIAN_POINT ( 'NONE',  ( 227.9846824071808555, 347.2174099475441835, -33.66762945226110304 ) ) ;
#1119 = CARTESIAN_POINT ( 'NONE',  ( 217.5954129722693722, 336.2888233359443007, -66.70000000000001705 ) ) ;
#1120 = ORIENTED_EDGE ( 'NONE', *, *, #1753, .T. ) ;
#1121 = ORIENTED_EDGE ( 'NONE', *, *, #638, .F. ) ;
#1122 = EDGE_CURVE ( 'NONE', #897, #2137, #1083, .T. ) ;
#1123 = CARTESIAN_POINT ( 'NONE',  ( 228.0754672390381472, 344.8780588788509931, -11.03429666570194279 ) ) ;
#1124 = ORIENTED_EDGE ( 'NONE', *, *, #576, .T. ) ;
#1125 = VERTEX_POINT ( 'NONE', #1205 ) ;
#1126 = AXIS2_PLACEMENT_3D ( 'NONE', #1371, #96, #435 ) ;
#1127 = CARTESIAN_POINT ( 'NONE',  ( 226.8917160315605202, 350.9376506356479695, 0.000000000000000000 ) ) ;
#1128 = DIRECTION ( 'NONE',  ( 0.000000000000000000, -1.000000000000000000, 0.000000000000000000 ) ) ;
#1129 = ORIENTED_EDGE ( 'NONE', *, *, #1524, .F. ) ;
#1130 = DIRECTION ( 'NONE',  ( -0.000000000000000000, -1.000000000000000000, -0.000000000000000000 ) ) ;
#1131 = ORIENTED_EDGE ( 'NONE', *, *, #1229, .F. ) ;
#1132 = CARTESIAN_POINT ( 'NONE',  ( 229.5954129722693722, 364.7741047101828258, -62.00000000000000711 ) ) ;
#1133 = EDGE_CURVE ( 'NONE', #1847, #2133, #2268, .T. ) ;
#1134 = VECTOR ( 'NONE', #1657, 1000.000000000000000 ) ;
#1135 = DIRECTION ( 'NONE',  ( 0.000000000000000000, -1.000000000000000000, 0.000000000000000000 ) ) ;
#1136 = EDGE_CURVE ( 'NONE', #744, #2367, #11, .T. ) ;
#1137 = VECTOR ( 'NONE', #834, 1000.000000000000000 ) ;
#1138 = DIRECTION ( 'NONE',  ( 0.000000000000000000, 0.000000000000000000, 1.000000000000000000 ) ) ;
#1139 = CARTESIAN_POINT ( 'NONE',  ( 229.5954129722693722, 364.7741047101828258, -65.00000000000000000 ) ) ;
#1140 = CARTESIAN_POINT ( 'NONE',  ( 217.5954129722693722, 346.2888233359443007, -62.00000000000000711 ) ) ;
#1141 = AXIS2_PLACEMENT_3D ( 'NONE', #59, #1149, #41 ) ;
#1142 = CIRCLE ( 'NONE', #208, 22.05553290889082874 ) ;
#1143 = DIRECTION ( 'NONE',  ( 0.000000000000000000, 0.000000000000000000, 1.000000000000000000 ) ) ;
#1144 = TOROIDAL_SURFACE ( 'NONE', #2298, 23.49852545623994970, 2.500000000000000000 ) ;
#1145 = CARTESIAN_POINT ( 'NONE',  ( 226.5954129722693722, 345.6220380231201261, 0.000000000000000000 ) ) ;
#1146 = ORIENTED_EDGE ( 'NONE', *, *, #413, .F. ) ;
#1147 = CARTESIAN_POINT ( 'NONE',  ( 226.5954129722693722, 336.2888233359443575, -47.05579014508334978 ) ) ;
#1148 = ORIENTED_EDGE ( 'NONE', *, *, #390, .F. ) ;
#1149 = DIRECTION ( 'NONE',  ( 0.000000000000000000, -1.000000000000000000, 0.000000000000000000 ) ) ;
#1150 = CARTESIAN_POINT ( 'NONE',  ( 228.0954129722693722, 337.7193253392574093, -3.229783634918829804 ) ) ;
#1151 = ORIENTED_EDGE ( 'NONE', *, *, #860, .F. ) ;
#1152 = DIRECTION ( 'NONE',  ( 0.000000000000000000, -0.000000000000000000, -1.000000000000000000 ) ) ;
#1153 = ORIENTED_EDGE ( 'NONE', *, *, #2201, .F. ) ;
#1154 = SURFACE_SIDE_STYLE ('',( #1029 ) ) ;
#1155 = EDGE_CURVE ( 'NONE', #2248, #1840, #2210, .T. ) ;
#1156 = ORIENTED_EDGE ( 'NONE', *, *, #2283, .F. ) ;
#1157 = CARTESIAN_POINT ( 'NONE',  ( 227.2215490998223117, 343.3139094545377930, -34.66957169553544560 ) ) ;
#1158 = EDGE_LOOP ( 'NONE', ( #1794, #1271, #1815, #2074, #1892, #2081, #1667, #1124, #348, #603, #412, #660 ) ) ;
#1159 = DIRECTION ( 'NONE',  ( 0.000000000000000000, 0.000000000000000000, 1.000000000000000000 ) ) ;
#1160 = DIRECTION ( 'NONE',  ( 0.000000000000000000, 0.000000000000000000, -1.000000000000000000 ) ) ;
#1161 = ORIENTED_EDGE ( 'NONE', *, *, #102, .F. ) ;
#1162 = ADVANCED_FACE ( 'NONE', ( #1488 ), #1437, .T. ) ;
#1163 = DIRECTION ( 'NONE',  ( -1.000000000000000000, 0.000000000000000000, 0.000000000000000000 ) ) ;
#1164 = ORIENTED_EDGE ( 'NONE', *, *, #1049, .F. ) ;
#1165 = DIRECTION ( 'NONE',  ( 0.000000000000000000, 0.000000000000000000, -1.000000000000000000 ) ) ;
#1166 = EDGE_CURVE ( 'NONE', #55, #2185, #935, .T. ) ;
#1167 = VECTOR ( 'NONE', #771, 1000.000000000000114 ) ;
#1168 = CARTESIAN_POINT ( 'NONE',  ( 227.1989758116133373, 336.2888233359443575, -20.30622302122334943 ) ) ;
#1169 = ADVANCED_FACE ( 'NONE', ( #884 ), #1832, .T. ) ;
#1170 = AXIS2_PLACEMENT_3D ( 'NONE', #418, #1163, #1348 ) ;
#1171 = DIRECTION ( 'NONE',  ( -1.000000000000000000, 0.000000000000000000, 0.000000000000000000 ) ) ;
#1172 = CARTESIAN_POINT ( 'NONE',  ( 227.0239844008403054, 336.2888233359443007, -41.36804919041914275 ) ) ;
#1173 = DIRECTION ( 'NONE',  ( 0.000000000000000000, 0.000000000000000000, -1.000000000000000000 ) ) ;
#1174 = AXIS2_PLACEMENT_3D ( 'NONE', #1539, #788, #792 ) ;
#1175 = APPLICATION_PROTOCOL_DEFINITION ( 'draft international standard', 'automotive_design', 1998, #257 ) ;
#1176 = VECTOR ( 'NONE', #1676, 1000.000000000000000 ) ;
#1177 = ORIENTED_EDGE ( 'NONE', *, *, #2078, .F. ) ;
#1178 = ORIENTED_EDGE ( 'NONE', *, *, #488, .F. ) ;
#1179 = DIRECTION ( 'NONE',  ( -1.000000000000000000, 0.000000000000000000, 0.000000000000000000 ) ) ;
#1180 = VERTEX_POINT ( 'NONE', #443 ) ;
#1181 = DIRECTION ( 'NONE',  ( 0.000000000000000000, 0.000000000000000000, -1.000000000000000000 ) ) ;
#1182 = CARTESIAN_POINT ( 'NONE',  ( 227.1965915040632069, 356.2888233359443007, -28.35400962470001218 ) ) ;
#1183 = ORIENTED_EDGE ( 'NONE', *, *, #273, .F. ) ;
#1184 = ADVANCED_FACE ( 'NONE', ( #1199 ), #618, .T. ) ;
#1185 = UNCERTAINTY_MEASURE_WITH_UNIT (LENGTH_MEASURE( 1.000000000000000082E-05 ), #18, 'distance_accuracy_value', 'NONE');
#1186 = DIRECTION ( 'NONE',  ( -1.000000000000000000, 0.000000000000000000, 0.000000000000000000 ) ) ;
#1187 = EDGE_CURVE ( 'NONE', #2054, #1042, #138, .T. ) ;
#1188 = ORIENTED_EDGE ( 'NONE', *, *, #2359, .T. ) ;
#1189 = CARTESIAN_POINT ( 'NONE',  ( 228.0722113631931904, 336.2888233359443007, -43.28632971396064733 ) ) ;
#1190 = ORIENTED_EDGE ( 'NONE', *, *, #1105, .F. ) ;
#1191 = CARTESIAN_POINT ( 'NONE',  ( 227.6171841644452911, 336.2888233359443007, -16.14656033195621276 ) ) ;
#1192 = CARTESIAN_POINT ( 'NONE',  ( 205.5273554907619769, 339.3562080196342663, -70.00000000000000000 ) ) ;
#1193 = DIRECTION ( 'NONE',  ( 0.000000000000000000, -1.000000000000000000, 0.000000000000000000 ) ) ;
#1194 = DIRECTION ( 'NONE',  ( -1.000000000000000000, 0.000000000000000000, 0.000000000000000000 ) ) ;
#1195 = DIRECTION ( 'NONE',  ( 0.000000000000000000, 0.000000000000000000, -1.000000000000000000 ) ) ;
#1196 = FACE_OUTER_BOUND ( 'NONE', #1548, .T. ) ;
#1197 = DIRECTION ( 'NONE',  ( -0.7660444431189782355, -0.6427876096865390299, 0.000000000000000000 ) ) ;
#1198 = EDGE_CURVE ( 'NONE', #1729, #894, #2132, .T. ) ;
#1199 = FACE_OUTER_BOUND ( 'NONE', #1006, .T. ) ;
#1200 = CARTESIAN_POINT ( 'NONE',  ( 217.5954129722693722, 346.2888233359443007, -65.00000000000000000 ) ) ;
#1201 = TOROIDAL_SURFACE ( 'NONE', #6, 21.23488110224249326, 1.000000000000000000 ) ;
#1202 = PLANE ( 'NONE',  #276 ) ;
#1203 = AXIS2_PLACEMENT_3D ( 'NONE', #875, #677, #1055 ) ;
#1204 = FACE_OUTER_BOUND ( 'NONE', #2348, .T. ) ;
#1205 = CARTESIAN_POINT ( 'NONE',  ( 229.5954129722693722, 353.2888233359443007, -66.70000000000001705 ) ) ;
#1206 = CARTESIAN_POINT ( 'NONE',  ( 228.0954129722693722, 348.5208472277057581, 0.000000000000000000 ) ) ;
#1207 = VECTOR ( 'NONE', #577, 1000.000000000000000 ) ;
#1208 = EDGE_LOOP ( 'NONE', ( #2256, #836, #1266, #1102, #81, #226 ) ) ;
#1209 = VERTEX_POINT ( 'NONE', #1421 ) ;
#1210 = DIRECTION ( 'NONE',  ( -0.000000000000000000, 0.000000000000000000, -1.000000000000000000 ) ) ;
#1211 = EDGE_LOOP ( 'NONE', ( #2141, #2376, #1148 ) ) ;
#1212 = CARTESIAN_POINT ( 'NONE',  ( 226.5954129722693722, 325.0003863286152068, 3.000233278950703575 ) ) ;
#1213 = CARTESIAN_POINT ( 'NONE',  ( 211.5954129722693722, 356.2888233359443007, -65.00000000000000000 ) ) ;
#1214 = EDGE_CURVE ( 'NONE', #1125, #2195, #278, .T. ) ;
#1215 = EDGE_LOOP ( 'NONE', ( #1044, #140, #225, #321 ) ) ;
#1216 = CARTESIAN_POINT ( 'NONE',  ( 226.6332873283991205, 344.4796034847355486, -5.164222530658729049 ) ) ;
#1217 = CARTESIAN_POINT ( 'NONE',  ( 226.7238828234343657, 342.5185997617864473, -35.03248468423519313 ) ) ;
#1218 = EDGE_CURVE ( 'NONE', #141, #1554, #678, .T. ) ;
#1219 = DIRECTION ( 'NONE',  ( 1.000000000000000000, -0.000000000000000000, -0.000000000000000000 ) ) ;
#1220 = B_SPLINE_CURVE_WITH_KNOTS ( 'NONE', 3,
 ( #1518, #31, #1705, #429 ),
 .UNSPECIFIED., .F., .F.,
 ( 4, 4 ),
 ( -1.051182979818809529E-05, 0.0001740204638037663254 ),
 .UNSPECIFIED. ) ;
#1221 = CARTESIAN_POINT ( 'NONE',  ( 227.9833245805554611, 336.2888233359443007, -44.88736449701304565 ) ) ;
#1222 = CARTESIAN_POINT ( 'NONE',  ( 227.0239844008407886, 346.2888233359443007, -8.560921364731157723 ) ) ;
#1223 = CARTESIAN_POINT ( 'NONE',  ( 211.3954129722693551, 356.2888233359443007, -63.50000000000000000 ) ) ;
#1224 = ADVANCED_FACE ( 'NONE', ( #388 ), #2347, .T. ) ;
#1225 = CIRCLE ( 'NONE', #2257, 1.700000000000021050 ) ;
#1226 = DIRECTION ( 'NONE',  ( 1.000000000000000000, -0.000000000000000000, -0.000000000000000000 ) ) ;
#1227 = FACE_OUTER_BOUND ( 'NONE', #1819, .T. ) ;
#1228 = TOROIDAL_SURFACE ( 'NONE', #816, 26.62624413297093184, 1.000000000000000000 ) ;
#1229 = EDGE_CURVE ( 'NONE', #438, #1501, #1651, .T. ) ;
#1230 = DIRECTION ( 'NONE',  ( 0.000000000000000000, 0.000000000000000000, -1.000000000000000000 ) ) ;
#1231 = VECTOR ( 'NONE', #2008, 1000.000000000000000 ) ;
#1232 = DIRECTION ( 'NONE',  ( -1.000000000000000000, 0.000000000000000000, 0.000000000000000000 ) ) ;
#1233 = VERTEX_POINT ( 'NONE', #1244 ) ;
#1234 = CARTESIAN_POINT ( 'NONE',  ( 226.5954129722693722, 336.2888233359443007, -27.29378487852358859 ) ) ;
#1235 = B_SPLINE_CURVE_WITH_KNOTS ( 'NONE', 3,
 ( #2350, #1622, #692, #530, #682, #864, #1250, #2184 ),
 .UNSPECIFIED., .F., .F.,
 ( 4, 2, 2, 4 ),
 ( 0.0006236842971697102809, 0.001200895662700434460, 0.001489501345465796657, 0.001778107028231158855 ),
 .UNSPECIFIED. ) ;
#1236 = DIRECTION ( 'NONE',  ( -0.000000000000000000, -1.000000000000000000, -0.000000000000000000 ) ) ;
#1237 = EDGE_LOOP ( 'NONE', ( #1465, #116, #460, #838, #1658, #798, #1473, #2163 ) ) ;
#1238 = EDGE_LOOP ( 'NONE', ( #2284, #205, #832, #1424 ) ) ;
#1239 = CARTESIAN_POINT ( 'NONE',  ( 208.3954129722693551, 342.6954093108723214, -66.50000000000000000 ) ) ;
#1240 = VERTEX_POINT ( 'NONE', #1251 ) ;
#1241 = CARTESIAN_POINT ( 'NONE',  ( 227.9137077665917275, 343.5822586381512451, -10.13402373308390558 ) ) ;
#1242 = ORIENTED_EDGE ( 'NONE', *, *, #1505, .F. ) ;
#1243 = EDGE_LOOP ( 'NONE', ( #113, #2305, #1050, #147 ) ) ;
#1244 = CARTESIAN_POINT ( 'NONE',  ( 226.5954129722693722, 336.2888233359443007, -11.34256363923533151 ) ) ;
#1245 = EDGE_CURVE ( 'NONE', #1583, #717, #1269, .T. ) ;
#1246 = EDGE_LOOP ( 'NONE', ( #112, #1907, #1500, #665 ) ) ;
#1247 = DIRECTION ( 'NONE',  ( -1.000000000000000000, 0.000000000000000000, -0.000000000000000000 ) ) ;
#1248 = CARTESIAN_POINT ( 'NONE',  ( 227.0239844008400212, 356.2888233359443007, -33.00906054300494930 ) ) ;
#1249 = ORIENTED_EDGE ( 'NONE', *, *, #2171, .T. ) ;
#1250 = CARTESIAN_POINT ( 'NONE',  ( 226.5954129722693722, 341.2792446250973626, -10.12914069795296079 ) ) ;
#1251 = CARTESIAN_POINT ( 'NONE',  ( 229.5954129722693722, 353.2888233359443007, -67.99999999999998579 ) ) ;
#1252 = LINE ( 'NONE', #1498, #1134 ) ;
#1253 = PRODUCT_DEFINITION_FORMATION_WITH_SPECIFIED_SOURCE ( 'ANY', '', #865, .NOT_KNOWN. ) ;
#1254 = ADVANCED_FACE ( 'NONE', ( #510, #1315 ), #2335, .F. ) ;
#1255 = CIRCLE ( 'NONE', #357, 2.999999999999995559 ) ;
#1256 = DIRECTION ( 'NONE',  ( -1.000000000000000000, 0.000000000000000000, 0.000000000000000000 ) ) ;
#1257 = CIRCLE ( 'NONE', #565, 4.999999999999997335 ) ;
#1258 = CARTESIAN_POINT ( 'NONE',  ( 227.0239844008417549, 336.2888233359443007, -28.21916472204041071 ) ) ;
#1259 = EDGE_CURVE ( 'NONE', #1633, #1607, #2239, .T. ) ;
#1260 = PRESENTATION_STYLE_ASSIGNMENT (( #1871 ) ) ;
#1261 =( BOUNDED_CURVE ( )  B_SPLINE_CURVE ( 3, ( #1668, #224, #1856, #2252 ),
 .UNSPECIFIED., .F., .F. ) 
 B_SPLINE_CURVE_WITH_KNOTS ( ( 4, 4 ),
 ( 3.749838232500001034, 4.209224306217119960 ),
 .UNSPECIFIED. ) 
 CURVE ( )  GEOMETRIC_REPRESENTATION_ITEM ( )  RATIONAL_B_SPLINE_CURVE ( ( 1.000000000000000000, 0.9824908865523688251, 0.9824908865523688251, 1.000000000000000000 ) ) 
 REPRESENTATION_ITEM ( '' )  );
#1262 = FACE_BOUND ( 'NONE', #1446, .T. ) ;
#1263 = EDGE_CURVE ( 'NONE', #717, #1551, #1748, .T. ) ;
#1264 = CARTESIAN_POINT ( 'NONE',  ( 227.5954129722693722, 325.1150252041000499, -23.06188681941315366 ) ) ;
#1265 = PLANE ( 'NONE',  #1763 ) ;
#1266 = ORIENTED_EDGE ( 'NONE', *, *, #2267, .F. ) ;
#1267 = CARTESIAN_POINT ( 'NONE',  ( 226.9551044840889631, 336.2888233359443575, -28.16535404162024747 ) ) ;
#1268 = DIRECTION ( 'NONE',  ( 0.000000000000000000, 1.000000000000000000, 0.000000000000000000 ) ) ;
#1269 = B_SPLINE_CURVE_WITH_KNOTS ( 'NONE', 3,
 ( #489, #480, #323, #1948, #1601, #2142, #334, #1062, #1777, #1038 ),
 .UNSPECIFIED., .F., .F.,
 ( 4, 2, 2, 2, 4 ),
 ( 2.167779754565683743E-16, 0.0006467923988962115097, 0.001293584797792206396, 0.001940377196688201173, 0.002587169595584195951 ),
 .UNSPECIFIED. ) ;
#1270 = AXIS2_PLACEMENT_3D ( 'NONE', #1010, #1942, #1002 ) ;
#1271 = ORIENTED_EDGE ( 'NONE', *, *, #2144, .T. ) ;
#1272 = ADVANCED_FACE ( 'NONE', ( #822 ), #216, .T. ) ;
#1273 = ORIENTED_EDGE ( 'NONE', *, *, #1078, .T. ) ;
#1274 = DIRECTION ( 'NONE',  ( 0.000000000000000000, 0.000000000000000000, -1.000000000000000000 ) ) ;
#1275 = ORIENTED_EDGE ( 'NONE', *, *, #2249, .T. ) ;
#1276 = CARTESIAN_POINT ( 'NONE',  ( 228.0954129722693722, 343.2381367565081405, -7.705989684316295829 ) ) ;
#1277 = ORIENTED_EDGE ( 'NONE', *, *, #783, .T. ) ;
#1278 = CARTESIAN_POINT ( 'NONE',  ( 227.2018078566551651, 347.9582597345280988, -34.79836528141285612 ) ) ;
#1279 = EDGE_CURVE ( 'NONE', #1817, #1841, #361, .T. ) ;
#1280 = CARTESIAN_POINT ( 'NONE',  ( 226.8918174226851932, 346.3580724250841740, 0.000000000000000000 ) ) ;
#1281 = PRESENTATION_STYLE_ASSIGNMENT (( #592 ) ) ;
#1282 = DIRECTION ( 'NONE',  ( 0.000000000000000000, 0.000000000000000000, 1.000000000000000000 ) ) ;
#1283 = CARTESIAN_POINT ( 'NONE',  ( 227.5954129722693722, 325.1150252041000499, -23.06188681941315366 ) ) ;
#1284 = LINE ( 'NONE', #174, #157 ) ;
#1285 = CARTESIAN_POINT ( 'NONE',  ( 229.5954129722693722, 353.2888233359443007, -65.00000000000000000 ) ) ;
#1286 = FACE_OUTER_BOUND ( 'NONE', #1246, .T. ) ;
#1287 = CARTESIAN_POINT ( 'NONE',  ( 205.5273554907619769, 340.2888233359443007, -70.00000000000000000 ) ) ;
#1288 = VECTOR ( 'NONE', #1068, 1000.000000000000000 ) ;
#1289 = CARTESIAN_POINT ( 'NONE',  ( 226.5954129722693722, 356.2888233359443007, -55.00000000000000711 ) ) ;
#1290 = CARTESIAN_POINT ( 'NONE',  ( 224.9585517621335953, 356.2560412688368388, -64.35234280204008428 ) ) ;
#1291 = EDGE_CURVE ( 'NONE', #375, #371, #1943, .T. ) ;
#1292 = AXIS2_PLACEMENT_3D ( 'NONE', #425, #1521, #591 ) ;
#1293 = ORIENTED_EDGE ( 'NONE', *, *, #17, .T. ) ;
#1294 = ORIENTED_EDGE ( 'NONE', *, *, #2283, .T. ) ;
#1295 = CARTESIAN_POINT ( 'NONE',  ( 226.6301398661887561, 336.2888233359442438, -40.76309301280880959 ) ) ;
#1296 = ORIENTED_EDGE ( 'NONE', *, *, #719, .F. ) ;
#1297 = ORIENTED_EDGE ( 'NONE', *, *, #1771, .F. ) ;
#1298 = DIRECTION ( 'NONE',  ( 1.000000000000000000, 0.000000000000000000, 0.000000000000000000 ) ) ;
#1299 = DIRECTION ( 'NONE',  ( 0.000000000000000000, 0.000000000000000000, 1.000000000000000000 ) ) ;
#1300 = AXIS2_PLACEMENT_3D ( 'NONE', #235, #2077, #1160 ) ;
#1301 = ORIENTED_EDGE ( 'NONE', *, *, #1816, .F. ) ;
#1302 = DIRECTION ( 'NONE',  ( -1.000000000000000000, 0.000000000000000000, 0.000000000000000000 ) ) ;
#1303 = ORIENTED_EDGE ( 'NONE', *, *, #641, .T. ) ;
#1304 = CARTESIAN_POINT ( 'NONE',  ( 226.6050851175379535, 351.5097721235627546, -2.888894916580853780E-31 ) ) ;
#1305 = ORIENTED_EDGE ( 'NONE', *, *, #1136, .T. ) ;
#1306 = DIRECTION ( 'NONE',  ( 0.000000000000000000, -1.000000000000000000, 0.000000000000000000 ) ) ;
#1307 = CARTESIAN_POINT ( 'NONE',  ( 224.8772210365850128, 356.2412808816441157, -64.20376265581326436 ) ) ;
#1308 = DIRECTION ( 'NONE',  ( -1.000000000000000000, 0.000000000000000000, 0.000000000000000000 ) ) ;
#1309 = AXIS2_PLACEMENT_3D ( 'NONE', #846, #670, #106 ) ;
#1310 = VECTOR ( 'NONE', #1821, 1000.000000000000000 ) ;
#1311 = DIRECTION ( 'NONE',  ( -0.1710878697460370967, -0.1710878697460370967, 0.9702875252478133650 ) ) ;
#1312 = FACE_OUTER_BOUND ( 'NONE', #1238, .T. ) ;
#1313 = AXIS2_PLACEMENT_3D ( 'NONE', #743, #1618, #889 ) ;
#1314 = CARTESIAN_POINT ( 'NONE',  ( 224.6743349237286225, 356.1835263613148754, -63.94503400780806857 ) ) ;
#1315 = FACE_OUTER_BOUND ( 'NONE', #1158, .T. ) ;
#1316 = CARTESIAN_POINT ( 'NONE',  ( 227.3917518186213158, 344.6782315579990268, -13.56101949926452477 ) ) ;
#1317 = CIRCLE ( 'NONE', #705, 23.75396280970192109 ) ;
#1318 = CARTESIAN_POINT ( 'NONE',  ( 226.8876945245891079, 336.2888233359442438, -33.11159238341292621 ) ) ;
#1319 = DIRECTION ( 'NONE',  ( 0.000000000000000000, -0.9848077530122077983, 0.1736481776669320243 ) ) ;
#1320 = VECTOR ( 'NONE', #1306, 1000.000000000000000 ) ;
#1321 = DIRECTION ( 'NONE',  ( 0.000000000000000000, 0.000000000000000000, -1.000000000000000000 ) ) ;
#1322 = DIRECTION ( 'NONE',  ( 0.000000000000000000, -1.000000000000000000, 0.000000000000000000 ) ) ;
#1323 = ORIENTED_EDGE ( 'NONE', *, *, #1245, .T. ) ;
#1324 = EDGE_CURVE ( 'NONE', #1042, #1817, #1457, .T. ) ;
#1325 = DIRECTION ( 'NONE',  ( 0.000000000000000000, 0.000000000000000000, -1.000000000000000000 ) ) ;
#1326 = ORIENTED_EDGE ( 'NONE', *, *, #2295, .F. ) ;
#1327 = DIRECTION ( 'NONE',  ( -0.000000000000000000, -0.000000000000000000, -1.000000000000000000 ) ) ;
#1328 = ORIENTED_EDGE ( 'NONE', *, *, #1887, .F. ) ;
#1329 = CARTESIAN_POINT ( 'NONE',  ( 226.6031233836685033, 350.8143822899028237, -29.45540487641068239 ) ) ;
#1330 = CARTESIAN_POINT ( 'NONE',  ( 223.5954129722693722, 355.4497237047669955, -66.50000000000000000 ) ) ;
#1331 = CARTESIAN_POINT ( 'NONE',  ( 225.5954129722693722, 325.0003863286152068, 3.000233278950703575 ) ) ;
#1332 = ORIENTED_EDGE ( 'NONE', *, *, #2393, .T. ) ;
#1333 = DIRECTION ( 'NONE',  ( -0.000000000000000000, -1.000000000000000000, -0.000000000000000000 ) ) ;
#1334 =( BOUNDED_CURVE ( )  B_SPLINE_CURVE ( 3, ( #1330, #2091, #1356, #954 ),
 .UNSPECIFIED., .F., .F. ) 
 B_SPLINE_CURVE_WITH_KNOTS ( ( 4, 4 ),
 ( 1.570796326794896558, 1.870157828878476591 ),
 .UNSPECIFIED. ) 
 CURVE ( )  GEOMETRIC_REPRESENTATION_ITEM ( )  RATIONAL_B_SPLINE_CURVE ( ( 1.000000000000000000, 0.9925458236770785536, 0.9925458236770785536, 1.000000000000000000 ) ) 
 REPRESENTATION_ITEM ( '' )  );
#1335 = CARTESIAN_POINT ( 'NONE',  ( 227.9953995971628444, 344.8482474292462712, -11.68808235616337043 ) ) ;
#1336 = CARTESIAN_POINT ( 'NONE',  ( 229.5954129722693722, 364.7741047101828258, -67.99999999999998579 ) ) ;
#1337 = CARTESIAN_POINT ( 'NONE',  ( 205.5273554907620053, 336.2888233359443007, -70.00000000000000000 ) ) ;
#1338 = EDGE_CURVE ( 'NONE', #1095, #1841, #2381, .T. ) ;
#1339 = CARTESIAN_POINT ( 'NONE',  ( 227.9799733981363374, 336.2888233359443575, -42.84707424335284287 ) ) ;
#1340 = ADVANCED_FACE ( 'NONE', ( #2151, #160 ), #275, .F. ) ;
#1341 = EDGE_CURVE ( 'NONE', #1661, #2019, #1776, .T. ) ;
#1342 = CIRCLE ( 'NONE', #1346, 26.83875999999999706 ) ;
#1343 = TOROIDAL_SURFACE ( 'NONE', #1630, 20.83875999999999706, 1.000000000000000000 ) ;
#1344 = PLANE ( 'NONE',  #772 ) ;
#1345 = CARTESIAN_POINT ( 'NONE',  ( 228.0954129722693722, 336.2888233359443007, -44.02368503601414318 ) ) ;
#1346 = AXIS2_PLACEMENT_3D ( 'NONE', #2261, #619, #1910 ) ;
#1347 = FACE_OUTER_BOUND ( 'NONE', #1392, .T. ) ;
#1348 = DIRECTION ( 'NONE',  ( 0.000000000000000000, 0.000000000000000000, -1.000000000000000000 ) ) ;
#1349 = CARTESIAN_POINT ( 'NONE',  ( 0.000000000000000000, 0.000000000000000000, 0.000000000000000000 ) ) ;
#1350 = VECTOR ( 'NONE', #161, 1000.000000000000114 ) ;
#1351 = CARTESIAN_POINT ( 'NONE',  ( 221.5954129722693722, 356.2888233359443007, -55.00000000000000711 ) ) ;
#1352 = ORIENTED_EDGE ( 'NONE', *, *, #306, .F. ) ;
#1353 = CARTESIAN_POINT ( 'NONE',  ( 224.0377782214287095, 355.8209122221822440, -70.00000000000000000 ) ) ;
#1354 = ORIENTED_EDGE ( 'NONE', *, *, #380, .T. ) ;
#1355 = DIRECTION ( 'NONE',  ( 1.000000000000000000, 0.000000000000000000, 0.000000000000000000 ) ) ;
#1356 = CARTESIAN_POINT ( 'NONE',  ( 223.8942178603716116, 355.7004507761676564, -66.47759548449774059 ) ) ;
#1357 = ADVANCED_FACE ( 'NONE', ( #2063 ), #1712, .F. ) ;
#1358 = VERTEX_POINT ( 'NONE', #1140 ) ;
#1359 = ORIENTED_EDGE ( 'NONE', *, *, #1756, .F. ) ;
#1360 = SURFACE_SIDE_STYLE ('',( #1591 ) ) ;
#1361 = EDGE_CURVE ( 'NONE', #1988, #381, #907, .T. ) ;
#1362 = ORIENTED_EDGE ( 'NONE', *, *, #5, .F. ) ;
#1363 = EDGE_LOOP ( 'NONE', ( #758, #2280, #409, #1470, #2398 ) ) ;
#1364 = CARTESIAN_POINT ( 'NONE',  ( 228.0616018703848340, 345.7389451437742309, -33.36478914215695823 ) ) ;
#1365 = ORIENTED_EDGE ( 'NONE', *, *, #36, .F. ) ;
#1366 = CARTESIAN_POINT ( 'NONE',  ( 227.0239844008402201, 349.8781660347934803, -30.32242753699242144 ) ) ;
#1367 = CARTESIAN_POINT ( 'NONE',  ( 234.5954129722693722, 336.2888233359443007, -11.34256363923533151 ) ) ;
#1368 = AXIS2_PLACEMENT_3D ( 'NONE', #2352, #883, #2358 ) ;
#1369 = ORIENTED_EDGE ( 'NONE', *, *, #1064, .T. ) ;
#1370 = ADVANCED_FACE ( 'NONE', ( #68 ), #2206, .F. ) ;
#1371 = CARTESIAN_POINT ( 'NONE',  ( 217.5954129722693722, 356.2888233359443007, -65.00000000000000000 ) ) ;
#1372 = CARTESIAN_POINT ( 'NONE',  ( 228.0954129722693438, 336.2888233359441870, -18.36193175662670640 ) ) ;
#1373 = CARTESIAN_POINT ( 'NONE',  ( 227.7197233053202012, 350.1214233499685520, 0.000000000000000000 ) ) ;
#1374 = DIRECTION ( 'NONE',  ( 1.000000000000000000, -0.000000000000000000, -0.000000000000000000 ) ) ;
#1375 = CARTESIAN_POINT ( 'NONE',  ( 227.9899163852819299, 338.2050010180159347, -0.4753799877451982403 ) ) ;
#1376 = VECTOR ( 'NONE', #1449, 1000.000000000000000 ) ;
#1377 = EDGE_CURVE ( 'NONE', #1233, #802, #1648, .T. ) ;
#1378 = CARTESIAN_POINT ( 'NONE',  ( 211.5954129722694006, 345.3805281306396751, -62.00000000000000711 ) ) ;
#1379 = CARTESIAN_POINT ( 'NONE',  ( 227.0239844008407886, 344.8034297095957186, -6.379701011182210557 ) ) ;
#1380 = LINE ( 'NONE', #1883, #2179 ) ;
#1381 = DIRECTION ( 'NONE',  ( 0.000000000000000000, 0.000000000000000000, -1.000000000000000000 ) ) ;
#1382 = AXIS2_PLACEMENT_3D ( 'NONE', #1838, #1487, #2395 ) ;
#1383 = FACE_OUTER_BOUND ( 'NONE', #1839, .T. ) ;
#1384 = DIRECTION ( 'NONE',  ( 0.000000000000000000, -2.588307015968281196E-15, -1.000000000000000000 ) ) ;
#1385 = LINE ( 'NONE', #301, #2299 ) ;
#1386 = PRESENTATION_LAYER_ASSIGNMENT (  '', '', ( #1913 ) ) ;
#1387 = FACE_OUTER_BOUND ( 'NONE', #490, .T. ) ;
#1388 = DIRECTION ( 'NONE',  ( -1.000000000000000000, 0.000000000000000000, 0.000000000000000000 ) ) ;
#1389 = DIRECTION ( 'NONE',  ( 0.000000000000000000, 2.084828447979228544E-15, 1.000000000000000000 ) ) ;
#1390 = ORIENTED_EDGE ( 'NONE', *, *, #322, .T. ) ;
#1391 = ADVANCED_FACE ( 'NONE', ( #1227 ), #675, .F. ) ;
#1392 = EDGE_LOOP ( 'NONE', ( #1039, #1423, #191, #1787, #2394, #50 ) ) ;
#1393 = CARTESIAN_POINT ( 'NONE',  ( 228.0954129722693722, 356.2888233359443007, -30.49617336259964517 ) ) ;
#1394 = ORIENTED_EDGE ( 'NONE', *, *, #1594, .T. ) ;
#1395 = EDGE_CURVE ( 'NONE', #468, #1988, #1915, .T. ) ;
#1396 = EDGE_LOOP ( 'NONE', ( #923, #428, #486, #753, #1293, #2343, #1722, #1837, #552, #1731, #1249, #942 ) ) ;
#1397 = DIRECTION ( 'NONE',  ( 0.000000000000000000, 0.000000000000000000, -1.000000000000000000 ) ) ;
#1398 = ORIENTED_EDGE ( 'NONE', *, *, #1438, .F. ) ;
#1399 = DIRECTION ( 'NONE',  ( -1.000000000000000000, 0.000000000000000000, 0.000000000000000000 ) ) ;
#1400 = ADVANCED_FACE ( 'NONE', ( #538 ), #1343, .T. ) ;
#1401 = ORIENTED_EDGE ( 'NONE', *, *, #1030, .F. ) ;
#1402 = CARTESIAN_POINT ( 'NONE',  ( 227.9764877912473366, 347.7266520446262348, -0.000000000000000000 ) ) ;
#1403 = AXIS2_PLACEMENT_3D ( 'NONE', #248, #1611, #119 ) ;
#1404 = CARTESIAN_POINT ( 'NONE',  ( 226.5954129722693722, 336.2888233359443007, -60.00000000000000711 ) ) ;
#1405 = CARTESIAN_POINT ( 'NONE',  ( 226.6248432813339946, 342.1522966715464236, -35.19108822429718231 ) ) ;
#1406 = CIRCLE ( 'NONE', #837, 26.62624413297093184 ) ;
#1407 = FACE_OUTER_BOUND ( 'NONE', #1211, .T. ) ;
#1408 = CARTESIAN_POINT ( 'NONE',  ( 226.5954129722693722, 336.2888233359443007, -55.00000000000000711 ) ) ;
#1409 = EDGE_CURVE ( 'NONE', #372, #173, #1571, .T. ) ;
#1410 = CARTESIAN_POINT ( 'NONE',  ( 226.5954129722693722, 351.0087131220657284, -29.26461223938541778 ) ) ;
#1411 = CARTESIAN_POINT ( 'NONE',  ( 227.1964578087282405, 356.2888233359410606, -32.87930757515120916 ) ) ;
#1412 = ORIENTED_EDGE ( 'NONE', *, *, #1788, .F. ) ;
#1413 = AXIS2_PLACEMENT_3D ( 'NONE', #1283, #362, #350 ) ;
#1414 = DIRECTION ( 'NONE',  ( 1.000000000000000000, 0.000000000000000000, 0.000000000000000000 ) ) ;
#1415 = DIRECTION ( 'NONE',  ( 1.000000000000000000, 0.000000000000000000, -0.000000000000000000 ) ) ;
#1416 = EDGE_LOOP ( 'NONE', ( #1177, #667, #2100, #493, #806, #2244 ) ) ;
#1417 = EDGE_LOOP ( 'NONE', ( #291, #1862 ) ) ;
#1418 = CARTESIAN_POINT ( 'NONE',  ( 225.5954129722693722, 325.1150252041000499, -23.06188681941315366 ) ) ;
#1419 = ORIENTED_EDGE ( 'NONE', *, *, #1829, .F. ) ;
#1420 = ORIENTED_EDGE ( 'NONE', *, *, #236, .F. ) ;
#1421 = CARTESIAN_POINT ( 'NONE',  ( 227.0239844008408170, 336.2888233359443007, -33.00906054300455850 ) ) ;
#1422 = EDGE_CURVE ( 'NONE', #1046, #597, #1882, .T. ) ;
#1423 = ORIENTED_EDGE ( 'NONE', *, *, #876, .F. ) ;
#1424 = ORIENTED_EDGE ( 'NONE', *, *, #1937, .F. ) ;
#1425 = CARTESIAN_POINT ( 'NONE',  ( 211.5954129722693722, 336.2888233359443007, -66.50000000000000000 ) ) ;
#1426 = AXIS2_PLACEMENT_3D ( 'NONE', #1724, #1001, #2293 ) ;
#1427 = ORIENTED_EDGE ( 'NONE', *, *, #1338, .F. ) ;
#1428 = CARTESIAN_POINT ( 'NONE',  ( 227.0239844008408454, 342.2253460895752823, -10.13106068026303674 ) ) ;
#1429 = B_SPLINE_CURVE_WITH_KNOTS ( 'NONE', 3,
 ( #404, #1660, #1516, #1687, #775, #785, #2072, #2218 ),
 .UNSPECIFIED., .F., .F.,
 ( 4, 2, 2, 4 ),
 ( -1.049451512818490633E-05, 0.001384652390404131220, 0.002082225843170255018, 0.002779799295936379033 ),
 .UNSPECIFIED. ) ;
#1430 = AXIS2_PLACEMENT_3D ( 'NONE', #366, #2232, #1647 ) ;
#1431 = CARTESIAN_POINT ( 'NONE',  ( 226.7639495404900458, 344.5578134910220456, -5.690135523207110246 ) ) ;
#1432 = PRODUCT_DEFINITION_CONTEXT ( 'detailed design', #1711, 'design' ) ;
#1433 = CARTESIAN_POINT ( 'NONE',  ( 228.0954129722693722, 345.0451578416335110, -10.13746953216089075 ) ) ;
#1434 = CARTESIAN_POINT ( 'NONE',  ( 228.0934556675060207, 346.2888233359445849, -33.02242863975420306 ) ) ;
#1435 = VECTOR ( 'NONE', #145, 1000.000000000000114 ) ;
#1436 = CARTESIAN_POINT ( 'NONE',  ( 227.3550736194411002, 336.2888233359443007, -46.02988259177035957 ) ) ;
#1437 = CYLINDRICAL_SURFACE ( 'NONE', #1536, 2.000000000000001776 ) ;
#1438 = EDGE_CURVE ( 'NONE', #1093, #695, #647, .T. ) ;
#1439 = FACE_OUTER_BOUND ( 'NONE', #1471, .T. ) ;
#1440 = CARTESIAN_POINT ( 'NONE',  ( 221.5954129722693722, 336.2888233359443007, -60.00000000000000711 ) ) ;
#1441 = DIRECTION ( 'NONE',  ( 0.000000000000000000, -0.000000000000000000, 1.000000000000000000 ) ) ;
#1442 = B_SPLINE_CURVE_WITH_KNOTS ( 'NONE', 3,
 ( #1881, #243, #584, #1875, #1147, #39 ),
 .UNSPECIFIED., .F., .F.,
 ( 4, 2, 4 ),
 ( 0.0006130860331205671525, 0.001129555676805096094, 0.001646025320489625035 ),
 .UNSPECIFIED. ) ;
#1443 = AXIS2_PLACEMENT_3D ( 'NONE', #1739, #2247, #2068 ) ;
#1444 = VERTEX_POINT ( 'NONE', #659 ) ;
#1445 = ORIENTED_EDGE ( 'NONE', *, *, #1869, .F. ) ;
#1446 = EDGE_LOOP ( 'NONE', ( #47, #1783, #1893, #427 ) ) ;
#1447 = CARTESIAN_POINT ( 'NONE',  ( 227.9806370259191226, 356.2888233359443007, -31.62329726773081262 ) ) ;
#1448 = ORIENTED_EDGE ( 'NONE', *, *, #306, .T. ) ;
#1449 = DIRECTION ( 'NONE',  ( 0.000000000000000000, -1.000000000000000000, 0.000000000000000000 ) ) ;
#1450 = VERTEX_POINT ( 'NONE', #1604 ) ;
#1451 = EDGE_CURVE ( 'NONE', #438, #2012, #2333, .T. ) ;
#1452 = EDGE_LOOP ( 'NONE', ( #1981, #353, #982, #142 ) ) ;
#1453 = DIRECTION ( 'NONE',  ( 1.000000000000000000, 0.000000000000000000, 0.000000000000000000 ) ) ;
#1454 = CARTESIAN_POINT ( 'NONE',  ( 234.5954129722693722, 356.2888233359443007, -70.00000000000000000 ) ) ;
#1455 = CARTESIAN_POINT ( 'NONE',  ( 229.5954129722693722, 356.2888233359443007, -65.00000000000000000 ) ) ;
#1456 = B_SPLINE_CURVE_WITH_KNOTS ( 'NONE', 3,
 ( #1879, #222, #1906, #231, #980, #2250, #804, #989, #1514, #1896, #411, #1694 ),
 .UNSPECIFIED., .F., .F.,
 ( 4, 2, 2, 2, 2, 4 ),
 ( 7.850462293418875834E-17, 0.0006768980024328703077, 0.001353796004865662119, 0.002030694007298453931, 0.002369143008514857859, 0.002707592009731261788 ),
 .UNSPECIFIED. ) ;
#1457 = CIRCLE ( 'NONE', #1443, 25.80559232632270650 ) ;
#1458 = CARTESIAN_POINT ( 'NONE',  ( 227.6249712760653381, 347.6716722795612782, -34.36086215564355939 ) ) ;
#1459 = CARTESIAN_POINT ( 'NONE',  ( 205.5273554907620053, 336.2888233359443007, -60.00000000000000711 ) ) ;
#1460 = EDGE_CURVE ( 'NONE', #1607, #2054, #507, .T. ) ;
#1461 = ADVANCED_FACE ( 'NONE', ( #933 ), #1486, .T. ) ;
#1462 = LINE ( 'NONE', #502, #650 ) ;
#1463 = CARTESIAN_POINT ( 'NONE',  ( 205.5273554907619769, 340.2888233359443007, -66.50000000000000000 ) ) ;
#1464 = CARTESIAN_POINT ( 'NONE',  ( 211.5954129722693722, 336.2888233359443007, -65.00000000000000000 ) ) ;
#1465 = ORIENTED_EDGE ( 'NONE', *, *, #351, .F. ) ;
#1466 = ORIENTED_EDGE ( 'NONE', *, *, #1756, .T. ) ;
#1467 = ORIENTED_EDGE ( 'NONE', *, *, #1685, .F. ) ;
#1468 = ADVANCED_FACE ( 'NONE', ( #561 ), #2329, .F. ) ;
#1469 = ORIENTED_EDGE ( 'NONE', *, *, #888, .T. ) ;
#1470 = ORIENTED_EDGE ( 'NONE', *, *, #919, .F. ) ;
#1471 = EDGE_LOOP ( 'NONE', ( #1183, #1605, #2288, #2049 ) ) ;
#1472 = CARTESIAN_POINT ( 'NONE',  ( 226.6719426480084394, 351.2765242673783064, 0.000000000000000000 ) ) ;
#1473 = ORIENTED_EDGE ( 'NONE', *, *, #457, .F. ) ;
#1474 = CARTESIAN_POINT ( 'NONE',  ( 226.5954129722693153, 336.2888233359442438, -40.58358748004059180 ) ) ;
#1475 = ORIENTED_EDGE ( 'NONE', *, *, #340, .F. ) ;
#1476 = CARTESIAN_POINT ( 'NONE',  ( 223.5954129722693722, 356.2888233359443007, -66.50000000000000000 ) ) ;
#1477 = CARTESIAN_POINT ( 'NONE',  ( 229.5954129722693722, 353.2888233359443007, -62.00000000000000711 ) ) ;
#1478 = EDGE_LOOP ( 'NONE', ( #714, #352, #1448, #1277 ) ) ;
#1479 = EDGE_CURVE ( 'NONE', #2346, #2133, #1025, .T. ) ;
#1480 = CARTESIAN_POINT ( 'NONE',  ( 226.5954129722693722, 356.2888233359443007, -33.80776388967838386 ) ) ;
#1481 = DIRECTION ( 'NONE',  ( 0.000000000000000000, -1.000000000000000000, 0.000000000000000000 ) ) ;
#1482 = DIRECTION ( 'NONE',  ( 1.000000000000000000, 0.000000000000000000, 0.000000000000000000 ) ) ;
#1483 = CARTESIAN_POINT ( 'NONE',  ( 220.5954129722694006, 352.9324248112351370, -66.50000000000000000 ) ) ;
#1484 = TOROIDAL_SURFACE ( 'NONE', #1413, 20.62624413297093895, 1.000000000000000000 ) ;
#1485 = CARTESIAN_POINT ( 'NONE',  ( 227.7695925096755047, 344.7771417526636242, -12.64503111157736548 ) ) ;
#1486 = TOROIDAL_SURFACE ( 'NONE', #2009, 21.23488110224249326, 1.000000000000000000 ) ;
#1487 = DIRECTION ( 'NONE',  ( -1.000000000000000000, 0.000000000000000000, 0.000000000000000000 ) ) ;
#1488 = FACE_OUTER_BOUND ( 'NONE', #2169, .T. ) ;
#1489 = CARTESIAN_POINT ( 'NONE',  ( 226.5954129722693438, 356.2888233359442438, -27.38232178962440244 ) ) ;
#1490 = CARTESIAN_POINT ( 'NONE',  ( 227.0239844008408170, 348.0361491605628999, -34.91729368231021624 ) ) ;
#1491 = EDGE_CURVE ( 'NONE', #463, #1967, #185, .T. ) ;
#1492 = CIRCLE ( 'NONE', #2003, 20.62624413297093895 ) ;
#1493 = AXIS2_PLACEMENT_3D ( 'NONE', #378, #2080, #2069 ) ;
#1494 = CARTESIAN_POINT ( 'NONE',  ( 211.5954129722693722, 345.3805281306396751, -66.50000000000000000 ) ) ;
#1495 = VERTEX_POINT ( 'NONE', #2342 ) ;
#1496 = ORIENTED_EDGE ( 'NONE', *, *, #1829, .T. ) ;
#1497 = ORIENTED_EDGE ( 'NONE', *, *, #1699, .F. ) ;
#1498 = CARTESIAN_POINT ( 'NONE',  ( 228.0954129722693722, 336.2888233359443007, -60.00000000000000711 ) ) ;
#1499 = AXIS2_PLACEMENT_3D ( 'NONE', #944, #4, #1299 ) ;
#1500 = ORIENTED_EDGE ( 'NONE', *, *, #2017, .F. ) ;
#1501 = VERTEX_POINT ( 'NONE', #1596 ) ;
#1502 = CARTESIAN_POINT ( 'NONE',  ( 226.7790926429579770, 336.2888233359443007, -33.24833955200550406 ) ) ;
#1503 = ORIENTED_EDGE ( 'NONE', *, *, #764, .F. ) ;
#1504 = CARTESIAN_POINT ( 'NONE',  ( 229.5954129722693722, 356.2888233359443007, -65.00000000000000000 ) ) ;
#1505 = EDGE_CURVE ( 'NONE', #629, #2331, #1111, .T. ) ;
#1506 = DIRECTION ( 'NONE',  ( -6.938893903907222067E-15, 1.000000000000000000, 0.000000000000000000 ) ) ;
#1507 =( BOUNDED_CURVE ( )  B_SPLINE_CURVE ( 3, ( #818, #1378, #1932, #1749 ),
 .UNSPECIFIED., .F., .F. ) 
 B_SPLINE_CURVE_WITH_KNOTS ( ( 4, 4 ),
 ( 4.712388980384689674, 7.853981633974482790 ),
 .UNSPECIFIED. ) 
 CURVE ( )  GEOMETRIC_REPRESENTATION_ITEM ( )  RATIONAL_B_SPLINE_CURVE ( ( 1.000000000000000000, 0.3333333333333333703, 0.3333333333333333703, 1.000000000000000000 ) ) 
 REPRESENTATION_ITEM ( '' )  );
#1508 = CARTESIAN_POINT ( 'NONE',  ( 228.0954129722693722, 344.8910046737103698, -10.36971070043697729 ) ) ;
#1509 = AXIS2_PLACEMENT_3D ( 'NONE', #98, #1210, #90 ) ;
#1510 = CARTESIAN_POINT ( 'NONE',  ( 225.5954129722693722, 325.0003863286152068, 3.000233278950703575 ) ) ;
#1511 = CARTESIAN_POINT ( 'NONE',  ( 223.5954129722693722, 336.2888233359443007, -63.50000000000000000 ) ) ;
#1512 = VECTOR ( 'NONE', #1672, 1000.000000000000114 ) ;
#1513 = AXIS2_PLACEMENT_3D ( 'NONE', #269, #2120, #282 ) ;
#1514 = CARTESIAN_POINT ( 'NONE',  ( 228.0680116996550169, 345.4989621866718608, -10.13858293624915063 ) ) ;
#1515 = LINE ( 'NONE', #1276, #2385 ) ;
#1516 = CARTESIAN_POINT ( 'NONE',  ( 228.0028485997941061, 346.0495272369642521, -31.88687580401423105 ) ) ;
#1517 = TOROIDAL_SURFACE ( 'NONE', #694, 24.36259977897349316, 2.500000000000000000 ) ;
#1518 = CARTESIAN_POINT ( 'NONE',  ( 228.0954129722693722, 346.4443161873176678, -32.92302492669006853 ) ) ;
#1519 = CARTESIAN_POINT ( 'NONE',  ( 224.0377782214287095, 355.8209122221822440, -59.36289490931181234 ) ) ;
#1520 = CIRCLE ( 'NONE', #1309, 21.23488110224249326 ) ;
#1521 = DIRECTION ( 'NONE',  ( 1.000000000000000000, -0.000000000000000000, -0.000000000000000000 ) ) ;
#1522 = VERTEX_POINT ( 'NONE', #1425 ) ;
#1523 = ORIENTED_EDGE ( 'NONE', *, *, #1409, .T. ) ;
#1524 = EDGE_CURVE ( 'NONE', #744, #1698, #125, .T. ) ;
#1525 = ORIENTED_EDGE ( 'NONE', *, *, #793, .F. ) ;
#1526 = ORIENTED_EDGE ( 'NONE', *, *, #2062, .T. ) ;
#1527 = CARTESIAN_POINT ( 'NONE',  ( 227.7711654735451816, 348.7228170417388924, -31.29351915261839423 ) ) ;
#1528 = VERTEX_POINT ( 'NONE', #1433 ) ;
#1529 = APPLICATION_PROTOCOL_DEFINITION ( 'draft international standard', 'automotive_design', 1998, #1711 ) ;
#1530 = CARTESIAN_POINT ( 'NONE',  ( 217.5954129722693722, 346.2888233359443007, -67.99999999999998579 ) ) ;
#1531 = DIRECTION ( 'NONE',  ( -0.000000000000000000, -1.000000000000000000, -0.000000000000000000 ) ) ;
#1532 = DIRECTION ( 'NONE',  ( -0.000000000000000000, -0.000000000000000000, -1.000000000000000000 ) ) ;
#1533 = DIRECTION ( 'NONE',  ( 1.000000000000000000, -0.000000000000000000, -0.000000000000000000 ) ) ;
#1534 = EDGE_CURVE ( 'NONE', #2185, #1037, #585, .T. ) ;
#1535 = CARTESIAN_POINT ( 'NONE',  ( 228.0954129722693722, 346.2888233359443007, -32.92352114370464733 ) ) ;
#1536 = AXIS2_PLACEMENT_3D ( 'NONE', #271, #2320, #93 ) ;
#1537 = CARTESIAN_POINT ( 'NONE',  ( 227.6646387254270110, 348.9748341407205885, -31.09087951955162765 ) ) ;
#1538 = VECTOR ( 'NONE', #533, 1000.000000000000000 ) ;
#1539 = CARTESIAN_POINT ( 'NONE',  ( 226.5954129722693722, 325.1150252041000499, -23.06188681941315366 ) ) ;
#1540 = TOROIDAL_SURFACE ( 'NONE', #553, 23.96647867673098276, 2.500000000000000000 ) ;
#1541 = CARTESIAN_POINT ( 'NONE',  ( 228.0954129722693722, 325.1150252041000499, -23.06188681941315366 ) ) ;
#1542 = DIRECTION ( 'NONE',  ( 0.000000000000000000, 0.000000000000000000, 1.000000000000000000 ) ) ;
#1543 = VECTOR ( 'NONE', #1738, 1000.000000000000000 ) ;
#1544 = LINE ( 'NONE', #983, #1000 ) ;
#1545 = CARTESIAN_POINT ( 'NONE',  ( 226.6250396521868424, 344.4464507344217168, -15.07971044891132451 ) ) ;
#1546 = DIRECTION ( 'NONE',  ( 0.000000000000000000, 1.000000000000000000, 0.000000000000000000 ) ) ;
#1547 = ORIENTED_EDGE ( 'NONE', *, *, #736, .F. ) ;
#1548 = EDGE_LOOP ( 'NONE', ( #1696, #2186, #1164, #2277 ) ) ;
#1549 = DIRECTION ( 'NONE',  ( 0.000000000000000000, 0.000000000000000000, -1.000000000000000000 ) ) ;
#1550 = EDGE_CURVE ( 'NONE', #1841, #1633, #674, .T. ) ;
#1551 = VERTEX_POINT ( 'NONE', #1986 ) ;
#1552 = ORIENTED_EDGE ( 'NONE', *, *, #1625, .T. ) ;
#1553 = ADVANCED_FACE ( 'NONE', ( #444 ), #10, .F. ) ;
#1554 = VERTEX_POINT ( 'NONE', #528 ) ;
#1555 = CARTESIAN_POINT ( 'NONE',  ( 227.6042526602807357, 350.2910865549382606, -0.000000000000000000 ) ) ;
#1556 = PLANE ( 'NONE',  #1964 ) ;
#1557 = CARTESIAN_POINT ( 'NONE',  ( 228.0954129722693722, 338.0166512371646377, -1.543564675616241555 ) ) ;
#1558 = AXIS2_PLACEMENT_3D ( 'NONE', #1464, #360, #152 ) ;
#1559 = ORIENTED_EDGE ( 'NONE', *, *, #1626, .T. ) ;
#1560 = CARTESIAN_POINT ( 'NONE',  ( 217.5954129722693722, 356.2888233359443007, -65.00000000000000000 ) ) ;
#1561 = CARTESIAN_POINT ( 'NONE',  ( 226.8787816476778687, 345.1287339467525044, -30.48480097929540733 ) ) ;
#1562 = DIRECTION ( 'NONE',  ( 0.000000000000000000, 0.000000000000000000, 1.000000000000000000 ) ) ;
#1563 = DIRECTION ( 'NONE',  ( 0.000000000000000000, 0.000000000000000000, -1.000000000000000000 ) ) ;
#1564 = CARTESIAN_POINT ( 'NONE',  ( 227.9046174692527700, 347.5341539000918374, 0.000000000000000000 ) ) ;
#1565 = ADVANCED_FACE ( 'NONE', ( #616 ), #1265, .T. ) ;
#1566 = CIRCLE ( 'NONE', #911, 23.71104132326901137 ) ;
#1567 = EDGE_CURVE ( 'NONE', #92, #320, #103, .T. ) ;
#1568 = CARTESIAN_POINT ( 'NONE',  ( 226.5954129722693722, 348.3562385052761101, -35.40607856214063531 ) ) ;
#1569 = DIRECTION ( 'NONE',  ( 0.000000000000000000, 0.000000000000000000, -1.000000000000000000 ) ) ;
#1570 = LINE ( 'NONE', #1664, #2059 ) ;
#1571 = CIRCLE ( 'NONE', #852, 2.500000000000002220 ) ;
#1572 = CARTESIAN_POINT ( 'NONE',  ( 227.7309231318921263, 336.2888233359443575, -16.34326895485548192 ) ) ;
#1573 = CARTESIAN_POINT ( 'NONE',  ( 228.0954129722693722, 348.3172401565777250, 0.000000000000000000 ) ) ;
#1574 = CIRCLE ( 'NONE', #74, 1.700000000000021050 ) ;
#1575 =( GEOMETRIC_REPRESENTATION_CONTEXT ( 3 ) GLOBAL_UNCERTAINTY_ASSIGNED_CONTEXT ( ( #335 ) ) GLOBAL_UNIT_ASSIGNED_CONTEXT ( ( #968, #2266, #2070 ) ) REPRESENTATION_CONTEXT ( 'NONE', 'WORKASPACE' ) );
#1576 = DIRECTION ( 'NONE',  ( 0.000000000000000000, -0.000000000000000000, -1.000000000000000000 ) ) ;
#1577 = ORIENTED_EDGE ( 'NONE', *, *, #85, .F. ) ;
#1578 = CARTESIAN_POINT ( 'NONE',  ( 225.3233534408017817, 356.2888233359443007, -58.33203539343121236 ) ) ;
#1579 = ORIENTED_EDGE ( 'NONE', *, *, #1218, .T. ) ;
#1580 = DIRECTION ( 'NONE',  ( -1.000000000000000000, 0.000000000000000000, 0.000000000000000000 ) ) ;
#1581 = EDGE_LOOP ( 'NONE', ( #2371, #1870, #1864, #873, #1273, #805, #921, #136, #198 ) ) ;
#1582 = EDGE_CURVE ( 'NONE', #1008, #2318, #1595, .T. ) ;
#1583 = VERTEX_POINT ( 'NONE', #165 ) ;
#1584 = CARTESIAN_POINT ( 'NONE',  ( 217.5954129722693722, 346.2888233359443007, -63.29999999999998295 ) ) ;
#1585 = EDGE_CURVE ( 'NONE', #2019, #1233, #2353, .T. ) ;
#1586 = B_SPLINE_CURVE_WITH_KNOTS ( 'NONE', 3,
 ( #560, #747, #9, #195, #389, #757, #1489, #2057 ),
 .UNSPECIFIED., .F., .F.,
 ( 4, 2, 2, 4 ),
 ( 0.0006138626574269195023, 0.001138725796719859728, 0.001401157366366334502, 0.001663588936012809494 ),
 .UNSPECIFIED. ) ;
#1587 = CARTESIAN_POINT ( 'NONE',  ( 225.1278935979568985, 356.2888233359443007, -58.55071934245262355 ) ) ;
#1588 = AXIS2_PLACEMENT_3D ( 'NONE', #1504, #588, #956 ) ;
#1589 = ORIENTED_EDGE ( 'NONE', *, *, #1854, .F. ) ;
#1590 = CARTESIAN_POINT ( 'NONE',  ( 225.3233534408017817, 354.2888233359443007, -70.00000000000000000 ) ) ;
#1591 = SURFACE_STYLE_FILL_AREA ( #66 ) ;
#1592 = CARTESIAN_POINT ( 'NONE',  ( 226.5954129722693722, 356.2888233359443007, -60.00000000000000711 ) ) ;
#1593 = VECTOR ( 'NONE', #1197, 1000.000000000000114 ) ;
#1594 = EDGE_CURVE ( 'NONE', #1180, #1358, #2007, .T. ) ;
#1595 = LINE ( 'NONE', #1825, #2030 ) ;
#1596 = CARTESIAN_POINT ( 'NONE',  ( 227.0239844008403622, 336.2888233359443007, -15.48493130623830005 ) ) ;
#1597 = FACE_OUTER_BOUND ( 'NONE', #1243, .T. ) ;
#1598 = CARTESIAN_POINT ( 'NONE',  ( 211.5954129722693722, 356.2888233359443007, -66.50000000000000000 ) ) ;
#1599 = AXIS2_PLACEMENT_3D ( 'NONE', #1017, #1179, #2325 ) ;
#1600 = FACE_OUTER_BOUND ( 'NONE', #1640, .T. ) ;
#1601 = CARTESIAN_POINT ( 'NONE',  ( 227.7280560696715099, 336.2888233359443575, -29.03730746484279379 ) ) ;
#1602 = EDGE_LOOP ( 'NONE', ( #754, #2217, #547, #681, #2079, #495, #525 ) ) ;
#1603 = DIRECTION ( 'NONE',  ( 0.000000000000000000, -3.020257173230976827E-14, -1.000000000000000000 ) ) ;
#1604 = CARTESIAN_POINT ( 'NONE',  ( 221.5954129722693722, 353.7715244424124421, -60.00000000000000711 ) ) ;
#1605 = ORIENTED_EDGE ( 'NONE', *, *, #2029, .T. ) ;
#1606 = ORIENTED_EDGE ( 'NONE', *, *, #1198, .T. ) ;
#1607 = VERTEX_POINT ( 'NONE', #2005 ) ;
#1608 =( BOUNDED_CURVE ( )  B_SPLINE_CURVE ( 3, ( #2097, #814, #464, #1909 ),
 .UNSPECIFIED., .F., .F. ) 
 B_SPLINE_CURVE_WITH_KNOTS ( ( 4, 4 ),
 ( 4.712388980384689674, 5.674939728269372097 ),
 .UNSPECIFIED. ) 
 CURVE ( )  GEOMETRIC_REPRESENTATION_ITEM ( )  RATIONAL_B_SPLINE_CURVE ( ( 1.000000000000000000, 0.9242701736186129668, 0.9242701736186129668, 1.000000000000000000 ) ) 
 REPRESENTATION_ITEM ( '' )  );
#1609 = CARTESIAN_POINT ( 'NONE',  ( 224.1413920225516279, 355.9078545244893803, -59.30489150733766479 ) ) ;
#1610 = EDGE_CURVE ( 'NONE', #2046, #254, #1616, .T. ) ;
#1611 = DIRECTION ( 'NONE',  ( 1.000000000000000000, -0.000000000000000000, -0.000000000000000000 ) ) ;
#1612 = ORIENTED_EDGE ( 'NONE', *, *, #526, .F. ) ;
#1613 = DIRECTION ( 'NONE',  ( 0.000000000000000000, 0.6464562253513757017, -0.7629510788408725430 ) ) ;
#1614 = EDGE_LOOP ( 'NONE', ( #2368, #259, #1153, #1362, #841 ) ) ;
#1615 = DIRECTION ( 'NONE',  ( -1.000000000000000000, 0.000000000000000000, 0.000000000000000000 ) ) ;
#1616 = B_SPLINE_CURVE_WITH_KNOTS ( 'NONE', 3,
 ( #2183, #712, #900, #2190, #1079, #2022, #1074, #2379, #698, #2362 ),
 .UNSPECIFIED., .F., .F.,
 ( 4, 2, 2, 2, 4 ),
 ( 2.168404344971008868E-18, 0.0006384999806761621844, 0.001276999961352323285, 0.001915499942028484493, 0.002553999922704645702 ),
 .UNSPECIFIED. ) ;
#1617 = ORIENTED_EDGE ( 'NONE', *, *, #589, .T. ) ;
#1618 = DIRECTION ( 'NONE',  ( 1.000000000000000000, -0.000000000000000000, -0.000000000000000000 ) ) ;
#1619 = DIRECTION ( 'NONE',  ( -1.000000000000000000, 0.000000000000000000, 0.000000000000000000 ) ) ;
#1620 = CARTESIAN_POINT ( 'NONE',  ( 228.0954129722693722, 356.2888233359443007, -30.99208018602306325 ) ) ;
#1621 = LINE ( 'NONE', #645, #1593 ) ;
#1622 = CARTESIAN_POINT ( 'NONE',  ( 226.8779909870139306, 342.0977224301678916, -10.13079312556145339 ) ) ;
#1623 = CARTESIAN_POINT ( 'NONE',  ( 226.5954129722693722, 336.2888233359443007, -21.34910404815460438 ) ) ;
#1624 = LINE ( 'NONE', #815, #1137 ) ;
#1625 = EDGE_CURVE ( 'NONE', #2038, #375, #1515, .T. ) ;
#1626 = EDGE_CURVE ( 'NONE', #1522, #723, #419, .T. ) ;
#1627 = CARTESIAN_POINT ( 'NONE',  ( 226.7771236859599355, 337.2877877451405766, -5.677154946915131895 ) ) ;
#1628 = CARTESIAN_POINT ( 'NONE',  ( 228.0954129722693722, 336.2888233359443007, -11.34256363923531730 ) ) ;
#1629 = FACE_OUTER_BOUND ( 'NONE', #606, .T. ) ;
#1630 = AXIS2_PLACEMENT_3D ( 'NONE', #2297, #1194, #87 ) ;
#1631 = ORIENTED_EDGE ( 'NONE', *, *, #1718, .T. ) ;
#1632 = EDGE_LOOP ( 'NONE', ( #696, #1297 ) ) ;
#1633 = VERTEX_POINT ( 'NONE', #724 ) ;
#1634 = CARTESIAN_POINT ( 'NONE',  ( 226.5954129722693438, 345.7849399517849633, 0.000000000000000000 ) ) ;
#1635 = DIRECTION ( 'NONE',  ( 0.000000000000000000, -1.000000000000000000, 0.000000000000000000 ) ) ;
#1636 = ADVANCED_FACE ( 'NONE', ( #479 ), #1800, .F. ) ;
#1637 = ORIENTED_EDGE ( 'NONE', *, *, #492, .T. ) ;
#1638 = CARTESIAN_POINT ( 'NONE',  ( 223.5954129722693438, 355.4497237047669955, -67.99999999999998579 ) ) ;
#1639 = DIRECTION ( 'NONE',  ( 0.000000000000000000, 7.023455926009651916E-15, 1.000000000000000000 ) ) ;
#1640 = EDGE_LOOP ( 'NONE', ( #294, #1812, #1303, #223 ) ) ;
#1641 = EDGE_CURVE ( 'NONE', #2318, #1450, #1284, .T. ) ;
#1642 = DIRECTION ( 'NONE',  ( -1.000000000000000000, 0.000000000000000000, 0.000000000000000000 ) ) ;
#1643 = CARTESIAN_POINT ( 'NONE',  ( 225.5954129722693722, 325.1150252041000499, -23.06188681941315366 ) ) ;
#1644 = PRODUCT_RELATED_PRODUCT_CATEGORY ( 'part', '', ( #865 ) ) ;
#1645 = TOROIDAL_SURFACE ( 'NONE', #111, 23.75396280970192109, 2.500000000000000000 ) ;
#1646 = CARTESIAN_POINT ( 'NONE',  ( 211.5954129722693722, 345.3805281306396751, -63.50000000000000000 ) ) ;
#1647 = DIRECTION ( 'NONE',  ( 0.000000000000000000, 0.000000000000000000, 1.000000000000000000 ) ) ;
#1648 = LINE ( 'NONE', #1755, #1167 ) ;
#1649 = CARTESIAN_POINT ( 'NONE',  ( 224.6753569234131191, 356.1838347695257880, -66.05375101542414029 ) ) ;
#1650 = EDGE_CURVE ( 'NONE', #1008, #1093, #672, .T. ) ;
#1651 = CIRCLE ( 'NONE', #1368, 21.65941180664838228 ) ;
#1652 = DIRECTION ( 'NONE',  ( -1.000000000000000000, 0.000000000000000000, 0.000000000000000000 ) ) ;
#1653 = AXIS2_PLACEMENT_3D ( 'NONE', #500, #2340, #1230 ) ;
#1654 = CARTESIAN_POINT ( 'NONE',  ( 227.9120260244018539, 336.2888233359443575, -31.82622297595710137 ) ) ;
#1655 = LINE ( 'NONE', #2047, #1176 ) ;
#1656 = CARTESIAN_POINT ( 'NONE',  ( 223.5954129722693722, 355.4497237047669955, -66.50000000000000000 ) ) ;
#1657 = DIRECTION ( 'NONE',  ( 0.000000000000000000, 0.000000000000000000, -1.000000000000000000 ) ) ;
#1658 = ORIENTED_EDGE ( 'NONE', *, *, #1585, .F. ) ;
#1659 = ORIENTED_EDGE ( 'NONE', *, *, #2219, .F. ) ;
#1660 = CARTESIAN_POINT ( 'NONE',  ( 228.0954129722694574, 346.3059744993922777, -32.27768093312794662 ) ) ;
#1661 = VERTEX_POINT ( 'NONE', #15 ) ;
#1662 = ORIENTED_EDGE ( 'NONE', *, *, #351, .T. ) ;
#1663 = DIRECTION ( 'NONE',  ( 0.000000000000000000, 0.000000000000000000, -1.000000000000000000 ) ) ;
#1664 = CARTESIAN_POINT ( 'NONE',  ( 224.5954129722693722, 356.2888233359443007, -70.00000000000000000 ) ) ;
#1665 = CARTESIAN_POINT ( 'NONE',  ( 228.0899021475515553, 346.8510717509395818, -33.10881869320824933 ) ) ;
#1666 = DIRECTION ( 'NONE',  ( 0.000000000000000000, 0.000000000000000000, -1.000000000000000000 ) ) ;
#1667 = ORIENTED_EDGE ( 'NONE', *, *, #1669, .F. ) ;
#1668 = CARTESIAN_POINT ( 'NONE',  ( 227.0239844008407886, 339.3978440188001855, 0.000000000000000000 ) ) ;
#1669 = EDGE_CURVE ( 'NONE', #695, #92, #1570, .T. ) ;
#1670 = CLOSED_SHELL ( 'NONE', ( #596, #1553, #2006, #600, #1636, #420, #1743, #1391, #1991, #2384, #289, #1184, #1736, #1565, #725, #1254, #869, #1962, #1224, #456, #521, #298, #237, #1708, #1468, #1917, #862, #971, #309, #651, #1340, #823, #1162, #126, #2271, #1704, #1824, #903, #1400, #2087, #987, #676, #709, #441, #635, #2302, #1272, #1461, #848, #1169, #1935, #542, #246, #1370, #475, #1750, #1088, #2209, #1764, #88, #614, #1047, #1903, #1357, #2310, #2024 ) ) ;
#1671 = CARTESIAN_POINT ( 'NONE',  ( 227.3505758014643447, 336.2888233359443007, -32.72848524777003121 ) ) ;
#1672 = DIRECTION ( 'NONE',  ( 0.7660444431189782355, 0.6427876096865390299, 0.000000000000000000 ) ) ;
#1673 = AXIS2_PLACEMENT_3D ( 'NONE', #564, #2051, #1110 ) ;
#1674 =( NAMED_UNIT ( * ) SI_UNIT ( $, .STERADIAN. ) SOLID_ANGLE_UNIT ( ) );
#1675 = LINE ( 'NONE', #1459, #7 ) ;
#1676 = DIRECTION ( 'NONE',  ( 0.000000000000000000, -1.220699506063414858E-14, -1.000000000000000000 ) ) ;
#1677 = LINE ( 'NONE', #574, #820 ) ;
#1678 =( BOUNDED_CURVE ( )  B_SPLINE_CURVE ( 3, ( #620, #609, #431, #1519 ),
 .UNSPECIFIED., .F., .F. ) 
 B_SPLINE_CURVE_WITH_KNOTS ( ( 4, 4 ),
 ( 1.570796326794896558, 2.081135293121662233 ),
 .UNSPECIFIED. ) 
 CURVE ( )  GEOMETRIC_REPRESENTATION_ITEM ( )  RATIONAL_B_SPLINE_CURVE ( ( 1.000000000000000000, 0.9784136869607555909, 0.9784136869607555909, 1.000000000000000000 ) ) 
 REPRESENTATION_ITEM ( '' )  );
#1679 = CARTESIAN_POINT ( 'NONE',  ( 206.2417802713889046, 340.8882969058722665, -70.00000000000000000 ) ) ;
#1680 = DIRECTION ( 'NONE',  ( 0.000000000000000000, -1.000000000000000000, 0.000000000000000000 ) ) ;
#1681 = CARTESIAN_POINT ( 'NONE',  ( 234.5954129722693722, 356.2888233359443007, -11.34256363923531730 ) ) ;
#1682 = LINE ( 'NONE', #76, #1543 ) ;
#1683 = CARTESIAN_POINT ( 'NONE',  ( 225.3233534408017817, 356.2888233359443007, -60.00000000000000711 ) ) ;
#1684 = CARTESIAN_POINT ( 'NONE',  ( 206.2417802713889046, 340.8882969058722665, -60.00000000000000711 ) ) ;
#1685 = EDGE_CURVE ( 'NONE', #978, #2137, #1828, .T. ) ;
#1686 = CIRCLE ( 'NONE', #1924, 26.01810819335157632 ) ;
#1687 = CARTESIAN_POINT ( 'NONE',  ( 227.7342020712102624, 345.6979312865980773, -31.35131835071764428 ) ) ;
#1688 = ORIENTED_EDGE ( 'NONE', *, *, #1122, .F. ) ;
#1689 = CARTESIAN_POINT ( 'NONE',  ( 207.5273554907619769, 339.3562080196342663, -60.00000000000000711 ) ) ;
#1690 = ORIENTED_EDGE ( 'NONE', *, *, #67, .F. ) ;
#1691 = CARTESIAN_POINT ( 'NONE',  ( 226.9410122854962708, 349.9594728346697821, -30.25046182040403409 ) ) ;
#1692 = ORIENTED_EDGE ( 'NONE', *, *, #1187, .F. ) ;
#1693 = DIRECTION ( 'NONE',  ( 0.000000000000000000, -1.000000000000000000, 0.000000000000000000 ) ) ;
#1694 = CARTESIAN_POINT ( 'NONE',  ( 228.0954129722693722, 345.0451578416335110, -10.13746953216089075 ) ) ;
#1695 = ORIENTED_EDGE ( 'NONE', *, *, #1291, .F. ) ;
#1696 = ORIENTED_EDGE ( 'NONE', *, *, #994, .T. ) ;
#1697 = CARTESIAN_POINT ( 'NONE',  ( 227.0239844008408170, 336.2888233359443007, -46.32290207286148842 ) ) ;
#1698 = VERTEX_POINT ( 'NONE', #23 ) ;
#1699 = EDGE_CURVE ( 'NONE', #527, #569, #1586, .T. ) ;
#1700 = CARTESIAN_POINT ( 'NONE',  ( 227.5954129722693722, 325.0003863286152068, 3.000233278950703575 ) ) ;
#1701 = VERTEX_POINT ( 'NONE', #1104 ) ;
#1702 = CARTESIAN_POINT ( 'NONE',  ( 227.3510845185422511, 336.2888233359443575, -41.67256042020669327 ) ) ;
#1703 = AXIS2_PLACEMENT_3D ( 'NONE', #2170, #1615, #1803 ) ;
#1704 = ADVANCED_FACE ( 'NONE', ( #1312 ), #1880, .F. ) ;
#1705 = CARTESIAN_POINT ( 'NONE',  ( 228.0947605221816445, 346.3407466195591837, -32.98947276865434475 ) ) ;
#1706 = CARTESIAN_POINT ( 'NONE',  ( 227.0239844008402201, 349.8781660347934803, -30.32242753699242144 ) ) ;
#1707 = DIRECTION ( 'NONE',  ( 0.000000000000000000, -0.7629510788408797595, -0.6464562253513670420 ) ) ;
#1708 = ADVANCED_FACE ( 'NONE', ( #1196 ), #358, .F. ) ;
#1709 = LINE ( 'NONE', #963, #1774 ) ;
#1710 = AXIS2_PLACEMENT_3D ( 'NONE', #1139, #1128, #180 ) ;
#1711 = APPLICATION_CONTEXT ( 'automotive_design' ) ;
#1712 = TOROIDAL_SURFACE ( 'NONE', #1877, 23.96647867673098276, 2.500000000000000000 ) ;
#1713 = DIRECTION ( 'NONE',  ( -1.000000000000000000, 0.000000000000000000, 0.000000000000000000 ) ) ;
#1714 = VECTOR ( 'NONE', #2196, 1000.000000000000114 ) ;
#1715 = CARTESIAN_POINT ( 'NONE',  ( 227.2311552564802923, 349.6751532608007551, -30.50211680995970553 ) ) ;
#1716 = CARTESIAN_POINT ( 'NONE',  ( 226.5954129722693722, 348.0432830614715840, -10.14517083124035146 ) ) ;
#1717 = DIRECTION ( 'NONE',  ( 0.000000000000000000, 0.000000000000000000, 1.000000000000000000 ) ) ;
#1718 = EDGE_CURVE ( 'NONE', #1661, #2391, #1677, .T. ) ;
#1719 = LINE ( 'NONE', #960, #163 ) ;
#1720 = LINE ( 'NONE', #395, #1207 ) ;
#1721 = EDGE_CURVE ( 'NONE', #1209, #744, #477, .T. ) ;
#1722 = ORIENTED_EDGE ( 'NONE', *, *, #2267, .T. ) ;
#1723 = ORIENTED_EDGE ( 'NONE', *, *, #206, .F. ) ;
#1724 = CARTESIAN_POINT ( 'NONE',  ( 229.5954129722693722, 356.2888233359443007, -65.00000000000000000 ) ) ;
#1725 = ORIENTED_EDGE ( 'NONE', *, *, #1451, .T. ) ;
#1726 = CARTESIAN_POINT ( 'NONE',  ( 229.5954129722693722, 356.2888233359443007, -62.00000000000000711 ) ) ;
#1727 = AXIS2_PLACEMENT_3D ( 'NONE', #514, #131, #127 ) ;
#1728 = ORIENTED_EDGE ( 'NONE', *, *, #1950, .T. ) ;
#1729 = VERTEX_POINT ( 'NONE', #2033 ) ;
#1730 = CARTESIAN_POINT ( 'NONE',  ( 223.5954129722693722, 355.4497237047669955, -63.50000000000000000 ) ) ;
#1731 = ORIENTED_EDGE ( 'NONE', *, *, #506, .T. ) ;
#1732 = DIRECTION ( 'NONE',  ( -0.000000000000000000, -1.000000000000000000, -0.000000000000000000 ) ) ;
#1733 = EDGE_LOOP ( 'NONE', ( #1496, #1579, #1412, #28 ) ) ;
#1734 = CARTESIAN_POINT ( 'NONE',  ( 227.0239844008447392, 344.6031635903752885, -14.10745731874932041 ) ) ;
#1735 = CARTESIAN_POINT ( 'NONE',  ( 227.3505071109698008, 356.2888233359443007, -28.51016816808045107 ) ) ;
#1736 = ADVANCED_FACE ( 'NONE', ( #735 ), #949, .T. ) ;
#1737 = EDGE_CURVE ( 'NONE', #1840, #2338, #305, .T. ) ;
#1738 = DIRECTION ( 'NONE',  ( 0.000000000000000000, 0.000000000000000000, 1.000000000000000000 ) ) ;
#1739 = CARTESIAN_POINT ( 'NONE',  ( 227.0239844008408454, 325.1150252041000499, -23.06188681941315366 ) ) ;
#1740 = DIRECTION ( 'NONE',  ( 0.000000000000000000, 0.000000000000000000, 1.000000000000000000 ) ) ;
#1741 = AXIS2_PLACEMENT_3D ( 'NONE', #2212, #554, #2238 ) ;
#1742 = CIRCLE ( 'NONE', #95, 27.23488110224250391 ) ;
#1743 = ADVANCED_FACE ( 'NONE', ( #2237 ), #2240, .T. ) ;
#1744 = DIRECTION ( 'NONE',  ( 0.000000000000000000, -1.000000000000000000, 0.000000000000000000 ) ) ;
#1745 = CIRCLE ( 'NONE', #1141, 2.999999999999988898 ) ;
#1746 = PLANE ( 'NONE',  #314 ) ;
#1747 = CARTESIAN_POINT ( 'NONE',  ( 227.7203438935691793, 347.1773406114182876, -0.000000000000000000 ) ) ;
#1748 = CIRCLE ( 'NONE', #1313, 24.10716242551150756 ) ;
#1749 = CARTESIAN_POINT ( 'NONE',  ( 217.5954129722693722, 350.4151259177033353, -67.99999999999998579 ) ) ;
#1750 = ADVANCED_FACE ( 'NONE', ( #1084 ), #702, .F. ) ;
#1751 = FACE_BOUND ( 'NONE', #1417, .T. ) ;
#1752 = DIRECTION ( 'NONE',  ( 1.000000000000000000, -0.000000000000000000, -0.000000000000000000 ) ) ;
#1753 = EDGE_CURVE ( 'NONE', #2018, #2367, #312, .T. ) ;
#1754 = ORIENTED_EDGE ( 'NONE', *, *, #408, .T. ) ;
#1755 = CARTESIAN_POINT ( 'NONE',  ( 226.5954129722693722, 328.5709854491009878, -55.11259733364617119 ) ) ;
#1756 = EDGE_CURVE ( 'NONE', #742, #79, #1225, .T. ) ;
#1757 = ORIENTED_EDGE ( 'NONE', *, *, #1479, .T. ) ;
#1758 = ORIENTED_EDGE ( 'NONE', *, *, #102, .T. ) ;
#1759 = DIRECTION ( 'NONE',  ( -1.000000000000000000, 0.000000000000000000, 0.000000000000000000 ) ) ;
#1760 = B_SPLINE_CURVE_WITH_KNOTS ( 'NONE', 3,
 ( #287, #472, #465, #1191, #1572, #2143, #1762, #653, #843, #1027 ),
 .UNSPECIFIED., .F., .F.,
 ( 4, 2, 2, 2, 4 ),
 ( 1.684111863762029217E-16, 0.0006663062757002506881, 0.001332612551400333108, 0.001998918827100415203, 0.002665225102800497514 ),
 .UNSPECIFIED. ) ;
#1761 = EDGE_LOOP ( 'NONE', ( #324, #58 ) ) ;
#1762 = CARTESIAN_POINT ( 'NONE',  ( 227.9800004942848091, 336.2888233359443575, -16.96437193708877800 ) ) ;
#1763 = AXIS2_PLACEMENT_3D ( 'NONE', #159, #2387, #1087 ) ;
#1764 = ADVANCED_FACE ( 'NONE', ( #955 ), #2263, .F. ) ;
#1765 = CARTESIAN_POINT ( 'NONE',  ( 226.5954129722693438, 336.2888233359442438, -14.70042023580631785 ) ) ;
#1766 = ORIENTED_EDGE ( 'NONE', *, *, #641, .F. ) ;
#1767 = CARTESIAN_POINT ( 'NONE',  ( 205.5273554907619769, 339.3562080196342663, -70.00000000000000000 ) ) ;
#1768 = CARTESIAN_POINT ( 'NONE',  ( 234.5954129722693722, 356.2888233359443007, -60.00000000000000711 ) ) ;
#1769 = CARTESIAN_POINT ( 'NONE',  ( 228.0954129722693722, 336.2888233359442438, -44.24427126351901762 ) ) ;
#1770 = DIRECTION ( 'NONE',  ( -1.000000000000000000, 0.000000000000000000, 0.000000000000000000 ) ) ;
#1771 = EDGE_CURVE ( 'NONE', #1358, #146, #1745, .T. ) ;
#1772 = CARTESIAN_POINT ( 'NONE',  ( 226.7214271909911076, 344.5388772936736927, -5.559136155344574171 ) ) ;
#1773 = CARTESIAN_POINT ( 'NONE',  ( 228.0497072060271933, 344.1542610272389879, -10.13534378076171372 ) ) ;
#1774 = VECTOR ( 'NONE', #976, 1000.000000000000000 ) ;
#1775 = DIRECTION ( 'NONE',  ( -0.000000000000000000, -1.000000000000000000, -0.000000000000000000 ) ) ;
#1776 = LINE ( 'NONE', #1681, #307 ) ;
#1777 = CARTESIAN_POINT ( 'NONE',  ( 228.0954129722694290, 336.2888233359443575, -30.27757880075001751 ) ) ;
#1778 = FACE_OUTER_BOUND ( 'NONE', #1846, .T. ) ;
#1779 = AXIS2_PLACEMENT_3D ( 'NONE', #1349, #1542, #2273 ) ;
#1780 = DIRECTION ( 'NONE',  ( 0.000000000000000000, -1.000000000000000000, 0.000000000000000000 ) ) ;
#1781 = VECTOR ( 'NONE', #1775, 1000.000000000000000 ) ;
#1782 = DIRECTION ( 'NONE',  ( -0.000000000000000000, -0.000000000000000000, -1.000000000000000000 ) ) ;
#1783 = ORIENTED_EDGE ( 'NONE', *, *, #780, .T. ) ;
#1784 = ORIENTED_EDGE ( 'NONE', *, *, #981, .F. ) ;
#1785 = CARTESIAN_POINT ( 'NONE',  ( 229.5954129722693722, 353.2888233359443007, -65.00000000000000000 ) ) ;
#1786 = ORIENTED_EDGE ( 'NONE', *, *, #65, .T. ) ;
#1787 = ORIENTED_EDGE ( 'NONE', *, *, #2043, .F. ) ;
#1788 = EDGE_CURVE ( 'NONE', #1926, #1554, #1805, .T. ) ;
#1789 = VERTEX_POINT ( 'NONE', #1511 ) ;
#1790 = CARTESIAN_POINT ( 'NONE',  ( 226.5954129722693722, 337.1731364785212008, -6.327374590889833783 ) ) ;
#1791 = ORIENTED_EDGE ( 'NONE', *, *, #1753, .F. ) ;
#1792 = VERTEX_POINT ( 'NONE', #787 ) ;
#1793 = B_SPLINE_CURVE_WITH_KNOTS ( 'NONE', 3,
 ( #1889, #1372, #813, #260, #2095, #2275, #2082, #270, #1168, #440 ),
 .UNSPECIFIED., .F., .F.,
 ( 4, 2, 2, 2, 4 ),
 ( 0.000000000000000000, 0.0006529838560800422425, 0.001305967712160084485, 0.001958951568240126836, 0.002611935424320168970 ),
 .UNSPECIFIED. ) ;
#1794 = ORIENTED_EDGE ( 'NONE', *, *, #1844, .F. ) ;
#1795 = CARTESIAN_POINT ( 'NONE',  ( 228.0954129722693722, 346.2888233359443007, -8.560921364731157723 ) ) ;
#1796 = DIRECTION ( 'NONE',  ( -0.000000000000000000, 0.1736481776669319688, -0.9848077530122076872 ) ) ;
#1797 = CARTESIAN_POINT ( 'NONE',  ( 226.5954129722693153, 336.2888233359442438, -27.38258621153596906 ) ) ;
#1798 = CARTESIAN_POINT ( 'NONE',  ( 227.9147272614368944, 336.2888233359443575, -45.09921396946427308 ) ) ;
#1799 = CYLINDRICAL_SURFACE ( 'NONE', #466, 1.000000000000013323 ) ;
#1800 = CYLINDRICAL_SURFACE ( 'NONE', #2304, 1.500000000000001332 ) ;
#1801 = CARTESIAN_POINT ( 'NONE',  ( 227.7569047934335345, 344.7935878060798132, -7.575721875583754539 ) ) ;
#1802 = FACE_OUTER_BOUND ( 'NONE', #1733, .T. ) ;
#1803 = DIRECTION ( 'NONE',  ( 0.000000000000000000, 0.000000000000000000, 1.000000000000000000 ) ) ;
#1804 = DIRECTION ( 'NONE',  ( 0.000000000000000000, -1.000000000000000000, 0.000000000000000000 ) ) ;
#1805 = B_SPLINE_CURVE_WITH_KNOTS ( 'NONE', 3,
 ( #48, #1716, #586, #1876 ),
 .UNSPECIFIED., .F., .F.,
 ( 4, 4 ),
 ( -6.854971742931944398E-06, 0.001060092605435948880 ),
 .UNSPECIFIED. ) ;
#1806 = AXIS2_PLACEMENT_3D ( 'NONE', #2139, #318, #872 ) ;
#1807 = FACE_OUTER_BOUND ( 'NONE', #373, .T. ) ;
#1808 = CARTESIAN_POINT ( 'NONE',  ( 226.5954129722693722, 356.2888233359443007, -33.89348437468508024 ) ) ;
#1809 = TOROIDAL_SURFACE ( 'NONE', #1493, 26.62624413297093184, 1.000000000000000000 ) ;
#1810 = CARTESIAN_POINT ( 'NONE',  ( 226.7825232571907463, 346.2321928494644112, -0.000000000000000000 ) ) ;
#1811 = CARTESIAN_POINT ( 'NONE',  ( 229.5954129722693722, 364.7741047101828258, -65.00000000000000000 ) ) ;
#1812 = ORIENTED_EDGE ( 'NONE', *, *, #2375, .T. ) ;
#1813 = CARTESIAN_POINT ( 'NONE',  ( 228.0954129722693722, 337.0660490767180590, -6.934697425846033880 ) ) ;
#1814 = VERTEX_POINT ( 'NONE', #739 ) ;
#1815 = ORIENTED_EDGE ( 'NONE', *, *, #1699, .T. ) ;
#1816 = EDGE_CURVE ( 'NONE', #1926, #144, #1342, .T. ) ;
#1817 = VERTEX_POINT ( 'NONE', #406 ) ;
#1818 = CARTESIAN_POINT ( 'NONE',  ( 226.5954129722693722, 345.6220380231201261, 0.000000000000000000 ) ) ;
#1819 = EDGE_LOOP ( 'NONE', ( #871, #633, #2016, #1786 ) ) ;
#1820 = DIRECTION ( 'NONE',  ( 0.000000000000000000, -1.000000000000000000, 0.000000000000000000 ) ) ;
#1821 = DIRECTION ( 'NONE',  ( 0.000000000000000000, 0.000000000000000000, 1.000000000000000000 ) ) ;
#1822 = B_SPLINE_CURVE_WITH_KNOTS ( 'NONE', 3,
 ( #1065, #1280, #1810, #172, #1634, #1818 ),
 .UNSPECIFIED., .F., .F.,
 ( 4, 2, 4 ),
 ( 0.0006063099788913507617, 0.001088187665552345883, 0.001570065352213340787 ),
 .UNSPECIFIED. ) ;
#1823 = PRODUCT_DEFINITION ( 'UNKNOWN', '', #1253, #1432 ) ;
#1824 = ADVANCED_FACE ( 'NONE', ( #2203 ), #1344, .F. ) ;
#1825 = CARTESIAN_POINT ( 'NONE',  ( 206.2417802713889046, 340.8882969058722665, -70.00000000000000000 ) ) ;
#1826 = LINE ( 'NONE', #2390, #1310 ) ;
#1827 = CARTESIAN_POINT ( 'NONE',  ( 225.5954129722693722, 325.0003863286152068, 3.000233278950703575 ) ) ;
#1828 = CIRCLE ( 'NONE', #896, 26.83875999999999706 ) ;
#1829 = EDGE_CURVE ( 'NONE', #748, #141, #1959, .T. ) ;
#1830 = EDGE_CURVE ( 'NONE', #1701, #1093, #183, .T. ) ;
#1831 = CARTESIAN_POINT ( 'NONE',  ( 226.5954129722693722, 336.2888233359443007, -33.89348437468508024 ) ) ;
#1832 = TOROIDAL_SURFACE ( 'NONE', #342, 26.83875999999999706, 1.000000000000000000 ) ;
#1833 = CARTESIAN_POINT ( 'NONE',  ( 228.0725604975571628, 356.2888233359443007, -31.20453029047620674 ) ) ;
#1834 = CARTESIAN_POINT ( 'NONE',  ( 205.5273554907619769, 340.2888233359443007, -70.00000000000000000 ) ) ;
#1835 = AXIS2_PLACEMENT_3D ( 'NONE', #941, #579, #1867 ) ;
#1836 = ORIENTED_EDGE ( 'NONE', *, *, #1108, .F. ) ;
#1837 = ORIENTED_EDGE ( 'NONE', *, *, #945, .T. ) ;
#1838 = CARTESIAN_POINT ( 'NONE',  ( 227.5954129722693722, 325.0003863286152068, 3.000233278950703575 ) ) ;
#1839 = EDGE_LOOP ( 'NONE', ( #2308, #546, #1401, #46 ) ) ;
#1840 = VERTEX_POINT ( 'NONE', #1726 ) ;
#1841 = VERTEX_POINT ( 'NONE', #1901 ) ;
#1842 = DIRECTION ( 'NONE',  ( 0.000000000000000000, 0.000000000000000000, 1.000000000000000000 ) ) ;
#1843 = ORIENTED_EDGE ( 'NONE', *, *, #408, .F. ) ;
#1844 = EDGE_CURVE ( 'NONE', #687, #1633, #1709, .T. ) ;
#1845 = CARTESIAN_POINT ( 'NONE',  ( 228.0954129722693722, 346.2888233359443007, -8.560921364731157723 ) ) ;
#1846 = EDGE_LOOP ( 'NONE', ( #655, #2225, #1690, #550 ) ) ;
#1847 = VERTEX_POINT ( 'NONE', #1337 ) ;
#1848 = AXIS2_PLACEMENT_3D ( 'NONE', #1996, #336, #158 ) ;
#1849 = CARTESIAN_POINT ( 'NONE',  ( 228.0954129722693722, 325.0003863286152068, 3.000233278950703575 ) ) ;
#1850 = CARTESIAN_POINT ( 'NONE',  ( 211.5954129722693722, 356.2888233359443007, -63.50000000000000000 ) ) ;
#1851 = CARTESIAN_POINT ( 'NONE',  ( 228.0954129722693722, 336.2888233359443007, -30.77659754148614724 ) ) ;
#1852 = CARTESIAN_POINT ( 'NONE',  ( 223.5954129722693722, 355.4497237047669955, -63.50000000000000000 ) ) ;
#1853 = DIRECTION ( 'NONE',  ( -1.000000000000000000, 0.000000000000000000, 0.000000000000000000 ) ) ;
#1854 = EDGE_CURVE ( 'NONE', #320, #1847, #277, .T. ) ;
#1855 = VECTOR ( 'NONE', #1531, 1000.000000000000000 ) ;
#1856 = CARTESIAN_POINT ( 'NONE',  ( 227.5993265789743134, 338.7323095481895052, 8.673617379884035472E-16 ) ) ;
#1857 = CYLINDRICAL_SURFACE ( 'NONE', #1126, 2.999999999999988898 ) ;
#1858 =( BOUNDED_CURVE ( )  B_SPLINE_CURVE ( 3, ( #1021, #2349, #1239, #1031 ),
 .UNSPECIFIED., .F., .F. ) 
 B_SPLINE_CURVE_WITH_KNOTS ( ( 4, 4 ),
 ( 4.712388980384689674, 7.853981633974482790 ),
 .UNSPECIFIED. ) 
 CURVE ( )  GEOMETRIC_REPRESENTATION_ITEM ( )  RATIONAL_B_SPLINE_CURVE ( ( 1.000000000000000000, 0.3333333333333333703, 0.3333333333333333703, 1.000000000000000000 ) ) 
 REPRESENTATION_ITEM ( '' )  );
#1859 = AXIS2_PLACEMENT_3D ( 'NONE', #1689, #1159, #2269 ) ;
#1860 = CARTESIAN_POINT ( 'NONE',  ( 227.0239844008416128, 356.2888233359443007, -28.21916472204031123 ) ) ;
#1861 = CARTESIAN_POINT ( 'NONE',  ( 227.0239844008403054, 336.2888233359443007, -41.36804919041914275 ) ) ;
#1862 = ORIENTED_EDGE ( 'NONE', *, *, #701, .T. ) ;
#1863 = EDGE_LOOP ( 'NONE', ( #434, #1466, #2251, #1998 ) ) ;
#1864 = ORIENTED_EDGE ( 'NONE', *, *, #1641, .T. ) ;
#1865 = CARTESIAN_POINT ( 'NONE',  ( 227.9364223965537803, 348.2089095928351981, -31.69193821656378418 ) ) ;
#1866 = ORIENTED_EDGE ( 'NONE', *, *, #1122, .T. ) ;
#1867 = DIRECTION ( 'NONE',  ( 0.000000000000000000, -0.7629510788408750965, -0.6464562253513725931 ) ) ;
#1868 = CARTESIAN_POINT ( 'NONE',  ( 225.5954129722693722, 325.0003863286152068, 3.000233278950703575 ) ) ;
#1869 = EDGE_CURVE ( 'NONE', #2133, #1008, #790, .T. ) ;
#1870 = ORIENTED_EDGE ( 'NONE', *, *, #1582, .T. ) ;
#1871 = SURFACE_STYLE_USAGE ( .BOTH. , #1154 ) ;
#1872 = EDGE_LOOP ( 'NONE', ( #123, #2011 ) ) ;
#1873 = DIRECTION ( 'NONE',  ( 0.000000000000000000, 0.000000000000000000, 1.000000000000000000 ) ) ;
#1874 = AXIS2_PLACEMENT_3D ( 'NONE', #12, #1308, #2064 ) ;
#1875 = CARTESIAN_POINT ( 'NONE',  ( 226.6329972384729956, 336.2888233359442438, -46.88312711737911087 ) ) ;
#1876 = CARTESIAN_POINT ( 'NONE',  ( 227.0239844008407317, 347.4543739327846197, -10.14360157366230020 ) ) ;
#1877 = AXIS2_PLACEMENT_3D ( 'NONE', #1868, #819, #1569 ) ;
#1878 = CARTESIAN_POINT ( 'NONE',  ( 228.0954129722693722, 346.2888233359443007, -8.560921364731157723 ) ) ;
#1879 = CARTESIAN_POINT ( 'NONE',  ( 227.0239844008407317, 347.4543739327846197, -10.14360157366230020 ) ) ;
#1880 = CYLINDRICAL_SURFACE ( 'NONE', #1710, 2.999999999999988898 ) ;
#1881 = CARTESIAN_POINT ( 'NONE',  ( 227.0239844008408170, 336.2888233359443007, -46.32290207286148842 ) ) ;
#1882 = LINE ( 'NONE', #1379, #991 ) ;
#1883 = CARTESIAN_POINT ( 'NONE',  ( 234.5954129722693722, 336.2888233359443007, -60.00000000000000711 ) ) ;
#1884 = TOROIDAL_SURFACE ( 'NONE', #1987, 24.10716242551150756, 2.500000000000000000 ) ;
#1885 = DIRECTION ( 'NONE',  ( -1.000000000000000000, -0.000000000000000000, -0.000000000000000000 ) ) ;
#1886 = FILL_AREA_STYLE_COLOUR ( '', #2173 ) ;
#1887 = EDGE_CURVE ( 'NONE', #1792, #368, #242, .T. ) ;
#1888 = FACE_OUTER_BOUND ( 'NONE', #1863, .T. ) ;
#1889 = CARTESIAN_POINT ( 'NONE',  ( 228.0954129722693722, 336.2888233359442438, -18.14127305559806302 ) ) ;
#1890 = ORIENTED_EDGE ( 'NONE', *, *, #945, .F. ) ;
#1891 = CARTESIAN_POINT ( 'NONE',  ( 227.0239844008407601, 344.6238120787136268, -6.167715326945261367 ) ) ;
#1892 = ORIENTED_EDGE ( 'NONE', *, *, #736, .T. ) ;
#1893 = ORIENTED_EDGE ( 'NONE', *, *, #844, .T. ) ;
#1894 = VERTEX_POINT ( 'NONE', #791 ) ;
#1895 = DIRECTION ( 'NONE',  ( 0.000000000000000000, 0.000000000000000000, 1.000000000000000000 ) ) ;
#1896 = CARTESIAN_POINT ( 'NONE',  ( 228.0899349902187225, 345.2730125768241578, -10.13802569284665545 ) ) ;
#1897 = AXIS2_PLACEMENT_3D ( 'NONE', #300, #1580, #2099 ) ;
#1898 = EDGE_LOOP ( 'NONE', ( #893, #1394, #288, #1352 ) ) ;
#1899 = ORIENTED_EDGE ( 'NONE', *, *, #121, .T. ) ;
#1900 = ORIENTED_EDGE ( 'NONE', *, *, #1361, .T. ) ;
#1901 = CARTESIAN_POINT ( 'NONE',  ( 227.0239844008400212, 356.2888233359443007, -33.00906054300494930 ) ) ;
#1902 = DIRECTION ( 'NONE',  ( -0.000000000000000000, -1.000000000000000000, -0.000000000000000000 ) ) ;
#1903 = ADVANCED_FACE ( 'NONE', ( #211 ), #1645, .F. ) ;
#1904 = EDGE_CURVE ( 'NONE', #2018, #1003, #1624, .T. ) ;
#1905 = DIRECTION ( 'NONE',  ( -0.000000000000000000, 1.000000000000000000, -0.000000000000000000 ) ) ;
#1906 = CARTESIAN_POINT ( 'NONE',  ( 227.3573495612180579, 347.1461752474702962, -10.14278746508780493 ) ) ;
#1907 = ORIENTED_EDGE ( 'NONE', *, *, #1341, .T. ) ;
#1908 = CARTESIAN_POINT ( 'NONE',  ( 227.6418549700104279, 344.0961973903034732, -34.28199907153470605 ) ) ;
#1909 = CARTESIAN_POINT ( 'NONE',  ( 227.0239844008407886, 339.3978440188001855, 0.000000000000000000 ) ) ;
#1910 = DIRECTION ( 'NONE',  ( 0.000000000000000000, 0.000000000000000000, 1.000000000000000000 ) ) ;
#1911 = CARTESIAN_POINT ( 'NONE',  ( 227.5954129722693722, 345.4295468908306930, -5.849185541928576093 ) ) ;
#1912 = VECTOR ( 'NONE', #751, 1000.000000000000000 ) ;
#1913 = STYLED_ITEM ( 'NONE', ( #1281 ), #2188 ) ;
#1914 = DIRECTION ( 'NONE',  ( -1.000000000000000000, 0.000000000000000000, 0.000000000000000000 ) ) ;
#1915 = LINE ( 'NONE', #1939, #1973 ) ;
#1916 = CARTESIAN_POINT ( 'NONE',  ( 224.0377782214287095, 355.8209122221822440, -63.56671252487988966 ) ) ;
#1917 = ADVANCED_FACE ( 'NONE', ( #2150 ), #536, .F. ) ;
#1918 = CIRCLE ( 'NONE', #1859, 2.000000000000001776 ) ;
#1919 = CARTESIAN_POINT ( 'NONE',  ( 228.0719793583445210, 356.2888233359443575, -30.06265903906859904 ) ) ;
#1920 = FACE_BOUND ( 'NONE', #718, .T. ) ;
#1921 = CARTESIAN_POINT ( 'NONE',  ( 228.0954129722693722, 356.2888233359443007, -30.49617336259964517 ) ) ;
#1922 = CIRCLE ( 'NONE', #1703, 23.96647867673098276 ) ;
#1923 = DIRECTION ( 'NONE',  ( 0.000000000000000000, -1.000000000000000000, 0.000000000000000000 ) ) ;
#1924 = AXIS2_PLACEMENT_3D ( 'NONE', #1045, #1226, #2309 ) ;
#1925 = CARTESIAN_POINT ( 'NONE',  ( 227.9749090053283567, 345.1896908122513423, -33.68764451397998982 ) ) ;
#1926 = VERTEX_POINT ( 'NONE', #1949 ) ;
#1927 = CARTESIAN_POINT ( 'NONE',  ( 226.5954129722693153, 344.3982189658943298, -15.33996382950475734 ) ) ;
#1928 = CARTESIAN_POINT ( 'NONE',  ( 226.5954129722693722, 356.2888233359443007, -11.34256363923533151 ) ) ;
#1929 = DIRECTION ( 'NONE',  ( 0.000000000000000000, 6.254485343937685631E-15, 1.000000000000000000 ) ) ;
#1930 = AXIS2_PLACEMENT_3D ( 'NONE', #1223, #124, #1415 ) ;
#1931 = ORIENTED_EDGE ( 'NONE', *, *, #1788, .T. ) ;
#1932 = CARTESIAN_POINT ( 'NONE',  ( 211.5954129722694006, 345.3805281306396751, -67.99999999999998579 ) ) ;
#1933 = ORIENTED_EDGE ( 'NONE', *, *, #2157, .F. ) ;
#1934 = PLANE ( 'NONE',  #105 ) ;
#1935 = ADVANCED_FACE ( 'NONE', ( #583 ), #386, .T. ) ;
#1936 = CARTESIAN_POINT ( 'NONE',  ( 226.5954129722693722, 344.3454616357153100, -15.60318306590989401 ) ) ;
#1937 = EDGE_CURVE ( 'NONE', #2338, #1240, #1255, .T. ) ;
#1938 = CARTESIAN_POINT ( 'NONE',  ( 217.5954129722693722, 350.4151259177033353, -67.99999999999998579 ) ) ;
#1939 = CARTESIAN_POINT ( 'NONE',  ( 226.5954129722693722, 356.2888233359443007, -55.00000000000000711 ) ) ;
#1940 = CARTESIAN_POINT ( 'NONE',  ( 226.7245926713480912, 344.5120662753150782, -14.69604155982342597 ) ) ;
#1941 = FACE_OUTER_BOUND ( 'NONE', #1898, .T. ) ;
#1942 = DIRECTION ( 'NONE',  ( 0.000000000000000000, -1.000000000000000000, 0.000000000000000000 ) ) ;
#1943 = CIRCLE ( 'NONE', #1513, 23.71104132326901137 ) ;
#1944 = CARTESIAN_POINT ( 'NONE',  ( 227.2219064350108795, 344.6576623748244401, -6.420851314512563413 ) ) ;
#1945 = CARTESIAN_POINT ( 'NONE',  ( 226.5954129722693722, 364.6097350149285603, -58.53279876690289285 ) ) ;
#1946 = CARTESIAN_POINT ( 'NONE',  ( 226.5954129722693722, 344.6332890426415361, -29.73116892185890237 ) ) ;
#1947 = CYLINDRICAL_SURFACE ( 'NONE', #563, 1.700000000000021050 ) ;
#1948 = CARTESIAN_POINT ( 'NONE',  ( 227.6138087924287277, 336.2888233359443007, -28.84856191544815829 ) ) ;
#1949 = CARTESIAN_POINT ( 'NONE',  ( 226.5954129722693722, 348.3989321514046651, -10.14613852913471526 ) ) ;
#1950 = EDGE_CURVE ( 'NONE', #1501, #2136, #1760, .T. ) ;
#1951 = EDGE_LOOP ( 'NONE', ( #1445, #2042, #2401, #19 ) ) ;
#1952 = ORIENTED_EDGE ( 'NONE', *, *, #981, .T. ) ;
#1953 = CARTESIAN_POINT ( 'NONE',  ( 226.6301440566985548, 336.2888233359443007, -14.87993407757734765 ) ) ;
#1954 = CARTESIAN_POINT ( 'NONE',  ( 227.9813809607005339, 343.8074926039939214, -10.13453795007362501 ) ) ;
#1955 = AXIS2_PLACEMENT_3D ( 'NONE', #1455, #1060, #1989 ) ;
#1956 = ORIENTED_EDGE ( 'NONE', *, *, #855, .F. ) ;
#1957 = ORIENTED_EDGE ( 'NONE', *, *, #733, .T. ) ;
#1958 = CARTESIAN_POINT ( 'NONE',  ( 228.0954129722693722, 336.2888233359443007, -30.77659754148614724 ) ) ;
#1959 = B_SPLINE_CURVE_WITH_KNOTS ( 'NONE', 3,
 ( #808, #2289, #1329, #219, #244, #234, #2076, #779, #1691, #1706 ),
 .UNSPECIFIED., .F., .F.,
 ( 4, 2, 2, 2, 4 ),
 ( -6.680111786805828163E-06, 0.0003996231603726702140, 0.0008059264325321462705, 0.001212229704691622327, 0.001618532976851098492 ),
 .UNSPECIFIED. ) ;
#1960 = VERTEX_POINT ( 'NONE', #109 ) ;
#1961 = ORIENTED_EDGE ( 'NONE', *, *, #2187, .F. ) ;
#1962 = ADVANCED_FACE ( 'NONE', ( #763 ), #1556, .F. ) ;
#1963 = CARTESIAN_POINT ( 'NONE',  ( 228.0729755095914584, 336.2888233359443007, -44.46112110664579831 ) ) ;
#1964 = AXIS2_PLACEMENT_3D ( 'NONE', #454, #1563, #2108 ) ;
#1965 = EDGE_LOOP ( 'NONE', ( #1957, #316, #1836, #2274 ) ) ;
#1966 = ORIENTED_EDGE ( 'NONE', *, *, #537, .F. ) ;
#1967 = VERTEX_POINT ( 'NONE', #1928 ) ;
#1968 = DIRECTION ( 'NONE',  ( -1.000000000000000000, 0.000000000000000000, 0.000000000000000000 ) ) ;
#1969 = EDGE_CURVE ( 'NONE', #2189, #687, #850, .T. ) ;
#1970 = CARTESIAN_POINT ( 'NONE',  ( 226.8895391293353896, 336.2888233359443007, -15.35881628456760772 ) ) ;
#1971 = CARTESIAN_POINT ( 'NONE',  ( 228.0667708610077398, 344.2704754151833413, -10.13561611717564759 ) ) ;
#1972 = VECTOR ( 'NONE', #1717, 1000.000000000000000 ) ;
#1973 = VECTOR ( 'NONE', #1693, 1000.000000000000000 ) ;
#1974 = CARTESIAN_POINT ( 'NONE',  ( 224.9140709395623503, 356.2604026645818749, -58.75051003537215877 ) ) ;
#1975 = VECTOR ( 'NONE', #1327, 1000.000000000000000 ) ;
#1976 = DIRECTION ( 'NONE',  ( 0.000000000000000000, 0.000000000000000000, 1.000000000000000000 ) ) ;
#1977 = COLOUR_RGB ( '',0.6470588235294117974, 0.6196078431372549211, 0.5882352941176470784 ) ;
#1978 = CARTESIAN_POINT ( 'NONE',  ( 228.0954129722694006, 344.6230340191999062, -10.13645144929327735 ) ) ;
#1979 = FACE_OUTER_BOUND ( 'NONE', #918, .T. ) ;
#1980 = CARTESIAN_POINT ( 'NONE',  ( 226.5954129722693722, 336.2888233359443007, -27.29378487852358859 ) ) ;
#1981 = ORIENTED_EDGE ( 'NONE', *, *, #826, .F. ) ;
#1982 = EDGE_CURVE ( 'NONE', #717, #203, #1023, .T. ) ;
#1983 = ORIENTED_EDGE ( 'NONE', *, *, #1626, .F. ) ;
#1984 = CARTESIAN_POINT ( 'NONE',  ( 223.7456553662926808, 355.5757920421792164, -63.50000000000000000 ) ) ;
#1985 = ORIENTED_EDGE ( 'NONE', *, *, #1324, .T. ) ;
#1986 = CARTESIAN_POINT ( 'NONE',  ( 228.0954129722693722, 346.5610319011562979, -32.66654690540151762 ) ) ;
#1987 = AXIS2_PLACEMENT_3D ( 'NONE', #2085, #1171, #1138 ) ;
#1988 = VERTEX_POINT ( 'NONE', #1408 ) ;
#1989 = DIRECTION ( 'NONE',  ( 0.000000000000000000, 0.000000000000000000, -1.000000000000000000 ) ) ;
#1990 = CARTESIAN_POINT ( 'NONE',  ( 226.6329853213902936, 336.2888233359442438, -21.00199314577509924 ) ) ;
#1991 = ADVANCED_FACE ( 'NONE', ( #1407 ), #1746, .T. ) ;
#1992 = B_SPLINE_CURVE_WITH_KNOTS ( 'NONE', 3,
 ( #1393, #101, #1919, #1028, #446, #83, #993, #1735, #1182, #73 ),
 .UNSPECIFIED., .F., .F.,
 ( 4, 2, 2, 2, 4 ),
 ( 0.000000000000000000, 0.0006470224607097800314, 0.001294044921419560063, 0.001941067382129340203, 0.002588089842839120126 ),
 .UNSPECIFIED. ) ;
#1993 = VERTEX_POINT ( 'NONE', #1234 ) ;
#1994 = DIRECTION ( 'NONE',  ( 0.000000000000000000, 0.000000000000000000, 1.000000000000000000 ) ) ;
#1995 = ORIENTED_EDGE ( 'NONE', *, *, #1505, .T. ) ;
#1996 = CARTESIAN_POINT ( 'NONE',  ( 227.0239844008408738, 346.2888233359443007, -8.560921364731157723 ) ) ;
#1997 = CARTESIAN_POINT ( 'NONE',  ( 227.9114268394694989, 356.2888233359443007, -31.82781045499350725 ) ) ;
#1998 = ORIENTED_EDGE ( 'NONE', *, *, #2236, .T. ) ;
#1999 = CARTESIAN_POINT ( 'NONE',  ( 228.0954129722693722, 348.5208472277057581, 0.000000000000000000 ) ) ;
#2000 = CARTESIAN_POINT ( 'NONE',  ( 229.5954129722693722, 356.2888233359443007, -67.99999999999998579 ) ) ;
#2001 = EDGE_CURVE ( 'NONE', #1554, #544, #643, .T. ) ;
#2002 = LINE ( 'NONE', #2215, #1912 ) ;
#2003 = AXIS2_PLACEMENT_3D ( 'NONE', #56, #1713, #1740 ) ;
#2004 = CARTESIAN_POINT ( 'NONE',  ( 227.0239844008408170, 337.3306855046966461, -5.433869663042847797 ) ) ;
#2005 = CARTESIAN_POINT ( 'NONE',  ( 228.0954129722693722, 346.7269806896499631, -32.91958073103933202 ) ) ;
#2006 = ADVANCED_FACE ( 'NONE', ( #1941 ), #905, .F. ) ;
#2007 = LINE ( 'NONE', #2010, #959 ) ;
#2008 = DIRECTION ( 'NONE',  ( -0.000000000000000000, -1.000000000000000000, -0.000000000000000000 ) ) ;
#2009 = AXIS2_PLACEMENT_3D ( 'NONE', #501, #690, #2354 ) ;
#2010 = CARTESIAN_POINT ( 'NONE',  ( 217.5954129722693722, 356.2888233359443007, -62.00000000000000711 ) ) ;
#2011 = ORIENTED_EDGE ( 'NONE', *, *, #2377, .F. ) ;
#2012 = VERTEX_POINT ( 'NONE', #938 ) ;
#2013 = CARTESIAN_POINT ( 'NONE',  ( 217.5954129722693722, 350.4151259177033353, -67.99999999999998579 ) ) ;
#2014 = DIRECTION ( 'NONE',  ( 1.000000000000000000, -0.000000000000000000, -0.000000000000000000 ) ) ;
#2015 = EDGE_LOOP ( 'NONE', ( #2220, #1966, #599, #2025 ) ) ;
#2016 = ORIENTED_EDGE ( 'NONE', *, *, #132, .T. ) ;
#2017 = EDGE_CURVE ( 'NONE', #320, #2019, #1380, .T. ) ;
#2018 = VERTEX_POINT ( 'NONE', #49 ) ;
#2019 = VERTEX_POINT ( 'NONE', #1367 ) ;
#2020 = CARTESIAN_POINT ( 'NONE',  ( 228.0954129722693438, 336.2888233359442438, -30.99218418258874408 ) ) ;
#2021 = ORIENTED_EDGE ( 'NONE', *, *, #2219, .T. ) ;
#2022 = CARTESIAN_POINT ( 'NONE',  ( 227.7275622150226013, 337.4700179857815101, -4.643675896183956375 ) ) ;
#2023 = CARTESIAN_POINT ( 'NONE',  ( 228.0954129722693722, 346.7269806896499631, -32.91958073103933202 ) ) ;
#2024 = ADVANCED_FACE ( 'NONE', ( #417 ), #100, .F. ) ;
#2025 = ORIENTED_EDGE ( 'NONE', *, *, #622, .F. ) ;
#2026 = AXIS2_PLACEMENT_3D ( 'NONE', #168, #1268, #1441 ) ;
#2027 = CARTESIAN_POINT ( 'NONE',  ( 234.5954129722693722, 356.2888233359443007, -11.34256363923531730 ) ) ;
#2028 = FACE_OUTER_BOUND ( 'NONE', #21, .T. ) ;
#2029 = EDGE_CURVE ( 'NONE', #2195, #1041, #274, .T. ) ;
#2030 = VECTOR ( 'NONE', #732, 1000.000000000000000 ) ;
#2031 = CARTESIAN_POINT ( 'NONE',  ( 214.5954129722694006, 347.8978270241715336, -63.50000000000000000 ) ) ;
#2032 = LINE ( 'NONE', #974, #133 ) ;
#2033 = CARTESIAN_POINT ( 'NONE',  ( 224.0377782214287095, 355.8209122221822440, -59.36289490931181234 ) ) ;
#2034 = TOROIDAL_SURFACE ( 'NONE', #135, 20.62624413297093895, 1.000000000000000000 ) ;
#2035 = CARTESIAN_POINT ( 'NONE',  ( 234.5954129722693722, 338.2888233359443007, 0.000000000000000000 ) ) ;
#2036 = MECHANICAL_DESIGN_GEOMETRIC_PRESENTATION_REPRESENTATION (  '', ( #1913 ), #1575 ) ;
#2037 = TOROIDAL_SURFACE ( 'NONE', #396, 23.49852545623994970, 2.500000000000000000 ) ;
#2038 = VERTEX_POINT ( 'NONE', #2262 ) ;
#2039 = CARTESIAN_POINT ( 'NONE',  ( 227.0239844008408170, 336.2888233359443007, -33.00906054300455850 ) ) ;
#2040 = ORIENTED_EDGE ( 'NONE', *, *, #290, .T. ) ;
#2041 = ORIENTED_EDGE ( 'NONE', *, *, #1982, .F. ) ;
#2042 = ORIENTED_EDGE ( 'NONE', *, *, #1479, .F. ) ;
#2043 = EDGE_CURVE ( 'NONE', #555, #1701, #1334, .T. ) ;
#2044 = CARTESIAN_POINT ( 'NONE',  ( 226.5954129722693722, 341.1830427325314190, -10.12895367418504478 ) ) ;
#2045 = CARTESIAN_POINT ( 'NONE',  ( 224.1632439343389080, 355.9261904556107652, -63.60543586009066530 ) ) ;
#2046 = VERTEX_POINT ( 'NONE', #1150 ) ;
#2047 = CARTESIAN_POINT ( 'NONE',  ( 228.0954129722693722, 336.2888233359443007, -15.69475611043285390 ) ) ;
#2048 = EDGE_CURVE ( 'NONE', #2216, #1095, #2380, .T. ) ;
#2049 = ORIENTED_EDGE ( 'NONE', *, *, #132, .F. ) ;
#2050 = DIRECTION ( 'NONE',  ( 0.000000000000000000, 0.000000000000000000, -1.000000000000000000 ) ) ;
#2051 = DIRECTION ( 'NONE',  ( -0.000000000000000000, -1.000000000000000000, -0.000000000000000000 ) ) ;
#2052 = AXIS2_PLACEMENT_3D ( 'NONE', #1845, #1077, #558 ) ;
#2053 = CARTESIAN_POINT ( 'NONE',  ( 211.3954129722693551, 336.2888233359443007, -63.50000000000000000 ) ) ;
#2054 = VERTEX_POINT ( 'NONE', #1345 ) ;
#2055 = DIRECTION ( 'NONE',  ( -0.000000000000000000, -1.000000000000000000, -0.000000000000000000 ) ) ;
#2056 = CARTESIAN_POINT ( 'NONE',  ( 226.5954129722693722, 336.2888233359443007, -33.89348437468508024 ) ) ;
#2057 = CARTESIAN_POINT ( 'NONE',  ( 226.5954129722693722, 356.2888233359443007, -27.29378487852358859 ) ) ;
#2058 = EDGE_CURVE ( 'NONE', #1698, #2018, #2235, .T. ) ;
#2059 = VECTOR ( 'NONE', #1482, 1000.000000000000000 ) ;
#2060 = CARTESIAN_POINT ( 'NONE',  ( 227.0239844008409023, 346.2888233359443007, -8.560921364731157723 ) ) ;
#2061 =( LENGTH_UNIT ( ) NAMED_UNIT ( * ) SI_UNIT ( .MILLI., .METRE. ) );
#2062 = EDGE_CURVE ( 'NONE', #1789, #523, #1020, .T. ) ;
#2063 = FACE_OUTER_BOUND ( 'NONE', #175, .T. ) ;
#2064 = DIRECTION ( 'NONE',  ( 0.000000000000000000, -1.281455649091507663E-14, -1.000000000000000000 ) ) ;
#2065 = CARTESIAN_POINT ( 'NONE',  ( 224.0377782214287095, 355.8209122221822440, -70.00000000000000000 ) ) ;
#2066 = DIRECTION ( 'NONE',  ( 0.000000000000000000, 0.000000000000000000, 1.000000000000000000 ) ) ;
#2067 = LINE ( 'NONE', #1476, #1231 ) ;
#2068 = DIRECTION ( 'NONE',  ( 0.000000000000000000, 0.000000000000000000, -1.000000000000000000 ) ) ;
#2069 = DIRECTION ( 'NONE',  ( 0.000000000000000000, 0.000000000000000000, 1.000000000000000000 ) ) ;
#2070 =( NAMED_UNIT ( * ) SI_UNIT ( $, .STERADIAN. ) SOLID_ANGLE_UNIT ( ) );
#2071 = ORIENTED_EDGE ( 'NONE', *, *, #1395, .T. ) ;
#2072 = CARTESIAN_POINT ( 'NONE',  ( 227.2016149085887662, 345.2815975671385900, -30.71744206181210401 ) ) ;
#2073 = ORIENTED_EDGE ( 'NONE', *, *, #1904, .F. ) ;
#2074 = ORIENTED_EDGE ( 'NONE', *, *, #2125, .T. ) ;
#2075 = ORIENTED_EDGE ( 'NONE', *, *, #290, .F. ) ;
#2076 = CARTESIAN_POINT ( 'NONE',  ( 226.7667848860388347, 350.2339911744769552, -30.00240244310142756 ) ) ;
#2077 = DIRECTION ( 'NONE',  ( 0.000000000000000000, -1.000000000000000000, 0.000000000000000000 ) ) ;
#2078 = EDGE_CURVE ( 'NONE', #1450, #1729, #1678, .T. ) ;
#2079 = ORIENTED_EDGE ( 'NONE', *, *, #1669, .T. ) ;
#2080 = DIRECTION ( 'NONE',  ( -1.000000000000000000, 0.000000000000000000, 0.000000000000000000 ) ) ;
#2081 = ORIENTED_EDGE ( 'NONE', *, *, #221, .F. ) ;
#2082 = CARTESIAN_POINT ( 'NONE',  ( 227.6235965909904451, 336.2888233359443575, -19.80108243395521939 ) ) ;
#2083 = AXIS2_PLACEMENT_3D ( 'NONE', #662, #1968, #2131 ) ;
#2084 = VERTEX_POINT ( 'NONE', #977 ) ;
#2085 = CARTESIAN_POINT ( 'NONE',  ( 225.5954129722693722, 346.2888233359443007, -8.560921364731157723 ) ) ;
#2086 = AXIS2_PLACEMENT_3D ( 'NONE', #72, #1374, #264 ) ;
#2087 = ADVANCED_FACE ( 'NONE', ( #534 ), #1799, .T. ) ;
#2088 =( NAMED_UNIT ( * ) PLANE_ANGLE_UNIT ( ) SI_UNIT ( $, .RADIAN. ) );
#2089 = CARTESIAN_POINT ( 'NONE',  ( 228.0934556675060207, 346.2888233359445849, -33.02242863975420306 ) ) ;
#2090 = VECTOR ( 'NONE', #1796, 1000.000000000000114 ) ;
#2091 = CARTESIAN_POINT ( 'NONE',  ( 223.7456553662926808, 355.5757920421792164, -66.50000000000000000 ) ) ;
#2092 = DIRECTION ( 'NONE',  ( 0.000000000000000000, 0.000000000000000000, 1.000000000000000000 ) ) ;
#2093 = AXIS2_PLACEMENT_3D ( 'NONE', #840, #1219, #1389 ) ;
#2094 = TOROIDAL_SURFACE ( 'NONE', #178, 26.83875999999999706, 1.000000000000000000 ) ;
#2095 = CARTESIAN_POINT ( 'NONE',  ( 227.9147486521670487, 336.2888233359443575, -19.21717055713653366 ) ) ;
#2096 = VECTOR ( 'NONE', #2055, 1000.000000000000000 ) ;
#2097 = CARTESIAN_POINT ( 'NONE',  ( 226.5954129722693722, 340.4734723643227881, 0.000000000000000000 ) ) ;
#2098 = CARTESIAN_POINT ( 'NONE',  ( 226.5954129722693722, 356.2888233359443007, -11.34256363923531730 ) ) ;
#2099 = DIRECTION ( 'NONE',  ( 0.000000000000000000, 0.000000000000000000, 1.000000000000000000 ) ) ;
#2100 = ORIENTED_EDGE ( 'NONE', *, *, #1361, .F. ) ;
#2101 = ORIENTED_EDGE ( 'NONE', *, *, #150, .F. ) ;
#2102 = DIRECTION ( 'NONE',  ( 0.000000000000000000, 0.000000000000000000, 1.000000000000000000 ) ) ;
#2103 = EDGE_LOOP ( 'NONE', ( #1784, #62, #149, #543 ) ) ;
#2104 = ORIENTED_EDGE ( 'NONE', *, *, #2048, .T. ) ;
#2105 = CARTESIAN_POINT ( 'NONE',  ( 227.0239844008403054, 336.2888233359443007, -41.36804919041914275 ) ) ;
#2106 = ORIENTED_EDGE ( 'NONE', *, *, #1904, .T. ) ;
#2107 = CARTESIAN_POINT ( 'NONE',  ( 226.8752114383459002, 344.5705080060013756, -14.32917735086404853 ) ) ;
#2108 = DIRECTION ( 'NONE',  ( -1.000000000000000000, 0.000000000000000000, -0.000000000000000000 ) ) ;
#2109 = CARTESIAN_POINT ( 'NONE',  ( 227.1905651802232740, 346.5681185448667065, 0.000000000000000000 ) ) ;
#2110 = ORIENTED_EDGE ( 'NONE', *, *, #764, .T. ) ;
#2111 = EDGE_CURVE ( 'NONE', #748, #1926, #1406, .T. ) ;
#2112 = CARTESIAN_POINT ( 'NONE',  ( 227.0239844008408170, 348.0361491605628999, -34.91729368231021624 ) ) ;
#2113 = VERTEX_POINT ( 'NONE', #809 ) ;
#2114 = CARTESIAN_POINT ( 'NONE',  ( 227.0239844008408170, 337.3306855046966461, -5.433869663042847797 ) ) ;
#2115 = STYLED_ITEM ( 'NONE', ( #1260 ), #572 ) ;
#2116 = CARTESIAN_POINT ( 'NONE',  ( 205.5273554907620053, 336.2888233359443007, -70.00000000000000000 ) ) ;
#2117 = DIRECTION ( 'NONE',  ( -0.000000000000000000, -0.000000000000000000, -1.000000000000000000 ) ) ;
#2118 = CARTESIAN_POINT ( 'NONE',  ( 228.0954129722693722, 346.8427487664305318, -32.66171900355328717 ) ) ;
#2119 = VECTOR ( 'NONE', #1902, 1000.000000000000000 ) ;
#2120 = DIRECTION ( 'NONE',  ( 1.000000000000000000, -0.000000000000000000, -0.000000000000000000 ) ) ;
#2121 = VECTOR ( 'NONE', #799, 1000.000000000000000 ) ;
#2122 = CARTESIAN_POINT ( 'NONE',  ( 226.5954129722694006, 344.7377639592244805, -29.89002534623184104 ) ) ;
#2123 = DIRECTION ( 'NONE',  ( -1.000000000000000000, 0.000000000000000000, 0.000000000000000000 ) ) ;
#2124 = CARTESIAN_POINT ( 'NONE',  ( 207.5273554907619769, 339.3562080196342663, -70.00000000000000000 ) ) ;
#2125 = EDGE_CURVE ( 'NONE', #569, #1967, #559, .T. ) ;
#2126 = CARTESIAN_POINT ( 'NONE',  ( 227.3805746074429806, 344.6924651888397193, -6.695731694458112671 ) ) ;
#2127 = CIRCLE ( 'NONE', #2129, 1.700000000000021050 ) ;
#2128 = CARTESIAN_POINT ( 'NONE',  ( 227.0239844008400212, 356.2888233359443007, -33.00906054300494930 ) ) ;
#2129 = AXIS2_PLACEMENT_3D ( 'NONE', #1016, #311, #1024 ) ;
#2130 = CYLINDRICAL_SURFACE ( 'NONE', #686, 4.999999999999997335 ) ;
#2131 = DIRECTION ( 'NONE',  ( 0.000000000000000000, 0.000000000000000000, 1.000000000000000000 ) ) ;
#2132 = B_SPLINE_CURVE_WITH_KNOTS ( 'NONE', 3,
 ( #868, #1609, #2156, #849, #139, #1974, #1587, #1578 ),
 .UNSPECIFIED., .F., .F.,
 ( 4, 2, 2, 4 ),
 ( 0.000000000000000000, 0.0004343439748750305943, 0.0008686879497500611886, 0.001737375899500101560 ),
 .UNSPECIFIED. ) ;
#2133 = VERTEX_POINT ( 'NONE', #1192 ) ;
#2134 = ORIENTED_EDGE ( 'NONE', *, *, #255, .F. ) ;
#2135 = DIRECTION ( 'NONE',  ( -0.000000000000000000, -1.000000000000000000, -0.000000000000000000 ) ) ;
#2136 = VERTEX_POINT ( 'NONE', #2303 ) ;
#2137 = VERTEX_POINT ( 'NONE', #1936 ) ;
#2138 = CARTESIAN_POINT ( 'NONE',  ( 226.8728335528954290, 344.5929288304552074, -5.939491088949321096 ) ) ;
#2139 = CARTESIAN_POINT ( 'NONE',  ( 228.0954129722693722, 325.1150252041000499, -23.06188681941315366 ) ) ;
#2140 = DIRECTION ( 'NONE',  ( 0.000000000000000000, 0.000000000000000000, 1.000000000000000000 ) ) ;
#2141 = ORIENTED_EDGE ( 'NONE', *, *, #1166, .T. ) ;
#2142 = CARTESIAN_POINT ( 'NONE',  ( 227.9095420824102121, 336.2888233359442438, -29.42945716266353884 ) ) ;
#2143 = CARTESIAN_POINT ( 'NONE',  ( 227.9113161246867492, 336.2888233359442438, -16.75050280265019964 ) ) ;
#2144 = EDGE_CURVE ( 'NONE', #687, #527, #1992, .T. ) ;
#2145 = CARTESIAN_POINT ( 'NONE',  ( 226.5954129722693722, 344.3934111348239071, -4.626332606385536117 ) ) ;
#2146 = CARTESIAN_POINT ( 'NONE',  ( 228.0896259840150151, 344.5041374609380682, -10.13616817976836870 ) ) ;
#2147 = DIRECTION ( 'NONE',  ( 0.000000000000000000, 0.000000000000000000, 1.000000000000000000 ) ) ;
#2148 = B_SPLINE_CURVE_WITH_KNOTS ( 'NONE', 3,
 ( #2231, #2222, #1304, #761, #1472, #1109, #1127, #1 ),
 .UNSPECIFIED., .F., .F.,
 ( 4, 2, 2, 4 ),
 ( 0.000000000000000000, 0.0002407389936332024623, 0.0004814779872664049247, 0.0009629559745326620726 ),
 .UNSPECIFIED. ) ;
#2149 = CARTESIAN_POINT ( 'NONE',  ( 228.0954129722693722, 336.2888233359443007, -44.02368503601414318 ) ) ;
#2150 = FACE_OUTER_BOUND ( 'NONE', #253, .T. ) ;
#2151 = FACE_OUTER_BOUND ( 'NONE', #1632, .T. ) ;
#2152 = CARTESIAN_POINT ( 'NONE',  ( 226.5954129722693722, 356.2888233359443007, -60.00000000000000711 ) ) ;
#2153 = DIRECTION ( 'NONE',  ( -0.000000000000000000, -0.000000000000000000, -1.000000000000000000 ) ) ;
#2154 = DIRECTION ( 'NONE',  ( 0.000000000000000000, 0.000000000000000000, 1.000000000000000000 ) ) ;
#2155 = FACE_OUTER_BOUND ( 'NONE', #1363, .T. ) ;
#2156 = CARTESIAN_POINT ( 'NONE',  ( 224.2489483541311586, 355.9803736330114248, -59.23982102805592120 ) ) ;
#2157 = EDGE_CURVE ( 'NONE', #1814, #1894, #1621, .T. ) ;
#2158 = LINE ( 'NONE', #1850, #2096 ) ;
#2159 = PLANE ( 'NONE',  #261 ) ;
#2160 = CARTESIAN_POINT ( 'NONE',  ( 226.5954129722693722, 339.9257234156871164, 0.6464562253513843615 ) ) ;
#2161 = AXIS2_PLACEMENT_3D ( 'NONE', #1878, #410, #765 ) ;
#2162 = CARTESIAN_POINT ( 'NONE',  ( 226.6405987366105705, 336.2888233359443007, -27.64143648182507107 ) ) ;
#2163 = ORIENTED_EDGE ( 'NONE', *, *, #2201, .T. ) ;
#2164 = ORIENTED_EDGE ( 'NONE', *, *, #2017, .T. ) ;
#2165 = ORIENTED_EDGE ( 'NONE', *, *, #657, .F. ) ;
#2166 = CARTESIAN_POINT ( 'NONE',  ( 228.0899496472876251, 344.9600391412675435, -9.443818659682722938 ) ) ;
#2167 = VERTEX_POINT ( 'NONE', #1019 ) ;
#2168 = DIRECTION ( 'NONE',  ( 0.000000000000000000, 0.000000000000000000, -1.000000000000000000 ) ) ;
#2169 = EDGE_LOOP ( 'NONE', ( #2221, #77, #1606, #784, #1398, #2172 ) ) ;
#2170 = CARTESIAN_POINT ( 'NONE',  ( 228.0954129722693722, 325.0003863286152068, 3.000233278950703575 ) ) ;
#2171 = EDGE_CURVE ( 'NONE', #371, #1960, #693, .T. ) ;
#2172 = ORIENTED_EDGE ( 'NONE', *, *, #1830, .F. ) ;
#2173 = COLOUR_RGB ( '',0.6470588235294117974, 0.6196078431372549211, 0.5882352941176470784 ) ;
#2174 = AXIS2_PLACEMENT_3D ( 'NONE', #594, #1135, #1325 ) ;
#2175 = CARTESIAN_POINT ( 'NONE',  ( 228.0954129722693722, 356.2888233359443007, -30.77659754148614724 ) ) ;
#2176 = FACE_BOUND ( 'NONE', #661, .T. ) ;
#2177 = CARTESIAN_POINT ( 'NONE',  ( 227.0239844008400780, 336.2888233359443007, -20.44146341502912634 ) ) ;
#2178 = B_SPLINE_CURVE_WITH_KNOTS ( 'NONE', 3,
 ( #379, #2045, #2208, #27, #1314, #1307, #1290, #214, #562, #204, #1107, #393, #182, #1649, #557, #741, #926, #2258 ),
 .UNSPECIFIED., .F., .F.,
 ( 4, 2, 2, 2, 2, 2, 2, 2, 4 ),
 ( 0.000000000000000000, 0.0004981577681016204420, 0.0009963155362032408841, 0.001494473304304861326, 0.001992631072406481768, 0.002490788840508102210, 0.002988946608609722652, 0.003487104376711343094, 0.003985262144812963536 ),
 .UNSPECIFIED. ) ;
#2179 = VECTOR ( 'NONE', #2066, 1000.000000000000000 ) ;
#2180 = AXIS2_PLACEMENT_3D ( 'NONE', #2255, #32, #422 ) ;
#2181 = CARTESIAN_POINT ( 'NONE',  ( 226.5954129722693722, 337.1731364785212008, -6.327374590889833783 ) ) ;
#2182 = LINE ( 'NONE', #458, #218 ) ;
#2183 = CARTESIAN_POINT ( 'NONE',  ( 228.0954129722693722, 337.7193253392574093, -3.229783634918829804 ) ) ;
#2184 = CARTESIAN_POINT ( 'NONE',  ( 226.5954129722693722, 341.1830427325314190, -10.12895367418504478 ) ) ;
#2185 = VERTEX_POINT ( 'NONE', #2314 ) ;
#2186 = ORIENTED_EDGE ( 'NONE', *, *, #1887, .T. ) ;
#2187 = EDGE_CURVE ( 'NONE', #802, #626, #2322, .T. ) ;
#2188 = ADVANCED_BREP_SHAPE_REPRESENTATION ( '21631_03_153_gripper finger_light 2K', ( #572, #1779 ), #215 ) ;
#2189 = VERTEX_POINT ( 'NONE', #2118 ) ;
#2190 = CARTESIAN_POINT ( 'NONE',  ( 227.9794868141990207, 337.5727973151953165, -4.060785353846940282 ) ) ;
#2191 = ORIENTED_EDGE ( 'NONE', *, *, #1982, .T. ) ;
#2192 = DIRECTION ( 'NONE',  ( 0.000000000000000000, 0.000000000000000000, 1.000000000000000000 ) ) ;
#2193 = DIRECTION ( 'NONE',  ( 0.000000000000000000, 0.000000000000000000, 1.000000000000000000 ) ) ;
#2194 = EDGE_LOOP ( 'NONE', ( #1129, #1305, #1791, #51 ) ) ;
#2195 = VERTEX_POINT ( 'NONE', #110 ) ;
#2196 = DIRECTION ( 'NONE',  ( 0.7660444431189782355, 0.6427876096865390299, 0.000000000000000000 ) ) ;
#2197 = DIRECTION ( 'NONE',  ( -0.000000000000000000, -1.000000000000000000, -0.000000000000000000 ) ) ;
#2198 = ORIENTED_EDGE ( 'NONE', *, *, #380, .F. ) ;
#2199 = CARTESIAN_POINT ( 'NONE',  ( 205.5273554907620053, 336.2888233359443007, -70.00000000000000000 ) ) ;
#2200 = CARTESIAN_POINT ( 'NONE',  ( 217.5954129722693722, 336.2888233359443007, -65.00000000000000000 ) ) ;
#2201 = EDGE_CURVE ( 'NONE', #2084, #2038, #303, .T. ) ;
#2202 = AXIS2_PLACEMENT_3D ( 'NONE', #1849, #3, #1842 ) ;
#2203 = FACE_OUTER_BOUND ( 'NONE', #890, .T. ) ;
#2204 = CARTESIAN_POINT ( 'NONE',  ( 229.5954129722693722, 336.2888233359443007, -63.29999999999998295 ) ) ;
#2205 = DIRECTION ( 'NONE',  ( 0.000000000000000000, 0.000000000000000000, -1.000000000000000000 ) ) ;
#2206 = TOROIDAL_SURFACE ( 'NONE', #729, 23.71104132326901137, 2.500000000000000000 ) ;
#2207 = CARTESIAN_POINT ( 'NONE',  ( 205.5273554907620053, 336.2888233359443007, -70.00000000000000000 ) ) ;
#2208 = CARTESIAN_POINT ( 'NONE',  ( 224.2957889465053256, 356.0107035485503957, -63.66458683900258819 ) ) ;
#2209 = ADVANCED_FACE ( 'NONE', ( #2028 ), #130, .F. ) ;
#2210 = CIRCLE ( 'NONE', #1426, 2.999999999999988898 ) ;
#2211 = FACE_OUTER_BOUND ( 'NONE', #1602, .T. ) ;
#2212 = CARTESIAN_POINT ( 'NONE',  ( 223.5954129722693722, 356.2888233359443007, -65.00000000000000000 ) ) ;
#2213 = FACE_OUTER_BOUND ( 'NONE', #1416, .T. ) ;
#2214 = EDGE_LOOP ( 'NONE', ( #30, #1354 ) ) ;
#2215 = CARTESIAN_POINT ( 'NONE',  ( 217.5954129722693722, 356.2888233359443007, -63.29999999999998295 ) ) ;
#2216 = VERTEX_POINT ( 'NONE', #654 ) ;
#2217 = ORIENTED_EDGE ( 'NONE', *, *, #1869, .T. ) ;
#2218 = CARTESIAN_POINT ( 'NONE',  ( 227.0239844008408170, 345.1974883820169566, -30.58943742717852743 ) ) ;
#2219 = EDGE_CURVE ( 'NONE', #1993, #978, #1826, .T. ) ;
#2220 = ORIENTED_EDGE ( 'NONE', *, *, #67, .T. ) ;
#2221 = ORIENTED_EDGE ( 'NONE', *, *, #2388, .F. ) ;
#2222 = CARTESIAN_POINT ( 'NONE',  ( 226.5954129722693722, 351.5895259255716496, 3.490561853202150622E-15 ) ) ;
#2223 = DIRECTION ( 'NONE',  ( 0.000000000000000000, 0.000000000000000000, 1.000000000000000000 ) ) ;
#2224 = MECHANICAL_DESIGN_GEOMETRIC_PRESENTATION_REPRESENTATION (  '', ( #2115 ), #2351 ) ;
#2225 = ORIENTED_EDGE ( 'NONE', *, *, #424, .F. ) ;
#2226 = DIRECTION ( 'NONE',  ( -6.938893903907222067E-15, 1.000000000000000000, 0.000000000000000000 ) ) ;
#2227 = PLANE ( 'NONE',  #1499 ) ;
#2228 = EDGE_LOOP ( 'NONE', ( #1662, #1552, #171, #859, #1754, #1067, #867, #713, #86, #2, #1014, #1995, #1617, #1469, #2041, #940, #377, #169, #1365, #984, #522 ) ) ;
#2229 = CARTESIAN_POINT ( 'NONE',  ( 227.0239844008447392, 344.6031635903752885, -14.10745731874932041 ) ) ;
#2230 = ORIENTED_EDGE ( 'NONE', *, *, #1451, .F. ) ;
#2231 = CARTESIAN_POINT ( 'NONE',  ( 226.5954129722693722, 351.6709251047531097, 0.000000000000000000 ) ) ;
#2232 = DIRECTION ( 'NONE',  ( -1.000000000000000000, 0.000000000000000000, 0.000000000000000000 ) ) ;
#2233 = CARTESIAN_POINT ( 'NONE',  ( 227.0239844008407886, 325.1150252041000499, -23.06188681941315366 ) ) ;
#2234 = CARTESIAN_POINT ( 'NONE',  ( 228.0954129722693722, 346.4443161873176678, -32.92302492669006853 ) ) ;
#2235 = CIRCLE ( 'NONE', #1174, 20.62624413297093895 ) ;
#2236 = EDGE_CURVE ( 'NONE', #2392, #664, #817, .T. ) ;
#2237 = FACE_OUTER_BOUND ( 'NONE', #1237, .T. ) ;
#2238 = DIRECTION ( 'NONE',  ( 0.000000000000000000, 0.000000000000000000, -1.000000000000000000 ) ) ;
#2239 = CIRCLE ( 'NONE', #2052, 24.36259977897349316 ) ;
#2240 = PLANE ( 'NONE',  #24 ) ;
#2241 =( NAMED_UNIT ( * ) PLANE_ANGLE_UNIT ( ) SI_UNIT ( $, .RADIAN. ) );
#2242 = LINE ( 'NONE', #1112, #1320 ) ;
#2243 = CARTESIAN_POINT ( 'NONE',  ( 228.0954129722693722, 346.8427487664305318, -32.66171900355328717 ) ) ;
#2244 = ORIENTED_EDGE ( 'NONE', *, *, #1198, .F. ) ;
#2245 = CARTESIAN_POINT ( 'NONE',  ( 0.000000000000000000, 338.2888233359443007, 0.000000000000000000 ) ) ;
#2246 = ORIENTED_EDGE ( 'NONE', *, *, #1187, .T. ) ;
#2247 = DIRECTION ( 'NONE',  ( 1.000000000000000000, -0.000000000000000000, -0.000000000000000000 ) ) ;
#2248 = VERTEX_POINT ( 'NONE', #2000 ) ;
#2249 = EDGE_CURVE ( 'NONE', #1003, #1698, #1742, .T. ) ;
#2250 = CARTESIAN_POINT ( 'NONE',  ( 227.9181804385569023, 346.1652536593920217, -10.14025330077620346 ) ) ;
#2251 = ORIENTED_EDGE ( 'NONE', *, *, #33, .T. ) ;
#2252 = CARTESIAN_POINT ( 'NONE',  ( 227.7855653328775531, 338.2888233359443007, 0.000000000000000000 ) ) ;
#2253 = AXIS2_PLACEMENT_3D ( 'NONE', #699, #511, #715 ) ;
#2254 = ORIENTED_EDGE ( 'NONE', *, *, #2171, .F. ) ;
#2255 = CARTESIAN_POINT ( 'NONE',  ( 225.5954129722693722, 325.1150252041000499, -23.06188681941315366 ) ) ;
#2256 = ORIENTED_EDGE ( 'NONE', *, *, #2111, .T. ) ;
#2257 = AXIS2_PLACEMENT_3D ( 'NONE', #415, #252, #1165 ) ;
#2258 = CARTESIAN_POINT ( 'NONE',  ( 224.0377782214287095, 355.8209122221822440, -66.43328747512012455 ) ) ;
#2259 = CARTESIAN_POINT ( 'NONE',  ( 227.3782176287572270, 343.5680831677632341, -34.54722789592781140 ) ) ;
#2260 = DIRECTION ( 'NONE',  ( -0.000000000000000000, -1.000000000000000000, -0.000000000000000000 ) ) ;
#2261 = CARTESIAN_POINT ( 'NONE',  ( 226.5954129722693722, 325.0003863286152068, 3.000233278950703575 ) ) ;
#2262 = CARTESIAN_POINT ( 'NONE',  ( 228.0954129722693722, 338.0166512371646377, -1.543564675616241555 ) ) ;
#2263 = TOROIDAL_SURFACE ( 'NONE', #2180, 23.49852545623994970, 2.500000000000000000 ) ;
#2264 = CARTESIAN_POINT ( 'NONE',  ( 228.0954129722693722, 325.1150252041000499, -23.06188681941315366 ) ) ;
#2265 =( BOUNDED_CURVE ( )  B_SPLINE_CURVE ( 3, ( #2013, #1638, #929, #176 ),
 .UNSPECIFIED., .F., .T. ) 
 B_SPLINE_CURVE_WITH_KNOTS ( ( 4, 4 ),
 ( 1.570796326794896558, 4.712388980384689674 ),
 .UNSPECIFIED. ) 
 CURVE ( )  GEOMETRIC_REPRESENTATION_ITEM ( )  RATIONAL_B_SPLINE_CURVE ( ( 1.000000000000000000, 0.3333333333333333703, 0.3333333333333333703, 1.000000000000000000 ) ) 
 REPRESENTATION_ITEM ( '' )  );
#2266 =( NAMED_UNIT ( * ) PLANE_ANGLE_UNIT ( ) SI_UNIT ( $, .RADIAN. ) );
#2267 = EDGE_CURVE ( 'NONE', #463, #144, #642, .T. ) ;
#2268 = LINE ( 'NONE', #2116, #70 ) ;
#2269 = DIRECTION ( 'NONE',  ( -1.000000000000000000, 0.000000000000000000, 0.000000000000000000 ) ) ;
#2270 = CARTESIAN_POINT ( 'NONE',  ( 234.5954129722693722, 336.2888233359443007, -70.00000000000000000 ) ) ;
#2271 = ADVANCED_FACE ( 'NONE', ( #1081, #2176 ), #909, .T. ) ;
#2272 = CARTESIAN_POINT ( 'NONE',  ( 211.5954129722693722, 336.2888233359443007, -63.50000000000000000 ) ) ;
#2273 = DIRECTION ( 'NONE',  ( 1.000000000000000000, 0.000000000000000000, 0.000000000000000000 ) ) ;
#2274 = ORIENTED_EDGE ( 'NONE', *, *, #1534, .F. ) ;
#2275 = CARTESIAN_POINT ( 'NONE',  ( 227.7346860797235024, 336.2888233359442438, -19.61439250393281597 ) ) ;
#2276 = EDGE_LOOP ( 'NONE', ( #232, #1012, #193, #1933 ) ) ;
#2277 = ORIENTED_EDGE ( 'NONE', *, *, #780, .F. ) ;
#2278 = PRODUCT_DEFINITION_SHAPE ( 'NONE', 'NONE',  #1823 ) ;
#2279 = CARTESIAN_POINT ( 'NONE',  ( 226.5954129722693722, 340.4734723643227881, 0.000000000000000000 ) ) ;
#2280 = ORIENTED_EDGE ( 'NONE', *, *, #177, .T. ) ;
#2281 = DIRECTION ( 'NONE',  ( 0.000000000000000000, -0.9848077530122077983, -0.1736481776669320243 ) ) ;
#2282 = ORIENTED_EDGE ( 'NONE', *, *, #657, .T. ) ;
#2283 = EDGE_CURVE ( 'NONE', #575, #978, #895, .T. ) ;
#2284 = ORIENTED_EDGE ( 'NONE', *, *, #1737, .F. ) ;
#2285 = CARTESIAN_POINT ( 'NONE',  ( 217.5954129722693722, 336.2888233359443007, -65.00000000000000000 ) ) ;
#2286 =( NAMED_UNIT ( * ) SI_UNIT ( $, .STERADIAN. ) SOLID_ANGLE_UNIT ( ) );
#2287 = AXIS2_PLACEMENT_3D ( 'NONE', #759, #1333, #213 ) ;
#2288 = ORIENTED_EDGE ( 'NONE', *, *, #2377, .T. ) ;
#2289 = CARTESIAN_POINT ( 'NONE',  ( 226.5954129722693722, 350.9124110743853180, -29.35984046360445276 ) ) ;
#2290 = CARTESIAN_POINT ( 'NONE',  ( 227.7855653328775531, 338.2888233359443007, 0.000000000000000000 ) ) ;
#2291 = AXIS2_PLACEMENT_3D ( 'NONE', #930, #1322, #1666 ) ;
#2292 = DIRECTION ( 'NONE',  ( -1.000000000000000000, 0.000000000000000000, 0.000000000000000000 ) ) ;
#2293 = DIRECTION ( 'NONE',  ( 0.000000000000000000, 0.000000000000000000, -1.000000000000000000 ) ) ;
#2294 = DIRECTION ( 'NONE',  ( 0.000000000000000000, 0.000000000000000000, -1.000000000000000000 ) ) ;
#2295 = EDGE_CURVE ( 'NONE', #2136, #2012, #1566, .T. ) ;
#2296 = CYLINDRICAL_SURFACE ( 'NONE', #197, 2.000000000000001776 ) ;
#2297 = CARTESIAN_POINT ( 'NONE',  ( 227.5954129722693722, 325.0003863286152068, 3.000233278950703575 ) ) ;
#2298 = AXIS2_PLACEMENT_3D ( 'NONE', #1418, #1759, #2140 ) ;
#2299 = VECTOR ( 'NONE', #483, 1000.000000000000000 ) ;
#2300 = DIRECTION ( 'NONE',  ( -0.000000000000000000, 0.000000000000000000, -1.000000000000000000 ) ) ;
#2301 = TOROIDAL_SURFACE ( 'NONE', #476, 23.71104132326901137, 2.500000000000000000 ) ;
#2302 = ADVANCED_FACE ( 'NONE', ( #879 ), #1484, .T. ) ;
#2303 = CARTESIAN_POINT ( 'NONE',  ( 228.0954129722693722, 336.2888233359443007, -17.85125756859627444 ) ) ;
#2304 = AXIS2_PLACEMENT_3D ( 'NONE', #913, #2197, #2205 ) ;
#2305 = ORIENTED_EDGE ( 'NONE', *, *, #162, .T. ) ;
#2306 = CARTESIAN_POINT ( 'NONE',  ( 0.000000000000000000, 354.2888233359443007, 0.000000000000000000 ) ) ;
#2307 = CARTESIAN_POINT ( 'NONE',  ( 225.5954129722693722, 346.2888233359443007, -32.92352114370464733 ) ) ;
#2308 = ORIENTED_EDGE ( 'NONE', *, *, #2144, .F. ) ;
#2309 = DIRECTION ( 'NONE',  ( 0.000000000000000000, 0.000000000000000000, -1.000000000000000000 ) ) ;
#2310 = ADVANCED_FACE ( 'NONE', ( #990 ), #505, .F. ) ;
#2311 = ORIENTED_EDGE ( 'NONE', *, *, #240, .T. ) ;
#2312 = CARTESIAN_POINT ( 'NONE',  ( 228.0713354191632334, 349.1816283752052072, -0.000000000000000000 ) ) ;
#2313 = CARTESIAN_POINT ( 'NONE',  ( 227.5954129722693722, 346.2888233359443007, -8.560921364731157723 ) ) ;
#2314 = CARTESIAN_POINT ( 'NONE',  ( 226.5954129722693722, 344.3934111348239071, -4.626332606385536117 ) ) ;
#2315 = ORIENTED_EDGE ( 'NONE', *, *, #1133, .F. ) ;
#2316 = EDGE_CURVE ( 'NONE', #319, #2346, #1675, .T. ) ;
#2317 = CARTESIAN_POINT ( 'NONE',  ( 227.6488047929179857, 344.7604269893714104, -7.273043032139614894 ) ) ;
#2318 = VERTEX_POINT ( 'NONE', #1684 ) ;
#2319 = CARTESIAN_POINT ( 'NONE',  ( 227.0239844008408170, 345.1974883820169566, -30.58943742717852743 ) ) ;
#2320 = DIRECTION ( 'NONE',  ( 0.000000000000000000, 0.000000000000000000, 1.000000000000000000 ) ) ;
#2321 = DIRECTION ( 'NONE',  ( 0.000000000000000000, 0.000000000000000000, -1.000000000000000000 ) ) ;
#2322 = CIRCLE ( 'NONE', #1897, 20.62624413297093895 ) ;
#2323 = CARTESIAN_POINT ( 'NONE',  ( 226.5954129722693722, 356.2888233359443007, -11.34256363923531730 ) ) ;
#2324 = CARTESIAN_POINT ( 'NONE',  ( 227.0239844008402486, 343.0780946329642234, -34.77928764633055181 ) ) ;
#2325 = DIRECTION ( 'NONE',  ( 0.000000000000000000, 0.000000000000000000, 1.000000000000000000 ) ) ;
#2326 = EDGE_CURVE ( 'NONE', #626, #2167, #700, .T. ) ;
#2327 = LINE ( 'NONE', #1336, #995 ) ;
#2328 = CARTESIAN_POINT ( 'NONE',  ( 226.7826305955438499, 336.2888233359443007, -15.21220453359714675 ) ) ;
#2329 = PLANE ( 'NONE',  #1930 ) ;
#2330 = AXIS2_PLACEMENT_3D ( 'NONE', #2264, #958, #392 ) ;
#2331 = VERTEX_POINT ( 'NONE', #2234 ) ;
#2332 = CARTESIAN_POINT ( 'NONE',  ( 217.5954129722693722, 356.2888233359443007, -67.99999999999998579 ) ) ;
#2333 = B_SPLINE_CURVE_WITH_KNOTS ( 'NONE', 3,
 ( #485, #1033, #508, #115, #308, #1241, #1954, #1773, #1971, #2146, #1978, #1066 ),
 .UNSPECIFIED., .F., .F.,
 ( 4, 2, 2, 2, 2, 4 ),
 ( 0.000000000000000000, 0.0006989554019403745573, 0.001397910803880749115, 0.002096866205821123780, 0.002446343906791391670, 0.002795821607761659559 ),
 .UNSPECIFIED. ) ;
#2334 = VERTEX_POINT ( 'NONE', #916 ) ;
#2335 = PLANE ( 'NONE',  #481 ) ;
#2336 = ORIENTED_EDGE ( 'NONE', *, *, #488, .T. ) ;
#2337 = AXIS2_PLACEMENT_3D ( 'NONE', #1213, #2135, #2321 ) ;
#2338 = VERTEX_POINT ( 'NONE', #1477 ) ;
#2339 = ORIENTED_EDGE ( 'NONE', *, *, #812, .F. ) ;
#2340 = DIRECTION ( 'NONE',  ( 0.000000000000000000, -1.000000000000000000, 0.000000000000000000 ) ) ;
#2341 = ORIENTED_EDGE ( 'NONE', *, *, #622, .T. ) ;
#2342 = CARTESIAN_POINT ( 'NONE',  ( 211.5954129722693722, 345.3805281306396751, -66.50000000000000000 ) ) ;
#2343 = ORIENTED_EDGE ( 'NONE', *, *, #649, .T. ) ;
#2344 = CARTESIAN_POINT ( 'NONE',  ( 226.7404598317971249, 336.2888233359442438, -27.88666550740424910 ) ) ;
#2345 = EDGE_CURVE ( 'NONE', #691, #1789, #442, .T. ) ;
#2346 = VERTEX_POINT ( 'NONE', #2400 ) ;
#2347 = PLANE ( 'NONE',  #1727 ) ;
#2348 = EDGE_LOOP ( 'NONE', ( #1688, #2341, #487, #2101 ) ) ;
#2349 = CARTESIAN_POINT ( 'NONE',  ( 208.3954129722693551, 342.6954093108723214, -63.50000000000000000 ) ) ;
#2350 = CARTESIAN_POINT ( 'NONE',  ( 227.0239844008408454, 342.2253460895752823, -10.13106068026303674 ) ) ;
#2351 =( GEOMETRIC_REPRESENTATION_CONTEXT ( 3 ) GLOBAL_UNCERTAINTY_ASSIGNED_CONTEXT ( ( #1185 ) ) GLOBAL_UNIT_ASSIGNED_CONTEXT ( ( #18, #2241, #1674 ) ) REPRESENTATION_CONTEXT ( 'NONE', 'WORKASPACE' ) );
#2352 = CARTESIAN_POINT ( 'NONE',  ( 227.0239844008407886, 325.0003863286152068, 3.000233278950703575 ) ) ;
#2353 = LINE ( 'NONE', #1628, #1538 ) ;
#2354 = DIRECTION ( 'NONE',  ( 0.000000000000000000, 0.000000000000000000, 1.000000000000000000 ) ) ;
#2355 = CIRCLE ( 'NONE', #1848, 22.05553290889073992 ) ;
#2356 = CARTESIAN_POINT ( 'NONE',  ( 226.7850126192658138, 336.2888233359443575, -27.96188685160825216 ) ) ;
#2357 = CIRCLE ( 'NONE', #1170, 21.44689593961927088 ) ;
#2358 = DIRECTION ( 'NONE',  ( 0.000000000000000000, 1.025164519273207866E-14, -1.000000000000000000 ) ) ;
#2359 = EDGE_CURVE ( 'NONE', #629, #2054, #1252, .T. ) ;
#2360 = LINE ( 'NONE', #1598, #1288 ) ;
#2361 = CARTESIAN_POINT ( 'NONE',  ( 223.5954129722693722, 355.4497237047669955, -63.50000000000000000 ) ) ;
#2362 = CARTESIAN_POINT ( 'NONE',  ( 227.0239844008408170, 337.3306855046966461, -5.433869663042847797 ) ) ;
#2363 = AXIS2_PLACEMENT_3D ( 'NONE', #1085, #1274, #1247 ) ;
#2364 = EDGE_LOOP ( 'NONE', ( #2198, #494, #297, #459 ) ) ;
#2365 = CARTESIAN_POINT ( 'NONE',  ( 226.5954129722693722, 336.2888233359443007, -60.00000000000000711 ) ) ;
#2366 = DIRECTION ( 'NONE',  ( 1.000000000000000000, -0.000000000000000000, -0.000000000000000000 ) ) ;
#2367 = VERTEX_POINT ( 'NONE', #1861 ) ;
#2368 = ORIENTED_EDGE ( 'NONE', *, *, #812, .T. ) ;
#2369 = CARTESIAN_POINT ( 'NONE',  ( 227.5954129722693722, 346.2888233359443007, -8.560921364731157723 ) ) ;
#2370 =( BOUNDED_CURVE ( )  B_SPLINE_CURVE ( 3, ( #1852, #556, #1483, #1656 ),
 .UNSPECIFIED., .F., .F. ) 
 B_SPLINE_CURVE_WITH_KNOTS ( ( 4, 4 ),
 ( 4.712388980384689674, 7.853981633974482790 ),
 .UNSPECIFIED. ) 
 CURVE ( )  GEOMETRIC_REPRESENTATION_ITEM ( )  RATIONAL_B_SPLINE_CURVE ( ( 1.000000000000000000, 0.3333333333333333703, 0.3333333333333333703, 1.000000000000000000 ) ) 
 REPRESENTATION_ITEM ( '' )  );
#2371 = ORIENTED_EDGE ( 'NONE', *, *, #1650, .F. ) ;
#2372 = ORIENTED_EDGE ( 'NONE', *, *, #1341, .F. ) ;
#2373 = ORIENTED_EDGE ( 'NONE', *, *, #957, .F. ) ;
#2374 = CARTESIAN_POINT ( 'NONE',  ( 226.8926219191954203, 336.2888233359443007, -28.10186095368347026 ) ) ;
#2375 = EDGE_CURVE ( 'NONE', #742, #664, #2002, .T. ) ;
#2376 = ORIENTED_EDGE ( 'NONE', *, *, #1534, .T. ) ;
#2377 = EDGE_CURVE ( 'NONE', #1041, #529, #931, .T. ) ;
#2378 = CARTESIAN_POINT ( 'NONE',  ( 226.8856592819174409, 337.3122727909318428, -5.538293351866561132 ) ) ;
#2379 = CARTESIAN_POINT ( 'NONE',  ( 227.3484598808492194, 337.3798948100152302, -5.154789824433392731 ) ) ;
#2380 = CIRCLE ( 'NONE', #433, 27.23488110224250391 ) ;
#2381 = B_SPLINE_CURVE_WITH_KNOTS ( 'NONE', 3,
 ( #1808, #1480, #781, #951, #400, #449, #632, #2128 ),
 .UNSPECIFIED., .F., .F.,
 ( 4, 2, 2, 4 ),
 ( 6.938893903907228378E-18, 0.0002535779135447839843, 0.0005071558270895610296, 0.001014311654179132251 ),
 .UNSPECIFIED. ) ;
#2382 = VECTOR ( 'NONE', #1532, 1000.000000000000000 ) ;
#2383 = AXIS2_PLACEMENT_3D ( 'NONE', #2060, #1005, #1397 ) ;
#2384 = ADVANCED_FACE ( 'NONE', ( #156 ), #2227, .T. ) ;
#2385 = VECTOR ( 'NONE', #1613, 1000.000000000000000 ) ;
#2386 = DIRECTION ( 'NONE',  ( 0.000000000000000000, 0.000000000000000000, 1.000000000000000000 ) ) ;
#2387 = DIRECTION ( 'NONE',  ( -1.000000000000000000, 0.000000000000000000, 0.000000000000000000 ) ) ;
#2388 = EDGE_CURVE ( 'NONE', #227, #1701, #2178, .T. ) ;
#2389 = CIRCLE ( 'NONE', #2202, 23.96647867673098276 ) ;
#2390 = CARTESIAN_POINT ( 'NONE',  ( 226.5954129722693722, 336.2888233359443007, -60.00000000000000711 ) ) ;
#2391 = VERTEX_POINT ( 'NONE', #190 ) ;
#2392 = VERTEX_POINT ( 'NONE', #1119 ) ;
#2393 = EDGE_CURVE ( 'NONE', #1554, #1528, #1456, .T. ) ;
#2394 = ORIENTED_EDGE ( 'NONE', *, *, #524, .T. ) ;
#2395 = DIRECTION ( 'NONE',  ( 0.000000000000000000, 0.000000000000000000, 1.000000000000000000 ) ) ;
#2396 = ORIENTED_EDGE ( 'NONE', *, *, #2187, .T. ) ;
#2397 = VERTEX_POINT ( 'NONE', #796 ) ;
#2398 = ORIENTED_EDGE ( 'NONE', *, *, #888, .F. ) ;
#2399 = DIRECTION ( 'NONE',  ( 0.6427876096865390299, -0.7660444431189782355, 0.000000000000000000 ) ) ;
#2400 = CARTESIAN_POINT ( 'NONE',  ( 205.5273554907619769, 339.3562080196342663, -60.00000000000000711 ) ) ;
#2401 = ORIENTED_EDGE ( 'NONE', *, *, #1064, .F. ) ;
ENDSEC;
END-ISO-10303-21;
