ISO-10303-21;
HEADER;
FILE_DESCRIPTION (( 'STEP AP214' ),
    '1' );
FILE_NAME ('03_Halterung Deckelsensor.STEP',
    '2022-08-12T09:04:27',
    ( '' ),
    ( '' ),
    'SwSTEP 2.0',
    'SolidWorks 2018',
    '' );
FILE_SCHEMA (( 'AUTOMOTIVE_DESIGN' ));
ENDSEC;

DATA;
#1 = AXIS2_PLACEMENT_3D ( 'NONE', #85, #408, #1112 ) ;
#2 = VECTOR ( 'NONE', #1275, 1000.000000000000000 ) ;
#3 = DIRECTION ( 'NONE',  ( -1.000000000000000000, 0.000000000000000000, 3.336006684570784876E-15 ) ) ;
#4 = ORIENTED_EDGE ( 'NONE', *, *, #212, .F. ) ;
#5 = EDGE_CURVE ( 'NONE', #734, #930, #1140, .T. ) ;
#6 = ORIENTED_EDGE ( 'NONE', *, *, #1379, .F. ) ;
#7 = CARTESIAN_POINT ( 'NONE',  ( 0.000000000000000000, -18.50000000000000000, 13.49999999999999822 ) ) ;
#8 = CARTESIAN_POINT ( 'NONE',  ( -2.000000000000000000, 0.000000000000000000, -6.000000000000000000 ) ) ;
#9 = CARTESIAN_POINT ( 'NONE',  ( 2.688821387764050996E-14, -43.09999999999999432, -3.999999999999979128 ) ) ;
#10 = EDGE_CURVE ( 'NONE', #589, #1305, #755, .T. ) ;
#11 = LINE ( 'NONE', #1099, #1344 ) ;
#12 = ORIENTED_EDGE ( 'NONE', *, *, #51, .T. ) ;
#13 = AXIS2_PLACEMENT_3D ( 'NONE', #70, #989, #286 ) ;
#14 = ORIENTED_EDGE ( 'NONE', *, *, #992, .F. ) ;
#15 = VERTEX_POINT ( 'NONE', #374 ) ;
#16 = CIRCLE ( 'NONE', #902, 1.000000000000000222 ) ;
#17 = CARTESIAN_POINT ( 'NONE',  ( 0.000000000000000000, -23.81966011250105453, 17.99999999999999645 ) ) ;
#18 = CARTESIAN_POINT ( 'NONE',  ( -2.000000000000000000, -26.05572809000085854, 17.47213595499956895 ) ) ;
#19 = ORIENTED_EDGE ( 'NONE', *, *, #326, .F. ) ;
#20 = LINE ( 'NONE', #1507, #600 ) ;
#21 =( NAMED_UNIT ( * ) SI_UNIT ( $, .STERADIAN. ) SOLID_ANGLE_UNIT ( ) );
#22 = ORIENTED_EDGE ( 'NONE', *, *, #950, .F. ) ;
#23 = DIRECTION ( 'NONE',  ( -1.000000000000000000, 0.000000000000000000, 0.000000000000000000 ) ) ;
#24 = EDGE_CURVE ( 'NONE', #184, #15, #141, .T. ) ;
#25 =( NAMED_UNIT ( * ) SI_UNIT ( $, .STERADIAN. ) SOLID_ANGLE_UNIT ( ) );
#26 = DIRECTION ( 'NONE',  ( 0.000000000000000000, 0.000000000000000000, -1.000000000000000000 ) ) ;
#27 = CARTESIAN_POINT ( 'NONE',  ( -1.987641041518834806, -25.43107578792106338, -0.3477474040475368455 ) ) ;
#28 = AXIS2_PLACEMENT_3D ( 'NONE', #1028, #576, #928 ) ;
#29 = DIRECTION ( 'NONE',  ( -1.000000000000000000, 0.000000000000000000, 3.491481338843134144E-15 ) ) ;
#30 = CARTESIAN_POINT ( 'NONE',  ( 0.08321982098699362562, -25.01057420588550784, -0.5899193012840754369 ) ) ;
#31 = EDGE_CURVE ( 'NONE', #291, #897, #1160, .T. ) ;
#32 = AXIS2_PLACEMENT_3D ( 'NONE', #666, #442, #1436 ) ;
#33 = ORIENTED_EDGE ( 'NONE', *, *, #642, .F. ) ;
#34 = CIRCLE ( 'NONE', #391, 4.000000000000000000 ) ;
#35 = DIRECTION ( 'NONE',  ( 1.000000000000000000, 0.000000000000000000, -0.000000000000000000 ) ) ;
#36 = FACE_OUTER_BOUND ( 'NONE', #1369, .T. ) ;
#37 = FACE_OUTER_BOUND ( 'NONE', #1496, .T. ) ;
#38 = DIRECTION ( 'NONE',  ( 1.000000000000000000, 0.000000000000000000, 0.000000000000000000 ) ) ;
#39 = CARTESIAN_POINT ( 'NONE',  ( -2.000000000000000000, -45.00000000000000000, -5.510910596163089556E-15 ) ) ;
#40 =( GEOMETRIC_REPRESENTATION_CONTEXT ( 3 ) GLOBAL_UNCERTAINTY_ASSIGNED_CONTEXT ( ( #79 ) ) GLOBAL_UNIT_ASSIGNED_CONTEXT ( ( #477, #1292, #21 ) ) REPRESENTATION_CONTEXT ( 'NONE', 'WORKASPACE' ) );
#41 = VECTOR ( 'NONE', #1043, 1000.000000000000000 ) ;
#42 = ORIENTED_EDGE ( 'NONE', *, *, #326, .T. ) ;
#43 = CARTESIAN_POINT ( 'NONE',  ( 0.01541226316534175314, -25.33333333333332860, -0.2478134677645502382 ) ) ;
#44 = DIRECTION ( 'NONE',  ( 0.000000000000000000, 0.000000000000000000, -1.000000000000000000 ) ) ;
#45 = AXIS2_PLACEMENT_3D ( 'NONE', #1096, #1224, #1100 ) ;
#46 = VECTOR ( 'NONE', #779, 1000.000000000000000 ) ;
#47 = CARTESIAN_POINT ( 'NONE',  ( 20.00000000000003553, -3.321718482870636774E-16, -2.000000000000043521 ) ) ;
#48 = DIRECTION ( 'NONE',  ( 1.000000000000000000, 0.000000000000000000, -0.000000000000000000 ) ) ;
#49 = ORIENTED_EDGE ( 'NONE', *, *, #899, .F. ) ;
#50 = DIRECTION ( 'NONE',  ( 0.000000000000000000, -1.387778780781445873E-15, 1.000000000000000000 ) ) ;
#51 = EDGE_CURVE ( 'NONE', #240, #698, #1454, .T. ) ;
#52 = ORIENTED_EDGE ( 'NONE', *, *, #428, .F. ) ;
#53 = FACE_OUTER_BOUND ( 'NONE', #1330, .T. ) ;
#54 = AXIS2_PLACEMENT_3D ( 'NONE', #360, #981, #183 ) ;
#55 = VECTOR ( 'NONE', #519, 1000.000000000000000 ) ;
#56 = DIRECTION ( 'NONE',  ( 0.000000000000000000, 0.000000000000000000, -1.000000000000000000 ) ) ;
#57 = AXIS2_PLACEMENT_3D ( 'NONE', #785, #333, #1267 ) ;
#58 = CARTESIAN_POINT ( 'NONE',  ( 15.50000000000003730, -29.50000000000000000, -1.999999999999973577 ) ) ;
#59 = CYLINDRICAL_SURFACE ( 'NONE', #1196, 0.5000000000000005551 ) ;
#60 = EDGE_CURVE ( 'NONE', #1420, #682, #852, .T. ) ;
#61 = CARTESIAN_POINT ( 'NONE',  ( 15.50000000000003730, -32.09999999999999432, -4.000000000000031086 ) ) ;
#62 = AXIS2_PLACEMENT_3D ( 'NONE', #235, #586, #572 ) ;
#63 = DIRECTION ( 'NONE',  ( -2.465190328815661892E-32, 1.000000000000000000, 1.224646799147353700E-16 ) ) ;
#64 = DIRECTION ( 'NONE',  ( 0.000000000000000000, 0.000000000000000000, -1.000000000000000000 ) ) ;
#65 = AXIS2_PLACEMENT_3D ( 'NONE', #392, #637, #517 ) ;
#66 = ORIENTED_EDGE ( 'NONE', *, *, #428, .T. ) ;
#67 = FACE_OUTER_BOUND ( 'NONE', #789, .T. ) ;
#68 = DIRECTION ( 'NONE',  ( -1.000000000000000000, 0.000000000000000000, 3.491481338843134144E-15 ) ) ;
#69 = ORIENTED_EDGE ( 'NONE', *, *, #811, .F. ) ;
#70 = CARTESIAN_POINT ( 'NONE',  ( -2.000000000000000000, 0.000000000000000000, 0.000000000000000000 ) ) ;
#71 = CARTESIAN_POINT ( 'NONE',  ( -2.000000000000000000, -25.50000000000000000, -2.388061258337339333E-15 ) ) ;
#72 = AXIS2_PLACEMENT_3D ( 'NONE', #473, #957, #707 ) ;
#73 = FACE_BOUND ( 'NONE', #910, .T. ) ;
#74 = ORIENTED_EDGE ( 'NONE', *, *, #832, .F. ) ;
#75 = CARTESIAN_POINT ( 'NONE',  ( 0.000000000000000000, -25.50000000000000000, -2.755455298081545172E-15 ) ) ;
#76 = FACE_OUTER_BOUND ( 'NONE', #803, .T. ) ;
#77 = ORIENTED_EDGE ( 'NONE', *, *, #1241, .F. ) ;
#78 = ORIENTED_EDGE ( 'NONE', *, *, #710, .F. ) ;
#79 = UNCERTAINTY_MEASURE_WITH_UNIT (LENGTH_MEASURE( 1.000000000000000082E-05 ), #477, 'distance_accuracy_value', 'NONE');
#80 = CYLINDRICAL_SURFACE ( 'NONE', #604, 5.000000000000000888 ) ;
#81 = CARTESIAN_POINT ( 'NONE',  ( 10.50000000000003730, -32.09999999999999432, -4.000000000000022204 ) ) ;
#82 = AXIS2_PLACEMENT_3D ( 'NONE', #1182, #485, #580 ) ;
#83 = EDGE_CURVE ( 'NONE', #424, #1128, #812, .T. ) ;
#84 = CIRCLE ( 'NONE', #1123, 2.599999999999998312 ) ;
#85 = CARTESIAN_POINT ( 'NONE',  ( 15.50000000000004086, -40.49999999999999289, -1.999999999999973577 ) ) ;
#86 = STYLED_ITEM ( 'NONE', ( #615 ), #593 ) ;
#87 = CARTESIAN_POINT ( 'NONE',  ( -2.000000000000000000, -23.88196601125010332, 0.9999999999999972244 ) ) ;
#88 = ORIENTED_EDGE ( 'NONE', *, *, #1241, .T. ) ;
#89 = ORIENTED_EDGE ( 'NONE', *, *, #647, .F. ) ;
#90 = CARTESIAN_POINT ( 'NONE',  ( 0.000000000000000000, -5.100000000000004086, 13.49999999999999822 ) ) ;
#91 = LINE ( 'NONE', #956, #1265 ) ;
#92 = EDGE_CURVE ( 'NONE', #1390, #215, #914, .T. ) ;
#93 = CYLINDRICAL_SURFACE ( 'NONE', #1047, 1.000000000000000000 ) ;
#94 = AXIS2_PLACEMENT_3D ( 'NONE', #1015, #671, #912 ) ;
#95 = EDGE_LOOP ( 'NONE', ( #1169, #632, #792, #1102 ) ) ;
#96 = DIRECTION ( 'NONE',  ( 0.000000000000000000, 1.615111459712161585E-32, 1.000000000000000000 ) ) ;
#97 = ADVANCED_FACE ( 'NONE', ( #1116 ), #808, .F. ) ;
#98 = ORIENTED_EDGE ( 'NONE', *, *, #464, .T. ) ;
#99 = ORIENTED_EDGE ( 'NONE', *, *, #311, .T. ) ;
#100 = CARTESIAN_POINT ( 'NONE',  ( -2.000000000000000000, -16.83333333333334281, -3.007119849998614480 ) ) ;
#101 = EDGE_CURVE ( 'NONE', #861, #682, #1062, .T. ) ;
#102 = DIRECTION ( 'NONE',  ( -0.000000000000000000, 1.000000000000000000, 1.182766006347813987E-16 ) ) ;
#103 = CARTESIAN_POINT ( 'NONE',  ( 2.000000000000000000, -24.99999999999998934, -3.061616997868382254E-15 ) ) ;
#104 = ORIENTED_EDGE ( 'NONE', *, *, #1088, .T. ) ;
#105 = ORIENTED_EDGE ( 'NONE', *, *, #634, .F. ) ;
#106 = DIRECTION ( 'NONE',  ( 0.000000000000000000, 0.000000000000000000, -1.000000000000000000 ) ) ;
#107 = ORIENTED_EDGE ( 'NONE', *, *, #1284, .T. ) ;
#108 = CYLINDRICAL_SURFACE ( 'NONE', #1178, 13.39999999999999858 ) ;
#109 = EDGE_CURVE ( 'NONE', #1220, #774, #968, .T. ) ;
#110 = DIRECTION ( 'NONE',  ( 1.000000000000000000, 0.000000000000000000, 0.000000000000000000 ) ) ;
#111 = VERTEX_POINT ( 'NONE', #1027 ) ;
#112 = LINE ( 'NONE', #729, #1311 ) ;
#113 = CARTESIAN_POINT ( 'NONE',  ( 20.00000000000003197, -40.00000000000000000, -4.000000000000048850 ) ) ;
#114 = ORIENTED_EDGE ( 'NONE', *, *, #670, .F. ) ;
#115 = DIRECTION ( 'NONE',  ( 0.000000000000000000, 1.615111459712161585E-32, 1.000000000000000000 ) ) ;
#116 = CYLINDRICAL_SURFACE ( 'NONE', #234, 5.000000000000000888 ) ;
#117 = DIRECTION ( 'NONE',  ( 0.000000000000000000, -1.000000000000000000, -1.541976423090495387E-16 ) ) ;
#118 = CARTESIAN_POINT ( 'NONE',  ( 2.000000000000032863, -24.99999999999999645, -3.999999999999984457 ) ) ;
#119 = VECTOR ( 'NONE', #377, 1000.000000000000000 ) ;
#120 = AXIS2_PLACEMENT_3D ( 'NONE', #328, #1266, #457 ) ;
#121 = CARTESIAN_POINT ( 'NONE',  ( 0.000000000000000000, 1.224646799147353207E-16, -1.000000000000000000 ) ) ;
#122 = ORIENTED_EDGE ( 'NONE', *, *, #301, .F. ) ;
#123 = FACE_OUTER_BOUND ( 'NONE', #370, .T. ) ;
#124 = ORIENTED_EDGE ( 'NONE', *, *, #1424, .F. ) ;
#125 = EDGE_LOOP ( 'NONE', ( #1293, #276, #249, #1252 ) ) ;
#126 = DIRECTION ( 'NONE',  ( -1.000000000000000000, 1.387778780781445478E-15, 3.469446951953613400E-15 ) ) ;
#127 = EDGE_CURVE ( 'NONE', #715, #815, #735, .T. ) ;
#128 = ORIENTED_EDGE ( 'NONE', *, *, #348, .F. ) ;
#129 = CARTESIAN_POINT ( 'NONE',  ( 0.000000000000000000, -17.00000000000016698, -6.000000000000001776 ) ) ;
#130 = LINE ( 'NONE', #1012, #1374 ) ;
#131 = CARTESIAN_POINT ( 'NONE',  ( -2.000000000000000000, -5.000000000000001776, 12.99999999999999822 ) ) ;
#132 = VECTOR ( 'NONE', #319, 1000.000000000000000 ) ;
#133 = CARTESIAN_POINT ( 'NONE',  ( -2.000000000000000000, 0.000000000000000000, 0.000000000000000000 ) ) ;
#134 = AXIS2_PLACEMENT_3D ( 'NONE', #1476, #993, #50 ) ;
#135 = EDGE_CURVE ( 'NONE', #1305, #111, #1026, .T. ) ;
#136 = AXIS2_PLACEMENT_3D ( 'NONE', #1149, #1038, #1280 ) ;
#137 = DIRECTION ( 'NONE',  ( -1.000000000000000000, -0.000000000000000000, 0.000000000000000000 ) ) ;
#138 = ORIENTED_EDGE ( 'NONE', *, *, #959, .T. ) ;
#139 = CYLINDRICAL_SURFACE ( 'NONE', #1491, 4.999999999999999112 ) ;
#140 = ADVANCED_FACE ( 'NONE', ( #76 ), #1158, .F. ) ;
#141 = LINE ( 'NONE', #397, #895 ) ;
#142 = CIRCLE ( 'NONE', #200, 5.000000000000000000 ) ;
#143 = CARTESIAN_POINT ( 'NONE',  ( -1.969175473669316556, -25.33333333333332860, -0.4956269355290974232 ) ) ;
#144 = DIRECTION ( 'NONE',  ( 1.000000000000000000, 0.000000000000000000, 0.000000000000000000 ) ) ;
#145 = CARTESIAN_POINT ( 'NONE',  ( -2.000000000000000000, -17.01111111111112351, 0.1829729340012513361 ) ) ;
#146 = ORIENTED_EDGE ( 'NONE', *, *, #1460, .F. ) ;
#147 = CIRCLE ( 'NONE', #82, 5.000000000000000000 ) ;
#148 = AXIS2_PLACEMENT_3D ( 'NONE', #668, #918, #927 ) ;
#149 = DIRECTION ( 'NONE',  ( -1.000000000000000000, -0.000000000000000000, 0.000000000000000000 ) ) ;
#150 = CARTESIAN_POINT ( 'NONE',  ( -2.000000000000000000, -5.000000000000000888, 18.00000000000000000 ) ) ;
#151 = LINE ( 'NONE', #761, #1359 ) ;
#152 = CARTESIAN_POINT ( 'NONE',  ( 15.50000000000003730, -26.89999999999999858, -4.000000000000022204 ) ) ;
#153 = DIRECTION ( 'NONE',  ( -1.000000000000000000, -0.000000000000000000, 0.000000000000000000 ) ) ;
#154 = CARTESIAN_POINT ( 'NONE',  ( -2.000000000000000000, -25.48662894414947289, -0.1822740770444911951 ) ) ;
#155 = VECTOR ( 'NONE', #619, 1000.000000000000000 ) ;
#156 = EDGE_CURVE ( 'NONE', #1171, #1415, #1271, .T. ) ;
#157 = ORIENTED_EDGE ( 'NONE', *, *, #986, .F. ) ;
#158 = CLOSED_SHELL ( 'NONE', ( #452, #556, #620, #310, #323, #460, #638, #1010, #926, #569, #140, #742, #904, #881, #919, #1408, #1457, #211, #404, #658, #97, #1380, #1402, #176, #787, #1037, #330, #603, #1225, #549, #1498, #1281, #1125, #1372, #443, #913, #1518, #1013, #1246, #691, #1118, #1479, #432, #1216, #567, #1274 ) ) ;
#159 = ORIENTED_EDGE ( 'NONE', *, *, #598, .F. ) ;
#160 = ORIENTED_EDGE ( 'NONE', *, *, #516, .T. ) ;
#161 = PLANE ( 'NONE',  #1093 ) ;
#162 = DIRECTION ( 'NONE',  ( 1.000000000000000000, 0.000000000000000000, 0.000000000000000000 ) ) ;
#163 = LINE ( 'NONE', #496, #1434 ) ;
#164 = CARTESIAN_POINT ( 'NONE',  ( 10.50000000000003730, -37.89999999999999858, -1.999999999999973577 ) ) ;
#165 =( GEOMETRIC_REPRESENTATION_CONTEXT ( 3 ) GLOBAL_UNCERTAINTY_ASSIGNED_CONTEXT ( ( #976 ) ) GLOBAL_UNIT_ASSIGNED_CONTEXT ( ( #879, #196, #533 ) ) REPRESENTATION_CONTEXT ( 'NONE', 'WORKASPACE' ) );
#166 = ORIENTED_EDGE ( 'NONE', *, *, #83, .F. ) ;
#167 = EDGE_CURVE ( 'NONE', #762, #979, #1046, .T. ) ;
#168 = CARTESIAN_POINT ( 'NONE',  ( 15.50000000000004086, -37.89999999999999858, -11.99999999999997513 ) ) ;
#169 = CARTESIAN_POINT ( 'NONE',  ( -2.000000000000000000, -4.999999999999999112, -6.000000000000000888 ) ) ;
#170 = FACE_OUTER_BOUND ( 'NONE', #125, .T. ) ;
#171 = AXIS2_PLACEMENT_3D ( 'NONE', #1346, #759, #1089 ) ;
#172 = CARTESIAN_POINT ( 'NONE',  ( -2.000000000000000000, -18.50000000000000000, 11.89999999999999503 ) ) ;
#173 = ORIENTED_EDGE ( 'NONE', *, *, #944, .T. ) ;
#174 = CARTESIAN_POINT ( 'NONE',  ( 0.000000000000000000, -18.50000000000000000, 13.49999999999999822 ) ) ;
#175 = DIRECTION ( 'NONE',  ( 0.000000000000000000, 0.000000000000000000, 1.000000000000000000 ) ) ;
#176 = ADVANCED_FACE ( 'NONE', ( #510 ), #450, .T. ) ;
#177 = ORIENTED_EDGE ( 'NONE', *, *, #784, .F. ) ;
#178 = VECTOR ( 'NONE', #499, 1000.000000000000000 ) ;
#179 = DIRECTION ( 'NONE',  ( 1.000000000000000000, 0.000000000000000000, 0.000000000000000000 ) ) ;
#180 = EDGE_LOOP ( 'NONE', ( #1213, #935, #361, #750, #265, #439, #1073, #1389, #1132, #1483, #250, #1133, #1057, #209, #1314 ) ) ;
#181 = ORIENTED_EDGE ( 'NONE', *, *, #776, .T. ) ;
#182 = EDGE_CURVE ( 'NONE', #846, #773, #1351, .T. ) ;
#183 = DIRECTION ( 'NONE',  ( 1.000000000000000000, 0.000000000000000000, 0.000000000000000000 ) ) ;
#184 = VERTEX_POINT ( 'NONE', #121 ) ;
#185 = PRESENTATION_LAYER_ASSIGNMENT (  '', '', ( #643 ) ) ;
#186 = CIRCLE ( 'NONE', #931, 1.600000000000005862 ) ;
#187 = CIRCLE ( 'NONE', #688, 5.000000000000000888 ) ;
#188 = CARTESIAN_POINT ( 'NONE',  ( -1.923913305512918726, -25.12163473035876038, -0.8581041837433931452 ) ) ;
#189 = ORIENTED_EDGE ( 'NONE', *, *, #167, .F. ) ;
#190 = CARTESIAN_POINT ( 'NONE',  ( 0.006179785891106979144, -25.43107254157897756, -0.1738761578018048481 ) ) ;
#191 = ORIENTED_EDGE ( 'NONE', *, *, #10, .T. ) ;
#192 = EDGE_LOOP ( 'NONE', ( #1283, #280, #1095, #19 ) ) ;
#193 = LINE ( 'NONE', #1261, #1459 ) ;
#194 = EDGE_CURVE ( 'NONE', #1435, #1366, #1368, .T. ) ;
#195 = CARTESIAN_POINT ( 'NONE',  ( 10.50000000000003730, -26.89999999999999858, -1.999999999999973577 ) ) ;
#196 =( NAMED_UNIT ( * ) PLANE_ANGLE_UNIT ( ) SI_UNIT ( $, .RADIAN. ) );
#197 = ORIENTED_EDGE ( 'NONE', *, *, #911, .T. ) ;
#198 = ORIENTED_EDGE ( 'NONE', *, *, #554, .F. ) ;
#199 = FACE_OUTER_BOUND ( 'NONE', #1113, .T. ) ;
#200 = AXIS2_PLACEMENT_3D ( 'NONE', #270, #153, #512 ) ;
#201 = CARTESIAN_POINT ( 'NONE',  ( -2.000000000000000000, 0.000000000000000000, 0.000000000000000000 ) ) ;
#202 = DIRECTION ( 'NONE',  ( -3.491481338843134144E-15, 1.224646799147353454E-16, -1.000000000000000000 ) ) ;
#203 = VECTOR ( 'NONE', #1050, 1000.000000000000000 ) ;
#204 = DIRECTION ( 'NONE',  ( 0.000000000000000000, -1.541976423090495633E-16, 1.000000000000000000 ) ) ;
#205 = B_SPLINE_SURFACE_WITH_KNOTS ( 'NONE', 1, 3, ( 
 ( #753, #188, #1490, #766 ),
 ( #1228, #769, #532, #652 ) ),
 .UNSPECIFIED., .F., .F., .F.,
 ( 2, 2 ),
 ( 4, 4 ),
 ( 0.000000000000000000, 1.000000000000000000 ),
 ( 0.000000000000000000, 1.000000000000000000 ),
 .UNSPECIFIED. ) ;
#206 = EDGE_CURVE ( 'NONE', #1172, #1435, #648, .T. ) ;
#207 = DIRECTION ( 'NONE',  ( 1.000000000000000000, 0.000000000000000000, 0.000000000000000000 ) ) ;
#208 = VERTEX_POINT ( 'NONE', #673 ) ;
#209 = ORIENTED_EDGE ( 'NONE', *, *, #527, .F. ) ;
#210 = VECTOR ( 'NONE', #1179, 1000.000000000000000 ) ;
#211 = ADVANCED_FACE ( 'NONE', ( #1011 ), #894, .F. ) ;
#212 = EDGE_CURVE ( 'NONE', #1309, #722, #187, .T. ) ;
#213 = ORIENTED_EDGE ( 'NONE', *, *, #1080, .F. ) ;
#214 = SURFACE_STYLE_FILL_AREA ( #304 ) ;
#215 = VERTEX_POINT ( 'NONE', #363 ) ;
#216 = FACE_OUTER_BOUND ( 'NONE', #521, .T. ) ;
#217 = DIRECTION ( 'NONE',  ( 1.000000000000000000, 0.000000000000000000, 0.000000000000000000 ) ) ;
#218 = DIRECTION ( 'NONE',  ( 0.000000000000000000, 0.000000000000000000, -1.000000000000000000 ) ) ;
#219 = AXIS2_PLACEMENT_3D ( 'NONE', #818, #948, #1166 ) ;
#220 = CYLINDRICAL_SURFACE ( 'NONE', #1016, 2.599999999999998312 ) ;
#221 = CARTESIAN_POINT ( 'NONE',  ( -10.00000000000000000, -18.50000000000000000, 15.10000000000000142 ) ) ;
#222 = ORIENTED_EDGE ( 'NONE', *, *, #516, .F. ) ;
#223 = ORIENTED_EDGE ( 'NONE', *, *, #398, .F. ) ;
#224 = LINE ( 'NONE', #386, #763 ) ;
#225 = CARTESIAN_POINT ( 'NONE',  ( -1.969175473669316556, -25.33333333333332860, -0.4956269355290974232 ) ) ;
#226 = CIRCLE ( 'NONE', #257, 1.000000000000000000 ) ;
#227 = DIRECTION ( 'NONE',  ( -3.491481338843134144E-15, 1.224646799147353454E-16, -1.000000000000000000 ) ) ;
#228 = DIRECTION ( 'NONE',  ( 0.000000000000000000, -1.000000000000000000, -1.541976423090495633E-16 ) ) ;
#229 = MECHANICAL_DESIGN_GEOMETRIC_PRESENTATION_REPRESENTATION (  '', ( #643 ), #165 ) ;
#230 = ORIENTED_EDGE ( 'NONE', *, *, #1060, .F. ) ;
#231 = EDGE_LOOP ( 'NONE', ( #478, #42, #1488, #387 ) ) ;
#232 = CARTESIAN_POINT ( 'NONE',  ( 0.000000000000000000, -23.88196601125010332, 0.9999999999999972244 ) ) ;
#233 = DIRECTION ( 'NONE',  ( 0.000000000000000000, 0.000000000000000000, -1.000000000000000000 ) ) ;
#234 = AXIS2_PLACEMENT_3D ( 'NONE', #354, #23, #462 ) ;
#235 = CARTESIAN_POINT ( 'NONE',  ( 10.50000000000003730, -40.49999999999999289, -1.999999999999973577 ) ) ;
#236 = DIRECTION ( 'NONE',  ( 0.000000000000000000, 1.000000000000000000, 1.224646799147353454E-16 ) ) ;
#237 = LINE ( 'NONE', #1229, #1214 ) ;
#238 = EDGE_CURVE ( 'NONE', #942, #1435, #339, .T. ) ;
#239 = ORIENTED_EDGE ( 'NONE', *, *, #1470, .F. ) ;
#240 = VERTEX_POINT ( 'NONE', #1438 ) ;
#241 = CARTESIAN_POINT ( 'NONE',  ( -2.000000000000000000, -42.23606797749980757, 9.381966011250035820 ) ) ;
#242 = CARTESIAN_POINT ( 'NONE',  ( 15.00000000000003730, -40.00000000000000000, -2.000000000000030642 ) ) ;
#243 = EDGE_CURVE ( 'NONE', #424, #1426, #621, .T. ) ;
#244 = AXIS2_PLACEMENT_3D ( 'NONE', #796, #665, #1114 ) ;
#245 = VECTOR ( 'NONE', #845, 1000.000000000000000 ) ;
#246 = DIRECTION ( 'NONE',  ( 0.000000000000000000, 1.615111459712161585E-32, 1.000000000000000000 ) ) ;
#247 = ORIENTED_EDGE ( 'NONE', *, *, #388, .F. ) ;
#248 = CARTESIAN_POINT ( 'NONE',  ( 0.000000000000000000, -4.999999999999999112, -6.000000000000000888 ) ) ;
#249 = ORIENTED_EDGE ( 'NONE', *, *, #720, .T. ) ;
#250 = ORIENTED_EDGE ( 'NONE', *, *, #1201, .T. ) ;
#251 = ORIENTED_EDGE ( 'NONE', *, *, #60, .T. ) ;
#252 = VECTOR ( 'NONE', #1134, 1000.000000000000000 ) ;
#253 = EDGE_CURVE ( 'NONE', #1111, #240, #1232, .T. ) ;
#254 = ORIENTED_EDGE ( 'NONE', *, *, #24, .F. ) ;
#255 = ORIENTED_EDGE ( 'NONE', *, *, #1175, .F. ) ;
#256 = DIRECTION ( 'NONE',  ( 1.000000000000000000, 0.000000000000000000, 0.000000000000000000 ) ) ;
#257 = AXIS2_PLACEMENT_3D ( 'NONE', #1205, #48, #382 ) ;
#258 = DIRECTION ( 'NONE',  ( 1.000000000000000000, -0.000000000000000000, -0.000000000000000000 ) ) ;
#259 = EDGE_CURVE ( 'NONE', #359, #696, #713, .T. ) ;
#260 = AXIS2_PLACEMENT_3D ( 'NONE', #768, #893, #68 ) ;
#261 = ORIENTED_EDGE ( 'NONE', *, *, #355, .F. ) ;
#262 = DIRECTION ( 'NONE',  ( 0.000000000000000000, 0.000000000000000000, -1.000000000000000000 ) ) ;
#263 = DIRECTION ( 'NONE',  ( -1.000000000000000000, -0.000000000000000000, -0.000000000000000000 ) ) ;
#264 = LINE ( 'NONE', #876, #542 ) ;
#265 = ORIENTED_EDGE ( 'NONE', *, *, #642, .T. ) ;
#266 = CARTESIAN_POINT ( 'NONE',  ( 10.50000000000003730, -32.09999999999999432, -1.999999999999973577 ) ) ;
#267 = ORIENTED_EDGE ( 'NONE', *, *, #811, .T. ) ;
#268 = AXIS2_PLACEMENT_3D ( 'NONE', #1124, #1512, #429 ) ;
#269 = AXIS2_PLACEMENT_3D ( 'NONE', #553, #1231, #548 ) ;
#270 = CARTESIAN_POINT ( 'NONE',  ( -2.000000000000000000, -17.00000000000016698, -1.000000000000001998 ) ) ;
#271 = CARTESIAN_POINT ( 'NONE',  ( -1.674235084072327211E-17, -25.48662834637175578, -0.09114111297167724890 ) ) ;
#272 = ORIENTED_EDGE ( 'NONE', *, *, #1119, .T. ) ;
#273 = DIRECTION ( 'NONE',  ( 0.000000000000000000, 0.4472135954999605367, -0.8944271909999146342 ) ) ;
#274 = LINE ( 'NONE', #18, #245 ) ;
#275 = EDGE_CURVE ( 'NONE', #1426, #630, #405, .T. ) ;
#276 = ORIENTED_EDGE ( 'NONE', *, *, #1308, .T. ) ;
#277 = CARTESIAN_POINT ( 'NONE',  ( -10.00000000000000000, -17.01111111111112351, 0.1829729340012513361 ) ) ;
#278 = EDGE_LOOP ( 'NONE', ( #1081, #1130, #730, #66 ) ) ;
#279 = CIRCLE ( 'NONE', #705, 2.599999999999998312 ) ;
#280 = ORIENTED_EDGE ( 'NONE', *, *, #487, .F. ) ;
#281 = CARTESIAN_POINT ( 'NONE',  ( -10.00000000000000000, -16.83333333333334281, -1.407119849998608396 ) ) ;
#282 = DIRECTION ( 'NONE',  ( 1.000000000000000000, 0.000000000000000000, 0.000000000000000000 ) ) ;
#283 = DIRECTION ( 'NONE',  ( -1.000000000000000000, 2.465190328815661892E-32, 0.000000000000000000 ) ) ;
#284 = DIRECTION ( 'NONE',  ( -1.000000000000000000, -0.000000000000000000, 0.000000000000000000 ) ) ;
#285 = EDGE_CURVE ( 'NONE', #892, #1420, #1473, .T. ) ;
#286 = DIRECTION ( 'NONE',  ( 0.000000000000000000, 0.000000000000000000, 1.000000000000000000 ) ) ;
#287 = FACE_OUTER_BOUND ( 'NONE', #1183, .T. ) ;
#288 = DIRECTION ( 'NONE',  ( -1.000000000000000000, 0.000000000000000000, 3.491481338843134144E-15 ) ) ;
#289 = CARTESIAN_POINT ( 'NONE',  ( -2.000000000000000000, -1.899999999999988587, 13.49999999999999645 ) ) ;
#290 = DIRECTION ( 'NONE',  ( -1.000000000000000000, -0.000000000000000000, -0.000000000000000000 ) ) ;
#291 = VERTEX_POINT ( 'NONE', #837 ) ;
#292 = PRODUCT_DEFINITION_SHAPE ( 'NONE', 'NONE',  #1249 ) ;
#293 = CARTESIAN_POINT ( 'NONE',  ( 0.000000000000000000, -42.23606797749980757, 9.381966011250035820 ) ) ;
#294 = VERTEX_POINT ( 'NONE', #351 ) ;
#295 = SHAPE_DEFINITION_REPRESENTATION ( #292, #593 ) ;
#296 = FACE_OUTER_BOUND ( 'NONE', #1192, .T. ) ;
#297 = VECTOR ( 'NONE', #411, 1000.000000000000000 ) ;
#298 = VECTOR ( 'NONE', #612, 1000.000000000000000 ) ;
#299 = CARTESIAN_POINT ( 'NONE',  ( 15.00000000000003730, -30.00000000000000000, -2.000000000000029310 ) ) ;
#300 = CIRCLE ( 'NONE', #1477, 5.000000000000000888 ) ;
#301 = EDGE_CURVE ( 'NONE', #897, #942, #583, .T. ) ;
#302 = CARTESIAN_POINT ( 'NONE',  ( 0.000000000000000000, -24.62732200375003089, 0.3333333333333299842 ) ) ;
#303 = CIRCLE ( 'NONE', #1303, 16.60000000000001208 ) ;
#304 = FILL_AREA_STYLE ('',( #413 ) ) ;
#305 = CYLINDRICAL_SURFACE ( 'NONE', #905, 2.599999999999998312 ) ;
#306 = VERTEX_POINT ( 'NONE', #479 ) ;
#307 = MECHANICAL_DESIGN_GEOMETRIC_PRESENTATION_REPRESENTATION (  '', ( #86 ), #40 ) ;
#308 = DIRECTION ( 'NONE',  ( -1.000000000000000000, 0.000000000000000000, 3.491481338843134144E-15 ) ) ;
#309 = VERTEX_POINT ( 'NONE', #366 ) ;
#310 = ADVANCED_FACE ( 'NONE', ( #1489 ), #220, .F. ) ;
#311 = EDGE_CURVE ( 'NONE', #1029, #718, #1157, .T. ) ;
#312 = EDGE_LOOP ( 'NONE', ( #1452, #962, #1253, #272 ) ) ;
#313 = EDGE_LOOP ( 'NONE', ( #1456, #901, #524, #492, #677, #853 ) ) ;
#314 = FACE_OUTER_BOUND ( 'NONE', #312, .T. ) ;
#315 = DIRECTION ( 'NONE',  ( 1.000000000000000000, -0.000000000000000000, -0.000000000000000000 ) ) ;
#316 = ORIENTED_EDGE ( 'NONE', *, *, #364, .F. ) ;
#317 = AXIS2_PLACEMENT_3D ( 'NONE', #571, #207, #1009 ) ;
#318 = EDGE_LOOP ( 'NONE', ( #33, #14, #114, #401 ) ) ;
#319 = DIRECTION ( 'NONE',  ( 0.000000000000000000, 1.615111459712161585E-32, 1.000000000000000000 ) ) ;
#320 = FACE_OUTER_BOUND ( 'NONE', #318, .T. ) ;
#321 = AXIS2_PLACEMENT_3D ( 'NONE', #1461, #871, #883 ) ;
#322 = ORIENTED_EDGE ( 'NONE', *, *, #970, .T. ) ;
#323 = ADVANCED_FACE ( 'NONE', ( #426 ), #819, .T. ) ;
#324 = CARTESIAN_POINT ( 'NONE',  ( 15.50000000000003730, -29.50000000000000000, -4.000000000000030198 ) ) ;
#325 = FACE_OUTER_BOUND ( 'NONE', #1361, .T. ) ;
#326 = EDGE_CURVE ( 'NONE', #696, #1426, #528, .T. ) ;
#327 = CARTESIAN_POINT ( 'NONE',  ( 0.000000000000000000, -18.50000000000000000, 11.89999999999999503 ) ) ;
#328 = CARTESIAN_POINT ( 'NONE',  ( 10.50000000000003730, -37.89999999999999858, -11.99999999999997335 ) ) ;
#329 = DIRECTION ( 'NONE',  ( 1.000000000000000000, -0.000000000000000000, -0.000000000000000000 ) ) ;
#330 = ADVANCED_FACE ( 'NONE', ( #545 ), #161, .F. ) ;
#331 = EDGE_LOOP ( 'NONE', ( #990, #770, #1045, #946 ) ) ;
#332 = CARTESIAN_POINT ( 'NONE',  ( -2.000000000000000000, -18.50000000000000000, 13.49999999999999822 ) ) ;
#333 = DIRECTION ( 'NONE',  ( -1.000000000000000000, -0.000000000000000000, 0.000000000000000000 ) ) ;
#334 = EDGE_CURVE ( 'NONE', #306, #1415, #490, .T. ) ;
#335 = LINE ( 'NONE', #1185, #633 ) ;
#336 = CIRCLE ( 'NONE', #1515, 13.39999999999999858 ) ;
#337 = DIRECTION ( 'NONE',  ( 0.000000000000000000, -1.000000000000000000, 0.000000000000000000 ) ) ;
#338 = DIRECTION ( 'NONE',  ( 0.000000000000000000, -0.000000000000000000, -1.000000000000000000 ) ) ;
#339 = LINE ( 'NONE', #1162, #41 ) ;
#340 = CARTESIAN_POINT ( 'NONE',  ( -2.000000000000000000, 0.000000000000000000, 0.000000000000000000 ) ) ;
#341 = DIRECTION ( 'NONE',  ( 1.000000000000000000, 0.000000000000000000, 0.000000000000000000 ) ) ;
#342 = ORIENTED_EDGE ( 'NONE', *, *, #877, .T. ) ;
#343 = ORIENTED_EDGE ( 'NONE', *, *, #795, .T. ) ;
#344 = ORIENTED_EDGE ( 'NONE', *, *, #1175, .T. ) ;
#345 = DIRECTION ( 'NONE',  ( -3.491481338843134144E-15, 1.224646799147353454E-16, -1.000000000000000000 ) ) ;
#346 = LINE ( 'NONE', #1153, #1222 ) ;
#347 = DIRECTION ( 'NONE',  ( 7.888609052210118054E-31, 1.224646799147353207E-16, -1.000000000000000000 ) ) ;
#348 = EDGE_CURVE ( 'NONE', #686, #294, #163, .T. ) ;
#349 = AXIS2_PLACEMENT_3D ( 'NONE', #1399, #1430, #1404 ) ;
#350 = CARTESIAN_POINT ( 'NONE',  ( 0.000000000000000000, -5.000000000000001776, 12.99999999999999822 ) ) ;
#351 = CARTESIAN_POINT ( 'NONE',  ( 18.10000000000004050, -40.49999999999999289, -1.999999999999973577 ) ) ;
#352 = DIRECTION ( 'NONE',  ( 1.000000000000000000, -0.000000000000000000, -0.000000000000000000 ) ) ;
#353 = EDGE_LOOP ( 'NONE', ( #378, #99, #558, #511 ) ) ;
#354 = CARTESIAN_POINT ( 'NONE',  ( -2.000000000000000000, -23.81966011250105453, 12.99999999999999467 ) ) ;
#355 = EDGE_CURVE ( 'NONE', #15, #1449, #830, .T. ) ;
#356 = VECTOR ( 'NONE', #661, 1000.000000000000000 ) ;
#357 = FILL_AREA_STYLE_COLOUR ( '', #560 ) ;
#358 = VERTEX_POINT ( 'NONE', #1204 ) ;
#359 = VERTEX_POINT ( 'NONE', #622 ) ;
#360 = CARTESIAN_POINT ( 'NONE',  ( 10.50000000000003730, -29.50000000000000000, -11.99999999999997335 ) ) ;
#361 = ORIENTED_EDGE ( 'NONE', *, *, #1370, .T. ) ;
#362 = VERTEX_POINT ( 'NONE', #43 ) ;
#363 = CARTESIAN_POINT ( 'NONE',  ( -2.000000000000000000, -16.65555555555557277, -2.997212633998463716 ) ) ;
#364 = EDGE_CURVE ( 'NONE', #1268, #1193, #142, .T. ) ;
#365 = CARTESIAN_POINT ( 'NONE',  ( 0.000000000000000000, -26.05572809000085854, 17.47213595499956895 ) ) ;
#366 = CARTESIAN_POINT ( 'NONE',  ( 10.50000000000003730, -37.89999999999999858, -4.000000000000022204 ) ) ;
#367 = DIRECTION ( 'NONE',  ( 1.000000000000000000, -0.000000000000000000, -0.000000000000000000 ) ) ;
#368 = EDGE_LOOP ( 'NONE', ( #934, #1138, #862, #122, #860 ) ) ;
#369 = DIRECTION ( 'NONE',  ( 0.000000000000000000, 0.000000000000000000, 1.000000000000000000 ) ) ;
#370 = EDGE_LOOP ( 'NONE', ( #824, #181, #843, #230 ) ) ;
#371 = CIRCLE ( 'NONE', #591, 2.599999999999998312 ) ;
#372 = CARTESIAN_POINT ( 'NONE',  ( 15.50000000000004086, -40.49999999999999289, -4.000000000000032863 ) ) ;
#373 = CARTESIAN_POINT ( 'NONE',  ( 0.000000000000000000, -5.000000000000000888, 18.00000000000000000 ) ) ;
#374 = CARTESIAN_POINT ( 'NONE',  ( -2.000000000000000000, 1.224646799147353207E-16, -1.000000000000000000 ) ) ;
#375 = ORIENTED_EDGE ( 'NONE', *, *, #1478, .F. ) ;
#376 = DIRECTION ( 'NONE',  ( 1.000000000000000000, -0.000000000000000000, -0.000000000000000000 ) ) ;
#377 = DIRECTION ( 'NONE',  ( 0.000000000000000000, -1.224646799147353207E-16, 1.000000000000000000 ) ) ;
#378 = ORIENTED_EDGE ( 'NONE', *, *, #1014, .T. ) ;
#379 = VECTOR ( 'NONE', #162, 1000.000000000000000 ) ;
#380 = EDGE_LOOP ( 'NONE', ( #1520, #805, #1382, #88, #385, #1006, #543, #12, #22, #563, #639, #344, #52, #692, #1042 ) ) ;
#381 = B_SPLINE_CURVE_WITH_KNOTS ( 'NONE', 1,
 ( #1352, #1480 ),
 .UNSPECIFIED., .F., .F.,
 ( 2, 2 ),
 ( 0.000000000000000000, 1.000000000000000000 ),
 .UNSPECIFIED. ) ;
#382 = DIRECTION ( 'NONE',  ( 0.000000000000000000, -2.081668171172168513E-14, 1.000000000000000000 ) ) ;
#383 = EDGE_CURVE ( 'NONE', #1485, #1467, #112, .T. ) ;
#384 = ORIENTED_EDGE ( 'NONE', *, *, #194, .T. ) ;
#385 = ORIENTED_EDGE ( 'NONE', *, *, #1349, .T. ) ;
#386 = CARTESIAN_POINT ( 'NONE',  ( -10.00000000000000000, -18.50000000000000000, 11.89999999999999503 ) ) ;
#387 = ORIENTED_EDGE ( 'NONE', *, *, #1251, .T. ) ;
#388 = EDGE_CURVE ( 'NONE', #1429, #1105, #489, .T. ) ;
#389 = FACE_OUTER_BOUND ( 'NONE', #971, .T. ) ;
#390 = DIRECTION ( 'NONE',  ( -3.491481338843134144E-15, 1.224646799147353454E-16, -1.000000000000000000 ) ) ;
#391 = AXIS2_PLACEMENT_3D ( 'NONE', #1188, #337, #106 ) ;
#392 = CARTESIAN_POINT ( 'NONE',  ( 10.50000000000003730, -43.09999999999999432, -11.99999999999997335 ) ) ;
#393 = CARTESIAN_POINT ( 'NONE',  ( -10.00000000000000000, -18.50000000000000000, 13.49999999999999822 ) ) ;
#394 = PLANE ( 'NONE',  #171 ) ;
#395 = CARTESIAN_POINT ( 'NONE',  ( 2.000000000000000000, -45.00000000000000000, -5.510910596163091133E-15 ) ) ;
#396 = DIRECTION ( 'NONE',  ( 1.000000000000000000, -0.000000000000000000, -0.000000000000000000 ) ) ;
#397 = CARTESIAN_POINT ( 'NONE',  ( -2.000000000000000000, 1.224646799147353207E-16, -1.000000000000000000 ) ) ;
#398 = EDGE_CURVE ( 'NONE', #482, #1152, #793, .T. ) ;
#399 = ORIENTED_EDGE ( 'NONE', *, *, #406, .T. ) ;
#400 = ORIENTED_EDGE ( 'NONE', *, *, #1499, .F. ) ;
#401 = ORIENTED_EDGE ( 'NONE', *, *, #822, .F. ) ;
#402 = VECTOR ( 'NONE', #288, 1000.000000000000000 ) ;
#403 = CARTESIAN_POINT ( 'NONE',  ( 0.000000000000000000, -18.50000000000000000, 13.49999999999999822 ) ) ;
#404 = ADVANCED_FACE ( 'NONE', ( #711 ), #108, .T. ) ;
#405 = CIRCLE ( 'NONE', #767, 5.000000000000000888 ) ;
#406 = EDGE_CURVE ( 'NONE', #482, #686, #371, .T. ) ;
#407 = VERTEX_POINT ( 'NONE', #1325 ) ;
#408 = DIRECTION ( 'NONE',  ( 0.000000000000000000, 1.615111459712161585E-32, 1.000000000000000000 ) ) ;
#409 = CIRCLE ( 'NONE', #1, 2.599999999999998312 ) ;
#410 = LINE ( 'NONE', #39, #379 ) ;
#411 = DIRECTION ( 'NONE',  ( 0.000000000000000000, -1.224646799147353207E-16, 1.000000000000000000 ) ) ;
#412 = EDGE_LOOP ( 'NONE', ( #1406, #1007, #1451, #1101, #868, #255 ) ) ;
#413 = FILL_AREA_STYLE_COLOUR ( '', #1233 ) ;
#414 = LINE ( 'NONE', #640, #1189 ) ;
#415 = EDGE_CURVE ( 'NONE', #215, #589, #186, .T. ) ;
#416 = ORIENTED_EDGE ( 'NONE', *, *, #1055, .F. ) ;
#417 = CARTESIAN_POINT ( 'NONE',  ( 15.00000000000003020, -30.00000000000000000, -4.000000000000030198 ) ) ;
#418 = ORIENTED_EDGE ( 'NONE', *, *, #474, .F. ) ;
#419 = EDGE_LOOP ( 'NONE', ( #1519, #173, #322, #807 ) ) ;
#420 = VERTEX_POINT ( 'NONE', #1331 ) ;
#421 = SURFACE_STYLE_USAGE ( .BOTH. , #886 ) ;
#422 = ORIENTED_EDGE ( 'NONE', *, *, #1417, .F. ) ;
#423 = FACE_BOUND ( 'NONE', #368, .T. ) ;
#424 = VERTEX_POINT ( 'NONE', #982 ) ;
#425 = ORIENTED_EDGE ( 'NONE', *, *, #275, .T. ) ;
#426 = FACE_OUTER_BOUND ( 'NONE', #1517, .T. ) ;
#427 = DIRECTION ( 'NONE',  ( -1.000000000000000000, 0.000000000000000000, 3.491481338843134144E-15 ) ) ;
#428 = EDGE_CURVE ( 'NONE', #650, #420, #1391, .T. ) ;
#429 = DIRECTION ( 'NONE',  ( -1.000000000000000000, 0.000000000000000000, 3.336006684570784876E-15 ) ) ;
#430 = CYLINDRICAL_SURFACE ( 'NONE', #28, 5.000000000000000888 ) ;
#431 = ORIENTED_EDGE ( 'NONE', *, *, #1033, .F. ) ;
#432 = ADVANCED_FACE ( 'NONE', ( #754 ), #139, .T. ) ;
#433 = ORIENTED_EDGE ( 'NONE', *, *, #1447, .T. ) ;
#434 = CARTESIAN_POINT ( 'NONE',  ( -2.000000000000000000, -40.00000000000000000, 4.909830056250465091 ) ) ;
#435 = AXIS2_PLACEMENT_3D ( 'NONE', #1165, #1174, #587 ) ;
#436 = DIRECTION ( 'NONE',  ( -1.301042606982605321E-16, 1.000000000000000000, 1.224646799147357891E-16 ) ) ;
#437 = CARTESIAN_POINT ( 'NONE',  ( 0.000000000000000000, -16.83333333333334281, -1.407119849998608396 ) ) ;
#438 = EDGE_CURVE ( 'NONE', #1039, #1474, #336, .T. ) ;
#439 = ORIENTED_EDGE ( 'NONE', *, *, #334, .T. ) ;
#440 = LINE ( 'NONE', #466, #1362 ) ;
#441 = CARTESIAN_POINT ( 'NONE',  ( 15.50000000000003730, -26.89999999999999858, -11.99999999999997335 ) ) ;
#442 = DIRECTION ( 'NONE',  ( 0.000000000000000000, -1.000000000000000000, -0.000000000000000000 ) ) ;
#443 = ADVANCED_FACE ( 'NONE', ( #36 ), #205, .T. ) ;
#444 = DIRECTION ( 'NONE',  ( -0.000000000000000000, 1.000000000000000000, 1.224646799147353454E-16 ) ) ;
#445 = CARTESIAN_POINT ( 'NONE',  ( 2.000000000000000888, -24.99999999999998934, -2.000000000000003109 ) ) ;
#446 = VECTOR ( 'NONE', #1078, 1000.000000000000000 ) ;
#447 = AXIS2_PLACEMENT_3D ( 'NONE', #1148, #933, #233 ) ;
#448 = CARTESIAN_POINT ( 'NONE',  ( -2.000000000000000000, -23.88196601125010332, 0.9999999999999972244 ) ) ;
#449 = ORIENTED_EDGE ( 'NONE', *, *, #855, .T. ) ;
#450 = PLANE ( 'NONE',  #618 ) ;
#451 = LINE ( 'NONE', #480, #716 ) ;
#452 = ADVANCED_FACE ( 'NONE', ( #869 ), #1230, .F. ) ;
#453 = LINE ( 'NONE', #1396, #550 ) ;
#454 = AXIS2_PLACEMENT_3D ( 'NONE', #693, #936, #1395 ) ;
#455 = VECTOR ( 'NONE', #1511, 1000.000000000000000 ) ;
#456 = DIRECTION ( 'NONE',  ( -0.000000000000000000, -0.000000000000000000, -1.000000000000000000 ) ) ;
#457 = DIRECTION ( 'NONE',  ( 0.000000000000000000, 1.615111459712161585E-32, 1.000000000000000000 ) ) ;
#458 = CARTESIAN_POINT ( 'NONE',  ( -1.999999999999999112, -45.00000000000000000, -6.245698675651502022E-15 ) ) ;
#459 = LINE ( 'NONE', #277, #1091 ) ;
#460 = ADVANCED_FACE ( 'NONE', ( #679 ), #394, .T. ) ;
#461 = ORIENTED_EDGE ( 'NONE', *, *, #1251, .F. ) ;
#462 = DIRECTION ( 'NONE',  ( 0.000000000000000000, 0.000000000000000000, 1.000000000000000000 ) ) ;
#463 = VECTOR ( 'NONE', #396, 1000.000000000000000 ) ;
#464 = EDGE_CURVE ( 'NONE', #1415, #420, #381, .T. ) ;
#465 = CIRCLE ( 'NONE', #731, 1.600000000000002531 ) ;
#466 = CARTESIAN_POINT ( 'NONE',  ( 0.000000000000000000, 0.000000000000000000, -6.000000000000000000 ) ) ;
#467 = ORIENTED_EDGE ( 'NONE', *, *, #920, .T. ) ;
#468 = DIRECTION ( 'NONE',  ( 1.000000000000000000, 0.000000000000000000, -3.491481338843134144E-15 ) ) ;
#469 = CARTESIAN_POINT ( 'NONE',  ( 10.50000000000003730, -37.89999999999999858, -11.99999999999997335 ) ) ;
#470 = ORIENTED_EDGE ( 'NONE', *, *, #156, .T. ) ;
#471 = DIRECTION ( 'NONE',  ( -1.000000000000000000, 0.000000000000000000, 3.336006684570784876E-15 ) ) ;
#472 = ORIENTED_EDGE ( 'NONE', *, *, #855, .F. ) ;
#473 = CARTESIAN_POINT ( 'NONE',  ( -10.00000000000000000, -18.50000000000000000, 13.49999999999999822 ) ) ;
#474 = EDGE_CURVE ( 'NONE', #1327, #1309, #264, .T. ) ;
#475 = DIRECTION ( 'NONE',  ( 1.000000000000000000, -2.465190328815661892E-32, 0.000000000000000000 ) ) ;
#476 = AXIS2_PLACEMENT_3D ( 'NONE', #831, #1516, #26 ) ;
#477 =( LENGTH_UNIT ( ) NAMED_UNIT ( * ) SI_UNIT ( .MILLI., .METRE. ) );
#478 = ORIENTED_EDGE ( 'NONE', *, *, #259, .T. ) ;
#479 = CARTESIAN_POINT ( 'NONE',  ( -2.000000000000000000, -24.62732200375003089, 0.3333333333333299842 ) ) ;
#480 = CARTESIAN_POINT ( 'NONE',  ( -2.000000000000000000, -22.00000000000016698, -1.000000000000002887 ) ) ;
#481 = ORIENTED_EDGE ( 'NONE', *, *, #253, .F. ) ;
#482 = VERTEX_POINT ( 'NONE', #522 ) ;
#483 = ORIENTED_EDGE ( 'NONE', *, *, #1060, .T. ) ;
#484 = CARTESIAN_POINT ( 'NONE',  ( 15.50000000000004086, -40.49999999999999289, -11.99999999999997335 ) ) ;
#485 = DIRECTION ( 'NONE',  ( 1.000000000000000000, 0.000000000000000000, -0.000000000000000000 ) ) ;
#486 = ORIENTED_EDGE ( 'NONE', *, *, #920, .F. ) ;
#487 = EDGE_CURVE ( 'NONE', #630, #1485, #237, .T. ) ;
#488 = CARTESIAN_POINT ( 'NONE',  ( 0.1372888023487574827, -24.99999999999998934, -0.7282218028490211603 ) ) ;
#489 = LINE ( 'NONE', #854, #1098 ) ;
#490 = CIRCLE ( 'NONE', #1509, 0.5000000000000005551 ) ;
#491 = DIRECTION ( 'NONE',  ( -0.000000000000000000, 1.000000000000000000, 1.224646799147353454E-16 ) ) ;
#492 = ORIENTED_EDGE ( 'NONE', *, *, #1219, .T. ) ;
#493 = DIRECTION ( 'NONE',  ( -1.000000000000000000, -0.000000000000000000, 0.000000000000000000 ) ) ;
#494 = EDGE_LOOP ( 'NONE', ( #660, #1397, #748, #1425 ) ) ;
#495 = CARTESIAN_POINT ( 'NONE',  ( -1.923926894062346848, -25.12169828623881429, -0.8579953612939931196 ) ) ;
#496 = CARTESIAN_POINT ( 'NONE',  ( 18.10000000000004050, -40.49999999999999289, -11.99999999999997335 ) ) ;
#497 = DIRECTION ( 'NONE',  ( 0.000000000000000000, 0.000000000000000000, 1.000000000000000000 ) ) ;
#498 = EDGE_CURVE ( 'NONE', #509, #1022, #1350, .T. ) ;
#499 = DIRECTION ( 'NONE',  ( 0.000000000000000000, -1.000000000000000000, -1.541976423090495387E-16 ) ) ;
#500 = VECTOR ( 'NONE', #283, 1000.000000000000000 ) ;
#501 = DIRECTION ( 'NONE',  ( 3.491481338843133355E-15, -1.224646799147353700E-16, 1.000000000000000000 ) ) ;
#502 = ORIENTED_EDGE ( 'NONE', *, *, #1297, .T. ) ;
#503 = VERTEX_POINT ( 'NONE', #1340 ) ;
#504 = B_SPLINE_CURVE_WITH_KNOTS ( 'NONE', 3,
 ( #143, #495, #574, #1525 ),
 .UNSPECIFIED., .F., .F.,
 ( 4, 4 ),
 ( 0.000000000000000000, 1.000000000000000000 ),
 .UNSPECIFIED. ) ;
#505 = EDGE_CURVE ( 'NONE', #358, #1429, #996, .T. ) ;
#506 = ORIENTED_EDGE ( 'NONE', *, *, #415, .F. ) ;
#507 = CARTESIAN_POINT ( 'NONE',  ( -2.000000000000000000, -24.99999999999999645, 18.00000000000000355 ) ) ;
#508 = CARTESIAN_POINT ( 'NONE',  ( 0.1372888023487574827, -24.99999999999998934, -0.7282218028490211603 ) ) ;
#509 = VERTEX_POINT ( 'NONE', #61 ) ;
#510 = FACE_OUTER_BOUND ( 'NONE', #798, .T. ) ;
#511 = ORIENTED_EDGE ( 'NONE', *, *, #992, .T. ) ;
#512 = DIRECTION ( 'NONE',  ( 0.000000000000000000, 0.000000000000000000, 1.000000000000000000 ) ) ;
#513 = DIRECTION ( 'NONE',  ( 0.000000000000000000, 1.615111459712161585E-32, 1.000000000000000000 ) ) ;
#514 = AXIS2_PLACEMENT_3D ( 'NONE', #1108, #1121, #654 ) ;
#515 = DIRECTION ( 'NONE',  ( -1.000000000000000000, 0.000000000000000000, 3.336006684570784876E-15 ) ) ;
#516 = EDGE_CURVE ( 'NONE', #294, #1152, #929, .T. ) ;
#517 = DIRECTION ( 'NONE',  ( 0.000000000000000000, -1.615111459712161585E-32, -1.000000000000000000 ) ) ;
#518 = LINE ( 'NONE', #47, #744 ) ;
#519 = DIRECTION ( 'NONE',  ( -0.000000000000000000, -0.000000000000000000, -1.000000000000000000 ) ) ;
#520 = EDGE_LOOP ( 'NONE', ( #873, #966, #486, #222, #157 ) ) ;
#521 = EDGE_LOOP ( 'NONE', ( #261, #254, #77, #1035 ) ) ;
#522 = CARTESIAN_POINT ( 'NONE',  ( 15.50000000000004086, -37.89999999999999858, -4.000000000000023981 ) ) ;
#523 = CARTESIAN_POINT ( 'NONE',  ( 3.035766082959412415E-15, -45.00000000000000000, -7.194231604592556361E-15 ) ) ;
#524 = ORIENTED_EDGE ( 'NONE', *, *, #383, .F. ) ;
#525 = VERTEX_POINT ( 'NONE', #999 ) ;
#526 = CIRCLE ( 'NONE', #244, 2.599999999999998312 ) ;
#527 = EDGE_CURVE ( 'NONE', #15, #722, #1137, .T. ) ;
#528 = LINE ( 'NONE', #1084, #1333 ) ;
#529 = DIRECTION ( 'NONE',  ( 0.000000000000000000, 1.615111459712161585E-32, 1.000000000000000000 ) ) ;
#530 = FACE_OUTER_BOUND ( 'NONE', #380, .T. ) ;
#531 = FACE_OUTER_BOUND ( 'NONE', #1385, .T. ) ;
#532 = CARTESIAN_POINT ( 'NONE',  ( 0.08321982098699362562, -25.01057420588550784, -0.5899193012840754369 ) ) ;
#533 =( NAMED_UNIT ( * ) SI_UNIT ( $, .STERADIAN. ) SOLID_ANGLE_UNIT ( ) );
#534 = DIRECTION ( 'NONE',  ( 3.491481338843134144E-15, -1.224646799147353454E-16, 1.000000000000000000 ) ) ;
#535 = ORIENTED_EDGE ( 'NONE', *, *, #127, .T. ) ;
#536 = CARTESIAN_POINT ( 'NONE',  ( -2.000000000000000000, -23.00000000000016342, -2.816687638038932862E-15 ) ) ;
#537 = ORIENTED_EDGE ( 'NONE', *, *, #311, .F. ) ;
#538 = LINE ( 'NONE', #201, #1446 ) ;
#539 = DIRECTION ( 'NONE',  ( -3.491481338843133355E-15, 1.224646799147353700E-16, -1.000000000000000000 ) ) ;
#540 = ORIENTED_EDGE ( 'NONE', *, *, #10, .F. ) ;
#541 = ORIENTED_EDGE ( 'NONE', *, *, #1119, .F. ) ;
#542 = VECTOR ( 'NONE', #290, 1000.000000000000000 ) ;
#543 = ORIENTED_EDGE ( 'NONE', *, *, #1146, .T. ) ;
#544 = CARTESIAN_POINT ( 'NONE',  ( -2.000000000000000000, -23.88196601125010332, -2.924697323302332346E-15 ) ) ;
#545 = FACE_OUTER_BOUND ( 'NONE', #733, .T. ) ;
#546 = ORIENTED_EDGE ( 'NONE', *, *, #1308, .F. ) ;
#547 = AXIS2_PLACEMENT_3D ( 'NONE', #922, #689, #110 ) ;
#548 = DIRECTION ( 'NONE',  ( 0.000000000000000000, 0.000000000000000000, -1.000000000000000000 ) ) ;
#549 = ADVANCED_FACE ( 'NONE', ( #1310, #967, #73 ), #1217, .T. ) ;
#550 = VECTOR ( 'NONE', #1135, 1000.000000000000000 ) ;
#551 = AXIS2_PLACEMENT_3D ( 'NONE', #925, #1317, #1255 ) ;
#552 = LINE ( 'NONE', #958, #1419 ) ;
#553 = CARTESIAN_POINT ( 'NONE',  ( 2.000000000000000000, -14.60522802493444416, -1.788624575155319047E-15 ) ) ;
#554 = EDGE_CURVE ( 'NONE', #1022, #1172, #1269, .T. ) ;
#555 = VECTOR ( 'NONE', #263, 1000.000000000000000 ) ;
#556 = ADVANCED_FACE ( 'NONE', ( #646 ), #891, .F. ) ;
#557 = AXIS2_PLACEMENT_3D ( 'NONE', #434, #1254, #1392 ) ;
#558 = ORIENTED_EDGE ( 'NONE', *, *, #703, .F. ) ;
#559 = ORIENTED_EDGE ( 'NONE', *, *, #1080, .T. ) ;
#560 = COLOUR_RGB ( '',0.6470588235294117974, 0.6196078431372549211, 0.5882352941176470784 ) ;
#561 = ORIENTED_EDGE ( 'NONE', *, *, #383, .T. ) ;
#562 = PRESENTATION_STYLE_ASSIGNMENT (( #421 ) ) ;
#563 = ORIENTED_EDGE ( 'NONE', *, *, #1381, .T. ) ;
#564 = FACE_OUTER_BOUND ( 'NONE', #313, .T. ) ;
#565 = DIRECTION ( 'NONE',  ( 0.000000000000000000, 0.000000000000000000, -1.000000000000000000 ) ) ;
#566 = DIRECTION ( 'NONE',  ( 1.000000000000000000, 0.000000000000000000, -0.000000000000000000 ) ) ;
#567 = ADVANCED_FACE ( 'NONE', ( #216 ), #1431, .T. ) ;
#568 = DIRECTION ( 'NONE',  ( 0.000000000000000000, -1.000000000000000000, -1.224646799147353454E-16 ) ) ;
#569 = ADVANCED_FACE ( 'NONE', ( #1288 ), #663, .F. ) ;
#570 = EDGE_CURVE ( 'NONE', #359, #674, #1486, .T. ) ;
#571 = CARTESIAN_POINT ( 'NONE',  ( 0.000000000000000000, -16.83333333333334281, -1.407119849998608396 ) ) ;
#572 = DIRECTION ( 'NONE',  ( 1.000000000000000000, 0.000000000000000000, 0.000000000000000000 ) ) ;
#573 = CARTESIAN_POINT ( 'NONE',  ( 18.10000000000003695, -29.50000000000000000, -11.99999999999997335 ) ) ;
#574 = CARTESIAN_POINT ( 'NONE',  ( -1.833692989019201747, -25.01058717512770002, -1.179499347089663086 ) ) ;
#575 = DIRECTION ( 'NONE',  ( 0.000000000000000000, 0.000000000000000000, -1.000000000000000000 ) ) ;
#576 = DIRECTION ( 'NONE',  ( 3.491481338843133355E-15, -1.224646799147353700E-16, 1.000000000000000000 ) ) ;
#577 = EDGE_CURVE ( 'NONE', #686, #892, #526, .T. ) ;
#578 = EDGE_LOOP ( 'NONE', ( #823, #907, #107, #810 ) ) ;
#579 = EDGE_LOOP ( 'NONE', ( #1285, #1092, #416, #771, #704 ) ) ;
#580 = DIRECTION ( 'NONE',  ( 0.000000000000000000, 0.000000000000000000, 1.000000000000000000 ) ) ;
#581 = ORIENTED_EDGE ( 'NONE', *, *, #751, .F. ) ;
#582 = CARTESIAN_POINT ( 'NONE',  ( 18.10000000000003695, -29.50000000000000000, -4.000000000000039080 ) ) ;
#583 = CIRCLE ( 'NONE', #951, 2.599999999999998312 ) ;
#584 = ORIENTED_EDGE ( 'NONE', *, *, #1008, .T. ) ;
#585 = ORIENTED_EDGE ( 'NONE', *, *, #626, .F. ) ;
#586 = DIRECTION ( 'NONE',  ( 0.000000000000000000, 1.615111459712161585E-32, 1.000000000000000000 ) ) ;
#587 = DIRECTION ( 'NONE',  ( 0.000000000000000000, 0.000000000000000000, -1.000000000000000000 ) ) ;
#588 = EDGE_CURVE ( 'NONE', #602, #827, #1471, .T. ) ;
#589 = VERTEX_POINT ( 'NONE', #100 ) ;
#590 = CIRCLE ( 'NONE', #1239, 5.000000000000000888 ) ;
#591 = AXIS2_PLACEMENT_3D ( 'NONE', #372, #625, #1464 ) ;
#592 = FILL_AREA_STYLE ('',( #357 ) ) ;
#593 = ADVANCED_BREP_SHAPE_REPRESENTATION ( '03_Halterung Deckelsensor', ( #1025, #551 ), #1500 ) ;
#594 = CYLINDRICAL_SURFACE ( 'NONE', #321, 1.000000000000000000 ) ;
#595 = DIRECTION ( 'NONE',  ( -1.000000000000000000, -0.000000000000000000, 0.000000000000000000 ) ) ;
#596 = ORIENTED_EDGE ( 'NONE', *, *, #1187, .F. ) ;
#597 = CARTESIAN_POINT ( 'NONE',  ( 15.00000000000003020, -40.00000000000000000, -4.000000000000031086 ) ) ;
#598 = EDGE_CURVE ( 'NONE', #1211, #762, #984, .T. ) ;
#599 = VECTOR ( 'NONE', #456, 1000.000000000000000 ) ;
#600 = VECTOR ( 'NONE', #102, 1000.000000000000000 ) ;
#601 = CARTESIAN_POINT ( 'NONE',  ( 2.298508605669269400E-14, -24.99999999999999645, -3.999999999999976463 ) ) ;
#602 = VERTEX_POINT ( 'NONE', #1365 ) ;
#603 = ADVANCED_FACE ( 'NONE', ( #320 ), #93, .T. ) ;
#604 = AXIS2_PLACEMENT_3D ( 'NONE', #694, #719, #44 ) ;
#605 = CARTESIAN_POINT ( 'NONE',  ( 18.10000000000004050, -40.49999999999999289, -4.000000000000041744 ) ) ;
#606 = EDGE_LOOP ( 'NONE', ( #1304, #1142, #342, #1453 ) ) ;
#607 = DIRECTION ( 'NONE',  ( -1.000000000000000000, -0.000000000000000000, 0.000000000000000000 ) ) ;
#608 = CARTESIAN_POINT ( 'NONE',  ( 0.01541226316534131946, -25.33333333333332860, -0.2478134677645502937 ) ) ;
#609 = EDGE_CURVE ( 'NONE', #1268, #1449, #20, .T. ) ;
#610 = FACE_OUTER_BOUND ( 'NONE', #606, .T. ) ;
#611 = CARTESIAN_POINT ( 'NONE',  ( -2.000000000000000000, -3.499999999999997780, 13.49999999999999822 ) ) ;
#612 = DIRECTION ( 'NONE',  ( 1.000000000000000000, 0.000000000000000000, -0.000000000000000000 ) ) ;
#613 = FACE_OUTER_BOUND ( 'NONE', #1115, .T. ) ;
#614 = ORIENTED_EDGE ( 'NONE', *, *, #740, .F. ) ;
#615 = PRESENTATION_STYLE_ASSIGNMENT (( #1170 ) ) ;
#616 = CARTESIAN_POINT ( 'NONE',  ( 2.000000000000000000, -45.00000000000000000, -5.510910596163090344E-15 ) ) ;
#617 = CYLINDRICAL_SURFACE ( 'NONE', #547, 2.599999999999998312 ) ;
#618 = AXIS2_PLACEMENT_3D ( 'NONE', #8, #1513, #1151 ) ;
#619 = DIRECTION ( 'NONE',  ( 1.000000000000000000, -0.000000000000000000, -0.000000000000000000 ) ) ;
#620 = ADVANCED_FACE ( 'NONE', ( #53 ), #775, .F. ) ;
#621 = LINE ( 'NONE', #829, #777 ) ;
#622 = CARTESIAN_POINT ( 'NONE',  ( 1.999999999999989564, -45.00000000000000000, -4.000000000000005329 ) ) ;
#623 = VERTEX_POINT ( 'NONE', #327 ) ;
#624 = PRODUCT_DEFINITION_FORMATION_WITH_SPECIFIED_SOURCE ( 'ANY', '', #738, .NOT_KNOWN. ) ;
#625 = DIRECTION ( 'NONE',  ( -3.491481338843134144E-15, 1.224646799147353454E-16, -1.000000000000000000 ) ) ;
#626 = EDGE_CURVE ( 'NONE', #1105, #1467, #1506, .T. ) ;
#627 = DIRECTION ( 'NONE',  ( -2.465190328815661892E-32, 1.000000000000000000, -1.615111459712161585E-32 ) ) ;
#628 = VERTEX_POINT ( 'NONE', #1003 ) ;
#629 = CARTESIAN_POINT ( 'NONE',  ( 10.50000000000003730, -43.09999999999999432, -4.000000000000023981 ) ) ;
#630 = VERTEX_POINT ( 'NONE', #778 ) ;
#631 = CARTESIAN_POINT ( 'NONE',  ( 20.00000000000003197, -24.99999999999999645, -4.000000000000047073 ) ) ;
#632 = ORIENTED_EDGE ( 'NONE', *, *, #1187, .T. ) ;
#633 = VECTOR ( 'NONE', #491, 1000.000000000000000 ) ;
#634 = EDGE_CURVE ( 'NONE', #846, #942, #1177, .T. ) ;
#635 = FACE_BOUND ( 'NONE', #1195, .T. ) ;
#636 = AXIS2_PLACEMENT_3D ( 'NONE', #332, #943, #801 ) ;
#637 = DIRECTION ( 'NONE',  ( 2.465190328815661892E-32, -1.000000000000000000, 1.615111459712161585E-32 ) ) ;
#638 = ADVANCED_FACE ( 'NONE', ( #1248, #635, #564 ), #1494, .T. ) ;
#639 = ORIENTED_EDGE ( 'NONE', *, *, #5, .T. ) ;
#640 = CARTESIAN_POINT ( 'NONE',  ( 0.000000000000000000, -24.99999999999999645, 18.00000000000000355 ) ) ;
#641 = ORIENTED_EDGE ( 'NONE', *, *, #1277, .T. ) ;
#642 = EDGE_CURVE ( 'NONE', #1336, #306, #1448, .T. ) ;
#643 = STYLED_ITEM ( 'NONE', ( #562 ), #1025 ) ;
#644 = LINE ( 'NONE', #961, #1041 ) ;
#645 = ORIENTED_EDGE ( 'NONE', *, *, #577, .T. ) ;
#646 = FACE_OUTER_BOUND ( 'NONE', #1210, .T. ) ;
#647 = EDGE_CURVE ( 'NONE', #1172, #846, #1410, .T. ) ;
#648 = LINE ( 'NONE', #681, #252 ) ;
#649 = DIRECTION ( 'NONE',  ( -1.000000000000000000, 0.000000000000000000, 3.469446951953613400E-15 ) ) ;
#650 = VERTEX_POINT ( 'NONE', #302 ) ;
#651 = ORIENTED_EDGE ( 'NONE', *, *, #740, .T. ) ;
#652 = CARTESIAN_POINT ( 'NONE',  ( 0.1372888023487574827, -24.99999999999998934, -0.7282218028490211603 ) ) ;
#653 = VECTOR ( 'NONE', #1354, 1000.000000000000000 ) ;
#654 = DIRECTION ( 'NONE',  ( 0.000000000000000000, 0.000000000000000000, -1.000000000000000000 ) ) ;
#655 = VECTOR ( 'NONE', #842, 1000.000000000000000 ) ;
#656 = EDGE_CURVE ( 'NONE', #1503, #848, #504, .T. ) ;
#657 = DIRECTION ( 'NONE',  ( -1.000000000000000000, 0.000000000000000000, 3.469446951953613400E-15 ) ) ;
#658 = ADVANCED_FACE ( 'NONE', ( #123 ), #699, .F. ) ;
#659 = AXIS2_PLACEMENT_3D ( 'NONE', #896, #780, #906 ) ;
#660 = ORIENTED_EDGE ( 'NONE', *, *, #802, .T. ) ;
#661 = DIRECTION ( 'NONE',  ( -1.301042606982605321E-16, 1.000000000000000000, 1.224646799147357891E-16 ) ) ;
#662 = EDGE_LOOP ( 'NONE', ( #198, #1064, #124, #1167, #89 ) ) ;
#663 = CYLINDRICAL_SURFACE ( 'NONE', #659, 2.599999999999998312 ) ;
#664 = EDGE_CURVE ( 'NONE', #715, #866, #465, .T. ) ;
#665 = DIRECTION ( 'NONE',  ( -3.491481338843134144E-15, 1.224646799147353454E-16, -1.000000000000000000 ) ) ;
#666 = CARTESIAN_POINT ( 'NONE',  ( 2.000000000000000000, -45.00000000000000000, -5.510910596163090344E-15 ) ) ;
#667 = AXIS2_PLACEMENT_3D ( 'NONE', #616, #1455, #712 ) ;
#668 = CARTESIAN_POINT ( 'NONE',  ( 0.000000000000000000, -17.00000000000016698, -1.000000000000001998 ) ) ;
#669 = CARTESIAN_POINT ( 'NONE',  ( -10.00000000000000000, -5.100000000000004086, 13.49999999999999822 ) ) ;
#670 = EDGE_CURVE ( 'NONE', #650, #503, #16, .T. ) ;
#671 = DIRECTION ( 'NONE',  ( 1.000000000000000000, 0.000000000000000000, 0.000000000000000000 ) ) ;
#672 = VECTOR ( 'NONE', #475, 1000.000000000000000 ) ;
#673 = CARTESIAN_POINT ( 'NONE',  ( 15.50000000000003730, -43.09999999999999432, -1.999999999999974021 ) ) ;
#674 = VERTEX_POINT ( 'NONE', #118 ) ;
#675 = CARTESIAN_POINT ( 'NONE',  ( 15.00000000000003020, -24.99999999999999645, -4.000000000000028422 ) ) ;
#676 = CYLINDRICAL_SURFACE ( 'NONE', #269, 4.000000000000000000 ) ;
#677 = ORIENTED_EDGE ( 'NONE', *, *, #259, .F. ) ;
#678 = ORIENTED_EDGE ( 'NONE', *, *, #656, .F. ) ;
#679 = FACE_OUTER_BOUND ( 'NONE', #231, .T. ) ;
#680 = CARTESIAN_POINT ( 'NONE',  ( 10.50000000000003730, -43.09999999999999432, -2.000000000000015543 ) ) ;
#681 = CARTESIAN_POINT ( 'NONE',  ( 10.50000000000003730, -26.89999999999999858, -11.99999999999997335 ) ) ;
#682 = VERTEX_POINT ( 'NONE', #680 ) ;
#683 = ORIENTED_EDGE ( 'NONE', *, *, #182, .T. ) ;
#684 = CARTESIAN_POINT ( 'NONE',  ( -10.00000000000000000, -1.899999999999988587, 13.49999999999999645 ) ) ;
#685 = ORIENTED_EDGE ( 'NONE', *, *, #505, .T. ) ;
#686 = VERTEX_POINT ( 'NONE', #605 ) ;
#687 = VECTOR ( 'NONE', #347, 1000.000000000000000 ) ;
#688 = AXIS2_PLACEMENT_3D ( 'NONE', #131, #607, #1289 ) ;
#689 = DIRECTION ( 'NONE',  ( 0.000000000000000000, 1.615111459712161585E-32, 1.000000000000000000 ) ) ;
#690 = DIRECTION ( 'NONE',  ( 0.000000000000000000, 0.000000000000000000, 1.000000000000000000 ) ) ;
#691 = ADVANCED_FACE ( 'NONE', ( #1286 ), #947, .T. ) ;
#692 = ORIENTED_EDGE ( 'NONE', *, *, #670, .T. ) ;
#693 = CARTESIAN_POINT ( 'NONE',  ( -2.000000000000000000, -18.50000000000000000, 13.49999999999999822 ) ) ;
#694 = CARTESIAN_POINT ( 'NONE',  ( -2.000000000000000000, -5.000000000000001776, 12.99999999999999822 ) ) ;
#695 = EDGE_CURVE ( 'NONE', #1449, #1200, #91, .T. ) ;
#696 = VERTEX_POINT ( 'NONE', #1030 ) ;
#697 = ORIENTED_EDGE ( 'NONE', *, *, #664, .F. ) ;
#698 = VERTEX_POINT ( 'NONE', #365 ) ;
#699 = CYLINDRICAL_SURFACE ( 'NONE', #349, 1.600000000000005862 ) ;
#700 = DIRECTION ( 'NONE',  ( -1.000000000000000000, 0.000000000000000000, 3.469446951953613400E-15 ) ) ;
#701 = CARTESIAN_POINT ( 'NONE',  ( 10.50000000000003730, -29.50000000000000000, -1.999999999999973577 ) ) ;
#702 = CARTESIAN_POINT ( 'NONE',  ( -2.000000000000000000, -23.81966011250105453, 12.99999999999999467 ) ) ;
#703 = EDGE_CURVE ( 'NONE', #503, #718, #335, .T. ) ;
#704 = ORIENTED_EDGE ( 'NONE', *, *, #977, .F. ) ;
#705 = AXIS2_PLACEMENT_3D ( 'NONE', #1034, #345, #471 ) ;
#706 = VECTOR ( 'NONE', #341, 1000.000000000000000 ) ;
#707 = DIRECTION ( 'NONE',  ( 0.000000000000000000, 0.000000000000000000, -1.000000000000000000 ) ) ;
#708 =( NAMED_UNIT ( * ) PLANE_ANGLE_UNIT ( ) SI_UNIT ( $, .RADIAN. ) );
#709 = DIRECTION ( 'NONE',  ( 1.000000000000000000, 0.000000000000000000, 0.000000000000000000 ) ) ;
#710 = EDGE_CURVE ( 'NONE', #111, #1390, #1364, .T. ) ;
#711 = FACE_OUTER_BOUND ( 'NONE', #1051, .T. ) ;
#712 = DIRECTION ( 'NONE',  ( 0.000000000000000000, 0.000000000000000000, 1.000000000000000000 ) ) ;
#713 = LINE ( 'NONE', #1180, #1414 ) ;
#714 = DIRECTION ( 'NONE',  ( -1.000000000000000000, -0.000000000000000000, 0.000000000000000000 ) ) ;
#715 = VERTEX_POINT ( 'NONE', #1058 ) ;
#716 = VECTOR ( 'NONE', #595, 1000.000000000000000 ) ;
#717 = CARTESIAN_POINT ( 'NONE',  ( -2.000000000000000000, -24.99999999999999645, -3.035766082959412415E-15 ) ) ;
#718 = VERTEX_POINT ( 'NONE', #1272 ) ;
#719 = DIRECTION ( 'NONE',  ( 1.000000000000000000, 0.000000000000000000, 0.000000000000000000 ) ) ;
#720 = EDGE_CURVE ( 'NONE', #1211, #1171, #1245, .T. ) ;
#721 = VECTOR ( 'NONE', #1348, 1000.000000000000000 ) ;
#722 = VERTEX_POINT ( 'NONE', #1441 ) ;
#723 = CARTESIAN_POINT ( 'NONE',  ( -2.000000000000000000, -25.50000000000000000, -2.388061258337339333E-15 ) ) ;
#724 = CYLINDRICAL_SURFACE ( 'NONE', #54, 2.599999999999998312 ) ;
#725 = PLANE ( 'NONE',  #885 ) ;
#726 = ORIENTED_EDGE ( 'NONE', *, *, #206, .T. ) ;
#727 = LINE ( 'NONE', #684, #1244 ) ;
#728 = EDGE_CURVE ( 'NONE', #848, #674, #34, .T. ) ;
#729 = CARTESIAN_POINT ( 'NONE',  ( 20.00000000000003197, -24.99999999999999645, -4.000000000000047073 ) ) ;
#730 = ORIENTED_EDGE ( 'NONE', *, *, #822, .T. ) ;
#731 = AXIS2_PLACEMENT_3D ( 'NONE', #1147, #137, #369 ) ;
#732 = DIRECTION ( 'NONE',  ( 1.000000000000000000, 4.190823558986625216E-31, -3.491481338843133355E-15 ) ) ;
#733 = EDGE_LOOP ( 'NONE', ( #189, #834, #1056, #1247 ) ) ;
#734 = VERTEX_POINT ( 'NONE', #1023 ) ;
#735 = LINE ( 'NONE', #221, #2 ) ;
#736 = CARTESIAN_POINT ( 'NONE',  ( -2.000000000000000000, -16.83333333333334281, -1.407119849998608396 ) ) ;
#737 = CARTESIAN_POINT ( 'NONE',  ( 15.50000000000003730, -43.09999999999999432, -4.000000000000031974 ) ) ;
#738 = PRODUCT ( '03_Halterung Deckelsensor', '03_Halterung Deckelsensor', '', ( #882 ) ) ;
#739 = DIRECTION ( 'NONE',  ( -0.000000000000000000, 1.000000000000000000, 1.224646799147353454E-16 ) ) ;
#740 = EDGE_CURVE ( 'NONE', #1128, #674, #644, .T. ) ;
#741 = DIRECTION ( 'NONE',  ( 0.000000000000000000, 1.615111459712161585E-32, 1.000000000000000000 ) ) ;
#742 = ADVANCED_FACE ( 'NONE', ( #296 ), #617, .F. ) ;
#743 = AXIS2_PLACEMENT_3D ( 'NONE', #859, #1156, #1405 ) ;
#744 = VECTOR ( 'NONE', #63, 1000.000000000000000 ) ;
#745 = ORIENTED_EDGE ( 'NONE', *, *, #92, .F. ) ;
#746 = CARTESIAN_POINT ( 'NONE',  ( -2.000000000000000000, -26.05572809000085854, 17.47213595499956895 ) ) ;
#747 = AXIS2_PLACEMENT_3D ( 'NONE', #1321, #1313, #497 ) ;
#748 = ORIENTED_EDGE ( 'NONE', *, *, #1146, .F. ) ;
#749 = EDGE_LOOP ( 'NONE', ( #461, #433, #1383, #828 ) ) ;
#750 = ORIENTED_EDGE ( 'NONE', *, *, #1014, .F. ) ;
#751 = EDGE_CURVE ( 'NONE', #1420, #309, #279, .T. ) ;
#752 = ORIENTED_EDGE ( 'NONE', *, *, #1055, .T. ) ;
#753 = CARTESIAN_POINT ( 'NONE',  ( -1.969175473669316556, -25.33333333333332860, -0.4956269355290939815 ) ) ;
#754 = FACE_OUTER_BOUND ( 'NONE', #1159, .T. ) ;
#755 = CIRCLE ( 'NONE', #890, 1.600000000000005862 ) ;
#756 = VECTOR ( 'NONE', #29, 1000.000000000000000 ) ;
#757 = AXIS2_PLACEMENT_3D ( 'NONE', #7, #790, #218 ) ;
#758 = PRESENTATION_LAYER_ASSIGNMENT (  '', '', ( #86 ) ) ;
#759 = DIRECTION ( 'NONE',  ( -3.944304526105059027E-31, -1.000000000000000000, -1.224646799147353207E-16 ) ) ;
#760 = ORIENTED_EDGE ( 'NONE', *, *, #751, .T. ) ;
#761 = CARTESIAN_POINT ( 'NONE',  ( 20.00000000000003197, -30.00000000000000000, -4.000000000000047962 ) ) ;
#762 = VERTEX_POINT ( 'NONE', #241 ) ;
#763 = VECTOR ( 'NONE', #258, 1000.000000000000000 ) ;
#764 = CARTESIAN_POINT ( 'NONE',  ( -2.000000000000000000, -2.204364238465235428E-15, 18.00000000000000000 ) ) ;
#765 = LINE ( 'NONE', #909, #455 ) ;
#766 = CARTESIAN_POINT ( 'NONE',  ( -1.725422395302484979, -24.99999999999998934, -1.456443605698039212 ) ) ;
#767 = AXIS2_PLACEMENT_3D ( 'NONE', #242, #1432, #126 ) ;
#768 = CARTESIAN_POINT ( 'NONE',  ( 3.382710778154773834E-14, -3.321718482870726014E-16, -1.999999999999973577 ) ) ;
#769 = CARTESIAN_POINT ( 'NONE',  ( 0.03803902320242907864, -25.12167517886133083, -0.4290174632494482276 ) ) ;
#770 = ORIENTED_EDGE ( 'NONE', *, *, #1033, .T. ) ;
#771 = ORIENTED_EDGE ( 'NONE', *, *, #438, .F. ) ;
#772 = DIRECTION ( 'NONE',  ( 1.000000000000000000, 0.000000000000000000, 0.000000000000000000 ) ) ;
#773 = VERTEX_POINT ( 'NONE', #582 ) ;
#774 = VERTEX_POINT ( 'NONE', #129 ) ;
#775 = CYLINDRICAL_SURFACE ( 'NONE', #814, 2.599999999999998312 ) ;
#776 = EDGE_CURVE ( 'NONE', #1390, #407, #727, .T. ) ;
#777 = VECTOR ( 'NONE', #949, 1000.000000000000000 ) ;
#778 = CARTESIAN_POINT ( 'NONE',  ( 20.00000000000003553, -40.00000000000000000, -2.000000000000047962 ) ) ;
#779 = DIRECTION ( 'NONE',  ( 1.000000000000000000, -0.000000000000000000, -0.000000000000000000 ) ) ;
#780 = DIRECTION ( 'NONE',  ( 0.000000000000000000, 1.615111459712161585E-32, 1.000000000000000000 ) ) ;
#781 = CARTESIAN_POINT ( 'NONE',  ( -2.000000000000000000, -22.00000000000016698, -1.000000000000002887 ) ) ;
#782 = LINE ( 'NONE', #266, #655 ) ;
#783 = ORIENTED_EDGE ( 'NONE', *, *, #135, .T. ) ;
#784 = EDGE_CURVE ( 'NONE', #774, #1200, #440, .T. ) ;
#785 = CARTESIAN_POINT ( 'NONE',  ( 0.000000000000000000, -23.00000000000017053, -1.000000000000002887 ) ) ;
#786 = ORIENTED_EDGE ( 'NONE', *, *, #1201, .F. ) ;
#787 = ADVANCED_FACE ( 'NONE', ( #314 ), #938, .T. ) ;
#788 = CARTESIAN_POINT ( 'NONE',  ( 2.000000000000029310, 1.729660329389202136E-16, -3.999999999999980904 ) ) ;
#789 = EDGE_LOOP ( 'NONE', ( #561, #1468, #1497, #1270 ) ) ;
#790 = DIRECTION ( 'NONE',  ( 1.000000000000000000, 0.000000000000000000, 0.000000000000000000 ) ) ;
#791 = DIRECTION ( 'NONE',  ( 0.000000000000000000, 1.615111459712161585E-32, 1.000000000000000000 ) ) ;
#792 = ORIENTED_EDGE ( 'NONE', *, *, #1360, .T. ) ;
#793 = LINE ( 'NONE', #168, #446 ) ;
#794 = VECTOR ( 'NONE', #444, 1000.000000000000000 ) ;
#795 = EDGE_CURVE ( 'NONE', #682, #208, #825, .T. ) ;
#796 = CARTESIAN_POINT ( 'NONE',  ( 15.50000000000004086, -40.49999999999999289, -4.000000000000032863 ) ) ;
#797 = CARTESIAN_POINT ( 'NONE',  ( -2.000000000000000000, -45.00000000000000000, -5.510910596163089556E-15 ) ) ;
#798 = EDGE_LOOP ( 'NONE', ( #177, #267, #1367, #1524 ) ) ;
#799 = DIRECTION ( 'NONE',  ( -0.000000000000000000, 1.000000000000000000, 1.224646799147353454E-16 ) ) ;
#800 = CYLINDRICAL_SURFACE ( 'NONE', #952, 1.600000000000005862 ) ;
#801 = DIRECTION ( 'NONE',  ( 0.000000000000000000, 0.000000000000000000, 1.000000000000000000 ) ) ;
#802 = EDGE_CURVE ( 'NONE', #1309, #1111, #1345, .T. ) ;
#803 = EDGE_LOOP ( 'NONE', ( #559, #1094, #467, #1136 ) ) ;
#804 = DIRECTION ( 'NONE',  ( -1.000000000000000000, -0.000000000000000000, 0.000000000000000000 ) ) ;
#805 = ORIENTED_EDGE ( 'NONE', *, *, #109, .T. ) ;
#806 = CARTESIAN_POINT ( 'NONE',  ( 15.00000000000003020, -40.00000000000000000, -4.000000000000030198 ) ) ;
#807 = ORIENTED_EDGE ( 'NONE', *, *, #776, .F. ) ;
#808 = CYLINDRICAL_SURFACE ( 'NONE', #1323, 16.60000000000001208 ) ;
#809 = DIRECTION ( 'NONE',  ( 1.000000000000000000, -0.000000000000000000, -0.000000000000000000 ) ) ;
#810 = ORIENTED_EDGE ( 'NONE', *, *, #1470, .T. ) ;
#811 = EDGE_CURVE ( 'NONE', #774, #1268, #1502, .T. ) ;
#812 = LINE ( 'NONE', #1143, #1048 ) ;
#813 = ORIENTED_EDGE ( 'NONE', *, *, #243, .T. ) ;
#814 = AXIS2_PLACEMENT_3D ( 'NONE', #917, #1250, #217 ) ;
#815 = VERTEX_POINT ( 'NONE', #1427 ) ;
#816 = LINE ( 'NONE', #469, #203 ) ;
#817 = CIRCLE ( 'NONE', #57, 1.000000000000000000 ) ;
#818 = CARTESIAN_POINT ( 'NONE',  ( -2.000000000000000000, 0.000000000000000000, 0.000000000000000000 ) ) ;
#819 = PLANE ( 'NONE',  #844 ) ;
#820 = DIRECTION ( 'NONE',  ( -3.491481338843134144E-15, 1.224646799147353454E-16, -1.000000000000000000 ) ) ;
#821 = LINE ( 'NONE', #872, #721 ) ;
#822 = EDGE_CURVE ( 'NONE', #306, #650, #1240, .T. ) ;
#823 = ORIENTED_EDGE ( 'NONE', *, *, #127, .F. ) ;
#824 = ORIENTED_EDGE ( 'NONE', *, *, #710, .T. ) ;
#825 = LINE ( 'NONE', #1052, #672 ) ;
#826 =( LENGTH_UNIT ( ) NAMED_UNIT ( * ) SI_UNIT ( .MILLI., .METRE. ) );
#827 = VERTEX_POINT ( 'NONE', #1194 ) ;
#828 = ORIENTED_EDGE ( 'NONE', *, *, #1297, .F. ) ;
#829 = CARTESIAN_POINT ( 'NONE',  ( 3.382710778154773834E-14, -45.00000000000000000, -1.999999999999979128 ) ) ;
#830 = CIRCLE ( 'NONE', #1373, 5.000000000000000000 ) ;
#831 = CARTESIAN_POINT ( 'NONE',  ( -2.000000000000000000, -17.00000000000016698, -1.000000000000001998 ) ) ;
#832 = EDGE_CURVE ( 'NONE', #698, #979, #274, .T. ) ;
#833 = ORIENTED_EDGE ( 'NONE', *, *, #911, .F. ) ;
#834 = ORIENTED_EDGE ( 'NONE', *, *, #1163, .T. ) ;
#835 = CYLINDRICAL_SURFACE ( 'NONE', #435, 2.000000000000000000 ) ;
#836 = APPLICATION_PROTOCOL_DEFINITION ( 'draft international standard', 'automotive_design', 1998, #1371 ) ;
#837 = CARTESIAN_POINT ( 'NONE',  ( 15.50000000000003730, -32.09999999999999432, -1.999999999999973577 ) ) ;
#838 = CARTESIAN_POINT ( 'NONE',  ( -1.987638939418098882, -25.43106466102329222, -0.3477642384971735834 ) ) ;
#839 = LINE ( 'NONE', #1191, #119 ) ;
#840 = LINE ( 'NONE', #987, #500 ) ;
#841 = DIRECTION ( 'NONE',  ( 0.000000000000000000, 0.000000000000000000, -1.000000000000000000 ) ) ;
#842 = DIRECTION ( 'NONE',  ( 1.000000000000000000, -2.465190328815661892E-32, 0.000000000000000000 ) ) ;
#843 = ORIENTED_EDGE ( 'NONE', *, *, #977, .T. ) ;
#844 = AXIS2_PLACEMENT_3D ( 'NONE', #601, #1173, #1422 ) ;
#845 = DIRECTION ( 'NONE',  ( -1.000000000000000000, -0.000000000000000000, -0.000000000000000000 ) ) ;
#846 = VERTEX_POINT ( 'NONE', #152 ) ;
#847 = VECTOR ( 'NONE', #1242, 1000.000000000000000 ) ;
#848 = VERTEX_POINT ( 'NONE', #973 ) ;
#849 = DIRECTION ( 'NONE',  ( 0.000000000000000000, 0.000000000000000000, -1.000000000000000000 ) ) ;
#850 = VECTOR ( 'NONE', #1421, 1000.000000000000000 ) ;
#851 = CARTESIAN_POINT ( 'NONE',  ( -10.00000000000000000, -16.65555555555557277, -2.997212633998463716 ) ) ;
#852 = LINE ( 'NONE', #1260, #1061 ) ;
#853 = ORIENTED_EDGE ( 'NONE', *, *, #570, .T. ) ;
#854 = CARTESIAN_POINT ( 'NONE',  ( 15.00000000000003020, -24.99999999999999645, -4.000000000000028422 ) ) ;
#855 = EDGE_CURVE ( 'NONE', #525, #848, #1234, .T. ) ;
#856 = FACE_OUTER_BOUND ( 'NONE', #278, .T. ) ;
#857 = CARTESIAN_POINT ( 'NONE',  ( 3.382710778154773834E-14, -24.99999999999999645, -1.999999999999976685 ) ) ;
#858 = DIRECTION ( 'NONE',  ( -1.000000000000000000, -0.000000000000000000, 0.000000000000000000 ) ) ;
#859 = CARTESIAN_POINT ( 'NONE',  ( 10.50000000000003730, -32.09999999999999432, -11.99999999999997335 ) ) ;
#860 = ORIENTED_EDGE ( 'NONE', *, *, #31, .F. ) ;
#861 = VERTEX_POINT ( 'NONE', #164 ) ;
#862 = ORIENTED_EDGE ( 'NONE', *, *, #238, .F. ) ;
#863 = EDGE_CURVE ( 'NONE', #630, #358, #518, .T. ) ;
#864 = AXIS2_PLACEMENT_3D ( 'NONE', #58, #115, #1510 ) ;
#865 = PLANE ( 'NONE',  #1097 ) ;
#866 = VERTEX_POINT ( 'NONE', #172 ) ;
#867 = CARTESIAN_POINT ( 'NONE',  ( 0.000000000000000000, -45.00000000000000000, -5.510910596163089556E-15 ) ) ;
#868 = ORIENTED_EDGE ( 'NONE', *, *, #1021, .F. ) ;
#869 = FACE_OUTER_BOUND ( 'NONE', #331, .T. ) ;
#870 = FACE_BOUND ( 'NONE', #520, .T. ) ;
#871 = DIRECTION ( 'NONE',  ( -1.000000000000000000, 0.000000000000000000, 0.000000000000000000 ) ) ;
#872 = CARTESIAN_POINT ( 'NONE',  ( 15.50000000000004086, -43.09999999999999432, -11.99999999999997335 ) ) ;
#873 = ORIENTED_EDGE ( 'NONE', *, *, #795, .F. ) ;
#874 = FACE_OUTER_BOUND ( 'NONE', #353, .T. ) ;
#875 = B_SPLINE_CURVE_WITH_KNOTS ( 'NONE', 1,
 ( #1126, #225 ),
 .UNSPECIFIED., .F., .F.,
 ( 2, 2 ),
 ( 0.000000000000000000, 1.000000000000000000 ),
 .UNSPECIFIED. ) ;
#876 = CARTESIAN_POINT ( 'NONE',  ( -2.000000000000000000, -5.000000000000002665, 18.00000000000000000 ) ) ;
#877 = EDGE_CURVE ( 'NONE', #509, #291, #11, .T. ) ;
#878 = CIRCLE ( 'NONE', #1257, 1.600000000000005862 ) ;
#879 =( LENGTH_UNIT ( ) NAMED_UNIT ( * ) SI_UNIT ( .MILLI., .METRE. ) );
#880 = CIRCLE ( 'NONE', #667, 4.000000000000000000 ) ;
#881 = ADVANCED_FACE ( 'NONE', ( #1004 ), #724, .F. ) ;
#882 = PRODUCT_CONTEXT ( 'NONE', #955, 'mechanical' ) ;
#883 = DIRECTION ( 'NONE',  ( 0.000000000000000000, 0.000000000000000000, 1.000000000000000000 ) ) ;
#884 = LINE ( 'NONE', #851, #463 ) ;
#885 = AXIS2_PLACEMENT_3D ( 'NONE', #631, #732, #1343 ) ;
#886 = SURFACE_SIDE_STYLE ('',( #214 ) ) ;
#887 = ORIENTED_EDGE ( 'NONE', *, *, #1163, .F. ) ;
#888 = ORIENTED_EDGE ( 'NONE', *, *, #1284, .F. ) ;
#889 = B_SPLINE_CURVE_WITH_KNOTS ( 'NONE', 3,
 ( #969, #1199, #30, #508 ),
 .UNSPECIFIED., .F., .F.,
 ( 4, 4 ),
 ( 0.000000000000000000, 1.000000000000000000 ),
 .UNSPECIFIED. ) ;
#890 = AXIS2_PLACEMENT_3D ( 'NONE', #988, #284, #1223 ) ;
#891 = CYLINDRICAL_SURFACE ( 'NONE', #45, 1.600000000000002531 ) ;
#892 = VERTEX_POINT ( 'NONE', #737 ) ;
#893 = DIRECTION ( 'NONE',  ( -3.491481338843134144E-15, 1.224646799147353454E-16, -1.000000000000000000 ) ) ;
#894 = CYLINDRICAL_SURFACE ( 'NONE', #72, 1.600000000000002531 ) ;
#895 = VECTOR ( 'NONE', #1339, 1000.000000000000000 ) ;
#896 = CARTESIAN_POINT ( 'NONE',  ( 10.50000000000003730, -40.49999999999999289, -11.99999999999997335 ) ) ;
#897 = VERTEX_POINT ( 'NONE', #985 ) ;
#898 = CARTESIAN_POINT ( 'NONE',  ( 2.298508605669269400E-14, -24.99999999999999645, -3.999999999999976463 ) ) ;
#899 = EDGE_CURVE ( 'NONE', #1305, #1474, #459, .T. ) ;
#900 = CARTESIAN_POINT ( 'NONE',  ( 2.688821387764050996E-14, -8.724248845760193528E-17, -3.999999999999974243 ) ) ;
#901 = ORIENTED_EDGE ( 'NONE', *, *, #626, .T. ) ;
#902 = AXIS2_PLACEMENT_3D ( 'NONE', #232, #35, #1299 ) ;
#903 = PLANE ( 'NONE',  #991 ) ;
#904 = ADVANCED_FACE ( 'NONE', ( #613 ), #1334, .F. ) ;
#905 = AXIS2_PLACEMENT_3D ( 'NONE', #1353, #1481, #282 ) ;
#906 = DIRECTION ( 'NONE',  ( 1.000000000000000000, 0.000000000000000000, 0.000000000000000000 ) ) ;
#907 = ORIENTED_EDGE ( 'NONE', *, *, #664, .T. ) ;
#908 = EDGE_LOOP ( 'NONE', ( #239, #375 ) ) ;
#909 = CARTESIAN_POINT ( 'NONE',  ( 2.645453300864630819E-14, -37.89999999999999858, -3.999999999999978240 ) ) ;
#910 = EDGE_LOOP ( 'NONE', ( #146, #697 ) ) ;
#911 = EDGE_CURVE ( 'NONE', #1429, #1128, #1394, .T. ) ;
#912 = DIRECTION ( 'NONE',  ( 0.000000000000000000, 0.000000000000000000, -1.000000000000000000 ) ) ;
#913 = ADVANCED_FACE ( 'NONE', ( #199 ), #865, .T. ) ;
#914 = CIRCLE ( 'NONE', #454, 16.60000000000001208 ) ;
#915 = AXIS2_PLACEMENT_3D ( 'NONE', #350, #566, #1384 ) ;
#916 = ORIENTED_EDGE ( 'NONE', *, *, #285, .F. ) ;
#917 = CARTESIAN_POINT ( 'NONE',  ( 15.50000000000003730, -29.50000000000000000, -11.99999999999997335 ) ) ;
#918 = DIRECTION ( 'NONE',  ( 1.000000000000000000, 0.000000000000000000, -0.000000000000000000 ) ) ;
#919 = ADVANCED_FACE ( 'NONE', ( #1197 ), #1087, .F. ) ;
#920 = EDGE_CURVE ( 'NONE', #1152, #861, #840, .T. ) ;
#921 = ORIENTED_EDGE ( 'NONE', *, *, #109, .F. ) ;
#922 = CARTESIAN_POINT ( 'NONE',  ( 15.50000000000004086, -40.49999999999999289, -11.99999999999997335 ) ) ;
#923 = B_SPLINE_SURFACE_WITH_KNOTS ( 'NONE', 1, 3, ( 
 ( #723, #154, #838, #1326 ),
 ( #1209, #271, #1302, #608 ) ),
 .UNSPECIFIED., .F., .F., .F.,
 ( 2, 2 ),
 ( 4, 4 ),
 ( 0.000000000000000000, 1.000000000000000000 ),
 ( 0.000000000000000000, 1.000000000000000000 ),
 .UNSPECIFIED. ) ;
#924 = DIRECTION ( 'NONE',  ( -1.000000000000000000, -0.000000000000000000, 0.000000000000000000 ) ) ;
#925 = CARTESIAN_POINT ( 'NONE',  ( 0.000000000000000000, 0.000000000000000000, 0.000000000000000000 ) ) ;
#926 = ADVANCED_FACE ( 'NONE', ( #67 ), #725, .T. ) ;
#927 = DIRECTION ( 'NONE',  ( 0.000000000000000000, 0.000000000000000000, 1.000000000000000000 ) ) ;
#928 = DIRECTION ( 'NONE',  ( 1.000000000000000000, 0.000000000000000000, -3.469446951953613400E-15 ) ) ;
#929 = CIRCLE ( 'NONE', #1462, 2.599999999999998312 ) ;
#930 = VERTEX_POINT ( 'NONE', #523 ) ;
#931 = AXIS2_PLACEMENT_3D ( 'NONE', #736, #858, #1198 ) ;
#932 = DIRECTION ( 'NONE',  ( 0.000000000000000000, 0.000000000000000000, 1.000000000000000000 ) ) ;
#933 = DIRECTION ( 'NONE',  ( 1.000000000000000000, 0.000000000000000000, 0.000000000000000000 ) ) ;
#934 = ORIENTED_EDGE ( 'NONE', *, *, #1360, .F. ) ;
#935 = ORIENTED_EDGE ( 'NONE', *, *, #364, .T. ) ;
#936 = DIRECTION ( 'NONE',  ( -1.000000000000000000, -0.000000000000000000, 0.000000000000000000 ) ) ;
#937 = DIRECTION ( 'NONE',  ( 0.000000000000000000, 0.000000000000000000, 1.000000000000000000 ) ) ;
#938 = PLANE ( 'NONE',  #219 ) ;
#939 = VECTOR ( 'NONE', #427, 1000.000000000000000 ) ;
#940 = PLANE ( 'NONE',  #32 ) ;
#941 = AXIS2_PLACEMENT_3D ( 'NONE', #133, #1044, #236 ) ;
#942 = VERTEX_POINT ( 'NONE', #1472 ) ;
#943 = DIRECTION ( 'NONE',  ( 1.000000000000000000, 0.000000000000000000, -0.000000000000000000 ) ) ;
#944 = EDGE_CURVE ( 'NONE', #215, #827, #884, .T. ) ;
#945 = ORIENTED_EDGE ( 'NONE', *, *, #554, .T. ) ;
#946 = ORIENTED_EDGE ( 'NONE', *, *, #944, .F. ) ;
#947 = CYLINDRICAL_SURFACE ( 'NONE', #476, 5.000000000000000000 ) ;
#948 = DIRECTION ( 'NONE',  ( -0.000000000000000000, 1.000000000000000000, 1.224646799147353207E-16 ) ) ;
#949 = DIRECTION ( 'NONE',  ( 1.000000000000000000, -0.000000000000000000, -3.491481338843134144E-15 ) ) ;
#950 = EDGE_CURVE ( 'NONE', #1387, #698, #414, .T. ) ;
#951 = AXIS2_PLACEMENT_3D ( 'NONE', #1059, #1054, #144 ) ;
#952 = AXIS2_PLACEMENT_3D ( 'NONE', #1439, #367, #964 ) ;
#953 = CARTESIAN_POINT ( 'NONE',  ( 2.000000000000035527, -45.00000000000000000, -4.000000000000049738 ) ) ;
#954 = VECTOR ( 'NONE', #1388, 1000.000000000000000 ) ;
#955 = APPLICATION_CONTEXT ( 'automotive_design' ) ;
#956 = CARTESIAN_POINT ( 'NONE',  ( -2.000000000000000000, -4.999999999999999112, -6.000000000000000888 ) ) ;
#957 = DIRECTION ( 'NONE',  ( 1.000000000000000000, -0.000000000000000000, -0.000000000000000000 ) ) ;
#958 = CARTESIAN_POINT ( 'NONE',  ( -2.000000000000000000, -45.00000000000000000, 4.909830056250465091 ) ) ;
#959 = EDGE_CURVE ( 'NONE', #892, #208, #821, .T. ) ;
#960 = ORIENTED_EDGE ( 'NONE', *, *, #505, .F. ) ;
#961 = CARTESIAN_POINT ( 'NONE',  ( 2.000000000000031974, -24.99999999999999645, -1.999999999999975353 ) ) ;
#962 = ORIENTED_EDGE ( 'NONE', *, *, #24, .T. ) ;
#963 = CARTESIAN_POINT ( 'NONE',  ( -2.000000000000000000, -40.00000000000000000, 4.909830056250465091 ) ) ;
#964 = DIRECTION ( 'NONE',  ( 0.000000000000000000, 0.000000000000000000, -1.000000000000000000 ) ) ;
#965 = PRODUCT_DEFINITION_CONTEXT ( 'detailed design', #1371, 'design' ) ;
#966 = ORIENTED_EDGE ( 'NONE', *, *, #101, .F. ) ;
#967 = FACE_BOUND ( 'NONE', #994, .T. ) ;
#968 = CIRCLE ( 'NONE', #148, 5.000000000000000000 ) ;
#969 = CARTESIAN_POINT ( 'NONE',  ( 0.01541226316534175314, -25.33333333333332860, -0.2478134677645502382 ) ) ;
#970 = EDGE_CURVE ( 'NONE', #827, #407, #303, .T. ) ;
#971 = EDGE_LOOP ( 'NONE', ( #502, #470, #1020, #1300, #1203, #1082 ) ) ;
#972 = FACE_BOUND ( 'NONE', #579, .T. ) ;
#973 = CARTESIAN_POINT ( 'NONE',  ( -1.725422395302484979, -24.99999999999998934, -1.456443605698039212 ) ) ;
#974 = LINE ( 'NONE', #573, #132 ) ;
#975 = DIRECTION ( 'NONE',  ( -2.465190328815661892E-32, 1.000000000000000000, 1.224646799147353700E-16 ) ) ;
#976 = UNCERTAINTY_MEASURE_WITH_UNIT (LENGTH_MEASURE( 1.000000000000000082E-05 ), #879, 'distance_accuracy_value', 'NONE');
#977 = EDGE_CURVE ( 'NONE', #407, #1039, #1458, .T. ) ;
#978 = DIRECTION ( 'NONE',  ( 0.000000000000000000, 0.8944271909999145231, 0.4472135954999604812 ) ) ;
#979 = VERTEX_POINT ( 'NONE', #746 ) ;
#980 = AXIS2_PLACEMENT_3D ( 'NONE', #611, #714, #1437 ) ;
#981 = DIRECTION ( 'NONE',  ( 0.000000000000000000, 1.615111459712161585E-32, 1.000000000000000000 ) ) ;
#982 = CARTESIAN_POINT ( 'NONE',  ( 2.000000000000000888, -45.00000000000000000, -2.000000000000005773 ) ) ;
#983 = CARTESIAN_POINT ( 'NONE',  ( 15.00000000000003730, -45.00000000000000000, -2.000000000000031530 ) ) ;
#984 = CIRCLE ( 'NONE', #557, 4.999999999999999112 ) ;
#985 = CARTESIAN_POINT ( 'NONE',  ( 18.10000000000003695, -29.50000000000000000, -1.999999999999973577 ) ) ;
#986 = EDGE_CURVE ( 'NONE', #208, #294, #409, .T. ) ;
#987 = CARTESIAN_POINT ( 'NONE',  ( 10.50000000000003730, -37.89999999999999858, -1.999999999999973577 ) ) ;
#988 = CARTESIAN_POINT ( 'NONE',  ( -2.000000000000000000, -16.83333333333334281, -1.407119849998608396 ) ) ;
#989 = DIRECTION ( 'NONE',  ( -1.000000000000000000, -0.000000000000000000, 0.000000000000000000 ) ) ;
#990 = ORIENTED_EDGE ( 'NONE', *, *, #415, .T. ) ;
#991 = AXIS2_PLACEMENT_3D ( 'NONE', #764, #204, #228 ) ;
#992 = EDGE_CURVE ( 'NONE', #503, #1336, #1318, .T. ) ;
#993 = DIRECTION ( 'NONE',  ( 1.000000000000000000, 0.000000000000000000, -0.000000000000000000 ) ) ;
#994 = EDGE_LOOP ( 'NONE', ( #506, #745, #78, #1155, #540 ) ) ;
#995 = ORIENTED_EDGE ( 'NONE', *, *, #1227, .T. ) ;
#996 = CIRCLE ( 'NONE', #1264, 5.000000000000000888 ) ;
#997 = ORIENTED_EDGE ( 'NONE', *, *, #1460, .T. ) ;
#998 = CIRCLE ( 'NONE', #915, 5.000000000000000888 ) ;
#999 = CARTESIAN_POINT ( 'NONE',  ( 0.1372888023487574827, -24.99999999999998934, -0.7282218028490211603 ) ) ;
#1000 = AXIS2_PLACEMENT_3D ( 'NONE', #1442, #38, #841 ) ;
#1001 = LINE ( 'NONE', #1495, #46 ) ;
#1002 = EDGE_LOOP ( 'NONE', ( #1161, #1444, #1501, #1236 ) ) ;
#1003 = CARTESIAN_POINT ( 'NONE',  ( 0.000000000000000000, -1.592040838891558898E-15, 12.99999999999999822 ) ) ;
#1004 = FACE_OUTER_BOUND ( 'NONE', #1523, .T. ) ;
#1005 = DIRECTION ( 'NONE',  ( -0.000000000000000000, 1.000000000000000000, 1.224646799147353454E-16 ) ) ;
#1006 = ORIENTED_EDGE ( 'NONE', *, *, #1499, .T. ) ;
#1007 = ORIENTED_EDGE ( 'NONE', *, *, #83, .T. ) ;
#1008 = EDGE_CURVE ( 'NONE', #1105, #674, #1237, .T. ) ;
#1009 = DIRECTION ( 'NONE',  ( 0.000000000000000000, 0.000000000000000000, -1.000000000000000000 ) ) ;
#1010 = ADVANCED_FACE ( 'NONE', ( #423, #870, #37 ), #1238, .F. ) ;
#1011 = FACE_OUTER_BOUND ( 'NONE', #578, .T. ) ;
#1012 = CARTESIAN_POINT ( 'NONE',  ( 0.000000000000000000, 0.000000000000000000, 0.000000000000000000 ) ) ;
#1013 = ADVANCED_FACE ( 'NONE', ( #389 ), #676, .T. ) ;
#1014 = EDGE_CURVE ( 'NONE', #1336, #1029, #538, .T. ) ;
#1015 = CARTESIAN_POINT ( 'NONE',  ( -2.000000000000000000, -5.000000000000000000, -1.000000000000000666 ) ) ;
#1016 = AXIS2_PLACEMENT_3D ( 'NONE', #484, #246, #709 ) ;
#1017 = CARTESIAN_POINT ( 'NONE',  ( -2.000000000000000000, -24.99999999999999645, 18.00000000000000355 ) ) ;
#1018 = ORIENTED_EDGE ( 'NONE', *, *, #438, .T. ) ;
#1019 = CARTESIAN_POINT ( 'NONE',  ( -2.000000000000000000, -23.81966011250104742, 17.99999999999999645 ) ) ;
#1020 = ORIENTED_EDGE ( 'NONE', *, *, #1379, .T. ) ;
#1021 = EDGE_CURVE ( 'NONE', #420, #362, #1487, .T. ) ;
#1022 = VERTEX_POINT ( 'NONE', #81 ) ;
#1023 = CARTESIAN_POINT ( 'NONE',  ( 0.000000000000000000, -45.00000000000000000, 4.909830056250465091 ) ) ;
#1024 = DIRECTION ( 'NONE',  ( 0.000000000000000000, -1.000000000000000000, 0.000000000000000000 ) ) ;
#1025 = MANIFOLD_SOLID_BREP ( 'Verrundung1', #158 ) ;
#1026 = CIRCLE ( 'NONE', #636, 13.39999999999999858 ) ;
#1027 = CARTESIAN_POINT ( 'NONE',  ( -2.000000000000000000, -5.100000000000004086, 13.49999999999999822 ) ) ;
#1028 = CARTESIAN_POINT ( 'NONE',  ( 15.00000000000003020, -30.00000000000000000, -4.000000000000030198 ) ) ;
#1029 = VERTEX_POINT ( 'NONE', #536 ) ;
#1030 = CARTESIAN_POINT ( 'NONE',  ( 15.00000000000003020, -45.00000000000000000, -4.000000000000031086 ) ) ;
#1031 = CARTESIAN_POINT ( 'NONE',  ( -1.969175473669316556, -25.33333333333332860, -0.4956269355290974232 ) ) ;
#1032 = DIRECTION ( 'NONE',  ( 1.000000000000000000, 0.000000000000000000, 0.000000000000000000 ) ) ;
#1033 = EDGE_CURVE ( 'NONE', #589, #602, #1001, .T. ) ;
#1034 = CARTESIAN_POINT ( 'NONE',  ( 10.50000000000003730, -40.49999999999999289, -4.000000000000015987 ) ) ;
#1035 = ORIENTED_EDGE ( 'NONE', *, *, #695, .F. ) ;
#1036 = DIRECTION ( 'NONE',  ( 3.491481338843133355E-15, -1.224646799147353700E-16, 1.000000000000000000 ) ) ;
#1037 = ADVANCED_FACE ( 'NONE', ( #1278 ), #903, .T. ) ;
#1038 = DIRECTION ( 'NONE',  ( 1.000000000000000000, 0.000000000000000000, -0.000000000000000000 ) ) ;
#1039 = VERTEX_POINT ( 'NONE', #90 ) ;
#1040 = ORIENTED_EDGE ( 'NONE', *, *, #1104, .T. ) ;
#1041 = VECTOR ( 'NONE', #1063, 1000.000000000000000 ) ;
#1042 = ORIENTED_EDGE ( 'NONE', *, *, #703, .T. ) ;
#1043 = DIRECTION ( 'NONE',  ( -1.000000000000000000, 2.465190328815661892E-32, 0.000000000000000000 ) ) ;
#1044 = DIRECTION ( 'NONE',  ( 0.000000000000000000, 1.224646799147353454E-16, -1.000000000000000000 ) ) ;
#1045 = ORIENTED_EDGE ( 'NONE', *, *, #588, .T. ) ;
#1046 = LINE ( 'NONE', #1017, #1202 ) ;
#1047 = AXIS2_PLACEMENT_3D ( 'NONE', #87, #315, #565 ) ;
#1048 = VECTOR ( 'NONE', #436, 1000.000000000000000 ) ;
#1049 = APPLICATION_PROTOCOL_DEFINITION ( 'draft international standard', 'automotive_design', 1998, #955 ) ;
#1050 = DIRECTION ( 'NONE',  ( 0.000000000000000000, 1.615111459712161585E-32, 1.000000000000000000 ) ) ;
#1051 = EDGE_LOOP ( 'NONE', ( #783, #483, #1018, #49 ) ) ;
#1052 = CARTESIAN_POINT ( 'NONE',  ( 10.50000000000003730, -43.09999999999999432, -1.999999999999973577 ) ) ;
#1053 = LINE ( 'NONE', #669, #954 ) ;
#1054 = DIRECTION ( 'NONE',  ( 0.000000000000000000, 1.615111459712161585E-32, 1.000000000000000000 ) ) ;
#1055 = EDGE_CURVE ( 'NONE', #1474, #602, #878, .T. ) ;
#1056 = ORIENTED_EDGE ( 'NONE', *, *, #950, .T. ) ;
#1057 = ORIENTED_EDGE ( 'NONE', *, *, #212, .T. ) ;
#1058 = CARTESIAN_POINT ( 'NONE',  ( -2.000000000000000000, -18.50000000000000000, 15.10000000000000142 ) ) ;
#1059 = CARTESIAN_POINT ( 'NONE',  ( 15.50000000000003730, -29.50000000000000000, -1.999999999999973577 ) ) ;
#1060 = EDGE_CURVE ( 'NONE', #111, #1039, #1053, .T. ) ;
#1061 = VECTOR ( 'NONE', #791, 1000.000000000000000 ) ;
#1062 = CIRCLE ( 'NONE', #62, 2.599999999999998312 ) ;
#1063 = DIRECTION ( 'NONE',  ( 7.888609052210118054E-31, 1.224646799147353207E-16, -1.000000000000000000 ) ) ;
#1064 = ORIENTED_EDGE ( 'NONE', *, *, #498, .F. ) ;
#1065 = DIRECTION ( 'NONE',  ( -1.000000000000000000, 0.000000000000000000, 0.000000000000000000 ) ) ;
#1066 = CARTESIAN_POINT ( 'NONE',  ( -2.000000000000000000, -23.88196601125009622, -2.924697323302331558E-15 ) ) ;
#1067 = FACE_OUTER_BOUND ( 'NONE', #192, .T. ) ;
#1068 = CYLINDRICAL_SURFACE ( 'NONE', #1290, 5.000000000000000888 ) ;
#1069 = CARTESIAN_POINT ( 'NONE',  ( -10.00000000000000000, -18.50000000000000000, 13.49999999999999822 ) ) ;
#1070 = CARTESIAN_POINT ( 'NONE',  ( -2.000000000000000000, -25.48663134347661696, -0.1822413694448788701 ) ) ;
#1071 = AXIS2_PLACEMENT_3D ( 'NONE', #281, #1482, #1475 ) ;
#1072 = ORIENTED_EDGE ( 'NONE', *, *, #1109, .F. ) ;
#1073 = ORIENTED_EDGE ( 'NONE', *, *, #156, .F. ) ;
#1074 = ORIENTED_EDGE ( 'NONE', *, *, #899, .T. ) ;
#1075 = DIRECTION ( 'NONE',  ( 0.000000000000000000, 1.615111459712161585E-32, 1.000000000000000000 ) ) ;
#1076 = PLANE ( 'NONE',  #747 ) ;
#1077 = CARTESIAN_POINT ( 'NONE',  ( 10.50000000000003730, -26.89999999999999858, -11.99999999999997335 ) ) ;
#1078 = DIRECTION ( 'NONE',  ( 0.000000000000000000, 1.615111459712161585E-32, 1.000000000000000000 ) ) ;
#1079 = CARTESIAN_POINT ( 'NONE',  ( 10.50000000000003730, -32.09999999999999432, -2.000000000000014211 ) ) ;
#1080 = EDGE_CURVE ( 'NONE', #309, #482, #765, .T. ) ;
#1081 = ORIENTED_EDGE ( 'NONE', *, *, #464, .F. ) ;
#1082 = ORIENTED_EDGE ( 'NONE', *, *, #570, .F. ) ;
#1083 = CIRCLE ( 'NONE', #1181, 1.600000000000002531 ) ;
#1084 = CARTESIAN_POINT ( 'NONE',  ( 15.00000000000003020, -45.00000000000000000, -4.000000000000031086 ) ) ;
#1085 = CARTESIAN_POINT ( 'NONE',  ( 15.50000000000003730, -29.50000000000000000, -4.000000000000030198 ) ) ;
#1086 = FACE_OUTER_BOUND ( 'NONE', #1243, .T. ) ;
#1087 = PLANE ( 'NONE',  #1337 ) ;
#1088 = EDGE_CURVE ( 'NONE', #773, #897, #974, .T. ) ;
#1089 = DIRECTION ( 'NONE',  ( 0.000000000000000000, 1.224646799147353207E-16, -1.000000000000000000 ) ) ;
#1090 = CARTESIAN_POINT ( 'NONE',  ( 15.00000000000003730, -24.99999999999999645, -2.000000000000029310 ) ) ;
#1091 = VECTOR ( 'NONE', #1466, 1000.000000000000000 ) ;
#1092 = ORIENTED_EDGE ( 'NONE', *, *, #588, .F. ) ;
#1093 = AXIS2_PLACEMENT_3D ( 'NONE', #507, #273, #978 ) ;
#1094 = ORIENTED_EDGE ( 'NONE', *, *, #398, .T. ) ;
#1095 = ORIENTED_EDGE ( 'NONE', *, *, #275, .F. ) ;
#1096 = CARTESIAN_POINT ( 'NONE',  ( -10.00000000000000000, -18.50000000000000000, 13.49999999999999822 ) ) ;
#1097 = AXIS2_PLACEMENT_3D ( 'NONE', #1328, #1338, #175 ) ;
#1098 = VECTOR ( 'NONE', #1212, 1000.000000000000000 ) ;
#1099 = CARTESIAN_POINT ( 'NONE',  ( 15.50000000000003730, -32.09999999999999432, -11.99999999999997335 ) ) ;
#1100 = DIRECTION ( 'NONE',  ( 0.000000000000000000, 0.000000000000000000, -1.000000000000000000 ) ) ;
#1101 = ORIENTED_EDGE ( 'NONE', *, *, #1277, .F. ) ;
#1102 = ORIENTED_EDGE ( 'NONE', *, *, #877, .F. ) ;
#1103 = FACE_OUTER_BOUND ( 'NONE', #1398, .T. ) ;
#1104 = EDGE_CURVE ( 'NONE', #525, #1128, #1145, .T. ) ;
#1105 = VERTEX_POINT ( 'NONE', #675 ) ;
#1106 = CARTESIAN_POINT ( 'NONE',  ( 0.01541226316534175314, -25.33333333333332860, -0.2478134677645502382 ) ) ;
#1107 = FACE_OUTER_BOUND ( 'NONE', #1355, .T. ) ;
#1108 = CARTESIAN_POINT ( 'NONE',  ( 0.000000000000000000, -3.499999999999997780, 13.49999999999999822 ) ) ;
#1109 = EDGE_CURVE ( 'NONE', #362, #1503, #875, .T. ) ;
#1110 = CARTESIAN_POINT ( 'NONE',  ( -2.000000000000000000, 0.000000000000000000, 0.000000000000000000 ) ) ;
#1111 = VERTEX_POINT ( 'NONE', #1019 ) ;
#1112 = DIRECTION ( 'NONE',  ( 1.000000000000000000, 0.000000000000000000, 0.000000000000000000 ) ) ;
#1113 = EDGE_LOOP ( 'NONE', ( #472, #1040, #651, #1332 ) ) ;
#1114 = DIRECTION ( 'NONE',  ( -1.000000000000000000, 0.000000000000000000, 3.336006684570784876E-15 ) ) ;
#1115 = EDGE_LOOP ( 'NONE', ( #1423, #251, #343, #1129 ) ) ;
#1116 = FACE_OUTER_BOUND ( 'NONE', #419, .T. ) ;
#1117 = ORIENTED_EDGE ( 'NONE', *, *, #1381, .F. ) ;
#1118 = ADVANCED_FACE ( 'NONE', ( #531 ), #430, .T. ) ;
#1119 = EDGE_CURVE ( 'NONE', #722, #628, #453, .T. ) ;
#1120 = AXIS2_PLACEMENT_3D ( 'NONE', #417, #1258, #657 ) ;
#1121 = DIRECTION ( 'NONE',  ( 1.000000000000000000, 0.000000000000000000, 0.000000000000000000 ) ) ;
#1122 = ORIENTED_EDGE ( 'NONE', *, *, #101, .T. ) ;
#1123 = AXIS2_PLACEMENT_3D ( 'NONE', #1085, #390, #515 ) ;
#1124 = CARTESIAN_POINT ( 'NONE',  ( 10.50000000000003730, -29.50000000000000000, -4.000000000000014211 ) ) ;
#1125 = ADVANCED_FACE ( 'NONE', ( #856 ), #59, .F. ) ;
#1126 = CARTESIAN_POINT ( 'NONE',  ( 0.01541226316534175314, -25.33333333333332860, -0.2478134677645502382 ) ) ;
#1127 = ORIENTED_EDGE ( 'NONE', *, *, #1227, .F. ) ;
#1128 = VERTEX_POINT ( 'NONE', #445 ) ;
#1129 = ORIENTED_EDGE ( 'NONE', *, *, #959, .F. ) ;
#1130 = ORIENTED_EDGE ( 'NONE', *, *, #334, .F. ) ;
#1131 = EDGE_CURVE ( 'NONE', #718, #1220, #817, .T. ) ;
#1132 = ORIENTED_EDGE ( 'NONE', *, *, #598, .T. ) ;
#1133 = ORIENTED_EDGE ( 'NONE', *, *, #802, .F. ) ;
#1134 = DIRECTION ( 'NONE',  ( 0.000000000000000000, 1.615111459712161585E-32, 1.000000000000000000 ) ) ;
#1135 = DIRECTION ( 'NONE',  ( 1.000000000000000000, 0.000000000000000000, 0.000000000000000000 ) ) ;
#1136 = ORIENTED_EDGE ( 'NONE', *, *, #1207, .F. ) ;
#1137 = LINE ( 'NONE', #1110, #297 ) ;
#1138 = ORIENTED_EDGE ( 'NONE', *, *, #194, .F. ) ;
#1139 = DIRECTION ( 'NONE',  ( 1.000000000000000000, 0.000000000000000000, -3.469446951953613400E-15 ) ) ;
#1140 = LINE ( 'NONE', #867, #55 ) ;
#1141 = ORIENTED_EDGE ( 'NONE', *, *, #1109, .T. ) ;
#1142 = ORIENTED_EDGE ( 'NONE', *, *, #1424, .T. ) ;
#1143 = CARTESIAN_POINT ( 'NONE',  ( 2.000000000000035527, -45.00000000000000000, -1.999999999999986233 ) ) ;
#1144 = FACE_BOUND ( 'NONE', #908, .T. ) ;
#1145 = CIRCLE ( 'NONE', #1504, 2.000000000000000000 ) ;
#1146 = EDGE_CURVE ( 'NONE', #1327, #240, #193, .T. ) ;
#1147 = CARTESIAN_POINT ( 'NONE',  ( -2.000000000000000000, -18.50000000000000000, 13.49999999999999822 ) ) ;
#1148 = CARTESIAN_POINT ( 'NONE',  ( 0.000000000000000000, -18.50000000000000000, 13.49999999999999822 ) ) ;
#1149 = CARTESIAN_POINT ( 'NONE',  ( 0.000000000000000000, -23.81966011250105453, 12.99999999999999467 ) ) ;
#1150 = CARTESIAN_POINT ( 'NONE',  ( 2.688821387764050996E-14, -26.89999999999999858, -3.999999999999977351 ) ) ;
#1151 = DIRECTION ( 'NONE',  ( 0.000000000000000000, 1.000000000000000000, 1.182766006347813987E-16 ) ) ;
#1152 = VERTEX_POINT ( 'NONE', #1256 ) ;
#1153 = CARTESIAN_POINT ( 'NONE',  ( 10.50000000000003730, -32.09999999999999432, -11.99999999999997335 ) ) ;
#1154 = AXIS2_PLACEMENT_3D ( 'NONE', #701, #1301, #1282 ) ;
#1155 = ORIENTED_EDGE ( 'NONE', *, *, #135, .F. ) ;
#1156 = DIRECTION ( 'NONE',  ( 2.465190328815661892E-32, -1.000000000000000000, 1.615111459712161585E-32 ) ) ;
#1157 = LINE ( 'NONE', #1164, #850 ) ;
#1158 = PLANE ( 'NONE',  #120 ) ;
#1159 = EDGE_LOOP ( 'NONE', ( #159, #546, #1117, #887 ) ) ;
#1160 = CIRCLE ( 'NONE', #864, 2.599999999999998312 ) ;
#1161 = ORIENTED_EDGE ( 'NONE', *, *, #647, .T. ) ;
#1162 = CARTESIAN_POINT ( 'NONE',  ( 10.50000000000003730, -26.89999999999999858, -1.999999999999973577 ) ) ;
#1163 = EDGE_CURVE ( 'NONE', #762, #1387, #1376, .T. ) ;
#1164 = CARTESIAN_POINT ( 'NONE',  ( 0.000000000000000000, -23.00000000000017053, -2.816687638038934046E-15 ) ) ;
#1165 = CARTESIAN_POINT ( 'NONE',  ( 2.000000000000000000, -14.60522802493444416, -1.788624575155319047E-15 ) ) ;
#1166 = DIRECTION ( 'NONE',  ( 0.000000000000000000, -1.224646799147353207E-16, 1.000000000000000000 ) ) ;
#1167 = ORIENTED_EDGE ( 'NONE', *, *, #182, .F. ) ;
#1168 = ORIENTED_EDGE ( 'NONE', *, *, #1021, .T. ) ;
#1169 = ORIENTED_EDGE ( 'NONE', *, *, #498, .T. ) ;
#1170 = SURFACE_STYLE_USAGE ( .BOTH. , #1298 ) ;
#1171 = VERTEX_POINT ( 'NONE', #458 ) ;
#1172 = VERTEX_POINT ( 'NONE', #1276 ) ;
#1173 = DIRECTION ( 'NONE',  ( 3.944304526105059027E-31, 1.000000000000000000, 1.224646799147353207E-16 ) ) ;
#1174 = DIRECTION ( 'NONE',  ( 0.000000000000000000, -1.000000000000000000, -1.224646799147353454E-16 ) ) ;
#1175 = EDGE_CURVE ( 'NONE', #930, #420, #130, .T. ) ;
#1176 = ORIENTED_EDGE ( 'NONE', *, *, #863, .T. ) ;
#1177 = LINE ( 'NONE', #441, #847 ) ;
#1178 = AXIS2_PLACEMENT_3D ( 'NONE', #1069, #376, #262 ) ;
#1179 = DIRECTION ( 'NONE',  ( 1.000000000000000000, 0.000000000000000000, -3.491481338843134144E-15 ) ) ;
#1180 = CARTESIAN_POINT ( 'NONE',  ( 20.00000000000002842, -45.00000000000000000, -4.000000000000048850 ) ) ;
#1181 = AXIS2_PLACEMENT_3D ( 'NONE', #1259, #1508, #690 ) ;
#1182 = CARTESIAN_POINT ( 'NONE',  ( 0.000000000000000000, -5.000000000000000000, -1.000000000000000666 ) ) ;
#1183 = EDGE_LOOP ( 'NONE', ( #98, #1168, #1141, #6 ) ) ;
#1184 = CARTESIAN_POINT ( 'NONE',  ( -2.000000000000000000, -17.00000000000016698, -6.000000000000001776 ) ) ;
#1185 = CARTESIAN_POINT ( 'NONE',  ( 0.000000000000000000, 0.000000000000000000, 0.000000000000000000 ) ) ;
#1186 = CARTESIAN_POINT ( 'NONE',  ( -1.969175473669316556, -25.33333333333332860, -0.4956269355290974232 ) ) ;
#1187 = EDGE_CURVE ( 'NONE', #1022, #1366, #346, .T. ) ;
#1188 = CARTESIAN_POINT ( 'NONE',  ( 2.000000000000000000, -24.99999999999998934, -3.061616997868382254E-15 ) ) ;
#1189 = VECTOR ( 'NONE', #1450, 1000.000000000000114 ) ;
#1190 = DIRECTION ( 'NONE',  ( 0.000000000000000000, 0.000000000000000000, 1.000000000000000000 ) ) ;
#1191 = CARTESIAN_POINT ( 'NONE',  ( 0.000000000000000000, 0.000000000000000000, 0.000000000000000000 ) ) ;
#1192 = EDGE_LOOP ( 'NONE', ( #128, #645, #138, #1465 ) ) ;
#1193 = VERTEX_POINT ( 'NONE', #781 ) ;
#1194 = CARTESIAN_POINT ( 'NONE',  ( 0.000000000000000000, -16.65555555555557277, -2.997212633998463716 ) ) ;
#1195 = EDGE_LOOP ( 'NONE', ( #581, #916, #1409, #1273, #213 ) ) ;
#1196 = AXIS2_PLACEMENT_3D ( 'NONE', #1378, #329, #1514 ) ;
#1197 = FACE_OUTER_BOUND ( 'NONE', #1002, .T. ) ;
#1198 = DIRECTION ( 'NONE',  ( 0.000000000000000000, 0.000000000000000000, 1.000000000000000000 ) ) ;
#1199 = CARTESIAN_POINT ( 'NONE',  ( 0.03803902320242907864, -25.12167517886133083, -0.4290174632494482276 ) ) ;
#1200 = VERTEX_POINT ( 'NONE', #248 ) ;
#1201 = EDGE_CURVE ( 'NONE', #979, #1111, #300, .T. ) ;
#1202 = VECTOR ( 'NONE', #1411, 1000.000000000000114 ) ;
#1203 = ORIENTED_EDGE ( 'NONE', *, *, #728, .T. ) ;
#1204 = CARTESIAN_POINT ( 'NONE',  ( 20.00000000000003553, -30.00000000000000000, -2.000000000000047073 ) ) ;
#1205 = CARTESIAN_POINT ( 'NONE',  ( -2.000000000000000000, -23.00000000000017053, -1.000000000000002887 ) ) ;
#1206 = FACE_OUTER_BOUND ( 'NONE', #95, .T. ) ;
#1207 = EDGE_CURVE ( 'NONE', #309, #861, #816, .T. ) ;
#1208 = DIRECTION ( 'NONE',  ( 0.000000000000000000, 0.000000000000000000, 1.000000000000000000 ) ) ;
#1209 = CARTESIAN_POINT ( 'NONE',  ( 0.000000000000000000, -25.50000000000000000, -2.755455298081545172E-15 ) ) ;
#1210 = EDGE_LOOP ( 'NONE', ( #997, #535, #1341, #888 ) ) ;
#1211 = VERTEX_POINT ( 'NONE', #1291 ) ;
#1212 = DIRECTION ( 'NONE',  ( -3.491481338843133355E-15, 1.224646799147353700E-16, -1.000000000000000000 ) ) ;
#1213 = ORIENTED_EDGE ( 'NONE', *, *, #609, .F. ) ;
#1214 = VECTOR ( 'NONE', #539, 1000.000000000000000 ) ;
#1215 = B_SPLINE_CURVE_WITH_KNOTS ( 'NONE', 3,
 ( #1433, #1070, #27, #1186 ),
 .UNSPECIFIED., .F., .F.,
 ( 4, 4 ),
 ( 0.000000000000000000, 1.000000000000000000 ),
 .UNSPECIFIED. ) ;
#1216 = ADVANCED_FACE ( 'NONE', ( #325 ), #116, .T. ) ;
#1217 = PLANE ( 'NONE',  #13 ) ;
#1218 = DIRECTION ( 'NONE',  ( 3.491481338843133355E-15, -1.224646799147353700E-16, 1.000000000000000000 ) ) ;
#1219 = EDGE_CURVE ( 'NONE', #1485, #696, #590, .T. ) ;
#1220 = VERTEX_POINT ( 'NONE', #1295 ) ;
#1221 = DIRECTION ( 'NONE',  ( -1.000000000000000000, -0.000000000000000000, 3.491481338843134144E-15 ) ) ;
#1222 = VECTOR ( 'NONE', #96, 1000.000000000000000 ) ;
#1223 = DIRECTION ( 'NONE',  ( 0.000000000000000000, 0.000000000000000000, 1.000000000000000000 ) ) ;
#1224 = DIRECTION ( 'NONE',  ( 1.000000000000000000, -0.000000000000000000, -0.000000000000000000 ) ) ;
#1225 = ADVANCED_FACE ( 'NONE', ( #874 ), #1412, .T. ) ;
#1226 = ORIENTED_EDGE ( 'NONE', *, *, #348, .T. ) ;
#1227 = EDGE_CURVE ( 'NONE', #1220, #1193, #451, .T. ) ;
#1228 = CARTESIAN_POINT ( 'NONE',  ( 0.01541226316534175314, -25.33333333333332860, -0.2478134677645484896 ) ) ;
#1229 = CARTESIAN_POINT ( 'NONE',  ( 20.00000000000003197, -40.00000000000000000, -4.000000000000048850 ) ) ;
#1230 = CYLINDRICAL_SURFACE ( 'NONE', #1071, 1.600000000000005862 ) ;
#1231 = DIRECTION ( 'NONE',  ( 0.000000000000000000, -1.000000000000000000, -1.224646799147353454E-16 ) ) ;
#1232 = LINE ( 'NONE', #17, #298 ) ;
#1233 = COLOUR_RGB ( '',0.6470588235294117974, 0.6196078431372549211, 0.5882352941176470784 ) ;
#1234 = B_SPLINE_CURVE_WITH_KNOTS ( 'NONE', 1,
 ( #488, #1463 ),
 .UNSPECIFIED., .F., .F.,
 ( 2, 2 ),
 ( 0.000000000000000000, 1.000000000000000000 ),
 .UNSPECIFIED. ) ;
#1235 = CARTESIAN_POINT ( 'NONE',  ( 15.50000000000004086, -40.49999999999999289, -1.999999999999973577 ) ) ;
#1236 = ORIENTED_EDGE ( 'NONE', *, *, #206, .F. ) ;
#1237 = LINE ( 'NONE', #898, #939 ) ;
#1238 = PLANE ( 'NONE',  #260 ) ;
#1239 = AXIS2_PLACEMENT_3D ( 'NONE', #597, #820, #700 ) ;
#1240 = LINE ( 'NONE', #1316, #155 ) ;
#1241 = EDGE_CURVE ( 'NONE', #1200, #184, #147, .T. ) ;
#1242 = DIRECTION ( 'NONE',  ( 0.000000000000000000, 1.615111459712161585E-32, 1.000000000000000000 ) ) ;
#1243 = EDGE_LOOP ( 'NONE', ( #1428, #1127, #1416, #537 ) ) ;
#1244 = VECTOR ( 'NONE', #352, 1000.000000000000000 ) ;
#1245 = LINE ( 'NONE', #1312, #599 ) ;
#1246 = ADVANCED_FACE ( 'NONE', ( #1315 ), #835, .F. ) ;
#1247 = ORIENTED_EDGE ( 'NONE', *, *, #832, .T. ) ;
#1248 = FACE_BOUND ( 'NONE', #662, .T. ) ;
#1249 = PRODUCT_DEFINITION ( 'UNKNOWN', '', #624, #965 ) ;
#1250 = DIRECTION ( 'NONE',  ( 0.000000000000000000, 1.615111459712161585E-32, 1.000000000000000000 ) ) ;
#1251 = EDGE_CURVE ( 'NONE', #424, #359, #1356, .T. ) ;
#1252 = ORIENTED_EDGE ( 'NONE', *, *, #1294, .T. ) ;
#1253 = ORIENTED_EDGE ( 'NONE', *, *, #527, .T. ) ;
#1254 = DIRECTION ( 'NONE',  ( -1.000000000000000000, -0.000000000000000000, 0.000000000000000000 ) ) ;
#1255 = DIRECTION ( 'NONE',  ( 1.000000000000000000, 0.000000000000000000, 0.000000000000000000 ) ) ;
#1256 = CARTESIAN_POINT ( 'NONE',  ( 15.50000000000004086, -37.89999999999999858, -1.999999999999973577 ) ) ;
#1257 = AXIS2_PLACEMENT_3D ( 'NONE', #437, #1032, #1375 ) ;
#1258 = DIRECTION ( 'NONE',  ( -3.491481338843134144E-15, 1.224646799147353454E-16, -1.000000000000000000 ) ) ;
#1259 = CARTESIAN_POINT ( 'NONE',  ( -2.000000000000000000, -18.50000000000000000, 13.49999999999999822 ) ) ;
#1260 = CARTESIAN_POINT ( 'NONE',  ( 10.50000000000003730, -43.09999999999999432, -11.99999999999997335 ) ) ;
#1261 = CARTESIAN_POINT ( 'NONE',  ( 0.000000000000000000, -2.204364238465235428E-15, 18.00000000000000000 ) ) ;
#1262 = EDGE_LOOP ( 'NONE', ( #760, #1263, #1122, #1347 ) ) ;
#1263 = ORIENTED_EDGE ( 'NONE', *, *, #1207, .T. ) ;
#1264 = AXIS2_PLACEMENT_3D ( 'NONE', #299, #534, #649 ) ;
#1265 = VECTOR ( 'NONE', #256, 1000.000000000000000 ) ;
#1266 = DIRECTION ( 'NONE',  ( -2.465190328815661892E-32, 1.000000000000000000, -1.615111459712161585E-32 ) ) ;
#1267 = DIRECTION ( 'NONE',  ( 0.000000000000000000, 0.000000000000000000, 1.000000000000000000 ) ) ;
#1268 = VERTEX_POINT ( 'NONE', #1307 ) ;
#1269 = CIRCLE ( 'NONE', #268, 2.599999999999998312 ) ;
#1270 = ORIENTED_EDGE ( 'NONE', *, *, #487, .T. ) ;
#1271 = LINE ( 'NONE', #340, #794 ) ;
#1272 = CARTESIAN_POINT ( 'NONE',  ( 0.000000000000000000, -23.00000000000016342, -2.816687638038932862E-15 ) ) ;
#1273 = ORIENTED_EDGE ( 'NONE', *, *, #406, .F. ) ;
#1274 = ADVANCED_FACE ( 'NONE', ( #1103 ), #80, .T. ) ;
#1275 = DIRECTION ( 'NONE',  ( 1.000000000000000000, -0.000000000000000000, -0.000000000000000000 ) ) ;
#1276 = CARTESIAN_POINT ( 'NONE',  ( 10.50000000000003730, -26.89999999999999858, -4.000000000000022204 ) ) ;
#1277 = EDGE_CURVE ( 'NONE', #362, #525, #889, .T. ) ;
#1278 = FACE_OUTER_BOUND ( 'NONE', #494, .T. ) ;
#1279 = CARTESIAN_POINT ( 'NONE',  ( 20.00000000000003197, -30.00000000000000000, -4.000000000000047962 ) ) ;
#1280 = DIRECTION ( 'NONE',  ( 0.000000000000000000, 0.000000000000000000, 1.000000000000000000 ) ) ;
#1281 = ADVANCED_FACE ( 'NONE', ( #972, #1144, #530 ), #1076, .F. ) ;
#1282 = DIRECTION ( 'NONE',  ( 1.000000000000000000, 0.000000000000000000, 0.000000000000000000 ) ) ;
#1283 = ORIENTED_EDGE ( 'NONE', *, *, #1219, .F. ) ;
#1284 = EDGE_CURVE ( 'NONE', #866, #623, #224, .T. ) ;
#1285 = ORIENTED_EDGE ( 'NONE', *, *, #970, .F. ) ;
#1286 = FACE_OUTER_BOUND ( 'NONE', #1363, .T. ) ;
#1287 = DIRECTION ( 'NONE',  ( -0.000000000000000000, 1.000000000000000000, 1.182766006347813987E-16 ) ) ;
#1288 = FACE_OUTER_BOUND ( 'NONE', #1262, .T. ) ;
#1289 = DIRECTION ( 'NONE',  ( 0.000000000000000000, 0.000000000000000000, 1.000000000000000000 ) ) ;
#1290 = AXIS2_PLACEMENT_3D ( 'NONE', #806, #1036, #1139 ) ;
#1291 = CARTESIAN_POINT ( 'NONE',  ( -2.000000000000000000, -45.00000000000000000, 4.909830056250465091 ) ) ;
#1292 =( NAMED_UNIT ( * ) PLANE_ANGLE_UNIT ( ) SI_UNIT ( $, .RADIAN. ) );
#1293 = ORIENTED_EDGE ( 'NONE', *, *, #5, .F. ) ;
#1294 = EDGE_CURVE ( 'NONE', #1171, #930, #410, .T. ) ;
#1295 = CARTESIAN_POINT ( 'NONE',  ( 0.000000000000000000, -22.00000000000016698, -1.000000000000002887 ) ) ;
#1296 = FACE_OUTER_BOUND ( 'NONE', #749, .T. ) ;
#1297 = EDGE_CURVE ( 'NONE', #359, #1171, #880, .T. ) ;
#1298 = SURFACE_SIDE_STYLE ('',( #1306 ) ) ;
#1299 = DIRECTION ( 'NONE',  ( 0.000000000000000000, 3.469446951953613400E-15, 1.000000000000000000 ) ) ;
#1300 = ORIENTED_EDGE ( 'NONE', *, *, #656, .T. ) ;
#1301 = DIRECTION ( 'NONE',  ( 0.000000000000000000, 1.615111459712161585E-32, 1.000000000000000000 ) ) ;
#1302 = CARTESIAN_POINT ( 'NONE',  ( 0.006179785891106979144, -25.43107254157897756, -0.1738761578018048481 ) ) ;
#1303 = AXIS2_PLACEMENT_3D ( 'NONE', #403, #772, #1492 ) ;
#1304 = ORIENTED_EDGE ( 'NONE', *, *, #1088, .F. ) ;
#1305 = VERTEX_POINT ( 'NONE', #145 ) ;
#1306 = SURFACE_STYLE_FILL_AREA ( #592 ) ;
#1307 = CARTESIAN_POINT ( 'NONE',  ( -2.000000000000000000, -17.00000000000016698, -6.000000000000001776 ) ) ;
#1308 = EDGE_CURVE ( 'NONE', #734, #1211, #552, .T. ) ;
#1309 = VERTEX_POINT ( 'NONE', #150 ) ;
#1310 = FACE_OUTER_BOUND ( 'NONE', #180, .T. ) ;
#1311 = VECTOR ( 'NONE', #975, 1000.000000000000000 ) ;
#1312 = CARTESIAN_POINT ( 'NONE',  ( -2.000000000000000000, -45.00000000000000000, -5.510910596163089556E-15 ) ) ;
#1313 = DIRECTION ( 'NONE',  ( -1.000000000000000000, -0.000000000000000000, 0.000000000000000000 ) ) ;
#1314 = ORIENTED_EDGE ( 'NONE', *, *, #355, .T. ) ;
#1315 = FACE_OUTER_BOUND ( 'NONE', #412, .T. ) ;
#1316 = CARTESIAN_POINT ( 'NONE',  ( -2.000000000000000000, -24.62732200375003089, 0.3333333333333301507 ) ) ;
#1317 = DIRECTION ( 'NONE',  ( 0.000000000000000000, 0.000000000000000000, 1.000000000000000000 ) ) ;
#1318 = LINE ( 'NONE', #544, #653 ) ;
#1319 = CIRCLE ( 'NONE', #447, 1.600000000000002531 ) ;
#1320 = DIRECTION ( 'NONE',  ( 1.000000000000000000, 0.000000000000000000, 0.000000000000000000 ) ) ;
#1321 = CARTESIAN_POINT ( 'NONE',  ( 0.000000000000000000, 0.000000000000000000, 0.000000000000000000 ) ) ;
#1322 = CIRCLE ( 'NONE', #1386, 2.000000000000000000 ) ;
#1323 = AXIS2_PLACEMENT_3D ( 'NONE', #393, #809, #575 ) ;
#1324 = CARTESIAN_POINT ( 'NONE',  ( -2.000000000000000000, -2.204364238465235428E-15, 18.00000000000000000 ) ) ;
#1325 = CARTESIAN_POINT ( 'NONE',  ( 0.000000000000000000, -1.899999999999988587, 13.49999999999999645 ) ) ;
#1326 = CARTESIAN_POINT ( 'NONE',  ( -1.969175473669316556, -25.33333333333332860, -0.4956269355290974232 ) ) ;
#1327 = VERTEX_POINT ( 'NONE', #373 ) ;
#1328 = CARTESIAN_POINT ( 'NONE',  ( 2.000000000000000000, -24.99999999999998934, -3.061616997868382254E-15 ) ) ;
#1329 = ORIENTED_EDGE ( 'NONE', *, *, #388, .T. ) ;
#1330 = EDGE_LOOP ( 'NONE', ( #683, #104, #1493, #105 ) ) ;
#1331 = CARTESIAN_POINT ( 'NONE',  ( 0.000000000000000000, -25.50000000000000000, -2.755455298081545172E-15 ) ) ;
#1332 = ORIENTED_EDGE ( 'NONE', *, *, #728, .F. ) ;
#1333 = VECTOR ( 'NONE', #501, 1000.000000000000000 ) ;
#1334 = PLANE ( 'NONE',  #65 ) ;
#1335 = PLANE ( 'NONE',  #743 ) ;
#1336 = VERTEX_POINT ( 'NONE', #1066 ) ;
#1337 = AXIS2_PLACEMENT_3D ( 'NONE', #1077, #627, #741 ) ;
#1338 = DIRECTION ( 'NONE',  ( -0.000000000000000000, 1.000000000000000000, 0.000000000000000000 ) ) ;
#1339 = DIRECTION ( 'NONE',  ( -1.000000000000000000, -0.000000000000000000, -0.000000000000000000 ) ) ;
#1340 = CARTESIAN_POINT ( 'NONE',  ( 0.000000000000000000, -23.88196601125009622, -2.924697323302331558E-15 ) ) ;
#1341 = ORIENTED_EDGE ( 'NONE', *, *, #1478, .T. ) ;
#1342 = AXIS2_PLACEMENT_3D ( 'NONE', #324, #227, #3 ) ;
#1343 = DIRECTION ( 'NONE',  ( -3.491481338843133355E-15, -7.650325906086612774E-33, -1.000000000000000000 ) ) ;
#1344 = VECTOR ( 'NONE', #513, 1000.000000000000000 ) ;
#1345 = LINE ( 'NONE', #1324, #178 ) ;
#1346 = CARTESIAN_POINT ( 'NONE',  ( 20.00000000000002842, -45.00000000000000000, -4.000000000000048850 ) ) ;
#1347 = ORIENTED_EDGE ( 'NONE', *, *, #60, .F. ) ;
#1348 = DIRECTION ( 'NONE',  ( 0.000000000000000000, 1.615111459712161585E-32, 1.000000000000000000 ) ) ;
#1349 = EDGE_CURVE ( 'NONE', #184, #628, #839, .T. ) ;
#1350 = LINE ( 'NONE', #1357, #402 ) ;
#1351 = CIRCLE ( 'NONE', #1342, 2.599999999999998312 ) ;
#1352 = CARTESIAN_POINT ( 'NONE',  ( -2.000000000000000000, -25.50000000000000000, -2.388061258337339333E-15 ) ) ;
#1353 = CARTESIAN_POINT ( 'NONE',  ( 15.50000000000003730, -29.50000000000000000, -11.99999999999997335 ) ) ;
#1354 = DIRECTION ( 'NONE',  ( -1.000000000000000000, 0.000000000000000000, 0.000000000000000000 ) ) ;
#1355 = EDGE_LOOP ( 'NONE', ( #431, #191, #1074, #752 ) ) ;
#1356 = LINE ( 'NONE', #953, #687 ) ;
#1357 = CARTESIAN_POINT ( 'NONE',  ( 2.688821387764050996E-14, -32.09999999999999432, -3.999999999999977351 ) ) ;
#1358 = PRODUCT_RELATED_PRODUCT_CATEGORY ( 'part', '', ( #738 ) ) ;
#1359 = VECTOR ( 'NONE', #1218, 1000.000000000000000 ) ;
#1360 = EDGE_CURVE ( 'NONE', #1366, #291, #782, .T. ) ;
#1361 = EDGE_LOOP ( 'NONE', ( #786, #74, #1505, #481 ) ) ;
#1362 = VECTOR ( 'NONE', #1287, 1000.000000000000000 ) ;
#1363 = EDGE_LOOP ( 'NONE', ( #316, #69, #921, #995 ) ) ;
#1364 = CIRCLE ( 'NONE', #980, 1.600000000000005862 ) ;
#1365 = CARTESIAN_POINT ( 'NONE',  ( 0.000000000000000000, -16.83333333333334281, -3.007119849998614480 ) ) ;
#1366 = VERTEX_POINT ( 'NONE', #1079 ) ;
#1367 = ORIENTED_EDGE ( 'NONE', *, *, #609, .T. ) ;
#1368 = CIRCLE ( 'NONE', #1154, 2.599999999999998312 ) ;
#1369 = EDGE_LOOP ( 'NONE', ( #1072, #641, #449, #678 ) ) ;
#1370 = EDGE_CURVE ( 'NONE', #1193, #1029, #226, .T. ) ;
#1371 = APPLICATION_CONTEXT ( 'automotive_design' ) ;
#1372 = ADVANCED_FACE ( 'NONE', ( #287 ), #923, .T. ) ;
#1373 = AXIS2_PLACEMENT_3D ( 'NONE', #1445, #149, #1208 ) ;
#1374 = VECTOR ( 'NONE', #799, 1000.000000000000000 ) ;
#1375 = DIRECTION ( 'NONE',  ( 0.000000000000000000, 0.000000000000000000, -1.000000000000000000 ) ) ;
#1376 = LINE ( 'NONE', #1521, #706 ) ;
#1377 = EDGE_LOOP ( 'NONE', ( #399, #1226, #160, #223 ) ) ;
#1378 = CARTESIAN_POINT ( 'NONE',  ( -2.000000000000000000, -24.99999999999999645, -3.035766082959412415E-15 ) ) ;
#1379 = EDGE_CURVE ( 'NONE', #1415, #1503, #1215, .T. ) ;
#1380 = ADVANCED_FACE ( 'NONE', ( #1107 ), #800, .F. ) ;
#1381 = EDGE_CURVE ( 'NONE', #1387, #734, #1403, .T. ) ;
#1382 = ORIENTED_EDGE ( 'NONE', *, *, #784, .T. ) ;
#1383 = ORIENTED_EDGE ( 'NONE', *, *, #1294, .F. ) ;
#1384 = DIRECTION ( 'NONE',  ( 0.000000000000000000, -8.673617379884033500E-16, 1.000000000000000000 ) ) ;
#1385 = EDGE_LOOP ( 'NONE', ( #585, #247, #960, #422 ) ) ;
#1386 = AXIS2_PLACEMENT_3D ( 'NONE', #395, #739, #56 ) ;
#1387 = VERTEX_POINT ( 'NONE', #293 ) ;
#1388 = DIRECTION ( 'NONE',  ( 1.000000000000000000, -0.000000000000000000, -0.000000000000000000 ) ) ;
#1389 = ORIENTED_EDGE ( 'NONE', *, *, #720, .F. ) ;
#1390 = VERTEX_POINT ( 'NONE', #289 ) ;
#1391 = CIRCLE ( 'NONE', #1000, 0.5000000000000005551 ) ;
#1392 = DIRECTION ( 'NONE',  ( 0.000000000000000000, 0.000000000000000000, 1.000000000000000000 ) ) ;
#1393 = CARTESIAN_POINT ( 'NONE',  ( 0.000000000000000000, -17.01111111111112351, 0.1829729340012513361 ) ) ;
#1394 = LINE ( 'NONE', #857, #1522 ) ;
#1395 = DIRECTION ( 'NONE',  ( 0.000000000000000000, 0.000000000000000000, 1.000000000000000000 ) ) ;
#1396 = CARTESIAN_POINT ( 'NONE',  ( -2.000000000000000000, -1.592040838891558898E-15, 12.99999999999999822 ) ) ;
#1397 = ORIENTED_EDGE ( 'NONE', *, *, #253, .T. ) ;
#1398 = EDGE_LOOP ( 'NONE', ( #4, #418, #400, #541 ) ) ;
#1399 = CARTESIAN_POINT ( 'NONE',  ( -10.00000000000000000, -3.499999999999997780, 13.49999999999999822 ) ) ;
#1400 = PLANE ( 'NONE',  #1443 ) ;
#1401 = DIRECTION ( 'NONE',  ( 0.000000000000000000, 0.000000000000000000, -1.000000000000000000 ) ) ;
#1402 = ADVANCED_FACE ( 'NONE', ( #1086 ), #594, .F. ) ;
#1403 = CIRCLE ( 'NONE', #134, 4.999999999999999112 ) ;
#1404 = DIRECTION ( 'NONE',  ( 0.000000000000000000, 0.000000000000000000, -1.000000000000000000 ) ) ;
#1405 = DIRECTION ( 'NONE',  ( 0.000000000000000000, -1.615111459712161585E-32, -1.000000000000000000 ) ) ;
#1406 = ORIENTED_EDGE ( 'NONE', *, *, #1447, .F. ) ;
#1407 = AXIS2_PLACEMENT_3D ( 'NONE', #900, #202, #308 ) ;
#1408 = ADVANCED_FACE ( 'NONE', ( #610 ), #305, .F. ) ;
#1409 = ORIENTED_EDGE ( 'NONE', *, *, #577, .F. ) ;
#1410 = LINE ( 'NONE', #1150, #210 ) ;
#1411 = DIRECTION ( 'NONE',  ( -0.000000000000000000, 0.8944271909999145231, 0.4472135954999604812 ) ) ;
#1412 = PLANE ( 'NONE',  #941 ) ;
#1413 = UNCERTAINTY_MEASURE_WITH_UNIT (LENGTH_MEASURE( 1.000000000000000082E-05 ), #826, 'distance_accuracy_value', 'NONE');
#1414 = VECTOR ( 'NONE', #468, 1000.000000000000000 ) ;
#1415 = VERTEX_POINT ( 'NONE', #71 ) ;
#1416 = ORIENTED_EDGE ( 'NONE', *, *, #1131, .F. ) ;
#1417 = EDGE_CURVE ( 'NONE', #1467, #358, #151, .T. ) ;
#1418 = CIRCLE ( 'NONE', #757, 1.600000000000002531 ) ;
#1419 = VECTOR ( 'NONE', #493, 1000.000000000000000 ) ;
#1420 = VERTEX_POINT ( 'NONE', #629 ) ;
#1421 = DIRECTION ( 'NONE',  ( 1.000000000000000000, 0.000000000000000000, 0.000000000000000000 ) ) ;
#1422 = DIRECTION ( 'NONE',  ( 0.000000000000000000, -1.224646799147353207E-16, 1.000000000000000000 ) ) ;
#1423 = ORIENTED_EDGE ( 'NONE', *, *, #285, .T. ) ;
#1424 = EDGE_CURVE ( 'NONE', #773, #509, #84, .T. ) ;
#1425 = ORIENTED_EDGE ( 'NONE', *, *, #474, .T. ) ;
#1426 = VERTEX_POINT ( 'NONE', #983 ) ;
#1427 = CARTESIAN_POINT ( 'NONE',  ( 0.000000000000000000, -18.50000000000000000, 15.10000000000000142 ) ) ;
#1428 = ORIENTED_EDGE ( 'NONE', *, *, #1370, .F. ) ;
#1429 = VERTEX_POINT ( 'NONE', #1090 ) ;
#1430 = DIRECTION ( 'NONE',  ( 1.000000000000000000, -0.000000000000000000, -0.000000000000000000 ) ) ;
#1431 = CYLINDRICAL_SURFACE ( 'NONE', #94, 5.000000000000000000 ) ;
#1432 = DIRECTION ( 'NONE',  ( 3.491481338843134144E-15, -1.224646799147353454E-16, 1.000000000000000000 ) ) ;
#1433 = CARTESIAN_POINT ( 'NONE',  ( -2.000000000000000000, -25.50000000000000000, -2.388061258337339333E-15 ) ) ;
#1434 = VECTOR ( 'NONE', #1075, 1000.000000000000000 ) ;
#1435 = VERTEX_POINT ( 'NONE', #195 ) ;
#1436 = DIRECTION ( 'NONE',  ( 0.000000000000000000, 0.000000000000000000, -1.000000000000000000 ) ) ;
#1437 = DIRECTION ( 'NONE',  ( 0.000000000000000000, 0.000000000000000000, 1.000000000000000000 ) ) ;
#1438 = CARTESIAN_POINT ( 'NONE',  ( 0.000000000000000000, -23.81966011250104742, 17.99999999999999645 ) ) ;
#1439 = CARTESIAN_POINT ( 'NONE',  ( -10.00000000000000000, -16.83333333333334281, -1.407119849998608396 ) ) ;
#1440 = AXIS2_PLACEMENT_3D ( 'NONE', #448, #924, #932 ) ;
#1441 = CARTESIAN_POINT ( 'NONE',  ( -2.000000000000000000, -1.592040838891558898E-15, 12.99999999999999822 ) ) ;
#1442 = CARTESIAN_POINT ( 'NONE',  ( 0.000000000000000000, -24.99999999999999645, -3.035766082959412415E-15 ) ) ;
#1443 = AXIS2_PLACEMENT_3D ( 'NONE', #797, #1024, #338 ) ;
#1444 = ORIENTED_EDGE ( 'NONE', *, *, #634, .T. ) ;
#1445 = CARTESIAN_POINT ( 'NONE',  ( -2.000000000000000000, -5.000000000000000000, -1.000000000000000666 ) ) ;
#1446 = VECTOR ( 'NONE', #1005, 1000.000000000000000 ) ;
#1447 = EDGE_CURVE ( 'NONE', #424, #930, #1322, .T. ) ;
#1448 = CIRCLE ( 'NONE', #1440, 1.000000000000000222 ) ;
#1449 = VERTEX_POINT ( 'NONE', #169 ) ;
#1450 = DIRECTION ( 'NONE',  ( -0.000000000000000000, 0.8944271909999145231, 0.4472135954999604812 ) ) ;
#1451 = ORIENTED_EDGE ( 'NONE', *, *, #1104, .F. ) ;
#1452 = ORIENTED_EDGE ( 'NONE', *, *, #1349, .F. ) ;
#1453 = ORIENTED_EDGE ( 'NONE', *, *, #31, .T. ) ;
#1454 = CIRCLE ( 'NONE', #136, 5.000000000000000888 ) ;
#1455 = DIRECTION ( 'NONE',  ( 0.000000000000000000, 1.000000000000000000, 0.000000000000000000 ) ) ;
#1456 = ORIENTED_EDGE ( 'NONE', *, *, #1008, .F. ) ;
#1457 = ADVANCED_FACE ( 'NONE', ( #1206 ), #1335, .F. ) ;
#1458 = CIRCLE ( 'NONE', #514, 1.600000000000005862 ) ;
#1459 = VECTOR ( 'NONE', #117, 1000.000000000000000 ) ;
#1460 = EDGE_CURVE ( 'NONE', #866, #715, #1083, .T. ) ;
#1461 = CARTESIAN_POINT ( 'NONE',  ( -2.000000000000000000, -23.00000000000017053, -1.000000000000002887 ) ) ;
#1462 = AXIS2_PLACEMENT_3D ( 'NONE', #1235, #529, #179 ) ;
#1463 = CARTESIAN_POINT ( 'NONE',  ( -1.725422395302484979, -24.99999999999998934, -1.456443605698039212 ) ) ;
#1464 = DIRECTION ( 'NONE',  ( -1.000000000000000000, 0.000000000000000000, 3.336006684570784876E-15 ) ) ;
#1465 = ORIENTED_EDGE ( 'NONE', *, *, #986, .T. ) ;
#1466 = DIRECTION ( 'NONE',  ( 1.000000000000000000, -0.000000000000000000, -0.000000000000000000 ) ) ;
#1467 = VERTEX_POINT ( 'NONE', #1279 ) ;
#1468 = ORIENTED_EDGE ( 'NONE', *, *, #1417, .T. ) ;
#1469 = DIRECTION ( 'NONE',  ( -1.000000000000000000, -0.000000000000000000, -0.000000000000000000 ) ) ;
#1470 = EDGE_CURVE ( 'NONE', #623, #815, #1319, .T. ) ;
#1471 = CIRCLE ( 'NONE', #317, 1.600000000000005862 ) ;
#1472 = CARTESIAN_POINT ( 'NONE',  ( 15.50000000000003730, -26.89999999999999858, -1.999999999999973577 ) ) ;
#1473 = LINE ( 'NONE', #9, #756 ) ;
#1474 = VERTEX_POINT ( 'NONE', #1393 ) ;
#1475 = DIRECTION ( 'NONE',  ( 0.000000000000000000, 0.000000000000000000, -1.000000000000000000 ) ) ;
#1476 = CARTESIAN_POINT ( 'NONE',  ( 0.000000000000000000, -40.00000000000000000, 4.909830056250465091 ) ) ;
#1477 = AXIS2_PLACEMENT_3D ( 'NONE', #702, #804, #937 ) ;
#1478 = EDGE_CURVE ( 'NONE', #815, #623, #1418, .T. ) ;
#1479 = ADVANCED_FACE ( 'NONE', ( #1067 ), #1068, .T. ) ;
#1480 = CARTESIAN_POINT ( 'NONE',  ( 0.000000000000000000, -25.50000000000000000, -2.755455298081545172E-15 ) ) ;
#1481 = DIRECTION ( 'NONE',  ( 0.000000000000000000, 1.615111459712161585E-32, 1.000000000000000000 ) ) ;
#1482 = DIRECTION ( 'NONE',  ( 1.000000000000000000, -0.000000000000000000, -0.000000000000000000 ) ) ;
#1483 = ORIENTED_EDGE ( 'NONE', *, *, #167, .T. ) ;
#1484 = CARTESIAN_POINT ( 'NONE',  ( -1.674235084072327211E-17, -25.48662834637175578, -0.09114111297167724890 ) ) ;
#1485 = VERTEX_POINT ( 'NONE', #113 ) ;
#1486 = LINE ( 'NONE', #788, #356 ) ;
#1487 = B_SPLINE_CURVE_WITH_KNOTS ( 'NONE', 3,
 ( #75, #1484, #190, #1106 ),
 .UNSPECIFIED., .F., .F.,
 ( 4, 4 ),
 ( 0.000000000000000000, 1.000000000000000000 ),
 .UNSPECIFIED. ) ;
#1488 = ORIENTED_EDGE ( 'NONE', *, *, #243, .F. ) ;
#1489 = FACE_OUTER_BOUND ( 'NONE', #1377, .T. ) ;
#1490 = CARTESIAN_POINT ( 'NONE',  ( -1.833578050609428134, -25.01057593594417483, -1.179793346887647587 ) ) ;
#1491 = AXIS2_PLACEMENT_3D ( 'NONE', #963, #1065, #1190 ) ;
#1492 = DIRECTION ( 'NONE',  ( 0.000000000000000000, 0.000000000000000000, -1.000000000000000000 ) ) ;
#1493 = ORIENTED_EDGE ( 'NONE', *, *, #301, .T. ) ;
#1494 = PLANE ( 'NONE',  #1407 ) ;
#1495 = CARTESIAN_POINT ( 'NONE',  ( -10.00000000000000000, -16.83333333333334281, -3.007119849998614480 ) ) ;
#1496 = EDGE_LOOP ( 'NONE', ( #1176, #685, #197, #166, #813, #425 ) ) ;
#1497 = ORIENTED_EDGE ( 'NONE', *, *, #863, .F. ) ;
#1498 = ADVANCED_FACE ( 'NONE', ( #170 ), #1400, .T. ) ;
#1499 = EDGE_CURVE ( 'NONE', #628, #1327, #998, .T. ) ;
#1500 =( GEOMETRIC_REPRESENTATION_CONTEXT ( 3 ) GLOBAL_UNCERTAINTY_ASSIGNED_CONTEXT ( ( #1413 ) ) GLOBAL_UNIT_ASSIGNED_CONTEXT ( ( #826, #708, #25 ) ) REPRESENTATION_CONTEXT ( 'NONE', 'WORKASPACE' ) );
#1501 = ORIENTED_EDGE ( 'NONE', *, *, #238, .T. ) ;
#1502 = LINE ( 'NONE', #1184, #555 ) ;
#1503 = VERTEX_POINT ( 'NONE', #1031 ) ;
#1504 = AXIS2_PLACEMENT_3D ( 'NONE', #103, #568, #1401 ) ;
#1505 = ORIENTED_EDGE ( 'NONE', *, *, #51, .F. ) ;
#1506 = CIRCLE ( 'NONE', #1120, 5.000000000000000888 ) ;
#1507 = CARTESIAN_POINT ( 'NONE',  ( -2.000000000000000000, 0.000000000000000000, -6.000000000000000000 ) ) ;
#1508 = DIRECTION ( 'NONE',  ( -1.000000000000000000, -0.000000000000000000, 0.000000000000000000 ) ) ;
#1509 = AXIS2_PLACEMENT_3D ( 'NONE', #717, #1320, #849 ) ;
#1510 = DIRECTION ( 'NONE',  ( 1.000000000000000000, 0.000000000000000000, 0.000000000000000000 ) ) ;
#1511 = DIRECTION ( 'NONE',  ( 1.000000000000000000, 0.000000000000000000, -3.491481338843134144E-15 ) ) ;
#1512 = DIRECTION ( 'NONE',  ( -3.491481338843134144E-15, 1.224646799147353454E-16, -1.000000000000000000 ) ) ;
#1513 = DIRECTION ( 'NONE',  ( 0.000000000000000000, 1.182766006347813987E-16, -1.000000000000000000 ) ) ;
#1514 = DIRECTION ( 'NONE',  ( 0.000000000000000000, 0.000000000000000000, -1.000000000000000000 ) ) ;
#1515 = AXIS2_PLACEMENT_3D ( 'NONE', #174, #1469, #64 ) ;
#1516 = DIRECTION ( 'NONE',  ( 1.000000000000000000, 0.000000000000000000, 0.000000000000000000 ) ) ;
#1517 = EDGE_LOOP ( 'NONE', ( #833, #1329, #584, #614 ) ) ;
#1518 = ADVANCED_FACE ( 'NONE', ( #1296 ), #940, .T. ) ;
#1519 = ORIENTED_EDGE ( 'NONE', *, *, #92, .T. ) ;
#1520 = ORIENTED_EDGE ( 'NONE', *, *, #1131, .T. ) ;
#1521 = CARTESIAN_POINT ( 'NONE',  ( 0.000000000000000000, -42.23606797749980757, 9.381966011250037596 ) ) ;
#1522 = VECTOR ( 'NONE', #1221, 1000.000000000000000 ) ;
#1523 = EDGE_LOOP ( 'NONE', ( #945, #726, #384, #596 ) ) ;
#1524 = ORIENTED_EDGE ( 'NONE', *, *, #695, .T. ) ;
#1525 = CARTESIAN_POINT ( 'NONE',  ( -1.725422395302484979, -24.99999999999998934, -1.456443605698039212 ) ) ;
ENDSEC;
END-ISO-10303-21;
