ISO-10303-21;
HEADER;
FILE_DESCRIPTION (( 'STEP AP214' ),
    '1' );
FILE_NAME ('03_Zylinderflanschblech.STEP',
    '2022-08-12T06:12:44',
    ( '' ),
    ( '' ),
    'SwSTEP 2.0',
    'SolidWorks 2018',
    '' );
FILE_SCHEMA (( 'AUTOMOTIVE_DESIGN' ));
ENDSEC;

DATA;
#1 = ORIENTED_EDGE ( 'NONE', *, *, #3153, .T. ) ;
#2 = EDGE_CURVE ( 'NONE', #2641, #1454, #3509, .T. ) ;
#3 = CARTESIAN_POINT ( 'NONE',  ( 19.99999999999981526, 14.00000000000003908, 53.75000000000011369 ) ) ;
#4 = CARTESIAN_POINT ( 'NONE',  ( -31.50000000000003553, 23.00000000000001776, 42.56138830084188385 ) ) ;
#5 = ADVANCED_FACE ( 'NONE', ( #2280, #423 ), #1987, .F. ) ;
#6 = ORIENTED_EDGE ( 'NONE', *, *, #3158, .T. ) ;
#7 = B_SPLINE_CURVE_WITH_KNOTS ( 'NONE', 3,
 ( #1215, #24, #3043, #2709 ),
 .UNSPECIFIED., .F., .F.,
 ( 4, 4 ),
 ( 0.000000000000000000, 1.000000000000000000 ),
 .UNSPECIFIED. ) ;
#8 = DIRECTION ( 'NONE',  ( 2.081668171172169775E-14, 0.000000000000000000, 1.000000000000000000 ) ) ;
#9 = EDGE_CURVE ( 'NONE', #3880, #1852, #3752, .T. ) ;
#10 = EDGE_LOOP ( 'NONE', ( #2436, #433, #2583, #595, #3248, #3301, #3090, #25, #2523, #3673 ) ) ;
#11 = ORIENTED_EDGE ( 'NONE', *, *, #3268, .F. ) ;
#12 = CARTESIAN_POINT ( 'NONE',  ( 27.64041001218935278, -5.090653988198588317E-17, -17.79437994959784319 ) ) ;
#13 = EDGE_LOOP ( 'NONE', ( #3624, #209, #3193, #1603 ) ) ;
#14 = AXIS2_PLACEMENT_3D ( 'NONE', #2515, #124, #2846 ) ;
#15 = ORIENTED_EDGE ( 'NONE', *, *, #2248, .T. ) ;
#16 = CARTESIAN_POINT ( 'NONE',  ( -27.50000000000001066, -11.99999999999998934, -51.75000000000002132 ) ) ;
#17 = ORIENTED_EDGE ( 'NONE', *, *, #2202, .F. ) ;
#18 = DIRECTION ( 'NONE',  ( 0.000000000000000000, 0.000000000000000000, 1.000000000000000000 ) ) ;
#19 = DIRECTION ( 'NONE',  ( -1.000000000000000000, -0.000000000000000000, 2.523234146875355505E-16 ) ) ;
#20 = VERTEX_POINT ( 'NONE', #2599 ) ;
#21 = CARTESIAN_POINT ( 'NONE',  ( 22.49999999999999645, -26.70060973342834032, -51.75000000000011369 ) ) ;
#22 = DIRECTION ( 'NONE',  ( 1.000000000000000000, 0.000000000000000000, -0.000000000000000000 ) ) ;
#23 = CARTESIAN_POINT ( 'NONE',  ( 27.50000000000003553, 2.000000000000015543, 49.74999999999999289 ) ) ;
#24 = CARTESIAN_POINT ( 'NONE',  ( -31.42658625027316788, 2.087255741149064647, 50.54426569486399501 ) ) ;
#25 = ORIENTED_EDGE ( 'NONE', *, *, #352, .T. ) ;
#26 = LINE ( 'NONE', #2176, #2738 ) ;
#27 = ADVANCED_FACE ( 'NONE', ( #2322 ), #1404, .F. ) ;
#28 = VERTEX_POINT ( 'NONE', #3860 ) ;
#29 = CARTESIAN_POINT ( 'NONE',  ( 27.50000000000002487, 2.000000000000022649, 51.75000000000010658 ) ) ;
#30 = LINE ( 'NONE', #67, #2211 ) ;
#31 = DIRECTION ( 'NONE',  ( 3.265361837132811220E-15, -6.928635889290636899E-30, -1.000000000000000000 ) ) ;
#32 = EDGE_CURVE ( 'NONE', #2514, #1635, #1349, .T. ) ;
#33 = ORIENTED_EDGE ( 'NONE', *, *, #2196, .F. ) ;
#34 = CARTESIAN_POINT ( 'NONE',  ( 27.93476475048445451, 0.04278397123382798872, 49.70562005040212483 ) ) ;
#35 = LINE ( 'NONE', #298, #2922 ) ;
#36 = CARTESIAN_POINT ( 'NONE',  ( 28.06936486070884129, 2.000000000000013323, 51.66724376525000650 ) ) ;
#37 = AXIS2_PLACEMENT_3D ( 'NONE', #3630, #2691, #50 ) ;
#38 = VECTOR ( 'NONE', #972, 1000.000000000000000 ) ;
#39 = VERTEX_POINT ( 'NONE', #243 ) ;
#40 = CARTESIAN_POINT ( 'NONE',  ( 27.78767383396826673, 0.02079718945985744097, -18.00000000000001066 ) ) ;
#41 = FACE_OUTER_BOUND ( 'NONE', #3619, .T. ) ;
#42 = ORIENTED_EDGE ( 'NONE', *, *, #1634, .T. ) ;
#43 = CIRCLE ( 'NONE', #3729, 5.000000000000000000 ) ;
#44 = CARTESIAN_POINT ( 'NONE',  ( -29.41724376524996032, 2.000000000000036859, 50.31936486070886616 ) ) ;
#45 = FACE_BOUND ( 'NONE', #365, .T. ) ;
#46 = CARTESIAN_POINT ( 'NONE',  ( -29.49999999999996447, 2.500000000000026645, 49.75000000000001421 ) ) ;
#47 = CARTESIAN_POINT ( 'NONE',  ( 28.07534766793652992, -1.958405621080285153, -18.00000000000001066 ) ) ;
#48 = ORIENTED_EDGE ( 'NONE', *, *, #550, .F. ) ;
#49 = AXIS2_PLACEMENT_3D ( 'NONE', #1030, #426, #444 ) ;
#50 = DIRECTION ( 'NONE',  ( -1.000000000000000000, 0.000000000000000000, 0.000000000000000000 ) ) ;
#51 = VERTEX_POINT ( 'NONE', #1780 ) ;
#52 = ORIENTED_EDGE ( 'NONE', *, *, #2590, .T. ) ;
#53 = DIRECTION ( 'NONE',  ( 0.000000000000000000, -1.000000000000000000, 0.000000000000000000 ) ) ;
#54 = EDGE_LOOP ( 'NONE', ( #2823, #3356, #3756, #2729, #1136, #272, #1369, #2903, #2274, #2868 ) ) ;
#55 = EDGE_CURVE ( 'NONE', #3216, #2928, #2141, .T. ) ;
#56 = DIRECTION ( 'NONE',  ( 0.000000000000000000, 0.000000000000000000, 1.000000000000000000 ) ) ;
#57 = ORIENTED_EDGE ( 'NONE', *, *, #3036, .T. ) ;
#58 = CARTESIAN_POINT ( 'NONE',  ( 28.29426569486398790, -1.926586250273206069, -18.16274425885094601 ) ) ;
#59 = EDGE_LOOP ( 'NONE', ( #3720, #2749, #104, #445 ) ) ;
#60 = EDGE_LOOP ( 'NONE', ( #1134, #1995, #732, #1824 ) ) ;
#61 = EDGE_CURVE ( 'NONE', #1852, #850, #2379, .T. ) ;
#62 = DIRECTION ( 'NONE',  ( 0.000000000000000000, 0.000000000000000000, 1.000000000000000000 ) ) ;
#63 = CARTESIAN_POINT ( 'NONE',  ( -27.49999999999999645, 0.000000000000000000, -17.75000000000000355 ) ) ;
#64 = CARTESIAN_POINT ( 'NONE',  ( 31.50000000000002842, 2.000000000000001776, -18.25000000000000711 ) ) ;
#65 = ADVANCED_FACE ( 'NONE', ( #1626 ), #2892, .T. ) ;
#66 = ORIENTED_EDGE ( 'NONE', *, *, #386, .T. ) ;
#67 = CARTESIAN_POINT ( 'NONE',  ( -12.49999999999996803, 23.00000000000005684, 53.74999999999995026 ) ) ;
#68 = DIRECTION ( 'NONE',  ( -3.652049423109162687E-15, 1.000000000000000000, -1.382051902507653593E-29 ) ) ;
#69 = DIRECTION ( 'NONE',  ( 3.342790755187979138E-15, -5.814371201817158166E-30, -1.000000000000000000 ) ) ;
#70 = CLOSED_SHELL ( 'NONE', ( #2496, #1240, #3603, #3771, #1781, #891, #1959, #3706, #158, #3167, #1569, #2137, #3001, #928, #3287, #3670, #3625, #3391, #1588, #868, #285, #3372, #2585, #1012, #2477, #2029, #609, #3330, #1879, #2330, #2154, #3789, #2419, #1524, #1164, #3045, #383, #3867, #908, #2456, #3688, #95, #1549, #2350, #2674, #2053, #266, #2258, #2962, #1222, #2716, #2169, #652, #2869, #589, #949, #672, #2791, #174, #692, #2566, #1077, #246, #2437, #1487, #1758, #2942, #846, #1445, #2395, #1182, #2773, #3243, #1202, #477, #2375, #1802, #359, #1733, #2653, #2095, #1466, #3061, #1142, #779, #3308, #3080, #993, #3403, #1505, #3463, #1262, #970, #84, #336, #3024, #403, #311, #65, #3349, #27, #1361, #2979, #712, #2751, #3649, #5, #3885, #3533, #3559, #3261, #1285, #548, #2193, #571, #1301, #2696, #1861, #2073, #1843, #3581, #1669 ) ) ;
#71 = LINE ( 'NONE', #3821, #916 ) ;
#72 = DIRECTION ( 'NONE',  ( -3.469446951953597623E-15, 1.000000000000000000, -0.000000000000000000 ) ) ;
#73 = CARTESIAN_POINT ( 'NONE',  ( 31.50000000000001421, 1.999999999999999112, 49.25000000000001421 ) ) ;
#74 = ORIENTED_EDGE ( 'NONE', *, *, #2715, .F. ) ;
#75 = CARTESIAN_POINT ( 'NONE',  ( -27.25000000000000000, 0.000000000000000000, -18.68301270189222052 ) ) ;
#76 = EDGE_LOOP ( 'NONE', ( #1605, #2604, #2913, #42 ) ) ;
#77 = EDGE_CURVE ( 'NONE', #3682, #1801, #459, .T. ) ;
#78 = CYLINDRICAL_SURFACE ( 'NONE', #1954, 0.5000000000000004441 ) ;
#79 = PLANE ( 'NONE',  #2469 ) ;
#80 = CIRCLE ( 'NONE', #999, 2.000000000000001776 ) ;
#81 = CARTESIAN_POINT ( 'NONE',  ( 12.74999999999999289, -41.99999999999997868, -59.75000000000001421 ) ) ;
#82 = CARTESIAN_POINT ( 'NONE',  ( 28.63872972141771100, -1.834487530499995245, -18.25000000000002487 ) ) ;
#83 = EDGE_CURVE ( 'NONE', #2605, #2624, #128, .T. ) ;
#84 = ADVANCED_FACE ( 'NONE', ( #2936 ), #2305, .T. ) ;
#85 = CARTESIAN_POINT ( 'NONE',  ( -28.07534766793652636, -1.958405621080283376, 49.50000000000001421 ) ) ;
#86 = CIRCLE ( 'NONE', #3359, 0.5000000000000004441 ) ;
#87 = AXIS2_PLACEMENT_3D ( 'NONE', #3891, #100, #3692 ) ;
#88 = VECTOR ( 'NONE', #3019, 1000.000000000000114 ) ;
#89 = VERTEX_POINT ( 'NONE', #2918 ) ;
#90 = LINE ( 'NONE', #856, #3272 ) ;
#91 = AXIS2_PLACEMENT_3D ( 'NONE', #682, #3636, #1896 ) ;
#92 = CARTESIAN_POINT ( 'NONE',  ( -27.49999999999991473, 0.6000000000000518252, 51.74999999999999289 ) ) ;
#93 = VERTEX_POINT ( 'NONE', #3270 ) ;
#94 = ORIENTED_EDGE ( 'NONE', *, *, #2171, .T. ) ;
#95 = ADVANCED_FACE ( 'NONE', ( #504 ), #1426, .F. ) ;
#96 = ORIENTED_EDGE ( 'NONE', *, *, #3724, .T. ) ;
#97 = EDGE_CURVE ( 'NONE', #1699, #566, #855, .T. ) ;
#98 = B_SPLINE_SURFACE_WITH_KNOTS ( 'NONE', 1, 3, ( 
 ( #3241, #1748, #255, #2959 ),
 ( #3267, #2116, #646, #63 ) ),
 .UNSPECIFIED., .F., .F., .F.,
 ( 2, 2 ),
 ( 4, 4 ),
 ( 0.000000000000000000, 1.000000000000000000 ),
 ( 0.000000000000000000, 1.000000000000000000 ),
 .UNSPECIFIED. ) ;
#99 = VERTEX_POINT ( 'NONE', #3542 ) ;
#100 = DIRECTION ( 'NONE',  ( 0.7926239891046001906, 0.6097107608496922238, 0.000000000000000000 ) ) ;
#101 = DIRECTION ( 'NONE',  ( 0.000000000000000000, 0.000000000000000000, 1.000000000000000000 ) ) ;
#102 = B_SPLINE_CURVE_WITH_KNOTS ( 'NONE', 3,
 ( #635, #3031, #1238, #2295 ),
 .UNSPECIFIED., .F., .F.,
 ( 4, 4 ),
 ( 0.000000000000000000, 1.000000000000000000 ),
 .UNSPECIFIED. ) ;
#103 = ORIENTED_EDGE ( 'NONE', *, *, #1351, .F. ) ;
#104 = ORIENTED_EDGE ( 'NONE', *, *, #1597, .F. ) ;
#105 = DIRECTION ( 'NONE',  ( -0.000000000000000000, -1.589105284649368781E-29, -1.000000000000000000 ) ) ;
#106 = AXIS2_PLACEMENT_3D ( 'NONE', #3853, #3841, #1678 ) ;
#107 = DIRECTION ( 'NONE',  ( -1.000000000000000000, -3.469446951953611033E-15, 0.000000000000000000 ) ) ;
#108 = ORIENTED_EDGE ( 'NONE', *, *, #1627, .F. ) ;
#109 = DIRECTION ( 'NONE',  ( -3.491481338843108901E-15, -6.960928290796760166E-15, -1.000000000000000000 ) ) ;
#110 = CARTESIAN_POINT ( 'NONE',  ( 27.49999999999999645, 1.999999999999953149, 51.74999999999999289 ) ) ;
#111 = CARTESIAN_POINT ( 'NONE',  ( -29.50000000000004974, 28.00000000000001066, 49.75000000000001421 ) ) ;
#112 = ORIENTED_EDGE ( 'NONE', *, *, #3460, .F. ) ;
#113 = CYLINDRICAL_SURFACE ( 'NONE', #2703, 4.000000000000003553 ) ;
#114 = AXIS2_PLACEMENT_3D ( 'NONE', #3490, #1687, #207 ) ;
#115 = EDGE_CURVE ( 'NONE', #3746, #428, #2803, .T. ) ;
#116 = ORIENTED_EDGE ( 'NONE', *, *, #1107, .F. ) ;
#117 = DIRECTION ( 'NONE',  ( 2.523234146875355505E-16, -3.469446951953614189E-15, 1.000000000000000000 ) ) ;
#118 = CARTESIAN_POINT ( 'NONE',  ( -10.00000000000000711, -41.99999999999997868, -51.75000000000015632 ) ) ;
#119 = FACE_OUTER_BOUND ( 'NONE', #3112, .T. ) ;
#120 = ORIENTED_EDGE ( 'NONE', *, *, #2017, .F. ) ;
#121 = EDGE_CURVE ( 'NONE', #1852, #3485, #213, .T. ) ;
#122 = CYLINDRICAL_SURFACE ( 'NONE', #306, 5.000000000000000888 ) ;
#123 = ORIENTED_EDGE ( 'NONE', *, *, #956, .T. ) ;
#124 = DIRECTION ( 'NONE',  ( -0.000000000000000000, 1.000000000000000000, -0.000000000000000000 ) ) ;
#125 = CARTESIAN_POINT ( 'NONE',  ( -12.25000000000001066, -14.99999999999998579, -49.75000000000001421 ) ) ;
#126 = EDGE_CURVE ( 'NONE', #283, #2431, #2985, .T. ) ;
#127 = FACE_OUTER_BOUND ( 'NONE', #2291, .T. ) ;
#128 = LINE ( 'NONE', #2342, #3223 ) ;
#129 = LINE ( 'NONE', #1983, #3416 ) ;
#130 = AXIS2_PLACEMENT_3D ( 'NONE', #1271, #1928, #452 ) ;
#131 = ORIENTED_EDGE ( 'NONE', *, *, #1340, .T. ) ;
#132 = CARTESIAN_POINT ( 'NONE',  ( 28.06936486070884129, 2.000000000000013323, 51.66724376525000650 ) ) ;
#133 = ORIENTED_EDGE ( 'NONE', *, *, #415, .F. ) ;
#134 = DIRECTION ( 'NONE',  ( 0.000000000000000000, -2.211772431870430939E-14, -1.000000000000000000 ) ) ;
#135 = VERTEX_POINT ( 'NONE', #874 ) ;
#136 = CARTESIAN_POINT ( 'NONE',  ( 7.249999999999994671, -41.99999999999997868, -59.75000000000001421 ) ) ;
#137 = EDGE_LOOP ( 'NONE', ( #2236, #2303, #1229, #3052 ) ) ;
#138 = ORIENTED_EDGE ( 'NONE', *, *, #2302, .F. ) ;
#139 = DIRECTION ( 'NONE',  ( -0.000000000000000000, 1.000000000000000000, -0.000000000000000000 ) ) ;
#140 = DIRECTION ( 'NONE',  ( -1.000000000000000000, -3.469446951953617344E-15, 0.000000000000000000 ) ) ;
#141 = EDGE_CURVE ( 'NONE', #1568, #93, #2713, .T. ) ;
#142 = EDGE_LOOP ( 'NONE', ( #1702, #3658, #858, #2478 ) ) ;
#143 = ORIENTED_EDGE ( 'NONE', *, *, #2302, .T. ) ;
#144 = DIRECTION ( 'NONE',  ( -0.000000000000000000, 1.000000000000000000, -0.000000000000000000 ) ) ;
#145 = DIRECTION ( 'NONE',  ( 0.000000000000000000, 0.000000000000000000, -1.000000000000000000 ) ) ;
#146 = EDGE_CURVE ( 'NONE', #2146, #3128, #2617, .T. ) ;
#147 = VERTEX_POINT ( 'NONE', #366 ) ;
#148 = B_SPLINE_CURVE_WITH_KNOTS ( 'NONE', 3,
 ( #3408, #753, #1897, #3727 ),
 .UNSPECIFIED., .F., .F.,
 ( 4, 4 ),
 ( 0.000000000000000000, 1.000000000000000000 ),
 .UNSPECIFIED. ) ;
#149 = CARTESIAN_POINT ( 'NONE',  ( -31.50000000000003553, 23.00000000000001776, 42.56138830084188385 ) ) ;
#150 = AXIS2_PLACEMENT_3D ( 'NONE', #3312, #3736, #1364 ) ;
#151 = ORIENTED_EDGE ( 'NONE', *, *, #1081, .F. ) ;
#152 = FACE_OUTER_BOUND ( 'NONE', #3018, .T. ) ;
#153 = ORIENTED_EDGE ( 'NONE', *, *, #1403, .F. ) ;
#154 = CARTESIAN_POINT ( 'NONE',  ( 31.49022726805231187, 2.412755900588742008, 50.10641398094041676 ) ) ;
#155 = AXIS2_PLACEMENT_3D ( 'NONE', #264, #827, #2321 ) ;
#156 = CYLINDRICAL_SURFACE ( 'NONE', #440, 0.5000000000000000000 ) ;
#157 = ORIENTED_EDGE ( 'NONE', *, *, #521, .F. ) ;
#158 = ADVANCED_FACE ( 'NONE', ( #701 ), #1254, .T. ) ;
#159 = VECTOR ( 'NONE', #3597, 1000.000000000000000 ) ;
#160 = DIRECTION ( 'NONE',  ( -2.523234146875357970E-16, 3.280204390937966002E-16, -1.000000000000000000 ) ) ;
#161 = CIRCLE ( 'NONE', #721, 0.5000000000000004441 ) ;
#162 = VECTOR ( 'NONE', #2495, 1000.000000000000000 ) ;
#163 = CARTESIAN_POINT ( 'NONE',  ( 29.50000000000003908, 2.496080352687739978, 49.83178329828408692 ) ) ;
#164 = EDGE_CURVE ( 'NONE', #563, #2863, #2186, .T. ) ;
#165 = CYLINDRICAL_SURFACE ( 'NONE', #503, 0.5000000000000001110 ) ;
#166 = VECTOR ( 'NONE', #3577, 1000.000000000000000 ) ;
#167 = CARTESIAN_POINT ( 'NONE',  ( -27.49999999999998934, 0.000000000000000000, -17.75000000000000355 ) ) ;
#168 = DIRECTION ( 'NONE',  ( 0.000000000000000000, 0.000000000000000000, 1.000000000000000000 ) ) ;
#169 = EDGE_CURVE ( 'NONE', #518, #3145, #3263, .T. ) ;
#170 = VERTEX_POINT ( 'NONE', #2118 ) ;
#171 = FACE_OUTER_BOUND ( 'NONE', #1362, .T. ) ;
#172 = CARTESIAN_POINT ( 'NONE',  ( 28.07534766793651926, -1.958405621080287817, 49.49999999999998579 ) ) ;
#173 = EDGE_LOOP ( 'NONE', ( #3834, #3341 ) ) ;
#174 = ADVANCED_FACE ( 'NONE', ( #3798 ), #2249, .T. ) ;
#175 = EDGE_LOOP ( 'NONE', ( #120, #2964, #847, #878 ) ) ;
#176 = AXIS2_PLACEMENT_3D ( 'NONE', #2574, #3435, #3495 ) ;
#177 = CARTESIAN_POINT ( 'NONE',  ( -15.00000000000001066, -14.99999999999998579, -49.75000000000001421 ) ) ;
#178 = DIRECTION ( 'NONE',  ( 0.000000000000000000, -1.000000000000000000, -2.775557561562892929E-15 ) ) ;
#179 = ORIENTED_EDGE ( 'NONE', *, *, #1937, .F. ) ;
#180 = ORIENTED_EDGE ( 'NONE', *, *, #2763, .F. ) ;
#181 = EDGE_LOOP ( 'NONE', ( #1394, #3592 ) ) ;
#182 = EDGE_CURVE ( 'NONE', #1557, #2953, #1391, .T. ) ;
#183 = CARTESIAN_POINT ( 'NONE',  ( -27.50000000000000000, -2.000000000000000000, -19.11602540378443749 ) ) ;
#184 = CARTESIAN_POINT ( 'NONE',  ( -28.06936486070884484, 0.08275623475000526419, -18.25000000000000355 ) ) ;
#185 = EDGE_CURVE ( 'NONE', #3735, #3056, #212, .T. ) ;
#186 = ORIENTED_EDGE ( 'NONE', *, *, #1107, .T. ) ;
#187 = DIRECTION ( 'NONE',  ( 1.000000000000000000, 0.000000000000000000, 0.000000000000000000 ) ) ;
#188 = DIRECTION ( 'NONE',  ( 1.000000000000000000, -1.261617073437678245E-16, -2.523234146875359942E-16 ) ) ;
#189 = ORIENTED_EDGE ( 'NONE', *, *, #2932, .F. ) ;
#190 = EDGE_CURVE ( 'NONE', #2423, #220, #3175, .T. ) ;
#191 = DIRECTION ( 'NONE',  ( -3.673532066774415580E-15, -2.668805347656641469E-16, -1.000000000000000000 ) ) ;
#192 = VERTEX_POINT ( 'NONE', #64 ) ;
#193 = VECTOR ( 'NONE', #1724, 1000.000000000000000 ) ;
#194 = B_SPLINE_CURVE_WITH_KNOTS ( 'NONE', 1,
 ( #2530, #2190 ),
 .UNSPECIFIED., .F., .F.,
 ( 2, 2 ),
 ( 0.000000000000000000, 1.000000000000000000 ),
 .UNSPECIFIED. ) ;
#195 = CARTESIAN_POINT ( 'NONE',  ( 29.45721602876619372, 2.044379949597796564, 50.18476475048450425 ) ) ;
#196 = ORIENTED_EDGE ( 'NONE', *, *, #1205, .T. ) ;
#197 = CARTESIAN_POINT ( 'NONE',  ( -28.63872972141764350, 2.000000000000018652, 53.58448753050002011 ) ) ;
#198 = CARTESIAN_POINT ( 'NONE',  ( -27.49999999999992184, 2.000000000000001776, 51.74999999999990052 ) ) ;
#199 = LINE ( 'NONE', #3276, #873 ) ;
#200 = CARTESIAN_POINT ( 'NONE',  ( 27.00000000000002487, 0.6000000000000812461, 51.75000000000002132 ) ) ;
#201 = CARTESIAN_POINT ( 'NONE',  ( 27.50000000000000355, 2.000000000000000000, -18.25000000000002487 ) ) ;
#202 = VERTEX_POINT ( 'NONE', #3302 ) ;
#203 = AXIS2_PLACEMENT_3D ( 'NONE', #2521, #3438, #2798 ) ;
#204 = CARTESIAN_POINT ( 'NONE',  ( 31.33448753050002011, 2.000000000000002220, 50.88872972141772522 ) ) ;
#205 = ORIENTED_EDGE ( 'NONE', *, *, #2690, .T. ) ;
#206 = DIRECTION ( 'NONE',  ( 0.000000000000000000, 0.000000000000000000, 1.000000000000000000 ) ) ;
#207 = DIRECTION ( 'NONE',  ( -1.040834085586084848E-15, -1.000000000000000000, -4.163336342344339393E-15 ) ) ;
#208 = LINE ( 'NONE', #3569, #1704 ) ;
#209 = ORIENTED_EDGE ( 'NONE', *, *, #2465, .T. ) ;
#210 = VECTOR ( 'NONE', #1471, 1000.000000000000000 ) ;
#211 = DIRECTION ( 'NONE',  ( 2.523234146875355505E-16, -3.469446951953614189E-15, 1.000000000000000000 ) ) ;
#212 = LINE ( 'NONE', #1200, #3327 ) ;
#213 = B_SPLINE_CURVE_WITH_KNOTS ( 'NONE', 3,
 ( #2974, #541, #1176, #580 ),
 .UNSPECIFIED., .F., .F.,
 ( 4, 4 ),
 ( 0.000000000000000000, 1.000000000000000000 ),
 .UNSPECIFIED. ) ;
#214 = CARTESIAN_POINT ( 'NONE',  ( -27.78767383396820989, 2.250000000000016875, 51.72920281054016556 ) ) ;
#215 = EDGE_CURVE ( 'NONE', #2600, #3008, #1901, .T. ) ;
#216 = VECTOR ( 'NONE', #2067, 1000.000000000000000 ) ;
#217 = CARTESIAN_POINT ( 'NONE',  ( -27.50000000000000711, -2.000000000000000000, -51.74999999999999289 ) ) ;
#218 = VERTEX_POINT ( 'NONE', #300 ) ;
#219 = AXIS2_PLACEMENT_3D ( 'NONE', #510, #1691, #3225 ) ;
#220 = VERTEX_POINT ( 'NONE', #3340 ) ;
#221 = B_SPLINE_CURVE_WITH_KNOTS ( 'NONE', 1,
 ( #1876, #1945 ),
 .UNSPECIFIED., .F., .F.,
 ( 2, 2 ),
 ( 0.000000000000000000, 1.000000000000000000 ),
 .UNSPECIFIED. ) ;
#222 = DIRECTION ( 'NONE',  ( 0.000000000000000000, 0.000000000000000000, 1.000000000000000000 ) ) ;
#223 = ORIENTED_EDGE ( 'NONE', *, *, #684, .F. ) ;
#224 = CARTESIAN_POINT ( 'NONE',  ( -29.45721602876612977, 1.565235249515463778, 49.70562005040221720 ) ) ;
#225 = DIRECTION ( 'NONE',  ( 1.000000000000000000, -0.000000000000000000, -0.000000000000000000 ) ) ;
#226 = VERTEX_POINT ( 'NONE', #2744 ) ;
#227 = CARTESIAN_POINT ( 'NONE',  ( 28.63872972141765061, 2.000000000000011546, 53.58448753050002011 ) ) ;
#228 = ORIENTED_EDGE ( 'NONE', *, *, #1122, .F. ) ;
#229 = CARTESIAN_POINT ( 'NONE',  ( -31.50000000000004974, 28.00000000000001776, 41.75000000000000000 ) ) ;
#230 = ORIENTED_EDGE ( 'NONE', *, *, #1504, .T. ) ;
#231 = DIRECTION ( 'NONE',  ( -3.614007241618339403E-16, -1.000000000000000000, 0.000000000000000000 ) ) ;
#232 = DIRECTION ( 'NONE',  ( -1.000000000000000000, 3.469446951953613400E-15, 9.912705577010257757E-17 ) ) ;
#233 = AXIS2_PLACEMENT_3D ( 'NONE', #3754, #1054, #1017 ) ;
#234 = ORIENTED_EDGE ( 'NONE', *, *, #1308, .F. ) ;
#235 = CARTESIAN_POINT ( 'NONE',  ( 31.45840562108029204, 1.424652332063454763, 49.49999999999998579 ) ) ;
#236 = EDGE_CURVE ( 'NONE', #3485, #1367, #7, .T. ) ;
#237 = B_SPLINE_CURVE_WITH_KNOTS ( 'NONE', 3,
 ( #3683, #3062, #979, #85 ),
 .UNSPECIFIED., .F., .F.,
 ( 4, 4 ),
 ( 0.000000000000000000, 1.000000000000000000 ),
 .UNSPECIFIED. ) ;
#238 = ORIENTED_EDGE ( 'NONE', *, *, #2434, .F. ) ;
#239 = CARTESIAN_POINT ( 'NONE',  ( -1.255308988070488967E-14, 1.942890293094023946E-13, -49.75000000000001421 ) ) ;
#240 = FACE_OUTER_BOUND ( 'NONE', #2681, .T. ) ;
#241 = DIRECTION ( 'NONE',  ( -1.000000000000000000, -3.652049423109187931E-15, 3.944304526105059027E-31 ) ) ;
#242 = EDGE_CURVE ( 'NONE', #2685, #1279, #2093, .T. ) ;
#243 = CARTESIAN_POINT ( 'NONE',  ( 28.06936486070884129, 0.08275623474999571627, 49.74999999999998579 ) ) ;
#244 = VERTEX_POINT ( 'NONE', #1529 ) ;
#245 = LINE ( 'NONE', #1840, #2459 ) ;
#246 = ADVANCED_FACE ( 'NONE', ( #3504 ), #3647, .T. ) ;
#247 = ORIENTED_EDGE ( 'NONE', *, *, #3211, .F. ) ;
#248 = AXIS2_PLACEMENT_3D ( 'NONE', #1689, #1679, #473 ) ;
#249 = FACE_OUTER_BOUND ( 'NONE', #3139, .T. ) ;
#250 = DIRECTION ( 'NONE',  ( 1.000000000000000000, 3.460895790526208740E-15, -1.743440679373675317E-16 ) ) ;
#251 = LINE ( 'NONE', #2535, #2219 ) ;
#252 = ORIENTED_EDGE ( 'NONE', *, *, #1061, .F. ) ;
#253 = CARTESIAN_POINT ( 'NONE',  ( -31.49999999999995737, -8.326672684688674053E-14, 4.786367322266227974E-15 ) ) ;
#254 = CARTESIAN_POINT ( 'NONE',  ( -27.49999999999998224, 2.000000000000000000, 49.75000000000001421 ) ) ;
#255 = CARTESIAN_POINT ( 'NONE',  ( -27.66357497414326971, -1.999999999999999112, -17.75391984806923773 ) ) ;
#256 = CYLINDRICAL_SURFACE ( 'NONE', #2938, 5.000000000000000888 ) ;
#257 = CARTESIAN_POINT ( 'NONE',  ( -29.47920281054010161, 2.250000000000029754, 50.03767383396828450 ) ) ;
#258 = CARTESIAN_POINT ( 'NONE',  ( 31.50000000000001421, 2.000000000000030198, 49.25000000000002132 ) ) ;
#259 = CIRCLE ( 'NONE', #1949, 2.000000000000001776 ) ;
#260 = EDGE_CURVE ( 'NONE', #3837, #1294, #1743, .T. ) ;
#261 = DIRECTION ( 'NONE',  ( -1.005636797667714286E-16, -0.000000000000000000, -1.000000000000000000 ) ) ;
#262 = ORIENTED_EDGE ( 'NONE', *, *, #1871, .F. ) ;
#263 = VECTOR ( 'NONE', #2090, 1000.000000000000000 ) ;
#264 = CARTESIAN_POINT ( 'NONE',  ( -27.50000000000004974, 28.00000000000001421, 49.75000000000001421 ) ) ;
#265 = CARTESIAN_POINT ( 'NONE',  ( -31.49999999999997868, 4.396203899719391295, -18.25000000000000355 ) ) ;
#266 = ADVANCED_FACE ( 'NONE', ( #1259 ), #2299, .T. ) ;
#267 = EDGE_CURVE ( 'NONE', #218, #3095, #43, .T. ) ;
#268 = ORIENTED_EDGE ( 'NONE', *, *, #3057, .T. ) ;
#269 = ORIENTED_EDGE ( 'NONE', *, *, #2911, .T. ) ;
#270 = CARTESIAN_POINT ( 'NONE',  ( 9.999999999999992895, -41.99999999999997868, -51.75000000000015632 ) ) ;
#271 = CARTESIAN_POINT ( 'NONE',  ( -26.99999999999998224, -1.999999999999998224, 51.75000000000000711 ) ) ;
#272 = ORIENTED_EDGE ( 'NONE', *, *, #3648, .T. ) ;
#273 = PLANE ( 'NONE',  #715 ) ;
#274 = DIRECTION ( 'NONE',  ( -2.523234146875355505E-16, 3.469446951953614189E-15, -1.000000000000000000 ) ) ;
#275 = ORIENTED_EDGE ( 'NONE', *, *, #3138, .F. ) ;
#276 = CARTESIAN_POINT ( 'NONE',  ( 27.50000000000003197, 0.1000000000000825229, 51.75000000000010658 ) ) ;
#277 = CARTESIAN_POINT ( 'NONE',  ( 12.49999999999999645, -45.00000000000000000, -49.75000000000017764 ) ) ;
#278 = AXIS2_PLACEMENT_3D ( 'NONE', #3092, #1599, #2503 ) ;
#279 = CARTESIAN_POINT ( 'NONE',  ( 27.00000000000002487, 0.6000000000000812461, 53.75000000000001421 ) ) ;
#280 = CARTESIAN_POINT ( 'NONE',  ( 29.44052603336791307, 1.509034398659488296, 49.74608035268773421 ) ) ;
#281 = CARTESIAN_POINT ( 'NONE',  ( 17.50000000000010303, 28.00000000000006750, 53.75000000000004263 ) ) ;
#282 = CARTESIAN_POINT ( 'NONE',  ( 27.49999999999998224, -11.99999999999998224, -51.75000000000002132 ) ) ;
#283 = VERTEX_POINT ( 'NONE', #1354 ) ;
#284 = CARTESIAN_POINT ( 'NONE',  ( 29.47920281054017977, 2.249999999999988010, 50.03767383396827739 ) ) ;
#285 = ADVANCED_FACE ( 'NONE', ( #3131 ), #3035, .T. ) ;
#286 = DIRECTION ( 'NONE',  ( 3.469446951953614189E-15, -1.000000000000000000, -0.000000000000000000 ) ) ;
#287 = VERTEX_POINT ( 'NONE', #2247 ) ;
#288 = ORIENTED_EDGE ( 'NONE', *, *, #3851, .F. ) ;
#289 = CARTESIAN_POINT ( 'NONE',  ( -28.07534766793645531, 2.250000000000015543, 53.70840562108030269 ) ) ;
#290 = EDGE_CURVE ( 'NONE', #2450, #2504, #600, .T. ) ;
#291 = VECTOR ( 'NONE', #1795, 1000.000000000000000 ) ;
#292 = B_SPLINE_CURVE_WITH_KNOTS ( 'NONE', 1,
 ( #132, #227 ),
 .UNSPECIFIED., .F., .F.,
 ( 2, 2 ),
 ( 0.000000000000000000, 1.000000000000000000 ),
 .UNSPECIFIED. ) ;
#293 = DIRECTION ( 'NONE',  ( 1.000000000000000000, -3.491481338843134144E-15, 0.000000000000000000 ) ) ;
#294 = CARTESIAN_POINT ( 'NONE',  ( 28.63872972141771100, -1.834487530499995245, -18.25000000000002487 ) ) ;
#295 = DIRECTION ( 'NONE',  ( 1.000000000000000000, 0.000000000000000000, 0.000000000000000000 ) ) ;
#296 = ORIENTED_EDGE ( 'NONE', *, *, #2740, .F. ) ;
#297 = LINE ( 'NONE', #3299, #686 ) ;
#298 = CARTESIAN_POINT ( 'NONE',  ( -27.50000000000000711, -3.999999999999968914, -51.75000000000003553 ) ) ;
#299 = AXIS2_PLACEMENT_3D ( 'NONE', #3026, #1280, #2165 ) ;
#300 = CARTESIAN_POINT ( 'NONE',  ( -29.49999999999997868, 4.396203899719398400, -18.25000000000000355 ) ) ;
#301 = ORIENTED_EDGE ( 'NONE', *, *, #2735, .T. ) ;
#302 = CARTESIAN_POINT ( 'NONE',  ( -28.48182077365042986, -1.881084860901446998, 49.74607759218433500 ) ) ;
#303 = FACE_OUTER_BOUND ( 'NONE', #1822, .T. ) ;
#304 = ORIENTED_EDGE ( 'NONE', *, *, #2912, .T. ) ;
#305 = DIRECTION ( 'NONE',  ( 1.000000000000000000, -3.469446951953611033E-15, 0.000000000000000000 ) ) ;
#306 = AXIS2_PLACEMENT_3D ( 'NONE', #1035, #3091, #1598 ) ;
#307 = EDGE_CURVE ( 'NONE', #547, #1584, #1530, .T. ) ;
#308 = CIRCLE ( 'NONE', #2184, 0.5000000000000004441 ) ;
#309 = ORIENTED_EDGE ( 'NONE', *, *, #2444, .T. ) ;
#310 = CARTESIAN_POINT ( 'NONE',  ( 14.99999999999998934, -14.99999999999997158, -49.75000000000001421 ) ) ;
#311 = ADVANCED_FACE ( 'NONE', ( #1435 ), #2254, .T. ) ;
#312 = CARTESIAN_POINT ( 'NONE',  ( 28.48192317175412569, -1.881054451684273099, -18.24608015193073740 ) ) ;
#313 = FACE_OUTER_BOUND ( 'NONE', #1384, .T. ) ;
#314 = ORIENTED_EDGE ( 'NONE', *, *, #1133, .F. ) ;
#315 = FACE_OUTER_BOUND ( 'NONE', #3402, .T. ) ;
#316 = CARTESIAN_POINT ( 'NONE',  ( -29.49999999999996447, 2.081668171172168513E-14, -18.25000000000000355 ) ) ;
#317 = EDGE_LOOP ( 'NONE', ( #553, #151 ) ) ;
#318 = EDGE_CURVE ( 'NONE', #28, #3051, #3849, .T. ) ;
#319 = DIRECTION ( 'NONE',  ( -1.000000000000000000, 3.469446951953613400E-15, 9.912705577010257757E-17 ) ) ;
#320 = DIRECTION ( 'NONE',  ( 1.000000000000000000, 0.000000000000000000, 0.000000000000000000 ) ) ;
#321 = PLANE ( 'NONE',  #1365 ) ;
#322 = DIRECTION ( 'NONE',  ( -0.000000000000000000, 1.000000000000000000, -0.000000000000000000 ) ) ;
#323 = ORIENTED_EDGE ( 'NONE', *, *, #2533, .T. ) ;
#324 = CARTESIAN_POINT ( 'NONE',  ( -31.49999999999995737, 2.500000000000023093, 49.75000000000001421 ) ) ;
#325 = ORIENTED_EDGE ( 'NONE', *, *, #1526, .T. ) ;
#326 = B_SPLINE_CURVE_WITH_KNOTS ( 'NONE', 3,
 ( #3881, #1424, #2326, #1174 ),
 .UNSPECIFIED., .F., .F.,
 ( 4, 4 ),
 ( 0.000000000000000000, 1.000000000000000000 ),
 .UNSPECIFIED. ) ;
#327 = EDGE_CURVE ( 'NONE', #2338, #3667, #2843, .T. ) ;
#328 = CARTESIAN_POINT ( 'NONE',  ( 29.50000000000001066, 1.859589987810691625, 49.29437994959778990 ) ) ;
#329 = CARTESIAN_POINT ( 'NONE',  ( 29.50000000000010303, 23.00000000000002842, 42.56138830084126567 ) ) ;
#330 = EDGE_LOOP ( 'NONE', ( #2491, #323, #2851, #1587 ) ) ;
#331 = DIRECTION ( 'NONE',  ( -0.000000000000000000, -0.000000000000000000, 1.000000000000000000 ) ) ;
#332 = DIRECTION ( 'NONE',  ( -1.000000000000000000, 0.000000000000000000, 0.000000000000000000 ) ) ;
#333 = DIRECTION ( 'NONE',  ( -0.000000000000000000, 1.000000000000000000, -0.000000000000000000 ) ) ;
#334 = CARTESIAN_POINT ( 'NONE',  ( 17.50000000000008527, 23.00000000000006395, 53.75000000000004974 ) ) ;
#335 = ORIENTED_EDGE ( 'NONE', *, *, #1356, .T. ) ;
#336 = ADVANCED_FACE ( 'NONE', ( #3661 ), #1141, .T. ) ;
#337 = AXIS2_PLACEMENT_3D ( 'NONE', #1325, #2216, #2537 ) ;
#338 = EDGE_LOOP ( 'NONE', ( #3644, #623, #3204, #3000, #1630, #1772, #153, #3861, #3235, #96 ) ) ;
#339 = CARTESIAN_POINT ( 'NONE',  ( -17.49999999999997513, 28.00000000000004263, 51.74999999999993605 ) ) ;
#340 = ORIENTED_EDGE ( 'NONE', *, *, #733, .T. ) ;
#341 = CARTESIAN_POINT ( 'NONE',  ( 28.07534766793652992, -1.958405621080285153, -18.00000000000001066 ) ) ;
#342 = DIRECTION ( 'NONE',  ( 0.000000000000000000, -1.000000000000000000, -2.775557561562890957E-15 ) ) ;
#343 = ORIENTED_EDGE ( 'NONE', *, *, #557, .F. ) ;
#344 = DIRECTION ( 'NONE',  ( 1.000000000000000000, -3.469446951953617344E-15, -3.469446951953617344E-15 ) ) ;
#345 = CARTESIAN_POINT ( 'NONE',  ( 29.50000000000001066, 1.999999999999999556, 49.25000000000001421 ) ) ;
#346 = CARTESIAN_POINT ( 'NONE',  ( -27.24999999999998579, -2.000000000000000000, 50.18301270189223118 ) ) ;
#347 = ORIENTED_EDGE ( 'NONE', *, *, #729, .F. ) ;
#348 = CARTESIAN_POINT ( 'NONE',  ( 31.50000000000013856, 27.74341649025259215, 40.98024947075703039 ) ) ;
#349 = EDGE_CURVE ( 'NONE', #3880, #1635, #2572, .T. ) ;
#350 = CYLINDRICAL_SURFACE ( 'NONE', #2117, 2.749999999999999112 ) ;
#351 = EDGE_CURVE ( 'NONE', #1446, #2462, #292, .T. ) ;
#352 = EDGE_CURVE ( 'NONE', #3048, #51, #1996, .T. ) ;
#353 = ORIENTED_EDGE ( 'NONE', *, *, #1634, .F. ) ;
#354 = LINE ( 'NONE', #1417, #965 ) ;
#355 = CARTESIAN_POINT ( 'NONE',  ( 29.47920281054017977, 2.249999999999988010, 50.03767383396827029 ) ) ;
#356 = CARTESIAN_POINT ( 'NONE',  ( 28.48182077365040143, -1.881084860901462541, -18.24607759218428527 ) ) ;
#357 = EDGE_CURVE ( 'NONE', #2605, #1286, #1441, .T. ) ;
#358 = ORIENTED_EDGE ( 'NONE', *, *, #1213, .T. ) ;
#359 = ADVANCED_FACE ( 'NONE', ( #1079 ), #1997, .T. ) ;
#360 = LINE ( 'NONE', #2615, #2976 ) ;
#361 = PLANE ( 'NONE',  #2024 ) ;
#362 = CARTESIAN_POINT ( 'NONE',  ( 31.50000000000001421, 1.719234635439262471, 49.29437131132503680 ) ) ;
#363 = SURFACE_STYLE_USAGE ( .BOTH. , #3412 ) ;
#364 = LINE ( 'NONE', #2995, #3317 ) ;
#365 = EDGE_LOOP ( 'NONE', ( #2754, #685 ) ) ;
#366 = CARTESIAN_POINT ( 'NONE',  ( 27.49999999999999645, -10.29939026657160994, -49.75000000000004974 ) ) ;
#367 = CARTESIAN_POINT ( 'NONE',  ( 17.34999999999981668, 14.00000000000003908, 51.75000000000011369 ) ) ;
#368 = VECTOR ( 'NONE', #1968, 1000.000000000000000 ) ;
#369 = CARTESIAN_POINT ( 'NONE',  ( 27.50000000000001066, -2.000000000000000000, 51.24999999999997868 ) ) ;
#370 = CARTESIAN_POINT ( 'NONE',  ( 26.46311994552299751, -13.34794407082006629, -51.75000000000002132 ) ) ;
#371 = CARTESIAN_POINT ( 'NONE',  ( -27.50000000000001066, -4.000000000000019540, -47.75000000000000711 ) ) ;
#372 = FACE_OUTER_BOUND ( 'NONE', #921, .T. ) ;
#373 = DIRECTION ( 'NONE',  ( -0.000000000000000000, 1.000000000000000000, -0.000000000000000000 ) ) ;
#374 = CIRCLE ( 'NONE', #1814, 0.5000000000000001110 ) ;
#375 = CARTESIAN_POINT ( 'NONE',  ( -27.49999999999998224, -2.000000000000000000, 51.25000000000000711 ) ) ;
#376 = EDGE_LOOP ( 'NONE', ( #899, #2824, #2939, #238 ) ) ;
#377 = VECTOR ( 'NONE', #1542, 1000.000000000000000 ) ;
#378 = DIRECTION ( 'NONE',  ( -1.000000000000000000, 3.469446951953614189E-15, 0.000000000000000000 ) ) ;
#379 = EDGE_CURVE ( 'NONE', #527, #147, #655, .T. ) ;
#380 = CARTESIAN_POINT ( 'NONE',  ( 28.29428135493259688, 2.087244099411264209, 53.67658397410831128 ) ) ;
#381 = ORIENTED_EDGE ( 'NONE', *, *, #662, .T. ) ;
#382 = PLANE ( 'NONE',  #2138 ) ;
#383 = ADVANCED_FACE ( 'NONE', ( #171 ), #2181, .F. ) ;
#384 = ORIENTED_EDGE ( 'NONE', *, *, #1807, .F. ) ;
#385 = DIRECTION ( 'NONE',  ( 1.000000000000000000, 0.000000000000000000, 0.000000000000000000 ) ) ;
#386 = EDGE_CURVE ( 'NONE', #3082, #527, #2473, .T. ) ;
#387 = ORIENTED_EDGE ( 'NONE', *, *, #2558, .F. ) ;
#388 = CARTESIAN_POINT ( 'NONE',  ( -27.25000000000000000, -2.000000000000000000, -18.68301270189222052 ) ) ;
#389 = CARTESIAN_POINT ( 'NONE',  ( -31.49999999999998579, 1.999999999999999112, 49.25000000000001421 ) ) ;
#390 = B_SPLINE_CURVE_WITH_KNOTS ( 'NONE', 3,
 ( #1102, #1717, #3191, #3496 ),
 .UNSPECIFIED., .F., .F.,
 ( 4, 4 ),
 ( 0.000000000000000000, 1.000000000000000000 ),
 .UNSPECIFIED. ) ;
#391 = ORIENTED_EDGE ( 'NONE', *, *, #627, .T. ) ;
#392 = EDGE_CURVE ( 'NONE', #1560, #192, #2661, .T. ) ;
#393 = CARTESIAN_POINT ( 'NONE',  ( -30.05632502033331477, 1.240846852388194588, 49.75000000000001421 ) ) ;
#394 = DIRECTION ( 'NONE',  ( 0.000000000000000000, 0.000000000000000000, -1.000000000000000000 ) ) ;
#395 = DIRECTION ( 'NONE',  ( 1.000000000000000000, 0.000000000000000000, 0.000000000000000000 ) ) ;
#396 = CARTESIAN_POINT ( 'NONE',  ( 17.50000000000010303, 28.00000000000006750, 53.75000000000004263 ) ) ;
#397 = AXIS2_PLACEMENT_3D ( 'NONE', #21, #3708, #3808 ) ;
#398 = ORIENTED_EDGE ( 'NONE', *, *, #3635, .T. ) ;
#399 = CARTESIAN_POINT ( 'NONE',  ( 31.50000000000003553, 2.000000000000015543, 51.74999999999999289 ) ) ;
#400 = PLANE ( 'NONE',  #3171 ) ;
#401 = ORIENTED_EDGE ( 'NONE', *, *, #1537, .T. ) ;
#402 = CARTESIAN_POINT ( 'NONE',  ( 27.50000000000001066, -2.000000000000000000, 51.75000000000000711 ) ) ;
#403 = ADVANCED_FACE ( 'NONE', ( #695 ), #3573, .T. ) ;
#404 = AXIS2_PLACEMENT_3D ( 'NONE', #310, #3893, #3293 ) ;
#405 = ORIENTED_EDGE ( 'NONE', *, *, #55, .T. ) ;
#406 = DIRECTION ( 'NONE',  ( 0.000000000000000000, -0.000000000000000000, 1.000000000000000000 ) ) ;
#407 = FACE_BOUND ( 'NONE', #317, .T. ) ;
#408 = EDGE_LOOP ( 'NONE', ( #384, #3668, #3059, #1319 ) ) ;
#409 = EDGE_CURVE ( 'NONE', #1801, #1430, #1396, .T. ) ;
#410 = FACE_OUTER_BOUND ( 'NONE', #1734, .T. ) ;
#411 = DIRECTION ( 'NONE',  ( 0.000000000000000000, -1.000000000000000000, 0.000000000000000000 ) ) ;
#412 = ORIENTED_EDGE ( 'NONE', *, *, #3561, .T. ) ;
#413 = CIRCLE ( 'NONE', #2368, 0.5000000000000004441 ) ;
#414 = DIRECTION ( 'NONE',  ( 0.000000000000000000, 1.667991375171469962E-29, 1.000000000000000000 ) ) ;
#415 = EDGE_CURVE ( 'NONE', #3474, #2665, #3894, .T. ) ;
#416 = VECTOR ( 'NONE', #1008, 1000.000000000000000 ) ;
#417 = ORIENTED_EDGE ( 'NONE', *, *, #3531, .T. ) ;
#418 = DIRECTION ( 'NONE',  ( 1.000000000000000000, 0.000000000000000000, 0.000000000000000000 ) ) ;
#419 = FILL_AREA_STYLE_COLOUR ( '', #2607 ) ;
#420 = AXIS2_PLACEMENT_3D ( 'NONE', #1272, #2799, #1011 ) ;
#421 = CIRCLE ( 'NONE', #1337, 2.000000000000001776 ) ;
#422 = PLANE ( 'NONE',  #3547 ) ;
#423 = FACE_OUTER_BOUND ( 'NONE', #54, .T. ) ;
#424 = VECTOR ( 'NONE', #984, 1000.000000000000000 ) ;
#425 = DIRECTION ( 'NONE',  ( 1.000000000000000000, 0.000000000000000000, -1.005636797667714286E-16 ) ) ;
#426 = DIRECTION ( 'NONE',  ( 1.000000000000000000, -3.469446951953613400E-15, -9.912705577010257757E-17 ) ) ;
#427 = ORIENTED_EDGE ( 'NONE', *, *, #3057, .F. ) ;
#428 = VERTEX_POINT ( 'NONE', #3845 ) ;
#429 = CARTESIAN_POINT ( 'NONE',  ( -29.49999999999996447, 2.000000000000015543, 49.75000000000001421 ) ) ;
#430 = DIRECTION ( 'NONE',  ( -1.000000000000000000, 0.000000000000000000, 0.000000000000000000 ) ) ;
#431 = VERTEX_POINT ( 'NONE', #794 ) ;
#432 = EDGE_CURVE ( 'NONE', #1377, #1454, #2904, .T. ) ;
#433 = ORIENTED_EDGE ( 'NONE', *, *, #1828, .T. ) ;
#434 = CARTESIAN_POINT ( 'NONE',  ( -1.305773671007996097E-14, 2.012279232133096230E-13, -51.75000000000002132 ) ) ;
#435 = VERTEX_POINT ( 'NONE', #214 ) ;
#436 = B_SPLINE_CURVE_WITH_KNOTS ( 'NONE', 1,
 ( #2197, #784 ),
 .UNSPECIFIED., .F., .F.,
 ( 2, 2 ),
 ( 0.000000000000000000, 1.000000000000000000 ),
 .UNSPECIFIED. ) ;
#437 = AXIS2_PLACEMENT_3D ( 'NONE', #201, #814, #1135 ) ;
#438 = ORIENTED_EDGE ( 'NONE', *, *, #3800, .F. ) ;
#439 = DIRECTION ( 'NONE',  ( 1.000000000000000000, 3.469446951953614189E-15, -1.486905836551548832E-16 ) ) ;
#440 = AXIS2_PLACEMENT_3D ( 'NONE', #895, #1154, #939 ) ;
#441 = ORIENTED_EDGE ( 'NONE', *, *, #574, .F. ) ;
#442 = CIRCLE ( 'NONE', #49, 5.000000000000000000 ) ;
#443 = CARTESIAN_POINT ( 'NONE',  ( 31.50000000000003553, 4.396203899719615116, -18.25000000000000355 ) ) ;
#444 = DIRECTION ( 'NONE',  ( -2.775557561562891351E-15, -1.000000000000000000, 0.000000000000000000 ) ) ;
#445 = ORIENTED_EDGE ( 'NONE', *, *, #2171, .F. ) ;
#446 = VECTOR ( 'NONE', #261, 1000.000000000000000 ) ;
#447 = AXIS2_PLACEMENT_3D ( 'NONE', #2461, #1864, #1554 ) ;
#448 = CARTESIAN_POINT ( 'NONE',  ( 22.49999999999999645, -10.29939026657160639, -51.75000000000005684 ) ) ;
#449 = ORIENTED_EDGE ( 'NONE', *, *, #3371, .F. ) ;
#450 = CARTESIAN_POINT ( 'NONE',  ( 28.07534766793649794, 2.249999999999985789, 53.70840562108029559 ) ) ;
#451 = FACE_OUTER_BOUND ( 'NONE', #1671, .T. ) ;
#452 = DIRECTION ( 'NONE',  ( -1.000000000000000000, 0.000000000000000000, -2.775557561562890957E-15 ) ) ;
#453 = EDGE_CURVE ( 'NONE', #2946, #3526, #3794, .T. ) ;
#454 = CIRCLE ( 'NONE', #2800, 5.000000000000000888 ) ;
#455 = ORIENTED_EDGE ( 'NONE', *, *, #472, .T. ) ;
#456 = CARTESIAN_POINT ( 'NONE',  ( 31.50000000000004263, 2.496077592184277716, 49.91368179217612067 ) ) ;
#457 = EDGE_CURVE ( 'NONE', #2946, #170, #1941, .T. ) ;
#458 = VECTOR ( 'NONE', #3572, 1000.000000000000114 ) ;
#459 = LINE ( 'NONE', #3555, #1818 ) ;
#460 = FACE_OUTER_BOUND ( 'NONE', #903, .T. ) ;
#461 = ORIENTED_EDGE ( 'NONE', *, *, #3833, .T. ) ;
#462 = DIRECTION ( 'NONE',  ( -1.000000000000000000, 3.469446951953611033E-15, 0.000000000000000000 ) ) ;
#463 = CARTESIAN_POINT ( 'NONE',  ( 31.50000000000004263, 2.499999999999974243, 49.74999999999999289 ) ) ;
#464 = CYLINDRICAL_SURFACE ( 'NONE', #996, 5.000000000000000888 ) ;
#465 = VERTEX_POINT ( 'NONE', #1092 ) ;
#466 = CARTESIAN_POINT ( 'NONE',  ( 31.45840562108032046, 2.249999999999981348, 50.32534766793654768 ) ) ;
#467 = EDGE_LOOP ( 'NONE', ( #1037, #2198, #268, #1245 ) ) ;
#468 = DIRECTION ( 'NONE',  ( 9.690807431081786425E-31, -3.491481338843133355E-15, 1.000000000000000000 ) ) ;
#469 = CARTESIAN_POINT ( 'NONE',  ( 27.50000000000001066, 0.000000000000000000, 49.25000000000001421 ) ) ;
#470 = ORIENTED_EDGE ( 'NONE', *, *, #2354, .T. ) ;
#471 = CARTESIAN_POINT ( 'NONE',  ( 27.50000000000001066, 2.000000000000000000, 49.74999999999998579 ) ) ;
#472 = EDGE_CURVE ( 'NONE', #1725, #3044, #2275, .T. ) ;
#473 = DIRECTION ( 'NONE',  ( -0.000000000000000000, 0.000000000000000000, 1.000000000000000000 ) ) ;
#474 = VERTEX_POINT ( 'NONE', #3498 ) ;
#475 = CARTESIAN_POINT ( 'NONE',  ( -28.48192317175415411, -1.881054451684256890, 49.74608015193078359 ) ) ;
#476 = EDGE_CURVE ( 'NONE', #567, #1699, #603, .T. ) ;
#477 = ADVANCED_FACE ( 'NONE', ( #1165 ), #3264, .T. ) ;
#478 = ORIENTED_EDGE ( 'NONE', *, *, #1233, .T. ) ;
#479 =( NAMED_UNIT ( * ) PLANE_ANGLE_UNIT ( ) SI_UNIT ( $, .RADIAN. ) );
#480 = AXIS2_PLACEMENT_3D ( 'NONE', #2786, #3086, #1278 ) ;
#481 = ORIENTED_EDGE ( 'NONE', *, *, #267, .T. ) ;
#482 = DIRECTION ( 'NONE',  ( -1.000000000000000000, 3.265361837132825025E-15, 3.673532066774412425E-15 ) ) ;
#483 = ORIENTED_EDGE ( 'NONE', *, *, #1716, .T. ) ;
#484 = CARTESIAN_POINT ( 'NONE',  ( 27.50000000000000000, 1.873501354054951662E-13, -51.75000000000002842 ) ) ;
#485 = AXIS2_PLACEMENT_3D ( 'NONE', #3132, #1335, #3434 ) ;
#486 = CYLINDRICAL_SURFACE ( 'NONE', #1297, 1.999999999999998224 ) ;
#487 = CARTESIAN_POINT ( 'NONE',  ( 1.942890293094023946E-13, 5.017649136596373276E-14, 53.75000000000011369 ) ) ;
#488 = ORIENTED_EDGE ( 'NONE', *, *, #3109, .T. ) ;
#489 = CYLINDRICAL_SURFACE ( 'NONE', #3097, 4.000000000000000000 ) ;
#490 = DIRECTION ( 'NONE',  ( 0.000000000000000000, 1.000000000000000000, 0.000000000000000000 ) ) ;
#491 = VERTEX_POINT ( 'NONE', #1194 ) ;
#492 = LINE ( 'NONE', #3793, #1338 ) ;
#493 = ORIENTED_EDGE ( 'NONE', *, *, #1283, .T. ) ;
#494 = CARTESIAN_POINT ( 'NONE',  ( 28.06936486070884484, 0.08275623474999571627, 49.74999999999995737 ) ) ;
#495 = LINE ( 'NONE', #1302, #693 ) ;
#496 = ORIENTED_EDGE ( 'NONE', *, *, #2911, .F. ) ;
#497 = CARTESIAN_POINT ( 'NONE',  ( 27.78076536456083545, 2.455628688674873938, 53.74999999999999289 ) ) ;
#498 = EDGE_CURVE ( 'NONE', #3837, #1353, #2101, .T. ) ;
#499 = DIRECTION ( 'NONE',  ( 0.000000000000000000, 0.000000000000000000, -1.000000000000000000 ) ) ;
#500 = CARTESIAN_POINT ( 'NONE',  ( 28.44894143451472956, -1.195406275416674102, 49.74999999999998579 ) ) ;
#501 = CIRCLE ( 'NONE', #3631, 4.000000000000000000 ) ;
#502 = DIRECTION ( 'NONE',  ( 0.000000000000000000, 0.000000000000000000, 1.000000000000000000 ) ) ;
#503 = AXIS2_PLACEMENT_3D ( 'NONE', #1806, #2426, #3628 ) ;
#504 = FACE_OUTER_BOUND ( 'NONE', #3576, .T. ) ;
#505 = FACE_OUTER_BOUND ( 'NONE', #142, .T. ) ;
#506 = CARTESIAN_POINT ( 'NONE',  ( 29.47920281054017977, 2.249999999999988010, 50.03767383396827029 ) ) ;
#507 = ORIENTED_EDGE ( 'NONE', *, *, #1994, .F. ) ;
#508 = AXIS2_PLACEMENT_3D ( 'NONE', #861, #2961, #1162 ) ;
#509 = CARTESIAN_POINT ( 'NONE',  ( -17.35000000000007958, 14.00000000000000355, 51.74999999999999289 ) ) ;
#510 = CARTESIAN_POINT ( 'NONE',  ( 9.999999999999992895, -41.99999999999997868, -59.75000000000001421 ) ) ;
#511 = EDGE_LOOP ( 'NONE', ( #1022, #2415, #723, #1600 ) ) ;
#512 = CARTESIAN_POINT ( 'NONE',  ( -31.41436852600362073, 1.130256566918816041, 49.70565531893333855 ) ) ;
#513 = CARTESIAN_POINT ( 'NONE',  ( -28.07534766793652636, -1.958405621080283376, 49.50000000000001421 ) ) ;
#514 = AXIS2_PLACEMENT_3D ( 'NONE', #2909, #788, #1130 ) ;
#515 = DIRECTION ( 'NONE',  ( 9.912705577010326782E-17, 1.982541115402065603E-16, 1.000000000000000000 ) ) ;
#516 = EDGE_CURVE ( 'NONE', #783, #2208, #909, .T. ) ;
#517 = ORIENTED_EDGE ( 'NONE', *, *, #2533, .F. ) ;
#518 = VERTEX_POINT ( 'NONE', #2649 ) ;
#519 = VERTEX_POINT ( 'NONE', #1458 ) ;
#520 = CARTESIAN_POINT ( 'NONE',  ( -27.49999999999995737, 2.000000000000043521, 49.75000000000001421 ) ) ;
#521 = EDGE_CURVE ( 'NONE', #1179, #3464, #1666, .T. ) ;
#522 = CARTESIAN_POINT ( 'NONE',  ( 31.50000000000010303, 23.00000000000002132, 42.56138830084122304 ) ) ;
#523 = B_SPLINE_CURVE_WITH_KNOTS ( 'NONE', 1,
 ( #2075, #294 ),
 .UNSPECIFIED., .F., .F.,
 ( 2, 2 ),
 ( 0.000000000000000000, 1.000000000000000000 ),
 .UNSPECIFIED. ) ;
#524 = DIRECTION ( 'NONE',  ( 0.000000000000000000, -1.000000000000000000, 0.000000000000000000 ) ) ;
#525 = CARTESIAN_POINT ( 'NONE',  ( 27.49999999999999645, -4.000000000000019540, -47.75000000000000711 ) ) ;
#526 = DIRECTION ( 'NONE',  ( -1.000000000000000000, 3.469446951953613400E-15, 9.912705577010257757E-17 ) ) ;
#527 = VERTEX_POINT ( 'NONE', #870 ) ;
#528 = EDGE_CURVE ( 'NONE', #3197, #2668, #3382, .T. ) ;
#529 = CARTESIAN_POINT ( 'NONE',  ( -31.45840562108026717, 1.424652332063465421, 49.50000000000001421 ) ) ;
#530 = ORIENTED_EDGE ( 'NONE', *, *, #2, .F. ) ;
#531 = LINE ( 'NONE', #136, #577 ) ;
#532 = AXIS2_PLACEMENT_3D ( 'NONE', #2032, #857, #2944 ) ;
#533 = CARTESIAN_POINT ( 'NONE',  ( -12.50000000000000888, -44.99999999999999289, -51.75000000000017053 ) ) ;
#534 = ORIENTED_EDGE ( 'NONE', *, *, #260, .T. ) ;
#535 = CARTESIAN_POINT ( 'NONE',  ( -27.50000000000000000, 0.000000000000000000, -19.11602540378443749 ) ) ;
#536 = CYLINDRICAL_SURFACE ( 'NONE', #3387, 2.000000000000001776 ) ;
#537 = CARTESIAN_POINT ( 'NONE',  ( -28.07534766793652636, -1.958405621080283376, 49.50000000000001421 ) ) ;
#538 = CARTESIAN_POINT ( 'NONE',  ( -29.49999999999998579, 1.918216701715868444, 49.25391964731228711 ) ) ;
#539 = ORIENTED_EDGE ( 'NONE', *, *, #2221, .T. ) ;
#540 = LINE ( 'NONE', #2777, #1247 ) ;
#541 = CARTESIAN_POINT ( 'NONE',  ( -31.49999999999996447, 2.455655318933325226, 50.03059685806466916 ) ) ;
#542 = DIRECTION ( 'NONE',  ( 0.000000000000000000, 0.000000000000000000, 1.000000000000000000 ) ) ;
#543 = ORIENTED_EDGE ( 'NONE', *, *, #2538, .T. ) ;
#544 = CARTESIAN_POINT ( 'NONE',  ( -27.83927422578794975, 0.02829722051781075401, -18.12230073744500203 ) ) ;
#545 = EDGE_CURVE ( 'NONE', #202, #3816, #554, .T. ) ;
#546 = CIRCLE ( 'NONE', #2746, 0.5000000000000004441 ) ;
#547 = VERTEX_POINT ( 'NONE', #1760 ) ;
#548 = ADVANCED_FACE ( 'NONE', ( #2848 ), #464, .T. ) ;
#549 = VECTOR ( 'NONE', #3148, 1000.000000000000000 ) ;
#550 = EDGE_CURVE ( 'NONE', #2057, #1829, #90, .T. ) ;
#551 = VECTOR ( 'NONE', #2378, 1000.000000000000000 ) ;
#552 = CARTESIAN_POINT ( 'NONE',  ( -31.50000000000005684, 28.00000000000001776, 4.786367322266242962E-15 ) ) ;
#553 = ORIENTED_EDGE ( 'NONE', *, *, #141, .F. ) ;
#554 = LINE ( 'NONE', #1477, #2576 ) ;
#555 = CARTESIAN_POINT ( 'NONE',  ( 29.41724376525002782, 2.000000000000009326, 50.31936486070886616 ) ) ;
#556 = EDGE_CURVE ( 'NONE', #1318, #3608, #1759, .T. ) ;
#557 = EDGE_CURVE ( 'NONE', #244, #1372, #3076, .T. ) ;
#558 = ORIENTED_EDGE ( 'NONE', *, *, #764, .F. ) ;
#559 = ORIENTED_EDGE ( 'NONE', *, *, #1395, .F. ) ;
#560 = CARTESIAN_POINT ( 'NONE',  ( -31.41441649684247750, 1.130418100933393788, 49.70562868867496320 ) ) ;
#561 = AXIS2_PLACEMENT_3D ( 'NONE', #277, #613, #1210 ) ;
#562 = CARTESIAN_POINT ( 'NONE',  ( -27.78076536456087453, -2.000000000000000000, 49.29437131132510785 ) ) ;
#563 = VERTEX_POINT ( 'NONE', #592 ) ;
#564 = CARTESIAN_POINT ( 'NONE',  ( -29.47920281054010161, 2.250000000000029754, 50.03767383396828450 ) ) ;
#565 = PLANE ( 'NONE',  #2819 ) ;
#566 = VERTEX_POINT ( 'NONE', #3250 ) ;
#567 = VERTEX_POINT ( 'NONE', #3535 ) ;
#568 = CARTESIAN_POINT ( 'NONE',  ( 12.24999999999998934, -14.99999999999998579, -59.75000000000002132 ) ) ;
#569 = CARTESIAN_POINT ( 'NONE',  ( -29.49999999999998579, 1.918216701715868444, 49.25391964731228711 ) ) ;
#570 = CARTESIAN_POINT ( 'NONE',  ( 27.49999999999998224, -11.99999999999998224, -49.75000000000001421 ) ) ;
#571 = ADVANCED_FACE ( 'NONE', ( #1858 ), #2045, .T. ) ;
#572 = ORIENTED_EDGE ( 'NONE', *, *, #1402, .T. ) ;
#573 = CARTESIAN_POINT ( 'NONE',  ( 27.50000000000001066, 0.000000000000000000, 51.25000000000000711 ) ) ;
#574 = EDGE_CURVE ( 'NONE', #3046, #1560, #523, .T. ) ;
#575 = VERTEX_POINT ( 'NONE', #3283 ) ;
#576 = DIRECTION ( 'NONE',  ( -1.000000000000000000, 0.000000000000000000, 4.163336342344336238E-15 ) ) ;
#577 = VECTOR ( 'NONE', #101, 1000.000000000000000 ) ;
#578 = DIRECTION ( 'NONE',  ( 1.000000000000000000, 3.491481338843133355E-15, 0.000000000000000000 ) ) ;
#579 = AXIS2_PLACEMENT_3D ( 'NONE', #2156, #3613, #344 ) ;
#580 = CARTESIAN_POINT ( 'NONE',  ( -31.45840562108024585, 2.250000000000022649, 50.32534766793654768 ) ) ;
#581 = ORIENTED_EDGE ( 'NONE', *, *, #432, .T. ) ;
#582 = CIRCLE ( 'NONE', #1682, 4.999999999999997335 ) ;
#583 = EDGE_LOOP ( 'NONE', ( #133, #325, #1070, #3068 ) ) ;
#584 = AXIS2_PLACEMENT_3D ( 'NONE', #669, #3633, #958 ) ;
#585 = LINE ( 'NONE', #399, #3488 ) ;
#586 = CARTESIAN_POINT ( 'NONE',  ( -12.50000000000000888, -49.99999999999998579, -51.75000000000017764 ) ) ;
#587 = DIRECTION ( 'NONE',  ( -3.469446951953627599E-15, -1.000000000000000000, 2.668805347656767687E-16 ) ) ;
#588 = EDGE_LOOP ( 'NONE', ( #3368, #2246, #803, #2737 ) ) ;
#589 = ADVANCED_FACE ( 'NONE', ( #3176 ), #2943, .F. ) ;
#590 = CIRCLE ( 'NONE', #3275, 2.749999999999999112 ) ;
#591 = PLANE ( 'NONE',  #3575 ) ;
#592 = CARTESIAN_POINT ( 'NONE',  ( -28.06936486070883774, 0.08275623475000287721, 49.75000000000001421 ) ) ;
#593 = CARTESIAN_POINT ( 'NONE',  ( -20.00000000000008171, 14.00000000000000355, 51.74999999999999289 ) ) ;
#594 = LINE ( 'NONE', #2632, #3454 ) ;
#595 = ORIENTED_EDGE ( 'NONE', *, *, #3653, .T. ) ;
#596 = DIRECTION ( 'NONE',  ( -3.469446951953597623E-15, 1.000000000000000000, -0.000000000000000000 ) ) ;
#597 = CYLINDRICAL_SURFACE ( 'NONE', #3781, 0.5000000000000004441 ) ;
#598 = EDGE_CURVE ( 'NONE', #2644, #3318, #2760, .T. ) ;
#599 = CARTESIAN_POINT ( 'NONE',  ( -29.49999999999999645, 9.139620389971964798, -14.83113883008419265 ) ) ;
#600 = LINE ( 'NONE', #3439, #934 ) ;
#601 = CARTESIAN_POINT ( 'NONE',  ( -28.06936486070880221, 2.000000000000020428, 51.66724376525002072 ) ) ;
#602 = LINE ( 'NONE', #552, #2281 ) ;
#603 = B_SPLINE_CURVE_WITH_KNOTS ( 'NONE', 3,
 ( #884, #3567, #2676, #564 ),
 .UNSPECIFIED., .F., .F.,
 ( 4, 4 ),
 ( 0.000000000000000000, 1.000000000000000000 ),
 .UNSPECIFIED. ) ;
#604 = CARTESIAN_POINT ( 'NONE',  ( 17.74999999999998934, -14.99999999999998579, -51.75000000000007105 ) ) ;
#605 = CARTESIAN_POINT ( 'NONE',  ( 28.29428135493264662, -1.926583974108294406, -18.16275590058873846 ) ) ;
#606 = EDGE_CURVE ( 'NONE', #968, #575, #1075, .T. ) ;
#607 = ORIENTED_EDGE ( 'NONE', *, *, #1652, .T. ) ;
#608 = CARTESIAN_POINT ( 'NONE',  ( -29.49511280217040721, 1.821787286342728907, 49.33725260867702644 ) ) ;
#609 = ADVANCED_FACE ( 'NONE', ( #2980 ), #1853, .F. ) ;
#610 = ORIENTED_EDGE ( 'NONE', *, *, #2050, .T. ) ;
#611 = CARTESIAN_POINT ( 'NONE',  ( 28.36974343308104451, -1.914368526003675575, 49.70565531893325328 ) ) ;
#612 = ORIENTED_EDGE ( 'NONE', *, *, #3142, .T. ) ;
#613 = DIRECTION ( 'NONE',  ( 2.523234146875355505E-16, -3.469446951953614189E-15, 1.000000000000000000 ) ) ;
#614 = DIRECTION ( 'NONE',  ( 1.000000000000000000, 0.000000000000000000, 0.000000000000000000 ) ) ;
#615 = ORIENTED_EDGE ( 'NONE', *, *, #1640, .T. ) ;
#616 = DIRECTION ( 'NONE',  ( -1.000000000000000000, 3.469446951953614189E-15, 0.000000000000000000 ) ) ;
#617 = EDGE_LOOP ( 'NONE', ( #2363, #483, #2623, #2919 ) ) ;
#618 = DIRECTION ( 'NONE',  ( -2.523234146875355505E-16, 3.469446951953614189E-15, -1.000000000000000000 ) ) ;
#619 = DIRECTION ( 'NONE',  ( 0.000000000000000000, 1.000000000000000000, 0.000000000000000000 ) ) ;
#620 = ORIENTED_EDGE ( 'NONE', *, *, #1468, .T. ) ;
#621 = CARTESIAN_POINT ( 'NONE',  ( -27.49999999999998224, 2.000000000000000000, -18.25000000000000355 ) ) ;
#622 = DIRECTION ( 'NONE',  ( 3.469446951953614189E-15, -1.000000000000000000, -0.000000000000000000 ) ) ;
#623 = ORIENTED_EDGE ( 'NONE', *, *, #3466, .F. ) ;
#624 = CARTESIAN_POINT ( 'NONE',  ( 27.49999999999998934, 1.999999999999967137, 53.74999999999999289 ) ) ;
#625 = ORIENTED_EDGE ( 'NONE', *, *, #1331, .T. ) ;
#626 = DIRECTION ( 'NONE',  ( 0.000000000000000000, -1.268516541808039083E-14, 1.000000000000000000 ) ) ;
#627 = EDGE_CURVE ( 'NONE', #1380, #93, #3279, .T. ) ;
#628 = CARTESIAN_POINT ( 'NONE',  ( -31.49999999999996447, 2.500000000000019540, 49.75000000000001421 ) ) ;
#629 = DIRECTION ( 'NONE',  ( 0.000000000000000000, 1.667991375171469962E-29, 1.000000000000000000 ) ) ;
#630 = DIRECTION ( 'NONE',  ( 1.000000000000000000, 0.000000000000000000, 0.000000000000000000 ) ) ;
#631 = ORIENTED_EDGE ( 'NONE', *, *, #1602, .T. ) ;
#632 = LINE ( 'NONE', #843, #3364 ) ;
#633 = AXIS2_PLACEMENT_3D ( 'NONE', #2947, #3901, #3253 ) ;
#634 = CARTESIAN_POINT ( 'NONE',  ( 27.50000000000000355, 0.000000000000000000, -17.75000000000000711 ) ) ;
#635 = CARTESIAN_POINT ( 'NONE',  ( -28.63872972141763995, 1.999999999999995337, 53.58448753050002011 ) ) ;
#636 = VERTEX_POINT ( 'NONE', #2412 ) ;
#637 = CARTESIAN_POINT ( 'NONE',  ( -27.49999999999994316, 2.500000000000012434, 51.75000000000002132 ) ) ;
#638 = AXIS2_PLACEMENT_3D ( 'NONE', #2967, #3424, #378 ) ;
#639 = SURFACE_STYLE_FILL_AREA ( #717 ) ;
#640 = EDGE_LOOP ( 'NONE', ( #1314, #1541, #3852, #2539 ) ) ;
#641 = DIRECTION ( 'NONE',  ( -3.652049423109162687E-15, 1.000000000000000000, -1.382051902507653593E-29 ) ) ;
#642 = CARTESIAN_POINT ( 'NONE',  ( 27.73607344214858728, 0.01329715840190798248, -17.87769926255499087 ) ) ;
#643 = CARTESIAN_POINT ( 'NONE',  ( 31.50000000000015277, 28.00000000000024158, 41.74999999999999289 ) ) ;
#644 = CIRCLE ( 'NONE', #1188, 0.5000000000000004441 ) ;
#645 = DIRECTION ( 'NONE',  ( 3.469446951953614189E-15, -1.000000000000000000, -0.000000000000000000 ) ) ;
#646 = CARTESIAN_POINT ( 'NONE',  ( -27.58178329828407271, 4.903376262825084941E-16, -17.75391964731223382 ) ) ;
#647 = AXIS2_PLACEMENT_3D ( 'NONE', #434, #3744, #3419 ) ;
#648 = DIRECTION ( 'NONE',  ( -0.6097107608496918907, -0.7926239891046005237, 0.000000000000000000 ) ) ;
#649 = ORIENTED_EDGE ( 'NONE', *, *, #1923, .T. ) ;
#650 = VECTOR ( 'NONE', #2507, 1000.000000000000000 ) ;
#651 = DIRECTION ( 'NONE',  ( 1.000000000000000000, 2.653106492670425978E-15, -3.944304526105059027E-31 ) ) ;
#652 = ADVANCED_FACE ( 'NONE', ( #982 ), #3639, .F. ) ;
#653 = ORIENTED_EDGE ( 'NONE', *, *, #2606, .F. ) ;
#654 = EDGE_CURVE ( 'NONE', #1446, #1173, #3557, .T. ) ;
#655 = LINE ( 'NONE', #2867, #1267 ) ;
#656 = CARTESIAN_POINT ( 'NONE',  ( 12.50000000000010836, 0.1000000000000825229, 53.75000000000011369 ) ) ;
#657 = DIRECTION ( 'NONE',  ( 0.000000000000000000, 1.470776148866217010E-29, 1.000000000000000000 ) ) ;
#658 = ORIENTED_EDGE ( 'NONE', *, *, #1607, .F. ) ;
#659 = ORIENTED_EDGE ( 'NONE', *, *, #1498, .T. ) ;
#660 = VERTEX_POINT ( 'NONE', #911 ) ;
#661 = CARTESIAN_POINT ( 'NONE',  ( 27.50000000000001066, 0.000000000000000000, 49.25000000000000711 ) ) ;
#662 = EDGE_CURVE ( 'NONE', #3145, #3787, #1768, .T. ) ;
#663 =( NAMED_UNIT ( * ) PLANE_ANGLE_UNIT ( ) SI_UNIT ( $, .RADIAN. ) );
#664 = ORIENTED_EDGE ( 'NONE', *, *, #3320, .T. ) ;
#665 = EDGE_LOOP ( 'NONE', ( #1216, #3237, #2993, #1680 ) ) ;
#666 = AXIS2_PLACEMENT_3D ( 'NONE', #3428, #145, #2550 ) ;
#667 = CARTESIAN_POINT ( 'NONE',  ( 27.49999999999999645, -10.29939026657160994, -51.75000000000020606 ) ) ;
#668 = EDGE_LOOP ( 'NONE', ( #1591, #2340, #2795, #1003 ) ) ;
#669 = CARTESIAN_POINT ( 'NONE',  ( 27.49999999999998934, 1.999999999999967137, 53.74999999999999289 ) ) ;
#670 = DIRECTION ( 'NONE',  ( 1.000000000000000000, 0.000000000000000000, 0.000000000000000000 ) ) ;
#671 = CARTESIAN_POINT ( 'NONE',  ( -26.99999999999991829, 2.000000000000003553, 51.74999999999990052 ) ) ;
#672 = ADVANCED_FACE ( 'NONE', ( #372 ), #361, .T. ) ;
#673 = ORIENTED_EDGE ( 'NONE', *, *, #2606, .T. ) ;
#674 = CARTESIAN_POINT ( 'NONE',  ( 27.49999999999999645, 1.999999999999953149, 51.74999999999999289 ) ) ;
#675 = CARTESIAN_POINT ( 'NONE',  ( -30.69540627541664435, 1.051058565485243124, 49.75000000000001421 ) ) ;
#676 = CARTESIAN_POINT ( 'NONE',  ( 27.99096560134046285, 2.003919647312264463, 51.69052603336792373 ) ) ;
#677 = ORIENTED_EDGE ( 'NONE', *, *, #386, .F. ) ;
#678 = CIRCLE ( 'NONE', #3697, 5.000000000000000888 ) ;
#679 = EDGE_CURVE ( 'NONE', #796, #1573, #2479, .T. ) ;
#680 = EDGE_LOOP ( 'NONE', ( #1360, #2042 ) ) ;
#681 = CYLINDRICAL_SURFACE ( 'NONE', #1836, 0.5000000000000004441 ) ;
#682 = CARTESIAN_POINT ( 'NONE',  ( 29.50000000000002842, 1.999999999999967137, 49.75000000000000711 ) ) ;
#683 = CARTESIAN_POINT ( 'NONE',  ( 27.50000000000001776, 2.000000000000050182, 51.75000000000001421 ) ) ;
#684 = EDGE_CURVE ( 'NONE', #3104, #802, #2323, .T. ) ;
#685 = ORIENTED_EDGE ( 'NONE', *, *, #242, .F. ) ;
#686 = VECTOR ( 'NONE', #286, 1000.000000000000000 ) ;
#687 = CARTESIAN_POINT ( 'NONE',  ( -28.07534766793645531, 2.250000000000015543, 53.70840562108030269 ) ) ;
#688 = ORIENTED_EDGE ( 'NONE', *, *, #9, .T. ) ;
#689 = AXIS2_PLACEMENT_3D ( 'NONE', #217, #2637, #2312 ) ;
#690 = LINE ( 'NONE', #586, #3314 ) ;
#691 = ORIENTED_EDGE ( 'NONE', *, *, #1181, .T. ) ;
#692 = ADVANCED_FACE ( 'NONE', ( #3664 ), #2332, .T. ) ;
#693 = VECTOR ( 'NONE', #2968, 1000.000000000000000 ) ;
#694 = AXIS2_PLACEMENT_3D ( 'NONE', #1913, #2796, #3401 ) ;
#695 = FACE_OUTER_BOUND ( 'NONE', #2564, .T. ) ;
#696 = DIRECTION ( 'NONE',  ( 3.338426467887665517E-15, -0.9486832980505138790, 0.3162277660168378857 ) ) ;
#697 = DIRECTION ( 'NONE',  ( 2.775557561562891351E-15, -1.000000000000000000, 0.000000000000000000 ) ) ;
#698 = FACE_OUTER_BOUND ( 'NONE', #862, .T. ) ;
#699 = PLANE ( 'NONE',  #2775 ) ;
#700 = CARTESIAN_POINT ( 'NONE',  ( -18.53688005447701670, -23.65205592917988398, -51.75000000000002132 ) ) ;
#701 = FACE_OUTER_BOUND ( 'NONE', #2686, .T. ) ;
#702 = DIRECTION ( 'NONE',  ( 1.000000000000000000, 0.000000000000000000, 0.000000000000000000 ) ) ;
#703 = CYLINDRICAL_SURFACE ( 'NONE', #2084, 2.649999999999999467 ) ;
#704 = DIRECTION ( 'NONE',  ( -0.6097107608496918907, -0.7926239891046005237, 0.000000000000000000 ) ) ;
#705 = ORIENTED_EDGE ( 'NONE', *, *, #182, .T. ) ;
#706 = DIRECTION ( 'NONE',  ( 4.163336342344337027E-15, -1.000000000000000000, 0.000000000000000000 ) ) ;
#707 = EDGE_CURVE ( 'NONE', #1430, #1204, #2756, .T. ) ;
#708 = ORIENTED_EDGE ( 'NONE', *, *, #2413, .F. ) ;
#709 = DIRECTION ( 'NONE',  ( 0.000000000000000000, 0.000000000000000000, 1.000000000000000000 ) ) ;
#710 = CARTESIAN_POINT ( 'NONE',  ( -27.50000000000001066, -49.99999999999998579, -51.75000000000017764 ) ) ;
#711 = CARTESIAN_POINT ( 'NONE',  ( -27.78767383396820989, 2.250000000000016875, 51.72920281054016556 ) ) ;
#712 = ADVANCED_FACE ( 'NONE', ( #1948 ), #165, .T. ) ;
#713 = B_SPLINE_CURVE_WITH_KNOTS ( 'NONE', 3,
 ( #2887, #195, #2293, #506 ),
 .UNSPECIFIED., .F., .F.,
 ( 4, 4 ),
 ( 0.000000000000000000, 1.000000000000000000 ),
 .UNSPECIFIED. ) ;
#714 = ORIENTED_EDGE ( 'NONE', *, *, #3822, .T. ) ;
#715 = AXIS2_PLACEMENT_3D ( 'NONE', #3004, #1206, #893 ) ;
#716 = EDGE_CURVE ( 'NONE', #3051, #636, #1578, .T. ) ;
#717 = FILL_AREA_STYLE ('',( #419 ) ) ;
#718 = ORIENTED_EDGE ( 'NONE', *, *, #931, .F. ) ;
#719 = VERTEX_POINT ( 'NONE', #1867 ) ;
#720 = CARTESIAN_POINT ( 'NONE',  ( -17.50000000000001421, -26.70060973342834743, -49.75000000000001421 ) ) ;
#721 = AXIS2_PLACEMENT_3D ( 'NONE', #3395, #1892, #2185 ) ;
#722 = CARTESIAN_POINT ( 'NONE',  ( 27.00000000000002487, 0.1000000000000807882, 53.75000000000011369 ) ) ;
#723 = ORIENTED_EDGE ( 'NONE', *, *, #3371, .T. ) ;
#724 = ORIENTED_EDGE ( 'NONE', *, *, #1834, .F. ) ;
#725 = CARTESIAN_POINT ( 'NONE',  ( -31.50000000000004974, 28.00000000000001776, 42.56138830084188385 ) ) ;
#726 = SHAPE_DEFINITION_REPRESENTATION ( #1088, #3571 ) ;
#727 = DIRECTION ( 'NONE',  ( -1.000000000000000000, 0.000000000000000000, 0.000000000000000000 ) ) ;
#728 = AXIS2_PLACEMENT_3D ( 'NONE', #1098, #191, #1961 ) ;
#729 = EDGE_CURVE ( 'NONE', #783, #1711, #237, .T. ) ;
#730 = EDGE_LOOP ( 'NONE', ( #387, #1108, #1399, #2520 ) ) ;
#731 = LINE ( 'NONE', #2002, #1693 ) ;
#732 = ORIENTED_EDGE ( 'NONE', *, *, #2925, .T. ) ;
#733 = EDGE_CURVE ( 'NONE', #3411, #719, #2666, .T. ) ;
#734 = DIRECTION ( 'NONE',  ( 0.000000000000000000, 0.000000000000000000, 1.000000000000000000 ) ) ;
#735 = CIRCLE ( 'NONE', #1564, 2.649999999999999467 ) ;
#736 = DIRECTION ( 'NONE',  ( -1.000000000000000000, -3.469446951953614189E-15, 1.743440679373675317E-16 ) ) ;
#737 = ORIENTED_EDGE ( 'NONE', *, *, #2932, .T. ) ;
#738 = CIRCLE ( 'NONE', #1316, 2.649999999999999467 ) ;
#739 = DIRECTION ( 'NONE',  ( 1.000000000000000000, 3.469446951953614189E-15, -1.486905836551548832E-16 ) ) ;
#740 = CARTESIAN_POINT ( 'NONE',  ( -12.49999999999996803, 23.00000000000005684, 53.74999999999995026 ) ) ;
#741 = EDGE_CURVE ( 'NONE', #915, #636, #1863, .T. ) ;
#742 = B_SPLINE_CURVE_WITH_KNOTS ( 'NONE', 3,
 ( #772, #2264, #1439, #3539 ),
 .UNSPECIFIED., .F., .F.,
 ( 4, 4 ),
 ( 0.000000000000000000, 1.000000000000000000 ),
 .UNSPECIFIED. ) ;
#743 = CIRCLE ( 'NONE', #3192, 0.5000000000000004441 ) ;
#744 = VERTEX_POINT ( 'NONE', #375 ) ;
#745 = AXIS2_PLACEMENT_3D ( 'NONE', #748, #1917, #706 ) ;
#746 = LINE ( 'NONE', #276, #2179 ) ;
#747 = ORIENTED_EDGE ( 'NONE', *, *, #960, .T. ) ;
#748 = CARTESIAN_POINT ( 'NONE',  ( 31.50000000000021672, 4.396203899719616004, -13.25000000000000533 ) ) ;
#749 = CARTESIAN_POINT ( 'NONE',  ( 31.38105445168424978, 1.018076828245760401, 49.74608015193071964 ) ) ;
#750 = VECTOR ( 'NONE', #2652, 1000.000000000000000 ) ;
#751 = CARTESIAN_POINT ( 'NONE',  ( 31.45840562108029204, 1.424652332063454763, 49.49999999999998579 ) ) ;
#752 = CARTESIAN_POINT ( 'NONE',  ( -17.35000000000007958, 14.00000000000000355, 53.74999999999999289 ) ) ;
#753 = CARTESIAN_POINT ( 'NONE',  ( 28.29426569486396303, 2.087255741149038002, 53.67658625027321762 ) ) ;
#754 = VERTEX_POINT ( 'NONE', #339 ) ;
#755 = ORIENTED_EDGE ( 'NONE', *, *, #1668, .F. ) ;
#756 = CARTESIAN_POINT ( 'NONE',  ( -28.07534766793654057, -1.958405621080280934, -18.00000000000000355 ) ) ;
#757 = EDGE_CURVE ( 'NONE', #1740, #1223, #882, .T. ) ;
#758 = EDGE_CURVE ( 'NONE', #1322, #3556, #3461, .T. ) ;
#759 = CARTESIAN_POINT ( 'NONE',  ( 27.50000000000010658, 28.00000000000005329, 51.75000000000000000 ) ) ;
#760 = ORIENTED_EDGE ( 'NONE', *, *, #758, .T. ) ;
#761 = CARTESIAN_POINT ( 'NONE',  ( 27.50000000000000355, 0.000000000000000000, -17.75000000000000711 ) ) ;
#762 = CARTESIAN_POINT ( 'NONE',  ( 28.06936486070884484, 2.000000000000022204, 51.66724376525001361 ) ) ;
#763 = ORIENTED_EDGE ( 'NONE', *, *, #1851, .F. ) ;
#764 = EDGE_CURVE ( 'NONE', #1357, #3730, #2376, .T. ) ;
#765 = CARTESIAN_POINT ( 'NONE',  ( 29.50000000000013145, 28.00000000000004619, 49.74999999999999289 ) ) ;
#766 = ORIENTED_EDGE ( 'NONE', *, *, #2731, .T. ) ;
#767 = AXIS2_PLACEMENT_3D ( 'NONE', #3763, #144, #3369 ) ;
#768 = ORIENTED_EDGE ( 'NONE', *, *, #2077, .F. ) ;
#769 = DIRECTION ( 'NONE',  ( 3.390917659076337669E-15, -6.960928290796758588E-15, -1.000000000000000000 ) ) ;
#770 = CARTESIAN_POINT ( 'NONE',  ( -27.89713495427929146, 0.03670718109014707575, 49.66274739132305172 ) ) ;
#771 = AXIS2_PLACEMENT_3D ( 'NONE', #1632, #139, #1737 ) ;
#772 = CARTESIAN_POINT ( 'NONE',  ( 29.50000000000002842, 2.000000000000022649, 49.25000000000000711 ) ) ;
#773 = EDGE_LOOP ( 'NONE', ( #2296, #449, #2721, #496 ) ) ;
#774 = DIRECTION ( 'NONE',  ( -0.000000000000000000, 1.000000000000000000, -0.000000000000000000 ) ) ;
#775 = PLANE ( 'NONE',  #514 ) ;
#776 = ORIENTED_EDGE ( 'NONE', *, *, #2689, .T. ) ;
#777 = CYLINDRICAL_SURFACE ( 'NONE', #1884, 0.5000000000000004441 ) ;
#778 = ORIENTED_EDGE ( 'NONE', *, *, #3877, .T. ) ;
#779 = ADVANCED_FACE ( 'NONE', ( #315 ), #273, .T. ) ;
#780 = FACE_OUTER_BOUND ( 'NONE', #1139, .T. ) ;
#781 = CARTESIAN_POINT ( 'NONE',  ( 27.50000000000002487, 0.6000000000000830225, 51.75000000000010658 ) ) ;
#782 = EDGE_CURVE ( 'NONE', #3323, #838, #3553, .T. ) ;
#783 = VERTEX_POINT ( 'NONE', #3618 ) ;
#784 = CARTESIAN_POINT ( 'NONE',  ( -27.49999999999990763, 2.500000000000015987, 53.74999999999999289 ) ) ;
#785 = VECTOR ( 'NONE', #2231, 1000.000000000000000 ) ;
#786 = ORIENTED_EDGE ( 'NONE', *, *, #1150, .T. ) ;
#787 = CARTESIAN_POINT ( 'NONE',  ( 27.50000000000000000, -1.908195823574487804E-14, -47.75000000000001421 ) ) ;
#788 = DIRECTION ( 'NONE',  ( -3.265361837132824630E-15, -1.000000000000000000, 2.668805347656758813E-16 ) ) ;
#789 = FACE_OUTER_BOUND ( 'NONE', #3873, .T. ) ;
#790 = VECTOR ( 'NONE', #995, 1000.000000000000000 ) ;
#791 = VECTOR ( 'NONE', #105, 1000.000000000000000 ) ;
#792 = CARTESIAN_POINT ( 'NONE',  ( -17.49999999999996092, 23.00000000000004263, 51.74999999999993605 ) ) ;
#793 = ORIENTED_EDGE ( 'NONE', *, *, #3297, .F. ) ;
#794 = CARTESIAN_POINT ( 'NONE',  ( -28.63872972141763995, 1.999999999999995337, 53.58448753050002011 ) ) ;
#795 = CIRCLE ( 'NONE', #810, 0.5000000000000004441 ) ;
#796 = VERTEX_POINT ( 'NONE', #944 ) ;
#797 = AXIS2_PLACEMENT_3D ( 'NONE', #1290, #373, #3088 ) ;
#798 = ORIENTED_EDGE ( 'NONE', *, *, #2380, .F. ) ;
#799 = CARTESIAN_POINT ( 'NONE',  ( -27.93476475048455043, 0.04278397123386309953, -18.20562005040220654 ) ) ;
#800 = EDGE_CURVE ( 'NONE', #2245, #1131, #1531, .T. ) ;
#801 = VERTEX_POINT ( 'NONE', #3290 ) ;
#802 = VERTEX_POINT ( 'NONE', #2710 ) ;
#803 = ORIENTED_EDGE ( 'NONE', *, *, #2327, .F. ) ;
#804 = DIRECTION ( 'NONE',  ( 3.265361837132811220E-15, -6.928635889290636899E-30, -1.000000000000000000 ) ) ;
#805 = DIRECTION ( 'NONE',  ( 1.000000000000000000, 3.469446951953611033E-15, 0.000000000000000000 ) ) ;
#806 = ORIENTED_EDGE ( 'NONE', *, *, #3289, .T. ) ;
#807 = EDGE_CURVE ( 'NONE', #3570, #2245, #2986, .T. ) ;
#808 = CARTESIAN_POINT ( 'NONE',  ( 31.50000000000002132, -7.285838599102589797E-14, -6.089691851487911593E-16 ) ) ;
#809 = ORIENTED_EDGE ( 'NONE', *, *, #3414, .T. ) ;
#810 = AXIS2_PLACEMENT_3D ( 'NONE', #1064, #774, #2822 ) ;
#811 = ORIENTED_EDGE ( 'NONE', *, *, #1608, .F. ) ;
#812 = CARTESIAN_POINT ( 'NONE',  ( -55.23772813849654995, -4.000000000000019540, -47.75000000000000711 ) ) ;
#813 = ORIENTED_EDGE ( 'NONE', *, *, #2690, .F. ) ;
#814 = DIRECTION ( 'NONE',  ( 0.000000000000000000, 0.000000000000000000, 1.000000000000000000 ) ) ;
#815 = AXIS2_PLACEMENT_3D ( 'NONE', #371, #2810, #134 ) ;
#816 = CARTESIAN_POINT ( 'NONE',  ( 30.69540627541669053, 2.000000000000004441, 50.69894143451477220 ) ) ;
#817 = CARTESIAN_POINT ( 'NONE',  ( 27.49999999999999289, -2.000000000000000000, -18.25000000000001066 ) ) ;
#818 = ORIENTED_EDGE ( 'NONE', *, *, #318, .F. ) ;
#819 = VECTOR ( 'NONE', #736, 1000.000000000000000 ) ;
#820 = CARTESIAN_POINT ( 'NONE',  ( -31.49999999999998579, 1.999999999999999112, 49.25000000000001421 ) ) ;
#821 = ORIENTED_EDGE ( 'NONE', *, *, #2482, .T. ) ;
#822 = DIRECTION ( 'NONE',  ( -3.491481338843108901E-15, -6.960928290796760166E-15, -1.000000000000000000 ) ) ;
#823 = PLANE ( 'NONE',  #1242 ) ;
#824 = DIRECTION ( 'NONE',  ( 0.000000000000000000, 1.000000000000000000, 0.000000000000000000 ) ) ;
#825 = CARTESIAN_POINT ( 'NONE',  ( -28.63872972141771100, -1.834487530499990804, -18.25000000000000355 ) ) ;
#826 = CARTESIAN_POINT ( 'NONE',  ( 28.63872972141767548, -1.834487530500009012, 49.74999999999998579 ) ) ;
#827 = DIRECTION ( 'NONE',  ( 5.544569336209520398E-15, -1.000000000000000000, 2.885488377511136146E-29 ) ) ;
#828 = VECTOR ( 'NONE', #3354, 1000.000000000000000 ) ;
#829 = ORIENTED_EDGE ( 'NONE', *, *, #1009, .T. ) ;
#830 = B_SPLINE_CURVE_WITH_KNOTS ( 'NONE', 1,
 ( #167, #1040 ),
 .UNSPECIFIED., .F., .F.,
 ( 2, 2 ),
 ( 0.000000000000000000, 1.000000000000000000 ),
 .UNSPECIFIED. ) ;
#831 = EDGE_CURVE ( 'NONE', #3590, #135, #3801, .T. ) ;
#832 = PLANE ( 'NONE',  #3404 ) ;
#833 = FACE_OUTER_BOUND ( 'NONE', #1042, .T. ) ;
#834 = CARTESIAN_POINT ( 'NONE',  ( 31.44341864977395673, 2.127805996490307994, 50.42845838649535040 ) ) ;
#835 = VECTOR ( 'NONE', #648, 1000.000000000000114 ) ;
#836 = VECTOR ( 'NONE', #3489, 1000.000000000000114 ) ;
#837 = DIRECTION ( 'NONE',  ( 0.000000000000000000, 1.667991375171469962E-29, 1.000000000000000000 ) ) ;
#838 = VERTEX_POINT ( 'NONE', #3586 ) ;
#839 = CARTESIAN_POINT ( 'NONE',  ( 9.999999999999992895, -41.99999999999997868, -49.75000000000001421 ) ) ;
#840 = DIRECTION ( 'NONE',  ( 0.000000000000000000, 1.000000000000000000, 0.000000000000000000 ) ) ;
#841 = DIRECTION ( 'NONE',  ( 0.000000000000000000, -1.000000000000000000, 0.000000000000000000 ) ) ;
#842 = ORIENTED_EDGE ( 'NONE', *, *, #236, .T. ) ;
#843 = CARTESIAN_POINT ( 'NONE',  ( 27.25000000000000000, -2.000000000000000000, -18.68301270189223118 ) ) ;
#844 = ORIENTED_EDGE ( 'NONE', *, *, #1521, .T. ) ;
#845 = DIRECTION ( 'NONE',  ( 1.000000000000000000, -3.469446951953627994E-15, -3.590608394613236167E-15 ) ) ;
#846 = ADVANCED_FACE ( 'NONE', ( #1034 ), #1217, .F. ) ;
#847 = ORIENTED_EDGE ( 'NONE', *, *, #3678, .T. ) ;
#848 = VERTEX_POINT ( 'NONE', #369 ) ;
#849 = CARTESIAN_POINT ( 'NONE',  ( 14.99999999999998934, -14.99999999999997158, -49.75000000000001421 ) ) ;
#850 = VERTEX_POINT ( 'NONE', #3417 ) ;
#851 = DIRECTION ( 'NONE',  ( 0.000000000000000000, 0.000000000000000000, 1.000000000000000000 ) ) ;
#852 = EDGE_CURVE ( 'NONE', #3221, #3187, #3328, .T. ) ;
#853 = CARTESIAN_POINT ( 'NONE',  ( -27.50000000000000711, -3.999999999999996447, -49.75000000000002132 ) ) ;
#854 = CARTESIAN_POINT ( 'NONE',  ( 12.49999999999999645, -49.99999999999998579, -51.75000000000018474 ) ) ;
#855 = B_SPLINE_CURVE_WITH_KNOTS ( 'NONE', 3,
 ( #257, #1766, #2680, #3228 ),
 .UNSPECIFIED., .F., .F.,
 ( 4, 4 ),
 ( 0.000000000000000000, 1.000000000000000000 ),
 .UNSPECIFIED. ) ;
#856 = CARTESIAN_POINT ( 'NONE',  ( 12.49999999999999645, -49.99999999999998579, -51.75000000000017764 ) ) ;
#857 = DIRECTION ( 'NONE',  ( 1.000000000000000000, -3.491481338843133355E-15, 0.000000000000000000 ) ) ;
#858 = ORIENTED_EDGE ( 'NONE', *, *, #907, .T. ) ;
#859 = EDGE_CURVE ( 'NONE', #465, #3187, #2529, .T. ) ;
#860 = DIRECTION ( 'NONE',  ( 2.523234146875355505E-16, -3.469446951953614189E-15, 1.000000000000000000 ) ) ;
#861 = CARTESIAN_POINT ( 'NONE',  ( -17.49999999999996803, 23.00000000000004263, 53.74999999999993605 ) ) ;
#862 = EDGE_LOOP ( 'NONE', ( #755, #1277, #3186, #2391 ) ) ;
#863 = CIRCLE ( 'NONE', #114, 4.999999999999997335 ) ;
#864 = B_SPLINE_CURVE_WITH_KNOTS ( 'NONE', 3,
 ( #1153, #1539, #3669, #2099 ),
 .UNSPECIFIED., .F., .F.,
 ( 4, 4 ),
 ( 0.000000000000000000, 1.000000000000000000 ),
 .UNSPECIFIED. ) ;
#865 = AXIS2_PLACEMENT_3D ( 'NONE', #1221, #1540, #727 ) ;
#866 = ORIENTED_EDGE ( 'NONE', *, *, #2113, .T. ) ;
#867 = LINE ( 'NONE', #3588, #1794 ) ;
#868 = ADVANCED_FACE ( 'NONE', ( #460 ), #1437, .T. ) ;
#869 = CARTESIAN_POINT ( 'NONE',  ( 31.50000000000004263, 2.499999999999974243, 49.74999999999999289 ) ) ;
#870 = CARTESIAN_POINT ( 'NONE',  ( 27.50000000000000000, -4.000000000000017764, -49.75000000000000711 ) ) ;
#871 = DIRECTION ( 'NONE',  ( -3.469446951953616161E-15, -1.000000000000000000, -2.775557561562892929E-15 ) ) ;
#872 = ORIENTED_EDGE ( 'NONE', *, *, #126, .T. ) ;
#873 = VECTOR ( 'NONE', #1773, 1000.000000000000000 ) ;
#874 = CARTESIAN_POINT ( 'NONE',  ( 17.34999999999981668, 14.00000000000003908, 53.75000000000011369 ) ) ;
#875 = FACE_OUTER_BOUND ( 'NONE', #3277, .T. ) ;
#876 = EDGE_CURVE ( 'NONE', #3506, #2208, #3902, .T. ) ;
#877 = CIRCLE ( 'NONE', #3737, 5.000000000000000888 ) ;
#878 = ORIENTED_EDGE ( 'NONE', *, *, #2731, .F. ) ;
#879 = CARTESIAN_POINT ( 'NONE',  ( -28.17845838649527224, 2.127805996490336415, 53.69341864977394607 ) ) ;
#880 = CARTESIAN_POINT ( 'NONE',  ( 27.25000000000001066, 1.566987298107739290, 53.74999999999999289 ) ) ;
#881 = CARTESIAN_POINT ( 'NONE',  ( -27.49999999999998224, -2.000000000000000000, 49.25000000000001421 ) ) ;
#882 = LINE ( 'NONE', #16, #88 ) ;
#883 = B_SPLINE_CURVE_WITH_KNOTS ( 'NONE', 3,
 ( #3184, #2298, #3536, #3856 ),
 .UNSPECIFIED., .F., .F.,
 ( 4, 4 ),
 ( 0.000000000000000000, 1.000000000000000000 ),
 .UNSPECIFIED. ) ;
#884 = CARTESIAN_POINT ( 'NONE',  ( -29.49999999999996447, 2.500000000000015987, 49.75000000000001421 ) ) ;
#885 = EDGE_CURVE ( 'NONE', #754, #2781, #2228, .T. ) ;
#886 = CYLINDRICAL_SURFACE ( 'NONE', #943, 0.5000000000000004441 ) ;
#887 = DIRECTION ( 'NONE',  ( -3.468048509211103883E-15, -1.000000000000000000, 1.200736511533593085E-17 ) ) ;
#888 = DIRECTION ( 'NONE',  ( 0.000000000000000000, -1.000000000000000000, -2.523234146875353335E-15 ) ) ;
#889 = EDGE_LOOP ( 'NONE', ( #1440, #3316, #2511, #3723, #1785, #2581, #1894, #558, #625, #1962 ) ) ;
#890 = VECTOR ( 'NONE', #3521, 1000.000000000000000 ) ;
#891 = ADVANCED_FACE ( 'NONE', ( #2430 ), #3083, .F. ) ;
#892 = ORIENTED_EDGE ( 'NONE', *, *, #3352, .T. ) ;
#893 = DIRECTION ( 'NONE',  ( 1.000000000000000000, -9.035018103878894725E-19, 3.944304526105059027E-31 ) ) ;
#894 = AXIS2_PLACEMENT_3D ( 'NONE', #3427, #1787, #2864 ) ;
#895 = CARTESIAN_POINT ( 'NONE',  ( -26.99999999999991473, 0.6000000000000534905, 51.74999999999999289 ) ) ;
#896 = ORIENTED_EDGE ( 'NONE', *, *, #2747, .T. ) ;
#897 = CARTESIAN_POINT ( 'NONE',  ( 17.49999999999999645, -44.99999999999999289, -51.75000000000008527 ) ) ;
#898 = CARTESIAN_POINT ( 'NONE',  ( -27.49999999999998934, 0.000000000000000000, 49.25000000000001421 ) ) ;
#899 = ORIENTED_EDGE ( 'NONE', *, *, #2830, .F. ) ;
#900 = EDGE_LOOP ( 'NONE', ( #1977, #2499, #1156, #991, #123, #3363, #2771, #196, #539, #3099 ) ) ;
#901 = CARTESIAN_POINT ( 'NONE',  ( 27.50000000000000355, -2.000000000000000000, -17.75000000000000711 ) ) ;
#902 = CARTESIAN_POINT ( 'NONE',  ( -26.99999999999991473, 0.6000000000000534905, 53.74999999999990052 ) ) ;
#903 = EDGE_LOOP ( 'NONE', ( #343, #2831, #2003, #1771 ) ) ;
#904 = EDGE_CURVE ( 'NONE', #567, #99, #2143, .T. ) ;
#905 = CARTESIAN_POINT ( 'NONE',  ( -55.23772813849654995, -4.000000000000019540, -47.75000000000000711 ) ) ;
#906 = ORIENTED_EDGE ( 'NONE', *, *, #3079, .F. ) ;
#907 = EDGE_CURVE ( 'NONE', #1835, #3765, #2618, .T. ) ;
#908 = ADVANCED_FACE ( 'NONE', ( #2187, #2039, #45, #1902, #1712 ), #1415, .T. ) ;
#909 = B_SPLINE_CURVE_WITH_KNOTS ( 'NONE', 1,
 ( #3896, #2031 ),
 .UNSPECIFIED., .F., .F.,
 ( 2, 2 ),
 ( 0.000000000000000000, 1.000000000000000000 ),
 .UNSPECIFIED. ) ;
#910 = ORIENTED_EDGE ( 'NONE', *, *, #606, .T. ) ;
#911 = CARTESIAN_POINT ( 'NONE',  ( 12.74999999999999289, -41.99999999999997868, -49.75000000000001421 ) ) ;
#912 = CARTESIAN_POINT ( 'NONE',  ( 27.50000000000001066, 0.000000000000000000, 49.25000000000000711 ) ) ;
#913 = AXIS2_PLACEMENT_3D ( 'NONE', #624, #3634, #305 ) ;
#914 = DIRECTION ( 'NONE',  ( 0.000000000000000000, -1.000000000000000000, -2.523234146875353335E-15 ) ) ;
#915 = VERTEX_POINT ( 'NONE', #3106 ) ;
#916 = VECTOR ( 'NONE', #468, 1000.000000000000000 ) ;
#917 = ORIENTED_EDGE ( 'NONE', *, *, #3089, .T. ) ;
#918 = STYLED_ITEM ( 'NONE', ( #3745 ), #2335 ) ;
#919 = VECTOR ( 'NONE', #2308, 1000.000000000000000 ) ;
#920 = CARTESIAN_POINT ( 'NONE',  ( -29.47170277948216821, 1.660725774212015171, 49.62230073744505887 ) ) ;
#921 = EDGE_LOOP ( 'NONE', ( #2742, #2049, #1501, #1951, #3522, #2727, #811, #481 ) ) ;
#922 = VECTOR ( 'NONE', #3432, 1000.000000000000000 ) ;
#923 = CARTESIAN_POINT ( 'NONE',  ( -31.47339259238660958, 2.372194003509700444, 50.22223694937773786 ) ) ;
#924 = CARTESIAN_POINT ( 'NONE',  ( 27.99096560134045575, 0.05947396663207941275, -18.24608035268773776 ) ) ;
#925 = AXIS2_PLACEMENT_3D ( 'NONE', #2898, #3475, #3453 ) ;
#926 = VERTEX_POINT ( 'NONE', #3481 ) ;
#927 = CARTESIAN_POINT ( 'NONE',  ( -29.49999999999998579, 28.00000000000001066, 51.74999999999989342 ) ) ;
#928 = ADVANCED_FACE ( 'NONE', ( #3610 ), #2008, .T. ) ;
#929 = FACE_OUTER_BOUND ( 'NONE', #2153, .T. ) ;
#930 = ORIENTED_EDGE ( 'NONE', *, *, #2253, .F. ) ;
#931 = EDGE_CURVE ( 'NONE', #850, #3816, #602, .T. ) ;
#932 = CARTESIAN_POINT ( 'NONE',  ( -29.49999999999997158, 2.000000000000015543, -18.25000000000000355 ) ) ;
#933 = PLANE ( 'NONE',  #2646 ) ;
#934 = VECTOR ( 'NONE', #1940, 1000.000000000000000 ) ;
#935 = CARTESIAN_POINT ( 'NONE',  ( 27.50000000000001776, 2.499999999999953815, 51.74999999999999289 ) ) ;
#936 = FACE_OUTER_BOUND ( 'NONE', #3702, .T. ) ;
#937 = EDGE_CURVE ( 'NONE', #3254, #431, #883, .T. ) ;
#938 = ORIENTED_EDGE ( 'NONE', *, *, #2488, .T. ) ;
#939 = DIRECTION ( 'NONE',  ( 0.000000000000000000, -1.000000000000000000, 0.000000000000000000 ) ) ;
#940 = DIRECTION ( 'NONE',  ( 0.000000000000000000, 0.000000000000000000, -1.000000000000000000 ) ) ;
#941 = DIRECTION ( 'NONE',  ( -1.000000000000000000, -5.551115123125781913E-15, 4.163336342344336238E-15 ) ) ;
#942 = ORIENTED_EDGE ( 'NONE', *, *, #3848, .F. ) ;
#943 = AXIS2_PLACEMENT_3D ( 'NONE', #1433, #822, #2041 ) ;
#944 = CARTESIAN_POINT ( 'NONE',  ( -27.50000000000000711, -10.29939026657163126, -51.75000000000004263 ) ) ;
#945 = ORIENTED_EDGE ( 'NONE', *, *, #3646, .T. ) ;
#946 = ORIENTED_EDGE ( 'NONE', *, *, #1451, .T. ) ;
#947 = CARTESIAN_POINT ( 'NONE',  ( 29.50000000000004974, 9.139620389972179737, -14.83113883008419620 ) ) ;
#948 = ORIENTED_EDGE ( 'NONE', *, *, #1607, .T. ) ;
#949 = ADVANCED_FACE ( 'NONE', ( #936 ), #1485, .F. ) ;
#950 = CARTESIAN_POINT ( 'NONE',  ( -27.49999999999991829, -11.24918130626778279, 49.75000000000001421 ) ) ;
#951 = CARTESIAN_POINT ( 'NONE',  ( -31.49999999999996447, 2.455628688674948545, 50.03076536456082835 ) ) ;
#952 = ORIENTED_EDGE ( 'NONE', *, *, #3848, .T. ) ;
#953 = CARTESIAN_POINT ( 'NONE',  ( 29.48670284159810606, 1.763926557851441146, 49.37769926255495534 ) ) ;
#954 = DIRECTION ( 'NONE',  ( -1.000000000000000000, 0.000000000000000000, 0.000000000000000000 ) ) ;
#955 = DIRECTION ( 'NONE',  ( -2.775557561562891351E-16, 1.000000000000000000, 0.000000000000000000 ) ) ;
#956 = EDGE_CURVE ( 'NONE', #1454, #1990, #1183, .T. ) ;
#957 = ORIENTED_EDGE ( 'NONE', *, *, #1159, .T. ) ;
#958 = DIRECTION ( 'NONE',  ( 1.000000000000000000, -3.469446951953611033E-15, 0.000000000000000000 ) ) ;
#959 = ORIENTED_EDGE ( 'NONE', *, *, #2565, .F. ) ;
#960 = EDGE_CURVE ( 'NONE', #744, #226, #129, .T. ) ;
#961 = CIRCLE ( 'NONE', #728, 0.5000000000000004441 ) ;
#962 = CARTESIAN_POINT ( 'NONE',  ( -27.50000000000000711, -4.000000000000019540, -47.75000000000000711 ) ) ;
#963 = ORIENTED_EDGE ( 'NONE', *, *, #1547, .F. ) ;
#964 =( NAMED_UNIT ( * ) SI_UNIT ( $, .STERADIAN. ) SOLID_ANGLE_UNIT ( ) );
#965 = VECTOR ( 'NONE', #3011, 1000.000000000000000 ) ;
#966 = CARTESIAN_POINT ( 'NONE',  ( -12.75000000000000711, -41.99999999999997868, -49.75000000000001421 ) ) ;
#967 = AXIS2_PLACEMENT_3D ( 'NONE', #1184, #2688, #1436 ) ;
#968 = VERTEX_POINT ( 'NONE', #2078 ) ;
#969 = CARTESIAN_POINT ( 'NONE',  ( -29.49999999999996092, 2.000000000000015543, 49.75000000000001421 ) ) ;
#970 = ADVANCED_FACE ( 'NONE', ( #3753 ), #565, .T. ) ;
#971 = CIRCLE ( 'NONE', #203, 2.749999999999999112 ) ;
#972 = DIRECTION ( 'NONE',  ( 0.000000000000000000, -1.000000000000000000, 0.000000000000000000 ) ) ;
#973 = AXIS2_PLACEMENT_3D ( 'NONE', #2484, #1833, #430 ) ;
#974 = FACE_OUTER_BOUND ( 'NONE', #1332, .T. ) ;
#975 = EDGE_LOOP ( 'NONE', ( #262, #2191, #1927, #1083 ) ) ;
#976 = DIRECTION ( 'NONE',  ( -1.000000000000000000, -3.460895790526208740E-15, 1.743440679373675563E-16 ) ) ;
#977 = DIRECTION ( 'NONE',  ( 0.000000000000000000, 1.000000000000000000, -0.000000000000000000 ) ) ;
#978 = CARTESIAN_POINT ( 'NONE',  ( 28.07534766793651926, -1.958405621080287817, 49.49999999999998579 ) ) ;
#979 = CARTESIAN_POINT ( 'NONE',  ( -27.97212895450964254, -1.973408289260953685, 49.37767801440006821 ) ) ;
#980 = CIRCLE ( 'NONE', #1090, 0.5000000000000004441 ) ;
#981 = CARTESIAN_POINT ( 'NONE',  ( 29.47920281054015135, 1.712326166031727492, 49.49999999999998579 ) ) ;
#982 = FACE_OUTER_BOUND ( 'NONE', #2486, .T. ) ;
#983 = CIRCLE ( 'NONE', #2420, 4.000000000000000000 ) ;
#984 = DIRECTION ( 'NONE',  ( -3.469446951953597623E-15, 1.000000000000000000, -0.000000000000000000 ) ) ;
#985 = CARTESIAN_POINT ( 'NONE',  ( 12.49999999999999645, -49.99999999999998579, -49.75000000000018474 ) ) ;
#986 = DIRECTION ( 'NONE',  ( 0.000000000000000000, -1.000000000000000000, 0.000000000000000000 ) ) ;
#987 = ORIENTED_EDGE ( 'NONE', *, *, #2808, .T. ) ;
#988 = CARTESIAN_POINT ( 'NONE',  ( 28.06936486070885906, 0.08275623475000244700, -18.25000000000002487 ) ) ;
#989 = EDGE_CURVE ( 'NONE', #465, #1322, #1261, .T. ) ;
#990 = VECTOR ( 'NONE', #2589, 1000.000000000000000 ) ;
#991 = ORIENTED_EDGE ( 'NONE', *, *, #2, .T. ) ;
#992 = PLANE ( 'NONE',  #3580 ) ;
#993 = ADVANCED_FACE ( 'NONE', ( #2937 ), #703, .F. ) ;
#994 = EDGE_LOOP ( 'NONE', ( #2675, #1510, #3537, #2457 ) ) ;
#995 = DIRECTION ( 'NONE',  ( 0.000000000000000000, 1.000000000000000000, 0.000000000000000000 ) ) ;
#996 = AXIS2_PLACEMENT_3D ( 'NONE', #1172, #3595, #841 ) ;
#997 = ORIENTED_EDGE ( 'NONE', *, *, #3142, .F. ) ;
#998 = VERTEX_POINT ( 'NONE', #2414 ) ;
#999 = AXIS2_PLACEMENT_3D ( 'NONE', #1306, #2509, #107 ) ;
#1000 = CARTESIAN_POINT ( 'NONE',  ( -27.73607344214860149, 0.01329715840191249623, 49.37769926255503350 ) ) ;
#1001 = ORIENTED_EDGE ( 'NONE', *, *, #472, .F. ) ;
#1002 = DIRECTION ( 'NONE',  ( -3.069126149805136901E-15, 1.000000000000000000, -1.638606980945135072E-29 ) ) ;
#1003 = ORIENTED_EDGE ( 'NONE', *, *, #1854, .T. ) ;
#1004 = EDGE_CURVE ( 'NONE', #3197, #2061, #3850, .T. ) ;
#1005 = PLANE ( 'NONE',  #638 ) ;
#1006 = ORIENTED_EDGE ( 'NONE', *, *, #2465, .F. ) ;
#1007 = CARTESIAN_POINT ( 'NONE',  ( 27.50000000000000000, 2.000000000000000000, -52.44242340540816372 ) ) ;
#1008 = DIRECTION ( 'NONE',  ( 3.590608394613237745E-15, 2.668805347656641469E-16, 1.000000000000000000 ) ) ;
#1009 = EDGE_CURVE ( 'NONE', #3046, #2928, #3226, .T. ) ;
#1010 = EDGE_CURVE ( 'NONE', #1852, #567, #1805, .T. ) ;
#1011 = DIRECTION ( 'NONE',  ( 1.000000000000000000, 0.000000000000000000, 0.000000000000000000 ) ) ;
#1012 = ADVANCED_FACE ( 'NONE', ( #1820 ), #1628, .T. ) ;
#1013 = DIRECTION ( 'NONE',  ( -1.005636797667714286E-16, -0.000000000000000000, -1.000000000000000000 ) ) ;
#1014 = ORIENTED_EDGE ( 'NONE', *, *, #3883, .T. ) ;
#1015 = LINE ( 'NONE', #1352, #193 ) ;
#1016 = CARTESIAN_POINT ( 'NONE',  ( -28.07534766793645531, 2.250000000000015543, 53.70840562108030269 ) ) ;
#1017 = DIRECTION ( 'NONE',  ( 0.000000000000000000, -1.000000000000000000, -2.523234146875356491E-15 ) ) ;
#1018 = EDGE_CURVE ( 'NONE', #1730, #3093, #3037, .T. ) ;
#1019 = ORIENTED_EDGE ( 'NONE', *, *, #453, .F. ) ;
#1020 = CIRCLE ( 'NONE', #485, 2.649999999999999467 ) ;
#1021 = CARTESIAN_POINT ( 'NONE',  ( -27.50000000000000711, -10.29939026657163126, -51.75000000000002132 ) ) ;
#1022 = ORIENTED_EDGE ( 'NONE', *, *, #516, .F. ) ;
#1023 = AXIS2_PLACEMENT_3D ( 'NONE', #3452, #3777, #2237 ) ;
#1024 = ORIENTED_EDGE ( 'NONE', *, *, #1919, .T. ) ;
#1025 = CARTESIAN_POINT ( 'NONE',  ( 12.50000000000008349, 23.00000000000007461, 51.75000000000004263 ) ) ;
#1026 = FACE_OUTER_BOUND ( 'NONE', #338, .T. ) ;
#1027 = ORIENTED_EDGE ( 'NONE', *, *, #392, .F. ) ;
#1028 = AXIS2_PLACEMENT_3D ( 'NONE', #2778, #241, #3859 ) ;
#1029 = CARTESIAN_POINT ( 'NONE',  ( 27.50000000000003197, 1.133974596215510111, 53.75000000000011369 ) ) ;
#1030 = CARTESIAN_POINT ( 'NONE',  ( 31.50000000000003553, 4.396203899719616004, -13.25000000000000533 ) ) ;
#1031 = VECTOR ( 'NONE', #3524, 1000.000000000000000 ) ;
#1032 = PRODUCT_DEFINITION_CONTEXT ( 'detailed design', #2639, 'design' ) ;
#1033 = ORIENTED_EDGE ( 'NONE', *, *, #1422, .T. ) ;
#1034 = FACE_OUTER_BOUND ( 'NONE', #2135, .T. ) ;
#1035 = CARTESIAN_POINT ( 'NONE',  ( -22.50000000000000711, -10.29939026657163126, -51.75000000000002132 ) ) ;
#1036 = CARTESIAN_POINT ( 'NONE',  ( -28.36958189906656713, -1.914416496842498594, -18.20562868867493833 ) ) ;
#1037 = ORIENTED_EDGE ( 'NONE', *, *, #3770, .F. ) ;
#1038 = CARTESIAN_POINT ( 'NONE',  ( -27.25000000000000000, -2.000000000000000000, -18.68301270189222052 ) ) ;
#1039 = EDGE_CURVE ( 'NONE', #3677, #1446, #2955, .T. ) ;
#1040 = CARTESIAN_POINT ( 'NONE',  ( -27.50000000000000711, -2.000000000000000000, -17.75000000000000355 ) ) ;
#1041 = CARTESIAN_POINT ( 'NONE',  ( 27.50000000000012434, 28.00000000000005329, 49.74999999999999289 ) ) ;
#1042 = EDGE_LOOP ( 'NONE', ( #3760, #2722, #2313, #1253 ) ) ;
#1043 = DIRECTION ( 'NONE',  ( -1.005636797667714286E-16, 0.000000000000000000, -1.000000000000000000 ) ) ;
#1044 = ORIENTED_EDGE ( 'NONE', *, *, #97, .F. ) ;
#1045 = VERTEX_POINT ( 'NONE', #2741 ) ;
#1046 = AXIS2_PLACEMENT_3D ( 'NONE', #2324, #2622, #3471 ) ;
#1047 = ORIENTED_EDGE ( 'NONE', *, *, #1837, .T. ) ;
#1048 = ORIENTED_EDGE ( 'NONE', *, *, #2905, .F. ) ;
#1049 = CARTESIAN_POINT ( 'NONE',  ( -29.49999999999997158, 4.396203899719398400, -13.25000000000000178 ) ) ;
#1050 = CARTESIAN_POINT ( 'NONE',  ( -26.99999999999991473, 2.000000000000017319, 53.74999999999999289 ) ) ;
#1051 = DIRECTION ( 'NONE',  ( -3.342790755187979138E-15, 1.691519213342421924E-29, 1.000000000000000000 ) ) ;
#1052 = CARTESIAN_POINT ( 'NONE',  ( 27.50000000000000000, -2.000000000000000000, -51.75000000000000711 ) ) ;
#1053 = ORIENTED_EDGE ( 'NONE', *, *, #3260, .T. ) ;
#1054 = DIRECTION ( 'NONE',  ( 2.523234146875355505E-16, -3.469446951953614189E-15, 1.000000000000000000 ) ) ;
#1055 = STYLED_ITEM ( 'NONE', ( #2018 ), #3571 ) ;
#1056 = EDGE_LOOP ( 'NONE', ( #1324, #1126, #2020, #2857 ) ) ;
#1057 = VECTOR ( 'NONE', #2812, 1000.000000000000000 ) ;
#1058 = DIRECTION ( 'NONE',  ( 0.000000000000000000, 1.667991375171469962E-29, 1.000000000000000000 ) ) ;
#1059 = ORIENTED_EDGE ( 'NONE', *, *, #1895, .T. ) ;
#1060 = DIRECTION ( 'NONE',  ( -3.469446951953614189E-15, 1.000000000000000000, 0.000000000000000000 ) ) ;
#1061 = EDGE_CURVE ( 'NONE', #2863, #3627, #3593, .T. ) ;
#1062 = LINE ( 'NONE', #2366, #291 ) ;
#1063 = EDGE_LOOP ( 'NONE', ( #2006, #2398, #1862, #1972, #2540, #1596, #2329, #3388 ) ) ;
#1064 = CARTESIAN_POINT ( 'NONE',  ( -26.99999999999998934, 0.000000000000000000, 51.25000000000000711 ) ) ;
#1065 = VECTOR ( 'NONE', #1058, 1000.000000000000000 ) ;
#1066 = DIRECTION ( 'NONE',  ( -3.469446951953613400E-15, 1.000000000000000000, 0.000000000000000000 ) ) ;
#1067 = CARTESIAN_POINT ( 'NONE',  ( -15.00000000000001066, -14.99999999999998579, -59.75000000000002132 ) ) ;
#1068 = EDGE_CURVE ( 'NONE', #1318, #2146, #1350, .T. ) ;
#1069 = CIRCLE ( 'NONE', #508, 5.000000000000000888 ) ;
#1070 = ORIENTED_EDGE ( 'NONE', *, *, #885, .T. ) ;
#1071 = DIRECTION ( 'NONE',  ( 0.000000000000000000, -1.000000000000000000, -2.523234146875356491E-15 ) ) ;
#1072 = AXIS2_PLACEMENT_3D ( 'NONE', #2952, #2992, #614 ) ;
#1073 = VECTOR ( 'NONE', #19, 1000.000000000000000 ) ;
#1074 = CARTESIAN_POINT ( 'NONE',  ( 29.49511280217046760, 2.412747391322994428, 49.92821271365725977 ) ) ;
#1075 = CIRCLE ( 'NONE', #2178, 4.999999999999997335 ) ;
#1076 = LINE ( 'NONE', #2658, #166 ) ;
#1077 = ADVANCED_FACE ( 'NONE', ( #3133 ), #2546, .T. ) ;
#1078 = ORIENTED_EDGE ( 'NONE', *, *, #662, .F. ) ;
#1079 = FACE_OUTER_BOUND ( 'NONE', #175, .T. ) ;
#1080 = ORIENTED_EDGE ( 'NONE', *, *, #1504, .F. ) ;
#1081 = EDGE_CURVE ( 'NONE', #93, #1568, #2325, .T. ) ;
#1082 = ORIENTED_EDGE ( 'NONE', *, *, #2076, .T. ) ;
#1083 = ORIENTED_EDGE ( 'NONE', *, *, #3755, .F. ) ;
#1084 = EDGE_CURVE ( 'NONE', #2668, #2595, #3710, .T. ) ;
#1085 = ORIENTED_EDGE ( 'NONE', *, *, #904, .T. ) ;
#1086 = CARTESIAN_POINT ( 'NONE',  ( -27.50000000000001066, -11.99999999999998934, -49.75000000000001421 ) ) ;
#1087 = EDGE_LOOP ( 'NONE', ( #3726, #2054, #3305, #1462 ) ) ;
#1088 = PRODUCT_DEFINITION_SHAPE ( 'NONE', 'NONE',  #2268 ) ;
#1089 = CARTESIAN_POINT ( 'NONE',  ( 27.66357497414319866, -2.000000000000000000, 49.25391984806920931 ) ) ;
#1090 = AXIS2_PLACEMENT_3D ( 'NONE', #969, #3700, #1255 ) ;
#1091 = ORIENTED_EDGE ( 'NONE', *, *, #3653, .F. ) ;
#1092 = CARTESIAN_POINT ( 'NONE',  ( -18.53688005447701670, -23.65205592917988398, -49.75000000000001421 ) ) ;
#1093 = AXIS2_PLACEMENT_3D ( 'NONE', #1992, #840, #851 ) ;
#1094 = CARTESIAN_POINT ( 'NONE',  ( 30.05632502033335740, 2.000000000000007105, 50.50915314761181918 ) ) ;
#1095 = CARTESIAN_POINT ( 'NONE',  ( -29.47920281054010161, 2.250000000000029754, 50.03767383396828450 ) ) ;
#1096 = EDGE_LOOP ( 'NONE', ( #1137, #2860, #987, #2439, #1684, #1756, #3140, #768, #3185, #786, #2104, #3747, #2847, #2064, #2948, #493, #2162, #3065 ) ) ;
#1097 = CARTESIAN_POINT ( 'NONE',  ( -27.78767383396825608, 0.02079718945985830833, 49.50000000000001421 ) ) ;
#1098 = CARTESIAN_POINT ( 'NONE',  ( 27.00000000000003908, 1.133974596215491015, 51.75000000000002132 ) ) ;
#1099 = ORIENTED_EDGE ( 'NONE', *, *, #3541, .F. ) ;
#1100 = FACE_BOUND ( 'NONE', #1201, .T. ) ;
#1101 = ORIENTED_EDGE ( 'NONE', *, *, #574, .T. ) ;
#1102 = CARTESIAN_POINT ( 'NONE',  ( 27.50000000000001066, 2.499999999999967581, 53.74999999999999289 ) ) ;
#1103 = CARTESIAN_POINT ( 'NONE',  ( 12.50000000000001066, 2.000000000000074607, 53.75000000000005684 ) ) ;
#1104 = FACE_OUTER_BOUND ( 'NONE', #1601, .T. ) ;
#1105 = DIRECTION ( 'NONE',  ( -3.673532066774415580E-15, -2.668805347656641469E-16, -1.000000000000000000 ) ) ;
#1106 = CARTESIAN_POINT ( 'NONE',  ( 31.50000000000004263, 2.499999999999974243, 49.74999999999999289 ) ) ;
#1107 = EDGE_CURVE ( 'NONE', #802, #1430, #2981, .T. ) ;
#1108 = ORIENTED_EDGE ( 'NONE', *, *, #1668, .T. ) ;
#1109 = CIRCLE ( 'NONE', #155, 4.000000000000007105 ) ;
#1110 = ORIENTED_EDGE ( 'NONE', *, *, #3260, .F. ) ;
#1111 = CARTESIAN_POINT ( 'NONE',  ( -28.07534766793654057, -1.958405621080280934, -18.00000000000000355 ) ) ;
#1112 = DIRECTION ( 'NONE',  ( 1.000000000000000000, 0.000000000000000000, 0.000000000000000000 ) ) ;
#1113 = AXIS2_PLACEMENT_3D ( 'NONE', #3274, #319, #3332 ) ;
#1114 = LINE ( 'NONE', #1890, #3545 ) ;
#1115 = ORIENTED_EDGE ( 'NONE', *, *, #627, .F. ) ;
#1116 = EDGE_CURVE ( 'NONE', #998, #2886, #2094, .T. ) ;
#1117 = VECTOR ( 'NONE', #3049, 1000.000000000000000 ) ;
#1118 = CARTESIAN_POINT ( 'NONE',  ( -27.50000000000000711, -2.000000000000000000, -51.74999999999999289 ) ) ;
#1119 = CARTESIAN_POINT ( 'NONE',  ( -27.78767383396825963, 0.02079718945985960937, -18.00000000000000355 ) ) ;
#1120 = DIRECTION ( 'NONE',  ( 3.265361837132811220E-15, -6.928635889290636899E-30, -1.000000000000000000 ) ) ;
#1121 = AXIS2_PLACEMENT_3D ( 'NONE', #839, #3258, #2347 ) ;
#1122 = EDGE_CURVE ( 'NONE', #2242, #1239, #1309, .T. ) ;
#1123 = CARTESIAN_POINT ( 'NONE',  ( 28.07534766793649794, 2.249999999999985789, 53.70840562108029559 ) ) ;
#1124 = FACE_OUTER_BOUND ( 'NONE', #2115, .T. ) ;
#1125 = PLANE ( 'NONE',  #1171 ) ;
#1126 = ORIENTED_EDGE ( 'NONE', *, *, #2050, .F. ) ;
#1127 = DIRECTION ( 'NONE',  ( 0.000000000000000000, 1.391890058344115830E-29, 1.000000000000000000 ) ) ;
#1128 = CARTESIAN_POINT ( 'NONE',  ( -28.29426569486402698, -1.926586250273197409, 49.66274425885099930 ) ) ;
#1129 = DIRECTION ( 'NONE',  ( -1.005636797667714286E-16, -0.000000000000000000, -1.000000000000000000 ) ) ;
#1130 = DIRECTION ( 'NONE',  ( 1.000000000000000000, -3.265361837132824630E-15, 0.000000000000000000 ) ) ;
#1131 = VERTEX_POINT ( 'NONE', #443 ) ;
#1132 = DIRECTION ( 'NONE',  ( 2.488261624748091500E-16, 1.000000000000000000, 1.264411342330346356E-14 ) ) ;
#1133 = EDGE_CURVE ( 'NONE', #547, #915, #795, .T. ) ;
#1134 = ORIENTED_EDGE ( 'NONE', *, *, #126, .F. ) ;
#1135 = DIRECTION ( 'NONE',  ( 1.000000000000000000, 0.000000000000000000, 0.000000000000000000 ) ) ;
#1136 = ORIENTED_EDGE ( 'NONE', *, *, #2044, .T. ) ;
#1137 = ORIENTED_EDGE ( 'NONE', *, *, #1854, .F. ) ;
#1138 = EDGE_CURVE ( 'NONE', #519, #1990, #830, .T. ) ;
#1139 = EDGE_LOOP ( 'NONE', ( #1409, #3344, #1269, #1686 ) ) ;
#1140 = CARTESIAN_POINT ( 'NONE',  ( -27.78767383396825608, 0.02079718945985830833, 49.50000000000001421 ) ) ;
#1141 = B_SPLINE_SURFACE_WITH_KNOTS ( 'NONE', 1, 3, ( 
 ( #1326, #154, #1268, #463 ),
 ( #2853, #1074, #163, #1624 ) ),
 .UNSPECIFIED., .F., .F., .F.,
 ( 2, 2 ),
 ( 4, 4 ),
 ( 0.000000000000000000, 1.000000000000000000 ),
 ( 0.000000000000000000, 1.000000000000000000 ),
 .UNSPECIFIED. ) ;
#1142 = ADVANCED_FACE ( 'NONE', ( #3505 ), #2541, .F. ) ;
#1143 = ORIENTED_EDGE ( 'NONE', *, *, #2458, .F. ) ;
#1144 = CARTESIAN_POINT ( 'NONE',  ( -27.67821271365722779, 0.004887197829570608630, -17.83725260867698026 ) ) ;
#1145 = CARTESIAN_POINT ( 'NONE',  ( -22.50000000000000711, -10.29939026657163126, -49.75000000000004263 ) ) ;
#1146 = FACE_BOUND ( 'NONE', #173, .T. ) ;
#1147 = ORIENTED_EDGE ( 'NONE', *, *, #1828, .F. ) ;
#1148 = FACE_OUTER_BOUND ( 'NONE', #1056, .T. ) ;
#1149 = ORIENTED_EDGE ( 'NONE', *, *, #1327, .T. ) ;
#1150 = EDGE_CURVE ( 'NONE', #3506, #1584, #2381, .T. ) ;
#1151 = FACE_OUTER_BOUND ( 'NONE', #975, .T. ) ;
#1152 = CARTESIAN_POINT ( 'NONE',  ( 27.50000000000017408, 41.74918130626787161, 49.74999999999999289 ) ) ;
#1153 = CARTESIAN_POINT ( 'NONE',  ( -28.06936486070884840, 0.08275623475000526419, -18.25000000000000355 ) ) ;
#1154 = DIRECTION ( 'NONE',  ( 0.000000000000000000, 1.589105284649368781E-29, 1.000000000000000000 ) ) ;
#1155 = FACE_OUTER_BOUND ( 'NONE', #1846, .T. ) ;
#1156 = ORIENTED_EDGE ( 'NONE', *, *, #2434, .T. ) ;
#1157 = CARTESIAN_POINT ( 'NONE',  ( 27.67821271365719582, 0.004887197829563571724, 49.33725260867692697 ) ) ;
#1158 = DIRECTION ( 'NONE',  ( -3.673532066774415580E-15, -2.668805347656641469E-16, -1.000000000000000000 ) ) ;
#1159 = EDGE_CURVE ( 'NONE', #563, #287, #1476, .T. ) ;
#1160 = DIRECTION ( 'NONE',  ( 7.228014483236695816E-17, 1.000000000000000000, 3.469446951953614189E-15 ) ) ;
#1161 = VECTOR ( 'NONE', #3827, 1000.000000000000000 ) ;
#1162 = DIRECTION ( 'NONE',  ( -1.000000000000000000, 0.000000000000000000, -2.775557561562890957E-15 ) ) ;
#1163 = CARTESIAN_POINT ( 'NONE',  ( 27.78767383396826673, 2.249999999999987121, 51.72920281054014424 ) ) ;
#1164 = ADVANCED_FACE ( 'NONE', ( #505 ), #2893, .F. ) ;
#1165 = FACE_OUTER_BOUND ( 'NONE', #994, .T. ) ;
#1166 = VECTOR ( 'NONE', #1228, 1000.000000000000000 ) ;
#1167 = B_SPLINE_CURVE_WITH_KNOTS ( 'NONE', 3,
 ( #2367, #34, #3012, #2789 ),
 .UNSPECIFIED., .F., .F.,
 ( 4, 4 ),
 ( 0.000000000000000000, 1.000000000000000000 ),
 .UNSPECIFIED. ) ;
#1168 = ORIENTED_EDGE ( 'NONE', *, *, #3750, .F. ) ;
#1169 = CARTESIAN_POINT ( 'NONE',  ( -27.50000000000000000, -2.000000000000000000, -18.25000000000000355 ) ) ;
#1170 = VECTOR ( 'NONE', #629, 1000.000000000000000 ) ;
#1171 = AXIS2_PLACEMENT_3D ( 'NONE', #3209, #3802, #578 ) ;
#1172 = CARTESIAN_POINT ( 'NONE',  ( 22.49999999999999645, -10.29939026657160639, -51.75000000000002132 ) ) ;
#1173 = VERTEX_POINT ( 'NONE', #555 ) ;
#1174 = CARTESIAN_POINT ( 'NONE',  ( 27.78767383396826673, 2.249999999999987121, 51.72920281054014424 ) ) ;
#1175 = EDGE_LOOP ( 'NONE', ( #2199, #3690, #1419, #1548 ) ) ;
#1176 = CARTESIAN_POINT ( 'NONE',  ( -31.47340828926092371, 2.372321985599992633, 50.22212895450962833 ) ) ;
#1177 = CARTESIAN_POINT ( 'NONE',  ( -27.67821271365717450, 2.412747391323020629, 51.74511280217045339 ) ) ;
#1178 = ORIENTED_EDGE ( 'NONE', *, *, #3441, .F. ) ;
#1179 = VERTEX_POINT ( 'NONE', #3486 ) ;
#1180 = CARTESIAN_POINT ( 'NONE',  ( -27.49999999999998224, -2.000000000000000000, 51.75000000000000711 ) ) ;
#1181 = EDGE_CURVE ( 'NONE', #1990, #3667, #2805, .T. ) ;
#1182 = ADVANCED_FACE ( 'NONE', ( #1124 ), #3805, .F. ) ;
#1183 = B_SPLINE_CURVE_WITH_KNOTS ( 'NONE', 3,
 ( #1195, #2958, #2677, #3596 ),
 .UNSPECIFIED., .F., .F.,
 ( 4, 4 ),
 ( 0.000000000000000000, 1.000000000000000000 ),
 .UNSPECIFIED. ) ;
#1184 = CARTESIAN_POINT ( 'NONE',  ( 27.00000000000000355, -2.000000000000000000, -19.11602540378445170 ) ) ;
#1185 = ORIENTED_EDGE ( 'NONE', *, *, #3684, .F. ) ;
#1186 = CARTESIAN_POINT ( 'NONE',  ( -27.49999999999992895, 2.500000000000012434, 53.75000000000002132 ) ) ;
#1187 = ORIENTED_EDGE ( 'NONE', *, *, #379, .F. ) ;
#1188 = AXIS2_PLACEMENT_3D ( 'NONE', #1906, #2884, #2602 ) ;
#1189 = ORIENTED_EDGE ( 'NONE', *, *, #1938, .F. ) ;
#1190 = UNCERTAINTY_MEASURE_WITH_UNIT (LENGTH_MEASURE( 1.000000000000000082E-05 ), #1750, 'distance_accuracy_value', 'NONE');
#1191 = CARTESIAN_POINT ( 'NONE',  ( -27.78767383396820989, 2.250000000000016431, 51.72920281054015845 ) ) ;
#1192 = DIRECTION ( 'NONE',  ( 0.000000000000000000, 0.000000000000000000, -1.000000000000000000 ) ) ;
#1193 = CYLINDRICAL_SURFACE ( 'NONE', #3820, 5.000000000000000000 ) ;
#1194 = CARTESIAN_POINT ( 'NONE',  ( 27.00000000000002487, 0.1000000000000807882, 51.75000000000011369 ) ) ;
#1195 = CARTESIAN_POINT ( 'NONE',  ( -28.07534766793654057, -1.958405621080280934, -18.00000000000000355 ) ) ;
#1196 = EDGE_LOOP ( 'NONE', ( #1675, #2087, #1185, #1234 ) ) ;
#1197 = CARTESIAN_POINT ( 'NONE',  ( -27.49999999999998934, -1.540743955510937222E-30, 51.25000000000000711 ) ) ;
#1198 = CIRCLE ( 'NONE', #3499, 4.999999999999997335 ) ;
#1199 = AXIS2_PLACEMENT_3D ( 'NONE', #2859, #1427, #2023 ) ;
#1200 = CARTESIAN_POINT ( 'NONE',  ( 27.50000000000000000, 0.000000000000000000, -51.75000000000000711 ) ) ;
#1201 = EDGE_LOOP ( 'NONE', ( #2001, #3398 ) ) ;
#1202 = ADVANCED_FACE ( 'NONE', ( #2983 ), #1708, .F. ) ;
#1203 = LINE ( 'NONE', #1029, #2215 ) ;
#1204 = VERTEX_POINT ( 'NONE', #2616 ) ;
#1205 = EDGE_CURVE ( 'NONE', #1711, #287, #1777, .T. ) ;
#1206 = DIRECTION ( 'NONE',  ( -9.035018103878894725E-19, -1.000000000000000000, 1.606096837466787277E-29 ) ) ;
#1207 = PLANE ( 'NONE',  #2259 ) ;
#1208 = LINE ( 'NONE', #316, #3890 ) ;
#1209 = ORIENTED_EDGE ( 'NONE', *, *, #1923, .F. ) ;
#1210 = DIRECTION ( 'NONE',  ( 0.000000000000000000, -1.000000000000000000, -4.163336342344339393E-15 ) ) ;
#1211 = CARTESIAN_POINT ( 'NONE',  ( -22.50000000000000711, -10.29939026657163126, -51.75000000000004263 ) ) ;
#1212 = B_SPLINE_CURVE_WITH_KNOTS ( 'NONE', 1,
 ( #1967, #761 ),
 .UNSPECIFIED., .F., .F.,
 ( 2, 2 ),
 ( 0.000000000000000000, 1.000000000000000000 ),
 .UNSPECIFIED. ) ;
#1213 = EDGE_CURVE ( 'NONE', #1286, #2450, #374, .T. ) ;
#1214 = LINE ( 'NONE', #3072, #1667 ) ;
#1215 = CARTESIAN_POINT ( 'NONE',  ( -31.45840562108024585, 2.250000000000022649, 50.32534766793654768 ) ) ;
#1216 = ORIENTED_EDGE ( 'NONE', *, *, #1878, .T. ) ;
#1217 = CYLINDRICAL_SURFACE ( 'NONE', #2640, 1.999999999999998224 ) ;
#1218 = AXIS2_PLACEMENT_3D ( 'NONE', #3741, #3818, #3230 ) ;
#1219 = ORIENTED_EDGE ( 'NONE', *, *, #3397, .F. ) ;
#1220 = AXIS2_PLACEMENT_3D ( 'NONE', #3732, #1610, #385 ) ;
#1221 = CARTESIAN_POINT ( 'NONE',  ( -22.50000000000001776, -26.70060973342834743, -51.75000000000002132 ) ) ;
#1222 = ADVANCED_FACE ( 'NONE', ( #1580 ), #3751, .T. ) ;
#1223 = VERTEX_POINT ( 'NONE', #2693 ) ;
#1224 = CARTESIAN_POINT ( 'NONE',  ( 29.47920281054015135, 1.712326166031727492, 49.49999999999998579 ) ) ;
#1225 = DIRECTION ( 'NONE',  ( 2.523234146875355505E-16, -3.469446951953614189E-15, 1.000000000000000000 ) ) ;
#1226 = ORIENTED_EDGE ( 'NONE', *, *, #3531, .F. ) ;
#1227 = CARTESIAN_POINT ( 'NONE',  ( 27.73607344214858728, 0.01329715840190798248, -17.87769926255499087 ) ) ;
#1228 = DIRECTION ( 'NONE',  ( 1.000000000000000000, -9.035018103878894725E-19, 3.944304526105059027E-31 ) ) ;
#1229 = ORIENTED_EDGE ( 'NONE', *, *, #1138, .T. ) ;
#1230 = B_SPLINE_SURFACE_WITH_KNOTS ( 'NONE', 1, 3, ( 
 ( #197, #1714, #879, #289 ),
 ( #601, #1757, #3578, #1191 ) ),
 .UNSPECIFIED., .F., .F., .F.,
 ( 2, 2 ),
 ( 4, 4 ),
 ( 0.000000000000000000, 1.000000000000000000 ),
 ( 0.000000000000000000, 1.000000000000000000 ),
 .UNSPECIFIED. ) ;
#1231 = ORIENTED_EDGE ( 'NONE', *, *, #2147, .T. ) ;
#1232 = CARTESIAN_POINT ( 'NONE',  ( -6.938893903907228378E-14, 5.073680990566357026E-15, 51.74999999999999289 ) ) ;
#1233 = EDGE_CURVE ( 'NONE', #1418, #244, #2183, .T. ) ;
#1234 = ORIENTED_EDGE ( 'NONE', *, *, #3158, .F. ) ;
#1235 = CARTESIAN_POINT ( 'NONE',  ( -29.49999999999996447, 2.500000000000015987, 49.75000000000001421 ) ) ;
#1236 = CARTESIAN_POINT ( 'NONE',  ( 27.50000000000001066, -2.000000000000000000, 49.25000000000001421 ) ) ;
#1237 = AXIS2_PLACEMENT_3D ( 'NONE', #253, #2739, #2131 ) ;
#1238 = CARTESIAN_POINT ( 'NONE',  ( -28.17856638136337821, 2.127678014400047335, 53.69340295289963194 ) ) ;
#1239 = VERTEX_POINT ( 'NONE', #348 ) ;
#1240 = ADVANCED_FACE ( 'NONE', ( #929 ), #1991, .F. ) ;
#1241 = EDGE_LOOP ( 'NONE', ( #3384, #3189, #234, #2669, #714, #3288, #1887, #296, #1219, #2394 ) ) ;
#1242 = AXIS2_PLACEMENT_3D ( 'NONE', #3165, #2243, #1936 ) ;
#1243 = FACE_OUTER_BOUND ( 'NONE', #2779, .T. ) ;
#1244 = DIRECTION ( 'NONE',  ( 0.000000000000000000, 0.000000000000000000, 1.000000000000000000 ) ) ;
#1245 = ORIENTED_EDGE ( 'NONE', *, *, #352, .F. ) ;
#1246 = B_SPLINE_SURFACE_WITH_KNOTS ( 'NONE', 1, 3, ( 
 ( #628, #951, #923, #1514 ),
 ( #46, #3626, #3638, #2130 ) ),
 .UNSPECIFIED., .F., .F., .F.,
 ( 2, 2 ),
 ( 4, 4 ),
 ( 0.000000000000000000, 1.000000000000000000 ),
 ( 0.000000000000000000, 1.000000000000000000 ),
 .UNSPECIFIED. ) ;
#1247 = VECTOR ( 'NONE', #3389, 1000.000000000000000 ) ;
#1248 = DIRECTION ( 'NONE',  ( -1.000000000000000000, 3.469446951953611033E-15, 0.000000000000000000 ) ) ;
#1249 = DIRECTION ( 'NONE',  ( 1.000000000000000000, 3.469446951953614189E-15, -1.486905836551548832E-16 ) ) ;
#1250 = CARTESIAN_POINT ( 'NONE',  ( -29.41724376524998164, 1.430635139291145830, 49.75000000000001421 ) ) ;
#1251 = PRESENTATION_LAYER_ASSIGNMENT (  '', '', ( #1055 ) ) ;
#1252 = VECTOR ( 'NONE', #2055, 1000.000000000000000 ) ;
#1253 = ORIENTED_EDGE ( 'NONE', *, *, #1993, .F. ) ;
#1254 = PLANE ( 'NONE',  #2910 ) ;
#1255 = DIRECTION ( 'NONE',  ( 0.000000000000000000, 0.000000000000000000, 1.000000000000000000 ) ) ;
#1256 = LINE ( 'NONE', #3238, #2471 ) ;
#1257 = EDGE_CURVE ( 'NONE', #1406, #3562, #3173, .T. ) ;
#1258 = DIRECTION ( 'NONE',  ( 0.000000000000000000, 0.000000000000000000, 1.000000000000000000 ) ) ;
#1259 = FACE_OUTER_BOUND ( 'NONE', #2655, .T. ) ;
#1260 = CARTESIAN_POINT ( 'NONE',  ( -15.00000000000001066, -14.99999999999998579, -49.75000000000001421 ) ) ;
#1261 = CIRCLE ( 'NONE', #1481, 4.999999999999997335 ) ;
#1262 = ADVANCED_FACE ( 'NONE', ( #3705 ), #382, .F. ) ;
#1263 = CARTESIAN_POINT ( 'NONE',  ( -27.50000000000000711, 0.000000000000000000, -51.74999999999999289 ) ) ;
#1264 = EDGE_CURVE ( 'NONE', #3682, #2668, #1859, .T. ) ;
#1265 = CARTESIAN_POINT ( 'NONE',  ( 31.45840562108029204, 1.424652332063454763, 49.49999999999998579 ) ) ;
#1266 = ORIENTED_EDGE ( 'NONE', *, *, #2458, .T. ) ;
#1267 = VECTOR ( 'NONE', #1681, 1000.000000000000000 ) ;
#1268 = CARTESIAN_POINT ( 'NONE',  ( 31.50000000000004263, 2.496080151930729407, 49.91357497414330879 ) ) ;
#1269 = ORIENTED_EDGE ( 'NONE', *, *, #357, .F. ) ;
#1270 = ORIENTED_EDGE ( 'NONE', *, *, #3561, .F. ) ;
#1271 = CARTESIAN_POINT ( 'NONE',  ( -17.49999999999996803, 23.00000000000004263, 53.74999999999993605 ) ) ;
#1272 = CARTESIAN_POINT ( 'NONE',  ( 9.999999999999992895, -41.99999999999997868, -59.75000000000001421 ) ) ;
#1273 = CARTESIAN_POINT ( 'NONE',  ( -27.58178329828401942, 2.496080352687763959, 51.75000000000002132 ) ) ;
#1274 = EDGE_LOOP ( 'NONE', ( #335, #1047, #821, #2764 ) ) ;
#1275 = AXIS2_PLACEMENT_3D ( 'NONE', #1661, #2842, #2526 ) ;
#1276 = CARTESIAN_POINT ( 'NONE',  ( -26.99999999999991473, 0.1000000000000530326, 53.74999999999999289 ) ) ;
#1277 = ORIENTED_EDGE ( 'NONE', *, *, #2122, .F. ) ;
#1278 = DIRECTION ( 'NONE',  ( -1.000000000000000000, 0.000000000000000000, 0.000000000000000000 ) ) ;
#1279 = VERTEX_POINT ( 'NONE', #1546 ) ;
#1280 = DIRECTION ( 'NONE',  ( -1.000000000000000000, -3.491481338843133355E-15, 1.005636797667714286E-16 ) ) ;
#1281 = CARTESIAN_POINT ( 'NONE',  ( 12.50000000000001066, 2.000000000000074607, 51.75000000000004974 ) ) ;
#1282 = CARTESIAN_POINT ( 'NONE',  ( -28.63872972141770745, -1.834487530499989472, -18.25000000000000355 ) ) ;
#1283 = EDGE_CURVE ( 'NONE', #2210, #2766, #1388, .T. ) ;
#1284 = CARTESIAN_POINT ( 'NONE',  ( 27.50000000000000000, -2.000000000000000000, -51.75000000000000711 ) ) ;
#1285 = ADVANCED_FACE ( 'NONE', ( #3322 ), #2091, .F. ) ;
#1286 = VERTEX_POINT ( 'NONE', #2494 ) ;
#1287 = DIRECTION ( 'NONE',  ( 0.000000000000000000, 1.470776148866217010E-29, 1.000000000000000000 ) ) ;
#1288 = DIRECTION ( 'NONE',  ( 0.000000000000000000, -1.000000000000000000, 0.000000000000000000 ) ) ;
#1289 = ORIENTED_EDGE ( 'NONE', *, *, #3205, .F. ) ;
#1290 = CARTESIAN_POINT ( 'NONE',  ( 27.50000000000000355, -2.000000000000000000, 49.75000000000000711 ) ) ;
#1291 = EDGE_CURVE ( 'NONE', #2450, #1406, #3220, .T. ) ;
#1292 = EDGE_LOOP ( 'NONE', ( #1883, #304, #1649, #1266 ) ) ;
#1293 = LINE ( 'NONE', #880, #3446 ) ;
#1294 = VERTEX_POINT ( 'NONE', #2505 ) ;
#1295 = LINE ( 'NONE', #1197, #159 ) ;
#1296 = ORIENTED_EDGE ( 'NONE', *, *, #327, .T. ) ;
#1297 = AXIS2_PLACEMENT_3D ( 'NONE', #1152, #3234, #3840 ) ;
#1298 = LINE ( 'NONE', #229, #1381 ) ;
#1299 = CARTESIAN_POINT ( 'NONE',  ( 31.50000000000020961, 9.139620389972177961, -14.83113883008420331 ) ) ;
#1300 = CARTESIAN_POINT ( 'NONE',  ( -27.93476475048444030, 2.044379949597839197, 51.70721602876617595 ) ) ;
#1301 = ADVANCED_FACE ( 'NONE', ( #833 ), #1483, .T. ) ;
#1302 = CARTESIAN_POINT ( 'NONE',  ( -27.50000000000000000, 0.000000000000000000, -19.11602540378443749 ) ) ;
#1303 = LINE ( 'NONE', #509, #368 ) ;
#1304 = ORIENTED_EDGE ( 'NONE', *, *, #2621, .T. ) ;
#1305 = CIRCLE ( 'NONE', #2697, 0.5000000000000004441 ) ;
#1306 = CARTESIAN_POINT ( 'NONE',  ( -27.50000000000005329, 28.00000000000001421, 49.75000000000001421 ) ) ;
#1307 = CARTESIAN_POINT ( 'NONE',  ( 27.50000000000000355, 0.000000000000000000, -17.75000000000000711 ) ) ;
#1308 = EDGE_CURVE ( 'NONE', #3562, #3070, #1943, .T. ) ;
#1309 = LINE ( 'NONE', #3473, #1998 ) ;
#1310 = CARTESIAN_POINT ( 'NONE',  ( 18.53688005447699894, -23.65205592917988042, -51.75000000000002132 ) ) ;
#1311 = PLANE ( 'NONE',  #480 ) ;
#1312 = ORIENTED_EDGE ( 'NONE', *, *, #3872, .T. ) ;
#1313 = AXIS2_PLACEMENT_3D ( 'NONE', #2524, #3714, #734 ) ;
#1314 = ORIENTED_EDGE ( 'NONE', *, *, #2230, .F. ) ;
#1315 = CARTESIAN_POINT ( 'NONE',  ( 29.50000000000003197, 2.000000000000008882, -18.25000000000001066 ) ) ;
#1316 = AXIS2_PLACEMENT_3D ( 'NONE', #2161, #1287, #1932 ) ;
#1317 = DIRECTION ( 'NONE',  ( -2.523234146875343672E-16, 6.982962677686266711E-15, -1.000000000000000000 ) ) ;
#1318 = VERTEX_POINT ( 'NONE', #1025 ) ;
#1319 = ORIENTED_EDGE ( 'NONE', *, *, #716, .F. ) ;
#1320 = CARTESIAN_POINT ( 'NONE',  ( 27.50000000000001066, 2.499999999999967581, 53.74999999999999289 ) ) ;
#1321 = ORIENTED_EDGE ( 'NONE', *, *, #379, .T. ) ;
#1322 = VERTEX_POINT ( 'NONE', #720 ) ;
#1323 = CARTESIAN_POINT ( 'NONE',  ( -28.17845838649539658, -1.943418649773911211, -18.12219400350968357 ) ) ;
#1324 = ORIENTED_EDGE ( 'NONE', *, *, #267, .F. ) ;
#1325 = CARTESIAN_POINT ( 'NONE',  ( -26.99999999999991829, 1.133974596215574282, 53.74999999999990052 ) ) ;
#1326 = CARTESIAN_POINT ( 'NONE',  ( 31.45840562108032046, 2.249999999999981348, 50.32534766793654768 ) ) ;
#1327 = EDGE_CURVE ( 'NONE', #2886, #2605, #2573, .T. ) ;
#1328 = ORIENTED_EDGE ( 'NONE', *, *, #236, .F. ) ;
#1329 = LINE ( 'NONE', #2239, #2355 ) ;
#1330 = CARTESIAN_POINT ( 'NONE',  ( -12.49999999999998401, 28.00000000000004974, 53.74999999999995026 ) ) ;
#1331 = EDGE_CURVE ( 'NONE', #1357, #491, #2890, .T. ) ;
#1332 = EDGE_LOOP ( 'NONE', ( #3406, #842, #3584, #3858, #3208, #3154, #766, #2608 ) ) ;
#1333 = CYLINDRICAL_SURFACE ( 'NONE', #2841, 4.999999999999997335 ) ;
#1334 = B_SPLINE_CURVE_WITH_KNOTS ( 'NONE', 3,
 ( #2989, #611, #2111, #2123 ),
 .UNSPECIFIED., .F., .F.,
 ( 4, 4 ),
 ( 0.000000000000000000, 1.000000000000000000 ),
 .UNSPECIFIED. ) ;
#1335 = DIRECTION ( 'NONE',  ( 0.000000000000000000, 1.470776148866217010E-29, 1.000000000000000000 ) ) ;
#1336 = ORIENTED_EDGE ( 'NONE', *, *, #831, .T. ) ;
#1337 = AXIS2_PLACEMENT_3D ( 'NONE', #3345, #2776, #709 ) ;
#1338 = VECTOR ( 'NONE', #222, 1000.000000000000000 ) ;
#1339 = CARTESIAN_POINT ( 'NONE',  ( -31.45840562108026717, 1.424652332063465421, 49.50000000000001421 ) ) ;
#1340 = EDGE_CURVE ( 'NONE', #2946, #1573, #3078, .T. ) ;
#1341 = CIRCLE ( 'NONE', #3689, 0.5000000000000000000 ) ;
#1342 = ORIENTED_EDGE ( 'NONE', *, *, #3617, .F. ) ;
#1343 = CARTESIAN_POINT ( 'NONE',  ( 31.33448753050000590, 0.8612702785822886620, 49.74999999999998579 ) ) ;
#1344 = DIRECTION ( 'NONE',  ( -9.874219130371969514E-16, 0.3162277660168379412, 0.9486832980505138790 ) ) ;
#1345 = DIRECTION ( 'NONE',  ( -0.000000000000000000, 0.000000000000000000, -1.000000000000000000 ) ) ;
#1346 = LINE ( 'NONE', #3016, #2933 ) ;
#1347 = ORIENTED_EDGE ( 'NONE', *, *, #1700, .F. ) ;
#1348 = CARTESIAN_POINT ( 'NONE',  ( 27.85641398094035992, -1.990227268052284559, 49.33724409941122246 ) ) ;
#1349 = LINE ( 'NONE', #2287, #2038 ) ;
#1350 = LINE ( 'NONE', #1281, #1392 ) ;
#1351 = EDGE_CURVE ( 'NONE', #51, #1947, #501, .T. ) ;
#1352 = CARTESIAN_POINT ( 'NONE',  ( 27.50000000000001066, 0.000000000000000000, 50.61602540378445525 ) ) ;
#1353 = VERTEX_POINT ( 'NONE', #3458 ) ;
#1354 = CARTESIAN_POINT ( 'NONE',  ( 7.249999999999994671, -41.99999999999997868, -51.75000000000015632 ) ) ;
#1355 = VECTOR ( 'NONE', #3870, 1000.000000000000000 ) ;
#1356 = EDGE_CURVE ( 'NONE', #89, #3056, #1212, .T. ) ;
#1357 = VERTEX_POINT ( 'NONE', #781 ) ;
#1358 = ORIENTED_EDGE ( 'NONE', *, *, #1478, .F. ) ;
#1359 = PRODUCT ( '03_Zylinderflanschblech', '03_Zylinderflanschblech', '', ( #2682 ) ) ;
#1360 = ORIENTED_EDGE ( 'NONE', *, *, #2028, .F. ) ;
#1361 = ADVANCED_FACE ( 'NONE', ( #127 ), #597, .T. ) ;
#1362 = EDGE_LOOP ( 'NONE', ( #1914, #1767, #401, #470 ) ) ;
#1363 = ORIENTED_EDGE ( 'NONE', *, *, #2510, .T. ) ;
#1364 = DIRECTION ( 'NONE',  ( 1.000000000000000000, 0.000000000000000000, 0.000000000000000000 ) ) ;
#1365 = AXIS2_PLACEMENT_3D ( 'NONE', #2460, #1288, #3084 ) ;
#1366 = CARTESIAN_POINT ( 'NONE',  ( -29.50000000000003197, 23.00000000000002487, 42.56138830084188385 ) ) ;
#1367 = VERTEX_POINT ( 'NONE', #2596 ) ;
#1368 = CARTESIAN_POINT ( 'NONE',  ( 27.50000000000001066, -2.000000000000000000, 49.25000000000001421 ) ) ;
#1369 = ORIENTED_EDGE ( 'NONE', *, *, #2845, .T. ) ;
#1370 = VECTOR ( 'NONE', #2516, 1000.000000000000000 ) ;
#1371 = DIRECTION ( 'NONE',  ( 0.000000000000000000, 0.000000000000000000, 1.000000000000000000 ) ) ;
#1372 = VERTEX_POINT ( 'NONE', #2635 ) ;
#1373 = CARTESIAN_POINT ( 'NONE',  ( -31.49999999999996447, 2.000000000000008882, -18.25000000000000355 ) ) ;
#1374 = EDGE_CURVE ( 'NONE', #1279, #2685, #2278, .T. ) ;
#1375 = LINE ( 'NONE', #3507, #2022 ) ;
#1376 = CARTESIAN_POINT ( 'NONE',  ( 28.07534766793652992, -1.958405621080285153, -18.00000000000001066 ) ) ;
#1377 = VERTEX_POINT ( 'NONE', #3799 ) ;
#1378 = LINE ( 'NONE', #1535, #819 ) ;
#1379 = CARTESIAN_POINT ( 'NONE',  ( -26.46311994552300817, -13.34794407082009293, -51.75000000000002132 ) ) ;
#1380 = VERTEX_POINT ( 'NONE', #1447 ) ;
#1381 = VECTOR ( 'NONE', #1765, 1000.000000000000000 ) ;
#1382 = AXIS2_PLACEMENT_3D ( 'NONE', #905, #3605, #1915 ) ;
#1383 = LINE ( 'NONE', #1103, #1161 ) ;
#1384 = EDGE_LOOP ( 'NONE', ( #2083, #478, #948, #3515 ) ) ;
#1385 = DIRECTION ( 'NONE',  ( -1.000000000000000000, 0.000000000000000000, 0.000000000000000000 ) ) ;
#1386 = CARTESIAN_POINT ( 'NONE',  ( 31.50000000000015277, 27.74341649025280532, 40.98024947075768409 ) ) ;
#1387 = CARTESIAN_POINT ( 'NONE',  ( -27.50000000000007105, 28.00000000000001421, 53.75000000000002132 ) ) ;
#1388 = CIRCLE ( 'NONE', #2282, 0.5000000000000004441 ) ;
#1389 =( GEOMETRIC_REPRESENTATION_CONTEXT ( 3 ) GLOBAL_UNCERTAINTY_ASSIGNED_CONTEXT ( ( #1472 ) ) GLOBAL_UNIT_ASSIGNED_CONTEXT ( ( #2269, #479, #2582 ) ) REPRESENTATION_CONTEXT ( 'NONE', 'WORKASPACE' ) );
#1390 = DIRECTION ( 'NONE',  ( 0.000000000000000000, -1.000000000000000000, -2.775557561562890957E-15 ) ) ;
#1391 = CIRCLE ( 'NONE', #1976, 2.750000000000002665 ) ;
#1392 = VECTOR ( 'NONE', #2769, 1000.000000000000000 ) ;
#1393 = CARTESIAN_POINT ( 'NONE',  ( 29.50000000000002842, 2.499999999999967581, 49.74999999999998579 ) ) ;
#1394 = ORIENTED_EDGE ( 'NONE', *, *, #3370, .T. ) ;
#1395 = EDGE_CURVE ( 'NONE', #28, #744, #1305, .T. ) ;
#1396 = B_SPLINE_CURVE_WITH_KNOTS ( 'NONE', 1,
 ( #1397, #1106 ),
 .UNSPECIFIED., .F., .F.,
 ( 2, 2 ),
 ( 0.000000000000000000, 1.000000000000000000 ),
 .UNSPECIFIED. ) ;
#1397 = CARTESIAN_POINT ( 'NONE',  ( 29.50000000000002842, 2.499999999999967581, 49.74999999999998579 ) ) ;
#1398 = DIRECTION ( 'NONE',  ( 0.000000000000000000, 0.000000000000000000, -1.000000000000000000 ) ) ;
#1399 = ORIENTED_EDGE ( 'NONE', *, *, #2740, .T. ) ;
#1400 = DIRECTION ( 'NONE',  ( 0.000000000000000000, 1.000000000000000000, 0.000000000000000000 ) ) ;
#1401 = CARTESIAN_POINT ( 'NONE',  ( -31.42658397410826154, 2.087244099411306397, 50.54428135493261465 ) ) ;
#1402 = EDGE_CURVE ( 'NONE', #1563, #3464, #3456, .T. ) ;
#1403 = EDGE_CURVE ( 'NONE', #1377, #519, #2409, .T. ) ;
#1404 = PLANE ( 'NONE',  #3117 ) ;
#1405 = DIRECTION ( 'NONE',  ( -1.000000000000000000, -3.491481338843133355E-15, 1.005636797667714286E-16 ) ) ;
#1406 = VERTEX_POINT ( 'NONE', #3566 ) ;
#1407 = CARTESIAN_POINT ( 'NONE',  ( -27.50000000000000711, -2.000000000000000000, -17.75000000000000355 ) ) ;
#1408 = ORIENTED_EDGE ( 'NONE', *, *, #1018, .T. ) ;
#1409 = ORIENTED_EDGE ( 'NONE', *, *, #3063, .T. ) ;
#1410 = CARTESIAN_POINT ( 'NONE',  ( 27.25000000000001066, 1.566987298107739290, 53.74999999999999289 ) ) ;
#1411 = DIRECTION ( 'NONE',  ( -4.163336342344336238E-15, -1.000000000000000000, -4.163336342344336238E-15 ) ) ;
#1412 = CARTESIAN_POINT ( 'NONE',  ( 28.06936486070884129, 0.08275623474999571627, 49.74999999999998579 ) ) ;
#1413 = ORIENTED_EDGE ( 'NONE', *, *, #3268, .T. ) ;
#1414 = CARTESIAN_POINT ( 'NONE',  ( 27.78767383396826673, 2.249999999999985789, 51.72920281054014424 ) ) ;
#1415 = PLANE ( 'NONE',  #2492 ) ;
#1416 = ORIENTED_EDGE ( 'NONE', *, *, #800, .T. ) ;
#1417 = CARTESIAN_POINT ( 'NONE',  ( 27.50000000000000000, -2.000000000000019096, -47.75000000000000711 ) ) ;
#1418 = VERTEX_POINT ( 'NONE', #1457 ) ;
#1419 = ORIENTED_EDGE ( 'NONE', *, *, #2854, .T. ) ;
#1420 = LINE ( 'NONE', #3611, #3206 ) ;
#1421 = PLANE ( 'NONE',  #248 ) ;
#1422 = EDGE_CURVE ( 'NONE', #2462, #3029, #983, .T. ) ;
#1423 = ORIENTED_EDGE ( 'NONE', *, *, #2272, .T. ) ;
#1424 = CARTESIAN_POINT ( 'NONE',  ( 27.64041001218938831, 2.455620050402127053, 51.74999999999999289 ) ) ;
#1425 = CYLINDRICAL_SURFACE ( 'NONE', #278, 4.999999999999997335 ) ;
#1426 = PLANE ( 'NONE',  #2794 ) ;
#1427 = DIRECTION ( 'NONE',  ( 0.000000000000000000, 0.000000000000000000, 1.000000000000000000 ) ) ;
#1428 = AXIS2_PLACEMENT_3D ( 'NONE', #2102, #2730, #3053 ) ;
#1429 = LINE ( 'NONE', #3161, #38 ) ;
#1430 = VERTEX_POINT ( 'NONE', #869 ) ;
#1431 = FACE_OUTER_BOUND ( 'NONE', #1474, .T. ) ;
#1432 = ORIENTED_EDGE ( 'NONE', *, *, #1331, .F. ) ;
#1433 = CARTESIAN_POINT ( 'NONE',  ( -27.49999999999991473, 2.000000000000015543, 53.74999999999999289 ) ) ;
#1434 = AXIS2_PLACEMENT_3D ( 'NONE', #2043, #1120, #3563 ) ;
#1435 = FACE_OUTER_BOUND ( 'NONE', #1196, .T. ) ;
#1436 = DIRECTION ( 'NONE',  ( 0.000000000000000000, 0.000000000000000000, -1.000000000000000000 ) ) ;
#1437 = CYLINDRICAL_SURFACE ( 'NONE', #2105, 0.5000000000000004441 ) ;
#1438 = DIRECTION ( 'NONE',  ( -1.486905836551548832E-16, 0.000000000000000000, -1.000000000000000000 ) ) ;
#1439 = CARTESIAN_POINT ( 'NONE',  ( 29.48670284159810606, 1.763926557851441146, 49.37769926255495534 ) ) ;
#1440 = ORIENTED_EDGE ( 'NONE', *, *, #1068, .F. ) ;
#1441 = LINE ( 'NONE', #3815, #890 ) ;
#1442 = ORIENTED_EDGE ( 'NONE', *, *, #3036, .F. ) ;
#1443 = ORIENTED_EDGE ( 'NONE', *, *, #516, .T. ) ;
#1444 = EDGE_CURVE ( 'NONE', #3828, #2790, #2074, .T. ) ;
#1445 = ADVANCED_FACE ( 'NONE', ( #41 ), #591, .F. ) ;
#1446 = VERTEX_POINT ( 'NONE', #36 ) ;
#1447 = CARTESIAN_POINT ( 'NONE',  ( -22.65000000000008029, 14.00000000000000355, 51.74999999999999289 ) ) ;
#1448 = CARTESIAN_POINT ( 'NONE',  ( 27.50000000000001066, 0.000000000000000000, 50.61602540378441972 ) ) ;
#1449 = ORIENTED_EDGE ( 'NONE', *, *, #2882, .F. ) ;
#1450 = ORIENTED_EDGE ( 'NONE', *, *, #242, .T. ) ;
#1451 = EDGE_CURVE ( 'NONE', #2341, #518, #3294, .T. ) ;
#1452 = CARTESIAN_POINT ( 'NONE',  ( 29.47170277948223216, 2.127699262554969106, 50.08927422578794619 ) ) ;
#1453 = AXIS2_PLACEMENT_3D ( 'NONE', #2895, #3227, #499 ) ;
#1454 = VERTEX_POINT ( 'NONE', #2129 ) ;
#1455 = DIRECTION ( 'NONE',  ( 0.000000000000000000, 1.000000000000000000, 0.000000000000000000 ) ) ;
#1456 = ORIENTED_EDGE ( 'NONE', *, *, #2875, .T. ) ;
#1457 = CARTESIAN_POINT ( 'NONE',  ( 27.50000000000000355, 0.000000000000000000, -19.11602540378446591 ) ) ;
#1458 = CARTESIAN_POINT ( 'NONE',  ( -27.49999999999998934, 0.000000000000000000, -17.75000000000000355 ) ) ;
#1459 = VECTOR ( 'NONE', #657, 1000.000000000000000 ) ;
#1460 = DIRECTION ( 'NONE',  ( -2.523234146875353040E-16, 6.982962677686266711E-15, -1.000000000000000000 ) ) ;
#1461 = CARTESIAN_POINT ( 'NONE',  ( 12.50000000000010836, 0.1000000000000790534, 51.75000000000010658 ) ) ;
#1462 = ORIENTED_EDGE ( 'NONE', *, *, #3877, .F. ) ;
#1463 = CARTESIAN_POINT ( 'NONE',  ( -29.49999999999998579, 1.999999999999999556, 49.25000000000001421 ) ) ;
#1464 = FACE_OUTER_BOUND ( 'NONE', #1241, .T. ) ;
#1465 = FILL_AREA_STYLE ('',( #3767 ) ) ;
#1466 = ADVANCED_FACE ( 'NONE', ( #3127 ), #3273, .F. ) ;
#1467 = EDGE_LOOP ( 'NONE', ( #3445, #793, #1209, #138 ) ) ;
#1468 = EDGE_CURVE ( 'NONE', #2790, #39, #259, .T. ) ;
#1469 = DIRECTION ( 'NONE',  ( 1.000000000000000000, 0.000000000000000000, 0.000000000000000000 ) ) ;
#1470 = VECTOR ( 'NONE', #1770, 1000.000000000000000 ) ;
#1471 = DIRECTION ( 'NONE',  ( -0.000000000000000000, -1.000000000000000000, -0.000000000000000000 ) ) ;
#1472 = UNCERTAINTY_MEASURE_WITH_UNIT (LENGTH_MEASURE( 1.000000000000000082E-05 ), #2269, 'distance_accuracy_value', 'NONE');
#1473 = DIRECTION ( 'NONE',  ( -3.673532066774414003E-15, -2.668805347656641469E-16, -1.000000000000000000 ) ) ;
#1474 = EDGE_LOOP ( 'NONE', ( #2497, #737, #1231, #3396 ) ) ;
#1475 = CIRCLE ( 'NONE', #1453, 2.000000000000001776 ) ;
#1476 = B_SPLINE_CURVE_WITH_KNOTS ( 'NONE', 1,
 ( #3124, #3431 ),
 .UNSPECIFIED., .F., .F.,
 ( 2, 2 ),
 ( 0.000000000000000000, 1.000000000000000000 ),
 .UNSPECIFIED. ) ;
#1477 = CARTESIAN_POINT ( 'NONE',  ( -31.50000000000005684, 28.00000000000001776, 42.56138830084188385 ) ) ;
#1478 = EDGE_CURVE ( 'NONE', #754, #3070, #2662, .T. ) ;
#1479 = DIRECTION ( 'NONE',  ( 2.563797941968288368E-29, -6.960928290796746755E-15, -1.000000000000000000 ) ) ;
#1480 = CARTESIAN_POINT ( 'NONE',  ( 27.00000000000000355, -2.000000000000000000, -19.11602540378445170 ) ) ;
#1481 = AXIS2_PLACEMENT_3D ( 'NONE', #3554, #2663, #871 ) ;
#1482 = VECTOR ( 'NONE', #1525, 1000.000000000000000 ) ;
#1483 = CYLINDRICAL_SURFACE ( 'NONE', #745, 5.000000000000000000 ) ;
#1484 = VECTOR ( 'NONE', #1721, 1000.000000000000000 ) ;
#1485 = CYLINDRICAL_SURFACE ( 'NONE', #532, 0.5000000000000004441 ) ;
#1486 = AXIS2_PLACEMENT_3D ( 'NONE', #3549, #211, #2013 ) ;
#1487 = ADVANCED_FACE ( 'NONE', ( #2522 ), #3769, .T. ) ;
#1488 = CARTESIAN_POINT ( 'NONE',  ( 31.50000000000011724, 28.00000000000001776, -6.160084308274602359E-15 ) ) ;
#1489 = EDGE_LOOP ( 'NONE', ( #3425, #892, #1296, #2699 ) ) ;
#1490 = CARTESIAN_POINT ( 'NONE',  ( 27.85642964100898311, -1.990224991887377337, 49.33725574114899359 ) ) ;
#1491 = CARTESIAN_POINT ( 'NONE',  ( -28.63872972141769324, -1.834487530499993468, 49.75000000000001421 ) ) ;
#1492 = ORIENTED_EDGE ( 'NONE', *, *, #2044, .F. ) ;
#1493 = DIRECTION ( 'NONE',  ( -0.000000000000000000, -1.391890058344115830E-29, -1.000000000000000000 ) ) ;
#1494 = CARTESIAN_POINT ( 'NONE',  ( 31.50000000000019540, 4.396203899719616004, -18.25000000000000355 ) ) ;
#1495 = CARTESIAN_POINT ( 'NONE',  ( 27.50000000000001066, 2.000000000000000000, 49.74999999999998579 ) ) ;
#1496 = EDGE_LOOP ( 'NONE', ( #179, #3122, #2227, #2148 ) ) ;
#1497 = DIRECTION ( 'NONE',  ( 2.523234146875355505E-16, -3.469446951953614189E-15, 1.000000000000000000 ) ) ;
#1498 = EDGE_CURVE ( 'NONE', #926, #848, #3604, .T. ) ;
#1499 = ORIENTED_EDGE ( 'NONE', *, *, #97, .T. ) ;
#1500 = CARTESIAN_POINT ( 'NONE',  ( -27.93476475048455043, 0.04278397123386309953, -18.20562005040220654 ) ) ;
#1501 = ORIENTED_EDGE ( 'NONE', *, *, #3289, .F. ) ;
#1502 = CARTESIAN_POINT ( 'NONE',  ( 27.78767383396826673, 0.02079718945985744097, -18.00000000000001066 ) ) ;
#1503 = EDGE_LOOP ( 'NONE', ( #2702, #1001, #2692, #2896 ) ) ;
#1504 = EDGE_CURVE ( 'NONE', #2953, #1279, #1076, .T. ) ;
#1505 = ADVANCED_FACE ( 'NONE', ( #698 ), #886, .F. ) ;
#1506 = VERTEX_POINT ( 'NONE', #1799 ) ;
#1507 = AXIS2_PLACEMENT_3D ( 'NONE', #3126, #696, #2223 ) ;
#1508 = EDGE_CURVE ( 'NONE', #135, #3590, #2802, .T. ) ;
#1509 = CARTESIAN_POINT ( 'NONE',  ( 19.99999999999981526, 14.00000000000003908, 53.75000000000011369 ) ) ;
#1510 = ORIENTED_EDGE ( 'NONE', *, *, #3460, .T. ) ;
#1511 = DIRECTION ( 'NONE',  ( 3.202566417187969369E-15, -1.000000000000000000, 2.668805347656792832E-16 ) ) ;
#1512 = FACE_OUTER_BOUND ( 'NONE', #2195, .T. ) ;
#1513 = CARTESIAN_POINT ( 'NONE',  ( 29.41724376525001006, 1.430635139291144275, 49.74999999999998579 ) ) ;
#1514 = CARTESIAN_POINT ( 'NONE',  ( -31.45840562108024585, 2.250000000000022649, 50.32534766793654768 ) ) ;
#1515 = CARTESIAN_POINT ( 'NONE',  ( 27.89713495427928436, 0.03670718109014299568, -18.16274739132299487 ) ) ;
#1516 = CARTESIAN_POINT ( 'NONE',  ( 27.99096560134046285, 2.003919647312264463, 51.69052603336792373 ) ) ;
#1517 = ORIENTED_EDGE ( 'NONE', *, *, #2558, .T. ) ;
#1518 = FACE_OUTER_BOUND ( 'NONE', #10, .T. ) ;
#1519 = ORIENTED_EDGE ( 'NONE', *, *, #1395, .T. ) ;
#1520 = DIRECTION ( 'NONE',  ( 0.000000000000000000, 0.000000000000000000, 1.000000000000000000 ) ) ;
#1521 = EDGE_CURVE ( 'NONE', #2404, #3082, #421, .T. ) ;
#1522 = FACE_OUTER_BOUND ( 'NONE', #3582, .T. ) ;
#1523 = EDGE_LOOP ( 'NONE', ( #1783, #2121, #2628, #3040 ) ) ;
#1524 = ADVANCED_FACE ( 'NONE', ( #3795 ), #2712, .F. ) ;
#1525 = DIRECTION ( 'NONE',  ( 1.676061329446190477E-16, 0.000000000000000000, 1.000000000000000000 ) ) ;
#1526 = EDGE_CURVE ( 'NONE', #3474, #754, #3501, .T. ) ;
#1527 = VECTOR ( 'NONE', #1129, 1000.000000000000000 ) ;
#1528 = ORIENTED_EDGE ( 'NONE', *, *, #679, .F. ) ;
#1529 = CARTESIAN_POINT ( 'NONE',  ( 27.50000000000000355, -2.000000000000000000, -19.11602540378446591 ) ) ;
#1530 = LINE ( 'NONE', #1857, #3709 ) ;
#1531 = LINE ( 'NONE', #1494, #551 ) ;
#1532 = CARTESIAN_POINT ( 'NONE',  ( -29.49999999999999289, 28.00000000000001066, 53.74999999999989342 ) ) ;
#1533 = CARTESIAN_POINT ( 'NONE',  ( -31.49999999999995737, 2.000000000000015543, -18.25000000000000355 ) ) ;
#1534 = AXIS2_PLACEMENT_3D ( 'NONE', #1366, #739, #1066 ) ;
#1535 = CARTESIAN_POINT ( 'NONE',  ( -31.49999999999997158, 2.000000000000008882, -18.25000000000000355 ) ) ;
#1536 = ORIENTED_EDGE ( 'NONE', *, *, #3414, .F. ) ;
#1537 = EDGE_CURVE ( 'NONE', #2431, #660, #1761, .T. ) ;
#1538 = EDGE_LOOP ( 'NONE', ( #2593, #2554 ) ) ;
#1539 = CARTESIAN_POINT ( 'NONE',  ( -28.25915314761180497, -0.5563250203333265365, -18.25000000000000355 ) ) ;
#1540 = DIRECTION ( 'NONE',  ( 0.000000000000000000, 0.000000000000000000, -1.000000000000000000 ) ) ;
#1541 = ORIENTED_EDGE ( 'NONE', *, *, #83, .F. ) ;
#1542 = DIRECTION ( 'NONE',  ( 7.228014483236695816E-17, 1.000000000000000000, 3.469446951953614189E-15 ) ) ;
#1543 = DIRECTION ( 'NONE',  ( 1.000000000000000000, 0.000000000000000000, 0.000000000000000000 ) ) ;
#1544 = DIRECTION ( 'NONE',  ( 9.912705577010326782E-17, 1.982541115402061659E-16, 1.000000000000000000 ) ) ;
#1545 = ORIENTED_EDGE ( 'NONE', *, *, #1308, .T. ) ;
#1546 = CARTESIAN_POINT ( 'NONE',  ( -7.250000000000006217, -41.99999999999997868, -49.75000000000001421 ) ) ;
#1547 = EDGE_CURVE ( 'NONE', #2678, #2665, #1214, .T. ) ;
#1548 = ORIENTED_EDGE ( 'NONE', *, *, #1422, .F. ) ;
#1549 = ADVANCED_FACE ( 'NONE', ( #2475 ), #1311, .T. ) ;
#1550 = ORIENTED_EDGE ( 'NONE', *, *, #1468, .F. ) ;
#1551 = CARTESIAN_POINT ( 'NONE',  ( -26.99999999999991829, 1.133974596215574282, 53.74999999999999289 ) ) ;
#1552 = DIRECTION ( 'NONE',  ( 1.000000000000000000, 3.652049423109162687E-15, 0.000000000000000000 ) ) ;
#1553 = CARTESIAN_POINT ( 'NONE',  ( 17.49999999999999645, -26.70060973342834032, -51.75000000000002132 ) ) ;
#1554 = DIRECTION ( 'NONE',  ( 1.000000000000000000, 3.469446951953611033E-15, 0.000000000000000000 ) ) ;
#1555 = EDGE_CURVE ( 'NONE', #3774, #2678, #2877, .T. ) ;
#1556 = EDGE_CURVE ( 'NONE', #719, #3447, #1898, .T. ) ;
#1557 = VERTEX_POINT ( 'NONE', #3743 ) ;
#1558 = CARTESIAN_POINT ( 'NONE',  ( 22.49999999999999645, -26.70060973342834032, -49.75000000000011369 ) ) ;
#1559 = AXIS2_PLACEMENT_3D ( 'NONE', #643, #2752, #3365 ) ;
#1560 = VERTEX_POINT ( 'NONE', #2542 ) ;
#1561 = DIRECTION ( 'NONE',  ( -1.000000000000000000, 0.000000000000000000, 0.000000000000000000 ) ) ;
#1562 = CARTESIAN_POINT ( 'NONE',  ( 12.50000000000010836, 0.1000000000000790534, 51.75000000000010658 ) ) ;
#1563 = VERTEX_POINT ( 'NONE', #1553 ) ;
#1564 = AXIS2_PLACEMENT_3D ( 'NONE', #2889, #837, #2670 ) ;
#1565 = CIRCLE ( 'NONE', #2235, 0.5000000000000004441 ) ;
#1566 = CARTESIAN_POINT ( 'NONE',  ( 27.50000000000001066, -2.000000000000000000, 49.25000000000001421 ) ) ;
#1567 = CARTESIAN_POINT ( 'NONE',  ( 31.50000000000022382, 4.396203899719608899, -13.25000000000001243 ) ) ;
#1568 = VERTEX_POINT ( 'NONE', #752 ) ;
#1569 = ADVANCED_FACE ( 'NONE', ( #313 ), #2567, .T. ) ;
#1570 = FACE_OUTER_BOUND ( 'NONE', #2109, .T. ) ;
#1571 = CARTESIAN_POINT ( 'NONE',  ( 27.00000000000001066, -2.000000000000000000, 51.75000000000000711 ) ) ;
#1572 = CARTESIAN_POINT ( 'NONE',  ( -20.00000000000008171, 14.00000000000000355, 53.74999999999999289 ) ) ;
#1573 = VERTEX_POINT ( 'NONE', #3443 ) ;
#1574 = DIRECTION ( 'NONE',  ( 2.523234146875355505E-16, -3.469446951953614189E-15, 1.000000000000000000 ) ) ;
#1575 = LINE ( 'NONE', #3836, #1252 ) ;
#1576 = LINE ( 'NONE', #3032, #1855 ) ;
#1577 = EDGE_CURVE ( 'NONE', #3044, #202, #2613, .T. ) ;
#1578 = LINE ( 'NONE', #1571, #790 ) ;
#1579 = CARTESIAN_POINT ( 'NONE',  ( -12.49999999999991473, 0.1000000000000547673, 51.74999999999999289 ) ) ;
#1580 = FACE_OUTER_BOUND ( 'NONE', #3698, .T. ) ;
#1581 = DIRECTION ( 'NONE',  ( 2.257378055409324330E-32, -1.000000000000000000, 1.239088197126287119E-16 ) ) ;
#1582 = DIRECTION ( 'NONE',  ( 3.390917659076337669E-15, -6.960928290796758588E-15, -1.000000000000000000 ) ) ;
#1583 = AXIS2_PLACEMENT_3D ( 'NONE', #270, #860, #888 ) ;
#1584 = VERTEX_POINT ( 'NONE', #1643 ) ;
#1585 = VECTOR ( 'NONE', #3380, 1000.000000000000000 ) ;
#1586 = CARTESIAN_POINT ( 'NONE',  ( 22.64999999999981739, 14.00000000000003908, 51.75000000000011369 ) ) ;
#1587 = ORIENTED_EDGE ( 'NONE', *, *, #3343, .F. ) ;
#1588 = ADVANCED_FACE ( 'NONE', ( #3413 ), #3373, .F. ) ;
#1589 = AXIS2_PLACEMENT_3D ( 'NONE', #1655, #2532, #1980 ) ;
#1590 = PLANE ( 'NONE',  #973 ) ;
#1591 = ORIENTED_EDGE ( 'NONE', *, *, #1356, .F. ) ;
#1592 = CARTESIAN_POINT ( 'NONE',  ( -20.00000000000008171, 14.00000000000000355, 51.74999999999999289 ) ) ;
#1593 = VERTEX_POINT ( 'NONE', #1097 ) ;
#1594 = AXIS2_PLACEMENT_3D ( 'NONE', #2142, #2474, #3060 ) ;
#1595 = EDGE_CURVE ( 'NONE', #1204, #3048, #3180, .T. ) ;
#1596 = ORIENTED_EDGE ( 'NONE', *, *, #55, .F. ) ;
#1597 = EDGE_CURVE ( 'NONE', #3433, #170, #1816, .T. ) ;
#1598 = DIRECTION ( 'NONE',  ( 0.000000000000000000, -1.000000000000000000, 0.000000000000000000 ) ) ;
#1599 = DIRECTION ( 'NONE',  ( 9.690807431081786425E-31, -3.491481338843133355E-15, 1.000000000000000000 ) ) ;
#1600 = ORIENTED_EDGE ( 'NONE', *, *, #876, .T. ) ;
#1601 = EDGE_LOOP ( 'NONE', ( #806, #2168, #718, #2384 ) ) ;
#1602 = EDGE_CURVE ( 'NONE', #1966, #575, #2885, .T. ) ;
#1603 = ORIENTED_EDGE ( 'NONE', *, *, #146, .F. ) ;
#1604 = CARTESIAN_POINT ( 'NONE',  ( -27.85642964100895114, 2.412744258850977097, 53.74022499188738777 ) ) ;
#1605 = ORIENTED_EDGE ( 'NONE', *, *, #2202, .T. ) ;
#1606 = CARTESIAN_POINT ( 'NONE',  ( 27.50000000000001776, 2.499999999999953815, 51.74999999999999289 ) ) ;
#1607 = EDGE_CURVE ( 'NONE', #244, #3433, #3033, .T. ) ;
#1608 = EDGE_CURVE ( 'NONE', #218, #2423, #1208, .T. ) ;
#1609 = EDGE_LOOP ( 'NONE', ( #2915, #1085, #3546, #2988, #189, #3871, #112, #1044 ) ) ;
#1610 = DIRECTION ( 'NONE',  ( 0.000000000000000000, 0.000000000000000000, 1.000000000000000000 ) ) ;
#1611 = AXIS2_PLACEMENT_3D ( 'NONE', #808, #232, #2897 ) ;
#1612 = ORIENTED_EDGE ( 'NONE', *, *, #2758, .T. ) ;
#1613 = VECTOR ( 'NONE', #1013, 1000.000000000000000 ) ;
#1614 = DIRECTION ( 'NONE',  ( -3.342790755187979138E-15, 5.814371201817156764E-30, 1.000000000000000000 ) ) ;
#1615 = ORIENTED_EDGE ( 'NONE', *, *, #453, .T. ) ;
#1616 = LINE ( 'NONE', #3436, #1065 ) ;
#1617 = DIRECTION ( 'NONE',  ( 1.000000000000000000, -3.469446951953611033E-15, 0.000000000000000000 ) ) ;
#1618 = CARTESIAN_POINT ( 'NONE',  ( -27.50000000000000711, -2.000000000000019096, -47.75000000000000711 ) ) ;
#1619 = CARTESIAN_POINT ( 'NONE',  ( -31.49999999999998579, 1.836318207823838256, 49.25392240781573605 ) ) ;
#1620 = DIRECTION ( 'NONE',  ( -2.775557561562890957E-15, -1.000000000000000000, -2.775557561562890957E-15 ) ) ;
#1621 = LINE ( 'NONE', #2080, #828 ) ;
#1622 = ORIENTED_EDGE ( 'NONE', *, *, #3003, .T. ) ;
#1623 = VECTOR ( 'NONE', #524, 1000.000000000000000 ) ;
#1624 = CARTESIAN_POINT ( 'NONE',  ( 29.50000000000003908, 2.499999999999981348, 49.74999999999999289 ) ) ;
#1625 = CARTESIAN_POINT ( 'NONE',  ( 27.50000000000000000, 0.000000000000000000, -51.75000000000000711 ) ) ;
#1626 = FACE_OUTER_BOUND ( 'NONE', #3245, .T. ) ;
#1627 = EDGE_CURVE ( 'NONE', #2213, #2261, #2657, .T. ) ;
#1628 = CYLINDRICAL_SURFACE ( 'NONE', #1676, 0.5000000000000004441 ) ;
#1629 = PLANE ( 'NONE',  #3286 ) ;
#1630 = ORIENTED_EDGE ( 'NONE', *, *, #2804, .F. ) ;
#1631 = AXIS2_PLACEMENT_3D ( 'NONE', #2383, #1158, #576 ) ;
#1632 = CARTESIAN_POINT ( 'NONE',  ( -27.00000000000000000, -2.000000000000000000, -19.11602540378443749 ) ) ;
#1633 = CARTESIAN_POINT ( 'NONE',  ( -26.46311994552300817, -13.34794407082009471, -49.75000000000001421 ) ) ;
#1634 = EDGE_CURVE ( 'NONE', #1563, #968, #1346, .T. ) ;
#1635 = VERTEX_POINT ( 'NONE', #1533 ) ;
#1636 = CARTESIAN_POINT ( 'NONE',  ( 31.50000000000012434, 28.00000000000002487, 42.56138830084122304 ) ) ;
#1637 = EDGE_LOOP ( 'NONE', ( #2232, #2446, #3392, #340 ) ) ;
#1638 = CARTESIAN_POINT ( 'NONE',  ( 28.48192317175410437, 2.003919848069263487, 53.63105445168427821 ) ) ;
#1639 = AXIS2_PLACEMENT_3D ( 'NONE', #198, #1741, #824 ) ;
#1640 = EDGE_CURVE ( 'NONE', #2852, #3556, #1576, .T. ) ;
#1641 = ORIENTED_EDGE ( 'NONE', *, *, #3684, .T. ) ;
#1642 = VERTEX_POINT ( 'NONE', #1793 ) ;
#1643 = CARTESIAN_POINT ( 'NONE',  ( -27.49999999999998934, 0.000000000000000000, 50.61602540378445525 ) ) ;
#1644 = PLANE ( 'NONE',  #647 ) ;
#1645 = ORIENTED_EDGE ( 'NONE', *, *, #937, .F. ) ;
#1646 = ORIENTED_EDGE ( 'NONE', *, *, #2912, .F. ) ;
#1647 = CARTESIAN_POINT ( 'NONE',  ( 29.41724376525001006, 1.430635139291144053, 49.74999999999998579 ) ) ;
#1648 = EDGE_CURVE ( 'NONE', #1353, #567, #980, .T. ) ;
#1649 = ORIENTED_EDGE ( 'NONE', *, *, #764, .T. ) ;
#1650 = LINE ( 'NONE', #1379, #2502 ) ;
#1651 = DIRECTION ( 'NONE',  ( 8.809824937347078250E-31, 1.000000000000000000, 3.491481338843133355E-15 ) ) ;
#1652 = EDGE_CURVE ( 'NONE', #3608, #2213, #2140, .T. ) ;
#1653 = ORIENTED_EDGE ( 'NONE', *, *, #3376, .F. ) ;
#1654 = CYLINDRICAL_SURFACE ( 'NONE', #447, 0.5000000000000004441 ) ;
#1655 = CARTESIAN_POINT ( 'NONE',  ( 14.99999999999998934, -14.99999999999998579, -59.75000000000002132 ) ) ;
#1656 = CARTESIAN_POINT ( 'NONE',  ( -31.49999999999997158, 4.396203899719391295, -18.25000000000000355 ) ) ;
#1657 = ORIENTED_EDGE ( 'NONE', *, *, #989, .F. ) ;
#1658 = CARTESIAN_POINT ( 'NONE',  ( -29.47920281054010161, 2.250000000000029754, 50.03767383396828450 ) ) ;
#1659 = AXIS2_PLACEMENT_3D ( 'NONE', #254, #2356, #2385 ) ;
#1660 = LINE ( 'NONE', #1625, #1613 ) ;
#1661 = CARTESIAN_POINT ( 'NONE',  ( 17.49999999999999645, -24.99999999999998224, -51.75000000000002132 ) ) ;
#1662 = CIRCLE ( 'NONE', #1782, 0.5000000000000004441 ) ;
#1663 = DIRECTION ( 'NONE',  ( 1.000000000000000000, -3.491481338843133355E-15, 0.000000000000000000 ) ) ;
#1664 = FACE_OUTER_BOUND ( 'NONE', #617, .T. ) ;
#1665 = CARTESIAN_POINT ( 'NONE',  ( 27.58178329828408692, -3.376326787056551448E-17, 49.25391964731220895 ) ) ;
#1666 = LINE ( 'NONE', #897, #1355 ) ;
#1667 = VECTOR ( 'NONE', #2174, 1000.000000000000000 ) ;
#1668 = EDGE_CURVE ( 'NONE', #3014, #3637, #2568, .T. ) ;
#1669 = ADVANCED_FACE ( 'NONE', ( #3548 ), #1755, .T. ) ;
#1670 = CARTESIAN_POINT ( 'NONE',  ( 27.50000000000001066, -2.000000000000000000, 50.61602540378441972 ) ) ;
#1671 = EDGE_LOOP ( 'NONE', ( #1528, #1363, #2069, #3875 ) ) ;
#1672 = VECTOR ( 'NONE', #3784, 1000.000000000000000 ) ;
#1673 = EDGE_CURVE ( 'NONE', #3318, #2338, #546, .T. ) ;
#1674 = ORIENTED_EDGE ( 'NONE', *, *, #3484, .T. ) ;
#1675 = ORIENTED_EDGE ( 'NONE', *, *, #1039, .T. ) ;
#1676 = AXIS2_PLACEMENT_3D ( 'NONE', #1856, #645, #3324 ) ;
#1677 = DIRECTION ( 'NONE',  ( 1.000000000000000000, 0.000000000000000000, 0.000000000000000000 ) ) ;
#1678 = DIRECTION ( 'NONE',  ( 0.000000000000000000, 0.000000000000000000, -1.000000000000000000 ) ) ;
#1679 = DIRECTION ( 'NONE',  ( -1.000000000000000000, 0.000000000000000000, -0.000000000000000000 ) ) ;
#1680 = ORIENTED_EDGE ( 'NONE', *, *, #1595, .F. ) ;
#1681 = DIRECTION ( 'NONE',  ( -3.614007241618348278E-16, -1.000000000000000000, -3.469446951953614189E-15 ) ) ;
#1682 = AXIS2_PLACEMENT_3D ( 'NONE', #2114, #2724, #2970 ) ;
#1683 = CARTESIAN_POINT ( 'NONE',  ( 17.50000000000008527, 23.00000000000006395, 53.75000000000002842 ) ) ;
#1684 = ORIENTED_EDGE ( 'NONE', *, *, #598, .T. ) ;
#1685 = CARTESIAN_POINT ( 'NONE',  ( -28.63872972141771100, -1.834487530499990804, -18.25000000000000355 ) ) ;
#1686 = ORIENTED_EDGE ( 'NONE', *, *, #83, .T. ) ;
#1687 = DIRECTION ( 'NONE',  ( -2.523234146875355505E-16, 3.469446951953614189E-15, -1.000000000000000000 ) ) ;
#1688 = ORIENTED_EDGE ( 'NONE', *, *, #2413, .T. ) ;
#1689 = CARTESIAN_POINT ( 'NONE',  ( 27.49999999999999645, -4.000000000000019540, -47.75000000000000711 ) ) ;
#1690 = EDGE_LOOP ( 'NONE', ( #559, #3437, #314, #1449 ) ) ;
#1691 = DIRECTION ( 'NONE',  ( 0.000000000000000000, 0.000000000000000000, 1.000000000000000000 ) ) ;
#1692 = EDGE_CURVE ( 'NONE', #2079, #1568, #1303, .T. ) ;
#1693 = VECTOR ( 'NONE', #515, 1000.000000000000000 ) ;
#1694 = DIRECTION ( 'NONE',  ( -3.590608394613237745E-15, -2.668805347656641469E-16, -1.000000000000000000 ) ) ;
#1695 = EDGE_LOOP ( 'NONE', ( #1645, #2950, #1082, #1984 ) ) ;
#1696 = DIRECTION ( 'NONE',  ( -0.000000000000000000, 1.000000000000000000, -0.000000000000000000 ) ) ;
#1697 = DIRECTION ( 'NONE',  ( 1.000000000000000000, 0.000000000000000000, -0.000000000000000000 ) ) ;
#1698 = AXIS2_PLACEMENT_3D ( 'NONE', #3, #2403, #1817 ) ;
#1699 = VERTEX_POINT ( 'NONE', #2839 ) ;
#1700 = EDGE_CURVE ( 'NONE', #1045, #3046, #1900, .T. ) ;
#1701 = CYLINDRICAL_SURFACE ( 'NONE', #2056, 0.5000000000000004441 ) ;
#1702 = ORIENTED_EDGE ( 'NONE', *, *, #2758, .F. ) ;
#1703 = CARTESIAN_POINT ( 'NONE',  ( -27.50000000000000000, 0.000000000000000000, -18.25000000000000355 ) ) ;
#1704 = VECTOR ( 'NONE', #3252, 1000.000000000000000 ) ;
#1705 = ORIENTED_EDGE ( 'NONE', *, *, #3701, .T. ) ;
#1706 = CARTESIAN_POINT ( 'NONE',  ( -27.49999999999998934, 0.000000000000000000, -17.75000000000000355 ) ) ;
#1707 = CARTESIAN_POINT ( 'NONE',  ( -29.47920281054012293, 1.712326166031732821, 49.50000000000001421 ) ) ;
#1708 = CYLINDRICAL_SURFACE ( 'NONE', #3303, 0.5000000000000004441 ) ;
#1709 = ORIENTED_EDGE ( 'NONE', *, *, #2545, .F. ) ;
#1710 =( GEOMETRIC_REPRESENTATION_CONTEXT ( 3 ) GLOBAL_UNCERTAINTY_ASSIGNED_CONTEXT ( ( #1190 ) ) GLOBAL_UNIT_ASSIGNED_CONTEXT ( ( #1750, #2343, #2037 ) ) REPRESENTATION_CONTEXT ( 'NONE', 'WORKASPACE' ) );
#1711 = VERTEX_POINT ( 'NONE', #537 ) ;
#1712 = FACE_OUTER_BOUND ( 'NONE', #2633, .T. ) ;
#1713 = ORIENTED_EDGE ( 'NONE', *, *, #3343, .T. ) ;
#1714 = CARTESIAN_POINT ( 'NONE',  ( -28.36958189906642858, 2.044371311325094531, 53.66441649684254855 ) ) ;
#1715 = CARTESIAN_POINT ( 'NONE',  ( 31.44340295289964260, 2.127678014400000706, 50.42856638136347414 ) ) ;
#1716 = EDGE_CURVE ( 'NONE', #2341, #3735, #2489, .T. ) ;
#1717 = CARTESIAN_POINT ( 'NONE',  ( 27.78059685806469048, 2.455655318933247955, 53.74999999999999289 ) ) ;
#1718 = CARTESIAN_POINT ( 'NONE',  ( 27.50000000000002487, 2.499999999999967581, 51.74999999999999289 ) ) ;
#1719 = ORIENTED_EDGE ( 'NONE', *, *, #349, .F. ) ;
#1720 = EDGE_CURVE ( 'NONE', #2928, #192, #1256, .T. ) ;
#1721 = DIRECTION ( 'NONE',  ( 0.000000000000000000, 0.000000000000000000, 1.000000000000000000 ) ) ;
#1722 = CARTESIAN_POINT ( 'NONE',  ( -27.49999999999998934, 28.00000000000003197, 51.74999999999990763 ) ) ;
#1723 = ORIENTED_EDGE ( 'NONE', *, *, #1526, .F. ) ;
#1724 = DIRECTION ( 'NONE',  ( -0.000000000000000000, 1.000000000000000000, -0.000000000000000000 ) ) ;
#1725 = VERTEX_POINT ( 'NONE', #2411 ) ;
#1726 = AXIS2_PLACEMENT_3D ( 'NONE', #334, #2063, #941 ) ;
#1727 = ORIENTED_EDGE ( 'NONE', *, *, #2527, .T. ) ;
#1728 = CARTESIAN_POINT ( 'NONE',  ( 27.00000000000001066, -2.000000000000000000, 51.25000000000000711 ) ) ;
#1729 = DIRECTION ( 'NONE',  ( -2.488261624748091500E-16, -1.000000000000000000, -1.264411342330346356E-14 ) ) ;
#1730 = VERTEX_POINT ( 'NONE', #604 ) ;
#1731 = CARTESIAN_POINT ( 'NONE',  ( 27.50000000000000000, -2.000000000000019096, -47.75000000000000711 ) ) ;
#1732 = APPLICATION_PROTOCOL_DEFINITION ( 'draft international standard', 'automotive_design', 1998, #3271 ) ;
#1733 = ADVANCED_FACE ( 'NONE', ( #3269 ), #1246, .T. ) ;
#1734 = EDGE_LOOP ( 'NONE', ( #3768, #610, #3632, #3844 ) ) ;
#1735 = LINE ( 'NONE', #3703, #1057 ) ;
#1736 = EDGE_CURVE ( 'NONE', #636, #926, #2086, .T. ) ;
#1737 = DIRECTION ( 'NONE',  ( 0.000000000000000000, 0.000000000000000000, 1.000000000000000000 ) ) ;
#1738 = DIRECTION ( 'NONE',  ( 0.000000000000000000, -1.000000000000000000, -2.775557561562892929E-15 ) ) ;
#1739 = CARTESIAN_POINT ( 'NONE',  ( 27.78767383396826318, 0.02079718945985613993, 49.49999999999998579 ) ) ;
#1740 = VERTEX_POINT ( 'NONE', #700 ) ;
#1741 = DIRECTION ( 'NONE',  ( 3.265361837132811220E-15, -6.928635889290636899E-30, -1.000000000000000000 ) ) ;
#1742 = LINE ( 'NONE', #683, #2647 ) ;
#1743 = B_SPLINE_CURVE_WITH_KNOTS ( 'NONE', 1,
 ( #3120, #1339 ),
 .UNSPECIFIED., .F., .F.,
 ( 2, 2 ),
 ( 0.000000000000000000, 1.000000000000000000 ),
 .UNSPECIFIED. ) ;
#1744 = CARTESIAN_POINT ( 'NONE',  ( 27.78767383396826318, 0.02079718945985613993, 49.49999999999998579 ) ) ;
#1745 = EDGE_CURVE ( 'NONE', #3526, #2600, #3657, .T. ) ;
#1746 = EDGE_LOOP ( 'NONE', ( #1178, #3240, #1657, #2865 ) ) ;
#1747 = FACE_OUTER_BOUND ( 'NONE', #1848, .T. ) ;
#1748 = CARTESIAN_POINT ( 'NONE',  ( -27.85641398094036703, -1.990227268052282339, -17.83724409941122246 ) ) ;
#1749 = CARTESIAN_POINT ( 'NONE',  ( 28.07534766793652992, -1.958405621080285153, -18.00000000000001066 ) ) ;
#1750 =( LENGTH_UNIT ( ) NAMED_UNIT ( * ) SI_UNIT ( .MILLI., .METRE. ) );
#1751 = VECTOR ( 'NONE', #1815, 1000.000000000000000 ) ;
#1752 = ORIENTED_EDGE ( 'NONE', *, *, #3659, .T. ) ;
#1753 = CARTESIAN_POINT ( 'NONE',  ( 26.46311994552299751, -13.34794407082006629, -49.75000000000001421 ) ) ;
#1754 = CARTESIAN_POINT ( 'NONE',  ( -31.33448753049997748, 0.8612702785822918816, 49.75000000000001421 ) ) ;
#1755 = CYLINDRICAL_SURFACE ( 'NONE', #130, 5.000000000000000888 ) ;
#1756 = ORIENTED_EDGE ( 'NONE', *, *, #1673, .T. ) ;
#1757 = CARTESIAN_POINT ( 'NONE',  ( -27.93476475048444030, 2.044379949597839197, 51.70721602876617595 ) ) ;
#1758 = ADVANCED_FACE ( 'NONE', ( #1664 ), #2559, .T. ) ;
#1759 = CIRCLE ( 'NONE', #1631, 5.000000000000000888 ) ;
#1760 = CARTESIAN_POINT ( 'NONE',  ( -27.49999999999998934, 0.000000000000000000, 51.25000000000000711 ) ) ;
#1761 = LINE ( 'NONE', #81, #1117 ) ;
#1762 = CARTESIAN_POINT ( 'NONE',  ( -31.49999999999995737, 2.500000000000023093, 49.75000000000001421 ) ) ;
#1763 = CARTESIAN_POINT ( 'NONE',  ( 29.50000000000003197, 4.396203899719608899, -18.25000000000000355 ) ) ;
#1764 = DIRECTION ( 'NONE',  ( 0.000000000000000000, 0.000000000000000000, -1.000000000000000000 ) ) ;
#1765 = DIRECTION ( 'NONE',  ( -9.874219130371969514E-16, 0.3162277660168379412, 0.9486832980505138790 ) ) ;
#1766 = CARTESIAN_POINT ( 'NONE',  ( -29.46329281890981733, 2.087252608677027332, 50.14713495427928791 ) ) ;
#1767 = ORIENTED_EDGE ( 'NONE', *, *, #3512, .F. ) ;
#1768 = CIRCLE ( 'NONE', #1428, 0.5000000000000004441 ) ;
#1769 = SURFACE_SIDE_STYLE ('',( #2120 ) ) ;
#1770 = DIRECTION ( 'NONE',  ( -1.000000000000000000, 3.265361837132825025E-15, 3.673532066774412425E-15 ) ) ;
#1771 = ORIENTED_EDGE ( 'NONE', *, *, #2881, .F. ) ;
#1772 = ORIENTED_EDGE ( 'NONE', *, *, #2077, .T. ) ;
#1773 = DIRECTION ( 'NONE',  ( 3.390917659076337669E-15, -6.960928290796758588E-15, -1.000000000000000000 ) ) ;
#1774 = DIRECTION ( 'NONE',  ( -1.000000000000000000, 1.459392674658871840E-29, 3.673532066774414003E-15 ) ) ;
#1775 = EDGE_CURVE ( 'NONE', #1804, #3318, #495, .T. ) ;
#1776 = EDGE_LOOP ( 'NONE', ( #1115, #2501, #2907, #3440 ) ) ;
#1777 = B_SPLINE_CURVE_WITH_KNOTS ( 'NONE', 3,
 ( #513, #1128, #302, #1491 ),
 .UNSPECIFIED., .F., .F.,
 ( 4, 4 ),
 ( 0.000000000000000000, 1.000000000000000000 ),
 .UNSPECIFIED. ) ;
#1778 = CARTESIAN_POINT ( 'NONE',  ( 27.50000000000009948, 28.00000000000005329, 53.75000000000000000 ) ) ;
#1779 = ORIENTED_EDGE ( 'NONE', *, *, #859, .T. ) ;
#1780 = CARTESIAN_POINT ( 'NONE',  ( 31.33448753050000590, 0.8612702785822886620, 49.74999999999998579 ) ) ;
#1781 = ADVANCED_FACE ( 'NONE', ( #2033 ), #3792, .F. ) ;
#1782 = AXIS2_PLACEMENT_3D ( 'NONE', #279, #2337, #3842 ) ;
#1783 = ORIENTED_EDGE ( 'NONE', *, *, #318, .T. ) ;
#1784 = CARTESIAN_POINT ( 'NONE',  ( -31.45840562108024585, 2.250000000000022649, 50.32534766793654768 ) ) ;
#1785 = ORIENTED_EDGE ( 'NONE', *, *, #1556, .F. ) ;
#1786 = CARTESIAN_POINT ( 'NONE',  ( 31.49999999999990408, 23.00000000000002132, 42.56138830084122304 ) ) ;
#1787 = DIRECTION ( 'NONE',  ( 0.000000000000000000, 1.667991375171469962E-29, 1.000000000000000000 ) ) ;
#1788 = DIRECTION ( 'NONE',  ( -0.7926239891046005237, 0.6097107608496918907, 0.000000000000000000 ) ) ;
#1789 = AXIS2_PLACEMENT_3D ( 'NONE', #1592, #414, #2500 ) ;
#1790 = DIRECTION ( 'NONE',  ( 1.000000000000000000, 0.000000000000000000, 0.000000000000000000 ) ) ;
#1791 = ORIENTED_EDGE ( 'NONE', *, *, #707, .F. ) ;
#1792 = DIRECTION ( 'NONE',  ( -3.265361837132811220E-15, 6.928635889290636899E-30, 1.000000000000000000 ) ) ;
#1793 = CARTESIAN_POINT ( 'NONE',  ( -17.75000000000000711, -14.99999999999998579, -49.75000000000001421 ) ) ;
#1794 = VECTOR ( 'NONE', #587, 1000.000000000000000 ) ;
#1795 = DIRECTION ( 'NONE',  ( -1.486905836551548832E-16, -0.000000000000000000, -1.000000000000000000 ) ) ;
#1796 = ORIENTED_EDGE ( 'NONE', *, *, #1648, .T. ) ;
#1797 = EDGE_CURVE ( 'NONE', #2146, #491, #746, .T. ) ;
#1798 = CIRCLE ( 'NONE', #2285, 1.999999999999998224 ) ;
#1799 = CARTESIAN_POINT ( 'NONE',  ( 27.50000000000003197, 1.133974596215510111, 53.75000000000011369 ) ) ;
#1800 = CARTESIAN_POINT ( 'NONE',  ( -29.45721602876612977, 1.565235249515463778, 49.70562005040221720 ) ) ;
#1801 = VERTEX_POINT ( 'NONE', #1393 ) ;
#1802 = ADVANCED_FACE ( 'NONE', ( #1431 ), #3764, .T. ) ;
#1803 = CIRCLE ( 'NONE', #3333, 5.000000000000000000 ) ;
#1804 = VERTEX_POINT ( 'NONE', #183 ) ;
#1805 = B_SPLINE_CURVE_WITH_KNOTS ( 'NONE', 1,
 ( #1762, #1235 ),
 .UNSPECIFIED., .F., .F.,
 ( 2, 2 ),
 ( 0.000000000000000000, 1.000000000000000000 ),
 .UNSPECIFIED. ) ;
#1806 = CARTESIAN_POINT ( 'NONE',  ( 27.00000000000002487, 0.6000000000000812461, 51.75000000000010658 ) ) ;
#1807 = EDGE_CURVE ( 'NONE', #848, #3051, #644, .T. ) ;
#1808 = CARTESIAN_POINT ( 'NONE',  ( -27.49999999999998224, 2.000000000000000000, 49.75000000000001421 ) ) ;
#1809 = CYLINDRICAL_SURFACE ( 'NONE', #2594, 5.000000000000000888 ) ;
#1810 = ORIENTED_EDGE ( 'NONE', *, *, #2845, .F. ) ;
#1811 = DIRECTION ( 'NONE',  ( -1.005636797667714286E-16, -0.000000000000000000, -1.000000000000000000 ) ) ;
#1812 = DIRECTION ( 'NONE',  ( 0.000000000000000000, 1.000000000000000000, 0.000000000000000000 ) ) ;
#1813 = CARTESIAN_POINT ( 'NONE',  ( -27.78767383396821344, 2.250000000000019984, 51.72920281054016556 ) ) ;
#1814 = AXIS2_PLACEMENT_3D ( 'NONE', #902, #1792, #1812 ) ;
#1815 = DIRECTION ( 'NONE',  ( 3.469446951953614189E-15, -1.000000000000000000, -0.000000000000000000 ) ) ;
#1816 = LINE ( 'NONE', #1731, #1031 ) ;
#1817 = DIRECTION ( 'NONE',  ( 1.000000000000000000, 0.000000000000000000, 0.000000000000000000 ) ) ;
#1818 = VECTOR ( 'NONE', #2328, 1000.000000000000000 ) ;
#1819 = PLANE ( 'NONE',  #3199 ) ;
#1820 = FACE_OUTER_BOUND ( 'NONE', #1690, .T. ) ;
#1821 = CARTESIAN_POINT ( 'NONE',  ( 31.45840562108032046, 2.249999999999981348, 50.32534766793654768 ) ) ;
#1822 = EDGE_LOOP ( 'NONE', ( #427, #620, #896, #103 ) ) ;
#1823 = CARTESIAN_POINT ( 'NONE',  ( 27.50000000000001066, -2.000000000000000000, 49.25000000000001421 ) ) ;
#1824 = ORIENTED_EDGE ( 'NONE', *, *, #1537, .F. ) ;
#1825 = CARTESIAN_POINT ( 'NONE',  ( 27.50000000000000000, 2.000000000000000000, -52.44242340540816372 ) ) ;
#1826 = ORIENTED_EDGE ( 'NONE', *, *, #164, .T. ) ;
#1827 = DIRECTION ( 'NONE',  ( -1.000000000000000000, -3.460895790526208346E-15, 1.743440679373675563E-16 ) ) ;
#1828 = EDGE_CURVE ( 'NONE', #3145, #89, #2372, .T. ) ;
#1829 = VERTEX_POINT ( 'NONE', #985 ) ;
#1830 = ORIENTED_EDGE ( 'NONE', *, *, #1521, .F. ) ;
#1831 = ORIENTED_EDGE ( 'NONE', *, *, #3833, .F. ) ;
#1832 = AXIS2_PLACEMENT_3D ( 'NONE', #962, #22, #1844 ) ;
#1833 = DIRECTION ( 'NONE',  ( -0.000000000000000000, 0.000000000000000000, -1.000000000000000000 ) ) ;
#1834 = EDGE_CURVE ( 'NONE', #3008, #1563, #3497, .T. ) ;
#1835 = VERTEX_POINT ( 'NONE', #2289 ) ;
#1836 = AXIS2_PLACEMENT_3D ( 'NONE', #1728, #3824, #2319 ) ;
#1837 = EDGE_CURVE ( 'NONE', #3056, #1045, #2464, .T. ) ;
#1838 = CARTESIAN_POINT ( 'NONE',  ( -27.66368179217599632, 2.496077592184308358, 53.75000000000002132 ) ) ;
#1839 = ORIENTED_EDGE ( 'NONE', *, *, #3701, .F. ) ;
#1840 = CARTESIAN_POINT ( 'NONE',  ( -12.49999999999998401, 28.00000000000004974, 53.74999999999995026 ) ) ;
#1841 = PLANE ( 'NONE',  #2089 ) ;
#1842 = LINE ( 'NONE', #1618, #1370 ) ;
#1843 = ADVANCED_FACE ( 'NONE', ( #1893 ), #256, .T. ) ;
#1844 = DIRECTION ( 'NONE',  ( -0.000000000000000000, 0.000000000000000000, -1.000000000000000000 ) ) ;
#1845 = DIRECTION ( 'NONE',  ( -1.000000000000000000, 3.491481338843138483E-15, 2.103147545604541420E-14 ) ) ;
#1846 = EDGE_LOOP ( 'NONE', ( #3350, #1826, #2619, #2108 ) ) ;
#1847 = LINE ( 'NONE', #92, #2695 ) ;
#1848 = EDGE_LOOP ( 'NONE', ( #252, #3857, #534, #2144 ) ) ;
#1849 = CARTESIAN_POINT ( 'NONE',  ( 22.49999999999999645, -26.70060973342834032, -51.75000000000002132 ) ) ;
#1850 = FACE_OUTER_BOUND ( 'NONE', #773, .T. ) ;
#1851 = EDGE_CURVE ( 'NONE', #1223, #796, #877, .T. ) ;
#1852 = VERTEX_POINT ( 'NONE', #324 ) ;
#1853 = PLANE ( 'NONE',  #1832 ) ;
#1854 = EDGE_CURVE ( 'NONE', #2483, #3056, #86, .T. ) ;
#1855 = VECTOR ( 'NONE', #955, 1000.000000000000000 ) ;
#1856 = CARTESIAN_POINT ( 'NONE',  ( -26.99999999999998934, -9.367506770274754523E-14, 51.25000000000000711 ) ) ;
#1857 = CARTESIAN_POINT ( 'NONE',  ( -27.49999999999998934, 0.000000000000000000, 51.75000000000000711 ) ) ;
#1858 = FACE_OUTER_BOUND ( 'NONE', #588, .T. ) ;
#1859 = LINE ( 'NONE', #3357, #2377 ) ;
#1860 = DIRECTION ( 'NONE',  ( 1.000000000000000000, -3.469446951953599200E-15, 0.000000000000000000 ) ) ;
#1861 = ADVANCED_FACE ( 'NONE', ( #3168 ), #2838, .F. ) ;
#1862 = ORIENTED_EDGE ( 'NONE', *, *, #3153, .F. ) ;
#1863 = LINE ( 'NONE', #3379, #3374 ) ;
#1864 = DIRECTION ( 'NONE',  ( -3.491481338843108901E-15, -6.960928290796760166E-15, -1.000000000000000000 ) ) ;
#1865 = EDGE_LOOP ( 'NONE', ( #2536, #3468 ) ) ;
#1866 = ORIENTED_EDGE ( 'NONE', *, *, #32, .T. ) ;
#1867 = CARTESIAN_POINT ( 'NONE',  ( 26.99999999999999645, 1.999999999999954925, 51.74999999999999289 ) ) ;
#1868 = DIRECTION ( 'NONE',  ( 0.000000000000000000, -1.000000000000000000, -2.523234146875353335E-15 ) ) ;
#1869 = ORIENTED_EDGE ( 'NONE', *, *, #215, .T. ) ;
#1870 = DIRECTION ( 'NONE',  ( 0.000000000000000000, 1.470776148866217010E-29, 1.000000000000000000 ) ) ;
#1871 = EDGE_CURVE ( 'NONE', #838, #2010, #2977, .T. ) ;
#1872 = DIRECTION ( 'NONE',  ( -1.005636797667714286E-16, -0.000000000000000000, -1.000000000000000000 ) ) ;
#1873 = EDGE_LOOP ( 'NONE', ( #2679, #938, #3231, #543, #1866, #1719, #688, #2400 ) ) ;
#1874 = ORIENTED_EDGE ( 'NONE', *, *, #457, .F. ) ;
#1875 = ORIENTED_EDGE ( 'NONE', *, *, #3872, .F. ) ;
#1876 = CARTESIAN_POINT ( 'NONE',  ( -29.49999999999996092, 2.000000000000015543, 49.25000000000001421 ) ) ;
#1877 = CARTESIAN_POINT ( 'NONE',  ( 17.50000000000009592, 28.00000000000006750, 51.75000000000003553 ) ) ;
#1878 = EDGE_CURVE ( 'NONE', #1204, #3216, #2793, .T. ) ;
#1879 = ADVANCED_FACE ( 'NONE', ( #2801 ), #3075, .T. ) ;
#1880 = ORIENTED_EDGE ( 'NONE', *, *, #77, .T. ) ;
#1881 = CARTESIAN_POINT ( 'NONE',  ( -27.49999999999990763, 2.500000000000002220, 51.74999999999990763 ) ) ;
#1882 = VERTEX_POINT ( 'NONE', #1670 ) ;
#1883 = ORIENTED_EDGE ( 'NONE', *, *, #3648, .F. ) ;
#1884 = AXIS2_PLACEMENT_3D ( 'NONE', #1169, #2027, #2645 ) ;
#1885 = FACE_OUTER_BOUND ( 'NONE', #889, .T. ) ;
#1886 = DIRECTION ( 'NONE',  ( -1.000000000000000000, -3.469446951953623655E-15, 0.000000000000000000 ) ) ;
#1887 = ORIENTED_EDGE ( 'NONE', *, *, #2230, .T. ) ;
#1888 = CARTESIAN_POINT ( 'NONE',  ( -28.06936486070879866, 1.999999999999996225, 51.66724376525002072 ) ) ;
#1889 = FACE_OUTER_BOUND ( 'NONE', #640, .T. ) ;
#1890 = CARTESIAN_POINT ( 'NONE',  ( -18.53688005447701670, -23.65205592917988398, -49.75000000000001421 ) ) ;
#1891 = EDGE_LOOP ( 'NONE', ( #2172, #3785, #1101, #1091 ) ) ;
#1892 = DIRECTION ( 'NONE',  ( -3.491481338843108901E-15, -6.960928290796760166E-15, -1.000000000000000000 ) ) ;
#1893 = FACE_OUTER_BOUND ( 'NONE', #1503, .T. ) ;
#1894 = ORIENTED_EDGE ( 'NONE', *, *, #3825, .T. ) ;
#1895 = EDGE_CURVE ( 'NONE', #1903, #3608, #2708, .T. ) ;
#1896 = DIRECTION ( 'NONE',  ( 0.000000000000000000, 0.000000000000000000, -1.000000000000000000 ) ) ;
#1897 = CARTESIAN_POINT ( 'NONE',  ( 28.48182077365036236, 2.003922407815716067, 53.63108486090147409 ) ) ;
#1898 = CIRCLE ( 'NONE', #3017, 0.5000000000000004441 ) ;
#1899 = CARTESIAN_POINT ( 'NONE',  ( 27.25000000000000711, 0.000000000000000000, 50.18301270189223118 ) ) ;
#1900 = B_SPLINE_CURVE_WITH_KNOTS ( 'NONE', 3,
 ( #2561, #2506, #3869, #2382 ),
 .UNSPECIFIED., .F., .F.,
 ( 4, 4 ),
 ( 0.000000000000000000, 1.000000000000000000 ),
 .UNSPECIFIED. ) ;
#1901 = LINE ( 'NONE', #2719, #835 ) ;
#1902 = FACE_BOUND ( 'NONE', #680, .T. ) ;
#1903 = VERTEX_POINT ( 'NONE', #759 ) ;
#1904 = AXIS2_PLACEMENT_3D ( 'NONE', #149, #2241, #3130 ) ;
#1905 = CARTESIAN_POINT ( 'NONE',  ( -17.50000000000000711, -44.99999999999999289, -51.75000000000002132 ) ) ;
#1906 = CARTESIAN_POINT ( 'NONE',  ( 27.00000000000001066, -2.000000000000000000, 51.25000000000000711 ) ) ;
#1907 = ORIENTED_EDGE ( 'NONE', *, *, #757, .F. ) ;
#1908 = DIRECTION ( 'NONE',  ( 0.000000000000000000, 0.000000000000000000, 1.000000000000000000 ) ) ;
#1909 = AXIS2_PLACEMENT_3D ( 'NONE', #3375, #3346, #2433 ) ;
#1910 = DIRECTION ( 'NONE',  ( 2.523234146875357970E-16, -3.280204390937965509E-16, 1.000000000000000000 ) ) ;
#1911 = EDGE_LOOP ( 'NONE', ( #930, #2015, #143, #1078 ) ) ;
#1912 = CARTESIAN_POINT ( 'NONE',  ( -27.50000000000000711, -10.29939026657163126, -49.75000000000004263 ) ) ;
#1913 = CARTESIAN_POINT ( 'NONE',  ( 27.50000000000000355, 0.000000000000000000, 49.75000000000000711 ) ) ;
#1914 = ORIENTED_EDGE ( 'NONE', *, *, #3775, .F. ) ;
#1915 = DIRECTION ( 'NONE',  ( 0.000000000000000000, 0.000000000000000000, -1.000000000000000000 ) ) ;
#1916 = VERTEX_POINT ( 'NONE', #2214 ) ;
#1917 = DIRECTION ( 'NONE',  ( -1.000000000000000000, -3.484141666251191719E-15, 1.046064407624207286E-16 ) ) ;
#1918 = CARTESIAN_POINT ( 'NONE',  ( -28.07534766793652636, -1.958405621080283376, 49.50000000000001421 ) ) ;
#1919 = EDGE_CURVE ( 'NONE', #1239, #3197, #2225, .T. ) ;
#1920 = CARTESIAN_POINT ( 'NONE',  ( 27.50000000000000000, -2.000000000000000000, -51.75000000000000711 ) ) ;
#1921 = ORIENTED_EDGE ( 'NONE', *, *, #115, .T. ) ;
#1922 = DIRECTION ( 'NONE',  ( 0.000000000000000000, 0.000000000000000000, 1.000000000000000000 ) ) ;
#1923 = EDGE_CURVE ( 'NONE', #3787, #1882, #2753, .T. ) ;
#1924 = B_SPLINE_CURVE_WITH_KNOTS ( 'NONE', 3,
 ( #2139, #2470, #1000, #3081 ),
 .UNSPECIFIED., .F., .F.,
 ( 4, 4 ),
 ( 0.000000000000000000, 1.000000000000000000 ),
 .UNSPECIFIED. ) ;
#1925 = ORIENTED_EDGE ( 'NONE', *, *, #182, .F. ) ;
#1926 = VECTOR ( 'NONE', #1886, 1000.000000000000000 ) ;
#1927 = ORIENTED_EDGE ( 'NONE', *, *, #1556, .T. ) ;
#1928 = DIRECTION ( 'NONE',  ( 3.342790755187979138E-15, -5.814371201817158166E-30, -1.000000000000000000 ) ) ;
#1929 = DIRECTION ( 'NONE',  ( 0.000000000000000000, 0.000000000000000000, 1.000000000000000000 ) ) ;
#1930 = LINE ( 'NONE', #3694, #1459 ) ;
#1931 = ORIENTED_EDGE ( 'NONE', *, *, #3550, .T. ) ;
#1932 = DIRECTION ( 'NONE',  ( 1.000000000000000000, 0.000000000000000000, 0.000000000000000000 ) ) ;
#1933 = CIRCLE ( 'NONE', #3469, 4.000000000000003553 ) ;
#1934 = CIRCLE ( 'NONE', #2525, 2.749999999999999112 ) ;
#1935 = ORIENTED_EDGE ( 'NONE', *, *, #498, .T. ) ;
#1936 = DIRECTION ( 'NONE',  ( -3.469446951953614189E-15, 1.000000000000000000, 0.000000000000000000 ) ) ;
#1937 = EDGE_CURVE ( 'NONE', #2261, #3128, #1383, .T. ) ;
#1938 = EDGE_CURVE ( 'NONE', #926, #2210, #594, .T. ) ;
#1939 = VECTOR ( 'NONE', #482, 1000.000000000000000 ) ;
#1940 = DIRECTION ( 'NONE',  ( 1.000000000000000000, -9.035018103878894725E-19, 3.944304526105059027E-31 ) ) ;
#1941 = CIRCLE ( 'NONE', #3188, 3.999999999999996447 ) ;
#1942 = EDGE_CURVE ( 'NONE', #1829, #474, #2273, .T. ) ;
#1943 = LINE ( 'NONE', #3105, #3897 ) ;
#1944 = CARTESIAN_POINT ( 'NONE',  ( 28.63872972141765061, 2.000000000000011546, 53.58448753050002011 ) ) ;
#1945 = CARTESIAN_POINT ( 'NONE',  ( -31.49999999999998579, 1.999999999999999112, 49.25000000000001421 ) ) ;
#1946 = CARTESIAN_POINT ( 'NONE',  ( -26.99999999999991473, 0.6000000000000534905, 51.74999999999990763 ) ) ;
#1947 = VERTEX_POINT ( 'NONE', #826 ) ;
#1948 = FACE_OUTER_BOUND ( 'NONE', #1957, .T. ) ;
#1949 = AXIS2_PLACEMENT_3D ( 'NONE', #471, #2849, #1677 ) ;
#1950 = ORIENTED_EDGE ( 'NONE', *, *, #528, .T. ) ;
#1951 = ORIENTED_EDGE ( 'NONE', *, *, #904, .F. ) ;
#1952 = CARTESIAN_POINT ( 'NONE',  ( 27.89713495427928791, 2.087252608676990917, 51.71329281890985641 ) ) ;
#1953 = CARTESIAN_POINT ( 'NONE',  ( -12.25000000000001066, -14.99999999999998579, -59.75000000000002132 ) ) ;
#1954 = AXIS2_PLACEMENT_3D ( 'NONE', #1551, #109, #805 ) ;
#1955 = DIRECTION ( 'NONE',  ( 3.673532066774415580E-15, 2.668805347656641469E-16, 1.000000000000000000 ) ) ;
#1956 = DIRECTION ( 'NONE',  ( -2.523234146875369310E-16, -3.280204390937983751E-16, -1.000000000000000000 ) ) ;
#1957 = EDGE_LOOP ( 'NONE', ( #1432, #1646, #1492, #1006 ) ) ;
#1958 = DIRECTION ( 'NONE',  ( 0.000000000000000000, 0.000000000000000000, 1.000000000000000000 ) ) ;
#1959 = ADVANCED_FACE ( 'NONE', ( #789 ), #1989, .F. ) ;
#1960 = CARTESIAN_POINT ( 'NONE',  ( -27.50000000000001066, -2.000000000000019096, -47.75000000000000711 ) ) ;
#1961 = DIRECTION ( 'NONE',  ( -1.000000000000000000, 3.469446951953611033E-15, 0.000000000000000000 ) ) ;
#1962 = ORIENTED_EDGE ( 'NONE', *, *, #1797, .F. ) ;
#1963 = ORIENTED_EDGE ( 'NONE', *, *, #2612, .T. ) ;
#1964 = DIRECTION ( 'NONE',  ( 3.469446951953613400E-15, 1.000000000000000000, -1.239088197126290570E-16 ) ) ;
#1965 = CARTESIAN_POINT ( 'NONE',  ( 29.50000000000002842, 2.000000000000022649, 49.25000000000000711 ) ) ;
#1966 = VERTEX_POINT ( 'NONE', #1753 ) ;
#1967 = CARTESIAN_POINT ( 'NONE',  ( 27.50000000000000355, -2.000000000000000000, -17.75000000000000711 ) ) ;
#1968 = DIRECTION ( 'NONE',  ( 0.000000000000000000, 1.667991375171469962E-29, 1.000000000000000000 ) ) ;
#1969 = CARTESIAN_POINT ( 'NONE',  ( 31.38108486090144922, 1.018179226349513522, 49.74607759218427105 ) ) ;
#1970 = EDGE_CURVE ( 'NONE', #3128, #2818, #3601, .T. ) ;
#1971 = DIRECTION ( 'NONE',  ( -1.000000000000000000, 1.127570259384923665E-14, 0.000000000000000000 ) ) ;
#1972 = ORIENTED_EDGE ( 'NONE', *, *, #807, .T. ) ;
#1973 = DIRECTION ( 'NONE',  ( -3.673532066774414003E-15, -2.668805347656641469E-16, -1.000000000000000000 ) ) ;
#1974 = CARTESIAN_POINT ( 'NONE',  ( -26.99999999999998224, -1.999999999999998224, 50.61602540378445525 ) ) ;
#1975 = CARTESIAN_POINT ( 'NONE',  ( 29.47920281054015135, 1.712326166031727492, 49.49999999999998579 ) ) ;
#1976 = AXIS2_PLACEMENT_3D ( 'NONE', #2136, #2092, #914 ) ;
#1977 = ORIENTED_EDGE ( 'NONE', *, *, #2763, .T. ) ;
#1978 = CYLINDRICAL_SURFACE ( 'NONE', #1594, 0.5000000000000004441 ) ;
#1979 = DIRECTION ( 'NONE',  ( 1.000000000000000000, 0.000000000000000000, -1.743440679373675317E-16 ) ) ;
#1980 = DIRECTION ( 'NONE',  ( 1.000000000000000000, 0.000000000000000000, 0.000000000000000000 ) ) ;
#1981 = ORIENTED_EDGE ( 'NONE', *, *, #556, .F. ) ;
#1982 = FACE_OUTER_BOUND ( 'NONE', #1096, .T. ) ;
#1983 = CARTESIAN_POINT ( 'NONE',  ( -27.49999999999998224, -2.000000000000000000, 51.75000000000000711 ) ) ;
#1984 = ORIENTED_EDGE ( 'NONE', *, *, #2720, .F. ) ;
#1985 = LINE ( 'NONE', #3444, #3025 ) ;
#1986 = ORIENTED_EDGE ( 'NONE', *, *, #3010, .F. ) ;
#1987 = PLANE ( 'NONE',  #3042 ) ;
#1988 = CARTESIAN_POINT ( 'NONE',  ( -28.07534766793652636, -1.958405621080283376, 49.50000000000001421 ) ) ;
#1989 = CYLINDRICAL_SURFACE ( 'NONE', #1072, 2.750000000000000888 ) ;
#1990 = VERTEX_POINT ( 'NONE', #1407 ) ;
#1991 = CYLINDRICAL_SURFACE ( 'NONE', #3493, 2.649999999999999467 ) ;
#1992 = CARTESIAN_POINT ( 'NONE',  ( -27.49999999999998934, -2.000000000000000000, 49.75000000000001421 ) ) ;
#1993 = EDGE_CURVE ( 'NONE', #2242, #3570, #1575, .T. ) ;
#1994 = EDGE_CURVE ( 'NONE', #3671, #3474, #1069, .T. ) ;
#1995 = ORIENTED_EDGE ( 'NONE', *, *, #3775, .T. ) ;
#1996 = B_SPLINE_CURVE_WITH_KNOTS ( 'NONE', 3,
 ( #2311, #3480, #1969, #2016 ),
 .UNSPECIFIED., .F., .F.,
 ( 4, 4 ),
 ( 0.000000000000000000, 1.000000000000000000 ),
 .UNSPECIFIED. ) ;
#1997 = PLANE ( 'NONE',  #1046 ) ;
#1998 = VECTOR ( 'NONE', #1344, 1000.000000000000000 ) ;
#1999 = EDGE_CURVE ( 'NONE', #3627, #1294, #2767, .T. ) ;
#2000 = DIRECTION ( 'NONE',  ( -1.000000000000000000, 1.459392674658871840E-29, 3.673532066774414003E-15 ) ) ;
#2001 = ORIENTED_EDGE ( 'NONE', *, *, #2949, .T. ) ;
#2002 = CARTESIAN_POINT ( 'NONE',  ( 29.50000000000012434, 28.00000000000003197, 51.74999999999998579 ) ) ;
#2003 = ORIENTED_EDGE ( 'NONE', *, *, #3478, .F. ) ;
#2004 = AXIS2_PLACEMENT_3D ( 'NONE', #1849, #3329, #1561 ) ;
#2005 = CARTESIAN_POINT ( 'NONE',  ( 27.49999999999999645, -2.000000000000018208, -47.75000000000000711 ) ) ;
#2006 = ORIENTED_EDGE ( 'NONE', *, *, #3883, .F. ) ;
#2007 = CARTESIAN_POINT ( 'NONE',  ( -28.07534766793654057, -1.958405621080280934, -18.00000000000000355 ) ) ;
#2008 = PLANE ( 'NONE',  #689 ) ;
#2009 = ORIENTED_EDGE ( 'NONE', *, *, #1994, .T. ) ;
#2010 = VERTEX_POINT ( 'NONE', #2062 ) ;
#2011 = EDGE_CURVE ( 'NONE', #2627, #1322, #2134, .T. ) ;
#2012 = ORIENTED_EDGE ( 'NONE', *, *, #3205, .T. ) ;
#2013 = DIRECTION ( 'NONE',  ( 0.000000000000000000, -1.000000000000000000, -2.523234146875356491E-15 ) ) ;
#2014 = CARTESIAN_POINT ( 'NONE',  ( -27.97223694937776273, -1.973392592386638889, 49.37780599649036617 ) ) ;
#2015 = ORIENTED_EDGE ( 'NONE', *, *, #2683, .T. ) ;
#2016 = CARTESIAN_POINT ( 'NONE',  ( 31.33448753050000590, 0.8612702785822886620, 49.74999999999998579 ) ) ;
#2017 = EDGE_CURVE ( 'NONE', #2781, #2665, #2519, .T. ) ;
#2018 = PRESENTATION_STYLE_ASSIGNMENT (( #2667 ) ) ;
#2019 = CARTESIAN_POINT ( 'NONE',  ( 31.41441649684254855, 2.044371311325043905, 50.61958189906654582 ) ) ;
#2020 = ORIENTED_EDGE ( 'NONE', *, *, #2538, .F. ) ;
#2021 = DIRECTION ( 'NONE',  ( 0.000000000000000000, 1.000000000000000000, 0.000000000000000000 ) ) ;
#2022 = VECTOR ( 'NONE', #3622, 1000.000000000000000 ) ;
#2023 = DIRECTION ( 'NONE',  ( 1.000000000000000000, 0.000000000000000000, 0.000000000000000000 ) ) ;
#2024 = AXIS2_PLACEMENT_3D ( 'NONE', #2994, #1249, #3351 ) ;
#2025 = ORIENTED_EDGE ( 'NONE', *, *, #1084, .F. ) ;
#2026 = FACE_OUTER_BOUND ( 'NONE', #1087, .T. ) ;
#2027 = DIRECTION ( 'NONE',  ( -0.000000000000000000, 1.000000000000000000, -0.000000000000000000 ) ) ;
#2028 = EDGE_CURVE ( 'NONE', #3765, #1642, #1934, .T. ) ;
#2029 = ADVANCED_FACE ( 'NONE', ( #2927 ), #1421, .F. ) ;
#2030 = LINE ( 'NONE', #667, #3071 ) ;
#2031 = CARTESIAN_POINT ( 'NONE',  ( -27.49999999999998934, 0.000000000000000000, 49.25000000000001421 ) ) ;
#2032 = CARTESIAN_POINT ( 'NONE',  ( -31.49999999999995737, 2.000000000000022649, 49.75000000000001421 ) ) ;
#2033 = FACE_OUTER_BOUND ( 'NONE', #2481, .T. ) ;
#2034 = CARTESIAN_POINT ( 'NONE',  ( 31.45840562108032046, 2.249999999999981348, 50.32534766793654768 ) ) ;
#2035 = CARTESIAN_POINT ( 'NONE',  ( 27.25000000000000000, 0.000000000000000000, -18.68301270189223118 ) ) ;
#2036 = DIRECTION ( 'NONE',  ( -0.000000000000000000, 1.000000000000000000, -0.000000000000000000 ) ) ;
#2037 =( NAMED_UNIT ( * ) SI_UNIT ( $, .STERADIAN. ) SOLID_ANGLE_UNIT ( ) );
#2038 = VECTOR ( 'NONE', #3847, 1000.000000000000000 ) ;
#2039 = FACE_BOUND ( 'NONE', #1538, .T. ) ;
#2040 = CARTESIAN_POINT ( 'NONE',  ( -12.50000000000000888, -49.99999999999998579, -51.75000000000018474 ) ) ;
#2041 = DIRECTION ( 'NONE',  ( 1.000000000000000000, 3.469446951953611033E-15, 0.000000000000000000 ) ) ;
#2042 = ORIENTED_EDGE ( 'NONE', *, *, #3550, .F. ) ;
#2043 = CARTESIAN_POINT ( 'NONE',  ( -8.326672684688674053E-14, 5.073680990566258419E-15, 53.74999999999999289 ) ) ;
#2044 = EDGE_CURVE ( 'NONE', #2818, #3641, #1662, .T. ) ;
#2045 = CYLINDRICAL_SURFACE ( 'NONE', #3806, 4.999999999999997335 ) ;
#2046 = CARTESIAN_POINT ( 'NONE',  ( -26.99999999999998224, -2.000000000000000000, 51.25000000000000711 ) ) ;
#2047 = ORIENTED_EDGE ( 'NONE', *, *, #3003, .F. ) ;
#2048 = EDGE_LOOP ( 'NONE', ( #2815, #3804, #942, #1653 ) ) ;
#2049 = ORIENTED_EDGE ( 'NONE', *, *, #1577, .T. ) ;
#2050 = EDGE_CURVE ( 'NONE', #2514, #218, #2467, .T. ) ;
#2051 = CARTESIAN_POINT ( 'NONE',  ( 31.33448753050002722, 1.999999999999981348, 50.88872972141772522 ) ) ;
#2052 = CARTESIAN_POINT ( 'NONE',  ( -31.45840562108026717, 1.424652332063458537, 49.50000000000001421 ) ) ;
#2053 = ADVANCED_FACE ( 'NONE', ( #875 ), #2485, .T. ) ;
#2054 = ORIENTED_EDGE ( 'NONE', *, *, #2590, .F. ) ;
#2055 = DIRECTION ( 'NONE',  ( -1.000000000000000000, -3.484141666251190930E-15, 1.046064407624206299E-16 ) ) ;
#2056 = AXIS2_PLACEMENT_3D ( 'NONE', #2768, #1582, #1248 ) ;
#2057 = VERTEX_POINT ( 'NONE', #854 ) ;
#2058 = ORIENTED_EDGE ( 'NONE', *, *, #2813, .F. ) ;
#2059 = CARTESIAN_POINT ( 'NONE',  ( -27.78767383396825608, 0.02079718945985787465, 49.50000000000001421 ) ) ;
#2060 = DIRECTION ( 'NONE',  ( 9.912705577010326782E-17, 1.982541115402065603E-16, 1.000000000000000000 ) ) ;
#2061 = VERTEX_POINT ( 'NONE', #2673 ) ;
#2062 = CARTESIAN_POINT ( 'NONE',  ( 27.50000000000001066, 2.499999999999967581, 53.74999999999999289 ) ) ;
#2063 = DIRECTION ( 'NONE',  ( 3.673532066774415580E-15, 2.668805347656641469E-16, 1.000000000000000000 ) ) ;
#2064 = ORIENTED_EDGE ( 'NONE', *, *, #1736, .T. ) ;
#2065 = EDGE_CURVE ( 'NONE', #220, #1377, #3378, .T. ) ;
#2066 = EDGE_CURVE ( 'NONE', #2261, #1318, #251, .T. ) ;
#2067 = DIRECTION ( 'NONE',  ( -3.652049423109162687E-15, 1.000000000000000000, -1.382051902507653593E-29 ) ) ;
#2068 = CARTESIAN_POINT ( 'NONE',  ( -31.49999999999997158, 4.396203899719391295, -13.25000000000000178 ) ) ;
#2069 = ORIENTED_EDGE ( 'NONE', *, *, #2196, .T. ) ;
#2070 = CARTESIAN_POINT ( 'NONE',  ( -17.50000000000001421, -26.70060973342834743, -51.75000000000002132 ) ) ;
#2071 = CIRCLE ( 'NONE', #2997, 0.5000000000000004441 ) ;
#2072 = CARTESIAN_POINT ( 'NONE',  ( -27.49999999999998224, 0.000000000000000000, 49.25000000000001421 ) ) ;
#2073 = ADVANCED_FACE ( 'NONE', ( #3367 ), #122, .T. ) ;
#2074 = B_SPLINE_CURVE_WITH_KNOTS ( 'NONE', 3,
 ( #1224, #2425, #280, #1513 ),
 .UNSPECIFIED., .F., .F.,
 ( 4, 4 ),
 ( 0.000000000000000000, 1.000000000000000000 ),
 .UNSPECIFIED. ) ;
#2075 = CARTESIAN_POINT ( 'NONE',  ( 28.06936486070885906, 0.08275623475000244700, -18.25000000000002487 ) ) ;
#2076 = EDGE_CURVE ( 'NONE', #435, #3774, #3681, .T. ) ;
#2077 = EDGE_CURVE ( 'NONE', #2208, #519, #3843, .T. ) ;
#2078 = CARTESIAN_POINT ( 'NONE',  ( 17.49999999999999645, -26.70060973342834032, -49.75000000000001421 ) ) ;
#2079 = VERTEX_POINT ( 'NONE', #3797 ) ;
#2080 = CARTESIAN_POINT ( 'NONE',  ( 31.50000000000012434, 27.74341649025259215, 40.98024947075703039 ) ) ;
#2081 = CIRCLE ( 'NONE', #2894, 0.5000000000000004441 ) ;
#2082 = CARTESIAN_POINT ( 'NONE',  ( 29.45721602876619372, 2.044379949597796564, 50.18476475048450425 ) ) ;
#2083 = ORIENTED_EDGE ( 'NONE', *, *, #2808, .F. ) ;
#2084 = AXIS2_PLACEMENT_3D ( 'NONE', #593, #3898, #295 ) ;
#2085 = CIRCLE ( 'NONE', #3866, 2.750000000000002665 ) ;
#2086 = CIRCLE ( 'NONE', #3712, 0.5000000000000004441 ) ;
#2087 = ORIENTED_EDGE ( 'NONE', *, *, #351, .T. ) ;
#2088 = CARTESIAN_POINT ( 'NONE',  ( 1.942890293094023946E-13, 4.670704441401011857E-14, 51.75000000000011369 ) ) ;
#2089 = AXIS2_PLACEMENT_3D ( 'NONE', #2449, #2750, #2152 ) ;
#2090 = DIRECTION ( 'NONE',  ( 1.000000000000000000, 3.491481338843133750E-15, -8.258742298659305747E-17 ) ) ;
#2091 = CYLINDRICAL_SURFACE ( 'NONE', #2004, 5.000000000000000888 ) ;
#2092 = DIRECTION ( 'NONE',  ( 2.523234146875355505E-16, -3.469446951953614189E-15, 1.000000000000000000 ) ) ;
#2093 = CIRCLE ( 'NONE', #150, 2.750000000000000888 ) ;
#2094 = LINE ( 'NONE', #2157, #1585 ) ;
#2095 = ADVANCED_FACE ( 'NONE', ( #974 ), #2422, .T. ) ;
#2096 = ORIENTED_EDGE ( 'NONE', *, *, #1720, .F. ) ;
#2097 = CARTESIAN_POINT ( 'NONE',  ( 9.999999999999992895, -41.99999999999997868, -51.75000000000015632 ) ) ;
#2098 = EDGE_CURVE ( 'NONE', #915, #28, #3164, .T. ) ;
#2099 = CARTESIAN_POINT ( 'NONE',  ( -28.63872972141771100, -1.834487530499990804, -18.25000000000000355 ) ) ;
#2100 = ORIENTED_EDGE ( 'NONE', *, *, #3851, .T. ) ;
#2101 = B_SPLINE_CURVE_WITH_KNOTS ( 'NONE', 3,
 ( #1707, #3854, #538, #3552 ),
 .UNSPECIFIED., .F., .F.,
 ( 4, 4 ),
 ( 0.000000000000000000, 1.000000000000000000 ),
 .UNSPECIFIED. ) ;
#2102 = CARTESIAN_POINT ( 'NONE',  ( 27.50000000000000355, -2.000000000000000000, 49.75000000000000711 ) ) ;
#2103 = ORIENTED_EDGE ( 'NONE', *, *, #852, .F. ) ;
#2104 = ORIENTED_EDGE ( 'NONE', *, *, #307, .F. ) ;
#2105 = AXIS2_PLACEMENT_3D ( 'NONE', #1480, #2036, #542 ) ;
#2106 = DIRECTION ( 'NONE',  ( 0.000000000000000000, 1.470776148866217010E-29, 1.000000000000000000 ) ) ;
#2107 = CARTESIAN_POINT ( 'NONE',  ( -29.47920281054012293, 1.712326166031729269, 49.50000000000001421 ) ) ;
#2108 = ORIENTED_EDGE ( 'NONE', *, *, #2221, .F. ) ;
#2109 = EDGE_LOOP ( 'NONE', ( #74, #813, #230, #3096 ) ) ;
#2110 = DIRECTION ( 'NONE',  ( 1.005636797667714409E-16, 0.000000000000000000, 1.000000000000000000 ) ) ;
#2111 = CARTESIAN_POINT ( 'NONE',  ( 28.17856638136340308, -1.943402952899618619, 49.62232198559993179 ) ) ;
#2112 = EDGE_LOOP ( 'NONE', ( #2850, #917, #946, #959 ) ) ;
#2113 = EDGE_CURVE ( 'NONE', #3667, #1804, #308, .T. ) ;
#2114 = CARTESIAN_POINT ( 'NONE',  ( -22.50000000000001776, -26.70060973342834743, -51.75000000000010658 ) ) ;
#2115 = EDGE_LOOP ( 'NONE', ( #2316, #1024, #1950, #2166, #3813, #1986, #1688, #1752 ) ) ;
#2116 = CARTESIAN_POINT ( 'NONE',  ( -27.67821271365722779, 0.004887197829570608630, -17.83725260867698026 ) ) ;
#2117 = AXIS2_PLACEMENT_3D ( 'NONE', #1067, #1908, #3111 ) ;
#2118 = CARTESIAN_POINT ( 'NONE',  ( 27.50000000000000000, -1.908195823574487804E-14, -47.75000000000001421 ) ) ;
#2119 = EDGE_LOOP ( 'NONE', ( #2575, #1874, #131, #2047 ) ) ;
#2120 = SURFACE_STYLE_FILL_AREA ( #1465 ) ;
#2121 = ORIENTED_EDGE ( 'NONE', *, *, #716, .T. ) ;
#2122 = EDGE_CURVE ( 'NONE', #2678, #3014, #161, .T. ) ;
#2123 = CARTESIAN_POINT ( 'NONE',  ( 28.07534766793651926, -1.958405621080287817, 49.49999999999998579 ) ) ;
#2124 = CIRCLE ( 'NONE', #3615, 2.749999999999999112 ) ;
#2125 = CARTESIAN_POINT ( 'NONE',  ( 27.50000000000002487, 0.6000000000000830225, 53.75000000000011369 ) ) ;
#2126 = ORIENTED_EDGE ( 'NONE', *, *, #290, .F. ) ;
#2127 = CARTESIAN_POINT ( 'NONE',  ( 27.78767383396826318, 0.02079718945985744097, -18.00000000000001066 ) ) ;
#2128 = CIRCLE ( 'NONE', #3047, 0.4999999999999991673 ) ;
#2129 = CARTESIAN_POINT ( 'NONE',  ( -28.07534766793654057, -1.958405621080280934, -18.00000000000000355 ) ) ;
#2130 = CARTESIAN_POINT ( 'NONE',  ( -29.47920281054010161, 2.250000000000029754, 50.03767383396828450 ) ) ;
#2131 = DIRECTION ( 'NONE',  ( -3.469446951953614189E-15, 1.000000000000000000, 0.000000000000000000 ) ) ;
#2132 = EDGE_CURVE ( 'NONE', #2781, #99, #80, .T. ) ;
#2133 = CARTESIAN_POINT ( 'NONE',  ( 27.78767383396826673, 2.249999999999987121, 51.72920281054014424 ) ) ;
#2134 = LINE ( 'NONE', #2626, #3262 ) ;
#2135 = EDGE_LOOP ( 'NONE', ( #3766, #3457, #1550, #2759, #3229, #405, #3718, #1347, #3149, #2827 ) ) ;
#2136 = CARTESIAN_POINT ( 'NONE',  ( -10.00000000000000711, -41.99999999999997868, -51.75000000000015632 ) ) ;
#2137 = ADVANCED_FACE ( 'NONE', ( #3886 ), #422, .T. ) ;
#2138 = AXIS2_PLACEMENT_3D ( 'NONE', #1532, #3645, #651 ) ;
#2139 = CARTESIAN_POINT ( 'NONE',  ( -27.49999999999998934, 0.000000000000000000, 49.25000000000001421 ) ) ;
#2140 = LINE ( 'NONE', #396, #416 ) ;
#2141 = LINE ( 'NONE', #2388, #750 ) ;
#2142 = CARTESIAN_POINT ( 'NONE',  ( 27.49999999999998934, 1.999999999999967137, 53.74999999999999289 ) ) ;
#2143 = LINE ( 'NONE', #429, #424 ) ;
#2144 = ORIENTED_EDGE ( 'NONE', *, *, #1999, .F. ) ;
#2145 = VECTOR ( 'NONE', #2878, 1000.000000000000000 ) ;
#2146 = VERTEX_POINT ( 'NONE', #1562 ) ;
#2147 = EDGE_CURVE ( 'NONE', #801, #2678, #436, .T. ) ;
#2148 = ORIENTED_EDGE ( 'NONE', *, *, #146, .T. ) ;
#2149 = DIRECTION ( 'NONE',  ( 0.000000000000000000, -0.000000000000000000, -1.000000000000000000 ) ) ;
#2150 = EDGE_LOOP ( 'NONE', ( #1545, #2874, #1342, #653 ) ) ;
#2151 = EDGE_CURVE ( 'NONE', #147, #3526, #2030, .T. ) ;
#2152 = DIRECTION ( 'NONE',  ( 1.000000000000000000, 1.147447299213693803E-16, 0.000000000000000000 ) ) ;
#2153 = EDGE_LOOP ( 'NONE', ( #3819, #398, #2638, #798 ) ) ;
#2154 = ADVANCED_FACE ( 'NONE', ( #2836 ), #2218, .F. ) ;
#2155 = ORIENTED_EDGE ( 'NONE', *, *, #2510, .F. ) ;
#2156 = CARTESIAN_POINT ( 'NONE',  ( 27.50000000000003553, 2.000000000000015543, 49.74999999999999289 ) ) ;
#2157 = CARTESIAN_POINT ( 'NONE',  ( -27.24999999999992184, 1.566987298107794802, 53.74999999999998579 ) ) ;
#2158 = CARTESIAN_POINT ( 'NONE',  ( 12.50000000000008349, 23.00000000000007461, 53.75000000000004974 ) ) ;
#2159 = ORIENTED_EDGE ( 'NONE', *, *, #1291, .T. ) ;
#2160 = ORIENTED_EDGE ( 'NONE', *, *, #557, .T. ) ;
#2161 = CARTESIAN_POINT ( 'NONE',  ( 19.99999999999981526, 14.00000000000003908, 51.75000000000011369 ) ) ;
#2162 = ORIENTED_EDGE ( 'NONE', *, *, #2683, .F. ) ;
#2163 = DIRECTION ( 'NONE',  ( 3.469446951953627599E-15, 1.000000000000000000, -2.668805347656767687E-16 ) ) ;
#2164 = FACE_BOUND ( 'NONE', #3179, .T. ) ;
#2165 = DIRECTION ( 'NONE',  ( 0.000000000000000000, 0.000000000000000000, -1.000000000000000000 ) ) ;
#2166 = ORIENTED_EDGE ( 'NONE', *, *, #3800, .T. ) ;
#2167 = FACE_OUTER_BOUND ( 'NONE', #1489, .T. ) ;
#2168 = ORIENTED_EDGE ( 'NONE', *, *, #545, .T. ) ;
#2169 = ADVANCED_FACE ( 'NONE', ( #1026 ), #3410, .F. ) ;
#2170 = LINE ( 'NONE', #3739, #2416 ) ;
#2171 = EDGE_CURVE ( 'NONE', #527, #3433, #1475, .T. ) ;
#2172 = ORIENTED_EDGE ( 'NONE', *, *, #2482, .F. ) ;
#2173 = LINE ( 'NONE', #2718, #3699 ) ;
#2174 = DIRECTION ( 'NONE',  ( -3.202566417187968975E-15, 1.000000000000000000, -1.749788741647597457E-29 ) ) ;
#2175 = CARTESIAN_POINT ( 'NONE',  ( -31.49999999999999289, 9.139620389971952363, -14.83113883008419620 ) ) ;
#2176 = CARTESIAN_POINT ( 'NONE',  ( 27.50000000000002487, 2.000000000000022649, 53.75000000000011369 ) ) ;
#2177 = CARTESIAN_POINT ( 'NONE',  ( -27.49999999999999645, 28.00000000000000355, 51.74999999999989342 ) ) ;
#2178 = AXIS2_PLACEMENT_3D ( 'NONE', #1558, #618, #2704 ) ;
#2179 = VECTOR ( 'NONE', #2900, 1000.000000000000000 ) ;
#2180 = EDGE_LOOP ( 'NONE', ( #1059, #607, #1048, #1536 ) ) ;
#2181 = CYLINDRICAL_SURFACE ( 'NONE', #219, 2.749999999999999112 ) ;
#2182 = CARTESIAN_POINT ( 'NONE',  ( -27.78767383396820989, 2.250000000000016875, 51.72920281054016556 ) ) ;
#2183 = LINE ( 'NONE', #2772, #3377 ) ;
#2184 = AXIS2_PLACEMENT_3D ( 'NONE', #3386, #986, #3715 ) ;
#2185 = DIRECTION ( 'NONE',  ( 1.000000000000000000, 3.469446951953611033E-15, 0.000000000000000000 ) ) ;
#2186 = CIRCLE ( 'NONE', #37, 2.000000000000001776 ) ;
#2187 = FACE_BOUND ( 'NONE', #3360, .T. ) ;
#2188 = DIRECTION ( 'NONE',  ( 0.000000000000000000, -0.000000000000000000, 1.000000000000000000 ) ) ;
#2189 = CARTESIAN_POINT ( 'NONE',  ( -17.49999999999998224, 28.00000000000004263, 53.74999999999993605 ) ) ;
#2190 = CARTESIAN_POINT ( 'NONE',  ( 31.45840562108029204, 1.424652332063454763, 49.49999999999998579 ) ) ;
#2191 = ORIENTED_EDGE ( 'NONE', *, *, #2978, .T. ) ;
#2192 = CARTESIAN_POINT ( 'NONE',  ( -27.83927422578788580, 2.127699262555002413, 51.72170277948220729 ) ) ;
#2193 = ADVANCED_FACE ( 'NONE', ( #2369 ), #1809, .T. ) ;
#2194 = DIRECTION ( 'NONE',  ( -0.000000000000000000, 1.000000000000000000, -0.000000000000000000 ) ) ;
#2195 = EDGE_LOOP ( 'NONE', ( #3342, #1612, #1931, #2203 ) ) ;
#2196 = EDGE_CURVE ( 'NONE', #3221, #3082, #364, .T. ) ;
#2197 = CARTESIAN_POINT ( 'NONE',  ( -27.49999999999990763, 2.500000000000002220, 51.74999999999990763 ) ) ;
#2198 = ORIENTED_EDGE ( 'NONE', *, *, #1444, .T. ) ;
#2199 = ORIENTED_EDGE ( 'NONE', *, *, #351, .F. ) ;
#2200 = CARTESIAN_POINT ( 'NONE',  ( -28.07534766793645531, 2.250000000000015543, 53.70840562108030269 ) ) ;
#2201 = ORIENTED_EDGE ( 'NONE', *, *, #476, .T. ) ;
#2202 = EDGE_CURVE ( 'NONE', #968, #1179, #208, .T. ) ;
#2203 = ORIENTED_EDGE ( 'NONE', *, *, #907, .F. ) ;
#2204 = CARTESIAN_POINT ( 'NONE',  ( 31.33448753050002011, 2.000000000000002220, 50.88872972141772522 ) ) ;
#2205 = AXIS2_PLACEMENT_3D ( 'NONE', #200, #1105, #462 ) ;
#2206 = ORIENTED_EDGE ( 'NONE', *, *, #3239, .F. ) ;
#2207 = DIRECTION ( 'NONE',  ( -3.069126149805136901E-15, 1.000000000000000000, -1.638606980945135072E-29 ) ) ;
#2208 = VERTEX_POINT ( 'NONE', #898 ) ;
#2209 = CARTESIAN_POINT ( 'NONE',  ( 27.50000000000003197, 1.133974596215496344, 51.75000000000010658 ) ) ;
#2210 = VERTEX_POINT ( 'NONE', #1448 ) ;
#2211 = VECTOR ( 'NONE', #1614, 1000.000000000000000 ) ;
#2212 = CARTESIAN_POINT ( 'NONE',  ( -27.49999999999991473, 0.6000000000000518252, 51.74999999999999289 ) ) ;
#2213 = VERTEX_POINT ( 'NONE', #281 ) ;
#2214 = CARTESIAN_POINT ( 'NONE',  ( 29.50000000000012079, 27.74341649025260281, 40.98024947075708013 ) ) ;
#2215 = VECTOR ( 'NONE', #3212, 1000.000000000000000 ) ;
#2216 = DIRECTION ( 'NONE',  ( -3.265361837132811220E-15, 6.928635889290636899E-30, 1.000000000000000000 ) ) ;
#2217 = CARTESIAN_POINT ( 'NONE',  ( 31.33448753050000590, 0.8612702785822886620, 49.74999999999998579 ) ) ;
#2218 = PLANE ( 'NONE',  #1275 ) ;
#2219 = VECTOR ( 'NONE', #3103, 1000.000000000000000 ) ;
#2220 = ORIENTED_EDGE ( 'NONE', *, *, #357, .T. ) ;
#2221 = EDGE_CURVE ( 'NONE', #287, #3627, #3450, .T. ) ;
#2222 = DIRECTION ( 'NONE',  ( -1.000000000000000000, -3.069126149805137295E-15, -3.342790755187979138E-15 ) ) ;
#2223 = DIRECTION ( 'NONE',  ( 1.232595164407830946E-32, -0.3162277660168378857, -0.9486832980505138790 ) ) ;
#2224 = CARTESIAN_POINT ( 'NONE',  ( 27.25000000000000711, -2.000000000000000000, 50.18301270189223118 ) ) ;
#2225 = CIRCLE ( 'NONE', #3146, 5.000000000000000888 ) ;
#2226 = B_SPLINE_CURVE_WITH_KNOTS ( 'NONE', 3,
 ( #1412, #2765, #500, #3347 ),
 .UNSPECIFIED., .F., .F.,
 ( 4, 4 ),
 ( 0.000000000000000000, 1.000000000000000000 ),
 .UNSPECIFIED. ) ;
#2227 = ORIENTED_EDGE ( 'NONE', *, *, #1068, .T. ) ;
#2228 = LINE ( 'NONE', #927, #650 ) ;
#2229 = CARTESIAN_POINT ( 'NONE',  ( 27.78767383396826318, 0.02079718945985613993, 49.49999999999998579 ) ) ;
#2230 = EDGE_CURVE ( 'NONE', #2624, #998, #1341, .T. ) ;
#2231 = DIRECTION ( 'NONE',  ( 0.000000000000000000, 1.667991375171469962E-29, 1.000000000000000000 ) ) ;
#2232 = ORIENTED_EDGE ( 'NONE', *, *, #2978, .F. ) ;
#2233 = CARTESIAN_POINT ( 'NONE',  ( -26.99999999999991473, 0.1000000000000530326, 51.74999999999999289 ) ) ;
#2234 = CARTESIAN_POINT ( 'NONE',  ( -27.78767383396825608, 0.02079718945985787465, 49.50000000000001421 ) ) ;
#2235 = AXIS2_PLACEMENT_3D ( 'NONE', #1703, #1455, #3530 ) ;
#2236 = ORIENTED_EDGE ( 'NONE', *, *, #432, .F. ) ;
#2237 = DIRECTION ( 'NONE',  ( 1.000000000000000000, -3.469446951953614189E-15, 0.000000000000000000 ) ) ;
#2238 = ORIENTED_EDGE ( 'NONE', *, *, #1807, .T. ) ;
#2239 = CARTESIAN_POINT ( 'NONE',  ( 18.53688005447699538, -23.65205592917988042, -51.75000000000002132 ) ) ;
#2240 = AXIS2_PLACEMENT_3D ( 'NONE', #2553, #3141, #1922 ) ;
#2241 = DIRECTION ( 'NONE',  ( -1.000000000000000000, -3.469446951953614189E-15, 1.486905836551548832E-16 ) ) ;
#2242 = VERTEX_POINT ( 'NONE', #3598 ) ;
#2243 = DIRECTION ( 'NONE',  ( 1.000000000000000000, 3.469446951953614189E-15, 0.000000000000000000 ) ) ;
#2244 = CARTESIAN_POINT ( 'NONE',  ( -1.305773671008000514E-14, -49.99999999999998579, -51.75000000000018474 ) ) ;
#2245 = VERTEX_POINT ( 'NONE', #1763 ) ;
#2246 = ORIENTED_EDGE ( 'NONE', *, *, #2248, .F. ) ;
#2247 = CARTESIAN_POINT ( 'NONE',  ( -28.63872972141769324, -1.834487530499993468, 49.75000000000001421 ) ) ;
#2248 = EDGE_CURVE ( 'NONE', #1916, #1239, #1621, .T. ) ;
#2249 = B_SPLINE_SURFACE_WITH_KNOTS ( 'NONE', 1, 3, ( 
 ( #901, #3030, #2441, #2984 ),
 ( #634, #12, #1227, #40 ) ),
 .UNSPECIFIED., .F., .F., .F.,
 ( 2, 2 ),
 ( 4, 4 ),
 ( 0.000000000000000000, 1.000000000000000000 ),
 ( 0.000000000000000000, 1.000000000000000000 ),
 .UNSPECIFIED. ) ;
#2250 = CARTESIAN_POINT ( 'NONE',  ( -12.50000000000000888, -45.00000000000000000, -49.75000000000017053 ) ) ;
#2251 = EDGE_LOOP ( 'NONE', ( #2206, #391, #2288, #2548 ) ) ;
#2252 = CARTESIAN_POINT ( 'NONE',  ( 22.49999999999999645, -10.29939026657160639, -49.75000000000005684 ) ) ;
#2253 = EDGE_CURVE ( 'NONE', #3735, #3145, #2518, .T. ) ;
#2254 = B_SPLINE_SURFACE_WITH_KNOTS ( 'NONE', 1, 3, ( 
 ( #2562, #380, #1638, #3155 ),
 ( #2549, #1952, #676, #762 ) ),
 .UNSPECIFIED., .F., .F., .F.,
 ( 2, 2 ),
 ( 4, 4 ),
 ( 0.000000000000000000, 1.000000000000000000 ),
 ( 0.000000000000000000, 1.000000000000000000 ),
 .UNSPECIFIED. ) ;
#2255 = CARTESIAN_POINT ( 'NONE',  ( 28.07534766793652281, -1.958405621080287817, 49.49999999999998579 ) ) ;
#2256 = EDGE_LOOP ( 'NONE', ( #1499, #3810, #1328, #3823 ) ) ;
#2257 = LINE ( 'NONE', #1299, #3687 ) ;
#2258 = ADVANCED_FACE ( 'NONE', ( #1155 ), #2466, .T. ) ;
#2259 = AXIS2_PLACEMENT_3D ( 'NONE', #1495, #2188, #670 ) ;
#2260 = CARTESIAN_POINT ( 'NONE',  ( -27.58178329828401942, 2.496080352687763959, 51.75000000000002132 ) ) ;
#2261 = VERTEX_POINT ( 'NONE', #2158 ) ;
#2262 = CIRCLE ( 'NONE', #3665, 2.000000000000001776 ) ;
#2263 = DIRECTION ( 'NONE',  ( 2.523234146875355505E-16, -3.469446951953614189E-15, 1.000000000000000000 ) ) ;
#2264 = CARTESIAN_POINT ( 'NONE',  ( 29.50000000000001066, 1.859589987810691625, 49.29437994959778990 ) ) ;
#2265 = ORIENTED_EDGE ( 'NONE', *, *, #1775, .F. ) ;
#2266 = LINE ( 'NONE', #3085, #3115 ) ;
#2267 = DIRECTION ( 'NONE',  ( 0.000000000000000000, -1.000000000000000000, -2.775557561562890957E-15 ) ) ;
#2268 = PRODUCT_DEFINITION ( 'UNKNOWN', '', #3525, #1032 ) ;
#2269 =( LENGTH_UNIT ( ) NAMED_UNIT ( * ) SI_UNIT ( .MILLI., .METRE. ) );
#2270 = VERTEX_POINT ( 'NONE', #3899 ) ;
#2271 = VECTOR ( 'NONE', #2899, 1000.000000000000000 ) ;
#2272 = EDGE_CURVE ( 'NONE', #226, #2945, #3215, .T. ) ;
#2273 = LINE ( 'NONE', #3612, #1073 ) ;
#2274 = ORIENTED_EDGE ( 'NONE', *, *, #1871, .T. ) ;
#2275 = LINE ( 'NONE', #1386, #263 ) ;
#2276 = CARTESIAN_POINT ( 'NONE',  ( -31.38105445168422492, 2.003919848069279919, 50.73192317175416832 ) ) ;
#2277 = EDGE_CURVE ( 'NONE', #1740, #465, #1114, .T. ) ;
#2278 = CIRCLE ( 'NONE', #3383, 2.750000000000000888 ) ;
#2279 = DIRECTION ( 'NONE',  ( 1.000000000000000000, -3.469446951953617344E-15, 0.000000000000000000 ) ) ;
#2280 = FACE_BOUND ( 'NONE', #1865, .T. ) ;
#2281 = VECTOR ( 'NONE', #1438, 1000.000000000000000 ) ;
#2282 = AXIS2_PLACEMENT_3D ( 'NONE', #3675, #333, #940 ) ;
#2283 = ORIENTED_EDGE ( 'NONE', *, *, #1942, .F. ) ;
#2284 = CARTESIAN_POINT ( 'NONE',  ( 27.64041001218938831, 2.455620050402127053, 51.74999999999999289 ) ) ;
#2285 = AXIS2_PLACEMENT_3D ( 'NONE', #1041, #3125, #2279 ) ;
#2286 = ORIENTED_EDGE ( 'NONE', *, *, #1942, .T. ) ;
#2287 = CARTESIAN_POINT ( 'NONE',  ( -31.49999999999995737, -8.326672684688674053E-14, -18.25000000000000355 ) ) ;
#2288 = ORIENTED_EDGE ( 'NONE', *, *, #1081, .T. ) ;
#2289 = CARTESIAN_POINT ( 'NONE',  ( -12.25000000000001066, -14.99999999999998579, -51.75000000000006395 ) ) ;
#2290 = CARTESIAN_POINT ( 'NONE',  ( 14.99999999999998934, -14.99999999999998579, -59.75000000000002132 ) ) ;
#2291 = EDGE_LOOP ( 'NONE', ( #1810, #1143, #2557, #1099 ) ) ;
#2292 = ORIENTED_EDGE ( 'NONE', *, *, #307, .T. ) ;
#2293 = CARTESIAN_POINT ( 'NONE',  ( 29.47170277948223216, 2.127699262554969106, 50.08927422578794619 ) ) ;
#2294 = VERTEX_POINT ( 'NONE', #2212 ) ;
#2295 = CARTESIAN_POINT ( 'NONE',  ( -28.07534766793645531, 2.250000000000015543, 53.70840562108030269 ) ) ;
#2296 = ORIENTED_EDGE ( 'NONE', *, *, #1150, .F. ) ;
#2297 = EDGE_CURVE ( 'NONE', #783, #1990, #3121, .T. ) ;
#2298 = CARTESIAN_POINT ( 'NONE',  ( -28.25915314761174812, 2.000000000000011102, 52.30632502033335385 ) ) ;
#2299 = B_SPLINE_SURFACE_WITH_KNOTS ( 'NONE', 1, 3, ( 
 ( #1918, #3459, #475, #3674 ),
 ( #2234, #770, #2755, #3055 ) ),
 .UNSPECIFIED., .F., .F., .F.,
 ( 2, 2 ),
 ( 4, 4 ),
 ( 0.000000000000000000, 1.000000000000000000 ),
 ( 0.000000000000000000, 1.000000000000000000 ),
 .UNSPECIFIED. ) ;
#2300 = ORIENTED_EDGE ( 'NONE', *, *, #1257, .T. ) ;
#2301 = CARTESIAN_POINT ( 'NONE',  ( 29.50000000000001776, -6.591949208711866959E-14, -3.997563036239515018E-16 ) ) ;
#2302 = EDGE_CURVE ( 'NONE', #2766, #3787, #1429, .T. ) ;
#2303 = ORIENTED_EDGE ( 'NONE', *, *, #1403, .T. ) ;
#2304 = CIRCLE ( 'NONE', #925, 2.749999999999999112 ) ;
#2305 = B_SPLINE_SURFACE_WITH_KNOTS ( 'NONE', 1, 3, ( 
 ( #2051, #2019, #834, #2034 ),
 ( #2374, #2082, #1452, #284 ) ),
 .UNSPECIFIED., .F., .F., .F.,
 ( 2, 2 ),
 ( 4, 4 ),
 ( 0.000000000000000000, 1.000000000000000000 ),
 ( 0.000000000000000000, 1.000000000000000000 ),
 .UNSPECIFIED. ) ;
#2306 = EDGE_CURVE ( 'NONE', #1372, #89, #743, .T. ) ;
#2307 = EDGE_LOOP ( 'NONE', ( #2630, #2265, #2587, #3005 ) ) ;
#2308 = DIRECTION ( 'NONE',  ( -1.000000000000000000, 0.000000000000000000, 2.523234146875355505E-16 ) ) ;
#2309 = AXIS2_PLACEMENT_3D ( 'NONE', #1974, #1696, #3543 ) ;
#2310 = VECTOR ( 'NONE', #2534, 1000.000000000000000 ) ;
#2311 = CARTESIAN_POINT ( 'NONE',  ( 31.45840562108029204, 1.424652332063454763, 49.49999999999998579 ) ) ;
#2312 = DIRECTION ( 'NONE',  ( 1.676061329446190477E-16, 0.000000000000000000, 1.000000000000000000 ) ) ;
#2313 = ORIENTED_EDGE ( 'NONE', *, *, #807, .F. ) ;
#2314 = CIRCLE ( 'NONE', #3520, 2.749999999999999112 ) ;
#2315 = VECTOR ( 'NONE', #2987, 1000.000000000000000 ) ;
#2316 = ORIENTED_EDGE ( 'NONE', *, *, #1122, .T. ) ;
#2317 = VECTOR ( 'NONE', #69, 1000.000000000000000 ) ;
#2318 = ORIENTED_EDGE ( 'NONE', *, *, #1878, .F. ) ;
#2319 = DIRECTION ( 'NONE',  ( 0.000000000000000000, 0.000000000000000000, 1.000000000000000000 ) ) ;
#2320 = EDGE_CURVE ( 'NONE', #3216, #3828, #742, .T. ) ;
#2321 = DIRECTION ( 'NONE',  ( 1.000000000000000000, 5.204170427930411817E-15, 0.000000000000000000 ) ) ;
#2322 = FACE_OUTER_BOUND ( 'NONE', #1496, .T. ) ;
#2323 = B_SPLINE_CURVE_WITH_KNOTS ( 'NONE', 1,
 ( #2396, #1821 ),
 .UNSPECIFIED., .F., .F.,
 ( 2, 2 ),
 ( 0.000000000000000000, 1.000000000000000000 ),
 .UNSPECIFIED. ) ;
#2324 = CARTESIAN_POINT ( 'NONE',  ( -27.50000000000004974, 28.00000000000001421, 49.75000000000001421 ) ) ;
#2325 = CIRCLE ( 'NONE', #2963, 2.649999999999999467 ) ;
#2326 = CARTESIAN_POINT ( 'NONE',  ( 27.73607344214862280, 2.372300737444965613, 51.73670284159808830 ) ) ;
#2327 = EDGE_CURVE ( 'NONE', #2061, #1916, #454, .T. ) ;
#2328 = DIRECTION ( 'NONE',  ( -3.469446951953599200E-15, -1.000000000000000000, 0.000000000000000000 ) ) ;
#2329 = ORIENTED_EDGE ( 'NONE', *, *, #3109, .F. ) ;
#2330 = ADVANCED_FACE ( 'NONE', ( #1522 ), #832, .F. ) ;
#2331 = ORIENTED_EDGE ( 'NONE', *, *, #1205, .F. ) ;
#2332 = B_SPLINE_SURFACE_WITH_KNOTS ( 'NONE', 1, 3, ( 
 ( #47, #605, #312, #3656 ),
 ( #1502, #1515, #924, #3009 ) ),
 .UNSPECIFIED., .F., .F., .F.,
 ( 2, 2 ),
 ( 4, 4 ),
 ( 0.000000000000000000, 1.000000000000000000 ),
 ( 0.000000000000000000, 1.000000000000000000 ),
 .UNSPECIFIED. ) ;
#2333 = ORIENTED_EDGE ( 'NONE', *, *, #3441, .T. ) ;
#2334 = AXIS2_PLACEMENT_3D ( 'NONE', #3213, #2021, #502 ) ;
#2335 = MANIFOLD_SOLID_BREP ( 'Verrundung2', #70 ) ;
#2336 = CARTESIAN_POINT ( 'NONE',  ( 26.46311994552299751, -13.34794407082006629, -51.75000000000002132 ) ) ;
#2337 = DIRECTION ( 'NONE',  ( 3.673532066774415580E-15, 2.668805347656641469E-16, 1.000000000000000000 ) ) ;
#2338 = VERTEX_POINT ( 'NONE', #75 ) ;
#2339 = DIRECTION ( 'NONE',  ( 0.000000000000000000, 0.000000000000000000, -1.000000000000000000 ) ) ;
#2340 = ORIENTED_EDGE ( 'NONE', *, *, #2306, .F. ) ;
#2341 = VERTEX_POINT ( 'NONE', #3066 ) ;
#2342 = CARTESIAN_POINT ( 'NONE',  ( -27.49999999999992184, 1.133974596215558739, 51.74999999999999289 ) ) ;
#2343 =( NAMED_UNIT ( * ) PLANE_ANGLE_UNIT ( ) SI_UNIT ( $, .RADIAN. ) );
#2344 = CARTESIAN_POINT ( 'NONE',  ( 27.50000000000003197, 0.1000000000000825229, 53.75000000000011369 ) ) ;
#2345 = EDGE_CURVE ( 'NONE', #20, #1835, #590, .T. ) ;
#2346 = ORIENTED_EDGE ( 'NONE', *, *, #115, .F. ) ;
#2347 = DIRECTION ( 'NONE',  ( 1.000000000000000000, 0.000000000000000000, 0.000000000000000000 ) ) ;
#2348 = CARTESIAN_POINT ( 'NONE',  ( 31.33448753050002011, 2.000000000000002220, 50.88872972141772522 ) ) ;
#2349 = CARTESIAN_POINT ( 'NONE',  ( -28.06936486070884840, 0.08275623475000526419, -18.25000000000000355 ) ) ;
#2350 = ADVANCED_FACE ( 'NONE', ( #2654 ), #3809, .T. ) ;
#2351 = ORIENTED_EDGE ( 'NONE', *, *, #2545, .T. ) ;
#2352 = DIRECTION ( 'NONE',  ( 0.000000000000000000, -1.000000000000000000, 0.000000000000000000 ) ) ;
#2353 = DIRECTION ( 'NONE',  ( 0.000000000000000000, -3.491481338843133355E-15, 1.000000000000000000 ) ) ;
#2354 = EDGE_CURVE ( 'NONE', #660, #2906, #3742, .T. ) ;
#2355 = VECTOR ( 'NONE', #1345, 1000.000000000000000 ) ;
#2356 = DIRECTION ( 'NONE',  ( 0.000000000000000000, 0.000000000000000000, -1.000000000000000000 ) ) ;
#2357 = CARTESIAN_POINT ( 'NONE',  ( 27.49999999999998224, -49.99999999999998579, -51.75000000000019185 ) ) ;
#2358 = VERTEX_POINT ( 'NONE', #1586 ) ;
#2359 = CARTESIAN_POINT ( 'NONE',  ( -31.49022726805224792, 1.643586019059522618, 49.33724409941129352 ) ) ;
#2360 = LINE ( 'NONE', #1920, #446 ) ;
#2361 = APPLICATION_PROTOCOL_DEFINITION ( 'draft international standard', 'automotive_design', 1998, #2639 ) ;
#2362 = AXIS2_PLACEMENT_3D ( 'NONE', #2908, #3544, #2883 ) ;
#2363 = ORIENTED_EDGE ( 'NONE', *, *, #1451, .F. ) ;
#2364 = CARTESIAN_POINT ( 'NONE',  ( 29.50000000000002842, 2.000000000000022649, 49.25000000000000711 ) ) ;
#2365 = LINE ( 'NONE', #2244, #919 ) ;
#2366 = CARTESIAN_POINT ( 'NONE',  ( -29.50000000000005684, 28.00000000000002487, -18.25000000000000355 ) ) ;
#2367 = CARTESIAN_POINT ( 'NONE',  ( 28.06936486070884129, 0.08275623474999571627, 49.74999999999998579 ) ) ;
#2368 = AXIS2_PLACEMENT_3D ( 'NONE', #3606, #3651, #3620 ) ;
#2369 = FACE_OUTER_BOUND ( 'NONE', #2901, .T. ) ;
#2370 = DIRECTION ( 'NONE',  ( -1.000000000000000000, 3.491481338843138483E-15, 2.103147545604541420E-14 ) ) ;
#2371 = CARTESIAN_POINT ( 'NONE',  ( -27.24999999999992184, 1.566987298107794802, 53.74999999999998579 ) ) ;
#2372 = LINE ( 'NONE', #1284, #3846 ) ;
#2373 = ORIENTED_EDGE ( 'NONE', *, *, #2380, .T. ) ;
#2374 = CARTESIAN_POINT ( 'NONE',  ( 29.41724376525003137, 1.999999999999988232, 50.31936486070886616 ) ) ;
#2375 = ADVANCED_FACE ( 'NONE', ( #3786 ), #1230, .T. ) ;
#2376 = LINE ( 'NONE', #29, #216 ) ;
#2377 = VECTOR ( 'NONE', #1860, 1000.000000000000000 ) ;
#2378 = DIRECTION ( 'NONE',  ( 1.000000000000000000, 3.484141666251191719E-15, -1.046064407624207162E-16 ) ) ;
#2379 = LINE ( 'NONE', #3583, #3415 ) ;
#2380 = EDGE_CURVE ( 'NONE', #2358, #3590, #540, .T. ) ;
#2381 = CIRCLE ( 'NONE', #2362, 0.5000000000000004441 ) ;
#2382 = CARTESIAN_POINT ( 'NONE',  ( 28.06936486070885906, 0.08275623475000244700, -18.25000000000002487 ) ) ;
#2383 = CARTESIAN_POINT ( 'NONE',  ( 17.50000000000007816, 23.00000000000006395, 51.75000000000004263 ) ) ;
#2384 = ORIENTED_EDGE ( 'NONE', *, *, #3678, .F. ) ;
#2385 = DIRECTION ( 'NONE',  ( -1.000000000000000000, 0.000000000000000000, 0.000000000000000000 ) ) ;
#2386 = DIRECTION ( 'NONE',  ( -1.000000000000000000, 3.469446951953613400E-15, 9.912705577010257757E-17 ) ) ;
#2387 = AXIS2_PLACEMENT_3D ( 'NONE', #2856, #1663, #1958 ) ;
#2388 = CARTESIAN_POINT ( 'NONE',  ( 29.50000000000002842, 2.000000000000022649, 51.74999999999999289 ) ) ;
#2389 = VERTEX_POINT ( 'NONE', #2175 ) ;
#2390 = AXIS2_PLACEMENT_3D ( 'NONE', #3693, #3058, #3652 ) ;
#2391 = ORIENTED_EDGE ( 'NONE', *, *, #3397, .T. ) ;
#2392 = DIRECTION ( 'NONE',  ( -1.000000000000000000, -3.469446951953611033E-15, 0.000000000000000000 ) ) ;
#2393 = DIRECTION ( 'NONE',  ( 3.652049423109187931E-15, -1.000000000000000000, 1.671738679439593699E-29 ) ) ;
#2394 = ORIENTED_EDGE ( 'NONE', *, *, #2762, .F. ) ;
#2395 = ADVANCED_FACE ( 'NONE', ( #119 ), #2405, .F. ) ;
#2396 = CARTESIAN_POINT ( 'NONE',  ( 29.47920281054017977, 2.249999999999988010, 50.03767383396827029 ) ) ;
#2397 = CARTESIAN_POINT ( 'NONE',  ( -27.49999999999990763, 2.500000000000015987, 53.74999999999999289 ) ) ;
#2398 = ORIENTED_EDGE ( 'NONE', *, *, #2327, .T. ) ;
#2399 = CARTESIAN_POINT ( 'NONE',  ( -31.49999999999998579, 1.836425025856675664, 49.25391984806928747 ) ) ;
#2400 = ORIENTED_EDGE ( 'NONE', *, *, #61, .T. ) ;
#2401 = CARTESIAN_POINT ( 'NONE',  ( 31.50000000000001421, 2.000000000000030198, 49.25000000000002132 ) ) ;
#2402 = EDGE_CURVE ( 'NONE', #170, #2644, #3494, .T. ) ;
#2403 = DIRECTION ( 'NONE',  ( 0.000000000000000000, 1.470776148866217010E-29, 1.000000000000000000 ) ) ;
#2404 = VERTEX_POINT ( 'NONE', #1960 ) ;
#2405 = PLANE ( 'NONE',  #1507 ) ;
#2406 = DIRECTION ( 'NONE',  ( 0.000000000000000000, -1.000000000000000000, -2.523234146875353335E-15 ) ) ;
#2407 = FACE_OUTER_BOUND ( 'NONE', #2251, .T. ) ;
#2408 = CARTESIAN_POINT ( 'NONE',  ( 27.64041001218935278, -5.090653988198588317E-17, -17.79437994959784319 ) ) ;
#2409 = B_SPLINE_CURVE_WITH_KNOTS ( 'NONE', 3,
 ( #3181, #1144, #3510, #1706 ),
 .UNSPECIFIED., .F., .F.,
 ( 4, 4 ),
 ( 0.000000000000000000, 1.000000000000000000 ),
 .UNSPECIFIED. ) ;
#2410 = CARTESIAN_POINT ( 'NONE',  ( 31.50000000000001421, 1.719403141935422319, 49.29434468106666856 ) ) ;
#2411 = CARTESIAN_POINT ( 'NONE',  ( -31.50000000000004974, 27.74341649025258150, 40.98024947075769120 ) ) ;
#2412 = CARTESIAN_POINT ( 'NONE',  ( 27.00000000000001066, 0.000000000000000000, 51.75000000000000711 ) ) ;
#2413 = EDGE_CURVE ( 'NONE', #192, #1131, #1985, .T. ) ;
#2414 = CARTESIAN_POINT ( 'NONE',  ( -27.24999999999992539, 1.566987298107781035, 51.74999999999990052 ) ) ;
#2415 = ORIENTED_EDGE ( 'NONE', *, *, #3320, .F. ) ;
#2416 = VECTOR ( 'NONE', #1317, 1000.000000000000000 ) ;
#2417 = DIRECTION ( 'NONE',  ( 1.000000000000000000, 0.000000000000000000, -1.005636797667714286E-16 ) ) ;
#2418 = ORIENTED_EDGE ( 'NONE', *, *, #1039, .F. ) ;
#2419 = ADVANCED_FACE ( 'NONE', ( #2513 ), #3162, .F. ) ;
#2420 = AXIS2_PLACEMENT_3D ( 'NONE', #3895, #3295, #616 ) ;
#2421 = FACE_OUTER_BOUND ( 'NONE', #137, .T. ) ;
#2422 = CYLINDRICAL_SURFACE ( 'NONE', #2390, 4.000000000000000000 ) ;
#2423 = VERTEX_POINT ( 'NONE', #932 ) ;
#2424 = DIRECTION ( 'NONE',  ( -1.000000000000000000, -1.617164855703074201E-29, -3.265361837132811220E-15 ) ) ;
#2425 = CARTESIAN_POINT ( 'NONE',  ( 29.46329281890986351, 1.602865045720676562, 49.66274739132298066 ) ) ;
#2426 = DIRECTION ( 'NONE',  ( 0.000000000000000000, 1.391890058344115830E-29, 1.000000000000000000 ) ) ;
#2427 = VECTOR ( 'NONE', #3393, 1000.000000000000000 ) ;
#2428 = CARTESIAN_POINT ( 'NONE',  ( 28.07534766793651926, -1.958405621080287817, 49.49999999999998579 ) ) ;
#2429 = VECTOR ( 'NONE', #2106, 1000.000000000000000 ) ;
#2430 = FACE_OUTER_BOUND ( 'NONE', #60, .T. ) ;
#2431 = VERTEX_POINT ( 'NONE', #3334 ) ;
#2432 = CARTESIAN_POINT ( 'NONE',  ( -17.50000000000001421, -26.70060973342834743, -51.75000000000002132 ) ) ;
#2433 = DIRECTION ( 'NONE',  ( 1.000000000000000000, 0.000000000000000000, 0.000000000000000000 ) ) ;
#2434 = EDGE_CURVE ( 'NONE', #1635, #2641, #1933, .T. ) ;
#2435 = ORIENTED_EDGE ( 'NONE', *, *, #960, .F. ) ;
#2436 = ORIENTED_EDGE ( 'NONE', *, *, #169, .T. ) ;
#2437 = ADVANCED_FACE ( 'NONE', ( #303 ), #1207, .T. ) ;
#2438 = EDGE_LOOP ( 'NONE', ( #724, #1168, #3740, #353 ) ) ;
#2439 = ORIENTED_EDGE ( 'NONE', *, *, #2402, .T. ) ;
#2440 = AXIS2_PLACEMENT_3D ( 'NONE', #674, #3217, #3888 ) ;
#2441 = CARTESIAN_POINT ( 'NONE',  ( 27.97223694937770944, -1.973392592386648436, -17.87780599649033064 ) ) ;
#2442 = CARTESIAN_POINT ( 'NONE',  ( 19.99999999999981526, 14.00000000000003908, 51.75000000000011369 ) ) ;
#2443 = ORIENTED_EDGE ( 'NONE', *, *, #2122, .T. ) ;
#2444 = EDGE_CURVE ( 'NONE', #2811, #2358, #738, .T. ) ;
#2445 = ORIENTED_EDGE ( 'NONE', *, *, #2297, .T. ) ;
#2446 = ORIENTED_EDGE ( 'NONE', *, *, #782, .F. ) ;
#2447 = CARTESIAN_POINT ( 'NONE',  ( -27.49999999999990763, 2.500000000000015987, 53.74999999999999289 ) ) ;
#2448 = CARTESIAN_POINT ( 'NONE',  ( -31.33448753049995616, 2.000000000000029754, 50.88872972141771100 ) ) ;
#2449 = CARTESIAN_POINT ( 'NONE',  ( 27.50000000000003197, 0.1000000000000825229, 51.75000000000010658 ) ) ;
#2450 = VERTEX_POINT ( 'NONE', #1276 ) ;
#2451 = CARTESIAN_POINT ( 'NONE',  ( 31.47339259238666287, 1.527763050622344077, 49.37780599649028801 ) ) ;
#2452 =( LENGTH_UNIT ( ) NAMED_UNIT ( * ) SI_UNIT ( .MILLI., .METRE. ) );
#2453 = DIRECTION ( 'NONE',  ( 0.000000000000000000, 1.667991375171469962E-29, 1.000000000000000000 ) ) ;
#2454 = ORIENTED_EDGE ( 'NONE', *, *, #1775, .T. ) ;
#2455 = FACE_BOUND ( 'NONE', #181, .T. ) ;
#2456 = ADVANCED_FACE ( 'NONE', ( #451 ), #79, .F. ) ;
#2457 = ORIENTED_EDGE ( 'NONE', *, *, #3409, .F. ) ;
#2458 = EDGE_CURVE ( 'NONE', #3730, #1506, #1203, .T. ) ;
#2459 = VECTOR ( 'NONE', #1002, 1000.000000000000000 ) ;
#2460 = CARTESIAN_POINT ( 'NONE',  ( 0.000000000000000000, 0.000000000000000000, 0.000000000000000000 ) ) ;
#2461 = CARTESIAN_POINT ( 'NONE',  ( -27.49999999999991473, 2.000000000000015543, 53.74999999999999289 ) ) ;
#2462 = VERTEX_POINT ( 'NONE', #1944 ) ;
#2463 = LINE ( 'NONE', #2706, #1470 ) ;
#2464 = B_SPLINE_CURVE_WITH_KNOTS ( 'NONE', 3,
 ( #2728, #2408, #642, #2127 ),
 .UNSPECIFIED., .F., .F.,
 ( 4, 4 ),
 ( 0.000000000000000000, 1.000000000000000000 ),
 .UNSPECIFIED. ) ;
#2465 = EDGE_CURVE ( 'NONE', #491, #2818, #360, .T. ) ;
#2466 = PLANE ( 'NONE',  #2990 ) ;
#2467 = LINE ( 'NONE', #265, #2563 ) ;
#2468 = DIRECTION ( 'NONE',  ( 0.000000000000000000, 0.000000000000000000, -1.000000000000000000 ) ) ;
#2469 = AXIS2_PLACEMENT_3D ( 'NONE', #2512, #3123, #3717 ) ;
#2470 = CARTESIAN_POINT ( 'NONE',  ( -27.64041001218934568, -5.158580159878204407E-17, 49.29437994959784675 ) ) ;
#2471 = VECTOR ( 'NONE', #2972, 1000.000000000000000 ) ;
#2472 = ORIENTED_EDGE ( 'NONE', *, *, #409, .F. ) ;
#2473 = LINE ( 'NONE', #2916, #2941 ) ;
#2474 = DIRECTION ( 'NONE',  ( 3.390917659076337669E-15, -6.960928290796758588E-15, -1.000000000000000000 ) ) ;
#2475 = FACE_OUTER_BOUND ( 'NONE', #376, .T. ) ;
#2476 = DIRECTION ( 'NONE',  ( 1.046064407624202848E-16, 1.239088197126287119E-16, 1.000000000000000000 ) ) ;
#2477 = ADVANCED_FACE ( 'NONE', ( #1850 ), #2832, .T. ) ;
#2478 = ORIENTED_EDGE ( 'NONE', *, *, #2028, .T. ) ;
#2479 = LINE ( 'NONE', #3309, #377 ) ;
#2480 = DIRECTION ( 'NONE',  ( 9.560751856391907459E-16, -0.3162277660168378857, -0.9486832980505138790 ) ) ;
#2481 = EDGE_LOOP ( 'NONE', ( #3602, #1921, #417, #3782 ) ) ;
#2482 = EDGE_CURVE ( 'NONE', #1045, #2270, #3728, .T. ) ;
#2483 = VERTEX_POINT ( 'NONE', #2035 ) ;
#2484 = CARTESIAN_POINT ( 'NONE',  ( 27.50000000000000355, 2.000000000000000000, -18.25000000000002487 ) ) ;
#2485 = B_SPLINE_SURFACE_WITH_KNOTS ( 'NONE', 1, 3, ( 
 ( #881, #562, #2014, #2954 ),
 ( #2072, #2634, #3564, #2059 ) ),
 .UNSPECIFIED., .F., .F., .F.,
 ( 2, 2 ),
 ( 4, 4 ),
 ( 0.000000000000000000, 1.000000000000000000 ),
 ( 0.000000000000000000, 1.000000000000000000 ),
 .UNSPECIFIED. ) ;
#2486 = EDGE_LOOP ( 'NONE', ( #3421, #455, #776, #945 ) ) ;
#2487 = CARTESIAN_POINT ( 'NONE',  ( 29.49511280217046760, 2.412747391322994428, 49.92821271365725977 ) ) ;
#2488 = EDGE_CURVE ( 'NONE', #3816, #1725, #3407, .T. ) ;
#2489 = B_SPLINE_CURVE_WITH_KNOTS ( 'NONE', 3,
 ( #1744, #1157, #3282, #661 ),
 .UNSPECIFIED., .F., .F.,
 ( 4, 4 ),
 ( 0.000000000000000000, 1.000000000000000000 ),
 .UNSPECIFIED. ) ;
#2490 = ORIENTED_EDGE ( 'NONE', *, *, #215, .F. ) ;
#2491 = ORIENTED_EDGE ( 'NONE', *, *, #2854, .F. ) ;
#2492 = AXIS2_PLACEMENT_3D ( 'NONE', #239, #3830, #2597 ) ;
#2493 = CARTESIAN_POINT ( 'NONE',  ( -27.67821271365717450, 2.412747391323020629, 51.74511280217045339 ) ) ;
#2494 = CARTESIAN_POINT ( 'NONE',  ( -27.49999999999991473, 0.6000000000000518252, 53.75000000000000000 ) ) ;
#2495 = DIRECTION ( 'NONE',  ( -3.491481338843108901E-15, -6.960928290796760166E-15, -1.000000000000000000 ) ) ;
#2496 = ADVANCED_FACE ( 'NONE', ( #1151 ), #1701, .F. ) ;
#2497 = ORIENTED_EDGE ( 'NONE', *, *, #2076, .F. ) ;
#2498 = CARTESIAN_POINT ( 'NONE',  ( 27.00000000000001066, -2.000000000000000000, 51.75000000000000711 ) ) ;
#2499 = ORIENTED_EDGE ( 'NONE', *, *, #349, .T. ) ;
#2500 = DIRECTION ( 'NONE',  ( 1.000000000000000000, 0.000000000000000000, 0.000000000000000000 ) ) ;
#2501 = ORIENTED_EDGE ( 'NONE', *, *, #2949, .F. ) ;
#2502 = VECTOR ( 'NONE', #160, 1000.000000000000000 ) ;
#2503 = DIRECTION ( 'NONE',  ( 0.000000000000000000, -1.000000000000000000, -4.163336342344339393E-15 ) ) ;
#2504 = VERTEX_POINT ( 'NONE', #3655 ) ;
#2505 = CARTESIAN_POINT ( 'NONE',  ( -31.45840562108026717, 1.424652332063465421, 49.50000000000001421 ) ) ;
#2506 = CARTESIAN_POINT ( 'NONE',  ( 27.89713495427928436, 0.03670718109014299568, -18.16274739132299487 ) ) ;
#2507 = DIRECTION ( 'NONE',  ( -1.000000000000000000, -2.653106492670425978E-15, -3.265361837132812008E-15 ) ) ;
#2508 = CIRCLE ( 'NONE', #894, 2.649999999999999467 ) ;
#2509 = DIRECTION ( 'NONE',  ( 3.469446951953597623E-15, -1.000000000000000000, 0.000000000000000000 ) ) ;
#2510 = EDGE_CURVE ( 'NONE', #796, #3221, #2880, .T. ) ;
#2511 = ORIENTED_EDGE ( 'NONE', *, *, #1895, .F. ) ;
#2512 = CARTESIAN_POINT ( 'NONE',  ( -27.50000000000000711, -1.999999999999980904, -51.75000000000002132 ) ) ;
#2513 = FACE_OUTER_BOUND ( 'NONE', #2960, .T. ) ;
#2514 = VERTEX_POINT ( 'NONE', #1656 ) ;
#2515 = CARTESIAN_POINT ( 'NONE',  ( -27.49999999999998934, -2.000000000000000000, 49.75000000000001421 ) ) ;
#2516 = DIRECTION ( 'NONE',  ( 0.000000000000000000, 1.000000000000000000, -3.469446951953623261E-15 ) ) ;
#2517 = CARTESIAN_POINT ( 'NONE',  ( 31.50000000000011013, 28.00000000000000355, -18.25000000000000711 ) ) ;
#2518 = B_SPLINE_CURVE_WITH_KNOTS ( 'NONE', 1,
 ( #912, #1236 ),
 .UNSPECIFIED., .F., .F.,
 ( 2, 2 ),
 ( 0.000000000000000000, 1.000000000000000000 ),
 .UNSPECIFIED. ) ;
#2519 = LINE ( 'NONE', #1722, #785 ) ;
#2520 = ORIENTED_EDGE ( 'NONE', *, *, #1116, .T. ) ;
#2521 = CARTESIAN_POINT ( 'NONE',  ( 9.999999999999992895, -41.99999999999997868, -49.75000000000001421 ) ) ;
#2522 = FACE_OUTER_BOUND ( 'NONE', #2112, .T. ) ;
#2523 = ORIENTED_EDGE ( 'NONE', *, *, #1351, .T. ) ;
#2524 = CARTESIAN_POINT ( 'NONE',  ( -27.49999999999998934, 0.000000000000000000, 49.75000000000001421 ) ) ;
#2525 = AXIS2_PLACEMENT_3D ( 'NONE', #177, #1371, #187 ) ;
#2526 = DIRECTION ( 'NONE',  ( 0.000000000000000000, 0.000000000000000000, 1.000000000000000000 ) ) ;
#2527 = EDGE_CURVE ( 'NONE', #2928, #2245, #3448, .T. ) ;
#2528 = ORIENTED_EDGE ( 'NONE', *, *, #9, .F. ) ;
#2529 = LINE ( 'NONE', #1086, #836 ) ;
#2530 = CARTESIAN_POINT ( 'NONE',  ( 29.47920281054015135, 1.712326166031727492, 49.49999999999998579 ) ) ;
#2531 = ORIENTED_EDGE ( 'NONE', *, *, #852, .T. ) ;
#2532 = DIRECTION ( 'NONE',  ( 0.000000000000000000, 0.000000000000000000, 1.000000000000000000 ) ) ;
#2533 = EDGE_CURVE ( 'NONE', #1173, #3104, #713, .T. ) ;
#2534 = DIRECTION ( 'NONE',  ( 1.676061329446190477E-16, 0.000000000000000000, 1.000000000000000000 ) ) ;
#2535 = CARTESIAN_POINT ( 'NONE',  ( 12.50000000000008349, 23.00000000000008171, 53.75000000000004974 ) ) ;
#2536 = ORIENTED_EDGE ( 'NONE', *, *, #831, .F. ) ;
#2537 = DIRECTION ( 'NONE',  ( 0.000000000000000000, 1.000000000000000000, 0.000000000000000000 ) ) ;
#2538 = EDGE_CURVE ( 'NONE', #2389, #2514, #1803, .T. ) ;
#2539 = ORIENTED_EDGE ( 'NONE', *, *, #1116, .F. ) ;
#2540 = ORIENTED_EDGE ( 'NONE', *, *, #2527, .F. ) ;
#2541 = PLANE ( 'NONE',  #3163 ) ;
#2542 = CARTESIAN_POINT ( 'NONE',  ( 28.63872972141771100, -1.834487530499995245, -18.25000000000002487 ) ) ;
#2543 = CARTESIAN_POINT ( 'NONE',  ( 27.50000000000001066, 0.000000000000000000, 49.25000000000000711 ) ) ;
#2544 = ORIENTED_EDGE ( 'NONE', *, *, #2277, .T. ) ;
#2545 = EDGE_CURVE ( 'NONE', #3093, #428, #2314, .T. ) ;
#2546 = B_SPLINE_SURFACE_WITH_KNOTS ( 'NONE', 1, 3, ( 
 ( #73, #362, #2451, #1265 ),
 ( #345, #328, #953, #981 ) ),
 .UNSPECIFIED., .F., .F., .F.,
 ( 2, 2 ),
 ( 4, 4 ),
 ( 0.000000000000000000, 1.000000000000000000 ),
 ( 0.000000000000000000, 1.000000000000000000 ),
 .UNSPECIFIED. ) ;
#2547 = CARTESIAN_POINT ( 'NONE',  ( 12.50000000000010836, 28.00000000000008527, 51.75000000000005684 ) ) ;
#2548 = ORIENTED_EDGE ( 'NONE', *, *, #1692, .F. ) ;
#2549 = CARTESIAN_POINT ( 'NONE',  ( 27.78767383396826673, 2.249999999999985789, 51.72920281054014424 ) ) ;
#2550 = DIRECTION ( 'NONE',  ( -1.000000000000000000, 0.000000000000000000, 0.000000000000000000 ) ) ;
#2551 = ORIENTED_EDGE ( 'NONE', *, *, #2011, .F. ) ;
#2552 = VECTOR ( 'NONE', #3503, 1000.000000000000000 ) ;
#2553 = CARTESIAN_POINT ( 'NONE',  ( 27.49999999999999289, -2.000000000000000000, -18.25000000000001066 ) ) ;
#2554 = ORIENTED_EDGE ( 'NONE', *, *, #2925, .F. ) ;
#2555 = FACE_OUTER_BOUND ( 'NONE', #3451, .T. ) ;
#2556 = CARTESIAN_POINT ( 'NONE',  ( 27.93476475048445451, 0.04278397123382798872, 49.70562005040212483 ) ) ;
#2557 = ORIENTED_EDGE ( 'NONE', *, *, #3825, .F. ) ;
#2558 = EDGE_CURVE ( 'NONE', #3014, #2886, #413, .T. ) ;
#2559 = B_SPLINE_SURFACE_WITH_KNOTS ( 'NONE', 1, 3, ( 
 ( #2255, #1348, #1089, #1368 ),
 ( #2835, #3423, #1665, #469 ) ),
 .UNSPECIFIED., .F., .F., .F.,
 ( 2, 2 ),
 ( 4, 4 ),
 ( 0.000000000000000000, 1.000000000000000000 ),
 ( 0.000000000000000000, 1.000000000000000000 ),
 .UNSPECIFIED. ) ;
#2560 = LINE ( 'NONE', #2698, #3696 ) ;
#2561 = CARTESIAN_POINT ( 'NONE',  ( 27.78767383396826318, 0.02079718945985744097, -18.00000000000001066 ) ) ;
#2562 = CARTESIAN_POINT ( 'NONE',  ( 28.07534766793649794, 2.249999999999985789, 53.70840562108029559 ) ) ;
#2563 = VECTOR ( 'NONE', #250, 1000.000000000000000 ) ;
#2564 = EDGE_LOOP ( 'NONE', ( #3513, #1456, #6, #3242 ) ) ;
#2565 = EDGE_CURVE ( 'NONE', #1947, #518, #1334, .T. ) ;
#2566 = ADVANCED_FACE ( 'NONE', ( #3591 ), #1590, .T. ) ;
#2567 = PLANE ( 'NONE',  #3219 ) ;
#2568 = LINE ( 'NONE', #3394, #162 ) ;
#2569 = B_SPLINE_CURVE_WITH_KNOTS ( 'NONE', 1,
 ( #2809, #1343 ),
 .UNSPECIFIED., .F., .F.,
 ( 2, 2 ),
 ( 0.000000000000000000, 1.000000000000000000 ),
 .UNSPECIFIED. ) ;
#2570 = CARTESIAN_POINT ( 'NONE',  ( 29.50000000000011724, 28.00000000000001066, -18.25000000000000711 ) ) ;
#2571 = AXIS2_PLACEMENT_3D ( 'NONE', #792, #2873, #3477 ) ;
#2572 = LINE ( 'NONE', #1373, #1672 ) ;
#2573 = CIRCLE ( 'NONE', #337, 0.5000000000000000000 ) ;
#2574 = CARTESIAN_POINT ( 'NONE',  ( -26.99999999999998224, -2.000000000000000000, 50.61602540378445525 ) ) ;
#2575 = ORIENTED_EDGE ( 'NONE', *, *, #2402, .F. ) ;
#2576 = VECTOR ( 'NONE', #2982, 1000.000000000000000 ) ;
#2577 = AXIS2_PLACEMENT_3D ( 'NONE', #2517, #2476, #1581 ) ;
#2578 = CARTESIAN_POINT ( 'NONE',  ( -27.50000000000001066, -1.908195823574487804E-14, -47.75000000000000711 ) ) ;
#2579 = ORIENTED_EDGE ( 'NONE', *, *, #3635, .F. ) ;
#2580 = CARTESIAN_POINT ( 'NONE',  ( -31.33448753049997748, 0.8612702785822918816, 49.75000000000001421 ) ) ;
#2581 = ORIENTED_EDGE ( 'NONE', *, *, #733, .F. ) ;
#2582 =( NAMED_UNIT ( * ) SI_UNIT ( $, .STERADIAN. ) SOLID_ANGLE_UNIT ( ) );
#2583 = ORIENTED_EDGE ( 'NONE', *, *, #2636, .T. ) ;
#2584 = CARTESIAN_POINT ( 'NONE',  ( 28.36958189906642502, -1.914416496842544779, 49.70562868867487794 ) ) ;
#2585 = ADVANCED_FACE ( 'NONE', ( #3540 ), #3210, .T. ) ;
#2586 = EDGE_LOOP ( 'NONE', ( #3136, #2009, #3385, #963, #2443, #1517, #1149, #2220, #358, #2782 ) ) ;
#2587 = ORIENTED_EDGE ( 'NONE', *, *, #2113, .F. ) ;
#2588 = CARTESIAN_POINT ( 'NONE',  ( 27.00000000000003197, 1.133974596215505004, 53.74999999999999289 ) ) ;
#2589 = DIRECTION ( 'NONE',  ( -1.000000000000000000, -2.653106492670425978E-15, -3.265361837132812008E-15 ) ) ;
#2590 = EDGE_CURVE ( 'NONE', #474, #2975, #690, .T. ) ;
#2591 = CARTESIAN_POINT ( 'NONE',  ( 27.97212895450961412, -1.973408289260959680, -17.87767801440005400 ) ) ;
#2592 = ORIENTED_EDGE ( 'NONE', *, *, #3138, .T. ) ;
#2593 = ORIENTED_EDGE ( 'NONE', *, *, #2354, .F. ) ;
#2594 = AXIS2_PLACEMENT_3D ( 'NONE', #1683, #1694, #2929 ) ;
#2595 = VERTEX_POINT ( 'NONE', #1778 ) ;
#2596 = CARTESIAN_POINT ( 'NONE',  ( -31.33448753049995616, 2.000000000000029754, 50.88872972141771100 ) ) ;
#2597 = DIRECTION ( 'NONE',  ( 0.000000000000000000, -1.000000000000000000, -3.469446951953614189E-15 ) ) ;
#2598 = CIRCLE ( 'NONE', #1639, 0.4999999999999991673 ) ;
#2599 = CARTESIAN_POINT ( 'NONE',  ( -17.75000000000000711, -14.99999999999998579, -51.75000000000006395 ) ) ;
#2600 = VERTEX_POINT ( 'NONE', #370 ) ;
#2601 = B_SPLINE_SURFACE_WITH_KNOTS ( 'NONE', 1, 3, ( 
 ( #1754, #560, #3246, #3517 ),
 ( #2923, #224, #2656, #3528 ) ),
 .UNSPECIFIED., .F., .F., .F.,
 ( 2, 2 ),
 ( 4, 4 ),
 ( 0.000000000000000000, 1.000000000000000000 ),
 ( 0.000000000000000000, 1.000000000000000000 ),
 .UNSPECIFIED. ) ;
#2602 = DIRECTION ( 'NONE',  ( 0.000000000000000000, 0.000000000000000000, -1.000000000000000000 ) ) ;
#2603 = CIRCLE ( 'NONE', #91, 0.5000000000000004441 ) ;
#2604 = ORIENTED_EDGE ( 'NONE', *, *, #521, .T. ) ;
#2605 = VERTEX_POINT ( 'NONE', #3679 ) ;
#2606 = EDGE_CURVE ( 'NONE', #3562, #2504, #1616, .T. ) ;
#2607 = COLOUR_RGB ( '',0.6470588235294117974, 0.6196078431372549211, 0.5882352941176470784 ) ;
#2608 = ORIENTED_EDGE ( 'NONE', *, *, #61, .F. ) ;
#2609 = DIRECTION ( 'NONE',  ( 0.000000000000000000, 0.000000000000000000, -1.000000000000000000 ) ) ;
#2610 = CARTESIAN_POINT ( 'NONE',  ( 27.50000000000001066, 2.499999999999967581, 53.74999999999999289 ) ) ;
#2611 = CARTESIAN_POINT ( 'NONE',  ( 29.41724376525002782, 2.000000000000009326, 50.31936486070886616 ) ) ;
#2612 = EDGE_CURVE ( 'NONE', #1699, #3485, #2816, .T. ) ;
#2613 = CIRCLE ( 'NONE', #1534, 5.000000000000000888 ) ;
#2614 = CARTESIAN_POINT ( 'NONE',  ( -31.44340295289958220, 1.321433618636465468, 49.62232198560000995 ) ) ;
#2615 = CARTESIAN_POINT ( 'NONE',  ( 27.00000000000002487, 0.1000000000000807882, 51.75000000000011369 ) ) ;
#2616 = CARTESIAN_POINT ( 'NONE',  ( 31.50000000000001421, 2.000000000000030198, 49.25000000000002132 ) ) ;
#2617 = LINE ( 'NONE', #1461, #2429 ) ;
#2618 = LINE ( 'NONE', #1953, #2844 ) ;
#2619 = ORIENTED_EDGE ( 'NONE', *, *, #1061, .T. ) ;
#2620 = CARTESIAN_POINT ( 'NONE',  ( -17.50000000000000711, -45.00000000000000000, -49.75000000000001421 ) ) ;
#2621 = EDGE_CURVE ( 'NONE', #2010, #3339, #390, .T. ) ;
#2622 = DIRECTION ( 'NONE',  ( -5.544569336209520398E-15, 1.000000000000000000, -2.885488377511136146E-29 ) ) ;
#2623 = ORIENTED_EDGE ( 'NONE', *, *, #2253, .T. ) ;
#2624 = VERTEX_POINT ( 'NONE', #3826 ) ;
#2625 = CARTESIAN_POINT ( 'NONE',  ( -29.44052603336788465, 2.003919647312286223, 50.24096560134046285 ) ) ;
#2626 = CARTESIAN_POINT ( 'NONE',  ( -17.50000000000001421, -24.99999999999998224, -49.75000000000001421 ) ) ;
#2627 = VERTEX_POINT ( 'NONE', #2620 ) ;
#2628 = ORIENTED_EDGE ( 'NONE', *, *, #741, .F. ) ;
#2629 = DIRECTION ( 'NONE',  ( -1.000000000000000000, -3.469446951953614189E-15, 1.486905836551548832E-16 ) ) ;
#2630 = ORIENTED_EDGE ( 'NONE', *, *, #1673, .F. ) ;
#2631 = CARTESIAN_POINT ( 'NONE',  ( 31.41436852600369178, 2.044344681066667668, 50.61974343308112623 ) ) ;
#2632 = CARTESIAN_POINT ( 'NONE',  ( 27.50000000000000000, 0.000000000000000000, -51.75000000000000711 ) ) ;
#2633 = EDGE_LOOP ( 'NONE', ( #2283, #3695, #17, #910, #3887, #952, #1187, #677, #33, #2531, #2879, #3476, #2551, #3108 ) ) ;
#2634 = CARTESIAN_POINT ( 'NONE',  ( -27.64041001218934568, -5.158580159878204407E-17, 49.29437994959784675 ) ) ;
#2635 = CARTESIAN_POINT ( 'NONE',  ( 27.25000000000000000, -2.000000000000000000, -18.68301270189223118 ) ) ;
#2636 = EDGE_CURVE ( 'NONE', #89, #2270, #3707, .T. ) ;
#2637 = DIRECTION ( 'NONE',  ( -1.000000000000000000, 0.000000000000000000, 1.676061329446190477E-16 ) ) ;
#2638 = ORIENTED_EDGE ( 'NONE', *, *, #1508, .T. ) ;
#2639 = APPLICATION_CONTEXT ( 'automotive_design' ) ;
#2640 = AXIS2_PLACEMENT_3D ( 'NONE', #1825, #2110, #1469 ) ;
#2641 = VERTEX_POINT ( 'NONE', #825 ) ;
#2642 = FACE_BOUND ( 'NONE', #3118, .T. ) ;
#2643 = B_SPLINE_CURVE_WITH_KNOTS ( 'NONE', 3,
 ( #2348, #2631, #1715, #2659 ),
 .UNSPECIFIED., .F., .F.,
 ( 4, 4 ),
 ( 0.000000000000000000, 1.000000000000000000 ),
 .UNSPECIFIED. ) ;
#2644 = VERTEX_POINT ( 'NONE', #2578 ) ;
#2645 = DIRECTION ( 'NONE',  ( 0.000000000000000000, 0.000000000000000000, 1.000000000000000000 ) ) ;
#2646 = AXIS2_PLACEMENT_3D ( 'NONE', #2711, #1552, #68 ) ;
#2647 = VECTOR ( 'NONE', #2163, 1000.000000000000000 ) ;
#2648 = CARTESIAN_POINT ( 'NONE',  ( -28.06936486070883774, 0.08275623475000287721, 49.75000000000001421 ) ) ;
#2649 = CARTESIAN_POINT ( 'NONE',  ( 28.07534766793651926, -1.958405621080287817, 49.49999999999998579 ) ) ;
#2650 = ORIENTED_EDGE ( 'NONE', *, *, #2151, .T. ) ;
#2651 = VECTOR ( 'NONE', #1964, 1000.000000000000000 ) ;
#2652 = DIRECTION ( 'NONE',  ( -9.912705577010326782E-17, -1.982541115402061659E-16, -1.000000000000000000 ) ) ;
#2653 = ADVANCED_FACE ( 'NONE', ( #2797 ), #2694, .T. ) ;
#2654 = FACE_OUTER_BOUND ( 'NONE', #2820, .T. ) ;
#2655 = EDGE_LOOP ( 'NONE', ( #1875, #301, #957, #2331 ) ) ;
#2656 = CARTESIAN_POINT ( 'NONE',  ( -29.47170277948216821, 1.660725774212015171, 49.62230073744505887 ) ) ;
#2657 = CIRCLE ( 'NONE', #1726, 5.000000000000000888 ) ;
#2658 = CARTESIAN_POINT ( 'NONE',  ( -7.250000000000006217, -41.99999999999997868, -59.75000000000001421 ) ) ;
#2659 = CARTESIAN_POINT ( 'NONE',  ( 31.45840562108032046, 2.249999999999981348, 50.32534766793654768 ) ) ;
#2660 = EDGE_CURVE ( 'NONE', #3082, #1573, #35, .T. ) ;
#2661 = CIRCLE ( 'NONE', #437, 3.999999999999996447 ) ;
#2662 = CIRCLE ( 'NONE', #2571, 5.000000000000000888 ) ;
#2663 = DIRECTION ( 'NONE',  ( -2.523234146875355505E-16, 3.469446951953614189E-15, -1.000000000000000000 ) ) ;
#2664 = EDGE_CURVE ( 'NONE', #2389, #1725, #1298, .T. ) ;
#2665 = VERTEX_POINT ( 'NONE', #1387 ) ;
#2666 = CIRCLE ( 'NONE', #2440, 0.5000000000000004441 ) ;
#2667 = SURFACE_STYLE_USAGE ( .BOTH. , #1769 ) ;
#2668 = VERTEX_POINT ( 'NONE', #2931 ) ;
#2669 = ORIENTED_EDGE ( 'NONE', *, *, #1257, .F. ) ;
#2670 = DIRECTION ( 'NONE',  ( 1.000000000000000000, 0.000000000000000000, 0.000000000000000000 ) ) ;
#2671 = CARTESIAN_POINT ( 'NONE',  ( -17.49999999999998224, 28.00000000000004263, 53.74999999999993605 ) ) ;
#2672 = CARTESIAN_POINT ( 'NONE',  ( -27.89713495427929146, 0.03670718109014707575, 49.66274739132305172 ) ) ;
#2673 = CARTESIAN_POINT ( 'NONE',  ( 29.50000000000012434, 28.00000000000002842, 42.56138830084126567 ) ) ;
#2674 = ADVANCED_FACE ( 'NONE', ( #2421 ), #98, .T. ) ;
#2675 = ORIENTED_EDGE ( 'NONE', *, *, #3629, .F. ) ;
#2676 = CARTESIAN_POINT ( 'NONE',  ( -29.48670284159805277, 2.372300737445059760, 49.98607344214860149 ) ) ;
#2677 = CARTESIAN_POINT ( 'NONE',  ( -27.66368179217608514, -1.999999999999999112, -17.75392240781568987 ) ) ;
#2678 = VERTEX_POINT ( 'NONE', #2397 ) ;
#2679 = ORIENTED_EDGE ( 'NONE', *, *, #931, .T. ) ;
#2680 = CARTESIAN_POINT ( 'NONE',  ( -29.44052603336788465, 2.003919647312286223, 50.24096560134046285 ) ) ;
#2681 = EDGE_LOOP ( 'NONE', ( #1442, #2717, #2286, #52 ) ) ;
#2682 = PRODUCT_CONTEXT ( 'NONE', #3271, 'mechanical' ) ;
#2683 = EDGE_CURVE ( 'NONE', #3735, #2766, #3839, .T. ) ;
#2684 = DIRECTION ( 'NONE',  ( -2.775557561562891351E-15, 1.000000000000000000, 0.000000000000000000 ) ) ;
#2685 = VERTEX_POINT ( 'NONE', #966 ) ;
#2686 = EDGE_LOOP ( 'NONE', ( #1053, #3614, #1189, #659 ) ) ;
#2687 = CARTESIAN_POINT ( 'NONE',  ( 31.50000000000011724, 28.00000000000002487, 51.74999999999998579 ) ) ;
#2688 = DIRECTION ( 'NONE',  ( 0.000000000000000000, -1.000000000000000000, 0.000000000000000000 ) ) ;
#2689 = EDGE_CURVE ( 'NONE', #3044, #3095, #2173, .T. ) ;
#2690 = EDGE_CURVE ( 'NONE', #2953, #1557, #2085, .T. ) ;
#2691 = DIRECTION ( 'NONE',  ( 0.000000000000000000, 0.000000000000000000, -1.000000000000000000 ) ) ;
#2692 = ORIENTED_EDGE ( 'NONE', *, *, #2488, .F. ) ;
#2693 = CARTESIAN_POINT ( 'NONE',  ( -26.46311994552300817, -13.34794407082009293, -51.75000000000002132 ) ) ;
#2694 = B_SPLINE_SURFACE_WITH_KNOTS ( 'NONE', 1, 3, ( 
 ( #3172, #1401, #2276, #3514 ),
 ( #1095, #3832, #2625, #2917 ) ),
 .UNSPECIFIED., .F., .F., .F.,
 ( 2, 2 ),
 ( 4, 4 ),
 ( 0.000000000000000000, 1.000000000000000000 ),
 ( 0.000000000000000000, 1.000000000000000000 ),
 .UNSPECIFIED. ) ;
#2695 = VECTOR ( 'NONE', #3050, 1000.000000000000000 ) ;
#2696 = ADVANCED_FACE ( 'NONE', ( #2026 ), #1425, .T. ) ;
#2697 = AXIS2_PLACEMENT_3D ( 'NONE', #2046, #2352, #2609 ) ;
#2698 = CARTESIAN_POINT ( 'NONE',  ( 27.50000000000002487, 0.6000000000000830225, 51.75000000000010658 ) ) ;
#2699 = ORIENTED_EDGE ( 'NONE', *, *, #1181, .F. ) ;
#2700 = LINE ( 'NONE', #3280, #3882 ) ;
#2701 = CARTESIAN_POINT ( 'NONE',  ( -27.85641398094033150, 2.412755900588740676, 53.74022726805229411 ) ) ;
#2702 = ORIENTED_EDGE ( 'NONE', *, *, #1577, .F. ) ;
#2703 = AXIS2_PLACEMENT_3D ( 'NONE', #3685, #394, #332 ) ;
#2704 = DIRECTION ( 'NONE',  ( -6.938893903907232322E-16, -1.000000000000000000, -2.775557561562892929E-15 ) ) ;
#2705 = CARTESIAN_POINT ( 'NONE',  ( 31.49999999999992539, 28.00000000000002132, 42.56138830084122304 ) ) ;
#2706 = CARTESIAN_POINT ( 'NONE',  ( 12.50000000000010836, 28.00000000000008527, 53.75000000000006395 ) ) ;
#2707 = DIRECTION ( 'NONE',  ( 0.000000000000000000, -3.491481338843133355E-15, 1.000000000000000000 ) ) ;
#2708 = LINE ( 'NONE', #2547, #1939 ) ;
#2709 = CARTESIAN_POINT ( 'NONE',  ( -31.33448753049995616, 2.000000000000029754, 50.88872972141771100 ) ) ;
#2710 = CARTESIAN_POINT ( 'NONE',  ( 31.45840562108032046, 2.249999999999981348, 50.32534766793654768 ) ) ;
#2711 = CARTESIAN_POINT ( 'NONE',  ( 27.50000000000002487, 2.000000000000022649, 51.75000000000010658 ) ) ;
#2712 = PLANE ( 'NONE',  #87 ) ;
#2713 = CIRCLE ( 'NONE', #3862, 2.649999999999999467 ) ;
#2714 = CARTESIAN_POINT ( 'NONE',  ( 17.49999999999999645, -44.99999999999998579, -51.75000000000002132 ) ) ;
#2715 = EDGE_CURVE ( 'NONE', #1557, #2685, #492, .T. ) ;
#2716 = ADVANCED_FACE ( 'NONE', ( #3650 ), #113, .T. ) ;
#2717 = ORIENTED_EDGE ( 'NONE', *, *, #550, .T. ) ;
#2718 = CARTESIAN_POINT ( 'NONE',  ( -29.50000000000000711, 12.67500000000002025, -4.225000000000026290 ) ) ;
#2719 = CARTESIAN_POINT ( 'NONE',  ( 27.49999999999998224, -11.99999999999998224, -51.75000000000002132 ) ) ;
#2720 = EDGE_CURVE ( 'NONE', #431, #3774, #102, .T. ) ;
#2721 = ORIENTED_EDGE ( 'NONE', *, *, #2272, .F. ) ;
#2722 = ORIENTED_EDGE ( 'NONE', *, *, #800, .F. ) ;
#2723 = DIRECTION ( 'NONE',  ( 0.000000000000000000, 1.470776148866217010E-29, 1.000000000000000000 ) ) ;
#2724 = DIRECTION ( 'NONE',  ( 2.523234146875355505E-16, -3.469446951953614189E-15, 1.000000000000000000 ) ) ;
#2725 = PLANE ( 'NONE',  #1028 ) ;
#2726 = CARTESIAN_POINT ( 'NONE',  ( -31.49022499188734159, 1.643570358990880331, 49.33725574114907886 ) ) ;
#2727 = ORIENTED_EDGE ( 'NONE', *, *, #3724, .F. ) ;
#2728 = CARTESIAN_POINT ( 'NONE',  ( 27.50000000000000355, 0.000000000000000000, -17.75000000000000711 ) ) ;
#2729 = ORIENTED_EDGE ( 'NONE', *, *, #1970, .T. ) ;
#2730 = DIRECTION ( 'NONE',  ( 0.000000000000000000, 1.000000000000000000, -0.000000000000000000 ) ) ;
#2731 = EDGE_CURVE ( 'NONE', #2665, #850, #1109, .T. ) ;
#2732 = AXIS2_PLACEMENT_3D ( 'NONE', #2088, #1473, #1774 ) ;
#2733 = CARTESIAN_POINT ( 'NONE',  ( 31.45840562108029204, 1.424652332063451432, 49.49999999999998579 ) ) ;
#2734 = EDGE_LOOP ( 'NONE', ( #2579, #2817, #2373, #1336 ) ) ;
#2735 = EDGE_CURVE ( 'NONE', #1593, #563, #3116, .T. ) ;
#2736 = DIRECTION ( 'NONE',  ( 0.000000000000000000, -0.000000000000000000, -1.000000000000000000 ) ) ;
#2737 = ORIENTED_EDGE ( 'NONE', *, *, #1004, .F. ) ;
#2738 = VECTOR ( 'NONE', #641, 1000.000000000000000 ) ;
#2739 = DIRECTION ( 'NONE',  ( 1.000000000000000000, 3.469446951953614189E-15, -1.486905836551548832E-16 ) ) ;
#2740 = EDGE_CURVE ( 'NONE', #3637, #998, #2128, .T. ) ;
#2741 = CARTESIAN_POINT ( 'NONE',  ( 27.78767383396826318, 0.02079718945985744097, -18.00000000000001066 ) ) ;
#2742 = ORIENTED_EDGE ( 'NONE', *, *, #2689, .F. ) ;
#2743 = FACE_OUTER_BOUND ( 'NONE', #1637, .T. ) ;
#2744 = CARTESIAN_POINT ( 'NONE',  ( -27.49999999999998224, -2.000000000000000000, 50.61602540378445525 ) ) ;
#2745 = ORIENTED_EDGE ( 'NONE', *, *, #1264, .F. ) ;
#2746 = AXIS2_PLACEMENT_3D ( 'NONE', #3182, #3194, #3814 ) ;
#2747 = EDGE_CURVE ( 'NONE', #39, #1947, #2226, .T. ) ;
#2748 = DIRECTION ( 'NONE',  ( 1.000000000000000000, 0.000000000000000000, 0.000000000000000000 ) ) ;
#2749 = ORIENTED_EDGE ( 'NONE', *, *, #457, .T. ) ;
#2750 = DIRECTION ( 'NONE',  ( 1.147447299213693803E-16, -1.000000000000000000, 1.369742972993480667E-29 ) ) ;
#2751 = ADVANCED_FACE ( 'NONE', ( #3257 ), #1841, .T. ) ;
#2752 = DIRECTION ( 'NONE',  ( 3.338426467887665517E-15, -0.9486832980505138790, 0.3162277660168378857 ) ) ;
#2753 = CIRCLE ( 'NONE', #106, 0.5000000000000004441 ) ;
#2754 = ORIENTED_EDGE ( 'NONE', *, *, #1374, .F. ) ;
#2755 = CARTESIAN_POINT ( 'NONE',  ( -27.99096560134046996, 0.05947396663209045253, 49.74608035268778394 ) ) ;
#2756 = CIRCLE ( 'NONE', #299, 0.5000000000000004441 ) ;
#2757 = VECTOR ( 'NONE', #62, 1000.000000000000000 ) ;
#2758 = EDGE_CURVE ( 'NONE', #20, #1642, #1420, .T. ) ;
#2759 = ORIENTED_EDGE ( 'NONE', *, *, #1444, .F. ) ;
#2760 = LINE ( 'NONE', #1263, #1482 ) ;
#2761 = CARTESIAN_POINT ( 'NONE',  ( 29.47920281054017977, 2.249999999999988010, 50.03767383396827029 ) ) ;
#2762 = EDGE_CURVE ( 'NONE', #2781, #801, #3835, .T. ) ;
#2763 = EDGE_CURVE ( 'NONE', #1294, #3880, #3422, .T. ) ;
#2764 = ORIENTED_EDGE ( 'NONE', *, *, #2636, .F. ) ;
#2765 = CARTESIAN_POINT ( 'NONE',  ( 28.25915314761178720, -0.5563250203333390820, 49.74999999999998579 ) ) ;
#2766 = VERTEX_POINT ( 'NONE', #1899 ) ;
#2767 = B_SPLINE_CURVE_WITH_KNOTS ( 'NONE', 3,
 ( #2580, #512, #2614, #529 ),
 .UNSPECIFIED., .F., .F.,
 ( 4, 4 ),
 ( 0.000000000000000000, 1.000000000000000000 ),
 .UNSPECIFIED. ) ;
#2768 = CARTESIAN_POINT ( 'NONE',  ( 27.49999999999998934, 1.999999999999967137, 53.74999999999999289 ) ) ;
#2769 = DIRECTION ( 'NONE',  ( -3.469446951953627994E-15, -1.000000000000000000, 2.668805347656768180E-16 ) ) ;
#2770 = CARTESIAN_POINT ( 'NONE',  ( -29.50000000000004974, 27.74341649025259215, 40.98024947075769830 ) ) ;
#2771 = ORIENTED_EDGE ( 'NONE', *, *, #729, .T. ) ;
#2772 = CARTESIAN_POINT ( 'NONE',  ( 27.50000000000000355, -2.000000000000000000, -19.11602540378445170 ) ) ;
#2773 = ADVANCED_FACE ( 'NONE', ( #249 ), #3113, .F. ) ;
#2774 = ORIENTED_EDGE ( 'NONE', *, *, #2066, .F. ) ;
#2775 = AXIS2_PLACEMENT_3D ( 'NONE', #3100, #3177, #1979 ) ;
#2776 = DIRECTION ( 'NONE',  ( -1.000000000000000000, 0.000000000000000000, 0.000000000000000000 ) ) ;
#2777 = CARTESIAN_POINT ( 'NONE',  ( 22.64999999999981739, 14.00000000000003908, 51.75000000000011369 ) ) ;
#2778 = CARTESIAN_POINT ( 'NONE',  ( -27.49999999999992184, 2.000000000000001776, 51.74999999999999289 ) ) ;
#2779 = EDGE_LOOP ( 'NONE', ( #288, #157, #3722, #48 ) ) ;
#2780 = DIRECTION ( 'NONE',  ( 0.000000000000000000, 0.000000000000000000, -1.000000000000000000 ) ) ;
#2781 = VERTEX_POINT ( 'NONE', #2177 ) ;
#2782 = ORIENTED_EDGE ( 'NONE', *, *, #290, .T. ) ;
#2783 = EDGE_CURVE ( 'NONE', #3254, #435, #3007, .T. ) ;
#2784 = FACE_OUTER_BOUND ( 'NONE', #730, .T. ) ;
#2785 = CARTESIAN_POINT ( 'NONE',  ( -27.49999999999998224, 2.000000000000000000, -18.25000000000000355 ) ) ;
#2786 = CARTESIAN_POINT ( 'NONE',  ( -27.49999999999998224, 2.000000000000000000, -18.25000000000000355 ) ) ;
#2787 = CARTESIAN_POINT ( 'NONE',  ( -27.66357497414315603, 2.496080151930761382, 53.75000000000002132 ) ) ;
#2788 = CARTESIAN_POINT ( 'NONE',  ( 22.64999999999981739, 14.00000000000003908, 53.75000000000011369 ) ) ;
#2789 = CARTESIAN_POINT ( 'NONE',  ( 27.78767383396826318, 0.02079718945985613993, 49.49999999999998579 ) ) ;
#2790 = VERTEX_POINT ( 'NONE', #2814 ) ;
#2791 = ADVANCED_FACE ( 'NONE', ( #410 ), #699, .F. ) ;
#2792 = FACE_OUTER_BOUND ( 'NONE', #1292, .T. ) ;
#2793 = B_SPLINE_CURVE_WITH_KNOTS ( 'NONE', 1,
 ( #2401, #2364 ),
 .UNSPECIFIED., .F., .F.,
 ( 2, 2 ),
 ( 0.000000000000000000, 1.000000000000000000 ),
 .UNSPECIFIED. ) ;
#2794 = AXIS2_PLACEMENT_3D ( 'NONE', #2357, #2934, #231 ) ;
#2795 = ORIENTED_EDGE ( 'NONE', *, *, #2881, .T. ) ;
#2796 = DIRECTION ( 'NONE',  ( 0.000000000000000000, 1.000000000000000000, -0.000000000000000000 ) ) ;
#2797 = FACE_OUTER_BOUND ( 'NONE', #2256, .T. ) ;
#2798 = DIRECTION ( 'NONE',  ( 1.000000000000000000, 0.000000000000000000, 0.000000000000000000 ) ) ;
#2799 = DIRECTION ( 'NONE',  ( 0.000000000000000000, 0.000000000000000000, 1.000000000000000000 ) ) ;
#2800 = AXIS2_PLACEMENT_3D ( 'NONE', #329, #2386, #3300 ) ;
#2801 = FACE_OUTER_BOUND ( 'NONE', #2119, .T. ) ;
#2802 = CIRCLE ( 'NONE', #3094, 2.649999999999999467 ) ;
#2803 = LINE ( 'NONE', #568, #1484 ) ;
#2804 = EDGE_CURVE ( 'NONE', #2208, #1593, #1924, .T. ) ;
#2805 = CIRCLE ( 'NONE', #2334, 0.5000000000000004441 ) ;
#2806 = CARTESIAN_POINT ( 'NONE',  ( -27.78767383396820989, 2.250000000000016875, 51.72920281054016556 ) ) ;
#2807 = EDGE_LOOP ( 'NONE', ( #2012, #2454, #3470, #1839 ) ) ;
#2808 = EDGE_CURVE ( 'NONE', #1418, #170, #1660, .T. ) ;
#2809 = CARTESIAN_POINT ( 'NONE',  ( 29.41724376525001006, 1.430635139291144275, 49.74999999999998579 ) ) ;
#2810 = DIRECTION ( 'NONE',  ( -1.000000000000000000, 0.000000000000000000, 0.000000000000000000 ) ) ;
#2811 = VERTEX_POINT ( 'NONE', #367 ) ;
#2812 = DIRECTION ( 'NONE',  ( 1.486905836551548832E-16, -1.719580307488603065E-31, 1.000000000000000000 ) ) ;
#2813 = EDGE_CURVE ( 'NONE', #527, #2946, #2170, .T. ) ;
#2814 = CARTESIAN_POINT ( 'NONE',  ( 29.41724376525001006, 1.430635139291144275, 49.74999999999998579 ) ) ;
#2815 = ORIENTED_EDGE ( 'NONE', *, *, #1745, .F. ) ;
#2816 = B_SPLINE_CURVE_WITH_KNOTS ( 'NONE', 1,
 ( #1658, #3135 ),
 .UNSPECIFIED., .F., .F.,
 ( 2, 2 ),
 ( 0.000000000000000000, 1.000000000000000000 ),
 .UNSPECIFIED. ) ;
#2817 = ORIENTED_EDGE ( 'NONE', *, *, #3183, .F. ) ;
#2818 = VERTEX_POINT ( 'NONE', #722 ) ;
#2819 = AXIS2_PLACEMENT_3D ( 'NONE', #23, #887, #3298 ) ;
#2820 = EDGE_LOOP ( 'NONE', ( #906, #3285, #581, #530 ) ) ;
#2821 = CARTESIAN_POINT ( 'NONE',  ( 27.50000000000001066, -2.000000000000000000, 51.75000000000000711 ) ) ;
#2822 = DIRECTION ( 'NONE',  ( 0.000000000000000000, 0.000000000000000000, -1.000000000000000000 ) ) ;
#2823 = ORIENTED_EDGE ( 'NONE', *, *, #2905, .T. ) ;
#2824 = ORIENTED_EDGE ( 'NONE', *, *, #190, .T. ) ;
#2825 = CIRCLE ( 'NONE', #233, 2.749999999999999112 ) ;
#2826 = DIRECTION ( 'NONE',  ( 1.005636797667714409E-16, 0.000000000000000000, 1.000000000000000000 ) ) ;
#2827 = ORIENTED_EDGE ( 'NONE', *, *, #185, .F. ) ;
#2828 = CARTESIAN_POINT ( 'NONE',  ( 29.44052603336791307, 1.509034398659488296, 49.74608035268773421 ) ) ;
#2829 = LINE ( 'NONE', #2336, #3156 ) ;
#2830 = EDGE_CURVE ( 'NONE', #2423, #1635, #1378, .T. ) ;
#2831 = ORIENTED_EDGE ( 'NONE', *, *, #1233, .F. ) ;
#2832 = CYLINDRICAL_SURFACE ( 'NONE', #2309, 0.5000000000000004441 ) ;
#2833 = CARTESIAN_POINT ( 'NONE',  ( 12.24999999999998934, -14.99999999999998579, -51.75000000000007105 ) ) ;
#2834 = B_SPLINE_CURVE_WITH_KNOTS ( 'NONE', 3,
 ( #2182, #2493, #2260, #1881 ),
 .UNSPECIFIED., .F., .F.,
 ( 4, 4 ),
 ( 0.000000000000000000, 1.000000000000000000 ),
 .UNSPECIFIED. ) ;
#2835 = CARTESIAN_POINT ( 'NONE',  ( 27.78767383396826318, 0.02079718945985613993, 49.49999999999998579 ) ) ;
#2836 = FACE_OUTER_BOUND ( 'NONE', #76, .T. ) ;
#2837 = EDGE_LOOP ( 'NONE', ( #572, #2100, #57, #3002, #615, #2333, #3284, #3772, #3023, #2855, #1615, #3313, #1869, #3232 ) ) ;
#2838 = CYLINDRICAL_SURFACE ( 'NONE', #865, 5.000000000000000888 ) ;
#2839 = CARTESIAN_POINT ( 'NONE',  ( -29.47920281054010161, 2.250000000000029754, 50.03767383396828450 ) ) ;
#2840 = CARTESIAN_POINT ( 'NONE',  ( 29.46329281890986351, 1.602865045720676562, 49.66274739132298066 ) ) ;
#2841 = AXIS2_PLACEMENT_3D ( 'NONE', #3733, #2707, #2996 ) ;
#2842 = DIRECTION ( 'NONE',  ( -1.000000000000000000, 0.000000000000000000, 0.000000000000000000 ) ) ;
#2843 = LINE ( 'NONE', #1038, #3551 ) ;
#2844 = VECTOR ( 'NONE', #1929, 1000.000000000000000 ) ;
#2845 = EDGE_CURVE ( 'NONE', #1506, #3323, #2081, .T. ) ;
#2846 = DIRECTION ( 'NONE',  ( 0.000000000000000000, 0.000000000000000000, 1.000000000000000000 ) ) ;
#2847 = ORIENTED_EDGE ( 'NONE', *, *, #741, .T. ) ;
#2848 = FACE_OUTER_BOUND ( 'NONE', #2048, .T. ) ;
#2849 = DIRECTION ( 'NONE',  ( -1.005636797667714409E-16, -0.000000000000000000, -1.000000000000000000 ) ) ;
#2850 = ORIENTED_EDGE ( 'NONE', *, *, #2747, .F. ) ;
#2851 = ORIENTED_EDGE ( 'NONE', *, *, #684, .T. ) ;
#2852 = VERTEX_POINT ( 'NONE', #1905 ) ;
#2853 = CARTESIAN_POINT ( 'NONE',  ( 29.47920281054017977, 2.249999999999988010, 50.03767383396827739 ) ) ;
#2854 = EDGE_CURVE ( 'NONE', #1173, #3029, #3321, .T. ) ;
#2855 = ORIENTED_EDGE ( 'NONE', *, *, #1340, .F. ) ;
#2856 = CARTESIAN_POINT ( 'NONE',  ( -31.49999999999995737, 2.000000000000022649, 49.75000000000001421 ) ) ;
#2857 = ORIENTED_EDGE ( 'NONE', *, *, #3646, .F. ) ;
#2858 = CARTESIAN_POINT ( 'NONE',  ( 31.49022499188740198, 2.412744258850946455, 50.10642964100907903 ) ) ;
#2859 = CARTESIAN_POINT ( 'NONE',  ( 0.000000000000000000, 0.000000000000000000, 0.000000000000000000 ) ) ;
#2860 = ORIENTED_EDGE ( 'NONE', *, *, #3478, .T. ) ;
#2861 = EDGE_CURVE ( 'NONE', #2627, #474, #1198, .T. ) ;
#2862 = B_SPLINE_CURVE_WITH_KNOTS ( 'NONE', 1,
 ( #1320, #1606 ),
 .UNSPECIFIED., .F., .F.,
 ( 2, 2 ),
 ( 0.000000000000000000, 1.000000000000000000 ),
 .UNSPECIFIED. ) ;
#2863 = VERTEX_POINT ( 'NONE', #3483 ) ;
#2864 = DIRECTION ( 'NONE',  ( 1.000000000000000000, 0.000000000000000000, 0.000000000000000000 ) ) ;
#2865 = ORIENTED_EDGE ( 'NONE', *, *, #2277, .F. ) ;
#2866 = CARTESIAN_POINT ( 'NONE',  ( 27.50000000000001066, 2.000000000000000000, 49.74999999999998579 ) ) ;
#2867 = CARTESIAN_POINT ( 'NONE',  ( 27.49999999999998224, -49.99999999999998579, -49.75000000000019185 ) ) ;
#2868 = ORIENTED_EDGE ( 'NONE', *, *, #3484, .F. ) ;
#2869 = ADVANCED_FACE ( 'NONE', ( #1104 ), #1125, .F. ) ;
#2870 = CARTESIAN_POINT ( 'NONE',  ( 31.50000000000004263, 2.499999999999974243, 49.74999999999999289 ) ) ;
#2871 = ORIENTED_EDGE ( 'NONE', *, *, #1264, .T. ) ;
#2872 = FACE_BOUND ( 'NONE', #2969, .T. ) ;
#2873 = DIRECTION ( 'NONE',  ( 3.265361837132811220E-15, -6.928635889290636899E-30, -1.000000000000000000 ) ) ;
#2874 = ORIENTED_EDGE ( 'NONE', *, *, #3211, .T. ) ;
#2875 = EDGE_CURVE ( 'NONE', #3447, #3677, #326, .T. ) ;
#2876 = FACE_OUTER_BOUND ( 'NONE', #3713, .T. ) ;
#2877 = B_SPLINE_CURVE_WITH_KNOTS ( 'NONE', 3,
 ( #1016, #1604, #1838, #2447 ),
 .UNSPECIFIED., .F., .F.,
 ( 4, 4 ),
 ( 0.000000000000000000, 1.000000000000000000 ),
 .UNSPECIFIED. ) ;
#2878 = DIRECTION ( 'NONE',  ( -3.614007241618348278E-16, -1.000000000000000000, -3.469446951953614189E-15 ) ) ;
#2879 = ORIENTED_EDGE ( 'NONE', *, *, #859, .F. ) ;
#2880 = LINE ( 'NONE', #1021, #3119 ) ;
#2881 = EDGE_CURVE ( 'NONE', #1372, #2483, #632, .T. ) ;
#2882 = EDGE_CURVE ( 'NONE', #744, #547, #1295, .T. ) ;
#2883 = DIRECTION ( 'NONE',  ( -6.938893903907222067E-15, 0.000000000000000000, -1.000000000000000000 ) ) ;
#2884 = DIRECTION ( 'NONE',  ( 0.000000000000000000, -1.000000000000000000, 0.000000000000000000 ) ) ;
#2885 = LINE ( 'NONE', #570, #458 ) ;
#2886 = VERTEX_POINT ( 'NONE', #2371 ) ;
#2887 = CARTESIAN_POINT ( 'NONE',  ( 29.41724376525002782, 2.000000000000009326, 50.31936486070886616 ) ) ;
#2888 = AXIS2_PLACEMENT_3D ( 'NONE', #950, #72, #140 ) ;
#2889 = CARTESIAN_POINT ( 'NONE',  ( -20.00000000000008171, 14.00000000000000355, 51.74999999999999289 ) ) ;
#2890 = CIRCLE ( 'NONE', #2205, 0.5000000000000004441 ) ;
#2891 = CARTESIAN_POINT ( 'NONE',  ( 27.78059685806465851, -2.000000000000000000, -17.79434468106672540 ) ) ;
#2892 = CYLINDRICAL_SURFACE ( 'NONE', #633, 4.000000000000000000 ) ;
#2893 = CYLINDRICAL_SURFACE ( 'NONE', #1218, 2.749999999999999112 ) ;
#2894 = AXIS2_PLACEMENT_3D ( 'NONE', #3500, #1955, #1971 ) ;
#2895 = CARTESIAN_POINT ( 'NONE',  ( 27.49999999999999645, -4.000000000000019540, -47.75000000000000711 ) ) ;
#2896 = ORIENTED_EDGE ( 'NONE', *, *, #545, .F. ) ;
#2897 = DIRECTION ( 'NONE',  ( -3.469446951953613400E-15, -1.000000000000000000, 0.000000000000000000 ) ) ;
#2898 = CARTESIAN_POINT ( 'NONE',  ( 14.99999999999998934, -14.99999999999998579, -51.75000000000007105 ) ) ;
#2899 = DIRECTION ( 'NONE',  ( 1.000000000000000000, 1.147447299213693803E-16, 0.000000000000000000 ) ) ;
#2900 = DIRECTION ( 'NONE',  ( 1.000000000000000000, 1.147447299213693803E-16, 0.000000000000000000 ) ) ;
#2901 = EDGE_LOOP ( 'NONE', ( #108, #3676, #1981, #2774 ) ) ;
#2902 = CARTESIAN_POINT ( 'NONE',  ( -27.83927422578794975, 0.02829722051781075401, -18.12230073744500203 ) ) ;
#2903 = ORIENTED_EDGE ( 'NONE', *, *, #782, .T. ) ;
#2904 = B_SPLINE_CURVE_WITH_KNOTS ( 'NONE', 1,
 ( #3829, #2007 ),
 .UNSPECIFIED., .F., .F.,
 ( 2, 2 ),
 ( 0.000000000000000000, 1.000000000000000000 ),
 .UNSPECIFIED. ) ;
#2905 = EDGE_CURVE ( 'NONE', #2595, #2213, #2463, .T. ) ;
#2906 = VERTEX_POINT ( 'NONE', #3315 ) ;
#2907 = ORIENTED_EDGE ( 'NONE', *, *, #1692, .T. ) ;
#2908 = CARTESIAN_POINT ( 'NONE',  ( -26.99999999999998224, 0.000000000000000000, 50.61602540378445525 ) ) ;
#2909 = CARTESIAN_POINT ( 'NONE',  ( 12.50000000000010836, 28.00000000000008527, 53.75000000000006395 ) ) ;
#2910 = AXIS2_PLACEMENT_3D ( 'NONE', #3326, #2417, #3660 ) ;
#2911 = EDGE_CURVE ( 'NONE', #1584, #226, #297, .T. ) ;
#2912 = EDGE_CURVE ( 'NONE', #3641, #1357, #2560, .T. ) ;
#2913 = ORIENTED_EDGE ( 'NONE', *, *, #1402, .F. ) ;
#2914 = PRESENTATION_LAYER_ASSIGNMENT (  '', '', ( #918 ) ) ;
#2915 = ORIENTED_EDGE ( 'NONE', *, *, #476, .F. ) ;
#2916 = CARTESIAN_POINT ( 'NONE',  ( -27.50000000000001066, -3.999999999999982681, -49.75000000000002132 ) ) ;
#2917 = CARTESIAN_POINT ( 'NONE',  ( -29.41724376524996032, 2.000000000000036859, 50.31936486070886616 ) ) ;
#2918 = CARTESIAN_POINT ( 'NONE',  ( 27.50000000000000355, -2.000000000000000000, -17.75000000000000711 ) ) ;
#2919 = ORIENTED_EDGE ( 'NONE', *, *, #169, .F. ) ;
#2920 = FACE_OUTER_BOUND ( 'NONE', #408, .T. ) ;
#2921 = AXIS2_PLACEMENT_3D ( 'NONE', #1946, #3214, #490 ) ;
#2922 = VECTOR ( 'NONE', #1460, 1000.000000000000000 ) ;
#2923 = CARTESIAN_POINT ( 'NONE',  ( -29.41724376524998164, 1.430635139291145830, 49.75000000000001421 ) ) ;
#2924 = DIRECTION ( 'NONE',  ( -0.000000000000000000, 1.000000000000000000, -0.000000000000000000 ) ) ;
#2925 = EDGE_CURVE ( 'NONE', #2906, #660, #971, .T. ) ;
#2926 = CARTESIAN_POINT ( 'NONE',  ( -27.99096560134046996, 0.05947396663209045253, 49.74608035268778394 ) ) ;
#2927 = FACE_OUTER_BOUND ( 'NONE', #59, .T. ) ;
#2928 = VERTEX_POINT ( 'NONE', #1315 ) ;
#2929 = DIRECTION ( 'NONE',  ( -1.000000000000000000, 0.000000000000000000, 4.163336342344336238E-15 ) ) ;
#2930 = DIRECTION ( 'NONE',  ( 0.000000000000000000, 1.000000000000000000, -0.000000000000000000 ) ) ;
#2931 = CARTESIAN_POINT ( 'NONE',  ( 31.50000000000012434, 28.00000000000003908, 49.74999999999999289 ) ) ;
#2932 = EDGE_CURVE ( 'NONE', #435, #801, #2834, .T. ) ;
#2933 = VECTOR ( 'NONE', #1520, 1000.000000000000000 ) ;
#2934 = DIRECTION ( 'NONE',  ( -1.000000000000000000, 3.614007241618339403E-16, 2.523234146875368324E-16 ) ) ;
#2935 = CARTESIAN_POINT ( 'NONE',  ( 27.50000000000000000, -2.000000000000000000, -51.75000000000000711 ) ) ;
#2936 = FACE_OUTER_BOUND ( 'NONE', #330, .T. ) ;
#2937 = FACE_OUTER_BOUND ( 'NONE', #1776, .T. ) ;
#2938 = AXIS2_PLACEMENT_3D ( 'NONE', #4, #3348, #3038 ) ;
#2939 = ORIENTED_EDGE ( 'NONE', *, *, #3079, .T. ) ;
#2940 = CARTESIAN_POINT ( 'NONE',  ( 28.07534766793649794, 2.249999999999985789, 53.70840562108029559 ) ) ;
#2941 = VECTOR ( 'NONE', #188, 1000.000000000000000 ) ;
#2942 = ADVANCED_FACE ( 'NONE', ( #1518 ), #489, .T. ) ;
#2943 = PLANE ( 'NONE',  #1237 ) ;
#2944 = DIRECTION ( 'NONE',  ( 0.000000000000000000, 0.000000000000000000, 1.000000000000000000 ) ) ;
#2945 = VERTEX_POINT ( 'NONE', #346 ) ;
#2946 = VERTEX_POINT ( 'NONE', #3759 ) ;
#2947 = CARTESIAN_POINT ( 'NONE',  ( 27.50000000000017408, 41.74918130626787161, 49.74999999999999289 ) ) ;
#2948 = ORIENTED_EDGE ( 'NONE', *, *, #1938, .T. ) ;
#2949 = EDGE_CURVE ( 'NONE', #2079, #1380, #735, .T. ) ;
#2950 = ORIENTED_EDGE ( 'NONE', *, *, #2783, .T. ) ;
#2951 = ORIENTED_EDGE ( 'NONE', *, *, #3376, .T. ) ;
#2952 = CARTESIAN_POINT ( 'NONE',  ( -10.00000000000000711, -41.99999999999997868, -59.75000000000001421 ) ) ;
#2953 = VERTEX_POINT ( 'NONE', #3203 ) ;
#2954 = CARTESIAN_POINT ( 'NONE',  ( -28.07534766793652636, -1.958405621080283376, 49.50000000000001421 ) ) ;
#2955 = B_SPLINE_CURVE_WITH_KNOTS ( 'NONE', 3,
 ( #2133, #3640, #1516, #3353 ),
 .UNSPECIFIED., .F., .F.,
 ( 4, 4 ),
 ( 0.000000000000000000, 1.000000000000000000 ),
 .UNSPECIFIED. ) ;
#2956 = CARTESIAN_POINT ( 'NONE',  ( -27.49999999999995737, 2.000000000000043521, 49.75000000000001421 ) ) ;
#2957 = EDGE_CURVE ( 'NONE', #2975, #2852, #3783, .T. ) ;
#2958 = CARTESIAN_POINT ( 'NONE',  ( -27.85642964100903995, -1.990224991887368233, -17.83725574114902557 ) ) ;
#2959 = CARTESIAN_POINT ( 'NONE',  ( -27.50000000000000711, -2.000000000000000000, -17.75000000000000355 ) ) ;
#2960 = EDGE_LOOP ( 'NONE', ( #3616, #778, #3098, #760 ) ) ;
#2961 = DIRECTION ( 'NONE',  ( -3.265361837132811220E-15, 6.928635889290636899E-30, 1.000000000000000000 ) ) ;
#2962 = ADVANCED_FACE ( 'NONE', ( #1747 ), #2601, .T. ) ;
#2963 = AXIS2_PLACEMENT_3D ( 'NONE', #1572, #3366, #630 ) ;
#2964 = ORIENTED_EDGE ( 'NONE', *, *, #2132, .T. ) ;
#2965 = DIRECTION ( 'NONE',  ( 0.000000000000000000, 0.000000000000000000, -1.000000000000000000 ) ) ;
#2966 = LINE ( 'NONE', #111, #1926 ) ;
#2967 = CARTESIAN_POINT ( 'NONE',  ( 27.50000000000012434, 28.00000000000005329, 49.74999999999999289 ) ) ;
#2968 = DIRECTION ( 'NONE',  ( -0.000000000000000000, 1.000000000000000000, -0.000000000000000000 ) ) ;
#2969 = EDGE_LOOP ( 'NONE', ( #3310, #309 ) ) ;
#2970 = DIRECTION ( 'NONE',  ( 0.000000000000000000, -1.000000000000000000, -4.163336342344339393E-15 ) ) ;
#2971 = CIRCLE ( 'NONE', #1093, 0.5000000000000004441 ) ;
#2972 = DIRECTION ( 'NONE',  ( 1.000000000000000000, -3.469446951953613400E-15, -1.046064407624198534E-16 ) ) ;
#2973 = ORIENTED_EDGE ( 'NONE', *, *, #2715, .T. ) ;
#2974 = CARTESIAN_POINT ( 'NONE',  ( -31.49999999999995737, 2.500000000000023093, 49.75000000000001421 ) ) ;
#2975 = VERTEX_POINT ( 'NONE', #2040 ) ;
#2976 = VECTOR ( 'NONE', #1127, 1000.000000000000000 ) ;
#2977 = CIRCLE ( 'NONE', #584, 0.5000000000000004441 ) ;
#2978 = EDGE_CURVE ( 'NONE', #838, #719, #199, .T. ) ;
#2979 = ADVANCED_FACE ( 'NONE', ( #2792 ), #933, .T. ) ;
#2980 = FACE_OUTER_BOUND ( 'NONE', #3864, .T. ) ;
#2981 = B_SPLINE_CURVE_WITH_KNOTS ( 'NONE', 3,
 ( #466, #2858, #456, #2870 ),
 .UNSPECIFIED., .F., .F.,
 ( 4, 4 ),
 ( 0.000000000000000000, 1.000000000000000000 ),
 .UNSPECIFIED. ) ;
#2982 = DIRECTION ( 'NONE',  ( -1.000000000000000000, -3.491481338843133355E-15, 8.258742298659309445E-17 ) ) ;
#2983 = FACE_OUTER_BOUND ( 'NONE', #3292, .T. ) ;
#2984 = CARTESIAN_POINT ( 'NONE',  ( 28.07534766793652992, -1.958405621080285153, -18.00000000000001066 ) ) ;
#2985 = CIRCLE ( 'NONE', #1583, 2.750000000000002665 ) ;
#2986 = CIRCLE ( 'NONE', #1113, 5.000000000000000000 ) ;
#2987 = DIRECTION ( 'NONE',  ( 0.000000000000000000, 0.000000000000000000, -1.000000000000000000 ) ) ;
#2988 = ORIENTED_EDGE ( 'NONE', *, *, #2762, .T. ) ;
#2989 = CARTESIAN_POINT ( 'NONE',  ( 28.63872972141767548, -1.834487530500009012, 49.74999999999998579 ) ) ;
#2990 = AXIS2_PLACEMENT_3D ( 'NONE', #1808, #406, #418 ) ;
#2991 = CARTESIAN_POINT ( 'NONE',  ( 27.00000000000000355, 0.000000000000000000, -19.11602540378445170 ) ) ;
#2992 = DIRECTION ( 'NONE',  ( 0.000000000000000000, 0.000000000000000000, 1.000000000000000000 ) ) ;
#2993 = ORIENTED_EDGE ( 'NONE', *, *, #3770, .T. ) ;
#2994 = CARTESIAN_POINT ( 'NONE',  ( -29.49999999999996092, -7.632783294297951215E-14, 4.437679186391493157E-15 ) ) ;
#2995 = CARTESIAN_POINT ( 'NONE',  ( -27.50000000000000711, -1.999999999999988010, -49.75000000000001421 ) ) ;
#2996 = DIRECTION ( 'NONE',  ( 0.000000000000000000, -1.000000000000000000, -4.163336342344339393E-15 ) ) ;
#2997 = AXIS2_PLACEMENT_3D ( 'NONE', #2991, #322, #1192 ) ;
#2998 = ORIENTED_EDGE ( 'NONE', *, *, #1004, .T. ) ;
#2999 = CARTESIAN_POINT ( 'NONE',  ( -31.49999999999998579, 1.999999999999999112, 49.25000000000001421 ) ) ;
#3000 = ORIENTED_EDGE ( 'NONE', *, *, #2735, .F. ) ;
#3001 = ADVANCED_FACE ( 'NONE', ( #1982 ), #321, .F. ) ;
#3002 = ORIENTED_EDGE ( 'NONE', *, *, #2957, .T. ) ;
#3003 = EDGE_CURVE ( 'NONE', #2644, #1573, #3160, .T. ) ;
#3004 = CARTESIAN_POINT ( 'NONE',  ( -27.49999999999991473, 0.1000000000000547673, 51.74999999999999289 ) ) ;
#3005 = ORIENTED_EDGE ( 'NONE', *, *, #327, .F. ) ;
#3006 = DIRECTION ( 'NONE',  ( 3.390917659076337669E-15, -6.960928290796758588E-15, -1.000000000000000000 ) ) ;
#3007 = B_SPLINE_CURVE_WITH_KNOTS ( 'NONE', 3,
 ( #1888, #1300, #2192, #711 ),
 .UNSPECIFIED., .F., .F.,
 ( 4, 4 ),
 ( 0.000000000000000000, 1.000000000000000000 ),
 .UNSPECIFIED. ) ;
#3008 = VERTEX_POINT ( 'NONE', #1310 ) ;
#3009 = CARTESIAN_POINT ( 'NONE',  ( 28.06936486070885906, 0.08275623475000244700, -18.25000000000002487 ) ) ;
#3010 = EDGE_CURVE ( 'NONE', #192, #1204, #585, .T. ) ;
#3011 = DIRECTION ( 'NONE',  ( -1.000000000000000000, 0.000000000000000000, 0.000000000000000000 ) ) ;
#3012 = CARTESIAN_POINT ( 'NONE',  ( 27.83927422578791777, 0.02829722051780111935, 49.62230073744496650 ) ) ;
#3013 = CARTESIAN_POINT ( 'NONE',  ( 27.66368179217603540, -2.000000000000000000, 49.25392240781567210 ) ) ;
#3014 = VERTEX_POINT ( 'NONE', #1050 ) ;
#3015 = CARTESIAN_POINT ( 'NONE',  ( -27.49999999999991473, 0.1000000000000547673, 51.74999999999999289 ) ) ;
#3016 = CARTESIAN_POINT ( 'NONE',  ( 17.49999999999999645, -26.70060973342834032, -49.75000000000001421 ) ) ;
#3017 = AXIS2_PLACEMENT_3D ( 'NONE', #110, #3418, #1617 ) ;
#3018 = EDGE_LOOP ( 'NONE', ( #2346, #3429, #1408, #2351 ) ) ;
#3019 = DIRECTION ( 'NONE',  ( -0.6097107608496922238, 0.7926239891046001906, 0.000000000000000000 ) ) ;
#3020 = FACE_OUTER_BOUND ( 'NONE', #3331, .T. ) ;
#3021 = DIRECTION ( 'NONE',  ( 1.000000000000000000, 0.000000000000000000, 0.000000000000000000 ) ) ;
#3022 = DIRECTION ( 'NONE',  ( -3.469446951953597623E-15, 1.000000000000000000, -0.000000000000000000 ) ) ;
#3023 = ORIENTED_EDGE ( 'NONE', *, *, #679, .T. ) ;
#3024 = ADVANCED_FACE ( 'NONE', ( #3020 ), #1005, .T. ) ;
#3025 = VECTOR ( 'NONE', #3150, 1000.000000000000000 ) ;
#3026 = CARTESIAN_POINT ( 'NONE',  ( 31.50000000000002842, 1.999999999999974021, 49.75000000000000711 ) ) ;
#3027 = DIRECTION ( 'NONE',  ( 1.005636797667714409E-16, 0.000000000000000000, 1.000000000000000000 ) ) ;
#3028 = VECTOR ( 'NONE', #2780, 1000.000000000000000 ) ;
#3029 = VERTEX_POINT ( 'NONE', #2204 ) ;
#3030 = CARTESIAN_POINT ( 'NONE',  ( 27.78076536456084966, -2.000000000000000000, -17.79437131132510430 ) ) ;
#3031 = CARTESIAN_POINT ( 'NONE',  ( -28.36974343308103386, 2.044344681066715186, 53.66436852600368468 ) ) ;
#3032 = CARTESIAN_POINT ( 'NONE',  ( -17.50000000000001421, -24.99999999999999289, -51.75000000000002132 ) ) ;
#3033 = LINE ( 'NONE', #2935, #1527 ) ;
#3034 = DIRECTION ( 'NONE',  ( -9.690807431081786425E-31, 3.491481338843133355E-15, -1.000000000000000000 ) ) ;
#3035 = CYLINDRICAL_SURFACE ( 'NONE', #767, 0.5000000000000004441 ) ;
#3036 = EDGE_CURVE ( 'NONE', #2057, #2975, #2365, .T. ) ;
#3037 = LINE ( 'NONE', #3039, #2757 ) ;
#3038 = DIRECTION ( 'NONE',  ( 4.163336342344336238E-15, -1.000000000000000000, 0.000000000000000000 ) ) ;
#3039 = CARTESIAN_POINT ( 'NONE',  ( 17.74999999999998934, -14.99999999999998579, -59.75000000000002132 ) ) ;
#3040 = ORIENTED_EDGE ( 'NONE', *, *, #2098, .T. ) ;
#3041 = DIRECTION ( 'NONE',  ( 3.265361837132811220E-15, -6.928635889290636899E-30, -1.000000000000000000 ) ) ;
#3042 = AXIS2_PLACEMENT_3D ( 'NONE', #487, #1973, #2000 ) ;
#3043 = CARTESIAN_POINT ( 'NONE',  ( -31.38108486090142435, 2.003922407815733386, 50.73182077365040499 ) ) ;
#3044 = VERTEX_POINT ( 'NONE', #2770 ) ;
#3045 = ADVANCED_FACE ( 'NONE', ( #1570 ), #3069, .F. ) ;
#3046 = VERTEX_POINT ( 'NONE', #988 ) ;
#3047 = AXIS2_PLACEMENT_3D ( 'NONE', #3196, #804, #1400 ) ;
#3048 = VERTEX_POINT ( 'NONE', #751 ) ;
#3049 = DIRECTION ( 'NONE',  ( 0.000000000000000000, 0.000000000000000000, 1.000000000000000000 ) ) ;
#3050 = DIRECTION ( 'NONE',  ( 0.000000000000000000, 1.589105284649368781E-29, 1.000000000000000000 ) ) ;
#3051 = VERTEX_POINT ( 'NONE', #2498 ) ;
#3052 = ORIENTED_EDGE ( 'NONE', *, *, #956, .F. ) ;
#3053 = DIRECTION ( 'NONE',  ( 0.000000000000000000, 0.000000000000000000, -1.000000000000000000 ) ) ;
#3054 = CARTESIAN_POINT ( 'NONE',  ( -31.33448753049997748, 0.8612702785822918816, 49.75000000000001421 ) ) ;
#3055 = CARTESIAN_POINT ( 'NONE',  ( -28.06936486070883774, 0.08275623475000373763, 49.75000000000001421 ) ) ;
#3056 = VERTEX_POINT ( 'NONE', #1307 ) ;
#3057 = EDGE_CURVE ( 'NONE', #2790, #51, #2569, .T. ) ;
#3058 = DIRECTION ( 'NONE',  ( -3.469446951953597623E-15, 1.000000000000000000, -0.000000000000000000 ) ) ;
#3059 = ORIENTED_EDGE ( 'NONE', *, *, #1736, .F. ) ;
#3060 = DIRECTION ( 'NONE',  ( -1.000000000000000000, 3.469446951953611033E-15, 0.000000000000000000 ) ) ;
#3061 = ADVANCED_FACE ( 'NONE', ( #1889 ), #78, .T. ) ;
#3062 = CARTESIAN_POINT ( 'NONE',  ( -27.78059685806468337, -2.000000000000000000, 49.29434468106672540 ) ) ;
#3063 = EDGE_CURVE ( 'NONE', #2624, #2294, #2700, .T. ) ;
#3064 = CARTESIAN_POINT ( 'NONE',  ( 27.50000000000000355, 2.000000000000000000, -18.25000000000002487 ) ) ;
#3065 = ORIENTED_EDGE ( 'NONE', *, *, #185, .T. ) ;
#3066 = CARTESIAN_POINT ( 'NONE',  ( 27.78767383396826318, 0.02079718945985613993, 49.49999999999998579 ) ) ;
#3067 = CIRCLE ( 'NONE', #561, 4.999999999999997335 ) ;
#3068 = ORIENTED_EDGE ( 'NONE', *, *, #2017, .T. ) ;
#3069 = CYLINDRICAL_SURFACE ( 'NONE', #1220, 2.750000000000000888 ) ;
#3070 = VERTEX_POINT ( 'NONE', #3579 ) ;
#3071 = VECTOR ( 'NONE', #1956, 1000.000000000000000 ) ;
#3072 = CARTESIAN_POINT ( 'NONE',  ( -27.49999999999990052, -8.339721628425090576E-14, 53.74999999999990052 ) ) ;
#3073 = AXIS2_PLACEMENT_3D ( 'NONE', #2290, #168, #1112 ) ;
#3074 = DIRECTION ( 'NONE',  ( 1.000000000000000000, -0.000000000000000000, -0.000000000000000000 ) ) ;
#3075 = CYLINDRICAL_SURFACE ( 'NONE', #1382, 3.999999999999996447 ) ;
#3076 = CIRCLE ( 'NONE', #967, 0.5000000000000004441 ) ;
#3077 = CARTESIAN_POINT ( 'NONE',  ( -27.78767383396825963, 0.02079718945985960937, -18.00000000000000355 ) ) ;
#3078 = LINE ( 'NONE', #3137, #2427 ) ;
#3079 = EDGE_CURVE ( 'NONE', #220, #2641, #864, .T. ) ;
#3080 = ADVANCED_FACE ( 'NONE', ( #780 ), #2725, .T. ) ;
#3081 = CARTESIAN_POINT ( 'NONE',  ( -27.78767383396825608, 0.02079718945985830833, 49.50000000000001421 ) ) ;
#3082 = VERTEX_POINT ( 'NONE', #853 ) ;
#3083 = CYLINDRICAL_SURFACE ( 'NONE', #420, 2.749999999999999112 ) ;
#3084 = DIRECTION ( 'NONE',  ( 0.000000000000000000, -0.000000000000000000, -1.000000000000000000 ) ) ;
#3085 = CARTESIAN_POINT ( 'NONE',  ( 29.50000000000006395, 12.67500000000021387, -4.225000000000092903 ) ) ;
#3086 = DIRECTION ( 'NONE',  ( -0.000000000000000000, 0.000000000000000000, -1.000000000000000000 ) ) ;
#3087 = DIRECTION ( 'NONE',  ( -2.775557561562891351E-16, 1.000000000000000000, 0.000000000000000000 ) ) ;
#3088 = DIRECTION ( 'NONE',  ( 0.000000000000000000, 0.000000000000000000, 1.000000000000000000 ) ) ;
#3089 = EDGE_CURVE ( 'NONE', #39, #2341, #1167, .T. ) ;
#3090 = ORIENTED_EDGE ( 'NONE', *, *, #1595, .T. ) ;
#3091 = DIRECTION ( 'NONE',  ( 2.523234146875357970E-16, -3.280204390937965509E-16, 1.000000000000000000 ) ) ;
#3092 = CARTESIAN_POINT ( 'NONE',  ( -12.50000000000000888, -44.99999999999999289, -51.75000000000008527 ) ) ;
#3093 = VERTEX_POINT ( 'NONE', #3599 ) ;
#3094 = AXIS2_PLACEMENT_3D ( 'NONE', #1509, #2723, #3021 ) ;
#3095 = VERTEX_POINT ( 'NONE', #599 ) ;
#3096 = ORIENTED_EDGE ( 'NONE', *, *, #1374, .T. ) ;
#3097 = AXIS2_PLACEMENT_3D ( 'NONE', #1007, #2826, #702 ) ;
#3098 = ORIENTED_EDGE ( 'NONE', *, *, #2011, .T. ) ;
#3099 = ORIENTED_EDGE ( 'NONE', *, *, #1999, .T. ) ;
#3100 = CARTESIAN_POINT ( 'NONE',  ( -31.49999999999996447, 1.387778780781445676E-14, -18.25000000000000355 ) ) ;
#3101 = ORIENTED_EDGE ( 'NONE', *, *, #1010, .F. ) ;
#3102 = DIRECTION ( 'NONE',  ( 0.000000000000000000, 0.000000000000000000, -1.000000000000000000 ) ) ;
#3103 = DIRECTION ( 'NONE',  ( -3.590608394613237745E-15, -2.668805347656641469E-16, -1.000000000000000000 ) ) ;
#3104 = VERTEX_POINT ( 'NONE', #355 ) ;
#3105 = CARTESIAN_POINT ( 'NONE',  ( -12.49999999999998401, 28.00000000000004974, 51.74999999999995026 ) ) ;
#3106 = CARTESIAN_POINT ( 'NONE',  ( -26.99999999999998934, 0.000000000000000000, 51.75000000000000711 ) ) ;
#3107 = CARTESIAN_POINT ( 'NONE',  ( 0.000000000000000000, -2.000000000000000000, 0.000000000000000000 ) ) ;
#3108 = ORIENTED_EDGE ( 'NONE', *, *, #2861, .T. ) ;
#3109 = EDGE_CURVE ( 'NONE', #1801, #3216, #2603, .T. ) ;
#3110 = FACE_OUTER_BOUND ( 'NONE', #668, .T. ) ;
#3111 = DIRECTION ( 'NONE',  ( 1.000000000000000000, 0.000000000000000000, 0.000000000000000000 ) ) ;
#3112 = EDGE_LOOP ( 'NONE', ( #1, #15, #228, #3721 ) ) ;
#3113 = PLANE ( 'NONE',  #2577 ) ;
#3114 = CARTESIAN_POINT ( 'NONE',  ( 27.49999999999999289, 0.000000000000000000, -18.25000000000001066 ) ) ;
#3115 = VECTOR ( 'NONE', #3790, 1000.000000000000000 ) ;
#3116 = B_SPLINE_CURVE_WITH_KNOTS ( 'NONE', 3,
 ( #1140, #2672, #2926, #2648 ),
 .UNSPECIFIED., .F., .F.,
 ( 4, 4 ),
 ( 0.000000000000000000, 1.000000000000000000 ),
 .UNSPECIFIED. ) ;
#3117 = AXIS2_PLACEMENT_3D ( 'NONE', #3502, #845, #3523 ) ;
#3118 = EDGE_LOOP ( 'NONE', ( #205, #705 ) ) ;
#3119 = VECTOR ( 'NONE', #1910, 1000.000000000000000 ) ;
#3120 = CARTESIAN_POINT ( 'NONE',  ( -29.47920281054012293, 1.712326166031732821, 49.50000000000001421 ) ) ;
#3121 = LINE ( 'NONE', #1180, #2315 ) ;
#3122 = ORIENTED_EDGE ( 'NONE', *, *, #2066, .T. ) ;
#3123 = DIRECTION ( 'NONE',  ( 1.000000000000000000, -7.228014483236608302E-17, -2.523234146875357970E-16 ) ) ;
#3124 = CARTESIAN_POINT ( 'NONE',  ( -28.06936486070883774, 0.08275623475000287721, 49.75000000000001421 ) ) ;
#3125 = DIRECTION ( 'NONE',  ( -3.469446951953599595E-15, -1.000000000000000000, 0.000000000000000000 ) ) ;
#3126 = CARTESIAN_POINT ( 'NONE',  ( 31.50000000000013856, 28.00000000000024869, 41.75000000000000000 ) ) ;
#3127 = FACE_OUTER_BOUND ( 'NONE', #1609, .T. ) ;
#3128 = VERTEX_POINT ( 'NONE', #656 ) ;
#3129 = PRODUCT_RELATED_PRODUCT_CATEGORY ( 'part', '', ( #1359 ) ) ;
#3130 = DIRECTION ( 'NONE',  ( -4.163336342344336238E-15, 1.000000000000000000, 0.000000000000000000 ) ) ;
#3131 = FACE_OUTER_BOUND ( 'NONE', #1467, .T. ) ;
#3132 = CARTESIAN_POINT ( 'NONE',  ( 19.99999999999981526, 14.00000000000003908, 51.75000000000011369 ) ) ;
#3133 = FACE_OUTER_BOUND ( 'NONE', #665, .T. ) ;
#3134 = CARTESIAN_POINT ( 'NONE',  ( -15.00000000000001066, -14.99999999999998579, -51.75000000000006395 ) ) ;
#3135 = CARTESIAN_POINT ( 'NONE',  ( -31.45840562108024585, 2.250000000000022649, 50.32534766793654768 ) ) ;
#3136 = ORIENTED_EDGE ( 'NONE', *, *, #3617, .T. ) ;
#3137 = CARTESIAN_POINT ( 'NONE',  ( -27.50000000000001066, -3.999999999999968914, -51.75000000000002842 ) ) ;
#3138 = EDGE_CURVE ( 'NONE', #3682, #1903, #1798, .T. ) ;
#3139 = EDGE_LOOP ( 'NONE', ( #1727, #1416, #708, #2096 ) ) ;
#3140 = ORIENTED_EDGE ( 'NONE', *, *, #3352, .F. ) ;
#3141 = DIRECTION ( 'NONE',  ( -0.000000000000000000, 1.000000000000000000, -0.000000000000000000 ) ) ;
#3142 = EDGE_CURVE ( 'NONE', #1353, #3880, #221, .T. ) ;
#3143 = B_SPLINE_CURVE_WITH_KNOTS ( 'NONE', 3,
 ( #3278, #1800, #920, #3335 ),
 .UNSPECIFIED., .F., .F.,
 ( 4, 4 ),
 ( 0.000000000000000000, 1.000000000000000000 ),
 .UNSPECIFIED. ) ;
#3144 = ORIENTED_EDGE ( 'NONE', *, *, #1291, .F. ) ;
#3145 = VERTEX_POINT ( 'NONE', #1566 ) ;
#3146 = AXIS2_PLACEMENT_3D ( 'NONE', #522, #3236, #1411 ) ;
#3147 = DIRECTION ( 'NONE',  ( -1.000000000000000000, 3.469446951953611033E-15, 0.000000000000000000 ) ) ;
#3148 = DIRECTION ( 'NONE',  ( 1.000000000000000000, -0.000000000000000000, -0.000000000000000000 ) ) ;
#3149 = ORIENTED_EDGE ( 'NONE', *, *, #1837, .F. ) ;
#3150 = DIRECTION ( 'NONE',  ( 3.469446951953613400E-15, 1.000000000000000000, -1.239088197126290570E-16 ) ) ;
#3151 = EDGE_LOOP ( 'NONE', ( #1907, #2544, #1779, #461 ) ) ;
#3152 = CYLINDRICAL_SURFACE ( 'NONE', #1909, 2.649999999999999467 ) ;
#3153 = EDGE_CURVE ( 'NONE', #3570, #1916, #2266, .T. ) ;
#3154 = ORIENTED_EDGE ( 'NONE', *, *, #1547, .T. ) ;
#3155 = CARTESIAN_POINT ( 'NONE',  ( 28.63872972141765061, 2.000000000000018652, 53.58448753050002011 ) ) ;
#3156 = VECTOR ( 'NONE', #3247, 1000.000000000000000 ) ;
#3157 = DIRECTION ( 'NONE',  ( 1.000000000000000000, 2.775557561562891351E-16, 0.000000000000000000 ) ) ;
#3158 = EDGE_CURVE ( 'NONE', #3677, #3339, #3467, .T. ) ;
#3159 = ORIENTED_EDGE ( 'NONE', *, *, #3568, .T. ) ;
#3160 = CIRCLE ( 'NONE', #815, 3.999999999999996447 ) ;
#3161 = CARTESIAN_POINT ( 'NONE',  ( 27.25000000000000711, -2.000000000000000000, 50.18301270189223118 ) ) ;
#3162 = PLANE ( 'NONE',  #3889 ) ;
#3163 = AXIS2_PLACEMENT_3D ( 'NONE', #1330, #2222, #1051 ) ;
#3164 = LINE ( 'NONE', #271, #1751 ) ;
#3165 = CARTESIAN_POINT ( 'NONE',  ( -27.49999999999998934, -9.540979117872435233E-14, 0.000000000000000000 ) ) ;
#3166 = CARTESIAN_POINT ( 'NONE',  ( 28.63872972141767548, -1.834487530500007679, 49.74999999999995737 ) ) ;
#3167 = ADVANCED_FACE ( 'NONE', ( #2876 ), #823, .F. ) ;
#3168 = FACE_OUTER_BOUND ( 'NONE', #1746, .T. ) ;
#3169 = DIRECTION ( 'NONE',  ( 0.000000000000000000, 0.000000000000000000, -1.000000000000000000 ) ) ;
#3170 = CARTESIAN_POINT ( 'NONE',  ( 27.97223694937775562, 2.372194003509616511, 53.72339259238663800 ) ) ;
#3171 = AXIS2_PLACEMENT_3D ( 'NONE', #2301, #526, #3879 ) ;
#3172 = CARTESIAN_POINT ( 'NONE',  ( -31.45840562108024585, 2.250000000000022649, 50.32534766793655479 ) ) ;
#3173 = LINE ( 'NONE', #3015, #1166 ) ;
#3174 = DIRECTION ( 'NONE',  ( 0.000000000000000000, -3.491481338843133355E-15, 1.000000000000000000 ) ) ;
#3175 = CIRCLE ( 'NONE', #3325, 2.000000000000001776 ) ;
#3176 = FACE_OUTER_BOUND ( 'NONE', #1873, .T. ) ;
#3177 = DIRECTION ( 'NONE',  ( 1.743440679373675317E-16, 6.048774950964937385E-31, 1.000000000000000000 ) ) ;
#3178 = DIRECTION ( 'NONE',  ( -2.523234146875355505E-16, 3.469446951953614189E-15, -1.000000000000000000 ) ) ;
#3179 = EDGE_LOOP ( 'NONE', ( #3430, #872 ) ) ;
#3180 = B_SPLINE_CURVE_WITH_KNOTS ( 'NONE', 3,
 ( #258, #2410, #3811, #235 ),
 .UNSPECIFIED., .F., .F.,
 ( 4, 4 ),
 ( 0.000000000000000000, 1.000000000000000000 ),
 .UNSPECIFIED. ) ;
#3181 = CARTESIAN_POINT ( 'NONE',  ( -27.78767383396825963, 0.02079718945985960937, -18.00000000000000355 ) ) ;
#3182 = CARTESIAN_POINT ( 'NONE',  ( -27.00000000000000000, 0.000000000000000000, -19.11602540378443749 ) ) ;
#3183 = EDGE_CURVE ( 'NONE', #2358, #2811, #1020, .T. ) ;
#3184 = CARTESIAN_POINT ( 'NONE',  ( -28.06936486070879866, 1.999999999999996225, 51.66724376525002072 ) ) ;
#3185 = ORIENTED_EDGE ( 'NONE', *, *, #876, .F. ) ;
#3186 = ORIENTED_EDGE ( 'NONE', *, *, #2147, .F. ) ;
#3187 = VERTEX_POINT ( 'NONE', #1633 ) ;
#3188 = AXIS2_PLACEMENT_3D ( 'NONE', #525, #3195, #2339 ) ;
#3189 = ORIENTED_EDGE ( 'NONE', *, *, #1478, .T. ) ;
#3190 = CARTESIAN_POINT ( 'NONE',  ( 27.83927422578791777, 0.02829722051780111935, 49.62230073744496650 ) ) ;
#3191 = CARTESIAN_POINT ( 'NONE',  ( 27.97212895450963543, 2.372321985599920247, 53.72340828926095924 ) ) ;
#3192 = AXIS2_PLACEMENT_3D ( 'NONE', #817, #2930, #1764 ) ;
#3193 = ORIENTED_EDGE ( 'NONE', *, *, #1970, .F. ) ;
#3194 = DIRECTION ( 'NONE',  ( -0.000000000000000000, 1.000000000000000000, -0.000000000000000000 ) ) ;
#3195 = DIRECTION ( 'NONE',  ( 1.000000000000000000, -0.000000000000000000, -0.000000000000000000 ) ) ;
#3196 = CARTESIAN_POINT ( 'NONE',  ( -27.49999999999992184, 2.000000000000001776, 51.74999999999990052 ) ) ;
#3197 = VERTEX_POINT ( 'NONE', #1636 ) ;
#3198 = CARTESIAN_POINT ( 'NONE',  ( 31.50000000000002842, 1.999999999999974021, 49.75000000000000711 ) ) ;
#3199 = AXIS2_PLACEMENT_3D ( 'NONE', #1232, #31, #2424 ) ;
#3200 = CARTESIAN_POINT ( 'NONE',  ( -27.78767383396825608, 0.02079718945985830833, 49.50000000000001421 ) ) ;
#3201 = ORIENTED_EDGE ( 'NONE', *, *, #2306, .T. ) ;
#3202 = FACE_OUTER_BOUND ( 'NONE', #2180, .T. ) ;
#3203 = CARTESIAN_POINT ( 'NONE',  ( -7.250000000000006217, -41.99999999999997868, -51.75000000000015632 ) ) ;
#3204 = ORIENTED_EDGE ( 'NONE', *, *, #164, .F. ) ;
#3205 = EDGE_CURVE ( 'NONE', #2404, #1804, #3311, .T. ) ;
#3206 = VECTOR ( 'NONE', #18, 1000.000000000000000 ) ;
#3207 = CARTESIAN_POINT ( 'NONE',  ( 27.73607344214862280, 2.372300737444965613, 51.73670284159808830 ) ) ;
#3208 = ORIENTED_EDGE ( 'NONE', *, *, #1555, .T. ) ;
#3209 = CARTESIAN_POINT ( 'NONE',  ( -31.50000000000006395, 28.00000000000001776, -18.25000000000000355 ) ) ;
#3210 = CYLINDRICAL_SURFACE ( 'NONE', #771, 0.5000000000000004441 ) ;
#3211 = EDGE_CURVE ( 'NONE', #3070, #3671, #30, .T. ) ;
#3212 = DIRECTION ( 'NONE',  ( -2.524354896707237777E-29, 6.960928290796771210E-15, 1.000000000000000000 ) ) ;
#3213 = CARTESIAN_POINT ( 'NONE',  ( -27.50000000000000000, -2.000000000000000000, -18.25000000000000355 ) ) ;
#3214 = DIRECTION ( 'NONE',  ( 3.265361837132811220E-15, -6.928635889290636899E-30, -1.000000000000000000 ) ) ;
#3215 = CIRCLE ( 'NONE', #176, 0.5000000000000004441 ) ;
#3216 = VERTEX_POINT ( 'NONE', #1965 ) ;
#3217 = DIRECTION ( 'NONE',  ( 3.390917659076337669E-15, -6.960928290796758588E-15, -1.000000000000000000 ) ) ;
#3218 = B_SPLINE_CURVE_WITH_KNOTS ( 'NONE', 3,
 ( #341, #58, #356, #82 ),
 .UNSPECIFIED., .F., .F.,
 ( 4, 4 ),
 ( 0.000000000000000000, 1.000000000000000000 ),
 .UNSPECIFIED. ) ;
#3219 = AXIS2_PLACEMENT_3D ( 'NONE', #1052, #425, #1043 ) ;
#3220 = LINE ( 'NONE', #2233, #791 ) ;
#3221 = VERTEX_POINT ( 'NONE', #1912 ) ;
#3222 = CARTESIAN_POINT ( 'NONE',  ( -27.24999999999998579, -2.000000000000000000, 50.18301270189223118 ) ) ;
#3223 = VECTOR ( 'NONE', #1479, 1000.000000000000000 ) ;
#3224 = DIRECTION ( 'NONE',  ( 0.000000000000000000, 0.000000000000000000, 1.000000000000000000 ) ) ;
#3225 = DIRECTION ( 'NONE',  ( 1.000000000000000000, 0.000000000000000000, 0.000000000000000000 ) ) ;
#3226 = CIRCLE ( 'NONE', #3838, 2.000000000000001776 ) ;
#3227 = DIRECTION ( 'NONE',  ( 1.000000000000000000, 0.000000000000000000, 0.000000000000000000 ) ) ;
#3228 = CARTESIAN_POINT ( 'NONE',  ( -29.41724376524996032, 2.000000000000036859, 50.31936486070886616 ) ) ;
#3229 = ORIENTED_EDGE ( 'NONE', *, *, #2320, .F. ) ;
#3230 = DIRECTION ( 'NONE',  ( 1.000000000000000000, 0.000000000000000000, 0.000000000000000000 ) ) ;
#3231 = ORIENTED_EDGE ( 'NONE', *, *, #2664, .F. ) ;
#3232 = ORIENTED_EDGE ( 'NONE', *, *, #1834, .T. ) ;
#3233 = DIRECTION ( 'NONE',  ( -0.000000000000000000, 0.000000000000000000, 1.000000000000000000 ) ) ;
#3234 = DIRECTION ( 'NONE',  ( -3.469446951953599595E-15, -1.000000000000000000, 0.000000000000000000 ) ) ;
#3235 = ORIENTED_EDGE ( 'NONE', *, *, #190, .F. ) ;
#3236 = DIRECTION ( 'NONE',  ( 1.000000000000000000, -3.469446951953613400E-15, -9.912705577010257757E-17 ) ) ;
#3237 = ORIENTED_EDGE ( 'NONE', *, *, #2320, .T. ) ;
#3238 = CARTESIAN_POINT ( 'NONE',  ( 29.50000000000002487, 2.000000000000008882, -18.25000000000001421 ) ) ;
#3239 = EDGE_CURVE ( 'NONE', #1380, #2079, #2508, .T. ) ;
#3240 = ORIENTED_EDGE ( 'NONE', *, *, #758, .F. ) ;
#3241 = CARTESIAN_POINT ( 'NONE',  ( -28.07534766793654413, -1.958405621080280934, -18.00000000000000355 ) ) ;
#3242 = ORIENTED_EDGE ( 'NONE', *, *, #2621, .F. ) ;
#3243 = ADVANCED_FACE ( 'NONE', ( #3405 ), #400, .T. ) ;
#3244 = AXIS2_PLACEMENT_3D ( 'NONE', #1145, #1225, #2267 ) ;
#3245 = EDGE_LOOP ( 'NONE', ( #1304, #1641, #1033, #1713, #186, #438, #3529, #1674 ) ) ;
#3246 = CARTESIAN_POINT ( 'NONE',  ( -31.44341864977389633, 1.321541613504589430, 49.62219400350969067 ) ) ;
#3247 = DIRECTION ( 'NONE',  ( 2.523234146875369310E-16, 3.280204390937984244E-16, 1.000000000000000000 ) ) ;
#3248 = ORIENTED_EDGE ( 'NONE', *, *, #392, .T. ) ;
#3249 = DIRECTION ( 'NONE',  ( 1.000000000000000000, 0.000000000000000000, 0.000000000000000000 ) ) ;
#3250 = CARTESIAN_POINT ( 'NONE',  ( -29.41724376524996032, 2.000000000000036859, 50.31936486070886616 ) ) ;
#3251 = CYLINDRICAL_SURFACE ( 'NONE', #3073, 2.749999999999999112 ) ;
#3252 = DIRECTION ( 'NONE',  ( 0.000000000000000000, -1.000000000000000000, 0.000000000000000000 ) ) ;
#3253 = DIRECTION ( 'NONE',  ( 1.000000000000000000, -3.469446951953614189E-15, 0.000000000000000000 ) ) ;
#3254 = VERTEX_POINT ( 'NONE', #3725 ) ;
#3255 = CIRCLE ( 'NONE', #404, 2.749999999999999112 ) ;
#3256 = ORIENTED_EDGE ( 'NONE', *, *, #2882, .T. ) ;
#3257 = FACE_OUTER_BOUND ( 'NONE', #13, .T. ) ;
#3258 = DIRECTION ( 'NONE',  ( 0.000000000000000000, 0.000000000000000000, 1.000000000000000000 ) ) ;
#3259 = CARTESIAN_POINT ( 'NONE',  ( 27.25000000000001776, 1.566987298107725524, 51.74999999999999289 ) ) ;
#3260 = EDGE_CURVE ( 'NONE', #848, #1882, #2360, .T. ) ;
#3261 = ADVANCED_FACE ( 'NONE', ( #1243 ), #1333, .T. ) ;
#3262 = VECTOR ( 'NONE', #3734, 1000.000000000000000 ) ;
#3263 = B_SPLINE_CURVE_WITH_KNOTS ( 'NONE', 3,
 ( #2428, #1490, #3013, #1823 ),
 .UNSPECIFIED., .F., .F.,
 ( 4, 4 ),
 ( 0.000000000000000000, 1.000000000000000000 ),
 .UNSPECIFIED. ) ;
#3264 = PLANE ( 'NONE',  #3600 ) ;
#3265 = DIRECTION ( 'NONE',  ( -0.000000000000000000, 1.000000000000000000, -0.000000000000000000 ) ) ;
#3266 = CARTESIAN_POINT ( 'NONE',  ( -26.99999999999992539, 1.133974596215560515, 51.74999999999990763 ) ) ;
#3267 = CARTESIAN_POINT ( 'NONE',  ( -27.78767383396825963, 0.02079718945985960937, -18.00000000000000355 ) ) ;
#3268 = EDGE_CURVE ( 'NONE', #3433, #2404, #354, .T. ) ;
#3269 = FACE_OUTER_BOUND ( 'NONE', #3565, .T. ) ;
#3270 = CARTESIAN_POINT ( 'NONE',  ( -22.65000000000008029, 14.00000000000000355, 53.74999999999999289 ) ) ;
#3271 = APPLICATION_CONTEXT ( 'automotive_design' ) ;
#3272 = VECTOR ( 'NONE', #2353, 1000.000000000000000 ) ;
#3273 = CYLINDRICAL_SURFACE ( 'NONE', #2888, 1.999999999999998224 ) ;
#3274 = CARTESIAN_POINT ( 'NONE',  ( 29.50000000000003197, 4.396203899719608899, -13.25000000000000533 ) ) ;
#3275 = AXIS2_PLACEMENT_3D ( 'NONE', #3134, #117, #1071 ) ;
#3276 = CARTESIAN_POINT ( 'NONE',  ( 26.99999999999998934, 1.999999999999968914, 53.74999999999999289 ) ) ;
#3277 = EDGE_LOOP ( 'NONE', ( #1443, #3516, #1312, #347 ) ) ;
#3278 = CARTESIAN_POINT ( 'NONE',  ( -29.41724376524998164, 1.430635139291145830, 49.75000000000001421 ) ) ;
#3279 = LINE ( 'NONE', #3337, #1170 ) ;
#3280 = CARTESIAN_POINT ( 'NONE',  ( -27.49999999999992184, 2.000000000000001776, 51.74999999999999289 ) ) ;
#3281 = DIRECTION ( 'NONE',  ( -1.005636797667714286E-16, -0.000000000000000000, -1.000000000000000000 ) ) ;
#3282 = CARTESIAN_POINT ( 'NONE',  ( 27.58178329828408692, -3.376326787056551448E-17, 49.25391964731220895 ) ) ;
#3283 = CARTESIAN_POINT ( 'NONE',  ( 18.53688005447699894, -23.65205592917988042, -49.75000000000001421 ) ) ;
#3284 = ORIENTED_EDGE ( 'NONE', *, *, #757, .T. ) ;
#3285 = ORIENTED_EDGE ( 'NONE', *, *, #2065, .T. ) ;
#3286 = AXIS2_PLACEMENT_3D ( 'NONE', #710, #1651, #3174 ) ;
#3287 = ADVANCED_FACE ( 'NONE', ( #3361 ), #992, .T. ) ;
#3288 = ORIENTED_EDGE ( 'NONE', *, *, #3063, .F. ) ;
#3289 = EDGE_CURVE ( 'NONE', #99, #202, #1062, .T. ) ;
#3290 = CARTESIAN_POINT ( 'NONE',  ( -27.49999999999990763, 2.500000000000002220, 51.74999999999990763 ) ) ;
#3291 = EDGE_LOOP ( 'NONE', ( #223, #412, #3621, #116 ) ) ;
#3292 = EDGE_LOOP ( 'NONE', ( #2472, #488, #2318, #1791 ) ) ;
#3293 = DIRECTION ( 'NONE',  ( 1.000000000000000000, 0.000000000000000000, 0.000000000000000000 ) ) ;
#3294 = B_SPLINE_CURVE_WITH_KNOTS ( 'NONE', 1,
 ( #2229, #978 ),
 .UNSPECIFIED., .F., .F.,
 ( 2, 2 ),
 ( 0.000000000000000000, 1.000000000000000000 ),
 .UNSPECIFIED. ) ;
#3295 = DIRECTION ( 'NONE',  ( 3.468048509211103883E-15, 1.000000000000000000, -1.200736511533593085E-17 ) ) ;
#3296 = DIRECTION ( 'NONE',  ( 0.000000000000000000, 1.264411342330346356E-14, -1.000000000000000000 ) ) ;
#3297 = EDGE_CURVE ( 'NONE', #1882, #2210, #1015, .T. ) ;
#3298 = DIRECTION ( 'NONE',  ( 1.000000000000000000, -3.468048509211103883E-15, 0.000000000000000000 ) ) ;
#3299 = CARTESIAN_POINT ( 'NONE',  ( -27.49999999999998934, -9.540979117872435233E-14, 50.61602540378445525 ) ) ;
#3300 = DIRECTION ( 'NONE',  ( -3.469446951953613400E-15, -1.000000000000000000, 0.000000000000000000 ) ) ;
#3301 = ORIENTED_EDGE ( 'NONE', *, *, #3010, .T. ) ;
#3302 = CARTESIAN_POINT ( 'NONE',  ( -29.50000000000004619, 28.00000000000002487, 42.56138830084188385 ) ) ;
#3303 = AXIS2_PLACEMENT_3D ( 'NONE', #3198, #1405, #206 ) ;
#3304 = EDGE_LOOP ( 'NONE', ( #441, #829, #3762, #1027 ) ) ;
#3305 = ORIENTED_EDGE ( 'NONE', *, *, #2861, .F. ) ;
#3306 = CARTESIAN_POINT ( 'NONE',  ( -27.24999999999998579, 0.000000000000000000, 50.18301270189223118 ) ) ;
#3307 = FACE_OUTER_BOUND ( 'NONE', #2837, .T. ) ;
#3308 = ADVANCED_FACE ( 'NONE', ( #2555 ), #156, .T. ) ;
#3309 = CARTESIAN_POINT ( 'NONE',  ( -27.50000000000000711, 2.012279232133096230E-13, -51.75000000000001421 ) ) ;
#3310 = ORIENTED_EDGE ( 'NONE', *, *, #3183, .T. ) ;
#3311 = LINE ( 'NONE', #1118, #2310 ) ;
#3312 = CARTESIAN_POINT ( 'NONE',  ( -10.00000000000000711, -41.99999999999997868, -49.75000000000001421 ) ) ;
#3313 = ORIENTED_EDGE ( 'NONE', *, *, #1745, .T. ) ;
#3314 = VECTOR ( 'NONE', #3034, 1000.000000000000000 ) ;
#3315 = CARTESIAN_POINT ( 'NONE',  ( 7.249999999999994671, -41.99999999999997868, -49.75000000000001421 ) ) ;
#3316 = ORIENTED_EDGE ( 'NONE', *, *, #556, .T. ) ;
#3317 = VECTOR ( 'NONE', #1160, 1000.000000000000000 ) ;
#3318 = VERTEX_POINT ( 'NONE', #535 ) ;
#3319 = CARTESIAN_POINT ( 'NONE',  ( -27.49999999999996092, 2.000000000000043521, 49.75000000000001421 ) ) ;
#3320 = EDGE_CURVE ( 'NONE', #2945, #783, #2971, .T. ) ;
#3321 = B_SPLINE_CURVE_WITH_KNOTS ( 'NONE', 3,
 ( #2611, #1094, #816, #204 ),
 .UNSPECIFIED., .F., .F.,
 ( 4, 4 ),
 ( 0.000000000000000000, 1.000000000000000000 ),
 .UNSPECIFIED. ) ;
#3322 = FACE_OUTER_BOUND ( 'NONE', #2438, .T. ) ;
#3323 = VERTEX_POINT ( 'NONE', #1410 ) ;
#3324 = DIRECTION ( 'NONE',  ( 1.000000000000000000, 3.469446951953611033E-15, 0.000000000000000000 ) ) ;
#3325 = AXIS2_PLACEMENT_3D ( 'NONE', #621, #331, #954 ) ;
#3326 = CARTESIAN_POINT ( 'NONE',  ( 27.50000000000000711, 0.000000000000000000, -2.765501193586214780E-15 ) ) ;
#3327 = VECTOR ( 'NONE', #1811, 1000.000000000000000 ) ;
#3328 = CIRCLE ( 'NONE', #3244, 5.000000000000000888 ) ;
#3329 = DIRECTION ( 'NONE',  ( 0.000000000000000000, 0.000000000000000000, -1.000000000000000000 ) ) ;
#3330 = ADVANCED_FACE ( 'NONE', ( #3780 ), #536, .F. ) ;
#3331 = EDGE_LOOP ( 'NONE', ( #2745, #2592, #809, #2025 ) ) ;
#3332 = DIRECTION ( 'NONE',  ( -3.469446951953614189E-15, -1.000000000000000000, 0.000000000000000000 ) ) ;
#3333 = AXIS2_PLACEMENT_3D ( 'NONE', #2068, #2629, #2684 ) ;
#3334 = CARTESIAN_POINT ( 'NONE',  ( 12.74999999999999289, -41.99999999999997868, -51.75000000000015632 ) ) ;
#3335 = CARTESIAN_POINT ( 'NONE',  ( -29.47920281054012293, 1.712326166031732821, 49.50000000000001421 ) ) ;
#3336 = ORIENTED_EDGE ( 'NONE', *, *, #2875, .F. ) ;
#3337 = CARTESIAN_POINT ( 'NONE',  ( -22.65000000000008029, 14.00000000000000355, 51.74999999999999289 ) ) ;
#3338 = AXIS2_PLACEMENT_3D ( 'NONE', #2097, #1497, #2406 ) ;
#3339 = VERTEX_POINT ( 'NONE', #2940 ) ;
#3340 = CARTESIAN_POINT ( 'NONE',  ( -28.06936486070884840, 0.08275623475000526419, -18.25000000000000355 ) ) ;
#3341 = ORIENTED_EDGE ( 'NONE', *, *, #3704, .T. ) ;
#3342 = ORIENTED_EDGE ( 'NONE', *, *, #2345, .F. ) ;
#3343 = EDGE_CURVE ( 'NONE', #3029, #802, #2643, .T. ) ;
#3344 = ORIENTED_EDGE ( 'NONE', *, *, #3589, .T. ) ;
#3345 = CARTESIAN_POINT ( 'NONE',  ( -27.50000000000000711, -4.000000000000019540, -47.75000000000000711 ) ) ;
#3346 = DIRECTION ( 'NONE',  ( 0.000000000000000000, 1.470776148866217010E-29, 1.000000000000000000 ) ) ;
#3347 = CARTESIAN_POINT ( 'NONE',  ( 28.63872972141767548, -1.834487530500009012, 49.74999999999998579 ) ) ;
#3348 = DIRECTION ( 'NONE',  ( -1.000000000000000000, -3.491481338843133355E-15, 8.258742298659309445E-17 ) ) ;
#3349 = ADVANCED_FACE ( 'NONE', ( #3400 ), #486, .F. ) ;
#3350 = ORIENTED_EDGE ( 'NONE', *, *, #1159, .F. ) ;
#3351 = DIRECTION ( 'NONE',  ( -3.469446951953614189E-15, 1.000000000000000000, 0.000000000000000000 ) ) ;
#3352 = EDGE_CURVE ( 'NONE', #519, #2338, #1565, .T. ) ;
#3353 = CARTESIAN_POINT ( 'NONE',  ( 28.06936486070884129, 2.000000000000013323, 51.66724376525000650 ) ) ;
#3354 = DIRECTION ( 'NONE',  ( 1.000000000000000000, -3.491481338843138877E-15, -2.103147545604541420E-14 ) ) ;
#3355 = CARTESIAN_POINT ( 'NONE',  ( -20.00000000000008171, 14.00000000000000355, 53.74999999999999289 ) ) ;
#3356 = ORIENTED_EDGE ( 'NONE', *, *, #1627, .T. ) ;
#3357 = CARTESIAN_POINT ( 'NONE',  ( 29.50000000000013145, 28.00000000000004619, 49.74999999999999289 ) ) ;
#3358 = LINE ( 'NONE', #3465, #2552 ) ;
#3359 = AXIS2_PLACEMENT_3D ( 'NONE', #3114, #977, #2965 ) ;
#3360 = EDGE_LOOP ( 'NONE', ( #1709, #1226 ) ) ;
#3361 = FACE_OUTER_BOUND ( 'NONE', #1523, .T. ) ;
#3362 = CARTESIAN_POINT ( 'NONE',  ( 29.50000000000002842, 2.499999999999967581, 49.74999999999998579 ) ) ;
#3363 = ORIENTED_EDGE ( 'NONE', *, *, #2297, .F. ) ;
#3364 = VECTOR ( 'NONE', #3265, 1000.000000000000000 ) ;
#3365 = DIRECTION ( 'NONE',  ( 0.000000000000000000, -0.3162277660168378857, -0.9486832980505138790 ) ) ;
#3366 = DIRECTION ( 'NONE',  ( 0.000000000000000000, 1.667991375171469962E-29, 1.000000000000000000 ) ) ;
#3367 = FACE_OUTER_BOUND ( 'NONE', #3462, .T. ) ;
#3368 = ORIENTED_EDGE ( 'NONE', *, *, #1919, .F. ) ;
#3369 = DIRECTION ( 'NONE',  ( 0.000000000000000000, 0.000000000000000000, 1.000000000000000000 ) ) ;
#3370 = EDGE_CURVE ( 'NONE', #1835, #20, #3532, .T. ) ;
#3371 = EDGE_CURVE ( 'NONE', #2945, #3506, #3642, .T. ) ;
#3372 = ADVANCED_FACE ( 'NONE', ( #2920 ), #681, .T. ) ;
#3373 = CYLINDRICAL_SURFACE ( 'NONE', #14, 0.5000000000000004441 ) ;
#3374 = VECTOR ( 'NONE', #3074, 1000.000000000000000 ) ;
#3375 = CARTESIAN_POINT ( 'NONE',  ( 19.99999999999981526, 14.00000000000003908, 51.75000000000011369 ) ) ;
#3376 = EDGE_CURVE ( 'NONE', #2600, #1966, #2829, .T. ) ;
#3377 = VECTOR ( 'NONE', #53, 1000.000000000000000 ) ;
#3378 = B_SPLINE_CURVE_WITH_KNOTS ( 'NONE', 3,
 ( #2349, #1500, #544, #3077 ),
 .UNSPECIFIED., .F., .F.,
 ( 4, 4 ),
 ( 0.000000000000000000, 1.000000000000000000 ),
 .UNSPECIFIED. ) ;
#3379 = CARTESIAN_POINT ( 'NONE',  ( 27.50000000000001066, 0.000000000000000000, 51.75000000000000711 ) ) ;
#3380 = DIRECTION ( 'NONE',  ( 3.491481338843108901E-15, 6.960928290796760166E-15, 1.000000000000000000 ) ) ;
#3381 = EDGE_LOOP ( 'NONE', ( #507, #247, #1358, #1723 ) ) ;
#3382 = LINE ( 'NONE', #1488, #3757 ) ;
#3383 = AXIS2_PLACEMENT_3D ( 'NONE', #3534, #3224, #3249 ) ;
#3384 = ORIENTED_EDGE ( 'NONE', *, *, #885, .F. ) ;
#3385 = ORIENTED_EDGE ( 'NONE', *, *, #415, .T. ) ;
#3386 = CARTESIAN_POINT ( 'NONE',  ( -27.00000000000000000, -2.000000000000000000, -19.11602540378443749 ) ) ;
#3387 = AXIS2_PLACEMENT_3D ( 'NONE', #812, #225, #3519 ) ;
#3388 = ORIENTED_EDGE ( 'NONE', *, *, #77, .F. ) ;
#3389 = DIRECTION ( 'NONE',  ( 0.000000000000000000, 1.470776148866217010E-29, 1.000000000000000000 ) ) ;
#3390 = CARTESIAN_POINT ( 'NONE',  ( -31.33448753049997748, 0.8612702785822918816, 49.75000000000001421 ) ) ;
#3391 = ADVANCED_FACE ( 'NONE', ( #2167 ), #777, .F. ) ;
#3392 = ORIENTED_EDGE ( 'NONE', *, *, #3541, .T. ) ;
#3393 = DIRECTION ( 'NONE',  ( -1.000000000000000000, 1.261617073437678245E-16, 2.523234146875359942E-16 ) ) ;
#3394 = CARTESIAN_POINT ( 'NONE',  ( -26.99999999999991473, 2.000000000000017319, 53.74999999999999289 ) ) ;
#3395 = CARTESIAN_POINT ( 'NONE',  ( -27.49999999999991473, 2.000000000000015543, 53.74999999999999289 ) ) ;
#3396 = ORIENTED_EDGE ( 'NONE', *, *, #1555, .F. ) ;
#3397 = EDGE_CURVE ( 'NONE', #801, #3637, #2598, .T. ) ;
#3398 = ORIENTED_EDGE ( 'NONE', *, *, #3239, .T. ) ;
#3399 = ORIENTED_EDGE ( 'NONE', *, *, #2660, .F. ) ;
#3400 = FACE_OUTER_BOUND ( 'NONE', #3761, .T. ) ;
#3401 = DIRECTION ( 'NONE',  ( 0.000000000000000000, 0.000000000000000000, -1.000000000000000000 ) ) ;
#3402 = EDGE_LOOP ( 'NONE', ( #2126, #2159, #2300, #673 ) ) ;
#3403 = ADVANCED_FACE ( 'NONE', ( #407, #3878 ), #3865, .F. ) ;
#3404 = AXIS2_PLACEMENT_3D ( 'NONE', #282, #1788, #704 ) ;
#3405 = FACE_OUTER_BOUND ( 'NONE', #1063, .T. ) ;
#3406 = ORIENTED_EDGE ( 'NONE', *, *, #121, .T. ) ;
#3407 = CIRCLE ( 'NONE', #1904, 5.000000000000000888 ) ;
#3408 = CARTESIAN_POINT ( 'NONE',  ( 28.07534766793649794, 2.249999999999985789, 53.70840562108029559 ) ) ;
#3409 = EDGE_CURVE ( 'NONE', #1367, #431, #3585, .T. ) ;
#3410 = CYLINDRICAL_SURFACE ( 'NONE', #666, 2.000000000000001776 ) ;
#3411 = VERTEX_POINT ( 'NONE', #3259 ) ;
#3412 = SURFACE_SIDE_STYLE ('',( #639 ) ) ;
#3413 = FACE_OUTER_BOUND ( 'NONE', #511, .T. ) ;
#3414 = EDGE_CURVE ( 'NONE', #1903, #2595, #1375, .T. ) ;
#3415 = VECTOR ( 'NONE', #596, 1000.000000000000000 ) ;
#3416 = VECTOR ( 'NONE', #1398, 1000.000000000000000 ) ;
#3417 = CARTESIAN_POINT ( 'NONE',  ( -31.50000000000005684, 27.99999999999999289, 49.75000000000001421 ) ) ;
#3418 = DIRECTION ( 'NONE',  ( 3.390917659076337669E-15, -6.960928290796758588E-15, -1.000000000000000000 ) ) ;
#3419 = DIRECTION ( 'NONE',  ( 0.000000000000000000, -1.000000000000000000, -3.469446951953614189E-15 ) ) ;
#3420 = EDGE_CURVE ( 'NONE', #1829, #1179, #3067, .T. ) ;
#3421 = ORIENTED_EDGE ( 'NONE', *, *, #2664, .T. ) ;
#3422 = B_SPLINE_CURVE_WITH_KNOTS ( 'NONE', 3,
 ( #3623, #2726, #1619, #389 ),
 .UNSPECIFIED., .F., .F.,
 ( 4, 4 ),
 ( 0.000000000000000000, 1.000000000000000000 ),
 .UNSPECIFIED. ) ;
#3423 = CARTESIAN_POINT ( 'NONE',  ( 27.67821271365719582, 0.004887197829563571724, 49.33725260867692697 ) ) ;
#3424 = DIRECTION ( 'NONE',  ( 3.469446951953614189E-15, 1.000000000000000000, 2.730513968562033325E-16 ) ) ;
#3425 = ORIENTED_EDGE ( 'NONE', *, *, #1138, .F. ) ;
#3426 = AXIS2_PLACEMENT_3D ( 'NONE', #448, #3178, #1620 ) ;
#3427 = CARTESIAN_POINT ( 'NONE',  ( -20.00000000000008171, 14.00000000000000355, 51.74999999999999289 ) ) ;
#3428 = CARTESIAN_POINT ( 'NONE',  ( -27.49999999999998224, 2.000000000000000000, 83.94242340540813530 ) ) ;
#3429 = ORIENTED_EDGE ( 'NONE', *, *, #3855, .F. ) ;
#3430 = ORIENTED_EDGE ( 'NONE', *, *, #3512, .T. ) ;
#3431 = CARTESIAN_POINT ( 'NONE',  ( -28.63872972141769324, -1.834487530499993468, 49.75000000000001421 ) ) ;
#3432 = DIRECTION ( 'NONE',  ( -1.000000000000000000, 0.000000000000000000, 0.000000000000000000 ) ) ;
#3433 = VERTEX_POINT ( 'NONE', #2005 ) ;
#3434 = DIRECTION ( 'NONE',  ( 1.000000000000000000, 0.000000000000000000, 0.000000000000000000 ) ) ;
#3435 = DIRECTION ( 'NONE',  ( 0.000000000000000000, -1.000000000000000000, 0.000000000000000000 ) ) ;
#3436 = CARTESIAN_POINT ( 'NONE',  ( -12.49999999999991473, 0.1000000000000547673, 51.74999999999999289 ) ) ;
#3437 = ORIENTED_EDGE ( 'NONE', *, *, #2098, .F. ) ;
#3438 = DIRECTION ( 'NONE',  ( 0.000000000000000000, 0.000000000000000000, 1.000000000000000000 ) ) ;
#3439 = CARTESIAN_POINT ( 'NONE',  ( -27.49999999999991473, 0.1000000000000547673, 53.74999999999999289 ) ) ;
#3440 = ORIENTED_EDGE ( 'NONE', *, *, #141, .T. ) ;
#3441 = EDGE_CURVE ( 'NONE', #3556, #1740, #582, .T. ) ;
#3442 = CYLINDRICAL_SURFACE ( 'NONE', #1789, 2.649999999999999467 ) ;
#3443 = CARTESIAN_POINT ( 'NONE',  ( -27.50000000000000711, -3.999999999999989786, -51.75000000000002842 ) ) ;
#3444 = CARTESIAN_POINT ( 'NONE',  ( 31.50000000000002132, -7.285838599102589797E-14, -18.25000000000000355 ) ) ;
#3445 = ORIENTED_EDGE ( 'NONE', *, *, #1283, .F. ) ;
#3446 = VECTOR ( 'NONE', #3006, 1000.000000000000000 ) ;
#3447 = VERTEX_POINT ( 'NONE', #935 ) ;
#3448 = LINE ( 'NONE', #2570, #2651 ) ;
#3449 = AXIS2_PLACEMENT_3D ( 'NONE', #520, #1132, #626 ) ;
#3450 = CIRCLE ( 'NONE', #1659, 4.000000000000003553 ) ;
#3451 = EDGE_LOOP ( 'NONE', ( #3779, #3144, #3884, #3518 ) ) ;
#3452 = CARTESIAN_POINT ( 'NONE',  ( 27.50000000000012434, 28.00000000000005329, 49.74999999999999289 ) ) ;
#3453 = DIRECTION ( 'NONE',  ( 0.000000000000000000, -1.000000000000000000, -2.523234146875356491E-15 ) ) ;
#3454 = VECTOR ( 'NONE', #3281, 1000.000000000000000 ) ;
#3455 = VECTOR ( 'NONE', #2736, 1000.000000000000000 ) ;
#3456 = LINE ( 'NONE', #3868, #1623 ) ;
#3457 = ORIENTED_EDGE ( 'NONE', *, *, #3089, .F. ) ;
#3458 = CARTESIAN_POINT ( 'NONE',  ( -29.49999999999996092, 2.000000000000015543, 49.25000000000001421 ) ) ;
#3459 = CARTESIAN_POINT ( 'NONE',  ( -28.29428135493267504, -1.926583974108287300, 49.66275590058877754 ) ) ;
#3460 = EDGE_CURVE ( 'NONE', #566, #3254, #2262, .T. ) ;
#3461 = LINE ( 'NONE', #2432, #3455 ) ;
#3462 = EDGE_LOOP ( 'NONE', ( #763, #1831, #2103, #2155 ) ) ;
#3463 = ADVANCED_FACE ( 'NONE', ( #1464, #1100 ), #1819, .T. ) ;
#3464 = VERTEX_POINT ( 'NONE', #2714 ) ;
#3465 = CARTESIAN_POINT ( 'NONE',  ( 31.50000000000012434, 28.00000000000003908, 49.74999999999999289 ) ) ;
#3466 = EDGE_CURVE ( 'NONE', #2863, #3837, #3143, .T. ) ;
#3467 = B_SPLINE_CURVE_WITH_KNOTS ( 'NONE', 1,
 ( #1163, #450 ),
 .UNSPECIFIED., .F., .F.,
 ( 2, 2 ),
 ( 0.000000000000000000, 1.000000000000000000 ),
 .UNSPECIFIED. ) ;
#3468 = ORIENTED_EDGE ( 'NONE', *, *, #1508, .F. ) ;
#3469 = AXIS2_PLACEMENT_3D ( 'NONE', #2785, #56, #2748 ) ;
#3470 = ORIENTED_EDGE ( 'NONE', *, *, #598, .F. ) ;
#3471 = DIRECTION ( 'NONE',  ( -1.000000000000000000, -5.544569336209520398E-15, 0.000000000000000000 ) ) ;
#3472 = CARTESIAN_POINT ( 'NONE',  ( -28.36974343308116175, -1.914368526003638271, -18.20565531893331368 ) ) ;
#3473 = CARTESIAN_POINT ( 'NONE',  ( 31.50000000000013856, 28.00000000000024869, 41.75000000000000000 ) ) ;
#3474 = VERTEX_POINT ( 'NONE', #2671 ) ;
#3475 = DIRECTION ( 'NONE',  ( 2.523234146875355505E-16, -3.469446951953614189E-15, 1.000000000000000000 ) ) ;
#3476 = ORIENTED_EDGE ( 'NONE', *, *, #989, .T. ) ;
#3477 = DIRECTION ( 'NONE',  ( -1.000000000000000000, 0.000000000000000000, -2.775557561562890957E-15 ) ) ;
#3478 = EDGE_CURVE ( 'NONE', #2483, #1418, #2071, .T. ) ;
#3479 = EDGE_LOOP ( 'NONE', ( #1413, #844, #66, #94 ) ) ;
#3480 = CARTESIAN_POINT ( 'NONE',  ( 31.42658625027320340, 1.205734305135915063, 49.66274425885094246 ) ) ;
#3481 = CARTESIAN_POINT ( 'NONE',  ( 27.50000000000001066, 0.000000000000000000, 51.24999999999997868 ) ) ;
#3482 = FACE_OUTER_BOUND ( 'NONE', #1911, .T. ) ;
#3483 = CARTESIAN_POINT ( 'NONE',  ( -29.41724376524998164, 1.430635139291145830, 49.75000000000001421 ) ) ;
#3484 = EDGE_CURVE ( 'NONE', #2595, #2010, #867, .T. ) ;
#3485 = VERTEX_POINT ( 'NONE', #1784 ) ;
#3486 = CARTESIAN_POINT ( 'NONE',  ( 17.49999999999999645, -44.99999999999999289, -49.75000000000001421 ) ) ;
#3487 = DIRECTION ( 'NONE',  ( 0.000000000000000000, -0.000000000000000000, 1.000000000000000000 ) ) ;
#3488 = VECTOR ( 'NONE', #1544, 1000.000000000000000 ) ;
#3489 = DIRECTION ( 'NONE',  ( -0.6097107608496922238, 0.7926239891046001906, 0.000000000000000000 ) ) ;
#3490 = CARTESIAN_POINT ( 'NONE',  ( 12.49999999999999645, -44.99999999999999289, -51.75000000000017764 ) ) ;
#3491 = ORIENTED_EDGE ( 'NONE', *, *, #1010, .T. ) ;
#3492 = B_SPLINE_CURVE_WITH_KNOTS ( 'NONE', 3,
 ( #2761, #2487, #3666, #3362 ),
 .UNSPECIFIED., .F., .F.,
 ( 4, 4 ),
 ( 0.000000000000000000, 1.000000000000000000 ),
 .UNSPECIFIED. ) ;
#3493 = AXIS2_PLACEMENT_3D ( 'NONE', #2442, #1870, #395 ) ;
#3494 = LINE ( 'NONE', #787, #922 ) ;
#3495 = DIRECTION ( 'NONE',  ( 0.000000000000000000, 0.000000000000000000, -1.000000000000000000 ) ) ;
#3496 = CARTESIAN_POINT ( 'NONE',  ( 28.07534766793649794, 2.249999999999985789, 53.70840562108029559 ) ) ;
#3497 = CIRCLE ( 'NONE', #397, 4.999999999999997335 ) ;
#3498 = CARTESIAN_POINT ( 'NONE',  ( -12.50000000000000888, -49.99999999999998579, -49.75000000000018474 ) ) ;
#3499 = AXIS2_PLACEMENT_3D ( 'NONE', #2250, #2263, #178 ) ;
#3500 = CARTESIAN_POINT ( 'NONE',  ( 27.00000000000003197, 1.133974596215505004, 53.75000000000001421 ) ) ;
#3501 = LINE ( 'NONE', #2189, #2317 ) ;
#3502 = CARTESIAN_POINT ( 'NONE',  ( 12.50000000000001066, 2.000000000000074607, 53.75000000000005684 ) ) ;
#3503 = DIRECTION ( 'NONE',  ( -3.469446951953599200E-15, -1.000000000000000000, 0.000000000000000000 ) ) ;
#3504 = FACE_OUTER_BOUND ( 'NONE', #467, .T. ) ;
#3505 = FACE_OUTER_BOUND ( 'NONE', #2150, .T. ) ;
#3506 = VERTEX_POINT ( 'NONE', #3306 ) ;
#3507 = CARTESIAN_POINT ( 'NONE',  ( 27.50000000000010658, 28.00000000000005329, 51.75000000000000000 ) ) ;
#3508 = CARTESIAN_POINT ( 'NONE',  ( 27.50000000000000355, -2.000000000000000000, -17.75000000000000711 ) ) ;
#3509 = B_SPLINE_CURVE_WITH_KNOTS ( 'NONE', 3,
 ( #1685, #3472, #3788, #1111 ),
 .UNSPECIFIED., .F., .F.,
 ( 4, 4 ),
 ( 0.000000000000000000, 1.000000000000000000 ),
 .UNSPECIFIED. ) ;
#3510 = CARTESIAN_POINT ( 'NONE',  ( -27.58178329828407271, 4.903376262825084941E-16, -17.75391964731223382 ) ) ;
#3511 = CARTESIAN_POINT ( 'NONE',  ( -29.49999999999999289, 28.00000000000001066, 53.74999999999989342 ) ) ;
#3512 = EDGE_CURVE ( 'NONE', #2431, #283, #3691, .T. ) ;
#3513 = ORIENTED_EDGE ( 'NONE', *, *, #3755, .T. ) ;
#3514 = CARTESIAN_POINT ( 'NONE',  ( -31.33448753049995616, 2.000000000000029754, 50.88872972141771100 ) ) ;
#3515 = ORIENTED_EDGE ( 'NONE', *, *, #1597, .T. ) ;
#3516 = ORIENTED_EDGE ( 'NONE', *, *, #2804, .T. ) ;
#3517 = CARTESIAN_POINT ( 'NONE',  ( -31.45840562108026717, 1.424652332063465421, 49.50000000000001421 ) ) ;
#3518 = ORIENTED_EDGE ( 'NONE', *, *, #3589, .F. ) ;
#3519 = DIRECTION ( 'NONE',  ( 0.000000000000000000, 0.000000000000000000, -1.000000000000000000 ) ) ;
#3520 = AXIS2_PLACEMENT_3D ( 'NONE', #849, #1258, #320 ) ;
#3521 = DIRECTION ( 'NONE',  ( 3.652049423109187931E-15, -1.000000000000000000, 1.671738679439593699E-29 ) ) ;
#3522 = ORIENTED_EDGE ( 'NONE', *, *, #1648, .F. ) ;
#3523 = DIRECTION ( 'NONE',  ( -3.590608394613236167E-15, -1.447768016923790592E-29, -1.000000000000000000 ) ) ;
#3524 = DIRECTION ( 'NONE',  ( 0.000000000000000000, 1.000000000000000000, -3.469446951953623261E-15 ) ) ;
#3525 = PRODUCT_DEFINITION_FORMATION_WITH_SPECIFIED_SOURCE ( 'ANY', '', #1359, .NOT_KNOWN. ) ;
#3526 = VERTEX_POINT ( 'NONE', #3876 ) ;
#3527 = CYLINDRICAL_SURFACE ( 'NONE', #2240, 0.5000000000000004441 ) ;
#3528 = CARTESIAN_POINT ( 'NONE',  ( -29.47920281054012293, 1.712326166031732821, 49.50000000000001421 ) ) ;
#3529 = ORIENTED_EDGE ( 'NONE', *, *, #1084, .T. ) ;
#3530 = DIRECTION ( 'NONE',  ( 0.000000000000000000, 0.000000000000000000, 1.000000000000000000 ) ) ;
#3531 = EDGE_CURVE ( 'NONE', #428, #3093, #3255, .T. ) ;
#3532 = CIRCLE ( 'NONE', #1486, 2.749999999999999112 ) ;
#3533 = ADVANCED_FACE ( 'NONE', ( #1885, #2872 ), #3609, .T. ) ;
#3534 = CARTESIAN_POINT ( 'NONE',  ( -10.00000000000000711, -41.99999999999997868, -49.75000000000001421 ) ) ;
#3535 = CARTESIAN_POINT ( 'NONE',  ( -29.49999999999996447, 2.500000000000015987, 49.75000000000001421 ) ) ;
#3536 = CARTESIAN_POINT ( 'NONE',  ( -28.44894143451469404, 2.000000000000003553, 52.94540627541667988 ) ) ;
#3537 = ORIENTED_EDGE ( 'NONE', *, *, #937, .T. ) ;
#3538 = CARTESIAN_POINT ( 'NONE',  ( -17.50000000000001421, -24.99999999999999289, -51.75000000000002132 ) ) ;
#3539 = CARTESIAN_POINT ( 'NONE',  ( 29.47920281054015135, 1.712326166031727492, 49.49999999999998579 ) ) ;
#3540 = FACE_OUTER_BOUND ( 'NONE', #2307, .T. ) ;
#3541 = EDGE_CURVE ( 'NONE', #3323, #3411, #1293, .T. ) ;
#3542 = CARTESIAN_POINT ( 'NONE',  ( -29.50000000000004619, 28.00000000000002487, 49.75000000000001421 ) ) ;
#3543 = DIRECTION ( 'NONE',  ( 0.000000000000000000, 0.000000000000000000, 1.000000000000000000 ) ) ;
#3544 = DIRECTION ( 'NONE',  ( -0.000000000000000000, 1.000000000000000000, -0.000000000000000000 ) ) ;
#3545 = VECTOR ( 'NONE', #3233, 1000.000000000000000 ) ;
#3546 = ORIENTED_EDGE ( 'NONE', *, *, #2132, .F. ) ;
#3547 = AXIS2_PLACEMENT_3D ( 'NONE', #3107, #411, #2149 ) ;
#3548 = FACE_OUTER_BOUND ( 'NONE', #3381, .T. ) ;
#3549 = CARTESIAN_POINT ( 'NONE',  ( -15.00000000000001066, -14.99999999999998579, -51.75000000000006395 ) ) ;
#3550 = EDGE_CURVE ( 'NONE', #1642, #3765, #2124, .T. ) ;
#3551 = VECTOR ( 'NONE', #3773, 1000.000000000000000 ) ;
#3552 = CARTESIAN_POINT ( 'NONE',  ( -29.49999999999996092, 2.000000000000015543, 49.25000000000001421 ) ) ;
#3553 = CIRCLE ( 'NONE', #913, 0.5000000000000004441 ) ;
#3554 = CARTESIAN_POINT ( 'NONE',  ( -22.50000000000001776, -26.70060973342834743, -49.75000000000010658 ) ) ;
#3555 = CARTESIAN_POINT ( 'NONE',  ( 29.50000000000013145, 28.00000000000004619, 49.74999999999999289 ) ) ;
#3556 = VERTEX_POINT ( 'NONE', #2070 ) ;
#3557 = CIRCLE ( 'NONE', #579, 1.999999999999998224 ) ;
#3558 = CARTESIAN_POINT ( 'NONE',  ( 27.78767383396826318, 0.02079718945985744097, -18.00000000000001066 ) ) ;
#3559 = ADVANCED_FACE ( 'NONE', ( #2743 ), #1978, .F. ) ;
#3560 = ORIENTED_EDGE ( 'NONE', *, *, #654, .F. ) ;
#3561 = EDGE_CURVE ( 'NONE', #3104, #1801, #3492, .T. ) ;
#3562 = VERTEX_POINT ( 'NONE', #1579 ) ;
#3563 = DIRECTION ( 'NONE',  ( -1.000000000000000000, -1.617164855703074201E-29, -3.265361837132811220E-15 ) ) ;
#3564 = CARTESIAN_POINT ( 'NONE',  ( -27.73607344214860149, 0.01329715840191249623, 49.37769926255503350 ) ) ;
#3565 = EDGE_LOOP ( 'NONE', ( #3491, #2201, #1963, #3663 ) ) ;
#3566 = CARTESIAN_POINT ( 'NONE',  ( -26.99999999999991473, 0.1000000000000530326, 51.74999999999999289 ) ) ;
#3567 = CARTESIAN_POINT ( 'NONE',  ( -29.49999999999996447, 2.455620050402206100, 49.89041001218938476 ) ) ;
#3568 = EDGE_CURVE ( 'NONE', #3447, #1903, #1742, .T. ) ;
#3569 = CARTESIAN_POINT ( 'NONE',  ( 17.49999999999999645, -24.99999999999998224, -49.75000000000001421 ) ) ;
#3570 = VERTEX_POINT ( 'NONE', #947 ) ;
#3571 = ADVANCED_BREP_SHAPE_REPRESENTATION ( '03_Zylinderflanschblech', ( #2335, #1199 ), #1389 ) ;
#3572 = DIRECTION ( 'NONE',  ( -0.6097107608496918907, -0.7926239891046005237, 0.000000000000000000 ) ) ;
#3573 = B_SPLINE_SURFACE_WITH_KNOTS ( 'NONE', 1, 3, ( 
 ( #2610, #497, #3170, #1123 ),
 ( #1718, #2284, #3207, #1414 ) ),
 .UNSPECIFIED., .F., .F., .F.,
 ( 2, 2 ),
 ( 4, 4 ),
 ( 0.000000000000000000, 1.000000000000000000 ),
 ( 0.000000000000000000, 1.000000000000000000 ),
 .UNSPECIFIED. ) ;
#3574 = EDGE_LOOP ( 'NONE', ( #658, #2160, #3201, #1147, #381, #649, #1110, #2238, #818, #1519, #747, #1423, #664, #2445, #691, #866, #1289, #11 ) ) ;
#3575 = AXIS2_PLACEMENT_3D ( 'NONE', #2687, #3594, #293 ) ;
#3576 = EDGE_LOOP ( 'NONE', ( #1321, #2650, #1019, #2058 ) ) ;
#3577 = DIRECTION ( 'NONE',  ( 0.000000000000000000, 0.000000000000000000, 1.000000000000000000 ) ) ;
#3578 = CARTESIAN_POINT ( 'NONE',  ( -27.83927422578788580, 2.127699262555002413, 51.72170277948220729 ) ) ;
#3579 = CARTESIAN_POINT ( 'NONE',  ( -12.49999999999996803, 23.00000000000005684, 51.74999999999995026 ) ) ;
#3580 = AXIS2_PLACEMENT_3D ( 'NONE', #402, #3487, #1697 ) ;
#3581 = ADVANCED_FACE ( 'NONE', ( #1148 ), #1193, .T. ) ;
#3582 = EDGE_LOOP ( 'NONE', ( #631, #3863, #2490, #2951 ) ) ;
#3583 = CARTESIAN_POINT ( 'NONE',  ( -31.49999999999995737, 2.000000000000008882, 49.75000000000001421 ) ) ;
#3584 = ORIENTED_EDGE ( 'NONE', *, *, #3409, .T. ) ;
#3585 = CIRCLE ( 'NONE', #3449, 4.000000000000003553 ) ;
#3586 = CARTESIAN_POINT ( 'NONE',  ( 26.99999999999998934, 1.999999999999968914, 53.74999999999999289 ) ) ;
#3587 = VECTOR ( 'NONE', #1511, 1000.000000000000000 ) ;
#3588 = CARTESIAN_POINT ( 'NONE',  ( 27.50000000000001066, -4.870274676471436629E-14, 53.75000000000000711 ) ) ;
#3589 = EDGE_CURVE ( 'NONE', #2294, #1286, #1847, .T. ) ;
#3590 = VERTEX_POINT ( 'NONE', #2788 ) ;
#3591 = FACE_OUTER_BOUND ( 'NONE', #3304, .T. ) ;
#3592 = ORIENTED_EDGE ( 'NONE', *, *, #2345, .T. ) ;
#3593 = B_SPLINE_CURVE_WITH_KNOTS ( 'NONE', 3,
 ( #1250, #393, #675, #3054 ),
 .UNSPECIFIED., .F., .F.,
 ( 4, 4 ),
 ( 0.000000000000000000, 1.000000000000000000 ),
 .UNSPECIFIED. ) ;
#3594 = DIRECTION ( 'NONE',  ( -3.491481338843134144E-15, -1.000000000000000000, 1.982541115402068561E-16 ) ) ;
#3595 = DIRECTION ( 'NONE',  ( 2.523234146875369310E-16, 3.280204390937983751E-16, 1.000000000000000000 ) ) ;
#3596 = CARTESIAN_POINT ( 'NONE',  ( -27.50000000000000711, -2.000000000000000000, -17.75000000000000355 ) ) ;
#3597 = DIRECTION ( 'NONE',  ( -3.469446951953614189E-15, 1.000000000000000000, 0.000000000000000000 ) ) ;
#3598 = CARTESIAN_POINT ( 'NONE',  ( 31.50000000000019540, 9.139620389972179737, -14.83113883008420331 ) ) ;
#3599 = CARTESIAN_POINT ( 'NONE',  ( 17.74999999999998934, -14.99999999999997158, -49.75000000000001421 ) ) ;
#3600 = AXIS2_PLACEMENT_3D ( 'NONE', #2956, #1729, #3296 ) ;
#3601 = LINE ( 'NONE', #2344, #2271 ) ;
#3602 = ORIENTED_EDGE ( 'NONE', *, *, #3704, .F. ) ;
#3603 = ADVANCED_FACE ( 'NONE', ( #2784 ), #1654, .F. ) ;
#3604 = LINE ( 'NONE', #573, #210 ) ;
#3605 = DIRECTION ( 'NONE',  ( 1.000000000000000000, -0.000000000000000000, -0.000000000000000000 ) ) ;
#3606 = CARTESIAN_POINT ( 'NONE',  ( -27.49999999999991473, 2.000000000000015543, 53.74999999999999289 ) ) ;
#3607 = MECHANICAL_DESIGN_GEOMETRIC_PRESENTATION_REPRESENTATION (  '', ( #918 ), #3812 ) ;
#3608 = VERTEX_POINT ( 'NONE', #1877 ) ;
#3609 = PLANE ( 'NONE',  #2732 ) ;
#3610 = FACE_OUTER_BOUND ( 'NONE', #2807, .T. ) ;
#3611 = CARTESIAN_POINT ( 'NONE',  ( -17.75000000000000711, -14.99999999999998579, -59.75000000000002132 ) ) ;
#3612 = CARTESIAN_POINT ( 'NONE',  ( -27.50000000000001066, -49.99999999999998579, -49.75000000000017764 ) ) ;
#3613 = DIRECTION ( 'NONE',  ( 3.469446951953599595E-15, 1.000000000000000000, -0.000000000000000000 ) ) ;
#3614 = ORIENTED_EDGE ( 'NONE', *, *, #3297, .T. ) ;
#3615 = AXIS2_PLACEMENT_3D ( 'NONE', #1260, #1244, #3680 ) ;
#3616 = ORIENTED_EDGE ( 'NONE', *, *, #1640, .F. ) ;
#3617 = EDGE_CURVE ( 'NONE', #2504, #3671, #245, .T. ) ;
#3618 = CARTESIAN_POINT ( 'NONE',  ( -27.49999999999998224, -2.000000000000000000, 49.25000000000001421 ) ) ;
#3619 = EDGE_LOOP ( 'NONE', ( #3686, #2998, #1014, #2871 ) ) ;
#3620 = DIRECTION ( 'NONE',  ( 1.000000000000000000, 3.469446951953611033E-15, 0.000000000000000000 ) ) ;
#3621 = ORIENTED_EDGE ( 'NONE', *, *, #409, .T. ) ;
#3622 = DIRECTION ( 'NONE',  ( 0.000000000000000000, 1.470776148866217010E-29, 1.000000000000000000 ) ) ;
#3623 = CARTESIAN_POINT ( 'NONE',  ( -31.45840562108026717, 1.424652332063465421, 49.50000000000001421 ) ) ;
#3624 = ORIENTED_EDGE ( 'NONE', *, *, #1797, .T. ) ;
#3625 = ADVANCED_FACE ( 'NONE', ( #3482 ), #3776, .F. ) ;
#3626 = CARTESIAN_POINT ( 'NONE',  ( -29.49999999999996447, 2.455620050402206100, 49.89041001218938476 ) ) ;
#3627 = VERTEX_POINT ( 'NONE', #3390 ) ;
#3628 = DIRECTION ( 'NONE',  ( 0.000000000000000000, 1.000000000000000000, 0.000000000000000000 ) ) ;
#3629 = EDGE_CURVE ( 'NONE', #566, #1367, #3807, .T. ) ;
#3630 = CARTESIAN_POINT ( 'NONE',  ( -27.49999999999998224, 2.000000000000000000, 49.75000000000001421 ) ) ;
#3631 = AXIS2_PLACEMENT_3D ( 'NONE', #2866, #3169, #1385 ) ;
#3632 = ORIENTED_EDGE ( 'NONE', *, *, #1608, .T. ) ;
#3633 = DIRECTION ( 'NONE',  ( 3.390917659076337669E-15, -6.960928290796758588E-15, -1.000000000000000000 ) ) ;
#3634 = DIRECTION ( 'NONE',  ( 3.390917659076337669E-15, -6.960928290796758588E-15, -1.000000000000000000 ) ) ;
#3635 = EDGE_CURVE ( 'NONE', #2811, #135, #1930, .T. ) ;
#3636 = DIRECTION ( 'NONE',  ( -1.000000000000000000, -3.491481338843133355E-15, 1.005636797667714286E-16 ) ) ;
#3637 = VERTEX_POINT ( 'NONE', #671 ) ;
#3638 = CARTESIAN_POINT ( 'NONE',  ( -29.48670284159805277, 2.372300737445059760, 49.98607344214860149 ) ) ;
#3639 = PLANE ( 'NONE',  #1559 ) ;
#3640 = CARTESIAN_POINT ( 'NONE',  ( 27.89713495427928791, 2.087252608676990917, 51.71329281890985641 ) ) ;
#3641 = VERTEX_POINT ( 'NONE', #2125 ) ;
#3642 = LINE ( 'NONE', #3222, #3738 ) ;
#3643 = CARTESIAN_POINT ( 'NONE',  ( 31.42658397410829352, 1.205718645067283212, 49.66275590058871359 ) ) ;
#3644 = ORIENTED_EDGE ( 'NONE', *, *, #498, .F. ) ;
#3645 = DIRECTION ( 'NONE',  ( 2.653106492670425978E-15, -1.000000000000000000, 1.468315105804506176E-29 ) ) ;
#3646 = EDGE_CURVE ( 'NONE', #3095, #2389, #2257, .T. ) ;
#3647 = B_SPLINE_SURFACE_WITH_KNOTS ( 'NONE', 1, 3, ( 
 ( #2733, #3643, #749, #2217 ),
 ( #3749, #2840, #2828, #1647 ) ),
 .UNSPECIFIED., .F., .F., .F.,
 ( 2, 2 ),
 ( 4, 4 ),
 ( 0.000000000000000000, 1.000000000000000000 ),
 ( 0.000000000000000000, 1.000000000000000000 ),
 .UNSPECIFIED. ) ;
#3648 = EDGE_CURVE ( 'NONE', #3641, #1506, #26, .T. ) ;
#3649 = ADVANCED_FACE ( 'NONE', ( #3874 ), #3152, .F. ) ;
#3650 = FACE_OUTER_BOUND ( 'NONE', #900, .T. ) ;
#3651 = DIRECTION ( 'NONE',  ( -3.491481338843108901E-15, -6.960928290796760166E-15, -1.000000000000000000 ) ) ;
#3652 = DIRECTION ( 'NONE',  ( -1.000000000000000000, -3.469446951953614189E-15, 0.000000000000000000 ) ) ;
#3653 = EDGE_CURVE ( 'NONE', #2270, #1560, #3218, .T. ) ;
#3654 = DIRECTION ( 'NONE',  ( -2.523234146875355505E-16, 3.469446951953614189E-15, -1.000000000000000000 ) ) ;
#3655 = CARTESIAN_POINT ( 'NONE',  ( -12.49999999999991473, 0.1000000000000547673, 53.74999999999999289 ) ) ;
#3656 = CARTESIAN_POINT ( 'NONE',  ( 28.63872972141771100, -1.834487530499995245, -18.25000000000002487 ) ) ;
#3657 = CIRCLE ( 'NONE', #3426, 5.000000000000000888 ) ;
#3658 = ORIENTED_EDGE ( 'NONE', *, *, #3370, .F. ) ;
#3659 = EDGE_CURVE ( 'NONE', #1131, #2242, #442, .T. ) ;
#3660 = DIRECTION ( 'NONE',  ( -1.005636797667714286E-16, 0.000000000000000000, -1.000000000000000000 ) ) ;
#3661 = FACE_OUTER_BOUND ( 'NONE', #3291, .T. ) ;
#3662 = VECTOR ( 'NONE', #1845, 1000.000000000000000 ) ;
#3663 = ORIENTED_EDGE ( 'NONE', *, *, #121, .F. ) ;
#3664 = FACE_OUTER_BOUND ( 'NONE', #1891, .T. ) ;
#3665 = AXIS2_PLACEMENT_3D ( 'NONE', #3319, #3022, #2392 ) ;
#3666 = CARTESIAN_POINT ( 'NONE',  ( 29.50000000000003908, 2.496080352687739978, 49.83178329828408692 ) ) ;
#3667 = VERTEX_POINT ( 'NONE', #388 ) ;
#3668 = ORIENTED_EDGE ( 'NONE', *, *, #1498, .F. ) ;
#3669 = CARTESIAN_POINT ( 'NONE',  ( -28.44894143451475443, -1.195406275416658559, -18.25000000000000355 ) ) ;
#3670 = ADVANCED_FACE ( 'NONE', ( #3110 ), #3527, .F. ) ;
#3671 = VERTEX_POINT ( 'NONE', #740 ) ;
#3672 = CARTESIAN_POINT ( 'NONE',  ( 27.00000000000001066, 0.000000000000000000, 51.25000000000000711 ) ) ;
#3673 = ORIENTED_EDGE ( 'NONE', *, *, #2565, .T. ) ;
#3674 = CARTESIAN_POINT ( 'NONE',  ( -28.63872972141769324, -1.834487530499993468, 49.75000000000001421 ) ) ;
#3675 = CARTESIAN_POINT ( 'NONE',  ( 27.00000000000001066, 0.000000000000000000, 50.61602540378445525 ) ) ;
#3676 = ORIENTED_EDGE ( 'NONE', *, *, #1652, .F. ) ;
#3677 = VERTEX_POINT ( 'NONE', #3719 ) ;
#3678 = EDGE_CURVE ( 'NONE', #99, #850, #2966, .T. ) ;
#3679 = CARTESIAN_POINT ( 'NONE',  ( -27.49999999999992184, 1.133974596215572728, 53.74999999999999289 ) ) ;
#3680 = DIRECTION ( 'NONE',  ( 1.000000000000000000, 0.000000000000000000, 0.000000000000000000 ) ) ;
#3681 = B_SPLINE_CURVE_WITH_KNOTS ( 'NONE', 1,
 ( #2806, #687 ),
 .UNSPECIFIED., .F., .F.,
 ( 2, 2 ),
 ( 0.000000000000000000, 1.000000000000000000 ),
 .UNSPECIFIED. ) ;
#3682 = VERTEX_POINT ( 'NONE', #765 ) ;
#3683 = CARTESIAN_POINT ( 'NONE',  ( -27.49999999999998224, -2.000000000000000000, 49.25000000000001421 ) ) ;
#3684 = EDGE_CURVE ( 'NONE', #3339, #2462, #148, .T. ) ;
#3685 = CARTESIAN_POINT ( 'NONE',  ( -27.49999999999998224, 2.000000000000000000, 83.94242340540813530 ) ) ;
#3686 = ORIENTED_EDGE ( 'NONE', *, *, #528, .F. ) ;
#3687 = VECTOR ( 'NONE', #1827, 1000.000000000000000 ) ;
#3688 = ADVANCED_FACE ( 'NONE', ( #1146, #2164, #2642, #2455, #3307 ), #1644, .F. ) ;
#3689 = AXIS2_PLACEMENT_3D ( 'NONE', #3266, #3041, #619 ) ;
#3690 = ORIENTED_EDGE ( 'NONE', *, *, #654, .T. ) ;
#3691 = CIRCLE ( 'NONE', #3338, 2.750000000000002665 ) ;
#3692 = DIRECTION ( 'NONE',  ( -0.6097107608496922238, 0.7926239891046001906, 0.000000000000000000 ) ) ;
#3693 = CARTESIAN_POINT ( 'NONE',  ( -27.49999999999991829, -11.24918130626778279, 49.75000000000001421 ) ) ;
#3694 = CARTESIAN_POINT ( 'NONE',  ( 17.34999999999981668, 14.00000000000003908, 51.75000000000011369 ) ) ;
#3695 = ORIENTED_EDGE ( 'NONE', *, *, #3420, .T. ) ;
#3696 = VECTOR ( 'NONE', #1493, 1000.000000000000000 ) ;
#3697 = AXIS2_PLACEMENT_3D ( 'NONE', #2252, #3791, #1390 ) ;
#3698 = EDGE_LOOP ( 'NONE', ( #3817, #1935, #612, #180 ) ) ;
#3699 = VECTOR ( 'NONE', #2480, 1000.000000000000000 ) ;
#3700 = DIRECTION ( 'NONE',  ( 1.000000000000000000, -3.491481338843133355E-15, 0.000000000000000000 ) ) ;
#3701 = EDGE_CURVE ( 'NONE', #2404, #2644, #1842, .T. ) ;
#3702 = EDGE_LOOP ( 'NONE', ( #3101, #2528, #997, #1796 ) ) ;
#3703 = CARTESIAN_POINT ( 'NONE',  ( -29.49999999999997158, 2.000000000000015543, -18.25000000000000355 ) ) ;
#3704 = EDGE_CURVE ( 'NONE', #3746, #1730, #2825, .T. ) ;
#3705 = FACE_OUTER_BOUND ( 'NONE', #583, .T. ) ;
#3706 = ADVANCED_FACE ( 'NONE', ( #1512 ), #350, .F. ) ;
#3707 = B_SPLINE_CURVE_WITH_KNOTS ( 'NONE', 3,
 ( #3508, #2891, #2591, #1376 ),
 .UNSPECIFIED., .F., .F.,
 ( 4, 4 ),
 ( 0.000000000000000000, 1.000000000000000000 ),
 .UNSPECIFIED. ) ;
#3708 = DIRECTION ( 'NONE',  ( 2.523234146875355505E-16, -3.469446951953614189E-15, 1.000000000000000000 ) ) ;
#3709 = VECTOR ( 'NONE', #2468, 1000.000000000000000 ) ;
#3710 = CIRCLE ( 'NONE', #1023, 4.000000000000000000 ) ;
#3711 = CARTESIAN_POINT ( 'NONE',  ( -27.49999999999998934, 0.000000000000000000, 51.75000000000000711 ) ) ;
#3712 = AXIS2_PLACEMENT_3D ( 'NONE', #3672, #2194, #3102 ) ;
#3713 = EDGE_LOOP ( 'NONE', ( #2435, #3256, #2292, #269 ) ) ;
#3714 = DIRECTION ( 'NONE',  ( 0.000000000000000000, 1.000000000000000000, 0.000000000000000000 ) ) ;
#3715 = DIRECTION ( 'NONE',  ( 0.000000000000000000, 0.000000000000000000, -1.000000000000000000 ) ) ;
#3716 = AXIS2_PLACEMENT_3D ( 'NONE', #533, #274, #1738 ) ;
#3717 = DIRECTION ( 'NONE',  ( -2.523234146875357970E-16, 0.000000000000000000, -1.000000000000000000 ) ) ;
#3718 = ORIENTED_EDGE ( 'NONE', *, *, #1009, .F. ) ;
#3719 = CARTESIAN_POINT ( 'NONE',  ( 27.78767383396826673, 2.249999999999987121, 51.72920281054014424 ) ) ;
#3720 = ORIENTED_EDGE ( 'NONE', *, *, #2813, .T. ) ;
#3721 = ORIENTED_EDGE ( 'NONE', *, *, #1993, .T. ) ;
#3722 = ORIENTED_EDGE ( 'NONE', *, *, #3420, .F. ) ;
#3723 = ORIENTED_EDGE ( 'NONE', *, *, #3568, .F. ) ;
#3724 = EDGE_CURVE ( 'NONE', #2423, #1353, #1735, .T. ) ;
#3725 = CARTESIAN_POINT ( 'NONE',  ( -28.06936486070879866, 1.999999999999996225, 51.66724376525002072 ) ) ;
#3726 = ORIENTED_EDGE ( 'NONE', *, *, #2957, .F. ) ;
#3727 = CARTESIAN_POINT ( 'NONE',  ( 28.63872972141765061, 2.000000000000011546, 53.58448753050002011 ) ) ;
#3728 = B_SPLINE_CURVE_WITH_KNOTS ( 'NONE', 1,
 ( #3558, #1749 ),
 .UNSPECIFIED., .F., .F.,
 ( 2, 2 ),
 ( 0.000000000000000000, 1.000000000000000000 ),
 .UNSPECIFIED. ) ;
#3729 = AXIS2_PLACEMENT_3D ( 'NONE', #1049, #439, #1060 ) ;
#3730 = VERTEX_POINT ( 'NONE', #2209 ) ;
#3731 = CIRCLE ( 'NONE', #2921, 0.5000000000000001110 ) ;
#3732 = CARTESIAN_POINT ( 'NONE',  ( -10.00000000000000711, -41.99999999999997868, -59.75000000000001421 ) ) ;
#3733 = CARTESIAN_POINT ( 'NONE',  ( 12.49999999999999645, -44.99999999999999289, -51.75000000000015632 ) ) ;
#3734 = DIRECTION ( 'NONE',  ( -2.775557561562891351E-16, 1.000000000000000000, 0.000000000000000000 ) ) ;
#3735 = VERTEX_POINT ( 'NONE', #2543 ) ;
#3736 = DIRECTION ( 'NONE',  ( 0.000000000000000000, 0.000000000000000000, 1.000000000000000000 ) ) ;
#3737 = AXIS2_PLACEMENT_3D ( 'NONE', #1211, #3654, #342 ) ;
#3738 = VECTOR ( 'NONE', #2924, 1000.000000000000000 ) ;
#3739 = CARTESIAN_POINT ( 'NONE',  ( 27.49999999999999645, -3.999999999999989786, -49.75000000000003553 ) ) ;
#3740 = ORIENTED_EDGE ( 'NONE', *, *, #606, .F. ) ;
#3741 = CARTESIAN_POINT ( 'NONE',  ( -15.00000000000001066, -14.99999999999998579, -59.75000000000002132 ) ) ;
#3742 = CIRCLE ( 'NONE', #1121, 2.749999999999999112 ) ;
#3743 = CARTESIAN_POINT ( 'NONE',  ( -12.75000000000000711, -41.99999999999997868, -51.75000000000015632 ) ) ;
#3744 = DIRECTION ( 'NONE',  ( 2.523234146875355505E-16, -3.469446951953614189E-15, 1.000000000000000000 ) ) ;
#3745 = PRESENTATION_STYLE_ASSIGNMENT (( #363 ) ) ;
#3746 = VERTEX_POINT ( 'NONE', #2833 ) ;
#3747 = ORIENTED_EDGE ( 'NONE', *, *, #1133, .T. ) ;
#3748 = UNCERTAINTY_MEASURE_WITH_UNIT (LENGTH_MEASURE( 1.000000000000000082E-05 ), #2452, 'distance_accuracy_value', 'NONE');
#3749 = CARTESIAN_POINT ( 'NONE',  ( 29.47920281054015135, 1.712326166031725716, 49.49999999999998579 ) ) ;
#3750 = EDGE_CURVE ( 'NONE', #575, #3008, #1329, .T. ) ;
#3751 = B_SPLINE_SURFACE_WITH_KNOTS ( 'NONE', 1, 3, ( 
 ( #2052, #2359, #2399, #2999 ),
 ( #2107, #608, #569, #1463 ) ),
 .UNSPECIFIED., .F., .F., .F.,
 ( 2, 2 ),
 ( 4, 4 ),
 ( 0.000000000000000000, 1.000000000000000000 ),
 ( 0.000000000000000000, 1.000000000000000000 ),
 .UNSPECIFIED. ) ;
#3752 = CIRCLE ( 'NONE', #2387, 0.5000000000000004441 ) ;
#3753 = FACE_OUTER_BOUND ( 'NONE', #1175, .T. ) ;
#3754 = CARTESIAN_POINT ( 'NONE',  ( 14.99999999999998934, -14.99999999999998579, -51.75000000000007105 ) ) ;
#3755 = EDGE_CURVE ( 'NONE', #2010, #3447, #2862, .T. ) ;
#3756 = ORIENTED_EDGE ( 'NONE', *, *, #1937, .T. ) ;
#3757 = VECTOR ( 'NONE', #2060, 1000.000000000000000 ) ;
#3758 = B_SPLINE_CURVE_WITH_KNOTS ( 'NONE', 1,
 ( #3200, #1988 ),
 .UNSPECIFIED., .F., .F.,
 ( 2, 2 ),
 ( 0.000000000000000000, 1.000000000000000000 ),
 .UNSPECIFIED. ) ;
#3759 = CARTESIAN_POINT ( 'NONE',  ( 27.49999999999999645, -3.999999999999976019, -51.75000000000003553 ) ) ;
#3760 = ORIENTED_EDGE ( 'NONE', *, *, #3659, .F. ) ;
#3761 = EDGE_LOOP ( 'NONE', ( #3336, #3159, #275, #1880, #1270, #517, #3560, #2418 ) ) ;
#3762 = ORIENTED_EDGE ( 'NONE', *, *, #1720, .T. ) ;
#3763 = CARTESIAN_POINT ( 'NONE',  ( 27.00000000000001066, -2.000000000000000000, 50.61602540378445525 ) ) ;
#3764 = B_SPLINE_SURFACE_WITH_KNOTS ( 'NONE', 1, 3, ( 
 ( #3892, #2701, #2787, #1186 ),
 ( #1813, #1177, #1273, #637 ) ),
 .UNSPECIFIED., .F., .F., .F.,
 ( 2, 2 ),
 ( 4, 4 ),
 ( 0.000000000000000000, 1.000000000000000000 ),
 ( 0.000000000000000000, 1.000000000000000000 ),
 .UNSPECIFIED. ) ;
#3765 = VERTEX_POINT ( 'NONE', #125 ) ;
#3766 = ORIENTED_EDGE ( 'NONE', *, *, #1716, .F. ) ;
#3767 = FILL_AREA_STYLE_COLOUR ( '', #3831 ) ;
#3768 = ORIENTED_EDGE ( 'NONE', *, *, #32, .F. ) ;
#3769 = B_SPLINE_SURFACE_WITH_KNOTS ( 'NONE', 1, 3, ( 
 ( #3166, #2584, #3796, #172 ),
 ( #494, #2556, #3190, #1739 ) ),
 .UNSPECIFIED., .F., .F., .F.,
 ( 2, 2 ),
 ( 4, 4 ),
 ( 0.000000000000000000, 1.000000000000000000 ),
 ( 0.000000000000000000, 1.000000000000000000 ),
 .UNSPECIFIED. ) ;
#3770 = EDGE_CURVE ( 'NONE', #3828, #3048, #194, .T. ) ;
#3771 = ADVANCED_FACE ( 'NONE', ( #2407 ), #3442, .F. ) ;
#3772 = ORIENTED_EDGE ( 'NONE', *, *, #1851, .T. ) ;
#3773 = DIRECTION ( 'NONE',  ( 0.000000000000000000, -1.000000000000000000, 0.000000000000000000 ) ) ;
#3774 = VERTEX_POINT ( 'NONE', #2200 ) ;
#3775 = EDGE_CURVE ( 'NONE', #283, #2906, #531, .T. ) ;
#3776 = CYLINDRICAL_SURFACE ( 'NONE', #797, 0.5000000000000004441 ) ;
#3777 = DIRECTION ( 'NONE',  ( -3.469446951953614189E-15, -1.000000000000000000, -2.730513968562033325E-16 ) ) ;
#3778 = CARTESIAN_POINT ( 'NONE',  ( -29.47920281054012293, 1.712326166031732821, 49.50000000000001421 ) ) ;
#3779 = ORIENTED_EDGE ( 'NONE', *, *, #3822, .F. ) ;
#3780 = FACE_OUTER_BOUND ( 'NONE', #3479, .T. ) ;
#3781 = AXIS2_PLACEMENT_3D ( 'NONE', #2588, #769, #3147 ) ;
#3782 = ORIENTED_EDGE ( 'NONE', *, *, #1018, .F. ) ;
#3783 = CIRCLE ( 'NONE', #3716, 4.999999999999997335 ) ;
#3784 = DIRECTION ( 'NONE',  ( -1.486905836551548832E-16, 1.719580307488603065E-31, -1.000000000000000000 ) ) ;
#3785 = ORIENTED_EDGE ( 'NONE', *, *, #1700, .T. ) ;
#3786 = FACE_OUTER_BOUND ( 'NONE', #1695, .T. ) ;
#3787 = VERTEX_POINT ( 'NONE', #2224 ) ;
#3788 = CARTESIAN_POINT ( 'NONE',  ( -28.17856638136351322, -1.943402952899597302, -18.12232198559998508 ) ) ;
#3789 = ADVANCED_FACE ( 'NONE', ( #240 ), #1629, .F. ) ;
#3790 = DIRECTION ( 'NONE',  ( 1.191175641124236399E-15, 0.3162277660168378857, 0.9486832980505138790 ) ) ;
#3791 = DIRECTION ( 'NONE',  ( 2.523234146875355505E-16, -3.469446951953614189E-15, 1.000000000000000000 ) ) ;
#3792 = CYLINDRICAL_SURFACE ( 'NONE', #1589, 2.749999999999999112 ) ;
#3793 = CARTESIAN_POINT ( 'NONE',  ( -12.75000000000000711, -41.99999999999997868, -59.75000000000001421 ) ) ;
#3794 = LINE ( 'NONE', #484, #2145 ) ;
#3795 = FACE_OUTER_BOUND ( 'NONE', #3151, .T. ) ;
#3796 = CARTESIAN_POINT ( 'NONE',  ( 28.17845838649531132, -1.943418649773928975, 49.62219400350966936 ) ) ;
#3797 = CARTESIAN_POINT ( 'NONE',  ( -17.35000000000007958, 14.00000000000000355, 51.74999999999999289 ) ) ;
#3798 = FACE_OUTER_BOUND ( 'NONE', #1274, .T. ) ;
#3799 = CARTESIAN_POINT ( 'NONE',  ( -27.78767383396825963, 0.02079718945985960937, -18.00000000000000355 ) ) ;
#3800 = EDGE_CURVE ( 'NONE', #2668, #1430, #3358, .T. ) ;
#3801 = CIRCLE ( 'NONE', #1698, 2.649999999999999467 ) ;
#3802 = DIRECTION ( 'NONE',  ( 3.491481338843133355E-15, -1.000000000000000000, -5.191503980936670674E-31 ) ) ;
#3803 = CARTESIAN_POINT ( 'NONE',  ( -27.49999999999998934, 28.00000000000003197, 51.74999999999990763 ) ) ;
#3804 = ORIENTED_EDGE ( 'NONE', *, *, #2151, .F. ) ;
#3805 = PLANE ( 'NONE',  #1611 ) ;
#3806 = AXIS2_PLACEMENT_3D ( 'NONE', #1786, #2370, #8 ) ;
#3807 = B_SPLINE_CURVE_WITH_KNOTS ( 'NONE', 1,
 ( #44, #2448 ),
 .UNSPECIFIED., .F., .F.,
 ( 2, 2 ),
 ( 0.000000000000000000, 1.000000000000000000 ),
 .UNSPECIFIED. ) ;
#3808 = DIRECTION ( 'NONE',  ( 0.000000000000000000, -1.000000000000000000, -2.775557561562892929E-15 ) ) ;
#3809 = B_SPLINE_SURFACE_WITH_KNOTS ( 'NONE', 1, 3, ( 
 ( #1282, #1036, #1323, #756 ),
 ( #184, #799, #2902, #1119 ) ),
 .UNSPECIFIED., .F., .F., .F.,
 ( 2, 2 ),
 ( 4, 4 ),
 ( 0.000000000000000000, 1.000000000000000000 ),
 ( 0.000000000000000000, 1.000000000000000000 ),
 .UNSPECIFIED. ) ;
#3810 = ORIENTED_EDGE ( 'NONE', *, *, #3629, .T. ) ;
#3811 = CARTESIAN_POINT ( 'NONE',  ( 31.47340828926098411, 1.527871045490459601, 49.37767801439999005 ) ) ;
#3812 =( GEOMETRIC_REPRESENTATION_CONTEXT ( 3 ) GLOBAL_UNCERTAINTY_ASSIGNED_CONTEXT ( ( #3748 ) ) GLOBAL_UNIT_ASSIGNED_CONTEXT ( ( #2452, #663, #964 ) ) REPRESENTATION_CONTEXT ( 'NONE', 'WORKASPACE' ) );
#3813 = ORIENTED_EDGE ( 'NONE', *, *, #707, .T. ) ;
#3814 = DIRECTION ( 'NONE',  ( 0.000000000000000000, 0.000000000000000000, -1.000000000000000000 ) ) ;
#3815 = CARTESIAN_POINT ( 'NONE',  ( -27.49999999999992184, 2.000000000000001776, 53.74999999999999289 ) ) ;
#3816 = VERTEX_POINT ( 'NONE', #725 ) ;
#3817 = ORIENTED_EDGE ( 'NONE', *, *, #260, .F. ) ;
#3818 = DIRECTION ( 'NONE',  ( 0.000000000000000000, 0.000000000000000000, 1.000000000000000000 ) ) ;
#3819 = ORIENTED_EDGE ( 'NONE', *, *, #2444, .F. ) ;
#3820 = AXIS2_PLACEMENT_3D ( 'NONE', #1567, #976, #697 ) ;
#3821 = CARTESIAN_POINT ( 'NONE',  ( -17.50000000000000711, -44.99999999999999289, -51.75000000000008527 ) ) ;
#3822 = EDGE_CURVE ( 'NONE', #1406, #2294, #3731, .T. ) ;
#3823 = ORIENTED_EDGE ( 'NONE', *, *, #2612, .F. ) ;
#3824 = DIRECTION ( 'NONE',  ( 0.000000000000000000, 1.000000000000000000, 0.000000000000000000 ) ) ;
#3825 = EDGE_CURVE ( 'NONE', #3411, #3730, #961, .T. ) ;
#3826 = CARTESIAN_POINT ( 'NONE',  ( -27.49999999999992184, 1.133974596215558739, 51.74999999999999289 ) ) ;
#3827 = DIRECTION ( 'NONE',  ( -3.469446951953627994E-15, -1.000000000000000000, 2.668805347656768180E-16 ) ) ;
#3828 = VERTEX_POINT ( 'NONE', #1975 ) ;
#3829 = CARTESIAN_POINT ( 'NONE',  ( -27.78767383396825963, 0.02079718945985960937, -18.00000000000000355 ) ) ;
#3830 = DIRECTION ( 'NONE',  ( 2.523234146875355505E-16, -3.469446951953614189E-15, 1.000000000000000000 ) ) ;
#3831 = COLOUR_RGB ( '',0.6470588235294117974, 0.6196078431372549211, 0.5882352941176470784 ) ;
#3832 = CARTESIAN_POINT ( 'NONE',  ( -29.46329281890981733, 2.087252608677027332, 50.14713495427928791 ) ) ;
#3833 = EDGE_CURVE ( 'NONE', #3187, #1223, #1650, .T. ) ;
#3834 = ORIENTED_EDGE ( 'NONE', *, *, #3855, .T. ) ;
#3835 = LINE ( 'NONE', #3803, #3587 ) ;
#3836 = CARTESIAN_POINT ( 'NONE',  ( 31.50000000000020250, 9.139620389972183290, -14.83113883008419620 ) ) ;
#3837 = VERTEX_POINT ( 'NONE', #3778 ) ;
#3838 = AXIS2_PLACEMENT_3D ( 'NONE', #3064, #3027, #1543 ) ;
#3839 = CIRCLE ( 'NONE', #694, 0.5000000000000004441 ) ;
#3840 = DIRECTION ( 'NONE',  ( 1.000000000000000000, -3.469446951953617344E-15, 0.000000000000000000 ) ) ;
#3841 = DIRECTION ( 'NONE',  ( 0.000000000000000000, -1.000000000000000000, 0.000000000000000000 ) ) ;
#3842 = DIRECTION ( 'NONE',  ( -1.000000000000000000, 3.469446951953611033E-15, 0.000000000000000000 ) ) ;
#3843 = LINE ( 'NONE', #3711, #3028 ) ;
#3844 = ORIENTED_EDGE ( 'NONE', *, *, #2830, .T. ) ;
#3845 = CARTESIAN_POINT ( 'NONE',  ( 12.24999999999998934, -14.99999999999998579, -49.75000000000001421 ) ) ;
#3846 = VECTOR ( 'NONE', #1872, 1000.000000000000000 ) ;
#3847 = DIRECTION ( 'NONE',  ( 3.469446951953614189E-15, -1.000000000000000000, 0.000000000000000000 ) ) ;
#3848 = EDGE_CURVE ( 'NONE', #1966, #147, #678, .T. ) ;
#3849 = LINE ( 'NONE', #2821, #549 ) ;
#3850 = LINE ( 'NONE', #2705, #3662 ) ;
#3851 = EDGE_CURVE ( 'NONE', #3464, #2057, #863, .T. ) ;
#3852 = ORIENTED_EDGE ( 'NONE', *, *, #1327, .F. ) ;
#3853 = CARTESIAN_POINT ( 'NONE',  ( 27.00000000000001066, -2.000000000000000000, 50.61602540378445525 ) ) ;
#3854 = CARTESIAN_POINT ( 'NONE',  ( -29.49511280217040721, 1.821787286342728907, 49.33725260867702644 ) ) ;
#3855 = EDGE_CURVE ( 'NONE', #1730, #3746, #2304, .T. ) ;
#3856 = CARTESIAN_POINT ( 'NONE',  ( -28.63872972141763995, 1.999999999999995337, 53.58448753050002011 ) ) ;
#3857 = ORIENTED_EDGE ( 'NONE', *, *, #3466, .T. ) ;
#3858 = ORIENTED_EDGE ( 'NONE', *, *, #2720, .T. ) ;
#3859 = DIRECTION ( 'NONE',  ( 3.652049423109187931E-15, -1.000000000000000000, 1.671738679439593139E-29 ) ) ;
#3860 = CARTESIAN_POINT ( 'NONE',  ( -26.99999999999998224, -2.000000000000000000, 51.75000000000000711 ) ) ;
#3861 = ORIENTED_EDGE ( 'NONE', *, *, #2065, .F. ) ;
#3862 = AXIS2_PLACEMENT_3D ( 'NONE', #3355, #2453, #1790 ) ;
#3863 = ORIENTED_EDGE ( 'NONE', *, *, #3750, .T. ) ;
#3864 = EDGE_LOOP ( 'NONE', ( #1622, #3399, #1830, #1705 ) ) ;
#3865 = PLANE ( 'NONE',  #1434 ) ;
#3866 = AXIS2_PLACEMENT_3D ( 'NONE', #118, #1574, #1868 ) ;
#3867 = ADVANCED_FACE ( 'NONE', ( #152 ), #3251, .F. ) ;
#3868 = CARTESIAN_POINT ( 'NONE',  ( 17.49999999999999645, -24.99999999999998224, -51.75000000000002132 ) ) ;
#3869 = CARTESIAN_POINT ( 'NONE',  ( 27.99096560134045575, 0.05947396663207941275, -18.24608035268773776 ) ) ;
#3870 = DIRECTION ( 'NONE',  ( -0.000000000000000000, 3.491481338843133355E-15, -1.000000000000000000 ) ) ;
#3871 = ORIENTED_EDGE ( 'NONE', *, *, #2783, .F. ) ;
#3872 = EDGE_CURVE ( 'NONE', #1593, #1711, #3758, .T. ) ;
#3873 = EDGE_LOOP ( 'NONE', ( #1925, #2973, #1450, #1080 ) ) ;
#3874 = FACE_OUTER_BOUND ( 'NONE', #2734, .T. ) ;
#3875 = ORIENTED_EDGE ( 'NONE', *, *, #2660, .T. ) ;
#3876 = CARTESIAN_POINT ( 'NONE',  ( 27.49999999999999645, -10.29939026657160817, -51.75000000000005684 ) ) ;
#3877 = EDGE_CURVE ( 'NONE', #2852, #2627, #71, .T. ) ;
#3878 = FACE_OUTER_BOUND ( 'NONE', #2586, .T. ) ;
#3879 = DIRECTION ( 'NONE',  ( -3.469446951953613400E-15, -1.000000000000000000, 0.000000000000000000 ) ) ;
#3880 = VERTEX_POINT ( 'NONE', #820 ) ;
#3881 = CARTESIAN_POINT ( 'NONE',  ( 27.50000000000001776, 2.499999999999953815, 51.74999999999999289 ) ) ;
#3882 = VECTOR ( 'NONE', #2393, 1000.000000000000000 ) ;
#3883 = EDGE_CURVE ( 'NONE', #2061, #3682, #731, .T. ) ;
#3884 = ORIENTED_EDGE ( 'NONE', *, *, #1213, .F. ) ;
#3885 = ADVANCED_FACE ( 'NONE', ( #3202 ), #775, .F. ) ;
#3886 = FACE_OUTER_BOUND ( 'NONE', #3574, .T. ) ;
#3887 = ORIENTED_EDGE ( 'NONE', *, *, #1602, .F. ) ;
#3888 = DIRECTION ( 'NONE',  ( 1.000000000000000000, -3.469446951953611033E-15, 0.000000000000000000 ) ) ;
#3889 = AXIS2_PLACEMENT_3D ( 'NONE', #3538, #3157, #3087 ) ;
#3890 = VECTOR ( 'NONE', #622, 1000.000000000000000 ) ;
#3891 = CARTESIAN_POINT ( 'NONE',  ( -27.50000000000001066, -11.99999999999998934, -51.75000000000002132 ) ) ;
#3892 = CARTESIAN_POINT ( 'NONE',  ( -28.07534766793645886, 2.250000000000019096, 53.70840562108030269 ) ) ;
#3893 = DIRECTION ( 'NONE',  ( 0.000000000000000000, 0.000000000000000000, 1.000000000000000000 ) ) ;
#3894 = LINE ( 'NONE', #3511, #990 ) ;
#3895 = CARTESIAN_POINT ( 'NONE',  ( 27.50000000000003553, 2.000000000000015543, 49.74999999999999289 ) ) ;
#3896 = CARTESIAN_POINT ( 'NONE',  ( -27.49999999999998224, -2.000000000000000000, 49.25000000000001421 ) ) ;
#3897 = VECTOR ( 'NONE', #2207, 1000.000000000000000 ) ;
#3898 = DIRECTION ( 'NONE',  ( 0.000000000000000000, 1.667991375171469962E-29, 1.000000000000000000 ) ) ;
#3899 = CARTESIAN_POINT ( 'NONE',  ( 28.07534766793652992, -1.958405621080285153, -18.00000000000001066 ) ) ;
#3900 = MECHANICAL_DESIGN_GEOMETRIC_PRESENTATION_REPRESENTATION (  '', ( #1055 ), #1710 ) ;
#3901 = DIRECTION ( 'NONE',  ( -3.469446951953599595E-15, -1.000000000000000000, 0.000000000000000000 ) ) ;
#3902 = CIRCLE ( 'NONE', #1313, 0.5000000000000004441 ) ;
ENDSEC;
END-ISO-10303-21;
