ISO-10303-21;
HEADER;
FILE_DESCRIPTION (( 'STEP AP214' ),
    '1' );
FILE_NAME ('Schneckenwelle 1.1.STEP',
    '2021-03-18T15:06:39',
    ( '' ),
    ( '' ),
    'SwSTEP 2.0',
    'SolidWorks 2018',
    '' );
FILE_SCHEMA (( 'AUTOMOTIVE_DESIGN' ));
ENDSEC;

DATA;
#1 =( LENGTH_UNIT ( ) NAMED_UNIT ( * ) SI_UNIT ( .MILLI., .METRE. ) );
#2 = CONICAL_SURFACE ( 'NONE', #367, 9.999999999999998224, 0.7853981633974430610 ) ;
#3 = DIRECTION ( 'NONE',  ( 0.000000000000000000, 0.000000000000000000, 1.000000000000000000 ) ) ;
#4 = CARTESIAN_POINT ( 'NONE',  ( 0.000000000000000000, 0.000000000000000000, -118.0000000000000000 ) ) ;
#5 = DIRECTION ( 'NONE',  ( -1.000000000000000000, 0.000000000000000000, 0.000000000000000000 ) ) ;
#6 = MECHANICAL_DESIGN_GEOMETRIC_PRESENTATION_REPRESENTATION (  '', ( #243 ), #948 ) ;
#7 = DIRECTION ( 'NONE',  ( -0.000000000000000000, -0.000000000000000000, 1.000000000000000000 ) ) ;
#8 = UNCERTAINTY_MEASURE_WITH_UNIT (LENGTH_MEASURE( 1.000000000000000082E-05 ), #1822, 'distance_accuracy_value', 'NONE');
#9 = CYLINDRICAL_SURFACE ( 'NONE', #133, 1.649999999999997691 ) ;
#10 = CARTESIAN_POINT ( 'NONE',  ( 0.000000000000000000, 0.000000000000000000, 0.000000000000000000 ) ) ;
#11 = CARTESIAN_POINT ( 'NONE',  ( -2.499999999999997335, 6.538348415311011408, 1.913297951445005896E-16 ) ) ;
#12 = DIRECTION ( 'NONE',  ( -0.000000000000000000, -0.000000000000000000, 1.000000000000000000 ) ) ;
#13 = TOROIDAL_SURFACE ( 'NONE', #1124, 7.400000000000000355, 0.4999999999999991673 ) ;
#14 = CARTESIAN_POINT ( 'NONE',  ( -8.499999999999996447, 1.040949779275249943E-15, 0.000000000000000000 ) ) ;
#15 = ORIENTED_EDGE ( 'NONE', *, *, #1590, .T. ) ;
#16 = CARTESIAN_POINT ( 'NONE',  ( 2.500000000000000000, 6.440831879153011030, -20.89148027226076110 ) ) ;
#17 = EDGE_CURVE ( 'NONE', #1328, #1087, #311, .T. ) ;
#18 = DIRECTION ( 'NONE',  ( 0.000000000000000000, -1.000000000000000000, 0.000000000000000000 ) ) ;
#19 = EDGE_LOOP ( 'NONE', ( #633, #1191, #2100, #2007 ) ) ;
#20 = DIRECTION ( 'NONE',  ( -0.7071067811865671127, 8.659560562355173214E-17, 0.7071067811865279218 ) ) ;
#21 = DIRECTION ( 'NONE',  ( 0.000000000000000000, 0.000000000000000000, -1.000000000000000000 ) ) ;
#22 = ORIENTED_EDGE ( 'NONE', *, *, #378, .T. ) ;
#23 = VERTEX_POINT ( 'NONE', #38 ) ;
#24 = CARTESIAN_POINT ( 'NONE',  ( -0.6530032953678853724, 6.971338550956490465, -2.581224452517385970 ) ) ;
#25 = AXIS2_PLACEMENT_3D ( 'NONE', #257, #56, #1488 ) ;
#26 = DIRECTION ( 'NONE',  ( 0.7071067811865474617, 8.659560562354932858E-17, -0.7071067811865474617 ) ) ;
#27 = VECTOR ( 'NONE', #629, 1000.000000000000000 ) ;
#28 = CONICAL_SURFACE ( 'NONE', #921, 6.000000000000019540, 0.7853981633974431720 ) ;
#29 = EDGE_CURVE ( 'NONE', #1952, #613, #1090, .T. ) ;
#30 = CARTESIAN_POINT ( 'NONE',  ( 0.000000000000000000, 0.000000000000000000, -141.0000000000000000 ) ) ;
#31 = ORIENTED_EDGE ( 'NONE', *, *, #785, .T. ) ;
#32 = EDGE_CURVE ( 'NONE', #1749, #1072, #500, .T. ) ;
#33 = VECTOR ( 'NONE', #1552, 1000.000000000000000 ) ;
#34 = CARTESIAN_POINT ( 'NONE',  ( 3.016505493951996517E-24, 8.999999999999998224, -73.99999999999998579 ) ) ;
#35 = CYLINDRICAL_SURFACE ( 'NONE', #2191, 8.999999999999998224 ) ;
#36 = ORIENTED_EDGE ( 'NONE', *, *, #1052, .T. ) ;
#37 = SURFACE_STYLE_FILL_AREA ( #1498 ) ;
#38 = CARTESIAN_POINT ( 'NONE',  ( 2.500000000000000000, 4.000000000000000000, -22.00000000000000000 ) ) ;
#39 = ORIENTED_EDGE ( 'NONE', *, *, #1287, .F. ) ;
#40 = FACE_OUTER_BOUND ( 'NONE', #1672, .T. ) ;
#41 = PLANE ( 'NONE',  #703 ) ;
#42 = CARTESIAN_POINT ( 'NONE',  ( 8.499999999999992895, 1.040949779275249548E-15, -69.99999999999998579 ) ) ;
#43 = DIRECTION ( 'NONE',  ( 0.000000000000000000, 1.000000000000000000, 0.000000000000000000 ) ) ;
#44 = ORIENTED_EDGE ( 'NONE', *, *, #807, .T. ) ;
#45 = EDGE_LOOP ( 'NONE', ( #684, #1842, #2091, #1973 ) ) ;
#46 = CIRCLE ( 'NONE', #1348, 8.999999999999952038 ) ;
#47 = DIRECTION ( 'NONE',  ( -0.000000000000000000, -0.000000000000000000, 1.000000000000000000 ) ) ;
#48 = LINE ( 'NONE', #597, #1113 ) ;
#49 = EDGE_CURVE ( 'NONE', #579, #641, #914, .T. ) ;
#50 = ORIENTED_EDGE ( 'NONE', *, *, #2154, .T. ) ;
#51 = ORIENTED_EDGE ( 'NONE', *, *, #857, .F. ) ;
#52 = ADVANCED_FACE ( 'NONE', ( #173, #2135 ), #556, .F. ) ;
#53 = VECTOR ( 'NONE', #1933, 1000.000000000000114 ) ;
#54 = AXIS2_PLACEMENT_3D ( 'NONE', #2156, #2105, #210 ) ;
#55 = EDGE_LOOP ( 'NONE', ( #1006, #906, #686, #2127 ) ) ;
#56 = DIRECTION ( 'NONE',  ( -0.000000000000000000, -0.000000000000000000, -1.000000000000000000 ) ) ;
#57 = FACE_OUTER_BOUND ( 'NONE', #1767, .T. ) ;
#58 = EDGE_LOOP ( 'NONE', ( #1806, #1949, #919, #1428, #22, #1161, #1536 ) ) ;
#59 = CYLINDRICAL_SURFACE ( 'NONE', #1681, 7.000000000000000000 ) ;
#60 = AXIS2_PLACEMENT_3D ( 'NONE', #477, #291, #2040 ) ;
#61 = CARTESIAN_POINT ( 'NONE',  ( -2.417955302464962486, 6.569224276681060459, -4.343681591214982873 ) ) ;
#62 = CARTESIAN_POINT ( 'NONE',  ( 0.000000000000000000, 6.699999999999997513, -37.50000000000000000 ) ) ;
#63 = ADVANCED_FACE ( 'NONE', ( #856 ), #1783, .T. ) ;
#64 = CARTESIAN_POINT ( 'NONE',  ( -2.691227896048345394E-13, 7.000000000000991207, -2.499999999997222666 ) ) ;
#65 = ORIENTED_EDGE ( 'NONE', *, *, #2226, .F. ) ;
#66 = DIRECTION ( 'NONE',  ( 0.000000000000000000, 0.000000000000000000, -1.000000000000000000 ) ) ;
#67 = ORIENTED_EDGE ( 'NONE', *, *, #2140, .T. ) ;
#68 = EDGE_CURVE ( 'NONE', #678, #430, #1310, .T. ) ;
#69 = CARTESIAN_POINT ( 'NONE',  ( 0.000000000000000000, 0.000000000000000000, -21.00000000000000000 ) ) ;
#70 = EDGE_LOOP ( 'NONE', ( #2023, #997, #528, #1994 ) ) ;
#71 = CARTESIAN_POINT ( 'NONE',  ( -2.370008202008268228, 6.586915611056299191, -4.187896056900123121 ) ) ;
#72 = ORIENTED_EDGE ( 'NONE', *, *, #1550, .T. ) ;
#73 = CARTESIAN_POINT ( 'NONE',  ( -2.499999999999999112, 7.000000000000000000, -28.00000000000000000 ) ) ;
#74 = DIRECTION ( 'NONE',  ( 0.000000000000000000, -1.000000000000000000, 0.000000000000000000 ) ) ;
#75 = CIRCLE ( 'NONE', #2145, 0.5000000000000004441 ) ;
#76 = CARTESIAN_POINT ( 'NONE',  ( -2.499999999999997780, 6.538348415311011408, -4.999999999999998224 ) ) ;
#77 = TOROIDAL_SURFACE ( 'NONE', #1698, 9.500000000000000000, 1.500000000000004219 ) ;
#78 = ADVANCED_FACE ( 'NONE', ( #448 ), #916, .F. ) ;
#79 = DIRECTION ( 'NONE',  ( -0.000000000000000000, -0.000000000000000000, -1.000000000000000000 ) ) ;
#80 = FACE_OUTER_BOUND ( 'NONE', #122, .T. ) ;
#81 = DIRECTION ( 'NONE',  ( 1.000000000000000000, 0.000000000000000000, 0.000000000000000000 ) ) ;
#82 = B_SPLINE_CURVE_WITH_KNOTS ( 'NONE', 3,
 ( #1064, #1914, #1904, #16, #2067, #538 ),
 .UNSPECIFIED., .F., .F.,
 ( 4, 2, 4 ),
 ( 0.002755994910988984227, 0.002917550410406769858, 0.003079105909824555488 ),
 .UNSPECIFIED. ) ;
#83 = ORIENTED_EDGE ( 'NONE', *, *, #1079, .T. ) ;
#84 = FACE_OUTER_BOUND ( 'NONE', #1791, .T. ) ;
#85 = EDGE_CURVE ( 'NONE', #350, #1086, #984, .T. ) ;
#86 = ORIENTED_EDGE ( 'NONE', *, *, #1620, .T. ) ;
#87 = LINE ( 'NONE', #1062, #1146 ) ;
#88 = DIRECTION ( 'NONE',  ( -0.000000000000000000, -0.000000000000000000, 1.000000000000000000 ) ) ;
#89 = ORIENTED_EDGE ( 'NONE', *, *, #1249, .F. ) ;
#90 = VECTOR ( 'NONE', #2212, 1000.000000000000000 ) ;
#91 = VERTEX_POINT ( 'NONE', #899 ) ;
#92 = DIRECTION ( 'NONE',  ( -0.000000000000000000, -0.000000000000000000, 1.000000000000000000 ) ) ;
#93 =( NAMED_UNIT ( * ) SI_UNIT ( $, .STERADIAN. ) SOLID_ANGLE_UNIT ( ) );
#94 = DIRECTION ( 'NONE',  ( -0.000000000000000000, -0.000000000000000000, -1.000000000000000000 ) ) ;
#95 = ORIENTED_EDGE ( 'NONE', *, *, #99, .F. ) ;
#96 = DIRECTION ( 'NONE',  ( -0.000000000000000000, -0.000000000000000000, 1.000000000000000000 ) ) ;
#97 = B_SPLINE_CURVE_WITH_KNOTS ( 'NONE', 3,
 ( #2036, #855, #731, #905 ),
 .UNSPECIFIED., .F., .F.,
 ( 4, 4 ),
 ( 0.000000000000000000, 0.001452152564037116015 ),
 .UNSPECIFIED. ) ;
#98 = ORIENTED_EDGE ( 'NONE', *, *, #1227, .F. ) ;
#99 = EDGE_CURVE ( 'NONE', #586, #1086, #583, .T. ) ;
#100 = ORIENTED_EDGE ( 'NONE', *, *, #2122, .T. ) ;
#101 = CARTESIAN_POINT ( 'NONE',  ( 2.500000000000002665, 6.538348415311009632, -3.188829919075016811E-16 ) ) ;
#102 = TOROIDAL_SURFACE ( 'NONE', #2217, 9.500000000000000000, 1.500000000000004219 ) ;
#103 = DIRECTION ( 'NONE',  ( 0.000000000000000000, 0.000000000000000000, -1.000000000000000000 ) ) ;
#104 = VECTOR ( 'NONE', #1615, 1000.000000000000000 ) ;
#105 = DIRECTION ( 'NONE',  ( 0.7071067811865356934, 8.659560562354788645E-17, -0.7071067811865593411 ) ) ;
#106 = CARTESIAN_POINT ( 'NONE',  ( 2.500000000000000000, 5.999999999999997335, -76.49999999999998579 ) ) ;
#107 = ORIENTED_EDGE ( 'NONE', *, *, #765, .F. ) ;
#108 = DIRECTION ( 'NONE',  ( -0.000000000000000000, 1.000000000000000000, -0.000000000000000000 ) ) ;
#109 = DIRECTION ( 'NONE',  ( -8.972707634362795528E-17, 0.000000000000000000, -1.000000000000000000 ) ) ;
#110 = LINE ( 'NONE', #169, #729 ) ;
#111 = ORIENTED_EDGE ( 'NONE', *, *, #343, .T. ) ;
#112 = DIRECTION ( 'NONE',  ( 1.000000000000000000, 0.000000000000000000, 0.000000000000000000 ) ) ;
#113 = SURFACE_STYLE_USAGE ( .BOTH. , #1186 ) ;
#114 = EDGE_LOOP ( 'NONE', ( #944, #1455, #2029, #2015 ) ) ;
#115 = AXIS2_PLACEMENT_3D ( 'NONE', #1609, #94, #2144 ) ;
#116 = CARTESIAN_POINT ( 'NONE',  ( -2.245518301245025050, 8.715611022948539954, -112.6110528202539882 ) ) ;
#117 = CARTESIAN_POINT ( 'NONE',  ( 0.000000000000000000, -6.000000000000000000, -143.4999999999999716 ) ) ;
#118 = ORIENTED_EDGE ( 'NONE', *, *, #780, .T. ) ;
#119 = DIRECTION ( 'NONE',  ( -0.000000000000000000, -0.000000000000000000, 1.000000000000000000 ) ) ;
#120 = PLANE ( 'NONE',  #1954 ) ;
#121 = CARTESIAN_POINT ( 'NONE',  ( -2.371085440527357591, 8.162856109902611124, -38.30915810659333687 ) ) ;
#122 = EDGE_LOOP ( 'NONE', ( #145, #111, #224, #317 ) ) ;
#123 = CARTESIAN_POINT ( 'NONE',  ( 2.483284190767347521, 8.650689862744787462, -111.8321253562355508 ) ) ;
#124 = EDGE_CURVE ( 'NONE', #191, #2000, #251, .T. ) ;
#125 = CARTESIAN_POINT ( 'NONE',  ( 7.000000000000000000, 0.000000000000000000, -21.30000000000000071 ) ) ;
#126 = ORIENTED_EDGE ( 'NONE', *, *, #1009, .F. ) ;
#127 = CARTESIAN_POINT ( 'NONE',  ( 0.000000000000000000, 0.000000000000000000, -51.99999999999999289 ) ) ;
#128 = VECTOR ( 'NONE', #460, 1000.000000000000000 ) ;
#129 = AXIS2_PLACEMENT_3D ( 'NONE', #2035, #2013, #2201 ) ;
#130 =( NAMED_UNIT ( * ) SI_UNIT ( $, .STERADIAN. ) SOLID_ANGLE_UNIT ( ) );
#131 = FACE_OUTER_BOUND ( 'NONE', #1252, .T. ) ;
#132 = CARTESIAN_POINT ( 'NONE',  ( 0.000000000000000000, 0.000000000000000000, -118.0000000000000000 ) ) ;
#133 = AXIS2_PLACEMENT_3D ( 'NONE', #988, #1163, #1338 ) ;
#134 = FACE_OUTER_BOUND ( 'NONE', #687, .T. ) ;
#135 = CARTESIAN_POINT ( 'NONE',  ( 0.000000000000000000, 0.000000000000000000, -28.00000000000000000 ) ) ;
#136 = ADVANCED_FACE ( 'NONE', ( #799 ), #1255, .T. ) ;
#137 = DIRECTION ( 'NONE',  ( -0.000000000000000000, -0.000000000000000000, 1.000000000000000000 ) ) ;
#138 = ORIENTED_EDGE ( 'NONE', *, *, #232, .T. ) ;
#139 = CARTESIAN_POINT ( 'NONE',  ( -7.400000000000000355, 9.062386313690412402E-16, -21.00000000000000000 ) ) ;
#140 = ORIENTED_EDGE ( 'NONE', *, *, #1500, .T. ) ;
#141 =( NAMED_UNIT ( * ) PLANE_ANGLE_UNIT ( ) SI_UNIT ( $, .RADIAN. ) );
#142 = CARTESIAN_POINT ( 'NONE',  ( 0.000000000000000000, 0.000000000000000000, -28.00000000000000000 ) ) ;
#143 = EDGE_CURVE ( 'NONE', #419, #543, #393, .T. ) ;
#144 = DIRECTION ( 'NONE',  ( 1.000000000000000000, 0.000000000000000000, 0.000000000000000000 ) ) ;
#145 = ORIENTED_EDGE ( 'NONE', *, *, #740, .F. ) ;
#146 = CIRCLE ( 'NONE', #1414, 6.000000000000019540 ) ;
#147 = DIRECTION ( 'NONE',  ( 0.000000000000000000, 0.000000000000000000, -1.000000000000000000 ) ) ;
#148 = ORIENTED_EDGE ( 'NONE', *, *, #2048, .T. ) ;
#149 = CARTESIAN_POINT ( 'NONE',  ( -1.649999999999997025, -6.000000000000000000, -143.4999999999999716 ) ) ;
#150 = CONICAL_SURFACE ( 'NONE', #1637, 2.024999999999999911, 0.7853981633974316257 ) ;
#151 = EDGE_CURVE ( 'NONE', #1144, #586, #526, .T. ) ;
#152 = CARTESIAN_POINT ( 'NONE',  ( 0.000000000000000000, 0.000000000000000000, -21.00000000000000000 ) ) ;
#153 = DIRECTION ( 'NONE',  ( -1.000000000000000000, 0.000000000000000000, 0.000000000000000000 ) ) ;
#154 = AXIS2_PLACEMENT_3D ( 'NONE', #979, #103, #1502 ) ;
#155 = DIRECTION ( 'NONE',  ( -0.000000000000000000, -0.000000000000000000, 1.000000000000000000 ) ) ;
#156 = CARTESIAN_POINT ( 'NONE',  ( 0.000000000000000000, 0.000000000000000000, 0.000000000000000000 ) ) ;
#157 = CLOSED_SHELL ( 'NONE', ( #1796, #1804, #760, #811, #1561, #1028, #397, #301, #1153, #541, #1444, #913, #1297, #1959, #1971, #574, #2139, #2125, #1477, #1326, #1809, #936, #241, #872, #1544, #1794, #290, #1111, #926, #2113, #1229, #569, #1331, #227, #1682, #701, #52, #1861, #347, #1200, #1623, #1948, #1128, #1267, #63, #1646, #1352, #1785, #769, #1160, #945, #469, #1281, #797, #754, #2021, #1257, #1847, #473, #78, #630, #136, #1260, #772, #1069, #2180, #433, #282, #2155, #1380, #1101 ) ) ;
#158 = DIRECTION ( 'NONE',  ( -0.000000000000000000, -0.000000000000000000, 1.000000000000000000 ) ) ;
#159 = CARTESIAN_POINT ( 'NONE',  ( 0.000000000000000000, 0.000000000000000000, -0.9999999999999913403 ) ) ;
#160 = ORIENTED_EDGE ( 'NONE', *, *, #1395, .F. ) ;
#161 = CARTESIAN_POINT ( 'NONE',  ( 0.000000000000000000, 5.999999999999997335, -73.99999999999998579 ) ) ;
#162 = CARTESIAN_POINT ( 'NONE',  ( -2.370869433612395660, 8.682348660570921695, -75.69032434308569179 ) ) ;
#163 = CARTESIAN_POINT ( 'NONE',  ( 0.6496558688714856311, 8.476665241004917917, -39.91966834884901516 ) ) ;
#164 = ORIENTED_EDGE ( 'NONE', *, *, #1164, .T. ) ;
#165 = ORIENTED_EDGE ( 'NONE', *, *, #232, .F. ) ;
#166 = DIRECTION ( 'NONE',  ( -1.000000000000000000, 0.000000000000000000, 0.000000000000000000 ) ) ;
#167 = DIRECTION ( 'NONE',  ( 0.000000000000000000, 0.000000000000000000, -1.000000000000000000 ) ) ;
#168 = FACE_OUTER_BOUND ( 'NONE', #424, .T. ) ;
#169 = CARTESIAN_POINT ( 'NONE',  ( 2.500000000000001332, 7.000000000000000000, -28.00000000000000000 ) ) ;
#170 = LINE ( 'NONE', #1279, #854 ) ;
#171 = AXIS2_PLACEMENT_3D ( 'NONE', #351, #21, #522 ) ;
#172 = DIRECTION ( 'NONE',  ( -0.000000000000000000, -0.000000000000000000, 1.000000000000000000 ) ) ;
#173 = FACE_OUTER_BOUND ( 'NONE', #216, .T. ) ;
#174 = DIRECTION ( 'NONE',  ( 0.000000000000000000, 1.000000000000000000, 0.000000000000000000 ) ) ;
#175 = LINE ( 'NONE', #1026, #1311 ) ;
#176 = DIRECTION ( 'NONE',  ( -0.000000000000000000, 1.000000000000000000, -0.000000000000000000 ) ) ;
#177 = ORIENTED_EDGE ( 'NONE', *, *, #1739, .F. ) ;
#178 = FACE_BOUND ( 'NONE', #1417, .T. ) ;
#179 = CARTESIAN_POINT ( 'NONE',  ( 0.6501150975835792156, 8.977947914457736545, -74.08039084165412191 ) ) ;
#180 = CARTESIAN_POINT ( 'NONE',  ( 2.500000000000000000, 6.431174076325411271, -21.00000000000000000 ) ) ;
#181 = CARTESIAN_POINT ( 'NONE',  ( 2.500000000000000444, 6.699999999999997513, -37.50000000000000000 ) ) ;
#182 = EDGE_LOOP ( 'NONE', ( #1656, #1986, #1970, #1963 ) ) ;
#183 = EDGE_CURVE ( 'NONE', #1392, #1072, #1013, .T. ) ;
#184 = DIRECTION ( 'NONE',  ( -0.000000000000000000, -0.000000000000000000, 1.000000000000000000 ) ) ;
#185 = AXIS2_PLACEMENT_3D ( 'NONE', #152, #2208, #850 ) ;
#186 = DIRECTION ( 'NONE',  ( -1.000000000000000000, 0.000000000000000000, 0.000000000000000000 ) ) ;
#187 = ORIENTED_EDGE ( 'NONE', *, *, #68, .F. ) ;
#188 = CARTESIAN_POINT ( 'NONE',  ( -1.649999999999995026, 6.000000000000000000, -156.9999999999999716 ) ) ;
#189 = AXIS2_PLACEMENT_3D ( 'NONE', #1562, #345, #1731 ) ;
#190 = CARTESIAN_POINT ( 'NONE',  ( 2.245221368474355828, 8.715688067763640134, -75.38833352879700556 ) ) ;
#191 = VERTEX_POINT ( 'NONE', #943 ) ;
#192 = ORIENTED_EDGE ( 'NONE', *, *, #1693, .F. ) ;
#193 = EDGE_CURVE ( 'NONE', #1328, #1187, #620, .T. ) ;
#194 = CARTESIAN_POINT ( 'NONE',  ( -1.261417800422549362, 8.411315058146069390, -39.68281883545589750 ) ) ;
#195 = CONICAL_SURFACE ( 'NONE', #115, 1.649999999999997025, 1.029744258676658530 ) ;
#196 =( NAMED_UNIT ( * ) PLANE_ANGLE_UNIT ( ) SI_UNIT ( $, .RADIAN. ) );
#197 = FACE_OUTER_BOUND ( 'NONE', #1077, .T. ) ;
#198 = DIRECTION ( 'NONE',  ( -0.000000000000000000, 1.000000000000000000, -0.000000000000000000 ) ) ;
#199 = EDGE_CURVE ( 'NONE', #1951, #1245, #48, .T. ) ;
#200 = CARTESIAN_POINT ( 'NONE',  ( 1.259700068211719870, 8.916535627780447726, -74.31615719296563327 ) ) ;
#201 = ORIENTED_EDGE ( 'NONE', *, *, #1342, .T. ) ;
#202 = CIRCLE ( 'NONE', #2149, 2.500000000000002220 ) ;
#203 = ORIENTED_EDGE ( 'NONE', *, *, #602, .T. ) ;
#204 = CIRCLE ( 'NONE', #1108, 0.5000000000000004441 ) ;
#205 = CARTESIAN_POINT ( 'NONE',  ( 0.000000000000000000, 0.000000000000000000, -20.70000000000000284 ) ) ;
#206 = ORIENTED_EDGE ( 'NONE', *, *, #1596, .T. ) ;
#207 = LINE ( 'NONE', #1122, #618 ) ;
#208 = ORIENTED_EDGE ( 'NONE', *, *, #1194, .T. ) ;
#209 = CYLINDRICAL_SURFACE ( 'NONE', #1758, 9.999999999999998224 ) ;
#210 = DIRECTION ( 'NONE',  ( 0.000000000000000000, 0.000000000000000000, 1.000000000000000000 ) ) ;
#211 = EDGE_CURVE ( 'NONE', #1208, #2119, #170, .T. ) ;
#212 = DIRECTION ( 'NONE',  ( 0.000000000000000000, 0.000000000000000000, -1.000000000000000000 ) ) ;
#213 =( NAMED_UNIT ( * ) PLANE_ANGLE_UNIT ( ) SI_UNIT ( $, .RADIAN. ) );
#214 = CARTESIAN_POINT ( 'NONE',  ( -2.500000000000000000, 5.999999999999997335, -111.4999999999999858 ) ) ;
#215 = AXIS2_PLACEMENT_3D ( 'NONE', #1512, #1327, #1313 ) ;
#216 = EDGE_LOOP ( 'NONE', ( #966, #576 ) ) ;
#217 = CARTESIAN_POINT ( 'NONE',  ( 0.000000000000000000, 0.000000000000000000, -51.99999999999999289 ) ) ;
#218 = ORIENTED_EDGE ( 'NONE', *, *, #1633, .T. ) ;
#219 = EDGE_LOOP ( 'NONE', ( #50, #534, #655, #1024 ) ) ;
#220 = ORIENTED_EDGE ( 'NONE', *, *, #143, .F. ) ;
#221 = CARTESIAN_POINT ( 'NONE',  ( 7.000000000000000000, 0.000000000000000000, 0.000000000000000000 ) ) ;
#222 = CARTESIAN_POINT ( 'NONE',  ( 9.500000000000000000, 0.000000000000000000, -51.99999999999999289 ) ) ;
#223 = CARTESIAN_POINT ( 'NONE',  ( -2.499999999999999112, 4.000000000000000000, -22.00000000000000000 ) ) ;
#224 = ORIENTED_EDGE ( 'NONE', *, *, #358, .T. ) ;
#225 = ORIENTED_EDGE ( 'NONE', *, *, #1787, .T. ) ;
#226 = DIRECTION ( 'NONE',  ( 1.000000000000000000, 0.000000000000000000, 0.000000000000000000 ) ) ;
#227 = ADVANCED_FACE ( 'NONE', ( #2037 ), #2061, .T. ) ;
#228 = EDGE_CURVE ( 'NONE', #1793, #1475, #555, .T. ) ;
#229 = CARTESIAN_POINT ( 'NONE',  ( -7.499999999999965361, 0.000000000000000000, -28.00000000000000000 ) ) ;
#230 = DIRECTION ( 'NONE',  ( 0.000000000000000000, 0.000000000000000000, -1.000000000000000000 ) ) ;
#231 = ORIENTED_EDGE ( 'NONE', *, *, #904, .T. ) ;
#232 = EDGE_CURVE ( 'NONE', #977, #1569, #1474, .T. ) ;
#233 = CONICAL_SURFACE ( 'NONE', #1819, 1.649999999999997025, 1.029744258676658530 ) ;
#234 = ORIENTED_EDGE ( 'NONE', *, *, #85, .F. ) ;
#235 = AXIS2_PLACEMENT_3D ( 'NONE', #326, #1886, #1394 ) ;
#236 = FACE_OUTER_BOUND ( 'NONE', #1302, .T. ) ;
#237 = ORIENTED_EDGE ( 'NONE', *, *, #1736, .T. ) ;
#238 = LINE ( 'NONE', #2034, #2102 ) ;
#239 = ORIENTED_EDGE ( 'NONE', *, *, #1199, .T. ) ;
#240 = EDGE_CURVE ( 'NONE', #91, #1339, #665, .T. ) ;
#241 = ADVANCED_FACE ( 'NONE', ( #80 ), #446, .F. ) ;
#242 = CARTESIAN_POINT ( 'NONE',  ( 0.000000000000000000, 0.000000000000000000, -21.00000000000000000 ) ) ;
#243 = STYLED_ITEM ( 'NONE', ( #567 ), #1160 ) ;
#244 = ORIENTED_EDGE ( 'NONE', *, *, #266, .F. ) ;
#245 = ORIENTED_EDGE ( 'NONE', *, *, #625, .T. ) ;
#246 = VECTOR ( 'NONE', #394, 1000.000000000000000 ) ;
#247 = CARTESIAN_POINT ( 'NONE',  ( -2.024999999999997247, 6.000000000000000000, -156.9999999999999716 ) ) ;
#248 = MANIFOLD_SOLID_BREP ( 'Fase5', #157 ) ;
#249 = DIRECTION ( 'NONE',  ( 1.000000000000000000, 0.000000000000000000, 0.000000000000000000 ) ) ;
#250 = EDGE_CURVE ( 'NONE', #1793, #1001, #1305, .T. ) ;
#251 = LINE ( 'NONE', #2092, #2216 ) ;
#252 = ORIENTED_EDGE ( 'NONE', *, *, #1194, .F. ) ;
#253 = CIRCLE ( 'NONE', #1442, 2.024999999999999911 ) ;
#254 = CARTESIAN_POINT ( 'NONE',  ( 2.027313493271339251, 6.699999999999997513, -28.00000000000000000 ) ) ;
#255 = PRESENTATION_LAYER_ASSIGNMENT (  '', '', ( #1184 ) ) ;
#256 = EDGE_LOOP ( 'NONE', ( #399, #1315, #1347, #879 ) ) ;
#257 = CARTESIAN_POINT ( 'NONE',  ( 0.000000000000000000, -6.000000000000000000, -156.6249999999999716 ) ) ;
#258 = CIRCLE ( 'NONE', #1276, 7.000000000000000000 ) ;
#259 = FACE_OUTER_BOUND ( 'NONE', #453, .T. ) ;
#260 = AXIS2_PLACEMENT_3D ( 'NONE', #762, #1422, #588 ) ;
#261 = ORIENTED_EDGE ( 'NONE', *, *, #589, .T. ) ;
#262 = VECTOR ( 'NONE', #1193, 1000.000000000000000 ) ;
#263 = DIRECTION ( 'NONE',  ( -1.000000000000000000, 0.000000000000000000, 0.000000000000000000 ) ) ;
#264 = CARTESIAN_POINT ( 'NONE',  ( 2.025000000000002576, 6.000000000000000000, -156.9999999999999716 ) ) ;
#265 = CARTESIAN_POINT ( 'NONE',  ( -1.649999999999994360, 6.000000000000000000, -143.4999999999999716 ) ) ;
#266 = EDGE_CURVE ( 'NONE', #2053, #1001, #2112, .T. ) ;
#267 = ORIENTED_EDGE ( 'NONE', *, *, #1928, .T. ) ;
#268 = DIRECTION ( 'NONE',  ( -0.000000000000000000, -0.000000000000000000, -1.000000000000000000 ) ) ;
#269 = CARTESIAN_POINT ( 'NONE',  ( -8.499999999999992895, 0.000000000000000000, -69.99999999999998579 ) ) ;
#270 = CARTESIAN_POINT ( 'NONE',  ( 0.000000000000000000, 0.000000000000000000, -50.88196601125009266 ) ) ;
#271 = VERTEX_POINT ( 'NONE', #161 ) ;
#272 = CARTESIAN_POINT ( 'NONE',  ( 2.027313493271339251, 6.699999999999997513, -23.46287388383276351 ) ) ;
#273 = AXIS2_PLACEMENT_3D ( 'NONE', #1879, #1011, #503 ) ;
#274 = CARTESIAN_POINT ( 'NONE',  ( 2.500000000000000444, 6.699999999999997513, -37.50000000000000000 ) ) ;
#275 = ORIENTED_EDGE ( 'NONE', *, *, #1102, .T. ) ;
#276 = ORIENTED_EDGE ( 'NONE', *, *, #415, .F. ) ;
#277 = CARTESIAN_POINT ( 'NONE',  ( 6.000000000000019540, 7.960204194457807310E-16, 2.936825829912203453E-17 ) ) ;
#278 = FACE_OUTER_BOUND ( 'NONE', #2069, .T. ) ;
#279 = VECTOR ( 'NONE', #1858, 1000.000000000000000 ) ;
#280 = DIRECTION ( 'NONE',  ( 1.000000000000000000, 0.000000000000000000, 0.000000000000000000 ) ) ;
#281 = PRODUCT ( 'Schneckenwelle 1.1', 'Schneckenwelle 1.1', '', ( #379 ) ) ;
#282 = ADVANCED_FACE ( 'NONE', ( #1364 ), #28, .T. ) ;
#283 = VECTOR ( 'NONE', #757, 1000.000000000000000 ) ;
#284 = VERTEX_POINT ( 'NONE', #1185 ) ;
#285 = DIRECTION ( 'NONE',  ( 1.000000000000000000, 0.000000000000000000, 0.000000000000000000 ) ) ;
#286 = FACE_OUTER_BOUND ( 'NONE', #1661, .T. ) ;
#287 = DIRECTION ( 'NONE',  ( -0.000000000000000000, -0.000000000000000000, 1.000000000000000000 ) ) ;
#288 = CYLINDRICAL_SURFACE ( 'NONE', #1546, 2.500000000000002220 ) ;
#289 = AXIS2_PLACEMENT_3D ( 'NONE', #908, #1298, #614 ) ;
#290 = ADVANCED_FACE ( 'NONE', ( #197 ), #1713, .T. ) ;
#291 = DIRECTION ( 'NONE',  ( -0.000000000000000000, -0.000000000000000000, 1.000000000000000000 ) ) ;
#292 = ORIENTED_EDGE ( 'NONE', *, *, #809, .T. ) ;
#293 = LINE ( 'NONE', #516, #2071 ) ;
#294 = CARTESIAN_POINT ( 'NONE',  ( -2.024999999999999911, -6.000000000000000000, -156.9999999999999716 ) ) ;
#295 = ORIENTED_EDGE ( 'NONE', *, *, #742, .F. ) ;
#296 = DIRECTION ( 'NONE',  ( 1.000000000000000000, 0.000000000000000000, 0.000000000000000000 ) ) ;
#297 = ORIENTED_EDGE ( 'NONE', *, *, #343, .F. ) ;
#298 = CARTESIAN_POINT ( 'NONE',  ( 0.000000000000000000, 0.000000000000000000, -70.50000000000000000 ) ) ;
#299 = EDGE_CURVE ( 'NONE', #1457, #651, #1584, .T. ) ;
#300 = CARTESIAN_POINT ( 'NONE',  ( -2.500000000000000444, 6.699999999999997513, -37.50000000000000000 ) ) ;
#301 = ADVANCED_FACE ( 'NONE', ( #309 ), #416, .T. ) ;
#302 = EDGE_LOOP ( 'NONE', ( #1134, #1676 ) ) ;
#303 = AXIS2_PLACEMENT_3D ( 'NONE', #1053, #689, #884 ) ;
#304 =( NAMED_UNIT ( * ) PLANE_ANGLE_UNIT ( ) SI_UNIT ( $, .RADIAN. ) );
#305 = ORIENTED_EDGE ( 'NONE', *, *, #589, .F. ) ;
#306 = CARTESIAN_POINT ( 'NONE',  ( 2.245289200647880179, 8.715669014788609559, -112.6114430229690413 ) ) ;
#307 = FACE_OUTER_BOUND ( 'NONE', #1035, .T. ) ;
#308 = AXIS2_PLACEMENT_3D ( 'NONE', #828, #2030, #1000 ) ;
#309 = FACE_OUTER_BOUND ( 'NONE', #442, .T. ) ;
#310 = CARTESIAN_POINT ( 'NONE',  ( 0.000000000000000000, 0.000000000000000000, -28.00000000000000000 ) ) ;
#311 = LINE ( 'NONE', #925, #369 ) ;
#312 = CARTESIAN_POINT ( 'NONE',  ( 1.650000000000000133, 6.000000000000000000, -156.9999999999999716 ) ) ;
#313 = CARTESIAN_POINT ( 'NONE',  ( 0.000000000000000000, -6.000000000000000000, -156.9999999999999716 ) ) ;
#314 = VERTEX_POINT ( 'NONE', #491 ) ;
#315 = CARTESIAN_POINT ( 'NONE',  ( 2.166676829723477304, 8.735798054776829247, -112.7577439578722789 ) ) ;
#316 = DIRECTION ( 'NONE',  ( -1.000000000000000000, 8.881784197001252323E-16, 0.000000000000000000 ) ) ;
#317 = ORIENTED_EDGE ( 'NONE', *, *, #387, .F. ) ;
#318 = EDGE_CURVE ( 'NONE', #1837, #987, #1883, .T. ) ;
#319 = LINE ( 'NONE', #269, #1571 ) ;
#320 = CARTESIAN_POINT ( 'NONE',  ( -2.483608689921211088, 8.129133175788014753, -37.82927183352783373 ) ) ;
#321 = CIRCLE ( 'NONE', #1169, 7.000000000000000000 ) ;
#322 = AXIS2_PLACEMENT_3D ( 'NONE', #274, #452, #109 ) ;
#323 = DIRECTION ( 'NONE',  ( -0.000000000000000000, -0.000000000000000000, 1.000000000000000000 ) ) ;
#324 = CARTESIAN_POINT ( 'NONE',  ( -9.999999999999998224, 1.224646799147353059E-15, -155.9999999999999147 ) ) ;
#325 = DIRECTION ( 'NONE',  ( 0.000000000000000000, -0.000000000000000000, 1.000000000000000000 ) ) ;
#326 = CARTESIAN_POINT ( 'NONE',  ( 2.449293598294708880E-16, 4.000000000000000000, -22.00000000000000000 ) ) ;
#327 = ORIENTED_EDGE ( 'NONE', *, *, #531, .F. ) ;
#328 = EDGE_CURVE ( 'NONE', #1475, #1810, #1197, .T. ) ;
#329 = CARTESIAN_POINT ( 'NONE',  ( 2.602085213965210642E-15, 6.000000000000000000, -143.4999999999999716 ) ) ;
#330 = CARTESIAN_POINT ( 'NONE',  ( 0.000000000000000000, 0.000000000000000000, 0.000000000000000000 ) ) ;
#331 = VERTEX_POINT ( 'NONE', #1891 ) ;
#332 = AXIS2_PLACEMENT_3D ( 'NONE', #455, #1851, #2017 ) ;
#333 = DIRECTION ( 'NONE',  ( 0.000000000000000000, 0.000000000000000000, -1.000000000000000000 ) ) ;
#334 = DIRECTION ( 'NONE',  ( -1.000000000000000000, 0.000000000000000000, 0.000000000000000000 ) ) ;
#335 = FACE_BOUND ( 'NONE', #1509, .T. ) ;
#336 = CARTESIAN_POINT ( 'NONE',  ( 2.500000000000002665, 6.538348415311009632, -20.70000000000000284 ) ) ;
#337 = VECTOR ( 'NONE', #1288, 1000.000000000000000 ) ;
#338 = DIRECTION ( 'NONE',  ( 1.000000000000000000, 0.000000000000000000, 0.000000000000000000 ) ) ;
#339 = CARTESIAN_POINT ( 'NONE',  ( 0.000000000000000000, 6.699999999999997513, -28.00000000000000000 ) ) ;
#340 = ORIENTED_EDGE ( 'NONE', *, *, #1117, .F. ) ;
#341 = CIRCLE ( 'NONE', #736, 7.000000000000000000 ) ;
#342 = ORIENTED_EDGE ( 'NONE', *, *, #1736, .F. ) ;
#343 = EDGE_CURVE ( 'NONE', #1215, #933, #496, .T. ) ;
#344 = CIRCLE ( 'NONE', #1238, 7.999999999999994671 ) ;
#345 = DIRECTION ( 'NONE',  ( -0.000000000000000000, -0.000000000000000000, 1.000000000000000000 ) ) ;
#346 = FACE_OUTER_BOUND ( 'NONE', #1781, .T. ) ;
#347 = ADVANCED_FACE ( 'NONE', ( #472, #335 ), #120, .F. ) ;
#348 = EDGE_CURVE ( 'NONE', #1686, #1392, #1745, .T. ) ;
#349 = DIRECTION ( 'NONE',  ( -0.000000000000000000, -0.000000000000000000, -1.000000000000000000 ) ) ;
#350 = VERTEX_POINT ( 'NONE', #698 ) ;
#351 = CARTESIAN_POINT ( 'NONE',  ( 0.000000000000000000, 0.000000000000000000, -28.00000000000000000 ) ) ;
#352 = CARTESIAN_POINT ( 'NONE',  ( -2.500000000000001332, 8.645808232895287659, -76.33407985863132694 ) ) ;
#353 = DIRECTION ( 'NONE',  ( -1.000000000000000000, 0.000000000000000000, 0.000000000000000000 ) ) ;
#354 = DIRECTION ( 'NONE',  ( 1.000000000000000000, 0.000000000000000000, 0.000000000000000000 ) ) ;
#355 = ORIENTED_EDGE ( 'NONE', *, *, #680, .T. ) ;
#356 = PLANE ( 'NONE',  #1744 ) ;
#357 = CARTESIAN_POINT ( 'NONE',  ( 0.000000000000000000, 0.000000000000000000, -20.70000000000000284 ) ) ;
#358 = EDGE_CURVE ( 'NONE', #933, #837, #662, .T. ) ;
#359 = CARTESIAN_POINT ( 'NONE',  ( 2.500000000000000000, 4.000000000000000000, -22.00000000000000000 ) ) ;
#360 = ORIENTED_EDGE ( 'NONE', *, *, #2230, .T. ) ;
#361 = DIRECTION ( 'NONE',  ( 0.8571673007021144430, 1.049727191138621284E-16, -0.5150380749100507138 ) ) ;
#362 = ORIENTED_EDGE ( 'NONE', *, *, #1389, .T. ) ;
#363 = DIRECTION ( 'NONE',  ( -0.000000000000000000, -0.000000000000000000, -1.000000000000000000 ) ) ;
#364 = VECTOR ( 'NONE', #398, 1000.000000000000000 ) ;
#365 = DIRECTION ( 'NONE',  ( -0.000000000000000000, -0.000000000000000000, -1.000000000000000000 ) ) ;
#366 = DIRECTION ( 'NONE',  ( -1.000000000000000000, 0.000000000000000000, 0.000000000000000000 ) ) ;
#367 = AXIS2_PLACEMENT_3D ( 'NONE', #626, #2167, #280 ) ;
#368 = UNCERTAINTY_MEASURE_WITH_UNIT (LENGTH_MEASURE( 1.000000000000000082E-05 ), #1060, 'distance_accuracy_value', 'NONE');
#369 = VECTOR ( 'NONE', #1081, 1000.000000000000000 ) ;
#370 = AXIS2_PLACEMENT_3D ( 'NONE', #1367, #1892, #1390 ) ;
#371 = DIRECTION ( 'NONE',  ( -0.000000000000000000, -0.000000000000000000, 1.000000000000000000 ) ) ;
#372 = FACE_OUTER_BOUND ( 'NONE', #1378, .T. ) ;
#373 = CARTESIAN_POINT ( 'NONE',  ( 1.881787297957334459, 8.801850807058473336, -74.84615599509734807 ) ) ;
#374 = EDGE_LOOP ( 'NONE', ( #1538, #413, #1391, #1020 ) ) ;
#375 = LINE ( 'NONE', #1321, #894 ) ;
#376 = DIRECTION ( 'NONE',  ( 0.000000000000000000, 1.000000000000000000, 0.000000000000000000 ) ) ;
#377 = CARTESIAN_POINT ( 'NONE',  ( 1.882629820344887461, 8.289730692083464803, -39.15298007550349979 ) ) ;
#378 = EDGE_CURVE ( 'NONE', #2193, #743, #82, .T. ) ;
#379 = PRODUCT_CONTEXT ( 'NONE', #1066, 'mechanical' ) ;
#380 = ORIENTED_EDGE ( 'NONE', *, *, #1272, .F. ) ;
#381 = FACE_OUTER_BOUND ( 'NONE', #833, .T. ) ;
#382 = CARTESIAN_POINT ( 'NONE',  ( -13.00000000000002487, 0.000000000000000000, -118.0000000000000000 ) ) ;
#383 = AXIS2_PLACEMENT_3D ( 'NONE', #117, #1844, #1685 ) ;
#384 = CARTESIAN_POINT ( 'NONE',  ( 2.500000000000000000, 6.477655790526617885, -21.21061871306166324 ) ) ;
#385 = DIRECTION ( 'NONE',  ( 0.7071067811865671127, 0.000000000000000000, 0.7071067811865279218 ) ) ;
#386 = AXIS2_PLACEMENT_3D ( 'NONE', #1307, #1840, #249 ) ;
#387 = EDGE_CURVE ( 'NONE', #2000, #837, #1284, .T. ) ;
#388 =( LENGTH_UNIT ( ) NAMED_UNIT ( * ) SI_UNIT ( .MILLI., .METRE. ) );
#389 = CIRCLE ( 'NONE', #2175, 1.500000000000004885 ) ;
#390 =( NAMED_UNIT ( * ) SI_UNIT ( $, .STERADIAN. ) SOLID_ANGLE_UNIT ( ) );
#391 = EDGE_CURVE ( 'NONE', #1930, #483, #444, .T. ) ;
#392 = CARTESIAN_POINT ( 'NONE',  ( 0.000000000000000000, 0.000000000000000000, 0.000000000000000000 ) ) ;
#393 = CIRCLE ( 'NONE', #668, 8.499999999999996447 ) ;
#394 = DIRECTION ( 'NONE',  ( -0.000000000000000000, 1.000000000000000000, -0.000000000000000000 ) ) ;
#395 = UNCERTAINTY_MEASURE_WITH_UNIT (LENGTH_MEASURE( 1.000000000000000082E-05 ), #845, 'distance_accuracy_value', 'NONE');
#396 = AXIS2_PLACEMENT_3D ( 'NONE', #270, #66, #956 ) ;
#397 = ADVANCED_FACE ( 'NONE', ( #959 ), #2087, .T. ) ;
#398 = DIRECTION ( 'NONE',  ( -0.000000000000000000, 1.000000000000000000, -0.000000000000000000 ) ) ;
#399 = ORIENTED_EDGE ( 'NONE', *, *, #432, .T. ) ;
#400 = DIRECTION ( 'NONE',  ( 1.000000000000000000, 0.000000000000000000, -1.275531967630005245E-16 ) ) ;
#401 = CIRCLE ( 'NONE', #1349, 7.000000000000000000 ) ;
#402 = VERTEX_POINT ( 'NONE', #710 ) ;
#403 = FACE_OUTER_BOUND ( 'NONE', #1967, .T. ) ;
#404 = VERTEX_POINT ( 'NONE', #2073 ) ;
#405 = DIRECTION ( 'NONE',  ( -1.000000000000000000, 0.000000000000000000, -0.000000000000000000 ) ) ;
#406 = DIRECTION ( 'NONE',  ( -1.275531967630005245E-16, 0.000000000000000000, -1.000000000000000000 ) ) ;
#407 =( GEOMETRIC_REPRESENTATION_CONTEXT ( 3 ) GLOBAL_UNCERTAINTY_ASSIGNED_CONTEXT ( ( #2194 ) ) GLOBAL_UNIT_ASSIGNED_CONTEXT ( ( #2166, #2187, #791 ) ) REPRESENTATION_CONTEXT ( 'NONE', 'WORKASPACE' ) );
#408 = ORIENTED_EDGE ( 'NONE', *, *, #780, .F. ) ;
#409 = ORIENTED_EDGE ( 'NONE', *, *, #1505, .T. ) ;
#410 = AXIS2_PLACEMENT_3D ( 'NONE', #853, #846, #511 ) ;
#411 = CARTESIAN_POINT ( 'NONE',  ( -2.499999999999999112, 6.538348415308626649, -21.30000000000268656 ) ) ;
#412 = DIRECTION ( 'NONE',  ( -1.000000000000000000, 0.000000000000000000, -0.000000000000000000 ) ) ;
#413 = ORIENTED_EDGE ( 'NONE', *, *, #434, .F. ) ;
#414 = FACE_OUTER_BOUND ( 'NONE', #2111, .T. ) ;
#415 = EDGE_CURVE ( 'NONE', #1764, #1072, #2189, .T. ) ;
#416 = CONICAL_SURFACE ( 'NONE', #1381, 13.00000000000002487, 0.7853981633974482790 ) ;
#417 = DIRECTION ( 'NONE',  ( 0.000000000000000000, 1.000000000000000000, 0.000000000000000000 ) ) ;
#418 = DIRECTION ( 'NONE',  ( 1.000000000000000000, 0.000000000000000000, 0.000000000000000000 ) ) ;
#419 = VERTEX_POINT ( 'NONE', #1415 ) ;
#420 = AXIS2_PLACEMENT_3D ( 'NONE', #447, #2022, #2165 ) ;
#421 = CARTESIAN_POINT ( 'NONE',  ( 2.457306727699534843, 6.555065179000821196, -22.52772750541695146 ) ) ;
#422 = EDGE_LOOP ( 'NONE', ( #726, #1741, #2129 ) ) ;
#423 = AXIS2_PLACEMENT_3D ( 'NONE', #1182, #1346, #1900 ) ;
#424 = EDGE_LOOP ( 'NONE', ( #2181, #1130, #203, #340 ) ) ;
#425 = CONICAL_SURFACE ( 'NONE', #1003, 7.499999999999965361, 0.7853981633974466137 ) ;
#426 = CARTESIAN_POINT ( 'NONE',  ( -2.499999999999999112, 6.431174076325411271, -21.00000000000000000 ) ) ;
#427 = ORIENTED_EDGE ( 'NONE', *, *, #1065, .T. ) ;
#428 = DIRECTION ( 'NONE',  ( -1.000000000000000000, 0.000000000000000000, 0.000000000000000000 ) ) ;
#429 = CARTESIAN_POINT ( 'NONE',  ( 2.500000000000000000, 4.000000000000000000, -22.00000000000000000 ) ) ;
#430 = VERTEX_POINT ( 'NONE', #876 ) ;
#431 = FACE_OUTER_BOUND ( 'NONE', #621, .T. ) ;
#432 = EDGE_CURVE ( 'NONE', #543, #1733, #389, .T. ) ;
#433 = ADVANCED_FACE ( 'NONE', ( #1773 ), #1632, .T. ) ;
#434 = EDGE_CURVE ( 'NONE', #1408, #91, #826, .T. ) ;
#435 = CARTESIAN_POINT ( 'NONE',  ( 0.000000000000000000, 0.000000000000000000, 2.936825829912203453E-17 ) ) ;
#436 = CARTESIAN_POINT ( 'NONE',  ( 7.000000000000000000, 0.000000000000000000, -28.00000000000000000 ) ) ;
#437 = MECHANICAL_DESIGN_GEOMETRIC_PRESENTATION_REPRESENTATION (  '', ( #1330 ), #628 ) ;
#438 = CARTESIAN_POINT ( 'NONE',  ( -1.653731330037879754, 6.802883353922784870, -3.118113395980074642 ) ) ;
#439 = ORIENTED_EDGE ( 'NONE', *, *, #904, .F. ) ;
#440 = ORIENTED_EDGE ( 'NONE', *, *, #193, .T. ) ;
#441 = CARTESIAN_POINT ( 'NONE',  ( -2.500000000000000444, 6.699999999999997513, -37.50000000000000000 ) ) ;
#442 = EDGE_LOOP ( 'NONE', ( #2172, #164, #1080, #342 ) ) ;
#443 = CARTESIAN_POINT ( 'NONE',  ( -2.500000000000000000, 5.999999999999997335, -76.49999999999998579 ) ) ;
#444 = CIRCLE ( 'NONE', #733, 13.49999999999999822 ) ;
#445 = EDGE_CURVE ( 'NONE', #1978, #2137, #1421, .T. ) ;
#446 = CYLINDRICAL_SURFACE ( 'NONE', #568, 1.649999999999997691 ) ;
#447 = CARTESIAN_POINT ( 'NONE',  ( 0.000000000000000000, 0.000000000000000000, 0.000000000000000000 ) ) ;
#448 = FACE_OUTER_BOUND ( 'NONE', #1044, .T. ) ;
#449 = FACE_OUTER_BOUND ( 'NONE', #1504, .T. ) ;
#450 = AXIS2_PLACEMENT_3D ( 'NONE', #2060, #737, #112 ) ;
#451 = CARTESIAN_POINT ( 'NONE',  ( 2.170556564563906221, 6.655262689265272869, -23.24720337720536278 ) ) ;
#452 = DIRECTION ( 'NONE',  ( 1.000000000000000000, 0.000000000000000000, -8.972707634362795528E-17 ) ) ;
#453 = EDGE_LOOP ( 'NONE', ( #439, #44, #2110, #1605, #1801, #31, #1387, #507 ) ) ;
#454 = CYLINDRICAL_SURFACE ( 'NONE', #1016, 1.649999999999997691 ) ;
#455 = CARTESIAN_POINT ( 'NONE',  ( 0.000000000000000000, -6.000000000000000000, -156.9999999999999716 ) ) ;
#456 = DIRECTION ( 'NONE',  ( 0.000000000000000000, 0.000000000000000000, -1.000000000000000000 ) ) ;
#457 = DIRECTION ( 'NONE',  ( -0.000000000000000000, -0.000000000000000000, 1.000000000000000000 ) ) ;
#458 = CARTESIAN_POINT ( 'NONE',  ( -7.000000000000000000, 8.572527594031473190E-16, -0.9999999999999913403 ) ) ;
#459 = EDGE_CURVE ( 'NONE', #743, #986, #1131, .T. ) ;
#460 = DIRECTION ( 'NONE',  ( -0.000000000000000000, -0.000000000000000000, -1.000000000000000000 ) ) ;
#461 = ORIENTED_EDGE ( 'NONE', *, *, #318, .T. ) ;
#462 = EDGE_CURVE ( 'NONE', #1208, #23, #1109, .T. ) ;
#463 = DIRECTION ( 'NONE',  ( 1.000000000000000000, 0.000000000000000000, 0.000000000000000000 ) ) ;
#464 = SURFACE_STYLE_USAGE ( .BOTH. , #976 ) ;
#465 = DIRECTION ( 'NONE',  ( -0.000000000000000000, -0.000000000000000000, 1.000000000000000000 ) ) ;
#466 = DIRECTION ( 'NONE',  ( 1.000000000000000000, 0.000000000000000000, 0.000000000000000000 ) ) ;
#467 = AXIS2_PLACEMENT_3D ( 'NONE', #1145, #1323, #466 ) ;
#468 = DIRECTION ( 'NONE',  ( -1.000000000000000000, 0.000000000000000000, 0.000000000000000000 ) ) ;
#469 = ADVANCED_FACE ( 'NONE', ( #1984 ), #77, .F. ) ;
#470 = LINE ( 'NONE', #1396, #246 ) ;
#471 = DIRECTION ( 'NONE',  ( -0.7071067811865401342, 0.000000000000000000, -0.7071067811865549002 ) ) ;
#472 = FACE_OUTER_BOUND ( 'NONE', #869, .T. ) ;
#473 = ADVANCED_FACE ( 'NONE', ( #2162 ), #1774, .F. ) ;
#474 = B_SPLINE_CURVE_WITH_KNOTS ( 'NONE', 3,
 ( #2227, #1737, #878, #1018 ),
 .UNSPECIFIED., .F., .F.,
 ( 4, 4 ),
 ( 0.000000000000000000, 0.001452152564037116449 ),
 .UNSPECIFIED. ) ;
#475 = ORIENTED_EDGE ( 'NONE', *, *, #546, .T. ) ;
#476 = FILL_AREA_STYLE_COLOUR ( '', #1499 ) ;
#477 = CARTESIAN_POINT ( 'NONE',  ( 0.000000000000000000, 0.000000000000000000, 0.000000000000000000 ) ) ;
#478 = ORIENTED_EDGE ( 'NONE', *, *, #1515, .T. ) ;
#479 = VECTOR ( 'NONE', #1643, 1000.000000000000000 ) ;
#480 = ORIENTED_EDGE ( 'NONE', *, *, #85, .T. ) ;
#481 = DIRECTION ( 'NONE',  ( -1.000000000000000000, 0.000000000000000000, 0.000000000000000000 ) ) ;
#482 = FILL_AREA_STYLE ('',( #819 ) ) ;
#483 = VERTEX_POINT ( 'NONE', #554 ) ;
#484 = CARTESIAN_POINT ( 'NONE',  ( -1.987425861313280029, 8.778315234159684621, -113.0253610210127277 ) ) ;
#485 = EDGE_CURVE ( 'NONE', #877, #2143, #1398, .T. ) ;
#486 = DIRECTION ( 'NONE',  ( -0.000000000000000000, -0.000000000000000000, 1.000000000000000000 ) ) ;
#487 = UNCERTAINTY_MEASURE_WITH_UNIT (LENGTH_MEASURE( 1.000000000000000082E-05 ), #388, 'distance_accuracy_value', 'NONE');
#488 = DIRECTION ( 'NONE',  ( -0.000000000000000000, 1.000000000000000000, -0.000000000000000000 ) ) ;
#489 = ORIENTED_EDGE ( 'NONE', *, *, #348, .F. ) ;
#490 = DIRECTION ( 'NONE',  ( -0.000000000000000000, -0.000000000000000000, 1.000000000000000000 ) ) ;
#491 = CARTESIAN_POINT ( 'NONE',  ( -7.000000000000000000, 8.572527594031473190E-16, -20.70000000000000284 ) ) ;
#492 = DIRECTION ( 'NONE',  ( 1.000000000000000000, 0.000000000000000000, 0.000000000000000000 ) ) ;
#493 = DIRECTION ( 'NONE',  ( -0.000000000000000000, -0.000000000000000000, 1.000000000000000000 ) ) ;
#494 = AXIS2_PLACEMENT_3D ( 'NONE', #329, #1034, #2207 ) ;
#495 = CARTESIAN_POINT ( 'NONE',  ( 1.261573680265839270, 6.892061966740875789, -2.817238561490983173 ) ) ;
#496 = LINE ( 'NONE', #312, #1012 ) ;
#497 = DIRECTION ( 'NONE',  ( 0.000000000000000000, 0.000000000000000000, -1.000000000000000000 ) ) ;
#498 = DIRECTION ( 'NONE',  ( -0.000000000000000000, -0.000000000000000000, -1.000000000000000000 ) ) ;
#499 = EDGE_CURVE ( 'NONE', #1640, #1951, #1472, .T. ) ;
#500 = LINE ( 'NONE', #42, #1835 ) ;
#501 = DIRECTION ( 'NONE',  ( 0.000000000000000000, 0.000000000000000000, 1.000000000000000000 ) ) ;
#502 = FACE_OUTER_BOUND ( 'NONE', #1599, .T. ) ;
#503 = DIRECTION ( 'NONE',  ( -1.000000000000000000, 0.000000000000000000, 0.000000000000000000 ) ) ;
#504 = FACE_OUTER_BOUND ( 'NONE', #889, .T. ) ;
#505 = AXIS2_PLACEMENT_3D ( 'NONE', #62, #417, #1110 ) ;
#506 = DIRECTION ( 'NONE',  ( 1.224646799147353207E-16, 1.000000000000000000, 0.000000000000000000 ) ) ;
#507 = ORIENTED_EDGE ( 'NONE', *, *, #1079, .F. ) ;
#508 = ORIENTED_EDGE ( 'NONE', *, *, #932, .F. ) ;
#509 = LINE ( 'NONE', #1752, #923 ) ;
#510 = AXIS2_PLACEMENT_3D ( 'NONE', #1360, #832, #1684 ) ;
#511 = DIRECTION ( 'NONE',  ( 0.000000000000000000, 0.000000000000000000, 1.000000000000000000 ) ) ;
#512 = CARTESIAN_POINT ( 'NONE',  ( 0.000000000000000000, 0.000000000000000000, -141.0000000000000000 ) ) ;
#513 = DIRECTION ( 'NONE',  ( 0.000000000000000000, 0.000000000000000000, 1.000000000000000000 ) ) ;
#514 = CARTESIAN_POINT ( 'NONE',  ( -2.500000000000000000, 8.645808232895289436, 0.000000000000000000 ) ) ;
#515 = DIRECTION ( 'NONE',  ( 1.000000000000000000, 0.000000000000000000, 0.000000000000000000 ) ) ;
#516 = CARTESIAN_POINT ( 'NONE',  ( 2.500000000000000000, 5.999999999999997335, -111.4999999999999858 ) ) ;
#517 = CARTESIAN_POINT ( 'NONE',  ( 7.400000000000000355, 0.000000000000000000, -21.00000000000000000 ) ) ;
#518 = ORIENTED_EDGE ( 'NONE', *, *, #2140, .F. ) ;
#519 = DIRECTION ( 'NONE',  ( 0.000000000000000000, -0.000000000000000000, 1.000000000000000000 ) ) ;
#520 = ORIENTED_EDGE ( 'NONE', *, *, #930, .F. ) ;
#521 = AXIS2_PLACEMENT_3D ( 'NONE', #793, #457, #1667 ) ;
#522 = DIRECTION ( 'NONE',  ( -1.000000000000000000, 0.000000000000000000, 0.000000000000000000 ) ) ;
#523 = LINE ( 'NONE', #1730, #1853 ) ;
#524 = CARTESIAN_POINT ( 'NONE',  ( 2.500000000000002220, 6.538348415311009632, -4.999999999999999112 ) ) ;
#525 = AXIS2_PLACEMENT_3D ( 'NONE', #2046, #1580, #1600 ) ;
#526 = CIRCLE ( 'NONE', #1465, 8.499999999999996447 ) ;
#527 = CARTESIAN_POINT ( 'NONE',  ( 3.016505493951996517E-24, 8.999999999999998224, -73.99999999999998579 ) ) ;
#528 = ORIENTED_EDGE ( 'NONE', *, *, #1857, .T. ) ;
#529 = CARTESIAN_POINT ( 'NONE',  ( 2.499999999999999556, 6.431174076325492095, -21.05378069491546000 ) ) ;
#530 = LINE ( 'NONE', #382, #53 ) ;
#531 = EDGE_CURVE ( 'NONE', #1880, #1943, #552, .T. ) ;
#532 = VECTOR ( 'NONE', #1566, 1000.000000000000000 ) ;
#533 = CARTESIAN_POINT ( 'NONE',  ( -9.999999999999998224, 1.224646799147353059E-15, 0.000000000000000000 ) ) ;
#534 = ORIENTED_EDGE ( 'NONE', *, *, #1826, .T. ) ;
#535 = CARTESIAN_POINT ( 'NONE',  ( -2.499999999999999112, 6.538348415311011408, -22.00000000000000000 ) ) ;
#536 = AXIS2_PLACEMENT_3D ( 'NONE', #895, #1399, #1734 ) ;
#537 = ORIENTED_EDGE ( 'NONE', *, *, #199, .T. ) ;
#538 = CARTESIAN_POINT ( 'NONE',  ( 2.500000000000000000, 6.431174076325411271, -21.00000000000000000 ) ) ;
#539 = CARTESIAN_POINT ( 'NONE',  ( -2.245587933338573539, 8.715591487019077377, -75.38917536294810873 ) ) ;
#540 = CARTESIAN_POINT ( 'NONE',  ( -0.6523573886773066377, 8.476474012996634499, -39.91900196790430755 ) ) ;
#541 = ADVANCED_FACE ( 'NONE', ( #131 ), #603, .T. ) ;
#542 = AXIS2_PLACEMENT_3D ( 'NONE', #2164, #92, #285 ) ;
#543 = VERTEX_POINT ( 'NONE', #1162 ) ;
#544 = SURFACE_STYLE_USAGE ( .BOTH. , #1409 ) ;
#545 = CARTESIAN_POINT ( 'NONE',  ( 2.371059058149212806, 8.682299029103976551, -75.69074090711357883 ) ) ;
#546 = EDGE_CURVE ( 'NONE', #483, #2063, #910, .T. ) ;
#547 = CARTESIAN_POINT ( 'NONE',  ( 2.602085213965210642E-15, 6.000000000000000000, -143.4999999999999716 ) ) ;
#548 = CARTESIAN_POINT ( 'NONE',  ( -0.1644930003527617646, 6.999999999999990230, -2.500000000000031974 ) ) ;
#549 = DIRECTION ( 'NONE',  ( 0.000000000000000000, 0.000000000000000000, -1.000000000000000000 ) ) ;
#550 = AXIS2_PLACEMENT_3D ( 'NONE', #1240, #1443, #405 ) ;
#551 = CIRCLE ( 'NONE', #770, 8.499999999999996447 ) ;
#552 = LINE ( 'NONE', #2116, #1528 ) ;
#553 = AXIS2_PLACEMENT_3D ( 'NONE', #591, #1666, #1316 ) ;
#554 = CARTESIAN_POINT ( 'NONE',  ( 13.49999999999999822, 0.000000000000000000, -140.5000000000000284 ) ) ;
#555 = LINE ( 'NONE', #1273, #1957 ) ;
#556 = PLANE ( 'NONE',  #1410 ) ;
#557 = ORIENTED_EDGE ( 'NONE', *, *, #1519, .T. ) ;
#558 = CARTESIAN_POINT ( 'NONE',  ( -1.649999999999995692, 6.000000000000000000, -156.6249999999999716 ) ) ;
#559 = LINE ( 'NONE', #73, #1836 ) ;
#560 = CARTESIAN_POINT ( 'NONE',  ( 0.000000000000000000, 0.000000000000000000, -51.99999999999999289 ) ) ;
#561 = VERTEX_POINT ( 'NONE', #1497 ) ;
#562 = VECTOR ( 'NONE', #1070, 1000.000000000000000 ) ;
#563 = CARTESIAN_POINT ( 'NONE',  ( 2.500000000000000000, 6.538348415311010520, -21.30000000000000071 ) ) ;
#564 = PRESENTATION_STYLE_ASSIGNMENT (( #1487 ) ) ;
#565 = EDGE_CURVE ( 'NONE', #1055, #1749, #2059, .T. ) ;
#566 = ORIENTED_EDGE ( 'NONE', *, *, #2183, .T. ) ;
#567 = PRESENTATION_STYLE_ASSIGNMENT (( #1582 ) ) ;
#568 = AXIS2_PLACEMENT_3D ( 'NONE', #1094, #268, #1154 ) ;
#569 = ADVANCED_FACE ( 'NONE', ( #1258 ), #771, .F. ) ;
#570 = DIRECTION ( 'NONE',  ( 1.000000000000000000, 0.000000000000000000, 0.000000000000000000 ) ) ;
#571 = DIRECTION ( 'NONE',  ( 0.7071067811865401342, 8.659560562354842879E-17, -0.7071067811865549002 ) ) ;
#572 = DIRECTION ( 'NONE',  ( 0.000000000000000000, 0.000000000000000000, -1.000000000000000000 ) ) ;
#573 = ORIENTED_EDGE ( 'NONE', *, *, #1871, .T. ) ;
#574 = ADVANCED_FACE ( 'NONE', ( #278 ), #1607, .T. ) ;
#575 = DIRECTION ( 'NONE',  ( -0.7071067811865356934, 0.000000000000000000, -0.7071067811865593411 ) ) ;
#576 = ORIENTED_EDGE ( 'NONE', *, *, #68, .T. ) ;
#577 = EDGE_CURVE ( 'NONE', #2011, #1208, #1228, .T. ) ;
#578 = EDGE_LOOP ( 'NONE', ( #1329, #100, #1674, #192 ) ) ;
#579 = VERTEX_POINT ( 'NONE', #996 ) ;
#580 = CIRCLE ( 'NONE', #450, 8.499999999999996447 ) ;
#581 = EDGE_CURVE ( 'NONE', #314, #977, #2214, .T. ) ;
#582 = DIRECTION ( 'NONE',  ( 0.000000000000000000, 0.000000000000000000, 1.000000000000000000 ) ) ;
#583 = CIRCLE ( 'NONE', #1707, 8.499999999999996447 ) ;
#584 = VECTOR ( 'NONE', #1437, 1000.000000000000000 ) ;
#585 = CARTESIAN_POINT ( 'NONE',  ( -2.166427712201056899, 6.656993087472591775, -3.741853518812872981 ) ) ;
#586 = VERTEX_POINT ( 'NONE', #975 ) ;
#587 = DIRECTION ( 'NONE',  ( 0.000000000000000000, 0.000000000000000000, -1.000000000000000000 ) ) ;
#588 = DIRECTION ( 'NONE',  ( 1.000000000000000000, 0.000000000000000000, 0.000000000000000000 ) ) ;
#589 = EDGE_CURVE ( 'NONE', #1569, #743, #852, .T. ) ;
#590 = CYLINDRICAL_SURFACE ( 'NONE', #1709, 7.000000000000000000 ) ;
#591 = CARTESIAN_POINT ( 'NONE',  ( 0.000000000000000000, 0.000000000000000000, 0.000000000000000000 ) ) ;
#592 = CARTESIAN_POINT ( 'NONE',  ( 2.500000000000000000, 6.538348415311009632, -22.00000000000000000 ) ) ;
#593 = AXIS2_PLACEMENT_3D ( 'NONE', #1471, #2160, #428 ) ;
#594 = AXIS2_PLACEMENT_3D ( 'NONE', #2211, #1178, #673 ) ;
#595 = UNCERTAINTY_MEASURE_WITH_UNIT (LENGTH_MEASURE( 1.000000000000000082E-05 ), #1588, 'distance_accuracy_value', 'NONE');
#596 = VERTEX_POINT ( 'NONE', #1489 ) ;
#597 = CARTESIAN_POINT ( 'NONE',  ( 2.027313493271339251, 6.699999999999997513, 0.000000000000000000 ) ) ;
#598 = ORIENTED_EDGE ( 'NONE', *, *, #1041, .T. ) ;
#599 = VERTEX_POINT ( 'NONE', #1021 ) ;
#600 = DIRECTION ( 'NONE',  ( -0.000000000000000000, 1.000000000000000000, -0.000000000000000000 ) ) ;
#601 = CYLINDRICAL_SURFACE ( 'NONE', #2038, 9.999999999999998224 ) ;
#602 = EDGE_CURVE ( 'NONE', #741, #1936, #1690, .T. ) ;
#603 = CONICAL_SURFACE ( 'NONE', #843, 7.499999999999965361, 0.7853981633974466137 ) ;
#604 = DIRECTION ( 'NONE',  ( -0.000000000000000000, -0.000000000000000000, 1.000000000000000000 ) ) ;
#605 = CARTESIAN_POINT ( 'NONE',  ( 0.000000000000000000, 0.000000000000000000, -21.00000000000000000 ) ) ;
#606 = SURFACE_STYLE_FILL_AREA ( #817 ) ;
#607 = DIRECTION ( 'NONE',  ( -1.000000000000000000, 0.000000000000000000, 0.000000000000000000 ) ) ;
#608 = PRESENTATION_LAYER_ASSIGNMENT (  '', '', ( #683 ) ) ;
#609 = CARTESIAN_POINT ( 'NONE',  ( 0.000000000000000000, -6.000000000000000000, -156.9999999999999716 ) ) ;
#610 = ORIENTED_EDGE ( 'NONE', *, *, #99, .T. ) ;
#611 = FACE_OUTER_BOUND ( 'NONE', #2028, .T. ) ;
#612 = AXIS2_PLACEMENT_3D ( 'NONE', #242, #88, #1283 ) ;
#613 = VERTEX_POINT ( 'NONE', #867 ) ;
#614 = DIRECTION ( 'NONE',  ( -1.000000000000000000, 0.000000000000000000, 0.000000000000000000 ) ) ;
#615 = LINE ( 'NONE', #2103, #1454 ) ;
#616 = FILL_AREA_STYLE_COLOUR ( '', #1610 ) ;
#617 =( LENGTH_UNIT ( ) NAMED_UNIT ( * ) SI_UNIT ( .MILLI., .METRE. ) );
#618 = VECTOR ( 'NONE', #792, 999.9999999999998863 ) ;
#619 = DIRECTION ( 'NONE',  ( -1.000000000000000000, 0.000000000000000000, -0.000000000000000000 ) ) ;
#620 = B_SPLINE_CURVE_WITH_KNOTS ( 'NONE', 3,
 ( #411, #786, #950, #1622, #1987, #426 ),
 .UNSPECIFIED., .F., .F.,
 ( 4, 2, 4 ),
 ( 0.003050663980995064594, 0.003212005820914161282, 0.003373347660833257971 ),
 .UNSPECIFIED. ) ;
#621 = EDGE_LOOP ( 'NONE', ( #508, #808, #816, #782 ) ) ;
#622 = VECTOR ( 'NONE', #820, 1000.000000000000000 ) ;
#623 = EDGE_CURVE ( 'NONE', #1930, #755, #1799, .T. ) ;
#624 = DIRECTION ( 'NONE',  ( 0.000000000000000000, 0.000000000000000000, -1.000000000000000000 ) ) ;
#625 = EDGE_CURVE ( 'NONE', #91, #1943, #470, .T. ) ;
#626 = CARTESIAN_POINT ( 'NONE',  ( 0.000000000000000000, 0.000000000000000000, -155.9999999999999147 ) ) ;
#627 = DIRECTION ( 'NONE',  ( 1.000000000000000000, 0.000000000000000000, 0.000000000000000000 ) ) ;
#628 =( GEOMETRIC_REPRESENTATION_CONTEXT ( 3 ) GLOBAL_UNCERTAINTY_ASSIGNED_CONTEXT ( ( #1223 ) ) GLOBAL_UNIT_ASSIGNED_CONTEXT ( ( #617, #1830, #93 ) ) REPRESENTATION_CONTEXT ( 'NONE', 'WORKASPACE' ) );
#629 = DIRECTION ( 'NONE',  ( -0.000000000000000000, -0.000000000000000000, 1.000000000000000000 ) ) ;
#630 = ADVANCED_FACE ( 'NONE', ( #796 ), #1088, .T. ) ;
#631 = PRODUCT_DEFINITION_CONTEXT ( 'detailed design', #1057, 'design' ) ;
#632 = SURFACE_STYLE_USAGE ( .BOTH. , #1655 ) ;
#633 = ORIENTED_EDGE ( 'NONE', *, *, #1704, .F. ) ;
#634 = ORIENTED_EDGE ( 'NONE', *, *, #1995, .T. ) ;
#635 = CARTESIAN_POINT ( 'NONE',  ( -1.538530324036619934, 8.870604050007834473, -113.4970217689670733 ) ) ;
#636 = B_SPLINE_CURVE_WITH_KNOTS ( 'NONE', 3,
 ( #1912, #1222, #873, #1230, #545, #190, #2070, #2095, #373, #2236, #200, #1411, #179, #1039, #1214, #527 ),
 .UNSPECIFIED., .F., .F.,
 ( 4, 2, 2, 2, 2, 2, 2, 4 ),
 ( 0.000000000000000000, 0.0004910602039965078144, 0.0009821204079930156289, 0.001473180611989523443, 0.001964240815986031258, 0.002946361223979047320, 0.003437421427975555135, 0.003928481631972062516 ),
 .UNSPECIFIED. ) ;
#637 = ORIENTED_EDGE ( 'NONE', *, *, #1629, .T. ) ;
#638 = FILL_AREA_STYLE ('',( #616 ) ) ;
#639 = VECTOR ( 'NONE', #1188, 1000.000000000000000 ) ;
#640 =( GEOMETRIC_REPRESENTATION_CONTEXT ( 3 ) GLOBAL_UNCERTAINTY_ASSIGNED_CONTEXT ( ( #8 ) ) GLOBAL_UNIT_ASSIGNED_CONTEXT ( ( #1822, #1882, #1355 ) ) REPRESENTATION_CONTEXT ( 'NONE', 'WORKASPACE' ) );
#641 = VERTEX_POINT ( 'NONE', #1779 ) ;
#642 = CARTESIAN_POINT ( 'NONE',  ( 0.1647263827585403462, 7.000000000000013323, -2.499999999999963141 ) ) ;
#643 = DIRECTION ( 'NONE',  ( 1.000000000000000000, 0.000000000000000000, 0.000000000000000000 ) ) ;
#644 = CONICAL_SURFACE ( 'NONE', #814, 13.49999999999999822, 0.7853981633974760346 ) ;
#645 = ORIENTED_EDGE ( 'NONE', *, *, #742, .T. ) ;
#646 = CYLINDRICAL_SURFACE ( 'NONE', #553, 8.499999999999996447 ) ;
#647 = CARTESIAN_POINT ( 'NONE',  ( 1.649999999999998357, -6.000000000000000000, -156.6249999999999716 ) ) ;
#648 = CARTESIAN_POINT ( 'NONE',  ( -0.3290096128455417546, 8.995438681773878287, -113.9837237878355580 ) ) ;
#649 = EDGE_LOOP ( 'NONE', ( #187, #1668, #922, #1351 ) ) ;
#650 = EDGE_CURVE ( 'NONE', #1870, #641, #551, .T. ) ;
#651 = VERTEX_POINT ( 'NONE', #1626 ) ;
#652 =( GEOMETRIC_REPRESENTATION_CONTEXT ( 3 ) GLOBAL_UNCERTAINTY_ASSIGNED_CONTEXT ( ( #368 ) ) GLOBAL_UNIT_ASSIGNED_CONTEXT ( ( #1060, #917, #1220 ) ) REPRESENTATION_CONTEXT ( 'NONE', 'WORKASPACE' ) );
#653 = CARTESIAN_POINT ( 'NONE',  ( 0.000000000000000000, 0.000000000000000000, -156.9999999999999716 ) ) ;
#654 = CARTESIAN_POINT ( 'NONE',  ( -2.419568554663817039, 8.148423548370049119, -38.14993851577590789 ) ) ;
#655 = ORIENTED_EDGE ( 'NONE', *, *, #415, .T. ) ;
#656 = CARTESIAN_POINT ( 'NONE',  ( 2.370718154076082662, 8.682390535090339867, -112.3101386435583748 ) ) ;
#657 = ORIENTED_EDGE ( 'NONE', *, *, #1083, .T. ) ;
#658 = CIRCLE ( 'NONE', #1524, 7.499999999999965361 ) ;
#659 = DIRECTION ( 'NONE',  ( -0.000000000000000000, 1.000000000000000000, -0.000000000000000000 ) ) ;
#660 = CARTESIAN_POINT ( 'NONE',  ( 3.016505493951996517E-24, 8.999999999999998224, -73.99999999999998579 ) ) ;
#661 = CARTESIAN_POINT ( 'NONE',  ( 0.000000000000000000, 0.000000000000000000, 0.000000000000000000 ) ) ;
#662 = CIRCLE ( 'NONE', #303, 1.649999999999998357 ) ;
#663 = EDGE_CURVE ( 'NONE', #1158, #751, #2008, .T. ) ;
#664 = CARTESIAN_POINT ( 'NONE',  ( 2.500000000000002220, 8.645808232895291212, -111.6660194437597937 ) ) ;
#665 = LINE ( 'NONE', #441, #337 ) ;
#666 = CARTESIAN_POINT ( 'NONE',  ( 0.000000000000000000, 0.000000000000000000, -118.4999999999999716 ) ) ;
#667 = VERTEX_POINT ( 'NONE', #1138 ) ;
#668 = AXIS2_PLACEMENT_3D ( 'NONE', #1958, #2133, #776 ) ;
#669 = LINE ( 'NONE', #101, #1988 ) ;
#670 = EDGE_LOOP ( 'NONE', ( #297, #2223, #1447, #1521 ) ) ;
#671 = CIRCLE ( 'NONE', #542, 7.000000000000000000 ) ;
#672 = AXIS2_PLACEMENT_3D ( 'NONE', #870, #1547, #863 ) ;
#673 = DIRECTION ( 'NONE',  ( -1.000000000000000000, 1.224646799147352961E-16, 0.000000000000000000 ) ) ;
#674 = DIRECTION ( 'NONE',  ( 0.000000000000000000, -1.000000000000000000, 0.000000000000000000 ) ) ;
#675 = ORIENTED_EDGE ( 'NONE', *, *, #1620, .F. ) ;
#676 = DIRECTION ( 'NONE',  ( 1.000000000000000000, -0.000000000000000000, 0.000000000000000000 ) ) ;
#677 = ORIENTED_EDGE ( 'NONE', *, *, #1596, .F. ) ;
#678 = VERTEX_POINT ( 'NONE', #1650 ) ;
#679 = DIRECTION ( 'NONE',  ( -0.000000000000000000, -0.000000000000000000, 1.000000000000000000 ) ) ;
#680 = EDGE_CURVE ( 'NONE', #1887, #827, #46, .T. ) ;
#681 = CARTESIAN_POINT ( 'NONE',  ( 2.500000000000002665, 6.538348415311009632, -3.188829919075016811E-16 ) ) ;
#682 = DIRECTION ( 'NONE',  ( 0.000000000000000000, -1.000000000000000000, 0.000000000000000000 ) ) ;
#683 = STYLED_ITEM ( 'NONE', ( #1560 ), #241 ) ;
#684 = ORIENTED_EDGE ( 'NONE', *, *, #1505, .F. ) ;
#685 = DIRECTION ( 'NONE',  ( 1.000000000000000000, 0.000000000000000000, 0.000000000000000000 ) ) ;
#686 = ORIENTED_EDGE ( 'NONE', *, *, #1227, .T. ) ;
#687 = EDGE_LOOP ( 'NONE', ( #715, #409, #2168, #694 ) ) ;
#688 = PRODUCT_RELATED_PRODUCT_CATEGORY ( 'part', '', ( #281 ) ) ;
#689 = DIRECTION ( 'NONE',  ( -0.000000000000000000, -0.000000000000000000, -1.000000000000000000 ) ) ;
#690 = CARTESIAN_POINT ( 'NONE',  ( 0.3282799099466361392, 8.495183262104800903, -39.98376326712237017 ) ) ;
#691 = EDGE_CURVE ( 'NONE', #1789, #1978, #1308, .T. ) ;
#692 = DIRECTION ( 'NONE',  ( -0.000000000000000000, -0.000000000000000000, 1.000000000000000000 ) ) ;
#693 = CYLINDRICAL_SURFACE ( 'NONE', #60, 7.000000000000000000 ) ;
#694 = ORIENTED_EDGE ( 'NONE', *, *, #1296, .F. ) ;
#695 = CARTESIAN_POINT ( 'NONE',  ( -7.999999999999994671, 9.797174393178819741E-16, -51.99999999999999289 ) ) ;
#696 = EDGE_CURVE ( 'NONE', #613, #2018, #1982, .T. ) ;
#697 = FACE_OUTER_BOUND ( 'NONE', #2209, .T. ) ;
#698 = CARTESIAN_POINT ( 'NONE',  ( -7.499999999999965361, 0.000000000000000000, -28.00000000000000000 ) ) ;
#699 = CARTESIAN_POINT ( 'NONE',  ( -2.500000000000000000, 8.645808232895289436, -76.49999999999998579 ) ) ;
#700 = ORIENTED_EDGE ( 'NONE', *, *, #2230, .F. ) ;
#701 = ADVANCED_FACE ( 'NONE', ( #168 ), #601, .T. ) ;
#702 = LINE ( 'NONE', #681, #2019 ) ;
#703 = AXIS2_PLACEMENT_3D ( 'NONE', #1441, #400, #406 ) ;
#704 = CARTESIAN_POINT ( 'NONE',  ( 0.000000000000000000, 0.000000000000000000, -118.0000000000000000 ) ) ;
#705 = ORIENTED_EDGE ( 'NONE', *, *, #725, .T. ) ;
#706 = CARTESIAN_POINT ( 'NONE',  ( -8.999999999999998224, 1.102182119232617517E-15, -70.50000000000000000 ) ) ;
#707 = ORIENTED_EDGE ( 'NONE', *, *, #358, .F. ) ;
#708 = EDGE_LOOP ( 'NONE', ( #795, #961, #1657 ) ) ;
#709 = EDGE_CURVE ( 'NONE', #430, #483, #1955, .T. ) ;
#710 = CARTESIAN_POINT ( 'NONE',  ( -2.499999999999997335, 6.538348415311011408, -20.70000000000000284 ) ) ;
#711 = CARTESIAN_POINT ( 'NONE',  ( 0.000000000000000000, 0.000000000000000000, 0.000000000000000000 ) ) ;
#712 = CARTESIAN_POINT ( 'NONE',  ( 1.536290541695575662, 8.363344505781565630, -39.49909080667944039 ) ) ;
#713 = FILL_AREA_STYLE ('',( #2205 ) ) ;
#714 = DIRECTION ( 'NONE',  ( -1.000000000000000000, 0.000000000000000000, 0.000000000000000000 ) ) ;
#715 = ORIENTED_EDGE ( 'NONE', *, *, #1356, .T. ) ;
#716 = AXIS2_PLACEMENT_3D ( 'NONE', #300, #1511, #848 ) ;
#717 = DIRECTION ( 'NONE',  ( -0.000000000000000000, -0.000000000000000000, -1.000000000000000000 ) ) ;
#718 = CARTESIAN_POINT ( 'NONE',  ( 2.370554102370721949, 8.163009143262129896, -38.31060150874743186 ) ) ;
#719 = VECTOR ( 'NONE', #1262, 1000.000000000000000 ) ;
#720 = VECTOR ( 'NONE', #1740, 1000.000000000000000 ) ;
#721 = CARTESIAN_POINT ( 'NONE',  ( -0.000000000000000000, -6.000000000000000000, -156.9999999999999716 ) ) ;
#722 = CARTESIAN_POINT ( 'NONE',  ( -6.000000000000019540, 0.000000000000000000, 2.936825829912203453E-17 ) ) ;
#723 = VERTEX_POINT ( 'NONE', #1481 ) ;
#724 = CIRCLE ( 'NONE', #1558, 1.649999999999998357 ) ;
#725 = EDGE_CURVE ( 'NONE', #641, #1870, #580, .T. ) ;
#726 = ORIENTED_EDGE ( 'NONE', *, *, #124, .F. ) ;
#727 =( NAMED_UNIT ( * ) SI_UNIT ( $, .STERADIAN. ) SOLID_ANGLE_UNIT ( ) );
#728 = DIRECTION ( 'NONE',  ( -0.8571673007021144430, 0.000000000000000000, -0.5150380749100507138 ) ) ;
#729 = VECTOR ( 'NONE', #74, 1000.000000000000000 ) ;
#730 = EDGE_LOOP ( 'NONE', ( #901, #1696, #2238, #1261 ) ) ;
#731 = CARTESIAN_POINT ( 'NONE',  ( 2.500000000000001332, 7.774111490423314841, -28.66555062472012239 ) ) ;
#732 = COLOUR_RGB ( '',0.6470588235294117974, 0.6196078431372549211, 0.5882352941176470784 ) ;
#733 = AXIS2_PLACEMENT_3D ( 'NONE', #1235, #1759, #903 ) ;
#734 = ORIENTED_EDGE ( 'NONE', *, *, #1041, .F. ) ;
#735 = FACE_OUTER_BOUND ( 'NONE', #1167, .T. ) ;
#736 = AXIS2_PLACEMENT_3D ( 'NONE', #1002, #96, #1170 ) ;
#737 = DIRECTION ( 'NONE',  ( -0.000000000000000000, -0.000000000000000000, 1.000000000000000000 ) ) ;
#738 = CARTESIAN_POINT ( 'NONE',  ( 13.00000000000002487, 1.592040838891562251E-15, -118.0000000000000000 ) ) ;
#739 = DIRECTION ( 'NONE',  ( 1.000000000000000000, 0.000000000000000000, 0.000000000000000000 ) ) ;
#740 = EDGE_CURVE ( 'NONE', #1215, #2000, #1037, .T. ) ;
#741 = VERTEX_POINT ( 'NONE', #861 ) ;
#742 = EDGE_CURVE ( 'NONE', #1837, #331, #1061, .T. ) ;
#743 = VERTEX_POINT ( 'NONE', #1695 ) ;
#744 = CARTESIAN_POINT ( 'NONE',  ( 2.500000000000000444, 6.699999999999997513, -37.50000000000000000 ) ) ;
#745 = VECTOR ( 'NONE', #1418, 1000.000000000000000 ) ;
#746 = AXIS2_PLACEMENT_3D ( 'NONE', #1377, #158, #338 ) ;
#747 = DIRECTION ( 'NONE',  ( -1.000000000000000000, 0.000000000000000000, 7.653191805780031226E-17 ) ) ;
#748 = PRESENTATION_STYLE_ASSIGNMENT (( #632 ) ) ;
#749 = CARTESIAN_POINT ( 'NONE',  ( 0.000000000000000000, 9.999999999999998224, -141.0000000000000000 ) ) ;
#750 = CARTESIAN_POINT ( 'NONE',  ( -9.999999999999998224, 1.224646799147353059E-15, -141.0000000000000000 ) ) ;
#751 = VERTEX_POINT ( 'NONE', #294 ) ;
#752 = VECTOR ( 'NONE', #1451, 1000.000000000000000 ) ;
#753 = EDGE_LOOP ( 'NONE', ( #165, #201, #1611, #764 ) ) ;
#754 = ADVANCED_FACE ( 'NONE', ( #1631 ), #1470, .F. ) ;
#755 = VERTEX_POINT ( 'NONE', #2026 ) ;
#756 = LINE ( 'NONE', #1729, #90 ) ;
#757 = DIRECTION ( 'NONE',  ( -0.000000000000000000, -0.000000000000000000, 1.000000000000000000 ) ) ;
#758 = ORIENTED_EDGE ( 'NONE', *, *, #1780, .T. ) ;
#759 = AXIS2_PLACEMENT_3D ( 'NONE', #2229, #1206, #166 ) ;
#760 = ADVANCED_FACE ( 'NONE', ( #1333 ), #102, .F. ) ;
#761 = DIRECTION ( 'NONE',  ( -0.000000000000000000, 1.000000000000000000, -0.000000000000000000 ) ) ;
#762 = CARTESIAN_POINT ( 'NONE',  ( 0.000000000000000000, 0.000000000000000000, -21.00000000000000000 ) ) ;
#763 = ORIENTED_EDGE ( 'NONE', *, *, #1406, .T. ) ;
#764 = ORIENTED_EDGE ( 'NONE', *, *, #1579, .F. ) ;
#765 = EDGE_CURVE ( 'NONE', #2096, #586, #1448, .T. ) ;
#766 = ORIENTED_EDGE ( 'NONE', *, *, #1027, .F. ) ;
#767 = DIRECTION ( 'NONE',  ( 0.000000000000000000, 0.000000000000000000, -1.000000000000000000 ) ) ;
#768 = DIRECTION ( 'NONE',  ( -1.000000000000000000, 0.000000000000000000, 0.000000000000000000 ) ) ;
#769 = ADVANCED_FACE ( 'NONE', ( #307 ), #1911, .F. ) ;
#770 = AXIS2_PLACEMENT_3D ( 'NONE', #1790, #47, #1665 ) ;
#771 = CYLINDRICAL_SURFACE ( 'NONE', #215, 2.499999999999998668 ) ;
#772 = ADVANCED_FACE ( 'NONE', ( #1010 ), #1517, .F. ) ;
#773 = AXIS2_PLACEMENT_3D ( 'NONE', #1710, #174, #501 ) ;
#774 = VERTEX_POINT ( 'NONE', #125 ) ;
#775 = CARTESIAN_POINT ( 'NONE',  ( -1.113742833794500120, 6.912537123270523054, -2.755730962401945927 ) ) ;
#776 = DIRECTION ( 'NONE',  ( -1.000000000000000000, 0.000000000000000000, 0.000000000000000000 ) ) ;
#777 = CONICAL_SURFACE ( 'NONE', #370, 13.00000000000002487, 0.7853981633974482790 ) ;
#778 = EDGE_LOOP ( 'NONE', ( #1747, #1256 ) ) ;
#779 = FACE_OUTER_BOUND ( 'NONE', #1369, .T. ) ;
#780 = EDGE_CURVE ( 'NONE', #1952, #1569, #75, .T. ) ;
#781 = DIRECTION ( 'NONE',  ( 1.000000000000000000, 0.000000000000000000, 0.000000000000000000 ) ) ;
#782 = ORIENTED_EDGE ( 'NONE', *, *, #2033, .F. ) ;
#783 = FACE_OUTER_BOUND ( 'NONE', #1738, .T. ) ;
#784 = CIRCLE ( 'NONE', #972, 1.500000000000001332 ) ;
#785 = EDGE_CURVE ( 'NONE', #2020, #1144, #983, .T. ) ;
#786 = CARTESIAN_POINT ( 'NONE',  ( -2.499999999999999112, 6.504704397549780026, -21.25809975043562261 ) ) ;
#787 = DIRECTION ( 'NONE',  ( 0.000000000000000000, 1.000000000000000000, 0.000000000000000000 ) ) ;
#788 = AXIS2_PLACEMENT_3D ( 'NONE', #313, #1143, #1156 ) ;
#789 = DIRECTION ( 'NONE',  ( 0.000000000000000000, 0.000000000000000000, -1.000000000000000000 ) ) ;
#790 = ORIENTED_EDGE ( 'NONE', *, *, #1065, .F. ) ;
#791 =( NAMED_UNIT ( * ) SI_UNIT ( $, .STERADIAN. ) SOLID_ANGLE_UNIT ( ) );
#792 = DIRECTION ( 'NONE',  ( 0.7071067811865439090, 0.000000000000000000, 0.7071067811865512365 ) ) ;
#793 = CARTESIAN_POINT ( 'NONE',  ( 0.000000000000000000, 0.000000000000000000, 0.000000000000000000 ) ) ;
#794 = CARTESIAN_POINT ( 'NONE',  ( -8.999999999999952038, 1.163414459189982527E-15, -156.9999999999999716 ) ) ;
#795 = ORIENTED_EDGE ( 'NONE', *, *, #1633, .F. ) ;
#796 = FACE_OUTER_BOUND ( 'NONE', #818, .T. ) ;
#797 = ADVANCED_FACE ( 'NONE', ( #1828 ), #973, .T. ) ;
#798 = CARTESIAN_POINT ( 'NONE',  ( 0.000000000000000000, 0.000000000000000000, -21.00000000000000000 ) ) ;
#799 = FACE_OUTER_BOUND ( 'NONE', #2051, .T. ) ;
#800 = ORIENTED_EDGE ( 'NONE', *, *, #2157, .F. ) ;
#801 = CARTESIAN_POINT ( 'NONE',  ( 0.000000000000000000, 0.000000000000000000, -155.9999999999999147 ) ) ;
#802 = DIRECTION ( 'NONE',  ( -0.000000000000000000, -0.000000000000000000, 1.000000000000000000 ) ) ;
#803 = VECTOR ( 'NONE', #1294, 1000.000000000000000 ) ;
#804 = FILL_AREA_STYLE_COLOUR ( '', #732 ) ;
#805 = VECTOR ( 'NONE', #1703, 1000.000000000000000 ) ;
#806 = B_SPLINE_CURVE_WITH_KNOTS ( 'NONE', 3,
 ( #1573, #548, #1436, #24, #1259, #775, #1979, #1996, #438, #1125, #1468, #585, #2131, #71, #61, #1462, #1641, #76 ),
 .UNSPECIFIED., .F., .F.,
 ( 4, 2, 2, 2, 2, 2, 2, 2, 4 ),
 ( 0.003941944774853054292, 0.004433989759070022275, 0.004926034743286990258, 0.005418079727503959109, 0.005910124711720927959, 0.006402169695937895942, 0.006894214680154863925, 0.007386259664371831908, 0.007878304648588799891 ),
 .UNSPECIFIED. ) ;
#807 = EDGE_CURVE ( 'NONE', #543, #1086, #523, .T. ) ;
#808 = ORIENTED_EDGE ( 'NONE', *, *, #1440, .T. ) ;
#809 = EDGE_CURVE ( 'NONE', #314, #402, #1797, .T. ) ;
#810 = SURFACE_STYLE_USAGE ( .BOTH. , #1680 ) ;
#811 = ADVANCED_FACE ( 'NONE', ( #414 ), #1393, .F. ) ;
#812 = ORIENTED_EDGE ( 'NONE', *, *, #691, .F. ) ;
#813 = CARTESIAN_POINT ( 'NONE',  ( 13.49999999999999822, 0.000000000000000000, -118.4999999999999716 ) ) ;
#814 = AXIS2_PLACEMENT_3D ( 'NONE', #1513, #1176, #2089 ) ;
#815 = CARTESIAN_POINT ( 'NONE',  ( 2.500000000000003997, 8.124038404635957278, -2.243176908590702518E-16 ) ) ;
#816 = ORIENTED_EDGE ( 'NONE', *, *, #821, .T. ) ;
#817 = FILL_AREA_STYLE ('',( #476 ) ) ;
#818 = EDGE_LOOP ( 'NONE', ( #1325, #220, #83, #610 ) ) ;
#819 = FILL_AREA_STYLE_COLOUR ( '', #1510 ) ;
#820 = DIRECTION ( 'NONE',  ( -0.000000000000000000, 1.000000000000000000, -0.000000000000000000 ) ) ;
#821 = EDGE_CURVE ( 'NONE', #886, #774, #824, .T. ) ;
#822 = CARTESIAN_POINT ( 'NONE',  ( -0.1662820190905638096, 8.999956828116298269, -113.9998445811553438 ) ) ;
#823 = B_SPLINE_CURVE_WITH_KNOTS ( 'NONE', 3,
 ( #272, #1983, #451, #1658, #2003, #421, #1628, #592 ),
 .UNSPECIFIED., .F., .F.,
 ( 4, 2, 2, 4 ),
 ( 0.006315897543546709382, 0.006706499319807234828, 0.007097101096067761142, 0.007878304648588801626 ),
 .UNSPECIFIED. ) ;
#824 = LINE ( 'NONE', #871, #2185 ) ;
#825 = CARTESIAN_POINT ( 'NONE',  ( 2.244337952960318461, 6.630791791273283664, -3.886568785595534425 ) ) ;
#826 = CIRCLE ( 'NONE', #1232, 2.500000000000002220 ) ;
#827 = VERTEX_POINT ( 'NONE', #1047 ) ;
#828 = CARTESIAN_POINT ( 'NONE',  ( 0.000000000000000000, 0.000000000000000000, -69.99999999999998579 ) ) ;
#829 = PRESENTATION_LAYER_ASSIGNMENT (  '', '', ( #243 ) ) ;
#830 = DIRECTION ( 'NONE',  ( -1.000000000000000000, 0.000000000000000000, 0.000000000000000000 ) ) ;
#831 = CYLINDRICAL_SURFACE ( 'NONE', #410, 2.500000000000000000 ) ;
#832 = DIRECTION ( 'NONE',  ( -0.000000000000000000, -0.000000000000000000, 1.000000000000000000 ) ) ;
#833 = EDGE_LOOP ( 'NONE', ( #1490, #1574, #276, #1802 ) ) ;
#834 = MECHANICAL_DESIGN_GEOMETRIC_PRESENTATION_REPRESENTATION (  '', ( #1956 ), #1727 ) ;
#835 = EDGE_LOOP ( 'NONE', ( #2228, #1542, #51, #1239, #267, #1439 ) ) ;
#836 = CYLINDRICAL_SURFACE ( 'NONE', #1572, 1.649999999999997691 ) ;
#837 = VERTEX_POINT ( 'NONE', #558 ) ;
#838 = CARTESIAN_POINT ( 'NONE',  ( 0.000000000000000000, 0.000000000000000000, -155.9999999999999147 ) ) ;
#839 = DIRECTION ( 'NONE',  ( -1.000000000000000000, 0.000000000000000000, 0.000000000000000000 ) ) ;
#840 = ORIENTED_EDGE ( 'NONE', *, *, #299, .F. ) ;
#841 = EDGE_CURVE ( 'NONE', #651, #402, #881, .T. ) ;
#842 = CARTESIAN_POINT ( 'NONE',  ( 2.167443907927192104, 6.656666717710101544, -3.743520470956239521 ) ) ;
#843 = AXIS2_PLACEMENT_3D ( 'NONE', #1425, #1985, #1648 ) ;
#844 = CARTESIAN_POINT ( 'NONE',  ( -2.499999999999997780, 4.000000000000000000, -4.999999999999998224 ) ) ;
#845 =( LENGTH_UNIT ( ) NAMED_UNIT ( * ) SI_UNIT ( .MILLI., .METRE. ) );
#846 = DIRECTION ( 'NONE',  ( -0.000000000000000000, 1.000000000000000000, -0.000000000000000000 ) ) ;
#847 = AXIS2_PLACEMENT_3D ( 'NONE', #963, #2161, #1116 ) ;
#848 = DIRECTION ( 'NONE',  ( 1.495451272393799296E-16, 0.000000000000000000, 1.000000000000000000 ) ) ;
#849 = DIRECTION ( 'NONE',  ( -1.000000000000000000, 0.000000000000000000, 0.000000000000000000 ) ) ;
#850 = DIRECTION ( 'NONE',  ( 1.000000000000000000, 0.000000000000000000, 0.000000000000000000 ) ) ;
#851 = EDGE_LOOP ( 'NONE', ( #305, #1784, #981, #1565 ) ) ;
#852 = CIRCLE ( 'NONE', #185, 6.900000000000001243 ) ;
#853 = CARTESIAN_POINT ( 'NONE',  ( 2.326828918379971365E-15, 4.000000000000000000, -5.000000000000000000 ) ) ;
#854 = VECTOR ( 'NONE', #2142, 1000.000000000000000 ) ;
#855 = CARTESIAN_POINT ( 'NONE',  ( 2.500000000000001332, 7.423266541632292714, -28.33205614685790863 ) ) ;
#856 = FACE_OUTER_BOUND ( 'NONE', #2082, .T. ) ;
#857 = EDGE_CURVE ( 'NONE', #596, #1087, #1168, .T. ) ;
#858 = CARTESIAN_POINT ( 'NONE',  ( 0.000000000000000000, 0.000000000000000000, -118.0000000000000000 ) ) ;
#859 = CIRCLE ( 'NONE', #1586, 13.00000000000002487 ) ;
#860 = AXIS2_PLACEMENT_3D ( 'NONE', #1899, #176, #3 ) ;
#861 = CARTESIAN_POINT ( 'NONE',  ( 9.999999999999998224, 0.000000000000000000, -155.9999999999999147 ) ) ;
#862 = LINE ( 'NONE', #2233, #1289 ) ;
#863 = DIRECTION ( 'NONE',  ( -1.000000000000000000, 0.000000000000000000, 0.000000000000000000 ) ) ;
#864 = ORIENTED_EDGE ( 'NONE', *, *, #1884, .T. ) ;
#865 = CARTESIAN_POINT ( 'NONE',  ( -2.027313493271339251, 6.699999999999997513, -23.46287388383276351 ) ) ;
#866 = LINE ( 'NONE', #533, #2148 ) ;
#867 = CARTESIAN_POINT ( 'NONE',  ( 7.000000000000000000, 0.000000000000000000, -0.9999999999999913403 ) ) ;
#868 = DIRECTION ( 'NONE',  ( -1.000000000000000000, 0.000000000000000000, 0.000000000000000000 ) ) ;
#869 = EDGE_LOOP ( 'NONE', ( #566, #758 ) ) ;
#870 = CARTESIAN_POINT ( 'NONE',  ( 0.000000000000000000, 0.000000000000000000, -69.99999999999998579 ) ) ;
#871 = CARTESIAN_POINT ( 'NONE',  ( 7.000000000000000000, 0.000000000000000000, 0.000000000000000000 ) ) ;
#872 = ADVANCED_FACE ( 'NONE', ( #2084 ), #195, .F. ) ;
#873 = CARTESIAN_POINT ( 'NONE',  ( 2.483610402819437457, 8.650594623723671717, -76.17072689601829438 ) ) ;
#874 = FILL_AREA_STYLE_COLOUR ( '', #1226 ) ;
#875 = AXIS2_PLACEMENT_3D ( 'NONE', #801, #1343, #994 ) ;
#876 = CARTESIAN_POINT ( 'NONE',  ( 13.00000000000002487, 0.000000000000000000, -141.0000000000000000 ) ) ;
#877 = VERTEX_POINT ( 'NONE', #264 ) ;
#878 = CARTESIAN_POINT ( 'NONE',  ( -2.499999999999999112, 7.423266541632293603, -28.33205614685790863 ) ) ;
#879 = ORIENTED_EDGE ( 'NONE', *, *, #143, .T. ) ;
#880 = CARTESIAN_POINT ( 'NONE',  ( -2.499999999999999112, 6.538348415311011408, -22.00000000000000000 ) ) ;
#881 = LINE ( 'NONE', #11, #719 ) ;
#882 = CARTESIAN_POINT ( 'NONE',  ( 2.500000000000000000, 5.999999999999997335, -76.49999999999998579 ) ) ;
#883 = VECTOR ( 'NONE', #1578, 1000.000000000000000 ) ;
#884 = DIRECTION ( 'NONE',  ( -1.000000000000000000, 0.000000000000000000, 0.000000000000000000 ) ) ;
#885 = EDGE_CURVE ( 'NONE', #2143, #877, #2032, .T. ) ;
#886 = VERTEX_POINT ( 'NONE', #436 ) ;
#887 = PRESENTATION_STYLE_ASSIGNMENT (( #544 ) ) ;
#888 = DIRECTION ( 'NONE',  ( 1.000000000000000000, 0.000000000000000000, 0.000000000000000000 ) ) ;
#889 = EDGE_LOOP ( 'NONE', ( #239, #206, #1032, #231 ) ) ;
#890 = FACE_OUTER_BOUND ( 'NONE', #219, .T. ) ;
#891 = AXIS2_PLACEMENT_3D ( 'NONE', #1247, #1386, #868 ) ;
#892 = ORIENTED_EDGE ( 'NONE', *, *, #445, .T. ) ;
#893 = CARTESIAN_POINT ( 'NONE',  ( -2.499999999999999112, 6.440600809095316848, -20.89215218020872200 ) ) ;
#894 = VECTOR ( 'NONE', #105, 1000.000000000000000 ) ;
#895 = CARTESIAN_POINT ( 'NONE',  ( 0.000000000000000000, 0.000000000000000000, -118.0000000000000000 ) ) ;
#896 = EDGE_LOOP ( 'NONE', ( #177, #1174, #1905, #1873 ) ) ;
#897 = CIRCLE ( 'NONE', #2098, 8.999999999999952038 ) ;
#898 = AXIS2_PLACEMENT_3D ( 'NONE', #560, #1771, #739 ) ;
#899 = CARTESIAN_POINT ( 'NONE',  ( -2.500000000000000444, 6.699999999999997513, -37.50000000000000000 ) ) ;
#900 = DIRECTION ( 'NONE',  ( 1.000000000000000000, 0.000000000000000000, 0.000000000000000000 ) ) ;
#901 = ORIENTED_EDGE ( 'NONE', *, *, #993, .T. ) ;
#902 = EDGE_CURVE ( 'NONE', #430, #678, #1107, .T. ) ;
#903 = DIRECTION ( 'NONE',  ( 1.000000000000000000, 0.000000000000000000, 0.000000000000000000 ) ) ;
#904 = EDGE_CURVE ( 'NONE', #543, #419, #1688, .T. ) ;
#905 = CARTESIAN_POINT ( 'NONE',  ( 2.500000000000003997, 8.124038404635957278, -29.00000000000003553 ) ) ;
#906 = ORIENTED_EDGE ( 'NONE', *, *, #970, .F. ) ;
#907 = AXIS2_PLACEMENT_3D ( 'NONE', #1221, #147, #1196 ) ;
#908 = CARTESIAN_POINT ( 'NONE',  ( 2.602085213965210642E-15, 6.000000000000000000, -156.9999999999999716 ) ) ;
#909 = ORIENTED_EDGE ( 'NONE', *, *, #930, .T. ) ;
#910 = LINE ( 'NONE', #1766, #2132 ) ;
#911 = CARTESIAN_POINT ( 'NONE',  ( 0.000000000000000000, -6.000000000000000000, -143.4999999999999716 ) ) ;
#912 = VECTOR ( 'NONE', #604, 1000.000000000000000 ) ;
#913 = ADVANCED_FACE ( 'NONE', ( #1363 ), #2, .T. ) ;
#914 = CIRCLE ( 'NONE', #1969, 1.500000000000001332 ) ;
#915 = CIRCLE ( 'NONE', #847, 9.999999999999998224 ) ;
#916 = PLANE ( 'NONE',  #550 ) ;
#917 =( NAMED_UNIT ( * ) PLANE_ANGLE_UNIT ( ) SI_UNIT ( $, .RADIAN. ) );
#918 = CARTESIAN_POINT ( 'NONE',  ( -2.499999999999999112, 6.431174076325411271, -21.00000000000000000 ) ) ;
#919 = ORIENTED_EDGE ( 'NONE', *, *, #211, .T. ) ;
#920 = CARTESIAN_POINT ( 'NONE',  ( -2.024999999999999911, -6.000000000000000000, -156.9999999999999716 ) ) ;
#921 = AXIS2_PLACEMENT_3D ( 'NONE', #1030, #1548, #153 ) ;
#922 = ORIENTED_EDGE ( 'NONE', *, *, #1629, .F. ) ;
#923 = VECTOR ( 'NONE', #2090, 1000.000000000000000 ) ;
#924 = DIRECTION ( 'NONE',  ( 7.653191805780031226E-17, 0.000000000000000000, 1.000000000000000000 ) ) ;
#925 = CARTESIAN_POINT ( 'NONE',  ( -2.499999999999997335, 6.538348415311011408, 1.913297951445005896E-16 ) ) ;
#926 = ADVANCED_FACE ( 'NONE', ( #134 ), #1831, .T. ) ;
#927 = DIRECTION ( 'NONE',  ( 0.000000000000000000, 0.000000000000000000, -1.000000000000000000 ) ) ;
#928 = ORIENTED_EDGE ( 'NONE', *, *, #1555, .F. ) ;
#929 = CARTESIAN_POINT ( 'NONE',  ( -2.179304741412156243, 6.654009864445534994, -23.25223788053795104 ) ) ;
#930 = EDGE_CURVE ( 'NONE', #350, #2096, #658, .T. ) ;
#931 = ORIENTED_EDGE ( 'NONE', *, *, #841, .T. ) ;
#932 = EDGE_CURVE ( 'NONE', #404, #1358, #1063, .T. ) ;
#933 = VERTEX_POINT ( 'NONE', #1990 ) ;
#934 = AXIS2_PLACEMENT_3D ( 'NONE', #1934, #1073, #1827 ) ;
#935 = VECTOR ( 'NONE', #490, 1000.000000000000000 ) ;
#936 = ADVANCED_FACE ( 'NONE', ( #403 ), #150, .F. ) ;
#937 = CARTESIAN_POINT ( 'NONE',  ( 0.000000000000000000, 0.000000000000000000, -29.00000000000003553 ) ) ;
#938 = CARTESIAN_POINT ( 'NONE',  ( 0.000000000000000000, 6.699999999999997513, -37.50000000000000000 ) ) ;
#939 = EDGE_CURVE ( 'NONE', #1058, #741, #1673, .T. ) ;
#940 = ORIENTED_EDGE ( 'NONE', *, *, #1976, .F. ) ;
#941 = VERTEX_POINT ( 'NONE', #647 ) ;
#942 = CIRCLE ( 'NONE', #1907, 1.649999999999997025 ) ;
#943 = CARTESIAN_POINT ( 'NONE',  ( -9.472890148951570686E-16, 6.000000000000000000, -142.5085799786045015 ) ) ;
#944 = ORIENTED_EDGE ( 'NONE', *, *, #1826, .F. ) ;
#945 = ADVANCED_FACE ( 'NONE', ( #1211 ), #1183, .F. ) ;
#946 = CYLINDRICAL_SURFACE ( 'NONE', #1290, 8.999999999999998224 ) ;
#947 = CARTESIAN_POINT ( 'NONE',  ( -2.500000000000000000, 8.645808232895289436, -76.49999999999998579 ) ) ;
#948 =( GEOMETRIC_REPRESENTATION_CONTEXT ( 3 ) GLOBAL_UNCERTAINTY_ASSIGNED_CONTEXT ( ( #595 ) ) GLOBAL_UNIT_ASSIGNED_CONTEXT ( ( #1588, #213, #390 ) ) REPRESENTATION_CONTEXT ( 'NONE', 'WORKASPACE' ) );
#949 = ORIENTED_EDGE ( 'NONE', *, *, #1083, .F. ) ;
#950 = CARTESIAN_POINT ( 'NONE',  ( -2.499999999999999112, 6.477386505474857614, -21.21011228257353309 ) ) ;
#951 = DIRECTION ( 'NONE',  ( 0.000000000000000000, 0.000000000000000000, 1.000000000000000000 ) ) ;
#952 = ORIENTED_EDGE ( 'NONE', *, *, #1965, .T. ) ;
#953 = ORIENTED_EDGE ( 'NONE', *, *, #663, .F. ) ;
#954 = EDGE_CURVE ( 'NONE', #561, #1978, #1078, .T. ) ;
#955 = ORIENTED_EDGE ( 'NONE', *, *, #318, .F. ) ;
#956 = DIRECTION ( 'NONE',  ( -1.000000000000000000, 0.000000000000000000, 0.000000000000000000 ) ) ;
#957 = AXIS2_PLACEMENT_3D ( 'NONE', #2078, #7, #1931 ) ;
#958 = PLANE ( 'NONE',  #1972 ) ;
#959 = FACE_OUTER_BOUND ( 'NONE', #649, .T. ) ;
#960 = AXIS2_PLACEMENT_3D ( 'NONE', #1765, #2076, #1049 ) ;
#961 = ORIENTED_EDGE ( 'NONE', *, *, #1395, .T. ) ;
#962 = LINE ( 'NONE', #1430, #283 ) ;
#963 = CARTESIAN_POINT ( 'NONE',  ( 0.000000000000000000, 0.000000000000000000, -141.0000000000000000 ) ) ;
#964 = FACE_OUTER_BOUND ( 'NONE', #1373, .T. ) ;
#965 = EDGE_CURVE ( 'NONE', #2096, #599, #1151, .T. ) ;
#966 = ORIENTED_EDGE ( 'NONE', *, *, #902, .T. ) ;
#967 = SURFACE_STYLE_FILL_AREA ( #482 ) ;
#968 = ORIENTED_EDGE ( 'NONE', *, *, #1901, .T. ) ;
#969 = CONICAL_SURFACE ( 'NONE', #759, 6.000000000000019540, 0.7853981633974431720 ) ;
#970 = EDGE_CURVE ( 'NONE', #1810, #561, #1997, .T. ) ;
#971 =( NAMED_UNIT ( * ) SI_UNIT ( $, .STERADIAN. ) SOLID_ANGLE_UNIT ( ) );
#972 = AXIS2_PLACEMENT_3D ( 'NONE', #222, #18, #572 ) ;
#973 = PLANE ( 'NONE',  #1216 ) ;
#974 = ORIENTED_EDGE ( 'NONE', *, *, #1995, .F. ) ;
#975 = CARTESIAN_POINT ( 'NONE',  ( 8.499999999999996447, 0.000000000000000000, -29.00000000000003553 ) ) ;
#976 = SURFACE_SIDE_STYLE ('',( #37 ) ) ;
#977 = VERTEX_POINT ( 'NONE', #2224 ) ;
#978 = CARTESIAN_POINT ( 'NONE',  ( 2.500000000000000444, 8.124038404635957278, -37.50000000000000000 ) ) ;
#979 = CARTESIAN_POINT ( 'NONE',  ( 0.000000000000000000, 0.000000000000000000, -69.99999999999998579 ) ) ;
#980 = ORIENTED_EDGE ( 'NONE', *, *, #680, .F. ) ;
#981 = ORIENTED_EDGE ( 'NONE', *, *, #1009, .T. ) ;
#982 = DIRECTION ( 'NONE',  ( -0.000000000000000000, -0.000000000000000000, 1.000000000000000000 ) ) ;
#983 = LINE ( 'NONE', #815, #27 ) ;
#984 = LINE ( 'NONE', #229, #104 ) ;
#985 = AXIS2_PLACEMENT_3D ( 'NONE', #1859, #2188, #2044 ) ;
#986 = VERTEX_POINT ( 'NONE', #1054 ) ;
#987 = VERTEX_POINT ( 'NONE', #2049 ) ;
#988 = CARTESIAN_POINT ( 'NONE',  ( 2.602085213965210642E-15, 6.000000000000000000, -156.9999999999999716 ) ) ;
#989 = CIRCLE ( 'NONE', #308, 8.500000000000000000 ) ;
#990 = DIRECTION ( 'NONE',  ( -0.000000000000000000, -0.000000000000000000, 1.000000000000000000 ) ) ;
#991 = ORIENTED_EDGE ( 'NONE', *, *, #1534, .T. ) ;
#992 = PRESENTATION_STYLE_ASSIGNMENT (( #464 ) ) ;
#993 = EDGE_CURVE ( 'NONE', #741, #1058, #2173, .T. ) ;
#994 = DIRECTION ( 'NONE',  ( 1.000000000000000000, 0.000000000000000000, 0.000000000000000000 ) ) ;
#995 = ORIENTED_EDGE ( 'NONE', *, *, #499, .T. ) ;
#996 = CARTESIAN_POINT ( 'NONE',  ( 7.999999999999994671, 0.000000000000000000, -51.99999999999999289 ) ) ;
#997 = ORIENTED_EDGE ( 'NONE', *, *, #1898, .F. ) ;
#998 = CARTESIAN_POINT ( 'NONE',  ( 0.000000000000000000, 0.000000000000000000, 0.000000000000000000 ) ) ;
#999 = DIRECTION ( 'NONE',  ( 0.000000000000000000, 0.000000000000000000, -1.000000000000000000 ) ) ;
#1000 = DIRECTION ( 'NONE',  ( 1.000000000000000000, 0.000000000000000000, 0.000000000000000000 ) ) ;
#1001 = VERTEX_POINT ( 'NONE', #1400 ) ;
#1002 = CARTESIAN_POINT ( 'NONE',  ( 0.000000000000000000, 0.000000000000000000, -21.30000000000000071 ) ) ;
#1003 = AXIS2_PLACEMENT_3D ( 'NONE', #310, #624, #468 ) ;
#1004 = DIRECTION ( 'NONE',  ( 0.000000000000000000, 0.000000000000000000, -1.000000000000000000 ) ) ;
#1005 = CARTESIAN_POINT ( 'NONE',  ( 0.000000000000000000, 13.49999999999999645, -118.0000000000000000 ) ) ;
#1006 = ORIENTED_EDGE ( 'NONE', *, *, #954, .F. ) ;
#1007 = CARTESIAN_POINT ( 'NONE',  ( -0.1638422338505800269, 8.999999999999998224, -73.99999999999997158 ) ) ;
#1008 = CARTESIAN_POINT ( 'NONE',  ( -7.000000000000000000, 8.572527594031473190E-16, -21.30000000000000071 ) ) ;
#1009 = EDGE_CURVE ( 'NONE', #774, #986, #1432, .T. ) ;
#1010 = FACE_OUTER_BOUND ( 'NONE', #1557, .T. ) ;
#1011 = DIRECTION ( 'NONE',  ( 0.000000000000000000, 0.000000000000000000, -1.000000000000000000 ) ) ;
#1012 = VECTOR ( 'NONE', #1529, 1000.000000000000000 ) ;
#1013 = LINE ( 'NONE', #1981, #912 ) ;
#1014 = DIRECTION ( 'NONE',  ( 0.000000000000000000, 1.000000000000000000, 0.000000000000000000 ) ) ;
#1015 = DIRECTION ( 'NONE',  ( -0.000000000000000000, -0.000000000000000000, 1.000000000000000000 ) ) ;
#1016 = AXIS2_PLACEMENT_3D ( 'NONE', #721, #1602, #1777 ) ;
#1017 = EDGE_LOOP ( 'NONE', ( #1405, #940, #1098, #1925 ) ) ;
#1018 = CARTESIAN_POINT ( 'NONE',  ( -2.499999999999999112, 7.071067811865438202, -28.00000000000000000 ) ) ;
#1019 = LINE ( 'NONE', #1372, #639 ) ;
#1020 = ORIENTED_EDGE ( 'NONE', *, *, #1362, .F. ) ;
#1021 = CARTESIAN_POINT ( 'NONE',  ( 2.500000000000001332, 7.071067811865437314, -28.00000000000000000 ) ) ;
#1022 = FACE_OUTER_BOUND ( 'NONE', #778, .T. ) ;
#1023 = CARTESIAN_POINT ( 'NONE',  ( -2.167065058819002576, 8.735700686107037427, -75.24293708414570858 ) ) ;
#1024 = ORIENTED_EDGE ( 'NONE', *, *, #183, .F. ) ;
#1025 = VECTOR ( 'NONE', #1033, 999.9999999999998863 ) ;
#1026 = CARTESIAN_POINT ( 'NONE',  ( -2.027313493271339251, 6.699999999999997513, 0.000000000000000000 ) ) ;
#1027 = EDGE_CURVE ( 'NONE', #596, #1457, #509, .T. ) ;
#1028 = ADVANCED_FACE ( 'NONE', ( #381 ), #2126, .T. ) ;
#1029 = DIRECTION ( 'NONE',  ( -0.000000000000000000, -0.000000000000000000, 1.000000000000000000 ) ) ;
#1030 = CARTESIAN_POINT ( 'NONE',  ( 0.000000000000000000, 0.000000000000000000, 2.936825829912203453E-17 ) ) ;
#1031 = CARTESIAN_POINT ( 'NONE',  ( -1.262657313755291000, 8.916213286120427739, -74.31740994660012234 ) ) ;
#1032 = ORIENTED_EDGE ( 'NONE', *, *, #432, .F. ) ;
#1033 = DIRECTION ( 'NONE',  ( -0.7071067811865439090, 8.659560562354888485E-17, 0.7071067811865512365 ) ) ;
#1034 = DIRECTION ( 'NONE',  ( -0.000000000000000000, -0.000000000000000000, -1.000000000000000000 ) ) ;
#1035 = EDGE_LOOP ( 'NONE', ( #160, #218, #461 ) ) ;
#1036 = CARTESIAN_POINT ( 'NONE',  ( -0.1664831408899710430, 8.499952639504954277, -39.99983897424729662 ) ) ;
#1037 = CIRCLE ( 'NONE', #2109, 1.649999999999997025 ) ;
#1038 = CARTESIAN_POINT ( 'NONE',  ( 0.000000000000000000, 0.000000000000000000, 2.936825829912203453E-17 ) ) ;
#1039 = CARTESIAN_POINT ( 'NONE',  ( 0.3268739240671033053, 8.995518430451195258, -74.01598881704967425 ) ) ;
#1040 = ORIENTED_EDGE ( 'NONE', *, *, #1857, .F. ) ;
#1041 = EDGE_CURVE ( 'NONE', #314, #2018, #238, .T. ) ;
#1042 = TOROIDAL_SURFACE ( 'NONE', #1846, 9.500000000000000000, 1.500000000000004219 ) ;
#1043 = CARTESIAN_POINT ( 'NONE',  ( -6.000000000000019540, 0.000000000000000000, 2.936825829912203453E-17 ) ) ;
#1044 = EDGE_LOOP ( 'NONE', ( #573, #36, #909, #1277, #478, #518, #1960, #1453, #1581, #1485 ) ) ;
#1045 = FACE_BOUND ( 'NONE', #2174, .T. ) ;
#1046 = AXIS2_PLACEMENT_3D ( 'NONE', #2054, #1518, #513 ) ;
#1047 = CARTESIAN_POINT ( 'NONE',  ( 8.999999999999952038, 0.000000000000000000, -156.9999999999999716 ) ) ;
#1048 = ORIENTED_EDGE ( 'NONE', *, *, #2154, .F. ) ;
#1049 = DIRECTION ( 'NONE',  ( -1.000000000000000000, 0.000000000000000000, 0.000000000000000000 ) ) ;
#1050 = FACE_OUTER_BOUND ( 'NONE', #2235, .T. ) ;
#1051 = EDGE_LOOP ( 'NONE', ( #98, #1821, #657, #974 ) ) ;
#1052 = EDGE_CURVE ( 'NONE', #1718, #350, #1725, .T. ) ;
#1053 = CARTESIAN_POINT ( 'NONE',  ( 2.602085213965210642E-15, 6.000000000000000000, -156.6249999999999716 ) ) ;
#1054 = CARTESIAN_POINT ( 'NONE',  ( 2.500000000000000000, 6.538348415311010520, -21.30000000000000071 ) ) ;
#1055 = VERTEX_POINT ( 'NONE', #2200 ) ;
#1056 = DIRECTION ( 'NONE',  ( -0.000000000000000000, -0.000000000000000000, -1.000000000000000000 ) ) ;
#1057 = APPLICATION_CONTEXT ( 'automotive_design' ) ;
#1058 = VERTEX_POINT ( 'NONE', #324 ) ;
#1059 = DIRECTION ( 'NONE',  ( 0.000000000000000000, 0.000000000000000000, -1.000000000000000000 ) ) ;
#1060 =( LENGTH_UNIT ( ) NAMED_UNIT ( * ) SI_UNIT ( .MILLI., .METRE. ) );
#1061 = LINE ( 'NONE', #1345, #128 ) ;
#1062 = CARTESIAN_POINT ( 'NONE',  ( -13.49999999999999822, 1.653273178848926669E-15, -140.5000000000000284 ) ) ;
#1063 = LINE ( 'NONE', #2010, #1280 ) ;
#1064 = CARTESIAN_POINT ( 'NONE',  ( 2.500000000000002665, 6.538348415311009632, -20.70000000000000284 ) ) ;
#1065 = EDGE_CURVE ( 'NONE', #2119, #1275, #2169, .T. ) ;
#1066 = APPLICATION_CONTEXT ( 'automotive_design' ) ;
#1067 = ORIENTED_EDGE ( 'NONE', *, *, #577, .T. ) ;
#1068 = CYLINDRICAL_SURFACE ( 'NONE', #1575, 7.000000000000000000 ) ;
#1069 = ADVANCED_FACE ( 'NONE', ( #346 ), #1334, .F. ) ;
#1070 = DIRECTION ( 'NONE',  ( -0.7071067811865439090, 0.000000000000000000, -0.7071067811865512365 ) ) ;
#1071 = AXIS2_PLACEMENT_3D ( 'NONE', #139, #506, #1881 ) ;
#1072 = VERTEX_POINT ( 'NONE', #2206 ) ;
#1073 = DIRECTION ( 'NONE',  ( -0.000000000000000000, -0.000000000000000000, -1.000000000000000000 ) ) ;
#1074 = TOROIDAL_SURFACE ( 'NONE', #898, 9.500000000000000000, 1.500000000000004219 ) ;
#1075 = ORIENTED_EDGE ( 'NONE', *, *, #821, .F. ) ;
#1076 = DIRECTION ( 'NONE',  ( 0.000000000000000000, -1.000000000000000000, 0.000000000000000000 ) ) ;
#1077 = EDGE_LOOP ( 'NONE', ( #637, #2055, #275, #1254 ) ) ;
#1078 = LINE ( 'NONE', #1860, #622 ) ;
#1079 = EDGE_CURVE ( 'NONE', #419, #586, #756, .T. ) ;
#1080 = ORIENTED_EDGE ( 'NONE', *, *, #1102, .F. ) ;
#1081 = DIRECTION ( 'NONE',  ( 0.000000000000000000, 0.000000000000000000, -1.000000000000000000 ) ) ;
#1082 = DIRECTION ( 'NONE',  ( -1.000000000000000000, 0.000000000000000000, 0.000000000000000000 ) ) ;
#1083 = EDGE_CURVE ( 'NONE', #1475, #2053, #293, .T. ) ;
#1084 = CARTESIAN_POINT ( 'NONE',  ( -2.027313493271339251, 6.699999999999997513, -23.46287388383276351 ) ) ;
#1085 = MECHANICAL_DESIGN_GEOMETRIC_PRESENTATION_REPRESENTATION (  '', ( #2163 ), #640 ) ;
#1086 = VERTEX_POINT ( 'NONE', #1213 ) ;
#1087 = VERTEX_POINT ( 'NONE', #880 ) ;
#1088 = CYLINDRICAL_SURFACE ( 'NONE', #1540, 8.499999999999996447 ) ;
#1089 = DIRECTION ( 'NONE',  ( 0.000000000000000000, 0.000000000000000000, -1.000000000000000000 ) ) ;
#1090 = LINE ( 'NONE', #221, #584 ) ;
#1091 = LINE ( 'NONE', #2182, #1503 ) ;
#1092 = EDGE_LOOP ( 'NONE', ( #949, #1231, #1618, #244 ) ) ;
#1093 = UNCERTAINTY_MEASURE_WITH_UNIT (LENGTH_MEASURE( 1.000000000000000082E-05 ), #1663, 'distance_accuracy_value', 'NONE');
#1094 = CARTESIAN_POINT ( 'NONE',  ( 2.602085213965210642E-15, 6.000000000000000000, -156.9999999999999716 ) ) ;
#1095 = PLANE ( 'NONE',  #1251 ) ;
#1096 = DIRECTION ( 'NONE',  ( -0.000000000000000000, -0.000000000000000000, 1.000000000000000000 ) ) ;
#1097 = LINE ( 'NONE', #14, #1268 ) ;
#1098 = ORIENTED_EDGE ( 'NONE', *, *, #1274, .T. ) ;
#1099 = VECTOR ( 'NONE', #2121, 1000.000000000000000 ) ;
#1100 = CARTESIAN_POINT ( 'NONE',  ( 0.000000000000000000, 0.000000000000000000, -156.9999999999999716 ) ) ;
#1101 = ADVANCED_FACE ( 'NONE', ( #735 ), #1319, .T. ) ;
#1102 = EDGE_CURVE ( 'NONE', #755, #2063, #1944, .T. ) ;
#1103 = DIRECTION ( 'NONE',  ( -1.000000000000000000, 0.000000000000000000, 0.000000000000000000 ) ) ;
#1104 = AXIS2_PLACEMENT_3D ( 'NONE', #1520, #498, #481 ) ;
#1105 = VERTEX_POINT ( 'NONE', #2075 ) ;
#1106 = ORIENTED_EDGE ( 'NONE', *, *, #193, .F. ) ;
#1107 = CIRCLE ( 'NONE', #1482, 13.00000000000002487 ) ;
#1108 = AXIS2_PLACEMENT_3D ( 'NONE', #1368, #682, #497 ) ;
#1109 = LINE ( 'NONE', #359, #883 ) ;
#1110 = DIRECTION ( 'NONE',  ( 0.000000000000000000, -0.000000000000000000, 1.000000000000000000 ) ) ;
#1111 = ADVANCED_FACE ( 'NONE', ( #1896 ), #209, .T. ) ;
#1112 = DIRECTION ( 'NONE',  ( 1.000000000000000000, 0.000000000000000000, 0.000000000000000000 ) ) ;
#1113 = VECTOR ( 'NONE', #767, 1000.000000000000000 ) ;
#1114 = CARTESIAN_POINT ( 'NONE',  ( 2.602085213965210642E-15, 6.000000000000000000, -156.9999999999999716 ) ) ;
#1115 = SURFACE_STYLE_FILL_AREA ( #713 ) ;
#1116 = DIRECTION ( 'NONE',  ( 1.000000000000000000, 0.000000000000000000, 0.000000000000000000 ) ) ;
#1117 = EDGE_CURVE ( 'NONE', #1278, #1936, #1486, .T. ) ;
#1118 = ORIENTED_EDGE ( 'NONE', *, *, #228, .T. ) ;
#1119 = VECTOR ( 'NONE', #1941, 1000.000000000000000 ) ;
#1120 = CIRCLE ( 'NONE', #934, 1.649999999999998357 ) ;
#1121 = EDGE_CURVE ( 'NONE', #1058, #1278, #866, .T. ) ;
#1122 = CARTESIAN_POINT ( 'NONE',  ( 9.999999999999998224, 0.000000000000000000, -155.9999999999999147 ) ) ;
#1123 = VECTOR ( 'NONE', #2128, 1000.000000000000000 ) ;
#1124 = AXIS2_PLACEMENT_3D ( 'NONE', #605, #1458, #2134 ) ;
#1125 = CARTESIAN_POINT ( 'NONE',  ( -1.883100757242816670, 6.742994941203806825, -3.347651356277971058 ) ) ;
#1126 = CARTESIAN_POINT ( 'NONE',  ( -2.499999999999999112, 4.000000000000000000, -22.00000000000000000 ) ) ;
#1127 = ORIENTED_EDGE ( 'NONE', *, *, #1660, .F. ) ;
#1128 = ADVANCED_FACE ( 'NONE', ( #1843 ), #2045, .F. ) ;
#1129 = DIRECTION ( 'NONE',  ( 0.000000000000000000, 0.000000000000000000, -1.000000000000000000 ) ) ;
#1130 = ORIENTED_EDGE ( 'NONE', *, *, #939, .T. ) ;
#1131 = B_SPLINE_CURVE_WITH_KNOTS ( 'NONE', 3,
 ( #180, #529, #1742, #384, #1946, #563 ),
 .UNSPECIFIED., .F., .F.,
 ( 4, 2, 4 ),
 ( 0.003079105909824555488, 0.003240238218113732690, 0.003401370526402909891 ),
 .UNSPECIFIED. ) ;
#1132 = ORIENTED_EDGE ( 'NONE', *, *, #378, .F. ) ;
#1133 = CARTESIAN_POINT ( 'NONE',  ( -2.499999999999997780, 4.000000000000000000, -4.999999999999998224 ) ) ;
#1134 = ORIENTED_EDGE ( 'NONE', *, *, #885, .F. ) ;
#1135 = DIRECTION ( 'NONE',  ( -0.000000000000000000, -0.000000000000000000, 1.000000000000000000 ) ) ;
#1136 = ORIENTED_EDGE ( 'NONE', *, *, #970, .T. ) ;
#1137 = ORIENTED_EDGE ( 'NONE', *, *, #2106, .T. ) ;
#1138 = CARTESIAN_POINT ( 'NONE',  ( -13.00000000000002487, 0.000000000000000000, -118.0000000000000000 ) ) ;
#1139 = AXIS2_PLACEMENT_3D ( 'NONE', #798, #287, #463 ) ;
#1140 = CARTESIAN_POINT ( 'NONE',  ( 1.985618777077822861, 8.778722812027906386, -113.0276538940940583 ) ) ;
#1141 = PRESENTATION_STYLE_ASSIGNMENT (( #1375 ) ) ;
#1142 = FACE_OUTER_BOUND ( 'NONE', #896, .T. ) ;
#1143 = DIRECTION ( 'NONE',  ( -0.000000000000000000, -0.000000000000000000, -1.000000000000000000 ) ) ;
#1144 = VERTEX_POINT ( 'NONE', #1576 ) ;
#1145 = CARTESIAN_POINT ( 'NONE',  ( 0.000000000000000000, 0.000000000000000000, -21.30000000000000071 ) ) ;
#1146 = VECTOR ( 'NONE', #20, 1000.000000000000000 ) ;
#1147 = EDGE_CURVE ( 'NONE', #1887, #1058, #1619, .T. ) ;
#1148 = CARTESIAN_POINT ( 'NONE',  ( 0.6515469177786060717, 6.971498346046089090, -2.580763540801001454 ) ) ;
#1149 = VECTOR ( 'NONE', #1361, 1000.000000000000000 ) ;
#1150 = ORIENTED_EDGE ( 'NONE', *, *, #1147, .T. ) ;
#1151 = CIRCLE ( 'NONE', #1834, 7.499999999999965361 ) ;
#1152 = EDGE_CURVE ( 'NONE', #2193, #2119, #702, .T. ) ;
#1153 = ADVANCED_FACE ( 'NONE', ( #1813 ), #969, .T. ) ;
#1154 = DIRECTION ( 'NONE',  ( -1.000000000000000000, 0.000000000000000000, 0.000000000000000000 ) ) ;
#1155 = ORIENTED_EDGE ( 'NONE', *, *, #1647, .T. ) ;
#1156 = DIRECTION ( 'NONE',  ( -1.000000000000000000, 0.000000000000000000, 0.000000000000000000 ) ) ;
#1157 = CARTESIAN_POINT ( 'NONE',  ( -2.500000000000000000, 8.645808232895287659, -111.6660119851591730 ) ) ;
#1158 = VERTEX_POINT ( 'NONE', #2101 ) ;
#1159 = CARTESIAN_POINT ( 'NONE',  ( 2.500000000000002220, 6.538348415311009632, -4.999999999999999112 ) ) ;
#1160 = ADVANCED_FACE ( 'NONE', ( #40 ), #454, .F. ) ;
#1161 = ORIENTED_EDGE ( 'NONE', *, *, #459, .T. ) ;
#1162 = CARTESIAN_POINT ( 'NONE',  ( -8.499999999999996447, 1.040949779275249943E-15, -50.88196601125009266 ) ) ;
#1163 = DIRECTION ( 'NONE',  ( -0.000000000000000000, -0.000000000000000000, -1.000000000000000000 ) ) ;
#1164 = EDGE_CURVE ( 'NONE', #284, #2063, #2225, .T. ) ;
#1165 = CARTESIAN_POINT ( 'NONE',  ( 0.1615753644940333134, 9.000042556533754734, -114.0001532035844036 ) ) ;
#1166 = DIRECTION ( 'NONE',  ( -0.000000000000000000, -0.000000000000000000, 1.000000000000000000 ) ) ;
#1167 = EDGE_LOOP ( 'NONE', ( #1856, #1701, #2218, #1210 ) ) ;
#1168 = LINE ( 'NONE', #223, #364 ) ;
#1169 = AXIS2_PLACEMENT_3D ( 'NONE', #205, #1947, #1082 ) ;
#1170 = DIRECTION ( 'NONE',  ( 1.000000000000000000, 0.000000000000000000, 0.000000000000000000 ) ) ;
#1171 = CARTESIAN_POINT ( 'NONE',  ( 2.500000000000002665, 6.538348415311008743, -4.833268021595110930 ) ) ;
#1172 = CARTESIAN_POINT ( 'NONE',  ( 7.499999999999965361, 9.184850993605106529E-16, -28.00000000000000000 ) ) ;
#1173 = EDGE_LOOP ( 'NONE', ( #1155, #1770, #2056, #1067, #1531 ) ) ;
#1174 = ORIENTED_EDGE ( 'NONE', *, *, #2226, .T. ) ;
#1175 = CARTESIAN_POINT ( 'NONE',  ( -0.3302855901422219187, 8.995373840691046397, -74.01651326190919633 ) ) ;
#1176 = DIRECTION ( 'NONE',  ( -0.000000000000000000, -0.000000000000000000, 1.000000000000000000 ) ) ;
#1177 = CIRCLE ( 'NONE', #1203, 13.49999999999999822 ) ;
#1178 = DIRECTION ( 'NONE',  ( 1.224646799147353207E-16, 1.000000000000000000, 0.000000000000000000 ) ) ;
#1179 = ORIENTED_EDGE ( 'NONE', *, *, #211, .F. ) ;
#1180 = CARTESIAN_POINT ( 'NONE',  ( 1.881460268247341361, 6.743446977630969563, -3.345839605771515401 ) ) ;
#1181 = ORIENTED_EDGE ( 'NONE', *, *, #696, .T. ) ;
#1182 = CARTESIAN_POINT ( 'NONE',  ( 0.000000000000000000, 0.000000000000000000, -140.5000000000000284 ) ) ;
#1183 = CONICAL_SURFACE ( 'NONE', #788, 2.024999999999999911, 0.7853981633974316257 ) ;
#1184 = STYLED_ITEM ( 'NONE', ( #1141 ), #630 ) ;
#1185 = CARTESIAN_POINT ( 'NONE',  ( 13.00000000000002487, 1.622657008870244460E-15, -118.0000000000000000 ) ) ;
#1186 = SURFACE_SIDE_STYLE ('',( #967 ) ) ;
#1187 = VERTEX_POINT ( 'NONE', #918 ) ;
#1188 = DIRECTION ( 'NONE',  ( 1.000000000000000000, -0.000000000000000000, 0.000000000000000000 ) ) ;
#1189 = AXIS2_PLACEMENT_3D ( 'NONE', #1630, #802, #1769 ) ;
#1190 = DIRECTION ( 'NONE',  ( -0.000000000000000000, -0.000000000000000000, 1.000000000000000000 ) ) ;
#1191 = ORIENTED_EDGE ( 'NONE', *, *, #902, .F. ) ;
#1192 = ORIENTED_EDGE ( 'NONE', *, *, #2005, .T. ) ;
#1193 = DIRECTION ( 'NONE',  ( -0.000000000000000000, -0.000000000000000000, 1.000000000000000000 ) ) ;
#1194 = EDGE_CURVE ( 'NONE', #2193, #1952, #321, .T. ) ;
#1195 = DIRECTION ( 'NONE',  ( -0.000000000000000000, -0.000000000000000000, 1.000000000000000000 ) ) ;
#1196 = DIRECTION ( 'NONE',  ( -1.000000000000000000, 0.000000000000000000, 0.000000000000000000 ) ) ;
#1197 = CIRCLE ( 'NONE', #1493, 2.500000000000002220 ) ;
#1198 = DIRECTION ( 'NONE',  ( 1.000000000000000000, 0.000000000000000000, 0.000000000000000000 ) ) ;
#1199 = EDGE_CURVE ( 'NONE', #419, #579, #784, .T. ) ;
#1200 = ADVANCED_FACE ( 'NONE', ( #1543 ), #946, .T. ) ;
#1201 = DIRECTION ( 'NONE',  ( -1.000000000000000000, 0.000000000000000000, 0.000000000000000000 ) ) ;
#1202 = CARTESIAN_POINT ( 'NONE',  ( -1.538722317434233267, 8.362847370479943976, -39.49683816704526151 ) ) ;
#1203 = AXIS2_PLACEMENT_3D ( 'NONE', #666, #1706, #849 ) ;
#1204 = DIRECTION ( 'NONE',  ( 1.000000000000000000, 0.000000000000000000, 0.000000000000000000 ) ) ;
#1205 = FACE_OUTER_BOUND ( 'NONE', #851, .T. ) ;
#1206 = DIRECTION ( 'NONE',  ( 0.000000000000000000, 0.000000000000000000, -1.000000000000000000 ) ) ;
#1207 = PRODUCT_DEFINITION_SHAPE ( 'NONE', 'NONE',  #1923 ) ;
#1208 = VERTEX_POINT ( 'NONE', #1242 ) ;
#1209 = CARTESIAN_POINT ( 'NONE',  ( 2.326828918379971365E-15, 4.000000000000000000, -5.000000000000000000 ) ) ;
#1210 = ORIENTED_EDGE ( 'NONE', *, *, #2009, .F. ) ;
#1211 = FACE_OUTER_BOUND ( 'NONE', #70, .T. ) ;
#1212 = CARTESIAN_POINT ( 'NONE',  ( 6.000000000000019540, 7.347880794884142416E-16, 2.936825829912203453E-17 ) ) ;
#1213 = CARTESIAN_POINT ( 'NONE',  ( -8.499999999999996447, 1.040949779275249943E-15, -29.00000000000003553 ) ) ;
#1214 = CARTESIAN_POINT ( 'NONE',  ( 0.1640383513979015717, 9.000000000000000000, -74.00000000000001421 ) ) ;
#1215 = VERTEX_POINT ( 'NONE', #2083 ) ;
#1216 = AXIS2_PLACEMENT_3D ( 'NONE', #1719, #2213, #325 ) ;
#1217 = DIRECTION ( 'NONE',  ( 1.224646799147353207E-16, 1.000000000000000000, 0.000000000000000000 ) ) ;
#1218 = CARTESIAN_POINT ( 'NONE',  ( -0.8074259666332368468, 8.965007195886618874, -74.12827825900644996 ) ) ;
#1219 = CARTESIAN_POINT ( 'NONE',  ( 1.985471613901404808, 8.265386738648846432, -39.02784252424730482 ) ) ;
#1220 =( NAMED_UNIT ( * ) SI_UNIT ( $, .STERADIAN. ) SOLID_ANGLE_UNIT ( ) );
#1221 = CARTESIAN_POINT ( 'NONE',  ( 0.000000000000000000, 0.000000000000000000, -118.4999999999999716 ) ) ;
#1222 = CARTESIAN_POINT ( 'NONE',  ( 2.499999999999999556, 8.645808232895287659, -76.33388871691093414 ) ) ;
#1223 = UNCERTAINTY_MEASURE_WITH_UNIT (LENGTH_MEASURE( 1.000000000000000082E-05 ), #617, 'distance_accuracy_value', 'NONE');
#1224 = ORIENTED_EDGE ( 'NONE', *, *, #1287, .T. ) ;
#1225 = CARTESIAN_POINT ( 'NONE',  ( 0.000000000000000000, -6.000000000000000000, -156.9999999999999716 ) ) ;
#1226 = COLOUR_RGB ( '',0.6470588235294117974, 0.6196078431372549211, 0.5882352941176470784 ) ;
#1227 = EDGE_CURVE ( 'NONE', #1810, #2137, #2199, .T. ) ;
#1228 = CIRCLE ( 'NONE', #1816, 2.500000000000000000 ) ;
#1229 = ADVANCED_FACE ( 'NONE', ( #431 ), #590, .T. ) ;
#1230 = CARTESIAN_POINT ( 'NONE',  ( 2.419555292248989797, 8.668728866722023696, -75.85000492482740242 ) ) ;
#1231 = ORIENTED_EDGE ( 'NONE', *, *, #228, .F. ) ;
#1232 = AXIS2_PLACEMENT_3D ( 'NONE', #1926, #376, #1585 ) ;
#1233 = DIRECTION ( 'NONE',  ( 0.000000000000000000, 0.000000000000000000, -1.000000000000000000 ) ) ;
#1234 = ORIENTED_EDGE ( 'NONE', *, *, #199, .F. ) ;
#1235 = CARTESIAN_POINT ( 'NONE',  ( 0.000000000000000000, 0.000000000000000000, -140.5000000000000284 ) ) ;
#1236 = CARTESIAN_POINT ( 'NONE',  ( 0.1616114053480819102, 8.500046662441880230, -40.00015865237143231 ) ) ;
#1237 = CIRCLE ( 'NONE', #2178, 13.00000000000002487 ) ;
#1238 = AXIS2_PLACEMENT_3D ( 'NONE', #127, #137, #1198 ) ;
#1239 = ORIENTED_EDGE ( 'NONE', *, *, #1647, .F. ) ;
#1240 = CARTESIAN_POINT ( 'NONE',  ( 0.000000000000000000, 7.000000000000000000, -28.00000000000000000 ) ) ;
#1241 = VECTOR ( 'NONE', #676, 1000.000000000000000 ) ;
#1242 = CARTESIAN_POINT ( 'NONE',  ( 2.500000000000002220, 4.000000000000000000, -4.999999999999999112 ) ) ;
#1243 = ORIENTED_EDGE ( 'NONE', *, *, #1152, .T. ) ;
#1244 = CARTESIAN_POINT ( 'NONE',  ( -2.499999999999999112, 7.071067811865438202, -28.00000000000000000 ) ) ;
#1245 = VERTEX_POINT ( 'NONE', #254 ) ;
#1246 = EDGE_CURVE ( 'NONE', #1450, #1446, #146, .T. ) ;
#1247 = CARTESIAN_POINT ( 'NONE',  ( 0.000000000000000000, 0.000000000000000000, -70.50000000000000000 ) ) ;
#1248 =( NAMED_UNIT ( * ) PLANE_ANGLE_UNIT ( ) SI_UNIT ( $, .RADIAN. ) );
#1249 = EDGE_CURVE ( 'NONE', #2011, #1275, #2042, .T. ) ;
#1250 = CARTESIAN_POINT ( 'NONE',  ( -2.458966566627299954, 6.554457454136165317, -22.52196395335097279 ) ) ;
#1251 = AXIS2_PLACEMENT_3D ( 'NONE', #1282, #418, #927 ) ;
#1252 = EDGE_LOOP ( 'NONE', ( #1818, #1591, #1867, #1127 ) ) ;
#1253 = CARTESIAN_POINT ( 'NONE',  ( 0.000000000000000000, 0.000000000000000000, -0.9999999999999913403 ) ) ;
#1254 = ORIENTED_EDGE ( 'NONE', *, *, #546, .F. ) ;
#1255 = PLANE ( 'NONE',  #505 ) ;
#1256 = ORIENTED_EDGE ( 'NONE', *, *, #2074, .T. ) ;
#1257 = ADVANCED_FACE ( 'NONE', ( #1374 ), #13, .F. ) ;
#1258 = FACE_OUTER_BOUND ( 'NONE', #835, .T. ) ;
#1259 = CARTESIAN_POINT ( 'NONE',  ( -0.8094576600135359179, 6.954737297487741721, -2.628935911959501937 ) ) ;
#1260 = ADVANCED_FACE ( 'NONE', ( #1811 ), #1839, .F. ) ;
#1261 = ORIENTED_EDGE ( 'NONE', *, *, #602, .F. ) ;
#1262 = DIRECTION ( 'NONE',  ( 0.000000000000000000, 0.000000000000000000, -1.000000000000000000 ) ) ;
#1263 = VECTOR ( 'NONE', #575, 1000.000000000000000 ) ;
#1264 = STYLED_ITEM ( 'NONE', ( #748 ), #248 ) ;
#1265 = ORIENTED_EDGE ( 'NONE', *, *, #1854, .T. ) ;
#1266 = FACE_OUTER_BOUND ( 'NONE', #708, .T. ) ;
#1267 = ADVANCED_FACE ( 'NONE', ( #1922 ), #1095, .F. ) ;
#1268 = VECTOR ( 'NONE', #1413, 1000.000000000000000 ) ;
#1269 = DIRECTION ( 'NONE',  ( 0.000000000000000000, -0.000000000000000000, 1.000000000000000000 ) ) ;
#1270 = CARTESIAN_POINT ( 'NONE',  ( 8.499999999999996447, 0.000000000000000000, 0.000000000000000000 ) ) ;
#1271 = CARTESIAN_POINT ( 'NONE',  ( -8.499999999999996447, 1.040949779275249943E-15, -53.11803398874988602 ) ) ;
#1272 = EDGE_CURVE ( 'NONE', #1086, #1880, #1782, .T. ) ;
#1273 = CARTESIAN_POINT ( 'NONE',  ( 2.500000000000000000, 5.999999999999997335, -76.49999999999998579 ) ) ;
#1274 = EDGE_CURVE ( 'NONE', #837, #2143, #1592, .T. ) ;
#1275 = VERTEX_POINT ( 'NONE', #64 ) ;
#1276 = AXIS2_PLACEMENT_3D ( 'NONE', #159, #1004, #1714 ) ;
#1277 = ORIENTED_EDGE ( 'NONE', *, *, #965, .T. ) ;
#1278 = VERTEX_POINT ( 'NONE', #750 ) ;
#1279 = CARTESIAN_POINT ( 'NONE',  ( 2.500000000000002220, 4.000000000000000000, -4.999999999999999112 ) ) ;
#1280 = VECTOR ( 'NONE', #1815, 1000.000000000000000 ) ;
#1281 = ADVANCED_FACE ( 'NONE', ( #1022 ), #1449, .F. ) ;
#1282 = CARTESIAN_POINT ( 'NONE',  ( 2.500000000000000000, 5.999999999999997335, -76.49999999999998579 ) ) ;
#1283 = DIRECTION ( 'NONE',  ( 1.000000000000000000, 0.000000000000000000, 0.000000000000000000 ) ) ;
#1284 = LINE ( 'NONE', #188, #1659 ) ;
#1285 = EDGE_LOOP ( 'NONE', ( #677, #1917, #705, #65 ) ) ;
#1286 = ORIENTED_EDGE ( 'NONE', *, *, #1829, .F. ) ;
#1287 = EDGE_CURVE ( 'NONE', #827, #1887, #897, .T. ) ;
#1288 = DIRECTION ( 'NONE',  ( 1.495451272393799296E-16, 0.000000000000000000, 1.000000000000000000 ) ) ;
#1289 = VECTOR ( 'NONE', #361, 1000.000000000000000 ) ;
#1290 = AXIS2_PLACEMENT_3D ( 'NONE', #1438, #1608, #888 ) ;
#1291 = DIRECTION ( 'NONE',  ( -0.000000000000000000, -0.000000000000000000, 1.000000000000000000 ) ) ;
#1292 = DIRECTION ( 'NONE',  ( 1.000000000000000000, 0.000000000000000000, 0.000000000000000000 ) ) ;
#1293 = DIRECTION ( 'NONE',  ( -0.000000000000000000, -0.000000000000000000, 1.000000000000000000 ) ) ;
#1294 = DIRECTION ( 'NONE',  ( -0.000000000000000000, 1.000000000000000000, -0.000000000000000000 ) ) ;
#1295 = SURFACE_SIDE_STYLE ('',( #1419 ) ) ;
#1296 = EDGE_CURVE ( 'NONE', #1749, #641, #1539, .T. ) ;
#1297 = ADVANCED_FACE ( 'NONE', ( #259 ), #646, .T. ) ;
#1298 = DIRECTION ( 'NONE',  ( -0.000000000000000000, -0.000000000000000000, -1.000000000000000000 ) ) ;
#1299 = ORIENTED_EDGE ( 'NONE', *, *, #2106, .F. ) ;
#1300 = ORIENTED_EDGE ( 'NONE', *, *, #1898, .T. ) ;
#1301 = DIRECTION ( 'NONE',  ( 1.000000000000000000, 0.000000000000000000, 0.000000000000000000 ) ) ;
#1302 = EDGE_LOOP ( 'NONE', ( #928, #2184, #1501 ) ) ;
#1303 = AXIS2_PLACEMENT_3D ( 'NONE', #1225, #1056, #186 ) ;
#1304 = VECTOR ( 'NONE', #659, 1000.000000000000000 ) ;
#1305 = LINE ( 'NONE', #106, #279 ) ;
#1306 = CARTESIAN_POINT ( 'NONE',  ( 0.000000000000000000, 0.000000000000000000, -28.00000000000000000 ) ) ;
#1307 = CARTESIAN_POINT ( 'NONE',  ( 0.000000000000000000, 0.000000000000000000, -28.00000000000000000 ) ) ;
#1308 = B_SPLINE_CURVE_WITH_KNOTS ( 'NONE', 3,
 ( #660, #1007, #1175, #2057, #1218, #1031, #1920, #1735, #2222, #1023, #539, #162, #1382, #2232, #352, #699 ),
 .UNSPECIFIED., .F., .F.,
 ( 4, 2, 2, 2, 2, 2, 2, 4 ),
 ( 0.003928481631972062516, 0.004418954744462390283, 0.004909427856952718050, 0.005890374081933372717, 0.006380847194423685739, 0.006871320306913997894, 0.007361793419404311783, 0.007852266531894623938 ),
 .UNSPECIFIED. ) ;
#1309 = EDGE_CURVE ( 'NONE', #827, #741, #207, .T. ) ;
#1310 = CIRCLE ( 'NONE', #2093, 13.00000000000002487 ) ;
#1311 = VECTOR ( 'NONE', #1195, 1000.000000000000000 ) ;
#1312 = ORIENTED_EDGE ( 'NONE', *, *, #240, .F. ) ;
#1313 = DIRECTION ( 'NONE',  ( 0.000000000000000000, 0.000000000000000000, 1.000000000000000000 ) ) ;
#1314 = EDGE_CURVE ( 'NONE', #1055, #1764, #319, .T. ) ;
#1315 = ORIENTED_EDGE ( 'NONE', *, *, #1739, .T. ) ;
#1316 = DIRECTION ( 'NONE',  ( 1.000000000000000000, 0.000000000000000000, 0.000000000000000000 ) ) ;
#1317 = CARTESIAN_POINT ( 'NONE',  ( -2.419650731938908006, 8.668702076293650194, -112.1496150082150933 ) ) ;
#1318 = ORIENTED_EDGE ( 'NONE', *, *, #1871, .F. ) ;
#1319 = CONICAL_SURFACE ( 'NONE', #672, 8.499999999999992895, 0.7853981633974378429 ) ;
#1320 = AXIS2_PLACEMENT_3D ( 'NONE', #1404, #365, #714 ) ;
#1321 = CARTESIAN_POINT ( 'NONE',  ( 2.024999999999999911, -6.000000000000000000, -156.9999999999999716 ) ) ;
#1322 = ORIENTED_EDGE ( 'NONE', *, *, #29, .T. ) ;
#1323 = DIRECTION ( 'NONE',  ( -0.000000000000000000, -0.000000000000000000, 1.000000000000000000 ) ) ;
#1324 = CARTESIAN_POINT ( 'NONE',  ( 0.3279804383019750968, 6.994192691589315558, -2.516122534488516749 ) ) ;
#1325 = ORIENTED_EDGE ( 'NONE', *, *, #807, .F. ) ;
#1326 = ADVANCED_FACE ( 'NONE', ( #1050 ), #836, .F. ) ;
#1327 = DIRECTION ( 'NONE',  ( -0.000000000000000000, 1.000000000000000000, -0.000000000000000000 ) ) ;
#1328 = VERTEX_POINT ( 'NONE', #1549 ) ;
#1329 = ORIENTED_EDGE ( 'NONE', *, *, #2074, .F. ) ;
#1330 = STYLED_ITEM ( 'NONE', ( #992 ), #1297 ) ;
#1331 = ADVANCED_FACE ( 'NONE', ( #783 ), #59, .T. ) ;
#1332 = CARTESIAN_POINT ( 'NONE',  ( 1.882716881092617145, 8.801663210049710528, -113.1529011698206801 ) ) ;
#1333 = FACE_OUTER_BOUND ( 'NONE', #256, .T. ) ;
#1334 = PLANE ( 'NONE',  #716 ) ;
#1335 = AXIS2_PLACEMENT_3D ( 'NONE', #132, #1716, #515 ) ;
#1336 = VECTOR ( 'NONE', #1135, 1000.000000000000000 ) ;
#1337 = ORIENTED_EDGE ( 'NONE', *, *, #841, .F. ) ;
#1338 = DIRECTION ( 'NONE',  ( -1.000000000000000000, 0.000000000000000000, 0.000000000000000000 ) ) ;
#1339 = VERTEX_POINT ( 'NONE', #2210 ) ;
#1340 = CARTESIAN_POINT ( 'NONE',  ( 1.535930425034903513, 8.871105353868076193, -113.4994344839566054 ) ) ;
#1341 = FACE_OUTER_BOUND ( 'NONE', #1017, .T. ) ;
#1342 = EDGE_CURVE ( 'NONE', #977, #1358, #1644, .T. ) ;
#1343 = DIRECTION ( 'NONE',  ( -0.000000000000000000, -0.000000000000000000, 1.000000000000000000 ) ) ;
#1344 = ORIENTED_EDGE ( 'NONE', *, *, #240, .T. ) ;
#1345 = CARTESIAN_POINT ( 'NONE',  ( -1.649999999999997691, -6.000000000000000000, -156.9999999999999716 ) ) ;
#1346 = DIRECTION ( 'NONE',  ( -0.000000000000000000, -0.000000000000000000, 1.000000000000000000 ) ) ;
#1347 = ORIENTED_EDGE ( 'NONE', *, *, #1199, .F. ) ;
#1348 = AXIS2_PLACEMENT_3D ( 'NONE', #653, #999, #1522 ) ;
#1349 = AXIS2_PLACEMENT_3D ( 'NONE', #357, #1233, #5 ) ;
#1350 = DIRECTION ( 'NONE',  ( -0.000000000000000000, -0.000000000000000000, 1.000000000000000000 ) ) ;
#1351 = ORIENTED_EDGE ( 'NONE', *, *, #709, .F. ) ;
#1352 = ADVANCED_FACE ( 'NONE', ( #1968 ), #9, .F. ) ;
#1353 = DIRECTION ( 'NONE',  ( 0.000000000000000000, 0.000000000000000000, 1.000000000000000000 ) ) ;
#1354 = CARTESIAN_POINT ( 'NONE',  ( 0.000000000000000000, 5.999999999999997335, -111.4999999999999858 ) ) ;
#1355 =( NAMED_UNIT ( * ) SI_UNIT ( $, .STERADIAN. ) SOLID_ANGLE_UNIT ( ) );
#1356 = EDGE_CURVE ( 'NONE', #1749, #1055, #989, .T. ) ;
#1357 = EDGE_LOOP ( 'NONE', ( #89, #1865, #1654, #1724 ) ) ;
#1358 = VERTEX_POINT ( 'NONE', #1008 ) ;
#1359 = CARTESIAN_POINT ( 'NONE',  ( 0.000000000000000000, 0.000000000000000000, 0.000000000000000000 ) ) ;
#1360 = CARTESIAN_POINT ( 'NONE',  ( 0.000000000000000000, 0.000000000000000000, -21.30000000000000071 ) ) ;
#1361 = DIRECTION ( 'NONE',  ( -0.8571673007021144430, 0.000000000000000000, -0.5150380749100507138 ) ) ;
#1362 = EDGE_CURVE ( 'NONE', #1943, #2020, #2004, .T. ) ;
#1363 = FACE_OUTER_BOUND ( 'NONE', #2192, .T. ) ;
#1364 = FACE_OUTER_BOUND ( 'NONE', #182, .T. ) ;
#1365 = DIRECTION ( 'NONE',  ( -1.000000000000000000, 0.000000000000000000, 0.000000000000000000 ) ) ;
#1366 = AXIS2_PLACEMENT_3D ( 'NONE', #1974, #1089, #1798 ) ;
#1367 = CARTESIAN_POINT ( 'NONE',  ( 0.000000000000000000, 0.000000000000000000, -118.0000000000000000 ) ) ;
#1368 = CARTESIAN_POINT ( 'NONE',  ( 7.400000000000000355, 0.000000000000000000, -21.00000000000000000 ) ) ;
#1369 = EDGE_LOOP ( 'NONE', ( #1980, #1645, #2072, #812 ) ) ;
#1370 = FACE_OUTER_BOUND ( 'NONE', #55, .T. ) ;
#1371 = ORIENTED_EDGE ( 'NONE', *, *, #809, .F. ) ;
#1372 = CARTESIAN_POINT ( 'NONE',  ( 0.000000000000000000, 6.699999999999997513, -28.00000000000000000 ) ) ;
#1373 = EDGE_LOOP ( 'NONE', ( #1761, #557, #1604, #292 ) ) ;
#1374 = FACE_OUTER_BOUND ( 'NONE', #1924, .T. ) ;
#1375 = SURFACE_STYLE_USAGE ( .BOTH. , #1295 ) ;
#1376 = DIRECTION ( 'NONE',  ( -0.000000000000000000, -0.000000000000000000, 1.000000000000000000 ) ) ;
#1377 = CARTESIAN_POINT ( 'NONE',  ( 0.000000000000000000, 0.000000000000000000, -21.00000000000000000 ) ) ;
#1378 = EDGE_LOOP ( 'NONE', ( #1908, #39, #1732, #2158 ) ) ;
#1379 = COLOUR_RGB ( '',0.6470588235294117974, 0.6196078431372549211, 0.5882352941176470784 ) ;
#1380 = ADVANCED_FACE ( 'NONE', ( #1507 ), #644, .T. ) ;
#1381 = AXIS2_PLACEMENT_3D ( 'NONE', #858, #333, #1201 ) ;
#1382 = CARTESIAN_POINT ( 'NONE',  ( -2.418533626315976903, 8.669015395399037871, -75.84603418043968759 ) ) ;
#1383 = CARTESIAN_POINT ( 'NONE',  ( 1.261790954660239716, 8.411386005727903736, -39.68314382097888426 ) ) ;
#1384 = DIRECTION ( 'NONE',  ( 1.000000000000000000, 0.000000000000000000, 0.000000000000000000 ) ) ;
#1385 = CARTESIAN_POINT ( 'NONE',  ( 2.602085213965210642E-15, 6.000000000000000000, -143.4999999999999716 ) ) ;
#1386 = DIRECTION ( 'NONE',  ( 0.000000000000000000, 0.000000000000000000, -1.000000000000000000 ) ) ;
#1387 = ORIENTED_EDGE ( 'NONE', *, *, #151, .T. ) ;
#1388 = CARTESIAN_POINT ( 'NONE',  ( 9.000000000000000000, 0.000000000000000000, -118.0000000000000000 ) ) ;
#1389 = EDGE_CURVE ( 'NONE', #933, #877, #2171, .T. ) ;
#1390 = DIRECTION ( 'NONE',  ( -1.000000000000000000, 0.000000000000000000, 0.000000000000000000 ) ) ;
#1391 = ORIENTED_EDGE ( 'NONE', *, *, #2088, .T. ) ;
#1392 = VERTEX_POINT ( 'NONE', #1388 ) ;
#1393 = TOROIDAL_SURFACE ( 'NONE', #746, 7.400000000000000355, 0.4999999999999991673 ) ;
#1394 = DIRECTION ( 'NONE',  ( 0.000000000000000000, 0.000000000000000000, 1.000000000000000000 ) ) ;
#1395 = EDGE_CURVE ( 'NONE', #1105, #987, #862, .T. ) ;
#1396 = CARTESIAN_POINT ( 'NONE',  ( -2.500000000000000444, 6.699999999999997513, -37.50000000000000000 ) ) ;
#1397 = CARTESIAN_POINT ( 'NONE',  ( -2.499999999999999112, 6.431174076325412159, -20.94557854318795975 ) ) ;
#1398 = CIRCLE ( 'NONE', #289, 2.024999999999999911 ) ;
#1399 = DIRECTION ( 'NONE',  ( -0.000000000000000000, -0.000000000000000000, 1.000000000000000000 ) ) ;
#1400 = CARTESIAN_POINT ( 'NONE',  ( 2.500000000000000000, 8.645808232895289436, -76.49999999999998579 ) ) ;
#1401 = AXIS2_PLACEMENT_3D ( 'NONE', #1962, #1953, #627 ) ;
#1402 = APPLICATION_PROTOCOL_DEFINITION ( 'draft international standard', 'automotive_design', 1998, #1057 ) ;
#1403 = ORIENTED_EDGE ( 'NONE', *, *, #1433, .T. ) ;
#1404 = CARTESIAN_POINT ( 'NONE',  ( 2.602085213965210642E-15, 6.000000000000000000, -156.9999999999999716 ) ) ;
#1405 = ORIENTED_EDGE ( 'NONE', *, *, #1389, .F. ) ;
#1406 = EDGE_CURVE ( 'NONE', #1275, #651, #806, .T. ) ;
#1407 = CARTESIAN_POINT ( 'NONE',  ( 0.8059708819773770960, 8.463084170387235261, -39.87222875720065929 ) ) ;
#1408 = VERTEX_POINT ( 'NONE', #181 ) ;
#1409 = SURFACE_SIDE_STYLE ('',( #1115 ) ) ;
#1410 = AXIS2_PLACEMENT_3D ( 'NONE', #749, #1938, #1601 ) ;
#1411 = CARTESIAN_POINT ( 'NONE',  ( 0.8086675387817190419, 8.964871431178107031, -74.12880615962281183 ) ) ;
#1412 = ORIENTED_EDGE ( 'NONE', *, *, #434, .T. ) ;
#1413 = DIRECTION ( 'NONE',  ( -0.000000000000000000, -0.000000000000000000, 1.000000000000000000 ) ) ;
#1414 = AXIS2_PLACEMENT_3D ( 'NONE', #435, #1805, #768 ) ;
#1415 = CARTESIAN_POINT ( 'NONE',  ( 8.499999999999996447, 0.000000000000000000, -50.88196601125009266 ) ) ;
#1416 = APPLICATION_PROTOCOL_DEFINITION ( 'draft international standard', 'automotive_design', 1998, #1066 ) ;
#1417 = EDGE_LOOP ( 'NONE', ( #1795, #953 ) ) ;
#1418 = DIRECTION ( 'NONE',  ( 0.000000000000000000, 0.000000000000000000, -1.000000000000000000 ) ) ;
#1419 = SURFACE_STYLE_FILL_AREA ( #1977 ) ;
#1420 =( NAMED_UNIT ( * ) SI_UNIT ( $, .STERADIAN. ) SOLID_ANGLE_UNIT ( ) );
#1421 = LINE ( 'NONE', #514, #745 ) ;
#1422 = DIRECTION ( 'NONE',  ( -0.000000000000000000, -0.000000000000000000, 1.000000000000000000 ) ) ;
#1423 = MECHANICAL_DESIGN_GEOMETRIC_PRESENTATION_REPRESENTATION (  '', ( #1184 ), #652 ) ;
#1424 = ORIENTED_EDGE ( 'NONE', *, *, #1117, .T. ) ;
#1425 = CARTESIAN_POINT ( 'NONE',  ( 0.000000000000000000, 0.000000000000000000, -28.00000000000000000 ) ) ;
#1426 = FACE_OUTER_BOUND ( 'NONE', #753, .T. ) ;
#1427 =( GEOMETRIC_REPRESENTATION_CONTEXT ( 3 ) GLOBAL_UNCERTAINTY_ASSIGNED_CONTEXT ( ( #395 ) ) GLOBAL_UNIT_ASSIGNED_CONTEXT ( ( #845, #141, #130 ) ) REPRESENTATION_CONTEXT ( 'NONE', 'WORKASPACE' ) );
#1428 = ORIENTED_EDGE ( 'NONE', *, *, #1152, .F. ) ;
#1429 = DIRECTION ( 'NONE',  ( 1.000000000000000000, 0.000000000000000000, 0.000000000000000000 ) ) ;
#1430 = CARTESIAN_POINT ( 'NONE',  ( -8.999999999999998224, 1.102182119232617517E-15, 0.000000000000000000 ) ) ;
#1431 = VERTEX_POINT ( 'NONE', #1788 ) ;
#1432 = CIRCLE ( 'NONE', #510, 7.000000000000000000 ) ;
#1433 = EDGE_CURVE ( 'NONE', #941, #1158, #375, .T. ) ;
#1434 = DIRECTION ( 'NONE',  ( 1.000000000000000000, 0.000000000000000000, 0.000000000000000000 ) ) ;
#1435 = DIRECTION ( 'NONE',  ( -0.000000000000000000, -0.000000000000000000, 1.000000000000000000 ) ) ;
#1436 = CARTESIAN_POINT ( 'NONE',  ( -0.3314691202279976823, 6.994004769668719312, -2.516652123604827818 ) ) ;
#1437 = DIRECTION ( 'NONE',  ( -0.000000000000000000, -0.000000000000000000, 1.000000000000000000 ) ) ;
#1438 = CARTESIAN_POINT ( 'NONE',  ( 0.000000000000000000, 0.000000000000000000, 0.000000000000000000 ) ) ;
#1439 = ORIENTED_EDGE ( 'NONE', *, *, #1965, .F. ) ;
#1440 = EDGE_CURVE ( 'NONE', #404, #886, #671, .T. ) ;
#1441 = CARTESIAN_POINT ( 'NONE',  ( 2.500000000000000000, 4.000000000000000000, -22.00000000000000000 ) ) ;
#1442 = AXIS2_PLACEMENT_3D ( 'NONE', #609, #1817, #1975 ) ;
#1443 = DIRECTION ( 'NONE',  ( 0.000000000000000000, 0.000000000000000000, -1.000000000000000000 ) ) ;
#1444 = ADVANCED_FACE ( 'NONE', ( #57 ), #425, .T. ) ;
#1445 = CARTESIAN_POINT ( 'NONE',  ( 0.000000000000000000, 7.000000000000000000, 2.936825829912203453E-17 ) ) ;
#1446 = VERTEX_POINT ( 'NONE', #277 ) ;
#1447 = ORIENTED_EDGE ( 'NONE', *, *, #387, .T. ) ;
#1448 = LINE ( 'NONE', #1172, #1743 ) ;
#1449 = PLANE ( 'NONE',  #1945 ) ;
#1450 = VERTEX_POINT ( 'NONE', #1043 ) ;
#1451 = DIRECTION ( 'NONE',  ( -0.000000000000000000, -0.000000000000000000, -1.000000000000000000 ) ) ;
#1452 = STYLED_ITEM ( 'NONE', ( #1868 ), #1352 ) ;
#1453 = ORIENTED_EDGE ( 'NONE', *, *, #1440, .F. ) ;
#1454 = VECTOR ( 'NONE', #1570, 1000.000000000000000 ) ;
#1455 = ORIENTED_EDGE ( 'NONE', *, *, #348, .T. ) ;
#1456 = PRESENTATION_LAYER_ASSIGNMENT (  '', '', ( #1956 ) ) ;
#1457 = VERTEX_POINT ( 'NONE', #1133 ) ;
#1458 = DIRECTION ( 'NONE',  ( -0.000000000000000000, -0.000000000000000000, 1.000000000000000000 ) ) ;
#1459 = COLOUR_RGB ( '',0.6470588235294117974, 0.6196078431372549211, 0.5882352941176470784 ) ;
#1460 = ORIENTED_EDGE ( 'NONE', *, *, #1812, .T. ) ;
#1461 = EDGE_CURVE ( 'NONE', #1187, #402, #1841, .T. ) ;
#1462 = CARTESIAN_POINT ( 'NONE',  ( -2.483269190063183363, 6.544813944776213255, -4.667380355193095909 ) ) ;
#1463 = ORIENTED_EDGE ( 'NONE', *, *, #1812, .F. ) ;
#1464 = DIRECTION ( 'NONE',  ( -0.000000000000000000, -0.000000000000000000, 1.000000000000000000 ) ) ;
#1465 = AXIS2_PLACEMENT_3D ( 'NONE', #937, #1478, #263 ) ;
#1466 = CARTESIAN_POINT ( 'NONE',  ( -2.499999999999994671, 8.124038404635959054, -29.00000000000003553 ) ) ;
#1467 = AXIS2_PLACEMENT_3D ( 'NONE', #1652, #600, #1993 ) ;
#1468 = CARTESIAN_POINT ( 'NONE',  ( -1.985569769551716046, 6.713157132757498147, -3.472304254585159899 ) ) ;
#1469 = ORIENTED_EDGE ( 'NONE', *, *, #1660, .T. ) ;
#1470 = CYLINDRICAL_SURFACE ( 'NONE', #129, 2.500000000000000000 ) ;
#1471 = CARTESIAN_POINT ( 'NONE',  ( 2.602085213965210642E-15, 6.000000000000000000, -156.9999999999999716 ) ) ;
#1472 = CIRCLE ( 'NONE', #54, 2.499999999999998668 ) ;
#1473 = EDGE_CURVE ( 'NONE', #1952, #314, #401, .T. ) ;
#1474 = CIRCLE ( 'NONE', #1139, 6.900000000000001243 ) ;
#1475 = VERTEX_POINT ( 'NONE', #1875 ) ;
#1476 = EDGE_CURVE ( 'NONE', #2000, #1215, #942, .T. ) ;
#1477 = ADVANCED_FACE ( 'NONE', ( #2196 ), #1866, .F. ) ;
#1478 = DIRECTION ( 'NONE',  ( 0.000000000000000000, 0.000000000000000000, -1.000000000000000000 ) ) ;
#1479 = FACE_OUTER_BOUND ( 'NONE', #1495, .T. ) ;
#1480 = CARTESIAN_POINT ( 'NONE',  ( 2.027313493271339251, 6.699999999999997513, -23.46287388383276351 ) ) ;
#1481 = CARTESIAN_POINT ( 'NONE',  ( 2.500000000000000000, 6.538348415311009632, -22.00000000000000000 ) ) ;
#1482 = AXIS2_PLACEMENT_3D ( 'NONE', #2002, #1129, #1832 ) ;
#1483 = ORIENTED_EDGE ( 'NONE', *, *, #1249, .T. ) ;
#1484 = VECTOR ( 'NONE', #198, 1000.000000000000000 ) ;
#1485 = ORIENTED_EDGE ( 'NONE', *, *, #1590, .F. ) ;
#1486 = CIRCLE ( 'NONE', #1876, 9.999999999999998224 ) ;
#1487 = SURFACE_STYLE_USAGE ( .BOTH. , #2159 ) ;
#1488 = DIRECTION ( 'NONE',  ( -1.000000000000000000, 0.000000000000000000, 0.000000000000000000 ) ) ;
#1489 = CARTESIAN_POINT ( 'NONE',  ( -2.499999999999999112, 4.000000000000000000, -22.00000000000000000 ) ) ;
#1490 = ORIENTED_EDGE ( 'NONE', *, *, #1356, .F. ) ;
#1491 = EDGE_LOOP ( 'NONE', ( #1556, #1403, #1589, #1040 ) ) ;
#1492 = DIRECTION ( 'NONE',  ( -0.000000000000000000, -0.000000000000000000, -1.000000000000000000 ) ) ;
#1493 = AXIS2_PLACEMENT_3D ( 'NONE', #1354, #1014, #1708 ) ;
#1494 = DIRECTION ( 'NONE',  ( 0.000000000000000000, 0.000000000000000000, -1.000000000000000000 ) ) ;
#1495 = EDGE_LOOP ( 'NONE', ( #1903, #1483, #790, #1179 ) ) ;
#1496 = ORIENTED_EDGE ( 'NONE', *, *, #250, .F. ) ;
#1497 = CARTESIAN_POINT ( 'NONE',  ( -2.500000000000000000, 5.999999999999997335, -76.49999999999998579 ) ) ;
#1498 = FILL_AREA_STYLE ('',( #804 ) ) ;
#1499 = COLOUR_RGB ( '',0.6470588235294117974, 0.6196078431372549211, 0.5882352941176470784 ) ;
#1500 = EDGE_CURVE ( 'NONE', #941, #331, #1120, .T. ) ;
#1501 = ORIENTED_EDGE ( 'NONE', *, *, #1476, .T. ) ;
#1502 = DIRECTION ( 'NONE',  ( -1.000000000000000000, 0.000000000000000000, 0.000000000000000000 ) ) ;
#1503 = VECTOR ( 'NONE', #108, 1000.000000000000000 ) ;
#1504 = EDGE_LOOP ( 'NONE', ( #991, #2231, #1649, #1551, #225, #800 ) ) ;
#1505 = EDGE_CURVE ( 'NONE', #1055, #1870, #1097, .T. ) ;
#1506 = FILL_AREA_STYLE_COLOUR ( '', #1459 ) ;
#1507 = FACE_OUTER_BOUND ( 'NONE', #19, .T. ) ;
#1508 = CARTESIAN_POINT ( 'NONE',  ( -2.371213343586804800, 8.682256344048148833, -112.3087880376319845 ) ) ;
#1509 = EDGE_LOOP ( 'NONE', ( #1048, #489 ) ) ;
#1510 = COLOUR_RGB ( '',0.6470588235294117974, 0.6196078431372549211, 0.5882352941176470784 ) ;
#1511 = DIRECTION ( 'NONE',  ( -1.000000000000000000, 0.000000000000000000, 1.495451272393799296E-16 ) ) ;
#1512 = CARTESIAN_POINT ( 'NONE',  ( 2.449293598294708880E-16, 4.000000000000000000, -22.00000000000000000 ) ) ;
#1513 = CARTESIAN_POINT ( 'NONE',  ( 0.000000000000000000, 0.000000000000000000, -140.5000000000000284 ) ) ;
#1514 = ORIENTED_EDGE ( 'NONE', *, *, #1829, .T. ) ;
#1515 = EDGE_CURVE ( 'NONE', #599, #1625, #110, .T. ) ;
#1516 = CARTESIAN_POINT ( 'NONE',  ( 2.500000000000000000, 8.645808232895289436, -111.4999999999999858 ) ) ;
#1517 = PLANE ( 'NONE',  #322 ) ;
#1518 = DIRECTION ( 'NONE',  ( 0.000000000000000000, 1.000000000000000000, 0.000000000000000000 ) ) ;
#1519 = EDGE_CURVE ( 'NONE', #1187, #977, #1808, .T. ) ;
#1520 = CARTESIAN_POINT ( 'NONE',  ( 0.000000000000000000, -6.000000000000000000, -143.4999999999999716 ) ) ;
#1521 = ORIENTED_EDGE ( 'NONE', *, *, #1976, .T. ) ;
#1522 = DIRECTION ( 'NONE',  ( 1.000000000000000000, 0.000000000000000000, 0.000000000000000000 ) ) ;
#1523 = CARTESIAN_POINT ( 'NONE',  ( -2.245364342574052596, 8.198329403381652725, -38.61136041716605405 ) ) ;
#1524 = AXIS2_PLACEMENT_3D ( 'NONE', #1306, #1293, #607 ) ;
#1525 = CARTESIAN_POINT ( 'NONE',  ( -0.6520370462814475410, 8.977806641556451694, -113.9190863709015531 ) ) ;
#1526 = VECTOR ( 'NONE', #385, 1000.000000000000000 ) ;
#1527 = CARTESIAN_POINT ( 'NONE',  ( 2.370335615379312699, 6.586802084227189269, -4.188648666253215858 ) ) ;
#1528 = VECTOR ( 'NONE', #789, 1000.000000000000000 ) ;
#1529 = DIRECTION ( 'NONE',  ( -0.000000000000000000, -0.000000000000000000, -1.000000000000000000 ) ) ;
#1530 = SHAPE_DEFINITION_REPRESENTATION ( #1207, #2152 ) ;
#1531 = ORIENTED_EDGE ( 'NONE', *, *, #462, .T. ) ;
#1532 = CARTESIAN_POINT ( 'NONE',  ( -2.500000000000000000, 8.645808232895289436, -111.4999999999999858 ) ) ;
#1533 = CIRCLE ( 'NONE', #773, 2.500000000000002220 ) ;
#1534 = EDGE_CURVE ( 'NONE', #1431, #404, #1992, .T. ) ;
#1535 = CARTESIAN_POINT ( 'NONE',  ( 1.538361730948275996, 6.832958561941400610, -3.003002106144386119 ) ) ;
#1536 = ORIENTED_EDGE ( 'NONE', *, *, #2048, .F. ) ;
#1537 = CARTESIAN_POINT ( 'NONE',  ( -9.000000000000000000, 1.102182119232617714E-15, -118.0000000000000000 ) ) ;
#1538 = ORIENTED_EDGE ( 'NONE', *, *, #625, .F. ) ;
#1539 = LINE ( 'NONE', #1270, #1123 ) ;
#1540 = AXIS2_PLACEMENT_3D ( 'NONE', #330, #1029, #1301 ) ;
#1541 = DIRECTION ( 'NONE',  ( -0.000000000000000000, -0.000000000000000000, 1.000000000000000000 ) ) ;
#1542 = ORIENTED_EDGE ( 'NONE', *, *, #1787, .F. ) ;
#1543 = FACE_OUTER_BOUND ( 'NONE', #114, .T. ) ;
#1544 = ADVANCED_FACE ( 'NONE', ( #2141 ), #1966, .F. ) ;
#1545 = CARTESIAN_POINT ( 'NONE',  ( 7.499999999999965361, 9.797174393178801992E-16, -28.00000000000000000 ) ) ;
#1546 = AXIS2_PLACEMENT_3D ( 'NONE', #2047, #488, #1554 ) ;
#1547 = DIRECTION ( 'NONE',  ( 0.000000000000000000, 0.000000000000000000, -1.000000000000000000 ) ) ;
#1548 = DIRECTION ( 'NONE',  ( 0.000000000000000000, 0.000000000000000000, -1.000000000000000000 ) ) ;
#1549 = CARTESIAN_POINT ( 'NONE',  ( -2.499999999999999112, 6.538348415308626649, -21.30000000000268656 ) ) ;
#1550 = EDGE_CURVE ( 'NONE', #2018, #613, #258, .T. ) ;
#1551 = ORIENTED_EDGE ( 'NONE', *, *, #17, .T. ) ;
#1552 = DIRECTION ( 'NONE',  ( 0.7071067811865439090, 8.659560562354888485E-17, -0.7071067811865512365 ) ) ;
#1553 = DIRECTION ( 'NONE',  ( -0.000000000000000000, -0.000000000000000000, 1.000000000000000000 ) ) ;
#1554 = DIRECTION ( 'NONE',  ( 0.000000000000000000, 0.000000000000000000, 1.000000000000000000 ) ) ;
#1555 = EDGE_CURVE ( 'NONE', #191, #1215, #1699, .T. ) ;
#1556 = ORIENTED_EDGE ( 'NONE', *, *, #1500, .F. ) ;
#1557 = EDGE_LOOP ( 'NONE', ( #1627, #1469, #2006, #1606, #1463 ) ) ;
#1558 = AXIS2_PLACEMENT_3D ( 'NONE', #1833, #2025, #830 ) ;
#1559 = CARTESIAN_POINT ( 'NONE',  ( 0.000000000000000000, 0.000000000000000000, -51.99999999999999289 ) ) ;
#1560 = PRESENTATION_STYLE_ASSIGNMENT (( #810 ) ) ;
#1561 = ADVANCED_FACE ( 'NONE', ( #697 ), #1642, .F. ) ;
#1562 = CARTESIAN_POINT ( 'NONE',  ( 0.000000000000000000, 0.000000000000000000, -51.99999999999999289 ) ) ;
#1563 = ORIENTED_EDGE ( 'NONE', *, *, #17, .F. ) ;
#1564 = CIRCLE ( 'NONE', #467, 7.000000000000000000 ) ;
#1565 = ORIENTED_EDGE ( 'NONE', *, *, #459, .F. ) ;
#1566 = DIRECTION ( 'NONE',  ( 0.7071067811865356934, 8.659560562354788645E-17, -0.7071067811865593411 ) ) ;
#1567 = TOROIDAL_SURFACE ( 'NONE', #260, 7.400000000000000355, 0.4999999999999991673 ) ;
#1568 = CIRCLE ( 'NONE', #235, 2.499999999999998668 ) ;
#1569 = VERTEX_POINT ( 'NONE', #2220 ) ;
#1570 = DIRECTION ( 'NONE',  ( -0.000000000000000000, 1.000000000000000000, -0.000000000000000000 ) ) ;
#1571 = VECTOR ( 'NONE', #471, 1000.000000000000000 ) ;
#1572 = AXIS2_PLACEMENT_3D ( 'NONE', #1989, #79, #334 ) ;
#1573 = CARTESIAN_POINT ( 'NONE',  ( -2.691227896048345394E-13, 7.000000000000991207, -2.499999999997222666 ) ) ;
#1574 = ORIENTED_EDGE ( 'NONE', *, *, #32, .T. ) ;
#1575 = AXIS2_PLACEMENT_3D ( 'NONE', #1359, #323, #685 ) ;
#1576 = CARTESIAN_POINT ( 'NONE',  ( 2.500000000000003997, 8.124038404635957278, -29.00000000000003553 ) ) ;
#1577 = ORIENTED_EDGE ( 'NONE', *, *, #1519, .F. ) ;
#1578 = DIRECTION ( 'NONE',  ( -1.275531967630005245E-16, -0.000000000000000000, -1.000000000000000000 ) ) ;
#1579 = EDGE_CURVE ( 'NONE', #1569, #774, #204, .T. ) ;
#1580 = DIRECTION ( 'NONE',  ( 0.000000000000000000, 0.000000000000000000, 1.000000000000000000 ) ) ;
#1581 = ORIENTED_EDGE ( 'NONE', *, *, #1534, .F. ) ;
#1582 = SURFACE_STYLE_USAGE ( .BOTH. , #1753 ) ;
#1583 = AXIS2_PLACEMENT_3D ( 'NONE', #1253, #1760, #1775 ) ;
#1584 = LINE ( 'NONE', #844, #1304 ) ;
#1585 = DIRECTION ( 'NONE',  ( 0.000000000000000000, 0.000000000000000000, 1.000000000000000000 ) ) ;
#1586 = AXIS2_PLACEMENT_3D ( 'NONE', #4, #12, #1755 ) ;
#1587 = CONICAL_SURFACE ( 'NONE', #1613, 9.999999999999998224, 0.7853981633974430610 ) ;
#1588 =( LENGTH_UNIT ( ) NAMED_UNIT ( * ) SI_UNIT ( .MILLI., .METRE. ) );
#1589 = ORIENTED_EDGE ( 'NONE', *, *, #663, .T. ) ;
#1590 = EDGE_CURVE ( 'NONE', #1339, #1431, #2124, .T. ) ;
#1591 = ORIENTED_EDGE ( 'NONE', *, *, #765, .T. ) ;
#1592 = LINE ( 'NONE', #247, #1099 ) ;
#1593 = CARTESIAN_POINT ( 'NONE',  ( 9.500000000000000000, 0.000000000000000000, -51.99999999999999289 ) ) ;
#1594 = CARTESIAN_POINT ( 'NONE',  ( -2.500000000000000000, 5.999999999999997335, -111.4999999999999858 ) ) ;
#1595 = SURFACE_STYLE_FILL_AREA ( #1763 ) ;
#1596 = EDGE_CURVE ( 'NONE', #579, #1733, #344, .T. ) ;
#1597 = DIRECTION ( 'NONE',  ( -0.000000000000000000, -0.000000000000000000, -1.000000000000000000 ) ) ;
#1598 = PRESENTATION_LAYER_ASSIGNMENT (  '', '', ( #2163 ) ) ;
#1599 = EDGE_LOOP ( 'NONE', ( #734, #1849, #1322, #1181 ) ) ;
#1600 = DIRECTION ( 'NONE',  ( 1.000000000000000000, 0.000000000000000000, 0.000000000000000000 ) ) ;
#1601 = DIRECTION ( 'NONE',  ( 1.000000000000000000, 0.000000000000000000, 0.000000000000000000 ) ) ;
#1602 = DIRECTION ( 'NONE',  ( -0.000000000000000000, -0.000000000000000000, -1.000000000000000000 ) ) ;
#1603 = ORIENTED_EDGE ( 'NONE', *, *, #1662, .T. ) ;
#1604 = ORIENTED_EDGE ( 'NONE', *, *, #581, .F. ) ;
#1605 = ORIENTED_EDGE ( 'NONE', *, *, #531, .T. ) ;
#1606 = ORIENTED_EDGE ( 'NONE', *, *, #2088, .F. ) ;
#1607 = CYLINDRICAL_SURFACE ( 'NONE', #420, 7.000000000000000000 ) ;
#1608 = DIRECTION ( 'NONE',  ( -0.000000000000000000, -0.000000000000000000, 1.000000000000000000 ) ) ;
#1609 = CARTESIAN_POINT ( 'NONE',  ( 2.602085213965210642E-15, 6.000000000000000000, -143.4999999999999716 ) ) ;
#1610 = COLOUR_RGB ( '',0.6470588235294117974, 0.6196078431372549211, 0.5882352941176470784 ) ;
#1611 = ORIENTED_EDGE ( 'NONE', *, *, #2033, .T. ) ;
#1612 = CYLINDRICAL_SURFACE ( 'NONE', #1401, 13.49999999999999822 ) ;
#1613 = AXIS2_PLACEMENT_3D ( 'NONE', #2052, #155, #144 ) ;
#1614 = ORIENTED_EDGE ( 'NONE', *, *, #1754, .F. ) ;
#1615 = DIRECTION ( 'NONE',  ( -0.7071067811865463515, 0.000000000000000000, -0.7071067811865487940 ) ) ;
#1616 = CARTESIAN_POINT ( 'NONE',  ( -1.649999999999997025, -6.000000000000000000, -143.4999999999999716 ) ) ;
#1617 = LINE ( 'NONE', #149, #1149 ) ;
#1618 = ORIENTED_EDGE ( 'NONE', *, *, #250, .T. ) ;
#1619 = LINE ( 'NONE', #2062, #1025 ) ;
#1620 = EDGE_CURVE ( 'NONE', #2063, #755, #1177, .T. ) ;
#1621 = ORIENTED_EDGE ( 'NONE', *, *, #581, .T. ) ;
#1622 = CARTESIAN_POINT ( 'NONE',  ( -2.499999999999999112, 6.440586818787723544, -21.10774174079599064 ) ) ;
#1623 = ADVANCED_FACE ( 'NONE', ( #779 ), #288, .F. ) ;
#1624 = EDGE_CURVE ( 'NONE', #1457, #2011, #1671, .T. ) ;
#1625 = VERTEX_POINT ( 'NONE', #1721 ) ;
#1626 = CARTESIAN_POINT ( 'NONE',  ( -2.499999999999997780, 6.538348415311011408, -4.999999999999998224 ) ) ;
#1627 = ORIENTED_EDGE ( 'NONE', *, *, #1515, .F. ) ;
#1628 = CARTESIAN_POINT ( 'NONE',  ( 2.499999999999999556, 6.538348415311012296, -22.26437859505779215 ) ) ;
#1629 = EDGE_CURVE ( 'NONE', #483, #1930, #2068, .T. ) ;
#1630 = CARTESIAN_POINT ( 'NONE',  ( 0.000000000000000000, 0.000000000000000000, -28.00000000000000000 ) ) ;
#1631 = FACE_OUTER_BOUND ( 'NONE', #1357, .T. ) ;
#1632 = CONICAL_SURFACE ( 'NONE', #171, 7.499999999999965361, 0.7853981633974466137 ) ;
#1633 = EDGE_CURVE ( 'NONE', #1105, #1837, #1617, .T. ) ;
#1634 = CARTESIAN_POINT ( 'NONE',  ( 2.326828918379971365E-15, 4.000000000000000000, -2.500000000000000000 ) ) ;
#1635 = COLOUR_RGB ( '',0.6470588235294117974, 0.6196078431372549211, 0.5882352941176470784 ) ;
#1636 = CARTESIAN_POINT ( 'NONE',  ( -2.499999999999994671, 8.124038404635959054, -37.50000000000000000 ) ) ;
#1637 = AXIS2_PLACEMENT_3D ( 'NONE', #1114, #1492, #1823 ) ;
#1638 = ORIENTED_EDGE ( 'NONE', *, *, #1052, .F. ) ;
#1639 = LINE ( 'NONE', #920, #1263 ) ;
#1640 = VERTEX_POINT ( 'NONE', #865 ) ;
#1641 = CARTESIAN_POINT ( 'NONE',  ( -2.499999999999997780, 6.538348415311012296, -4.833479813023490834 ) ) ;
#1642 = TOROIDAL_SURFACE ( 'NONE', #1776, 7.400000000000000355, 0.4999999999999991673 ) ;
#1643 = DIRECTION ( 'NONE',  ( -0.000000000000000000, 1.000000000000000000, -0.000000000000000000 ) ) ;
#1644 = CIRCLE ( 'NONE', #985, 0.4999999999999987232 ) ;
#1645 = ORIENTED_EDGE ( 'NONE', *, *, #1854, .F. ) ;
#1646 = ADVANCED_FACE ( 'NONE', ( #236 ), #1803, .F. ) ;
#1647 = EDGE_CURVE ( 'NONE', #23, #596, #1568, .T. ) ;
#1648 = DIRECTION ( 'NONE',  ( -1.000000000000000000, 0.000000000000000000, 0.000000000000000000 ) ) ;
#1649 = ORIENTED_EDGE ( 'NONE', *, *, #2005, .F. ) ;
#1650 = CARTESIAN_POINT ( 'NONE',  ( -13.00000000000002487, 1.622657008870244460E-15, -141.0000000000000000 ) ) ;
#1651 = CARTESIAN_POINT ( 'NONE',  ( 7.000000000000000000, 0.000000000000000000, -20.70000000000000284 ) ) ;
#1652 = CARTESIAN_POINT ( 'NONE',  ( 0.000000000000000000, 5.999999999999997335, -76.49999999999998579 ) ) ;
#1653 = AXIS2_PLACEMENT_3D ( 'NONE', #2136, #2146, #81 ) ;
#1654 = ORIENTED_EDGE ( 'NONE', *, *, #299, .T. ) ;
#1655 = SURFACE_SIDE_STYLE ('',( #606 ) ) ;
#1656 = ORIENTED_EDGE ( 'NONE', *, *, #2122, .F. ) ;
#1657 = ORIENTED_EDGE ( 'NONE', *, *, #1754, .T. ) ;
#1658 = CARTESIAN_POINT ( 'NONE',  ( 2.287997279621348579, 6.615807260761396691, -23.01582504031415510 ) ) ;
#1659 = VECTOR ( 'NONE', #717, 1000.000000000000000 ) ;
#1660 = EDGE_CURVE ( 'NONE', #599, #1144, #97, .T. ) ;
#1661 = EDGE_LOOP ( 'NONE', ( #1224, #355 ) ) ;
#1662 = EDGE_CURVE ( 'NONE', #271, #1789, #615, .T. ) ;
#1663 =( LENGTH_UNIT ( ) NAMED_UNIT ( * ) SI_UNIT ( .MILLI., .METRE. ) );
#1664 = TOROIDAL_SURFACE ( 'NONE', #612, 7.400000000000000355, 0.4999999999999991673 ) ;
#1665 = DIRECTION ( 'NONE',  ( 1.000000000000000000, 0.000000000000000000, 0.000000000000000000 ) ) ;
#1666 = DIRECTION ( 'NONE',  ( -0.000000000000000000, -0.000000000000000000, 1.000000000000000000 ) ) ;
#1667 = DIRECTION ( 'NONE',  ( 1.000000000000000000, 0.000000000000000000, 0.000000000000000000 ) ) ;
#1668 = ORIENTED_EDGE ( 'NONE', *, *, #1704, .T. ) ;
#1669 = CARTESIAN_POINT ( 'NONE',  ( -2.500000000000000000, 8.645808232895289436, -111.4999999999999858 ) ) ;
#1670 = AXIS2_PLACEMENT_3D ( 'NONE', #298, #1494, #839 ) ;
#1671 = CIRCLE ( 'NONE', #1046, 2.500000000000000000 ) ;
#1672 = EDGE_LOOP ( 'NONE', ( #1286, #955, #645, #1300 ) ) ;
#1673 = CIRCLE ( 'NONE', #2130, 9.999999999999998224 ) ;
#1674 = ORIENTED_EDGE ( 'NONE', *, *, #1550, .F. ) ;
#1675 = CARTESIAN_POINT ( 'NONE',  ( 0.8056684575639100343, 8.965167359986139672, -113.8723251900429858 ) ) ;
#1676 = ORIENTED_EDGE ( 'NONE', *, *, #485, .F. ) ;
#1677 = CARTESIAN_POINT ( 'NONE',  ( 2.419087201905102624, 6.568804988746101081, -4.348165494492902461 ) ) ;
#1678 = DIRECTION ( 'NONE',  ( 0.7071067811865463515, 8.659560562354919300E-17, -0.7071067811865487940 ) ) ;
#1679 = CARTESIAN_POINT ( 'NONE',  ( -2.499999999999999112, 6.431174076325411271, -21.00000000000000000 ) ) ;
#1680 = SURFACE_SIDE_STYLE ('',( #1913 ) ) ;
#1681 = AXIS2_PLACEMENT_3D ( 'NONE', #661, #1015, #492 ) ;
#1682 = ADVANCED_FACE ( 'NONE', ( #286, #178, #1964 ), #356, .F. ) ;
#1683 = CARTESIAN_POINT ( 'NONE',  ( -2.483629801767645251, 8.650588902489930732, -111.8290780017600383 ) ) ;
#1684 = DIRECTION ( 'NONE',  ( 1.000000000000000000, 0.000000000000000000, 0.000000000000000000 ) ) ;
#1685 = DIRECTION ( 'NONE',  ( -1.000000000000000000, 0.000000000000000000, 0.000000000000000000 ) ) ;
#1686 = VERTEX_POINT ( 'NONE', #1537 ) ;
#1687 =( GEOMETRIC_REPRESENTATION_CONTEXT ( 3 ) GLOBAL_UNCERTAINTY_ASSIGNED_CONTEXT ( ( #487 ) ) GLOBAL_UNIT_ASSIGNED_CONTEXT ( ( #388, #1248, #1420 ) ) REPRESENTATION_CONTEXT ( 'NONE', 'WORKASPACE' ) );
#1688 = CIRCLE ( 'NONE', #396, 8.499999999999996447 ) ;
#1689 = DIRECTION ( 'NONE',  ( 1.000000000000000000, 0.000000000000000000, 0.000000000000000000 ) ) ;
#1690 = LINE ( 'NONE', #1897, #935 ) ;
#1691 = DIRECTION ( 'NONE',  ( 1.000000000000000000, 0.000000000000000000, 0.000000000000000000 ) ) ;
#1692 = CARTESIAN_POINT ( 'NONE',  ( 0.6494137214032819072, 8.977981018437020566, -113.9197298211165048 ) ) ;
#1693 = EDGE_CURVE ( 'NONE', #1450, #2018, #2170, .T. ) ;
#1694 = ORIENTED_EDGE ( 'NONE', *, *, #1461, .T. ) ;
#1695 = CARTESIAN_POINT ( 'NONE',  ( 2.500000000000000000, 6.431174076325411271, -21.00000000000000000 ) ) ;
#1696 = ORIENTED_EDGE ( 'NONE', *, *, #1121, .T. ) ;
#1697 = DIRECTION ( 'NONE',  ( 0.000000000000000000, 1.000000000000000000, 0.000000000000000000 ) ) ;
#1698 = AXIS2_PLACEMENT_3D ( 'NONE', #217, #2150, #1434 ) ;
#1699 = LINE ( 'NONE', #2215, #805 ) ;
#1700 = CARTESIAN_POINT ( 'NONE',  ( 1.261267651226833930, 8.916418212279289435, -113.6834188318488401 ) ) ;
#1701 = ORIENTED_EDGE ( 'NONE', *, *, #565, .F. ) ;
#1702 = ORIENTED_EDGE ( 'NONE', *, *, #1164, .F. ) ;
#1703 = DIRECTION ( 'NONE',  ( 0.8571673007021144430, 1.049727191138621284E-16, -0.5150380749100507138 ) ) ;
#1704 = EDGE_CURVE ( 'NONE', #678, #1930, #87, .T. ) ;
#1705 = CARTESIAN_POINT ( 'NONE',  ( 2.483490279350297758, 6.544727488824062966, -4.669625749545565085 ) ) ;
#1706 = DIRECTION ( 'NONE',  ( 0.000000000000000000, 0.000000000000000000, -1.000000000000000000 ) ) ;
#1707 = AXIS2_PLACEMENT_3D ( 'NONE', #2107, #549, #1762 ) ;
#1708 = DIRECTION ( 'NONE',  ( 0.000000000000000000, 0.000000000000000000, 1.000000000000000000 ) ) ;
#1709 = AXIS2_PLACEMENT_3D ( 'NONE', #10, #371, #1112 ) ;
#1710 = CARTESIAN_POINT ( 'NONE',  ( 0.000000000000000000, 5.999999999999997335, -76.49999999999998579 ) ) ;
#1711 = ORIENTED_EDGE ( 'NONE', *, *, #328, .T. ) ;
#1712 = DIRECTION ( 'NONE',  ( -0.000000000000000000, -0.000000000000000000, 1.000000000000000000 ) ) ;
#1713 = CYLINDRICAL_SURFACE ( 'NONE', #1998, 13.49999999999999822 ) ;
#1714 = DIRECTION ( 'NONE',  ( -1.000000000000000000, 0.000000000000000000, 0.000000000000000000 ) ) ;
#1715 = CARTESIAN_POINT ( 'NONE',  ( 2.500000000000000444, 8.124038404635957278, -37.50000000000000000 ) ) ;
#1716 = DIRECTION ( 'NONE',  ( -0.000000000000000000, -0.000000000000000000, 1.000000000000000000 ) ) ;
#1717 = CIRCLE ( 'NONE', #386, 7.000000000000000000 ) ;
#1718 = VERTEX_POINT ( 'NONE', #1244 ) ;
#1719 = CARTESIAN_POINT ( 'NONE',  ( 2.449293598294708880E-16, 4.000000000000000000, -22.00000000000000000 ) ) ;
#1720 = LINE ( 'NONE', #744, #1119 ) ;
#1721 = CARTESIAN_POINT ( 'NONE',  ( 2.500000000000001332, 6.699999999999997513, -28.00000000000000000 ) ) ;
#1722 = AXIS2_PLACEMENT_3D ( 'NONE', #1814, #1464, #1292 ) ;
#1723 = CARTESIAN_POINT ( 'NONE',  ( 2.025000000000002576, 6.000000000000000000, -156.9999999999999716 ) ) ;
#1724 = ORIENTED_EDGE ( 'NONE', *, *, #1406, .F. ) ;
#1725 = CIRCLE ( 'NONE', #2024, 7.499999999999965361 ) ;
#1726 = CARTESIAN_POINT ( 'NONE',  ( -2.024999999999997247, 6.000000000000000000, -156.9999999999999716 ) ) ;
#1727 =( GEOMETRIC_REPRESENTATION_CONTEXT ( 3 ) GLOBAL_UNCERTAINTY_ASSIGNED_CONTEXT ( ( #1999 ) ) GLOBAL_UNIT_ASSIGNED_CONTEXT ( ( #1, #196, #727 ) ) REPRESENTATION_CONTEXT ( 'NONE', 'WORKASPACE' ) );
#1728 = ORIENTED_EDGE ( 'NONE', *, *, #1309, .F. ) ;
#1729 = CARTESIAN_POINT ( 'NONE',  ( 8.499999999999996447, 0.000000000000000000, 0.000000000000000000 ) ) ;
#1730 = CARTESIAN_POINT ( 'NONE',  ( -8.499999999999996447, 1.040949779275249943E-15, 0.000000000000000000 ) ) ;
#1731 = DIRECTION ( 'NONE',  ( 1.000000000000000000, 0.000000000000000000, 0.000000000000000000 ) ) ;
#1732 = ORIENTED_EDGE ( 'NONE', *, *, #1309, .T. ) ;
#1733 = VERTEX_POINT ( 'NONE', #695 ) ;
#1734 = DIRECTION ( 'NONE',  ( 1.000000000000000000, 0.000000000000000000, 0.000000000000000000 ) ) ;
#1735 = CARTESIAN_POINT ( 'NONE',  ( -1.883415897247035842, 8.801511906659614581, -74.84790604114104440 ) ) ;
#1736 = EDGE_CURVE ( 'NONE', #667, #755, #530, .T. ) ;
#1737 = CARTESIAN_POINT ( 'NONE',  ( -2.499999999999994671, 7.774111490423314841, -28.66555062472012239 ) ) ;
#1738 = EDGE_LOOP ( 'NONE', ( #1075, #968, #1234, #952, #148, #126 ) ) ;
#1739 = EDGE_CURVE ( 'NONE', #1733, #579, #2016, .T. ) ;
#1740 = DIRECTION ( 'NONE',  ( -0.000000000000000000, -0.000000000000000000, 1.000000000000000000 ) ) ;
#1741 = ORIENTED_EDGE ( 'NONE', *, *, #1555, .T. ) ;
#1742 = CARTESIAN_POINT ( 'NONE',  ( 2.500000000000000444, 6.440804231319932072, -21.10858603047923765 ) ) ;
#1743 = VECTOR ( 'NONE', #1678, 1000.000000000000000 ) ;
#1744 = AXIS2_PLACEMENT_3D ( 'NONE', #2085, #519, #900 ) ;
#1745 = CIRCLE ( 'NONE', #536, 9.000000000000000000 ) ;
#1746 = CARTESIAN_POINT ( 'NONE',  ( -2.499999999999999112, 6.538348415311008743, -22.26482929618617845 ) ) ;
#1747 = ORIENTED_EDGE ( 'NONE', *, *, #1246, .T. ) ;
#1748 = EDGE_CURVE ( 'NONE', #1001, #1789, #636, .T. ) ;
#1749 = VERTEX_POINT ( 'NONE', #1929 ) ;
#1750 = CARTESIAN_POINT ( 'NONE',  ( 2.245141369672708720, 8.198389186628794789, -38.61172918844223290 ) ) ;
#1751 = CONICAL_SURFACE ( 'NONE', #1320, 2.024999999999999911, 0.7853981633974316257 ) ;
#1752 = CARTESIAN_POINT ( 'NONE',  ( -2.499999999999999112, 4.000000000000000000, -22.00000000000000000 ) ) ;
#1753 = SURFACE_SIDE_STYLE ('',( #1595 ) ) ;
#1754 = EDGE_CURVE ( 'NONE', #987, #1837, #1864, .T. ) ;
#1755 = DIRECTION ( 'NONE',  ( -1.000000000000000000, 0.000000000000000000, 0.000000000000000000 ) ) ;
#1756 = CARTESIAN_POINT ( 'NONE',  ( -2.499999999999999112, 6.477507524061421940, -20.78961847065085067 ) ) ;
#1757 = ORIENTED_EDGE ( 'NONE', *, *, #691, .T. ) ;
#1758 = AXIS2_PLACEMENT_3D ( 'NONE', #156, #1376, #1384 ) ;
#1759 = DIRECTION ( 'NONE',  ( -0.000000000000000000, -0.000000000000000000, 1.000000000000000000 ) ) ;
#1760 = DIRECTION ( 'NONE',  ( 0.000000000000000000, 0.000000000000000000, -1.000000000000000000 ) ) ;
#1761 = ORIENTED_EDGE ( 'NONE', *, *, #1461, .F. ) ;
#1762 = DIRECTION ( 'NONE',  ( -1.000000000000000000, 0.000000000000000000, 0.000000000000000000 ) ) ;
#1763 = FILL_AREA_STYLE ('',( #1932 ) ) ;
#1764 = VERTEX_POINT ( 'NONE', #706 ) ;
#1765 = CARTESIAN_POINT ( 'NONE',  ( 0.000000000000000000, -6.000000000000000000, -143.4999999999999716 ) ) ;
#1766 = CARTESIAN_POINT ( 'NONE',  ( 13.49999999999999822, 0.000000000000000000, 0.000000000000000000 ) ) ;
#1767 = EDGE_LOOP ( 'NONE', ( #107, #520, #480, #95 ) ) ;
#1768 = DIRECTION ( 'NONE',  ( 0.000000000000000000, 1.000000000000000000, 0.000000000000000000 ) ) ;
#1769 = DIRECTION ( 'NONE',  ( 1.000000000000000000, 0.000000000000000000, 0.000000000000000000 ) ) ;
#1770 = ORIENTED_EDGE ( 'NONE', *, *, #1027, .T. ) ;
#1771 = DIRECTION ( 'NONE',  ( -0.000000000000000000, -0.000000000000000000, 1.000000000000000000 ) ) ;
#1772 = MECHANICAL_DESIGN_GEOMETRIC_PRESENTATION_REPRESENTATION (  '', ( #683 ), #1889 ) ;
#1773 = FACE_OUTER_BOUND ( 'NONE', #2066, .T. ) ;
#1774 = PLANE ( 'NONE',  #2077 ) ;
#1775 = DIRECTION ( 'NONE',  ( -1.000000000000000000, 0.000000000000000000, 0.000000000000000000 ) ) ;
#1776 = AXIS2_PLACEMENT_3D ( 'NONE', #1895, #1190, #1874 ) ;
#1777 = DIRECTION ( 'NONE',  ( -1.000000000000000000, 0.000000000000000000, 0.000000000000000000 ) ) ;
#1778 = LINE ( 'NONE', #2114, #752 ) ;
#1779 = CARTESIAN_POINT ( 'NONE',  ( 8.499999999999996447, 0.000000000000000000, -53.11803398874988602 ) ) ;
#1780 = EDGE_CURVE ( 'NONE', #284, #667, #859, .T. ) ;
#1781 = EDGE_LOOP ( 'NONE', ( #327, #360, #1318, #1312, #245 ) ) ;
#1782 = CIRCLE ( 'NONE', #1366, 8.499999999999996447 ) ;
#1783 = PLANE ( 'NONE',  #1939 ) ;
#1784 = ORIENTED_EDGE ( 'NONE', *, *, #1579, .T. ) ;
#1785 = ADVANCED_FACE ( 'NONE', ( #1341 ), #1751, .F. ) ;
#1786 = VECTOR ( 'NONE', #26, 1000.000000000000114 ) ;
#1787 = EDGE_CURVE ( 'NONE', #1087, #1640, #2198, .T. ) ;
#1788 = CARTESIAN_POINT ( 'NONE',  ( -2.027313493271339251, 6.699999999999997513, -28.00000000000000000 ) ) ;
#1789 = VERTEX_POINT ( 'NONE', #34 ) ;
#1790 = CARTESIAN_POINT ( 'NONE',  ( 0.000000000000000000, 0.000000000000000000, -53.11803398874988602 ) ) ;
#1791 = EDGE_LOOP ( 'NONE', ( #1909, #2041, #475, #86 ) ) ;
#1792 = CARTESIAN_POINT ( 'NONE',  ( -2.296833219485061583, 6.613016426392865021, -23.02152831887251594 ) ) ;
#1793 = VERTEX_POINT ( 'NONE', #882 ) ;
#1794 = ADVANCED_FACE ( 'NONE', ( #1045, #890 ), #35, .T. ) ;
#1795 = ORIENTED_EDGE ( 'NONE', *, *, #1935, .F. ) ;
#1796 = ADVANCED_FACE ( 'NONE', ( #964 ), #1567, .F. ) ;
#1797 = CIRCLE ( 'NONE', #273, 7.000000000000000000 ) ;
#1798 = DIRECTION ( 'NONE',  ( -1.000000000000000000, 0.000000000000000000, 0.000000000000000000 ) ) ;
#1799 = LINE ( 'NONE', #2221, #720 ) ;
#1800 = PRESENTATION_LAYER_ASSIGNMENT (  '', '', ( #1452 ) ) ;
#1801 = ORIENTED_EDGE ( 'NONE', *, *, #1362, .T. ) ;
#1802 = ORIENTED_EDGE ( 'NONE', *, *, #1314, .F. ) ;
#1803 = CONICAL_SURFACE ( 'NONE', #494, 1.649999999999997025, 1.029744258676658530 ) ;
#1804 = ADVANCED_FACE ( 'NONE', ( #504 ), #1074, .F. ) ;
#1805 = DIRECTION ( 'NONE',  ( -0.000000000000000000, -0.000000000000000000, 1.000000000000000000 ) ) ;
#1806 = ORIENTED_EDGE ( 'NONE', *, *, #1928, .F. ) ;
#1807 = B_SPLINE_CURVE_WITH_KNOTS ( 'NONE', 3,
 ( #1669, #1157, #1683, #1317, #1508, #116, #1863, #484, #2190, #635, #2197, #1872, #1525, #648, #822, #1165, #1852, #1692, #1675, #1700, #1340, #1332, #1140, #315, #306, #656, #2031, #123, #664, #1516 ),
 .UNSPECIFIED., .F., .F.,
 ( 4, 2, 2, 2, 2, 2, 2, 2, 2, 2, 2, 2, 2, 2, 4 ),
 ( 0.000000000000000000, 0.0004907666582434271150, 0.0009815333164868542300, 0.001472299974730281128, 0.001963066632973708460, 0.002944599949460532766, 0.003435366607703937113, 0.003926133265947341459, 0.004416899924190745806, 0.004907666582434150153, 0.005889199898920975326, 0.006379966557164387479, 0.006870733215407799632, 0.007361499873651211785, 0.007852266531894623938 ),
 .UNSPECIFIED. ) ;
#1808 = CIRCLE ( 'NONE', #2234, 6.900000000000001243 ) ;
#1809 = ADVANCED_FACE ( 'NONE', ( #1266 ), #233, .F. ) ;
#1810 = VERTEX_POINT ( 'NONE', #214 ) ;
#1811 = FACE_OUTER_BOUND ( 'NONE', #374, .T. ) ;
#1812 = EDGE_CURVE ( 'NONE', #1625, #1408, #1720, .T. ) ;
#1813 = FACE_OUTER_BOUND ( 'NONE', #578, .T. ) ;
#1814 = CARTESIAN_POINT ( 'NONE',  ( 0.000000000000000000, 0.000000000000000000, 0.000000000000000000 ) ) ;
#1815 = DIRECTION ( 'NONE',  ( -0.000000000000000000, -0.000000000000000000, 1.000000000000000000 ) ) ;
#1816 = AXIS2_PLACEMENT_3D ( 'NONE', #1209, #1697, #1353 ) ;
#1817 = DIRECTION ( 'NONE',  ( -0.000000000000000000, -0.000000000000000000, -1.000000000000000000 ) ) ;
#1818 = ORIENTED_EDGE ( 'NONE', *, *, #965, .F. ) ;
#1819 = AXIS2_PLACEMENT_3D ( 'NONE', #911, #1597, #2108 ) ;
#1820 = ORIENTED_EDGE ( 'NONE', *, *, #1342, .F. ) ;
#1821 = ORIENTED_EDGE ( 'NONE', *, *, #328, .F. ) ;
#1822 =( LENGTH_UNIT ( ) NAMED_UNIT ( * ) SI_UNIT ( .MILLI., .METRE. ) );
#1823 = DIRECTION ( 'NONE',  ( -1.000000000000000000, 0.000000000000000000, 0.000000000000000000 ) ) ;
#1824 = ORIENTED_EDGE ( 'NONE', *, *, #1748, .F. ) ;
#1825 = CARTESIAN_POINT ( 'NONE',  ( 9.999999999999998224, 0.000000000000000000, -141.0000000000000000 ) ) ;
#1826 = EDGE_CURVE ( 'NONE', #1686, #1764, #962, .T. ) ;
#1827 = DIRECTION ( 'NONE',  ( -1.000000000000000000, 0.000000000000000000, 0.000000000000000000 ) ) ;
#1828 = FACE_OUTER_BOUND ( 'NONE', #1173, .T. ) ;
#1829 = EDGE_CURVE ( 'NONE', #987, #941, #1778, .T. ) ;
#1830 =( NAMED_UNIT ( * ) PLANE_ANGLE_UNIT ( ) SI_UNIT ( $, .RADIAN. ) );
#1831 = CYLINDRICAL_SURFACE ( 'NONE', #521, 8.499999999999996447 ) ;
#1832 = DIRECTION ( 'NONE',  ( 1.000000000000000000, 0.000000000000000000, 0.000000000000000000 ) ) ;
#1833 = CARTESIAN_POINT ( 'NONE',  ( 2.602085213965210642E-15, 6.000000000000000000, -156.6249999999999716 ) ) ;
#1834 = AXIS2_PLACEMENT_3D ( 'NONE', #142, #172, #1365 ) ;
#1835 = VECTOR ( 'NONE', #571, 1000.000000000000000 ) ;
#1836 = VECTOR ( 'NONE', #787, 1000.000000000000000 ) ;
#1837 = VERTEX_POINT ( 'NONE', #1616 ) ;
#1838 = ORIENTED_EDGE ( 'NONE', *, *, #857, .T. ) ;
#1839 = CYLINDRICAL_SURFACE ( 'NONE', #2204, 2.500000000000002220 ) ;
#1840 = DIRECTION ( 'NONE',  ( -0.000000000000000000, -0.000000000000000000, 1.000000000000000000 ) ) ;
#1841 = B_SPLINE_CURVE_WITH_KNOTS ( 'NONE', 3,
 ( #1679, #1397, #893, #1756, #2097, #2086 ),
 .UNSPECIFIED., .F., .F.,
 ( 4, 2, 4 ),
 ( 0.0001463916091288352368, 0.0003079355318202102237, 0.0004694794545115852378 ),
 .UNSPECIFIED. ) ;
#1842 = ORIENTED_EDGE ( 'NONE', *, *, #565, .T. ) ;
#1843 = FACE_OUTER_BOUND ( 'NONE', #1051, .T. ) ;
#1844 = DIRECTION ( 'NONE',  ( -0.000000000000000000, -0.000000000000000000, -1.000000000000000000 ) ) ;
#1845 = MECHANICAL_DESIGN_GEOMETRIC_PRESENTATION_REPRESENTATION (  '', ( #1264 ), #407 ) ;
#1846 = AXIS2_PLACEMENT_3D ( 'NONE', #1559, #679, #1204 ) ;
#1847 = ADVANCED_FACE ( 'NONE', ( #2064 ), #41, .F. ) ;
#1848 = CARTESIAN_POINT ( 'NONE',  ( 0.000000000000000000, 0.000000000000000000, -69.99999999999998579 ) ) ;
#1849 = ORIENTED_EDGE ( 'NONE', *, *, #1473, .F. ) ;
#1850 = ORIENTED_EDGE ( 'NONE', *, *, #266, .T. ) ;
#1851 = DIRECTION ( 'NONE',  ( -0.000000000000000000, -0.000000000000000000, -1.000000000000000000 ) ) ;
#1852 = CARTESIAN_POINT ( 'NONE',  ( 0.3281349337482800665, 8.995454897570013486, -113.9837789865447490 ) ) ;
#1853 = VECTOR ( 'NONE', #1553, 1000.000000000000000 ) ;
#1854 = EDGE_CURVE ( 'NONE', #561, #271, #202, .T. ) ;
#1855 = CARTESIAN_POINT ( 'NONE',  ( -2.691227896048345394E-13, 7.000000000000991207, -2.499999999997222666 ) ) ;
#1856 = ORIENTED_EDGE ( 'NONE', *, *, #32, .F. ) ;
#1857 = EDGE_CURVE ( 'NONE', #331, #751, #1639, .T. ) ;
#1858 = DIRECTION ( 'NONE',  ( -0.000000000000000000, 1.000000000000000000, -0.000000000000000000 ) ) ;
#1859 = CARTESIAN_POINT ( 'NONE',  ( -7.400000000000000355, 9.062386313690412402E-16, -21.00000000000000000 ) ) ;
#1860 = CARTESIAN_POINT ( 'NONE',  ( -2.500000000000000000, 5.999999999999997335, -76.49999999999998579 ) ) ;
#1861 = ADVANCED_FACE ( 'NONE', ( #84 ), #1612, .T. ) ;
#1862 = ORIENTED_EDGE ( 'NONE', *, *, #1748, .T. ) ;
#1863 = CARTESIAN_POINT ( 'NONE',  ( -2.168722838251126550, 8.735291704078621322, -112.7542842777815224 ) ) ;
#1864 = CIRCLE ( 'NONE', #960, 1.649999999999997025 ) ;
#1865 = ORIENTED_EDGE ( 'NONE', *, *, #1624, .F. ) ;
#1866 = CONICAL_SURFACE ( 'NONE', #1303, 2.024999999999999911, 0.7853981633974316257 ) ;
#1867 = ORIENTED_EDGE ( 'NONE', *, *, #151, .F. ) ;
#1868 = PRESENTATION_STYLE_ASSIGNMENT (( #113 ) ) ;
#1869 = CARTESIAN_POINT ( 'NONE',  ( -2.500000000000000444, 8.124038404635959054, -37.66612125118211907 ) ) ;
#1870 = VERTEX_POINT ( 'NONE', #1271 ) ;
#1871 = EDGE_CURVE ( 'NONE', #1339, #1718, #559, .T. ) ;
#1872 = CARTESIAN_POINT ( 'NONE',  ( -0.8104222010284123368, 8.964710703356919552, -113.8705877622558233 ) ) ;
#1873 = ORIENTED_EDGE ( 'NONE', *, *, #49, .F. ) ;
#1874 = DIRECTION ( 'NONE',  ( 1.000000000000000000, 0.000000000000000000, 0.000000000000000000 ) ) ;
#1875 = CARTESIAN_POINT ( 'NONE',  ( 2.500000000000000000, 5.999999999999997335, -111.4999999999999858 ) ) ;
#1876 = AXIS2_PLACEMENT_3D ( 'NONE', #512, #1712, #354 ) ;
#1877 = CARTESIAN_POINT ( 'NONE',  ( 2.326828918379971365E-15, 4.000000000000000000, -2.500000000000000000 ) ) ;
#1878 = DIRECTION ( 'NONE',  ( -0.000000000000000000, -0.000000000000000000, 1.000000000000000000 ) ) ;
#1879 = CARTESIAN_POINT ( 'NONE',  ( 0.000000000000000000, 0.000000000000000000, -20.70000000000000284 ) ) ;
#1880 = VERTEX_POINT ( 'NONE', #1466 ) ;
#1881 = DIRECTION ( 'NONE',  ( -1.000000000000000000, 1.224646799147353700E-16, 0.000000000000000000 ) ) ;
#1882 =( NAMED_UNIT ( * ) PLANE_ANGLE_UNIT ( ) SI_UNIT ( $, .RADIAN. ) );
#1883 = CIRCLE ( 'NONE', #1104, 1.649999999999997025 ) ;
#1884 = EDGE_CURVE ( 'NONE', #1936, #1278, #915, .T. ) ;
#1885 = CARTESIAN_POINT ( 'NONE',  ( 0.8106976402202683563, 6.954551812458886317, -2.629499367604671622 ) ) ;
#1886 = DIRECTION ( 'NONE',  ( 0.000000000000000000, 1.000000000000000000, 0.000000000000000000 ) ) ;
#1887 = VERTEX_POINT ( 'NONE', #794 ) ;
#1888 = CIRCLE ( 'NONE', #25, 1.649999999999998357 ) ;
#1889 =( GEOMETRIC_REPRESENTATION_CONTEXT ( 3 ) GLOBAL_UNCERTAINTY_ASSIGNED_CONTEXT ( ( #1093 ) ) GLOBAL_UNIT_ASSIGNED_CONTEXT ( ( #1663, #304, #971 ) ) REPRESENTATION_CONTEXT ( 'NONE', 'WORKASPACE' ) );
#1890 = ORIENTED_EDGE ( 'NONE', *, *, #993, .F. ) ;
#1891 = CARTESIAN_POINT ( 'NONE',  ( -1.649999999999998357, -6.000000000000000000, -156.6249999999999716 ) ) ;
#1892 = DIRECTION ( 'NONE',  ( 0.000000000000000000, 0.000000000000000000, -1.000000000000000000 ) ) ;
#1893 = DIRECTION ( 'NONE',  ( -0.000000000000000000, -0.000000000000000000, 1.000000000000000000 ) ) ;
#1894 = ORIENTED_EDGE ( 'NONE', *, *, #2157, .T. ) ;
#1895 = CARTESIAN_POINT ( 'NONE',  ( 0.000000000000000000, 0.000000000000000000, -21.00000000000000000 ) ) ;
#1896 = FACE_OUTER_BOUND ( 'NONE', #730, .T. ) ;
#1897 = CARTESIAN_POINT ( 'NONE',  ( 9.999999999999998224, 0.000000000000000000, 0.000000000000000000 ) ) ;
#1898 = EDGE_CURVE ( 'NONE', #331, #941, #1888, .T. ) ;
#1899 = CARTESIAN_POINT ( 'NONE',  ( 0.000000000000000000, 5.999999999999997335, -111.4999999999999858 ) ) ;
#1900 = DIRECTION ( 'NONE',  ( 1.000000000000000000, 0.000000000000000000, 0.000000000000000000 ) ) ;
#1901 = EDGE_CURVE ( 'NONE', #886, #1245, #1717, .T. ) ;
#1902 = ORIENTED_EDGE ( 'NONE', *, *, #29, .F. ) ;
#1903 = ORIENTED_EDGE ( 'NONE', *, *, #577, .F. ) ;
#1904 = CARTESIAN_POINT ( 'NONE',  ( 2.500000000000000444, 6.477337423196550148, -20.79012104493586932 ) ) ;
#1905 = ORIENTED_EDGE ( 'NONE', *, *, #650, .T. ) ;
#1906 = CARTESIAN_POINT ( 'NONE',  ( 2.166530533753013188, 8.219784724392507513, -38.75799274831873475 ) ) ;
#1907 = AXIS2_PLACEMENT_3D ( 'NONE', #1385, #349, #366 ) ;
#1908 = ORIENTED_EDGE ( 'NONE', *, *, #1147, .F. ) ;
#1909 = ORIENTED_EDGE ( 'NONE', *, *, #623, .F. ) ;
#1910 = DIRECTION ( 'NONE',  ( -0.000000000000000000, 1.000000000000000000, -0.000000000000000000 ) ) ;
#1911 = CONICAL_SURFACE ( 'NONE', #383, 1.649999999999997025, 1.029744258676658530 ) ;
#1912 = CARTESIAN_POINT ( 'NONE',  ( 2.500000000000000000, 8.645808232895289436, -76.49999999999998579 ) ) ;
#1913 = SURFACE_STYLE_FILL_AREA ( #638 ) ;
#1914 = CARTESIAN_POINT ( 'NONE',  ( 2.499999999999999556, 6.504577657839194949, -20.74205809116177690 ) ) ;
#1915 = CARTESIAN_POINT ( 'NONE',  ( 2.418325427277955519, 8.148794528619804467, -38.15479737641468461 ) ) ;
#1916 = DIRECTION ( 'NONE',  ( -1.000000000000000000, 0.000000000000000000, 0.000000000000000000 ) ) ;
#1917 = ORIENTED_EDGE ( 'NONE', *, *, #49, .T. ) ;
#1918 = ORIENTED_EDGE ( 'NONE', *, *, #2183, .F. ) ;
#1919 = MECHANICAL_DESIGN_GEOMETRIC_PRESENTATION_REPRESENTATION (  '', ( #1452 ), #1427 ) ;
#1920 = CARTESIAN_POINT ( 'NONE',  ( -1.537020842257533104, 8.870909540219731326, -74.50143889408653308 ) ) ;
#1921 = CARTESIAN_POINT ( 'NONE',  ( 2.483272367060390007, 8.129237878969799880, -37.83228877106054711 ) ) ;
#1922 = FACE_OUTER_BOUND ( 'NONE', #1092, .T. ) ;
#1923 = PRODUCT_DEFINITION ( 'UNKNOWN', '', #2027, #631 ) ;
#1924 = EDGE_LOOP ( 'NONE', ( #1577, #1106, #1192, #1820 ) ) ;
#1925 = ORIENTED_EDGE ( 'NONE', *, *, #885, .T. ) ;
#1926 = CARTESIAN_POINT ( 'NONE',  ( 0.000000000000000000, 6.699999999999997513, -37.50000000000000000 ) ) ;
#1927 = CARTESIAN_POINT ( 'NONE',  ( 2.499999999999998224, 8.124038404635955501, -37.66613112895702642 ) ) ;
#1928 = EDGE_CURVE ( 'NONE', #23, #723, #1937, .T. ) ;
#1929 = CARTESIAN_POINT ( 'NONE',  ( 8.500000000000000000, 0.000000000000000000, -69.99999999999998579 ) ) ;
#1930 = VERTEX_POINT ( 'NONE', #1991 ) ;
#1931 = DIRECTION ( 'NONE',  ( 1.000000000000000000, 0.000000000000000000, 0.000000000000000000 ) ) ;
#1932 = FILL_AREA_STYLE_COLOUR ( '', #1379 ) ;
#1933 = DIRECTION ( 'NONE',  ( -0.7071067811865474617, 0.000000000000000000, -0.7071067811865474617 ) ) ;
#1934 = CARTESIAN_POINT ( 'NONE',  ( 0.000000000000000000, -6.000000000000000000, -156.6249999999999716 ) ) ;
#1935 = EDGE_CURVE ( 'NONE', #751, #1158, #253, .T. ) ;
#1936 = VERTEX_POINT ( 'NONE', #1825 ) ;
#1937 = LINE ( 'NONE', #429, #803 ) ;
#1938 = DIRECTION ( 'NONE',  ( 0.000000000000000000, -0.000000000000000000, 1.000000000000000000 ) ) ;
#1939 = AXIS2_PLACEMENT_3D ( 'NONE', #2120, #1768, #1269 ) ;
#1940 = EDGE_LOOP ( 'NONE', ( #864, #1424 ) ) ;
#1941 = DIRECTION ( 'NONE',  ( -8.972707634362796761E-17, -0.000000000000000000, -1.000000000000000000 ) ) ;
#1942 = SURFACE_STYLE_FILL_AREA ( #2179 ) ;
#1943 = VERTEX_POINT ( 'NONE', #1636 ) ;
#1944 = CIRCLE ( 'NONE', #907, 13.49999999999999822 ) ;
#1945 = AXIS2_PLACEMENT_3D ( 'NONE', #1445, #230, #412 ) ;
#1946 = CARTESIAN_POINT ( 'NONE',  ( 2.500000000000000000, 6.504332707841470551, -21.25763684818492294 ) ) ;
#1947 = DIRECTION ( 'NONE',  ( 0.000000000000000000, 0.000000000000000000, -1.000000000000000000 ) ) ;
#1948 = ADVANCED_FACE ( 'NONE', ( #1370 ), #958, .F. ) ;
#1949 = ORIENTED_EDGE ( 'NONE', *, *, #462, .F. ) ;
#1950 = EDGE_LOOP ( 'NONE', ( #440, #1694, #1337, #840, #766, #1838, #1563 ) ) ;
#1951 = VERTEX_POINT ( 'NONE', #1480 ) ;
#1952 = VERTEX_POINT ( 'NONE', #1651 ) ;
#1953 = DIRECTION ( 'NONE',  ( -0.000000000000000000, -0.000000000000000000, 1.000000000000000000 ) ) ;
#1954 = AXIS2_PLACEMENT_3D ( 'NONE', #1005, #2202, #2043 ) ;
#1955 = LINE ( 'NONE', #2117, #1526 ) ;
#1956 = STYLED_ITEM ( 'NONE', ( #887 ), #2152 ) ;
#1957 = VECTOR ( 'NONE', #587, 1000.000000000000000 ) ;
#1958 = CARTESIAN_POINT ( 'NONE',  ( 0.000000000000000000, 0.000000000000000000, -50.88196601125009266 ) ) ;
#1959 = ADVANCED_FACE ( 'NONE', ( #1426 ), #1664, .F. ) ;
#1960 = ORIENTED_EDGE ( 'NONE', *, *, #1901, .F. ) ;
#1961 = LINE ( 'NONE', #1212, #33 ) ;
#1962 = CARTESIAN_POINT ( 'NONE',  ( 0.000000000000000000, 0.000000000000000000, 0.000000000000000000 ) ) ;
#1963 = ORIENTED_EDGE ( 'NONE', *, *, #696, .F. ) ;
#1964 = FACE_BOUND ( 'NONE', #302, .T. ) ;
#1965 = EDGE_CURVE ( 'NONE', #1951, #723, #823, .T. ) ;
#1966 = CYLINDRICAL_SURFACE ( 'NONE', #1467, 2.500000000000002220 ) ;
#1967 = EDGE_LOOP ( 'NONE', ( #707, #362, #2147, #2115 ) ) ;
#1968 = FACE_OUTER_BOUND ( 'NONE', #670, .T. ) ;
#1969 = AXIS2_PLACEMENT_3D ( 'NONE', #1593, #1076, #212 ) ;
#1970 = ORIENTED_EDGE ( 'NONE', *, *, #1693, .T. ) ;
#1971 = ADVANCED_FACE ( 'NONE', ( #1205 ), #2118, .F. ) ;
#1972 = AXIS2_PLACEMENT_3D ( 'NONE', #443, #619, #2153 ) ;
#1973 = ORIENTED_EDGE ( 'NONE', *, *, #650, .F. ) ;
#1974 = CARTESIAN_POINT ( 'NONE',  ( 0.000000000000000000, 0.000000000000000000, -29.00000000000003553 ) ) ;
#1975 = DIRECTION ( 'NONE',  ( -1.000000000000000000, 0.000000000000000000, 0.000000000000000000 ) ) ;
#1976 = EDGE_CURVE ( 'NONE', #837, #933, #724, .T. ) ;
#1977 = FILL_AREA_STYLE ('',( #874 ) ) ;
#1978 = VERTEX_POINT ( 'NONE', #947 ) ;
#1979 = CARTESIAN_POINT ( 'NONE',  ( -1.257437361512493856, 6.887504189073067273, -2.833179977335167798 ) ) ;
#1980 = ORIENTED_EDGE ( 'NONE', *, *, #1662, .F. ) ;
#1981 = CARTESIAN_POINT ( 'NONE',  ( 8.999999999999998224, 0.000000000000000000, 0.000000000000000000 ) ) ;
#1982 = CIRCLE ( 'NONE', #1583, 7.000000000000000000 ) ;
#1983 = CARTESIAN_POINT ( 'NONE',  ( 2.102474192699242739, 6.677257567147176331, -23.35871295663467606 ) ) ;
#1984 = FACE_OUTER_BOUND ( 'NONE', #1285, .T. ) ;
#1985 = DIRECTION ( 'NONE',  ( 0.000000000000000000, 0.000000000000000000, -1.000000000000000000 ) ) ;
#1986 = ORIENTED_EDGE ( 'NONE', *, *, #1246, .F. ) ;
#1987 = CARTESIAN_POINT ( 'NONE',  ( -2.499999999999999556, 6.431174076325412159, -21.05435337849204203 ) ) ;
#1988 = VECTOR ( 'NONE', #990, 1000.000000000000000 ) ;
#1989 = CARTESIAN_POINT ( 'NONE',  ( -0.000000000000000000, -6.000000000000000000, -156.9999999999999716 ) ) ;
#1990 = CARTESIAN_POINT ( 'NONE',  ( 1.650000000000000799, 6.000000000000000000, -156.6249999999999716 ) ) ;
#1991 = CARTESIAN_POINT ( 'NONE',  ( -13.49999999999999822, 1.653273178848926669E-15, -140.5000000000000284 ) ) ;
#1992 = CIRCLE ( 'NONE', #1189, 7.000000000000000000 ) ;
#1993 = DIRECTION ( 'NONE',  ( 0.000000000000000000, 0.000000000000000000, 1.000000000000000000 ) ) ;
#1994 = ORIENTED_EDGE ( 'NONE', *, *, #1935, .T. ) ;
#1995 = EDGE_CURVE ( 'NONE', #2137, #2053, #1807, .T. ) ;
#1996 = CARTESIAN_POINT ( 'NONE',  ( -1.526634134958370304, 6.832880131438458626, -3.013634991566596533 ) ) ;
#1997 = LINE ( 'NONE', #2080, #262 ) ;
#1998 = AXIS2_PLACEMENT_3D ( 'NONE', #998, #1541, #1689 ) ;
#1999 = UNCERTAINTY_MEASURE_WITH_UNIT (LENGTH_MEASURE( 1.000000000000000082E-05 ), #1, 'distance_accuracy_value', 'NONE');
#2000 = VERTEX_POINT ( 'NONE', #265 ) ;
#2001 = CARTESIAN_POINT ( 'NONE',  ( 2.500000000000000000, 8.645808232895289436, 0.000000000000000000 ) ) ;
#2002 = CARTESIAN_POINT ( 'NONE',  ( 0.000000000000000000, 0.000000000000000000, -141.0000000000000000 ) ) ;
#2003 = CARTESIAN_POINT ( 'NONE',  ( 2.337294654929875648, 6.598398492041296137, -22.89653045934256426 ) ) ;
#2004 = B_SPLINE_CURVE_WITH_KNOTS ( 'NONE', 3,
 ( #2195, #1869, #320, #654, #121, #1523, #2039, #2203, #2058, #1202, #194, #2240, #540, #2079, #1036, #1236, #690, #163, #1407, #1383, #712, #377, #1219, #1906, #1750, #718, #1915, #1921, #1927, #1715 ),
 .UNSPECIFIED., .F., .F.,
 ( 4, 2, 2, 2, 2, 2, 2, 2, 2, 2, 2, 2, 2, 2, 4 ),
 ( 0.000000000000000000, 0.0004910629184283238531, 0.0009821258368566477062, 0.001473188755284971559, 0.001964251673713295412, 0.002946377510569929675, 0.003437440428998242686, 0.003928503347426555263, 0.004419566265854869141, 0.004910629184283181285, 0.005892755021139807307, 0.006383817939568128125, 0.006874880857996447207, 0.007365943776424768025, 0.007857006694853087975 ),
 .UNSPECIFIED. ) ;
#2005 = EDGE_CURVE ( 'NONE', #1328, #1358, #341, .T. ) ;
#2006 = ORIENTED_EDGE ( 'NONE', *, *, #785, .F. ) ;
#2007 = ORIENTED_EDGE ( 'NONE', *, *, #391, .F. ) ;
#2008 = CIRCLE ( 'NONE', #332, 2.024999999999999911 ) ;
#2009 = EDGE_CURVE ( 'NONE', #1072, #1764, #2014, .T. ) ;
#2010 = CARTESIAN_POINT ( 'NONE',  ( -7.000000000000000000, 8.572527594031473190E-16, 0.000000000000000000 ) ) ;
#2011 = VERTEX_POINT ( 'NONE', #1877 ) ;
#2012 = CARTESIAN_POINT ( 'NONE',  ( 1.985999121900001718, 6.713034512982376079, -3.472792945036872858 ) ) ;
#2013 = DIRECTION ( 'NONE',  ( -0.000000000000000000, 1.000000000000000000, -0.000000000000000000 ) ) ;
#2014 = CIRCLE ( 'NONE', #1670, 8.999999999999998224 ) ;
#2015 = ORIENTED_EDGE ( 'NONE', *, *, #2009, .T. ) ;
#2016 = CIRCLE ( 'NONE', #189, 7.999999999999994671 ) ;
#2017 = DIRECTION ( 'NONE',  ( -1.000000000000000000, 0.000000000000000000, 0.000000000000000000 ) ) ;
#2018 = VERTEX_POINT ( 'NONE', #458 ) ;
#2019 = VECTOR ( 'NONE', #1893, 1000.000000000000000 ) ;
#2020 = VERTEX_POINT ( 'NONE', #978 ) ;
#2021 = ADVANCED_FACE ( 'NONE', ( #502 ), #693, .T. ) ;
#2022 = DIRECTION ( 'NONE',  ( -0.000000000000000000, -0.000000000000000000, 1.000000000000000000 ) ) ;
#2023 = ORIENTED_EDGE ( 'NONE', *, *, #1433, .F. ) ;
#2024 = AXIS2_PLACEMENT_3D ( 'NONE', #135, #1350, #316 ) ;
#2025 = DIRECTION ( 'NONE',  ( -0.000000000000000000, -0.000000000000000000, -1.000000000000000000 ) ) ;
#2026 = CARTESIAN_POINT ( 'NONE',  ( -13.49999999999999822, 1.653273178848926669E-15, -118.4999999999999716 ) ) ;
#2027 = PRODUCT_DEFINITION_FORMATION_WITH_SPECIFIED_SOURCE ( 'ANY', '', #281, .NOT_KNOWN. ) ;
#2028 = EDGE_LOOP ( 'NONE', ( #1702, #1918, #237, #675 ) ) ;
#2029 = ORIENTED_EDGE ( 'NONE', *, *, #183, .T. ) ;
#2030 = DIRECTION ( 'NONE',  ( -0.000000000000000000, -0.000000000000000000, 1.000000000000000000 ) ) ;
#2031 = CARTESIAN_POINT ( 'NONE',  ( 2.418437597280256313, 8.669042338203906795, -112.1543448727016568 ) ) ;
#2032 = CIRCLE ( 'NONE', #593, 2.024999999999999911 ) ;
#2033 = EDGE_CURVE ( 'NONE', #1358, #774, #1564, .T. ) ;
#2034 = CARTESIAN_POINT ( 'NONE',  ( -7.000000000000000000, 8.572527594031473190E-16, 0.000000000000000000 ) ) ;
#2035 = CARTESIAN_POINT ( 'NONE',  ( 2.326828918379971365E-15, 4.000000000000000000, -5.000000000000000000 ) ) ;
#2036 = CARTESIAN_POINT ( 'NONE',  ( 2.500000000000001332, 7.071067811865437314, -28.00000000000000000 ) ) ;
#2037 = FACE_OUTER_BOUND ( 'NONE', #45, .T. ) ;
#2038 = AXIS2_PLACEMENT_3D ( 'NONE', #711, #1435, #570 ) ;
#2039 = CARTESIAN_POINT ( 'NONE',  ( -2.168568502067252712, 8.219248661179868520, -38.75454590440148195 ) ) ;
#2040 = DIRECTION ( 'NONE',  ( 1.000000000000000000, 0.000000000000000000, 0.000000000000000000 ) ) ;
#2041 = ORIENTED_EDGE ( 'NONE', *, *, #391, .T. ) ;
#2042 = LINE ( 'NONE', #1634, #479 ) ;
#2043 = DIRECTION ( 'NONE',  ( -1.000000000000000000, 0.000000000000000000, -0.000000000000000000 ) ) ;
#2044 = DIRECTION ( 'NONE',  ( -1.000000000000000000, 1.224646799147353700E-16, 0.000000000000000000 ) ) ;
#2045 = CYLINDRICAL_SURFACE ( 'NONE', #860, 2.500000000000002220 ) ;
#2046 = CARTESIAN_POINT ( 'NONE',  ( 0.000000000000000000, 0.000000000000000000, 0.000000000000000000 ) ) ;
#2047 = CARTESIAN_POINT ( 'NONE',  ( 0.000000000000000000, 5.999999999999997335, -76.49999999999998579 ) ) ;
#2048 = EDGE_CURVE ( 'NONE', #723, #986, #669, .T. ) ;
#2049 = CARTESIAN_POINT ( 'NONE',  ( 1.649999999999997025, -6.000000000000000000, -143.4999999999999716 ) ) ;
#2050 = PRESENTATION_LAYER_ASSIGNMENT (  '', '', ( #1330 ) ) ;
#2051 = EDGE_LOOP ( 'NONE', ( #15, #1894, #995, #537, #67, #1460, #1412, #1344 ) ) ;
#2052 = CARTESIAN_POINT ( 'NONE',  ( 0.000000000000000000, 0.000000000000000000, -155.9999999999999147 ) ) ;
#2053 = VERTEX_POINT ( 'NONE', #2176 ) ;
#2054 = CARTESIAN_POINT ( 'NONE',  ( 2.326828918379971365E-15, 4.000000000000000000, -5.000000000000000000 ) ) ;
#2055 = ORIENTED_EDGE ( 'NONE', *, *, #623, .T. ) ;
#2056 = ORIENTED_EDGE ( 'NONE', *, *, #1624, .T. ) ;
#2057 = CARTESIAN_POINT ( 'NONE',  ( -0.6512981436603667573, 8.977842159055200000, -74.08078407797215448 ) ) ;
#2058 = CARTESIAN_POINT ( 'NONE',  ( -1.882443072877389323, 8.289760473343262603, -39.15307753486055020 ) ) ;
#2059 = CIRCLE ( 'NONE', #2186, 8.500000000000000000 ) ;
#2060 = CARTESIAN_POINT ( 'NONE',  ( 0.000000000000000000, 0.000000000000000000, -53.11803398874988602 ) ) ;
#2061 = CYLINDRICAL_SURFACE ( 'NONE', #1722, 8.499999999999996447 ) ;
#2062 = CARTESIAN_POINT ( 'NONE',  ( -9.999999999999998224, 1.224646799147353059E-15, -155.9999999999999147 ) ) ;
#2063 = VERTEX_POINT ( 'NONE', #813 ) ;
#2064 = FACE_OUTER_BOUND ( 'NONE', #58, .T. ) ;
#2065 = PRESENTATION_LAYER_ASSIGNMENT (  '', '', ( #1264 ) ) ;
#2066 = EDGE_LOOP ( 'NONE', ( #234, #1638, #700, #380 ) ) ;
#2067 = CARTESIAN_POINT ( 'NONE',  ( 2.500000000000000000, 6.431174076325492983, -20.94607805772564291 ) ) ;
#2068 = CIRCLE ( 'NONE', #423, 13.49999999999999822 ) ;
#2069 = EDGE_LOOP ( 'NONE', ( #1371, #598, #72, #1902, #252, #1243, #427, #763, #931 ) ) ;
#2070 = CARTESIAN_POINT ( 'NONE',  ( 2.168339199745898505, 8.735388074329238250, -75.24503933067197181 ) ) ;
#2071 = VECTOR ( 'NONE', #1910, 1000.000000000000000 ) ;
#2072 = ORIENTED_EDGE ( 'NONE', *, *, #954, .T. ) ;
#2073 = CARTESIAN_POINT ( 'NONE',  ( -7.000000000000000000, 8.572527594031473190E-16, -28.00000000000000000 ) ) ;
#2074 = EDGE_CURVE ( 'NONE', #1446, #1450, #2094, .T. ) ;
#2075 = CARTESIAN_POINT ( 'NONE',  ( -3.549374228860367710E-15, -6.000000000000000000, -142.5085799786045015 ) ) ;
#2076 = DIRECTION ( 'NONE',  ( -0.000000000000000000, -0.000000000000000000, -1.000000000000000000 ) ) ;
#2077 = AXIS2_PLACEMENT_3D ( 'NONE', #1126, #747, #924 ) ;
#2078 = CARTESIAN_POINT ( 'NONE',  ( 0.000000000000000000, 0.000000000000000000, -140.5000000000000284 ) ) ;
#2079 = CARTESIAN_POINT ( 'NONE',  ( -0.3292811917022702151, 8.495160725516631928, -39.98368971090954460 ) ) ;
#2080 = CARTESIAN_POINT ( 'NONE',  ( -2.500000000000000000, 5.999999999999997335, -76.49999999999998579 ) ) ;
#2081 = AXIS2_PLACEMENT_3D ( 'NONE', #1038, #692, #353 ) ;
#2082 = EDGE_LOOP ( 'NONE', ( #1265, #1137, #1118, #1711, #1136 ) ) ;
#2083 = CARTESIAN_POINT ( 'NONE',  ( 1.649999999999999467, 6.000000000000000000, -143.4999999999999716 ) ) ;
#2084 = FACE_OUTER_BOUND ( 'NONE', #422, .T. ) ;
#2085 = CARTESIAN_POINT ( 'NONE',  ( 0.000000000000000000, 0.000000000000000000, -156.9999999999999716 ) ) ;
#2086 = CARTESIAN_POINT ( 'NONE',  ( -2.499999999999997335, 6.538348415311011408, -20.70000000000000284 ) ) ;
#2087 = CONICAL_SURFACE ( 'NONE', #957, 13.49999999999999822, 0.7853981633974760346 ) ;
#2088 = EDGE_CURVE ( 'NONE', #1408, #2020, #1091, .T. ) ;
#2089 = DIRECTION ( 'NONE',  ( 1.000000000000000000, 0.000000000000000000, 0.000000000000000000 ) ) ;
#2090 = DIRECTION ( 'NONE',  ( 7.653191805780031226E-17, 0.000000000000000000, 1.000000000000000000 ) ) ;
#2091 = ORIENTED_EDGE ( 'NONE', *, *, #1296, .T. ) ;
#2092 = CARTESIAN_POINT ( 'NONE',  ( -1.649999999999994360, 6.000000000000000000, -143.4999999999999716 ) ) ;
#2093 = AXIS2_PLACEMENT_3D ( 'NONE', #30, #1059, #1429 ) ;
#2094 = CIRCLE ( 'NONE', #2081, 6.000000000000019540 ) ;
#2095 = CARTESIAN_POINT ( 'NONE',  ( 1.986833265374778446, 8.778450505065707787, -74.97385625109718887 ) ) ;
#2096 = VERTEX_POINT ( 'NONE', #1545 ) ;
#2097 = CARTESIAN_POINT ( 'NONE',  ( -2.499999999999999556, 6.504203652827218463, -20.74252387689087840 ) ) ;
#2098 = AXIS2_PLACEMENT_3D ( 'NONE', #1100, #456, #2151 ) ;
#2099 = DIRECTION ( 'NONE',  ( -1.000000000000000000, 1.224646799147352961E-16, 0.000000000000000000 ) ) ;
#2100 = ORIENTED_EDGE ( 'NONE', *, *, #709, .T. ) ;
#2101 = CARTESIAN_POINT ( 'NONE',  ( 2.024999999999999911, -6.000000000000000000, -156.9999999999999716 ) ) ;
#2102 = VECTOR ( 'NONE', #1878, 1000.000000000000000 ) ;
#2103 = CARTESIAN_POINT ( 'NONE',  ( 0.000000000000000000, 5.999999999999997335, -73.99999999999998579 ) ) ;
#2104 = EDGE_LOOP ( 'NONE', ( #1299, #1603, #1824, #1496 ) ) ;
#2105 = DIRECTION ( 'NONE',  ( -0.000000000000000000, -1.000000000000000000, -0.000000000000000000 ) ) ;
#2106 = EDGE_CURVE ( 'NONE', #271, #1793, #1533, .T. ) ;
#2107 = CARTESIAN_POINT ( 'NONE',  ( 0.000000000000000000, 0.000000000000000000, -29.00000000000003553 ) ) ;
#2108 = DIRECTION ( 'NONE',  ( -1.000000000000000000, 0.000000000000000000, 0.000000000000000000 ) ) ;
#2109 = AXIS2_PLACEMENT_3D ( 'NONE', #547, #363, #1103 ) ;
#2110 = ORIENTED_EDGE ( 'NONE', *, *, #1272, .T. ) ;
#2111 = EDGE_LOOP ( 'NONE', ( #118, #261, #1132, #208 ) ) ;
#2112 = LINE ( 'NONE', #2001, #1336 ) ;
#2113 = ADVANCED_FACE ( 'NONE', ( #449 ), #1068, .T. ) ;
#2114 = CARTESIAN_POINT ( 'NONE',  ( 1.649999999999997691, -6.000000000000000000, -156.9999999999999716 ) ) ;
#2115 = ORIENTED_EDGE ( 'NONE', *, *, #1274, .F. ) ;
#2116 = CARTESIAN_POINT ( 'NONE',  ( -2.499999999999994671, 8.124038404635959054, 3.738628180984490721E-16 ) ) ;
#2117 = CARTESIAN_POINT ( 'NONE',  ( 13.49999999999999822, 0.000000000000000000, -140.5000000000000284 ) ) ;
#2118 = TOROIDAL_SURFACE ( 'NONE', #1653, 7.400000000000000355, 0.4999999999999991673 ) ;
#2119 = VERTEX_POINT ( 'NONE', #524 ) ;
#2120 = CARTESIAN_POINT ( 'NONE',  ( 0.000000000000000000, 5.999999999999997335, -76.49999999999998579 ) ) ;
#2121 = DIRECTION ( 'NONE',  ( -0.7071067811865356934, 0.000000000000000000, -0.7071067811865593411 ) ) ;
#2122 = EDGE_CURVE ( 'NONE', #1446, #613, #1961, .T. ) ;
#2123 = CARTESIAN_POINT ( 'NONE',  ( 0.000000000000000000, 5.999999999999997335, -76.49999999999998579 ) ) ;
#2124 = LINE ( 'NONE', #339, #1241 ) ;
#2125 = ADVANCED_FACE ( 'NONE', ( #1142 ), #1042, .F. ) ;
#2126 = CONICAL_SURFACE ( 'NONE', #154, 8.499999999999992895, 0.7853981633974378429 ) ;
#2127 = ORIENTED_EDGE ( 'NONE', *, *, #445, .F. ) ;
#2128 = DIRECTION ( 'NONE',  ( -0.000000000000000000, -0.000000000000000000, 1.000000000000000000 ) ) ;
#2129 = ORIENTED_EDGE ( 'NONE', *, *, #740, .T. ) ;
#2130 = AXIS2_PLACEMENT_3D ( 'NONE', #838, #465, #1691 ) ;
#2131 = CARTESIAN_POINT ( 'NONE',  ( -2.244812717341052810, 6.630626818697274771, -3.887674707628785420 ) ) ;
#2132 = VECTOR ( 'NONE', #119, 1000.000000000000000 ) ;
#2133 = DIRECTION ( 'NONE',  ( 0.000000000000000000, 0.000000000000000000, -1.000000000000000000 ) ) ;
#2134 = DIRECTION ( 'NONE',  ( 1.000000000000000000, 0.000000000000000000, 0.000000000000000000 ) ) ;
#2135 = FACE_BOUND ( 'NONE', #1940, .T. ) ;
#2136 = CARTESIAN_POINT ( 'NONE',  ( 0.000000000000000000, 0.000000000000000000, -21.00000000000000000 ) ) ;
#2137 = VERTEX_POINT ( 'NONE', #1532 ) ;
#2138 = CIRCLE ( 'NONE', #594, 1.500000000000004885 ) ;
#2139 = ADVANCED_FACE ( 'NONE', ( #1479 ), #831, .F. ) ;
#2140 = EDGE_CURVE ( 'NONE', #1245, #1625, #1019, .T. ) ;
#2141 = FACE_OUTER_BOUND ( 'NONE', #2104, .T. ) ;
#2142 = DIRECTION ( 'NONE',  ( -0.000000000000000000, 1.000000000000000000, -0.000000000000000000 ) ) ;
#2143 = VERTEX_POINT ( 'NONE', #1726 ) ;
#2144 = DIRECTION ( 'NONE',  ( -1.000000000000000000, 0.000000000000000000, 0.000000000000000000 ) ) ;
#2145 = AXIS2_PLACEMENT_3D ( 'NONE', #517, #674, #167 ) ;
#2146 = DIRECTION ( 'NONE',  ( -0.000000000000000000, -0.000000000000000000, 1.000000000000000000 ) ) ;
#2147 = ORIENTED_EDGE ( 'NONE', *, *, #485, .T. ) ;
#2148 = VECTOR ( 'NONE', #184, 1000.000000000000000 ) ;
#2149 = AXIS2_PLACEMENT_3D ( 'NONE', #2123, #43, #582 ) ;
#2150 = DIRECTION ( 'NONE',  ( -0.000000000000000000, -0.000000000000000000, 1.000000000000000000 ) ) ;
#2151 = DIRECTION ( 'NONE',  ( 1.000000000000000000, 0.000000000000000000, 0.000000000000000000 ) ) ;
#2152 = ADVANCED_BREP_SHAPE_REPRESENTATION ( 'Schneckenwelle 1.1', ( #248, #525 ), #1687 ) ;
#2153 = DIRECTION ( 'NONE',  ( -0.000000000000000000, 0.000000000000000000, 1.000000000000000000 ) ) ;
#2154 = EDGE_CURVE ( 'NONE', #1392, #1686, #2219, .T. ) ;
#2155 = ADVANCED_FACE ( 'NONE', ( #611 ), #777, .T. ) ;
#2156 = CARTESIAN_POINT ( 'NONE',  ( 2.449293598294708880E-16, 6.699999999999997513, -22.00000000000000000 ) ) ;
#2157 = EDGE_CURVE ( 'NONE', #1431, #1640, #175, .T. ) ;
#2158 = ORIENTED_EDGE ( 'NONE', *, *, #939, .F. ) ;
#2159 = SURFACE_SIDE_STYLE ('',( #1942 ) ) ;
#2160 = DIRECTION ( 'NONE',  ( -0.000000000000000000, -0.000000000000000000, -1.000000000000000000 ) ) ;
#2161 = DIRECTION ( 'NONE',  ( -0.000000000000000000, -0.000000000000000000, 1.000000000000000000 ) ) ;
#2162 = FACE_OUTER_BOUND ( 'NONE', #1950, .T. ) ;
#2163 = STYLED_ITEM ( 'NONE', ( #564 ), #1326 ) ;
#2164 = CARTESIAN_POINT ( 'NONE',  ( 0.000000000000000000, 0.000000000000000000, -28.00000000000000000 ) ) ;
#2165 = DIRECTION ( 'NONE',  ( 1.000000000000000000, 0.000000000000000000, 0.000000000000000000 ) ) ;
#2166 =( LENGTH_UNIT ( ) NAMED_UNIT ( * ) SI_UNIT ( .MILLI., .METRE. ) );
#2167 = DIRECTION ( 'NONE',  ( -0.000000000000000000, -0.000000000000000000, 1.000000000000000000 ) ) ;
#2168 = ORIENTED_EDGE ( 'NONE', *, *, #725, .F. ) ;
#2169 = B_SPLINE_CURVE_WITH_KNOTS ( 'NONE', 3,
 ( #1159, #1171, #1705, #1677, #1527, #825, #842, #2012, #1180, #1535, #495, #1885, #1148, #1324, #642, #1855 ),
 .UNSPECIFIED., .F., .F.,
 ( 4, 2, 2, 2, 2, 2, 2, 4 ),
 ( 8.673617379884035472E-19, 0.0004927430968566325455, 0.0009854861937132642236, 0.001478229290569896010, 0.001970972387426527580, 0.002956458581139791153, 0.003449201677996422723, 0.003941944774853054292 ),
 .UNSPECIFIED. ) ;
#2170 = LINE ( 'NONE', #722, #562 ) ;
#2171 = LINE ( 'NONE', #1723, #532 ) ;
#2172 = ORIENTED_EDGE ( 'NONE', *, *, #1780, .F. ) ;
#2173 = CIRCLE ( 'NONE', #875, 9.999999999999998224 ) ;
#2174 = EDGE_LOOP ( 'NONE', ( #892, #634, #1850, #1862, #1757 ) ) ;
#2175 = AXIS2_PLACEMENT_3D ( 'NONE', #2239, #1217, #2099 ) ;
#2176 = CARTESIAN_POINT ( 'NONE',  ( 2.500000000000000000, 8.645808232895289436, -111.4999999999999858 ) ) ;
#2177 = CARTESIAN_POINT ( 'NONE',  ( 0.000000000000000000, 0.000000000000000000, -51.99999999999999289 ) ) ;
#2178 = AXIS2_PLACEMENT_3D ( 'NONE', #704, #493, #1916 ) ;
#2179 = FILL_AREA_STYLE ('',( #1506 ) ) ;
#2180 = ADVANCED_FACE ( 'NONE', ( #372 ), #1587, .T. ) ;
#2181 = ORIENTED_EDGE ( 'NONE', *, *, #1121, .F. ) ;
#2182 = CARTESIAN_POINT ( 'NONE',  ( 2.500000000000000444, 6.699999999999997513, -37.50000000000000000 ) ) ;
#2183 = EDGE_CURVE ( 'NONE', #667, #284, #1237, .T. ) ;
#2184 = ORIENTED_EDGE ( 'NONE', *, *, #124, .T. ) ;
#2185 = VECTOR ( 'NONE', #486, 1000.000000000000000 ) ;
#2186 = AXIS2_PLACEMENT_3D ( 'NONE', #1848, #982, #296 ) ;
#2187 =( NAMED_UNIT ( * ) PLANE_ANGLE_UNIT ( ) SI_UNIT ( $, .RADIAN. ) );
#2188 = DIRECTION ( 'NONE',  ( 1.224646799147353207E-16, 1.000000000000000000, 0.000000000000000000 ) ) ;
#2189 = CIRCLE ( 'NONE', #891, 8.999999999999998224 ) ;
#2190 = CARTESIAN_POINT ( 'NONE',  ( -1.882490432806514624, 8.801698853794697186, -113.1530343754196792 ) ) ;
#2191 = AXIS2_PLACEMENT_3D ( 'NONE', #392, #1096, #226 ) ;
#2192 = EDGE_LOOP ( 'NONE', ( #980, #1150, #1890, #1728 ) ) ;
#2193 = VERTEX_POINT ( 'NONE', #336 ) ;
#2194 = UNCERTAINTY_MEASURE_WITH_UNIT (LENGTH_MEASURE( 1.000000000000000082E-05 ), #2166, 'distance_accuracy_value', 'NONE');
#2195 = CARTESIAN_POINT ( 'NONE',  ( -2.499999999999994671, 8.124038404635959054, -37.50000000000000000 ) ) ;
#2196 = FACE_OUTER_BOUND ( 'NONE', #1491, .T. ) ;
#2197 = CARTESIAN_POINT ( 'NONE',  ( -1.261043103730303594, 8.916336626986531400, -113.6830373841146411 ) ) ;
#2198 = B_SPLINE_CURVE_WITH_KNOTS ( 'NONE', 3,
 ( #535, #1746, #1250, #1792, #929, #1084 ),
 .UNSPECIFIED., .F., .F.,
 ( 4, 2, 4 ),
 ( 0.000000000000000000, 0.0007826501477973958187, 0.001565300295594791637 ),
 .UNSPECIFIED. ) ;
#2199 = LINE ( 'NONE', #1594, #1484 ) ;
#2200 = CARTESIAN_POINT ( 'NONE',  ( -8.500000000000000000, 1.040949779275250140E-15, -69.99999999999998579 ) ) ;
#2201 = DIRECTION ( 'NONE',  ( 0.000000000000000000, 0.000000000000000000, 1.000000000000000000 ) ) ;
#2202 = DIRECTION ( 'NONE',  ( 0.000000000000000000, 0.000000000000000000, -1.000000000000000000 ) ) ;
#2203 = CARTESIAN_POINT ( 'NONE',  ( -1.987287390520615649, 8.264951707659454527, -39.02553715191943695 ) ) ;
#2204 = AXIS2_PLACEMENT_3D ( 'NONE', #938, #761, #951 ) ;
#2205 = FILL_AREA_STYLE_COLOUR ( '', #1635 ) ;
#2206 = CARTESIAN_POINT ( 'NONE',  ( 8.999999999999998224, 0.000000000000000000, -70.50000000000000000 ) ) ;
#2207 = DIRECTION ( 'NONE',  ( -1.000000000000000000, 0.000000000000000000, 0.000000000000000000 ) ) ;
#2208 = DIRECTION ( 'NONE',  ( -0.000000000000000000, -0.000000000000000000, 1.000000000000000000 ) ) ;
#2209 = EDGE_LOOP ( 'NONE', ( #1621, #138, #408, #2237 ) ) ;
#2210 = CARTESIAN_POINT ( 'NONE',  ( -2.499999999999999112, 6.699999999999997513, -28.00000000000000000 ) ) ;
#2211 = CARTESIAN_POINT ( 'NONE',  ( -9.500000000000000000, 1.163414459189985485E-15, -51.99999999999999289 ) ) ;
#2212 = DIRECTION ( 'NONE',  ( -0.000000000000000000, -0.000000000000000000, 1.000000000000000000 ) ) ;
#2213 = DIRECTION ( 'NONE',  ( 0.000000000000000000, 1.000000000000000000, 0.000000000000000000 ) ) ;
#2214 = CIRCLE ( 'NONE', #1071, 0.4999999999999987232 ) ;
#2215 = CARTESIAN_POINT ( 'NONE',  ( 1.649999999999999467, 6.000000000000000000, -143.4999999999999716 ) ) ;
#2216 = VECTOR ( 'NONE', #728, 1000.000000000000000 ) ;
#2217 = AXIS2_PLACEMENT_3D ( 'NONE', #2177, #1166, #643 ) ;
#2218 = ORIENTED_EDGE ( 'NONE', *, *, #1314, .T. ) ;
#2219 = CIRCLE ( 'NONE', #1335, 9.000000000000000000 ) ;
#2220 = CARTESIAN_POINT ( 'NONE',  ( 6.900000000000001243, 0.000000000000000000, -21.00000000000000000 ) ) ;
#2221 = CARTESIAN_POINT ( 'NONE',  ( -13.49999999999999822, 1.653273178848926669E-15, 0.000000000000000000 ) ) ;
#2222 = CARTESIAN_POINT ( 'NONE',  ( -1.986204984325874889, 8.778589135313497493, -74.97311824170654404 ) ) ;
#2223 = ORIENTED_EDGE ( 'NONE', *, *, #1476, .F. ) ;
#2224 = CARTESIAN_POINT ( 'NONE',  ( -6.900000000000001243, 8.450062914116736661E-16, -21.00000000000000000 ) ) ;
#2225 = LINE ( 'NONE', #738, #1786 ) ;
#2226 = EDGE_CURVE ( 'NONE', #1733, #1870, #2138, .T. ) ;
#2227 = CARTESIAN_POINT ( 'NONE',  ( -2.499999999999994671, 8.124038404635959054, -29.00000000000003553 ) ) ;
#2228 = ORIENTED_EDGE ( 'NONE', *, *, #499, .F. ) ;
#2229 = CARTESIAN_POINT ( 'NONE',  ( 0.000000000000000000, 0.000000000000000000, 2.936825829912203453E-17 ) ) ;
#2230 = EDGE_CURVE ( 'NONE', #1880, #1718, #474, .T. ) ;
#2231 = ORIENTED_EDGE ( 'NONE', *, *, #932, .T. ) ;
#2232 = CARTESIAN_POINT ( 'NONE',  ( -2.483304490029963230, 8.650683882623599885, -76.16807379649787890 ) ) ;
#2233 = CARTESIAN_POINT ( 'NONE',  ( 1.649999999999997025, -6.000000000000000000, -143.4999999999999716 ) ) ;
#2234 = AXIS2_PLACEMENT_3D ( 'NONE', #69, #1291, #781 ) ;
#2235 = EDGE_LOOP ( 'NONE', ( #1614, #1514, #140, #295 ) ) ;
#2236 = CARTESIAN_POINT ( 'NONE',  ( 1.537467216848739326, 8.870794711579863545, -74.50212906664631873 ) ) ;
#2237 = ORIENTED_EDGE ( 'NONE', *, *, #1473, .T. ) ;
#2238 = ORIENTED_EDGE ( 'NONE', *, *, #1884, .F. ) ;
#2239 = CARTESIAN_POINT ( 'NONE',  ( -9.500000000000000000, 1.163414459189985485E-15, -51.99999999999999289 ) ) ;
#2240 = CARTESIAN_POINT ( 'NONE',  ( -0.8108493320812164562, 8.462586621672944176, -39.87044122360677534 ) ) ;
ENDSEC;
END-ISO-10303-21;
