ISO-10303-21;
HEADER;
FILE_DESCRIPTION (( 'STEP AP214' ),
    '1' );
FILE_NAME ('E.Flex_01_AbdeckblechEck3_V1.3.STEP',
    '2025-08-29T10:44:32',
    ( '' ),
    ( '' ),
    'SwSTEP 2.0',
    'SolidWorks 2021',
    '' );
FILE_SCHEMA (( 'AUTOMOTIVE_DESIGN' ));
ENDSEC;

DATA;
#1 = CIRCLE ( 'NONE', #587, 1.000000000000000888 ) ;
#2 = CIRCLE ( 'NONE', #1406, 3.199999999999994404 ) ;
#3 = CARTESIAN_POINT ( 'NONE',  ( 57.99999999999998579, 562.5000000000001137, 0.000000000000000000 ) ) ;
#4 = EDGE_CURVE ( 'NONE', #1810, #218, #2012, .T. ) ;
#5 = EDGE_LOOP ( 'NONE', ( #2278, #2072, #574, #1888 ) ) ;
#6 = CARTESIAN_POINT ( 'NONE',  ( 41.99999999999999289, 1.000000000000000000, 0.000000000000000000 ) ) ;
#7 = VECTOR ( 'NONE', #1917, 1000.000000000000000 ) ;
#8 = AXIS2_PLACEMENT_3D ( 'NONE', #1167, #1707, #66 ) ;
#9 = ADVANCED_FACE ( 'NONE', ( #2045 ), #1885, .T. ) ;
#10 = ORIENTED_EDGE ( 'NONE', *, *, #1719, .F. ) ;
#11 = COLOUR_RGB ( '',0.5294117647058823595, 0.5490196078431373028, 0.5490196078431373028 ) ;
#12 = DIRECTION ( 'NONE',  ( 0.000000000000000000, -1.000000000000000000, 0.000000000000000000 ) ) ;
#13 = DIRECTION ( 'NONE',  ( -0.000000000000000000, -0.000000000000000000, 1.000000000000000000 ) ) ;
#14 = DIRECTION ( 'NONE',  ( -1.000000000000000000, 0.000000000000000000, 0.000000000000000000 ) ) ;
#15 = VERTEX_POINT ( 'NONE', #959 ) ;
#16 = ORIENTED_EDGE ( 'NONE', *, *, #206, .F. ) ;
#17 = CARTESIAN_POINT ( 'NONE',  ( 97.99999999999995737, 137.5000000000000568, -3.827021247335478803E-16 ) ) ;
#18 = ORIENTED_EDGE ( 'NONE', *, *, #2256, .F. ) ;
#19 = CARTESIAN_POINT ( 'NONE',  ( 41.99999999999999289, 15.26794919243112325, 0.000000000000000000 ) ) ;
#20 = EDGE_LOOP ( 'NONE', ( #1090, #1745 ) ) ;
#21 = ORIENTED_EDGE ( 'NONE', *, *, #301, .F. ) ;
#22 =( LENGTH_UNIT ( ) NAMED_UNIT ( * ) SI_UNIT ( .MILLI., .METRE. ) );
#23 = DIRECTION ( 'NONE',  ( 1.000000000000000000, 0.000000000000000000, 0.000000000000000000 ) ) ;
#24 = EDGE_CURVE ( 'NONE', #1311, #978, #972, .T. ) ;
#25 = LINE ( 'NONE', #1048, #1823 ) ;
#26 = DIRECTION ( 'NONE',  ( 1.000000000000000000, 0.000000000000000000, -3.469446951953611033E-15 ) ) ;
#27 = DIRECTION ( 'NONE',  ( 0.000000000000000000, 1.000000000000000000, 0.000000000000000000 ) ) ;
#28 = EDGE_CURVE ( 'NONE', #803, #712, #447, .T. ) ;
#29 = EDGE_LOOP ( 'NONE', ( #403, #99, #1651, #1124 ) ) ;
#30 = LINE ( 'NONE', #759, #1676 ) ;
#31 = EDGE_LOOP ( 'NONE', ( #2355, #887, #320, #1609 ) ) ;
#32 = DIRECTION ( 'NONE',  ( -0.000000000000000000, -0.000000000000000000, 1.000000000000000000 ) ) ;
#33 = ORIENTED_EDGE ( 'NONE', *, *, #2230, .F. ) ;
#34 = APPLICATION_PROTOCOL_DEFINITION ( 'draft international standard', 'automotive_design', 1998, #65 ) ;
#35 = CARTESIAN_POINT ( 'NONE',  ( 57.99999999999997868, 137.5000000000000568, -3.827021247335478803E-16 ) ) ;
#36 = DIRECTION ( 'NONE',  ( 0.000000000000000000, 0.000000000000000000, 1.000000000000000000 ) ) ;
#37 = CARTESIAN_POINT ( 'NONE',  ( 54.79999999999998295, 399.0000000000000568, -2.000000000000000000 ) ) ;
#38 = CARTESIAN_POINT ( 'NONE',  ( 94.79999999999999716, 562.5000000000001137, -3.827021247335478803E-16 ) ) ;
#39 = LINE ( 'NONE', #768, #395 ) ;
#40 = ORIENTED_EDGE ( 'NONE', *, *, #2106, .T. ) ;
#41 = ADVANCED_FACE ( 'NONE', ( #617 ), #68, .F. ) ;
#42 = CARTESIAN_POINT ( 'NONE',  ( 19.00000000000202149, 431.0000000000000568, -30.99999999999999289 ) ) ;
#43 = DIRECTION ( 'NONE',  ( 1.000000000000000000, 0.000000000000000000, 0.000000000000000000 ) ) ;
#44 = DIRECTION ( 'NONE',  ( 0.000000000000000000, 0.000000000000000000, -1.000000000000000000 ) ) ;
#45 = AXIS2_PLACEMENT_3D ( 'NONE', #2032, #842, #1373 ) ;
#46 = ORIENTED_EDGE ( 'NONE', *, *, #997, .T. ) ;
#47 = AXIS2_PLACEMENT_3D ( 'NONE', #725, #1473, #1480 ) ;
#48 = ORIENTED_EDGE ( 'NONE', *, *, #2259, .F. ) ;
#49 = CIRCLE ( 'NONE', #1445, 3.499999999999989342 ) ;
#50 = AXIS2_PLACEMENT_3D ( 'NONE', #1087, #2165, #545 ) ;
#51 = DIRECTION ( 'NONE',  ( -0.000000000000000000, -0.000000000000000000, 1.000000000000000000 ) ) ;
#52 = AXIS2_PLACEMENT_3D ( 'NONE', #2323, #705, #1388 ) ;
#53 = CARTESIAN_POINT ( 'NONE',  ( 101.1999999999999886, 562.5000000000001137, -3.827021247335478803E-16 ) ) ;
#54 = CARTESIAN_POINT ( 'NONE',  ( 97.99999999999998579, 660.5000000000001137, -2.000000000000000000 ) ) ;
#55 = DIRECTION ( 'NONE',  ( 0.000000000000000000, 0.000000000000000000, -1.000000000000000000 ) ) ;
#56 = CARTESIAN_POINT ( 'NONE',  ( 0.9999999999998967493, 650.0000000000000000, -31.00000000000000000 ) ) ;
#57 = DIRECTION ( 'NONE',  ( 0.000000000000000000, 0.000000000000000000, -1.000000000000000000 ) ) ;
#58 = ADVANCED_FACE ( 'NONE', ( #1663 ), #1148, .F. ) ;
#59 = EDGE_CURVE ( 'NONE', #472, #1766, #2086, .T. ) ;
#60 = CARTESIAN_POINT ( 'NONE',  ( 54.79999999999999005, 562.5000000000001137, -2.000000000000000000 ) ) ;
#61 = CARTESIAN_POINT ( 'NONE',  ( 19.00000000000615685, 43.00000000000000000, -28.99999999999999645 ) ) ;
#62 = EDGE_CURVE ( 'NONE', #474, #142, #1503, .T. ) ;
#63 = ORIENTED_EDGE ( 'NONE', *, *, #1097, .T. ) ;
#64 = ORIENTED_EDGE ( 'NONE', *, *, #230, .F. ) ;
#65 = APPLICATION_CONTEXT ( 'automotive_design' ) ;
#66 = DIRECTION ( 'NONE',  ( -1.000000000000000000, 0.000000000000000000, 0.000000000000000000 ) ) ;
#67 = CARTESIAN_POINT ( 'NONE',  ( 97.99999999999995737, 137.5000000000000568, 0.000000000000000000 ) ) ;
#68 = CYLINDRICAL_SURFACE ( 'NONE', #1027, 3.499999999999992895 ) ;
#69 = DIRECTION ( 'NONE',  ( -0.000000000000000000, -0.000000000000000000, 1.000000000000000000 ) ) ;
#70 = LINE ( 'NONE', #1344, #1522 ) ;
#71 = CARTESIAN_POINT ( 'NONE',  ( 41.99999999999999289, 650.0000000000000000, -2.000000000000008882 ) ) ;
#72 = EDGE_CURVE ( 'NONE', #1140, #1205, #993, .T. ) ;
#73 = VERTEX_POINT ( 'NONE', #56 ) ;
#74 = ORIENTED_EDGE ( 'NONE', *, *, #2326, .F. ) ;
#75 = DIRECTION ( 'NONE',  ( 0.000000000000000000, 0.000000000000000000, -1.000000000000000000 ) ) ;
#76 = DIRECTION ( 'NONE',  ( -1.000000000000000000, 0.000000000000000000, 0.000000000000000000 ) ) ;
#77 = CARTESIAN_POINT ( 'NONE',  ( 118.0000000000000000, 694.0000000000001137, -2.000000000000000000 ) ) ;
#78 = CARTESIAN_POINT ( 'NONE',  ( 41.99999999999999289, 651.0000000000000000, 0.000000000000000000 ) ) ;
#79 = DIRECTION ( 'NONE',  ( -0.000000000000000000, -0.000000000000000000, 1.000000000000000000 ) ) ;
#80 = PRODUCT_DEFINITION_SHAPE ( 'NONE', 'NONE',  #1517 ) ;
#81 = CYLINDRICAL_SURFACE ( 'NONE', #2205, 3.200000000000001510 ) ;
#82 = DIRECTION ( 'NONE',  ( 0.000000000000000000, 0.000000000000000000, 1.000000000000000000 ) ) ;
#83 = ORIENTED_EDGE ( 'NONE', *, *, #928, .T. ) ;
#84 = AXIS2_PLACEMENT_3D ( 'NONE', #1812, #2155, #727 ) ;
#85 = ORIENTED_EDGE ( 'NONE', *, *, #614, .T. ) ;
#86 = AXIS2_PLACEMENT_3D ( 'NONE', #559, #777, #599 ) ;
#87 = EDGE_CURVE ( 'NONE', #1541, #1082, #786, .T. ) ;
#88 = CIRCLE ( 'NONE', #2240, 3.200000000000001510 ) ;
#89 = CARTESIAN_POINT ( 'NONE',  ( 117.0000000000000000, 0.000000000000000000, -2.000000000000000000 ) ) ;
#90 = VECTOR ( 'NONE', #960, 1000.000000000000000 ) ;
#91 = AXIS2_PLACEMENT_3D ( 'NONE', #369, #1808, #188 ) ;
#92 = DIRECTION ( 'NONE',  ( 0.000000000000000000, 0.000000000000000000, -1.000000000000000000 ) ) ;
#93 = AXIS2_PLACEMENT_3D ( 'NONE', #313, #153, #325 ) ;
#94 = LINE ( 'NONE', #1504, #314 ) ;
#95 = AXIS2_PLACEMENT_3D ( 'NONE', #1034, #477, #1550 ) ;
#96 = CARTESIAN_POINT ( 'NONE',  ( 94.79999999999999716, 660.5000000000001137, -2.000000000000000000 ) ) ;
#97 = ORIENTED_EDGE ( 'NONE', *, *, #679, .T. ) ;
#98 = FACE_BOUND ( 'NONE', #857, .T. ) ;
#99 = ORIENTED_EDGE ( 'NONE', *, *, #1976, .T. ) ;
#100 = CARTESIAN_POINT ( 'NONE',  ( 101.1999999999999744, 399.0000000000000568, -2.000000000000000000 ) ) ;
#101 = CARTESIAN_POINT ( 'NONE',  ( 41.99999999999999289, 652.7320508075689531, -8.673617379884035472E-15 ) ) ;
#102 = EDGE_CURVE ( 'NONE', #572, #1625, #431, .T. ) ;
#103 = CYLINDRICAL_SURFACE ( 'NONE', #1968, 3.199999999999994404 ) ;
#104 = DIRECTION ( 'NONE',  ( 1.000000000000000000, 0.000000000000000000, 0.000000000000000000 ) ) ;
#105 = ORIENTED_EDGE ( 'NONE', *, *, #377, .T. ) ;
#106 = DIRECTION ( 'NONE',  ( -1.000000000000000000, 0.000000000000000000, 9.130123557772667102E-17 ) ) ;
#107 = EDGE_LOOP ( 'NONE', ( #2000, #336, #1271, #1647 ) ) ;
#108 = DIRECTION ( 'NONE',  ( 0.000000000000000000, 0.000000000000000000, -1.000000000000000000 ) ) ;
#109 = DIRECTION ( 'NONE',  ( -1.000000000000000000, 0.000000000000000000, 0.000000000000000000 ) ) ;
#110 = ORIENTED_EDGE ( 'NONE', *, *, #668, .T. ) ;
#111 = DIRECTION ( 'NONE',  ( 0.000000000000000000, 0.000000000000000000, -1.000000000000000000 ) ) ;
#112 = EDGE_LOOP ( 'NONE', ( #196, #63, #2013, #1749 ) ) ;
#113 = DIRECTION ( 'NONE',  ( -1.000000000000000000, 0.000000000000000000, 0.000000000000000000 ) ) ;
#114 = ORIENTED_EDGE ( 'NONE', *, *, #1244, .F. ) ;
#115 = AXIS2_PLACEMENT_3D ( 'NONE', #2003, #13, #742 ) ;
#116 = DIRECTION ( 'NONE',  ( 3.589083053745117718E-15, 0.000000000000000000, 1.000000000000000000 ) ) ;
#117 = VECTOR ( 'NONE', #216, 1000.000000000000000 ) ;
#118 = AXIS2_PLACEMENT_3D ( 'NONE', #697, #1059, #183 ) ;
#119 = AXIS2_PLACEMENT_3D ( 'NONE', #2346, #1824, #1447 ) ;
#120 = DIRECTION ( 'NONE',  ( 1.000000000000000000, 0.000000000000000000, 0.000000000000000000 ) ) ;
#121 = AXIS2_PLACEMENT_3D ( 'NONE', #2275, #1752, #1248 ) ;
#122 = AXIS2_PLACEMENT_3D ( 'NONE', #2121, #1038, #327 ) ;
#123 = ORIENTED_EDGE ( 'NONE', *, *, #1324, .T. ) ;
#124 = AXIS2_PLACEMENT_3D ( 'NONE', #1761, #1583, #209 ) ;
#125 = DIRECTION ( 'NONE',  ( 1.000000000000000000, 0.000000000000000000, 0.000000000000000000 ) ) ;
#126 = ADVANCED_FACE ( 'NONE', ( #2247 ), #631, .T. ) ;
#127 = ADVANCED_FACE ( 'NONE', ( #371 ), #383, .F. ) ;
#128 = VERTEX_POINT ( 'NONE', #1431 ) ;
#129 = ORIENTED_EDGE ( 'NONE', *, *, #1321, .F. ) ;
#130 = EDGE_CURVE ( 'NONE', #1029, #1082, #655, .T. ) ;
#131 = DIRECTION ( 'NONE',  ( -0.000000000000000000, -0.000000000000000000, 1.000000000000000000 ) ) ;
#132 = FACE_OUTER_BOUND ( 'NONE', #370, .T. ) ;
#133 = EDGE_LOOP ( 'NONE', ( #558, #2238, #650, #1858 ) ) ;
#134 = CARTESIAN_POINT ( 'NONE',  ( 4.347827804580709276E-15, 18.99999999999999645, -28.99999999999999645 ) ) ;
#135 = CARTESIAN_POINT ( 'NONE',  ( 22.50000000000403588, 237.0000000000000568, -28.99999999999999645 ) ) ;
#136 = ORIENTED_EDGE ( 'NONE', *, *, #1719, .T. ) ;
#137 =( NAMED_UNIT ( * ) PLANE_ANGLE_UNIT ( ) SI_UNIT ( $, .RADIAN. ) );
#138 = EDGE_CURVE ( 'NONE', #999, #2040, #88, .T. ) ;
#139 = ORIENTED_EDGE ( 'NONE', *, *, #451, .T. ) ;
#140 = CARTESIAN_POINT ( 'NONE',  ( 43.00000000000000000, 669.0000000000000000, -25.00000000000000711 ) ) ;
#141 = CARTESIAN_POINT ( 'NONE',  ( 43.00000000000000000, 0.000000000000000000, 0.000000000000000000 ) ) ;
#142 = VERTEX_POINT ( 'NONE', #399 ) ;
#143 = DIRECTION ( 'NONE',  ( -1.000000000000000000, 0.000000000000000000, 0.000000000000000000 ) ) ;
#144 = DIRECTION ( 'NONE',  ( -0.000000000000000000, -0.000000000000000000, 1.000000000000000000 ) ) ;
#145 = ORIENTED_EDGE ( 'NONE', *, *, #138, .F. ) ;
#146 = ORIENTED_EDGE ( 'NONE', *, *, #896, .F. ) ;
#147 = CARTESIAN_POINT ( 'NONE',  ( 41.99999999999999289, 16.99999999999999645, 0.000000000000000000 ) ) ;
#148 = ORIENTED_EDGE ( 'NONE', *, *, #891, .F. ) ;
#149 = CYLINDRICAL_SURFACE ( 'NONE', #1828, 3.199999999999994404 ) ;
#150 = EDGE_CURVE ( 'NONE', #582, #1346, #917, .T. ) ;
#151 = EDGE_CURVE ( 'NONE', #2108, #173, #348, .T. ) ;
#152 = AXIS2_PLACEMENT_3D ( 'NONE', #2131, #511, #1234 ) ;
#153 = DIRECTION ( 'NONE',  ( -0.000000000000000000, 1.000000000000000000, -0.000000000000000000 ) ) ;
#154 = AXIS2_PLACEMENT_3D ( 'NONE', #2319, #1269, #1218 ) ;
#155 = VERTEX_POINT ( 'NONE', #1312 ) ;
#156 = CYLINDRICAL_SURFACE ( 'NONE', #2161, 3.499999999999996003 ) ;
#157 = VECTOR ( 'NONE', #1005, 1000.000000000000000 ) ;
#158 = AXIS2_PLACEMENT_3D ( 'NONE', #748, #1987, #2343 ) ;
#159 = ORIENTED_EDGE ( 'NONE', *, *, #62, .T. ) ;
#160 = VECTOR ( 'NONE', #1352, 1000.000000000000000 ) ;
#161 = LINE ( 'NONE', #1957, #1065 ) ;
#162 = ORIENTED_EDGE ( 'NONE', *, *, #630, .T. ) ;
#163 = ADVANCED_BREP_SHAPE_REPRESENTATION ( 'E.Flex_01_AbdeckblechEck3_V1.3', ( #1120, #1159 ), #2020 ) ;
#164 = AXIS2_PLACEMENT_3D ( 'NONE', #1650, #27, #756 ) ;
#165 = VERTEX_POINT ( 'NONE', #764 ) ;
#166 =( NAMED_UNIT ( * ) PLANE_ANGLE_UNIT ( ) SI_UNIT ( $, .RADIAN. ) );
#167 = DIRECTION ( 'NONE',  ( -2.071311613106636385E-17, -1.000000000000000000, 1.891133095431300595E-33 ) ) ;
#168 = CARTESIAN_POINT ( 'NONE',  ( 41.99999999999999289, 651.0000000000000000, -2.000000000000001776 ) ) ;
#169 = ADVANCED_FACE ( 'NONE', ( #1977 ), #1460, .T. ) ;
#170 = VERTEX_POINT ( 'NONE', #1079 ) ;
#171 = DIRECTION ( 'NONE',  ( 0.000000000000000000, -0.000000000000000000, -1.000000000000000000 ) ) ;
#172 = CARTESIAN_POINT ( 'NONE',  ( 118.0000000000000000, 1.000000000000000000, 0.000000000000000000 ) ) ;
#173 = VERTEX_POINT ( 'NONE', #1797 ) ;
#174 = DIRECTION ( 'NONE',  ( -1.000000000000000000, 0.000000000000000000, 0.000000000000000000 ) ) ;
#175 = ORIENTED_EDGE ( 'NONE', *, *, #1411, .F. ) ;
#176 = ORIENTED_EDGE ( 'NONE', *, *, #28, .F. ) ;
#177 = ORIENTED_EDGE ( 'NONE', *, *, #586, .F. ) ;
#178 = LINE ( 'NONE', #901, #1821 ) ;
#179 = CARTESIAN_POINT ( 'NONE',  ( 41.99999999999999289, 650.0000000000000000, 0.000000000000000000 ) ) ;
#180 = DIRECTION ( 'NONE',  ( -0.000000000000000000, -0.000000000000000000, 1.000000000000000000 ) ) ;
#181 = ORIENTED_EDGE ( 'NONE', *, *, #2056, .F. ) ;
#182 = EDGE_CURVE ( 'NONE', #1082, #1029, #1524, .T. ) ;
#183 = DIRECTION ( 'NONE',  ( 0.000000000000000000, 0.000000000000000000, -1.000000000000000000 ) ) ;
#184 = EDGE_CURVE ( 'NONE', #2164, #1846, #2207, .T. ) ;
#185 = ORIENTED_EDGE ( 'NONE', *, *, #1788, .T. ) ;
#186 = LINE ( 'NONE', #1114, #654 ) ;
#187 = EDGE_LOOP ( 'NONE', ( #1872, #489 ) ) ;
#188 = DIRECTION ( 'NONE',  ( -1.000000000000000000, 0.000000000000000000, 0.000000000000000000 ) ) ;
#189 = DIRECTION ( 'NONE',  ( -1.000000000000000000, 0.000000000000000000, 0.000000000000000000 ) ) ;
#190 = EDGE_LOOP ( 'NONE', ( #273, #1429 ) ) ;
#191 = DIRECTION ( 'NONE',  ( 1.000000000000000000, 0.000000000000000000, 0.000000000000000000 ) ) ;
#192 = CARTESIAN_POINT ( 'NONE',  ( 101.1999999999999886, 660.5000000000001137, -3.827021247335478803E-16 ) ) ;
#193 = CARTESIAN_POINT ( 'NONE',  ( 97.99999999999997158, 399.0000000000000568, -2.000000000000000000 ) ) ;
#194 = ORIENTED_EDGE ( 'NONE', *, *, #1804, .T. ) ;
#195 = VECTOR ( 'NONE', #1540, 1000.000000000000000 ) ;
#196 = ORIENTED_EDGE ( 'NONE', *, *, #800, .T. ) ;
#197 = PLANE ( 'NONE',  #499 ) ;
#198 = AXIS2_PLACEMENT_3D ( 'NONE', #471, #620, #634 ) ;
#199 = AXIS2_PLACEMENT_3D ( 'NONE', #1103, #1131, #1286 ) ;
#200 = ORIENTED_EDGE ( 'NONE', *, *, #28, .T. ) ;
#201 = CIRCLE ( 'NONE', #1971, 1.000000000000000888 ) ;
#202 = CARTESIAN_POINT ( 'NONE',  ( 41.99999999999999289, 670.0000000000000000, -8.673617379884035472E-15 ) ) ;
#203 = ORIENTED_EDGE ( 'NONE', *, *, #862, .F. ) ;
#204 = EDGE_CURVE ( 'NONE', #1355, #1100, #2002, .T. ) ;
#205 = VECTOR ( 'NONE', #222, 1000.000000000000000 ) ;
#206 = EDGE_CURVE ( 'NONE', #1088, #1029, #178, .T. ) ;
#207 = EDGE_LOOP ( 'NONE', ( #1796, #1953, #1509, #686 ) ) ;
#208 = AXIS2_PLACEMENT_3D ( 'NONE', #270, #989, #644 ) ;
#209 = DIRECTION ( 'NONE',  ( 1.000000000000000000, 0.000000000000000000, 0.000000000000000000 ) ) ;
#210 = DIRECTION ( 'NONE',  ( 0.000000000000000000, 0.000000000000000000, -1.000000000000000000 ) ) ;
#211 = CYLINDRICAL_SURFACE ( 'NONE', #1925, 1.000000000000000888 ) ;
#212 = DIRECTION ( 'NONE',  ( -0.000000000000000000, -0.000000000000000000, -1.000000000000000000 ) ) ;
#213 = ORIENTED_EDGE ( 'NONE', *, *, #1993, .F. ) ;
#214 = CARTESIAN_POINT ( 'NONE',  ( 83.99999999999992895, 671.0000000000000000, -25.00000000000000711 ) ) ;
#215 = ORIENTED_EDGE ( 'NONE', *, *, #1543, .F. ) ;
#216 = DIRECTION ( 'NONE',  ( 0.000000000000000000, -1.000000000000000000, 0.000000000000000000 ) ) ;
#217 = EDGE_CURVE ( 'NONE', #762, #1918, #811, .T. ) ;
#218 = VERTEX_POINT ( 'NONE', #1092 ) ;
#219 = CARTESIAN_POINT ( 'NONE',  ( 2.860921968029161972E-15, 17.99999999999999645, -28.99999999999999645 ) ) ;
#220 = DIRECTION ( 'NONE',  ( -9.130123557772667102E-17, -0.000000000000000000, -1.000000000000000000 ) ) ;
#221 = DIRECTION ( 'NONE',  ( 1.000000000000000000, 0.000000000000000000, 0.000000000000000000 ) ) ;
#222 = DIRECTION ( 'NONE',  ( -0.000000000000000000, -0.000000000000000000, 1.000000000000000000 ) ) ;
#223 = ORIENTED_EDGE ( 'NONE', *, *, #4, .F. ) ;
#224 = DIRECTION ( 'NONE',  ( 1.000000000000000000, 0.000000000000000000, 0.000000000000000000 ) ) ;
#225 = LINE ( 'NONE', #263, #500 ) ;
#226 = DIRECTION ( 'NONE',  ( -0.000000000000000000, -0.000000000000000000, 1.000000000000000000 ) ) ;
#227 = CARTESIAN_POINT ( 'NONE',  ( 41.99999999999999289, 1.000000000000000888, -2.000000000000008882 ) ) ;
#228 = ORIENTED_EDGE ( 'NONE', *, *, #2023, .F. ) ;
#229 = EDGE_LOOP ( 'NONE', ( #1041, #215 ) ) ;
#230 = EDGE_CURVE ( 'NONE', #666, #474, #1446, .T. ) ;
#231 = DIRECTION ( 'NONE',  ( -0.000000000000000000, -0.000000000000000000, 1.000000000000000000 ) ) ;
#232 = DIRECTION ( 'NONE',  ( -0.000000000000000000, -0.000000000000000000, 1.000000000000000000 ) ) ;
#233 = ORIENTED_EDGE ( 'NONE', *, *, #891, .T. ) ;
#234 = CARTESIAN_POINT ( 'NONE',  ( 117.0000000000000000, 695.0000000000001137, 0.000000000000000000 ) ) ;
#235 = CYLINDRICAL_SURFACE ( 'NONE', #1521, 1.000000000000000000 ) ;
#236 = EDGE_CURVE ( 'NONE', #1175, #2112, #940, .T. ) ;
#237 = CYLINDRICAL_SURFACE ( 'NONE', #2249, 1.000000000000000888 ) ;
#238 = ADVANCED_FACE ( 'NONE', ( #2028 ), #409, .F. ) ;
#239 = DIRECTION ( 'NONE',  ( -0.000000000000000000, 1.000000000000000000, -0.000000000000000000 ) ) ;
#240 = EDGE_CURVE ( 'NONE', #886, #904, #951, .T. ) ;
#241 = DIRECTION ( 'NONE',  ( -1.000000000000000000, 0.000000000000000000, 0.000000000000000000 ) ) ;
#242 = CIRCLE ( 'NONE', #1182, 1.000000000000000888 ) ;
#243 = FACE_OUTER_BOUND ( 'NONE', #613, .T. ) ;
#244 = CARTESIAN_POINT ( 'NONE',  ( 97.99999999999997158, 301.0000000000001137, 0.000000000000000000 ) ) ;
#245 = AXIS2_PLACEMENT_3D ( 'NONE', #1548, #2269, #1198 ) ;
#246 = ORIENTED_EDGE ( 'NONE', *, *, #1972, .T. ) ;
#247 = AXIS2_PLACEMENT_3D ( 'NONE', #17, #2176, #43 ) ;
#248 = EDGE_LOOP ( 'NONE', ( #2281, #159, #1197, #382 ) ) ;
#249 = AXIS2_PLACEMENT_3D ( 'NONE', #753, #220, #1213 ) ;
#250 = DIRECTION ( 'NONE',  ( -0.000000000000000000, -0.000000000000000000, 1.000000000000000000 ) ) ;
#251 = DIRECTION ( 'NONE',  ( -1.000000000000000000, 0.000000000000000000, 0.000000000000000000 ) ) ;
#252 = STYLED_ITEM ( 'NONE', ( #2345 ), #163 ) ;
#253 = ORIENTED_EDGE ( 'NONE', *, *, #2104, .F. ) ;
#254 = EDGE_CURVE ( 'NONE', #2177, #2164, #1301, .T. ) ;
#255 = DIRECTION ( 'NONE',  ( 1.000000000000000000, 0.000000000000000000, 0.000000000000000000 ) ) ;
#256 = DIRECTION ( 'NONE',  ( -1.000000000000000000, 0.000000000000000000, -0.000000000000000000 ) ) ;
#257 = ORIENTED_EDGE ( 'NONE', *, *, #649, .T. ) ;
#258 = EDGE_LOOP ( 'NONE', ( #854, #444 ) ) ;
#259 = DIRECTION ( 'NONE',  ( 1.000000000000000000, 0.000000000000000000, 0.000000000000000000 ) ) ;
#260 = DIRECTION ( 'NONE',  ( 1.000000000000000000, 0.000000000000000000, 0.000000000000000000 ) ) ;
#261 = ORIENTED_EDGE ( 'NONE', *, *, #1307, .T. ) ;
#262 = CARTESIAN_POINT ( 'NONE',  ( 19.00000000000202149, 431.0000000000000568, -28.99999999999999645 ) ) ;
#263 = CARTESIAN_POINT ( 'NONE',  ( 118.0000000000000000, 0.000000000000000000, -2.000000000000000000 ) ) ;
#264 = DIRECTION ( 'NONE',  ( -1.000000000000000000, 0.000000000000000000, 0.000000000000000000 ) ) ;
#265 = CARTESIAN_POINT ( 'NONE',  ( 97.99999999999995737, 137.5000000000000568, 0.000000000000000000 ) ) ;
#266 = ADVANCED_FACE ( 'NONE', ( #845 ), #656, .F. ) ;
#267 = VERTEX_POINT ( 'NONE', #100 ) ;
#268 = VERTEX_POINT ( 'NONE', #1365 ) ;
#269 = DIRECTION ( 'NONE',  ( 0.000000000000000000, 0.000000000000000000, -1.000000000000000000 ) ) ;
#270 = CARTESIAN_POINT ( 'NONE',  ( 35.99999999999990052, 0.000000000000000000, -26.99999999999999645 ) ) ;
#271 = DIRECTION ( 'NONE',  ( -0.000000000000000000, -0.000000000000000000, 1.000000000000000000 ) ) ;
#272 = CARTESIAN_POINT ( 'NONE',  ( 101.1999999999999602, 137.5000000000000568, 0.000000000000000000 ) ) ;
#273 = ORIENTED_EDGE ( 'NONE', *, *, #1758, .F. ) ;
#274 = CIRCLE ( 'NONE', #839, 3.200000000000001510 ) ;
#275 = LINE ( 'NONE', #1382, #532 ) ;
#276 = EDGE_CURVE ( 'NONE', #474, #1467, #776, .T. ) ;
#277 = ORIENTED_EDGE ( 'NONE', *, *, #1706, .T. ) ;
#278 = CIRCLE ( 'NONE', #1591, 3.200000000000001510 ) ;
#279 = DIRECTION ( 'NONE',  ( -1.000000000000000000, 0.000000000000000000, 0.000000000000000000 ) ) ;
#280 = VECTOR ( 'NONE', #1965, 1000.000000000000000 ) ;
#281 = DIRECTION ( 'NONE',  ( -1.000000000000000000, 0.000000000000000000, 0.000000000000000000 ) ) ;
#282 = VECTOR ( 'NONE', #2348, 1000.000000000000000 ) ;
#283 = DIRECTION ( 'NONE',  ( 1.000000000000000000, 0.000000000000000000, 0.000000000000000000 ) ) ;
#284 = VECTOR ( 'NONE', #1573, 1000.000000000000000 ) ;
#285 = FACE_BOUND ( 'NONE', #547, .T. ) ;
#286 = ORIENTED_EDGE ( 'NONE', *, *, #1492, .F. ) ;
#287 = DIRECTION ( 'NONE',  ( 0.000000000000000000, 0.000000000000000000, -1.000000000000000000 ) ) ;
#288 = VERTEX_POINT ( 'NONE', #71 ) ;
#289 = EDGE_CURVE ( 'NONE', #1541, #1088, #1221, .T. ) ;
#290 = DIRECTION ( 'NONE',  ( 0.000000000000000000, 0.000000000000000000, -1.000000000000000000 ) ) ;
#291 = ADVANCED_FACE ( 'NONE', ( #1879 ), #1115, .F. ) ;
#292 = CARTESIAN_POINT ( 'NONE',  ( 41.99999999999999289, 670.0000000000000000, -4.000000000000010658 ) ) ;
#293 = ORIENTED_EDGE ( 'NONE', *, *, #1863, .F. ) ;
#294 = FACE_BOUND ( 'NONE', #364, .T. ) ;
#295 = EDGE_LOOP ( 'NONE', ( #1098, #1236 ) ) ;
#296 = CARTESIAN_POINT ( 'NONE',  ( 61.19999999999998153, 301.0000000000001137, -3.827021247335478803E-16 ) ) ;
#297 = EDGE_LOOP ( 'NONE', ( #253, #2038 ) ) ;
#298 = DIRECTION ( 'NONE',  ( 0.000000000000000000, -1.000000000000000000, 0.000000000000000000 ) ) ;
#299 = EDGE_CURVE ( 'NONE', #1467, #1912, #433, .T. ) ;
#300 = DIRECTION ( 'NONE',  ( -0.000000000000000000, -0.000000000000000000, 1.000000000000000000 ) ) ;
#301 = EDGE_CURVE ( 'NONE', #1100, #860, #2, .T. ) ;
#302 = VERTEX_POINT ( 'NONE', #227 ) ;
#303 = ADVANCED_FACE ( 'NONE', ( #790 ), #948, .F. ) ;
#304 = LINE ( 'NONE', #1229, #1151 ) ;
#305 = EDGE_LOOP ( 'NONE', ( #129, #1073, #2092, #1007 ) ) ;
#306 = CARTESIAN_POINT ( 'NONE',  ( 35.99999999999990763, 18.00000000000000000, -29.00000000000000000 ) ) ;
#307 = EDGE_LOOP ( 'NONE', ( #1757, #1612 ) ) ;
#308 = DIRECTION ( 'NONE',  ( 0.000000000000000000, 0.000000000000000000, 1.000000000000000000 ) ) ;
#309 = VECTOR ( 'NONE', #838, 1000.000000000000000 ) ;
#310 = AXIS2_PLACEMENT_3D ( 'NONE', #932, #51, #1259 ) ;
#311 = CIRCLE ( 'NONE', #536, 3.200000000000001510 ) ;
#312 = AXIS2_PLACEMENT_3D ( 'NONE', #2201, #1515, #441 ) ;
#313 = CARTESIAN_POINT ( 'NONE',  ( 41.99999999999999289, 670.0000000000000000, -4.000000000000010658 ) ) ;
#314 = VECTOR ( 'NONE', #2234, 1000.000000000000000 ) ;
#315 = VERTEX_POINT ( 'NONE', #2037 ) ;
#316 = ADVANCED_FACE ( 'NONE', ( #965 ), #1684, .F. ) ;
#317 = CARTESIAN_POINT ( 'NONE',  ( 43.00000000000000000, 16.99999999999999645, -2.000000000000001776 ) ) ;
#318 = CIRCLE ( 'NONE', #1409, 1.000000000000000888 ) ;
#319 = CARTESIAN_POINT ( 'NONE',  ( 84.99999999999992895, 671.0000000000000000, -2.000000000000000000 ) ) ;
#320 = ORIENTED_EDGE ( 'NONE', *, *, #2026, .T. ) ;
#321 = CARTESIAN_POINT ( 'NONE',  ( 84.99999999999998579, 694.0000000000001137, 0.000000000000000000 ) ) ;
#322 = ORIENTED_EDGE ( 'NONE', *, *, #2007, .T. ) ;
#323 = CARTESIAN_POINT ( 'NONE',  ( 35.99999999999990763, 18.00000000000000000, -31.00000000000000000 ) ) ;
#324 = CARTESIAN_POINT ( 'NONE',  ( 42.49999999999999289, 651.8660254037844197, -2.000000000000001776 ) ) ;
#325 = DIRECTION ( 'NONE',  ( -1.000000000000000000, 0.000000000000000000, 3.686287386450711920E-15 ) ) ;
#326 = EDGE_LOOP ( 'NONE', ( #1539, #1570, #675, #2133, #1277, #2291 ) ) ;
#327 = DIRECTION ( 'NONE',  ( -1.000000000000000000, 0.000000000000000000, 0.000000000000000000 ) ) ;
#328 = DIRECTION ( 'NONE',  ( -0.000000000000000000, -0.000000000000000000, 1.000000000000000000 ) ) ;
#329 = EDGE_CURVE ( 'NONE', #1810, #2263, #610, .T. ) ;
#330 = EDGE_LOOP ( 'NONE', ( #1582, #1498, #1882, #684 ) ) ;
#331 = EDGE_CURVE ( 'NONE', #1364, #1530, #1304, .T. ) ;
#332 = CARTESIAN_POINT ( 'NONE',  ( 61.19999999999997442, 39.50000000000009237, -2.000000000000000000 ) ) ;
#333 = ORIENTED_EDGE ( 'NONE', *, *, #1396, .T. ) ;
#334 = DIRECTION ( 'NONE',  ( 1.000000000000000000, 0.000000000000000000, 0.000000000000000000 ) ) ;
#335 = DIRECTION ( 'NONE',  ( -9.130123557772667102E-17, -0.000000000000000000, -1.000000000000000000 ) ) ;
#336 = ORIENTED_EDGE ( 'NONE', *, *, #2228, .T. ) ;
#337 = DIRECTION ( 'NONE',  ( 3.589083053745117718E-15, 0.000000000000000000, 1.000000000000000000 ) ) ;
#338 = CARTESIAN_POINT ( 'NONE',  ( 19.00000000000000355, 625.0000000000000000, -28.99999999999999645 ) ) ;
#339 = ORIENTED_EDGE ( 'NONE', *, *, #87, .T. ) ;
#340 = SURFACE_STYLE_FILL_AREA ( #1242 ) ;
#341 = ORIENTED_EDGE ( 'NONE', *, *, #1661, .T. ) ;
#342 = EDGE_CURVE ( 'NONE', #2001, #698, #963, .T. ) ;
#343 = CIRCLE ( 'NONE', #2084, 1.000000000000000888 ) ;
#344 = CARTESIAN_POINT ( 'NONE',  ( 39.99999999999990052, 18.00000000000000000, -27.00000000000001066 ) ) ;
#345 = FACE_OUTER_BOUND ( 'NONE', #5, .T. ) ;
#346 = AXIS2_PLACEMENT_3D ( 'NONE', #721, #685, #528 ) ;
#347 = ORIENTED_EDGE ( 'NONE', *, *, #1769, .T. ) ;
#348 = CIRCLE ( 'NONE', #199, 3.499999999999992895 ) ;
#349 = CARTESIAN_POINT ( 'NONE',  ( 101.1999999999999602, 39.50000000000009237, 0.000000000000000000 ) ) ;
#350 = CARTESIAN_POINT ( 'NONE',  ( 86.00000000000000000, 694.0000000000001137, -2.000000000000000000 ) ) ;
#351 = AXIS2_PLACEMENT_3D ( 'NONE', #733, #946, #1477 ) ;
#352 = AXIS2_PLACEMENT_3D ( 'NONE', #1325, #250, #2042 ) ;
#353 = EDGE_LOOP ( 'NONE', ( #779, #801, #1724, #840 ) ) ;
#354 = AXIS2_PLACEMENT_3D ( 'NONE', #292, #1012, #849 ) ;
#355 = DIRECTION ( 'NONE',  ( 0.000000000000000000, 0.000000000000000000, -1.000000000000000000 ) ) ;
#356 = ORIENTED_EDGE ( 'NONE', *, *, #1908, .T. ) ;
#357 = CIRCLE ( 'NONE', #592, 1.000000000000000888 ) ;
#358 = ORIENTED_EDGE ( 'NONE', *, *, #1599, .F. ) ;
#359 = ADVANCED_FACE ( 'NONE', ( #1440 ), #520, .F. ) ;
#360 = CARTESIAN_POINT ( 'NONE',  ( 43.00000000000000000, 15.26794919243112325, -31.00100000000000122 ) ) ;
#361 = DIRECTION ( 'NONE',  ( -0.000000000000000000, -0.000000000000000000, 1.000000000000000000 ) ) ;
#362 = EDGE_CURVE ( 'NONE', #1165, #746, #1865, .T. ) ;
#363 = PLANE ( 'NONE',  #2126 ) ;
#364 = EDGE_LOOP ( 'NONE', ( #880, #1562 ) ) ;
#365 = CARTESIAN_POINT ( 'NONE',  ( 41.99999999999999289, 669.0000000000000000, -8.673617379884035472E-15 ) ) ;
#366 = VERTEX_POINT ( 'NONE', #6 ) ;
#367 = CARTESIAN_POINT ( 'NONE',  ( 57.99999999999998579, 562.5000000000001137, 0.000000000000000000 ) ) ;
#368 = EDGE_LOOP ( 'NONE', ( #580, #2008, #1890, #347 ) ) ;
#369 = CARTESIAN_POINT ( 'NONE',  ( 117.0000000000000000, 694.0000000000001137, -2.000000000000000000 ) ) ;
#370 = EDGE_LOOP ( 'NONE', ( #391, #1805, #1831, #793 ) ) ;
#371 = FACE_OUTER_BOUND ( 'NONE', #1402, .T. ) ;
#372 = DIRECTION ( 'NONE',  ( -0.000000000000000000, -0.000000000000000000, 1.000000000000000000 ) ) ;
#373 = DIRECTION ( 'NONE',  ( -0.000000000000000000, -0.000000000000000000, 1.000000000000000000 ) ) ;
#374 = ORIENTED_EDGE ( 'NONE', *, *, #1324, .F. ) ;
#375 = EDGE_CURVE ( 'NONE', #1379, #302, #2243, .T. ) ;
#376 = CARTESIAN_POINT ( 'NONE',  ( 117.0000000000000000, 694.0000000000001137, -2.000000000000000000 ) ) ;
#377 = EDGE_CURVE ( 'NONE', #852, #746, #225, .T. ) ;
#378 = ORIENTED_EDGE ( 'NONE', *, *, #1728, .T. ) ;
#379 = DIRECTION ( 'NONE',  ( -0.000000000000000000, -0.000000000000000000, -1.000000000000000000 ) ) ;
#380 = ORIENTED_EDGE ( 'NONE', *, *, #1611, .T. ) ;
#381 = ORIENTED_EDGE ( 'NONE', *, *, #653, .F. ) ;
#382 = ORIENTED_EDGE ( 'NONE', *, *, #1173, .F. ) ;
#383 = CYLINDRICAL_SURFACE ( 'NONE', #310, 3.199999999999994404 ) ;
#384 = LINE ( 'NONE', #1618, #2308 ) ;
#385 = CYLINDRICAL_SURFACE ( 'NONE', #502, 3.200000000000001510 ) ;
#386 = ORIENTED_EDGE ( 'NONE', *, *, #1189, .F. ) ;
#387 = AXIS2_PLACEMENT_3D ( 'NONE', #567, #1326, #287 ) ;
#388 = DIRECTION ( 'NONE',  ( 0.000000000000000000, -1.000000000000000000, 0.000000000000000000 ) ) ;
#389 = CIRCLE ( 'NONE', #1403, 3.199999999999994404 ) ;
#390 = EDGE_CURVE ( 'NONE', #2137, #1547, #201, .T. ) ;
#391 = ORIENTED_EDGE ( 'NONE', *, *, #217, .F. ) ;
#392 = AXIS2_PLACEMENT_3D ( 'NONE', #1110, #1830, #241 ) ;
#393 = CIRCLE ( 'NONE', #1677, 3.200000000000001510 ) ;
#394 = DIRECTION ( 'NONE',  ( -1.000000000000000000, 0.000000000000000000, 0.000000000000000000 ) ) ;
#395 = VECTOR ( 'NONE', #415, 1000.000000000000000 ) ;
#396 = ORIENTED_EDGE ( 'NONE', *, *, #462, .F. ) ;
#397 = AXIS2_PLACEMENT_3D ( 'NONE', #1010, #2295, #108 ) ;
#398 = DIRECTION ( 'NONE',  ( 0.000000000000000000, 0.000000000000000000, 1.000000000000000000 ) ) ;
#399 = CARTESIAN_POINT ( 'NONE',  ( 43.00000000000000000, 16.99999999999999645, 0.000000000000000000 ) ) ;
#400 = LINE ( 'NONE', #349, #1341 ) ;
#401 = DIRECTION ( 'NONE',  ( -0.000000000000000000, -0.000000000000000000, 1.000000000000000000 ) ) ;
#402 = CYLINDRICAL_SURFACE ( 'NONE', #1528, 3.200000000000001510 ) ;
#403 = ORIENTED_EDGE ( 'NONE', *, *, #2185, .T. ) ;
#404 = LINE ( 'NONE', #1466, #2274 ) ;
#405 = LINE ( 'NONE', #2036, #2011 ) ;
#406 = EDGE_CURVE ( 'NONE', #268, #1999, #691, .T. ) ;
#407 = EDGE_CURVE ( 'NONE', #15, #288, #2277, .T. ) ;
#408 = EDGE_LOOP ( 'NONE', ( #2268, #1586 ) ) ;
#409 = CYLINDRICAL_SURFACE ( 'NONE', #874, 3.499999999999996003 ) ;
#410 = EDGE_CURVE ( 'NONE', #1819, #1642, #25, .T. ) ;
#411 = CARTESIAN_POINT ( 'NONE',  ( 54.79999999999998295, 399.0000000000000568, 0.000000000000000000 ) ) ;
#412 = VERTEX_POINT ( 'NONE', #696 ) ;
#413 = CARTESIAN_POINT ( 'NONE',  ( 19.00000000000202149, 431.0000000000000568, -30.99999999999999289 ) ) ;
#414 = DIRECTION ( 'NONE',  ( 8.260587980841930151E-17, -1.000000000000000000, -0.000000000000000000 ) ) ;
#415 = DIRECTION ( 'NONE',  ( -0.000000000000000000, 0.000000000000000000, 1.000000000000000000 ) ) ;
#416 = CARTESIAN_POINT ( 'NONE',  ( 97.99999999999995737, 39.50000000000009237, -3.827021247335478803E-16 ) ) ;
#417 = CARTESIAN_POINT ( 'NONE',  ( 84.99999999999992895, 670.0000000000000000, -25.00000000000000711 ) ) ;
#418 = DIRECTION ( 'NONE',  ( -0.000000000000000000, -1.000000000000000000, -0.000000000000000000 ) ) ;
#419 = ORIENTED_EDGE ( 'NONE', *, *, #2296, .F. ) ;
#420 = VERTEX_POINT ( 'NONE', #1228 ) ;
#421 = EDGE_CURVE ( 'NONE', #1438, #852, #2017, .T. ) ;
#422 = FACE_BOUND ( 'NONE', #190, .T. ) ;
#423 = CARTESIAN_POINT ( 'NONE',  ( 57.99999999999998579, 660.5000000000001137, -2.000000000000000000 ) ) ;
#424 = CARTESIAN_POINT ( 'NONE',  ( 19.00000000000615685, 43.00000000000000000, -30.99999999999999289 ) ) ;
#425 = DIRECTION ( 'NONE',  ( -0.000000000000000000, -0.000000000000000000, 1.000000000000000000 ) ) ;
#426 = VECTOR ( 'NONE', #1519, 1000.000000000000000 ) ;
#427 = FACE_BOUND ( 'NONE', #920, .T. ) ;
#428 = AXIS2_PLACEMENT_3D ( 'NONE', #1579, #1231, #2138 ) ;
#429 = ORIENTED_EDGE ( 'NONE', *, *, #1545, .F. ) ;
#430 = AXIS2_PLACEMENT_3D ( 'NONE', #2100, #683, #515 ) ;
#431 = CIRCLE ( 'NONE', #1861, 3.499999999999994227 ) ;
#432 = VERTEX_POINT ( 'NONE', #134 ) ;
#433 = CIRCLE ( 'NONE', #2166, 2.000000000000001776 ) ;
#434 = AXIS2_PLACEMENT_3D ( 'NONE', #1366, #616, #1136 ) ;
#435 = CARTESIAN_POINT ( 'NONE',  ( 0.000000000000000000, 0.000000000000000000, 0.000000000000000000 ) ) ;
#436 = CARTESIAN_POINT ( 'NONE',  ( 97.99999999999997158, 399.0000000000000568, -3.827021247335478803E-16 ) ) ;
#437 = EDGE_CURVE ( 'NONE', #643, #1205, #400, .T. ) ;
#438 = CARTESIAN_POINT ( 'NONE',  ( 43.00000000000000000, 16.99999999999999645, -31.00100000000000122 ) ) ;
#439 = CARTESIAN_POINT ( 'NONE',  ( 97.99999999999995737, 39.50000000000009237, -3.827021247335478803E-16 ) ) ;
#440 = DIRECTION ( 'NONE',  ( 0.000000000000000000, 0.000000000000000000, -1.000000000000000000 ) ) ;
#441 = DIRECTION ( 'NONE',  ( -1.000000000000000000, 0.000000000000000000, 0.000000000000000000 ) ) ;
#442 = PRODUCT ( 'E.Flex_01_AbdeckblechEck3_V1.3', 'E.Flex_01_AbdeckblechEck3_V1.3', '', ( #715 ) ) ;
#443 = VERTEX_POINT ( 'NONE', #1839 ) ;
#444 = ORIENTED_EDGE ( 'NONE', *, *, #1201, .F. ) ;
#445 = DIRECTION ( 'NONE',  ( 0.000000000000000000, 0.000000000000000000, -1.000000000000000000 ) ) ;
#446 = FACE_OUTER_BOUND ( 'NONE', #1219, .T. ) ;
#447 = LINE ( 'NONE', #1689, #1778 ) ;
#448 = CARTESIAN_POINT ( 'NONE',  ( 57.99999999999998579, 562.5000000000001137, -3.827021247335478803E-16 ) ) ;
#449 = EDGE_CURVE ( 'NONE', #1999, #268, #2124, .T. ) ;
#450 = CARTESIAN_POINT ( 'NONE',  ( 43.00000000000000711, 670.0000000000000000, 0.000000000000000000 ) ) ;
#451 = EDGE_CURVE ( 'NONE', #556, #1165, #1764, .T. ) ;
#452 = ORIENTED_EDGE ( 'NONE', *, *, #1497, .F. ) ;
#453 = CARTESIAN_POINT ( 'NONE',  ( 101.1999999999999744, 301.0000000000001137, -3.827021247335478803E-16 ) ) ;
#454 = ORIENTED_EDGE ( 'NONE', *, *, #342, .F. ) ;
#455 = DIRECTION ( 'NONE',  ( 0.000000000000000000, 0.000000000000000000, -1.000000000000000000 ) ) ;
#456 = CARTESIAN_POINT ( 'NONE',  ( 41.99999999999999289, 15.26794919243112858, -2.000000000000008882 ) ) ;
#457 = DIRECTION ( 'NONE',  ( 1.000000000000000000, 0.000000000000000000, 0.000000000000000000 ) ) ;
#458 = CARTESIAN_POINT ( 'NONE',  ( 84.99999999999992895, 671.0000000000000000, 0.000000000000000000 ) ) ;
#459 = EDGE_CURVE ( 'NONE', #1088, #1541, #393, .T. ) ;
#460 = VERTEX_POINT ( 'NONE', #37 ) ;
#461 = AXIS2_PLACEMENT_3D ( 'NONE', #651, #414, #113 ) ;
#462 = EDGE_CURVE ( 'NONE', #432, #886, #2089, .T. ) ;
#463 = CARTESIAN_POINT ( 'NONE',  ( 4.152624374776739761E-15, 0.000000000000000000, -30.99999999999999289 ) ) ;
#464 = ORIENTED_EDGE ( 'NONE', *, *, #1461, .T. ) ;
#465 = CARTESIAN_POINT ( 'NONE',  ( 41.99999999999999289, 16.99999999999999645, -2.000000000000001776 ) ) ;
#466 = CIRCLE ( 'NONE', #2271, 3.199999999999994404 ) ;
#467 = PLANE ( 'NONE',  #95 ) ;
#468 = AXIS2_PLACEMENT_3D ( 'NONE', #2223, #1700, #255 ) ;
#469 = DIRECTION ( 'NONE',  ( 1.000000000000000000, 0.000000000000000000, 0.000000000000000000 ) ) ;
#470 = VECTOR ( 'NONE', #298, 1000.000000000000000 ) ;
#471 = CARTESIAN_POINT ( 'NONE',  ( 0.9999999999998969713, 649.0000000000000000, -28.99999999999999645 ) ) ;
#472 = VERTEX_POINT ( 'NONE', #881 ) ;
#473 = LINE ( 'NONE', #1314, #914 ) ;
#474 = VERTEX_POINT ( 'NONE', #317 ) ;
#475 = ADVANCED_FACE ( 'NONE', ( #858 ), #867, .F. ) ;
#476 = EDGE_CURVE ( 'NONE', #666, #2189, #2313, .T. ) ;
#477 = DIRECTION ( 'NONE',  ( -1.000000000000000000, 0.000000000000000000, 9.760171490198437539E-17 ) ) ;
#478 = ADVANCED_FACE ( 'NONE', ( #2135 ), #1943, .T. ) ;
#479 = DIRECTION ( 'NONE',  ( 1.000000000000000000, 0.000000000000000000, 0.000000000000000000 ) ) ;
#480 = EDGE_LOOP ( 'NONE', ( #1383, #2080, #771, #2065 ) ) ;
#481 = DIRECTION ( 'NONE',  ( 0.000000000000000000, 0.000000000000000000, 1.000000000000000000 ) ) ;
#482 = DIRECTION ( 'NONE',  ( -1.000000000000000000, 0.000000000000000000, 0.000000000000000000 ) ) ;
#483 = EDGE_LOOP ( 'NONE', ( #74, #1130, #1995, #136 ) ) ;
#484 = CARTESIAN_POINT ( 'NONE',  ( 0.000000000000000000, 0.000000000000000000, -2.000000000000000000 ) ) ;
#485 = ORIENTED_EDGE ( 'NONE', *, *, #1599, .T. ) ;
#486 = LINE ( 'NONE', #847, #1113 ) ;
#487 = ADVANCED_FACE ( 'NONE', ( #1058 ), #1601, .F. ) ;
#488 = DIRECTION ( 'NONE',  ( 0.000000000000000000, 0.000000000000000000, -1.000000000000000000 ) ) ;
#489 = ORIENTED_EDGE ( 'NONE', *, *, #1066, .F. ) ;
#490 = DIRECTION ( 'NONE',  ( -0.000000000000000000, -0.000000000000000000, 1.000000000000000000 ) ) ;
#491 = DIRECTION ( 'NONE',  ( -1.000000000000000000, 0.000000000000000000, 0.000000000000000000 ) ) ;
#492 = ORIENTED_EDGE ( 'NONE', *, *, #1322, .F. ) ;
#493 = DIRECTION ( 'NONE',  ( -1.000000000000000000, 0.000000000000000000, 0.000000000000000000 ) ) ;
#494 = ORIENTED_EDGE ( 'NONE', *, *, #893, .F. ) ;
#495 = VECTOR ( 'NONE', #1913, 1000.000000000000000 ) ;
#496 = CARTESIAN_POINT ( 'NONE',  ( 57.99999999999997868, 39.50000000000009237, 0.000000000000000000 ) ) ;
#497 = CIRCLE ( 'NONE', #154, 2.000000000000001776 ) ;
#498 = AXIS2_PLACEMENT_3D ( 'NONE', #752, #12, #1617 ) ;
#499 = AXIS2_PLACEMENT_3D ( 'NONE', #417, #1083, #773 ) ;
#500 = VECTOR ( 'NONE', #1698, 1000.000000000000000 ) ;
#501 = CYLINDRICAL_SURFACE ( 'NONE', #1264, 3.199999999999994404 ) ;
#502 = AXIS2_PLACEMENT_3D ( 'NONE', #1463, #1263, #596 ) ;
#503 = ORIENTED_EDGE ( 'NONE', *, *, #647, .F. ) ;
#504 = CARTESIAN_POINT ( 'NONE',  ( 42.49999999999999289, 16.13397459621556251, -31.00100000000000122 ) ) ;
#505 = CIRCLE ( 'NONE', #434, 3.499999999999992895 ) ;
#506 = CARTESIAN_POINT ( 'NONE',  ( 97.99999999999995737, 137.5000000000000568, -3.827021247335478803E-16 ) ) ;
#507 = ORIENTED_EDGE ( 'NONE', *, *, #2198, .T. ) ;
#508 = FACE_OUTER_BOUND ( 'NONE', #480, .T. ) ;
#509 = EDGE_LOOP ( 'NONE', ( #228, #146 ) ) ;
#510 = FACE_OUTER_BOUND ( 'NONE', #2349, .T. ) ;
#511 = DIRECTION ( 'NONE',  ( -0.000000000000000000, -0.000000000000000000, 1.000000000000000000 ) ) ;
#512 = APPLICATION_CONTEXT ( 'automotive_design' ) ;
#513 = DIRECTION ( 'NONE',  ( -7.434109409626492195E-32, 1.000000000000000000, -2.071311613106636385E-17 ) ) ;
#514 = ORIENTED_EDGE ( 'NONE', *, *, #24, .F. ) ;
#515 = DIRECTION ( 'NONE',  ( 1.000000000000000000, 0.000000000000000000, 0.000000000000000000 ) ) ;
#516 = EDGE_CURVE ( 'NONE', #1822, #1118, #525, .T. ) ;
#517 = ORIENTED_EDGE ( 'NONE', *, *, #102, .T. ) ;
#518 = LINE ( 'NONE', #1665, #1710 ) ;
#519 = EDGE_LOOP ( 'NONE', ( #223, #722 ) ) ;
#520 = CYLINDRICAL_SURFACE ( 'NONE', #50, 3.199999999999994404 ) ;
#521 = DIRECTION ( 'NONE',  ( -0.000000000000000000, -0.000000000000000000, 1.000000000000000000 ) ) ;
#522 = CARTESIAN_POINT ( 'NONE',  ( 41.99999999999999289, 669.0000000000000000, -31.00000000000000000 ) ) ;
#523 = CARTESIAN_POINT ( 'NONE',  ( 15.50000000000203215, 431.0000000000000568, -28.99999999999999645 ) ) ;
#524 = ORIENTED_EDGE ( 'NONE', *, *, #2007, .F. ) ;
#525 = LINE ( 'NONE', #1250, #735 ) ;
#526 = CARTESIAN_POINT ( 'NONE',  ( 86.00000000000000000, 694.0000000000001137, -2.000000000000000000 ) ) ;
#527 = ORIENTED_EDGE ( 'NONE', *, *, #1149, .F. ) ;
#528 = DIRECTION ( 'NONE',  ( -1.000000000000000000, 0.000000000000000000, 0.000000000000000000 ) ) ;
#529 = ORIENTED_EDGE ( 'NONE', *, *, #1011, .F. ) ;
#530 = ORIENTED_EDGE ( 'NONE', *, *, #138, .T. ) ;
#531 = DIRECTION ( 'NONE',  ( -0.000000000000000000, -0.000000000000000000, 1.000000000000000000 ) ) ;
#532 = VECTOR ( 'NONE', #1016, 1000.000000000000000 ) ;
#533 = FACE_OUTER_BOUND ( 'NONE', #1392, .T. ) ;
#534 = CIRCLE ( 'NONE', #774, 3.199999999999994404 ) ;
#535 = CARTESIAN_POINT ( 'NONE',  ( 57.99999999999997868, 399.0000000000000568, 0.000000000000000000 ) ) ;
#536 = AXIS2_PLACEMENT_3D ( 'NONE', #1075, #708, #1400 ) ;
#537 = VERTEX_POINT ( 'NONE', #89 ) ;
#538 = VECTOR ( 'NONE', #1867, 1000.000000000000000 ) ;
#539 = CARTESIAN_POINT ( 'NONE',  ( 97.99999999999997158, 301.0000000000001137, -3.827021247335478803E-16 ) ) ;
#540 = AXIS2_PLACEMENT_3D ( 'NONE', #2309, #1740, #671 ) ;
#541 = ORIENTED_EDGE ( 'NONE', *, *, #1758, .T. ) ;
#542 = AXIS2_PLACEMENT_3D ( 'NONE', #436, #1004, #260 ) ;
#543 = CYLINDRICAL_SURFACE ( 'NONE', #428, 1.000000000000000888 ) ;
#544 = EDGE_LOOP ( 'NONE', ( #910, #1703, #1345, #1938 ) ) ;
#545 = DIRECTION ( 'NONE',  ( 1.000000000000000000, 0.000000000000000000, 0.000000000000000000 ) ) ;
#546 = CARTESIAN_POINT ( 'NONE',  ( 117.0000000000000000, 1.000000000000000000, 0.000000000000000000 ) ) ;
#547 = EDGE_LOOP ( 'NONE', ( #1199, #994 ) ) ;
#548 = CARTESIAN_POINT ( 'NONE',  ( 0.000000000000000000, 0.000000000000000000, 0.000000000000000000 ) ) ;
#549 = EDGE_CURVE ( 'NONE', #2112, #666, #1033, .T. ) ;
#550 = DIRECTION ( 'NONE',  ( -0.000000000000000000, -0.000000000000000000, 1.000000000000000000 ) ) ;
#551 = ADVANCED_FACE ( 'NONE', ( #2209, #615, #422, #2066, #1313, #1142, #1671, #1892, #804, #594, #819, #637, #1851 ), #2031, .F. ) ;
#552 = CARTESIAN_POINT ( 'NONE',  ( 118.0000000000000000, 1.000000000000000000, -2.000000000000000000 ) ) ;
#553 = CARTESIAN_POINT ( 'NONE',  ( 83.99999999999992895, 670.0000000000000000, -2.000000000000001776 ) ) ;
#554 = EDGE_CURVE ( 'NONE', #218, #1810, #588, .T. ) ;
#555 = ORIENTED_EDGE ( 'NONE', *, *, #2227, .T. ) ;
#556 = VERTEX_POINT ( 'NONE', #234 ) ;
#557 = DIRECTION ( 'NONE',  ( -0.000000000000000000, -0.000000000000000000, 1.000000000000000000 ) ) ;
#558 = ORIENTED_EDGE ( 'NONE', *, *, #331, .F. ) ;
#559 = CARTESIAN_POINT ( 'NONE',  ( 43.00000000000000000, 1.000000000000000000, 0.000000000000000000 ) ) ;
#560 = ORIENTED_EDGE ( 'NONE', *, *, #1928, .T. ) ;
#561 = DIRECTION ( 'NONE',  ( 0.000000000000000000, 0.000000000000000000, -1.000000000000000000 ) ) ;
#562 = CARTESIAN_POINT ( 'NONE',  ( 22.49999999999999289, 625.0000000000000000, -28.99999999999999645 ) ) ;
#563 = VERTEX_POINT ( 'NONE', #53 ) ;
#564 = ORIENTED_EDGE ( 'NONE', *, *, #1706, .F. ) ;
#565 =( NAMED_UNIT ( * ) PLANE_ANGLE_UNIT ( ) SI_UNIT ( $, .RADIAN. ) );
#566 = CARTESIAN_POINT ( 'NONE',  ( 19.00000000000202149, 431.0000000000000568, -28.99999999999999645 ) ) ;
#567 = CARTESIAN_POINT ( 'NONE',  ( 41.99999999999999289, 650.0000000000000000, -31.00000000000000000 ) ) ;
#568 = CARTESIAN_POINT ( 'NONE',  ( 37.99999999999990052, 18.00000000000000000, -27.00000000000000355 ) ) ;
#569 = EDGE_CURVE ( 'NONE', #978, #563, #1782, .T. ) ;
#570 = ORIENTED_EDGE ( 'NONE', *, *, #788, .T. ) ;
#571 = DIRECTION ( 'NONE',  ( -3.589083053745117718E-15, -2.964793633601037215E-31, -1.000000000000000000 ) ) ;
#572 = VERTEX_POINT ( 'NONE', #1334 ) ;
#573 = DIRECTION ( 'NONE',  ( 1.000000000000000000, 0.000000000000000000, 0.000000000000000000 ) ) ;
#574 = ORIENTED_EDGE ( 'NONE', *, *, #569, .T. ) ;
#575 = SHAPE_DEFINITION_REPRESENTATION ( #80, #163 ) ;
#576 = DIRECTION ( 'NONE',  ( -0.000000000000000000, -0.000000000000000000, 1.000000000000000000 ) ) ;
#577 = DIRECTION ( 'NONE',  ( -0.000000000000000000, -0.000000000000000000, 1.000000000000000000 ) ) ;
#578 = CYLINDRICAL_SURFACE ( 'NONE', #84, 1.000000000000000888 ) ;
#579 = DIRECTION ( 'NONE',  ( 1.000000000000000000, 0.000000000000000000, 0.000000000000000000 ) ) ;
#580 = ORIENTED_EDGE ( 'NONE', *, *, #1802, .F. ) ;
#581 = CIRCLE ( 'NONE', #115, 3.200000000000001510 ) ;
#582 = VERTEX_POINT ( 'NONE', #1500 ) ;
#583 = LINE ( 'NONE', #1305, #2315 ) ;
#584 = VECTOR ( 'NONE', #1818, 1000.000000000000000 ) ;
#585 = ADVANCED_FACE ( 'NONE', ( #2254 ), #1533, .F. ) ;
#586 = EDGE_CURVE ( 'NONE', #1185, #602, #877, .T. ) ;
#587 = AXIS2_PLACEMENT_3D ( 'NONE', #2122, #1424, #1944 ) ;
#588 = CIRCLE ( 'NONE', #1031, 3.499999999999994227 ) ;
#589 = DIRECTION ( 'NONE',  ( -0.000000000000000000, -0.000000000000000000, 1.000000000000000000 ) ) ;
#590 = AXIS2_PLACEMENT_3D ( 'NONE', #729, #743, #1789 ) ;
#591 = EDGE_LOOP ( 'NONE', ( #832, #2311, #1404, #1303 ) ) ;
#592 = AXIS2_PLACEMENT_3D ( 'NONE', #2244, #2255, #629 ) ;
#593 = CARTESIAN_POINT ( 'NONE',  ( 41.99999999999999289, 15.26794919243112325, -31.00000000000000000 ) ) ;
#594 = FACE_BOUND ( 'NONE', #1685, .T. ) ;
#595 = DIRECTION ( 'NONE',  ( -1.000000000000000000, 0.000000000000000000, 0.000000000000000000 ) ) ;
#596 = DIRECTION ( 'NONE',  ( 1.000000000000000000, 0.000000000000000000, 0.000000000000000000 ) ) ;
#597 = CARTESIAN_POINT ( 'NONE',  ( 57.99999999999997868, 301.0000000000001137, 0.000000000000000000 ) ) ;
#598 = CARTESIAN_POINT ( 'NONE',  ( 94.79999999999996874, 39.50000000000009237, -2.000000000000000000 ) ) ;
#599 = DIRECTION ( 'NONE',  ( -1.000000000000000000, 0.000000000000000000, 0.000000000000000000 ) ) ;
#600 = ADVANCED_FACE ( 'NONE', ( #1720 ), #794, .F. ) ;
#601 = ORIENTED_EDGE ( 'NONE', *, *, #1097, .F. ) ;
#602 = VERTEX_POINT ( 'NONE', #980 ) ;
#603 = ORIENTED_EDGE ( 'NONE', *, *, #1661, .F. ) ;
#604 = CARTESIAN_POINT ( 'NONE',  ( 19.00000000000404654, 237.0000000000000568, -28.99999999999999645 ) ) ;
#605 = DIRECTION ( 'NONE',  ( 0.000000000000000000, -1.000000000000000000, 0.000000000000000000 ) ) ;
#606 = PLANE ( 'NONE',  #1035 ) ;
#607 = DIRECTION ( 'NONE',  ( 1.000000000000000000, 0.000000000000000000, 0.000000000000000000 ) ) ;
#608 = DIRECTION ( 'NONE',  ( -1.000000000000000000, 0.000000000000000000, 0.000000000000000000 ) ) ;
#609 = DIRECTION ( 'NONE',  ( -0.000000000000000000, -0.000000000000000000, 1.000000000000000000 ) ) ;
#610 = LINE ( 'NONE', #1645, #2059 ) ;
#611 = ORIENTED_EDGE ( 'NONE', *, *, #649, .F. ) ;
#612 = EDGE_CURVE ( 'NONE', #837, #986, #466, .T. ) ;
#613 = EDGE_LOOP ( 'NONE', ( #1605, #714, #396, #700 ) ) ;
#614 = EDGE_CURVE ( 'NONE', #852, #537, #343, .T. ) ;
#615 = FACE_BOUND ( 'NONE', #1715, .T. ) ;
#616 = DIRECTION ( 'NONE',  ( -9.130123557772667102E-17, -0.000000000000000000, -1.000000000000000000 ) ) ;
#617 = FACE_OUTER_BOUND ( 'NONE', #905, .T. ) ;
#618 = DIRECTION ( 'NONE',  ( -0.000000000000000000, -0.000000000000000000, 1.000000000000000000 ) ) ;
#619 = VECTOR ( 'NONE', #167, 1000.000000000000000 ) ;
#620 = DIRECTION ( 'NONE',  ( 9.130123557772667102E-17, 0.000000000000000000, 1.000000000000000000 ) ) ;
#621 = AXIS2_PLACEMENT_3D ( 'NONE', #1183, #2235, #104 ) ;
#622 = AXIS2_PLACEMENT_3D ( 'NONE', #35, #741, #1273 ) ;
#623 = ORIENTED_EDGE ( 'NONE', *, *, #2151, .T. ) ;
#624 = AXIS2_PLACEMENT_3D ( 'NONE', #1125, #1490, #224 ) ;
#625 = AXIS2_PLACEMENT_3D ( 'NONE', #1859, #2219, #269 ) ;
#626 = VERTEX_POINT ( 'NONE', #1357 ) ;
#627 = CIRCLE ( 'NONE', #1153, 1.000000000000000000 ) ;
#628 = CARTESIAN_POINT ( 'NONE',  ( 57.99999999999998579, 562.5000000000001137, -2.000000000000000000 ) ) ;
#629 = DIRECTION ( 'NONE',  ( -1.000000000000000000, 1.734723475976805517E-15, 0.000000000000000000 ) ) ;
#630 = EDGE_CURVE ( 'NONE', #643, #1575, #1254, .T. ) ;
#631 = CYLINDRICAL_SURFACE ( 'NONE', #498, 4.000000000000003553 ) ;
#632 = EDGE_CURVE ( 'NONE', #1017, #834, #1873, .T. ) ;
#633 = DIRECTION ( 'NONE',  ( -0.000000000000000000, -0.000000000000000000, 1.000000000000000000 ) ) ;
#634 = DIRECTION ( 'NONE',  ( -1.000000000000000000, 0.000000000000000000, 0.000000000000000000 ) ) ;
#635 = ORIENTED_EDGE ( 'NONE', *, *, #1350, .T. ) ;
#636 = ORIENTED_EDGE ( 'NONE', *, *, #1241, .F. ) ;
#637 = FACE_BOUND ( 'NONE', #1025, .T. ) ;
#638 = DIRECTION ( 'NONE',  ( 0.000000000000000000, 0.000000000000000000, -1.000000000000000000 ) ) ;
#639 = CARTESIAN_POINT ( 'NONE',  ( 117.0000000000000000, 694.0000000000001137, 0.000000000000000000 ) ) ;
#640 = FACE_BOUND ( 'NONE', #2330, .T. ) ;
#641 = ORIENTED_EDGE ( 'NONE', *, *, #1117, .T. ) ;
#642 = FACE_BOUND ( 'NONE', #519, .T. ) ;
#643 = VERTEX_POINT ( 'NONE', #2241 ) ;
#644 = DIRECTION ( 'NONE',  ( 0.000000000000000000, 0.000000000000000000, -1.000000000000000000 ) ) ;
#645 = FACE_OUTER_BOUND ( 'NONE', #207, .T. ) ;
#646 = LINE ( 'NONE', #1006, #1927 ) ;
#647 = EDGE_CURVE ( 'NONE', #2096, #1230, #1336, .T. ) ;
#648 = VECTOR ( 'NONE', #765, 1000.000000000000000 ) ;
#649 = EDGE_CURVE ( 'NONE', #267, #1766, #1883, .T. ) ;
#650 = ORIENTED_EDGE ( 'NONE', *, *, #1464, .F. ) ;
#651 = CARTESIAN_POINT ( 'NONE',  ( 35.99999999999990052, 18.00000000000000000, -26.99999999999999645 ) ) ;
#652 = ORIENTED_EDGE ( 'NONE', *, *, #1492, .T. ) ;
#653 = EDGE_CURVE ( 'NONE', #1984, #155, #274, .T. ) ;
#654 = VECTOR ( 'NONE', #609, 1000.000000000000000 ) ;
#655 = CIRCLE ( 'NONE', #622, 3.200000000000001510 ) ;
#656 = CYLINDRICAL_SURFACE ( 'NONE', #846, 3.199999999999994404 ) ;
#657 = AXIS2_PLACEMENT_3D ( 'NONE', #859, #1214, #125 ) ;
#658 = AXIS2_PLACEMENT_3D ( 'NONE', #1576, #682, #1587 ) ;
#659 = LINE ( 'NONE', #1738, #1716 ) ;
#660 = CIRCLE ( 'NONE', #1032, 3.200000000000001510 ) ;
#661 = CARTESIAN_POINT ( 'NONE',  ( 94.79999999999996874, 137.5000000000000568, -3.827021247335478803E-16 ) ) ;
#662 = AXIS2_PLACEMENT_3D ( 'NONE', #140, #1224, #1940 ) ;
#663 = VERTEX_POINT ( 'NONE', #323 ) ;
#664 =( GEOMETRIC_REPRESENTATION_CONTEXT ( 3 ) GLOBAL_UNCERTAINTY_ASSIGNED_CONTEXT ( ( #1089 ) ) GLOBAL_UNIT_ASSIGNED_CONTEXT ( ( #22, #166, #1296 ) ) REPRESENTATION_CONTEXT ( 'NONE', 'WORKASPACE' ) );
#665 = DIRECTION ( 'NONE',  ( 0.000000000000000000, 0.000000000000000000, -1.000000000000000000 ) ) ;
#666 = VERTEX_POINT ( 'NONE', #1044 ) ;
#667 = CARTESIAN_POINT ( 'NONE',  ( -1.040393397848293873E-13, 0.000000000000000000, -30.99999999999999289 ) ) ;
#668 = EDGE_CURVE ( 'NONE', #563, #978, #1894, .T. ) ;
#669 = ORIENTED_EDGE ( 'NONE', *, *, #87, .F. ) ;
#670 = CARTESIAN_POINT ( 'NONE',  ( 22.50000000000201084, 431.0000000000000568, -28.99999999999999645 ) ) ;
#671 = DIRECTION ( 'NONE',  ( -1.000000000000000000, 0.000000000000000000, 0.000000000000000000 ) ) ;
#672 = LINE ( 'NONE', #1356, #648 ) ;
#673 = EDGE_LOOP ( 'NONE', ( #1022, #322, #380, #1280 ) ) ;
#674 = CYLINDRICAL_SURFACE ( 'NONE', #430, 3.199999999999994404 ) ;
#675 = ORIENTED_EDGE ( 'NONE', *, *, #1129, .T. ) ;
#676 = ORIENTED_EDGE ( 'NONE', *, *, #1623, .F. ) ;
#677 = CARTESIAN_POINT ( 'NONE',  ( 57.99999999999997868, 399.0000000000000568, -3.827021247335478803E-16 ) ) ;
#678 = DIRECTION ( 'NONE',  ( -0.000000000000000000, -0.000000000000000000, 1.000000000000000000 ) ) ;
#679 = EDGE_CURVE ( 'NONE', #1118, #1438, #242, .T. ) ;
#680 = DIRECTION ( 'NONE',  ( 0.000000000000000000, 0.000000000000000000, -1.000000000000000000 ) ) ;
#681 = EDGE_LOOP ( 'NONE', ( #1836, #635, #1257, #530 ) ) ;
#682 = DIRECTION ( 'NONE',  ( -0.000000000000000000, -0.000000000000000000, 1.000000000000000000 ) ) ;
#683 = DIRECTION ( 'NONE',  ( -0.000000000000000000, -0.000000000000000000, 1.000000000000000000 ) ) ;
#684 = ORIENTED_EDGE ( 'NONE', *, *, #2069, .F. ) ;
#685 = DIRECTION ( 'NONE',  ( -0.000000000000000000, -0.000000000000000000, 1.000000000000000000 ) ) ;
#686 = ORIENTED_EDGE ( 'NONE', *, *, #407, .T. ) ;
#687 = VECTOR ( 'NONE', #1889, 1000.000000000000000 ) ;
#688 = DIRECTION ( 'NONE',  ( 1.000000000000000000, 0.000000000000000000, 0.000000000000000000 ) ) ;
#689 = CARTESIAN_POINT ( 'NONE',  ( 15.50000000000616929, 43.00000000000000000, -28.99999999999999645 ) ) ;
#690 = CIRCLE ( 'NONE', #86, 1.000000000000000888 ) ;
#691 = CIRCLE ( 'NONE', #122, 3.499999999999994227 ) ;
#692 = PLANE ( 'NONE',  #1375 ) ;
#693 = EDGE_CURVE ( 'NONE', #1600, #860, #672, .T. ) ;
#694 = VECTOR ( 'NONE', #513, 1000.000000000000000 ) ;
#695 = ORIENTED_EDGE ( 'NONE', *, *, #1143, .T. ) ;
#696 = CARTESIAN_POINT ( 'NONE',  ( 101.1999999999999744, 301.0000000000001137, -2.000000000000000000 ) ) ;
#697 = CARTESIAN_POINT ( 'NONE',  ( 41.99999999999999289, 670.0000000000000000, -31.00000000000000000 ) ) ;
#698 = VERTEX_POINT ( 'NONE', #1178 ) ;
#699 = DIRECTION ( 'NONE',  ( 1.000000000000000000, 0.000000000000000000, 0.000000000000000000 ) ) ;
#700 = ORIENTED_EDGE ( 'NONE', *, *, #1972, .F. ) ;
#701 = DIRECTION ( 'NONE',  ( 0.000000000000000000, 1.000000000000000000, 0.000000000000000000 ) ) ;
#702 = DIRECTION ( 'NONE',  ( 1.000000000000000000, 0.000000000000000000, 0.000000000000000000 ) ) ;
#703 = DIRECTION ( 'NONE',  ( -0.000000000000000000, -0.000000000000000000, 1.000000000000000000 ) ) ;
#704 = DIRECTION ( 'NONE',  ( -0.000000000000000000, -0.000000000000000000, -1.000000000000000000 ) ) ;
#705 = DIRECTION ( 'NONE',  ( 0.000000000000000000, 0.000000000000000000, -1.000000000000000000 ) ) ;
#706 = EDGE_LOOP ( 'NONE', ( #739, #2301, #1428, #419 ) ) ;
#707 = EDGE_CURVE ( 'NONE', #1128, #1354, #1891, .T. ) ;
#708 = DIRECTION ( 'NONE',  ( 0.000000000000000000, 0.000000000000000000, -1.000000000000000000 ) ) ;
#709 = EDGE_CURVE ( 'NONE', #460, #1984, #2029, .T. ) ;
#710 = VERTEX_POINT ( 'NONE', #952 ) ;
#711 = DIRECTION ( 'NONE',  ( -0.000000000000000000, -0.000000000000000000, 1.000000000000000000 ) ) ;
#712 = VERTEX_POINT ( 'NONE', #2306 ) ;
#713 = EDGE_LOOP ( 'NONE', ( #1795, #1814, #1054, #1453 ) ) ;
#714 = ORIENTED_EDGE ( 'NONE', *, *, #1413, .F. ) ;
#715 = PRODUCT_CONTEXT ( 'NONE', #65, 'mechanical' ) ;
#716 = CARTESIAN_POINT ( 'NONE',  ( 61.19999999999997442, 39.50000000000009237, -3.827021247335478803E-16 ) ) ;
#717 = FACE_OUTER_BOUND ( 'NONE', #1654, .T. ) ;
#718 = VERTEX_POINT ( 'NONE', #689 ) ;
#719 = CARTESIAN_POINT ( 'NONE',  ( 41.99999999999999289, 18.00000000000000000, -2.000000000000008882 ) ) ;
#720 = ORIENTED_EDGE ( 'NONE', *, *, #1928, .F. ) ;
#721 = CARTESIAN_POINT ( 'NONE',  ( 43.00000000000000000, 652.7320508075689531, 0.000000000000000000 ) ) ;
#722 = ORIENTED_EDGE ( 'NONE', *, *, #554, .F. ) ;
#723 = EDGE_CURVE ( 'NONE', #860, #1100, #2050, .T. ) ;
#724 = ORIENTED_EDGE ( 'NONE', *, *, #1835, .T. ) ;
#725 = CARTESIAN_POINT ( 'NONE',  ( 57.99999999999997868, 137.5000000000000568, -3.827021247335478803E-16 ) ) ;
#726 = AXIS2_PLACEMENT_3D ( 'NONE', #628, #445, #1347 ) ;
#727 = DIRECTION ( 'NONE',  ( 1.000000000000000000, 0.000000000000000000, 0.000000000000000000 ) ) ;
#728 = VECTOR ( 'NONE', #913, 1000.000000000000000 ) ;
#729 = CARTESIAN_POINT ( 'NONE',  ( 57.99999999999998579, 660.5000000000001137, -3.827021247335478803E-16 ) ) ;
#730 = VECTOR ( 'NONE', #2352, 1000.000000000000000 ) ;
#731 = ORIENTED_EDGE ( 'NONE', *, *, #1834, .F. ) ;
#732 = VECTOR ( 'NONE', #576, 1000.000000000000000 ) ;
#733 = CARTESIAN_POINT ( 'NONE',  ( 43.00000000000000000, 652.7320508075689531, -31.00100000000000122 ) ) ;
#734 = AXIS2_PLACEMENT_3D ( 'NONE', #639, #633, #608 ) ;
#735 = VECTOR ( 'NONE', #953, 1000.000000000000000 ) ;
#736 = ORIENTED_EDGE ( 'NONE', *, *, #1497, .T. ) ;
#737 = VECTOR ( 'NONE', #1675, 1000.000000000000000 ) ;
#738 = DIRECTION ( 'NONE',  ( -7.434109409626492195E-32, 1.000000000000000000, -2.071311613106636385E-17 ) ) ;
#739 = ORIENTED_EDGE ( 'NONE', *, *, #362, .F. ) ;
#740 = ORIENTED_EDGE ( 'NONE', *, *, #2026, .F. ) ;
#741 = DIRECTION ( 'NONE',  ( -0.000000000000000000, -0.000000000000000000, 1.000000000000000000 ) ) ;
#742 = DIRECTION ( 'NONE',  ( 1.000000000000000000, 0.000000000000000000, 0.000000000000000000 ) ) ;
#743 = DIRECTION ( 'NONE',  ( -0.000000000000000000, -0.000000000000000000, 1.000000000000000000 ) ) ;
#744 = VERTEX_POINT ( 'NONE', #562 ) ;
#745 = DIRECTION ( 'NONE',  ( 1.000000000000000000, 0.000000000000000000, 0.000000000000000000 ) ) ;
#746 = VERTEX_POINT ( 'NONE', #77 ) ;
#747 = LINE ( 'NONE', #202, #117 ) ;
#748 = CARTESIAN_POINT ( 'NONE',  ( 83.99999999999992895, 671.0000000000000000, -2.000000000000001776 ) ) ;
#749 = ORIENTED_EDGE ( 'NONE', *, *, #406, .F. ) ;
#750 = EDGE_LOOP ( 'NONE', ( #286, #1668, #720, #213 ) ) ;
#751 = EDGE_CURVE ( 'NONE', #2289, #744, #1589, .T. ) ;
#752 = CARTESIAN_POINT ( 'NONE',  ( 35.99999999999990052, 0.000000000000000000, -26.99999999999999645 ) ) ;
#753 = CARTESIAN_POINT ( 'NONE',  ( 19.00000000000000355, 625.0000000000000000, -30.99999999999999289 ) ) ;
#754 = CARTESIAN_POINT ( 'NONE',  ( 84.99999999999998579, 694.0000000000001137, -2.000000000000001776 ) ) ;
#755 = EDGE_CURVE ( 'NONE', #1379, #537, #1649, .T. ) ;
#756 = DIRECTION ( 'NONE',  ( 0.000000000000000000, -0.000000000000000000, 1.000000000000000000 ) ) ;
#757 = EDGE_CURVE ( 'NONE', #420, #15, #1080, .T. ) ;
#758 = ORIENTED_EDGE ( 'NONE', *, *, #1958, .F. ) ;
#759 = CARTESIAN_POINT ( 'NONE',  ( 54.79999999999998295, 301.0000000000001137, 0.000000000000000000 ) ) ;
#760 = VERTEX_POINT ( 'NONE', #179 ) ;
#761 = DIRECTION ( 'NONE',  ( -1.000000000000000000, -8.260587980841930151E-17, 0.000000000000000000 ) ) ;
#762 = VERTEX_POINT ( 'NONE', #902 ) ;
#763 =( NAMED_UNIT ( * ) SI_UNIT ( $, .STERADIAN. ) SOLID_ANGLE_UNIT ( ) );
#764 = CARTESIAN_POINT ( 'NONE',  ( 0.9999999999998969713, 650.0000000000000000, -28.99999999999999645 ) ) ;
#765 = DIRECTION ( 'NONE',  ( -0.000000000000000000, -0.000000000000000000, 1.000000000000000000 ) ) ;
#766 = DIRECTION ( 'NONE',  ( -1.000000000000000000, 0.000000000000000000, 0.000000000000000000 ) ) ;
#767 = DIRECTION ( 'NONE',  ( 0.000000000000000000, -0.000000000000000000, -1.000000000000000000 ) ) ;
#768 = CARTESIAN_POINT ( 'NONE',  ( 41.99999999999999289, 1.000000000000000000, 0.000000000000000000 ) ) ;
#769 = ORIENTED_EDGE ( 'NONE', *, *, #1333, .T. ) ;
#770 = VECTOR ( 'NONE', #704, 1000.000000000000000 ) ;
#771 = ORIENTED_EDGE ( 'NONE', *, *, #679, .F. ) ;
#772 = EDGE_CURVE ( 'NONE', #1644, #1614, #2140, .T. ) ;
#773 = DIRECTION ( 'NONE',  ( 0.000000000000000000, 0.000000000000000000, -1.000000000000000000 ) ) ;
#774 = AXIS2_PLACEMENT_3D ( 'NONE', #1592, #2111, #1937 ) ;
#775 = AXIS2_PLACEMENT_3D ( 'NONE', #2077, #1380, #264 ) ;
#776 = CIRCLE ( 'NONE', #1934, 1.000000000000000888 ) ;
#777 = DIRECTION ( 'NONE',  ( -0.000000000000000000, -0.000000000000000000, 1.000000000000000000 ) ) ;
#778 = DIRECTION ( 'NONE',  ( -0.000000000000000000, -0.000000000000000000, 1.000000000000000000 ) ) ;
#779 = ORIENTED_EDGE ( 'NONE', *, *, #516, .F. ) ;
#780 = CIRCLE ( 'NONE', #2090, 3.200000000000001510 ) ;
#781 = ORIENTED_EDGE ( 'NONE', *, *, #1239, .F. ) ;
#782 = VECTOR ( 'NONE', #2130, 1000.000000000000000 ) ;
#783 = CARTESIAN_POINT ( 'NONE',  ( 97.99999999999998579, 562.5000000000001137, -3.827021247335478803E-16 ) ) ;
#784 = LINE ( 'NONE', #1501, #195 ) ;
#785 = DIRECTION ( 'NONE',  ( -1.000000000000000000, 0.000000000000000000, 0.000000000000000000 ) ) ;
#786 = LINE ( 'NONE', #1328, #1106 ) ;
#787 = DIRECTION ( 'NONE',  ( -0.000000000000000000, -0.000000000000000000, 1.000000000000000000 ) ) ;
#788 = EDGE_CURVE ( 'NONE', #1043, #1508, #933, .T. ) ;
#789 = CARTESIAN_POINT ( 'NONE',  ( 84.99999999999992895, 670.0000000000000000, 0.000000000000000000 ) ) ;
#790 = FACE_OUTER_BOUND ( 'NONE', #2217, .T. ) ;
#791 = ADVANCED_FACE ( 'NONE', ( #2195 ), #578, .F. ) ;
#792 = ORIENTED_EDGE ( 'NONE', *, *, #612, .T. ) ;
#793 = ORIENTED_EDGE ( 'NONE', *, *, #1210, .F. ) ;
#794 = CYLINDRICAL_SURFACE ( 'NONE', #352, 1.000000000000000888 ) ;
#795 = CARTESIAN_POINT ( 'NONE',  ( 97.99999999999998579, 562.5000000000001137, -2.000000000000000000 ) ) ;
#796 = DIRECTION ( 'NONE',  ( -0.000000000000000000, -0.000000000000000000, 1.000000000000000000 ) ) ;
#797 = CARTESIAN_POINT ( 'NONE',  ( 15.50000000000202860, 431.0000000000000568, -28.99999999999999645 ) ) ;
#798 = FACE_OUTER_BOUND ( 'NONE', #750, .T. ) ;
#799 = ORIENTED_EDGE ( 'NONE', *, *, #476, .T. ) ;
#800 = EDGE_CURVE ( 'NONE', #698, #904, #1798, .T. ) ;
#801 = ORIENTED_EDGE ( 'NONE', *, *, #1189, .T. ) ;
#802 = ADVANCED_FACE ( 'NONE', ( #1450 ), #2172, .F. ) ;
#803 = VERTEX_POINT ( 'NONE', #344 ) ;
#804 = FACE_BOUND ( 'NONE', #408, .T. ) ;
#805 = CARTESIAN_POINT ( 'NONE',  ( 41.99999999999999289, 652.7320508075689531, -2.000000000000008882 ) ) ;
#806 = DIRECTION ( 'NONE',  ( -9.130123557772667102E-17, -0.000000000000000000, -1.000000000000000000 ) ) ;
#807 = CARTESIAN_POINT ( 'NONE',  ( 97.99999999999998579, 660.5000000000001137, 0.000000000000000000 ) ) ;
#808 = AXIS2_PLACEMENT_3D ( 'NONE', #2220, #2043, #1028 ) ;
#809 = CARTESIAN_POINT ( 'NONE',  ( 54.79999999999999005, 660.5000000000001137, -3.827021247335478803E-16 ) ) ;
#810 = COLOUR_RGB ( '',0.1921568627450980227, 0.2039215686274509776, 0.2039215686274509776 ) ;
#811 = CIRCLE ( 'NONE', #119, 4.000000000000003553 ) ;
#812 = ORIENTED_EDGE ( 'NONE', *, *, #1834, .T. ) ;
#813 = AXIS2_PLACEMENT_3D ( 'NONE', #1014, #111, #256 ) ;
#814 = VECTOR ( 'NONE', #171, 1000.000000000000000 ) ;
#815 = ORIENTED_EDGE ( 'NONE', *, *, #1143, .F. ) ;
#816 = AXIS2_PLACEMENT_3D ( 'NONE', #2173, #1433, #903 ) ;
#817 = EDGE_CURVE ( 'NONE', #556, #1077, #384, .T. ) ;
#818 = AXIS2_PLACEMENT_3D ( 'NONE', #67, #678, #2322 ) ;
#819 = FACE_BOUND ( 'NONE', #1967, .T. ) ;
#820 = DIRECTION ( 'NONE',  ( -0.000000000000000000, -0.000000000000000000, 1.000000000000000000 ) ) ;
#821 = CARTESIAN_POINT ( 'NONE',  ( 41.99999999999999289, 651.0000000000000000, -31.00100000000000122 ) ) ;
#822 = FACE_BOUND ( 'NONE', #2293, .T. ) ;
#823 = ORIENTED_EDGE ( 'NONE', *, *, #1880, .F. ) ;
#824 = FACE_OUTER_BOUND ( 'NONE', #1076, .T. ) ;
#825 = ORIENTED_EDGE ( 'NONE', *, *, #2259, .T. ) ;
#826 = CARTESIAN_POINT ( 'NONE',  ( 94.79999999999998295, 301.0000000000001137, -2.000000000000000000 ) ) ;
#827 = EDGE_CURVE ( 'NONE', #2096, #710, #2347, .T. ) ;
#828 = CARTESIAN_POINT ( 'NONE',  ( 38.00000000000000711, 650.0000000000000000, -1.294021933646282334E-13 ) ) ;
#829 = ADVANCED_FACE ( 'NONE', ( #1262 ), #1607, .F. ) ;
#830 = ADVANCED_FACE ( 'NONE', ( #2335 ), #211, .F. ) ;
#831 = LINE ( 'NONE', #272, #916 ) ;
#832 = ORIENTED_EDGE ( 'NONE', *, *, #1072, .F. ) ;
#833 = CYLINDRICAL_SURFACE ( 'NONE', #245, 3.499999999999996003 ) ;
#834 = VERTEX_POINT ( 'NONE', #716 ) ;
#835 = CARTESIAN_POINT ( 'NONE',  ( 15.50000000000000888, 625.0000000000000000, -28.99999999999999645 ) ) ;
#836 = LINE ( 'NONE', #2107, #1746 ) ;
#837 = VERTEX_POINT ( 'NONE', #1658 ) ;
#838 = DIRECTION ( 'NONE',  ( -0.000000000000000000, -0.000000000000000000, 1.000000000000000000 ) ) ;
#839 = AXIS2_PLACEMENT_3D ( 'NONE', #677, #1737, #2113 ) ;
#840 = ORIENTED_EDGE ( 'NONE', *, *, #1877, .T. ) ;
#841 = CIRCLE ( 'NONE', #1147, 3.200000000000001510 ) ;
#842 = DIRECTION ( 'NONE',  ( -0.000000000000000000, -0.000000000000000000, 1.000000000000000000 ) ) ;
#843 = ORIENTED_EDGE ( 'NONE', *, *, #1040, .T. ) ;
#844 = AXIS2_PLACEMENT_3D ( 'NONE', #1353, #440, #2071 ) ;
#845 = FACE_OUTER_BOUND ( 'NONE', #1532, .T. ) ;
#846 = AXIS2_PLACEMENT_3D ( 'NONE', #2286, #2129, #1950 ) ;
#847 = CARTESIAN_POINT ( 'NONE',  ( 84.99999999999806732, -2.359223927328402113E-13, -2.000000000000000000 ) ) ;
#848 = AXIS2_PLACEMENT_3D ( 'NONE', #795, #1511, #785 ) ;
#849 = DIRECTION ( 'NONE',  ( -1.000000000000000000, 0.000000000000000000, 3.469446951953611033E-15 ) ) ;
#850 = ORIENTED_EDGE ( 'NONE', *, *, #2134, .T. ) ;
#851 = DIRECTION ( 'NONE',  ( 0.000000000000000000, 0.000000000000000000, -1.000000000000000000 ) ) ;
#852 = VERTEX_POINT ( 'NONE', #552 ) ;
#853 = ADVANCED_FACE ( 'NONE', ( #533 ), #1432, .F. ) ;
#854 = ORIENTED_EDGE ( 'NONE', *, *, #2061, .F. ) ;
#855 = LINE ( 'NONE', #835, #284 ) ;
#856 = DIRECTION ( 'NONE',  ( -1.000000000000000000, 0.000000000000000000, 0.000000000000000000 ) ) ;
#857 = EDGE_LOOP ( 'NONE', ( #1398, #749 ) ) ;
#858 = FACE_OUTER_BOUND ( 'NONE', #1381, .T. ) ;
#859 = CARTESIAN_POINT ( 'NONE',  ( 97.99999999999997158, 301.0000000000001137, 0.000000000000000000 ) ) ;
#860 = VERTEX_POINT ( 'NONE', #192 ) ;
#861 = ORIENTED_EDGE ( 'NONE', *, *, #1611, .F. ) ;
#862 = EDGE_CURVE ( 'NONE', #73, #165, #915, .T. ) ;
#863 = CYLINDRICAL_SURFACE ( 'NONE', #124, 3.200000000000001510 ) ;
#864 = EDGE_CURVE ( 'NONE', #1642, #834, #581, .T. ) ;
#865 = CARTESIAN_POINT ( 'NONE',  ( 4.347827804580709276E-15, 0.000000000000000000, -28.99999999999999645 ) ) ;
#866 = ORIENTED_EDGE ( 'NONE', *, *, #299, .F. ) ;
#867 = CYLINDRICAL_SURFACE ( 'NONE', #658, 3.200000000000001510 ) ;
#868 = CARTESIAN_POINT ( 'NONE',  ( 41.99999999999999289, 670.0000000000000000, -2.000000000000008882 ) ) ;
#869 = EDGE_LOOP ( 'NONE', ( #815, #758, #194, #641 ) ) ;
#870 = DIRECTION ( 'NONE',  ( -0.000000000000000000, -0.000000000000000000, 1.000000000000000000 ) ) ;
#871 = EDGE_LOOP ( 'NONE', ( #1622, #1457, #48, #1726 ) ) ;
#872 = VECTOR ( 'NONE', #36, 1000.000000000000000 ) ;
#873 = CARTESIAN_POINT ( 'NONE',  ( 41.99999999999999289, 650.0000000000000000, -4.000000000000010658 ) ) ;
#874 = AXIS2_PLACEMENT_3D ( 'NONE', #566, #550, #191 ) ;
#875 = ADVANCED_FACE ( 'NONE', ( #1462 ), #2184, .F. ) ;
#876 = VECTOR ( 'NONE', #557, 1000.000000000000000 ) ;
#877 = CIRCLE ( 'NONE', #1487, 3.499999999999985789 ) ;
#878 = FACE_BOUND ( 'NONE', #1559, .T. ) ;
#879 = AXIS2_PLACEMENT_3D ( 'NONE', #2248, #1729, #973 ) ;
#880 = ORIENTED_EDGE ( 'NONE', *, *, #289, .F. ) ;
#881 = CARTESIAN_POINT ( 'NONE',  ( 94.79999999999998295, 399.0000000000000568, -3.827021247335478803E-16 ) ) ;
#882 = AXIS2_PLACEMENT_3D ( 'NONE', #1721, #638, #281 ) ;
#883 = LINE ( 'NONE', #1602, #1108 ) ;
#884 = ORIENTED_EDGE ( 'NONE', *, *, #1021, .F. ) ;
#885 = CYLINDRICAL_SURFACE ( 'NONE', #2118, 3.200000000000001510 ) ;
#886 = VERTEX_POINT ( 'NONE', #2210 ) ;
#887 = ORIENTED_EDGE ( 'NONE', *, *, #2041, .T. ) ;
#888 = FILL_AREA_STYLE ('',( #2170 ) ) ;
#889 = CARTESIAN_POINT ( 'NONE',  ( 61.19999999999998863, 562.5000000000001137, 0.000000000000000000 ) ) ;
#890 = DIRECTION ( 'NONE',  ( -1.000000000000000000, 0.000000000000000000, 0.000000000000000000 ) ) ;
#891 = EDGE_CURVE ( 'NONE', #663, #803, #1298, .T. ) ;
#892 = VERTEX_POINT ( 'NONE', #1188 ) ;
#893 = EDGE_CURVE ( 'NONE', #1355, #1600, #1551, .T. ) ;
#894 = CARTESIAN_POINT ( 'NONE',  ( 0.9999999999998961941, 18.99999999999999645, -28.99999999999999645 ) ) ;
#895 = CARTESIAN_POINT ( 'NONE',  ( 43.00000000000000000, 669.0000000000000000, -2.000000000000001776 ) ) ;
#896 = EDGE_CURVE ( 'NONE', #2175, #412, #1709, .T. ) ;
#897 = VERTEX_POINT ( 'NONE', #1672 ) ;
#898 = CARTESIAN_POINT ( 'NONE',  ( 97.99999999999995737, 39.50000000000009237, -2.000000000000000000 ) ) ;
#899 = ORIENTED_EDGE ( 'NONE', *, *, #1659, .T. ) ;
#900 = ORIENTED_EDGE ( 'NONE', *, *, #2078, .T. ) ;
#901 = CARTESIAN_POINT ( 'NONE',  ( 54.79999999999997584, 137.5000000000000568, 0.000000000000000000 ) ) ;
#902 = CARTESIAN_POINT ( 'NONE',  ( 41.99999999999999289, 18.00000000000000000, 0.000000000000000000 ) ) ;
#903 = DIRECTION ( 'NONE',  ( -1.000000000000000000, 0.000000000000000000, 0.000000000000000000 ) ) ;
#904 = VERTEX_POINT ( 'NONE', #306 ) ;
#905 = EDGE_LOOP ( 'NONE', ( #2064, #1772, #464, #966 ) ) ;
#906 = DIRECTION ( 'NONE',  ( 1.000000000000000000, 0.000000000000000000, 0.000000000000000000 ) ) ;
#907 = EDGE_CURVE ( 'NONE', #2175, #837, #275, .T. ) ;
#908 = EDGE_LOOP ( 'NONE', ( #10, #2110 ) ) ;
#909 = CARTESIAN_POINT ( 'NONE',  ( 101.1999999999999602, 39.50000000000009237, -3.827021247335478803E-16 ) ) ;
#910 = ORIENTED_EDGE ( 'NONE', *, *, #549, .F. ) ;
#911 = ORIENTED_EDGE ( 'NONE', *, *, #182, .F. ) ;
#912 = DIRECTION ( 'NONE',  ( 1.000000000000000000, 0.000000000000000000, 0.000000000000000000 ) ) ;
#913 = DIRECTION ( 'NONE',  ( 1.000000000000000000, 8.260587980841930151E-17, -9.130123557772667102E-17 ) ) ;
#914 = VECTOR ( 'NONE', #2284, 1000.000000000000000 ) ;
#915 = LINE ( 'NONE', #1637, #1626 ) ;
#916 = VECTOR ( 'NONE', #1546, 1000.000000000000000 ) ;
#917 = CIRCLE ( 'NONE', #2312, 1.000000000000000000 ) ;
#918 = DIRECTION ( 'NONE',  ( 0.000000000000000000, 0.000000000000000000, -1.000000000000000000 ) ) ;
#919 = CIRCLE ( 'NONE', #2242, 3.200000000000001510 ) ;
#920 = EDGE_LOOP ( 'NONE', ( #1013, #2261 ) ) ;
#921 = AXIS2_PLACEMENT_3D ( 'NONE', #1469, #701, #1283 ) ;
#922 = ORIENTED_EDGE ( 'NONE', *, *, #1904, .T. ) ;
#923 = DIRECTION ( 'NONE',  ( -0.000000000000000000, -0.000000000000000000, 1.000000000000000000 ) ) ;
#924 = CIRCLE ( 'NONE', #540, 1.000000000000000888 ) ;
#925 = ORIENTED_EDGE ( 'NONE', *, *, #2147, .T. ) ;
#926 = AXIS2_PLACEMENT_3D ( 'NONE', #2075, #820, #1335 ) ;
#927 = DIRECTION ( 'NONE',  ( -0.000000000000000000, -0.000000000000000000, 1.000000000000000000 ) ) ;
#928 = EDGE_CURVE ( 'NONE', #1625, #718, #473, .T. ) ;
#929 = ORIENTED_EDGE ( 'NONE', *, *, #204, .T. ) ;
#930 = ADVANCED_FACE ( 'NONE', ( #2102 ), #1852, .T. ) ;
#931 = ORIENTED_EDGE ( 'NONE', *, *, #2061, .T. ) ;
#932 = CARTESIAN_POINT ( 'NONE',  ( 97.99999999999997158, 399.0000000000000568, 0.000000000000000000 ) ) ;
#933 = LINE ( 'NONE', #754, #770 ) ;
#934 = CARTESIAN_POINT ( 'NONE',  ( 61.19999999999998153, 399.0000000000000568, 0.000000000000000000 ) ) ;
#935 = ORIENTED_EDGE ( 'NONE', *, *, #182, .T. ) ;
#936 = DIRECTION ( 'NONE',  ( -1.000000000000000000, 0.000000000000000000, 0.000000000000000000 ) ) ;
#937 = ORIENTED_EDGE ( 'NONE', *, *, #1212, .T. ) ;
#938 = LINE ( 'NONE', #1856, #1895 ) ;
#939 = VERTEX_POINT ( 'NONE', #1135 ) ;
#940 = LINE ( 'NONE', #593, #2120 ) ;
#941 = EDGE_CURVE ( 'NONE', #2073, #1346, #1561, .T. ) ;
#942 = DIRECTION ( 'NONE',  ( 1.000000000000000000, 0.000000000000000000, 0.000000000000000000 ) ) ;
#943 = DIRECTION ( 'NONE',  ( 1.000000000000000000, 0.000000000000000000, 0.000000000000000000 ) ) ;
#944 = DIRECTION ( 'NONE',  ( -0.000000000000000000, -0.000000000000000000, 1.000000000000000000 ) ) ;
#945 = ORIENTED_EDGE ( 'NONE', *, *, #549, .T. ) ;
#946 = DIRECTION ( 'NONE',  ( -0.000000000000000000, -0.000000000000000000, 1.000000000000000000 ) ) ;
#947 = CARTESIAN_POINT ( 'NONE',  ( 84.99999999999992895, 671.0000000000000000, 0.000000000000000000 ) ) ;
#948 = CYLINDRICAL_SURFACE ( 'NONE', #1069, 3.199999999999994404 ) ;
#949 = ORIENTED_EDGE ( 'NONE', *, *, #817, .T. ) ;
#950 = ORIENTED_EDGE ( 'NONE', *, *, #1132, .F. ) ;
#951 = LINE ( 'NONE', #219, #728 ) ;
#952 = CARTESIAN_POINT ( 'NONE',  ( 61.19999999999998863, 562.5000000000001137, -3.827021247335478803E-16 ) ) ;
#953 = DIRECTION ( 'NONE',  ( 1.000000000000000000, 0.000000000000000000, 0.000000000000000000 ) ) ;
#954 = CARTESIAN_POINT ( 'NONE',  ( 0.9999999999998967493, 649.0000000000000000, -30.99999999999999645 ) ) ;
#955 = CARTESIAN_POINT ( 'NONE',  ( 43.00000000000000000, 1.000000000000000000, -31.00000000000000000 ) ) ;
#956 = AXIS2_PLACEMENT_3D ( 'NONE', #1991, #372, #1093 ) ;
#957 = AXIS2_PLACEMENT_3D ( 'NONE', #1281, #44, #1643 ) ;
#958 = EDGE_CURVE ( 'NONE', #602, #1185, #2202, .T. ) ;
#959 = CARTESIAN_POINT ( 'NONE',  ( 39.99999999999999289, 650.0000000000000000, -3.999999999999996447 ) ) ;
#960 = DIRECTION ( 'NONE',  ( 0.000000000000000000, 1.000000000000000000, 0.000000000000000000 ) ) ;
#961 = VECTOR ( 'NONE', #1039, 1000.000000000000000 ) ;
#962 = AXIS2_PLACEMENT_3D ( 'NONE', #539, #1096, #906 ) ;
#963 = CIRCLE ( 'NONE', #921, 2.000000000000001776 ) ;
#964 = FACE_OUTER_BOUND ( 'NONE', #2051, .T. ) ;
#965 = FACE_OUTER_BOUND ( 'NONE', #1479, .T. ) ;
#966 = ORIENTED_EDGE ( 'NONE', *, *, #586, .T. ) ;
#967 = CIRCLE ( 'NONE', #1000, 3.200000000000001510 ) ;
#968 = ORIENTED_EDGE ( 'NONE', *, *, #827, .F. ) ;
#969 = VECTOR ( 'NONE', #373, 1000.000000000000000 ) ;
#970 = DIRECTION ( 'NONE',  ( -0.000000000000000000, -0.000000000000000000, 1.000000000000000000 ) ) ;
#971 = FACE_OUTER_BOUND ( 'NONE', #1084, .T. ) ;
#972 = LINE ( 'NONE', #2213, #538 ) ;
#973 = DIRECTION ( 'NONE',  ( -1.000000000000000000, 0.000000000000000000, 0.000000000000000000 ) ) ;
#974 = ADVANCED_FACE ( 'NONE', ( #824 ), #235, .T. ) ;
#975 = EDGE_CURVE ( 'NONE', #1718, #999, #784, .T. ) ;
#976 = CARTESIAN_POINT ( 'NONE',  ( 83.99999999999992895, 670.0000000000000000, -2.000000000000000000 ) ) ;
#977 = EDGE_CURVE ( 'NONE', #2040, #999, #1820, .T. ) ;
#978 = VERTEX_POINT ( 'NONE', #38 ) ;
#979 = ORIENTED_EDGE ( 'NONE', *, *, #1174, .F. ) ;
#980 = CARTESIAN_POINT ( 'NONE',  ( 15.50000000000405898, 237.0000000000000568, -28.99999999999999645 ) ) ;
#981 = CARTESIAN_POINT ( 'NONE',  ( 37.99999999999990052, 0.000000000000000000, -27.00000000000000355 ) ) ;
#982 = DIRECTION ( 'NONE',  ( 1.000000000000000000, 0.000000000000000000, 0.000000000000000000 ) ) ;
#983 = LINE ( 'NONE', #828, #160 ) ;
#984 = CARTESIAN_POINT ( 'NONE',  ( 101.1999999999999886, 562.5000000000001137, 0.000000000000000000 ) ) ;
#985 = DIRECTION ( 'NONE',  ( -0.000000000000000000, -0.000000000000000000, 1.000000000000000000 ) ) ;
#986 = VERTEX_POINT ( 'NONE', #453 ) ;
#987 = ORIENTED_EDGE ( 'NONE', *, *, #2257, .T. ) ;
#988 = DIRECTION ( 'NONE',  ( -0.000000000000000000, -0.000000000000000000, 1.000000000000000000 ) ) ;
#989 = DIRECTION ( 'NONE',  ( 0.000000000000000000, -1.000000000000000000, 0.000000000000000000 ) ) ;
#990 = DIRECTION ( 'NONE',  ( 1.000000000000000000, 0.000000000000000000, 0.000000000000000000 ) ) ;
#991 = FACE_OUTER_BOUND ( 'NONE', #1518, .T. ) ;
#992 = VECTOR ( 'NONE', #738, 1000.000000000000000 ) ;
#993 = CIRCLE ( 'NONE', #1930, 3.199999999999994404 ) ;
#994 = ORIENTED_EDGE ( 'NONE', *, *, #1040, .F. ) ;
#995 = AXIS2_PLACEMENT_3D ( 'NONE', #214, #57, #936 ) ;
#996 = AXIS2_PLACEMENT_3D ( 'NONE', #2179, #561, #1691 ) ;
#997 = EDGE_CURVE ( 'NONE', #1226, #1043, #1176, .T. ) ;
#998 = DIRECTION ( 'NONE',  ( -1.000000000000000000, 0.000000000000000000, 0.000000000000000000 ) ) ;
#999 = VERTEX_POINT ( 'NONE', #296 ) ;
#1000 = AXIS2_PLACEMENT_3D ( 'NONE', #1046, #2116, #479 ) ;
#1001 = ADVANCED_FACE ( 'NONE', ( #98, #642, #2262, #1363, #2081 ), #2094, .T. ) ;
#1002 = ADVANCED_FACE ( 'NONE', ( #1902 ), #833, .F. ) ;
#1003 = DIRECTION ( 'NONE',  ( -0.000000000000000000, -0.000000000000000000, 1.000000000000000000 ) ) ;
#1004 = DIRECTION ( 'NONE',  ( -0.000000000000000000, -0.000000000000000000, 1.000000000000000000 ) ) ;
#1005 = DIRECTION ( 'NONE',  ( 0.000000000000000000, 1.000000000000000000, 0.000000000000000000 ) ) ;
#1006 = CARTESIAN_POINT ( 'NONE',  ( 38.00000000000000711, 18.00000000000000000, -1.294021933646282334E-13 ) ) ;
#1007 = ORIENTED_EDGE ( 'NONE', *, *, #2095, .F. ) ;
#1008 = DIRECTION ( 'NONE',  ( -9.760171490198437539E-17, 0.000000000000000000, -1.000000000000000000 ) ) ;
#1009 = ORIENTED_EDGE ( 'NONE', *, *, #907, .F. ) ;
#1010 = CARTESIAN_POINT ( 'NONE',  ( 41.99999999999999289, 650.0000000000000000, -31.00000000000000000 ) ) ;
#1011 = EDGE_CURVE ( 'NONE', #142, #762, #1343, .T. ) ;
#1012 = DIRECTION ( 'NONE',  ( -0.000000000000000000, 1.000000000000000000, -0.000000000000000000 ) ) ;
#1013 = ORIENTED_EDGE ( 'NONE', *, *, #2152, .F. ) ;
#1014 = CARTESIAN_POINT ( 'NONE',  ( 0.000000000000000000, 0.000000000000000000, -2.000000000000000000 ) ) ;
#1015 = ORIENTED_EDGE ( 'NONE', *, *, #1800, .T. ) ;
#1016 = DIRECTION ( 'NONE',  ( -0.000000000000000000, -0.000000000000000000, 1.000000000000000000 ) ) ;
#1017 = VERTEX_POINT ( 'NONE', #332 ) ;
#1018 = DIRECTION ( 'NONE',  ( 0.000000000000000000, 1.000000000000000000, 0.000000000000000000 ) ) ;
#1019 = PRODUCT_RELATED_PRODUCT_CATEGORY ( 'part', '', ( #442 ) ) ;
#1020 = CARTESIAN_POINT ( 'NONE',  ( 97.99999999999998579, 660.5000000000001137, -2.000000000000000000 ) ) ;
#1021 = EDGE_CURVE ( 'NONE', #1575, #1140, #161, .T. ) ;
#1022 = ORIENTED_EDGE ( 'NONE', *, *, #2230, .T. ) ;
#1023 = DIRECTION ( 'NONE',  ( -9.760171490198437539E-17, -8.062475530288927975E-33, -1.000000000000000000 ) ) ;
#1024 = VECTOR ( 'NONE', #1787, 1000.000000000000000 ) ;
#1025 = EDGE_LOOP ( 'NONE', ( #1516, #381 ) ) ;
#1026 = AXIS2_PLACEMENT_3D ( 'NONE', #1998, #1495, #394 ) ;
#1027 = AXIS2_PLACEMENT_3D ( 'NONE', #1169, #796, #607 ) ;
#1028 = DIRECTION ( 'NONE',  ( 1.000000000000000000, 0.000000000000000000, 0.000000000000000000 ) ) ;
#1029 = VERTEX_POINT ( 'NONE', #1779 ) ;
#1030 = CIRCLE ( 'NONE', #1744, 3.200000000000001510 ) ;
#1031 = AXIS2_PLACEMENT_3D ( 'NONE', #413, #1134, #279 ) ;
#1032 = AXIS2_PLACEMENT_3D ( 'NONE', #2288, #488, #856 ) ;
#1033 = CIRCLE ( 'NONE', #8, 1.000000000000000888 ) ;
#1034 = CARTESIAN_POINT ( 'NONE',  ( -1.040393397848293873E-13, 0.000000000000000000, -30.99999999999999289 ) ) ;
#1035 = AXIS2_PLACEMENT_3D ( 'NONE', #2067, #2057, #1534 ) ;
#1036 = FACE_BOUND ( 'NONE', #908, .T. ) ;
#1037 = VERTEX_POINT ( 'NONE', #2127 ) ;
#1038 = DIRECTION ( 'NONE',  ( -9.130123557772667102E-17, -0.000000000000000000, -1.000000000000000000 ) ) ;
#1039 = DIRECTION ( 'NONE',  ( -0.000000000000000000, -0.000000000000000000, 1.000000000000000000 ) ) ;
#1040 = EDGE_CURVE ( 'NONE', #1575, #643, #1184, .T. ) ;
#1041 = ORIENTED_EDGE ( 'NONE', *, *, #1904, .F. ) ;
#1042 = DIRECTION ( 'NONE',  ( 1.000000000000000000, 0.000000000000000000, 0.000000000000000000 ) ) ;
#1043 = VERTEX_POINT ( 'NONE', #321 ) ;
#1044 = CARTESIAN_POINT ( 'NONE',  ( 42.49999999999999289, 16.13397459621556251, -2.000000000000001776 ) ) ;
#1045 = FACE_OUTER_BOUND ( 'NONE', #1459, .T. ) ;
#1046 = CARTESIAN_POINT ( 'NONE',  ( 57.99999999999997868, 39.50000000000009237, -3.827021247335478803E-16 ) ) ;
#1047 = ORIENTED_EDGE ( 'NONE', *, *, #151, .F. ) ;
#1048 = CARTESIAN_POINT ( 'NONE',  ( 54.79999999999997584, 39.50000000000009237, 0.000000000000000000 ) ) ;
#1049 = CYLINDRICAL_SURFACE ( 'NONE', #657, 3.199999999999994404 ) ;
#1050 = ORIENTED_EDGE ( 'NONE', *, *, #230, .T. ) ;
#1051 = DIRECTION ( 'NONE',  ( 0.000000000000000000, 0.000000000000000000, 1.000000000000000000 ) ) ;
#1052 = EDGE_CURVE ( 'NONE', #1311, #939, #389, .T. ) ;
#1053 = ORIENTED_EDGE ( 'NONE', *, *, #184, .F. ) ;
#1054 = ORIENTED_EDGE ( 'NONE', *, *, #693, .T. ) ;
#1055 = LINE ( 'NONE', #1386, #1157 ) ;
#1056 = DIRECTION ( 'NONE',  ( 0.000000000000000000, 0.000000000000000000, 1.000000000000000000 ) ) ;
#1057 = ORIENTED_EDGE ( 'NONE', *, *, #896, .T. ) ;
#1058 = FACE_OUTER_BOUND ( 'NONE', #1847, .T. ) ;
#1059 = DIRECTION ( 'NONE',  ( 1.000000000000000000, 0.000000000000000000, 0.000000000000000000 ) ) ;
#1060 = ORIENTED_EDGE ( 'NONE', *, *, #462, .T. ) ;
#1061 = SURFACE_SIDE_STYLE ('',( #340 ) ) ;
#1062 = ORIENTED_EDGE ( 'NONE', *, *, #1396, .F. ) ;
#1063 = EDGE_CURVE ( 'NONE', #2351, #1268, #1427, .T. ) ;
#1064 = VECTOR ( 'NONE', #26, 1000.000000000000000 ) ;
#1065 = VECTOR ( 'NONE', #711, 1000.000000000000000 ) ;
#1066 = EDGE_CURVE ( 'NONE', #2119, #267, #534, .T. ) ;
#1067 = ADVANCED_FACE ( 'NONE', ( #2302 ), #885, .F. ) ;
#1068 = AXIS2_PLACEMENT_3D ( 'NONE', #350, #1755, #2109 ) ;
#1069 = AXIS2_PLACEMENT_3D ( 'NONE', #244, #778, #1496 ) ;
#1070 = DIRECTION ( 'NONE',  ( 1.000000000000000000, 0.000000000000000000, 0.000000000000000000 ) ) ;
#1071 = CARTESIAN_POINT ( 'NONE',  ( 41.99999999999999289, 650.0000000000000000, -31.00000000000000000 ) ) ;
#1072 = EDGE_CURVE ( 'NONE', #2174, #1547, #1105, .T. ) ;
#1073 = ORIENTED_EDGE ( 'NONE', *, *, #1210, .T. ) ;
#1074 = DIRECTION ( 'NONE',  ( 0.000000000000000000, 0.000000000000000000, -1.000000000000000000 ) ) ;
#1075 = CARTESIAN_POINT ( 'NONE',  ( 57.99999999999997868, 399.0000000000000568, -2.000000000000000000 ) ) ;
#1076 = EDGE_LOOP ( 'NONE', ( #293, #1166, #374, #203 ) ) ;
#1077 = VERTEX_POINT ( 'NONE', #1417 ) ;
#1078 = ORIENTED_EDGE ( 'NONE', *, *, #1536, .T. ) ;
#1079 = CARTESIAN_POINT ( 'NONE',  ( 118.0000000000000000, 694.0000000000001137, 0.000000000000000000 ) ) ;
#1080 = LINE ( 'NONE', #1960, #1064 ) ;
#1081 = LINE ( 'NONE', #2033, #282 ) ;
#1082 = VERTEX_POINT ( 'NONE', #1437 ) ;
#1083 = DIRECTION ( 'NONE',  ( 0.000000000000000000, -1.000000000000000000, -0.000000000000000000 ) ) ;
#1084 = EDGE_LOOP ( 'NONE', ( #1053, #2229, #1156, #485 ) ) ;
#1085 = CARTESIAN_POINT ( 'NONE',  ( 41.99999999999999289, 18.00000000000000000, -31.00000000000000000 ) ) ;
#1086 = EDGE_LOOP ( 'NONE', ( #1606, #899, #1253, #1910 ) ) ;
#1087 = CARTESIAN_POINT ( 'NONE',  ( 97.99999999999998579, 660.5000000000001137, 0.000000000000000000 ) ) ;
#1088 = VERTEX_POINT ( 'NONE', #1794 ) ;
#1089 = UNCERTAINTY_MEASURE_WITH_UNIT (LENGTH_MEASURE( 1.000000000000000082E-05 ), #22, 'distance_accuracy_value', 'NONE');
#1090 = ORIENTED_EDGE ( 'NONE', *, *, #102, .F. ) ;
#1091 = CARTESIAN_POINT ( 'NONE',  ( 54.79999999999999005, 660.5000000000001137, -2.000000000000000000 ) ) ;
#1092 = CARTESIAN_POINT ( 'NONE',  ( 15.50000000000202860, 431.0000000000000568, -30.99999999999999289 ) ) ;
#1093 = DIRECTION ( 'NONE',  ( 1.000000000000000000, 0.000000000000000000, 0.000000000000000000 ) ) ;
#1094 = CARTESIAN_POINT ( 'NONE',  ( -1.040393397848293873E-13, 649.0000000000000000, -30.99999999999999289 ) ) ;
#1095 = ORIENTED_EDGE ( 'NONE', *, *, #2326, .T. ) ;
#1096 = DIRECTION ( 'NONE',  ( -0.000000000000000000, -0.000000000000000000, 1.000000000000000000 ) ) ;
#1097 = EDGE_CURVE ( 'NONE', #904, #1956, #497, .T. ) ;
#1098 = ORIENTED_EDGE ( 'NONE', *, *, #1769, .F. ) ;
#1099 = DIRECTION ( 'NONE',  ( 1.000000000000000000, 0.000000000000000000, 0.000000000000000000 ) ) ;
#1100 = VERTEX_POINT ( 'NONE', #2163 ) ;
#1101 = ORIENTED_EDGE ( 'NONE', *, *, #377, .F. ) ;
#1102 = EDGE_LOOP ( 'NONE', ( #1293, #1997 ) ) ;
#1103 = CARTESIAN_POINT ( 'NONE',  ( 19.00000000000404654, 237.0000000000000568, -30.99999999999999289 ) ) ;
#1104 = DIRECTION ( 'NONE',  ( 1.000000000000000000, 0.000000000000000000, 0.000000000000000000 ) ) ;
#1105 = CIRCLE ( 'NONE', #346, 1.000000000000000888 ) ;
#1106 = VECTOR ( 'NONE', #79, 1000.000000000000000 ) ;
#1107 = FACE_OUTER_BOUND ( 'NONE', #1632, .T. ) ;
#1108 = VECTOR ( 'NONE', #144, 1000.000000000000000 ) ;
#1109 = ORIENTED_EDGE ( 'NONE', *, *, #1730, .T. ) ;
#1110 = CARTESIAN_POINT ( 'NONE',  ( 19.00000000000615685, 43.00000000000000000, -30.99999999999999289 ) ) ;
#1111 = CIRCLE ( 'NONE', #52, 3.200000000000001510 ) ;
#1112 = ORIENTED_EDGE ( 'NONE', *, *, #1241, .T. ) ;
#1113 = VECTOR ( 'NONE', #1596, 1000.000000000000000 ) ;
#1114 = CARTESIAN_POINT ( 'NONE',  ( 43.00000000000000000, 651.0000000000000000, -31.00100000000000122 ) ) ;
#1115 = CYLINDRICAL_SURFACE ( 'NONE', #1187, 3.199999999999994404 ) ;
#1116 = ADVANCED_FACE ( 'NONE', ( #508 ), #543, .T. ) ;
#1117 = EDGE_CURVE ( 'NONE', #760, #2137, #1673, .T. ) ;
#1118 = VERTEX_POINT ( 'NONE', #1759 ) ;
#1119 = DIRECTION ( 'NONE',  ( -0.000000000000000000, -0.000000000000000000, 1.000000000000000000 ) ) ;
#1120 = MANIFOLD_SOLID_BREP ( 'Verrundung2', #1217 ) ;
#1121 = CARTESIAN_POINT ( 'NONE',  ( 41.99999999999999289, 651.0000000000000000, -31.00100000000000122 ) ) ;
#1122 = DIRECTION ( 'NONE',  ( 1.000000000000000000, 0.000000000000000000, 0.000000000000000000 ) ) ;
#1123 = ORIENTED_EDGE ( 'NONE', *, *, #2256, .T. ) ;
#1124 = ORIENTED_EDGE ( 'NONE', *, *, #1461, .F. ) ;
#1125 = CARTESIAN_POINT ( 'NONE',  ( 57.99999999999998579, 562.5000000000001137, -3.827021247335478803E-16 ) ) ;
#1126 = DIRECTION ( 'NONE',  ( 1.000000000000000000, 0.000000000000000000, 0.000000000000000000 ) ) ;
#1127 = DIRECTION ( 'NONE',  ( -0.000000000000000000, -0.000000000000000000, 1.000000000000000000 ) ) ;
#1128 = VERTEX_POINT ( 'NONE', #1478 ) ;
#1129 = EDGE_CURVE ( 'NONE', #73, #1472, #518, .T. ) ;
#1130 = ORIENTED_EDGE ( 'NONE', *, *, #406, .T. ) ;
#1131 = DIRECTION ( 'NONE',  ( -9.130123557772667102E-17, -0.000000000000000000, -1.000000000000000000 ) ) ;
#1132 = EDGE_CURVE ( 'NONE', #2164, #2177, #2203, .T. ) ;
#1133 = EDGE_LOOP ( 'NONE', ( #2160, #1736, #792, #1783 ) ) ;
#1134 = DIRECTION ( 'NONE',  ( -9.130123557772667102E-17, -0.000000000000000000, -1.000000000000000000 ) ) ;
#1135 = CARTESIAN_POINT ( 'NONE',  ( 101.1999999999999886, 562.5000000000001137, -2.000000000000000000 ) ) ;
#1136 = DIRECTION ( 'NONE',  ( -1.000000000000000000, 0.000000000000000000, 0.000000000000000000 ) ) ;
#1137 = DIRECTION ( 'NONE',  ( 1.000000000000000000, 0.000000000000000000, 0.000000000000000000 ) ) ;
#1138 = LINE ( 'NONE', #1996, #1781 ) ;
#1139 = LINE ( 'NONE', #789, #584 ) ;
#1140 = VERTEX_POINT ( 'NONE', #2025 ) ;
#1141 = ORIENTED_EDGE ( 'NONE', *, *, #1835, .F. ) ;
#1142 = FACE_BOUND ( 'NONE', #258, .T. ) ;
#1143 = EDGE_CURVE ( 'NONE', #443, #2137, #186, .T. ) ;
#1144 = DIRECTION ( 'NONE',  ( 1.000000000000000000, -2.775557561562888984E-15, 0.000000000000000000 ) ) ;
#1145 = AXIS2_PLACEMENT_3D ( 'NONE', #1299, #401, #1070 ) ;
#1146 = ADVANCED_FACE ( 'NONE', ( #243 ), #2009, .T. ) ;
#1147 = AXIS2_PLACEMENT_3D ( 'NONE', #1468, #226, #1099 ) ;
#1148 = CYLINDRICAL_SURFACE ( 'NONE', #1370, 3.200000000000001510 ) ;
#1149 = EDGE_CURVE ( 'NONE', #366, #1822, #690, .T. ) ;
#1150 = LINE ( 'NONE', #2087, #1186 ) ;
#1151 = VECTOR ( 'NONE', #1023, 1000.000000000000000 ) ;
#1152 = VECTOR ( 'NONE', #1119, 1000.000000000000000 ) ;
#1153 = AXIS2_PLACEMENT_3D ( 'NONE', #2141, #335, #1926 ) ;
#1154 = PRODUCT_DEFINITION_CONTEXT ( 'detailed design', #512, 'design' ) ;
#1155 = DIRECTION ( 'NONE',  ( -3.589083053745117718E-15, -2.964793633601037215E-31, -1.000000000000000000 ) ) ;
#1156 = ORIENTED_EDGE ( 'NONE', *, *, #1322, .T. ) ;
#1157 = VECTOR ( 'NONE', #1770, 1000.000000000000000 ) ;
#1158 = ORIENTED_EDGE ( 'NONE', *, *, #1623, .T. ) ;
#1159 = AXIS2_PLACEMENT_3D ( 'NONE', #548, #398, #912 ) ;
#1160 = CARTESIAN_POINT ( 'NONE',  ( 97.99999999999995737, 39.50000000000009237, -2.000000000000000000 ) ) ;
#1161 = CARTESIAN_POINT ( 'NONE',  ( 15.50000000000405187, 237.0000000000000568, -30.99999999999999289 ) ) ;
#1162 = DIRECTION ( 'NONE',  ( -0.000000000000000000, -0.000000000000000000, 1.000000000000000000 ) ) ;
#1163 = DIRECTION ( 'NONE',  ( -0.000000000000000000, -0.000000000000000000, 1.000000000000000000 ) ) ;
#1164 = PLANE ( 'NONE',  #813 ) ;
#1165 = VERTEX_POINT ( 'NONE', #1505 ) ;
#1166 = ORIENTED_EDGE ( 'NONE', *, *, #2227, .F. ) ;
#1167 = CARTESIAN_POINT ( 'NONE',  ( 43.00000000000000000, 15.26794919243112325, -2.000000000000001776 ) ) ;
#1168 = CARTESIAN_POINT ( 'NONE',  ( 101.1999999999999602, 137.5000000000000568, -2.000000000000000000 ) ) ;
#1169 = CARTESIAN_POINT ( 'NONE',  ( 19.00000000000404654, 237.0000000000000568, -28.99999999999999645 ) ) ;
#1170 = DIRECTION ( 'NONE',  ( -0.000000000000000000, -0.000000000000000000, 1.000000000000000000 ) ) ;
#1171 = EDGE_CURVE ( 'NONE', #712, #1472, #1670, .T. ) ;
#1172 = DIRECTION ( 'NONE',  ( 1.000000000000000000, 0.000000000000000000, 0.000000000000000000 ) ) ;
#1173 = EDGE_CURVE ( 'NONE', #1467, #762, #2200, .T. ) ;
#1174 = EDGE_CURVE ( 'NONE', #626, #432, #405, .T. ) ;
#1175 = VERTEX_POINT ( 'NONE', #19 ) ;
#1176 = LINE ( 'NONE', #1717, #687 ) ;
#1177 = ORIENTED_EDGE ( 'NONE', *, *, #1350, .F. ) ;
#1178 = CARTESIAN_POINT ( 'NONE',  ( 35.99999999999990763, 650.0000000000000000, -29.00000000000000000 ) ) ;
#1179 = DIRECTION ( 'NONE',  ( -1.000000000000000000, 0.000000000000000000, -0.000000000000000000 ) ) ;
#1180 = DIRECTION ( 'NONE',  ( -0.000000000000000000, 1.000000000000000000, -0.000000000000000000 ) ) ;
#1181 = FACE_OUTER_BOUND ( 'NONE', #2304, .T. ) ;
#1182 = AXIS2_PLACEMENT_3D ( 'NONE', #546, #521, #189 ) ;
#1183 = CARTESIAN_POINT ( 'NONE',  ( 19.00000000000404654, 237.0000000000000568, -28.99999999999999645 ) ) ;
#1184 = CIRCLE ( 'NONE', #1777, 3.199999999999994404 ) ;
#1185 = VERTEX_POINT ( 'NONE', #1806 ) ;
#1186 = VECTOR ( 'NONE', #1722, 1000.000000000000000 ) ;
#1187 = AXIS2_PLACEMENT_3D ( 'NONE', #265, #985, #1702 ) ;
#1188 = CARTESIAN_POINT ( 'NONE',  ( 61.19999999999998863, 660.5000000000001137, -3.827021247335478803E-16 ) ) ;
#1189 = EDGE_CURVE ( 'NONE', #1822, #1379, #1309, .T. ) ;
#1190 = ORIENTED_EDGE ( 'NONE', *, *, #390, .F. ) ;
#1191 = AXIS2_PLACEMENT_3D ( 'NONE', #2046, #1170, #990 ) ;
#1192 = DIRECTION ( 'NONE',  ( -0.000000000000000000, -0.000000000000000000, 1.000000000000000000 ) ) ;
#1193 = DIRECTION ( 'NONE',  ( -0.000000000000000000, -0.000000000000000000, 1.000000000000000000 ) ) ;
#1194 = DIRECTION ( 'NONE',  ( 0.000000000000000000, 0.000000000000000000, -1.000000000000000000 ) ) ;
#1195 = DIRECTION ( 'NONE',  ( 1.000000000000000000, 0.000000000000000000, 0.000000000000000000 ) ) ;
#1196 = FACE_BOUND ( 'NONE', #509, .T. ) ;
#1197 = ORIENTED_EDGE ( 'NONE', *, *, #1011, .T. ) ;
#1198 = DIRECTION ( 'NONE',  ( 1.000000000000000000, 0.000000000000000000, 0.000000000000000000 ) ) ;
#1199 = ORIENTED_EDGE ( 'NONE', *, *, #630, .F. ) ;
#1200 = LINE ( 'NONE', #1915, #1266 ) ;
#1201 = EDGE_CURVE ( 'NONE', #1268, #892, #841, .T. ) ;
#1202 = DIRECTION ( 'NONE',  ( 0.000000000000000000, -1.000000000000000000, -0.000000000000000000 ) ) ;
#1203 = EDGE_LOOP ( 'NONE', ( #1123, #1499, #1731, #139 ) ) ;
#1204 = DIRECTION ( 'NONE',  ( -1.000000000000000000, 0.000000000000000000, 0.000000000000000000 ) ) ;
#1205 = VERTEX_POINT ( 'NONE', #909 ) ;
#1206 = DIRECTION ( 'NONE',  ( 0.000000000000000000, 0.000000000000000000, -1.000000000000000000 ) ) ;
#1207 = ORIENTED_EDGE ( 'NONE', *, *, #72, .T. ) ;
#1208 = FACE_OUTER_BOUND ( 'NONE', #2340, .T. ) ;
#1209 = CARTESIAN_POINT ( 'NONE',  ( 37.99999999999999289, 18.00000000000000000, -3.999999999999989786 ) ) ;
#1210 = EDGE_CURVE ( 'NONE', #1918, #420, #2190, .T. ) ;
#1211 = EDGE_LOOP ( 'NONE', ( #452, #1875, #1455, #2022 ) ) ;
#1212 = EDGE_CURVE ( 'NONE', #155, #1984, #278, .T. ) ;
#1213 = DIRECTION ( 'NONE',  ( -1.000000000000000000, 0.000000000000000000, 0.000000000000000000 ) ) ;
#1214 = DIRECTION ( 'NONE',  ( -0.000000000000000000, -0.000000000000000000, 1.000000000000000000 ) ) ;
#1215 = EDGE_LOOP ( 'NONE', ( #812, #1282, #1394, #603 ) ) ;
#1216 = CIRCLE ( 'NONE', #198, 1.000000000000000000 ) ;
#1217 = CLOSED_SHELL ( 'NONE', ( #829, #1785, #1292, #1002, #1756, #600, #1978, #58, #1384, #487, #1704, #802, #1067, #1916, #291, #266, #2280, #1981, #1866, #2307, #1275, #875, #478, #2039, #551, #1558, #1360, #475, #1290, #1387, #2216, #2079, #9, #930, #1563, #1116, #2145, #2266, #1245, #2339, #359, #127, #303, #1679, #853, #1849, #1816, #126, #2182, #1001, #2283, #1535, #1905, #585, #2117, #791, #830, #316, #41, #238, #1385, #974, #2329, #1584, #1146, #2194, #169, #1372, #1655 ) ) ;
#1218 = DIRECTION ( 'NONE',  ( -1.000000000000000000, 0.000000000000000000, 0.000000000000000000 ) ) ;
#1219 = EDGE_LOOP ( 'NONE', ( #1817, #1942, #114, #233, #2218, #866, #2332, #2344, #1578, #601 ) ) ;
#1220 = CIRCLE ( 'NONE', #844, 3.200000000000001510 ) ;
#1221 = CIRCLE ( 'NONE', #312, 3.200000000000001510 ) ;
#1222 = CARTESIAN_POINT ( 'NONE',  ( 101.1999999999999744, 399.0000000000000568, 0.000000000000000000 ) ) ;
#1223 = VECTOR ( 'NONE', #1841, 1000.000000000000000 ) ;
#1224 = DIRECTION ( 'NONE',  ( 0.000000000000000000, 0.000000000000000000, 1.000000000000000000 ) ) ;
#1225 = DIRECTION ( 'NONE',  ( 0.000000000000000000, 0.000000000000000000, -1.000000000000000000 ) ) ;
#1226 = VERTEX_POINT ( 'NONE', #947 ) ;
#1227 = EDGE_CURVE ( 'NONE', #1354, #128, #1139, .T. ) ;
#1228 = CARTESIAN_POINT ( 'NONE',  ( 37.99999999999999289, 650.0000000000000000, -3.999999999999989786 ) ) ;
#1229 = CARTESIAN_POINT ( 'NONE',  ( 0.9999999999998959721, 17.99999999999999645, -31.00000000000000000 ) ) ;
#1230 = VERTEX_POINT ( 'NONE', #60 ) ;
#1231 = DIRECTION ( 'NONE',  ( -0.000000000000000000, 0.000000000000000000, 1.000000000000000000 ) ) ;
#1232 = ORIENTED_EDGE ( 'NONE', *, *, #375, .F. ) ;
#1233 = CARTESIAN_POINT ( 'NONE',  ( 0.000000000000000000, 695.0000000000001137, -2.000000000000000000 ) ) ;
#1234 = DIRECTION ( 'NONE',  ( 1.000000000000000000, 0.000000000000000000, 0.000000000000000000 ) ) ;
#1235 = CARTESIAN_POINT ( 'NONE',  ( 101.1999999999999602, 137.5000000000000568, -3.827021247335478803E-16 ) ) ;
#1236 = ORIENTED_EDGE ( 'NONE', *, *, #2106, .F. ) ;
#1237 = CARTESIAN_POINT ( 'NONE',  ( 38.00000000000000711, 0.000000000000000000, -1.294021933646282334E-13 ) ) ;
#1238 = LINE ( 'NONE', #868, #280 ) ;
#1239 = EDGE_CURVE ( 'NONE', #1644, #2174, #747, .T. ) ;
#1240 = VERTEX_POINT ( 'NONE', #1294 ) ;
#1241 = EDGE_CURVE ( 'NONE', #1230, #2342, #938, .T. ) ;
#1242 = FILL_AREA_STYLE ('',( #1985 ) ) ;
#1243 = ORIENTED_EDGE ( 'NONE', *, *, #1557, .F. ) ;
#1244 = EDGE_CURVE ( 'NONE', #663, #582, #1653, .T. ) ;
#1245 = ADVANCED_FACE ( 'NONE', ( #964 ), #1624, .F. ) ;
#1246 = CARTESIAN_POINT ( 'NONE',  ( 54.79999999999999005, 562.5000000000001137, -3.827021247335478803E-16 ) ) ;
#1247 = CARTESIAN_POINT ( 'NONE',  ( 35.99999999999990763, 670.0000000000000000, -28.99999999999999645 ) ) ;
#1248 = DIRECTION ( 'NONE',  ( 1.000000000000000000, 0.000000000000000000, 0.000000000000000000 ) ) ;
#1249 = EDGE_LOOP ( 'NONE', ( #2303, #1112, #1015, #968 ) ) ;
#1250 = CARTESIAN_POINT ( 'NONE',  ( 0.000000000000000000, 0.000000000000000000, 0.000000000000000000 ) ) ;
#1251 = LINE ( 'NONE', #135, #961 ) ;
#1252 = ORIENTED_EDGE ( 'NONE', *, *, #1063, .F. ) ;
#1253 = ORIENTED_EDGE ( 'NONE', *, *, #977, .T. ) ;
#1254 = CIRCLE ( 'NONE', #1775, 3.199999999999994404 ) ;
#1255 = VECTOR ( 'NONE', #379, 1000.000000000000000 ) ;
#1256 = EDGE_CURVE ( 'NONE', #1530, #1226, #1723, .T. ) ;
#1257 = ORIENTED_EDGE ( 'NONE', *, *, #975, .T. ) ;
#1258 = AXIS2_PLACEMENT_3D ( 'NONE', #376, #1843, #745 ) ;
#1259 = DIRECTION ( 'NONE',  ( 1.000000000000000000, 0.000000000000000000, 0.000000000000000000 ) ) ;
#1260 = AXIS2_PLACEMENT_3D ( 'NONE', #439, #69, #283 ) ;
#1261 = AXIS2_PLACEMENT_3D ( 'NONE', #1237, #1954, #337 ) ;
#1262 = FACE_OUTER_BOUND ( 'NONE', #1265, .T. ) ;
#1263 = DIRECTION ( 'NONE',  ( -0.000000000000000000, -0.000000000000000000, 1.000000000000000000 ) ) ;
#1264 = AXIS2_PLACEMENT_3D ( 'NONE', #1585, #300, #120 ) ;
#1265 = EDGE_LOOP ( 'NONE', ( #1695, #1095, #2252, #2157 ) ) ;
#1266 = VECTOR ( 'NONE', #308, 1000.000000000000000 ) ;
#1267 = FACE_OUTER_BOUND ( 'NONE', #706, .T. ) ;
#1268 = VERTEX_POINT ( 'NONE', #809 ) ;
#1269 = DIRECTION ( 'NONE',  ( 8.260587980841930151E-17, -1.000000000000000000, -0.000000000000000000 ) ) ;
#1270 = ORIENTED_EDGE ( 'NONE', *, *, #2069, .T. ) ;
#1271 = ORIENTED_EDGE ( 'NONE', *, *, #1804, .F. ) ;
#1272 = ORIENTED_EDGE ( 'NONE', *, *, #1171, .T. ) ;
#1273 = DIRECTION ( 'NONE',  ( 1.000000000000000000, 0.000000000000000000, 0.000000000000000000 ) ) ;
#1274 = DIRECTION ( 'NONE',  ( -0.000000000000000000, -0.000000000000000000, 1.000000000000000000 ) ) ;
#1275 = ADVANCED_FACE ( 'NONE', ( #2267 ), #1692, .F. ) ;
#1276 = CARTESIAN_POINT ( 'NONE',  ( 15.50000000000405187, 237.0000000000000568, -28.99999999999999645 ) ) ;
#1277 = ORIENTED_EDGE ( 'NONE', *, *, #1244, .T. ) ;
#1278 = ORIENTED_EDGE ( 'NONE', *, *, #1349, .T. ) ;
#1279 = CARTESIAN_POINT ( 'NONE',  ( 101.1999999999999886, 660.5000000000001137, -2.000000000000000000 ) ) ;
#1280 = ORIENTED_EDGE ( 'NONE', *, *, #236, .T. ) ;
#1281 = CARTESIAN_POINT ( 'NONE',  ( 97.99999999999995737, 137.5000000000000568, -2.000000000000000000 ) ) ;
#1282 = ORIENTED_EDGE ( 'NONE', *, *, #1063, .T. ) ;
#1283 = DIRECTION ( 'NONE',  ( -1.040834085586083310E-14, 0.000000000000000000, -1.000000000000000000 ) ) ;
#1284 = EDGE_LOOP ( 'NONE', ( #1686, #1593 ) ) ;
#1285 = EDGE_LOOP ( 'NONE', ( #911, #1470 ) ) ;
#1286 = DIRECTION ( 'NONE',  ( -1.000000000000000000, 0.000000000000000000, 0.000000000000000000 ) ) ;
#1287 = DIRECTION ( 'NONE',  ( 9.760171490198437539E-17, 0.000000000000000000, 1.000000000000000000 ) ) ;
#1288 = FACE_OUTER_BOUND ( 'NONE', #1203, .T. ) ;
#1289 = ORIENTED_EDGE ( 'NONE', *, *, #1493, .T. ) ;
#1290 = ADVANCED_FACE ( 'NONE', ( #1529 ), #1887, .F. ) ;
#1291 = LINE ( 'NONE', #1317, #876 ) ;
#1292 = ADVANCED_FACE ( 'NONE', ( #1701 ), #1870, .F. ) ;
#1293 = ORIENTED_EDGE ( 'NONE', *, *, #1571, .F. ) ;
#1294 = CARTESIAN_POINT ( 'NONE',  ( 61.19999999999998153, 399.0000000000000568, -2.000000000000000000 ) ) ;
#1295 = EDGE_LOOP ( 'NONE', ( #1232, #386, #527, #524 ) ) ;
#1296 =( NAMED_UNIT ( * ) SI_UNIT ( $, .STERADIAN. ) SOLID_ANGLE_UNIT ( ) );
#1297 = CARTESIAN_POINT ( 'NONE',  ( 94.79999999999999716, 660.5000000000001137, 0.000000000000000000 ) ) ;
#1298 = CIRCLE ( 'NONE', #461, 4.000000000000003553 ) ;
#1299 = CARTESIAN_POINT ( 'NONE',  ( 19.00000000000000355, 625.0000000000000000, -28.99999999999999645 ) ) ;
#1300 = AXIS2_PLACEMENT_3D ( 'NONE', #1832, #2047, #1456 ) ;
#1301 = CIRCLE ( 'NONE', #1674, 3.199999999999994404 ) ;
#1302 = LINE ( 'NONE', #1638, #1223 ) ;
#1303 = ORIENTED_EDGE ( 'NONE', *, *, #1730, .F. ) ;
#1304 = CIRCLE ( 'NONE', #158, 1.000000000000000888 ) ;
#1305 = CARTESIAN_POINT ( 'NONE',  ( 61.19999999999998863, 660.5000000000001137, 0.000000000000000000 ) ) ;
#1306 = CIRCLE ( 'NONE', #2246, 1.000000000000000888 ) ;
#1307 = EDGE_CURVE ( 'NONE', #939, #563, #2091, .T. ) ;
#1308 = VECTOR ( 'NONE', #116, 1000.000000000000000 ) ;
#1309 = LINE ( 'NONE', #1844, #1255 ) ;
#1310 = CARTESIAN_POINT ( 'NONE',  ( 97.99999999999998579, 660.5000000000001137, -3.827021247335478803E-16 ) ) ;
#1311 = VERTEX_POINT ( 'NONE', #2251 ) ;
#1312 = CARTESIAN_POINT ( 'NONE',  ( 61.19999999999998153, 399.0000000000000568, -3.827021247335478803E-16 ) ) ;
#1313 = FACE_BOUND ( 'NONE', #1809, .T. ) ;
#1314 = CARTESIAN_POINT ( 'NONE',  ( 15.50000000000616396, 43.00000000000000000, -28.99999999999999645 ) ) ;
#1315 = LINE ( 'NONE', #553, #2016 ) ;
#1316 = ORIENTED_EDGE ( 'NONE', *, *, #254, .T. ) ;
#1317 = CARTESIAN_POINT ( 'NONE',  ( 22.50000000000615330, 43.00000000000000000, -28.99999999999999645 ) ) ;
#1318 = DIRECTION ( 'NONE',  ( 1.000000000000000000, -0.000000000000000000, -0.000000000000000000 ) ) ;
#1319 = DIRECTION ( 'NONE',  ( -1.000000000000000000, 0.000000000000000000, -2.038300084272746443E-14 ) ) ;
#1320 = EDGE_LOOP ( 'NONE', ( #731, #1793 ) ) ;
#1321 = EDGE_CURVE ( 'NONE', #1918, #1956, #646, .T. ) ;
#1322 = EDGE_CURVE ( 'NONE', #2177, #1948, #831, .T. ) ;
#1323 = ORIENTED_EDGE ( 'NONE', *, *, #632, .F. ) ;
#1324 = EDGE_CURVE ( 'NONE', #165, #626, #1216, .T. ) ;
#1325 = CARTESIAN_POINT ( 'NONE',  ( 41.99999999999999289, 16.99999999999999645, -31.00100000000000122 ) ) ;
#1326 = DIRECTION ( 'NONE',  ( 0.000000000000000000, -1.000000000000000000, -0.000000000000000000 ) ) ;
#1327 = FACE_OUTER_BOUND ( 'NONE', #1295, .T. ) ;
#1328 = CARTESIAN_POINT ( 'NONE',  ( 61.19999999999997442, 137.5000000000000568, 0.000000000000000000 ) ) ;
#1329 = DIRECTION ( 'NONE',  ( -0.000000000000000000, -0.000000000000000000, 1.000000000000000000 ) ) ;
#1330 = CARTESIAN_POINT ( 'NONE',  ( 41.99999999999999289, 18.00000000000000000, -31.00000000000000000 ) ) ;
#1331 = ORIENTED_EDGE ( 'NONE', *, *, #997, .F. ) ;
#1332 = ORIENTED_EDGE ( 'NONE', *, *, #59, .T. ) ;
#1333 = EDGE_CURVE ( 'NONE', #698, #1472, #70, .T. ) ;
#1334 = CARTESIAN_POINT ( 'NONE',  ( 22.50000000000615330, 43.00000000000000000, -30.99999999999999289 ) ) ;
#1335 = DIRECTION ( 'NONE',  ( 1.000000000000000000, 0.000000000000000000, 0.000000000000000000 ) ) ;
#1336 = CIRCLE ( 'NONE', #726, 3.200000000000001510 ) ;
#1337 = AXIS2_PLACEMENT_3D ( 'NONE', #1514, #1714, #1172 ) ;
#1338 = CARTESIAN_POINT ( 'NONE',  ( 97.99999999999997158, 399.0000000000000568, -3.827021247335478803E-16 ) ) ;
#1339 = DIRECTION ( 'NONE',  ( -0.000000000000000000, -0.000000000000000000, 1.000000000000000000 ) ) ;
#1340 = CIRCLE ( 'NONE', #1933, 1.000000000000000888 ) ;
#1341 = VECTOR ( 'NONE', #490, 1000.000000000000000 ) ;
#1342 = AXIS2_PLACEMENT_3D ( 'NONE', #1952, #1056, #579 ) ;
#1343 = CIRCLE ( 'NONE', #1629, 1.000000000000000888 ) ;
#1344 = CARTESIAN_POINT ( 'NONE',  ( 35.99999999999990763, 650.0000000000000000, -29.00000000000000000 ) ) ;
#1345 = ORIENTED_EDGE ( 'NONE', *, *, #2147, .F. ) ;
#1346 = VERTEX_POINT ( 'NONE', #1369 ) ;
#1347 = DIRECTION ( 'NONE',  ( -1.000000000000000000, 0.000000000000000000, 0.000000000000000000 ) ) ;
#1348 = CARTESIAN_POINT ( 'NONE',  ( 43.00000000000000000, 651.0000000000000000, 0.000000000000000000 ) ) ;
#1349 = EDGE_CURVE ( 'NONE', #1354, #1644, #2123, .T. ) ;
#1350 = EDGE_CURVE ( 'NONE', #315, #1718, #1220, .T. ) ;
#1351 = ORIENTED_EDGE ( 'NONE', *, *, #1227, .F. ) ;
#1352 = DIRECTION ( 'NONE',  ( 3.589083053745117718E-15, 0.000000000000000000, 1.000000000000000000 ) ) ;
#1353 = CARTESIAN_POINT ( 'NONE',  ( 57.99999999999997868, 301.0000000000001137, -2.000000000000000000 ) ) ;
#1354 = VERTEX_POINT ( 'NONE', #450 ) ;
#1355 = VERTEX_POINT ( 'NONE', #96 ) ;
#1356 = CARTESIAN_POINT ( 'NONE',  ( 101.1999999999999886, 660.5000000000001137, 0.000000000000000000 ) ) ;
#1357 = CARTESIAN_POINT ( 'NONE',  ( 4.347827804580709276E-15, 649.0000000000000000, -28.99999999999999645 ) ) ;
#1358 = CARTESIAN_POINT ( 'NONE',  ( 94.79999999999996874, 137.5000000000000568, -2.000000000000000000 ) ) ;
#1359 = CARTESIAN_POINT ( 'NONE',  ( 118.0000000000000000, 0.000000000000000000, 0.000000000000000000 ) ) ;
#1360 = ADVANCED_FACE ( 'NONE', ( #991, #1900, #822, #1196, #1538, #640, #1733, #1361, #427, #1911, #285, #2063, #294 ), #1164, .T. ) ;
#1361 = FACE_BOUND ( 'NONE', #1572, .T. ) ;
#1362 = ORIENTED_EDGE ( 'NONE', *, *, #1924, .F. ) ;
#1363 = FACE_BOUND ( 'NONE', #20, .T. ) ;
#1364 = VERTEX_POINT ( 'NONE', #976 ) ;
#1365 = CARTESIAN_POINT ( 'NONE',  ( 15.50000000000000888, 625.0000000000000000, -30.99999999999999289 ) ) ;
#1366 = CARTESIAN_POINT ( 'NONE',  ( 19.00000000000404654, 237.0000000000000568, -30.99999999999999289 ) ) ;
#1367 = CYLINDRICAL_SURFACE ( 'NONE', #354, 2.000000000000001776 ) ;
#1368 = AXIS2_PLACEMENT_3D ( 'NONE', #463, #1725, #106 ) ;
#1369 = CARTESIAN_POINT ( 'NONE',  ( -1.040393397848293873E-13, 18.99999999999999645, -30.99999999999999289 ) ) ;
#1370 = AXIS2_PLACEMENT_3D ( 'NONE', #597, #1512, #982 ) ;
#1371 = ORIENTED_EDGE ( 'NONE', *, *, #1256, .T. ) ;
#1372 = ADVANCED_FACE ( 'NONE', ( #798 ), #1878, .T. ) ;
#1373 = DIRECTION ( 'NONE',  ( 1.000000000000000000, 0.000000000000000000, 0.000000000000000000 ) ) ;
#1374 = ORIENTED_EDGE ( 'NONE', *, *, #2185, .F. ) ;
#1375 = AXIS2_PLACEMENT_3D ( 'NONE', #865, #1378, #1598 ) ;
#1376 = CIRCLE ( 'NONE', #1597, 3.200000000000001510 ) ;
#1377 = LINE ( 'NONE', #1751, #470 ) ;
#1378 = DIRECTION ( 'NONE',  ( -9.130123557772667102E-17, 0.000000000000000000, -1.000000000000000000 ) ) ;
#1379 = VERTEX_POINT ( 'NONE', #1569 ) ;
#1380 = DIRECTION ( 'NONE',  ( -0.000000000000000000, -0.000000000000000000, 1.000000000000000000 ) ) ;
#1381 = EDGE_LOOP ( 'NONE', ( #16, #2187, #339, #935 ) ) ;
#1382 = CARTESIAN_POINT ( 'NONE',  ( 94.79999999999998295, 301.0000000000001137, 0.000000000000000000 ) ) ;
#1383 = ORIENTED_EDGE ( 'NONE', *, *, #614, .F. ) ;
#1384 = ADVANCED_FACE ( 'NONE', ( #2300 ), #1049, .F. ) ;
#1385 = ADVANCED_FACE ( 'NONE', ( #1415 ), #156, .F. ) ;
#1386 = CARTESIAN_POINT ( 'NONE',  ( -1.040834085586084257E-13, 649.0000000000000000, -30.99999999999999289 ) ) ;
#1387 = ADVANCED_FACE ( 'NONE', ( #1919 ), #674, .F. ) ;
#1388 = DIRECTION ( 'NONE',  ( -1.000000000000000000, 0.000000000000000000, 0.000000000000000000 ) ) ;
#1389 = ORIENTED_EDGE ( 'NONE', *, *, #977, .F. ) ;
#1390 = DIRECTION ( 'NONE',  ( 9.130123557772667102E-17, 0.000000000000000000, 1.000000000000000000 ) ) ;
#1391 = DIRECTION ( 'NONE',  ( -0.000000000000000000, -0.000000000000000000, 1.000000000000000000 ) ) ;
#1392 = EDGE_LOOP ( 'NONE', ( #1946, #623, #1270, #937 ) ) ;
#1393 = CARTESIAN_POINT ( 'NONE',  ( 97.99999999999998579, 562.5000000000001137, -2.000000000000000000 ) ) ;
#1394 = ORIENTED_EDGE ( 'NONE', *, *, #1201, .T. ) ;
#1395 = FACE_OUTER_BOUND ( 'NONE', #1211, .T. ) ;
#1396 = EDGE_CURVE ( 'NONE', #2119, #472, #883, .T. ) ;
#1397 = FACE_BOUND ( 'NONE', #295, .T. ) ;
#1398 = ORIENTED_EDGE ( 'NONE', *, *, #449, .F. ) ;
#1399 = CARTESIAN_POINT ( 'NONE',  ( 117.0000000000000000, 695.0000000000001137, -2.000000000000000000 ) ) ;
#1400 = DIRECTION ( 'NONE',  ( -1.000000000000000000, 0.000000000000000000, 0.000000000000000000 ) ) ;
#1401 = AXIS2_PLACEMENT_3D ( 'NONE', #1420, #361, #1104 ) ;
#1402 = EDGE_LOOP ( 'NONE', ( #1062, #1857, #257, #850 ) ) ;
#1403 = AXIS2_PLACEMENT_3D ( 'NONE', #1393, #1613, #174 ) ;
#1404 = ORIENTED_EDGE ( 'NONE', *, *, #2294, .F. ) ;
#1405 = CIRCLE ( 'NONE', #392, 3.499999999999994227 ) ;
#1406 = AXIS2_PLACEMENT_3D ( 'NONE', #1310, #1127, #1845 ) ;
#1407 = VECTOR ( 'NONE', #2186, 1000.000000000000000 ) ;
#1408 = CARTESIAN_POINT ( 'NONE',  ( 15.50000000000001421, 625.0000000000000000, -28.99999999999999645 ) ) ;
#1409 = AXIS2_PLACEMENT_3D ( 'NONE', #1907, #290, #1923 ) ;
#1410 = DIRECTION ( 'NONE',  ( -0.000000000000000000, 0.000000000000000000, 1.000000000000000000 ) ) ;
#1411 = EDGE_CURVE ( 'NONE', #1718, #315, #1030, .T. ) ;
#1412 = ORIENTED_EDGE ( 'NONE', *, *, #130, .T. ) ;
#1413 = EDGE_CURVE ( 'NONE', #886, #582, #304, .T. ) ;
#1414 = DIRECTION ( 'NONE',  ( -0.000000000000000000, -0.000000000000000000, 1.000000000000000000 ) ) ;
#1415 = FACE_OUTER_BOUND ( 'NONE', #483, .T. ) ;
#1416 = ORIENTED_EDGE ( 'NONE', *, *, #390, .T. ) ;
#1417 = CARTESIAN_POINT ( 'NONE',  ( 86.00000000000000000, 695.0000000000001137, 0.000000000000000000 ) ) ;
#1418 = EDGE_LOOP ( 'NONE', ( #949, #560, #1331, #1615, #1351, #1278, #1465, #2317, #1190, #1914, #2204, #529, #2212, #925, #861, #1790, #2149, #97, #277, #378 ) ) ;
#1419 = DIRECTION ( 'NONE',  ( -0.000000000000000000, -0.000000000000000000, 1.000000000000000000 ) ) ;
#1420 = CARTESIAN_POINT ( 'NONE',  ( 57.99999999999998579, 660.5000000000001137, 0.000000000000000000 ) ) ;
#1421 = CARTESIAN_POINT ( 'NONE',  ( 54.79999999999997584, 39.50000000000009237, -2.000000000000000000 ) ) ;
#1422 = EDGE_LOOP ( 'NONE', ( #105, #2253, #564, #2027 ) ) ;
#1423 = DIRECTION ( 'NONE',  ( 0.000000000000000000, 1.000000000000000000, 0.000000000000000000 ) ) ;
#1424 = DIRECTION ( 'NONE',  ( 0.000000000000000000, 0.000000000000000000, -1.000000000000000000 ) ) ;
#1425 = EDGE_CURVE ( 'NONE', #1240, #460, #311, .T. ) ;
#1426 = ORIENTED_EDGE ( 'NONE', *, *, #941, .T. ) ;
#1427 = LINE ( 'NONE', #1767, #1966 ) ;
#1428 = ORIENTED_EDGE ( 'NONE', *, *, #1728, .F. ) ;
#1429 = ORIENTED_EDGE ( 'NONE', *, *, #72, .F. ) ;
#1430 = APPLICATION_PROTOCOL_DEFINITION ( 'draft international standard', 'automotive_design', 1998, #512 ) ;
#1431 = CARTESIAN_POINT ( 'NONE',  ( 83.99999999999992895, 670.0000000000000000, 0.000000000000000000 ) ) ;
#1432 = CYLINDRICAL_SURFACE ( 'NONE', #956, 3.200000000000001510 ) ;
#1433 = DIRECTION ( 'NONE',  ( 0.000000000000000000, 0.000000000000000000, -1.000000000000000000 ) ) ;
#1434 = ORIENTED_EDGE ( 'NONE', *, *, #1631, .T. ) ;
#1435 = DIRECTION ( 'NONE',  ( 1.000000000000000000, 0.000000000000000000, 0.000000000000000000 ) ) ;
#1436 = ORIENTED_EDGE ( 'NONE', *, *, #1880, .T. ) ;
#1437 = CARTESIAN_POINT ( 'NONE',  ( 61.19999999999997442, 137.5000000000000568, -3.827021247335478803E-16 ) ) ;
#1438 = VERTEX_POINT ( 'NONE', #172 ) ;
#1439 = AXIS2_PLACEMENT_3D ( 'NONE', #54, #1206, #1735 ) ;
#1440 = FACE_OUTER_BOUND ( 'NONE', #713, .T. ) ;
#1441 = PRESENTATION_LAYER_ASSIGNMENT (  '', '', ( #2085 ) ) ;
#1442 = EDGE_CURVE ( 'NONE', #288, #1467, #1238, .T. ) ;
#1443 = UNCERTAINTY_MEASURE_WITH_UNIT (LENGTH_MEASURE( 1.000000000000000082E-05 ), #1969, 'distance_accuracy_value', 'NONE');
#1444 = ORIENTED_EDGE ( 'NONE', *, *, #1571, .T. ) ;
#1445 = AXIS2_PLACEMENT_3D ( 'NONE', #1664, #923, #1435 ) ;
#1446 = CIRCLE ( 'NONE', #1896, 1.000000000000000888 ) ;
#1447 = DIRECTION ( 'NONE',  ( -1.000000000000000000, 0.000000000000000000, -1.517883041479704945E-14 ) ) ;
#1448 = CIRCLE ( 'NONE', #1560, 3.199999999999994404 ) ;
#1449 = VECTOR ( 'NONE', #2299, 1000.000000000000000 ) ;
#1450 = FACE_OUTER_BOUND ( 'NONE', #1215, .T. ) ;
#1451 = LINE ( 'NONE', #934, #969 ) ;
#1452 = VECTOR ( 'NONE', #1180, 1000.000000000000000 ) ;
#1453 = ORIENTED_EDGE ( 'NONE', *, *, #723, .T. ) ;
#1454 = FACE_OUTER_BOUND ( 'NONE', #31, .T. ) ;
#1455 = ORIENTED_EDGE ( 'NONE', *, *, #1349, .F. ) ;
#1456 = DIRECTION ( 'NONE',  ( -5.204170427930416550E-15, 0.000000000000000000, -1.000000000000000000 ) ) ;
#1457 = ORIENTED_EDGE ( 'NONE', *, *, #757, .T. ) ;
#1458 = ORIENTED_EDGE ( 'NONE', *, *, #1958, .T. ) ;
#1459 = EDGE_LOOP ( 'NONE', ( #1252, #507, #341, #931 ) ) ;
#1460 = CYLINDRICAL_SURFACE ( 'NONE', #1711, 1.000000000000000888 ) ;
#1461 = EDGE_CURVE ( 'NONE', #173, #1185, #1251, .T. ) ;
#1462 = FACE_OUTER_BOUND ( 'NONE', #107, .T. ) ;
#1463 = CARTESIAN_POINT ( 'NONE',  ( 57.99999999999997868, 137.5000000000000568, 0.000000000000000000 ) ) ;
#1464 = EDGE_CURVE ( 'NONE', #1226, #128, #1, .T. ) ;
#1465 = ORIENTED_EDGE ( 'NONE', *, *, #1239, .T. ) ;
#1466 = CARTESIAN_POINT ( 'NONE',  ( 40.00000000000000711, 18.00000000000000000, -1.363851560423144749E-13 ) ) ;
#1467 = VERTEX_POINT ( 'NONE', #719 ) ;
#1468 = CARTESIAN_POINT ( 'NONE',  ( 57.99999999999998579, 660.5000000000001137, -3.827021247335478803E-16 ) ) ;
#1469 = CARTESIAN_POINT ( 'NONE',  ( 35.99999999999990052, 650.0000000000000000, -26.99999999999999645 ) ) ;
#1470 = ORIENTED_EDGE ( 'NONE', *, *, #130, .F. ) ;
#1471 = DIRECTION ( 'NONE',  ( -0.000000000000000000, -0.000000000000000000, 1.000000000000000000 ) ) ;
#1472 = VERTEX_POINT ( 'NONE', #2144 ) ;
#1473 = DIRECTION ( 'NONE',  ( -0.000000000000000000, -0.000000000000000000, 1.000000000000000000 ) ) ;
#1474 = DIRECTION ( 'NONE',  ( 1.000000000000000000, 0.000000000000000000, 0.000000000000000000 ) ) ;
#1475 = LINE ( 'NONE', #981, #1452 ) ;
#1476 = ORIENTED_EDGE ( 'NONE', *, *, #437, .T. ) ;
#1477 = DIRECTION ( 'NONE',  ( 1.000000000000000000, 0.000000000000000000, 0.000000000000000000 ) ) ;
#1478 = CARTESIAN_POINT ( 'NONE',  ( 43.00000000000000000, 670.0000000000000000, -2.000000000000000000 ) ) ;
#1479 = EDGE_LOOP ( 'NONE', ( #1973, #1434, #1158, #922 ) ) ;
#1480 = DIRECTION ( 'NONE',  ( 1.000000000000000000, 0.000000000000000000, 0.000000000000000000 ) ) ;
#1481 = DIRECTION ( 'NONE',  ( 1.000000000000000000, 0.000000000000000000, 0.000000000000000000 ) ) ;
#1482 = DIRECTION ( 'NONE',  ( 0.000000000000000000, 0.000000000000000000, -1.000000000000000000 ) ) ;
#1483 = VECTOR ( 'NONE', #761, 1000.000000000000000 ) ;
#1484 = CARTESIAN_POINT ( 'NONE',  ( 86.00000000000000000, 695.0000000000001137, 0.000000000000000000 ) ) ;
#1485 = CIRCLE ( 'NONE', #247, 3.199999999999994404 ) ;
#1486 = ORIENTED_EDGE ( 'NONE', *, *, #632, .T. ) ;
#1487 = AXIS2_PLACEMENT_3D ( 'NONE', #604, #1003, #259 ) ;
#1488 = EDGE_CURVE ( 'NONE', #412, #986, #1955, .T. ) ;
#1489 = DIRECTION ( 'NONE',  ( -1.000000000000000000, 0.000000000000000000, 0.000000000000000000 ) ) ;
#1490 = DIRECTION ( 'NONE',  ( -0.000000000000000000, -0.000000000000000000, 1.000000000000000000 ) ) ;
#1491 = CIRCLE ( 'NONE', #1636, 3.499999999999989342 ) ;
#1492 = EDGE_CURVE ( 'NONE', #1508, #1037, #2088, .T. ) ;
#1493 = EDGE_CURVE ( 'NONE', #1846, #1948, #2055, .T. ) ;
#1494 = CIRCLE ( 'NONE', #542, 3.199999999999994404 ) ;
#1495 = DIRECTION ( 'NONE',  ( -9.760171490198437539E-17, -8.062475530288927975E-33, -1.000000000000000000 ) ) ;
#1496 = DIRECTION ( 'NONE',  ( 1.000000000000000000, 0.000000000000000000, 0.000000000000000000 ) ) ;
#1497 = EDGE_CURVE ( 'NONE', #1614, #1128, #1340, .T. ) ;
#1498 = ORIENTED_EDGE ( 'NONE', *, *, #709, .T. ) ;
#1499 = ORIENTED_EDGE ( 'NONE', *, *, #1993, .T. ) ;
#1500 = CARTESIAN_POINT ( 'NONE',  ( 0.9999999999998967493, 17.99999999999999645, -31.00000000000000000 ) ) ;
#1501 = CARTESIAN_POINT ( 'NONE',  ( 61.19999999999998153, 301.0000000000001137, 0.000000000000000000 ) ) ;
#1502 = CARTESIAN_POINT ( 'NONE',  ( 35.99999999999989342, -7.456721807183867814E-16, -30.99999999999999645 ) ) ;
#1503 = LINE ( 'NONE', #438, #2354 ) ;
#1504 = CARTESIAN_POINT ( 'NONE',  ( 42.49999999999999289, 651.8660254037844197, -31.00100000000000122 ) ) ;
#1505 = CARTESIAN_POINT ( 'NONE',  ( 117.0000000000000000, 695.0000000000001137, -2.000000000000000000 ) ) ;
#1506 = DIRECTION ( 'NONE',  ( 1.000000000000000000, 0.000000000000000000, 0.000000000000000000 ) ) ;
#1507 = EDGE_CURVE ( 'NONE', #1819, #1017, #919, .T. ) ;
#1508 = VERTEX_POINT ( 'NONE', #1932 ) ;
#1509 = ORIENTED_EDGE ( 'NONE', *, *, #1945, .T. ) ;
#1510 = CARTESIAN_POINT ( 'NONE',  ( 117.0000000000000000, 1.000000000000000000, -2.000000000000000000 ) ) ;
#1511 = DIRECTION ( 'NONE',  ( 0.000000000000000000, 0.000000000000000000, -1.000000000000000000 ) ) ;
#1512 = DIRECTION ( 'NONE',  ( -0.000000000000000000, -0.000000000000000000, 1.000000000000000000 ) ) ;
#1513 = DIRECTION ( 'NONE',  ( 1.000000000000000000, 0.000000000000000000, 0.000000000000000000 ) ) ;
#1514 = CARTESIAN_POINT ( 'NONE',  ( 57.99999999999997868, 39.50000000000009237, 0.000000000000000000 ) ) ;
#1515 = DIRECTION ( 'NONE',  ( 0.000000000000000000, 0.000000000000000000, -1.000000000000000000 ) ) ;
#1516 = ORIENTED_EDGE ( 'NONE', *, *, #1212, .F. ) ;
#1517 = PRODUCT_DEFINITION ( 'UNKNOWN', '', #2250, #1154 ) ;
#1518 = EDGE_LOOP ( 'NONE', ( #2270, #652, #18, #1694, #1101, #85, #2191, #2337, #33, #945, #1050, #2153, #1590, #1458, #185, #2099, #2125, #736, #740, #2146 ) ) ;
#1519 = DIRECTION ( 'NONE',  ( -0.000000000000000000, -0.000000000000000000, 1.000000000000000000 ) ) ;
#1520 = CARTESIAN_POINT ( 'NONE',  ( 57.99999999999997868, 39.50000000000009237, -2.000000000000000000 ) ) ;
#1521 = AXIS2_PLACEMENT_3D ( 'NONE', #954, #1008, #998 ) ;
#1522 = VECTOR ( 'NONE', #665, 1000.000000000000000 ) ;
#1523 = DIRECTION ( 'NONE',  ( -1.000000000000000000, 0.000000000000000000, 0.000000000000000000 ) ) ;
#1524 = CIRCLE ( 'NONE', #47, 3.200000000000001510 ) ;
#1525 = CARTESIAN_POINT ( 'NONE',  ( 101.1999999999999744, 399.0000000000000568, -3.827021247335478803E-16 ) ) ;
#1526 = AXIS2_PLACEMENT_3D ( 'NONE', #506, #328, #1792 ) ;
#1527 = AXIS2_PLACEMENT_3D ( 'NONE', #1964, #1423, #1074 ) ;
#1528 = AXIS2_PLACEMENT_3D ( 'NONE', #535, #944, #1122 ) ;
#1529 = FACE_OUTER_BOUND ( 'NONE', #2142, .T. ) ;
#1530 = VERTEX_POINT ( 'NONE', #319 ) ;
#1531 = AXIS2_PLACEMENT_3D ( 'NONE', #873, #1018, #1194 ) ;
#1532 = EDGE_LOOP ( 'NONE', ( #162, #1871, #1207, #2030 ) ) ;
#1533 = PLANE ( 'NONE',  #625 ) ;
#1534 = DIRECTION ( 'NONE',  ( -1.000000000000000000, -8.260587980841930151E-17, 0.000000000000000000 ) ) ;
#1535 = ADVANCED_FACE ( 'NONE', ( #2314 ), #2290, .F. ) ;
#1536 = EDGE_CURVE ( 'NONE', #1912, #803, #404, .T. ) ;
#1537 = CYLINDRICAL_SURFACE ( 'NONE', #468, 3.499999999999996003 ) ;
#1538 = FACE_BOUND ( 'NONE', #187, .T. ) ;
#1539 = ORIENTED_EDGE ( 'NONE', *, *, #941, .F. ) ;
#1540 = DIRECTION ( 'NONE',  ( -0.000000000000000000, -0.000000000000000000, 1.000000000000000000 ) ) ;
#1541 = VERTEX_POINT ( 'NONE', #2159 ) ;
#1542 = CARTESIAN_POINT ( 'NONE',  ( 84.99999999999992895, 670.0000000000000000, -25.00000000000000711 ) ) ;
#1543 = EDGE_CURVE ( 'NONE', #718, #2180, #49, .T. ) ;
#1544 = FACE_OUTER_BOUND ( 'NONE', #2168, .T. ) ;
#1545 = EDGE_CURVE ( 'NONE', #986, #837, #1633, .T. ) ;
#1546 = DIRECTION ( 'NONE',  ( -0.000000000000000000, -0.000000000000000000, 1.000000000000000000 ) ) ;
#1547 = VERTEX_POINT ( 'NONE', #1815 ) ;
#1548 = CARTESIAN_POINT ( 'NONE',  ( 19.00000000000615685, 43.00000000000000000, -28.99999999999999645 ) ) ;
#1549 = ORIENTED_EDGE ( 'NONE', *, *, #864, .F. ) ;
#1550 = DIRECTION ( 'NONE',  ( 9.760171490198437539E-17, 0.000000000000000000, 1.000000000000000000 ) ) ;
#1551 = CIRCLE ( 'NONE', #1439, 3.199999999999994404 ) ;
#1552 = CYLINDRICAL_SURFACE ( 'NONE', #93, 4.000000000000003553 ) ;
#1553 = AXIS2_PLACEMENT_3D ( 'NONE', #1947, #1604, #1042 ) ;
#1554 = ORIENTED_EDGE ( 'NONE', *, *, #1174, .T. ) ;
#1555 = CARTESIAN_POINT ( 'NONE',  ( 41.99999999999999289, 650.0000000000000000, -31.00000000000000000 ) ) ;
#1556 = CIRCLE ( 'NONE', #1191, 3.499999999999989342 ) ;
#1557 = EDGE_CURVE ( 'NONE', #698, #165, #1641, .T. ) ;
#1558 = ADVANCED_FACE ( 'NONE', ( #1454 ), #197, .F. ) ;
#1559 = EDGE_LOOP ( 'NONE', ( #177, #1842 ) ) ;
#1560 = AXIS2_PLACEMENT_3D ( 'NONE', #1020, #1225, #109 ) ;
#1561 = LINE ( 'NONE', #667, #495 ) ;
#1562 = ORIENTED_EDGE ( 'NONE', *, *, #459, .F. ) ;
#1563 = ADVANCED_FACE ( 'NONE', ( #1267 ), #1983, .T. ) ;
#1564 = CIRCLE ( 'NONE', #926, 3.499999999999989342 ) ;
#1565 = CIRCLE ( 'NONE', #882, 3.200000000000001510 ) ;
#1566 = CARTESIAN_POINT ( 'NONE',  ( 97.99999999999998579, 562.5000000000001137, 0.000000000000000000 ) ) ;
#1567 = CARTESIAN_POINT ( 'NONE',  ( 39.99999999999999289, 18.00000000000000000, -3.999999999999996447 ) ) ;
#1568 = EDGE_LOOP ( 'NONE', ( #1374, #1047 ) ) ;
#1569 = CARTESIAN_POINT ( 'NONE',  ( 43.00000000000000000, 0.000000000000000000, -2.000000000000000000 ) ) ;
#1570 = ORIENTED_EDGE ( 'NONE', *, *, #1863, .T. ) ;
#1571 = EDGE_CURVE ( 'NONE', #710, #2342, #2014, .T. ) ;
#1572 = EDGE_LOOP ( 'NONE', ( #503, #1141 ) ) ;
#1573 = DIRECTION ( 'NONE',  ( -0.000000000000000000, -0.000000000000000000, 1.000000000000000000 ) ) ;
#1574 = PLANE ( 'NONE',  #1974 ) ;
#1575 = VERTEX_POINT ( 'NONE', #598 ) ;
#1576 = CARTESIAN_POINT ( 'NONE',  ( 57.99999999999997868, 137.5000000000000568, 0.000000000000000000 ) ) ;
#1577 = DIRECTION ( 'NONE',  ( 0.000000000000000000, 0.000000000000000000, -1.000000000000000000 ) ) ;
#1578 = ORIENTED_EDGE ( 'NONE', *, *, #1321, .T. ) ;
#1579 = CARTESIAN_POINT ( 'NONE',  ( 117.0000000000000000, 1.000000000000000000, -2.000000000000000000 ) ) ;
#1580 = EDGE_LOOP ( 'NONE', ( #517, #83, #1829, #676 ) ) ;
#1581 = CARTESIAN_POINT ( 'NONE',  ( 97.99999999999998579, 562.5000000000001137, -3.827021247335478803E-16 ) ) ;
#1582 = ORIENTED_EDGE ( 'NONE', *, *, #1425, .T. ) ;
#1583 = DIRECTION ( 'NONE',  ( -0.000000000000000000, -0.000000000000000000, 1.000000000000000000 ) ) ;
#1584 = ADVANCED_FACE ( 'NONE', ( #2024 ), #1621, .T. ) ;
#1585 = CARTESIAN_POINT ( 'NONE',  ( 97.99999999999998579, 562.5000000000001137, 0.000000000000000000 ) ) ;
#1586 = ORIENTED_EDGE ( 'NONE', *, *, #59, .F. ) ;
#1587 = DIRECTION ( 'NONE',  ( 1.000000000000000000, 0.000000000000000000, 0.000000000000000000 ) ) ;
#1588 = CARTESIAN_POINT ( 'NONE',  ( 101.1999999999999744, 301.0000000000001137, 0.000000000000000000 ) ) ;
#1589 = CIRCLE ( 'NONE', #2010, 3.499999999999989342 ) ;
#1590 = ORIENTED_EDGE ( 'NONE', *, *, #1442, .F. ) ;
#1591 = AXIS2_PLACEMENT_3D ( 'NONE', #2224, #927, #573 ) ;
#1592 = CARTESIAN_POINT ( 'NONE',  ( 97.99999999999997158, 399.0000000000000568, -2.000000000000000000 ) ) ;
#1593 = ORIENTED_EDGE ( 'NONE', *, *, #569, .F. ) ;
#1594 = AXIS2_PLACEMENT_3D ( 'NONE', #435, #75, #1179 ) ;
#1595 = CIRCLE ( 'NONE', #590, 3.200000000000001510 ) ;
#1596 = DIRECTION ( 'NONE',  ( -2.775557561562888984E-15, -1.000000000000000000, 0.000000000000000000 ) ) ;
#1597 = AXIS2_PLACEMENT_3D ( 'NONE', #1520, #92, #76 ) ;
#1598 = DIRECTION ( 'NONE',  ( -1.000000000000000000, 0.000000000000000000, 9.130123557772667102E-17 ) ) ;
#1599 = EDGE_CURVE ( 'NONE', #1948, #1846, #1485, .T. ) ;
#1600 = VERTEX_POINT ( 'NONE', #1279 ) ;
#1601 = CYLINDRICAL_SURFACE ( 'NONE', #2206, 3.199999999999994404 ) ;
#1602 = CARTESIAN_POINT ( 'NONE',  ( 94.79999999999998295, 399.0000000000000568, 0.000000000000000000 ) ) ;
#1603 = ORIENTED_EDGE ( 'NONE', *, *, #2104, .T. ) ;
#1604 = DIRECTION ( 'NONE',  ( 0.000000000000000000, 0.000000000000000000, 1.000000000000000000 ) ) ;
#1605 = ORIENTED_EDGE ( 'NONE', *, *, #150, .F. ) ;
#1606 = ORIENTED_EDGE ( 'NONE', *, *, #1411, .T. ) ;
#1607 = CYLINDRICAL_SURFACE ( 'NONE', #1145, 3.499999999999996003 ) ;
#1608 = CARTESIAN_POINT ( 'NONE',  ( 37.99999999999990052, 650.0000000000000000, -27.00000000000000355 ) ) ;
#1609 = ORIENTED_EDGE ( 'NONE', *, *, #707, .T. ) ;
#1610 = DIRECTION ( 'NONE',  ( -1.000000000000000000, 0.000000000000000000, 0.000000000000000000 ) ) ;
#1611 = EDGE_CURVE ( 'NONE', #366, #1175, #2214, .T. ) ;
#1612 = ORIENTED_EDGE ( 'NONE', *, *, #2151, .F. ) ;
#1613 = DIRECTION ( 'NONE',  ( 0.000000000000000000, 0.000000000000000000, -1.000000000000000000 ) ) ;
#1614 = VERTEX_POINT ( 'NONE', #2035 ) ;
#1615 = ORIENTED_EDGE ( 'NONE', *, *, #1464, .T. ) ;
#1616 = SURFACE_SIDE_STYLE ('',( #1975 ) ) ;
#1617 = DIRECTION ( 'NONE',  ( 0.000000000000000000, 0.000000000000000000, -1.000000000000000000 ) ) ;
#1618 = CARTESIAN_POINT ( 'NONE',  ( 0.000000000000000000, 695.0000000000001137, 0.000000000000000000 ) ) ;
#1619 = LINE ( 'NONE', #1276, #205 ) ;
#1620 = ORIENTED_EDGE ( 'NONE', *, *, #1924, .T. ) ;
#1621 = CYLINDRICAL_SURFACE ( 'NONE', #351, 1.000000000000000888 ) ;
#1622 = ORIENTED_EDGE ( 'NONE', *, *, #1732, .T. ) ;
#1623 = EDGE_CURVE ( 'NONE', #572, #2180, #1291, .T. ) ;
#1624 = CYLINDRICAL_SURFACE ( 'NONE', #2353, 3.200000000000001510 ) ;
#1625 = VERTEX_POINT ( 'NONE', #2006 ) ;
#1626 = VECTOR ( 'NONE', #1287, 1000.000000000000000 ) ;
#1627 = EDGE_CURVE ( 'NONE', #760, #762, #1138, .T. ) ;
#1628 = ORIENTED_EDGE ( 'NONE', *, *, #800, .F. ) ;
#1629 = AXIS2_PLACEMENT_3D ( 'NONE', #147, #1051, #699 ) ;
#1630 = AXIS2_PLACEMENT_3D ( 'NONE', #1338, #1678, #2222 ) ;
#1631 = EDGE_CURVE ( 'NONE', #1625, #572, #1405, .T. ) ;
#1632 = EDGE_LOOP ( 'NONE', ( #2236, #1078, #200, #825 ) ) ;
#1633 = CIRCLE ( 'NONE', #962, 3.199999999999994404 ) ;
#1634 = AXIS2_PLACEMENT_3D ( 'NONE', #783, #970, #1481 ) ;
#1635 = DIRECTION ( 'NONE',  ( 1.000000000000000000, 0.000000000000000000, 0.000000000000000000 ) ) ;
#1636 = AXIS2_PLACEMENT_3D ( 'NONE', #262, #1163, #457 ) ;
#1637 = CARTESIAN_POINT ( 'NONE',  ( 0.9999999999998969713, 650.0000000000000000, -28.99999999999999645 ) ) ;
#1638 = CARTESIAN_POINT ( 'NONE',  ( -1.038665681241113248E-13, 18.99999999999999645, -28.99999999999999645 ) ) ;
#1639 = PRESENTATION_LAYER_ASSIGNMENT (  '', '', ( #252 ) ) ;
#1640 = ORIENTED_EDGE ( 'NONE', *, *, #1488, .T. ) ;
#1641 = LINE ( 'NONE', #1803, #730 ) ;
#1642 = VERTEX_POINT ( 'NONE', #1855 ) ;
#1643 = DIRECTION ( 'NONE',  ( -1.000000000000000000, 0.000000000000000000, 0.000000000000000000 ) ) ;
#1644 = VERTEX_POINT ( 'NONE', #365 ) ;
#1645 = CARTESIAN_POINT ( 'NONE',  ( 22.50000000000201794, 431.0000000000000568, -28.99999999999999645 ) ) ;
#1646 = EDGE_LOOP ( 'NONE', ( #1920, #123, #1554, #1060, #1776, #1628 ) ) ;
#1647 = ORIENTED_EDGE ( 'NONE', *, *, #407, .F. ) ;
#1648 = CARTESIAN_POINT ( 'NONE',  ( 57.99999999999997868, 301.0000000000001137, -3.827021247335478803E-16 ) ) ;
#1649 = LINE ( 'NONE', #1979, #2158 ) ;
#1650 = CARTESIAN_POINT ( 'NONE',  ( 0.000000000000000000, 695.0000000000001137, -2.000000000000000000 ) ) ;
#1651 = ORIENTED_EDGE ( 'NONE', *, *, #958, .T. ) ;
#1652 = FACE_OUTER_BOUND ( 'NONE', #133, .T. ) ;
#1653 = LINE ( 'NONE', #1330, #1483 ) ;
#1654 = EDGE_LOOP ( 'NONE', ( #1929, #2192, #1412, #669 ) ) ;
#1655 = ADVANCED_FACE ( 'NONE', ( #1652 ), #1680, .F. ) ;
#1656 = DIRECTION ( 'NONE',  ( -1.000000000000000000, 0.000000000000000000, 0.000000000000000000 ) ) ;
#1657 = DIRECTION ( 'NONE',  ( 0.000000000000000000, 0.000000000000000000, -1.000000000000000000 ) ) ;
#1658 = CARTESIAN_POINT ( 'NONE',  ( 94.79999999999998295, 301.0000000000001137, -3.827021247335478803E-16 ) ) ;
#1659 = EDGE_CURVE ( 'NONE', #315, #2040, #30, .T. ) ;
#1660 = LINE ( 'NONE', #1484, #2276 ) ;
#1661 = EDGE_CURVE ( 'NONE', #897, #892, #583, .T. ) ;
#1662 = EDGE_LOOP ( 'NONE', ( #358, #1994 ) ) ;
#1663 = FACE_OUTER_BOUND ( 'NONE', #1086, .T. ) ;
#1664 = CARTESIAN_POINT ( 'NONE',  ( 19.00000000000615685, 43.00000000000000000, -28.99999999999999645 ) ) ;
#1665 = CARTESIAN_POINT ( 'NONE',  ( 41.99999999999999289, 650.0000000000000000, -31.00000000000000000 ) ) ;
#1666 = ORIENTED_EDGE ( 'NONE', *, *, #4, .T. ) ;
#1667 = VECTOR ( 'NONE', #1192, 1000.000000000000000 ) ;
#1668 = ORIENTED_EDGE ( 'NONE', *, *, #788, .F. ) ;
#1669 = CARTESIAN_POINT ( 'NONE',  ( 97.99999999999995737, 137.5000000000000568, -2.000000000000000000 ) ) ;
#1670 = CIRCLE ( 'NONE', #1300, 4.000000000000003553 ) ;
#1671 = FACE_BOUND ( 'NONE', #1102, .T. ) ;
#1672 = CARTESIAN_POINT ( 'NONE',  ( 61.19999999999998863, 660.5000000000001137, -2.000000000000000000 ) ) ;
#1673 = CIRCLE ( 'NONE', #1553, 1.000000000000000888 ) ;
#1674 = AXIS2_PLACEMENT_3D ( 'NONE', #1669, #210, #1656 ) ;
#1675 = DIRECTION ( 'NONE',  ( -2.071311613106636385E-17, -1.000000000000000000, 1.891133095431300595E-33 ) ) ;
#1676 = VECTOR ( 'NONE', #2199, 1000.000000000000000 ) ;
#1677 = AXIS2_PLACEMENT_3D ( 'NONE', #1791, #1657, #143 ) ;
#1678 = DIRECTION ( 'NONE',  ( -0.000000000000000000, -0.000000000000000000, 1.000000000000000000 ) ) ;
#1679 = ADVANCED_FACE ( 'NONE', ( #1712 ), #81, .F. ) ;
#1680 = CYLINDRICAL_SURFACE ( 'NONE', #995, 1.000000000000000888 ) ;
#1681 = CIRCLE ( 'NONE', #879, 1.000000000000000888 ) ;
#1682 = AXIS2_PLACEMENT_3D ( 'NONE', #496, #1419, #334 ) ;
#1683 = CARTESIAN_POINT ( 'NONE',  ( 37.99999999999999289, -8.285246452426255881E-17, -3.999999999999989786 ) ) ;
#1684 = CYLINDRICAL_SURFACE ( 'NONE', #1713, 3.499999999999996003 ) ;
#1685 = EDGE_LOOP ( 'NONE', ( #429, #1742 ) ) ;
#1686 = ORIENTED_EDGE ( 'NONE', *, *, #668, .F. ) ;
#1687 = DIRECTION ( 'NONE',  ( 1.000000000000000000, 0.000000000000000000, 0.000000000000000000 ) ) ;
#1688 = CYLINDRICAL_SURFACE ( 'NONE', #818, 3.199999999999994404 ) ;
#1689 = CARTESIAN_POINT ( 'NONE',  ( 39.99999999999990052, 0.000000000000000000, -27.00000000000001066 ) ) ;
#1690 = LINE ( 'NONE', #1359, #157 ) ;
#1691 = DIRECTION ( 'NONE',  ( -1.000000000000000000, 0.000000000000000000, 0.000000000000000000 ) ) ;
#1692 = PLANE ( 'NONE',  #2239 ) ;
#1693 = EDGE_CURVE ( 'NONE', #1614, #2128, #1150, .T. ) ;
#1694 = ORIENTED_EDGE ( 'NONE', *, *, #362, .T. ) ;
#1695 = ORIENTED_EDGE ( 'NONE', *, *, #449, .T. ) ;
#1696 = CARTESIAN_POINT ( 'NONE',  ( 61.19999999999997442, 39.50000000000009237, 0.000000000000000000 ) ) ;
#1697 = FACE_OUTER_BOUND ( 'NONE', #1922, .T. ) ;
#1698 = DIRECTION ( 'NONE',  ( 0.000000000000000000, 1.000000000000000000, 0.000000000000000000 ) ) ;
#1699 = DIRECTION ( 'NONE',  ( 0.000000000000000000, 0.000000000000000000, -1.000000000000000000 ) ) ;
#1700 = DIRECTION ( 'NONE',  ( -0.000000000000000000, -0.000000000000000000, 1.000000000000000000 ) ) ;
#1701 = FACE_OUTER_BOUND ( 'NONE', #29, .T. ) ;
#1702 = DIRECTION ( 'NONE',  ( 1.000000000000000000, 0.000000000000000000, 0.000000000000000000 ) ) ;
#1703 = ORIENTED_EDGE ( 'NONE', *, *, #236, .F. ) ;
#1704 = ADVANCED_FACE ( 'NONE', ( #1868 ), #103, .F. ) ;
#1705 = ORIENTED_EDGE ( 'NONE', *, *, #1802, .T. ) ;
#1706 = EDGE_CURVE ( 'NONE', #1438, #170, #1690, .T. ) ;
#1707 = DIRECTION ( 'NONE',  ( 0.000000000000000000, 0.000000000000000000, -1.000000000000000000 ) ) ;
#1708 = CARTESIAN_POINT ( 'NONE',  ( 61.19999999999998863, 562.5000000000001137, -2.000000000000000000 ) ) ;
#1709 = CIRCLE ( 'NONE', #2115, 3.199999999999994404 ) ;
#1710 = VECTOR ( 'NONE', #1318, 1000.000000000000000 ) ;
#1711 = AXIS2_PLACEMENT_3D ( 'NONE', #360, #231, #23 ) ;
#1712 = FACE_OUTER_BOUND ( 'NONE', #681, .T. ) ;
#1713 = AXIS2_PLACEMENT_3D ( 'NONE', #61, #2225, #1506 ) ;
#1714 = DIRECTION ( 'NONE',  ( -0.000000000000000000, -0.000000000000000000, 1.000000000000000000 ) ) ;
#1715 = EDGE_LOOP ( 'NONE', ( #823, #1549 ) ) ;
#1716 = VECTOR ( 'NONE', #131, 1000.000000000000000 ) ;
#1717 = CARTESIAN_POINT ( 'NONE',  ( 84.99999999999992895, 670.0000000000000000, 0.000000000000000000 ) ) ;
#1718 = VERTEX_POINT ( 'NONE', #2062 ) ;
#1719 = EDGE_CURVE ( 'NONE', #744, #2289, #1556, .T. ) ;
#1720 = FACE_OUTER_BOUND ( 'NONE', #248, .T. ) ;
#1721 = CARTESIAN_POINT ( 'NONE',  ( 57.99999999999997868, 399.0000000000000568, -2.000000000000000000 ) ) ;
#1722 = DIRECTION ( 'NONE',  ( 0.000000000000000000, -1.000000000000000000, 0.000000000000000000 ) ) ;
#1723 = LINE ( 'NONE', #458, #1741 ) ;
#1724 = ORIENTED_EDGE ( 'NONE', *, *, #755, .T. ) ;
#1725 = DIRECTION ( 'NONE',  ( -9.130123557772667102E-17, 0.000000000000000000, -1.000000000000000000 ) ) ;
#1726 = ORIENTED_EDGE ( 'NONE', *, *, #2056, .T. ) ;
#1727 = PLANE ( 'NONE',  #397 ) ;
#1728 = EDGE_CURVE ( 'NONE', #170, #556, #2208, .T. ) ;
#1729 = DIRECTION ( 'NONE',  ( -0.000000000000000000, -0.000000000000000000, 1.000000000000000000 ) ) ;
#1730 = EDGE_CURVE ( 'NONE', #1547, #2333, #94, .T. ) ;
#1731 = ORIENTED_EDGE ( 'NONE', *, *, #817, .F. ) ;
#1732 = EDGE_CURVE ( 'NONE', #2001, #420, #983, .T. ) ;
#1733 = FACE_BOUND ( 'NONE', #1320, .T. ) ;
#1734 = ORIENTED_EDGE ( 'NONE', *, *, #1507, .T. ) ;
#1735 = DIRECTION ( 'NONE',  ( -1.000000000000000000, 0.000000000000000000, 0.000000000000000000 ) ) ;
#1736 = ORIENTED_EDGE ( 'NONE', *, *, #907, .T. ) ;
#1737 = DIRECTION ( 'NONE',  ( -0.000000000000000000, -0.000000000000000000, 1.000000000000000000 ) ) ;
#1738 = CARTESIAN_POINT ( 'NONE',  ( 22.50000000000000000, 625.0000000000000000, -28.99999999999999645 ) ) ;
#1739 = AXIS2_PLACEMENT_3D ( 'NONE', #1581, #1471, #702 ) ;
#1740 = DIRECTION ( 'NONE',  ( -0.000000000000000000, -0.000000000000000000, 1.000000000000000000 ) ) ;
#1741 = VECTOR ( 'NONE', #82, 1000.000000000000000 ) ;
#1742 = ORIENTED_EDGE ( 'NONE', *, *, #612, .F. ) ;
#1743 = DIRECTION ( 'NONE',  ( 0.000000000000000000, 0.000000000000000000, -1.000000000000000000 ) ) ;
#1744 = AXIS2_PLACEMENT_3D ( 'NONE', #2328, #1577, #1204 ) ;
#1745 = ORIENTED_EDGE ( 'NONE', *, *, #1631, .F. ) ;
#1746 = VECTOR ( 'NONE', #1410, 1000.000000000000000 ) ;
#1747 = VECTOR ( 'NONE', #1414, 1000.000000000000000 ) ;
#1748 = SURFACE_STYLE_USAGE ( .BOTH. , #1061 ) ;
#1749 = ORIENTED_EDGE ( 'NONE', *, *, #342, .T. ) ;
#1750 = CIRCLE ( 'NONE', #1531, 4.000000000000001776 ) ;
#1751 = CARTESIAN_POINT ( 'NONE',  ( 41.99999999999999289, 670.0000000000000000, -2.000000000000008882 ) ) ;
#1752 = DIRECTION ( 'NONE',  ( -0.000000000000000000, -0.000000000000000000, 1.000000000000000000 ) ) ;
#1753 = ORIENTED_EDGE ( 'NONE', *, *, #1171, .F. ) ;
#1754 = CARTESIAN_POINT ( 'NONE',  ( 118.0000000000000000, 1.000000000000000000, -2.000000000000000000 ) ) ;
#1755 = DIRECTION ( 'NONE',  ( 0.000000000000000000, 0.000000000000000000, -1.000000000000000000 ) ) ;
#1756 = ADVANCED_FACE ( 'NONE', ( #1544 ), #2076, .F. ) ;
#1757 = ORIENTED_EDGE ( 'NONE', *, *, #1425, .F. ) ;
#1758 = EDGE_CURVE ( 'NONE', #1205, #1140, #1784, .T. ) ;
#1759 = CARTESIAN_POINT ( 'NONE',  ( 117.0000000000000000, 0.000000000000000000, 0.000000000000000000 ) ) ;
#1760 = ORIENTED_EDGE ( 'NONE', *, *, #1788, .F. ) ;
#1761 = CARTESIAN_POINT ( 'NONE',  ( 57.99999999999998579, 660.5000000000001137, 0.000000000000000000 ) ) ;
#1762 = FACE_OUTER_BOUND ( 'NONE', #2178, .T. ) ;
#1763 = ORIENTED_EDGE ( 'NONE', *, *, #254, .F. ) ;
#1764 = LINE ( 'NONE', #1399, #1449 ) ;
#1765 = DIRECTION ( 'NONE',  ( 0.000000000000000000, 0.000000000000000000, -1.000000000000000000 ) ) ;
#1766 = VERTEX_POINT ( 'NONE', #1525 ) ;
#1767 = CARTESIAN_POINT ( 'NONE',  ( 54.79999999999999005, 660.5000000000001137, 0.000000000000000000 ) ) ;
#1768 = ORIENTED_EDGE ( 'NONE', *, *, #410, .T. ) ;
#1769 = EDGE_CURVE ( 'NONE', #2263, #1901, #1491, .T. ) ;
#1770 = DIRECTION ( 'NONE',  ( -9.760171490198437539E-17, 0.000000000000000000, -1.000000000000000000 ) ) ;
#1771 = FACE_OUTER_BOUND ( 'NONE', #1646, .T. ) ;
#1772 = ORIENTED_EDGE ( 'NONE', *, *, #151, .T. ) ;
#1773 = CARTESIAN_POINT ( 'NONE',  ( 97.99999999999997158, 399.0000000000000568, 0.000000000000000000 ) ) ;
#1774 = DIRECTION ( 'NONE',  ( 1.000000000000000000, 0.000000000000000000, 0.000000000000000000 ) ) ;
#1775 = AXIS2_PLACEMENT_3D ( 'NONE', #1160, #455, #766 ) ;
#1776 = ORIENTED_EDGE ( 'NONE', *, *, #240, .T. ) ;
#1777 = AXIS2_PLACEMENT_3D ( 'NONE', #898, #355, #493 ) ;
#1778 = VECTOR ( 'NONE', #239, 1000.000000000000000 ) ;
#1779 = CARTESIAN_POINT ( 'NONE',  ( 54.79999999999997584, 137.5000000000000568, -3.827021247335478803E-16 ) ) ;
#1780 = EDGE_LOOP ( 'NONE', ( #884, #843, #1476, #541 ) ) ;
#1781 = VECTOR ( 'NONE', #388, 1000.000000000000000 ) ;
#1782 = CIRCLE ( 'NONE', #1634, 3.199999999999994404 ) ;
#1783 = ORIENTED_EDGE ( 'NONE', *, *, #1488, .F. ) ;
#1784 = CIRCLE ( 'NONE', #1260, 3.199999999999994404 ) ;
#1785 = ADVANCED_FACE ( 'NONE', ( #1181 ), #1537, .F. ) ;
#1786 = CIRCLE ( 'NONE', #848, 3.199999999999994404 ) ;
#1787 = DIRECTION ( 'NONE',  ( -0.000000000000000000, -0.000000000000000000, -1.000000000000000000 ) ) ;
#1788 = EDGE_CURVE ( 'NONE', #443, #2333, #1681, .T. ) ;
#1789 = DIRECTION ( 'NONE',  ( 1.000000000000000000, 0.000000000000000000, 0.000000000000000000 ) ) ;
#1790 = ORIENTED_EDGE ( 'NONE', *, *, #1149, .T. ) ;
#1791 = CARTESIAN_POINT ( 'NONE',  ( 57.99999999999997868, 137.5000000000000568, -2.000000000000000000 ) ) ;
#1792 = DIRECTION ( 'NONE',  ( 1.000000000000000000, 0.000000000000000000, 0.000000000000000000 ) ) ;
#1793 = ORIENTED_EDGE ( 'NONE', *, *, #2198, .F. ) ;
#1794 = CARTESIAN_POINT ( 'NONE',  ( 54.79999999999997584, 137.5000000000000568, -2.000000000000000000 ) ) ;
#1795 = ORIENTED_EDGE ( 'NONE', *, *, #204, .F. ) ;
#1796 = ORIENTED_EDGE ( 'NONE', *, *, #1442, .T. ) ;
#1797 = CARTESIAN_POINT ( 'NONE',  ( 22.50000000000403588, 237.0000000000000568, -30.99999999999999289 ) ) ;
#1798 = LINE ( 'NONE', #1247, #619 ) ;
#1799 = DIRECTION ( 'NONE',  ( -0.000000000000000000, 0.000000000000000000, 1.000000000000000000 ) ) ;
#1800 = EDGE_CURVE ( 'NONE', #2342, #710, #780, .T. ) ;
#1801 = ORIENTED_EDGE ( 'NONE', *, *, #723, .F. ) ;
#1802 = EDGE_CURVE ( 'NONE', #218, #1901, #1886, .T. ) ;
#1803 = CARTESIAN_POINT ( 'NONE',  ( 4.347827804580709276E-15, 650.0000000000000000, -28.99999999999999645 ) ) ;
#1804 = EDGE_CURVE ( 'NONE', #288, #760, #1909, .T. ) ;
#1805 = ORIENTED_EDGE ( 'NONE', *, *, #1627, .F. ) ;
#1806 = CARTESIAN_POINT ( 'NONE',  ( 22.50000000000403233, 237.0000000000000568, -28.99999999999999645 ) ) ;
#1807 = ORIENTED_EDGE ( 'NONE', *, *, #1129, .F. ) ;
#1808 = DIRECTION ( 'NONE',  ( 0.000000000000000000, 0.000000000000000000, -1.000000000000000000 ) ) ;
#1809 = EDGE_LOOP ( 'NONE', ( #1801, #21 ) ) ;
#1810 = VERTEX_POINT ( 'NONE', #2258 ) ;
#1811 = DIRECTION ( 'NONE',  ( -0.000000000000000000, -0.000000000000000000, 1.000000000000000000 ) ) ;
#1812 = CARTESIAN_POINT ( 'NONE',  ( 41.99999999999999289, 16.99999999999999645, -31.00100000000000122 ) ) ;
#1813 = CARTESIAN_POINT ( 'NONE',  ( 54.79999999999998295, 301.0000000000001137, -3.827021247335478803E-16 ) ) ;
#1814 = ORIENTED_EDGE ( 'NONE', *, *, #893, .T. ) ;
#1815 = CARTESIAN_POINT ( 'NONE',  ( 42.49999999999999289, 651.8660254037844197, 0.000000000000000000 ) ) ;
#1816 = ADVANCED_FACE ( 'NONE', ( #645 ), #1367, .F. ) ;
#1817 = ORIENTED_EDGE ( 'NONE', *, *, #240, .F. ) ;
#1818 = DIRECTION ( 'NONE',  ( 1.000000000000000000, -0.000000000000000000, -0.000000000000000000 ) ) ;
#1819 = VERTEX_POINT ( 'NONE', #1421 ) ;
#1820 = CIRCLE ( 'NONE', #808, 3.200000000000001510 ) ;
#1821 = VECTOR ( 'NONE', #1838, 1000.000000000000000 ) ;
#1822 = VERTEX_POINT ( 'NONE', #141 ) ;
#1823 = VECTOR ( 'NONE', #577, 1000.000000000000000 ) ;
#1824 = DIRECTION ( 'NONE',  ( 8.260587980841930151E-17, -1.000000000000000000, -0.000000000000000000 ) ) ;
#1825 = CIRCLE ( 'NONE', #816, 3.199999999999994404 ) ;
#1826 = DIRECTION ( 'NONE',  ( -1.000000000000000000, -0.000000000000000000, -0.000000000000000000 ) ) ;
#1827 = CARTESIAN_POINT ( 'NONE',  ( 40.00000000000000711, 0.000000000000000000, -1.363851560423144749E-13 ) ) ;
#1828 = AXIS2_PLACEMENT_3D ( 'NONE', #1566, #703, #688 ) ;
#1829 = ORIENTED_EDGE ( 'NONE', *, *, #1543, .T. ) ;
#1830 = DIRECTION ( 'NONE',  ( -9.130123557772667102E-17, -0.000000000000000000, -1.000000000000000000 ) ) ;
#1831 = ORIENTED_EDGE ( 'NONE', *, *, #2228, .F. ) ;
#1832 = CARTESIAN_POINT ( 'NONE',  ( 35.99999999999990052, 650.0000000000000000, -26.99999999999999645 ) ) ;
#1833 = CARTESIAN_POINT ( 'NONE',  ( 41.99999999999999289, 18.00000000000001421, -4.000000000000010658 ) ) ;
#1834 = EDGE_CURVE ( 'NONE', #897, #2351, #1111, .T. ) ;
#1835 = EDGE_CURVE ( 'NONE', #1230, #2096, #660, .T. ) ;
#1836 = ORIENTED_EDGE ( 'NONE', *, *, #1659, .F. ) ;
#1837 = SURFACE_STYLE_USAGE ( .BOTH. , #1616 ) ;
#1838 = DIRECTION ( 'NONE',  ( -0.000000000000000000, -0.000000000000000000, 1.000000000000000000 ) ) ;
#1839 = CARTESIAN_POINT ( 'NONE',  ( 43.00000000000000000, 651.0000000000000000, -2.000000000000001776 ) ) ;
#1840 = DIRECTION ( 'NONE',  ( -0.000000000000000000, -0.000000000000000000, 1.000000000000000000 ) ) ;
#1841 = DIRECTION ( 'NONE',  ( 9.760171490198437539E-17, 8.062475530288927975E-33, 1.000000000000000000 ) ) ;
#1842 = ORIENTED_EDGE ( 'NONE', *, *, #958, .F. ) ;
#1843 = DIRECTION ( 'NONE',  ( 0.000000000000000000, 0.000000000000000000, 1.000000000000000000 ) ) ;
#1844 = CARTESIAN_POINT ( 'NONE',  ( 43.00000000000000000, 0.000000000000000000, -2.000000000000008882 ) ) ;
#1845 = DIRECTION ( 'NONE',  ( 1.000000000000000000, 0.000000000000000000, 0.000000000000000000 ) ) ;
#1846 = VERTEX_POINT ( 'NONE', #661 ) ;
#1847 = EDGE_LOOP ( 'NONE', ( #900, #333, #1332, #611 ) ) ;
#1848 = CARTESIAN_POINT ( 'NONE',  ( 0.9999999999998959721, 18.99999999999999645, -30.99999999999999289 ) ) ;
#1849 = ADVANCED_FACE ( 'NONE', ( #132 ), #1552, .T. ) ;
#1850 = CARTESIAN_POINT ( 'NONE',  ( 43.00000000000000000, 670.0000000000000000, -25.00000000000000711 ) ) ;
#1851 = FACE_OUTER_BOUND ( 'NONE', #1418, .T. ) ;
#1852 = PLANE ( 'NONE',  #2237 ) ;
#1853 = CARTESIAN_POINT ( 'NONE',  ( 42.49999999999999289, 16.13397459621556251, 0.000000000000000000 ) ) ;
#1854 = DIRECTION ( 'NONE',  ( 1.000000000000000000, 0.000000000000000000, 0.000000000000000000 ) ) ;
#1855 = CARTESIAN_POINT ( 'NONE',  ( 54.79999999999997584, 39.50000000000009237, -3.827021247335478803E-16 ) ) ;
#1856 = CARTESIAN_POINT ( 'NONE',  ( 54.79999999999999005, 562.5000000000001137, 0.000000000000000000 ) ) ;
#1857 = ORIENTED_EDGE ( 'NONE', *, *, #1066, .T. ) ;
#1858 = ORIENTED_EDGE ( 'NONE', *, *, #1256, .F. ) ;
#1859 = CARTESIAN_POINT ( 'NONE',  ( 41.99999999999999289, 0.000000000000000000, -31.00000000000000000 ) ) ;
#1860 = AXIS2_PLACEMENT_3D ( 'NONE', #526, #1743, #491 ) ;
#1861 = AXIS2_PLACEMENT_3D ( 'NONE', #424, #806, #1523 ) ;
#1862 = DIRECTION ( 'NONE',  ( 0.000000000000000000, 0.000000000000000000, -1.000000000000000000 ) ) ;
#1863 = EDGE_CURVE ( 'NONE', #2073, #73, #627, .T. ) ;
#1864 = VECTOR ( 'NONE', #271, 1000.000000000000000 ) ;
#1865 = CIRCLE ( 'NONE', #91, 1.000000000000000888 ) ;
#1866 = ADVANCED_FACE ( 'NONE', ( #1771, #2297, #878, #1397, #1036 ), #692, .F. ) ;
#1867 = DIRECTION ( 'NONE',  ( -0.000000000000000000, -0.000000000000000000, 1.000000000000000000 ) ) ;
#1868 = FACE_OUTER_BOUND ( 'NONE', #2285, .T. ) ;
#1869 = AXIS2_PLACEMENT_3D ( 'NONE', #1542, #1144, #1893 ) ;
#1870 = CYLINDRICAL_SURFACE ( 'NONE', #621, 3.499999999999992895 ) ;
#1871 = ORIENTED_EDGE ( 'NONE', *, *, #1021, .T. ) ;
#1872 = ORIENTED_EDGE ( 'NONE', *, *, #2078, .F. ) ;
#1873 = LINE ( 'NONE', #1696, #426 ) ;
#1874 = CARTESIAN_POINT ( 'NONE',  ( 94.79999999999998295, 399.0000000000000568, -2.000000000000000000 ) ) ;
#1875 = ORIENTED_EDGE ( 'NONE', *, *, #772, .F. ) ;
#1876 = DIRECTION ( 'NONE',  ( -0.000000000000000000, -0.000000000000000000, 1.000000000000000000 ) ) ;
#1877 = EDGE_CURVE ( 'NONE', #537, #1118, #836, .T. ) ;
#1878 = CYLINDRICAL_SURFACE ( 'NONE', #1860, 1.000000000000000888 ) ;
#1879 = FACE_OUTER_BOUND ( 'NONE', #2298, .T. ) ;
#1880 = EDGE_CURVE ( 'NONE', #834, #1642, #967, .T. ) ;
#1881 = ORIENTED_EDGE ( 'NONE', *, *, #2167, .F. ) ;
#1882 = ORIENTED_EDGE ( 'NONE', *, *, #653, .T. ) ;
#1883 = LINE ( 'NONE', #1222, #1667 ) ;
#1884 = CYLINDRICAL_SURFACE ( 'NONE', #208, 2.000000000000001776 ) ;
#1885 = PLANE ( 'NONE',  #2053 ) ;
#1886 = LINE ( 'NONE', #797, #2058 ) ;
#1887 = CYLINDRICAL_SURFACE ( 'NONE', #1337, 3.200000000000001510 ) ;
#1888 = ORIENTED_EDGE ( 'NONE', *, *, #1307, .F. ) ;
#1889 = DIRECTION ( 'NONE',  ( 2.775557561562888984E-15, 1.000000000000000000, 0.000000000000000000 ) ) ;
#1890 = ORIENTED_EDGE ( 'NONE', *, *, #329, .T. ) ;
#1891 = LINE ( 'NONE', #1850, #872 ) ;
#1892 = FACE_BOUND ( 'NONE', #1284, .T. ) ;
#1893 = DIRECTION ( 'NONE',  ( 2.775557561562888984E-15, 1.000000000000000000, 0.000000000000000000 ) ) ;
#1894 = CIRCLE ( 'NONE', #1739, 3.199999999999994404 ) ;
#1895 = VECTOR ( 'NONE', #32, 1000.000000000000000 ) ;
#1896 = AXIS2_PLACEMENT_3D ( 'NONE', #2171, #1811, #2015 ) ;
#1897 = CARTESIAN_POINT ( 'NONE',  ( 41.99999999999999289, 650.0000000000000000, -31.00000000000000000 ) ) ;
#1898 = VECTOR ( 'NONE', #1391, 1000.000000000000000 ) ;
#1899 = AXIS2_PLACEMENT_3D ( 'NONE', #821, #1329, #2265 ) ;
#1900 = FACE_BOUND ( 'NONE', #307, .T. ) ;
#1901 = VERTEX_POINT ( 'NONE', #523 ) ;
#1902 = FACE_OUTER_BOUND ( 'NONE', #1580, .T. ) ;
#1903 = EDGE_LOOP ( 'NONE', ( #1970, #64, #799, #2197 ) ) ;
#1904 = EDGE_CURVE ( 'NONE', #2180, #718, #1936, .T. ) ;
#1905 = ADVANCED_FACE ( 'NONE', ( #1762 ), #1574, .F. ) ;
#1906 = DIRECTION ( 'NONE',  ( -1.000000000000000000, 0.000000000000000000, 0.000000000000000000 ) ) ;
#1907 = CARTESIAN_POINT ( 'NONE',  ( 43.00000000000000000, 652.7320508075689531, -2.000000000000001776 ) ) ;
#1908 = EDGE_CURVE ( 'NONE', #2128, #2174, #2098, .T. ) ;
#1909 = LINE ( 'NONE', #1897, #1864 ) ;
#1910 = ORIENTED_EDGE ( 'NONE', *, *, #975, .F. ) ;
#1911 = FACE_BOUND ( 'NONE', #1986, .T. ) ;
#1912 = VERTEX_POINT ( 'NONE', #1567 ) ;
#1913 = DIRECTION ( 'NONE',  ( 0.000000000000000000, -1.000000000000000000, 0.000000000000000000 ) ) ;
#1914 = ORIENTED_EDGE ( 'NONE', *, *, #1117, .F. ) ;
#1915 = CARTESIAN_POINT ( 'NONE',  ( 118.0000000000000000, 694.0000000000001137, -2.000000000000000000 ) ) ;
#1916 = ADVANCED_FACE ( 'NONE', ( #345 ), #501, .F. ) ;
#1917 = DIRECTION ( 'NONE',  ( 0.000000000000000000, -0.000000000000000000, 1.000000000000000000 ) ) ;
#1918 = VERTEX_POINT ( 'NONE', #1209 ) ;
#1919 = FACE_OUTER_BOUND ( 'NONE', #1780, .T. ) ;
#1920 = ORIENTED_EDGE ( 'NONE', *, *, #1557, .T. ) ;
#1921 = CARTESIAN_POINT ( 'NONE',  ( 97.99999999999997158, 301.0000000000001137, -2.000000000000000000 ) ) ;
#1922 = EDGE_LOOP ( 'NONE', ( #46, #570, #987, #1371 ) ) ;
#1923 = DIRECTION ( 'NONE',  ( -1.000000000000000000, 0.000000000000000000, 0.000000000000000000 ) ) ;
#1924 = EDGE_CURVE ( 'NONE', #1600, #1355, #1448, .T. ) ;
#1925 = AXIS2_PLACEMENT_3D ( 'NONE', #1121, #1840, #943 ) ;
#1926 = DIRECTION ( 'NONE',  ( -1.000000000000000000, 0.000000000000000000, 0.000000000000000000 ) ) ;
#1927 = VECTOR ( 'NONE', #1155, 1000.000000000000000 ) ;
#1928 = EDGE_CURVE ( 'NONE', #1077, #1043, #924, .T. ) ;
#1929 = ORIENTED_EDGE ( 'NONE', *, *, #289, .T. ) ;
#1930 = AXIS2_PLACEMENT_3D ( 'NONE', #416, #1162, #1137 ) ;
#1931 = DIRECTION ( 'NONE',  ( -1.000000000000000000, 0.000000000000000000, 0.000000000000000000 ) ) ;
#1932 = CARTESIAN_POINT ( 'NONE',  ( 84.99999999999998579, 694.0000000000001137, -2.000000000000000000 ) ) ;
#1933 = AXIS2_PLACEMENT_3D ( 'NONE', #895, #851, #1610 ) ;
#1934 = AXIS2_PLACEMENT_3D ( 'NONE', #465, #1193, #1906 ) ;
#1935 = ORIENTED_EDGE ( 'NONE', *, *, #1693, .T. ) ;
#1936 = CIRCLE ( 'NONE', #121, 3.499999999999989342 ) ;
#1937 = DIRECTION ( 'NONE',  ( -1.000000000000000000, 0.000000000000000000, 0.000000000000000000 ) ) ;
#1938 = ORIENTED_EDGE ( 'NONE', *, *, #476, .F. ) ;
#1939 = AXIS2_PLACEMENT_3D ( 'NONE', #193, #918, #14 ) ;
#1940 = DIRECTION ( 'NONE',  ( 1.000000000000000000, 0.000000000000000000, 0.000000000000000000 ) ) ;
#1941 = LINE ( 'NONE', #2132, #694 ) ;
#1942 = ORIENTED_EDGE ( 'NONE', *, *, #1413, .T. ) ;
#1943 = PLANE ( 'NONE',  #1261 ) ;
#1944 = DIRECTION ( 'NONE',  ( -1.000000000000000000, 0.000000000000000000, 0.000000000000000000 ) ) ;
#1945 = EDGE_CURVE ( 'NONE', #1912, #15, #1941, .T. ) ;
#1946 = ORIENTED_EDGE ( 'NONE', *, *, #709, .F. ) ;
#1947 = CARTESIAN_POINT ( 'NONE',  ( 41.99999999999999289, 651.0000000000000000, 0.000000000000000000 ) ) ;
#1948 = VERTEX_POINT ( 'NONE', #1235 ) ;
#1949 = EDGE_CURVE ( 'NONE', #2189, #142, #2318, .T. ) ;
#1950 = DIRECTION ( 'NONE',  ( 1.000000000000000000, 0.000000000000000000, 0.000000000000000000 ) ) ;
#1951 = CYLINDRICAL_SURFACE ( 'NONE', #1682, 3.200000000000001510 ) ;
#1952 = CARTESIAN_POINT ( 'NONE',  ( 41.99999999999999289, 16.99999999999999645, 0.000000000000000000 ) ) ;
#1953 = ORIENTED_EDGE ( 'NONE', *, *, #299, .T. ) ;
#1954 = DIRECTION ( 'NONE',  ( -1.000000000000000000, 0.000000000000000000, 3.589083053745117718E-15 ) ) ;
#1955 = LINE ( 'NONE', #1588, #1898 ) ;
#1956 = VERTEX_POINT ( 'NONE', #568 ) ;
#1957 = CARTESIAN_POINT ( 'NONE',  ( 94.79999999999996874, 39.50000000000009237, 0.000000000000000000 ) ) ;
#1958 = EDGE_CURVE ( 'NONE', #288, #443, #1306, .T. ) ;
#1959 = EDGE_LOOP ( 'NONE', ( #781, #2082, #1935, #356 ) ) ;
#1960 = CARTESIAN_POINT ( 'NONE',  ( 37.99999999999999289, 650.0000000000000000, -3.999999999999989786 ) ) ;
#1961 = CARTESIAN_POINT ( 'NONE',  ( 41.99999999999999289, 652.7320508075689531, -31.00000000000000000 ) ) ;
#1962 = EDGE_LOOP ( 'NONE', ( #979, #555, #1426, #246 ) ) ;
#1963 = VECTOR ( 'NONE', #232, 1000.000000000000000 ) ;
#1964 = CARTESIAN_POINT ( 'NONE',  ( 41.99999999999999289, 650.0000000000000000, -4.000000000000010658 ) ) ;
#1965 = DIRECTION ( 'NONE',  ( 0.000000000000000000, -1.000000000000000000, 0.000000000000000000 ) ) ;
#1966 = VECTOR ( 'NONE', #870, 1000.000000000000000 ) ;
#1967 = EDGE_LOOP ( 'NONE', ( #145, #1389 ) ) ;
#1968 = AXIS2_PLACEMENT_3D ( 'NONE', #807, #618, #469 ) ;
#1969 =( LENGTH_UNIT ( ) NAMED_UNIT ( * ) SI_UNIT ( .MILLI., .METRE. ) );
#1970 = ORIENTED_EDGE ( 'NONE', *, *, #62, .F. ) ;
#1971 = AXIS2_PLACEMENT_3D ( 'NONE', #78, #481, #942 ) ;
#1972 = EDGE_CURVE ( 'NONE', #1346, #432, #1302, .T. ) ;
#1973 = ORIENTED_EDGE ( 'NONE', *, *, #928, .F. ) ;
#1974 = AXIS2_PLACEMENT_3D ( 'NONE', #1071, #1202, #680 ) ;
#1975 = SURFACE_STYLE_FILL_AREA ( #888 ) ;
#1976 = EDGE_CURVE ( 'NONE', #2108, #602, #1619, .T. ) ;
#1977 = FACE_OUTER_BOUND ( 'NONE', #544, .T. ) ;
#1978 = ADVANCED_FACE ( 'NONE', ( #2156 ), #402, .F. ) ;
#1979 = CARTESIAN_POINT ( 'NONE',  ( 0.000000000000000000, 0.000000000000000000, -2.000000000000000000 ) ) ;
#1980 = CARTESIAN_POINT ( 'NONE',  ( 22.50000000000000000, 625.0000000000000000, -30.99999999999999289 ) ) ;
#1981 = ADVANCED_FACE ( 'NONE', ( #717 ), #385, .F. ) ;
#1982 = EDGE_LOOP ( 'NONE', ( #148, #1881, #1753, #176 ) ) ;
#1983 = CYLINDRICAL_SURFACE ( 'NONE', #1258, 1.000000000000000888 ) ;
#1984 = VERTEX_POINT ( 'NONE', #2336 ) ;
#1985 = FILL_AREA_STYLE_COLOUR ( '', #810 ) ;
#1986 = EDGE_LOOP ( 'NONE', ( #1763, #950 ) ) ;
#1987 = DIRECTION ( 'NONE',  ( -0.000000000000000000, -0.000000000000000000, 1.000000000000000000 ) ) ;
#1988 = UNCERTAINTY_MEASURE_WITH_UNIT (LENGTH_MEASURE( 1.000000000000000082E-05 ), #2334, 'distance_accuracy_value', 'NONE');
#1989 = ORIENTED_EDGE ( 'NONE', *, *, #862, .T. ) ;
#1990 = DIRECTION ( 'NONE',  ( -9.130123557772667102E-17, -0.000000000000000000, -1.000000000000000000 ) ) ;
#1991 = CARTESIAN_POINT ( 'NONE',  ( 57.99999999999997868, 399.0000000000000568, 0.000000000000000000 ) ) ;
#1992 = DIRECTION ( 'NONE',  ( -1.000000000000000000, 0.000000000000000000, 3.589083053745117718E-15 ) ) ;
#1993 = EDGE_CURVE ( 'NONE', #1037, #1077, #1660, .T. ) ;
#1994 = ORIENTED_EDGE ( 'NONE', *, *, #1493, .F. ) ;
#1995 = ORIENTED_EDGE ( 'NONE', *, *, #2324, .T. ) ;
#1996 = CARTESIAN_POINT ( 'NONE',  ( 41.99999999999999289, 670.0000000000000000, -8.673617379884035472E-15 ) ) ;
#1997 = ORIENTED_EDGE ( 'NONE', *, *, #1800, .F. ) ;
#1998 = CARTESIAN_POINT ( 'NONE',  ( 0.9999999999998959721, 18.99999999999999645, -30.99999999999999289 ) ) ;
#1999 = VERTEX_POINT ( 'NONE', #1980 ) ;
#2000 = ORIENTED_EDGE ( 'NONE', *, *, #757, .F. ) ;
#2001 = VERTEX_POINT ( 'NONE', #1608 ) ;
#2002 = LINE ( 'NONE', #1297, #1152 ) ;
#2003 = CARTESIAN_POINT ( 'NONE',  ( 57.99999999999997868, 39.50000000000009237, -3.827021247335478803E-16 ) ) ;
#2004 = PLANE ( 'NONE',  #164 ) ;
#2005 = ORIENTED_EDGE ( 'NONE', *, *, #827, .T. ) ;
#2006 = CARTESIAN_POINT ( 'NONE',  ( 15.50000000000616396, 43.00000000000000000, -30.99999999999999289 ) ) ;
#2007 = EDGE_CURVE ( 'NONE', #302, #366, #39, .T. ) ;
#2008 = ORIENTED_EDGE ( 'NONE', *, *, #554, .T. ) ;
#2009 = CYLINDRICAL_SURFACE ( 'NONE', #1026, 1.000000000000000000 ) ;
#2010 = AXIS2_PLACEMENT_3D ( 'NONE', #2245, #1274, #221 ) ;
#2011 = VECTOR ( 'NONE', #418, 1000.000000000000000 ) ;
#2012 = CIRCLE ( 'NONE', #2162, 3.499999999999994227 ) ;
#2013 = ORIENTED_EDGE ( 'NONE', *, *, #2095, .T. ) ;
#2014 = CIRCLE ( 'NONE', #624, 3.200000000000001510 ) ;
#2015 = DIRECTION ( 'NONE',  ( -1.000000000000000000, 0.000000000000000000, 0.000000000000000000 ) ) ;
#2016 = VECTOR ( 'NONE', #212, 1000.000000000000000 ) ;
#2017 = LINE ( 'NONE', #1754, #814 ) ;
#2018 = DIRECTION ( 'NONE',  ( -0.000000000000000000, -0.000000000000000000, 1.000000000000000000 ) ) ;
#2019 = CARTESIAN_POINT ( 'NONE',  ( 0.000000000000000000, 670.0000000000000000, -2.000000000000000000 ) ) ;
#2020 =( GEOMETRIC_REPRESENTATION_CONTEXT ( 3 ) GLOBAL_UNCERTAINTY_ASSIGNED_CONTEXT ( ( #1988 ) ) GLOBAL_UNIT_ASSIGNED_CONTEXT ( ( #2334, #565, #763 ) ) REPRESENTATION_CONTEXT ( 'NONE', 'WORKASPACE' ) );
#2021 = ORIENTED_EDGE ( 'NONE', *, *, #1052, .T. ) ;
#2022 = ORIENTED_EDGE ( 'NONE', *, *, #707, .F. ) ;
#2023 = EDGE_CURVE ( 'NONE', #412, #2175, #1825, .T. ) ;
#2024 = FACE_OUTER_BOUND ( 'NONE', #591, .T. ) ;
#2025 = CARTESIAN_POINT ( 'NONE',  ( 94.79999999999996874, 39.50000000000009237, -3.827021247335478803E-16 ) ) ;
#2026 = EDGE_CURVE ( 'NONE', #1364, #1128, #2196, .T. ) ;
#2027 = ORIENTED_EDGE ( 'NONE', *, *, #421, .T. ) ;
#2028 = FACE_OUTER_BOUND ( 'NONE', #368, .T. ) ;
#2029 = LINE ( 'NONE', #411, #1963 ) ;
#2030 = ORIENTED_EDGE ( 'NONE', *, *, #437, .F. ) ;
#2031 = PLANE ( 'NONE',  #1594 ) ;
#2032 = CARTESIAN_POINT ( 'NONE',  ( 19.00000000000404654, 237.0000000000000568, -28.99999999999999645 ) ) ;
#2033 = CARTESIAN_POINT ( 'NONE',  ( 39.99999999999990052, 650.0000000000000000, -27.00000000000001066 ) ) ;
#2034 = DIRECTION ( 'NONE',  ( -0.000000000000000000, -0.000000000000000000, 1.000000000000000000 ) ) ;
#2035 = CARTESIAN_POINT ( 'NONE',  ( 41.99999999999999289, 669.0000000000000000, -2.000000000000008882 ) ) ;
#2036 = CARTESIAN_POINT ( 'NONE',  ( 4.347827804580709276E-15, 0.000000000000000000, -28.99999999999999645 ) ) ;
#2037 = CARTESIAN_POINT ( 'NONE',  ( 54.79999999999998295, 301.0000000000001137, -2.000000000000000000 ) ) ;
#2038 = ORIENTED_EDGE ( 'NONE', *, *, #1507, .F. ) ;
#2039 = ADVANCED_FACE ( 'NONE', ( #1107 ), #363, .F. ) ;
#2040 = VERTEX_POINT ( 'NONE', #1813 ) ;
#2041 = EDGE_CURVE ( 'NONE', #128, #1364, #1315, .T. ) ;
#2042 = DIRECTION ( 'NONE',  ( 1.000000000000000000, 0.000000000000000000, 0.000000000000000000 ) ) ;
#2043 = DIRECTION ( 'NONE',  ( -0.000000000000000000, -0.000000000000000000, 1.000000000000000000 ) ) ;
#2044 = DIRECTION ( 'NONE',  ( -1.000000000000000000, 0.000000000000000000, 0.000000000000000000 ) ) ;
#2045 = FACE_OUTER_BOUND ( 'NONE', #1422, .T. ) ;
#2046 = CARTESIAN_POINT ( 'NONE',  ( 19.00000000000000355, 625.0000000000000000, -28.99999999999999645 ) ) ;
#2047 = DIRECTION ( 'NONE',  ( 0.000000000000000000, 1.000000000000000000, 0.000000000000000000 ) ) ;
#2048 = DIRECTION ( 'NONE',  ( 8.260587980841930151E-17, -1.000000000000000000, -0.000000000000000000 ) ) ;
#2049 = ORIENTED_EDGE ( 'NONE', *, *, #1545, .T. ) ;
#2050 = CIRCLE ( 'NONE', #152, 3.199999999999994404 ) ;
#2051 = EDGE_LOOP ( 'NONE', ( #636, #724, #2005, #1444 ) ) ;
#2052 = MECHANICAL_DESIGN_GEOMETRIC_PRESENTATION_REPRESENTATION (  '', ( #2085 ), #2310 ) ;
#2053 = AXIS2_PLACEMENT_3D ( 'NONE', #2068, #1854, #1699 ) ;
#2054 = DIRECTION ( 'NONE',  ( -1.000000000000000000, 0.000000000000000000, 0.000000000000000000 ) ) ;
#2055 = CIRCLE ( 'NONE', #1526, 3.199999999999994404 ) ;
#2056 = EDGE_CURVE ( 'NONE', #712, #2001, #1081, .T. ) ;
#2057 = DIRECTION ( 'NONE',  ( -8.260587980841930151E-17, 1.000000000000000000, 0.000000000000000000 ) ) ;
#2058 = VECTOR ( 'NONE', #787, 1000.000000000000000 ) ;
#2059 = VECTOR ( 'NONE', #2150, 1000.000000000000000 ) ;
#2060 = ORIENTED_EDGE ( 'NONE', *, *, #301, .T. ) ;
#2061 = EDGE_CURVE ( 'NONE', #892, #1268, #1595, .T. ) ;
#2062 = CARTESIAN_POINT ( 'NONE',  ( 61.19999999999998153, 301.0000000000001137, -2.000000000000000000 ) ) ;
#2063 = FACE_BOUND ( 'NONE', #297, .T. ) ;
#2064 = ORIENTED_EDGE ( 'NONE', *, *, #1976, .F. ) ;
#2065 = ORIENTED_EDGE ( 'NONE', *, *, #1877, .F. ) ;
#2066 = FACE_BOUND ( 'NONE', #1662, .T. ) ;
#2067 = CARTESIAN_POINT ( 'NONE',  ( 41.99999999999999289, 18.00000000000000000, -31.00000000000000000 ) ) ;
#2068 = CARTESIAN_POINT ( 'NONE',  ( 118.0000000000000000, 0.000000000000000000, -2.000000000000000000 ) ) ;
#2069 = EDGE_CURVE ( 'NONE', #1240, #155, #1451, .T. ) ;
#2070 = CARTESIAN_POINT ( 'NONE',  ( 57.99999999999997868, 301.0000000000001137, 0.000000000000000000 ) ) ;
#2071 = DIRECTION ( 'NONE',  ( -1.000000000000000000, 0.000000000000000000, 0.000000000000000000 ) ) ;
#2072 = ORIENTED_EDGE ( 'NONE', *, *, #24, .T. ) ;
#2073 = VERTEX_POINT ( 'NONE', #1094 ) ;
#2074 = CARTESIAN_POINT ( 'NONE',  ( 97.99999999999997158, 301.0000000000001137, -3.827021247335478803E-16 ) ) ;
#2075 = CARTESIAN_POINT ( 'NONE',  ( 19.00000000000202149, 431.0000000000000568, -28.99999999999999645 ) ) ;
#2076 = CYLINDRICAL_SURFACE ( 'NONE', #1899, 1.000000000000000888 ) ;
#2077 = CARTESIAN_POINT ( 'NONE',  ( 43.00000000000000000, 669.0000000000000000, 0.000000000000000000 ) ) ;
#2078 = EDGE_CURVE ( 'NONE', #267, #2119, #2321, .T. ) ;
#2079 = ADVANCED_FACE ( 'NONE', ( #1288 ), #2004, .T. ) ;
#2080 = ORIENTED_EDGE ( 'NONE', *, *, #421, .F. ) ;
#2081 = FACE_OUTER_BOUND ( 'NONE', #326, .T. ) ;
#2082 = ORIENTED_EDGE ( 'NONE', *, *, #772, .T. ) ;
#2083 = PLANE ( 'NONE',  #1869 ) ;
#2084 = AXIS2_PLACEMENT_3D ( 'NONE', #1510, #2231, #2054 ) ;
#2085 = STYLED_ITEM ( 'NONE', ( #2331 ), #1120 ) ;
#2086 = CIRCLE ( 'NONE', #1630, 3.199999999999994404 ) ;
#2087 = CARTESIAN_POINT ( 'NONE',  ( 41.99999999999999289, 670.0000000000000000, -2.000000000000008882 ) ) ;
#2088 = CIRCLE ( 'NONE', #1068, 1.000000000000000888 ) ;
#2089 = CIRCLE ( 'NONE', #2316, 1.000000000000000000 ) ;
#2090 = AXIS2_PLACEMENT_3D ( 'NONE', #448, #1339, #1195 ) ;
#2091 = LINE ( 'NONE', #984, #309 ) ;
#2092 = ORIENTED_EDGE ( 'NONE', *, *, #1732, .F. ) ;
#2093 = AXIS2_PLACEMENT_3D ( 'NONE', #423, #1862, #251 ) ;
#2094 = PLANE ( 'NONE',  #1368 ) ;
#2095 = EDGE_CURVE ( 'NONE', #1956, #2001, #1475, .T. ) ;
#2096 = VERTEX_POINT ( 'NONE', #1708 ) ;
#2097 = LINE ( 'NONE', #1233, #782 ) ;
#2098 = LINE ( 'NONE', #1961, #7 ) ;
#2099 = ORIENTED_EDGE ( 'NONE', *, *, #2294, .T. ) ;
#2100 = CARTESIAN_POINT ( 'NONE',  ( 97.99999999999995737, 39.50000000000009237, 0.000000000000000000 ) ) ;
#2101 = ORIENTED_EDGE ( 'NONE', *, *, #1333, .F. ) ;
#2102 = FACE_OUTER_BOUND ( 'NONE', #353, .T. ) ;
#2103 = ORIENTED_EDGE ( 'NONE', *, *, #184, .T. ) ;
#2104 = EDGE_CURVE ( 'NONE', #1017, #1819, #1376, .T. ) ;
#2105 = FACE_OUTER_BOUND ( 'NONE', #1962, .T. ) ;
#2106 = EDGE_CURVE ( 'NONE', #1901, #2263, #1564, .T. ) ;
#2107 = CARTESIAN_POINT ( 'NONE',  ( 117.0000000000000000, 0.000000000000000000, -2.000000000000000000 ) ) ;
#2108 = VERTEX_POINT ( 'NONE', #1161 ) ;
#2109 = DIRECTION ( 'NONE',  ( -1.000000000000000000, 0.000000000000000000, 0.000000000000000000 ) ) ;
#2110 = ORIENTED_EDGE ( 'NONE', *, *, #751, .F. ) ;
#2111 = DIRECTION ( 'NONE',  ( 0.000000000000000000, 0.000000000000000000, -1.000000000000000000 ) ) ;
#2112 = VERTEX_POINT ( 'NONE', #456 ) ;
#2113 = DIRECTION ( 'NONE',  ( 1.000000000000000000, 0.000000000000000000, 0.000000000000000000 ) ) ;
#2114 = CYLINDRICAL_SURFACE ( 'NONE', #662, 1.000000000000000888 ) ;
#2115 = AXIS2_PLACEMENT_3D ( 'NONE', #1921, #1482, #595 ) ;
#2116 = DIRECTION ( 'NONE',  ( -0.000000000000000000, -0.000000000000000000, 1.000000000000000000 ) ) ;
#2117 = ADVANCED_FACE ( 'NONE', ( #446 ), #606, .F. ) ;
#2118 = AXIS2_PLACEMENT_3D ( 'NONE', #367, #2341, #2148 ) ;
#2119 = VERTEX_POINT ( 'NONE', #1874 ) ;
#2120 = VECTOR ( 'NONE', #2183, 1000.000000000000000 ) ;
#2121 = CARTESIAN_POINT ( 'NONE',  ( 19.00000000000000355, 625.0000000000000000, -30.99999999999999289 ) ) ;
#2122 = CARTESIAN_POINT ( 'NONE',  ( 83.99999999999992895, 671.0000000000000000, 0.000000000000000000 ) ) ;
#2123 = CIRCLE ( 'NONE', #775, 1.000000000000000888 ) ;
#2124 = CIRCLE ( 'NONE', #249, 3.499999999999994227 ) ;
#2125 = ORIENTED_EDGE ( 'NONE', *, *, #1693, .F. ) ;
#2126 = AXIS2_PLACEMENT_3D ( 'NONE', #1827, #1992, #2211 ) ;
#2127 = CARTESIAN_POINT ( 'NONE',  ( 86.00000000000000000, 695.0000000000001137, -2.000000000000000000 ) ) ;
#2128 = VERTEX_POINT ( 'NONE', #805 ) ;
#2129 = DIRECTION ( 'NONE',  ( -0.000000000000000000, -0.000000000000000000, 1.000000000000000000 ) ) ;
#2130 = DIRECTION ( 'NONE',  ( -1.000000000000000000, -0.000000000000000000, -0.000000000000000000 ) ) ;
#2131 = CARTESIAN_POINT ( 'NONE',  ( 97.99999999999998579, 660.5000000000001137, -3.827021247335478803E-16 ) ) ;
#2132 = CARTESIAN_POINT ( 'NONE',  ( 39.99999999999999289, -4.235164736271501695E-19, -3.999999999999996447 ) ) ;
#2133 = ORIENTED_EDGE ( 'NONE', *, *, #2167, .T. ) ;
#2134 = EDGE_CURVE ( 'NONE', #1766, #472, #1494, .T. ) ;
#2135 = FACE_OUTER_BOUND ( 'NONE', #305, .T. ) ;
#2136 = DIRECTION ( 'NONE',  ( -0.000000000000000000, -0.000000000000000000, 1.000000000000000000 ) ) ;
#2137 = VERTEX_POINT ( 'NONE', #1348 ) ;
#2138 = DIRECTION ( 'NONE',  ( 1.000000000000000000, 0.000000000000000000, 0.000000000000000000 ) ) ;
#2139 = ORIENTED_EDGE ( 'NONE', *, *, #864, .T. ) ;
#2140 = LINE ( 'NONE', #522, #1024 ) ;
#2141 = CARTESIAN_POINT ( 'NONE',  ( 0.9999999999998967493, 649.0000000000000000, -30.99999999999999289 ) ) ;
#2142 = EDGE_LOOP ( 'NONE', ( #2320, #1734, #1486, #1436 ) ) ;
#2143 = DIRECTION ( 'NONE',  ( 1.000000000000000000, 0.000000000000000000, 0.000000000000000000 ) ) ;
#2144 = CARTESIAN_POINT ( 'NONE',  ( 35.99999999999990763, 650.0000000000000000, -31.00000000000000000 ) ) ;
#2145 = ADVANCED_FACE ( 'NONE', ( #1697 ), #2083, .F. ) ;
#2146 = ORIENTED_EDGE ( 'NONE', *, *, #331, .T. ) ;
#2147 = EDGE_CURVE ( 'NONE', #2189, #1175, #357, .T. ) ;
#2148 = DIRECTION ( 'NONE',  ( 1.000000000000000000, 0.000000000000000000, 0.000000000000000000 ) ) ;
#2149 = ORIENTED_EDGE ( 'NONE', *, *, #516, .T. ) ;
#2150 = DIRECTION ( 'NONE',  ( -0.000000000000000000, -0.000000000000000000, 1.000000000000000000 ) ) ;
#2151 = EDGE_CURVE ( 'NONE', #460, #1240, #1565, .T. ) ;
#2152 = EDGE_CURVE ( 'NONE', #939, #1311, #1786, .T. ) ;
#2153 = ORIENTED_EDGE ( 'NONE', *, *, #276, .T. ) ;
#2154 = DIRECTION ( 'NONE',  ( -1.000000000000000000, 0.000000000000000000, 0.000000000000000000 ) ) ;
#2155 = DIRECTION ( 'NONE',  ( -0.000000000000000000, -0.000000000000000000, 1.000000000000000000 ) ) ;
#2156 = FACE_OUTER_BOUND ( 'NONE', #330, .T. ) ;
#2157 = ORIENTED_EDGE ( 'NONE', *, *, #2324, .F. ) ;
#2158 = VECTOR ( 'NONE', #1474, 1000.000000000000000 ) ;
#2159 = CARTESIAN_POINT ( 'NONE',  ( 61.19999999999997442, 137.5000000000000568, -2.000000000000000000 ) ) ;
#2160 = ORIENTED_EDGE ( 'NONE', *, *, #2023, .T. ) ;
#2161 = AXIS2_PLACEMENT_3D ( 'NONE', #338, #2136, #1774 ) ;
#2162 = AXIS2_PLACEMENT_3D ( 'NONE', #42, #2233, #1489 ) ;
#2163 = CARTESIAN_POINT ( 'NONE',  ( 94.79999999999999716, 660.5000000000001137, -3.827021247335478803E-16 ) ) ;
#2164 = VERTEX_POINT ( 'NONE', #1358 ) ;
#2165 = DIRECTION ( 'NONE',  ( -0.000000000000000000, -0.000000000000000000, 1.000000000000000000 ) ) ;
#2166 = AXIS2_PLACEMENT_3D ( 'NONE', #1833, #2048, #1319 ) ;
#2167 = EDGE_CURVE ( 'NONE', #1472, #663, #2264, .T. ) ;
#2168 = EDGE_LOOP ( 'NONE', ( #1760, #695, #1416, #1109 ) ) ;
#2169 = MECHANICAL_DESIGN_GEOMETRIC_PRESENTATION_REPRESENTATION (  '', ( #252 ), #664 ) ;
#2170 = FILL_AREA_STYLE_COLOUR ( '', #11 ) ;
#2171 = CARTESIAN_POINT ( 'NONE',  ( 41.99999999999999289, 16.99999999999999645, -2.000000000000001776 ) ) ;
#2172 = CYLINDRICAL_SURFACE ( 'NONE', #1401, 3.200000000000001510 ) ;
#2173 = CARTESIAN_POINT ( 'NONE',  ( 97.99999999999997158, 301.0000000000001137, -2.000000000000000000 ) ) ;
#2174 = VERTEX_POINT ( 'NONE', #101 ) ;
#2175 = VERTEX_POINT ( 'NONE', #826 ) ;
#2176 = DIRECTION ( 'NONE',  ( -0.000000000000000000, -0.000000000000000000, 1.000000000000000000 ) ) ;
#2177 = VERTEX_POINT ( 'NONE', #1168 ) ;
#2178 = EDGE_LOOP ( 'NONE', ( #2101, #454, #181, #1272 ) ) ;
#2179 = CARTESIAN_POINT ( 'NONE',  ( 43.00000000000000000, 1.000000000000000000, -2.000000000000001776 ) ) ;
#2180 = VERTEX_POINT ( 'NONE', #2232 ) ;
#2181 = ORIENTED_EDGE ( 'NONE', *, *, #693, .F. ) ;
#2182 = ADVANCED_FACE ( 'NONE', ( #2221 ), #1884, .F. ) ;
#2183 = DIRECTION ( 'NONE',  ( 0.000000000000000000, -0.000000000000000000, -1.000000000000000000 ) ) ;
#2184 = PLANE ( 'NONE',  #387 ) ;
#2185 = EDGE_CURVE ( 'NONE', #173, #2108, #505, .T. ) ;
#2186 = DIRECTION ( 'NONE',  ( -1.000000000000000000, 0.000000000000000000, 0.000000000000000000 ) ) ;
#2187 = ORIENTED_EDGE ( 'NONE', *, *, #459, .T. ) ;
#2188 = CARTESIAN_POINT ( 'NONE',  ( 41.99999999999999289, 0.000000000000000000, 0.000000000000000000 ) ) ;
#2189 = VERTEX_POINT ( 'NONE', #1853 ) ;
#2190 = LINE ( 'NONE', #1683, #992 ) ;
#2191 = ORIENTED_EDGE ( 'NONE', *, *, #755, .F. ) ;
#2192 = ORIENTED_EDGE ( 'NONE', *, *, #206, .T. ) ;
#2193 = CARTESIAN_POINT ( 'NONE',  ( 94.79999999999996874, 137.5000000000000568, 0.000000000000000000 ) ) ;
#2194 = ADVANCED_FACE ( 'NONE', ( #1327 ), #237, .T. ) ;
#2195 = FACE_OUTER_BOUND ( 'NONE', #1903, .T. ) ;
#2196 = LINE ( 'NONE', #2019, #1407 ) ;
#2197 = ORIENTED_EDGE ( 'NONE', *, *, #1949, .T. ) ;
#2198 = EDGE_CURVE ( 'NONE', #2351, #897, #2282, .T. ) ;
#2199 = DIRECTION ( 'NONE',  ( -0.000000000000000000, -0.000000000000000000, 1.000000000000000000 ) ) ;
#2200 = LINE ( 'NONE', #1085, #2273 ) ;
#2201 = CARTESIAN_POINT ( 'NONE',  ( 57.99999999999997868, 137.5000000000000568, -2.000000000000000000 ) ) ;
#2202 = CIRCLE ( 'NONE', #45, 3.499999999999985789 ) ;
#2203 = CIRCLE ( 'NONE', #957, 3.199999999999994404 ) ;
#2204 = ORIENTED_EDGE ( 'NONE', *, *, #1627, .T. ) ;
#2205 = AXIS2_PLACEMENT_3D ( 'NONE', #2070, #1876, #1513 ) ;
#2206 = AXIS2_PLACEMENT_3D ( 'NONE', #1773, #2327, #2143 ) ;
#2207 = LINE ( 'NONE', #2193, #732 ) ;
#2208 = CIRCLE ( 'NONE', #734, 1.000000000000000888 ) ;
#2209 = FACE_BOUND ( 'NONE', #1285, .T. ) ;
#2210 = CARTESIAN_POINT ( 'NONE',  ( 0.9999999999998961941, 17.99999999999999645, -28.99999999999999645 ) ) ;
#2211 = DIRECTION ( 'NONE',  ( 3.589083053745117718E-15, 0.000000000000000000, 1.000000000000000000 ) ) ;
#2212 = ORIENTED_EDGE ( 'NONE', *, *, #1949, .F. ) ;
#2213 = CARTESIAN_POINT ( 'NONE',  ( 94.79999999999999716, 562.5000000000001137, 0.000000000000000000 ) ) ;
#2214 = LINE ( 'NONE', #2188, #90 ) ;
#2215 = DIRECTION ( 'NONE',  ( -0.000000000000000000, -0.000000000000000000, 1.000000000000000000 ) ) ;
#2216 = ADVANCED_FACE ( 'NONE', ( #971 ), #1688, .F. ) ;
#2217 = EDGE_LOOP ( 'NONE', ( #1009, #1057, #1640, #2049 ) ) ;
#2218 = ORIENTED_EDGE ( 'NONE', *, *, #1536, .F. ) ;
#2219 = DIRECTION ( 'NONE',  ( 1.000000000000000000, -0.000000000000000000, 0.000000000000000000 ) ) ;
#2220 = CARTESIAN_POINT ( 'NONE',  ( 57.99999999999997868, 301.0000000000001137, -3.827021247335478803E-16 ) ) ;
#2221 = FACE_OUTER_BOUND ( 'NONE', #112, .T. ) ;
#2222 = DIRECTION ( 'NONE',  ( 1.000000000000000000, 0.000000000000000000, 0.000000000000000000 ) ) ;
#2223 = CARTESIAN_POINT ( 'NONE',  ( 19.00000000000202149, 431.0000000000000568, -28.99999999999999645 ) ) ;
#2224 = CARTESIAN_POINT ( 'NONE',  ( 57.99999999999997868, 399.0000000000000568, -3.827021247335478803E-16 ) ) ;
#2225 = DIRECTION ( 'NONE',  ( -0.000000000000000000, -0.000000000000000000, 1.000000000000000000 ) ) ;
#2226 = EDGE_LOOP ( 'NONE', ( #1807, #1989, #1243, #769 ) ) ;
#2227 = EDGE_CURVE ( 'NONE', #626, #2073, #1055, .T. ) ;
#2228 = EDGE_CURVE ( 'NONE', #420, #760, #1750, .T. ) ;
#2229 = ORIENTED_EDGE ( 'NONE', *, *, #1132, .T. ) ;
#2230 = EDGE_CURVE ( 'NONE', #2112, #302, #1377, .T. ) ;
#2231 = DIRECTION ( 'NONE',  ( 0.000000000000000000, 0.000000000000000000, -1.000000000000000000 ) ) ;
#2232 = CARTESIAN_POINT ( 'NONE',  ( 22.50000000000614619, 43.00000000000000000, -28.99999999999999645 ) ) ;
#2233 = DIRECTION ( 'NONE',  ( -9.130123557772667102E-17, -0.000000000000000000, -1.000000000000000000 ) ) ;
#2234 = DIRECTION ( 'NONE',  ( 0.000000000000000000, 0.000000000000000000, -1.000000000000000000 ) ) ;
#2235 = DIRECTION ( 'NONE',  ( -0.000000000000000000, -0.000000000000000000, 1.000000000000000000 ) ) ;
#2236 = ORIENTED_EDGE ( 'NONE', *, *, #1945, .F. ) ;
#2237 = AXIS2_PLACEMENT_3D ( 'NONE', #484, #605, #767 ) ;
#2238 = ORIENTED_EDGE ( 'NONE', *, *, #2041, .F. ) ;
#2239 = AXIS2_PLACEMENT_3D ( 'NONE', #1555, #2260, #2279 ) ;
#2240 = AXIS2_PLACEMENT_3D ( 'NONE', #1648, #531, #1635 ) ;
#2241 = CARTESIAN_POINT ( 'NONE',  ( 101.1999999999999602, 39.50000000000009237, -2.000000000000000000 ) ) ;
#2242 = AXIS2_PLACEMENT_3D ( 'NONE', #2338, #1765, #482 ) ;
#2243 = CIRCLE ( 'NONE', #996, 1.000000000000000888 ) ;
#2244 = CARTESIAN_POINT ( 'NONE',  ( 43.00000000000000000, 15.26794919243112325, 0.000000000000000000 ) ) ;
#2245 = CARTESIAN_POINT ( 'NONE',  ( 19.00000000000000355, 625.0000000000000000, -28.99999999999999645 ) ) ;
#2246 = AXIS2_PLACEMENT_3D ( 'NONE', #168, #180, #890 ) ;
#2247 = FACE_OUTER_BOUND ( 'NONE', #1982, .T. ) ;
#2248 = CARTESIAN_POINT ( 'NONE',  ( 41.99999999999999289, 651.0000000000000000, -2.000000000000001776 ) ) ;
#2249 = AXIS2_PLACEMENT_3D ( 'NONE', #955, #55, #2044 ) ;
#2250 = PRODUCT_DEFINITION_FORMATION_WITH_SPECIFIED_SOURCE ( 'ANY', '', #442, .NOT_KNOWN. ) ;
#2251 = CARTESIAN_POINT ( 'NONE',  ( 94.79999999999999716, 562.5000000000001137, -2.000000000000000000 ) ) ;
#2252 = ORIENTED_EDGE ( 'NONE', *, *, #751, .T. ) ;
#2253 = ORIENTED_EDGE ( 'NONE', *, *, #2296, .T. ) ;
#2254 = FACE_OUTER_BOUND ( 'NONE', #673, .T. ) ;
#2255 = DIRECTION ( 'NONE',  ( -0.000000000000000000, -0.000000000000000000, 1.000000000000000000 ) ) ;
#2256 = EDGE_CURVE ( 'NONE', #1165, #1037, #2097, .T. ) ;
#2257 = EDGE_CURVE ( 'NONE', #1508, #1530, #486, .T. ) ;
#2258 = CARTESIAN_POINT ( 'NONE',  ( 22.50000000000201794, 431.0000000000000568, -30.99999999999999289 ) ) ;
#2259 = EDGE_CURVE ( 'NONE', #712, #15, #2287, .T. ) ;
#2260 = DIRECTION ( 'NONE',  ( 0.000000000000000000, -1.000000000000000000, -0.000000000000000000 ) ) ;
#2261 = ORIENTED_EDGE ( 'NONE', *, *, #1052, .F. ) ;
#2262 = FACE_BOUND ( 'NONE', #1568, .T. ) ;
#2263 = VERTEX_POINT ( 'NONE', #670 ) ;
#2264 = LINE ( 'NONE', #1502, #737 ) ;
#2265 = DIRECTION ( 'NONE',  ( 1.000000000000000000, 0.000000000000000000, 0.000000000000000000 ) ) ;
#2266 = ADVANCED_FACE ( 'NONE', ( #510 ), #149, .F. ) ;
#2267 = FACE_OUTER_BOUND ( 'NONE', #2226, .T. ) ;
#2268 = ORIENTED_EDGE ( 'NONE', *, *, #2134, .F. ) ;
#2269 = DIRECTION ( 'NONE',  ( -0.000000000000000000, -0.000000000000000000, 1.000000000000000000 ) ) ;
#2270 = ORIENTED_EDGE ( 'NONE', *, *, #2257, .F. ) ;
#2271 = AXIS2_PLACEMENT_3D ( 'NONE', #2074, #988, #1687 ) ;
#2272 = CARTESIAN_POINT ( 'NONE',  ( 40.00000000000000711, 650.0000000000000000, -1.363851560423144749E-13 ) ) ;
#2273 = VECTOR ( 'NONE', #2215, 1000.000000000000000 ) ;
#2274 = VECTOR ( 'NONE', #571, 1000.000000000000000 ) ;
#2275 = CARTESIAN_POINT ( 'NONE',  ( 19.00000000000615685, 43.00000000000000000, -28.99999999999999645 ) ) ;
#2276 = VECTOR ( 'NONE', #1799, 1000.000000000000000 ) ;
#2277 = CIRCLE ( 'NONE', #1527, 2.000000000000001776 ) ;
#2278 = ORIENTED_EDGE ( 'NONE', *, *, #2152, .T. ) ;
#2279 = DIRECTION ( 'NONE',  ( 0.000000000000000000, 0.000000000000000000, -1.000000000000000000 ) ) ;
#2280 = ADVANCED_FACE ( 'NONE', ( #1208 ), #1951, .F. ) ;
#2281 = ORIENTED_EDGE ( 'NONE', *, *, #276, .F. ) ;
#2282 = CIRCLE ( 'NONE', #2093, 3.200000000000001510 ) ;
#2283 = ADVANCED_FACE ( 'NONE', ( #2105 ), #467, .T. ) ;
#2284 = DIRECTION ( 'NONE',  ( -0.000000000000000000, -0.000000000000000000, 1.000000000000000000 ) ) ;
#2285 = EDGE_LOOP ( 'NONE', ( #1620, #929, #2060, #2181 ) ) ;
#2286 = CARTESIAN_POINT ( 'NONE',  ( 97.99999999999995737, 39.50000000000009237, 0.000000000000000000 ) ) ;
#2287 = LINE ( 'NONE', #2272, #1308 ) ;
#2288 = CARTESIAN_POINT ( 'NONE',  ( 57.99999999999998579, 562.5000000000001137, -2.000000000000000000 ) ) ;
#2289 = VERTEX_POINT ( 'NONE', #1408 ) ;
#2290 = PLANE ( 'NONE',  #118 ) ;
#2291 = ORIENTED_EDGE ( 'NONE', *, *, #150, .T. ) ;
#2292 =( NAMED_UNIT ( * ) SI_UNIT ( $, .STERADIAN. ) SOLID_ANGLE_UNIT ( ) );
#2293 = EDGE_LOOP ( 'NONE', ( #175, #1177 ) ) ;
#2294 = EDGE_CURVE ( 'NONE', #2333, #2128, #318, .T. ) ;
#2295 = DIRECTION ( 'NONE',  ( 0.000000000000000000, -1.000000000000000000, -0.000000000000000000 ) ) ;
#2296 = EDGE_CURVE ( 'NONE', #746, #170, #1200, .T. ) ;
#2297 = FACE_BOUND ( 'NONE', #229, .T. ) ;
#2298 = EDGE_LOOP ( 'NONE', ( #1316, #2103, #1289, #492 ) ) ;
#2299 = DIRECTION ( 'NONE',  ( -0.000000000000000000, 0.000000000000000000, -1.000000000000000000 ) ) ;
#2300 = FACE_OUTER_BOUND ( 'NONE', #1133, .T. ) ;
#2301 = ORIENTED_EDGE ( 'NONE', *, *, #451, .F. ) ;
#2302 = FACE_OUTER_BOUND ( 'NONE', #1249, .T. ) ;
#2303 = ORIENTED_EDGE ( 'NONE', *, *, #647, .T. ) ;
#2304 = EDGE_LOOP ( 'NONE', ( #1666, #1705, #40, #2325 ) ) ;
#2305 = FACE_OUTER_BOUND ( 'NONE', #871, .T. ) ;
#2306 = CARTESIAN_POINT ( 'NONE',  ( 39.99999999999990052, 650.0000000000000000, -27.00000000000001066 ) ) ;
#2307 = ADVANCED_FACE ( 'NONE', ( #2305 ), #1727, .F. ) ;
#2308 = VECTOR ( 'NONE', #1826, 1000.000000000000000 ) ;
#2309 = CARTESIAN_POINT ( 'NONE',  ( 86.00000000000000000, 694.0000000000001137, 0.000000000000000000 ) ) ;
#2310 =( GEOMETRIC_REPRESENTATION_CONTEXT ( 3 ) GLOBAL_UNCERTAINTY_ASSIGNED_CONTEXT ( ( #1443 ) ) GLOBAL_UNIT_ASSIGNED_CONTEXT ( ( #1969, #137, #2292 ) ) REPRESENTATION_CONTEXT ( 'NONE', 'WORKASPACE' ) );
#2311 = ORIENTED_EDGE ( 'NONE', *, *, #1908, .F. ) ;
#2312 = AXIS2_PLACEMENT_3D ( 'NONE', #1848, #1990, #2154 ) ;
#2313 = LINE ( 'NONE', #504, #1747 ) ;
#2314 = FACE_OUTER_BOUND ( 'NONE', #1959, .T. ) ;
#2315 = VECTOR ( 'NONE', #425, 1000.000000000000000 ) ;
#2316 = AXIS2_PLACEMENT_3D ( 'NONE', #894, #1390, #1931 ) ;
#2317 = ORIENTED_EDGE ( 'NONE', *, *, #1072, .T. ) ;
#2318 = CIRCLE ( 'NONE', #1342, 1.000000000000000888 ) ;
#2319 = CARTESIAN_POINT ( 'NONE',  ( 35.99999999999990052, 18.00000000000000000, -26.99999999999999645 ) ) ;
#2320 = ORIENTED_EDGE ( 'NONE', *, *, #410, .F. ) ;
#2321 = CIRCLE ( 'NONE', #1939, 3.199999999999994404 ) ;
#2322 = DIRECTION ( 'NONE',  ( 1.000000000000000000, 0.000000000000000000, 0.000000000000000000 ) ) ;
#2323 = CARTESIAN_POINT ( 'NONE',  ( 57.99999999999998579, 660.5000000000001137, -2.000000000000000000 ) ) ;
#2324 = EDGE_CURVE ( 'NONE', #1999, #744, #659, .T. ) ;
#2325 = ORIENTED_EDGE ( 'NONE', *, *, #329, .F. ) ;
#2326 = EDGE_CURVE ( 'NONE', #268, #2289, #855, .T. ) ;
#2327 = DIRECTION ( 'NONE',  ( -0.000000000000000000, -0.000000000000000000, 1.000000000000000000 ) ) ;
#2328 = CARTESIAN_POINT ( 'NONE',  ( 57.99999999999997868, 301.0000000000001137, -2.000000000000000000 ) ) ;
#2329 = ADVANCED_FACE ( 'NONE', ( #1395 ), #2114, .T. ) ;
#2330 = EDGE_LOOP ( 'NONE', ( #1362, #494 ) ) ;
#2331 = PRESENTATION_STYLE_ASSIGNMENT (( #1748 ) ) ;
#2332 = ORIENTED_EDGE ( 'NONE', *, *, #1173, .T. ) ;
#2333 = VERTEX_POINT ( 'NONE', #324 ) ;
#2334 =( LENGTH_UNIT ( ) NAMED_UNIT ( * ) SI_UNIT ( .MILLI., .METRE. ) );
#2335 = FACE_OUTER_BOUND ( 'NONE', #869, .T. ) ;
#2336 = CARTESIAN_POINT ( 'NONE',  ( 54.79999999999998295, 399.0000000000000568, -3.827021247335478803E-16 ) ) ;
#2337 = ORIENTED_EDGE ( 'NONE', *, *, #375, .T. ) ;
#2338 = CARTESIAN_POINT ( 'NONE',  ( 57.99999999999997868, 39.50000000000009237, -2.000000000000000000 ) ) ;
#2339 = ADVANCED_FACE ( 'NONE', ( #1045 ), #863, .F. ) ;
#2340 = EDGE_LOOP ( 'NONE', ( #1603, #1768, #2139, #1323 ) ) ;
#2341 = DIRECTION ( 'NONE',  ( -0.000000000000000000, -0.000000000000000000, 1.000000000000000000 ) ) ;
#2342 = VERTEX_POINT ( 'NONE', #1246 ) ;
#2343 = DIRECTION ( 'NONE',  ( -1.000000000000000000, 0.000000000000000000, 0.000000000000000000 ) ) ;
#2344 = ORIENTED_EDGE ( 'NONE', *, *, #217, .T. ) ;
#2345 = PRESENTATION_STYLE_ASSIGNMENT (( #1837 ) ) ;
#2346 = CARTESIAN_POINT ( 'NONE',  ( 41.99999999999999289, 18.00000000000001421, -4.000000000000010658 ) ) ;
#2347 = LINE ( 'NONE', #889, #2350 ) ;
#2348 = DIRECTION ( 'NONE',  ( -1.000000000000000000, 0.000000000000000000, 3.469446951953611033E-15 ) ) ;
#2349 = EDGE_LOOP ( 'NONE', ( #514, #2021, #261, #110 ) ) ;
#2350 = VECTOR ( 'NONE', #2018, 1000.000000000000000 ) ;
#2351 = VERTEX_POINT ( 'NONE', #1091 ) ;
#2352 = DIRECTION ( 'NONE',  ( -1.000000000000000000, 0.000000000000000000, 9.130123557772667102E-17 ) ) ;
#2353 = AXIS2_PLACEMENT_3D ( 'NONE', #3, #589, #1126 ) ;
#2354 = VECTOR ( 'NONE', #2034, 1000.000000000000000 ) ;
#2355 = ORIENTED_EDGE ( 'NONE', *, *, #1227, .T. ) ;
ENDSEC;
END-ISO-10303-21;
