ISO-10303-21;
HEADER;
FILE_DESCRIPTION (( 'STEP AP214' ),
    '1' );
FILE_NAME ('E.FLEX_01_Adapterblech_Scharnier1_V1.1.STEP',
    '2025-09-12T10:08:58',
    ( '' ),
    ( '' ),
    'SwSTEP 2.0',
    'SolidWorks 2021',
    '' );
FILE_SCHEMA (( 'AUTOMOTIVE_DESIGN' ));
ENDSEC;

DATA;
#1 = VECTOR ( 'NONE', #792, 1000.000000000000000 ) ;
#2 = DIRECTION ( 'NONE',  ( 1.000000000000000000, 0.000000000000000000, 0.000000000000000000 ) ) ;
#3 = DIRECTION ( 'NONE',  ( 1.000000000000000000, 0.000000000000000000, 0.000000000000000000 ) ) ;
#4 = EDGE_LOOP ( 'NONE', ( #61, #1138, #709, #463 ) ) ;
#5 = PRESENTATION_LAYER_ASSIGNMENT (  '', '', ( #1429 ) ) ;
#6 = FACE_OUTER_BOUND ( 'NONE', #711, .T. ) ;
#7 = UNCERTAINTY_MEASURE_WITH_UNIT (LENGTH_MEASURE( 1.000000000000000082E-05 ), #847, 'distance_accuracy_value', 'NONE');
#8 = EDGE_CURVE ( 'NONE', #1444, #1635, #628, .T. ) ;
#9 = CARTESIAN_POINT ( 'NONE',  ( 22.50000000000000711, -55.00000000000005684, 6.000000000000000000 ) ) ;
#10 = SURFACE_STYLE_FILL_AREA ( #1200 ) ;
#11 = FACE_OUTER_BOUND ( 'NONE', #24, .T. ) ;
#12 = FACE_BOUND ( 'NONE', #1231, .T. ) ;
#13 = AXIS2_PLACEMENT_3D ( 'NONE', #835, #1626, #437 ) ;
#14 = LINE ( 'NONE', #414, #937 ) ;
#15 = ORIENTED_EDGE ( 'NONE', *, *, #553, .T. ) ;
#16 = CARTESIAN_POINT ( 'NONE',  ( -22.49999999999998934, -60.00000000000005684, 6.000000000000000000 ) ) ;
#17 = AXIS2_PLACEMENT_3D ( 'NONE', #307, #1218, #291 ) ;
#18 = DIRECTION ( 'NONE',  ( 0.000000000000000000, -1.000000000000000000, 0.000000000000000000 ) ) ;
#19 = DIRECTION ( 'NONE',  ( -0.000000000000000000, -0.000000000000000000, 1.000000000000000000 ) ) ;
#20 = FACE_BOUND ( 'NONE', #1374, .T. ) ;
#21 = CARTESIAN_POINT ( 'NONE',  ( 20.00000000000000711, 54.75000000000005684, 6.000000000000000000 ) ) ;
#22 = AXIS2_PLACEMENT_3D ( 'NONE', #1162, #501, #643 ) ;
#23 = CARTESIAN_POINT ( 'NONE',  ( 20.00000000000000711, -43.25000000000005684, 6.000000000000000000 ) ) ;
#24 = EDGE_LOOP ( 'NONE', ( #1261, #1663, #15, #393 ) ) ;
#25 = DIRECTION ( 'NONE',  ( 1.000000000000000000, 0.000000000000000000, 0.000000000000000000 ) ) ;
#26 = CARTESIAN_POINT ( 'NONE',  ( -22.49999999999999289, 54.99999999999995026, 6.000000000000000000 ) ) ;
#27 = EDGE_CURVE ( 'NONE', #995, #79, #1044, .T. ) ;
#28 = FACE_BOUND ( 'NONE', #840, .T. ) ;
#29 = CARTESIAN_POINT ( 'NONE',  ( 22.75000000000000711, -43.25000000000005684, -4.235164736271501695E-19 ) ) ;
#30 = ORIENTED_EDGE ( 'NONE', *, *, #1042, .F. ) ;
#31 = DIRECTION ( 'NONE',  ( 0.000000000000000000, 0.000000000000000000, 1.000000000000000000 ) ) ;
#32 = DIRECTION ( 'NONE',  ( -0.000000000000000000, -1.000000000000000000, -0.000000000000000000 ) ) ;
#33 = EDGE_CURVE ( 'NONE', #644, #182, #1183, .T. ) ;
#34 = AXIS2_PLACEMENT_3D ( 'NONE', #1158, #106, #766 ) ;
#35 = DIRECTION ( 'NONE',  ( -0.000000000000000000, -0.000000000000000000, 1.000000000000000000 ) ) ;
#36 = EDGE_CURVE ( 'NONE', #660, #1016, #1691, .T. ) ;
#37 = ORIENTED_EDGE ( 'NONE', *, *, #749, .T. ) ;
#38 = DIRECTION ( 'NONE',  ( -1.000000000000000000, 0.000000000000000000, 0.000000000000000000 ) ) ;
#39 = ORIENTED_EDGE ( 'NONE', *, *, #1575, .F. ) ;
#40 = CARTESIAN_POINT ( 'NONE',  ( -22.74999999999999289, 0.000000000000000000, 0.000000000000000000 ) ) ;
#41 = SURFACE_STYLE_FILL_AREA ( #1528 ) ;
#42 = VECTOR ( 'NONE', #248, 1000.000000000000000 ) ;
#43 = LINE ( 'NONE', #1106, #120 ) ;
#44 = EDGE_LOOP ( 'NONE', ( #1188, #479 ) ) ;
#45 = AXIS2_PLACEMENT_3D ( 'NONE', #184, #978, #321 ) ;
#46 = EDGE_CURVE ( 'NONE', #739, #708, #298, .T. ) ;
#47 = EDGE_LOOP ( 'NONE', ( #63, #1056, #627, #991 ) ) ;
#48 = DIRECTION ( 'NONE',  ( -1.000000000000000000, 0.000000000000000000, -0.000000000000000000 ) ) ;
#49 = ORIENTED_EDGE ( 'NONE', *, *, #1198, .F. ) ;
#50 = CYLINDRICAL_SURFACE ( 'NONE', #45, 2.099999999999993427 ) ;
#51 = FACE_OUTER_BOUND ( 'NONE', #387, .T. ) ;
#52 = CIRCLE ( 'NONE', #1028, 2.749999999999999112 ) ;
#53 = EDGE_LOOP ( 'NONE', ( #1679, #433, #865, #596 ) ) ;
#54 = AXIS2_PLACEMENT_3D ( 'NONE', #747, #1542, #352 ) ;
#55 = VECTOR ( 'NONE', #757, 1000.000000000000000 ) ;
#56 = VERTEX_POINT ( 'NONE', #1555 ) ;
#57 = SURFACE_STYLE_USAGE ( .BOTH. , #692 ) ;
#58 = PRODUCT_RELATED_PRODUCT_CATEGORY ( 'part', '', ( #696 ) ) ;
#59 = AXIS2_PLACEMENT_3D ( 'NONE', #993, #970, #325 ) ;
#60 = SURFACE_STYLE_FILL_AREA ( #965 ) ;
#61 = ORIENTED_EDGE ( 'NONE', *, *, #1498, .F. ) ;
#62 = PLANE ( 'NONE',  #1336 ) ;
#63 = ORIENTED_EDGE ( 'NONE', *, *, #1660, .T. ) ;
#64 = PRESENTATION_LAYER_ASSIGNMENT (  '', '', ( #203 ) ) ;
#65 = ORIENTED_EDGE ( 'NONE', *, *, #1622, .F. ) ;
#66 = DIRECTION ( 'NONE',  ( -0.000000000000000000, -1.000000000000000000, -0.000000000000000000 ) ) ;
#67 = FILL_AREA_STYLE_COLOUR ( '', #420 ) ;
#68 = VECTOR ( 'NONE', #1116, 1000.000000000000000 ) ;
#69 = VERTEX_POINT ( 'NONE', #1304 ) ;
#70 = EDGE_CURVE ( 'NONE', #578, #1195, #1656, .T. ) ;
#71 = DIRECTION ( 'NONE',  ( 1.000000000000000000, 0.000000000000000000, 0.000000000000000000 ) ) ;
#72 = SURFACE_STYLE_USAGE ( .BOTH. , #1669 ) ;
#73 = ORIENTED_EDGE ( 'NONE', *, *, #1297, .F. ) ;
#74 = AXIS2_PLACEMENT_3D ( 'NONE', #144, #276, #665 ) ;
#75 = VERTEX_POINT ( 'NONE', #1445 ) ;
#76 = VECTOR ( 'NONE', #844, 1000.000000000000000 ) ;
#77 = CARTESIAN_POINT ( 'NONE',  ( -17.24999999999999289, 0.000000000000000000, 0.000000000000000000 ) ) ;
#78 = DIRECTION ( 'NONE',  ( 0.000000000000000000, 0.000000000000000000, -1.000000000000000000 ) ) ;
#79 = VERTEX_POINT ( 'NONE', #1453 ) ;
#80 = CARTESIAN_POINT ( 'NONE',  ( 6.000000000000005329, 16.00000000000000000, 0.000000000000000000 ) ) ;
#81 = CARTESIAN_POINT ( 'NONE',  ( 22.50000000000000711, -60.00000000000005684, 0.000000000000000000 ) ) ;
#82 = EDGE_CURVE ( 'NONE', #1080, #308, #893, .T. ) ;
#83 = DIRECTION ( 'NONE',  ( -0.000000000000000000, 0.000000000000000000, 1.000000000000000000 ) ) ;
#84 = ORIENTED_EDGE ( 'NONE', *, *, #869, .T. ) ;
#85 = VERTEX_POINT ( 'NONE', #1431 ) ;
#86 = AXIS2_PLACEMENT_3D ( 'NONE', #1685, #78, #606 ) ;
#87 = AXIS2_PLACEMENT_3D ( 'NONE', #1029, #888, #1710 ) ;
#88 = EDGE_LOOP ( 'NONE', ( #331, #204 ) ) ;
#89 = PRESENTATION_STYLE_ASSIGNMENT (( #1159 ) ) ;
#90 = FILL_AREA_STYLE ('',( #1178 ) ) ;
#91 = ORIENTED_EDGE ( 'NONE', *, *, #478, .T. ) ;
#92 = VERTEX_POINT ( 'NONE', #763 ) ;
#93 =( GEOMETRIC_REPRESENTATION_CONTEXT ( 3 ) GLOBAL_UNCERTAINTY_ASSIGNED_CONTEXT ( ( #1419 ) ) GLOBAL_UNIT_ASSIGNED_CONTEXT ( ( #1697, #1010, #1276 ) ) REPRESENTATION_CONTEXT ( 'NONE', 'WORKASPACE' ) );
#94 = COLOUR_RGB ( '',0.5294117647058823595, 0.5490196078431373028, 0.5490196078431373028 ) ;
#95 = SURFACE_SIDE_STYLE ('',( #1667 ) ) ;
#96 = EDGE_LOOP ( 'NONE', ( #1181, #1439 ) ) ;
#97 = AXIS2_PLACEMENT_3D ( 'NONE', #1615, #147, #1608 ) ;
#98 = LINE ( 'NONE', #237, #55 ) ;
#99 = CARTESIAN_POINT ( 'NONE',  ( -22.74999999999999289, -43.25000000000004974, 6.000000000000000000 ) ) ;
#100 = CARTESIAN_POINT ( 'NONE',  ( -22.49999999999998934, -55.00000000000005684, 0.000000000000000000 ) ) ;
#101 = ORIENTED_EDGE ( 'NONE', *, *, #580, .F. ) ;
#102 = VERTEX_POINT ( 'NONE', #1299 ) ;
#103 = EDGE_CURVE ( 'NONE', #287, #755, #638, .T. ) ;
#104 = DIRECTION ( 'NONE',  ( -0.000000000000000000, -1.000000000000000000, -0.000000000000000000 ) ) ;
#105 = VECTOR ( 'NONE', #831, 1000.000000000000000 ) ;
#106 = DIRECTION ( 'NONE',  ( -0.000000000000000000, -0.000000000000000000, 1.000000000000000000 ) ) ;
#107 = DIRECTION ( 'NONE',  ( -2.891205793294678696E-17, 1.000000000000000000, 0.000000000000000000 ) ) ;
#108 = CARTESIAN_POINT ( 'NONE',  ( -11.09999999999999609, 30.00000000000000000, 6.000000000000000000 ) ) ;
#109 = ORIENTED_EDGE ( 'NONE', *, *, #1480, .F. ) ;
#110 = CARTESIAN_POINT ( 'NONE',  ( 6.000000000000005329, -16.00000000000000000, -5.510910596162953970E-17 ) ) ;
#111 = EDGE_CURVE ( 'NONE', #985, #1577, #668, .T. ) ;
#112 = LINE ( 'NONE', #1207, #752 ) ;
#113 = AXIS2_PLACEMENT_3D ( 'NONE', #617, #1442, #1681 ) ;
#114 = CARTESIAN_POINT ( 'NONE',  ( -22.19999999999999574, -23.00000000000012790, 0.000000000000000000 ) ) ;
#115 = EDGE_CURVE ( 'NONE', #249, #1000, #1197, .T. ) ;
#116 =( NAMED_UNIT ( * ) PLANE_ANGLE_UNIT ( ) SI_UNIT ( $, .RADIAN. ) );
#117 = CARTESIAN_POINT ( 'NONE',  ( 22.50000000000000711, 55.00000000000004974, 0.000000000000000000 ) ) ;
#118 = ORIENTED_EDGE ( 'NONE', *, *, #1136, .F. ) ;
#119 = DIRECTION ( 'NONE',  ( 2.891205793294678696E-17, -1.000000000000000000, -0.000000000000000000 ) ) ;
#120 = VECTOR ( 'NONE', #1510, 1000.000000000000000 ) ;
#121 = EDGE_CURVE ( 'NONE', #644, #85, #1295, .T. ) ;
#122 = VECTOR ( 'NONE', #474, 1000.000000000000000 ) ;
#123 = FACE_BOUND ( 'NONE', #1117, .T. ) ;
#124 = DIRECTION ( 'NONE',  ( 0.000000000000000000, 0.000000000000000000, -1.000000000000000000 ) ) ;
#125 = ORIENTED_EDGE ( 'NONE', *, *, #813, .F. ) ;
#126 = ORIENTED_EDGE ( 'NONE', *, *, #640, .T. ) ;
#127 = CARTESIAN_POINT ( 'NONE',  ( 27.50000000000000711, -60.00000000000005684, 0.000000000000000000 ) ) ;
#128 = CIRCLE ( 'NONE', #1326, 2.749999999999999112 ) ;
#129 = FILL_AREA_STYLE_COLOUR ( '', #1648 ) ;
#130 = VECTOR ( 'NONE', #1722, 1000.000000000000000 ) ;
#131 = DIRECTION ( 'NONE',  ( -0.000000000000000000, -0.000000000000000000, 1.000000000000000000 ) ) ;
#132 = SURFACE_STYLE_USAGE ( .BOTH. , #407 ) ;
#133 = ADVANCED_FACE ( 'NONE', ( #676 ), #170, .F. ) ;
#134 = ORIENTED_EDGE ( 'NONE', *, *, #1446, .T. ) ;
#135 = PLANE ( 'NONE',  #1354 ) ;
#136 = CARTESIAN_POINT ( 'NONE',  ( -17.24999999999999289, 54.75000000000006395, 6.000000000000000000 ) ) ;
#137 = DIRECTION ( 'NONE',  ( 1.000000000000000000, 0.000000000000000000, 0.000000000000000000 ) ) ;
#138 = CIRCLE ( 'NONE', #223, 5.000000000000000888 ) ;
#139 =( NAMED_UNIT ( * ) PLANE_ANGLE_UNIT ( ) SI_UNIT ( $, .RADIAN. ) );
#140 = CIRCLE ( 'NONE', #976, 2.749999999999999112 ) ;
#141 = STYLED_ITEM ( 'NONE', ( #379 ), #878 ) ;
#142 = COLOUR_RGB ( '',0.5294117647058823595, 0.5490196078431373028, 0.5490196078431373028 ) ;
#143 = CARTESIAN_POINT ( 'NONE',  ( -22.50000000000000355, 59.99999999999995026, 0.000000000000000000 ) ) ;
#144 = CARTESIAN_POINT ( 'NONE',  ( -9.000000000000001776, 30.00000000000000000, 6.000000000000000888 ) ) ;
#145 = ORIENTED_EDGE ( 'NONE', *, *, #667, .F. ) ;
#146 = CIRCLE ( 'NONE', #369, 5.000000000000000888 ) ;
#147 = DIRECTION ( 'NONE',  ( -0.000000000000000000, -0.000000000000000000, 1.000000000000000000 ) ) ;
#148 = ADVANCED_FACE ( 'NONE', ( #6 ), #1366, .F. ) ;
#149 = LINE ( 'NONE', #669, #623 ) ;
#150 = DIRECTION ( 'NONE',  ( 1.000000000000000000, 0.000000000000000000, 0.000000000000000000 ) ) ;
#151 = CIRCLE ( 'NONE', #1043, 2.099999999999993427 ) ;
#152 = SURFACE_STYLE_USAGE ( .BOTH. , #1192 ) ;
#153 = CARTESIAN_POINT ( 'NONE',  ( -22.49999999999998934, -55.00000000000005684, 6.000000000000000000 ) ) ;
#154 = CIRCLE ( 'NONE', #1572, 1.250000000000001110 ) ;
#155 = EDGE_LOOP ( 'NONE', ( #360, #1520 ) ) ;
#156 = CARTESIAN_POINT ( 'NONE',  ( 20.00000000000000711, -43.25000000000005684, 6.000000000000000000 ) ) ;
#157 = VERTEX_POINT ( 'NONE', #555 ) ;
#158 = CARTESIAN_POINT ( 'NONE',  ( -22.74999999999999289, 54.75000000000006395, 6.000000000000000000 ) ) ;
#159 = CARTESIAN_POINT ( 'NONE',  ( -22.74999999999999289, 43.25000000000005684, 0.000000000000000000 ) ) ;
#160 = EDGE_CURVE ( 'NONE', #1173, #467, #540, .T. ) ;
#161 = DIRECTION ( 'NONE',  ( -1.000000000000000000, 0.000000000000000000, 0.000000000000000000 ) ) ;
#162 = DIRECTION ( 'NONE',  ( -0.000000000000000000, -0.000000000000000000, 1.000000000000000000 ) ) ;
#163 = VECTOR ( 'NONE', #66, 1000.000000000000000 ) ;
#164 = DIRECTION ( 'NONE',  ( -0.000000000000000000, -0.000000000000000000, 1.000000000000000000 ) ) ;
#165 = EDGE_LOOP ( 'NONE', ( #1147, #590, #874, #485 ) ) ;
#166 = SURFACE_STYLE_FILL_AREA ( #1247 ) ;
#167 = EDGE_CURVE ( 'NONE', #848, #718, #1466, .T. ) ;
#168 = ADVANCED_FACE ( 'NONE', ( #690 ), #936, .F. ) ;
#169 = AXIS2_PLACEMENT_3D ( 'NONE', #1300, #499, #1403 ) ;
#170 = CYLINDRICAL_SURFACE ( 'NONE', #17, 2.749999999999999112 ) ;
#171 = ORIENTED_EDGE ( 'NONE', *, *, #1575, .T. ) ;
#172 =( NAMED_UNIT ( * ) SI_UNIT ( $, .STERADIAN. ) SOLID_ANGLE_UNIT ( ) );
#173 = CARTESIAN_POINT ( 'NONE',  ( -17.24999999999999289, -54.75000000000005684, -0.001000000000000132727 ) ) ;
#174 = APPLICATION_PROTOCOL_DEFINITION ( 'draft international standard', 'automotive_design', 1998, #592 ) ;
#175 = CARTESIAN_POINT ( 'NONE',  ( -9.000000000000001776, -30.00000000000000000, 0.000000000000000000 ) ) ;
#176 = EDGE_CURVE ( 'NONE', #323, #502, #1015, .T. ) ;
#177 = CIRCLE ( 'NONE', #348, 2.749999999999999112 ) ;
#178 = LINE ( 'NONE', #1253, #1640 ) ;
#179 = ORIENTED_EDGE ( 'NONE', *, *, #353, .F. ) ;
#180 = COLOUR_RGB ( '',0.5294117647058823595, 0.5490196078431373028, 0.5490196078431373028 ) ;
#181 = EDGE_LOOP ( 'NONE', ( #1063, #1377, #202, #341 ) ) ;
#182 = VERTEX_POINT ( 'NONE', #29 ) ;
#183 = APPLICATION_PROTOCOL_DEFINITION ( 'draft international standard', 'automotive_design', 1998, #1243 ) ;
#184 = CARTESIAN_POINT ( 'NONE',  ( -9.000000000000001776, -30.00000000000000000, 6.000000000000000000 ) ) ;
#185 = EDGE_CURVE ( 'NONE', #1080, #876, #1488, .T. ) ;
#186 = FACE_BOUND ( 'NONE', #778, .T. ) ;
#187 = AXIS2_PLACEMENT_3D ( 'NONE', #1031, #1664, #1293 ) ;
#188 = CARTESIAN_POINT ( 'NONE',  ( -23.44999999999999929, -23.00000000000012790, 6.000000000000000000 ) ) ;
#189 = ORIENTED_EDGE ( 'NONE', *, *, #1328, .T. ) ;
#190 = EDGE_LOOP ( 'NONE', ( #724, #1312, #313, #830 ) ) ;
#191 = FILL_AREA_STYLE_COLOUR ( '', #1160 ) ;
#192 = ORIENTED_EDGE ( 'NONE', *, *, #951, .T. ) ;
#193 = CARTESIAN_POINT ( 'NONE',  ( -9.000000000000001776, -30.00000000000000000, 6.000000000000000888 ) ) ;
#194 = ORIENTED_EDGE ( 'NONE', *, *, #27, .T. ) ;
#195 = AXIS2_PLACEMENT_3D ( 'NONE', #217, #226, #1556 ) ;
#196 = ORIENTED_EDGE ( 'NONE', *, *, #740, .F. ) ;
#197 = CARTESIAN_POINT ( 'NONE',  ( 11.00000000000000000, -29.99999999999998579, 6.000000000000000000 ) ) ;
#198 = ADVANCED_FACE ( 'NONE', ( #1065 ), #1204, .F. ) ;
#199 = CARTESIAN_POINT ( 'NONE',  ( -22.49999999999999289, 54.99999999999995026, 6.000000000000000000 ) ) ;
#200 = EDGE_LOOP ( 'NONE', ( #1388, #1393, #192, #1521 ) ) ;
#201 = FACE_BOUND ( 'NONE', #88, .T. ) ;
#202 = ORIENTED_EDGE ( 'NONE', *, *, #1633, .T. ) ;
#203 = STYLED_ITEM ( 'NONE', ( #388 ), #1658 ) ;
#204 = ORIENTED_EDGE ( 'NONE', *, *, #640, .F. ) ;
#205 = CYLINDRICAL_SURFACE ( 'NONE', #1048, 2.749999999999999112 ) ;
#206 = FACE_OUTER_BOUND ( 'NONE', #165, .T. ) ;
#207 = EDGE_CURVE ( 'NONE', #1531, #1319, #1482, .T. ) ;
#208 = LINE ( 'NONE', #738, #283 ) ;
#209 = VERTEX_POINT ( 'NONE', #812 ) ;
#210 = PLANE ( 'NONE',  #439 ) ;
#211 = ORIENTED_EDGE ( 'NONE', *, *, #1099, .T. ) ;
#212 = AXIS2_PLACEMENT_3D ( 'NONE', #21, #162, #1062 ) ;
#213 = ORIENTED_EDGE ( 'NONE', *, *, #464, .F. ) ;
#214 = VECTOR ( 'NONE', #1191, 1000.000000000000000 ) ;
#215 = DIRECTION ( 'NONE',  ( 1.000000000000000000, 0.000000000000000000, 0.000000000000000000 ) ) ;
#216 = SURFACE_STYLE_FILL_AREA ( #1421 ) ;
#217 = CARTESIAN_POINT ( 'NONE',  ( 22.75000000000000711, -43.25000000000004974, -0.001000000000000132727 ) ) ;
#218 = ORIENTED_EDGE ( 'NONE', *, *, #160, .T. ) ;
#219 = PLANE ( 'NONE',  #378 ) ;
#220 = FILL_AREA_STYLE_COLOUR ( '', #477 ) ;
#221 = ORIENTED_EDGE ( 'NONE', *, *, #962, .F. ) ;
#222 = VERTEX_POINT ( 'NONE', #805 ) ;
#223 = AXIS2_PLACEMENT_3D ( 'NONE', #117, #1014, #882 ) ;
#224 = AXIS2_PLACEMENT_3D ( 'NONE', #765, #1018, #481 ) ;
#225 = CIRCLE ( 'NONE', #586, 2.099999999999987210 ) ;
#226 = DIRECTION ( 'NONE',  ( -1.000000000000000000, 0.000000000000000000, 7.226810014900879756E-17 ) ) ;
#227 = ORIENTED_EDGE ( 'NONE', *, *, #887, .F. ) ;
#228 = DIRECTION ( 'NONE',  ( -0.000000000000000000, -0.000000000000000000, -1.000000000000000000 ) ) ;
#229 = DIRECTION ( 'NONE',  ( -0.000000000000000000, 0.000000000000000000, 1.000000000000000000 ) ) ;
#230 = EDGE_CURVE ( 'NONE', #504, #1384, #829, .T. ) ;
#231 = VERTEX_POINT ( 'NONE', #700 ) ;
#232 = VERTEX_POINT ( 'NONE', #1348 ) ;
#233 = SURFACE_STYLE_USAGE ( .BOTH. , #1432 ) ;
#234 = MECHANICAL_DESIGN_GEOMETRIC_PRESENTATION_REPRESENTATION (  '', ( #430 ), #599 ) ;
#235 = CARTESIAN_POINT ( 'NONE',  ( 20.00000000000000711, 43.25000000000005684, 6.000000000000000000 ) ) ;
#236 = DIRECTION ( 'NONE',  ( -0.000000000000000000, -0.000000000000000000, 1.000000000000000000 ) ) ;
#237 = CARTESIAN_POINT ( 'NONE',  ( -6.900000000000007461, 30.00000000000000000, 6.000000000000000000 ) ) ;
#238 =( LENGTH_UNIT ( ) NAMED_UNIT ( * ) SI_UNIT ( .MILLI., .METRE. ) );
#239 = CARTESIAN_POINT ( 'NONE',  ( -22.74999999999999289, 54.75000000000005684, 6.000000000000000000 ) ) ;
#240 = ORIENTED_EDGE ( 'NONE', *, *, #1694, .F. ) ;
#241 = ADVANCED_FACE ( 'NONE', ( #432 ), #960, .T. ) ;
#242 = ORIENTED_EDGE ( 'NONE', *, *, #1645, .F. ) ;
#243 = ADVANCED_FACE ( 'NONE', ( #1330 ), #135, .F. ) ;
#244 =( NAMED_UNIT ( * ) SI_UNIT ( $, .STERADIAN. ) SOLID_ANGLE_UNIT ( ) );
#245 = PRESENTATION_LAYER_ASSIGNMENT (  '', '', ( #1665 ) ) ;
#246 = CARTESIAN_POINT ( 'NONE',  ( -27.49999999999998934, -60.00000000000005684, 6.000000000000000000 ) ) ;
#247 = DIRECTION ( 'NONE',  ( 1.000000000000000000, 0.000000000000000000, 0.000000000000000000 ) ) ;
#248 = DIRECTION ( 'NONE',  ( 0.000000000000000000, 0.000000000000000000, -1.000000000000000000 ) ) ;
#249 = VERTEX_POINT ( 'NONE', #346 ) ;
#250 = EDGE_LOOP ( 'NONE', ( #259, #754, #981, #1535 ) ) ;
#251 =( NAMED_UNIT ( * ) PLANE_ANGLE_UNIT ( ) SI_UNIT ( $, .RADIAN. ) );
#252 = CIRCLE ( 'NONE', #1220, 2.749999999999999112 ) ;
#253 = COLOUR_RGB ( '',0.5294117647058823595, 0.5490196078431373028, 0.5490196078431373028 ) ;
#254 = EDGE_CURVE ( 'NONE', #75, #578, #645, .T. ) ;
#255 = CARTESIAN_POINT ( 'NONE',  ( -22.74999999999999289, 54.75000000000005684, 0.000000000000000000 ) ) ;
#256 = CARTESIAN_POINT ( 'NONE',  ( -7.749999999999998224, -23.00000000000013145, 0.000000000000000000 ) ) ;
#257 = FACE_BOUND ( 'NONE', #701, .T. ) ;
#258 = CARTESIAN_POINT ( 'NONE',  ( 17.25000000000000711, -43.25000000000004263, 0.000000000000000000 ) ) ;
#259 = ORIENTED_EDGE ( 'NONE', *, *, #103, .T. ) ;
#260 = CARTESIAN_POINT ( 'NONE',  ( 27.50000000000000711, -60.00000000000005684, 6.000000000000000000 ) ) ;
#261 = DIRECTION ( 'NONE',  ( -0.000000000000000000, -0.000000000000000000, 1.000000000000000000 ) ) ;
#262 = CARTESIAN_POINT ( 'NONE',  ( -17.24999999999999289, -43.25000000000004974, -0.001000000000000132727 ) ) ;
#263 = AXIS2_PLACEMENT_3D ( 'NONE', #1037, #236, #1570 ) ;
#264 = EDGE_CURVE ( 'NONE', #1701, #1513, #1234, .T. ) ;
#265 =( LENGTH_UNIT ( ) NAMED_UNIT ( * ) SI_UNIT ( .MILLI., .METRE. ) );
#266 = AXIS2_PLACEMENT_3D ( 'NONE', #110, #513, #912 ) ;
#267 = CARTESIAN_POINT ( 'NONE',  ( 11.00000000000000000, -29.99999999999998579, 6.000000000000000888 ) ) ;
#268 = LINE ( 'NONE', #1325, #712 ) ;
#269 = VERTEX_POINT ( 'NONE', #1536 ) ;
#270 = DIRECTION ( 'NONE',  ( 0.000000000000000000, 0.000000000000000000, -1.000000000000000000 ) ) ;
#271 = ORIENTED_EDGE ( 'NONE', *, *, #593, .F. ) ;
#272 = DIRECTION ( 'NONE',  ( 0.000000000000000000, -1.000000000000000000, 0.000000000000000000 ) ) ;
#273 = FACE_OUTER_BOUND ( 'NONE', #1266, .T. ) ;
#274 = STYLED_ITEM ( 'NONE', ( #1052 ), #1490 ) ;
#275 = CARTESIAN_POINT ( 'NONE',  ( 22.75000000000000711, 54.75000000000006395, 6.000000000000000000 ) ) ;
#276 = DIRECTION ( 'NONE',  ( -0.000000000000000000, -0.000000000000000000, 1.000000000000000000 ) ) ;
#277 = EDGE_LOOP ( 'NONE', ( #1286, #849, #30, #65 ) ) ;
#278 = ADVANCED_FACE ( 'NONE', ( #1519 ), #980, .F. ) ;
#279 = DIRECTION ( 'NONE',  ( -0.000000000000000000, 0.000000000000000000, 1.000000000000000000 ) ) ;
#280 = FACE_OUTER_BOUND ( 'NONE', #200, .T. ) ;
#281 = SURFACE_STYLE_FILL_AREA ( #808 ) ;
#282 = DIRECTION ( 'NONE',  ( 1.000000000000000000, 0.000000000000000000, 0.000000000000000000 ) ) ;
#283 = VECTOR ( 'NONE', #1011, 1000.000000000000000 ) ;
#284 = MECHANICAL_DESIGN_GEOMETRIC_PRESENTATION_REPRESENTATION (  '', ( #1113 ), #288 ) ;
#285 = FACE_BOUND ( 'NONE', #556, .T. ) ;
#286 = LINE ( 'NONE', #1078, #1387 ) ;
#287 = VERTEX_POINT ( 'NONE', #1628 ) ;
#288 =( GEOMETRIC_REPRESENTATION_CONTEXT ( 3 ) GLOBAL_UNCERTAINTY_ASSIGNED_CONTEXT ( ( #1313 ) ) GLOBAL_UNIT_ASSIGNED_CONTEXT ( ( #1440, #116, #872 ) ) REPRESENTATION_CONTEXT ( 'NONE', 'WORKASPACE' ) );
#289 = AXIS2_PLACEMENT_3D ( 'NONE', #1733, #533, #1713 ) ;
#290 = ADVANCED_FACE ( 'NONE', ( #723, #186, #440, #576, #1638, #1398, #1649, #201, #570, #1661, #312, #1097, #51 ), #587, .T. ) ;
#291 = DIRECTION ( 'NONE',  ( 1.000000000000000000, 0.000000000000000000, 0.000000000000000000 ) ) ;
#292 = FILL_AREA_STYLE ('',( #1514 ) ) ;
#293 = SURFACE_STYLE_FILL_AREA ( #1071 ) ;
#294 = AXIS2_PLACEMENT_3D ( 'NONE', #1294, #1383, #854 ) ;
#295 = FACE_BOUND ( 'NONE', #892, .T. ) ;
#296 = CARTESIAN_POINT ( 'NONE',  ( 27.50000000000000711, -60.00000000000005684, 6.000000000000000000 ) ) ;
#297 = CARTESIAN_POINT ( 'NONE',  ( -19.99999999999999289, 54.75000000000005684, 6.000000000000000000 ) ) ;
#298 = CIRCLE ( 'NONE', #818, 1.649999999999998579 ) ;
#299 = EDGE_LOOP ( 'NONE', ( #612, #1303 ) ) ;
#300 = EDGE_CURVE ( 'NONE', #660, #1254, #178, .T. ) ;
#301 = DIRECTION ( 'NONE',  ( 0.000000000000000000, 0.000000000000000000, 1.000000000000000000 ) ) ;
#302 = CARTESIAN_POINT ( 'NONE',  ( -27.49999999999998934, -60.00000000000005684, 6.000000000000000000 ) ) ;
#303 = EDGE_CURVE ( 'NONE', #969, #574, #889, .T. ) ;
#304 = CARTESIAN_POINT ( 'NONE',  ( 4.350000000000006750, 16.00000000000000000, -5.510910596162953970E-17 ) ) ;
#305 = CIRCLE ( 'NONE', #742, 1.649999999999998579 ) ;
#306 = CARTESIAN_POINT ( 'NONE',  ( 6.000000000000005329, -16.00000000000000000, 6.000000000000000000 ) ) ;
#307 = CARTESIAN_POINT ( 'NONE',  ( -19.99999999999999289, -54.75000000000005684, 6.000000000000000000 ) ) ;
#308 = VERTEX_POINT ( 'NONE', #459 ) ;
#309 = ADVANCED_FACE ( 'NONE', ( #1137 ), #62, .T. ) ;
#310 = CYLINDRICAL_SURFACE ( 'NONE', #169, 1.649999999999998579 ) ;
#311 =( NAMED_UNIT ( * ) SI_UNIT ( $, .STERADIAN. ) SOLID_ANGLE_UNIT ( ) );
#312 = FACE_BOUND ( 'NONE', #1599, .T. ) ;
#313 = ORIENTED_EDGE ( 'NONE', *, *, #518, .T. ) ;
#314 = ORIENTED_EDGE ( 'NONE', *, *, #1352, .F. ) ;
#315 = CARTESIAN_POINT ( 'NONE',  ( 17.25000000000000711, 0.000000000000000000, 0.000000000000000000 ) ) ;
#316 = DIRECTION ( 'NONE',  ( 0.000000000000000000, 1.000000000000000000, -0.000000000000000000 ) ) ;
#317 = ORIENTED_EDGE ( 'NONE', *, *, #1392, .T. ) ;
#318 = EDGE_CURVE ( 'NONE', #691, #356, #140, .T. ) ;
#319 = CARTESIAN_POINT ( 'NONE',  ( 0.000000000000000000, 0.000000000000000000, 0.000000000000000000 ) ) ;
#320 = PRODUCT_DEFINITION_FORMATION_WITH_SPECIFIED_SOURCE ( 'ANY', '', #696, .NOT_KNOWN. ) ;
#321 = DIRECTION ( 'NONE',  ( 1.000000000000000000, 0.000000000000000000, 0.000000000000000000 ) ) ;
#322 = CARTESIAN_POINT ( 'NONE',  ( 13.09999999999998721, 29.99999999999998579, 6.000000000000000888 ) ) ;
#323 = VERTEX_POINT ( 'NONE', #322 ) ;
#324 = ORIENTED_EDGE ( 'NONE', *, *, #1707, .F. ) ;
#325 = DIRECTION ( 'NONE',  ( 1.000000000000000000, 0.000000000000000000, 0.000000000000000000 ) ) ;
#326 = DIRECTION ( 'NONE',  ( -0.000000000000000000, -0.000000000000000000, 1.000000000000000000 ) ) ;
#327 = ORIENTED_EDGE ( 'NONE', *, *, #1404, .F. ) ;
#328 = FILL_AREA_STYLE_COLOUR ( '', #1271 ) ;
#329 = SURFACE_SIDE_STYLE ('',( #41 ) ) ;
#330 = CIRCLE ( 'NONE', #1723, 5.000000000000000888 ) ;
#331 = ORIENTED_EDGE ( 'NONE', *, *, #303, .F. ) ;
#332 = EDGE_LOOP ( 'NONE', ( #1625, #213, #317, #729 ) ) ;
#333 = DIRECTION ( 'NONE',  ( 0.000000000000000000, 0.000000000000000000, 1.000000000000000000 ) ) ;
#334 = DIRECTION ( 'NONE',  ( 0.000000000000000000, 0.000000000000000000, 1.000000000000000000 ) ) ;
#335 = ORIENTED_EDGE ( 'NONE', *, *, #791, .T. ) ;
#336 = FACE_OUTER_BOUND ( 'NONE', #1537, .T. ) ;
#337 = DIRECTION ( 'NONE',  ( 1.000000000000000000, 0.000000000000000000, 0.000000000000000000 ) ) ;
#338 = PRESENTATION_LAYER_ASSIGNMENT (  '', '', ( #1081 ) ) ;
#339 = EDGE_LOOP ( 'NONE', ( #240, #935, #601, #1331 ) ) ;
#340 = ADVANCED_FACE ( 'NONE', ( #1161 ), #1545, .F. ) ;
#341 = ORIENTED_EDGE ( 'NONE', *, *, #1019, .F. ) ;
#342 = LINE ( 'NONE', #1700, #1101 ) ;
#343 = SURFACE_STYLE_USAGE ( .BOTH. , #1003 ) ;
#344 = VERTEX_POINT ( 'NONE', #1417 ) ;
#345 = FACE_OUTER_BOUND ( 'NONE', #47, .T. ) ;
#346 = CARTESIAN_POINT ( 'NONE',  ( -17.24999999999999289, 43.25000000000005684, 6.000000000000000000 ) ) ;
#347 = ORIENTED_EDGE ( 'NONE', *, *, #608, .F. ) ;
#348 = AXIS2_PLACEMENT_3D ( 'NONE', #760, #1407, #900 ) ;
#349 = ORIENTED_EDGE ( 'NONE', *, *, #780, .T. ) ;
#350 = ADVANCED_FACE ( 'NONE', ( #373 ), #382, .F. ) ;
#351 = MECHANICAL_DESIGN_GEOMETRIC_PRESENTATION_REPRESENTATION (  '', ( #1094 ), #790 ) ;
#352 = DIRECTION ( 'NONE',  ( 1.000000000000000000, 0.000000000000000000, 0.000000000000000000 ) ) ;
#353 = EDGE_CURVE ( 'NONE', #1195, #578, #836, .T. ) ;
#354 = ORIENTED_EDGE ( 'NONE', *, *, #509, .F. ) ;
#355 = CARTESIAN_POINT ( 'NONE',  ( -9.000000000000001776, 30.00000000000000000, 6.000000000000000000 ) ) ;
#356 = VERTEX_POINT ( 'NONE', #1450 ) ;
#357 = CARTESIAN_POINT ( 'NONE',  ( 22.75000000000000711, -43.25000000000005684, -0.001000000000000132727 ) ) ;
#358 = CIRCLE ( 'NONE', #1189, 1.250000000000001110 ) ;
#359 =( NAMED_UNIT ( * ) SI_UNIT ( $, .STERADIAN. ) SOLID_ANGLE_UNIT ( ) );
#360 = ORIENTED_EDGE ( 'NONE', *, *, #176, .F. ) ;
#361 = EDGE_CURVE ( 'NONE', #1296, #1195, #624, .T. ) ;
#362 = DIRECTION ( 'NONE',  ( 1.000000000000000000, 2.018587317500284798E-15, 0.000000000000000000 ) ) ;
#363 =( NAMED_UNIT ( * ) SI_UNIT ( $, .STERADIAN. ) SOLID_ANGLE_UNIT ( ) );
#364 = EDGE_LOOP ( 'NONE', ( #400, #1423, #1190, #1684 ) ) ;
#365 = DIRECTION ( 'NONE',  ( 1.000000000000000000, 0.000000000000000000, 0.000000000000000000 ) ) ;
#366 = MECHANICAL_DESIGN_GEOMETRIC_PRESENTATION_REPRESENTATION (  '', ( #141 ), #1337 ) ;
#367 = CIRCLE ( 'NONE', #1340, 5.000000000000000888 ) ;
#368 = PLANE ( 'NONE',  #195 ) ;
#369 = AXIS2_PLACEMENT_3D ( 'NONE', #26, #1504, #557 ) ;
#370 = DIRECTION ( 'NONE',  ( -0.000000000000000000, -0.000000000000000000, 1.000000000000000000 ) ) ;
#371 = DIRECTION ( 'NONE',  ( 0.000000000000000000, 0.000000000000000000, -1.000000000000000000 ) ) ;
#372 = EDGE_CURVE ( 'NONE', #577, #761, #1058, .T. ) ;
#373 = FACE_OUTER_BOUND ( 'NONE', #1585, .T. ) ;
#374 = DIRECTION ( 'NONE',  ( -0.000000000000000000, -0.000000000000000000, 1.000000000000000000 ) ) ;
#375 = STYLED_ITEM ( 'NONE', ( #1734 ), #697 ) ;
#376 = ORIENTED_EDGE ( 'NONE', *, *, #1438, .F. ) ;
#377 = ORIENTED_EDGE ( 'NONE', *, *, #1438, .T. ) ;
#378 = AXIS2_PLACEMENT_3D ( 'NONE', #1687, #1698, #362 ) ;
#379 = PRESENTATION_STYLE_ASSIGNMENT (( #629 ) ) ;
#380 = VECTOR ( 'NONE', #1731, 1000.000000000000000 ) ;
#381 = LINE ( 'NONE', #1309, #1013 ) ;
#382 = CYLINDRICAL_SURFACE ( 'NONE', #1705, 2.099999999999993427 ) ;
#383 = LINE ( 'NONE', #1443, #42 ) ;
#384 = CARTESIAN_POINT ( 'NONE',  ( 27.50000000000000711, 60.00000000000005684, 6.000000000000000000 ) ) ;
#385 = ORIENTED_EDGE ( 'NONE', *, *, #1306, .F. ) ;
#386 = ADVANCED_FACE ( 'NONE', ( #907 ), #743, .F. ) ;
#387 = EDGE_LOOP ( 'NONE', ( #1481, #926, #659, #37, #528, #975, #452, #1098 ) ) ;
#388 = PRESENTATION_STYLE_ASSIGNMENT (( #233 ) ) ;
#389 = CARTESIAN_POINT ( 'NONE',  ( -6.900000000000013678, -30.00000000000000000, 6.000000000000000888 ) ) ;
#390 =( GEOMETRIC_REPRESENTATION_CONTEXT ( 3 ) GLOBAL_UNCERTAINTY_ASSIGNED_CONTEXT ( ( #1298 ) ) GLOBAL_UNIT_ASSIGNED_CONTEXT ( ( #1637, #473, #447 ) ) REPRESENTATION_CONTEXT ( 'NONE', 'WORKASPACE' ) );
#391 = DIRECTION ( 'NONE',  ( -0.000000000000000000, -0.000000000000000000, -1.000000000000000000 ) ) ;
#392 = LINE ( 'NONE', #1047, #1238 ) ;
#393 = ORIENTED_EDGE ( 'NONE', *, *, #942, .F. ) ;
#394 = ORIENTED_EDGE ( 'NONE', *, *, #121, .T. ) ;
#395 = EDGE_CURVE ( 'NONE', #644, #675, #1146, .T. ) ;
#396 = AXIS2_PLACEMENT_3D ( 'NONE', #262, #789, #1610 ) ;
#397 = CARTESIAN_POINT ( 'NONE',  ( 17.25000000000000711, -54.75000000000005684, 0.000000000000000000 ) ) ;
#398 = LINE ( 'NONE', #664, #1 ) ;
#399 = DIRECTION ( 'NONE',  ( 0.000000000000000000, 0.000000000000000000, 1.000000000000000000 ) ) ;
#400 = ORIENTED_EDGE ( 'NONE', *, *, #749, .F. ) ;
#401 = CARTESIAN_POINT ( 'NONE',  ( 22.50000000000000711, -55.00000000000005684, 6.000000000000000000 ) ) ;
#402 = FILL_AREA_STYLE_COLOUR ( '', #826 ) ;
#403 = PLANE ( 'NONE',  #396 ) ;
#404 = SURFACE_STYLE_FILL_AREA ( #1323 ) ;
#405 = PRESENTATION_LAYER_ASSIGNMENT (  '', '', ( #1094 ) ) ;
#406 = FACE_BOUND ( 'NONE', #299, .T. ) ;
#407 = SURFACE_SIDE_STYLE ('',( #1217 ) ) ;
#408 = VERTEX_POINT ( 'NONE', #1169 ) ;
#409 = DIRECTION ( 'NONE',  ( -1.000000000000000000, 0.000000000000000000, -0.000000000000000000 ) ) ;
#410 = FILL_AREA_STYLE ('',( #402 ) ) ;
#411 = CIRCLE ( 'NONE', #1629, 1.249999999999999334 ) ;
#412 =( NAMED_UNIT ( * ) PLANE_ANGLE_UNIT ( ) SI_UNIT ( $, .RADIAN. ) );
#413 = EDGE_CURVE ( 'NONE', #761, #577, #503, .T. ) ;
#414 = CARTESIAN_POINT ( 'NONE',  ( -6.900000000000007461, -30.00000000000000000, 6.000000000000000000 ) ) ;
#415 = EDGE_LOOP ( 'NONE', ( #487, #1652, #171, #1464 ) ) ;
#416 = DIRECTION ( 'NONE',  ( 1.000000000000000000, 0.000000000000000000, 0.000000000000000000 ) ) ;
#417 = DIRECTION ( 'NONE',  ( 1.000000000000000000, 0.000000000000000000, 0.000000000000000000 ) ) ;
#418 = FILL_AREA_STYLE_COLOUR ( '', #1279 ) ;
#419 = AXIS2_PLACEMENT_3D ( 'NONE', #733, #1373, #600 ) ;
#420 = COLOUR_RGB ( '',0.5294117647058823595, 0.5490196078431373028, 0.5490196078431373028 ) ;
#421 =( NAMED_UNIT ( * ) PLANE_ANGLE_UNIT ( ) SI_UNIT ( $, .RADIAN. ) );
#422 = CARTESIAN_POINT ( 'NONE',  ( -22.74999999999999289, -43.25000000000004974, 6.000000000000000000 ) ) ;
#423 = CARTESIAN_POINT ( 'NONE',  ( -17.24999999999999289, 43.25000000000005684, -0.001000000000000132727 ) ) ;
#424 = EDGE_CURVE ( 'NONE', #1173, #344, #138, .T. ) ;
#425 = ORIENTED_EDGE ( 'NONE', *, *, #1518, .F. ) ;
#426 = DIRECTION ( 'NONE',  ( 0.000000000000000000, -1.000000000000000000, 0.000000000000000000 ) ) ;
#427 = CARTESIAN_POINT ( 'NONE',  ( -22.19999999999999574, -23.00000000000012790, 6.000000000000000000 ) ) ;
#428 = VECTOR ( 'NONE', #1235, 1000.000000000000000 ) ;
#429 = CARTESIAN_POINT ( 'NONE',  ( -19.99999999999999289, 54.75000000000005684, 6.000000000000000000 ) ) ;
#430 = STYLED_ITEM ( 'NONE', ( #1355 ), #656 ) ;
#431 = CARTESIAN_POINT ( 'NONE',  ( 6.000000000000005329, -16.00000000000000000, 0.000000000000000000 ) ) ;
#432 = FACE_OUTER_BOUND ( 'NONE', #491, .T. ) ;
#433 = ORIENTED_EDGE ( 'NONE', *, *, #1089, .F. ) ;
#434 = ADVANCED_FACE ( 'NONE', ( #649 ), #1283, .F. ) ;
#435 = CARTESIAN_POINT ( 'NONE',  ( 17.25000000000000711, -43.25000000000004974, 6.000000000000000000 ) ) ;
#436 = PRODUCT_DEFINITION_SHAPE ( 'NONE', 'NONE',  #498 ) ;
#437 = DIRECTION ( 'NONE',  ( 1.000000000000000000, 0.000000000000000000, 0.000000000000000000 ) ) ;
#438 = CIRCLE ( 'NONE', #1134, 1.649999999999998579 ) ;
#439 = AXIS2_PLACEMENT_3D ( 'NONE', #1124, #598, #741 ) ;
#440 = FACE_BOUND ( 'NONE', #44, .T. ) ;
#441 = ORIENTED_EDGE ( 'NONE', *, *, #858, .F. ) ;
#442 = DIRECTION ( 'NONE',  ( -0.000000000000000000, -0.000000000000000000, -1.000000000000000000 ) ) ;
#443 = EDGE_CURVE ( 'NONE', #1016, #1000, #252, .T. ) ;
#444 = DIRECTION ( 'NONE',  ( -0.000000000000000000, -0.000000000000000000, 1.000000000000000000 ) ) ;
#445 = ORIENTED_EDGE ( 'NONE', *, *, #518, .F. ) ;
#446 = DIRECTION ( 'NONE',  ( 0.000000000000000000, 0.000000000000000000, 1.000000000000000000 ) ) ;
#447 =( NAMED_UNIT ( * ) SI_UNIT ( $, .STERADIAN. ) SOLID_ANGLE_UNIT ( ) );
#448 = MECHANICAL_DESIGN_GEOMETRIC_PRESENTATION_REPRESENTATION (  '', ( #1170 ), #890 ) ;
#449 = CIRCLE ( 'NONE', #1561, 2.099999999999993427 ) ;
#450 = DIRECTION ( 'NONE',  ( 0.000000000000000000, 0.000000000000000000, 1.000000000000000000 ) ) ;
#451 = ORIENTED_EDGE ( 'NONE', *, *, #608, .T. ) ;
#452 = ORIENTED_EDGE ( 'NONE', *, *, #1050, .T. ) ;
#453 = CARTESIAN_POINT ( 'NONE',  ( -27.49999999999999289, 54.99999999999995026, 0.000000000000000000 ) ) ;
#454 = LINE ( 'NONE', #573, #1654 ) ;
#455 = VERTEX_POINT ( 'NONE', #275 ) ;
#456 = ADVANCED_FACE ( 'NONE', ( #257, #1478, #12, #801, #406, #285, #809, #123, #1485, #526, #295, #28, #20 ), #1201, .F. ) ;
#457 = LINE ( 'NONE', #1096, #1022 ) ;
#458 = STYLED_ITEM ( 'NONE', ( #1484 ), #677 ) ;
#459 = CARTESIAN_POINT ( 'NONE',  ( 22.50000000000000711, -60.00000000000005684, 6.000000000000000000 ) ) ;
#460 = VERTEX_POINT ( 'NONE', #1334 ) ;
#461 = VECTOR ( 'NONE', #1587, 1000.000000000000000 ) ;
#462 = ORIENTED_EDGE ( 'NONE', *, *, #869, .F. ) ;
#463 = ORIENTED_EDGE ( 'NONE', *, *, #1363, .F. ) ;
#464 = EDGE_CURVE ( 'NONE', #1531, #1254, #52, .T. ) ;
#465 = FILL_AREA_STYLE_COLOUR ( '', #180 ) ;
#466 =( GEOMETRIC_REPRESENTATION_CONTEXT ( 3 ) GLOBAL_UNCERTAINTY_ASSIGNED_CONTEXT ( ( #947 ) ) GLOBAL_UNIT_ASSIGNED_CONTEXT ( ( #1055, #1357, #538 ) ) REPRESENTATION_CONTEXT ( 'NONE', 'WORKASPACE' ) );
#467 = VERTEX_POINT ( 'NONE', #143 ) ;
#468 = ORIENTED_EDGE ( 'NONE', *, *, #160, .F. ) ;
#469 = CARTESIAN_POINT ( 'NONE',  ( -9.000000000000001776, -30.00000000000000000, 0.000000000000000000 ) ) ;
#470 =( NAMED_UNIT ( * ) PLANE_ANGLE_UNIT ( ) SI_UNIT ( $, .RADIAN. ) );
#471 = SURFACE_STYLE_FILL_AREA ( #1666 ) ;
#472 = EDGE_LOOP ( 'NONE', ( #1275, #941, #843, #779 ) ) ;
#473 =( NAMED_UNIT ( * ) PLANE_ANGLE_UNIT ( ) SI_UNIT ( $, .RADIAN. ) );
#474 = DIRECTION ( 'NONE',  ( 0.000000000000000000, 1.000000000000000000, 0.000000000000000000 ) ) ;
#475 =( GEOMETRIC_REPRESENTATION_CONTEXT ( 3 ) GLOBAL_UNCERTAINTY_ASSIGNED_CONTEXT ( ( #1349 ) ) GLOBAL_UNIT_ASSIGNED_CONTEXT ( ( #1322, #251, #1174 ) ) REPRESENTATION_CONTEXT ( 'NONE', 'WORKASPACE' ) );
#476 = ORIENTED_EDGE ( 'NONE', *, *, #1110, .F. ) ;
#477 = COLOUR_RGB ( '',0.5294117647058823595, 0.5490196078431373028, 0.5490196078431373028 ) ;
#478 = EDGE_CURVE ( 'NONE', #1391, #249, #1448, .T. ) ;
#479 = ORIENTED_EDGE ( 'NONE', *, *, #46, .F. ) ;
#480 =( NAMED_UNIT ( * ) SI_UNIT ( $, .STERADIAN. ) SOLID_ANGLE_UNIT ( ) );
#481 = DIRECTION ( 'NONE',  ( 1.000000000000000000, 0.000000000000000000, 0.000000000000000000 ) ) ;
#482 = ORIENTED_EDGE ( 'NONE', *, *, #1371, .F. ) ;
#483 = DIRECTION ( 'NONE',  ( 1.000000000000000000, 0.000000000000000000, 0.000000000000000000 ) ) ;
#484 = FILL_AREA_STYLE ('',( #220 ) ) ;
#485 = ORIENTED_EDGE ( 'NONE', *, *, #318, .F. ) ;
#486 = PRESENTATION_LAYER_ASSIGNMENT (  '', '', ( #1227 ) ) ;
#487 = ORIENTED_EDGE ( 'NONE', *, *, #1720, .T. ) ;
#488 = EDGE_CURVE ( 'NONE', #1444, #232, #958, .T. ) ;
#489 = FILL_AREA_STYLE_COLOUR ( '', #929 ) ;
#490 = DIRECTION ( 'NONE',  ( -0.000000000000000000, -0.000000000000000000, 1.000000000000000000 ) ) ;
#491 = EDGE_LOOP ( 'NONE', ( #1155, #1552, #242, #852 ) ) ;
#492 = SURFACE_STYLE_USAGE ( .BOTH. , #1688 ) ;
#493 = CYLINDRICAL_SURFACE ( 'NONE', #294, 5.000000000000000888 ) ;
#494 = EDGE_LOOP ( 'NONE', ( #721, #1367, #1350, #271 ) ) ;
#495 = CIRCLE ( 'NONE', #1473, 2.099999999999994316 ) ;
#496 = DIRECTION ( 'NONE',  ( 0.000000000000000000, -1.000000000000000000, 0.000000000000000000 ) ) ;
#497 = AXIS2_PLACEMENT_3D ( 'NONE', #175, #705, #1232 ) ;
#498 = PRODUCT_DEFINITION ( 'UNKNOWN', '', #320, #770 ) ;
#499 = DIRECTION ( 'NONE',  ( -0.000000000000000000, -0.000000000000000000, -1.000000000000000000 ) ) ;
#500 = ORIENTED_EDGE ( 'NONE', *, *, #1198, .T. ) ;
#501 = DIRECTION ( 'NONE',  ( 0.000000000000000000, 0.000000000000000000, 1.000000000000000000 ) ) ;
#502 = VERTEX_POINT ( 'NONE', #1317 ) ;
#503 = CIRCLE ( 'NONE', #113, 1.649999999999998579 ) ;
#504 = VERTEX_POINT ( 'NONE', #657 ) ;
#505 = AXIS2_PLACEMENT_3D ( 'NONE', #99, #516, #229 ) ;
#506 = VECTOR ( 'NONE', #104, 1000.000000000000000 ) ;
#507 =( NAMED_UNIT ( * ) PLANE_ANGLE_UNIT ( ) SI_UNIT ( $, .RADIAN. ) );
#508 = CARTESIAN_POINT ( 'NONE',  ( -19.99999999999999289, -43.25000000000005684, 6.000000000000000000 ) ) ;
#509 = EDGE_CURVE ( 'NONE', #1686, #157, #1248, .T. ) ;
#510 = PRESENTATION_STYLE_ASSIGNMENT (( #492 ) ) ;
#511 = CARTESIAN_POINT ( 'NONE',  ( 6.000000000000005329, 16.00000000000000000, 6.000000000000000000 ) ) ;
#512 = ORIENTED_EDGE ( 'NONE', *, *, #1539, .F. ) ;
#513 = DIRECTION ( 'NONE',  ( -0.000000000000000000, -0.000000000000000000, -1.000000000000000000 ) ) ;
#514 = UNCERTAINTY_MEASURE_WITH_UNIT (LENGTH_MEASURE( 1.000000000000000082E-05 ), #238, 'distance_accuracy_value', 'NONE');
#515 = SURFACE_SIDE_STYLE ('',( #10 ) ) ;
#516 = DIRECTION ( 'NONE',  ( -1.000000000000000000, 0.000000000000000000, -0.000000000000000000 ) ) ;
#517 = CARTESIAN_POINT ( 'NONE',  ( 22.75000000000000711, 54.75000000000005684, -0.001000000000000132727 ) ) ;
#518 = EDGE_CURVE ( 'NONE', #1391, #1016, #1184, .T. ) ;
#519 = ORIENTED_EDGE ( 'NONE', *, *, #413, .F. ) ;
#520 = ORIENTED_EDGE ( 'NONE', *, *, #36, .T. ) ;
#521 = AXIS2_PLACEMENT_3D ( 'NONE', #469, #658, #1436 ) ;
#522 =( NAMED_UNIT ( * ) SI_UNIT ( $, .STERADIAN. ) SOLID_ANGLE_UNIT ( ) );
#523 = AXIS2_PLACEMENT_3D ( 'NONE', #1609, #261, #417 ) ;
#524 = DIRECTION ( 'NONE',  ( 1.000000000000000000, 0.000000000000000000, 0.000000000000000000 ) ) ;
#525 = CARTESIAN_POINT ( 'NONE',  ( -22.74999999999999289, -43.25000000000005684, 6.000000000000000000 ) ) ;
#526 = FACE_BOUND ( 'NONE', #1418, .T. ) ;
#527 = CARTESIAN_POINT ( 'NONE',  ( -7.749999999999998224, -23.00000000000013145, 6.000000000000000000 ) ) ;
#528 = ORIENTED_EDGE ( 'NONE', *, *, #1602, .T. ) ;
#529 = CARTESIAN_POINT ( 'NONE',  ( 27.50000000000000711, 60.00000000000005684, 0.000000000000000000 ) ) ;
#530 = UNCERTAINTY_MEASURE_WITH_UNIT (LENGTH_MEASURE( 1.000000000000000082E-05 ), #817, 'distance_accuracy_value', 'NONE');
#531 = EDGE_CURVE ( 'NONE', #209, #1080, #367, .T. ) ;
#532 = SURFACE_SIDE_STYLE ('',( #1361 ) ) ;
#533 = DIRECTION ( 'NONE',  ( -0.000000000000000000, -0.000000000000000000, 1.000000000000000000 ) ) ;
#534 = COLOUR_RGB ( '',0.5294117647058823595, 0.5490196078431373028, 0.5490196078431373028 ) ;
#535 = MECHANICAL_DESIGN_GEOMETRIC_PRESENTATION_REPRESENTATION (  '', ( #1676 ), #475 ) ;
#536 = AXIS2_PLACEMENT_3D ( 'NONE', #1083, #1100, #1632 ) ;
#537 = CARTESIAN_POINT ( 'NONE',  ( 20.00000000000000711, 43.25000000000005684, 0.000000000000000000 ) ) ;
#538 =( NAMED_UNIT ( * ) SI_UNIT ( $, .STERADIAN. ) SOLID_ANGLE_UNIT ( ) );
#539 = ORIENTED_EDGE ( 'NONE', *, *, #1306, .T. ) ;
#540 = LINE ( 'NONE', #529, #547 ) ;
#541 = DIRECTION ( 'NONE',  ( 0.000000000000000000, 1.000000000000000000, 0.000000000000000000 ) ) ;
#542 = AXIS2_PLACEMENT_3D ( 'NONE', #114, #895, #1307 ) ;
#543 = PRESENTATION_STYLE_ASSIGNMENT (( #1069 ) ) ;
#544 = EDGE_CURVE ( 'NONE', #408, #574, #398, .T. ) ;
#545 = AXIS2_PLACEMENT_3D ( 'NONE', #1506, #316, #1619 ) ;
#546 = DIRECTION ( 'NONE',  ( -0.000000000000000000, -0.000000000000000000, 1.000000000000000000 ) ) ;
#547 = VECTOR ( 'NONE', #1074, 1000.000000000000000 ) ;
#548 =( NAMED_UNIT ( * ) SI_UNIT ( $, .STERADIAN. ) SOLID_ANGLE_UNIT ( ) );
#549 = DIRECTION ( 'NONE',  ( -0.000000000000000000, -0.000000000000000000, -1.000000000000000000 ) ) ;
#550 = ORIENTED_EDGE ( 'NONE', *, *, #264, .F. ) ;
#551 = CARTESIAN_POINT ( 'NONE',  ( -23.44999999999999929, -23.00000000000012790, 6.000000000000000000 ) ) ;
#552 = CARTESIAN_POINT ( 'NONE',  ( 20.00000000000000711, 54.75000000000005684, 6.000000000000000000 ) ) ;
#553 = EDGE_CURVE ( 'NONE', #502, #323, #225, .T. ) ;
#554 =( LENGTH_UNIT ( ) NAMED_UNIT ( * ) SI_UNIT ( .MILLI., .METRE. ) );
#555 = CARTESIAN_POINT ( 'NONE',  ( 13.09999999999998721, -29.99999999999998579, 6.000000000000000888 ) ) ;
#556 = EDGE_LOOP ( 'NONE', ( #377, #1278 ) ) ;
#557 = DIRECTION ( 'NONE',  ( 1.000000000000000000, 0.000000000000000000, 0.000000000000000000 ) ) ;
#558 = DIRECTION ( 'NONE',  ( 1.000000000000000000, 0.000000000000000000, 0.000000000000000000 ) ) ;
#559 = DIRECTION ( 'NONE',  ( 1.000000000000000000, 0.000000000000000000, 0.000000000000000000 ) ) ;
#560 = DIRECTION ( 'NONE',  ( 0.000000000000000000, 0.000000000000000000, 1.000000000000000000 ) ) ;
#561 = EDGE_CURVE ( 'NONE', #102, #269, #973, .T. ) ;
#562 = CARTESIAN_POINT ( 'NONE',  ( -17.24999999999999289, 54.75000000000005684, -0.001000000000000132727 ) ) ;
#563 = VERTEX_POINT ( 'NONE', #597 ) ;
#564 = DIRECTION ( 'NONE',  ( -0.000000000000000000, 0.000000000000000000, 1.000000000000000000 ) ) ;
#565 = DIRECTION ( 'NONE',  ( 1.000000000000000000, 0.000000000000000000, 0.000000000000000000 ) ) ;
#566 =( GEOMETRIC_REPRESENTATION_CONTEXT ( 3 ) GLOBAL_UNCERTAINTY_ASSIGNED_CONTEXT ( ( #637 ) ) GLOBAL_UNIT_ASSIGNED_CONTEXT ( ( #1257, #470, #480 ) ) REPRESENTATION_CONTEXT ( 'NONE', 'WORKASPACE' ) );
#567 = CARTESIAN_POINT ( 'NONE',  ( -22.74999999999999289, -54.75000000000005684, 0.000000000000000000 ) ) ;
#568 = PRESENTATION_STYLE_ASSIGNMENT (( #72 ) ) ;
#569 = EDGE_CURVE ( 'NONE', #563, #1543, #753, .T. ) ;
#570 = FACE_BOUND ( 'NONE', #332, .T. ) ;
#571 = VERTEX_POINT ( 'NONE', #567 ) ;
#572 = SURFACE_STYLE_FILL_AREA ( #292 ) ;
#573 = CARTESIAN_POINT ( 'NONE',  ( -22.74999999999999289, -54.75000000000005684, 6.000000000000000000 ) ) ;
#574 = VERTEX_POINT ( 'NONE', #1095 ) ;
#575 = VECTOR ( 'NONE', #650, 1000.000000000000000 ) ;
#576 = FACE_BOUND ( 'NONE', #96, .T. ) ;
#577 = VERTEX_POINT ( 'NONE', #966 ) ;
#578 = VERTEX_POINT ( 'NONE', #713 ) ;
#579 =( LENGTH_UNIT ( ) NAMED_UNIT ( * ) SI_UNIT ( .MILLI., .METRE. ) );
#580 = EDGE_CURVE ( 'NONE', #582, #883, #449, .T. ) ;
#581 =( LENGTH_UNIT ( ) NAMED_UNIT ( * ) SI_UNIT ( .MILLI., .METRE. ) );
#582 = VERTEX_POINT ( 'NONE', #1714 ) ;
#583 = CARTESIAN_POINT ( 'NONE',  ( -10.24999999999999645, -23.00000000000013145, 0.000000000000000000 ) ) ;
#584 = PRESENTATION_LAYER_ASSIGNMENT (  '', '', ( #1282 ) ) ;
#585 = AXIS2_PLACEMENT_3D ( 'NONE', #639, #1678, #885 ) ;
#586 = AXIS2_PLACEMENT_3D ( 'NONE', #1324, #131, #2 ) ;
#587 = PLANE ( 'NONE',  #419 ) ;
#588 = ORIENTED_EDGE ( 'NONE', *, *, #1456, .F. ) ;
#589 = AXIS2_PLACEMENT_3D ( 'NONE', #435, #48, #564 ) ;
#590 = ORIENTED_EDGE ( 'NONE', *, *, #858, .T. ) ;
#591 = DIRECTION ( 'NONE',  ( 1.000000000000000000, -1.387778780781445478E-15, 0.000000000000000000 ) ) ;
#592 = APPLICATION_CONTEXT ( 'automotive_design' ) ;
#593 = EDGE_CURVE ( 'NONE', #708, #761, #775, .T. ) ;
#594 = SURFACE_SIDE_STYLE ('',( #60 ) ) ;
#595 =( GEOMETRIC_REPRESENTATION_CONTEXT ( 3 ) GLOBAL_UNCERTAINTY_ASSIGNED_CONTEXT ( ( #928 ) ) GLOBAL_UNIT_ASSIGNED_CONTEXT ( ( #265, #1581, #655 ) ) REPRESENTATION_CONTEXT ( 'NONE', 'WORKASPACE' ) );
#596 = ORIENTED_EDGE ( 'NONE', *, *, #1730, .T. ) ;
#597 = CARTESIAN_POINT ( 'NONE',  ( 8.900000000000005684, 29.99999999999998579, 0.000000000000000000 ) ) ;
#598 = DIRECTION ( 'NONE',  ( -1.000000000000000000, 0.000000000000000000, 7.226810014900879756E-17 ) ) ;
#599 =( GEOMETRIC_REPRESENTATION_CONTEXT ( 3 ) GLOBAL_UNCERTAINTY_ASSIGNED_CONTEXT ( ( #530 ) ) GLOBAL_UNIT_ASSIGNED_CONTEXT ( ( #817, #412, #1470 ) ) REPRESENTATION_CONTEXT ( 'NONE', 'WORKASPACE' ) );
#600 = DIRECTION ( 'NONE',  ( 1.000000000000000000, 0.000000000000000000, -0.000000000000000000 ) ) ;
#601 = ORIENTED_EDGE ( 'NONE', *, *, #803, .T. ) ;
#602 = VECTOR ( 'NONE', #119, 1000.000000000000000 ) ;
#603 = ORIENTED_EDGE ( 'NONE', *, *, #1042, .T. ) ;
#604 = DIRECTION ( 'NONE',  ( 1.000000000000000000, 0.000000000000000000, 0.000000000000000000 ) ) ;
#605 = CYLINDRICAL_SURFACE ( 'NONE', #1375, 1.249999999999999334 ) ;
#606 = DIRECTION ( 'NONE',  ( -1.000000000000000000, 0.000000000000000000, 0.000000000000000000 ) ) ;
#607 = ORIENTED_EDGE ( 'NONE', *, *, #1446, .F. ) ;
#608 = EDGE_CURVE ( 'NONE', #883, #718, #98, .T. ) ;
#609 = DIRECTION ( 'NONE',  ( -0.000000000000000000, -0.000000000000000000, 1.000000000000000000 ) ) ;
#610 = AXIS2_PLACEMENT_3D ( 'NONE', #1455, #678, #25 ) ;
#611 = EDGE_LOOP ( 'NONE', ( #1607, #909 ) ) ;
#612 = ORIENTED_EDGE ( 'NONE', *, *, #772, .T. ) ;
#613 = CARTESIAN_POINT ( 'NONE',  ( 20.00000000000000711, -54.75000000000005684, 6.000000000000000000 ) ) ;
#614 = CARTESIAN_POINT ( 'NONE',  ( -11.09999999999998899, 30.00000000000000000, 6.000000000000000888 ) ) ;
#615 = ORIENTED_EDGE ( 'NONE', *, *, #1404, .T. ) ;
#616 = DIRECTION ( 'NONE',  ( -1.000000000000000000, 0.000000000000000000, 0.000000000000000000 ) ) ;
#617 = CARTESIAN_POINT ( 'NONE',  ( 6.000000000000005329, 16.00000000000000000, -5.510910596162953970E-17 ) ) ;
#618 = ADVANCED_FACE ( 'NONE', ( #1005 ), #1308, .F. ) ;
#619 = ORIENTED_EDGE ( 'NONE', *, *, #1215, .F. ) ;
#620 = ORIENTED_EDGE ( 'NONE', *, *, #569, .T. ) ;
#621 = ORIENTED_EDGE ( 'NONE', *, *, #544, .T. ) ;
#622 = DIRECTION ( 'NONE',  ( 1.000000000000000000, 0.000000000000000000, 0.000000000000000000 ) ) ;
#623 = VECTOR ( 'NONE', #686, 1000.000000000000000 ) ;
#624 = LINE ( 'NONE', #633, #1030 ) ;
#625 = ORIENTED_EDGE ( 'NONE', *, *, #300, .F. ) ;
#626 = ADVANCED_FACE ( 'NONE', ( #1280 ), #1571, .F. ) ;
#627 = ORIENTED_EDGE ( 'NONE', *, *, #1392, .F. ) ;
#628 = CIRCLE ( 'NONE', #1125, 1.249999999999999334 ) ;
#629 = SURFACE_STYLE_USAGE ( .BOTH. , #95 ) ;
#630 = UNCERTAINTY_MEASURE_WITH_UNIT (LENGTH_MEASURE( 1.000000000000000082E-05 ), #1092, 'distance_accuracy_value', 'NONE');
#631 = ORIENTED_EDGE ( 'NONE', *, *, #488, .T. ) ;
#632 = SURFACE_STYLE_FILL_AREA ( #1151 ) ;
#633 = CARTESIAN_POINT ( 'NONE',  ( 4.350000000000006750, -16.00000000000000000, 0.000000000000000000 ) ) ;
#634 = CARTESIAN_POINT ( 'NONE',  ( 22.75000000000000711, 54.75000000000005684, 0.000000000000000000 ) ) ;
#635 = ORIENTED_EDGE ( 'NONE', *, *, #1156, .T. ) ;
#636 = VECTOR ( 'NONE', #1382, 1000.000000000000000 ) ;
#637 = UNCERTAINTY_MEASURE_WITH_UNIT (LENGTH_MEASURE( 1.000000000000000082E-05 ), #1257, 'distance_accuracy_value', 'NONE');
#638 = LINE ( 'NONE', #652, #1230 ) ;
#639 = CARTESIAN_POINT ( 'NONE',  ( -8.999999999999998224, -23.00000000000013145, 6.000000000000000000 ) ) ;
#640 = EDGE_CURVE ( 'NONE', #574, #969, #1123, .T. ) ;
#641 = DIRECTION ( 'NONE',  ( 1.000000000000000000, 0.000000000000000000, 0.000000000000000000 ) ) ;
#642 = FILL_AREA_STYLE_COLOUR ( '', #142 ) ;
#643 = DIRECTION ( 'NONE',  ( 1.000000000000000000, 0.000000000000000000, 0.000000000000000000 ) ) ;
#644 = VERTEX_POINT ( 'NONE', #1544 ) ;
#645 = LINE ( 'NONE', #864, #68 ) ;
#646 = DIRECTION ( 'NONE',  ( -0.000000000000000000, -0.000000000000000000, 1.000000000000000000 ) ) ;
#647 = ADVANCED_FACE ( 'NONE', ( #1416 ), #219, .F. ) ;
#648 = DIRECTION ( 'NONE',  ( -0.000000000000000000, -0.000000000000000000, 1.000000000000000000 ) ) ;
#649 = FACE_OUTER_BOUND ( 'NONE', #1474, .T. ) ;
#650 = DIRECTION ( 'NONE',  ( -0.000000000000000000, -0.000000000000000000, 1.000000000000000000 ) ) ;
#651 = ORIENTED_EDGE ( 'NONE', *, *, #1186, .T. ) ;
#652 = CARTESIAN_POINT ( 'NONE',  ( -17.24999999999999289, 0.000000000000000000, 0.000000000000000000 ) ) ;
#653 = AXIS2_PLACEMENT_3D ( 'NONE', #1724, #546, #524 ) ;
#654 =( NAMED_UNIT ( * ) PLANE_ANGLE_UNIT ( ) SI_UNIT ( $, .RADIAN. ) );
#655 =( NAMED_UNIT ( * ) SI_UNIT ( $, .STERADIAN. ) SOLID_ANGLE_UNIT ( ) );
#656 = ADVANCED_FACE ( 'NONE', ( #1425 ), #1290, .F. ) ;
#657 = CARTESIAN_POINT ( 'NONE',  ( 17.25000000000000711, 54.75000000000005684, 6.000000000000000000 ) ) ;
#658 = DIRECTION ( 'NONE',  ( 0.000000000000000000, 0.000000000000000000, 1.000000000000000000 ) ) ;
#659 = ORIENTED_EDGE ( 'NONE', *, *, #264, .T. ) ;
#660 = VERTEX_POINT ( 'NONE', #255 ) ;
#661 =( LENGTH_UNIT ( ) NAMED_UNIT ( * ) SI_UNIT ( .MILLI., .METRE. ) );
#662 = FACE_OUTER_BOUND ( 'NONE', #250, .T. ) ;
#663 = CIRCLE ( 'NONE', #497, 2.099999999999993427 ) ;
#664 = CARTESIAN_POINT ( 'NONE',  ( -11.09999999999999609, -30.00000000000000000, 6.000000000000000000 ) ) ;
#665 = DIRECTION ( 'NONE',  ( 1.000000000000000000, 0.000000000000000000, 0.000000000000000000 ) ) ;
#666 = EDGE_LOOP ( 'NONE', ( #968, #859, #625, #901 ) ) ;
#667 = EDGE_CURVE ( 'NONE', #883, #582, #151, .T. ) ;
#668 = LINE ( 'NONE', #551, #1153 ) ;
#669 = CARTESIAN_POINT ( 'NONE',  ( -22.50000000000000355, 59.99999999999995026, 6.000000000000000000 ) ) ;
#670 = LINE ( 'NONE', #921, #1502 ) ;
#671 = AXIS2_PLACEMENT_3D ( 'NONE', #537, #1597, #71 ) ;
#672 = COLOUR_RGB ( '',0.5294117647058823595, 0.5490196078431373028, 0.5490196078431373028 ) ;
#673 = DIRECTION ( 'NONE',  ( 0.000000000000000000, 0.000000000000000000, 1.000000000000000000 ) ) ;
#674 = DIRECTION ( 'NONE',  ( 1.000000000000000000, 0.000000000000000000, 0.000000000000000000 ) ) ;
#675 = VERTEX_POINT ( 'NONE', #1343 ) ;
#676 = FACE_OUTER_BOUND ( 'NONE', #1049, .T. ) ;
#677 = ADVANCED_FACE ( 'NONE', ( #11 ), #1595, .F. ) ;
#678 = DIRECTION ( 'NONE',  ( 0.000000000000000000, 0.000000000000000000, 1.000000000000000000 ) ) ;
#679 = DIRECTION ( 'NONE',  ( -0.000000000000000000, -0.000000000000000000, 1.000000000000000000 ) ) ;
#680 = PRESENTATION_LAYER_ASSIGNMENT (  '', '', ( #375 ) ) ;
#681 = VECTOR ( 'NONE', #1721, 1000.000000000000000 ) ;
#682 = DIRECTION ( 'NONE',  ( 0.000000000000000000, 0.000000000000000000, 1.000000000000000000 ) ) ;
#683 = ORIENTED_EDGE ( 'NONE', *, *, #1539, .T. ) ;
#684 = CARTESIAN_POINT ( 'NONE',  ( -19.99999999999999289, -43.25000000000005684, 6.000000000000000000 ) ) ;
#685 = ORIENTED_EDGE ( 'NONE', *, *, #1026, .T. ) ;
#686 = DIRECTION ( 'NONE',  ( -0.000000000000000000, -0.000000000000000000, 1.000000000000000000 ) ) ;
#687 = MECHANICAL_DESIGN_GEOMETRIC_PRESENTATION_REPRESENTATION (  '', ( #1606 ), #853 ) ;
#688 = SURFACE_STYLE_FILL_AREA ( #915 ) ;
#689 = PLANE ( 'NONE',  #963 ) ;
#690 = FACE_OUTER_BOUND ( 'NONE', #1529, .T. ) ;
#691 = VERTEX_POINT ( 'NONE', #397 ) ;
#692 = SURFACE_SIDE_STYLE ('',( #166 ) ) ;
#693 = AXIS2_PLACEMENT_3D ( 'NONE', #1356, #1462, #559 ) ;
#694 = CYLINDRICAL_SURFACE ( 'NONE', #986, 5.000000000000000888 ) ;
#695 =( GEOMETRIC_REPRESENTATION_CONTEXT ( 3 ) GLOBAL_UNCERTAINTY_ASSIGNED_CONTEXT ( ( #514 ) ) GLOBAL_UNIT_ASSIGNED_CONTEXT ( ( #238, #1583, #363 ) ) REPRESENTATION_CONTEXT ( 'NONE', 'WORKASPACE' ) );
#696 = PRODUCT ( 'E.FLEX_01_Adapterblech_Scharnier1_V1.1', 'E.FLEX_01_Adapterblech_Scharnier1_V1.1', '', ( #704 ) ) ;
#697 = ADVANCED_FACE ( 'NONE', ( #1611 ), #1053, .F. ) ;
#698 = DIRECTION ( 'NONE',  ( 0.000000000000000000, 0.000000000000000000, 1.000000000000000000 ) ) ;
#699 = CYLINDRICAL_SURFACE ( 'NONE', #1580, 1.649999999999998579 ) ;
#700 = CARTESIAN_POINT ( 'NONE',  ( -27.49999999999999289, 54.99999999999995026, 6.000000000000000000 ) ) ;
#701 = EDGE_LOOP ( 'NONE', ( #1409, #1122 ) ) ;
#702 = LINE ( 'NONE', #851, #1206 ) ;
#703 = MECHANICAL_DESIGN_GEOMETRIC_PRESENTATION_REPRESENTATION (  '', ( #1227 ), #1487 ) ;
#704 = PRODUCT_CONTEXT ( 'NONE', #592, 'mechanical' ) ;
#705 = DIRECTION ( 'NONE',  ( 0.000000000000000000, 0.000000000000000000, 1.000000000000000000 ) ) ;
#706 = VECTOR ( 'NONE', #795, 1000.000000000000000 ) ;
#707 = DIRECTION ( 'NONE',  ( 7.226810014900879756E-17, 0.000000000000000000, 1.000000000000000000 ) ) ;
#708 = VERTEX_POINT ( 'NONE', #1103 ) ;
#709 = ORIENTED_EDGE ( 'NONE', *, *, #509, .T. ) ;
#710 =( NAMED_UNIT ( * ) SI_UNIT ( $, .STERADIAN. ) SOLID_ANGLE_UNIT ( ) );
#711 = EDGE_LOOP ( 'NONE', ( #1236, #394, #607, #1289 ) ) ;
#712 = VECTOR ( 'NONE', #1202, 1000.000000000000000 ) ;
#713 = CARTESIAN_POINT ( 'NONE',  ( 7.650000000000003908, -16.00000000000000000, -5.510910596162953970E-17 ) ) ;
#714 = FILL_AREA_STYLE ('',( #328 ) ) ;
#715 = PRESENTATION_LAYER_ASSIGNMENT (  '', '', ( #1631 ) ) ;
#716 = ORIENTED_EDGE ( 'NONE', *, *, #8, .F. ) ;
#717 = ADVANCED_FACE ( 'NONE', ( #957 ), #1084, .F. ) ;
#718 = VERTEX_POINT ( 'NONE', #1655 ) ;
#719 = CARTESIAN_POINT ( 'NONE',  ( -17.24999999999999289, 43.25000000000005684, -4.235164736271501695E-19 ) ) ;
#720 =( NAMED_UNIT ( * ) PLANE_ANGLE_UNIT ( ) SI_UNIT ( $, .RADIAN. ) );
#721 = ORIENTED_EDGE ( 'NONE', *, *, #1208, .T. ) ;
#722 = CIRCLE ( 'NONE', #289, 2.749999999999999112 ) ;
#723 = FACE_BOUND ( 'NONE', #611, .T. ) ;
#724 = ORIENTED_EDGE ( 'NONE', *, *, #300, .T. ) ;
#725 = EDGE_LOOP ( 'NONE', ( #73, #992, #1241, #903 ) ) ;
#726 = CARTESIAN_POINT ( 'NONE',  ( 4.350000000000006750, -16.00000000000000000, -5.510910596162953970E-17 ) ) ;
#727 = FILL_AREA_STYLE_COLOUR ( '', #253 ) ;
#728 = EDGE_CURVE ( 'NONE', #563, #502, #702, .T. ) ;
#729 = ORIENTED_EDGE ( 'NONE', *, *, #478, .F. ) ;
#730 = AXIS2_PLACEMENT_3D ( 'NONE', #1725, #1176, #1715 ) ;
#731 = LINE ( 'NONE', #40, #76 ) ;
#732 = AXIS2_PLACEMENT_3D ( 'NONE', #984, #31, #842 ) ;
#733 = CARTESIAN_POINT ( 'NONE',  ( 0.000000000000000000, 0.000000000000000000, 6.000000000000000000 ) ) ;
#734 = EDGE_LOOP ( 'NONE', ( #425, #1712, #588, #1430, #1004, #603, #468, #1104 ) ) ;
#735 = ORIENTED_EDGE ( 'NONE', *, *, #1549, .T. ) ;
#736 = CYLINDRICAL_SURFACE ( 'NONE', #897, 2.749999999999999112 ) ;
#737 = FILL_AREA_STYLE_COLOUR ( '', #1512 ) ;
#738 = CARTESIAN_POINT ( 'NONE',  ( 22.75000000000000711, 0.000000000000000000, 0.000000000000000000 ) ) ;
#739 = VERTEX_POINT ( 'NONE', #861 ) ;
#740 = EDGE_CURVE ( 'NONE', #1405, #571, #454, .T. ) ;
#741 = DIRECTION ( 'NONE',  ( 7.226810014900879756E-17, 0.000000000000000000, 1.000000000000000000 ) ) ;
#742 = AXIS2_PLACEMENT_3D ( 'NONE', #306, #560, #3 ) ;
#743 = PLANE ( 'NONE',  #833 ) ;
#744 = VECTOR ( 'NONE', #18, 1000.000000000000000 ) ;
#745 = ORIENTED_EDGE ( 'NONE', *, *, #1177, .F. ) ;
#746 = ORIENTED_EDGE ( 'NONE', *, *, #103, .F. ) ;
#747 = CARTESIAN_POINT ( 'NONE',  ( -19.99999999999999289, -43.25000000000005684, 0.000000000000000000 ) ) ;
#748 = ORIENTED_EDGE ( 'NONE', *, *, #1660, .F. ) ;
#749 = EDGE_CURVE ( 'NONE', #1513, #1335, #1038, .T. ) ;
#750 = DIRECTION ( 'NONE',  ( -1.000000000000000000, 0.000000000000000000, 0.000000000000000000 ) ) ;
#751 = AXIS2_PLACEMENT_3D ( 'NONE', #933, #939, #1612 ) ;
#752 = VECTOR ( 'NONE', #646, 1000.000000000000000 ) ;
#753 = CIRCLE ( 'NONE', #1424, 2.099999999999994316 ) ;
#754 = ORIENTED_EDGE ( 'NONE', *, *, #791, .F. ) ;
#755 = VERTEX_POINT ( 'NONE', #1492 ) ;
#756 = VERTEX_POINT ( 'NONE', #1395 ) ;
#757 = DIRECTION ( 'NONE',  ( -0.000000000000000000, -0.000000000000000000, 1.000000000000000000 ) ) ;
#758 = DIRECTION ( 'NONE',  ( -0.000000000000000000, -0.000000000000000000, -1.000000000000000000 ) ) ;
#759 = DIRECTION ( 'NONE',  ( -0.000000000000000000, 0.000000000000000000, 1.000000000000000000 ) ) ;
#760 = CARTESIAN_POINT ( 'NONE',  ( 20.00000000000000711, -43.25000000000005684, 0.000000000000000000 ) ) ;
#761 = VERTEX_POINT ( 'NONE', #304 ) ;
#762 =( GEOMETRIC_REPRESENTATION_CONTEXT ( 3 ) GLOBAL_UNCERTAINTY_ASSIGNED_CONTEXT ( ( #1066 ) ) GLOBAL_UNIT_ASSIGNED_CONTEXT ( ( #1060, #139, #710 ) ) REPRESENTATION_CONTEXT ( 'NONE', 'WORKASPACE' ) );
#763 = CARTESIAN_POINT ( 'NONE',  ( 22.75000000000000711, 43.25000000000005684, 6.000000000000000000 ) ) ;
#764 = CLOSED_SHELL ( 'NONE', ( #697, #878, #824, #1285, #932, #677, #1077, #971, #456, #618, #717, #1270, #647, #290, #133, #168, #922, #340, #1672, #148, #855, #987, #845, #910, #309, #243, #1145, #198, #1427, #386, #1415, #434, #278, #350, #656, #626, #1658, #1490, #241, #1614, #832, #781 ) ) ;
#765 = CARTESIAN_POINT ( 'NONE',  ( 20.00000000000000711, -54.75000000000005684, 6.000000000000000000 ) ) ;
#766 = DIRECTION ( 'NONE',  ( 1.000000000000000000, 0.000000000000000000, 0.000000000000000000 ) ) ;
#767 = DIRECTION ( 'NONE',  ( 1.000000000000000000, 2.891205793294678696E-17, -0.000000000000000000 ) ) ;
#768 = EDGE_LOOP ( 'NONE', ( #118, #621, #126, #482 ) ) ;
#769 = CIRCLE ( 'NONE', #521, 2.099999999999993427 ) ;
#770 = PRODUCT_DEFINITION_CONTEXT ( 'detailed design', #1243, 'design' ) ;
#771 = CARTESIAN_POINT ( 'NONE',  ( 6.000000000000005329, 16.00000000000000000, 6.000000000000000000 ) ) ;
#772 = EDGE_CURVE ( 'NONE', #999, #756, #1515, .T. ) ;
#773 = CARTESIAN_POINT ( 'NONE',  ( -9.000000000000001776, 30.00000000000000000, 6.000000000000000000 ) ) ;
#774 = LINE ( 'NONE', #1434, #841 ) ;
#775 = LINE ( 'NONE', #1562, #1642 ) ;
#776 = CARTESIAN_POINT ( 'NONE',  ( -22.74999999999999289, 54.75000000000006395, 6.000000000000000000 ) ) ;
#777 = DIRECTION ( 'NONE',  ( 1.000000000000000000, 0.000000000000000000, 0.000000000000000000 ) ) ;
#778 = EDGE_LOOP ( 'NONE', ( #1729, #324 ) ) ;
#779 = ORIENTED_EDGE ( 'NONE', *, *, #1459, .F. ) ;
#780 = EDGE_CURVE ( 'NONE', #1296, #75, #956, .T. ) ;
#781 = ADVANCED_FACE ( 'NONE', ( #1364 ), #694, .T. ) ;
#782 = SURFACE_SIDE_STYLE ('',( #688 ) ) ;
#783 = DIRECTION ( 'NONE',  ( 1.000000000000000000, 0.000000000000000000, 0.000000000000000000 ) ) ;
#784 = LINE ( 'NONE', #1302, #575 ) ;
#785 = VERTEX_POINT ( 'NONE', #1223 ) ;
#786 = ORIENTED_EDGE ( 'NONE', *, *, #772, .F. ) ;
#787 = VECTOR ( 'NONE', #370, 1000.000000000000000 ) ;
#788 = CARTESIAN_POINT ( 'NONE',  ( -22.19999999999999574, -23.00000000000012790, 0.000000000000000000 ) ) ;
#789 = DIRECTION ( 'NONE',  ( -1.000000000000000000, 0.000000000000000000, 7.226810014900879756E-17 ) ) ;
#790 =( GEOMETRIC_REPRESENTATION_CONTEXT ( 3 ) GLOBAL_UNCERTAINTY_ASSIGNED_CONTEXT ( ( #7 ) ) GLOBAL_UNIT_ASSIGNED_CONTEXT ( ( #847, #856, #1406 ) ) REPRESENTATION_CONTEXT ( 'NONE', 'WORKASPACE' ) );
#791 = EDGE_CURVE ( 'NONE', #880, #755, #1112, .T. ) ;
#792 = DIRECTION ( 'NONE',  ( -0.000000000000000000, -0.000000000000000000, 1.000000000000000000 ) ) ;
#793 = CARTESIAN_POINT ( 'NONE',  ( -17.24999999999999289, 54.75000000000005684, 0.000000000000000000 ) ) ;
#794 = ORIENTED_EDGE ( 'NONE', *, *, #561, .T. ) ;
#795 = DIRECTION ( 'NONE',  ( -7.226810014900879756E-17, 0.000000000000000000, -1.000000000000000000 ) ) ;
#796 = ORIENTED_EDGE ( 'NONE', *, *, #544, .F. ) ;
#797 = VECTOR ( 'NONE', #1401, 1000.000000000000000 ) ;
#798 = ADVANCED_BREP_SHAPE_REPRESENTATION ( 'E.FLEX_01_Adapterblech_Scharnier1_V1.1', ( #974, #1121 ), #93 ) ;
#799 = FACE_OUTER_BOUND ( 'NONE', #768, .T. ) ;
#800 = VECTOR ( 'NONE', #541, 1000.000000000000000 ) ;
#801 = FACE_BOUND ( 'NONE', #1437, .T. ) ;
#802 = CARTESIAN_POINT ( 'NONE',  ( 22.49999999999999645, 60.00000000000004974, 6.000000000000000000 ) ) ;
#803 = EDGE_CURVE ( 'NONE', #1577, #460, #154, .T. ) ;
#804 = ORIENTED_EDGE ( 'NONE', *, *, #1019, .T. ) ;
#805 = CARTESIAN_POINT ( 'NONE',  ( 27.50000000000000711, -55.00000000000005684, 0.000000000000000000 ) ) ;
#806 = AXIS2_PLACEMENT_3D ( 'NONE', #1472, #1345, #819 ) ;
#807 = LINE ( 'NONE', #1341, #214 ) ;
#808 = FILL_AREA_STYLE ('',( #418 ) ) ;
#809 = FACE_BOUND ( 'NONE', #1023, .T. ) ;
#810 = DIRECTION ( 'NONE',  ( -1.000000000000000000, 0.000000000000000000, 0.000000000000000000 ) ) ;
#811 = ORIENTED_EDGE ( 'NONE', *, *, #1050, .F. ) ;
#812 = CARTESIAN_POINT ( 'NONE',  ( -27.49999999999998934, -55.00000000000005684, 6.000000000000000000 ) ) ;
#813 = EDGE_CURVE ( 'NONE', #785, #1650, #1646, .T. ) ;
#814 = CIRCLE ( 'NONE', #730, 5.000000000000000888 ) ;
#815 = CARTESIAN_POINT ( 'NONE',  ( -23.44999999999999929, -23.00000000000012790, 0.000000000000000000 ) ) ;
#816 = COLOUR_RGB ( '',0.5294117647058823595, 0.5490196078431373028, 0.5490196078431373028 ) ;
#817 =( LENGTH_UNIT ( ) NAMED_UNIT ( * ) SI_UNIT ( .MILLI., .METRE. ) );
#818 = AXIS2_PLACEMENT_3D ( 'NONE', #771, #1051, #1164 ) ;
#819 = DIRECTION ( 'NONE',  ( 1.000000000000000000, 0.000000000000000000, -0.000000000000000000 ) ) ;
#820 = FILL_AREA_STYLE_COLOUR ( '', #1441 ) ;
#821 = DIRECTION ( 'NONE',  ( 1.000000000000000000, 0.000000000000000000, 0.000000000000000000 ) ) ;
#822 = ORIENTED_EDGE ( 'NONE', *, *, #361, .F. ) ;
#823 = FACE_OUTER_BOUND ( 'NONE', #4, .T. ) ;
#824 = ADVANCED_FACE ( 'NONE', ( #1240 ), #310, .F. ) ;
#825 = CIRCLE ( 'NONE', #74, 2.099999999999987210 ) ;
#826 = COLOUR_RGB ( '',0.5294117647058823595, 0.5490196078431373028, 0.5490196078431373028 ) ;
#827 = CARTESIAN_POINT ( 'NONE',  ( 11.00000000000000000, -29.99999999999998579, 0.000000000000000000 ) ) ;
#828 = LINE ( 'NONE', #422, #881 ) ;
#829 = LINE ( 'NONE', #1623, #989 ) ;
#830 = ORIENTED_EDGE ( 'NONE', *, *, #36, .F. ) ;
#831 = DIRECTION ( 'NONE',  ( 2.891205793294678696E-17, -1.000000000000000000, -0.000000000000000000 ) ) ;
#832 = ADVANCED_FACE ( 'NONE', ( #1433 ), #1165, .T. ) ;
#833 = AXIS2_PLACEMENT_3D ( 'NONE', #776, #1564, #83 ) ;
#834 = AXIS2_PLACEMENT_3D ( 'NONE', #773, #679, #1447 ) ;
#835 = CARTESIAN_POINT ( 'NONE',  ( 6.000000000000005329, -16.00000000000000000, 6.000000000000000000 ) ) ;
#836 = CIRCLE ( 'NONE', #87, 1.649999999999998579 ) ;
#837 =( NAMED_UNIT ( * ) PLANE_ANGLE_UNIT ( ) SI_UNIT ( $, .RADIAN. ) );
#838 = DIRECTION ( 'NONE',  ( -0.000000000000000000, -0.000000000000000000, 1.000000000000000000 ) ) ;
#839 = EDGE_LOOP ( 'NONE', ( #884, #745, #871, #1274 ) ) ;
#840 = EDGE_LOOP ( 'NONE', ( #179, #953 ) ) ;
#841 = VECTOR ( 'NONE', #648, 1000.000000000000000 ) ;
#842 = DIRECTION ( 'NONE',  ( 1.000000000000000000, 0.000000000000000000, 0.000000000000000000 ) ) ;
#843 = ORIENTED_EDGE ( 'NONE', *, *, #740, .T. ) ;
#844 = DIRECTION ( 'NONE',  ( 0.000000000000000000, -1.000000000000000000, 0.000000000000000000 ) ) ;
#845 = ADVANCED_FACE ( 'NONE', ( #1260 ), #1422, .F. ) ;
#846 = AXIS2_PLACEMENT_3D ( 'NONE', #156, #1475, #821 ) ;
#847 =( LENGTH_UNIT ( ) NAMED_UNIT ( * ) SI_UNIT ( .MILLI., .METRE. ) );
#848 = VERTEX_POINT ( 'NONE', #614 ) ;
#849 = ORIENTED_EDGE ( 'NONE', *, *, #1549, .F. ) ;
#850 =( NAMED_UNIT ( * ) PLANE_ANGLE_UNIT ( ) SI_UNIT ( $, .RADIAN. ) );
#851 = CARTESIAN_POINT ( 'NONE',  ( 8.900000000000005684, 29.99999999999998579, 6.000000000000000000 ) ) ;
#852 = ORIENTED_EDGE ( 'NONE', *, *, #1099, .F. ) ;
#853 =( GEOMETRIC_REPRESENTATION_CONTEXT ( 3 ) GLOBAL_UNCERTAINTY_ASSIGNED_CONTEXT ( ( #630 ) ) GLOBAL_UNIT_ASSIGNED_CONTEXT ( ( #1092, #1497, #172 ) ) REPRESENTATION_CONTEXT ( 'NONE', 'WORKASPACE' ) );
#854 = DIRECTION ( 'NONE',  ( -1.000000000000000000, 0.000000000000000000, 0.000000000000000000 ) ) ;
#855 = ADVANCED_FACE ( 'NONE', ( #1141 ), #368, .T. ) ;
#856 =( NAMED_UNIT ( * ) PLANE_ANGLE_UNIT ( ) SI_UNIT ( $, .RADIAN. ) );
#857 = ORIENTED_EDGE ( 'NONE', *, *, #1167, .F. ) ;
#858 = EDGE_CURVE ( 'NONE', #1413, #675, #1641, .T. ) ;
#859 = ORIENTED_EDGE ( 'NONE', *, *, #464, .T. ) ;
#860 = CARTESIAN_POINT ( 'NONE',  ( 22.49999999999999645, 60.00000000000004974, 0.000000000000000000 ) ) ;
#861 = CARTESIAN_POINT ( 'NONE',  ( 7.650000000000003908, 16.00000000000000000, 6.000000000000000000 ) ) ;
#862 = EDGE_LOOP ( 'NONE', ( #134, #651, #918, #1237 ) ) ;
#863 = CARTESIAN_POINT ( 'NONE',  ( -22.74999999999999289, -54.75000000000005684, 6.000000000000000000 ) ) ;
#864 = CARTESIAN_POINT ( 'NONE',  ( 7.650000000000003908, -16.00000000000000000, 0.000000000000000000 ) ) ;
#865 = ORIENTED_EDGE ( 'NONE', *, *, #1683, .T. ) ;
#866 = ORIENTED_EDGE ( 'NONE', *, *, #254, .T. ) ;
#867 = DIRECTION ( 'NONE',  ( 0.000000000000000000, 0.000000000000000000, 1.000000000000000000 ) ) ;
#868 = DIRECTION ( 'NONE',  ( 1.000000000000000000, 0.000000000000000000, 0.000000000000000000 ) ) ;
#869 = EDGE_CURVE ( 'NONE', #455, #92, #1025, .T. ) ;
#870 = PRESENTATION_STYLE_ASSIGNMENT (( #343 ) ) ;
#871 = ORIENTED_EDGE ( 'NONE', *, *, #942, .T. ) ;
#872 =( NAMED_UNIT ( * ) SI_UNIT ( $, .STERADIAN. ) SOLID_ANGLE_UNIT ( ) );
#873 = SURFACE_STYLE_FILL_AREA ( #714 ) ;
#874 = ORIENTED_EDGE ( 'NONE', *, *, #1167, .T. ) ;
#875 = UNCERTAINTY_MEASURE_WITH_UNIT (LENGTH_MEASURE( 1.000000000000000082E-05 ), #661, 'distance_accuracy_value', 'NONE');
#876 = VERTEX_POINT ( 'NONE', #1267 ) ;
#877 = FACE_OUTER_BOUND ( 'NONE', #53, .T. ) ;
#878 = ADVANCED_FACE ( 'NONE', ( #1550 ), #1692, .F. ) ;
#879 = FACE_OUTER_BOUND ( 'NONE', #1142, .T. ) ;
#880 = VERTEX_POINT ( 'NONE', #1534 ) ;
#881 = VECTOR ( 'NONE', #32, 1000.000000000000000 ) ;
#882 = DIRECTION ( 'NONE',  ( 1.000000000000000000, 1.387778780781445478E-15, 0.000000000000000000 ) ) ;
#883 = VERTEX_POINT ( 'NONE', #1277 ) ;
#884 = ORIENTED_EDGE ( 'NONE', *, *, #728, .F. ) ;
#885 = DIRECTION ( 'NONE',  ( 1.000000000000000000, 0.000000000000000000, 0.000000000000000000 ) ) ;
#886 = ORIENTED_EDGE ( 'NONE', *, *, #1315, .T. ) ;
#887 = EDGE_CURVE ( 'NONE', #1245, #269, #208, .T. ) ;
#888 = DIRECTION ( 'NONE',  ( -0.000000000000000000, -0.000000000000000000, -1.000000000000000000 ) ) ;
#889 = CIRCLE ( 'NONE', #1144, 2.099999999999987210 ) ;
#890 =( GEOMETRIC_REPRESENTATION_CONTEXT ( 3 ) GLOBAL_UNCERTAINTY_ASSIGNED_CONTEXT ( ( #1205 ) ) GLOBAL_UNIT_ASSIGNED_CONTEXT ( ( #581, #720, #359 ) ) REPRESENTATION_CONTEXT ( 'NONE', 'WORKASPACE' ) );
#891 = AXIS2_PLACEMENT_3D ( 'NONE', #246, #767, #107 ) ;
#892 = EDGE_LOOP ( 'NONE', ( #748, #1538, #520, #1381 ) ) ;
#893 = LINE ( 'NONE', #260, #681 ) ;
#894 =( GEOMETRIC_REPRESENTATION_CONTEXT ( 3 ) GLOBAL_UNCERTAINTY_ASSIGNED_CONTEXT ( ( #1061 ) ) GLOBAL_UNIT_ASSIGNED_CONTEXT ( ( #579, #850, #1109 ) ) REPRESENTATION_CONTEXT ( 'NONE', 'WORKASPACE' ) );
#895 = DIRECTION ( 'NONE',  ( 0.000000000000000000, 0.000000000000000000, 1.000000000000000000 ) ) ;
#896 = AXIS2_PLACEMENT_3D ( 'NONE', #80, #228, #616 ) ;
#897 = AXIS2_PLACEMENT_3D ( 'NONE', #613, #1140, #215 ) ;
#898 = CARTESIAN_POINT ( 'NONE',  ( -22.49999999999998934, -60.00000000000005684, 6.000000000000000000 ) ) ;
#899 = EDGE_CURVE ( 'NONE', #287, #785, #1559, .T. ) ;
#900 = DIRECTION ( 'NONE',  ( 1.000000000000000000, 0.000000000000000000, 0.000000000000000000 ) ) ;
#901 = ORIENTED_EDGE ( 'NONE', *, *, #1272, .F. ) ;
#902 = VECTOR ( 'NONE', #1499, 1000.000000000000000 ) ;
#903 = ORIENTED_EDGE ( 'NONE', *, *, #413, .T. ) ;
#904 =( LENGTH_UNIT ( ) NAMED_UNIT ( * ) SI_UNIT ( .MILLI., .METRE. ) );
#905 = DIRECTION ( 'NONE',  ( -0.000000000000000000, -0.000000000000000000, -1.000000000000000000 ) ) ;
#906 = UNCERTAINTY_MEASURE_WITH_UNIT (LENGTH_MEASURE( 1.000000000000000082E-05 ), #1314, 'distance_accuracy_value', 'NONE');
#907 = FACE_OUTER_BOUND ( 'NONE', #190, .T. ) ;
#908 = DIRECTION ( 'NONE',  ( -0.000000000000000000, -0.000000000000000000, -1.000000000000000000 ) ) ;
#909 = ORIENTED_EDGE ( 'NONE', *, *, #803, .F. ) ;
#910 = ADVANCED_FACE ( 'NONE', ( #879 ), #1149, .F. ) ;
#911 = AXIS2_PLACEMENT_3D ( 'NONE', #197, #1001, #1728 ) ;
#912 = DIRECTION ( 'NONE',  ( -1.000000000000000000, 0.000000000000000000, 0.000000000000000000 ) ) ;
#913 = UNCERTAINTY_MEASURE_WITH_UNIT (LENGTH_MEASURE( 1.000000000000000082E-05 ), #554, 'distance_accuracy_value', 'NONE');
#914 = EDGE_CURVE ( 'NONE', #460, #1577, #1369, .T. ) ;
#915 = FILL_AREA_STYLE ('',( #1027 ) ) ;
#916 = DIRECTION ( 'NONE',  ( -0.000000000000000000, -0.000000000000000000, 1.000000000000000000 ) ) ;
#917 = CARTESIAN_POINT ( 'NONE',  ( 11.00000000000000000, 29.99999999999998579, 0.000000000000000000 ) ) ;
#918 = ORIENTED_EDGE ( 'NONE', *, *, #1530, .T. ) ;
#919 = AXIS2_PLACEMENT_3D ( 'NONE', #552, #19, #137 ) ;
#920 = CARTESIAN_POINT ( 'NONE',  ( -22.74999999999999289, 0.000000000000000000, 0.000000000000000000 ) ) ;
#921 = CARTESIAN_POINT ( 'NONE',  ( 13.09999999999999432, 29.99999999999998579, 6.000000000000000000 ) ) ;
#922 = ADVANCED_FACE ( 'NONE', ( #662 ), #403, .T. ) ;
#923 = CARTESIAN_POINT ( 'NONE',  ( 6.000000000000005329, -16.00000000000000000, 0.000000000000000000 ) ) ;
#924 = DIRECTION ( 'NONE',  ( -0.000000000000000000, -0.000000000000000000, 1.000000000000000000 ) ) ;
#925 = CARTESIAN_POINT ( 'NONE',  ( -19.99999999999999289, -54.75000000000005684, 0.000000000000000000 ) ) ;
#926 = ORIENTED_EDGE ( 'NONE', *, *, #1563, .T. ) ;
#927 = DIRECTION ( 'NONE',  ( -1.000000000000000000, 0.000000000000000000, 0.000000000000000000 ) ) ;
#928 = UNCERTAINTY_MEASURE_WITH_UNIT (LENGTH_MEASURE( 1.000000000000000082E-05 ), #265, 'distance_accuracy_value', 'NONE');
#929 = COLOUR_RGB ( '',0.5294117647058823595, 0.5490196078431373028, 0.5490196078431373028 ) ;
#930 = SURFACE_STYLE_USAGE ( .BOTH. , #532 ) ;
#931 = AXIS2_PLACEMENT_3D ( 'NONE', #401, #270, #927 ) ;
#932 = ADVANCED_FACE ( 'NONE', ( #273 ), #1579, .F. ) ;
#933 = CARTESIAN_POINT ( 'NONE',  ( 11.00000000000000000, -29.99999999999998579, 6.000000000000000000 ) ) ;
#934 = DIRECTION ( 'NONE',  ( -1.000000000000000000, 0.000000000000000000, 0.000000000000000000 ) ) ;
#935 = ORIENTED_EDGE ( 'NONE', *, *, #111, .T. ) ;
#936 = CYLINDRICAL_SURFACE ( 'NONE', #1263, 2.749999999999999112 ) ;
#937 = VECTOR ( 'NONE', #1613, 1000.000000000000000 ) ;
#938 = PRESENTATION_LAYER_ASSIGNMENT (  '', '', ( #274 ) ) ;
#939 = DIRECTION ( 'NONE',  ( -0.000000000000000000, -0.000000000000000000, 1.000000000000000000 ) ) ;
#940 = CARTESIAN_POINT ( 'NONE',  ( 17.24999999999996092, 43.25000000000005684, 6.000000000000000000 ) ) ;
#941 = ORIENTED_EDGE ( 'NONE', *, *, #1338, .T. ) ;
#942 = EDGE_CURVE ( 'NONE', #1543, #323, #670, .T. ) ;
#943 = DIRECTION ( 'NONE',  ( 1.000000000000000000, 0.000000000000000000, 0.000000000000000000 ) ) ;
#944 = UNCERTAINTY_MEASURE_WITH_UNIT (LENGTH_MEASURE( 1.000000000000000082E-05 ), #904, 'distance_accuracy_value', 'NONE');
#945 = CARTESIAN_POINT ( 'NONE',  ( 27.50000000000000711, 55.00000000000004974, 6.000000000000000000 ) ) ;
#946 = PRESENTATION_STYLE_ASSIGNMENT (( #1059 ) ) ;
#947 = UNCERTAINTY_MEASURE_WITH_UNIT (LENGTH_MEASURE( 1.000000000000000082E-05 ), #1055, 'distance_accuracy_value', 'NONE');
#948 = SURFACE_STYLE_USAGE ( .BOTH. , #782 ) ;
#949 = CARTESIAN_POINT ( 'NONE',  ( -19.99999999999999289, 43.25000000000005684, 0.000000000000000000 ) ) ;
#950 = DIRECTION ( 'NONE',  ( -0.000000000000000000, -1.000000000000000000, -0.000000000000000000 ) ) ;
#951 = EDGE_CURVE ( 'NONE', #1009, #460, #112, .T. ) ;
#952 = DIRECTION ( 'NONE',  ( 1.000000000000000000, 0.000000000000000000, 0.000000000000000000 ) ) ;
#953 = ORIENTED_EDGE ( 'NONE', *, *, #70, .F. ) ;
#954 = MECHANICAL_DESIGN_GEOMETRIC_PRESENTATION_REPRESENTATION (  '', ( #203 ), #566 ) ;
#955 = CARTESIAN_POINT ( 'NONE',  ( -20.94999999999999574, -23.00000000000012790, 0.000000000000000000 ) ) ;
#956 = CIRCLE ( 'NONE', #13, 1.649999999999998579 ) ;
#957 = FACE_OUTER_BOUND ( 'NONE', #1719, .T. ) ;
#958 = LINE ( 'NONE', #1216, #1675 ) ;
#959 = FILL_AREA_STYLE ('',( #820 ) ) ;
#960 = CYLINDRICAL_SURFACE ( 'NONE', #931, 5.000000000000000888 ) ;
#961 = ORIENTED_EDGE ( 'NONE', *, *, #353, .T. ) ;
#962 = EDGE_CURVE ( 'NONE', #1384, #92, #722, .T. ) ;
#963 = AXIS2_PLACEMENT_3D ( 'NONE', #296, #810, #1365 ) ;
#964 = VECTOR ( 'NONE', #1213, 1000.000000000000000 ) ;
#965 = FILL_AREA_STYLE ('',( #727 ) ) ;
#966 = CARTESIAN_POINT ( 'NONE',  ( 7.650000000000003908, 16.00000000000000000, -5.510910596162953970E-17 ) ) ;
#967 = CARTESIAN_POINT ( 'NONE',  ( 27.50000000000000711, -60.00000000000005684, 6.000000000000000000 ) ) ;
#968 = ORIENTED_EDGE ( 'NONE', *, *, #207, .F. ) ;
#969 = VERTEX_POINT ( 'NONE', #389 ) ;
#970 = DIRECTION ( 'NONE',  ( -0.000000000000000000, -0.000000000000000000, 1.000000000000000000 ) ) ;
#971 = ADVANCED_FACE ( 'NONE', ( #799 ), #1601, .F. ) ;
#972 = SURFACE_STYLE_USAGE ( .BOTH. , #594 ) ;
#973 = CIRCLE ( 'NONE', #671, 2.749999999999999112 ) ;
#974 = MANIFOLD_SOLID_BREP ( 'Verrundung1', #764 ) ;
#975 = ORIENTED_EDGE ( 'NONE', *, *, #1008, .T. ) ;
#976 = AXIS2_PLACEMENT_3D ( 'NONE', #1006, #450, #1509 ) ;
#977 = SHAPE_DEFINITION_REPRESENTATION ( #436, #798 ) ;
#978 = DIRECTION ( 'NONE',  ( -0.000000000000000000, -0.000000000000000000, 1.000000000000000000 ) ) ;
#979 = STYLED_ITEM ( 'NONE', ( #1653 ), #974 ) ;
#980 = CYLINDRICAL_SURFACE ( 'NONE', #1590, 2.099999999999994316 ) ;
#981 = ORIENTED_EDGE ( 'NONE', *, *, #1633, .F. ) ;
#982 = EDGE_LOOP ( 'NONE', ( #1467, #189, #1396, #961 ) ) ;
#983 = CARTESIAN_POINT ( 'NONE',  ( -22.49999999999999289, 54.99999999999995026, 0.000000000000000000 ) ) ;
#984 = CARTESIAN_POINT ( 'NONE',  ( 22.50000000000000711, 55.00000000000004974, 6.000000000000000000 ) ) ;
#985 = VERTEX_POINT ( 'NONE', #815 ) ;
#986 = AXIS2_PLACEMENT_3D ( 'NONE', #199, #1370, #38 ) ;
#987 = ADVANCED_FACE ( 'NONE', ( #1386 ), #1228, .F. ) ;
#988 = LINE ( 'NONE', #1244, #1239 ) ;
#989 = VECTOR ( 'NONE', #1465, 1000.000000000000000 ) ;
#990 = SURFACE_STYLE_USAGE ( .BOTH. , #329 ) ;
#991 = ORIENTED_EDGE ( 'NONE', *, *, #207, .T. ) ;
#992 = ORIENTED_EDGE ( 'NONE', *, *, #46, .T. ) ;
#993 = CARTESIAN_POINT ( 'NONE',  ( -9.000000000000001776, -30.00000000000000000, 6.000000000000000000 ) ) ;
#994 = DIRECTION ( 'NONE',  ( -0.000000000000000000, -0.000000000000000000, 1.000000000000000000 ) ) ;
#995 = VERTEX_POINT ( 'NONE', #453 ) ;
#996 = AXIS2_PLACEMENT_3D ( 'NONE', #1072, #1605, #1463 ) ;
#997 = DIRECTION ( 'NONE',  ( 1.000000000000000000, -0.000000000000000000, -0.000000000000000000 ) ) ;
#998 = DIRECTION ( 'NONE',  ( 1.000000000000000000, 0.000000000000000000, 0.000000000000000000 ) ) ;
#999 = VERTEX_POINT ( 'NONE', #1214 ) ;
#1000 = VERTEX_POINT ( 'NONE', #719 ) ;
#1001 = DIRECTION ( 'NONE',  ( -0.000000000000000000, -0.000000000000000000, 1.000000000000000000 ) ) ;
#1002 = LINE ( 'NONE', #77, #1540 ) ;
#1003 = SURFACE_SIDE_STYLE ('',( #471 ) ) ;
#1004 = ORIENTED_EDGE ( 'NONE', *, *, #27, .F. ) ;
#1005 = FACE_OUTER_BOUND ( 'NONE', #1041, .T. ) ;
#1006 = CARTESIAN_POINT ( 'NONE',  ( 20.00000000000000711, -54.75000000000005684, 0.000000000000000000 ) ) ;
#1007 = ORIENTED_EDGE ( 'NONE', *, *, #395, .T. ) ;
#1008 = EDGE_CURVE ( 'NONE', #1500, #231, #146, .T. ) ;
#1009 = VERTEX_POINT ( 'NONE', #955 ) ;
#1010 =( NAMED_UNIT ( * ) PLANE_ANGLE_UNIT ( ) SI_UNIT ( $, .RADIAN. ) );
#1011 = DIRECTION ( 'NONE',  ( 0.000000000000000000, -1.000000000000000000, 0.000000000000000000 ) ) ;
#1012 = ORIENTED_EDGE ( 'NONE', *, *, #1371, .T. ) ;
#1013 = VECTOR ( 'NONE', #1670, 1000.000000000000000 ) ;
#1014 = DIRECTION ( 'NONE',  ( -0.000000000000000000, -0.000000000000000000, -1.000000000000000000 ) ) ;
#1015 = CIRCLE ( 'NONE', #97, 2.099999999999987210 ) ;
#1016 = VERTEX_POINT ( 'NONE', #159 ) ;
#1017 = DIRECTION ( 'NONE',  ( 0.000000000000000000, 0.000000000000000000, 1.000000000000000000 ) ) ;
#1018 = DIRECTION ( 'NONE',  ( -0.000000000000000000, -0.000000000000000000, 1.000000000000000000 ) ) ;
#1019 = EDGE_CURVE ( 'NONE', #1405, #880, #1565, .T. ) ;
#1020 = ORIENTED_EDGE ( 'NONE', *, *, #1233, .F. ) ;
#1021 = CIRCLE ( 'NONE', #996, 2.749999999999999112 ) ;
#1022 = VECTOR ( 'NONE', #1105, 1000.000000000000000 ) ;
#1023 = EDGE_LOOP ( 'NONE', ( #227, #1496, #685, #794 ) ) ;
#1024 = CARTESIAN_POINT ( 'NONE',  ( -27.49999999999998934, -60.00000000000005684, 0.000000000000000000 ) ) ;
#1025 = LINE ( 'NONE', #1288, #506 ) ;
#1026 = EDGE_CURVE ( 'NONE', #1090, #102, #1618, .T. ) ;
#1027 = FILL_AREA_STYLE_COLOUR ( '', #94 ) ;
#1028 = AXIS2_PLACEMENT_3D ( 'NONE', #429, #924, #783 ) ;
#1029 = CARTESIAN_POINT ( 'NONE',  ( 6.000000000000005329, -16.00000000000000000, -5.510910596162953970E-17 ) ) ;
#1030 = VECTOR ( 'NONE', #758, 1000.000000000000000 ) ;
#1031 = CARTESIAN_POINT ( 'NONE',  ( 11.00000000000000000, -29.99999999999998579, 6.000000000000000888 ) ) ;
#1032 = PRESENTATION_LAYER_ASSIGNMENT (  '', '', ( #1113 ) ) ;
#1033 = ORIENTED_EDGE ( 'NONE', *, *, #1363, .T. ) ;
#1034 = ORIENTED_EDGE ( 'NONE', *, *, #1352, .T. ) ;
#1035 = DIRECTION ( 'NONE',  ( 1.000000000000000000, 0.000000000000000000, 0.000000000000000000 ) ) ;
#1036 = MECHANICAL_DESIGN_GEOMETRIC_PRESENTATION_REPRESENTATION (  '', ( #1429 ), #1342 ) ;
#1037 = CARTESIAN_POINT ( 'NONE',  ( -8.999999999999998224, -23.00000000000013145, 6.000000000000000000 ) ) ;
#1038 = CIRCLE ( 'NONE', #732, 5.000000000000000888 ) ;
#1039 = DIRECTION ( 'NONE',  ( 0.000000000000000000, 0.000000000000000000, 1.000000000000000000 ) ) ;
#1040 = CARTESIAN_POINT ( 'NONE',  ( -8.999999999999998224, -23.00000000000013145, 0.000000000000000000 ) ) ;
#1041 = EDGE_LOOP ( 'NONE', ( #194, #615, #811, #1507 ) ) ;
#1042 = EDGE_CURVE ( 'NONE', #995, #467, #330, .T. ) ;
#1043 = AXIS2_PLACEMENT_3D ( 'NONE', #1477, #1603, #282 ) ;
#1044 = LINE ( 'NONE', #1024, #602 ) ;
#1045 = AXIS2_PLACEMENT_3D ( 'NONE', #23, #164, #416 ) ;
#1046 = SURFACE_STYLE_FILL_AREA ( #484 ) ;
#1047 = CARTESIAN_POINT ( 'NONE',  ( 27.50000000000000711, -55.00000000000005684, 6.000000000000000000 ) ) ;
#1048 = AXIS2_PLACEMENT_3D ( 'NONE', #1394, #1185, #1532 ) ;
#1049 = EDGE_LOOP ( 'NONE', ( #196, #804, #335, #314 ) ) ;
#1050 = EDGE_CURVE ( 'NONE', #231, #209, #1378, .T. ) ;
#1051 = DIRECTION ( 'NONE',  ( 0.000000000000000000, 0.000000000000000000, 1.000000000000000000 ) ) ;
#1052 = PRESENTATION_STYLE_ASSIGNMENT (( #930 ) ) ;
#1053 = CYLINDRICAL_SURFACE ( 'NONE', #1716, 1.250000000000001110 ) ;
#1054 = CARTESIAN_POINT ( 'NONE',  ( -22.74999999999999289, 43.25000000000005684, 6.000000000000000000 ) ) ;
#1055 =( LENGTH_UNIT ( ) NAMED_UNIT ( * ) SI_UNIT ( .MILLI., .METRE. ) );
#1056 = ORIENTED_EDGE ( 'NONE', *, *, #115, .F. ) ;
#1057 = DIRECTION ( 'NONE',  ( 0.000000000000000000, -1.000000000000000000, 0.000000000000000000 ) ) ;
#1058 = CIRCLE ( 'NONE', #1368, 1.649999999999998579 ) ;
#1059 = SURFACE_STYLE_USAGE ( .BOTH. , #1305 ) ;
#1060 =( LENGTH_UNIT ( ) NAMED_UNIT ( * ) SI_UNIT ( .MILLI., .METRE. ) );
#1061 = UNCERTAINTY_MEASURE_WITH_UNIT (LENGTH_MEASURE( 1.000000000000000082E-05 ), #579, 'distance_accuracy_value', 'NONE');
#1062 = DIRECTION ( 'NONE',  ( 1.000000000000000000, 0.000000000000000000, 0.000000000000000000 ) ) ;
#1063 = ORIENTED_EDGE ( 'NONE', *, *, #1338, .F. ) ;
#1064 = AXIS2_PLACEMENT_3D ( 'NONE', #508, #1560, #641 ) ;
#1065 = FACE_OUTER_BOUND ( 'NONE', #666, .T. ) ;
#1066 = UNCERTAINTY_MEASURE_WITH_UNIT (LENGTH_MEASURE( 1.000000000000000082E-05 ), #1060, 'distance_accuracy_value', 'NONE');
#1067 = AXIS2_PLACEMENT_3D ( 'NONE', #923, #391, #161 ) ;
#1068 = CARTESIAN_POINT ( 'NONE',  ( 8.900000000000005684, -29.99999999999998579, 6.000000000000000000 ) ) ;
#1069 = SURFACE_STYLE_USAGE ( .BOTH. , #515 ) ;
#1070 = AXIS2_PLACEMENT_3D ( 'NONE', #297, #1358, #943 ) ;
#1071 = FILL_AREA_STYLE ('',( #129 ) ) ;
#1072 = CARTESIAN_POINT ( 'NONE',  ( -19.99999999999999289, 54.75000000000005684, 0.000000000000000000 ) ) ;
#1073 = EDGE_LOOP ( 'NONE', ( #349, #866, #1251, #822 ) ) ;
#1074 = DIRECTION ( 'NONE',  ( -1.000000000000000000, -2.018587317500284798E-15, 0.000000000000000000 ) ) ;
#1075 = VECTOR ( 'NONE', #759, 1000.000000000000000 ) ;
#1076 = CARTESIAN_POINT ( 'NONE',  ( -22.19999999999999574, -23.00000000000012790, 6.000000000000000000 ) ) ;
#1077 = ADVANCED_FACE ( 'NONE', ( #823 ), #1362, .F. ) ;
#1078 = CARTESIAN_POINT ( 'NONE',  ( -17.24999999999999289, 54.75000000000006395, 6.000000000000000000 ) ) ;
#1079 = DIRECTION ( 'NONE',  ( 1.000000000000000000, 0.000000000000000000, 0.000000000000000000 ) ) ;
#1080 = VERTEX_POINT ( 'NONE', #898 ) ;
#1081 = STYLED_ITEM ( 'NONE', ( #510 ), #434 ) ;
#1082 =( NAMED_UNIT ( * ) PLANE_ANGLE_UNIT ( ) SI_UNIT ( $, .RADIAN. ) );
#1083 = CARTESIAN_POINT ( 'NONE',  ( -19.99999999999999289, -54.75000000000005684, 6.000000000000000000 ) ) ;
#1084 = PLANE ( 'NONE',  #545 ) ;
#1085 = DIRECTION ( 'NONE',  ( -0.000000000000000000, -0.000000000000000000, 1.000000000000000000 ) ) ;
#1086 = PRESENTATION_STYLE_ASSIGNMENT (( #132 ) ) ;
#1087 = EDGE_CURVE ( 'NONE', #344, #1513, #784, .T. ) ;
#1088 = DIRECTION ( 'NONE',  ( -7.226810014900879756E-17, 0.000000000000000000, -1.000000000000000000 ) ) ;
#1089 = EDGE_CURVE ( 'NONE', #1635, #1444, #411, .T. ) ;
#1090 = VERTEX_POINT ( 'NONE', #1584 ) ;
#1091 = VECTOR ( 'NONE', #1546, 1000.000000000000000 ) ;
#1092 =( LENGTH_UNIT ( ) NAMED_UNIT ( * ) SI_UNIT ( .MILLI., .METRE. ) );
#1093 = DIRECTION ( 'NONE',  ( -0.000000000000000000, -0.000000000000000000, 1.000000000000000000 ) ) ;
#1094 = STYLED_ITEM ( 'NONE', ( #1264 ), #278 ) ;
#1095 = CARTESIAN_POINT ( 'NONE',  ( -11.09999999999998899, -30.00000000000000000, 6.000000000000000888 ) ) ;
#1096 = CARTESIAN_POINT ( 'NONE',  ( 17.25000000000000711, -43.25000000000005684, 6.000000000000000000 ) ) ;
#1097 = FACE_BOUND ( 'NONE', #181, .T. ) ;
#1098 = ORIENTED_EDGE ( 'NONE', *, *, #531, .T. ) ;
#1099 = EDGE_CURVE ( 'NONE', #1701, #222, #392, .T. ) ;
#1100 = DIRECTION ( 'NONE',  ( -0.000000000000000000, -0.000000000000000000, 1.000000000000000000 ) ) ;
#1101 = VECTOR ( 'NONE', #1451, 1000.000000000000000 ) ;
#1102 =( GEOMETRIC_REPRESENTATION_CONTEXT ( 3 ) GLOBAL_UNCERTAINTY_ASSIGNED_CONTEXT ( ( #875 ) ) GLOBAL_UNIT_ASSIGNED_CONTEXT ( ( #661, #1082, #1491 ) ) REPRESENTATION_CONTEXT ( 'NONE', 'WORKASPACE' ) );
#1103 = CARTESIAN_POINT ( 'NONE',  ( 4.350000000000006750, 16.00000000000000000, 6.000000000000000000 ) ) ;
#1104 = ORIENTED_EDGE ( 'NONE', *, *, #424, .T. ) ;
#1105 = DIRECTION ( 'NONE',  ( -0.000000000000000000, -0.000000000000000000, 1.000000000000000000 ) ) ;
#1106 = CARTESIAN_POINT ( 'NONE',  ( 22.75000000000000711, 43.25000000000005684, -0.001000000000000132727 ) ) ;
#1107 = ORIENTED_EDGE ( 'NONE', *, *, #1215, .T. ) ;
#1108 = ORIENTED_EDGE ( 'NONE', *, *, #1471, .T. ) ;
#1109 =( NAMED_UNIT ( * ) SI_UNIT ( $, .STERADIAN. ) SOLID_ANGLE_UNIT ( ) );
#1110 = EDGE_CURVE ( 'NONE', #582, #848, #1566, .T. ) ;
#1111 = PRESENTATION_LAYER_ASSIGNMENT (  '', '', ( #141 ) ) ;
#1112 = LINE ( 'NONE', #173, #902 ) ;
#1113 = STYLED_ITEM ( 'NONE', ( #89 ), #626 ) ;
#1114 = VERTEX_POINT ( 'NONE', #258 ) ;
#1115 = DIRECTION ( 'NONE',  ( 1.000000000000000000, 0.000000000000000000, 0.000000000000000000 ) ) ;
#1116 = DIRECTION ( 'NONE',  ( -0.000000000000000000, -0.000000000000000000, -1.000000000000000000 ) ) ;
#1117 = EDGE_LOOP ( 'NONE', ( #746, #1657, #1547, #1034 ) ) ;
#1118 = MECHANICAL_DESIGN_GEOMETRIC_PRESENTATION_REPRESENTATION (  '', ( #458 ), #595 ) ;
#1119 = ORIENTED_EDGE ( 'NONE', *, *, #667, .T. ) ;
#1120 = SURFACE_SIDE_STYLE ('',( #572 ) ) ;
#1121 = AXIS2_PLACEMENT_3D ( 'NONE', #319, #446, #1115 ) ;
#1122 = ORIENTED_EDGE ( 'NONE', *, *, #1694, .T. ) ;
#1123 = CIRCLE ( 'NONE', #1182, 2.099999999999987210 ) ;
#1124 = CARTESIAN_POINT ( 'NONE',  ( -17.24999999999999289, 54.75000000000006395, -0.001000000000000132727 ) ) ;
#1125 = AXIS2_PLACEMENT_3D ( 'NONE', #1568, #1017, #365 ) ;
#1126 = DIRECTION ( 'NONE',  ( -0.000000000000000000, -0.000000000000000000, 1.000000000000000000 ) ) ;
#1127 = ORIENTED_EDGE ( 'NONE', *, *, #318, .T. ) ;
#1128 = ORIENTED_EDGE ( 'NONE', *, *, #443, .F. ) ;
#1129 = LINE ( 'NONE', #1179, #163 ) ;
#1130 = CARTESIAN_POINT ( 'NONE',  ( -8.999999999999998224, -23.00000000000013145, 6.000000000000000000 ) ) ;
#1131 = FILL_AREA_STYLE ('',( #67 ) ) ;
#1132 = MECHANICAL_DESIGN_GEOMETRIC_PRESENTATION_REPRESENTATION (  '', ( #1665 ), #466 ) ;
#1133 = ORIENTED_EDGE ( 'NONE', *, *, #185, .F. ) ;
#1134 = AXIS2_PLACEMENT_3D ( 'NONE', #511, #1574, #777 ) ;
#1135 = CARTESIAN_POINT ( 'NONE',  ( 17.24999999999996092, -54.75000000000004974, 6.000000000000000000 ) ) ;
#1136 = EDGE_CURVE ( 'NONE', #408, #69, #769, .T. ) ;
#1137 = FACE_OUTER_BOUND ( 'NONE', #1673, .T. ) ;
#1138 = ORIENTED_EDGE ( 'NONE', *, *, #1480, .T. ) ;
#1139 = ORIENTED_EDGE ( 'NONE', *, *, #1707, .T. ) ;
#1140 = DIRECTION ( 'NONE',  ( -0.000000000000000000, -0.000000000000000000, 1.000000000000000000 ) ) ;
#1141 = FACE_OUTER_BOUND ( 'NONE', #1662, .T. ) ;
#1142 = EDGE_LOOP ( 'NONE', ( #49, #886, #1163, #1695 ) ) ;
#1143 = AXIS2_PLACEMENT_3D ( 'NONE', #1076, #1457, #150 ) ;
#1144 = AXIS2_PLACEMENT_3D ( 'NONE', #193, #609, #998 ) ;
#1145 = ADVANCED_FACE ( 'NONE', ( #1318 ), #205, .F. ) ;
#1146 = LINE ( 'NONE', #1273, #1501 ) ;
#1147 = ORIENTED_EDGE ( 'NONE', *, *, #1530, .F. ) ;
#1148 = VERTEX_POINT ( 'NONE', #527 ) ;
#1149 = CYLINDRICAL_SURFACE ( 'NONE', #919, 2.749999999999999112 ) ;
#1150 = ORIENTED_EDGE ( 'NONE', *, *, #82, .F. ) ;
#1151 = FILL_AREA_STYLE ('',( #642 ) ) ;
#1152 = SURFACE_STYLE_FILL_AREA ( #90 ) ;
#1153 = VECTOR ( 'NONE', #1339, 1000.000000000000000 ) ;
#1154 = ORIENTED_EDGE ( 'NONE', *, *, #8, .T. ) ;
#1155 = ORIENTED_EDGE ( 'NONE', *, *, #1563, .F. ) ;
#1156 = EDGE_CURVE ( 'NONE', #1616, #308, #1718, .T. ) ;
#1157 = ORIENTED_EDGE ( 'NONE', *, *, #1110, .T. ) ;
#1158 = CARTESIAN_POINT ( 'NONE',  ( -8.999999999999998224, -23.00000000000013145, 6.000000000000000000 ) ) ;
#1159 = SURFACE_STYLE_USAGE ( .BOTH. , #1168 ) ;
#1160 = COLOUR_RGB ( '',0.5294117647058823595, 0.5490196078431373028, 0.5490196078431373028 ) ;
#1161 = FACE_OUTER_BOUND ( 'NONE', #472, .T. ) ;
#1162 = CARTESIAN_POINT ( 'NONE',  ( 20.00000000000000711, 54.75000000000005684, 0.000000000000000000 ) ) ;
#1163 = ORIENTED_EDGE ( 'NONE', *, *, #1720, .F. ) ;
#1164 = DIRECTION ( 'NONE',  ( 1.000000000000000000, 0.000000000000000000, 0.000000000000000000 ) ) ;
#1165 = CYLINDRICAL_SURFACE ( 'NONE', #86, 5.000000000000000888 ) ;
#1166 = CARTESIAN_POINT ( 'NONE',  ( -7.749999999999998224, -23.00000000000013145, 6.000000000000000000 ) ) ;
#1167 = EDGE_CURVE ( 'NONE', #675, #356, #342, .T. ) ;
#1168 = SURFACE_SIDE_STYLE ('',( #632 ) ) ;
#1169 = CARTESIAN_POINT ( 'NONE',  ( -11.09999999999999609, -30.00000000000000000, 0.000000000000000000 ) ) ;
#1170 = STYLED_ITEM ( 'NONE', ( #1379 ), #824 ) ;
#1171 = CARTESIAN_POINT ( 'NONE',  ( 22.50000000000000711, -60.00000000000005684, 6.000000000000000000 ) ) ;
#1172 = ORIENTED_EDGE ( 'NONE', *, *, #899, .F. ) ;
#1173 = VERTEX_POINT ( 'NONE', #860 ) ;
#1174 =( NAMED_UNIT ( * ) SI_UNIT ( $, .STERADIAN. ) SOLID_ANGLE_UNIT ( ) );
#1175 = CARTESIAN_POINT ( 'NONE',  ( 8.900000000000012790, -29.99999999999998579, 6.000000000000000888 ) ) ;
#1176 = DIRECTION ( 'NONE',  ( -0.000000000000000000, -0.000000000000000000, -1.000000000000000000 ) ) ;
#1177 = EDGE_CURVE ( 'NONE', #1543, #563, #495, .T. ) ;
#1178 = FILL_AREA_STYLE_COLOUR ( '', #534 ) ;
#1179 = CARTESIAN_POINT ( 'NONE',  ( 17.24999999999996092, -43.25000000000004263, 6.000000000000000000 ) ) ;
#1180 = LINE ( 'NONE', #384, #1091 ) ;
#1181 = ORIENTED_EDGE ( 'NONE', *, *, #780, .F. ) ;
#1182 = AXIS2_PLACEMENT_3D ( 'NONE', #1553, #1680, #622 ) ;
#1183 = LINE ( 'NONE', #357, #461 ) ;
#1184 = LINE ( 'NONE', #1054, #1709 ) ;
#1185 = DIRECTION ( 'NONE',  ( -0.000000000000000000, -0.000000000000000000, 1.000000000000000000 ) ) ;
#1186 = EDGE_CURVE ( 'NONE', #85, #1413, #1129, .T. ) ;
#1187 = CIRCLE ( 'NONE', #1495, 5.000000000000000888 ) ;
#1188 = ORIENTED_EDGE ( 'NONE', *, *, #1208, .F. ) ;
#1189 = AXIS2_PLACEMENT_3D ( 'NONE', #788, #301, #1199 ) ;
#1190 = ORIENTED_EDGE ( 'NONE', *, *, #424, .F. ) ;
#1191 = DIRECTION ( 'NONE',  ( 0.000000000000000000, 0.000000000000000000, -1.000000000000000000 ) ) ;
#1192 = SURFACE_SIDE_STYLE ('',( #293 ) ) ;
#1193 = DIRECTION ( 'NONE',  ( 1.000000000000000000, 0.000000000000000000, 0.000000000000000000 ) ) ;
#1194 = FACE_OUTER_BOUND ( 'NONE', #1674, .T. ) ;
#1195 = VERTEX_POINT ( 'NONE', #726 ) ;
#1196 = VECTOR ( 'NONE', #444, 1000.000000000000000 ) ;
#1197 = LINE ( 'NONE', #423, #706 ) ;
#1198 = EDGE_CURVE ( 'NONE', #455, #1245, #1256, .T. ) ;
#1199 = DIRECTION ( 'NONE',  ( 1.000000000000000000, 0.000000000000000000, 0.000000000000000000 ) ) ;
#1200 = FILL_AREA_STYLE ('',( #1333 ) ) ;
#1201 = PLANE ( 'NONE',  #806 ) ;
#1202 = DIRECTION ( 'NONE',  ( -0.000000000000000000, -0.000000000000000000, 1.000000000000000000 ) ) ;
#1203 = ORIENTED_EDGE ( 'NONE', *, *, #230, .F. ) ;
#1204 = CYLINDRICAL_SURFACE ( 'NONE', #1070, 2.749999999999999112 ) ;
#1205 = UNCERTAINTY_MEASURE_WITH_UNIT (LENGTH_MEASURE( 1.000000000000000082E-05 ), #581, 'distance_accuracy_value', 'NONE');
#1206 = VECTOR ( 'NONE', #1093, 1000.000000000000000 ) ;
#1207 = CARTESIAN_POINT ( 'NONE',  ( -20.94999999999999574, -23.00000000000012790, 6.000000000000000000 ) ) ;
#1208 = EDGE_CURVE ( 'NONE', #708, #739, #438, .T. ) ;
#1209 = FILL_AREA_STYLE_COLOUR ( '', #816 ) ;
#1210 = DIRECTION ( 'NONE',  ( -0.000000000000000000, -0.000000000000000000, -1.000000000000000000 ) ) ;
#1211 = DIRECTION ( 'NONE',  ( -0.000000000000000000, -0.000000000000000000, 1.000000000000000000 ) ) ;
#1212 = ORIENTED_EDGE ( 'NONE', *, *, #1315, .F. ) ;
#1213 = DIRECTION ( 'NONE',  ( -0.000000000000000000, -1.000000000000000000, -0.000000000000000000 ) ) ;
#1214 = CARTESIAN_POINT ( 'NONE',  ( 13.09999999999999432, -29.99999999999998579, 0.000000000000000000 ) ) ;
#1215 = EDGE_CURVE ( 'NONE', #157, #1686, #1412, .T. ) ;
#1216 = CARTESIAN_POINT ( 'NONE',  ( -10.24999999999999645, -23.00000000000013145, 6.000000000000000000 ) ) ;
#1217 = SURFACE_STYLE_FILL_AREA ( #959 ) ;
#1218 = DIRECTION ( 'NONE',  ( -0.000000000000000000, -0.000000000000000000, 1.000000000000000000 ) ) ;
#1219 = ORIENTED_EDGE ( 'NONE', *, *, #1402, .F. ) ;
#1220 = AXIS2_PLACEMENT_3D ( 'NONE', #949, #673, #1193 ) ;
#1221 = PRESENTATION_LAYER_ASSIGNMENT (  '', '', ( #1676 ) ) ;
#1222 = PRESENTATION_STYLE_ASSIGNMENT (( #57 ) ) ;
#1223 = CARTESIAN_POINT ( 'NONE',  ( -22.74999999999999289, -43.25000000000005684, 0.000000000000000000 ) ) ;
#1224 = LINE ( 'NONE', #1493, #1359 ) ;
#1225 = CARTESIAN_POINT ( 'NONE',  ( 11.00000000000000000, 29.99999999999998579, 6.000000000000000000 ) ) ;
#1226 = ORIENTED_EDGE ( 'NONE', *, *, #1683, .F. ) ;
#1227 = STYLED_ITEM ( 'NONE', ( #870 ), #798 ) ;
#1228 = PLANE ( 'NONE',  #589 ) ;
#1229 = CARTESIAN_POINT ( 'NONE',  ( -22.74999999999999289, -43.25000000000005684, 6.000000000000000000 ) ) ;
#1230 = VECTOR ( 'NONE', #1057, 1000.000000000000000 ) ;
#1231 = EDGE_LOOP ( 'NONE', ( #1119, #1265 ) ) ;
#1232 = DIRECTION ( 'NONE',  ( 1.000000000000000000, 0.000000000000000000, 0.000000000000000000 ) ) ;
#1233 = EDGE_CURVE ( 'NONE', #876, #79, #1187, .T. ) ;
#1234 = LINE ( 'NONE', #967, #122 ) ;
#1235 = DIRECTION ( 'NONE',  ( 0.000000000000000000, 0.000000000000000000, -1.000000000000000000 ) ) ;
#1236 = ORIENTED_EDGE ( 'NONE', *, *, #33, .F. ) ;
#1237 = ORIENTED_EDGE ( 'NONE', *, *, #1471, .F. ) ;
#1238 = VECTOR ( 'NONE', #124, 1000.000000000000000 ) ;
#1239 = VECTOR ( 'NONE', #838, 1000.000000000000000 ) ;
#1240 = FACE_OUTER_BOUND ( 'NONE', #494, .T. ) ;
#1241 = ORIENTED_EDGE ( 'NONE', *, *, #593, .T. ) ;
#1242 = CARTESIAN_POINT ( 'NONE',  ( -9.000000000000001776, 30.00000000000000000, 0.000000000000000000 ) ) ;
#1243 = APPLICATION_CONTEXT ( 'automotive_design' ) ;
#1244 = CARTESIAN_POINT ( 'NONE',  ( -27.49999999999998934, -55.00000000000005684, 6.000000000000000000 ) ) ;
#1245 = VERTEX_POINT ( 'NONE', #634 ) ;
#1246 = ORIENTED_EDGE ( 'NONE', *, *, #1456, .T. ) ;
#1247 = FILL_AREA_STYLE ('',( #191 ) ) ;
#1248 = CIRCLE ( 'NONE', #1704, 2.099999999999987210 ) ;
#1249 = EDGE_CURVE ( 'NONE', #1245, #1090, #1551, .T. ) ;
#1250 = DIRECTION ( 'NONE',  ( 1.000000000000000000, 0.000000000000000000, 0.000000000000000000 ) ) ;
#1251 = ORIENTED_EDGE ( 'NONE', *, *, #70, .T. ) ;
#1252 = COLOUR_RGB ( '',0.5294117647058823595, 0.5490196078431373028, 0.5490196078431373028 ) ;
#1253 = CARTESIAN_POINT ( 'NONE',  ( -22.74999999999999289, 54.75000000000005684, 6.000000000000000000 ) ) ;
#1254 = VERTEX_POINT ( 'NONE', #239 ) ;
#1255 = ORIENTED_EDGE ( 'NONE', *, *, #372, .F. ) ;
#1256 = LINE ( 'NONE', #517, #797 ) ;
#1257 =( LENGTH_UNIT ( ) NAMED_UNIT ( * ) SI_UNIT ( .MILLI., .METRE. ) );
#1258 = VECTOR ( 'NONE', #371, 1000.000000000000000 ) ;
#1259 = EDGE_CURVE ( 'NONE', #1335, #1173, #383, .T. ) ;
#1260 = FACE_OUTER_BOUND ( 'NONE', #1385, .T. ) ;
#1261 = ORIENTED_EDGE ( 'NONE', *, *, #569, .F. ) ;
#1262 = MECHANICAL_DESIGN_GEOMETRIC_PRESENTATION_REPRESENTATION (  '', ( #375 ), #762 ) ;
#1263 = AXIS2_PLACEMENT_3D ( 'NONE', #684, #1211, #952 ) ;
#1264 = PRESENTATION_STYLE_ASSIGNMENT (( #990 ) ) ;
#1265 = ORIENTED_EDGE ( 'NONE', *, *, #580, .T. ) ;
#1266 = EDGE_LOOP ( 'NONE', ( #101, #1157, #1399, #347 ) ) ;
#1267 = CARTESIAN_POINT ( 'NONE',  ( -22.49999999999998934, -60.00000000000005684, 0.000000000000000000 ) ) ;
#1268 = VECTOR ( 'NONE', #374, 1000.000000000000000 ) ;
#1269 = ORIENTED_EDGE ( 'NONE', *, *, #531, .F. ) ;
#1270 = ADVANCED_FACE ( 'NONE', ( #1194 ), #689, .F. ) ;
#1271 = COLOUR_RGB ( '',0.5294117647058823595, 0.5490196078431373028, 0.5490196078431373028 ) ;
#1272 = EDGE_CURVE ( 'NONE', #1319, #660, #1021, .T. ) ;
#1273 = CARTESIAN_POINT ( 'NONE',  ( 22.75000000000000711, -43.25000000000004974, 6.000000000000000000 ) ) ;
#1274 = ORIENTED_EDGE ( 'NONE', *, *, #176, .T. ) ;
#1275 = ORIENTED_EDGE ( 'NONE', *, *, #813, .T. ) ;
#1276 =( NAMED_UNIT ( * ) SI_UNIT ( $, .STERADIAN. ) SOLID_ANGLE_UNIT ( ) );
#1277 = CARTESIAN_POINT ( 'NONE',  ( -6.900000000000007461, 30.00000000000000000, 0.000000000000000000 ) ) ;
#1278 = ORIENTED_EDGE ( 'NONE', *, *, #1136, .T. ) ;
#1279 = COLOUR_RGB ( '',0.5294117647058823595, 0.5490196078431373028, 0.5490196078431373028 ) ;
#1280 = FACE_OUTER_BOUND ( 'NONE', #725, .T. ) ;
#1281 = LINE ( 'NONE', #1426, #1258 ) ;
#1282 = STYLED_ITEM ( 'NONE', ( #1292 ), #350 ) ;
#1283 = CYLINDRICAL_SURFACE ( 'NONE', #751, 2.099999999999994316 ) ;
#1284 = MECHANICAL_DESIGN_GEOMETRIC_PRESENTATION_REPRESENTATION (  '', ( #979 ), #894 ) ;
#1285 = ADVANCED_FACE ( 'NONE', ( #1621 ), #699, .F. ) ;
#1286 = ORIENTED_EDGE ( 'NONE', *, *, #1008, .F. ) ;
#1287 = ORIENTED_EDGE ( 'NONE', *, *, #121, .F. ) ;
#1288 = CARTESIAN_POINT ( 'NONE',  ( 22.75000000000000711, 54.75000000000006395, 6.000000000000000000 ) ) ;
#1289 = ORIENTED_EDGE ( 'NONE', *, *, #1594, .F. ) ;
#1290 = CYLINDRICAL_SURFACE ( 'NONE', #1067, 1.649999999999998579 ) ;
#1291 = PRESENTATION_LAYER_ASSIGNMENT (  '', '', ( #458 ) ) ;
#1292 = PRESENTATION_STYLE_ASSIGNMENT (( #1428 ) ) ;
#1293 = DIRECTION ( 'NONE',  ( 1.000000000000000000, 0.000000000000000000, 0.000000000000000000 ) ) ;
#1294 = CARTESIAN_POINT ( 'NONE',  ( -22.49999999999998934, -55.00000000000005684, 6.000000000000000000 ) ) ;
#1295 = CIRCLE ( 'NONE', #1045, 2.749999999999999112 ) ;
#1296 = VERTEX_POINT ( 'NONE', #1598 ) ;
#1297 = EDGE_CURVE ( 'NONE', #739, #577, #1224, .T. ) ;
#1298 = UNCERTAINTY_MEASURE_WITH_UNIT (LENGTH_MEASURE( 1.000000000000000082E-05 ), #1637, 'distance_accuracy_value', 'NONE');
#1299 = CARTESIAN_POINT ( 'NONE',  ( 17.25000000000000711, 43.25000000000005684, 0.000000000000000000 ) ) ;
#1300 = CARTESIAN_POINT ( 'NONE',  ( 6.000000000000005329, 16.00000000000000000, 0.000000000000000000 ) ) ;
#1301 = DIRECTION ( 'NONE',  ( -0.000000000000000000, -1.000000000000000000, -0.000000000000000000 ) ) ;
#1302 = CARTESIAN_POINT ( 'NONE',  ( 27.50000000000000711, 55.00000000000004974, 6.000000000000000000 ) ) ;
#1303 = ORIENTED_EDGE ( 'NONE', *, *, #1498, .T. ) ;
#1304 = CARTESIAN_POINT ( 'NONE',  ( -6.900000000000007461, -30.00000000000000000, 0.000000000000000000 ) ) ;
#1305 = SURFACE_SIDE_STYLE ('',( #281 ) ) ;
#1306 = EDGE_CURVE ( 'NONE', #718, #848, #825, .T. ) ;
#1307 = DIRECTION ( 'NONE',  ( 1.000000000000000000, 0.000000000000000000, 0.000000000000000000 ) ) ;
#1308 = PLANE ( 'NONE',  #891 ) ;
#1309 = CARTESIAN_POINT ( 'NONE',  ( -17.24999999999999289, -43.25000000000004974, 6.000000000000000000 ) ) ;
#1310 = DIRECTION ( 'NONE',  ( 1.000000000000000000, 0.000000000000000000, 0.000000000000000000 ) ) ;
#1311 = EDGE_LOOP ( 'NONE', ( #1647, #1503, #218, #735 ) ) ;
#1312 = ORIENTED_EDGE ( 'NONE', *, *, #1527, .T. ) ;
#1313 = UNCERTAINTY_MEASURE_WITH_UNIT (LENGTH_MEASURE( 1.000000000000000082E-05 ), #1440, 'distance_accuracy_value', 'NONE');
#1314 =( LENGTH_UNIT ( ) NAMED_UNIT ( * ) SI_UNIT ( .MILLI., .METRE. ) );
#1315 = EDGE_CURVE ( 'NONE', #455, #504, #1693, .T. ) ;
#1316 = SURFACE_SIDE_STYLE ('',( #404 ) ) ;
#1317 = CARTESIAN_POINT ( 'NONE',  ( 8.900000000000012790, 29.99999999999998579, 6.000000000000000888 ) ) ;
#1318 = FACE_OUTER_BOUND ( 'NONE', #1690, .T. ) ;
#1319 = VERTEX_POINT ( 'NONE', #793 ) ;
#1320 = EDGE_LOOP ( 'NONE', ( #1269, #327, #1020, #1133 ) ) ;
#1321 = LINE ( 'NONE', #127, #800 ) ;
#1322 =( LENGTH_UNIT ( ) NAMED_UNIT ( * ) SI_UNIT ( .MILLI., .METRE. ) );
#1323 = FILL_AREA_STYLE ('',( #1209 ) ) ;
#1324 = CARTESIAN_POINT ( 'NONE',  ( 11.00000000000000000, 29.99999999999998579, 6.000000000000000888 ) ) ;
#1325 = CARTESIAN_POINT ( 'NONE',  ( 13.09999999999999432, -29.99999999999998579, 6.000000000000000000 ) ) ;
#1326 = AXIS2_PLACEMENT_3D ( 'NONE', #925, #399, #674 ) ;
#1327 = EDGE_LOOP ( 'NONE', ( #385, #1639 ) ) ;
#1328 = EDGE_CURVE ( 'NONE', #75, #1296, #305, .T. ) ;
#1329 = VECTOR ( 'NONE', #272, 1000.000000000000000 ) ;
#1330 = FACE_OUTER_BOUND ( 'NONE', #415, .T. ) ;
#1331 = ORIENTED_EDGE ( 'NONE', *, *, #951, .F. ) ;
#1332 = CARTESIAN_POINT ( 'NONE',  ( 13.09999999999999432, 29.99999999999998579, 0.000000000000000000 ) ) ;
#1333 = FILL_AREA_STYLE_COLOUR ( '', #672 ) ;
#1334 = CARTESIAN_POINT ( 'NONE',  ( -20.94999999999999574, -23.00000000000012790, 6.000000000000000000 ) ) ;
#1335 = VERTEX_POINT ( 'NONE', #802 ) ;
#1336 = AXIS2_PLACEMENT_3D ( 'NONE', #1390, #1671, #707 ) ;
#1337 =( GEOMETRIC_REPRESENTATION_CONTEXT ( 3 ) GLOBAL_UNCERTAINTY_ASSIGNED_CONTEXT ( ( #944 ) ) GLOBAL_UNIT_ASSIGNED_CONTEXT ( ( #904, #507, #244 ) ) REPRESENTATION_CONTEXT ( 'NONE', 'WORKASPACE' ) );
#1338 = EDGE_CURVE ( 'NONE', #1650, #1405, #828, .T. ) ;
#1339 = DIRECTION ( 'NONE',  ( -0.000000000000000000, -0.000000000000000000, 1.000000000000000000 ) ) ;
#1340 = AXIS2_PLACEMENT_3D ( 'NONE', #153, #682, #1589 ) ;
#1341 = CARTESIAN_POINT ( 'NONE',  ( 17.25000000000000711, -54.75000000000005684, 6.000000000000000000 ) ) ;
#1342 =( GEOMETRIC_REPRESENTATION_CONTEXT ( 3 ) GLOBAL_UNCERTAINTY_ASSIGNED_CONTEXT ( ( #906 ) ) GLOBAL_UNIT_ASSIGNED_CONTEXT ( ( #1314, #654, #522 ) ) REPRESENTATION_CONTEXT ( 'NONE', 'WORKASPACE' ) );
#1343 = CARTESIAN_POINT ( 'NONE',  ( 22.75000000000000711, -54.75000000000005684, 6.000000000000000000 ) ) ;
#1344 = PRESENTATION_LAYER_ASSIGNMENT (  '', '', ( #430 ) ) ;
#1345 = DIRECTION ( 'NONE',  ( 0.000000000000000000, 0.000000000000000000, 1.000000000000000000 ) ) ;
#1346 = EDGE_LOOP ( 'NONE', ( #1203, #1212, #84, #221 ) ) ;
#1347 = CIRCLE ( 'NONE', #263, 1.249999999999999334 ) ;
#1348 = CARTESIAN_POINT ( 'NONE',  ( -10.24999999999999645, -23.00000000000013145, 6.000000000000000000 ) ) ;
#1349 = UNCERTAINTY_MEASURE_WITH_UNIT (LENGTH_MEASURE( 1.000000000000000082E-05 ), #1322, 'distance_accuracy_value', 'NONE');
#1350 = ORIENTED_EDGE ( 'NONE', *, *, #372, .T. ) ;
#1351 = AXIS2_PLACEMENT_3D ( 'NONE', #827, #334, #1250 ) ;
#1352 = EDGE_CURVE ( 'NONE', #571, #755, #128, .T. ) ;
#1353 = SURFACE_STYLE_USAGE ( .BOTH. , #1120 ) ;
#1354 = AXIS2_PLACEMENT_3D ( 'NONE', #1600, #409, #279 ) ;
#1355 = PRESENTATION_STYLE_ASSIGNMENT (( #948 ) ) ;
#1356 = CARTESIAN_POINT ( 'NONE',  ( -19.99999999999999289, 43.25000000000005684, 6.000000000000000000 ) ) ;
#1357 =( NAMED_UNIT ( * ) PLANE_ANGLE_UNIT ( ) SI_UNIT ( $, .RADIAN. ) );
#1358 = DIRECTION ( 'NONE',  ( -0.000000000000000000, -0.000000000000000000, 1.000000000000000000 ) ) ;
#1359 = VECTOR ( 'NONE', #1210, 1000.000000000000000 ) ;
#1360 = ORIENTED_EDGE ( 'NONE', *, *, #1518, .T. ) ;
#1361 = SURFACE_STYLE_FILL_AREA ( #410 ) ;
#1362 = CYLINDRICAL_SURFACE ( 'NONE', #911, 2.099999999999994316 ) ;
#1363 = EDGE_CURVE ( 'NONE', #999, #157, #268, .T. ) ;
#1364 = FACE_OUTER_BOUND ( 'NONE', #277, .T. ) ;
#1365 = DIRECTION ( 'NONE',  ( 0.000000000000000000, 0.000000000000000000, 1.000000000000000000 ) ) ;
#1366 = CYLINDRICAL_SURFACE ( 'NONE', #846, 2.749999999999999112 ) ;
#1367 = ORIENTED_EDGE ( 'NONE', *, *, #1297, .T. ) ;
#1368 = AXIS2_PLACEMENT_3D ( 'NONE', #1435, #1573, #750 ) ;
#1369 = CIRCLE ( 'NONE', #1143, 1.250000000000001110 ) ;
#1370 = DIRECTION ( 'NONE',  ( 0.000000000000000000, 0.000000000000000000, -1.000000000000000000 ) ) ;
#1371 = EDGE_CURVE ( 'NONE', #69, #969, #14, .T. ) ;
#1372 = CARTESIAN_POINT ( 'NONE',  ( -17.24999999999999289, -43.25000000000005684, -0.001000000000000132727 ) ) ;
#1373 = DIRECTION ( 'NONE',  ( 0.000000000000000000, 0.000000000000000000, 1.000000000000000000 ) ) ;
#1374 = EDGE_LOOP ( 'NONE', ( #519, #1255 ) ) ;
#1375 = AXIS2_PLACEMENT_3D ( 'NONE', #1130, #1410, #868 ) ;
#1376 = CIRCLE ( 'NONE', #1064, 2.749999999999999112 ) ;
#1377 = ORIENTED_EDGE ( 'NONE', *, *, #1717, .F. ) ;
#1378 = LINE ( 'NONE', #302, #105 ) ;
#1379 = PRESENTATION_STYLE_ASSIGNMENT (( #972 ) ) ;
#1380 = VECTOR ( 'NONE', #496, 1000.000000000000000 ) ;
#1381 = ORIENTED_EDGE ( 'NONE', *, *, #443, .T. ) ;
#1382 = DIRECTION ( 'NONE',  ( -7.226810014900879756E-17, 0.000000000000000000, -1.000000000000000000 ) ) ;
#1383 = DIRECTION ( 'NONE',  ( 0.000000000000000000, 0.000000000000000000, -1.000000000000000000 ) ) ;
#1384 = VERTEX_POINT ( 'NONE', #940 ) ;
#1385 = EDGE_LOOP ( 'NONE', ( #39, #1668, #1517, #1489 ) ) ;
#1386 = FACE_OUTER_BOUND ( 'NONE', #862, .T. ) ;
#1387 = VECTOR ( 'NONE', #950, 1000.000000000000000 ) ;
#1388 = ORIENTED_EDGE ( 'NONE', *, *, #111, .F. ) ;
#1389 = CARTESIAN_POINT ( 'NONE',  ( 11.00000000000000000, 29.99999999999998579, 0.000000000000000000 ) ) ;
#1390 = CARTESIAN_POINT ( 'NONE',  ( 22.75000000000000711, 54.75000000000006395, -0.001000000000000132727 ) ) ;
#1391 = VERTEX_POINT ( 'NONE', #1479 ) ;
#1392 = EDGE_CURVE ( 'NONE', #1531, #249, #286, .T. ) ;
#1393 = ORIENTED_EDGE ( 'NONE', *, *, #1508, .F. ) ;
#1394 = CARTESIAN_POINT ( 'NONE',  ( -19.99999999999999289, 43.25000000000005684, 6.000000000000000000 ) ) ;
#1395 = CARTESIAN_POINT ( 'NONE',  ( 8.900000000000005684, -29.99999999999998579, 0.000000000000000000 ) ) ;
#1396 = ORIENTED_EDGE ( 'NONE', *, *, #361, .T. ) ;
#1397 = CARTESIAN_POINT ( 'NONE',  ( 17.25000000000000711, 0.000000000000000000, 0.000000000000000000 ) ) ;
#1398 = FACE_BOUND ( 'NONE', #155, .T. ) ;
#1399 = ORIENTED_EDGE ( 'NONE', *, *, #167, .T. ) ;
#1400 = ORIENTED_EDGE ( 'NONE', *, *, #1717, .T. ) ;
#1401 = DIRECTION ( 'NONE',  ( -7.226810014900879756E-17, 0.000000000000000000, -1.000000000000000000 ) ) ;
#1402 = EDGE_CURVE ( 'NONE', #56, #287, #1486, .T. ) ;
#1403 = DIRECTION ( 'NONE',  ( -1.000000000000000000, 0.000000000000000000, 0.000000000000000000 ) ) ;
#1404 = EDGE_CURVE ( 'NONE', #79, #209, #988, .T. ) ;
#1405 = VERTEX_POINT ( 'NONE', #863 ) ;
#1406 =( NAMED_UNIT ( * ) SI_UNIT ( $, .STERADIAN. ) SOLID_ANGLE_UNIT ( ) );
#1407 = DIRECTION ( 'NONE',  ( 0.000000000000000000, 0.000000000000000000, 1.000000000000000000 ) ) ;
#1408 = ORIENTED_EDGE ( 'NONE', *, *, #1586, .F. ) ;
#1409 = ORIENTED_EDGE ( 'NONE', *, *, #1508, .T. ) ;
#1410 = DIRECTION ( 'NONE',  ( -0.000000000000000000, -0.000000000000000000, 1.000000000000000000 ) ) ;
#1411 = DIRECTION ( 'NONE',  ( 1.000000000000000000, 0.000000000000000000, 0.000000000000000000 ) ) ;
#1412 = CIRCLE ( 'NONE', #187, 2.099999999999987210 ) ;
#1413 = VERTEX_POINT ( 'NONE', #1135 ) ;
#1414 = MECHANICAL_DESIGN_GEOMETRIC_PRESENTATION_REPRESENTATION (  '', ( #1631 ), #390 ) ;
#1415 = ADVANCED_FACE ( 'NONE', ( #336 ), #50, .F. ) ;
#1416 = FACE_OUTER_BOUND ( 'NONE', #1311, .T. ) ;
#1417 = CARTESIAN_POINT ( 'NONE',  ( 27.50000000000000711, 55.00000000000004974, 0.000000000000000000 ) ) ;
#1418 = EDGE_LOOP ( 'NONE', ( #512, #1682, #1108, #1127 ) ) ;
#1419 = UNCERTAINTY_MEASURE_WITH_UNIT (LENGTH_MEASURE( 1.000000000000000082E-05 ), #1697, 'distance_accuracy_value', 'NONE');
#1420 = ORIENTED_EDGE ( 'NONE', *, *, #185, .T. ) ;
#1421 = FILL_AREA_STYLE ('',( #489 ) ) ;
#1422 = CYLINDRICAL_SURFACE ( 'NONE', #1706, 2.749999999999999112 ) ;
#1423 = ORIENTED_EDGE ( 'NONE', *, *, #1087, .F. ) ;
#1424 = AXIS2_PLACEMENT_3D ( 'NONE', #1389, #698, #1636 ) ;
#1425 = FACE_OUTER_BOUND ( 'NONE', #982, .T. ) ;
#1426 = CARTESIAN_POINT ( 'NONE',  ( -27.49999999999999289, 54.99999999999995026, 6.000000000000000000 ) ) ;
#1427 = ADVANCED_FACE ( 'NONE', ( #345 ), #210, .T. ) ;
#1428 = SURFACE_STYLE_USAGE ( .BOTH. , #1699 ) ;
#1429 = STYLED_ITEM ( 'NONE', ( #543 ), #971 ) ;
#1430 = ORIENTED_EDGE ( 'NONE', *, *, #1233, .T. ) ;
#1431 = CARTESIAN_POINT ( 'NONE',  ( 17.25000000000000711, -43.25000000000005684, 6.000000000000000000 ) ) ;
#1432 = SURFACE_SIDE_STYLE ('',( #216 ) ) ;
#1433 = FACE_OUTER_BOUND ( 'NONE', #364, .T. ) ;
#1434 = CARTESIAN_POINT ( 'NONE',  ( 17.25000000000000711, 54.75000000000005684, 6.000000000000000000 ) ) ;
#1435 = CARTESIAN_POINT ( 'NONE',  ( 6.000000000000005329, 16.00000000000000000, -5.510910596162953970E-17 ) ) ;
#1436 = DIRECTION ( 'NONE',  ( 1.000000000000000000, 0.000000000000000000, 0.000000000000000000 ) ) ;
#1437 = EDGE_LOOP ( 'NONE', ( #1591, #620 ) ) ;
#1438 = EDGE_CURVE ( 'NONE', #69, #408, #663, .T. ) ;
#1439 = ORIENTED_EDGE ( 'NONE', *, *, #1328, .F. ) ;
#1440 =( LENGTH_UNIT ( ) NAMED_UNIT ( * ) SI_UNIT ( .MILLI., .METRE. ) );
#1441 = COLOUR_RGB ( '',0.5294117647058823595, 0.5490196078431373028, 0.5490196078431373028 ) ;
#1442 = DIRECTION ( 'NONE',  ( -0.000000000000000000, -0.000000000000000000, -1.000000000000000000 ) ) ;
#1443 = CARTESIAN_POINT ( 'NONE',  ( 22.49999999999999645, 60.00000000000004974, 6.000000000000000000 ) ) ;
#1444 = VERTEX_POINT ( 'NONE', #583 ) ;
#1445 = CARTESIAN_POINT ( 'NONE',  ( 7.650000000000003908, -16.00000000000000000, 6.000000000000000000 ) ) ;
#1446 = EDGE_CURVE ( 'NONE', #1114, #85, #457, .T. ) ;
#1447 = DIRECTION ( 'NONE',  ( 1.000000000000000000, 0.000000000000000000, 0.000000000000000000 ) ) ;
#1448 = CIRCLE ( 'NONE', #693, 2.749999999999999112 ) ;
#1449 = PRESENTATION_LAYER_ASSIGNMENT (  '', '', ( #1170 ) ) ;
#1450 = CARTESIAN_POINT ( 'NONE',  ( 22.75000000000000711, -54.75000000000005684, -4.235164736271501695E-19 ) ) ;
#1451 = DIRECTION ( 'NONE',  ( -7.226810014900879756E-17, 0.000000000000000000, -1.000000000000000000 ) ) ;
#1452 = EDGE_LOOP ( 'NONE', ( #716, #631, #1139, #1226 ) ) ;
#1453 = CARTESIAN_POINT ( 'NONE',  ( -27.49999999999998934, -55.00000000000005684, 0.000000000000000000 ) ) ;
#1454 = CARTESIAN_POINT ( 'NONE',  ( 17.25000000000000711, 43.25000000000005684, 6.000000000000000000 ) ) ;
#1455 = CARTESIAN_POINT ( 'NONE',  ( 11.00000000000000000, -29.99999999999998579, 0.000000000000000000 ) ) ;
#1456 = EDGE_CURVE ( 'NONE', #876, #1616, #1659, .T. ) ;
#1457 = DIRECTION ( 'NONE',  ( -0.000000000000000000, -0.000000000000000000, 1.000000000000000000 ) ) ;
#1458 = DIRECTION ( 'NONE',  ( 0.000000000000000000, 0.000000000000000000, 1.000000000000000000 ) ) ;
#1459 = EDGE_CURVE ( 'NONE', #785, #571, #731, .T. ) ;
#1460 = SURFACE_STYLE_USAGE ( .BOTH. , #1316 ) ;
#1461 = CIRCLE ( 'NONE', #542, 1.250000000000001110 ) ;
#1462 = DIRECTION ( 'NONE',  ( -0.000000000000000000, -0.000000000000000000, 1.000000000000000000 ) ) ;
#1463 = DIRECTION ( 'NONE',  ( 1.000000000000000000, 0.000000000000000000, 0.000000000000000000 ) ) ;
#1464 = ORIENTED_EDGE ( 'NONE', *, *, #1026, .F. ) ;
#1465 = DIRECTION ( 'NONE',  ( -0.000000000000000000, -1.000000000000000000, -0.000000000000000000 ) ) ;
#1466 = CIRCLE ( 'NONE', #1576, 2.099999999999987210 ) ;
#1467 = ORIENTED_EDGE ( 'NONE', *, *, #254, .F. ) ;
#1468 = CARTESIAN_POINT ( 'NONE',  ( -22.50000000000000355, 59.99999999999995026, 6.000000000000000000 ) ) ;
#1469 = DIRECTION ( 'NONE',  ( -0.000000000000000000, -0.000000000000000000, 1.000000000000000000 ) ) ;
#1470 =( NAMED_UNIT ( * ) SI_UNIT ( $, .STERADIAN. ) SOLID_ANGLE_UNIT ( ) );
#1471 = EDGE_CURVE ( 'NONE', #1114, #691, #1526, .T. ) ;
#1472 = CARTESIAN_POINT ( 'NONE',  ( 0.000000000000000000, 0.000000000000000000, 0.000000000000000000 ) ) ;
#1473 = AXIS2_PLACEMENT_3D ( 'NONE', #917, #867, #1522 ) ;
#1474 = EDGE_LOOP ( 'NONE', ( #109, #786, #1033, #1107 ) ) ;
#1475 = DIRECTION ( 'NONE',  ( -0.000000000000000000, -0.000000000000000000, 1.000000000000000000 ) ) ;
#1476 = LINE ( 'NONE', #1068, #130 ) ;
#1477 = CARTESIAN_POINT ( 'NONE',  ( -9.000000000000001776, 30.00000000000000000, 0.000000000000000000 ) ) ;
#1478 = FACE_BOUND ( 'NONE', #1643, .T. ) ;
#1479 = CARTESIAN_POINT ( 'NONE',  ( -22.74999999999999289, 43.25000000000005684, 6.000000000000000000 ) ) ;
#1480 = EDGE_CURVE ( 'NONE', #756, #1686, #1476, .T. ) ;
#1481 = ORIENTED_EDGE ( 'NONE', *, *, #82, .T. ) ;
#1482 = LINE ( 'NONE', #562, #1516 ) ;
#1483 = LINE ( 'NONE', #158, #964 ) ;
#1484 = PRESENTATION_STYLE_ASSIGNMENT (( #1460 ) ) ;
#1485 = FACE_OUTER_BOUND ( 'NONE', #734, .T. ) ;
#1486 = LINE ( 'NONE', #1372, #636 ) ;
#1487 =( GEOMETRIC_REPRESENTATION_CONTEXT ( 3 ) GLOBAL_UNCERTAINTY_ASSIGNED_CONTEXT ( ( #1702 ) ) GLOBAL_UNIT_ASSIGNED_CONTEXT ( ( #1541, #837, #311 ) ) REPRESENTATION_CONTEXT ( 'NONE', 'WORKASPACE' ) );
#1488 = LINE ( 'NONE', #16, #380 ) ;
#1489 = ORIENTED_EDGE ( 'NONE', *, *, #561, .F. ) ;
#1490 = ADVANCED_FACE ( 'NONE', ( #280 ), #1617, .F. ) ;
#1491 =( NAMED_UNIT ( * ) SI_UNIT ( $, .STERADIAN. ) SOLID_ANGLE_UNIT ( ) );
#1492 = CARTESIAN_POINT ( 'NONE',  ( -17.24999999999999289, -54.75000000000005684, 0.000000000000000000 ) ) ;
#1493 = CARTESIAN_POINT ( 'NONE',  ( 7.650000000000003908, 16.00000000000000000, 0.000000000000000000 ) ) ;
#1494 = DIRECTION ( 'NONE',  ( -0.000000000000000000, -0.000000000000000000, 1.000000000000000000 ) ) ;
#1495 = AXIS2_PLACEMENT_3D ( 'NONE', #100, #908, #1310 ) ;
#1496 = ORIENTED_EDGE ( 'NONE', *, *, #1249, .T. ) ;
#1497 =( NAMED_UNIT ( * ) PLANE_ANGLE_UNIT ( ) SI_UNIT ( $, .RADIAN. ) );
#1498 = EDGE_CURVE ( 'NONE', #756, #999, #1726, .T. ) ;
#1499 = DIRECTION ( 'NONE',  ( -7.226810014900879756E-17, 0.000000000000000000, -1.000000000000000000 ) ) ;
#1500 = VERTEX_POINT ( 'NONE', #1468 ) ;
#1501 = VECTOR ( 'NONE', #1301, 1000.000000000000000 ) ;
#1502 = VECTOR ( 'NONE', #1469, 1000.000000000000000 ) ;
#1503 = ORIENTED_EDGE ( 'NONE', *, *, #1259, .T. ) ;
#1504 = DIRECTION ( 'NONE',  ( 0.000000000000000000, 0.000000000000000000, 1.000000000000000000 ) ) ;
#1505 = VECTOR ( 'NONE', #426, 1000.000000000000000 ) ;
#1506 = CARTESIAN_POINT ( 'NONE',  ( 27.50000000000000711, -60.00000000000005684, 6.000000000000000000 ) ) ;
#1507 = ORIENTED_EDGE ( 'NONE', *, *, #1622, .T. ) ;
#1508 = EDGE_CURVE ( 'NONE', #1009, #985, #358, .T. ) ;
#1509 = DIRECTION ( 'NONE',  ( 1.000000000000000000, 0.000000000000000000, 0.000000000000000000 ) ) ;
#1510 = DIRECTION ( 'NONE',  ( -7.226810014900879756E-17, 0.000000000000000000, -1.000000000000000000 ) ) ;
#1511 = ORIENTED_EDGE ( 'NONE', *, *, #395, .F. ) ;
#1512 = COLOUR_RGB ( '',0.5294117647058823595, 0.5490196078431373028, 0.5490196078431373028 ) ;
#1513 = VERTEX_POINT ( 'NONE', #945 ) ;
#1514 = FILL_AREA_STYLE_COLOUR ( '', #1252 ) ;
#1515 = CIRCLE ( 'NONE', #1351, 2.099999999999994316 ) ;
#1516 = VECTOR ( 'NONE', #1088, 1000.000000000000000 ) ;
#1517 = ORIENTED_EDGE ( 'NONE', *, *, #1586, .T. ) ;
#1518 = EDGE_CURVE ( 'NONE', #222, #344, #1321, .T. ) ;
#1519 = FACE_OUTER_BOUND ( 'NONE', #839, .T. ) ;
#1520 = ORIENTED_EDGE ( 'NONE', *, *, #553, .F. ) ;
#1521 = ORIENTED_EDGE ( 'NONE', *, *, #914, .T. ) ;
#1522 = DIRECTION ( 'NONE',  ( 1.000000000000000000, 0.000000000000000000, 0.000000000000000000 ) ) ;
#1523 = PRESENTATION_LAYER_ASSIGNMENT (  '', '', ( #1606 ) ) ;
#1524 = DIRECTION ( 'NONE',  ( 0.000000000000000000, 0.000000000000000000, -1.000000000000000000 ) ) ;
#1525 = ORIENTED_EDGE ( 'NONE', *, *, #1186, .F. ) ;
#1526 = LINE ( 'NONE', #1397, #744 ) ;
#1527 = EDGE_CURVE ( 'NONE', #1254, #1391, #1483, .T. ) ;
#1528 = FILL_AREA_STYLE ('',( #465 ) ) ;
#1529 = EDGE_LOOP ( 'NONE', ( #1219, #1400, #125, #1172 ) ) ;
#1530 = EDGE_CURVE ( 'NONE', #1413, #691, #807, .T. ) ;
#1531 = VERTEX_POINT ( 'NONE', #136 ) ;
#1532 = DIRECTION ( 'NONE',  ( 1.000000000000000000, 0.000000000000000000, 0.000000000000000000 ) ) ;
#1533 = DIRECTION ( 'NONE',  ( 0.000000000000000000, -1.000000000000000000, 0.000000000000000000 ) ) ;
#1534 = CARTESIAN_POINT ( 'NONE',  ( -17.24999999999999289, -54.75000000000005684, 6.000000000000000000 ) ) ;
#1535 = ORIENTED_EDGE ( 'NONE', *, *, #1402, .T. ) ;
#1536 = CARTESIAN_POINT ( 'NONE',  ( 22.75000000000000711, 43.25000000000005684, -4.235164736271501695E-19 ) ) ;
#1537 = EDGE_LOOP ( 'NONE', ( #796, #376, #1012, #1711 ) ) ;
#1538 = ORIENTED_EDGE ( 'NONE', *, *, #1272, .T. ) ;
#1539 = EDGE_CURVE ( 'NONE', #182, #356, #1732, .T. ) ;
#1540 = VECTOR ( 'NONE', #1533, 1000.000000000000000 ) ;
#1541 =( LENGTH_UNIT ( ) NAMED_UNIT ( * ) SI_UNIT ( .MILLI., .METRE. ) );
#1542 = DIRECTION ( 'NONE',  ( 0.000000000000000000, 0.000000000000000000, 1.000000000000000000 ) ) ;
#1543 = VERTEX_POINT ( 'NONE', #1332 ) ;
#1544 = CARTESIAN_POINT ( 'NONE',  ( 22.75000000000000711, -43.25000000000004974, 6.000000000000000000 ) ) ;
#1545 = PLANE ( 'NONE',  #505 ) ;
#1546 = DIRECTION ( 'NONE',  ( -1.000000000000000000, -2.018587317500284798E-15, 0.000000000000000000 ) ) ;
#1547 = ORIENTED_EDGE ( 'NONE', *, *, #1459, .T. ) ;
#1548 = ORIENTED_EDGE ( 'NONE', *, *, #1089, .T. ) ;
#1549 = EDGE_CURVE ( 'NONE', #467, #1500, #149, .T. ) ;
#1550 = FACE_OUTER_BOUND ( 'NONE', #1452, .T. ) ;
#1551 = CIRCLE ( 'NONE', #22, 2.749999999999999112 ) ;
#1552 = ORIENTED_EDGE ( 'NONE', *, *, #1156, .F. ) ;
#1553 = CARTESIAN_POINT ( 'NONE',  ( -9.000000000000001776, -30.00000000000000000, 6.000000000000000888 ) ) ;
#1554 = ORIENTED_EDGE ( 'NONE', *, *, #887, .T. ) ;
#1555 = CARTESIAN_POINT ( 'NONE',  ( -17.24999999999999289, -43.25000000000004974, 6.000000000000000000 ) ) ;
#1556 = DIRECTION ( 'NONE',  ( 7.226810014900879756E-17, 0.000000000000000000, 1.000000000000000000 ) ) ;
#1557 =( GEOMETRIC_REPRESENTATION_CONTEXT ( 3 ) GLOBAL_UNCERTAINTY_ASSIGNED_CONTEXT ( ( #913 ) ) GLOBAL_UNIT_ASSIGNED_CONTEXT ( ( #554, #421, #548 ) ) REPRESENTATION_CONTEXT ( 'NONE', 'WORKASPACE' ) );
#1558 = MECHANICAL_DESIGN_GEOMETRIC_PRESENTATION_REPRESENTATION (  '', ( #1282 ), #695 ) ;
#1559 = CIRCLE ( 'NONE', #54, 2.749999999999999112 ) ;
#1560 = DIRECTION ( 'NONE',  ( -0.000000000000000000, -0.000000000000000000, 1.000000000000000000 ) ) ;
#1561 = AXIS2_PLACEMENT_3D ( 'NONE', #1242, #1039, #483 ) ;
#1562 = CARTESIAN_POINT ( 'NONE',  ( 4.350000000000006750, 16.00000000000000000, 0.000000000000000000 ) ) ;
#1563 = EDGE_CURVE ( 'NONE', #308, #1701, #1569, .T. ) ;
#1564 = DIRECTION ( 'NONE',  ( -1.000000000000000000, 0.000000000000000000, -0.000000000000000000 ) ) ;
#1565 = CIRCLE ( 'NONE', #536, 2.749999999999999112 ) ;
#1566 = LINE ( 'NONE', #108, #1268 ) ;
#1567 = ORIENTED_EDGE ( 'NONE', *, *, #1087, .T. ) ;
#1568 = CARTESIAN_POINT ( 'NONE',  ( -8.999999999999998224, -23.00000000000013145, 0.000000000000000000 ) ) ;
#1569 = CIRCLE ( 'NONE', #1651, 5.000000000000000888 ) ;
#1570 = DIRECTION ( 'NONE',  ( 1.000000000000000000, 0.000000000000000000, 0.000000000000000000 ) ) ;
#1571 = CYLINDRICAL_SURFACE ( 'NONE', #896, 1.649999999999998579 ) ;
#1572 = AXIS2_PLACEMENT_3D ( 'NONE', #1634, #994, #565 ) ;
#1573 = DIRECTION ( 'NONE',  ( -0.000000000000000000, -0.000000000000000000, -1.000000000000000000 ) ) ;
#1574 = DIRECTION ( 'NONE',  ( 0.000000000000000000, 0.000000000000000000, 1.000000000000000000 ) ) ;
#1575 = EDGE_CURVE ( 'NONE', #1384, #102, #1624, .T. ) ;
#1576 = AXIS2_PLACEMENT_3D ( 'NONE', #1592, #1494, #1079 ) ;
#1577 = VERTEX_POINT ( 'NONE', #188 ) ;
#1578 = ORIENTED_EDGE ( 'NONE', *, *, #115, .T. ) ;
#1579 = CYLINDRICAL_SURFACE ( 'NONE', #834, 2.099999999999993427 ) ;
#1580 = AXIS2_PLACEMENT_3D ( 'NONE', #431, #549, #934 ) ;
#1581 =( NAMED_UNIT ( * ) PLANE_ANGLE_UNIT ( ) SI_UNIT ( $, .RADIAN. ) );
#1582 = MECHANICAL_DESIGN_GEOMETRIC_PRESENTATION_REPRESENTATION (  '', ( #274 ), #1102 ) ;
#1583 =( NAMED_UNIT ( * ) PLANE_ANGLE_UNIT ( ) SI_UNIT ( $, .RADIAN. ) );
#1584 = CARTESIAN_POINT ( 'NONE',  ( 17.25000000000000711, 54.75000000000005684, 0.000000000000000000 ) ) ;
#1585 = EDGE_LOOP ( 'NONE', ( #476, #145, #451, #539 ) ) ;
#1586 = EDGE_CURVE ( 'NONE', #92, #269, #43, .T. ) ;
#1587 = DIRECTION ( 'NONE',  ( -7.226810014900879756E-17, 0.000000000000000000, -1.000000000000000000 ) ) ;
#1588 = MECHANICAL_DESIGN_GEOMETRIC_PRESENTATION_REPRESENTATION (  '', ( #1081 ), #1557 ) ;
#1589 = DIRECTION ( 'NONE',  ( 1.000000000000000000, 0.000000000000000000, 0.000000000000000000 ) ) ;
#1590 = AXIS2_PLACEMENT_3D ( 'NONE', #1225, #35, #337 ) ;
#1591 = ORIENTED_EDGE ( 'NONE', *, *, #1177, .T. ) ;
#1592 = CARTESIAN_POINT ( 'NONE',  ( -9.000000000000001776, 30.00000000000000000, 6.000000000000000888 ) ) ;
#1593 = CARTESIAN_POINT ( 'NONE',  ( 22.75000000000000711, 0.000000000000000000, 0.000000000000000000 ) ) ;
#1594 = EDGE_CURVE ( 'NONE', #182, #1114, #177, .T. ) ;
#1595 = CYLINDRICAL_SURFACE ( 'NONE', #653, 2.099999999999994316 ) ;
#1596 = CIRCLE ( 'NONE', #34, 1.249999999999999334 ) ;
#1597 = DIRECTION ( 'NONE',  ( 0.000000000000000000, 0.000000000000000000, 1.000000000000000000 ) ) ;
#1598 = CARTESIAN_POINT ( 'NONE',  ( 4.350000000000006750, -16.00000000000000000, 6.000000000000000000 ) ) ;
#1599 = EDGE_LOOP ( 'NONE', ( #1525, #1287, #1007, #441 ) ) ;
#1600 = CARTESIAN_POINT ( 'NONE',  ( 17.25000000000000711, 54.75000000000006395, 6.000000000000000000 ) ) ;
#1601 = CYLINDRICAL_SURFACE ( 'NONE', #59, 2.099999999999993427 ) ;
#1602 = EDGE_CURVE ( 'NONE', #1335, #1500, #1180, .T. ) ;
#1603 = DIRECTION ( 'NONE',  ( 0.000000000000000000, 0.000000000000000000, 1.000000000000000000 ) ) ;
#1604 = DIRECTION ( 'NONE',  ( -0.000000000000000000, -0.000000000000000000, 1.000000000000000000 ) ) ;
#1605 = DIRECTION ( 'NONE',  ( 0.000000000000000000, 0.000000000000000000, 1.000000000000000000 ) ) ;
#1606 = STYLED_ITEM ( 'NONE', ( #1222 ), #1077 ) ;
#1607 = ORIENTED_EDGE ( 'NONE', *, *, #914, .F. ) ;
#1608 = DIRECTION ( 'NONE',  ( 1.000000000000000000, 0.000000000000000000, 0.000000000000000000 ) ) ;
#1609 = CARTESIAN_POINT ( 'NONE',  ( -22.19999999999999574, -23.00000000000012790, 6.000000000000000000 ) ) ;
#1610 = DIRECTION ( 'NONE',  ( 7.226810014900879756E-17, 0.000000000000000000, 1.000000000000000000 ) ) ;
#1611 = FACE_OUTER_BOUND ( 'NONE', #339, .T. ) ;
#1612 = DIRECTION ( 'NONE',  ( 1.000000000000000000, 0.000000000000000000, 0.000000000000000000 ) ) ;
#1613 = DIRECTION ( 'NONE',  ( -0.000000000000000000, -0.000000000000000000, 1.000000000000000000 ) ) ;
#1614 = ADVANCED_FACE ( 'NONE', ( #1689 ), #493, .T. ) ;
#1615 = CARTESIAN_POINT ( 'NONE',  ( 11.00000000000000000, 29.99999999999998579, 6.000000000000000888 ) ) ;
#1616 = VERTEX_POINT ( 'NONE', #81 ) ;
#1617 = CYLINDRICAL_SURFACE ( 'NONE', #523, 1.250000000000001110 ) ;
#1618 = LINE ( 'NONE', #315, #1505 ) ;
#1619 = DIRECTION ( 'NONE',  ( 0.000000000000000000, 0.000000000000000000, 1.000000000000000000 ) ) ;
#1620 = DIRECTION ( 'NONE',  ( 1.000000000000000000, 0.000000000000000000, 0.000000000000000000 ) ) ;
#1621 = FACE_OUTER_BOUND ( 'NONE', #1073, .T. ) ;
#1622 = EDGE_CURVE ( 'NONE', #231, #995, #1281, .T. ) ;
#1623 = CARTESIAN_POINT ( 'NONE',  ( 17.24999999999996092, 54.75000000000006395, 6.000000000000000000 ) ) ;
#1624 = LINE ( 'NONE', #1454, #428 ) ;
#1625 = ORIENTED_EDGE ( 'NONE', *, *, #1527, .F. ) ;
#1626 = DIRECTION ( 'NONE',  ( 0.000000000000000000, 0.000000000000000000, 1.000000000000000000 ) ) ;
#1627 = CARTESIAN_POINT ( 'NONE',  ( 27.50000000000000711, -60.00000000000005684, 0.000000000000000000 ) ) ;
#1628 = CARTESIAN_POINT ( 'NONE',  ( -17.24999999999999289, -43.25000000000005684, -4.235164736271501695E-19 ) ) ;
#1629 = AXIS2_PLACEMENT_3D ( 'NONE', #1040, #333, #604 ) ;
#1630 = EDGE_LOOP ( 'NONE', ( #619, #354 ) ) ;
#1631 = STYLED_ITEM ( 'NONE', ( #568 ), #1415 ) ;
#1632 = DIRECTION ( 'NONE',  ( 1.000000000000000000, 0.000000000000000000, 0.000000000000000000 ) ) ;
#1633 = EDGE_CURVE ( 'NONE', #56, #880, #381, .T. ) ;
#1634 = CARTESIAN_POINT ( 'NONE',  ( -22.19999999999999574, -23.00000000000012790, 6.000000000000000000 ) ) ;
#1635 = VERTEX_POINT ( 'NONE', #256 ) ;
#1636 = DIRECTION ( 'NONE',  ( 1.000000000000000000, 0.000000000000000000, 0.000000000000000000 ) ) ;
#1637 =( LENGTH_UNIT ( ) NAMED_UNIT ( * ) SI_UNIT ( .MILLI., .METRE. ) );
#1638 = FACE_BOUND ( 'NONE', #1327, .T. ) ;
#1639 = ORIENTED_EDGE ( 'NONE', *, *, #167, .F. ) ;
#1640 = VECTOR ( 'NONE', #1126, 1000.000000000000000 ) ;
#1641 = CIRCLE ( 'NONE', #224, 2.749999999999999112 ) ;
#1642 = VECTOR ( 'NONE', #905, 1000.000000000000000 ) ;
#1643 = EDGE_LOOP ( 'NONE', ( #1548, #1154 ) ) ;
#1644 = PRESENTATION_LAYER_ASSIGNMENT (  '', '', ( #979 ) ) ;
#1645 = EDGE_CURVE ( 'NONE', #222, #1616, #814, .T. ) ;
#1646 = LINE ( 'NONE', #1229, #1196 ) ;
#1647 = ORIENTED_EDGE ( 'NONE', *, *, #1602, .F. ) ;
#1648 = COLOUR_RGB ( '',0.5294117647058823595, 0.5490196078431373028, 0.5490196078431373028 ) ;
#1649 = FACE_BOUND ( 'NONE', #1630, .T. ) ;
#1650 = VERTEX_POINT ( 'NONE', #525 ) ;
#1651 = AXIS2_PLACEMENT_3D ( 'NONE', #9, #1458, #1035 ) ;
#1652 = ORIENTED_EDGE ( 'NONE', *, *, #230, .T. ) ;
#1653 = PRESENTATION_STYLE_ASSIGNMENT (( #1353 ) ) ;
#1654 = VECTOR ( 'NONE', #1524, 1000.000000000000000 ) ;
#1655 = CARTESIAN_POINT ( 'NONE',  ( -6.900000000000013678, 30.00000000000000000, 6.000000000000000888 ) ) ;
#1656 = CIRCLE ( 'NONE', #266, 1.649999999999998579 ) ;
#1657 = ORIENTED_EDGE ( 'NONE', *, *, #899, .T. ) ;
#1658 = ADVANCED_FACE ( 'NONE', ( #877 ), #605, .F. ) ;
#1659 = LINE ( 'NONE', #1627, #1696 ) ;
#1660 = EDGE_CURVE ( 'NONE', #1319, #1000, #1002, .T. ) ;
#1661 = FACE_BOUND ( 'NONE', #1346, .T. ) ;
#1662 = EDGE_LOOP ( 'NONE', ( #683, #857, #1511, #1703 ) ) ;
#1663 = ORIENTED_EDGE ( 'NONE', *, *, #728, .T. ) ;
#1664 = DIRECTION ( 'NONE',  ( -0.000000000000000000, -0.000000000000000000, 1.000000000000000000 ) ) ;
#1665 = STYLED_ITEM ( 'NONE', ( #1086 ), #1285 ) ;
#1666 = FILL_AREA_STYLE ('',( #737 ) ) ;
#1667 = SURFACE_STYLE_FILL_AREA ( #1131 ) ;
#1668 = ORIENTED_EDGE ( 'NONE', *, *, #962, .T. ) ;
#1669 = SURFACE_SIDE_STYLE ('',( #873 ) ) ;
#1670 = DIRECTION ( 'NONE',  ( -0.000000000000000000, -1.000000000000000000, -0.000000000000000000 ) ) ;
#1671 = DIRECTION ( 'NONE',  ( -1.000000000000000000, 0.000000000000000000, 7.226810014900879756E-17 ) ) ;
#1672 = ADVANCED_FACE ( 'NONE', ( #206 ), #736, .F. ) ;
#1673 = EDGE_LOOP ( 'NONE', ( #1554, #1408, #462, #500 ) ) ;
#1674 = EDGE_LOOP ( 'NONE', ( #550, #211, #1360, #1567 ) ) ;
#1675 = VECTOR ( 'NONE', #1085, 1000.000000000000000 ) ;
#1676 = STYLED_ITEM ( 'NONE', ( #946 ), #932 ) ;
#1677 = LINE ( 'NONE', #1166, #787 ) ;
#1678 = DIRECTION ( 'NONE',  ( -0.000000000000000000, -0.000000000000000000, 1.000000000000000000 ) ) ;
#1679 = ORIENTED_EDGE ( 'NONE', *, *, #488, .F. ) ;
#1680 = DIRECTION ( 'NONE',  ( -0.000000000000000000, -0.000000000000000000, 1.000000000000000000 ) ) ;
#1681 = DIRECTION ( 'NONE',  ( -1.000000000000000000, 0.000000000000000000, 0.000000000000000000 ) ) ;
#1682 = ORIENTED_EDGE ( 'NONE', *, *, #1594, .T. ) ;
#1683 = EDGE_CURVE ( 'NONE', #1635, #1148, #1677, .T. ) ;
#1684 = ORIENTED_EDGE ( 'NONE', *, *, #1259, .F. ) ;
#1685 = CARTESIAN_POINT ( 'NONE',  ( 22.50000000000000711, 55.00000000000004974, 6.000000000000000000 ) ) ;
#1686 = VERTEX_POINT ( 'NONE', #1175 ) ;
#1687 = CARTESIAN_POINT ( 'NONE',  ( 27.50000000000000711, 60.00000000000005684, 6.000000000000000000 ) ) ;
#1688 = SURFACE_SIDE_STYLE ('',( #1152 ) ) ;
#1689 = FACE_OUTER_BOUND ( 'NONE', #1320, .T. ) ;
#1690 = EDGE_LOOP ( 'NONE', ( #445, #91, #1578, #1128 ) ) ;
#1691 = LINE ( 'NONE', #920, #1380 ) ;
#1692 = CYLINDRICAL_SURFACE ( 'NONE', #585, 1.249999999999999334 ) ;
#1693 = CIRCLE ( 'NONE', #212, 2.749999999999999112 ) ;
#1694 = EDGE_CURVE ( 'NONE', #985, #1009, #1461, .T. ) ;
#1695 = ORIENTED_EDGE ( 'NONE', *, *, #1249, .F. ) ;
#1696 = VECTOR ( 'NONE', #997, 1000.000000000000000 ) ;
#1697 =( LENGTH_UNIT ( ) NAMED_UNIT ( * ) SI_UNIT ( .MILLI., .METRE. ) );
#1698 = DIRECTION ( 'NONE',  ( 2.018587317500284798E-15, -1.000000000000000000, 0.000000000000000000 ) ) ;
#1699 = SURFACE_SIDE_STYLE ('',( #1046 ) ) ;
#1700 = CARTESIAN_POINT ( 'NONE',  ( 22.75000000000000711, -54.75000000000005684, -0.001000000000000132727 ) ) ;
#1701 = VERTEX_POINT ( 'NONE', #1708 ) ;
#1702 = UNCERTAINTY_MEASURE_WITH_UNIT (LENGTH_MEASURE( 1.000000000000000082E-05 ), #1541, 'distance_accuracy_value', 'NONE');
#1703 = ORIENTED_EDGE ( 'NONE', *, *, #33, .T. ) ;
#1704 = AXIS2_PLACEMENT_3D ( 'NONE', #267, #1604, #1620 ) ;
#1705 = AXIS2_PLACEMENT_3D ( 'NONE', #355, #916, #247 ) ;
#1706 = AXIS2_PLACEMENT_3D ( 'NONE', #235, #490, #1411 ) ;
#1707 = EDGE_CURVE ( 'NONE', #232, #1148, #1596, .T. ) ;
#1708 = CARTESIAN_POINT ( 'NONE',  ( 27.50000000000000711, -55.00000000000005684, 6.000000000000000000 ) ) ;
#1709 = VECTOR ( 'NONE', #1727, 1000.000000000000000 ) ;
#1710 = DIRECTION ( 'NONE',  ( -1.000000000000000000, 0.000000000000000000, 0.000000000000000000 ) ) ;
#1711 = ORIENTED_EDGE ( 'NONE', *, *, #303, .T. ) ;
#1712 = ORIENTED_EDGE ( 'NONE', *, *, #1645, .T. ) ;
#1713 = DIRECTION ( 'NONE',  ( 1.000000000000000000, 0.000000000000000000, 0.000000000000000000 ) ) ;
#1714 = CARTESIAN_POINT ( 'NONE',  ( -11.09999999999999609, 30.00000000000000000, 0.000000000000000000 ) ) ;
#1715 = DIRECTION ( 'NONE',  ( 1.000000000000000000, 0.000000000000000000, 0.000000000000000000 ) ) ;
#1716 = AXIS2_PLACEMENT_3D ( 'NONE', #427, #326, #558 ) ;
#1717 = EDGE_CURVE ( 'NONE', #56, #1650, #1376, .T. ) ;
#1718 = LINE ( 'NONE', #1171, #1075 ) ;
#1719 = EDGE_LOOP ( 'NONE', ( #1246, #635, #1150, #1420 ) ) ;
#1720 = EDGE_CURVE ( 'NONE', #1090, #504, #774, .T. ) ;
#1721 = DIRECTION ( 'NONE',  ( 1.000000000000000000, -0.000000000000000000, -0.000000000000000000 ) ) ;
#1722 = DIRECTION ( 'NONE',  ( -0.000000000000000000, -0.000000000000000000, 1.000000000000000000 ) ) ;
#1723 = AXIS2_PLACEMENT_3D ( 'NONE', #983, #442, #591 ) ;
#1724 = CARTESIAN_POINT ( 'NONE',  ( 11.00000000000000000, 29.99999999999998579, 6.000000000000000000 ) ) ;
#1725 = CARTESIAN_POINT ( 'NONE',  ( 22.50000000000000711, -55.00000000000005684, 0.000000000000000000 ) ) ;
#1726 = CIRCLE ( 'NONE', #610, 2.099999999999994316 ) ;
#1727 = DIRECTION ( 'NONE',  ( 0.000000000000000000, 0.000000000000000000, -1.000000000000000000 ) ) ;
#1728 = DIRECTION ( 'NONE',  ( 1.000000000000000000, 0.000000000000000000, 0.000000000000000000 ) ) ;
#1729 = ORIENTED_EDGE ( 'NONE', *, *, #1730, .F. ) ;
#1730 = EDGE_CURVE ( 'NONE', #1148, #232, #1347, .T. ) ;
#1731 = DIRECTION ( 'NONE',  ( 0.000000000000000000, -0.000000000000000000, -1.000000000000000000 ) ) ;
#1732 = LINE ( 'NONE', #1593, #1329 ) ;
#1733 = CARTESIAN_POINT ( 'NONE',  ( 20.00000000000000711, 43.25000000000005684, 6.000000000000000000 ) ) ;
#1734 = PRESENTATION_STYLE_ASSIGNMENT (( #152 ) ) ;
ENDSEC;
END-ISO-10303-21;
