ISO-10303-21;
HEADER;
FILE_DESCRIPTION (( 'STEP AP214' ),
    '1' );
FILE_NAME ('E.FLEX_05_HMI_Halterung_oben_V1.0.STEP',
    '2025-09-01T09:27:10',
    ( '' ),
    ( '' ),
    'SwSTEP 2.0',
    'SolidWorks 2021',
    '' );
FILE_SCHEMA (( 'AUTOMOTIVE_DESIGN' ));
ENDSEC;

DATA;
#1 = VERTEX_POINT ( 'NONE', #1278 ) ;
#2 = AXIS2_PLACEMENT_3D ( 'NONE', #1674, #453, #462 ) ;
#3 = DIRECTION ( 'NONE',  ( 0.000000000000000000, 0.000000000000000000, 1.000000000000000000 ) ) ;
#4 = VERTEX_POINT ( 'NONE', #65 ) ;
#5 = PLANE ( 'NONE',  #305 ) ;
#6 = DIRECTION ( 'NONE',  ( 1.000000000000000000, 0.000000000000000000, 0.000000000000000000 ) ) ;
#7 = CARTESIAN_POINT ( 'NONE',  ( -11.00000000000000000, 1.999999999999998668, 89.00000000000000000 ) ) ;
#8 = EDGE_CURVE ( 'NONE', #766, #631, #1256, .T. ) ;
#9 = DIRECTION ( 'NONE',  ( 1.000000000000000000, 1.224646799147353454E-16, 0.000000000000000000 ) ) ;
#10 = EDGE_LOOP ( 'NONE', ( #491, #1370, #508, #1460 ) ) ;
#11 = LINE ( 'NONE', #289, #47 ) ;
#12 = CARTESIAN_POINT ( 'NONE',  ( -16.00000000000000000, -2.000000000000005773, -89.00000000000000000 ) ) ;
#13 = ORIENTED_EDGE ( 'NONE', *, *, #72, .F. ) ;
#14 = DIRECTION ( 'NONE',  ( -1.360567432138671835E-16, 0.000000000000000000, -1.000000000000000000 ) ) ;
#15 = ORIENTED_EDGE ( 'NONE', *, *, #1338, .T. ) ;
#16 = CARTESIAN_POINT ( 'NONE',  ( 0.000000000000000000, 0.000000000000000000, 0.000000000000000000 ) ) ;
#17 = DIRECTION ( 'NONE',  ( -1.000000000000000000, -0.000000000000000000, -0.000000000000000000 ) ) ;
#18 = CARTESIAN_POINT ( 'NONE',  ( 0.000000000000000000, -18.00000000000000000, 140.0000000000000000 ) ) ;
#19 = EDGE_CURVE ( 'NONE', #1169, #1155, #337, .T. ) ;
#20 = EDGE_LOOP ( 'NONE', ( #431, #375, #926, #912 ) ) ;
#21 = DIRECTION ( 'NONE',  ( 0.000000000000000000, 0.000000000000000000, 1.000000000000000000 ) ) ;
#22 = EDGE_CURVE ( 'NONE', #899, #1294, #1251, .T. ) ;
#23 = CARTESIAN_POINT ( 'NONE',  ( -11.99999999999999822, 1.999999999999998224, 90.00000000000000000 ) ) ;
#24 = CARTESIAN_POINT ( 'NONE',  ( -2.000000000000000888, 2.000000000000000000, -88.00000000000002842 ) ) ;
#25 = VECTOR ( 'NONE', #141, 1000.000000000000000 ) ;
#26 = EDGE_LOOP ( 'NONE', ( #1376, #1702, #1555, #1201 ) ) ;
#27 = CIRCLE ( 'NONE', #1004, 1.000000000000000000 ) ;
#28 = PRODUCT_DEFINITION_CONTEXT ( 'detailed design', #1216, 'design' ) ;
#29 = FACE_OUTER_BOUND ( 'NONE', #304, .T. ) ;
#30 = PRODUCT_DEFINITION_FORMATION_WITH_SPECIFIED_SOURCE ( 'ANY', '', #1180, .NOT_KNOWN. ) ;
#31 = CARTESIAN_POINT ( 'NONE',  ( -16.00000000000000000, -2.000000000000005773, 89.00000000000000000 ) ) ;
#32 = EDGE_CURVE ( 'NONE', #874, #1005, #39, .T. ) ;
#33 = LINE ( 'NONE', #573, #954 ) ;
#34 = CARTESIAN_POINT ( 'NONE',  ( 2.000000000000000000, -18.00000000000000000, -140.0000000000000000 ) ) ;
#35 = CARTESIAN_POINT ( 'NONE',  ( -16.00000000000000000, -2.000000000000005773, -89.00000000000000000 ) ) ;
#36 = VERTEX_POINT ( 'NONE', #1324 ) ;
#37 = CARTESIAN_POINT ( 'NONE',  ( -11.99999999999999822, 0.000000000000000000, 90.00000000000000000 ) ) ;
#38 = DIRECTION ( 'NONE',  ( 5.071795850738850313E-31, 1.949127501097530345E-17, 1.000000000000000000 ) ) ;
#39 = LINE ( 'NONE', #582, #709 ) ;
#40 = EDGE_CURVE ( 'NONE', #904, #1683, #1703, .T. ) ;
#41 = CARTESIAN_POINT ( 'NONE',  ( 2.020667218593133741E-16, -10.09999999999999964, -128.9999999999999432 ) ) ;
#42 = ADVANCED_FACE ( 'NONE', ( #369 ), #353, .T. ) ;
#43 = DIRECTION ( 'NONE',  ( -0.000000000000000000, 0.000000000000000000, -1.000000000000000000 ) ) ;
#44 = ORIENTED_EDGE ( 'NONE', *, *, #1359, .F. ) ;
#45 = DIRECTION ( 'NONE',  ( 0.000000000000000000, -0.000000000000000000, 1.000000000000000000 ) ) ;
#46 = ORIENTED_EDGE ( 'NONE', *, *, #531, .F. ) ;
#47 = VECTOR ( 'NONE', #827, 1000.000000000000000 ) ;
#48 = ORIENTED_EDGE ( 'NONE', *, *, #730, .T. ) ;
#49 = VECTOR ( 'NONE', #1536, 1000.000000000000000 ) ;
#50 = CARTESIAN_POINT ( 'NONE',  ( 3.158970875287310611E-15, -18.00100000000000477, -87.00000000000002842 ) ) ;
#51 = AXIS2_PLACEMENT_3D ( 'NONE', #703, #43, #1398 ) ;
#52 = ADVANCED_FACE ( 'NONE', ( #92 ), #638, .F. ) ;
#53 = CARTESIAN_POINT ( 'NONE',  ( -2.000000000000000888, 1.999999999999999556, 140.0000000000000000 ) ) ;
#54 = ORIENTED_EDGE ( 'NONE', *, *, #1276, .T. ) ;
#55 = CARTESIAN_POINT ( 'NONE',  ( 2.000000000000000444, -16.99999999999999645, 90.00000000000001421 ) ) ;
#56 = AXIS2_PLACEMENT_3D ( 'NONE', #1346, #1097, #1652 ) ;
#57 = AXIS2_PLACEMENT_3D ( 'NONE', #1611, #641, #682 ) ;
#58 = DIRECTION ( 'NONE',  ( 0.000000000000000000, 1.000000000000000000, 0.000000000000000000 ) ) ;
#59 = CYLINDRICAL_SURFACE ( 'NONE', #1178, 1.000000000000000888 ) ;
#60 = CARTESIAN_POINT ( 'NONE',  ( 0.000000000000000000, -18.00000000000000000, 91.00000000000001421 ) ) ;
#61 = ORIENTED_EDGE ( 'NONE', *, *, #742, .F. ) ;
#62 = DIRECTION ( 'NONE',  ( -1.000000000000000000, -4.336808689942017736E-16, 0.000000000000000000 ) ) ;
#63 = EDGE_CURVE ( 'NONE', #858, #1392, #232, .T. ) ;
#64 = ORIENTED_EDGE ( 'NONE', *, *, #975, .T. ) ;
#65 = CARTESIAN_POINT ( 'NONE',  ( -20.00000000000002132, -7.000000000000003553, 89.00000000000000000 ) ) ;
#66 = ORIENTED_EDGE ( 'NONE', *, *, #474, .F. ) ;
#67 = LINE ( 'NONE', #475, #1722 ) ;
#68 = DIRECTION ( 'NONE',  ( 1.000000000000000000, 4.336808689942017736E-16, 0.000000000000000000 ) ) ;
#69 = DIRECTION ( 'NONE',  ( -0.000000000000000000, -0.000000000000000000, -1.000000000000000000 ) ) ;
#70 = ORIENTED_EDGE ( 'NONE', *, *, #135, .F. ) ;
#71 = DIRECTION ( 'NONE',  ( -1.000000000000000000, 0.000000000000000000, 0.000000000000000000 ) ) ;
#72 = EDGE_CURVE ( 'NONE', #1437, #1188, #629, .T. ) ;
#73 = DIRECTION ( 'NONE',  ( -1.000000000000000000, 0.000000000000000000, 0.000000000000000000 ) ) ;
#74 = VERTEX_POINT ( 'NONE', #1163 ) ;
#75 = DIRECTION ( 'NONE',  ( 0.000000000000000000, 0.000000000000000000, 1.000000000000000000 ) ) ;
#76 = DIRECTION ( 'NONE',  ( -1.000000000000000000, -0.000000000000000000, -0.000000000000000000 ) ) ;
#77 = LINE ( 'NONE', #744, #689 ) ;
#78 =( GEOMETRIC_REPRESENTATION_CONTEXT ( 3 ) GLOBAL_UNCERTAINTY_ASSIGNED_CONTEXT ( ( #1363 ) ) GLOBAL_UNIT_ASSIGNED_CONTEXT ( ( #1309, #1575, #1594 ) ) REPRESENTATION_CONTEXT ( 'NONE', 'WORKASPACE' ) );
#79 = LINE ( 'NONE', #486, #868 ) ;
#80 = CARTESIAN_POINT ( 'NONE',  ( 2.020667218593133741E-16, -10.09999999999999964, -126.7499999999999432 ) ) ;
#81 = VECTOR ( 'NONE', #1142, 1000.000000000000000 ) ;
#82 = EDGE_LOOP ( 'NONE', ( #786, #394, #806, #429, #532, #907, #1399, #1419, #356, #181, #1060, #1458, #666, #556, #314, #1172, #1325, #447, #668, #114, #1110, #1585 ) ) ;
#83 = CARTESIAN_POINT ( 'NONE',  ( -20.00000000000002487, -7.999999999999981348, -88.00000000000000000 ) ) ;
#84 = EDGE_CURVE ( 'NONE', #679, #1549, #1430, .T. ) ;
#85 = AXIS2_PLACEMENT_3D ( 'NONE', #536, #410, #280 ) ;
#86 = DIRECTION ( 'NONE',  ( 1.224646799147353207E-16, -1.000000000000000000, 0.000000000000000000 ) ) ;
#87 = DIRECTION ( 'NONE',  ( -1.000000000000000000, 0.000000000000000000, 0.000000000000000000 ) ) ;
#88 = ADVANCED_FACE ( 'NONE', ( #1171 ), #1287, .T. ) ;
#89 = CARTESIAN_POINT ( 'NONE',  ( 2.000000000000000000, -18.00000000000000000, 140.0000000000000000 ) ) ;
#90 = CYLINDRICAL_SURFACE ( 'NONE', #171, 1.000000000000000888 ) ;
#91 = PLANE ( 'NONE',  #643 ) ;
#92 = FACE_OUTER_BOUND ( 'NONE', #855, .T. ) ;
#93 = LINE ( 'NONE', #497, #1554 ) ;
#94 = EDGE_CURVE ( 'NONE', #955, #265, #843, .T. ) ;
#95 = VERTEX_POINT ( 'NONE', #948 ) ;
#96 = CARTESIAN_POINT ( 'NONE',  ( -1.999999999999998224, -18.00100000000000122, -89.00000000000002842 ) ) ;
#97 = EDGE_CURVE ( 'NONE', #1188, #679, #1238, .T. ) ;
#98 = CARTESIAN_POINT ( 'NONE',  ( -17.99999999999999645, 5.526622187142829362E-14, 7.034968034506484809E-30 ) ) ;
#99 = CARTESIAN_POINT ( 'NONE',  ( 2.000000000000000444, -18.00000000000000000, 91.00000000000001421 ) ) ;
#100 = ORIENTED_EDGE ( 'NONE', *, *, #409, .F. ) ;
#101 = DIRECTION ( 'NONE',  ( 1.000000000000000000, 0.000000000000000000, 0.000000000000000000 ) ) ;
#102 = CARTESIAN_POINT ( 'NONE',  ( 2.000000000000000000, -16.99999999999999645, 91.00000000000001421 ) ) ;
#103 = VERTEX_POINT ( 'NONE', #144 ) ;
#104 = CARTESIAN_POINT ( 'NONE',  ( -16.00000000000000000, -2.000000000000005773, -89.00000000000000000 ) ) ;
#105 = VERTEX_POINT ( 'NONE', #528 ) ;
#106 = CARTESIAN_POINT ( 'NONE',  ( -16.00000000000000000, -1.959434878635765131E-15, 140.0000000000000000 ) ) ;
#107 = ADVANCED_FACE ( 'NONE', ( #419 ), #1631, .F. ) ;
#108 = VERTEX_POINT ( 'NONE', #1369 ) ;
#109 = CARTESIAN_POINT ( 'NONE',  ( -2.000000000000000000, -2.000000000000000888, 90.00000000000001421 ) ) ;
#110 = VECTOR ( 'NONE', #428, 1000.000000000000000 ) ;
#111 = ORIENTED_EDGE ( 'NONE', *, *, #1088, .F. ) ;
#112 = MECHANICAL_DESIGN_GEOMETRIC_PRESENTATION_REPRESENTATION (  '', ( #478 ), #173 ) ;
#113 = ORIENTED_EDGE ( 'NONE', *, *, #697, .F. ) ;
#114 = ORIENTED_EDGE ( 'NONE', *, *, #809, .T. ) ;
#115 = VECTOR ( 'NONE', #438, 1000.000000000000000 ) ;
#116 = CARTESIAN_POINT ( 'NONE',  ( 0.000000000000000000, -2.000000000000001776, 90.00000000000001421 ) ) ;
#117 = DIRECTION ( 'NONE',  ( 1.000000000000000000, 0.000000000000000000, 0.000000000000000000 ) ) ;
#118 = AXIS2_PLACEMENT_3D ( 'NONE', #412, #655, #919 ) ;
#119 = LINE ( 'NONE', #661, #330 ) ;
#120 = EDGE_CURVE ( 'NONE', #968, #1706, #759, .T. ) ;
#121 = ORIENTED_EDGE ( 'NONE', *, *, #583, .T. ) ;
#122 = DIRECTION ( 'NONE',  ( -0.000000000000000000, -0.000000000000000000, -1.000000000000000000 ) ) ;
#123 = CARTESIAN_POINT ( 'NONE',  ( -20.00000000000000355, -1.999999999999991784, 89.00000000000000000 ) ) ;
#124 = ORIENTED_EDGE ( 'NONE', *, *, #924, .T. ) ;
#125 = DIRECTION ( 'NONE',  ( 1.000000000000000000, 0.000000000000000000, -0.000000000000000000 ) ) ;
#126 = ORIENTED_EDGE ( 'NONE', *, *, #164, .F. ) ;
#127 = CARTESIAN_POINT ( 'NONE',  ( -20.00000000000002132, -6.999999999999981348, -88.00000000000000000 ) ) ;
#128 = FACE_OUTER_BOUND ( 'NONE', #800, .T. ) ;
#129 = DIRECTION ( 'NONE',  ( 1.000000000000000000, 0.000000000000000000, 0.000000000000000000 ) ) ;
#130 = DIRECTION ( 'NONE',  ( 1.000000000000000000, 1.224646799147353207E-16, 1.360567432138671835E-16 ) ) ;
#131 = ORIENTED_EDGE ( 'NONE', *, *, #1413, .F. ) ;
#132 = LINE ( 'NONE', #547, #201 ) ;
#133 = PLANE ( 'NONE',  #871 ) ;
#134 = ORIENTED_EDGE ( 'NONE', *, *, #1338, .F. ) ;
#135 = EDGE_CURVE ( 'NONE', #74, #231, #1151, .T. ) ;
#136 = DIRECTION ( 'NONE',  ( 0.000000000000000000, 0.000000000000000000, 1.000000000000000000 ) ) ;
#137 = VERTEX_POINT ( 'NONE', #958 ) ;
#138 = DIRECTION ( 'NONE',  ( -0.000000000000000000, -0.000000000000000000, -1.000000000000000000 ) ) ;
#139 = FACE_OUTER_BOUND ( 'NONE', #1133, .T. ) ;
#140 = DIRECTION ( 'NONE',  ( -1.000000000000000000, 0.000000000000000000, 0.000000000000000000 ) ) ;
#141 = DIRECTION ( 'NONE',  ( -1.360567432138671835E-16, -1.666214550792758053E-32, -1.000000000000000000 ) ) ;
#142 = ORIENTED_EDGE ( 'NONE', *, *, #1456, .F. ) ;
#143 = CIRCLE ( 'NONE', #1118, 2.250000000000001776 ) ;
#144 = CARTESIAN_POINT ( 'NONE',  ( 1.000000000000000888, 2.000000000000000000, -87.00000000000002842 ) ) ;
#145 = ORIENTED_EDGE ( 'NONE', *, *, #833, .T. ) ;
#146 = CYLINDRICAL_SURFACE ( 'NONE', #118, 4.000000000000003553 ) ;
#147 = VERTEX_POINT ( 'NONE', #1515 ) ;
#148 = ADVANCED_FACE ( 'NONE', ( #1231 ), #562, .F. ) ;
#149 = EDGE_CURVE ( 'NONE', #103, #1612, #286, .T. ) ;
#150 = VECTOR ( 'NONE', #652, 1000.000000000000000 ) ;
#151 = ORIENTED_EDGE ( 'NONE', *, *, #722, .T. ) ;
#152 = CARTESIAN_POINT ( 'NONE',  ( -20.00000000000002487, -7.999999999999981348, -89.00000000000001421 ) ) ;
#153 = ORIENTED_EDGE ( 'NONE', *, *, #646, .F. ) ;
#154 = PLANE ( 'NONE',  #561 ) ;
#155 = EDGE_CURVE ( 'NONE', #147, #1650, #1357, .T. ) ;
#156 = ADVANCED_FACE ( 'NONE', ( #789 ), #700, .T. ) ;
#157 = PRESENTATION_STYLE_ASSIGNMENT (( #1102 ) ) ;
#158 = DIRECTION ( 'NONE',  ( -1.000000000000000000, 1.734723475976807094E-15, 0.000000000000000000 ) ) ;
#159 = ORIENTED_EDGE ( 'NONE', *, *, #1465, .T. ) ;
#160 = LINE ( 'NONE', #972, #1668 ) ;
#161 = DIRECTION ( 'NONE',  ( -1.224646799147353207E-16, 1.000000000000000000, 0.000000000000000000 ) ) ;
#162 = ORIENTED_EDGE ( 'NONE', *, *, #1724, .T. ) ;
#163 = DIRECTION ( 'NONE',  ( -1.000000000000000000, 3.469446951953610245E-15, 4.395556403973672374E-31 ) ) ;
#164 = EDGE_CURVE ( 'NONE', #551, #920, #364, .T. ) ;
#165 = ORIENTED_EDGE ( 'NONE', *, *, #40, .F. ) ;
#166 = DIRECTION ( 'NONE',  ( 0.000000000000000000, 1.266932875713398407E-16, -1.000000000000000000 ) ) ;
#167 = VECTOR ( 'NONE', #1580, 1000.000000000000000 ) ;
#168 = LINE ( 'NONE', #1402, #446 ) ;
#169 = VECTOR ( 'NONE', #1697, 1000.000000000000000 ) ;
#170 = VERTEX_POINT ( 'NONE', #1340 ) ;
#171 = AXIS2_PLACEMENT_3D ( 'NONE', #1282, #469, #1553 ) ;
#172 = CYLINDRICAL_SURFACE ( 'NONE', #426, 0.9999999999999991118 ) ;
#173 =( GEOMETRIC_REPRESENTATION_CONTEXT ( 3 ) GLOBAL_UNCERTAINTY_ASSIGNED_CONTEXT ( ( #576 ) ) GLOBAL_UNIT_ASSIGNED_CONTEXT ( ( #1065, #922, #1615 ) ) REPRESENTATION_CONTEXT ( 'NONE', 'WORKASPACE' ) );
#174 = LINE ( 'NONE', #1510, #681 ) ;
#175 = CLOSED_SHELL ( 'NONE', ( #1496, #749, #1262, #1008, #715, #740, #866, #1310, #1601, #454, #1345, #384, #466, #313, #1098, #1541, #1335, #1374, #1614, #1436, #494, #859, #1132, #1235, #351, #1076, #88, #178, #292, #1041, #148, #439, #774, #820, #1530, #1318, #564, #420, #1711, #1563, #1380, #1157, #1746, #1247, #156, #42, #52, #1138, #987, #830, #107, #1480, #329, #1653, #521, #1540, #242 ) ) ;
#176 = VERTEX_POINT ( 'NONE', #123 ) ;
#177 = DIRECTION ( 'NONE',  ( -1.000000000000000000, -0.000000000000000000, -0.000000000000000000 ) ) ;
#178 = ADVANCED_FACE ( 'NONE', ( #685 ), #133, .T. ) ;
#179 = DIRECTION ( 'NONE',  ( -1.000000000000000000, -0.000000000000000000, 0.000000000000000000 ) ) ;
#180 = CARTESIAN_POINT ( 'NONE',  ( -1.999999999999998224, -18.00100000000000122, 89.00000000000001421 ) ) ;
#181 = ORIENTED_EDGE ( 'NONE', *, *, #1088, .T. ) ;
#182 = DIRECTION ( 'NONE',  ( 1.000000000000000000, -3.469446951953610245E-15, -4.395556403973672374E-31 ) ) ;
#183 = EDGE_CURVE ( 'NONE', #272, #1218, #1368, .T. ) ;
#184 = CARTESIAN_POINT ( 'NONE',  ( 0.000000000000000000, -18.00000000000000000, -90.00000000000002842 ) ) ;
#185 = CARTESIAN_POINT ( 'NONE',  ( 2.000000000000000000, -18.00000000000000000, 140.0000000000000000 ) ) ;
#186 = DIRECTION ( 'NONE',  ( 0.000000000000000000, 0.000000000000000000, 1.000000000000000000 ) ) ;
#187 = ORIENTED_EDGE ( 'NONE', *, *, #1561, .F. ) ;
#188 = CARTESIAN_POINT ( 'NONE',  ( -11.00000000000000711, 1.999999999999998668, 140.0000000000000000 ) ) ;
#189 = ORIENTED_EDGE ( 'NONE', *, *, #1085, .F. ) ;
#190 = AXIS2_PLACEMENT_3D ( 'NONE', #483, #86, #1327 ) ;
#191 = EDGE_CURVE ( 'NONE', #584, #105, #401, .T. ) ;
#192 = DIRECTION ( 'NONE',  ( -1.000000000000000000, 0.000000000000000000, 0.000000000000000000 ) ) ;
#193 = DIRECTION ( 'NONE',  ( 0.000000000000000000, 0.000000000000000000, 1.000000000000000000 ) ) ;
#194 = AXIS2_PLACEMENT_3D ( 'NONE', #746, #1292, #129 ) ;
#195 = DIRECTION ( 'NONE',  ( 0.000000000000000000, -0.000000000000000000, -1.000000000000000000 ) ) ;
#196 = AXIS2_PLACEMENT_3D ( 'NONE', #89, #738, #626 ) ;
#197 = VERTEX_POINT ( 'NONE', #1258 ) ;
#198 = DIRECTION ( 'NONE',  ( -1.000000000000000000, 0.000000000000000000, 0.000000000000000000 ) ) ;
#199 = AXIS2_PLACEMENT_3D ( 'NONE', #180, #1213, #1625 ) ;
#200 = AXIS2_PLACEMENT_3D ( 'NONE', #1472, #254, #1730 ) ;
#201 = VECTOR ( 'NONE', #278, 1000.000000000000000 ) ;
#202 = DIRECTION ( 'NONE',  ( -1.224646799147353207E-16, 1.000000000000000000, -0.000000000000000000 ) ) ;
#203 = PRODUCT_RELATED_PRODUCT_CATEGORY ( 'part', '', ( #1180 ) ) ;
#204 = CARTESIAN_POINT ( 'NONE',  ( -16.00000000000000000, 1.999999999999997780, 140.0000000000000000 ) ) ;
#205 = EDGE_CURVE ( 'NONE', #1016, #1383, #1302, .T. ) ;
#206 = ORIENTED_EDGE ( 'NONE', *, *, #1502, .F. ) ;
#207 = DIRECTION ( 'NONE',  ( -0.000000000000000000, -0.000000000000000000, -1.000000000000000000 ) ) ;
#208 = EDGE_LOOP ( 'NONE', ( #1579, #1665, #153, #442 ) ) ;
#209 = DIRECTION ( 'NONE',  ( 1.000000000000000000, -3.369016658928398602E-15, 2.858008893365553526E-32 ) ) ;
#210 = CARTESIAN_POINT ( 'NONE',  ( 0.000000000000000000, -10.09999999999999964, 129.0000000000001137 ) ) ;
#211 = FACE_BOUND ( 'NONE', #1236, .T. ) ;
#212 = DIRECTION ( 'NONE',  ( -0.000000000000000000, -0.000000000000000000, -1.000000000000000000 ) ) ;
#213 = LINE ( 'NONE', #260, #953 ) ;
#214 = EDGE_CURVE ( 'NONE', #955, #227, #1645, .T. ) ;
#215 = CIRCLE ( 'NONE', #862, 0.9999999999999991118 ) ;
#216 = CARTESIAN_POINT ( 'NONE',  ( -10.00000000000000711, -1.224646799147354243E-15, 140.0000000000000000 ) ) ;
#217 = DIRECTION ( 'NONE',  ( 0.000000000000000000, -1.000000000000000000, 0.000000000000000000 ) ) ;
#218 = EDGE_LOOP ( 'NONE', ( #359, #1283, #403, #535 ) ) ;
#219 = CYLINDRICAL_SURFACE ( 'NONE', #1506, 2.000000000000000000 ) ;
#220 = AXIS2_PLACEMENT_3D ( 'NONE', #1642, #421, #1516 ) ;
#221 = DIRECTION ( 'NONE',  ( -1.224646799147353207E-16, 1.000000000000000000, 0.000000000000000000 ) ) ;
#222 = VECTOR ( 'NONE', #212, 1000.000000000000000 ) ;
#223 = EDGE_CURVE ( 'NONE', #1130, #1473, #1092, .T. ) ;
#224 = ORIENTED_EDGE ( 'NONE', *, *, #22, .T. ) ;
#225 = EDGE_CURVE ( 'NONE', #1473, #392, #1114, .T. ) ;
#226 = CARTESIAN_POINT ( 'NONE',  ( 2.020667218593133741E-16, -10.09999999999999964, 129.0000000000001137 ) ) ;
#227 = VERTEX_POINT ( 'NONE', #812 ) ;
#228 = LINE ( 'NONE', #106, #361 ) ;
#229 = CARTESIAN_POINT ( 'NONE',  ( -11.99999999999999645, -18.00100000000000122, -90.00000000000000000 ) ) ;
#230 = DIRECTION ( 'NONE',  ( 1.000000000000000000, 0.000000000000000000, 0.000000000000000000 ) ) ;
#231 = VERTEX_POINT ( 'NONE', #943 ) ;
#232 = LINE ( 'NONE', #344, #150 ) ;
#233 = DIRECTION ( 'NONE',  ( -1.000000000000000000, -0.000000000000000000, -0.000000000000000000 ) ) ;
#234 = EDGE_CURVE ( 'NONE', #766, #1622, #306, .T. ) ;
#235 = ORIENTED_EDGE ( 'NONE', *, *, #1107, .T. ) ;
#236 = CYLINDRICAL_SURFACE ( 'NONE', #308, 1.000000000000000000 ) ;
#237 = FACE_OUTER_BOUND ( 'NONE', #1606, .T. ) ;
#238 = ORIENTED_EDGE ( 'NONE', *, *, #1028, .T. ) ;
#239 = LINE ( 'NONE', #378, #1427 ) ;
#240 = ORIENTED_EDGE ( 'NONE', *, *, #996, .F. ) ;
#241 = AXIS2_PLACEMENT_3D ( 'NONE', #303, #177, #956 ) ;
#242 = ADVANCED_FACE ( 'NONE', ( #1657 ), #172, .T. ) ;
#243 = DIRECTION ( 'NONE',  ( 1.000000000000000000, -3.369016658928398602E-15, 2.858008893365553526E-32 ) ) ;
#244 = LINE ( 'NONE', #775, #961 ) ;
#245 = DIRECTION ( 'NONE',  ( 3.469446951953614189E-15, 1.000000000000000000, 0.000000000000000000 ) ) ;
#246 = VECTOR ( 'NONE', #713, 1000.000000000000000 ) ;
#247 = VECTOR ( 'NONE', #355, 1000.000000000000000 ) ;
#248 = PLANE ( 'NONE',  #500 ) ;
#249 = CIRCLE ( 'NONE', #1528, 1.000000000000000666 ) ;
#250 = VERTEX_POINT ( 'NONE', #414 ) ;
#251 = DIRECTION ( 'NONE',  ( 1.000000000000000000, 0.000000000000000000, 0.000000000000000000 ) ) ;
#252 = CARTESIAN_POINT ( 'NONE',  ( 2.020667218593133741E-16, -10.09999999999999964, 129.0000000000001137 ) ) ;
#253 = VECTOR ( 'NONE', #1351, 1000.000000000000000 ) ;
#254 = DIRECTION ( 'NONE',  ( 1.224646799147353207E-16, -1.000000000000000000, 0.000000000000000000 ) ) ;
#255 = VERTEX_POINT ( 'NONE', #558 ) ;
#256 = CARTESIAN_POINT ( 'NONE',  ( 0.000000000000000000, 0.000000000000000000, -140.0000000000000000 ) ) ;
#257 = ORIENTED_EDGE ( 'NONE', *, *, #664, .F. ) ;
#258 = CARTESIAN_POINT ( 'NONE',  ( 2.000000000000000000, -16.99999999999999645, -139.0000000000000000 ) ) ;
#259 = CIRCLE ( 'NONE', #1271, 1.000000000000000888 ) ;
#260 = CARTESIAN_POINT ( 'NONE',  ( -2.000000000000000888, 1.999999999999999556, 140.0000000000000000 ) ) ;
#261 = EDGE_CURVE ( 'NONE', #1683, #1057, #654, .T. ) ;
#262 = VERTEX_POINT ( 'NONE', #822 ) ;
#263 = CARTESIAN_POINT ( 'NONE',  ( -3.000000000000001776, 1.999999999999999556, 89.00000000000001421 ) ) ;
#264 = VERTEX_POINT ( 'NONE', #965 ) ;
#265 = VERTEX_POINT ( 'NONE', #1520 ) ;
#266 = DIRECTION ( 'NONE',  ( -1.224646799147353207E-16, 1.000000000000000000, -0.000000000000000000 ) ) ;
#267 = LINE ( 'NONE', #1177, #1122 ) ;
#268 = ORIENTED_EDGE ( 'NONE', *, *, #964, .F. ) ;
#269 = ORIENTED_EDGE ( 'NONE', *, *, #19, .T. ) ;
#270 = DIRECTION ( 'NONE',  ( -1.000000000000000000, 0.000000000000000000, 0.000000000000000000 ) ) ;
#271 = CARTESIAN_POINT ( 'NONE',  ( -11.00000000000000711, 1.999999999999998224, 139.0000000000000000 ) ) ;
#272 = VERTEX_POINT ( 'NONE', #702 ) ;
#273 = DIRECTION ( 'NONE',  ( 0.000000000000000000, -0.000000000000000000, 1.000000000000000000 ) ) ;
#274 = DIRECTION ( 'NONE',  ( -0.000000000000000000, -0.000000000000000000, -1.000000000000000000 ) ) ;
#275 = LINE ( 'NONE', #316, #1448 ) ;
#276 = ORIENTED_EDGE ( 'NONE', *, *, #1028, .F. ) ;
#277 = AXIS2_PLACEMENT_3D ( 'NONE', #894, #1449, #984 ) ;
#278 = DIRECTION ( 'NONE',  ( -1.000000000000000000, 3.469446951953610245E-15, -2.858008893365642749E-32 ) ) ;
#279 = CIRCLE ( 'NONE', #1391, 1.000000000000000888 ) ;
#280 = DIRECTION ( 'NONE',  ( 1.232047923278982199E-16, 0.000000000000000000, 1.000000000000000000 ) ) ;
#281 = ORIENTED_EDGE ( 'NONE', *, *, #339, .T. ) ;
#282 = EDGE_CURVE ( 'NONE', #764, #95, #293, .T. ) ;
#283 = DIRECTION ( 'NONE',  ( -1.000000000000000000, 0.000000000000000000, 0.000000000000000000 ) ) ;
#284 = EDGE_CURVE ( 'NONE', #137, #679, #336, .T. ) ;
#285 = AXIS2_PLACEMENT_3D ( 'NONE', #229, #1312, #117 ) ;
#286 = CIRCLE ( 'NONE', #1037, 1.000000000000000000 ) ;
#287 = FACE_OUTER_BOUND ( 'NONE', #736, .T. ) ;
#288 = ORIENTED_EDGE ( 'NONE', *, *, #722, .F. ) ;
#289 = CARTESIAN_POINT ( 'NONE',  ( -20.00000000000002132, -7.000000000000003553, 89.00000000000000000 ) ) ;
#290 = DIRECTION ( 'NONE',  ( 1.360567432138671835E-16, 1.666214550792758053E-32, -1.000000000000000000 ) ) ;
#291 = ORIENTED_EDGE ( 'NONE', *, *, #888, .F. ) ;
#292 = ADVANCED_FACE ( 'NONE', ( #29 ), #569, .F. ) ;
#293 = LINE ( 'NONE', #974, #622 ) ;
#294 = DIRECTION ( 'NONE',  ( -1.224646799147353207E-16, 1.000000000000000000, -0.000000000000000000 ) ) ;
#295 = EDGE_LOOP ( 'NONE', ( #1470, #422, #189, #1727 ) ) ;
#296 = DIRECTION ( 'NONE',  ( 0.000000000000000000, 0.000000000000000000, 1.000000000000000000 ) ) ;
#297 = DIRECTION ( 'NONE',  ( 1.000000000000000000, 0.000000000000000000, 0.000000000000000000 ) ) ;
#298 = EDGE_CURVE ( 'NONE', #231, #255, #844, .T. ) ;
#299 = LINE ( 'NONE', #18, #841 ) ;
#300 = VECTOR ( 'NONE', #443, 1000.000000000000000 ) ;
#301 = ORIENTED_EDGE ( 'NONE', *, *, #762, .F. ) ;
#302 = CIRCLE ( 'NONE', #1264, 2.000000000000000000 ) ;
#303 = CARTESIAN_POINT ( 'NONE',  ( 0.000000000000000000, -10.09999999999999964, -128.9999999999999432 ) ) ;
#304 = EDGE_LOOP ( 'NONE', ( #1423, #1224, #620, #856 ) ) ;
#305 = AXIS2_PLACEMENT_3D ( 'NONE', #791, #1371, #538 ) ;
#306 = LINE ( 'NONE', #710, #115 ) ;
#307 = AXIS2_PLACEMENT_3D ( 'NONE', #1627, #405, #944 ) ;
#308 = AXIS2_PLACEMENT_3D ( 'NONE', #127, #243, #765 ) ;
#309 = CYLINDRICAL_SURFACE ( 'NONE', #1248, 1.000000000000000888 ) ;
#310 = AXIS2_PLACEMENT_3D ( 'NONE', #1147, #1592, #623 ) ;
#311 = ORIENTED_EDGE ( 'NONE', *, *, #1493, .T. ) ;
#312 = CARTESIAN_POINT ( 'NONE',  ( 2.000000000000000000, -16.99999999999999645, 140.0000000000000000 ) ) ;
#313 = ADVANCED_FACE ( 'NONE', ( #1141 ), #1290, .T. ) ;
#314 = ORIENTED_EDGE ( 'NONE', *, *, #214, .F. ) ;
#315 = CARTESIAN_POINT ( 'NONE',  ( 2.000000000000000000, -2.000000000000000888, 140.0000000000000000 ) ) ;
#316 = CARTESIAN_POINT ( 'NONE',  ( 1.999999999999978684, 0.000000000000000000, -88.00000000000002842 ) ) ;
#317 = CARTESIAN_POINT ( 'NONE',  ( 0.000000000000000000, -2.000000000000001776, 140.0000000000000000 ) ) ;
#318 = DIRECTION ( 'NONE',  ( 3.469446951953614189E-15, 1.000000000000000000, 0.000000000000000000 ) ) ;
#319 = ORIENTED_EDGE ( 'NONE', *, *, #97, .T. ) ;
#320 = CARTESIAN_POINT ( 'NONE',  ( -18.00000000000000355, -1.999999999999998668, 89.00000000000000000 ) ) ;
#321 = EDGE_CURVE ( 'NONE', #1005, #1155, #788, .T. ) ;
#322 = DIRECTION ( 'NONE',  ( 0.000000000000000000, 0.000000000000000000, -1.000000000000000000 ) ) ;
#323 = DIRECTION ( 'NONE',  ( -1.000000000000000000, -1.224646799147353207E-16, 0.000000000000000000 ) ) ;
#324 = PLANE ( 'NONE',  #782 ) ;
#325 = ORIENTED_EDGE ( 'NONE', *, *, #1581, .F. ) ;
#326 = CARTESIAN_POINT ( 'NONE',  ( 2.000000000000000000, -2.000000000000000888, 140.0000000000000000 ) ) ;
#327 = CIRCLE ( 'NONE', #1239, 1.000000000000000000 ) ;
#328 = AXIS2_PLACEMENT_3D ( 'NONE', #334, #480, #995 ) ;
#329 = ADVANCED_FACE ( 'NONE', ( #1150 ), #1263, .T. ) ;
#330 = VECTOR ( 'NONE', #1192, 1000.000000000000000 ) ;
#331 = CARTESIAN_POINT ( 'NONE',  ( 2.000000000000000000, -10.09999999999999964, 129.0000000000001137 ) ) ;
#332 = DIRECTION ( 'NONE',  ( 1.232047923278982199E-16, 0.000000000000000000, 1.000000000000000000 ) ) ;
#333 = ORIENTED_EDGE ( 'NONE', *, *, #1006, .T. ) ;
#334 = CARTESIAN_POINT ( 'NONE',  ( -2.000000000000000000, -2.000000000000000888, -140.0000000000000000 ) ) ;
#335 = AXIS2_PLACEMENT_3D ( 'NONE', #1252, #163, #1241 ) ;
#336 = CIRCLE ( 'NONE', #335, 1.000000000000000000 ) ;
#337 = LINE ( 'NONE', #1395, #1249 ) ;
#338 = DIRECTION ( 'NONE',  ( 0.000000000000000000, 0.000000000000000000, 1.000000000000000000 ) ) ;
#339 = EDGE_CURVE ( 'NONE', #669, #1080, #1535, .T. ) ;
#340 = PLANE ( 'NONE',  #1509 ) ;
#341 = DIRECTION ( 'NONE',  ( -1.000000000000000000, 0.000000000000000000, 0.000000000000000000 ) ) ;
#342 = CARTESIAN_POINT ( 'NONE',  ( -20.00000000000002487, -7.999999999999981348, -89.00000000000001421 ) ) ;
#343 = ORIENTED_EDGE ( 'NONE', *, *, #223, .F. ) ;
#344 = CARTESIAN_POINT ( 'NONE',  ( 2.000000000000000000, -18.00000000000000000, 140.0000000000000000 ) ) ;
#345 = ORIENTED_EDGE ( 'NONE', *, *, #63, .F. ) ;
#346 = LINE ( 'NONE', #778, #247 ) ;
#347 = CARTESIAN_POINT ( 'NONE',  ( -16.00000000000000000, -2.000000000000005773, -89.00000000000000000 ) ) ;
#348 = CARTESIAN_POINT ( 'NONE',  ( -20.00000000000002487, -8.000000000000003553, 89.00000000000000000 ) ) ;
#349 = EDGE_CURVE ( 'NONE', #1534, #197, #1039, .T. ) ;
#350 = DIRECTION ( 'NONE',  ( -0.000000000000000000, -0.000000000000000000, -1.000000000000000000 ) ) ;
#351 = ADVANCED_FACE ( 'NONE', ( #1570 ), #1698, .F. ) ;
#352 = ORIENTED_EDGE ( 'NONE', *, *, #664, .T. ) ;
#353 = CYLINDRICAL_SURFACE ( 'NONE', #481, 1.000000000000000888 ) ;
#354 = VECTOR ( 'NONE', #834, 1000.000000000000000 ) ;
#355 = DIRECTION ( 'NONE',  ( -1.000000000000000000, -0.000000000000000000, -0.000000000000000000 ) ) ;
#356 = ORIENTED_EDGE ( 'NONE', *, *, #553, .T. ) ;
#357 = CIRCLE ( 'NONE', #589, 2.000000000000000000 ) ;
#358 = DIRECTION ( 'NONE',  ( 1.000000000000000000, -0.000000000000000000, -0.000000000000000000 ) ) ;
#359 = ORIENTED_EDGE ( 'NONE', *, *, #298, .F. ) ;
#360 = FACE_OUTER_BOUND ( 'NONE', #988, .T. ) ;
#361 = VECTOR ( 'NONE', #138, 1000.000000000000000 ) ;
#362 = ORIENTED_EDGE ( 'NONE', *, *, #349, .F. ) ;
#363 = EDGE_CURVE ( 'NONE', #496, #137, #77, .T. ) ;
#364 = CIRCLE ( 'NONE', #200, 0.9999999999999991118 ) ;
#365 = DIRECTION ( 'NONE',  ( 1.224646799147353207E-16, -1.000000000000000000, -0.000000000000000000 ) ) ;
#366 = ORIENTED_EDGE ( 'NONE', *, *, #1362, .T. ) ;
#367 = CARTESIAN_POINT ( 'NONE',  ( -10.00000000000000711, 1.999999999999998224, 139.0000000000000000 ) ) ;
#368 = CARTESIAN_POINT ( 'NONE',  ( -2.000000000000000888, -4.814824860968088538E-32, -90.00000000000002842 ) ) ;
#369 = FACE_OUTER_BOUND ( 'NONE', #651, .T. ) ;
#370 = EDGE_CURVE ( 'NONE', #792, #1050, #1396, .T. ) ;
#371 = CARTESIAN_POINT ( 'NONE',  ( 0.000000000000000000, -16.99999999999999645, -90.00000000000002842 ) ) ;
#372 = EDGE_CURVE ( 'NONE', #1080, #1229, #542, .T. ) ;
#373 = EDGE_LOOP ( 'NONE', ( #692, #1193, #407, #932 ) ) ;
#374 = CARTESIAN_POINT ( 'NONE',  ( 2.000000000000000000, -18.00000000000000000, 140.0000000000000000 ) ) ;
#375 = ORIENTED_EDGE ( 'NONE', *, *, #604, .F. ) ;
#376 = CARTESIAN_POINT ( 'NONE',  ( -2.000000000000000888, 1.999999999999999556, 89.00000000000001421 ) ) ;
#377 = ORIENTED_EDGE ( 'NONE', *, *, #1410, .T. ) ;
#378 = CARTESIAN_POINT ( 'NONE',  ( -11.00000000000000000, 0.000000000000000000, -89.00000000000000000 ) ) ;
#379 = ORIENTED_EDGE ( 'NONE', *, *, #706, .F. ) ;
#380 = CARTESIAN_POINT ( 'NONE',  ( 2.000000000000000444, -2.000000000000001776, -90.00000000000001421 ) ) ;
#381 = ORIENTED_EDGE ( 'NONE', *, *, #1732, .F. ) ;
#382 = CIRCLE ( 'NONE', #328, 4.000000000000000000 ) ;
#383 = SURFACE_STYLE_FILL_AREA ( #1603 ) ;
#384 = ADVANCED_FACE ( 'NONE', ( #1280 ), #850, .T. ) ;
#385 = AXIS2_PLACEMENT_3D ( 'NONE', #490, #1116, #1164 ) ;
#386 = AXIS2_PLACEMENT_3D ( 'NONE', #1217, #130, #805 ) ;
#387 = CARTESIAN_POINT ( 'NONE',  ( 2.000000000000000000, -16.99999999999999645, -140.0000000000000000 ) ) ;
#388 = VECTOR ( 'NONE', #627, 1000.000000000000000 ) ;
#389 = ORIENTED_EDGE ( 'NONE', *, *, #730, .F. ) ;
#390 = FACE_OUTER_BOUND ( 'NONE', #537, .T. ) ;
#391 = DIRECTION ( 'NONE',  ( 0.000000000000000000, 0.000000000000000000, 1.000000000000000000 ) ) ;
#392 = VERTEX_POINT ( 'NONE', #485 ) ;
#393 = LINE ( 'NONE', #1610, #1485 ) ;
#394 = ORIENTED_EDGE ( 'NONE', *, *, #120, .T. ) ;
#395 = VECTOR ( 'NONE', #1527, 1000.000000000000000 ) ;
#396 = ORIENTED_EDGE ( 'NONE', *, *, #1272, .T. ) ;
#397 = ORIENTED_EDGE ( 'NONE', *, *, #935, .T. ) ;
#398 = DIRECTION ( 'NONE',  ( -2.168404344971008868E-16, 1.000000000000000000, 0.000000000000000000 ) ) ;
#399 = EDGE_CURVE ( 'NONE', #1558, #103, #67, .T. ) ;
#400 = LINE ( 'NONE', #1355, #25 ) ;
#401 = LINE ( 'NONE', #1497, #733 ) ;
#402 = CARTESIAN_POINT ( 'NONE',  ( 8.673617379884035472E-16, -2.449293598294679297E-16, -88.00000000000002842 ) ) ;
#403 = ORIENTED_EDGE ( 'NONE', *, *, #63, .T. ) ;
#404 = LINE ( 'NONE', #1320, #1424 ) ;
#405 = DIRECTION ( 'NONE',  ( 1.224646799147353207E-16, -1.000000000000000000, 0.000000000000000000 ) ) ;
#406 = PRODUCT_DEFINITION ( 'UNKNOWN', '', #30, #28 ) ;
#407 = ORIENTED_EDGE ( 'NONE', *, *, #214, .T. ) ;
#408 = DIRECTION ( 'NONE',  ( -1.000000000000000000, -0.000000000000000000, -0.000000000000000000 ) ) ;
#409 = EDGE_CURVE ( 'NONE', #1549, #496, #1649, .T. ) ;
#410 = DIRECTION ( 'NONE',  ( -1.000000000000000000, -1.224646799147353207E-16, 1.232047923278982199E-16 ) ) ;
#411 = ORIENTED_EDGE ( 'NONE', *, *, #22, .F. ) ;
#412 = CARTESIAN_POINT ( 'NONE',  ( -16.00000000000000000, -2.000000000000005773, -89.00000000000000000 ) ) ;
#413 = ORIENTED_EDGE ( 'NONE', *, *, #72, .T. ) ;
#414 = CARTESIAN_POINT ( 'NONE',  ( 2.020667218593133741E-16, -10.09999999999999964, 131.2500000000001137 ) ) ;
#415 = LINE ( 'NONE', #852, #110 ) ;
#416 = ORIENTED_EDGE ( 'NONE', *, *, #506, .T. ) ;
#417 = CIRCLE ( 'NONE', #1417, 2.000000000000000000 ) ;
#418 = CARTESIAN_POINT ( 'NONE',  ( -11.00000000000000711, 1.666214550792759422E-32, -139.0000000000000000 ) ) ;
#419 = FACE_OUTER_BOUND ( 'NONE', #941, .T. ) ;
#420 = ADVANCED_FACE ( 'NONE', ( #876 ), #1433, .F. ) ;
#421 = DIRECTION ( 'NONE',  ( -1.224646799147353207E-16, 1.000000000000000000, 0.000000000000000000 ) ) ;
#422 = ORIENTED_EDGE ( 'NONE', *, *, #1410, .F. ) ;
#423 = APPLICATION_PROTOCOL_DEFINITION ( 'draft international standard', 'automotive_design', 1998, #1216 ) ;
#424 = CARTESIAN_POINT ( 'NONE',  ( -2.000000000000000000, -2.000000000000000888, -90.00000000000002842 ) ) ;
#425 = AXIS2_PLACEMENT_3D ( 'NONE', #258, #903, #1047 ) ;
#426 = AXIS2_PLACEMENT_3D ( 'NONE', #952, #577, #297 ) ;
#427 = FACE_OUTER_BOUND ( 'NONE', #1486, .T. ) ;
#428 = DIRECTION ( 'NONE',  ( -3.469446951953610245E-15, -1.000000000000000000, -0.000000000000000000 ) ) ;
#429 = ORIENTED_EDGE ( 'NONE', *, *, #149, .T. ) ;
#430 = CARTESIAN_POINT ( 'NONE',  ( 0.000000000000000000, -16.99999999999999645, 91.00000000000001421 ) ) ;
#431 = ORIENTED_EDGE ( 'NONE', *, *, #484, .F. ) ;
#432 = EDGE_CURVE ( 'NONE', #262, #945, #1439, .T. ) ;
#433 = DIRECTION ( 'NONE',  ( 0.000000000000000000, 0.000000000000000000, 1.000000000000000000 ) ) ;
#434 = EDGE_LOOP ( 'NONE', ( #1094, #456, #721, #1373 ) ) ;
#435 = DIRECTION ( 'NONE',  ( -0.000000000000000000, -0.000000000000000000, 1.000000000000000000 ) ) ;
#436 = CARTESIAN_POINT ( 'NONE',  ( 2.000000000000000000, -10.09999999999999964, 129.0000000000001137 ) ) ;
#437 = ORIENTED_EDGE ( 'NONE', *, *, #970, .F. ) ;
#438 = DIRECTION ( 'NONE',  ( -0.000000000000000000, 1.000000000000000000, -0.000000000000000000 ) ) ;
#439 = ADVANCED_FACE ( 'NONE', ( #624 ), #1158, .T. ) ;
#440 = CARTESIAN_POINT ( 'NONE',  ( 2.000000000000000000, -2.000000000000000888, -140.0000000000000000 ) ) ;
#441 = AXIS2_PLACEMENT_3D ( 'NONE', #1630, #946, #101 ) ;
#442 = ORIENTED_EDGE ( 'NONE', *, *, #675, .F. ) ;
#443 = DIRECTION ( 'NONE',  ( -1.000000000000000000, -1.224646799147353207E-16, 0.000000000000000000 ) ) ;
#444 = CIRCLE ( 'NONE', #559, 2.000000000000001776 ) ;
#445 = ORIENTED_EDGE ( 'NONE', *, *, #120, .F. ) ;
#446 = VECTOR ( 'NONE', #989, 1000.000000000000000 ) ;
#447 = ORIENTED_EDGE ( 'NONE', *, *, #1561, .T. ) ;
#448 = CIRCLE ( 'NONE', #220, 1.000000000000000888 ) ;
#449 = DIRECTION ( 'NONE',  ( -1.224646799147353207E-16, 1.000000000000000000, 0.000000000000000000 ) ) ;
#450 = CIRCLE ( 'NONE', #507, 0.9999999999999991118 ) ;
#451 = DIRECTION ( 'NONE',  ( -1.000000000000000000, -1.062518129035793399E-14, 0.000000000000000000 ) ) ;
#452 = CARTESIAN_POINT ( 'NONE',  ( -2.000000000000000888, 1.999999999999999556, -140.0000000000000000 ) ) ;
#453 = DIRECTION ( 'NONE',  ( -0.000000000000000000, -0.000000000000000000, -1.000000000000000000 ) ) ;
#454 = ADVANCED_FACE ( 'NONE', ( #1049 ), #1128, .T. ) ;
#455 = VECTOR ( 'NONE', #574, 1000.000000000000000 ) ;
#456 = ORIENTED_EDGE ( 'NONE', *, *, #363, .T. ) ;
#457 = CARTESIAN_POINT ( 'NONE',  ( -3.000000000000000888, -1.224646799147354193E-16, 89.00000000000001421 ) ) ;
#458 = VECTOR ( 'NONE', #202, 1000.000000000000000 ) ;
#459 = ORIENTED_EDGE ( 'NONE', *, *, #809, .F. ) ;
#460 = DIRECTION ( 'NONE',  ( -0.000000000000000000, -0.000000000000000000, -1.000000000000000000 ) ) ;
#461 = DIRECTION ( 'NONE',  ( 0.000000000000000000, -0.000000000000000000, 1.000000000000000000 ) ) ;
#462 = DIRECTION ( 'NONE',  ( -1.000000000000000000, 0.000000000000000000, 0.000000000000000000 ) ) ;
#463 = ORIENTED_EDGE ( 'NONE', *, *, #921, .T. ) ;
#464 = LINE ( 'NONE', #1305, #1607 ) ;
#465 = EDGE_CURVE ( 'NONE', #1188, #4, #1043, .T. ) ;
#466 = ADVANCED_FACE ( 'NONE', ( #804 ), #784, .T. ) ;
#467 = CARTESIAN_POINT ( 'NONE',  ( 4.423544863740858091E-14, -176.0454486773231224, 87.00000000000002842 ) ) ;
#468 = DIRECTION ( 'NONE',  ( 1.000000000000000000, 0.000000000000000000, -0.000000000000000000 ) ) ;
#469 = DIRECTION ( 'NONE',  ( -1.000000000000000000, 0.000000000000000000, 0.000000000000000000 ) ) ;
#470 = ORIENTED_EDGE ( 'NONE', *, *, #614, .T. ) ;
#471 = LINE ( 'NONE', #1556, #1414 ) ;
#472 = AXIS2_PLACEMENT_3D ( 'NONE', #1268, #1002, #1154 ) ;
#473 = DIRECTION ( 'NONE',  ( 0.000000000000000000, 1.000000000000000000, 0.000000000000000000 ) ) ;
#474 = EDGE_CURVE ( 'NONE', #250, #36, #966, .T. ) ;
#475 = CARTESIAN_POINT ( 'NONE',  ( 1.000000000000000888, 2.000000000000001776, -87.00000000000002842 ) ) ;
#476 = AXIS2_PLACEMENT_3D ( 'NONE', #896, #341, #186 ) ;
#477 = CARTESIAN_POINT ( 'NONE',  ( 2.000000000000000000, -18.00000000000000000, -139.0000000000000000 ) ) ;
#478 = STYLED_ITEM ( 'NONE', ( #514 ), #1574 ) ;
#479 = ORIENTED_EDGE ( 'NONE', *, *, #1456, .T. ) ;
#480 = DIRECTION ( 'NONE',  ( 0.000000000000000000, 0.000000000000000000, 1.000000000000000000 ) ) ;
#481 = AXIS2_PLACEMENT_3D ( 'NONE', #102, #73, #1308 ) ;
#482 = CYLINDRICAL_SURFACE ( 'NONE', #1483, 1.000000000000000000 ) ;
#483 = CARTESIAN_POINT ( 'NONE',  ( 2.267609911469423788E-14, 0.000000000000000000, 87.00000000000002842 ) ) ;
#484 = EDGE_CURVE ( 'NONE', #584, #176, #132, .T. ) ;
#485 = CARTESIAN_POINT ( 'NONE',  ( -11.00000000000000711, 1.999999999999998668, -139.0000000000000000 ) ) ;
#486 = CARTESIAN_POINT ( 'NONE',  ( 0.000000000000000000, -2.000000000000001776, 90.00000000000001421 ) ) ;
#487 = CARTESIAN_POINT ( 'NONE',  ( -10.00000000000000711, 0.000000000000000000, 140.0000000000000000 ) ) ;
#488 = LINE ( 'NONE', #873, #167 ) ;
#489 = ORIENTED_EDGE ( 'NONE', *, *, #964, .T. ) ;
#490 = CARTESIAN_POINT ( 'NONE',  ( -2.000000000000000444, 0.000000000000000000, -89.00000000000002842 ) ) ;
#491 = ORIENTED_EDGE ( 'NONE', *, *, #1656, .F. ) ;
#492 =( NAMED_UNIT ( * ) PLANE_ANGLE_UNIT ( ) SI_UNIT ( $, .RADIAN. ) );
#493 = FACE_OUTER_BOUND ( 'NONE', #656, .T. ) ;
#494 = ADVANCED_FACE ( 'NONE', ( #390 ), #908, .T. ) ;
#495 = VECTOR ( 'NONE', #1197, 1000.000000000000000 ) ;
#496 = VERTEX_POINT ( 'NONE', #663 ) ;
#497 = CARTESIAN_POINT ( 'NONE',  ( -2.449293598294706414E-16, 2.000000000000000000, 140.0000000000000000 ) ) ;
#498 = AXIS2_PLACEMENT_3D ( 'NONE', #1688, #350, #198 ) ;
#499 = ORIENTED_EDGE ( 'NONE', *, *, #1265, .T. ) ;
#500 = AXIS2_PLACEMENT_3D ( 'NONE', #1710, #505, #648 ) ;
#501 = LINE ( 'NONE', #1055, #253 ) ;
#502 = DIRECTION ( 'NONE',  ( 3.469446951953610245E-15, 1.000000000000000000, 0.000000000000000000 ) ) ;
#503 = VECTOR ( 'NONE', #1664, 1000.000000000000000 ) ;
#504 = CIRCLE ( 'NONE', #194, 2.000000000000000000 ) ;
#505 = DIRECTION ( 'NONE',  ( -1.000000000000000000, 0.000000000000000000, 0.000000000000000000 ) ) ;
#506 = EDGE_CURVE ( 'NONE', #264, #170, #239, .T. ) ;
#507 = AXIS2_PLACEMENT_3D ( 'NONE', #1077, #294, #832 ) ;
#508 = ORIENTED_EDGE ( 'NONE', *, *, #1671, .T. ) ;
#509 = LINE ( 'NONE', #1040, #1058 ) ;
#510 = AXIS2_PLACEMENT_3D ( 'NONE', #1608, #1204, #1621 ) ;
#511 = DIRECTION ( 'NONE',  ( 0.000000000000000000, 0.000000000000000000, 1.000000000000000000 ) ) ;
#512 = ORIENTED_EDGE ( 'NONE', *, *, #1656, .T. ) ;
#513 = AXIS2_PLACEMENT_3D ( 'NONE', #1511, #1179, #245 ) ;
#514 = PRESENTATION_STYLE_ASSIGNMENT (( #1330 ) ) ;
#515 = DIRECTION ( 'NONE',  ( -1.000000000000000000, -0.000000000000000000, -0.000000000000000000 ) ) ;
#516 = CARTESIAN_POINT ( 'NONE',  ( 2.000000000000000000, -16.99999999999999645, 140.0000000000000000 ) ) ;
#517 = ORIENTED_EDGE ( 'NONE', *, *, #612, .F. ) ;
#518 = EDGE_CURVE ( 'NONE', #1612, #1155, #1203, .T. ) ;
#519 = DIRECTION ( 'NONE',  ( -1.224646799147353207E-16, 1.000000000000000000, -0.000000000000000000 ) ) ;
#520 = EDGE_LOOP ( 'NONE', ( #44, #1619, #1484, #929, #1063, #872 ) ) ;
#521 = ADVANCED_FACE ( 'NONE', ( #807 ), #1079, .F. ) ;
#522 = CARTESIAN_POINT ( 'NONE',  ( -10.00000000000000711, 1.999999999999998668, 140.0000000000000000 ) ) ;
#523 = ORIENTED_EDGE ( 'NONE', *, *, #675, .T. ) ;
#524 =( LENGTH_UNIT ( ) NAMED_UNIT ( * ) SI_UNIT ( .MILLI., .METRE. ) );
#525 = DIRECTION ( 'NONE',  ( -1.000000000000000000, 3.469446951953610245E-15, 1.456386980764092362E-31 ) ) ;
#526 = LINE ( 'NONE', #803, #1692 ) ;
#527 = FACE_OUTER_BOUND ( 'NONE', #218, .T. ) ;
#528 = CARTESIAN_POINT ( 'NONE',  ( -18.00000000000001776, -7.000000000000010658, 89.00000000000000000 ) ) ;
#529 = ORIENTED_EDGE ( 'NONE', *, *, #1468, .T. ) ;
#530 = DIRECTION ( 'NONE',  ( 1.000000000000000000, 0.000000000000000000, -0.000000000000000000 ) ) ;
#531 = EDGE_CURVE ( 'NONE', #918, #147, #215, .T. ) ;
#532 = ORIENTED_EDGE ( 'NONE', *, *, #518, .T. ) ;
#533 = CARTESIAN_POINT ( 'NONE',  ( -2.000000000000000888, 1.999999999999999556, -90.00000000000002842 ) ) ;
#534 = AXIS2_PLACEMENT_3D ( 'NONE', #1489, #799, #1206 ) ;
#535 = ORIENTED_EDGE ( 'NONE', *, *, #742, .T. ) ;
#536 = CARTESIAN_POINT ( 'NONE',  ( 1.000000000000003109, -18.00100000000000477, -88.00000000000002842 ) ) ;
#537 = EDGE_LOOP ( 'NONE', ( #1720, #1153, #459, #1259 ) ) ;
#538 = DIRECTION ( 'NONE',  ( 1.000000000000000000, 1.224646799147353207E-16, 0.000000000000000000 ) ) ;
#539 = EDGE_LOOP ( 'NONE', ( #66, #240 ) ) ;
#540 = VECTOR ( 'NONE', #1634, 1000.000000000000000 ) ;
#541 = EDGE_CURVE ( 'NONE', #197, #1525, #509, .T. ) ;
#542 = CIRCLE ( 'NONE', #1453, 1.000000000000000888 ) ;
#543 = CARTESIAN_POINT ( 'NONE',  ( -18.00000000000002132, -8.000000000000010658, 88.00000000000000000 ) ) ;
#544 = AXIS2_PLACEMENT_3D ( 'NONE', #252, #408, #3 ) ;
#545 = CARTESIAN_POINT ( 'NONE',  ( -2.000000000000000888, -4.814824860968088538E-32, 90.00000000000001421 ) ) ;
#546 = EDGE_CURVE ( 'NONE', #1198, #1269, #1385, .T. ) ;
#547 = CARTESIAN_POINT ( 'NONE',  ( -20.00000000000000355, -1.999999999999990008, 89.00000000000000000 ) ) ;
#548 = DIRECTION ( 'NONE',  ( -3.469446951953610245E-15, -1.000000000000000000, 0.000000000000000000 ) ) ;
#549 = ORIENTED_EDGE ( 'NONE', *, *, #795, .T. ) ;
#550 = LINE ( 'NONE', #1498, #980 ) ;
#551 = VERTEX_POINT ( 'NONE', #418 ) ;
#552 = CARTESIAN_POINT ( 'NONE',  ( -11.00000000000000000, 1.999999999999998224, -90.00000000000000000 ) ) ;
#553 = EDGE_CURVE ( 'NONE', #741, #895, #1377, .T. ) ;
#554 = ORIENTED_EDGE ( 'NONE', *, *, #1359, .T. ) ;
#555 = FACE_OUTER_BOUND ( 'NONE', #1054, .T. ) ;
#556 = ORIENTED_EDGE ( 'NONE', *, *, #1382, .F. ) ;
#557 = DIRECTION ( 'NONE',  ( 1.000000000000000000, 1.224646799147353207E-16, 0.000000000000000000 ) ) ;
#558 = CARTESIAN_POINT ( 'NONE',  ( 0.000000000000000000, -2.000000000000001776, 140.0000000000000000 ) ) ;
#559 = AXIS2_PLACEMENT_3D ( 'NONE', #104, #1149, #1673 ) ;
#560 = DIRECTION ( 'NONE',  ( 3.469446951953614189E-15, 1.000000000000000000, 0.000000000000000000 ) ) ;
#561 = AXIS2_PLACEMENT_3D ( 'NONE', #696, #1233, #14 ) ;
#562 = CYLINDRICAL_SURFACE ( 'NONE', #1696, 2.000000000000001776 ) ;
#563 = VECTOR ( 'NONE', #1411, 1000.000000000000000 ) ;
#564 = ADVANCED_FACE ( 'NONE', ( #555 ), #969, .F. ) ;
#565 = CYLINDRICAL_SURFACE ( 'NONE', #1210, 1.000000000000000888 ) ;
#566 = ORIENTED_EDGE ( 'NONE', *, *, #155, .T. ) ;
#567 = PRODUCT_CONTEXT ( 'NONE', #678, 'mechanical' ) ;
#568 = VECTOR ( 'NONE', #58, 1000.000000000000000 ) ;
#569 = PLANE ( 'NONE',  #1336 ) ;
#570 = SURFACE_STYLE_FILL_AREA ( #1482 ) ;
#571 = ORIENTED_EDGE ( 'NONE', *, *, #970, .T. ) ;
#572 = DIRECTION ( 'NONE',  ( -1.000000000000000000, -1.062518129035793399E-14, 0.000000000000000000 ) ) ;
#573 = CARTESIAN_POINT ( 'NONE',  ( 0.000000000000000000, -18.00000000000000000, -91.00000000000002842 ) ) ;
#574 = DIRECTION ( 'NONE',  ( -0.000000000000000000, 1.000000000000000000, 0.000000000000000000 ) ) ;
#575 = EDGE_CURVE ( 'NONE', #1437, #1549, #1246, .T. ) ;
#576 = UNCERTAINTY_MEASURE_WITH_UNIT (LENGTH_MEASURE( 1.000000000000000082E-05 ), #1065, 'distance_accuracy_value', 'NONE');
#577 = DIRECTION ( 'NONE',  ( 1.224646799147353207E-16, -1.000000000000000000, 0.000000000000000000 ) ) ;
#578 = CARTESIAN_POINT ( 'NONE',  ( -2.000000000000000000, -2.000000000000000888, -140.0000000000000000 ) ) ;
#579 = ORIENTED_EDGE ( 'NONE', *, *, #1250, .T. ) ;
#580 = LINE ( 'NONE', #312, #748 ) ;
#581 = DIRECTION ( 'NONE',  ( 0.000000000000000000, 0.000000000000000000, 1.000000000000000000 ) ) ;
#582 = CARTESIAN_POINT ( 'NONE',  ( -2.999999999999999112, -18.00100000000000122, -89.00000000000002842 ) ) ;
#583 = EDGE_CURVE ( 'NONE', #920, #895, #705, .T. ) ;
#584 = VERTEX_POINT ( 'NONE', #320 ) ;
#585 = AXIS2_PLACEMENT_3D ( 'NONE', #31, #435, #572 ) ;
#586 = LINE ( 'NONE', #1522, #726 ) ;
#587 = ORIENTED_EDGE ( 'NONE', *, *, #191, .F. ) ;
#588 = VECTOR ( 'NONE', #365, 1000.000000000000000 ) ;
#589 = AXIS2_PLACEMENT_3D ( 'NONE', #578, #1635, #158 ) ;
#590 = LINE ( 'NONE', #1548, #1146 ) ;
#591 = VERTEX_POINT ( 'NONE', #1400 ) ;
#592 = EDGE_CURVE ( 'NONE', #105, #1437, #327, .T. ) ;
#593 = DIRECTION ( 'NONE',  ( 0.000000000000000000, -1.000000000000000000, 0.000000000000000000 ) ) ;
#594 = LINE ( 'NONE', #870, #1173 ) ;
#595 = VECTOR ( 'NONE', #1639, 1000.000000000000000 ) ;
#596 = EDGE_CURVE ( 'NONE', #231, #858, #580, .T. ) ;
#597 = ORIENTED_EDGE ( 'NONE', *, *, #1394, .F. ) ;
#598 = DIRECTION ( 'NONE',  ( 1.360567432138671835E-16, 0.000000000000000000, -1.000000000000000000 ) ) ;
#599 = EDGE_LOOP ( 'NONE', ( #1521, #913, #1341, #776 ) ) ;
#600 = ORIENTED_EDGE ( 'NONE', *, *, #677, .F. ) ;
#601 = CARTESIAN_POINT ( 'NONE',  ( 0.000000000000000000, -2.000000000000001776, -140.0000000000000000 ) ) ;
#602 = VERTEX_POINT ( 'NONE', #719 ) ;
#603 = CARTESIAN_POINT ( 'NONE',  ( -2.000000000000000888, 1.999999999999999556, -140.0000000000000000 ) ) ;
#604 = EDGE_CURVE ( 'NONE', #734, #584, #1387, .T. ) ;
#605 = VERTEX_POINT ( 'NONE', #1367 ) ;
#606 = DIRECTION ( 'NONE',  ( -1.224646799147353207E-16, 1.000000000000000000, 0.000000000000000000 ) ) ;
#607 = DIRECTION ( 'NONE',  ( -0.000000000000000000, 1.000000000000000000, -0.000000000000000000 ) ) ;
#608 = LINE ( 'NONE', #487, #81 ) ;
#609 = ORIENTED_EDGE ( 'NONE', *, *, #1468, .F. ) ;
#610 = DIRECTION ( 'NONE',  ( 3.469446951953610245E-15, 1.000000000000000000, 1.734723475976810644E-15 ) ) ;
#611 = AXIS2_PLACEMENT_3D ( 'NONE', #37, #1637, #1260 ) ;
#612 = EDGE_CURVE ( 'NONE', #1, #1505, #1578, .T. ) ;
#613 = ORIENTED_EDGE ( 'NONE', *, *, #723, .T. ) ;
#614 = EDGE_CURVE ( 'NONE', #584, #836, #1095, .T. ) ;
#615 = CYLINDRICAL_SURFACE ( 'NONE', #199, 1.000000000000000888 ) ;
#616 = DIRECTION ( 'NONE',  ( 0.000000000000000000, -0.000000000000000000, 1.000000000000000000 ) ) ;
#617 = VECTOR ( 'NONE', #940, 1000.000000000000000 ) ;
#618 = DIRECTION ( 'NONE',  ( 1.224646799147353207E-16, -1.000000000000000000, -0.000000000000000000 ) ) ;
#619 = CARTESIAN_POINT ( 'NONE',  ( -2.000000000000000000, -2.000000000000000888, 140.0000000000000000 ) ) ;
#620 = ORIENTED_EDGE ( 'NONE', *, *, #349, .T. ) ;
#621 = PLANE ( 'NONE',  #472 ) ;
#622 = VECTOR ( 'NONE', #831, 1000.000000000000000 ) ;
#623 = DIRECTION ( 'NONE',  ( -1.000000000000000000, 0.000000000000000000, -0.000000000000000000 ) ) ;
#624 = FACE_OUTER_BOUND ( 'NONE', #842, .T. ) ;
#625 = EDGE_LOOP ( 'NONE', ( #597, #1021, #48, #613 ) ) ;
#626 = DIRECTION ( 'NONE',  ( 0.000000000000000000, 0.000000000000000000, 1.000000000000000000 ) ) ;
#627 = DIRECTION ( 'NONE',  ( -0.000000000000000000, -0.000000000000000000, -1.000000000000000000 ) ) ;
#628 = DIRECTION ( 'NONE',  ( 0.000000000000000000, 1.000000000000000000, 1.734723475976810644E-15 ) ) ;
#629 = LINE ( 'NONE', #882, #1184 ) ;
#630 = LINE ( 'NONE', #851, #1003 ) ;
#631 = VERTEX_POINT ( 'NONE', #1533 ) ;
#632 = LINE ( 'NONE', #801, #1744 ) ;
#633 = CARTESIAN_POINT ( 'NONE',  ( 0.000000000000000000, 0.000000000000000000, 140.0000000000000000 ) ) ;
#634 = LINE ( 'NONE', #783, #1328 ) ;
#635 = CARTESIAN_POINT ( 'NONE',  ( -19.99999999999999645, 6.200425518928510265E-14, 6.977807856639172337E-30 ) ) ;
#636 = VERTEX_POINT ( 'NONE', #1105 ) ;
#637 = CARTESIAN_POINT ( 'NONE',  ( -10.00000000000000711, 0.000000000000000000, 139.0000000000000000 ) ) ;
#638 = PLANE ( 'NONE',  #1586 ) ;
#639 = ORIENTED_EDGE ( 'NONE', *, *, #1502, .T. ) ;
#640 = DIRECTION ( 'NONE',  ( 0.000000000000000000, 0.000000000000000000, 1.000000000000000000 ) ) ;
#641 = DIRECTION ( 'NONE',  ( -2.858008893365642749E-32, 9.915710243743739178E-47, 1.000000000000000000 ) ) ;
#642 = EDGE_LOOP ( 'NONE', ( #1718, #362, #1408, #1590 ) ) ;
#643 = AXIS2_PLACEMENT_3D ( 'NONE', #342, #1681, #628 ) ;
#644 = DIRECTION ( 'NONE',  ( 1.000000000000000000, -3.469446951953610245E-15, -4.395556403973672374E-31 ) ) ;
#645 = AXIS2_PLACEMENT_3D ( 'NONE', #1537, #1103, #318 ) ;
#646 = EDGE_CURVE ( 'NONE', #602, #968, #160, .T. ) ;
#647 = ORIENTED_EDGE ( 'NONE', *, *, #8, .T. ) ;
#648 = DIRECTION ( 'NONE',  ( 0.000000000000000000, 0.000000000000000000, 1.000000000000000000 ) ) ;
#649 = EDGE_CURVE ( 'NONE', #1392, #1622, #586, .T. ) ;
#650 = AXIS2_PLACEMENT_3D ( 'NONE', #1672, #869, #745 ) ;
#651 = EDGE_LOOP ( 'NONE', ( #600, #1032, #381, #1723 ) ) ;
#652 = DIRECTION ( 'NONE',  ( -0.000000000000000000, 1.000000000000000000, 0.000000000000000000 ) ) ;
#653 = ORIENTED_EDGE ( 'NONE', *, *, #1446, .T. ) ;
#654 = CIRCLE ( 'NONE', #1101, 4.000000000000000000 ) ;
#655 = DIRECTION ( 'NONE',  ( 0.000000000000000000, 0.000000000000000000, -1.000000000000000000 ) ) ;
#656 = EDGE_LOOP ( 'NONE', ( #1232, #377, #288, #1208 ) ) ;
#657 = AXIS2_PLACEMENT_3D ( 'NONE', #816, #122, #937 ) ;
#658 = FACE_OUTER_BOUND ( 'NONE', #26, .T. ) ;
#659 = DIRECTION ( 'NONE',  ( 1.224646799147353207E-16, -1.000000000000000000, 0.000000000000000000 ) ) ;
#660 = FACE_BOUND ( 'NONE', #939, .T. ) ;
#661 = CARTESIAN_POINT ( 'NONE',  ( -2.000000000000000444, -2.449293598294706907E-16, 140.0000000000000000 ) ) ;
#662 = ORIENTED_EDGE ( 'NONE', *, *, #191, .T. ) ;
#663 = CARTESIAN_POINT ( 'NONE',  ( -18.00000000000001776, -6.999999999999986677, -89.00000000000001421 ) ) ;
#664 = EDGE_CURVE ( 'NONE', #4, #105, #11, .T. ) ;
#665 = DIRECTION ( 'NONE',  ( 1.000000000000000000, 0.000000000000000000, 0.000000000000000000 ) ) ;
#666 = ORIENTED_EDGE ( 'NONE', *, *, #541, .F. ) ;
#667 = CARTESIAN_POINT ( 'NONE',  ( -11.00000000000000711, 0.000000000000000000, 140.0000000000000000 ) ) ;
#668 = ORIENTED_EDGE ( 'NONE', *, *, #924, .F. ) ;
#669 = VERTEX_POINT ( 'NONE', #457 ) ;
#670 = CARTESIAN_POINT ( 'NONE',  ( 1.000000000000022427, 2.640441204869561941E-30, 87.00000000000002842 ) ) ;
#671 = EDGE_LOOP ( 'NONE', ( #695, #579, #1735, #853 ) ) ;
#672 = DIRECTION ( 'NONE',  ( 1.000000000000000000, 1.224646799147353207E-16, -0.000000000000000000 ) ) ;
#673 = DIRECTION ( 'NONE',  ( -1.224646799147353207E-16, 1.000000000000000000, -0.000000000000000000 ) ) ;
#674 = ORIENTED_EDGE ( 'NONE', *, *, #1051, .T. ) ;
#675 = EDGE_CURVE ( 'NONE', #915, #602, #1393, .T. ) ;
#676 = DIRECTION ( 'NONE',  ( 0.000000000000000000, 0.000000000000000000, 1.000000000000000000 ) ) ;
#677 = EDGE_CURVE ( 'NONE', #631, #1339, #1240, .T. ) ;
#678 = APPLICATION_CONTEXT ( 'automotive_design' ) ;
#679 = VERTEX_POINT ( 'NONE', #1666 ) ;
#680 = AXIS2_PLACEMENT_3D ( 'NONE', #897, #1337, #767 ) ;
#681 = VECTOR ( 'NONE', #1243, 1000.000000000000000 ) ;
#682 = DIRECTION ( 'NONE',  ( 1.000000000000000000, 0.000000000000000000, 2.858008893365642749E-32 ) ) ;
#683 = ORIENTED_EDGE ( 'NONE', *, *, #996, .T. ) ;
#684 = CIRCLE ( 'NONE', #650, 1.000000000000000888 ) ;
#685 = FACE_OUTER_BOUND ( 'NONE', #20, .T. ) ;
#686 = ORIENTED_EDGE ( 'NONE', *, *, #1115, .T. ) ;
#687 = LINE ( 'NONE', #1379, #495 ) ;
#688 = VERTEX_POINT ( 'NONE', #979 ) ;
#689 = VECTOR ( 'NONE', #1551, 1000.000000000000000 ) ;
#690 = EDGE_CURVE ( 'NONE', #255, #1675, #302, .T. ) ;
#691 = DIRECTION ( 'NONE',  ( -1.000000000000000000, -0.000000000000000000, -0.000000000000000000 ) ) ;
#692 = ORIENTED_EDGE ( 'NONE', *, *, #935, .F. ) ;
#693 = DIRECTION ( 'NONE',  ( 3.469446951953610245E-15, 1.000000000000000000, 1.734723475976810644E-15 ) ) ;
#694 = DIRECTION ( 'NONE',  ( 1.000000000000000000, 0.000000000000000000, 0.000000000000000000 ) ) ;
#695 = ORIENTED_EDGE ( 'NONE', *, *, #785, .F. ) ;
#696 = CARTESIAN_POINT ( 'NONE',  ( -11.00000000000000533, -18.00100000000000122, -140.0000000000000000 ) ) ;
#697 = EDGE_CURVE ( 'NONE', #137, #1534, #1539, .T. ) ;
#698 = ORIENTED_EDGE ( 'NONE', *, *, #1025, .F. ) ;
#699 = CARTESIAN_POINT ( 'NONE',  ( -18.00000000000000355, -1.999999999999997113, 89.00000000000000000 ) ) ;
#700 = CYLINDRICAL_SURFACE ( 'NONE', #56, 1.000000000000000888 ) ;
#701 = ORIENTED_EDGE ( 'NONE', *, *, #583, .F. ) ;
#702 = CARTESIAN_POINT ( 'NONE',  ( 2.000000000000000000, -10.09999999999999964, -131.2499999999999432 ) ) ;
#703 = CARTESIAN_POINT ( 'NONE',  ( 2.000000000000000444, -17.99999999999999645, -90.00000000000001421 ) ) ;
#704 = ORIENTED_EDGE ( 'NONE', *, *, #284, .T. ) ;
#705 = LINE ( 'NONE', #1384, #354 ) ;
#706 = EDGE_CURVE ( 'NONE', #591, #968, #1012, .T. ) ;
#707 = AXIS2_PLACEMENT_3D ( 'NONE', #1228, #1524, #1234 ) ;
#708 = CARTESIAN_POINT ( 'NONE',  ( -20.00000000000000355, -1.999999999999990008, 89.00000000000000000 ) ) ;
#709 = VECTOR ( 'NONE', #519, 1000.000000000000000 ) ;
#710 = CARTESIAN_POINT ( 'NONE',  ( 2.000000000000000444, -17.99999999999999645, 90.00000000000001421 ) ) ;
#711 = VECTOR ( 'NONE', #1348, 1000.000000000000000 ) ;
#712 = EDGE_LOOP ( 'NONE', ( #962, #206, #325, #343 ) ) ;
#713 = DIRECTION ( 'NONE',  ( 0.000000000000000000, 1.000000000000000000, 0.000000000000000000 ) ) ;
#714 = ORIENTED_EDGE ( 'NONE', *, *, #1699, .F. ) ;
#715 = ADVANCED_FACE ( 'NONE', ( #747 ), #621, .F. ) ;
#716 = ORIENTED_EDGE ( 'NONE', *, *, #1572, .T. ) ;
#717 = DIRECTION ( 'NONE',  ( -1.224646799147353207E-16, 1.000000000000000000, -0.000000000000000000 ) ) ;
#718 = ORIENTED_EDGE ( 'NONE', *, *, #370, .F. ) ;
#719 = CARTESIAN_POINT ( 'NONE',  ( -2.000000000000000888, 1.999999999999999556, 88.00000000000002842 ) ) ;
#720 = DIRECTION ( 'NONE',  ( 1.000000000000000000, 0.000000000000000000, 0.000000000000000000 ) ) ;
#721 = ORIENTED_EDGE ( 'NONE', *, *, #697, .T. ) ;
#722 = EDGE_CURVE ( 'NONE', #1505, #1350, #471, .T. ) ;
#723 = EDGE_CURVE ( 'NONE', #1294, #741, #382, .T. ) ;
#724 = FACE_OUTER_BOUND ( 'NONE', #1609, .T. ) ;
#725 = EDGE_LOOP ( 'NONE', ( #437, #1717, #445, #379 ) ) ;
#726 = VECTOR ( 'NONE', #1087, 1000.000000000000000 ) ;
#727 = AXIS2_PLACEMENT_3D ( 'NONE', #1569, #1174, #511 ) ;
#728 = AXIS2_PLACEMENT_3D ( 'NONE', #1275, #886, #195 ) ;
#729 = ORIENTED_EDGE ( 'NONE', *, *, #1167, .F. ) ;
#730 = EDGE_CURVE ( 'NONE', #1057, #1294, #488, .T. ) ;
#731 = CARTESIAN_POINT ( 'NONE',  ( -11.00000000000000711, 1.999999999999998668, 139.0000000000000000 ) ) ;
#732 = DIRECTION ( 'NONE',  ( -0.000000000000000000, -0.000000000000000000, -1.000000000000000000 ) ) ;
#733 = VECTOR ( 'NONE', #548, 1000.000000000000000 ) ;
#734 = VERTEX_POINT ( 'NONE', #1020 ) ;
#735 = ORIENTED_EDGE ( 'NONE', *, *, #149, .F. ) ;
#736 = EDGE_LOOP ( 'NONE', ( #790, #13, #1488, #257 ) ) ;
#737 = DIRECTION ( 'NONE',  ( -1.000000000000000000, 0.000000000000000000, 0.000000000000000000 ) ) ;
#738 = DIRECTION ( 'NONE',  ( -1.000000000000000000, -0.000000000000000000, 0.000000000000000000 ) ) ;
#739 = PLANE ( 'NONE',  #728 ) ;
#740 = ADVANCED_FACE ( 'NONE', ( #1573 ), #1705, .F. ) ;
#741 = VERTEX_POINT ( 'NONE', #603 ) ;
#742 = EDGE_CURVE ( 'NONE', #1392, #255, #1438, .T. ) ;
#743 = DIRECTION ( 'NONE',  ( 1.000000000000000000, 0.000000000000000000, 0.000000000000000000 ) ) ;
#744 = CARTESIAN_POINT ( 'NONE',  ( -20.00000000000002132, -6.999999999999979572, -89.00000000000001421 ) ) ;
#745 = DIRECTION ( 'NONE',  ( 0.000000000000000000, 0.000000000000000000, 1.000000000000000000 ) ) ;
#746 = CARTESIAN_POINT ( 'NONE',  ( -2.000000000000000000, -2.000000000000000888, 90.00000000000001421 ) ) ;
#747 = FACE_OUTER_BOUND ( 'NONE', #881, .T. ) ;
#748 = VECTOR ( 'NONE', #1237, 1000.000000000000000 ) ;
#749 = ADVANCED_FACE ( 'NONE', ( #1137 ), #887, .F. ) ;
#750 = COLOUR_RGB ( '',0.5294117647058823595, 0.5490196078431373028, 0.5490196078431373028 ) ;
#751 = CARTESIAN_POINT ( 'NONE',  ( -2.000000000000000888, -17.99999999999999645, -90.00000000000001421 ) ) ;
#752 = CARTESIAN_POINT ( 'NONE',  ( -11.00000000000000000, 0.000000000000000000, 89.00000000000000000 ) ) ;
#753 = DIRECTION ( 'NONE',  ( 1.224646799147353207E-16, -1.000000000000000000, 0.000000000000000000 ) ) ;
#754 = VECTOR ( 'NONE', #1010, 1000.000000000000000 ) ;
#755 = ORIENTED_EDGE ( 'NONE', *, *, #879, .F. ) ;
#756 = CARTESIAN_POINT ( 'NONE',  ( 2.000000000000000444, -16.99999999999999645, -90.00000000000001421 ) ) ;
#757 = AXIS2_PLACEMENT_3D ( 'NONE', #1319, #266, #1046 ) ;
#758 = CARTESIAN_POINT ( 'NONE',  ( 0.000000000000000000, -18.00000000000000000, -91.00000000000002842 ) ) ;
#759 = CIRCLE ( 'NONE', #1481, 1.000000000000000000 ) ;
#760 = ORIENTED_EDGE ( 'NONE', *, *, #1250, .F. ) ;
#761 = ORIENTED_EDGE ( 'NONE', *, *, #298, .T. ) ;
#762 = EDGE_CURVE ( 'NONE', #904, #262, #417, .T. ) ;
#763 = LINE ( 'NONE', #1584, #588 ) ;
#764 = VERTEX_POINT ( 'NONE', #758 ) ;
#765 = DIRECTION ( 'NONE',  ( 3.469446951953614189E-15, 1.000000000000000000, 0.000000000000000000 ) ) ;
#766 = VERTEX_POINT ( 'NONE', #55 ) ;
#767 = DIRECTION ( 'NONE',  ( 1.000000000000000000, 1.224646799147353454E-16, 0.000000000000000000 ) ) ;
#768 = ORIENTED_EDGE ( 'NONE', *, *, #94, .F. ) ;
#769 = CYLINDRICAL_SURFACE ( 'NONE', #727, 2.250000000000001776 ) ;
#770 = EDGE_CURVE ( 'NONE', #496, #836, #464, .T. ) ;
#771 = PRODUCT_DEFINITION_SHAPE ( 'NONE', 'NONE',  #406 ) ;
#772 = ORIENTED_EDGE ( 'NONE', *, *, #947, .T. ) ;
#773 =( NAMED_UNIT ( * ) SI_UNIT ( $, .STERADIAN. ) SOLID_ANGLE_UNIT ( ) );
#774 = ADVANCED_FACE ( 'NONE', ( #1144 ), #91, .T. ) ;
#775 = CARTESIAN_POINT ( 'NONE',  ( -11.99999999999999822, 0.000000000000000000, -89.00000000000000000 ) ) ;
#776 = ORIENTED_EDGE ( 'NONE', *, *, #1446, .F. ) ;
#777 = ORIENTED_EDGE ( 'NONE', *, *, #614, .F. ) ;
#778 = CARTESIAN_POINT ( 'NONE',  ( 0.000000000000000000, -10.09999999999999964, 126.7500000000001137 ) ) ;
#779 = ORIENTED_EDGE ( 'NONE', *, *, #1641, .F. ) ;
#780 = AXIS2_PLACEMENT_3D ( 'NONE', #635, #1056, #1322 ) ;
#781 = DIRECTION ( 'NONE',  ( 0.000000000000000000, 1.000000000000000000, -0.000000000000000000 ) ) ;
#782 = AXIS2_PLACEMENT_3D ( 'NONE', #348, #861, #1545 ) ;
#783 = CARTESIAN_POINT ( 'NONE',  ( 0.000000000000000000, -18.00000000000000000, 139.0000000000000000 ) ) ;
#784 = PLANE ( 'NONE',  #1517 ) ;
#785 = EDGE_CURVE ( 'NONE', #1349, #1294, #880, .T. ) ;
#786 = ORIENTED_EDGE ( 'NONE', *, *, #646, .T. ) ;
#787 = CARTESIAN_POINT ( 'NONE',  ( -3.000000000000000888, -1.224646799147354193E-16, -89.00000000000002842 ) ) ;
#788 = CIRCLE ( 'NONE', #1618, 1.000000000000000888 ) ;
#789 = FACE_OUTER_BOUND ( 'NONE', #1176, .T. ) ;
#790 = ORIENTED_EDGE ( 'NONE', *, *, #465, .F. ) ;
#791 = CARTESIAN_POINT ( 'NONE',  ( -2.449293598294706414E-16, 2.000000000000000000, 140.0000000000000000 ) ) ;
#792 = VERTEX_POINT ( 'NONE', #1407 ) ;
#793 = DIRECTION ( 'NONE',  ( -1.000000000000000000, 0.000000000000000000, 0.000000000000000000 ) ) ;
#794 = CARTESIAN_POINT ( 'NONE',  ( -11.99999999999999822, 1.999999999999998668, -89.00000000000000000 ) ) ;
#795 = EDGE_CURVE ( 'NONE', #1650, #265, #1162, .T. ) ;
#796 = ORIENTED_EDGE ( 'NONE', *, *, #1493, .F. ) ;
#797 = CARTESIAN_POINT ( 'NONE',  ( 2.243116975486476759E-14, 2.000000000000001776, 87.00000000000002842 ) ) ;
#798 = ORIENTED_EDGE ( 'NONE', *, *, #690, .F. ) ;
#799 = DIRECTION ( 'NONE',  ( -1.224646799147353207E-16, 1.000000000000000000, -0.000000000000000000 ) ) ;
#800 = EDGE_LOOP ( 'NONE', ( #1512, #951, #1195, #777, #662, #1143 ) ) ;
#801 = CARTESIAN_POINT ( 'NONE',  ( -16.00000000000000000, -18.00099999999999767, 89.00000000000000000 ) ) ;
#802 = CARTESIAN_POINT ( 'NONE',  ( 2.000000000000000000, -18.00000000000000000, -91.00000000000002842 ) ) ;
#803 = CARTESIAN_POINT ( 'NONE',  ( -2.000000000000000444, -2.449293598294706907E-16, 140.0000000000000000 ) ) ;
#804 = FACE_OUTER_BOUND ( 'NONE', #671, .T. ) ;
#805 = DIRECTION ( 'NONE',  ( 1.360567432138671835E-16, 0.000000000000000000, -1.000000000000000000 ) ) ;
#806 = ORIENTED_EDGE ( 'NONE', *, *, #1295, .F. ) ;
#807 = FACE_OUTER_BOUND ( 'NONE', #1583, .T. ) ;
#808 = EDGE_LOOP ( 'NONE', ( #1001, #798, #61, #499 ) ) ;
#809 = EDGE_CURVE ( 'NONE', #108, #1229, #213, .T. ) ;
#810 = FACE_OUTER_BOUND ( 'NONE', #1655, .T. ) ;
#811 = ORIENTED_EDGE ( 'NONE', *, *, #1641, .T. ) ;
#812 = CARTESIAN_POINT ( 'NONE',  ( -16.00000000000000000, 1.999999999999997780, 89.00000000000000000 ) ) ;
#813 = MECHANICAL_DESIGN_GEOMETRIC_PRESENTATION_REPRESENTATION (  '', ( #1739 ), #78 ) ;
#814 = CIRCLE ( 'NONE', #707, 4.000000000000000000 ) ;
#815 = ORIENTED_EDGE ( 'NONE', *, *, #531, .T. ) ;
#816 = CARTESIAN_POINT ( 'NONE',  ( -2.000000000000000000, -2.000000000000000888, 140.0000000000000000 ) ) ;
#817 = DIRECTION ( 'NONE',  ( 1.000000000000000000, 0.000000000000000000, 0.000000000000000000 ) ) ;
#818 = ORIENTED_EDGE ( 'NONE', *, *, #1115, .F. ) ;
#819 = FACE_OUTER_BOUND ( 'NONE', #1450, .T. ) ;
#820 = ADVANCED_FACE ( 'NONE', ( #360 ), #1747, .F. ) ;
#821 = VECTOR ( 'NONE', #161, 1000.000000000000000 ) ;
#822 = CARTESIAN_POINT ( 'NONE',  ( 0.000000000000000000, -2.000000000000001776, -90.00000000000002842 ) ) ;
#823 = AXIS2_PLACEMENT_3D ( 'NONE', #315, #616, #1301 ) ;
#824 = CARTESIAN_POINT ( 'NONE',  ( -1.999999999999998224, -18.00100000000000122, 89.00000000000001421 ) ) ;
#825 = FACE_OUTER_BOUND ( 'NONE', #1659, .T. ) ;
#826 = ORIENTED_EDGE ( 'NONE', *, *, #575, .F. ) ;
#827 = DIRECTION ( 'NONE',  ( 1.000000000000000000, -3.369016658928398602E-15, 2.858008893365642749E-32 ) ) ;
#828 = CARTESIAN_POINT ( 'NONE',  ( 7.095548123126889064E-16, 2.000000000000001776, -87.00000000000002842 ) ) ;
#829 = LINE ( 'NONE', #667, #1286 ) ;
#830 = ADVANCED_FACE ( 'NONE', ( #1597 ), #1069, .F. ) ;
#831 = DIRECTION ( 'NONE',  ( -0.000000000000000000, -0.000000000000000000, -1.000000000000000000 ) ) ;
#832 = DIRECTION ( 'NONE',  ( 1.000000000000000000, 1.224646799147354193E-16, 0.000000000000000000 ) ) ;
#833 = EDGE_CURVE ( 'NONE', #602, #1080, #864, .T. ) ;
#834 = DIRECTION ( 'NONE',  ( -1.224646799147353207E-16, 1.000000000000000000, 0.000000000000000000 ) ) ;
#835 = DIRECTION ( 'NONE',  ( 0.000000000000000000, 0.000000000000000000, -1.000000000000000000 ) ) ;
#836 = VERTEX_POINT ( 'NONE', #1461 ) ;
#837 = CIRCLE ( 'NONE', #680, 1.000000000000000666 ) ;
#838 = EDGE_CURVE ( 'NONE', #1622, #1229, #1207, .T. ) ;
#839 = ORIENTED_EDGE ( 'NONE', *, *, #1051, .F. ) ;
#840 = DIRECTION ( 'NONE',  ( 1.000000000000000000, 0.000000000000000000, -0.000000000000000000 ) ) ;
#841 = VECTOR ( 'NONE', #1109, 1000.000000000000000 ) ;
#842 = EDGE_LOOP ( 'NONE', ( #931, #352, #587, #1298 ) ) ;
#843 = CIRCLE ( 'NONE', #1123, 0.9999999999999991118 ) ;
#844 = LINE ( 'NONE', #1397, #568 ) ;
#845 = AXIS2_PLACEMENT_3D ( 'NONE', #210, #1015, #884 ) ;
#846 = ORIENTED_EDGE ( 'NONE', *, *, #97, .F. ) ;
#847 = CARTESIAN_POINT ( 'NONE',  ( -2.000000000000000000, -2.000000000000000888, 140.0000000000000000 ) ) ;
#848 = EDGE_CURVE ( 'NONE', #669, #1567, #837, .T. ) ;
#849 = ORIENTED_EDGE ( 'NONE', *, *, #1401, .F. ) ;
#850 = PLANE ( 'NONE',  #823 ) ;
#851 = CARTESIAN_POINT ( 'NONE',  ( 0.000000000000000000, -10.09999999999999964, -131.2499999999999432 ) ) ;
#852 = CARTESIAN_POINT ( 'NONE',  ( -19.99999999999999645, 4.533669079391563747E-15, 89.00000000000000000 ) ) ;
#853 = ORIENTED_EDGE ( 'NONE', *, *, #723, .F. ) ;
#854 = DIRECTION ( 'NONE',  ( 1.000000000000000000, 4.336808689942017736E-16, 0.000000000000000000 ) ) ;
#855 = EDGE_LOOP ( 'NONE', ( #1045, #639, #990, #1454 ) ) ;
#856 = ORIENTED_EDGE ( 'NONE', *, *, #1066, .T. ) ;
#857 = DIRECTION ( 'NONE',  ( -0.000000000000000000, -0.000000000000000000, -1.000000000000000000 ) ) ;
#858 = VERTEX_POINT ( 'NONE', #516 ) ;
#859 = ADVANCED_FACE ( 'NONE', ( #527 ), #1605, .F. ) ;
#860 = DIRECTION ( 'NONE',  ( -1.224646799147353207E-16, 1.000000000000000000, 0.000000000000000000 ) ) ;
#861 = DIRECTION ( 'NONE',  ( -3.369016658928398602E-15, -1.000000000000000000, -1.266932875713398407E-16 ) ) ;
#862 = AXIS2_PLACEMENT_3D ( 'NONE', #637, #1170, #1714 ) ;
#863 = ORIENTED_EDGE ( 'NONE', *, *, #1257, .F. ) ;
#864 = CIRCLE ( 'NONE', #1691, 1.000000000000000888 ) ;
#865 = EDGE_LOOP ( 'NONE', ( #268, #1279, #1406, #1731 ) ) ;
#866 = ADVANCED_FACE ( 'NONE', ( #914, #1469 ), #248, .T. ) ;
#867 = CARTESIAN_POINT ( 'NONE',  ( -2.000000000000000888, 1.999999999999999556, 89.00000000000001421 ) ) ;
#868 = VECTOR ( 'NONE', #68, 1000.000000000000000 ) ;
#869 = DIRECTION ( 'NONE',  ( -1.000000000000000000, 0.000000000000000000, 0.000000000000000000 ) ) ;
#870 = CARTESIAN_POINT ( 'NONE',  ( 0.000000000000000000, -18.00000000000000000, -140.0000000000000000 ) ) ;
#871 = AXIS2_PLACEMENT_3D ( 'NONE', #1059, #1221, #665 ) ;
#872 = ORIENTED_EDGE ( 'NONE', *, *, #1593, .T. ) ;
#873 = CARTESIAN_POINT ( 'NONE',  ( 2.000000000000000000, -2.000000000000000888, 140.0000000000000000 ) ) ;
#874 = VERTEX_POINT ( 'NONE', #787 ) ;
#875 = CARTESIAN_POINT ( 'NONE',  ( -11.00000000000000000, 1.999999999999998668, -90.00000000000000000 ) ) ;
#876 = FACE_OUTER_BOUND ( 'NONE', #865, .T. ) ;
#877 = FACE_OUTER_BOUND ( 'NONE', #1026, .T. ) ;
#878 = DIRECTION ( 'NONE',  ( 1.000000000000000000, 0.000000000000000000, -0.000000000000000000 ) ) ;
#879 = EDGE_CURVE ( 'NONE', #1130, #551, #400, .T. ) ;
#880 = LINE ( 'NONE', #1027, #1293 ) ;
#881 = EDGE_LOOP ( 'NONE', ( #1463, #647, #1598, #512 ) ) ;
#882 = CARTESIAN_POINT ( 'NONE',  ( -20.00000000000002487, -8.000000000000003553, 88.00000000000000000 ) ) ;
#883 = LINE ( 'NONE', #317, #169 ) ;
#884 = DIRECTION ( 'NONE',  ( 0.000000000000000000, 0.000000000000000000, 1.000000000000000000 ) ) ;
#885 = DIRECTION ( 'NONE',  ( -0.000000000000000000, -0.000000000000000000, 1.000000000000000000 ) ) ;
#886 = DIRECTION ( 'NONE',  ( 0.000000000000000000, -1.000000000000000000, 0.000000000000000000 ) ) ;
#887 = CYLINDRICAL_SURFACE ( 'NONE', #1389, 1.000000000000000888 ) ;
#888 = EDGE_CURVE ( 'NONE', #904, #688, #119, .T. ) ;
#889 = ORIENTED_EDGE ( 'NONE', *, *, #1053, .F. ) ;
#890 = ORIENTED_EDGE ( 'NONE', *, *, #465, .T. ) ;
#891 = VECTOR ( 'NONE', #693, 1000.000000000000000 ) ;
#892 = EDGE_CURVE ( 'NONE', #1339, #636, #1036, .T. ) ;
#893 = CIRCLE ( 'NONE', #190, 1.000000000000000000 ) ;
#894 = CARTESIAN_POINT ( 'NONE',  ( -10.99999999999999822, -18.00100000000000122, 89.00000000000000000 ) ) ;
#895 = VERTEX_POINT ( 'NONE', #1589 ) ;
#896 = CARTESIAN_POINT ( 'NONE',  ( 0.000000000000000000, -18.00000000000000000, 140.0000000000000000 ) ) ;
#897 = CARTESIAN_POINT ( 'NONE',  ( -2.000000000000000444, 0.000000000000000000, 89.00000000000001421 ) ) ;
#898 = VECTOR ( 'NONE', #209, 1000.000000000000000 ) ;
#899 = VERTEX_POINT ( 'NONE', #387 ) ;
#900 = FACE_OUTER_BOUND ( 'NONE', #599, .T. ) ;
#901 = ORIENTED_EDGE ( 'NONE', *, *, #848, .F. ) ;
#902 = DIRECTION ( 'NONE',  ( 0.000000000000000000, 0.000000000000000000, 1.000000000000000000 ) ) ;
#903 = DIRECTION ( 'NONE',  ( 1.000000000000000000, 0.000000000000000000, -0.000000000000000000 ) ) ;
#904 = VERTEX_POINT ( 'NONE', #368 ) ;
#905 = CARTESIAN_POINT ( 'NONE',  ( -2.000000000000001332, -4.898587196589388177E-16, 88.00000000000002842 ) ) ;
#906 = MANIFOLD_SOLID_BREP ( 'Verrundung3', #175 ) ;
#907 = ORIENTED_EDGE ( 'NONE', *, *, #321, .F. ) ;
#908 = CYLINDRICAL_SURFACE ( 'NONE', #657, 4.000000000000000000 ) ;
#909 = EDGE_LOOP ( 'NONE', ( #949, #1082, #470, #463 ) ) ;
#910 = LINE ( 'NONE', #452, #49 ) ;
#911 = EDGE_LOOP ( 'NONE', ( #714, #1329, #1222, #927 ) ) ;
#912 = ORIENTED_EDGE ( 'NONE', *, *, #1662, .T. ) ;
#913 = ORIENTED_EDGE ( 'NONE', *, *, #959, .T. ) ;
#914 = FACE_BOUND ( 'NONE', #1022, .T. ) ;
#915 = VERTEX_POINT ( 'NONE', #905 ) ;
#916 = EDGE_LOOP ( 'NONE', ( #151, #1317, #224, #389, #609, #1494 ) ) ;
#917 = DIRECTION ( 'NONE',  ( -1.224646799147353207E-16, 1.000000000000000000, -0.000000000000000000 ) ) ;
#918 = VERTEX_POINT ( 'NONE', #216 ) ;
#919 = DIRECTION ( 'NONE',  ( -1.000000000000000000, 3.469446951953611033E-15, 0.000000000000000000 ) ) ;
#920 = VERTEX_POINT ( 'NONE', #1156 ) ;
#921 = EDGE_CURVE ( 'NONE', #836, #264, #444, .T. ) ;
#922 =( NAMED_UNIT ( * ) PLANE_ANGLE_UNIT ( ) SI_UNIT ( $, .RADIAN. ) );
#923 = VECTOR ( 'NONE', #69, 1000.000000000000000 ) ;
#924 = EDGE_CURVE ( 'NONE', #108, #1100, #93, .T. ) ;
#925 = FILL_AREA_STYLE_COLOUR ( '', #750 ) ;
#926 = ORIENTED_EDGE ( 'NONE', *, *, #1709, .T. ) ;
#927 = ORIENTED_EDGE ( 'NONE', *, *, #19, .F. ) ;
#928 = DIRECTION ( 'NONE',  ( -1.000000000000000000, 3.469446951953611033E-15, 0.000000000000000000 ) ) ;
#929 = ORIENTED_EDGE ( 'NONE', *, *, #1638, .T. ) ;
#930 = FACE_OUTER_BOUND ( 'NONE', #208, .T. ) ;
#931 = ORIENTED_EDGE ( 'NONE', *, *, #1257, .T. ) ;
#932 = ORIENTED_EDGE ( 'NONE', *, *, #1709, .F. ) ;
#933 = PLANE ( 'NONE',  #1035 ) ;
#934 = LINE ( 'NONE', #1626, #563 ) ;
#935 = EDGE_CURVE ( 'NONE', #1269, #734, #1300, .T. ) ;
#936 = ORIENTED_EDGE ( 'NONE', *, *, #1129, .F. ) ;
#937 = DIRECTION ( 'NONE',  ( -1.000000000000000000, 0.000000000000000000, 0.000000000000000000 ) ) ;
#938 = CARTESIAN_POINT ( 'NONE',  ( 0.000000000000000000, -16.99999999999999645, 139.0000000000000000 ) ) ;
#939 = EDGE_LOOP ( 'NONE', ( #1356, #1254 ) ) ;
#940 = DIRECTION ( 'NONE',  ( 1.224646799147353207E-16, -1.000000000000000000, -0.000000000000000000 ) ) ;
#941 = EDGE_LOOP ( 'NONE', ( #1311, #162, #276, #994 ) ) ;
#942 = CYLINDRICAL_SURFACE ( 'NONE', #285, 1.000000000000000888 ) ;
#943 = CARTESIAN_POINT ( 'NONE',  ( 0.000000000000000000, -16.99999999999999645, 140.0000000000000000 ) ) ;
#944 = DIRECTION ( 'NONE',  ( 1.000000000000000000, 0.000000000000000000, 0.000000000000000000 ) ) ;
#945 = VERTEX_POINT ( 'NONE', #371 ) ;
#946 = DIRECTION ( 'NONE',  ( 1.224646799147353207E-16, -1.000000000000000000, 0.000000000000000000 ) ) ;
#947 = EDGE_CURVE ( 'NONE', #255, #1693, #883, .T. ) ;
#948 = CARTESIAN_POINT ( 'NONE',  ( 0.000000000000000000, -18.00000000000000000, -139.0000000000000000 ) ) ;
#949 = ORIENTED_EDGE ( 'NONE', *, *, #1682, .F. ) ;
#950 = CARTESIAN_POINT ( 'NONE',  ( -11.00000000000000711, -1.224646799147352468E-16, -139.0000000000000000 ) ) ;
#951 = ORIENTED_EDGE ( 'NONE', *, *, #409, .T. ) ;
#952 = CARTESIAN_POINT ( 'NONE',  ( -10.00000000000000711, -2.000000000000001776, -139.0000000000000000 ) ) ;
#953 = VECTOR ( 'NONE', #1721, 1000.000000000000000 ) ;
#954 = VECTOR ( 'NONE', #1106, 1000.000000000000000 ) ;
#955 = VERTEX_POINT ( 'NONE', #1464 ) ;
#956 = DIRECTION ( 'NONE',  ( 0.000000000000000000, 0.000000000000000000, 1.000000000000000000 ) ) ;
#957 = VECTOR ( 'NONE', #323, 1000.000000000000000 ) ;
#958 = CARTESIAN_POINT ( 'NONE',  ( -20.00000000000002132, -6.999999999999979572, -89.00000000000001421 ) ) ;
#959 = EDGE_CURVE ( 'NONE', #272, #1016, #630, .T. ) ;
#960 = DIRECTION ( 'NONE',  ( 1.224646799147353207E-16, -1.000000000000000000, -0.000000000000000000 ) ) ;
#961 = VECTOR ( 'NONE', #1479, 1000.000000000000000 ) ;
#962 = ORIENTED_EDGE ( 'NONE', *, *, #1572, .F. ) ;
#963 = VECTOR ( 'NONE', #1364, 1000.000000000000000 ) ;
#964 = EDGE_CURVE ( 'NONE', #792, #36, #346, .T. ) ;
#965 = CARTESIAN_POINT ( 'NONE',  ( -16.00000000000000000, -3.469446951953614189E-15, -89.00000000000000000 ) ) ;
#966 = CIRCLE ( 'NONE', #544, 2.250000000000001776 ) ;
#967 = PLANE ( 'NONE',  #51 ) ;
#968 = VERTEX_POINT ( 'NONE', #1716 ) ;
#969 = CYLINDRICAL_SURFACE ( 'NONE', #241, 2.250000000000001776 ) ;
#970 = EDGE_CURVE ( 'NONE', #1713, #591, #893, .T. ) ;
#971 = ORIENTED_EDGE ( 'NONE', *, *, #1699, .T. ) ;
#972 = CARTESIAN_POINT ( 'NONE',  ( 2.000000000000000444, 2.000000000000000000, 88.00000000000002842 ) ) ;
#973 = FACE_OUTER_BOUND ( 'NONE', #1602, .T. ) ;
#974 = CARTESIAN_POINT ( 'NONE',  ( 0.000000000000000000, -18.00000000000000000, 140.0000000000000000 ) ) ;
#975 = EDGE_CURVE ( 'NONE', #904, #874, #1145, .T. ) ;
#976 = LINE ( 'NONE', #1117, #1296 ) ;
#977 = VECTOR ( 'NONE', #1729, 1000.000000000000000 ) ;
#978 = ORIENTED_EDGE ( 'NONE', *, *, #518, .F. ) ;
#979 = CARTESIAN_POINT ( 'NONE',  ( -2.000000000000000444, -2.449293598294706907E-16, -140.0000000000000000 ) ) ;
#980 = VECTOR ( 'NONE', #557, 1000.000000000000000 ) ;
#981 = CARTESIAN_POINT ( 'NONE',  ( 2.000000000000000000, -10.09999999999999964, -126.7499999999999432 ) ) ;
#982 = DIRECTION ( 'NONE',  ( 0.000000000000000000, 0.000000000000000000, 1.000000000000000000 ) ) ;
#983 = CARTESIAN_POINT ( 'NONE',  ( -2.000000000000000888, -17.99999999999999645, 90.00000000000001421 ) ) ;
#984 = DIRECTION ( 'NONE',  ( -1.000000000000000000, 0.000000000000000000, -0.000000000000000000 ) ) ;
#985 = ORIENTED_EDGE ( 'NONE', *, *, #1017, .T. ) ;
#986 = DIRECTION ( 'NONE',  ( 1.000000000000000000, -0.000000000000000000, -0.000000000000000000 ) ) ;
#987 = ADVANCED_FACE ( 'NONE', ( #1289 ), #1014, .F. ) ;
#988 = EDGE_LOOP ( 'NONE', ( #113, #704, #846, #890, #863, #1695 ) ) ;
#989 = DIRECTION ( 'NONE',  ( -1.000000000000000000, -0.000000000000000000, -0.000000000000000000 ) ) ;
#990 = ORIENTED_EDGE ( 'NONE', *, *, #506, .F. ) ;
#991 = DIRECTION ( 'NONE',  ( 0.000000000000000000, 0.000000000000000000, -1.000000000000000000 ) ) ;
#992 = PLANE ( 'NONE',  #196 ) ;
#993 = FACE_BOUND ( 'NONE', #539, .T. ) ;
#994 = ORIENTED_EDGE ( 'NONE', *, *, #399, .T. ) ;
#995 = DIRECTION ( 'NONE',  ( 1.000000000000000000, 0.000000000000000000, 0.000000000000000000 ) ) ;
#996 = EDGE_CURVE ( 'NONE', #36, #250, #143, .T. ) ;
#997 = ORIENTED_EDGE ( 'NONE', *, *, #1628, .T. ) ;
#998 = CARTESIAN_POINT ( 'NONE',  ( -2.000000000000000888, 1.999999999999999556, -140.0000000000000000 ) ) ;
#999 = CARTESIAN_POINT ( 'NONE',  ( 0.000000000000000000, 0.000000000000000000, 140.0000000000000000 ) ) ;
#1000 = DIRECTION ( 'NONE',  ( 1.000000000000000000, 1.224646799147353207E-16, 0.000000000000000000 ) ) ;
#1001 = ORIENTED_EDGE ( 'NONE', *, *, #1465, .F. ) ;
#1002 = DIRECTION ( 'NONE',  ( 0.000000000000000000, 0.000000000000000000, 1.000000000000000000 ) ) ;
#1003 = VECTOR ( 'NONE', #233, 1000.000000000000000 ) ;
#1004 = AXIS2_PLACEMENT_3D ( 'NONE', #1679, #1161, #1000 ) ;
#1005 = VERTEX_POINT ( 'NONE', #1404 ) ;
#1006 = EDGE_CURVE ( 'NONE', #265, #1198, #763, .T. ) ;
#1007 = CARTESIAN_POINT ( 'NONE',  ( -18.00000000000001776, -6.999999999999987566, -88.00000000000000000 ) ) ;
#1008 = ADVANCED_FACE ( 'NONE', ( #900 ), #769, .F. ) ;
#1009 = FACE_OUTER_BOUND ( 'NONE', #1366, .T. ) ;
#1010 = DIRECTION ( 'NONE',  ( 1.000000000000000000, -0.000000000000000000, -0.000000000000000000 ) ) ;
#1011 = ORIENTED_EDGE ( 'NONE', *, *, #1628, .F. ) ;
#1012 = LINE ( 'NONE', #1131, #1708 ) ;
#1013 = CARTESIAN_POINT ( 'NONE',  ( 2.020667218593133741E-16, -10.09999999999999964, -128.9999999999999432 ) ) ;
#1014 = PLANE ( 'NONE',  #277 ) ;
#1015 = DIRECTION ( 'NONE',  ( -1.000000000000000000, -0.000000000000000000, -0.000000000000000000 ) ) ;
#1016 = VERTEX_POINT ( 'NONE', #1044 ) ;
#1017 = EDGE_CURVE ( 'NONE', #741, #688, #910, .T. ) ;
#1018 = DIRECTION ( 'NONE',  ( -1.000000000000000000, -0.000000000000000000, 0.000000000000000000 ) ) ;
#1019 = FACE_OUTER_BOUND ( 'NONE', #808, .T. ) ;
#1020 = CARTESIAN_POINT ( 'NONE',  ( -16.00000000000000000, -3.903127820947815962E-15, 89.00000000000000000 ) ) ;
#1021 = ORIENTED_EDGE ( 'NONE', *, *, #261, .T. ) ;
#1022 = EDGE_LOOP ( 'NONE', ( #796, #1358 ) ) ;
#1023 = CYLINDRICAL_SURFACE ( 'NONE', #1646, 1.000000000000000888 ) ;
#1024 = DIRECTION ( 'NONE',  ( -1.000000000000000000, 0.000000000000000000, 0.000000000000000000 ) ) ;
#1025 = EDGE_CURVE ( 'NONE', #147, #1198, #829, .T. ) ;
#1026 = EDGE_LOOP ( 'NONE', ( #46, #849, #187, #1542 ) ) ;
#1027 = CARTESIAN_POINT ( 'NONE',  ( 0.000000000000000000, -2.000000000000001776, -140.0000000000000000 ) ) ;
#1028 = EDGE_CURVE ( 'NONE', #1558, #1713, #687, .T. ) ;
#1029 = AXIS2_PLACEMENT_3D ( 'NONE', #430, #1111, #296 ) ;
#1030 = AXIS2_PLACEMENT_3D ( 'NONE', #109, #1048, #230 ) ;
#1031 = DIRECTION ( 'NONE',  ( -1.000000000000000000, -1.224646799147353207E-16, 0.000000000000000000 ) ) ;
#1032 = ORIENTED_EDGE ( 'NONE', *, *, #8, .F. ) ;
#1033 = FILL_AREA_STYLE_COLOUR ( '', #1476 ) ;
#1034 = CARTESIAN_POINT ( 'NONE',  ( 1.000000000000001110, 1.508823545639750717E-32, -87.00000000000002842 ) ) ;
#1035 = AXIS2_PLACEMENT_3D ( 'NONE', #98, #644, #502 ) ;
#1036 = LINE ( 'NONE', #99, #977 ) ;
#1037 = AXIS2_PLACEMENT_3D ( 'NONE', #828, #673, #1378 ) ;
#1038 = EDGE_LOOP ( 'NONE', ( #698, #566, #549, #333 ) ) ;
#1039 = CIRCLE ( 'NONE', #1273, 4.000000000000003553 ) ;
#1040 = CARTESIAN_POINT ( 'NONE',  ( -11.00000000000000000, 1.999999999999998668, -89.00000000000000000 ) ) ;
#1041 = ADVANCED_FACE ( 'NONE', ( #1360 ), #146, .T. ) ;
#1042 = DIRECTION ( 'NONE',  ( 0.000000000000000000, 0.000000000000000000, 1.000000000000000000 ) ) ;
#1043 = CIRCLE ( 'NONE', #513, 1.000000000000000000 ) ;
#1044 = CARTESIAN_POINT ( 'NONE',  ( 2.020667218593133741E-16, -10.09999999999999964, -131.2499999999999432 ) ) ;
#1045 = ORIENTED_EDGE ( 'NONE', *, *, #541, .T. ) ;
#1046 = DIRECTION ( 'NONE',  ( 1.000000000000000000, 1.224646799147353454E-16, 0.000000000000000000 ) ) ;
#1047 = DIRECTION ( 'NONE',  ( 0.000000000000000000, 0.000000000000000000, 1.000000000000000000 ) ) ;
#1048 = DIRECTION ( 'NONE',  ( 0.000000000000000000, 0.000000000000000000, 1.000000000000000000 ) ) ;
#1049 = FACE_OUTER_BOUND ( 'NONE', #625, .T. ) ;
#1050 = VERTEX_POINT ( 'NONE', #1475 ) ;
#1051 = EDGE_CURVE ( 'NONE', #858, #1680, #259, .T. ) ;
#1052 = LINE ( 'NONE', #256, #1741 ) ;
#1053 = EDGE_CURVE ( 'NONE', #1612, #1112, #393, .T. ) ;
#1054 = EDGE_LOOP ( 'NONE', ( #1687, #779, #653, #311 ) ) ;
#1055 = CARTESIAN_POINT ( 'NONE',  ( 1.000000000000022427, 1.224646799147352714E-16, 87.00000000000002842 ) ) ;
#1056 = DIRECTION ( 'NONE',  ( 1.000000000000000000, -3.469446951953610245E-15, -4.395556403973672374E-31 ) ) ;
#1057 = VERTEX_POINT ( 'NONE', #380 ) ;
#1058 = VECTOR ( 'NONE', #1255, 1000.000000000000000 ) ;
#1059 = CARTESIAN_POINT ( 'NONE',  ( -16.00000000000000000, -2.000000000000005773, 89.00000000000000000 ) ) ;
#1060 = ORIENTED_EDGE ( 'NONE', *, *, #225, .F. ) ;
#1061 = VECTOR ( 'NONE', #62, 1000.000000000000000 ) ;
#1062 = LINE ( 'NONE', #1074, #711 ) ;
#1063 = ORIENTED_EDGE ( 'NONE', *, *, #432, .F. ) ;
#1064 = ORIENTED_EDGE ( 'NONE', *, *, #785, .T. ) ;
#1065 =( LENGTH_UNIT ( ) NAMED_UNIT ( * ) SI_UNIT ( .MILLI., .METRE. ) );
#1066 = EDGE_CURVE ( 'NONE', #197, #264, #1062, .T. ) ;
#1067 = DIRECTION ( 'NONE',  ( 0.000000000000000000, 0.000000000000000000, 1.000000000000000000 ) ) ;
#1068 = CIRCLE ( 'NONE', #307, 0.9999999999999991118 ) ;
#1069 = PLANE ( 'NONE',  #386 ) ;
#1070 = ORIENTED_EDGE ( 'NONE', *, *, #183, .T. ) ;
#1071 = DIRECTION ( 'NONE',  ( -1.000000000000000000, 0.000000000000000000, 0.000000000000000000 ) ) ;
#1072 = ORIENTED_EDGE ( 'NONE', *, *, #1006, .F. ) ;
#1073 = AXIS2_PLACEMENT_3D ( 'NONE', #1013, #1288, #75 ) ;
#1074 = CARTESIAN_POINT ( 'NONE',  ( -16.00000000000000000, -18.00099999999999767, -89.00000000000000000 ) ) ;
#1075 = VECTOR ( 'NONE', #217, 1000.000000000000000 ) ;
#1076 = ADVANCED_FACE ( 'NONE', ( #930 ), #1189, .T. ) ;
#1077 = CARTESIAN_POINT ( 'NONE',  ( -11.99999999999999822, 0.000000000000000000, -90.00000000000000000 ) ) ;
#1078 = ORIENTED_EDGE ( 'NONE', *, *, #1196, .F. ) ;
#1079 = CYLINDRICAL_SURFACE ( 'NONE', #441, 1.000000000000000888 ) ;
#1080 = VERTEX_POINT ( 'NONE', #263 ) ;
#1081 = PLANE ( 'NONE',  #1418 ) ;
#1082 = ORIENTED_EDGE ( 'NONE', *, *, #604, .T. ) ;
#1083 = CARTESIAN_POINT ( 'NONE',  ( -11.00000000000000711, 1.999999999999998668, -140.0000000000000000 ) ) ;
#1084 = LINE ( 'NONE', #1648, #503 ) ;
#1085 = EDGE_CURVE ( 'NONE', #605, #95, #279, .T. ) ;
#1086 = ORIENTED_EDGE ( 'NONE', *, *, #649, .F. ) ;
#1087 = DIRECTION ( 'NONE',  ( -0.000000000000000000, -0.000000000000000000, -1.000000000000000000 ) ) ;
#1088 = EDGE_CURVE ( 'NONE', #895, #392, #1644, .T. ) ;
#1089 = DIRECTION ( 'NONE',  ( 0.000000000000000000, 0.000000000000000000, -1.000000000000000000 ) ) ;
#1090 = ORIENTED_EDGE ( 'NONE', *, *, #261, .F. ) ;
#1091 = DIRECTION ( 'NONE',  ( -1.000000000000000000, 0.000000000000000000, 0.000000000000000000 ) ) ;
#1092 = LINE ( 'NONE', #552, #963 ) ;
#1093 = CARTESIAN_POINT ( 'NONE',  ( -2.000000000000000444, 0.000000000000000000, 89.00000000000001421 ) ) ;
#1094 = ORIENTED_EDGE ( 'NONE', *, *, #770, .F. ) ;
#1095 = LINE ( 'NONE', #699, #1552 ) ;
#1096 = AXIS2_PLACEMENT_3D ( 'NONE', #1571, #885, #451 ) ;
#1097 = DIRECTION ( 'NONE',  ( 1.000000000000000000, 0.000000000000000000, 0.000000000000000000 ) ) ;
#1098 = ADVANCED_FACE ( 'NONE', ( #1742 ), #5, .F. ) ;
#1099 = CARTESIAN_POINT ( 'NONE',  ( -2.000000000000000444, 0.000000000000000000, -88.00000000000002842 ) ) ;
#1100 = VERTEX_POINT ( 'NONE', #522 ) ;
#1101 = AXIS2_PLACEMENT_3D ( 'NONE', #424, #274, #1507 ) ;
#1102 = SURFACE_STYLE_USAGE ( .BOTH. , #1227 ) ;
#1103 = DIRECTION ( 'NONE',  ( 1.000000000000000000, -3.369016658928398602E-15, 2.858008893365642749E-32 ) ) ;
#1104 = ORIENTED_EDGE ( 'NONE', *, *, #432, .T. ) ;
#1105 = CARTESIAN_POINT ( 'NONE',  ( 2.000000000000000000, -18.00000000000000000, 91.00000000000001421 ) ) ;
#1106 = DIRECTION ( 'NONE',  ( -1.000000000000000000, 0.000000000000000000, 0.000000000000000000 ) ) ;
#1107 = EDGE_CURVE ( 'NONE', #688, #920, #1052, .T. ) ;
#1108 = DIRECTION ( 'NONE',  ( 0.000000000000000000, -0.000000000000000000, 1.000000000000000000 ) ) ;
#1109 = DIRECTION ( 'NONE',  ( -0.000000000000000000, -0.000000000000000000, -1.000000000000000000 ) ) ;
#1110 = ORIENTED_EDGE ( 'NONE', *, *, #372, .F. ) ;
#1111 = DIRECTION ( 'NONE',  ( -1.000000000000000000, 0.000000000000000000, 0.000000000000000000 ) ) ;
#1112 = VERTEX_POINT ( 'NONE', #402 ) ;
#1113 = UNCERTAINTY_MEASURE_WITH_UNIT (LENGTH_MEASURE( 1.000000000000000082E-05 ), #524, 'distance_accuracy_value', 'NONE');
#1114 = LINE ( 'NONE', #1083, #540 ) ;
#1115 = EDGE_CURVE ( 'NONE', #392, #551, #1600, .T. ) ;
#1116 = DIRECTION ( 'NONE',  ( -1.224646799147353207E-16, 1.000000000000000000, -0.000000000000000000 ) ) ;
#1117 = CARTESIAN_POINT ( 'NONE',  ( 1.000000000000000666, 2.000000000000000000, -88.00000000000002842 ) ) ;
#1118 = AXIS2_PLACEMENT_3D ( 'NONE', #226, #76, #640 ) ;
#1119 = CIRCLE ( 'NONE', #1444, 2.250000000000001776 ) ;
#1120 = ORIENTED_EDGE ( 'NONE', *, *, #339, .F. ) ;
#1121 = DIRECTION ( 'NONE',  ( -1.000000000000000000, 1.734723475976807094E-15, 0.000000000000000000 ) ) ;
#1122 = VECTOR ( 'NONE', #525, 1000.000000000000000 ) ;
#1123 = AXIS2_PLACEMENT_3D ( 'NONE', #23, #1740, #817 ) ;
#1124 = DIRECTION ( 'NONE',  ( 3.469446951953614189E-15, 1.000000000000000000, 0.000000000000000000 ) ) ;
#1125 = AXIS2_PLACEMENT_3D ( 'NONE', #50, #753, #1270 ) ;
#1126 = FACE_OUTER_BOUND ( 'NONE', #916, .T. ) ;
#1127 = LINE ( 'NONE', #204, #388 ) ;
#1128 = CYLINDRICAL_SURFACE ( 'NONE', #2, 4.000000000000000000 ) ;
#1129 = EDGE_CURVE ( 'NONE', #915, #591, #550, .T. ) ;
#1130 = VERTEX_POINT ( 'NONE', #1342 ) ;
#1131 = CARTESIAN_POINT ( 'NONE',  ( 2.243116975486476759E-14, 2.000000000000001776, 88.00000000000002842 ) ) ;
#1132 = ADVANCED_FACE ( 'NONE', ( #810 ), #1081, .T. ) ;
#1133 = EDGE_LOOP ( 'NONE', ( #238, #571, #936, #54, #1632, #1640, #997, #815, #1136, #1219, #397, #1599, #416, #716, #1743, #1445, #1565, #291, #64, #971, #1267, #15 ) ) ;
#1134 = CARTESIAN_POINT ( 'NONE',  ( -10.00000000000000533, -18.00100000000000122, 139.0000000000000000 ) ) ;
#1135 = FACE_OUTER_BOUND ( 'NONE', #295, .T. ) ;
#1136 = ORIENTED_EDGE ( 'NONE', *, *, #1025, .T. ) ;
#1137 = FACE_OUTER_BOUND ( 'NONE', #911, .T. ) ;
#1138 = ADVANCED_FACE ( 'NONE', ( #819 ), #154, .F. ) ;
#1139 = EDGE_CURVE ( 'NONE', #1683, #1005, #448, .T. ) ;
#1140 = CARTESIAN_POINT ( 'NONE',  ( 0.000000000000000000, -16.99999999999999645, 90.00000000000001421 ) ) ;
#1141 = FACE_OUTER_BOUND ( 'NONE', #1734, .T. ) ;
#1142 = DIRECTION ( 'NONE',  ( 1.224646799147353207E-16, -1.000000000000000000, -0.000000000000000000 ) ) ;
#1143 = ORIENTED_EDGE ( 'NONE', *, *, #592, .T. ) ;
#1144 = FACE_OUTER_BOUND ( 'NONE', #434, .T. ) ;
#1145 = CIRCLE ( 'NONE', #385, 1.000000000000000666 ) ;
#1146 = VECTOR ( 'NONE', #857, 1000.000000000000000 ) ;
#1147 = CARTESIAN_POINT ( 'NONE',  ( 2.000000000000000444, -176.0454486773231224, -88.00000000000002842 ) ) ;
#1148 = CIRCLE ( 'NONE', #1073, 2.250000000000001776 ) ;
#1149 = DIRECTION ( 'NONE',  ( 0.000000000000000000, 0.000000000000000000, -1.000000000000000000 ) ) ;
#1150 = FACE_OUTER_BOUND ( 'NONE', #1499, .T. ) ;
#1151 = CIRCLE ( 'NONE', #1677, 1.000000000000000888 ) ;
#1152 = LINE ( 'NONE', #53, #923 ) ;
#1153 = ORIENTED_EDGE ( 'NONE', *, *, #838, .T. ) ;
#1154 = DIRECTION ( 'NONE',  ( 1.000000000000000000, 0.000000000000000000, -0.000000000000000000 ) ) ;
#1155 = VERTEX_POINT ( 'NONE', #24 ) ;
#1156 = CARTESIAN_POINT ( 'NONE',  ( -10.00000000000000711, -1.224646799147354243E-15, -140.0000000000000000 ) ) ;
#1157 = ADVANCED_FACE ( 'NONE', ( #973 ), #565, .T. ) ;
#1158 = PLANE ( 'NONE',  #57 ) ;
#1159 = EDGE_LOOP ( 'NONE', ( #124, #1316, #1011, #159 ) ) ;
#1160 = FACE_OUTER_BOUND ( 'NONE', #1595, .T. ) ;
#1161 = DIRECTION ( 'NONE',  ( 1.224646799147353207E-16, -1.000000000000000000, 0.000000000000000000 ) ) ;
#1162 = LINE ( 'NONE', #188, #1670 ) ;
#1163 = CARTESIAN_POINT ( 'NONE',  ( 0.000000000000000000, -18.00000000000000000, 139.0000000000000000 ) ) ;
#1164 = DIRECTION ( 'NONE',  ( 1.000000000000000000, 1.224646799147353454E-16, 0.000000000000000000 ) ) ;
#1165 = ORIENTED_EDGE ( 'NONE', *, *, #1187, .T. ) ;
#1166 = DIRECTION ( 'NONE',  ( 1.000000000000000000, 1.224646799147353207E-16, 0.000000000000000000 ) ) ;
#1167 = EDGE_CURVE ( 'NONE', #1050, #250, #168, .T. ) ;
#1168 = CARTESIAN_POINT ( 'NONE',  ( -2.000000000000000000, -2.000000000000000888, 140.0000000000000000 ) ) ;
#1169 = VERTEX_POINT ( 'NONE', #1099 ) ;
#1170 = DIRECTION ( 'NONE',  ( 1.224646799147353207E-16, -1.000000000000000000, 0.000000000000000000 ) ) ;
#1171 = FACE_OUTER_BOUND ( 'NONE', #1261, .T. ) ;
#1172 = ORIENTED_EDGE ( 'NONE', *, *, #94, .T. ) ;
#1173 = VECTOR ( 'NONE', #1441, 1000.000000000000000 ) ;
#1174 = DIRECTION ( 'NONE',  ( -1.000000000000000000, -0.000000000000000000, -0.000000000000000000 ) ) ;
#1175 = PRESENTATION_LAYER_ASSIGNMENT (  '', '', ( #478 ) ) ;
#1176 = EDGE_LOOP ( 'NONE', ( #839, #1315, #70, #142 ) ) ;
#1177 = CARTESIAN_POINT ( 'NONE',  ( -18.00000000000000355, -2.000000000000000444, -89.00000000000000000 ) ) ;
#1178 = AXIS2_PLACEMENT_3D ( 'NONE', #1134, #618, #1281 ) ;
#1179 = DIRECTION ( 'NONE',  ( -1.000000000000000000, 3.469446951953610245E-15, 4.395556403973672374E-31 ) ) ;
#1180 = PRODUCT ( 'E.FLEX_05_HMI_Halterung_oben_V1.0', 'E.FLEX_05_HMI_Halterung_oben_V1.0', '', ( #567 ) ) ;
#1181 = DIRECTION ( 'NONE',  ( -1.000000000000000000, 0.000000000000000000, 0.000000000000000000 ) ) ;
#1182 = CIRCLE ( 'NONE', #425, 1.000000000000000888 ) ;
#1183 = EDGE_CURVE ( 'NONE', #1534, #176, #1667, .T. ) ;
#1184 = VECTOR ( 'NONE', #1462, 1000.000000000000000 ) ;
#1185 = ORIENTED_EDGE ( 'NONE', *, *, #1591, .T. ) ;
#1186 = AXIS2_PLACEMENT_3D ( 'NONE', #1412, #982, #468 ) ;
#1187 = EDGE_CURVE ( 'NONE', #1675, #1567, #590, .T. ) ;
#1188 = VERTEX_POINT ( 'NONE', #1409 ) ;
#1189 = PLANE ( 'NONE',  #1474 ) ;
#1190 = ORIENTED_EDGE ( 'NONE', *, *, #372, .T. ) ;
#1191 = CARTESIAN_POINT ( 'NONE',  ( 2.000000000000000000, -16.99999999999999645, 91.00000000000001421 ) ) ;
#1192 = DIRECTION ( 'NONE',  ( -0.000000000000000000, -0.000000000000000000, -1.000000000000000000 ) ) ;
#1193 = ORIENTED_EDGE ( 'NONE', *, *, #1285, .T. ) ;
#1194 = DIRECTION ( 'NONE',  ( -1.224646799147353207E-16, 1.000000000000000000, -0.000000000000000000 ) ) ;
#1195 = ORIENTED_EDGE ( 'NONE', *, *, #770, .T. ) ;
#1196 = EDGE_CURVE ( 'NONE', #1505, #764, #33, .T. ) ;
#1197 = DIRECTION ( 'NONE',  ( 1.232047923278982199E-16, 1.508823545639749349E-32, 1.000000000000000000 ) ) ;
#1198 = VERTEX_POINT ( 'NONE', #1661 ) ;
#1199 = CARTESIAN_POINT ( 'NONE',  ( 1.000000000000022204, 2.000000000000000000, 87.00000000000002842 ) ) ;
#1200 = PLANE ( 'NONE',  #1214 ) ;
#1201 = ORIENTED_EDGE ( 'NONE', *, *, #1139, .T. ) ;
#1202 = VECTOR ( 'NONE', #166, 1000.000000000000000 ) ;
#1203 = LINE ( 'NONE', #1495, #1654 ) ;
#1204 = DIRECTION ( 'NONE',  ( -1.000000000000000000, -0.000000000000000000, 0.000000000000000000 ) ) ;
#1205 = EDGE_LOOP ( 'NONE', ( #901, #281, #1190, #1518 ) ) ;
#1206 = DIRECTION ( 'NONE',  ( 1.000000000000000000, 0.000000000000000000, 0.000000000000000000 ) ) ;
#1207 = CIRCLE ( 'NONE', #1030, 4.000000000000000000 ) ;
#1208 = ORIENTED_EDGE ( 'NONE', *, *, #1196, .T. ) ;
#1209 = EDGE_CURVE ( 'NONE', #1050, #792, #1119, .T. ) ;
#1210 = AXIS2_PLACEMENT_3D ( 'NONE', #1386, #720, #835 ) ;
#1211 = EDGE_LOOP ( 'NONE', ( #301, #1532, #760, #1538 ) ) ;
#1212 = SHAPE_DEFINITION_REPRESENTATION ( #771, #1574 ) ;
#1213 = DIRECTION ( 'NONE',  ( -1.224646799147353207E-16, 1.000000000000000000, -0.000000000000000000 ) ) ;
#1214 = AXIS2_PLACEMENT_3D ( 'NONE', #374, #1604, #1067 ) ;
#1215 = AXIS2_PLACEMENT_3D ( 'NONE', #367, #917, #251 ) ;
#1216 = APPLICATION_CONTEXT ( 'automotive_design' ) ;
#1217 = CARTESIAN_POINT ( 'NONE',  ( -11.00000000000000533, -18.00100000000000122, 140.0000000000000000 ) ) ;
#1218 = VERTEX_POINT ( 'NONE', #981 ) ;
#1219 = ORIENTED_EDGE ( 'NONE', *, *, #546, .T. ) ;
#1220 = VECTOR ( 'NONE', #1669, 1000.000000000000000 ) ;
#1221 = DIRECTION ( 'NONE',  ( 0.000000000000000000, -0.000000000000000000, 1.000000000000000000 ) ) ;
#1222 = ORIENTED_EDGE ( 'NONE', *, *, #321, .T. ) ;
#1223 = CARTESIAN_POINT ( 'NONE',  ( 0.000000000000000000, -16.99999999999999645, -139.0000000000000000 ) ) ;
#1224 = ORIENTED_EDGE ( 'NONE', *, *, #1550, .T. ) ;
#1225 = EDGE_CURVE ( 'NONE', #899, #605, #174, .T. ) ;
#1226 = DIRECTION ( 'NONE',  ( 0.000000000000000000, 0.000000000000000000, 1.000000000000000000 ) ) ;
#1227 = SURFACE_SIDE_STYLE ('',( #570 ) ) ;
#1228 = CARTESIAN_POINT ( 'NONE',  ( -2.000000000000000000, -2.000000000000000888, 140.0000000000000000 ) ) ;
#1229 = VERTEX_POINT ( 'NONE', #1253 ) ;
#1230 = CARTESIAN_POINT ( 'NONE',  ( -18.00000000000002132, -8.000000000000000000, -1.013546300570718725E-15 ) ) ;
#1231 = FACE_OUTER_BOUND ( 'NONE', #909, .T. ) ;
#1232 = ORIENTED_EDGE ( 'NONE', *, *, #282, .T. ) ;
#1233 = DIRECTION ( 'NONE',  ( 1.000000000000000000, 1.224646799147353207E-16, -1.360567432138671835E-16 ) ) ;
#1234 = DIRECTION ( 'NONE',  ( 1.000000000000000000, 0.000000000000000000, 0.000000000000000000 ) ) ;
#1235 = ADVANCED_FACE ( 'NONE', ( #1375 ), #967, .F. ) ;
#1236 = EDGE_LOOP ( 'NONE', ( #811, #1070 ) ) ;
#1237 = DIRECTION ( 'NONE',  ( 1.000000000000000000, 0.000000000000000000, -0.000000000000000000 ) ) ;
#1238 = LINE ( 'NONE', #1487, #595 ) ;
#1239 = AXIS2_PLACEMENT_3D ( 'NONE', #1660, #182, #560 ) ;
#1240 = CIRCLE ( 'NONE', #1029, 1.000000000000000888 ) ;
#1241 = DIRECTION ( 'NONE',  ( 3.469446951953614189E-15, 1.000000000000000000, 0.000000000000000000 ) ) ;
#1242 = VECTOR ( 'NONE', #358, 1000.000000000000000 ) ;
#1243 = DIRECTION ( 'NONE',  ( -1.000000000000000000, 0.000000000000000000, 0.000000000000000000 ) ) ;
#1244 =( GEOMETRIC_REPRESENTATION_CONTEXT ( 3 ) GLOBAL_UNCERTAINTY_ASSIGNED_CONTEXT ( ( #1113 ) ) GLOBAL_UNIT_ASSIGNED_CONTEXT ( ( #524, #492, #773 ) ) REPRESENTATION_CONTEXT ( 'NONE', 'WORKASPACE' ) );
#1245 = ORIENTED_EDGE ( 'NONE', *, *, #1285, .F. ) ;
#1246 = LINE ( 'NONE', #1230, #1202 ) ;
#1247 = ADVANCED_FACE ( 'NONE', ( #287 ), #1381, .T. ) ;
#1248 = AXIS2_PLACEMENT_3D ( 'NONE', #824, #1354, #140 ) ;
#1249 = VECTOR ( 'NONE', #473, 1000.000000000000000 ) ;
#1250 = EDGE_CURVE ( 'NONE', #1349, #688, #357, .T. ) ;
#1251 = LINE ( 'NONE', #34, #455 ) ;
#1252 = CARTESIAN_POINT ( 'NONE',  ( -20.00000000000002132, -6.999999999999981348, -88.00000000000000000 ) ) ;
#1253 = CARTESIAN_POINT ( 'NONE',  ( -2.000000000000000888, 2.000000000000000000, 90.00000000000001421 ) ) ;
#1254 = ORIENTED_EDGE ( 'NONE', *, *, #370, .T. ) ;
#1255 = DIRECTION ( 'NONE',  ( 1.000000000000000000, 1.734723475976806848E-16, -0.000000000000000000 ) ) ;
#1256 = LINE ( 'NONE', #1140, #1220 ) ;
#1257 = EDGE_CURVE ( 'NONE', #176, #4, #415, .T. ) ;
#1258 = CARTESIAN_POINT ( 'NONE',  ( -16.00000000000000000, 1.999999999999997780, -89.00000000000000000 ) ) ;
#1259 = ORIENTED_EDGE ( 'NONE', *, *, #1265, .F. ) ;
#1260 = DIRECTION ( 'NONE',  ( 1.000000000000000000, 1.224646799147354193E-16, 0.000000000000000000 ) ) ;
#1261 = EDGE_LOOP ( 'NONE', ( #978, #1277, #1185, #269 ) ) ;
#1262 = ADVANCED_FACE ( 'NONE', ( #825 ), #1405, .F. ) ;
#1263 = CYLINDRICAL_SURFACE ( 'NONE', #1125, 1.000000000000000000 ) ;
#1264 = AXIS2_PLACEMENT_3D ( 'NONE', #847, #45, #1121 ) ;
#1265 = EDGE_CURVE ( 'NONE', #1392, #108, #814, .T. ) ;
#1266 = LINE ( 'NONE', #756, #1242 ) ;
#1267 = ORIENTED_EDGE ( 'NONE', *, *, #1591, .F. ) ;
#1268 = CARTESIAN_POINT ( 'NONE',  ( 2.000000000000000444, -17.99999999999999645, 90.00000000000001421 ) ) ;
#1269 = VERTEX_POINT ( 'NONE', #1529 ) ;
#1270 = DIRECTION ( 'NONE',  ( 1.000000000000000000, 0.000000000000000000, 0.000000000000000000 ) ) ;
#1271 = AXIS2_PLACEMENT_3D ( 'NONE', #1733, #530, #676 ) ;
#1272 = EDGE_CURVE ( 'NONE', #74, #1339, #299, .T. ) ;
#1273 = AXIS2_PLACEMENT_3D ( 'NONE', #347, #322, #87 ) ;
#1274 = CARTESIAN_POINT ( 'NONE',  ( 8.673617379884035472E-16, 2.000000000000000000, -88.00000000000002842 ) ) ;
#1275 = CARTESIAN_POINT ( 'NONE',  ( 2.000000000000000000, -18.00000000000000000, 140.0000000000000000 ) ) ;
#1276 = EDGE_CURVE ( 'NONE', #915, #669, #249, .T. ) ;
#1277 = ORIENTED_EDGE ( 'NONE', *, *, #1053, .T. ) ;
#1278 = CARTESIAN_POINT ( 'NONE',  ( 2.000000000000000444, -16.99999999999999645, -90.00000000000001421 ) ) ;
#1279 = ORIENTED_EDGE ( 'NONE', *, *, #1209, .F. ) ;
#1280 = FACE_OUTER_BOUND ( 'NONE', #1159, .T. ) ;
#1281 = DIRECTION ( 'NONE',  ( 1.000000000000000000, 0.000000000000000000, 0.000000000000000000 ) ) ;
#1282 = CARTESIAN_POINT ( 'NONE',  ( -2.000000000000000888, -16.99999999999999645, -139.0000000000000000 ) ) ;
#1283 = ORIENTED_EDGE ( 'NONE', *, *, #596, .T. ) ;
#1284 = DIRECTION ( 'NONE',  ( -1.000000000000000000, 0.000000000000000000, 0.000000000000000000 ) ) ;
#1285 = EDGE_CURVE ( 'NONE', #1269, #955, #1084, .T. ) ;
#1286 = VECTOR ( 'NONE', #290, 1000.000000000000000 ) ;
#1287 = PLANE ( 'NONE',  #310 ) ;
#1288 = DIRECTION ( 'NONE',  ( -1.000000000000000000, -0.000000000000000000, -0.000000000000000000 ) ) ;
#1289 = FACE_OUTER_BOUND ( 'NONE', #373, .T. ) ;
#1290 = PLANE ( 'NONE',  #1560 ) ;
#1291 = LINE ( 'NONE', #983, #1333 ) ;
#1292 = DIRECTION ( 'NONE',  ( 0.000000000000000000, 0.000000000000000000, 1.000000000000000000 ) ) ;
#1293 = VECTOR ( 'NONE', #854, 1000.000000000000000 ) ;
#1294 = VERTEX_POINT ( 'NONE', #440 ) ;
#1295 = EDGE_CURVE ( 'NONE', #103, #1706, #976, .T. ) ;
#1296 = VECTOR ( 'NONE', #332, 1000.000000000000000 ) ;
#1297 = CARTESIAN_POINT ( 'NONE',  ( -10.99999999999999822, -18.00100000000000122, -89.00000000000000000 ) ) ;
#1298 = ORIENTED_EDGE ( 'NONE', *, *, #484, .T. ) ;
#1299 = VECTOR ( 'NONE', #460, 1000.000000000000000 ) ;
#1300 = LINE ( 'NONE', #752, #1442 ) ;
#1301 = DIRECTION ( 'NONE',  ( 1.000000000000000000, 0.000000000000000000, -0.000000000000000000 ) ) ;
#1302 = CIRCLE ( 'NONE', #1719, 2.250000000000001776 ) ;
#1303 = CARTESIAN_POINT ( 'NONE',  ( 0.000000000000000000, -2.000000000000001776, 140.0000000000000000 ) ) ;
#1304 = PLANE ( 'NONE',  #476 ) ;
#1305 = CARTESIAN_POINT ( 'NONE',  ( -17.99999999999999645, 2.096566112333644658E-13, -89.00000000000000000 ) ) ;
#1306 = ORIENTED_EDGE ( 'NONE', *, *, #892, .T. ) ;
#1307 = LINE ( 'NONE', #1303, #1299 ) ;
#1308 = DIRECTION ( 'NONE',  ( 0.000000000000000000, 0.000000000000000000, 1.000000000000000000 ) ) ;
#1309 =( LENGTH_UNIT ( ) NAMED_UNIT ( * ) SI_UNIT ( .MILLI., .METRE. ) );
#1310 = ADVANCED_FACE ( 'NONE', ( #493 ), #739, .T. ) ;
#1311 = ORIENTED_EDGE ( 'NONE', *, *, #1295, .T. ) ;
#1312 = DIRECTION ( 'NONE',  ( 1.224646799147353207E-16, -1.000000000000000000, 0.000000000000000000 ) ) ;
#1313 = ORIENTED_EDGE ( 'NONE', *, *, #284, .F. ) ;
#1314 = DIRECTION ( 'NONE',  ( -1.000000000000000000, 0.000000000000000000, 0.000000000000000000 ) ) ;
#1315 = ORIENTED_EDGE ( 'NONE', *, *, #596, .F. ) ;
#1316 = ORIENTED_EDGE ( 'NONE', *, *, #1401, .T. ) ;
#1317 = ORIENTED_EDGE ( 'NONE', *, *, #1519, .T. ) ;
#1318 = ADVANCED_FACE ( 'NONE', ( #1686 ), #324, .T. ) ;
#1319 = CARTESIAN_POINT ( 'NONE',  ( -2.000000000000000444, 0.000000000000000000, -89.00000000000002842 ) ) ;
#1320 = CARTESIAN_POINT ( 'NONE',  ( 0.000000000000000000, -18.00000000000000000, 90.00000000000001421 ) ) ;
#1321 = CARTESIAN_POINT ( 'NONE',  ( 0.000000000000000000, -10.09999999999999964, -126.7499999999999432 ) ) ;
#1322 = DIRECTION ( 'NONE',  ( 3.469446951953610245E-15, 1.000000000000000000, 0.000000000000000000 ) ) ;
#1323 = ORIENTED_EDGE ( 'NONE', *, *, #1272, .F. ) ;
#1324 = CARTESIAN_POINT ( 'NONE',  ( 2.020667218593133741E-16, -10.09999999999999964, 126.7500000000001137 ) ) ;
#1325 = ORIENTED_EDGE ( 'NONE', *, *, #795, .F. ) ;
#1326 = VECTOR ( 'NONE', #38, 1000.000000000000000 ) ;
#1327 = DIRECTION ( 'NONE',  ( 1.000000000000000000, 1.224646799147353207E-16, 0.000000000000000000 ) ) ;
#1328 = VECTOR ( 'NONE', #1332, 1000.000000000000000 ) ;
#1329 = ORIENTED_EDGE ( 'NONE', *, *, #32, .T. ) ;
#1330 = SURFACE_STYLE_USAGE ( .BOTH. , #1478 ) ;
#1331 = PLANE ( 'NONE',  #1422 ) ;
#1332 = DIRECTION ( 'NONE',  ( -1.000000000000000000, 0.000000000000000000, 0.000000000000000000 ) ) ;
#1333 = VECTOR ( 'NONE', #607, 1000.000000000000000 ) ;
#1334 = DIRECTION ( 'NONE',  ( -1.000000000000000000, 0.000000000000000000, 0.000000000000000000 ) ) ;
#1335 = ADVANCED_FACE ( 'NONE', ( #1416 ), #219, .F. ) ;
#1336 = AXIS2_PLACEMENT_3D ( 'NONE', #35, #1108, #1663 ) ;
#1337 = DIRECTION ( 'NONE',  ( -1.224646799147353207E-16, 1.000000000000000000, -0.000000000000000000 ) ) ;
#1338 = EDGE_CURVE ( 'NONE', #1112, #1558, #27, .T. ) ;
#1339 = VERTEX_POINT ( 'NONE', #60 ) ;
#1340 = CARTESIAN_POINT ( 'NONE',  ( -11.99999999999999822, -1.224646799147352221E-16, -89.00000000000000000 ) ) ;
#1341 = ORIENTED_EDGE ( 'NONE', *, *, #205, .T. ) ;
#1342 = CARTESIAN_POINT ( 'NONE',  ( -11.00000000000000000, 8.331072753963792621E-31, -90.00000000000000000 ) ) ;
#1343 = ORIENTED_EDGE ( 'NONE', *, *, #84, .T. ) ;
#1344 = ORIENTED_EDGE ( 'NONE', *, *, #677, .T. ) ;
#1345 = ADVANCED_FACE ( 'NONE', ( #1019 ), #1701, .T. ) ;
#1346 = CARTESIAN_POINT ( 'NONE',  ( 2.000000000000000000, -16.99999999999999645, 139.0000000000000000 ) ) ;
#1347 = ORIENTED_EDGE ( 'NONE', *, *, #947, .F. ) ;
#1348 = DIRECTION ( 'NONE',  ( 0.000000000000000000, -1.000000000000000000, 0.000000000000000000 ) ) ;
#1349 = VERTEX_POINT ( 'NONE', #601 ) ;
#1350 = VERTEX_POINT ( 'NONE', #1426 ) ;
#1351 = DIRECTION ( 'NONE',  ( 1.224646799147353207E-16, -1.000000000000000000, -0.000000000000000000 ) ) ;
#1352 = FACE_OUTER_BOUND ( 'NONE', #712, .T. ) ;
#1353 = DIRECTION ( 'NONE',  ( 0.000000000000000000, 0.000000000000000000, -1.000000000000000000 ) ) ;
#1354 = DIRECTION ( 'NONE',  ( -1.224646799147353207E-16, 1.000000000000000000, -0.000000000000000000 ) ) ;
#1355 = CARTESIAN_POINT ( 'NONE',  ( -11.00000000000000711, 0.000000000000000000, -140.0000000000000000 ) ) ;
#1356 = ORIENTED_EDGE ( 'NONE', *, *, #1209, .T. ) ;
#1357 = LINE ( 'NONE', #271, #821 ) ;
#1358 = ORIENTED_EDGE ( 'NONE', *, *, #205, .F. ) ;
#1359 = EDGE_CURVE ( 'NONE', #605, #1349, #594, .T. ) ;
#1360 = FACE_OUTER_BOUND ( 'NONE', #642, .T. ) ;
#1361 = ORIENTED_EDGE ( 'NONE', *, *, #1732, .T. ) ;
#1362 = EDGE_CURVE ( 'NONE', #945, #1, #1266, .T. ) ;
#1363 = UNCERTAINTY_MEASURE_WITH_UNIT (LENGTH_MEASURE( 1.000000000000000082E-05 ), #1309, 'distance_accuracy_value', 'NONE');
#1364 = DIRECTION ( 'NONE',  ( -1.224646799147353207E-16, 1.000000000000000000, 0.000000000000000000 ) ) ;
#1365 = CIRCLE ( 'NONE', #1215, 0.9999999999999991118 ) ;
#1366 = EDGE_LOOP ( 'NONE', ( #131, #479, #396, #1306 ) ) ;
#1367 = CARTESIAN_POINT ( 'NONE',  ( 0.000000000000000000, -16.99999999999999645, -140.0000000000000000 ) ) ;
#1368 = CIRCLE ( 'NONE', #510, 2.250000000000001776 ) ;
#1369 = CARTESIAN_POINT ( 'NONE',  ( -2.000000000000000888, 1.999999999999999556, 140.0000000000000000 ) ) ;
#1370 = ORIENTED_EDGE ( 'NONE', *, *, #1425, .T. ) ;
#1371 = DIRECTION ( 'NONE',  ( 1.224646799147353207E-16, -1.000000000000000000, 0.000000000000000000 ) ) ;
#1372 = AXIS2_PLACEMENT_3D ( 'NONE', #1007, #1562, #1124 ) ;
#1373 = ORIENTED_EDGE ( 'NONE', *, *, #1550, .F. ) ;
#1374 = ADVANCED_FACE ( 'NONE', ( #993, #724 ), #1304, .T. ) ;
#1375 = FACE_OUTER_BOUND ( 'NONE', #1588, .T. ) ;
#1376 = ORIENTED_EDGE ( 'NONE', *, *, #32, .F. ) ;
#1377 = LINE ( 'NONE', #1526, #300 ) ;
#1378 = DIRECTION ( 'NONE',  ( 1.000000000000000000, 0.000000000000000000, 0.000000000000000000 ) ) ;
#1379 = CARTESIAN_POINT ( 'NONE',  ( 1.000000000000000888, 0.000000000000000000, -88.00000000000002842 ) ) ;
#1380 = ADVANCED_FACE ( 'NONE', ( #1135 ), #90, .T. ) ;
#1381 = CYLINDRICAL_SURFACE ( 'NONE', #645, 1.000000000000000000 ) ;
#1382 = EDGE_CURVE ( 'NONE', #227, #197, #1127, .T. ) ;
#1383 = VERTEX_POINT ( 'NONE', #80 ) ;
#1384 = CARTESIAN_POINT ( 'NONE',  ( -10.00000000000000711, 1.999999999999998224, -140.0000000000000000 ) ) ;
#1385 = CIRCLE ( 'NONE', #611, 0.9999999999999991118 ) ;
#1386 = CARTESIAN_POINT ( 'NONE',  ( 2.000000000000000000, -16.99999999999999645, -91.00000000000002842 ) ) ;
#1387 = CIRCLE ( 'NONE', #585, 2.000000000000001776 ) ;
#1388 = ORIENTED_EDGE ( 'NONE', *, *, #234, .T. ) ;
#1389 = AXIS2_PLACEMENT_3D ( 'NONE', #1443, #1566, #71 ) ;
#1390 = DIRECTION ( 'NONE',  ( 0.000000000000000000, 0.000000000000000000, 1.000000000000000000 ) ) ;
#1391 = AXIS2_PLACEMENT_3D ( 'NONE', #1223, #1091, #136 ) ;
#1392 = VERTEX_POINT ( 'NONE', #1704 ) ;
#1393 = LINE ( 'NONE', #1651, #246 ) ;
#1394 = EDGE_CURVE ( 'NONE', #1683, #741, #1152, .T. ) ;
#1395 = CARTESIAN_POINT ( 'NONE',  ( -2.000000000000000888, -176.0454486773231224, -88.00000000000002842 ) ) ;
#1396 = CIRCLE ( 'NONE', #1620, 2.250000000000001776 ) ;
#1397 = CARTESIAN_POINT ( 'NONE',  ( 0.000000000000000000, -18.00000000000000000, 140.0000000000000000 ) ) ;
#1398 = DIRECTION ( 'NONE',  ( -1.000000000000000000, 0.000000000000000000, 0.000000000000000000 ) ) ;
#1399 = ORIENTED_EDGE ( 'NONE', *, *, #1139, .F. ) ;
#1400 = CARTESIAN_POINT ( 'NONE',  ( 2.255140518769849223E-14, -2.449293598294652673E-16, 88.00000000000002842 ) ) ;
#1401 = EDGE_CURVE ( 'NONE', #1100, #918, #608, .T. ) ;
#1402 = CARTESIAN_POINT ( 'NONE',  ( 0.000000000000000000, -10.09999999999999964, 131.2500000000001137 ) ) ;
#1403 = DIRECTION ( 'NONE',  ( -1.000000000000000000, -0.000000000000000000, 0.000000000000000000 ) ) ;
#1404 = CARTESIAN_POINT ( 'NONE',  ( -3.000000000000001776, 1.999999999999999556, -89.00000000000002842 ) ) ;
#1405 = CYLINDRICAL_SURFACE ( 'NONE', #1582, 2.250000000000001776 ) ;
#1406 = ORIENTED_EDGE ( 'NONE', *, *, #1167, .T. ) ;
#1407 = CARTESIAN_POINT ( 'NONE',  ( 2.000000000000000000, -10.09999999999999964, 126.7500000000001137 ) ) ;
#1408 = ORIENTED_EDGE ( 'NONE', *, *, #1183, .T. ) ;
#1409 = CARTESIAN_POINT ( 'NONE',  ( -20.00000000000002487, -8.000000000000003553, 88.00000000000000000 ) ) ;
#1410 = EDGE_CURVE ( 'NONE', #95, #1350, #1690, .T. ) ;
#1411 = DIRECTION ( 'NONE',  ( -0.000000000000000000, 1.000000000000000000, -0.000000000000000000 ) ) ;
#1412 = CARTESIAN_POINT ( 'NONE',  ( 2.000000000000000444, -17.99999999999999645, 90.00000000000001421 ) ) ;
#1413 = EDGE_CURVE ( 'NONE', #1680, #636, #1564, .T. ) ;
#1414 = VECTOR ( 'NONE', #1420, 1000.000000000000000 ) ;
#1415 = CARTESIAN_POINT ( 'NONE',  ( 2.000000000000000000, -10.09999999999999964, -128.9999999999999432 ) ) ;
#1416 = FACE_OUTER_BOUND ( 'NONE', #1576, .T. ) ;
#1417 = AXIS2_PLACEMENT_3D ( 'NONE', #1429, #207, #1284 ) ;
#1418 = AXIS2_PLACEMENT_3D ( 'NONE', #1503, #1633, #283 ) ;
#1419 = ORIENTED_EDGE ( 'NONE', *, *, #1394, .T. ) ;
#1420 = DIRECTION ( 'NONE',  ( -0.000000000000000000, -0.000000000000000000, -1.000000000000000000 ) ) ;
#1421 = AXIS2_PLACEMENT_3D ( 'NONE', #1191, #1587, #902 ) ;
#1422 = AXIS2_PLACEMENT_3D ( 'NONE', #633, #659, #1166 ) ;
#1423 = ORIENTED_EDGE ( 'NONE', *, *, #921, .F. ) ;
#1424 = VECTOR ( 'NONE', #781, 1000.000000000000000 ) ;
#1425 = EDGE_CURVE ( 'NONE', #1693, #1567, #504, .T. ) ;
#1426 = CARTESIAN_POINT ( 'NONE',  ( 2.000000000000000000, -18.00000000000000000, -139.0000000000000000 ) ) ;
#1427 = VECTOR ( 'NONE', #672, 1000.000000000000000 ) ;
#1428 = EDGE_LOOP ( 'NONE', ( #319, #1343, #826, #413 ) ) ;
#1429 = CARTESIAN_POINT ( 'NONE',  ( -2.000000000000000000, -2.000000000000000888, -90.00000000000002842 ) ) ;
#1430 = LINE ( 'NONE', #83, #898 ) ;
#1431 = ORIENTED_EDGE ( 'NONE', *, *, #1638, .F. ) ;
#1432 = DIRECTION ( 'NONE',  ( 1.224646799147353207E-16, -1.000000000000000000, -0.000000000000000000 ) ) ;
#1433 = CYLINDRICAL_SURFACE ( 'NONE', #845, 2.250000000000001776 ) ;
#1434 = DIRECTION ( 'NONE',  ( -1.000000000000000000, -1.224646799147353207E-16, 0.000000000000000000 ) ) ;
#1435 = CARTESIAN_POINT ( 'NONE',  ( 2.000000000000000000, -18.00000000000000000, 140.0000000000000000 ) ) ;
#1436 = ADVANCED_FACE ( 'NONE', ( #660, #237 ), #1200, .F. ) ;
#1437 = VERTEX_POINT ( 'NONE', #543 ) ;
#1438 = LINE ( 'NONE', #326, #1061 ) ;
#1439 = LINE ( 'NONE', #184, #1075 ) ;
#1440 = CARTESIAN_POINT ( 'NONE',  ( -2.000000000000000444, -2.449293598294706907E-16, 140.0000000000000000 ) ) ;
#1441 = DIRECTION ( 'NONE',  ( 0.000000000000000000, 1.000000000000000000, 0.000000000000000000 ) ) ;
#1442 = VECTOR ( 'NONE', #1031, 1000.000000000000000 ) ;
#1443 = CARTESIAN_POINT ( 'NONE',  ( -1.999999999999998224, -18.00100000000000122, -89.00000000000002842 ) ) ;
#1444 = AXIS2_PLACEMENT_3D ( 'NONE', #436, #179, #581 ) ;
#1445 = ORIENTED_EDGE ( 'NONE', *, *, #164, .T. ) ;
#1446 = EDGE_CURVE ( 'NONE', #1218, #1383, #1616, .T. ) ;
#1447 = VECTOR ( 'NONE', #515, 1000.000000000000000 ) ;
#1448 = VECTOR ( 'NONE', #1434, 1000.000000000000000 ) ;
#1449 = DIRECTION ( 'NONE',  ( 0.000000000000000000, 0.000000000000000000, -1.000000000000000000 ) ) ;
#1450 = EDGE_LOOP ( 'NONE', ( #755, #1624, #1547, #686 ) ) ;
#1451 = DIRECTION ( 'NONE',  ( -1.224646799147353207E-16, 1.000000000000000000, -0.000000000000000000 ) ) ;
#1452 = DIRECTION ( 'NONE',  ( -1.224646799147353207E-16, 1.000000000000000000, 0.000000000000000000 ) ) ;
#1453 = AXIS2_PLACEMENT_3D ( 'NONE', #867, #449, #737 ) ;
#1454 = ORIENTED_EDGE ( 'NONE', *, *, #1066, .F. ) ;
#1455 = DIRECTION ( 'NONE',  ( 1.000000000000000000, 0.000000000000000000, -0.000000000000000000 ) ) ;
#1456 = EDGE_CURVE ( 'NONE', #1680, #74, #634, .T. ) ;
#1457 = DIRECTION ( 'NONE',  ( -1.000000000000000000, -1.224646799147353207E-16, 0.000000000000000000 ) ) ;
#1458 = ORIENTED_EDGE ( 'NONE', *, *, #1581, .T. ) ;
#1459 = ORIENTED_EDGE ( 'NONE', *, *, #690, .T. ) ;
#1460 = ORIENTED_EDGE ( 'NONE', *, *, #838, .F. ) ;
#1461 = CARTESIAN_POINT ( 'NONE',  ( -18.00000000000000355, -1.999999999999998668, -89.00000000000000000 ) ) ;
#1462 = DIRECTION ( 'NONE',  ( -1.000000000000000000, 3.369016658928398602E-15, -2.858008893365641107E-32 ) ) ;
#1463 = ORIENTED_EDGE ( 'NONE', *, *, #234, .F. ) ;
#1464 = CARTESIAN_POINT ( 'NONE',  ( -11.99999999999999822, 1.999999999999998668, 89.00000000000000000 ) ) ;
#1465 = EDGE_CURVE ( 'NONE', #1675, #108, #526, .T. ) ;
#1466 = EDGE_LOOP ( 'NONE', ( #126, #818, #111, #701 ) ) ;
#1467 = DIRECTION ( 'NONE',  ( -0.000000000000000000, 1.000000000000000000, -0.000000000000000000 ) ) ;
#1468 = EDGE_CURVE ( 'NONE', #1, #1057, #934, .T. ) ;
#1469 = FACE_OUTER_BOUND ( 'NONE', #520, .T. ) ;
#1470 = ORIENTED_EDGE ( 'NONE', *, *, #1519, .F. ) ;
#1471 = AXIS2_PLACEMENT_3D ( 'NONE', #1168, #1736, #1314 ) ;
#1472 = CARTESIAN_POINT ( 'NONE',  ( -10.00000000000000711, -1.301042606982605321E-15, -139.0000000000000000 ) ) ;
#1473 = VERTEX_POINT ( 'NONE', #875 ) ;
#1474 = AXIS2_PLACEMENT_3D ( 'NONE', #1726, #273, #125 ) ;
#1475 = CARTESIAN_POINT ( 'NONE',  ( 2.000000000000000000, -10.09999999999999964, 131.2500000000001137 ) ) ;
#1476 = COLOUR_RGB ( '',0.5294117647058823595, 0.5490196078431373028, 0.5490196078431373028 ) ;
#1477 = ORIENTED_EDGE ( 'NONE', *, *, #1523, .F. ) ;
#1478 = SURFACE_SIDE_STYLE ('',( #383 ) ) ;
#1479 = DIRECTION ( 'NONE',  ( 1.224646799147353207E-16, -1.000000000000000000, -0.000000000000000000 ) ) ;
#1480 = ADVANCED_FACE ( 'NONE', ( #1543 ), #482, .T. ) ;
#1481 = AXIS2_PLACEMENT_3D ( 'NONE', #797, #1194, #694 ) ;
#1482 = FILL_AREA_STYLE ('',( #925 ) ) ;
#1483 = AXIS2_PLACEMENT_3D ( 'NONE', #467, #1432, #743 ) ;
#1484 = ORIENTED_EDGE ( 'NONE', *, *, #282, .F. ) ;
#1485 = VECTOR ( 'NONE', #960, 1000.000000000000000 ) ;
#1486 = EDGE_LOOP ( 'NONE', ( #1120, #1490, #523, #145 ) ) ;
#1487 = CARTESIAN_POINT ( 'NONE',  ( -20.00000000000002487, -8.000000000000003553, 89.00000000000000000 ) ) ;
#1488 = ORIENTED_EDGE ( 'NONE', *, *, #592, .F. ) ;
#1489 = CARTESIAN_POINT ( 'NONE',  ( -10.00000000000000711, 1.999999999999999112, -139.0000000000000000 ) ) ;
#1490 = ORIENTED_EDGE ( 'NONE', *, *, #1276, .F. ) ;
#1491 = CARTESIAN_POINT ( 'NONE',  ( 2.000000000000000000, -18.00000000000000000, 139.0000000000000000 ) ) ;
#1492 = CARTESIAN_POINT ( 'NONE',  ( -20.00000000000000355, -1.999999999999993117, -89.00000000000000000 ) ) ;
#1493 = EDGE_CURVE ( 'NONE', #1383, #1016, #1148, .T. ) ;
#1494 = ORIENTED_EDGE ( 'NONE', *, *, #612, .T. ) ;
#1495 = CARTESIAN_POINT ( 'NONE',  ( 2.000000000000000444, 2.000000000000000000, -88.00000000000002842 ) ) ;
#1496 = ADVANCED_FACE ( 'NONE', ( #1568 ), #615, .F. ) ;
#1497 = CARTESIAN_POINT ( 'NONE',  ( -17.99999999999999645, 5.526622187142829362E-14, 89.00000000000000000 ) ) ;
#1498 = CARTESIAN_POINT ( 'NONE',  ( 1.999999999999978684, 0.000000000000000000, 88.00000000000002842 ) ) ;
#1499 = EDGE_LOOP ( 'NONE', ( #134, #889, #735, #1745 ) ) ;
#1500 = ORIENTED_EDGE ( 'NONE', *, *, #135, .T. ) ;
#1501 = ORIENTED_EDGE ( 'NONE', *, *, #1362, .F. ) ;
#1502 = EDGE_CURVE ( 'NONE', #1525, #170, #244, .T. ) ;
#1503 = CARTESIAN_POINT ( 'NONE',  ( -2.000000000000000000, -2.000000000000000888, -140.0000000000000000 ) ) ;
#1504 = PRESENTATION_LAYER_ASSIGNMENT (  '', '', ( #1739 ) ) ;
#1505 = VERTEX_POINT ( 'NONE', #802 ) ;
#1506 = AXIS2_PLACEMENT_3D ( 'NONE', #619, #732, #1024 ) ;
#1507 = DIRECTION ( 'NONE',  ( -1.000000000000000000, 0.000000000000000000, 0.000000000000000000 ) ) ;
#1508 = CIRCLE ( 'NONE', #1421, 1.000000000000000888 ) ;
#1509 = AXIS2_PLACEMENT_3D ( 'NONE', #185, #593, #1678 ) ;
#1510 = CARTESIAN_POINT ( 'NONE',  ( -2.000000000000000888, -16.99999999999999645, -140.0000000000000000 ) ) ;
#1511 = CARTESIAN_POINT ( 'NONE',  ( -20.00000000000002132, -7.000000000000003553, 88.00000000000000000 ) ) ;
#1512 = ORIENTED_EDGE ( 'NONE', *, *, #575, .T. ) ;
#1513 = DIRECTION ( 'NONE',  ( -5.071795850738850313E-31, -1.949127501097530345E-17, -1.000000000000000000 ) ) ;
#1514 = VECTOR ( 'NONE', #1694, 1000.000000000000000 ) ;
#1515 = CARTESIAN_POINT ( 'NONE',  ( -11.00000000000000711, 1.666214550792759422E-32, 139.0000000000000000 ) ) ;
#1516 = DIRECTION ( 'NONE',  ( -1.000000000000000000, 0.000000000000000000, 0.000000000000000000 ) ) ;
#1517 = AXIS2_PLACEMENT_3D ( 'NONE', #1617, #1353, #1334 ) ;
#1518 = ORIENTED_EDGE ( 'NONE', *, *, #1671, .F. ) ;
#1519 = EDGE_CURVE ( 'NONE', #1350, #899, #1182, .T. ) ;
#1520 = CARTESIAN_POINT ( 'NONE',  ( -11.00000000000000000, 1.999999999999998668, 90.00000000000000000 ) ) ;
#1521 = ORIENTED_EDGE ( 'NONE', *, *, #183, .F. ) ;
#1522 = CARTESIAN_POINT ( 'NONE',  ( 2.000000000000000000, -2.000000000000000888, 140.0000000000000000 ) ) ;
#1523 = EDGE_CURVE ( 'NONE', #631, #1693, #404, .T. ) ;
#1524 = DIRECTION ( 'NONE',  ( 0.000000000000000000, 0.000000000000000000, 1.000000000000000000 ) ) ;
#1525 = VERTEX_POINT ( 'NONE', #794 ) ;
#1526 = CARTESIAN_POINT ( 'NONE',  ( -2.449293598294706414E-16, 2.000000000000000000, -140.0000000000000000 ) ) ;
#1527 = DIRECTION ( 'NONE',  ( -1.000000000000000000, -1.734723475976806848E-16, 0.000000000000000000 ) ) ;
#1528 = AXIS2_PLACEMENT_3D ( 'NONE', #1093, #717, #9 ) ;
#1529 = CARTESIAN_POINT ( 'NONE',  ( -11.99999999999999822, -1.224646799147352221E-16, 89.00000000000000000 ) ) ;
#1530 = ADVANCED_FACE ( 'NONE', ( #128 ), #933, .T. ) ;
#1531 = CIRCLE ( 'NONE', #757, 1.000000000000000666 ) ;
#1532 = ORIENTED_EDGE ( 'NONE', *, *, #888, .T. ) ;
#1533 = CARTESIAN_POINT ( 'NONE',  ( 0.000000000000000000, -16.99999999999999645, 90.00000000000001421 ) ) ;
#1534 = VERTEX_POINT ( 'NONE', #1492 ) ;
#1535 = LINE ( 'NONE', #1684, #458 ) ;
#1536 = DIRECTION ( 'NONE',  ( 2.168404344971008868E-16, -1.000000000000000000, 0.000000000000000000 ) ) ;
#1537 = CARTESIAN_POINT ( 'NONE',  ( -20.00000000000002132, -7.000000000000003553, 88.00000000000000000 ) ) ;
#1538 = ORIENTED_EDGE ( 'NONE', *, *, #1593, .F. ) ;
#1539 = LINE ( 'NONE', #152, #891 ) ;
#1540 = ADVANCED_FACE ( 'NONE', ( #1352 ), #942, .F. ) ;
#1541 = ADVANCED_FACE ( 'NONE', ( #139 ), #1331, .T. ) ;
#1542 = ORIENTED_EDGE ( 'NONE', *, *, #155, .F. ) ;
#1543 = FACE_OUTER_BOUND ( 'NONE', #725, .T. ) ;
#1544 = DIRECTION ( 'NONE',  ( -1.000000000000000000, 0.000000000000000000, 0.000000000000000000 ) ) ;
#1545 = DIRECTION ( 'NONE',  ( 1.000000000000000000, -3.369016658928398602E-15, 0.000000000000000000 ) ) ;
#1546 = ORIENTED_EDGE ( 'NONE', *, *, #546, .F. ) ;
#1547 = ORIENTED_EDGE ( 'NONE', *, *, #225, .T. ) ;
#1548 = CARTESIAN_POINT ( 'NONE',  ( -2.000000000000000444, -2.449293598294706907E-16, 140.0000000000000000 ) ) ;
#1549 = VERTEX_POINT ( 'NONE', #1728 ) ;
#1550 = EDGE_CURVE ( 'NONE', #836, #1534, #267, .T. ) ;
#1551 = DIRECTION ( 'NONE',  ( -1.000000000000000000, 3.369016658928398602E-15, -2.858008893365553526E-32 ) ) ;
#1552 = VECTOR ( 'NONE', #1513, 1000.000000000000000 ) ;
#1553 = DIRECTION ( 'NONE',  ( 0.000000000000000000, 0.000000000000000000, 1.000000000000000000 ) ) ;
#1554 = VECTOR ( 'NONE', #1457, 1000.000000000000000 ) ;
#1555 = ORIENTED_EDGE ( 'NONE', *, *, #40, .T. ) ;
#1556 = CARTESIAN_POINT ( 'NONE',  ( 2.000000000000000000, -18.00000000000000000, 140.0000000000000000 ) ) ;
#1557 = AXIS2_PLACEMENT_3D ( 'NONE', #16, #1226, #6 ) ;
#1558 = VERTEX_POINT ( 'NONE', #1034 ) ;
#1559 = CIRCLE ( 'NONE', #1096, 4.000000000000003553 ) ;
#1560 = AXIS2_PLACEMENT_3D ( 'NONE', #998, #991, #1544 ) ;
#1561 = EDGE_CURVE ( 'NONE', #1650, #1100, #1365, .T. ) ;
#1562 = DIRECTION ( 'NONE',  ( 1.000000000000000000, -3.469446951953610245E-15, -4.395556403973672374E-31 ) ) ;
#1563 = ADVANCED_FACE ( 'NONE', ( #427 ), #309, .F. ) ;
#1564 = LINE ( 'NONE', #1435, #222 ) ;
#1565 = ORIENTED_EDGE ( 'NONE', *, *, #1107, .F. ) ;
#1566 = DIRECTION ( 'NONE',  ( -1.224646799147353207E-16, 1.000000000000000000, -0.000000000000000000 ) ) ;
#1567 = VERTEX_POINT ( 'NONE', #545 ) ;
#1568 = FACE_OUTER_BOUND ( 'NONE', #1205, .T. ) ;
#1569 = CARTESIAN_POINT ( 'NONE',  ( 0.000000000000000000, -10.09999999999999964, -128.9999999999999432 ) ) ;
#1570 = FACE_OUTER_BOUND ( 'NONE', #10, .T. ) ;
#1571 = CARTESIAN_POINT ( 'NONE',  ( -16.00000000000000000, -2.000000000000005773, 89.00000000000000000 ) ) ;
#1572 = EDGE_CURVE ( 'NONE', #170, #1130, #450, .T. ) ;
#1573 = FACE_OUTER_BOUND ( 'NONE', #1211, .T. ) ;
#1574 = ADVANCED_BREP_SHAPE_REPRESENTATION ( 'E.FLEX_05_HMI_Halterung_oben_V1.0', ( #906, #1557 ), #1244 ) ;
#1575 =( NAMED_UNIT ( * ) PLANE_ANGLE_UNIT ( ) SI_UNIT ( $, .RADIAN. ) );
#1576 = EDGE_LOOP ( 'NONE', ( #1738, #1347, #1459, #1165 ) ) ;
#1577 = CARTESIAN_POINT ( 'NONE',  ( -2.000000000000000444, -2.449293598294706907E-16, 140.0000000000000000 ) ) ;
#1578 = CIRCLE ( 'NONE', #1737, 1.000000000000000888 ) ;
#1579 = ORIENTED_EDGE ( 'NONE', *, *, #1129, .T. ) ;
#1580 = DIRECTION ( 'NONE',  ( -0.000000000000000000, -0.000000000000000000, -1.000000000000000000 ) ) ;
#1581 = EDGE_CURVE ( 'NONE', #1473, #1525, #1068, .T. ) ;
#1582 = AXIS2_PLACEMENT_3D ( 'NONE', #1658, #691, #433 ) ;
#1583 = EDGE_LOOP ( 'NONE', ( #1546, #1072, #768, #1245 ) ) ;
#1584 = CARTESIAN_POINT ( 'NONE',  ( -11.00000000000000000, 1.224646799147351482E-16, 90.00000000000000000 ) ) ;
#1585 = ORIENTED_EDGE ( 'NONE', *, *, #833, .F. ) ;
#1586 = AXIS2_PLACEMENT_3D ( 'NONE', #1297, #1042, #1455 ) ;
#1587 = DIRECTION ( 'NONE',  ( 1.000000000000000000, 0.000000000000000000, -0.000000000000000000 ) ) ;
#1588 = EDGE_LOOP ( 'NONE', ( #1104, #366, #529, #1090, #165, #1629 ) ) ;
#1589 = CARTESIAN_POINT ( 'NONE',  ( -10.00000000000000711, 1.999999999999998668, -140.0000000000000000 ) ) ;
#1590 = ORIENTED_EDGE ( 'NONE', *, *, #1662, .F. ) ;
#1591 = EDGE_CURVE ( 'NONE', #1112, #1169, #275, .T. ) ;
#1592 = DIRECTION ( 'NONE',  ( 0.000000000000000000, 0.000000000000000000, -1.000000000000000000 ) ) ;
#1593 = EDGE_CURVE ( 'NONE', #262, #1349, #1307, .T. ) ;
#1594 =( NAMED_UNIT ( * ) SI_UNIT ( $, .STERADIAN. ) SOLID_ANGLE_UNIT ( ) );
#1595 = EDGE_LOOP ( 'NONE', ( #1313, #1596, #100, #1643 ) ) ;
#1596 = ORIENTED_EDGE ( 'NONE', *, *, #363, .F. ) ;
#1597 = FACE_OUTER_BOUND ( 'NONE', #1038, .T. ) ;
#1598 = ORIENTED_EDGE ( 'NONE', *, *, #1523, .T. ) ;
#1599 = ORIENTED_EDGE ( 'NONE', *, *, #1682, .T. ) ;
#1600 = LINE ( 'NONE', #950, #617 ) ;
#1601 = ADVANCED_FACE ( 'NONE', ( #211, #1126 ), #992, .F. ) ;
#1602 = EDGE_LOOP ( 'NONE', ( #517, #1501, #1431, #1078 ) ) ;
#1603 = FILL_AREA_STYLE ('',( #1033 ) ) ;
#1604 = DIRECTION ( 'NONE',  ( -1.000000000000000000, -0.000000000000000000, 0.000000000000000000 ) ) ;
#1605 = PLANE ( 'NONE',  #1471 ) ;
#1606 = EDGE_LOOP ( 'NONE', ( #345, #674, #1613, #1361, #1388, #1086 ) ) ;
#1607 = VECTOR ( 'NONE', #610, 1000.000000000000000 ) ;
#1608 = CARTESIAN_POINT ( 'NONE',  ( 2.000000000000000000, -10.09999999999999964, -128.9999999999999432 ) ) ;
#1609 = EDGE_LOOP ( 'NONE', ( #1323, #1500, #761, #772, #1477, #1344 ) ) ;
#1610 = CARTESIAN_POINT ( 'NONE',  ( 9.544841721421597944E-16, 0.000000000000000000, -88.00000000000002842 ) ) ;
#1611 = CARTESIAN_POINT ( 'NONE',  ( -19.99999999999999645, 4.533669079391563747E-15, 89.00000000000000000 ) ) ;
#1612 = VERTEX_POINT ( 'NONE', #1274 ) ;
#1613 = ORIENTED_EDGE ( 'NONE', *, *, #1413, .T. ) ;
#1614 = ADVANCED_FACE ( 'NONE', ( #1009 ), #340, .T. ) ;
#1615 =( NAMED_UNIT ( * ) SI_UNIT ( $, .STERADIAN. ) SOLID_ANGLE_UNIT ( ) );
#1616 = LINE ( 'NONE', #1321, #1447 ) ;
#1617 = CARTESIAN_POINT ( 'NONE',  ( 0.000000000000000000, -2.000000000000001776, -140.0000000000000000 ) ) ;
#1618 = AXIS2_PLACEMENT_3D ( 'NONE', #1689, #860, #192 ) ;
#1619 = ORIENTED_EDGE ( 'NONE', *, *, #1085, .T. ) ;
#1620 = AXIS2_PLACEMENT_3D ( 'NONE', #331, #1403, #338 ) ;
#1621 = DIRECTION ( 'NONE',  ( 0.000000000000000000, 0.000000000000000000, 1.000000000000000000 ) ) ;
#1622 = VERTEX_POINT ( 'NONE', #1700 ) ;
#1623 = DIRECTION ( 'NONE',  ( -1.000000000000000000, -1.224646799147353207E-16, 0.000000000000000000 ) ) ;
#1624 = ORIENTED_EDGE ( 'NONE', *, *, #223, .T. ) ;
#1625 = DIRECTION ( 'NONE',  ( -1.000000000000000000, 0.000000000000000000, 0.000000000000000000 ) ) ;
#1626 = CARTESIAN_POINT ( 'NONE',  ( 2.000000000000000444, -17.99999999999999645, -90.00000000000001421 ) ) ;
#1627 = CARTESIAN_POINT ( 'NONE',  ( -11.99999999999999822, 1.999999999999998224, -90.00000000000000000 ) ) ;
#1628 = EDGE_CURVE ( 'NONE', #1675, #918, #1685, .T. ) ;
#1629 = ORIENTED_EDGE ( 'NONE', *, *, #762, .T. ) ;
#1630 = CARTESIAN_POINT ( 'NONE',  ( -11.99999999999999645, -18.00100000000000122, 90.00000000000000000 ) ) ;
#1631 = PLANE ( 'NONE',  #85 ) ;
#1632 = ORIENTED_EDGE ( 'NONE', *, *, #848, .T. ) ;
#1633 = DIRECTION ( 'NONE',  ( 0.000000000000000000, 0.000000000000000000, -1.000000000000000000 ) ) ;
#1634 = DIRECTION ( 'NONE',  ( -1.360567432138671835E-16, -0.000000000000000000, -1.000000000000000000 ) ) ;
#1635 = DIRECTION ( 'NONE',  ( 0.000000000000000000, -0.000000000000000000, 1.000000000000000000 ) ) ;
#1636 = ORIENTED_EDGE ( 'NONE', *, *, #1225, .T. ) ;
#1637 = DIRECTION ( 'NONE',  ( -1.224646799147353207E-16, 1.000000000000000000, -0.000000000000000000 ) ) ;
#1638 = EDGE_CURVE ( 'NONE', #764, #945, #684, .T. ) ;
#1639 = DIRECTION ( 'NONE',  ( -0.000000000000000000, 1.266932875713398407E-16, -1.000000000000000000 ) ) ;
#1640 = ORIENTED_EDGE ( 'NONE', *, *, #1187, .F. ) ;
#1641 = EDGE_CURVE ( 'NONE', #1218, #272, #1715, .T. ) ;
#1642 = CARTESIAN_POINT ( 'NONE',  ( -2.000000000000000888, 1.999999999999999556, -89.00000000000002842 ) ) ;
#1643 = ORIENTED_EDGE ( 'NONE', *, *, #84, .F. ) ;
#1644 = CIRCLE ( 'NONE', #534, 0.9999999999999991118 ) ;
#1645 = LINE ( 'NONE', #7, #395 ) ;
#1646 = AXIS2_PLACEMENT_3D ( 'NONE', #96, #1451, #793 ) ;
#1647 = AXIS2_PLACEMENT_3D ( 'NONE', #1415, #1018, #193 ) ;
#1648 = CARTESIAN_POINT ( 'NONE',  ( -11.99999999999999822, 1.999999999999998224, 89.00000000000000000 ) ) ;
#1649 = CIRCLE ( 'NONE', #1372, 1.000000000000000000 ) ;
#1650 = VERTEX_POINT ( 'NONE', #731 ) ;
#1651 = CARTESIAN_POINT ( 'NONE',  ( -2.000000000000000888, -176.0454486773231224, 88.00000000000002842 ) ) ;
#1652 = DIRECTION ( 'NONE',  ( 0.000000000000000000, 0.000000000000000000, -1.000000000000000000 ) ) ;
#1653 = ADVANCED_FACE ( 'NONE', ( #877 ), #59, .T. ) ;
#1654 = VECTOR ( 'NONE', #270, 1000.000000000000000 ) ;
#1655 = EDGE_LOOP ( 'NONE', ( #235, #121, #1725, #985 ) ) ;
#1656 = EDGE_CURVE ( 'NONE', #1693, #1622, #79, .T. ) ;
#1657 = FACE_OUTER_BOUND ( 'NONE', #1466, .T. ) ;
#1658 = CARTESIAN_POINT ( 'NONE',  ( 0.000000000000000000, -10.09999999999999964, 129.0000000000001137 ) ) ;
#1659 = EDGE_LOOP ( 'NONE', ( #718, #489, #683, #729 ) ) ;
#1660 = CARTESIAN_POINT ( 'NONE',  ( -18.00000000000001776, -7.000000000000010658, 88.00000000000000000 ) ) ;
#1661 = CARTESIAN_POINT ( 'NONE',  ( -11.00000000000000000, 8.331072753963792621E-31, 90.00000000000000000 ) ) ;
#1662 = EDGE_CURVE ( 'NONE', #227, #176, #1559, .T. ) ;
#1663 = DIRECTION ( 'NONE',  ( 1.000000000000000000, 0.000000000000000000, 0.000000000000000000 ) ) ;
#1664 = DIRECTION ( 'NONE',  ( -1.224646799147353207E-16, 1.000000000000000000, 0.000000000000000000 ) ) ;
#1665 = ORIENTED_EDGE ( 'NONE', *, *, #706, .T. ) ;
#1666 = CARTESIAN_POINT ( 'NONE',  ( -20.00000000000002487, -7.999999999999981348, -88.00000000000000000 ) ) ;
#1667 = LINE ( 'NONE', #708, #1326 ) ;
#1668 = VECTOR ( 'NONE', #986, 1000.000000000000000 ) ;
#1669 = DIRECTION ( 'NONE',  ( -1.000000000000000000, 0.000000000000000000, -0.000000000000000000 ) ) ;
#1670 = VECTOR ( 'NONE', #598, 1000.000000000000000 ) ;
#1671 = EDGE_CURVE ( 'NONE', #1567, #1229, #1291, .T. ) ;
#1672 = CARTESIAN_POINT ( 'NONE',  ( 0.000000000000000000, -16.99999999999999645, -91.00000000000002842 ) ) ;
#1673 = DIRECTION ( 'NONE',  ( -1.000000000000000000, 0.000000000000000000, 0.000000000000000000 ) ) ;
#1674 = CARTESIAN_POINT ( 'NONE',  ( -2.000000000000000000, -2.000000000000000888, 140.0000000000000000 ) ) ;
#1675 = VERTEX_POINT ( 'NONE', #1440 ) ;
#1676 = CARTESIAN_POINT ( 'NONE',  ( 2.000000000000000000, -16.99999999999999645, -91.00000000000002842 ) ) ;
#1677 = AXIS2_PLACEMENT_3D ( 'NONE', #938, #1071, #391 ) ;
#1678 = DIRECTION ( 'NONE',  ( 0.000000000000000000, -0.000000000000000000, -1.000000000000000000 ) ) ;
#1679 = CARTESIAN_POINT ( 'NONE',  ( 9.544841721421597944E-16, 0.000000000000000000, -87.00000000000002842 ) ) ;
#1680 = VERTEX_POINT ( 'NONE', #1491 ) ;
#1681 = DIRECTION ( 'NONE',  ( 5.872892378133708410E-30, 1.734723475976810644E-15, -1.000000000000000000 ) ) ;
#1682 = EDGE_CURVE ( 'NONE', #734, #264, #228, .T. ) ;
#1683 = VERTEX_POINT ( 'NONE', #533 ) ;
#1684 = CARTESIAN_POINT ( 'NONE',  ( -2.999999999999999112, -18.00100000000000122, 89.00000000000001421 ) ) ;
#1685 = LINE ( 'NONE', #999, #957 ) ;
#1686 = FACE_OUTER_BOUND ( 'NONE', #1428, .T. ) ;
#1687 = ORIENTED_EDGE ( 'NONE', *, *, #959, .F. ) ;
#1688 = CARTESIAN_POINT ( 'NONE',  ( -2.000000000000000000, -2.000000000000000888, 140.0000000000000000 ) ) ;
#1689 = CARTESIAN_POINT ( 'NONE',  ( -2.000000000000000888, 1.999999999999999556, -89.00000000000002842 ) ) ;
#1690 = LINE ( 'NONE', #477, #754 ) ;
#1691 = AXIS2_PLACEMENT_3D ( 'NONE', #376, #1452, #1181 ) ;
#1692 = VECTOR ( 'NONE', #398, 1000.000000000000000 ) ;
#1693 = VERTEX_POINT ( 'NONE', #116 ) ;
#1694 = DIRECTION ( 'NONE',  ( -0.000000000000000000, 1.000000000000000000, -0.000000000000000000 ) ) ;
#1695 = ORIENTED_EDGE ( 'NONE', *, *, #1183, .F. ) ;
#1696 = AXIS2_PLACEMENT_3D ( 'NONE', #12, #1089, #928 ) ;
#1697 = DIRECTION ( 'NONE',  ( -0.000000000000000000, -0.000000000000000000, -1.000000000000000000 ) ) ;
#1698 = PLANE ( 'NONE',  #1186 ) ;
#1699 = EDGE_CURVE ( 'NONE', #874, #1169, #1531, .T. ) ;
#1700 = CARTESIAN_POINT ( 'NONE',  ( 2.000000000000000000, -2.000000000000000888, 90.00000000000001421 ) ) ;
#1701 = PLANE ( 'NONE',  #1712 ) ;
#1702 = ORIENTED_EDGE ( 'NONE', *, *, #975, .F. ) ;
#1703 = LINE ( 'NONE', #751, #1514 ) ;
#1704 = CARTESIAN_POINT ( 'NONE',  ( 2.000000000000000000, -2.000000000000000888, 140.0000000000000000 ) ) ;
#1705 = CYLINDRICAL_SURFACE ( 'NONE', #498, 2.000000000000000000 ) ;
#1706 = VERTEX_POINT ( 'NONE', #1199 ) ;
#1707 = APPLICATION_PROTOCOL_DEFINITION ( 'draft international standard', 'automotive_design', 1998, #678 ) ;
#1708 = VECTOR ( 'NONE', #221, 1000.000000000000000 ) ;
#1709 = EDGE_CURVE ( 'NONE', #734, #227, #632, .T. ) ;
#1710 = CARTESIAN_POINT ( 'NONE',  ( 0.000000000000000000, -18.00000000000000000, 140.0000000000000000 ) ) ;
#1711 = ADVANCED_FACE ( 'NONE', ( #658 ), #1023, .F. ) ;
#1712 = AXIS2_PLACEMENT_3D ( 'NONE', #1577, #461, #878 ) ;
#1713 = VERTEX_POINT ( 'NONE', #670 ) ;
#1714 = DIRECTION ( 'NONE',  ( 1.000000000000000000, 1.224646799147354193E-16, 0.000000000000000000 ) ) ;
#1715 = CIRCLE ( 'NONE', #1647, 2.250000000000001776 ) ;
#1716 = CARTESIAN_POINT ( 'NONE',  ( 2.255140518769849223E-14, 2.000000000000000000, 88.00000000000002842 ) ) ;
#1717 = ORIENTED_EDGE ( 'NONE', *, *, #1724, .F. ) ;
#1718 = ORIENTED_EDGE ( 'NONE', *, *, #1382, .T. ) ;
#1719 = AXIS2_PLACEMENT_3D ( 'NONE', #41, #17, #1390 ) ;
#1720 = ORIENTED_EDGE ( 'NONE', *, *, #649, .T. ) ;
#1721 = DIRECTION ( 'NONE',  ( -0.000000000000000000, -0.000000000000000000, -1.000000000000000000 ) ) ;
#1722 = VECTOR ( 'NONE', #606, 1000.000000000000000 ) ;
#1723 = ORIENTED_EDGE ( 'NONE', *, *, #892, .F. ) ;
#1724 = EDGE_CURVE ( 'NONE', #1706, #1713, #501, .T. ) ;
#1725 = ORIENTED_EDGE ( 'NONE', *, *, #553, .F. ) ;
#1726 = CARTESIAN_POINT ( 'NONE',  ( 2.000000000000000444, -176.0454486773231224, 88.00000000000002842 ) ) ;
#1727 = ORIENTED_EDGE ( 'NONE', *, *, #1225, .F. ) ;
#1728 = CARTESIAN_POINT ( 'NONE',  ( -18.00000000000002132, -7.999999999999989342, -88.00000000000000000 ) ) ;
#1729 = DIRECTION ( 'NONE',  ( 1.000000000000000000, 0.000000000000000000, -0.000000000000000000 ) ) ;
#1730 = DIRECTION ( 'NONE',  ( 1.000000000000000000, 1.224646799147353454E-16, 0.000000000000000000 ) ) ;
#1731 = ORIENTED_EDGE ( 'NONE', *, *, #474, .T. ) ;
#1732 = EDGE_CURVE ( 'NONE', #636, #766, #1508, .T. ) ;
#1733 = CARTESIAN_POINT ( 'NONE',  ( 2.000000000000000000, -16.99999999999999645, 139.0000000000000000 ) ) ;
#1734 = EDGE_LOOP ( 'NONE', ( #411, #1636, #554, #1064 ) ) ;
#1735 = ORIENTED_EDGE ( 'NONE', *, *, #1017, .F. ) ;
#1736 = DIRECTION ( 'NONE',  ( 0.000000000000000000, 0.000000000000000000, -1.000000000000000000 ) ) ;
#1737 = AXIS2_PLACEMENT_3D ( 'NONE', #1676, #840, #21 ) ;
#1738 = ORIENTED_EDGE ( 'NONE', *, *, #1425, .F. ) ;
#1739 = STYLED_ITEM ( 'NONE', ( #157 ), #906 ) ;
#1740 = DIRECTION ( 'NONE',  ( 1.224646799147353207E-16, -1.000000000000000000, 0.000000000000000000 ) ) ;
#1741 = VECTOR ( 'NONE', #1623, 1000.000000000000000 ) ;
#1742 = FACE_OUTER_BOUND ( 'NONE', #82, .T. ) ;
#1743 = ORIENTED_EDGE ( 'NONE', *, *, #879, .T. ) ;
#1744 = VECTOR ( 'NONE', #1467, 1000.000000000000000 ) ;
#1745 = ORIENTED_EDGE ( 'NONE', *, *, #399, .F. ) ;
#1746 = ADVANCED_FACE ( 'NONE', ( #1160 ), #236, .T. ) ;
#1747 = PLANE ( 'NONE',  #780 ) ;
ENDSEC;
END-ISO-10303-21;
