ISO-10303-21;
HEADER;
FILE_DESCRIPTION (( 'STEP AP214' ),
    '1' );
FILE_NAME ('202500614-10101P01.STEP',
    '2026-02-10T09:53:15',
    ( '' ),
    ( '' ),
    'SwSTEP 2.0',
    'SolidWorks 2021',
    '' );
FILE_SCHEMA (( 'AUTOMOTIVE_DESIGN' ));
ENDSEC;

DATA;
#1 = ORIENTED_EDGE ( 'NONE', *, *, #75, .F. ) ;
#2 = DIRECTION ( 'NONE',  ( -0.000000000000000000, 1.000000000000000000, -0.000000000000000000 ) ) ;
#3 = DIRECTION ( 'NONE',  ( -0.000000000000000000, 1.000000000000000000, -0.000000000000000000 ) ) ;
#4 = STYLED_ITEM ( 'NONE', ( #957 ), #1849 ) ;
#5 = VERTEX_POINT ( 'NONE', #195 ) ;
#6 = SURFACE_SIDE_STYLE ('',( #2145 ) ) ;
#7 = VECTOR ( 'NONE', #222, 1000.000000000000000 ) ;
#8 = CARTESIAN_POINT ( 'NONE',  ( 65.00000000000000000, 0.000000000000000000, -65.00000000000000000 ) ) ;
#9 = EDGE_CURVE ( 'NONE', #869, #1972, #576, .T. ) ;
#10 = CARTESIAN_POINT ( 'NONE',  ( -10.00000000000000888, 7.500000000000000000, 65.00000000000001421 ) ) ;
#11 = DIRECTION ( 'NONE',  ( 0.000000000000000000, 0.000000000000000000, 1.000000000000000000 ) ) ;
#12 = EDGE_LOOP ( 'NONE', ( #1045, #2108 ) ) ;
#13 = CIRCLE ( 'NONE', #1641, 23.97499999999996945 ) ;
#14 =( GEOMETRIC_REPRESENTATION_CONTEXT ( 3 ) GLOBAL_UNCERTAINTY_ASSIGNED_CONTEXT ( ( #44 ) ) GLOBAL_UNIT_ASSIGNED_CONTEXT ( ( #337, #1261, #1775 ) ) REPRESENTATION_CONTEXT ( 'NONE', 'WORKASPACE' ) );
#15 = CARTESIAN_POINT ( 'NONE',  ( -65.00000000000000000, 15.00000000000000000, -54.99999999999998579 ) ) ;
#16 = FACE_BOUND ( 'NONE', #2069, .T. ) ;
#17 = PRESENTATION_STYLE_ASSIGNMENT (( #1295 ) ) ;
#18 = EDGE_CURVE ( 'NONE', #1292, #290, #210, .T. ) ;
#19 = PRESENTATION_LAYER_ASSIGNMENT (  '', '', ( #61 ) ) ;
#20 = ORIENTED_EDGE ( 'NONE', *, *, #2112, .T. ) ;
#21 = DIRECTION ( 'NONE',  ( -0.8571673007021106683, 1.049727191138616600E-16, 0.5150380749100570421 ) ) ;
#22 =( GEOMETRIC_REPRESENTATION_CONTEXT ( 3 ) GLOBAL_UNCERTAINTY_ASSIGNED_CONTEXT ( ( #2172 ) ) GLOBAL_UNIT_ASSIGNED_CONTEXT ( ( #461, #449, #1886 ) ) REPRESENTATION_CONTEXT ( 'NONE', 'WORKASPACE' ) );
#23 = CARTESIAN_POINT ( 'NONE',  ( 0.000000000000000000, 20.00000000000000000, 0.000000000000000000 ) ) ;
#24 = ORIENTED_EDGE ( 'NONE', *, *, #18, .T. ) ;
#25 = CARTESIAN_POINT ( 'NONE',  ( -49.99999999999999289, 15.00000000000000000, 45.50000000000001421 ) ) ;
#26 =( NAMED_UNIT ( * ) PLANE_ANGLE_UNIT ( ) SI_UNIT ( $, .RADIAN. ) );
#27 = VERTEX_POINT ( 'NONE', #1289 ) ;
#28 = DIRECTION ( 'NONE',  ( 0.000000000000000000, 0.000000000000000000, -1.000000000000000000 ) ) ;
#29 = DIRECTION ( 'NONE',  ( -0.000000000000000000, 1.000000000000000000, -0.000000000000000000 ) ) ;
#30 = VERTEX_POINT ( 'NONE', #2309 ) ;
#31 = DIRECTION ( 'NONE',  ( 0.000000000000000000, 0.000000000000000000, 1.000000000000000000 ) ) ;
#32 = EDGE_CURVE ( 'NONE', #608, #2157, #711, .T. ) ;
#33 = CARTESIAN_POINT ( 'NONE',  ( 65.00000000000000000, 0.000000000000000000, 54.99999999999999289 ) ) ;
#34 = ORIENTED_EDGE ( 'NONE', *, *, #1411, .F. ) ;
#35 = DIRECTION ( 'NONE',  ( 0.000000000000000000, 0.000000000000000000, 1.000000000000000000 ) ) ;
#36 = PLANE ( 'NONE',  #48 ) ;
#37 = EDGE_LOOP ( 'NONE', ( #301, #433 ) ) ;
#38 = PRESENTATION_STYLE_ASSIGNMENT (( #1662 ) ) ;
#39 = EDGE_CURVE ( 'NONE', #158, #1076, #529, .T. ) ;
#40 = ORIENTED_EDGE ( 'NONE', *, *, #832, .F. ) ;
#41 = AXIS2_PLACEMENT_3D ( 'NONE', #1910, #154, #1409 ) ;
#42 = AXIS2_PLACEMENT_3D ( 'NONE', #221, #383, #1511 ) ;
#43 = LINE ( 'NONE', #1644, #797 ) ;
#44 = UNCERTAINTY_MEASURE_WITH_UNIT (LENGTH_MEASURE( 1.000000000000000082E-05 ), #337, 'distance_accuracy_value', 'NONE');
#45 = CARTESIAN_POINT ( 'NONE',  ( 20.00000000000026645, 14.99999999999999822, -30.14101615137804302 ) ) ;
#46 = VECTOR ( 'NONE', #1656, 1000.000000000000000 ) ;
#47 = DIRECTION ( 'NONE',  ( -0.000000000000000000, -1.000000000000000000, -0.000000000000000000 ) ) ;
#48 = AXIS2_PLACEMENT_3D ( 'NONE', #1512, #993, #1328 ) ;
#49 = CIRCLE ( 'NONE', #172, 4.499999999999997335 ) ;
#50 = CARTESIAN_POINT ( 'NONE',  ( 0.000000000000000000, 20.00000000000000000, 0.000000000000000000 ) ) ;
#51 = DIRECTION ( 'NONE',  ( -0.000000000000000000, 1.000000000000000000, -0.000000000000000000 ) ) ;
#52 = MECHANICAL_DESIGN_GEOMETRIC_PRESENTATION_REPRESENTATION (  '', ( #2126 ), #170 ) ;
#53 = ORIENTED_EDGE ( 'NONE', *, *, #1616, .F. ) ;
#54 = FACE_BOUND ( 'NONE', #67, .T. ) ;
#55 = CARTESIAN_POINT ( 'NONE',  ( -13.39999999999999858, 7.500000000000000000, 63.00000000000000000 ) ) ;
#56 = VECTOR ( 'NONE', #231, 1000.000000000000000 ) ;
#57 = CARTESIAN_POINT ( 'NONE',  ( 40.00000000000052580, 14.99999999999999822, 4.499999999999997335 ) ) ;
#58 = EDGE_CURVE ( 'NONE', #2157, #921, #1721, .T. ) ;
#59 = ORIENTED_EDGE ( 'NONE', *, *, #891, .F. ) ;
#60 = CARTESIAN_POINT ( 'NONE',  ( 0.000000000000000000, 20.00000000000000000, 0.000000000000000000 ) ) ;
#61 = STYLED_ITEM ( 'NONE', ( #2154 ), #772 ) ;
#62 = CARTESIAN_POINT ( 'NONE',  ( 50.00000000000000711, 0.000000000000000000, -54.49999999999998579 ) ) ;
#63 = ORIENTED_EDGE ( 'NONE', *, *, #511, .F. ) ;
#64 = AXIS2_PLACEMENT_3D ( 'NONE', #155, #889, #1256 ) ;
#65 = CARTESIAN_POINT ( 'NONE',  ( -54.99999999999999289, 15.00000000000000000, 65.00000000000001421 ) ) ;
#66 = CARTESIAN_POINT ( 'NONE',  ( 20.00000000000027001, 14.99999999999999822, 34.64101615137803947 ) ) ;
#67 = EDGE_LOOP ( 'NONE', ( #1978, #977 ) ) ;
#68 = EDGE_CURVE ( 'NONE', #100, #230, #1060, .T. ) ;
#69 =( NAMED_UNIT ( * ) SI_UNIT ( $, .STERADIAN. ) SOLID_ANGLE_UNIT ( ) );
#70 = VERTEX_POINT ( 'NONE', #2043 ) ;
#71 = CYLINDRICAL_SURFACE ( 'NONE', #1317, 10.00000000000000178 ) ;
#72 = PRESENTATION_STYLE_ASSIGNMENT (( #659 ) ) ;
#73 = ORIENTED_EDGE ( 'NONE', *, *, #285, .F. ) ;
#74 = CARTESIAN_POINT ( 'NONE',  ( 20.00000000000027001, 0.000000000000000000, 27.14101615137803947 ) ) ;
#75 = EDGE_CURVE ( 'NONE', #757, #1811, #2165, .T. ) ;
#76 = DIRECTION ( 'NONE',  ( 0.7071067811865373587, 0.000000000000000000, 0.7071067811865577868 ) ) ;
#77 = DIRECTION ( 'NONE',  ( 0.000000000000000000, 0.000000000000000000, -1.000000000000000000 ) ) ;
#78 = ORIENTED_EDGE ( 'NONE', *, *, #1088, .F. ) ;
#79 = LINE ( 'NONE', #818, #1482 ) ;
#80 = LINE ( 'NONE', #819, #1461 ) ;
#81 = ORIENTED_EDGE ( 'NONE', *, *, #2292, .F. ) ;
#82 = DIRECTION ( 'NONE',  ( 0.000000000000000000, 0.000000000000000000, -1.000000000000000000 ) ) ;
#83 = DIRECTION ( 'NONE',  ( -0.000000000000000000, -1.000000000000000000, -0.000000000000000000 ) ) ;
#84 = ORIENTED_EDGE ( 'NONE', *, *, #1332, .T. ) ;
#85 = CONICAL_SURFACE ( 'NONE', #201, 6.000000000000000000, 0.7853981633974338461 ) ;
#86 = VECTOR ( 'NONE', #416, 1000.000000000000000 ) ;
#87 = SURFACE_STYLE_USAGE ( .BOTH. , #279 ) ;
#88 = EDGE_CURVE ( 'NONE', #990, #608, #13, .T. ) ;
#89 = VECTOR ( 'NONE', #963, 1000.000000000000000 ) ;
#90 = ORIENTED_EDGE ( 'NONE', *, *, #1915, .T. ) ;
#91 = AXIS2_PLACEMENT_3D ( 'NONE', #2317, #2123, #524 ) ;
#92 = CYLINDRICAL_SURFACE ( 'NONE', #518, 3.999999999999996447 ) ;
#93 = PRODUCT ( '202500614-10101P01', '202500614-10101P01', '', ( #1557 ) ) ;
#94 = FACE_OUTER_BOUND ( 'NONE', #761, .T. ) ;
#95 = ORIENTED_EDGE ( 'NONE', *, *, #1361, .F. ) ;
#96 = CARTESIAN_POINT ( 'NONE',  ( -16.00000000000000711, 7.500000000000000888, 64.69999999999997442 ) ) ;
#97 = AXIS2_PLACEMENT_3D ( 'NONE', #123, #1014, #841 ) ;
#98 = EDGE_CURVE ( 'NONE', #614, #1458, #1942, .T. ) ;
#99 = FILL_AREA_STYLE ('',( #464 ) ) ;
#100 = VERTEX_POINT ( 'NONE', #978 ) ;
#101 = CYLINDRICAL_SURFACE ( 'NONE', #979, 7.500000000000000000 ) ;
#102 = AXIS2_PLACEMENT_3D ( 'NONE', #1380, #264, #1703 ) ;
#103 = APPLICATION_PROTOCOL_DEFINITION ( 'draft international standard', 'automotive_design', 1998, #1726 ) ;
#104 = AXIS2_PLACEMENT_3D ( 'NONE', #120, #1924, #838 ) ;
#105 = EDGE_LOOP ( 'NONE', ( #1333, #616, #1497, #1270 ) ) ;
#106 = ADVANCED_FACE ( 'NONE', ( #1167 ), #2006, .F. ) ;
#107 = CIRCLE ( 'NONE', #2060, 4.499999999999983125 ) ;
#108 = CARTESIAN_POINT ( 'NONE',  ( -49.99999999999999289, 0.000000000000000000, 50.00000000000000000 ) ) ;
#109 = CARTESIAN_POINT ( 'NONE',  ( -20.00000000000026645, 10.59999999999999964, 39.14101615137803236 ) ) ;
#110 = DIRECTION ( 'NONE',  ( 0.000000000000000000, 0.000000000000000000, -1.000000000000000000 ) ) ;
#111 = VERTEX_POINT ( 'NONE', #991 ) ;
#112 = EDGE_CURVE ( 'NONE', #707, #1650, #1695, .T. ) ;
#113 = FACE_OUTER_BOUND ( 'NONE', #1439, .T. ) ;
#114 =( NAMED_UNIT ( * ) SI_UNIT ( $, .STERADIAN. ) SOLID_ANGLE_UNIT ( ) );
#115 = DIRECTION ( 'NONE',  ( -0.000000000000000000, -1.000000000000000000, -0.000000000000000000 ) ) ;
#116 = EDGE_LOOP ( 'NONE', ( #956, #887, #1873, #1675 ) ) ;
#117 = CARTESIAN_POINT ( 'NONE',  ( 6.938893903907228378E-15, 15.00000000000000000, -50.00000000000000000 ) ) ;
#118 = DIRECTION ( 'NONE',  ( -0.000000000000000000, 1.000000000000000000, -0.000000000000000000 ) ) ;
#119 = VERTEX_POINT ( 'NONE', #1131 ) ;
#120 = CARTESIAN_POINT ( 'NONE',  ( -10.00000000000000888, 7.500000000000000000, 63.00000000000000000 ) ) ;
#121 = CYLINDRICAL_SURFACE ( 'NONE', #752, 6.000000000000000000 ) ;
#122 = ORIENTED_EDGE ( 'NONE', *, *, #223, .F. ) ;
#123 = CARTESIAN_POINT ( 'NONE',  ( -40.00000000000052580, 0.000000000000000000, 0.000000000000000000 ) ) ;
#124 = PLANE ( 'NONE',  #897 ) ;
#125 =( NAMED_UNIT ( * ) SI_UNIT ( $, .STERADIAN. ) SOLID_ANGLE_UNIT ( ) );
#126 = ORIENTED_EDGE ( 'NONE', *, *, #1752, .F. ) ;
#127 = VECTOR ( 'NONE', #2152, 1000.000000000000000 ) ;
#128 = EDGE_CURVE ( 'NONE', #1111, #808, #1520, .T. ) ;
#129 = DIRECTION ( 'NONE',  ( 0.000000000000000000, 0.000000000000000000, -1.000000000000000000 ) ) ;
#130 = CIRCLE ( 'NONE', #240, 10.00000000000000178 ) ;
#131 = CIRCLE ( 'NONE', #750, 3.399999999999993250 ) ;
#132 = DIRECTION ( 'NONE',  ( -0.000000000000000000, -1.000000000000000000, -0.000000000000000000 ) ) ;
#133 = MECHANICAL_DESIGN_GEOMETRIC_PRESENTATION_REPRESENTATION (  '', ( #828 ), #2012 ) ;
#134 = ORIENTED_EDGE ( 'NONE', *, *, #2312, .F. ) ;
#135 = CARTESIAN_POINT ( 'NONE',  ( -40.00000000000052580, 0.000000000000000000, -4.499999999999997335 ) ) ;
#136 = CARTESIAN_POINT ( 'NONE',  ( -40.00000000000052580, 14.99999999999999822, -4.499999999999997335 ) ) ;
#137 = ORIENTED_EDGE ( 'NONE', *, *, #1035, .T. ) ;
#138 = DIRECTION ( 'NONE',  ( 0.000000000000000000, -1.000000000000000000, 0.000000000000000000 ) ) ;
#139 = DIRECTION ( 'NONE',  ( -0.000000000000000000, -1.000000000000000000, -0.000000000000000000 ) ) ;
#140 = VERTEX_POINT ( 'NONE', #1001 ) ;
#141 = CIRCLE ( 'NONE', #1498, 7.500000000000000000 ) ;
#142 =( GEOMETRIC_REPRESENTATION_CONTEXT ( 3 ) GLOBAL_UNCERTAINTY_ASSIGNED_CONTEXT ( ( #218 ) ) GLOBAL_UNIT_ASSIGNED_CONTEXT ( ( #2336, #556, #1780 ) ) REPRESENTATION_CONTEXT ( 'NONE', 'WORKASPACE' ) );
#143 = DIRECTION ( 'NONE',  ( 0.000000000000000000, 0.000000000000000000, 1.000000000000000000 ) ) ;
#144 = EDGE_CURVE ( 'NONE', #1537, #1621, #1029, .T. ) ;
#145 = DIRECTION ( 'NONE',  ( 0.000000000000000000, 0.000000000000000000, 1.000000000000000000 ) ) ;
#146 = AXIS2_PLACEMENT_3D ( 'NONE', #1989, #947, #1815 ) ;
#147 = ORIENTED_EDGE ( 'NONE', *, *, #1532, .T. ) ;
#148 = CARTESIAN_POINT ( 'NONE',  ( -10.00000000000000888, 7.500000000000000000, 63.00000000000000000 ) ) ;
#149 = ORIENTED_EDGE ( 'NONE', *, *, #1451, .F. ) ;
#150 = DIRECTION ( 'NONE',  ( 0.000000000000000000, -1.000000000000000000, 0.000000000000000000 ) ) ;
#151 = CARTESIAN_POINT ( 'NONE',  ( 50.00000000000000711, 15.00000000000000178, -50.00000000000000000 ) ) ;
#152 = ADVANCED_FACE ( 'NONE', ( #291 ), #101, .F. ) ;
#153 = ORIENTED_EDGE ( 'NONE', *, *, #2292, .T. ) ;
#154 = DIRECTION ( 'NONE',  ( 0.000000000000000000, -1.000000000000000000, 0.000000000000000000 ) ) ;
#155 = CARTESIAN_POINT ( 'NONE',  ( 0.000000000000000000, 20.00000000000000000, 0.000000000000000000 ) ) ;
#156 = DIRECTION ( 'NONE',  ( -0.000000000000000000, -0.000000000000000000, 1.000000000000000000 ) ) ;
#157 = DIRECTION ( 'NONE',  ( -0.000000000000000000, -1.000000000000000000, -0.000000000000000000 ) ) ;
#158 = VERTEX_POINT ( 'NONE', #268 ) ;
#159 = FACE_OUTER_BOUND ( 'NONE', #348, .T. ) ;
#160 =( NAMED_UNIT ( * ) SI_UNIT ( $, .STERADIAN. ) SOLID_ANGLE_UNIT ( ) );
#161 = ORIENTED_EDGE ( 'NONE', *, *, #1075, .T. ) ;
#162 = ADVANCED_FACE ( 'NONE', ( #113 ), #1706, .T. ) ;
#163 = DIRECTION ( 'NONE',  ( -0.000000000000000000, -1.000000000000000000, -0.000000000000000000 ) ) ;
#164 =( GEOMETRIC_REPRESENTATION_CONTEXT ( 3 ) GLOBAL_UNCERTAINTY_ASSIGNED_CONTEXT ( ( #1440 ) ) GLOBAL_UNIT_ASSIGNED_CONTEXT ( ( #780, #1839, #69 ) ) REPRESENTATION_CONTEXT ( 'NONE', 'WORKASPACE' ) );
#165 = DIRECTION ( 'NONE',  ( -0.000000000000000000, 1.000000000000000000, -0.000000000000000000 ) ) ;
#166 = AXIS2_PLACEMENT_3D ( 'NONE', #992, #1157, #207 ) ;
#167 = LINE ( 'NONE', #1794, #127 ) ;
#168 = AXIS2_PLACEMENT_3D ( 'NONE', #1338, #247, #1485 ) ;
#169 = AXIS2_PLACEMENT_3D ( 'NONE', #574, #2019, #1143 ) ;
#170 =( GEOMETRIC_REPRESENTATION_CONTEXT ( 3 ) GLOBAL_UNCERTAINTY_ASSIGNED_CONTEXT ( ( #1285 ) ) GLOBAL_UNIT_ASSIGNED_CONTEXT ( ( #1017, #507, #652 ) ) REPRESENTATION_CONTEXT ( 'NONE', 'WORKASPACE' ) );
#171 = SURFACE_SIDE_STYLE ('',( #1464 ) ) ;
#172 = AXIS2_PLACEMENT_3D ( 'NONE', #839, #83, #1011 ) ;
#173 = ORIENTED_EDGE ( 'NONE', *, *, #1510, .F. ) ;
#174 = CARTESIAN_POINT ( 'NONE',  ( -10.00000000000000178, 7.500000000000000000, 38.75000000000000711 ) ) ;
#175 = DIRECTION ( 'NONE',  ( 0.000000000000000000, 0.000000000000000000, -1.000000000000000000 ) ) ;
#176 = ORIENTED_EDGE ( 'NONE', *, *, #2112, .F. ) ;
#177 = PLANE ( 'NONE',  #676 ) ;
#178 = FACE_BOUND ( 'NONE', #836, .T. ) ;
#179 = VECTOR ( 'NONE', #2328, 1000.000000000000000 ) ;
#180 = ADVANCED_FACE ( 'NONE', ( #505 ), #826, .F. ) ;
#181 = LINE ( 'NONE', #1598, #689 ) ;
#182 = ORIENTED_EDGE ( 'NONE', *, *, #1915, .F. ) ;
#183 = FACE_BOUND ( 'NONE', #1325, .T. ) ;
#184 = CARTESIAN_POINT ( 'NONE',  ( 6.938893903907228378E-15, 15.00000000000000000, 50.00000000000000000 ) ) ;
#185 = ORIENTED_EDGE ( 'NONE', *, *, #1602, .F. ) ;
#186 = CARTESIAN_POINT ( 'NONE',  ( -10.00000000000000178, 7.500000000000000000, 38.75000000000000711 ) ) ;
#187 = EDGE_LOOP ( 'NONE', ( #1868, #1493 ) ) ;
#188 = FACE_BOUND ( 'NONE', #1950, .T. ) ;
#189 = DIRECTION ( 'NONE',  ( -1.000000000000000000, 0.000000000000000000, 1.067522139062650425E-16 ) ) ;
#190 = DIRECTION ( 'NONE',  ( 0.000000000000000000, 0.000000000000000000, -1.000000000000000000 ) ) ;
#191 = EDGE_CURVE ( 'NONE', #70, #1679, #492, .T. ) ;
#192 = VERTEX_POINT ( 'NONE', #1407 ) ;
#193 = FACE_BOUND ( 'NONE', #896, .T. ) ;
#194 = LINE ( 'NONE', #8, #1163 ) ;
#195 = CARTESIAN_POINT ( 'NONE',  ( 65.00000000000000000, 15.00000000000000000, 54.99999999999999289 ) ) ;
#196 = LINE ( 'NONE', #912, #2119 ) ;
#197 = ORIENTED_EDGE ( 'NONE', *, *, #913, .T. ) ;
#198 = ADVANCED_FACE ( 'NONE', ( #1535 ), #302, .F. ) ;
#199 = FACE_OUTER_BOUND ( 'NONE', #545, .T. ) ;
#200 = PRESENTATION_LAYER_ASSIGNMENT (  '', '', ( #1085 ) ) ;
#201 = AXIS2_PLACEMENT_3D ( 'NONE', #1239, #143, #1033 ) ;
#202 = ORIENTED_EDGE ( 'NONE', *, *, #1602, .T. ) ;
#203 = CARTESIAN_POINT ( 'NONE',  ( 6.938893903907228378E-15, 0.000000000000000000, 50.00000000000000000 ) ) ;
#204 = AXIS2_PLACEMENT_3D ( 'NONE', #929, #1636, #11 ) ;
#205 = COLOUR_RGB ( '',0.000000000000000000, 1.000000000000000000, 1.000000000000000000 ) ;
#206 = DIRECTION ( 'NONE',  ( 0.000000000000000000, 0.000000000000000000, -1.000000000000000000 ) ) ;
#207 = DIRECTION ( 'NONE',  ( 0.000000000000000000, 0.000000000000000000, -1.000000000000000000 ) ) ;
#208 = CARTESIAN_POINT ( 'NONE',  ( 0.000000000000000000, 20.00000000000000000, 0.000000000000000000 ) ) ;
#209 = VERTEX_POINT ( 'NONE', #1222 ) ;
#210 = CIRCLE ( 'NONE', #487, 6.300000000000021139 ) ;
#211 = AXIS2_PLACEMENT_3D ( 'NONE', #1979, #1799, #358 ) ;
#212 = CARTESIAN_POINT ( 'NONE',  ( -10.00000000000000888, 7.500000000000000000, 64.69999999999997442 ) ) ;
#213 = ADVANCED_FACE ( 'NONE', ( #649, #1187 ), #1359, .F. ) ;
#214 = DIRECTION ( 'NONE',  ( 1.000000000000000000, 0.000000000000000000, 0.000000000000000000 ) ) ;
#215 = CIRCLE ( 'NONE', #1134, 7.500000000000000000 ) ;
#216 = ORIENTED_EDGE ( 'NONE', *, *, #2229, .F. ) ;
#217 = CARTESIAN_POINT ( 'NONE',  ( -65.00000000000000000, 15.00000000000000000, -64.99999999999998579 ) ) ;
#218 = UNCERTAINTY_MEASURE_WITH_UNIT (LENGTH_MEASURE( 1.000000000000000082E-05 ), #2336, 'distance_accuracy_value', 'NONE');
#219 = PRESENTATION_LAYER_ASSIGNMENT (  '', '', ( #257 ) ) ;
#220 = CARTESIAN_POINT ( 'NONE',  ( -35.50000000000053291, 10.59999999999999964, 0.000000000000000000 ) ) ;
#221 = CARTESIAN_POINT ( 'NONE',  ( 50.00000000000000711, 0.000000000000000000, -50.00000000000000000 ) ) ;
#222 = DIRECTION ( 'NONE',  ( -0.000000000000000000, -1.000000000000000000, -0.000000000000000000 ) ) ;
#223 = EDGE_CURVE ( 'NONE', #1900, #1422, #2270, .T. ) ;
#224 = VERTEX_POINT ( 'NONE', #1213 ) ;
#225 = SURFACE_SIDE_STYLE ('',( #405 ) ) ;
#226 = DIRECTION ( 'NONE',  ( -0.000000000000000000, -1.000000000000000000, -0.000000000000000000 ) ) ;
#227 = ORIENTED_EDGE ( 'NONE', *, *, #604, .T. ) ;
#228 = CARTESIAN_POINT ( 'NONE',  ( 20.00000000000026645, 10.59999999999999964, -34.64101615137803947 ) ) ;
#229 = DIRECTION ( 'NONE',  ( -0.000000000000000000, -1.000000000000000000, -0.000000000000000000 ) ) ;
#230 = VERTEX_POINT ( 'NONE', #477 ) ;
#231 = DIRECTION ( 'NONE',  ( 1.000000000000000000, -0.000000000000000000, -1.067522139062650425E-16 ) ) ;
#232 = CARTESIAN_POINT ( 'NONE',  ( -40.00000000000052580, 0.000000000000000000, 0.000000000000000000 ) ) ;
#233 = LINE ( 'NONE', #2046, #827 ) ;
#234 = EDGE_LOOP ( 'NONE', ( #330, #779, #2182, #754 ) ) ;
#235 = EDGE_CURVE ( 'NONE', #158, #2036, #1609, .T. ) ;
#236 = DIRECTION ( 'NONE',  ( 0.000000000000000000, 0.000000000000000000, -1.000000000000000000 ) ) ;
#237 = VERTEX_POINT ( 'NONE', #2259 ) ;
#238 = AXIS2_PLACEMENT_3D ( 'NONE', #1499, #246, #621 ) ;
#239 = DIRECTION ( 'NONE',  ( 1.000000000000000000, 0.000000000000000000, 0.000000000000000000 ) ) ;
#240 = AXIS2_PLACEMENT_3D ( 'NONE', #2310, #341, #2333 ) ;
#241 = CARTESIAN_POINT ( 'NONE',  ( 0.000000000000000000, 0.000000000000000000, -40.00000000000053291 ) ) ;
#242 = AXIS2_PLACEMENT_3D ( 'NONE', #1110, #1682, #1844 ) ;
#243 = ORIENTED_EDGE ( 'NONE', *, *, #732, .F. ) ;
#244 = EDGE_CURVE ( 'NONE', #1698, #224, #873, .T. ) ;
#245 = CARTESIAN_POINT ( 'NONE',  ( 0.000000000000000000, 20.00000000000000000, 0.000000000000000000 ) ) ;
#246 = DIRECTION ( 'NONE',  ( -0.000000000000000000, -1.000000000000000000, -0.000000000000000000 ) ) ;
#247 = DIRECTION ( 'NONE',  ( -0.000000000000000000, -1.000000000000000000, -0.000000000000000000 ) ) ;
#248 = ORIENTED_EDGE ( 'NONE', *, *, #530, .F. ) ;
#249 = AXIS2_PLACEMENT_3D ( 'NONE', #661, #138, #1199 ) ;
#250 = CARTESIAN_POINT ( 'NONE',  ( -20.00000000000026645, 14.99999999999999822, 39.14101615137803236 ) ) ;
#251 = EDGE_LOOP ( 'NONE', ( #1513, #1068, #928, #322 ) ) ;
#252 = DIRECTION ( 'NONE',  ( 0.000000000000000000, 0.000000000000000000, 1.000000000000000000 ) ) ;
#253 = AXIS2_PLACEMENT_3D ( 'NONE', #274, #1176, #1356 ) ;
#254 =( LENGTH_UNIT ( ) NAMED_UNIT ( * ) SI_UNIT ( .MILLI., .METRE. ) );
#255 = ORIENTED_EDGE ( 'NONE', *, *, #39, .F. ) ;
#256 = DIRECTION ( 'NONE',  ( -0.000000000000000000, 1.000000000000000000, -0.000000000000000000 ) ) ;
#257 = STYLED_ITEM ( 'NONE', ( #2264 ), #902 ) ;
#258 = DIRECTION ( 'NONE',  ( 0.000000000000000000, 0.000000000000000000, 1.000000000000000000 ) ) ;
#259 = CARTESIAN_POINT ( 'NONE',  ( -20.00000000000026645, 10.59999999999999964, 34.64101615137803947 ) ) ;
#260 = ORIENTED_EDGE ( 'NONE', *, *, #954, .T. ) ;
#261 = CARTESIAN_POINT ( 'NONE',  ( -40.00000000000052580, 10.59999999999999964, 0.000000000000000000 ) ) ;
#262 = CARTESIAN_POINT ( 'NONE',  ( 7.428752623566168970E-15, 15.00000000000000000, -54.00000000000000000 ) ) ;
#263 = ORIENTED_EDGE ( 'NONE', *, *, #1326, .T. ) ;
#264 = DIRECTION ( 'NONE',  ( 0.000000000000000000, -1.000000000000000000, 0.000000000000000000 ) ) ;
#265 = EDGE_CURVE ( 'NONE', #30, #1679, #1272, .T. ) ;
#266 =( NAMED_UNIT ( * ) PLANE_ANGLE_UNIT ( ) SI_UNIT ( $, .RADIAN. ) );
#267 = ORIENTED_EDGE ( 'NONE', *, *, #1922, .F. ) ;
#268 = CARTESIAN_POINT ( 'NONE',  ( -54.99999999999999289, 0.000000000000000000, 65.00000000000001421 ) ) ;
#269 = FILL_AREA_STYLE ('',( #2057 ) ) ;
#270 = ORIENTED_EDGE ( 'NONE', *, *, #1501, .T. ) ;
#271 = DIRECTION ( 'NONE',  ( -0.000000000000000000, -0.000000000000000000, 1.000000000000000000 ) ) ;
#272 = ADVANCED_FACE ( 'NONE', ( #1555 ), #863, .F. ) ;
#273 = ORIENTED_EDGE ( 'NONE', *, *, #2128, .F. ) ;
#274 = CARTESIAN_POINT ( 'NONE',  ( -20.00000000000027711, 10.59999999999999964, -34.64101615137803947 ) ) ;
#275 = CARTESIAN_POINT ( 'NONE',  ( 20.00000000000027001, 0.000000000000000000, 27.14101615137803947 ) ) ;
#276 = ORIENTED_EDGE ( 'NONE', *, *, #679, .T. ) ;
#277 = DIRECTION ( 'NONE',  ( 0.000000000000000000, 0.000000000000000000, 1.000000000000000000 ) ) ;
#278 = CIRCLE ( 'NONE', #1526, 10.00000000000000178 ) ;
#279 = SURFACE_SIDE_STYLE ('',( #1188 ) ) ;
#280 = AXIS2_PLACEMENT_3D ( 'NONE', #220, #2211, #379 ) ;
#281 = VERTEX_POINT ( 'NONE', #466 ) ;
#282 = CIRCLE ( 'NONE', #901, 24.97500000000000142 ) ;
#283 = DIRECTION ( 'NONE',  ( -0.000000000000000000, -1.000000000000000000, -0.000000000000000000 ) ) ;
#284 = CARTESIAN_POINT ( 'NONE',  ( -10.00000000000000888, 7.500000000000000000, 63.00000000000000000 ) ) ;
#285 = EDGE_CURVE ( 'NONE', #733, #2137, #599, .T. ) ;
#286 = FACE_OUTER_BOUND ( 'NONE', #454, .T. ) ;
#287 = VECTOR ( 'NONE', #1582, 1000.000000000000000 ) ;
#288 = CARTESIAN_POINT ( 'NONE',  ( 55.00000000000000000, 15.00000000000000000, -65.00000000000000000 ) ) ;
#289 = VECTOR ( 'NONE', #767, 1000.000000000000000 ) ;
#290 = VERTEX_POINT ( 'NONE', #1274 ) ;
#291 = FACE_OUTER_BOUND ( 'NONE', #872, .T. ) ;
#292 = CIRCLE ( 'NONE', #1455, 4.499999999999997335 ) ;
#293 = DIRECTION ( 'NONE',  ( -0.000000000000000000, -1.000000000000000000, -0.000000000000000000 ) ) ;
#294 = STYLED_ITEM ( 'NONE', ( #1092 ), #751 ) ;
#295 = ORIENTED_EDGE ( 'NONE', *, *, #1987, .T. ) ;
#296 = ADVANCED_FACE ( 'NONE', ( #885 ), #2319, .T. ) ;
#297 = CARTESIAN_POINT ( 'NONE',  ( 40.00000000000052580, 10.59999999999999964, 7.500000000000000000 ) ) ;
#298 = DIRECTION ( 'NONE',  ( -1.000000000000000000, 0.000000000000000000, 1.067522139062650425E-16 ) ) ;
#299 = ORIENTED_EDGE ( 'NONE', *, *, #1649, .T. ) ;
#300 = DIRECTION ( 'NONE',  ( -0.000000000000000000, -1.000000000000000000, -0.000000000000000000 ) ) ;
#301 = ORIENTED_EDGE ( 'NONE', *, *, #88, .T. ) ;
#302 = CYLINDRICAL_SURFACE ( 'NONE', #721, 7.500000000000000000 ) ;
#303 = ORIENTED_EDGE ( 'NONE', *, *, #478, .F. ) ;
#304 = CARTESIAN_POINT ( 'NONE',  ( -10.00000000000000888, 7.500000000000000000, 64.69999999999997442 ) ) ;
#305 = EDGE_CURVE ( 'NONE', #840, #2337, #942, .T. ) ;
#306 = DIRECTION ( 'NONE',  ( 0.000000000000000000, 0.000000000000000000, -1.000000000000000000 ) ) ;
#307 = ORIENTED_EDGE ( 'NONE', *, *, #610, .F. ) ;
#308 = CARTESIAN_POINT ( 'NONE',  ( 6.938893903907228378E-15, 15.00000000000000000, 50.00000000000000000 ) ) ;
#309 = DIRECTION ( 'NONE',  ( -0.000000000000000000, 1.000000000000000000, -0.000000000000000000 ) ) ;
#310 = ORIENTED_EDGE ( 'NONE', *, *, #881, .F. ) ;
#311 = CARTESIAN_POINT ( 'NONE',  ( 40.00000000000052580, 0.000000000000000000, 7.500000000000000000 ) ) ;
#312 = DIRECTION ( 'NONE',  ( 0.000000000000000000, 0.000000000000000000, 1.000000000000000000 ) ) ;
#313 = ADVANCED_FACE ( 'NONE', ( #159 ), #723, .F. ) ;
#314 = EDGE_LOOP ( 'NONE', ( #1594, #1467, #1586, #161, #362, #299, #844, #1716 ) ) ;
#315 = CIRCLE ( 'NONE', #628, 4.499999999999997335 ) ;
#316 = CIRCLE ( 'NONE', #42, 4.499999999999983125 ) ;
#317 = DIRECTION ( 'NONE',  ( -0.000000000000000000, -1.000000000000000000, -0.000000000000000000 ) ) ;
#318 = CIRCLE ( 'NONE', #1712, 4.499999999999983125 ) ;
#319 = CYLINDRICAL_SURFACE ( 'NONE', #822, 3.999999999999996447 ) ;
#320 = VECTOR ( 'NONE', #871, 1000.000000000000000 ) ;
#321 = COLOUR_RGB ( '',0.8980392156862745390, 0.9176470588235293713, 0.9294117647058823817 ) ;
#322 = ORIENTED_EDGE ( 'NONE', *, *, #2209, .F. ) ;
#323 = DIRECTION ( 'NONE',  ( -0.000000000000000000, -0.000000000000000000, 1.000000000000000000 ) ) ;
#324 = DIRECTION ( 'NONE',  ( -0.000000000000000000, 1.000000000000000000, -0.000000000000000000 ) ) ;
#325 = EDGE_CURVE ( 'NONE', #1679, #30, #1683, .T. ) ;
#326 = EDGE_LOOP ( 'NONE', ( #571, #276, #20, #1737 ) ) ;
#327 = AXIS2_PLACEMENT_3D ( 'NONE', #1670, #441, #1156 ) ;
#328 = DIRECTION ( 'NONE',  ( 0.000000000000000000, -0.000000000000000000, -1.000000000000000000 ) ) ;
#329 = DIRECTION ( 'NONE',  ( -0.000000000000000000, 1.000000000000000000, -0.000000000000000000 ) ) ;
#330 = ORIENTED_EDGE ( 'NONE', *, *, #2105, .F. ) ;
#331 = AXIS2_PLACEMENT_3D ( 'NONE', #60, #1666, #936 ) ;
#332 = AXIS2_PLACEMENT_3D ( 'NONE', #308, #473, #1195 ) ;
#333 = CARTESIAN_POINT ( 'NONE',  ( 50.00000000000000711, 0.000000000000000000, 50.00000000000000000 ) ) ;
#334 = DIRECTION ( 'NONE',  ( 0.000000000000000000, 0.000000000000000000, 1.000000000000000000 ) ) ;
#335 = CONICAL_SURFACE ( 'NONE', #1395, 3.399999999999993250, 1.029744258676651203 ) ;
#336 = ORIENTED_EDGE ( 'NONE', *, *, #702, .T. ) ;
#337 =( LENGTH_UNIT ( ) NAMED_UNIT ( * ) SI_UNIT ( .MILLI., .METRE. ) );
#338 = EDGE_CURVE ( 'NONE', #808, #5, #983, .T. ) ;
#339 = DIRECTION ( 'NONE',  ( 0.000000000000000000, 0.000000000000000000, 1.000000000000000000 ) ) ;
#340 = CARTESIAN_POINT ( 'NONE',  ( 65.00000000000000000, 0.000000000000000000, 65.00000000000000000 ) ) ;
#341 = DIRECTION ( 'NONE',  ( 0.000000000000000000, -1.000000000000000000, 0.000000000000000000 ) ) ;
#342 = FACE_BOUND ( 'NONE', #918, .T. ) ;
#343 = EDGE_CURVE ( 'NONE', #290, #1292, #2323, .T. ) ;
#344 = ORIENTED_EDGE ( 'NONE', *, *, #1258, .T. ) ;
#345 = DIRECTION ( 'NONE',  ( 1.000000000000000000, 0.000000000000000000, 0.000000000000000000 ) ) ;
#346 = DIRECTION ( 'NONE',  ( 0.000000000000000000, 0.000000000000000000, -1.000000000000000000 ) ) ;
#347 = PRODUCT_RELATED_PRODUCT_CATEGORY ( 'part', '', ( #93 ) ) ;
#348 = EDGE_LOOP ( 'NONE', ( #1264, #1094, #698 ) ) ;
#349 = CARTESIAN_POINT ( 'NONE',  ( -20.00000000000026645, 0.000000000000000000, 34.64101615137803947 ) ) ;
#350 = ADVANCED_FACE ( 'NONE', ( #1787, #755, #908, #1454, #193, #1601, #1613, #183, #560, #515, #1103, #1592, #925, #1432 ), #1631, .T. ) ;
#351 = STYLED_ITEM ( 'NONE', ( #38 ), #1892 ) ;
#352 = VECTOR ( 'NONE', #2033, 1000.000000000000000 ) ;
#353 = CIRCLE ( 'NONE', #712, 7.500000000000000000 ) ;
#354 = AXIS2_PLACEMENT_3D ( 'NONE', #966, #402, #77 ) ;
#355 = CIRCLE ( 'NONE', #1637, 4.499999999999997335 ) ;
#356 = CARTESIAN_POINT ( 'NONE',  ( 6.938893903907228378E-15, 15.00000000000000000, -46.00000000000000711 ) ) ;
#357 = EDGE_LOOP ( 'NONE', ( #1254, #682 ) ) ;
#358 = DIRECTION ( 'NONE',  ( 0.000000000000000000, 0.000000000000000000, -1.000000000000000000 ) ) ;
#359 = DIRECTION ( 'NONE',  ( 0.000000000000000000, 0.000000000000000000, 1.000000000000000000 ) ) ;
#360 = EDGE_LOOP ( 'NONE', ( #1426, #137 ) ) ;
#361 = CARTESIAN_POINT ( 'NONE',  ( 0.000000000000000000, 15.00000000000000000, -40.00000000000053291 ) ) ;
#362 = ORIENTED_EDGE ( 'NONE', *, *, #1096, .T. ) ;
#363 = EDGE_CURVE ( 'NONE', #1112, #801, #1065, .T. ) ;
#364 = CIRCLE ( 'NONE', #1393, 7.500000000000000000 ) ;
#365 = COLOUR_RGB ( '',0.000000000000000000, 1.000000000000000000, 1.000000000000000000 ) ;
#366 =( NAMED_UNIT ( * ) SI_UNIT ( $, .STERADIAN. ) SOLID_ANGLE_UNIT ( ) );
#367 = EDGE_LOOP ( 'NONE', ( #59, #303, #1534, #1221 ) ) ;
#368 = CARTESIAN_POINT ( 'NONE',  ( 20.00000000000026645, 14.99999999999999822, -34.64101615137803947 ) ) ;
#369 = EDGE_CURVE ( 'NONE', #840, #589, #527, .T. ) ;
#370 = EDGE_LOOP ( 'NONE', ( #1348, #147, #1953, #173 ) ) ;
#371 = DIRECTION ( 'NONE',  ( 0.000000000000000000, 0.000000000000000000, 1.000000000000000000 ) ) ;
#372 = ORIENTED_EDGE ( 'NONE', *, *, #285, .T. ) ;
#373 = FACE_BOUND ( 'NONE', #2226, .T. ) ;
#374 = PLANE ( 'NONE',  #435 ) ;
#375 = EDGE_CURVE ( 'NONE', #707, #483, #2166, .T. ) ;
#376 = CARTESIAN_POINT ( 'NONE',  ( 40.00000000000052580, 10.59999999999999964, 4.499999999999997335 ) ) ;
#377 = ORIENTED_EDGE ( 'NONE', *, *, #1374, .F. ) ;
#378 = CARTESIAN_POINT ( 'NONE',  ( 20.00000000000027001, 10.59999999999999964, 34.64101615137803947 ) ) ;
#379 = DIRECTION ( 'NONE',  ( 0.000000000000000000, -0.000000000000000000, 1.000000000000000000 ) ) ;
#380 = VERTEX_POINT ( 'NONE', #1655 ) ;
#381 = ORIENTED_EDGE ( 'NONE', *, *, #2186, .F. ) ;
#382 = EDGE_CURVE ( 'NONE', #1112, #1607, #605, .T. ) ;
#383 = DIRECTION ( 'NONE',  ( -0.000000000000000000, 1.000000000000000000, -0.000000000000000000 ) ) ;
#384 = DIRECTION ( 'NONE',  ( -0.000000000000000000, -1.000000000000000000, -0.000000000000000000 ) ) ;
#385 = ORIENTED_EDGE ( 'NONE', *, *, #1782, .T. ) ;
#386 = FACE_BOUND ( 'NONE', #1505, .T. ) ;
#387 = DIRECTION ( 'NONE',  ( -0.000000000000000000, -1.000000000000000000, -0.000000000000000000 ) ) ;
#388 = FILL_AREA_STYLE_COLOUR ( '', #1026 ) ;
#389 = CIRCLE ( 'NONE', #1710, 4.499999999999997335 ) ;
#390 = CIRCLE ( 'NONE', #2080, 7.500000000000000000 ) ;
#391 = CIRCLE ( 'NONE', #632, 7.500000000000000000 ) ;
#392 = AXIS2_PLACEMENT_3D ( 'NONE', #1952, #2330, #1084 ) ;
#393 = ORIENTED_EDGE ( 'NONE', *, *, #2001, .T. ) ;
#394 = PLANE ( 'NONE',  #644 ) ;
#395 = CIRCLE ( 'NONE', #717, 7.500000000000000000 ) ;
#396 = AXIS2_PLACEMENT_3D ( 'NONE', #1171, #2227, #2050 ) ;
#397 = ADVANCED_FACE ( 'NONE', ( #1852 ), #596, .F. ) ;
#398 = DIRECTION ( 'NONE',  ( -0.000000000000000000, 1.000000000000000000, -0.000000000000000000 ) ) ;
#399 = VERTEX_POINT ( 'NONE', #1866 ) ;
#400 = DIRECTION ( 'NONE',  ( 0.000000000000000000, 0.000000000000000000, 1.000000000000000000 ) ) ;
#401 = CARTESIAN_POINT ( 'NONE',  ( -20.00000000000027711, 10.59999999999999964, -42.14101615137803947 ) ) ;
#402 = DIRECTION ( 'NONE',  ( -0.000000000000000000, -1.000000000000000000, -0.000000000000000000 ) ) ;
#403 = ORIENTED_EDGE ( 'NONE', *, *, #98, .T. ) ;
#404 = VECTOR ( 'NONE', #1370, 1000.000000000000000 ) ;
#405 = SURFACE_STYLE_FILL_AREA ( #1305 ) ;
#406 = CARTESIAN_POINT ( 'NONE',  ( -15.50000000000027889, 10.59999999999999964, -34.64101615137803947 ) ) ;
#407 = AXIS2_PLACEMENT_3D ( 'NONE', #463, #823, #683 ) ;
#408 = AXIS2_PLACEMENT_3D ( 'NONE', #421, #582, #190 ) ;
#409 = ORIENTED_EDGE ( 'NONE', *, *, #1501, .F. ) ;
#410 = DIRECTION ( 'NONE',  ( -0.000000000000000000, -1.000000000000000000, -0.000000000000000000 ) ) ;
#411 = UNCERTAINTY_MEASURE_WITH_UNIT (LENGTH_MEASURE( 1.000000000000000082E-05 ), #520, 'distance_accuracy_value', 'NONE');
#412 = MECHANICAL_DESIGN_GEOMETRIC_PRESENTATION_REPRESENTATION (  '', ( #257 ), #22 ) ;
#413 = DIRECTION ( 'NONE',  ( -0.000000000000000000, 1.000000000000000000, -0.000000000000000000 ) ) ;
#414 = ORIENTED_EDGE ( 'NONE', *, *, #502, .F. ) ;
#415 = EDGE_CURVE ( 'NONE', #399, #657, #490, .T. ) ;
#416 = DIRECTION ( 'NONE',  ( -0.000000000000000000, 1.000000000000000000, -0.000000000000000000 ) ) ;
#417 = FACE_BOUND ( 'NONE', #1273, .T. ) ;
#418 = ORIENTED_EDGE ( 'NONE', *, *, #1640, .T. ) ;
#419 = FACE_BOUND ( 'NONE', #1144, .T. ) ;
#420 = DIRECTION ( 'NONE',  ( -0.000000000000000000, -1.000000000000000000, -0.000000000000000000 ) ) ;
#421 = CARTESIAN_POINT ( 'NONE',  ( 40.00000000000052580, 0.000000000000000000, 0.000000000000000000 ) ) ;
#422 = EDGE_CURVE ( 'NONE', #921, #1148, #1494, .T. ) ;
#423 = ORIENTED_EDGE ( 'NONE', *, *, #709, .F. ) ;
#424 = DIRECTION ( 'NONE',  ( 0.000000000000000000, 0.000000000000000000, -1.000000000000000000 ) ) ;
#425 = LINE ( 'NONE', #1471, #786 ) ;
#426 = ORIENTED_EDGE ( 'NONE', *, *, #941, .F. ) ;
#427 = DIRECTION ( 'NONE',  ( 0.000000000000000000, 0.000000000000000000, 1.000000000000000000 ) ) ;
#428 = CARTESIAN_POINT ( 'NONE',  ( -20.00000000000027711, 10.59999999999999964, -27.14101615137803947 ) ) ;
#429 = EDGE_LOOP ( 'NONE', ( #814, #2321, #1280, #2118 ) ) ;
#430 = ADVANCED_FACE ( 'NONE', ( #1843 ), #71, .T. ) ;
#431 = FACE_OUTER_BOUND ( 'NONE', #2214, .T. ) ;
#432 = PLANE ( 'NONE',  #493 ) ;
#433 = ORIENTED_EDGE ( 'NONE', *, *, #1166, .T. ) ;
#434 = COLOUR_RGB ( '',0.000000000000000000, 1.000000000000000000, 1.000000000000000000 ) ;
#435 = AXIS2_PLACEMENT_3D ( 'NONE', #922, #1639, #1465 ) ;
#436 = CARTESIAN_POINT ( 'NONE',  ( 6.938893903907228378E-15, 0.000000000000000000, 50.00000000000000000 ) ) ;
#437 = AXIS2_PLACEMENT_3D ( 'NONE', #2322, #384, #1099 ) ;
#438 = CARTESIAN_POINT ( 'NONE',  ( 20.00000000000027001, 0.000000000000000000, 30.14101615137804302 ) ) ;
#439 =( GEOMETRIC_REPRESENTATION_CONTEXT ( 3 ) GLOBAL_UNCERTAINTY_ASSIGNED_CONTEXT ( ( #2339 ) ) GLOBAL_UNIT_ASSIGNED_CONTEXT ( ( #1583, #1434, #160 ) ) REPRESENTATION_CONTEXT ( 'NONE', 'WORKASPACE' ) );
#440 = ORIENTED_EDGE ( 'NONE', *, *, #954, .F. ) ;
#441 = DIRECTION ( 'NONE',  ( 0.000000000000000000, -1.000000000000000000, 0.000000000000000000 ) ) ;
#442 = VECTOR ( 'NONE', #1803, 1000.000000000000000 ) ;
#443 = AXIS2_PLACEMENT_3D ( 'NONE', #1889, #2244, #2257 ) ;
#444 = DIRECTION ( 'NONE',  ( 0.000000000000000000, 0.000000000000000000, -1.000000000000000000 ) ) ;
#445 = FILL_AREA_STYLE_COLOUR ( '', #899 ) ;
#446 = EDGE_LOOP ( 'NONE', ( #1362, #1401, #862, #500 ) ) ;
#447 = CARTESIAN_POINT ( 'NONE',  ( 4.898587196589409870E-16, 15.00000000000000000, -44.00000000000053291 ) ) ;
#448 = EDGE_CURVE ( 'NONE', #1226, #2036, #2208, .T. ) ;
#449 =( NAMED_UNIT ( * ) PLANE_ANGLE_UNIT ( ) SI_UNIT ( $, .RADIAN. ) );
#450 = VERTEX_POINT ( 'NONE', #812 ) ;
#451 = CYLINDRICAL_SURFACE ( 'NONE', #407, 7.500000000000000000 ) ;
#452 = CIRCLE ( 'NONE', #2133, 3.999999999999996447 ) ;
#453 =( NAMED_UNIT ( * ) SI_UNIT ( $, .STERADIAN. ) SOLID_ANGLE_UNIT ( ) );
#454 = EDGE_LOOP ( 'NONE', ( #1903, #2149, #2072, #998 ) ) ;
#455 = DIRECTION ( 'NONE',  ( 0.000000000000000000, 0.000000000000000000, -1.000000000000000000 ) ) ;
#456 = CIRCLE ( 'NONE', #1763, 3.399999999999995914 ) ;
#457 = CARTESIAN_POINT ( 'NONE',  ( 20.00000000000026645, 10.59999999999999964, -30.14101615137804302 ) ) ;
#458 = EDGE_CURVE ( 'NONE', #1061, #2296, #2028, .T. ) ;
#459 = ORIENTED_EDGE ( 'NONE', *, *, #265, .F. ) ;
#460 = DIRECTION ( 'NONE',  ( 0.000000000000000000, 0.000000000000000000, 1.000000000000000000 ) ) ;
#461 =( LENGTH_UNIT ( ) NAMED_UNIT ( * ) SI_UNIT ( .MILLI., .METRE. ) );
#462 = ORIENTED_EDGE ( 'NONE', *, *, #2199, .F. ) ;
#463 = CARTESIAN_POINT ( 'NONE',  ( -20.00000000000026645, 0.000000000000000000, 34.64101615137803947 ) ) ;
#464 = FILL_AREA_STYLE_COLOUR ( '', #597 ) ;
#465 = ORIENTED_EDGE ( 'NONE', *, *, #1864, .F. ) ;
#466 = CARTESIAN_POINT ( 'NONE',  ( -40.00000000000052580, 10.59999999999999964, 4.499999999999997335 ) ) ;
#467 = PLANE ( 'NONE',  #861 ) ;
#468 = EDGE_LOOP ( 'NONE', ( #403, #1554 ) ) ;
#469 = EDGE_CURVE ( 'NONE', #884, #867, #292, .T. ) ;
#470 = DIRECTION ( 'NONE',  ( -0.000000000000000000, 1.000000000000000000, -0.000000000000000000 ) ) ;
#471 = DIRECTION ( 'NONE',  ( -0.000000000000000000, -0.000000000000000000, -1.000000000000000000 ) ) ;
#472 = ORIENTED_EDGE ( 'NONE', *, *, #1258, .F. ) ;
#473 = DIRECTION ( 'NONE',  ( -0.000000000000000000, 1.000000000000000000, -0.000000000000000000 ) ) ;
#474 = PRESENTATION_LAYER_ASSIGNMENT (  '', '', ( #351 ) ) ;
#475 = VECTOR ( 'NONE', #293, 1000.000000000000000 ) ;
#476 = EDGE_LOOP ( 'NONE', ( #1774, #2331 ) ) ;
#477 = CARTESIAN_POINT ( 'NONE',  ( 20.00000000000027001, 14.99999999999999822, 30.14101615137804302 ) ) ;
#478 = EDGE_CURVE ( 'NONE', #209, #2164, #141, .T. ) ;
#479 = STYLED_ITEM ( 'NONE', ( #2115 ), #1032 ) ;
#480 = LINE ( 'NONE', #662, #475 ) ;
#481 = FILL_AREA_STYLE_COLOUR ( '', #321 ) ;
#482 = AXIS2_PLACEMENT_3D ( 'NONE', #1424, #2320, #1623 ) ;
#483 = VERTEX_POINT ( 'NONE', #572 ) ;
#484 = MECHANICAL_DESIGN_GEOMETRIC_PRESENTATION_REPRESENTATION (  '', ( #2202 ), #2086 ) ;
#485 = DIRECTION ( 'NONE',  ( -0.000000000000000000, 1.000000000000000000, -0.000000000000000000 ) ) ;
#486 = DIRECTION ( 'NONE',  ( -0.000000000000000000, 1.000000000000000000, -0.000000000000000000 ) ) ;
#487 = AXIS2_PLACEMENT_3D ( 'NONE', #10, #758, #2176 ) ;
#488 = ORIENTED_EDGE ( 'NONE', *, *, #1620, .F. ) ;
#489 = DIRECTION ( 'NONE',  ( 0.000000000000000000, 0.000000000000000000, -1.000000000000000000 ) ) ;
#490 = CIRCLE ( 'NONE', #686, 4.499999999999997335 ) ;
#491 = VERTEX_POINT ( 'NONE', #1310 ) ;
#492 = LINE ( 'NONE', #850, #404 ) ;
#493 = AXIS2_PLACEMENT_3D ( 'NONE', #406, #970, #1840 ) ;
#494 = DIRECTION ( 'NONE',  ( 0.000000000000000000, 0.000000000000000000, 1.000000000000000000 ) ) ;
#495 = ADVANCED_FACE ( 'NONE', ( #584 ), #1152, .T. ) ;
#496 = AXIS2_PLACEMENT_3D ( 'NONE', #985, #810, #1172 ) ;
#497 = ORIENTED_EDGE ( 'NONE', *, *, #2199, .T. ) ;
#498 = DIRECTION ( 'NONE',  ( -0.000000000000000000, 1.000000000000000000, -0.000000000000000000 ) ) ;
#499 = CARTESIAN_POINT ( 'NONE',  ( 6.938893903907228378E-15, 0.000000000000000000, -50.00000000000000000 ) ) ;
#500 = ORIENTED_EDGE ( 'NONE', *, *, #2284, .F. ) ;
#501 = DIRECTION ( 'NONE',  ( -0.000000000000000000, -1.000000000000000000, -0.000000000000000000 ) ) ;
#502 = EDGE_CURVE ( 'NONE', #1478, #1309, #43, .T. ) ;
#503 = DIRECTION ( 'NONE',  ( 0.000000000000000000, 0.000000000000000000, -1.000000000000000000 ) ) ;
#504 = EDGE_LOOP ( 'NONE', ( #1004, #1208, #575, #1760 ) ) ;
#505 = FACE_OUTER_BOUND ( 'NONE', #1689, .T. ) ;
#506 = DIRECTION ( 'NONE',  ( -0.000000000000000000, -1.000000000000000000, -0.000000000000000000 ) ) ;
#507 =( NAMED_UNIT ( * ) PLANE_ANGLE_UNIT ( ) SI_UNIT ( $, .RADIAN. ) );
#508 = ORIENTED_EDGE ( 'NONE', *, *, #1427, .F. ) ;
#509 = CARTESIAN_POINT ( 'NONE',  ( -49.99999999999999289, 0.000000000000000000, -50.00000000000000000 ) ) ;
#510 = FACE_OUTER_BOUND ( 'NONE', #2031, .T. ) ;
#511 = EDGE_CURVE ( 'NONE', #1458, #1383, #617, .T. ) ;
#512 = ORIENTED_EDGE ( 'NONE', *, *, #2093, .F. ) ;
#513 = DIRECTION ( 'NONE',  ( 0.000000000000000000, 0.000000000000000000, -1.000000000000000000 ) ) ;
#514 = ORIENTED_EDGE ( 'NONE', *, *, #631, .T. ) ;
#515 = FACE_BOUND ( 'NONE', #635, .T. ) ;
#516 = DIRECTION ( 'NONE',  ( -0.000000000000000000, 1.000000000000000000, -0.000000000000000000 ) ) ;
#517 = ORIENTED_EDGE ( 'NONE', *, *, #2332, .T. ) ;
#518 = AXIS2_PLACEMENT_3D ( 'NONE', #117, #879, #703 ) ;
#519 = CIRCLE ( 'NONE', #238, 4.499999999999997335 ) ;
#520 =( LENGTH_UNIT ( ) NAMED_UNIT ( * ) SI_UNIT ( .MILLI., .METRE. ) );
#521 = STYLED_ITEM ( 'NONE', ( #829 ), #1340 ) ;
#522 = AXIS2_PLACEMENT_3D ( 'NONE', #1169, #638, #1847 ) ;
#523 = ADVANCED_FACE ( 'NONE', ( #1323 ), #394, .F. ) ;
#524 = DIRECTION ( 'NONE',  ( 0.000000000000000000, 0.000000000000000000, 1.000000000000000000 ) ) ;
#525 = VERTEX_POINT ( 'NONE', #989 ) ;
#526 = AXIS2_PLACEMENT_3D ( 'NONE', #1834, #47, #1509 ) ;
#527 = LINE ( 'NONE', #1245, #289 ) ;
#528 = CARTESIAN_POINT ( 'NONE',  ( -40.00000000000052580, 0.000000000000000000, -7.500000000000000000 ) ) ;
#529 = LINE ( 'NONE', #340, #56 ) ;
#530 = EDGE_CURVE ( 'NONE', #1650, #111, #2247, .T. ) ;
#531 = CARTESIAN_POINT ( 'NONE',  ( -40.00000000000052580, 0.000000000000000000, 0.000000000000000000 ) ) ;
#532 = DIRECTION ( 'NONE',  ( -0.000000000000000000, 1.000000000000000000, -0.000000000000000000 ) ) ;
#533 = AXIS2_PLACEMENT_3D ( 'NONE', #2254, #486, #1539 ) ;
#534 = PLANE ( 'NONE',  #1161 ) ;
#535 = FACE_OUTER_BOUND ( 'NONE', #1189, .T. ) ;
#536 = CARTESIAN_POINT ( 'NONE',  ( 0.000000000000000000, 15.00000000000000000, 0.000000000000000000 ) ) ;
#537 = EDGE_LOOP ( 'NONE', ( #1130, #1193, #1392, #1329 ) ) ;
#538 = DIRECTION ( 'NONE',  ( -0.000000000000000000, -1.000000000000000000, -0.000000000000000000 ) ) ;
#539 = FACE_OUTER_BOUND ( 'NONE', #370, .T. ) ;
#540 = ORIENTED_EDGE ( 'NONE', *, *, #382, .F. ) ;
#541 = CARTESIAN_POINT ( 'NONE',  ( 3.058555380870514506E-15, 18.99999999999999289, 24.97500000000000142 ) ) ;
#542 = EDGE_CURVE ( 'NONE', #1607, #1112, #1243, .T. ) ;
#543 = CARTESIAN_POINT ( 'NONE',  ( 4.898587196589409870E-16, 0.000000000000000000, -44.00000000000053291 ) ) ;
#544 = DIRECTION ( 'NONE',  ( -0.000000000000000000, -0.000000000000000000, 1.000000000000000000 ) ) ;
#545 = EDGE_LOOP ( 'NONE', ( #488, #1730, #677, #701 ) ) ;
#546 = FILL_AREA_STYLE_COLOUR ( '', #1495 ) ;
#547 = EDGE_CURVE ( 'NONE', #224, #1422, #215, .T. ) ;
#548 = ORIENTED_EDGE ( 'NONE', *, *, #1973, .T. ) ;
#549 = DIRECTION ( 'NONE',  ( 0.000000000000000000, 0.000000000000000000, -1.000000000000000000 ) ) ;
#550 = AXIS2_PLACEMENT_3D ( 'NONE', #587, #1870, #1145 ) ;
#551 = VERTEX_POINT ( 'NONE', #1009 ) ;
#552 = FACE_BOUND ( 'NONE', #360, .T. ) ;
#553 = CIRCLE ( 'NONE', #1265, 4.499999999999983125 ) ;
#554 = PRESENTATION_LAYER_ASSIGNMENT (  '', '', ( #521 ) ) ;
#555 = CIRCLE ( 'NONE', #1862, 7.500000000000000000 ) ;
#556 =( NAMED_UNIT ( * ) PLANE_ANGLE_UNIT ( ) SI_UNIT ( $, .RADIAN. ) );
#557 = PRESENTATION_LAYER_ASSIGNMENT (  '', '', ( #2126 ) ) ;
#558 = ADVANCED_FACE ( 'NONE', ( #2256 ), #451, .F. ) ;
#559 = EDGE_LOOP ( 'NONE', ( #1318, #24 ) ) ;
#560 = FACE_BOUND ( 'NONE', #1106, .T. ) ;
#561 = UNCERTAINTY_MEASURE_WITH_UNIT (LENGTH_MEASURE( 1.000000000000000082E-05 ), #1902, 'distance_accuracy_value', 'NONE');
#562 = CYLINDRICAL_SURFACE ( 'NONE', #1528, 4.499999999999997335 ) ;
#563 = ORIENTED_EDGE ( 'NONE', *, *, #610, .T. ) ;
#564 = DIRECTION ( 'NONE',  ( -0.000000000000000000, -1.000000000000000000, -0.000000000000000000 ) ) ;
#565 = CIRCLE ( 'NONE', #102, 24.97500000000000142 ) ;
#566 = ORIENTED_EDGE ( 'NONE', *, *, #1627, .T. ) ;
#567 = AXIS2_PLACEMENT_3D ( 'NONE', #1183, #2073, #82 ) ;
#568 = FACE_BOUND ( 'NONE', #559, .T. ) ;
#569 = VECTOR ( 'NONE', #1701, 1000.000000000000000 ) ;
#570 = CARTESIAN_POINT ( 'NONE',  ( 20.00000000000027001, 0.000000000000000000, 34.64101615137803947 ) ) ;
#571 = ORIENTED_EDGE ( 'NONE', *, *, #1782, .F. ) ;
#572 = CARTESIAN_POINT ( 'NONE',  ( 20.00000000000027001, 10.59999999999999964, 42.14101615137803947 ) ) ;
#573 = EDGE_CURVE ( 'NONE', #921, #2157, #565, .T. ) ;
#574 = CARTESIAN_POINT ( 'NONE',  ( 55.00000000000000000, 15.00000000000000000, -55.00000000000000000 ) ) ;
#575 = ORIENTED_EDGE ( 'NONE', *, *, #693, .T. ) ;
#576 = LINE ( 'NONE', #2161, #1450 ) ;
#577 = PLANE ( 'NONE',  #550 ) ;
#578 = DIRECTION ( 'NONE',  ( 1.000000000000000000, 0.000000000000000000, 0.000000000000000000 ) ) ;
#579 = ORIENTED_EDGE ( 'NONE', *, *, #369, .F. ) ;
#580 = CARTESIAN_POINT ( 'NONE',  ( 40.00000000000052580, 10.59999999999999964, -7.500000000000000000 ) ) ;
#581 = EDGE_CURVE ( 'NONE', #1408, #1292, #1717, .T. ) ;
#582 = DIRECTION ( 'NONE',  ( -0.000000000000000000, -1.000000000000000000, -0.000000000000000000 ) ) ;
#583 = EDGE_LOOP ( 'NONE', ( #1848, #1304, #1765, #2192 ) ) ;
#584 = FACE_OUTER_BOUND ( 'NONE', #37, .T. ) ;
#585 = LINE ( 'NONE', #438, #1898 ) ;
#586 = ORIENTED_EDGE ( 'NONE', *, *, #732, .T. ) ;
#587 = CARTESIAN_POINT ( 'NONE',  ( 24.50000000000027001, 10.59999999999999964, 34.64101615137803947 ) ) ;
#588 = DIRECTION ( 'NONE',  ( -0.000000000000000000, -1.000000000000000000, -0.000000000000000000 ) ) ;
#589 = VERTEX_POINT ( 'NONE', #1888 ) ;
#590 = FILL_AREA_STYLE_COLOUR ( '', #434 ) ;
#591 = SURFACE_STYLE_FILL_AREA ( #1449 ) ;
#592 = CIRCLE ( 'NONE', #1856, 7.500000000000000000 ) ;
#593 = EDGE_CURVE ( 'NONE', #1698, #1900, #1209, .T. ) ;
#594 = CIRCLE ( 'NONE', #1051, 4.499999999999983125 ) ;
#595 = EDGE_LOOP ( 'NONE', ( #1260, #1929, #1665, #2250 ) ) ;
#596 = CYLINDRICAL_SURFACE ( 'NONE', #1685, 4.499999999999997335 ) ;
#597 = COLOUR_RGB ( '',0.8980392156862745390, 0.9176470588235293713, 0.9294117647058823817 ) ;
#598 = CARTESIAN_POINT ( 'NONE',  ( 55.00000000000000000, 15.00000000000000000, -65.00000000000000000 ) ) ;
#599 = CIRCLE ( 'NONE', #1904, 3.999999999999996447 ) ;
#600 = FACE_OUTER_BOUND ( 'NONE', #234, .T. ) ;
#601 = DIRECTION ( 'NONE',  ( -0.000000000000000000, -1.000000000000000000, -0.000000000000000000 ) ) ;
#602 = ORIENTED_EDGE ( 'NONE', *, *, #1566, .T. ) ;
#603 = AXIS2_PLACEMENT_3D ( 'NONE', #673, #688, #699 ) ;
#604 = EDGE_CURVE ( 'NONE', #2337, #840, #1206, .T. ) ;
#605 = CIRCLE ( 'NONE', #1908, 3.999999999999996447 ) ;
#606 = LINE ( 'NONE', #1321, #569 ) ;
#607 = PRESENTATION_LAYER_ASSIGNMENT (  '', '', ( #294 ) ) ;
#608 = VERTEX_POINT ( 'NONE', #645 ) ;
#609 = DIRECTION ( 'NONE',  ( -0.000000000000000000, -1.000000000000000000, -0.000000000000000000 ) ) ;
#610 = EDGE_CURVE ( 'NONE', #1900, #1698, #364, .T. ) ;
#611 = CARTESIAN_POINT ( 'NONE',  ( 20.00000000000027001, 0.000000000000000000, 39.14101615137803236 ) ) ;
#612 = EDGE_CURVE ( 'NONE', #1086, #237, #1246, .T. ) ;
#613 = CARTESIAN_POINT ( 'NONE',  ( -40.00000000000052580, 10.59999999999999964, -4.499999999999997335 ) ) ;
#614 = VERTEX_POINT ( 'NONE', #1552 ) ;
#615 =( NAMED_UNIT ( * ) SI_UNIT ( $, .STERADIAN. ) SOLID_ANGLE_UNIT ( ) );
#616 = ORIENTED_EDGE ( 'NONE', *, *, #581, .T. ) ;
#617 = LINE ( 'NONE', #789, #837 ) ;
#618 = FACE_OUTER_BOUND ( 'NONE', #1322, .T. ) ;
#619 = ORIENTED_EDGE ( 'NONE', *, *, #2074, .T. ) ;
#620 = DIRECTION ( 'NONE',  ( 0.000000000000000000, 1.000000000000000000, 0.000000000000000000 ) ) ;
#621 = DIRECTION ( 'NONE',  ( 0.000000000000000000, 0.000000000000000000, -1.000000000000000000 ) ) ;
#622 = CARTESIAN_POINT ( 'NONE',  ( 20.00000000000026645, 0.000000000000000000, -42.14101615137803947 ) ) ;
#623 = ADVANCED_FACE ( 'NONE', ( #1914 ), #1578, .F. ) ;
#624 = ORIENTED_EDGE ( 'NONE', *, *, #547, .F. ) ;
#625 = FILL_AREA_STYLE_COLOUR ( '', #1863 ) ;
#626 = CARTESIAN_POINT ( 'NONE',  ( -65.00000000000000000, 15.00000000000000000, 55.00000000000000711 ) ) ;
#627 = EDGE_LOOP ( 'NONE', ( #915, #2042 ) ) ;
#628 = AXIS2_PLACEMENT_3D ( 'NONE', #261, #1005, #236 ) ;
#629 = AXIS2_PLACEMENT_3D ( 'NONE', #1113, #1846, #794 ) ;
#630 = CARTESIAN_POINT ( 'NONE',  ( 20.00000000000027001, 10.59999999999999964, 27.14101615137804302 ) ) ;
#631 = EDGE_CURVE ( 'NONE', #643, #525, #2053, .T. ) ;
#632 = AXIS2_PLACEMENT_3D ( 'NONE', #1725, #283, #1574 ) ;
#633 = CYLINDRICAL_SURFACE ( 'NONE', #1606, 4.499999999999997335 ) ;
#634 = VECTOR ( 'NONE', #2160, 1000.000000000000000 ) ;
#635 = EDGE_LOOP ( 'NONE', ( #2293, #791 ) ) ;
#636 = AXIS2_PLACEMENT_3D ( 'NONE', #1704, #1211, #2232 ) ;
#637 = DIRECTION ( 'NONE',  ( -0.000000000000000000, 1.000000000000000000, -0.000000000000000000 ) ) ;
#638 = DIRECTION ( 'NONE',  ( -0.000000000000000000, -1.000000000000000000, -0.000000000000000000 ) ) ;
#639 = VERTEX_POINT ( 'NONE', #109 ) ;
#640 = CARTESIAN_POINT ( 'NONE',  ( -10.00000000000000888, 7.500000000000000000, 63.00000000000000000 ) ) ;
#641 = AXIS2_PLACEMENT_3D ( 'NONE', #1300, #1855, #455 ) ;
#642 = DIRECTION ( 'NONE',  ( 1.000000000000000000, 0.000000000000000000, 0.000000000000000000 ) ) ;
#643 = VERTEX_POINT ( 'NONE', #1728 ) ;
#644 = AXIS2_PLACEMENT_3D ( 'NONE', #217, #239, #975 ) ;
#645 = CARTESIAN_POINT ( 'NONE',  ( 2.997323040913144960E-15, 20.00000000000000000, 23.97499999999996945 ) ) ;
#646 = CARTESIAN_POINT ( 'NONE',  ( 50.00000000000000711, 15.00000000000000178, -54.49999999999999289 ) ) ;
#647 = ORIENTED_EDGE ( 'NONE', *, *, #1237, .F. ) ;
#648 = EDGE_CURVE ( 'NONE', #1309, #1972, #2095, .T. ) ;
#649 = FACE_BOUND ( 'NONE', #1719, .T. ) ;
#650 = CIRCLE ( 'NONE', #1836, 4.499999999999990230 ) ;
#651 = DIRECTION ( 'NONE',  ( -0.000000000000000000, -1.000000000000000000, -0.000000000000000000 ) ) ;
#652 =( NAMED_UNIT ( * ) SI_UNIT ( $, .STERADIAN. ) SOLID_ANGLE_UNIT ( ) );
#653 = EDGE_LOOP ( 'NONE', ( #63, #1591, #882, #517 ) ) ;
#654 = CYLINDRICAL_SURFACE ( 'NONE', #749, 7.500000000000000000 ) ;
#655 = LINE ( 'NONE', #626, #2023 ) ;
#656 = EDGE_CURVE ( 'NONE', #801, #945, #1761, .T. ) ;
#657 = VERTEX_POINT ( 'NONE', #1531 ) ;
#658 = CARTESIAN_POINT ( 'NONE',  ( 40.00000000000052580, 10.59999999999999964, 0.000000000000000000 ) ) ;
#659 = SURFACE_STYLE_USAGE ( .BOTH. , #1542 ) ;
#660 = ORIENTED_EDGE ( 'NONE', *, *, #1469, .F. ) ;
#661 = CARTESIAN_POINT ( 'NONE',  ( -54.99999999999999289, 15.00000000000000000, 55.00000000000001421 ) ) ;
#662 = CARTESIAN_POINT ( 'NONE',  ( -20.00000000000027711, 0.000000000000000000, -27.14101615137803947 ) ) ;
#663 = DIRECTION ( 'NONE',  ( 0.000000000000000000, 0.000000000000000000, -1.000000000000000000 ) ) ;
#664 = ORIENTED_EDGE ( 'NONE', *, *, #223, .T. ) ;
#665 = CARTESIAN_POINT ( 'NONE',  ( 0.000000000000000000, 15.00000000000000000, 0.000000000000000000 ) ) ;
#666 = ORIENTED_EDGE ( 'NONE', *, *, #656, .T. ) ;
#667 = DIRECTION ( 'NONE',  ( 0.000000000000000000, 0.000000000000000000, -1.000000000000000000 ) ) ;
#668 = ADVANCED_FACE ( 'NONE', ( #286 ), #1024, .F. ) ;
#669 = FACE_OUTER_BOUND ( 'NONE', #1287, .T. ) ;
#670 = CIRCLE ( 'NONE', #1083, 5.999999999999998224 ) ;
#671 =( GEOMETRIC_REPRESENTATION_CONTEXT ( 3 ) GLOBAL_UNCERTAINTY_ASSIGNED_CONTEXT ( ( #1958 ) ) GLOBAL_UNIT_ASSIGNED_CONTEXT ( ( #2151, #1587, #1410 ) ) REPRESENTATION_CONTEXT ( 'NONE', 'WORKASPACE' ) );
#672 = VERTEX_POINT ( 'NONE', #1037 ) ;
#673 = CARTESIAN_POINT ( 'NONE',  ( -20.00000000000026645, 0.000000000000000000, 34.64101615137803947 ) ) ;
#674 = MECHANICAL_DESIGN_GEOMETRIC_PRESENTATION_REPRESENTATION (  '', ( #521 ), #439 ) ;
#675 = FACE_BOUND ( 'NONE', #1551, .T. ) ;
#676 = AXIS2_PLACEMENT_3D ( 'NONE', #759, #1462, #1954 ) ;
#677 = ORIENTED_EDGE ( 'NONE', *, *, #725, .T. ) ;
#678 = CARTESIAN_POINT ( 'NONE',  ( 20.00000000000026645, 10.59999999999999964, -39.14101615137803236 ) ) ;
#679 = EDGE_CURVE ( 'NONE', #959, #639, #1738, .T. ) ;
#680 = DIRECTION ( 'NONE',  ( 1.000000000000000000, 0.000000000000000000, 0.000000000000000000 ) ) ;
#681 = VECTOR ( 'NONE', #2129, 1000.000000000000000 ) ;
#682 = ORIENTED_EDGE ( 'NONE', *, *, #542, .T. ) ;
#683 = DIRECTION ( 'NONE',  ( 0.000000000000000000, 0.000000000000000000, -1.000000000000000000 ) ) ;
#684 = AXIS2_PLACEMENT_3D ( 'NONE', #174, #722, #345 ) ;
#685 = SURFACE_STYLE_FILL_AREA ( #1567 ) ;
#686 = AXIS2_PLACEMENT_3D ( 'NONE', #1468, #2003, #1479 ) ;
#687 = VERTEX_POINT ( 'NONE', #2243 ) ;
#688 = DIRECTION ( 'NONE',  ( -0.000000000000000000, -1.000000000000000000, -0.000000000000000000 ) ) ;
#689 = VECTOR ( 'NONE', #1947, 1000.000000000000000 ) ;
#690 =( LENGTH_UNIT ( ) NAMED_UNIT ( * ) SI_UNIT ( .MILLI., .METRE. ) );
#691 = DIRECTION ( 'NONE',  ( 0.000000000000000000, -1.000000000000000000, 0.000000000000000000 ) ) ;
#692 = AXIS2_PLACEMENT_3D ( 'NONE', #499, #1911, #1736 ) ;
#693 = EDGE_CURVE ( 'NONE', #399, #237, #2100, .T. ) ;
#694 = ORIENTED_EDGE ( 'NONE', *, *, #1812, .T. ) ;
#695 = CARTESIAN_POINT ( 'NONE',  ( -20.00000000000026645, 0.000000000000000000, 34.64101615137803947 ) ) ;
#696 = VERTEX_POINT ( 'NONE', #1878 ) ;
#697 =( LENGTH_UNIT ( ) NAMED_UNIT ( * ) SI_UNIT ( .MILLI., .METRE. ) );
#698 = ORIENTED_EDGE ( 'NONE', *, *, #2186, .T. ) ;
#699 = DIRECTION ( 'NONE',  ( 0.000000000000000000, 0.000000000000000000, -1.000000000000000000 ) ) ;
#700 = DIRECTION ( 'NONE',  ( 0.000000000000000000, -1.000000000000000000, -0.000000000000000000 ) ) ;
#701 = ORIENTED_EDGE ( 'NONE', *, *, #2082, .F. ) ;
#702 = EDGE_CURVE ( 'NONE', #1705, #1102, #1219, .T. ) ;
#703 = DIRECTION ( 'NONE',  ( 0.000000000000000000, 0.000000000000000000, 1.000000000000000000 ) ) ;
#704 = FILL_AREA_STYLE ('',( #1437 ) ) ;
#705 = VERTEX_POINT ( 'NONE', #2231 ) ;
#706 = SURFACE_STYLE_USAGE ( .BOTH. , #171 ) ;
#707 = VERTEX_POINT ( 'NONE', #630 ) ;
#708 = CARTESIAN_POINT ( 'NONE',  ( -10.00000000000000888, 7.500000000000000000, 63.00000000000000000 ) ) ;
#709 = EDGE_CURVE ( 'NONE', #1500, #1198, #181, .T. ) ;
#710 = CARTESIAN_POINT ( 'NONE',  ( -49.99999999999999289, 15.00000000000000000, 54.49999999999999289 ) ) ;
#711 = LINE ( 'NONE', #1418, #681 ) ;
#712 = AXIS2_PLACEMENT_3D ( 'NONE', #2130, #1105, #2150 ) ;
#713 = COLOUR_RGB ( '',0.000000000000000000, 1.000000000000000000, 1.000000000000000000 ) ;
#714 = DIRECTION ( 'NONE',  ( -0.000000000000000000, -1.000000000000000000, -0.000000000000000000 ) ) ;
#715 = AXIS2_PLACEMENT_3D ( 'NONE', #1214, #691, #1053 ) ;
#716 = AXIS2_PLACEMENT_3D ( 'NONE', #976, #398, #1128 ) ;
#717 = AXIS2_PLACEMENT_3D ( 'NONE', #2188, #588, #2010 ) ;
#718 = DIRECTION ( 'NONE',  ( -0.000000000000000000, -1.000000000000000000, -0.000000000000000000 ) ) ;
#719 = PRESENTATION_STYLE_ASSIGNMENT (( #706 ) ) ;
#720 = VERTEX_POINT ( 'NONE', #883 ) ;
#721 = AXIS2_PLACEMENT_3D ( 'NONE', #2246, #1384, #1881 ) ;
#722 = DIRECTION ( 'NONE',  ( -0.000000000000000000, -0.000000000000000000, 1.000000000000000000 ) ) ;
#723 = CONICAL_SURFACE ( 'NONE', #684, 3.399999999999993250, 1.029744258676651203 ) ;
#724 = LINE ( 'NONE', #710, #1789 ) ;
#725 = EDGE_CURVE ( 'NONE', #867, #884, #1459, .T. ) ;
#726 = ORIENTED_EDGE ( 'NONE', *, *, #820, .F. ) ;
#727 = AXIS2_PLACEMENT_3D ( 'NONE', #1230, #323, #214 ) ;
#728 = LINE ( 'NONE', #1974, #2276 ) ;
#729 = VECTOR ( 'NONE', #298, 1000.000000000000000 ) ;
#730 = FACE_BOUND ( 'NONE', #1100, .T. ) ;
#731 = CARTESIAN_POINT ( 'NONE',  ( 3.058555380870514506E-15, 20.00000000000000000, 24.97500000000000142 ) ) ;
#732 = EDGE_CURVE ( 'NONE', #1155, #1975, #452, .T. ) ;
#733 = VERTEX_POINT ( 'NONE', #356 ) ;
#734 = PRESENTATION_STYLE_ASSIGNMENT (( #1622 ) ) ;
#735 = FACE_OUTER_BOUND ( 'NONE', #1997, .T. ) ;
#736 = ORIENTED_EDGE ( 'NONE', *, *, #1147, .F. ) ;
#737 = DIRECTION ( 'NONE',  ( 0.000000000000000000, 0.000000000000000000, -1.000000000000000000 ) ) ;
#738 = DIRECTION ( 'NONE',  ( -0.000000000000000000, -1.000000000000000000, -0.000000000000000000 ) ) ;
#739 = CARTESIAN_POINT ( 'NONE',  ( -10.00000000000000888, 7.500000000000000000, 36.70707389530629428 ) ) ;
#740 = CARTESIAN_POINT ( 'NONE',  ( 6.938893903907228378E-15, 0.000000000000000000, -50.00000000000000000 ) ) ;
#741 = ORIENTED_EDGE ( 'NONE', *, *, #469, .F. ) ;
#742 = DIRECTION ( 'NONE',  ( 0.000000000000000000, 0.000000000000000000, 1.000000000000000000 ) ) ;
#743 = EDGE_CURVE ( 'NONE', #2157, #705, #870, .T. ) ;
#744 = DIRECTION ( 'NONE',  ( -0.000000000000000000, -1.000000000000000000, -0.000000000000000000 ) ) ;
#745 = ORIENTED_EDGE ( 'NONE', *, *, #1374, .T. ) ;
#746 = LINE ( 'NONE', #1446, #2084 ) ;
#747 =( GEOMETRIC_REPRESENTATION_CONTEXT ( 3 ) GLOBAL_UNCERTAINTY_ASSIGNED_CONTEXT ( ( #411 ) ) GLOBAL_UNIT_ASSIGNED_CONTEXT ( ( #520, #1190, #2096 ) ) REPRESENTATION_CONTEXT ( 'NONE', 'WORKASPACE' ) );
#748 = ORIENTED_EDGE ( 'NONE', *, *, #593, .T. ) ;
#749 = AXIS2_PLACEMENT_3D ( 'NONE', #2263, #317, #1559 ) ;
#750 = AXIS2_PLACEMENT_3D ( 'NONE', #2113, #895, #1790 ) ;
#751 = ADVANCED_FACE ( 'NONE', ( #2121 ), #1772, .F. ) ;
#752 = AXIS2_PLACEMENT_3D ( 'NONE', #148, #1936, #1949 ) ;
#753 = DIRECTION ( 'NONE',  ( 0.000000000000000000, 0.000000000000000000, -1.000000000000000000 ) ) ;
#754 = ORIENTED_EDGE ( 'NONE', *, *, #1174, .T. ) ;
#755 = FACE_BOUND ( 'NONE', #627, .T. ) ;
#756 = DIRECTION ( 'NONE',  ( -0.000000000000000000, -0.000000000000000000, -1.000000000000000000 ) ) ;
#757 = VERTEX_POINT ( 'NONE', #1079 ) ;
#758 = DIRECTION ( 'NONE',  ( -1.067522139062650425E-16, 0.000000000000000000, -1.000000000000000000 ) ) ;
#759 = CARTESIAN_POINT ( 'NONE',  ( 65.00000000000000000, 15.00000000000000000, -65.00000000000000000 ) ) ;
#760 = EDGE_CURVE ( 'NONE', #2337, #1408, #1579, .T. ) ;
#761 = EDGE_LOOP ( 'NONE', ( #2282, #1816, #2059, #90 ) ) ;
#762 = AXIS2_PLACEMENT_3D ( 'NONE', #1565, #999, #1367 ) ;
#763 = DIRECTION ( 'NONE',  ( 0.8571673007021106683, 0.000000000000000000, 0.5150380749100570421 ) ) ;
#764 = COLOUR_RGB ( '',0.000000000000000000, 1.000000000000000000, 1.000000000000000000 ) ;
#765 = DIRECTION ( 'NONE',  ( -0.000000000000000000, -1.000000000000000000, -0.000000000000000000 ) ) ;
#766 = EDGE_LOOP ( 'NONE', ( #2052, #1923, #295, #2203 ) ) ;
#767 = DIRECTION ( 'NONE',  ( -0.000000000000000000, -0.000000000000000000, 1.000000000000000000 ) ) ;
#768 = DIRECTION ( 'NONE',  ( 0.000000000000000000, 0.000000000000000000, -1.000000000000000000 ) ) ;
#769 = DIRECTION ( 'NONE',  ( -0.000000000000000000, -1.000000000000000000, -0.000000000000000000 ) ) ;
#770 = CARTESIAN_POINT ( 'NONE',  ( -13.39999999999999503, 7.500000000000000000, 38.75000000000000711 ) ) ;
#771 = ORIENTED_EDGE ( 'NONE', *, *, #2268, .F. ) ;
#772 = ADVANCED_FACE ( 'NONE', ( #535 ), #890, .F. ) ;
#773 = ORIENTED_EDGE ( 'NONE', *, *, #1469, .T. ) ;
#774 = DIRECTION ( 'NONE',  ( 0.000000000000000000, 0.000000000000000000, -1.000000000000000000 ) ) ;
#775 = CARTESIAN_POINT ( 'NONE',  ( 20.00000000000027001, 0.000000000000000000, 42.14101615137803947 ) ) ;
#776 = ORIENTED_EDGE ( 'NONE', *, *, #2340, .F. ) ;
#777 = CARTESIAN_POINT ( 'NONE',  ( 50.00000000000000711, 15.00000000000000178, -45.50000000000001421 ) ) ;
#778 = CYLINDRICAL_SURFACE ( 'NONE', #522, 4.499999999999997335 ) ;
#779 = ORIENTED_EDGE ( 'NONE', *, *, #2001, .F. ) ;
#780 =( LENGTH_UNIT ( ) NAMED_UNIT ( * ) SI_UNIT ( .MILLI., .METRE. ) );
#781 = VECTOR ( 'NONE', #1699, 1000.000000000000000 ) ;
#782 = AXIS2_PLACEMENT_3D ( 'NONE', #232, #953, #1327 ) ;
#783 = ADVANCED_FACE ( 'NONE', ( #199 ), #799, .F. ) ;
#784 = CARTESIAN_POINT ( 'NONE',  ( 20.00000000000026645, 14.99999999999999822, -39.14101615137803236 ) ) ;
#785 = AXIS2_PLACEMENT_3D ( 'NONE', #695, #1020, #1402 ) ;
#786 = VECTOR ( 'NONE', #1154, 1000.000000000000000 ) ;
#787 = COLOUR_RGB ( '',0.000000000000000000, 1.000000000000000000, 1.000000000000000000 ) ;
#788 = ORIENTED_EDGE ( 'NONE', *, *, #941, .T. ) ;
#789 = CARTESIAN_POINT ( 'NONE',  ( -20.00000000000026645, 0.000000000000000000, 42.14101615137803947 ) ) ;
#790 = FACE_BOUND ( 'NONE', #1377, .T. ) ;
#791 = ORIENTED_EDGE ( 'NONE', *, *, #1771, .F. ) ;
#792 = STYLED_ITEM ( 'NONE', ( #734 ), #296 ) ;
#793 = EDGE_CURVE ( 'NONE', #2233, #1111, #2021, .T. ) ;
#794 = DIRECTION ( 'NONE',  ( 0.000000000000000000, 0.000000000000000000, 1.000000000000000000 ) ) ;
#795 =( LENGTH_UNIT ( ) NAMED_UNIT ( * ) SI_UNIT ( .MILLI., .METRE. ) );
#796 = ORIENTED_EDGE ( 'NONE', *, *, #709, .T. ) ;
#797 = VECTOR ( 'NONE', #1297, 1000.000000000000000 ) ;
#798 = PLANE ( 'NONE',  #860 ) ;
#799 = CYLINDRICAL_SURFACE ( 'NONE', #408, 4.499999999999997335 ) ;
#800 = AXIS2_PLACEMENT_3D ( 'NONE', #1282, #29, #1125 ) ;
#801 = VERTEX_POINT ( 'NONE', #923 ) ;
#802 = DIRECTION ( 'NONE',  ( -0.000000000000000000, 1.000000000000000000, -0.000000000000000000 ) ) ;
#803 = ADVANCED_FACE ( 'NONE', ( #1663 ), #2038, .F. ) ;
#804 = PLANE ( 'NONE',  #280 ) ;
#805 = ORIENTED_EDGE ( 'NONE', *, *, #1191, .F. ) ;
#806 = CARTESIAN_POINT ( 'NONE',  ( -20.00000000000027711, 0.000000000000000000, -30.14101615137804302 ) ) ;
#807 = CYLINDRICAL_SURFACE ( 'NONE', #1488, 24.97500000000000142 ) ;
#808 = VERTEX_POINT ( 'NONE', #934 ) ;
#809 = ADVANCED_FACE ( 'NONE', ( #1162, #1150 ), #432, .F. ) ;
#810 = DIRECTION ( 'NONE',  ( -0.000000000000000000, -1.000000000000000000, -0.000000000000000000 ) ) ;
#811 = VERTEX_POINT ( 'NONE', #57 ) ;
#812 = CARTESIAN_POINT ( 'NONE',  ( -6.600000000000008527, 7.500000000000000000, 38.75000000000000711 ) ) ;
#813 = SURFACE_STYLE_FILL_AREA ( #99 ) ;
#814 = ORIENTED_EDGE ( 'NONE', *, *, #743, .F. ) ;
#815 = DIRECTION ( 'NONE',  ( 0.000000000000000000, 1.000000000000000000, 0.000000000000000000 ) ) ;
#816 = SURFACE_STYLE_FILL_AREA ( #1697 ) ;
#817 = EDGE_LOOP ( 'NONE', ( #2020, #385 ) ) ;
#818 = CARTESIAN_POINT ( 'NONE',  ( -6.600000000000005862, 7.500000000000000000, 65.00000000000000000 ) ) ;
#819 = CARTESIAN_POINT ( 'NONE',  ( 20.00000000000026645, 0.000000000000000000, -27.14101615137803947 ) ) ;
#820 = EDGE_CURVE ( 'NONE', #945, #801, #1977, .T. ) ;
#821 = VERTEX_POINT ( 'NONE', #2205 ) ;
#822 = AXIS2_PLACEMENT_3D ( 'NONE', #1240, #1043, #334 ) ;
#823 = DIRECTION ( 'NONE',  ( -0.000000000000000000, -1.000000000000000000, -0.000000000000000000 ) ) ;
#824 = AXIS2_PLACEMENT_3D ( 'NONE', #2308, #744, #175 ) ;
#825 = ORIENTED_EDGE ( 'NONE', *, *, #88, .F. ) ;
#826 = CYLINDRICAL_SURFACE ( 'NONE', #97, 4.499999999999997335 ) ;
#827 = VECTOR ( 'NONE', #51, 1000.000000000000000 ) ;
#828 = STYLED_ITEM ( 'NONE', ( #72 ), #1664 ) ;
#829 = PRESENTATION_STYLE_ASSIGNMENT (( #87 ) ) ;
#830 = SURFACE_STYLE_USAGE ( .BOTH. , #1387 ) ;
#831 = EDGE_LOOP ( 'NONE', ( #586, #1000 ) ) ;
#832 = EDGE_CURVE ( 'NONE', #696, #1758, #2291, .T. ) ;
#833 = FACE_OUTER_BOUND ( 'NONE', #1646, .T. ) ;
#834 = VECTOR ( 'NONE', #2234, 1000.000000000000000 ) ;
#835 = SURFACE_STYLE_FILL_AREA ( #1711 ) ;
#836 = EDGE_LOOP ( 'NONE', ( #1516, #95 ) ) ;
#837 = VECTOR ( 'NONE', #609, 1000.000000000000000 ) ;
#838 = DIRECTION ( 'NONE',  ( 1.000000000000000000, 0.000000000000000000, 0.000000000000000000 ) ) ;
#839 = CARTESIAN_POINT ( 'NONE',  ( -20.00000000000027711, 10.59999999999999964, -34.64101615137803947 ) ) ;
#840 = VERTEX_POINT ( 'NONE', #1308 ) ;
#841 = DIRECTION ( 'NONE',  ( 0.000000000000000000, 0.000000000000000000, -1.000000000000000000 ) ) ;
#842 = VECTOR ( 'NONE', #2278, 1000.000000000000000 ) ;
#843 = DIRECTION ( 'NONE',  ( -0.000000000000000000, 1.000000000000000000, -0.000000000000000000 ) ) ;
#844 = ORIENTED_EDGE ( 'NONE', *, *, #1117, .T. ) ;
#845 = EDGE_CURVE ( 'NONE', #821, #2055, #650, .T. ) ;
#846 = ORIENTED_EDGE ( 'NONE', *, *, #2153, .F. ) ;
#847 = DIRECTION ( 'NONE',  ( -0.000000000000000000, -1.000000000000000000, -0.000000000000000000 ) ) ;
#848 = CYLINDRICAL_SURFACE ( 'NONE', #636, 4.499999999999997335 ) ;
#849 = ORIENTED_EDGE ( 'NONE', *, *, #1793, .T. ) ;
#850 = CARTESIAN_POINT ( 'NONE',  ( -49.99999999999999289, 15.00000000000000000, -54.49999999999999289 ) ) ;
#851 = CYLINDRICAL_SURFACE ( 'NONE', #968, 4.499999999999990230 ) ;
#852 = EDGE_CURVE ( 'NONE', #720, #811, #1690, .T. ) ;
#853 = ORIENTED_EDGE ( 'NONE', *, *, #913, .F. ) ;
#854 = CARTESIAN_POINT ( 'NONE',  ( -20.00000000000026645, 14.99999999999999822, 34.64101615137803947 ) ) ;
#855 = CARTESIAN_POINT ( 'NONE',  ( 7.428752623566168970E-15, 15.00000000000000000, 46.00000000000000711 ) ) ;
#856 = ORIENTED_EDGE ( 'NONE', *, *, #2093, .T. ) ;
#857 = DIRECTION ( 'NONE',  ( -0.7071067811865373587, 8.659560562354808366E-17, 0.7071067811865577868 ) ) ;
#858 = FACE_OUTER_BOUND ( 'NONE', #583, .T. ) ;
#859 = ADVANCED_FACE ( 'NONE', ( #1140 ), #2168, .F. ) ;
#860 = AXIS2_PLACEMENT_3D ( 'NONE', #640, #460, #1330 ) ;
#861 = AXIS2_PLACEMENT_3D ( 'NONE', #1893, #815, #1386 ) ;
#862 = ORIENTED_EDGE ( 'NONE', *, *, #2128, .T. ) ;
#863 = CYLINDRICAL_SURFACE ( 'NONE', #603, 7.500000000000000000 ) ;
#864 = DIRECTION ( 'NONE',  ( 1.067522139062650425E-16, -0.000000000000000000, 1.000000000000000000 ) ) ;
#865 = PRESENTATION_LAYER_ASSIGNMENT (  '', '', ( #972 ) ) ;
#866 = AXIS2_PLACEMENT_3D ( 'NONE', #1718, #2075, #2089 ) ;
#867 = VERTEX_POINT ( 'NONE', #376 ) ;
#868 = CARTESIAN_POINT ( 'NONE',  ( 50.00000000000000711, 15.00000000000000178, -50.00000000000000000 ) ) ;
#869 = VERTEX_POINT ( 'NONE', #784 ) ;
#870 = LINE ( 'NONE', #731, #179 ) ;
#871 = DIRECTION ( 'NONE',  ( 0.000000000000000000, -1.000000000000000000, -0.000000000000000000 ) ) ;
#872 = EDGE_LOOP ( 'NONE', ( #122, #2302, #1907, #1358 ) ) ;
#873 = LINE ( 'NONE', #2067, #287 ) ;
#874 = EDGE_CURVE ( 'NONE', #990, #921, #606, .T. ) ;
#875 = DIRECTION ( 'NONE',  ( 0.000000000000000000, 0.000000000000000000, -1.000000000000000000 ) ) ;
#876 = CARTESIAN_POINT ( 'NONE',  ( 0.000000000000000000, 0.000000000000000000, 0.000000000000000000 ) ) ;
#877 = CIRCLE ( 'NONE', #2251, 7.500000000000000000 ) ;
#878 = ORIENTED_EDGE ( 'NONE', *, *, #235, .F. ) ;
#879 = DIRECTION ( 'NONE',  ( -0.000000000000000000, 1.000000000000000000, -0.000000000000000000 ) ) ;
#880 = SURFACE_SIDE_STYLE ('',( #2324 ) ) ;
#881 = EDGE_CURVE ( 'NONE', #1975, #1155, #987, .T. ) ;
#882 = ORIENTED_EDGE ( 'NONE', *, *, #2035, .T. ) ;
#883 = CARTESIAN_POINT ( 'NONE',  ( 40.00000000000052580, 14.99999999999999822, -4.499999999999997335 ) ) ;
#884 = VERTEX_POINT ( 'NONE', #1390 ) ;
#885 = FACE_OUTER_BOUND ( 'NONE', #429, .T. ) ;
#886 = CARTESIAN_POINT ( 'NONE',  ( -55.00000000000000000, 15.00000000000000000, -54.99999999999998579 ) ) ;
#887 = ORIENTED_EDGE ( 'NONE', *, *, #631, .F. ) ;
#888 = LINE ( 'NONE', #1077, #442 ) ;
#889 = DIRECTION ( 'NONE',  ( 0.000000000000000000, -1.000000000000000000, 0.000000000000000000 ) ) ;
#890 = CYLINDRICAL_SURFACE ( 'NONE', #727, 3.399999999999995914 ) ;
#891 = EDGE_CURVE ( 'NONE', #2164, #1917, #80, .T. ) ;
#892 = FILL_AREA_STYLE ('',( #1421 ) ) ;
#893 = ORIENTED_EDGE ( 'NONE', *, *, #244, .F. ) ;
#894 = CARTESIAN_POINT ( 'NONE',  ( -49.99999999999999289, 15.00000000000000178, -50.00000000000000000 ) ) ;
#895 = DIRECTION ( 'NONE',  ( -0.000000000000000000, -0.000000000000000000, 1.000000000000000000 ) ) ;
#896 = EDGE_LOOP ( 'NONE', ( #624, #647 ) ) ;
#897 = AXIS2_PLACEMENT_3D ( 'NONE', #2260, #864, #2286 ) ;
#898 = DIRECTION ( 'NONE',  ( -0.000000000000000000, 1.000000000000000000, -0.000000000000000000 ) ) ;
#899 = COLOUR_RGB ( '',0.000000000000000000, 1.000000000000000000, 1.000000000000000000 ) ;
#900 = AXIS2_PLACEMENT_3D ( 'NONE', #2195, #1324, #206 ) ;
#901 = AXIS2_PLACEMENT_3D ( 'NONE', #536, #324, #28 ) ;
#902 = ADVANCED_FACE ( 'NONE', ( #94 ), #1549, .F. ) ;
#903 = DIRECTION ( 'NONE',  ( 0.000000000000000000, -0.000000000000000000, -1.000000000000000000 ) ) ;
#904 = CARTESIAN_POINT ( 'NONE',  ( -10.00000000000000178, 7.500000000000000000, 65.00000000000000000 ) ) ;
#905 = DIRECTION ( 'NONE',  ( 0.000000000000000000, 0.000000000000000000, 1.000000000000000000 ) ) ;
#906 = ORIENTED_EDGE ( 'NONE', *, *, #415, .T. ) ;
#907 = AXIS2_PLACEMENT_3D ( 'NONE', #1235, #150, #328 ) ;
#908 = FACE_BOUND ( 'NONE', #2101, .T. ) ;
#909 = LINE ( 'NONE', #528, #634 ) ;
#910 = ORIENTED_EDGE ( 'NONE', *, *, #2326, .T. ) ;
#911 = MECHANICAL_DESIGN_GEOMETRIC_PRESENTATION_REPRESENTATION (  '', ( #2327 ), #2289 ) ;
#912 = CARTESIAN_POINT ( 'NONE',  ( 40.00000000000052580, 0.000000000000000000, -4.499999999999997335 ) ) ;
#913 = EDGE_CURVE ( 'NONE', #1804, #140, #1006, .T. ) ;
#914 = SURFACE_STYLE_USAGE ( .BOTH. , #1430 ) ;
#915 = ORIENTED_EDGE ( 'NONE', *, *, #1138, .T. ) ;
#916 = DIRECTION ( 'NONE',  ( 0.000000000000000000, 0.000000000000000000, -1.000000000000000000 ) ) ;
#917 = CYLINDRICAL_SURFACE ( 'NONE', #482, 4.499999999999990230 ) ;
#918 = EDGE_LOOP ( 'NONE', ( #1283, #726 ) ) ;
#919 = ADVANCED_FACE ( 'NONE', ( #1515 ), #1364, .F. ) ;
#920 = CYLINDRICAL_SURFACE ( 'NONE', #437, 7.500000000000000000 ) ;
#921 = VERTEX_POINT ( 'NONE', #2051 ) ;
#922 = CARTESIAN_POINT ( 'NONE',  ( 65.00000000000000000, 15.00000000000000000, 65.00000000000000000 ) ) ;
#923 = CARTESIAN_POINT ( 'NONE',  ( 6.938893903907228378E-15, 15.00000000000000000, 54.00000000000000000 ) ) ;
#924 = ORIENTED_EDGE ( 'NONE', *, *, #2284, .T. ) ;
#925 = FACE_BOUND ( 'NONE', #357, .T. ) ;
#926 = ADVANCED_FACE ( 'NONE', ( #1205 ), #335, .F. ) ;
#927 = DIRECTION ( 'NONE',  ( 0.000000000000000000, -1.000000000000000000, 0.000000000000000000 ) ) ;
#928 = ORIENTED_EDGE ( 'NONE', *, *, #1002, .T. ) ;
#929 = CARTESIAN_POINT ( 'NONE',  ( -49.99999999999999289, 15.00000000000000178, 50.00000000000000000 ) ) ;
#930 = AXIS2_PLACEMENT_3D ( 'NONE', #2215, #984, #2204 ) ;
#931 = CIRCLE ( 'NONE', #166, 7.500000000000000000 ) ;
#932 = EDGE_LOOP ( 'NONE', ( #53, #2179, #255, #1530, #1638, #619, #853, #910 ) ) ;
#933 = FACE_BOUND ( 'NONE', #2002, .T. ) ;
#934 = CARTESIAN_POINT ( 'NONE',  ( 55.00000000000000000, 15.00000000000000000, 65.00000000000000000 ) ) ;
#935 = EDGE_LOOP ( 'NONE', ( #310, #2111, #270, #1814 ) ) ;
#936 = DIRECTION ( 'NONE',  ( 0.000000000000000000, -0.000000000000000000, 1.000000000000000000 ) ) ;
#937 = UNCERTAINTY_MEASURE_WITH_UNIT (LENGTH_MEASURE( 1.000000000000000082E-05 ), #690, 'distance_accuracy_value', 'NONE');
#938 = CARTESIAN_POINT ( 'NONE',  ( 20.00000000000027001, 0.000000000000000000, 34.64101615137803947 ) ) ;
#939 = VECTOR ( 'NONE', #1349, 1000.000000000000000 ) ;
#940 = ORIENTED_EDGE ( 'NONE', *, *, #1700, .F. ) ;
#941 = EDGE_CURVE ( 'NONE', #2036, #2233, #655, .T. ) ;
#942 = CIRCLE ( 'NONE', #1643, 6.000000000000000000 ) ;
#943 = CARTESIAN_POINT ( 'NONE',  ( -40.00000000000052580, 10.59999999999999964, 7.500000000000000000 ) ) ;
#944 = DIRECTION ( 'NONE',  ( -0.000000000000000000, -1.000000000000000000, -0.000000000000000000 ) ) ;
#945 = VERTEX_POINT ( 'NONE', #855 ) ;
#946 = COLOUR_RGB ( '',0.8980392156862745390, 0.9176470588235293713, 0.9294117647058823817 ) ;
#947 = DIRECTION ( 'NONE',  ( -0.000000000000000000, 1.000000000000000000, -0.000000000000000000 ) ) ;
#948 = EDGE_CURVE ( 'NONE', #1975, #2137, #2242, .T. ) ;
#949 = ORIENTED_EDGE ( 'NONE', *, *, #2229, .T. ) ;
#950 = DIRECTION ( 'NONE',  ( -0.000000000000000000, -1.000000000000000000, -0.000000000000000000 ) ) ;
#951 = LINE ( 'NONE', #775, #46 ) ;
#952 = CARTESIAN_POINT ( 'NONE',  ( 65.00000000000000000, 15.00000000000000000, 65.00000000000000000 ) ) ;
#953 = DIRECTION ( 'NONE',  ( -0.000000000000000000, -1.000000000000000000, -0.000000000000000000 ) ) ;
#954 = EDGE_CURVE ( 'NONE', #1811, #757, #456, .T. ) ;
#955 = CYLINDRICAL_SURFACE ( 'NONE', #168, 4.499999999999997335 ) ;
#956 = ORIENTED_EDGE ( 'NONE', *, *, #1075, .F. ) ;
#957 = PRESENTATION_STYLE_ASSIGNMENT (( #2014 ) ) ;
#958 = DIRECTION ( 'NONE',  ( 0.000000000000000000, 0.000000000000000000, -1.000000000000000000 ) ) ;
#959 = VERTEX_POINT ( 'NONE', #250 ) ;
#960 = DIRECTION ( 'NONE',  ( 0.000000000000000000, 0.000000000000000000, 1.000000000000000000 ) ) ;
#961 = ADVANCED_FACE ( 'NONE', ( #1192 ), #1022, .F. ) ;
#962 = UNCERTAINTY_MEASURE_WITH_UNIT (LENGTH_MEASURE( 1.000000000000000082E-05 ), #2000, 'distance_accuracy_value', 'NONE');
#963 = DIRECTION ( 'NONE',  ( -0.000000000000000000, -1.000000000000000000, -0.000000000000000000 ) ) ;
#964 = ORIENTED_EDGE ( 'NONE', *, *, #1620, .T. ) ;
#965 = FACE_BOUND ( 'NONE', #187, .T. ) ;
#966 = CARTESIAN_POINT ( 'NONE',  ( -20.00000000000027711, 14.99999999999999822, -34.64101615137803947 ) ) ;
#967 = ORIENTED_EDGE ( 'NONE', *, *, #1184, .T. ) ;
#968 = AXIS2_PLACEMENT_3D ( 'NONE', #1360, #1399, #1556 ) ;
#969 = EDGE_CURVE ( 'NONE', #1031, #672, #107, .T. ) ;
#970 = DIRECTION ( 'NONE',  ( 0.000000000000000000, 1.000000000000000000, 0.000000000000000000 ) ) ;
#971 = CIRCLE ( 'NONE', #1266, 4.499999999999997335 ) ;
#972 = STYLED_ITEM ( 'NONE', ( #2237 ), #2304 ) ;
#973 = CIRCLE ( 'NONE', #396, 4.500000000000000888 ) ;
#974 = ORIENTED_EDGE ( 'NONE', *, *, #725, .F. ) ;
#975 = DIRECTION ( 'NONE',  ( 0.000000000000000000, 0.000000000000000000, -1.000000000000000000 ) ) ;
#976 = CARTESIAN_POINT ( 'NONE',  ( 6.938893903907228378E-15, 15.00000000000000000, -50.00000000000000000 ) ) ;
#977 = ORIENTED_EDGE ( 'NONE', *, *, #995, .T. ) ;
#978 = CARTESIAN_POINT ( 'NONE',  ( 20.00000000000027001, 14.99999999999999822, 39.14101615137803236 ) ) ;
#979 = AXIS2_PLACEMENT_3D ( 'NONE', #1731, #2091, #2102 ) ;
#980 = LINE ( 'NONE', #25, #86 ) ;
#981 = EDGE_CURVE ( 'NONE', #1537, #1500, #2173, .T. ) ;
#982 = EDGE_LOOP ( 'NONE', ( #1276, #497, #2206, #1820 ) ) ;
#983 = CIRCLE ( 'NONE', #211, 10.00000000000000178 ) ;
#984 = DIRECTION ( 'NONE',  ( -0.000000000000000000, -1.000000000000000000, -0.000000000000000000 ) ) ;
#985 = CARTESIAN_POINT ( 'NONE',  ( 20.00000000000026645, 0.000000000000000000, -34.64101615137803947 ) ) ;
#986 = EDGE_CURVE ( 'NONE', #1607, #945, #1059, .T. ) ;
#987 = CIRCLE ( 'NONE', #692, 3.999999999999996447 ) ;
#988 = ORIENTED_EDGE ( 'NONE', *, *, #969, .F. ) ;
#989 = CARTESIAN_POINT ( 'NONE',  ( 65.00000000000000000, 15.00000000000000000, -55.00000000000000000 ) ) ;
#990 = VERTEX_POINT ( 'NONE', #2141 ) ;
#991 = CARTESIAN_POINT ( 'NONE',  ( 20.00000000000027001, 0.000000000000000000, 42.14101615137803947 ) ) ;
#992 = CARTESIAN_POINT ( 'NONE',  ( -40.00000000000052580, 0.000000000000000000, 0.000000000000000000 ) ) ;
#993 = DIRECTION ( 'NONE',  ( 0.000000000000000000, 1.000000000000000000, 0.000000000000000000 ) ) ;
#994 = ORIENTED_EDGE ( 'NONE', *, *, #648, .F. ) ;
#995 = EDGE_CURVE ( 'NONE', #687, #1705, #1425, .T. ) ;
#996 = CARTESIAN_POINT ( 'NONE',  ( 65.00000000000000000, 15.00000000000000000, -65.00000000000000000 ) ) ;
#997 = CARTESIAN_POINT ( 'NONE',  ( 50.00000000000000711, 0.000000000000000000, -50.00000000000000000 ) ) ;
#998 = ORIENTED_EDGE ( 'NONE', *, *, #1627, .F. ) ;
#999 = DIRECTION ( 'NONE',  ( 0.000000000000000000, 0.000000000000000000, 1.000000000000000000 ) ) ;
#1000 = ORIENTED_EDGE ( 'NONE', *, *, #881, .T. ) ;
#1001 = CARTESIAN_POINT ( 'NONE',  ( -54.99999999999999289, 0.000000000000000000, -64.99999999999998579 ) ) ;
#1002 = EDGE_CURVE ( 'NONE', #1917, #2265, #877, .T. ) ;
#1003 = FACE_OUTER_BOUND ( 'NONE', #1887, .T. ) ;
#1004 = ORIENTED_EDGE ( 'NONE', *, *, #1101, .F. ) ;
#1005 = DIRECTION ( 'NONE',  ( -0.000000000000000000, -1.000000000000000000, -0.000000000000000000 ) ) ;
#1006 = LINE ( 'NONE', #2083, #729 ) ;
#1007 = EDGE_LOOP ( 'NONE', ( #1475, #243, #84, #372 ) ) ;
#1008 =( GEOMETRIC_REPRESENTATION_CONTEXT ( 3 ) GLOBAL_UNCERTAINTY_ASSIGNED_CONTEXT ( ( #937 ) ) GLOBAL_UNIT_ASSIGNED_CONTEXT ( ( #690, #2248, #114 ) ) REPRESENTATION_CONTEXT ( 'NONE', 'WORKASPACE' ) );
#1009 = CARTESIAN_POINT ( 'NONE',  ( -20.00000000000027711, 0.000000000000000000, -42.14101615137803947 ) ) ;
#1010 = CIRCLE ( 'NONE', #2314, 7.500000000000000000 ) ;
#1011 = DIRECTION ( 'NONE',  ( 0.000000000000000000, 0.000000000000000000, -1.000000000000000000 ) ) ;
#1012 = CIRCLE ( 'NONE', #1489, 4.499999999999983125 ) ;
#1013 = VERTEX_POINT ( 'NONE', #543 ) ;
#1014 = DIRECTION ( 'NONE',  ( -0.000000000000000000, -1.000000000000000000, -0.000000000000000000 ) ) ;
#1015 = PRESENTATION_LAYER_ASSIGNMENT (  '', '', ( #1751 ) ) ;
#1016 = PRESENTATION_STYLE_ASSIGNMENT (( #1546 ) ) ;
#1017 =( LENGTH_UNIT ( ) NAMED_UNIT ( * ) SI_UNIT ( .MILLI., .METRE. ) );
#1018 = ADVANCED_FACE ( 'NONE', ( #2334 ), #2098, .T. ) ;
#1019 = ORIENTED_EDGE ( 'NONE', *, *, #1595, .T. ) ;
#1020 = DIRECTION ( 'NONE',  ( -0.000000000000000000, -1.000000000000000000, -0.000000000000000000 ) ) ;
#1021 = VECTOR ( 'NONE', #1754, 1000.000000000000000 ) ;
#1022 = CYLINDRICAL_SURFACE ( 'NONE', #496, 7.500000000000000000 ) ;
#1023 = ORIENTED_EDGE ( 'NONE', *, *, #305, .T. ) ;
#1024 = CYLINDRICAL_SURFACE ( 'NONE', #2058, 4.499999999999990230 ) ;
#1025 = ADVANCED_FACE ( 'NONE', ( #510 ), #1759, .F. ) ;
#1026 = COLOUR_RGB ( '',0.000000000000000000, 1.000000000000000000, 1.000000000000000000 ) ;
#1027 = CARTESIAN_POINT ( 'NONE',  ( -20.00000000000027711, 0.000000000000000000, -34.64101615137803947 ) ) ;
#1028 = EDGE_LOOP ( 'NONE', ( #1558, #1519, #1569, #1588 ) ) ;
#1029 = LINE ( 'NONE', #1720, #1129 ) ;
#1030 = SURFACE_SIDE_STYLE ('',( #2092 ) ) ;
#1031 = VERTEX_POINT ( 'NONE', #2107 ) ;
#1032 = ADVANCED_FACE ( 'NONE', ( #1610 ), #319, .F. ) ;
#1033 = DIRECTION ( 'NONE',  ( 1.000000000000000000, 0.000000000000000000, 0.000000000000000000 ) ) ;
#1034 = DIRECTION ( 'NONE',  ( -0.000000000000000000, -0.000000000000000000, 1.000000000000000000 ) ) ;
#1035 = EDGE_CURVE ( 'NONE', #1478, #869, #2044, .T. ) ;
#1036 = ORIENTED_EDGE ( 'NONE', *, *, #530, .T. ) ;
#1037 = CARTESIAN_POINT ( 'NONE',  ( -49.99999999999999289, 0.000000000000000000, 45.50000000000002132 ) ) ;
#1038 = ORIENTED_EDGE ( 'NONE', *, *, #2147, .F. ) ;
#1039 = DIRECTION ( 'NONE',  ( 0.000000000000000000, -1.000000000000000000, 0.000000000000000000 ) ) ;
#1040 = DIRECTION ( 'NONE',  ( 0.000000000000000000, 0.000000000000000000, -1.000000000000000000 ) ) ;
#1041 = ORIENTED_EDGE ( 'NONE', *, *, #1492, .T. ) ;
#1042 = LINE ( 'NONE', #1227, #1821 ) ;
#1043 = DIRECTION ( 'NONE',  ( -0.000000000000000000, 1.000000000000000000, -0.000000000000000000 ) ) ;
#1044 = ADVANCED_FACE ( 'NONE', ( #342, #1078, #373, #386, #1838, #419, #54, #552, #188, #2335, #1122, #730, #178, #16, #933 ), #534, .F. ) ;
#1045 = ORIENTED_EDGE ( 'NONE', *, *, #1550, .F. ) ;
#1046 = CARTESIAN_POINT ( 'NONE',  ( -20.00000000000027711, 0.000000000000000000, -39.14101615137803236 ) ) ;
#1047 = MECHANICAL_DESIGN_GEOMETRIC_PRESENTATION_REPRESENTATION (  '', ( #351 ), #747 ) ;
#1048 = VECTOR ( 'NONE', #189, 1000.000000000000000 ) ;
#1049 = EDGE_LOOP ( 'NONE', ( #2175, #1247, #1369, #514 ) ) ;
#1050 = CARTESIAN_POINT ( 'NONE',  ( -15.50000000000026823, 10.59999999999999964, 34.64101615137803947 ) ) ;
#1051 = AXIS2_PLACEMENT_3D ( 'NONE', #1940, #329, #1593 ) ;
#1052 = CARTESIAN_POINT ( 'NONE',  ( -54.99999999999999289, 15.00000000000000000, -64.99999999999998579 ) ) ;
#1053 = DIRECTION ( 'NONE',  ( 0.000000000000000000, 0.000000000000000000, -1.000000000000000000 ) ) ;
#1054 = AXIS2_PLACEMENT_3D ( 'NONE', #186, #1625, #578 ) ;
#1055 = CIRCLE ( 'NONE', #2085, 7.500000000000000000 ) ;
#1056 = ORIENTED_EDGE ( 'NONE', *, *, #1955, .T. ) ;
#1057 = ADVANCED_FACE ( 'NONE', ( #568, #1294 ), #374, .F. ) ;
#1058 = DIRECTION ( 'NONE',  ( -0.000000000000000000, -1.000000000000000000, -0.000000000000000000 ) ) ;
#1059 = LINE ( 'NONE', #2311, #1173 ) ;
#1060 = CIRCLE ( 'NONE', #526, 4.499999999999997335 ) ;
#1061 = VERTEX_POINT ( 'NONE', #739 ) ;
#1062 = DIRECTION ( 'NONE',  ( -0.000000000000000000, 1.000000000000000000, -0.000000000000000000 ) ) ;
#1063 = CARTESIAN_POINT ( 'NONE',  ( -40.00000000000052580, 0.000000000000000000, -7.500000000000000000 ) ) ;
#1064 = ORIENTED_EDGE ( 'NONE', *, *, #1492, .F. ) ;
#1065 = LINE ( 'NONE', #2307, #1453 ) ;
#1066 = MECHANICAL_DESIGN_GEOMETRIC_PRESENTATION_REPRESENTATION (  '', ( #294 ), #1797 ) ;
#1067 = AXIS2_PLACEMENT_3D ( 'NONE', #1331, #765, #1629 ) ;
#1068 = ORIENTED_EDGE ( 'NONE', *, *, #891, .T. ) ;
#1069 = DIRECTION ( 'NONE',  ( 0.000000000000000000, 0.000000000000000000, -1.000000000000000000 ) ) ;
#1070 = ADVANCED_FACE ( 'NONE', ( #1652 ), #2142, .F. ) ;
#1071 = CARTESIAN_POINT ( 'NONE',  ( 40.00000000000052580, 10.59999999999999964, 0.000000000000000000 ) ) ;
#1072 = CARTESIAN_POINT ( 'NONE',  ( 50.00000000000000711, 0.000000000000000000, 54.49999999999998579 ) ) ;
#1073 = ORIENTED_EDGE ( 'NONE', *, *, #1433, .F. ) ;
#1074 = DIRECTION ( 'NONE',  ( 0.000000000000000000, 0.000000000000000000, -1.000000000000000000 ) ) ;
#1075 = EDGE_CURVE ( 'NONE', #525, #1654, #278, .T. ) ;
#1076 = VERTEX_POINT ( 'NONE', #1628 ) ;
#1077 = CARTESIAN_POINT ( 'NONE',  ( -54.99999999999999289, 15.00000000000000000, 65.00000000000001421 ) ) ;
#1078 = FACE_BOUND ( 'NONE', #2197, .T. ) ;
#1079 = CARTESIAN_POINT ( 'NONE',  ( -6.600000000000005862, 7.500000000000000000, 63.00000000000000000 ) ) ;
#1080 = FACE_OUTER_BOUND ( 'NONE', #1961, .T. ) ;
#1081 = ORIENTED_EDGE ( 'NONE', *, *, #2035, .F. ) ;
#1082 = CARTESIAN_POINT ( 'NONE',  ( -10.00000000000000888, 7.500000000000000000, 65.00000000000001421 ) ) ;
#1083 = AXIS2_PLACEMENT_3D ( 'NONE', #304, #1548, #1930 ) ;
#1084 = DIRECTION ( 'NONE',  ( 0.000000000000000000, 0.000000000000000000, 1.000000000000000000 ) ) ;
#1085 = STYLED_ITEM ( 'NONE', ( #1016 ), #1252 ) ;
#1086 = VERTEX_POINT ( 'NONE', #1779 ) ;
#1087 = CIRCLE ( 'NONE', #2120, 4.499999999999990230 ) ;
#1088 = EDGE_CURVE ( 'NONE', #5, #1547, #167, .T. ) ;
#1089 = CARTESIAN_POINT ( 'NONE',  ( -20.00000000000026645, 10.59999999999999964, 34.64101615137803947 ) ) ;
#1090 = CIRCLE ( 'NONE', #354, 4.499999999999997335 ) ;
#1091 = CIRCLE ( 'NONE', #1417, 4.499999999999997335 ) ;
#1092 = PRESENTATION_STYLE_ASSIGNMENT (( #914 ) ) ;
#1093 = PRESENTATION_LAYER_ASSIGNMENT (  '', '', ( #792 ) ) ;
#1094 = ORIENTED_EDGE ( 'NONE', *, *, #1724, .T. ) ;
#1095 = DIRECTION ( 'NONE',  ( -1.067522139062650425E-16, 0.000000000000000000, -1.000000000000000000 ) ) ;
#1096 = EDGE_CURVE ( 'NONE', #1654, #2063, #1271, .T. ) ;
#1097 = FACE_OUTER_BOUND ( 'NONE', #595, .T. ) ;
#1098 = EDGE_LOOP ( 'NONE', ( #418, #2287 ) ) ;
#1099 = DIRECTION ( 'NONE',  ( 0.000000000000000000, 0.000000000000000000, -1.000000000000000000 ) ) ;
#1100 = EDGE_LOOP ( 'NONE', ( #660, #1073 ) ) ;
#1101 = EDGE_CURVE ( 'NONE', #657, #1086, #2200, .T. ) ;
#1102 = VERTEX_POINT ( 'NONE', #613 ) ;
#1103 = FACE_BOUND ( 'NONE', #1883, .T. ) ;
#1104 = DIRECTION ( 'NONE',  ( -0.000000000000000000, -1.000000000000000000, -0.000000000000000000 ) ) ;
#1105 = DIRECTION ( 'NONE',  ( -0.000000000000000000, -1.000000000000000000, -0.000000000000000000 ) ) ;
#1106 = EDGE_LOOP ( 'NONE', ( #248, #149 ) ) ;
#1107 = ADVANCED_FACE ( 'NONE', ( #965, #1290 ), #577, .F. ) ;
#1108 = ORIENTED_EDGE ( 'NONE', *, *, #969, .T. ) ;
#1109 = CARTESIAN_POINT ( 'NONE',  ( 40.00000000000052580, 10.59999999999999964, 0.000000000000000000 ) ) ;
#1110 = CARTESIAN_POINT ( 'NONE',  ( 0.000000000000000000, 0.000000000000000000, -40.00000000000053291 ) ) ;
#1111 = VERTEX_POINT ( 'NONE', #65 ) ;
#1112 = VERTEX_POINT ( 'NONE', #1995 ) ;
#1113 = CARTESIAN_POINT ( 'NONE',  ( 0.000000000000000000, 15.00000000000000000, -40.00000000000053291 ) ) ;
#1114 = CARTESIAN_POINT ( 'NONE',  ( 7.428752623566168970E-15, 15.00000000000000000, -54.00000000000000000 ) ) ;
#1115 = MECHANICAL_DESIGN_GEOMETRIC_PRESENTATION_REPRESENTATION (  '', ( #1085 ), #1008 ) ;
#1116 = ORIENTED_EDGE ( 'NONE', *, *, #18, .F. ) ;
#1117 = EDGE_CURVE ( 'NONE', #192, #2233, #1302, .T. ) ;
#1118 = AXIS2_PLACEMENT_3D ( 'NONE', #868, #485, #1375 ) ;
#1119 = CIRCLE ( 'NONE', #1935, 4.499999999999990230 ) ;
#1120 = CARTESIAN_POINT ( 'NONE',  ( -20.00000000000026645, 14.99999999999999822, 34.64101615137803947 ) ) ;
#1121 = ADVANCED_BREP_SHAPE_REPRESENTATION ( '202500614-10101P01', ( #1664, #1939 ), #1603 ) ;
#1122 = FACE_OUTER_BOUND ( 'NONE', #314, .T. ) ;
#1123 = MECHANICAL_DESIGN_GEOMETRIC_PRESENTATION_REPRESENTATION (  '', ( #972 ), #2159 ) ;
#1124 = AXIS2_PLACEMENT_3D ( 'NONE', #212, #1220, #2295 ) ;
#1125 = DIRECTION ( 'NONE',  ( 0.000000000000000000, 0.000000000000000000, 1.000000000000000000 ) ) ;
#1126 = ORIENTED_EDGE ( 'NONE', *, *, #1724, .F. ) ;
#1127 = CARTESIAN_POINT ( 'NONE',  ( 55.00000000000000000, 15.00000000000000000, 54.99999999999999289 ) ) ;
#1128 = DIRECTION ( 'NONE',  ( 0.000000000000000000, 0.000000000000000000, 1.000000000000000000 ) ) ;
#1129 = VECTOR ( 'NONE', #1740, 1000.000000000000000 ) ;
#1130 = ORIENTED_EDGE ( 'NONE', *, *, #1035, .F. ) ;
#1131 = CARTESIAN_POINT ( 'NONE',  ( 20.00000000000027001, 10.59999999999999964, 39.14101615137803236 ) ) ;
#1132 = DIRECTION ( 'NONE',  ( -0.000000000000000000, -1.000000000000000000, -0.000000000000000000 ) ) ;
#1133 = DIRECTION ( 'NONE',  ( 0.000000000000000000, 0.000000000000000000, -1.000000000000000000 ) ) ;
#1134 = AXIS2_PLACEMENT_3D ( 'NONE', #1692, #300, #667 ) ;
#1135 = ORIENTED_EDGE ( 'NONE', *, *, #511, .T. ) ;
#1136 = VECTOR ( 'NONE', #1394, 1000.000000000000000 ) ;
#1137 = FACE_BOUND ( 'NONE', #1854, .T. ) ;
#1138 = EDGE_CURVE ( 'NONE', #1500, #1537, #316, .T. ) ;
#1139 = AXIS2_PLACEMENT_3D ( 'NONE', #284, #1727, #642 ) ;
#1140 = FACE_OUTER_BOUND ( 'NONE', #1366, .T. ) ;
#1141 = ORIENTED_EDGE ( 'NONE', *, *, #1884, .F. ) ;
#1142 = DIRECTION ( 'NONE',  ( -0.000000000000000000, -1.000000000000000000, -0.000000000000000000 ) ) ;
#1143 = DIRECTION ( 'NONE',  ( 0.000000000000000000, 0.000000000000000000, -1.000000000000000000 ) ) ;
#1144 = EDGE_LOOP ( 'NONE', ( #1630, #2076 ) ) ;
#1145 = DIRECTION ( 'NONE',  ( 0.000000000000000000, -0.000000000000000000, 1.000000000000000000 ) ) ;
#1146 = DIRECTION ( 'NONE',  ( 0.000000000000000000, 0.000000000000000000, -1.000000000000000000 ) ) ;
#1147 = EDGE_CURVE ( 'NONE', #2221, #27, #1633, .T. ) ;
#1148 = VERTEX_POINT ( 'NONE', #1823 ) ;
#1149 = SURFACE_STYLE_FILL_AREA ( #1320 ) ;
#1150 = FACE_OUTER_BOUND ( 'NONE', #1098, .T. ) ;
#1151 = ORIENTED_EDGE ( 'NONE', *, *, #1752, .T. ) ;
#1152 = PLANE ( 'NONE',  #331 ) ;
#1153 = UNCERTAINTY_MEASURE_WITH_UNIT (LENGTH_MEASURE( 1.000000000000000082E-05 ), #1733, 'distance_accuracy_value', 'NONE');
#1154 = DIRECTION ( 'NONE',  ( -0.000000000000000000, 1.000000000000000000, -0.000000000000000000 ) ) ;
#1155 = VERTEX_POINT ( 'NONE', #1315 ) ;
#1156 = DIRECTION ( 'NONE',  ( 0.000000000000000000, 0.000000000000000000, 1.000000000000000000 ) ) ;
#1157 = DIRECTION ( 'NONE',  ( -0.000000000000000000, -1.000000000000000000, -0.000000000000000000 ) ) ;
#1158 =( NAMED_UNIT ( * ) SI_UNIT ( $, .STERADIAN. ) SOLID_ANGLE_UNIT ( ) );
#1159 = EDGE_LOOP ( 'NONE', ( #1657, #771, #1994, #1234 ) ) ;
#1160 = ADVANCED_FACE ( 'NONE', ( #600 ), #1658, .F. ) ;
#1161 = AXIS2_PLACEMENT_3D ( 'NONE', #2167, #1448, #903 ) ;
#1162 = FACE_BOUND ( 'NONE', #476, .T. ) ;
#1163 = VECTOR ( 'NONE', #756, 1000.000000000000000 ) ;
#1164 = CIRCLE ( 'NONE', #866, 10.00000000000000178 ) ;
#1165 = DIRECTION ( 'NONE',  ( -0.000000000000000000, 1.000000000000000000, -0.000000000000000000 ) ) ;
#1166 = EDGE_CURVE ( 'NONE', #608, #990, #1931, .T. ) ;
#1167 = FACE_OUTER_BOUND ( 'NONE', #2299, .T. ) ;
#1168 = LINE ( 'NONE', #1696, #1233 ) ;
#1169 = CARTESIAN_POINT ( 'NONE',  ( 20.00000000000027001, 0.000000000000000000, 34.64101615137803947 ) ) ;
#1170 = VERTEX_POINT ( 'NONE', #428 ) ;
#1171 = CARTESIAN_POINT ( 'NONE',  ( 20.00000000000027001, 10.59999999999999964, 34.64101615137803947 ) ) ;
#1172 = DIRECTION ( 'NONE',  ( 0.000000000000000000, 0.000000000000000000, -1.000000000000000000 ) ) ;
#1173 = VECTOR ( 'NONE', #165, 1000.000000000000000 ) ;
#1174 = EDGE_CURVE ( 'NONE', #1802, #1562, #931, .T. ) ;
#1175 = ORIENTED_EDGE ( 'NONE', *, *, #612, .T. ) ;
#1176 = DIRECTION ( 'NONE',  ( -0.000000000000000000, -1.000000000000000000, -0.000000000000000000 ) ) ;
#1177 = CARTESIAN_POINT ( 'NONE',  ( 40.00000000000052580, 14.99999999999999822, 0.000000000000000000 ) ) ;
#1178 = ORIENTED_EDGE ( 'NONE', *, *, #2105, .T. ) ;
#1179 = LINE ( 'NONE', #1052, #1263 ) ;
#1180 = VERTEX_POINT ( 'NONE', #943 ) ;
#1181 = CARTESIAN_POINT ( 'NONE',  ( -20.00000000000026645, 14.99999999999999822, 30.14101615137804302 ) ) ;
#1182 = EDGE_LOOP ( 'NONE', ( #1837, #964 ) ) ;
#1183 = CARTESIAN_POINT ( 'NONE',  ( 20.00000000000026645, 10.59999999999999964, -34.64101615137803947 ) ) ;
#1184 = EDGE_CURVE ( 'NONE', #281, #1102, #519, .T. ) ;
#1185 = DIRECTION ( 'NONE',  ( -0.000000000000000000, 1.000000000000000000, -0.000000000000000000 ) ) ;
#1186 = ORIENTED_EDGE ( 'NONE', *, *, #1960, .F. ) ;
#1187 = FACE_OUTER_BOUND ( 'NONE', #468, .T. ) ;
#1188 = SURFACE_STYLE_FILL_AREA ( #269 ) ;
#1189 = EDGE_LOOP ( 'NONE', ( #377, #1041, #1, #1141 ) ) ;
#1190 =( NAMED_UNIT ( * ) PLANE_ANGLE_UNIT ( ) SI_UNIT ( $, .RADIAN. ) );
#1191 = EDGE_CURVE ( 'NONE', #672, #821, #980, .T. ) ;
#1192 = FACE_OUTER_BOUND ( 'NONE', #367, .T. ) ;
#1193 = ORIENTED_EDGE ( 'NONE', *, *, #502, .T. ) ;
#1194 = PRESENTATION_LAYER_ASSIGNMENT (  '', '', ( #479 ) ) ;
#1195 = DIRECTION ( 'NONE',  ( 0.000000000000000000, 0.000000000000000000, 1.000000000000000000 ) ) ;
#1196 = AXIS2_PLACEMENT_3D ( 'NONE', #1225, #115, #663 ) ;
#1197 = AXIS2_PLACEMENT_3D ( 'NONE', #23, #927, #768 ) ;
#1198 = VERTEX_POINT ( 'NONE', #777 ) ;
#1199 = DIRECTION ( 'NONE',  ( 0.000000000000000000, 0.000000000000000000, -1.000000000000000000 ) ) ;
#1200 = PRESENTATION_LAYER_ASSIGNMENT (  '', '', ( #2202 ) ) ;
#1201 = FILL_AREA_STYLE_COLOUR ( '', #713 ) ;
#1202 = SURFACE_STYLE_FILL_AREA ( #1536 ) ;
#1203 = VERTEX_POINT ( 'NONE', #1671 ) ;
#1204 = CARTESIAN_POINT ( 'NONE',  ( 20.00000000000026645, 0.000000000000000000, -34.64101615137803947 ) ) ;
#1205 = FACE_OUTER_BOUND ( 'NONE', #1612, .T. ) ;
#1206 = CIRCLE ( 'NONE', #104, 6.000000000000000000 ) ;
#1207 = EDGE_CURVE ( 'NONE', #119, #1203, #1483, .T. ) ;
#1208 = ORIENTED_EDGE ( 'NONE', *, *, #415, .F. ) ;
#1209 = CIRCLE ( 'NONE', #2207, 7.500000000000000000 ) ;
#1210 = DIRECTION ( 'NONE',  ( 0.000000000000000000, 0.000000000000000000, 1.000000000000000000 ) ) ;
#1211 = DIRECTION ( 'NONE',  ( -0.000000000000000000, -1.000000000000000000, -0.000000000000000000 ) ) ;
#1212 = EDGE_LOOP ( 'NONE', ( #1108, #1660 ) ) ;
#1213 = CARTESIAN_POINT ( 'NONE',  ( 40.00000000000052580, 0.000000000000000000, -7.500000000000000000 ) ) ;
#1214 = CARTESIAN_POINT ( 'NONE',  ( 55.00000000000000000, 0.000000000000000000, -55.00000000000000000 ) ) ;
#1215 = EDGE_LOOP ( 'NONE', ( #2027, #602, #197, #263 ) ) ;
#1216 = EDGE_CURVE ( 'NONE', #483, #707, #2235, .T. ) ;
#1217 = FACE_OUTER_BOUND ( 'NONE', #105, .T. ) ;
#1218 = ORIENTED_EDGE ( 'NONE', *, *, #1864, .T. ) ;
#1219 = LINE ( 'NONE', #135, #1319 ) ;
#1220 = DIRECTION ( 'NONE',  ( 0.000000000000000000, 0.000000000000000000, 1.000000000000000000 ) ) ;
#1221 = ORIENTED_EDGE ( 'NONE', *, *, #1714, .T. ) ;
#1222 = CARTESIAN_POINT ( 'NONE',  ( 20.00000000000026645, 10.59999999999999964, -42.14101615137803947 ) ) ;
#1223 = ADVANCED_FACE ( 'NONE', ( #1460 ), #1484, .F. ) ;
#1224 = CARTESIAN_POINT ( 'NONE',  ( 0.000000000000000000, 15.00000000000000000, -40.00000000000053291 ) ) ;
#1225 = CARTESIAN_POINT ( 'NONE',  ( -20.00000000000026645, 0.000000000000000000, 34.64101615137803947 ) ) ;
#1226 = VERTEX_POINT ( 'NONE', #2045 ) ;
#1227 = CARTESIAN_POINT ( 'NONE',  ( 40.00000000000052580, 0.000000000000000000, 4.499999999999997335 ) ) ;
#1228 = CARTESIAN_POINT ( 'NONE',  ( -40.00000000000052580, 14.99999999999999822, 0.000000000000000000 ) ) ;
#1229 = VERTEX_POINT ( 'NONE', #401 ) ;
#1230 = CARTESIAN_POINT ( 'NONE',  ( -10.00000000000000178, 7.500000000000000000, 65.00000000000000000 ) ) ;
#1231 = DIRECTION ( 'NONE',  ( 0.000000000000000000, 0.000000000000000000, -1.000000000000000000 ) ) ;
#1232 = AXIS2_PLACEMENT_3D ( 'NONE', #854, #2275, #2300 ) ;
#1233 = VECTOR ( 'NONE', #76, 1000.000000000000000 ) ;
#1234 = ORIENTED_EDGE ( 'NONE', *, *, #1818, .T. ) ;
#1235 = CARTESIAN_POINT ( 'NONE',  ( 0.000000000000000000, 0.000000000000000000, 0.000000000000000000 ) ) ;
#1236 = DIRECTION ( 'NONE',  ( 0.000000000000000000, 0.000000000000000000, 1.000000000000000000 ) ) ;
#1237 = EDGE_CURVE ( 'NONE', #1422, #224, #390, .T. ) ;
#1238 = ORIENTED_EDGE ( 'NONE', *, *, #1523, .T. ) ;
#1239 = CARTESIAN_POINT ( 'NONE',  ( -10.00000000000000888, 7.500000000000000000, 64.69999999999997442 ) ) ;
#1240 = CARTESIAN_POINT ( 'NONE',  ( 0.000000000000000000, 15.00000000000000000, -40.00000000000053291 ) ) ;
#1241 = DIRECTION ( 'NONE',  ( 0.000000000000000000, 0.000000000000000000, -1.000000000000000000 ) ) ;
#1242 = EDGE_CURVE ( 'NONE', #589, #290, #1168, .T. ) ;
#1243 = CIRCLE ( 'NONE', #2210, 3.999999999999996447 ) ;
#1244 = ORIENTED_EDGE ( 'NONE', *, *, #75, .T. ) ;
#1245 = CARTESIAN_POINT ( 'NONE',  ( -4.000000000000008882, 7.500000000000000000, 63.00000000000000000 ) ) ;
#1246 = CIRCLE ( 'NONE', #253, 4.499999999999997335 ) ;
#1247 = ORIENTED_EDGE ( 'NONE', *, *, #1088, .T. ) ;
#1248 = DIRECTION ( 'NONE',  ( -0.000000000000000000, -1.000000000000000000, -0.000000000000000000 ) ) ;
#1249 = DIRECTION ( 'NONE',  ( 0.000000000000000000, 0.000000000000000000, -1.000000000000000000 ) ) ;
#1250 = LINE ( 'NONE', #1599, #1490 ) ;
#1251 = ORIENTED_EDGE ( 'NONE', *, *, #478, .T. ) ;
#1252 = ADVANCED_FACE ( 'NONE', ( #2177 ), #1741, .F. ) ;
#1253 = CARTESIAN_POINT ( 'NONE',  ( 20.00000000000027001, 0.000000000000000000, 34.64101615137803947 ) ) ;
#1254 = ORIENTED_EDGE ( 'NONE', *, *, #382, .T. ) ;
#1255 = CARTESIAN_POINT ( 'NONE',  ( -65.00000000000000000, 0.000000000000000000, 55.00000000000000711 ) ) ;
#1256 = DIRECTION ( 'NONE',  ( 0.000000000000000000, 0.000000000000000000, -1.000000000000000000 ) ) ;
#1257 = CARTESIAN_POINT ( 'NONE',  ( 20.00000000000026645, 0.000000000000000000, -34.64101615137803947 ) ) ;
#1258 = EDGE_CURVE ( 'NONE', #1170, #2144, #480, .T. ) ;
#1259 = FILL_AREA_STYLE ('',( #2294 ) ) ;
#1260 = ORIENTED_EDGE ( 'NONE', *, *, #1649, .F. ) ;
#1261 =( NAMED_UNIT ( * ) PLANE_ANGLE_UNIT ( ) SI_UNIT ( $, .RADIAN. ) );
#1262 = DIRECTION ( 'NONE',  ( -0.000000000000000000, 1.000000000000000000, -0.000000000000000000 ) ) ;
#1263 = VECTOR ( 'NONE', #1521, 1000.000000000000000 ) ;
#1264 = ORIENTED_EDGE ( 'NONE', *, *, #458, .F. ) ;
#1265 = AXIS2_PLACEMENT_3D ( 'NONE', #509, #498, #1921 ) ;
#1266 = AXIS2_PLACEMENT_3D ( 'NONE', #1177, #1553, #1357 ) ;
#1267 = DIRECTION ( 'NONE',  ( -0.000000000000000000, -1.000000000000000000, -0.000000000000000000 ) ) ;
#1268 =( GEOMETRIC_REPRESENTATION_CONTEXT ( 3 ) GLOBAL_UNCERTAINTY_ASSIGNED_CONTEXT ( ( #1470 ) ) GLOBAL_UNIT_ASSIGNED_CONTEXT ( ( #254, #266, #2305 ) ) REPRESENTATION_CONTEXT ( 'NONE', 'WORKASPACE' ) );
#1269 = EDGE_CURVE ( 'NONE', #1829, #1825, #1756, .T. ) ;
#1270 = ORIENTED_EDGE ( 'NONE', *, *, #1242, .F. ) ;
#1271 = LINE ( 'NONE', #1805, #1048 ) ;
#1272 = CIRCLE ( 'NONE', #1867, 4.499999999999990230 ) ;
#1273 = EDGE_LOOP ( 'NONE', ( #2269, #994 ) ) ;
#1274 = CARTESIAN_POINT ( 'NONE',  ( -3.699999999999981970, 7.500000000000000000, 65.00000000000001421 ) ) ;
#1275 = FACE_OUTER_BOUND ( 'NONE', #1808, .T. ) ;
#1276 = ORIENTED_EDGE ( 'NONE', *, *, #39, .T. ) ;
#1277 = COLOUR_RGB ( '',0.8980392156862745390, 0.9176470588235293713, 0.9294117647058823817 ) ;
#1278 = AXIS2_PLACEMENT_3D ( 'NONE', #570, #226, #958 ) ;
#1279 = FACE_OUTER_BOUND ( 'NONE', #2329, .T. ) ;
#1280 = ORIENTED_EDGE ( 'NONE', *, *, #422, .T. ) ;
#1281 = EDGE_CURVE ( 'NONE', #2164, #209, #592, .T. ) ;
#1282 = CARTESIAN_POINT ( 'NONE',  ( 6.938893903907228378E-15, 15.00000000000000000, -50.00000000000000000 ) ) ;
#1283 = ORIENTED_EDGE ( 'NONE', *, *, #656, .F. ) ;
#1284 = CARTESIAN_POINT ( 'NONE',  ( 0.000000000000000000, 20.00000000000000000, -24.97500000000000142 ) ) ;
#1285 = UNCERTAINTY_MEASURE_WITH_UNIT (LENGTH_MEASURE( 1.000000000000000082E-05 ), #1017, 'distance_accuracy_value', 'NONE');
#1286 = DIRECTION ( 'NONE',  ( 0.000000000000000000, 0.000000000000000000, 1.000000000000000000 ) ) ;
#1287 = EDGE_LOOP ( 'NONE', ( #1880, #1734, #849, #579 ) ) ;
#1288 = ADVANCED_FACE ( 'NONE', ( #1732 ), #124, .F. ) ;
#1289 = CARTESIAN_POINT ( 'NONE',  ( 4.898587196589411843E-16, 15.00000000000000000, -44.00000000000053291 ) ) ;
#1290 = FACE_OUTER_BOUND ( 'NONE', #2189, .T. ) ;
#1291 = CARTESIAN_POINT ( 'NONE',  ( -49.99999999999999289, 15.00000000000000178, 54.49999999999999289 ) ) ;
#1292 = VERTEX_POINT ( 'NONE', #1350 ) ;
#1293 = CYLINDRICAL_SURFACE ( 'NONE', #91, 3.999999999999996447 ) ;
#1294 = FACE_OUTER_BOUND ( 'NONE', #982, .T. ) ;
#1295 = SURFACE_STYLE_USAGE ( .BOTH. , #1491 ) ;
#1296 = ORIENTED_EDGE ( 'NONE', *, *, #1138, .F. ) ;
#1297 = DIRECTION ( 'NONE',  ( -0.000000000000000000, -1.000000000000000000, -0.000000000000000000 ) ) ;
#1298 = DIRECTION ( 'NONE',  ( 0.000000000000000000, 0.000000000000000000, -1.000000000000000000 ) ) ;
#1299 = ORIENTED_EDGE ( 'NONE', *, *, #1585, .T. ) ;
#1300 = CARTESIAN_POINT ( 'NONE',  ( -20.00000000000026645, 10.59999999999999964, 34.64101615137803947 ) ) ;
#1301 = ADVANCED_FACE ( 'NONE', ( #1571 ), #851, .F. ) ;
#1302 = LINE ( 'NONE', #1857, #1342 ) ;
#1303 = DIRECTION ( 'NONE',  ( -0.000000000000000000, -1.000000000000000000, -0.000000000000000000 ) ) ;
#1304 = ORIENTED_EDGE ( 'NONE', *, *, #852, .F. ) ;
#1305 = FILL_AREA_STYLE ('',( #590 ) ) ;
#1306 = PRODUCT_DEFINITION_SHAPE ( 'NONE', 'NONE',  #1365 ) ;
#1307 = CIRCLE ( 'NONE', #443, 7.500000000000000000 ) ;
#1308 = CARTESIAN_POINT ( 'NONE',  ( -4.000000000000008882, 7.500000000000000000, 63.00000000000000000 ) ) ;
#1309 = VERTEX_POINT ( 'NONE', #457 ) ;
#1310 = CARTESIAN_POINT ( 'NONE',  ( 50.00000000000000711, 15.00000000000000178, 54.49999999999999289 ) ) ;
#1311 = ADVANCED_FACE ( 'NONE', ( #675, #2103 ), #467, .F. ) ;
#1312 = CYLINDRICAL_SURFACE ( 'NONE', #169, 10.00000000000000178 ) ;
#1313 = AXIS2_PLACEMENT_3D ( 'NONE', #2283, #1039, #1570 ) ;
#1314 = ORIENTED_EDGE ( 'NONE', *, *, #2136, .T. ) ;
#1315 = CARTESIAN_POINT ( 'NONE',  ( 6.938893903907228378E-15, 0.000000000000000000, -46.00000000000000711 ) ) ;
#1316 = CARTESIAN_POINT ( 'NONE',  ( -65.00000000000000000, 15.00000000000000000, 55.00000000000000711 ) ) ;
#1317 = AXIS2_PLACEMENT_3D ( 'NONE', #1127, #2018, #1830 ) ;
#1318 = ORIENTED_EDGE ( 'NONE', *, *, #343, .T. ) ;
#1319 = VECTOR ( 'NONE', #1517, 1000.000000000000000 ) ;
#1320 = FILL_AREA_STYLE ('',( #625 ) ) ;
#1321 = CARTESIAN_POINT ( 'NONE',  ( 0.000000000000000000, 20.00000000000000000, -23.97499999999996945 ) ) ;
#1322 = EDGE_LOOP ( 'NONE', ( #2025, #825, #1845, #2125 ) ) ;
#1323 = FACE_OUTER_BOUND ( 'NONE', #1776, .T. ) ;
#1324 = DIRECTION ( 'NONE',  ( -0.000000000000000000, -1.000000000000000000, -0.000000000000000000 ) ) ;
#1325 = EDGE_LOOP ( 'NONE', ( #1388, #1038 ) ) ;
#1326 = EDGE_CURVE ( 'NONE', #140, #2063, #1179, .T. ) ;
#1327 = DIRECTION ( 'NONE',  ( 0.000000000000000000, 0.000000000000000000, -1.000000000000000000 ) ) ;
#1328 = DIRECTION ( 'NONE',  ( 0.000000000000000000, -0.000000000000000000, 1.000000000000000000 ) ) ;
#1329 = ORIENTED_EDGE ( 'NONE', *, *, #9, .F. ) ;
#1330 = DIRECTION ( 'NONE',  ( 1.000000000000000000, 0.000000000000000000, -0.000000000000000000 ) ) ;
#1331 = CARTESIAN_POINT ( 'NONE',  ( 40.00000000000052580, 14.99999999999999822, 0.000000000000000000 ) ) ;
#1332 = EDGE_CURVE ( 'NONE', #1155, #733, #1882, .T. ) ;
#1333 = ORIENTED_EDGE ( 'NONE', *, *, #1793, .F. ) ;
#1334 = DIRECTION ( 'NONE',  ( -0.000000000000000000, -1.000000000000000000, -0.000000000000000000 ) ) ;
#1335 = DIRECTION ( 'NONE',  ( -0.000000000000000000, 1.000000000000000000, -0.000000000000000000 ) ) ;
#1336 = ORIENTED_EDGE ( 'NONE', *, *, #581, .F. ) ;
#1337 = DIRECTION ( 'NONE',  ( -0.000000000000000000, -1.000000000000000000, -0.000000000000000000 ) ) ;
#1338 = CARTESIAN_POINT ( 'NONE',  ( -20.00000000000027711, 0.000000000000000000, -34.64101615137803947 ) ) ;
#1339 = EDGE_LOOP ( 'NONE', ( #748, #563 ) ) ;
#1340 = ADVANCED_FACE ( 'NONE', ( #1003 ), #1707, .F. ) ;
#1341 = DIRECTION ( 'NONE',  ( -0.000000000000000000, 1.000000000000000000, -0.000000000000000000 ) ) ;
#1342 = VECTOR ( 'NONE', #258, 1000.000000000000000 ) ;
#1343 = DIRECTION ( 'NONE',  ( 0.000000000000000000, 0.000000000000000000, 1.000000000000000000 ) ) ;
#1344 = AXIS2_PLACEMENT_3D ( 'NONE', #1764, #309, #905 ) ;
#1345 = VERTEX_POINT ( 'NONE', #1615 ) ;
#1346 = DIRECTION ( 'NONE',  ( -0.000000000000000000, -1.000000000000000000, -0.000000000000000000 ) ) ;
#1347 = SURFACE_SIDE_STYLE ('',( #685 ) ) ;
#1348 = ORIENTED_EDGE ( 'NONE', *, *, #68, .F. ) ;
#1349 = DIRECTION ( 'NONE',  ( -0.000000000000000000, -1.000000000000000000, -0.000000000000000000 ) ) ;
#1350 = CARTESIAN_POINT ( 'NONE',  ( -16.30000000000003624, 7.500000000000000888, 65.00000000000001421 ) ) ;
#1351 = ORIENTED_EDGE ( 'NONE', *, *, #2147, .T. ) ;
#1352 = CARTESIAN_POINT ( 'NONE',  ( -40.00000000000052580, 14.99999999999999822, 0.000000000000000000 ) ) ;
#1353 = ADVANCED_FACE ( 'NONE', ( #539 ), #562, .F. ) ;
#1354 = SURFACE_STYLE_USAGE ( .BOTH. , #1560 ) ;
#1355 = ORIENTED_EDGE ( 'NONE', *, *, #338, .F. ) ;
#1356 = DIRECTION ( 'NONE',  ( 0.000000000000000000, 0.000000000000000000, -1.000000000000000000 ) ) ;
#1357 = DIRECTION ( 'NONE',  ( 0.000000000000000000, 0.000000000000000000, -1.000000000000000000 ) ) ;
#1358 = ORIENTED_EDGE ( 'NONE', *, *, #547, .T. ) ;
#1359 = PLANE ( 'NONE',  #2016 ) ;
#1360 = CARTESIAN_POINT ( 'NONE',  ( 50.00000000000000711, 15.00000000000000000, -50.00000000000000000 ) ) ;
#1361 = EDGE_CURVE ( 'NONE', #1621, #1198, #1087, .T. ) ;
#1362 = ORIENTED_EDGE ( 'NONE', *, *, #1523, .F. ) ;
#1363 = FACE_OUTER_BOUND ( 'NONE', #1524, .T. ) ;
#1364 = CYLINDRICAL_SURFACE ( 'NONE', #533, 4.499999999999990230 ) ;
#1365 = PRODUCT_DEFINITION ( 'UNKNOWN', '', #1755, #1981 ) ;
#1366 = EDGE_LOOP ( 'NONE', ( #1412, #2114, #1617, #1036 ) ) ;
#1367 = DIRECTION ( 'NONE',  ( 1.000000000000000000, 0.000000000000000000, 0.000000000000000000 ) ) ;
#1368 = CARTESIAN_POINT ( 'NONE',  ( -40.00000000000052580, 10.59999999999999964, -7.500000000000000000 ) ) ;
#1369 = ORIENTED_EDGE ( 'NONE', *, *, #1616, .T. ) ;
#1370 = DIRECTION ( 'NONE',  ( -0.000000000000000000, 1.000000000000000000, -0.000000000000000000 ) ) ;
#1371 = CARTESIAN_POINT ( 'NONE',  ( 20.00000000000026645, 10.59999999999999964, -34.64101615137803947 ) ) ;
#1372 = DIRECTION ( 'NONE',  ( 0.000000000000000000, 0.000000000000000000, -1.000000000000000000 ) ) ;
#1373 = ORIENTED_EDGE ( 'NONE', *, *, #191, .F. ) ;
#1374 = EDGE_CURVE ( 'NONE', #2296, #450, #131, .T. ) ;
#1375 = DIRECTION ( 'NONE',  ( 0.000000000000000000, 0.000000000000000000, 1.000000000000000000 ) ) ;
#1376 = VECTOR ( 'NONE', #651, 1000.000000000000000 ) ;
#1377 = EDGE_LOOP ( 'NONE', ( #465, #1691 ) ) ;
#1378 = AXIS2_PLACEMENT_3D ( 'NONE', #361, #898, #371 ) ;
#1379 = CIRCLE ( 'NONE', #1966, 3.999999999999996447 ) ;
#1380 = CARTESIAN_POINT ( 'NONE',  ( 0.000000000000000000, 18.99999999999999289, 0.000000000000000000 ) ) ;
#1381 = CIRCLE ( 'NONE', #1054, 3.399999999999993250 ) ;
#1382 = CIRCLE ( 'NONE', #1568, 7.500000000000000000 ) ;
#1383 = VERTEX_POINT ( 'NONE', #1605 ) ;
#1384 = DIRECTION ( 'NONE',  ( -0.000000000000000000, -1.000000000000000000, -0.000000000000000000 ) ) ;
#1385 = ADVANCED_FACE ( 'NONE', ( #735 ), #1959, .F. ) ;
#1386 = DIRECTION ( 'NONE',  ( 0.000000000000000000, -0.000000000000000000, 1.000000000000000000 ) ) ;
#1387 = SURFACE_SIDE_STYLE ('',( #1202 ) ) ;
#1388 = ORIENTED_EDGE ( 'NONE', *, *, #1174, .F. ) ;
#1389 = MECHANICAL_DESIGN_GEOMETRIC_PRESENTATION_REPRESENTATION (  '', ( #792 ), #14 ) ;
#1390 = CARTESIAN_POINT ( 'NONE',  ( 40.00000000000052580, 10.59999999999999964, -4.499999999999997335 ) ) ;
#1391 = ADVANCED_FACE ( 'NONE', ( #1097 ), #1801, .T. ) ;
#1392 = ORIENTED_EDGE ( 'NONE', *, *, #648, .T. ) ;
#1393 = AXIS2_PLACEMENT_3D ( 'NONE', #1749, #847, #1541 ) ;
#1394 = DIRECTION ( 'NONE',  ( -0.000000000000000000, -1.000000000000000000, -0.000000000000000000 ) ) ;
#1395 = AXIS2_PLACEMENT_3D ( 'NONE', #2097, #1034, #1876 ) ;
#1396 = SURFACE_STYLE_USAGE ( .BOTH. , #1347 ) ;
#1397 = ORIENTED_EDGE ( 'NONE', *, *, #845, .T. ) ;
#1398 = DIRECTION ( 'NONE',  ( -0.000000000000000000, 1.000000000000000000, -0.000000000000000000 ) ) ;
#1399 = DIRECTION ( 'NONE',  ( -0.000000000000000000, 1.000000000000000000, -0.000000000000000000 ) ) ;
#1400 = ADVANCED_FACE ( 'NONE', ( #1275 ), #917, .F. ) ;
#1401 = ORIENTED_EDGE ( 'NONE', *, *, #1833, .T. ) ;
#1402 = DIRECTION ( 'NONE',  ( 0.000000000000000000, 0.000000000000000000, -1.000000000000000000 ) ) ;
#1403 = EDGE_LOOP ( 'NONE', ( #1624, #267, #1926, #1151 ) ) ;
#1404 = ADVANCED_FACE ( 'NONE', ( #2127 ), #2341, .F. ) ;
#1405 =( NAMED_UNIT ( * ) SI_UNIT ( $, .STERADIAN. ) SOLID_ANGLE_UNIT ( ) );
#1406 = ORIENTED_EDGE ( 'NONE', *, *, #144, .T. ) ;
#1407 = CARTESIAN_POINT ( 'NONE',  ( -65.00000000000000000, 15.00000000000000000, -54.99999999999998579 ) ) ;
#1408 = VERTEX_POINT ( 'NONE', #1767 ) ;
#1409 = DIRECTION ( 'NONE',  ( 0.000000000000000000, 0.000000000000000000, -1.000000000000000000 ) ) ;
#1410 =( NAMED_UNIT ( * ) SI_UNIT ( $, .STERADIAN. ) SOLID_ANGLE_UNIT ( ) );
#1411 = EDGE_CURVE ( 'NONE', #1668, #1802, #909, .T. ) ;
#1412 = ORIENTED_EDGE ( 'NONE', *, *, #1544, .F. ) ;
#1413 =( NAMED_UNIT ( * ) PLANE_ANGLE_UNIT ( ) SI_UNIT ( $, .RADIAN. ) );
#1414 = EDGE_LOOP ( 'NONE', ( #1251, #1842 ) ) ;
#1415 = DIRECTION ( 'NONE',  ( -0.000000000000000000, 1.000000000000000000, -0.000000000000000000 ) ) ;
#1416 = AXIS2_PLACEMENT_3D ( 'NONE', #184, #1262, #359 ) ;
#1417 = AXIS2_PLACEMENT_3D ( 'NONE', #2110, #1925, #1231 ) ;
#1418 = CARTESIAN_POINT ( 'NONE',  ( 2.936090700955775414E-15, 20.00000000000000000, 23.97499999999996945 ) ) ;
#1419 = DIRECTION ( 'NONE',  ( -0.000000000000000000, -1.000000000000000000, -0.000000000000000000 ) ) ;
#1420 = EDGE_CURVE ( 'NONE', #1031, #2055, #724, .T. ) ;
#1421 = FILL_AREA_STYLE_COLOUR ( '', #2049 ) ;
#1422 = VERTEX_POINT ( 'NONE', #1983 ) ;
#1423 = DIRECTION ( 'NONE',  ( -0.000000000000000000, 1.000000000000000000, -0.000000000000000000 ) ) ;
#1424 = CARTESIAN_POINT ( 'NONE',  ( -49.99999999999999289, 15.00000000000000000, 50.00000000000000000 ) ) ;
#1425 = CIRCLE ( 'NONE', #1874, 4.499999999999997335 ) ;
#1426 = ORIENTED_EDGE ( 'NONE', *, *, #1427, .T. ) ;
#1427 = EDGE_CURVE ( 'NONE', #869, #1478, #2277, .T. ) ;
#1428 = LINE ( 'NONE', #1436, #1444 ) ;
#1429 = SURFACE_STYLE_USAGE ( .BOTH. , #880 ) ;
#1430 = SURFACE_SIDE_STYLE ('',( #1807 ) ) ;
#1431 = ORIENTED_EDGE ( 'NONE', *, *, #265, .T. ) ;
#1432 = FACE_BOUND ( 'NONE', #831, .T. ) ;
#1433 = EDGE_CURVE ( 'NONE', #2255, #491, #1674, .T. ) ;
#1434 =( NAMED_UNIT ( * ) PLANE_ANGLE_UNIT ( ) SI_UNIT ( $, .RADIAN. ) );
#1435 = ORIENTED_EDGE ( 'NONE', *, *, #1906, .F. ) ;
#1436 = CARTESIAN_POINT ( 'NONE',  ( -40.00000000000052580, 0.000000000000000000, 7.500000000000000000 ) ) ;
#1437 = FILL_AREA_STYLE_COLOUR ( '', #365 ) ;
#1438 = SURFACE_STYLE_USAGE ( .BOTH. , #1795 ) ;
#1439 = EDGE_LOOP ( 'NONE', ( #1933, #426, #878, #846 ) ) ;
#1440 = UNCERTAINTY_MEASURE_WITH_UNIT (LENGTH_MEASURE( 1.000000000000000082E-05 ), #780, 'distance_accuracy_value', 'NONE');
#1441 = DIRECTION ( 'NONE',  ( -0.000000000000000000, 1.000000000000000000, -0.000000000000000000 ) ) ;
#1442 = EDGE_CURVE ( 'NONE', #672, #1031, #594, .T. ) ;
#1443 = EDGE_LOOP ( 'NONE', ( #393, #2079 ) ) ;
#1444 = VECTOR ( 'NONE', #1267, 1000.000000000000000 ) ;
#1445 = AXIS2_PLACEMENT_3D ( 'NONE', #368, #139, #875 ) ;
#1446 = CARTESIAN_POINT ( 'NONE',  ( 55.00000000000000000, 15.00000000000000000, 65.00000000000000000 ) ) ;
#1447 = ORIENTED_EDGE ( 'NONE', *, *, #1714, .F. ) ;
#1448 = DIRECTION ( 'NONE',  ( 0.000000000000000000, -1.000000000000000000, 0.000000000000000000 ) ) ;
#1449 = FILL_AREA_STYLE ('',( #388 ) ) ;
#1450 = VECTOR ( 'NONE', #1104, 1000.000000000000000 ) ;
#1451 = EDGE_CURVE ( 'NONE', #111, #1650, #2315, .T. ) ;
#1452 = ORIENTED_EDGE ( 'NONE', *, *, #1806, .F. ) ;
#1453 = VECTOR ( 'NONE', #1415, 1000.000000000000000 ) ;
#1454 = FACE_OUTER_BOUND ( 'NONE', #932, .T. ) ;
#1455 = AXIS2_PLACEMENT_3D ( 'NONE', #1109, #1817, #2183 ) ;
#1456 = DIRECTION ( 'NONE',  ( -0.000000000000000000, 1.000000000000000000, -0.000000000000000000 ) ) ;
#1457 = ORIENTED_EDGE ( 'NONE', *, *, #1147, .T. ) ;
#1458 = VERTEX_POINT ( 'NONE', #2004 ) ;
#1459 = CIRCLE ( 'NONE', #1540, 4.499999999999997335 ) ;
#1460 = FACE_OUTER_BOUND ( 'NONE', #1739, .T. ) ;
#1461 = VECTOR ( 'NONE', #1865, 1000.000000000000000 ) ;
#1462 = DIRECTION ( 'NONE',  ( -1.000000000000000000, 0.000000000000000000, 0.000000000000000000 ) ) ;
#1463 = ORIENTED_EDGE ( 'NONE', *, *, #1101, .T. ) ;
#1464 = SURFACE_STYLE_FILL_AREA ( #892 ) ;
#1465 = DIRECTION ( 'NONE',  ( -1.000000000000000000, 0.000000000000000000, 1.067522139062650425E-16 ) ) ;
#1466 =( NAMED_UNIT ( * ) PLANE_ANGLE_UNIT ( ) SI_UNIT ( $, .RADIAN. ) );
#1467 = ORIENTED_EDGE ( 'NONE', *, *, #338, .T. ) ;
#1468 = CARTESIAN_POINT ( 'NONE',  ( -20.00000000000027711, 14.99999999999999822, -34.64101615137803947 ) ) ;
#1469 = EDGE_CURVE ( 'NONE', #491, #2255, #1119, .T. ) ;
#1470 = UNCERTAINTY_MEASURE_WITH_UNIT (LENGTH_MEASURE( 1.000000000000000082E-05 ), #254, 'distance_accuracy_value', 'NONE');
#1471 = CARTESIAN_POINT ( 'NONE',  ( 50.00000000000000711, 15.00000000000000000, 45.50000000000001421 ) ) ;
#1472 = CARTESIAN_POINT ( 'NONE',  ( -10.00000000000000178, 7.500000000000000000, 63.00000000000000000 ) ) ;
#1473 = DIRECTION ( 'NONE',  ( 0.000000000000000000, 0.000000000000000000, -1.000000000000000000 ) ) ;
#1474 = CARTESIAN_POINT ( 'NONE',  ( 20.00000000000026645, 0.000000000000000000, -42.14101615137803947 ) ) ;
#1475 = ORIENTED_EDGE ( 'NONE', *, *, #948, .F. ) ;
#1476 = ADVANCED_FACE ( 'NONE', ( #790, #2174 ), #804, .F. ) ;
#1477 = DIRECTION ( 'NONE',  ( 0.000000000000000000, 0.000000000000000000, 1.000000000000000000 ) ) ;
#1478 = VERTEX_POINT ( 'NONE', #45 ) ;
#1479 = DIRECTION ( 'NONE',  ( 0.000000000000000000, 0.000000000000000000, -1.000000000000000000 ) ) ;
#1480 = DIRECTION ( 'NONE',  ( -0.000000000000000000, -1.000000000000000000, -0.000000000000000000 ) ) ;
#1481 = ORIENTED_EDGE ( 'NONE', *, *, #112, .F. ) ;
#1482 = VECTOR ( 'NONE', #271, 1000.000000000000000 ) ;
#1483 = CIRCLE ( 'NONE', #2117, 4.500000000000000888 ) ;
#1484 = CYLINDRICAL_SURFACE ( 'NONE', #1781, 4.499999999999997335 ) ;
#1485 = DIRECTION ( 'NONE',  ( 0.000000000000000000, 0.000000000000000000, -1.000000000000000000 ) ) ;
#1486 = AXIS2_PLACEMENT_3D ( 'NONE', #1597, #2131, #1956 ) ;
#1487 = ORIENTED_EDGE ( 'NONE', *, *, #845, .F. ) ;
#1488 = AXIS2_PLACEMENT_3D ( 'NONE', #208, #944, #1648 ) ;
#1489 = AXIS2_PLACEMENT_3D ( 'NONE', #1667, #413, #1286 ) ;
#1490 = VECTOR ( 'NONE', #763, 1000.000000000000000 ) ;
#1491 = SURFACE_SIDE_STYLE ('',( #591 ) ) ;
#1492 = EDGE_CURVE ( 'NONE', #2296, #1811, #1992, .T. ) ;
#1493 = ORIENTED_EDGE ( 'NONE', *, *, #1207, .F. ) ;
#1494 = LINE ( 'NONE', #1284, #2288 ) ;
#1495 = COLOUR_RGB ( '',0.000000000000000000, 1.000000000000000000, 1.000000000000000000 ) ;
#1496 = LINE ( 'NONE', #598, #2008 ) ;
#1497 = ORIENTED_EDGE ( 'NONE', *, *, #343, .F. ) ;
#1498 = AXIS2_PLACEMENT_3D ( 'NONE', #228, #2194, #424 ) ;
#1499 = CARTESIAN_POINT ( 'NONE',  ( -40.00000000000052580, 10.59999999999999964, 0.000000000000000000 ) ) ;
#1500 = VERTEX_POINT ( 'NONE', #1853 ) ;
#1501 = EDGE_CURVE ( 'NONE', #2137, #733, #1604, .T. ) ;
#1502 = VECTOR ( 'NONE', #544, 1000.000000000000000 ) ;
#1503 = DIRECTION ( 'NONE',  ( 0.000000000000000000, 0.000000000000000000, -1.000000000000000000 ) ) ;
#1504 = CARTESIAN_POINT ( 'NONE',  ( -49.99999999999999289, 15.00000000000000178, 50.00000000000000000 ) ) ;
#1505 = EDGE_LOOP ( 'NONE', ( #940, #2217 ) ) ;
#1506 = CARTESIAN_POINT ( 'NONE',  ( 20.00000000000026645, 0.000000000000000000, -34.64101615137803947 ) ) ;
#1507 = CARTESIAN_POINT ( 'NONE',  ( -13.39999999999999858, 7.500000000000000000, 65.00000000000000000 ) ) ;
#1508 = ORIENTED_EDGE ( 'NONE', *, *, #1237, .T. ) ;
#1509 = DIRECTION ( 'NONE',  ( 0.000000000000000000, 0.000000000000000000, -1.000000000000000000 ) ) ;
#1510 = EDGE_CURVE ( 'NONE', #230, #1203, #585, .T. ) ;
#1511 = DIRECTION ( 'NONE',  ( 0.000000000000000000, 0.000000000000000000, 1.000000000000000000 ) ) ;
#1512 = CARTESIAN_POINT ( 'NONE',  ( 24.50000000000026290, 10.59999999999999964, -34.64101615137803947 ) ) ;
#1513 = ORIENTED_EDGE ( 'NONE', *, *, #1281, .F. ) ;
#1514 = CYLINDRICAL_SURFACE ( 'NONE', #930, 7.500000000000000000 ) ;
#1515 = FACE_OUTER_BOUND ( 'NONE', #1990, .T. ) ;
#1516 = ORIENTED_EDGE ( 'NONE', *, *, #1973, .F. ) ;
#1517 = DIRECTION ( 'NONE',  ( -0.000000000000000000, -1.000000000000000000, -0.000000000000000000 ) ) ;
#1518 =( NAMED_UNIT ( * ) PLANE_ANGLE_UNIT ( ) SI_UNIT ( $, .RADIAN. ) );
#1519 = ORIENTED_EDGE ( 'NONE', *, *, #32, .T. ) ;
#1520 = LINE ( 'NONE', #952, #834 ) ;
#1521 = DIRECTION ( 'NONE',  ( -0.000000000000000000, 1.000000000000000000, 0.000000000000000000 ) ) ;
#1522 = SURFACE_STYLE_USAGE ( .BOTH. , #1871 ) ;
#1523 = EDGE_CURVE ( 'NONE', #1013, #1744, #2156, .T. ) ;
#1524 = EDGE_LOOP ( 'NONE', ( #776, #344, #1314, #2066 ) ) ;
#1525 = DIRECTION ( 'NONE',  ( 0.000000000000000000, 0.000000000000000000, -1.000000000000000000 ) ) ;
#1526 = AXIS2_PLACEMENT_3D ( 'NONE', #1827, #2, #1249 ) ;
#1527 = FILL_AREA_STYLE_COLOUR ( '', #764 ) ;
#1528 = AXIS2_PLACEMENT_3D ( 'NONE', #1253, #2148, #346 ) ;
#1529 = CIRCLE ( 'NONE', #1124, 5.999999999999998224 ) ;
#1530 = ORIENTED_EDGE ( 'NONE', *, *, #235, .T. ) ;
#1531 = CARTESIAN_POINT ( 'NONE',  ( -20.00000000000027711, 14.99999999999999822, -30.14101615137804302 ) ) ;
#1532 = EDGE_CURVE ( 'NONE', #100, #119, #1819, .T. ) ;
#1533 = LINE ( 'NONE', #2065, #1564 ) ;
#1534 = ORIENTED_EDGE ( 'NONE', *, *, #2209, .T. ) ;
#1535 = FACE_OUTER_BOUND ( 'NONE', #1877, .T. ) ;
#1536 = FILL_AREA_STYLE ('',( #481 ) ) ;
#1537 = VERTEX_POINT ( 'NONE', #62 ) ;
#1538 = CARTESIAN_POINT ( 'NONE',  ( 20.00000000000026645, 0.000000000000000000, -27.14101615137803947 ) ) ;
#1539 = DIRECTION ( 'NONE',  ( 0.000000000000000000, 0.000000000000000000, 1.000000000000000000 ) ) ;
#1540 = AXIS2_PLACEMENT_3D ( 'NONE', #1071, #718, #2316 ) ;
#1541 = DIRECTION ( 'NONE',  ( 0.000000000000000000, 0.000000000000000000, -1.000000000000000000 ) ) ;
#1542 = SURFACE_SIDE_STYLE ('',( #813 ) ) ;
#1543 = ORIENTED_EDGE ( 'NONE', *, *, #1216, .F. ) ;
#1544 = EDGE_CURVE ( 'NONE', #483, #111, #951, .T. ) ;
#1545 = DIRECTION ( 'NONE',  ( 0.000000000000000000, 1.000000000000000000, 0.000000000000000000 ) ) ;
#1546 = SURFACE_STYLE_USAGE ( .BOTH. , #1030 ) ;
#1547 = VERTEX_POINT ( 'NONE', #33 ) ;
#1548 = DIRECTION ( 'NONE',  ( 0.000000000000000000, 0.000000000000000000, 1.000000000000000000 ) ) ;
#1549 = CYLINDRICAL_SURFACE ( 'NONE', #1139, 6.000000000000000000 ) ;
#1550 = EDGE_CURVE ( 'NONE', #551, #2144, #2198, .T. ) ;
#1551 = EDGE_LOOP ( 'NONE', ( #741, #974 ) ) ;
#1552 = CARTESIAN_POINT ( 'NONE',  ( -20.00000000000026645, 10.59999999999999964, 27.14101615137803947 ) ) ;
#1553 = DIRECTION ( 'NONE',  ( -0.000000000000000000, -1.000000000000000000, -0.000000000000000000 ) ) ;
#1554 = ORIENTED_EDGE ( 'NONE', *, *, #2222, .T. ) ;
#1555 = FACE_OUTER_BOUND ( 'NONE', #653, .T. ) ;
#1556 = DIRECTION ( 'NONE',  ( 0.000000000000000000, 0.000000000000000000, 1.000000000000000000 ) ) ;
#1557 = PRODUCT_CONTEXT ( 'NONE', #1726, 'mechanical' ) ;
#1558 = ORIENTED_EDGE ( 'NONE', *, *, #1166, .F. ) ;
#1559 = DIRECTION ( 'NONE',  ( 0.000000000000000000, 0.000000000000000000, -1.000000000000000000 ) ) ;
#1560 = SURFACE_SIDE_STYLE ('',( #835 ) ) ;
#1561 = AXIS2_PLACEMENT_3D ( 'NONE', #1257, #1999, #2325 ) ;
#1562 = VERTEX_POINT ( 'NONE', #2220 ) ;
#1563 = AXIS2_PLACEMENT_3D ( 'NONE', #665, #1944, #1069 ) ;
#1564 = VECTOR ( 'NONE', #1185, 1000.000000000000000 ) ;
#1565 = CARTESIAN_POINT ( 'NONE',  ( -10.00000000000000888, 7.500000000000000000, 64.69999999999997442 ) ) ;
#1566 = EDGE_CURVE ( 'NONE', #1654, #1804, #1496, .T. ) ;
#1567 = FILL_AREA_STYLE ('',( #1916 ) ) ;
#1568 = AXIS2_PLACEMENT_3D ( 'NONE', #1998, #387, #1241 ) ;
#1569 = ORIENTED_EDGE ( 'NONE', *, *, #573, .F. ) ;
#1570 = DIRECTION ( 'NONE',  ( 0.000000000000000000, 0.000000000000000000, -1.000000000000000000 ) ) ;
#1571 = FACE_OUTER_BOUND ( 'NONE', #1694, .T. ) ;
#1572 = ORIENTED_EDGE ( 'NONE', *, *, #1117, .F. ) ;
#1573 = AXIS2_PLACEMENT_3D ( 'NONE', #1472, #2223, #2032 ) ;
#1574 = DIRECTION ( 'NONE',  ( 0.000000000000000000, 0.000000000000000000, -1.000000000000000000 ) ) ;
#1575 = ADVANCED_FACE ( 'NONE', ( #618 ), #1785, .T. ) ;
#1576 = AXIS2_PLACEMENT_3D ( 'NONE', #1680, #1334, #2040 ) ;
#1577 = ORIENTED_EDGE ( 'NONE', *, *, #375, .T. ) ;
#1578 = CONICAL_SURFACE ( 'NONE', #762, 6.000000000000000000, 0.7853981633974338461 ) ;
#1579 = LINE ( 'NONE', #2143, #1502 ) ;
#1580 = EDGE_LOOP ( 'NONE', ( #1941, #185, #924, #1457 ) ) ;
#1581 = ADVANCED_FACE ( 'NONE', ( #1632 ), #1312, .T. ) ;
#1582 = DIRECTION ( 'NONE',  ( -0.000000000000000000, -1.000000000000000000, -0.000000000000000000 ) ) ;
#1583 =( LENGTH_UNIT ( ) NAMED_UNIT ( * ) SI_UNIT ( .MILLI., .METRE. ) );
#1584 = APPLICATION_PROTOCOL_DEFINITION ( 'draft international standard', 'automotive_design', 1998, #1800 ) ;
#1585 = EDGE_CURVE ( 'NONE', #70, #1345, #1012, .T. ) ;
#1586 = ORIENTED_EDGE ( 'NONE', *, *, #1872, .T. ) ;
#1587 =( NAMED_UNIT ( * ) PLANE_ANGLE_UNIT ( ) SI_UNIT ( $, .RADIAN. ) );
#1588 = ORIENTED_EDGE ( 'NONE', *, *, #874, .F. ) ;
#1589 = FILL_AREA_STYLE_COLOUR ( '', #946 ) ;
#1590 =( NAMED_UNIT ( * ) PLANE_ANGLE_UNIT ( ) SI_UNIT ( $, .RADIAN. ) );
#1591 = ORIENTED_EDGE ( 'NONE', *, *, #98, .F. ) ;
#1592 = FACE_BOUND ( 'NONE', #1212, .T. ) ;
#1593 = DIRECTION ( 'NONE',  ( 0.000000000000000000, 0.000000000000000000, 1.000000000000000000 ) ) ;
#1594 = ORIENTED_EDGE ( 'NONE', *, *, #128, .T. ) ;
#1595 = EDGE_CURVE ( 'NONE', #696, #2255, #425, .T. ) ;
#1596 = DIRECTION ( 'NONE',  ( -0.000000000000000000, 1.000000000000000000, -0.000000000000000000 ) ) ;
#1597 = CARTESIAN_POINT ( 'NONE',  ( 20.00000000000026645, 14.99999999999999822, -34.64101615137803947 ) ) ;
#1598 = CARTESIAN_POINT ( 'NONE',  ( 50.00000000000000711, 15.00000000000000000, -45.50000000000001421 ) ) ;
#1599 = CARTESIAN_POINT ( 'NONE',  ( -6.600000000000008527, 7.500000000000000000, 38.75000000000000711 ) ) ;
#1600 = ORIENTED_EDGE ( 'NONE', *, *, #363, .T. ) ;
#1601 = FACE_BOUND ( 'NONE', #12, .T. ) ;
#1602 = EDGE_CURVE ( 'NONE', #1744, #1013, #1379, .T. ) ;
#1603 =( GEOMETRIC_REPRESENTATION_CONTEXT ( 3 ) GLOBAL_UNCERTAINTY_ASSIGNED_CONTEXT ( ( #1153 ) ) GLOBAL_UNIT_ASSIGNED_CONTEXT ( ( #1733, #1742, #125 ) ) REPRESENTATION_CONTEXT ( 'NONE', 'WORKASPACE' ) );
#1604 = CIRCLE ( 'NONE', #716, 3.999999999999996447 ) ;
#1605 = CARTESIAN_POINT ( 'NONE',  ( -20.00000000000026645, 0.000000000000000000, 42.14101615137803947 ) ) ;
#1606 = AXIS2_PLACEMENT_3D ( 'NONE', #1027, #2054, #110 ) ;
#1607 = VERTEX_POINT ( 'NONE', #1810 ) ;
#1608 = LINE ( 'NONE', #622, #7 ) ;
#1609 = CIRCLE ( 'NONE', #1313, 10.00000000000000178 ) ;
#1610 = FACE_OUTER_BOUND ( 'NONE', #446, .T. ) ;
#1611 = AXIS2_PLACEMENT_3D ( 'NONE', #378, #950, #2171 ) ;
#1612 = EDGE_LOOP ( 'NONE', ( #1126, #1832, #745 ) ) ;
#1613 = FACE_BOUND ( 'NONE', #2245, .T. ) ;
#1614 = PRESENTATION_LAYER_ASSIGNMENT (  '', '', ( #2327 ) ) ;
#1615 = CARTESIAN_POINT ( 'NONE',  ( -49.99999999999999289, 0.000000000000000000, -45.50000000000002132 ) ) ;
#1616 = EDGE_CURVE ( 'NONE', #1547, #643, #194, .T. ) ;
#1617 = ORIENTED_EDGE ( 'NONE', *, *, #112, .T. ) ;
#1618 = CARTESIAN_POINT ( 'NONE',  ( -54.99999999999999289, 15.00000000000000000, -64.99999999999998579 ) ) ;
#1619 = SURFACE_STYLE_FILL_AREA ( #1259 ) ;
#1620 = EDGE_CURVE ( 'NONE', #811, #720, #971, .T. ) ;
#1621 = VERTEX_POINT ( 'NONE', #646 ) ;
#1622 = SURFACE_STYLE_USAGE ( .BOTH. , #6 ) ;
#1623 = DIRECTION ( 'NONE',  ( 0.000000000000000000, 0.000000000000000000, 1.000000000000000000 ) ) ;
#1624 = ORIENTED_EDGE ( 'NONE', *, *, #679, .F. ) ;
#1625 = DIRECTION ( 'NONE',  ( -0.000000000000000000, -0.000000000000000000, 1.000000000000000000 ) ) ;
#1626 = ORIENTED_EDGE ( 'NONE', *, *, #1960, .T. ) ;
#1627 = EDGE_CURVE ( 'NONE', #1345, #30, #1533, .T. ) ;
#1628 = CARTESIAN_POINT ( 'NONE',  ( 55.00000000000000000, 0.000000000000000000, 65.00000000000000000 ) ) ;
#1629 = DIRECTION ( 'NONE',  ( 0.000000000000000000, 0.000000000000000000, -1.000000000000000000 ) ) ;
#1630 = ORIENTED_EDGE ( 'NONE', *, *, #2268, .T. ) ;
#1631 = PLANE ( 'NONE',  #907 ) ;
#1632 = FACE_OUTER_BOUND ( 'NONE', #116, .T. ) ;
#1633 = CIRCLE ( 'NONE', #629, 3.999999999999996447 ) ;
#1634 = EDGE_LOOP ( 'NONE', ( #307, #664, #1508, #893 ) ) ;
#1635 = CIRCLE ( 'NONE', #1563, 24.97500000000000142 ) ;
#1636 = DIRECTION ( 'NONE',  ( -0.000000000000000000, 1.000000000000000000, -0.000000000000000000 ) ) ;
#1637 = AXIS2_PLACEMENT_3D ( 'NONE', #1120, #1826, #503 ) ;
#1638 = ORIENTED_EDGE ( 'NONE', *, *, #448, .F. ) ;
#1639 = DIRECTION ( 'NONE',  ( -1.067522139062650425E-16, 0.000000000000000000, -1.000000000000000000 ) ) ;
#1640 = EDGE_CURVE ( 'NONE', #1229, #1170, #1307, .T. ) ;
#1641 = AXIS2_PLACEMENT_3D ( 'NONE', #245, #620, #427 ) ;
#1642 = ORIENTED_EDGE ( 'NONE', *, *, #995, .F. ) ;
#1643 = AXIS2_PLACEMENT_3D ( 'NONE', #708, #742, #2158 ) ;
#1644 = CARTESIAN_POINT ( 'NONE',  ( 20.00000000000026645, 0.000000000000000000, -30.14101615137804302 ) ) ;
#1645 = DIRECTION ( 'NONE',  ( 0.000000000000000000, -1.000000000000000000, 0.000000000000000000 ) ) ;
#1646 = EDGE_LOOP ( 'NONE', ( #1023, #227 ) ) ;
#1647 = CARTESIAN_POINT ( 'NONE',  ( 20.00000000000027001, 10.59999999999999964, 34.64101615137803947 ) ) ;
#1648 = DIRECTION ( 'NONE',  ( 0.000000000000000000, 0.000000000000000000, -1.000000000000000000 ) ) ;
#1649 = EDGE_CURVE ( 'NONE', #2063, #192, #1164, .T. ) ;
#1650 = VERTEX_POINT ( 'NONE', #275 ) ;
#1651 = CARTESIAN_POINT ( 'NONE',  ( 20.00000000000026645, 0.000000000000000000, -34.64101615137803947 ) ) ;
#1652 = FACE_OUTER_BOUND ( 'NONE', #537, .T. ) ;
#1653 = DIRECTION ( 'NONE',  ( -0.000000000000000000, 1.000000000000000000, -0.000000000000000000 ) ) ;
#1654 = VERTEX_POINT ( 'NONE', #288 ) ;
#1655 = CARTESIAN_POINT ( 'NONE',  ( -20.00000000000026645, 0.000000000000000000, 27.14101615137803947 ) ) ;
#1656 = DIRECTION ( 'NONE',  ( -0.000000000000000000, -1.000000000000000000, -0.000000000000000000 ) ) ;
#1657 = ORIENTED_EDGE ( 'NONE', *, *, #1532, .F. ) ;
#1658 = CYLINDRICAL_SURFACE ( 'NONE', #782, 7.500000000000000000 ) ;
#1659 = FACE_OUTER_BOUND ( 'NONE', #1414, .T. ) ;
#1660 = ORIENTED_EDGE ( 'NONE', *, *, #1442, .T. ) ;
#1661 = EDGE_CURVE ( 'NONE', #237, #1086, #49, .T. ) ;
#1662 = SURFACE_STYLE_USAGE ( .BOTH. , #225 ) ;
#1663 = FACE_OUTER_BOUND ( 'NONE', #1007, .T. ) ;
#1664 = MANIFOLD_SOLID_BREP ( 'Fase2', #1681 ) ;
#1665 = ORIENTED_EDGE ( 'NONE', *, *, #2074, .F. ) ;
#1666 = DIRECTION ( 'NONE',  ( 0.000000000000000000, 1.000000000000000000, 0.000000000000000000 ) ) ;
#1667 = CARTESIAN_POINT ( 'NONE',  ( -49.99999999999999289, 0.000000000000000000, -50.00000000000000000 ) ) ;
#1668 = VERTEX_POINT ( 'NONE', #1368 ) ;
#1669 = ADVANCED_FACE ( 'NONE', ( #1729 ), #633, .F. ) ;
#1670 = CARTESIAN_POINT ( 'NONE',  ( 0.000000000000000000, 18.99999999999999289, 0.000000000000000000 ) ) ;
#1671 = CARTESIAN_POINT ( 'NONE',  ( 20.00000000000027001, 10.59999999999999964, 30.14101615137803947 ) ) ;
#1672 = FACE_OUTER_BOUND ( 'NONE', #504, .T. ) ;
#1673 = CIRCLE ( 'NONE', #2239, 7.500000000000000000 ) ;
#1674 = CIRCLE ( 'NONE', #2047, 4.499999999999990230 ) ;
#1675 = ORIENTED_EDGE ( 'NONE', *, *, #1566, .F. ) ;
#1676 = CIRCLE ( 'NONE', #1969, 4.499999999999997335 ) ;
#1677 = DIRECTION ( 'NONE',  ( -0.000000000000000000, -1.000000000000000000, -0.000000000000000000 ) ) ;
#1678 = ADVANCED_FACE ( 'NONE', ( #858 ), #848, .F. ) ;
#1679 = VERTEX_POINT ( 'NONE', #2267 ) ;
#1680 = CARTESIAN_POINT ( 'NONE',  ( 20.00000000000027001, 0.000000000000000000, 34.64101615137803947 ) ) ;
#1681 = CLOSED_SHELL ( 'NONE', ( #1932, #772, #926, #1693, #1892, #1735, #668, #106, #1025, #919, #1018, #1032, #2304, #558, #2013, #198, #1353, #1841, #180, #1988, #1070, #1943, #1669, #1404, #783, #1044, #350, #523, #1057, #2180, #1288, #1678, #1311, #152, #2261, #809, #2062, #397, #2240, #961, #1223, #1476, #1160, #2253, #1107, #859, #2026, #213, #272, #296, #495, #1252, #1575, #430, #162, #1581, #1391, #1400, #1743, #1301, #1385, #1340, #803, #1849, #902, #313, #751, #623 ) ) ;
#1682 = DIRECTION ( 'NONE',  ( -0.000000000000000000, 1.000000000000000000, -0.000000000000000000 ) ) ;
#1683 = CIRCLE ( 'NONE', #1976, 4.499999999999990230 ) ;
#1684 = ORIENTED_EDGE ( 'NONE', *, *, #448, .T. ) ;
#1685 = AXIS2_PLACEMENT_3D ( 'NONE', #1506, #410, #774 ) ;
#1686 = CARTESIAN_POINT ( 'NONE',  ( 20.00000000000027001, 10.59999999999999964, 34.64101615137803947 ) ) ;
#1687 = LINE ( 'NONE', #2034, #2122 ) ;
#1688 = VECTOR ( 'NONE', #501, 1000.000000000000000 ) ;
#1689 = EDGE_LOOP ( 'NONE', ( #1642, #153, #967, #2306 ) ) ;
#1690 = CIRCLE ( 'NONE', #1067, 4.499999999999997335 ) ;
#1691 = ORIENTED_EDGE ( 'NONE', *, *, #1184, .F. ) ;
#1692 = CARTESIAN_POINT ( 'NONE',  ( 40.00000000000052580, 0.000000000000000000, 0.000000000000000000 ) ) ;
#1693 = ADVANCED_FACE ( 'NONE', ( #669 ), #121, .F. ) ;
#1694 = EDGE_LOOP ( 'NONE', ( #1768, #1296, #796, #548 ) ) ;
#1695 = LINE ( 'NONE', #74, #939 ) ;
#1696 = CARTESIAN_POINT ( 'NONE',  ( -4.000000000000008882, 7.500000000000000000, 64.69999999999997442 ) ) ;
#1697 = FILL_AREA_STYLE ('',( #445 ) ) ;
#1698 = VERTEX_POINT ( 'NONE', #580 ) ;
#1699 = DIRECTION ( 'NONE',  ( -0.000000000000000000, -0.000000000000000000, -1.000000000000000000 ) ) ;
#1700 = EDGE_CURVE ( 'NONE', #1148, #705, #282, .T. ) ;
#1701 = DIRECTION ( 'NONE',  ( 0.000000000000000000, -0.7071067811865390240, -0.7071067811865561215 ) ) ;
#1702 = ORIENTED_EDGE ( 'NONE', *, *, #1884, .T. ) ;
#1703 = DIRECTION ( 'NONE',  ( 0.000000000000000000, 0.000000000000000000, 1.000000000000000000 ) ) ;
#1704 = CARTESIAN_POINT ( 'NONE',  ( 40.00000000000052580, 0.000000000000000000, 0.000000000000000000 ) ) ;
#1705 = VERTEX_POINT ( 'NONE', #136 ) ;
#1706 = CYLINDRICAL_SURFACE ( 'NONE', #249, 10.00000000000000178 ) ;
#1707 = CYLINDRICAL_SURFACE ( 'NONE', #1416, 3.999999999999996447 ) ;
#1708 = EDGE_LOOP ( 'NONE', ( #1355, #462, #1435, #78 ) ) ;
#1709 = FACE_OUTER_BOUND ( 'NONE', #935, .T. ) ;
#1710 = AXIS2_PLACEMENT_3D ( 'NONE', #1089, #1824, #737 ) ;
#1711 = FILL_AREA_STYLE ('',( #1527 ) ) ;
#1712 = AXIS2_PLACEMENT_3D ( 'NONE', #333, #470, #2081 ) ;
#1713 = AXIS2_PLACEMENT_3D ( 'NONE', #938, #1480, #1298 ) ;
#1714 = EDGE_CURVE ( 'NONE', #2265, #1917, #1055, .T. ) ;
#1715 = MECHANICAL_DESIGN_GEOMETRIC_PRESENTATION_REPRESENTATION (  '', ( #1751 ), #1268 ) ;
#1716 = ORIENTED_EDGE ( 'NONE', *, *, #793, .T. ) ;
#1717 = LINE ( 'NONE', #96, #1909 ) ;
#1718 = CARTESIAN_POINT ( 'NONE',  ( -55.00000000000000000, 15.00000000000000000, -54.99999999999998579 ) ) ;
#1719 = EDGE_LOOP ( 'NONE', ( #126, #176 ) ) ;
#1720 = CARTESIAN_POINT ( 'NONE',  ( 50.00000000000000711, 15.00000000000000000, -54.49999999999999289 ) ) ;
#1721 = CIRCLE ( 'NONE', #327, 24.97500000000000142 ) ;
#1722 = ORIENTED_EDGE ( 'NONE', *, *, #2222, .F. ) ;
#1723 = AXIS2_PLACEMENT_3D ( 'NONE', #1809, #538, #916 ) ;
#1724 = EDGE_CURVE ( 'NONE', #1061, #450, #1250, .T. ) ;
#1725 = CARTESIAN_POINT ( 'NONE',  ( -40.00000000000052580, 10.59999999999999964, 0.000000000000000000 ) ) ;
#1726 = APPLICATION_CONTEXT ( 'automotive_design' ) ;
#1727 = DIRECTION ( 'NONE',  ( -0.000000000000000000, -0.000000000000000000, 1.000000000000000000 ) ) ;
#1728 = CARTESIAN_POINT ( 'NONE',  ( 65.00000000000000000, 0.000000000000000000, -55.00000000000000000 ) ) ;
#1729 = FACE_OUTER_BOUND ( 'NONE', #1957, .T. ) ;
#1730 = ORIENTED_EDGE ( 'NONE', *, *, #1980, .T. ) ;
#1731 = CARTESIAN_POINT ( 'NONE',  ( 40.00000000000052580, 0.000000000000000000, 0.000000000000000000 ) ) ;
#1732 = FACE_OUTER_BOUND ( 'NONE', #1215, .T. ) ;
#1733 =( LENGTH_UNIT ( ) NAMED_UNIT ( * ) SI_UNIT ( .MILLI., .METRE. ) );
#1734 = ORIENTED_EDGE ( 'NONE', *, *, #760, .T. ) ;
#1735 = ADVANCED_FACE ( 'NONE', ( #1773 ), #1293, .F. ) ;
#1736 = DIRECTION ( 'NONE',  ( 0.000000000000000000, 0.000000000000000000, 1.000000000000000000 ) ) ;
#1737 = ORIENTED_EDGE ( 'NONE', *, *, #1269, .F. ) ;
#1738 = LINE ( 'NONE', #2281, #1136 ) ;
#1739 = EDGE_LOOP ( 'NONE', ( #81, #1452, #336, #1218 ) ) ;
#1740 = DIRECTION ( 'NONE',  ( -0.000000000000000000, 1.000000000000000000, -0.000000000000000000 ) ) ;
#1741 = CYLINDRICAL_SURFACE ( 'NONE', #1897, 3.999999999999996447 ) ;
#1742 =( NAMED_UNIT ( * ) PLANE_ANGLE_UNIT ( ) SI_UNIT ( $, .RADIAN. ) );
#1743 = ADVANCED_FACE ( 'NONE', ( #1080 ), #2135, .F. ) ;
#1744 = VERTEX_POINT ( 'NONE', #2181 ) ;
#1745 = FACE_OUTER_BOUND ( 'NONE', #251, .T. ) ;
#1746 = ORIENTED_EDGE ( 'NONE', *, *, #1216, .T. ) ;
#1747 = CIRCLE ( 'NONE', #1378, 3.999999999999996447 ) ;
#1748 = VECTOR ( 'NONE', #637, 1000.000000000000000 ) ;
#1749 = CARTESIAN_POINT ( 'NONE',  ( 40.00000000000052580, 10.59999999999999964, 0.000000000000000000 ) ) ;
#1750 = CIRCLE ( 'NONE', #204, 4.499999999999990230 ) ;
#1751 = STYLED_ITEM ( 'NONE', ( #1879 ), #1693 ) ;
#1752 = EDGE_CURVE ( 'NONE', #1825, #639, #1091, .T. ) ;
#1753 = ORIENTED_EDGE ( 'NONE', *, *, #1955, .F. ) ;
#1754 = DIRECTION ( 'NONE',  ( -0.000000000000000000, -1.000000000000000000, -0.000000000000000000 ) ) ;
#1755 = PRODUCT_DEFINITION_FORMATION_WITH_SPECIFIED_SOURCE ( 'ANY', '', #93, .NOT_KNOWN. ) ;
#1756 = LINE ( 'NONE', #1928, #1376 ) ;
#1757 = DIRECTION ( 'NONE',  ( 1.000000000000000000, 0.000000000000000000, 0.000000000000000000 ) ) ;
#1758 = VERTEX_POINT ( 'NONE', #1072 ) ;
#1759 = CYLINDRICAL_SURFACE ( 'NONE', #2155, 4.499999999999990230 ) ;
#1760 = ORIENTED_EDGE ( 'NONE', *, *, #1661, .T. ) ;
#1761 = CIRCLE ( 'NONE', #332, 3.999999999999996447 ) ;
#1762 = DIRECTION ( 'NONE',  ( 0.000000000000000000, 0.000000000000000000, 1.000000000000000000 ) ) ;
#1763 = AXIS2_PLACEMENT_3D ( 'NONE', #2071, #471, #680 ) ;
#1764 = CARTESIAN_POINT ( 'NONE',  ( 50.00000000000000711, 15.00000000000000000, 50.00000000000000000 ) ) ;
#1765 = ORIENTED_EDGE ( 'NONE', *, *, #2082, .T. ) ;
#1766 = EDGE_CURVE ( 'NONE', #192, #1226, #1783, .T. ) ;
#1767 = CARTESIAN_POINT ( 'NONE',  ( -16.00000000000000711, 7.500000000000000888, 64.69999999999997442 ) ) ;
#1768 = ORIENTED_EDGE ( 'NONE', *, *, #144, .F. ) ;
#1769 = DIRECTION ( 'NONE',  ( -0.000000000000000000, -1.000000000000000000, -0.000000000000000000 ) ) ;
#1770 = CARTESIAN_POINT ( 'NONE',  ( 20.00000000000026645, 0.000000000000000000, -34.64101615137803947 ) ) ;
#1771 = EDGE_CURVE ( 'NONE', #1383, #380, #1382, .T. ) ;
#1772 = CYLINDRICAL_SURFACE ( 'NONE', #1946, 3.399999999999995914 ) ;
#1773 = FACE_OUTER_BOUND ( 'NONE', #1861, .T. ) ;
#1774 = ORIENTED_EDGE ( 'NONE', *, *, #1661, .F. ) ;
#1775 =( NAMED_UNIT ( * ) SI_UNIT ( $, .STERADIAN. ) SOLID_ANGLE_UNIT ( ) );
#1776 = EDGE_LOOP ( 'NONE', ( #1684, #788, #1572, #2087 ) ) ;
#1777 = CARTESIAN_POINT ( 'NONE',  ( 50.00000000000000711, 15.00000000000000000, 54.49999999999999289 ) ) ;
#1778 = DIRECTION ( 'NONE',  ( 0.000000000000000000, 0.000000000000000000, 1.000000000000000000 ) ) ;
#1779 = CARTESIAN_POINT ( 'NONE',  ( -20.00000000000027711, 10.59999999999999964, -30.14101615137804302 ) ) ;
#1780 =( NAMED_UNIT ( * ) SI_UNIT ( $, .STERADIAN. ) SOLID_ANGLE_UNIT ( ) );
#1781 = AXIS2_PLACEMENT_3D ( 'NONE', #2022, #1337, #2212 ) ;
#1782 = EDGE_CURVE ( 'NONE', #959, #1829, #355, .T. ) ;
#1783 = LINE ( 'NONE', #15, #320 ) ;
#1784 = AXIS2_PLACEMENT_3D ( 'NONE', #1204, #1769, #129 ) ;
#1785 = CONICAL_SURFACE ( 'NONE', #1197, 23.97499999999996945, 0.7853981633974603804 ) ;
#1786 = ORIENTED_EDGE ( 'NONE', *, *, #986, .T. ) ;
#1787 = FACE_BOUND ( 'NONE', #2262, .T. ) ;
#1788 = CIRCLE ( 'NONE', #1968, 4.499999999999997335 ) ;
#1789 = VECTOR ( 'NONE', #1441, 1000.000000000000000 ) ;
#1790 = DIRECTION ( 'NONE',  ( 1.000000000000000000, 0.000000000000000000, 0.000000000000000000 ) ) ;
#1791 = ORIENTED_EDGE ( 'NONE', *, *, #542, .F. ) ;
#1792 = FACE_OUTER_BOUND ( 'NONE', #1049, .T. ) ;
#1793 = EDGE_CURVE ( 'NONE', #1408, #589, #1529, .T. ) ;
#1794 = CARTESIAN_POINT ( 'NONE',  ( 65.00000000000000000, 15.00000000000000000, 54.99999999999999289 ) ) ;
#1795 = SURFACE_SIDE_STYLE ('',( #1619 ) ) ;
#1796 = VECTOR ( 'NONE', #960, 1000.000000000000000 ) ;
#1797 =( GEOMETRIC_REPRESENTATION_CONTEXT ( 3 ) GLOBAL_UNCERTAINTY_ASSIGNED_CONTEXT ( ( #2029 ) ) GLOBAL_UNIT_ASSIGNED_CONTEXT ( ( #2109, #1413, #366 ) ) REPRESENTATION_CONTEXT ( 'NONE', 'WORKASPACE' ) );
#1798 = ORIENTED_EDGE ( 'NONE', *, *, #832, .T. ) ;
#1799 = DIRECTION ( 'NONE',  ( -0.000000000000000000, 1.000000000000000000, -0.000000000000000000 ) ) ;
#1800 = APPLICATION_CONTEXT ( 'automotive_design' ) ;
#1801 = CYLINDRICAL_SURFACE ( 'NONE', #1860, 10.00000000000000178 ) ;
#1802 = VERTEX_POINT ( 'NONE', #1063 ) ;
#1803 = DIRECTION ( 'NONE',  ( 0.000000000000000000, -1.000000000000000000, 0.000000000000000000 ) ) ;
#1804 = VERTEX_POINT ( 'NONE', #2241 ) ;
#1805 = CARTESIAN_POINT ( 'NONE',  ( 65.00000000000000000, 15.00000000000000000, -65.00000000000000000 ) ) ;
#1806 = EDGE_CURVE ( 'NONE', #1705, #687, #1676, .T. ) ;
#1807 = SURFACE_STYLE_FILL_AREA ( #2303 ) ;
#1808 = EDGE_LOOP ( 'NONE', ( #805, #988, #2258, #2273 ) ) ;
#1809 = CARTESIAN_POINT ( 'NONE',  ( 0.000000000000000000, 20.00000000000000000, 0.000000000000000000 ) ) ;
#1810 = CARTESIAN_POINT ( 'NONE',  ( 7.428752623566168970E-15, 0.000000000000000000, 46.00000000000000711 ) ) ;
#1811 = VERTEX_POINT ( 'NONE', #55 ) ;
#1812 = EDGE_CURVE ( 'NONE', #1972, #1309, #2124, .T. ) ;
#1813 = CARTESIAN_POINT ( 'NONE',  ( -20.00000000000027711, 0.000000000000000000, -27.14101615137803947 ) ) ;
#1814 = ORIENTED_EDGE ( 'NONE', *, *, #1332, .F. ) ;
#1815 = DIRECTION ( 'NONE',  ( 0.000000000000000000, 0.000000000000000000, 1.000000000000000000 ) ) ;
#1816 = ORIENTED_EDGE ( 'NONE', *, *, #305, .F. ) ;
#1817 = DIRECTION ( 'NONE',  ( -0.000000000000000000, -1.000000000000000000, -0.000000000000000000 ) ) ;
#1818 = EDGE_CURVE ( 'NONE', #1203, #119, #973, .T. ) ;
#1819 = LINE ( 'NONE', #611, #89 ) ;
#1820 = ORIENTED_EDGE ( 'NONE', *, *, #2153, .T. ) ;
#1821 = VECTOR ( 'NONE', #1058, 1000.000000000000000 ) ;
#1822 = VECTOR ( 'NONE', #2030, 1000.000000000000000 ) ;
#1823 = CARTESIAN_POINT ( 'NONE',  ( 0.000000000000000000, 15.00000000000000000, -24.97500000000000142 ) ) ;
#1824 = DIRECTION ( 'NONE',  ( -0.000000000000000000, -1.000000000000000000, -0.000000000000000000 ) ) ;
#1825 = VERTEX_POINT ( 'NONE', #2061 ) ;
#1826 = DIRECTION ( 'NONE',  ( -0.000000000000000000, -1.000000000000000000, -0.000000000000000000 ) ) ;
#1827 = CARTESIAN_POINT ( 'NONE',  ( 55.00000000000000000, 15.00000000000000000, -55.00000000000000000 ) ) ;
#1828 = AXIS2_PLACEMENT_3D ( 'NONE', #1869, #256, #400 ) ;
#1829 = VERTEX_POINT ( 'NONE', #1181 ) ;
#1830 = DIRECTION ( 'NONE',  ( 0.000000000000000000, 0.000000000000000000, -1.000000000000000000 ) ) ;
#1831 = DIRECTION ( 'NONE',  ( 0.000000000000000000, 0.000000000000000000, 1.000000000000000000 ) ) ;
#1832 = ORIENTED_EDGE ( 'NONE', *, *, #458, .T. ) ;
#1833 = EDGE_CURVE ( 'NONE', #1013, #27, #2190, .T. ) ;
#1834 = CARTESIAN_POINT ( 'NONE',  ( 20.00000000000027001, 14.99999999999999822, 34.64101615137803947 ) ) ;
#1835 = DIRECTION ( 'NONE',  ( -0.000000000000000000, -1.000000000000000000, -0.000000000000000000 ) ) ;
#1836 = AXIS2_PLACEMENT_3D ( 'NONE', #1504, #2216, #2015 ) ;
#1837 = ORIENTED_EDGE ( 'NONE', *, *, #852, .T. ) ;
#1838 = FACE_BOUND ( 'NONE', #817, .T. ) ;
#1839 =( NAMED_UNIT ( * ) PLANE_ANGLE_UNIT ( ) SI_UNIT ( $, .RADIAN. ) );
#1840 = DIRECTION ( 'NONE',  ( 0.000000000000000000, -0.000000000000000000, 1.000000000000000000 ) ) ;
#1841 = ADVANCED_FACE ( 'NONE', ( #431 ), #1514, .F. ) ;
#1842 = ORIENTED_EDGE ( 'NONE', *, *, #1281, .T. ) ;
#1843 = FACE_OUTER_BOUND ( 'NONE', #1708, .T. ) ;
#1844 = DIRECTION ( 'NONE',  ( 0.000000000000000000, 0.000000000000000000, 1.000000000000000000 ) ) ;
#1845 = ORIENTED_EDGE ( 'NONE', *, *, #874, .T. ) ;
#1846 = DIRECTION ( 'NONE',  ( -0.000000000000000000, 1.000000000000000000, -0.000000000000000000 ) ) ;
#1847 = DIRECTION ( 'NONE',  ( 0.000000000000000000, 0.000000000000000000, -1.000000000000000000 ) ) ;
#1848 = ORIENTED_EDGE ( 'NONE', *, *, #1980, .F. ) ;
#1849 = ADVANCED_FACE ( 'NONE', ( #833, #1137 ), #798, .T. ) ;
#1850 = CARTESIAN_POINT ( 'NONE',  ( -54.99999999999999289, 15.00000000000000000, 55.00000000000001421 ) ) ;
#1851 = ORIENTED_EDGE ( 'NONE', *, *, #1451, .T. ) ;
#1852 = FACE_OUTER_BOUND ( 'NONE', #1967, .T. ) ;
#1853 = CARTESIAN_POINT ( 'NONE',  ( 50.00000000000000711, 0.000000000000000000, -45.50000000000002132 ) ) ;
#1854 = EDGE_LOOP ( 'NONE', ( #1244, #260 ) ) ;
#1855 = DIRECTION ( 'NONE',  ( -0.000000000000000000, -1.000000000000000000, -0.000000000000000000 ) ) ;
#1856 = AXIS2_PLACEMENT_3D ( 'NONE', #1371, #506, #1040 ) ;
#1857 = CARTESIAN_POINT ( 'NONE',  ( -65.00000000000000000, 15.00000000000000000, -64.99999999999998579 ) ) ;
#1858 = CARTESIAN_POINT ( 'NONE',  ( 0.000000000000000000, 15.00000000000000000, -36.00000000000054001 ) ) ;
#1859 = CIRCLE ( 'NONE', #1118, 4.499999999999990230 ) ;
#1860 = AXIS2_PLACEMENT_3D ( 'NONE', #886, #700, #1074 ) ;
#1861 = EDGE_LOOP ( 'NONE', ( #1791, #1786, #1913, #1920 ) ) ;
#1862 = AXIS2_PLACEMENT_3D ( 'NONE', #259, #2213, #1146 ) ;
#1863 = COLOUR_RGB ( '',0.000000000000000000, 1.000000000000000000, 1.000000000000000000 ) ;
#1864 = EDGE_CURVE ( 'NONE', #1102, #281, #315, .T. ) ;
#1865 = DIRECTION ( 'NONE',  ( -0.000000000000000000, -1.000000000000000000, -0.000000000000000000 ) ) ;
#1866 = CARTESIAN_POINT ( 'NONE',  ( -20.00000000000027711, 14.99999999999999822, -39.14101615137803236 ) ) ;
#1867 = AXIS2_PLACEMENT_3D ( 'NONE', #2297, #1918, #2077 ) ;
#1868 = ORIENTED_EDGE ( 'NONE', *, *, #1818, .F. ) ;
#1869 = CARTESIAN_POINT ( 'NONE',  ( 50.00000000000000711, 15.00000000000000000, -50.00000000000000000 ) ) ;
#1870 = DIRECTION ( 'NONE',  ( 0.000000000000000000, 1.000000000000000000, 0.000000000000000000 ) ) ;
#1871 = SURFACE_SIDE_STYLE ('',( #816 ) ) ;
#1872 = EDGE_CURVE ( 'NONE', #5, #525, #1885, .T. ) ;
#1873 = ORIENTED_EDGE ( 'NONE', *, *, #2326, .F. ) ;
#1874 = AXIS2_PLACEMENT_3D ( 'NONE', #1228, #132, #2301 ) ;
#1875 = SURFACE_SIDE_STYLE ('',( #1149 ) ) ;
#1876 = DIRECTION ( 'NONE',  ( 1.000000000000000000, 0.000000000000000000, 0.000000000000000000 ) ) ;
#1877 = EDGE_LOOP ( 'NONE', ( #1543, #2094, #1851, #1481 ) ) ;
#1878 = CARTESIAN_POINT ( 'NONE',  ( 50.00000000000000711, 0.000000000000000000, 45.50000000000002132 ) ) ;
#1879 = PRESENTATION_STYLE_ASSIGNMENT (( #1396 ) ) ;
#1880 = ORIENTED_EDGE ( 'NONE', *, *, #604, .F. ) ;
#1881 = DIRECTION ( 'NONE',  ( 0.000000000000000000, 0.000000000000000000, -1.000000000000000000 ) ) ;
#1882 = LINE ( 'NONE', #2236, #1748 ) ;
#1883 = EDGE_LOOP ( 'NONE', ( #202, #1238 ) ) ;
#1884 = EDGE_CURVE ( 'NONE', #450, #757, #79, .T. ) ;
#1885 = LINE ( 'NONE', #996, #781 ) ;
#1886 =( NAMED_UNIT ( * ) SI_UNIT ( $, .STERADIAN. ) SOLID_ANGLE_UNIT ( ) );
#1887 = EDGE_LOOP ( 'NONE', ( #2230, #540, #1600, #666 ) ) ;
#1888 = CARTESIAN_POINT ( 'NONE',  ( -4.000000000000008882, 7.500000000000000000, 64.69999999999997442 ) ) ;
#1889 = CARTESIAN_POINT ( 'NONE',  ( -20.00000000000027711, 10.59999999999999964, -34.64101615137803947 ) ) ;
#1890 = ORIENTED_EDGE ( 'NONE', *, *, #1771, .T. ) ;
#1891 = CARTESIAN_POINT ( 'NONE',  ( 6.938893903907228378E-15, 15.00000000000000000, -50.00000000000000000 ) ) ;
#1892 = ADVANCED_FACE ( 'NONE', ( #1709 ), #92, .F. ) ;
#1893 = CARTESIAN_POINT ( 'NONE',  ( 44.50000000000052580, 10.59999999999999964, 0.000000000000000000 ) ) ;
#1894 = ORIENTED_EDGE ( 'NONE', *, *, #1191, .T. ) ;
#1895 = CARTESIAN_POINT ( 'NONE',  ( 7.428752623566168970E-15, 0.000000000000000000, -54.00000000000000000 ) ) ;
#1896 = VECTOR ( 'NONE', #1996, 1000.000000000000000 ) ;
#1897 = AXIS2_PLACEMENT_3D ( 'NONE', #1224, #843, #312 ) ;
#1898 = VECTOR ( 'NONE', #229, 1000.000000000000000 ) ;
#1899 = PRESENTATION_LAYER_ASSIGNMENT (  '', '', ( #828 ) ) ;
#1900 = VERTEX_POINT ( 'NONE', #297 ) ;
#1901 = CARTESIAN_POINT ( 'NONE',  ( 65.00000000000000000, 15.00000000000000000, -55.00000000000000000 ) ) ;
#1902 =( LENGTH_UNIT ( ) NAMED_UNIT ( * ) SI_UNIT ( .MILLI., .METRE. ) );
#1903 = ORIENTED_EDGE ( 'NONE', *, *, #1585, .F. ) ;
#1904 = AXIS2_PLACEMENT_3D ( 'NONE', #1891, #1398, #277 ) ;
#1905 = CARTESIAN_POINT ( 'NONE',  ( -16.00000000000000711, 7.500000000000000888, 63.00000000000000000 ) ) ;
#1906 = EDGE_CURVE ( 'NONE', #1547, #1076, #2116, .T. ) ;
#1907 = ORIENTED_EDGE ( 'NONE', *, *, #244, .T. ) ;
#1908 = AXIS2_PLACEMENT_3D ( 'NONE', #203, #802, #31 ) ;
#1909 = VECTOR ( 'NONE', #857, 1000.000000000000000 ) ;
#1910 = CARTESIAN_POINT ( 'NONE',  ( 55.00000000000000000, 0.000000000000000000, 54.99999999999999289 ) ) ;
#1911 = DIRECTION ( 'NONE',  ( -0.000000000000000000, 1.000000000000000000, -0.000000000000000000 ) ) ;
#1912 = AXIS2_PLACEMENT_3D ( 'NONE', #1850, #3, #753 ) ;
#1913 = ORIENTED_EDGE ( 'NONE', *, *, #820, .T. ) ;
#1914 = FACE_OUTER_BOUND ( 'NONE', #2139, .T. ) ;
#1915 = EDGE_CURVE ( 'NONE', #589, #1408, #670, .T. ) ;
#1916 = FILL_AREA_STYLE_COLOUR ( '', #205 ) ;
#1917 = VERTEX_POINT ( 'NONE', #1538 ) ;
#1918 = DIRECTION ( 'NONE',  ( -0.000000000000000000, 1.000000000000000000, -0.000000000000000000 ) ) ;
#1919 = PRESENTATION_STYLE_ASSIGNMENT (( #830 ) ) ;
#1920 = ORIENTED_EDGE ( 'NONE', *, *, #363, .F. ) ;
#1921 = DIRECTION ( 'NONE',  ( 0.000000000000000000, 0.000000000000000000, 1.000000000000000000 ) ) ;
#1922 = EDGE_CURVE ( 'NONE', #1829, #959, #1964, .T. ) ;
#1923 = ORIENTED_EDGE ( 'NONE', *, *, #743, .T. ) ;
#1924 = DIRECTION ( 'NONE',  ( 0.000000000000000000, 0.000000000000000000, 1.000000000000000000 ) ) ;
#1925 = DIRECTION ( 'NONE',  ( -0.000000000000000000, -1.000000000000000000, -0.000000000000000000 ) ) ;
#1926 = ORIENTED_EDGE ( 'NONE', *, *, #1269, .T. ) ;
#1927 = DIRECTION ( 'NONE',  ( 0.000000000000000000, -0.000000000000000000, 1.000000000000000000 ) ) ;
#1928 = CARTESIAN_POINT ( 'NONE',  ( -20.00000000000026645, 0.000000000000000000, 30.14101615137804302 ) ) ;
#1929 = ORIENTED_EDGE ( 'NONE', *, *, #1326, .F. ) ;
#1930 = DIRECTION ( 'NONE',  ( -1.000000000000000000, 0.000000000000000000, 0.000000000000000000 ) ) ;
#1931 = CIRCLE ( 'NONE', #2196, 23.97499999999996945 ) ;
#1932 = ADVANCED_FACE ( 'NONE', ( #1217 ), #85, .F. ) ;
#1933 = ORIENTED_EDGE ( 'NONE', *, *, #793, .F. ) ;
#1934 = AXIS2_PLACEMENT_3D ( 'NONE', #349, #1248, #549 ) ;
#1935 = AXIS2_PLACEMENT_3D ( 'NONE', #2184, #1456, #1831 ) ;
#1936 = DIRECTION ( 'NONE',  ( -0.000000000000000000, -0.000000000000000000, 1.000000000000000000 ) ) ;
#1937 = AXIS2_PLACEMENT_3D ( 'NONE', #2037, #420, #1525 ) ;
#1938 = ORIENTED_EDGE ( 'NONE', *, *, #2163, .F. ) ;
#1939 = AXIS2_PLACEMENT_3D ( 'NONE', #876, #494, #1757 ) ;
#1940 = CARTESIAN_POINT ( 'NONE',  ( -49.99999999999999289, 0.000000000000000000, 50.00000000000000000 ) ) ;
#1941 = ORIENTED_EDGE ( 'NONE', *, *, #1833, .F. ) ;
#1942 = CIRCLE ( 'NONE', #641, 7.500000000000000000 ) ;
#1943 = ADVANCED_FACE ( 'NONE', ( #1363 ), #654, .F. ) ;
#1944 = DIRECTION ( 'NONE',  ( -0.000000000000000000, 1.000000000000000000, -0.000000000000000000 ) ) ;
#1945 = DIRECTION ( 'NONE',  ( -0.000000000000000000, 1.000000000000000000, -0.000000000000000000 ) ) ;
#1946 = AXIS2_PLACEMENT_3D ( 'NONE', #904, #156, #2134 ) ;
#1947 = DIRECTION ( 'NONE',  ( -0.000000000000000000, 1.000000000000000000, -0.000000000000000000 ) ) ;
#1948 = AXIS2_PLACEMENT_3D ( 'NONE', #997, #1945, #1778 ) ;
#1949 = DIRECTION ( 'NONE',  ( 1.000000000000000000, 0.000000000000000000, 0.000000000000000000 ) ) ;
#1950 = EDGE_LOOP ( 'NONE', ( #906, #949 ) ) ;
#1951 = FILL_AREA_STYLE ('',( #546 ) ) ;
#1952 = CARTESIAN_POINT ( 'NONE',  ( -49.99999999999999289, 15.00000000000000000, -50.00000000000000000 ) ) ;
#1953 = ORIENTED_EDGE ( 'NONE', *, *, #1207, .T. ) ;
#1954 = DIRECTION ( 'NONE',  ( 0.000000000000000000, 0.000000000000000000, 1.000000000000000000 ) ) ;
#1955 = EDGE_CURVE ( 'NONE', #1345, #70, #553, .T. ) ;
#1956 = DIRECTION ( 'NONE',  ( 0.000000000000000000, 0.000000000000000000, -1.000000000000000000 ) ) ;
#1957 = EDGE_LOOP ( 'NONE', ( #216, #1463, #1175, #1984 ) ) ;
#1958 = UNCERTAINTY_MEASURE_WITH_UNIT (LENGTH_MEASURE( 1.000000000000000082E-05 ), #2151, 'distance_accuracy_value', 'NONE');
#1959 = CYLINDRICAL_SURFACE ( 'NONE', #392, 4.499999999999990230 ) ;
#1960 = EDGE_CURVE ( 'NONE', #1758, #696, #318, .T. ) ;
#1961 = EDGE_LOOP ( 'NONE', ( #2185, #1186, #856, #773 ) ) ;
#1962 = CYLINDRICAL_SURFACE ( 'NONE', #1934, 4.499999999999997335 ) ;
#1963 = CARTESIAN_POINT ( 'NONE',  ( 50.00000000000000711, 15.00000000000000000, 50.00000000000000000 ) ) ;
#1964 = CIRCLE ( 'NONE', #1232, 4.499999999999997335 ) ;
#1965 = VECTOR ( 'NONE', #714, 1000.000000000000000 ) ;
#1966 = AXIS2_PLACEMENT_3D ( 'NONE', #241, #1335, #2041 ) ;
#1967 = EDGE_LOOP ( 'NONE', ( #414, #508, #2170, #694 ) ) ;
#1968 = AXIS2_PLACEMENT_3D ( 'NONE', #66, #1303, #1133 ) ;
#1969 = AXIS2_PLACEMENT_3D ( 'NONE', #1352, #1677, #1503 ) ;
#1970 = DIRECTION ( 'NONE',  ( -0.000000000000000000, 1.000000000000000000, -0.000000000000000000 ) ) ;
#1971 = MECHANICAL_DESIGN_GEOMETRIC_PRESENTATION_REPRESENTATION (  '', ( #4 ), #164 ) ;
#1972 = VERTEX_POINT ( 'NONE', #678 ) ;
#1973 = EDGE_CURVE ( 'NONE', #1198, #1621, #1859, .T. ) ;
#1974 = CARTESIAN_POINT ( 'NONE',  ( -20.00000000000027711, 0.000000000000000000, -42.14101615137803947 ) ) ;
#1975 = VERTEX_POINT ( 'NONE', #1895 ) ;
#1976 = AXIS2_PLACEMENT_3D ( 'NONE', #894, #1423, #2138 ) ;
#1977 = CIRCLE ( 'NONE', #146, 3.999999999999996447 ) ;
#1978 = ORIENTED_EDGE ( 'NONE', *, *, #1806, .T. ) ;
#1979 = CARTESIAN_POINT ( 'NONE',  ( 55.00000000000000000, 15.00000000000000000, 54.99999999999999289 ) ) ;
#1980 = EDGE_CURVE ( 'NONE', #811, #867, #1042, .T. ) ;
#1981 = PRODUCT_DEFINITION_CONTEXT ( 'detailed design', #1800, 'design' ) ;
#1982 = AXIS2_PLACEMENT_3D ( 'NONE', #2191, #1653, #1477 ) ;
#1983 = CARTESIAN_POINT ( 'NONE',  ( 40.00000000000052580, 0.000000000000000000, 7.500000000000000000 ) ) ;
#1984 = ORIENTED_EDGE ( 'NONE', *, *, #693, .F. ) ;
#1985 = LINE ( 'NONE', #1777, #1896 ) ;
#1986 = ORIENTED_EDGE ( 'NONE', *, *, #1420, .F. ) ;
#1987 = EDGE_CURVE ( 'NONE', #705, #1148, #1635, .T. ) ;
#1988 = ADVANCED_FACE ( 'NONE', ( #1745 ), #2070, .F. ) ;
#1989 = CARTESIAN_POINT ( 'NONE',  ( 6.938893903907228378E-15, 15.00000000000000000, 50.00000000000000000 ) ) ;
#1990 = EDGE_LOOP ( 'NONE', ( #2318, #1894, #1397, #1986 ) ) ;
#1991 = CARTESIAN_POINT ( 'NONE',  ( -13.39999999999999503, 7.500000000000000000, 38.75000000000000711 ) ) ;
#1992 = LINE ( 'NONE', #1507, #1822 ) ;
#1993 = ORIENTED_EDGE ( 'NONE', *, *, #1361, .T. ) ;
#1994 = ORIENTED_EDGE ( 'NONE', *, *, #1510, .T. ) ;
#1995 = CARTESIAN_POINT ( 'NONE',  ( 6.938893903907228378E-15, 0.000000000000000000, 54.00000000000000000 ) ) ;
#1996 = DIRECTION ( 'NONE',  ( -0.000000000000000000, 1.000000000000000000, -0.000000000000000000 ) ) ;
#1997 = EDGE_LOOP ( 'NONE', ( #1373, #1753, #566, #1431 ) ) ;
#1998 = CARTESIAN_POINT ( 'NONE',  ( -20.00000000000026645, 0.000000000000000000, 34.64101615137803947 ) ) ;
#1999 = DIRECTION ( 'NONE',  ( -0.000000000000000000, -1.000000000000000000, -0.000000000000000000 ) ) ;
#2000 =( LENGTH_UNIT ( ) NAMED_UNIT ( * ) SI_UNIT ( .MILLI., .METRE. ) );
#2001 = EDGE_CURVE ( 'NONE', #1668, #1180, #391, .T. ) ;
#2002 = EDGE_LOOP ( 'NONE', ( #73, #409 ) ) ;
#2003 = DIRECTION ( 'NONE',  ( -0.000000000000000000, -1.000000000000000000, -0.000000000000000000 ) ) ;
#2004 = CARTESIAN_POINT ( 'NONE',  ( -20.00000000000026645, 10.59999999999999964, 42.14101615137803947 ) ) ;
#2005 = EDGE_LOOP ( 'NONE', ( #1064, #381, #1702, #440 ) ) ;
#2006 = CYLINDRICAL_SURFACE ( 'NONE', #1828, 4.499999999999990230 ) ;
#2007 = CIRCLE ( 'NONE', #1196, 7.500000000000000000 ) ;
#2008 = VECTOR ( 'NONE', #1645, 1000.000000000000000 ) ;
#2009 = CARTESIAN_POINT ( 'NONE',  ( 40.00000000000052580, 0.000000000000000000, 0.000000000000000000 ) ) ;
#2010 = DIRECTION ( 'NONE',  ( 0.000000000000000000, 0.000000000000000000, -1.000000000000000000 ) ) ;
#2011 = CIRCLE ( 'NONE', #715, 10.00000000000000178 ) ;
#2012 =( GEOMETRIC_REPRESENTATION_CONTEXT ( 3 ) GLOBAL_UNCERTAINTY_ASSIGNED_CONTEXT ( ( #561 ) ) GLOBAL_UNIT_ASSIGNED_CONTEXT ( ( #1902, #1518, #453 ) ) REPRESENTATION_CONTEXT ( 'NONE', 'WORKASPACE' ) );
#2013 = ADVANCED_FACE ( 'NONE', ( #2252 ), #2290, .F. ) ;
#2014 = SURFACE_STYLE_USAGE ( .BOTH. , #1875 ) ;
#2015 = DIRECTION ( 'NONE',  ( 0.000000000000000000, 0.000000000000000000, 1.000000000000000000 ) ) ;
#2016 = AXIS2_PLACEMENT_3D ( 'NONE', #1050, #1545, #1927 ) ;
#2017 = ORIENTED_EDGE ( 'NONE', *, *, #1242, .T. ) ;
#2018 = DIRECTION ( 'NONE',  ( 0.000000000000000000, -1.000000000000000000, 0.000000000000000000 ) ) ;
#2019 = DIRECTION ( 'NONE',  ( 0.000000000000000000, -1.000000000000000000, 0.000000000000000000 ) ) ;
#2020 = ORIENTED_EDGE ( 'NONE', *, *, #1922, .T. ) ;
#2021 = CIRCLE ( 'NONE', #1912, 10.00000000000000178 ) ;
#2022 = CARTESIAN_POINT ( 'NONE',  ( -40.00000000000052580, 0.000000000000000000, 0.000000000000000000 ) ) ;
#2023 = VECTOR ( 'NONE', #118, 1000.000000000000000 ) ;
#2024 = CARTESIAN_POINT ( 'NONE',  ( 50.00000000000000711, 15.00000000000000178, 45.50000000000001421 ) ) ;
#2025 = ORIENTED_EDGE ( 'NONE', *, *, #32, .F. ) ;
#2026 = ADVANCED_FACE ( 'NONE', ( #2106 ), #1962, .F. ) ;
#2027 = ORIENTED_EDGE ( 'NONE', *, *, #1096, .F. ) ;
#2028 = LINE ( 'NONE', #1991, #2132 ) ;
#2029 = UNCERTAINTY_MEASURE_WITH_UNIT (LENGTH_MEASURE( 1.000000000000000082E-05 ), #2109, 'distance_accuracy_value', 'NONE');
#2030 = DIRECTION ( 'NONE',  ( -0.000000000000000000, -0.000000000000000000, 1.000000000000000000 ) ) ;
#2031 = EDGE_LOOP ( 'NONE', ( #40, #1019, #2048, #512 ) ) ;
#2032 = DIRECTION ( 'NONE',  ( 1.000000000000000000, 0.000000000000000000, 0.000000000000000000 ) ) ;
#2033 = DIRECTION ( 'NONE',  ( -0.000000000000000000, -1.000000000000000000, -0.000000000000000000 ) ) ;
#2034 = CARTESIAN_POINT ( 'NONE',  ( -40.00000000000052580, 0.000000000000000000, 4.499999999999997335 ) ) ;
#2035 = EDGE_CURVE ( 'NONE', #614, #380, #2162, .T. ) ;
#2036 = VERTEX_POINT ( 'NONE', #1255 ) ;
#2037 = CARTESIAN_POINT ( 'NONE',  ( 20.00000000000026645, 10.59999999999999964, -34.64101615137803947 ) ) ;
#2038 = CYLINDRICAL_SURFACE ( 'NONE', #800, 3.999999999999996447 ) ;
#2039 = ORIENTED_EDGE ( 'NONE', *, *, #1550, .T. ) ;
#2040 = DIRECTION ( 'NONE',  ( 0.000000000000000000, 0.000000000000000000, -1.000000000000000000 ) ) ;
#2041 = DIRECTION ( 'NONE',  ( 0.000000000000000000, 0.000000000000000000, 1.000000000000000000 ) ) ;
#2042 = ORIENTED_EDGE ( 'NONE', *, *, #981, .T. ) ;
#2043 = CARTESIAN_POINT ( 'NONE',  ( -49.99999999999999289, 0.000000000000000000, -54.49999999999998579 ) ) ;
#2044 = CIRCLE ( 'NONE', #1486, 4.499999999999997335 ) ;
#2045 = CARTESIAN_POINT ( 'NONE',  ( -65.00000000000000000, 0.000000000000000000, -54.99999999999998579 ) ) ;
#2046 = CARTESIAN_POINT ( 'NONE',  ( 0.000000000000000000, 15.00000000000000000, -36.00000000000054001 ) ) ;
#2047 = AXIS2_PLACEMENT_3D ( 'NONE', #2298, #516, #1236 ) ;
#2048 = ORIENTED_EDGE ( 'NONE', *, *, #1433, .T. ) ;
#2049 = COLOUR_RGB ( '',0.000000000000000000, 1.000000000000000000, 1.000000000000000000 ) ;
#2050 = DIRECTION ( 'NONE',  ( 0.000000000000000000, 0.000000000000000000, -1.000000000000000000 ) ) ;
#2051 = CARTESIAN_POINT ( 'NONE',  ( 0.000000000000000000, 18.99999999999999289, -24.97500000000000142 ) ) ;
#2052 = ORIENTED_EDGE ( 'NONE', *, *, #573, .T. ) ;
#2053 = LINE ( 'NONE', #1901, #2169 ) ;
#2054 = DIRECTION ( 'NONE',  ( -0.000000000000000000, -1.000000000000000000, -0.000000000000000000 ) ) ;
#2055 = VERTEX_POINT ( 'NONE', #1291 ) ;
#2056 = EDGE_CURVE ( 'NONE', #1229, #551, #728, .T. ) ;
#2057 = FILL_AREA_STYLE_COLOUR ( '', #787 ) ;
#2058 = AXIS2_PLACEMENT_3D ( 'NONE', #2266, #2088, #1210 ) ;
#2059 = ORIENTED_EDGE ( 'NONE', *, *, #369, .T. ) ;
#2060 = AXIS2_PLACEMENT_3D ( 'NONE', #108, #2228, #1343 ) ;
#2061 = CARTESIAN_POINT ( 'NONE',  ( -20.00000000000026645, 10.59999999999999964, 30.14101615137804302 ) ) ;
#2062 = ADVANCED_FACE ( 'NONE', ( #1279 ), #920, .F. ) ;
#2063 = VERTEX_POINT ( 'NONE', #1618 ) ;
#2064 = DIRECTION ( 'NONE',  ( -0.000000000000000000, 1.000000000000000000, -0.000000000000000000 ) ) ;
#2065 = CARTESIAN_POINT ( 'NONE',  ( -49.99999999999999289, 15.00000000000000000, -45.50000000000001421 ) ) ;
#2066 = ORIENTED_EDGE ( 'NONE', *, *, #2056, .F. ) ;
#2067 = CARTESIAN_POINT ( 'NONE',  ( 40.00000000000052580, 0.000000000000000000, -7.500000000000000000 ) ) ;
#2068 = SHAPE_DEFINITION_REPRESENTATION ( #1306, #1121 ) ;
#2069 = EDGE_LOOP ( 'NONE', ( #459, #2280 ) ) ;
#2070 = CYLINDRICAL_SURFACE ( 'NONE', #1784, 7.500000000000000000 ) ;
#2071 = CARTESIAN_POINT ( 'NONE',  ( -10.00000000000000178, 7.500000000000000000, 63.00000000000000000 ) ) ;
#2072 = ORIENTED_EDGE ( 'NONE', *, *, #325, .T. ) ;
#2073 = DIRECTION ( 'NONE',  ( -0.000000000000000000, -1.000000000000000000, -0.000000000000000000 ) ) ;
#2074 = EDGE_CURVE ( 'NONE', #1226, #140, #130, .T. ) ;
#2075 = DIRECTION ( 'NONE',  ( -0.000000000000000000, 1.000000000000000000, -0.000000000000000000 ) ) ;
#2076 = ORIENTED_EDGE ( 'NONE', *, *, #68, .T. ) ;
#2077 = DIRECTION ( 'NONE',  ( 0.000000000000000000, 0.000000000000000000, 1.000000000000000000 ) ) ;
#2078 = CARTESIAN_POINT ( 'NONE',  ( -20.00000000000027711, 10.59999999999999964, -34.64101615137803947 ) ) ;
#2079 = ORIENTED_EDGE ( 'NONE', *, *, #2312, .T. ) ;
#2080 = AXIS2_PLACEMENT_3D ( 'NONE', #2009, #1132, #444 ) ;
#2081 = DIRECTION ( 'NONE',  ( 0.000000000000000000, 0.000000000000000000, 1.000000000000000000 ) ) ;
#2082 = EDGE_CURVE ( 'NONE', #720, #884, #196, .T. ) ;
#2083 = CARTESIAN_POINT ( 'NONE',  ( 65.00000000000000000, 0.000000000000000000, -65.00000000000000000 ) ) ;
#2084 = VECTOR ( 'NONE', #1596, 1000.000000000000000 ) ;
#2085 = AXIS2_PLACEMENT_3D ( 'NONE', #1651, #157, #513 ) ;
#2086 =( GEOMETRIC_REPRESENTATION_CONTEXT ( 3 ) GLOBAL_UNCERTAINTY_ASSIGNED_CONTEXT ( ( #2146 ) ) GLOBAL_UNIT_ASSIGNED_CONTEXT ( ( #697, #1590, #1405 ) ) REPRESENTATION_CONTEXT ( 'NONE', 'WORKASPACE' ) );
#2087 = ORIENTED_EDGE ( 'NONE', *, *, #1766, .T. ) ;
#2088 = DIRECTION ( 'NONE',  ( -0.000000000000000000, 1.000000000000000000, -0.000000000000000000 ) ) ;
#2089 = DIRECTION ( 'NONE',  ( 0.000000000000000000, 0.000000000000000000, -1.000000000000000000 ) ) ;
#2090 = ORIENTED_EDGE ( 'NONE', *, *, #2056, .T. ) ;
#2091 = DIRECTION ( 'NONE',  ( -0.000000000000000000, -1.000000000000000000, -0.000000000000000000 ) ) ;
#2092 = SURFACE_STYLE_FILL_AREA ( #2271 ) ;
#2093 = EDGE_CURVE ( 'NONE', #1758, #491, #1985, .T. ) ;
#2094 = ORIENTED_EDGE ( 'NONE', *, *, #1544, .T. ) ;
#2095 = CIRCLE ( 'NONE', #567, 4.499999999999997335 ) ;
#2096 =( NAMED_UNIT ( * ) SI_UNIT ( $, .STERADIAN. ) SOLID_ANGLE_UNIT ( ) );
#2097 = CARTESIAN_POINT ( 'NONE',  ( -10.00000000000000178, 7.500000000000000000, 38.75000000000000711 ) ) ;
#2098 = CONICAL_SURFACE ( 'NONE', #64, 23.97499999999996945, 0.7853981633974603804 ) ;
#2099 = ORIENTED_EDGE ( 'NONE', *, *, #1002, .F. ) ;
#2100 = LINE ( 'NONE', #1046, #1688 ) ;
#2101 = EDGE_LOOP ( 'NONE', ( #1626, #1798 ) ) ;
#2102 = DIRECTION ( 'NONE',  ( 0.000000000000000000, 0.000000000000000000, -1.000000000000000000 ) ) ;
#2103 = FACE_OUTER_BOUND ( 'NONE', #1339, .T. ) ;
#2104 = ORIENTED_EDGE ( 'NONE', *, *, #981, .F. ) ;
#2105 = EDGE_CURVE ( 'NONE', #1180, #1562, #1428, .T. ) ;
#2106 = FACE_OUTER_BOUND ( 'NONE', #1403, .T. ) ;
#2107 = CARTESIAN_POINT ( 'NONE',  ( -49.99999999999999289, 0.000000000000000000, 54.49999999999998579 ) ) ;
#2108 = ORIENTED_EDGE ( 'NONE', *, *, #2136, .F. ) ;
#2109 =( LENGTH_UNIT ( ) NAMED_UNIT ( * ) SI_UNIT ( .MILLI., .METRE. ) );
#2110 = CARTESIAN_POINT ( 'NONE',  ( -20.00000000000026645, 10.59999999999999964, 34.64101615137803947 ) ) ;
#2111 = ORIENTED_EDGE ( 'NONE', *, *, #948, .T. ) ;
#2112 = EDGE_CURVE ( 'NONE', #639, #1825, #389, .T. ) ;
#2113 = CARTESIAN_POINT ( 'NONE',  ( -10.00000000000000178, 7.500000000000000000, 38.75000000000000711 ) ) ;
#2114 = ORIENTED_EDGE ( 'NONE', *, *, #375, .F. ) ;
#2115 = PRESENTATION_STYLE_ASSIGNMENT (( #1429 ) ) ;
#2116 = CIRCLE ( 'NONE', #41, 10.00000000000000178 ) ;
#2117 = AXIS2_PLACEMENT_3D ( 'NONE', #1647, #769, #1473 ) ;
#2118 = ORIENTED_EDGE ( 'NONE', *, *, #1700, .T. ) ;
#2119 = VECTOR ( 'NONE', #1419, 1000.000000000000000 ) ;
#2120 = AXIS2_PLACEMENT_3D ( 'NONE', #151, #1970, #339 ) ;
#2121 = FACE_OUTER_BOUND ( 'NONE', #2005, .T. ) ;
#2122 = VECTOR ( 'NONE', #601, 1000.000000000000000 ) ;
#2123 = DIRECTION ( 'NONE',  ( -0.000000000000000000, 1.000000000000000000, -0.000000000000000000 ) ) ;
#2124 = CIRCLE ( 'NONE', #1937, 4.499999999999997335 ) ;
#2125 = ORIENTED_EDGE ( 'NONE', *, *, #58, .F. ) ;
#2126 = STYLED_ITEM ( 'NONE', ( #1919 ), #1121 ) ;
#2127 = FACE_OUTER_BOUND ( 'NONE', #1634, .T. ) ;
#2128 = EDGE_CURVE ( 'NONE', #27, #2221, #1747, .T. ) ;
#2129 = DIRECTION ( 'NONE',  ( 8.659560562355038861E-17, -0.7071067811865390240, 0.7071067811865561215 ) ) ;
#2130 = CARTESIAN_POINT ( 'NONE',  ( -20.00000000000027711, 0.000000000000000000, -34.64101615137803947 ) ) ;
#2131 = DIRECTION ( 'NONE',  ( -0.000000000000000000, -1.000000000000000000, -0.000000000000000000 ) ) ;
#2132 = VECTOR ( 'NONE', #21, 1000.000000000000000 ) ;
#2133 = AXIS2_PLACEMENT_3D ( 'NONE', #740, #1062, #1762 ) ;
#2134 = DIRECTION ( 'NONE',  ( 1.000000000000000000, 0.000000000000000000, 0.000000000000000000 ) ) ;
#2135 = CYLINDRICAL_SURFACE ( 'NONE', #1344, 4.499999999999990230 ) ;
#2136 = EDGE_CURVE ( 'NONE', #2144, #551, #353, .T. ) ;
#2137 = VERTEX_POINT ( 'NONE', #1114 ) ;
#2138 = DIRECTION ( 'NONE',  ( 0.000000000000000000, 0.000000000000000000, 1.000000000000000000 ) ) ;
#2139 = EDGE_LOOP ( 'NONE', ( #1336, #182, #2017, #1116 ) ) ;
#2140 = DIRECTION ( 'NONE',  ( 0.000000000000000000, 0.000000000000000000, -1.000000000000000000 ) ) ;
#2141 = CARTESIAN_POINT ( 'NONE',  ( 0.000000000000000000, 20.00000000000000000, -23.97499999999996945 ) ) ;
#2142 = CYLINDRICAL_SURFACE ( 'NONE', #1561, 4.499999999999997335 ) ;
#2143 = CARTESIAN_POINT ( 'NONE',  ( -16.00000000000000711, 7.500000000000000888, 63.00000000000000000 ) ) ;
#2144 = VERTEX_POINT ( 'NONE', #1813 ) ;
#2145 = SURFACE_STYLE_FILL_AREA ( #1951 ) ;
#2146 = UNCERTAINTY_MEASURE_WITH_UNIT (LENGTH_MEASURE( 1.000000000000000082E-05 ), #697, 'distance_accuracy_value', 'NONE');
#2147 = EDGE_CURVE ( 'NONE', #1562, #1802, #1673, .T. ) ;
#2148 = DIRECTION ( 'NONE',  ( -0.000000000000000000, -1.000000000000000000, -0.000000000000000000 ) ) ;
#2149 = ORIENTED_EDGE ( 'NONE', *, *, #191, .T. ) ;
#2150 = DIRECTION ( 'NONE',  ( 0.000000000000000000, 0.000000000000000000, -1.000000000000000000 ) ) ;
#2151 =( LENGTH_UNIT ( ) NAMED_UNIT ( * ) SI_UNIT ( .MILLI., .METRE. ) );
#2152 = DIRECTION ( 'NONE',  ( 0.000000000000000000, -1.000000000000000000, 0.000000000000000000 ) ) ;
#2153 = EDGE_CURVE ( 'NONE', #1111, #158, #888, .T. ) ;
#2154 = PRESENTATION_STYLE_ASSIGNMENT (( #1438 ) ) ;
#2155 = AXIS2_PLACEMENT_3D ( 'NONE', #1963, #532, #145 ) ;
#2156 = CIRCLE ( 'NONE', #242, 3.999999999999996447 ) ;
#2157 = VERTEX_POINT ( 'NONE', #541 ) ;
#2158 = DIRECTION ( 'NONE',  ( 1.000000000000000000, 0.000000000000000000, 0.000000000000000000 ) ) ;
#2159 =( GEOMETRIC_REPRESENTATION_CONTEXT ( 3 ) GLOBAL_UNCERTAINTY_ASSIGNED_CONTEXT ( ( #2219 ) ) GLOBAL_UNIT_ASSIGNED_CONTEXT ( ( #795, #26, #1158 ) ) REPRESENTATION_CONTEXT ( 'NONE', 'WORKASPACE' ) );
#2160 = DIRECTION ( 'NONE',  ( -0.000000000000000000, -1.000000000000000000, -0.000000000000000000 ) ) ;
#2161 = CARTESIAN_POINT ( 'NONE',  ( 20.00000000000026645, 0.000000000000000000, -39.14101615137803236 ) ) ;
#2162 = LINE ( 'NONE', #2178, #1965 ) ;
#2163 = EDGE_CURVE ( 'NONE', #2055, #821, #1750, .T. ) ;
#2164 = VERTEX_POINT ( 'NONE', #2343 ) ;
#2165 = CIRCLE ( 'NONE', #1573, 3.399999999999995914 ) ;
#2166 = CIRCLE ( 'NONE', #1611, 7.499999999999996447 ) ;
#2167 = CARTESIAN_POINT ( 'NONE',  ( 0.000000000000000000, 15.00000000000000000, 0.000000000000000000 ) ) ;
#2168 = CYLINDRICAL_SURFACE ( 'NONE', #1278, 7.500000000000000000 ) ;
#2169 = VECTOR ( 'NONE', #2064, 1000.000000000000000 ) ;
#2170 = ORIENTED_EDGE ( 'NONE', *, *, #9, .T. ) ;
#2171 = DIRECTION ( 'NONE',  ( 0.000000000000000000, 0.000000000000000000, -1.000000000000000000 ) ) ;
#2172 = UNCERTAINTY_MEASURE_WITH_UNIT (LENGTH_MEASURE( 1.000000000000000082E-05 ), #461, 'distance_accuracy_value', 'NONE');
#2173 = CIRCLE ( 'NONE', #1948, 4.499999999999983125 ) ;
#2174 = FACE_OUTER_BOUND ( 'NONE', #1443, .T. ) ;
#2175 = ORIENTED_EDGE ( 'NONE', *, *, #1872, .F. ) ;
#2176 = DIRECTION ( 'NONE',  ( -1.000000000000000000, 0.000000000000000000, 0.000000000000000000 ) ) ;
#2177 = FACE_OUTER_BOUND ( 'NONE', #1580, .T. ) ;
#2178 = CARTESIAN_POINT ( 'NONE',  ( -20.00000000000026645, 0.000000000000000000, 27.14101615137803947 ) ) ;
#2179 = ORIENTED_EDGE ( 'NONE', *, *, #1906, .T. ) ;
#2180 = ADVANCED_FACE ( 'NONE', ( #1792 ), #177, .F. ) ;
#2181 = CARTESIAN_POINT ( 'NONE',  ( 0.000000000000000000, 0.000000000000000000, -36.00000000000054001 ) ) ;
#2182 = ORIENTED_EDGE ( 'NONE', *, *, #1411, .T. ) ;
#2183 = DIRECTION ( 'NONE',  ( 0.000000000000000000, 0.000000000000000000, -1.000000000000000000 ) ) ;
#2184 = CARTESIAN_POINT ( 'NONE',  ( 50.00000000000000711, 15.00000000000000178, 50.00000000000000000 ) ) ;
#2185 = ORIENTED_EDGE ( 'NONE', *, *, #1595, .F. ) ;
#2186 = EDGE_CURVE ( 'NONE', #450, #2296, #1381, .T. ) ;
#2187 = DIRECTION ( 'NONE',  ( 0.000000000000000000, 0.000000000000000000, -1.000000000000000000 ) ) ;
#2188 = CARTESIAN_POINT ( 'NONE',  ( -40.00000000000052580, 10.59999999999999964, 0.000000000000000000 ) ) ;
#2189 = EDGE_LOOP ( 'NONE', ( #1577, #1746 ) ) ;
#2190 = LINE ( 'NONE', #447, #2279 ) ;
#2191 = CARTESIAN_POINT ( 'NONE',  ( 50.00000000000000711, 0.000000000000000000, 50.00000000000000000 ) ) ;
#2192 = ORIENTED_EDGE ( 'NONE', *, *, #469, .T. ) ;
#2193 = PRESENTATION_LAYER_ASSIGNMENT (  '', '', ( #4 ) ) ;
#2194 = DIRECTION ( 'NONE',  ( -0.000000000000000000, -1.000000000000000000, -0.000000000000000000 ) ) ;
#2195 = CARTESIAN_POINT ( 'NONE',  ( -20.00000000000027711, 0.000000000000000000, -34.64101615137803947 ) ) ;
#2196 = AXIS2_PLACEMENT_3D ( 'NONE', #50, #2224, #35 ) ;
#2197 = EDGE_LOOP ( 'NONE', ( #1938, #1487 ) ) ;
#2198 = CIRCLE ( 'NONE', #900, 7.500000000000000000 ) ;
#2199 = EDGE_CURVE ( 'NONE', #1076, #808, #746, .T. ) ;
#2200 = LINE ( 'NONE', #806, #352 ) ;
#2201 = FACE_OUTER_BOUND ( 'NONE', #766, .T. ) ;
#2202 = STYLED_ITEM ( 'NONE', ( #719 ), #1735 ) ;
#2203 = ORIENTED_EDGE ( 'NONE', *, *, #422, .F. ) ;
#2204 = DIRECTION ( 'NONE',  ( 0.000000000000000000, 0.000000000000000000, -1.000000000000000000 ) ) ;
#2205 = CARTESIAN_POINT ( 'NONE',  ( -49.99999999999999289, 15.00000000000000178, 45.50000000000001421 ) ) ;
#2206 = ORIENTED_EDGE ( 'NONE', *, *, #128, .F. ) ;
#2207 = AXIS2_PLACEMENT_3D ( 'NONE', #658, #1346, #489 ) ;
#2208 = LINE ( 'NONE', #2218, #1796 ) ;
#2209 = EDGE_CURVE ( 'NONE', #209, #2265, #1608, .T. ) ;
#2210 = AXIS2_PLACEMENT_3D ( 'NONE', #436, #1165, #252 ) ;
#2211 = DIRECTION ( 'NONE',  ( 0.000000000000000000, 1.000000000000000000, 0.000000000000000000 ) ) ;
#2212 = DIRECTION ( 'NONE',  ( 0.000000000000000000, 0.000000000000000000, -1.000000000000000000 ) ) ;
#2213 = DIRECTION ( 'NONE',  ( -0.000000000000000000, -1.000000000000000000, -0.000000000000000000 ) ) ;
#2214 = EDGE_LOOP ( 'NONE', ( #134, #1178, #1351, #34 ) ) ;
#2215 = CARTESIAN_POINT ( 'NONE',  ( -40.00000000000052580, 0.000000000000000000, 0.000000000000000000 ) ) ;
#2216 = DIRECTION ( 'NONE',  ( -0.000000000000000000, 1.000000000000000000, -0.000000000000000000 ) ) ;
#2217 = ORIENTED_EDGE ( 'NONE', *, *, #1987, .F. ) ;
#2218 = CARTESIAN_POINT ( 'NONE',  ( -65.00000000000000000, 0.000000000000000000, -64.99999999999998579 ) ) ;
#2219 = UNCERTAINTY_MEASURE_WITH_UNIT (LENGTH_MEASURE( 1.000000000000000082E-05 ), #795, 'distance_accuracy_value', 'NONE');
#2220 = CARTESIAN_POINT ( 'NONE',  ( -40.00000000000052580, 0.000000000000000000, 7.500000000000000000 ) ) ;
#2221 = VERTEX_POINT ( 'NONE', #1858 ) ;
#2222 = EDGE_CURVE ( 'NONE', #1458, #614, #555, .T. ) ;
#2223 = DIRECTION ( 'NONE',  ( -0.000000000000000000, -0.000000000000000000, -1.000000000000000000 ) ) ;
#2224 = DIRECTION ( 'NONE',  ( 0.000000000000000000, 1.000000000000000000, 0.000000000000000000 ) ) ;
#2225 = FACE_OUTER_BOUND ( 'NONE', #1159, .T. ) ;
#2226 = EDGE_LOOP ( 'NONE', ( #736, #273 ) ) ;
#2227 = DIRECTION ( 'NONE',  ( -0.000000000000000000, -1.000000000000000000, -0.000000000000000000 ) ) ;
#2228 = DIRECTION ( 'NONE',  ( -0.000000000000000000, 1.000000000000000000, -0.000000000000000000 ) ) ;
#2229 = EDGE_CURVE ( 'NONE', #657, #399, #1090, .T. ) ;
#2230 = ORIENTED_EDGE ( 'NONE', *, *, #986, .F. ) ;
#2231 = CARTESIAN_POINT ( 'NONE',  ( 3.058555380870514506E-15, 15.00000000000000000, 24.97500000000000142 ) ) ;
#2232 = DIRECTION ( 'NONE',  ( 0.000000000000000000, 0.000000000000000000, -1.000000000000000000 ) ) ;
#2233 = VERTEX_POINT ( 'NONE', #1316 ) ;
#2234 = DIRECTION ( 'NONE',  ( 1.000000000000000000, -0.000000000000000000, -1.067522139062650425E-16 ) ) ;
#2235 = CIRCLE ( 'NONE', #2313, 7.499999999999996447 ) ;
#2236 = CARTESIAN_POINT ( 'NONE',  ( 6.938893903907228378E-15, 15.00000000000000000, -46.00000000000000711 ) ) ;
#2237 = PRESENTATION_STYLE_ASSIGNMENT (( #1522 ) ) ;
#2238 = ORIENTED_EDGE ( 'NONE', *, *, #1640, .F. ) ;
#2239 = AXIS2_PLACEMENT_3D ( 'NONE', #531, #163, #2140 ) ;
#2240 = ADVANCED_FACE ( 'NONE', ( #417, #1659 ), #36, .F. ) ;
#2241 = CARTESIAN_POINT ( 'NONE',  ( 55.00000000000000000, 0.000000000000000000, -65.00000000000000000 ) ) ;
#2242 = LINE ( 'NONE', #262, #842 ) ;
#2243 = CARTESIAN_POINT ( 'NONE',  ( -40.00000000000052580, 14.99999999999999822, 4.499999999999997335 ) ) ;
#2244 = DIRECTION ( 'NONE',  ( -0.000000000000000000, -1.000000000000000000, -0.000000000000000000 ) ) ;
#2245 = EDGE_LOOP ( 'NONE', ( #1447, #2099 ) ) ;
#2246 = CARTESIAN_POINT ( 'NONE',  ( 20.00000000000027001, 0.000000000000000000, 34.64101615137803947 ) ) ;
#2247 = CIRCLE ( 'NONE', #1576, 7.500000000000000000 ) ;
#2248 =( NAMED_UNIT ( * ) PLANE_ANGLE_UNIT ( ) SI_UNIT ( $, .RADIAN. ) );
#2249 = MECHANICAL_DESIGN_GEOMETRIC_PRESENTATION_REPRESENTATION (  '', ( #61 ), #142 ) ;
#2250 = ORIENTED_EDGE ( 'NONE', *, *, #1766, .F. ) ;
#2251 = AXIS2_PLACEMENT_3D ( 'NONE', #1770, #738, #306 ) ;
#2252 = FACE_OUTER_BOUND ( 'NONE', #326, .T. ) ;
#2253 = ADVANCED_FACE ( 'NONE', ( #2225 ), #778, .F. ) ;
#2254 = CARTESIAN_POINT ( 'NONE',  ( -49.99999999999999289, 15.00000000000000000, 50.00000000000000000 ) ) ;
#2255 = VERTEX_POINT ( 'NONE', #2024 ) ;
#2256 = FACE_OUTER_BOUND ( 'NONE', #2342, .T. ) ;
#2257 = DIRECTION ( 'NONE',  ( 0.000000000000000000, 0.000000000000000000, -1.000000000000000000 ) ) ;
#2258 = ORIENTED_EDGE ( 'NONE', *, *, #1420, .T. ) ;
#2259 = CARTESIAN_POINT ( 'NONE',  ( -20.00000000000027711, 10.59999999999999964, -39.14101615137803236 ) ) ;
#2260 = CARTESIAN_POINT ( 'NONE',  ( 65.00000000000000000, 15.00000000000000000, -65.00000000000000000 ) ) ;
#2261 = ADVANCED_FACE ( 'NONE', ( #1672 ), #955, .F. ) ;
#2262 = EDGE_LOOP ( 'NONE', ( #1056, #1299 ) ) ;
#2263 = CARTESIAN_POINT ( 'NONE',  ( -20.00000000000027711, 0.000000000000000000, -34.64101615137803947 ) ) ;
#2264 = PRESENTATION_STYLE_ASSIGNMENT (( #1354 ) ) ;
#2265 = VERTEX_POINT ( 'NONE', #1474 ) ;
#2266 = CARTESIAN_POINT ( 'NONE',  ( -49.99999999999999289, 15.00000000000000000, -50.00000000000000000 ) ) ;
#2267 = CARTESIAN_POINT ( 'NONE',  ( -49.99999999999999289, 15.00000000000000178, -54.49999999999999289 ) ) ;
#2268 = EDGE_CURVE ( 'NONE', #230, #100, #1788, .T. ) ;
#2269 = ORIENTED_EDGE ( 'NONE', *, *, #1812, .F. ) ;
#2270 = LINE ( 'NONE', #311, #1021 ) ;
#2271 = FILL_AREA_STYLE ('',( #1201 ) ) ;
#2272 = DIRECTION ( 'NONE',  ( -0.000000000000000000, -1.000000000000000000, -0.000000000000000000 ) ) ;
#2273 = ORIENTED_EDGE ( 'NONE', *, *, #2163, .T. ) ;
#2274 = MECHANICAL_DESIGN_GEOMETRIC_PRESENTATION_REPRESENTATION (  '', ( #479 ), #671 ) ;
#2275 = DIRECTION ( 'NONE',  ( -0.000000000000000000, -1.000000000000000000, -0.000000000000000000 ) ) ;
#2276 = VECTOR ( 'NONE', #564, 1000.000000000000000 ) ;
#2277 = CIRCLE ( 'NONE', #1445, 4.499999999999997335 ) ;
#2278 = DIRECTION ( 'NONE',  ( -0.000000000000000000, 1.000000000000000000, -0.000000000000000000 ) ) ;
#2279 = VECTOR ( 'NONE', #1341, 1000.000000000000000 ) ;
#2280 = ORIENTED_EDGE ( 'NONE', *, *, #325, .F. ) ;
#2281 = CARTESIAN_POINT ( 'NONE',  ( -20.00000000000026645, 0.000000000000000000, 39.14101615137803236 ) ) ;
#2282 = ORIENTED_EDGE ( 'NONE', *, *, #760, .F. ) ;
#2283 = CARTESIAN_POINT ( 'NONE',  ( -54.99999999999999289, 0.000000000000000000, 55.00000000000001421 ) ) ;
#2284 = EDGE_CURVE ( 'NONE', #1744, #2221, #233, .T. ) ;
#2285 = AXIS2_PLACEMENT_3D ( 'NONE', #1082, #1095, #2338 ) ;
#2286 = DIRECTION ( 'NONE',  ( 1.000000000000000000, 0.000000000000000000, -1.067522139062650425E-16 ) ) ;
#2287 = ORIENTED_EDGE ( 'NONE', *, *, #2340, .T. ) ;
#2288 = VECTOR ( 'NONE', #1142, 1000.000000000000000 ) ;
#2289 =( GEOMETRIC_REPRESENTATION_CONTEXT ( 3 ) GLOBAL_UNCERTAINTY_ASSIGNED_CONTEXT ( ( #962 ) ) GLOBAL_UNIT_ASSIGNED_CONTEXT ( ( #2000, #1466, #615 ) ) REPRESENTATION_CONTEXT ( 'NONE', 'WORKASPACE' ) );
#2290 = CYLINDRICAL_SURFACE ( 'NONE', #785, 4.499999999999997335 ) ;
#2291 = CIRCLE ( 'NONE', #1982, 4.499999999999983125 ) ;
#2292 = EDGE_CURVE ( 'NONE', #687, #281, #1687, .T. ) ;
#2293 = ORIENTED_EDGE ( 'NONE', *, *, #2332, .F. ) ;
#2294 = FILL_AREA_STYLE_COLOUR ( '', #1277 ) ;
#2295 = DIRECTION ( 'NONE',  ( -1.000000000000000000, 0.000000000000000000, 0.000000000000000000 ) ) ;
#2296 = VERTEX_POINT ( 'NONE', #770 ) ;
#2297 = CARTESIAN_POINT ( 'NONE',  ( -49.99999999999999289, 15.00000000000000178, -50.00000000000000000 ) ) ;
#2298 = CARTESIAN_POINT ( 'NONE',  ( 50.00000000000000711, 15.00000000000000178, 50.00000000000000000 ) ) ;
#2299 = EDGE_LOOP ( 'NONE', ( #2104, #1406, #1993, #423 ) ) ;
#2300 = DIRECTION ( 'NONE',  ( 0.000000000000000000, 0.000000000000000000, -1.000000000000000000 ) ) ;
#2301 = DIRECTION ( 'NONE',  ( 0.000000000000000000, 0.000000000000000000, -1.000000000000000000 ) ) ;
#2302 = ORIENTED_EDGE ( 'NONE', *, *, #593, .F. ) ;
#2303 = FILL_AREA_STYLE ('',( #1589 ) ) ;
#2304 = ADVANCED_FACE ( 'NONE', ( #2201 ), #807, .T. ) ;
#2305 =( NAMED_UNIT ( * ) SI_UNIT ( $, .STERADIAN. ) SOLID_ANGLE_UNIT ( ) );
#2306 = ORIENTED_EDGE ( 'NONE', *, *, #702, .F. ) ;
#2307 = CARTESIAN_POINT ( 'NONE',  ( 6.938893903907228378E-15, 15.00000000000000000, 54.00000000000000000 ) ) ;
#2308 = CARTESIAN_POINT ( 'NONE',  ( 40.00000000000052580, 0.000000000000000000, 0.000000000000000000 ) ) ;
#2309 = CARTESIAN_POINT ( 'NONE',  ( -49.99999999999999289, 15.00000000000000178, -45.50000000000001421 ) ) ;
#2310 = CARTESIAN_POINT ( 'NONE',  ( -55.00000000000000000, 0.000000000000000000, -54.99999999999998579 ) ) ;
#2311 = CARTESIAN_POINT ( 'NONE',  ( 7.428752623566168970E-15, 15.00000000000000000, 46.00000000000000711 ) ) ;
#2312 = EDGE_CURVE ( 'NONE', #1180, #1668, #395, .T. ) ;
#2313 = AXIS2_PLACEMENT_3D ( 'NONE', #1686, #1835, #2187 ) ;
#2314 = AXIS2_PLACEMENT_3D ( 'NONE', #2078, #2272, #1372 ) ;
#2315 = CIRCLE ( 'NONE', #1713, 7.500000000000000000 ) ;
#2316 = DIRECTION ( 'NONE',  ( 0.000000000000000000, 0.000000000000000000, -1.000000000000000000 ) ) ;
#2317 = CARTESIAN_POINT ( 'NONE',  ( 6.938893903907228378E-15, 15.00000000000000000, 50.00000000000000000 ) ) ;
#2318 = ORIENTED_EDGE ( 'NONE', *, *, #1442, .F. ) ;
#2319 = CYLINDRICAL_SURFACE ( 'NONE', #1723, 24.97500000000000142 ) ;
#2320 = DIRECTION ( 'NONE',  ( -0.000000000000000000, 1.000000000000000000, -0.000000000000000000 ) ) ;
#2321 = ORIENTED_EDGE ( 'NONE', *, *, #58, .T. ) ;
#2322 = CARTESIAN_POINT ( 'NONE',  ( -20.00000000000027711, 0.000000000000000000, -34.64101615137803947 ) ) ;
#2323 = CIRCLE ( 'NONE', #2285, 6.300000000000021139 ) ;
#2324 = SURFACE_STYLE_FILL_AREA ( #704 ) ;
#2325 = DIRECTION ( 'NONE',  ( 0.000000000000000000, 0.000000000000000000, -1.000000000000000000 ) ) ;
#2326 = EDGE_CURVE ( 'NONE', #1804, #643, #2011, .T. ) ;
#2327 = STYLED_ITEM ( 'NONE', ( #17 ), #803 ) ;
#2328 = DIRECTION ( 'NONE',  ( -0.000000000000000000, -1.000000000000000000, -0.000000000000000000 ) ) ;
#2329 = EDGE_LOOP ( 'NONE', ( #472, #2238, #2090, #2039 ) ) ;
#2330 = DIRECTION ( 'NONE',  ( -0.000000000000000000, 1.000000000000000000, -0.000000000000000000 ) ) ;
#2331 = ORIENTED_EDGE ( 'NONE', *, *, #612, .F. ) ;
#2332 = EDGE_CURVE ( 'NONE', #380, #1383, #2007, .T. ) ;
#2333 = DIRECTION ( 'NONE',  ( 0.000000000000000000, 0.000000000000000000, -1.000000000000000000 ) ) ;
#2334 = FACE_OUTER_BOUND ( 'NONE', #1028, .T. ) ;
#2335 = FACE_BOUND ( 'NONE', #1182, .T. ) ;
#2336 =( LENGTH_UNIT ( ) NAMED_UNIT ( * ) SI_UNIT ( .MILLI., .METRE. ) );
#2337 = VERTEX_POINT ( 'NONE', #1905 ) ;
#2338 = DIRECTION ( 'NONE',  ( -1.000000000000000000, 0.000000000000000000, 0.000000000000000000 ) ) ;
#2339 = UNCERTAINTY_MEASURE_WITH_UNIT (LENGTH_MEASURE( 1.000000000000000082E-05 ), #1583, 'distance_accuracy_value', 'NONE');
#2340 = EDGE_CURVE ( 'NONE', #1170, #1229, #1010, .T. ) ;
#2341 = CYLINDRICAL_SURFACE ( 'NONE', #824, 7.500000000000000000 ) ;
#2342 = EDGE_LOOP ( 'NONE', ( #1722, #1135, #1890, #1081 ) ) ;
#2343 = CARTESIAN_POINT ( 'NONE',  ( 20.00000000000026645, 10.59999999999999964, -27.14101615137803947 ) ) ;
ENDSEC;
END-ISO-10303-21;
