ISO-10303-21;
HEADER;
FILE_DESCRIPTION (( 'STEP AP214' ),
    '1' );
FILE_NAME ('202500521_Laufblech Energiekette.STEP',
    '2026-02-19T16:06:58',
    ( '' ),
    ( '' ),
    'SwSTEP 2.0',
    'SolidWorks 2021',
    '' );
FILE_SCHEMA (( 'AUTOMOTIVE_DESIGN' ));
ENDSEC;

DATA;
#2 = VERTEX_POINT ( 'NONE', #4958 ) ;
#1 = CARTESIAN_POINT ( 'NONE',  ( 45.49999999999945999, -3.000000000000000000, -1137.500000000000000 ) ) ;
#3 = VECTOR ( 'NONE', #4013, 1000.000000000000000 ) ;
#4 = CARTESIAN_POINT ( 'NONE',  ( 45.50000000000112266, -3.000000000000000000, -980.0000000000051159 ) ) ;
#5 = ADVANCED_FACE ( 'NONE', ( #2413 ), #2291, .F. ) ;
#7 = EDGE_LOOP ( 'NONE', ( #3329, #4737 ) ) ;
#6 = CARTESIAN_POINT ( 'NONE',  ( -45.49999999999937472, 0.000000000000000000, -1040.000000000003183 ) ) ;
#8 = SURFACE_SIDE_STYLE ('',( #4803 ) ) ;
#9 = CARTESIAN_POINT ( 'NONE',  ( -45.49999999999958078, -1.040949779275264931E-16, -1060.000000000002501 ) ) ;
#10 = FACE_OUTER_BOUND ( 'NONE', #3344, .T. ) ;
#11 = ORIENTED_EDGE ( 'NONE', *, *, #3690, .T. ) ;
#12 = CARTESIAN_POINT ( 'NONE',  ( -45.49999999999854339, -1.040949779275264931E-16, -962.5000000000056843 ) ) ;
#13 = STYLED_ITEM ( 'NONE', ( #2148 ), #5018 ) ;
#14 = DIRECTION ( 'NONE',  ( -1.000000000000000000, -3.543264972207944962E-15, 1.218537466052001177E-16 ) ) ;
#15 = ADVANCED_FACE ( 'NONE', ( #5357 ), #2830, .T. ) ;
#16 = AXIS2_PLACEMENT_3D ( 'NONE', #4363, #3105, #3924 ) ;
#17 = SURFACE_STYLE_FILL_AREA ( #5032 ) ;
#18 = DIRECTION ( 'NONE',  ( 0.000000000000000000, 0.000000000000000000, -1.000000000000000000 ) ) ;
#19 = FACE_OUTER_BOUND ( 'NONE', #1355, .T. ) ;
#20 = SURFACE_SIDE_STYLE ('',( #461 ) ) ;
#21 = CARTESIAN_POINT ( 'NONE',  ( -45.50000000000062528, 0.000000000000000000, -820.0000000000102318 ) ) ;
#22 = STYLED_ITEM ( 'NONE', ( #4114 ), #5 ) ;
#23 = ADVANCED_FACE ( 'NONE', ( #605 ), #4089, .F. ) ;
#24 = DIRECTION ( 'NONE',  ( -0.000000000000000000, 1.000000000000000000, -0.000000000000000000 ) ) ;
#25 = AXIS2_PLACEMENT_3D ( 'NONE', #2323, #4433, #2353 ) ;
#26 = FACE_BOUND ( 'NONE', #2155, .T. ) ;
#27 = EDGE_LOOP ( 'NONE', ( #2122, #2722, #1009, #5173 ) ) ;
#28 = FACE_OUTER_BOUND ( 'NONE', #61, .T. ) ;
#29 = DIRECTION ( 'NONE',  ( 1.218537466051995014E-16, 1.734723475976813750E-16, 1.000000000000000000 ) ) ;
#30 = VERTEX_POINT ( 'NONE', #1911 ) ;
#31 =( GEOMETRIC_REPRESENTATION_CONTEXT ( 3 ) GLOBAL_UNCERTAINTY_ASSIGNED_CONTEXT ( ( #2217 ) ) GLOBAL_UNIT_ASSIGNED_CONTEXT ( ( #2314, #257, #3109 ) ) REPRESENTATION_CONTEXT ( 'NONE', 'WORKASPACE' ) );
#32 = UNCERTAINTY_MEASURE_WITH_UNIT (LENGTH_MEASURE( 1.000000000000000082E-05 ), #767, 'distance_accuracy_value', 'NONE');
#34 = ORIENTED_EDGE ( 'NONE', *, *, #3601, .T. ) ;
#33 = SURFACE_STYLE_FILL_AREA ( #3546 ) ;
#35 = CARTESIAN_POINT ( 'NONE',  ( -45.50000000000062528, 0.000000000000000000, -882.5000000000082991 ) ) ;
#36 = AXIS2_PLACEMENT_3D ( 'NONE', #2305, #180, #1921 ) ;
#37 = DIRECTION ( 'NONE',  ( -0.000000000000000000, 1.000000000000000000, -0.000000000000000000 ) ) ;
#38 = UNCERTAINTY_MEASURE_WITH_UNIT (LENGTH_MEASURE( 1.000000000000000082E-05 ), #1393, 'distance_accuracy_value', 'NONE');
#40 = VERTEX_POINT ( 'NONE', #4058 ) ;
#39 = SURFACE_STYLE_FILL_AREA ( #2690 ) ;
#41 = FILL_AREA_STYLE_COLOUR ( '', #3697 ) ;
#42 = ORIENTED_EDGE ( 'NONE', *, *, #2576, .F. ) ;
#43 = CARTESIAN_POINT ( 'NONE',  ( -60.00000000000054712, 33.25000000000019895, 1450.000000000000227 ) ) ;
#44 = STYLED_ITEM ( 'NONE', ( #2298 ), #765 ) ;
#45 = ADVANCED_FACE ( 'NONE', ( #3183 ), #230, .F. ) ;
#46 = DIRECTION ( 'NONE',  ( -4.270088556250616885E-15, 1.000000000000000000, 0.000000000000000000 ) ) ;
#47 = AXIS2_PLACEMENT_3D ( 'NONE', #599, #1445, #3642 ) ;
#48 =( LENGTH_UNIT ( ) NAMED_UNIT ( * ) SI_UNIT ( .MILLI., .METRE. ) );
#49 = DIRECTION ( 'NONE',  ( 0.000000000000000000, 0.000000000000000000, 1.000000000000000000 ) ) ;
#50 = EDGE_CURVE ( 'NONE', #3503, #3843, #2529, .T. ) ;
#51 = FILL_AREA_STYLE_COLOUR ( '', #2008 ) ;
#52 = CIRCLE ( 'NONE', #1020, 2.499999999999946709 ) ;
#53 = AXIS2_PLACEMENT_3D ( 'NONE', #4437, #4408, #3154 ) ;
#54 = AXIS2_PLACEMENT_3D ( 'NONE', #272, #3714, #1982 ) ;
#55 = VECTOR ( 'NONE', #84, 1000.000000000000000 ) ;
#56 = DIRECTION ( 'NONE',  ( 0.000000000000000000, -1.000000000000000000, 0.000000000000000000 ) ) ;
#57 = VERTEX_POINT ( 'NONE', #2466 ) ;
#58 =( NAMED_UNIT ( * ) PLANE_ANGLE_UNIT ( ) SI_UNIT ( $, .RADIAN. ) );
#59 = EDGE_CURVE ( 'NONE', #2892, #1140, #1710, .T. ) ;
#60 = LINE ( 'NONE', #2983, #489 ) ;
#61 = EDGE_LOOP ( 'NONE', ( #3345, #4867, #209, #4295 ) ) ;
#62 = VECTOR ( 'NONE', #1584, 1000.000000000000000 ) ;
#63 = AXIS2_PLACEMENT_3D ( 'NONE', #2228, #5114, #4312 ) ;
#65 = VERTEX_POINT ( 'NONE', #4162 ) ;
#64 = CARTESIAN_POINT ( 'NONE',  ( -45.50000000000020606, -1.040949779275264931E-16, -1117.500000000000682 ) ) ;
#66 =( GEOMETRIC_REPRESENTATION_CONTEXT ( 3 ) GLOBAL_UNCERTAINTY_ASSIGNED_CONTEXT ( ( #4718 ) ) GLOBAL_UNIT_ASSIGNED_CONTEXT ( ( #4262, #2978, #2076 ) ) REPRESENTATION_CONTEXT ( 'NONE', 'WORKASPACE' ) );
#67 = FACE_OUTER_BOUND ( 'NONE', #4415, .T. ) ;
#68 = DIRECTION ( 'NONE',  ( 0.000000000000000000, 0.000000000000000000, 1.000000000000000000 ) ) ;
#70 = ORIENTED_EDGE ( 'NONE', *, *, #3639, .F. ) ;
#69 = CARTESIAN_POINT ( 'NONE',  ( -45.49999999999937472, -3.000000000000000000, -1040.000000000003183 ) ) ;
#71 = ORIENTED_EDGE ( 'NONE', *, *, #737, .T. ) ;
#72 = DIRECTION ( 'NONE',  ( 0.000000000000000000, 0.000000000000000000, 1.000000000000000000 ) ) ;
#73 = CARTESIAN_POINT ( 'NONE',  ( 45.50000000000132161, -3.000000000000000000, -960.0000000000056843 ) ) ;
#74 = FACE_OUTER_BOUND ( 'NONE', #2954, .T. ) ;
#75 = CYLINDRICAL_SURFACE ( 'NONE', #3219, 2.499999999999946709 ) ;
#76 = CYLINDRICAL_SURFACE ( 'NONE', #3861, 3.249999999999992450 ) ;
#77 = ORIENTED_EDGE ( 'NONE', *, *, #5299, .T. ) ;
#78 = LINE ( 'NONE', #4483, #1733 ) ;
#79 = AXIS2_PLACEMENT_3D ( 'NONE', #5489, #1268, #5436 ) ;
#80 = EDGE_CURVE ( 'NONE', #196, #3123, #3946, .T. ) ;
#81 =( LENGTH_UNIT ( ) NAMED_UNIT ( * ) SI_UNIT ( .MILLI., .METRE. ) );
#82 = DIRECTION ( 'NONE',  ( 0.000000000000000000, 0.000000000000000000, -1.000000000000000000 ) ) ;
#83 = ORIENTED_EDGE ( 'NONE', *, *, #2551, .F. ) ;
#84 = DIRECTION ( 'NONE',  ( -3.543264972207944962E-15, 1.000000000000000000, 0.000000000000000000 ) ) ;
#85 = STYLED_ITEM ( 'NONE', ( #5103 ), #3654 ) ;
#86 = VERTEX_POINT ( 'NONE', #5441 ) ;
#87 = EDGE_CURVE ( 'NONE', #4900, #3384, #3132, .T. ) ;
#88 = COLOUR_RGB ( '',0.5294117647058823595, 0.5490196078431373028, 0.5490196078431373028 ) ;
#89 = UNCERTAINTY_MEASURE_WITH_UNIT (LENGTH_MEASURE( 1.000000000000000082E-05 ), #1893, 'distance_accuracy_value', 'NONE');
#90 = FACE_OUTER_BOUND ( 'NONE', #4573, .T. ) ;
#91 = ORIENTED_EDGE ( 'NONE', *, *, #699, .F. ) ;
#92 =( LENGTH_UNIT ( ) NAMED_UNIT ( * ) SI_UNIT ( .MILLI., .METRE. ) );
#93 = ORIENTED_EDGE ( 'NONE', *, *, #4522, .F. ) ;
#94 = CIRCLE ( 'NONE', #2230, 2.499999999999946709 ) ;
#95 = EDGE_CURVE ( 'NONE', #4508, #3925, #2703, .T. ) ;
#96 = UNCERTAINTY_MEASURE_WITH_UNIT (LENGTH_MEASURE( 1.000000000000000082E-05 ), #4784, 'distance_accuracy_value', 'NONE');
#97 = CIRCLE ( 'NONE', #4789, 2.499999999999946709 ) ;
#98 = ORIENTED_EDGE ( 'NONE', *, *, #3364, .T. ) ;
#99 = ORIENTED_EDGE ( 'NONE', *, *, #1530, .T. ) ;
#100 = DIRECTION ( 'NONE',  ( 1.000000000000000000, -3.543264972207944962E-15, -1.218537466052001424E-16 ) ) ;
#101 = MECHANICAL_DESIGN_GEOMETRIC_PRESENTATION_REPRESENTATION (  '', ( #4125 ), #1796 ) ;
#102 = PRESENTATION_STYLE_ASSIGNMENT (( #459 ) ) ;
#103 =( NAMED_UNIT ( * ) SI_UNIT ( $, .STERADIAN. ) SOLID_ANGLE_UNIT ( ) );
#104 = AXIS2_PLACEMENT_3D ( 'NONE', #411, #800, #3322 ) ;
#105 =( LENGTH_UNIT ( ) NAMED_UNIT ( * ) SI_UNIT ( .MILLI., .METRE. ) );
#106 = EDGE_LOOP ( 'NONE', ( #704, #5232 ) ) ;
#107 = CARTESIAN_POINT ( 'NONE',  ( 57.00000000000035527, 37.00000000000001421, 2040.000000000000000 ) ) ;
#108 = DIRECTION ( 'NONE',  ( -0.000000000000000000, 1.000000000000000000, -0.000000000000000000 ) ) ;
#109 = VECTOR ( 'NONE', #4913, 1000.000000000000000 ) ;
#110 =( LENGTH_UNIT ( ) NAMED_UNIT ( * ) SI_UNIT ( .MILLI., .METRE. ) );
#111 = SURFACE_STYLE_USAGE ( .BOTH. , #2231 ) ;
#112 = ORIENTED_EDGE ( 'NONE', *, *, #859, .F. ) ;
#113 = DIRECTION ( 'NONE',  ( 1.000000000000000000, -3.543264972207944173E-15, -1.218537466052001177E-16 ) ) ;
#114 = ORIENTED_EDGE ( 'NONE', *, *, #1161, .T. ) ;
#115 = ADVANCED_FACE ( 'NONE', ( #3402 ), #804, .F. ) ;
#116 = DIRECTION ( 'NONE',  ( 0.000000000000000000, -1.000000000000000000, 0.000000000000000000 ) ) ;
#117 = EDGE_LOOP ( 'NONE', ( #5196, #99, #2453, #388 ) ) ;
#118 = FACE_OUTER_BOUND ( 'NONE', #382, .T. ) ;
#119 = ORIENTED_EDGE ( 'NONE', *, *, #699, .T. ) ;
#120 = MECHANICAL_DESIGN_GEOMETRIC_PRESENTATION_REPRESENTATION (  '', ( #4139 ), #31 ) ;
#121 = ADVANCED_FACE ( 'NONE', ( #1600 ), #2075, .F. ) ;
#122 = FILL_AREA_STYLE ('',( #4469 ) ) ;
#123 = STYLED_ITEM ( 'NONE', ( #4010 ), #422 ) ;
#125 = ORIENTED_EDGE ( 'NONE', *, *, #3047, .T. ) ;
#124 =( NAMED_UNIT ( * ) SI_UNIT ( $, .STERADIAN. ) SOLID_ANGLE_UNIT ( ) );
#126 =( NAMED_UNIT ( * ) PLANE_ANGLE_UNIT ( ) SI_UNIT ( $, .RADIAN. ) );
#127 = ORIENTED_EDGE ( 'NONE', *, *, #3054, .F. ) ;
#128 = DIRECTION ( 'NONE',  ( 0.000000000000000000, -1.000000000000000000, 0.000000000000000000 ) ) ;
#129 = EDGE_CURVE ( 'NONE', #504, #2238, #4367, .T. ) ;
#130 = SURFACE_STYLE_USAGE ( .BOTH. , #4503 ) ;
#131 = DIRECTION ( 'NONE',  ( 0.000000000000000000, -1.000000000000000000, 0.000000000000000000 ) ) ;
#132 = DIRECTION ( 'NONE',  ( 0.000000000000000000, -1.000000000000000000, 0.000000000000000000 ) ) ;
#133 = PRESENTATION_STYLE_ASSIGNMENT (( #1756 ) ) ;
#134 = VERTEX_POINT ( 'NONE', #3031 ) ;
#135 =( LENGTH_UNIT ( ) NAMED_UNIT ( * ) SI_UNIT ( .MILLI., .METRE. ) );
#136 = CIRCLE ( 'NONE', #1371, 2.499999999999946709 ) ;
#137 = CARTESIAN_POINT ( 'NONE',  ( -45.50000000000000000, -3.000000000000000000, -1102.500000000001137 ) ) ;
#138 = DIRECTION ( 'NONE',  ( -0.000000000000000000, 1.000000000000000000, -0.000000000000000000 ) ) ;
#139 = ORIENTED_EDGE ( 'NONE', *, *, #3238, .T. ) ;
#140 = PRODUCT_DEFINITION_SHAPE ( 'NONE', 'NONE',  #5499 ) ;
#141 = CIRCLE ( 'NONE', #3885, 2.499999999999946709 ) ;
#142 = CIRCLE ( 'NONE', #5035, 2.499999999999946709 ) ;
#143 = CARTESIAN_POINT ( 'NONE',  ( 45.49999999999923261, -1.040949779275264931E-16, -880.0000000000082991 ) ) ;
#144 = EDGE_CURVE ( 'NONE', #4143, #3952, #4916, .T. ) ;
#145 = DIRECTION ( 'NONE',  ( 0.000000000000000000, -1.000000000000000000, 0.000000000000000000 ) ) ;
#146 = ORIENTED_EDGE ( 'NONE', *, *, #2110, .F. ) ;
#147 = VERTEX_POINT ( 'NONE', #1350 ) ;
#148 = CIRCLE ( 'NONE', #855, 2.499999999999946709 ) ;
#149 = CIRCLE ( 'NONE', #2038, 10.00000000000000178 ) ;
#150 = DIRECTION ( 'NONE',  ( 0.000000000000000000, 0.000000000000000000, 1.000000000000000000 ) ) ;
#151 = AXIS2_PLACEMENT_3D ( 'NONE', #379, #792, #1698 ) ;
#152 = ADVANCED_FACE ( 'NONE', ( #1782 ), #1839, .F. ) ;
#153 = VERTEX_POINT ( 'NONE', #3542 ) ;
#154 = ORIENTED_EDGE ( 'NONE', *, *, #4247, .T. ) ;
#155 = DIRECTION ( 'NONE',  ( 0.000000000000000000, 0.000000000000000000, -1.000000000000000000 ) ) ;
#156 = AXIS2_PLACEMENT_3D ( 'NONE', #3206, #3268, #4889 ) ;
#157 = ADVANCED_FACE ( 'NONE', ( #1408 ), #4260, .F. ) ;
#158 = FILL_AREA_STYLE ('',( #3103 ) ) ;
#159 = FACE_OUTER_BOUND ( 'NONE', #5004, .T. ) ;
#160 = CARTESIAN_POINT ( 'NONE',  ( -45.49999999999979394, -3.000000000000000000, -1082.500000000001819 ) ) ;
#161 = DIRECTION ( 'NONE',  ( 0.000000000000000000, 0.000000000000000000, -1.000000000000000000 ) ) ;
#162 = EDGE_LOOP ( 'NONE', ( #1173, #1886 ) ) ;
#163 = LINE ( 'NONE', #1503, #2565 ) ;
#164 = SURFACE_STYLE_FILL_AREA ( #281 ) ;
#165 =( NAMED_UNIT ( * ) PLANE_ANGLE_UNIT ( ) SI_UNIT ( $, .RADIAN. ) );
#166 = CARTESIAN_POINT ( 'NONE',  ( 45.49999999999923261, 0.000000000000000000, -817.5000000000103455 ) ) ;
#167 = ORIENTED_EDGE ( 'NONE', *, *, #871, .F. ) ;
#168 = LINE ( 'NONE', #1935, #413 ) ;
#169 = SURFACE_SIDE_STYLE ('',( #4432 ) ) ;
#170 = DIRECTION ( 'NONE',  ( 0.000000000000000000, 0.000000000000000000, -1.000000000000000000 ) ) ;
#171 = STYLED_ITEM ( 'NONE', ( #585 ), #3762 ) ;
#172 = CYLINDRICAL_SURFACE ( 'NONE', #3681, 2.499999999999946709 ) ;
#173 = ORIENTED_EDGE ( 'NONE', *, *, #3404, .F. ) ;
#174 = FACE_OUTER_BOUND ( 'NONE', #3694, .T. ) ;
#175 = ORIENTED_EDGE ( 'NONE', *, *, #871, .T. ) ;
#177 = VERTEX_POINT ( 'NONE', #4703 ) ;
#176 = CARTESIAN_POINT ( 'NONE',  ( 56.99999999999989342, 47.00000000000001421, -2039.999999999999091 ) ) ;
#178 = DIRECTION ( 'NONE',  ( 0.000000000000000000, 0.000000000000000000, 1.000000000000000000 ) ) ;
#179 = VERTEX_POINT ( 'NONE', #2600 ) ;
#180 = DIRECTION ( 'NONE',  ( -0.000000000000000000, 1.000000000000000000, -0.000000000000000000 ) ) ;
#181 = EDGE_CURVE ( 'NONE', #4106, #1182, #78, .T. ) ;
#182 = STYLED_ITEM ( 'NONE', ( #354 ), #4446 ) ;
#183 = CARTESIAN_POINT ( 'NONE',  ( -45.49999999999874944, 0.000000000000000000, -977.5000000000051159 ) ) ;
#184 = CARTESIAN_POINT ( 'NONE',  ( 45.49999999999923261, -3.000000000000000000, -837.5000000000096634 ) ) ;
#185 =( LENGTH_UNIT ( ) NAMED_UNIT ( * ) SI_UNIT ( .MILLI., .METRE. ) );
#186 = LINE ( 'NONE', #2789, #5171 ) ;
#187 = ORIENTED_EDGE ( 'NONE', *, *, #2974, .T. ) ;
#188 = CYLINDRICAL_SURFACE ( 'NONE', #3970, 2.499999999999946709 ) ;
#189 = AXIS2_PLACEMENT_3D ( 'NONE', #4523, #1602, #4896 ) ;
#190 = EDGE_CURVE ( 'NONE', #199, #770, #3786, .T. ) ;
#191 = CIRCLE ( 'NONE', #813, 2.499999999999946709 ) ;
#192 = CARTESIAN_POINT ( 'NONE',  ( -60.00000000000056133, 30.00000000000021316, 1450.000000000000227 ) ) ;
#193 = DIRECTION ( 'NONE',  ( 0.000000000000000000, 0.000000000000000000, 1.000000000000000000 ) ) ;
#194 = FILL_AREA_STYLE_COLOUR ( '', #1881 ) ;
#195 = DIRECTION ( 'NONE',  ( 0.000000000000000000, 0.000000000000000000, 1.000000000000000000 ) ) ;
#196 = VERTEX_POINT ( 'NONE', #4018 ) ;
#197 = DIRECTION ( 'NONE',  ( 1.000000000000000000, -3.543264972207945357E-15, -1.227650459922047927E-16 ) ) ;
#199 = VERTEX_POINT ( 'NONE', #4395 ) ;
#198 = DIRECTION ( 'NONE',  ( 0.000000000000000000, -1.000000000000000000, 0.000000000000000000 ) ) ;
#200 = ORIENTED_EDGE ( 'NONE', *, *, #275, .F. ) ;
#201 = ADVANCED_FACE ( 'NONE', ( #630 ), #1474, .F. ) ;
#202 = PLANE ( 'NONE',  #5409 ) ;
#203 = FILL_AREA_STYLE_COLOUR ( '', #2875 ) ;
#204 = ORIENTED_EDGE ( 'NONE', *, *, #3488, .F. ) ;
#205 = SURFACE_STYLE_USAGE ( .BOTH. , #2749 ) ;
#206 = VERTEX_POINT ( 'NONE', #1011 ) ;
#207 = CARTESIAN_POINT ( 'NONE',  ( 60.00000000000013500, 47.00000000000000000, -7.311224796312025996E-15 ) ) ;
#208 = PRESENTATION_LAYER_ASSIGNMENT (  '', '', ( #3944 ) ) ;
#209 = ORIENTED_EDGE ( 'NONE', *, *, #4767, .T. ) ;
#210 = PRESENTATION_LAYER_ASSIGNMENT (  '', '', ( #2706 ) ) ;
#211 = ORIENTED_EDGE ( 'NONE', *, *, #954, .T. ) ;
#212 = CARTESIAN_POINT ( 'NONE',  ( 45.49999999999923261, 0.000000000000000000, -802.5000000000109139 ) ) ;
#213 = COLOUR_RGB ( '',0.5294117647058823595, 0.5490196078431373028, 0.5490196078431373028 ) ;
#214 = CARTESIAN_POINT ( 'NONE',  ( -60.00000000000039080, 37.00000000000000000, -2039.999999999999545 ) ) ;
#215 = CARTESIAN_POINT ( 'NONE',  ( 45.50000000000049027, -3.000000000000000000, -1040.000000000003183 ) ) ;
#216 = EDGE_CURVE ( 'NONE', #1182, #2424, #221, .T. ) ;
#217 = FACE_BOUND ( 'NONE', #3493, .T. ) ;
#218 = CARTESIAN_POINT ( 'NONE',  ( -45.49999999999979394, 0.000000000000000000, -1082.500000000001819 ) ) ;
#219 = VERTEX_POINT ( 'NONE', #3236 ) ;
#220 = CARTESIAN_POINT ( 'NONE',  ( 45.49999999999923261, 0.000000000000000000, -840.0000000000096634 ) ) ;
#221 = LINE ( 'NONE', #561, #747 ) ;
#222 = AXIS2_PLACEMENT_3D ( 'NONE', #4381, #2240, #150 ) ;
#223 = CARTESIAN_POINT ( 'NONE',  ( 45.49999999999923261, 0.000000000000000000, -937.5000000000064801 ) ) ;
#224 = EDGE_CURVE ( 'NONE', #2522, #1820, #3245, .T. ) ;
#225 = DIRECTION ( 'NONE',  ( 0.000000000000000000, -1.000000000000000000, -7.228014483236689653E-17 ) ) ;
#226 =( NAMED_UNIT ( * ) PLANE_ANGLE_UNIT ( ) SI_UNIT ( $, .RADIAN. ) );
#227 = ORIENTED_EDGE ( 'NONE', *, *, #5308, .F. ) ;
#228 = LINE ( 'NONE', #4795, #2384 ) ;
#229 = ORIENTED_EDGE ( 'NONE', *, *, #3435, .F. ) ;
#230 = CYLINDRICAL_SURFACE ( 'NONE', #1551, 2.499999999999946709 ) ;
#231 = AXIS2_PLACEMENT_3D ( 'NONE', #1217, #3729, #3296 ) ;
#232 = CARTESIAN_POINT ( 'NONE',  ( -54.00000000000002132, 2.999999999999913847, -2049.999999999999545 ) ) ;
#233 = CIRCLE ( 'NONE', #5482, 2.499999999999946709 ) ;
#234 = EDGE_CURVE ( 'NONE', #3125, #2216, #1452, .T. ) ;
#235 = DIRECTION ( 'NONE',  ( 1.218537466051995014E-16, 1.734723475976813750E-16, 1.000000000000000000 ) ) ;
#236 = EDGE_LOOP ( 'NONE', ( #2628, #2718, #5459, #5392 ) ) ;
#237 = DIRECTION ( 'NONE',  ( -1.000000000000000000, 0.000000000000000000, 1.218537466052001177E-16 ) ) ;
#238 = EDGE_LOOP ( 'NONE', ( #1937, #2584, #577, #1959 ) ) ;
#239 = CARTESIAN_POINT ( 'NONE',  ( -45.50000000000062528, 0.000000000000000000, -940.0000000000063665 ) ) ;
#240 = AXIS2_PLACEMENT_3D ( 'NONE', #4864, #3994, #3118 ) ;
#241 =( GEOMETRIC_REPRESENTATION_CONTEXT ( 3 ) GLOBAL_UNCERTAINTY_ASSIGNED_CONTEXT ( ( #1426 ) ) GLOBAL_UNIT_ASSIGNED_CONTEXT ( ( #3516, #4372, #3883 ) ) REPRESENTATION_CONTEXT ( 'NONE', 'WORKASPACE' ) );
#243 = EDGE_LOOP ( 'NONE', ( #627, #70 ) ) ;
#242 = CYLINDRICAL_SURFACE ( 'NONE', #797, 2.499999999999946709 ) ;
#244 = CIRCLE ( 'NONE', #3359, 2.499999999999946709 ) ;
#245 = VECTOR ( 'NONE', #3029, 1000.000000000000000 ) ;
#246 = ORIENTED_EDGE ( 'NONE', *, *, #3983, .F. ) ;
#247 = DIRECTION ( 'NONE',  ( 0.000000000000000000, 0.000000000000000000, 1.000000000000000000 ) ) ;
#248 = CIRCLE ( 'NONE', #4090, 3.250000000000020428 ) ;
#249 = VECTOR ( 'NONE', #2149, 1000.000000000000000 ) ;
#250 = CARTESIAN_POINT ( 'NONE',  ( -45.50000000000062528, 0.000000000000000000, -800.0000000000109139 ) ) ;
#251 = DIRECTION ( 'NONE',  ( -1.218537466051998958E-16, 6.938893903907230843E-17, -1.000000000000000000 ) ) ;
#252 = FACE_OUTER_BOUND ( 'NONE', #289, .T. ) ;
#253 = CARTESIAN_POINT ( 'NONE',  ( 45.49999999999923261, -1.040949779275264931E-16, -920.0000000000070486 ) ) ;
#254 = EDGE_LOOP ( 'NONE', ( #916, #407, #4742, #2865, #769, #3588 ) ) ;
#255 =( GEOMETRIC_REPRESENTATION_CONTEXT ( 3 ) GLOBAL_UNCERTAINTY_ASSIGNED_CONTEXT ( ( #2658 ) ) GLOBAL_UNIT_ASSIGNED_CONTEXT ( ( #5382, #5325, #2823 ) ) REPRESENTATION_CONTEXT ( 'NONE', 'WORKASPACE' ) );
#256 = DIRECTION ( 'NONE',  ( -0.000000000000000000, 7.228014483236689653E-17, 1.000000000000000000 ) ) ;
#257 =( NAMED_UNIT ( * ) PLANE_ANGLE_UNIT ( ) SI_UNIT ( $, .RADIAN. ) );
#258 = CYLINDRICAL_SURFACE ( 'NONE', #780, 2.499999999999946709 ) ;
#259 = CARTESIAN_POINT ( 'NONE',  ( -45.50000000000041211, -3.000000000000000000, -1140.000000000000000 ) ) ;
#260 = CARTESIAN_POINT ( 'NONE',  ( -45.50000000000062528, -1.040949779275264931E-16, -937.5000000000064801 ) ) ;
#261 = SURFACE_STYLE_USAGE ( .BOTH. , #3148 ) ;
#262 = EDGE_CURVE ( 'NONE', #1541, #3998, #651, .T. ) ;
#263 = EDGE_LOOP ( 'NONE', ( #4897, #2752, #376, #5511 ) ) ;
#264 = FACE_OUTER_BOUND ( 'NONE', #3467, .T. ) ;
#265 = ORIENTED_EDGE ( 'NONE', *, *, #5143, .F. ) ;
#266 = LINE ( 'NONE', #1086, #2364 ) ;
#267 = ADVANCED_FACE ( 'NONE', ( #4915 ), #1536, .F. ) ;
#268 = VECTOR ( 'NONE', #3688, 1000.000000000000000 ) ;
#270 = VERTEX_POINT ( 'NONE', #4227 ) ;
#269 =( NAMED_UNIT ( * ) SI_UNIT ( $, .STERADIAN. ) SOLID_ANGLE_UNIT ( ) );
#271 = CARTESIAN_POINT ( 'NONE',  ( 0.000000000000000000, 0.000000000000000000, 0.000000000000000000 ) ) ;
#272 = CARTESIAN_POINT ( 'NONE',  ( -45.50000000000062528, -3.000000000000000000, -840.0000000000096634 ) ) ;
#273 = AXIS2_PLACEMENT_3D ( 'NONE', #3020, #530, #5216 ) ;
#274 = DIRECTION ( 'NONE',  ( 1.387778780781450606E-16, 1.734723475976813257E-16, 1.000000000000000000 ) ) ;
#275 = EDGE_CURVE ( 'NONE', #5491, #1522, #2088, .T. ) ;
#276 = PRESENTATION_STYLE_ASSIGNMENT (( #4880 ) ) ;
#277 = CARTESIAN_POINT ( 'NONE',  ( 45.50000000000070344, -3.000000000000000000, -1020.000000000003752 ) ) ;
#278 = CARTESIAN_POINT ( 'NONE',  ( 53.99999999999972999, 3.729655473350135253E-14, -2049.999999999999091 ) ) ;
#279 = VERTEX_POINT ( 'NONE', #1565 ) ;
#280 = VERTEX_POINT ( 'NONE', #383 ) ;
#281 = FILL_AREA_STYLE ('',( #660 ) ) ;
#282 = LINE ( 'NONE', #223, #1390 ) ;
#283 =( NAMED_UNIT ( * ) PLANE_ANGLE_UNIT ( ) SI_UNIT ( $, .RADIAN. ) );
#284 = DIRECTION ( 'NONE',  ( -0.000000000000000000, 1.000000000000000000, -0.000000000000000000 ) ) ;
#285 = DIRECTION ( 'NONE',  ( 0.000000000000000000, 0.000000000000000000, -1.000000000000000000 ) ) ;
#286 = COLOUR_RGB ( '',0.5294117647058823595, 0.5490196078431373028, 0.5490196078431373028 ) ;
#287 =( NAMED_UNIT ( * ) SI_UNIT ( $, .STERADIAN. ) SOLID_ANGLE_UNIT ( ) );
#288 = DIRECTION ( 'NONE',  ( 0.000000000000000000, 0.000000000000000000, 1.000000000000000000 ) ) ;
#289 = EDGE_LOOP ( 'NONE', ( #3935, #2984, #442, #1166 ) ) ;
#290 = EDGE_CURVE ( 'NONE', #3049, #745, #830, .T. ) ;
#291 = EDGE_LOOP ( 'NONE', ( #1592, #1241, #3807, #3826 ) ) ;
#292 = CIRCLE ( 'NONE', #3773, 3.000000000000252243 ) ;
#293 = CARTESIAN_POINT ( 'NONE',  ( -45.49999999999979394, -3.000000000000000000, -1080.000000000001819 ) ) ;
#294 = CIRCLE ( 'NONE', #3492, 2.499999999999946709 ) ;
#296 = ORIENTED_EDGE ( 'NONE', *, *, #1493, .T. ) ;
#295 = DIRECTION ( 'NONE',  ( -0.000000000000000000, 1.000000000000000000, -0.000000000000000000 ) ) ;
#297 = EDGE_CURVE ( 'NONE', #2937, #4769, #3149, .T. ) ;
#298 = CARTESIAN_POINT ( 'NONE',  ( -45.50000000000062528, -3.000000000000000000, -822.5000000000102318 ) ) ;
#299 = STYLED_ITEM ( 'NONE', ( #1951 ), #5002 ) ;
#300 = SURFACE_STYLE_FILL_AREA ( #327 ) ;
#301 = LINE ( 'NONE', #685, #3663 ) ;
#302 = SURFACE_SIDE_STYLE ('',( #2430 ) ) ;
#303 = EDGE_CURVE ( 'NONE', #280, #3911, #3725, .T. ) ;
#304 = PLANE ( 'NONE',  #2593 ) ;
#305 = FACE_OUTER_BOUND ( 'NONE', #815, .T. ) ;
#306 = ORIENTED_EDGE ( 'NONE', *, *, #4991, .T. ) ;
#307 = EDGE_LOOP ( 'NONE', ( #2510, #1017, #2029, #3495 ) ) ;
#308 = DIRECTION ( 'NONE',  ( 0.000000000000000000, -1.000000000000000000, 0.000000000000000000 ) ) ;
#309 = MECHANICAL_DESIGN_GEOMETRIC_PRESENTATION_REPRESENTATION (  '', ( #2706 ), #3142 ) ;
#310 = CARTESIAN_POINT ( 'NONE',  ( 45.49999999999923261, -1.040949779275264931E-16, -820.0000000000102318 ) ) ;
#311 = STYLED_ITEM ( 'NONE', ( #878 ), #397 ) ;
#312 = FACE_BOUND ( 'NONE', #890, .T. ) ;
#313 = SURFACE_STYLE_USAGE ( .BOTH. , #4538 ) ;
#314 = DIRECTION ( 'NONE',  ( -0.000000000000000000, 1.000000000000000000, -0.000000000000000000 ) ) ;
#315 = DIRECTION ( 'NONE',  ( -0.000000000000000000, 1.000000000000000000, -0.000000000000000000 ) ) ;
#316 = AXIS2_PLACEMENT_3D ( 'NONE', #739, #5048, #1228 ) ;
#317 = DIRECTION ( 'NONE',  ( 0.000000000000000000, -1.000000000000000000, 0.000000000000000000 ) ) ;
#318 = DIRECTION ( 'NONE',  ( -4.270088556250579808E-15, -1.000000000000000000, 0.000000000000000000 ) ) ;
#319 = ORIENTED_EDGE ( 'NONE', *, *, #2867, .T. ) ;
#320 = VECTOR ( 'NONE', #2109, 1000.000000000000000 ) ;
#321 = EDGE_LOOP ( 'NONE', ( #3182, #2711, #866, #5052 ) ) ;
#322 = DIRECTION ( 'NONE',  ( -1.387778780781450606E-16, -2.081668171172175909E-16, -1.000000000000000000 ) ) ;
#324 = ORIENTED_EDGE ( 'NONE', *, *, #4405, .F. ) ;
#323 = CARTESIAN_POINT ( 'NONE',  ( -45.50000000000062528, -3.000000000000000000, -937.5000000000064801 ) ) ;
#325 =( NAMED_UNIT ( * ) SI_UNIT ( $, .STERADIAN. ) SOLID_ANGLE_UNIT ( ) );
#326 = PRESENTATION_LAYER_ASSIGNMENT (  '', '', ( #490 ) ) ;
#327 = FILL_AREA_STYLE ('',( #5022 ) ) ;
#328 = ADVANCED_FACE ( 'NONE', ( #4587 ), #5486, .T. ) ;
#329 = CIRCLE ( 'NONE', #4843, 3.250000000000020428 ) ;
#330 = AXIS2_PLACEMENT_3D ( 'NONE', #1509, #3180, #1995 ) ;
#331 = CARTESIAN_POINT ( 'NONE',  ( -60.00000000000076739, 30.00000000000023093, -249.9999999999999716 ) ) ;
#332 = FACE_OUTER_BOUND ( 'NONE', #4329, .T. ) ;
#333 = CARTESIAN_POINT ( 'NONE',  ( 45.50000000000112266, -3.000000000000000000, -982.5000000000050022 ) ) ;
#334 = DIRECTION ( 'NONE',  ( 0.000000000000000000, 0.000000000000000000, 1.000000000000000000 ) ) ;
#335 = VERTEX_POINT ( 'NONE', #3292 ) ;
#336 = ORIENTED_EDGE ( 'NONE', *, *, #4234, .T. ) ;
#337 = ADVANCED_FACE ( 'NONE', ( #1154 ), #3346, .F. ) ;
#338 =( LENGTH_UNIT ( ) NAMED_UNIT ( * ) SI_UNIT ( .MILLI., .METRE. ) );
#339 = VECTOR ( 'NONE', #5520, 1000.000000000000000 ) ;
#340 = SURFACE_STYLE_USAGE ( .BOTH. , #4536 ) ;
#341 =( NAMED_UNIT ( * ) PLANE_ANGLE_UNIT ( ) SI_UNIT ( $, .RADIAN. ) );
#342 = DIRECTION ( 'NONE',  ( -0.000000000000000000, 1.000000000000000000, -0.000000000000000000 ) ) ;
#343 = MECHANICAL_DESIGN_GEOMETRIC_PRESENTATION_REPRESENTATION (  '', ( #2395 ), #255 ) ;
#344 = DIRECTION ( 'NONE',  ( 0.000000000000000000, 0.000000000000000000, 1.000000000000000000 ) ) ;
#345 = FACE_BOUND ( 'NONE', #106, .T. ) ;
#346 = EDGE_LOOP ( 'NONE', ( #586, #3830 ) ) ;
#347 = ORIENTED_EDGE ( 'NONE', *, *, #3565, .F. ) ;
#348 = EDGE_LOOP ( 'NONE', ( #2059, #2082, #990, #1224 ) ) ;
#350 = ORIENTED_EDGE ( 'NONE', *, *, #666, .F. ) ;
#349 =( LENGTH_UNIT ( ) NAMED_UNIT ( * ) SI_UNIT ( .MILLI., .METRE. ) );
#351 =( NAMED_UNIT ( * ) SI_UNIT ( $, .STERADIAN. ) SOLID_ANGLE_UNIT ( ) );
#352 =( GEOMETRIC_REPRESENTATION_CONTEXT ( 3 ) GLOBAL_UNCERTAINTY_ASSIGNED_CONTEXT ( ( #423 ) ) GLOBAL_UNIT_ASSIGNED_CONTEXT ( ( #4725, #1318, #483 ) ) REPRESENTATION_CONTEXT ( 'NONE', 'WORKASPACE' ) );
#353 = DIRECTION ( 'NONE',  ( 1.000000000000000000, -3.543264972207945357E-15, -1.227650459922047927E-16 ) ) ;
#354 = PRESENTATION_STYLE_ASSIGNMENT (( #2482 ) ) ;
#355 = DIRECTION ( 'NONE',  ( 0.000000000000000000, 0.000000000000000000, 1.000000000000000000 ) ) ;
#356 = FACE_OUTER_BOUND ( 'NONE', #291, .T. ) ;
#357 = CIRCLE ( 'NONE', #5063, 2.499999999999946709 ) ;
#358 = ORIENTED_EDGE ( 'NONE', *, *, #4622, .T. ) ;
#359 = EDGE_LOOP ( 'NONE', ( #173, #478 ) ) ;
#360 = EDGE_CURVE ( 'NONE', #3523, #2, #3266, .T. ) ;
#361 = CARTESIAN_POINT ( 'NONE',  ( -45.50000000000062528, -1.040949779275264931E-16, -800.0000000000109139 ) ) ;
#362 = DIRECTION ( 'NONE',  ( -1.000000000000000000, 3.543264972207944962E-15, 1.218537466052001424E-16 ) ) ;
#363 = LINE ( 'NONE', #1157, #4582 ) ;
#364 = FILL_AREA_STYLE_COLOUR ( '', #3536 ) ;
#365 = ADVANCED_FACE ( 'NONE', ( #2900 ), #1804, .F. ) ;
#366 = VECTOR ( 'NONE', #3231, 1000.000000000000000 ) ;
#367 =( GEOMETRIC_REPRESENTATION_CONTEXT ( 3 ) GLOBAL_UNCERTAINTY_ASSIGNED_CONTEXT ( ( #32 ) ) GLOBAL_UNIT_ASSIGNED_CONTEXT ( ( #767, #5405, #3746 ) ) REPRESENTATION_CONTEXT ( 'NONE', 'WORKASPACE' ) );
#368 = FACE_BOUND ( 'NONE', #942, .T. ) ;
#369 = ORIENTED_EDGE ( 'NONE', *, *, #4210, .T. ) ;
#370 = EDGE_CURVE ( 'NONE', #179, #3523, #3608, .T. ) ;
#371 = ORIENTED_EDGE ( 'NONE', *, *, #262, .T. ) ;
#372 = ORIENTED_EDGE ( 'NONE', *, *, #960, .F. ) ;
#373 = CIRCLE ( 'NONE', #5256, 2.499999999999946709 ) ;
#374 =( GEOMETRIC_REPRESENTATION_CONTEXT ( 3 ) GLOBAL_UNCERTAINTY_ASSIGNED_CONTEXT ( ( #4605 ) ) GLOBAL_UNIT_ASSIGNED_CONTEXT ( ( #2516, #2878, #4207 ) ) REPRESENTATION_CONTEXT ( 'NONE', 'WORKASPACE' ) );
#376 = ORIENTED_EDGE ( 'NONE', *, *, #3684, .T. ) ;
#375 = PLANE ( 'NONE',  #4624 ) ;
#377 =( NAMED_UNIT ( * ) PLANE_ANGLE_UNIT ( ) SI_UNIT ( $, .RADIAN. ) );
#378 = VECTOR ( 'NONE', #1501, 1000.000000000000000 ) ;
#379 = CARTESIAN_POINT ( 'NONE',  ( 45.49999999999923261, -1.040949779275264931E-16, -800.0000000000109139 ) ) ;
#380 = AXIS2_PLACEMENT_3D ( 'NONE', #4133, #1867, #3136 ) ;
#381 = DIRECTION ( 'NONE',  ( 1.000000000000000000, 3.543264972207944962E-15, -1.218537466052001177E-16 ) ) ;
#382 = EDGE_LOOP ( 'NONE', ( #400, #5043, #2874, #3371 ) ) ;
#383 = CARTESIAN_POINT ( 'NONE',  ( -45.50000000000020606, -3.000000000000000000, -1117.500000000000682 ) ) ;
#384 = EDGE_CURVE ( 'NONE', #3707, #1406, #4301, .T. ) ;
#385 = DIRECTION ( 'NONE',  ( -0.000000000000000000, 1.000000000000000000, -0.000000000000000000 ) ) ;
#386 = DIRECTION ( 'NONE',  ( 0.000000000000000000, 0.000000000000000000, -1.000000000000000000 ) ) ;
#387 = FILL_AREA_STYLE ('',( #2569 ) ) ;
#388 = ORIENTED_EDGE ( 'NONE', *, *, #5468, .F. ) ;
#389 =( NAMED_UNIT ( * ) PLANE_ANGLE_UNIT ( ) SI_UNIT ( $, .RADIAN. ) );
#390 = AXIS2_PLACEMENT_3D ( 'NONE', #1961, #3990, #1070 ) ;
#391 = SURFACE_STYLE_USAGE ( .BOTH. , #4982 ) ;
#392 = COLOUR_RGB ( '',0.5294117647058823595, 0.5490196078431373028, 0.5490196078431373028 ) ;
#393 = EDGE_CURVE ( 'NONE', #4106, #3332, #5012, .T. ) ;
#394 = DIRECTION ( 'NONE',  ( -1.000000000000000000, -3.543264972207944962E-15, 1.218537466052001177E-16 ) ) ;
#395 = ORIENTED_EDGE ( 'NONE', *, *, #3274, .T. ) ;
#396 = ORIENTED_EDGE ( 'NONE', *, *, #509, .T. ) ;
#397 = ADVANCED_FACE ( 'NONE', ( #2643 ), #955, .F. ) ;
#398 = AXIS2_PLACEMENT_3D ( 'NONE', #4, #1310, #3069 ) ;
#400 = ORIENTED_EDGE ( 'NONE', *, *, #4234, .F. ) ;
#399 = SURFACE_STYLE_FILL_AREA ( #2034 ) ;
#401 = DIRECTION ( 'NONE',  ( 0.000000000000000000, -1.000000000000000000, 0.000000000000000000 ) ) ;
#402 = CARTESIAN_POINT ( 'NONE',  ( 57.00000000000007105, 26.75000000000013500, -1.158604885473444576E-14 ) ) ;
#403 = PLANE ( 'NONE',  #2599 ) ;
#404 = CIRCLE ( 'NONE', #5495, 2.499999999999946709 ) ;
#405 = AXIS2_PLACEMENT_3D ( 'NONE', #893, #4779, #5240 ) ;
#406 = ORIENTED_EDGE ( 'NONE', *, *, #1983, .F. ) ;
#407 = ORIENTED_EDGE ( 'NONE', *, *, #1816, .T. ) ;
#408 = DIRECTION ( 'NONE',  ( 1.000000000000000000, 3.491481338843133355E-15, -1.218537466052001177E-16 ) ) ;
#409 = DIRECTION ( 'NONE',  ( 1.000000000000000000, -3.543264972207945357E-15, 0.000000000000000000 ) ) ;
#410 = MECHANICAL_DESIGN_GEOMETRIC_PRESENTATION_REPRESENTATION (  '', ( #3353 ), #936 ) ;
#411 = CARTESIAN_POINT ( 'NONE',  ( 53.99999999999997868, 3.000000000000289546, -2049.999999999999091 ) ) ;
#412 = CIRCLE ( 'NONE', #5125, 2.499999999999946709 ) ;
#413 = VECTOR ( 'NONE', #3581, 1000.000000000000000 ) ;
#414 = CIRCLE ( 'NONE', #3540, 2.499999999999946709 ) ;
#415 = CIRCLE ( 'NONE', #1299, 6.000000000000252243 ) ;
#416 = CARTESIAN_POINT ( 'NONE',  ( 45.49999999999923261, 0.000000000000000000, -797.5000000000110276 ) ) ;
#417 = FACE_BOUND ( 'NONE', #2103, .T. ) ;
#418 = ORIENTED_EDGE ( 'NONE', *, *, #2454, .T. ) ;
#419 = DIRECTION ( 'NONE',  ( -0.000000000000000000, 1.000000000000000000, -0.000000000000000000 ) ) ;
#420 = LINE ( 'NONE', #1714, #4838 ) ;
#421 = ORIENTED_EDGE ( 'NONE', *, *, #4868, .F. ) ;
#422 = ADVANCED_FACE ( 'NONE', ( #3421 ), #3451, .F. ) ;
#423 = UNCERTAINTY_MEASURE_WITH_UNIT (LENGTH_MEASURE( 1.000000000000000082E-05 ), #4725, 'distance_accuracy_value', 'NONE');
#425 = ORIENTED_EDGE ( 'NONE', *, *, #3496, .T. ) ;
#424 = DIRECTION ( 'NONE',  ( -3.469446951953613400E-15, -1.000000000000000000, 0.000000000000000000 ) ) ;
#426 = EDGE_CURVE ( 'NONE', #658, #2232, #4820, .T. ) ;
#427 = CARTESIAN_POINT ( 'NONE',  ( 53.99999999999948130, -2.999999999999962697, -2050.000000000000000 ) ) ;
#428 = CARTESIAN_POINT ( 'NONE',  ( -45.49999999999895550, -3.000000000000000000, -1000.000000000004434 ) ) ;
#429 = DIRECTION ( 'NONE',  ( 0.000000000000000000, 0.000000000000000000, -1.000000000000000000 ) ) ;
#430 = CARTESIAN_POINT ( 'NONE',  ( -45.50000000000041211, -3.000000000000000000, -1142.499999999999773 ) ) ;
#431 = EDGE_LOOP ( 'NONE', ( #2783, #4037, #3724, #5446 ) ) ;
#432 = CYLINDRICAL_SURFACE ( 'NONE', #2191, 3.250000000000020428 ) ;
#433 = EDGE_CURVE ( 'NONE', #3034, #1182, #1466, .T. ) ;
#434 = AXIS2_PLACEMENT_3D ( 'NONE', #3776, #2094, #2513 ) ;
#435 = DIRECTION ( 'NONE',  ( 0.000000000000000000, 0.000000000000000000, -1.000000000000000000 ) ) ;
#436 = CIRCLE ( 'NONE', #1144, 2.499999999999946709 ) ;
#437 = CARTESIAN_POINT ( 'NONE',  ( 45.50000000000070344, 0.000000000000000000, -1017.500000000003865 ) ) ;
#438 = CARTESIAN_POINT ( 'NONE',  ( -45.50000000000062528, -1.040949779275264931E-16, -920.0000000000070486 ) ) ;
#439 = DIRECTION ( 'NONE',  ( -0.000000000000000000, 1.000000000000000000, -0.000000000000000000 ) ) ;
#440 = AXIS2_PLACEMENT_3D ( 'NONE', #3177, #3863, #4860 ) ;
#441 = DIRECTION ( 'NONE',  ( -1.000000000000000000, 3.543264972207944962E-15, 1.227650459922047927E-16 ) ) ;
#442 = ORIENTED_EDGE ( 'NONE', *, *, #1909, .T. ) ;
#443 = FACE_OUTER_BOUND ( 'NONE', #2767, .T. ) ;
#444 = ORIENTED_EDGE ( 'NONE', *, *, #445, .F. ) ;
#445 = EDGE_CURVE ( 'NONE', #3832, #1619, #2095, .T. ) ;
#447 = VERTEX_POINT ( 'NONE', #3979 ) ;
#446 = DIRECTION ( 'NONE',  ( 1.000000000000000000, -3.543264972207944962E-15, -1.218537466052001424E-16 ) ) ;
#448 = PRESENTATION_STYLE_ASSIGNMENT (( #2661 ) ) ;
#449 = DIRECTION ( 'NONE',  ( 1.000000000000000000, -0.000000000000000000, -0.000000000000000000 ) ) ;
#450 = ADVANCED_FACE ( 'NONE', ( #1062 ), #5345, .F. ) ;
#452 = ORIENTED_EDGE ( 'NONE', *, *, #3356, .T. ) ;
#451 = CARTESIAN_POINT ( 'NONE',  ( 45.50000000000009237, -3.000000000000000000, -1082.500000000001819 ) ) ;
#453 = SURFACE_STYLE_FILL_AREA ( #5238 ) ;
#454 = DIRECTION ( 'NONE',  ( 1.000000000000000000, -3.543264972207944962E-15, -1.218537466052001424E-16 ) ) ;
#455 = ORIENTED_EDGE ( 'NONE', *, *, #3639, .T. ) ;
#456 = DIRECTION ( 'NONE',  ( 0.000000000000000000, -1.000000000000000000, 0.000000000000000000 ) ) ;
#457 = EDGE_CURVE ( 'NONE', #689, #2996, #1361, .T. ) ;
#458 = CIRCLE ( 'NONE', #2694, 3.000000000000252243 ) ;
#459 = SURFACE_STYLE_USAGE ( .BOTH. , #484 ) ;
#460 = FACE_OUTER_BOUND ( 'NONE', #946, .T. ) ;
#461 = SURFACE_STYLE_FILL_AREA ( #2074 ) ;
#462 = SURFACE_SIDE_STYLE ('',( #4289 ) ) ;
#463 = MECHANICAL_DESIGN_GEOMETRIC_PRESENTATION_REPRESENTATION (  '', ( #1812 ), #4296 ) ;
#464 = MECHANICAL_DESIGN_GEOMETRIC_PRESENTATION_REPRESENTATION (  '', ( #3944 ), #2883 ) ;
#465 =( LENGTH_UNIT ( ) NAMED_UNIT ( * ) SI_UNIT ( .MILLI., .METRE. ) );
#466 = PRESENTATION_LAYER_ASSIGNMENT (  '', '', ( #4738 ) ) ;
#467 = CARTESIAN_POINT ( 'NONE',  ( -45.49999999999916866, -1.040949779275264931E-16, -1017.500000000003865 ) ) ;
#468 = ORIENTED_EDGE ( 'NONE', *, *, #1271, .F. ) ;
#469 = DIRECTION ( 'NONE',  ( 0.000000000000000000, 0.000000000000000000, 1.000000000000000000 ) ) ;
#470 = VERTEX_POINT ( 'NONE', #3164 ) ;
#471 = UNCERTAINTY_MEASURE_WITH_UNIT (LENGTH_MEASURE( 1.000000000000000082E-05 ), #3072, 'distance_accuracy_value', 'NONE');
#472 = ORIENTED_EDGE ( 'NONE', *, *, #4874, .F. ) ;
#473 = DIRECTION ( 'NONE',  ( 0.000000000000000000, 1.000000000000000000, -7.228014483236689653E-17 ) ) ;
#474 = PRESENTATION_LAYER_ASSIGNMENT (  '', '', ( #3155 ) ) ;
#475 = DIRECTION ( 'NONE',  ( -0.000000000000000000, 1.000000000000000000, -0.000000000000000000 ) ) ;
#476 = EDGE_CURVE ( 'NONE', #30, #1026, #4389, .T. ) ;
#477 = CIRCLE ( 'NONE', #3620, 2.499999999999946709 ) ;
#478 = ORIENTED_EDGE ( 'NONE', *, *, #2293, .F. ) ;
#479 = ORIENTED_EDGE ( 'NONE', *, *, #3108, .F. ) ;
#480 = DIRECTION ( 'NONE',  ( 0.000000000000000000, 0.000000000000000000, 1.000000000000000000 ) ) ;
#481 = CIRCLE ( 'NONE', #2019, 2.499999999999946709 ) ;
#482 = EDGE_CURVE ( 'NONE', #1611, #801, #3658, .T. ) ;
#483 =( NAMED_UNIT ( * ) SI_UNIT ( $, .STERADIAN. ) SOLID_ANGLE_UNIT ( ) );
#484 = SURFACE_SIDE_STYLE ('',( #1807 ) ) ;
#485 = CARTESIAN_POINT ( 'NONE',  ( 45.50000000000009237, -3.000000000000000000, -1080.000000000001819 ) ) ;
#486 = CARTESIAN_POINT ( 'NONE',  ( -45.49999999999874944, -1.040949779275264931E-16, -982.5000000000050022 ) ) ;
#487 = DIRECTION ( 'NONE',  ( -3.543264972207945357E-15, -1.000000000000000000, 2.081668171172178621E-16 ) ) ;
#488 = SURFACE_STYLE_USAGE ( .BOTH. , #961 ) ;
#489 = VECTOR ( 'NONE', #113, 1000.000000000000000 ) ;
#490 = STYLED_ITEM ( 'NONE', ( #4835 ), #1342 ) ;
#491 = ADVANCED_FACE ( 'NONE', ( #3628 ), #5315, .F. ) ;
#492 = CARTESIAN_POINT ( 'NONE',  ( -57.00000000000036948, 30.00000000000020250, -2034.999999999999318 ) ) ;
#493 = AXIS2_PLACEMENT_3D ( 'NONE', #2304, #4304, #2195 ) ;
#494 = DIRECTION ( 'NONE',  ( 1.000000000000000000, -3.543264972207945357E-15, -1.227650459922047927E-16 ) ) ;
#495 = ORIENTED_EDGE ( 'NONE', *, *, #3609, .F. ) ;
#496 =( LENGTH_UNIT ( ) NAMED_UNIT ( * ) SI_UNIT ( .MILLI., .METRE. ) );
#497 = STYLED_ITEM ( 'NONE', ( #886 ), #2987 ) ;
#498 = CYLINDRICAL_SURFACE ( 'NONE', #943, 2.499999999999946709 ) ;
#499 = ORIENTED_EDGE ( 'NONE', *, *, #937, .F. ) ;
#500 = COLOUR_RGB ( '',0.5294117647058823595, 0.5490196078431373028, 0.5490196078431373028 ) ;
#501 = DIRECTION ( 'NONE',  ( -0.000000000000000000, 1.000000000000000000, -0.000000000000000000 ) ) ;
#502 = ORIENTED_EDGE ( 'NONE', *, *, #2196, .F. ) ;
#504 = VERTEX_POINT ( 'NONE', #2504 ) ;
#503 = LINE ( 'NONE', #4353, #793 ) ;
#505 = ORIENTED_EDGE ( 'NONE', *, *, #59, .T. ) ;
#506 = DIRECTION ( 'NONE',  ( -0.000000000000000000, 1.000000000000000000, -0.000000000000000000 ) ) ;
#507 = CARTESIAN_POINT ( 'NONE',  ( 45.50000000000049027, -1.040949779275264931E-16, -1042.500000000003183 ) ) ;
#508 = DIRECTION ( 'NONE',  ( 0.000000000000000000, -1.000000000000000000, 0.000000000000000000 ) ) ;
#509 = EDGE_CURVE ( 'NONE', #1541, #3389, #5402, .T. ) ;
#510 = CYLINDRICAL_SURFACE ( 'NONE', #4888, 10.00000000000000178 ) ;
#511 = CARTESIAN_POINT ( 'NONE',  ( 45.49999999999923261, 0.000000000000000000, -882.5000000000082991 ) ) ;
#512 = ORIENTED_EDGE ( 'NONE', *, *, #4830, .T. ) ;
#513 =( NAMED_UNIT ( * ) PLANE_ANGLE_UNIT ( ) SI_UNIT ( $, .RADIAN. ) );
#514 = AXIS2_PLACEMENT_3D ( 'NONE', #2756, #2337, #4477 ) ;
#515 = FILL_AREA_STYLE ('',( #4790 ) ) ;
#516 = ADVANCED_FACE ( 'NONE', ( #713 ), #5453, .F. ) ;
#517 = SURFACE_STYLE_FILL_AREA ( #963 ) ;
#518 = ORIENTED_EDGE ( 'NONE', *, *, #2104, .T. ) ;
#519 = VECTOR ( 'NONE', #3393, 1000.000000000000000 ) ;
#520 = ORIENTED_EDGE ( 'NONE', *, *, #4976, .T. ) ;
#521 = UNCERTAINTY_MEASURE_WITH_UNIT (LENGTH_MEASURE( 1.000000000000000082E-05 ), #5001, 'distance_accuracy_value', 'NONE');
#522 = EDGE_CURVE ( 'NONE', #2606, #1687, #5371, .T. ) ;
#523 = ORIENTED_EDGE ( 'NONE', *, *, #5156, .F. ) ;
#524 = SURFACE_STYLE_FILL_AREA ( #3124 ) ;
#525 = ORIENTED_EDGE ( 'NONE', *, *, #3781, .T. ) ;
#526 = AXIS2_PLACEMENT_3D ( 'NONE', #1731, #881, #3852 ) ;
#527 = DIRECTION ( 'NONE',  ( 1.000000000000000000, -3.543264972207945357E-15, -1.227650459922047927E-16 ) ) ;
#528 = UNCERTAINTY_MEASURE_WITH_UNIT (LENGTH_MEASURE( 1.000000000000000082E-05 ), #4898, 'distance_accuracy_value', 'NONE');
#529 = VECTOR ( 'NONE', #1208, 1000.000000000000000 ) ;
#531 = EDGE_LOOP ( 'NONE', ( #4994, #3510, #4550, #3894 ) ) ;
#530 = DIRECTION ( 'NONE',  ( -0.000000000000000000, 1.000000000000000000, -0.000000000000000000 ) ) ;
#532 = VERTEX_POINT ( 'NONE', #4996 ) ;
#533 = PRESENTATION_STYLE_ASSIGNMENT (( #4811 ) ) ;
#534 = LINE ( 'NONE', #3052, #606 ) ;
#535 = EDGE_LOOP ( 'NONE', ( #2362, #3539, #3120, #1113 ) ) ;
#536 = DIRECTION ( 'NONE',  ( -1.218537466052001177E-16, -0.000000000000000000, -1.000000000000000000 ) ) ;
#537 = PRESENTATION_STYLE_ASSIGNMENT (( #2734 ) ) ;
#538 = SURFACE_STYLE_FILL_AREA ( #662 ) ;
#539 = CARTESIAN_POINT ( 'NONE',  ( -60.00000000000078160, 30.00000000000021316, -349.9999999999996589 ) ) ;
#540 = ORIENTED_EDGE ( 'NONE', *, *, #4150, .F. ) ;
#541 =( NAMED_UNIT ( * ) SI_UNIT ( $, .STERADIAN. ) SOLID_ANGLE_UNIT ( ) );
#542 = VERTEX_POINT ( 'NONE', #4148 ) ;
#543 = EDGE_CURVE ( 'NONE', #1369, #2747, #4965, .T. ) ;
#544 =( GEOMETRIC_REPRESENTATION_CONTEXT ( 3 ) GLOBAL_UNCERTAINTY_ASSIGNED_CONTEXT ( ( #921 ) ) GLOBAL_UNIT_ASSIGNED_CONTEXT ( ( #1189, #2905, #1626 ) ) REPRESENTATION_CONTEXT ( 'NONE', 'WORKASPACE' ) );
#545 = DIRECTION ( 'NONE',  ( -0.000000000000000000, 1.000000000000000000, -0.000000000000000000 ) ) ;
#546 = EDGE_LOOP ( 'NONE', ( #3695, #3040 ) ) ;
#547 = DIRECTION ( 'NONE',  ( 0.000000000000000000, 0.000000000000000000, 1.000000000000000000 ) ) ;
#548 = EDGE_LOOP ( 'NONE', ( #1193, #3433, #2115, #4586 ) ) ;
#549 = DIRECTION ( 'NONE',  ( -0.000000000000000000, 1.000000000000000000, -0.000000000000000000 ) ) ;
#550 = ADVANCED_FACE ( 'NONE', ( #1984 ), #788, .T. ) ;
#551 = AXIS2_PLACEMENT_3D ( 'NONE', #3024, #927, #1316 ) ;
#552 = CARTESIAN_POINT ( 'NONE',  ( -57.00000000000016342, 30.00000000000020250, -349.9999999999996589 ) ) ;
#553 = VERTEX_POINT ( 'NONE', #2845 ) ;
#554 = CYLINDRICAL_SURFACE ( 'NONE', #493, 2.499999999999946709 ) ;
#555 =( GEOMETRIC_REPRESENTATION_CONTEXT ( 3 ) GLOBAL_UNCERTAINTY_ASSIGNED_CONTEXT ( ( #3499 ) ) GLOBAL_UNIT_ASSIGNED_CONTEXT ( ( #3686, #377, #351 ) ) REPRESENTATION_CONTEXT ( 'NONE', 'WORKASPACE' ) );
#556 = CARTESIAN_POINT ( 'NONE',  ( -45.50000000000062528, 0.000000000000000000, -922.5000000000069349 ) ) ;
#557 = STYLED_ITEM ( 'NONE', ( #3525 ), #692 ) ;
#558 = DIRECTION ( 'NONE',  ( 0.000000000000000000, 0.000000000000000000, 1.000000000000000000 ) ) ;
#559 = ORIENTED_EDGE ( 'NONE', *, *, #4874, .T. ) ;
#560 = FILL_AREA_STYLE ('',( #1534 ) ) ;
#561 = CARTESIAN_POINT ( 'NONE',  ( 59.99999999999983658, 33.24999999999980105, -2034.999999999999318 ) ) ;
#562 = VECTOR ( 'NONE', #3348, 1000.000000000000000 ) ;
#563 = DIRECTION ( 'NONE',  ( 0.000000000000000000, 0.000000000000000000, 1.000000000000000000 ) ) ;
#564 = CARTESIAN_POINT ( 'NONE',  ( -45.49999999999916866, -1.040949779275264931E-16, -1020.000000000003752 ) ) ;
#565 = CYLINDRICAL_SURFACE ( 'NONE', #3566, 3.000000000000252243 ) ;
#566 = CARTESIAN_POINT ( 'NONE',  ( 45.50000000000092371, -3.000000000000000000, -1000.000000000004434 ) ) ;
#567 = ORIENTED_EDGE ( 'NONE', *, *, #2273, .T. ) ;
#568 =( GEOMETRIC_REPRESENTATION_CONTEXT ( 3 ) GLOBAL_UNCERTAINTY_ASSIGNED_CONTEXT ( ( #1552 ) ) GLOBAL_UNIT_ASSIGNED_CONTEXT ( ( #496, #1385, #2182 ) ) REPRESENTATION_CONTEXT ( 'NONE', 'WORKASPACE' ) );
#569 = DIRECTION ( 'NONE',  ( -0.000000000000000000, 1.000000000000000000, -0.000000000000000000 ) ) ;
#570 = CIRCLE ( 'NONE', #4233, 2.499999999999946709 ) ;
#572 = ORIENTED_EDGE ( 'NONE', *, *, #4777, .F. ) ;
#571 = DIRECTION ( 'NONE',  ( -0.000000000000000000, 1.000000000000000000, -0.000000000000000000 ) ) ;
#573 = ORIENTED_EDGE ( 'NONE', *, *, #2375, .F. ) ;
#574 = AXIS2_PLACEMENT_3D ( 'NONE', #4682, #3934, #1304 ) ;
#575 = AXIS2_PLACEMENT_3D ( 'NONE', #2799, #2379, #4086 ) ;
#576 = CYLINDRICAL_SURFACE ( 'NONE', #2779, 2.499999999999946709 ) ;
#577 = ORIENTED_EDGE ( 'NONE', *, *, #4091, .F. ) ;
#578 = CYLINDRICAL_SURFACE ( 'NONE', #1015, 2.499999999999946709 ) ;
#579 = ADVANCED_FACE ( 'NONE', ( #4579 ), #2869, .F. ) ;
#580 = ORIENTED_EDGE ( 'NONE', *, *, #966, .T. ) ;
#581 = VECTOR ( 'NONE', #1061, 1000.000000000000000 ) ;
#582 = UNCERTAINTY_MEASURE_WITH_UNIT (LENGTH_MEASURE( 1.000000000000000082E-05 ), #1328, 'distance_accuracy_value', 'NONE');
#583 = CIRCLE ( 'NONE', #2040, 10.00000000000000178 ) ;
#584 = AXIS2_PLACEMENT_3D ( 'NONE', #3747, #2561, #5051 ) ;
#586 = ORIENTED_EDGE ( 'NONE', *, *, #1161, .F. ) ;
#585 = PRESENTATION_STYLE_ASSIGNMENT (( #1461 ) ) ;
#587 = EDGE_CURVE ( 'NONE', #3254, #1302, #3425, .T. ) ;
#588 = EDGE_LOOP ( 'NONE', ( #4854, #4297, #1430, #2868 ) ) ;
#589 = MECHANICAL_DESIGN_GEOMETRIC_PRESENTATION_REPRESENTATION (  '', ( #2046 ), #4857 ) ;
#590 = DIRECTION ( 'NONE',  ( -1.000000000000000000, -3.543264972207944962E-15, 1.218537466052001177E-16 ) ) ;
#591 = DIRECTION ( 'NONE',  ( 0.000000000000000000, 0.000000000000000000, -1.000000000000000000 ) ) ;
#592 = EDGE_CURVE ( 'NONE', #3046, #4223, #4743, .T. ) ;
#593 = SURFACE_STYLE_FILL_AREA ( #3456 ) ;
#594 = DIRECTION ( 'NONE',  ( -0.000000000000000000, 1.000000000000000000, -0.000000000000000000 ) ) ;
#595 = ORIENTED_EDGE ( 'NONE', *, *, #4129, .T. ) ;
#596 = LINE ( 'NONE', #3636, #1575 ) ;
#597 = SURFACE_STYLE_USAGE ( .BOTH. , #1901 ) ;
#598 = PRESENTATION_STYLE_ASSIGNMENT (( #5257 ) ) ;
#599 = CARTESIAN_POINT ( 'NONE',  ( 45.50000000000009237, 0.000000000000000000, -1080.000000000001819 ) ) ;
#600 =( NAMED_UNIT ( * ) PLANE_ANGLE_UNIT ( ) SI_UNIT ( $, .RADIAN. ) );
#601 = CARTESIAN_POINT ( 'NONE',  ( -60.00000000000015632, 33.25000000000022027, -249.9999999999999716 ) ) ;
#602 = EDGE_LOOP ( 'NONE', ( #1502, #2781, #4378, #512 ) ) ;
#603 = FACE_OUTER_BOUND ( 'NONE', #238, .T. ) ;
#604 = CYLINDRICAL_SURFACE ( 'NONE', #240, 2.499999999999946709 ) ;
#605 = FACE_OUTER_BOUND ( 'NONE', #236, .T. ) ;
#606 = VECTOR ( 'NONE', #2248, 1000.000000000000000 ) ;
#607 = SURFACE_STYLE_USAGE ( .BOTH. , #1912 ) ;
#608 = CIRCLE ( 'NONE', #4009, 2.499999999999946709 ) ;
#609 =( NAMED_UNIT ( * ) PLANE_ANGLE_UNIT ( ) SI_UNIT ( $, .RADIAN. ) );
#610 = VERTEX_POINT ( 'NONE', #1746 ) ;
#611 = LINE ( 'NONE', #3706, #1111 ) ;
#612 = EDGE_LOOP ( 'NONE', ( #2160, #4387 ) ) ;
#613 = DIRECTION ( 'NONE',  ( 1.000000000000000000, -3.543264972207944962E-15, -1.218537466052001424E-16 ) ) ;
#614 = AXIS2_PLACEMENT_3D ( 'NONE', #2396, #3592, #4841 ) ;
#615 = EDGE_CURVE ( 'NONE', #2216, #5504, #5506, .T. ) ;
#616 = ORIENTED_EDGE ( 'NONE', *, *, #4484, .F. ) ;
#617 = CIRCLE ( 'NONE', #1525, 2.499999999999946709 ) ;
#618 = ORIENTED_EDGE ( 'NONE', *, *, #2777, .T. ) ;
#619 = FILL_AREA_STYLE_COLOUR ( '', #1843 ) ;
#620 = CARTESIAN_POINT ( 'NONE',  ( -45.50000000000062528, 0.000000000000000000, -877.5000000000084128 ) ) ;
#621 = ADVANCED_FACE ( 'NONE', ( #1693 ), #5132, .F. ) ;
#622 = PRESENTATION_LAYER_ASSIGNMENT (  '', '', ( #3030 ) ) ;
#623 = DIRECTION ( 'NONE',  ( 0.000000000000000000, 0.000000000000000000, 1.000000000000000000 ) ) ;
#624 = PLANE ( 'NONE',  #4546 ) ;
#625 = DIRECTION ( 'NONE',  ( 1.000000000000000000, -3.543264972207945357E-15, -1.227650459922047927E-16 ) ) ;
#626 = CARTESIAN_POINT ( 'NONE',  ( 60.00000000000004974, 29.99999999999980460, -250.0000000000000000 ) ) ;
#627 = ORIENTED_EDGE ( 'NONE', *, *, #5193, .F. ) ;
#628 = CARTESIAN_POINT ( 'NONE',  ( -57.00000000000043343, 47.00000000000001421, -2049.999999999999545 ) ) ;
#629 = CIRCLE ( 'NONE', #4463, 3.250000000000016875 ) ;
#630 = FACE_OUTER_BOUND ( 'NONE', #3193, .T. ) ;
#631 = EDGE_CURVE ( 'NONE', #1164, #4900, #870, .T. ) ;
#632 = CIRCLE ( 'NONE', #1167, 3.249999999999988898 ) ;
#633 = FILL_AREA_STYLE ('',( #4513 ) ) ;
#634 = DIRECTION ( 'NONE',  ( 0.000000000000000000, -7.228014483236689653E-17, 1.000000000000000000 ) ) ;
#635 = FACE_BOUND ( 'NONE', #2030, .T. ) ;
#636 = ORIENTED_EDGE ( 'NONE', *, *, #3302, .F. ) ;
#637 = LINE ( 'NONE', #1481, #2989 ) ;
#639 = ORIENTED_EDGE ( 'NONE', *, *, #1394, .F. ) ;
#638 = CYLINDRICAL_SURFACE ( 'NONE', #3731, 2.499999999999946709 ) ;
#640 = FILL_AREA_STYLE_COLOUR ( '', #1351 ) ;
#641 = FILL_AREA_STYLE_COLOUR ( '', #3640 ) ;
#642 = CIRCLE ( 'NONE', #1451, 3.250000000000016875 ) ;
#643 = ORIENTED_EDGE ( 'NONE', *, *, #832, .T. ) ;
#644 = CARTESIAN_POINT ( 'NONE',  ( 57.00000000000002842, 26.74999999999981171, -349.9999999999996589 ) ) ;
#645 = VERTEX_POINT ( 'NONE', #4274 ) ;
#646 = CARTESIAN_POINT ( 'NONE',  ( -45.50000000000000000, -1.040949779275264931E-16, -1100.000000000001137 ) ) ;
#647 = COLOUR_RGB ( '',0.5294117647058823595, 0.5490196078431373028, 0.5490196078431373028 ) ;
#648 = UNCERTAINTY_MEASURE_WITH_UNIT (LENGTH_MEASURE( 1.000000000000000082E-05 ), #3557, 'distance_accuracy_value', 'NONE');
#650 = VERTEX_POINT ( 'NONE', #5182 ) ;
#649 = DIRECTION ( 'NONE',  ( -0.000000000000000000, 1.000000000000000000, -0.000000000000000000 ) ) ;
#651 = CIRCLE ( 'NONE', #2170, 2.499999999999946709 ) ;
#652 = EDGE_LOOP ( 'NONE', ( #2550, #1291, #3862, #2884 ) ) ;
#653 = EDGE_CURVE ( 'NONE', #2107, #1424, #3880, .T. ) ;
#654 = SURFACE_STYLE_FILL_AREA ( #2812 ) ;
#655 = DIRECTION ( 'NONE',  ( -0.000000000000000000, 1.000000000000000000, -0.000000000000000000 ) ) ;
#656 = FACE_BOUND ( 'NONE', #4782, .T. ) ;
#657 = DIRECTION ( 'NONE',  ( -1.000000000000000000, 3.543264972207944962E-15, 1.227650459922047927E-16 ) ) ;
#658 = VERTEX_POINT ( 'NONE', #816 ) ;
#659 = EDGE_CURVE ( 'NONE', #5204, #2017, #1719, .T. ) ;
#660 = FILL_AREA_STYLE_COLOUR ( '', #1353 ) ;
#661 = AXIS2_PLACEMENT_3D ( 'NONE', #1578, #4498, #1608 ) ;
#662 = FILL_AREA_STYLE ('',( #1476 ) ) ;
#663 = FACE_BOUND ( 'NONE', #2209, .T. ) ;
#664 = ORIENTED_EDGE ( 'NONE', *, *, #2657, .F. ) ;
#665 = PRESENTATION_STYLE_ASSIGNMENT (( #2827 ) ) ;
#666 = EDGE_CURVE ( 'NONE', #4223, #147, #3867, .T. ) ;
#667 = LINE ( 'NONE', #1879, #1579 ) ;
#668 = DIRECTION ( 'NONE',  ( 0.000000000000000000, -7.228014483236689653E-17, -1.000000000000000000 ) ) ;
#669 = AXIS2_PLACEMENT_3D ( 'NONE', #1309, #4298, #473 ) ;
#670 =( NAMED_UNIT ( * ) PLANE_ANGLE_UNIT ( ) SI_UNIT ( $, .RADIAN. ) );
#671 = ORIENTED_EDGE ( 'NONE', *, *, #707, .T. ) ;
#672 = PRESENTATION_STYLE_ASSIGNMENT (( #4118 ) ) ;
#673 = EDGE_CURVE ( 'NONE', #4947, #2183, #2530, .T. ) ;
#674 = ORIENTED_EDGE ( 'NONE', *, *, #2678, .T. ) ;
#675 = DIRECTION ( 'NONE',  ( 1.218537466051998958E-16, -6.938893903907230843E-17, 1.000000000000000000 ) ) ;
#676 = AXIS2_PLACEMENT_3D ( 'NONE', #4539, #3397, #1264 ) ;
#677 = COLOUR_RGB ( '',0.5294117647058823595, 0.5490196078431373028, 0.5490196078431373028 ) ;
#679 = EDGE_LOOP ( 'NONE', ( #2535, #1877, #2656, #525 ) ) ;
#678 = FILL_AREA_STYLE ('',( #3224 ) ) ;
#680 = COLOUR_RGB ( '',0.5294117647058823595, 0.5490196078431373028, 0.5490196078431373028 ) ;
#681 = DIRECTION ( 'NONE',  ( -1.000000000000000000, -3.543264972207944173E-15, 1.218537466052001177E-16 ) ) ;
#682 = DIRECTION ( 'NONE',  ( -1.000000000000000000, 3.543264972207944962E-15, 1.227650459922047927E-16 ) ) ;
#683 = PRESENTATION_LAYER_ASSIGNMENT (  '', '', ( #2564 ) ) ;
#684 = PRESENTATION_LAYER_ASSIGNMENT (  '', '', ( #1287 ) ) ;
#685 = CARTESIAN_POINT ( 'NONE',  ( -60.00000000000057554, 26.75000000000022382, 1450.000000000000227 ) ) ;
#686 = DIRECTION ( 'NONE',  ( -0.000000000000000000, 1.000000000000000000, -0.000000000000000000 ) ) ;
#687 = DIRECTION ( 'NONE',  ( 0.000000000000000000, 0.000000000000000000, -1.000000000000000000 ) ) ;
#688 = CARTESIAN_POINT ( 'NONE',  ( 45.49999999999965894, -3.000000000000000000, -1120.000000000000455 ) ) ;
#689 = VERTEX_POINT ( 'NONE', #1256 ) ;
#690 = VECTOR ( 'NONE', #1041, 1000.000000000000000 ) ;
#691 = ORIENTED_EDGE ( 'NONE', *, *, #4654, .F. ) ;
#692 = ADVANCED_FACE ( 'NONE', ( #5242 ), #2329, .F. ) ;
#693 = DIRECTION ( 'NONE',  ( -0.000000000000000000, 1.000000000000000000, -0.000000000000000000 ) ) ;
#694 = LINE ( 'NONE', #5414, #562 ) ;
#695 = FACE_BOUND ( 'NONE', #2837, .T. ) ;
#696 =( LENGTH_UNIT ( ) NAMED_UNIT ( * ) SI_UNIT ( .MILLI., .METRE. ) );
#697 = FACE_OUTER_BOUND ( 'NONE', #4000, .T. ) ;
#698 = PRESENTATION_STYLE_ASSIGNMENT (( #261 ) ) ;
#699 = EDGE_CURVE ( 'NONE', #5123, #2424, #949, .T. ) ;
#700 = SURFACE_STYLE_USAGE ( .BOTH. , #4543 ) ;
#701 = DIRECTION ( 'NONE',  ( -0.000000000000000000, 1.000000000000000000, -0.000000000000000000 ) ) ;
#702 = VERTEX_POINT ( 'NONE', #4806 ) ;
#703 = DIRECTION ( 'NONE',  ( -0.000000000000000000, 1.000000000000000000, -0.000000000000000000 ) ) ;
#704 = ORIENTED_EDGE ( 'NONE', *, *, #4205, .F. ) ;
#705 = AXIS2_PLACEMENT_3D ( 'NONE', #4745, #131, #930 ) ;
#706 = FACE_OUTER_BOUND ( 'NONE', #1852, .T. ) ;
#707 = EDGE_CURVE ( 'NONE', #1362, #3017, #1280, .T. ) ;
#708 =( GEOMETRIC_REPRESENTATION_CONTEXT ( 3 ) GLOBAL_UNCERTAINTY_ASSIGNED_CONTEXT ( ( #471 ) ) GLOBAL_UNIT_ASSIGNED_CONTEXT ( ( #3072, #1312, #124 ) ) REPRESENTATION_CONTEXT ( 'NONE', 'WORKASPACE' ) );
#709 = UNCERTAINTY_MEASURE_WITH_UNIT (LENGTH_MEASURE( 1.000000000000000082E-05 ), #5206, 'distance_accuracy_value', 'NONE');
#710 = ORIENTED_EDGE ( 'NONE', *, *, #3522, .T. ) ;
#711 = CARTESIAN_POINT ( 'NONE',  ( 45.49999999999923261, -3.000000000000000000, -820.0000000000102318 ) ) ;
#712 = MECHANICAL_DESIGN_GEOMETRIC_PRESENTATION_REPRESENTATION (  '', ( #1410 ), #708 ) ;
#713 = FACE_OUTER_BOUND ( 'NONE', #3156, .T. ) ;
#714 =( GEOMETRIC_REPRESENTATION_CONTEXT ( 3 ) GLOBAL_UNCERTAINTY_ASSIGNED_CONTEXT ( ( #2212 ) ) GLOBAL_UNIT_ASSIGNED_CONTEXT ( ( #5339, #4933, #2423 ) ) REPRESENTATION_CONTEXT ( 'NONE', 'WORKASPACE' ) );
#715 = DIRECTION ( 'NONE',  ( 0.000000000000000000, 0.000000000000000000, -1.000000000000000000 ) ) ;
#716 = DIRECTION ( 'NONE',  ( 6.938893903907253030E-17, 1.734723475976813257E-16, 1.000000000000000000 ) ) ;
#717 = ORIENTED_EDGE ( 'NONE', *, *, #2354, .T. ) ;
#718 = DIRECTION ( 'NONE',  ( 0.000000000000000000, 0.000000000000000000, 1.000000000000000000 ) ) ;
#719 = DIRECTION ( 'NONE',  ( -0.000000000000000000, 1.000000000000000000, -0.000000000000000000 ) ) ;
#720 = CIRCLE ( 'NONE', #2682, 2.499999999999946709 ) ;
#721 = CARTESIAN_POINT ( 'NONE',  ( -60.00000000000054712, 30.00000000000023093, 1549.999999999999773 ) ) ;
#722 = FACE_OUTER_BOUND ( 'NONE', #2886, .T. ) ;
#723 = CARTESIAN_POINT ( 'NONE',  ( -45.50000000000062528, -1.040949779275264931E-16, -900.0000000000077307 ) ) ;
#724 = EDGE_CURVE ( 'NONE', #553, #3503, #3157, .T. ) ;
#725 = VECTOR ( 'NONE', #235, 1000.000000000000000 ) ;
#726 =( LENGTH_UNIT ( ) NAMED_UNIT ( * ) SI_UNIT ( .MILLI., .METRE. ) );
#727 = SURFACE_SIDE_STYLE ('',( #3185 ) ) ;
#728 = VERTEX_POINT ( 'NONE', #5337 ) ;
#729 = FACE_OUTER_BOUND ( 'NONE', #3612, .T. ) ;
#730 = ORIENTED_EDGE ( 'NONE', *, *, #4272, .F. ) ;
#731 = VECTOR ( 'NONE', #4164, 1000.000000000000000 ) ;
#732 = EDGE_CURVE ( 'NONE', #3952, #4143, #1743, .T. ) ;
#733 = DIRECTION ( 'NONE',  ( 0.000000000000000000, 0.000000000000000000, 1.000000000000000000 ) ) ;
#734 = AXIS2_PLACEMENT_3D ( 'NONE', #2760, #1008, #1532 ) ;
#736 = EDGE_LOOP ( 'NONE', ( #2352, #5217, #3986, #77 ) ) ;
#735 = CARTESIAN_POINT ( 'NONE',  ( -45.49999999999937472, 0.000000000000000000, -1040.000000000003183 ) ) ;
#737 = EDGE_CURVE ( 'NONE', #4834, #147, #1567, .T. ) ;
#738 = MECHANICAL_DESIGN_GEOMETRIC_PRESENTATION_REPRESENTATION (  '', ( #3237 ), #820 ) ;
#739 = CARTESIAN_POINT ( 'NONE',  ( 45.49999999999923261, 0.000000000000000000, -880.0000000000082991 ) ) ;
#740 = LINE ( 'NONE', #5427, #1050 ) ;
#741 =( LENGTH_UNIT ( ) NAMED_UNIT ( * ) SI_UNIT ( .MILLI., .METRE. ) );
#742 = DIRECTION ( 'NONE',  ( 0.000000000000000000, 0.000000000000000000, 1.000000000000000000 ) ) ;
#743 = DIRECTION ( 'NONE',  ( 0.000000000000000000, 0.000000000000000000, 1.000000000000000000 ) ) ;
#744 = EDGE_LOOP ( 'NONE', ( #4105, #1918 ) ) ;
#745 = VERTEX_POINT ( 'NONE', #2267 ) ;
#746 = DIRECTION ( 'NONE',  ( -3.543264972207945357E-15, -1.000000000000000000, 2.081668171172178621E-16 ) ) ;
#747 = VECTOR ( 'NONE', #3696, 1000.000000000000000 ) ;
#748 = DIRECTION ( 'NONE',  ( 1.000000000000000000, -3.543264972207945357E-15, -1.227650459922047927E-16 ) ) ;
#749 =( LENGTH_UNIT ( ) NAMED_UNIT ( * ) SI_UNIT ( .MILLI., .METRE. ) );
#750 = DIRECTION ( 'NONE',  ( 0.000000000000000000, 0.000000000000000000, 1.000000000000000000 ) ) ;
#751 = CARTESIAN_POINT ( 'NONE',  ( 45.49999999999923261, 0.000000000000000000, -800.0000000000109139 ) ) ;
#752 = VECTOR ( 'NONE', #274, 1000.000000000000000 ) ;
#753 = CARTESIAN_POINT ( 'NONE',  ( 45.49999999999945999, 0.000000000000000000, -1142.499999999999773 ) ) ;
#754 = ORIENTED_EDGE ( 'NONE', *, *, #1797, .T. ) ;
#755 = DIRECTION ( 'NONE',  ( 1.000000000000000000, 0.000000000000000000, -1.218537466052001177E-16 ) ) ;
#756 = ORIENTED_EDGE ( 'NONE', *, *, #592, .F. ) ;
#757 = CIRCLE ( 'NONE', #2815, 2.499999999999946709 ) ;
#758 = UNCERTAINTY_MEASURE_WITH_UNIT (LENGTH_MEASURE( 1.000000000000000082E-05 ), #185, 'distance_accuracy_value', 'NONE');
#759 = EDGE_CURVE ( 'NONE', #206, #2045, #481, .T. ) ;
#761 = ORIENTED_EDGE ( 'NONE', *, *, #3274, .F. ) ;
#760 = PRESENTATION_STYLE_ASSIGNMENT (( #5476 ) ) ;
#762 = LINE ( 'NONE', #2037, #844 ) ;
#763 = SURFACE_STYLE_USAGE ( .BOTH. , #1640 ) ;
#764 = CIRCLE ( 'NONE', #5311, 2.499999999999946709 ) ;
#765 = ADVANCED_FACE ( 'NONE', ( #4351 ), #3942, .F. ) ;
#766 = PRESENTATION_STYLE_ASSIGNMENT (( #5024 ) ) ;
#767 =( LENGTH_UNIT ( ) NAMED_UNIT ( * ) SI_UNIT ( .MILLI., .METRE. ) );
#768 = SURFACE_STYLE_FILL_AREA ( #2533 ) ;
#769 = ORIENTED_EDGE ( 'NONE', *, *, #4744, .F. ) ;
#770 = VERTEX_POINT ( 'NONE', #4527 ) ;
#771 = COLOUR_RGB ( '',0.5294117647058823595, 0.5490196078431373028, 0.5490196078431373028 ) ;
#772 =( GEOMETRIC_REPRESENTATION_CONTEXT ( 3 ) GLOBAL_UNCERTAINTY_ASSIGNED_CONTEXT ( ( #1887 ) ) GLOBAL_UNIT_ASSIGNED_CONTEXT ( ( #2931, #389, #802 ) ) REPRESENTATION_CONTEXT ( 'NONE', 'WORKASPACE' ) );
#773 = EDGE_CURVE ( 'NONE', #3973, #4147, #2268, .T. ) ;
#774 = DIRECTION ( 'NONE',  ( 0.000000000000000000, 0.000000000000000000, 1.000000000000000000 ) ) ;
#775 = MECHANICAL_DESIGN_GEOMETRIC_PRESENTATION_REPRESENTATION (  '', ( #2564 ), #66 ) ;
#776 = DIRECTION ( 'NONE',  ( 0.000000000000000000, 0.000000000000000000, -1.000000000000000000 ) ) ;
#777 = FACE_BOUND ( 'NONE', #5014, .T. ) ;
#778 = CARTESIAN_POINT ( 'NONE',  ( -45.50000000000041211, 0.000000000000000000, -1142.499999999999773 ) ) ;
#779 = DIRECTION ( 'NONE',  ( 0.000000000000000000, 0.000000000000000000, -1.000000000000000000 ) ) ;
#780 = AXIS2_PLACEMENT_3D ( 'NONE', #4561, #693, #4977 ) ;
#781 = DIRECTION ( 'NONE',  ( 0.000000000000000000, 0.000000000000000000, 1.000000000000000000 ) ) ;
#782 = ORIENTED_EDGE ( 'NONE', *, *, #4002, .F. ) ;
#783 = CARTESIAN_POINT ( 'NONE',  ( -45.49999999999937472, -3.000000000000000000, -1040.000000000003183 ) ) ;
#784 = ORIENTED_EDGE ( 'NONE', *, *, #1857, .T. ) ;
#785 = VERTEX_POINT ( 'NONE', #4547 ) ;
#787 = ORIENTED_EDGE ( 'NONE', *, *, #4961, .F. ) ;
#786 = CARTESIAN_POINT ( 'NONE',  ( -45.50000000000062528, -1.040949779275264931E-16, -920.0000000000070486 ) ) ;
#788 = PLANE ( 'NONE',  #4306 ) ;
#789 = EDGE_CURVE ( 'NONE', #991, #1227, #477, .T. ) ;
#790 = DIRECTION ( 'NONE',  ( 1.387778780781450606E-16, 1.734723475976813257E-16, 1.000000000000000000 ) ) ;
#791 = DIRECTION ( 'NONE',  ( -0.000000000000000000, 1.000000000000000000, -0.000000000000000000 ) ) ;
#792 = DIRECTION ( 'NONE',  ( -0.000000000000000000, 1.000000000000000000, -0.000000000000000000 ) ) ;
#793 = VECTOR ( 'NONE', #4719, 1000.000000000000000 ) ;
#794 = ORIENTED_EDGE ( 'NONE', *, *, #2719, .F. ) ;
#795 = CARTESIAN_POINT ( 'NONE',  ( -45.50000000000041211, -3.000000000000000000, -1140.000000000000000 ) ) ;
#796 = ADVANCED_FACE ( 'NONE', ( #706 ), #4096, .F. ) ;
#797 = AXIS2_PLACEMENT_3D ( 'NONE', #2361, #4471, #1030 ) ;
#798 = CYLINDRICAL_SURFACE ( 'NONE', #3365, 2.499999999999946709 ) ;
#799 = FACE_OUTER_BOUND ( 'NONE', #3847, .T. ) ;
#800 = DIRECTION ( 'NONE',  ( 0.000000000000000000, -7.228014483236689653E-17, 1.000000000000000000 ) ) ;
#801 = VERTEX_POINT ( 'NONE', #2888 ) ;
#802 =( NAMED_UNIT ( * ) SI_UNIT ( $, .STERADIAN. ) SOLID_ANGLE_UNIT ( ) );
#803 = AXIS2_PLACEMENT_3D ( 'NONE', #1926, #1560, #4450 ) ;
#804 = CYLINDRICAL_SURFACE ( 'NONE', #3700, 2.499999999999946709 ) ;
#805 = EDGE_CURVE ( 'NONE', #3469, #4764, #1116, .T. ) ;
#806 = STYLED_ITEM ( 'NONE', ( #1865 ), #4375 ) ;
#807 = CARTESIAN_POINT ( 'NONE',  ( 45.50000000000112266, 0.000000000000000000, -977.5000000000051159 ) ) ;
#808 = CARTESIAN_POINT ( 'NONE',  ( -60.00000000000056133, 30.00000000000021316, 1450.000000000000227 ) ) ;
#809 = ORIENTED_EDGE ( 'NONE', *, *, #2163, .T. ) ;
#810 = PRESENTATION_STYLE_ASSIGNMENT (( #2548 ) ) ;
#811 = ORIENTED_EDGE ( 'NONE', *, *, #1245, .F. ) ;
#812 = UNCERTAINTY_MEASURE_WITH_UNIT (LENGTH_MEASURE( 1.000000000000000082E-05 ), #2261, 'distance_accuracy_value', 'NONE');
#813 = AXIS2_PLACEMENT_3D ( 'NONE', #1326, #4793, #3485 ) ;
#815 = EDGE_LOOP ( 'NONE', ( #1526, #5433, #2610, #2897 ) ) ;
#814 =( NAMED_UNIT ( * ) PLANE_ANGLE_UNIT ( ) SI_UNIT ( $, .RADIAN. ) );
#816 = CARTESIAN_POINT ( 'NONE',  ( 45.49999999999923261, -1.040949779275264931E-16, -837.5000000000096634 ) ) ;
#817 = CIRCLE ( 'NONE', #3319, 2.499999999999946709 ) ;
#818 = LINE ( 'NONE', #1614, #519 ) ;
#819 = DIRECTION ( 'NONE',  ( 0.000000000000000000, 0.000000000000000000, 1.000000000000000000 ) ) ;
#820 =( GEOMETRIC_REPRESENTATION_CONTEXT ( 3 ) GLOBAL_UNCERTAINTY_ASSIGNED_CONTEXT ( ( #3334 ) ) GLOBAL_UNIT_ASSIGNED_CONTEXT ( ( #4664, #3770, #3748 ) ) REPRESENTATION_CONTEXT ( 'NONE', 'WORKASPACE' ) );
#821 = CARTESIAN_POINT ( 'NONE',  ( 45.50000000000009237, -1.040949779275264931E-16, -1080.000000000001819 ) ) ;
#822 = ORIENTED_EDGE ( 'NONE', *, *, #2335, .T. ) ;
#823 = ORIENTED_EDGE ( 'NONE', *, *, #2487, .T. ) ;
#824 = CARTESIAN_POINT ( 'NONE',  ( 59.99999999999983658, 33.24999999999980105, -2034.999999999999318 ) ) ;
#825 = CARTESIAN_POINT ( 'NONE',  ( -45.50000000000020606, 0.000000000000000000, -1117.500000000000682 ) ) ;
#826 = CARTESIAN_POINT ( 'NONE',  ( -60.00000000000039080, 37.00000000000000000, -2049.999999999999545 ) ) ;
#827 = EDGE_CURVE ( 'NONE', #1718, #2017, #5365, .T. ) ;
#828 = ORIENTED_EDGE ( 'NONE', *, *, #5419, .F. ) ;
#829 = DIRECTION ( 'NONE',  ( -0.000000000000000000, 1.000000000000000000, -0.000000000000000000 ) ) ;
#830 = CIRCLE ( 'NONE', #1459, 2.499999999999946709 ) ;
#831 = LINE ( 'NONE', #3801, #1848 ) ;
#832 = EDGE_CURVE ( 'NONE', #2473, #4016, #2096, .T. ) ;
#833 = FACE_BOUND ( 'NONE', #4323, .T. ) ;
#834 = ORIENTED_EDGE ( 'NONE', *, *, #4961, .T. ) ;
#835 = CARTESIAN_POINT ( 'NONE',  ( -45.50000000000062528, -3.000000000000000000, -797.5000000000110276 ) ) ;
#836 = VERTEX_POINT ( 'NONE', #4574 ) ;
#837 = STYLED_ITEM ( 'NONE', ( #1012 ), #928 ) ;
#838 = EDGE_CURVE ( 'NONE', #702, #532, #5394, .T. ) ;
#840 = EDGE_LOOP ( 'NONE', ( #1764, #1360, #2947, #5522 ) ) ;
#839 = CYLINDRICAL_SURFACE ( 'NONE', #3833, 2.499999999999946709 ) ;
#841 = PRESENTATION_LAYER_ASSIGNMENT (  '', '', ( #2549 ) ) ;
#842 = CARTESIAN_POINT ( 'NONE',  ( -57.00000000000038369, 33.25000000000021316, -2034.999999999999318 ) ) ;
#843 = VECTOR ( 'NONE', #1817, 1000.000000000000000 ) ;
#844 = VECTOR ( 'NONE', #1612, 1000.000000000000000 ) ;
#845 = PLANE ( 'NONE',  #2725 ) ;
#846 = FILL_AREA_STYLE ('',( #2016 ) ) ;
#847 = ORIENTED_EDGE ( 'NONE', *, *, #3108, .T. ) ;
#848 = DIRECTION ( 'NONE',  ( 0.000000000000000000, -1.000000000000000000, 0.000000000000000000 ) ) ;
#849 = SURFACE_SIDE_STYLE ('',( #2592 ) ) ;
#850 = CIRCLE ( 'NONE', #935, 2.499999999999946709 ) ;
#851 = PRESENTATION_LAYER_ASSIGNMENT (  '', '', ( #4594 ) ) ;
#852 = SURFACE_SIDE_STYLE ('',( #17 ) ) ;
#853 =( NAMED_UNIT ( * ) SI_UNIT ( $, .STERADIAN. ) SOLID_ANGLE_UNIT ( ) );
#854 = VERTEX_POINT ( 'NONE', #4144 ) ;
#855 = AXIS2_PLACEMENT_3D ( 'NONE', #143, #1850, #4346 ) ;
#856 = SURFACE_SIDE_STYLE ('',( #2674 ) ) ;
#857 = VECTOR ( 'NONE', #569, 1000.000000000000000 ) ;
#858 = SURFACE_STYLE_FILL_AREA ( #3429 ) ;
#859 = EDGE_CURVE ( 'NONE', #610, #4438, #266, .T. ) ;
#860 = AXIS2_PLACEMENT_3D ( 'NONE', #1407, #3107, #3605 ) ;
#861 = CARTESIAN_POINT ( 'NONE',  ( 45.49999999999923261, -1.040949779275264931E-16, -797.5000000000110276 ) ) ;
#862 = FACE_BOUND ( 'NONE', #3873, .T. ) ;
#863 = ORIENTED_EDGE ( 'NONE', *, *, #360, .T. ) ;
#864 = CARTESIAN_POINT ( 'NONE',  ( 45.49999999999923261, 0.000000000000000000, -922.5000000000069349 ) ) ;
#865 = CARTESIAN_POINT ( 'NONE',  ( 57.00000000000027711, 29.99999999999981881, 1549.999999999999773 ) ) ;
#866 = ORIENTED_EDGE ( 'NONE', *, *, #2576, .T. ) ;
#867 = AXIS2_PLACEMENT_3D ( 'NONE', #1380, #1873, #3032 ) ;
#868 = EDGE_CURVE ( 'NONE', #4223, #3046, #5475, .T. ) ;
#869 = EDGE_LOOP ( 'NONE', ( #2279, #1837, #4659, #167, #5452, #5078 ) ) ;
#870 = LINE ( 'NONE', #3497, #2977 ) ;
#871 = EDGE_CURVE ( 'NONE', #3125, #4526, #1976, .T. ) ;
#872 = UNCERTAINTY_MEASURE_WITH_UNIT (LENGTH_MEASURE( 1.000000000000000082E-05 ), #1091, 'distance_accuracy_value', 'NONE');
#873 = DIRECTION ( 'NONE',  ( -0.000000000000000000, 1.000000000000000000, -0.000000000000000000 ) ) ;
#874 = CARTESIAN_POINT ( 'NONE',  ( -45.50000000000062528, -3.000000000000000000, -882.5000000000082991 ) ) ;
#875 = DIRECTION ( 'NONE',  ( 0.000000000000000000, 0.000000000000000000, -1.000000000000000000 ) ) ;
#876 = ORIENTED_EDGE ( 'NONE', *, *, #4948, .T. ) ;
#877 = CARTESIAN_POINT ( 'NONE',  ( -60.00000000000056133, 26.75000000000024158, 1549.999999999999773 ) ) ;
#878 = PRESENTATION_STYLE_ASSIGNMENT (( #3920 ) ) ;
#879 = CIRCLE ( 'NONE', #1609, 2.499999999999946709 ) ;
#880 = DIRECTION ( 'NONE',  ( -0.000000000000000000, 1.000000000000000000, -0.000000000000000000 ) ) ;
#881 = DIRECTION ( 'NONE',  ( -0.000000000000000000, 1.000000000000000000, -0.000000000000000000 ) ) ;
#882 = FACE_OUTER_BOUND ( 'NONE', #3969, .T. ) ;
#883 = ORIENTED_EDGE ( 'NONE', *, *, #3222, .T. ) ;
#884 = DIRECTION ( 'NONE',  ( 0.000000000000000000, 0.000000000000000000, 1.000000000000000000 ) ) ;
#885 = VECTOR ( 'NONE', #2500, 1000.000000000000000 ) ;
#886 = PRESENTATION_STYLE_ASSIGNMENT (( #4705 ) ) ;
#887 =( GEOMETRIC_REPRESENTATION_CONTEXT ( 3 ) GLOBAL_UNCERTAINTY_ASSIGNED_CONTEXT ( ( #758 ) ) GLOBAL_UNIT_ASSIGNED_CONTEXT ( ( #185, #2277, #103 ) ) REPRESENTATION_CONTEXT ( 'NONE', 'WORKASPACE' ) );
#888 = CARTESIAN_POINT ( 'NONE',  ( -59.99999999999989342, 37.00000000000000000, 2050.000000000000000 ) ) ;
#889 = VERTEX_POINT ( 'NONE', #2393 ) ;
#890 = EDGE_LOOP ( 'NONE', ( #2086, #42 ) ) ;
#891 = AXIS2_PLACEMENT_3D ( 'NONE', #3479, #3053, #591 ) ;
#892 = ORIENTED_EDGE ( 'NONE', *, *, #4049, .T. ) ;
#893 = CARTESIAN_POINT ( 'NONE',  ( 45.50000000000009237, -3.000000000000000000, -1080.000000000001819 ) ) ;
#894 = EDGE_CURVE ( 'NONE', #4508, #3745, #4963, .T. ) ;
#895 = MECHANICAL_DESIGN_GEOMETRIC_PRESENTATION_REPRESENTATION (  '', ( #5072 ), #4724 ) ;
#896 = CARTESIAN_POINT ( 'NONE',  ( 45.49999999999987210, -3.000000000000000000, -1100.000000000001137 ) ) ;
#897 = CIRCLE ( 'NONE', #5166, 2.499999999999946709 ) ;
#898 = VERTEX_POINT ( 'NONE', #4792 ) ;
#899 = EDGE_CURVE ( 'NONE', #1522, #5491, #4226, .T. ) ;
#900 = EDGE_LOOP ( 'NONE', ( #1688, #3005, #5368, #1490 ) ) ;
#901 = CIRCLE ( 'NONE', #2961, 2.499999999999946709 ) ;
#902 =( LENGTH_UNIT ( ) NAMED_UNIT ( * ) SI_UNIT ( .MILLI., .METRE. ) );
#903 = AXIS2_PLACEMENT_3D ( 'NONE', #2666, #1800, #4781 ) ;
#904 = DIRECTION ( 'NONE',  ( 0.000000000000000000, 0.000000000000000000, -1.000000000000000000 ) ) ;
#905 = DIRECTION ( 'NONE',  ( -0.000000000000000000, 1.000000000000000000, -0.000000000000000000 ) ) ;
#906 = DIRECTION ( 'NONE',  ( -3.543264972207945357E-15, -1.000000000000000000, 2.081668171172180839E-16 ) ) ;
#907 = CYLINDRICAL_SURFACE ( 'NONE', #2919, 2.499999999999946709 ) ;
#908 = FILL_AREA_STYLE ('',( #3484 ) ) ;
#909 = CARTESIAN_POINT ( 'NONE',  ( 45.50000000000092371, 0.000000000000000000, -1000.000000000004434 ) ) ;
#910 = AXIS2_PLACEMENT_3D ( 'NONE', #21, #3007, #5115 ) ;
#911 = CARTESIAN_POINT ( 'NONE',  ( -54.00000000000002132, 2.999999999999913847, -2049.999999999999545 ) ) ;
#912 = ORIENTED_EDGE ( 'NONE', *, *, #5049, .F. ) ;
#913 = SURFACE_STYLE_USAGE ( .BOTH. , #3090 ) ;
#914 = FILL_AREA_STYLE_COLOUR ( '', #3526 ) ;
#915 = UNCERTAINTY_MEASURE_WITH_UNIT (LENGTH_MEASURE( 1.000000000000000082E-05 ), #741, 'distance_accuracy_value', 'NONE');
#916 = ORIENTED_EDGE ( 'NONE', *, *, #2335, .F. ) ;
#917 = DIRECTION ( 'NONE',  ( 0.000000000000000000, 0.000000000000000000, 1.000000000000000000 ) ) ;
#918 = MECHANICAL_DESIGN_GEOMETRIC_PRESENTATION_REPRESENTATION (  '', ( #5189 ), #2264 ) ;
#919 = VERTEX_POINT ( 'NONE', #4823 ) ;
#920 = EDGE_CURVE ( 'NONE', #5123, #4106, #1506, .T. ) ;
#921 = UNCERTAINTY_MEASURE_WITH_UNIT (LENGTH_MEASURE( 1.000000000000000082E-05 ), #1189, 'distance_accuracy_value', 'NONE');
#923 = VERTEX_POINT ( 'NONE', #5353 ) ;
#922 = DIRECTION ( 'NONE',  ( -6.938893903907253030E-17, -2.081668171172175909E-16, -1.000000000000000000 ) ) ;
#924 = ORIENTED_EDGE ( 'NONE', *, *, #5437, .F. ) ;
#925 = CARTESIAN_POINT ( 'NONE',  ( -56.99999999999995737, 33.25000000000018474, 1450.000000000000227 ) ) ;
#926 = VECTOR ( 'NONE', #1844, 1000.000000000000000 ) ;
#927 = DIRECTION ( 'NONE',  ( -0.000000000000000000, 1.000000000000000000, -0.000000000000000000 ) ) ;
#928 = ADVANCED_FACE ( 'NONE', ( #5258 ), #5290, .F. ) ;
#929 = AXIS2_PLACEMENT_3D ( 'NONE', #1114, #1457, #4495 ) ;
#930 = DIRECTION ( 'NONE',  ( 0.000000000000000000, 0.000000000000000000, -1.000000000000000000 ) ) ;
#931 = CARTESIAN_POINT ( 'NONE',  ( -60.00000000000075318, 33.25000000000022027, -249.9999999999999716 ) ) ;
#932 = CARTESIAN_POINT ( 'NONE',  ( 45.50000000000029132, -3.000000000000000000, -1062.500000000002501 ) ) ;
#933 = ORIENTED_EDGE ( 'NONE', *, *, #522, .F. ) ;
#934 =( NAMED_UNIT ( * ) PLANE_ANGLE_UNIT ( ) SI_UNIT ( $, .RADIAN. ) );
#935 = AXIS2_PLACEMENT_3D ( 'NONE', #4699, #2971, #4518 ) ;
#936 =( GEOMETRIC_REPRESENTATION_CONTEXT ( 3 ) GLOBAL_UNCERTAINTY_ASSIGNED_CONTEXT ( ( #4808 ) ) GLOBAL_UNIT_ASSIGNED_CONTEXT ( ( #2681, #3906, #541 ) ) REPRESENTATION_CONTEXT ( 'NONE', 'WORKASPACE' ) );
#937 = EDGE_CURVE ( 'NONE', #2017, #134, #1195, .T. ) ;
#938 = CIRCLE ( 'NONE', #5210, 2.499999999999946709 ) ;
#939 = CARTESIAN_POINT ( 'NONE',  ( -53.99999999999977263, -4.250072516143177381E-14, 2050.000000000000000 ) ) ;
#940 = ORIENTED_EDGE ( 'NONE', *, *, #3976, .F. ) ;
#941 = DIRECTION ( 'NONE',  ( 0.000000000000000000, 0.000000000000000000, 1.000000000000000000 ) ) ;
#942 = EDGE_LOOP ( 'NONE', ( #4354, #1591 ) ) ;
#943 = AXIS2_PLACEMENT_3D ( 'NONE', #2213, #1792, #3491 ) ;
#944 = AXIS2_PLACEMENT_3D ( 'NONE', #4635, #1210, #1180 ) ;
#945 =( NAMED_UNIT ( * ) PLANE_ANGLE_UNIT ( ) SI_UNIT ( $, .RADIAN. ) );
#946 = EDGE_LOOP ( 'NONE', ( #1707, #1979, #540, #5472 ) ) ;
#947 = CIRCLE ( 'NONE', #4704, 2.499999999999946709 ) ;
#948 = ORIENTED_EDGE ( 'NONE', *, *, #4175, .T. ) ;
#949 = LINE ( 'NONE', #4001, #2901 ) ;
#950 = EDGE_LOOP ( 'NONE', ( #495, #2333 ) ) ;
#951 = DIRECTION ( 'NONE',  ( -0.000000000000000000, 1.000000000000000000, -0.000000000000000000 ) ) ;
#952 = EDGE_LOOP ( 'NONE', ( #4810, #444 ) ) ;
#953 = FILL_AREA_STYLE_COLOUR ( '', #2913 ) ;
#954 = EDGE_CURVE ( 'NONE', #2227, #3355, #2347, .T. ) ;
#955 = CYLINDRICAL_SURFACE ( 'NONE', #2538, 2.499999999999946709 ) ;
#956 = CARTESIAN_POINT ( 'NONE',  ( 45.49999999999923261, 0.000000000000000000, -857.5000000000089813 ) ) ;
#957 = CARTESIAN_POINT ( 'NONE',  ( 45.49999999999923261, -3.000000000000000000, -902.5000000000076170 ) ) ;
#958 = DIRECTION ( 'NONE',  ( 0.000000000000000000, 0.000000000000000000, 1.000000000000000000 ) ) ;
#959 = ORIENTED_EDGE ( 'NONE', *, *, #3222, .F. ) ;
#960 = EDGE_CURVE ( 'NONE', #30, #4572, #136, .T. ) ;
#961 = SURFACE_SIDE_STYLE ('',( #858 ) ) ;
#962 = AXIS2_PLACEMENT_3D ( 'NONE', #3423, #5109, #4177 ) ;
#963 = FILL_AREA_STYLE ('',( #4341 ) ) ;
#964 = EDGE_LOOP ( 'NONE', ( #3441, #3082, #71, #350 ) ) ;
#965 = PRESENTATION_STYLE_ASSIGNMENT (( #3933 ) ) ;
#966 = EDGE_CURVE ( 'NONE', #3998, #4095, #2736, .T. ) ;
#967 = DIRECTION ( 'NONE',  ( -4.270088556250616885E-15, -1.000000000000000000, 0.000000000000000000 ) ) ;
#968 = CIRCLE ( 'NONE', #5148, 10.00000000000000178 ) ;
#969 = ORIENTED_EDGE ( 'NONE', *, *, #4300, .T. ) ;
#970 = CARTESIAN_POINT ( 'NONE',  ( -45.50000000000062528, -3.000000000000000000, -860.0000000000089813 ) ) ;
#971 = VERTEX_POINT ( 'NONE', #4428 ) ;
#972 = PLANE ( 'NONE',  #1931 ) ;
#973 = ORIENTED_EDGE ( 'NONE', *, *, #1620, .T. ) ;
#974 = VECTOR ( 'NONE', #2647, 1000.000000000000000 ) ;
#975 = ORIENTED_EDGE ( 'NONE', *, *, #1900, .T. ) ;
#976 =( LENGTH_UNIT ( ) NAMED_UNIT ( * ) SI_UNIT ( .MILLI., .METRE. ) );
#977 = DIRECTION ( 'NONE',  ( -0.000000000000000000, 1.000000000000000000, -0.000000000000000000 ) ) ;
#978 = CARTESIAN_POINT ( 'NONE',  ( 60.00000000000002132, 26.74999999999979750, -349.9999999999996589 ) ) ;
#979 = LINE ( 'NONE', #1986, #2951 ) ;
#980 = DIRECTION ( 'NONE',  ( -0.000000000000000000, 1.000000000000000000, -0.000000000000000000 ) ) ;
#981 = AXIS2_PLACEMENT_3D ( 'NONE', #1540, #1964, #195 ) ;
#982 = PLANE ( 'NONE',  #5366 ) ;
#983 = ORIENTED_EDGE ( 'NONE', *, *, #3302, .T. ) ;
#984 = CARTESIAN_POINT ( 'NONE',  ( -45.50000000000062528, -1.040949779275264931E-16, -880.0000000000082991 ) ) ;
#985 = DIRECTION ( 'NONE',  ( -0.000000000000000000, 7.228014483236689653E-17, -1.000000000000000000 ) ) ;
#986 = MECHANICAL_DESIGN_GEOMETRIC_PRESENTATION_REPRESENTATION (  '', ( #1080 ), #2340 ) ;
#987 = EDGE_CURVE ( 'NONE', #2747, #3707, #5230, .T. ) ;
#988 = CARTESIAN_POINT ( 'NONE',  ( -45.49999999999979394, 0.000000000000000000, -1080.000000000001819 ) ) ;
#989 = CARTESIAN_POINT ( 'NONE',  ( 0.000000000000000000, -3.000000000000000000, 0.000000000000000000 ) ) ;
#990 = ORIENTED_EDGE ( 'NONE', *, *, #2480, .T. ) ;
#991 = VERTEX_POINT ( 'NONE', #5326 ) ;
#992 = ORIENTED_EDGE ( 'NONE', *, *, #3008, .T. ) ;
#993 = EDGE_CURVE ( 'NONE', #2655, #1789, #3576, .T. ) ;
#994 = CARTESIAN_POINT ( 'NONE',  ( 45.49999999999923261, -1.040949779275264931E-16, -920.0000000000070486 ) ) ;
#995 = ORIENTED_EDGE ( 'NONE', *, *, #631, .T. ) ;
#996 =( NAMED_UNIT ( * ) SI_UNIT ( $, .STERADIAN. ) SOLID_ANGLE_UNIT ( ) );
#997 = ORIENTED_EDGE ( 'NONE', *, *, #3465, .F. ) ;
#998 = DIRECTION ( 'NONE',  ( 0.000000000000000000, -1.000000000000000000, 0.000000000000000000 ) ) ;
#999 = EDGE_CURVE ( 'NONE', #4769, #2937, #2630, .T. ) ;
#1001 = ORIENTED_EDGE ( 'NONE', *, *, #1177, .T. ) ;
#1000 = CYLINDRICAL_SURFACE ( 'NONE', #2503, 2.499999999999946709 ) ;
#1002 =( NAMED_UNIT ( * ) SI_UNIT ( $, .STERADIAN. ) SOLID_ANGLE_UNIT ( ) );
#1003 = EDGE_LOOP ( 'NONE', ( #83, #4436 ) ) ;
#1004 =( NAMED_UNIT ( * ) PLANE_ANGLE_UNIT ( ) SI_UNIT ( $, .RADIAN. ) );
#1005 = PRESENTATION_LAYER_ASSIGNMENT (  '', '', ( #1279 ) ) ;
#1006 = APPLICATION_CONTEXT ( 'automotive_design' ) ;
#1007 = FACE_OUTER_BOUND ( 'NONE', #4245, .T. ) ;
#1008 = DIRECTION ( 'NONE',  ( -0.000000000000000000, 1.000000000000000000, -0.000000000000000000 ) ) ;
#1009 = ORIENTED_EDGE ( 'NONE', *, *, #476, .T. ) ;
#1010 = DIRECTION ( 'NONE',  ( 1.000000000000000000, -3.543264972207945357E-15, -1.227650459922047927E-16 ) ) ;
#1011 = CARTESIAN_POINT ( 'NONE',  ( -45.49999999999854339, -3.000000000000000000, -957.5000000000057980 ) ) ;
#1012 = PRESENTATION_STYLE_ASSIGNMENT (( #1412 ) ) ;
#1013 = ORIENTED_EDGE ( 'NONE', *, *, #4410, .F. ) ;
#1014 = AXIS2_PLACEMENT_3D ( 'NONE', #5077, #2141, #3845 ) ;
#1015 = AXIS2_PLACEMENT_3D ( 'NONE', #3738, #4570, #2864 ) ;
#1017 = ORIENTED_EDGE ( 'NONE', *, *, #5253, .T. ) ;
#1016 = DIRECTION ( 'NONE',  ( 0.000000000000000000, -7.228014483236689653E-17, -1.000000000000000000 ) ) ;
#1018 = CARTESIAN_POINT ( 'NONE',  ( 45.49999999999923261, 0.000000000000000000, -860.0000000000089813 ) ) ;
#1019 = EDGE_CURVE ( 'NONE', #2980, #2606, #757, .T. ) ;
#1020 = AXIS2_PLACEMENT_3D ( 'NONE', #4796, #198, #1510 ) ;
#1021 =( GEOMETRIC_REPRESENTATION_CONTEXT ( 3 ) GLOBAL_UNCERTAINTY_ASSIGNED_CONTEXT ( ( #582 ) ) GLOBAL_UNIT_ASSIGNED_CONTEXT ( ( #1328, #58, #2605 ) ) REPRESENTATION_CONTEXT ( 'NONE', 'WORKASPACE' ) );
#1022 = CARTESIAN_POINT ( 'NONE',  ( -60.00000000000099476, 26.75000000000019540, -2034.999999999999318 ) ) ;
#1023 = SURFACE_STYLE_USAGE ( .BOTH. , #2165 ) ;
#1024 = ORIENTED_EDGE ( 'NONE', *, *, #789, .T. ) ;
#1025 = FILL_AREA_STYLE_COLOUR ( '', #1831 ) ;
#1026 = VERTEX_POINT ( 'NONE', #2254 ) ;
#1027 = ADVANCED_FACE ( 'NONE', ( #2707 ), #4457, .T. ) ;
#1028 = UNCERTAINTY_MEASURE_WITH_UNIT (LENGTH_MEASURE( 1.000000000000000082E-05 ), #4259, 'distance_accuracy_value', 'NONE');
#1029 = PRESENTATION_LAYER_ASSIGNMENT (  '', '', ( #497 ) ) ;
#1031 = EDGE_LOOP ( 'NONE', ( #3675, #520, #4025, #127 ) ) ;
#1030 = DIRECTION ( 'NONE',  ( 0.000000000000000000, 0.000000000000000000, 1.000000000000000000 ) ) ;
#1032 = VERTEX_POINT ( 'NONE', #2464 ) ;
#1033 = DIRECTION ( 'NONE',  ( -0.000000000000000000, 1.000000000000000000, -0.000000000000000000 ) ) ;
#1034 = EDGE_CURVE ( 'NONE', #4442, #153, #363, .T. ) ;
#1035 = DIRECTION ( 'NONE',  ( -3.469446951953613400E-15, 1.000000000000000000, 0.000000000000000000 ) ) ;
#1036 = CYLINDRICAL_SURFACE ( 'NONE', #3767, 2.499999999999946709 ) ;
#1037 = CARTESIAN_POINT ( 'NONE',  ( -45.50000000000062528, -3.000000000000000000, -900.0000000000077307 ) ) ;
#1038 = CARTESIAN_POINT ( 'NONE',  ( -45.50000000000020606, -3.000000000000000000, -1120.000000000000455 ) ) ;
#1039 = EDGE_LOOP ( 'NONE', ( #5209, #4467 ) ) ;
#1040 = DIRECTION ( 'NONE',  ( 0.000000000000000000, 0.000000000000000000, 1.000000000000000000 ) ) ;
#1041 = DIRECTION ( 'NONE',  ( 1.000000000000000000, -3.491481338843133355E-15, -1.218537466052001177E-16 ) ) ;
#1042 = CARTESIAN_POINT ( 'NONE',  ( 57.00000000000009237, 33.25000000000022737, -1.386721022564399915E-14 ) ) ;
#1043 = FACE_BOUND ( 'NONE', #5388, .T. ) ;
#1044 = ORIENTED_EDGE ( 'NONE', *, *, #1598, .F. ) ;
#1046 = ORIENTED_EDGE ( 'NONE', *, *, #3214, .F. ) ;
#1045 = PLANE ( 'NONE',  #1293 ) ;
#1047 = SURFACE_STYLE_USAGE ( .BOTH. , #4828 ) ;
#1048 = COLOUR_RGB ( '',0.5294117647058823595, 0.5490196078431373028, 0.5490196078431373028 ) ;
#1049 = FACE_OUTER_BOUND ( 'NONE', #4613, .T. ) ;
#1050 = VECTOR ( 'NONE', #790, 1000.000000000000000 ) ;
#1051 = CYLINDRICAL_SURFACE ( 'NONE', #1072, 2.499999999999946709 ) ;
#1052 = ORIENTED_EDGE ( 'NONE', *, *, #4548, .T. ) ;
#1053 = DIRECTION ( 'NONE',  ( -1.218537466052001177E-16, 4.317601120785083971E-31, -1.000000000000000000 ) ) ;
#1054 = ORIENTED_EDGE ( 'NONE', *, *, #4801, .F. ) ;
#1055 = DIRECTION ( 'NONE',  ( 0.000000000000000000, 0.000000000000000000, 1.000000000000000000 ) ) ;
#1056 = STYLED_ITEM ( 'NONE', ( #1949 ), #3814 ) ;
#1057 = EDGE_CURVE ( 'NONE', #3125, #153, #1102, .T. ) ;
#1058 = ORIENTED_EDGE ( 'NONE', *, *, #1932, .T. ) ;
#1059 = COLOUR_RGB ( '',0.5294117647058823595, 0.5490196078431373028, 0.5490196078431373028 ) ;
#1060 = ORIENTED_EDGE ( 'NONE', *, *, #2421, .F. ) ;
#1061 = DIRECTION ( 'NONE',  ( 1.000000000000000000, -3.543264972207945357E-15, -1.227650459922047927E-16 ) ) ;
#1062 = FACE_OUTER_BOUND ( 'NONE', #3119, .T. ) ;
#1063 = ADVANCED_FACE ( 'NONE', ( #4206 ), #2409, .F. ) ;
#1064 =( NAMED_UNIT ( * ) PLANE_ANGLE_UNIT ( ) SI_UNIT ( $, .RADIAN. ) );
#1065 = CARTESIAN_POINT ( 'NONE',  ( 45.49999999999923261, -1.040949779275264931E-16, -800.0000000000109139 ) ) ;
#1066 = CARTESIAN_POINT ( 'NONE',  ( -54.00000000000002132, 3.000000000000210054, 2050.000000000000000 ) ) ;
#1067 = CARTESIAN_POINT ( 'NONE',  ( 60.00000000000022027, -2.230703423490069371E-13, 2050.000000000000000 ) ) ;
#1068 = ORIENTED_EDGE ( 'NONE', *, *, #426, .F. ) ;
#1069 = DIRECTION ( 'NONE',  ( -4.270088556250621618E-15, -1.000000000000000000, 0.000000000000000000 ) ) ;
#1070 = DIRECTION ( 'NONE',  ( 0.000000000000000000, 0.000000000000000000, 1.000000000000000000 ) ) ;
#1071 = EDGE_CURVE ( 'NONE', #2066, #1479, #5023, .T. ) ;
#1072 = AXIS2_PLACEMENT_3D ( 'NONE', #5064, #3379, #3783 ) ;
#1073 = DIRECTION ( 'NONE',  ( 0.000000000000000000, 0.000000000000000000, -1.000000000000000000 ) ) ;
#1074 = FACE_BOUND ( 'NONE', #4489, .T. ) ;
#1075 = ORIENTED_EDGE ( 'NONE', *, *, #2671, .T. ) ;
#1076 = CARTESIAN_POINT ( 'NONE',  ( -45.50000000000041211, -1.040949779275264931E-16, -1137.500000000000000 ) ) ;
#1078 = ORIENTED_EDGE ( 'NONE', *, *, #3787, .F. ) ;
#1077 = FACE_OUTER_BOUND ( 'NONE', #3413, .T. ) ;
#1079 =( LENGTH_UNIT ( ) NAMED_UNIT ( * ) SI_UNIT ( .MILLI., .METRE. ) );
#1080 = STYLED_ITEM ( 'NONE', ( #2121 ), #5056 ) ;
#1081 = DIRECTION ( 'NONE',  ( -0.000000000000000000, 1.000000000000000000, -0.000000000000000000 ) ) ;
#1082 = DIRECTION ( 'NONE',  ( 1.000000000000000000, -3.543264972207945357E-15, -1.227650459922047927E-16 ) ) ;
#1083 = ORIENTED_EDGE ( 'NONE', *, *, #3584, .T. ) ;
#1084 =( LENGTH_UNIT ( ) NAMED_UNIT ( * ) SI_UNIT ( .MILLI., .METRE. ) );
#1085 = ORIENTED_EDGE ( 'NONE', *, *, #3047, .F. ) ;
#1086 = CARTESIAN_POINT ( 'NONE',  ( 60.00000000000004974, 33.24999999999977263, -349.9999999999996589 ) ) ;
#1087 =( GEOMETRIC_REPRESENTATION_CONTEXT ( 3 ) GLOBAL_UNCERTAINTY_ASSIGNED_CONTEXT ( ( #4440 ) ) GLOBAL_UNIT_ASSIGNED_CONTEXT ( ( #1079, #1882, #1997 ) ) REPRESENTATION_CONTEXT ( 'NONE', 'WORKASPACE' ) );
#1089 = EDGE_LOOP ( 'NONE', ( #5421, #2000, #1952, #1334 ) ) ;
#1088 = DIRECTION ( 'NONE',  ( 0.000000000000000000, -1.000000000000000000, 0.000000000000000000 ) ) ;
#1090 =( GEOMETRIC_REPRESENTATION_CONTEXT ( 3 ) GLOBAL_UNCERTAINTY_ASSIGNED_CONTEXT ( ( #2330 ) ) GLOBAL_UNIT_ASSIGNED_CONTEXT ( ( #3512, #934, #1379 ) ) REPRESENTATION_CONTEXT ( 'NONE', 'WORKASPACE' ) );
#1091 =( LENGTH_UNIT ( ) NAMED_UNIT ( * ) SI_UNIT ( .MILLI., .METRE. ) );
#1092 = DIRECTION ( 'NONE',  ( -0.000000000000000000, 1.000000000000000000, -0.000000000000000000 ) ) ;
#1093 = EDGE_CURVE ( 'NONE', #553, #3805, #2877, .T. ) ;
#1094 = AXIS2_PLACEMENT_3D ( 'NONE', #5162, #14, #46 ) ;
#1095 = CARTESIAN_POINT ( 'NONE',  ( -45.49999999999874944, -1.040949779275264931E-16, -980.0000000000051159 ) ) ;
#1096 = FACE_BOUND ( 'NONE', #1472, .T. ) ;
#1097 = VERTEX_POINT ( 'NONE', #3374 ) ;
#1098 = DIRECTION ( 'NONE',  ( 0.000000000000000000, -1.000000000000000000, 0.000000000000000000 ) ) ;
#1099 = AXIS2_PLACEMENT_3D ( 'NONE', #2399, #4101, #2087 ) ;
#1100 = EDGE_CURVE ( 'NONE', #4842, #1898, #3065, .T. ) ;
#1101 = AXIS2_PLACEMENT_3D ( 'NONE', #2806, #3680, #1550 ) ;
#1102 = LINE ( 'NONE', #4178, #2367 ) ;
#1103 = FACE_BOUND ( 'NONE', #3651, .T. ) ;
#1104 = DIRECTION ( 'NONE',  ( -0.000000000000000000, 1.000000000000000000, -0.000000000000000000 ) ) ;
#1105 =( LENGTH_UNIT ( ) NAMED_UNIT ( * ) SI_UNIT ( .MILLI., .METRE. ) );
#1106 = DIRECTION ( 'NONE',  ( 0.000000000000000000, 0.000000000000000000, 1.000000000000000000 ) ) ;
#1107 = AXIS2_PLACEMENT_3D ( 'NONE', #2929, #4618, #4109 ) ;
#1108 = EDGE_CURVE ( 'NONE', #1251, #2055, #694, .T. ) ;
#1109 = DIRECTION ( 'NONE',  ( -0.000000000000000000, 1.000000000000000000, -0.000000000000000000 ) ) ;
#1110 = MECHANICAL_DESIGN_GEOMETRIC_PRESENTATION_REPRESENTATION (  '', ( #1287 ), #568 ) ;
#1111 = VECTOR ( 'NONE', #703, 1000.000000000000000 ) ;
#1112 = DIRECTION ( 'NONE',  ( 0.000000000000000000, 0.000000000000000000, -1.000000000000000000 ) ) ;
#1113 = ORIENTED_EDGE ( 'NONE', *, *, #384, .T. ) ;
#1114 = CARTESIAN_POINT ( 'NONE',  ( 45.49999999999945999, 0.000000000000000000, -1140.000000000000000 ) ) ;
#1115 = EDGE_LOOP ( 'NONE', ( #639, #2079, #1052, #3115 ) ) ;
#1116 = LINE ( 'NONE', #4902, #4404 ) ;
#1117 = AXIS2_PLACEMENT_3D ( 'NONE', #2246, #4416, #72 ) ;
#1119 = ORIENTED_EDGE ( 'NONE', *, *, #5474, .F. ) ;
#1118 = LINE ( 'NONE', #1427, #2061 ) ;
#1120 = CIRCLE ( 'NONE', #3078, 2.499999999999946709 ) ;
#1121 = PRESENTATION_LAYER_ASSIGNMENT (  '', '', ( #3275 ) ) ;
#1122 = APPLICATION_CONTEXT ( 'automotive_design' ) ;
#1123 = DIRECTION ( 'NONE',  ( -0.000000000000000000, 1.000000000000000000, -0.000000000000000000 ) ) ;
#1124 = CARTESIAN_POINT ( 'NONE',  ( -60.00000000000079581, 26.75000000000022382, -349.9999999999996589 ) ) ;
#1125 = AXIS2_PLACEMENT_3D ( 'NONE', #1870, #5226, #1069 ) ;
#1126 =( NAMED_UNIT ( * ) SI_UNIT ( $, .STERADIAN. ) SOLID_ANGLE_UNIT ( ) );
#1127 = EDGE_CURVE ( 'NONE', #702, #2655, #2982, .T. ) ;
#1128 = CARTESIAN_POINT ( 'NONE',  ( -60.00000000000098765, 30.00000000000021316, -2034.999999999999318 ) ) ;
#1129 = DIRECTION ( 'NONE',  ( -3.543264972207944962E-15, -1.000000000000000000, 0.000000000000000000 ) ) ;
#1130 = ORIENTED_EDGE ( 'NONE', *, *, #5288, .T. ) ;
#1131 = CIRCLE ( 'NONE', #1306, 2.499999999999946709 ) ;
#1132 = FILL_AREA_STYLE_COLOUR ( '', #213 ) ;
#1133 = EDGE_CURVE ( 'NONE', #645, #3396, #3521, .T. ) ;
#1134 = DIRECTION ( 'NONE',  ( 0.000000000000000000, 0.000000000000000000, -1.000000000000000000 ) ) ;
#1135 =( NAMED_UNIT ( * ) SI_UNIT ( $, .STERADIAN. ) SOLID_ANGLE_UNIT ( ) );
#1136 = DIRECTION ( 'NONE',  ( -0.000000000000000000, 1.000000000000000000, -0.000000000000000000 ) ) ;
#1137 = DIRECTION ( 'NONE',  ( 0.000000000000000000, -1.000000000000000000, 0.000000000000000000 ) ) ;
#1138 = ADVANCED_FACE ( 'NONE', ( #799 ), #1569, .F. ) ;
#1139 = LINE ( 'NONE', #2445, #2072 ) ;
#1140 = VERTEX_POINT ( 'NONE', #1692 ) ;
#1141 = CARTESIAN_POINT ( 'NONE',  ( -45.50000000000020606, -1.040949779275264931E-16, -1122.500000000000455 ) ) ;
#1142 = CIRCLE ( 'NONE', #705, 2.499999999999946709 ) ;
#1143 = DIRECTION ( 'NONE',  ( 0.000000000000000000, -1.000000000000000000, 0.000000000000000000 ) ) ;
#1144 = AXIS2_PLACEMENT_3D ( 'NONE', #4905, #1088, #1888 ) ;
#1145 = UNCERTAINTY_MEASURE_WITH_UNIT (LENGTH_MEASURE( 1.000000000000000082E-05 ), #48, 'distance_accuracy_value', 'NONE');
#1147 = ORIENTED_EDGE ( 'NONE', *, *, #2110, .T. ) ;
#1146 = DIRECTION ( 'NONE',  ( 0.000000000000000000, 0.000000000000000000, -1.000000000000000000 ) ) ;
#1148 = DIRECTION ( 'NONE',  ( 1.000000000000000000, -3.543264972207945357E-15, 0.000000000000000000 ) ) ;
#1149 = DIRECTION ( 'NONE',  ( 0.000000000000000000, 0.000000000000000000, 1.000000000000000000 ) ) ;
#1150 = CARTESIAN_POINT ( 'NONE',  ( 60.00000000000027001, 33.24999999999977263, 1450.000000000000227 ) ) ;
#1151 = CARTESIAN_POINT ( 'NONE',  ( 45.49999999999923261, 0.000000000000000000, -917.5000000000070486 ) ) ;
#1152 = ORIENTED_EDGE ( 'NONE', *, *, #2448, .T. ) ;
#1153 = ORIENTED_EDGE ( 'NONE', *, *, #5179, .F. ) ;
#1154 = FACE_OUTER_BOUND ( 'NONE', #27, .T. ) ;
#1155 = COLOUR_RGB ( '',0.5294117647058823595, 0.5490196078431373028, 0.5490196078431373028 ) ;
#1156 = DIRECTION ( 'NONE',  ( 0.000000000000000000, 0.000000000000000000, -1.000000000000000000 ) ) ;
#1157 = CARTESIAN_POINT ( 'NONE',  ( 59.99999999999985079, 37.00000000000009237, -2049.999999999999091 ) ) ;
#1158 = PRESENTATION_LAYER_ASSIGNMENT (  '', '', ( #4125 ) ) ;
#1159 = DIRECTION ( 'NONE',  ( 4.270088556250575075E-15, 1.000000000000000000, 0.000000000000000000 ) ) ;
#1160 = PRESENTATION_STYLE_ASSIGNMENT (( #391 ) ) ;
#1161 = EDGE_CURVE ( 'NONE', #5310, #3186, #3886, .T. ) ;
#1162 = AXIS2_PLACEMENT_3D ( 'NONE', #3881, #1876, #82 ) ;
#1163 =( NAMED_UNIT ( * ) SI_UNIT ( $, .STERADIAN. ) SOLID_ANGLE_UNIT ( ) );
#1164 = VERTEX_POINT ( 'NONE', #4271 ) ;
#1165 =( NAMED_UNIT ( * ) PLANE_ANGLE_UNIT ( ) SI_UNIT ( $, .RADIAN. ) );
#1166 = ORIENTED_EDGE ( 'NONE', *, *, #3008, .F. ) ;
#1167 = AXIS2_PLACEMENT_3D ( 'NONE', #808, #441, #3804 ) ;
#1168 = ORIENTED_EDGE ( 'NONE', *, *, #4157, .T. ) ;
#1169 = DIRECTION ( 'NONE',  ( 4.270088556250616885E-15, 1.000000000000000000, 0.000000000000000000 ) ) ;
#1170 = EDGE_CURVE ( 'NONE', #3017, #785, #762, .T. ) ;
#1171 = PRESENTATION_LAYER_ASSIGNMENT (  '', '', ( #1896 ) ) ;
#1173 = ORIENTED_EDGE ( 'NONE', *, *, #5410, .F. ) ;
#1172 = CARTESIAN_POINT ( 'NONE',  ( 45.50000000000029132, 0.000000000000000000, -1057.500000000002501 ) ) ;
#1174 = PRESENTATION_LAYER_ASSIGNMENT (  '', '', ( #1812 ) ) ;
#1175 = MECHANICAL_DESIGN_GEOMETRIC_PRESENTATION_REPRESENTATION (  '', ( #4382 ), #5458 ) ;
#1176 = PRESENTATION_STYLE_ASSIGNMENT (( #1205 ) ) ;
#1177 = EDGE_CURVE ( 'NONE', #40, #65, #3311, .T. ) ;
#1178 = DIRECTION ( 'NONE',  ( 0.000000000000000000, 0.000000000000000000, -1.000000000000000000 ) ) ;
#1179 = CARTESIAN_POINT ( 'NONE',  ( 45.49999999999923261, 0.000000000000000000, -880.0000000000082991 ) ) ;
#1180 = DIRECTION ( 'NONE',  ( -1.000000000000000000, -3.541727096785830610E-15, 0.000000000000000000 ) ) ;
#1181 = CYLINDRICAL_SURFACE ( 'NONE', #1805, 2.499999999999946709 ) ;
#1182 = VERTEX_POINT ( 'NONE', #1423 ) ;
#1183 = ORIENTED_EDGE ( 'NONE', *, *, #2608, .F. ) ;
#1184 =( LENGTH_UNIT ( ) NAMED_UNIT ( * ) SI_UNIT ( .MILLI., .METRE. ) );
#1185 = SURFACE_STYLE_USAGE ( .BOTH. , #852 ) ;
#1186 = PRESENTATION_LAYER_ASSIGNMENT (  '', '', ( #4218 ) ) ;
#1187 = SURFACE_STYLE_FILL_AREA ( #3797 ) ;
#1188 = CYLINDRICAL_SURFACE ( 'NONE', #4035, 2.499999999999946709 ) ;
#1189 =( LENGTH_UNIT ( ) NAMED_UNIT ( * ) SI_UNIT ( .MILLI., .METRE. ) );
#1190 = AXIS2_PLACEMENT_3D ( 'NONE', #2450, #3307, #1169 ) ;
#1191 = CARTESIAN_POINT ( 'NONE',  ( -45.49999999999854339, 0.000000000000000000, -960.0000000000056843 ) ) ;
#1192 = CARTESIAN_POINT ( 'NONE',  ( -56.99999999999993605, 47.00000000000001421, 2050.000000000000000 ) ) ;
#1193 = ORIENTED_EDGE ( 'NONE', *, *, #3527, .T. ) ;
#1194 = FACE_OUTER_BOUND ( 'NONE', #4430, .T. ) ;
#1195 = CIRCLE ( 'NONE', #3622, 3.000000000000252687 ) ;
#1196 = EDGE_CURVE ( 'NONE', #3966, #3209, #4502, .T. ) ;
#1197 = ORIENTED_EDGE ( 'NONE', *, *, #290, .T. ) ;
#1198 = ORIENTED_EDGE ( 'NONE', *, *, #993, .F. ) ;
#1199 = PRESENTATION_LAYER_ASSIGNMENT (  '', '', ( #837 ) ) ;
#1201 = ORIENTED_EDGE ( 'NONE', *, *, #4622, .F. ) ;
#1200 = DIRECTION ( 'NONE',  ( -0.000000000000000000, 1.000000000000000000, -0.000000000000000000 ) ) ;
#1202 = ADVANCED_FACE ( 'NONE', ( #3555 ), #1854, .F. ) ;
#1203 = STYLED_ITEM ( 'NONE', ( #4401 ), #2258 ) ;
#1204 = MECHANICAL_DESIGN_GEOMETRIC_PRESENTATION_REPRESENTATION (  '', ( #490 ), #2726 ) ;
#1205 = SURFACE_STYLE_USAGE ( .BOTH. , #1555 ) ;
#1206 = VECTOR ( 'NONE', #4831, 1000.000000000000000 ) ;
#1207 =( LENGTH_UNIT ( ) NAMED_UNIT ( * ) SI_UNIT ( .MILLI., .METRE. ) );
#1208 = DIRECTION ( 'NONE',  ( 1.000000000000000000, -3.543264972207945357E-15, -1.227650459922047927E-16 ) ) ;
#1209 = EDGE_CURVE ( 'NONE', #5128, #447, #5208, .T. ) ;
#1210 = DIRECTION ( 'NONE',  ( -0.000000000000000000, 7.228014483236689653E-17, 1.000000000000000000 ) ) ;
#1211 =( NAMED_UNIT ( * ) PLANE_ANGLE_UNIT ( ) SI_UNIT ( $, .RADIAN. ) );
#1212 = ORIENTED_EDGE ( 'NONE', *, *, #4723, .F. ) ;
#1213 = ORIENTED_EDGE ( 'NONE', *, *, #1365, .T. ) ;
#1214 = DIRECTION ( 'NONE',  ( -0.000000000000000000, 1.000000000000000000, -0.000000000000000000 ) ) ;
#1215 = CIRCLE ( 'NONE', #1586, 2.499999999999946709 ) ;
#1216 = CARTESIAN_POINT ( 'NONE',  ( -45.50000000000062528, 0.000000000000000000, -1159.999999999999318 ) ) ;
#1217 = CARTESIAN_POINT ( 'NONE',  ( 45.50000000000049027, 0.000000000000000000, -1040.000000000003183 ) ) ;
#1218 = CARTESIAN_POINT ( 'NONE',  ( 45.50000000000092371, -1.040949779275264931E-16, -1000.000000000004434 ) ) ;
#1219 = CARTESIAN_POINT ( 'NONE',  ( -45.50000000000062528, 0.000000000000000000, -820.0000000000102318 ) ) ;
#1220 = LINE ( 'NONE', #1192, #731 ) ;
#1221 = ORIENTED_EDGE ( 'NONE', *, *, #4647, .F. ) ;
#1222 = SURFACE_STYLE_FILL_AREA ( #4627 ) ;
#1223 = ORIENTED_EDGE ( 'NONE', *, *, #2719, .T. ) ;
#1224 = ORIENTED_EDGE ( 'NONE', *, *, #3601, .F. ) ;
#1225 = ADVANCED_FACE ( 'NONE', ( #118 ), #972, .T. ) ;
#1227 = VERTEX_POINT ( 'NONE', #3093 ) ;
#1226 = FACE_OUTER_BOUND ( 'NONE', #3265, .T. ) ;
#1228 = DIRECTION ( 'NONE',  ( 0.000000000000000000, 0.000000000000000000, 1.000000000000000000 ) ) ;
#1229 = CIRCLE ( 'NONE', #1969, 2.499999999999946709 ) ;
#1230 = EDGE_CURVE ( 'NONE', #3723, #2360, #3070, .T. ) ;
#1231 = CARTESIAN_POINT ( 'NONE',  ( -45.49999999999874944, -3.000000000000000000, -980.0000000000051159 ) ) ;
#1232 = DIRECTION ( 'NONE',  ( 0.000000000000000000, -1.000000000000000000, 0.000000000000000000 ) ) ;
#1233 = CARTESIAN_POINT ( 'NONE',  ( -45.49999999999895550, -1.040949779275264931E-16, -1000.000000000004434 ) ) ;
#1234 = AXIS2_PLACEMENT_3D ( 'NONE', #6, #2063, #1149 ) ;
#1235 = ORIENTED_EDGE ( 'NONE', *, *, #2942, .F. ) ;
#1236 = VERTEX_POINT ( 'NONE', #2161 ) ;
#1237 = DIRECTION ( 'NONE',  ( 0.000000000000000000, 0.000000000000000000, 1.000000000000000000 ) ) ;
#1238 = EDGE_CURVE ( 'NONE', #4572, #5239, #3468, .T. ) ;
#1239 =( GEOMETRIC_REPRESENTATION_CONTEXT ( 3 ) GLOBAL_UNCERTAINTY_ASSIGNED_CONTEXT ( ( #2890 ) ) GLOBAL_UNIT_ASSIGNED_CONTEXT ( ( #4036, #5273, #269 ) ) REPRESENTATION_CONTEXT ( 'NONE', 'WORKASPACE' ) );
#1240 = FACE_BOUND ( 'NONE', #1039, .T. ) ;
#1241 = ORIENTED_EDGE ( 'NONE', *, *, #1394, .T. ) ;
#1242 = DIRECTION ( 'NONE',  ( 1.000000000000000000, -3.543264972207945357E-15, -1.227650459922047927E-16 ) ) ;
#1243 = CIRCLE ( 'NONE', #3392, 2.499999999999946709 ) ;
#1244 =( NAMED_UNIT ( * ) PLANE_ANGLE_UNIT ( ) SI_UNIT ( $, .RADIAN. ) );
#1245 = EDGE_CURVE ( 'NONE', #2547, #1577, #233, .T. ) ;
#1246 = AXIS2_PLACEMENT_3D ( 'NONE', #1179, #791, #2968 ) ;
#1247 = DIRECTION ( 'NONE',  ( 0.000000000000000000, 0.000000000000000000, 1.000000000000000000 ) ) ;
#1248 = FACE_BOUND ( 'NONE', #4032, .T. ) ;
#1249 = EDGE_LOOP ( 'NONE', ( #2256, #2964, #1855, #1933 ) ) ;
#1250 = DIRECTION ( 'NONE',  ( -0.000000000000000000, 1.000000000000000000, -0.000000000000000000 ) ) ;
#1251 = VERTEX_POINT ( 'NONE', #2611 ) ;
#1252 = VECTOR ( 'NONE', #5360, 1000.000000000000000 ) ;
#1253 = UNCERTAINTY_MEASURE_WITH_UNIT (LENGTH_MEASURE( 1.000000000000000082E-05 ), #4721, 'distance_accuracy_value', 'NONE');
#1254 = CIRCLE ( 'NONE', #1162, 2.499999999999946709 ) ;
#1255 = ORIENTED_EDGE ( 'NONE', *, *, #1307, .T. ) ;
#1256 = CARTESIAN_POINT ( 'NONE',  ( 60.00000000000025580, 26.74999999999981526, 1549.999999999999773 ) ) ;
#1257 = AXIS2_PLACEMENT_3D ( 'NONE', #1218, #3375, #750 ) ;
#1258 = FILL_AREA_STYLE_COLOUR ( '', #4183 ) ;
#1259 = DIRECTION ( 'NONE',  ( 0.000000000000000000, 0.000000000000000000, 1.000000000000000000 ) ) ;
#1260 = CARTESIAN_POINT ( 'NONE',  ( -45.50000000000041211, -1.040949779275264931E-16, -1140.000000000000000 ) ) ;
#1261 = COLOUR_RGB ( '',0.5294117647058823595, 0.5490196078431373028, 0.5490196078431373028 ) ;
#1262 = CARTESIAN_POINT ( 'NONE',  ( -45.49999999999958078, 0.000000000000000000, -1060.000000000002501 ) ) ;
#1263 = ORIENTED_EDGE ( 'NONE', *, *, #5410, .T. ) ;
#1264 = DIRECTION ( 'NONE',  ( 0.000000000000000000, 0.000000000000000000, 1.000000000000000000 ) ) ;
#1265 = EDGE_CURVE ( 'NONE', #3837, #504, #5026, .T. ) ;
#1266 = DIRECTION ( 'NONE',  ( -0.000000000000000000, 1.000000000000000000, -0.000000000000000000 ) ) ;
#1267 = STYLED_ITEM ( 'NONE', ( #1160 ), #121 ) ;
#1268 = DIRECTION ( 'NONE',  ( -1.000000000000000000, -3.543264972207944962E-15, 1.218537466052001177E-16 ) ) ;
#1269 = EDGE_LOOP ( 'NONE', ( #4413, #3073, #1458, #2130 ) ) ;
#1270 = CARTESIAN_POINT ( 'NONE',  ( 60.00000000000034817, 37.00000000000000000, 2050.000000000000000 ) ) ;
#1271 = EDGE_CURVE ( 'NONE', #745, #3049, #4589, .T. ) ;
#1272 =( GEOMETRIC_REPRESENTATION_CONTEXT ( 3 ) GLOBAL_UNCERTAINTY_ASSIGNED_CONTEXT ( ( #5272 ) ) GLOBAL_UNIT_ASSIGNED_CONTEXT ( ( #902, #5137, #2222 ) ) REPRESENTATION_CONTEXT ( 'NONE', 'WORKASPACE' ) );
#1273 = FILL_AREA_STYLE_COLOUR ( '', #3452 ) ;
#1274 = ORIENTED_EDGE ( 'NONE', *, *, #3420, .T. ) ;
#1275 = CYLINDRICAL_SURFACE ( 'NONE', #5488, 2.499999999999946709 ) ;
#1276 = ADVANCED_FACE ( 'NONE', ( #67 ), #1745, .T. ) ;
#1277 = SURFACE_SIDE_STYLE ('',( #4709 ) ) ;
#1278 = ORIENTED_EDGE ( 'NONE', *, *, #2580, .F. ) ;
#1279 = STYLED_ITEM ( 'NONE', ( #4246 ), #621 ) ;
#1280 = CIRCLE ( 'NONE', #5192, 3.249999999999985345 ) ;
#1282 = EDGE_LOOP ( 'NONE', ( #2153, #200 ) ) ;
#1281 = CARTESIAN_POINT ( 'NONE',  ( -45.49999999999979394, -1.040949779275264931E-16, -1077.500000000001819 ) ) ;
#1283 = DIRECTION ( 'NONE',  ( 0.000000000000000000, 0.000000000000000000, -1.000000000000000000 ) ) ;
#1285 = ORIENTED_EDGE ( 'NONE', *, *, #5373, .F. ) ;
#1284 = LINE ( 'NONE', #2218, #1700 ) ;
#1286 = DIRECTION ( 'NONE',  ( -0.000000000000000000, 1.000000000000000000, -0.000000000000000000 ) ) ;
#1287 = STYLED_ITEM ( 'NONE', ( #4731 ), #2177 ) ;
#1288 = AXIS2_PLACEMENT_3D ( 'NONE', #3442, #2632, #4379 ) ;
#1289 = FACE_OUTER_BOUND ( 'NONE', #2321, .T. ) ;
#1290 = PRESENTATION_STYLE_ASSIGNMENT (( #1748 ) ) ;
#1291 = ORIENTED_EDGE ( 'NONE', *, *, #4772, .T. ) ;
#1292 = DIRECTION ( 'NONE',  ( 4.270088556250575075E-15, 1.000000000000000000, 0.000000000000000000 ) ) ;
#1293 = AXIS2_PLACEMENT_3D ( 'NONE', #3582, #4893, #4087 ) ;
#1294 = LINE ( 'NONE', #3001, #1694 ) ;
#1295 = DIRECTION ( 'NONE',  ( 4.270088556250612152E-15, 1.000000000000000000, 0.000000000000000000 ) ) ;
#1296 = CARTESIAN_POINT ( 'NONE',  ( -60.00000000000054712, 33.25000000000019895, 1450.000000000000227 ) ) ;
#1297 = STYLED_ITEM ( 'NONE', ( #3457 ), #1755 ) ;
#1298 = AXIS2_PLACEMENT_3D ( 'NONE', #970, #116, #2683 ) ;
#1299 = AXIS2_PLACEMENT_3D ( 'NONE', #3171, #256, #1098 ) ;
#1300 = EDGE_CURVE ( 'NONE', #57, #5067, #2215, .T. ) ;
#1301 = FACE_BOUND ( 'NONE', #7, .T. ) ;
#1302 = VERTEX_POINT ( 'NONE', #3912 ) ;
#1303 = CARTESIAN_POINT ( 'NONE',  ( -45.50000000000062528, 0.000000000000000000, -920.0000000000070486 ) ) ;
#1304 = DIRECTION ( 'NONE',  ( 0.000000000000000000, 0.000000000000000000, 1.000000000000000000 ) ) ;
#1305 = ORIENTED_EDGE ( 'NONE', *, *, #4948, .F. ) ;
#1306 = AXIS2_PLACEMENT_3D ( 'NONE', #1962, #719, #2408 ) ;
#1307 = EDGE_CURVE ( 'NONE', #5477, #2522, #1548, .T. ) ;
#1308 = ORIENTED_EDGE ( 'NONE', *, *, #3527, .F. ) ;
#1309 = CARTESIAN_POINT ( 'NONE',  ( -54.00000000000002132, 2.999999999999913847, -2049.999999999999545 ) ) ;
#1310 = DIRECTION ( 'NONE',  ( 0.000000000000000000, -1.000000000000000000, 0.000000000000000000 ) ) ;
#1311 = UNCERTAINTY_MEASURE_WITH_UNIT (LENGTH_MEASURE( 1.000000000000000082E-05 ), #4895, 'distance_accuracy_value', 'NONE');
#1312 =( NAMED_UNIT ( * ) PLANE_ANGLE_UNIT ( ) SI_UNIT ( $, .RADIAN. ) );
#1313 = CARTESIAN_POINT ( 'NONE',  ( 45.49999999999923261, 0.000000000000000000, -940.0000000000063665 ) ) ;
#1314 = EDGE_LOOP ( 'NONE', ( #2940, #4929, #948, #1221 ) ) ;
#1315 = DIRECTION ( 'NONE',  ( 0.000000000000000000, 0.000000000000000000, -1.000000000000000000 ) ) ;
#1316 = DIRECTION ( 'NONE',  ( 0.000000000000000000, 0.000000000000000000, 1.000000000000000000 ) ) ;
#1317 = AXIS2_PLACEMENT_3D ( 'NONE', #69, #1772, #3471 ) ;
#1318 =( NAMED_UNIT ( * ) PLANE_ANGLE_UNIT ( ) SI_UNIT ( $, .RADIAN. ) );
#1319 = DIRECTION ( 'NONE',  ( 1.000000000000000000, -3.543264972207945357E-15, -1.227650459922047927E-16 ) ) ;
#1320 = FACE_OUTER_BOUND ( 'NONE', #254, .T. ) ;
#1321 = CARTESIAN_POINT ( 'NONE',  ( 45.49999999999925393, -1.040949779275264931E-16, -1162.499999999999091 ) ) ;
#1322 = DIRECTION ( 'NONE',  ( 0.000000000000000000, 0.000000000000000000, 1.000000000000000000 ) ) ;
#1323 = CIRCLE ( 'NONE', #4447, 2.499999999999946709 ) ;
#1324 = SURFACE_STYLE_FILL_AREA ( #2677 ) ;
#1325 = VECTOR ( 'NONE', #2431, 1000.000000000000000 ) ;
#1326 = CARTESIAN_POINT ( 'NONE',  ( -45.49999999999854339, -3.000000000000000000, -960.0000000000056843 ) ) ;
#1327 = ORIENTED_EDGE ( 'NONE', *, *, #3140, .T. ) ;
#1328 =( LENGTH_UNIT ( ) NAMED_UNIT ( * ) SI_UNIT ( .MILLI., .METRE. ) );
#1329 = DIRECTION ( 'NONE',  ( -0.000000000000000000, 1.000000000000000000, -0.000000000000000000 ) ) ;
#1330 = EDGE_CURVE ( 'NONE', #4572, #30, #2192, .T. ) ;
#1331 =( GEOMETRIC_REPRESENTATION_CONTEXT ( 3 ) GLOBAL_UNCERTAINTY_ASSIGNED_CONTEXT ( ( #4168 ) ) GLOBAL_UNIT_ASSIGNED_CONTEXT ( ( #5222, #4361, #3898 ) ) REPRESENTATION_CONTEXT ( 'NONE', 'WORKASPACE' ) );
#1332 = VERTEX_POINT ( 'NONE', #3589 ) ;
#1333 = CARTESIAN_POINT ( 'NONE',  ( -45.50000000000041211, -1.040949779275264931E-16, -1140.000000000000000 ) ) ;
#1334 = ORIENTED_EDGE ( 'NONE', *, *, #2704, .T. ) ;
#1335 = STYLED_ITEM ( 'NONE', ( #2416 ), #4615 ) ;
#1336 = EDGE_CURVE ( 'NONE', #542, #1332, #570, .T. ) ;
#1338 = VERTEX_POINT ( 'NONE', #1141 ) ;
#1337 = DIRECTION ( 'NONE',  ( -0.000000000000000000, 1.000000000000000000, -0.000000000000000000 ) ) ;
#1339 = DIRECTION ( 'NONE',  ( -4.270088556250579808E-15, -1.000000000000000000, 0.000000000000000000 ) ) ;
#1340 = EDGE_LOOP ( 'NONE', ( #2692, #3023, #3098, #1726 ) ) ;
#1341 = CARTESIAN_POINT ( 'NONE',  ( -57.00000000000027001, 3.000000000000198952, 2050.000000000000000 ) ) ;
#1342 = ADVANCED_FACE ( 'NONE', ( #3676 ), #2804, .F. ) ;
#1343 = AXIS2_PLACEMENT_3D ( 'NONE', #688, #4104, #4046 ) ;
#1344 = FILL_AREA_STYLE ('',( #3476 ) ) ;
#1345 = CIRCLE ( 'NONE', #380, 2.499999999999946709 ) ;
#1346 = DIRECTION ( 'NONE',  ( 0.000000000000000000, 0.000000000000000000, 1.000000000000000000 ) ) ;
#1347 = DIRECTION ( 'NONE',  ( 0.000000000000000000, -1.000000000000000000, 0.000000000000000000 ) ) ;
#1348 = FACE_OUTER_BOUND ( 'NONE', #5470, .T. ) ;
#1349 = DIRECTION ( 'NONE',  ( 3.543264972207945357E-15, 1.000000000000000000, -1.734723475976818188E-16 ) ) ;
#1350 = CARTESIAN_POINT ( 'NONE',  ( -45.50000000000000000, -1.040949779275264931E-16, -1097.500000000001364 ) ) ;
#1351 = COLOUR_RGB ( '',0.5294117647058823595, 0.5490196078431373028, 0.5490196078431373028 ) ;
#1352 = CYLINDRICAL_SURFACE ( 'NONE', #867, 2.499999999999946709 ) ;
#1353 = COLOUR_RGB ( '',0.5294117647058823595, 0.5490196078431373028, 0.5490196078431373028 ) ;
#1354 = FACE_OUTER_BOUND ( 'NONE', #1562, .T. ) ;
#1355 = EDGE_LOOP ( 'NONE', ( #4494, #847, #3203, #4474 ) ) ;
#1356 = ORIENTED_EDGE ( 'NONE', *, *, #297, .F. ) ;
#1357 = UNCERTAINTY_MEASURE_WITH_UNIT (LENGTH_MEASURE( 1.000000000000000082E-05 ), #4126, 'distance_accuracy_value', 'NONE');
#1358 = DIRECTION ( 'NONE',  ( -0.000000000000000000, 1.000000000000000000, -0.000000000000000000 ) ) ;
#1359 = EDGE_CURVE ( 'NONE', #1687, #3248, #1936, .T. ) ;
#1360 = ORIENTED_EDGE ( 'NONE', *, *, #1827, .F. ) ;
#1361 = CIRCLE ( 'NONE', #2184, 3.249999999999988898 ) ;
#1362 = VERTEX_POINT ( 'NONE', #644 ) ;
#1363 =( NAMED_UNIT ( * ) PLANE_ANGLE_UNIT ( ) SI_UNIT ( $, .RADIAN. ) );
#1364 = VECTOR ( 'NONE', #675, 1000.000000000000000 ) ;
#1365 = EDGE_CURVE ( 'NONE', #2, #3100, #4069, .T. ) ;
#1367 = ORIENTED_EDGE ( 'NONE', *, *, #2077, .F. ) ;
#1366 = SURFACE_STYLE_USAGE ( .BOTH. , #2243 ) ;
#1368 = CARTESIAN_POINT ( 'NONE',  ( -60.00000000000054712, 33.25000000000019895, 1450.000000000000227 ) ) ;
#1369 = VERTEX_POINT ( 'NONE', #3999 ) ;
#1370 = CARTESIAN_POINT ( 'NONE',  ( 45.49999999999965894, -1.040949779275264931E-16, -1120.000000000000455 ) ) ;
#1371 = AXIS2_PLACEMENT_3D ( 'NONE', #3240, #2679, #4369 ) ;
#1372 = ADVANCED_FACE ( 'NONE', ( #264 ), #5304, .F. ) ;
#1373 = DIRECTION ( 'NONE',  ( -0.000000000000000000, 1.000000000000000000, -0.000000000000000000 ) ) ;
#1374 = CARTESIAN_POINT ( 'NONE',  ( -45.50000000000000000, -3.000000000000000000, -1097.500000000001364 ) ) ;
#1375 = LINE ( 'NONE', #3984, #3113 ) ;
#1376 = FILL_AREA_STYLE_COLOUR ( '', #4132 ) ;
#1377 = EDGE_LOOP ( 'NONE', ( #1744, #4628, #2116, #2476 ) ) ;
#1378 = PLANE ( 'NONE',  #4418 ) ;
#1379 =( NAMED_UNIT ( * ) SI_UNIT ( $, .STERADIAN. ) SOLID_ANGLE_UNIT ( ) );
#1380 = CARTESIAN_POINT ( 'NONE',  ( 45.49999999999923261, 0.000000000000000000, -900.0000000000077307 ) ) ;
#1381 = AXIS2_PLACEMENT_3D ( 'NONE', #1219, #829, #3799 ) ;
#1382 = PRESENTATION_STYLE_ASSIGNMENT (( #111 ) ) ;
#1383 = ORIENTED_EDGE ( 'NONE', *, *, #216, .F. ) ;
#1384 = DIRECTION ( 'NONE',  ( -0.000000000000000000, 1.000000000000000000, -0.000000000000000000 ) ) ;
#1385 =( NAMED_UNIT ( * ) PLANE_ANGLE_UNIT ( ) SI_UNIT ( $, .RADIAN. ) );
#1386 = ORIENTED_EDGE ( 'NONE', *, *, #937, .T. ) ;
#1387 = AXIS2_PLACEMENT_3D ( 'NONE', #4425, #2819, #5285 ) ;
#1388 = DIRECTION ( 'NONE',  ( -1.000000000000000000, 0.000000000000000000, 0.000000000000000000 ) ) ;
#1389 = ORIENTED_EDGE ( 'NONE', *, *, #3824, .F. ) ;
#1390 = VECTOR ( 'NONE', #3239, 1000.000000000000000 ) ;
#1391 = DIRECTION ( 'NONE',  ( 3.543264972207945357E-15, 1.000000000000000000, -1.734723475976818188E-16 ) ) ;
#1392 = ORIENTED_EDGE ( 'NONE', *, *, #5174, .T. ) ;
#1393 =( LENGTH_UNIT ( ) NAMED_UNIT ( * ) SI_UNIT ( .MILLI., .METRE. ) );
#1394 = EDGE_CURVE ( 'NONE', #2349, #4776, #611, .T. ) ;
#1396 = ORIENTED_EDGE ( 'NONE', *, *, #2657, .T. ) ;
#1395 = PRESENTATION_STYLE_ASSIGNMENT (( #1366 ) ) ;
#1397 =( NAMED_UNIT ( * ) SI_UNIT ( $, .STERADIAN. ) SOLID_ANGLE_UNIT ( ) );
#1398 = VERTEX_POINT ( 'NONE', #1943 ) ;
#1399 = DIRECTION ( 'NONE',  ( 0.000000000000000000, 0.000000000000000000, -1.000000000000000000 ) ) ;
#1400 = CARTESIAN_POINT ( 'NONE',  ( -59.99999999999992895, 47.00000000000000000, 2050.000000000000000 ) ) ;
#1401 = ADVANCED_FACE ( 'NONE', ( #174 ), #578, .F. ) ;
#1402 = PRESENTATION_STYLE_ASSIGNMENT (( #1864 ) ) ;
#1403 = DIRECTION ( 'NONE',  ( 1.000000000000000000, -3.543264972207944173E-15, -1.218537466052005861E-16 ) ) ;
#1404 = DIRECTION ( 'NONE',  ( -0.000000000000000000, 1.000000000000000000, -0.000000000000000000 ) ) ;
#1405 = STYLED_ITEM ( 'NONE', ( #1402 ), #3385 ) ;
#1406 = VERTEX_POINT ( 'NONE', #2523 ) ;
#1407 = CARTESIAN_POINT ( 'NONE',  ( -60.00000000000079581, 26.75000000000022382, -349.9999999999996589 ) ) ;
#1408 = FACE_OUTER_BOUND ( 'NONE', #2433, .T. ) ;
#1409 = EDGE_CURVE ( 'NONE', #1789, #532, #3439, .T. ) ;
#1410 = STYLED_ITEM ( 'NONE', ( #1395 ), #3751 ) ;
#1411 = DIRECTION ( 'NONE',  ( -1.000000000000000000, -3.543264972207944962E-15, 1.218537466052001177E-16 ) ) ;
#1412 = SURFACE_STYLE_USAGE ( .BOTH. , #1539 ) ;
#1413 = SURFACE_STYLE_USAGE ( .BOTH. , #2132 ) ;
#1414 = CARTESIAN_POINT ( 'NONE',  ( -45.50000000000000000, -1.040949779275264931E-16, -1102.500000000001137 ) ) ;
#1415 = EDGE_LOOP ( 'NONE', ( #371, #580, #4638, #3683 ) ) ;
#1417 = ORIENTED_EDGE ( 'NONE', *, *, #5505, .F. ) ;
#1416 =( LENGTH_UNIT ( ) NAMED_UNIT ( * ) SI_UNIT ( .MILLI., .METRE. ) );
#1418 = EDGE_LOOP ( 'NONE', ( #2186, #3548, #3411, #2127 ) ) ;
#1419 = ADVANCED_FACE ( 'NONE', ( #1194 ), #3806, .T. ) ;
#1420 = FACE_OUTER_BOUND ( 'NONE', #2060, .T. ) ;
#1421 =( NAMED_UNIT ( * ) SI_UNIT ( $, .STERADIAN. ) SOLID_ANGLE_UNIT ( ) );
#1422 = ORIENTED_EDGE ( 'NONE', *, *, #2048, .T. ) ;
#1423 = CARTESIAN_POINT ( 'NONE',  ( 59.99999999999985079, 33.24999999999982236, -1934.999999999999545 ) ) ;
#1424 = VERTEX_POINT ( 'NONE', #5523 ) ;
#1425 = AXIS2_PLACEMENT_3D ( 'NONE', #2339, #2458, #3602 ) ;
#1426 = UNCERTAINTY_MEASURE_WITH_UNIT (LENGTH_MEASURE( 1.000000000000000082E-05 ), #3516, 'distance_accuracy_value', 'NONE');
#1428 = EDGE_LOOP ( 'NONE', ( #710, #1168, #5060, #4135 ) ) ;
#1427 = CARTESIAN_POINT ( 'NONE',  ( -45.50000000000062528, 0.000000000000000000, -797.5000000000110276 ) ) ;
#1429 = SURFACE_SIDE_STYLE ('',( #2302 ) ) ;
#1430 = ORIENTED_EDGE ( 'NONE', *, *, #5288, .F. ) ;
#1431 = CARTESIAN_POINT ( 'NONE',  ( -60.00000000000097344, 33.25000000000022737, -2034.999999999999318 ) ) ;
#1432 =( NAMED_UNIT ( * ) SI_UNIT ( $, .STERADIAN. ) SOLID_ANGLE_UNIT ( ) );
#1433 = CIRCLE ( 'NONE', #4549, 2.499999999999946709 ) ;
#1434 = DIRECTION ( 'NONE',  ( -0.000000000000000000, 1.000000000000000000, -0.000000000000000000 ) ) ;
#1435 = DIRECTION ( 'NONE',  ( 0.000000000000000000, -1.000000000000000000, 0.000000000000000000 ) ) ;
#1436 = ADVANCED_FACE ( 'NONE', ( #729 ), #1713, .F. ) ;
#1437 = VECTOR ( 'NONE', #4429, 1000.000000000000000 ) ;
#1438 = DIRECTION ( 'NONE',  ( 0.000000000000000000, 0.000000000000000000, 1.000000000000000000 ) ) ;
#1439 = ORIENTED_EDGE ( 'NONE', *, *, #899, .T. ) ;
#1440 = DIRECTION ( 'NONE',  ( 0.000000000000000000, 0.000000000000000000, 1.000000000000000000 ) ) ;
#1441 = PRESENTATION_STYLE_ASSIGNMENT (( #5255 ) ) ;
#1442 = CIRCLE ( 'NONE', #1634, 2.499999999999946709 ) ;
#1443 =( NAMED_UNIT ( * ) PLANE_ANGLE_UNIT ( ) SI_UNIT ( $, .RADIAN. ) );
#1444 = ADVANCED_FACE ( 'NONE', ( #2911 ), #1604, .F. ) ;
#1445 = DIRECTION ( 'NONE',  ( -0.000000000000000000, 1.000000000000000000, -0.000000000000000000 ) ) ;
#1446 = CARTESIAN_POINT ( 'NONE',  ( -60.00000000000097344, 33.25000000000022737, -2034.999999999999318 ) ) ;
#1447 = VERTEX_POINT ( 'NONE', #5447 ) ;
#1448 = SURFACE_SIDE_STYLE ('',( #5233 ) ) ;
#1449 = AXIS2_PLACEMENT_3D ( 'NONE', #2879, #1654, #779 ) ;
#1450 =( NAMED_UNIT ( * ) PLANE_ANGLE_UNIT ( ) SI_UNIT ( $, .RADIAN. ) );
#1451 = AXIS2_PLACEMENT_3D ( 'NONE', #2065, #454, #1339 ) ;
#1452 = CIRCLE ( 'NONE', #4564, 6.000000000000252243 ) ;
#1453 = DIRECTION ( 'NONE',  ( 0.000000000000000000, 0.000000000000000000, 1.000000000000000000 ) ) ;
#1454 = EDGE_CURVE ( 'NONE', #4845, #4798, #5015, .T. ) ;
#1455 = DIRECTION ( 'NONE',  ( 0.000000000000000000, 0.000000000000000000, 1.000000000000000000 ) ) ;
#1456 = EDGE_LOOP ( 'NONE', ( #3771, #4960 ) ) ;
#1457 = DIRECTION ( 'NONE',  ( -0.000000000000000000, 1.000000000000000000, -0.000000000000000000 ) ) ;
#1458 = ORIENTED_EDGE ( 'NONE', *, *, #5505, .T. ) ;
#1459 = AXIS2_PLACEMENT_3D ( 'NONE', #361, #2461, #718 ) ;
#1460 = STYLED_ITEM ( 'NONE', ( #2169 ), #365 ) ;
#1462 = ORIENTED_EDGE ( 'NONE', *, *, #838, .T. ) ;
#1461 = SURFACE_STYLE_USAGE ( .BOTH. , #4005 ) ;
#1463 = ORIENTED_EDGE ( 'NONE', *, *, #832, .F. ) ;
#1464 =( NAMED_UNIT ( * ) PLANE_ANGLE_UNIT ( ) SI_UNIT ( $, .RADIAN. ) );
#1465 = CARTESIAN_POINT ( 'NONE',  ( 60.00000000000027001, 29.99999999999980460, 1549.999999999999773 ) ) ;
#1466 = CIRCLE ( 'NONE', #5101, 3.250000000000016875 ) ;
#1467 = CYLINDRICAL_SURFACE ( 'NONE', #1513, 2.499999999999946709 ) ;
#1468 = DIRECTION ( 'NONE',  ( -3.469446951953613400E-15, -1.000000000000000000, 0.000000000000000000 ) ) ;
#1469 = AXIS2_PLACEMENT_3D ( 'NONE', #2420, #4930, #733 ) ;
#1470 = CARTESIAN_POINT ( 'NONE',  ( -57.00000000000043343, 47.00000000000001421, -2039.999999999999545 ) ) ;
#1471 = DIRECTION ( 'NONE',  ( -0.000000000000000000, 1.000000000000000000, -0.000000000000000000 ) ) ;
#1472 = EDGE_LOOP ( 'NONE', ( #3556, #671, #2434, #4224 ) ) ;
#1473 = LINE ( 'NONE', #4886, #2839 ) ;
#1474 = CYLINDRICAL_SURFACE ( 'NONE', #390, 2.499999999999946709 ) ;
#1475 = PRODUCT_RELATED_PRODUCT_CATEGORY ( 'part', '', ( #4124 ) ) ;
#1476 = FILL_AREA_STYLE_COLOUR ( '', #3257 ) ;
#1477 = CYLINDRICAL_SURFACE ( 'NONE', #440, 2.499999999999946709 ) ;
#1478 = FACE_BOUND ( 'NONE', #2047, .T. ) ;
#1479 = VERTEX_POINT ( 'NONE', #835 ) ;
#1480 = AXIS2_PLACEMENT_3D ( 'NONE', #1750, #5054, #5136 ) ;
#1481 = CARTESIAN_POINT ( 'NONE',  ( 60.00000000000024158, 26.74999999999979750, 1450.000000000000227 ) ) ;
#1482 =( GEOMETRIC_REPRESENTATION_CONTEXT ( 3 ) GLOBAL_UNCERTAINTY_ASSIGNED_CONTEXT ( ( #4384 ) ) GLOBAL_UNIT_ASSIGNED_CONTEXT ( ( #92, #5130, #996 ) ) REPRESENTATION_CONTEXT ( 'NONE', 'WORKASPACE' ) );
#1484 = EDGE_LOOP ( 'NONE', ( #3763, #1046 ) ) ;
#1483 =( NAMED_UNIT ( * ) PLANE_ANGLE_UNIT ( ) SI_UNIT ( $, .RADIAN. ) );
#1485 = EDGE_CURVE ( 'NONE', #1712, #4947, #142, .T. ) ;
#1486 = STYLED_ITEM ( 'NONE', ( #2325 ), #2793 ) ;
#1487 = PRESENTATION_LAYER_ASSIGNMENT (  '', '', ( #4072 ) ) ;
#1488 = DIRECTION ( 'NONE',  ( -1.000000000000000000, 3.543264972207944962E-15, 1.227650459922047927E-16 ) ) ;
#1489 = MANIFOLD_SOLID_BREP ( 'Verrundung1', #4042 ) ;
#1490 = ORIENTED_EDGE ( 'NONE', *, *, #5336, .T. ) ;
#1491 = ORIENTED_EDGE ( 'NONE', *, *, #4777, .T. ) ;
#1492 = SURFACE_STYLE_FILL_AREA ( #3095 ) ;
#1493 = EDGE_CURVE ( 'NONE', #5305, #2898, #1660, .T. ) ;
#1494 = COLOUR_RGB ( '',0.5294117647058823595, 0.5490196078431373028, 0.5490196078431373028 ) ;
#1496 = ORIENTED_EDGE ( 'NONE', *, *, #1019, .F. ) ;
#1495 = CARTESIAN_POINT ( 'NONE',  ( 45.49999999999923261, 0.000000000000000000, -920.0000000000070486 ) ) ;
#1497 = ORIENTED_EDGE ( 'NONE', *, *, #4247, .F. ) ;
#1498 = CARTESIAN_POINT ( 'NONE',  ( 45.49999999999987210, -1.040949779275264931E-16, -1097.500000000001364 ) ) ;
#1499 = LINE ( 'NONE', #4881, #4632 ) ;
#1500 = FACE_BOUND ( 'NONE', #535, .T. ) ;
#1501 = DIRECTION ( 'NONE',  ( 1.000000000000000000, -3.543264972207945357E-15, -1.227650459922047927E-16 ) ) ;
#1502 = ORIENTED_EDGE ( 'NONE', *, *, #2229, .T. ) ;
#1503 = CARTESIAN_POINT ( 'NONE',  ( -60.00000000000099476, 26.75000000000019540, -2034.999999999999318 ) ) ;
#1504 = CARTESIAN_POINT ( 'NONE',  ( 45.49999999999923261, -3.000000000000000000, -900.0000000000077307 ) ) ;
#1505 = CARTESIAN_POINT ( 'NONE',  ( 45.49999999999923261, -1.040949779275264931E-16, -917.5000000000070486 ) ) ;
#1506 = LINE ( 'NONE', #1042, #4928 ) ;
#1507 = FACE_BOUND ( 'NONE', #4240, .T. ) ;
#1508 = ORIENTED_EDGE ( 'NONE', *, *, #1071, .T. ) ;
#1509 = CARTESIAN_POINT ( 'NONE',  ( -45.49999999999916866, -3.000000000000000000, -1020.000000000003752 ) ) ;
#1511 = ORIENTED_EDGE ( 'NONE', *, *, #3117, .F. ) ;
#1510 = DIRECTION ( 'NONE',  ( 0.000000000000000000, 0.000000000000000000, -1.000000000000000000 ) ) ;
#1512 = DIRECTION ( 'NONE',  ( 1.000000000000000000, -3.543264972207945357E-15, -1.227650459922047927E-16 ) ) ;
#1513 = AXIS2_PLACEMENT_3D ( 'NONE', #250, #655, #5347 ) ;
#1514 = FACE_OUTER_BOUND ( 'NONE', #1269, .T. ) ;
#1515 = EDGE_LOOP ( 'NONE', ( #4491, #811 ) ) ;
#1516 = SURFACE_STYLE_FILL_AREA ( #2418 ) ;
#1517 = ADVANCED_FACE ( 'NONE', ( #28 ), #3012, .F. ) ;
#1518 = ORIENTED_EDGE ( 'NONE', *, *, #1359, .F. ) ;
#1519 = CARTESIAN_POINT ( 'NONE',  ( -45.49999999999854339, -3.000000000000000000, -960.0000000000056843 ) ) ;
#1520 = AXIS2_PLACEMENT_3D ( 'NONE', #786, #1200, #4993 ) ;
#1522 = VERTEX_POINT ( 'NONE', #2181 ) ;
#1521 = CARTESIAN_POINT ( 'NONE',  ( -57.00000000000014921, 26.75000000000021316, -349.9999999999996589 ) ) ;
#1523 = ADVANCED_FACE ( 'NONE', ( #443 ), #1275, .F. ) ;
#1524 = PRODUCT_CONTEXT ( 'NONE', #1006, 'mechanical' ) ;
#1525 = AXIS2_PLACEMENT_3D ( 'NONE', #4852, #4883, #715 ) ;
#1526 = ORIENTED_EDGE ( 'NONE', *, *, #3459, .F. ) ;
#1527 = LINE ( 'NONE', #2009, #2283 ) ;
#1528 =( GEOMETRIC_REPRESENTATION_CONTEXT ( 3 ) GLOBAL_UNCERTAINTY_ASSIGNED_CONTEXT ( ( #3834 ) ) GLOBAL_UNIT_ASSIGNED_CONTEXT ( ( #2366, #4851, #4102 ) ) REPRESENTATION_CONTEXT ( 'NONE', 'WORKASPACE' ) );
#1529 = DIRECTION ( 'NONE',  ( 0.000000000000000000, 0.000000000000000000, 1.000000000000000000 ) ) ;
#1530 = EDGE_CURVE ( 'NONE', #335, #4134, #4681, .T. ) ;
#1531 = CARTESIAN_POINT ( 'NONE',  ( 57.00000000000026290, 29.99999999999980105, 1450.000000000000227 ) ) ;
#1532 = DIRECTION ( 'NONE',  ( 0.000000000000000000, 0.000000000000000000, 1.000000000000000000 ) ) ;
#1533 = ORIENTED_EDGE ( 'NONE', *, *, #4175, .F. ) ;
#1534 = FILL_AREA_STYLE_COLOUR ( '', #3360 ) ;
#1535 = PRESENTATION_LAYER_ASSIGNMENT (  '', '', ( #5072 ) ) ;
#1536 = CYLINDRICAL_SURFACE ( 'NONE', #5181, 2.499999999999946709 ) ;
#1537 = VECTOR ( 'NONE', #5415, 1000.000000000000000 ) ;
#1538 = CARTESIAN_POINT ( 'NONE',  ( 59.99999999999973710, 3.000000000000262457, -2049.999999999999545 ) ) ;
#1539 = SURFACE_SIDE_STYLE ('',( #538 ) ) ;
#1540 = CARTESIAN_POINT ( 'NONE',  ( -45.49999999999895550, 0.000000000000000000, -1000.000000000004434 ) ) ;
#1541 = VERTEX_POINT ( 'NONE', #4264 ) ;
#1542 = ORIENTED_EDGE ( 'NONE', *, *, #2428, .F. ) ;
#1543 = CIRCLE ( 'NONE', #16, 2.499999999999946709 ) ;
#1544 = CYLINDRICAL_SURFACE ( 'NONE', #5316, 2.499999999999946709 ) ;
#1545 = AXIS2_PLACEMENT_3D ( 'NONE', #1313, #951, #4281 ) ;
#1546 = FACE_OUTER_BOUND ( 'NONE', #1249, .T. ) ;
#1547 = ORIENTED_EDGE ( 'NONE', *, *, #1790, .T. ) ;
#1548 = LINE ( 'NONE', #4094, #2027 ) ;
#1549 = ORIENTED_EDGE ( 'NONE', *, *, #1834, .T. ) ;
#1550 = DIRECTION ( 'NONE',  ( 0.000000000000000000, 0.000000000000000000, 1.000000000000000000 ) ) ;
#1551 = AXIS2_PLACEMENT_3D ( 'NONE', #5467, #342, #2976 ) ;
#1552 = UNCERTAINTY_MEASURE_WITH_UNIT (LENGTH_MEASURE( 1.000000000000000082E-05 ), #496, 'distance_accuracy_value', 'NONE');
#1553 = ORIENTED_EDGE ( 'NONE', *, *, #4020, .T. ) ;
#1554 = LINE ( 'NONE', #3255, #62 ) ;
#1555 = SURFACE_SIDE_STYLE ('',( #3285 ) ) ;
#1556 = STYLED_ITEM ( 'NONE', ( #2068 ), #337 ) ;
#1557 = ADVANCED_FACE ( 'NONE', ( #5329 ), #5294, .F. ) ;
#1558 = DIRECTION ( 'NONE',  ( 1.000000000000000000, 3.543264972207944962E-15, -1.218537466052001177E-16 ) ) ;
#1559 = DIRECTION ( 'NONE',  ( 0.000000000000000000, -1.000000000000000000, 0.000000000000000000 ) ) ;
#1560 = DIRECTION ( 'NONE',  ( 1.000000000000000000, 3.543264972207944962E-15, -1.218537466052001177E-16 ) ) ;
#1561 = CARTESIAN_POINT ( 'NONE',  ( -59.99999999999977263, 3.000000000000103029, 2050.000000000000000 ) ) ;
#1562 = EDGE_LOOP ( 'NONE', ( #5525, #5028, #2269, #573 ) ) ;
#1563 = ORIENTED_EDGE ( 'NONE', *, *, #2012, .T. ) ;
#1564 = VECTOR ( 'NONE', #1585, 1000.000000000000000 ) ;
#1565 = CARTESIAN_POINT ( 'NONE',  ( 57.00000000000024869, 26.74999999999981171, 1450.000000000000227 ) ) ;
#1566 = ADVANCED_FACE ( 'NONE', ( #4055 ), #3208, .F. ) ;
#1567 = CIRCLE ( 'NONE', #2720, 2.499999999999946709 ) ;
#1568 = CARTESIAN_POINT ( 'NONE',  ( -45.50000000000062528, -3.000000000000000000, -1157.499999999999318 ) ) ;
#1569 = CYLINDRICAL_SURFACE ( 'NONE', #4156, 2.499999999999946709 ) ;
#1570 = FACE_BOUND ( 'NONE', #4321, .T. ) ;
#1571 = LINE ( 'NONE', #778, #1945 ) ;
#1572 = CARTESIAN_POINT ( 'NONE',  ( 45.50000000000049027, -3.000000000000000000, -1040.000000000003183 ) ) ;
#1573 = AXIS2_PLACEMENT_3D ( 'NONE', #4052, #634, #225 ) ;
#1574 = FACE_OUTER_BOUND ( 'NONE', #1582, .T. ) ;
#1575 = VECTOR ( 'NONE', #4819, 1000.000000000000000 ) ;
#1576 =( GEOMETRIC_REPRESENTATION_CONTEXT ( 3 ) GLOBAL_UNCERTAINTY_ASSIGNED_CONTEXT ( ( #528 ) ) GLOBAL_UNIT_ASSIGNED_CONTEXT ( ( #4898, #1165, #3831 ) ) REPRESENTATION_CONTEXT ( 'NONE', 'WORKASPACE' ) );
#1577 = VERTEX_POINT ( 'NONE', #1076 ) ;
#1578 = CARTESIAN_POINT ( 'NONE',  ( -45.50000000000000000, -3.000000000000000000, -1100.000000000001137 ) ) ;
#1579 = VECTOR ( 'NONE', #1016, 1000.000000000000000 ) ;
#1580 = COLOUR_RGB ( '',0.5294117647058823595, 0.5490196078431373028, 0.5490196078431373028 ) ;
#1582 = EDGE_LOOP ( 'NONE', ( #3408, #2194, #5274, #4288 ) ) ;
#1581 = CARTESIAN_POINT ( 'NONE',  ( -45.49999999999916866, 0.000000000000000000, -1017.500000000003865 ) ) ;
#1583 =( GEOMETRIC_REPRESENTATION_CONTEXT ( 3 ) GLOBAL_UNCERTAINTY_ASSIGNED_CONTEXT ( ( #3159 ) ) GLOBAL_UNIT_ASSIGNED_CONTEXT ( ( #1597, #341, #4563 ) ) REPRESENTATION_CONTEXT ( 'NONE', 'WORKASPACE' ) );
#1584 = DIRECTION ( 'NONE',  ( -0.000000000000000000, 1.000000000000000000, -0.000000000000000000 ) ) ;
#1585 = DIRECTION ( 'NONE',  ( -0.000000000000000000, 1.000000000000000000, -0.000000000000000000 ) ) ;
#1586 = AXIS2_PLACEMENT_3D ( 'NONE', #4649, #24, #781 ) ;
#1587 = CIRCLE ( 'NONE', #1125, 3.249999999999985345 ) ;
#1588 = CARTESIAN_POINT ( 'NONE',  ( -60.00000000000042633, 47.00000000000000000, -2039.999999999999545 ) ) ;
#1589 = DIRECTION ( 'NONE',  ( -0.000000000000000000, 1.000000000000000000, -0.000000000000000000 ) ) ;
#1590 = PLANE ( 'NONE',  #2770 ) ;
#1591 = ORIENTED_EDGE ( 'NONE', *, *, #5111, .F. ) ;
#1592 = ORIENTED_EDGE ( 'NONE', *, *, #4205, .T. ) ;
#1593 = EDGE_CURVE ( 'NONE', #5180, #689, #637, .T. ) ;
#1594 = DIRECTION ( 'NONE',  ( 0.000000000000000000, 0.000000000000000000, 1.000000000000000000 ) ) ;
#1595 = FACE_OUTER_BOUND ( 'NONE', #2235, .T. ) ;
#1596 = CARTESIAN_POINT ( 'NONE',  ( -53.99999999999977263, -3.387047586844715852E-13, -2049.999999999999545 ) ) ;
#1597 =( LENGTH_UNIT ( ) NAMED_UNIT ( * ) SI_UNIT ( .MILLI., .METRE. ) );
#1598 = EDGE_CURVE ( 'NONE', #179, #3100, #4111, .T. ) ;
#1599 = CARTESIAN_POINT ( 'NONE',  ( -60.00000000000042633, 47.00000000000000000, -2049.999999999999545 ) ) ;
#1600 = FACE_OUTER_BOUND ( 'NONE', #4873, .T. ) ;
#1601 =( NAMED_UNIT ( * ) PLANE_ANGLE_UNIT ( ) SI_UNIT ( $, .RADIAN. ) );
#1602 = DIRECTION ( 'NONE',  ( -0.000000000000000000, 1.000000000000000000, -0.000000000000000000 ) ) ;
#1603 = ORIENTED_EDGE ( 'NONE', *, *, #4097, .T. ) ;
#1604 = CYLINDRICAL_SURFACE ( 'NONE', #2555, 2.499999999999946709 ) ;
#1605 = EDGE_CURVE ( 'NONE', #3396, #645, #2733, .T. ) ;
#1606 = ORIENTED_EDGE ( 'NONE', *, *, #2210, .F. ) ;
#1607 = CIRCLE ( 'NONE', #3383, 2.499999999999946709 ) ;
#1608 = DIRECTION ( 'NONE',  ( 0.000000000000000000, 0.000000000000000000, -1.000000000000000000 ) ) ;
#1609 = AXIS2_PLACEMENT_3D ( 'NONE', #3340, #1670, #1696 ) ;
#1611 = VERTEX_POINT ( 'NONE', #1965 ) ;
#1610 = FACE_OUTER_BOUND ( 'NONE', #1314, .T. ) ;
#1612 = DIRECTION ( 'NONE',  ( 1.218537466052008819E-16, 2.081668171172176402E-16, 1.000000000000000000 ) ) ;
#1613 = MECHANICAL_DESIGN_GEOMETRIC_PRESENTATION_REPRESENTATION (  '', ( #1786 ), #887 ) ;
#1614 = CARTESIAN_POINT ( 'NONE',  ( 57.00000000000007105, 26.74999999999955946, -1.158604885473435425E-14 ) ) ;
#1615 = FACE_BOUND ( 'NONE', #3358, .T. ) ;
#1616 = CARTESIAN_POINT ( 'NONE',  ( -45.50000000000020606, -3.000000000000000000, -1120.000000000000455 ) ) ;
#1617 = DIRECTION ( 'NONE',  ( 0.000000000000000000, 0.000000000000000000, 1.000000000000000000 ) ) ;
#1618 = ORIENTED_EDGE ( 'NONE', *, *, #4903, .F. ) ;
#1619 = VERTEX_POINT ( 'NONE', #3116 ) ;
#1620 = EDGE_CURVE ( 'NONE', #3396, #2937, #2710, .T. ) ;
#1621 = CARTESIAN_POINT ( 'NONE',  ( -57.00000000000013500, 33.24999999999987921, 2.411688734892546129E-17 ) ) ;
#1622 = AXIS2_PLACEMENT_3D ( 'NONE', #994, #1286, #1455 ) ;
#1623 = SURFACE_STYLE_FILL_AREA ( #387 ) ;
#1624 = ORIENTED_EDGE ( 'NONE', *, *, #1245, .T. ) ;
#1625 = DIRECTION ( 'NONE',  ( -0.000000000000000000, 1.000000000000000000, -0.000000000000000000 ) ) ;
#1626 =( NAMED_UNIT ( * ) SI_UNIT ( $, .STERADIAN. ) SOLID_ANGLE_UNIT ( ) );
#1627 = MECHANICAL_DESIGN_GEOMETRIC_PRESENTATION_REPRESENTATION (  '', ( #13 ), #374 ) ;
#1628 = EDGE_CURVE ( 'NONE', #4842, #5201, #228, .T. ) ;
#1629 = DIRECTION ( 'NONE',  ( -0.000000000000000000, 1.000000000000000000, -0.000000000000000000 ) ) ;
#1630 =( NAMED_UNIT ( * ) SI_UNIT ( $, .STERADIAN. ) SOLID_ANGLE_UNIT ( ) );
#1631 = VERTEX_POINT ( 'NONE', #4863 ) ;
#1632 = CARTESIAN_POINT ( 'NONE',  ( -60.00000000000026290, -1.047444401652940007E-14, -2049.999999999999545 ) ) ;
#1633 = EDGE_LOOP ( 'NONE', ( #1152, #3278, #809, #324 ) ) ;
#1634 = AXIS2_PLACEMENT_3D ( 'NONE', #4532, #3662, #4884 ) ;
#1635 = EDGE_LOOP ( 'NONE', ( #2067, #1085, #4038, #4088 ) ) ;
#1636 = EDGE_CURVE ( 'NONE', #3966, #3474, #2768, .T. ) ;
#1638 = EDGE_LOOP ( 'NONE', ( #502, #499, #5225, #1603 ) ) ;
#1637 = CYLINDRICAL_SURFACE ( 'NONE', #1704, 2.499999999999946709 ) ;
#1639 = AXIS2_PLACEMENT_3D ( 'NONE', #5418, #5036, #4138 ) ;
#1640 = SURFACE_SIDE_STYLE ('',( #300 ) ) ;
#1641 = AXIS2_PLACEMENT_3D ( 'NONE', #2702, #4077, #2762 ) ;
#1642 = LINE ( 'NONE', #4219, #4971 ) ;
#1643 = CARTESIAN_POINT ( 'NONE',  ( 60.00000000000004974, 33.24999999999977263, -349.9999999999996589 ) ) ;
#1644 = CARTESIAN_POINT ( 'NONE',  ( 53.99999999999972999, -2.589074787895384588E-13, 2050.000000000000000 ) ) ;
#1645 = DIRECTION ( 'NONE',  ( -0.000000000000000000, 1.000000000000000000, -0.000000000000000000 ) ) ;
#1646 = ORIENTED_EDGE ( 'NONE', *, *, #5331, .F. ) ;
#1647 = ORIENTED_EDGE ( 'NONE', *, *, #2524, .F. ) ;
#1648 = DIRECTION ( 'NONE',  ( -0.000000000000000000, 1.000000000000000000, -0.000000000000000000 ) ) ;
#1649 = MECHANICAL_DESIGN_GEOMETRIC_PRESENTATION_REPRESENTATION (  '', ( #311 ), #3708 ) ;
#1650 = DIRECTION ( 'NONE',  ( -1.218537466051993782E-16, -2.081668171172174183E-16, -1.000000000000000000 ) ) ;
#1651 = DIRECTION ( 'NONE',  ( 0.000000000000000000, -1.000000000000000000, 0.000000000000000000 ) ) ;
#1652 = DIRECTION ( 'NONE',  ( 0.000000000000000000, 0.000000000000000000, 1.000000000000000000 ) ) ;
#1653 = CARTESIAN_POINT ( 'NONE',  ( -45.50000000000000000, 0.000000000000000000, -1102.500000000001137 ) ) ;
#1654 = DIRECTION ( 'NONE',  ( 0.000000000000000000, -1.000000000000000000, 0.000000000000000000 ) ) ;
#1655 = EDGE_CURVE ( 'NONE', #4371, #1097, #168, .T. ) ;
#1656 = AXIS2_PLACEMENT_3D ( 'NONE', #239, #4870, #3126 ) ;
#1657 =( NAMED_UNIT ( * ) PLANE_ANGLE_UNIT ( ) SI_UNIT ( $, .RADIAN. ) );
#1658 = FACE_BOUND ( 'NONE', #744, .T. ) ;
#1659 = ORIENTED_EDGE ( 'NONE', *, *, #3879, .T. ) ;
#1660 = LINE ( 'NONE', #4292, #55 ) ;
#1661 = ORIENTED_EDGE ( 'NONE', *, *, #827, .T. ) ;
#1662 = EDGE_CURVE ( 'NONE', #4047, #5234, #5262, .T. ) ;
#1663 = STYLED_ITEM ( 'NONE', ( #672 ), #1401 ) ;
#1665 = ORIENTED_EDGE ( 'NONE', *, *, #5049, .T. ) ;
#1664 = LINE ( 'NONE', #2963, #5151 ) ;
#1666 = VECTOR ( 'NONE', #2536, 1000.000000000000000 ) ;
#1667 = EDGE_CURVE ( 'NONE', #2360, #5293, #4826, .T. ) ;
#1668 =( GEOMETRIC_REPRESENTATION_CONTEXT ( 3 ) GLOBAL_UNCERTAINTY_ASSIGNED_CONTEXT ( ( #2841 ) ) GLOBAL_UNIT_ASSIGNED_CONTEXT ( ( #976, #1004, #2724 ) ) REPRESENTATION_CONTEXT ( 'NONE', 'WORKASPACE' ) );
#1669 = MECHANICAL_DESIGN_GEOMETRIC_PRESENTATION_REPRESENTATION (  '', ( #4079 ), #4936 ) ;
#1670 = DIRECTION ( 'NONE',  ( -0.000000000000000000, 1.000000000000000000, -0.000000000000000000 ) ) ;
#1671 = FILL_AREA_STYLE ('',( #2507 ) ) ;
#1672 = CARTESIAN_POINT ( 'NONE',  ( -60.00000000000076739, 30.00000000000023093, -249.9999999999999716 ) ) ;
#1673 = PRESENTATION_STYLE_ASSIGNMENT (( #3792 ) ) ;
#1674 = ORIENTED_EDGE ( 'NONE', *, *, #4676, .F. ) ;
#1675 = ORIENTED_EDGE ( 'NONE', *, *, #5174, .F. ) ;
#1676 = ADVANCED_FACE ( 'NONE', ( #603 ), #2319, .F. ) ;
#1677 = DIRECTION ( 'NONE',  ( 0.000000000000000000, 0.000000000000000000, -1.000000000000000000 ) ) ;
#1678 = VECTOR ( 'NONE', #1109, 1000.000000000000000 ) ;
#1679 = AXIS2_PLACEMENT_3D ( 'NONE', #4696, #1232, #875 ) ;
#1680 = COLOUR_RGB ( '',0.5294117647058823595, 0.5490196078431373028, 0.5490196078431373028 ) ;
#1681 =( NAMED_UNIT ( * ) SI_UNIT ( $, .STERADIAN. ) SOLID_ANGLE_UNIT ( ) );
#1682 = DIRECTION ( 'NONE',  ( -0.000000000000000000, 1.000000000000000000, -0.000000000000000000 ) ) ;
#1683 =( LENGTH_UNIT ( ) NAMED_UNIT ( * ) SI_UNIT ( .MILLI., .METRE. ) );
#1684 = CARTESIAN_POINT ( 'NONE',  ( -60.00000000000057554, 26.75000000000022382, 1450.000000000000227 ) ) ;
#1685 = FACE_OUTER_BOUND ( 'NONE', #5218, .T. ) ;
#1686 = ORIENTED_EDGE ( 'NONE', *, *, #3976, .T. ) ;
#1687 = VERTEX_POINT ( 'NONE', #2439 ) ;
#1688 = ORIENTED_EDGE ( 'NONE', *, *, #5089, .F. ) ;
#1689 = ADVANCED_FACE ( 'NONE', ( #4980 ), #4593, .F. ) ;
#1691 = ORIENTED_EDGE ( 'NONE', *, *, #3420, .F. ) ;
#1690 = DIRECTION ( 'NONE',  ( 0.000000000000000000, 0.000000000000000000, 1.000000000000000000 ) ) ;
#1692 = CARTESIAN_POINT ( 'NONE',  ( -53.99999999999977263, -2.999999999999999112, -2049.999999999999545 ) ) ;
#1693 = FACE_OUTER_BOUND ( 'NONE', #1115, .T. ) ;
#1694 = VECTOR ( 'NONE', #2540, 1000.000000000000000 ) ;
#1695 = EDGE_CURVE ( 'NONE', #5491, #2547, #1571, .T. ) ;
#1696 = DIRECTION ( 'NONE',  ( 0.000000000000000000, 0.000000000000000000, 1.000000000000000000 ) ) ;
#1697 = CARTESIAN_POINT ( 'NONE',  ( -45.49999999999874944, -1.040949779275264931E-16, -977.5000000000051159 ) ) ;
#1698 = DIRECTION ( 'NONE',  ( 0.000000000000000000, 0.000000000000000000, 1.000000000000000000 ) ) ;
#1699 = DIRECTION ( 'NONE',  ( 0.000000000000000000, 0.000000000000000000, 1.000000000000000000 ) ) ;
#1700 = VECTOR ( 'NONE', #922, 1000.000000000000000 ) ;
#1701 = EDGE_LOOP ( 'NONE', ( #1880, #1869 ) ) ;
#1702 = ORIENTED_EDGE ( 'NONE', *, *, #659, .F. ) ;
#1703 = DIRECTION ( 'NONE',  ( -0.000000000000000000, 1.000000000000000000, -0.000000000000000000 ) ) ;
#1704 = AXIS2_PLACEMENT_3D ( 'NONE', #3577, #2185, #1904 ) ;
#1705 = ADVANCED_FACE ( 'NONE', ( #3272 ), #5034, .F. ) ;
#1706 = DIRECTION ( 'NONE',  ( -0.000000000000000000, 1.000000000000000000, -0.000000000000000000 ) ) ;
#1707 = ORIENTED_EDGE ( 'NONE', *, *, #4091, .T. ) ;
#1708 = LINE ( 'NONE', #1270, #4685 ) ;
#1709 = CIRCLE ( 'NONE', #4121, 2.499999999999946709 ) ;
#1710 = LINE ( 'NONE', #4565, #2350 ) ;
#1711 = CARTESIAN_POINT ( 'NONE',  ( -45.50000000000062528, -3.000000000000000000, -817.5000000000103455 ) ) ;
#1712 = VERTEX_POINT ( 'NONE', #5416 ) ;
#1713 = PLANE ( 'NONE',  #2380 ) ;
#1714 = CARTESIAN_POINT ( 'NONE',  ( 45.49999999999965894, 0.000000000000000000, -1117.500000000000682 ) ) ;
#1715 = ORIENTED_EDGE ( 'NONE', *, *, #4715, .F. ) ;
#1716 = CIRCLE ( 'NONE', #5451, 3.000000000000252243 ) ;
#1718 = VERTEX_POINT ( 'NONE', #2518 ) ;
#1717 = FACE_OUTER_BOUND ( 'NONE', #1944, .T. ) ;
#1719 = LINE ( 'NONE', #3018, #3063 ) ;
#1720 = ADVANCED_FACE ( 'NONE', ( #722 ), #5466, .F. ) ;
#1721 = AXIS2_PLACEMENT_3D ( 'NONE', #3901, #2226, #3426 ) ;
#1722 = LINE ( 'NONE', #3553, #5358 ) ;
#1723 = DIRECTION ( 'NONE',  ( -0.000000000000000000, 1.000000000000000000, -0.000000000000000000 ) ) ;
#1724 = AXIS2_PLACEMENT_3D ( 'NONE', #821, #4153, #743 ) ;
#1725 =( NAMED_UNIT ( * ) SI_UNIT ( $, .STERADIAN. ) SOLID_ANGLE_UNIT ( ) );
#1726 = ORIENTED_EDGE ( 'NONE', *, *, #5074, .T. ) ;
#1727 = LINE ( 'NONE', #3298, #2554 ) ;
#1728 = DIRECTION ( 'NONE',  ( -4.270088556250579808E-15, -1.000000000000000000, 0.000000000000000000 ) ) ;
#1729 = EDGE_CURVE ( 'NONE', #3046, #4834, #3377, .T. ) ;
#1730 = LINE ( 'NONE', #826, #3466 ) ;
#1731 = CARTESIAN_POINT ( 'NONE',  ( 45.49999999999923261, 0.000000000000000000, -860.0000000000089813 ) ) ;
#1732 =( NAMED_UNIT ( * ) SI_UNIT ( $, .STERADIAN. ) SOLID_ANGLE_UNIT ( ) );
#1733 = VECTOR ( 'NONE', #4454, 1000.000000000000000 ) ;
#1734 = SURFACE_STYLE_USAGE ( .BOTH. , #462 ) ;
#1735 = ADVANCED_FACE ( 'NONE', ( #3323 ), #4180, .F. ) ;
#1736 = VECTOR ( 'NONE', #5005, 1000.000000000000000 ) ;
#1737 = DIRECTION ( 'NONE',  ( 1.218537466052008819E-16, 2.081668171172174183E-16, 1.000000000000000000 ) ) ;
#1738 = FACE_BOUND ( 'NONE', #952, .T. ) ;
#1739 = ORIENTED_EDGE ( 'NONE', *, *, #2140, .F. ) ;
#1740 = CARTESIAN_POINT ( 'NONE',  ( -45.50000000000062528, -1.040949779275264931E-16, -1159.999999999999318 ) ) ;
#1741 = VERTEX_POINT ( 'NONE', #5087 ) ;
#1742 = VECTOR ( 'NONE', #1092, 1000.000000000000000 ) ;
#1743 = CIRCLE ( 'NONE', #222, 2.499999999999946709 ) ;
#1744 = ORIENTED_EDGE ( 'NONE', *, *, #1530, .F. ) ;
#1745 = PLANE ( 'NONE',  #669 ) ;
#1746 = CARTESIAN_POINT ( 'NONE',  ( 60.00000000000005684, 33.24999999999979394, -250.0000000000000000 ) ) ;
#1747 = VECTOR ( 'NONE', #3865, 1000.000000000000000 ) ;
#1748 = SURFACE_STYLE_USAGE ( .BOTH. , #3872 ) ;
#1749 = ORIENTED_EDGE ( 'NONE', *, *, #234, .T. ) ;
#1750 = CARTESIAN_POINT ( 'NONE',  ( 60.00000000000025580, 29.99999999999978684, 1450.000000000000227 ) ) ;
#1751 = AXIS2_PLACEMENT_3D ( 'NONE', #1572, #848, #5079 ) ;
#1752 = COLOUR_RGB ( '',0.5294117647058823595, 0.5490196078431373028, 0.5490196078431373028 ) ;
#1753 = DIRECTION ( 'NONE',  ( 0.000000000000000000, -1.000000000000000000, -9.448706592554520425E-15 ) ) ;
#1754 = DIRECTION ( 'NONE',  ( 0.000000000000000000, 0.000000000000000000, 1.000000000000000000 ) ) ;
#1755 = ADVANCED_FACE ( 'NONE', ( #3482 ), #907, .F. ) ;
#1756 = SURFACE_STYLE_USAGE ( .BOTH. , #3951 ) ;
#1757 = AXIS2_PLACEMENT_3D ( 'NONE', #4501, #3227, #247 ) ;
#1758 = MECHANICAL_DESIGN_GEOMETRIC_PRESENTATION_REPRESENTATION (  '', ( #4242 ), #772 ) ;
#1759 = MECHANICAL_DESIGN_GEOMETRIC_PRESENTATION_REPRESENTATION (  '', ( #497 ), #2918 ) ;
#1760 = EDGE_CURVE ( 'NONE', #3843, #1447, #1708, .T. ) ;
#1761 = LINE ( 'NONE', #4370, #2957 ) ;
#1762 = ORIENTED_EDGE ( 'NONE', *, *, #1196, .T. ) ;
#1763 = LINE ( 'NONE', #3463, #4426 ) ;
#1764 = ORIENTED_EDGE ( 'NONE', *, *, #59, .F. ) ;
#1765 = AXIS2_PLACEMENT_3D ( 'NONE', #310, #2021, #2795 ) ;
#1766 = UNCERTAINTY_MEASURE_WITH_UNIT (LENGTH_MEASURE( 1.000000000000000082E-05 ), #349, 'distance_accuracy_value', 'NONE');
#1767 = EDGE_CURVE ( 'NONE', #923, #1032, #5317, .T. ) ;
#1769 = ORIENTED_EDGE ( 'NONE', *, *, #5359, .T. ) ;
#1768 = CARTESIAN_POINT ( 'NONE',  ( -45.50000000000062528, -3.000000000000000000, -917.5000000000070486 ) ) ;
#1770 = SURFACE_SIDE_STYLE ('',( #2990 ) ) ;
#1771 = UNCERTAINTY_MEASURE_WITH_UNIT (LENGTH_MEASURE( 1.000000000000000082E-05 ), #1683, 'distance_accuracy_value', 'NONE');
#1773 = ORIENTED_EDGE ( 'NONE', *, *, #3042, .T. ) ;
#1772 = DIRECTION ( 'NONE',  ( 0.000000000000000000, -1.000000000000000000, 0.000000000000000000 ) ) ;
#1774 = ORIENTED_EDGE ( 'NONE', *, *, #262, .F. ) ;
#1775 = LINE ( 'NONE', #3595, #4236 ) ;
#1776 = MECHANICAL_DESIGN_GEOMETRIC_PRESENTATION_REPRESENTATION (  '', ( #2414 ), #3910 ) ;
#1777 =( NAMED_UNIT ( * ) SI_UNIT ( $, .STERADIAN. ) SOLID_ANGLE_UNIT ( ) );
#1778 = CARTESIAN_POINT ( 'NONE',  ( 56.99999999999982947, 26.74999999999977973, -2034.999999999999318 ) ) ;
#1779 = DIRECTION ( 'NONE',  ( -0.000000000000000000, 1.000000000000000000, -0.000000000000000000 ) ) ;
#1780 = DIRECTION ( 'NONE',  ( -0.000000000000000000, 1.000000000000000000, -0.000000000000000000 ) ) ;
#1781 = ORIENTED_EDGE ( 'NONE', *, *, #2406, .T. ) ;
#1782 = FACE_OUTER_BOUND ( 'NONE', #2484, .T. ) ;
#1783 = AXIS2_PLACEMENT_3D ( 'NONE', #4216, #3283, #2006 ) ;
#1784 = ADVANCED_FACE ( 'NONE', ( #2570 ), #1378, .T. ) ;
#1785 = DIRECTION ( 'NONE',  ( -0.000000000000000000, 1.000000000000000000, -0.000000000000000000 ) ) ;
#1786 = STYLED_ITEM ( 'NONE', ( #4768 ), #3968 ) ;
#1787 = LINE ( 'NONE', #5260, #4286 ) ;
#1788 = EDGE_LOOP ( 'NONE', ( #4093, #4403 ) ) ;
#1789 = VERTEX_POINT ( 'NONE', #1321 ) ;
#1790 = EDGE_CURVE ( 'NONE', #3384, #3580, #2203, .T. ) ;
#1791 =( GEOMETRIC_REPRESENTATION_CONTEXT ( 3 ) GLOBAL_UNCERTAINTY_ASSIGNED_CONTEXT ( ( #915 ) ) GLOBAL_UNIT_ASSIGNED_CONTEXT ( ( #741, #4634, #1126 ) ) REPRESENTATION_CONTEXT ( 'NONE', 'WORKASPACE' ) );
#1792 = DIRECTION ( 'NONE',  ( -0.000000000000000000, 1.000000000000000000, -0.000000000000000000 ) ) ;
#1793 = ORIENTED_EDGE ( 'NONE', *, *, #2979, .T. ) ;
#1794 = DIRECTION ( 'NONE',  ( -0.000000000000000000, 1.000000000000000000, -0.000000000000000000 ) ) ;
#1795 = EDGE_LOOP ( 'NONE', ( #3382, #2262 ) ) ;
#1796 =( GEOMETRIC_REPRESENTATION_CONTEXT ( 3 ) GLOBAL_UNCERTAINTY_ASSIGNED_CONTEXT ( ( #5044 ) ) GLOBAL_UNIT_ASSIGNED_CONTEXT ( ( #3448, #3022, #1421 ) ) REPRESENTATION_CONTEXT ( 'NONE', 'WORKASPACE' ) );
#1797 = EDGE_CURVE ( 'NONE', #2045, #2332, #3855, .T. ) ;
#1798 = AXIS2_PLACEMENT_3D ( 'NONE', #566, #3992, #5172 ) ;
#1799 = CYLINDRICAL_SURFACE ( 'NONE', #3564, 2.499999999999946709 ) ;
#1800 = DIRECTION ( 'NONE',  ( -0.000000000000000000, 1.000000000000000000, -0.000000000000000000 ) ) ;
#1801 = VERTEX_POINT ( 'NONE', #2651 ) ;
#1802 = CARTESIAN_POINT ( 'NONE',  ( 45.49999999999923261, -3.000000000000000000, -920.0000000000070486 ) ) ;
#1803 =( GEOMETRIC_REPRESENTATION_CONTEXT ( 3 ) GLOBAL_UNCERTAINTY_ASSIGNED_CONTEXT ( ( #2157 ) ) GLOBAL_UNIT_ASSIGNED_CONTEXT ( ( #105, #3481, #5195 ) ) REPRESENTATION_CONTEXT ( 'NONE', 'WORKASPACE' ) );
#1804 = CYLINDRICAL_SURFACE ( 'NONE', #551, 2.499999999999946709 ) ;
#1805 = AXIS2_PLACEMENT_3D ( 'NONE', #1262, #4636, #1617 ) ;
#1806 = LINE ( 'NONE', #556, #3558 ) ;
#1807 = SURFACE_STYLE_FILL_AREA ( #4309 ) ;
#1808 = CYLINDRICAL_SURFACE ( 'NONE', #1721, 2.499999999999946709 ) ;
#1809 = EDGE_LOOP ( 'NONE', ( #1278, #2927, #4054, #1274, #1212, #1739 ) ) ;
#1810 = DIRECTION ( 'NONE',  ( 0.000000000000000000, 0.000000000000000000, 1.000000000000000000 ) ) ;
#1811 = CARTESIAN_POINT ( 'NONE',  ( -45.50000000000062528, 0.000000000000000000, -942.5000000000063665 ) ) ;
#1812 = STYLED_ITEM ( 'NONE', ( #698 ), #45 ) ;
#1813 = DIRECTION ( 'NONE',  ( 0.000000000000000000, 0.000000000000000000, 1.000000000000000000 ) ) ;
#1814 = CARTESIAN_POINT ( 'NONE',  ( 45.49999999999965894, -3.000000000000000000, -1120.000000000000455 ) ) ;
#1815 = ORIENTED_EDGE ( 'NONE', *, *, #2421, .T. ) ;
#1816 = EDGE_CURVE ( 'NONE', #1447, #4373, #149, .T. ) ;
#1817 = DIRECTION ( 'NONE',  ( 1.218537466052000191E-16, 3.046343665130003559E-17, 1.000000000000000000 ) ) ;
#1818 = ORIENTED_EDGE ( 'NONE', *, *, #275, .T. ) ;
#1819 = CARTESIAN_POINT ( 'NONE',  ( 45.49999999999923261, -3.000000000000000000, -822.5000000000102318 ) ) ;
#1820 = VERTEX_POINT ( 'NONE', #3235 ) ;
#1821 = DIRECTION ( 'NONE',  ( -0.000000000000000000, 1.000000000000000000, -0.000000000000000000 ) ) ;
#1822 = MECHANICAL_DESIGN_GEOMETRIC_PRESENTATION_REPRESENTATION (  '', ( #4218 ), #4923 ) ;
#1823 = ADVANCED_FACE ( 'NONE', ( #2280 ), #188, .F. ) ;
#1824 = ORIENTED_EDGE ( 'NONE', *, *, #1300, .F. ) ;
#1825 = AXIS2_PLACEMENT_3D ( 'NONE', #259, #3991, #3669 ) ;
#1826 = ORIENTED_EDGE ( 'NONE', *, *, #859, .T. ) ;
#1827 = EDGE_CURVE ( 'NONE', #5305, #2892, #415, .T. ) ;
#1828 = DIRECTION ( 'NONE',  ( -0.000000000000000000, 1.000000000000000000, -0.000000000000000000 ) ) ;
#1829 = ORIENTED_EDGE ( 'NONE', *, *, #1133, .F. ) ;
#1830 = CARTESIAN_POINT ( 'NONE',  ( 45.49999999999923261, -3.000000000000000000, -880.0000000000082991 ) ) ;
#1831 = COLOUR_RGB ( '',0.5294117647058823595, 0.5490196078431373028, 0.5490196078431373028 ) ;
#1832 = SURFACE_STYLE_FILL_AREA ( #158 ) ;
#1833 =( NAMED_UNIT ( * ) SI_UNIT ( $, .STERADIAN. ) SOLID_ANGLE_UNIT ( ) );
#1834 = EDGE_CURVE ( 'NONE', #2604, #5160, #3438, .T. ) ;
#1835 = DIRECTION ( 'NONE',  ( 1.000000000000000000, 3.491481338843133355E-15, -1.218537466052001177E-16 ) ) ;
#1836 = DIRECTION ( 'NONE',  ( -0.000000000000000000, 1.000000000000000000, -0.000000000000000000 ) ) ;
#1837 = ORIENTED_EDGE ( 'NONE', *, *, #50, .T. ) ;
#1838 =( NAMED_UNIT ( * ) PLANE_ANGLE_UNIT ( ) SI_UNIT ( $, .RADIAN. ) );
#1839 = CYLINDRICAL_SURFACE ( 'NONE', #3702, 2.499999999999946709 ) ;
#1840 = CIRCLE ( 'NONE', #4940, 2.499999999999946709 ) ;
#1841 = AXIS2_PLACEMENT_3D ( 'NONE', #2100, #419, #4166 ) ;
#1842 = LINE ( 'NONE', #2374, #690 ) ;
#1843 = COLOUR_RGB ( '',0.5294117647058823595, 0.5490196078431373028, 0.5490196078431373028 ) ;
#1844 = DIRECTION ( 'NONE',  ( -0.000000000000000000, 1.000000000000000000, -0.000000000000000000 ) ) ;
#1845 = DIRECTION ( 'NONE',  ( 8.326672684687973545E-14, -1.000000000000000000, 7.228014483236088146E-17 ) ) ;
#1846 = ORIENTED_EDGE ( 'NONE', *, *, #303, .F. ) ;
#1847 = ORIENTED_EDGE ( 'NONE', *, *, #1196, .F. ) ;
#1848 = VECTOR ( 'NONE', #1737, 1000.000000000000000 ) ;
#1849 = AXIS2_PLACEMENT_3D ( 'NONE', #984, #1929, #3665 ) ;
#1850 = DIRECTION ( 'NONE',  ( -0.000000000000000000, 1.000000000000000000, -0.000000000000000000 ) ) ;
#1851 = DIRECTION ( 'NONE',  ( -0.000000000000000000, 1.000000000000000000, -0.000000000000000000 ) ) ;
#1852 = EDGE_LOOP ( 'NONE', ( #421, #1859, #336, #4760 ) ) ;
#1853 = AXIS2_PLACEMENT_3D ( 'NONE', #3728, #5411, #1156 ) ;
#1854 = CYLINDRICAL_SURFACE ( 'NONE', #4320, 2.499999999999946709 ) ;
#1855 = ORIENTED_EDGE ( 'NONE', *, *, #3841, .T. ) ;
#1856 =( NAMED_UNIT ( * ) SI_UNIT ( $, .STERADIAN. ) SOLID_ANGLE_UNIT ( ) );
#1857 = EDGE_CURVE ( 'NONE', #2980, #3248, #596, .T. ) ;
#1859 = ORIENTED_EDGE ( 'NONE', *, *, #4791, .T. ) ;
#1858 = SURFACE_STYLE_FILL_AREA ( #3682 ) ;
#1860 = ORIENTED_EDGE ( 'NONE', *, *, #4734, .F. ) ;
#1861 = DIRECTION ( 'NONE',  ( -4.270088556250616885E-15, -1.000000000000000000, 0.000000000000000000 ) ) ;
#1862 = PRESENTATION_STYLE_ASSIGNMENT (( #130 ) ) ;
#1863 = EDGE_CURVE ( 'NONE', #1026, #5239, #5215, .T. ) ;
#1864 = SURFACE_STYLE_USAGE ( .BOTH. , #3922 ) ;
#1865 = PRESENTATION_STYLE_ASSIGNMENT (( #3600 ) ) ;
#1866 = CARTESIAN_POINT ( 'NONE',  ( -45.49999999999979394, 0.000000000000000000, -1080.000000000001819 ) ) ;
#1867 = DIRECTION ( 'NONE',  ( 0.000000000000000000, -1.000000000000000000, 0.000000000000000000 ) ) ;
#1868 = CIRCLE ( 'NONE', #962, 2.499999999999946709 ) ;
#1869 = ORIENTED_EDGE ( 'NONE', *, *, #3197, .F. ) ;
#1870 = CARTESIAN_POINT ( 'NONE',  ( 60.00000000000003553, 29.99999999999978684, -349.9999999999996589 ) ) ;
#1871 = EDGE_CURVE ( 'NONE', #4764, #4213, #4855, .T. ) ;
#1872 = COLOUR_RGB ( '',0.5294117647058823595, 0.5490196078431373028, 0.5490196078431373028 ) ;
#1873 = DIRECTION ( 'NONE',  ( -0.000000000000000000, 1.000000000000000000, -0.000000000000000000 ) ) ;
#1874 = DIRECTION ( 'NONE',  ( 0.000000000000000000, -7.228014483236689653E-17, 1.000000000000000000 ) ) ;
#1875 =( NAMED_UNIT ( * ) SI_UNIT ( $, .STERADIAN. ) SOLID_ANGLE_UNIT ( ) );
#1876 = DIRECTION ( 'NONE',  ( 0.000000000000000000, -1.000000000000000000, 0.000000000000000000 ) ) ;
#1877 = ORIENTED_EDGE ( 'NONE', *, *, #592, .T. ) ;
#1878 =( NAMED_UNIT ( * ) SI_UNIT ( $, .STERADIAN. ) SOLID_ANGLE_UNIT ( ) );
#1880 = ORIENTED_EDGE ( 'NONE', *, *, #3080, .F. ) ;
#1879 = CARTESIAN_POINT ( 'NONE',  ( -53.99999999999977263, -4.250072516143177381E-14, 2050.000000000000455 ) ) ;
#1881 = COLOUR_RGB ( '',0.5294117647058823595, 0.5490196078431373028, 0.5490196078431373028 ) ;
#1882 =( NAMED_UNIT ( * ) PLANE_ANGLE_UNIT ( ) SI_UNIT ( $, .RADIAN. ) );
#1883 = CARTESIAN_POINT ( 'NONE',  ( 45.50000000000112266, -1.040949779275264931E-16, -980.0000000000051159 ) ) ;
#1884 = EDGE_LOOP ( 'NONE', ( #892, #452, #3529, #3518 ) ) ;
#1885 = CARTESIAN_POINT ( 'NONE',  ( -45.50000000000062528, -3.000000000000000000, -880.0000000000082991 ) ) ;
#1886 = ORIENTED_EDGE ( 'NONE', *, *, #773, .F. ) ;
#1887 = UNCERTAINTY_MEASURE_WITH_UNIT (LENGTH_MEASURE( 1.000000000000000082E-05 ), #2931, 'distance_accuracy_value', 'NONE');
#1889 = ORIENTED_EDGE ( 'NONE', *, *, #3428, .F. ) ;
#1888 = DIRECTION ( 'NONE',  ( 0.000000000000000000, 0.000000000000000000, -1.000000000000000000 ) ) ;
#1890 = ORIENTED_EDGE ( 'NONE', *, *, #2241, .F. ) ;
#1891 = DIRECTION ( 'NONE',  ( -1.000000000000000000, 3.543264972207944962E-15, 1.227650459922047927E-16 ) ) ;
#1892 = CIRCLE ( 'NONE', #1798, 2.499999999999946709 ) ;
#1893 =( LENGTH_UNIT ( ) NAMED_UNIT ( * ) SI_UNIT ( .MILLI., .METRE. ) );
#1894 = DIRECTION ( 'NONE',  ( 1.000000000000000000, -3.491481338843133355E-15, 0.000000000000000000 ) ) ;
#1895 = FACE_OUTER_BOUND ( 'NONE', #1809, .T. ) ;
#1896 = STYLED_ITEM ( 'NONE', ( #133 ), #5082 ) ;
#1897 = CARTESIAN_POINT ( 'NONE',  ( -60.00000000000098765, 26.75000000000021316, -1934.999999999999545 ) ) ;
#1898 = VERTEX_POINT ( 'NONE', #5324 ) ;
#1899 = PLANE ( 'NONE',  #860 ) ;
#1900 = EDGE_CURVE ( 'NONE', #4438, #3317, #1587, .T. ) ;
#1901 = SURFACE_SIDE_STYLE ('',( #164 ) ) ;
#1902 = VECTOR ( 'NONE', #1129, 1000.000000000000000 ) ;
#1903 = DIRECTION ( 'NONE',  ( 1.218537466052008819E-16, 2.081668171172176402E-16, 1.000000000000000000 ) ) ;
#1904 = DIRECTION ( 'NONE',  ( 0.000000000000000000, 0.000000000000000000, 1.000000000000000000 ) ) ;
#1905 = LINE ( 'NONE', #5385, #1437 ) ;
#1906 = EDGE_LOOP ( 'NONE', ( #3291, #828, #406, #2214 ) ) ;
#1907 = DIRECTION ( 'NONE',  ( 4.270088556250612152E-15, 1.000000000000000000, 0.000000000000000000 ) ) ;
#1908 = MECHANICAL_DESIGN_GEOMETRIC_PRESENTATION_REPRESENTATION (  '', ( #5462 ), #544 ) ;
#1909 = EDGE_CURVE ( 'NONE', #3384, #2798, #163, .T. ) ;
#1910 = SURFACE_STYLE_FILL_AREA ( #3147 ) ;
#1911 = CARTESIAN_POINT ( 'NONE',  ( -45.50000000000062528, -3.000000000000000000, -877.5000000000084128 ) ) ;
#1912 = SURFACE_SIDE_STYLE ('',( #2237 ) ) ;
#1913 = FILL_AREA_STYLE ('',( #203 ) ) ;
#1914 = EDGE_LOOP ( 'NONE', ( #1549, #3793, #11, #2167 ) ) ;
#1915 = ORIENTED_EDGE ( 'NONE', *, *, #2851, .F. ) ;
#1916 = SURFACE_STYLE_USAGE ( .BOTH. , #2776 ) ;
#1918 = ORIENTED_EDGE ( 'NONE', *, *, #1230, .F. ) ;
#1917 = CARTESIAN_POINT ( 'NONE',  ( 45.49999999999965894, -1.040949779275264931E-16, -1120.000000000000455 ) ) ;
#1919 = ORIENTED_EDGE ( 'NONE', *, *, #1170, .F. ) ;
#1920 = DIRECTION ( 'NONE',  ( 0.000000000000000000, 0.000000000000000000, 1.000000000000000000 ) ) ;
#1921 = DIRECTION ( 'NONE',  ( 0.000000000000000000, 0.000000000000000000, 1.000000000000000000 ) ) ;
#1922 = VECTOR ( 'NONE', #3220, 1000.000000000000000 ) ;
#1923 = SURFACE_SIDE_STYLE ('',( #5318 ) ) ;
#1924 = CARTESIAN_POINT ( 'NONE',  ( 60.00000000000038369, 47.00000000000000000, 2050.000000000000000 ) ) ;
#1925 =( GEOMETRIC_REPRESENTATION_CONTEXT ( 3 ) GLOBAL_UNCERTAINTY_ASSIGNED_CONTEXT ( ( #3097 ) ) GLOBAL_UNIT_ASSIGNED_CONTEXT ( ( #749, #283, #1681 ) ) REPRESENTATION_CONTEXT ( 'NONE', 'WORKASPACE' ) );
#1926 = CARTESIAN_POINT ( 'NONE',  ( -57.00000000000001421, -2.125958983324767671E-13, 6.945663556496409471E-15 ) ) ;
#1927 = CARTESIAN_POINT ( 'NONE',  ( -60.00000000000027711, 2.999999999999892530, -2049.999999999999545 ) ) ;
#1928 = EDGE_LOOP ( 'NONE', ( #5448, #2619, #2873, #3888 ) ) ;
#1929 = DIRECTION ( 'NONE',  ( -0.000000000000000000, 1.000000000000000000, -0.000000000000000000 ) ) ;
#1930 = DIRECTION ( 'NONE',  ( -4.270088556250621618E-15, 1.000000000000000000, 0.000000000000000000 ) ) ;
#1931 = AXIS2_PLACEMENT_3D ( 'NONE', #2717, #1391, #5178 ) ;
#1932 = EDGE_CURVE ( 'NONE', #4524, #5067, #2026, .T. ) ;
#1933 = ORIENTED_EDGE ( 'NONE', *, *, #999, .T. ) ;
#1934 = STYLED_ITEM ( 'NONE', ( #2741 ), #2223 ) ;
#1935 = CARTESIAN_POINT ( 'NONE',  ( 45.49999999999923261, 0.000000000000000000, -877.5000000000084128 ) ) ;
#1936 = CIRCLE ( 'NONE', #2469, 2.499999999999946709 ) ;
#1937 = ORIENTED_EDGE ( 'NONE', *, *, #2851, .T. ) ;
#1938 = FILL_AREA_STYLE_COLOUR ( '', #2882 ) ;
#1939 = VECTOR ( 'NONE', #5236, 1000.000000000000000 ) ;
#1940 = COLOUR_RGB ( '',0.5294117647058823595, 0.5490196078431373028, 0.5490196078431373028 ) ;
#1941 = EDGE_CURVE ( 'NONE', #5160, #1227, #2791, .T. ) ;
#1942 = EDGE_LOOP ( 'NONE', ( #3561, #1392, #5422, #3094 ) ) ;
#1943 = CARTESIAN_POINT ( 'NONE',  ( 59.99999999999981526, 26.74999999999976552, -2034.999999999999318 ) ) ;
#1944 = EDGE_LOOP ( 'NONE', ( #1153, #1815, #1553, #4922 ) ) ;
#1945 = VECTOR ( 'NONE', #1136, 1000.000000000000000 ) ;
#1946 = SURFACE_STYLE_USAGE ( .BOTH. , #4762 ) ;
#1947 = ADVANCED_FACE ( 'NONE', ( #4017 ), #1899, .T. ) ;
#1948 = UNCERTAINTY_MEASURE_WITH_UNIT (LENGTH_MEASURE( 1.000000000000000082E-05 ), #135, 'distance_accuracy_value', 'NONE');
#1950 = EDGE_LOOP ( 'NONE', ( #3059, #2751 ) ) ;
#1949 = PRESENTATION_STYLE_ASSIGNMENT (( #4872 ) ) ;
#1951 = PRESENTATION_STYLE_ASSIGNMENT (( #4935 ) ) ;
#1952 = ORIENTED_EDGE ( 'NONE', *, *, #2942, .T. ) ;
#1953 = DIRECTION ( 'NONE',  ( 0.000000000000000000, 0.000000000000000000, -1.000000000000000000 ) ) ;
#1954 = DIRECTION ( 'NONE',  ( -4.270088556250579808E-15, -1.000000000000000000, 0.000000000000000000 ) ) ;
#1955 = DIRECTION ( 'NONE',  ( 1.387778780781450606E-16, 1.734723475976813257E-16, 1.000000000000000000 ) ) ;
#1956 = FILL_AREA_STYLE ('',( #3167 ) ) ;
#1957 = DIRECTION ( 'NONE',  ( -4.270088556250621618E-15, -1.000000000000000000, 0.000000000000000000 ) ) ;
#1958 = CARTESIAN_POINT ( 'NONE',  ( 45.50000000000009237, -1.040949779275264931E-16, -1077.500000000001819 ) ) ;
#1959 = ORIENTED_EDGE ( 'NONE', *, *, #2205, .F. ) ;
#1960 = FACE_OUTER_BOUND ( 'NONE', #4399, .T. ) ;
#1961 = CARTESIAN_POINT ( 'NONE',  ( 45.49999999999923261, 0.000000000000000000, -900.0000000000077307 ) ) ;
#1962 = CARTESIAN_POINT ( 'NONE',  ( -45.50000000000020606, -1.040949779275264931E-16, -1120.000000000000455 ) ) ;
#1963 = CARTESIAN_POINT ( 'NONE',  ( 53.99999999999997868, 2.999999999999993339, 2050.000000000000000 ) ) ;
#1964 = DIRECTION ( 'NONE',  ( -0.000000000000000000, 1.000000000000000000, -0.000000000000000000 ) ) ;
#1965 = CARTESIAN_POINT ( 'NONE',  ( 45.49999999999923261, -3.000000000000000000, -802.5000000000109139 ) ) ;
#1966 =( NAMED_UNIT ( * ) SI_UNIT ( $, .STERADIAN. ) SOLID_ANGLE_UNIT ( ) );
#1967 = SURFACE_STYLE_FILL_AREA ( #4519 ) ;
#1968 = EDGE_CURVE ( 'NONE', #2798, #4805, #1473, .T. ) ;
#1969 = AXIS2_PLACEMENT_3D ( 'NONE', #1095, #2429, #623 ) ;
#1970 = CARTESIAN_POINT ( 'NONE',  ( -60.00000000000054001, 33.25000000000022027, 1549.999999999999773 ) ) ;
#1971 = VECTOR ( 'NONE', #873, 1000.000000000000000 ) ;
#1972 = ORIENTED_EDGE ( 'NONE', *, *, #4368, .T. ) ;
#1973 = FILL_AREA_STYLE_COLOUR ( '', #4938 ) ;
#1974 = EDGE_LOOP ( 'NONE', ( #3068, #3918 ) ) ;
#1975 = ADVANCED_FACE ( 'NONE', ( #1960 ), #2969, .F. ) ;
#1976 = LINE ( 'NONE', #3281, #1364 ) ;
#1977 = MECHANICAL_DESIGN_GEOMETRIC_PRESENTATION_REPRESENTATION (  '', ( #1056 ), #714 ) ;
#1979 = ORIENTED_EDGE ( 'NONE', *, *, #1593, .F. ) ;
#1978 = DIRECTION ( 'NONE',  ( 0.000000000000000000, 0.000000000000000000, 1.000000000000000000 ) ) ;
#1980 = SHAPE_DEFINITION_REPRESENTATION ( #140, #5002 ) ;
#1981 = PRESENTATION_LAYER_ASSIGNMENT (  '', '', ( #1786 ) ) ;
#1982 = DIRECTION ( 'NONE',  ( 0.000000000000000000, 0.000000000000000000, -1.000000000000000000 ) ) ;
#1983 = EDGE_CURVE ( 'NONE', #2747, #4964, #3280, .T. ) ;
#1984 = FACE_OUTER_BOUND ( 'NONE', #2688, .T. ) ;
#1985 = MECHANICAL_DESIGN_GEOMETRIC_PRESENTATION_REPRESENTATION (  '', ( #806 ), #1528 ) ;
#1986 = CARTESIAN_POINT ( 'NONE',  ( -60.00000000000017764, 47.00000000000000000, 7.311224796312029151E-15 ) ) ;
#1987 = CARTESIAN_POINT ( 'NONE',  ( -45.49999999999979394, -1.040949779275264931E-16, -1082.500000000001819 ) ) ;
#1988 = CARTESIAN_POINT ( 'NONE',  ( -45.49999999999937472, -1.040949779275264931E-16, -1040.000000000003183 ) ) ;
#1989 = VERTEX_POINT ( 'NONE', #2925 ) ;
#1990 = ORIENTED_EDGE ( 'NONE', *, *, #4210, .F. ) ;
#1991 = STYLED_ITEM ( 'NONE', ( #5332 ), #4712 ) ;
#1992 = CARTESIAN_POINT ( 'NONE',  ( 45.50000000000132161, -1.040949779275264931E-16, -962.5000000000056843 ) ) ;
#1993 = DIRECTION ( 'NONE',  ( 0.000000000000000000, -1.000000000000000000, 0.000000000000000000 ) ) ;
#1994 = FACE_BOUND ( 'NONE', #1950, .T. ) ;
#1995 = DIRECTION ( 'NONE',  ( 0.000000000000000000, 0.000000000000000000, -1.000000000000000000 ) ) ;
#1996 = CARTESIAN_POINT ( 'NONE',  ( -45.50000000000062528, 0.000000000000000000, -917.5000000000070486 ) ) ;
#1997 =( NAMED_UNIT ( * ) SI_UNIT ( $, .STERADIAN. ) SOLID_ANGLE_UNIT ( ) );
#1998 = SURFACE_SIDE_STYLE ('',( #2771 ) ) ;
#1999 = DIRECTION ( 'NONE',  ( 0.000000000000000000, 0.000000000000000000, 1.000000000000000000 ) ) ;
#2000 = ORIENTED_EDGE ( 'NONE', *, *, #653, .T. ) ;
#2001 = SURFACE_STYLE_FILL_AREA ( #4927 ) ;
#2002 = ORIENTED_EDGE ( 'NONE', *, *, #2684, .T. ) ;
#2003 = CARTESIAN_POINT ( 'NONE',  ( 45.50000000000029132, -1.040949779275264931E-16, -1060.000000000002501 ) ) ;
#2004 = PRESENTATION_LAYER_ASSIGNMENT (  '', '', ( #5462 ) ) ;
#2005 = ADVANCED_FACE ( 'NONE', ( #2508 ), #4221, .T. ) ;
#2007 = ORIENTED_EDGE ( 'NONE', *, *, #476, .F. ) ;
#2006 = DIRECTION ( 'NONE',  ( 0.000000000000000000, 0.000000000000000000, -1.000000000000000000 ) ) ;
#2008 = COLOUR_RGB ( '',0.5294117647058823595, 0.5490196078431373028, 0.5490196078431373028 ) ;
#2009 = CARTESIAN_POINT ( 'NONE',  ( -60.00000000000027711, 2.999999999999977796, -2049.999999999999545 ) ) ;
#2010 = CARTESIAN_POINT ( 'NONE',  ( -60.00000000000076739, 33.25000000000019895, -349.9999999999996589 ) ) ;
#2011 = AXIS2_PLACEMENT_3D ( 'NONE', #73, #5081, #435 ) ;
#2012 = EDGE_CURVE ( 'NONE', #5160, #2604, #4674, .T. ) ;
#2013 = DIRECTION ( 'NONE',  ( -3.469446951953613400E-15, 1.000000000000000000, 0.000000000000000000 ) ) ;
#2014 = CARTESIAN_POINT ( 'NONE',  ( -60.00000000000075318, 33.25000000000022027, -249.9999999999999716 ) ) ;
#2015 = CARTESIAN_POINT ( 'NONE',  ( -60.00000000000056133, 26.75000000000024158, 1549.999999999999773 ) ) ;
#2016 = FILL_AREA_STYLE_COLOUR ( '', #1261 ) ;
#2017 = VERTEX_POINT ( 'NONE', #1644 ) ;
#2018 = ORIENTED_EDGE ( 'NONE', *, *, #5045, .T. ) ;
#2019 = AXIS2_PLACEMENT_3D ( 'NONE', #1519, #998, #4411 ) ;
#2020 = EDGE_CURVE ( 'NONE', #3186, #5310, #3000, .T. ) ;
#2021 = DIRECTION ( 'NONE',  ( -0.000000000000000000, 1.000000000000000000, -0.000000000000000000 ) ) ;
#2022 = CARTESIAN_POINT ( 'NONE',  ( 45.49999999999925393, -3.000000000000000000, -1159.999999999999318 ) ) ;
#2023 = FACE_BOUND ( 'NONE', #612, .T. ) ;
#2024 = DIRECTION ( 'NONE',  ( 1.000000000000000000, -3.543264972207945357E-15, -1.227650459922047927E-16 ) ) ;
#2025 = DIRECTION ( 'NONE',  ( 0.000000000000000000, 0.000000000000000000, 1.000000000000000000 ) ) ;
#2026 = CIRCLE ( 'NONE', #5399, 2.499999999999946709 ) ;
#2027 = VECTOR ( 'NONE', #2389, 1000.000000000000000 ) ;
#2028 = DIRECTION ( 'NONE',  ( -0.000000000000000000, 1.000000000000000000, -0.000000000000000000 ) ) ;
#2029 = ORIENTED_EDGE ( 'NONE', *, *, #433, .T. ) ;
#2030 = EDGE_LOOP ( 'NONE', ( #2960, #229 ) ) ;
#2031 = CARTESIAN_POINT ( 'NONE',  ( 45.49999999999925393, 0.000000000000000000, -1157.499999999999318 ) ) ;
#2032 = AXIS2_PLACEMENT_3D ( 'NONE', #2997, #408, #3848 ) ;
#2033 = VECTOR ( 'NONE', #4601, 1000.000000000000000 ) ;
#2035 = EDGE_LOOP ( 'NONE', ( #5124, #4187 ) ) ;
#2034 = FILL_AREA_STYLE ('',( #5019 ) ) ;
#2036 = CIRCLE ( 'NONE', #54, 2.499999999999946709 ) ;
#2037 = CARTESIAN_POINT ( 'NONE',  ( 57.00000000000009237, 33.24999999999985789, -1.386721022564392026E-14 ) ) ;
#2038 = AXIS2_PLACEMENT_3D ( 'NONE', #107, #2701, #4394 ) ;
#2039 = EDGE_CURVE ( 'NONE', #1577, #2547, #3741, .T. ) ;
#2040 = AXIS2_PLACEMENT_3D ( 'NONE', #3009, #394, #3431 ) ;
#2041 = CIRCLE ( 'NONE', #5131, 2.499999999999946709 ) ;
#2042 = FILL_AREA_STYLE ('',( #1258 ) ) ;
#2043 = CARTESIAN_POINT ( 'NONE',  ( 60.00000000000022737, -3.000000000000000000, 2050.000000000000000 ) ) ;
#2044 = DIRECTION ( 'NONE',  ( 0.000000000000000000, -1.000000000000000000, 0.000000000000000000 ) ) ;
#2045 = VERTEX_POINT ( 'NONE', #5027 ) ;
#2046 = STYLED_ITEM ( 'NONE', ( #598 ), #3015 ) ;
#2047 = EDGE_LOOP ( 'NONE', ( #3895, #4472 ) ) ;
#2048 = EDGE_CURVE ( 'NONE', #801, #2926, #2392, .T. ) ;
#2049 = CARTESIAN_POINT ( 'NONE',  ( -45.50000000000062528, -1.040949779275264931E-16, -817.5000000000103455 ) ) ;
#2050 = DIRECTION ( 'NONE',  ( -0.000000000000000000, 1.000000000000000000, -0.000000000000000000 ) ) ;
#2051 = DIRECTION ( 'NONE',  ( -1.000000000000000000, 3.543264972207944962E-15, 1.227650459922047927E-16 ) ) ;
#2052 = ADVANCED_FACE ( 'NONE', ( #4663 ), #845, .T. ) ;
#2053 = DIRECTION ( 'NONE',  ( 1.000000000000000000, -3.543264972207945357E-15, -1.227650459922047927E-16 ) ) ;
#2054 = FACE_BOUND ( 'NONE', #2211, .T. ) ;
#2055 = VERTEX_POINT ( 'NONE', #4584 ) ;
#2056 = CARTESIAN_POINT ( 'NONE',  ( -45.50000000000000000, 0.000000000000000000, -1100.000000000001137 ) ) ;
#2057 = ORIENTED_EDGE ( 'NONE', *, *, #1834, .F. ) ;
#2058 = PRESENTATION_LAYER_ASSIGNMENT (  '', '', ( #1405 ) ) ;
#2059 = ORIENTED_EDGE ( 'NONE', *, *, #1265, .T. ) ;
#2060 = EDGE_LOOP ( 'NONE', ( #3882, #1547, #5092, #5485 ) ) ;
#2061 = VECTOR ( 'NONE', #649, 1000.000000000000000 ) ;
#2062 = AXIS2_PLACEMENT_3D ( 'NONE', #4131, #3721, #742 ) ;
#2063 = DIRECTION ( 'NONE',  ( -0.000000000000000000, 1.000000000000000000, -0.000000000000000000 ) ) ;
#2064 = CARTESIAN_POINT ( 'NONE',  ( 45.50000000000029132, -3.000000000000000000, -1060.000000000002501 ) ) ;
#2065 = CARTESIAN_POINT ( 'NONE',  ( 56.99999999999983658, 29.99999999999980105, -2034.999999999999318 ) ) ;
#2066 = VERTEX_POINT ( 'NONE', #2091 ) ;
#2067 = ORIENTED_EDGE ( 'NONE', *, *, #50, .F. ) ;
#2068 = PRESENTATION_STYLE_ASSIGNMENT (( #5055 ) ) ;
#2069 = AXIS2_PLACEMENT_3D ( 'NONE', #215, #5319, #2787 ) ;
#2070 = DIRECTION ( 'NONE',  ( -3.543264972207944962E-15, -1.000000000000000000, 0.000000000000000000 ) ) ;
#2071 = ADVANCED_FACE ( 'NONE', ( #1289 ), #5483, .F. ) ;
#2072 = VECTOR ( 'NONE', #3736, 1000.000000000000000 ) ;
#2073 = LINE ( 'NONE', #437, #4799 ) ;
#2074 = FILL_AREA_STYLE ('',( #364 ) ) ;
#2075 = CYLINDRICAL_SURFACE ( 'NONE', #3868, 2.499999999999946709 ) ;
#2076 =( NAMED_UNIT ( * ) SI_UNIT ( $, .STERADIAN. ) SOLID_ANGLE_UNIT ( ) );
#2077 = EDGE_CURVE ( 'NONE', #1424, #2107, #3726, .T. ) ;
#2078 = FACE_BOUND ( 'NONE', #1788, .T. ) ;
#2079 = ORIENTED_EDGE ( 'NONE', *, *, #2539, .T. ) ;
#2080 = DIRECTION ( 'NONE',  ( 0.000000000000000000, -1.000000000000000000, 0.000000000000000000 ) ) ;
#2081 = VECTOR ( 'NONE', #594, 1000.000000000000000 ) ;
#2082 = ORIENTED_EDGE ( 'NONE', *, *, #129, .T. ) ;
#2083 = AXIS2_PLACEMENT_3D ( 'NONE', #3289, #2509, #1699 ) ;
#2084 = ADVANCED_FACE ( 'NONE', ( #3819 ), #4251, .T. ) ;
#2086 = ORIENTED_EDGE ( 'NONE', *, *, #2887, .F. ) ;
#2085 = CARTESIAN_POINT ( 'NONE',  ( -60.00000000000057554, 26.75000000000022382, 1450.000000000000227 ) ) ;
#2087 = DIRECTION ( 'NONE',  ( 0.000000000000000000, 0.000000000000000000, 1.000000000000000000 ) ) ;
#2088 = CIRCLE ( 'NONE', #3507, 2.499999999999946709 ) ;
#2089 = LINE ( 'NONE', #3768, #4621 ) ;
#2090 = FILL_AREA_STYLE_COLOUR ( '', #3399 ) ;
#2091 = CARTESIAN_POINT ( 'NONE',  ( -45.50000000000062528, -3.000000000000000000, -802.5000000000109139 ) ) ;
#2092 = ORIENTED_EDGE ( 'NONE', *, *, #3197, .T. ) ;
#2093 = CARTESIAN_POINT ( 'NONE',  ( -45.49999999999916866, -1.040949779275264931E-16, -1020.000000000003752 ) ) ;
#2094 = DIRECTION ( 'NONE',  ( -1.000000000000000000, -3.543264972207944962E-15, 1.218537466052001177E-16 ) ) ;
#2095 = CIRCLE ( 'NONE', #2178, 2.499999999999946709 ) ;
#2096 = CIRCLE ( 'NONE', #4149, 2.499999999999946709 ) ;
#2097 = EDGE_CURVE ( 'NONE', #5201, #3449, #3989, .T. ) ;
#2098 = FACE_BOUND ( 'NONE', #3907, .T. ) ;
#2099 = ORIENTED_EDGE ( 'NONE', *, *, #5343, .T. ) ;
#2100 = CARTESIAN_POINT ( 'NONE',  ( 45.49999999999925393, -1.040949779275264931E-16, -1159.999999999999318 ) ) ;
#2101 = VECTOR ( 'NONE', #2765, 1000.000000000000000 ) ;
#2102 = ORIENTED_EDGE ( 'NONE', *, *, #2653, .T. ) ;
#2103 = EDGE_LOOP ( 'NONE', ( #1497, #3189 ) ) ;
#2104 = EDGE_CURVE ( 'NONE', #3389, #4095, #404, .T. ) ;
#2105 = MECHANICAL_DESIGN_GEOMETRIC_PRESENTATION_REPRESENTATION (  '', ( #5401 ), #1482 ) ;
#2107 = VERTEX_POINT ( 'NONE', #333 ) ;
#2106 =( NAMED_UNIT ( * ) SI_UNIT ( $, .STERADIAN. ) SOLID_ANGLE_UNIT ( ) );
#2108 =( GEOMETRIC_REPRESENTATION_CONTEXT ( 3 ) GLOBAL_UNCERTAINTY_ASSIGNED_CONTEXT ( ( #5102 ) ) GLOBAL_UNIT_ASSIGNED_CONTEXT ( ( #1416, #1450, #1966 ) ) REPRESENTATION_CONTEXT ( 'NONE', 'WORKASPACE' ) );
#2109 = DIRECTION ( 'NONE',  ( -0.000000000000000000, 1.000000000000000000, -0.000000000000000000 ) ) ;
#2110 = EDGE_CURVE ( 'NONE', #919, #280, #5413, .T. ) ;
#2111 = CIRCLE ( 'NONE', #3535, 2.499999999999946709 ) ;
#2112 = CARTESIAN_POINT ( 'NONE',  ( 45.49999999999923261, -3.000000000000000000, -840.0000000000096634 ) ) ;
#2113 = SURFACE_STYLE_FILL_AREA ( #3341 ) ;
#2114 = DIRECTION ( 'NONE',  ( -0.000000000000000000, 1.000000000000000000, -0.000000000000000000 ) ) ;
#2115 = ORIENTED_EDGE ( 'NONE', *, *, #3435, .T. ) ;
#2116 = ORIENTED_EDGE ( 'NONE', *, *, #5468, .T. ) ;
#2117 = DIRECTION ( 'NONE',  ( -4.270088556250575075E-15, -1.000000000000000000, 0.000000000000000000 ) ) ;
#2118 = AXIS2_PLACEMENT_3D ( 'NONE', #1191, #439, #1247 ) ;
#2119 = VECTOR ( 'NONE', #2313, 1000.000000000000000 ) ;
#2120 = CARTESIAN_POINT ( 'NONE',  ( 45.49999999999923261, -3.000000000000000000, -820.0000000000102318 ) ) ;
#2121 = PRESENTATION_STYLE_ASSIGNMENT (( #4644 ) ) ;
#2122 = ORIENTED_EDGE ( 'NONE', *, *, #1238, .F. ) ;
#2123 = FILL_AREA_STYLE ('',( #4338 ) ) ;
#2124 = CARTESIAN_POINT ( 'NONE',  ( 60.00000000000034817, 37.00000000000000000, 2040.000000000000000 ) ) ;
#2125 = CARTESIAN_POINT ( 'NONE',  ( 45.49999999999945999, -3.000000000000000000, -1140.000000000000000 ) ) ;
#2126 = FACE_BOUND ( 'NONE', #546, .T. ) ;
#2127 = ORIENTED_EDGE ( 'NONE', *, *, #1093, .F. ) ;
#2128 = DIRECTION ( 'NONE',  ( 3.543264972207945357E-15, 1.000000000000000000, -1.734723475976815969E-16 ) ) ;
#2129 = EDGE_CURVE ( 'NONE', #3017, #4438, #1763, .T. ) ;
#2130 = ORIENTED_EDGE ( 'NONE', *, *, #2956, .T. ) ;
#2131 = AXIS2_PLACEMENT_3D ( 'NONE', #5374, #1558, #2013 ) ;
#2133 = ORIENTED_EDGE ( 'NONE', *, *, #5221, .T. ) ;
#2132 = SURFACE_SIDE_STYLE ('',( #33 ) ) ;
#2134 = CARTESIAN_POINT ( 'NONE',  ( -45.50000000000062528, -1.040949779275264931E-16, -860.0000000000089813 ) ) ;
#2135 = EDGE_CURVE ( 'NONE', #3788, #3707, #3013, .T. ) ;
#2136 = FILL_AREA_STYLE ('',( #4326 ) ) ;
#2137 =( GEOMETRIC_REPRESENTATION_CONTEXT ( 3 ) GLOBAL_UNCERTAINTY_ASSIGNED_CONTEXT ( ( #3440 ) ) GLOBAL_UNIT_ASSIGNED_CONTEXT ( ( #1207, #4195, #4662 ) ) REPRESENTATION_CONTEXT ( 'NONE', 'WORKASPACE' ) );
#2138 = CARTESIAN_POINT ( 'NONE',  ( 45.50000000000070344, -1.040949779275264931E-16, -1017.500000000003865 ) ) ;
#2139 = DIRECTION ( 'NONE',  ( 0.000000000000000000, 0.000000000000000000, -1.000000000000000000 ) ) ;
#2140 = EDGE_CURVE ( 'NONE', #4174, #2553, #3436, .T. ) ;
#2141 = DIRECTION ( 'NONE',  ( -0.000000000000000000, 7.228014483236689653E-17, -1.000000000000000000 ) ) ;
#2142 = SURFACE_SIDE_STYLE ('',( #2244 ) ) ;
#2143 = STYLED_ITEM ( 'NONE', ( #760 ), #3909 ) ;
#2144 = EDGE_LOOP ( 'NONE', ( #1308, #3128 ) ) ;
#2145 = CARTESIAN_POINT ( 'NONE',  ( -45.49999999999979394, -3.000000000000000000, -1080.000000000001819 ) ) ;
#2146 = AXIS2_PLACEMENT_3D ( 'NONE', #277, #4479, #687 ) ;
#2147 = DIRECTION ( 'NONE',  ( 1.000000000000000000, 3.491481338843133355E-15, -1.218537466052001177E-16 ) ) ;
#2148 = PRESENTATION_STYLE_ASSIGNMENT (( #5010 ) ) ;
#2149 = DIRECTION ( 'NONE',  ( 6.938893903907253030E-17, 1.734723475976813257E-16, 1.000000000000000000 ) ) ;
#2150 = AXIS2_PLACEMENT_3D ( 'NONE', #2698, #4392, #5165 ) ;
#2151 = PRESENTATION_LAYER_ASSIGNMENT (  '', '', ( #182 ) ) ;
#2152 = SURFACE_STYLE_USAGE ( .BOTH. , #4598 ) ;
#2153 = ORIENTED_EDGE ( 'NONE', *, *, #899, .F. ) ;
#2154 = FILL_AREA_STYLE ('',( #3860 ) ) ;
#2155 = EDGE_LOOP ( 'NONE', ( #5158, #4780 ) ) ;
#2156 = CIRCLE ( 'NONE', #4029, 2.499999999999946709 ) ;
#2157 = UNCERTAINTY_MEASURE_WITH_UNIT (LENGTH_MEASURE( 1.000000000000000082E-05 ), #105, 'distance_accuracy_value', 'NONE');
#2158 = VECTOR ( 'NONE', #3931, 1000.000000000000000 ) ;
#2160 = ORIENTED_EDGE ( 'NONE', *, *, #2368, .F. ) ;
#2159 = FACE_OUTER_BOUND ( 'NONE', #602, .T. ) ;
#2161 = CARTESIAN_POINT ( 'NONE',  ( 45.49999999999923261, -1.040949779275264931E-16, -857.5000000000089813 ) ) ;
#2162 = CIRCLE ( 'NONE', #5083, 2.499999999999946709 ) ;
#2163 = EDGE_CURVE ( 'NONE', #470, #4350, #2041, .T. ) ;
#2164 = CARTESIAN_POINT ( 'NONE',  ( 45.49999999999923261, -1.040949779275264931E-16, -862.5000000000089813 ) ) ;
#2165 = SURFACE_SIDE_STYLE ('',( #453 ) ) ;
#2166 = COLOUR_RGB ( '',0.5294117647058823595, 0.5490196078431373028, 0.5490196078431373028 ) ;
#2167 = ORIENTED_EDGE ( 'NONE', *, *, #3835, .F. ) ;
#2168 = DIRECTION ( 'NONE',  ( -0.000000000000000000, 1.000000000000000000, -0.000000000000000000 ) ) ;
#2169 = PRESENTATION_STYLE_ASSIGNMENT (( #4254 ) ) ;
#2170 = AXIS2_PLACEMENT_3D ( 'NONE', #1504, #4856, #3637 ) ;
#2171 = EDGE_CURVE ( 'NONE', #4095, #3389, #2744, .T. ) ;
#2172 = CARTESIAN_POINT ( 'NONE',  ( 56.99999999999983658, 26.74999999999980105, -1934.999999999999545 ) ) ;
#2173 = FILL_AREA_STYLE_COLOUR ( '', #1155 ) ;
#2174 = CARTESIAN_POINT ( 'NONE',  ( -45.49999999999958078, -1.040949779275264931E-16, -1060.000000000002501 ) ) ;
#2175 = ORIENTED_EDGE ( 'NONE', *, *, #3356, .F. ) ;
#2176 = PRESENTATION_LAYER_ASSIGNMENT (  '', '', ( #1460 ) ) ;
#2177 = ADVANCED_FACE ( 'NONE', ( #4266 ), #3517, .F. ) ;
#2178 = AXIS2_PLACEMENT_3D ( 'NONE', #2334, #4475, #2695 ) ;
#2179 = LINE ( 'NONE', #939, #3489 ) ;
#2180 = ORIENTED_EDGE ( 'NONE', *, *, #3808, .F. ) ;
#2181 = CARTESIAN_POINT ( 'NONE',  ( -45.50000000000041211, -3.000000000000000000, -1137.500000000000000 ) ) ;
#2182 =( NAMED_UNIT ( * ) SI_UNIT ( $, .STERADIAN. ) SOLID_ANGLE_UNIT ( ) );
#2183 = VERTEX_POINT ( 'NONE', #5203 ) ;
#2184 = AXIS2_PLACEMENT_3D ( 'NONE', #1465, #682, #3198 ) ;
#2186 = ORIENTED_EDGE ( 'NONE', *, *, #3943, .F. ) ;
#2185 = DIRECTION ( 'NONE',  ( -0.000000000000000000, 1.000000000000000000, -0.000000000000000000 ) ) ;
#2187 = CARTESIAN_POINT ( 'NONE',  ( -45.49999999999874944, 0.000000000000000000, -982.5000000000050022 ) ) ;
#2188 =( NAMED_UNIT ( * ) PLANE_ANGLE_UNIT ( ) SI_UNIT ( $, .RADIAN. ) );
#2190 = EDGE_LOOP ( 'NONE', ( #3554, #940 ) ) ;
#2189 = DIRECTION ( 'NONE',  ( 0.000000000000000000, 0.000000000000000000, 1.000000000000000000 ) ) ;
#2191 = AXIS2_PLACEMENT_3D ( 'NONE', #3273, #2024, #1292 ) ;
#2192 = CIRCLE ( 'NONE', #4839, 2.499999999999946709 ) ;
#2193 = CYLINDRICAL_SURFACE ( 'NONE', #1545, 2.499999999999946709 ) ;
#2194 = ORIENTED_EDGE ( 'NONE', *, *, #993, .T. ) ;
#2195 = DIRECTION ( 'NONE',  ( 0.000000000000000000, 0.000000000000000000, 1.000000000000000000 ) ) ;
#2196 = EDGE_CURVE ( 'NONE', #134, #4526, #60, .T. ) ;
#2197 = VECTOR ( 'NONE', #681, 1000.000000000000000 ) ;
#2198 =( NAMED_UNIT ( * ) PLANE_ANGLE_UNIT ( ) SI_UNIT ( $, .RADIAN. ) );
#2199 = CARTESIAN_POINT ( 'NONE',  ( 45.49999999999923261, -3.000000000000000000, -842.5000000000095497 ) ) ;
#2200 = SURFACE_SIDE_STYLE ('',( #593 ) ) ;
#2201 = CARTESIAN_POINT ( 'NONE',  ( 45.49999999999923261, -1.040949779275264931E-16, -860.0000000000089813 ) ) ;
#2202 = PRESENTATION_LAYER_ASSIGNMENT (  '', '', ( #2999 ) ) ;
#2203 = LINE ( 'NONE', #3926, #249 ) ;
#2204 =( GEOMETRIC_REPRESENTATION_CONTEXT ( 3 ) GLOBAL_UNCERTAINTY_ASSIGNED_CONTEXT ( ( #1028 ) ) GLOBAL_UNIT_ASSIGNED_CONTEXT ( ( #4259, #3401, #1732 ) ) REPRESENTATION_CONTEXT ( 'NONE', 'WORKASPACE' ) );
#2205 = EDGE_CURVE ( 'NONE', #1741, #3170, #3629, .T. ) ;
#2206 = MECHANICAL_DESIGN_GEOMETRIC_PRESENTATION_REPRESENTATION (  '', ( #4604 ), #3743 ) ;
#2207 =( NAMED_UNIT ( * ) SI_UNIT ( $, .STERADIAN. ) SOLID_ANGLE_UNIT ( ) );
#2208 = DIRECTION ( 'NONE',  ( 0.000000000000000000, -0.000000000000000000, -1.000000000000000000 ) ) ;
#2209 = EDGE_LOOP ( 'NONE', ( #4348, #1356 ) ) ;
#2210 = EDGE_CURVE ( 'NONE', #219, #2790, #420, .T. ) ;
#2211 = EDGE_LOOP ( 'NONE', ( #4626, #5284 ) ) ;
#2212 = UNCERTAINTY_MEASURE_WITH_UNIT (LENGTH_MEASURE( 1.000000000000000082E-05 ), #5339, 'distance_accuracy_value', 'NONE');
#2213 = CARTESIAN_POINT ( 'NONE',  ( -45.50000000000062528, 0.000000000000000000, -860.0000000000089813 ) ) ;
#2214 = ORIENTED_EDGE ( 'NONE', *, *, #543, .F. ) ;
#2215 = LINE ( 'NONE', #2187, #2986 ) ;
#2216 = VERTEX_POINT ( 'NONE', #3036 ) ;
#2217 = UNCERTAINTY_MEASURE_WITH_UNIT (LENGTH_MEASURE( 1.000000000000000082E-05 ), #2314, 'distance_accuracy_value', 'NONE');
#2218 = CARTESIAN_POINT ( 'NONE',  ( -60.00000000000054712, 33.25000000000019895, 1450.000000000000227 ) ) ;
#2219 =( NAMED_UNIT ( * ) PLANE_ANGLE_UNIT ( ) SI_UNIT ( $, .RADIAN. ) );
#2220 = LINE ( 'NONE', #4766, #2474 ) ;
#2221 = AXIS2_PLACEMENT_3D ( 'NONE', #2814, #4043, #4814 ) ;
#2222 =( NAMED_UNIT ( * ) SI_UNIT ( $, .STERADIAN. ) SOLID_ANGLE_UNIT ( ) );
#2223 = ADVANCED_FACE ( 'NONE', ( #4462 ), #604, .F. ) ;
#2224 = PRESENTATION_LAYER_ASSIGNMENT (  '', '', ( #85 ) ) ;
#2225 = PRESENTATION_STYLE_ASSIGNMENT (( #4746 ) ) ;
#2226 = DIRECTION ( 'NONE',  ( -0.000000000000000000, 1.000000000000000000, -0.000000000000000000 ) ) ;
#2227 = VERTEX_POINT ( 'NONE', #3550 ) ;
#2228 = CARTESIAN_POINT ( 'NONE',  ( -45.49999999999916866, 0.000000000000000000, -1020.000000000003752 ) ) ;
#2229 = EDGE_CURVE ( 'NONE', #5204, #2526, #667, .T. ) ;
#2230 = AXIS2_PLACEMENT_3D ( 'NONE', #1037, #5349, #2872 ) ;
#2231 = SURFACE_SIDE_STYLE ('',( #517 ) ) ;
#2232 = VERTEX_POINT ( 'NONE', #3646 ) ;
#2233 = SURFACE_STYLE_FILL_AREA ( #3434 ) ;
#2234 = FILL_AREA_STYLE ('',( #914 ) ) ;
#2235 = EDGE_LOOP ( 'NONE', ( #3524, #2712, #5016, #2686 ) ) ;
#2236 = ADVANCED_FACE ( 'NONE', ( #2381 ), #1045, .T. ) ;
#2237 = SURFACE_STYLE_FILL_AREA ( #4434 ) ;
#2238 = VERTEX_POINT ( 'NONE', #4827 ) ;
#2239 = ORIENTED_EDGE ( 'NONE', *, *, #1983, .T. ) ;
#2240 = DIRECTION ( 'NONE',  ( -0.000000000000000000, 1.000000000000000000, -0.000000000000000000 ) ) ;
#2241 = EDGE_CURVE ( 'NONE', #1479, #2066, #52, .T. ) ;
#2242 = AXIS2_PLACEMENT_3D ( 'NONE', #989, #2708, #2208 ) ;
#2243 = SURFACE_SIDE_STYLE ('',( #3869 ) ) ;
#2244 = SURFACE_STYLE_FILL_AREA ( #3048 ) ;
#2245 = EDGE_LOOP ( 'NONE', ( #1890, #3884 ) ) ;
#2246 = CARTESIAN_POINT ( 'NONE',  ( -45.50000000000062528, -1.040949779275264931E-16, -940.0000000000063665 ) ) ;
#2247 = AXIS2_PLACEMENT_3D ( 'NONE', #3985, #3055, #161 ) ;
#2248 = DIRECTION ( 'NONE',  ( -0.000000000000000000, 1.000000000000000000, -0.000000000000000000 ) ) ;
#2249 = CARTESIAN_POINT ( 'NONE',  ( 53.99999999999972999, -2.589074787895384588E-13, 2050.000000000000000 ) ) ;
#2250 = ORIENTED_EDGE ( 'NONE', *, *, #894, .T. ) ;
#2251 = SURFACE_STYLE_FILL_AREA ( #560 ) ;
#2252 = AXIS2_PLACEMENT_3D ( 'NONE', #2124, #5011, #4208 ) ;
#2253 = DIRECTION ( 'NONE',  ( -0.000000000000000000, 1.000000000000000000, -0.000000000000000000 ) ) ;
#2254 = CARTESIAN_POINT ( 'NONE',  ( -45.50000000000062528, -1.040949779275264931E-16, -877.5000000000084128 ) ) ;
#2255 =( LENGTH_UNIT ( ) NAMED_UNIT ( * ) SI_UNIT ( .MILLI., .METRE. ) );
#2256 = ORIENTED_EDGE ( 'NONE', *, *, #1620, .F. ) ;
#2257 = ORIENTED_EDGE ( 'NONE', *, *, #2622, .T. ) ;
#2258 = ADVANCED_FACE ( 'NONE', ( #1077 ), #638, .F. ) ;
#2259 = AXIS2_PLACEMENT_3D ( 'NONE', #5030, #1214, #1594 ) ;
#2260 = DIRECTION ( 'NONE',  ( 3.543264972207945357E-15, 1.000000000000000000, -1.734723475976815969E-16 ) ) ;
#2261 =( LENGTH_UNIT ( ) NAMED_UNIT ( * ) SI_UNIT ( .MILLI., .METRE. ) );
#2262 = ORIENTED_EDGE ( 'NONE', *, *, #95, .F. ) ;
#2263 = CARTESIAN_POINT ( 'NONE',  ( 45.49999999999965894, 0.000000000000000000, -1122.500000000000455 ) ) ;
#2264 =( GEOMETRIC_REPRESENTATION_CONTEXT ( 3 ) GLOBAL_UNCERTAINTY_ASSIGNED_CONTEXT ( ( #96 ) ) GLOBAL_UNIT_ASSIGNED_CONTEXT ( ( #4784, #4551, #3715 ) ) REPRESENTATION_CONTEXT ( 'NONE', 'WORKASPACE' ) );
#2265 = VERTEX_POINT ( 'NONE', #260 ) ;
#2266 = ADVANCED_FACE ( 'NONE', ( #4057 ), #2289, .F. ) ;
#2267 = CARTESIAN_POINT ( 'NONE',  ( -45.50000000000062528, -1.040949779275264931E-16, -802.5000000000109139 ) ) ;
#2268 = CIRCLE ( 'NONE', #1469, 2.499999999999946709 ) ;
#2269 = ORIENTED_EDGE ( 'NONE', *, *, #773, .T. ) ;
#2270 = ORIENTED_EDGE ( 'NONE', *, *, #3140, .F. ) ;
#2271 = DIRECTION ( 'NONE',  ( 1.000000000000000000, -3.543264972207945357E-15, -1.227650459922047927E-16 ) ) ;
#2272 = VECTOR ( 'NONE', #2376, 1000.000000000000000 ) ;
#2273 = EDGE_CURVE ( 'NONE', #532, #1789, #850, .T. ) ;
#2274 =( LENGTH_UNIT ( ) NAMED_UNIT ( * ) SI_UNIT ( .MILLI., .METRE. ) );
#2275 = AXIS2_PLACEMENT_3D ( 'NONE', #5509, #2114, #819 ) ;
#2276 = CYLINDRICAL_SURFACE ( 'NONE', #514, 2.499999999999946709 ) ;
#2277 =( NAMED_UNIT ( * ) PLANE_ANGLE_UNIT ( ) SI_UNIT ( $, .RADIAN. ) );
#2278 = DIRECTION ( 'NONE',  ( 1.000000000000000000, -3.543264972207945357E-15, -1.227650459922047927E-16 ) ) ;
#2279 = ORIENTED_EDGE ( 'NONE', *, *, #724, .T. ) ;
#2280 = FACE_OUTER_BOUND ( 'NONE', #3091, .T. ) ;
#2281 = AXIS2_PLACEMENT_3D ( 'NONE', #1431, #3919, #3504 ) ;
#2282 =( GEOMETRIC_REPRESENTATION_CONTEXT ( 3 ) GLOBAL_UNCERTAINTY_ASSIGNED_CONTEXT ( ( #2721 ) ) GLOBAL_UNIT_ASSIGNED_CONTEXT ( ( #696, #3671, #1878 ) ) REPRESENTATION_CONTEXT ( 'NONE', 'WORKASPACE' ) );
#2283 = VECTOR ( 'NONE', #4039, 1000.000000000000000 ) ;
#2284 = CARTESIAN_POINT ( 'NONE',  ( 45.49999999999923261, 0.000000000000000000, -902.5000000000076170 ) ) ;
#2285 = DIRECTION ( 'NONE',  ( -0.000000000000000000, 7.228014483236689653E-17, 1.000000000000000000 ) ) ;
#2286 = CARTESIAN_POINT ( 'NONE',  ( -56.99999999999993605, 47.00000000000001421, 2040.000000000000455 ) ) ;
#2287 = ORIENTED_EDGE ( 'NONE', *, *, #4583, .T. ) ;
#2288 = DIRECTION ( 'NONE',  ( 4.270088556250612152E-15, 1.000000000000000000, 0.000000000000000000 ) ) ;
#2290 = ORIENTED_EDGE ( 'NONE', *, *, #2196, .T. ) ;
#2289 = PLANE ( 'NONE',  #3271 ) ;
#2291 = CYLINDRICAL_SURFACE ( 'NONE', #2451, 2.499999999999946709 ) ;
#2292 = CIRCLE ( 'NONE', #2479, 6.000000000000252243 ) ;
#2293 = EDGE_CURVE ( 'NONE', #1801, #5517, #141, .T. ) ;
#2294 = CARTESIAN_POINT ( 'NONE',  ( -45.49999999999874944, 0.000000000000000000, -980.0000000000051159 ) ) ;
#2295 = ORIENTED_EDGE ( 'NONE', *, *, #2979, .F. ) ;
#2296 = DIRECTION ( 'NONE',  ( 0.000000000000000000, -1.000000000000000000, 0.000000000000000000 ) ) ;
#2297 = ORIENTED_EDGE ( 'NONE', *, *, #1330, .F. ) ;
#2298 = PRESENTATION_STYLE_ASSIGNMENT (( #1916 ) ) ;
#2299 = ADVANCED_FACE ( 'NONE', ( #5387 ), #3450, .T. ) ;
#2301 = VERTEX_POINT ( 'NONE', #877 ) ;
#2300 = DIRECTION ( 'NONE',  ( 0.000000000000000000, 0.000000000000000000, 1.000000000000000000 ) ) ;
#2302 = SURFACE_STYLE_FILL_AREA ( #2810 ) ;
#2303 = ORIENTED_EDGE ( 'NONE', *, *, #190, .F. ) ;
#2304 = CARTESIAN_POINT ( 'NONE',  ( 45.50000000000112266, 0.000000000000000000, -980.0000000000051159 ) ) ;
#2305 = CARTESIAN_POINT ( 'NONE',  ( 45.49999999999923261, -1.040949779275264931E-16, -840.0000000000096634 ) ) ;
#2306 = EDGE_CURVE ( 'NONE', #5351, #5180, #4414, .T. ) ;
#2307 = LINE ( 'NONE', #183, #3758 ) ;
#2308 = LINE ( 'NONE', #2338, #3 ) ;
#2309 = DIRECTION ( 'NONE',  ( 0.000000000000000000, 0.000000000000000000, -1.000000000000000000 ) ) ;
#2310 = DIRECTION ( 'NONE',  ( 0.000000000000000000, 0.000000000000000000, 1.000000000000000000 ) ) ;
#2311 = VECTOR ( 'NONE', #1650, 1000.000000000000000 ) ;
#2312 = ORIENTED_EDGE ( 'NONE', *, *, #920, .F. ) ;
#2313 = DIRECTION ( 'NONE',  ( -0.000000000000000000, 1.000000000000000000, -0.000000000000000000 ) ) ;
#2314 =( LENGTH_UNIT ( ) NAMED_UNIT ( * ) SI_UNIT ( .MILLI., .METRE. ) );
#2315 = CARTESIAN_POINT ( 'NONE',  ( 60.00000000000027711, 33.24999999999979394, 1549.999999999999773 ) ) ;
#2316 =( NAMED_UNIT ( * ) PLANE_ANGLE_UNIT ( ) SI_UNIT ( $, .RADIAN. ) );
#2317 = FACE_BOUND ( 'NONE', #359, .T. ) ;
#2318 = ORIENTED_EDGE ( 'NONE', *, *, #4383, .T. ) ;
#2319 = CYLINDRICAL_SURFACE ( 'NONE', #2992, 3.249999999999992450 ) ;
#2321 = EDGE_LOOP ( 'NONE', ( #4167, #4268, #91, #1119 ) ) ;
#2320 = FILL_AREA_STYLE_COLOUR ( '', #2826 ) ;
#2322 = STYLED_ITEM ( 'NONE', ( #5397 ), #3903 ) ;
#2323 = CARTESIAN_POINT ( 'NONE',  ( 59.99999999999985079, 37.00000000000000000, -2039.999999999999091 ) ) ;
#2324 = VECTOR ( 'NONE', #625, 1000.000000000000000 ) ;
#2325 = PRESENTATION_STYLE_ASSIGNMENT (( #607 ) ) ;
#2326 = CARTESIAN_POINT ( 'NONE',  ( 59.99999999999972999, 0.000000000000000000, -2049.999999999999545 ) ) ;
#2327 = ORIENTED_EDGE ( 'NONE', *, *, #3400, .T. ) ;
#2328 = ORIENTED_EDGE ( 'NONE', *, *, #4686, .F. ) ;
#2329 = CYLINDRICAL_SURFACE ( 'NONE', #1656, 2.499999999999946709 ) ;
#2330 = UNCERTAINTY_MEASURE_WITH_UNIT (LENGTH_MEASURE( 1.000000000000000082E-05 ), #3512, 'distance_accuracy_value', 'NONE');
#2331 = MECHANICAL_DESIGN_GEOMETRIC_PRESENTATION_REPRESENTATION (  '', ( #1335 ), #2515 ) ;
#2332 = VERTEX_POINT ( 'NONE', #12 ) ;
#2333 = ORIENTED_EDGE ( 'NONE', *, *, #5381, .F. ) ;
#2334 = CARTESIAN_POINT ( 'NONE',  ( -45.49999999999895550, -3.000000000000000000, -1000.000000000004434 ) ) ;
#2335 = EDGE_CURVE ( 'NONE', #1447, #134, #1727, .T. ) ;
#2336 = VECTOR ( 'NONE', #138, 1000.000000000000000 ) ;
#2337 = DIRECTION ( 'NONE',  ( -0.000000000000000000, 1.000000000000000000, -0.000000000000000000 ) ) ;
#2338 = CARTESIAN_POINT ( 'NONE',  ( -57.00000000000013500, 33.25000000000063238, 2.411688734876060169E-17 ) ) ;
#2339 = CARTESIAN_POINT ( 'NONE',  ( 53.99999999999997868, 2.999999999999993339, 2050.000000000000000 ) ) ;
#2340 =( GEOMETRIC_REPRESENTATION_CONTEXT ( 3 ) GLOBAL_UNCERTAINTY_ASSIGNED_CONTEXT ( ( #3490 ) ) GLOBAL_UNIT_ASSIGNED_CONTEXT ( ( #5516, #2903, #853 ) ) REPRESENTATION_CONTEXT ( 'NONE', 'WORKASPACE' ) );
#2341 = CARTESIAN_POINT ( 'NONE',  ( 53.99999999999997868, 3.000000000000289546, -2049.999999999999091 ) ) ;
#2342 = EDGE_LOOP ( 'NONE', ( #959, #5261 ) ) ;
#2343 = PRESENTATION_STYLE_ASSIGNMENT (( #597 ) ) ;
#2344 = EDGE_CURVE ( 'NONE', #2970, #5351, #2440, .T. ) ;
#2345 = PRESENTATION_LAYER_ASSIGNMENT (  '', '', ( #299 ) ) ;
#2346 = CARTESIAN_POINT ( 'NONE',  ( -60.00000000000056133, 30.00000000000021316, 1450.000000000000227 ) ) ;
#2347 = LINE ( 'NONE', #3958, #2101 ) ;
#2348 = CARTESIAN_POINT ( 'NONE',  ( -45.49999999999937472, -3.000000000000000000, -1037.500000000003183 ) ) ;
#2349 = VERTEX_POINT ( 'NONE', #4137 ) ;
#2350 = VECTOR ( 'NONE', #2441, 1000.000000000000000 ) ;
#2352 = ORIENTED_EDGE ( 'NONE', *, *, #2653, .F. ) ;
#2351 = DIRECTION ( 'NONE',  ( 0.000000000000000000, 0.000000000000000000, 1.000000000000000000 ) ) ;
#2353 = DIRECTION ( 'NONE',  ( -3.469446951953613400E-15, -1.000000000000000000, 0.000000000000000000 ) ) ;
#2354 = EDGE_CURVE ( 'NONE', #2227, #650, #5119, .T. ) ;
#2355 =( GEOMETRIC_REPRESENTATION_CONTEXT ( 3 ) GLOBAL_UNCERTAINTY_ASSIGNED_CONTEXT ( ( #5213 ) ) GLOBAL_UNIT_ASSIGNED_CONTEXT ( ( #4887, #3666, #4510 ) ) REPRESENTATION_CONTEXT ( 'NONE', 'WORKASPACE' ) );
#2356 = CYLINDRICAL_SURFACE ( 'NONE', #3987, 2.499999999999946709 ) ;
#2357 = DIRECTION ( 'NONE',  ( -0.000000000000000000, 1.000000000000000000, -0.000000000000000000 ) ) ;
#2358 = VERTEX_POINT ( 'NONE', #2829 ) ;
#2359 = CARTESIAN_POINT ( 'NONE',  ( 60.00000000000022027, -1.047444401652940007E-14, 2050.000000000000000 ) ) ;
#2360 = VERTEX_POINT ( 'NONE', #3419 ) ;
#2362 = ORIENTED_EDGE ( 'NONE', *, *, #3465, .T. ) ;
#2361 = CARTESIAN_POINT ( 'NONE',  ( 45.50000000000132161, 0.000000000000000000, -960.0000000000056843 ) ) ;
#2363 = ORIENTED_EDGE ( 'NONE', *, *, #3684, .F. ) ;
#2364 = VECTOR ( 'NONE', #322, 1000.000000000000000 ) ;
#2365 = DIRECTION ( 'NONE',  ( -0.000000000000000000, 1.000000000000000000, -0.000000000000000000 ) ) ;
#2366 =( LENGTH_UNIT ( ) NAMED_UNIT ( * ) SI_UNIT ( .MILLI., .METRE. ) );
#2367 = VECTOR ( 'NONE', #2824, 1000.000000000000000 ) ;
#2368 = EDGE_CURVE ( 'NONE', #728, #4776, #4677, .T. ) ;
#2369 = CARTESIAN_POINT ( 'NONE',  ( -45.49999999999895550, -1.040949779275264931E-16, -997.5000000000045475 ) ) ;
#2370 = DIRECTION ( 'NONE',  ( -0.000000000000000000, 7.228014483236689653E-17, -1.000000000000000000 ) ) ;
#2371 = EDGE_LOOP ( 'NONE', ( #2805, #1518 ) ) ;
#2372 = DIRECTION ( 'NONE',  ( -0.000000000000000000, 1.000000000000000000, -0.000000000000000000 ) ) ;
#2373 = DIRECTION ( 'NONE',  ( 0.000000000000000000, 1.000000000000000000, 0.000000000000000000 ) ) ;
#2374 = CARTESIAN_POINT ( 'NONE',  ( 60.00000000000038369, 47.00000000000000000, 2040.000000000000000 ) ) ;
#2375 = EDGE_CURVE ( 'NONE', #1619, #4147, #5107, .T. ) ;
#2376 = DIRECTION ( 'NONE',  ( -0.000000000000000000, 1.000000000000000000, -0.000000000000000000 ) ) ;
#2377 = DIRECTION ( 'NONE',  ( 8.326672684687973545E-14, -1.000000000000000000, 0.000000000000000000 ) ) ;
#2378 = CIRCLE ( 'NONE', #5307, 2.499999999999946709 ) ;
#2379 = DIRECTION ( 'NONE',  ( -0.000000000000000000, 1.000000000000000000, -0.000000000000000000 ) ) ;
#2380 = AXIS2_PLACEMENT_3D ( 'NONE', #1632, #3381, #755 ) ;
#2381 = FACE_OUTER_BOUND ( 'NONE', #4357, .T. ) ;
#2382 =( NAMED_UNIT ( * ) SI_UNIT ( $, .STERADIAN. ) SOLID_ANGLE_UNIT ( ) );
#2383 = AXIS2_PLACEMENT_3D ( 'NONE', #3163, #5369, #1953 ) ;
#2384 = VECTOR ( 'NONE', #4400, 1000.000000000000000 ) ;
#2385 = FILL_AREA_STYLE ('',( #3246 ) ) ;
#2386 = ADVANCED_FACE ( 'NONE', ( #697 ), #432, .F. ) ;
#2387 = LINE ( 'NONE', #4925, #1252 ) ;
#2388 = ORIENTED_EDGE ( 'NONE', *, *, #615, .T. ) ;
#2389 = DIRECTION ( 'NONE',  ( 1.000000000000000000, -3.543264972207945357E-15, -1.227650459922047927E-16 ) ) ;
#2390 = VERTEX_POINT ( 'NONE', #3732 ) ;
#2391 = CIRCLE ( 'NONE', #5494, 2.499999999999946709 ) ;
#2392 = CIRCLE ( 'NONE', #151, 2.499999999999946709 ) ;
#2393 = CARTESIAN_POINT ( 'NONE',  ( 45.49999999999923261, -3.000000000000000000, -937.5000000000064801 ) ) ;
#2394 = UNCERTAINTY_MEASURE_WITH_UNIT (LENGTH_MEASURE( 1.000000000000000082E-05 ), #1184, 'distance_accuracy_value', 'NONE');
#2395 = STYLED_ITEM ( 'NONE', ( #4456 ), #3071 ) ;
#2397 = VERTEX_POINT ( 'NONE', #2563 ) ;
#2396 = CARTESIAN_POINT ( 'NONE',  ( 60.00000000000034817, 37.00000000000000000, 2040.000000000000000 ) ) ;
#2398 = CARTESIAN_POINT ( 'NONE',  ( -60.00000000000079581, 26.75000000000022382, -349.9999999999996589 ) ) ;
#2399 = CARTESIAN_POINT ( 'NONE',  ( -45.50000000000062528, 0.000000000000000000, -860.0000000000089813 ) ) ;
#2400 = CARTESIAN_POINT ( 'NONE',  ( -57.00000000000013500, 33.25000000000025580, 2.411688734883917963E-17 ) ) ;
#2401 = CARTESIAN_POINT ( 'NONE',  ( 45.50000000000092371, -3.000000000000000000, -1000.000000000004434 ) ) ;
#2402 = CARTESIAN_POINT ( 'NONE',  ( 45.49999999999923261, -1.040949779275264931E-16, -922.5000000000069349 ) ) ;
#2403 = DIRECTION ( 'NONE',  ( -0.000000000000000000, 1.000000000000000000, -0.000000000000000000 ) ) ;
#2404 = ORIENTED_EDGE ( 'NONE', *, *, #2519, .F. ) ;
#2405 = EDGE_LOOP ( 'NONE', ( #2631, #3905, #455, #2419 ) ) ;
#2406 = EDGE_CURVE ( 'NONE', #3580, #1164, #329, .T. ) ;
#2407 = CIRCLE ( 'NONE', #5338, 2.499999999999946709 ) ;
#2408 = DIRECTION ( 'NONE',  ( 0.000000000000000000, 0.000000000000000000, 1.000000000000000000 ) ) ;
#2409 = CYLINDRICAL_SURFACE ( 'NONE', #231, 2.499999999999946709 ) ;
#2410 = DIRECTION ( 'NONE',  ( -4.270088556250616885E-15, -1.000000000000000000, 0.000000000000000000 ) ) ;
#2411 = CARTESIAN_POINT ( 'NONE',  ( -60.00000000000076739, 30.00000000000023093, -249.9999999999999716 ) ) ;
#2412 = CARTESIAN_POINT ( 'NONE',  ( -60.00000000000097344, 30.00000000000023093, -1934.999999999999545 ) ) ;
#2413 = FACE_OUTER_BOUND ( 'NONE', #3162, .T. ) ;
#2414 = STYLED_ITEM ( 'NONE', ( #276 ), #3391 ) ;
#2415 = EDGE_CURVE ( 'NONE', #836, #1631, #2378, .T. ) ;
#2416 = PRESENTATION_STYLE_ASSIGNMENT (( #3650 ) ) ;
#2417 = ORIENTED_EDGE ( 'NONE', *, *, #3841, .F. ) ;
#2418 = FILL_AREA_STYLE ('',( #1025 ) ) ;
#2419 = ORIENTED_EDGE ( 'NONE', *, *, #4991, .F. ) ;
#2420 = CARTESIAN_POINT ( 'NONE',  ( -45.49999999999895550, -1.040949779275264931E-16, -1000.000000000004434 ) ) ;
#2421 = EDGE_CURVE ( 'NONE', #4016, #2473, #4319, .T. ) ;
#2422 = STYLED_ITEM ( 'NONE', ( #5259 ), #3936 ) ;
#2424 = VERTEX_POINT ( 'NONE', #824 ) ;
#2423 =( NAMED_UNIT ( * ) SI_UNIT ( $, .STERADIAN. ) SOLID_ANGLE_UNIT ( ) );
#2425 = VECTOR ( 'NONE', #4152, 1000.000000000000000 ) ;
#2426 = SURFACE_SIDE_STYLE ('',( #2811 ) ) ;
#2427 =( LENGTH_UNIT ( ) NAMED_UNIT ( * ) SI_UNIT ( .MILLI., .METRE. ) );
#2428 = EDGE_CURVE ( 'NONE', #3932, #1032, #4639, .T. ) ;
#2429 = DIRECTION ( 'NONE',  ( -0.000000000000000000, 1.000000000000000000, -0.000000000000000000 ) ) ;
#2430 = SURFACE_STYLE_FILL_AREA ( #1671 ) ;
#2431 = DIRECTION ( 'NONE',  ( 1.000000000000000000, -3.543264972207945357E-15, -1.227650459922047927E-16 ) ) ;
#2432 = LINE ( 'NONE', #1897, #378 ) ;
#2433 = EDGE_LOOP ( 'NONE', ( #3604, #4794, #3625, #5473 ) ) ;
#2434 = ORIENTED_EDGE ( 'NONE', *, *, #1170, .T. ) ;
#2435 = VECTOR ( 'NONE', #4141, 1000.000000000000000 ) ;
#2436 = COLOUR_RGB ( '',0.5294117647058823595, 0.5490196078431373028, 0.5490196078431373028 ) ;
#2437 = CARTESIAN_POINT ( 'NONE',  ( -45.49999999999854339, -1.040949779275264931E-16, -960.0000000000056843 ) ) ;
#2438 = FACE_BOUND ( 'NONE', #950, .T. ) ;
#2439 = CARTESIAN_POINT ( 'NONE',  ( -45.50000000000062528, -1.040949779275264931E-16, -822.5000000000102318 ) ) ;
#2440 = LINE ( 'NONE', #43, #3974 ) ;
#2441 = DIRECTION ( 'NONE',  ( 0.000000000000000000, -7.228014483236689653E-17, -1.000000000000000000 ) ) ;
#2442 = AXIS2_PLACEMENT_3D ( 'NONE', #2201, #1836, #958 ) ;
#2443 = LINE ( 'NONE', #1970, #2838 ) ;
#2444 = PRESENTATION_LAYER_ASSIGNMENT (  '', '', ( #4382 ) ) ;
#2445 = CARTESIAN_POINT ( 'NONE',  ( -45.50000000000062528, 0.000000000000000000, -802.5000000000109139 ) ) ;
#2446 = EDGE_LOOP ( 'NONE', ( #1075, #1001, #5340, #1417 ) ) ;
#2447 = SURFACE_STYLE_FILL_AREA ( #4653 ) ;
#2448 = EDGE_CURVE ( 'NONE', #3123, #196, #5487, .T. ) ;
#2449 = EDGE_LOOP ( 'NONE', ( #5363, #3713, #3179, #369 ) ) ;
#2450 = CARTESIAN_POINT ( 'NONE',  ( -60.00000000000078160, 30.00000000000021316, -349.9999999999996589 ) ) ;
#2451 = AXIS2_PLACEMENT_3D ( 'NONE', #1018, #3647, #1106 ) ;
#2453 = ORIENTED_EDGE ( 'NONE', *, *, #4571, .T. ) ;
#2452 = DIRECTION ( 'NONE',  ( 0.000000000000000000, 0.000000000000000000, 1.000000000000000000 ) ) ;
#2454 = EDGE_CURVE ( 'NONE', #1097, #4778, #3802, .T. ) ;
#2455 = AXIS2_PLACEMENT_3D ( 'NONE', #4812, #977, #4041 ) ;
#2456 = SURFACE_STYLE_USAGE ( .BOTH. , #302 ) ;
#2457 = ADVANCED_FACE ( 'NONE', ( #4253 ), #2620, .T. ) ;
#2458 = DIRECTION ( 'NONE',  ( 0.000000000000000000, -7.228014483236689653E-17, 1.000000000000000000 ) ) ;
#2459 = VERTEX_POINT ( 'NONE', #3050 ) ;
#2460 = ORIENTED_EDGE ( 'NONE', *, *, #2867, .F. ) ;
#2461 = DIRECTION ( 'NONE',  ( -0.000000000000000000, 1.000000000000000000, -0.000000000000000000 ) ) ;
#2462 = VECTOR ( 'NONE', #3591, 1000.000000000000000 ) ;
#2463 = DIRECTION ( 'NONE',  ( 0.000000000000000000, 0.000000000000000000, -1.000000000000000000 ) ) ;
#2464 = CARTESIAN_POINT ( 'NONE',  ( -45.50000000000062528, -1.040949779275264931E-16, -917.5000000000070486 ) ) ;
#2465 = FACE_OUTER_BOUND ( 'NONE', #4282, .T. ) ;
#2466 = CARTESIAN_POINT ( 'NONE',  ( -45.49999999999874944, -3.000000000000000000, -982.5000000000050022 ) ) ;
#2467 = AXIS2_PLACEMENT_3D ( 'NONE', #564, #4022, #193 ) ;
#2468 = DIRECTION ( 'NONE',  ( 0.000000000000000000, 0.000000000000000000, 1.000000000000000000 ) ) ;
#2469 = AXIS2_PLACEMENT_3D ( 'NONE', #4525, #3188, #2835 ) ;
#2470 = CARTESIAN_POINT ( 'NONE',  ( -45.50000000000062528, -3.000000000000000000, -820.0000000000102318 ) ) ;
#2471 = ORIENTED_EDGE ( 'NONE', *, *, #2915, .T. ) ;
#2472 = PRESENTATION_STYLE_ASSIGNMENT (( #3409 ) ) ;
#2473 = VERTEX_POINT ( 'NONE', #2693 ) ;
#2474 = VECTOR ( 'NONE', #3101, 1000.000000000000000 ) ;
#2476 = ORIENTED_EDGE ( 'NONE', *, *, #5212, .T. ) ;
#2475 = LINE ( 'NONE', #1581, #885 ) ;
#2477 = VECTOR ( 'NONE', #1033, 1000.000000000000000 ) ;
#2478 = PRESENTATION_STYLE_ASSIGNMENT (( #763 ) ) ;
#2479 = AXIS2_PLACEMENT_3D ( 'NONE', #232, #668, #317 ) ;
#2480 = EDGE_CURVE ( 'NONE', #2238, #2265, #4504, .T. ) ;
#2481 = LINE ( 'NONE', #402, #2582 ) ;
#2482 = SURFACE_STYLE_USAGE ( .BOTH. , #4968 ) ;
#2483 = SURFACE_SIDE_STYLE ('',( #3395 ) ) ;
#2484 = EDGE_LOOP ( 'NONE', ( #1762, #5003, #5097, #4303 ) ) ;
#2485 = CIRCLE ( 'NONE', #2921, 2.499999999999946709 ) ;
#2486 = ORIENTED_EDGE ( 'NONE', *, *, #2454, .F. ) ;
#2487 = EDGE_CURVE ( 'NONE', #4900, #4541, #1775, .T. ) ;
#2488 = DIRECTION ( 'NONE',  ( 0.000000000000000000, 0.000000000000000000, 1.000000000000000000 ) ) ;
#2489 = DIRECTION ( 'NONE',  ( -1.000000000000000000, 3.491481338843133355E-15, 1.218537466052000931E-16 ) ) ;
#2490 = CARTESIAN_POINT ( 'NONE',  ( 0.000000000000000000, 0.000000000000000000, 0.000000000000000000 ) ) ;
#2491 = FILL_AREA_STYLE_COLOUR ( '', #4849 ) ;
#2492 = DIRECTION ( 'NONE',  ( 0.000000000000000000, 0.000000000000000000, 1.000000000000000000 ) ) ;
#2493 = FACE_BOUND ( 'NONE', #5184, .T. ) ;
#2494 = ORIENTED_EDGE ( 'NONE', *, *, #3228, .F. ) ;
#2495 = CARTESIAN_POINT ( 'NONE',  ( -60.00000000000099476, 26.75000000000019540, -2034.999999999999318 ) ) ;
#2496 = COLOUR_RGB ( '',0.5294117647058823595, 0.5490196078431373028, 0.5490196078431373028 ) ;
#2497 = ORIENTED_EDGE ( 'NONE', *, *, #4215, .T. ) ;
#2498 =( GEOMETRIC_REPRESENTATION_CONTEXT ( 3 ) GLOBAL_UNCERTAINTY_ASSIGNED_CONTEXT ( ( #2607 ) ) GLOBAL_UNIT_ASSIGNED_CONTEXT ( ( #4385, #5134, #4693 ) ) REPRESENTATION_CONTEXT ( 'NONE', 'WORKASPACE' ) );
#2499 = UNCERTAINTY_MEASURE_WITH_UNIT (LENGTH_MEASURE( 1.000000000000000082E-05 ), #4328, 'distance_accuracy_value', 'NONE');
#2501 = ORIENTED_EDGE ( 'NONE', *, *, #1209, .T. ) ;
#2500 = DIRECTION ( 'NONE',  ( -0.000000000000000000, 1.000000000000000000, -0.000000000000000000 ) ) ;
#2502 = DIRECTION ( 'NONE',  ( -0.000000000000000000, 1.000000000000000000, -0.000000000000000000 ) ) ;
#2503 = AXIS2_PLACEMENT_3D ( 'NONE', #4191, #295, #1690 ) ;
#2504 = CARTESIAN_POINT ( 'NONE',  ( -45.50000000000062528, -3.000000000000000000, -942.5000000000063665 ) ) ;
#2505 = AXIS2_PLACEMENT_3D ( 'NONE', #1531, #3200, #1957 ) ;
#2506 = DIRECTION ( 'NONE',  ( -0.000000000000000000, 1.000000000000000000, -0.000000000000000000 ) ) ;
#2507 = FILL_AREA_STYLE_COLOUR ( '', #3679 ) ;
#2508 = FACE_OUTER_BOUND ( 'NONE', #840, .T. ) ;
#2509 = DIRECTION ( 'NONE',  ( -0.000000000000000000, 1.000000000000000000, -0.000000000000000000 ) ) ;
#2510 = ORIENTED_EDGE ( 'NONE', *, *, #4640, .T. ) ;
#2511 = EDGE_CURVE ( 'NONE', #3370, #1251, #1840, .T. ) ;
#2512 = COLOUR_RGB ( '',0.5294117647058823595, 0.5490196078431373028, 0.5490196078431373028 ) ;
#2513 = DIRECTION ( 'NONE',  ( -4.270088556250616885E-15, 1.000000000000000000, 0.000000000000000000 ) ) ;
#2514 = PRESENTATION_STYLE_ASSIGNMENT (( #340 ) ) ;
#2515 =( GEOMETRIC_REPRESENTATION_CONTEXT ( 3 ) GLOBAL_UNCERTAINTY_ASSIGNED_CONTEXT ( ( #5502 ) ) GLOBAL_UNIT_ASSIGNED_CONTEXT ( ( #4493, #670, #1163 ) ) REPRESENTATION_CONTEXT ( 'NONE', 'WORKASPACE' ) );
#2516 =( LENGTH_UNIT ( ) NAMED_UNIT ( * ) SI_UNIT ( .MILLI., .METRE. ) );
#2517 = ORIENTED_EDGE ( 'NONE', *, *, #5263, .T. ) ;
#2518 = CARTESIAN_POINT ( 'NONE',  ( 53.99999999999972999, 3.729655473350135253E-14, -2049.999999999999091 ) ) ;
#2519 = EDGE_CURVE ( 'NONE', #785, #854, #4761, .T. ) ;
#2520 = CARTESIAN_POINT ( 'NONE',  ( -45.50000000000062528, -1.040949779275264931E-16, -840.0000000000096634 ) ) ;
#2521 = FACE_BOUND ( 'NONE', #5303, .T. ) ;
#2522 = VERTEX_POINT ( 'NONE', #925 ) ;
#2523 = CARTESIAN_POINT ( 'NONE',  ( -57.00000000000017053, 33.25000000000020606, -249.9999999999999716 ) ) ;
#2524 = EDGE_CURVE ( 'NONE', #3913, #335, #4950, .T. ) ;
#2525 = ORIENTED_EDGE ( 'NONE', *, *, #2915, .F. ) ;
#2526 = VERTEX_POINT ( 'NONE', #3948 ) ;
#2527 = AXIS2_PLACEMENT_3D ( 'NONE', #2946, #381, #4611 ) ;
#2528 = VERTEX_POINT ( 'NONE', #4008 ) ;
#2529 = CIRCLE ( 'NONE', #2252, 10.00000000000000178 ) ;
#2530 = LINE ( 'NONE', #2556, #320 ) ;
#2531 = SURFACE_STYLE_FILL_AREA ( #2042 ) ;
#2532 = DIRECTION ( 'NONE',  ( 1.000000000000000000, 3.543264972207944962E-15, -1.218537466052001177E-16 ) ) ;
#2533 = FILL_AREA_STYLE ('',( #5510 ) ) ;
#2534 = ORIENTED_EDGE ( 'NONE', *, *, #966, .F. ) ;
#2535 = ORIENTED_EDGE ( 'NONE', *, *, #1729, .F. ) ;
#2536 = DIRECTION ( 'NONE',  ( -0.000000000000000000, 1.000000000000000000, -0.000000000000000000 ) ) ;
#2537 = CARTESIAN_POINT ( 'NONE',  ( -60.00000000000054712, 33.25000000000019895, 1450.000000000000227 ) ) ;
#2538 = AXIS2_PLACEMENT_3D ( 'NONE', #2670, #1266, #2972 ) ;
#2539 = EDGE_CURVE ( 'NONE', #2349, #5398, #1120, .T. ) ;
#2540 = DIRECTION ( 'NONE',  ( -0.000000000000000000, 1.000000000000000000, -0.000000000000000000 ) ) ;
#2541 = SURFACE_SIDE_STYLE ('',( #1623 ) ) ;
#2542 =( NAMED_UNIT ( * ) SI_UNIT ( $, .STERADIAN. ) SOLID_ANGLE_UNIT ( ) );
#2543 = PRESENTATION_LAYER_ASSIGNMENT (  '', '', ( #557 ) ) ;
#2544 = EDGE_CURVE ( 'NONE', #2790, #447, #244, .T. ) ;
#2545 = LINE ( 'NONE', #807, #2743 ) ;
#2546 =( LENGTH_UNIT ( ) NAMED_UNIT ( * ) SI_UNIT ( .MILLI., .METRE. ) );
#2547 = VERTEX_POINT ( 'NONE', #5161 ) ;
#2548 = SURFACE_STYLE_USAGE ( .BOTH. , #2935 ) ;
#2549 = STYLED_ITEM ( 'NONE', ( #2514 ), #1138 ) ;
#2550 = ORIENTED_EDGE ( 'NONE', *, *, #1209, .F. ) ;
#2551 = EDGE_CURVE ( 'NONE', #4371, #3978, #938, .T. ) ;
#2553 = VERTEX_POINT ( 'NONE', #1341 ) ;
#2552 =( NAMED_UNIT ( * ) SI_UNIT ( $, .STERADIAN. ) SOLID_ANGLE_UNIT ( ) );
#2554 = VECTOR ( 'NONE', #4666, 1000.000000000000000 ) ;
#2555 = AXIS2_PLACEMENT_3D ( 'NONE', #2056, #1250, #3306 ) ;
#2556 = CARTESIAN_POINT ( 'NONE',  ( -45.49999999999937472, 0.000000000000000000, -1037.500000000003183 ) ) ;
#2557 = VECTOR ( 'NONE', #1358, 1000.000000000000000 ) ;
#2558 = AXIS2_PLACEMENT_3D ( 'NONE', #4620, #1242, #1159 ) ;
#2559 = CYLINDRICAL_SURFACE ( 'NONE', #1234, 2.499999999999946709 ) ;
#2560 = CARTESIAN_POINT ( 'NONE',  ( 45.50000000000092371, -3.000000000000000000, -997.5000000000045475 ) ) ;
#2561 = DIRECTION ( 'NONE',  ( 1.000000000000000000, -3.543264972207945357E-15, -1.227650459922047927E-16 ) ) ;
#2562 = ORIENTED_EDGE ( 'NONE', *, *, #1409, .F. ) ;
#2563 = CARTESIAN_POINT ( 'NONE',  ( 45.50000000000009237, -1.040949779275264931E-16, -1082.500000000001819 ) ) ;
#2564 = STYLED_ITEM ( 'NONE', ( #5038 ), #2894 ) ;
#2565 = VECTOR ( 'NONE', #1010, 1000.000000000000000 ) ;
#2566 = CARTESIAN_POINT ( 'NONE',  ( -45.50000000000020606, -1.040949779275264931E-16, -1120.000000000000455 ) ) ;
#2567 = AXIS2_PLACEMENT_3D ( 'NONE', #2437, #5352, #3294 ) ;
#2568 = FILL_AREA_STYLE ('',( #4701 ) ) ;
#2569 = FILL_AREA_STYLE_COLOUR ( '', #2436 ) ;
#2570 = FACE_OUTER_BOUND ( 'NONE', #4028, .T. ) ;
#2571 =( NAMED_UNIT ( * ) PLANE_ANGLE_UNIT ( ) SI_UNIT ( $, .RADIAN. ) );
#2572 = FACE_BOUND ( 'NONE', #4720, .T. ) ;
#2573 = EDGE_LOOP ( 'NONE', ( #2318, #211, #1686, #4754 ) ) ;
#2574 = DIRECTION ( 'NONE',  ( -0.000000000000000000, 1.000000000000000000, -0.000000000000000000 ) ) ;
#2575 = ORIENTED_EDGE ( 'NONE', *, *, #4170, .F. ) ;
#2576 = EDGE_CURVE ( 'NONE', #898, #2597, #4078, .T. ) ;
#2577 = CIRCLE ( 'NONE', #434, 3.249999999999988898 ) ;
#2578 = ORIENTED_EDGE ( 'NONE', *, *, #2608, .T. ) ;
#2579 = CARTESIAN_POINT ( 'NONE',  ( 45.49999999999923261, 0.000000000000000000, -800.0000000000109139 ) ) ;
#2580 = EDGE_CURVE ( 'NONE', #270, #4174, #2220, .T. ) ;
#2581 = DIRECTION ( 'NONE',  ( -1.387778780781450606E-16, -2.081668171172175909E-16, -1.000000000000000000 ) ) ;
#2582 = VECTOR ( 'NONE', #4249, 1000.000000000000000 ) ;
#2584 = ORIENTED_EDGE ( 'NONE', *, *, #457, .F. ) ;
#2583 = FACE_OUTER_BOUND ( 'NONE', #1377, .T. ) ;
#2585 = FACE_OUTER_BOUND ( 'NONE', #1914, .T. ) ;
#2586 = DIRECTION ( 'NONE',  ( 0.000000000000000000, 0.000000000000000000, 1.000000000000000000 ) ) ;
#2587 = CYLINDRICAL_SURFACE ( 'NONE', #903, 2.499999999999946709 ) ;
#2588 = MECHANICAL_DESIGN_GEOMETRIC_PRESENTATION_REPRESENTATION (  '', ( #2422 ), #5435 ) ;
#2589 = ORIENTED_EDGE ( 'NONE', *, *, #1695, .T. ) ;
#2590 = DIRECTION ( 'NONE',  ( -1.000000000000000000, 3.543264972207944962E-15, 1.227650459922047927E-16 ) ) ;
#2591 = ADVANCED_FACE ( 'NONE', ( #3534 ), #554, .F. ) ;
#2592 = SURFACE_STYLE_FILL_AREA ( #5108 ) ;
#2593 = AXIS2_PLACEMENT_3D ( 'NONE', #4944, #2788, #4912 ) ;
#2594 = CARTESIAN_POINT ( 'NONE',  ( -60.00000000000099476, 26.75000000000019540, -2034.999999999999318 ) ) ;
#2595 =( NAMED_UNIT ( * ) PLANE_ANGLE_UNIT ( ) SI_UNIT ( $, .RADIAN. ) );
#2596 = CARTESIAN_POINT ( 'NONE',  ( -60.00000000000057554, 26.75000000000022382, 1450.000000000000227 ) ) ;
#2597 = VERTEX_POINT ( 'NONE', #1498 ) ;
#2598 =( NAMED_UNIT ( * ) SI_UNIT ( $, .STERADIAN. ) SOLID_ANGLE_UNIT ( ) );
#2599 = AXIS2_PLACEMENT_3D ( 'NONE', #2043, #4581, #2924 ) ;
#2600 = CARTESIAN_POINT ( 'NONE',  ( 45.50000000000132161, -3.000000000000000000, -962.5000000000056843 ) ) ;
#2601 = CIRCLE ( 'NONE', #5075, 2.499999999999946709 ) ;
#2602 = CARTESIAN_POINT ( 'NONE',  ( 57.00000000000027711, 33.24999999999977973, 1450.000000000000227 ) ) ;
#2603 = PLANE ( 'NONE',  #2242 ) ;
#2604 = VERTEX_POINT ( 'NONE', #4444 ) ;
#2605 =( NAMED_UNIT ( * ) SI_UNIT ( $, .STERADIAN. ) SOLID_ANGLE_UNIT ( ) );
#2606 = VERTEX_POINT ( 'NONE', #298 ) ;
#2607 = UNCERTAINTY_MEASURE_WITH_UNIT (LENGTH_MEASURE( 1.000000000000000082E-05 ), #4385, 'distance_accuracy_value', 'NONE');
#2608 = EDGE_CURVE ( 'NONE', #4217, #4364, #5492, .T. ) ;
#2609 = CIRCLE ( 'NONE', #3232, 2.499999999999946709 ) ;
#2610 = ORIENTED_EDGE ( 'NONE', *, *, #1628, .T. ) ;
#2611 = CARTESIAN_POINT ( 'NONE',  ( 45.50000000000070344, -3.000000000000000000, -1022.500000000003752 ) ) ;
#2612 =( LENGTH_UNIT ( ) NAMED_UNIT ( * ) SI_UNIT ( .MILLI., .METRE. ) );
#2613 = UNCERTAINTY_MEASURE_WITH_UNIT (LENGTH_MEASURE( 1.000000000000000082E-05 ), #465, 'distance_accuracy_value', 'NONE');
#2614 = EDGE_CURVE ( 'NONE', #3745, #1236, #3446, .T. ) ;
#2616 = ORIENTED_EDGE ( 'NONE', *, *, #234, .F. ) ;
#2615 = CARTESIAN_POINT ( 'NONE',  ( 45.50000000000029132, -1.040949779275264931E-16, -1060.000000000002501 ) ) ;
#2617 = VECTOR ( 'NONE', #3722, 1000.000000000000000 ) ;
#2618 = SURFACE_STYLE_FILL_AREA ( #2640 ) ;
#2619 = ORIENTED_EDGE ( 'NONE', *, *, #659, .T. ) ;
#2620 = PLANE ( 'NONE',  #2281 ) ;
#2621 = SURFACE_SIDE_STYLE ('',( #5514 ) ) ;
#2622 = EDGE_CURVE ( 'NONE', #2553, #5305, #5314, .T. ) ;
#2623 = FACE_OUTER_BOUND ( 'NONE', #531, .T. ) ;
#2624 = CARTESIAN_POINT ( 'NONE',  ( 45.50000000000132161, -3.000000000000000000, -960.0000000000056843 ) ) ;
#2625 = FACE_OUTER_BOUND ( 'NONE', #3859, .T. ) ;
#2626 = VECTOR ( 'NONE', #4614, 1000.000000000000000 ) ;
#2627 = DIRECTION ( 'NONE',  ( -0.000000000000000000, 7.228014483236689653E-17, 1.000000000000000000 ) ) ;
#2628 = ORIENTED_EDGE ( 'NONE', *, *, #2635, .T. ) ;
#2629 =( NAMED_UNIT ( * ) SI_UNIT ( $, .STERADIAN. ) SOLID_ANGLE_UNIT ( ) );
#2630 = CIRCLE ( 'NONE', #2467, 2.499999999999946709 ) ;
#2631 = ORIENTED_EDGE ( 'NONE', *, *, #2511, .T. ) ;
#2632 = DIRECTION ( 'NONE',  ( 0.000000000000000000, -1.000000000000000000, 0.000000000000000000 ) ) ;
#2633 = ORIENTED_EDGE ( 'NONE', *, *, #2097, .F. ) ;
#2634 = CARTESIAN_POINT ( 'NONE',  ( 45.49999999999987210, 0.000000000000000000, -1100.000000000001137 ) ) ;
#2635 = EDGE_CURVE ( 'NONE', #1362, #3317, #5277, .T. ) ;
#2637 = VERTEX_POINT ( 'NONE', #3685 ) ;
#2636 = LINE ( 'NONE', #3915, #1971 ) ;
#2638 = PRESENTATION_LAYER_ASSIGNMENT (  '', '', ( #1934 ) ) ;
#2639 = STYLED_ITEM ( 'NONE', ( #2472 ), #1444 ) ;
#2640 = FILL_AREA_STYLE ('',( #41 ) ) ;
#2641 = ORIENTED_EDGE ( 'NONE', *, *, #3781, .F. ) ;
#2642 = CARTESIAN_POINT ( 'NONE',  ( -45.50000000000062528, -3.000000000000000000, -900.0000000000077307 ) ) ;
#2643 = FACE_OUTER_BOUND ( 'NONE', #4652, .T. ) ;
#2644 = ADVANCED_FACE ( 'NONE', ( #4529 ), #4907, .F. ) ;
#2645 = AXIS2_PLACEMENT_3D ( 'NONE', #5202, #1384, #4708 ) ;
#2646 = CARTESIAN_POINT ( 'NONE',  ( 59.99999999999988631, 47.00000000000000000, -2049.999999999999091 ) ) ;
#2647 = DIRECTION ( 'NONE',  ( -0.000000000000000000, 1.000000000000000000, -0.000000000000000000 ) ) ;
#2648 = LINE ( 'NONE', #5224, #3939 ) ;
#2649 = ORIENTED_EDGE ( 'NONE', *, *, #1100, .F. ) ;
#2650 = MECHANICAL_DESIGN_GEOMETRIC_PRESENTATION_REPRESENTATION (  '', ( #5214 ), #4424 ) ;
#2651 = CARTESIAN_POINT ( 'NONE',  ( 45.49999999999923261, -1.040949779275264931E-16, -942.5000000000063665 ) ) ;
#2652 = STYLED_ITEM ( 'NONE', ( #5169 ), #1735 ) ;
#2653 = EDGE_CURVE ( 'NONE', #1712, #3621, #3627, .T. ) ;
#2654 = CARTESIAN_POINT ( 'NONE',  ( 45.49999999999945999, -1.040949779275264931E-16, -1140.000000000000000 ) ) ;
#2655 = VERTEX_POINT ( 'NONE', #2755 ) ;
#2656 = ORIENTED_EDGE ( 'NONE', *, *, #666, .T. ) ;
#2657 = EDGE_CURVE ( 'NONE', #4174, #5234, #1527, .T. ) ;
#2658 = UNCERTAINTY_MEASURE_WITH_UNIT (LENGTH_MEASURE( 1.000000000000000082E-05 ), #5382, 'distance_accuracy_value', 'NONE');
#2659 = FILL_AREA_STYLE_COLOUR ( '', #3734 ) ;
#2660 = ORIENTED_EDGE ( 'NONE', *, *, #1863, .F. ) ;
#2661 = SURFACE_STYLE_USAGE ( .BOTH. , #4349 ) ;
#2662 = VERTEX_POINT ( 'NONE', #4100 ) ;
#2663 = CARTESIAN_POINT ( 'NONE',  ( 57.00000000000004263, 29.99999999999980105, -349.9999999999996589 ) ) ;
#2664 = UNCERTAINTY_MEASURE_WITH_UNIT (LENGTH_MEASURE( 1.000000000000000082E-05 ), #1084, 'distance_accuracy_value', 'NONE');
#2665 = ORIENTED_EDGE ( 'NONE', *, *, #2415, .T. ) ;
#2666 = CARTESIAN_POINT ( 'NONE',  ( -45.50000000000020606, 0.000000000000000000, -1120.000000000000455 ) ) ;
#2667 = EDGE_LOOP ( 'NONE', ( #1389, #2731 ) ) ;
#2668 = FILL_AREA_STYLE ('',( #953 ) ) ;
#2669 = VECTOR ( 'NONE', #4012, 1000.000000000000000 ) ;
#2670 = CARTESIAN_POINT ( 'NONE',  ( -45.49999999999958078, 0.000000000000000000, -1060.000000000002501 ) ) ;
#2671 = EDGE_CURVE ( 'NONE', #5333, #40, #2036, .T. ) ;
#2672 = LINE ( 'NONE', #4362, #5155 ) ;
#2673 = ORIENTED_EDGE ( 'NONE', *, *, #3584, .F. ) ;
#2674 = SURFACE_STYLE_FILL_AREA ( #2123 ) ;
#2675 = PRESENTATION_STYLE_ASSIGNMENT (( #488 ) ) ;
#2676 = MECHANICAL_DESIGN_GEOMETRIC_PRESENTATION_REPRESENTATION (  '', ( #2143 ), #4113 ) ;
#2677 = FILL_AREA_STYLE ('',( #4773 ) ) ;
#2678 = EDGE_CURVE ( 'NONE', #3066, #5310, #1554, .T. ) ;
#2679 = DIRECTION ( 'NONE',  ( 0.000000000000000000, -1.000000000000000000, 0.000000000000000000 ) ) ;
#2680 = EDGE_LOOP ( 'NONE', ( #1083, #4533, #1773, #2988 ) ) ;
#2681 =( LENGTH_UNIT ( ) NAMED_UNIT ( * ) SI_UNIT ( .MILLI., .METRE. ) );
#2682 = AXIS2_PLACEMENT_3D ( 'NONE', #1065, #4073, #1529 ) ;
#2683 = DIRECTION ( 'NONE',  ( 0.000000000000000000, 0.000000000000000000, -1.000000000000000000 ) ) ;
#2684 = EDGE_CURVE ( 'NONE', #4278, #2773, #764, .T. ) ;
#2685 = FILL_AREA_STYLE_COLOUR ( '', #2512 ) ;
#2686 = ORIENTED_EDGE ( 'NONE', *, *, #4157, .F. ) ;
#2687 = CARTESIAN_POINT ( 'NONE',  ( 45.49999999999923261, 0.000000000000000000, -840.0000000000096634 ) ) ;
#2688 = EDGE_LOOP ( 'NONE', ( #5484, #3854, #2800, #997 ) ) ;
#2689 = AXIS2_PLACEMENT_3D ( 'NONE', #1814, #3904, #4824 ) ;
#2691 = ORIENTED_EDGE ( 'NONE', *, *, #290, .F. ) ;
#2690 = FILL_AREA_STYLE ('',( #3366 ) ) ;
#2692 = ORIENTED_EDGE ( 'NONE', *, *, #894, .F. ) ;
#2693 = CARTESIAN_POINT ( 'NONE',  ( -45.49999999999979394, -3.000000000000000000, -1077.500000000001819 ) ) ;
#2694 = AXIS2_PLACEMENT_3D ( 'NONE', #2341, #2370, #3263 ) ;
#2695 = DIRECTION ( 'NONE',  ( 0.000000000000000000, 0.000000000000000000, -1.000000000000000000 ) ) ;
#2696 = PRESENTATION_LAYER_ASSIGNMENT (  '', '', ( #4732 ) ) ;
#2697 = CARTESIAN_POINT ( 'NONE',  ( 45.49999999999923261, -3.000000000000000000, -877.5000000000084128 ) ) ;
#2698 = CARTESIAN_POINT ( 'NONE',  ( 45.50000000000049027, -1.040949779275264931E-16, -1040.000000000003183 ) ) ;
#2699 = FACE_OUTER_BOUND ( 'NONE', #3501, .T. ) ;
#2700 = EDGE_LOOP ( 'NONE', ( #1674, #2471, #5047, #4534 ) ) ;
#2701 = DIRECTION ( 'NONE',  ( -1.000000000000000000, 3.543264972207944962E-15, 1.218537466052001424E-16 ) ) ;
#2702 = CARTESIAN_POINT ( 'NONE',  ( 45.50000000000092371, -1.040949779275264931E-16, -1000.000000000004434 ) ) ;
#2703 = CIRCLE ( 'NONE', #1639, 2.499999999999946709 ) ;
#2704 = EDGE_CURVE ( 'NONE', #1631, #836, #412, .T. ) ;
#2705 =( NAMED_UNIT ( * ) PLANE_ANGLE_UNIT ( ) SI_UNIT ( $, .RADIAN. ) );
#2706 = STYLED_ITEM ( 'NONE', ( #2675 ), #157 ) ;
#2707 = FACE_OUTER_BOUND ( 'NONE', #1638, .T. ) ;
#2708 = DIRECTION ( 'NONE',  ( 0.000000000000000000, -1.000000000000000000, 0.000000000000000000 ) ) ;
#2709 = ORIENTED_EDGE ( 'NONE', *, *, #2785, .F. ) ;
#2710 = LINE ( 'NONE', #4921, #3443 ) ;
#2711 = ORIENTED_EDGE ( 'NONE', *, *, #3505, .T. ) ;
#2712 = ORIENTED_EDGE ( 'NONE', *, *, #2306, .F. ) ;
#2713 = EDGE_CURVE ( 'NONE', #2216, #1140, #3586, .T. ) ;
#2714 = CARTESIAN_POINT ( 'NONE',  ( 59.99999999999972999, -3.000000000000000000, -2049.999999999999545 ) ) ;
#2715 = LINE ( 'NONE', #2326, #5449 ) ;
#2716 = ORIENTED_EDGE ( 'NONE', *, *, #3505, .F. ) ;
#2717 = CARTESIAN_POINT ( 'NONE',  ( -60.00000000000079581, 26.75000000000022382, -349.9999999999996589 ) ) ;
#2718 = ORIENTED_EDGE ( 'NONE', *, *, #1900, .F. ) ;
#2719 = EDGE_CURVE ( 'NONE', #3621, #2183, #2111, .T. ) ;
#2720 = AXIS2_PLACEMENT_3D ( 'NONE', #646, #549, #1055 ) ;
#2721 = UNCERTAINTY_MEASURE_WITH_UNIT (LENGTH_MEASURE( 1.000000000000000082E-05 ), #696, 'distance_accuracy_value', 'NONE');
#2722 = ORIENTED_EDGE ( 'NONE', *, *, #1330, .T. ) ;
#2723 = ORIENTED_EDGE ( 'NONE', *, *, #1797, .F. ) ;
#2724 =( NAMED_UNIT ( * ) SI_UNIT ( $, .STERADIAN. ) SOLID_ANGLE_UNIT ( ) );
#2725 = AXIS2_PLACEMENT_3D ( 'NONE', #5457, #4610, #3394 ) ;
#2726 =( GEOMETRIC_REPRESENTATION_CONTEXT ( 3 ) GLOBAL_UNCERTAINTY_ASSIGNED_CONTEXT ( ( #2664 ) ) GLOBAL_UNIT_ASSIGNED_CONTEXT ( ( #1084, #5362, #3619 ) ) REPRESENTATION_CONTEXT ( 'NONE', 'WORKASPACE' ) );
#2727 = LINE ( 'NONE', #2400, #268 ) ;
#2728 = SURFACE_SIDE_STYLE ('',( #3689 ) ) ;
#2729 = LINE ( 'NONE', #3569, #5069 ) ;
#2730 = CARTESIAN_POINT ( 'NONE',  ( -45.50000000000062528, -1.040949779275264931E-16, -857.5000000000089813 ) ) ;
#2731 = ORIENTED_EDGE ( 'NONE', *, *, #1767, .F. ) ;
#2732 = SURFACE_STYLE_FILL_AREA ( #3572 ) ;
#2733 = CIRCLE ( 'NONE', #330, 2.499999999999946709 ) ;
#2734 = SURFACE_STYLE_USAGE ( .BOTH. , #3087 ) ;
#2735 = MECHANICAL_DESIGN_GEOMETRIC_PRESENTATION_REPRESENTATION (  '', ( #1486 ), #5129 ) ;
#2736 = LINE ( 'NONE', #2284, #926 ) ;
#2737 = CARTESIAN_POINT ( 'NONE',  ( 45.49999999999923261, -3.000000000000000000, -857.5000000000089813 ) ) ;
#2738 = LINE ( 'NONE', #1596, #4130 ) ;
#2739 = ORIENTED_EDGE ( 'NONE', *, *, #4129, .F. ) ;
#2740 = CARTESIAN_POINT ( 'NONE',  ( 45.50000000000009237, 0.000000000000000000, -1077.500000000001819 ) ) ;
#2742 = VERTEX_POINT ( 'NONE', #3965 ) ;
#2741 = PRESENTATION_STYLE_ASSIGNMENT (( #3181 ) ) ;
#2743 = VECTOR ( 'NONE', #1629, 1000.000000000000000 ) ;
#2744 = CIRCLE ( 'NONE', #3813, 2.499999999999946709 ) ;
#2745 = CARTESIAN_POINT ( 'NONE',  ( 45.49999999999965894, -1.040949779275264931E-16, -1117.500000000000682 ) ) ;
#2746 = SURFACE_STYLE_USAGE ( .BOTH. , #8 ) ;
#2747 = VERTEX_POINT ( 'NONE', #5300 ) ;
#2748 = STYLED_ITEM ( 'NONE', ( #537 ), #3019 ) ;
#2749 = SURFACE_SIDE_STYLE ('',( #2001 ) ) ;
#2750 = EDGE_CURVE ( 'NONE', #650, #3960, #4757, .T. ) ;
#2751 = ORIENTED_EDGE ( 'NONE', *, *, #3150, .F. ) ;
#2752 = ORIENTED_EDGE ( 'NONE', *, *, #4903, .T. ) ;
#2753 = EDGE_CURVE ( 'NONE', #4778, #1097, #148, .T. ) ;
#2754 = ORIENTED_EDGE ( 'NONE', *, *, #4331, .T. ) ;
#2755 = CARTESIAN_POINT ( 'NONE',  ( 45.49999999999925393, -3.000000000000000000, -1162.499999999999091 ) ) ;
#2756 = CARTESIAN_POINT ( 'NONE',  ( 45.50000000000112266, 0.000000000000000000, -980.0000000000051159 ) ) ;
#2757 = DIRECTION ( 'NONE',  ( -3.491481338843133355E-15, -1.000000000000000000, 4.254500823401761090E-31 ) ) ;
#2758 = ADVANCED_FACE ( 'NONE', ( #1420 ), #202, .T. ) ;
#2759 = LINE ( 'NONE', #3633, #3477 ) ;
#2760 = CARTESIAN_POINT ( 'NONE',  ( 45.50000000000070344, -1.040949779275264931E-16, -1020.000000000003752 ) ) ;
#2761 = ORIENTED_EDGE ( 'NONE', *, *, #4097, .F. ) ;
#2762 = DIRECTION ( 'NONE',  ( 0.000000000000000000, 0.000000000000000000, 1.000000000000000000 ) ) ;
#2763 = CIRCLE ( 'NONE', #2938, 2.499999999999946709 ) ;
#2764 = CARTESIAN_POINT ( 'NONE',  ( -45.50000000000062528, -3.000000000000000000, -857.5000000000089813 ) ) ;
#2765 = DIRECTION ( 'NONE',  ( -0.000000000000000000, 1.000000000000000000, -0.000000000000000000 ) ) ;
#2766 = FACE_BOUND ( 'NONE', #1515, .T. ) ;
#2767 = EDGE_LOOP ( 'NONE', ( #2754, #2850, #3284, #1542 ) ) ;
#2768 = LINE ( 'NONE', #4461, #857 ) ;
#2769 = PRESENTATION_LAYER_ASSIGNMENT (  '', '', ( #2322 ) ) ;
#2770 = AXIS2_PLACEMENT_3D ( 'NONE', #1066, #3661, #4074 ) ;
#2771 = SURFACE_STYLE_FILL_AREA ( #2385 ) ;
#2772 = SURFACE_SIDE_STYLE ('',( #5302 ) ) ;
#2773 = VERTEX_POINT ( 'NONE', #1819 ) ;
#2774 = EDGE_LOOP ( 'NONE', ( #4192, #4698, #4612, #5086 ) ) ;
#2775 = MECHANICAL_DESIGN_GEOMETRIC_PRESENTATION_REPRESENTATION (  '', ( #3578 ), #1791 ) ;
#2776 = SURFACE_SIDE_STYLE ('',( #3191 ) ) ;
#2777 = EDGE_CURVE ( 'NONE', #3254, #2597, #3151, .T. ) ;
#2778 = UNCERTAINTY_MEASURE_WITH_UNIT (LENGTH_MEASURE( 1.000000000000000082E-05 ), #4365, 'distance_accuracy_value', 'NONE');
#2779 = AXIS2_PLACEMENT_3D ( 'NONE', #2294, #1851, #1259 ) ;
#2781 = ORIENTED_EDGE ( 'NONE', *, *, #4801, .T. ) ;
#2780 = DIRECTION ( 'NONE',  ( -0.000000000000000000, 1.000000000000000000, -0.000000000000000000 ) ) ;
#2782 = APPLICATION_PROTOCOL_DEFINITION ( 'draft international standard', 'automotive_design', 1998, #1122 ) ;
#2783 = ORIENTED_EDGE ( 'NONE', *, *, #4670, .T. ) ;
#2784 = FILL_AREA_STYLE_COLOUR ( '', #5017 ) ;
#2785 = EDGE_CURVE ( 'NONE', #4252, #1398, #4800, .T. ) ;
#2786 = FILL_AREA_STYLE ('',( #4942 ) ) ;
#2787 = DIRECTION ( 'NONE',  ( 0.000000000000000000, 0.000000000000000000, -1.000000000000000000 ) ) ;
#2788 = DIRECTION ( 'NONE',  ( -1.000000000000000000, 3.543264972207944962E-15, 1.218537466052001424E-16 ) ) ;
#2789 = CARTESIAN_POINT ( 'NONE',  ( 59.99999999999981526, 26.74999999999976552, -2034.999999999999318 ) ) ;
#2790 = VERTEX_POINT ( 'NONE', #2745 ) ;
#2791 = LINE ( 'NONE', #3541, #2119 ) ;
#2792 = SURFACE_SIDE_STYLE ('',( #2732 ) ) ;
#2793 = ADVANCED_FACE ( 'NONE', ( #90 ), #498, .F. ) ;
#2794 = VECTOR ( 'NONE', #1828, 1000.000000000000000 ) ;
#2795 = DIRECTION ( 'NONE',  ( 0.000000000000000000, 0.000000000000000000, 1.000000000000000000 ) ) ;
#2796 = CARTESIAN_POINT ( 'NONE',  ( -60.00000000000078160, 26.75000000000024158, -249.9999999999999716 ) ) ;
#2797 = FACE_BOUND ( 'NONE', #5297, .T. ) ;
#2798 = VERTEX_POINT ( 'NONE', #3938 ) ;
#2799 = CARTESIAN_POINT ( 'NONE',  ( 45.49999999999923261, 0.000000000000000000, -920.0000000000070486 ) ) ;
#2800 = ORIENTED_EDGE ( 'NONE', *, *, #4868, .T. ) ;
#2801 = COLOUR_RGB ( '',0.5294117647058823595, 0.5490196078431373028, 0.5490196078431373028 ) ;
#2802 = CARTESIAN_POINT ( 'NONE',  ( -45.50000000000020606, 0.000000000000000000, -1122.500000000000455 ) ) ;
#2803 = ORIENTED_EDGE ( 'NONE', *, *, #4552, .T. ) ;
#2804 = CYLINDRICAL_SURFACE ( 'NONE', #929, 2.499999999999946709 ) ;
#2805 = ORIENTED_EDGE ( 'NONE', *, *, #4182, .F. ) ;
#2806 = CARTESIAN_POINT ( 'NONE',  ( 45.49999999999987210, 0.000000000000000000, -1100.000000000001137 ) ) ;
#2807 = COLOUR_RGB ( '',0.5294117647058823595, 0.5490196078431373028, 0.5490196078431373028 ) ;
#2809 = ORIENTED_EDGE ( 'NONE', *, *, #1238, .T. ) ;
#2808 = FACE_OUTER_BOUND ( 'NONE', #4173, .T. ) ;
#2810 = FILL_AREA_STYLE ('',( #5312 ) ) ;
#2811 = SURFACE_STYLE_FILL_AREA ( #4937 ) ;
#2812 = FILL_AREA_STYLE ('',( #2784 ) ) ;
#2813 = AXIS2_PLACEMENT_3D ( 'NONE', #3444, #37, #3840 ) ;
#2814 = CARTESIAN_POINT ( 'NONE',  ( 45.49999999999923261, -3.000000000000000000, -800.0000000000109139 ) ) ;
#2815 = AXIS2_PLACEMENT_3D ( 'NONE', #3112, #4487, #4084 ) ;
#2816 = CARTESIAN_POINT ( 'NONE',  ( -60.00000000000056133, 26.75000000000024158, 1549.999999999999773 ) ) ;
#2817 = CARTESIAN_POINT ( 'NONE',  ( -45.49999999999958078, -1.040949779275264931E-16, -1057.500000000002501 ) ) ;
#2818 = ORIENTED_EDGE ( 'NONE', *, *, #4723, .T. ) ;
#2819 = DIRECTION ( 'NONE',  ( 0.000000000000000000, -1.000000000000000000, 0.000000000000000000 ) ) ;
#2820 = EDGE_CURVE ( 'NONE', #86, #3066, #3279, .T. ) ;
#2821 = FILL_AREA_STYLE_COLOUR ( '', #5275 ) ;
#2822 = VECTOR ( 'NONE', #3494, 1000.000000000000000 ) ;
#2823 =( NAMED_UNIT ( * ) SI_UNIT ( $, .STERADIAN. ) SOLID_ANGLE_UNIT ( ) );
#2824 = DIRECTION ( 'NONE',  ( 3.543264972207946145E-15, 1.000000000000000000, 9.448706592554520425E-15 ) ) ;
#2825 = FACE_BOUND ( 'NONE', #4142, .T. ) ;
#2826 = COLOUR_RGB ( '',0.5294117647058823595, 0.5490196078431373028, 0.5490196078431373028 ) ;
#2827 = SURFACE_STYLE_USAGE ( .BOTH. , #1448 ) ;
#2828 = EDGE_CURVE ( 'NONE', #1140, #5234, #2292, .T. ) ;
#2829 = CARTESIAN_POINT ( 'NONE',  ( -45.50000000000062528, -3.000000000000000000, -922.5000000000069349 ) ) ;
#2830 = CYLINDRICAL_SURFACE ( 'NONE', #25, 10.00000000000000178 ) ;
#2831 = MECHANICAL_DESIGN_GEOMETRIC_PRESENTATION_REPRESENTATION (  '', ( #3638 ), #4684 ) ;
#2832 = MECHANICAL_DESIGN_GEOMETRIC_PRESENTATION_REPRESENTATION (  '', ( #1297 ), #5211 ) ;
#2833 = DIRECTION ( 'NONE',  ( 0.000000000000000000, -1.000000000000000000, 0.000000000000000000 ) ) ;
#2834 = ORIENTED_EDGE ( 'NONE', *, *, #3756, .F. ) ;
#2835 = DIRECTION ( 'NONE',  ( 0.000000000000000000, 0.000000000000000000, 1.000000000000000000 ) ) ;
#2836 = ADVANCED_FACE ( 'NONE', ( #1574 ), #1544, .F. ) ;
#2837 = EDGE_LOOP ( 'NONE', ( #4270, #4063 ) ) ;
#2838 = VECTOR ( 'NONE', #2053, 1000.000000000000000 ) ;
#2839 = VECTOR ( 'NONE', #4482, 1000.000000000000000 ) ;
#2840 = DIRECTION ( 'NONE',  ( 1.000000000000000000, 3.491481338843133355E-15, -1.218537466052001177E-16 ) ) ;
#2841 = UNCERTAINTY_MEASURE_WITH_UNIT (LENGTH_MEASURE( 1.000000000000000082E-05 ), #976, 'distance_accuracy_value', 'NONE');
#2842 = PRESENTATION_LAYER_ASSIGNMENT (  '', '', ( #4604 ) ) ;
#2844 = EDGE_LOOP ( 'NONE', ( #2486, #3218 ) ) ;
#2843 = SURFACE_SIDE_STYLE ('',( #1858 ) ) ;
#2845 = CARTESIAN_POINT ( 'NONE',  ( 59.99999999999988631, 47.00000000000000000, -2039.999999999999091 ) ) ;
#2846 = CARTESIAN_POINT ( 'NONE',  ( 45.49999999999923261, -1.040949779275264931E-16, -940.0000000000063665 ) ) ;
#2847 = CARTESIAN_POINT ( 'NONE',  ( -57.00000000000027001, 2.999999999999902744, -2049.999999999999545 ) ) ;
#2848 = DIRECTION ( 'NONE',  ( 0.000000000000000000, 0.000000000000000000, -1.000000000000000000 ) ) ;
#2849 = ORIENTED_EDGE ( 'NONE', *, *, #1605, .F. ) ;
#2850 = ORIENTED_EDGE ( 'NONE', *, *, #3338, .T. ) ;
#2851 = EDGE_CURVE ( 'NONE', #1741, #2996, #2443, .T. ) ;
#2852 = CIRCLE ( 'NONE', #79, 3.250000000000016875 ) ;
#2853 = FACE_OUTER_BOUND ( 'NONE', #4212, .T. ) ;
#2854 = SURFACE_STYLE_FILL_AREA ( #3269 ) ;
#2855 = FACE_BOUND ( 'NONE', #2190, .T. ) ;
#2856 = SURFACE_STYLE_FILL_AREA ( #3778 ) ;
#2857 = DIRECTION ( 'NONE',  ( 0.000000000000000000, 0.000000000000000000, -1.000000000000000000 ) ) ;
#2858 = CIRCLE ( 'NONE', #4267, 2.499999999999946709 ) ;
#2859 = ADVANCED_FACE ( 'NONE', ( #1514 ), #2356, .F. ) ;
#2860 = CARTESIAN_POINT ( 'NONE',  ( 45.49999999999987210, -1.040949779275264931E-16, -1100.000000000001137 ) ) ;
#2861 = CIRCLE ( 'NONE', #3473, 2.499999999999946709 ) ;
#2862 = FILL_AREA_STYLE_COLOUR ( '', #286 ) ;
#2863 = ORIENTED_EDGE ( 'NONE', *, *, #1968, .T. ) ;
#2864 = DIRECTION ( 'NONE',  ( 0.000000000000000000, 0.000000000000000000, 1.000000000000000000 ) ) ;
#2865 = ORIENTED_EDGE ( 'NONE', *, *, #4343, .T. ) ;
#2866 = CARTESIAN_POINT ( 'NONE',  ( 53.99999999999972999, 3.729655473350135253E-14, -2050.000000000000000 ) ) ;
#2867 = EDGE_CURVE ( 'NONE', #919, #1338, #4924, .T. ) ;
#2868 = ORIENTED_EDGE ( 'NONE', *, *, #393, .F. ) ;
#2869 = CYLINDRICAL_SURFACE ( 'NONE', #5389, 2.499999999999946709 ) ;
#2870 = VECTOR ( 'NONE', #5456, 1000.000000000000000 ) ;
#2871 = CARTESIAN_POINT ( 'NONE',  ( 45.50000000000009237, -1.040949779275264931E-16, -1080.000000000001819 ) ) ;
#2872 = DIRECTION ( 'NONE',  ( 0.000000000000000000, 0.000000000000000000, -1.000000000000000000 ) ) ;
#2873 = ORIENTED_EDGE ( 'NONE', *, *, #827, .F. ) ;
#2874 = ORIENTED_EDGE ( 'NONE', *, *, #987, .T. ) ;
#2875 = COLOUR_RGB ( '',0.5294117647058823595, 0.5490196078431373028, 0.5490196078431373028 ) ;
#2876 = CYLINDRICAL_SURFACE ( 'NONE', #4959, 3.249999999999988898 ) ;
#2877 = LINE ( 'NONE', #5438, #5395 ) ;
#2878 =( NAMED_UNIT ( * ) PLANE_ANGLE_UNIT ( ) SI_UNIT ( $, .RADIAN. ) );
#2879 = CARTESIAN_POINT ( 'NONE',  ( -45.50000000000062528, -3.000000000000000000, -1159.999999999999318 ) ) ;
#2880 = CIRCLE ( 'NONE', #4556, 2.499999999999946709 ) ;
#2881 = CARTESIAN_POINT ( 'NONE',  ( -45.50000000000062528, 0.000000000000000000, -840.0000000000096634 ) ) ;
#2882 = COLOUR_RGB ( '',0.5294117647058823595, 0.5490196078431373028, 0.5490196078431373028 ) ;
#2883 =( GEOMETRIC_REPRESENTATION_CONTEXT ( 3 ) GLOBAL_UNCERTAINTY_ASSIGNED_CONTEXT ( ( #1253 ) ) GLOBAL_UNIT_ASSIGNED_CONTEXT ( ( #4721, #2219, #1397 ) ) REPRESENTATION_CONTEXT ( 'NONE', 'WORKASPACE' ) );
#2884 = ORIENTED_EDGE ( 'NONE', *, *, #2544, .T. ) ;
#2885 = ORIENTED_EDGE ( 'NONE', *, *, #224, .T. ) ;
#2886 = EDGE_LOOP ( 'NONE', ( #154, #3357, #1422, #2295 ) ) ;
#2887 = EDGE_CURVE ( 'NONE', #2597, #898, #2391, .T. ) ;
#2888 = CARTESIAN_POINT ( 'NONE',  ( 45.49999999999923261, -1.040949779275264931E-16, -802.5000000000109139 ) ) ;
#2889 =( GEOMETRIC_REPRESENTATION_CONTEXT ( 3 ) GLOBAL_UNCERTAINTY_ASSIGNED_CONTEXT ( ( #1771 ) ) GLOBAL_UNIT_ASSIGNED_CONTEXT ( ( #1683, #1244, #2542 ) ) REPRESENTATION_CONTEXT ( 'NONE', 'WORKASPACE' ) );
#2890 = UNCERTAINTY_MEASURE_WITH_UNIT (LENGTH_MEASURE( 1.000000000000000082E-05 ), #4036, 'distance_accuracy_value', 'NONE');
#2892 = VERTEX_POINT ( 'NONE', #3649 ) ;
#2891 = DIRECTION ( 'NONE',  ( -1.000000000000000000, 3.543264972207945357E-15, 0.000000000000000000 ) ) ;
#2893 = AXIS2_PLACEMENT_3D ( 'NONE', #2093, #4559, #3794 ) ;
#2894 = ADVANCED_FACE ( 'NONE', ( #1049 ), #4464, .F. ) ;
#2895 = FILL_AREA_STYLE_COLOUR ( '', #2807 ) ;
#2896 = CARTESIAN_POINT ( 'NONE',  ( -60.00000000000001421, -2.230703423490061798E-13, 7.311224796312010218E-15 ) ) ;
#2897 = ORIENTED_EDGE ( 'NONE', *, *, #2097, .T. ) ;
#2898 = VERTEX_POINT ( 'NONE', #2958 ) ;
#2899 = VECTOR ( 'NONE', #475, 1000.000000000000000 ) ;
#2900 = FACE_OUTER_BOUND ( 'NONE', #1884, .T. ) ;
#2901 = VECTOR ( 'NONE', #527, 1000.000000000000000 ) ;
#2902 = FACE_BOUND ( 'NONE', #307, .T. ) ;
#2903 =( NAMED_UNIT ( * ) PLANE_ANGLE_UNIT ( ) SI_UNIT ( $, .RADIAN. ) );
#2904 = SURFACE_STYLE_FILL_AREA ( #5386 ) ;
#2905 =( NAMED_UNIT ( * ) PLANE_ANGLE_UNIT ( ) SI_UNIT ( $, .RADIAN. ) );
#2906 = VECTOR ( 'NONE', #4396, 1000.000000000000000 ) ;
#2907 = FILL_AREA_STYLE ('',( #1273 ) ) ;
#2908 = MECHANICAL_DESIGN_GEOMETRIC_PRESENTATION_REPRESENTATION (  '', ( #1663 ), #1576 ) ;
#2909 = FACE_BOUND ( 'NONE', #5460, .T. ) ;
#2910 = ORIENTED_EDGE ( 'NONE', *, *, #1871, .T. ) ;
#2911 = FACE_OUTER_BOUND ( 'NONE', #679, .T. ) ;
#2912 = VERTEX_POINT ( 'NONE', #3828 ) ;
#2913 = COLOUR_RGB ( '',0.5294117647058823595, 0.5490196078431373028, 0.5490196078431373028 ) ;
#2914 = AXIS2_PLACEMENT_3D ( 'NONE', #2495, #2128, #4545 ) ;
#2915 = EDGE_CURVE ( 'NONE', #3209, #3966, #414, .T. ) ;
#2917 = ORIENTED_EDGE ( 'NONE', *, *, #1454, .T. ) ;
#2916 = DIRECTION ( 'NONE',  ( 3.543264972207945357E-15, 1.000000000000000000, -1.734723475976818188E-16 ) ) ;
#2918 =( GEOMETRIC_REPRESENTATION_CONTEXT ( 3 ) GLOBAL_UNCERTAINTY_ASSIGNED_CONTEXT ( ( #2613 ) ) GLOBAL_UNIT_ASSIGNED_CONTEXT ( ( #465, #1657, #2207 ) ) REPRESENTATION_CONTEXT ( 'NONE', 'WORKASPACE' ) );
#2919 = AXIS2_PLACEMENT_3D ( 'NONE', #3827, #5518, #49 ) ;
#2920 = CARTESIAN_POINT ( 'NONE',  ( -45.50000000000062528, 0.000000000000000000, -822.5000000000102318 ) ) ;
#2921 = AXIS2_PLACEMENT_3D ( 'NONE', #5199, #2253, #3957 ) ;
#2922 = EDGE_CURVE ( 'NONE', #3960, #3355, #1215, .T. ) ;
#2923 = DIRECTION ( 'NONE',  ( 0.000000000000000000, 0.000000000000000000, 1.000000000000000000 ) ) ;
#2924 = DIRECTION ( 'NONE',  ( 1.000000000000000000, 0.000000000000000000, -0.000000000000000000 ) ) ;
#2925 = CARTESIAN_POINT ( 'NONE',  ( -57.00000000000017764, 33.25000000000018474, -349.9999999999996589 ) ) ;
#2926 = VERTEX_POINT ( 'NONE', #861 ) ;
#2927 = ORIENTED_EDGE ( 'NONE', *, *, #5437, .T. ) ;
#2928 = EDGE_CURVE ( 'NONE', #2970, #1741, #831, .T. ) ;
#2929 = CARTESIAN_POINT ( 'NONE',  ( -45.49999999999916866, -3.000000000000000000, -1020.000000000003752 ) ) ;
#2930 = FILL_AREA_STYLE ('',( #5059 ) ) ;
#2931 =( LENGTH_UNIT ( ) NAMED_UNIT ( * ) SI_UNIT ( .MILLI., .METRE. ) );
#2932 = SURFACE_STYLE_FILL_AREA ( #3350 ) ;
#2933 = FACE_BOUND ( 'NONE', #1484, .T. ) ;
#2934 = EDGE_LOOP ( 'NONE', ( #2691, #468 ) ) ;
#2935 = SURFACE_SIDE_STYLE ('',( #1222 ) ) ;
#2936 = CIRCLE ( 'NONE', #2131, 10.00000000000000178 ) ;
#2937 = VERTEX_POINT ( 'NONE', #4209 ) ;
#2938 = AXIS2_PLACEMENT_3D ( 'NONE', #1231, #4151, #3313 ) ;
#2940 = ORIENTED_EDGE ( 'NONE', *, *, #2950, .F. ) ;
#2939 = DIRECTION ( 'NONE',  ( -0.000000000000000000, 1.000000000000000000, -0.000000000000000000 ) ) ;
#2941 = CIRCLE ( 'NONE', #3390, 2.499999999999946709 ) ;
#2942 = EDGE_CURVE ( 'NONE', #1424, #1631, #2545, .T. ) ;
#2943 = CIRCLE ( 'NONE', #3673, 2.499999999999946709 ) ;
#2944 = CARTESIAN_POINT ( 'NONE',  ( -45.49999999999937472, -1.040949779275264931E-16, -1042.500000000003183 ) ) ;
#2945 = DIRECTION ( 'NONE',  ( -1.000000000000000000, 3.543264972207944962E-15, 1.227650459922047927E-16 ) ) ;
#2946 = CARTESIAN_POINT ( 'NONE',  ( -57.00000000000039790, 37.00000000000001421, -2039.999999999999545 ) ) ;
#2947 = ORIENTED_EDGE ( 'NONE', *, *, #3677, .T. ) ;
#2948 = ORIENTED_EDGE ( 'NONE', *, *, #4734, .T. ) ;
#2949 = DIRECTION ( 'NONE',  ( 0.000000000000000000, 0.000000000000000000, 1.000000000000000000 ) ) ;
#2950 = EDGE_CURVE ( 'NONE', #2662, #1820, #4235, .T. ) ;
#2951 = VECTOR ( 'NONE', #4044, 1000.000000000000000 ) ;
#2952 = CIRCLE ( 'NONE', #1622, 2.499999999999946709 ) ;
#2953 = DIRECTION ( 'NONE',  ( -0.000000000000000000, 1.000000000000000000, -0.000000000000000000 ) ) ;
#2954 = EDGE_LOOP ( 'NONE', ( #1439, #2589, #1624, #4577 ) ) ;
#2955 = PRESENTATION_STYLE_ASSIGNMENT (( #313 ) ) ;
#2956 = EDGE_CURVE ( 'NONE', #177, #65, #4689, .T. ) ;
#2957 = VECTOR ( 'NONE', #4729, 1000.000000000000000 ) ;
#2958 = CARTESIAN_POINT ( 'NONE',  ( -59.99999999999989342, 37.00000000000000000, 2050.000000000000000 ) ) ;
#2959 = FACE_BOUND ( 'NONE', #1974, .T. ) ;
#2960 = ORIENTED_EDGE ( 'NONE', *, *, #1932, .F. ) ;
#2961 = AXIS2_PLACEMENT_3D ( 'NONE', #2174, #3878, #4311 ) ;
#2962 = ORIENTED_EDGE ( 'NONE', *, *, #2241, .T. ) ;
#2964 = ORIENTED_EDGE ( 'NONE', *, *, #1605, .T. ) ;
#2963 = CARTESIAN_POINT ( 'NONE',  ( 45.50000000000092371, 0.000000000000000000, -1002.500000000004434 ) ) ;
#2965 = DIRECTION ( 'NONE',  ( 0.000000000000000000, -7.228014483236689653E-17, 1.000000000000000000 ) ) ;
#2966 = MECHANICAL_DESIGN_GEOMETRIC_PRESENTATION_REPRESENTATION (  '', ( #4656 ), #1090 ) ;
#2967 = SURFACE_SIDE_STYLE ('',( #2531 ) ) ;
#2968 = DIRECTION ( 'NONE',  ( 0.000000000000000000, 0.000000000000000000, 1.000000000000000000 ) ) ;
#2969 = CYLINDRICAL_SURFACE ( 'NONE', #4690, 3.000000000000252243 ) ;
#2970 = VERTEX_POINT ( 'NONE', #2602 ) ;
#2971 = DIRECTION ( 'NONE',  ( -0.000000000000000000, 1.000000000000000000, -0.000000000000000000 ) ) ;
#2972 = DIRECTION ( 'NONE',  ( 0.000000000000000000, 0.000000000000000000, 1.000000000000000000 ) ) ;
#2973 = AXIS2_PLACEMENT_3D ( 'NONE', #896, #401, #3892 ) ;
#2974 = EDGE_CURVE ( 'NONE', #2898, #3469, #583, .T. ) ;
#2975 = DIRECTION ( 'NONE',  ( -1.000000000000000000, 3.491481338843133355E-15, 1.218537466052001177E-16 ) ) ;
#2976 = DIRECTION ( 'NONE',  ( 0.000000000000000000, 0.000000000000000000, 1.000000000000000000 ) ) ;
#2977 = VECTOR ( 'NONE', #2581, 1000.000000000000000 ) ;
#2978 =( NAMED_UNIT ( * ) PLANE_ANGLE_UNIT ( ) SI_UNIT ( $, .RADIAN. ) );
#2979 = EDGE_CURVE ( 'NONE', #2912, #2926, #3782, .T. ) ;
#2980 = VERTEX_POINT ( 'NONE', #1711 ) ;
#2981 = DIRECTION ( 'NONE',  ( -0.000000000000000000, 1.000000000000000000, -0.000000000000000000 ) ) ;
#2982 = CIRCLE ( 'NONE', #5198, 2.499999999999946709 ) ;
#2983 = CARTESIAN_POINT ( 'NONE',  ( 60.00000000000023448, 2.999999999999977796, 2050.000000000000000 ) ) ;
#2984 = ORIENTED_EDGE ( 'NONE', *, *, #87, .T. ) ;
#2985 = AXIS2_PLACEMENT_3D ( 'NONE', #1260, #3369, #355 ) ;
#2986 = VECTOR ( 'NONE', #3889, 1000.000000000000000 ) ;
#2987 = ADVANCED_FACE ( 'NONE', ( #3406 ), #5091, .F. ) ;
#2988 = ORIENTED_EDGE ( 'NONE', *, *, #5045, .F. ) ;
#2989 = VECTOR ( 'NONE', #3613, 1000.000000000000000 ) ;
#2990 = SURFACE_STYLE_FILL_AREA ( #2136 ) ;
#2991 = PRESENTATION_LAYER_ASSIGNMENT (  '', '', ( #4592 ) ) ;
#2992 = AXIS2_PLACEMENT_3D ( 'NONE', #4026, #197, #1907 ) ;
#2993 = ORIENTED_EDGE ( 'NONE', *, *, #4882, .F. ) ;
#2994 = DIRECTION ( 'NONE',  ( -0.000000000000000000, 1.000000000000000000, -0.000000000000000000 ) ) ;
#2995 = PRESENTATION_STYLE_ASSIGNMENT (( #3099 ) ) ;
#2996 = VERTEX_POINT ( 'NONE', #2315 ) ;
#2997 = CARTESIAN_POINT ( 'NONE',  ( -59.99999999999989342, 37.00000000000000000, 2040.000000000000455 ) ) ;
#2998 =( NAMED_UNIT ( * ) SI_UNIT ( $, .STERADIAN. ) SOLID_ANGLE_UNIT ( ) );
#2999 = STYLED_ITEM ( 'NONE', ( #4985 ), #2836 ) ;
#3000 = CIRCLE ( 'NONE', #2275, 2.499999999999946709 ) ;
#3001 = CARTESIAN_POINT ( 'NONE',  ( -45.49999999999895550, 0.000000000000000000, -1002.500000000004434 ) ) ;
#3002 = MECHANICAL_DESIGN_GEOMETRIC_PRESENTATION_REPRESENTATION (  '', ( #2748 ), #3897 ) ;
#3003 = DIRECTION ( 'NONE',  ( 0.000000000000000000, 0.000000000000000000, -1.000000000000000000 ) ) ;
#3004 = CARTESIAN_POINT ( 'NONE',  ( 45.49999999999965894, -3.000000000000000000, -1122.500000000000455 ) ) ;
#3005 = ORIENTED_EDGE ( 'NONE', *, *, #80, .T. ) ;
#3006 = CARTESIAN_POINT ( 'NONE',  ( -45.49999999999854339, 0.000000000000000000, -962.5000000000056843 ) ) ;
#3007 = DIRECTION ( 'NONE',  ( -0.000000000000000000, 1.000000000000000000, -0.000000000000000000 ) ) ;
#3008 = EDGE_CURVE ( 'NONE', #4541, #2798, #248, .T. ) ;
#3009 = CARTESIAN_POINT ( 'NONE',  ( -59.99999999999989342, 37.00000000000000000, 2040.000000000000455 ) ) ;
#3010 = FACE_BOUND ( 'NONE', #3945, .T. ) ;
#3011 = EDGE_LOOP ( 'NONE', ( #1647, #1285 ) ) ;
#3012 = CYLINDRICAL_SURFACE ( 'NONE', #2645, 2.499999999999946709 ) ;
#3013 = LINE ( 'NONE', #4293, #3084 ) ;
#3014 = ORIENTED_EDGE ( 'NONE', *, *, #297, .T. ) ;
#3015 = ADVANCED_FACE ( 'NONE', ( #3544 ), #1352, .F. ) ;
#3016 = AXIS2_PLACEMENT_3D ( 'NONE', #4204, #385, #3982 ) ;
#3017 = VERTEX_POINT ( 'NONE', #4340 ) ;
#3018 = CARTESIAN_POINT ( 'NONE',  ( 60.00000000000022737, 0.000000000000000000, 2050.000000000000000 ) ) ;
#3019 = ADVANCED_FACE ( 'NONE', ( #5229 ), #3930, .F. ) ;
#3021 = ORIENTED_EDGE ( 'NONE', *, *, #3787, .T. ) ;
#3020 = CARTESIAN_POINT ( 'NONE',  ( -45.50000000000062528, 0.000000000000000000, -880.0000000000082991 ) ) ;
#3022 =( NAMED_UNIT ( * ) PLANE_ANGLE_UNIT ( ) SI_UNIT ( $, .RADIAN. ) );
#3023 = ORIENTED_EDGE ( 'NONE', *, *, #95, .T. ) ;
#3024 = CARTESIAN_POINT ( 'NONE',  ( 45.50000000000009237, 0.000000000000000000, -1080.000000000001819 ) ) ;
#3025 = CIRCLE ( 'NONE', #2505, 3.249999999999985345 ) ;
#3026 = CARTESIAN_POINT ( 'NONE',  ( 45.49999999999923261, -3.000000000000000000, -800.0000000000109139 ) ) ;
#3027 = FACE_BOUND ( 'NONE', #1428, .T. ) ;
#3028 = CARTESIAN_POINT ( 'NONE',  ( -60.00000000000097344, 33.25000000000022737, -2034.999999999999318 ) ) ;
#3029 = DIRECTION ( 'NONE',  ( -0.000000000000000000, 1.000000000000000000, -0.000000000000000000 ) ) ;
#3030 = STYLED_ITEM ( 'NONE', ( #102 ), #4280 ) ;
#3031 = CARTESIAN_POINT ( 'NONE',  ( 57.00000000000023448, 2.999999999999982681, 2050.000000000000000 ) ) ;
#3032 = DIRECTION ( 'NONE',  ( 0.000000000000000000, 0.000000000000000000, 1.000000000000000000 ) ) ;
#3033 = LINE ( 'NONE', #166, #2336 ) ;
#3034 = VERTEX_POINT ( 'NONE', #3513 ) ;
#3035 = SURFACE_SIDE_STYLE ('',( #2233 ) ) ;
#3036 = CARTESIAN_POINT ( 'NONE',  ( 53.99999999999948130, -2.999999999999962697, -2049.999999999999091 ) ) ;
#3037 = COLOUR_RGB ( '',0.5294117647058823595, 0.5490196078431373028, 0.5490196078431373028 ) ;
#3038 = UNCERTAINTY_MEASURE_WITH_UNIT (LENGTH_MEASURE( 1.000000000000000082E-05 ), #3143, 'distance_accuracy_value', 'NONE');
#3039 = AXIS2_PLACEMENT_3D ( 'NONE', #626, #657, #4480 ) ;
#3040 = ORIENTED_EDGE ( 'NONE', *, *, #2354, .F. ) ;
#3041 = DIRECTION ( 'NONE',  ( 0.000000000000000000, -1.000000000000000000, 0.000000000000000000 ) ) ;
#3042 = EDGE_CURVE ( 'NONE', #2232, #658, #2485, .T. ) ;
#3043 = ORIENTED_EDGE ( 'NONE', *, *, #2129, .T. ) ;
#3044 = UNCERTAINTY_MEASURE_WITH_UNIT (LENGTH_MEASURE( 1.000000000000000082E-05 ), #5265, 'distance_accuracy_value', 'NONE');
#3046 = VERTEX_POINT ( 'NONE', #137 ) ;
#3045 = LINE ( 'NONE', #3972, #3386 ) ;
#3047 = EDGE_CURVE ( 'NONE', #4373, #3503, #1842, .T. ) ;
#3048 = FILL_AREA_STYLE ('',( #3076 ) ) ;
#3049 = VERTEX_POINT ( 'NONE', #4951 ) ;
#3050 = CARTESIAN_POINT ( 'NONE',  ( -45.49999999999854339, -1.040949779275264931E-16, -957.5000000000057980 ) ) ;
#3051 = DIRECTION ( 'NONE',  ( 1.000000000000000000, -3.543264972207944962E-15, -1.218537466052001424E-16 ) ) ;
#3052 = CARTESIAN_POINT ( 'NONE',  ( 45.50000000000009237, 0.000000000000000000, -1082.500000000001819 ) ) ;
#3053 = DIRECTION ( 'NONE',  ( 0.000000000000000000, -1.000000000000000000, 0.000000000000000000 ) ) ;
#3054 = EDGE_CURVE ( 'NONE', #889, #5517, #282, .T. ) ;
#3055 = DIRECTION ( 'NONE',  ( 0.000000000000000000, -1.000000000000000000, 0.000000000000000000 ) ) ;
#3056 = COLOUR_RGB ( '',0.5294117647058823595, 0.5490196078431373028, 0.5490196078431373028 ) ;
#3057 = DIRECTION ( 'NONE',  ( -0.000000000000000000, 1.000000000000000000, -0.000000000000000000 ) ) ;
#3058 = DIRECTION ( 'NONE',  ( -0.000000000000000000, 1.000000000000000000, -0.000000000000000000 ) ) ;
#3059 = ORIENTED_EDGE ( 'NONE', *, *, #1336, .F. ) ;
#3060 = SURFACE_STYLE_FILL_AREA ( #2154 ) ;
#3061 = DIRECTION ( 'NONE',  ( 1.000000000000000000, -3.543264972207944962E-15, -1.218537466052001424E-16 ) ) ;
#3062 = ORIENTED_EDGE ( 'NONE', *, *, #987, .F. ) ;
#3063 = VECTOR ( 'NONE', #449, 1000.000000000000000 ) ;
#3064 = DIRECTION ( 'NONE',  ( 0.000000000000000000, 0.000000000000000000, 1.000000000000000000 ) ) ;
#3065 = CIRCLE ( 'NONE', #4228, 2.499999999999946709 ) ;
#3066 = VERTEX_POINT ( 'NONE', #2764 ) ;
#3067 = DIRECTION ( 'NONE',  ( -0.000000000000000000, 1.000000000000000000, -0.000000000000000000 ) ) ;
#3068 = ORIENTED_EDGE ( 'NONE', *, *, #2448, .F. ) ;
#3069 = DIRECTION ( 'NONE',  ( 0.000000000000000000, 0.000000000000000000, -1.000000000000000000 ) ) ;
#3070 = CIRCLE ( 'NONE', #405, 2.499999999999946709 ) ;
#3071 = ADVANCED_FACE ( 'NONE', ( #4081 ), #258, .F. ) ;
#3073 = ORIENTED_EDGE ( 'NONE', *, *, #5111, .T. ) ;
#3072 =( LENGTH_UNIT ( ) NAMED_UNIT ( * ) SI_UNIT ( .MILLI., .METRE. ) );
#3074 = AXIS2_PLACEMENT_3D ( 'NONE', #3701, #1137, #2857 ) ;
#3075 = VECTOR ( 'NONE', #2574, 1000.000000000000000 ) ;
#3076 = FILL_AREA_STYLE_COLOUR ( '', #2166 ) ;
#3077 = CARTESIAN_POINT ( 'NONE',  ( 45.49999999999987210, -1.040949779275264931E-16, -1100.000000000001137 ) ) ;
#3078 = AXIS2_PLACEMENT_3D ( 'NONE', #2642, #3896, #1399 ) ;
#3079 = AXIS2_PLACEMENT_3D ( 'NONE', #751, #2050, #5439 ) ;
#3080 = EDGE_CURVE ( 'NONE', #3911, #1338, #1131, .T. ) ;
#3081 = CARTESIAN_POINT ( 'NONE',  ( -45.49999999999895550, 0.000000000000000000, -1000.000000000004434 ) ) ;
#3082 = ORIENTED_EDGE ( 'NONE', *, *, #1729, .T. ) ;
#3083 =( GEOMETRIC_REPRESENTATION_CONTEXT ( 3 ) GLOBAL_UNCERTAINTY_ASSIGNED_CONTEXT ( ( #4275 ) ) GLOBAL_UNIT_ASSIGNED_CONTEXT ( ( #726, #1601, #3703 ) ) REPRESENTATION_CONTEXT ( 'NONE', 'WORKASPACE' ) );
#3084 = VECTOR ( 'NONE', #29, 1000.000000000000000 ) ;
#3085 = DIRECTION ( 'NONE',  ( 0.000000000000000000, 0.000000000000000000, 1.000000000000000000 ) ) ;
#3086 = ADVANCED_FACE ( 'NONE', ( #2853 ), #4858, .F. ) ;
#3087 = SURFACE_SIDE_STYLE ('',( #4822 ) ) ;
#3088 = DIRECTION ( 'NONE',  ( -1.000000000000000000, 3.543264972207944962E-15, 1.227650459922047927E-16 ) ) ;
#3089 = ORIENTED_EDGE ( 'NONE', *, *, #3808, .T. ) ;
#3090 = SURFACE_SIDE_STYLE ('',( #3060 ) ) ;
#3091 = EDGE_LOOP ( 'NONE', ( #246, #2578, #2018, #4060 ) ) ;
#3092 = ORIENTED_EDGE ( 'NONE', *, *, #4314, .F. ) ;
#3093 = CARTESIAN_POINT ( 'NONE',  ( 45.50000000000029132, -1.040949779275264931E-16, -1062.500000000002501 ) ) ;
#3094 = ORIENTED_EDGE ( 'NONE', *, *, #1655, .F. ) ;
#3095 = FILL_AREA_STYLE ('',( #5306 ) ) ;
#3096 = CIRCLE ( 'NONE', #3016, 2.499999999999946709 ) ;
#3097 = UNCERTAINTY_MEASURE_WITH_UNIT (LENGTH_MEASURE( 1.000000000000000082E-05 ), #749, 'distance_accuracy_value', 'NONE');
#3098 = ORIENTED_EDGE ( 'NONE', *, *, #3326, .T. ) ;
#3099 = SURFACE_STYLE_USAGE ( .BOTH. , #2142 ) ;
#3100 = VERTEX_POINT ( 'NONE', #1992 ) ;
#3101 = DIRECTION ( 'NONE',  ( 3.543264972207944962E-15, -1.000000000000000000, -0.000000000000000000 ) ) ;
#3102 = AXIS2_PLACEMENT_3D ( 'NONE', #552, #3500, #4740 ) ;
#3103 = FILL_AREA_STYLE_COLOUR ( '', #5057 ) ;
#3104 = DIRECTION ( 'NONE',  ( -0.000000000000000000, 1.000000000000000000, -0.000000000000000000 ) ) ;
#3105 = DIRECTION ( 'NONE',  ( 0.000000000000000000, -1.000000000000000000, 0.000000000000000000 ) ) ;
#3106 = ORIENTED_EDGE ( 'NONE', *, *, #4686, .T. ) ;
#3107 = DIRECTION ( 'NONE',  ( 3.543264972207945357E-15, 1.000000000000000000, -1.734723475976818188E-16 ) ) ;
#3108 = EDGE_CURVE ( 'NONE', #2358, #3932, #3543, .T. ) ;
#3109 =( NAMED_UNIT ( * ) SI_UNIT ( $, .STERADIAN. ) SOLID_ANGLE_UNIT ( ) );
#3110 = MECHANICAL_DESIGN_GEOMETRIC_PRESENTATION_REPRESENTATION (  '', ( #171 ), #1239 ) ;
#3111 =( NAMED_UNIT ( * ) SI_UNIT ( $, .STERADIAN. ) SOLID_ANGLE_UNIT ( ) );
#3112 = CARTESIAN_POINT ( 'NONE',  ( -45.50000000000062528, -3.000000000000000000, -820.0000000000102318 ) ) ;
#3113 = VECTOR ( 'NONE', #1779, 1000.000000000000000 ) ;
#3114 = CARTESIAN_POINT ( 'NONE',  ( -45.49999999999958078, -3.000000000000000000, -1057.500000000002501 ) ) ;
#3115 = ORIENTED_EDGE ( 'NONE', *, *, #2368, .T. ) ;
#3116 = CARTESIAN_POINT ( 'NONE',  ( -45.49999999999895550, -3.000000000000000000, -997.5000000000045475 ) ) ;
#3117 = EDGE_CURVE ( 'NONE', #2459, #2332, #5323, .T. ) ;
#3119 = EDGE_LOOP ( 'NONE', ( #2818, #4466, #4836, #3153 ) ) ;
#3118 = DIRECTION ( 'NONE',  ( 0.000000000000000000, 0.000000000000000000, 1.000000000000000000 ) ) ;
#3120 = ORIENTED_EDGE ( 'NONE', *, *, #2135, .T. ) ;
#3121 = CIRCLE ( 'NONE', #2069, 2.499999999999946709 ) ;
#3122 = CARTESIAN_POINT ( 'NONE',  ( 45.49999999999987210, 0.000000000000000000, -1097.500000000001364 ) ) ;
#3123 = VERTEX_POINT ( 'NONE', #1568 ) ;
#3124 = FILL_AREA_STYLE ('',( #4714 ) ) ;
#3125 = VERTEX_POINT ( 'NONE', #1538 ) ;
#3126 = DIRECTION ( 'NONE',  ( 0.000000000000000000, 0.000000000000000000, 1.000000000000000000 ) ) ;
#3127 =( GEOMETRIC_REPRESENTATION_CONTEXT ( 3 ) GLOBAL_UNCERTAINTY_ASSIGNED_CONTEXT ( ( #3887 ) ) GLOBAL_UNIT_ASSIGNED_CONTEXT ( ( #2546, #4706, #1630 ) ) REPRESENTATION_CONTEXT ( 'NONE', 'WORKASPACE' ) );
#3128 = ORIENTED_EDGE ( 'NONE', *, *, #3158, .F. ) ;
#3129 = VERTEX_POINT ( 'NONE', #1505 ) ;
#3130 = DIRECTION ( 'NONE',  ( 0.000000000000000000, -1.000000000000000000, 0.000000000000000000 ) ) ;
#3131 = AXIS2_PLACEMENT_3D ( 'NONE', #2596, #1349, #4748 ) ;
#3132 = CIRCLE ( 'NONE', #5372, 3.250000000000016875 ) ;
#3133 = CIRCLE ( 'NONE', #2527, 10.00000000000000178 ) ;
#3134 = DIRECTION ( 'NONE',  ( 0.000000000000000000, 0.000000000000000000, -1.000000000000000000 ) ) ;
#3135 = CARTESIAN_POINT ( 'NONE',  ( -60.00000000000039080, 37.00000000000000000, -2039.999999999999545 ) ) ;
#3136 = DIRECTION ( 'NONE',  ( 0.000000000000000000, 0.000000000000000000, -1.000000000000000000 ) ) ;
#3137 = ORIENTED_EDGE ( 'NONE', *, *, #4300, .F. ) ;
#3138 = SURFACE_SIDE_STYLE ('',( #2251 ) ) ;
#3139 = MECHANICAL_DESIGN_GEOMETRIC_PRESENTATION_REPRESENTATION (  '', ( #1267 ), #2889 ) ;
#3140 = EDGE_CURVE ( 'NONE', #2332, #2459, #4692, .T. ) ;
#3141 = DIRECTION ( 'NONE',  ( -4.270088556250575075E-15, 1.000000000000000000, 0.000000000000000000 ) ) ;
#3142 =( GEOMETRIC_REPRESENTATION_CONTEXT ( 3 ) GLOBAL_UNCERTAINTY_ASSIGNED_CONTEXT ( ( #3623 ) ) GLOBAL_UNIT_ASSIGNED_CONTEXT ( ( #5170, #2571, #3955 ) ) REPRESENTATION_CONTEXT ( 'NONE', 'WORKASPACE' ) );
#3143 =( LENGTH_UNIT ( ) NAMED_UNIT ( * ) SI_UNIT ( .MILLI., .METRE. ) );
#3144 = CARTESIAN_POINT ( 'NONE',  ( -57.00000000000036948, 26.75000000000020250, -1934.999999999999545 ) ) ;
#3145 = EDGE_LOOP ( 'NONE', ( #2649, #2834 ) ) ;
#3146 = DIRECTION ( 'NONE',  ( 3.543264972207944962E-15, -1.000000000000000000, 0.000000000000000000 ) ) ;
#3147 = FILL_AREA_STYLE ('',( #2320 ) ) ;
#3148 = SURFACE_SIDE_STYLE ('',( #1967 ) ) ;
#3149 = CIRCLE ( 'NONE', #2893, 2.499999999999946709 ) ;
#3150 = EDGE_CURVE ( 'NONE', #1332, #542, #4248, .T. ) ;
#3151 = LINE ( 'NONE', #3122, #1939 ) ;
#3152 =( NAMED_UNIT ( * ) SI_UNIT ( $, .STERADIAN. ) SOLID_ANGLE_UNIT ( ) );
#3153 = ORIENTED_EDGE ( 'NONE', *, *, #2622, .F. ) ;
#3154 = DIRECTION ( 'NONE',  ( 0.000000000000000000, 0.000000000000000000, 1.000000000000000000 ) ) ;
#3155 = STYLED_ITEM ( 'NONE', ( #1176 ), #516 ) ;
#3156 = EDGE_LOOP ( 'NONE', ( #1201, #4165, #674, #114 ) ) ;
#3157 = LINE ( 'NONE', #207, #2462 ) ;
#3158 = EDGE_CURVE ( 'NONE', #57, #4460, #4520, .T. ) ;
#3159 = UNCERTAINTY_MEASURE_WITH_UNIT (LENGTH_MEASURE( 1.000000000000000082E-05 ), #1597, 'distance_accuracy_value', 'NONE');
#3161 = ORIENTED_EDGE ( 'NONE', *, *, #1662, .T. ) ;
#3160 = CYLINDRICAL_SURFACE ( 'NONE', #614, 10.00000000000000178 ) ;
#3162 = EDGE_LOOP ( 'NONE', ( #4214, #2250, #3653, #5361 ) ) ;
#3163 = CARTESIAN_POINT ( 'NONE',  ( 45.49999999999923261, -3.000000000000000000, -840.0000000000096634 ) ) ;
#3164 = CARTESIAN_POINT ( 'NONE',  ( -45.50000000000062528, -1.040949779275264931E-16, -1162.499999999999091 ) ) ;
#3165 = COLOUR_RGB ( '',0.5294117647058823595, 0.5490196078431373028, 0.5490196078431373028 ) ;
#3166 = PRESENTATION_LAYER_ASSIGNMENT (  '', '', ( #5401 ) ) ;
#3167 = FILL_AREA_STYLE_COLOUR ( '', #4193 ) ;
#3168 = CARTESIAN_POINT ( 'NONE',  ( -60.00000000000057554, 26.75000000000022382, 1450.000000000000227 ) ) ;
#3169 = CARTESIAN_POINT ( 'NONE',  ( -60.00000000000042633, 47.00000000000000000, -2039.999999999999545 ) ) ;
#3170 = VERTEX_POINT ( 'NONE', #4485 ) ;
#3171 = CARTESIAN_POINT ( 'NONE',  ( -54.00000000000002132, 3.000000000000210054, 2050.000000000000000 ) ) ;
#3172 = DIRECTION ( 'NONE',  ( -1.000000000000000000, -3.543264972207944962E-15, 1.218537466052001177E-16 ) ) ;
#3173 = AXIS2_PLACEMENT_3D ( 'NONE', #5187, #100, #1861 ) ;
#3174 = COLOUR_RGB ( '',0.5294117647058823595, 0.5490196078431373028, 0.5490196078431373028 ) ;
#3175 = SURFACE_STYLE_USAGE ( .BOTH. , #3698 ) ;
#3176 = MECHANICAL_DESIGN_GEOMETRIC_PRESENTATION_REPRESENTATION (  '', ( #2652 ), #2204 ) ;
#3177 = CARTESIAN_POINT ( 'NONE',  ( 45.49999999999965894, 0.000000000000000000, -1120.000000000000455 ) ) ;
#3178 = FACE_BOUND ( 'NONE', #162, .T. ) ;
#3179 = ORIENTED_EDGE ( 'NONE', *, *, #457, .T. ) ;
#3180 = DIRECTION ( 'NONE',  ( 0.000000000000000000, -1.000000000000000000, 0.000000000000000000 ) ) ;
#3182 = ORIENTED_EDGE ( 'NONE', *, *, #587, .T. ) ;
#3181 = SURFACE_STYLE_USAGE ( .BOTH. , #169 ) ;
#3183 = FACE_OUTER_BOUND ( 'NONE', #2405, .T. ) ;
#3184 = ADVANCED_FACE ( 'NONE', ( #1595 ), #2876, .F. ) ;
#3185 = SURFACE_STYLE_FILL_AREA ( #4092 ) ;
#3186 = VERTEX_POINT ( 'NONE', #5289 ) ;
#3187 = AXIS2_PLACEMENT_3D ( 'NONE', #4108, #3668, #1073 ) ;
#3188 = DIRECTION ( 'NONE',  ( -0.000000000000000000, 1.000000000000000000, -0.000000000000000000 ) ) ;
#3189 = ORIENTED_EDGE ( 'NONE', *, *, #3400, .F. ) ;
#3190 = ADVANCED_FACE ( 'NONE', ( #3796 ), #798, .F. ) ;
#3191 = SURFACE_STYLE_FILL_AREA ( #122 ) ;
#3193 = EDGE_LOOP ( 'NONE', ( #2534, #5270, #396, #518 ) ) ;
#3192 = DIRECTION ( 'NONE',  ( -0.000000000000000000, 1.000000000000000000, -0.000000000000000000 ) ) ;
#3194 = DIRECTION ( 'NONE',  ( 1.000000000000000000, 0.000000000000000000, 0.000000000000000000 ) ) ;
#3195 = ORIENTED_EDGE ( 'NONE', *, *, #4976, .F. ) ;
#3196 = CARTESIAN_POINT ( 'NONE',  ( 45.49999999999923261, -1.040949779275264931E-16, -860.0000000000089813 ) ) ;
#3197 = EDGE_CURVE ( 'NONE', #1338, #3911, #947, .T. ) ;
#3198 = DIRECTION ( 'NONE',  ( -4.270088556250616885E-15, -1.000000000000000000, 0.000000000000000000 ) ) ;
#3199 = CARTESIAN_POINT ( 'NONE',  ( 45.49999999999923261, -1.040949779275264931E-16, -897.5000000000077307 ) ) ;
#3200 = DIRECTION ( 'NONE',  ( 1.000000000000000000, -3.543264972207944962E-15, -1.218537466052001424E-16 ) ) ;
#3201 = LINE ( 'NONE', #1067, #1902 ) ;
#3202 = MECHANICAL_DESIGN_GEOMETRIC_PRESENTATION_REPRESENTATION (  '', ( #3293 ), #5144 ) ;
#3203 = ORIENTED_EDGE ( 'NONE', *, *, #2428, .T. ) ;
#3204 = CARTESIAN_POINT ( 'NONE',  ( 53.99999999999997868, 3.000000000000289546, -2049.999999999999091 ) ) ;
#3205 = MECHANICAL_DESIGN_GEOMETRIC_PRESENTATION_REPRESENTATION (  '', ( #85 ), #2498 ) ;
#3206 = CARTESIAN_POINT ( 'NONE',  ( -45.49999999999854339, -1.040949779275264931E-16, -960.0000000000056843 ) ) ;
#3207 = ORIENTED_EDGE ( 'NONE', *, *, #3717, .F. ) ;
#3208 = CYLINDRICAL_SURFACE ( 'NONE', #575, 2.499999999999946709 ) ;
#3209 = VERTEX_POINT ( 'NONE', #4643 ) ;
#3210 = PRESENTATION_LAYER_ASSIGNMENT (  '', '', ( #2143 ) ) ;
#3211 = DIRECTION ( 'NONE',  ( 4.270088556250616885E-15, 1.000000000000000000, 0.000000000000000000 ) ) ;
#3212 = MECHANICAL_DESIGN_GEOMETRIC_PRESENTATION_REPRESENTATION (  '', ( #4190 ), #3921 ) ;
#3213 = FILL_AREA_STYLE ('',( #641 ) ) ;
#3214 = EDGE_CURVE ( 'NONE', #2773, #4278, #5426, .T. ) ;
#3215 = CYLINDRICAL_SURFACE ( 'NONE', #189, 2.499999999999946709 ) ;
#3216 = ORIENTED_EDGE ( 'NONE', *, *, #1695, .F. ) ;
#3217 = SURFACE_SIDE_STYLE ('',( #1516 ) ) ;
#3218 = ORIENTED_EDGE ( 'NONE', *, *, #2753, .F. ) ;
#3219 = AXIS2_PLACEMENT_3D ( 'NONE', #3081, #3104, #1754 ) ;
#3220 = DIRECTION ( 'NONE',  ( -0.000000000000000000, 1.000000000000000000, -0.000000000000000000 ) ) ;
#3221 = UNCERTAINTY_MEASURE_WITH_UNIT (LENGTH_MEASURE( 1.000000000000000082E-05 ), #2274, 'distance_accuracy_value', 'NONE');
#3222 = EDGE_CURVE ( 'NONE', #3066, #86, #1607, .T. ) ;
#3223 = VECTOR ( 'NONE', #1082, 1000.000000000000000 ) ;
#3225 = ORIENTED_EDGE ( 'NONE', *, *, #3054, .T. ) ;
#3224 = FILL_AREA_STYLE_COLOUR ( '', #1872 ) ;
#3226 = VERTEX_POINT ( 'NONE', #3825 ) ;
#3227 = DIRECTION ( 'NONE',  ( -0.000000000000000000, 1.000000000000000000, -0.000000000000000000 ) ) ;
#3228 = EDGE_CURVE ( 'NONE', #4805, #5432, #2852, .T. ) ;
#3229 = CARTESIAN_POINT ( 'NONE',  ( -45.49999999999916866, -3.000000000000000000, -1022.500000000003752 ) ) ;
#3230 = FACE_BOUND ( 'NONE', #1906, .T. ) ;
#3231 = DIRECTION ( 'NONE',  ( -6.938893903907253030E-17, -2.081668171172175909E-16, -1.000000000000000000 ) ) ;
#3232 = AXIS2_PLACEMENT_3D ( 'NONE', #3570, #3233, #3693 ) ;
#3233 = DIRECTION ( 'NONE',  ( -0.000000000000000000, 1.000000000000000000, -0.000000000000000000 ) ) ;
#3234 = ORIENTED_EDGE ( 'NONE', *, *, #3459, .T. ) ;
#3235 = CARTESIAN_POINT ( 'NONE',  ( -56.99999999999993605, 26.75000000000021316, 1450.000000000000227 ) ) ;
#3236 = CARTESIAN_POINT ( 'NONE',  ( 45.49999999999965894, -3.000000000000000000, -1117.500000000000682 ) ) ;
#3237 = STYLED_ITEM ( 'NONE', ( #1673 ), #5444 ) ;
#3238 = EDGE_CURVE ( 'NONE', #4047, #270, #1730, .T. ) ;
#3239 = DIRECTION ( 'NONE',  ( -0.000000000000000000, 1.000000000000000000, -0.000000000000000000 ) ) ;
#3240 = CARTESIAN_POINT ( 'NONE',  ( -45.50000000000062528, -3.000000000000000000, -880.0000000000082991 ) ) ;
#3241 = CARTESIAN_POINT ( 'NONE',  ( 45.50000000000132161, 0.000000000000000000, -962.5000000000056843 ) ) ;
#3243 = ORIENTED_EDGE ( 'NONE', *, *, #1760, .T. ) ;
#3242 = SURFACE_STYLE_USAGE ( .BOTH. , #5330 ) ;
#3244 = FILL_AREA_STYLE ('',( #640 ) ) ;
#3245 = CIRCLE ( 'NONE', #3866, 3.249999999999985345 ) ;
#3246 = FILL_AREA_STYLE_COLOUR ( '', #771 ) ;
#3247 = LINE ( 'NONE', #3617, #725 ) ;
#3248 = VERTEX_POINT ( 'NONE', #2049 ) ;
#3249 = DIRECTION ( 'NONE',  ( 0.000000000000000000, 0.000000000000000000, -1.000000000000000000 ) ) ;
#3250 = ORIENTED_EDGE ( 'NONE', *, *, #3267, .F. ) ;
#3251 = PRESENTATION_LAYER_ASSIGNMENT (  '', '', ( #123 ) ) ;
#3252 = DIRECTION ( 'NONE',  ( 0.000000000000000000, 0.000000000000000000, 1.000000000000000000 ) ) ;
#3254 = VERTEX_POINT ( 'NONE', #3754 ) ;
#3253 = SURFACE_STYLE_FILL_AREA ( #678 ) ;
#3255 = CARTESIAN_POINT ( 'NONE',  ( -45.50000000000062528, 0.000000000000000000, -857.5000000000089813 ) ) ;
#3256 = DIRECTION ( 'NONE',  ( -3.543264972207945357E-15, -1.000000000000000000, 2.081668171172180839E-16 ) ) ;
#3257 = COLOUR_RGB ( '',0.5294117647058823595, 0.5490196078431373028, 0.5490196078431373028 ) ;
#3258 = EDGE_CURVE ( 'NONE', #65, #177, #1868, .T. ) ;
#3259 = DIRECTION ( 'NONE',  ( 0.000000000000000000, 0.000000000000000000, 1.000000000000000000 ) ) ;
#3260 = DIRECTION ( 'NONE',  ( -3.543264972207944962E-15, 1.000000000000000000, 0.000000000000000000 ) ) ;
#3261 = COLOUR_RGB ( '',0.5294117647058823595, 0.5490196078431373028, 0.5490196078431373028 ) ;
#3262 = LINE ( 'NONE', #2816, #2324 ) ;
#3263 = DIRECTION ( 'NONE',  ( 0.000000000000000000, 1.000000000000000000, 0.000000000000000000 ) ) ;
#3264 = ORIENTED_EDGE ( 'NONE', *, *, #759, .T. ) ;
#3265 = EDGE_LOOP ( 'NONE', ( #2002, #3750, #5246, #3515 ) ) ;
#3266 = LINE ( 'NONE', #4974, #1736 ) ;
#3267 = EDGE_CURVE ( 'NONE', #3832, #3973, #1294, .T. ) ;
#3268 = DIRECTION ( 'NONE',  ( -0.000000000000000000, 1.000000000000000000, -0.000000000000000000 ) ) ;
#3269 = FILL_AREA_STYLE ('',( #4978 ) ) ;
#3270 = DIRECTION ( 'NONE',  ( -1.000000000000000000, 3.543264972207944962E-15, 1.227650459922047927E-16 ) ) ;
#3271 = AXIS2_PLACEMENT_3D ( 'NONE', #1599, #4225, #5512 ) ;
#3272 = FACE_OUTER_BOUND ( 'NONE', #588, .T. ) ;
#3273 = CARTESIAN_POINT ( 'NONE',  ( -60.00000000000097344, 30.00000000000023093, -1934.999999999999545 ) ) ;
#3274 = EDGE_CURVE ( 'NONE', #4798, #2522, #4700, .T. ) ;
#3275 = STYLED_ITEM ( 'NONE', ( #2955 ), #1720 ) ;
#3276 = CARTESIAN_POINT ( 'NONE',  ( 45.50000000000029132, 0.000000000000000000, -1060.000000000002501 ) ) ;
#3277 = ORIENTED_EDGE ( 'NONE', *, *, #1827, .T. ) ;
#3278 = ORIENTED_EDGE ( 'NONE', *, *, #5089, .T. ) ;
#3279 = CIRCLE ( 'NONE', #1298, 2.499999999999946709 ) ;
#3280 = CIRCLE ( 'NONE', #5116, 3.249999999999988898 ) ;
#3281 = CARTESIAN_POINT ( 'NONE',  ( 60.00000000000023448, 2.999999999999977796, 2050.000000000000000 ) ) ;
#3282 = COLOUR_RGB ( '',0.5294117647058823595, 0.5490196078431373028, 0.5490196078431373028 ) ;
#3284 = ORIENTED_EDGE ( 'NONE', *, *, #1767, .T. ) ;
#3283 = DIRECTION ( 'NONE',  ( 0.000000000000000000, -1.000000000000000000, 0.000000000000000000 ) ) ;
#3285 = SURFACE_STYLE_FILL_AREA ( #4194 ) ;
#3286 = CARTESIAN_POINT ( 'NONE',  ( -45.49999999999874944, -3.000000000000000000, -977.5000000000051159 ) ) ;
#3287 = ADVANCED_FACE ( 'NONE', ( #4617, #3320, #5008, #2902 ), #4590, .F. ) ;
#3288 = LINE ( 'NONE', #1150, #366 ) ;
#3289 = CARTESIAN_POINT ( 'NONE',  ( -45.50000000000062528, 0.000000000000000000, -900.0000000000077307 ) ) ;
#3290 = ORIENTED_EDGE ( 'NONE', *, *, #3537, .F. ) ;
#3291 = ORIENTED_EDGE ( 'NONE', *, *, #4791, .F. ) ;
#3292 = CARTESIAN_POINT ( 'NONE',  ( 45.49999999999923261, -3.000000000000000000, -922.5000000000069349 ) ) ;
#3293 = STYLED_ITEM ( 'NONE', ( #5163 ), #3333 ) ;
#3294 = DIRECTION ( 'NONE',  ( 0.000000000000000000, 0.000000000000000000, 1.000000000000000000 ) ) ;
#3295 = EDGE_CURVE ( 'NONE', #2528, #4798, #2577, .T. ) ;
#3296 = DIRECTION ( 'NONE',  ( 0.000000000000000000, 0.000000000000000000, 1.000000000000000000 ) ) ;
#3297 = CARTESIAN_POINT ( 'NONE',  ( 45.49999999999923261, 0.000000000000000000, -942.5000000000063665 ) ) ;
#3298 = CARTESIAN_POINT ( 'NONE',  ( 57.00000000000022737, 1.553509000944186983E-16, 2050.000000000000000 ) ) ;
#3299 = PRESENTATION_STYLE_ASSIGNMENT (( #3324 ) ) ;
#3300 = PRESENTATION_LAYER_ASSIGNMENT (  '', '', ( #171 ) ) ;
#3301 = SURFACE_STYLE_FILL_AREA ( #5420 ) ;
#3302 = EDGE_CURVE ( 'NONE', #3100, #2, #3096, .T. ) ;
#3303 = COLOUR_RGB ( '',0.5294117647058823595, 0.5490196078431373028, 0.5490196078431373028 ) ;
#3304 = LINE ( 'NONE', #4986, #3223 ) ;
#3305 = ORIENTED_EDGE ( 'NONE', *, *, #2974, .F. ) ;
#3306 = DIRECTION ( 'NONE',  ( 0.000000000000000000, 0.000000000000000000, 1.000000000000000000 ) ) ;
#3307 = DIRECTION ( 'NONE',  ( 1.000000000000000000, -3.543264972207945357E-15, -1.227650459922047927E-16 ) ) ;
#3308 = AXIS2_PLACEMENT_3D ( 'NONE', #4244, #446, #424 ) ;
#3310 = ORIENTED_EDGE ( 'NONE', *, *, #3616, .T. ) ;
#3309 = LINE ( 'NONE', #1172, #5243 ) ;
#3311 = LINE ( 'NONE', #4995, #4675 ) ;
#3312 = AXIS2_PLACEMENT_3D ( 'NONE', #2401, #1435, #3134 ) ;
#3313 = DIRECTION ( 'NONE',  ( 0.000000000000000000, 0.000000000000000000, -1.000000000000000000 ) ) ;
#3314 = PRESENTATION_STYLE_ASSIGNMENT (( #2456 ) ) ;
#3315 = SURFACE_STYLE_USAGE ( .BOTH. , #2483 ) ;
#3316 = ORIENTED_EDGE ( 'NONE', *, *, #4786, .T. ) ;
#3317 = VERTEX_POINT ( 'NONE', #978 ) ;
#3318 = AXIS2_PLACEMENT_3D ( 'NONE', #539, #3088, #3514 ) ;
#3319 = AXIS2_PLACEMENT_3D ( 'NONE', #253, #2403, #2310 ) ;
#3320 = FACE_OUTER_BOUND ( 'NONE', #869, .T. ) ;
#3321 = SURFACE_STYLE_USAGE ( .BOTH. , #5009 ) ;
#3322 = DIRECTION ( 'NONE',  ( 0.000000000000000000, -1.000000000000000000, -7.228014483236689653E-17 ) ) ;
#3323 = FACE_OUTER_BOUND ( 'NONE', #3664, .T. ) ;
#3324 = SURFACE_STYLE_USAGE ( .BOTH. , #5493 ) ;
#3325 = PRESENTATION_LAYER_ASSIGNMENT (  '', '', ( #3237 ) ) ;
#3326 = EDGE_CURVE ( 'NONE', #3925, #1236, #5190, .T. ) ;
#3327 = DIRECTION ( 'NONE',  ( -0.000000000000000000, 1.000000000000000000, -0.000000000000000000 ) ) ;
#3328 = FACE_BOUND ( 'NONE', #4962, .T. ) ;
#3329 = ORIENTED_EDGE ( 'NONE', *, *, #587, .F. ) ;
#3330 = FILL_AREA_STYLE_COLOUR ( '', #1752 ) ;
#3331 = ORIENTED_EDGE ( 'NONE', *, *, #3835, .T. ) ;
#3332 = VERTEX_POINT ( 'NONE', #2172 ) ;
#3333 = ADVANCED_FACE ( 'NONE', ( #74 ), #4391, .F. ) ;
#3334 = UNCERTAINTY_MEASURE_WITH_UNIT (LENGTH_MEASURE( 1.000000000000000082E-05 ), #4664, 'distance_accuracy_value', 'NONE');
#3336 = EDGE_LOOP ( 'NONE', ( #5276, #2616, #175, #2761 ) ) ;
#3335 = SURFACE_STYLE_FILL_AREA ( #3712 ) ;
#3337 = COLOUR_RGB ( '',0.5294117647058823595, 0.5490196078431373028, 0.5490196078431373028 ) ;
#3338 = EDGE_CURVE ( 'NONE', #2358, #923, #1806, .T. ) ;
#3339 = AXIS2_PLACEMENT_3D ( 'NONE', #5100, #4717, #1283 ) ;
#3340 = CARTESIAN_POINT ( 'NONE',  ( 45.50000000000070344, -1.040949779275264931E-16, -1020.000000000003752 ) ) ;
#3341 = FILL_AREA_STYLE ('',( #2090 ) ) ;
#3342 = DIRECTION ( 'NONE',  ( 1.000000000000000000, -3.614007241618043876E-15, 0.000000000000000000 ) ) ;
#3343 = CARTESIAN_POINT ( 'NONE',  ( -57.00000000000037659, 33.25000000000022737, -1934.999999999999545 ) ) ;
#3344 = EDGE_LOOP ( 'NONE', ( #2460, #1147, #3705, #4749 ) ) ;
#3345 = ORIENTED_EDGE ( 'NONE', *, *, #4040, .F. ) ;
#3346 = CYLINDRICAL_SURFACE ( 'NONE', #2259, 2.499999999999946709 ) ;
#3347 = DIRECTION ( 'NONE',  ( 0.000000000000000000, 0.000000000000000000, -1.000000000000000000 ) ) ;
#3348 = DIRECTION ( 'NONE',  ( -0.000000000000000000, 1.000000000000000000, -0.000000000000000000 ) ) ;
#3349 = DIRECTION ( 'NONE',  ( 0.000000000000000000, -1.000000000000000000, 0.000000000000000000 ) ) ;
#3350 = FILL_AREA_STYLE ('',( #3779 ) ) ;
#3351 = AXIS2_PLACEMENT_3D ( 'NONE', #2359, #1053, #237 ) ;
#3352 = VECTOR ( 'NONE', #2168, 1000.000000000000000 ) ;
#3353 = STYLED_ITEM ( 'NONE', ( #4317 ), #1523 ) ;
#3354 = FACE_BOUND ( 'NONE', #1003, .T. ) ;
#3355 = VERTEX_POINT ( 'NONE', #507 ) ;
#3356 = EDGE_CURVE ( 'NONE', #3723, #2397, #534, .T. ) ;
#3357 = ORIENTED_EDGE ( 'NONE', *, *, #482, .T. ) ;
#3358 = EDGE_LOOP ( 'NONE', ( #4189, #4201, #3761, #5378 ) ) ;
#3359 = AXIS2_PLACEMENT_3D ( 'NONE', #1370, #5219, #3563 ) ;
#3360 = COLOUR_RGB ( '',0.5294117647058823595, 0.5490196078431373028, 0.5490196078431373028 ) ;
#3361 = EDGE_LOOP ( 'NONE', ( #3062, #2239, #4645, #3593 ) ) ;
#3362 = AXIS2_PLACEMENT_3D ( 'NONE', #988, #1785, #563 ) ;
#3363 = AXIS2_PLACEMENT_3D ( 'NONE', #438, #5142, #1810 ) ;
#3364 = EDGE_CURVE ( 'NONE', #504, #3837, #1142, .T. ) ;
#3365 = AXIS2_PLACEMENT_3D ( 'NONE', #1216, #4671, #774 ) ;
#3366 = FILL_AREA_STYLE_COLOUR ( '', #5431 ) ;
#3367 = CARTESIAN_POINT ( 'NONE',  ( 56.99999999999985789, 37.00000000000010658, -2049.999999999999091 ) ) ;
#3368 = ADVANCED_FACE ( 'NONE', ( #2623 ), #5138, .F. ) ;
#3369 = DIRECTION ( 'NONE',  ( -0.000000000000000000, 1.000000000000000000, -0.000000000000000000 ) ) ;
#3370 = VERTEX_POINT ( 'NONE', #4333 ) ;
#3371 = ORIENTED_EDGE ( 'NONE', *, *, #2135, .F. ) ;
#3372 = SURFACE_STYLE_FILL_AREA ( #5461 ) ;
#3373 = FILL_AREA_STYLE_COLOUR ( '', #1494 ) ;
#3374 = CARTESIAN_POINT ( 'NONE',  ( 45.49999999999923261, -1.040949779275264931E-16, -877.5000000000084128 ) ) ;
#3375 = DIRECTION ( 'NONE',  ( -0.000000000000000000, 1.000000000000000000, -0.000000000000000000 ) ) ;
#3376 = EDGE_LOOP ( 'NONE', ( #3195, #969, #3225, #5296 ) ) ;
#3377 = LINE ( 'NONE', #1653, #5037 ) ;
#3378 = DIRECTION ( 'NONE',  ( 1.000000000000000000, -3.543264972207945357E-15, -1.227650459922047927E-16 ) ) ;
#3379 = DIRECTION ( 'NONE',  ( -0.000000000000000000, 1.000000000000000000, -0.000000000000000000 ) ) ;
#3380 = EDGE_LOOP ( 'NONE', ( #119, #1383, #4987, #2312 ) ) ;
#3381 = DIRECTION ( 'NONE',  ( 1.218537466052001177E-16, 4.317601120785083971E-31, 1.000000000000000000 ) ) ;
#3382 = ORIENTED_EDGE ( 'NONE', *, *, #3899, .F. ) ;
#3383 = AXIS2_PLACEMENT_3D ( 'NONE', #4255, #5084, #3347 ) ;
#3384 = VERTEX_POINT ( 'NONE', #2594 ) ;
#3385 = ADVANCED_FACE ( 'NONE', ( #3877 ), #2276, .F. ) ;
#3386 = VECTOR ( 'NONE', #5157, 1000.000000000000000 ) ;
#3387 = UNCERTAINTY_MEASURE_WITH_UNIT (LENGTH_MEASURE( 1.000000000000000082E-05 ), #81, 'distance_accuracy_value', 'NONE');
#3389 = VERTEX_POINT ( 'NONE', #3199 ) ;
#3388 = DIRECTION ( 'NONE',  ( -0.000000000000000000, 1.000000000000000000, -0.000000000000000000 ) ) ;
#3390 = AXIS2_PLACEMENT_3D ( 'NONE', #1917, #3192, #1978 ) ;
#3391 = ADVANCED_FACE ( 'NONE', ( #3631 ), #1467, .F. ) ;
#3392 = AXIS2_PLACEMENT_3D ( 'NONE', #2624, #1347, #18 ) ;
#3393 = DIRECTION ( 'NONE',  ( -1.218537466052007587E-16, -1.734723475976813750E-16, -1.000000000000000000 ) ) ;
#3394 = DIRECTION ( 'NONE',  ( 1.000000000000000000, -3.543264972207945357E-15, 0.000000000000000000 ) ) ;
#3395 = SURFACE_STYLE_FILL_AREA ( #846 ) ;
#3396 = VERTEX_POINT ( 'NONE', #3229 ) ;
#3397 = DIRECTION ( 'NONE',  ( -0.000000000000000000, 1.000000000000000000, -0.000000000000000000 ) ) ;
#3398 = SURFACE_STYLE_FILL_AREA ( #3506 ) ;
#3399 = COLOUR_RGB ( '',0.5294117647058823595, 0.5490196078431373028, 0.5490196078431373028 ) ;
#3400 = EDGE_CURVE ( 'NONE', #1611, #2912, #4616, .T. ) ;
#3401 =( NAMED_UNIT ( * ) PLANE_ANGLE_UNIT ( ) SI_UNIT ( $, .RADIAN. ) );
#3402 = FACE_OUTER_BOUND ( 'NONE', #4402, .T. ) ;
#3403 = AXIS2_PLACEMENT_3D ( 'NONE', #271, #178, #3194 ) ;
#3404 = EDGE_CURVE ( 'NONE', #5517, #1801, #2407, .T. ) ;
#3405 = VECTOR ( 'NONE', #4211, 1000.000000000000000 ) ;
#3406 = FACE_OUTER_BOUND ( 'NONE', #4946, .T. ) ;
#3407 = FACE_BOUND ( 'NONE', #3635, .T. ) ;
#3408 = ORIENTED_EDGE ( 'NONE', *, *, #1127, .T. ) ;
#3409 = SURFACE_STYLE_USAGE ( .BOTH. , #5498 ) ;
#3410 = DIRECTION ( 'NONE',  ( 1.000000000000000000, -3.543264972207945357E-15, -1.227650459922047927E-16 ) ) ;
#3411 = ORIENTED_EDGE ( 'NONE', *, *, #4343, .F. ) ;
#3413 = EDGE_LOOP ( 'NONE', ( #3941, #717, #5068, #5042 ) ) ;
#3412 = CYLINDRICAL_SURFACE ( 'NONE', #5526, 2.499999999999946709 ) ;
#3415 = ORIENTED_EDGE ( 'NONE', *, *, #5074, .F. ) ;
#3414 = SURFACE_SIDE_STYLE ('',( #39 ) ) ;
#3416 = DIRECTION ( 'NONE',  ( -0.000000000000000000, 1.000000000000000000, -0.000000000000000000 ) ) ;
#3417 = DIRECTION ( 'NONE',  ( 0.000000000000000000, 0.000000000000000000, 1.000000000000000000 ) ) ;
#3418 = EDGE_LOOP ( 'NONE', ( #3305, #1715, #1691, #4774 ) ) ;
#3419 = CARTESIAN_POINT ( 'NONE',  ( 45.50000000000009237, -3.000000000000000000, -1077.500000000001819 ) ) ;
#3420 = EDGE_CURVE ( 'NONE', #4764, #2637, #2936, .T. ) ;
#3421 = FACE_OUTER_BOUND ( 'NONE', #5501, .T. ) ;
#3422 =( GEOMETRIC_REPRESENTATION_CONTEXT ( 3 ) GLOBAL_UNCERTAINTY_ASSIGNED_CONTEXT ( ( #3221 ) ) GLOBAL_UNIT_ASSIGNED_CONTEXT ( ( #2274, #4445, #1432 ) ) REPRESENTATION_CONTEXT ( 'NONE', 'WORKASPACE' ) );
#3423 = CARTESIAN_POINT ( 'NONE',  ( -45.50000000000062528, -1.040949779275264931E-16, -840.0000000000096634 ) ) ;
#3424 = FACE_OUTER_BOUND ( 'NONE', #1340, .T. ) ;
#3425 = CIRCLE ( 'NONE', #2973, 2.499999999999946709 ) ;
#3426 = DIRECTION ( 'NONE',  ( 0.000000000000000000, 0.000000000000000000, 1.000000000000000000 ) ) ;
#3427 = ORIENTED_EDGE ( 'NONE', *, *, #4956, .T. ) ;
#3428 = EDGE_CURVE ( 'NONE', #2662, #2301, #301, .T. ) ;
#3429 = FILL_AREA_STYLE ('',( #51 ) ) ;
#3430 = PRESENTATION_LAYER_ASSIGNMENT (  '', '', ( #44 ) ) ;
#3431 = DIRECTION ( 'NONE',  ( -3.469446951953613400E-15, 1.000000000000000000, 0.000000000000000000 ) ) ;
#3432 = FACE_BOUND ( 'NONE', #2144, .T. ) ;
#3433 = ORIENTED_EDGE ( 'NONE', *, *, #1300, .T. ) ;
#3434 = FILL_AREA_STYLE ('',( #3549 ) ) ;
#3435 = EDGE_CURVE ( 'NONE', #5067, #4524, #1229, .T. ) ;
#3436 = LINE ( 'NONE', #5524, #843 ) ;
#3437 = ORIENTED_EDGE ( 'NONE', *, *, #4215, .F. ) ;
#3438 = CIRCLE ( 'NONE', #1387, 2.499999999999946709 ) ;
#3439 = CIRCLE ( 'NONE', #1841, 2.499999999999946709 ) ;
#3440 = UNCERTAINTY_MEASURE_WITH_UNIT (LENGTH_MEASURE( 1.000000000000000082E-05 ), #1207, 'distance_accuracy_value', 'NONE');
#3441 = ORIENTED_EDGE ( 'NONE', *, *, #868, .T. ) ;
#3442 = CARTESIAN_POINT ( 'NONE',  ( -45.50000000000062528, -3.000000000000000000, -940.0000000000063665 ) ) ;
#3443 = VECTOR ( 'NONE', #1104, 1000.000000000000000 ) ;
#3444 = CARTESIAN_POINT ( 'NONE',  ( -45.50000000000062528, 0.000000000000000000, -900.0000000000077307 ) ) ;
#3445 = UNCERTAINTY_MEASURE_WITH_UNIT (LENGTH_MEASURE( 1.000000000000000082E-05 ), #4136, 'distance_accuracy_value', 'NONE');
#3446 = CIRCLE ( 'NONE', #4511, 2.499999999999946709 ) ;
#3447 = VECTOR ( 'NONE', #3146, 1000.000000000000000 ) ;
#3448 =( LENGTH_UNIT ( ) NAMED_UNIT ( * ) SI_UNIT ( .MILLI., .METRE. ) );
#3449 = VERTEX_POINT ( 'NONE', #4530 ) ;
#3450 = CYLINDRICAL_SURFACE ( 'NONE', #2032, 10.00000000000000178 ) ;
#3451 = CYLINDRICAL_SURFACE ( 'NONE', #2455, 2.499999999999946709 ) ;
#3452 = COLOUR_RGB ( '',0.5294117647058823595, 0.5490196078431373028, 0.5490196078431373028 ) ;
#3453 = SURFACE_STYLE_USAGE ( .BOTH. , #5247 ) ;
#3454 = AXIS2_PLACEMENT_3D ( 'NONE', #909, #3057, #1813 ) ;
#3455 = SURFACE_STYLE_FILL_AREA ( #2568 ) ;
#3456 = FILL_AREA_STYLE ('',( #5384 ) ) ;
#3457 = PRESENTATION_STYLE_ASSIGNMENT (( #3902 ) ) ;
#3458 = DIRECTION ( 'NONE',  ( -0.000000000000000000, 1.000000000000000000, -0.000000000000000000 ) ) ;
#3459 = EDGE_CURVE ( 'NONE', #1898, #3449, #4505, .T. ) ;
#3460 =( NAMED_UNIT ( * ) SI_UNIT ( $, .STERADIAN. ) SOLID_ANGLE_UNIT ( ) );
#3461 = CARTESIAN_POINT ( 'NONE',  ( -54.00000000000002132, 3.000000000000210054, 2050.000000000000000 ) ) ;
#3462 = ORIENTED_EDGE ( 'NONE', *, *, #3117, .T. ) ;
#3463 = CARTESIAN_POINT ( 'NONE',  ( -60.00000000000076739, 33.25000000000019895, -349.9999999999996589 ) ) ;
#3464 = EDGE_LOOP ( 'NONE', ( #5341, #1563, #3331, #1024 ) ) ;
#3465 = EDGE_CURVE ( 'NONE', #1406, #1989, #2727, .T. ) ;
#3466 = VECTOR ( 'NONE', #2147, 1000.000000000000000 ) ;
#3467 = EDGE_LOOP ( 'NONE', ( #4316, #3243, #822, #2290 ) ) ;
#3468 = LINE ( 'NONE', #35, #1747 ) ;
#3469 = VERTEX_POINT ( 'NONE', #3718 ) ;
#3470 = STYLED_ITEM ( 'NONE', ( #766 ), #3648 ) ;
#3472 = VERTEX_POINT ( 'NONE', #1588 ) ;
#3471 = DIRECTION ( 'NONE',  ( 0.000000000000000000, 0.000000000000000000, -1.000000000000000000 ) ) ;
#3473 = AXIS2_PLACEMENT_3D ( 'NONE', #3560, #4098, #2300 ) ;
#3474 = VERTEX_POINT ( 'NONE', #4419 ) ;
#3475 = DIRECTION ( 'NONE',  ( 0.000000000000000000, 0.000000000000000000, -1.000000000000000000 ) ) ;
#3476 = FILL_AREA_STYLE_COLOUR ( '', #3337 ) ;
#3477 = VECTOR ( 'NONE', #5320, 1000.000000000000000 ) ;
#3478 = CARTESIAN_POINT ( 'NONE',  ( -45.50000000000041211, 0.000000000000000000, -1140.000000000000000 ) ) ;
#3479 = CARTESIAN_POINT ( 'NONE',  ( 45.49999999999923261, -3.000000000000000000, -940.0000000000063665 ) ) ;
#3480 = DIRECTION ( 'NONE',  ( 1.000000000000000000, -3.543264972207945357E-15, -1.227650459922047927E-16 ) ) ;
#3481 =( NAMED_UNIT ( * ) PLANE_ANGLE_UNIT ( ) SI_UNIT ( $, .RADIAN. ) );
#3482 = FACE_OUTER_BOUND ( 'NONE', #2446, .T. ) ;
#3483 = PRESENTATION_LAYER_ASSIGNMENT (  '', '', ( #806 ) ) ;
#3484 = FILL_AREA_STYLE_COLOUR ( '', #2801 ) ;
#3485 = DIRECTION ( 'NONE',  ( 0.000000000000000000, 0.000000000000000000, -1.000000000000000000 ) ) ;
#3486 = ORIENTED_EDGE ( 'NONE', *, *, #3850, .T. ) ;
#3487 = ORIENTED_EDGE ( 'NONE', *, *, #2544, .F. ) ;
#3488 = EDGE_CURVE ( 'NONE', #3472, #4047, #968, .T. ) ;
#3489 = VECTOR ( 'NONE', #1845, 1000.000000000000000 ) ;
#3490 = UNCERTAINTY_MEASURE_WITH_UNIT (LENGTH_MEASURE( 1.000000000000000082E-05 ), #5516, 'distance_accuracy_value', 'NONE');
#3491 = DIRECTION ( 'NONE',  ( 0.000000000000000000, 0.000000000000000000, 1.000000000000000000 ) ) ;
#3492 = AXIS2_PLACEMENT_3D ( 'NONE', #4075, #1471, #5283 ) ;
#3493 = EDGE_LOOP ( 'NONE', ( #5244, #992, #2863, #5146 ) ) ;
#3494 = DIRECTION ( 'NONE',  ( -0.000000000000000000, 1.000000000000000000, -0.000000000000000000 ) ) ;
#3495 = ORIENTED_EDGE ( 'NONE', *, *, #216, .T. ) ;
#3496 = EDGE_CURVE ( 'NONE', #4460, #4524, #2307, .T. ) ;
#3497 = CARTESIAN_POINT ( 'NONE',  ( -60.00000000000097344, 33.25000000000022737, -2034.999999999999318 ) ) ;
#3498 =( GEOMETRIC_REPRESENTATION_CONTEXT ( 3 ) GLOBAL_UNCERTAINTY_ASSIGNED_CONTEXT ( ( #2499 ) ) GLOBAL_UNIT_ASSIGNED_CONTEXT ( ( #4328, #3916, #1725 ) ) REPRESENTATION_CONTEXT ( 'NONE', 'WORKASPACE' ) );
#3499 = UNCERTAINTY_MEASURE_WITH_UNIT (LENGTH_MEASURE( 1.000000000000000082E-05 ), #3686, 'distance_accuracy_value', 'NONE');
#3501 = EDGE_LOOP ( 'NONE', ( #1533, #876, #2917, #4160 ) ) ;
#3500 = DIRECTION ( 'NONE',  ( -1.000000000000000000, -3.543264972207944962E-15, 1.218537466052001177E-16 ) ) ;
#3502 =( LENGTH_UNIT ( ) NAMED_UNIT ( * ) SI_UNIT ( .MILLI., .METRE. ) );
#3503 = VERTEX_POINT ( 'NONE', #5280 ) ;
#3504 = DIRECTION ( 'NONE',  ( 1.000000000000000000, -3.543264972207945357E-15, 0.000000000000000000 ) ) ;
#3505 = EDGE_CURVE ( 'NONE', #1302, #898, #4850, .T. ) ;
#3506 = FILL_AREA_STYLE ('',( #4305 ) ) ;
#3507 = AXIS2_PLACEMENT_3D ( 'NONE', #795, #308, #1677 ) ;
#3508 = CARTESIAN_POINT ( 'NONE',  ( -60.00000000000079581, 26.75000000000022382, -349.9999999999996589 ) ) ;
#3509 = CARTESIAN_POINT ( 'NONE',  ( -45.50000000000041211, 0.000000000000000000, -1140.000000000000000 ) ) ;
#3510 = ORIENTED_EDGE ( 'NONE', *, *, #1034, .T. ) ;
#3511 = DIRECTION ( 'NONE',  ( 1.000000000000000000, -3.543264972207945357E-15, 0.000000000000000000 ) ) ;
#3512 =( LENGTH_UNIT ( ) NAMED_UNIT ( * ) SI_UNIT ( .MILLI., .METRE. ) );
#3513 = CARTESIAN_POINT ( 'NONE',  ( 59.99999999999982236, 26.74999999999978684, -1934.999999999999545 ) ) ;
#3514 = DIRECTION ( 'NONE',  ( -4.270088556250616885E-15, -1.000000000000000000, 0.000000000000000000 ) ) ;
#3515 = ORIENTED_EDGE ( 'NONE', *, *, #4767, .F. ) ;
#3516 =( LENGTH_UNIT ( ) NAMED_UNIT ( * ) SI_UNIT ( .MILLI., .METRE. ) );
#3517 = CYLINDRICAL_SURFACE ( 'NONE', #574, 2.499999999999946709 ) ;
#3518 = ORIENTED_EDGE ( 'NONE', *, *, #1667, .F. ) ;
#3519 = MECHANICAL_DESIGN_GEOMETRIC_PRESENTATION_REPRESENTATION (  '', ( #557 ), #5298 ) ;
#3520 = CARTESIAN_POINT ( 'NONE',  ( -60.00000000000099476, 26.75000000000019540, -2034.999999999999318 ) ) ;
#3521 = CIRCLE ( 'NONE', #1107, 2.499999999999946709 ) ;
#3522 = EDGE_CURVE ( 'NONE', #3170, #279, #818, .T. ) ;
#3523 = VERTEX_POINT ( 'NONE', #4967 ) ;
#3524 = ORIENTED_EDGE ( 'NONE', *, *, #4150, .T. ) ;
#3525 = PRESENTATION_STYLE_ASSIGNMENT (( #1946 ) ) ;
#3526 = COLOUR_RGB ( '',0.5294117647058823595, 0.5490196078431373028, 0.5490196078431373028 ) ;
#3527 = EDGE_CURVE ( 'NONE', #4460, #57, #2763, .T. ) ;
#3529 = ORIENTED_EDGE ( 'NONE', *, *, #5381, .T. ) ;
#3528 = FILL_AREA_STYLE_COLOUR ( '', #4710 ) ;
#3530 =( GEOMETRIC_REPRESENTATION_CONTEXT ( 3 ) GLOBAL_UNCERTAINTY_ASSIGNED_CONTEXT ( ( #4932 ) ) GLOBAL_UNIT_ASSIGNED_CONTEXT ( ( #1105, #1483, #3961 ) ) REPRESENTATION_CONTEXT ( 'NONE', 'WORKASPACE' ) );
#3531 = STYLED_ITEM ( 'NONE', ( #665 ), #1566 ) ;
#3532 = LINE ( 'NONE', #4355, #2794 ) ;
#3533 = EDGE_LOOP ( 'NONE', ( #3749, #4765 ) ) ;
#3534 = FACE_OUTER_BOUND ( 'NONE', #4117, .T. ) ;
#3535 = AXIS2_PLACEMENT_3D ( 'NONE', #5267, #3908, #1453 ) ;
#3536 = COLOUR_RGB ( '',0.5294117647058823595, 0.5490196078431373028, 0.5490196078431373028 ) ;
#3537 = EDGE_CURVE ( 'NONE', #3580, #4805, #1642, .T. ) ;
#3538 = DIRECTION ( 'NONE',  ( 1.218537466051671088E-16, -9.448706592554520425E-15, 1.000000000000000000 ) ) ;
#3539 = ORIENTED_EDGE ( 'NONE', *, *, #3659, .T. ) ;
#3540 = AXIS2_PLACEMENT_3D ( 'NONE', #2125, #4623, #3858 ) ;
#3541 = CARTESIAN_POINT ( 'NONE',  ( 45.50000000000029132, 0.000000000000000000, -1062.500000000002501 ) ) ;
#3542 = CARTESIAN_POINT ( 'NONE',  ( 59.99999999999985079, 37.00000000000009237, -2049.999999999999091 ) ) ;
#3543 = CIRCLE ( 'NONE', #3187, 2.499999999999946709 ) ;
#3544 = FACE_OUTER_BOUND ( 'NONE', #1415, .T. ) ;
#3545 = CARTESIAN_POINT ( 'NONE',  ( 45.49999999999925393, 0.000000000000000000, -1162.499999999999091 ) ) ;
#3546 = FILL_AREA_STYLE ('',( #194 ) ) ;
#3547 = CARTESIAN_POINT ( 'NONE',  ( 45.49999999999923261, -1.040949779275264931E-16, -882.5000000000082991 ) ) ;
#3548 = ORIENTED_EDGE ( 'NONE', *, *, #1034, .F. ) ;
#3549 = FILL_AREA_STYLE_COLOUR ( '', #1940 ) ;
#3550 = CARTESIAN_POINT ( 'NONE',  ( 45.50000000000049027, -3.000000000000000000, -1042.500000000003183 ) ) ;
#3551 = ORIENTED_EDGE ( 'NONE', *, *, #144, .T. ) ;
#3552 = DIRECTION ( 'NONE',  ( -1.000000000000000000, 3.543264972207945357E-15, 0.000000000000000000 ) ) ;
#3553 = CARTESIAN_POINT ( 'NONE',  ( -45.50000000000062528, 0.000000000000000000, -897.5000000000077307 ) ) ;
#3554 = ORIENTED_EDGE ( 'NONE', *, *, #2922, .F. ) ;
#3555 = FACE_OUTER_BOUND ( 'NONE', #2680, .T. ) ;
#3556 = ORIENTED_EDGE ( 'NONE', *, *, #4840, .T. ) ;
#3557 =( LENGTH_UNIT ( ) NAMED_UNIT ( * ) SI_UNIT ( .MILLI., .METRE. ) );
#3558 = VECTOR ( 'NONE', #880, 1000.000000000000000 ) ;
#3559 = UNCERTAINTY_MEASURE_WITH_UNIT (LENGTH_MEASURE( 1.000000000000000082E-05 ), #5093, 'distance_accuracy_value', 'NONE');
#3561 = ORIENTED_EDGE ( 'NONE', *, *, #2551, .T. ) ;
#3560 = CARTESIAN_POINT ( 'NONE',  ( -45.50000000000000000, -1.040949779275264931E-16, -1100.000000000001137 ) ) ;
#3562 = EDGE_LOOP ( 'NONE', ( #2303, #912 ) ) ;
#3563 = DIRECTION ( 'NONE',  ( 0.000000000000000000, 0.000000000000000000, 1.000000000000000000 ) ) ;
#3564 = AXIS2_PLACEMENT_3D ( 'NONE', #1495, #2780, #3624 ) ;
#3565 = EDGE_CURVE ( 'NONE', #3332, #4252, #2481, .T. ) ;
#3566 = AXIS2_PLACEMENT_3D ( 'NONE', #4687, #2285, #5096 ) ;
#3567 = FILL_AREA_STYLE ('',( #4308 ) ) ;
#3568 = DIRECTION ( 'NONE',  ( 0.000000000000000000, 0.000000000000000000, 1.000000000000000000 ) ) ;
#3569 = CARTESIAN_POINT ( 'NONE',  ( 56.99999999999972999, 3.000000000000273115, -2049.999999999999091 ) ) ;
#3570 = CARTESIAN_POINT ( 'NONE',  ( 45.49999999999945999, -1.040949779275264931E-16, -1140.000000000000000 ) ) ;
#3571 = ORIENTED_EDGE ( 'NONE', *, *, #1365, .F. ) ;
#3572 = FILL_AREA_STYLE ('',( #2821 ) ) ;
#3573 = ADVANCED_FACE ( 'NONE', ( #4171 ), #5050, .F. ) ;
#3574 = VECTOR ( 'NONE', #3480, 1000.000000000000000 ) ;
#3575 = SURFACE_SIDE_STYLE ('',( #1324 ) ) ;
#3576 = LINE ( 'NONE', #3545, #2272 ) ;
#3577 = CARTESIAN_POINT ( 'NONE',  ( 45.49999999999923261, 0.000000000000000000, -820.0000000000102318 ) ) ;
#3578 = STYLED_ITEM ( 'NONE', ( #3314 ), #4492 ) ;
#3579 = LINE ( 'NONE', #3959, #2158 ) ;
#3580 = VERTEX_POINT ( 'NONE', #3817 ) ;
#3581 = DIRECTION ( 'NONE',  ( -0.000000000000000000, 1.000000000000000000, -0.000000000000000000 ) ) ;
#3583 = EDGE_LOOP ( 'NONE', ( #1829, #2849 ) ) ;
#3582 = CARTESIAN_POINT ( 'NONE',  ( 59.99999999999972999, -3.000000000000000000, -2049.999999999999545 ) ) ;
#3584 = EDGE_CURVE ( 'NONE', #4364, #4217, #357, .T. ) ;
#3585 = COLOUR_RGB ( '',0.5294117647058823595, 0.5490196078431373028, 0.5490196078431373028 ) ;
#3586 = LINE ( 'NONE', #2714, #3890 ) ;
#3587 = DIRECTION ( 'NONE',  ( -0.000000000000000000, 1.000000000000000000, -0.000000000000000000 ) ) ;
#3588 = ORIENTED_EDGE ( 'NONE', *, *, #4307, .F. ) ;
#3589 = CARTESIAN_POINT ( 'NONE',  ( 45.49999999999923261, -1.040949779275264931E-16, -822.5000000000102318 ) ) ;
#3590 = ORIENTED_EDGE ( 'NONE', *, *, #1127, .F. ) ;
#3591 = DIRECTION ( 'NONE',  ( 1.218537466052001424E-16, 0.000000000000000000, 1.000000000000000000 ) ) ;
#3593 = ORIENTED_EDGE ( 'NONE', *, *, #384, .F. ) ;
#3592 = DIRECTION ( 'NONE',  ( -1.000000000000000000, 3.491481338843133355E-15, 1.218537466052001177E-16 ) ) ;
#3594 = VERTEX_POINT ( 'NONE', #2138 ) ;
#3595 = CARTESIAN_POINT ( 'NONE',  ( -60.00000000000097344, 33.25000000000022737, -2034.999999999999318 ) ) ;
#3596 = CIRCLE ( 'NONE', #3039, 3.249999999999988898 ) ;
#3597 = DIRECTION ( 'NONE',  ( -1.218537466052001177E-16, -4.317601120785083971E-31, -1.000000000000000000 ) ) ;
#3598 = COLOUR_RGB ( '',0.5294117647058823595, 0.5490196078431373028, 0.5490196078431373028 ) ;
#3599 = DIRECTION ( 'NONE',  ( -0.000000000000000000, 1.000000000000000000, -0.000000000000000000 ) ) ;
#3600 = SURFACE_STYLE_USAGE ( .BOTH. , #2728 ) ;
#3601 = EDGE_CURVE ( 'NONE', #3837, #2265, #2089, .T. ) ;
#3602 = DIRECTION ( 'NONE',  ( 0.000000000000000000, 1.000000000000000000, 0.000000000000000000 ) ) ;
#3603 = CARTESIAN_POINT ( 'NONE',  ( 45.49999999999923261, -3.000000000000000000, -942.5000000000063665 ) ) ;
#3604 = ORIENTED_EDGE ( 'NONE', *, *, #1019, .T. ) ;
#3605 = DIRECTION ( 'NONE',  ( -1.000000000000000000, 3.543264972207945357E-15, 0.000000000000000000 ) ) ;
#3606 = MECHANICAL_DESIGN_GEOMETRIC_PRESENTATION_REPRESENTATION (  '', ( #4738 ), #2355 ) ;
#3607 = DIRECTION ( 'NONE',  ( 4.270088556250616885E-15, 1.000000000000000000, 0.000000000000000000 ) ) ;
#3608 = CIRCLE ( 'NONE', #2011, 2.499999999999946709 ) ;
#3609 = EDGE_CURVE ( 'NONE', #5293, #2397, #608, .T. ) ;
#3610 =( LENGTH_UNIT ( ) NAMED_UNIT ( * ) SI_UNIT ( .MILLI., .METRE. ) );
#3611 = FACE_BOUND ( 'NONE', #4345, .T. ) ;
#3612 = EDGE_LOOP ( 'NONE', ( #5071, #139, #4797, #1396 ) ) ;
#3613 = DIRECTION ( 'NONE',  ( 1.387778780781450606E-16, 1.734723475976813257E-16, 1.000000000000000000 ) ) ;
#3614 = ORIENTED_EDGE ( 'NONE', *, *, #4917, .T. ) ;
#3615 = COLOUR_RGB ( '',0.5294117647058823595, 0.5490196078431373028, 0.5490196078431373028 ) ;
#3616 = EDGE_CURVE ( 'NONE', #3317, #2742, #740, .T. ) ;
#3617 = CARTESIAN_POINT ( 'NONE',  ( -57.00000000000011369, 26.74999999999996092, 2.305278258258414206E-15 ) ) ;
#3618 = EDGE_LOOP ( 'NONE', ( #3571, #636 ) ) ;
#3619 =( NAMED_UNIT ( * ) SI_UNIT ( $, .STERADIAN. ) SOLID_ANGLE_UNIT ( ) );
#3620 = AXIS2_PLACEMENT_3D ( 'NONE', #2003, #4990, #3252 ) ;
#3621 = VERTEX_POINT ( 'NONE', #2944 ) ;
#3622 = AXIS2_PLACEMENT_3D ( 'NONE', #1963, #1874, #4859 ) ;
#3623 = UNCERTAINTY_MEASURE_WITH_UNIT (LENGTH_MEASURE( 1.000000000000000082E-05 ), #5170, 'distance_accuracy_value', 'NONE');
#3625 = ORIENTED_EDGE ( 'NONE', *, *, #1359, .T. ) ;
#3624 = DIRECTION ( 'NONE',  ( 0.000000000000000000, 0.000000000000000000, 1.000000000000000000 ) ) ;
#3626 = ORIENTED_EDGE ( 'NONE', *, *, #1230, .T. ) ;
#3627 = LINE ( 'NONE', #5342, #2477 ) ;
#3628 = FACE_OUTER_BOUND ( 'NONE', #4409, .T. ) ;
#3629 = CIRCLE ( 'NONE', #5031, 3.249999999999988898 ) ;
#3630 = AXIS2_PLACEMENT_3D ( 'NONE', #4322, #3041, #4736 ) ;
#3631 = FACE_OUTER_BOUND ( 'NONE', #4892, .T. ) ;
#3632 = CARTESIAN_POINT ( 'NONE',  ( 45.49999999999925393, 0.000000000000000000, -1159.999999999999318 ) ) ;
#3633 = CARTESIAN_POINT ( 'NONE',  ( -60.00000000000095923, 33.25000000000024158, -1934.999999999999545 ) ) ;
#3634 = LINE ( 'NONE', #278, #4294 ) ;
#3635 = EDGE_LOOP ( 'NONE', ( #4758, #146 ) ) ;
#3636 = CARTESIAN_POINT ( 'NONE',  ( -45.50000000000062528, 0.000000000000000000, -817.5000000000103455 ) ) ;
#3637 = DIRECTION ( 'NONE',  ( 0.000000000000000000, 0.000000000000000000, -1.000000000000000000 ) ) ;
#3638 = STYLED_ITEM ( 'NONE', ( #5400 ), #2644 ) ;
#3639 = EDGE_CURVE ( 'NONE', #2055, #3594, #879, .T. ) ;
#3640 = COLOUR_RGB ( '',0.5294117647058823595, 0.5490196078431373028, 0.5490196078431373028 ) ;
#3641 = MECHANICAL_DESIGN_GEOMETRIC_PRESENTATION_REPRESENTATION (  '', ( #3275 ), #1583 ) ;
#3642 = DIRECTION ( 'NONE',  ( 0.000000000000000000, 0.000000000000000000, 1.000000000000000000 ) ) ;
#3643 = FACE_BOUND ( 'NONE', #346, .T. ) ;
#3644 = ORIENTED_EDGE ( 'NONE', *, *, #4307, .T. ) ;
#3645 = DIRECTION ( 'NONE',  ( -0.000000000000000000, 1.000000000000000000, -0.000000000000000000 ) ) ;
#3646 = CARTESIAN_POINT ( 'NONE',  ( 45.49999999999923261, -1.040949779275264931E-16, -842.5000000000095497 ) ) ;
#3647 = DIRECTION ( 'NONE',  ( -0.000000000000000000, 1.000000000000000000, -0.000000000000000000 ) ) ;
#3648 = ADVANCED_FACE ( 'NONE', ( #5076 ), #2559, .F. ) ;
#3649 = CARTESIAN_POINT ( 'NONE',  ( -53.99999999999952394, -3.000000000000042633, 2050.000000000000000 ) ) ;
#3650 = SURFACE_STYLE_USAGE ( .BOTH. , #727 ) ;
#3651 = EDGE_LOOP ( 'NONE', ( #3415, #5379 ) ) ;
#3652 = DIRECTION ( 'NONE',  ( -0.000000000000000000, 1.000000000000000000, -0.000000000000000000 ) ) ;
#3653 = ORIENTED_EDGE ( 'NONE', *, *, #2614, .T. ) ;
#3654 = ADVANCED_FACE ( 'NONE', ( #3790 ), #5480, .F. ) ;
#3655 = ORIENTED_EDGE ( 'NONE', *, *, #1454, .F. ) ;
#3656 =( NAMED_UNIT ( * ) SI_UNIT ( $, .STERADIAN. ) SOLID_ANGLE_UNIT ( ) );
#3657 = ORIENTED_EDGE ( 'NONE', *, *, #3042, .F. ) ;
#3658 = LINE ( 'NONE', #212, #1742 ) ;
#3659 = EDGE_CURVE ( 'NONE', #1989, #3788, #4352, .T. ) ;
#3660 = LINE ( 'NONE', #4911, #4458 ) ;
#3661 = DIRECTION ( 'NONE',  ( 0.000000000000000000, -7.228014483236689653E-17, -1.000000000000000000 ) ) ;
#3662 = DIRECTION ( 'NONE',  ( -0.000000000000000000, 1.000000000000000000, -0.000000000000000000 ) ) ;
#3663 = VECTOR ( 'NONE', #1955, 1000.000000000000000 ) ;
#3664 = EDGE_LOOP ( 'NONE', ( #4127, #973, #3014, #2417 ) ) ;
#3665 = DIRECTION ( 'NONE',  ( 0.000000000000000000, 0.000000000000000000, 1.000000000000000000 ) ) ;
#3666 =( NAMED_UNIT ( * ) PLANE_ANGLE_UNIT ( ) SI_UNIT ( $, .RADIAN. ) );
#3667 = MECHANICAL_DESIGN_GEOMETRIC_PRESENTATION_REPRESENTATION (  '', ( #3470 ), #2137 ) ;
#3668 = DIRECTION ( 'NONE',  ( 0.000000000000000000, -1.000000000000000000, 0.000000000000000000 ) ) ;
#3669 = DIRECTION ( 'NONE',  ( 0.000000000000000000, 0.000000000000000000, -1.000000000000000000 ) ) ;
#3670 = FACE_BOUND ( 'NONE', #3533, .T. ) ;
#3671 =( NAMED_UNIT ( * ) PLANE_ANGLE_UNIT ( ) SI_UNIT ( $, .RADIAN. ) );
#3672 = ORIENTED_EDGE ( 'NONE', *, *, #4484, .T. ) ;
#3673 = AXIS2_PLACEMENT_3D ( 'NONE', #3026, #4726, #904 ) ;
#3674 = CARTESIAN_POINT ( 'NONE',  ( 59.99999999999982236, 29.99999999999978684, -2034.999999999999318 ) ) ;
#3675 = ORIENTED_EDGE ( 'NONE', *, *, #5143, .T. ) ;
#3676 = FACE_OUTER_BOUND ( 'NONE', #2700, .T. ) ;
#3677 = EDGE_CURVE ( 'NONE', #5305, #5234, #3045, .T. ) ;
#3678 = ORIENTED_EDGE ( 'NONE', *, *, #4830, .F. ) ;
#3679 = COLOUR_RGB ( '',0.5294117647058823595, 0.5490196078431373028, 0.5490196078431373028 ) ;
#3680 = DIRECTION ( 'NONE',  ( -0.000000000000000000, 1.000000000000000000, -0.000000000000000000 ) ) ;
#3681 = AXIS2_PLACEMENT_3D ( 'NONE', #3276, #2028, #288 ) ;
#3683 = ORIENTED_EDGE ( 'NONE', *, *, #509, .F. ) ;
#3682 = FILL_AREA_STYLE ('',( #5309 ) ) ;
#3684 = EDGE_CURVE ( 'NONE', #4497, #199, #503, .T. ) ;
#3685 = CARTESIAN_POINT ( 'NONE',  ( -56.99999999999990052, 37.00000000000001421, 2050.000000000000000 ) ) ;
#3686 =( LENGTH_UNIT ( ) NAMED_UNIT ( * ) SI_UNIT ( .MILLI., .METRE. ) );
#3687 = MECHANICAL_DESIGN_GEOMETRIC_PRESENTATION_REPRESENTATION (  '', ( #1991 ), #3127 ) ;
#3688 = DIRECTION ( 'NONE',  ( -1.218537466051993782E-16, -2.081668171172176402E-16, -1.000000000000000000 ) ) ;
#3689 = SURFACE_STYLE_FILL_AREA ( #1956 ) ;
#3690 = EDGE_CURVE ( 'NONE', #1227, #991, #2858, .T. ) ;
#3691 = CARTESIAN_POINT ( 'NONE',  ( 56.99999999999985789, 33.24999999999982947, -1934.999999999999545 ) ) ;
#3692 = CIRCLE ( 'NONE', #734, 2.499999999999946709 ) ;
#3693 = DIRECTION ( 'NONE',  ( 0.000000000000000000, 0.000000000000000000, 1.000000000000000000 ) ) ;
#3694 = EDGE_LOOP ( 'NONE', ( #3821, #98, #34, #2803 ) ) ;
#3695 = ORIENTED_EDGE ( 'NONE', *, *, #4383, .F. ) ;
#3696 = DIRECTION ( 'NONE',  ( -1.387778780781450606E-16, -2.081668171172175909E-16, -1.000000000000000000 ) ) ;
#3697 = COLOUR_RGB ( '',0.5294117647058823595, 0.5490196078431373028, 0.5490196078431373028 ) ;
#3698 = SURFACE_SIDE_STYLE ('',( #4918 ) ) ;
#3699 = FACE_BOUND ( 'NONE', #5269, .T. ) ;
#3700 = AXIS2_PLACEMENT_3D ( 'NONE', #4181, #315, #2025 ) ;
#3701 = CARTESIAN_POINT ( 'NONE',  ( -45.50000000000062528, -3.000000000000000000, -1159.999999999999318 ) ) ;
#3702 = AXIS2_PLACEMENT_3D ( 'NONE', #4771, #3458, #3085 ) ;
#3703 =( NAMED_UNIT ( * ) SI_UNIT ( $, .STERADIAN. ) SOLID_ANGLE_UNIT ( ) );
#3704 = CARTESIAN_POINT ( 'NONE',  ( -45.50000000000062528, -1.040949779275264931E-16, -880.0000000000082991 ) ) ;
#3705 = ORIENTED_EDGE ( 'NONE', *, *, #303, .T. ) ;
#3706 = CARTESIAN_POINT ( 'NONE',  ( -45.50000000000062528, 0.000000000000000000, -902.5000000000076170 ) ) ;
#3707 = VERTEX_POINT ( 'NONE', #4277 ) ;
#3708 =( GEOMETRIC_REPRESENTATION_CONTEXT ( 3 ) GLOBAL_UNCERTAINTY_ASSIGNED_CONTEXT ( ( #4065 ) ) GLOBAL_UNIT_ASSIGNED_CONTEXT ( ( #4332, #3875, #2998 ) ) REPRESENTATION_CONTEXT ( 'NONE', 'WORKASPACE' ) );
#3709 = DIRECTION ( 'NONE',  ( 0.000000000000000000, 0.000000000000000000, -1.000000000000000000 ) ) ;
#3710 = EDGE_CURVE ( 'NONE', #4845, #5477, #1284, .T. ) ;
#3711 = COLOUR_RGB ( '',0.5294117647058823595, 0.5490196078431373028, 0.5490196078431373028 ) ;
#3713 = ORIENTED_EDGE ( 'NONE', *, *, #1593, .T. ) ;
#3712 = FILL_AREA_STYLE ('',( #4658 ) ) ;
#3714 = DIRECTION ( 'NONE',  ( 0.000000000000000000, -1.000000000000000000, 0.000000000000000000 ) ) ;
#3715 =( NAMED_UNIT ( * ) SI_UNIT ( $, .STERADIAN. ) SOLID_ANGLE_UNIT ( ) );
#3716 = COLOUR_RGB ( '',0.5294117647058823595, 0.5490196078431373028, 0.5490196078431373028 ) ;
#3717 = EDGE_CURVE ( 'NONE', #4947, #1712, #5344, .T. ) ;
#3718 = CARTESIAN_POINT ( 'NONE',  ( -59.99999999999992895, 47.00000000000000000, 2040.000000000000455 ) ) ;
#3719 = DIRECTION ( 'NONE',  ( 0.000000000000000000, 0.000000000000000000, 1.000000000000000000 ) ) ;
#3720 = MECHANICAL_DESIGN_GEOMETRIC_PRESENTATION_REPRESENTATION (  '', ( #2549 ), #5117 ) ;
#3721 = DIRECTION ( 'NONE',  ( -0.000000000000000000, 1.000000000000000000, -0.000000000000000000 ) ) ;
#3722 = DIRECTION ( 'NONE',  ( -1.387778780781450606E-16, -2.081668171172175909E-16, -1.000000000000000000 ) ) ;
#3723 = VERTEX_POINT ( 'NONE', #451 ) ;
#3724 = ORIENTED_EDGE ( 'NONE', *, *, #2635, .F. ) ;
#3725 = LINE ( 'NONE', #825, #2626 ) ;
#3726 = CIRCLE ( 'NONE', #1679, 2.499999999999946709 ) ;
#3727 = EDGE_CURVE ( 'NONE', #2107, #836, #2636, .T. ) ;
#3728 = CARTESIAN_POINT ( 'NONE',  ( -45.49999999999874944, -3.000000000000000000, -980.0000000000051159 ) ) ;
#3729 = DIRECTION ( 'NONE',  ( -0.000000000000000000, 1.000000000000000000, -0.000000000000000000 ) ) ;
#3730 = CARTESIAN_POINT ( 'NONE',  ( 60.00000000000022737, -3.000000000000000000, 2050.000000000000000 ) ) ;
#3731 = AXIS2_PLACEMENT_3D ( 'NONE', #5264, #571, #2351 ) ;
#3732 = CARTESIAN_POINT ( 'NONE',  ( 57.00000000000023448, 3.000000000000278888, -2049.999999999999091 ) ) ;
#3733 = CARTESIAN_POINT ( 'NONE',  ( -60.00000000000098765, 30.00000000000021316, -2034.999999999999318 ) ) ;
#3734 = COLOUR_RGB ( '',0.5294117647058823595, 0.5490196078431373028, 0.5490196078431373028 ) ;
#3735 = CARTESIAN_POINT ( 'NONE',  ( 45.49999999999925393, 0.000000000000000000, -1159.999999999999318 ) ) ;
#3736 = DIRECTION ( 'NONE',  ( -0.000000000000000000, 1.000000000000000000, -0.000000000000000000 ) ) ;
#3737 = ORIENTED_EDGE ( 'NONE', *, *, #3710, .T. ) ;
#3738 = CARTESIAN_POINT ( 'NONE',  ( -45.50000000000062528, 0.000000000000000000, -940.0000000000063665 ) ) ;
#3739 = ORIENTED_EDGE ( 'NONE', *, *, #482, .F. ) ;
#3740 = MECHANICAL_DESIGN_GEOMETRIC_PRESENTATION_REPRESENTATION (  '', ( #2999 ), #3083 ) ;
#3741 = CIRCLE ( 'NONE', #2985, 2.499999999999946709 ) ;
#3742 = CARTESIAN_POINT ( 'NONE',  ( 45.49999999999923261, 0.000000000000000000, -862.5000000000089813 ) ) ;
#3743 =( GEOMETRIC_REPRESENTATION_CONTEXT ( 3 ) GLOBAL_UNCERTAINTY_ASSIGNED_CONTEXT ( ( #5450 ) ) GLOBAL_UNIT_ASSIGNED_CONTEXT ( ( #338, #3851, #5058 ) ) REPRESENTATION_CONTEXT ( 'NONE', 'WORKASPACE' ) );
#3745 = VERTEX_POINT ( 'NONE', #2164 ) ;
#3744 = SURFACE_SIDE_STYLE ('',( #399 ) ) ;
#3746 =( NAMED_UNIT ( * ) SI_UNIT ( $, .STERADIAN. ) SOLID_ANGLE_UNIT ( ) );
#3747 = CARTESIAN_POINT ( 'NONE',  ( -60.00000000000098765, 30.00000000000021316, -2034.999999999999318 ) ) ;
#3748 =( NAMED_UNIT ( * ) SI_UNIT ( $, .STERADIAN. ) SOLID_ANGLE_UNIT ( ) );
#3749 = ORIENTED_EDGE ( 'NONE', *, *, #2104, .F. ) ;
#3750 = ORIENTED_EDGE ( 'NONE', *, *, #4040, .T. ) ;
#3751 = ADVANCED_FACE ( 'NONE', ( #2583 ), #1799, .F. ) ;
#3752 = SURFACE_SIDE_STYLE ('',( #3372 ) ) ;
#3753 = AXIS2_PLACEMENT_3D ( 'NONE', #2646, #3538, #1753 ) ;
#3754 = CARTESIAN_POINT ( 'NONE',  ( 45.49999999999987210, -3.000000000000000000, -1097.500000000001364 ) ) ;
#3755 =( NAMED_UNIT ( * ) PLANE_ANGLE_UNIT ( ) SI_UNIT ( $, .RADIAN. ) );
#3756 = EDGE_CURVE ( 'NONE', #1898, #4842, #436, .T. ) ;
#3757 = FILL_AREA_STYLE_COLOUR ( '', #3598 ) ;
#3758 = VECTOR ( 'NONE', #3599, 1000.000000000000000 ) ;
#3759 = FILL_AREA_STYLE_COLOUR ( '', #4596 ) ;
#3760 = FACE_BOUND ( 'NONE', #4713, .T. ) ;
#3761 = ORIENTED_EDGE ( 'NONE', *, *, #2406, .F. ) ;
#3762 = ADVANCED_FACE ( 'NONE', ( #2808 ), #242, .F. ) ;
#3763 = ORIENTED_EDGE ( 'NONE', *, *, #2684, .F. ) ;
#3764 = CIRCLE ( 'NONE', #2146, 2.499999999999946709 ) ;
#3766 = EDGE_LOOP ( 'NONE', ( #2716, #3316, #618, #4602 ) ) ;
#3765 = CARTESIAN_POINT ( 'NONE',  ( -45.49999999999895550, -3.000000000000000000, -1002.500000000004434 ) ) ;
#3767 = AXIS2_PLACEMENT_3D ( 'NONE', #3632, #5281, #3568 ) ;
#3768 = CARTESIAN_POINT ( 'NONE',  ( -45.50000000000062528, 0.000000000000000000, -937.5000000000064801 ) ) ;
#3769 = DIRECTION ( 'NONE',  ( -0.000000000000000000, 7.228014483236689653E-17, -1.000000000000000000 ) ) ;
#3770 =( NAMED_UNIT ( * ) PLANE_ANGLE_UNIT ( ) SI_UNIT ( $, .RADIAN. ) );
#3771 = ORIENTED_EDGE ( 'NONE', *, *, #5212, .F. ) ;
#3772 = EDGE_LOOP ( 'NONE', ( #3264, #754, #1327, #4606 ) ) ;
#3773 = AXIS2_PLACEMENT_3D ( 'NONE', #3461, #2627, #56 ) ;
#3774 = ADVANCED_FACE ( 'NONE', ( #4412 ), #3160, .T. ) ;
#3775 = COLOUR_RGB ( '',0.5294117647058823595, 0.5490196078431373028, 0.5490196078431373028 ) ;
#3776 = CARTESIAN_POINT ( 'NONE',  ( -56.99999999999993605, 30.00000000000022027, 1549.999999999999773 ) ) ;
#3777 = DIRECTION ( 'NONE',  ( 1.000000000000000000, -3.491481338843133355E-15, -1.218537466052000931E-16 ) ) ;
#3778 = FILL_AREA_STYLE ('',( #2491 ) ) ;
#3779 = FILL_AREA_STYLE_COLOUR ( '', #647 ) ;
#3780 = MECHANICAL_DESIGN_GEOMETRIC_PRESENTATION_REPRESENTATION (  '', ( #299 ), #4899 ) ;
#3781 = EDGE_CURVE ( 'NONE', #147, #4834, #2861, .T. ) ;
#3782 = LINE ( 'NONE', #416, #339 ) ;
#3783 = DIRECTION ( 'NONE',  ( 0.000000000000000000, 0.000000000000000000, 1.000000000000000000 ) ) ;
#3784 = ORIENTED_EDGE ( 'NONE', *, *, #960, .T. ) ;
#3785 = ORIENTED_EDGE ( 'NONE', *, *, #5253, .F. ) ;
#3786 = CIRCLE ( 'NONE', #1641, 2.499999999999946709 ) ;
#3787 = EDGE_CURVE ( 'NONE', #1479, #3049, #1118, .T. ) ;
#3788 = VERTEX_POINT ( 'NONE', #1521 ) ;
#3789 = AXIS2_PLACEMENT_3D ( 'NONE', #5188, #3051, #1728 ) ;
#3790 = FACE_OUTER_BOUND ( 'NONE', #4818, .T. ) ;
#3791 = DIRECTION ( 'NONE',  ( -4.270088556250616885E-15, -1.000000000000000000, 0.000000000000000000 ) ) ;
#3792 = SURFACE_STYLE_USAGE ( .BOTH. , #4222 ) ;
#3793 = ORIENTED_EDGE ( 'NONE', *, *, #1941, .T. ) ;
#3794 = DIRECTION ( 'NONE',  ( 0.000000000000000000, 0.000000000000000000, 1.000000000000000000 ) ) ;
#3795 = MECHANICAL_DESIGN_GEOMETRIC_PRESENTATION_REPRESENTATION (  '', ( #4669 ), #1925 ) ;
#3796 = FACE_OUTER_BOUND ( 'NONE', #900, .T. ) ;
#3797 = FILL_AREA_STYLE ('',( #5383 ) ) ;
#3798 = EDGE_LOOP ( 'NONE', ( #2099, #2501, #3089, #1606 ) ) ;
#3799 = DIRECTION ( 'NONE',  ( 0.000000000000000000, 0.000000000000000000, 1.000000000000000000 ) ) ;
#3800 = PRESENTATION_LAYER_ASSIGNMENT (  '', '', ( #1663 ) ) ;
#3801 = CARTESIAN_POINT ( 'NONE',  ( 57.00000000000009237, 33.24999999999947420, -1.386721022564383349E-14 ) ) ;
#3802 = CIRCLE ( 'NONE', #676, 2.499999999999946709 ) ;
#3803 = PRESENTATION_LAYER_ASSIGNMENT (  '', '', ( #3531 ) ) ;
#3804 = DIRECTION ( 'NONE',  ( -4.270088556250616885E-15, -1.000000000000000000, 0.000000000000000000 ) ) ;
#3805 = VERTEX_POINT ( 'NONE', #176 ) ;
#3806 = PLANE ( 'NONE',  #2914 ) ;
#3807 = ORIENTED_EDGE ( 'NONE', *, *, #5228, .T. ) ;
#3808 = EDGE_CURVE ( 'NONE', #447, #2790, #2941, .T. ) ;
#3809 = PRESENTATION_LAYER_ASSIGNMENT (  '', '', ( #3638 ) ) ;
#3810 = PRESENTATION_LAYER_ASSIGNMENT (  '', '', ( #2652 ) ) ;
#3811 = EDGE_LOOP ( 'NONE', ( #2910, #2133, #4665, #5235 ) ) ;
#3812 = DIRECTION ( 'NONE',  ( 0.000000000000000000, 0.000000000000000000, 1.000000000000000000 ) ) ;
#3813 = AXIS2_PLACEMENT_3D ( 'NONE', #4753, #4775, #5147 ) ;
#3814 = ADVANCED_FACE ( 'NONE', ( #4066 ), #1000, .F. ) ;
#3815 =( NAMED_UNIT ( * ) SI_UNIT ( $, .STERADIAN. ) SOLID_ANGLE_UNIT ( ) );
#3816 = PRESENTATION_LAYER_ASSIGNMENT (  '', '', ( #2395 ) ) ;
#3817 = CARTESIAN_POINT ( 'NONE',  ( -60.00000000000098765, 26.75000000000021316, -1934.999999999999545 ) ) ;
#3818 = FACE_OUTER_BOUND ( 'NONE', #1942, .T. ) ;
#3819 = FACE_OUTER_BOUND ( 'NONE', #3336, .T. ) ;
#3820 = CYLINDRICAL_SURFACE ( 'NONE', #2083, 2.499999999999946709 ) ;
#3821 = ORIENTED_EDGE ( 'NONE', *, *, #129, .F. ) ;
#3822 = ORIENTED_EDGE ( 'NONE', *, *, #2950, .T. ) ;
#3823 = DIRECTION ( 'NONE',  ( -0.000000000000000000, 1.000000000000000000, -0.000000000000000000 ) ) ;
#3824 = EDGE_CURVE ( 'NONE', #1032, #923, #3917, .T. ) ;
#3825 = CARTESIAN_POINT ( 'NONE',  ( 45.50000000000092371, -3.000000000000000000, -1002.500000000004434 ) ) ;
#3826 = ORIENTED_EDGE ( 'NONE', *, *, #4548, .F. ) ;
#3827 = CARTESIAN_POINT ( 'NONE',  ( -45.50000000000062528, 0.000000000000000000, -840.0000000000096634 ) ) ;
#3828 = CARTESIAN_POINT ( 'NONE',  ( 45.49999999999923261, -3.000000000000000000, -797.5000000000110276 ) ) ;
#3829 = LINE ( 'NONE', #888, #3405 ) ;
#3830 = ORIENTED_EDGE ( 'NONE', *, *, #2020, .F. ) ;
#3831 =( NAMED_UNIT ( * ) SI_UNIT ( $, .STERADIAN. ) SOLID_ANGLE_UNIT ( ) );
#3832 = VERTEX_POINT ( 'NONE', #3765 ) ;
#3833 = AXIS2_PLACEMENT_3D ( 'NONE', #735, #3388, #2452 ) ;
#3834 = UNCERTAINTY_MEASURE_WITH_UNIT (LENGTH_MEASURE( 1.000000000000000082E-05 ), #2366, 'distance_accuracy_value', 'NONE');
#3835 = EDGE_CURVE ( 'NONE', #2604, #991, #3309, .T. ) ;
#3837 = VERTEX_POINT ( 'NONE', #323 ) ;
#3836 = CARTESIAN_POINT ( 'NONE',  ( 45.50000000000049027, -1.040949779275264931E-16, -1037.500000000003183 ) ) ;
#3838 = DIRECTION ( 'NONE',  ( -0.000000000000000000, 1.000000000000000000, -0.000000000000000000 ) ) ;
#3839 =( GEOMETRIC_REPRESENTATION_CONTEXT ( 3 ) GLOBAL_UNCERTAINTY_ASSIGNED_CONTEXT ( ( #1766 ) ) GLOBAL_UNIT_ASSIGNED_CONTEXT ( ( #349, #814, #2106 ) ) REPRESENTATION_CONTEXT ( 'NONE', 'WORKASPACE' ) );
#3840 = DIRECTION ( 'NONE',  ( 0.000000000000000000, 0.000000000000000000, 1.000000000000000000 ) ) ;
#3841 = EDGE_CURVE ( 'NONE', #645, #4769, #2475, .T. ) ;
#3842 = AXIS2_PLACEMENT_3D ( 'NONE', #1128, #4969, #4555 ) ;
#3843 = VERTEX_POINT ( 'NONE', #4630 ) ;
#3844 = FILL_AREA_STYLE ('',( #2685 ) ) ;
#3845 = DIRECTION ( 'NONE',  ( 1.000000000000000000, -3.541727096785830610E-15, 0.000000000000000000 ) ) ;
#3846 = CARTESIAN_POINT ( 'NONE',  ( 53.99999999999972999, -3.000000000000000000, 2050.000000000000000 ) ) ;
#3847 = EDGE_LOOP ( 'NONE', ( #3739, #2327, #1793, #4393 ) ) ;
#3848 = DIRECTION ( 'NONE',  ( -3.469446951953613400E-15, 1.000000000000000000, 0.000000000000000000 ) ) ;
#3849 = AXIS2_PLACEMENT_3D ( 'NONE', #2896, #2532, #3260 ) ;
#3850 = EDGE_CURVE ( 'NONE', #3978, #4371, #1323, .T. ) ;
#3851 =( NAMED_UNIT ( * ) PLANE_ANGLE_UNIT ( ) SI_UNIT ( $, .RADIAN. ) );
#3852 = DIRECTION ( 'NONE',  ( 0.000000000000000000, 0.000000000000000000, 1.000000000000000000 ) ) ;
#3853 = VECTOR ( 'NONE', #701, 1000.000000000000000 ) ;
#3854 = ORIENTED_EDGE ( 'NONE', *, *, #5419, .T. ) ;
#3855 = LINE ( 'NONE', #3006, #245 ) ;
#3856 = PRESENTATION_STYLE_ASSIGNMENT (( #1734 ) ) ;
#3857 = AXIS2_PLACEMENT_3D ( 'NONE', #721, #3270, #2410 ) ;
#3858 = DIRECTION ( 'NONE',  ( 0.000000000000000000, 0.000000000000000000, -1.000000000000000000 ) ) ;
#3859 = EDGE_LOOP ( 'NONE', ( #4558, #595, #306, #4914 ) ) ;
#3860 = FILL_AREA_STYLE_COLOUR ( '', #1580 ) ;
#3861 = AXIS2_PLACEMENT_3D ( 'NONE', #5112, #2278, #1295 ) ;
#3862 = ORIENTED_EDGE ( 'NONE', *, *, #2210, .T. ) ;
#3864 = ORIENTED_EDGE ( 'NONE', *, *, #1667, .T. ) ;
#3863 = DIRECTION ( 'NONE',  ( -0.000000000000000000, 1.000000000000000000, -0.000000000000000000 ) ) ;
#3865 = DIRECTION ( 'NONE',  ( -0.000000000000000000, 1.000000000000000000, -0.000000000000000000 ) ) ;
#3866 = AXIS2_PLACEMENT_3D ( 'NONE', #4107, #3172, #1930 ) ;
#3867 = LINE ( 'NONE', #4299, #2899 ) ;
#3868 = AXIS2_PLACEMENT_3D ( 'NONE', #3928, #108, #884 ) ;
#3870 = ORIENTED_EDGE ( 'NONE', *, *, #4654, .T. ) ;
#3869 = SURFACE_STYLE_FILL_AREA ( #5183 ) ;
#3871 = PRESENTATION_STYLE_ASSIGNMENT (( #1023 ) ) ;
#3872 = SURFACE_SIDE_STYLE ('',( #2618 ) ) ;
#3873 = EDGE_LOOP ( 'NONE', ( #4655, #472 ) ) ;
#3874 = DIRECTION ( 'NONE',  ( 0.000000000000000000, 0.000000000000000000, 1.000000000000000000 ) ) ;
#3875 =( NAMED_UNIT ( * ) PLANE_ANGLE_UNIT ( ) SI_UNIT ( $, .RADIAN. ) );
#3876 = ADVANCED_FACE ( 'NONE', ( #1610 ), #375, .T. ) ;
#3877 = FACE_OUTER_BOUND ( 'NONE', #1089, .T. ) ;
#3878 = DIRECTION ( 'NONE',  ( -0.000000000000000000, 1.000000000000000000, -0.000000000000000000 ) ) ;
#3879 = EDGE_CURVE ( 'NONE', #3226, #770, #1664, .T. ) ;
#3880 = CIRCLE ( 'NONE', #398, 2.499999999999946709 ) ;
#3881 = CARTESIAN_POINT ( 'NONE',  ( 45.49999999999987210, -3.000000000000000000, -1100.000000000001137 ) ) ;
#3882 = ORIENTED_EDGE ( 'NONE', *, *, #1909, .F. ) ;
#3883 =( NAMED_UNIT ( * ) SI_UNIT ( $, .STERADIAN. ) SOLID_ANGLE_UNIT ( ) );
#3884 = ORIENTED_EDGE ( 'NONE', *, *, #1071, .F. ) ;
#3885 = AXIS2_PLACEMENT_3D ( 'NONE', #4957, #3823, #2949 ) ;
#3886 = CIRCLE ( 'NONE', #4318, 2.499999999999946709 ) ;
#3887 = UNCERTAINTY_MEASURE_WITH_UNIT (LENGTH_MEASURE( 1.000000000000000082E-05 ), #2546, 'distance_accuracy_value', 'NONE');
#3888 = ORIENTED_EDGE ( 'NONE', *, *, #4522, .T. ) ;
#3889 = DIRECTION ( 'NONE',  ( -0.000000000000000000, 1.000000000000000000, -0.000000000000000000 ) ) ;
#3890 = VECTOR ( 'NONE', #1388, 1000.000000000000000 ) ;
#3891 =( GEOMETRIC_REPRESENTATION_CONTEXT ( 3 ) GLOBAL_UNCERTAINTY_ASSIGNED_CONTEXT ( ( #3559 ) ) GLOBAL_UNIT_ASSIGNED_CONTEXT ( ( #5093, #4188, #5066 ) ) REPRESENTATION_CONTEXT ( 'NONE', 'WORKASPACE' ) );
#3892 = DIRECTION ( 'NONE',  ( 0.000000000000000000, 0.000000000000000000, -1.000000000000000000 ) ) ;
#3893 = VECTOR ( 'NONE', #3645, 1000.000000000000000 ) ;
#3894 = ORIENTED_EDGE ( 'NONE', *, *, #4056, .F. ) ;
#3895 = ORIENTED_EDGE ( 'NONE', *, *, #4552, .F. ) ;
#3896 = DIRECTION ( 'NONE',  ( 0.000000000000000000, -1.000000000000000000, 0.000000000000000000 ) ) ;
#3897 =( GEOMETRIC_REPRESENTATION_CONTEXT ( 3 ) GLOBAL_UNCERTAINTY_ASSIGNED_CONTEXT ( ( #5152 ) ) GLOBAL_UNIT_ASSIGNED_CONTEXT ( ( #110, #1443, #3460 ) ) REPRESENTATION_CONTEXT ( 'NONE', 'WORKASPACE' ) );
#3898 =( NAMED_UNIT ( * ) SI_UNIT ( $, .STERADIAN. ) SOLID_ANGLE_UNIT ( ) );
#3899 = EDGE_CURVE ( 'NONE', #3925, #4508, #5346, .T. ) ;
#3900 = CARTESIAN_POINT ( 'NONE',  ( -60.00000000000039080, 37.00000000000000000, -2049.999999999999545 ) ) ;
#3901 = CARTESIAN_POINT ( 'NONE',  ( 45.50000000000070344, 0.000000000000000000, -1020.000000000003752 ) ) ;
#3902 = SURFACE_STYLE_USAGE ( .BOTH. , #856 ) ;
#3903 = ADVANCED_FACE ( 'NONE', ( #5424 ), #839, .F. ) ;
#3904 = DIRECTION ( 'NONE',  ( 0.000000000000000000, -1.000000000000000000, 0.000000000000000000 ) ) ;
#3905 = ORIENTED_EDGE ( 'NONE', *, *, #1108, .T. ) ;
#3906 =( NAMED_UNIT ( * ) PLANE_ANGLE_UNIT ( ) SI_UNIT ( $, .RADIAN. ) );
#3907 = EDGE_LOOP ( 'NONE', ( #2673, #1183 ) ) ;
#3908 = DIRECTION ( 'NONE',  ( -0.000000000000000000, 1.000000000000000000, -0.000000000000000000 ) ) ;
#3909 = ADVANCED_FACE ( 'NONE', ( #1226 ), #1637, .F. ) ;
#3910 =( GEOMETRIC_REPRESENTATION_CONTEXT ( 3 ) GLOBAL_UNCERTAINTY_ASSIGNED_CONTEXT ( ( #89 ) ) GLOBAL_UNIT_ASSIGNED_CONTEXT ( ( #1893, #1064, #4910 ) ) REPRESENTATION_CONTEXT ( 'NONE', 'WORKASPACE' ) );
#3911 = VERTEX_POINT ( 'NONE', #64 ) ;
#3912 = CARTESIAN_POINT ( 'NONE',  ( 45.49999999999987210, -3.000000000000000000, -1102.500000000001137 ) ) ;
#3913 = VERTEX_POINT ( 'NONE', #4397 ) ;
#3914 = VECTOR ( 'NONE', #4580, 1000.000000000000000 ) ;
#3915 = CARTESIAN_POINT ( 'NONE',  ( 45.50000000000112266, 0.000000000000000000, -982.5000000000050022 ) ) ;
#3916 =( NAMED_UNIT ( * ) PLANE_ANGLE_UNIT ( ) SI_UNIT ( $, .RADIAN. ) );
#3917 = CIRCLE ( 'NONE', #1520, 2.499999999999946709 ) ;
#3918 = ORIENTED_EDGE ( 'NONE', *, *, #80, .F. ) ;
#3919 = DIRECTION ( 'NONE',  ( -3.543264972207945357E-15, -1.000000000000000000, 2.081668171172180839E-16 ) ) ;
#3920 = SURFACE_STYLE_USAGE ( .BOTH. , #2621 ) ;
#3921 =( GEOMETRIC_REPRESENTATION_CONTEXT ( 3 ) GLOBAL_UNCERTAINTY_ASSIGNED_CONTEXT ( ( #4657 ) ) GLOBAL_UNIT_ASSIGNED_CONTEXT ( ( #5164, #2595, #1833 ) ) REPRESENTATION_CONTEXT ( 'NONE', 'WORKASPACE' ) );
#3922 = SURFACE_SIDE_STYLE ('',( #1832 ) ) ;
#3923 = CARTESIAN_POINT ( 'NONE',  ( 45.49999999999923261, -3.000000000000000000, -817.5000000000103455 ) ) ;
#3924 = DIRECTION ( 'NONE',  ( 0.000000000000000000, 0.000000000000000000, -1.000000000000000000 ) ) ;
#3925 = VERTEX_POINT ( 'NONE', #2737 ) ;
#3926 = CARTESIAN_POINT ( 'NONE',  ( -60.00000000000099476, 26.75000000000019540, -2034.999999999999318 ) ) ;
#3927 = CIRCLE ( 'NONE', #5354, 10.00000000000000178 ) ;
#3928 = CARTESIAN_POINT ( 'NONE',  ( -45.49999999999874944, 0.000000000000000000, -980.0000000000051159 ) ) ;
#3929 = ADVANCED_FACE ( 'NONE', ( #2159 ), #565, .F. ) ;
#3930 = CYLINDRICAL_SURFACE ( 'NONE', #3454, 2.499999999999946709 ) ;
#3931 = DIRECTION ( 'NONE',  ( -1.218537466052007587E-16, -1.734723475976813750E-16, -1.000000000000000000 ) ) ;
#3932 = VERTEX_POINT ( 'NONE', #1768 ) ;
#3933 = SURFACE_STYLE_USAGE ( .BOTH. , #3035 ) ;
#3934 = DIRECTION ( 'NONE',  ( -0.000000000000000000, 1.000000000000000000, -0.000000000000000000 ) ) ;
#3935 = ORIENTED_EDGE ( 'NONE', *, *, #2487, .F. ) ;
#3936 = ADVANCED_FACE ( 'NONE', ( #5291 ), #1477, .F. ) ;
#3937 = UNCERTAINTY_MEASURE_WITH_UNIT (LENGTH_MEASURE( 1.000000000000000082E-05 ), #4473, 'distance_accuracy_value', 'NONE');
#3938 = CARTESIAN_POINT ( 'NONE',  ( -57.00000000000035527, 26.75000000000018474, -2034.999999999999318 ) ) ;
#3939 = VECTOR ( 'NONE', #1404, 1000.000000000000000 ) ;
#3940 = ORIENTED_EDGE ( 'NONE', *, *, #5359, .F. ) ;
#3941 = ORIENTED_EDGE ( 'NONE', *, *, #954, .F. ) ;
#3942 = CYLINDRICAL_SURFACE ( 'NONE', #1101, 2.499999999999946709 ) ;
#3943 = EDGE_CURVE ( 'NONE', #153, #553, #5245, .T. ) ;
#3944 = STYLED_ITEM ( 'NONE', ( #2995 ), #5479 ) ;
#3945 = EDGE_LOOP ( 'NONE', ( #3207, #4239 ) ) ;
#3946 = CIRCLE ( 'NONE', #1449, 2.499999999999946709 ) ;
#3947 = ORIENTED_EDGE ( 'NONE', *, *, #2713, .T. ) ;
#3948 = CARTESIAN_POINT ( 'NONE',  ( -53.99999999999977263, -3.387047586844715852E-13, -2049.999999999999545 ) ) ;
#3949 = AXIS2_PLACEMENT_3D ( 'NONE', #4673, #5227, #1322 ) ;
#3950 = SURFACE_STYLE_FILL_AREA ( #3567 ) ;
#3951 = SURFACE_SIDE_STYLE ('',( #4287 ) ) ;
#3952 = VERTEX_POINT ( 'NONE', #1281 ) ;
#3953 = SURFACE_STYLE_USAGE ( .BOTH. , #3138 ) ;
#3954 = MECHANICAL_DESIGN_GEOMETRIC_PRESENTATION_REPRESENTATION (  '', ( #123 ), #3422 ) ;
#3955 =( NAMED_UNIT ( * ) SI_UNIT ( $, .STERADIAN. ) SOLID_ANGLE_UNIT ( ) );
#3956 = VECTOR ( 'NONE', #2965, 1000.000000000000000 ) ;
#3957 = DIRECTION ( 'NONE',  ( 0.000000000000000000, 0.000000000000000000, 1.000000000000000000 ) ) ;
#3958 = CARTESIAN_POINT ( 'NONE',  ( 45.50000000000049027, 0.000000000000000000, -1042.500000000003183 ) ) ;
#3959 = CARTESIAN_POINT ( 'NONE',  ( 57.00000000000007105, 26.74999999999987566, -1.158604885473440789E-14 ) ) ;
#3960 = VERTEX_POINT ( 'NONE', #3836 ) ;
#3962 = ORIENTED_EDGE ( 'NONE', *, *, #3258, .F. ) ;
#3961 =( NAMED_UNIT ( * ) SI_UNIT ( $, .STERADIAN. ) SOLID_ANGLE_UNIT ( ) );
#3963 = EDGE_LOOP ( 'NONE', ( #4906, #2102, #1223, #5029 ) ) ;
#3964 = COLOUR_RGB ( '',0.5294117647058823595, 0.5490196078431373028, 0.5490196078431373028 ) ;
#3965 = CARTESIAN_POINT ( 'NONE',  ( 60.00000000000003553, 26.74999999999981526, -250.0000000000000000 ) ) ;
#3966 = VERTEX_POINT ( 'NONE', #1 ) ;
#3967 = CARTESIAN_POINT ( 'NONE',  ( -45.50000000000062528, -1.040949779275264931E-16, -800.0000000000109139 ) ) ;
#3968 = ADVANCED_FACE ( 'NONE', ( #1717 ), #3412, .F. ) ;
#3969 = EDGE_LOOP ( 'NONE', ( #3437, #995, #823, #4099 ) ) ;
#3970 = AXIS2_PLACEMENT_3D ( 'NONE', #220, #4048, #1040 ) ;
#3971 = COLOUR_RGB ( '',0.5294117647058823595, 0.5490196078431373028, 0.5490196078431373028 ) ;
#3973 = VERTEX_POINT ( 'NONE', #4014 ) ;
#3972 = CARTESIAN_POINT ( 'NONE',  ( -60.00000000000027711, 2.999999999999977796, -2049.999999999999545 ) ) ;
#3974 = VECTOR ( 'NONE', #5417, 1000.000000000000000 ) ;
#3975 = MECHANICAL_DESIGN_GEOMETRIC_PRESENTATION_REPRESENTATION (  '', ( #4594 ), #241 ) ;
#3976 = EDGE_CURVE ( 'NONE', #3355, #3960, #4981, .T. ) ;
#3977 = APPLICATION_PROTOCOL_DEFINITION ( 'draft international standard', 'automotive_design', 1998, #1006 ) ;
#3978 = VERTEX_POINT ( 'NONE', #5194 ) ;
#3979 = CARTESIAN_POINT ( 'NONE',  ( 45.49999999999965894, -1.040949779275264931E-16, -1122.500000000000455 ) ) ;
#3980 = AXIS2_PLACEMENT_3D ( 'NONE', #1802, #128, #1315 ) ;
#3981 = PRESENTATION_LAYER_ASSIGNMENT (  '', '', ( #4242 ) ) ;
#3982 = DIRECTION ( 'NONE',  ( 0.000000000000000000, 0.000000000000000000, 1.000000000000000000 ) ) ;
#3983 = EDGE_CURVE ( 'NONE', #4217, #2232, #1375, .T. ) ;
#3984 = CARTESIAN_POINT ( 'NONE',  ( 45.49999999999923261, 0.000000000000000000, -842.5000000000095497 ) ) ;
#3985 = CARTESIAN_POINT ( 'NONE',  ( 45.49999999999923261, -3.000000000000000000, -940.0000000000063665 ) ) ;
#3986 = ORIENTED_EDGE ( 'NONE', *, *, #673, .T. ) ;
#3987 = AXIS2_PLACEMENT_3D ( 'NONE', #2881, #1081, #2468 ) ;
#3988 =( NAMED_UNIT ( * ) SI_UNIT ( $, .STERADIAN. ) SOLID_ANGLE_UNIT ( ) );
#3989 = CIRCLE ( 'NONE', #4763, 2.499999999999946709 ) ;
#3990 = DIRECTION ( 'NONE',  ( -0.000000000000000000, 1.000000000000000000, -0.000000000000000000 ) ) ;
#3991 = DIRECTION ( 'NONE',  ( 0.000000000000000000, -1.000000000000000000, 0.000000000000000000 ) ) ;
#3992 = DIRECTION ( 'NONE',  ( 0.000000000000000000, -1.000000000000000000, 0.000000000000000000 ) ) ;
#3993 = ORIENTED_EDGE ( 'NONE', *, *, #1271, .T. ) ;
#3995 = ORIENTED_EDGE ( 'NONE', *, *, #3727, .T. ) ;
#3994 = DIRECTION ( 'NONE',  ( -0.000000000000000000, 1.000000000000000000, -0.000000000000000000 ) ) ;
#3996 = CARTESIAN_POINT ( 'NONE',  ( -60.00000000000078160, 30.00000000000021316, -349.9999999999996589 ) ) ;
#3997 = FACE_OUTER_BOUND ( 'NONE', #548, .T. ) ;
#3998 = VERTEX_POINT ( 'NONE', #957 ) ;
#3999 = CARTESIAN_POINT ( 'NONE',  ( -60.00000000000079581, 26.75000000000022382, -349.9999999999996589 ) ) ;
#4000 = EDGE_LOOP ( 'NONE', ( #3290, #1781, #2497, #2494 ) ) ;
#4001 = CARTESIAN_POINT ( 'NONE',  ( -60.00000000000097344, 33.25000000000022737, -2034.999999999999318 ) ) ;
#4002 = EDGE_CURVE ( 'NONE', #2017, #5504, #5249, .T. ) ;
#4003 = AXIS2_PLACEMENT_3D ( 'NONE', #3478, #1373, #1346 ) ;
#4004 = UNCERTAINTY_MEASURE_WITH_UNIT (LENGTH_MEASURE( 1.000000000000000082E-05 ), #3610, 'distance_accuracy_value', 'NONE');
#4006 = ORIENTED_EDGE ( 'NONE', *, *, #1655, .T. ) ;
#4005 = SURFACE_SIDE_STYLE ('',( #3253 ) ) ;
#4007 = ORIENTED_EDGE ( 'NONE', *, *, #724, .F. ) ;
#4008 = CARTESIAN_POINT ( 'NONE',  ( -56.99999999999994316, 26.75000000000023093, 1549.999999999999773 ) ) ;
#4009 = AXIS2_PLACEMENT_3D ( 'NONE', #2871, #5507, #2923 ) ;
#4010 = PRESENTATION_STYLE_ASSIGNMENT (( #4847 ) ) ;
#4011 = EDGE_CURVE ( 'NONE', #4964, #1406, #4310, .T. ) ;
#4012 = DIRECTION ( 'NONE',  ( -0.000000000000000000, 1.000000000000000000, -0.000000000000000000 ) ) ;
#4013 = DIRECTION ( 'NONE',  ( -1.218537466051993782E-16, -2.081668171172176402E-16, -1.000000000000000000 ) ) ;
#4014 = CARTESIAN_POINT ( 'NONE',  ( -45.49999999999895550, -1.040949779275264931E-16, -1002.500000000004434 ) ) ;
#4015 = CARTESIAN_POINT ( 'NONE',  ( -53.99999999999977263, -4.250072516143177381E-14, 2050.000000000000000 ) ) ;
#4016 = VERTEX_POINT ( 'NONE', #160 ) ;
#4017 = FACE_OUTER_BOUND ( 'NONE', #431, .T. ) ;
#4018 = CARTESIAN_POINT ( 'NONE',  ( -45.50000000000062528, -3.000000000000000000, -1162.499999999999091 ) ) ;
#4019 = CIRCLE ( 'NONE', #4716, 2.499999999999946709 ) ;
#4020 = EDGE_CURVE ( 'NONE', #2473, #3952, #4421, .T. ) ;
#4021 = DIRECTION ( 'NONE',  ( 1.000000000000000000, -3.543264972207945357E-15, -1.227650459922047927E-16 ) ) ;
#4022 = DIRECTION ( 'NONE',  ( -0.000000000000000000, 1.000000000000000000, -0.000000000000000000 ) ) ;
#4023 = CIRCLE ( 'NONE', #3312, 2.499999999999946709 ) ;
#4024 = FACE_BOUND ( 'NONE', #5154, .T. ) ;
#4025 = ORIENTED_EDGE ( 'NONE', *, *, #2293, .T. ) ;
#4026 = CARTESIAN_POINT ( 'NONE',  ( -60.00000000000054712, 30.00000000000023093, 1549.999999999999773 ) ) ;
#4028 = EDGE_LOOP ( 'NONE', ( #3655, #3737, #1255, #761 ) ) ;
#4027 = FILL_AREA_STYLE ('',( #5295 ) ) ;
#4029 = AXIS2_PLACEMENT_3D ( 'NONE', #428, #145, #2139 ) ;
#4030 = ORIENTED_EDGE ( 'NONE', *, *, #2012, .F. ) ;
#4031 = DIRECTION ( 'NONE',  ( 0.000000000000000000, 0.000000000000000000, 1.000000000000000000 ) ) ;
#4032 = EDGE_LOOP ( 'NONE', ( #4068, #2739 ) ) ;
#4033 = CIRCLE ( 'NONE', #3857, 3.249999999999988898 ) ;
#4034 = DIRECTION ( 'NONE',  ( -4.270088556250621618E-15, -1.000000000000000000, 0.000000000000000000 ) ) ;
#4035 = AXIS2_PLACEMENT_3D ( 'NONE', #3509, #1780, #558 ) ;
#4037 = ORIENTED_EDGE ( 'NONE', *, *, #3616, .F. ) ;
#4036 =( LENGTH_UNIT ( ) NAMED_UNIT ( * ) SI_UNIT ( .MILLI., .METRE. ) );
#4038 = ORIENTED_EDGE ( 'NONE', *, *, #1816, .F. ) ;
#4039 = DIRECTION ( 'NONE',  ( -1.000000000000000000, -3.543264972207944173E-15, 1.218537466052001177E-16 ) ) ;
#4040 = EDGE_CURVE ( 'NONE', #2773, #1332, #2672, .T. ) ;
#4041 = DIRECTION ( 'NONE',  ( 0.000000000000000000, 0.000000000000000000, 1.000000000000000000 ) ) ;
#4042 = CLOSED_SHELL ( 'NONE', ( #2644, #2836, #152, #3936, #579, #365, #4578, #1063, #45, #4446, #2591, #3762, #3333, #2177, #3814, #2987, #397, #3648, #1735, #4909, #4514, #3071, #692, #267, #1523, #1566, #5444, #3015, #3654, #4492, #2793, #5, #1755, #1202, #157, #3909, #3391, #1720, #4983, #3287, #4080, #4417, #4145, #4739, #4441, #2236, #1027, #5021, #2084, #1975, #1372, #3368, #4339, #1276, #4197, #2005, #3929, #1436, #450, #2266, #1784, #5127, #3876, #3086, #550, #3573, #1225, #796, #5121, #2386, #2758, #4120, #3184, #5150, #1676, #328, #23, #1947, #1557, #2052, #2071, #1419, #1705, #2457, #1138, #115, #1517, #1689, #1823, #2859, #4243, #516, #491, #337, #201, #621, #3751, #5018, #5479, #1401, #2894, #121, #4280, #4615, #3903, #5403, #3968, #1444, #5508, #5056, #422, #3385, #3019, #5082, #2258, #2223, #928, #765, #4712, #1342, #4375, #3190, #3774, #15, #4062, #2299 ) ) ;
#4043 = DIRECTION ( 'NONE',  ( 0.000000000000000000, -1.000000000000000000, 0.000000000000000000 ) ) ;
#4044 = DIRECTION ( 'NONE',  ( -1.218537466052001177E-16, 0.000000000000000000, -1.000000000000000000 ) ) ;
#4045 = CYLINDRICAL_SURFACE ( 'NONE', #3842, 3.250000000000016875 ) ;
#4046 = DIRECTION ( 'NONE',  ( 0.000000000000000000, 0.000000000000000000, -1.000000000000000000 ) ) ;
#4047 = VERTEX_POINT ( 'NONE', #3900 ) ;
#4048 = DIRECTION ( 'NONE',  ( -0.000000000000000000, 1.000000000000000000, -0.000000000000000000 ) ) ;
#4049 = EDGE_CURVE ( 'NONE', #2360, #3723, #4019, .T. ) ;
#4050 = DIRECTION ( 'NONE',  ( 4.270088556250616885E-15, 1.000000000000000000, 0.000000000000000000 ) ) ;
#4051 = PRESENTATION_LAYER_ASSIGNMENT (  '', '', ( #311 ) ) ;
#4052 = CARTESIAN_POINT ( 'NONE',  ( 53.99999999999997868, 2.999999999999993339, 2050.000000000000000 ) ) ;
#4053 = FACE_BOUND ( 'NONE', #2371, .T. ) ;
#4054 = ORIENTED_EDGE ( 'NONE', *, *, #1871, .F. ) ;
#4055 = FACE_OUTER_BOUND ( 'NONE', #117, .T. ) ;
#4056 = EDGE_CURVE ( 'NONE', #2390, #3125, #2729, .T. ) ;
#4057 = FACE_OUTER_BOUND ( 'NONE', #3811, .T. ) ;
#4058 = CARTESIAN_POINT ( 'NONE',  ( -45.50000000000062528, -3.000000000000000000, -842.5000000000095497 ) ) ;
#4059 = DIRECTION ( 'NONE',  ( 0.000000000000000000, 0.000000000000000000, 1.000000000000000000 ) ) ;
#4060 = ORIENTED_EDGE ( 'NONE', *, *, #426, .T. ) ;
#4061 = VECTOR ( 'NONE', #4122, 1000.000000000000000 ) ;
#4062 = ADVANCED_FACE ( 'NONE', ( #1348 ), #510, .T. ) ;
#4063 = ORIENTED_EDGE ( 'NONE', *, *, #2415, .F. ) ;
#4064 =( NAMED_UNIT ( * ) PLANE_ANGLE_UNIT ( ) SI_UNIT ( $, .RADIAN. ) );
#4065 = UNCERTAINTY_MEASURE_WITH_UNIT (LENGTH_MEASURE( 1.000000000000000082E-05 ), #4332, 'distance_accuracy_value', 'NONE');
#4067 = ORIENTED_EDGE ( 'NONE', *, *, #653, .F. ) ;
#4066 = FACE_OUTER_BOUND ( 'NONE', #964, .T. ) ;
#4068 = ORIENTED_EDGE ( 'NONE', *, *, #2511, .F. ) ;
#4069 = CIRCLE ( 'NONE', #53, 2.499999999999946709 ) ;
#4070 = CARTESIAN_POINT ( 'NONE',  ( 59.99999999999983658, 29.99999999999980460, -1934.999999999999545 ) ) ;
#4071 = AXIS2_PLACEMENT_3D ( 'NONE', #2145, #456, #285 ) ;
#4072 = STYLED_ITEM ( 'NONE', ( #810 ), #1489 ) ;
#4073 = DIRECTION ( 'NONE',  ( -0.000000000000000000, 1.000000000000000000, -0.000000000000000000 ) ) ;
#4074 = DIRECTION ( 'NONE',  ( 0.000000000000000000, 1.000000000000000000, -7.228014483236689653E-17 ) ) ;
#4075 = CARTESIAN_POINT ( 'NONE',  ( -45.50000000000062528, -1.040949779275264931E-16, -1159.999999999999318 ) ) ;
#4076 = EDGE_LOOP ( 'NONE', ( #975, #3310, #4876, #1826 ) ) ;
#4077 = DIRECTION ( 'NONE',  ( -0.000000000000000000, 1.000000000000000000, -0.000000000000000000 ) ) ;
#4078 = CIRCLE ( 'NONE', #4241, 2.499999999999946709 ) ;
#4079 = STYLED_ITEM ( 'NONE', ( #4453 ), #1823 ) ;
#4080 = ADVANCED_FACE ( 'NONE', ( #1320, #3027, #1096, #5406 ), #304, .T. ) ;
#4081 = FACE_OUTER_BOUND ( 'NONE', #3772, .T. ) ;
#4082 = PRESENTATION_LAYER_ASSIGNMENT (  '', '', ( #5214 ) ) ;
#4083 = VECTOR ( 'NONE', #536, 1000.000000000000000 ) ;
#4084 = DIRECTION ( 'NONE',  ( 0.000000000000000000, 0.000000000000000000, -1.000000000000000000 ) ) ;
#4085 = LINE ( 'NONE', #3297, #4553 ) ;
#4086 = DIRECTION ( 'NONE',  ( 0.000000000000000000, 0.000000000000000000, 1.000000000000000000 ) ) ;
#4088 = ORIENTED_EDGE ( 'NONE', *, *, #1760, .F. ) ;
#4087 = DIRECTION ( 'NONE',  ( -1.000000000000000000, 0.000000000000000000, -0.000000000000000000 ) ) ;
#4089 = CYLINDRICAL_SURFACE ( 'NONE', #5006, 3.249999999999988898 ) ;
#4090 = AXIS2_PLACEMENT_3D ( 'NONE', #492, #1411, #3141 ) ;
#4091 = EDGE_CURVE ( 'NONE', #3170, #689, #3262, .T. ) ;
#4092 = FILL_AREA_STYLE ('',( #2862 ) ) ;
#4093 = ORIENTED_EDGE ( 'NONE', *, *, #5343, .F. ) ;
#4094 = CARTESIAN_POINT ( 'NONE',  ( -60.00000000000054712, 33.25000000000019895, 1450.000000000000227 ) ) ;
#4095 = VERTEX_POINT ( 'NONE', #4506 ) ;
#4096 = CYLINDRICAL_SURFACE ( 'NONE', #1190, 3.249999999999988898 ) ;
#4097 = EDGE_CURVE ( 'NONE', #5504, #4526, #5440, .T. ) ;
#4099 = ORIENTED_EDGE ( 'NONE', *, *, #4360, .F. ) ;
#4098 = DIRECTION ( 'NONE',  ( -0.000000000000000000, 1.000000000000000000, -0.000000000000000000 ) ) ;
#4100 = CARTESIAN_POINT ( 'NONE',  ( -60.00000000000057554, 26.75000000000022382, 1450.000000000000227 ) ) ;
#4101 = DIRECTION ( 'NONE',  ( -0.000000000000000000, 1.000000000000000000, -0.000000000000000000 ) ) ;
#4102 =( NAMED_UNIT ( * ) SI_UNIT ( $, .STERADIAN. ) SOLID_ANGLE_UNIT ( ) );
#4103 = LINE ( 'NONE', #3168, #2425 ) ;
#4104 = DIRECTION ( 'NONE',  ( 0.000000000000000000, -1.000000000000000000, 0.000000000000000000 ) ) ;
#4105 = ORIENTED_EDGE ( 'NONE', *, *, #4049, .F. ) ;
#4106 = VERTEX_POINT ( 'NONE', #3691 ) ;
#4107 = CARTESIAN_POINT ( 'NONE',  ( -56.99999999999994316, 30.00000000000020250, 1450.000000000000227 ) ) ;
#4108 = CARTESIAN_POINT ( 'NONE',  ( -45.50000000000062528, -3.000000000000000000, -920.0000000000070486 ) ) ;
#4109 = DIRECTION ( 'NONE',  ( 0.000000000000000000, 0.000000000000000000, -1.000000000000000000 ) ) ;
#4110 = FACE_BOUND ( 'NONE', #3562, .T. ) ;
#4111 = LINE ( 'NONE', #3241, #5120 ) ;
#4112 = CARTESIAN_POINT ( 'NONE',  ( 45.50000000000112266, -1.040949779275264931E-16, -980.0000000000051159 ) ) ;
#4113 =( GEOMETRIC_REPRESENTATION_CONTEXT ( 3 ) GLOBAL_UNCERTAINTY_ASSIGNED_CONTEXT ( ( #1357 ) ) GLOBAL_UNIT_ASSIGNED_CONTEXT ( ( #4126, #165, #1875 ) ) REPRESENTATION_CONTEXT ( 'NONE', 'WORKASPACE' ) );
#4114 = PRESENTATION_STYLE_ASSIGNMENT (( #1047 ) ) ;
#4115 = PRESENTATION_LAYER_ASSIGNMENT (  '', '', ( #4190 ) ) ;
#4116 = LINE ( 'NONE', #5391, #2435 ) ;
#4117 = EDGE_LOOP ( 'NONE', ( #4380, #3995, #2665, #1235 ) ) ;
#4118 = SURFACE_STYLE_USAGE ( .BOTH. , #3217 ) ;
#4119 = ORIENTED_EDGE ( 'NONE', *, *, #2039, .T. ) ;
#4120 = ADVANCED_FACE ( 'NONE', ( #252 ), #4045, .F. ) ;
#4121 = AXIS2_PLACEMENT_3D ( 'NONE', #5110, #508, #3003 ) ;
#4122 = DIRECTION ( 'NONE',  ( 0.000000000000000000, -7.228014483236689653E-17, 1.000000000000000000 ) ) ;
#4123 = UNCERTAINTY_MEASURE_WITH_UNIT (LENGTH_MEASURE( 1.000000000000000082E-05 ), #3502, 'distance_accuracy_value', 'NONE');
#4124 = PRODUCT ( '202500521_Laufblech Energiekette', '202500521_Laufblech Energiekette', '', ( #1524 ) ) ;
#4125 = STYLED_ITEM ( 'NONE', ( #3871 ), #4578 ) ;
#4127 = ORIENTED_EDGE ( 'NONE', *, *, #1133, .T. ) ;
#4126 =( LENGTH_UNIT ( ) NAMED_UNIT ( * ) SI_UNIT ( .MILLI., .METRE. ) );
#4128 =( NAMED_UNIT ( * ) SI_UNIT ( $, .STERADIAN. ) SOLID_ANGLE_UNIT ( ) );
#4129 = EDGE_CURVE ( 'NONE', #1251, #3370, #3764, .T. ) ;
#4130 = VECTOR ( 'NONE', #2377, 1000.000000000000000 ) ;
#4131 = CARTESIAN_POINT ( 'NONE',  ( -45.50000000000062528, -1.040949779275264931E-16, -820.0000000000102318 ) ) ;
#4132 = COLOUR_RGB ( '',0.5294117647058823595, 0.5490196078431373028, 0.5490196078431373028 ) ;
#4133 = CARTESIAN_POINT ( 'NONE',  ( 45.49999999999923261, -3.000000000000000000, -920.0000000000070486 ) ) ;
#4134 = VERTEX_POINT ( 'NONE', #2402 ) ;
#4135 = ORIENTED_EDGE ( 'NONE', *, *, #2205, .T. ) ;
#4136 =( LENGTH_UNIT ( ) NAMED_UNIT ( * ) SI_UNIT ( .MILLI., .METRE. ) );
#4137 = CARTESIAN_POINT ( 'NONE',  ( -45.50000000000062528, -3.000000000000000000, -902.5000000000076170 ) ) ;
#4138 = DIRECTION ( 'NONE',  ( 0.000000000000000000, 0.000000000000000000, -1.000000000000000000 ) ) ;
#4139 = STYLED_ITEM ( 'NONE', ( #2343 ), #201 ) ;
#4140 = SURFACE_STYLE_USAGE ( .BOTH. , #1998 ) ;
#4141 = DIRECTION ( 'NONE',  ( -0.000000000000000000, 1.000000000000000000, -0.000000000000000000 ) ) ;
#4142 = EDGE_LOOP ( 'NONE', ( #1068, #3657 ) ) ;
#4143 = VERTEX_POINT ( 'NONE', #1987 ) ;
#4144 = CARTESIAN_POINT ( 'NONE',  ( 57.00000000000004263, 26.74999999999982947, -250.0000000000000000 ) ) ;
#4145 = ADVANCED_FACE ( 'NONE', ( #1895, #656, #1500, #217 ), #5376, .T. ) ;
#4147 = VERTEX_POINT ( 'NONE', #2369 ) ;
#4146 = DIRECTION ( 'NONE',  ( 0.000000000000000000, -1.000000000000000000, 0.000000000000000000 ) ) ;
#4148 = CARTESIAN_POINT ( 'NONE',  ( 45.49999999999923261, -1.040949779275264931E-16, -817.5000000000103455 ) ) ;
#4149 = AXIS2_PLACEMENT_3D ( 'NONE', #293, #1143, #3709 ) ;
#4150 = EDGE_CURVE ( 'NONE', #279, #5180, #4103, .T. ) ;
#4151 = DIRECTION ( 'NONE',  ( 0.000000000000000000, -1.000000000000000000, 0.000000000000000000 ) ) ;
#4152 = DIRECTION ( 'NONE',  ( 1.000000000000000000, -3.543264972207945357E-15, -1.227650459922047927E-16 ) ) ;
#4153 = DIRECTION ( 'NONE',  ( -0.000000000000000000, 1.000000000000000000, -0.000000000000000000 ) ) ;
#4154 = ORIENTED_EDGE ( 'NONE', *, *, #4331, .F. ) ;
#4155 = AXIS2_PLACEMENT_3D ( 'NONE', #1616, #2044, #5429 ) ;
#4156 = AXIS2_PLACEMENT_3D ( 'NONE', #2579, #2502, #3812 ) ;
#4157 = EDGE_CURVE ( 'NONE', #279, #2970, #3025, .T. ) ;
#4158 = CARTESIAN_POINT ( 'NONE',  ( -45.50000000000062528, -3.000000000000000000, -800.0000000000109139 ) ) ;
#4159 = SURFACE_SIDE_STYLE ('',( #4591 ) ) ;
#4160 = ORIENTED_EDGE ( 'NONE', *, *, #3295, .F. ) ;
#4161 = MECHANICAL_DESIGN_GEOMETRIC_PRESENTATION_REPRESENTATION (  '', ( #1203 ), #3530 ) ;
#4162 = CARTESIAN_POINT ( 'NONE',  ( -45.50000000000062528, -1.040949779275264931E-16, -842.5000000000095497 ) ) ;
#4163 =( NAMED_UNIT ( * ) PLANE_ANGLE_UNIT ( ) SI_UNIT ( $, .RADIAN. ) );
#4164 = DIRECTION ( 'NONE',  ( -3.543264972207944962E-15, 1.000000000000000000, -0.000000000000000000 ) ) ;
#4165 = ORIENTED_EDGE ( 'NONE', *, *, #2820, .T. ) ;
#4166 = DIRECTION ( 'NONE',  ( 0.000000000000000000, 0.000000000000000000, 1.000000000000000000 ) ) ;
#4167 = ORIENTED_EDGE ( 'NONE', *, *, #2785, .T. ) ;
#4168 = UNCERTAINTY_MEASURE_WITH_UNIT (LENGTH_MEASURE( 1.000000000000000082E-05 ), #5222, 'distance_accuracy_value', 'NONE');
#4169 = ORIENTED_EDGE ( 'NONE', *, *, #3488, .T. ) ;
#4170 = EDGE_CURVE ( 'NONE', #2655, #702, #617, .T. ) ;
#4171 = FACE_OUTER_BOUND ( 'NONE', #3361, .T. ) ;
#4172 = CARTESIAN_POINT ( 'NONE',  ( -60.00000000000076739, 33.25000000000019895, -349.9999999999996589 ) ) ;
#4173 = EDGE_LOOP ( 'NONE', ( #4263, #4544, #983, #4741 ) ) ;
#4174 = VERTEX_POINT ( 'NONE', #2847 ) ;
#4175 = EDGE_CURVE ( 'NONE', #2301, #2528, #4531, .T. ) ;
#4176 = PRESENTATION_LAYER_ASSIGNMENT (  '', '', ( #2414 ) ) ;
#4177 = DIRECTION ( 'NONE',  ( 0.000000000000000000, 0.000000000000000000, 1.000000000000000000 ) ) ;
#4178 = CARTESIAN_POINT ( 'NONE',  ( 59.99999999999972289, 1.914677817238775260E-11, -2049.999999999999545 ) ) ;
#4179 = DIRECTION ( 'NONE',  ( 0.000000000000000000, -0.000000000000000000, -1.000000000000000000 ) ) ;
#4180 = CYLINDRICAL_SURFACE ( 'NONE', #63, 2.499999999999946709 ) ;
#4181 = CARTESIAN_POINT ( 'NONE',  ( -45.50000000000062528, 0.000000000000000000, -800.0000000000109139 ) ) ;
#4182 = EDGE_CURVE ( 'NONE', #3248, #1687, #4455, .T. ) ;
#4183 = COLOUR_RGB ( '',0.5294117647058823595, 0.5490196078431373028, 0.5490196078431373028 ) ;
#4184 = SURFACE_SIDE_STYLE ('',( #5118 ) ) ;
#4185 = PRESENTATION_LAYER_ASSIGNMENT (  '', '', ( #1056 ) ) ;
#4186 = FACE_BOUND ( 'NONE', #3011, .T. ) ;
#4187 = ORIENTED_EDGE ( 'NONE', *, *, #3690, .F. ) ;
#4188 =( NAMED_UNIT ( * ) PLANE_ANGLE_UNIT ( ) SI_UNIT ( $, .RADIAN. ) );
#4189 = ORIENTED_EDGE ( 'NONE', *, *, #87, .F. ) ;
#4190 = STYLED_ITEM ( 'NONE', ( #2225 ), #4243 ) ;
#4192 = ORIENTED_EDGE ( 'NONE', *, *, #3565, .T. ) ;
#4191 = CARTESIAN_POINT ( 'NONE',  ( -45.50000000000000000, 0.000000000000000000, -1100.000000000001137 ) ) ;
#4193 = COLOUR_RGB ( '',0.5294117647058823595, 0.5490196078431373028, 0.5490196078431373028 ) ;
#4194 = FILL_AREA_STYLE ('',( #2895 ) ) ;
#4195 =( NAMED_UNIT ( * ) PLANE_ANGLE_UNIT ( ) SI_UNIT ( $, .RADIAN. ) );
#4196 = PLANE ( 'NONE',  #3849 ) ;
#4197 = ADVANCED_FACE ( 'NONE', ( #5282 ), #1590, .F. ) ;
#4198 = DIRECTION ( 'NONE',  ( 0.000000000000000000, -1.000000000000000000, 0.000000000000000000 ) ) ;
#4199 =( NAMED_UNIT ( * ) SI_UNIT ( $, .STERADIAN. ) SOLID_ANGLE_UNIT ( ) );
#4200 = EDGE_LOOP ( 'NONE', ( #933, #3106, #784, #4972 ) ) ;
#4201 = ORIENTED_EDGE ( 'NONE', *, *, #631, .F. ) ;
#4202 = MECHANICAL_DESIGN_GEOMETRIC_PRESENTATION_REPRESENTATION (  '', ( #4374 ), #5364 ) ;
#4203 = CARTESIAN_POINT ( 'NONE',  ( 45.49999999999923261, 0.000000000000000000, -940.0000000000063665 ) ) ;
#4204 = CARTESIAN_POINT ( 'NONE',  ( 45.50000000000132161, -1.040949779275264931E-16, -960.0000000000056843 ) ) ;
#4205 = EDGE_CURVE ( 'NONE', #5398, #2349, #94, .T. ) ;
#4206 = FACE_OUTER_BOUND ( 'NONE', #2573, .T. ) ;
#4207 =( NAMED_UNIT ( * ) SI_UNIT ( $, .STERADIAN. ) SOLID_ANGLE_UNIT ( ) );
#4208 = DIRECTION ( 'NONE',  ( -3.469446951953613400E-15, -1.000000000000000000, 0.000000000000000000 ) ) ;
#4209 = CARTESIAN_POINT ( 'NONE',  ( -45.49999999999916866, -1.040949779275264931E-16, -1022.500000000003752 ) ) ;
#4210 = EDGE_CURVE ( 'NONE', #2996, #5351, #3288, .T. ) ;
#4211 = DIRECTION ( 'NONE',  ( -1.000000000000000000, -3.491481338843133355E-15, 1.218537466052001177E-16 ) ) ;
#4212 = EDGE_LOOP ( 'NONE', ( #5065, #2948, #3822, #4423 ) ) ;
#4213 = VERTEX_POINT ( 'NONE', #1470 ) ;
#4214 = ORIENTED_EDGE ( 'NONE', *, *, #3899, .T. ) ;
#4215 = EDGE_CURVE ( 'NONE', #1164, #5432, #2759, .T. ) ;
#4217 = VERTEX_POINT ( 'NONE', #2199 ) ;
#4216 = CARTESIAN_POINT ( 'NONE',  ( 45.49999999999923261, -3.000000000000000000, -860.0000000000089813 ) ) ;
#4218 = STYLED_ITEM ( 'NONE', ( #2478 ), #579 ) ;
#4219 = CARTESIAN_POINT ( 'NONE',  ( -60.00000000000098765, 26.75000000000021316, -1934.999999999999545 ) ) ;
#4220 = LINE ( 'NONE', #2014, #529 ) ;
#4221 = CYLINDRICAL_SURFACE ( 'NONE', #944, 6.000000000000254907 ) ;
#4222 = SURFACE_SIDE_STYLE ('',( #768 ) ) ;
#4223 = VERTEX_POINT ( 'NONE', #1374 ) ;
#4224 = ORIENTED_EDGE ( 'NONE', *, *, #2519, .T. ) ;
#4225 = DIRECTION ( 'NONE',  ( 3.491481338843133355E-15, -1.000000000000000000, -4.254500823401760214E-31 ) ) ;
#4226 = CIRCLE ( 'NONE', #1825, 2.499999999999946709 ) ;
#4227 = CARTESIAN_POINT ( 'NONE',  ( -57.00000000000039790, 37.00000000000001421, -2049.999999999999545 ) ) ;
#4228 = AXIS2_PLACEMENT_3D ( 'NONE', #5464, #1651, #386 ) ;
#4229 = CARTESIAN_POINT ( 'NONE',  ( 59.99999999999997158, -2.230703423490060284E-13, -7.311224796312005485E-15 ) ) ;
#4230 = FACE_BOUND ( 'NONE', #5500, .T. ) ;
#4231 = FILL_AREA_STYLE_COLOUR ( '', #680 ) ;
#4232 = AXIS2_PLACEMENT_3D ( 'NONE', #2064, #4198, #429 ) ;
#4233 = AXIS2_PLACEMENT_3D ( 'NONE', #5334, #3652, #4031 ) ;
#4234 = EDGE_CURVE ( 'NONE', #1369, #3788, #5139, .T. ) ;
#4235 = LINE ( 'NONE', #1684, #4952 ) ;
#4236 = VECTOR ( 'NONE', #2271, 1000.000000000000000 ) ;
#4237 = PRESENTATION_LAYER_ASSIGNMENT (  '', '', ( #2639 ) ) ;
#4238 = FACE_BOUND ( 'NONE', #4683, .T. ) ;
#4239 = ORIENTED_EDGE ( 'NONE', *, *, #1485, .F. ) ;
#4240 = EDGE_LOOP ( 'NONE', ( #1511, #2270 ) ) ;
#4241 = AXIS2_PLACEMENT_3D ( 'NONE', #3077, #506, #480 ) ;
#4242 = STYLED_ITEM ( 'NONE', ( #4955 ), #1689 ) ;
#4243 = ADVANCED_FACE ( 'NONE', ( #3424 ), #5191, .F. ) ;
#4245 = EDGE_LOOP ( 'NONE', ( #1198, #4934, #1462, #567 ) ) ;
#4244 = CARTESIAN_POINT ( 'NONE',  ( 59.99999999999985079, 37.00000000000000000, -2039.999999999999091 ) ) ;
#4246 = PRESENTATION_STYLE_ASSIGNMENT (( #4691 ) ) ;
#4247 = EDGE_CURVE ( 'NONE', #2912, #1611, #2943, .T. ) ;
#4248 = CIRCLE ( 'NONE', #1765, 2.499999999999946709 ) ;
#4249 = DIRECTION ( 'NONE',  ( -1.218537466052007587E-16, -1.734723475976811532E-16, -1.000000000000000000 ) ) ;
#4250 = DIRECTION ( 'NONE',  ( -1.000000000000000000, 0.000000000000000000, 0.000000000000000000 ) ) ;
#4251 = CYLINDRICAL_SURFACE ( 'NONE', #1014, 6.000000000000254907 ) ;
#4252 = VERTEX_POINT ( 'NONE', #1778 ) ;
#4253 = FACE_OUTER_BOUND ( 'NONE', #3380, .T. ) ;
#4254 = SURFACE_STYLE_USAGE ( .BOTH. , #4359 ) ;
#4255 = CARTESIAN_POINT ( 'NONE',  ( -45.50000000000062528, -3.000000000000000000, -860.0000000000089813 ) ) ;
#4256 = SURFACE_SIDE_STYLE ('',( #3455 ) ) ;
#4257 = FACE_OUTER_BOUND ( 'NONE', #5251, .T. ) ;
#4258 = EDGE_LOOP ( 'NONE', ( #2517, #319, #2092, #1846 ) ) ;
#4259 =( LENGTH_UNIT ( ) NAMED_UNIT ( * ) SI_UNIT ( .MILLI., .METRE. ) );
#4260 = CYLINDRICAL_SURFACE ( 'NONE', #910, 2.499999999999946709 ) ;
#4261 = MECHANICAL_DESIGN_GEOMETRIC_PRESENTATION_REPRESENTATION (  '', ( #1405 ), #352 ) ;
#4262 =( LENGTH_UNIT ( ) NAMED_UNIT ( * ) SI_UNIT ( .MILLI., .METRE. ) );
#4263 = ORIENTED_EDGE ( 'NONE', *, *, #4265, .T. ) ;
#4264 = CARTESIAN_POINT ( 'NONE',  ( 45.49999999999923261, -3.000000000000000000, -897.5000000000077307 ) ) ;
#4265 = EDGE_CURVE ( 'NONE', #3523, #179, #1243, .T. ) ;
#4266 = FACE_OUTER_BOUND ( 'NONE', #4258, .T. ) ;
#4267 = AXIS2_PLACEMENT_3D ( 'NONE', #2615, #1337, #2189 ) ;
#4268 = ORIENTED_EDGE ( 'NONE', *, *, #4640, .F. ) ;
#4269 = COLOUR_RGB ( '',0.5294117647058823595, 0.5490196078431373028, 0.5490196078431373028 ) ;
#4270 = ORIENTED_EDGE ( 'NONE', *, *, #2704, .F. ) ;
#4271 = CARTESIAN_POINT ( 'NONE',  ( -60.00000000000036238, 33.25000000000024158, -1934.999999999999545 ) ) ;
#4272 = EDGE_CURVE ( 'NONE', #3998, #1541, #1709, .T. ) ;
#4273 = COLOUR_RGB ( '',0.5294117647058823595, 0.5490196078431373028, 0.5490196078431373028 ) ;
#4274 = CARTESIAN_POINT ( 'NONE',  ( -45.49999999999916866, -3.000000000000000000, -1017.500000000003865 ) ) ;
#4275 = UNCERTAINTY_MEASURE_WITH_UNIT (LENGTH_MEASURE( 1.000000000000000082E-05 ), #726, 'distance_accuracy_value', 'NONE');
#4276 = MECHANICAL_DESIGN_GEOMETRIC_PRESENTATION_REPRESENTATION (  '', ( #3030 ), #1331 ) ;
#4278 = VERTEX_POINT ( 'NONE', #3923 ) ;
#4277 = CARTESIAN_POINT ( 'NONE',  ( -57.00000000000017053, 26.75000000000023093, -249.9999999999999716 ) ) ;
#4279 = DIRECTION ( 'NONE',  ( 0.000000000000000000, 0.000000000000000000, 1.000000000000000000 ) ) ;
#4280 = ADVANCED_FACE ( 'NONE', ( #4334 ), #75, .F. ) ;
#4281 = DIRECTION ( 'NONE',  ( 0.000000000000000000, 0.000000000000000000, 1.000000000000000000 ) ) ;
#4282 = EDGE_LOOP ( 'NONE', ( #3216, #1818, #3427, #4119 ) ) ;
#4283 = CARTESIAN_POINT ( 'NONE',  ( -45.49999999999895550, 0.000000000000000000, -997.5000000000045475 ) ) ;
#4284 = PRESENTATION_LAYER_ASSIGNMENT (  '', '', ( #1335 ) ) ;
#4285 = PRODUCT_DEFINITION_FORMATION_WITH_SPECIFIED_SOURCE ( 'ANY', '', #4124, .NOT_KNOWN. ) ;
#4286 = VECTOR ( 'NONE', #494, 1000.000000000000000 ) ;
#4287 = SURFACE_STYLE_FILL_AREA ( #5141 ) ;
#4288 = ORIENTED_EDGE ( 'NONE', *, *, #838, .F. ) ;
#4289 = SURFACE_STYLE_FILL_AREA ( #908 ) ;
#4290 = CARTESIAN_POINT ( 'NONE',  ( -45.50000000000062528, -1.040949779275264931E-16, -902.5000000000076170 ) ) ;
#4291 = EDGE_LOOP ( 'NONE', ( #1367, #4067 ) ) ;
#4292 = CARTESIAN_POINT ( 'NONE',  ( -59.99999999999975842, -2.230703423490052963E-13, 2050.000000000000000 ) ) ;
#4293 = CARTESIAN_POINT ( 'NONE',  ( -57.00000000000011369, 26.75000000000027711, 2.305278258258359774E-15 ) ) ;
#4294 = VECTOR ( 'NONE', #5321, 1000.000000000000000 ) ;
#4295 = ORIENTED_EDGE ( 'NONE', *, *, #1336, .T. ) ;
#4296 =( GEOMETRIC_REPRESENTATION_CONTEXT ( 3 ) GLOBAL_UNCERTAINTY_ASSIGNED_CONTEXT ( ( #3044 ) ) GLOBAL_UNIT_ASSIGNED_CONTEXT ( ( #5265, #4894, #2382 ) ) REPRESENTATION_CONTEXT ( 'NONE', 'WORKASPACE' ) );
#4297 = ORIENTED_EDGE ( 'NONE', *, *, #433, .F. ) ;
#4298 = DIRECTION ( 'NONE',  ( 0.000000000000000000, -7.228014483236689653E-17, -1.000000000000000000 ) ) ;
#4299 = CARTESIAN_POINT ( 'NONE',  ( -45.50000000000000000, 0.000000000000000000, -1097.500000000001364 ) ) ;
#4300 = EDGE_CURVE ( 'NONE', #5186, #889, #4984, .T. ) ;
#4301 = CIRCLE ( 'NONE', #1094, 3.249999999999988898 ) ;
#4302 = SURFACE_STYLE_USAGE ( .BOTH. , #3414 ) ;
#4303 = ORIENTED_EDGE ( 'NONE', *, *, #1636, .F. ) ;
#4304 = DIRECTION ( 'NONE',  ( -0.000000000000000000, 1.000000000000000000, -0.000000000000000000 ) ) ;
#4305 = FILL_AREA_STYLE_COLOUR ( '', #3056 ) ;
#4306 = AXIS2_PLACEMENT_3D ( 'NONE', #2010, #3256, #1148 ) ;
#4307 = EDGE_CURVE ( 'NONE', #134, #2390, #3660, .T. ) ;
#4308 = FILL_AREA_STYLE_COLOUR ( '', #2496 ) ;
#4309 = FILL_AREA_STYLE ('',( #2173 ) ) ;
#4310 = LINE ( 'NONE', #931, #3574 ) ;
#4311 = DIRECTION ( 'NONE',  ( 0.000000000000000000, 0.000000000000000000, 1.000000000000000000 ) ) ;
#4312 = DIRECTION ( 'NONE',  ( 0.000000000000000000, 0.000000000000000000, 1.000000000000000000 ) ) ;
#4313 = PRESENTATION_LAYER_ASSIGNMENT (  '', '', ( #4669 ) ) ;
#4314 = EDGE_CURVE ( 'NONE', #4497, #3226, #4023, .T. ) ;
#4315 = CARTESIAN_POINT ( 'NONE',  ( -56.99999999999995026, 33.25000000000020606, 1549.999999999999773 ) ) ;
#4316 = ORIENTED_EDGE ( 'NONE', *, *, #5367, .F. ) ;
#4317 = PRESENTATION_STYLE_ASSIGNMENT (( #913 ) ) ;
#4318 = AXIS2_PLACEMENT_3D ( 'NONE', #2134, #3838, #5098 ) ;
#4319 = CIRCLE ( 'NONE', #4071, 2.499999999999946709 ) ;
#4320 = AXIS2_PLACEMENT_3D ( 'NONE', #2687, #1821, #547 ) ;
#4321 = EDGE_LOOP ( 'NONE', ( #4694, #5113 ) ) ;
#4322 = CARTESIAN_POINT ( 'NONE',  ( 45.49999999999945999, -3.000000000000000000, -1140.000000000000000 ) ) ;
#4323 = EDGE_LOOP ( 'NONE', ( #4154, #479 ) ) ;
#4324 = PRESENTATION_LAYER_ASSIGNMENT (  '', '', ( #1486 ) ) ;
#4325 = MECHANICAL_DESIGN_GEOMETRIC_PRESENTATION_REPRESENTATION (  '', ( #4072 ), #1021 ) ;
#4326 = FILL_AREA_STYLE_COLOUR ( '', #3711 ) ;
#4327 = ORIENTED_EDGE ( 'NONE', *, *, #1093, .T. ) ;
#4328 =( LENGTH_UNIT ( ) NAMED_UNIT ( * ) SI_UNIT ( .MILLI., .METRE. ) );
#4329 = EDGE_LOOP ( 'NONE', ( #5020, #1659, #1665, #2363 ) ) ;
#4330 = DIRECTION ( 'NONE',  ( 0.000000000000000000, -1.000000000000000000, 0.000000000000000000 ) ) ;
#4331 = EDGE_CURVE ( 'NONE', #3932, #2358, #97, .T. ) ;
#4332 =( LENGTH_UNIT ( ) NAMED_UNIT ( * ) SI_UNIT ( .MILLI., .METRE. ) );
#4333 = CARTESIAN_POINT ( 'NONE',  ( 45.50000000000070344, -3.000000000000000000, -1017.500000000003865 ) ) ;
#4334 = FACE_OUTER_BOUND ( 'NONE', #4600, .T. ) ;
#4335 = DIRECTION ( 'NONE',  ( 0.000000000000000000, 0.000000000000000000, 1.000000000000000000 ) ) ;
#4336 = LINE ( 'NONE', #511, #2081 ) ;
#4337 = ORIENTED_EDGE ( 'NONE', *, *, #4607, .F. ) ;
#4338 = FILL_AREA_STYLE_COLOUR ( '', #4512 ) ;
#4339 = ADVANCED_FACE ( 'NONE', ( #4478 ), #624, .F. ) ;
#4340 = CARTESIAN_POINT ( 'NONE',  ( 57.00000000000005684, 33.24999999999977973, -349.9999999999996589 ) ) ;
#4341 = FILL_AREA_STYLE_COLOUR ( '', #3037 ) ;
#4342 = ORIENTED_EDGE ( 'NONE', *, *, #2344, .T. ) ;
#4343 = EDGE_CURVE ( 'NONE', #3805, #4442, #3927, .T. ) ;
#4344 = SURFACE_STYLE_USAGE ( .BOTH. , #1277 ) ;
#4345 = EDGE_LOOP ( 'NONE', ( #4707, #3962 ) ) ;
#4346 = DIRECTION ( 'NONE',  ( 0.000000000000000000, 0.000000000000000000, 1.000000000000000000 ) ) ;
#4347 = AXIS2_PLACEMENT_3D ( 'NONE', #4229, #362, #2070 ) ;
#4348 = ORIENTED_EDGE ( 'NONE', *, *, #999, .F. ) ;
#4349 = SURFACE_SIDE_STYLE ('',( #524 ) ) ;
#4350 = VERTEX_POINT ( 'NONE', #4815 ) ;
#4351 = FACE_OUTER_BOUND ( 'NONE', #3766, .T. ) ;
#4352 = CIRCLE ( 'NONE', #3102, 3.249999999999985345 ) ;
#4354 = ORIENTED_EDGE ( 'NONE', *, *, #2671, .F. ) ;
#4353 = CARTESIAN_POINT ( 'NONE',  ( 45.50000000000092371, 0.000000000000000000, -997.5000000000045475 ) ) ;
#4355 = CARTESIAN_POINT ( 'NONE',  ( -45.50000000000062528, 0.000000000000000000, -837.5000000000096634 ) ) ;
#4356 = MECHANICAL_DESIGN_GEOMETRIC_PRESENTATION_REPRESENTATION (  '', ( #2322 ), #3839 ) ;
#4357 = EDGE_LOOP ( 'NONE', ( #787, #93, #1769, #3947 ) ) ;
#4358 = SURFACE_STYLE_FILL_AREA ( #2668 ) ;
#4359 = SURFACE_SIDE_STYLE ('',( #3398 ) ) ;
#4360 = EDGE_CURVE ( 'NONE', #5432, #4541, #2308, .T. ) ;
#4361 =( NAMED_UNIT ( * ) PLANE_ANGLE_UNIT ( ) SI_UNIT ( $, .RADIAN. ) );
#4362 = CARTESIAN_POINT ( 'NONE',  ( 45.49999999999923261, 0.000000000000000000, -822.5000000000102318 ) ) ;
#4363 = CARTESIAN_POINT ( 'NONE',  ( -45.50000000000062528, -3.000000000000000000, -840.0000000000096634 ) ) ;
#4364 = VERTEX_POINT ( 'NONE', #184 ) ;
#4365 =( LENGTH_UNIT ( ) NAMED_UNIT ( * ) SI_UNIT ( .MILLI., .METRE. ) );
#4366 = AXIS2_PLACEMENT_3D ( 'NONE', #5481, #1589, #3719 ) ;
#4367 = LINE ( 'NONE', #1811, #5380 ) ;
#4368 = EDGE_CURVE ( 'NONE', #3469, #3472, #979, .T. ) ;
#4369 = DIRECTION ( 'NONE',  ( 0.000000000000000000, 0.000000000000000000, -1.000000000000000000 ) ) ;
#4370 = CARTESIAN_POINT ( 'NONE',  ( 56.99999999999989342, 47.00000000000001421, -2049.999999999999091 ) ) ;
#4371 = VERTEX_POINT ( 'NONE', #2697 ) ;
#4372 =( NAMED_UNIT ( * ) PLANE_ANGLE_UNIT ( ) SI_UNIT ( $, .RADIAN. ) );
#4373 = VERTEX_POINT ( 'NONE', #5348 ) ;
#4374 = STYLED_ITEM ( 'NONE', ( #1382 ), #4909 ) ;
#4375 = ADVANCED_FACE ( 'NONE', ( #1007 ), #1036, .F. ) ;
#4376 = DIRECTION ( 'NONE',  ( 0.000000000000000000, -1.000000000000000000, 0.000000000000000000 ) ) ;
#4377 = VECTOR ( 'NONE', #5377, 1000.000000000000000 ) ;
#4378 = ORIENTED_EDGE ( 'NONE', *, *, #2140, .T. ) ;
#4379 = DIRECTION ( 'NONE',  ( 0.000000000000000000, 0.000000000000000000, -1.000000000000000000 ) ) ;
#4380 = ORIENTED_EDGE ( 'NONE', *, *, #2077, .T. ) ;
#4381 = CARTESIAN_POINT ( 'NONE',  ( -45.49999999999979394, -1.040949779275264931E-16, -1080.000000000001819 ) ) ;
#4382 = STYLED_ITEM ( 'NONE', ( #5407 ), #5403 ) ;
#4383 = EDGE_CURVE ( 'NONE', #650, #2227, #3121, .T. ) ;
#4384 = UNCERTAINTY_MEASURE_WITH_UNIT (LENGTH_MEASURE( 1.000000000000000082E-05 ), #92, 'distance_accuracy_value', 'NONE');
#4385 =( LENGTH_UNIT ( ) NAMED_UNIT ( * ) SI_UNIT ( .MILLI., .METRE. ) );
#4386 = PRESENTATION_LAYER_ASSIGNMENT (  '', '', ( #1267 ) ) ;
#4387 = ORIENTED_EDGE ( 'NONE', *, *, #5228, .F. ) ;
#4388 = CARTESIAN_POINT ( 'NONE',  ( 45.50000000000070344, -3.000000000000000000, -1020.000000000003752 ) ) ;
#4389 = LINE ( 'NONE', #620, #5286 ) ;
#4390 = PRESENTATION_LAYER_ASSIGNMENT (  '', '', ( #4656 ) ) ;
#4391 = CYLINDRICAL_SURFACE ( 'NONE', #4003, 2.499999999999946709 ) ;
#4392 = DIRECTION ( 'NONE',  ( -0.000000000000000000, 1.000000000000000000, -0.000000000000000000 ) ) ;
#4393 = ORIENTED_EDGE ( 'NONE', *, *, #4410, .T. ) ;
#4394 = DIRECTION ( 'NONE',  ( -3.469446951953613400E-15, -1.000000000000000000, 0.000000000000000000 ) ) ;
#4395 = CARTESIAN_POINT ( 'NONE',  ( 45.50000000000092371, -1.040949779275264931E-16, -997.5000000000045475 ) ) ;
#4396 = DIRECTION ( 'NONE',  ( 1.000000000000000000, -3.543264972207945357E-15, -1.227650459922047927E-16 ) ) ;
#4397 = CARTESIAN_POINT ( 'NONE',  ( 45.49999999999923261, -3.000000000000000000, -917.5000000000070486 ) ) ;
#4398 = DIRECTION ( 'NONE',  ( 0.000000000000000000, 0.000000000000000000, 1.000000000000000000 ) ) ;
#4399 = EDGE_LOOP ( 'NONE', ( #1661, #1386, #3644, #5177 ) ) ;
#4400 = DIRECTION ( 'NONE',  ( -0.000000000000000000, 1.000000000000000000, -0.000000000000000000 ) ) ;
#4402 = EDGE_LOOP ( 'NONE', ( #691, #1508, #3021, #1197 ) ) ;
#4401 = PRESENTATION_STYLE_ASSIGNMENT (( #3242 ) ) ;
#4403 = ORIENTED_EDGE ( 'NONE', *, *, #4772, .F. ) ;
#4404 = VECTOR ( 'NONE', #2840, 1000.000000000000000 ) ;
#4405 = EDGE_CURVE ( 'NONE', #3123, #4350, #1499, .T. ) ;
#4406 = PRESENTATION_STYLE_ASSIGNMENT (( #2746 ) ) ;
#4407 = ORIENTED_EDGE ( 'NONE', *, *, #4607, .T. ) ;
#4408 = DIRECTION ( 'NONE',  ( -0.000000000000000000, 1.000000000000000000, -0.000000000000000000 ) ) ;
#4409 = EDGE_LOOP ( 'NONE', ( #1675, #3486, #4006, #418 ) ) ;
#4410 = EDGE_CURVE ( 'NONE', #2926, #801, #720, .T. ) ;
#4411 = DIRECTION ( 'NONE',  ( 0.000000000000000000, 0.000000000000000000, -1.000000000000000000 ) ) ;
#4413 = ORIENTED_EDGE ( 'NONE', *, *, #1177, .F. ) ;
#4412 = FACE_OUTER_BOUND ( 'NONE', #1635, .T. ) ;
#4414 = CIRCLE ( 'NONE', #1480, 3.249999999999985345 ) ;
#4415 = EDGE_LOOP ( 'NONE', ( #664, #1054, #834, #5135 ) ) ;
#4416 = DIRECTION ( 'NONE',  ( -0.000000000000000000, 1.000000000000000000, -0.000000000000000000 ) ) ;
#4417 = ADVANCED_FACE ( 'NONE', ( #3230, #159, #5248, #1615 ), #4196, .F. ) ;
#4418 = AXIS2_PLACEMENT_3D ( 'NONE', #1296, #487, #3511 ) ;
#4419 = CARTESIAN_POINT ( 'NONE',  ( 45.49999999999945999, -1.040949779275264931E-16, -1137.500000000000000 ) ) ;
#4420 = CARTESIAN_POINT ( 'NONE',  ( -45.50000000000062528, -3.000000000000000000, -920.0000000000070486 ) ) ;
#4421 = LINE ( 'NONE', #4727, #974 ) ;
#4422 = CARTESIAN_POINT ( 'NONE',  ( 60.00000000000024158, 26.74999999999979750, 1450.000000000000227 ) ) ;
#4423 = ORIENTED_EDGE ( 'NONE', *, *, #224, .F. ) ;
#4424 =( GEOMETRIC_REPRESENTATION_CONTEXT ( 3 ) GLOBAL_UNCERTAINTY_ASSIGNED_CONTEXT ( ( #1311 ) ) GLOBAL_UNIT_ASSIGNED_CONTEXT ( ( #4895, #4163, #287 ) ) REPRESENTATION_CONTEXT ( 'NONE', 'WORKASPACE' ) );
#4425 = CARTESIAN_POINT ( 'NONE',  ( 45.50000000000029132, -3.000000000000000000, -1060.000000000002501 ) ) ;
#4426 = VECTOR ( 'NONE', #3410, 1000.000000000000000 ) ;
#4427 = AXIS2_PLACEMENT_3D ( 'NONE', #2346, #4021, #4050 ) ;
#4428 = CARTESIAN_POINT ( 'NONE',  ( -60.00000000000076739, 33.25000000000019895, -349.9999999999996589 ) ) ;
#4429 = DIRECTION ( 'NONE',  ( -0.000000000000000000, 1.000000000000000000, -0.000000000000000000 ) ) ;
#4430 = EDGE_LOOP ( 'NONE', ( #1130, #3785, #2709, #347 ) ) ;
#4431 = CARTESIAN_POINT ( 'NONE',  ( -60.00000000000026290, -2.230703423490070634E-13, -2049.999999999999545 ) ) ;
#4432 = SURFACE_STYLE_FILL_AREA ( #4027 ) ;
#4433 = DIRECTION ( 'NONE',  ( -1.000000000000000000, 3.491481338843133355E-15, 1.218537466052000931E-16 ) ) ;
#4434 = FILL_AREA_STYLE ('',( #2659 ) ) ;
#4435 = CARTESIAN_POINT ( 'NONE',  ( 45.49999999999923261, -3.000000000000000000, -862.5000000000089813 ) ) ;
#4436 = ORIENTED_EDGE ( 'NONE', *, *, #3850, .F. ) ;
#4437 = CARTESIAN_POINT ( 'NONE',  ( 45.50000000000132161, -1.040949779275264931E-16, -960.0000000000056843 ) ) ;
#4438 = VERTEX_POINT ( 'NONE', #1643 ) ;
#4439 = PRESENTATION_LAYER_ASSIGNMENT (  '', '', ( #3293 ) ) ;
#4440 = UNCERTAINTY_MEASURE_WITH_UNIT (LENGTH_MEASURE( 1.000000000000000082E-05 ), #1079, 'distance_accuracy_value', 'NONE');
#4441 = ADVANCED_FACE ( 'NONE', ( #4943 ), #403, .T. ) ;
#4442 = VERTEX_POINT ( 'NONE', #3367 ) ;
#4443 = EDGE_LOOP ( 'NONE', ( #1860, #5168, #1305, #1889 ) ) ;
#4444 = CARTESIAN_POINT ( 'NONE',  ( 45.50000000000029132, -3.000000000000000000, -1057.500000000002501 ) ) ;
#4445 =( NAMED_UNIT ( * ) PLANE_ANGLE_UNIT ( ) SI_UNIT ( $, .RADIAN. ) );
#4446 = ADVANCED_FACE ( 'NONE', ( #332 ), #5428, .F. ) ;
#4447 = AXIS2_PLACEMENT_3D ( 'NONE', #5046, #4146, #1146 ) ;
#4448 = CARTESIAN_POINT ( 'NONE',  ( -45.49999999999958078, 0.000000000000000000, -1062.500000000002501 ) ) ;
#4449 = DIRECTION ( 'NONE',  ( 0.000000000000000000, 0.000000000000000000, -1.000000000000000000 ) ) ;
#4450 = DIRECTION ( 'NONE',  ( -3.543264972207944962E-15, 1.000000000000000000, 0.000000000000000000 ) ) ;
#4451 = LINE ( 'NONE', #3169, #4377 ) ;
#4452 = EDGE_LOOP ( 'NONE', ( #2287, #125, #4007, #4327 ) ) ;
#4453 = PRESENTATION_STYLE_ASSIGNMENT (( #3953 ) ) ;
#4454 = DIRECTION ( 'NONE',  ( 1.000000000000000000, -3.543264972207945357E-15, -1.227650459922047927E-16 ) ) ;
#4455 = CIRCLE ( 'NONE', #2062, 2.499999999999946709 ) ;
#4456 = PRESENTATION_STYLE_ASSIGNMENT (( #3175 ) ) ;
#4457 = PLANE ( 'NONE',  #1573 ) ;
#4458 = VECTOR ( 'NONE', #251, 1000.000000000000000 ) ;
#4459 = FACE_BOUND ( 'NONE', #3618, .T. ) ;
#4460 = VERTEX_POINT ( 'NONE', #3286 ) ;
#4461 = CARTESIAN_POINT ( 'NONE',  ( 45.49999999999945999, 0.000000000000000000, -1137.500000000000000 ) ) ;
#4462 = FACE_OUTER_BOUND ( 'NONE', #3464, .T. ) ;
#4463 = AXIS2_PLACEMENT_3D ( 'NONE', #3674, #1488, #318 ) ;
#4464 = CYLINDRICAL_SURFACE ( 'NONE', #2118, 2.499999999999946709 ) ;
#4465 = SURFACE_STYLE_USAGE ( .BOTH. , #2772 ) ;
#4466 = ORIENTED_EDGE ( 'NONE', *, *, #4715, .T. ) ;
#4467 = ORIENTED_EDGE ( 'NONE', *, *, #2163, .F. ) ;
#4468 = PRESENTATION_LAYER_ASSIGNMENT (  '', '', ( #1991 ) ) ;
#4469 = FILL_AREA_STYLE_COLOUR ( '', #3964 ) ;
#4470 = CIRCLE ( 'NONE', #1257, 2.499999999999946709 ) ;
#4472 = ORIENTED_EDGE ( 'NONE', *, *, #2480, .F. ) ;
#4471 = DIRECTION ( 'NONE',  ( -0.000000000000000000, 1.000000000000000000, -0.000000000000000000 ) ) ;
#4473 =( LENGTH_UNIT ( ) NAMED_UNIT ( * ) SI_UNIT ( .MILLI., .METRE. ) );
#4474 = ORIENTED_EDGE ( 'NONE', *, *, #3824, .T. ) ;
#4475 = DIRECTION ( 'NONE',  ( 0.000000000000000000, -1.000000000000000000, 0.000000000000000000 ) ) ;
#4476 = EDGE_CURVE ( 'NONE', #206, #2459, #5025, .T. ) ;
#4477 = DIRECTION ( 'NONE',  ( 0.000000000000000000, 0.000000000000000000, 1.000000000000000000 ) ) ;
#4478 = FACE_OUTER_BOUND ( 'NONE', #4452, .T. ) ;
#4479 = DIRECTION ( 'NONE',  ( 0.000000000000000000, -1.000000000000000000, 0.000000000000000000 ) ) ;
#4480 = DIRECTION ( 'NONE',  ( -4.270088556250616885E-15, -1.000000000000000000, 0.000000000000000000 ) ) ;
#4481 = ORIENTED_EDGE ( 'NONE', *, *, #4476, .T. ) ;
#4482 = DIRECTION ( 'NONE',  ( 1.218537466051995014E-16, 1.734723475976811532E-16, 1.000000000000000000 ) ) ;
#4483 = CARTESIAN_POINT ( 'NONE',  ( -60.00000000000095923, 33.25000000000024158, -1934.999999999999545 ) ) ;
#4484 = EDGE_CURVE ( 'NONE', #785, #610, #4220, .T. ) ;
#4485 = CARTESIAN_POINT ( 'NONE',  ( 57.00000000000026290, 26.74999999999982947, 1549.999999999999773 ) ) ;
#4486 = MECHANICAL_DESIGN_GEOMETRIC_PRESENTATION_REPRESENTATION (  '', ( #1556 ), #4919 ) ;
#4487 = DIRECTION ( 'NONE',  ( 0.000000000000000000, -1.000000000000000000, 0.000000000000000000 ) ) ;
#4488 = DIRECTION ( 'NONE',  ( -0.000000000000000000, 1.000000000000000000, -0.000000000000000000 ) ) ;
#4489 = EDGE_LOOP ( 'NONE', ( #4809, #794 ) ) ;
#4490 = DIRECTION ( 'NONE',  ( 1.000000000000000000, -3.543264972207945357E-15, -1.227650459922047927E-16 ) ) ;
#4491 = ORIENTED_EDGE ( 'NONE', *, *, #2039, .F. ) ;
#4492 = ADVANCED_FACE ( 'NONE', ( #3818 ), #4999, .F. ) ;
#4493 =( LENGTH_UNIT ( ) NAMED_UNIT ( * ) SI_UNIT ( .MILLI., .METRE. ) );
#4494 = ORIENTED_EDGE ( 'NONE', *, *, #3338, .F. ) ;
#4495 = DIRECTION ( 'NONE',  ( 0.000000000000000000, 0.000000000000000000, 1.000000000000000000 ) ) ;
#4496 = VECTOR ( 'NONE', #5423, 1000.000000000000000 ) ;
#4497 = VERTEX_POINT ( 'NONE', #2560 ) ;
#4498 = DIRECTION ( 'NONE',  ( 0.000000000000000000, -1.000000000000000000, 0.000000000000000000 ) ) ;
#4499 = UNCERTAINTY_MEASURE_WITH_UNIT (LENGTH_MEASURE( 1.000000000000000082E-05 ), #2427, 'distance_accuracy_value', 'NONE');
#4500 = EDGE_LOOP ( 'NONE', ( #1702, #1491, #3614, #782 ) ) ;
#4501 = CARTESIAN_POINT ( 'NONE',  ( -45.50000000000062528, 0.000000000000000000, -1159.999999999999318 ) ) ;
#4502 = CIRCLE ( 'NONE', #3630, 2.499999999999946709 ) ;
#4503 = SURFACE_SIDE_STYLE ('',( #654 ) ) ;
#4504 = CIRCLE ( 'NONE', #1117, 2.499999999999946709 ) ;
#4505 = LINE ( 'NONE', #4448, #2669 ) ;
#4506 = CARTESIAN_POINT ( 'NONE',  ( 45.49999999999923261, -1.040949779275264931E-16, -902.5000000000076170 ) ) ;
#4507 = CARTESIAN_POINT ( 'NONE',  ( -45.50000000000062528, -3.000000000000000000, -837.5000000000096634 ) ) ;
#4508 = VERTEX_POINT ( 'NONE', #4435 ) ;
#4509 = ORIENTED_EDGE ( 'NONE', *, *, #2678, .F. ) ;
#4510 =( NAMED_UNIT ( * ) SI_UNIT ( $, .STERADIAN. ) SOLID_ANGLE_UNIT ( ) );
#4511 = AXIS2_PLACEMENT_3D ( 'NONE', #3196, #1123, #1920 ) ;
#4512 = COLOUR_RGB ( '',0.5294117647058823595, 0.5490196078431373028, 0.5490196078431373028 ) ;
#4513 = FILL_AREA_STYLE_COLOUR ( '', #500 ) ;
#4514 = ADVANCED_FACE ( 'NONE', ( #3997 ), #576, .F. ) ;
#4515 = PRESENTATION_STYLE_ASSIGNMENT (( #3321 ) ) ;
#4516 = FACE_BOUND ( 'NONE', #2667, .T. ) ;
#4517 = FILL_AREA_STYLE_COLOUR ( '', #677 ) ;
#4518 = DIRECTION ( 'NONE',  ( 0.000000000000000000, 0.000000000000000000, 1.000000000000000000 ) ) ;
#4519 = FILL_AREA_STYLE ('',( #1938 ) ) ;
#4520 = CIRCLE ( 'NONE', #1853, 2.499999999999946709 ) ;
#4521 = SURFACE_STYLE_FILL_AREA ( #3213 ) ;
#4522 = EDGE_CURVE ( 'NONE', #1718, #2526, #2715, .T. ) ;
#4523 = CARTESIAN_POINT ( 'NONE',  ( -45.49999999999916866, 0.000000000000000000, -1020.000000000003752 ) ) ;
#4524 = VERTEX_POINT ( 'NONE', #1697 ) ;
#4525 = CARTESIAN_POINT ( 'NONE',  ( -45.50000000000062528, -1.040949779275264931E-16, -820.0000000000102318 ) ) ;
#4526 = VERTEX_POINT ( 'NONE', #4695 ) ;
#4527 = CARTESIAN_POINT ( 'NONE',  ( 45.50000000000092371, -1.040949779275264931E-16, -1002.500000000004434 ) ) ;
#4528 = EDGE_LOOP ( 'NONE', ( #2057, #4030 ) ) ;
#4529 = FACE_OUTER_BOUND ( 'NONE', #1633, .T. ) ;
#4530 = CARTESIAN_POINT ( 'NONE',  ( -45.49999999999958078, -1.040949779275264931E-16, -1062.500000000002501 ) ) ;
#4531 = LINE ( 'NONE', #2015, #1325 ) ;
#4532 = CARTESIAN_POINT ( 'NONE',  ( -45.50000000000062528, -1.040949779275264931E-16, -900.0000000000077307 ) ) ;
#4533 = ORIENTED_EDGE ( 'NONE', *, *, #3983, .T. ) ;
#4534 = ORIENTED_EDGE ( 'NONE', *, *, #5185, .T. ) ;
#4535 =( NAMED_UNIT ( * ) SI_UNIT ( $, .STERADIAN. ) SOLID_ANGLE_UNIT ( ) );
#4536 = SURFACE_SIDE_STYLE ('',( #2854 ) ) ;
#4537 = FACE_BOUND ( 'NONE', #2035, .T. ) ;
#4538 = SURFACE_SIDE_STYLE ('',( #2856 ) ) ;
#4539 = CARTESIAN_POINT ( 'NONE',  ( 45.49999999999923261, -1.040949779275264931E-16, -880.0000000000082991 ) ) ;
#4540 = VECTOR ( 'NONE', #5140, 1000.000000000000000 ) ;
#4541 = VERTEX_POINT ( 'NONE', #842 ) ;
#4542 = EDGE_CURVE ( 'NONE', #1619, #3832, #2156, .T. ) ;
#4543 = SURFACE_SIDE_STYLE ('',( #3301 ) ) ;
#4544 = ORIENTED_EDGE ( 'NONE', *, *, #1598, .T. ) ;
#4545 = DIRECTION ( 'NONE',  ( -1.000000000000000000, 3.543264972207945357E-15, 0.000000000000000000 ) ) ;
#4546 = AXIS2_PLACEMENT_3D ( 'NONE', #1924, #2757, #1894 ) ;
#4547 = CARTESIAN_POINT ( 'NONE',  ( 57.00000000000006395, 33.24999999999980105, -249.9999999999999716 ) ) ;
#4548 = EDGE_CURVE ( 'NONE', #5398, #728, #1722, .T. ) ;
#4549 = AXIS2_PLACEMENT_3D ( 'NONE', #2470, #2833, #1112 ) ;
#4550 = ORIENTED_EDGE ( 'NONE', *, *, #1057, .F. ) ;
#4551 =( NAMED_UNIT ( * ) PLANE_ANGLE_UNIT ( ) SI_UNIT ( $, .RADIAN. ) );
#4552 = EDGE_CURVE ( 'NONE', #2265, #2238, #373, .T. ) ;
#4553 = VECTOR ( 'NONE', #4488, 1000.000000000000000 ) ;
#4554 = DIRECTION ( 'NONE',  ( 4.270088556250612152E-15, 1.000000000000000000, 0.000000000000000000 ) ) ;
#4555 = DIRECTION ( 'NONE',  ( 4.270088556250579808E-15, 1.000000000000000000, 0.000000000000000000 ) ) ;
#4556 = AXIS2_PLACEMENT_3D ( 'NONE', #1038, #5350, #2848 ) ;
#4557 = LINE ( 'NONE', #4172, #2617 ) ;
#4558 = ORIENTED_EDGE ( 'NONE', *, *, #1108, .F. ) ;
#4559 = DIRECTION ( 'NONE',  ( -0.000000000000000000, 1.000000000000000000, -0.000000000000000000 ) ) ;
#4560 = AXIS2_PLACEMENT_3D ( 'NONE', #1233, #1645, #334 ) ;
#4561 = CARTESIAN_POINT ( 'NONE',  ( -45.49999999999854339, 0.000000000000000000, -960.0000000000056843 ) ) ;
#4562 = CARTESIAN_POINT ( 'NONE',  ( 45.49999999999923261, 0.000000000000000000, -837.5000000000096634 ) ) ;
#4563 =( NAMED_UNIT ( * ) SI_UNIT ( $, .STERADIAN. ) SOLID_ANGLE_UNIT ( ) );
#4564 = AXIS2_PLACEMENT_3D ( 'NONE', #3204, #985, #2373 ) ;
#4565 = CARTESIAN_POINT ( 'NONE',  ( -53.99999999999952394, -3.000000000000042633, 2050.000000000000455 ) ) ;
#4566 = PRESENTATION_LAYER_ASSIGNMENT (  '', '', ( #1556 ) ) ;
#4567 = PRESENTATION_STYLE_ASSIGNMENT (( #4140 ) ) ;
#4568 = LINE ( 'NONE', #753, #3853 ) ;
#4569 = ORIENTED_EDGE ( 'NONE', *, *, #2273, .F. ) ;
#4570 = DIRECTION ( 'NONE',  ( -0.000000000000000000, 1.000000000000000000, -0.000000000000000000 ) ) ;
#4571 = EDGE_CURVE ( 'NONE', #4134, #3129, #2952, .T. ) ;
#4572 = VERTEX_POINT ( 'NONE', #874 ) ;
#4573 = EDGE_LOOP ( 'NONE', ( #883, #358, #5106, #4509 ) ) ;
#4574 = CARTESIAN_POINT ( 'NONE',  ( 45.50000000000112266, -1.040949779275264931E-16, -982.5000000000050022 ) ) ;
#4575 = AXIS2_PLACEMENT_3D ( 'NONE', #1400, #3597, #5278 ) ;
#4577 = ORIENTED_EDGE ( 'NONE', *, *, #4956, .F. ) ;
#4576 = DIRECTION ( 'NONE',  ( -0.000000000000000000, 1.000000000000000000, -0.000000000000000000 ) ) ;
#4578 = ADVANCED_FACE ( 'NONE', ( #2585 ), #172, .F. ) ;
#4579 = FACE_OUTER_BOUND ( 'NONE', #321, .T. ) ;
#4580 = DIRECTION ( 'NONE',  ( -0.000000000000000000, 1.000000000000000000, -0.000000000000000000 ) ) ;
#4581 = DIRECTION ( 'NONE',  ( 0.000000000000000000, -0.000000000000000000, 1.000000000000000000 ) ) ;
#4582 = VECTOR ( 'NONE', #3777, 1000.000000000000000 ) ;
#4583 = EDGE_CURVE ( 'NONE', #3805, #4373, #2387, .T. ) ;
#4584 = CARTESIAN_POINT ( 'NONE',  ( 45.50000000000070344, -1.040949779275264931E-16, -1022.500000000003752 ) ) ;
#4585 = CARTESIAN_POINT ( 'NONE',  ( -45.50000000000062528, -3.000000000000000000, -897.5000000000077307 ) ) ;
#4586 = ORIENTED_EDGE ( 'NONE', *, *, #3496, .F. ) ;
#4587 = FACE_OUTER_BOUND ( 'NONE', #5335, .T. ) ;
#4588 = PRESENTATION_LAYER_ASSIGNMENT (  '', '', ( #1203 ) ) ;
#4589 = CIRCLE ( 'NONE', #4752, 2.499999999999946709 ) ;
#4590 = PLANE ( 'NONE',  #4347 ) ;
#4591 = SURFACE_STYLE_FILL_AREA ( #2930 ) ;
#4592 = STYLED_ITEM ( 'NONE', ( #533 ), #2591 ) ;
#4593 = CYLINDRICAL_SURFACE ( 'NONE', #1381, 2.499999999999946709 ) ;
#4594 = STYLED_ITEM ( 'NONE', ( #965 ), #1517 ) ;
#4595 = SURFACE_STYLE_FILL_AREA ( #5088 ) ;
#4596 = COLOUR_RGB ( '',0.5294117647058823595, 0.5490196078431373028, 0.5490196078431373028 ) ;
#4597 = PRESENTATION_LAYER_ASSIGNMENT (  '', '', ( #1297 ) ) ;
#4598 = SURFACE_SIDE_STYLE ('',( #4521 ) ) ;
#4599 = FACE_BOUND ( 'NONE', #3145, .T. ) ;
#4600 = EDGE_LOOP ( 'NONE', ( #3250, #5241, #5322, #1263 ) ) ;
#4601 = DIRECTION ( 'NONE',  ( 1.000000000000000000, -3.543264972207945357E-15, -1.227650459922047927E-16 ) ) ;
#4602 = ORIENTED_EDGE ( 'NONE', *, *, #2887, .T. ) ;
#4603 = ORIENTED_EDGE ( 'NONE', *, *, #4647, .T. ) ;
#4604 = STYLED_ITEM ( 'NONE', ( #5515 ), #3190 ) ;
#4605 = UNCERTAINTY_MEASURE_WITH_UNIT (LENGTH_MEASURE( 1.000000000000000082E-05 ), #2516, 'distance_accuracy_value', 'NONE');
#4606 = ORIENTED_EDGE ( 'NONE', *, *, #4476, .F. ) ;
#4607 = EDGE_CURVE ( 'NONE', #5239, #1026, #2601, .T. ) ;
#4608 = DIRECTION ( 'NONE',  ( 0.000000000000000000, -1.000000000000000000, 0.000000000000000000 ) ) ;
#4609 = CARTESIAN_POINT ( 'NONE',  ( -45.49999999999854339, 0.000000000000000000, -957.5000000000057980 ) ) ;
#4610 = DIRECTION ( 'NONE',  ( -3.543264972207945357E-15, -1.000000000000000000, 2.081668171172180839E-16 ) ) ;
#4611 = DIRECTION ( 'NONE',  ( -3.469446951953613400E-15, 1.000000000000000000, 0.000000000000000000 ) ) ;
#4612 = ORIENTED_EDGE ( 'NONE', *, *, #920, .T. ) ;
#4613 = EDGE_LOOP ( 'NONE', ( #2723, #559, #4481, #3462 ) ) ;
#4614 = DIRECTION ( 'NONE',  ( -0.000000000000000000, 1.000000000000000000, -0.000000000000000000 ) ) ;
#4615 = ADVANCED_FACE ( 'NONE', ( #1546 ), #3215, .F. ) ;
#4616 = CIRCLE ( 'NONE', #2221, 2.499999999999946709 ) ;
#4617 = FACE_BOUND ( 'NONE', #4076, .T. ) ;
#4618 = DIRECTION ( 'NONE',  ( 0.000000000000000000, -1.000000000000000000, 0.000000000000000000 ) ) ;
#4619 = PLANE ( 'NONE',  #4901 ) ;
#4620 = CARTESIAN_POINT ( 'NONE',  ( -60.00000000000097344, 30.00000000000023093, -1934.999999999999545 ) ) ;
#4621 = VECTOR ( 'NONE', #2506, 1000.000000000000000 ) ;
#4622 = EDGE_CURVE ( 'NONE', #86, #3186, #4116, .T. ) ;
#4623 = DIRECTION ( 'NONE',  ( 0.000000000000000000, -1.000000000000000000, 0.000000000000000000 ) ) ;
#4624 = AXIS2_PLACEMENT_3D ( 'NONE', #2085, #2916, #2891 ) ;
#4625 = CARTESIAN_POINT ( 'NONE',  ( 45.49999999999945999, -1.040949779275264931E-16, -1142.499999999999773 ) ) ;
#4626 = ORIENTED_EDGE ( 'NONE', *, *, #1265, .F. ) ;
#4627 = FILL_AREA_STYLE ('',( #5041 ) ) ;
#4628 = ORIENTED_EDGE ( 'NONE', *, *, #5373, .T. ) ;
#4629 = VECTOR ( 'NONE', #1319, 1000.000000000000000 ) ;
#4631 = ORIENTED_EDGE ( 'NONE', *, *, #3295, .T. ) ;
#4630 = CARTESIAN_POINT ( 'NONE',  ( 60.00000000000034817, 37.00000000000000000, 2050.000000000000000 ) ) ;
#4632 = VECTOR ( 'NONE', #686, 1000.000000000000000 ) ;
#4633 = DIRECTION ( 'NONE',  ( -0.000000000000000000, 1.000000000000000000, -0.000000000000000000 ) ) ;
#4634 =( NAMED_UNIT ( * ) PLANE_ANGLE_UNIT ( ) SI_UNIT ( $, .RADIAN. ) );
#4635 = CARTESIAN_POINT ( 'NONE',  ( -54.00000000000002132, 3.000000000000210054, 2050.000000000000455 ) ) ;
#4636 = DIRECTION ( 'NONE',  ( -0.000000000000000000, 1.000000000000000000, -0.000000000000000000 ) ) ;
#4637 = EDGE_LOOP ( 'NONE', ( #3590, #2575 ) ) ;
#4638 = ORIENTED_EDGE ( 'NONE', *, *, #2171, .T. ) ;
#4639 = LINE ( 'NONE', #1996, #1666 ) ;
#4640 = EDGE_CURVE ( 'NONE', #2424, #1398, #629, .T. ) ;
#4641 = CIRCLE ( 'NONE', #2689, 2.499999999999946709 ) ;
#4642 = MECHANICAL_DESIGN_GEOMETRIC_PRESENTATION_REPRESENTATION (  '', ( #1896 ), #1803 ) ;
#4643 = CARTESIAN_POINT ( 'NONE',  ( 45.49999999999945999, -3.000000000000000000, -1142.499999999999773 ) ) ;
#4644 = SURFACE_STYLE_USAGE ( .BOTH. , #4159 ) ;
#4645 = ORIENTED_EDGE ( 'NONE', *, *, #4011, .T. ) ;
#4646 = SURFACE_STYLE_USAGE ( .BOTH. , #5061 ) ;
#4647 = EDGE_CURVE ( 'NONE', #1820, #2528, #3247, .T. ) ;
#4648 = COLOUR_RGB ( '',0.5294117647058823595, 0.5490196078431373028, 0.5490196078431373028 ) ;
#4649 = CARTESIAN_POINT ( 'NONE',  ( 45.50000000000049027, -1.040949779275264931E-16, -1040.000000000003183 ) ) ;
#4650 = PRESENTATION_LAYER_ASSIGNMENT (  '', '', ( #22 ) ) ;
#4651 = FACE_BOUND ( 'NONE', #3583, .T. ) ;
#4652 = EDGE_LOOP ( 'NONE', ( #5053, #3234, #4885, #5040 ) ) ;
#4653 = FILL_AREA_STYLE ('',( #3330 ) ) ;
#4654 = EDGE_CURVE ( 'NONE', #2066, #745, #1139, .T. ) ;
#4655 = ORIENTED_EDGE ( 'NONE', *, *, #759, .F. ) ;
#4656 = STYLED_ITEM ( 'NONE', ( #3856 ), #152 ) ;
#4657 = UNCERTAINTY_MEASURE_WITH_UNIT (LENGTH_MEASURE( 1.000000000000000082E-05 ), #5164, 'distance_accuracy_value', 'NONE');
#4659 = ORIENTED_EDGE ( 'NONE', *, *, #5367, .T. ) ;
#4658 = FILL_AREA_STYLE_COLOUR ( '', #4269 ) ;
#4660 =( NAMED_UNIT ( * ) SI_UNIT ( $, .STERADIAN. ) SOLID_ANGLE_UNIT ( ) );
#4661 = VECTOR ( 'NONE', #4633, 1000.000000000000000 ) ;
#4662 =( NAMED_UNIT ( * ) SI_UNIT ( $, .STERADIAN. ) SOLID_ANGLE_UNIT ( ) );
#4663 = FACE_OUTER_BOUND ( 'NONE', #4735, .T. ) ;
#4664 =( LENGTH_UNIT ( ) NAMED_UNIT ( * ) SI_UNIT ( .MILLI., .METRE. ) );
#4665 = ORIENTED_EDGE ( 'NONE', *, *, #4368, .F. ) ;
#4666 = DIRECTION ( 'NONE',  ( -3.543264972207944962E-15, -1.000000000000000000, -0.000000000000000000 ) ) ;
#4667 =( GEOMETRIC_REPRESENTATION_CONTEXT ( 3 ) GLOBAL_UNCERTAINTY_ASSIGNED_CONTEXT ( ( #38 ) ) GLOBAL_UNIT_ASSIGNED_CONTEXT ( ( #1393, #4064, #4837 ) ) REPRESENTATION_CONTEXT ( 'NONE', 'WORKASPACE' ) );
#4668 = FILL_AREA_STYLE_COLOUR ( '', #392 ) ;
#4669 = STYLED_ITEM ( 'NONE', ( #4515 ), #1063 ) ;
#4670 = EDGE_CURVE ( 'NONE', #854, #2742, #3304, .T. ) ;
#4671 = DIRECTION ( 'NONE',  ( -0.000000000000000000, 1.000000000000000000, -0.000000000000000000 ) ) ;
#4672 = CYLINDRICAL_SURFACE ( 'NONE', #4802, 2.499999999999946709 ) ;
#4673 = CARTESIAN_POINT ( 'NONE',  ( -45.49999999999979394, -1.040949779275264931E-16, -1080.000000000001819 ) ) ;
#4674 = CIRCLE ( 'NONE', #4232, 2.499999999999946709 ) ;
#4675 = VECTOR ( 'NONE', #3067, 1000.000000000000000 ) ;
#4676 = EDGE_CURVE ( 'NONE', #3209, #4722, #4568, .T. ) ;
#4677 = CIRCLE ( 'NONE', #4755, 2.499999999999946709 ) ;
#4678 = MECHANICAL_DESIGN_GEOMETRIC_PRESENTATION_REPRESENTATION (  '', ( #3531 ), #2282 ) ;
#4679 = FACE_BOUND ( 'NONE', #1282, .T. ) ;
#4680 = ORIENTED_EDGE ( 'NONE', *, *, #5179, .T. ) ;
#4681 = LINE ( 'NONE', #864, #3075 ) ;
#4682 = CARTESIAN_POINT ( 'NONE',  ( -45.50000000000020606, 0.000000000000000000, -1120.000000000000455 ) ) ;
#4683 = EDGE_LOOP ( 'NONE', ( #1847, #2525 ) ) ;
#4684 =( GEOMETRIC_REPRESENTATION_CONTEXT ( 3 ) GLOBAL_UNCERTAINTY_ASSIGNED_CONTEXT ( ( #872 ) ) GLOBAL_UNIT_ASSIGNED_CONTEXT ( ( #1091, #1464, #4128 ) ) REPRESENTATION_CONTEXT ( 'NONE', 'WORKASPACE' ) );
#4685 = VECTOR ( 'NONE', #2975, 1000.000000000000000 ) ;
#4686 = EDGE_CURVE ( 'NONE', #2606, #2980, #1433, .T. ) ;
#4688 = ORIENTED_EDGE ( 'NONE', *, *, #3158, .T. ) ;
#4687 = CARTESIAN_POINT ( 'NONE',  ( -54.00000000000002132, 3.000000000000210054, 2050.000000000000455 ) ) ;
#4689 = CIRCLE ( 'NONE', #5412, 2.499999999999946709 ) ;
#4690 = AXIS2_PLACEMENT_3D ( 'NONE', #5000, #3769, #3342 ) ;
#4691 = SURFACE_STYLE_USAGE ( .BOTH. , #1770 ) ;
#4692 = CIRCLE ( 'NONE', #156, 2.499999999999946709 ) ;
#4694 = ORIENTED_EDGE ( 'NONE', *, *, #732, .F. ) ;
#4693 =( NAMED_UNIT ( * ) SI_UNIT ( $, .STERADIAN. ) SOLID_ANGLE_UNIT ( ) );
#4695 = CARTESIAN_POINT ( 'NONE',  ( 60.00000000000023448, 2.999999999999972466, 2050.000000000000000 ) ) ;
#4696 = CARTESIAN_POINT ( 'NONE',  ( 45.50000000000112266, -3.000000000000000000, -980.0000000000051159 ) ) ;
#4697 = CARTESIAN_POINT ( 'NONE',  ( 45.49999999999923261, -1.040949779275264931E-16, -937.5000000000064801 ) ) ;
#4698 = ORIENTED_EDGE ( 'NONE', *, *, #5474, .T. ) ;
#4699 = CARTESIAN_POINT ( 'NONE',  ( 45.49999999999925393, -1.040949779275264931E-16, -1159.999999999999318 ) ) ;
#4700 = LINE ( 'NONE', #1621, #2311 ) ;
#4701 = FILL_AREA_STYLE_COLOUR ( '', #1059 ) ;
#4702 = PLANE ( 'NONE',  #3131 ) ;
#4703 = CARTESIAN_POINT ( 'NONE',  ( -45.50000000000062528, -1.040949779275264931E-16, -837.5000000000096634 ) ) ;
#4704 = AXIS2_PLACEMENT_3D ( 'NONE', #2566, #1706, #2488 ) ;
#4705 = SURFACE_STYLE_USAGE ( .BOTH. , #4184 ) ;
#4706 =( NAMED_UNIT ( * ) PLANE_ANGLE_UNIT ( ) SI_UNIT ( $, .RADIAN. ) );
#4707 = ORIENTED_EDGE ( 'NONE', *, *, #2956, .F. ) ;
#4708 = DIRECTION ( 'NONE',  ( 0.000000000000000000, 0.000000000000000000, 1.000000000000000000 ) ) ;
#4709 = SURFACE_STYLE_FILL_AREA ( #2234 ) ;
#4710 = COLOUR_RGB ( '',0.5294117647058823595, 0.5490196078431373028, 0.5490196078431373028 ) ;
#4711 = ORIENTED_EDGE ( 'NONE', *, *, #370, .T. ) ;
#4712 = ADVANCED_FACE ( 'NONE', ( #4866 ), #1051, .F. ) ;
#4713 = EDGE_LOOP ( 'NONE', ( #1774, #730 ) ) ;
#4714 = FILL_AREA_STYLE_COLOUR ( '', #3971 ) ;
#4715 = EDGE_CURVE ( 'NONE', #2637, #2898, #3829, .T. ) ;
#4716 = AXIS2_PLACEMENT_3D ( 'NONE', #485, #132, #2309 ) ;
#4717 = DIRECTION ( 'NONE',  ( 0.000000000000000000, -1.000000000000000000, 0.000000000000000000 ) ) ;
#4718 = UNCERTAINTY_MEASURE_WITH_UNIT (LENGTH_MEASURE( 1.000000000000000082E-05 ), #4262, 'distance_accuracy_value', 'NONE');
#4720 = EDGE_LOOP ( 'NONE', ( #372, #2297 ) ) ;
#4719 = DIRECTION ( 'NONE',  ( -0.000000000000000000, 1.000000000000000000, -0.000000000000000000 ) ) ;
#4721 =( LENGTH_UNIT ( ) NAMED_UNIT ( * ) SI_UNIT ( .MILLI., .METRE. ) );
#4722 = VERTEX_POINT ( 'NONE', #4625 ) ;
#4723 = EDGE_CURVE ( 'NONE', #2553, #2637, #1220, .T. ) ;
#4724 =( GEOMETRIC_REPRESENTATION_CONTEXT ( 3 ) GLOBAL_UNCERTAINTY_ASSIGNED_CONTEXT ( ( #812 ) ) GLOBAL_UNIT_ASSIGNED_CONTEXT ( ( #2261, #609, #3152 ) ) REPRESENTATION_CONTEXT ( 'NONE', 'WORKASPACE' ) );
#4725 =( LENGTH_UNIT ( ) NAMED_UNIT ( * ) SI_UNIT ( .MILLI., .METRE. ) );
#4726 = DIRECTION ( 'NONE',  ( 0.000000000000000000, -1.000000000000000000, 0.000000000000000000 ) ) ;
#4727 = CARTESIAN_POINT ( 'NONE',  ( -45.49999999999979394, 0.000000000000000000, -1077.500000000001819 ) ) ;
#4728 = PRESENTATION_LAYER_ASSIGNMENT (  '', '', ( #1080 ) ) ;
#4729 = DIRECTION ( 'NONE',  ( 3.543264972207946145E-15, 1.000000000000000000, 9.448706592554520425E-15 ) ) ;
#4730 = EDGE_LOOP ( 'NONE', ( #1496, #2328 ) ) ;
#4731 = PRESENTATION_STYLE_ASSIGNMENT (( #4344 ) ) ;
#4732 = STYLED_ITEM ( 'NONE', ( #1290 ), #5508 ) ;
#4733 = MECHANICAL_DESIGN_GEOMETRIC_PRESENTATION_REPRESENTATION (  '', ( #22 ), #1087 ) ;
#4734 = EDGE_CURVE ( 'NONE', #5477, #2662, #632, .T. ) ;
#4735 = EDGE_LOOP ( 'NONE', ( #3043, #112, #616, #1919 ) ) ;
#4736 = DIRECTION ( 'NONE',  ( 0.000000000000000000, 0.000000000000000000, -1.000000000000000000 ) ) ;
#4737 = ORIENTED_EDGE ( 'NONE', *, *, #4786, .F. ) ;
#4738 = STYLED_ITEM ( 'NONE', ( #1441 ), #267 ) ;
#4739 = ADVANCED_FACE ( 'NONE', ( #2959, #5469, #4238, #2078, #1301, #1658, #5521, #2126, #1248, #2909, #5122, #26, #4679, #3407, #2521, #3328, #4599, #3010, #4651, #1738, #3432, #862, #2054, #2493, #833, #4186, #345, #3760, #2572, #3354, #5445, #5013, #368, #2098, #5039, #2933, #5496, #417, #1685 ), #2603, .T. ) ;
#4741 = ORIENTED_EDGE ( 'NONE', *, *, #360, .F. ) ;
#4740 = DIRECTION ( 'NONE',  ( -4.270088556250621618E-15, 1.000000000000000000, 0.000000000000000000 ) ) ;
#4742 = ORIENTED_EDGE ( 'NONE', *, *, #4583, .F. ) ;
#4743 = CIRCLE ( 'NONE', #3339, 2.499999999999946709 ) ;
#4744 = EDGE_CURVE ( 'NONE', #2390, #4442, #1761, .T. ) ;
#4745 = CARTESIAN_POINT ( 'NONE',  ( -45.50000000000062528, -3.000000000000000000, -940.0000000000063665 ) ) ;
#4746 = SURFACE_STYLE_USAGE ( .BOTH. , #4256 ) ;
#4747 = MECHANICAL_DESIGN_GEOMETRIC_PRESENTATION_REPRESENTATION (  '', ( #44 ), #4667 ) ;
#4748 = DIRECTION ( 'NONE',  ( -1.000000000000000000, 3.543264972207945357E-15, 0.000000000000000000 ) ) ;
#4749 = ORIENTED_EDGE ( 'NONE', *, *, #3080, .T. ) ;
#4750 = CYLINDRICAL_SURFACE ( 'NONE', #981, 2.499999999999946709 ) ;
#4751 = ORIENTED_EDGE ( 'NONE', *, *, #4917, .F. ) ;
#4752 = AXIS2_PLACEMENT_3D ( 'NONE', #3967, #501, #4759 ) ;
#4753 = CARTESIAN_POINT ( 'NONE',  ( 45.49999999999923261, -1.040949779275264931E-16, -900.0000000000077307 ) ) ;
#4754 = ORIENTED_EDGE ( 'NONE', *, *, #2750, .F. ) ;
#4755 = AXIS2_PLACEMENT_3D ( 'NONE', #723, #314, #1237 ) ;
#4756 = UNCERTAINTY_MEASURE_WITH_UNIT (LENGTH_MEASURE( 1.000000000000000082E-05 ), #2255, 'distance_accuracy_value', 'NONE');
#4757 = LINE ( 'NONE', #5176, #2557 ) ;
#4758 = ORIENTED_EDGE ( 'NONE', *, *, #5263, .F. ) ;
#4759 = DIRECTION ( 'NONE',  ( 0.000000000000000000, 0.000000000000000000, 1.000000000000000000 ) ) ;
#4760 = ORIENTED_EDGE ( 'NONE', *, *, #3659, .F. ) ;
#4761 = CIRCLE ( 'NONE', #3173, 3.249999999999988898 ) ;
#4762 = SURFACE_SIDE_STYLE ('',( #1492 ) ) ;
#4763 = AXIS2_PLACEMENT_3D ( 'NONE', #9, #1723, #3417 ) ;
#4764 = VERTEX_POINT ( 'NONE', #2286 ) ;
#4765 = ORIENTED_EDGE ( 'NONE', *, *, #2171, .F. ) ;
#4766 = CARTESIAN_POINT ( 'NONE',  ( -57.00000000000026290, 1.553509000944186983E-16, -2049.999999999999545 ) ) ;
#4767 = EDGE_CURVE ( 'NONE', #4278, #542, #3033, .T. ) ;
#4768 = PRESENTATION_STYLE_ASSIGNMENT (( #5223 ) ) ;
#4769 = VERTEX_POINT ( 'NONE', #467 ) ;
#4770 = SURFACE_STYLE_USAGE ( .BOTH. , #20 ) ;
#4771 = CARTESIAN_POINT ( 'NONE',  ( 45.49999999999945999, 0.000000000000000000, -1140.000000000000000 ) ) ;
#4772 = EDGE_CURVE ( 'NONE', #5128, #219, #4641, .T. ) ;
#4773 = FILL_AREA_STYLE_COLOUR ( '', #3282 ) ;
#4774 = ORIENTED_EDGE ( 'NONE', *, *, #805, .F. ) ;
#4775 = DIRECTION ( 'NONE',  ( -0.000000000000000000, 1.000000000000000000, -0.000000000000000000 ) ) ;
#4776 = VERTEX_POINT ( 'NONE', #4290 ) ;
#4777 = EDGE_CURVE ( 'NONE', #5204, #2892, #2179, .T. ) ;
#4778 = VERTEX_POINT ( 'NONE', #3547 ) ;
#4779 = DIRECTION ( 'NONE',  ( 0.000000000000000000, -1.000000000000000000, 0.000000000000000000 ) ) ;
#4780 = ORIENTED_EDGE ( 'NONE', *, *, #370, .F. ) ;
#4781 = DIRECTION ( 'NONE',  ( 0.000000000000000000, 0.000000000000000000, 1.000000000000000000 ) ) ;
#4782 = EDGE_LOOP ( 'NONE', ( #395, #2885, #4603, #4631 ) ) ;
#4783 = SURFACE_SIDE_STYLE ('',( #4358 ) ) ;
#4784 =( LENGTH_UNIT ( ) NAMED_UNIT ( * ) SI_UNIT ( .MILLI., .METRE. ) );
#4785 = CARTESIAN_POINT ( 'NONE',  ( 56.99999999999985789, 37.00000000000001421, -2039.999999999999091 ) ) ;
#4786 = EDGE_CURVE ( 'NONE', #1302, #3254, #1254, .T. ) ;
#4787 = DIRECTION ( 'NONE',  ( 1.000000000000000000, -3.543264972207945357E-15, 0.000000000000000000 ) ) ;
#4788 = ORIENTED_EDGE ( 'NONE', *, *, #2048, .F. ) ;
#4789 = AXIS2_PLACEMENT_3D ( 'NONE', #4420, #1559, #4449 ) ;
#4790 = FILL_AREA_STYLE_COLOUR ( '', #1680 ) ;
#4791 = EDGE_CURVE ( 'NONE', #971, #1369, #5080, .T. ) ;
#4792 = CARTESIAN_POINT ( 'NONE',  ( 45.49999999999987210, -1.040949779275264931E-16, -1102.500000000001137 ) ) ;
#4793 = DIRECTION ( 'NONE',  ( 0.000000000000000000, -1.000000000000000000, 0.000000000000000000 ) ) ;
#4794 = ORIENTED_EDGE ( 'NONE', *, *, #522, .T. ) ;
#4795 = CARTESIAN_POINT ( 'NONE',  ( -45.49999999999958078, 0.000000000000000000, -1057.500000000002501 ) ) ;
#4797 = ORIENTED_EDGE ( 'NONE', *, *, #2580, .T. ) ;
#4796 = CARTESIAN_POINT ( 'NONE',  ( -45.50000000000062528, -3.000000000000000000, -800.0000000000109139 ) ) ;
#4798 = VERTEX_POINT ( 'NONE', #4315 ) ;
#4799 = VECTOR ( 'NONE', #5085, 1000.000000000000000 ) ;
#4800 = LINE ( 'NONE', #1022, #1206 ) ;
#4801 = EDGE_CURVE ( 'NONE', #2526, #4174, #1716, .T. ) ;
#4802 = AXIS2_PLACEMENT_3D ( 'NONE', #5465, #2953, #1652 ) ;
#4803 = SURFACE_STYLE_FILL_AREA ( #3844 ) ;
#4804 = ORIENTED_EDGE ( 'NONE', *, *, #4020, .F. ) ;
#4805 = VERTEX_POINT ( 'NONE', #3144 ) ;
#4806 = CARTESIAN_POINT ( 'NONE',  ( 45.49999999999925393, -3.000000000000000000, -1157.499999999999318 ) ) ;
#4807 = COLOUR_RGB ( '',0.5294117647058823595, 0.5490196078431373028, 0.5490196078431373028 ) ;
#4808 = UNCERTAINTY_MEASURE_WITH_UNIT (LENGTH_MEASURE( 1.000000000000000082E-05 ), #2681, 'distance_accuracy_value', 'NONE');
#4809 = ORIENTED_EDGE ( 'NONE', *, *, #5299, .F. ) ;
#4810 = ORIENTED_EDGE ( 'NONE', *, *, #4542, .F. ) ;
#4811 = SURFACE_STYLE_USAGE ( .BOTH. , #4783 ) ;
#4812 = CARTESIAN_POINT ( 'NONE',  ( 45.50000000000132161, 0.000000000000000000, -960.0000000000056843 ) ) ;
#4813 = PRESENTATION_LAYER_ASSIGNMENT (  '', '', ( #4139 ) ) ;
#4814 = DIRECTION ( 'NONE',  ( 0.000000000000000000, 0.000000000000000000, -1.000000000000000000 ) ) ;
#4815 = CARTESIAN_POINT ( 'NONE',  ( -45.50000000000062528, -1.040949779275264931E-16, -1157.499999999999318 ) ) ;
#4816 = DIRECTION ( 'NONE',  ( -3.469446951953613400E-15, 1.000000000000000000, 0.000000000000000000 ) ) ;
#4817 = DIRECTION ( 'NONE',  ( -0.000000000000000000, 1.000000000000000000, -0.000000000000000000 ) ) ;
#4818 = EDGE_LOOP ( 'NONE', ( #3784, #2809, #4407, #2007 ) ) ;
#4819 = DIRECTION ( 'NONE',  ( -0.000000000000000000, 1.000000000000000000, -0.000000000000000000 ) ) ;
#4820 = CIRCLE ( 'NONE', #36, 2.499999999999946709 ) ;
#4821 = PRESENTATION_LAYER_ASSIGNMENT (  '', '', ( #5189 ) ) ;
#4822 = SURFACE_STYLE_FILL_AREA ( #515 ) ;
#4823 = CARTESIAN_POINT ( 'NONE',  ( -45.50000000000020606, -3.000000000000000000, -1122.500000000000455 ) ) ;
#4824 = DIRECTION ( 'NONE',  ( 0.000000000000000000, 0.000000000000000000, -1.000000000000000000 ) ) ;
#4825 = ORIENTED_EDGE ( 'NONE', *, *, #2713, .F. ) ;
#4826 = LINE ( 'NONE', #2740, #3893 ) ;
#4827 = CARTESIAN_POINT ( 'NONE',  ( -45.50000000000062528, -1.040949779275264931E-16, -942.5000000000063665 ) ) ;
#4828 = SURFACE_SIDE_STYLE ('',( #4865 ) ) ;
#4829 =( GEOMETRIC_REPRESENTATION_CONTEXT ( 3 ) GLOBAL_UNCERTAINTY_ASSIGNED_CONTEXT ( ( #4871 ) ) GLOBAL_UNIT_ASSIGNED_CONTEXT ( ( #2612, #1363, #3815 ) ) REPRESENTATION_CONTEXT ( 'NONE', 'WORKASPACE' ) );
#4830 = EDGE_CURVE ( 'NONE', #2553, #5204, #292, .T. ) ;
#4831 = DIRECTION ( 'NONE',  ( 1.000000000000000000, -3.543264972207945357E-15, -1.227650459922047927E-16 ) ) ;
#4832 =( GEOMETRIC_REPRESENTATION_CONTEXT ( 3 ) GLOBAL_UNCERTAINTY_ASSIGNED_CONTEXT ( ( #4004 ) ) GLOBAL_UNIT_ASSIGNED_CONTEXT ( ( #3610, #2316, #4890 ) ) REPRESENTATION_CONTEXT ( 'NONE', 'WORKASPACE' ) );
#4833 = FILL_AREA_STYLE_COLOUR ( '', #3585 ) ;
#4834 = VERTEX_POINT ( 'NONE', #1414 ) ;
#4835 = PRESENTATION_STYLE_ASSIGNMENT (( #205 ) ) ;
#4836 = ORIENTED_EDGE ( 'NONE', *, *, #1493, .F. ) ;
#4837 =( NAMED_UNIT ( * ) SI_UNIT ( $, .STERADIAN. ) SOLID_ANGLE_UNIT ( ) );
#4838 = VECTOR ( 'NONE', #1329, 1000.000000000000000 ) ;
#4839 = AXIS2_PLACEMENT_3D ( 'NONE', #1885, #2296, #3249 ) ;
#4840 = EDGE_CURVE ( 'NONE', #854, #1362, #3579, .T. ) ;
#4842 = VERTEX_POINT ( 'NONE', #3114 ) ;
#4841 = DIRECTION ( 'NONE',  ( -3.469446951953613400E-15, -1.000000000000000000, 0.000000000000000000 ) ) ;
#4843 = AXIS2_PLACEMENT_3D ( 'NONE', #2412, #2590, #2117 ) ;
#4844 = PRESENTATION_LAYER_ASSIGNMENT (  '', '', ( #3353 ) ) ;
#4845 = VERTEX_POINT ( 'NONE', #5145 ) ;
#4846 = SURFACE_STYLE_USAGE ( .BOTH. , #2426 ) ;
#4847 = SURFACE_STYLE_USAGE ( .BOTH. , #849 ) ;
#4848 = MECHANICAL_DESIGN_GEOMETRIC_PRESENTATION_REPRESENTATION (  '', ( #4592 ), #1668 ) ;
#4849 = COLOUR_RGB ( '',0.5294117647058823595, 0.5490196078431373028, 0.5490196078431373028 ) ;
#4850 = LINE ( 'NONE', #5455, #3914 ) ;
#4851 =( NAMED_UNIT ( * ) PLANE_ANGLE_UNIT ( ) SI_UNIT ( $, .RADIAN. ) );
#4852 = CARTESIAN_POINT ( 'NONE',  ( 45.49999999999925393, -3.000000000000000000, -1159.999999999999318 ) ) ;
#4853 = CARTESIAN_POINT ( 'NONE',  ( -45.50000000000062528, -1.040949779275264931E-16, -882.5000000000082991 ) ) ;
#4854 = ORIENTED_EDGE ( 'NONE', *, *, #181, .T. ) ;
#4855 = LINE ( 'NONE', #628, #4083 ) ;
#4856 = DIRECTION ( 'NONE',  ( 0.000000000000000000, -1.000000000000000000, 0.000000000000000000 ) ) ;
#4857 =( GEOMETRIC_REPRESENTATION_CONTEXT ( 3 ) GLOBAL_UNCERTAINTY_ASSIGNED_CONTEXT ( ( #3387 ) ) GLOBAL_UNIT_ASSIGNED_CONTEXT ( ( #81, #2705, #3111 ) ) REPRESENTATION_CONTEXT ( 'NONE', 'WORKASPACE' ) );
#4858 = CYLINDRICAL_SURFACE ( 'NONE', #4427, 3.249999999999988898 ) ;
#4859 = DIRECTION ( 'NONE',  ( 0.000000000000000000, 1.000000000000000000, 0.000000000000000000 ) ) ;
#4860 = DIRECTION ( 'NONE',  ( 0.000000000000000000, 0.000000000000000000, 1.000000000000000000 ) ) ;
#4861 = FACE_BOUND ( 'NONE', #1456, .T. ) ;
#4862 = ORIENTED_EDGE ( 'NONE', *, *, #3238, .F. ) ;
#4863 = CARTESIAN_POINT ( 'NONE',  ( 45.50000000000112266, -1.040949779275264931E-16, -977.5000000000051159 ) ) ;
#4864 = CARTESIAN_POINT ( 'NONE',  ( 45.50000000000029132, 0.000000000000000000, -1060.000000000002501 ) ) ;
#4865 = SURFACE_STYLE_FILL_AREA ( #3244 ) ;
#4866 = FACE_OUTER_BOUND ( 'NONE', #652, .T. ) ;
#4867 = ORIENTED_EDGE ( 'NONE', *, *, #3214, .T. ) ;
#4868 = EDGE_CURVE ( 'NONE', #971, #1989, #1787, .T. ) ;
#4869 = EDGE_LOOP ( 'NONE', ( #3678, #2257, #3277, #572 ) ) ;
#4870 = DIRECTION ( 'NONE',  ( -0.000000000000000000, 1.000000000000000000, -0.000000000000000000 ) ) ;
#4871 = UNCERTAINTY_MEASURE_WITH_UNIT (LENGTH_MEASURE( 1.000000000000000082E-05 ), #2612, 'distance_accuracy_value', 'NONE');
#4873 = EDGE_LOOP ( 'NONE', ( #1824, #4688, #425, #1058 ) ) ;
#4872 = SURFACE_STYLE_USAGE ( .BOTH. , #2843 ) ;
#4874 = EDGE_CURVE ( 'NONE', #2045, #206, #191, .T. ) ;
#4875 =( NAMED_UNIT ( * ) PLANE_ANGLE_UNIT ( ) SI_UNIT ( $, .RADIAN. ) );
#4876 = ORIENTED_EDGE ( 'NONE', *, *, #5308, .T. ) ;
#4877 = CARTESIAN_POINT ( 'NONE',  ( -56.99999999999977263, 3.000000000000113687, 2050.000000000000455 ) ) ;
#4878 = PRESENTATION_LAYER_ASSIGNMENT (  '', '', ( #3470 ) ) ;
#4879 = DIRECTION ( 'NONE',  ( -0.000000000000000000, 1.000000000000000000, -0.000000000000000000 ) ) ;
#4880 = SURFACE_STYLE_USAGE ( .BOTH. , #1923 ) ;
#4881 = CARTESIAN_POINT ( 'NONE',  ( -45.50000000000062528, 0.000000000000000000, -1157.499999999999318 ) ) ;
#4882 = EDGE_CURVE ( 'NONE', #4722, #3474, #897, .T. ) ;
#4883 = DIRECTION ( 'NONE',  ( 0.000000000000000000, -1.000000000000000000, 0.000000000000000000 ) ) ;
#4884 = DIRECTION ( 'NONE',  ( 0.000000000000000000, 0.000000000000000000, 1.000000000000000000 ) ) ;
#4885 = ORIENTED_EDGE ( 'NONE', *, *, #5156, .T. ) ;
#4886 = CARTESIAN_POINT ( 'NONE',  ( -57.00000000000011369, 26.75000000000053646, 2.305278258258320331E-15 ) ) ;
#4887 =( LENGTH_UNIT ( ) NAMED_UNIT ( * ) SI_UNIT ( .MILLI., .METRE. ) );
#4888 = AXIS2_PLACEMENT_3D ( 'NONE', #3135, #1835, #4816 ) ;
#4889 = DIRECTION ( 'NONE',  ( 0.000000000000000000, 0.000000000000000000, 1.000000000000000000 ) ) ;
#4890 =( NAMED_UNIT ( * ) SI_UNIT ( $, .STERADIAN. ) SOLID_ANGLE_UNIT ( ) );
#4891 = FACE_BOUND ( 'NONE', #2844, .T. ) ;
#4892 = EDGE_LOOP ( 'NONE', ( #2962, #3870, #3993, #1078 ) ) ;
#4893 = DIRECTION ( 'NONE',  ( 0.000000000000000000, 0.000000000000000000, -1.000000000000000000 ) ) ;
#4894 =( NAMED_UNIT ( * ) PLANE_ANGLE_UNIT ( ) SI_UNIT ( $, .RADIAN. ) );
#4895 =( LENGTH_UNIT ( ) NAMED_UNIT ( * ) SI_UNIT ( .MILLI., .METRE. ) );
#4896 = DIRECTION ( 'NONE',  ( 0.000000000000000000, 0.000000000000000000, 1.000000000000000000 ) ) ;
#4897 = ORIENTED_EDGE ( 'NONE', *, *, #3879, .F. ) ;
#4898 =( LENGTH_UNIT ( ) NAMED_UNIT ( * ) SI_UNIT ( .MILLI., .METRE. ) );
#4899 =( GEOMETRIC_REPRESENTATION_CONTEXT ( 3 ) GLOBAL_UNCERTAINTY_ASSIGNED_CONTEXT ( ( #3937 ) ) GLOBAL_UNIT_ASSIGNED_CONTEXT ( ( #4473, #4875, #3656 ) ) REPRESENTATION_CONTEXT ( 'NONE', 'WORKASPACE' ) );
#4900 = VERTEX_POINT ( 'NONE', #1446 ) ;
#4901 = AXIS2_PLACEMENT_3D ( 'NONE', #2490, #3349, #4179 ) ;
#4902 = CARTESIAN_POINT ( 'NONE',  ( -59.99999999999992895, 47.00000000000000000, 2040.000000000000455 ) ) ;
#4903 = EDGE_CURVE ( 'NONE', #3226, #4497, #1892, .T. ) ;
#4904 = CIRCLE ( 'NONE', #2247, 2.499999999999946709 ) ;
#4906 = ORIENTED_EDGE ( 'NONE', *, *, #3717, .T. ) ;
#4905 = CARTESIAN_POINT ( 'NONE',  ( -45.49999999999958078, -3.000000000000000000, -1060.000000000002501 ) ) ;
#4907 = CYLINDRICAL_SURFACE ( 'NONE', #1757, 2.499999999999946709 ) ;
#4908 = CIRCLE ( 'NONE', #1724, 2.499999999999946709 ) ;
#4909 = ADVANCED_FACE ( 'NONE', ( #1354 ), #4750, .F. ) ;
#4910 =( NAMED_UNIT ( * ) SI_UNIT ( $, .STERADIAN. ) SOLID_ANGLE_UNIT ( ) );
#4911 = CARTESIAN_POINT ( 'NONE',  ( 57.00000000000023448, 2.999999999999988898, 2050.000000000000000 ) ) ;
#4912 = DIRECTION ( 'NONE',  ( -3.543264972207944962E-15, -1.000000000000000000, 0.000000000000000000 ) ) ;
#4913 = DIRECTION ( 'NONE',  ( -0.000000000000000000, 1.000000000000000000, -0.000000000000000000 ) ) ;
#4914 = ORIENTED_EDGE ( 'NONE', *, *, #5193, .T. ) ;
#4915 = FACE_OUTER_BOUND ( 'NONE', #1031, .T. ) ;
#4916 = CIRCLE ( 'NONE', #3949, 2.499999999999946709 ) ;
#4917 = EDGE_CURVE ( 'NONE', #2892, #5504, #4920, .T. ) ;
#4918 = SURFACE_STYLE_FILL_AREA ( #633 ) ;
#4919 =( GEOMETRIC_REPRESENTATION_CONTEXT ( 3 ) GLOBAL_UNCERTAINTY_ASSIGNED_CONTEXT ( ( #2394 ) ) GLOBAL_UNIT_ASSIGNED_CONTEXT ( ( #1184, #5434, #4535 ) ) REPRESENTATION_CONTEXT ( 'NONE', 'WORKASPACE' ) );
#4920 = LINE ( 'NONE', #3730, #1537 ) ;
#4921 = CARTESIAN_POINT ( 'NONE',  ( -45.49999999999916866, 0.000000000000000000, -1022.500000000003752 ) ) ;
#4922 = ORIENTED_EDGE ( 'NONE', *, *, #732, .T. ) ;
#4923 =( GEOMETRIC_REPRESENTATION_CONTEXT ( 3 ) GLOBAL_UNCERTAINTY_ASSIGNED_CONTEXT ( ( #4499 ) ) GLOBAL_UNIT_ASSIGNED_CONTEXT ( ( #2427, #2188, #4660 ) ) REPRESENTATION_CONTEXT ( 'NONE', 'WORKASPACE' ) );
#4924 = LINE ( 'NONE', #2802, #1678 ) ;
#4925 = CARTESIAN_POINT ( 'NONE',  ( 57.00000000000039080, 47.00000000000001421, 2050.000000000000000 ) ) ;
#4926 = EDGE_LOOP ( 'NONE', ( #3672, #227, #4989, #2404 ) ) ;
#4927 = FILL_AREA_STYLE ('',( #1973 ) ) ;
#4928 = VECTOR ( 'NONE', #1903, 1000.000000000000000 ) ;
#4929 = ORIENTED_EDGE ( 'NONE', *, *, #3428, .T. ) ;
#4930 = DIRECTION ( 'NONE',  ( -0.000000000000000000, 1.000000000000000000, -0.000000000000000000 ) ) ;
#4931 = COLOUR_RGB ( '',0.5294117647058823595, 0.5490196078431373028, 0.5490196078431373028 ) ;
#4932 = UNCERTAINTY_MEASURE_WITH_UNIT (LENGTH_MEASURE( 1.000000000000000082E-05 ), #1105, 'distance_accuracy_value', 'NONE');
#4934 = ORIENTED_EDGE ( 'NONE', *, *, #4170, .T. ) ;
#4933 =( NAMED_UNIT ( * ) PLANE_ANGLE_UNIT ( ) SI_UNIT ( $, .RADIAN. ) );
#4935 = SURFACE_STYLE_USAGE ( .BOTH. , #1429 ) ;
#4936 =( GEOMETRIC_REPRESENTATION_CONTEXT ( 3 ) GLOBAL_UNCERTAINTY_ASSIGNED_CONTEXT ( ( #1948 ) ) GLOBAL_UNIT_ASSIGNED_CONTEXT ( ( #135, #1838, #3988 ) ) REPRESENTATION_CONTEXT ( 'NONE', 'WORKASPACE' ) );
#4937 = FILL_AREA_STYLE ('',( #619 ) ) ;
#4938 = COLOUR_RGB ( '',0.5294117647058823595, 0.5490196078431373028, 0.5490196078431373028 ) ;
#4939 = CARTESIAN_POINT ( 'NONE',  ( 45.49999999999923261, 0.000000000000000000, -897.5000000000077307 ) ) ;
#4940 = AXIS2_PLACEMENT_3D ( 'NONE', #4388, #3130, #3475 ) ;
#4941 = MECHANICAL_DESIGN_GEOMETRIC_PRESENTATION_REPRESENTATION (  '', ( #2639 ), #3891 ) ;
#4942 = FILL_AREA_STYLE_COLOUR ( '', #1048 ) ;
#4943 = FACE_OUTER_BOUND ( 'NONE', #4500, .T. ) ;
#4944 = CARTESIAN_POINT ( 'NONE',  ( 56.99999999999997158, -2.125958983324766157E-13, -6.945663556496404738E-15 ) ) ;
#4945 = CARTESIAN_POINT ( 'NONE',  ( 60.00000000000026290, 33.24999999999977263, 1450.000000000000227 ) ) ;
#4946 = EDGE_LOOP ( 'NONE', ( #643, #4680, #3551, #4804 ) ) ;
#4947 = VERTEX_POINT ( 'NONE', #2348 ) ;
#4948 = EDGE_CURVE ( 'NONE', #2301, #4845, #4033, .T. ) ;
#4949 = DIRECTION ( 'NONE',  ( 0.000000000000000000, 0.000000000000000000, 1.000000000000000000 ) ) ;
#4950 = CIRCLE ( 'NONE', #3980, 2.499999999999946709 ) ;
#4951 = CARTESIAN_POINT ( 'NONE',  ( -45.50000000000062528, -1.040949779275264931E-16, -797.5000000000110276 ) ) ;
#4952 = VECTOR ( 'NONE', #3378, 1000.000000000000000 ) ;
#4953 = DIRECTION ( 'NONE',  ( 0.000000000000000000, -1.000000000000000000, 0.000000000000000000 ) ) ;
#4954 = FACE_BOUND ( 'NONE', #243, .T. ) ;
#4955 = PRESENTATION_STYLE_ASSIGNMENT (( #4646 ) ) ;
#4956 = EDGE_CURVE ( 'NONE', #1522, #1577, #1905, .T. ) ;
#4957 = CARTESIAN_POINT ( 'NONE',  ( 45.49999999999923261, -1.040949779275264931E-16, -940.0000000000063665 ) ) ;
#4958 = CARTESIAN_POINT ( 'NONE',  ( 45.50000000000132161, -1.040949779275264931E-16, -957.5000000000057980 ) ) ;
#4959 = AXIS2_PLACEMENT_3D ( 'NONE', #192, #748, #3607 ) ;
#4960 = ORIENTED_EDGE ( 'NONE', *, *, #4571, .F. ) ;
#4961 = EDGE_CURVE ( 'NONE', #2526, #1140, #2738, .T. ) ;
#4962 = EDGE_LOOP ( 'NONE', ( #1463, #1060 ) ) ;
#4963 = LINE ( 'NONE', #3742, #4496 ) ;
#4964 = VERTEX_POINT ( 'NONE', #601 ) ;
#4965 = LINE ( 'NONE', #1124, #752 ) ;
#4966 = AXIS2_PLACEMENT_3D ( 'NONE', #2120, #5463, #2463 ) ;
#4967 = CARTESIAN_POINT ( 'NONE',  ( 45.50000000000132161, -3.000000000000000000, -957.5000000000057980 ) ) ;
#4968 = SURFACE_SIDE_STYLE ('',( #2113 ) ) ;
#4969 = DIRECTION ( 'NONE',  ( 1.000000000000000000, -3.543264972207945357E-15, -1.227650459922047927E-16 ) ) ;
#4970 = LINE ( 'NONE', #1151, #5175 ) ;
#4971 = VECTOR ( 'NONE', #4998, 1000.000000000000000 ) ;
#4972 = ORIENTED_EDGE ( 'NONE', *, *, #4182, .T. ) ;
#4973 = EDGE_LOOP ( 'NONE', ( #2175, #3626, #3864, #5425 ) ) ;
#4974 = CARTESIAN_POINT ( 'NONE',  ( 45.50000000000132161, 0.000000000000000000, -957.5000000000057980 ) ) ;
#4975 = PRESENTATION_LAYER_ASSIGNMENT (  '', '', ( #2422 ) ) ;
#4976 = EDGE_CURVE ( 'NONE', #5186, #1801, #4085, .T. ) ;
#4977 = DIRECTION ( 'NONE',  ( 0.000000000000000000, 0.000000000000000000, 1.000000000000000000 ) ) ;
#4978 = FILL_AREA_STYLE_COLOUR ( '', #4931 ) ;
#4979 = FACE_BOUND ( 'NONE', #5095, .T. ) ;
#4980 = FACE_OUTER_BOUND ( 'NONE', #4200, .T. ) ;
#4981 = CIRCLE ( 'NONE', #2150, 2.499999999999946709 ) ;
#4982 = SURFACE_SIDE_STYLE ('',( #2932 ) ) ;
#4983 = ADVANCED_FACE ( 'NONE', ( #2317, #4861, #4024, #3643, #1103, #3611, #4053, #1994, #5327, #5292, #3699, #2825, #4891, #3670, #2023, #4516, #1478, #1507, #635, #3178, #663, #1074, #1043, #1570, #2797, #5355, #2766, #4459, #695, #4110, #4954, #2855, #4537, #2438, #312, #777, #4979, #4230, #1240 ), #4619, .F. ) ;
#4984 = CIRCLE ( 'NONE', #891, 2.499999999999946709 ) ;
#4985 = PRESENTATION_STYLE_ASSIGNMENT (( #700 ) ) ;
#4986 = CARTESIAN_POINT ( 'NONE',  ( -60.00000000000078160, 26.75000000000024158, -249.9999999999999716 ) ) ;
#4987 = ORIENTED_EDGE ( 'NONE', *, *, #181, .F. ) ;
#4988 = CARTESIAN_POINT ( 'NONE',  ( -60.00000000000054001, 33.25000000000022027, 1549.999999999999773 ) ) ;
#4989 = ORIENTED_EDGE ( 'NONE', *, *, #4670, .F. ) ;
#4990 = DIRECTION ( 'NONE',  ( -0.000000000000000000, 1.000000000000000000, -0.000000000000000000 ) ) ;
#4991 = EDGE_CURVE ( 'NONE', #3370, #3594, #2073, .T. ) ;
#4992 = PRESENTATION_LAYER_ASSIGNMENT (  '', '', ( #4374 ) ) ;
#4994 = ORIENTED_EDGE ( 'NONE', *, *, #4744, .T. ) ;
#4993 = DIRECTION ( 'NONE',  ( 0.000000000000000000, 0.000000000000000000, 1.000000000000000000 ) ) ;
#4995 = CARTESIAN_POINT ( 'NONE',  ( -45.50000000000062528, 0.000000000000000000, -842.5000000000095497 ) ) ;
#4996 = CARTESIAN_POINT ( 'NONE',  ( 45.49999999999925393, -1.040949779275264931E-16, -1157.499999999999318 ) ) ;
#4997 = VECTOR ( 'NONE', #1682, 1000.000000000000000 ) ;
#4998 = DIRECTION ( 'NONE',  ( 1.000000000000000000, -3.543264972207945357E-15, -1.227650459922047927E-16 ) ) ;
#4999 = CYLINDRICAL_SURFACE ( 'NONE', #1246, 2.499999999999946709 ) ;
#5000 = CARTESIAN_POINT ( 'NONE',  ( 53.99999999999997868, 3.000000000000289546, -2050.000000000000000 ) ) ;
#5001 =( LENGTH_UNIT ( ) NAMED_UNIT ( * ) SI_UNIT ( .MILLI., .METRE. ) );
#5002 = ADVANCED_BREP_SHAPE_REPRESENTATION ( '202500521_Laufblech Energiekette', ( #1489, #3403 ), #5090 ) ;
#5003 = ORIENTED_EDGE ( 'NONE', *, *, #4676, .T. ) ;
#5004 = EDGE_LOOP ( 'NONE', ( #1972, #4169, #3161, #5408, #296, #187 ) ) ;
#5005 = DIRECTION ( 'NONE',  ( -0.000000000000000000, 1.000000000000000000, -0.000000000000000000 ) ) ;
#5006 = AXIS2_PLACEMENT_3D ( 'NONE', #3996, #1512, #3211 ) ;
#5007 = MECHANICAL_DESIGN_GEOMETRIC_PRESENTATION_REPRESENTATION (  '', ( #4732 ), #3498 ) ;
#5008 = FACE_BOUND ( 'NONE', #2449, .T. ) ;
#5009 = SURFACE_SIDE_STYLE ('',( #1187 ) ) ;
#5010 = SURFACE_STYLE_USAGE ( .BOTH. , #2541 ) ;
#5011 = DIRECTION ( 'NONE',  ( 1.000000000000000000, -3.543264972207944962E-15, -1.218537466052001424E-16 ) ) ;
#5012 = CIRCLE ( 'NONE', #3789, 3.250000000000016875 ) ;
#5013 = FACE_BOUND ( 'NONE', #1795, .T. ) ;
#5014 = EDGE_LOOP ( 'NONE', ( #3487, #2180 ) ) ;
#5015 = LINE ( 'NONE', #4988, #2033 ) ;
#5016 = ORIENTED_EDGE ( 'NONE', *, *, #2344, .F. ) ;
#5017 = COLOUR_RGB ( '',0.5294117647058823595, 0.5490196078431373028, 0.5490196078431373028 ) ;
#5018 = ADVANCED_FACE ( 'NONE', ( #19 ), #4672, .F. ) ;
#5020 = ORIENTED_EDGE ( 'NONE', *, *, #4314, .T. ) ;
#5019 = FILL_AREA_STYLE_COLOUR ( '', #88 ) ;
#5021 = ADVANCED_FACE ( 'NONE', ( #4257 ), #5490, .F. ) ;
#5022 = FILL_AREA_STYLE_COLOUR ( '', #3615 ) ;
#5023 = CIRCLE ( 'NONE', #5478, 2.499999999999946709 ) ;
#5024 = SURFACE_STYLE_USAGE ( .BOTH. , #2967 ) ;
#5025 = LINE ( 'NONE', #4609, #2870 ) ;
#5026 = CIRCLE ( 'NONE', #1288, 2.499999999999946709 ) ;
#5027 = CARTESIAN_POINT ( 'NONE',  ( -45.49999999999854339, -3.000000000000000000, -962.5000000000056843 ) ) ;
#5028 = ORIENTED_EDGE ( 'NONE', *, *, #3267, .T. ) ;
#5029 = ORIENTED_EDGE ( 'NONE', *, *, #673, .F. ) ;
#5030 = CARTESIAN_POINT ( 'NONE',  ( -45.50000000000062528, 0.000000000000000000, -880.0000000000082991 ) ) ;
#5031 = AXIS2_PLACEMENT_3D ( 'NONE', #865, #3061, #967 ) ;
#5032 = FILL_AREA_STYLE ('',( #3373 ) ) ;
#5033 = LINE ( 'NONE', #4562, #4997 ) ;
#5034 = CYLINDRICAL_SURFACE ( 'NONE', #2558, 3.250000000000020428 ) ;
#5035 = AXIS2_PLACEMENT_3D ( 'NONE', #783, #2080, #5471 ) ;
#5036 = DIRECTION ( 'NONE',  ( 0.000000000000000000, -1.000000000000000000, 0.000000000000000000 ) ) ;
#5037 = VECTOR ( 'NONE', #1625, 1000.000000000000000 ) ;
#5038 = PRESENTATION_STYLE_ASSIGNMENT (( #2152 ) ) ;
#5039 = FACE_BOUND ( 'NONE', #4730, .T. ) ;
#5040 = ORIENTED_EDGE ( 'NONE', *, *, #1628, .F. ) ;
#5041 = FILL_AREA_STYLE_COLOUR ( '', #3174 ) ;
#5042 = ORIENTED_EDGE ( 'NONE', *, *, #2922, .T. ) ;
#5043 = ORIENTED_EDGE ( 'NONE', *, *, #543, .T. ) ;
#5044 = UNCERTAINTY_MEASURE_WITH_UNIT (LENGTH_MEASURE( 1.000000000000000082E-05 ), #3448, 'distance_accuracy_value', 'NONE');
#5045 = EDGE_CURVE ( 'NONE', #4364, #658, #5033, .T. ) ;
#5047 = ORIENTED_EDGE ( 'NONE', *, *, #1636, .T. ) ;
#5046 = CARTESIAN_POINT ( 'NONE',  ( 45.49999999999923261, -3.000000000000000000, -880.0000000000082991 ) ) ;
#5048 = DIRECTION ( 'NONE',  ( -0.000000000000000000, 1.000000000000000000, -0.000000000000000000 ) ) ;
#5049 = EDGE_CURVE ( 'NONE', #770, #199, #4470, .T. ) ;
#5050 = CYLINDRICAL_SURFACE ( 'NONE', #5237, 3.249999999999992450 ) ;
#5051 = DIRECTION ( 'NONE',  ( 4.270088556250579808E-15, 1.000000000000000000, 0.000000000000000000 ) ) ;
#5052 = ORIENTED_EDGE ( 'NONE', *, *, #2777, .F. ) ;
#5053 = ORIENTED_EDGE ( 'NONE', *, *, #1100, .T. ) ;
#5054 = DIRECTION ( 'NONE',  ( -1.000000000000000000, 3.543264972207944962E-15, 1.227650459922047927E-16 ) ) ;
#5055 = SURFACE_STYLE_USAGE ( .BOTH. , #3752 ) ;
#5056 = ADVANCED_FACE ( 'NONE', ( #2465 ), #1188, .F. ) ;
#5057 = COLOUR_RGB ( '',0.5294117647058823595, 0.5490196078431373028, 0.5490196078431373028 ) ;
#5058 =( NAMED_UNIT ( * ) SI_UNIT ( $, .STERADIAN. ) SOLID_ANGLE_UNIT ( ) );
#5059 = FILL_AREA_STYLE_COLOUR ( '', #3775 ) ;
#5060 = ORIENTED_EDGE ( 'NONE', *, *, #2928, .T. ) ;
#5061 = SURFACE_SIDE_STYLE ('',( #2904 ) ) ;
#5062 = DIRECTION ( 'NONE',  ( -4.270088556250579808E-15, -1.000000000000000000, 0.000000000000000000 ) ) ;
#5063 = AXIS2_PLACEMENT_3D ( 'NONE', #2112, #4608, #1178 ) ;
#5064 = CARTESIAN_POINT ( 'NONE',  ( 45.49999999999965894, 0.000000000000000000, -1120.000000000000455 ) ) ;
#5065 = ORIENTED_EDGE ( 'NONE', *, *, #1307, .F. ) ;
#5066 =( NAMED_UNIT ( * ) SI_UNIT ( $, .STERADIAN. ) SOLID_ANGLE_UNIT ( ) );
#5067 = VERTEX_POINT ( 'NONE', #486 ) ;
#5068 = ORIENTED_EDGE ( 'NONE', *, *, #2750, .T. ) ;
#5069 = VECTOR ( 'NONE', #1403, 1000.000000000000000 ) ;
#5071 = ORIENTED_EDGE ( 'NONE', *, *, #1662, .F. ) ;
#5070 = SURFACE_STYLE_USAGE ( .BOTH. , #5503 ) ;
#5072 = STYLED_ITEM ( 'NONE', ( #4406 ), #4514 ) ;
#5073 = DIRECTION ( 'NONE',  ( -0.000000000000000000, 1.000000000000000000, -0.000000000000000000 ) ) ;
#5074 = EDGE_CURVE ( 'NONE', #1236, #3745, #5454, .T. ) ;
#5075 = AXIS2_PLACEMENT_3D ( 'NONE', #3704, #2357, #1999 ) ;
#5076 = FACE_OUTER_BOUND ( 'NONE', #3963, .T. ) ;
#5077 = CARTESIAN_POINT ( 'NONE',  ( 53.99999999999997868, 3.000000000000289546, -2050.000000000000000 ) ) ;
#5078 = ORIENTED_EDGE ( 'NONE', *, *, #3943, .T. ) ;
#5079 = DIRECTION ( 'NONE',  ( 0.000000000000000000, 0.000000000000000000, -1.000000000000000000 ) ) ;
#5080 = CIRCLE ( 'NONE', #3318, 3.249999999999988898 ) ;
#5081 = DIRECTION ( 'NONE',  ( 0.000000000000000000, -1.000000000000000000, 0.000000000000000000 ) ) ;
#5082 = ADVANCED_FACE ( 'NONE', ( #2625 ), #1808, .F. ) ;
#5083 = AXIS2_PLACEMENT_3D ( 'NONE', #1988, #4817, #1438 ) ;
#5084 = DIRECTION ( 'NONE',  ( 0.000000000000000000, -1.000000000000000000, 0.000000000000000000 ) ) ;
#5085 = DIRECTION ( 'NONE',  ( -0.000000000000000000, 1.000000000000000000, -0.000000000000000000 ) ) ;
#5086 = ORIENTED_EDGE ( 'NONE', *, *, #393, .T. ) ;
#5087 = CARTESIAN_POINT ( 'NONE',  ( 57.00000000000027711, 33.24999999999980105, 1549.999999999999773 ) ) ;
#5088 = FILL_AREA_STYLE ('',( #3757 ) ) ;
#5089 = EDGE_CURVE ( 'NONE', #196, #470, #2648, .T. ) ;
#5090 =( GEOMETRIC_REPRESENTATION_CONTEXT ( 3 ) GLOBAL_UNCERTAINTY_ASSIGNED_CONTEXT ( ( #4123 ) ) GLOBAL_UNIT_ASSIGNED_CONTEXT ( ( #3502, #126, #1002 ) ) REPRESENTATION_CONTEXT ( 'NONE', 'WORKASPACE' ) );
#5091 = CYLINDRICAL_SURFACE ( 'NONE', #3362, 2.499999999999946709 ) ;
#5092 = ORIENTED_EDGE ( 'NONE', *, *, #3537, .T. ) ;
#5093 =( LENGTH_UNIT ( ) NAMED_UNIT ( * ) SI_UNIT ( .MILLI., .METRE. ) );
#5094 = DIRECTION ( 'NONE',  ( -0.000000000000000000, 1.000000000000000000, -0.000000000000000000 ) ) ;
#5095 = EDGE_LOOP ( 'NONE', ( #5149, #2993 ) ) ;
#5097 = ORIENTED_EDGE ( 'NONE', *, *, #4882, .T. ) ;
#5096 = DIRECTION ( 'NONE',  ( -1.000000000000000000, -3.614007241618043876E-15, 0.000000000000000000 ) ) ;
#5098 = DIRECTION ( 'NONE',  ( 0.000000000000000000, 0.000000000000000000, 1.000000000000000000 ) ) ;
#5099 = AXIS2_PLACEMENT_3D ( 'NONE', #2537, #746, #409 ) ;
#5100 = CARTESIAN_POINT ( 'NONE',  ( -45.50000000000000000, -3.000000000000000000, -1100.000000000001137 ) ) ;
#5101 = AXIS2_PLACEMENT_3D ( 'NONE', #4070, #1891, #1954 ) ;
#5102 = UNCERTAINTY_MEASURE_WITH_UNIT (LENGTH_MEASURE( 1.000000000000000082E-05 ), #1416, 'distance_accuracy_value', 'NONE');
#5103 = PRESENTATION_STYLE_ASSIGNMENT (( #4302 ) ) ;
#5104 = CARTESIAN_POINT ( 'NONE',  ( -45.50000000000062528, -1.040949779275264931E-16, -940.0000000000063665 ) ) ;
#5105 = CARTESIAN_POINT ( 'NONE',  ( 45.49999999999923261, -1.040949779275264931E-16, -900.0000000000077307 ) ) ;
#5106 = ORIENTED_EDGE ( 'NONE', *, *, #2020, .T. ) ;
#5107 = LINE ( 'NONE', #4283, #3352 ) ;
#5108 = FILL_AREA_STYLE ('',( #4668 ) ) ;
#5109 = DIRECTION ( 'NONE',  ( -0.000000000000000000, 1.000000000000000000, -0.000000000000000000 ) ) ;
#5110 = CARTESIAN_POINT ( 'NONE',  ( 45.49999999999923261, -3.000000000000000000, -900.0000000000077307 ) ) ;
#5111 = EDGE_CURVE ( 'NONE', #40, #5333, #1543, .T. ) ;
#5112 = CARTESIAN_POINT ( 'NONE',  ( -60.00000000000054712, 30.00000000000023093, 1549.999999999999773 ) ) ;
#5113 = ORIENTED_EDGE ( 'NONE', *, *, #144, .F. ) ;
#5114 = DIRECTION ( 'NONE',  ( -0.000000000000000000, 1.000000000000000000, -0.000000000000000000 ) ) ;
#5115 = DIRECTION ( 'NONE',  ( 0.000000000000000000, 0.000000000000000000, 1.000000000000000000 ) ) ;
#5116 = AXIS2_PLACEMENT_3D ( 'NONE', #1672, #2945, #3791 ) ;
#5117 =( GEOMETRIC_REPRESENTATION_CONTEXT ( 3 ) GLOBAL_UNCERTAINTY_ASSIGNED_CONTEXT ( ( #3445 ) ) GLOBAL_UNIT_ASSIGNED_CONTEXT ( ( #4136, #3755, #325 ) ) REPRESENTATION_CONTEXT ( 'NONE', 'WORKASPACE' ) );
#5118 = SURFACE_STYLE_FILL_AREA ( #2907 ) ;
#5119 = CIRCLE ( 'NONE', #1751, 2.499999999999946709 ) ;
#5120 = VECTOR ( 'NONE', #284, 1000.000000000000000 ) ;
#5121 = ADVANCED_FACE ( 'NONE', ( #882 ), #982, .T. ) ;
#5122 = FACE_BOUND ( 'NONE', #4291, .T. ) ;
#5123 = VERTEX_POINT ( 'NONE', #5167 ) ;
#5124 = ORIENTED_EDGE ( 'NONE', *, *, #789, .F. ) ;
#5125 = AXIS2_PLACEMENT_3D ( 'NONE', #1883, #545, #3064 ) ;
#5126 = PRESENTATION_LAYER_ASSIGNMENT (  '', '', ( #4079 ) ) ;
#5127 = ADVANCED_FACE ( 'NONE', ( #2699 ), #76, .F. ) ;
#5128 = VERTEX_POINT ( 'NONE', #3004 ) ;
#5129 =( GEOMETRIC_REPRESENTATION_CONTEXT ( 3 ) GLOBAL_UNCERTAINTY_ASSIGNED_CONTEXT ( ( #709 ) ) GLOBAL_UNIT_ASSIGNED_CONTEXT ( ( #5206, #945, #2629 ) ) REPRESENTATION_CONTEXT ( 'NONE', 'WORKASPACE' ) );
#5130 =( NAMED_UNIT ( * ) PLANE_ANGLE_UNIT ( ) SI_UNIT ( $, .RADIAN. ) );
#5131 = AXIS2_PLACEMENT_3D ( 'NONE', #1740, #5094, #941 ) ;
#5132 = CYLINDRICAL_SURFACE ( 'NONE', #2813, 2.499999999999946709 ) ;
#5133 = PRESENTATION_LAYER_ASSIGNMENT (  '', '', ( #2046 ) ) ;
#5134 =( NAMED_UNIT ( * ) PLANE_ANGLE_UNIT ( ) SI_UNIT ( $, .RADIAN. ) );
#5135 = ORIENTED_EDGE ( 'NONE', *, *, #2828, .T. ) ;
#5136 = DIRECTION ( 'NONE',  ( -4.270088556250621618E-15, -1.000000000000000000, 0.000000000000000000 ) ) ;
#5137 =( NAMED_UNIT ( * ) PLANE_ANGLE_UNIT ( ) SI_UNIT ( $, .RADIAN. ) );
#5138 = PLANE ( 'NONE',  #3753 ) ;
#5139 = LINE ( 'NONE', #3508, #4629 ) ;
#5140 = DIRECTION ( 'NONE',  ( -8.326672684687973545E-14, -1.000000000000000000, 0.000000000000000000 ) ) ;
#5141 = FILL_AREA_STYLE ('',( #1376 ) ) ;
#5142 = DIRECTION ( 'NONE',  ( -0.000000000000000000, 1.000000000000000000, -0.000000000000000000 ) ) ;
#5143 = EDGE_CURVE ( 'NONE', #889, #5186, #4904, .T. ) ;
#5144 =( GEOMETRIC_REPRESENTATION_CONTEXT ( 3 ) GLOBAL_UNCERTAINTY_ASSIGNED_CONTEXT ( ( #1145 ) ) GLOBAL_UNIT_ASSIGNED_CONTEXT ( ( #48, #2198, #1777 ) ) REPRESENTATION_CONTEXT ( 'NONE', 'WORKASPACE' ) );
#5145 = CARTESIAN_POINT ( 'NONE',  ( -59.99999999999994316, 33.25000000000022027, 1549.999999999999773 ) ) ;
#5146 = ORIENTED_EDGE ( 'NONE', *, *, #3228, .T. ) ;
#5147 = DIRECTION ( 'NONE',  ( 0.000000000000000000, 0.000000000000000000, 1.000000000000000000 ) ) ;
#5148 = AXIS2_PLACEMENT_3D ( 'NONE', #214, #590, #1035 ) ;
#5149 = ORIENTED_EDGE ( 'NONE', *, *, #5185, .F. ) ;
#5150 = ADVANCED_FACE ( 'NONE', ( #460 ), #4702, .T. ) ;
#5151 = VECTOR ( 'NONE', #4576, 1000.000000000000000 ) ;
#5152 = UNCERTAINTY_MEASURE_WITH_UNIT (LENGTH_MEASURE( 1.000000000000000082E-05 ), #110, 'distance_accuracy_value', 'NONE');
#5153 = ORIENTED_EDGE ( 'NONE', *, *, #868, .F. ) ;
#5154 = EDGE_LOOP ( 'NONE', ( #2660, #4337 ) ) ;
#5155 = VECTOR ( 'NONE', #905, 1000.000000000000000 ) ;
#5156 = EDGE_CURVE ( 'NONE', #3449, #5201, #901, .T. ) ;
#5158 = ORIENTED_EDGE ( 'NONE', *, *, #4265, .F. ) ;
#5157 = DIRECTION ( 'NONE',  ( -1.218537466052000191E-16, -3.046343665130003559E-17, -1.000000000000000000 ) ) ;
#5159 = FACE_OUTER_BOUND ( 'NONE', #3376, .T. ) ;
#5160 = VERTEX_POINT ( 'NONE', #932 ) ;
#5161 = CARTESIAN_POINT ( 'NONE',  ( -45.50000000000041211, -1.040949779275264931E-16, -1142.499999999999773 ) ) ;
#5162 = CARTESIAN_POINT ( 'NONE',  ( -57.00000000000015632, 30.00000000000022027, -249.9999999999999716 ) ) ;
#5163 = PRESENTATION_STYLE_ASSIGNMENT (( #3453 ) ) ;
#5164 =( LENGTH_UNIT ( ) NAMED_UNIT ( * ) SI_UNIT ( .MILLI., .METRE. ) );
#5165 = DIRECTION ( 'NONE',  ( 0.000000000000000000, 0.000000000000000000, 1.000000000000000000 ) ) ;
#5166 = AXIS2_PLACEMENT_3D ( 'NONE', #2654, #3058, #4398 ) ;
#5167 = CARTESIAN_POINT ( 'NONE',  ( 56.99999999999985079, 33.24999999999980815, -2034.999999999999318 ) ) ;
#5168 = ORIENTED_EDGE ( 'NONE', *, *, #3710, .F. ) ;
#5169 = PRESENTATION_STYLE_ASSIGNMENT (( #4770 ) ) ;
#5170 =( LENGTH_UNIT ( ) NAMED_UNIT ( * ) SI_UNIT ( .MILLI., .METRE. ) );
#5171 = VECTOR ( 'NONE', #716, 1000.000000000000000 ) ;
#5172 = DIRECTION ( 'NONE',  ( 0.000000000000000000, 0.000000000000000000, -1.000000000000000000 ) ) ;
#5173 = ORIENTED_EDGE ( 'NONE', *, *, #1863, .T. ) ;
#5174 = EDGE_CURVE ( 'NONE', #3978, #4778, #4336, .T. ) ;
#5175 = VECTOR ( 'NONE', #5430, 1000.000000000000000 ) ;
#5176 = CARTESIAN_POINT ( 'NONE',  ( 45.50000000000049027, 0.000000000000000000, -1037.500000000003183 ) ) ;
#5177 = ORIENTED_EDGE ( 'NONE', *, *, #5331, .T. ) ;
#5178 = DIRECTION ( 'NONE',  ( -1.000000000000000000, 3.543264972207945357E-15, 0.000000000000000000 ) ) ;
#5179 = EDGE_CURVE ( 'NONE', #4016, #4143, #5250, .T. ) ;
#5180 = VERTEX_POINT ( 'NONE', #4422 ) ;
#5181 = AXIS2_PLACEMENT_3D ( 'NONE', #4203, #1648, #4949 ) ;
#5182 = CARTESIAN_POINT ( 'NONE',  ( 45.50000000000049027, -3.000000000000000000, -1037.500000000003183 ) ) ;
#5184 = EDGE_LOOP ( 'NONE', ( #265, #3137 ) ) ;
#5183 = FILL_AREA_STYLE ('',( #3528 ) ) ;
#5185 = EDGE_CURVE ( 'NONE', #3474, #4722, #2609, .T. ) ;
#5186 = VERTEX_POINT ( 'NONE', #3603 ) ;
#5187 = CARTESIAN_POINT ( 'NONE',  ( 57.00000000000005684, 29.99999999999981881, -250.0000000000000000 ) ) ;
#5188 = CARTESIAN_POINT ( 'NONE',  ( 56.99999999999985079, 29.99999999999981881, -1934.999999999999545 ) ) ;
#5189 = STYLED_ITEM ( 'NONE', ( #1862 ), #491 ) ;
#5190 = LINE ( 'NONE', #956, #5513 ) ;
#5191 = CYLINDRICAL_SURFACE ( 'NONE', #526, 2.499999999999946709 ) ;
#5192 = AXIS2_PLACEMENT_3D ( 'NONE', #2663, #613, #4034 ) ;
#5193 = EDGE_CURVE ( 'NONE', #3594, #2055, #3692, .T. ) ;
#5194 = CARTESIAN_POINT ( 'NONE',  ( 45.49999999999923261, -3.000000000000000000, -882.5000000000082991 ) ) ;
#5195 =( NAMED_UNIT ( * ) SI_UNIT ( $, .STERADIAN. ) SOLID_ANGLE_UNIT ( ) );
#5196 = ORIENTED_EDGE ( 'NONE', *, *, #2524, .T. ) ;
#5197 = DIRECTION ( 'NONE',  ( -0.000000000000000000, 1.000000000000000000, -0.000000000000000000 ) ) ;
#5198 = AXIS2_PLACEMENT_3D ( 'NONE', #2022, #1993, #776 ) ;
#5199 = CARTESIAN_POINT ( 'NONE',  ( 45.49999999999923261, -1.040949779275264931E-16, -840.0000000000096634 ) ) ;
#5200 = DIRECTION ( 'NONE',  ( 0.000000000000000000, -7.228014483236689653E-17, -1.000000000000000000 ) ) ;
#5201 = VERTEX_POINT ( 'NONE', #2817 ) ;
#5202 = CARTESIAN_POINT ( 'NONE',  ( 45.49999999999923261, 0.000000000000000000, -820.0000000000102318 ) ) ;
#5203 = CARTESIAN_POINT ( 'NONE',  ( -45.49999999999937472, -1.040949779275264931E-16, -1037.500000000003183 ) ) ;
#5204 = VERTEX_POINT ( 'NONE', #4015 ) ;
#5205 = AXIS2_PLACEMENT_3D ( 'NONE', #2411, #4490, #2288 ) ;
#5206 =( LENGTH_UNIT ( ) NAMED_UNIT ( * ) SI_UNIT ( .MILLI., .METRE. ) );
#5207 = ORIENTED_EDGE ( 'NONE', *, *, #5221, .F. ) ;
#5208 = LINE ( 'NONE', #2263, #2822 ) ;
#5209 = ORIENTED_EDGE ( 'NONE', *, *, #5336, .F. ) ;
#5210 = AXIS2_PLACEMENT_3D ( 'NONE', #1830, #4330, #155 ) ;
#5211 =( GEOMETRIC_REPRESENTATION_CONTEXT ( 3 ) GLOBAL_UNCERTAINTY_ASSIGNED_CONTEXT ( ( #2778 ) ) GLOBAL_UNIT_ASSIGNED_CONTEXT ( ( #4365, #513, #2598 ) ) REPRESENTATION_CONTEXT ( 'NONE', 'WORKASPACE' ) );
#5212 = EDGE_CURVE ( 'NONE', #3129, #4134, #817, .T. ) ;
#5213 = UNCERTAINTY_MEASURE_WITH_UNIT (LENGTH_MEASURE( 1.000000000000000082E-05 ), #4887, 'distance_accuracy_value', 'NONE');
#5214 = STYLED_ITEM ( 'NONE', ( #4567 ), #2859 ) ;
#5215 = CIRCLE ( 'NONE', #1849, 2.499999999999946709 ) ;
#5217 = ORIENTED_EDGE ( 'NONE', *, *, #1485, .T. ) ;
#5216 = DIRECTION ( 'NONE',  ( 0.000000000000000000, 0.000000000000000000, 1.000000000000000000 ) ) ;
#5218 = EDGE_LOOP ( 'NONE', ( #4751, #505, #4825, #2388 ) ) ;
#5219 = DIRECTION ( 'NONE',  ( -0.000000000000000000, 1.000000000000000000, -0.000000000000000000 ) ) ;
#5220 = PRESENTATION_LAYER_ASSIGNMENT (  '', '', ( #2748 ) ) ;
#5221 = EDGE_CURVE ( 'NONE', #4213, #3472, #4451, .T. ) ;
#5222 =( LENGTH_UNIT ( ) NAMED_UNIT ( * ) SI_UNIT ( .MILLI., .METRE. ) );
#5223 = SURFACE_STYLE_USAGE ( .BOTH. , #2200 ) ;
#5224 = CARTESIAN_POINT ( 'NONE',  ( -45.50000000000062528, 0.000000000000000000, -1162.499999999999091 ) ) ;
#5225 = ORIENTED_EDGE ( 'NONE', *, *, #4002, .T. ) ;
#5226 = DIRECTION ( 'NONE',  ( -1.000000000000000000, 3.543264972207944962E-15, 1.227650459922047927E-16 ) ) ;
#5227 = DIRECTION ( 'NONE',  ( -0.000000000000000000, 1.000000000000000000, -0.000000000000000000 ) ) ;
#5228 = EDGE_CURVE ( 'NONE', #4776, #728, #1442, .T. ) ;
#5229 = FACE_OUTER_BOUND ( 'NONE', #263, .T. ) ;
#5230 = LINE ( 'NONE', #2796, #2906 ) ;
#5231 = DIRECTION ( 'NONE',  ( 0.000000000000000000, -1.000000000000000000, 0.000000000000000000 ) ) ;
#5232 = ORIENTED_EDGE ( 'NONE', *, *, #2539, .F. ) ;
#5233 = SURFACE_STYLE_FILL_AREA ( #5356 ) ;
#5234 = VERTEX_POINT ( 'NONE', #1927 ) ;
#5235 = ORIENTED_EDGE ( 'NONE', *, *, #805, .T. ) ;
#5236 = DIRECTION ( 'NONE',  ( -0.000000000000000000, 1.000000000000000000, -0.000000000000000000 ) ) ;
#5237 = AXIS2_PLACEMENT_3D ( 'NONE', #331, #353, #4554 ) ;
#5238 = FILL_AREA_STYLE ('',( #4833 ) ) ;
#5239 = VERTEX_POINT ( 'NONE', #4853 ) ;
#5240 = DIRECTION ( 'NONE',  ( 0.000000000000000000, 0.000000000000000000, -1.000000000000000000 ) ) ;
#5241 = ORIENTED_EDGE ( 'NONE', *, *, #445, .T. ) ;
#5242 = FACE_OUTER_BOUND ( 'NONE', #348, .T. ) ;
#5243 = VECTOR ( 'NONE', #2939, 1000.000000000000000 ) ;
#5244 = ORIENTED_EDGE ( 'NONE', *, *, #4360, .T. ) ;
#5245 = CIRCLE ( 'NONE', #3308, 10.00000000000000178 ) ;
#5246 = ORIENTED_EDGE ( 'NONE', *, *, #3150, .T. ) ;
#5247 = SURFACE_SIDE_STYLE ('',( #3950 ) ) ;
#5248 = FACE_BOUND ( 'NONE', #4443, .T. ) ;
#5249 = LINE ( 'NONE', #2249, #4540 ) ;
#5250 = LINE ( 'NONE', #218, #109 ) ;
#5251 = EDGE_LOOP ( 'NONE', ( #1646, #5497, #1749, #3940 ) ) ;
#5252 = CARTESIAN_POINT ( 'NONE',  ( -45.49999999999874944, -1.040949779275264931E-16, -980.0000000000051159 ) ) ;
#5253 = EDGE_CURVE ( 'NONE', #1398, #3034, #186, .T. ) ;
#5254 = MECHANICAL_DESIGN_GEOMETRIC_PRESENTATION_REPRESENTATION (  '', ( #182 ), #367 ) ;
#5255 = SURFACE_STYLE_USAGE ( .BOTH. , #2792 ) ;
#5256 = AXIS2_PLACEMENT_3D ( 'NONE', #5104, #3587, #4279 ) ;
#5257 = SURFACE_STYLE_USAGE ( .BOTH. , #3575 ) ;
#5258 = FACE_OUTER_BOUND ( 'NONE', #4973, .T. ) ;
#5259 = PRESENTATION_STYLE_ASSIGNMENT (( #1413 ) ) ;
#5260 = CARTESIAN_POINT ( 'NONE',  ( -60.00000000000076739, 33.25000000000019895, -349.9999999999996589 ) ) ;
#5261 = ORIENTED_EDGE ( 'NONE', *, *, #2820, .F. ) ;
#5262 = LINE ( 'NONE', #4431, #3447 ) ;
#5263 = EDGE_CURVE ( 'NONE', #280, #919, #2880, .T. ) ;
#5264 = CARTESIAN_POINT ( 'NONE',  ( 45.50000000000049027, 0.000000000000000000, -1040.000000000003183 ) ) ;
#5265 =( LENGTH_UNIT ( ) NAMED_UNIT ( * ) SI_UNIT ( .MILLI., .METRE. ) );
#5266 = PRESENTATION_LAYER_ASSIGNMENT (  '', '', ( #13 ) ) ;
#5267 = CARTESIAN_POINT ( 'NONE',  ( -45.49999999999937472, -1.040949779275264931E-16, -1040.000000000003183 ) ) ;
#5268 = CIRCLE ( 'NONE', #1343, 2.499999999999946709 ) ;
#5269 = EDGE_LOOP ( 'NONE', ( #1013, #4788 ) ) ;
#5270 = ORIENTED_EDGE ( 'NONE', *, *, #4272, .T. ) ;
#5271 =( NAMED_UNIT ( * ) PLANE_ANGLE_UNIT ( ) SI_UNIT ( $, .RADIAN. ) );
#5272 = UNCERTAINTY_MEASURE_WITH_UNIT (LENGTH_MEASURE( 1.000000000000000082E-05 ), #902, 'distance_accuracy_value', 'NONE');
#5274 = ORIENTED_EDGE ( 'NONE', *, *, #1409, .T. ) ;
#5273 =( NAMED_UNIT ( * ) PLANE_ANGLE_UNIT ( ) SI_UNIT ( $, .RADIAN. ) );
#5275 = COLOUR_RGB ( '',0.5294117647058823595, 0.5490196078431373028, 0.5490196078431373028 ) ;
#5276 = ORIENTED_EDGE ( 'NONE', *, *, #615, .F. ) ;
#5277 = LINE ( 'NONE', #2398, #581 ) ;
#5278 = DIRECTION ( 'NONE',  ( -1.000000000000000000, 0.000000000000000000, 1.218537466052001177E-16 ) ) ;
#5279 = MECHANICAL_DESIGN_GEOMETRIC_PRESENTATION_REPRESENTATION (  '', ( #1460 ), #1272 ) ;
#5280 = CARTESIAN_POINT ( 'NONE',  ( 60.00000000000038369, 47.00000000000000000, 2040.000000000000000 ) ) ;
#5281 = DIRECTION ( 'NONE',  ( -0.000000000000000000, 1.000000000000000000, -0.000000000000000000 ) ) ;
#5282 = FACE_OUTER_BOUND ( 'NONE', #4869, .T. ) ;
#5283 = DIRECTION ( 'NONE',  ( 0.000000000000000000, 0.000000000000000000, 1.000000000000000000 ) ) ;
#5284 = ORIENTED_EDGE ( 'NONE', *, *, #3364, .F. ) ;
#5285 = DIRECTION ( 'NONE',  ( 0.000000000000000000, 0.000000000000000000, -1.000000000000000000 ) ) ;
#5286 = VECTOR ( 'NONE', #4879, 1000.000000000000000 ) ;
#5287 = MECHANICAL_DESIGN_GEOMETRIC_PRESENTATION_REPRESENTATION (  '', ( #3155 ), #555 ) ;
#5288 = EDGE_CURVE ( 'NONE', #3332, #3034, #2432, .T. ) ;
#5289 = CARTESIAN_POINT ( 'NONE',  ( -45.50000000000062528, -1.040949779275264931E-16, -862.5000000000089813 ) ) ;
#5290 = CYLINDRICAL_SURFACE ( 'NONE', #47, 2.499999999999946709 ) ;
#5291 = FACE_OUTER_BOUND ( 'NONE', #3798, .T. ) ;
#5292 = FACE_OUTER_BOUND ( 'NONE', #1928, .T. ) ;
#5293 = VERTEX_POINT ( 'NONE', #1958 ) ;
#5294 = CYLINDRICAL_SURFACE ( 'NONE', #5205, 3.249999999999992450 ) ;
#5296 = ORIENTED_EDGE ( 'NONE', *, *, #3404, .T. ) ;
#5295 = FILL_AREA_STYLE_COLOUR ( '', #3165 ) ;
#5297 = EDGE_LOOP ( 'NONE', ( #2641, #5328 ) ) ;
#5298 =( GEOMETRIC_REPRESENTATION_CONTEXT ( 3 ) GLOBAL_UNCERTAINTY_ASSIGNED_CONTEXT ( ( #648 ) ) GLOBAL_UNIT_ASSIGNED_CONTEXT ( ( #3557, #5271, #1856 ) ) REPRESENTATION_CONTEXT ( 'NONE', 'WORKASPACE' ) );
#5299 = EDGE_CURVE ( 'NONE', #2183, #3621, #2162, .T. ) ;
#5300 = CARTESIAN_POINT ( 'NONE',  ( -60.00000000000078160, 26.75000000000024158, -249.9999999999999716 ) ) ;
#5301 = MECHANICAL_DESIGN_GEOMETRIC_PRESENTATION_REPRESENTATION (  '', ( #837 ), #4832 ) ;
#5302 = SURFACE_STYLE_FILL_AREA ( #1913 ) ;
#5303 = EDGE_LOOP ( 'NONE', ( #5153, #756 ) ) ;
#5304 = PLANE ( 'NONE',  #3351 ) ;
#5305 = VERTEX_POINT ( 'NONE', #1561 ) ;
#5306 = FILL_AREA_STYLE_COLOUR ( '', #3716 ) ;
#5307 = AXIS2_PLACEMENT_3D ( 'NONE', #4112, #1703, #3874 ) ;
#5308 = EDGE_CURVE ( 'NONE', #2742, #610, #3596, .T. ) ;
#5310 = VERTEX_POINT ( 'NONE', #2730 ) ;
#5309 = FILL_AREA_STYLE_COLOUR ( '', #3303 ) ;
#5311 = AXIS2_PLACEMENT_3D ( 'NONE', #711, #4376, #170 ) ;
#5312 = FILL_AREA_STYLE_COLOUR ( '', #4648 ) ;
#5313 = ORIENTED_EDGE ( 'NONE', *, *, #2928, .F. ) ;
#5314 = LINE ( 'NONE', #4877, #2197 ) ;
#5315 = CYLINDRICAL_SURFACE ( 'NONE', #316, 2.499999999999946709 ) ;
#5316 = AXIS2_PLACEMENT_3D ( 'NONE', #3735, #5390, #344 ) ;
#5317 = CIRCLE ( 'NONE', #3363, 2.499999999999946709 ) ;
#5318 = SURFACE_STYLE_FILL_AREA ( #2786 ) ;
#5319 = DIRECTION ( 'NONE',  ( 0.000000000000000000, -1.000000000000000000, 0.000000000000000000 ) ) ;
#5320 = DIRECTION ( 'NONE',  ( 1.000000000000000000, -3.543264972207945357E-15, -1.227650459922047927E-16 ) ) ;
#5321 = DIRECTION ( 'NONE',  ( -8.326672684687973545E-14, -1.000000000000000000, -7.228014483236088146E-17 ) ) ;
#5322 = ORIENTED_EDGE ( 'NONE', *, *, #2375, .T. ) ;
#5323 = CIRCLE ( 'NONE', #2567, 2.499999999999946709 ) ;
#5324 = CARTESIAN_POINT ( 'NONE',  ( -45.49999999999958078, -3.000000000000000000, -1062.500000000002501 ) ) ;
#5325 =( NAMED_UNIT ( * ) PLANE_ANGLE_UNIT ( ) SI_UNIT ( $, .RADIAN. ) );
#5326 = CARTESIAN_POINT ( 'NONE',  ( 45.50000000000029132, -1.040949779275264931E-16, -1057.500000000002501 ) ) ;
#5327 = FACE_BOUND ( 'NONE', #2934, .T. ) ;
#5328 = ORIENTED_EDGE ( 'NONE', *, *, #737, .F. ) ;
#5329 = FACE_OUTER_BOUND ( 'NONE', #4926, .T. ) ;
#5330 = SURFACE_SIDE_STYLE ('',( #1910 ) ) ;
#5331 = EDGE_CURVE ( 'NONE', #2390, #1718, #458, .T. ) ;
#5332 = PRESENTATION_STYLE_ASSIGNMENT (( #4465 ) ) ;
#5333 = VERTEX_POINT ( 'NONE', #4507 ) ;
#5334 = CARTESIAN_POINT ( 'NONE',  ( 45.49999999999923261, -1.040949779275264931E-16, -820.0000000000102318 ) ) ;
#5335 = EDGE_LOOP ( 'NONE', ( #4342, #1990, #1915, #5313 ) ) ;
#5336 = EDGE_CURVE ( 'NONE', #4350, #470, #294, .T. ) ;
#5337 = CARTESIAN_POINT ( 'NONE',  ( -45.50000000000062528, -1.040949779275264931E-16, -897.5000000000077307 ) ) ;
#5338 = AXIS2_PLACEMENT_3D ( 'NONE', #2846, #2365, #3259 ) ;
#5340 = ORIENTED_EDGE ( 'NONE', *, *, #3258, .T. ) ;
#5339 =( LENGTH_UNIT ( ) NAMED_UNIT ( * ) SI_UNIT ( .MILLI., .METRE. ) );
#5341 = ORIENTED_EDGE ( 'NONE', *, *, #1941, .F. ) ;
#5342 = CARTESIAN_POINT ( 'NONE',  ( -45.49999999999937472, 0.000000000000000000, -1042.500000000003183 ) ) ;
#5343 = EDGE_CURVE ( 'NONE', #219, #5128, #5268, .T. ) ;
#5344 = CIRCLE ( 'NONE', #1317, 2.499999999999946709 ) ;
#5345 = PLANE ( 'NONE',  #4575 ) ;
#5346 = CIRCLE ( 'NONE', #1783, 2.499999999999946709 ) ;
#5347 = DIRECTION ( 'NONE',  ( 0.000000000000000000, 0.000000000000000000, 1.000000000000000000 ) ) ;
#5348 = CARTESIAN_POINT ( 'NONE',  ( 57.00000000000039080, 47.00000000000001421, 2040.000000000000000 ) ) ;
#5349 = DIRECTION ( 'NONE',  ( 0.000000000000000000, -1.000000000000000000, 0.000000000000000000 ) ) ;
#5350 = DIRECTION ( 'NONE',  ( 0.000000000000000000, -1.000000000000000000, 0.000000000000000000 ) ) ;
#5351 = VERTEX_POINT ( 'NONE', #4945 ) ;
#5352 = DIRECTION ( 'NONE',  ( -0.000000000000000000, 1.000000000000000000, -0.000000000000000000 ) ) ;
#5353 = CARTESIAN_POINT ( 'NONE',  ( -45.50000000000062528, -1.040949779275264931E-16, -922.5000000000069349 ) ) ;
#5354 = AXIS2_PLACEMENT_3D ( 'NONE', #4785, #5375, #1468 ) ;
#5355 = FACE_BOUND ( 'NONE', #1701, .T. ) ;
#5356 = FILL_AREA_STYLE ('',( #4517 ) ) ;
#5357 = FACE_OUTER_BOUND ( 'NONE', #1418, .T. ) ;
#5358 = VECTOR ( 'NONE', #3416, 1000.000000000000000 ) ;
#5359 = EDGE_CURVE ( 'NONE', #1718, #2216, #3634, .T. ) ;
#5360 = DIRECTION ( 'NONE',  ( 1.218537466052001424E-16, -0.000000000000000000, 1.000000000000000000 ) ) ;
#5361 = ORIENTED_EDGE ( 'NONE', *, *, #3326, .F. ) ;
#5362 =( NAMED_UNIT ( * ) PLANE_ANGLE_UNIT ( ) SI_UNIT ( $, .RADIAN. ) );
#5363 = ORIENTED_EDGE ( 'NONE', *, *, #2306, .T. ) ;
#5364 =( GEOMETRIC_REPRESENTATION_CONTEXT ( 3 ) GLOBAL_UNCERTAINTY_ASSIGNED_CONTEXT ( ( #4756 ) ) GLOBAL_UNIT_ASSIGNED_CONTEXT ( ( #2255, #226, #1135 ) ) REPRESENTATION_CONTEXT ( 'NONE', 'WORKASPACE' ) );
#5365 = LINE ( 'NONE', #2866, #4061 ) ;
#5366 = AXIS2_PLACEMENT_3D ( 'NONE', #3028, #906, #4787 ) ;
#5367 = EDGE_CURVE ( 'NONE', #3843, #4526, #3201, .T. ) ;
#5368 = ORIENTED_EDGE ( 'NONE', *, *, #4405, .T. ) ;
#5369 = DIRECTION ( 'NONE',  ( 0.000000000000000000, -1.000000000000000000, 0.000000000000000000 ) ) ;
#5370 = CIRCLE ( 'NONE', #4560, 2.499999999999946709 ) ;
#5371 = LINE ( 'NONE', #2920, #1564 ) ;
#5372 = AXIS2_PLACEMENT_3D ( 'NONE', #3733, #2051, #5062 ) ;
#5373 = EDGE_CURVE ( 'NONE', #335, #3913, #1345, .T. ) ;
#5374 = CARTESIAN_POINT ( 'NONE',  ( -56.99999999999990052, 37.00000000000001421, 2040.000000000000455 ) ) ;
#5375 = DIRECTION ( 'NONE',  ( -1.000000000000000000, 3.543264972207944962E-15, 1.218537466052001424E-16 ) ) ;
#5376 = PLANE ( 'NONE',  #803 ) ;
#5377 = DIRECTION ( 'NONE',  ( -1.000000000000000000, -3.491481338843133355E-15, 1.218537466052001177E-16 ) ) ;
#5378 = ORIENTED_EDGE ( 'NONE', *, *, #1790, .F. ) ;
#5379 = ORIENTED_EDGE ( 'NONE', *, *, #2614, .F. ) ;
#5380 = VECTOR ( 'NONE', #5197, 1000.000000000000000 ) ;
#5381 = EDGE_CURVE ( 'NONE', #2397, #5293, #4908, .T. ) ;
#5382 =( LENGTH_UNIT ( ) NAMED_UNIT ( * ) SI_UNIT ( .MILLI., .METRE. ) );
#5383 = FILL_AREA_STYLE_COLOUR ( '', #3261 ) ;
#5384 = FILL_AREA_STYLE_COLOUR ( '', #4273 ) ;
#5385 = CARTESIAN_POINT ( 'NONE',  ( -45.50000000000041211, 0.000000000000000000, -1137.500000000000000 ) ) ;
#5386 = FILL_AREA_STYLE ('',( #4231 ) ) ;
#5387 = FACE_OUTER_BOUND ( 'NONE', #3418, .T. ) ;
#5388 = EDGE_LOOP ( 'NONE', ( #2633, #523 ) ) ;
#5389 = AXIS2_PLACEMENT_3D ( 'NONE', #2634, #5073, #68 ) ;
#5390 = DIRECTION ( 'NONE',  ( -0.000000000000000000, 1.000000000000000000, -0.000000000000000000 ) ) ;
#5391 = CARTESIAN_POINT ( 'NONE',  ( -45.50000000000062528, 0.000000000000000000, -862.5000000000089813 ) ) ;
#5392 = ORIENTED_EDGE ( 'NONE', *, *, #707, .F. ) ;
#5393 = MECHANICAL_DESIGN_GEOMETRIC_PRESENTATION_REPRESENTATION (  '', ( #1279 ), #4829 ) ;
#5394 = LINE ( 'NONE', #2031, #1922 ) ;
#5395 = VECTOR ( 'NONE', #2489, 1000.000000000000000 ) ;
#5396 = PRODUCT_DEFINITION_CONTEXT ( 'detailed design', #1122, 'design' ) ;
#5398 = VERTEX_POINT ( 'NONE', #4585 ) ;
#5397 = PRESENTATION_STYLE_ASSIGNMENT (( #5070 ) ) ;
#5399 = AXIS2_PLACEMENT_3D ( 'NONE', #5252, #2372, #1440 ) ;
#5400 = PRESENTATION_STYLE_ASSIGNMENT (( #4846 ) ) ;
#5401 = STYLED_ITEM ( 'NONE', ( #448 ), #1202 ) ;
#5402 = LINE ( 'NONE', #4939, #4661 ) ;
#5403 = ADVANCED_FACE ( 'NONE', ( #305 ), #1181, .F. ) ;
#5404 = MECHANICAL_DESIGN_GEOMETRIC_PRESENTATION_REPRESENTATION (  '', ( #1934 ), #2108 ) ;
#5405 =( NAMED_UNIT ( * ) PLANE_ANGLE_UNIT ( ) SI_UNIT ( $, .RADIAN. ) );
#5406 = FACE_BOUND ( 'NONE', #2774, .T. ) ;
#5407 = PRESENTATION_STYLE_ASSIGNMENT (( #3315 ) ) ;
#5408 = ORIENTED_EDGE ( 'NONE', *, *, #3677, .F. ) ;
#5409 = AXIS2_PLACEMENT_3D ( 'NONE', #3520, #2260, #3552 ) ;
#5410 = EDGE_CURVE ( 'NONE', #4147, #3973, #5370, .T. ) ;
#5411 = DIRECTION ( 'NONE',  ( 0.000000000000000000, -1.000000000000000000, 0.000000000000000000 ) ) ;
#5412 = AXIS2_PLACEMENT_3D ( 'NONE', #2520, #3327, #2492 ) ;
#5413 = CIRCLE ( 'NONE', #4155, 2.499999999999946709 ) ;
#5414 = CARTESIAN_POINT ( 'NONE',  ( 45.50000000000070344, 0.000000000000000000, -1022.500000000003752 ) ) ;
#5415 = DIRECTION ( 'NONE',  ( 1.000000000000000000, -0.000000000000000000, -0.000000000000000000 ) ) ;
#5416 = CARTESIAN_POINT ( 'NONE',  ( -45.49999999999937472, -3.000000000000000000, -1042.500000000003183 ) ) ;
#5417 = DIRECTION ( 'NONE',  ( 1.000000000000000000, -3.543264972207945357E-15, -1.227650459922047927E-16 ) ) ;
#5418 = CARTESIAN_POINT ( 'NONE',  ( 45.49999999999923261, -3.000000000000000000, -860.0000000000089813 ) ) ;
#5419 = EDGE_CURVE ( 'NONE', #4964, #971, #4557, .T. ) ;
#5420 = FILL_AREA_STYLE ('',( #3759 ) ) ;
#5421 = ORIENTED_EDGE ( 'NONE', *, *, #3727, .F. ) ;
#5422 = ORIENTED_EDGE ( 'NONE', *, *, #2753, .T. ) ;
#5423 = DIRECTION ( 'NONE',  ( -0.000000000000000000, 1.000000000000000000, -0.000000000000000000 ) ) ;
#5425 = ORIENTED_EDGE ( 'NONE', *, *, #3609, .T. ) ;
#5424 = FACE_OUTER_BOUND ( 'NONE', #736, .T. ) ;
#5426 = CIRCLE ( 'NONE', #4966, 2.499999999999946709 ) ;
#5427 = CARTESIAN_POINT ( 'NONE',  ( 60.00000000000002132, 26.74999999999979750, -349.9999999999996589 ) ) ;
#5428 = CYLINDRICAL_SURFACE ( 'NONE', #4366, 2.499999999999946709 ) ;
#5429 = DIRECTION ( 'NONE',  ( 0.000000000000000000, 0.000000000000000000, -1.000000000000000000 ) ) ;
#5430 = DIRECTION ( 'NONE',  ( -0.000000000000000000, 1.000000000000000000, -0.000000000000000000 ) ) ;
#5431 = COLOUR_RGB ( '',0.5294117647058823595, 0.5490196078431373028, 0.5490196078431373028 ) ;
#5432 = VERTEX_POINT ( 'NONE', #3343 ) ;
#5433 = ORIENTED_EDGE ( 'NONE', *, *, #3756, .T. ) ;
#5434 =( NAMED_UNIT ( * ) PLANE_ANGLE_UNIT ( ) SI_UNIT ( $, .RADIAN. ) );
#5435 =( GEOMETRIC_REPRESENTATION_CONTEXT ( 3 ) GLOBAL_UNCERTAINTY_ASSIGNED_CONTEXT ( ( #3038 ) ) GLOBAL_UNIT_ASSIGNED_CONTEXT ( ( #3143, #600, #2552 ) ) REPRESENTATION_CONTEXT ( 'NONE', 'WORKASPACE' ) );
#5436 = DIRECTION ( 'NONE',  ( -4.270088556250579808E-15, 1.000000000000000000, 0.000000000000000000 ) ) ;
#5437 = EDGE_CURVE ( 'NONE', #270, #4213, #3133, .T. ) ;
#5438 = CARTESIAN_POINT ( 'NONE',  ( 59.99999999999988631, 47.00000000000000000, -2039.999999999999091 ) ) ;
#5439 = DIRECTION ( 'NONE',  ( 0.000000000000000000, 0.000000000000000000, 1.000000000000000000 ) ) ;
#5440 = CIRCLE ( 'NONE', #1425, 6.000000000000251354 ) ;
#5441 = CARTESIAN_POINT ( 'NONE',  ( -45.50000000000062528, -3.000000000000000000, -862.5000000000089813 ) ) ;
#5442 = PRESENTATION_LAYER_ASSIGNMENT (  '', '', ( #3578 ) ) ;
#5443 = DIRECTION ( 'NONE',  ( -0.000000000000000000, 1.000000000000000000, -0.000000000000000000 ) ) ;
#5444 = ADVANCED_FACE ( 'NONE', ( #356 ), #3820, .F. ) ;
#5445 = FACE_BOUND ( 'NONE', #2342, .T. ) ;
#5446 = ORIENTED_EDGE ( 'NONE', *, *, #4840, .F. ) ;
#5447 = CARTESIAN_POINT ( 'NONE',  ( 57.00000000000035527, 37.00000000000001421, 2050.000000000000000 ) ) ;
#5448 = ORIENTED_EDGE ( 'NONE', *, *, #2229, .F. ) ;
#5449 = VECTOR ( 'NONE', #4250, 1000.000000000000000 ) ;
#5450 = UNCERTAINTY_MEASURE_WITH_UNIT (LENGTH_MEASURE( 1.000000000000000082E-05 ), #338, 'distance_accuracy_value', 'NONE');
#5451 = AXIS2_PLACEMENT_3D ( 'NONE', #911, #5200, #5231 ) ;
#5452 = ORIENTED_EDGE ( 'NONE', *, *, #1057, .T. ) ;
#5453 = CYLINDRICAL_SURFACE ( 'NONE', #1099, 2.499999999999946709 ) ;
#5454 = CIRCLE ( 'NONE', #2442, 2.499999999999946709 ) ;
#5455 = CARTESIAN_POINT ( 'NONE',  ( 45.49999999999987210, 0.000000000000000000, -1102.500000000001137 ) ) ;
#5456 = DIRECTION ( 'NONE',  ( -0.000000000000000000, 1.000000000000000000, -0.000000000000000000 ) ) ;
#5457 = CARTESIAN_POINT ( 'NONE',  ( -60.00000000000076739, 33.25000000000019895, -349.9999999999996589 ) ) ;
#5458 =( GEOMETRIC_REPRESENTATION_CONTEXT ( 3 ) GLOBAL_UNCERTAINTY_ASSIGNED_CONTEXT ( ( #521 ) ) GLOBAL_UNIT_ASSIGNED_CONTEXT ( ( #5001, #1211, #4199 ) ) REPRESENTATION_CONTEXT ( 'NONE', 'WORKASPACE' ) );
#5459 = ORIENTED_EDGE ( 'NONE', *, *, #2129, .F. ) ;
#5460 = EDGE_LOOP ( 'NONE', ( #3092, #1618 ) ) ;
#5461 = FILL_AREA_STYLE ('',( #1132 ) ) ;
#5462 = STYLED_ITEM ( 'NONE', ( #3299 ), #115 ) ;
#5463 = DIRECTION ( 'NONE',  ( 0.000000000000000000, -1.000000000000000000, 0.000000000000000000 ) ) ;
#5464 = CARTESIAN_POINT ( 'NONE',  ( -45.49999999999958078, -3.000000000000000000, -1060.000000000002501 ) ) ;
#5465 = CARTESIAN_POINT ( 'NONE',  ( -45.50000000000062528, 0.000000000000000000, -920.0000000000070486 ) ) ;
#5466 = CYLINDRICAL_SURFACE ( 'NONE', #3079, 2.499999999999946709 ) ;
#5467 = CARTESIAN_POINT ( 'NONE',  ( 45.50000000000070344, 0.000000000000000000, -1020.000000000003752 ) ) ;
#5468 = EDGE_CURVE ( 'NONE', #3913, #3129, #4970, .T. ) ;
#5469 = FACE_BOUND ( 'NONE', #4637, .T. ) ;
#5470 = EDGE_LOOP ( 'NONE', ( #204, #5207, #924, #4862 ) ) ;
#5471 = DIRECTION ( 'NONE',  ( 0.000000000000000000, 0.000000000000000000, -1.000000000000000000 ) ) ;
#5472 = ORIENTED_EDGE ( 'NONE', *, *, #3522, .F. ) ;
#5473 = ORIENTED_EDGE ( 'NONE', *, *, #1857, .F. ) ;
#5474 = EDGE_CURVE ( 'NONE', #4252, #5123, #642, .T. ) ;
#5475 = CIRCLE ( 'NONE', #661, 2.499999999999946709 ) ;
#5477 = VERTEX_POINT ( 'NONE', #1368 ) ;
#5476 = SURFACE_STYLE_USAGE ( .BOTH. , #3744 ) ;
#5478 = AXIS2_PLACEMENT_3D ( 'NONE', #4158, #4953, #1134 ) ;
#5479 = ADVANCED_FACE ( 'NONE', ( #5159 ), #2193, .F. ) ;
#5480 = CYLINDRICAL_SURFACE ( 'NONE', #273, 2.499999999999946709 ) ;
#5481 = CARTESIAN_POINT ( 'NONE',  ( 45.50000000000092371, 0.000000000000000000, -1000.000000000004434 ) ) ;
#5482 = AXIS2_PLACEMENT_3D ( 'NONE', #1333, #1794, #917 ) ;
#5483 = CYLINDRICAL_SURFACE ( 'NONE', #584, 3.250000000000016875 ) ;
#5484 = ORIENTED_EDGE ( 'NONE', *, *, #4011, .F. ) ;
#5485 = ORIENTED_EDGE ( 'NONE', *, *, #1968, .F. ) ;
#5486 = PLANE ( 'NONE',  #5099 ) ;
#5487 = CIRCLE ( 'NONE', #3074, 2.499999999999946709 ) ;
#5488 = AXIS2_PLACEMENT_3D ( 'NONE', #1303, #2981, #469 ) ;
#5489 = CARTESIAN_POINT ( 'NONE',  ( -57.00000000000035527, 30.00000000000022027, -1934.999999999999545 ) ) ;
#5490 = PLANE ( 'NONE',  #104 ) ;
#5491 = VERTEX_POINT ( 'NONE', #430 ) ;
#5492 = CIRCLE ( 'NONE', #2383, 2.499999999999946709 ) ;
#5493 = SURFACE_SIDE_STYLE ('',( #4595 ) ) ;
#5494 = AXIS2_PLACEMENT_3D ( 'NONE', #2860, #5443, #4059 ) ;
#5495 = AXIS2_PLACEMENT_3D ( 'NONE', #5105, #2994, #2586 ) ;
#5496 = FACE_BOUND ( 'NONE', #2245, .T. ) ;
#5497 = ORIENTED_EDGE ( 'NONE', *, *, #4056, .T. ) ;
#5498 = SURFACE_SIDE_STYLE ('',( #2447 ) ) ;
#5499 = PRODUCT_DEFINITION ( 'UNKNOWN', '', #4285, #5396 ) ;
#5500 = EDGE_LOOP ( 'NONE', ( #4569, #2562 ) ) ;
#5501 = EDGE_LOOP ( 'NONE', ( #1044, #4711, #863, #1213 ) ) ;
#5502 = UNCERTAINTY_MEASURE_WITH_UNIT (LENGTH_MEASURE( 1.000000000000000082E-05 ), #4493, 'distance_accuracy_value', 'NONE');
#5504 = VERTEX_POINT ( 'NONE', #3846 ) ;
#5503 = SURFACE_SIDE_STYLE ('',( #3335 ) ) ;
#5505 = EDGE_CURVE ( 'NONE', #5333, #177, #3532, .T. ) ;
#5506 = LINE ( 'NONE', #427, #3956 ) ;
#5507 = DIRECTION ( 'NONE',  ( -0.000000000000000000, 1.000000000000000000, -0.000000000000000000 ) ) ;
#5508 = ADVANCED_FACE ( 'NONE', ( #10 ), #2587, .F. ) ;
#5509 = CARTESIAN_POINT ( 'NONE',  ( -45.50000000000062528, -1.040949779275264931E-16, -860.0000000000089813 ) ) ;
#5510 = FILL_AREA_STYLE_COLOUR ( '', #4807 ) ;
#5511 = ORIENTED_EDGE ( 'NONE', *, *, #190, .T. ) ;
#5512 = DIRECTION ( 'NONE',  ( 1.000000000000000000, 3.491481338843133355E-15, 0.000000000000000000 ) ) ;
#5513 = VECTOR ( 'NONE', #1434, 1000.000000000000000 ) ;
#5514 = SURFACE_STYLE_FILL_AREA ( #1344 ) ;
#5515 = PRESENTATION_STYLE_ASSIGNMENT (( #1185 ) ) ;
#5516 =( LENGTH_UNIT ( ) NAMED_UNIT ( * ) SI_UNIT ( .MILLI., .METRE. ) );
#5517 = VERTEX_POINT ( 'NONE', #4697 ) ;
#5518 = DIRECTION ( 'NONE',  ( -0.000000000000000000, 1.000000000000000000, -0.000000000000000000 ) ) ;
#5519 = PRESENTATION_LAYER_ASSIGNMENT (  '', '', ( #1410 ) ) ;
#5520 = DIRECTION ( 'NONE',  ( -0.000000000000000000, 1.000000000000000000, -0.000000000000000000 ) ) ;
#5521 = FACE_BOUND ( 'NONE', #4528, .T. ) ;
#5522 = ORIENTED_EDGE ( 'NONE', *, *, #2828, .F. ) ;
#5523 = CARTESIAN_POINT ( 'NONE',  ( 45.50000000000112266, -3.000000000000000000, -977.5000000000051159 ) ) ;
#5524 = CARTESIAN_POINT ( 'NONE',  ( -57.00000000000027001, 2.999999999999988898, -2049.999999999999545 ) ) ;
#5525 = ORIENTED_EDGE ( 'NONE', *, *, #4542, .T. ) ;
#5526 = AXIS2_PLACEMENT_3D ( 'NONE', #1866, #980, #4335 ) ;
ENDSEC;
END-ISO-10303-21;
