ISO-10303-21;
HEADER;
FILE_DESCRIPTION (( 'STEP AP214' ),
    '1' );
FILE_NAME ('202500521_Halteblech Lackierpistole_V1.0.STEP',
    '2026-02-19T14:51:13',
    ( '' ),
    ( '' ),
    'SwSTEP 2.0',
    'SolidWorks 2021',
    '' );
FILE_SCHEMA (( 'AUTOMOTIVE_DESIGN' ));
ENDSEC;

DATA;
#1 = AXIS2_PLACEMENT_3D ( 'NONE', #1879, #2122, #2886 ) ;
#2 = CARTESIAN_POINT ( 'NONE',  ( -3.000000000000002665, 12.36034028235800797, -0.03272907790763260327 ) ) ;
#3 = CARTESIAN_POINT ( 'NONE',  ( 25.00000000000000000, 5.000000000000000888, -7.830000000000021387 ) ) ;
#4 = ORIENTED_EDGE ( 'NONE', *, *, #2402, .T. ) ;
#5 = AXIS2_PLACEMENT_3D ( 'NONE', #2392, #404, #1134 ) ;
#6 = EDGE_CURVE ( 'NONE', #719, #462, #1065, .T. ) ;
#7 = CARTESIAN_POINT ( 'NONE',  ( 18.99999999999999645, 12.00000000000000000, 2.000000000000000000 ) ) ;
#8 = COLOUR_RGB ( '',0.5294117647058823595, 0.5490196078431373028, 0.5490196078431373028 ) ;
#9 = CARTESIAN_POINT ( 'NONE',  ( 25.00000000000000000, -20.00000000000000000, 1.999999999999970468 ) ) ;
#10 = CARTESIAN_POINT ( 'NONE',  ( 23.00000000000000000, -5.000000000000000888, 1.999999999999973577 ) ) ;
#11 = ORIENTED_EDGE ( 'NONE', *, *, #2504, .T. ) ;
#12 = AXIS2_PLACEMENT_3D ( 'NONE', #412, #131, #2645 ) ;
#13 = CARTESIAN_POINT ( 'NONE',  ( 19.52748902484783855, 13.88336098964923870, 1.529096354665130386 ) ) ;
#14 = CARTESIAN_POINT ( 'NONE',  ( 25.00000000000000000, 6.999999999999999112, -7.830000000000027605 ) ) ;
#15 = CIRCLE ( 'NONE', #1328, 2.999999999999999112 ) ;
#16 = CARTESIAN_POINT ( 'NONE',  ( 21.75613121725395160, 10.30926937034777424, -0.1481982908185409675 ) ) ;
#17 = DIRECTION ( 'NONE',  ( 1.000000000000000000, 0.000000000000000000, 0.000000000000000000 ) ) ;
#18 = EDGE_LOOP ( 'NONE', ( #1830, #1067, #2532, #814 ) ) ;
#19 = VECTOR ( 'NONE', #450, 1000.000000000000000 ) ;
#20 = CARTESIAN_POINT ( 'NONE',  ( -20.33333333333333570, 13.26254824486515282, -0.4488804271146852320 ) ) ;
#21 = LINE ( 'NONE', #1793, #667 ) ;
#22 = CARTESIAN_POINT ( 'NONE',  ( 25.00000000000000000, 12.00000000000000000, -30.00000000000003197 ) ) ;
#23 = CARTESIAN_POINT ( 'NONE',  ( 23.00000000000000000, 12.00000000000000000, -30.00000000000003197 ) ) ;
#24 = DIRECTION ( 'NONE',  ( -0.000000000000000000, 0.000000000000000000, 1.000000000000000000 ) ) ;
#25 = ORIENTED_EDGE ( 'NONE', *, *, #1516, .F. ) ;
#26 = FACE_OUTER_BOUND ( 'NONE', #914, .T. ) ;
#27 = ORIENTED_EDGE ( 'NONE', *, *, #559, .T. ) ;
#28 = EDGE_CURVE ( 'NONE', #1692, #3243, #1527, .T. ) ;
#29 = EDGE_CURVE ( 'NONE', #3101, #101, #408, .T. ) ;
#30 = CARTESIAN_POINT ( 'NONE',  ( -19.09957388609569406, 12.78113342829859178, 1.934517459302939058 ) ) ;
#31 = LINE ( 'NONE', #333, #663 ) ;
#32 = ORIENTED_EDGE ( 'NONE', *, *, #3210, .T. ) ;
#33 = CARTESIAN_POINT ( 'NONE',  ( 2.716466935828465434, 16.00071278289964027, -1.905748562681310876 ) ) ;
#34 = CARTESIAN_POINT ( 'NONE',  ( 4.101020514433641573, 0.000000000000000000, 2.000000000000000000 ) ) ;
#35 = ORIENTED_EDGE ( 'NONE', *, *, #1236, .F. ) ;
#36 = CARTESIAN_POINT ( 'NONE',  ( 20.99999999999999645, 12.00000000000000000, 0.000000000000000000 ) ) ;
#37 = CARTESIAN_POINT ( 'NONE',  ( 19.93944360058596388, 13.14212958901705264, -0.3563587132751107056 ) ) ;
#38 = DIRECTION ( 'NONE',  ( -1.000000000000000000, -0.000000000000000000, -0.000000000000000000 ) ) ;
#39 = ORIENTED_EDGE ( 'NONE', *, *, #1340, .F. ) ;
#40 = DIRECTION ( 'NONE',  ( 0.000000000000000000, 0.000000000000000000, -1.000000000000000000 ) ) ;
#41 = ORIENTED_EDGE ( 'NONE', *, *, #1335, .T. ) ;
#42 = CARTESIAN_POINT ( 'NONE',  ( 19.93944360058595677, 14.28425917803409995, 1.287282573449778367 ) ) ;
#43 = B_SPLINE_CURVE_WITH_KNOTS ( 'NONE', 3,
 ( #380, #2386, #2916, #1896, #1409, #1124 ),
 .UNSPECIFIED., .F., .F.,
 ( 4, 2, 4 ),
 ( 0.000000000000000000, 0.5000000000000000000, 1.000000000000000000 ),
 .UNSPECIFIED. ) ;
#44 = CARTESIAN_POINT ( 'NONE',  ( -23.00000000000003197, 11.99999999999999822, 2.000000000000029310 ) ) ;
#45 = DIRECTION ( 'NONE',  ( -0.000000000000000000, -0.000000000000000000, 1.000000000000000000 ) ) ;
#46 = CARTESIAN_POINT ( 'NONE',  ( 20.85861595334727880, 13.48413372647158681, -0.6573629295726900468 ) ) ;
#47 = ORIENTED_EDGE ( 'NONE', *, *, #2701, .T. ) ;
#48 = EDGE_CURVE ( 'NONE', #98, #1223, #772, .T. ) ;
#49 = DIRECTION ( 'NONE',  ( 0.000000000000000000, -1.084202172485504434E-16, 1.000000000000000000 ) ) ;
#50 = EDGE_CURVE ( 'NONE', #2982, #52, #3050, .T. ) ;
#51 = CYLINDRICAL_SURFACE ( 'NONE', #3004, 3.149999999999999911 ) ;
#52 = VERTEX_POINT ( 'NONE', #1298 ) ;
#53 = EDGE_CURVE ( 'NONE', #1025, #308, #31, .T. ) ;
#54 = DIRECTION ( 'NONE',  ( 0.000000000000000000, -1.000000000000000000, 0.000000000000000000 ) ) ;
#55 = ORIENTED_EDGE ( 'NONE', *, *, #3061, .T. ) ;
#56 = VECTOR ( 'NONE', #320, 1000.000000000000000 ) ;
#57 = DIRECTION ( 'NONE',  ( -1.000000000000000000, -0.000000000000000000, 0.000000000000000000 ) ) ;
#58 = FACE_OUTER_BOUND ( 'NONE', #1060, .T. ) ;
#59 = LINE ( 'NONE', #1806, #2377 ) ;
#60 = VECTOR ( 'NONE', #1688, 1000.000000000000000 ) ;
#61 = ORIENTED_EDGE ( 'NONE', *, *, #2977, .T. ) ;
#62 =( GEOMETRIC_REPRESENTATION_CONTEXT ( 3 ) GLOBAL_UNCERTAINTY_ASSIGNED_CONTEXT ( ( #2113 ) ) GLOBAL_UNIT_ASSIGNED_CONTEXT ( ( #1197, #3192, #2887 ) ) REPRESENTATION_CONTEXT ( 'NONE', 'WORKASPACE' ) );
#63 = DIRECTION ( 'NONE',  ( 0.000000000000000000, -1.084202172485504434E-16, 1.000000000000000000 ) ) ;
#64 = CARTESIAN_POINT ( 'NONE',  ( -2.750000000000001776, 6.999999999999997335, 0.000000000000000000 ) ) ;
#65 = CIRCLE ( 'NONE', #1485, 3.150000000000000799 ) ;
#66 = FACE_OUTER_BOUND ( 'NONE', #1787, .T. ) ;
#67 = EDGE_LOOP ( 'NONE', ( #555, #3089, #778, #890, #3204, #2785, #756, #954, #1673, #2340, #830, #1247, #1667, #516, #2081, #1592 ) ) ;
#68 = VECTOR ( 'NONE', #551, 1000.000000000000000 ) ;
#69 = EDGE_CURVE ( 'NONE', #1432, #3028, #109, .T. ) ;
#70 = DIRECTION ( 'NONE',  ( -0.000000000000000000, -0.000000000000000000, 1.000000000000000000 ) ) ;
#71 = ORIENTED_EDGE ( 'NONE', *, *, #2133, .F. ) ;
#72 = CARTESIAN_POINT ( 'NONE',  ( -20.99999999999999645, 12.00000000000000000, -2.000000000000000000 ) ) ;
#73 = AXIS2_PLACEMENT_3D ( 'NONE', #2514, #718, #2469 ) ;
#74 = CARTESIAN_POINT ( 'NONE',  ( 19.22237999305597356, 13.32468179183330292, 1.786213880286951161 ) ) ;
#75 = DIRECTION ( 'NONE',  ( 1.000000000000000000, 0.000000000000000000, -1.370553316539457353E-14 ) ) ;
#76 = EDGE_CURVE ( 'NONE', #2101, #1341, #1847, .T. ) ;
#77 = CARTESIAN_POINT ( 'NONE',  ( -25.00000000000003197, -4.999999999999999112, 2.000000000000023537 ) ) ;
#78 =( GEOMETRIC_REPRESENTATION_CONTEXT ( 3 ) GLOBAL_UNCERTAINTY_ASSIGNED_CONTEXT ( ( #1330 ) ) GLOBAL_UNIT_ASSIGNED_CONTEXT ( ( #2834, #1819, #1558 ) ) REPRESENTATION_CONTEXT ( 'NONE', 'WORKASPACE' ) );
#79 = EDGE_CURVE ( 'NONE', #2290, #1820, #793, .T. ) ;
#80 = ORIENTED_EDGE ( 'NONE', *, *, #1253, .T. ) ;
#81 = LINE ( 'NONE', #2332, #1790 ) ;
#82 = ORIENTED_EDGE ( 'NONE', *, *, #130, .T. ) ;
#83 = CARTESIAN_POINT ( 'NONE',  ( -19.30926937034720581, 13.51226243450268072, 1.703603418365059685 ) ) ;
#84 = ORIENTED_EDGE ( 'NONE', *, *, #1295, .F. ) ;
#85 = ORIENTED_EDGE ( 'NONE', *, *, #635, .F. ) ;
#86 = CARTESIAN_POINT ( 'NONE',  ( 2.500002795412816781, 12.00000000000000000, 0.000000000000000000 ) ) ;
#87 = VERTEX_POINT ( 'NONE', #2337 ) ;
#88 = CARTESIAN_POINT ( 'NONE',  ( -25.00000000000003553, 7.000000000000002665, -7.829999999999968985 ) ) ;
#89 = CARTESIAN_POINT ( 'NONE',  ( -21.74446276275430989, 10.07950010799964247, 1.941569813128328326 ) ) ;
#90 = VERTEX_POINT ( 'NONE', #2560 ) ;
#91 = EDGE_CURVE ( 'NONE', #1187, #2724, #1939, .T. ) ;
#92 = EDGE_CURVE ( 'NONE', #2843, #1845, #1082, .T. ) ;
#93 = ORIENTED_EDGE ( 'NONE', *, *, #622, .F. ) ;
#94 = CARTESIAN_POINT ( 'NONE',  ( -25.00000000000003553, 5.000000000000004441, -7.829999999999968985 ) ) ;
#95 = CARTESIAN_POINT ( 'NONE',  ( -21.66234089591455358, 10.22237999305565559, -0.1068930598557908812 ) ) ;
#96 = FACE_OUTER_BOUND ( 'NONE', #1136, .T. ) ;
#97 = CARTESIAN_POINT ( 'NONE',  ( 19.64557280564410036, 14.02110981908105103, 1.452724416801789875 ) ) ;
#98 = VERTEX_POINT ( 'NONE', #64 ) ;
#99 = DIRECTION ( 'NONE',  ( 0.000000000000000000, 0.000000000000000000, 1.000000000000000000 ) ) ;
#100 = CARTESIAN_POINT ( 'NONE',  ( 23.00000000000000000, -2.000000000000000000, -2.000000000000026201 ) ) ;
#101 = VERTEX_POINT ( 'NONE', #2824 ) ;
#102 = CARTESIAN_POINT ( 'NONE',  ( -4.101020514433641573, 0.000000000000000000, 2.000000000000000000 ) ) ;
#103 = DIRECTION ( 'NONE',  ( -0.000000000000000000, -1.000000000000000000, -0.000000000000000000 ) ) ;
#104 = LINE ( 'NONE', #1257, #2330 ) ;
#105 = CARTESIAN_POINT ( 'NONE',  ( 25.00000000000000000, -5.000000000000000000, -1.000000000000026423 ) ) ;
#106 = ORIENTED_EDGE ( 'NONE', *, *, #224, .F. ) ;
#107 = EDGE_CURVE ( 'NONE', #1926, #2051, #1425, .T. ) ;
#108 = VERTEX_POINT ( 'NONE', #2270 ) ;
#109 = CIRCLE ( 'NONE', #2842, 4.000000000000000000 ) ;
#110 = AXIS2_PLACEMENT_3D ( 'NONE', #2299, #934, #24 ) ;
#111 = CARTESIAN_POINT ( 'NONE',  ( -25.00000000000003553, -16.99999999999999645, -26.99999999999997158 ) ) ;
#112 = EDGE_CURVE ( 'NONE', #2439, #3066, #2272, .T. ) ;
#113 = CARTESIAN_POINT ( 'NONE',  ( 23.76455157037465327, 11.68783980746741769, 0.8911338272036690711 ) ) ;
#114 = ORIENTED_EDGE ( 'NONE', *, *, #2521, .F. ) ;
#115 = CIRCLE ( 'NONE', #1942, 4.000000000000001776 ) ;
#116 = CARTESIAN_POINT ( 'NONE',  ( 20.99999999999999645, 12.00000000000000000, -2.000000000000000000 ) ) ;
#117 = AXIS2_PLACEMENT_3D ( 'NONE', #986, #1758, #1551 ) ;
#118 = CARTESIAN_POINT ( 'NONE',  ( -2.949838655304891422, 12.50512700946394773, 1.974024270367392475 ) ) ;
#119 = ORIENTED_EDGE ( 'NONE', *, *, #2139, .F. ) ;
#120 = FACE_OUTER_BOUND ( 'NONE', #2354, .T. ) ;
#121 = VECTOR ( 'NONE', #1073, 1000.000000000000000 ) ;
#122 = DIRECTION ( 'NONE',  ( 1.000000000000000000, 0.000000000000000000, 0.000000000000000000 ) ) ;
#123 = CIRCLE ( 'NONE', #2798, 2.749999999999999112 ) ;
#124 = CIRCLE ( 'NONE', #2229, 4.000000000000001776 ) ;
#125 = AXIS2_PLACEMENT_3D ( 'NONE', #2573, #1081, #3083 ) ;
#126 = ORIENTED_EDGE ( 'NONE', *, *, #2223, .F. ) ;
#127 = DIRECTION ( 'NONE',  ( 0.000000000000000000, 0.000000000000000000, 1.000000000000000000 ) ) ;
#128 = CARTESIAN_POINT ( 'NONE',  ( -3.000000000000002665, 12.72068056471601594, 1.934541844184733961 ) ) ;
#129 = EDGE_LOOP ( 'NONE', ( #587, #2363, #1358, #1824 ) ) ;
#130 = EDGE_CURVE ( 'NONE', #2689, #1693, #1695, .T. ) ;
#131 = DIRECTION ( 'NONE',  ( 1.000000000000000000, 0.000000000000000000, 0.000000000000000000 ) ) ;
#132 = CARTESIAN_POINT ( 'NONE',  ( -25.00000000000003553, 7.000000000000002665, -7.829999999999968985 ) ) ;
#133 = CARTESIAN_POINT ( 'NONE',  ( 23.00000000000000000, 12.00000000000000000, -27.00000000000002842 ) ) ;
#134 = CARTESIAN_POINT ( 'NONE',  ( 2.500000000000002220, 14.00000000000000000, -1.999999999999998224 ) ) ;
#135 = LINE ( 'NONE', #2138, #1106 ) ;
#136 = CARTESIAN_POINT ( 'NONE',  ( 23.00000000000000000, 12.00000000000000000, -1.999999999999984457 ) ) ;
#137 = ORIENTED_EDGE ( 'NONE', *, *, #1856, .F. ) ;
#138 = CYLINDRICAL_SURFACE ( 'NONE', #166, 2.000000000000001776 ) ;
#139 = LINE ( 'NONE', #1907, #2939 ) ;
#140 = ORIENTED_EDGE ( 'NONE', *, *, #1376, .F. ) ;
#141 = CARTESIAN_POINT ( 'NONE',  ( -18.00000000000000000, 16.00000000000003553, -11.00000000000001243 ) ) ;
#142 = CARTESIAN_POINT ( 'NONE',  ( 22.99999999999998579, -1.000000000000000000, -3.000000000000003553 ) ) ;
#143 = ORIENTED_EDGE ( 'NONE', *, *, #672, .F. ) ;
#144 = CARTESIAN_POINT ( 'NONE',  ( 20.33333333333332860, 13.26254824486515282, -0.4488804271146852320 ) ) ;
#145 = ADVANCED_FACE ( 'NONE', ( #1669 ), #637, .F. ) ;
#146 = CYLINDRICAL_SURFACE ( 'NONE', #1537, 3.000000000000000000 ) ;
#147 = CARTESIAN_POINT ( 'NONE',  ( 22.51226243450789255, 10.30926937034777602, 1.703603418362918287 ) ) ;
#148 = CARTESIAN_POINT ( 'NONE',  ( 22.51226243450789255, 10.30926937034777602, 1.703603418362918287 ) ) ;
#149 = ORIENTED_EDGE ( 'NONE', *, *, #2487, .F. ) ;
#150 = DIRECTION ( 'NONE',  ( -0.000000000000000000, 1.000000000000000000, 0.000000000000000000 ) ) ;
#151 = CARTESIAN_POINT ( 'NONE',  ( -23.76464004823652942, 11.70951525743899246, 0.8944903329307696271 ) ) ;
#152 = EDGE_LOOP ( 'NONE', ( #143, #3013, #379, #1605 ) ) ;
#153 = FACE_BOUND ( 'NONE', #2850, .T. ) ;
#154 = DIRECTION ( 'NONE',  ( -1.000000000000000000, 0.000000000000000000, 0.000000000000000000 ) ) ;
#155 = DIRECTION ( 'NONE',  ( 0.000000000000000000, 1.000000000000000000, 3.391901413832837195E-15 ) ) ;
#156 = ORIENTED_EDGE ( 'NONE', *, *, #991, .F. ) ;
#157 = EDGE_LOOP ( 'NONE', ( #93, #2747, #1480, #2334 ) ) ;
#158 = DIRECTION ( 'NONE',  ( 1.000000000000000000, 0.000000000000000000, 0.000000000000000000 ) ) ;
#159 = AXIS2_PLACEMENT_3D ( 'NONE', #2782, #295, #2505 ) ;
#160 = DIRECTION ( 'NONE',  ( 1.000000000000000000, 0.000000000000000000, 0.000000000000000000 ) ) ;
#161 = CYLINDRICAL_SURFACE ( 'NONE', #2527, 2.749999999999999112 ) ;
#162 = CARTESIAN_POINT ( 'NONE',  ( -22.77743514690326876, 10.45154877154536877, 1.583409471745277575 ) ) ;
#163 = VECTOR ( 'NONE', #2623, 1000.000000000000000 ) ;
#164 = EDGE_CURVE ( 'NONE', #997, #1372, #2867, .T. ) ;
#165 = ADVANCED_FACE ( 'NONE', ( #96 ), #1865, .T. ) ;
#166 = AXIS2_PLACEMENT_3D ( 'NONE', #2364, #2619, #1343 ) ;
#167 = ORIENTED_EDGE ( 'NONE', *, *, #2241, .T. ) ;
#168 = CIRCLE ( 'NONE', #1224, 3.000000000000000000 ) ;
#169 = CARTESIAN_POINT ( 'NONE',  ( -21.74446276275430989, 10.07950010799964247, 1.941569813128328326 ) ) ;
#170 = CARTESIAN_POINT ( 'NONE',  ( 22.65059999222532028, 11.96823498460053692, -0.8649844782715755409 ) ) ;
#171 = PLANE ( 'NONE',  #1370 ) ;
#172 = DIRECTION ( 'NONE',  ( -1.000000000000000000, 0.000000000000000000, 0.000000000000000000 ) ) ;
#173 = LINE ( 'NONE', #1428, #1063 ) ;
#174 = ORIENTED_EDGE ( 'NONE', *, *, #1733, .T. ) ;
#175 = FACE_OUTER_BOUND ( 'NONE', #3052, .T. ) ;
#176 = EDGE_LOOP ( 'NONE', ( #1986, #744, #80, #1887 ) ) ;
#177 = DIRECTION ( 'NONE',  ( -0.000000000000000000, -0.000000000000000000, 1.000000000000000000 ) ) ;
#178 = CARTESIAN_POINT ( 'NONE',  ( -3.000000000000002665, 13.96727092209236787, -1.639659717641992698 ) ) ;
#179 = CARTESIAN_POINT ( 'NONE',  ( -2.500002795412816781, 12.00000000000000000, 2.000000000000000000 ) ) ;
#180 = DIRECTION ( 'NONE',  ( 0.000000000000000000, 0.000000000000000000, -1.000000000000000000 ) ) ;
#181 = EDGE_CURVE ( 'NONE', #308, #2526, #1138, .T. ) ;
#182 = EDGE_LOOP ( 'NONE', ( #1568, #400, #3123, #908 ) ) ;
#183 = EDGE_CURVE ( 'NONE', #2754, #3191, #202, .T. ) ;
#184 = CARTESIAN_POINT ( 'NONE',  ( -20.54124767575923016, 14.65097829404583862, 0.9963921500097553396 ) ) ;
#185 = CARTESIAN_POINT ( 'NONE',  ( 23.00000000000000000, -20.00000000000000000, -1.000000000000028200 ) ) ;
#186 = ORIENTED_EDGE ( 'NONE', *, *, #712, .T. ) ;
#187 = LINE ( 'NONE', #394, #60 ) ;
#188 = CARTESIAN_POINT ( 'NONE',  ( -19.24530182493817421, 12.67212206322542301, -0.1153600122413477591 ) ) ;
#189 = CARTESIAN_POINT ( 'NONE',  ( 21.39056671415345434, 10.09957388609654672, -0.03274127034935642860 ) ) ;
#190 = VERTEX_POINT ( 'NONE', #2410 ) ;
#191 = ORIENTED_EDGE ( 'NONE', *, *, #3232, .T. ) ;
#192 = CARTESIAN_POINT ( 'NONE',  ( 3.000000000000000888, 15.93454184418473218, -1.279319435283984729 ) ) ;
#193 = CARTESIAN_POINT ( 'NONE',  ( -23.00000000000003553, 12.00000000000000355, -26.99999999999997158 ) ) ;
#194 = CARTESIAN_POINT ( 'NONE',  ( -19.40305124952874749, 12.85349342859274557, -0.1911328090518708556 ) ) ;
#195 = DIRECTION ( 'NONE',  ( 1.000000000000000000, 0.000000000000000000, 0.000000000000000000 ) ) ;
#196 = CARTESIAN_POINT ( 'NONE',  ( -2.907087138383158464, 15.98584125429459668, -1.642710761068741032 ) ) ;
#197 = DIRECTION ( 'NONE',  ( 1.000000000000000000, 0.000000000000000000, 0.000000000000000000 ) ) ;
#198 = ORIENTED_EDGE ( 'NONE', *, *, #2873, .T. ) ;
#199 = EDGE_CURVE ( 'NONE', #770, #87, #821, .T. ) ;
#200 = EDGE_CURVE ( 'NONE', #1284, #2945, #464, .T. ) ;
#201 = CARTESIAN_POINT ( 'NONE',  ( -20.86373628266447966, 13.49896723399583465, -0.6738334975884879841 ) ) ;
#202 = B_SPLINE_CURVE_WITH_KNOTS ( 'NONE', 3,
 ( #128, #2096, #1344, #881 ),
 .UNSPECIFIED., .F., .F.,
 ( 4, 4 ),
 ( 0.000000000000000000, 1.000000000000000000 ),
 .UNSPECIFIED. ) ;
#203 = CARTESIAN_POINT ( 'NONE',  ( 23.00000000000000000, -2.000000000000000444, 1.999999999999974021 ) ) ;
#204 = ADVANCED_FACE ( 'NONE', ( #2352 ), #2406, .F. ) ;
#205 = CARTESIAN_POINT ( 'NONE',  ( -18.99999999999999645, 12.00000000000000000, 0.000000000000000000 ) ) ;
#206 = CARTESIAN_POINT ( 'NONE',  ( -25.00000000000003553, 7.000000000000002665, -7.829999999999968985 ) ) ;
#207 = ORIENTED_EDGE ( 'NONE', *, *, #1717, .F. ) ;
#208 = EDGE_LOOP ( 'NONE', ( #805, #941, #2546, #2611, #1140, #2915, #1496, #2570 ) ) ;
#209 = AXIS2_PLACEMENT_3D ( 'NONE', #72, #1071, #1810 ) ;
#210 = AXIS2_PLACEMENT_3D ( 'NONE', #1084, #1033, #1048 ) ;
#211 = CARTESIAN_POINT ( 'NONE',  ( -5.662545274941944319E-16, 4.999999999999998224, 2.000000000000000000 ) ) ;
#212 = CARTESIAN_POINT ( 'NONE',  ( 25.00000000000000000, 12.00000000000000000, -2.775557561562891351E-14 ) ) ;
#213 = VECTOR ( 'NONE', #2314, 1000.000000000000000 ) ;
#214 = FACE_OUTER_BOUND ( 'NONE', #2485, .T. ) ;
#215 = AXIS2_PLACEMENT_3D ( 'NONE', #2745, #1226, #2183 ) ;
#216 = ORIENTED_EDGE ( 'NONE', *, *, #2079, .T. ) ;
#217 = LINE ( 'NONE', #933, #2225 ) ;
#218 = AXIS2_PLACEMENT_3D ( 'NONE', #267, #2263, #2755 ) ;
#219 = AXIS2_PLACEMENT_3D ( 'NONE', #482, #2200, #685 ) ;
#220 = PLANE ( 'NONE',  #3150 ) ;
#221 = DIRECTION ( 'NONE',  ( 0.000000000000000000, 0.000000000000000000, 1.000000000000000000 ) ) ;
#222 = VERTEX_POINT ( 'NONE', #1891 ) ;
#223 = ORIENTED_EDGE ( 'NONE', *, *, #164, .T. ) ;
#224 = EDGE_CURVE ( 'NONE', #2780, #2843, #1882, .T. ) ;
#225 = EDGE_CURVE ( 'NONE', #3066, #1595, #139, .T. ) ;
#226 = CARTESIAN_POINT ( 'NONE',  ( 24.99999999999999645, -2.000000000000001776, -2.000000000000026201 ) ) ;
#227 = PLANE ( 'NONE',  #1419 ) ;
#228 = DIRECTION ( 'NONE',  ( 0.000000000000000000, 0.000000000000000000, 1.000000000000000000 ) ) ;
#229 = PLANE ( 'NONE',  #2055 ) ;
#230 = CARTESIAN_POINT ( 'NONE',  ( -25.00000000000003197, -1.999999999999998224, -1.999999999999970468 ) ) ;
#231 = ORIENTED_EDGE ( 'NONE', *, *, #1092, .T. ) ;
#232 = LINE ( 'NONE', #1243, #1275 ) ;
#233 = ORIENTED_EDGE ( 'NONE', *, *, #2155, .T. ) ;
#234 = CARTESIAN_POINT ( 'NONE',  ( 19.02922921885075169, 12.19894754697499728, -2.436404766011473880E-17 ) ) ;
#235 = CARTESIAN_POINT ( 'NONE',  ( 19.43424671919299129, 13.75061175590237106, 1.596579390110762331 ) ) ;
#236 = CARTESIAN_POINT ( 'NONE',  ( -19.30926937034720581, 13.51226243450268072, 1.703603418365059685 ) ) ;
#237 = LINE ( 'NONE', #669, #3111 ) ;
#238 = ORIENTED_EDGE ( 'NONE', *, *, #2117, .F. ) ;
#239 = EDGE_LOOP ( 'NONE', ( #3221, #888 ) ) ;
#240 = ADVANCED_FACE ( 'NONE', ( #1360 ), #2587, .F. ) ;
#241 = CARTESIAN_POINT ( 'NONE',  ( 2.749999999999998224, 6.999999999999992895, 0.000000000000000000 ) ) ;
#242 = EDGE_CURVE ( 'NONE', #1079, #570, #3136, .T. ) ;
#243 = CARTESIAN_POINT ( 'NONE',  ( 20.99999999999999645, 12.00000000000000000, -2.000000000000000000 ) ) ;
#244 = DIRECTION ( 'NONE',  ( 0.000000000000000000, 0.000000000000000000, 1.000000000000000000 ) ) ;
#245 = B_SPLINE_CURVE_WITH_KNOTS ( 'NONE', 1,
 ( #961, #2720 ),
 .UNSPECIFIED., .F., .F.,
 ( 2, 2 ),
 ( 0.000000000000000000, 1.000000000000000000 ),
 .UNSPECIFIED. ) ;
#246 = FACE_OUTER_BOUND ( 'NONE', #2885, .T. ) ;
#247 = ORIENTED_EDGE ( 'NONE', *, *, #2054, .F. ) ;
#248 = LINE ( 'NONE', #1764, #2379 ) ;
#249 = LINE ( 'NONE', #44, #1588 ) ;
#250 = DIRECTION ( 'NONE',  ( 1.000000000000000000, 0.000000000000000000, -1.370553316539457353E-14 ) ) ;
#251 = ORIENTED_EDGE ( 'NONE', *, *, #2616, .F. ) ;
#252 = CARTESIAN_POINT ( 'NONE',  ( 20.33333333333332860, 13.26254824486515282, -0.4488804271146852320 ) ) ;
#253 = VERTEX_POINT ( 'NONE', #765 ) ;
#254 = CARTESIAN_POINT ( 'NONE',  ( 20.99999999999999645, 12.00000000000000000, -2.000000000000000000 ) ) ;
#255 = CARTESIAN_POINT ( 'NONE',  ( -23.00000000000003553, -19.99999999999999645, -26.99999999999997158 ) ) ;
#256 = DIRECTION ( 'NONE',  ( 0.000000000000000000, 0.000000000000000000, 1.000000000000000000 ) ) ;
#257 = FACE_OUTER_BOUND ( 'NONE', #2516, .T. ) ;
#258 = DIRECTION ( 'NONE',  ( -1.000000000000000000, 0.000000000000000000, 0.000000000000000000 ) ) ;
#259 = VECTOR ( 'NONE', #1869, 1000.000000000000000 ) ;
#260 = PLANE ( 'NONE',  #110 ) ;
#261 = ORIENTED_EDGE ( 'NONE', *, *, #1958, .T. ) ;
#262 = AXIS2_PLACEMENT_3D ( 'NONE', #1193, #2215, #1965 ) ;
#263 = ADVANCED_FACE ( 'NONE', ( #246 ), #1799, .F. ) ;
#264 = EDGE_CURVE ( 'NONE', #1288, #1923, #2466, .T. ) ;
#265 = CARTESIAN_POINT ( 'NONE',  ( 19.07950010799996576, 12.74446276275868328, 1.941569813127502320 ) ) ;
#266 = CIRCLE ( 'NONE', #1213, 2.749999999999999112 ) ;
#267 = CARTESIAN_POINT ( 'NONE',  ( 23.00000000000000000, 4.999999999999999112, -10.58000000000001961 ) ) ;
#268 = EDGE_LOOP ( 'NONE', ( #1050, #2805, #1429, #1968, #633, #732, #2817, #1602 ) ) ;
#269 = VECTOR ( 'NONE', #1381, 1000.000000000000000 ) ;
#270 = DIRECTION ( 'NONE',  ( 1.000000000000000000, 0.000000000000000000, 0.000000000000000000 ) ) ;
#271 = AXIS2_PLACEMENT_3D ( 'NONE', #1133, #160, #3122 ) ;
#272 = DIRECTION ( 'NONE',  ( 1.000000000000000000, -0.000000000000000000, -0.000000000000000000 ) ) ;
#273 = ORIENTED_EDGE ( 'NONE', *, *, #2557, .F. ) ;
#274 = CARTESIAN_POINT ( 'NONE',  ( -23.00000000000003553, -19.99999999999999645, -29.99999999999997158 ) ) ;
#275 = FACE_OUTER_BOUND ( 'NONE', #2252, .T. ) ;
#276 = VERTEX_POINT ( 'NONE', #185 ) ;
#277 = PLANE ( 'NONE',  #209 ) ;
#278 = AXIS2_PLACEMENT_3D ( 'NONE', #1245, #2693, #1738 ) ;
#279 = LINE ( 'NONE', #1239, #2425 ) ;
#280 = CARTESIAN_POINT ( 'NONE',  ( -23.00000000000003553, -16.99999999999999645, -0.9999999999999731326 ) ) ;
#281 = CARTESIAN_POINT ( 'NONE',  ( 20.99999999999999645, 14.27895046688687408, -0.6152632450219239768 ) ) ;
#282 = ORIENTED_EDGE ( 'NONE', *, *, #1146, .T. ) ;
#283 = CARTESIAN_POINT ( 'NONE',  ( -13.89897948556635754, 3.000000000000000000, 2.000000000000000000 ) ) ;
#284 = EDGE_CURVE ( 'NONE', #3208, #2101, #525, .T. ) ;
#285 = EDGE_CURVE ( 'NONE', #1927, #570, #722, .T. ) ;
#286 = ORIENTED_EDGE ( 'NONE', *, *, #200, .T. ) ;
#287 = CARTESIAN_POINT ( 'NONE',  ( -19.91670041155953541, 13.15480231014047874, -0.3611796185142577831 ) ) ;
#288 = ORIENTED_EDGE ( 'NONE', *, *, #971, .F. ) ;
#289 = VERTEX_POINT ( 'NONE', #1686 ) ;
#290 = LINE ( 'NONE', #1300, #2323 ) ;
#291 = DIRECTION ( 'NONE',  ( 0.000000000000000000, 0.000000000000000000, -1.000000000000000000 ) ) ;
#292 = VERTEX_POINT ( 'NONE', #3 ) ;
#293 = DIRECTION ( 'NONE',  ( 0.000000000000000000, 3.469446951953612611E-15, -1.000000000000000000 ) ) ;
#294 = CARTESIAN_POINT ( 'NONE',  ( 19.43219256539402551, 13.74735883599970698, 1.598163069755927923 ) ) ;
#295 = DIRECTION ( 'NONE',  ( -1.000000000000000000, 0.000000000000000000, 5.053215498074302889E-16 ) ) ;
#296 = ORIENTED_EDGE ( 'NONE', *, *, #2543, .F. ) ;
#297 = CARTESIAN_POINT ( 'NONE',  ( -25.00000000000003553, -4.999999999999999112, -0.9999999999999729106 ) ) ;
#298 = CARTESIAN_POINT ( 'NONE',  ( 2.749999999999998224, 6.999999999999992895, 2.000000000000000000 ) ) ;
#299 = EDGE_LOOP ( 'NONE', ( #2968, #2881, #2512, #1470 ) ) ;
#300 = CARTESIAN_POINT ( 'NONE',  ( 19.43219256539402551, 12.87367941799985260, -0.2009184651220360385 ) ) ;
#301 = EDGE_CURVE ( 'NONE', #330, #2027, #2646, .T. ) ;
#302 = CARTESIAN_POINT ( 'NONE',  ( -22.14212958901623196, 10.93944360058315013, -0.3563587132745413832 ) ) ;
#303 = DIRECTION ( 'NONE',  ( 0.000000000000000000, 1.000000000000000000, 0.000000000000000000 ) ) ;
#304 = EDGE_LOOP ( 'NONE', ( #1868, #1512, #822, #1348 ) ) ;
#305 = EDGE_CURVE ( 'NONE', #1595, #289, #3008, .T. ) ;
#306 = EDGE_CURVE ( 'NONE', #997, #1232, #2474, .T. ) ;
#307 = CARTESIAN_POINT ( 'NONE',  ( -25.00000000000003553, -7.449999999999994849, -10.14999999999997193 ) ) ;
#308 = VERTEX_POINT ( 'NONE', #2688 ) ;
#309 = CARTESIAN_POINT ( 'NONE',  ( 24.41842570033030668, 12.00000000000000178, 0.07710513246711242497 ) ) ;
#310 = CARTESIAN_POINT ( 'NONE',  ( 23.00000000000000000, -17.00000000000000000, -30.00000000000003197 ) ) ;
#311 = CARTESIAN_POINT ( 'NONE',  ( 22.38273976288237677, 11.69255690059982200, -0.5544745916520316120 ) ) ;
#312 = VERTEX_POINT ( 'NONE', #2705 ) ;
#313 = VECTOR ( 'NONE', #197, 1000.000000000000000 ) ;
#314 = CYLINDRICAL_SURFACE ( 'NONE', #1886, 3.000000000000000000 ) ;
#315 = AXIS2_PLACEMENT_3D ( 'NONE', #883, #650, #1908 ) ;
#316 = ORIENTED_EDGE ( 'NONE', *, *, #1453, .T. ) ;
#317 = CIRCLE ( 'NONE', #729, 2.000000000000000000 ) ;
#318 = PLANE ( 'NONE',  #1848 ) ;
#319 = ORIENTED_EDGE ( 'NONE', *, *, #1501, .F. ) ;
#320 = DIRECTION ( 'NONE',  ( 0.000000000000000000, -1.000000000000000000, -0.000000000000000000 ) ) ;
#321 = ORIENTED_EDGE ( 'NONE', *, *, #1455, .F. ) ;
#322 = AXIS2_PLACEMENT_3D ( 'NONE', #2656, #1406, #390 ) ;
#323 = DIRECTION ( 'NONE',  ( -0.000000000000000000, -0.000000000000000000, 1.000000000000000000 ) ) ;
#324 = ORIENTED_EDGE ( 'NONE', *, *, #2304, .T. ) ;
#325 = ADVANCED_FACE ( 'NONE', ( #2430 ), #260, .F. ) ;
#326 = ADVANCED_FACE ( 'NONE', ( #1024 ), #2668, .F. ) ;
#327 = CIRCLE ( 'NONE', #278, 3.000000000000000000 ) ;
#328 = DIRECTION ( 'NONE',  ( 1.000000000000000000, 0.000000000000000000, 0.000000000000000000 ) ) ;
#329 = EDGE_LOOP ( 'NONE', ( #25, #2141, #296, #1196 ) ) ;
#330 = VERTEX_POINT ( 'NONE', #547 ) ;
#331 = CARTESIAN_POINT ( 'NONE',  ( -22.77743514690326876, 10.45154877154536877, 1.583409471745277575 ) ) ;
#332 = B_SPLINE_CURVE_WITH_KNOTS ( 'NONE', 3,
 ( #392, #1408, #410, #1361, #1154, #1422, #1173, #2116, #2621, #2197, #3238, #958 ),
 .UNSPECIFIED., .F., .F.,
 ( 4, 2, 2, 2, 2, 4 ),
 ( 0.000000000000000000, 0.2500000000000000000, 0.3750000000000000000, 0.5000000000000000000, 0.7500000000000000000, 1.000000000000000000 ),
 .UNSPECIFIED. ) ;
#333 = CARTESIAN_POINT ( 'NONE',  ( -20.99999999999999645, 12.00000000000000000, 2.000000000000000000 ) ) ;
#334 = ORIENTED_EDGE ( 'NONE', *, *, #920, .T. ) ;
#335 = LINE ( 'NONE', #3071, #1117 ) ;
#336 = ORIENTED_EDGE ( 'NONE', *, *, #2604, .F. ) ;
#337 = CARTESIAN_POINT ( 'NONE',  ( 20.33333333333333215, 13.26254824486515460, -0.4488804271146862868 ) ) ;
#338 = CYLINDRICAL_SURFACE ( 'NONE', #423, 4.000000000000000000 ) ;
#339 = CARTESIAN_POINT ( 'NONE',  ( -21.87530587795115267, 10.43424671919288649, -0.2017103049446043461 ) ) ;
#340 = EDGE_CURVE ( 'NONE', #2685, #1981, #3065, .T. ) ;
#341 = CARTESIAN_POINT ( 'NONE',  ( -25.00000000000000000, 5.000000000000000888, -7.830000000000021387 ) ) ;
#342 = ORIENTED_EDGE ( 'NONE', *, *, #2660, .T. ) ;
#343 = ADVANCED_FACE ( 'NONE', ( #214 ), #931, .F. ) ;
#344 = VERTEX_POINT ( 'NONE', #1222 ) ;
#345 = FACE_OUTER_BOUND ( 'NONE', #1032, .T. ) ;
#346 = CARTESIAN_POINT ( 'NONE',  ( -23.28425917803246037, 10.93944360058315013, 1.287282573450916567 ) ) ;
#347 = CARTESIAN_POINT ( 'NONE',  ( 2.632501948892429056, 12.01856866846085481, -5.257145030777952329E-14 ) ) ;
#348 = CARTESIAN_POINT ( 'NONE',  ( 19.45748642701183684, 13.78634194100764354, 1.578977684617441479 ) ) ;
#349 = EDGE_LOOP ( 'NONE', ( #1860, #2371 ) ) ;
#350 = DIRECTION ( 'NONE',  ( 0.000000000000000000, 0.000000000000000000, -1.000000000000000000 ) ) ;
#351 = CYLINDRICAL_SURFACE ( 'NONE', #3063, 2.999999999999999112 ) ;
#352 = EDGE_LOOP ( 'NONE', ( #495, #2484, #2239, #1898 ) ) ;
#353 = CARTESIAN_POINT ( 'NONE',  ( 2.907087138955622763, 12.35728923980019367, 1.985841254216701435 ) ) ;
#354 = CYLINDRICAL_SURFACE ( 'NONE', #1884, 4.000000000000000000 ) ;
#355 = CARTESIAN_POINT ( 'NONE',  ( -2.965820246679719219, 13.98569336055549073, -1.740236670252939932 ) ) ;
#356 = EDGE_CURVE ( 'NONE', #2991, #1706, #953, .T. ) ;
#357 = ORIENTED_EDGE ( 'NONE', *, *, #2583, .F. ) ;
#358 = CIRCLE ( 'NONE', #2209, 2.000000000000001776 ) ;
#359 = AXIS2_PLACEMENT_3D ( 'NONE', #804, #2818, #1814 ) ;
#360 = CYLINDRICAL_SURFACE ( 'NONE', #2538, 2.750000000000000000 ) ;
#361 = CARTESIAN_POINT ( 'NONE',  ( 2.965818985888590831, 12.51951923838019809, 1.971388080418563948 ) ) ;
#362 = B_SPLINE_CURVE_WITH_KNOTS ( 'NONE', 1,
 ( #3003, #496 ),
 .UNSPECIFIED., .F., .F.,
 ( 2, 2 ),
 ( 0.000000000000000000, 1.000000000000000000 ),
 .UNSPECIFIED. ) ;
#363 = EDGE_LOOP ( 'NONE', ( #1365, #484, #2132, #1273 ) ) ;
#364 = AXIS2_PLACEMENT_3D ( 'NONE', #2422, #912, #2190 ) ;
#365 = DIRECTION ( 'NONE',  ( 1.000000000000000000, 0.000000000000000000, 0.000000000000000000 ) ) ;
#366 = DIRECTION ( 'NONE',  ( 1.000000000000000000, 0.000000000000000000, 0.000000000000000000 ) ) ;
#367 = ORIENTED_EDGE ( 'NONE', *, *, #29, .F. ) ;
#368 = DIRECTION ( 'NONE',  ( -0.000000000000000000, -1.000000000000000000, -0.000000000000000000 ) ) ;
#369 = CIRCLE ( 'NONE', #730, 3.000000000000000000 ) ;
#370 = CARTESIAN_POINT ( 'NONE',  ( -21.39790440123351800, 10.02922990256018387, 2.000000000000000000 ) ) ;
#371 = DIRECTION ( 'NONE',  ( -1.000000000000000000, -0.000000000000000000, -0.000000000000000000 ) ) ;
#372 = VECTOR ( 'NONE', #2739, 1000.000000000000000 ) ;
#373 = VECTOR ( 'NONE', #2056, 1000.000000000000000 ) ;
#374 = VERTEX_POINT ( 'NONE', #2506 ) ;
#375 = EDGE_CURVE ( 'NONE', #2655, #476, #2943, .T. ) ;
#376 = EDGE_CURVE ( 'NONE', #818, #1327, #1715, .T. ) ;
#377 = CARTESIAN_POINT ( 'NONE',  ( -21.77929231950922784, 10.31494652793578659, -0.1552668686295173295 ) ) ;
#378 = CARTESIAN_POINT ( 'NONE',  ( 2.500002795412816781, 12.00000000000566303, 0.000000000000000000 ) ) ;
#379 = ORIENTED_EDGE ( 'NONE', *, *, #521, .F. ) ;
#380 = CARTESIAN_POINT ( 'NONE',  ( -22.70921285016515156, 12.00000000000000000, -0.9614474337664427050 ) ) ;
#381 = CARTESIAN_POINT ( 'NONE',  ( 20.99999999999999645, 0.000000000000000000, 2.000000000000000000 ) ) ;
#382 = EDGE_LOOP ( 'NONE', ( #2220, #1863, #2385, #1337 ) ) ;
#383 = DIRECTION ( 'NONE',  ( 0.000000000000000000, 3.469446951953615372E-15, -1.000000000000000000 ) ) ;
#384 = CARTESIAN_POINT ( 'NONE',  ( 20.70951525743297594, 14.76464004823351139, 0.8944903329338743658 ) ) ;
#385 = DIRECTION ( 'NONE',  ( 1.000000000000000000, 0.000000000000000000, 0.000000000000000000 ) ) ;
#386 = CARTESIAN_POINT ( 'NONE',  ( -22.01055490953973859, 10.64557280564152997, -0.2736377915986489828 ) ) ;
#387 = CARTESIAN_POINT ( 'NONE',  ( 21.78113342830690868, 10.09957388609654849, 1.934517459301287268 ) ) ;
#388 = CARTESIAN_POINT ( 'NONE',  ( 23.92083881738105333, 11.82642569149595779, 0.7339007251817393218 ) ) ;
#389 = ORIENTED_EDGE ( 'NONE', *, *, #1253, .F. ) ;
#390 = DIRECTION ( 'NONE',  ( -1.000000000000000000, 0.000000000000000000, 0.000000000000000000 ) ) ;
#391 = DIRECTION ( 'NONE',  ( 1.000000000000000000, 0.000000000000000000, -0.000000000000000000 ) ) ;
#392 = CARTESIAN_POINT ( 'NONE',  ( -20.33333333333333570, 14.52509648973030565, 1.102239145770629536 ) ) ;
#393 = EDGE_CURVE ( 'NONE', #2094, #2300, #520, .T. ) ;
#394 = CARTESIAN_POINT ( 'NONE',  ( -25.00000000000003553, 5.000000000000004441, -7.829999999999961879 ) ) ;
#395 = EDGE_CURVE ( 'NONE', #573, #1432, #1317, .T. ) ;
#396 = CARTESIAN_POINT ( 'NONE',  ( 23.00000000000000000, -7.449999999999998401, -10.15000000000002700 ) ) ;
#397 = CARTESIAN_POINT ( 'NONE',  ( -2.883133602495131953, 12.33544864533460483, 1.987738746587645267 ) ) ;
#398 = ORIENTED_EDGE ( 'NONE', *, *, #1130, .T. ) ;
#399 = PRESENTATION_STYLE_ASSIGNMENT (( #1707 ) ) ;
#400 = ORIENTED_EDGE ( 'NONE', *, *, #306, .T. ) ;
#401 = EDGE_CURVE ( 'NONE', #2111, #1079, #358, .T. ) ;
#402 = EDGE_CURVE ( 'NONE', #3191, #1595, #1076, .T. ) ;
#403 = CARTESIAN_POINT ( 'NONE',  ( -24.41842570033030668, 12.00000000000000000, 0.07710513246711458990 ) ) ;
#404 = DIRECTION ( 'NONE',  ( 1.000000000000000000, 0.000000000000000000, 0.000000000000000000 ) ) ;
#405 = CARTESIAN_POINT ( 'NONE',  ( 21.42268748222243957, 10.04276415242564724, 2.000000000000000000 ) ) ;
#406 = ORIENTED_EDGE ( 'NONE', *, *, #581, .T. ) ;
#407 = DIRECTION ( 'NONE',  ( 0.000000000000000000, 0.000000000000000000, 1.000000000000000000 ) ) ;
#408 = CIRCLE ( 'NONE', #2261, 2.999999999999999112 ) ;
#409 = CARTESIAN_POINT ( 'NONE',  ( 20.99999999999999645, 13.70921285016515512, -0.9614474337664429271 ) ) ;
#410 = CARTESIAN_POINT ( 'NONE',  ( -20.54124767575923016, 14.65097829404583862, 0.9963921500097553396 ) ) ;
#411 = VECTOR ( 'NONE', #2699, 1000.000000000000000 ) ;
#412 = CARTESIAN_POINT ( 'NONE',  ( -23.00000000000003553, -16.99999999999999645, -26.99999999999997158 ) ) ;
#413 = CARTESIAN_POINT ( 'NONE',  ( -25.00000000000003553, 9.000000000000005329, -26.99999999999997158 ) ) ;
#414 = ORIENTED_EDGE ( 'NONE', *, *, #1696, .F. ) ;
#415 = CARTESIAN_POINT ( 'NONE',  ( 20.85872109932190099, 14.99535954170410967, 0.6552764645264004262 ) ) ;
#416 = VECTOR ( 'NONE', #57, 1000.000000000000000 ) ;
#417 = ORIENTED_EDGE ( 'NONE', *, *, #340, .T. ) ;
#418 = VECTOR ( 'NONE', #2534, 1000.000000000000000 ) ;
#419 = AXIS2_PLACEMENT_3D ( 'NONE', #2083, #1834, #2835 ) ;
#420 = LINE ( 'NONE', #1901, #2277 ) ;
#421 = EDGE_CURVE ( 'NONE', #2471, #2554, #2368, .T. ) ;
#422 = CARTESIAN_POINT ( 'NONE',  ( 23.00000000000000000, 12.00000000000000000, -2.000000000000026201 ) ) ;
#423 = AXIS2_PLACEMENT_3D ( 'NONE', #449, #2697, #2440 ) ;
#424 = CARTESIAN_POINT ( 'NONE',  ( -2.949838655304891422, 12.50512700946394773, 1.974024270367392475 ) ) ;
#425 = CIRCLE ( 'NONE', #1801, 3.000000000000000000 ) ;
#426 = CARTESIAN_POINT ( 'NONE',  ( -8.356167098918826142, 12.00000000000000000, -2.000000000000000000 ) ) ;
#427 = EDGE_LOOP ( 'NONE', ( #2366, #1932, #3145, #2703 ) ) ;
#428 = CIRCLE ( 'NONE', #3205, 2.999999999999999112 ) ;
#429 = DIRECTION ( 'NONE',  ( -0.000000000000000000, -0.000000000000000000, 1.000000000000000000 ) ) ;
#430 = CARTESIAN_POINT ( 'NONE',  ( -22.70921285016515156, 12.00000000000000000, -0.9614474337664431491 ) ) ;
#431 = CARTESIAN_POINT ( 'NONE',  ( -19.33147946342098678, 13.56425406348841101, 1.681830163674558065 ) ) ;
#432 = CARTESIAN_POINT ( 'NONE',  ( 21.85349342859245780, 10.40305124952778826, -0.1911328090517321054 ) ) ;
#433 = ORIENTED_EDGE ( 'NONE', *, *, #393, .T. ) ;
#434 = ORIENTED_EDGE ( 'NONE', *, *, #2257, .T. ) ;
#435 = CARTESIAN_POINT ( 'NONE',  ( 20.99999999999999645, 15.99999999999999645, 3.469446951953614189E-14 ) ) ;
#436 = CARTESIAN_POINT ( 'NONE',  ( 20.99999999999999645, 9.999999999999998224, 0.000000000000000000 ) ) ;
#437 = CARTESIAN_POINT ( 'NONE',  ( -20.33333333333333570, 13.26254824486515282, -0.4488804271146852320 ) ) ;
#438 = EDGE_CURVE ( 'NONE', #2836, #87, #1776, .T. ) ;
#439 = ORIENTED_EDGE ( 'NONE', *, *, #2346, .F. ) ;
#440 = EDGE_CURVE ( 'NONE', #312, #1821, #544, .T. ) ;
#441 = DIRECTION ( 'NONE',  ( 1.000000000000000000, 0.000000000000000000, 0.000000000000000000 ) ) ;
#442 = CARTESIAN_POINT ( 'NONE',  ( -23.52509648973030565, 11.33333333333333393, 1.102239145770627093 ) ) ;
#443 = ORIENTED_EDGE ( 'NONE', *, *, #1236, .T. ) ;
#444 = DIRECTION ( 'NONE',  ( 1.000000000000000000, 0.000000000000000000, 0.000000000000000000 ) ) ;
#445 = DIRECTION ( 'NONE',  ( -1.000000000000000000, 0.000000000000000000, 0.000000000000000000 ) ) ;
#446 = DIRECTION ( 'NONE',  ( 0.000000000000000000, 0.000000000000000000, -1.000000000000000000 ) ) ;
#447 = ORIENTED_EDGE ( 'NONE', *, *, #1540, .F. ) ;
#448 = ORIENTED_EDGE ( 'NONE', *, *, #2577, .F. ) ;
#449 = CARTESIAN_POINT ( 'NONE',  ( -8.356167098918826142, 12.00000000000000000, -2.000000000000000000 ) ) ;
#450 = DIRECTION ( 'NONE',  ( -1.000000000000000000, 0.000000000000000000, 0.000000000000000000 ) ) ;
#451 = DIRECTION ( 'NONE',  ( 1.000000000000000000, 0.000000000000000000, 0.000000000000000000 ) ) ;
#452 = CARTESIAN_POINT ( 'NONE',  ( -3.000000000000002665, 15.93454184418473218, -1.279319435283984951 ) ) ;
#453 = DIRECTION ( 'NONE',  ( 0.000000000000000000, 0.000000000000000000, -1.000000000000000000 ) ) ;
#454 = CARTESIAN_POINT ( 'NONE',  ( -23.28425917803246037, 10.93944360058315013, 1.287282573450916567 ) ) ;
#455 = ORIENTED_EDGE ( 'NONE', *, *, #3095, .F. ) ;
#456 = CARTESIAN_POINT ( 'NONE',  ( -20.96823401181814361, 15.30119639449135072, 0.2700369516840838147 ) ) ;
#457 = EDGE_CURVE ( 'NONE', #1159, #2300, #1536, .T. ) ;
#458 = EDGE_CURVE ( 'NONE', #1821, #2556, #2727, .T. ) ;
#459 = ORIENTED_EDGE ( 'NONE', *, *, #3157, .T. ) ;
#460 = CARTESIAN_POINT ( 'NONE',  ( -2.750000000000001776, 6.999999999999997335, 2.000000000000000000 ) ) ;
#461 = CARTESIAN_POINT ( 'NONE',  ( 23.00000000000000000, -1.000000000000000000, -2.000000000000001776 ) ) ;
#462 = VERTEX_POINT ( 'NONE', #2206 ) ;
#463 = ORIENTED_EDGE ( 'NONE', *, *, #2448, .T. ) ;
#464 = CIRCLE ( 'NONE', #1530, 2.999999999999999112 ) ;
#465 = VECTOR ( 'NONE', #1424, 1000.000000000000000 ) ;
#466 = LINE ( 'NONE', #1742, #737 ) ;
#467 = FACE_OUTER_BOUND ( 'NONE', #152, .T. ) ;
#468 = CARTESIAN_POINT ( 'NONE',  ( -3.000000000000002665, 13.96727092209236787, -1.639659717641992698 ) ) ;
#469 = CARTESIAN_POINT ( 'NONE',  ( -2.716466935828465434, 12.04712571865934123, 0.0003563914498203610368 ) ) ;
#470 = AXIS2_PLACEMENT_3D ( 'NONE', #2765, #1504, #501 ) ;
#471 = CIRCLE ( 'NONE', #3054, 4.000000000000000000 ) ;
#472 = ORIENTED_EDGE ( 'NONE', *, *, #91, .F. ) ;
#473 = AXIS2_PLACEMENT_3D ( 'NONE', #2771, #1101, #2301 ) ;
#474 = CARTESIAN_POINT ( 'NONE',  ( -20.65472959438834266, 14.73685421783431870, 0.9173861500250644063 ) ) ;
#475 = VECTOR ( 'NONE', #962, 1000.000000000000000 ) ;
#476 = VERTEX_POINT ( 'NONE', #179 ) ;
#477 = CARTESIAN_POINT ( 'NONE',  ( 19.52748902484783855, 12.94168049482461846, -0.2354518226674348624 ) ) ;
#478 = CARTESIAN_POINT ( 'NONE',  ( 19.47566003861837203, 13.81298909890571558, 1.565594721223847241 ) ) ;
#479 = ADVANCED_FACE ( 'NONE', ( #2174 ), #3181, .T. ) ;
#480 = ADVANCED_FACE ( 'NONE', ( #984 ), #2460, .T. ) ;
#481 = CARTESIAN_POINT ( 'NONE',  ( -2.500000000000000444, 12.00000000000000000, 0.6666666666666666297 ) ) ;
#482 = CARTESIAN_POINT ( 'NONE',  ( 20.99999999999999645, 12.00000000000000000, -2.000000000000000000 ) ) ;
#483 = VERTEX_POINT ( 'NONE', #969 ) ;
#484 = ORIENTED_EDGE ( 'NONE', *, *, #2018, .T. ) ;
#485 = B_SPLINE_CURVE_WITH_KNOTS ( 'NONE', 3,
 ( #2985, #2501, #1248, #1002 ),
 .UNSPECIFIED., .F., .F.,
 ( 4, 4 ),
 ( 0.000000000000000000, 1.000000000000000000 ),
 .UNSPECIFIED. ) ;
#486 = CARTESIAN_POINT ( 'NONE',  ( -25.00000000000003197, 7.000000000000004441, -10.57999999999996454 ) ) ;
#487 = CARTESIAN_POINT ( 'NONE',  ( -9.000000000000000000, -2.000000000000000000, 0.000000000000000000 ) ) ;
#488 = FACE_OUTER_BOUND ( 'NONE', #2064, .T. ) ;
#489 = VERTEX_POINT ( 'NONE', #3198 ) ;
#490 = CARTESIAN_POINT ( 'NONE',  ( 19.02922990256039526, 12.39790440123648985, 2.000000000000000000 ) ) ;
#491 = DIRECTION ( 'NONE',  ( -0.000000000000000000, -0.000000000000000000, 1.000000000000000000 ) ) ;
#492 = CARTESIAN_POINT ( 'NONE',  ( -20.99999999999999645, 16.00000000000000000, -2.000000000000000000 ) ) ;
#493 = CARTESIAN_POINT ( 'NONE',  ( 20.99999999999996447, 12.00000000000000355, -1.999999999999967137 ) ) ;
#494 = ORIENTED_EDGE ( 'NONE', *, *, #2596, .T. ) ;
#495 = ORIENTED_EDGE ( 'NONE', *, *, #1577, .T. ) ;
#496 = CARTESIAN_POINT ( 'NONE',  ( 18.99999999999999645, 12.00000000000000000, 0.000000000000000000 ) ) ;
#497 = CARTESIAN_POINT ( 'NONE',  ( -19.37767480544341936, 12.83024152552107644, -0.1802774822458821924 ) ) ;
#498 = CARTESIAN_POINT ( 'NONE',  ( -2.500000000000002220, 15.33333333333333393, -1.999999999999997780 ) ) ;
#499 = EDGE_CURVE ( 'NONE', #2315, #1150, #2489, .T. ) ;
#500 = EDGE_CURVE ( 'NONE', #1492, #1223, #1581, .T. ) ;
#501 = DIRECTION ( 'NONE',  ( 0.000000000000000000, -0.000000000000000000, -1.000000000000000000 ) ) ;
#502 = CARTESIAN_POINT ( 'NONE',  ( -22.74735883599980113, 10.43219256539404149, 1.598163069755879517 ) ) ;
#503 = CARTESIAN_POINT ( 'NONE',  ( -24.41842570033030668, 12.00000000000000000, 0.07710513246711372948 ) ) ;
#504 = VERTEX_POINT ( 'NONE', #948 ) ;
#505 = DIRECTION ( 'NONE',  ( -2.168404344971008868E-16, 1.000000000000000000, -0.000000000000000000 ) ) ;
#506 = ORIENTED_EDGE ( 'NONE', *, *, #2777, .T. ) ;
#507 = CARTESIAN_POINT ( 'NONE',  ( 19.71327018104463136, 14.08816118338031309, 1.412564951727459439 ) ) ;
#508 = CARTESIAN_POINT ( 'NONE',  ( 19.07950010799996576, 12.37223138137934164, -0.02921509343624884014 ) ) ;
#509 = CARTESIAN_POINT ( 'NONE',  ( 19.55556738921317006, 13.91810190211575993, 1.510332290950698431 ) ) ;
#510 = FACE_BOUND ( 'NONE', #382, .T. ) ;
#511 = ORIENTED_EDGE ( 'NONE', *, *, #635, .T. ) ;
#512 = CYLINDRICAL_SURFACE ( 'NONE', #1103, 4.000000000000001776 ) ;
#513 = ORIENTED_EDGE ( 'NONE', *, *, #636, .F. ) ;
#514 = DIRECTION ( 'NONE',  ( -0.000000000000000000, -0.000000000000000000, 1.000000000000000000 ) ) ;
#515 = CYLINDRICAL_SURFACE ( 'NONE', #1491, 2.749999999999999112 ) ;
#516 = ORIENTED_EDGE ( 'NONE', *, *, #2093, .T. ) ;
#517 = AXIS2_PLACEMENT_3D ( 'NONE', #1153, #3125, #2672 ) ;
#518 = CARTESIAN_POINT ( 'NONE',  ( -2.616531894079157095, 12.01126453141572981, -1.138442094570004286E-17 ) ) ;
#519 = ADVANCED_FACE ( 'NONE', ( #467 ), #1957, .F. ) ;
#520 = CIRCLE ( 'NONE', #1995, 2.999999999999999112 ) ;
#521 = EDGE_CURVE ( 'NONE', #1025, #2439, #1402, .T. ) ;
#522 = DIRECTION ( 'NONE',  ( 1.000000000000000000, 0.000000000000000000, 0.000000000000000000 ) ) ;
#523 = B_SPLINE_CURVE_WITH_KNOTS ( 'NONE', 1,
 ( #1913, #2414 ),
 .UNSPECIFIED., .F., .F.,
 ( 2, 2 ),
 ( 0.000000000000000000, 1.000000000000000000 ),
 .UNSPECIFIED. ) ;
#524 = FACE_OUTER_BOUND ( 'NONE', #1992, .T. ) ;
#525 = LINE ( 'NONE', #1538, #1784 ) ;
#526 = ORIENTED_EDGE ( 'NONE', *, *, #1928, .T. ) ;
#527 = CIRCLE ( 'NONE', #1531, 3.000000000000000000 ) ;
#528 = CIRCLE ( 'NONE', #3048, 3.000000000000000000 ) ;
#529 = CARTESIAN_POINT ( 'NONE',  ( 23.00000000000000000, -17.00000000000000000, -27.00000000000003553 ) ) ;
#530 = ORIENTED_EDGE ( 'NONE', *, *, #2035, .T. ) ;
#531 = AXIS2_PLACEMENT_3D ( 'NONE', #658, #1677, #1567 ) ;
#532 = CARTESIAN_POINT ( 'NONE',  ( -19.24530182493817421, 13.34424412645084246, 1.769279975517304537 ) ) ;
#533 = VECTOR ( 'NONE', #1010, 1000.000000000000000 ) ;
#534 = CARTESIAN_POINT ( 'NONE',  ( 25.00000000000000000, 9.000000000000001776, -27.00000000000003553 ) ) ;
#535 = ORIENTED_EDGE ( 'NONE', *, *, #1029, .T. ) ;
#536 = CARTESIAN_POINT ( 'NONE',  ( 2.500000000000002220, 14.00000000000000000, -1.999999999999998224 ) ) ;
#537 = CARTESIAN_POINT ( 'NONE',  ( -23.00000000000003553, 9.000000000000005329, -29.99999999999997158 ) ) ;
#538 = CIRCLE ( 'NONE', #1852, 2.999999999999999112 ) ;
#539 = FACE_OUTER_BOUND ( 'NONE', #208, .T. ) ;
#540 = ORIENTED_EDGE ( 'NONE', *, *, #3022, .F. ) ;
#541 = CARTESIAN_POINT ( 'NONE',  ( 24.99999999999998579, -1.000000000000000000, -3.000000000000031086 ) ) ;
#542 = CARTESIAN_POINT ( 'NONE',  ( 18.99999999999999645, 12.00000000000000000, 2.000000000000000000 ) ) ;
#543 = CARTESIAN_POINT ( 'NONE',  ( -2.499999999999998668, 12.00000000000000178, 0.000000000000000000 ) ) ;
#544 = LINE ( 'NONE', #3026, #937 ) ;
#545 = EDGE_LOOP ( 'NONE', ( #1533, #1090, #1458, #1411 ) ) ;
#546 = ADVANCED_FACE ( 'NONE', ( #707 ), #227, .T. ) ;
#547 = CARTESIAN_POINT ( 'NONE',  ( 20.99999999999999645, 15.41842570033031024, 0.07710513246711415969 ) ) ;
#548 = EDGE_CURVE ( 'NONE', #1327, #101, #21, .T. ) ;
#549 = ORIENTED_EDGE ( 'NONE', *, *, #1856, .T. ) ;
#550 = ADVANCED_FACE ( 'NONE', ( #2553 ), #1825, .F. ) ;
#551 = DIRECTION ( 'NONE',  ( 1.000000000000000000, 0.000000000000000000, 0.000000000000000000 ) ) ;
#552 = VERTEX_POINT ( 'NONE', #255 ) ;
#553 = ORIENTED_EDGE ( 'NONE', *, *, #817, .F. ) ;
#554 = CARTESIAN_POINT ( 'NONE',  ( 25.00000000000000000, -17.00000000000000000, 1.999999999999968470 ) ) ;
#555 = ORIENTED_EDGE ( 'NONE', *, *, #896, .F. ) ;
#556 = CARTESIAN_POINT ( 'NONE',  ( 19.51344984266516747, 12.93299526670799082, -0.2307608067388271511 ) ) ;
#557 = VERTEX_POINT ( 'NONE', #3057 ) ;
#558 = EDGE_LOOP ( 'NONE', ( #2147, #2694, #1091, #2447 ) ) ;
#559 = EDGE_CURVE ( 'NONE', #932, #1278, #3235, .T. ) ;
#560 = ADVANCED_FACE ( 'NONE', ( #2255 ), #1021, .F. ) ;
#561 = CARTESIAN_POINT ( 'NONE',  ( -19.91679937399787548, 14.30965580586838648, 1.277599099985148978 ) ) ;
#562 = FILL_AREA_STYLE ('',( #2289 ) ) ;
#563 = ORIENTED_EDGE ( 'NONE', *, *, #1718, .T. ) ;
#564 = ORIENTED_EDGE ( 'NONE', *, *, #3134, .T. ) ;
#565 = DIRECTION ( 'NONE',  ( 0.000000000000000000, 0.000000000000000000, -1.000000000000000000 ) ) ;
#566 = ORIENTED_EDGE ( 'NONE', *, *, #1905, .T. ) ;
#567 = CARTESIAN_POINT ( 'NONE',  ( 2.965818985888590831, 12.51951923838019809, 1.971388080418563948 ) ) ;
#568 = DIRECTION ( 'NONE',  ( 0.000000000000000000, 0.000000000000000000, -1.000000000000000000 ) ) ;
#569 = CYLINDRICAL_SURFACE ( 'NONE', #2683, 2.749999999999999112 ) ;
#570 = VERTEX_POINT ( 'NONE', #2041 ) ;
#571 = VECTOR ( 'NONE', #1191, 1000.000000000000000 ) ;
#572 = CIRCLE ( 'NONE', #2424, 2.999999999999999112 ) ;
#573 = VERTEX_POINT ( 'NONE', #541 ) ;
#574 = VECTOR ( 'NONE', #2904, 1000.000000000000000 ) ;
#575 = AXIS2_PLACEMENT_3D ( 'NONE', #2574, #303, #2320 ) ;
#576 = DIRECTION ( 'NONE',  ( -1.000000000000000000, 0.000000000000000000, 0.000000000000000000 ) ) ;
#577 = DIRECTION ( 'NONE',  ( -0.000000000000000000, -1.000000000000000000, -0.000000000000000000 ) ) ;
#578 = LINE ( 'NONE', #22, #56 ) ;
#579 = VECTOR ( 'NONE', #1466, 1000.000000000000000 ) ;
#580 = ORIENTED_EDGE ( 'NONE', *, *, #968, .F. ) ;
#581 = EDGE_CURVE ( 'NONE', #504, #982, #2418, .T. ) ;
#582 = CARTESIAN_POINT ( 'NONE',  ( 2.883133602495131953, 15.98773874658764704, -1.664551354665390948 ) ) ;
#583 = EDGE_CURVE ( 'NONE', #489, #1177, #2028, .T. ) ;
#584 = PRODUCT_DEFINITION_SHAPE ( 'NONE', 'NONE',  #1229 ) ;
#585 = CIRCLE ( 'NONE', #1221, 2.999999999999999112 ) ;
#586 = CARTESIAN_POINT ( 'NONE',  ( -25.00000000000000000, 7.000000000000000888, -10.58000000000001961 ) ) ;
#587 = ORIENTED_EDGE ( 'NONE', *, *, #2543, .T. ) ;
#588 = AXIS2_PLACEMENT_3D ( 'NONE', #887, #1607, #3142 ) ;
#589 = CYLINDRICAL_SURFACE ( 'NONE', #674, 3.149999999999999911 ) ;
#590 = DIRECTION ( 'NONE',  ( 0.000000000000000000, 0.000000000000000000, -1.000000000000000000 ) ) ;
#591 = ORIENTED_EDGE ( 'NONE', *, *, #1796, .F. ) ;
#592 = DIRECTION ( 'NONE',  ( 0.000000000000000000, 1.000000000000000000, 0.000000000000000000 ) ) ;
#593 = VERTEX_POINT ( 'NONE', #309 ) ;
#594 = CARTESIAN_POINT ( 'NONE',  ( 22.99999999999998579, -1.000000000000000000, -3.000000000000003553 ) ) ;
#595 = CARTESIAN_POINT ( 'NONE',  ( 23.92083881738105333, 11.82642569149595779, 0.7339007251817393218 ) ) ;
#596 = VERTEX_POINT ( 'NONE', #1051 ) ;
#597 = CARTESIAN_POINT ( 'NONE',  ( -20.99999999999999645, 15.99999999999999645, -6.938893903907228378E-15 ) ) ;
#598 = CYLINDRICAL_SURFACE ( 'NONE', #1646, 1.000000000000001776 ) ;
#599 = EDGE_LOOP ( 'NONE', ( #1500, #1941, #3155, #2831 ) ) ;
#600 = CARTESIAN_POINT ( 'NONE',  ( 19.93944360058595677, 13.14212958901705086, -0.3563587132751105946 ) ) ;
#601 = CARTESIAN_POINT ( 'NONE',  ( 19.46936173794389546, 12.90207776544503027, -0.2149429447709024499 ) ) ;
#602 = DIRECTION ( 'NONE',  ( -1.000000000000000000, 0.000000000000000000, 0.000000000000000000 ) ) ;
#603 = ADVANCED_FACE ( 'NONE', ( #2815 ), #2024, .T. ) ;
#604 = CARTESIAN_POINT ( 'NONE',  ( 17.99999999999999645, 16.00000000000004263, -14.00000000000001421 ) ) ;
#605 = ADVANCED_FACE ( 'NONE', ( #1773 ), #277, .F. ) ;
#606 = DIRECTION ( 'NONE',  ( -1.000000000000000000, 0.000000000000000000, 0.000000000000000000 ) ) ;
#607 = CARTESIAN_POINT ( 'NONE',  ( -23.40823889432420657, 11.12100345217430331, 1.197356475574345325 ) ) ;
#608 = ORIENTED_EDGE ( 'NONE', *, *, #356, .T. ) ;
#609 = CARTESIAN_POINT ( 'NONE',  ( -5.662545274941944319E-16, 4.999999999999998224, 0.000000000000000000 ) ) ;
#610 = CARTESIAN_POINT ( 'NONE',  ( 23.99793446799358776, 11.86373628266488467, 0.6523330048208566545 ) ) ;
#611 = CARTESIAN_POINT ( 'NONE',  ( 23.00000000000000000, -7.449999999999998401, -10.15000000000002700 ) ) ;
#612 = CARTESIAN_POINT ( 'NONE',  ( 9.000000000000000000, -2.000000000000000000, 0.000000000000000000 ) ) ;
#613 = ORIENTED_EDGE ( 'NONE', *, *, #1652, .F. ) ;
#614 = FACE_OUTER_BOUND ( 'NONE', #2851, .T. ) ;
#615 = CARTESIAN_POINT ( 'NONE',  ( -21.19894754697349981, 10.02922921885053498, -4.872809531986315647E-17 ) ) ;
#616 = LINE ( 'NONE', #3149, #952 ) ;
#617 = DIRECTION ( 'NONE',  ( -1.000000000000000000, -2.168404344971005910E-16, 0.000000000000000000 ) ) ;
#618 = EDGE_CURVE ( 'NONE', #1079, #2260, #1289, .T. ) ;
#619 = EDGE_CURVE ( 'NONE', #108, #557, #965, .T. ) ;
#620 = ORIENTED_EDGE ( 'NONE', *, *, #898, .F. ) ;
#621 = AXIS2_PLACEMENT_3D ( 'NONE', #2575, #2244, #256 ) ;
#622 = EDGE_CURVE ( 'NONE', #2929, #1702, #1473, .T. ) ;
#623 = CIRCLE ( 'NONE', #315, 2.999999999999999112 ) ;
#624 = FACE_OUTER_BOUND ( 'NONE', #2870, .T. ) ;
#625 = CARTESIAN_POINT ( 'NONE',  ( 2.632495561210778767, 12.03713554655943518, 1.999999999999895195 ) ) ;
#626 = CARTESIAN_POINT ( 'NONE',  ( 20.99999999999999645, 13.70921285016515512, -0.9614474337664429271 ) ) ;
#627 = CARTESIAN_POINT ( 'NONE',  ( -20.99999999999999645, 12.00000000000000000, 0.000000000000000000 ) ) ;
#628 = VERTEX_POINT ( 'NONE', #1643 ) ;
#629 = VECTOR ( 'NONE', #2603, 1000.000000000000000 ) ;
#630 = CARTESIAN_POINT ( 'NONE',  ( -21.89317097050365035, 10.45748642701129683, -0.2105111576911949112 ) ) ;
#631 = CARTESIAN_POINT ( 'NONE',  ( 25.00000000000000000, 0.000000000000000000, -1.999999999999998224 ) ) ;
#632 = EDGE_CURVE ( 'NONE', #3033, #1620, #2832, .T. ) ;
#633 = ORIENTED_EDGE ( 'NONE', *, *, #1092, .F. ) ;
#634 = CARTESIAN_POINT ( 'NONE',  ( 20.33333333333332860, 13.26254824486515282, -0.4488804271146852320 ) ) ;
#635 = EDGE_CURVE ( 'NONE', #1187, #3208, #2599, .T. ) ;
#636 = EDGE_CURVE ( 'NONE', #2027, #2393, #1163, .T. ) ;
#637 = PLANE ( 'NONE',  #517 ) ;
#638 = FACE_BOUND ( 'NONE', #3211, .T. ) ;
#639 = CARTESIAN_POINT ( 'NONE',  ( 2.965835715114148119, 12.25980884641885815, -0.01431497662378935012 ) ) ;
#640 = VERTEX_POINT ( 'NONE', #2562 ) ;
#641 = ORIENTED_EDGE ( 'NONE', *, *, #2823, .T. ) ;
#642 = CARTESIAN_POINT ( 'NONE',  ( 2.716466935828465434, 16.00071278289964027, -1.905748562681310876 ) ) ;
#643 = CARTESIAN_POINT ( 'NONE',  ( 20.99999999999999645, 9.999999999999998224, 2.000000000000000000 ) ) ;
#644 = LINE ( 'NONE', #2125, #831 ) ;
#645 = CARTESIAN_POINT ( 'NONE',  ( -2.716466935828465434, 12.09425143731868246, 2.000712782899640718 ) ) ;
#646 = ORIENTED_EDGE ( 'NONE', *, *, #3134, .F. ) ;
#647 = DIRECTION ( 'NONE',  ( 1.000000000000000000, 0.000000000000000000, 0.000000000000000000 ) ) ;
#648 = DIRECTION ( 'NONE',  ( 1.000000000000000000, 0.000000000000000000, 0.000000000000000000 ) ) ;
#649 = ORIENTED_EDGE ( 'NONE', *, *, #2804, .F. ) ;
#650 = DIRECTION ( 'NONE',  ( 0.000000000000000000, 0.000000000000000000, -1.000000000000000000 ) ) ;
#651 = ADVANCED_FACE ( 'NONE', ( #1768 ), #512, .F. ) ;
#652 = DIRECTION ( 'NONE',  ( 0.000000000000000000, 0.000000000000000000, 1.000000000000000000 ) ) ;
#653 = DIRECTION ( 'NONE',  ( -1.000000000000000000, 0.000000000000000000, 0.000000000000000000 ) ) ;
#654 = ORIENTED_EDGE ( 'NONE', *, *, #301, .T. ) ;
#655 = FILL_AREA_STYLE ('',( #3131 ) ) ;
#656 = PLANE ( 'NONE',  #2736 ) ;
#657 = ORIENTED_EDGE ( 'NONE', *, *, #988, .T. ) ;
#658 = CARTESIAN_POINT ( 'NONE',  ( 3.000000000000000888, 12.00000000000000000, -2.000000000000000000 ) ) ;
#659 = CARTESIAN_POINT ( 'NONE',  ( 21.60806740105953594, 10.20620710641609463, -0.09319210389024119856 ) ) ;
#660 = CARTESIAN_POINT ( 'NONE',  ( 23.76455157037465327, 11.68783980746741769, 0.8911338272036690711 ) ) ;
#661 = ORIENTED_EDGE ( 'NONE', *, *, #2117, .T. ) ;
#662 = CARTESIAN_POINT ( 'NONE',  ( -20.65472959438834621, 13.36842710891715846, -0.5413069249874679079 ) ) ;
#663 = VECTOR ( 'NONE', #577, 1000.000000000000000 ) ;
#664 = DIRECTION ( 'NONE',  ( 1.000000000000000000, 0.000000000000000000, 0.000000000000000000 ) ) ;
#665 = EDGE_LOOP ( 'NONE', ( #641, #2792, #580, #825 ) ) ;
#666 = DIRECTION ( 'NONE',  ( 0.000000000000000000, 0.000000000000000000, 1.000000000000000000 ) ) ;
#667 = VECTOR ( 'NONE', #1303, 1000.000000000000000 ) ;
#668 = CARTESIAN_POINT ( 'NONE',  ( -19.04276185639114516, 12.21133239393153147, -2.588075397843971611E-17 ) ) ;
#669 = CARTESIAN_POINT ( 'NONE',  ( 20.99999999999999645, 16.00000000000003197, -11.00000000000001243 ) ) ;
#670 = ORIENTED_EDGE ( 'NONE', *, *, #1189, .F. ) ;
#671 = AXIS2_PLACEMENT_3D ( 'NONE', #1488, #228, #1238 ) ;
#672 = EDGE_CURVE ( 'NONE', #3066, #2655, #761, .T. ) ;
#673 = ORIENTED_EDGE ( 'NONE', *, *, #618, .T. ) ;
#674 = AXIS2_PLACEMENT_3D ( 'NONE', #3060, #1566, #2566 ) ;
#675 = CARTESIAN_POINT ( 'NONE',  ( 22.56425406349277907, 10.33147946342146817, 1.681830163672685119 ) ) ;
#676 = AXIS2_PLACEMENT_3D ( 'NONE', #1618, #1606, #350 ) ;
#677 = DIRECTION ( 'NONE',  ( -1.000000000000000000, 0.000000000000000000, 0.000000000000000000 ) ) ;
#678 = AXIS2_PLACEMENT_3D ( 'NONE', #631, #1697, #3180 ) ;
#679 = ORIENTED_EDGE ( 'NONE', *, *, #1717, .T. ) ;
#680 = VECTOR ( 'NONE', #1808, 1000.000000000000000 ) ;
#681 = DIRECTION ( 'NONE',  ( 0.000000000000000000, 0.000000000000000000, -1.000000000000000000 ) ) ;
#682 = CARTESIAN_POINT ( 'NONE',  ( -24.18650485086121193, 11.93069923085973549, 0.4225727486669249577 ) ) ;
#683 = EDGE_LOOP ( 'NONE', ( #1170, #1043, #998, #3084 ) ) ;
#684 = LINE ( 'NONE', #2199, #2998 ) ;
#685 = DIRECTION ( 'NONE',  ( 0.000000000000000000, 0.000000000000000000, -1.000000000000000000 ) ) ;
#686 = ORIENTED_EDGE ( 'NONE', *, *, #2037, .T. ) ;
#687 = CARTESIAN_POINT ( 'NONE',  ( 20.99999999999999645, 13.70921285016515512, -0.9614474337664429271 ) ) ;
#688 = SURFACE_STYLE_FILL_AREA ( #655 ) ;
#689 = ORIENTED_EDGE ( 'NONE', *, *, #2635, .T. ) ;
#690 = CARTESIAN_POINT ( 'NONE',  ( 2.500002795412820333, 16.00000000000000000, -2.000000000000000000 ) ) ;
#691 = LINE ( 'NONE', #1710, #1324 ) ;
#692 = CARTESIAN_POINT ( 'NONE',  ( -25.00000000000003553, -7.449999999999994849, -6.999999999999970690 ) ) ;
#693 = CARTESIAN_POINT ( 'NONE',  ( -20.99999999999999645, 9.999999999999998224, 2.000000000000000000 ) ) ;
#694 = CARTESIAN_POINT ( 'NONE',  ( 23.00000000000000000, 6.999999999999999112, -7.830000000000027605 ) ) ;
#695 = CARTESIAN_POINT ( 'NONE',  ( 20.99999999999999645, 9.999999999999998224, 2.000000000000000000 ) ) ;
#696 = ADVANCED_FACE ( 'NONE', ( #66 ), #1111, .F. ) ;
#697 = VERTEX_POINT ( 'NONE', #1997 ) ;
#698 = B_SPLINE_CURVE_WITH_KNOTS ( 'NONE', 3,
 ( #1804, #1557, #302, #880, #2351, #1616, #2112, #2382, #865, #1634, #377, #95, #3124, #834, #2127 ),
 .UNSPECIFIED., .F., .F.,
 ( 4, 2, 1, 1, 1, 2, 2, 2, 4 ),
 ( 0.000000000000000000, 0.2500000000000341394, 0.3750000000000500711, 0.4375000000000578981, 0.4687500000000617839, 0.4843750000000617839, 0.5000000000000617284, 0.7500000000000308642, 1.000000000000000000 ),
 .UNSPECIFIED. ) ;
#699 = CARTESIAN_POINT ( 'NONE',  ( -20.99999999999999645, 9.999999999999998224, 2.000000000000000000 ) ) ;
#700 = CARTESIAN_POINT ( 'NONE',  ( 20.99999999999999645, 9.999999999999998224, 0.000000000000000000 ) ) ;
#701 = CARTESIAN_POINT ( 'NONE',  ( -4.101020514433641573, 3.000000000000000000, 2.000000000000000000 ) ) ;
#702 = ORIENTED_EDGE ( 'NONE', *, *, #1906, .F. ) ;
#703 = CARTESIAN_POINT ( 'NONE',  ( -20.54124767575923016, 13.32548914702291754, -0.5018039249951222747 ) ) ;
#704 = VERTEX_POINT ( 'NONE', #94 ) ;
#705 = CYLINDRICAL_SURFACE ( 'NONE', #1846, 4.000000000000000000 ) ;
#706 = DIRECTION ( 'NONE',  ( 0.000000000000000000, 0.000000000000000000, 1.000000000000000000 ) ) ;
#707 = FACE_OUTER_BOUND ( 'NONE', #1782, .T. ) ;
#708 = CARTESIAN_POINT ( 'NONE',  ( -23.00000000000003553, -16.99999999999999645, -0.9999999999999731326 ) ) ;
#709 = FACE_OUTER_BOUND ( 'NONE', #2594, .T. ) ;
#710 = ADVANCED_FACE ( 'NONE', ( #345 ), #1854, .F. ) ;
#711 = ORIENTED_EDGE ( 'NONE', *, *, #2134, .F. ) ;
#712 = EDGE_CURVE ( 'NONE', #3101, #1656, #578, .T. ) ;
#713 = CARTESIAN_POINT ( 'NONE',  ( -20.99999999999999645, 0.000000000000000000, 0.000000000000000000 ) ) ;
#714 = CARTESIAN_POINT ( 'NONE',  ( -11.79941684889506170, 0.8571428571428575394, 0.000000000000000000 ) ) ;
#715 = ORIENTED_EDGE ( 'NONE', *, *, #1146, .F. ) ;
#716 = ADVANCED_FACE ( 'NONE', ( #2987 ), #727, .F. ) ;
#717 = DIRECTION ( 'NONE',  ( 0.000000000000000000, 0.000000000000000000, -1.000000000000000000 ) ) ;
#718 = DIRECTION ( 'NONE',  ( -0.000000000000000000, -1.000000000000000000, -0.000000000000000000 ) ) ;
#719 = VERTEX_POINT ( 'NONE', #2256 ) ;
#720 = LINE ( 'NONE', #2338, #2216 ) ;
#721 = ORIENTED_EDGE ( 'NONE', *, *, #3022, .T. ) ;
#722 = CIRCLE ( 'NONE', #2264, 2.000000000000001776 ) ;
#723 = LINE ( 'NONE', #1034, #1689 ) ;
#724 = AXIS2_PLACEMENT_3D ( 'NONE', #2770, #2509, #1493 ) ;
#725 = CARTESIAN_POINT ( 'NONE',  ( -19.33147946342098678, 12.78212703174420461, -0.1590849181627209674 ) ) ;
#726 = DIRECTION ( 'NONE',  ( 0.000000000000000000, 0.000000000000000000, 1.000000000000000000 ) ) ;
#727 = CYLINDRICAL_SURFACE ( 'NONE', #2322, 4.000000000000000888 ) ;
#728 = CARTESIAN_POINT ( 'NONE',  ( 25.00000000000000000, -5.000000000000000888, 1.999999999999970024 ) ) ;
#729 = AXIS2_PLACEMENT_3D ( 'NONE', #3007, #2009, #244 ) ;
#730 = AXIS2_PLACEMENT_3D ( 'NONE', #105, #850, #2403 ) ;
#731 = CARTESIAN_POINT ( 'NONE',  ( -22.91810190211460352, 10.55556738921130311, 1.510332290951327039 ) ) ;
#732 = ORIENTED_EDGE ( 'NONE', *, *, #1502, .F. ) ;
#733 = CIRCLE ( 'NONE', #840, 2.999999999999999112 ) ;
#734 = EDGE_CURVE ( 'NONE', #1706, #2260, #918, .T. ) ;
#735 = FACE_OUTER_BOUND ( 'NONE', #2004, .T. ) ;
#736 = LINE ( 'NONE', #1980, #2838 ) ;
#737 = VECTOR ( 'NONE', #2006, 1000.000000000000000 ) ;
#738 = EDGE_LOOP ( 'NONE', ( #2074, #1448, #447, #973, #2457, #1675, #3201, #1514 ) ) ;
#739 = B_SPLINE_CURVE_WITH_KNOTS ( 'NONE', 3,
 ( #2624, #118, #397, #1125, #2399, #3162 ),
 .UNSPECIFIED., .F., .F.,
 ( 4, 2, 4 ),
 ( 0.000000000000000000, 0.5000000000000000000, 1.000000000000000000 ),
 .UNSPECIFIED. ) ;
#740 = EDGE_CURVE ( 'NONE', #1150, #2644, #1139, .T. ) ;
#741 = EDGE_CURVE ( 'NONE', #2357, #997, #332, .T. ) ;
#742 = CARTESIAN_POINT ( 'NONE',  ( -19.41479206540345714, 13.72610723763712137, 1.608463017867346689 ) ) ;
#743 = CARTESIAN_POINT ( 'NONE',  ( 2.749999999999998668, 4.999999999999992895, 2.000000000000000000 ) ) ;
#744 = ORIENTED_EDGE ( 'NONE', *, *, #619, .T. ) ;
#745 = CARTESIAN_POINT ( 'NONE',  ( 20.55927116674737576, 13.32562588527071057, -0.5002230608976703241 ) ) ;
#746 = VERTEX_POINT ( 'NONE', #10 ) ;
#747 = CARTESIAN_POINT ( 'NONE',  ( -13.89897948556635754, 0.000000000000000000, 2.000000000000000000 ) ) ;
#748 = CARTESIAN_POINT ( 'NONE',  ( -3.000000000000002665, 12.00000000000000000, -2.000000000000000000 ) ) ;
#749 = DIRECTION ( 'NONE',  ( 0.000000000000000000, 0.000000000000000000, -1.000000000000000000 ) ) ;
#750 = CARTESIAN_POINT ( 'NONE',  ( -2.499999999999998668, 12.00000000000000178, 0.000000000000000000 ) ) ;
#751 = CARTESIAN_POINT ( 'NONE',  ( 24.30119639449235081, 11.96823401181841717, 0.2700369516824366878 ) ) ;
#752 = EDGE_LOOP ( 'NONE', ( #439, #2479, #1506, #2956 ) ) ;
#753 = CARTESIAN_POINT ( 'NONE',  ( -2.965818985598457580, 15.97138808052348047, -1.480480762192578403 ) ) ;
#754 = B_SPLINE_CURVE_WITH_KNOTS ( 'NONE', 3,
 ( #134, #2874, #3167, #1883 ),
 .UNSPECIFIED., .F., .F.,
 ( 4, 4 ),
 ( 0.000000000000000000, 1.000000000000000000 ),
 .UNSPECIFIED. ) ;
#755 = FACE_OUTER_BOUND ( 'NONE', #2606, .T. ) ;
#756 = ORIENTED_EDGE ( 'NONE', *, *, #1011, .F. ) ;
#757 = FACE_OUTER_BOUND ( 'NONE', #2537, .T. ) ;
#758 = CARTESIAN_POINT ( 'NONE',  ( -23.00000000000003553, -19.99999999999999645, -0.9999999999999731326 ) ) ;
#759 = ORIENTED_EDGE ( 'NONE', *, *, #3039, .T. ) ;
#760 = EDGE_CURVE ( 'NONE', #1025, #2655, #1151, .T. ) ;
#761 = B_SPLINE_CURVE_WITH_KNOTS ( 'NONE', 1,
 ( #2339, #2084 ),
 .UNSPECIFIED., .F., .F.,
 ( 2, 2 ),
 ( 0.000000000000000000, 1.000000000000000000 ),
 .UNSPECIFIED. ) ;
#762 = CARTESIAN_POINT ( 'NONE',  ( -25.00000000000000000, 6.999999999999999112, -13.33000000000002316 ) ) ;
#763 = CARTESIAN_POINT ( 'NONE',  ( 21.86305361881841236, 10.41479206540298463, -0.1957684910662574052 ) ) ;
#764 = CARTESIAN_POINT ( 'NONE',  ( 20.33333333333332860, 13.26254824486515282, -0.4488804271146852320 ) ) ;
#765 = CARTESIAN_POINT ( 'NONE',  ( 4.101020514433641573, 0.000000000000000000, 0.000000000000000000 ) ) ;
#766 = ORIENTED_EDGE ( 'NONE', *, *, #458, .T. ) ;
#767 = CARTESIAN_POINT ( 'NONE',  ( 19.31494652793599087, 13.55858463902110600, 1.689466262739682589 ) ) ;
#768 = DIRECTION ( 'NONE',  ( 0.000000000000000000, -1.000000000000000000, -3.491481338843133355E-15 ) ) ;
#769 = CARTESIAN_POINT ( 'NONE',  ( -22.26254824486515105, 11.33333333333333393, -0.4488804271146865088 ) ) ;
#770 = VERTEX_POINT ( 'NONE', #975 ) ;
#771 = DIRECTION ( 'NONE',  ( 0.000000000000000000, -1.000000000000000000, -1.445602896647339410E-16 ) ) ;
#772 = LINE ( 'NONE', #2791, #829 ) ;
#773 = ORIENTED_EDGE ( 'NONE', *, *, #3152, .F. ) ;
#774 = CARTESIAN_POINT ( 'NONE',  ( 2.716466935828465434, 14.00035639144982014, -1.952874281340655438 ) ) ;
#775 = CARTESIAN_POINT ( 'NONE',  ( 2.749999999999998224, 6.999999999999992895, 2.000000000000000000 ) ) ;
#776 = DIRECTION ( 'NONE',  ( 1.000000000000000000, 0.000000000000000000, 0.000000000000000000 ) ) ;
#777 = EDGE_CURVE ( 'NONE', #462, #3085, #736, .T. ) ;
#778 = ORIENTED_EDGE ( 'NONE', *, *, #2285, .T. ) ;
#779 = AXIS2_PLACEMENT_3D ( 'NONE', #2421, #2228, #911 ) ;
#780 = CARTESIAN_POINT ( 'NONE',  ( -25.00000000000003197, 12.00000000000000355, -1.999999999999998224 ) ) ;
#781 = VECTOR ( 'NONE', #3126, 1000.000000000000000 ) ;
#782 = ADVANCED_FACE ( 'NONE', ( #755 ), #1850, .F. ) ;
#783 = ADVANCED_FACE ( 'NONE', ( #1881 ), #354, .T. ) ;
#784 = CARTESIAN_POINT ( 'NONE',  ( 20.99999999999999645, 9.999999999999998224, 2.000000000000000000 ) ) ;
#785 = EDGE_LOOP ( 'NONE', ( #2287, #191, #324, #2866, #1441, #216, #2963, #1817, #261, #511, #2307 ) ) ;
#786 = MECHANICAL_DESIGN_GEOMETRIC_PRESENTATION_REPRESENTATION (  '', ( #2944 ), #62 ) ;
#787 = CIRCLE ( 'NONE', #1628, 3.149999999999999911 ) ;
#788 = DIRECTION ( 'NONE',  ( 1.000000000000000000, 0.000000000000000000, -0.000000000000000000 ) ) ;
#789 = EDGE_LOOP ( 'NONE', ( #2308, #2975, #2776, #1346 ) ) ;
#790 = AXIS2_PLACEMENT_3D ( 'NONE', #925, #3132, #3179 ) ;
#791 = CARTESIAN_POINT ( 'NONE',  ( 19.64557280564410036, 14.02110981908105103, 1.452724416801789875 ) ) ;
#792 = CARTESIAN_POINT ( 'NONE',  ( 6.200583151104937407, 0.8571428571428575394, 0.000000000000000000 ) ) ;
#793 = LINE ( 'NONE', #1310, #2367 ) ;
#794 = VERTEX_POINT ( 'NONE', #133 ) ;
#795 = CARTESIAN_POINT ( 'NONE',  ( 2.949842318746699554, 13.98701069342040704, -1.747428623988751761 ) ) ;
#796 = AXIS2_PLACEMENT_3D ( 'NONE', #2813, #1069, #565 ) ;
#797 = DIRECTION ( 'NONE',  ( 0.000000000000000000, 0.000000000000000000, -1.000000000000000000 ) ) ;
#798 = ORIENTED_EDGE ( 'NONE', *, *, #839, .T. ) ;
#799 = CARTESIAN_POINT ( 'NONE',  ( 0.000000000000000000, 13.99999999999999467, 2.775557561562891351E-14 ) ) ;
#800 = CARTESIAN_POINT ( 'NONE',  ( 22.32548914702340426, 11.54124767576099941, -0.5018039249955540404 ) ) ;
#801 = ORIENTED_EDGE ( 'NONE', *, *, #1653, .T. ) ;
#802 = EDGE_CURVE ( 'NONE', #2193, #1873, #3074, .T. ) ;
#803 = ADVANCED_FACE ( 'NONE', ( #813 ), #569, .F. ) ;
#804 = CARTESIAN_POINT ( 'NONE',  ( 20.99999999999999645, 0.000000000000000000, -2.000000000000000000 ) ) ;
#805 = ORIENTED_EDGE ( 'NONE', *, *, #402, .T. ) ;
#806 = LINE ( 'NONE', #1296, #1427 ) ;
#807 = DIRECTION ( 'NONE',  ( 1.000000000000000000, 0.000000000000000000, 0.000000000000000000 ) ) ;
#808 = ORIENTED_EDGE ( 'NONE', *, *, #1652, .T. ) ;
#809 = CARTESIAN_POINT ( 'NONE',  ( 20.99999999999999645, 0.000000000000000000, 0.000000000000000000 ) ) ;
#810 = DIRECTION ( 'NONE',  ( 0.000000000000000000, 0.000000000000000000, -1.000000000000000000 ) ) ;
#811 = ORIENTED_EDGE ( 'NONE', *, *, #3040, .T. ) ;
#812 = DIRECTION ( 'NONE',  ( 1.000000000000000000, 0.000000000000000000, 0.000000000000000000 ) ) ;
#813 = FACE_OUTER_BOUND ( 'NONE', #599, .T. ) ;
#814 = ORIENTED_EDGE ( 'NONE', *, *, #2777, .F. ) ;
#815 = CARTESIAN_POINT ( 'NONE',  ( -25.00000000000003553, 12.00000000000000355, -26.99999999999997158 ) ) ;
#816 = EDGE_CURVE ( 'NONE', #1716, #3046, #1208, .T. ) ;
#817 = EDGE_CURVE ( 'NONE', #628, #489, #644, .T. ) ;
#818 = VERTEX_POINT ( 'NONE', #136 ) ;
#819 = FACE_OUTER_BOUND ( 'NONE', #785, .T. ) ;
#820 = APPLICATION_PROTOCOL_DEFINITION ( 'draft international standard', 'automotive_design', 1998, #2654 ) ;
#821 = LINE ( 'NONE', #2880, #2151 ) ;
#822 = ORIENTED_EDGE ( 'NONE', *, *, #1571, .F. ) ;
#823 = FACE_OUTER_BOUND ( 'NONE', #789, .T. ) ;
#824 = FACE_OUTER_BOUND ( 'NONE', #2965, .T. ) ;
#825 = ORIENTED_EDGE ( 'NONE', *, *, #79, .T. ) ;
#826 = CARTESIAN_POINT ( 'NONE',  ( 19.02922990256039526, 12.39790440123648985, 2.000000000000000000 ) ) ;
#827 = FACE_OUTER_BOUND ( 'NONE', #1812, .T. ) ;
#828 = CARTESIAN_POINT ( 'NONE',  ( -21.95905095105730354, 10.55556738921130311, -0.2448338545243362308 ) ) ;
#829 = VECTOR ( 'NONE', #45, 1000.000000000000000 ) ;
#830 = ORIENTED_EDGE ( 'NONE', *, *, #181, .T. ) ;
#831 = VECTOR ( 'NONE', #1872, 1000.000000000000000 ) ;
#832 = EDGE_LOOP ( 'NONE', ( #1405, #2863, #1976, #1585 ) ) ;
#833 = AXIS2_PLACEMENT_3D ( 'NONE', #1017, #2021, #2620 ) ;
#834 = CARTESIAN_POINT ( 'NONE',  ( -21.19865853763794306, 10.02918675782376212, -3.134021904840911871E-17 ) ) ;
#835 = CARTESIAN_POINT ( 'NONE',  ( 23.65097829404681562, 11.54124767576099764, 0.9963921500088920302 ) ) ;
#836 = AXIS2_PLACEMENT_3D ( 'NONE', #2906, #177, #385 ) ;
#837 = ORIENTED_EDGE ( 'NONE', *, *, #395, .F. ) ;
#838 = ADVANCED_FACE ( 'NONE', ( #1918 ), #1148, .F. ) ;
#839 = EDGE_CURVE ( 'NONE', #818, #2033, #1625, .T. ) ;
#840 = AXIS2_PLACEMENT_3D ( 'NONE', #111, #2394, #2608 ) ;
#841 = DIRECTION ( 'NONE',  ( 0.000000000000000000, 0.000000000000000000, -1.000000000000000000 ) ) ;
#842 = CARTESIAN_POINT ( 'NONE',  ( -20.99999999999999645, 0.000000000000000000, -2.000000000000000000 ) ) ;
#843 = ORIENTED_EDGE ( 'NONE', *, *, #1274, .F. ) ;
#844 = AXIS2_PLACEMENT_3D ( 'NONE', #461, #250, #2709 ) ;
#845 = LINE ( 'NONE', #1305, #121 ) ;
#846 = DIRECTION ( 'NONE',  ( 0.000000000000000000, 1.000000000000000000, 1.445602896647339163E-16 ) ) ;
#847 = CARTESIAN_POINT ( 'NONE',  ( -21.87367941799989879, 10.43219256539404149, -0.2009184651220603524 ) ) ;
#848 = LINE ( 'NONE', #9, #533 ) ;
#849 = CARTESIAN_POINT ( 'NONE',  ( -22.78634194100730426, 10.45748642701129683, 1.578977684617610233 ) ) ;
#850 = DIRECTION ( 'NONE',  ( 1.000000000000000000, -0.000000000000000000, -0.000000000000000000 ) ) ;
#851 = EDGE_LOOP ( 'NONE', ( #1214, #2772 ) ) ;
#852 = CARTESIAN_POINT ( 'NONE',  ( -22.78634194100730426, 10.45748642701129683, 1.578977684617610233 ) ) ;
#853 = CARTESIAN_POINT ( 'NONE',  ( -18.00000000000000000, 16.00000000000003553, -11.00000000000001243 ) ) ;
#854 = VERTEX_POINT ( 'NONE', #1388 ) ;
#855 = FACE_OUTER_BOUND ( 'NONE', #2590, .T. ) ;
#856 = CARTESIAN_POINT ( 'NONE',  ( -25.00000000000003553, -16.99999999999999645, -26.99999999999997158 ) ) ;
#857 = ORIENTED_EDGE ( 'NONE', *, *, #500, .F. ) ;
#858 = EDGE_CURVE ( 'NONE', #1449, #1311, #572, .T. ) ;
#859 = EDGE_CURVE ( 'NONE', #2696, #3020, #2053, .T. ) ;
#860 = CARTESIAN_POINT ( 'NONE',  ( 18.99999999999999645, 12.00000000000000000, 2.000000000000000000 ) ) ;
#861 = DIRECTION ( 'NONE',  ( -1.000000000000000000, 0.000000000000000000, 0.000000000000000000 ) ) ;
#862 = CARTESIAN_POINT ( 'NONE',  ( 21.39056671415345434, 10.09957388609654849, -0.03274127034935640779 ) ) ;
#863 = B_SPLINE_CURVE_WITH_KNOTS ( 'NONE', 1,
 ( #1175, #1982 ),
 .UNSPECIFIED., .F., .F.,
 ( 2, 2 ),
 ( 0.000000000000000000, 1.000000000000000000 ),
 .UNSPECIFIED. ) ;
#864 = ORIENTED_EDGE ( 'NONE', *, *, #3016, .T. ) ;
#865 = CARTESIAN_POINT ( 'NONE',  ( -21.87978653232096704, 10.43991389075247866, -0.2038929755003864031 ) ) ;
#866 = DIRECTION ( 'NONE',  ( 1.000000000000000000, 0.000000000000000000, 0.000000000000000000 ) ) ;
#867 = DIRECTION ( 'NONE',  ( 1.000000000000000000, 0.000000000000000000, 0.000000000000000000 ) ) ;
#868 = ORIENTED_EDGE ( 'NONE', *, *, #2743, .F. ) ;
#869 = CARTESIAN_POINT ( 'NONE',  ( -4.101020514433641573, 0.000000000000000000, 0.000000000000000000 ) ) ;
#870 = DIRECTION ( 'NONE',  ( 0.000000000000000000, 0.000000000000000000, 1.000000000000000000 ) ) ;
#871 = EDGE_LOOP ( 'NONE', ( #2812, #2499, #923, #198 ) ) ;
#872 = CARTESIAN_POINT ( 'NONE',  ( -23.00000000000003553, -1.999999999999997113, -1.999999999999967137 ) ) ;
#873 = ADVANCED_FACE ( 'NONE', ( #2140 ), #3135, .F. ) ;
#874 = DIRECTION ( 'NONE',  ( 0.000000000000000000, 0.000000000000000000, 1.000000000000000000 ) ) ;
#875 = ADVANCED_FACE ( 'NONE', ( #1436 ), #161, .F. ) ;
#876 = ADVANCED_FACE ( 'NONE', ( #1182 ), #928, .F. ) ;
#877 = ORIENTED_EDGE ( 'NONE', *, *, #1394, .F. ) ;
#878 = AXIS2_PLACEMENT_3D ( 'NONE', #1565, #2326, #3024 ) ;
#879 = VECTOR ( 'NONE', #2452, 1000.000000000000000 ) ;
#880 = CARTESIAN_POINT ( 'NONE',  ( -22.04408059168930123, 10.71327018104182294, -0.2937175241357506406 ) ) ;
#881 = CARTESIAN_POINT ( 'NONE',  ( -3.000000000000002665, 12.36034028235800797, -0.03272907790763260327 ) ) ;
#882 = EDGE_LOOP ( 'NONE', ( #1362, #1323, #2201, #2734 ) ) ;
#883 = CARTESIAN_POINT ( 'NONE',  ( 13.89897948556635754, 3.000000000000000000, 0.000000000000000000 ) ) ;
#884 = VECTOR ( 'NONE', #1645, 1000.000000000000000 ) ;
#885 = CARTESIAN_POINT ( 'NONE',  ( 2.949866846107866980, 13.98700104057185634, -1.747375924445579543 ) ) ;
#886 = VECTOR ( 'NONE', #1478, 1000.000000000000000 ) ;
#887 = CARTESIAN_POINT ( 'NONE',  ( -18.00000000000000000, 14.00000000000003375, -11.00000000000001954 ) ) ;
#888 = ORIENTED_EDGE ( 'NONE', *, *, #224, .T. ) ;
#889 = CARTESIAN_POINT ( 'NONE',  ( 20.99999999999999645, 16.00000000000003553, -11.00000000000001243 ) ) ;
#890 = ORIENTED_EDGE ( 'NONE', *, *, #2859, .F. ) ;
#891 = CIRCLE ( 'NONE', #2746, 2.999999999999999112 ) ;
#892 = CARTESIAN_POINT ( 'NONE',  ( -18.99999999999999645, 12.00000000000000000, 2.000000000000000000 ) ) ;
#893 = VECTOR ( 'NONE', #1511, 1000.000000000000000 ) ;
#894 = DIRECTION ( 'NONE',  ( 1.000000000000000000, 0.000000000000000000, 0.000000000000000000 ) ) ;
#895 = APPLICATION_CONTEXT ( 'automotive_design' ) ;
#896 = EDGE_CURVE ( 'NONE', #2070, #2979, #940, .T. ) ;
#897 = VERTEX_POINT ( 'NONE', #694 ) ;
#898 = EDGE_CURVE ( 'NONE', #2614, #719, #1843, .T. ) ;
#899 = CARTESIAN_POINT ( 'NONE',  ( -23.02110981907948428, 10.64557280564152997, 1.452724416802701590 ) ) ;
#900 = CARTESIAN_POINT ( 'NONE',  ( -23.91736060176424061, 11.82134077936569838, 0.7375781888759838090 ) ) ;
#901 = ORIENTED_EDGE ( 'NONE', *, *, #2911, .T. ) ;
#902 = FACE_OUTER_BOUND ( 'NONE', #1086, .T. ) ;
#903 = DIRECTION ( 'NONE',  ( 1.000000000000000000, -0.000000000000000000, 0.000000000000000000 ) ) ;
#904 = DIRECTION ( 'NONE',  ( -0.000000000000000000, -1.000000000000000000, 0.000000000000000000 ) ) ;
#905 = ORIENTED_EDGE ( 'NONE', *, *, #2876, .F. ) ;
#906 = DIRECTION ( 'NONE',  ( 0.000000000000000000, 1.000000000000000000, 0.000000000000000000 ) ) ;
#907 = CARTESIAN_POINT ( 'NONE',  ( 23.00000000000000000, -2.000000000000000000, -2.000000000000026201 ) ) ;
#908 = ORIENTED_EDGE ( 'NONE', *, *, #1578, .F. ) ;
#909 = LINE ( 'NONE', #1915, #2946 ) ;
#910 = CARTESIAN_POINT ( 'NONE',  ( -2.965835714824269775, 13.98568502342858721, -1.740191153867061358 ) ) ;
#911 = DIRECTION ( 'NONE',  ( 0.000000000000000000, 0.000000000000000000, -1.000000000000000000 ) ) ;
#912 = DIRECTION ( 'NONE',  ( 0.000000000000000000, -1.000000000000000000, -1.084202172485504434E-16 ) ) ;
#913 = CARTESIAN_POINT ( 'NONE',  ( 23.30965580587234598, 10.91679937400551914, 1.277599099981926667 ) ) ;
#914 = EDGE_LOOP ( 'NONE', ( #3080, #137, #2291, #1342 ) ) ;
#915 = ADVANCED_FACE ( 'NONE', ( #2518, #1218, #257 ), #2276, .F. ) ;
#916 = CARTESIAN_POINT ( 'NONE',  ( -20.74462604735618498, 14.81815488772744516, 0.8389088081233336824 ) ) ;
#917 = CARTESIAN_POINT ( 'NONE',  ( 20.99999999999999645, 9.999999999999998224, 0.000000000000000000 ) ) ;
#918 = LINE ( 'NONE', #2431, #781 ) ;
#919 = ORIENTED_EDGE ( 'NONE', *, *, #1516, .T. ) ;
#920 = EDGE_CURVE ( 'NONE', #2349, #2689, #2267, .T. ) ;
#921 = CARTESIAN_POINT ( 'NONE',  ( -23.00000000000003553, -7.449999999999994849, -10.14999999999997193 ) ) ;
#922 = CARTESIAN_POINT ( 'NONE',  ( 25.00000000000000000, 9.000000000000001776, -30.00000000000003197 ) ) ;
#923 = ORIENTED_EDGE ( 'NONE', *, *, #1078, .F. ) ;
#924 = ORIENTED_EDGE ( 'NONE', *, *, #1169, .T. ) ;
#925 = CARTESIAN_POINT ( 'NONE',  ( -20.99999999999999645, 16.00000000000004263, -14.00000000000001421 ) ) ;
#926 = FACE_OUTER_BOUND ( 'NONE', #2247, .T. ) ;
#927 = CARTESIAN_POINT ( 'NONE',  ( 25.00000000000000000, 0.000000000000000000, -1.999999999999998224 ) ) ;
#928 = PLANE ( 'NONE',  #3144 ) ;
#929 = CARTESIAN_POINT ( 'NONE',  ( 20.33333333333332860, 13.26254824486515282, -0.4488804271146852320 ) ) ;
#930 = CARTESIAN_POINT ( 'NONE',  ( 24.41842570033030668, 12.00000000000000178, 0.07710513246711242497 ) ) ;
#931 = CYLINDRICAL_SURFACE ( 'NONE', #999, 2.000000000000000000 ) ;
#932 = VERTEX_POINT ( 'NONE', #1022 ) ;
#933 = CARTESIAN_POINT ( 'NONE',  ( -23.00000000000003553, 9.000000000000005329, -29.99999999999997158 ) ) ;
#934 = DIRECTION ( 'NONE',  ( -1.000000000000000000, 0.000000000000000000, -0.000000000000000000 ) ) ;
#935 = ORIENTED_EDGE ( 'NONE', *, *, #2744, .T. ) ;
#936 = FACE_OUTER_BOUND ( 'NONE', #2126, .T. ) ;
#937 = VECTOR ( 'NONE', #522, 1000.000000000000000 ) ;
#938 = CARTESIAN_POINT ( 'NONE',  ( 23.00000000000000000, 12.00000000000000000, -2.775557561562891351E-14 ) ) ;
#939 = ORIENTED_EDGE ( 'NONE', *, *, #3062, .F. ) ;
#940 = CIRCLE ( 'NONE', #2476, 4.000000000000001776 ) ;
#941 = ORIENTED_EDGE ( 'NONE', *, *, #225, .F. ) ;
#942 = ADVANCED_FACE ( 'NONE', ( #3230, #2491 ), #1972, .T. ) ;
#943 = CARTESIAN_POINT ( 'NONE',  ( 2.749999999999998668, 4.999999999999992895, 0.000000000000000000 ) ) ;
#944 = LINE ( 'NONE', #1936, #2428 ) ;
#945 = AXIS2_PLACEMENT_3D ( 'NONE', #1320, #75, #1072 ) ;
#946 = CARTESIAN_POINT ( 'NONE',  ( -23.00000000000003553, -1.999999999999998224, -1.999999999999967137 ) ) ;
#947 = CARTESIAN_POINT ( 'NONE',  ( 22.26254824486515105, 11.33333333333333215, -0.4488804271146862868 ) ) ;
#948 = CARTESIAN_POINT ( 'NONE',  ( -6.200583151104937407, 0.8571428571428575394, 2.000000000000000000 ) ) ;
#949 = DIRECTION ( 'NONE',  ( 1.000000000000000000, 0.000000000000000000, 0.000000000000000000 ) ) ;
#950 = AXIS2_PLACEMENT_3D ( 'NONE', #597, #2901, #1141 ) ;
#951 = CARTESIAN_POINT ( 'NONE',  ( 20.96577654592074325, 15.30039036130108698, 0.2713634924209221144 ) ) ;
#952 = VECTOR ( 'NONE', #371, 1000.000000000000000 ) ;
#953 = LINE ( 'NONE', #1505, #2103 ) ;
#954 = ORIENTED_EDGE ( 'NONE', *, *, #375, .F. ) ;
#955 = VECTOR ( 'NONE', #904, 1000.000000000000000 ) ;
#956 = FACE_OUTER_BOUND ( 'NONE', #2071, .T. ) ;
#957 = COLOUR_RGB ( '',0.5294117647058823595, 0.5490196078431373028, 0.5490196078431373028 ) ;
#958 = CARTESIAN_POINT ( 'NONE',  ( -20.99999999999999645, 15.41842570033031024, 0.07710513246711415969 ) ) ;
#959 = VERTEX_POINT ( 'NONE', #437 ) ;
#960 = CARTESIAN_POINT ( 'NONE',  ( 11.79941684889506170, 0.8571428571428566512, 0.000000000000000000 ) ) ;
#961 = CARTESIAN_POINT ( 'NONE',  ( 23.52509648973030565, 11.33333333333333215, 1.102239145770627315 ) ) ;
#962 = DIRECTION ( 'NONE',  ( 1.000000000000000000, 0.000000000000000000, 0.000000000000000000 ) ) ;
#963 = ORIENTED_EDGE ( 'NONE', *, *, #2079, .F. ) ;
#964 = VERTEX_POINT ( 'NONE', #2973 ) ;
#965 = B_SPLINE_CURVE_WITH_KNOTS ( 'NONE', 3,
 ( #3038, #2797, #1609, #353, #567, #2102 ),
 .UNSPECIFIED., .F., .F.,
 ( 4, 2, 4 ),
 ( 0.000000000000000000, 0.5000000000000000000, 1.000000000000000000 ),
 .UNSPECIFIED. ) ;
#966 = EDGE_CURVE ( 'NONE', #1465, #90, #2539, .T. ) ;
#967 = CARTESIAN_POINT ( 'NONE',  ( 21.85189414936873931, 10.40188194887658391, -0.1904627181447907658 ) ) ;
#968 = EDGE_CURVE ( 'NONE', #2290, #640, #3045, .T. ) ;
#969 = CARTESIAN_POINT ( 'NONE',  ( 23.52509648973030565, 11.33333333333333215, 1.102239145770627315 ) ) ;
#970 = DIRECTION ( 'NONE',  ( 0.000000000000000000, 0.000000000000000000, 1.000000000000000000 ) ) ;
#971 = EDGE_CURVE ( 'NONE', #1311, #1179, #2245, .T. ) ;
#972 = DIRECTION ( 'NONE',  ( -1.000000000000000000, 0.000000000000000000, 0.000000000000000000 ) ) ;
#973 = ORIENTED_EDGE ( 'NONE', *, *, #2558, .T. ) ;
#974 = CARTESIAN_POINT ( 'NONE',  ( -20.82642569149568601, 14.92083881737971218, 0.7339007251831195511 ) ) ;
#975 = CARTESIAN_POINT ( 'NONE',  ( 23.00000000000000000, -2.000000000000000000, -1.000000000000025979 ) ) ;
#976 = ORIENTED_EDGE ( 'NONE', *, *, #1318, .T. ) ;
#977 = DIRECTION ( 'NONE',  ( 1.000000000000000000, 0.000000000000000000, 0.000000000000000000 ) ) ;
#978 = LINE ( 'NONE', #460, #886 ) ;
#979 = B_SPLINE_CURVE_WITH_KNOTS ( 'NONE', 3,
 ( #2161, #3158, #346, #1359, #899, #2593, #1904, #1108, #1589, #852, #331, #1864, #2864, #1374, #1732, #2947, #2429, #169, #2478, #699 ),
 .UNSPECIFIED., .F., .F.,
 ( 4, 2, 2, 2, 2, 2, 2, 2, 2, 4 ),
 ( 0.000000000000000000, 0.2500000000000000000, 0.3750000000000000000, 0.4375000000000000000, 0.4687500000000000000, 0.4843750000000000000, 0.4921875000000000000, 0.5000000000000000000, 0.7500000000000000000, 1.000000000000000000 ),
 .UNSPECIFIED. ) ;
#980 =( NAMED_UNIT ( * ) PLANE_ANGLE_UNIT ( ) SI_UNIT ( $, .RADIAN. ) );
#981 = ORIENTED_EDGE ( 'NONE', *, *, #2804, .T. ) ;
#982 = VERTEX_POINT ( 'NONE', #1058 ) ;
#983 = CARTESIAN_POINT ( 'NONE',  ( -25.00000000000003553, -7.449999999999994849, -13.29999999999997229 ) ) ;
#984 = FACE_OUTER_BOUND ( 'NONE', #3112, .T. ) ;
#985 = CARTESIAN_POINT ( 'NONE',  ( -25.00000000000003553, 12.00000000000000355, -26.99999999999997158 ) ) ;
#986 = CARTESIAN_POINT ( 'NONE',  ( 13.89897948556635754, 3.000000000000000000, 2.000000000000000000 ) ) ;
#987 = PRODUCT_RELATED_PRODUCT_CATEGORY ( 'part', '', ( #2896 ) ) ;
#988 = EDGE_CURVE ( 'NONE', #2033, #2260, #1264, .T. ) ;
#989 = LINE ( 'NONE', #1521, #2889 ) ;
#990 = ORIENTED_EDGE ( 'NONE', *, *, #107, .T. ) ;
#991 = EDGE_CURVE ( 'NONE', #3173, #1492, #2555, .T. ) ;
#992 = CARTESIAN_POINT ( 'NONE',  ( -20.54124767575923016, 13.32548914702291931, -0.5018039249951223857 ) ) ;
#993 = EDGE_LOOP ( 'NONE', ( #3184, #2710, #1731, #2549 ) ) ;
#994 = CARTESIAN_POINT ( 'NONE',  ( 19.43424671919299129, 12.87530587795118642, -0.2017103049446188345 ) ) ;
#995 = DIRECTION ( 'NONE',  ( 0.000000000000000000, 1.000000000000000000, -3.491481338843133355E-15 ) ) ;
#996 = CARTESIAN_POINT ( 'NONE',  ( -25.00000000000000000, 6.999999999999999112, -7.830000000000027605 ) ) ;
#997 = VERTEX_POINT ( 'NONE', #1657 ) ;
#998 = ORIENTED_EDGE ( 'NONE', *, *, #183, .T. ) ;
#999 = AXIS2_PLACEMENT_3D ( 'NONE', #426, #1730, #2462 ) ;
#1000 = DIRECTION ( 'NONE',  ( 1.000000000000000000, 0.000000000000000000, 0.000000000000000000 ) ) ;
#1001 = AXIS2_PLACEMENT_3D ( 'NONE', #2714, #2025, #2700 ) ;
#1002 = CARTESIAN_POINT ( 'NONE',  ( -22.70921285016515156, 12.00000000000000000, -0.9614474337664427050 ) ) ;
#1003 = DIRECTION ( 'NONE',  ( -1.000000000000000000, 0.000000000000000000, -0.000000000000000000 ) ) ;
#1004 = FACE_OUTER_BOUND ( 'NONE', #2926, .T. ) ;
#1005 = AXIS2_PLACEMENT_3D ( 'NONE', #2246, #258, #1490 ) ;
#1006 = AXIS2_PLACEMENT_3D ( 'NONE', #2513, #270, #1309 ) ;
#1007 = CARTESIAN_POINT ( 'NONE',  ( 20.99999999999999645, 15.41842570033031024, 0.07710513246711415969 ) ) ;
#1008 = ORIENTED_EDGE ( 'NONE', *, *, #3079, .T. ) ;
#1009 = CARTESIAN_POINT ( 'NONE',  ( 23.00000000000000000, -20.00000000000000000, -1.000000000000028200 ) ) ;
#1010 = DIRECTION ( 'NONE',  ( 0.000000000000000000, 0.000000000000000000, -1.000000000000000000 ) ) ;
#1011 = EDGE_CURVE ( 'NONE', #476, #108, #3160, .T. ) ;
#1012 = ADVANCED_FACE ( 'NONE', ( #153, #2707, #902 ), #171, .F. ) ;
#1013 = AXIS2_PLACEMENT_3D ( 'NONE', #211, #706, #2488 ) ;
#1014 = VERTEX_POINT ( 'NONE', #960 ) ;
#1015 = CARTESIAN_POINT ( 'NONE',  ( -19.30926937034720581, 12.75613121725134036, -0.1481982908174701574 ) ) ;
#1016 = LINE ( 'NONE', #2219, #893 ) ;
#1017 = CARTESIAN_POINT ( 'NONE',  ( -20.99999999999999645, 12.00000000000000000, 0.000000000000000000 ) ) ;
#1018 = ORIENTED_EDGE ( 'NONE', *, *, #69, .T. ) ;
#1019 = FACE_OUTER_BOUND ( 'NONE', #738, .T. ) ;
#1020 = CARTESIAN_POINT ( 'NONE',  ( -22.26254824486515105, 11.33333333333333393, -0.4488804271146865088 ) ) ;
#1021 = CYLINDRICAL_SURFACE ( 'NONE', #1623, 2.000000000000000000 ) ;
#1022 = CARTESIAN_POINT ( 'NONE',  ( 3.000000000000000888, 15.93454184418473218, -1.279319435283984729 ) ) ;
#1023 = DIRECTION ( 'NONE',  ( 0.000000000000000000, -1.000000000000000000, 0.000000000000000000 ) ) ;
#1024 = FACE_OUTER_BOUND ( 'NONE', #1723, .T. ) ;
#1025 = VERTEX_POINT ( 'NONE', #3140 ) ;
#1026 = DIRECTION ( 'NONE',  ( -1.000000000000000000, 0.000000000000000000, 0.000000000000000000 ) ) ;
#1027 = CARTESIAN_POINT ( 'NONE',  ( -22.49767977085471671, 11.85872109932310892, -0.6723617677398056047 ) ) ;
#1028 = ORIENTED_EDGE ( 'NONE', *, *, #242, .T. ) ;
#1029 = EDGE_CURVE ( 'NONE', #1706, #1014, #623, .T. ) ;
#1030 = CARTESIAN_POINT ( 'NONE',  ( -19.33147946342098678, 13.56425406348841101, 1.681830163674558065 ) ) ;
#1031 = CARTESIAN_POINT ( 'NONE',  ( -25.00000000000000000, -7.449999999999998401, -13.30000000000002736 ) ) ;
#1032 = EDGE_LOOP ( 'NONE', ( #2331, #459, #591, #2508 ) ) ;
#1033 = DIRECTION ( 'NONE',  ( 1.000000000000000000, 2.168404344971008868E-16, 0.000000000000000000 ) ) ;
#1034 = CARTESIAN_POINT ( 'NONE',  ( -20.99999999999999645, 15.99999999999999645, 3.469446951953614189E-14 ) ) ;
#1035 = DIRECTION ( 'NONE',  ( -1.000000000000000000, 0.000000000000000000, -0.000000000000000000 ) ) ;
#1036 = ORIENTED_EDGE ( 'NONE', *, *, #107, .F. ) ;
#1037 = DIRECTION ( 'NONE',  ( -0.000000000000000000, -1.000000000000000000, -0.000000000000000000 ) ) ;
#1038 = CARTESIAN_POINT ( 'NONE',  ( 19.71327018104462780, 13.04408059169015921, -0.2937175241362700584 ) ) ;
#1039 = CARTESIAN_POINT ( 'NONE',  ( -22.59325242543060597, 11.93069923085973549, -0.7887136256665379097 ) ) ;
#1040 = ORIENTED_EDGE ( 'NONE', *, *, #3153, .T. ) ;
#1041 = B_SPLINE_CURVE_WITH_KNOTS ( 'NONE', 3,
 ( #1464, #3209, #703, #1724, #2748, #1481, #2723, #1985 ),
 .UNSPECIFIED., .F., .F.,
 ( 4, 2, 2, 4 ),
 ( 0.000000000000000000, 0.2500000000000009437, 0.5000000000000018874, 1.000000000000000000 ),
 .UNSPECIFIED. ) ;
#1042 = CARTESIAN_POINT ( 'NONE',  ( 23.00000000000000000, -5.000000000000000000, -1.000000000000026423 ) ) ;
#1043 = ORIENTED_EDGE ( 'NONE', *, *, #2761, .T. ) ;
#1044 = CARTESIAN_POINT ( 'NONE',  ( 19.55556738921317006, 12.95905095105787908, -0.2448338545246510345 ) ) ;
#1045 = DIRECTION ( 'NONE',  ( 0.000000000000000000, -1.000000000000000000, 0.000000000000000000 ) ) ;
#1046 = DIRECTION ( 'NONE',  ( -1.000000000000000000, 0.000000000000000000, 0.000000000000000000 ) ) ;
#1047 = ORIENTED_EDGE ( 'NONE', *, *, #2876, .T. ) ;
#1048 = DIRECTION ( 'NONE',  ( -2.168404344971008868E-16, 1.000000000000000000, 0.000000000000000000 ) ) ;
#1049 = LINE ( 'NONE', #1097, #1543 ) ;
#1050 = ORIENTED_EDGE ( 'NONE', *, *, #1816, .F. ) ;
#1051 = CARTESIAN_POINT ( 'NONE',  ( 25.00000000000000000, -20.00000000000000000, -1.000000000000028200 ) ) ;
#1052 = ADVANCED_FACE ( 'NONE', ( #936 ), #1174, .T. ) ;
#1053 = VECTOR ( 'NONE', #451, 1000.000000000000000 ) ;
#1054 = FACE_OUTER_BOUND ( 'NONE', #545, .T. ) ;
#1055 = CIRCLE ( 'NONE', #262, 2.750000000000000000 ) ;
#1056 = ORIENTED_EDGE ( 'NONE', *, *, #305, .T. ) ;
#1057 = AXIS2_PLACEMENT_3D ( 'NONE', #2627, #368, #568 ) ;
#1058 = CARTESIAN_POINT ( 'NONE',  ( -11.79941684889506170, 0.8571428571428566512, 2.000000000000000000 ) ) ;
#1059 = VECTOR ( 'NONE', #1087, 1000.000000000000000 ) ;
#1060 = EDGE_LOOP ( 'NONE', ( #414, #905, #2936, #1772 ) ) ;
#1061 = AXIS2_PLACEMENT_3D ( 'NONE', #3223, #1420, #681 ) ;
#1062 = CARTESIAN_POINT ( 'NONE',  ( -19.36612596993781565, 12.81821290207686204, -0.1749793412250918723 ) ) ;
#1063 = VECTOR ( 'NONE', #155, 1000.000000000000000 ) ;
#1064 = SHAPE_DEFINITION_REPRESENTATION ( #584, #3217 ) ;
#1065 = LINE ( 'NONE', #758, #2109 ) ;
#1066 = CARTESIAN_POINT ( 'NONE',  ( 19.48825663996730739, 13.83065623493703100, 1.556555942755152522 ) ) ;
#1067 = ORIENTED_EDGE ( 'NONE', *, *, #1412, .T. ) ;
#1068 = CARTESIAN_POINT ( 'NONE',  ( 25.00000000000000000, -20.00000000000000000, -27.00000000000003553 ) ) ;
#1069 = DIRECTION ( 'NONE',  ( 1.000000000000000000, 0.000000000000000000, 0.000000000000000000 ) ) ;
#1070 = ORIENTED_EDGE ( 'NONE', *, *, #966, .T. ) ;
#1071 = DIRECTION ( 'NONE',  ( 0.000000000000000000, -1.000000000000000000, -0.000000000000000000 ) ) ;
#1072 = DIRECTION ( 'NONE',  ( -1.387778780781443151E-14, 0.000000000000000000, -1.000000000000000000 ) ) ;
#1073 = DIRECTION ( 'NONE',  ( 0.000000000000000000, -1.084202172485504434E-16, 1.000000000000000000 ) ) ;
#1074 = ADVANCED_FACE ( 'NONE', ( #2467, #1894, #3188 ), #1946, .T. ) ;
#1075 = EDGE_CURVE ( 'NONE', #704, #2022, #187, .T. ) ;
#1076 = B_SPLINE_CURVE_WITH_KNOTS ( 'NONE', 3,
 ( #2, #1747, #2446, #1185, #2192, #3183 ),
 .UNSPECIFIED., .F., .F.,
 ( 4, 2, 4 ),
 ( 0.000000000000000000, 0.5000000000000000000, 1.000000000000000000 ),
 .UNSPECIFIED. ) ;
#1077 = ORIENTED_EDGE ( 'NONE', *, *, #2133, .T. ) ;
#1078 = EDGE_CURVE ( 'NONE', #1302, #98, #1055, .T. ) ;
#1079 = VERTEX_POINT ( 'NONE', #700 ) ;
#1080 = CARTESIAN_POINT ( 'NONE',  ( -19.40188194887644357, 13.70378829873625115, 1.619074563711004222 ) ) ;
#1081 = DIRECTION ( 'NONE',  ( 0.000000000000000000, 0.000000000000000000, 1.000000000000000000 ) ) ;
#1082 = LINE ( 'NONE', #1591, #2426 ) ;
#1083 = ORIENTED_EDGE ( 'NONE', *, *, #583, .F. ) ;
#1084 = CARTESIAN_POINT ( 'NONE',  ( 2.749999999999998224, 6.999999999999992895, 0.000000000000000000 ) ) ;
#1085 = CARTESIAN_POINT ( 'NONE',  ( 23.00000000000000000, -1.000000000000000000, -2.000000000000001776 ) ) ;
#1086 = EDGE_LOOP ( 'NONE', ( #843, #3137, #1202, #2711, #2321, #1556, #1893, #494, #2085, #1212, #1762 ) ) ;
#1087 = DIRECTION ( 'NONE',  ( 1.000000000000000000, 0.000000000000000000, 0.000000000000000000 ) ) ;
#1088 = B_SPLINE_SURFACE_WITH_KNOTS ( 'NONE', 1, 3, ( 
 ( #3175, #2481, #1498, #2497, #2237, #236, #431, #1194, #2999, #1930, #742, #2952, #1753, #1446 ),
 ( #205, #668, #2691, #2453, #188, #1015, #2019, #1062, #2559, #1832, #2319, #2335, #287, #2822 ) ),
 .UNSPECIFIED., .F., .F., .F.,
 ( 2, 2 ),
 ( 4, 2, 2, 2, 2, 2, 4 ),
 ( 0.000000000000000000, 1.000000000000000000 ),
 ( 0.000000000000000000, 0.2500000000000000000, 0.3750000000000000000, 0.4375000000000000000, 0.4687500000000000000, 0.5000000000000000000, 1.000000000000000000 ),
 .UNSPECIFIED. ) ;
#1089 = EDGE_CURVE ( 'NONE', #1926, #2556, #1720, .T. ) ;
#1090 = ORIENTED_EDGE ( 'NONE', *, *, #2639, .T. ) ;
#1091 = ORIENTED_EDGE ( 'NONE', *, *, #2937, .T. ) ;
#1092 = EDGE_CURVE ( 'NONE', #1584, #1927, #1627, .T. ) ;
#1093 = PLANE ( 'NONE',  #2432 ) ;
#1094 = CARTESIAN_POINT ( 'NONE',  ( 23.52509648973030565, 11.33333333333333215, 1.102239145770627315 ) ) ;
#1095 = ORIENTED_EDGE ( 'NONE', *, *, #2744, .F. ) ;
#1096 = FACE_OUTER_BOUND ( 'NONE', #427, .T. ) ;
#1097 = CARTESIAN_POINT ( 'NONE',  ( 20.99999999999999645, 12.00000000000000000, -27.00000000000003553 ) ) ;
#1098 = ORIENTED_EDGE ( 'NONE', *, *, #1991, .T. ) ;
#1099 = CARTESIAN_POINT ( 'NONE',  ( -23.00000000000003197, -4.999999999999999112, 2.000000000000027089 ) ) ;
#1100 = AXIS2_PLACEMENT_3D ( 'NONE', #1786, #2548, #1574 ) ;
#1101 = DIRECTION ( 'NONE',  ( 1.000000000000000000, 0.000000000000000000, -1.370553316539457353E-14 ) ) ;
#1102 = ORIENTED_EDGE ( 'NONE', *, *, #2156, .T. ) ;
#1103 = AXIS2_PLACEMENT_3D ( 'NONE', #2622, #2643, #867 ) ;
#1104 = AXIS2_PLACEMENT_3D ( 'NONE', #2235, #2997, #2949 ) ;
#1105 = ORIENTED_EDGE ( 'NONE', *, *, #1520, .T. ) ;
#1106 = VECTOR ( 'NONE', #606, 1000.000000000000000 ) ;
#1107 = ADVANCED_FACE ( 'NONE', ( #3222 ), #3236, .F. ) ;
#1108 = CARTESIAN_POINT ( 'NONE',  ( -22.83065623493637375, 10.48825663996626467, 1.556555942755488031 ) ) ;
#1109 = DIRECTION ( 'NONE',  ( -1.000000000000000000, 0.000000000000000000, 0.000000000000000000 ) ) ;
#1110 = VECTOR ( 'NONE', #717, 1000.000000000000000 ) ;
#1111 = B_SPLINE_SURFACE_WITH_KNOTS ( 'NONE', 1, 3, ( 
 ( #1835, #1345, #2353, #1379, #97, #3100, #2854, #1066, #2610, #348, #1919, #2175, #2633, #2752, #294, #1319, #74, #1663, #826, #860 ),
 ( #337, #1349, #600, #2931, #1783, #1044, #477, #1735, #3014, #1497, #3047, #1509, #2806, #994, #300, #1258, #2317, #508, #234, #3239 ) ),
 .UNSPECIFIED., .F., .F., .F.,
 ( 2, 2 ),
 ( 4, 2, 2, 2, 2, 2, 2, 2, 2, 4 ),
 ( 0.000000000000000000, 1.000000000000000000 ),
 ( 0.000000000000000000, 0.2500000000000000000, 0.3750000000000000000, 0.4375000000000000000, 0.4687500000000000000, 0.4843750000000000000, 0.4921875000000000000, 0.5000000000000000000, 0.7500000000000000000, 1.000000000000000000 ),
 .UNSPECIFIED. ) ;
#1112 = VECTOR ( 'NONE', #1771, 1000.000000000000000 ) ;
#1113 = DIRECTION ( 'NONE',  ( -1.000000000000000000, 0.000000000000000000, -0.000000000000000000 ) ) ;
#1114 = CARTESIAN_POINT ( 'NONE',  ( 23.00000000000000000, -20.00000000000000000, -27.00000000000003553 ) ) ;
#1115 = ORIENTED_EDGE ( 'NONE', *, *, #802, .F. ) ;
#1116 = DIRECTION ( 'NONE',  ( 1.000000000000000000, 0.000000000000000000, 0.000000000000000000 ) ) ;
#1117 = VECTOR ( 'NONE', #70, 1000.000000000000000 ) ;
#1118 = CARTESIAN_POINT ( 'NONE',  ( 21.81821290207830444, 10.36612596993813895, -0.1749793412257421854 ) ) ;
#1119 = DIRECTION ( 'NONE',  ( -1.000000000000000000, -0.000000000000000000, -0.000000000000000000 ) ) ;
#1120 = ORIENTED_EDGE ( 'NONE', *, *, #285, .T. ) ;
#1121 = CARTESIAN_POINT ( 'NONE',  ( -25.00000000000003197, 12.00000000000000355, -1.999999999999998224 ) ) ;
#1122 = CARTESIAN_POINT ( 'NONE',  ( -24.18650485086121193, 11.93069923085973549, 0.4225727486669249577 ) ) ;
#1123 = EDGE_CURVE ( 'NONE', #596, #276, #2283, .T. ) ;
#1124 = CARTESIAN_POINT ( 'NONE',  ( -22.26254824486515105, 11.33333333333333393, -0.4488804271146865088 ) ) ;
#1125 = CARTESIAN_POINT ( 'NONE',  ( -2.716466935828465434, 12.09425143731868246, 2.000712782899640718 ) ) ;
#1126 = EDGE_LOOP ( 'NONE', ( #406, #463, #2214, #2148 ) ) ;
#1127 = DIRECTION ( 'NONE',  ( 0.000000000000000000, -1.000000000000000000, -0.000000000000000000 ) ) ;
#1128 = FACE_OUTER_BOUND ( 'NONE', #1383, .T. ) ;
#1129 = EDGE_CURVE ( 'NONE', #1569, #2894, #1780, .T. ) ;
#1130 = EDGE_CURVE ( 'NONE', #1584, #2393, #2810, .T. ) ;
#1131 = CARTESIAN_POINT ( 'NONE',  ( -4.101020514433641573, 3.000000000000000000, 0.000000000000000000 ) ) ;
#1132 = CARTESIAN_POINT ( 'NONE',  ( -20.99999999999999645, 9.999999999999998224, 2.000000000000000000 ) ) ;
#1133 = CARTESIAN_POINT ( 'NONE',  ( 25.00000000000000000, 4.999999999999999112, -10.58000000000001961 ) ) ;
#1134 = DIRECTION ( 'NONE',  ( 0.000000000000000000, 0.000000000000000000, -1.000000000000000000 ) ) ;
#1135 = CARTESIAN_POINT ( 'NONE',  ( -22.83065623493637375, 10.48825663996626467, 1.556555942755488031 ) ) ;
#1136 = EDGE_LOOP ( 'NONE', ( #2016, #417, #2089, #1508 ) ) ;
#1137 = CARTESIAN_POINT ( 'NONE',  ( -23.00000000000003553, -19.99999999999999645, -26.99999999999997158 ) ) ;
#1138 = LINE ( 'NONE', #3139, #2738 ) ;
#1139 = LINE ( 'NONE', #1636, #2992 ) ;
#1140 = ORIENTED_EDGE ( 'NONE', *, *, #1578, .T. ) ;
#1141 = DIRECTION ( 'NONE',  ( 0.000000000000000000, 0.000000000000000000, -1.000000000000000000 ) ) ;
#1142 = CARTESIAN_POINT ( 'NONE',  ( 2.500002795412816781, 12.00000000000000000, 0.000000000000000000 ) ) ;
#1143 = ORIENTED_EDGE ( 'NONE', *, *, #2401, .F. ) ;
#1144 = CARTESIAN_POINT ( 'NONE',  ( 20.33333333333332860, 14.52509648973030565, 1.102239145770629536 ) ) ;
#1145 = CARTESIAN_POINT ( 'NONE',  ( -23.00000000000003553, -0.9999999999999967804, -1.999999999999980904 ) ) ;
#1146 = EDGE_CURVE ( 'NONE', #2040, #1284, #3059, .T. ) ;
#1147 = CARTESIAN_POINT ( 'NONE',  ( -23.00000000000003553, -16.99999999999999645, -29.99999999999997158 ) ) ;
#1148 = PLANE ( 'NONE',  #1998 ) ;
#1149 = CARTESIAN_POINT ( 'NONE',  ( 22.34424412645812907, 10.24530182493895936, 1.769279975514659764 ) ) ;
#1150 = VERTEX_POINT ( 'NONE', #2769 ) ;
#1151 = CIRCLE ( 'NONE', #1104, 2.000000000000001776 ) ;
#1152 = DIRECTION ( 'NONE',  ( 1.000000000000000000, -0.000000000000000000, 0.000000000000000000 ) ) ;
#1153 = CARTESIAN_POINT ( 'NONE',  ( -20.99999999999999645, 12.00000000000000000, -2.000000000000000000 ) ) ;
#1154 = CARTESIAN_POINT ( 'NONE',  ( -20.68783980746579587, 14.76455157037379884, 0.8911338272044925235 ) ) ;
#1155 = CIRCLE ( 'NONE', #117, 2.999999999999999112 ) ;
#1156 = CARTESIAN_POINT ( 'NONE',  ( -23.00000000000000000, 12.00000000000000000, 2.000000000000000000 ) ) ;
#1157 = VECTOR ( 'NONE', #1045, 1000.000000000000000 ) ;
#1158 = FACE_OUTER_BOUND ( 'NONE', #2969, .T. ) ;
#1159 = VERTEX_POINT ( 'NONE', #713 ) ;
#1160 = CARTESIAN_POINT ( 'NONE',  ( 20.99999999999999645, 12.00000000000000178, -2.000000000000000000 ) ) ;
#1161 = LINE ( 'NONE', #2170, #884 ) ;
#1162 = ORIENTED_EDGE ( 'NONE', *, *, #2362, .T. ) ;
#1163 = B_SPLINE_CURVE_WITH_KNOTS ( 'NONE', 3,
 ( #687, #2740, #46, #1560, #745, #252 ),
 .UNSPECIFIED., .F., .F.,
 ( 4, 2, 4 ),
 ( 0.000000000000000000, 0.5000000000000000000, 1.000000000000000000 ),
 .UNSPECIFIED. ) ;
#1164 = DIRECTION ( 'NONE',  ( 0.000000000000000000, 0.000000000000000000, -1.000000000000000000 ) ) ;
#1165 = CARTESIAN_POINT ( 'NONE',  ( 21.21133239393435588, 10.04276185639171715, -2.588075397878620786E-17 ) ) ;
#1166 = CIRCLE ( 'NONE', #2065, 3.000000000000000000 ) ;
#1167 = CARTESIAN_POINT ( 'NONE',  ( 23.81815488772797451, 11.74462604735721705, 0.8389088081228017746 ) ) ;
#1168 = EDGE_CURVE ( 'NONE', #1873, #2796, #527, .T. ) ;
#1169 = EDGE_CURVE ( 'NONE', #964, #897, #81, .T. ) ;
#1170 = ORIENTED_EDGE ( 'NONE', *, *, #966, .F. ) ;
#1171 = FACE_OUTER_BOUND ( 'NONE', #304, .T. ) ;
#1172 = CARTESIAN_POINT ( 'NONE',  ( 22.40907744386398548, 11.74462604735721705, -0.5805455959385993348 ) ) ;
#1173 = CARTESIAN_POINT ( 'NONE',  ( -20.76767866602686397, 14.84323738989531094, 0.8137838025990056234 ) ) ;
#1174 = PLANE ( 'NONE',  #3102 ) ;
#1175 = CARTESIAN_POINT ( 'NONE',  ( -20.33333333333333570, 14.52509648973030565, 1.102239145770629536 ) ) ;
#1176 = CARTESIAN_POINT ( 'NONE',  ( 2.632504245389357678, 12.01856899029603909, -5.257239689053861476E-14 ) ) ;
#1177 = VERTEX_POINT ( 'NONE', #1307 ) ;
#1178 = CARTESIAN_POINT ( 'NONE',  ( 20.55928095893592200, 14.65125723813521574, 0.9995494278056888948 ) ) ;
#1179 = VERTEX_POINT ( 'NONE', #815 ) ;
#1180 = FACE_OUTER_BOUND ( 'NONE', #2676, .T. ) ;
#1181 = CARTESIAN_POINT ( 'NONE',  ( 22.21613480211906833, 10.20620710641609463, 1.813615792219517520 ) ) ;
#1182 = FACE_OUTER_BOUND ( 'NONE', #18, .T. ) ;
#1183 = CARTESIAN_POINT ( 'NONE',  ( 20.33333333333332860, 14.52509648973030565, 1.102239145770629536 ) ) ;
#1184 = CARTESIAN_POINT ( 'NONE',  ( 20.85872109932190099, 14.99535954170410967, 0.6552764645264004262 ) ) ;
#1185 = CARTESIAN_POINT ( 'NONE',  ( -2.716466935828465434, 12.04712571865933768, 0.0003563914498203610368 ) ) ;
#1186 = CARTESIAN_POINT ( 'NONE',  ( -23.02110981907948428, 10.64557280564152997, 1.452724416802701590 ) ) ;
#1187 = VERTEX_POINT ( 'NONE', #1829 ) ;
#1188 = CARTESIAN_POINT ( 'NONE',  ( -20.74462604735618498, 13.40907744386372258, -0.5805455959383332143 ) ) ;
#1189 = EDGE_CURVE ( 'NONE', #2260, #3028, #1562, .T. ) ;
#1190 = EDGE_CURVE ( 'NONE', #1702, #2094, #115, .T. ) ;
#1191 = DIRECTION ( 'NONE',  ( 1.000000000000000000, 0.000000000000000000, 0.000000000000000000 ) ) ;
#1192 = ORIENTED_EDGE ( 'NONE', *, *, #2783, .F. ) ;
#1193 = CARTESIAN_POINT ( 'NONE',  ( -1.056113247153136405E-15, 7.000000000000001776, 0.000000000000000000 ) ) ;
#1194 = CARTESIAN_POINT ( 'NONE',  ( -19.36612596993781565, 13.63642580415372407, 1.650041317549816089 ) ) ;
#1195 = CARTESIAN_POINT ( 'NONE',  ( 22.02557685265974285, 10.61438593528131946, -0.2745750853131878610 ) ) ;
#1196 = ORIENTED_EDGE ( 'NONE', *, *, #499, .F. ) ;
#1197 =( LENGTH_UNIT ( ) NAMED_UNIT ( * ) SI_UNIT ( .MILLI., .METRE. ) );
#1198 = ORIENTED_EDGE ( 'NONE', *, *, #741, .T. ) ;
#1199 = DIRECTION ( 'NONE',  ( -1.000000000000000000, 0.000000000000000000, 5.053215498074302889E-16 ) ) ;
#1200 = CARTESIAN_POINT ( 'NONE',  ( -3.000000000000002665, 12.72068056471601594, 1.934541844184733961 ) ) ;
#1201 = CARTESIAN_POINT ( 'NONE',  ( -13.89897948556635754, 3.000000000000000000, 0.000000000000000000 ) ) ;
#1202 = ORIENTED_EDGE ( 'NONE', *, *, #1252, .F. ) ;
#1203 = CARTESIAN_POINT ( 'NONE',  ( -20.44672501713606039, 13.29500706886511452, -0.4753005896784951445 ) ) ;
#1204 = VECTOR ( 'NONE', #2189, 1000.000000000000000 ) ;
#1205 = VERTEX_POINT ( 'NONE', #1068 ) ;
#1206 = CARTESIAN_POINT ( 'NONE',  ( 23.00000000000000000, 12.00000000000000000, -2.775557561562891351E-14 ) ) ;
#1207 = EDGE_CURVE ( 'NONE', #276, #3046, #2550, .T. ) ;
#1208 = CIRCLE ( 'NONE', #2942, 2.999999999999999112 ) ;
#1209 = ADVANCED_FACE ( 'NONE', ( #1529 ), #2072, .F. ) ;
#1210 = CARTESIAN_POINT ( 'NONE',  ( -2.500002795412816781, 12.00000000000000000, 2.000000000000000000 ) ) ;
#1211 =( NAMED_UNIT ( * ) SI_UNIT ( $, .STERADIAN. ) SOLID_ANGLE_UNIT ( ) );
#1212 = ORIENTED_EDGE ( 'NONE', *, *, #777, .F. ) ;
#1213 = AXIS2_PLACEMENT_3D ( 'NONE', #1469, #677, #1417 ) ;
#1214 = ORIENTED_EDGE ( 'NONE', *, *, #2194, .F. ) ;
#1215 = AXIS2_PLACEMENT_3D ( 'NONE', #2416, #158, #1164 ) ;
#1216 = DIRECTION ( 'NONE',  ( 0.000000000000000000, 0.000000000000000000, -1.000000000000000000 ) ) ;
#1217 = DIRECTION ( 'NONE',  ( 1.000000000000000000, 0.000000000000000000, 0.000000000000000000 ) ) ;
#1218 = FACE_BOUND ( 'NONE', #851, .T. ) ;
#1219 = VECTOR ( 'NONE', #2250, 1000.000000000000000 ) ;
#1220 = CARTESIAN_POINT ( 'NONE',  ( 23.99793446799358776, 11.86373628266488467, 0.6523330048208566545 ) ) ;
#1221 = AXIS2_PLACEMENT_3D ( 'NONE', #2284, #2786, #40 ) ;
#1222 = CARTESIAN_POINT ( 'NONE',  ( 20.99999999999999645, 16.00000000000000000, -2.000000000000000000 ) ) ;
#1223 = VERTEX_POINT ( 'NONE', #3053 ) ;
#1224 = AXIS2_PLACEMENT_3D ( 'NONE', #1549, #2551, #291 ) ;
#1225 = DIRECTION ( 'NONE',  ( 1.000000000000000000, 0.000000000000000000, 0.000000000000000000 ) ) ;
#1226 = DIRECTION ( 'NONE',  ( 1.000000000000000000, 0.000000000000000000, 0.000000000000000000 ) ) ;
#1227 = CARTESIAN_POINT ( 'NONE',  ( -22.26254824486515105, 11.33333333333333393, -0.4488804271146865088 ) ) ;
#1228 = ORIENTED_EDGE ( 'NONE', *, *, #1540, .T. ) ;
#1229 = PRODUCT_DEFINITION ( 'UNKNOWN', '', #1900, #1754 ) ;
#1230 = CARTESIAN_POINT ( 'NONE',  ( -23.00000000000003553, -7.449999999999994849, -10.14999999999997193 ) ) ;
#1231 = ADVANCED_FACE ( 'NONE', ( #2086 ), #2533, .F. ) ;
#1232 = VERTEX_POINT ( 'NONE', #1285 ) ;
#1233 = DIRECTION ( 'NONE',  ( 0.000000000000000000, -3.469446951953612611E-15, 1.000000000000000000 ) ) ;
#1234 = CARTESIAN_POINT ( 'NONE',  ( 21.82975699894069521, 10.37789669992805131, -0.1802054679548126259 ) ) ;
#1235 = CARTESIAN_POINT ( 'NONE',  ( 20.99999999999999645, 12.00000000000000000, 1.999999999999974021 ) ) ;
#1236 = EDGE_CURVE ( 'NONE', #2894, #596, #2626, .T. ) ;
#1237 = ADVANCED_FACE ( 'NONE', ( #823 ), #1699, .F. ) ;
#1238 = DIRECTION ( 'NONE',  ( 1.000000000000000000, 0.000000000000000000, 0.000000000000000000 ) ) ;
#1239 = CARTESIAN_POINT ( 'NONE',  ( -23.00000000000003553, -1.999999999999996669, -0.9999999999999731326 ) ) ;
#1240 = DIRECTION ( 'NONE',  ( 1.000000000000000000, 0.000000000000000000, -1.370553316539457353E-14 ) ) ;
#1241 = CARTESIAN_POINT ( 'NONE',  ( -23.08816118337861312, 10.71327018104182649, 1.412564951728498164 ) ) ;
#1242 = EDGE_LOOP ( 'NONE', ( #963, #2878, #1143, #3002 ) ) ;
#1243 = CARTESIAN_POINT ( 'NONE',  ( 20.99999999999999645, 14.00000000000000178, -2.000000000000007105 ) ) ;
#1244 = CARTESIAN_POINT ( 'NONE',  ( -11.79941684889506170, 0.8571428571428566512, 0.000000000000000000 ) ) ;
#1245 = CARTESIAN_POINT ( 'NONE',  ( -23.00000000000003553, -4.999999999999999112, -0.9999999999999729106 ) ) ;
#1246 = ORIENTED_EDGE ( 'NONE', *, *, #1078, .T. ) ;
#1247 = ORIENTED_EDGE ( 'NONE', *, *, #2604, .T. ) ;
#1248 = CARTESIAN_POINT ( 'NONE',  ( -23.27895046688687231, 12.00000000000000000, -0.6152632450219236437 ) ) ;
#1249 = CARTESIAN_POINT ( 'NONE',  ( 3.000000000000000888, 15.93454184418473218, -1.279319435283984729 ) ) ;
#1250 = DIRECTION ( 'NONE',  ( 1.000000000000000000, 0.000000000000000000, 0.000000000000000000 ) ) ;
#1251 = DIRECTION ( 'NONE',  ( 0.000000000000000000, 0.000000000000000000, -1.000000000000000000 ) ) ;
#1252 = EDGE_CURVE ( 'NONE', #1341, #2796, #290, .T. ) ;
#1253 = EDGE_CURVE ( 'NONE', #557, #854, #523, .T. ) ;
#1254 = DIRECTION ( 'NONE',  ( 0.000000000000000000, 0.000000000000000000, 1.000000000000000000 ) ) ;
#1255 = CARTESIAN_POINT ( 'NONE',  ( -20.99999999999999645, 13.99999999999999467, -1.387778780781445676E-14 ) ) ;
#1256 = EDGE_LOOP ( 'NONE', ( #1765, #1587, #367, #2759 ) ) ;
#1257 = CARTESIAN_POINT ( 'NONE',  ( -25.00000000000003553, 12.00000000000000355, -29.99999999999997158 ) ) ;
#1258 = CARTESIAN_POINT ( 'NONE',  ( 19.31494652793599087, 12.77929231951055300, -0.1552668686301587608 ) ) ;
#1259 = DIRECTION ( 'NONE',  ( 0.000000000000000000, -1.000000000000000000, -1.445602896647339163E-16 ) ) ;
#1260 = CARTESIAN_POINT ( 'NONE',  ( -23.00000000000000000, 0.000000000000000000, -1.999999999999999556 ) ) ;
#1261 = ORIENTED_EDGE ( 'NONE', *, *, #1252, .T. ) ;
#1262 = ORIENTED_EDGE ( 'NONE', *, *, #896, .T. ) ;
#1263 = VECTOR ( 'NONE', #1922, 1000.000000000000000 ) ;
#1264 = CIRCLE ( 'NONE', #359, 2.000000000000000888 ) ;
#1265 = CARTESIAN_POINT ( 'NONE',  ( 22.02557685265974285, 10.61438593528131946, -0.2745750853131878055 ) ) ;
#1266 = CARTESIAN_POINT ( 'NONE',  ( -2.500000000000002220, 14.66666666666666607, -1.999999999999995337 ) ) ;
#1267 = DIRECTION ( 'NONE',  ( 1.000000000000000000, 0.000000000000000000, 0.000000000000000000 ) ) ;
#1268 = LINE ( 'NONE', #1304, #1535 ) ;
#1269 = CIRCLE ( 'NONE', #1005, 3.000000000000000000 ) ;
#1270 = CARTESIAN_POINT ( 'NONE',  ( 22.70921285016515156, 12.00000000000000178, -0.9614474337664438153 ) ) ;
#1271 = VECTOR ( 'NONE', #2932, 1000.000000000000000 ) ;
#1272 = CARTESIAN_POINT ( 'NONE',  ( 22.26254824486515105, 11.33333333333333215, -0.4488804271146862868 ) ) ;
#1273 = ORIENTED_EDGE ( 'NONE', *, *, #2194, .T. ) ;
#1274 = EDGE_CURVE ( 'NONE', #1873, #3077, #1161, .T. ) ;
#1275 = VECTOR ( 'NONE', #2248, 1000.000000000000000 ) ;
#1276 = DIRECTION ( 'NONE',  ( 1.000000000000000000, 0.000000000000000000, 0.000000000000000000 ) ) ;
#1277 = CIRCLE ( 'NONE', #219, 2.000000000000000000 ) ;
#1278 = VERTEX_POINT ( 'NONE', #3164 ) ;
#1279 = ADVANCED_FACE ( 'NONE', ( #1128 ), #656, .T. ) ;
#1280 = B_SPLINE_CURVE_WITH_KNOTS ( 'NONE', 3,
 ( #2227, #1756, #1486, #3244, #2763, #3229, #725, #497, #194, #1987, #2517, #20 ),
 .UNSPECIFIED., .F., .F.,
 ( 4, 2, 2, 2, 2, 4 ),
 ( 0.000000000000000000, 0.2499999999999965583, 0.3749999999999959477, 0.4374999999999956146, 0.4999999999999953371, 1.000000000000000000 ),
 .UNSPECIFIED. ) ;
#1281 = PRESENTATION_LAYER_ASSIGNMENT (  '', '', ( #2803 ) ) ;
#1282 = LINE ( 'NONE', #14, #1157 ) ;
#1283 = DIRECTION ( 'NONE',  ( 0.000000000000000000, 0.000000000000000000, 1.000000000000000000 ) ) ;
#1284 = VERTEX_POINT ( 'NONE', #1375 ) ;
#1285 = CARTESIAN_POINT ( 'NONE',  ( -20.99999999999999645, 16.00000000000000000, -2.000000000000000000 ) ) ;
#1286 = LINE ( 'NONE', #2038, #2580 ) ;
#1287 = CARTESIAN_POINT ( 'NONE',  ( 13.89897948556635754, 0.000000000000000000, 2.000000000000000000 ) ) ;
#1288 = VERTEX_POINT ( 'NONE', #2728 ) ;
#1289 = LINE ( 'NONE', #36, #2882 ) ;
#1290 = CARTESIAN_POINT ( 'NONE',  ( -23.65125723813858372, 11.55928095894195806, 0.9995494278029461999 ) ) ;
#1291 = ORIENTED_EDGE ( 'NONE', *, *, #1570, .T. ) ;
#1292 = DIRECTION ( 'NONE',  ( 0.000000000000000000, 0.000000000000000000, -1.000000000000000000 ) ) ;
#1293 = ORIENTED_EDGE ( 'NONE', *, *, #777, .T. ) ;
#1294 = CARTESIAN_POINT ( 'NONE',  ( 19.44282261095097297, 13.76403858520743384, 1.590012904685658590 ) ) ;
#1295 = EDGE_CURVE ( 'NONE', #719, #552, #2075, .T. ) ;
#1296 = CARTESIAN_POINT ( 'NONE',  ( -23.00000000000000000, 0.000000000000000000, 2.000000000000000000 ) ) ;
#1297 = UNCERTAINTY_MEASURE_WITH_UNIT (LENGTH_MEASURE( 1.000000000000000082E-05 ), #3226, 'distance_accuracy_value', 'NONE');
#1298 = CARTESIAN_POINT ( 'NONE',  ( 25.00000000000000000, -7.449999999999998401, -13.30000000000002736 ) ) ;
#1299 = ORIENTED_EDGE ( 'NONE', *, *, #3157, .F. ) ;
#1300 = CARTESIAN_POINT ( 'NONE',  ( -25.00000000000003553, -1.999999999999993561, -29.99999999999997158 ) ) ;
#1301 = CARTESIAN_POINT ( 'NONE',  ( 23.00000000000000000, -7.449999999999998401, -7.000000000000025757 ) ) ;
#1302 = VERTEX_POINT ( 'NONE', #2226 ) ;
#1303 = DIRECTION ( 'NONE',  ( 0.000000000000000000, 0.000000000000000000, -1.000000000000000000 ) ) ;
#1304 = CARTESIAN_POINT ( 'NONE',  ( -23.00000000000003553, 12.00000000000000355, -7.829999999999968985 ) ) ;
#1305 = CARTESIAN_POINT ( 'NONE',  ( 23.00000000000000000, -2.000000000000000000, -2.000000000000026201 ) ) ;
#1306 = VERTEX_POINT ( 'NONE', #946 ) ;
#1307 = CARTESIAN_POINT ( 'NONE',  ( -2.500002793761071818, 14.00000000000000000, -2.000000000000008438 ) ) ;
#1308 = EDGE_LOOP ( 'NONE', ( #1914, #613, #1550, #1115 ) ) ;
#1309 = DIRECTION ( 'NONE',  ( 0.000000000000000000, 0.000000000000000000, -1.000000000000000000 ) ) ;
#1310 = CARTESIAN_POINT ( 'NONE',  ( -2.750000000000000444, 4.999999999999994671, 0.000000000000000000 ) ) ;
#1311 = VERTEX_POINT ( 'NONE', #193 ) ;
#1312 = EDGE_CURVE ( 'NONE', #3208, #1306, #2531, .T. ) ;
#1313 = DIRECTION ( 'NONE',  ( 0.000000000000000000, 0.000000000000000000, -1.000000000000000000 ) ) ;
#1314 = ADVANCED_FACE ( 'NONE', ( #2204 ), #3148, .T. ) ;
#1315 = FACE_OUTER_BOUND ( 'NONE', #2437, .T. ) ;
#1316 = ORIENTED_EDGE ( 'NONE', *, *, #284, .T. ) ;
#1317 = CIRCLE ( 'NONE', #1683, 1.000000000000001776 ) ;
#1318 = EDGE_CURVE ( 'NONE', #2929, #253, #691, .T. ) ;
#1319 = CARTESIAN_POINT ( 'NONE',  ( 19.31494652793599087, 13.55858463902110600, 1.689466262739682589 ) ) ;
#1320 = CARTESIAN_POINT ( 'NONE',  ( 24.99999999999999645, -1.000000000000000000, -2.000000000000029310 ) ) ;
#1321 = B_SPLINE_CURVE_WITH_KNOTS ( 'NONE', 3,
 ( #2461, #951, #2682, #1184, #1960, #2891, #2444, #2962 ),
 .UNSPECIFIED., .F., .F.,
 ( 4, 2, 2, 4 ),
 ( 0.000000000000000000, 0.2500000000000000000, 0.5000000000000000000, 1.000000000000000000 ),
 .UNSPECIFIED. ) ;
#1322 = AXIS2_PLACEMENT_3D ( 'NONE', #3070, #3034, #2309 ) ;
#1323 = ORIENTED_EDGE ( 'NONE', *, *, #2180, .T. ) ;
#1324 = VECTOR ( 'NONE', #2712, 1000.000000000000000 ) ;
#1325 = AXIS2_PLACEMENT_3D ( 'NONE', #611, #2411, #652 ) ;
#1326 = CARTESIAN_POINT ( 'NONE',  ( 4.101020514433641573, 3.000000000000000000, 0.000000000000000000 ) ) ;
#1327 = VERTEX_POINT ( 'NONE', #1726 ) ;
#1328 = AXIS2_PLACEMENT_3D ( 'NONE', #2524, #2188, #874 ) ;
#1329 = DIRECTION ( 'NONE',  ( 1.000000000000000000, 0.000000000000000000, 0.000000000000000000 ) ) ;
#1330 = UNCERTAINTY_MEASURE_WITH_UNIT (LENGTH_MEASURE( 1.000000000000000082E-05 ), #2834, 'distance_accuracy_value', 'NONE');
#1331 = SURFACE_SIDE_STYLE ('',( #1573 ) ) ;
#1332 = DIRECTION ( 'NONE',  ( 0.000000000000000000, 0.000000000000000000, -1.000000000000000000 ) ) ;
#1333 = VERTEX_POINT ( 'NONE', #2725 ) ;
#1334 = CARTESIAN_POINT ( 'NONE',  ( 2.500000000000002220, 16.00000000000000000, -1.999999999999996669 ) ) ;
#1335 = EDGE_CURVE ( 'NONE', #222, #1845, #787, .T. ) ;
#1336 = DIRECTION ( 'NONE',  ( 0.000000000000000000, 0.000000000000000000, -1.000000000000000000 ) ) ;
#1337 = ORIENTED_EDGE ( 'NONE', *, *, #1577, .F. ) ;
#1338 = CARTESIAN_POINT ( 'NONE',  ( 4.101020514433641573, 0.000000000000000000, 2.000000000000000000 ) ) ;
#1339 = EDGE_CURVE ( 'NONE', #959, #1372, #1041, .T. ) ;
#1340 = EDGE_CURVE ( 'NONE', #1692, #1177, #720, .T. ) ;
#1341 = VERTEX_POINT ( 'NONE', #230 ) ;
#1342 = ORIENTED_EDGE ( 'NONE', *, *, #1733, .F. ) ;
#1343 = DIRECTION ( 'NONE',  ( 1.000000000000000000, 0.000000000000000000, 0.000000000000000000 ) ) ;
#1344 = CARTESIAN_POINT ( 'NONE',  ( -3.000000000000002665, 12.48045370981067670, 0.6230278961231562329 ) ) ;
#1345 = CARTESIAN_POINT ( 'NONE',  ( 20.12100345217617559, 14.40823889432524219, 1.197356475573504664 ) ) ;
#1346 = ORIENTED_EDGE ( 'NONE', *, *, #1991, .F. ) ;
#1347 = DIRECTION ( 'NONE',  ( 0.000000000000000000, -1.000000000000000000, 0.000000000000000000 ) ) ;
#1348 = ORIENTED_EDGE ( 'NONE', *, *, #1476, .F. ) ;
#1349 = CARTESIAN_POINT ( 'NONE',  ( 20.12100177743221607, 13.20411898630767311, -0.4013213870960643526 ) ) ;
#1350 = CARTESIAN_POINT ( 'NONE',  ( -23.00000000000003197, 11.99999999999999822, 2.000000000000029310 ) ) ;
#1351 = CARTESIAN_POINT ( 'NONE',  ( -21.37223138137715495, 10.07950010799964247, -0.02921509343583566370 ) ) ;
#1352 = CARTESIAN_POINT ( 'NONE',  ( 25.00000000000000000, -7.449999999999998401, -7.000000000000025757 ) ) ;
#1353 = B_SPLINE_SURFACE_WITH_KNOTS ( 'NONE', 1, 3, ( 
 ( #2449, #1963, #184, #474, #2464, #916, #2927, #974, #1719, #3237, #456, #1494 ),
 ( #1978, #1203, #992, #662, #2717, #1188, #3185, #1943, #201, #1472, #2964, #2978 ) ),
 .UNSPECIFIED., .F., .F., .F.,
 ( 2, 2 ),
 ( 4, 2, 2, 2, 2, 4 ),
 ( 0.000000000000000000, 1.000000000000000000 ),
 ( 0.000000000000000000, 0.2500000000000000000, 0.3750000000000000000, 0.5000000000000000000, 0.7500000000000000000, 1.000000000000000000 ),
 .UNSPECIFIED. ) ;
#1354 = ORIENTED_EDGE ( 'NONE', *, *, #2487, .T. ) ;
#1355 = B_SPLINE_CURVE_WITH_KNOTS ( 'NONE', 3,
 ( #2826, #1563, #2100, #86 ),
 .UNSPECIFIED., .F., .F.,
 ( 4, 4 ),
 ( 0.000000000000000000, 1.000000000000000000 ),
 .UNSPECIFIED. ) ;
#1356 = EDGE_CURVE ( 'NONE', #1702, #504, #989, .T. ) ;
#1357 = ADVANCED_FACE ( 'NONE', ( #524 ), #2507, .T. ) ;
#1358 = ORIENTED_EDGE ( 'NONE', *, *, #2716, .T. ) ;
#1359 = CARTESIAN_POINT ( 'NONE',  ( -23.08816118337861312, 10.71327018104182649, 1.412564951728498164 ) ) ;
#1360 = FACE_OUTER_BOUND ( 'NONE', #2233, .T. ) ;
#1361 = CARTESIAN_POINT ( 'NONE',  ( -20.65472959438834266, 14.73685421783431870, 0.9173861500250644063 ) ) ;
#1362 = ORIENTED_EDGE ( 'NONE', *, *, #305, .F. ) ;
#1363 = DIRECTION ( 'NONE',  ( 0.000000000000000000, -1.000000000000000000, -3.491481338843133355E-15 ) ) ;
#1364 = DIRECTION ( 'NONE',  ( -1.000000000000000000, 0.000000000000000000, 0.000000000000000000 ) ) ;
#1365 = ORIENTED_EDGE ( 'NONE', *, *, #2639, .F. ) ;
#1366 = CARTESIAN_POINT ( 'NONE',  ( 25.00000000000000000, -17.00000000000000000, -30.00000000000003197 ) ) ;
#1367 = AXIS2_PLACEMENT_3D ( 'NONE', #2143, #2657, #1109 ) ;
#1368 = CARTESIAN_POINT ( 'NONE',  ( -25.00000000000000000, -7.449999999999998401, -7.000000000000025757 ) ) ;
#1369 = B_SPLINE_CURVE_WITH_KNOTS ( 'NONE', 3,
 ( #192, #2203, #3146, #642, #3194, #690 ),
 .UNSPECIFIED., .F., .F.,
 ( 4, 2, 4 ),
 ( 0.000000000000000000, 0.5000000000000000000, 1.000000000000000000 ),
 .UNSPECIFIED. ) ;
#1370 = AXIS2_PLACEMENT_3D ( 'NONE', #2659, #444, #1459 ) ;
#1371 = EDGE_CURVE ( 'NONE', #1432, #2033, #135, .T. ) ;
#1372 = VERTEX_POINT ( 'NONE', #3075 ) ;
#1373 = VECTOR ( 'NONE', #1216, 1000.000000000000000 ) ;
#1374 = CARTESIAN_POINT ( 'NONE',  ( -22.75061175590231244, 10.43424671919288649, 1.596579390110790975 ) ) ;
#1375 = CARTESIAN_POINT ( 'NONE',  ( -18.00000000000000000, 16.00000000000004263, -14.00000000000001421 ) ) ;
#1376 = EDGE_CURVE ( 'NONE', #1327, #1432, #2589, .T. ) ;
#1377 = CARTESIAN_POINT ( 'NONE',  ( -23.52509648973030565, 11.33333333333333393, 1.102239145770627093 ) ) ;
#1378 = VECTOR ( 'NONE', #1450, 1000.000000000000000 ) ;
#1379 = CARTESIAN_POINT ( 'NONE',  ( 19.71327018104463136, 14.08816118338031309, 1.412564951727459439 ) ) ;
#1380 = VERTEX_POINT ( 'NONE', #889 ) ;
#1381 = DIRECTION ( 'NONE',  ( 1.000000000000000000, 0.000000000000000000, 0.000000000000000000 ) ) ;
#1382 = CARTESIAN_POINT ( 'NONE',  ( -20.99999999999999645, 0.000000000000000000, -2.000000000000000000 ) ) ;
#1383 = EDGE_LOOP ( 'NONE', ( #2820, #1779, #1748, #1561 ) ) ;
#1384 = VECTOR ( 'NONE', #323, 1000.000000000000000 ) ;
#1385 = CARTESIAN_POINT ( 'NONE',  ( 19.43991389075269893, 12.87978653232103099, -0.2038929755004182109 ) ) ;
#1386 = CARTESIAN_POINT ( 'NONE',  ( 25.00000000000000000, 6.999999999999999112, -13.33000000000002849 ) ) ;
#1387 = DIRECTION ( 'NONE',  ( 0.000000000000000000, 0.000000000000000000, 1.000000000000000000 ) ) ;
#1388 = CARTESIAN_POINT ( 'NONE',  ( 3.000000000000000888, 12.36034028235800797, -0.03272907790763304042 ) ) ;
#1389 = ORIENTED_EDGE ( 'NONE', *, *, #920, .F. ) ;
#1390 = PLANE ( 'NONE',  #1889 ) ;
#1391 = PLANE ( 'NONE',  #322 ) ;
#1392 = DIRECTION ( 'NONE',  ( 1.000000000000000000, 0.000000000000000000, 0.000000000000000000 ) ) ;
#1393 = ORIENTED_EDGE ( 'NONE', *, *, #2155, .F. ) ;
#1394 = EDGE_CURVE ( 'NONE', #1306, #1341, #1951, .T. ) ;
#1395 = CYLINDRICAL_SURFACE ( 'NONE', #2329, 2.999999999999999112 ) ;
#1396 = LINE ( 'NONE', #132, #2383 ) ;
#1397 = ORIENTED_EDGE ( 'NONE', *, *, #1130, .F. ) ;
#1398 = CARTESIAN_POINT ( 'NONE',  ( 20.82134077936870398, 13.45868030088287703, -0.6312109055627831422 ) ) ;
#1399 = DIRECTION ( 'NONE',  ( -1.000000000000000000, 0.000000000000000000, 0.000000000000000000 ) ) ;
#1400 = MANIFOLD_SOLID_BREP ( 'Verrundung1', #2684 ) ;
#1401 = CARTESIAN_POINT ( 'NONE',  ( 21.42268748222243957, 10.04276415242564724, 2.000000000000000000 ) ) ;
#1402 = B_SPLINE_CURVE_WITH_KNOTS ( 'NONE', 1,
 ( #693, #2972 ),
 .UNSPECIFIED., .F., .F.,
 ( 2, 2 ),
 ( 0.000000000000000000, 1.000000000000000000 ),
 .UNSPECIFIED. ) ;
#1403 = CARTESIAN_POINT ( 'NONE',  ( -23.00000000000003553, 9.000000000000005329, -26.99999999999997158 ) ) ;
#1404 = CARTESIAN_POINT ( 'NONE',  ( -2.632495559819853170, 15.99999999999989697, -1.962864454021843397 ) ) ;
#1405 = ORIENTED_EDGE ( 'NONE', *, *, #499, .T. ) ;
#1406 = DIRECTION ( 'NONE',  ( 0.000000000000000000, 0.000000000000000000, -1.000000000000000000 ) ) ;
#1407 = DIRECTION ( 'NONE',  ( 0.000000000000000000, 3.469446951953615372E-15, -1.000000000000000000 ) ) ;
#1408 = CARTESIAN_POINT ( 'NONE',  ( -20.44672565081022597, 14.59001450051376914, 1.049398525351962208 ) ) ;
#1409 = CARTESIAN_POINT ( 'NONE',  ( -22.32562588527238745, 11.55927116675339406, -0.5002230608990383409 ) ) ;
#1410 = CARTESIAN_POINT ( 'NONE',  ( 17.99999999999999645, 16.00000000000004263, -14.00000000000001421 ) ) ;
#1411 = ORIENTED_EDGE ( 'NONE', *, *, #50, .F. ) ;
#1412 = EDGE_CURVE ( 'NONE', #593, #1327, #2629, .T. ) ;
#1413 = ADVANCED_FACE ( 'NONE', ( #175 ), #2821, .F. ) ;
#1414 = EDGE_LOOP ( 'NONE', ( #247, #2827 ) ) ;
#1415 = CARTESIAN_POINT ( 'NONE',  ( -23.00000000000003197, 5.000000000000003553, -13.32999999999996632 ) ) ;
#1416 = CARTESIAN_POINT ( 'NONE',  ( 22.34424412645812907, 10.24530182493895936, 1.769279975514659764 ) ) ;
#1417 = DIRECTION ( 'NONE',  ( 0.000000000000000000, 0.000000000000000000, 1.000000000000000000 ) ) ;
#1418 = ORIENTED_EDGE ( 'NONE', *, *, #242, .F. ) ;
#1419 = AXIS2_PLACEMENT_3D ( 'NONE', #1235, #2986, #726 ) ;
#1420 = DIRECTION ( 'NONE',  ( 1.000000000000000000, 0.000000000000000000, 0.000000000000000000 ) ) ;
#1421 = DIRECTION ( 'NONE',  ( -1.000000000000000000, 0.000000000000000000, -6.071532165918829564E-15 ) ) ;
#1422 = CARTESIAN_POINT ( 'NONE',  ( -20.74462604735618498, 14.81815488772744516, 0.8389088081233336824 ) ) ;
#1423 = ORIENTED_EDGE ( 'NONE', *, *, #2037, .F. ) ;
#1424 = DIRECTION ( 'NONE',  ( -2.168404344971008868E-16, 1.000000000000000000, -0.000000000000000000 ) ) ;
#1425 = CIRCLE ( 'NONE', #419, 2.749999999999999112 ) ;
#1426 = LINE ( 'NONE', #1876, #3202 ) ;
#1427 = VECTOR ( 'NONE', #1818, 1000.000000000000000 ) ;
#1428 = CARTESIAN_POINT ( 'NONE',  ( -20.99999999999999645, 16.00000000000000000, -2.000000000000000000 ) ) ;
#1429 = ORIENTED_EDGE ( 'NONE', *, *, #619, .F. ) ;
#1430 = CARTESIAN_POINT ( 'NONE',  ( 20.99999999999999645, 13.70921285016515512, -0.9614474337664429271 ) ) ;
#1431 = DIRECTION ( 'NONE',  ( 0.000000000000000000, -1.084202172485504434E-16, 1.000000000000000000 ) ) ;
#1432 = VERTEX_POINT ( 'NONE', #2456 ) ;
#1433 = VECTOR ( 'NONE', #768, 1000.000000000000000 ) ;
#1434 = CARTESIAN_POINT ( 'NONE',  ( -22.70921285016515156, 12.00000000000000000, -0.9614474337664427050 ) ) ;
#1435 = AXIS2_PLACEMENT_3D ( 'NONE', #2412, #653, #1877 ) ;
#1436 = FACE_OUTER_BOUND ( 'NONE', #129, .T. ) ;
#1437 = B_SPLINE_CURVE_WITH_KNOTS ( 'NONE', 3,
 ( #2908, #1404, #3182, #196, #1666, #452 ),
 .UNSPECIFIED., .F., .F.,
 ( 4, 2, 4 ),
 ( 0.000000000000000000, 0.5000000000000000000, 1.000000000000000000 ),
 .UNSPECIFIED. ) ;
#1438 = B_SPLINE_CURVE_WITH_KNOTS ( 'NONE', 3,
 ( #2612, #885, #1659, #2662, #3161, #3128 ),
 .UNSPECIFIED., .F., .F.,
 ( 4, 2, 4 ),
 ( 0.000000000000000000, 0.5000000000000000000, 1.000000000000000000 ),
 .UNSPECIFIED. ) ;
#1439 = ADVANCED_FACE ( 'NONE', ( #58 ), #314, .T. ) ;
#1440 = ADVANCED_FACE ( 'NONE', ( #1019 ), #705, .T. ) ;
#1441 = ORIENTED_EDGE ( 'NONE', *, *, #1295, .T. ) ;
#1442 = DIRECTION ( 'NONE',  ( 0.000000000000000000, -0.000000000000000000, -1.000000000000000000 ) ) ;
#1443 = LINE ( 'NONE', #714, #372 ) ;
#1444 = CARTESIAN_POINT ( 'NONE',  ( -22.65019725549601048, 11.96577774909225766, -0.8643216684963637153 ) ) ;
#1445 = ORIENTED_EDGE ( 'NONE', *, *, #421, .T. ) ;
#1446 = CARTESIAN_POINT ( 'NONE',  ( -20.33333333333333570, 14.52509648973030565, 1.102239145770629536 ) ) ;
#1447 = CARTESIAN_POINT ( 'NONE',  ( 21.60806740105953594, 10.20620710641609641, -0.09319210389024115693 ) ) ;
#1448 = ORIENTED_EDGE ( 'NONE', *, *, #2761, .F. ) ;
#1449 = VERTEX_POINT ( 'NONE', #537 ) ;
#1450 = DIRECTION ( 'NONE',  ( 0.000000000000000000, 3.469446951953612611E-15, -1.000000000000000000 ) ) ;
#1451 = CARTESIAN_POINT ( 'NONE',  ( 21.75613121725394450, 10.30926937034777602, -0.1481982908185409675 ) ) ;
#1452 = CARTESIAN_POINT ( 'NONE',  ( 23.65097829404681562, 11.54124767576099764, 0.9963921500088920302 ) ) ;
#1453 = EDGE_CURVE ( 'NONE', #2945, #1232, #723, .T. ) ;
#1454 = ORIENTED_EDGE ( 'NONE', *, *, #53, .F. ) ;
#1455 = EDGE_CURVE ( 'NONE', #1927, #2111, #362, .T. ) ;
#1456 = CARTESIAN_POINT ( 'NONE',  ( -25.00000000000003197, 7.000000000000002665, -13.32999999999996632 ) ) ;
#1457 = CARTESIAN_POINT ( 'NONE',  ( 22.32548914702340426, 11.54124767576099764, -0.5018039249955541514 ) ) ;
#1458 = ORIENTED_EDGE ( 'NONE', *, *, #1993, .T. ) ;
#1459 = DIRECTION ( 'NONE',  ( 0.000000000000000000, 0.000000000000000000, -1.000000000000000000 ) ) ;
#1460 = LINE ( 'NONE', #1690, #1110 ) ;
#1461 = B_SPLINE_CURVE_WITH_KNOTS ( 'NONE', 3,
 ( #1479, #3207, #189, #1447, #2269, #16, #2000, #1983, #432, #1195, #2498, #1691 ),
 .UNSPECIFIED., .F., .F.,
 ( 4, 2, 2, 2, 2, 4 ),
 ( 0.000000000000000000, 0.2499999999999930056, 0.3749999999999923395, 0.4374999999999928391, 0.4999999999999933387, 1.000000000000000000 ),
 .UNSPECIFIED. ) ;
#1462 = PLANE ( 'NONE',  #2333 ) ;
#1463 = ORIENTED_EDGE ( 'NONE', *, *, #2311, .F. ) ;
#1464 = CARTESIAN_POINT ( 'NONE',  ( -20.33333333333333570, 13.26254824486515282, -0.4488804271146852320 ) ) ;
#1465 = VERTEX_POINT ( 'NONE', #2293 ) ;
#1466 = DIRECTION ( 'NONE',  ( -0.000000000000000000, -0.000000000000000000, 1.000000000000000000 ) ) ;
#1467 = DIRECTION ( 'NONE',  ( 0.000000000000000000, 0.000000000000000000, 1.000000000000000000 ) ) ;
#1468 = DIRECTION ( 'NONE',  ( -1.000000000000000000, 0.000000000000000000, -0.000000000000000000 ) ) ;
#1469 = CARTESIAN_POINT ( 'NONE',  ( 23.00000000000000000, 7.000000000000000888, -10.58000000000001961 ) ) ;
#1470 = ORIENTED_EDGE ( 'NONE', *, *, #1795, .T. ) ;
#1471 = EDGE_CURVE ( 'NONE', #2315, #2696, #3021, .T. ) ;
#1472 = CARTESIAN_POINT ( 'NONE',  ( -20.93464928004787851, 13.59404273882316438, -0.7897735304842125048 ) ) ;
#1473 = CIRCLE ( 'NONE', #1, 3.000000000000000000 ) ;
#1474 = EDGE_LOOP ( 'NONE', ( #901, #85, #2413, #686, #2350, #3177 ) ) ;
#1475 = VECTOR ( 'NONE', #1632, 1000.000000000000000 ) ;
#1476 = EDGE_CURVE ( 'NONE', #1014, #2070, #1770, .T. ) ;
#1477 = EDGE_CURVE ( 'NONE', #3033, #2040, #1286, .T. ) ;
#1478 = DIRECTION ( 'NONE',  ( 2.168404344971005910E-16, -1.000000000000000000, 0.000000000000000000 ) ) ;
#1479 = CARTESIAN_POINT ( 'NONE',  ( 20.99999999999999645, 9.999999999999998224, 0.000000000000000000 ) ) ;
#1480 = ORIENTED_EDGE ( 'NONE', *, *, #2093, .F. ) ;
#1481 = CARTESIAN_POINT ( 'NONE',  ( -20.86559037514156856, 13.48628655118465502, -0.6596773298804022856 ) ) ;
#1482 = AXIS2_PLACEMENT_3D ( 'NONE', #280, #1600, #1387 ) ;
#1483 = ORIENTED_EDGE ( 'NONE', *, *, #622, .T. ) ;
#1484 = CARTESIAN_POINT ( 'NONE',  ( -29.85616849662523364, 12.00000000000000000, -2.000000000000000000 ) ) ;
#1485 = AXIS2_PLACEMENT_3D ( 'NONE', #396, #154, #99 ) ;
#1486 = CARTESIAN_POINT ( 'NONE',  ( -19.09957388609569762, 12.39056671414929767, -0.03274127034853051288 ) ) ;
#1487 = CARTESIAN_POINT ( 'NONE',  ( -1.056113247153136405E-15, 7.000000000000001776, 2.000000000000000000 ) ) ;
#1488 = CARTESIAN_POINT ( 'NONE',  ( -5.662545274941944319E-16, 4.999999999999998224, 0.000000000000000000 ) ) ;
#1489 = AXIS2_PLACEMENT_3D ( 'NONE', #2195, #2234, #407 ) ;
#1490 = DIRECTION ( 'NONE',  ( 0.000000000000000000, 0.000000000000000000, 1.000000000000000000 ) ) ;
#1491 = AXIS2_PLACEMENT_3D ( 'NONE', #486, #2959, #2275 ) ;
#1492 = VERTEX_POINT ( 'NONE', #775 ) ;
#1493 = DIRECTION ( 'NONE',  ( 1.000000000000000000, 0.000000000000000000, 0.000000000000000000 ) ) ;
#1494 = CARTESIAN_POINT ( 'NONE',  ( -20.99999999999999645, 15.41842570033031024, 0.07710513246711415969 ) ) ;
#1495 = DIRECTION ( 'NONE',  ( 0.000000000000000000, -1.000000000000000000, 0.000000000000000000 ) ) ;
#1496 = ORIENTED_EDGE ( 'NONE', *, *, #2661, .T. ) ;
#1497 = CARTESIAN_POINT ( 'NONE',  ( 19.45748642701183684, 12.89317097050382266, -0.2105111576912793159 ) ) ;
#1498 = CARTESIAN_POINT ( 'NONE',  ( -19.09957388609569406, 12.78113342829859178, 1.934517459302939058 ) ) ;
#1499 = CARTESIAN_POINT ( 'NONE',  ( -23.00000000000000000, 12.00000000000000000, 0.000000000000000000 ) ) ;
#1500 = ORIENTED_EDGE ( 'NONE', *, *, #2243, .T. ) ;
#1501 = EDGE_CURVE ( 'NONE', #483, #593, #2066, .T. ) ;
#1502 = EDGE_CURVE ( 'NONE', #330, #1584, #1321, .T. ) ;
#1503 = LINE ( 'NONE', #2971, #2067 ) ;
#1504 = DIRECTION ( 'NONE',  ( 0.000000000000000000, -1.000000000000000000, 0.000000000000000000 ) ) ;
#1505 = CARTESIAN_POINT ( 'NONE',  ( 13.89897948556635754, 0.000000000000000000, 0.000000000000000000 ) ) ;
#1506 = ORIENTED_EDGE ( 'NONE', *, *, #1905, .F. ) ;
#1507 = CARTESIAN_POINT ( 'NONE',  ( -2.740421402970181219, 16.00013642227375144, -1.883833275454117162 ) ) ;
#1508 = ORIENTED_EDGE ( 'NONE', *, *, #2445, .T. ) ;
#1509 = CARTESIAN_POINT ( 'NONE',  ( 19.44282261095097297, 12.88201929260371692, -0.2049935476571707604 ) ) ;
#1510 = LINE ( 'NONE', #3031, #2845 ) ;
#1511 = DIRECTION ( 'NONE',  ( 0.000000000000000000, 0.000000000000000000, -1.000000000000000000 ) ) ;
#1512 = ORIENTED_EDGE ( 'NONE', *, *, #356, .F. ) ;
#1513 = DIRECTION ( 'NONE',  ( 1.000000000000000000, 0.000000000000000000, 0.000000000000000000 ) ) ;
#1514 = ORIENTED_EDGE ( 'NONE', *, *, #375, .T. ) ;
#1515 = CARTESIAN_POINT ( 'NONE',  ( 23.00000000000000000, 9.000000000000001776, -30.00000000000003197 ) ) ;
#1516 = EDGE_CURVE ( 'NONE', #897, #2315, #266, .T. ) ;
#1517 = CARTESIAN_POINT ( 'NONE',  ( -2.500002793761071818, 14.00000000000000000, -2.000000000000008438 ) ) ;
#1518 = CARTESIAN_POINT ( 'NONE',  ( 9.000000000000000000, -2.000000000000000000, 2.000000000000000000 ) ) ;
#1519 = PLANE ( 'NONE',  #470 ) ;
#1520 = EDGE_CURVE ( 'NONE', #570, #483, #2303, .T. ) ;
#1521 = CARTESIAN_POINT ( 'NONE',  ( -6.200583151104937407, 0.8571428571428575394, 0.000000000000000000 ) ) ;
#1522 = CARTESIAN_POINT ( 'NONE',  ( -24.30039036130386876, 11.96577654592155326, 0.2713634924163351170 ) ) ;
#1523 = ORIENTED_EDGE ( 'NONE', *, *, #1570, .F. ) ;
#1524 = LINE ( 'NONE', #1368, #3110 ) ;
#1525 = EDGE_LOOP ( 'NONE', ( #1838, #535, #721, #61, #1559, #1483, #1984, #433, #2092, #2618, #1767, #2378, #1056, #1638, #2388, #673 ) ) ;
#1526 = LINE ( 'NONE', #2547, #68 ) ;
#1527 = LINE ( 'NONE', #2529, #2098 ) ;
#1528 = ORIENTED_EDGE ( 'NONE', *, *, #6, .F. ) ;
#1529 = FACE_OUTER_BOUND ( 'NONE', #299, .T. ) ;
#1530 = AXIS2_PLACEMENT_3D ( 'NONE', #853, #1604, #1407 ) ;
#1531 = AXIS2_PLACEMENT_3D ( 'NONE', #297, #1119, #2568 ) ;
#1532 = LINE ( 'NONE', #2472, #19 ) ;
#1533 = ORIENTED_EDGE ( 'NONE', *, *, #2054, .T. ) ;
#1534 = CARTESIAN_POINT ( 'NONE',  ( -2.500000000000002220, 16.00000000000000000, -2.000000000000000000 ) ) ;
#1535 = VECTOR ( 'NONE', #54, 1000.000000000000000 ) ;
#1536 = LINE ( 'NONE', #2540, #1053 ) ;
#1537 = AXIS2_PLACEMENT_3D ( 'NONE', #1131, #1935, #2458 ) ;
#1538 = CARTESIAN_POINT ( 'NONE',  ( -23.00000000000003553, 3.180326372624140686E-15, -1.999999999999984457 ) ) ;
#1539 = ORIENTED_EDGE ( 'NONE', *, *, #48, .T. ) ;
#1540 = EDGE_CURVE ( 'NONE', #489, #1465, #1437, .T. ) ;
#1541 = AXIS2_PLACEMENT_3D ( 'NONE', #1727, #1217, #3005 ) ;
#1542 = CARTESIAN_POINT ( 'NONE',  ( -23.00000000000003197, 7.000000000000002665, -13.32999999999996632 ) ) ;
#1543 = VECTOR ( 'NONE', #1035, 1000.000000000000000 ) ;
#1544 = ORIENTED_EDGE ( 'NONE', *, *, #2823, .F. ) ;
#1545 = CARTESIAN_POINT ( 'NONE',  ( 19.43219256539402551, 13.74735883599970698, 1.598163069755927923 ) ) ;
#1546 = CARTESIAN_POINT ( 'NONE',  ( -13.89897948556635754, 0.000000000000000000, 0.000000000000000000 ) ) ;
#1547 = CARTESIAN_POINT ( 'NONE',  ( 20.99999999999999645, 0.000000000000000000, -2.000000000000000000 ) ) ;
#1548 = EDGE_LOOP ( 'NONE', ( #273, #1899, #2171, #174 ) ) ;
#1549 = CARTESIAN_POINT ( 'NONE',  ( -25.00000000000003553, -16.99999999999999645, -0.9999999999999731326 ) ) ;
#1550 = ORIENTED_EDGE ( 'NONE', *, *, #1168, .F. ) ;
#1551 = DIRECTION ( 'NONE',  ( -1.000000000000000000, 0.000000000000000000, 0.000000000000000000 ) ) ;
#1552 = ORIENTED_EDGE ( 'NONE', *, *, #672, .T. ) ;
#1553 = CARTESIAN_POINT ( 'NONE',  ( 19.22237999305597356, 13.32468179183330292, 1.786213880286951161 ) ) ;
#1554 = ADVANCED_FACE ( 'NONE', ( #2154 ), #2087, .F. ) ;
#1555 = EDGE_CURVE ( 'NONE', #2349, #1187, #2731, .T. ) ;
#1556 = ORIENTED_EDGE ( 'NONE', *, *, #2937, .F. ) ;
#1557 = CARTESIAN_POINT ( 'NONE',  ( -22.20411875533103441, 11.12100093806461842, -0.4013211990904845816 ) ) ;
#1558 =( NAMED_UNIT ( * ) SI_UNIT ( $, .STERADIAN. ) SOLID_ANGLE_UNIT ( ) );
#1559 = ORIENTED_EDGE ( 'NONE', *, *, #1318, .F. ) ;
#1560 = CARTESIAN_POINT ( 'NONE',  ( 20.70951525743297239, 13.38232002411675303, -0.5527548335330626506 ) ) ;
#1561 = ORIENTED_EDGE ( 'NONE', *, *, #2893, .F. ) ;
#1562 = LINE ( 'NONE', #809, #2735 ) ;
#1563 = CARTESIAN_POINT ( 'NONE',  ( 2.500000000000000444, 12.00000000000000000, 1.333333333333333481 ) ) ;
#1564 = ORIENTED_EDGE ( 'NONE', *, *, #200, .F. ) ;
#1565 = CARTESIAN_POINT ( 'NONE',  ( -9.000000000000000000, -2.000000000000000000, 2.000000000000000000 ) ) ;
#1566 = DIRECTION ( 'NONE',  ( 1.000000000000000000, 0.000000000000000000, 0.000000000000000000 ) ) ;
#1567 = DIRECTION ( 'NONE',  ( 0.000000000000000000, -8.673617379884035472E-16, -1.000000000000000000 ) ) ;
#1568 = ORIENTED_EDGE ( 'NONE', *, *, #164, .F. ) ;
#1569 = VERTEX_POINT ( 'NONE', #728 ) ;
#1570 = EDGE_CURVE ( 'NONE', #276, #2665, #1269, .T. ) ;
#1571 = EDGE_CURVE ( 'NONE', #2070, #2991, #1155, .T. ) ;
#1572 = FACE_BOUND ( 'NONE', #349, .T. ) ;
#1573 = SURFACE_STYLE_FILL_AREA ( #562 ) ;
#1574 = DIRECTION ( 'NONE',  ( 0.000000000000000000, 0.000000000000000000, 1.000000000000000000 ) ) ;
#1575 = ORIENTED_EDGE ( 'NONE', *, *, #1502, .T. ) ;
#1576 = CARTESIAN_POINT ( 'NONE',  ( 2.616527212956242465, 16.00000000000000000, -1.977471842168092797 ) ) ;
#1577 = EDGE_CURVE ( 'NONE', #190, #2022, #1268, .T. ) ;
#1578 = EDGE_CURVE ( 'NONE', #1372, #1923, #317, .T. ) ;
#1579 = DIRECTION ( 'NONE',  ( -1.387778780781443151E-14, 0.000000000000000000, -1.000000000000000000 ) ) ;
#1580 = ORIENTED_EDGE ( 'NONE', *, *, #734, .T. ) ;
#1581 = CIRCLE ( 'NONE', #2318, 2.750000000000000000 ) ;
#1582 = LINE ( 'NONE', #2584, #2480 ) ;
#1583 = VECTOR ( 'NONE', #1399, 1000.000000000000000 ) ;
#1584 = VERTEX_POINT ( 'NONE', #2278 ) ;
#1585 = ORIENTED_EDGE ( 'NONE', *, *, #1471, .F. ) ;
#1586 = CIRCLE ( 'NONE', #1006, 2.749999999999999112 ) ;
#1587 = ORIENTED_EDGE ( 'NONE', *, *, #2877, .F. ) ;
#1588 = VECTOR ( 'NONE', #1259, 1000.000000000000000 ) ;
#1589 = CARTESIAN_POINT ( 'NONE',  ( -22.81298909890518090, 10.47566003861751938, 1.565594721224116803 ) ) ;
#1590 = AXIS2_PLACEMENT_3D ( 'NONE', #586, #776, #1791 ) ;
#1591 = CARTESIAN_POINT ( 'NONE',  ( -25.00000000000003553, -7.449999999999994849, -13.29999999999997229 ) ) ;
#1592 = ORIENTED_EDGE ( 'NONE', *, *, #1696, .T. ) ;
#1593 = CARTESIAN_POINT ( 'NONE',  ( 3.000000000000002665, 13.96727092209236787, -1.639659717641992698 ) ) ;
#1594 = FACE_OUTER_BOUND ( 'NONE', #1741, .T. ) ;
#1595 = VERTEX_POINT ( 'NONE', #750 ) ;
#1596 = ADVANCED_FACE ( 'NONE', ( #1004 ), #3231, .F. ) ;
#1597 = ADVANCED_FACE ( 'NONE', ( #488 ), #1745, .T. ) ;
#1598 = CARTESIAN_POINT ( 'NONE',  ( -22.32468179182911427, 10.22237999305565559, 1.786213880288417766 ) ) ;
#1599 = CARTESIAN_POINT ( 'NONE',  ( -2.907087138383158464, 15.98584125429459668, -1.642710761068741032 ) ) ;
#1600 = DIRECTION ( 'NONE',  ( -1.000000000000000000, 0.000000000000000000, 0.000000000000000000 ) ) ;
#1601 = ORIENTED_EDGE ( 'NONE', *, *, #2762, .T. ) ;
#1602 = ORIENTED_EDGE ( 'NONE', *, *, #2819, .T. ) ;
#1603 = FACE_OUTER_BOUND ( 'NONE', #832, .T. ) ;
#1604 = DIRECTION ( 'NONE',  ( -0.000000000000000000, 1.000000000000000000, 3.469446951953612611E-15 ) ) ;
#1605 = ORIENTED_EDGE ( 'NONE', *, *, #760, .T. ) ;
#1606 = DIRECTION ( 'NONE',  ( 1.000000000000000000, 0.000000000000000000, 0.000000000000000000 ) ) ;
#1607 = DIRECTION ( 'NONE',  ( 0.000000000000000000, -1.000000000000000000, -3.469446951953612611E-15 ) ) ;
#1608 = ORIENTED_EDGE ( 'NONE', *, *, #438, .T. ) ;
#1609 = CARTESIAN_POINT ( 'NONE',  ( 2.740421404093228652, 12.11616672541793882, 2.000136422248426360 ) ) ;
#1610 = DIRECTION ( 'NONE',  ( 0.000000000000000000, -1.000000000000000000, -3.491481338843133355E-15 ) ) ;
#1611 = DIRECTION ( 'NONE',  ( 0.000000000000000000, 0.000000000000000000, 1.000000000000000000 ) ) ;
#1612 = EDGE_CURVE ( 'NONE', #2945, #1288, #1973, .T. ) ;
#1613 = LINE ( 'NONE', #492, #629 ) ;
#1614 = CARTESIAN_POINT ( 'NONE',  ( -3.000000000000000000, 12.00000000000000000, 0.000000000000000000 ) ) ;
#1615 = EDGE_LOOP ( 'NONE', ( #11, #2001, #654, #2361 ) ) ;
#1616 = CARTESIAN_POINT ( 'NONE',  ( -21.93299526670753963, 10.51344984266374816, -0.2307608067385938377 ) ) ;
#1617 = CARTESIAN_POINT ( 'NONE',  ( -24.30039036130386876, 11.96577654592155326, 0.2713634924163351170 ) ) ;
#1618 = CARTESIAN_POINT ( 'NONE',  ( 25.00000000000000000, -7.449999999999998401, -10.15000000000002700 ) ) ;
#1619 = CARTESIAN_POINT ( 'NONE',  ( 25.00000000000000000, 6.999999999999999112, -7.830000000000027605 ) ) ;
#1620 = VERTEX_POINT ( 'NONE', #2753 ) ;
#1621 = CYLINDRICAL_SURFACE ( 'NONE', #1057, 2.000000000000000000 ) ;
#1622 = CARTESIAN_POINT ( 'NONE',  ( -21.91532811746818510, 10.48825663996626467, -0.2217220286222559567 ) ) ;
#1623 = AXIS2_PLACEMENT_3D ( 'NONE', #3006, #2781, #1757 ) ;
#1624 = CARTESIAN_POINT ( 'NONE',  ( 23.00000000000000000, -1.000000000000000000, -2.000000000000001776 ) ) ;
#1625 = LINE ( 'NONE', #422, #2789 ) ;
#1626 = AXIS2_PLACEMENT_3D ( 'NONE', #1206, #2930, #666 ) ;
#1627 = B_SPLINE_CURVE_WITH_KNOTS ( 'NONE', 3,
 ( #2773, #2266, #42, #507, #791, #509, #13, #2496, #478, #2980, #2742, #1294, #2788, #235, #1545, #767, #1553, #265, #490, #7 ),
 .UNSPECIFIED., .F., .F.,
 ( 4, 2, 2, 2, 2, 2, 2, 2, 2, 4 ),
 ( 0.000000000000000000, 0.2500000000000000000, 0.3750000000000000000, 0.4375000000000000000, 0.4687500000000000000, 0.4843750000000000000, 0.4921875000000000000, 0.5000000000000000000, 0.7500000000000000000, 1.000000000000000000 ),
 .UNSPECIFIED. ) ;
#1628 = AXIS2_PLACEMENT_3D ( 'NONE', #1230, #1513, #2530 ) ;
#1629 = ADVANCED_FACE ( 'NONE', ( #709 ), #1519, .T. ) ;
#1630 = ORIENTED_EDGE ( 'NONE', *, *, #92, .F. ) ;
#1631 = ADVANCED_FACE ( 'NONE', ( #2492 ), #229, .T. ) ;
#1632 = DIRECTION ( 'NONE',  ( -0.000000000000000000, 1.000000000000000000, 3.491481338843133355E-15 ) ) ;
#1633 = AXIS2_PLACEMENT_3D ( 'NONE', #921, #1999, #2981 ) ;
#1634 = CARTESIAN_POINT ( 'NONE',  ( -21.87653963310568273, 10.43574547562005428, -0.2023018468339556064 ) ) ;
#1635 = CARTESIAN_POINT ( 'NONE',  ( 2.907087138955622763, 12.35728923980019367, 1.985841254216701435 ) ) ;
#1636 = CARTESIAN_POINT ( 'NONE',  ( -25.00000000000000000, 5.000000000000000000, -13.33000000000002316 ) ) ;
#1637 = VECTOR ( 'NONE', #122, 1000.000000000000000 ) ;
#1638 = ORIENTED_EDGE ( 'NONE', *, *, #3215, .T. ) ;
#1639 = CIRCLE ( 'NONE', #1892, 2.000000000000000000 ) ;
#1640 = DIRECTION ( 'NONE',  ( 0.000000000000000000, 0.000000000000000000, -1.000000000000000000 ) ) ;
#1641 = DIRECTION ( 'NONE',  ( -0.000000000000000000, -1.000000000000000000, -0.000000000000000000 ) ) ;
#1642 = ORIENTED_EDGE ( 'NONE', *, *, #817, .T. ) ;
#1643 = CARTESIAN_POINT ( 'NONE',  ( 2.500002795412820333, 16.00000000000000000, -2.000000000000000000 ) ) ;
#1644 = CARTESIAN_POINT ( 'NONE',  ( 20.85872109932190099, 13.49767977085205573, -0.6723617677368000090 ) ) ;
#1645 = DIRECTION ( 'NONE',  ( 0.000000000000000000, -1.000000000000000000, -1.445602896647339163E-16 ) ) ;
#1646 = AXIS2_PLACEMENT_3D ( 'NONE', #1085, #2294, #1579 ) ;
#1647 = CYLINDRICAL_SURFACE ( 'NONE', #836, 2.999999999999999112 ) ;
#1648 = DIRECTION ( 'NONE',  ( 0.000000000000000000, 0.000000000000000000, -1.000000000000000000 ) ) ;
#1649 = FACE_OUTER_BOUND ( 'NONE', #2809, .T. ) ;
#1650 = CARTESIAN_POINT ( 'NONE',  ( 22.70378829873748572, 10.40188194887658391, 1.619074563710418468 ) ) ;
#1651 = ORIENTED_EDGE ( 'NONE', *, *, #2557, .T. ) ;
#1652 = EDGE_CURVE ( 'NONE', #2796, #374, #279, .T. ) ;
#1653 = EDGE_CURVE ( 'NONE', #2393, #2111, #1977, .T. ) ;
#1654 = FACE_OUTER_BOUND ( 'NONE', #665, .T. ) ;
#1655 = CARTESIAN_POINT ( 'NONE',  ( -20.99999999999999645, 15.41842570033031024, 0.07710513246711415969 ) ) ;
#1656 = VERTEX_POINT ( 'NONE', #1366 ) ;
#1657 = CARTESIAN_POINT ( 'NONE',  ( -20.99999999999999645, 15.41842570033031024, 0.07710513246711415969 ) ) ;
#1658 = ADVANCED_FACE ( 'NONE', ( #827 ), #2844, .F. ) ;
#1659 = CARTESIAN_POINT ( 'NONE',  ( 2.883133602495131953, 13.99386937329382619, -1.832275677332695807 ) ) ;
#1660 = CARTESIAN_POINT ( 'NONE',  ( 3.000000000000000888, 12.36034028235800797, -0.03272907790763304042 ) ) ;
#1661 = ORIENTED_EDGE ( 'NONE', *, *, #1885, .F. ) ;
#1662 = VERTEX_POINT ( 'NONE', #102 ) ;
#1663 = CARTESIAN_POINT ( 'NONE',  ( 19.07950010799996576, 12.74446276275868328, 1.941569813127502320 ) ) ;
#1664 = CARTESIAN_POINT ( 'NONE',  ( 22.70378829873748572, 10.40188194887658391, 1.619074563710418468 ) ) ;
#1665 = DIRECTION ( 'NONE',  ( 0.000000000000000000, 0.000000000000000000, -1.000000000000000000 ) ) ;
#1666 = CARTESIAN_POINT ( 'NONE',  ( -2.965818985598457580, 15.97138808052348047, -1.480480762192578403 ) ) ;
#1667 = ORIENTED_EDGE ( 'NONE', *, *, #581, .F. ) ;
#1668 = DIRECTION ( 'NONE',  ( 0.000000000000000000, 0.000000000000000000, -1.000000000000000000 ) ) ;
#1669 = FACE_OUTER_BOUND ( 'NONE', #182, .T. ) ;
#1670 = DIRECTION ( 'NONE',  ( 0.000000000000000000, -1.445602896647339410E-16, 1.000000000000000000 ) ) ;
#1671 = CARTESIAN_POINT ( 'NONE',  ( 23.00000000000000000, 0.000000000000000000, -2.000000000000028422 ) ) ;
#1672 = DIRECTION ( 'NONE',  ( -0.000000000000000000, 1.000000000000000000, 3.469446951953612611E-15 ) ) ;
#1673 = ORIENTED_EDGE ( 'NONE', *, *, #760, .F. ) ;
#1674 = SURFACE_SIDE_STYLE ('',( #688 ) ) ;
#1675 = ORIENTED_EDGE ( 'NONE', *, *, #741, .F. ) ;
#1676 = ADVANCED_FACE ( 'NONE', ( #120 ), #2358, .T. ) ;
#1677 = DIRECTION ( 'NONE',  ( -1.000000000000000000, -0.000000000000000000, -0.000000000000000000 ) ) ;
#1678 = DIRECTION ( 'NONE',  ( -1.000000000000000000, 0.000000000000000000, 0.000000000000000000 ) ) ;
#1679 = CARTESIAN_POINT ( 'NONE',  ( 21.67212206322906454, 10.24530182493895936, -0.1153600122426701458 ) ) ;
#1680 = CARTESIAN_POINT ( 'NONE',  ( 22.56425406349277907, 10.33147946342146817, 1.681830163672685119 ) ) ;
#1681 = CARTESIAN_POINT ( 'NONE',  ( 20.99999999999999645, 12.00000000000000000, 0.000000000000000000 ) ) ;
#1682 = ORIENTED_EDGE ( 'NONE', *, *, #2178, .T. ) ;
#1683 = AXIS2_PLACEMENT_3D ( 'NONE', #2493, #1240, #1990 ) ;
#1684 = AXIS2_PLACEMENT_3D ( 'NONE', #708, #1267, #1251 ) ;
#1685 = CYLINDRICAL_SURFACE ( 'NONE', #1489, 4.000000000000000000 ) ;
#1686 = CARTESIAN_POINT ( 'NONE',  ( 2.500002795412816781, 12.00000000000000000, 0.000000000000000000 ) ) ;
#1687 = EDGE_LOOP ( 'NONE', ( #2034, #334, #3228, #472 ) ) ;
#1688 = DIRECTION ( 'NONE',  ( 1.000000000000000000, 0.000000000000000000, 0.000000000000000000 ) ) ;
#1689 = VECTOR ( 'NONE', #1233, 1000.000000000000000 ) ;
#1690 = CARTESIAN_POINT ( 'NONE',  ( -20.99999999999999645, 0.000000000000000000, 2.000000000000000000 ) ) ;
#1691 = CARTESIAN_POINT ( 'NONE',  ( 22.26254824486515105, 11.33333333333333215, -0.4488804271146862868 ) ) ;
#1692 = VERTEX_POINT ( 'NONE', #2123 ) ;
#1693 = VERTEX_POINT ( 'NONE', #3121 ) ;
#1694 = CIRCLE ( 'NONE', #271, 2.749999999999999112 ) ;
#1695 = B_SPLINE_CURVE_WITH_KNOTS ( 'NONE', 3,
 ( #1875, #1617, #1122, #2642, #900, #151, #2128, #1377 ),
 .UNSPECIFIED., .F., .F.,
 ( 4, 2, 2, 4 ),
 ( 0.000000000000000000, 0.2500000000000000000, 0.5000000000000000000, 1.000000000000000000 ),
 .UNSPECIFIED. ) ;
#1696 = EDGE_CURVE ( 'NONE', #1750, #2979, #528, .T. ) ;
#1697 = DIRECTION ( 'NONE',  ( 0.000000000000000000, -1.000000000000000000, 0.000000000000000000 ) ) ;
#1698 = ADVANCED_FACE ( 'NONE', ( #614 ), #1621, .F. ) ;
#1699 = B_SPLINE_SURFACE_WITH_KNOTS ( 'NONE', 1, 3, ( 
 ( #2052, #1822, #582, #33, #1576, #1334 ),
 ( #1593, #795, #2231, #774, #1788, #536 ) ),
 .UNSPECIFIED., .F., .F., .F.,
 ( 2, 2 ),
 ( 4, 2, 4 ),
 ( 0.000000000000000000, 1.000000000000000000 ),
 ( 0.000000000000000000, 0.5000000000000000000, 1.000000000000000000 ),
 .UNSPECIFIED. ) ;
#1700 = CIRCLE ( 'NONE', #2591, 2.000000000000000888 ) ;
#1701 = CARTESIAN_POINT ( 'NONE',  ( -2.949842318746692893, 12.25257137601123780, -0.01298930657959168275 ) ) ;
#1702 = VERTEX_POINT ( 'NONE', #1841 ) ;
#1703 = CARTESIAN_POINT ( 'NONE',  ( 13.89897948556635754, 3.000000000000000000, 0.000000000000000000 ) ) ;
#1704 = CARTESIAN_POINT ( 'NONE',  ( 24.41842570033030668, 12.00000000000000178, 0.07710513246711263313 ) ) ;
#1705 = CARTESIAN_POINT ( 'NONE',  ( 18.99999999999999645, 12.00000000000000000, 0.000000000000000000 ) ) ;
#1706 = VERTEX_POINT ( 'NONE', #2328 ) ;
#1707 = SURFACE_STYLE_USAGE ( .BOTH. , #1674 ) ;
#1708 = ORIENTED_EDGE ( 'NONE', *, *, #3210, .F. ) ;
#1709 = FACE_OUTER_BOUND ( 'NONE', #2787, .T. ) ;
#1710 = CARTESIAN_POINT ( 'NONE',  ( -23.00000000000000000, 0.000000000000000000, 0.000000000000000000 ) ) ;
#1711 = CARTESIAN_POINT ( 'NONE',  ( -23.52509648973030565, 11.33333333333333393, 1.102239145770627093 ) ) ;
#1712 = DIRECTION ( 'NONE',  ( 0.000000000000000000, 0.000000000000000000, 1.000000000000000000 ) ) ;
#1713 = CARTESIAN_POINT ( 'NONE',  ( 22.65951399788139042, 10.37789669992805131, 1.639589064090374748 ) ) ;
#1714 = ADVANCED_FACE ( 'NONE', ( #1054 ), #589, .F. ) ;
#1715 = LINE ( 'NONE', #2733, #1840 ) ;
#1716 = VERTEX_POINT ( 'NONE', #310 ) ;
#1717 = EDGE_CURVE ( 'NONE', #2836, #573, #2108, .T. ) ;
#1718 = EDGE_CURVE ( 'NONE', #704, #312, #1949, .T. ) ;
#1719 = CARTESIAN_POINT ( 'NONE',  ( -20.86373628266447966, 14.99793446799166929, 0.6523330048230244760 ) ) ;
#1720 = LINE ( 'NONE', #2719, #2375 ) ;
#1721 = DIRECTION ( 'NONE',  ( -0.000000000000000000, -0.000000000000000000, 1.000000000000000000 ) ) ;
#1722 = FACE_OUTER_BOUND ( 'NONE', #2760, .T. ) ;
#1723 = EDGE_LOOP ( 'NONE', ( #3037, #82, #2282, #1423 ) ) ;
#1724 = CARTESIAN_POINT ( 'NONE',  ( -20.69255690059804920, 13.38273976288190248, -0.5544745916515829709 ) ) ;
#1725 = ORIENTED_EDGE ( 'NONE', *, *, #3168, .T. ) ;
#1726 = CARTESIAN_POINT ( 'NONE',  ( 25.00000000000000000, 12.00000000000000000, -2.000000000000026201 ) ) ;
#1727 = CARTESIAN_POINT ( 'NONE',  ( -3.000000000000002665, 12.00000000000000000, -2.000000000000000000 ) ) ;
#1728 = DIRECTION ( 'NONE',  ( -1.000000000000000000, 0.000000000000000000, 0.000000000000000000 ) ) ;
#1729 = CARTESIAN_POINT ( 'NONE',  ( -2.883133602495131953, 12.16772432266730242, -0.006130626706177347632 ) ) ;
#1730 = DIRECTION ( 'NONE',  ( 1.000000000000000000, 0.000000000000000000, 0.000000000000000000 ) ) ;
#1731 = ORIENTED_EDGE ( 'NONE', *, *, #2960, .F. ) ;
#1732 = CARTESIAN_POINT ( 'NONE',  ( -22.74735883599980113, 10.43219256539404149, 1.598163069755879517 ) ) ;
#1733 = EDGE_CURVE ( 'NONE', #3046, #1205, #1582, .T. ) ;
#1734 = AXIS2_PLACEMENT_3D ( 'NONE', #2928, #2281, #1778 ) ;
#1735 = CARTESIAN_POINT ( 'NONE',  ( 19.48825663996730739, 12.91532811746851550, -0.2217220286224237946 ) ) ;
#1736 = AXIS2_PLACEMENT_3D ( 'NONE', #212, #1728, #2230 ) ;
#1737 = CARTESIAN_POINT ( 'NONE',  ( -2.499999999999998668, 12.00000000000000178, 0.000000000000000000 ) ) ;
#1738 = DIRECTION ( 'NONE',  ( 0.000000000000000000, 0.000000000000000000, -1.000000000000000000 ) ) ;
#1739 = ORIENTED_EDGE ( 'NONE', *, *, #1520, .F. ) ;
#1740 = AXIS2_PLACEMENT_3D ( 'NONE', #1160, #906, #2649 ) ;
#1741 = EDGE_LOOP ( 'NONE', ( #766, #2121, #149, #1878 ) ) ;
#1742 = CARTESIAN_POINT ( 'NONE',  ( 20.99999999999999645, 12.00000000000000000, 2.000000000000000000 ) ) ;
#1743 = DIRECTION ( 'NONE',  ( 0.000000000000000000, -1.000000000000000000, -0.000000000000000000 ) ) ;
#1744 = AXIS2_PLACEMENT_3D ( 'NONE', #2670, #1994, #1292 ) ;
#1745 = PLANE ( 'NONE',  #2993 ) ;
#1746 = AXIS2_PLACEMENT_3D ( 'NONE', #996, #2953, #2454 ) ;
#1747 = CARTESIAN_POINT ( 'NONE',  ( -2.949866846107864315, 12.25262407555441690, -0.01299895942814268714 ) ) ;
#1748 = ORIENTED_EDGE ( 'NONE', *, *, #438, .F. ) ;
#1749 = DIRECTION ( 'NONE',  ( 1.000000000000000000, 0.000000000000000000, 0.000000000000000000 ) ) ;
#1750 = VERTEX_POINT ( 'NONE', #1338 ) ;
#1751 = EDGE_CURVE ( 'NONE', #2051, #190, #2344, .T. ) ;
#1752 = ADVANCED_FACE ( 'NONE', ( #2090 ), #338, .T. ) ;
#1753 = CARTESIAN_POINT ( 'NONE',  ( -19.91679937399787548, 14.30965580586838648, 1.277599099985148978 ) ) ;
#1754 = PRODUCT_DEFINITION_CONTEXT ( 'detailed design', #895, 'design' ) ;
#1755 = ORIENTED_EDGE ( 'NONE', *, *, #301, .F. ) ;
#1756 = CARTESIAN_POINT ( 'NONE',  ( -19.04268631954833779, 12.21095908502572591, -1.807003620809124034E-17 ) ) ;
#1757 = DIRECTION ( 'NONE',  ( 0.000000000000000000, 0.000000000000000000, 1.000000000000000000 ) ) ;
#1758 = DIRECTION ( 'NONE',  ( -0.000000000000000000, -0.000000000000000000, 1.000000000000000000 ) ) ;
#1759 = CARTESIAN_POINT ( 'NONE',  ( -22.75956700293793844, 10.43994394451985208, 1.592206674377892428 ) ) ;
#1760 = DIRECTION ( 'NONE',  ( -1.000000000000000000, 0.000000000000000000, 0.000000000000000000 ) ) ;
#1761 = CARTESIAN_POINT ( 'NONE',  ( 22.59404273882404013, 11.93464928004828529, -0.7897735304853664706 ) ) ;
#1762 = ORIENTED_EDGE ( 'NONE', *, *, #2996, .T. ) ;
#1763 = DIRECTION ( 'NONE',  ( 0.000000000000000000, -1.000000000000000000, -1.445602896647339410E-16 ) ) ;
#1764 = CARTESIAN_POINT ( 'NONE',  ( 2.749999999999998224, 6.999999999999992895, 0.000000000000000000 ) ) ;
#1765 = ORIENTED_EDGE ( 'NONE', *, *, #2974, .F. ) ;
#1766 = PLANE ( 'NONE',  #2482 ) ;
#1767 = ORIENTED_EDGE ( 'NONE', *, *, #112, .T. ) ;
#1768 = FACE_OUTER_BOUND ( 'NONE', #2221, .T. ) ;
#1769 = ORIENTED_EDGE ( 'NONE', *, *, #3016, .F. ) ;
#1770 = LINE ( 'NONE', #2224, #2271 ) ;
#1771 = DIRECTION ( 'NONE',  ( -0.000000000000000000, -0.000000000000000000, 1.000000000000000000 ) ) ;
#1772 = ORIENTED_EDGE ( 'NONE', *, *, #3120, .F. ) ;
#1773 = FACE_OUTER_BOUND ( 'NONE', #1687, .T. ) ;
#1774 = ADVANCED_FACE ( 'NONE', ( #2888 ), #1647, .T. ) ;
#1775 = DIRECTION ( 'NONE',  ( 1.000000000000000000, 0.000000000000000000, 6.071532165918829564E-15 ) ) ;
#1776 = LINE ( 'NONE', #2280, #2372 ) ;
#1777 = DIRECTION ( 'NONE',  ( -0.000000000000000000, -0.000000000000000000, 1.000000000000000000 ) ) ;
#1778 = DIRECTION ( 'NONE',  ( 0.000000000000000000, 3.469446951953612611E-15, -1.000000000000000000 ) ) ;
#1779 = ORIENTED_EDGE ( 'NONE', *, *, #199, .T. ) ;
#1780 = LINE ( 'NONE', #3010, #3200 ) ;
#1781 = CYLINDRICAL_SURFACE ( 'NONE', #2637, 2.999999999999999112 ) ;
#1782 = EDGE_LOOP ( 'NONE', ( #2680, #2265, #3234, #3042 ) ) ;
#1783 = CARTESIAN_POINT ( 'NONE',  ( 19.64557280564410036, 13.01055490954052729, -0.2736377915991051735 ) ) ;
#1784 = VECTOR ( 'NONE', #1421, 1000.000000000000000 ) ;
#1785 = CARTESIAN_POINT ( 'NONE',  ( -2.750000000000000888, 4.999999999999994671, 0.000000000000000000 ) ) ;
#1786 = CARTESIAN_POINT ( 'NONE',  ( -25.00000000000003197, -0.9999999999999967804, -1.999999999999980904 ) ) ;
#1787 = EDGE_LOOP ( 'NONE', ( #1397, #231, #2451, #3193 ) ) ;
#1788 = CARTESIAN_POINT ( 'NONE',  ( 2.616531894079165532, 14.00000000000000000, -1.988735468584268418 ) ) ;
#1789 = CARTESIAN_POINT ( 'NONE',  ( 23.52509648973030565, 11.33333333333333215, 1.102239145770627315 ) ) ;
#1790 = VECTOR ( 'NONE', #592, 1000.000000000000000 ) ;
#1791 = DIRECTION ( 'NONE',  ( 0.000000000000000000, 0.000000000000000000, -1.000000000000000000 ) ) ;
#1792 = ORIENTED_EDGE ( 'NONE', *, *, #1857, .T. ) ;
#1793 = CARTESIAN_POINT ( 'NONE',  ( 25.00000000000000000, 12.00000000000000000, -2.775557561562891351E-14 ) ) ;
#1794 = DIRECTION ( 'NONE',  ( -1.000000000000000000, 0.000000000000000000, 0.000000000000000000 ) ) ;
#1795 = EDGE_CURVE ( 'NONE', #640, #3173, #2404, .T. ) ;
#1796 = EDGE_CURVE ( 'NONE', #344, #1380, #3166, .T. ) ;
#1797 = CARTESIAN_POINT ( 'NONE',  ( 22.40868512369958054, 11.74809632420364736, -0.5797942524638205475 ) ) ;
#1798 = AXIS2_PLACEMENT_3D ( 'NONE', #1156, #841, #1113 ) ;
#1799 = PLANE ( 'NONE',  #1734 ) ;
#1800 = ORIENTED_EDGE ( 'NONE', *, *, #1612, .F. ) ;
#1801 = AXIS2_PLACEMENT_3D ( 'NONE', #2142, #576, #127 ) ;
#1802 = CIRCLE ( 'NONE', #73, 4.000000000000000000 ) ;
#1803 = EDGE_LOOP ( 'NONE', ( #1601, #3178, #1036, #3143 ) ) ;
#1804 = CARTESIAN_POINT ( 'NONE',  ( -22.26254824486515105, 11.33333333333333393, -0.4488804271146865088 ) ) ;
#1805 = DIRECTION ( 'NONE',  ( -0.000000000000000000, -0.000000000000000000, 1.000000000000000000 ) ) ;
#1806 = CARTESIAN_POINT ( 'NONE',  ( 23.00000000000000000, 12.00000000000000000, -30.00000000000003197 ) ) ;
#1807 = ORIENTED_EDGE ( 'NONE', *, *, #2661, .F. ) ;
#1808 = DIRECTION ( 'NONE',  ( 0.000000000000000000, 1.000000000000000000, 0.000000000000000000 ) ) ;
#1809 = ORIENTED_EDGE ( 'NONE', *, *, #3062, .T. ) ;
#1810 = DIRECTION ( 'NONE',  ( 0.000000000000000000, 0.000000000000000000, -1.000000000000000000 ) ) ;
#1811 = ADVANCED_FACE ( 'NONE', ( #1180 ), #2957, .F. ) ;
#1812 = EDGE_LOOP ( 'NONE', ( #2582, #1964, #2567, #2097 ) ) ;
#1813 = ADVANCED_FACE ( 'NONE', ( #2149 ), #146, .T. ) ;
#1814 = DIRECTION ( 'NONE',  ( 0.000000000000000000, 0.000000000000000000, -1.000000000000000000 ) ) ;
#1815 = CARTESIAN_POINT ( 'NONE',  ( -22.38232002411826471, 11.70951525743899246, -0.5527548335346154085 ) ) ;
#1816 = EDGE_CURVE ( 'NONE', #932, #628, #1369, .T. ) ;
#1817 = ORIENTED_EDGE ( 'NONE', *, *, #858, .T. ) ;
#1818 = DIRECTION ( 'NONE',  ( 1.000000000000000000, 0.000000000000000000, 0.000000000000000000 ) ) ;
#1819 =( NAMED_UNIT ( * ) PLANE_ANGLE_UNIT ( ) SI_UNIT ( $, .RADIAN. ) );
#1820 = VERTEX_POINT ( 'NONE', #2666 ) ;
#1821 = VERTEX_POINT ( 'NONE', #1415 ) ;
#1822 = CARTESIAN_POINT ( 'NONE',  ( 2.949838655304895418, 15.97402427036739070, -1.494872990536043389 ) ) ;
#1823 = PLANE ( 'NONE',  #2279 ) ;
#1824 = ORIENTED_EDGE ( 'NONE', *, *, #740, .F. ) ;
#1825 = PLANE ( 'NONE',  #2525 ) ;
#1826 = DIRECTION ( 'NONE',  ( 0.000000000000000000, 0.000000000000000000, -1.000000000000000000 ) ) ;
#1827 = CARTESIAN_POINT ( 'NONE',  ( -22.04408059168930478, 10.71327018104182649, -0.2937175241357506406 ) ) ;
#1828 = EDGE_LOOP ( 'NONE', ( #773, #1454, #2722, #2983, #1389, #55 ) ) ;
#1829 = CARTESIAN_POINT ( 'NONE',  ( -23.00000000000003553, 12.00000000000000000, -1.999999999999998224 ) ) ;
#1830 = ORIENTED_EDGE ( 'NONE', *, *, #3076, .F. ) ;
#1831 = ADVANCED_FACE ( 'NONE', ( #1709 ), #2135, .T. ) ;
#1832 = CARTESIAN_POINT ( 'NONE',  ( -19.40188194887644357, 12.85189414936812646, -0.1904627181444981665 ) ) ;
#1833 = APPLICATION_PROTOCOL_DEFINITION ( 'draft international standard', 'automotive_design', 1998, #895 ) ;
#1834 = DIRECTION ( 'NONE',  ( 1.000000000000000000, 0.000000000000000000, 0.000000000000000000 ) ) ;
#1835 = CARTESIAN_POINT ( 'NONE',  ( 20.33333333333333215, 14.52509648973030920, 1.102239145770627315 ) ) ;
#1836 = ORIENTED_EDGE ( 'NONE', *, *, #632, .F. ) ;
#1837 = CARTESIAN_POINT ( 'NONE',  ( 23.00000000000000000, 9.000000000000001776, -27.00000000000003553 ) ) ;
#1838 = ORIENTED_EDGE ( 'NONE', *, *, #734, .F. ) ;
#1839 = DIRECTION ( 'NONE',  ( 0.000000000000000000, -1.000000000000000000, -3.469446951953612611E-15 ) ) ;
#1840 = VECTOR ( 'NONE', #1961, 1000.000000000000000 ) ;
#1841 = CARTESIAN_POINT ( 'NONE',  ( -6.200583151104937407, 0.8571428571428575394, 0.000000000000000000 ) ) ;
#1842 = CARTESIAN_POINT ( 'NONE',  ( -22.26254824486515105, 11.33333333333333393, -0.4488804271146865088 ) ) ;
#1843 = CIRCLE ( 'NONE', #1684, 3.000000000000000000 ) ;
#1844 = CARTESIAN_POINT ( 'NONE',  ( 22.70921285016515156, 12.00000000000000178, -0.9614474337664438153 ) ) ;
#1845 = VERTEX_POINT ( 'NONE', #2172 ) ;
#1846 = AXIS2_PLACEMENT_3D ( 'NONE', #1484, #1000, #2984 ) ;
#1847 = CIRCLE ( 'NONE', #1100, 1.000000000000001554 ) ;
#1848 = AXIS2_PLACEMENT_3D ( 'NONE', #3017, #1329, #2833 ) ;
#1849 = ORIENTED_EDGE ( 'NONE', *, *, #3095, .T. ) ;
#1850 = B_SPLINE_SURFACE_WITH_KNOTS ( 'NONE', 1, 3, ( 
 ( #2158, #607, #454, #1241, #1186, #731, #2044, #1135, #2348, #849, #162, #2258, #1759, #2766, #502, #2846, #1598, #89, #370, #1132 ),
 ( #1842, #2601, #2091, #1827, #386, #828, #2829, #1622, #2390, #630, #2077, #1870, #2136, #339, #847, #2872, #2651, #1351, #615, #2628 ) ),
 .UNSPECIFIED., .F., .F., .F.,
 ( 2, 2 ),
 ( 4, 2, 2, 2, 2, 2, 2, 2, 2, 4 ),
 ( 0.000000000000000000, 1.000000000000000000 ),
 ( 0.000000000000000000, 0.2500000000000000000, 0.3750000000000000000, 0.4375000000000000000, 0.4687500000000000000, 0.4843750000000000000, 0.4921875000000000000, 0.5000000000000000000, 0.7500000000000000000, 1.000000000000000000 ),
 .UNSPECIFIED. ) ;
#1851 = FACE_OUTER_BOUND ( 'NONE', #3069, .T. ) ;
#1852 = AXIS2_PLACEMENT_3D ( 'NONE', #1837, #2356, #2073 ) ;
#1853 = CARTESIAN_POINT ( 'NONE',  ( 23.73685421783526550, 11.65472959439011547, 0.9173861500241754507 ) ) ;
#1854 = PLANE ( 'NONE',  #621 ) ;
#1855 = ORIENTED_EDGE ( 'NONE', *, *, #2819, .F. ) ;
#1856 = EDGE_CURVE ( 'NONE', #1656, #1716, #909, .T. ) ;
#1857 = EDGE_CURVE ( 'NONE', #557, #932, #2274, .T. ) ;
#1858 = CARTESIAN_POINT ( 'NONE',  ( -23.00000000000003553, 12.00000000000000355, -29.99999999999997158 ) ) ;
#1859 = CARTESIAN_POINT ( 'NONE',  ( -4.101020514433641573, 0.000000000000000000, 0.000000000000000000 ) ) ;
#1860 = ORIENTED_EDGE ( 'NONE', *, *, #2178, .F. ) ;
#1861 = CARTESIAN_POINT ( 'NONE',  ( 19.43574547562002408, 12.87653963310559035, -0.2023018468339110865 ) ) ;
#1862 = LINE ( 'NONE', #341, #1637 ) ;
#1863 = ORIENTED_EDGE ( 'NONE', *, *, #458, .F. ) ;
#1864 = CARTESIAN_POINT ( 'NONE',  ( -22.76403858520726331, 10.44282261095070119, 1.590012904685740081 ) ) ;
#1865 = PLANE ( 'NONE',  #1367 ) ;
#1866 = CARTESIAN_POINT ( 'NONE',  ( -25.00000000000003553, -16.99999999999999645, -29.99999999999997158 ) ) ;
#1867 = DIRECTION ( 'NONE',  ( 1.000000000000000000, -0.000000000000000000, 0.000000000000000000 ) ) ;
#1868 = ORIENTED_EDGE ( 'NONE', *, *, #1029, .F. ) ;
#1869 = DIRECTION ( 'NONE',  ( -0.000000000000000000, -1.000000000000000000, 0.000000000000000000 ) ) ;
#1870 = CARTESIAN_POINT ( 'NONE',  ( -21.88201929260362988, 10.44282261095070119, -0.2049935476571300985 ) ) ;
#1871 = CARTESIAN_POINT ( 'NONE',  ( 23.00000000000000000, -17.00000000000000000, 1.999999999999971800 ) ) ;
#1872 = DIRECTION ( 'NONE',  ( -1.000000000000000000, 0.000000000000000000, 0.000000000000000000 ) ) ;
#1873 = VERTEX_POINT ( 'NONE', #77 ) ;
#1874 = CARTESIAN_POINT ( 'NONE',  ( -20.33333333333333570, 14.52509648973030565, 1.102239145770629536 ) ) ;
#1875 = CARTESIAN_POINT ( 'NONE',  ( -24.41842570033030668, 12.00000000000000000, 0.07710513246711458990 ) ) ;
#1876 = CARTESIAN_POINT ( 'NONE',  ( 23.00000000000000000, 9.000000000000001776, -30.00000000000003197 ) ) ;
#1877 = DIRECTION ( 'NONE',  ( 0.000000000000000000, 0.000000000000000000, 1.000000000000000000 ) ) ;
#1878 = ORIENTED_EDGE ( 'NONE', *, *, #440, .T. ) ;
#1879 = CARTESIAN_POINT ( 'NONE',  ( -4.101020514433641573, 3.000000000000000000, 0.000000000000000000 ) ) ;
#1880 = CARTESIAN_POINT ( 'NONE',  ( 20.96577654592074325, 15.30039036130108698, 0.2713634924209221144 ) ) ;
#1881 = FACE_OUTER_BOUND ( 'NONE', #1962, .T. ) ;
#1882 = CIRCLE ( 'NONE', #2732, 3.149999999999999911 ) ;
#1883 = CARTESIAN_POINT ( 'NONE',  ( 2.500002795412820333, 16.00000000000000000, -2.000000000000000000 ) ) ;
#1884 = AXIS2_PLACEMENT_3D ( 'NONE', #2374, #103, #1648 ) ;
#1885 = EDGE_CURVE ( 'NONE', #1923, #1177, #944, .T. ) ;
#1886 = AXIS2_PLACEMENT_3D ( 'NONE', #1326, #491, #2510 ) ;
#1887 = ORIENTED_EDGE ( 'NONE', *, *, #3097, .F. ) ;
#1888 = EDGE_CURVE ( 'NONE', #2775, #1716, #59, .T. ) ;
#1889 = AXIS2_PLACEMENT_3D ( 'NONE', #1614, #1495, #1442 ) ;
#1890 = CARTESIAN_POINT ( 'NONE',  ( 20.99999999999999645, 0.000000000000000000, -2.000000000000000000 ) ) ;
#1891 = CARTESIAN_POINT ( 'NONE',  ( -23.00000000000003553, -7.449999999999994849, -6.999999999999970690 ) ) ;
#1892 = AXIS2_PLACEMENT_3D ( 'NONE', #2912, #647, #1668 ) ;
#1893 = ORIENTED_EDGE ( 'NONE', *, *, #2583, .T. ) ;
#1894 = FACE_BOUND ( 'NONE', #329, .T. ) ;
#1895 = VECTOR ( 'NONE', #2238, 1000.000000000000000 ) ;
#1896 = CARTESIAN_POINT ( 'NONE',  ( -22.38232002411825761, 11.70951525743899246, -0.5527548335346154085 ) ) ;
#1897 = DIRECTION ( 'NONE',  ( 0.000000000000000000, 0.000000000000000000, 1.000000000000000000 ) ) ;
#1898 = ORIENTED_EDGE ( 'NONE', *, *, #1751, .T. ) ;
#1899 = ORIENTED_EDGE ( 'NONE', *, *, #1123, .T. ) ;
#1900 = PRODUCT_DEFINITION_FORMATION_WITH_SPECIFIED_SOURCE ( 'ANY', '', #2896, .NOT_KNOWN. ) ;
#1901 = CARTESIAN_POINT ( 'NONE',  ( 20.99999999999999645, 14.00000000000004441, -14.00000000000002132 ) ) ;
#1902 = CARTESIAN_POINT ( 'NONE',  ( 23.52509648973030565, 11.33333333333333215, 1.102239145770627315 ) ) ;
#1903 = EDGE_LOOP ( 'NONE', ( #2013, #3030, #1996, #1539 ) ) ;
#1904 = CARTESIAN_POINT ( 'NONE',  ( -22.88336098964825283, 10.52748902484626825, 1.529096354665650859 ) ) ;
#1905 = EDGE_CURVE ( 'NONE', #87, #1569, #369, .T. ) ;
#1906 = EDGE_CURVE ( 'NONE', #697, #770, #845, .T. ) ;
#1907 = CARTESIAN_POINT ( 'NONE',  ( -23.00000000000000000, 12.00000000000000000, 0.000000000000000000 ) ) ;
#1908 = DIRECTION ( 'NONE',  ( -1.000000000000000000, 0.000000000000000000, 0.000000000000000000 ) ) ;
#1909 = FACE_OUTER_BOUND ( 'NONE', #67, .T. ) ;
#1910 = CARTESIAN_POINT ( 'NONE',  ( 24.41842570033030668, 12.00000000000000178, 0.07710513246711242497 ) ) ;
#1911 = ORIENTED_EDGE ( 'NONE', *, *, #457, .T. ) ;
#1912 = CARTESIAN_POINT ( 'NONE',  ( 20.99999999999999645, 15.41842570033031024, 0.07710513246711415969 ) ) ;
#1913 = CARTESIAN_POINT ( 'NONE',  ( 3.000000000000000888, 12.72068056471601594, 1.934541844184733961 ) ) ;
#1914 = ORIENTED_EDGE ( 'NONE', *, *, #3232, .F. ) ;
#1915 = CARTESIAN_POINT ( 'NONE',  ( 23.00000000000000000, -17.00000000000000000, -30.00000000000003197 ) ) ;
#1916 = FACE_OUTER_BOUND ( 'NONE', #3242, .T. ) ;
#1917 = CARTESIAN_POINT ( 'NONE',  ( -20.99999999999999645, 12.00000000000000000, 0.000000000000000000 ) ) ;
#1918 = FACE_OUTER_BOUND ( 'NONE', #1903, .T. ) ;
#1919 = CARTESIAN_POINT ( 'NONE',  ( 19.45154877154580575, 13.77743514690354409, 1.583409471745143460 ) ) ;
#1920 = CARTESIAN_POINT ( 'NONE',  ( -2.616527212956237136, 12.02252815783190343, 2.000000000000000000 ) ) ;
#1921 = B_SPLINE_CURVE_WITH_KNOTS ( 'NONE', 1,
 ( #1910, #2613 ),
 .UNSPECIFIED., .F., .F.,
 ( 2, 2 ),
 ( 0.000000000000000000, 1.000000000000000000 ),
 .UNSPECIFIED. ) ;
#1922 = DIRECTION ( 'NONE',  ( -1.000000000000000000, 0.000000000000000000, 0.000000000000000000 ) ) ;
#1923 = VERTEX_POINT ( 'NONE', #2674 ) ;
#1924 = LINE ( 'NONE', #1456, #2063 ) ;
#1925 = DIRECTION ( 'NONE',  ( 0.000000000000000000, 0.000000000000000000, 1.000000000000000000 ) ) ;
#1926 = VERTEX_POINT ( 'NONE', #2692 ) ;
#1927 = VERTEX_POINT ( 'NONE', #542 ) ;
#1928 = EDGE_CURVE ( 'NONE', #897, #3020, #2186, .T. ) ;
#1929 = ADVANCED_FACE ( 'NONE', ( #3088 ), #1390, .F. ) ;
#1930 = CARTESIAN_POINT ( 'NONE',  ( -19.40188194887644357, 13.70378829873625115, 1.619074563711004222 ) ) ;
#1931 = DIRECTION ( 'NONE',  ( -0.000000000000000000, 1.000000000000000000, 0.000000000000000000 ) ) ;
#1932 = ORIENTED_EDGE ( 'NONE', *, *, #1612, .T. ) ;
#1933 = CARTESIAN_POINT ( 'NONE',  ( 20.82134077936870398, 14.91736060176575407, 0.7375781888744334935 ) ) ;
#1934 = ORIENTED_EDGE ( 'NONE', *, *, #2641, .T. ) ;
#1935 = DIRECTION ( 'NONE',  ( -0.000000000000000000, -0.000000000000000000, 1.000000000000000000 ) ) ;
#1936 = CARTESIAN_POINT ( 'NONE',  ( -20.99999999999999645, 14.00000000000000178, -2.000000000000007105 ) ) ;
#1937 = CARTESIAN_POINT ( 'NONE',  ( 22.65951399788139042, 10.37789669992805131, 1.639589064090374748 ) ) ;
#1938 = CARTESIAN_POINT ( 'NONE',  ( -2.999999999999999112, 12.36034028235800797, -0.03272907790763304042 ) ) ;
#1939 = CIRCLE ( 'NONE', #575, 2.000000000000000888 ) ;
#1940 = CARTESIAN_POINT ( 'NONE',  ( 22.26254824486515105, 11.33333333333333215, -0.4488804271146862868 ) ) ;
#1941 = ORIENTED_EDGE ( 'NONE', *, *, #440, .F. ) ;
#1942 = AXIS2_PLACEMENT_3D ( 'NONE', #2036, #2837, #2341 ) ;
#1943 = CARTESIAN_POINT ( 'NONE',  ( -20.82642569149568601, 13.46041940868985698, -0.6330496374084404465 ) ) ;
#1944 = CARTESIAN_POINT ( 'NONE',  ( 22.36842710891763275, 11.65472959439011547, -0.5413069249879123301 ) ) ;
#1945 = ORIENTED_EDGE ( 'NONE', *, *, #2448, .F. ) ;
#1946 = PLANE ( 'NONE',  #1626 ) ;
#1947 = AXIS2_PLACEMENT_3D ( 'NONE', #2860, #1610, #2816 ) ;
#1948 = CARTESIAN_POINT ( 'NONE',  ( -2.500000000000000444, 12.00000000000000000, 1.333333333333333481 ) ) ;
#1949 = CIRCLE ( 'NONE', #3107, 2.749999999999999112 ) ;
#1950 = ORIENTED_EDGE ( 'NONE', *, *, #618, .F. ) ;
#1951 = LINE ( 'NONE', #872, #574 ) ;
#1952 = ADVANCED_FACE ( 'NONE', ( #1096 ), #2856, .F. ) ;
#1953 = ORIENTED_EDGE ( 'NONE', *, *, #1471, .T. ) ;
#1954 = AXIS2_PLACEMENT_3D ( 'NONE', #3098, #2898, #2638 ) ;
#1955 = CARTESIAN_POINT ( 'NONE',  ( -23.00000000000003553, -19.99999999999999645, -29.99999999999997158 ) ) ;
#1956 = DIRECTION ( 'NONE',  ( 0.000000000000000000, 0.000000000000000000, 1.000000000000000000 ) ) ;
#1957 = CYLINDRICAL_SURFACE ( 'NONE', #2989, 2.000000000000001776 ) ;
#1958 = EDGE_CURVE ( 'NONE', #1311, #1187, #3117, .T. ) ;
#1959 = CIRCLE ( 'NONE', #588, 2.999999999999999112 ) ;
#1960 = CARTESIAN_POINT ( 'NONE',  ( 20.82134077936870398, 14.91736060176575407, 0.7375781888744334935 ) ) ;
#1961 = DIRECTION ( 'NONE',  ( 1.000000000000000000, 0.000000000000000000, 0.000000000000000000 ) ) ;
#1962 = EDGE_LOOP ( 'NONE', ( #2515, #140, #3019, #319, #1739, #2210 ) ) ;
#1963 = CARTESIAN_POINT ( 'NONE',  ( -20.44672565081022597, 14.59001450051376914, 1.049398525351962208 ) ) ;
#1964 = ORIENTED_EDGE ( 'NONE', *, *, #802, .T. ) ;
#1965 = DIRECTION ( 'NONE',  ( 1.000000000000000000, 0.000000000000000000, 0.000000000000000000 ) ) ;
#1966 = LINE ( 'NONE', #938, #1219 ) ;
#1967 = FACE_OUTER_BOUND ( 'NONE', #352, .T. ) ;
#1968 = ORIENTED_EDGE ( 'NONE', *, *, #2080, .T. ) ;
#1969 = ORIENTED_EDGE ( 'NONE', *, *, #1476, .T. ) ;
#1970 = CARTESIAN_POINT ( 'NONE',  ( 22.15480231014245760, 10.91670041156718618, -0.3611796185158704375 ) ) ;
#1971 = CARTESIAN_POINT ( 'NONE',  ( 23.00000000000000000, 12.00000000000000000, -13.33000000000002849 ) ) ;
#1972 = PLANE ( 'NONE',  #1001 ) ;
#1973 = LINE ( 'NONE', #1989, #213 ) ;
#1974 = EDGE_CURVE ( 'NONE', #1662, #1750, #2099, .T. ) ;
#1975 = ADVANCED_FACE ( 'NONE', ( #638, #1909 ), #3103, .F. ) ;
#1976 = ORIENTED_EDGE ( 'NONE', *, *, #2960, .T. ) ;
#1977 = B_SPLINE_CURVE_WITH_KNOTS ( 'NONE', 3,
 ( #764, #2297, #37, #1038, #2042, #556, #601, #2104, #1385, #1861, #2871, #3092, #2373, #2600, #2389 ),
 .UNSPECIFIED., .F., .F.,
 ( 4, 2, 1, 1, 1, 2, 2, 2, 4 ),
 ( 0.000000000000000000, 0.2499999999999944489, 0.3749999999999940048, 0.4374999999999912847, 0.4687499999999872879, 0.4843749999999878986, 0.4999999999999885647, 0.7499999999999942268, 1.000000000000000000 ),
 .UNSPECIFIED. ) ;
#1978 = CARTESIAN_POINT ( 'NONE',  ( -20.33333333333333570, 13.26254824486515282, -0.4488804271146852320 ) ) ;
#1979 = B_SPLINE_CURVE_WITH_KNOTS ( 'NONE', 1,
 ( #1711, #1020 ),
 .UNSPECIFIED., .F., .F.,
 ( 2, 2 ),
 ( 0.000000000000000000, 1.000000000000000000 ),
 .UNSPECIFIED. ) ;
#1980 = CARTESIAN_POINT ( 'NONE',  ( -25.00000000000003553, -19.99999999999999645, -29.99999999999997158 ) ) ;
#1981 = VERTEX_POINT ( 'NONE', #1866 ) ;
#1982 = CARTESIAN_POINT ( 'NONE',  ( -20.33333333333333570, 13.26254824486515282, -0.4488804271146852320 ) ) ;
#1983 = CARTESIAN_POINT ( 'NONE',  ( 21.83024152552228259, 10.37767480544369647, -0.1802774822464371096 ) ) ;
#1984 = ORIENTED_EDGE ( 'NONE', *, *, #1190, .T. ) ;
#1985 = CARTESIAN_POINT ( 'NONE',  ( -20.99999999999999645, 13.70921285016515512, -0.9614474337664429271 ) ) ;
#1986 = ORIENTED_EDGE ( 'NONE', *, *, #2895, .F. ) ;
#1987 = CARTESIAN_POINT ( 'NONE',  ( -19.61438593527369889, 13.02557685265746024, -0.2745750853120779711 ) ) ;
#1988 = DIRECTION ( 'NONE',  ( 0.000000000000000000, 0.000000000000000000, 1.000000000000000000 ) ) ;
#1989 = CARTESIAN_POINT ( 'NONE',  ( -20.99999999999999645, 16.00000000000003553, -11.00000000000001243 ) ) ;
#1990 = DIRECTION ( 'NONE',  ( -1.387778780781443151E-14, 0.000000000000000000, -1.000000000000000000 ) ) ;
#1991 = EDGE_CURVE ( 'NONE', #1278, #1692, #1438, .T. ) ;
#1992 = EDGE_LOOP ( 'NONE', ( #620, #2343, #3064, #1528 ) ) ;
#1993 = EDGE_CURVE ( 'NONE', #2565, #52, #2005, .T. ) ;
#1994 = DIRECTION ( 'NONE',  ( 1.000000000000000000, 0.000000000000000000, 0.000000000000000000 ) ) ;
#1995 = AXIS2_PLACEMENT_3D ( 'NONE', #1201, #453, #972 ) ;
#1996 = ORIENTED_EDGE ( 'NONE', *, *, #3168, .F. ) ;
#1997 = CARTESIAN_POINT ( 'NONE',  ( 23.00000000000000000, -2.000000000000001776, -2.000000000000026201 ) ) ;
#1998 = AXIS2_PLACEMENT_3D ( 'NONE', #2875, #617, #2153 ) ;
#1999 = DIRECTION ( 'NONE',  ( 1.000000000000000000, 0.000000000000000000, 0.000000000000000000 ) ) ;
#2000 = CARTESIAN_POINT ( 'NONE',  ( 21.78212703174638776, 10.33147946342146817, -0.1590849181636574960 ) ) ;
#2001 = ORIENTED_EDGE ( 'NONE', *, *, #2062, .T. ) ;
#2002 = AXIS2_PLACEMENT_3D ( 'NONE', #1145, #1199, #2970 ) ;
#2003 = VECTOR ( 'NONE', #17, 1000.000000000000000 ) ;
#2004 = EDGE_LOOP ( 'NONE', ( #1083, #1228, #1070, #1807 ) ) ;
#2005 = CIRCLE ( 'NONE', #676, 3.149999999999999911 ) ;
#2006 = DIRECTION ( 'NONE',  ( -0.000000000000000000, -1.000000000000000000, -0.000000000000000000 ) ) ;
#2007 = CARTESIAN_POINT ( 'NONE',  ( 3.000000000000000888, 15.27878487015394349, -1.399432862736653904 ) ) ;
#2008 = CIRCLE ( 'NONE', #473, 1.000000000000001776 ) ;
#2009 = DIRECTION ( 'NONE',  ( -1.000000000000000000, 0.000000000000000000, 0.000000000000000000 ) ) ;
#2010 = VECTOR ( 'NONE', #2869, 1000.000000000000000 ) ;
#2011 = CARTESIAN_POINT ( 'NONE',  ( 22.59204877015391943, 11.93650337252551097, -0.7686229608952870329 ) ) ;
#2012 = CARTESIAN_POINT ( 'NONE',  ( 20.99999999999999645, 14.84868808360859305, -0.2690790562774048600 ) ) ;
#2013 = ORIENTED_EDGE ( 'NONE', *, *, #2139, .T. ) ;
#2014 = DIRECTION ( 'NONE',  ( -1.000000000000000000, -0.000000000000000000, -0.000000000000000000 ) ) ;
#2015 = CARTESIAN_POINT ( 'NONE',  ( -2.632495559819853170, 15.99999999999989697, -1.962864454021843397 ) ) ;
#2016 = ORIENTED_EDGE ( 'NONE', *, *, #2679, .T. ) ;
#2017 = ADVANCED_FACE ( 'NONE', ( #855 ), #1395, .T. ) ;
#2018 = EDGE_CURVE ( 'NONE', #3001, #2982, #65, .T. ) ;
#2019 = CARTESIAN_POINT ( 'NONE',  ( -19.33147946342098678, 12.78212703174420461, -0.1590849181627209397 ) ) ;
#2020 = DIRECTION ( 'NONE',  ( -0.000000000000000000, 1.000000000000000000, 3.491481338843133355E-15 ) ) ;
#2021 = DIRECTION ( 'NONE',  ( 0.000000000000000000, 0.000000000000000000, 1.000000000000000000 ) ) ;
#2022 = VERTEX_POINT ( 'NONE', #3141 ) ;
#2023 = CARTESIAN_POINT ( 'NONE',  ( -25.00000000000003553, -1.999999999999996669, -0.9999999999999731326 ) ) ;
#2024 = PLANE ( 'NONE',  #3196 ) ;
#2025 = DIRECTION ( 'NONE',  ( 0.000000000000000000, 0.000000000000000000, -1.000000000000000000 ) ) ;
#2026 = CARTESIAN_POINT ( 'NONE',  ( 22.49896723399679388, 11.86373628266488467, -0.6738334975895713397 ) ) ;
#2027 = VERTEX_POINT ( 'NONE', #626 ) ;
#2028 = B_SPLINE_CURVE_WITH_KNOTS ( 'NONE', 3,
 ( #1534, #498, #1266, #1517 ),
 .UNSPECIFIED., .F., .F.,
 ( 4, 4 ),
 ( 0.000000000000000000, 1.000000000000000000 ),
 .UNSPECIFIED. ) ;
#2029 = CARTESIAN_POINT ( 'NONE',  ( -2.500002793761071818, 16.00000000000000000, -1.999999999988682609 ) ) ;
#2030 = CARTESIAN_POINT ( 'NONE',  ( -22.45868030088211853, 11.82134077936569838, -0.6312109055620082065 ) ) ;
#2031 = ORIENTED_EDGE ( 'NONE', *, *, #2545, .F. ) ;
#2032 = CARTESIAN_POINT ( 'NONE',  ( -19.41479206540345714, 13.72610723763712137, 1.608463017867346689 ) ) ;
#2033 = VERTEX_POINT ( 'NONE', #1671 ) ;
#2034 = ORIENTED_EDGE ( 'NONE', *, *, #1555, .F. ) ;
#2035 = EDGE_CURVE ( 'NONE', #2775, #3101, #1426, .T. ) ;
#2036 = CARTESIAN_POINT ( 'NONE',  ( -9.000000000000000000, -2.000000000000000000, 0.000000000000000000 ) ) ;
#2037 = EDGE_CURVE ( 'NONE', #2724, #3165, #43, .T. ) ;
#2038 = CARTESIAN_POINT ( 'NONE',  ( -20.99999999999999645, 14.00000000000004441, -14.00000000000002132 ) ) ;
#2039 = DIRECTION ( 'NONE',  ( -1.000000000000000000, 0.000000000000000000, 0.000000000000000000 ) ) ;
#2040 = VERTEX_POINT ( 'NONE', #2145 ) ;
#2041 = CARTESIAN_POINT ( 'NONE',  ( 20.99999999999999645, 9.999999999999998224, 2.000000000000000000 ) ) ;
#2042 = CARTESIAN_POINT ( 'NONE',  ( 19.61172411794384374, 12.99379206846571400, -0.2635979253305231751 ) ) ;
#2043 = CARTESIAN_POINT ( 'NONE',  ( 22.42161869494731619, 11.76767866602672541, -0.5931080987001479121 ) ) ;
#2044 = CARTESIAN_POINT ( 'NONE',  ( -22.88336098964825283, 10.52748902484626825, 1.529096354665650859 ) ) ;
#2045 = ORIENTED_EDGE ( 'NONE', *, *, #28, .T. ) ;
#2046 = DIRECTION ( 'NONE',  ( -0.000000000000000000, -0.000000000000000000, 1.000000000000000000 ) ) ;
#2047 = ORIENTED_EDGE ( 'NONE', *, *, #393, .F. ) ;
#2048 = AXIS2_PLACEMENT_3D ( 'NONE', #3090, #1839, #383 ) ;
#2049 = DIRECTION ( 'NONE',  ( -0.000000000000000000, 0.000000000000000000, -1.000000000000000000 ) ) ;
#2050 = ORIENTED_EDGE ( 'NONE', *, *, #2134, .T. ) ;
#2051 = VERTEX_POINT ( 'NONE', #2167 ) ;
#2052 = CARTESIAN_POINT ( 'NONE',  ( 3.000000000000002665, 15.93454184418473574, -1.279319435283985396 ) ) ;
#2053 = CIRCLE ( 'NONE', #5, 2.749999999999999112 ) ;
#2054 = EDGE_CURVE ( 'NONE', #2982, #3001, #2218, .T. ) ;
#2055 = AXIS2_PLACEMENT_3D ( 'NONE', #2519, #1023, #3025 ) ;
#2056 = DIRECTION ( 'NONE',  ( 1.000000000000000000, 0.000000000000000000, 0.000000000000000000 ) ) ;
#2057 = EDGE_CURVE ( 'NONE', #1662, #2929, #2369, .T. ) ;
#2058 = ORIENTED_EDGE ( 'NONE', *, *, #1129, .T. ) ;
#2059 = DIRECTION ( 'NONE',  ( -0.000000000000000000, 0.000000000000000000, 1.000000000000000000 ) ) ;
#2060 = CARTESIAN_POINT ( 'NONE',  ( 4.101020514433641573, 3.000000000000000000, 2.000000000000000000 ) ) ;
#2061 = AXIS2_PLACEMENT_3D ( 'NONE', #701, #1721, #445 ) ;
#2062 = EDGE_CURVE ( 'NONE', #344, #330, #471, .T. ) ;
#2063 = VECTOR ( 'NONE', #2495, 1000.000000000000000 ) ;
#2064 = EDGE_LOOP ( 'NONE', ( #186, #549, #2858, #530 ) ) ;
#2065 = AXIS2_PLACEMENT_3D ( 'NONE', #2581, #1336, #2342 ) ;
#2066 = B_SPLINE_CURVE_WITH_KNOTS ( 'NONE', 3,
 ( #1789, #2794, #1452, #2208, #660, #1167, #2407, #388, #1220, #2232, #3199, #930 ),
 .UNSPECIFIED., .F., .F.,
 ( 4, 2, 2, 2, 2, 4 ),
 ( 0.000000000000000000, 0.2500000000000000000, 0.3750000000000000000, 0.5000000000000000000, 0.7500000000000000000, 1.000000000000000000 ),
 .UNSPECIFIED. ) ;
#2067 = VECTOR ( 'NONE', #1468, 1000.000000000000000 ) ;
#2068 = ORIENTED_EDGE ( 'NONE', *, *, #1312, .F. ) ;
#2069 = CARTESIAN_POINT ( 'NONE',  ( -19.37789669992778485, 13.65951399787902965, 1.639589064091456994 ) ) ;
#2070 = VERTEX_POINT ( 'NONE', #2673 ) ;
#2071 = EDGE_LOOP ( 'NONE', ( #1393, #1198, #223, #2253 ) ) ;
#2072 = PLANE ( 'NONE',  #210 ) ;
#2073 = DIRECTION ( 'NONE',  ( 0.000000000000000000, 0.000000000000000000, 1.000000000000000000 ) ) ;
#2074 = ORIENTED_EDGE ( 'NONE', *, *, #3040, .F. ) ;
#2075 = LINE ( 'NONE', #1955, #1373 ) ;
#2076 = CARTESIAN_POINT ( 'NONE',  ( -25.00000000000003197, 5.000000000000002665, -10.57999999999996454 ) ) ;
#2077 = CARTESIAN_POINT ( 'NONE',  ( -21.88871757345163616, 10.45154877154536877, -0.2082952641273613792 ) ) ;
#2078 = ORIENTED_EDGE ( 'NONE', *, *, #2346, .T. ) ;
#2079 = EDGE_CURVE ( 'NONE', #552, #2685, #2535, .T. ) ;
#2080 = EDGE_CURVE ( 'NONE', #108, #1927, #2398, .T. ) ;
#2081 = ORIENTED_EDGE ( 'NONE', *, *, #1974, .T. ) ;
#2082 = CARTESIAN_POINT ( 'NONE',  ( -18.99999999999999645, 12.00000000000000000, 2.000000000000000000 ) ) ;
#2083 = CARTESIAN_POINT ( 'NONE',  ( -25.00000000000003197, 7.000000000000004441, -10.57999999999996454 ) ) ;
#2084 = CARTESIAN_POINT ( 'NONE',  ( -18.99999999999999645, 12.00000000000000000, 2.000000000000000000 ) ) ;
#2085 = ORIENTED_EDGE ( 'NONE', *, *, #2401, .T. ) ;
#2086 = FACE_OUTER_BOUND ( 'NONE', #3169, .T. ) ;
#2087 = B_SPLINE_SURFACE_WITH_KNOTS ( 'NONE', 1, 3, ( 
 ( #3151, #424, #2176, #645, #1920, #2925 ),
 ( #1938, #1701, #1729, #469, #518, #543 ) ),
 .UNSPECIFIED., .F., .F., .F.,
 ( 2, 2 ),
 ( 4, 2, 4 ),
 ( 0.000000000000000000, 1.000000000000000000 ),
 ( 0.000000000000000000, 0.5000000000000000000, 1.000000000000000000 ),
 .UNSPECIFIED. ) ;
#2088 = CARTESIAN_POINT ( 'NONE',  ( 25.00000000000000000, 6.999999999999999112, -13.33000000000002849 ) ) ;
#2089 = ORIENTED_EDGE ( 'NONE', *, *, #2596, .F. ) ;
#2090 = FACE_OUTER_BOUND ( 'NONE', #268, .T. ) ;
#2091 = CARTESIAN_POINT ( 'NONE',  ( -22.14212958901623196, 10.93944360058315013, -0.3563587132745413832 ) ) ;
#2092 = ORIENTED_EDGE ( 'NONE', *, *, #457, .F. ) ;
#2093 = EDGE_CURVE ( 'NONE', #504, #1662, #3051, .T. ) ;
#2094 = VERTEX_POINT ( 'NONE', #1244 ) ;
#2095 = CYLINDRICAL_SURFACE ( 'NONE', #1954, 3.149999999999999911 ) ;
#2096 = CARTESIAN_POINT ( 'NONE',  ( -3.000000000000002665, 12.60056713726334721, 1.278784870153945263 ) ) ;
#2097 = ORIENTED_EDGE ( 'NONE', *, *, #2802, .T. ) ;
#2098 = VECTOR ( 'NONE', #3032, 1000.000000000000000 ) ;
#2099 = LINE ( 'NONE', #2119, #269 ) ;
#2100 = CARTESIAN_POINT ( 'NONE',  ( 2.500000000000000444, 12.00000000000000000, 0.6666666666666666297 ) ) ;
#2101 = VERTEX_POINT ( 'NONE', #3240 ) ;
#2102 = CARTESIAN_POINT ( 'NONE',  ( 3.000000000000000888, 12.72068056471601594, 1.934541844184733961 ) ) ;
#2103 = VECTOR ( 'NONE', #3233, 1000.000000000000000 ) ;
#2104 = CARTESIAN_POINT ( 'NONE',  ( 19.45154877154580575, 12.88871757345177116, -0.2082952641274283812 ) ) ;
#2105 = DIRECTION ( 'NONE',  ( 0.000000000000000000, 0.000000000000000000, -1.000000000000000000 ) ) ;
#2106 = VECTOR ( 'NONE', #2014, 1000.000000000000000 ) ;
#2107 = CARTESIAN_POINT ( 'NONE',  ( -2.500002793761071818, 14.00000000000000000, -1.999999999994341415 ) ) ;
#2108 = CIRCLE ( 'NONE', #945, 1.000000000000001776 ) ;
#2109 = VECTOR ( 'NONE', #1046, 1000.000000000000000 ) ;
#2110 = VECTOR ( 'NONE', #1116, 1000.000000000000000 ) ;
#2111 = VERTEX_POINT ( 'NONE', #1705 ) ;
#2112 = CARTESIAN_POINT ( 'NONE',  ( -21.90207776544480112, 10.46936173794315117, -0.2149429447707846275 ) ) ;
#2113 = UNCERTAINTY_MEASURE_WITH_UNIT (LENGTH_MEASURE( 1.000000000000000082E-05 ), #1197, 'distance_accuracy_value', 'NONE');
#2114 = AXIS2_PLACEMENT_3D ( 'NONE', #1382, #1931, #1897 ) ;
#2115 = CARTESIAN_POINT ( 'NONE',  ( 3.000000000000000888, 12.72068056471601594, 1.934541844184733961 ) ) ;
#2116 = CARTESIAN_POINT ( 'NONE',  ( -20.82642569149568601, 14.92083881737971218, 0.7339007251831195511 ) ) ;
#2117 = EDGE_CURVE ( 'NONE', #2780, #222, #684, .T. ) ;
#2118 = ADVANCED_FACE ( 'NONE', ( #2217 ), #220, .F. ) ;
#2119 = CARTESIAN_POINT ( 'NONE',  ( -23.00000000000000000, 0.000000000000000000, 2.000000000000000000 ) ) ;
#2120 = DIRECTION ( 'NONE',  ( 0.000000000000000000, 3.469446951953615372E-15, -1.000000000000000000 ) ) ;
#2121 = ORIENTED_EDGE ( 'NONE', *, *, #1089, .F. ) ;
#2122 = DIRECTION ( 'NONE',  ( 0.000000000000000000, 0.000000000000000000, -1.000000000000000000 ) ) ;
#2123 = CARTESIAN_POINT ( 'NONE',  ( 2.500000000000002220, 14.00000000000000000, -1.999999999999998224 ) ) ;
#2124 = CARTESIAN_POINT ( 'NONE',  ( -2.740421402970181664, 14.00006821113687572, -1.941916637727058692 ) ) ;
#2125 = CARTESIAN_POINT ( 'NONE',  ( -3.000000000000002665, 16.00000000000000000, -2.000000000000000000 ) ) ;
#2126 = EDGE_LOOP ( 'NONE', ( #3009, #47, #2500, #2918 ) ) ;
#2127 = CARTESIAN_POINT ( 'NONE',  ( -20.99999999999999645, 9.999999999999998224, 0.000000000000000000 ) ) ;
#2128 = CARTESIAN_POINT ( 'NONE',  ( -23.65125723813858372, 11.55928095894195806, 0.9995494278029461999 ) ) ;
#2129 = ORIENTED_EDGE ( 'NONE', *, *, #2577, .T. ) ;
#2130 = CARTESIAN_POINT ( 'NONE',  ( -23.00000000000000000, 12.00000000000000000, 2.000000000000000000 ) ) ;
#2131 = CARTESIAN_POINT ( 'NONE',  ( -25.00000000000003197, 12.00000000000000355, -1.999999999999998224 ) ) ;
#2132 = ORIENTED_EDGE ( 'NONE', *, *, #50, .T. ) ;
#2133 = EDGE_CURVE ( 'NONE', #308, #1159, #1460, .T. ) ;
#2134 = EDGE_CURVE ( 'NONE', #483, #2471, #245, .T. ) ;
#2135 = CYLINDRICAL_SURFACE ( 'NONE', #1215, 2.999999999999999556 ) ;
#2136 = CARTESIAN_POINT ( 'NONE',  ( -21.87978350146897100, 10.43994394451985208, -0.2038966628110535917 ) ) ;
#2137 = DIRECTION ( 'NONE',  ( 1.000000000000000000, 0.000000000000000000, -1.370553316539457353E-14 ) ) ;
#2138 = CARTESIAN_POINT ( 'NONE',  ( 25.00000000000000000, 0.000000000000000000, -2.000000000000026201 ) ) ;
#2139 = EDGE_CURVE ( 'NONE', #1223, #1820, #978, .T. ) ;
#2140 = FACE_OUTER_BOUND ( 'NONE', #2900, .T. ) ;
#2141 = ORIENTED_EDGE ( 'NONE', *, *, #1169, .F. ) ;
#2142 = CARTESIAN_POINT ( 'NONE',  ( 23.00000000000000000, -5.000000000000000000, -1.000000000000026423 ) ) ;
#2143 = CARTESIAN_POINT ( 'NONE',  ( -25.00000000000003553, 12.00000000000000355, -29.99999999999997158 ) ) ;
#2144 = ORIENTED_EDGE ( 'NONE', *, *, #3079, .F. ) ;
#2145 = CARTESIAN_POINT ( 'NONE',  ( -18.00000000000000000, 14.00000000000004441, -14.00000000000002132 ) ) ;
#2146 = CARTESIAN_POINT ( 'NONE',  ( 17.99999999999999645, 16.00000000000003553, -11.00000000000001243 ) ) ;
#2147 = ORIENTED_EDGE ( 'NONE', *, *, #1958, .F. ) ;
#2148 = ORIENTED_EDGE ( 'NONE', *, *, #1356, .T. ) ;
#2149 = FACE_OUTER_BOUND ( 'NONE', #157, .T. ) ;
#2150 = ADVANCED_FACE ( 'NONE', ( #2708 ), #2468, .F. ) ;
#2151 = VECTOR ( 'NONE', #391, 1000.000000000000000 ) ;
#2152 = PLANE ( 'NONE',  #678 ) ;
#2153 = DIRECTION ( 'NONE',  ( 2.168404344971005910E-16, -1.000000000000000000, 0.000000000000000000 ) ) ;
#2154 = FACE_OUTER_BOUND ( 'NONE', #2295, .T. ) ;
#2155 = EDGE_CURVE ( 'NONE', #2357, #959, #863, .T. ) ;
#2156 = EDGE_CURVE ( 'NONE', #818, #794, #1966, .T. ) ;
#2157 = VECTOR ( 'NONE', #1127, 1000.000000000000000 ) ;
#2158 = CARTESIAN_POINT ( 'NONE',  ( -23.52509648973030565, 11.33333333333333393, 1.102239145770627093 ) ) ;
#2159 = ORIENTED_EDGE ( 'NONE', *, *, #2616, .T. ) ;
#2160 = CIRCLE ( 'NONE', #215, 3.149999999999999911 ) ;
#2161 = CARTESIAN_POINT ( 'NONE',  ( -23.52509648973030565, 11.33333333333333393, 1.102239145770627093 ) ) ;
#2162 = CARTESIAN_POINT ( 'NONE',  ( 2.740421404093228652, 12.05808336270897030, 6.821112421297897445E-05 ) ) ;
#2163 = VECTOR ( 'NONE', #1152, 1000.000000000000000 ) ;
#2164 = ORIENTED_EDGE ( 'NONE', *, *, #421, .F. ) ;
#2165 = B_SPLINE_SURFACE_WITH_KNOTS ( 'NONE', 1, 3, ( 
 ( #2029, #2015, #1507, #1599, #753, #2359 ),
 ( #2107, #2862, #2615, #2511, #355, #3011 ) ),
 .UNSPECIFIED., .F., .F., .F.,
 ( 2, 2 ),
 ( 4, 2, 4 ),
 ( 0.000000000000000000, 1.000000000000000000 ),
 ( 0.000000000000000000, 0.5000000000000000000, 1.000000000000000000 ),
 .UNSPECIFIED. ) ;
#2166 = CIRCLE ( 'NONE', #2640, 2.000000000000000888 ) ;
#2167 = CARTESIAN_POINT ( 'NONE',  ( -25.00000000000003553, 7.000000000000002665, -7.829999999999968985 ) ) ;
#2168 = CARTESIAN_POINT ( 'NONE',  ( 17.99999999999999645, 14.00000000000004441, -14.00000000000002132 ) ) ;
#2169 = ORIENTED_EDGE ( 'NONE', *, *, #1376, .T. ) ;
#2170 = CARTESIAN_POINT ( 'NONE',  ( -25.00000000000003197, 11.99999999999999822, 2.000000000000026201 ) ) ;
#2171 = ORIENTED_EDGE ( 'NONE', *, *, #1207, .T. ) ;
#2172 = CARTESIAN_POINT ( 'NONE',  ( -23.00000000000003553, -7.449999999999994849, -13.29999999999997229 ) ) ;
#2173 = CYLINDRICAL_SURFACE ( 'NONE', #3058, 1.000000000000001776 ) ;
#2174 = FACE_OUTER_BOUND ( 'NONE', #1256, .T. ) ;
#2175 = CARTESIAN_POINT ( 'NONE',  ( 19.44282261095097297, 13.76403858520743384, 1.590012904685658590 ) ) ;
#2176 = CARTESIAN_POINT ( 'NONE',  ( -2.883133602495131953, 12.33544864533460483, 1.987738746587645267 ) ) ;
#2177 = CARTESIAN_POINT ( 'NONE',  ( -25.00000000000003553, -16.99999999999999645, -29.99999999999997158 ) ) ;
#2178 = EDGE_CURVE ( 'NONE', #1845, #222, #2741, .T. ) ;
#2179 = ORIENTED_EDGE ( 'NONE', *, *, #1371, .F. ) ;
#2180 = EDGE_CURVE ( 'NONE', #1595, #476, #2561, .T. ) ;
#2181 = CYLINDRICAL_SURFACE ( 'NONE', #2892, 2.999999999999999112 ) ;
#2182 = CARTESIAN_POINT ( 'NONE',  ( 22.70921285016515156, 12.00000000000000178, -0.9614474337664438153 ) ) ;
#2183 = DIRECTION ( 'NONE',  ( 0.000000000000000000, 0.000000000000000000, -1.000000000000000000 ) ) ;
#2184 = FACE_OUTER_BOUND ( 'NONE', #1242, .T. ) ;
#2185 = ORIENTED_EDGE ( 'NONE', *, *, #92, .T. ) ;
#2186 = LINE ( 'NONE', #3091, #2110 ) ;
#2187 = ORIENTED_EDGE ( 'NONE', *, *, #181, .F. ) ;
#2188 = DIRECTION ( 'NONE',  ( 1.000000000000000000, -0.000000000000000000, -0.000000000000000000 ) ) ;
#2189 = DIRECTION ( 'NONE',  ( 0.000000000000000000, 1.000000000000000000, 0.000000000000000000 ) ) ;
#2190 = DIRECTION ( 'NONE',  ( 0.000000000000000000, 1.084202172485504434E-16, -1.000000000000000000 ) ) ;
#2191 = CARTESIAN_POINT ( 'NONE',  ( 22.21613480211906833, 10.20620710641609463, 1.813615792219517520 ) ) ;
#2192 = CARTESIAN_POINT ( 'NONE',  ( -2.616533512774530834, 12.01126468788658386, -1.138200522872965618E-17 ) ) ;
#2193 = VERTEX_POINT ( 'NONE', #3206 ) ;
#2194 = EDGE_CURVE ( 'NONE', #52, #2565, #2160, .T. ) ;
#2195 = CARTESIAN_POINT ( 'NONE',  ( -20.99999999999999645, -7.914939977461566301, -2.000000000000000000 ) ) ;
#2196 = DIRECTION ( 'NONE',  ( 0.000000000000000000, 3.469446951953614189E-15, -1.000000000000000000 ) ) ;
#2197 = CARTESIAN_POINT ( 'NONE',  ( -20.93464928004787851, 15.18808547764633055, 0.4204529390315755455 ) ) ;
#2198 = CARTESIAN_POINT ( 'NONE',  ( -3.000000000000000000, 12.00000000000000000, 2.000000000000000000 ) ) ;
#2199 = CARTESIAN_POINT ( 'NONE',  ( -25.00000000000003553, -7.449999999999994849, -6.999999999999970690 ) ) ;
#2200 = DIRECTION ( 'NONE',  ( 1.000000000000000000, 0.000000000000000000, 0.000000000000000000 ) ) ;
#2201 = ORIENTED_EDGE ( 'NONE', *, *, #1011, .T. ) ;
#2202 = ORIENTED_EDGE ( 'NONE', *, *, #29, .T. ) ;
#2203 = CARTESIAN_POINT ( 'NONE',  ( 2.949838655304895418, 15.97402427036739070, -1.494872990536043389 ) ) ;
#2204 = FACE_OUTER_BOUND ( 'NONE', #1308, .T. ) ;
#2205 = LINE ( 'NONE', #747, #1112 ) ;
#2206 = CARTESIAN_POINT ( 'NONE',  ( -25.00000000000003553, -19.99999999999999645, -0.9999999999999731326 ) ) ;
#2207 = B_SPLINE_CURVE_WITH_KNOTS ( 'NONE', 3,
 ( #2082, #2572, #30, #2268, #532, #83, #1030, #2774, #2069, #1080, #2032, #3067, #561, #2288 ),
 .UNSPECIFIED., .F., .F.,
 ( 4, 2, 2, 2, 2, 2, 4 ),
 ( 0.000000000000000000, 0.2500000000000000000, 0.3750000000000000000, 0.4375000000000000000, 0.4687500000000000000, 0.5000000000000000000, 1.000000000000000000 ),
 .UNSPECIFIED. ) ;
#2208 = CARTESIAN_POINT ( 'NONE',  ( 23.73685421783526550, 11.65472959439011547, 0.9173861500241754507 ) ) ;
#2209 = AXIS2_PLACEMENT_3D ( 'NONE', #1681, #1254, #2990 ) ;
#2210 = ORIENTED_EDGE ( 'NONE', *, *, #2859, .T. ) ;
#2211 = AXIS2_PLACEMENT_3D ( 'NONE', #274, #2793, #2292 ) ;
#2212 = VECTOR ( 'NONE', #1313, 1000.000000000000000 ) ;
#2213 = FACE_OUTER_BOUND ( 'NONE', #1828, .T. ) ;
#2214 = ORIENTED_EDGE ( 'NONE', *, *, #1190, .F. ) ;
#2215 = DIRECTION ( 'NONE',  ( 0.000000000000000000, 0.000000000000000000, 1.000000000000000000 ) ) ;
#2216 = VECTOR ( 'NONE', #1760, 1000.000000000000000 ) ;
#2217 = FACE_OUTER_BOUND ( 'NONE', #2903, .T. ) ;
#2218 = CIRCLE ( 'NONE', #1325, 3.150000000000000799 ) ;
#2219 = CARTESIAN_POINT ( 'NONE',  ( 6.200583151104937407, 0.8571428571428575394, 0.000000000000000000 ) ) ;
#2220 = ORIENTED_EDGE ( 'NONE', *, *, #2762, .F. ) ;
#2221 = EDGE_LOOP ( 'NONE', ( #540, #1969, #1262, #2576 ) ) ;
#2222 = ADVANCED_FACE ( 'NONE', ( #2966 ), #1088, .F. ) ;
#2223 = EDGE_CURVE ( 'NONE', #1306, #374, #3082, .T. ) ;
#2224 = CARTESIAN_POINT ( 'NONE',  ( 11.79941684889506170, 0.8571428571428575394, 0.000000000000000000 ) ) ;
#2225 = VECTOR ( 'NONE', #441, 1000.000000000000000 ) ;
#2226 = CARTESIAN_POINT ( 'NONE',  ( 2.749999999999998224, 6.999999999999992895, 0.000000000000000000 ) ) ;
#2227 = CARTESIAN_POINT ( 'NONE',  ( -18.99999999999999645, 12.00000000000000000, 0.000000000000000000 ) ) ;
#2228 = DIRECTION ( 'NONE',  ( 1.000000000000000000, -0.000000000000000000, 0.000000000000000000 ) ) ;
#2229 = AXIS2_PLACEMENT_3D ( 'NONE', #612, #2663, #366 ) ;
#2230 = DIRECTION ( 'NONE',  ( 0.000000000000000000, 0.000000000000000000, 1.000000000000000000 ) ) ;
#2231 = CARTESIAN_POINT ( 'NONE',  ( 2.883133602495131953, 13.99386937329382441, -1.832275677332695585 ) ) ;
#2232 = CARTESIAN_POINT ( 'NONE',  ( 24.18808547764808736, 11.93464928004828529, 0.4204529390292665036 ) ) ;
#2233 = EDGE_LOOP ( 'NONE', ( #711, #2595, #3130, #2164 ) ) ;
#2234 = DIRECTION ( 'NONE',  ( 0.000000000000000000, 1.000000000000000000, 0.000000000000000000 ) ) ;
#2235 = CARTESIAN_POINT ( 'NONE',  ( -20.99999999999999645, 12.00000000000000000, 2.000000000000000000 ) ) ;
#2236 = ORIENTED_EDGE ( 'NONE', *, *, #3097, .T. ) ;
#2237 = CARTESIAN_POINT ( 'NONE',  ( -19.24530182493817421, 13.34424412645084246, 1.769279975517304537 ) ) ;
#2238 = DIRECTION ( 'NONE',  ( 2.168404344971005910E-16, -1.000000000000000000, 0.000000000000000000 ) ) ;
#2239 = ORIENTED_EDGE ( 'NONE', *, *, #3039, .F. ) ;
#2240 = ORIENTED_EDGE ( 'NONE', *, *, #858, .F. ) ;
#2241 = EDGE_CURVE ( 'NONE', #3020, #292, #1282, .T. ) ;
#2242 = DIRECTION ( 'NONE',  ( 0.000000000000000000, 0.000000000000000000, -1.000000000000000000 ) ) ;
#2243 = EDGE_CURVE ( 'NONE', #2022, #1821, #1586, .T. ) ;
#2244 = DIRECTION ( 'NONE',  ( -1.000000000000000000, 0.000000000000000000, 0.000000000000000000 ) ) ;
#2245 = LINE ( 'NONE', #985, #416 ) ;
#2246 = CARTESIAN_POINT ( 'NONE',  ( 23.00000000000000000, -17.00000000000000000, -1.000000000000028200 ) ) ;
#2247 = EDGE_LOOP ( 'NONE', ( #1028, #1105, #2050, #1708 ) ) ;
#2248 = DIRECTION ( 'NONE',  ( 0.000000000000000000, 1.000000000000000000, 3.391901413832837195E-15 ) ) ;
#2249 = ORIENTED_EDGE ( 'NONE', *, *, #6, .T. ) ;
#2250 = DIRECTION ( 'NONE',  ( 0.000000000000000000, 0.000000000000000000, -1.000000000000000000 ) ) ;
#2251 = LINE ( 'NONE', #3241, #1895 ) ;
#2252 = EDGE_LOOP ( 'NONE', ( #106, #661, #41, #1630 ) ) ;
#2253 = ORIENTED_EDGE ( 'NONE', *, *, #1339, .F. ) ;
#2254 = CARTESIAN_POINT ( 'NONE',  ( -23.00000000000003197, 7.000000000000004441, -10.57999999999996454 ) ) ;
#2255 = FACE_OUTER_BOUND ( 'NONE', #1474, .T. ) ;
#2256 = CARTESIAN_POINT ( 'NONE',  ( -23.00000000000003553, -19.99999999999999645, -0.9999999999999731326 ) ) ;
#2257 = EDGE_CURVE ( 'NONE', #2655, #2357, #2207, .T. ) ;
#2258 = CARTESIAN_POINT ( 'NONE',  ( -22.76403858520726331, 10.44282261095070119, 1.590012904685740081 ) ) ;
#2259 = DIRECTION ( 'NONE',  ( -0.000000000000000000, -3.469446951953612611E-15, 1.000000000000000000 ) ) ;
#2260 = VERTEX_POINT ( 'NONE', #2807 ) ;
#2261 = AXIS2_PLACEMENT_3D ( 'NONE', #534, #272, #1283 ) ;
#2262 = EDGE_CURVE ( 'NONE', #746, #2665, #1510, .T. ) ;
#2263 = DIRECTION ( 'NONE',  ( -1.000000000000000000, 0.000000000000000000, 0.000000000000000000 ) ) ;
#2264 = AXIS2_PLACEMENT_3D ( 'NONE', #2948, #1925, #664 ) ;
#2265 = ORIENTED_EDGE ( 'NONE', *, *, #2877, .T. ) ;
#2266 = CARTESIAN_POINT ( 'NONE',  ( 20.12100345217617559, 14.40823889432524219, 1.197356475573504664 ) ) ;
#2267 = CIRCLE ( 'NONE', #2578, 4.000000000000000000 ) ;
#2268 = CARTESIAN_POINT ( 'NONE',  ( -19.20620710641524198, 13.21613480211100722, 1.813615792222089240 ) ) ;
#2269 = CARTESIAN_POINT ( 'NONE',  ( 21.67212206322906809, 10.24530182493896113, -0.1153600122426701596 ) ) ;
#2270 = CARTESIAN_POINT ( 'NONE',  ( 2.500000000000000444, 12.00000000000000000, 2.000000000000000000 ) ) ;
#2271 = VECTOR ( 'NONE', #514, 1000.000000000000000 ) ;
#2272 = CIRCLE ( 'NONE', #833, 2.000000000000001776 ) ;
#2273 = ORIENTED_EDGE ( 'NONE', *, *, #401, .F. ) ;
#2274 = CIRCLE ( 'NONE', #531, 4.000000000000000000 ) ;
#2275 = DIRECTION ( 'NONE',  ( 0.000000000000000000, 0.000000000000000000, -1.000000000000000000 ) ) ;
#2276 = PLANE ( 'NONE',  #1736 ) ;
#2277 = VECTOR ( 'NONE', #2907, 1000.000000000000000 ) ;
#2278 = CARTESIAN_POINT ( 'NONE',  ( 20.33333333333332860, 14.52509648973030565, 1.102239145770629536 ) ) ;
#2279 = AXIS2_PLACEMENT_3D ( 'NONE', #2795, #810, #2039 ) ;
#2280 = CARTESIAN_POINT ( 'NONE',  ( 25.00000000000000000, -2.000000000000000000, -2.000000000000029310 ) ) ;
#2281 = DIRECTION ( 'NONE',  ( 0.000000000000000000, -1.000000000000000000, -3.469446951953612611E-15 ) ) ;
#2282 = ORIENTED_EDGE ( 'NONE', *, *, #2783, .T. ) ;
#2283 = LINE ( 'NONE', #1009, #2106 ) ;
#2284 = CARTESIAN_POINT ( 'NONE',  ( -25.00000000000003553, 9.000000000000005329, -26.99999999999997158 ) ) ;
#2285 = EDGE_CURVE ( 'NONE', #2991, #3028, #806, .T. ) ;
#2286 = ADVANCED_FACE ( 'NONE', ( #819, #510, #1572 ), #318, .T. ) ;
#2287 = ORIENTED_EDGE ( 'NONE', *, *, #2223, .T. ) ;
#2288 = CARTESIAN_POINT ( 'NONE',  ( -20.33333333333333570, 14.52509648973030565, 1.102239145770629536 ) ) ;
#2289 = FILL_AREA_STYLE_COLOUR ( '', #957 ) ;
#2290 = VERTEX_POINT ( 'NONE', #1785 ) ;
#2291 = ORIENTED_EDGE ( 'NONE', *, *, #2641, .F. ) ;
#2292 = DIRECTION ( 'NONE',  ( 0.000000000000000000, 0.000000000000000000, 1.000000000000000000 ) ) ;
#2293 = CARTESIAN_POINT ( 'NONE',  ( -3.000000000000002665, 15.93454184418473218, -1.279319435283984951 ) ) ;
#2294 = DIRECTION ( 'NONE',  ( 1.000000000000000000, 0.000000000000000000, -1.370553316539457353E-14 ) ) ;
#2295 = EDGE_LOOP ( 'NONE', ( #2475, #811, #2563, #2598 ) ) ;
#2296 = CARTESIAN_POINT ( 'NONE',  ( 3.000000000000000888, 14.62302789612315657, -1.519546290189323079 ) ) ;
#2297 = CARTESIAN_POINT ( 'NONE',  ( 20.12100093806649070, 13.20411875533156376, -0.4013211990909038573 ) ) ;
#2298 = CARTESIAN_POINT ( 'NONE',  ( 22.29500697545354271, 11.44672469081197086, -0.4753005136452704837 ) ) ;
#2299 = CARTESIAN_POINT ( 'NONE',  ( 20.99999999999999645, 12.00000000000000000, -2.000000000000000000 ) ) ;
#2300 = VERTEX_POINT ( 'NONE', #1546 ) ;
#2301 = DIRECTION ( 'NONE',  ( -1.387778780781443151E-14, 0.000000000000000000, -1.000000000000000000 ) ) ;
#2302 = ORIENTED_EDGE ( 'NONE', *, *, #1477, .F. ) ;
#2303 = B_SPLINE_CURVE_WITH_KNOTS ( 'NONE', 3,
 ( #695, #405, #3219, #2191, #1149, #148, #1680, #2423, #1713, #1650, #2653, #2473, #913, #1902 ),
 .UNSPECIFIED., .F., .F.,
 ( 4, 2, 2, 2, 2, 2, 4 ),
 ( 0.000000000000000000, 0.2500000000000000000, 0.3750000000000000000, 0.4375000000000000000, 0.4687500000000000000, 0.5000000000000000000, 1.000000000000000000 ),
 .UNSPECIFIED. ) ;
#2304 = EDGE_CURVE ( 'NONE', #2193, #2614, #249, .T. ) ;
#2305 = B_SPLINE_CURVE_WITH_KNOTS ( 'NONE', 3,
 ( #2940, #2681, #2124, #2890, #910, #178 ),
 .UNSPECIFIED., .F., .F.,
 ( 4, 2, 4 ),
 ( 0.000000000000000000, 0.5000000000000000000, 1.000000000000000000 ),
 .UNSPECIFIED. ) ;
#2306 = DIRECTION ( 'NONE',  ( 1.000000000000000000, 0.000000000000000000, -0.000000000000000000 ) ) ;
#2307 = ORIENTED_EDGE ( 'NONE', *, *, #1312, .T. ) ;
#2308 = ORIENTED_EDGE ( 'NONE', *, *, #559, .F. ) ;
#2309 = DIRECTION ( 'NONE',  ( 0.000000000000000000, 0.000000000000000000, 1.000000000000000000 ) ) ;
#2310 = ADVANCED_FACE ( 'NONE', ( #757 ), #1766, .F. ) ;
#2311 = EDGE_CURVE ( 'NONE', #2665, #2894, #1526, .T. ) ;
#2312 = DIRECTION ( 'NONE',  ( -0.000000000000000000, -0.000000000000000000, 1.000000000000000000 ) ) ;
#2313 = ORIENTED_EDGE ( 'NONE', *, *, #636, .T. ) ;
#2314 = DIRECTION ( 'NONE',  ( 0.000000000000000000, -1.000000000000000000, -3.491481338843133355E-15 ) ) ;
#2315 = VERTEX_POINT ( 'NONE', #3049 ) ;
#2316 = ORIENTED_EDGE ( 'NONE', *, *, #839, .F. ) ;
#2317 = CARTESIAN_POINT ( 'NONE',  ( 19.22237999305597356, 12.66234089591665146, -0.1068930598565244056 ) ) ;
#2318 = AXIS2_PLACEMENT_3D ( 'NONE', #1487, #1988, #195 ) ;
#2319 = CARTESIAN_POINT ( 'NONE',  ( -19.41479206540345714, 12.86305361881855980, -0.1957684910663267663 ) ) ;
#2320 = DIRECTION ( 'NONE',  ( 0.000000000000000000, 0.000000000000000000, 1.000000000000000000 ) ) ;
#2321 = ORIENTED_EDGE ( 'NONE', *, *, #3061, .F. ) ;
#2322 = AXIS2_PLACEMENT_3D ( 'NONE', #487, #2503, #1250 ) ;
#2323 = VECTOR ( 'NONE', #49, 1000.000000000000000 ) ;
#2324 = DIRECTION ( 'NONE',  ( 0.000000000000000000, 0.000000000000000000, -1.000000000000000000 ) ) ;
#2325 = VERTEX_POINT ( 'NONE', #792 ) ;
#2326 = DIRECTION ( 'NONE',  ( 0.000000000000000000, 0.000000000000000000, 1.000000000000000000 ) ) ;
#2327 = EDGE_CURVE ( 'NONE', #3165, #2439, #698, .T. ) ;
#2328 = CARTESIAN_POINT ( 'NONE',  ( 13.89897948556635754, 0.000000000000000000, 0.000000000000000000 ) ) ;
#2329 = AXIS2_PLACEMENT_3D ( 'NONE', #141, #1363, #2868 ) ;
#2330 = VECTOR ( 'NONE', #2376, 1000.000000000000000 ) ;
#2331 = ORIENTED_EDGE ( 'NONE', *, *, #2702, .T. ) ;
#2332 = CARTESIAN_POINT ( 'NONE',  ( 23.00000000000000000, 12.00000000000000000, -7.830000000000027605 ) ) ;
#2333 = AXIS2_PLACEMENT_3D ( 'NONE', #206, #221, #2967 ) ;
#2334 = ORIENTED_EDGE ( 'NONE', *, *, #1356, .F. ) ;
#2335 = CARTESIAN_POINT ( 'NONE',  ( -19.61438593527369889, 13.02557685265745668, -0.2745750853120779711 ) ) ;
#2336 = SURFACE_STYLE_USAGE ( .BOTH. , #1331 ) ;
#2337 = CARTESIAN_POINT ( 'NONE',  ( 25.00000000000000000, -2.000000000000000000, -1.000000000000025979 ) ) ;
#2338 = CARTESIAN_POINT ( 'NONE',  ( -3.000000000000002665, 14.00000000000000178, -1.999999999999993117 ) ) ;
#2339 = CARTESIAN_POINT ( 'NONE',  ( -18.99999999999999645, 12.00000000000000000, 0.000000000000000000 ) ) ;
#2340 = ORIENTED_EDGE ( 'NONE', *, *, #53, .T. ) ;
#2341 = DIRECTION ( 'NONE',  ( -1.000000000000000000, 0.000000000000000000, 0.000000000000000000 ) ) ;
#2342 = DIRECTION ( 'NONE',  ( -1.000000000000000000, 0.000000000000000000, 0.000000000000000000 ) ) ;
#2343 = ORIENTED_EDGE ( 'NONE', *, *, #2802, .F. ) ;
#2344 = LINE ( 'NONE', #88, #1059 ) ;
#2345 = ADVANCED_FACE ( 'NONE', ( #2409 ), #138, .F. ) ;
#2346 = EDGE_CURVE ( 'NONE', #746, #770, #425, .T. ) ;
#2347 = CARTESIAN_POINT ( 'NONE',  ( 22.48628655118599795, 11.86559037514211035, -0.6596773298817850684 ) ) ;
#2348 = CARTESIAN_POINT ( 'NONE',  ( -22.81298909890518090, 10.47566003861751938, 1.565594721224116803 ) ) ;
#2349 = VERTEX_POINT ( 'NONE', #1121 ) ;
#2350 = ORIENTED_EDGE ( 'NONE', *, *, #2327, .T. ) ;
#2351 = CARTESIAN_POINT ( 'NONE',  ( -21.99379206846495549, 10.61172411794137993, -0.2635979253300980707 ) ) ;
#2352 = FACE_OUTER_BOUND ( 'NONE', #176, .T. ) ;
#2353 = CARTESIAN_POINT ( 'NONE',  ( 19.93944360058595677, 14.28425917803409995, 1.287282573449778367 ) ) ;
#2354 = EDGE_LOOP ( 'NONE', ( #455, #1299, #1836, #251 ) ) ;
#2355 = B_SPLINE_SURFACE_WITH_KNOTS ( 'NONE', 1, 3, ( 
 ( #643, #1401, #387, #1181, #1416, #147, #675, #2922, #1937, #1664, #2667, #2391, #2419, #2698 ),
 ( #436, #1165, #862, #659, #1679, #1451, #2459, #1118, #1234, #967, #763, #1265, #1970, #947 ) ),
 .UNSPECIFIED., .F., .F., .F.,
 ( 2, 2 ),
 ( 4, 2, 2, 2, 2, 2, 4 ),
 ( 0.000000000000000000, 1.000000000000000000 ),
 ( 0.000000000000000000, 0.2500000000000000000, 0.3750000000000000000, 0.4375000000000000000, 0.4687500000000000000, 0.5000000000000000000, 1.000000000000000000 ),
 .UNSPECIFIED. ) ;
#2356 = DIRECTION ( 'NONE',  ( -1.000000000000000000, 0.000000000000000000, 0.000000000000000000 ) ) ;
#2357 = VERTEX_POINT ( 'NONE', #1874 ) ;
#2358 = CYLINDRICAL_SURFACE ( 'NONE', #1947, 2.999999999999999112 ) ;
#2359 = CARTESIAN_POINT ( 'NONE',  ( -3.000000000000002665, 15.93454184418473574, -1.279319435283985396 ) ) ;
#2360 = ADVANCED_FACE ( 'NONE', ( #1851 ), #1093, .F. ) ;
#2361 = ORIENTED_EDGE ( 'NONE', *, *, #3153, .F. ) ;
#2362 = EDGE_CURVE ( 'NONE', #3085, #552, #2879, .T. ) ;
#2363 = ORIENTED_EDGE ( 'NONE', *, *, #2545, .T. ) ;
#2364 = CARTESIAN_POINT ( 'NONE',  ( 20.99999999999999645, 12.00000000000000000, 0.000000000000000000 ) ) ;
#2365 = CARTESIAN_POINT ( 'NONE',  ( 23.59001450051444237, 11.44672565081140547, 1.049398525351412648 ) ) ;
#2366 = ORIENTED_EDGE ( 'NONE', *, *, #1453, .F. ) ;
#2367 = VECTOR ( 'NONE', #1805, 1000.000000000000000 ) ;
#2368 = B_SPLINE_CURVE_WITH_KNOTS ( 'NONE', 3,
 ( #1940, #2298, #800, #311, #1797, #2347, #2011, #1270 ),
 .UNSPECIFIED., .F., .F.,
 ( 4, 2, 2, 4 ),
 ( 0.000000000000000000, 0.2500000000000019429, 0.5000000000000038858, 1.000000000000000000 ),
 .UNSPECIFIED. ) ;
#2369 = LINE ( 'NONE', #869, #163 ) ;
#2370 = CARTESIAN_POINT ( 'NONE',  ( -25.00000000000003553, -19.99999999999999645, -26.99999999999997158 ) ) ;
#2371 = ORIENTED_EDGE ( 'NONE', *, *, #1335, .F. ) ;
#2372 = VECTOR ( 'NONE', #2800, 1000.000000000000000 ) ;
#2373 = CARTESIAN_POINT ( 'NONE',  ( 19.07950010799996576, 12.37223138137934164, -0.02921509343624883320 ) ) ;
#2374 = CARTESIAN_POINT ( 'NONE',  ( 20.99999999999999645, 17.91493997746156452, -2.000000000000000000 ) ) ;
#2375 = VECTOR ( 'NONE', #977, 1000.000000000000000 ) ;
#2376 = DIRECTION ( 'NONE',  ( -0.000000000000000000, -1.000000000000000000, 0.000000000000000000 ) ) ;
#2377 = VECTOR ( 'NONE', #2811, 1000.000000000000000 ) ;
#2378 = ORIENTED_EDGE ( 'NONE', *, *, #225, .T. ) ;
#2379 = VECTOR ( 'NONE', #505, 1000.000000000000000 ) ;
#2380 = ADVANCED_FACE ( 'NONE', ( #1654 ), #360, .F. ) ;
#2381 = ADVANCED_FACE ( 'NONE', ( #624 ), #2095, .F. ) ;
#2382 = CARTESIAN_POINT ( 'NONE',  ( -21.88871757345163616, 10.45154877154536877, -0.2082952641273613792 ) ) ;
#2383 = VECTOR ( 'NONE', #3176, 1000.000000000000000 ) ;
#2384 = CARTESIAN_POINT ( 'NONE',  ( -20.99999999999999645, 13.70921285016515512, -0.9614474337664429271 ) ) ;
#2385 = ORIENTED_EDGE ( 'NONE', *, *, #2243, .F. ) ;
#2386 = CARTESIAN_POINT ( 'NONE',  ( -22.59124406426023768, 11.93159168499185085, -0.7672986045759095930 ) ) ;
#2387 = FACE_OUTER_BOUND ( 'NONE', #2954, .T. ) ;
#2388 = ORIENTED_EDGE ( 'NONE', *, *, #401, .T. ) ;
#2389 = CARTESIAN_POINT ( 'NONE',  ( 18.99999999999999645, 12.00000000000000000, 0.000000000000000000 ) ) ;
#2390 = CARTESIAN_POINT ( 'NONE',  ( -21.90649454945258867, 10.47566003861751938, -0.2172026393879415151 ) ) ;
#2391 = CARTESIAN_POINT ( 'NONE',  ( 23.05115370531949281, 10.61438593528131946, 1.450849829373624722 ) ) ;
#2392 = CARTESIAN_POINT ( 'NONE',  ( 25.00000000000000000, 7.000000000000000888, -10.58000000000001961 ) ) ;
#2393 = VERTEX_POINT ( 'NONE', #634 ) ;
#2394 = DIRECTION ( 'NONE',  ( -1.000000000000000000, -0.000000000000000000, -0.000000000000000000 ) ) ;
#2395 = DIRECTION ( 'NONE',  ( 0.000000000000000000, 0.000000000000000000, -1.000000000000000000 ) ) ;
#2396 = VERTEX_POINT ( 'NONE', #594 ) ;
#2397 = ADVANCED_FACE ( 'NONE', ( #1603 ), #1391, .F. ) ;
#2398 = LINE ( 'NONE', #2130, #1271 ) ;
#2399 = CARTESIAN_POINT ( 'NONE',  ( -2.616527212956237136, 12.02252815783190343, 2.000000000000000000 ) ) ;
#2400 = CARTESIAN_POINT ( 'NONE',  ( -23.00000000000003553, 12.00000000000000355, -1.999999999999984457 ) ) ;
#2401 = EDGE_CURVE ( 'NONE', #1981, #3085, #733, .T. ) ;
#2402 = EDGE_CURVE ( 'NONE', #1693, #1025, #979, .T. ) ;
#2403 = DIRECTION ( 'NONE',  ( 0.000000000000000000, 0.000000000000000000, 1.000000000000000000 ) ) ;
#2404 = LINE ( 'NONE', #943, #579 ) ;
#2405 = DIRECTION ( 'NONE',  ( -0.000000000000000000, -1.000000000000000000, 0.000000000000000000 ) ) ;
#2406 = B_SPLINE_SURFACE_WITH_KNOTS ( 'NONE', 1, 3, ( 
 ( #3099, #625, #2609, #1635, #361, #2115 ),
 ( #378, #347, #2162, #2899, #3114, #2913 ) ),
 .UNSPECIFIED., .F., .F., .F.,
 ( 2, 2 ),
 ( 4, 2, 4 ),
 ( 0.000000000000000000, 1.000000000000000000 ),
 ( 0.000000000000000000, 0.5000000000000000000, 1.000000000000000000 ),
 .UNSPECIFIED. ) ;
#2407 = CARTESIAN_POINT ( 'NONE',  ( 23.84323738989463237, 11.76767866602672541, 0.8137838025997038427 ) ) ;
#2408 = ORIENTED_EDGE ( 'NONE', *, *, #2262, .F. ) ;
#2409 = FACE_OUTER_BOUND ( 'NONE', #3056, .T. ) ;
#2410 = CARTESIAN_POINT ( 'NONE',  ( -23.00000000000003553, 7.000000000000002665, -7.829999999999968985 ) ) ;
#2411 = DIRECTION ( 'NONE',  ( -1.000000000000000000, 0.000000000000000000, 0.000000000000000000 ) ) ;
#2412 = CARTESIAN_POINT ( 'NONE',  ( 3.000000000000000888, 12.00000000000000000, -2.000000000000000000 ) ) ;
#2413 = ORIENTED_EDGE ( 'NONE', *, *, #91, .T. ) ;
#2414 = CARTESIAN_POINT ( 'NONE',  ( 3.000000000000000888, 12.36034028235800797, -0.03272907790763304042 ) ) ;
#2415 = ORIENTED_EDGE ( 'NONE', *, *, #264, .F. ) ;
#2416 = CARTESIAN_POINT ( 'NONE',  ( 23.00000000000000000, -17.00000000000000000, -1.000000000000028200 ) ) ;
#2417 = ADVANCED_FACE ( 'NONE', ( #2687 ), #3203, .F. ) ;
#2418 = CIRCLE ( 'NONE', #878, 4.000000000000001776 ) ;
#2419 = CARTESIAN_POINT ( 'NONE',  ( 23.30965580587234598, 10.91679937400551914, 1.277599099981926667 ) ) ;
#2420 = ADVANCED_FACE ( 'NONE', ( #1171 ), #2181, .T. ) ;
#2421 = CARTESIAN_POINT ( 'NONE',  ( 23.00000000000000000, 9.000000000000001776, -27.00000000000003553 ) ) ;
#2422 = CARTESIAN_POINT ( 'NONE',  ( -23.00000000000003553, -1.999999999999993561, -29.99999999999997158 ) ) ;
#2423 = CARTESIAN_POINT ( 'NONE',  ( 22.63642580415661598, 10.36612596993813895, 1.650041317548515574 ) ) ;
#2424 = AXIS2_PLACEMENT_3D ( 'NONE', #1403, #894, #1665 ) ;
#2425 = VECTOR ( 'NONE', #2988, 1000.000000000000000 ) ;
#2426 = VECTOR ( 'NONE', #807, 1000.000000000000000 ) ;
#2427 = ORIENTED_EDGE ( 'NONE', *, *, #1340, .T. ) ;
#2428 = VECTOR ( 'NONE', #2650, 1000.000000000000000 ) ;
#2429 = CARTESIAN_POINT ( 'NONE',  ( -22.32468179182911427, 10.22237999305565559, 1.786213880288417766 ) ) ;
#2430 = FACE_OUTER_BOUND ( 'NONE', #1615, .T. ) ;
#2431 = CARTESIAN_POINT ( 'NONE',  ( -23.00000000000000000, 0.000000000000000000, 0.000000000000000000 ) ) ;
#2432 = AXIS2_PLACEMENT_3D ( 'NONE', #1890, #150, #3138 ) ;
#2433 = ORIENTED_EDGE ( 'NONE', *, *, #1123, .F. ) ;
#2434 = CIRCLE ( 'NONE', #1435, 2.000000000000000444 ) ;
#2435 = DIRECTION ( 'NONE',  ( 1.000000000000000000, 0.000000000000000000, 0.000000000000000000 ) ) ;
#2436 = LINE ( 'NONE', #142, #2010 ) ;
#2437 = EDGE_LOOP ( 'NONE', ( #1769, #646, #3105, #679 ) ) ;
#2438 = CARTESIAN_POINT ( 'NONE',  ( 20.93069923085852224, 13.59325242542817769, -0.7887136256633414666 ) ) ;
#2439 = VERTEX_POINT ( 'NONE', #2704 ) ;
#2440 = DIRECTION ( 'NONE',  ( 0.000000000000000000, 0.000000000000000000, -1.000000000000000000 ) ) ;
#2441 = LINE ( 'NONE', #2652, #3154 ) ;
#2442 = CARTESIAN_POINT ( 'NONE',  ( -23.00000000000003197, 12.00000000000000355, -13.32999999999996632 ) ) ;
#2443 = DIRECTION ( 'NONE',  ( 1.000000000000000000, 0.000000000000000000, 0.000000000000000000 ) ) ;
#2444 = CARTESIAN_POINT ( 'NONE',  ( 20.55928095893592200, 14.65125723813521574, 0.9995494278056888948 ) ) ;
#2445 = EDGE_CURVE ( 'NONE', #1333, #1449, #217, .T. ) ;
#2446 = CARTESIAN_POINT ( 'NONE',  ( -2.883133602495132397, 12.16772432266730419, -0.006130626706177347632 ) ) ;
#2447 = ORIENTED_EDGE ( 'NONE', *, *, #1555, .T. ) ;
#2448 = EDGE_CURVE ( 'NONE', #982, #2094, #1443, .T. ) ;
#2449 = CARTESIAN_POINT ( 'NONE',  ( -20.33333333333333570, 14.52509648973030565, 1.102239145770629536 ) ) ;
#2450 = CARTESIAN_POINT ( 'NONE',  ( -3.000000000000000000, 12.00000000000000000, 0.000000000000000000 ) ) ;
#2451 = ORIENTED_EDGE ( 'NONE', *, *, #1455, .T. ) ;
#2452 = DIRECTION ( 'NONE',  ( 1.000000000000000000, 0.000000000000000000, 0.000000000000000000 ) ) ;
#2453 = CARTESIAN_POINT ( 'NONE',  ( -19.20620710641524198, 12.60806740105550361, -0.09319210388895532438 ) ) ;
#2454 = DIRECTION ( 'NONE',  ( 1.000000000000000000, 0.000000000000000000, 0.000000000000000000 ) ) ;
#2455 = ORIENTED_EDGE ( 'NONE', *, *, #2911, .F. ) ;
#2456 = CARTESIAN_POINT ( 'NONE',  ( 25.00000000000000000, 0.000000000000000000, -2.000000000000026201 ) ) ;
#2457 = ORIENTED_EDGE ( 'NONE', *, *, #306, .F. ) ;
#2458 = DIRECTION ( 'NONE',  ( 1.000000000000000000, 0.000000000000000000, 0.000000000000000000 ) ) ;
#2459 = CARTESIAN_POINT ( 'NONE',  ( 21.78212703174638776, 10.33147946342146817, -0.1590849181636574683 ) ) ;
#2460 = PLANE ( 'NONE',  #3043 ) ;
#2461 = CARTESIAN_POINT ( 'NONE',  ( 20.99999999999999645, 15.41842570033031024, 0.07710513246711415969 ) ) ;
#2462 = DIRECTION ( 'NONE',  ( 0.000000000000000000, 0.000000000000000000, -1.000000000000000000 ) ) ;
#2463 = ORIENTED_EDGE ( 'NONE', *, *, #2327, .F. ) ;
#2464 = CARTESIAN_POINT ( 'NONE',  ( -20.68783980746579587, 14.76455157037379884, 0.8911338272044925235 ) ) ;
#2465 = ADVANCED_FACE ( 'NONE', ( #2213 ), #1685, .T. ) ;
#2466 = LINE ( 'NONE', #1255, #3096 ) ;
#2467 = FACE_OUTER_BOUND ( 'NONE', #2715, .T. ) ;
#2468 = PLANE ( 'NONE',  #2634 ) ;
#2469 = DIRECTION ( 'NONE',  ( 0.000000000000000000, 0.000000000000000000, 1.000000000000000000 ) ) ;
#2470 = ORIENTED_EDGE ( 'NONE', *, *, #2974, .T. ) ;
#2471 = VERTEX_POINT ( 'NONE', #3170 ) ;
#2472 = CARTESIAN_POINT ( 'NONE',  ( 0.000000000000000000, 16.00000000000004263, -14.00000000000001421 ) ) ;
#2473 = CARTESIAN_POINT ( 'NONE',  ( 23.05115370531949281, 10.61438593528131946, 1.450849829373624722 ) ) ;
#2474 = CIRCLE ( 'NONE', #2571, 4.000000000000000000 ) ;
#2475 = ORIENTED_EDGE ( 'NONE', *, *, #183, .F. ) ;
#2476 = AXIS2_PLACEMENT_3D ( 'NONE', #1518, #1712, #949 ) ;
#2477 = AXIS2_PLACEMENT_3D ( 'NONE', #3195, #1678, #1467 ) ;
#2478 = CARTESIAN_POINT ( 'NONE',  ( -21.39790440123351800, 10.02922990256018387, 2.000000000000000000 ) ) ;
#2479 = ORIENTED_EDGE ( 'NONE', *, *, #2701, .F. ) ;
#2480 = VECTOR ( 'NONE', #328, 1000.000000000000000 ) ;
#2481 = CARTESIAN_POINT ( 'NONE',  ( -19.04276415242507170, 12.42268748221675700, 2.000000000000000000 ) ) ;
#2482 = AXIS2_PLACEMENT_3D ( 'NONE', #2528, #2306, #2049 ) ;
#2483 = LINE ( 'NONE', #1499, #475 ) ;
#2484 = ORIENTED_EDGE ( 'NONE', *, *, #1075, .F. ) ;
#2485 = EDGE_LOOP ( 'NONE', ( #1098, #2045, #1040, #2313, #801, #2706, #2236, #1008 ) ) ;
#2486 = VECTOR ( 'NONE', #1641, 1000.000000000000000 ) ;
#2487 = EDGE_CURVE ( 'NONE', #312, #1926, #1924, .T. ) ;
#2488 = DIRECTION ( 'NONE',  ( 1.000000000000000000, 0.000000000000000000, 0.000000000000000000 ) ) ;
#2489 = LINE ( 'NONE', #1971, #411 ) ;
#2490 = MECHANICAL_DESIGN_GEOMETRIC_PRESENTATION_REPRESENTATION (  '', ( #2803 ), #78 ) ;
#2491 = FACE_BOUND ( 'NONE', #2920, .T. ) ;
#2492 = FACE_OUTER_BOUND ( 'NONE', #1548, .T. ) ;
#2493 = CARTESIAN_POINT ( 'NONE',  ( 24.99999999999999645, -1.000000000000000000, -2.000000000000029310 ) ) ;
#2494 = ORIENTED_EDGE ( 'NONE', *, *, #2558, .F. ) ;
#2495 = DIRECTION ( 'NONE',  ( 0.000000000000000000, 1.000000000000000000, 0.000000000000000000 ) ) ;
#2496 = CARTESIAN_POINT ( 'NONE',  ( 19.48825663996730739, 13.83065623493703100, 1.556555942755152522 ) ) ;
#2497 = CARTESIAN_POINT ( 'NONE',  ( -19.20620710641524198, 13.21613480211100722, 1.813615792222089240 ) ) ;
#2498 = CARTESIAN_POINT ( 'NONE',  ( 22.15478998500889674, 10.91665275263303769, -0.3611695863584398203 ) ) ;
#2499 = ORIENTED_EDGE ( 'NONE', *, *, #48, .F. ) ;
#2500 = ORIENTED_EDGE ( 'NONE', *, *, #2262, .T. ) ;
#2501 = CARTESIAN_POINT ( 'NONE',  ( -23.84868808360858949, 12.00000000000000000, -0.2690790562774044714 ) ) ;
#2502 = ADVANCED_FACE ( 'NONE', ( #956 ), #1353, .F. ) ;
#2503 = DIRECTION ( 'NONE',  ( -0.000000000000000000, -0.000000000000000000, 1.000000000000000000 ) ) ;
#2504 = EDGE_CURVE ( 'NONE', #3243, #344, #232, .T. ) ;
#2505 = DIRECTION ( 'NONE',  ( 0.000000000000000000, 0.000000000000000000, 1.000000000000000000 ) ) ;
#2506 = CARTESIAN_POINT ( 'NONE',  ( -23.00000000000003553, -1.999999999999996669, -0.9999999999999731326 ) ) ;
#2507 = CYLINDRICAL_SURFACE ( 'NONE', #1482, 3.000000000000000000 ) ;
#2508 = ORIENTED_EDGE ( 'NONE', *, *, #2504, .F. ) ;
#2509 = DIRECTION ( 'NONE',  ( -0.000000000000000000, -0.000000000000000000, 1.000000000000000000 ) ) ;
#2510 = DIRECTION ( 'NONE',  ( 1.000000000000000000, 0.000000000000000000, 0.000000000000000000 ) ) ;
#2511 = CARTESIAN_POINT ( 'NONE',  ( -2.907087138383158464, 13.99292062714729923, -1.821355380534370516 ) ) ;
#2512 = ORIENTED_EDGE ( 'NONE', *, *, #2635, .F. ) ;
#2513 = CARTESIAN_POINT ( 'NONE',  ( -23.00000000000003197, 5.000000000000002665, -10.57999999999996454 ) ) ;
#2514 = CARTESIAN_POINT ( 'NONE',  ( -20.99999999999999645, 0.000000000000000000, -2.000000000000000000 ) ) ;
#2515 = ORIENTED_EDGE ( 'NONE', *, *, #69, .F. ) ;
#2516 = EDGE_LOOP ( 'NONE', ( #1608, #566, #2058, #443, #1651, #1934, #2814, #2202, #2658, #2169, #837, #207 ) ) ;
#2517 = CARTESIAN_POINT ( 'NONE',  ( -19.91665275262541712, 13.15478998500692320, -0.3611695863568337717 ) ) ;
#2518 = FACE_BOUND ( 'NONE', #993, .T. ) ;
#2519 = CARTESIAN_POINT ( 'NONE',  ( 23.00000000000000000, -20.00000000000000000, 1.999999999999970468 ) ) ;
#2520 = EDGE_CURVE ( 'NONE', #90, #3191, #1639, .T. ) ;
#2521 = EDGE_CURVE ( 'NONE', #2843, #2780, #3000, .T. ) ;
#2522 = CARTESIAN_POINT ( 'NONE',  ( -23.99535954170943342, 11.85872109932310892, 0.6552764645203896787 ) ) ;
#2523 = ORIENTED_EDGE ( 'NONE', *, *, #1477, .T. ) ;
#2524 = CARTESIAN_POINT ( 'NONE',  ( 25.00000000000000000, -17.00000000000000000, -27.00000000000003553 ) ) ;
#2525 = AXIS2_PLACEMENT_3D ( 'NONE', #748, #1003, #2059 ) ;
#2526 = VERTEX_POINT ( 'NONE', #3044 ) ;
#2527 = AXIS2_PLACEMENT_3D ( 'NONE', #2924, #2443, #180 ) ;
#2528 = CARTESIAN_POINT ( 'NONE',  ( 3.000000000000000888, 12.00000000000000000, -2.000000000000000000 ) ) ;
#2529 = CARTESIAN_POINT ( 'NONE',  ( -20.99999999999999645, 14.00000000000000178, -2.000000000000007105 ) ) ;
#2530 = DIRECTION ( 'NONE',  ( 0.000000000000000000, 0.000000000000000000, -1.000000000000000000 ) ) ;
#2531 = CIRCLE ( 'NONE', #2002, 1.000000000000001554 ) ;
#2532 = ORIENTED_EDGE ( 'NONE', *, *, #376, .F. ) ;
#2533 = PLANE ( 'NONE',  #2211 ) ;
#2534 = DIRECTION ( 'NONE',  ( 1.000000000000000000, 0.000000000000000000, 0.000000000000000000 ) ) ;
#2535 = CIRCLE ( 'NONE', #12, 2.999999999999999112 ) ;
#2536 = CARTESIAN_POINT ( 'NONE',  ( 6.200583151104937407, 0.8571428571428575394, 2.000000000000000000 ) ) ;
#2537 = EDGE_LOOP ( 'NONE', ( #389, #1792, #27, #2144 ) ) ;
#2538 = AXIS2_PLACEMENT_3D ( 'NONE', #609, #3113, #2852 ) ;
#2539 = B_SPLINE_CURVE_WITH_KNOTS ( 'NONE', 1,
 ( #2729, #468 ),
 .UNSPECIFIED., .F., .F.,
 ( 2, 2 ),
 ( 0.000000000000000000, 1.000000000000000000 ),
 .UNSPECIFIED. ) ;
#2540 = CARTESIAN_POINT ( 'NONE',  ( -23.00000000000000000, 0.000000000000000000, 0.000000000000000000 ) ) ;
#2541 = CARTESIAN_POINT ( 'NONE',  ( -23.91736060176424061, 11.82134077936569838, 0.7375781888759838090 ) ) ;
#2542 = ORIENTED_EDGE ( 'NONE', *, *, #632, .T. ) ;
#2543 = EDGE_CURVE ( 'NONE', #1150, #964, #2588, .T. ) ;
#2544 = CYLINDRICAL_SURFACE ( 'NONE', #2848, 2.999999999999999556 ) ;
#2545 = EDGE_CURVE ( 'NONE', #964, #292, #1862, .T. ) ;
#2546 = ORIENTED_EDGE ( 'NONE', *, *, #2743, .T. ) ;
#2547 = CARTESIAN_POINT ( 'NONE',  ( 23.00000000000000000, -17.00000000000000000, 1.999999999999971800 ) ) ;
#2548 = DIRECTION ( 'NONE',  ( -1.000000000000000000, 0.000000000000000000, 5.053215498074302889E-16 ) ) ;
#2549 = ORIENTED_EDGE ( 'NONE', *, *, #2716, .F. ) ;
#2550 = LINE ( 'NONE', #2730, #2212 ) ;
#2551 = DIRECTION ( 'NONE',  ( -1.000000000000000000, -0.000000000000000000, -0.000000000000000000 ) ) ;
#2552 = EDGE_LOOP ( 'NONE', ( #336, #1095, #2047, #1945 ) ) ;
#2553 = FACE_OUTER_BOUND ( 'NONE', #683, .T. ) ;
#2554 = VERTEX_POINT ( 'NONE', #1844 ) ;
#2555 = LINE ( 'NONE', #298, #465 ) ;
#2556 = VERTEX_POINT ( 'NONE', #1542 ) ;
#2557 = EDGE_CURVE ( 'NONE', #596, #1205, #848, .T. ) ;
#2558 = EDGE_CURVE ( 'NONE', #489, #1232, #1613, .T. ) ;
#2559 = CARTESIAN_POINT ( 'NONE',  ( -19.37789669992778485, 12.82975699893951393, -0.1802054679542716975 ) ) ;
#2560 = CARTESIAN_POINT ( 'NONE',  ( -3.000000000000002665, 13.96727092209236787, -1.639659717641992698 ) ) ;
#2561 = B_SPLINE_CURVE_WITH_KNOTS ( 'NONE', 3,
 ( #1737, #481, #1948, #1210 ),
 .UNSPECIFIED., .F., .F.,
 ( 4, 4 ),
 ( 0.000000000000000000, 1.000000000000000000 ),
 .UNSPECIFIED. ) ;
#2562 = CARTESIAN_POINT ( 'NONE',  ( 2.749999999999998668, 4.999999999999992895, 0.000000000000000000 ) ) ;
#2563 = ORIENTED_EDGE ( 'NONE', *, *, #2180, .F. ) ;
#2564 = DIRECTION ( 'NONE',  ( 1.000000000000000000, 0.000000000000000000, 0.000000000000000000 ) ) ;
#2565 = VERTEX_POINT ( 'NONE', #1352 ) ;
#2566 = DIRECTION ( 'NONE',  ( 0.000000000000000000, 0.000000000000000000, -1.000000000000000000 ) ) ;
#2567 = ORIENTED_EDGE ( 'NONE', *, *, #1274, .T. ) ;
#2568 = DIRECTION ( 'NONE',  ( 0.000000000000000000, 0.000000000000000000, -1.000000000000000000 ) ) ;
#2569 = CARTESIAN_POINT ( 'NONE',  ( -22.32562680392978649, 11.55927445729280478, -0.5002238086487950097 ) ) ;
#2570 = ORIENTED_EDGE ( 'NONE', *, *, #2520, .T. ) ;
#2571 = AXIS2_PLACEMENT_3D ( 'NONE', #2767, #38, #2196 ) ;
#2572 = CARTESIAN_POINT ( 'NONE',  ( -19.04276415242507170, 12.42268748221675700, 2.000000000000000000 ) ) ;
#2573 = CARTESIAN_POINT ( 'NONE',  ( 0.000000000000000000, 0.000000000000000000, 0.000000000000000000 ) ) ;
#2574 = CARTESIAN_POINT ( 'NONE',  ( -20.99999999999999645, 12.00000000000000000, -2.000000000000000000 ) ) ;
#2575 = CARTESIAN_POINT ( 'NONE',  ( 20.99999999999999645, 16.00000000000004263, -14.00000000000001421 ) ) ;
#2576 = ORIENTED_EDGE ( 'NONE', *, *, #3120, .T. ) ;
#2577 = EDGE_CURVE ( 'NONE', #2396, #2033, #2008, .T. ) ;
#2578 = AXIS2_PLACEMENT_3D ( 'NONE', #3218, #2751, #970 ) ;
#2579 = ADVANCED_FACE ( 'NONE', ( #26 ), #1781, .T. ) ;
#2580 = VECTOR ( 'NONE', #3035, 1000.000000000000000 ) ;
#2581 = CARTESIAN_POINT ( 'NONE',  ( 4.101020514433641573, 3.000000000000000000, 0.000000000000000000 ) ) ;
#2582 = ORIENTED_EDGE ( 'NONE', *, *, #2304, .F. ) ;
#2583 = EDGE_CURVE ( 'NONE', #1179, #1333, #585, .T. ) ;
#2584 = CARTESIAN_POINT ( 'NONE',  ( 23.00000000000000000, -20.00000000000000000, -27.00000000000003553 ) ) ;
#2585 = VECTOR ( 'NONE', #63, 1000.000000000000000 ) ;
#2586 = CARTESIAN_POINT ( 'NONE',  ( -25.00000000000003197, 5.000000000000002665, -10.57999999999996454 ) ) ;
#2587 = B_SPLINE_SURFACE_WITH_KNOTS ( 'NONE', 1, 3, ( 
 ( #1094, #2365, #835, #1853, #113, #2865, #2853, #595, #610, #2784, #751, #1704 ),
 ( #1272, #3027, #1457, #1944, #3172, #1172, #2043, #3041, #2026, #1761, #170, #2182 ) ),
 .UNSPECIFIED., .F., .F., .F.,
 ( 2, 2 ),
 ( 4, 2, 2, 2, 2, 4 ),
 ( 0.000000000000000000, 1.000000000000000000 ),
 ( 0.000000000000000000, 0.2500000000000000000, 0.3750000000000000000, 0.5000000000000000000, 0.7500000000000000000, 1.000000000000000000 ),
 .UNSPECIFIED. ) ;
#2588 = CIRCLE ( 'NONE', #218, 2.749999999999999112 ) ;
#2589 = LINE ( 'NONE', #2849, #2157 ) ;
#2590 = EDGE_LOOP ( 'NONE', ( #1564, #715, #939, #1800 ) ) ;
#2591 = AXIS2_PLACEMENT_3D ( 'NONE', #842, #1347, #2324 ) ;
#2592 = ORIENTED_EDGE ( 'NONE', *, *, #1796, .T. ) ;
#2593 = CARTESIAN_POINT ( 'NONE',  ( -22.91810190211460352, 10.55556738921130311, 1.510332290951327039 ) ) ;
#2594 = EDGE_LOOP ( 'NONE', ( #1911, #935, #2187, #1077 ) ) ;
#2595 = ORIENTED_EDGE ( 'NONE', *, *, #1501, .T. ) ;
#2596 = EDGE_CURVE ( 'NONE', #1333, #1981, #104, .T. ) ;
#2597 = LINE ( 'NONE', #2088, #680 ) ;
#2598 = ORIENTED_EDGE ( 'NONE', *, *, #402, .F. ) ;
#2599 = LINE ( 'NONE', #2400, #259 ) ;
#2600 = CARTESIAN_POINT ( 'NONE',  ( 19.02918675782397528, 12.19865853763942454, -3.049318610115544083E-17 ) ) ;
#2601 = CARTESIAN_POINT ( 'NONE',  ( -22.20411898630715797, 11.12100177743035623, -0.4013213870956474083 ) ) ;
#2602 = ADVANCED_FACE ( 'NONE', ( #2847 ), #2544, .T. ) ;
#2603 = DIRECTION ( 'NONE',  ( -1.000000000000000000, 0.000000000000000000, -0.000000000000000000 ) ) ;
#2604 = EDGE_CURVE ( 'NONE', #2526, #982, #891, .T. ) ;
#2605 = EDGE_LOOP ( 'NONE', ( #1552, #434, #233, #868 ) ) ;
#2606 = EDGE_LOOP ( 'NONE', ( #1192, #4, #2636, #2463 ) ) ;
#2607 = CARTESIAN_POINT ( 'NONE',  ( -18.00000000000000000, 16.00000000000004263, -14.00000000000001421 ) ) ;
#2608 = DIRECTION ( 'NONE',  ( 0.000000000000000000, 0.000000000000000000, -1.000000000000000000 ) ) ;
#2609 = CARTESIAN_POINT ( 'NONE',  ( 2.740421404093228652, 12.11616672541793882, 2.000136422248426360 ) ) ;
#2610 = CARTESIAN_POINT ( 'NONE',  ( 19.47566003861837203, 13.81298909890571558, 1.565594721223847241 ) ) ;
#2611 = ORIENTED_EDGE ( 'NONE', *, *, #1339, .T. ) ;
#2612 = CARTESIAN_POINT ( 'NONE',  ( 3.000000000000000888, 13.96727092209236787, -1.639659717641992254 ) ) ;
#2613 = CARTESIAN_POINT ( 'NONE',  ( 22.70921285016515156, 12.00000000000000178, -0.9614474337664438153 ) ) ;
#2614 = VERTEX_POINT ( 'NONE', #2994 ) ;
#2615 = CARTESIAN_POINT ( 'NONE',  ( -2.740421402970181219, 14.00006821113687572, -1.941916637727058470 ) ) ;
#2616 = EDGE_CURVE ( 'NONE', #3094, #3033, #3109, .T. ) ;
#2617 = ADVANCED_FACE ( 'NONE', ( #735 ), #2165, .F. ) ;
#2618 = ORIENTED_EDGE ( 'NONE', *, *, #3081, .F. ) ;
#2619 = DIRECTION ( 'NONE',  ( -0.000000000000000000, -0.000000000000000000, 1.000000000000000000 ) ) ;
#2620 = DIRECTION ( 'NONE',  ( 1.000000000000000000, 0.000000000000000000, 0.000000000000000000 ) ) ;
#2621 = CARTESIAN_POINT ( 'NONE',  ( -20.86373628266447966, 14.99793446799166929, 0.6523330048230244760 ) ) ;
#2622 = CARTESIAN_POINT ( 'NONE',  ( 9.000000000000000000, -2.000000000000000000, 0.000000000000000000 ) ) ;
#2623 = DIRECTION ( 'NONE',  ( 0.000000000000000000, 0.000000000000000000, -1.000000000000000000 ) ) ;
#2624 = CARTESIAN_POINT ( 'NONE',  ( -3.000000000000002665, 12.72068056471601594, 1.934541844184733961 ) ) ;
#2625 = ORIENTED_EDGE ( 'NONE', *, *, #2445, .F. ) ;
#2626 = CIRCLE ( 'NONE', #1322, 3.000000000000000000 ) ;
#2627 = CARTESIAN_POINT ( 'NONE',  ( 20.99999999999999645, 17.91493997746156452, -2.000000000000000000 ) ) ;
#2628 = CARTESIAN_POINT ( 'NONE',  ( -20.99999999999999645, 9.999999999999998224, 0.000000000000000000 ) ) ;
#2629 = CIRCLE ( 'NONE', #1740, 4.000000000000000000 ) ;
#2630 = DIRECTION ( 'NONE',  ( -1.387778780781443151E-14, 0.000000000000000000, -1.000000000000000000 ) ) ;
#2631 = DIRECTION ( 'NONE',  ( 0.000000000000000000, -1.000000000000000000, -0.000000000000000000 ) ) ;
#2632 = PRESENTATION_LAYER_ASSIGNMENT (  '', '', ( #2944 ) ) ;
#2633 = CARTESIAN_POINT ( 'NONE',  ( 19.43994394452006702, 13.75956700293807344, 1.592206674377828257 ) ) ;
#2634 = AXIS2_PLACEMENT_3D ( 'NONE', #493, #3189, #172 ) ;
#2635 = EDGE_CURVE ( 'NONE', #640, #1302, #248, .T. ) ;
#2636 = ORIENTED_EDGE ( 'NONE', *, *, #521, .T. ) ;
#2637 = AXIS2_PLACEMENT_3D ( 'NONE', #529, #1276, #3029 ) ;
#2638 = DIRECTION ( 'NONE',  ( 0.000000000000000000, 0.000000000000000000, -1.000000000000000000 ) ) ;
#2639 = EDGE_CURVE ( 'NONE', #3001, #2565, #1524, .T. ) ;
#2640 = AXIS2_PLACEMENT_3D ( 'NONE', #254, #3197, #1956 ) ;
#2641 = EDGE_CURVE ( 'NONE', #1205, #1656, #15, .T. ) ;
#2642 = CARTESIAN_POINT ( 'NONE',  ( -23.99535954170943342, 11.85872109932310892, 0.6552764645203896787 ) ) ;
#2643 = DIRECTION ( 'NONE',  ( -0.000000000000000000, -0.000000000000000000, 1.000000000000000000 ) ) ;
#2644 = VERTEX_POINT ( 'NONE', #3133 ) ;
#2645 = DIRECTION ( 'NONE',  ( 0.000000000000000000, 0.000000000000000000, -1.000000000000000000 ) ) ;
#2646 = B_SPLINE_CURVE_WITH_KNOTS ( 'NONE', 3,
 ( #1007, #2012, #281, #409 ),
 .UNSPECIFIED., .F., .F.,
 ( 4, 4 ),
 ( 0.000000000000000000, 1.000000000000000000 ),
 .UNSPECIFIED. ) ;
#2647 = CARTESIAN_POINT ( 'NONE',  ( 2.740421404093228652, 12.05808336270897030, 6.821112421297784959E-05 ) ) ;
#2648 = ORIENTED_EDGE ( 'NONE', *, *, #395, .T. ) ;
#2649 = DIRECTION ( 'NONE',  ( -1.734723475976807094E-15, 0.000000000000000000, -1.000000000000000000 ) ) ;
#2650 = DIRECTION ( 'NONE',  ( 1.000000000000000000, 0.000000000000000000, 0.000000000000000000 ) ) ;
#2651 = CARTESIAN_POINT ( 'NONE',  ( -21.66234089591455714, 10.22237999305565559, -0.1068930598557909228 ) ) ;
#2652 = CARTESIAN_POINT ( 'NONE',  ( -23.00000000000003553, 12.00000000000000355, -29.99999999999997158 ) ) ;
#2653 = CARTESIAN_POINT ( 'NONE',  ( 22.72610723763683183, 10.41479206540298463, 1.608463017867485245 ) ) ;
#2654 = APPLICATION_CONTEXT ( 'automotive_design' ) ;
#2655 = VERTEX_POINT ( 'NONE', #892 ) ;
#2656 = CARTESIAN_POINT ( 'NONE',  ( -25.00000000000000000, 6.999999999999999112, -13.33000000000002316 ) ) ;
#2657 = DIRECTION ( 'NONE',  ( 0.000000000000000000, 0.000000000000000000, -1.000000000000000000 ) ) ;
#2658 = ORIENTED_EDGE ( 'NONE', *, *, #548, .F. ) ;
#2659 = CARTESIAN_POINT ( 'NONE',  ( -25.00000000000003553, 12.00000000000000355, -29.99999999999997158 ) ) ;
#2660 = EDGE_CURVE ( 'NONE', #1692, #628, #754, .T. ) ;
#2661 = EDGE_CURVE ( 'NONE', #1177, #90, #2305, .T. ) ;
#2662 = CARTESIAN_POINT ( 'NONE',  ( 2.716466935828465434, 14.00035639144982014, -1.952874281340655216 ) ) ;
#2663 = DIRECTION ( 'NONE',  ( 0.000000000000000000, 0.000000000000000000, 1.000000000000000000 ) ) ;
#2664 = ORIENTED_EDGE ( 'NONE', *, *, #859, .T. ) ;
#2665 = VERTEX_POINT ( 'NONE', #1871 ) ;
#2666 = CARTESIAN_POINT ( 'NONE',  ( -2.750000000000000444, 4.999999999999994671, 2.000000000000000000 ) ) ;
#2667 = CARTESIAN_POINT ( 'NONE',  ( 22.72610723763683183, 10.41479206540298463, 1.608463017867485245 ) ) ;
#2668 = B_SPLINE_SURFACE_WITH_KNOTS ( 'NONE', 1, 3, ( 
 ( #503, #1522, #682, #2522, #2541, #3186, #1290, #442 ),
 ( #430, #1444, #1039, #1027, #2030, #1815, #2569, #769 ) ),
 .UNSPECIFIED., .F., .F., .F.,
 ( 2, 2 ),
 ( 4, 2, 2, 4 ),
 ( 0.000000000000000000, 1.000000000000000000 ),
 ( 0.000000000000000000, 0.2500000000000000000, 0.5000000000000000000, 1.000000000000000000 ),
 .UNSPECIFIED. ) ;
#2669 = ORIENTED_EDGE ( 'NONE', *, *, #583, .T. ) ;
#2670 = CARTESIAN_POINT ( 'NONE',  ( -25.00000000000003553, -7.449999999999994849, -10.14999999999997193 ) ) ;
#2671 = B_SPLINE_CURVE_WITH_KNOTS ( 'NONE', 3,
 ( #1142, #1176, #2647, #2902, #639, #1660 ),
 .UNSPECIFIED., .F., .F.,
 ( 4, 2, 4 ),
 ( 0.000000000000000000, 0.5000000000000000000, 1.000000000000000000 ),
 .UNSPECIFIED. ) ;
#2672 = DIRECTION ( 'NONE',  ( -0.000000000000000000, 0.000000000000000000, -1.000000000000000000 ) ) ;
#2673 = CARTESIAN_POINT ( 'NONE',  ( 11.79941684889506170, 0.8571428571428566512, 2.000000000000000000 ) ) ;
#2674 = CARTESIAN_POINT ( 'NONE',  ( -20.99999999999999645, 14.00000000000000178, -2.000000000000007105 ) ) ;
#2675 = CARTESIAN_POINT ( 'NONE',  ( -18.99999999999999645, 12.00000000000000000, 0.000000000000000000 ) ) ;
#2676 = EDGE_LOOP ( 'NONE', ( #2523, #282, #649, #2159 ) ) ;
#2677 = ADVANCED_FACE ( 'NONE', ( #1916 ), #2152, .T. ) ;
#2678 = CARTESIAN_POINT ( 'NONE',  ( 20.93069923085852224, 15.18650485085635538, 0.4225727486733174554 ) ) ;
#2679 = EDGE_CURVE ( 'NONE', #1449, #2685, #2441, .T. ) ;
#2680 = ORIENTED_EDGE ( 'NONE', *, *, #548, .T. ) ;
#2681 = CARTESIAN_POINT ( 'NONE',  ( -2.632504243998316174, 13.99999999999994671, -1.981431009994634174 ) ) ;
#2682 = CARTESIAN_POINT ( 'NONE',  ( 20.93069923085852224, 15.18650485085635538, 0.4225727486733174554 ) ) ;
#2683 = AXIS2_PLACEMENT_3D ( 'NONE', #2586, #2861, #2105 ) ;
#2684 = CLOSED_SHELL ( 'NONE', ( #2910, #2718, #1714, #2677, #480, #1629, #942, #1975, #1107, #1209, #2380, #838, #1929, #2345, #519, #2737, #240, #876, #2360, #1698, #783, #2417, #2397, #875, #3171, #2995, #1279, #1052, #1631, #1597, #1074, #546, #915, #2976, #605, #326, #782, #3015, #560, #2465, #2381, #3216, #803, #2938, #2779, #165, #1231, #1658, #873, #2286, #1596, #1012, #2150, #2222, #2502, #145, #2617, #550, #1554, #2958, #1440, #325, #1413, #696, #204, #2310, #1237, #343, #1752, #1811, #603, #2118, #263, #710, #1952, #716, #651, #2017, #1676, #2420, #1439, #1774, #1813, #2602, #1314, #1357, #1831, #2579, #3116, #3078, #479 ) ) ;
#2685 = VERTEX_POINT ( 'NONE', #1147 ) ;
#2686 = VECTOR ( 'NONE', #2883, 1000.000000000000000 ) ;
#2687 = FACE_OUTER_BOUND ( 'NONE', #363, .T. ) ;
#2688 = CARTESIAN_POINT ( 'NONE',  ( -20.99999999999999645, 0.000000000000000000, 2.000000000000000000 ) ) ;
#2689 = VERTEX_POINT ( 'NONE', #403 ) ;
#2690 = AXIS2_PLACEMENT_3D ( 'NONE', #856, #1867, #446 ) ;
#2691 = CARTESIAN_POINT ( 'NONE',  ( -19.09957388609569406, 12.39056671414929589, -0.03274127034853048512 ) ) ;
#2692 = CARTESIAN_POINT ( 'NONE',  ( -25.00000000000003197, 7.000000000000002665, -13.32999999999996632 ) ) ;
#2693 = DIRECTION ( 'NONE',  ( 1.000000000000000000, 0.000000000000000000, 0.000000000000000000 ) ) ;
#2694 = ORIENTED_EDGE ( 'NONE', *, *, #971, .T. ) ;
#2695 = CARTESIAN_POINT ( 'NONE',  ( 20.55927445728678293, 13.32562680392810428, -0.5002238086474262158 ) ) ;
#2696 = VERTEX_POINT ( 'NONE', #1386 ) ;
#2697 = DIRECTION ( 'NONE',  ( 1.000000000000000000, 0.000000000000000000, 0.000000000000000000 ) ) ;
#2698 = CARTESIAN_POINT ( 'NONE',  ( 23.52509648973030565, 11.33333333333333215, 1.102239145770627315 ) ) ;
#2699 = DIRECTION ( 'NONE',  ( 0.000000000000000000, -1.000000000000000000, 0.000000000000000000 ) ) ;
#2700 = DIRECTION ( 'NONE',  ( -1.000000000000000000, 0.000000000000000000, -0.000000000000000000 ) ) ;
#2701 = EDGE_CURVE ( 'NONE', #1569, #746, #616, .T. ) ;
#2702 = EDGE_CURVE ( 'NONE', #3243, #1620, #420, .T. ) ;
#2703 = ORIENTED_EDGE ( 'NONE', *, *, #3115, .T. ) ;
#2704 = CARTESIAN_POINT ( 'NONE',  ( -20.99999999999999645, 9.999999999999998224, 0.000000000000000000 ) ) ;
#2705 = CARTESIAN_POINT ( 'NONE',  ( -25.00000000000003197, 5.000000000000003553, -13.32999999999996632 ) ) ;
#2706 = ORIENTED_EDGE ( 'NONE', *, *, #3215, .F. ) ;
#2707 = FACE_BOUND ( 'NONE', #239, .T. ) ;
#2708 = FACE_OUTER_BOUND ( 'NONE', #558, .T. ) ;
#2709 = DIRECTION ( 'NONE',  ( -1.387778780781443151E-14, 0.000000000000000000, -1.000000000000000000 ) ) ;
#2710 = ORIENTED_EDGE ( 'NONE', *, *, #859, .F. ) ;
#2711 = ORIENTED_EDGE ( 'NONE', *, *, #76, .F. ) ;
#2712 = DIRECTION ( 'NONE',  ( 1.000000000000000000, 0.000000000000000000, 0.000000000000000000 ) ) ;
#2713 = LINE ( 'NONE', #3023, #2897 ) ;
#2714 = CARTESIAN_POINT ( 'NONE',  ( -23.00000000000000000, 12.00000000000000000, 0.000000000000000000 ) ) ;
#2715 = EDGE_LOOP ( 'NONE', ( #2408, #2078, #702, #564, #2129, #2316, #1102, #2470, #3093, #2909, #3224, #1291 ) ) ;
#2716 = EDGE_CURVE ( 'NONE', #292, #2644, #1694, .T. ) ;
#2717 = CARTESIAN_POINT ( 'NONE',  ( -20.68783980746579587, 13.38227578518690031, -0.5544330863977537938 ) ) ;
#2718 = ADVANCED_FACE ( 'NONE', ( #1649 ), #2173, .F. ) ;
#2719 = CARTESIAN_POINT ( 'NONE',  ( -25.00000000000003197, 7.000000000000002665, -13.32999999999996632 ) ) ;
#2720 = CARTESIAN_POINT ( 'NONE',  ( 22.26254824486515105, 11.33333333333333215, -0.4488804271146862868 ) ) ;
#2721 = CARTESIAN_POINT ( 'NONE',  ( -3.000000000000002665, 12.36034028235800797, -0.03272907790763260327 ) ) ;
#2722 = ORIENTED_EDGE ( 'NONE', *, *, #2402, .F. ) ;
#2723 = CARTESIAN_POINT ( 'NONE',  ( -20.93650337252495675, 13.59204877015292112, -0.7686229608936381297 ) ) ;
#2724 = VERTEX_POINT ( 'NONE', #1434 ) ;
#2725 = CARTESIAN_POINT ( 'NONE',  ( -25.00000000000003553, 9.000000000000005329, -29.99999999999997158 ) ) ;
#2726 = FACE_OUTER_BOUND ( 'NONE', #1803, .T. ) ;
#2727 = LINE ( 'NONE', #2442, #1204 ) ;
#2728 = CARTESIAN_POINT ( 'NONE',  ( -20.99999999999999645, 14.00000000000003375, -11.00000000000001954 ) ) ;
#2729 = CARTESIAN_POINT ( 'NONE',  ( -3.000000000000002665, 15.93454184418473218, -1.279319435283984951 ) ) ;
#2730 = CARTESIAN_POINT ( 'NONE',  ( 23.00000000000000000, -20.00000000000000000, 1.999999999999970468 ) ) ;
#2731 = LINE ( 'NONE', #780, #3147 ) ;
#2732 = AXIS2_PLACEMENT_3D ( 'NONE', #3159, #1392, #2395 ) ;
#2733 = CARTESIAN_POINT ( 'NONE',  ( 23.00000000000000000, 12.00000000000000000, -2.000000000000026201 ) ) ;
#2734 = ORIENTED_EDGE ( 'NONE', *, *, #2895, .T. ) ;
#2735 = VECTOR ( 'NONE', #3086, 1000.000000000000000 ) ;
#2736 = AXIS2_PLACEMENT_3D ( 'NONE', #907, #2919, #1431 ) ;
#2737 = ADVANCED_FACE ( 'NONE', ( #926 ), #2355, .F. ) ;
#2738 = VECTOR ( 'NONE', #866, 1000.000000000000000 ) ;
#2739 = DIRECTION ( 'NONE',  ( 0.000000000000000000, 0.000000000000000000, -1.000000000000000000 ) ) ;
#2740 = CARTESIAN_POINT ( 'NONE',  ( 20.93159168499023792, 13.59124406425745768, -0.7672986045713366954 ) ) ;
#2741 = CIRCLE ( 'NONE', #1633, 3.149999999999999911 ) ;
#2742 = CARTESIAN_POINT ( 'NONE',  ( 19.45154877154580575, 13.77743514690354409, 1.583409471745143460 ) ) ;
#2743 = EDGE_CURVE ( 'NONE', #3066, #959, #1280, .T. ) ;
#2744 = EDGE_CURVE ( 'NONE', #2300, #2526, #2205, .T. ) ;
#2745 = CARTESIAN_POINT ( 'NONE',  ( 25.00000000000000000, -7.449999999999998401, -10.15000000000002700 ) ) ;
#2746 = AXIS2_PLACEMENT_3D ( 'NONE', #283, #2046, #1026 ) ;
#2747 = ORIENTED_EDGE ( 'NONE', *, *, #2057, .F. ) ;
#2748 = CARTESIAN_POINT ( 'NONE',  ( -20.74809632420392447, 13.40868512370025378, -0.5797942524645164353 ) ) ;
#2749 = ORIENTED_EDGE ( 'NONE', *, *, #1394, .T. ) ;
#2750 = LINE ( 'NONE', #241, #1384 ) ;
#2751 = DIRECTION ( 'NONE',  ( 0.000000000000000000, 1.000000000000000000, 0.000000000000000000 ) ) ;
#2752 = CARTESIAN_POINT ( 'NONE',  ( 19.43424671919299129, 13.75061175590237106, 1.596579390110762331 ) ) ;
#2753 = CARTESIAN_POINT ( 'NONE',  ( 20.99999999999999645, 14.00000000000003375, -11.00000000000001954 ) ) ;
#2754 = VERTEX_POINT ( 'NONE', #1200 ) ;
#2755 = DIRECTION ( 'NONE',  ( 0.000000000000000000, 0.000000000000000000, 1.000000000000000000 ) ) ;
#2756 = ORIENTED_EDGE ( 'NONE', *, *, #968, .T. ) ;
#2757 = CARTESIAN_POINT ( 'NONE',  ( -3.000000000000002665, 14.00000000000000178, -1.999999999999993117 ) ) ;
#2758 = PLANE ( 'NONE',  #1746 ) ;
#2759 = ORIENTED_EDGE ( 'NONE', *, *, #2035, .F. ) ;
#2760 = EDGE_LOOP ( 'NONE', ( #924, #526, #167, #2031 ) ) ;
#2761 = EDGE_CURVE ( 'NONE', #1465, #2754, #2950, .T. ) ;
#2762 = EDGE_CURVE ( 'NONE', #2556, #190, #123, .T. ) ;
#2763 = CARTESIAN_POINT ( 'NONE',  ( -19.24530182493817421, 12.67212206322542301, -0.1153600122413477591 ) ) ;
#2764 = DIRECTION ( 'NONE',  ( 0.000000000000000000, -1.000000000000000000, -3.469446951953612611E-15 ) ) ;
#2765 = CARTESIAN_POINT ( 'NONE',  ( 25.00000000000000000, 0.000000000000000000, -1.999999999999998224 ) ) ;
#2766 = CARTESIAN_POINT ( 'NONE',  ( -22.75061175590231244, 10.43424671919288649, 1.596579390110790975 ) ) ;
#2767 = CARTESIAN_POINT ( 'NONE',  ( -20.99999999999999645, 12.00000000000000000, -2.000000000000000000 ) ) ;
#2768 = ORIENTED_EDGE ( 'NONE', *, *, #76, .T. ) ;
#2769 = CARTESIAN_POINT ( 'NONE',  ( 23.00000000000000000, 5.000000000000000000, -13.33000000000002849 ) ) ;
#2770 = CARTESIAN_POINT ( 'NONE',  ( -1.056113247153136405E-15, 7.000000000000001776, 0.000000000000000000 ) ) ;
#2771 = CARTESIAN_POINT ( 'NONE',  ( 23.00000000000000000, -1.000000000000000000, -2.000000000000001776 ) ) ;
#2772 = ORIENTED_EDGE ( 'NONE', *, *, #1993, .F. ) ;
#2773 = CARTESIAN_POINT ( 'NONE',  ( 20.33333333333332860, 14.52509648973030565, 1.102239145770629536 ) ) ;
#2774 = CARTESIAN_POINT ( 'NONE',  ( -19.36612596993781565, 13.63642580415372407, 1.650041317549816089 ) ) ;
#2775 = VERTEX_POINT ( 'NONE', #1515 ) ;
#2776 = ORIENTED_EDGE ( 'NONE', *, *, #2660, .F. ) ;
#2777 = EDGE_CURVE ( 'NONE', #2554, #818, #2166, .T. ) ;
#2778 = DIRECTION ( 'NONE',  ( 1.000000000000000000, -0.000000000000000000, -0.000000000000000000 ) ) ;
#2779 = ADVANCED_FACE ( 'NONE', ( #2726 ), #515, .F. ) ;
#2780 = VERTEX_POINT ( 'NONE', #692 ) ;
#2781 = DIRECTION ( 'NONE',  ( 0.000000000000000000, 1.000000000000000000, 0.000000000000000000 ) ) ;
#2782 = CARTESIAN_POINT ( 'NONE',  ( -23.00000000000003553, -0.9999999999999967804, -1.999999999999980904 ) ) ;
#2783 = EDGE_CURVE ( 'NONE', #1693, #3165, #1979, .T. ) ;
#2784 = CARTESIAN_POINT ( 'NONE',  ( 24.18808547764808736, 11.93464928004828529, 0.4204529390292665036 ) ) ;
#2785 = ORIENTED_EDGE ( 'NONE', *, *, #2080, .F. ) ;
#2786 = DIRECTION ( 'NONE',  ( -1.000000000000000000, -0.000000000000000000, -0.000000000000000000 ) ) ;
#2787 = EDGE_LOOP ( 'NONE', ( #1523, #2433, #35, #1463 ) ) ;
#2788 = CARTESIAN_POINT ( 'NONE',  ( 19.43994394452006702, 13.75956700293807344, 1.592206674377828257 ) ) ;
#2789 = VECTOR ( 'NONE', #2631, 1000.000000000000000 ) ;
#2790 = CARTESIAN_POINT ( 'NONE',  ( -23.00000000000003553, -1.999999999999993561, -29.99999999999997158 ) ) ;
#2791 = CARTESIAN_POINT ( 'NONE',  ( -2.750000000000001776, 6.999999999999997335, 0.000000000000000000 ) ) ;
#2792 = ORIENTED_EDGE ( 'NONE', *, *, #1795, .F. ) ;
#2793 = DIRECTION ( 'NONE',  ( 0.000000000000000000, 1.000000000000000000, 0.000000000000000000 ) ) ;
#2794 = CARTESIAN_POINT ( 'NONE',  ( 23.59001450051444237, 11.44672565081140547, 1.049398525351412648 ) ) ;
#2795 = CARTESIAN_POINT ( 'NONE',  ( -25.00000000000003197, 7.000000000000002665, -13.32999999999996632 ) ) ;
#2796 = VERTEX_POINT ( 'NONE', #2023 ) ;
#2797 = CARTESIAN_POINT ( 'NONE',  ( 2.632495561210778767, 12.03713554655943518, 1.999999999999895195 ) ) ;
#2798 = AXIS2_PLACEMENT_3D ( 'NONE', #2254, #3213, #2242 ) ;
#2799 = VECTOR ( 'NONE', #2312, 1000.000000000000000 ) ;
#2800 = DIRECTION ( 'NONE',  ( 0.000000000000000000, -1.084202172485504434E-16, 1.000000000000000000 ) ) ;
#2801 = ORIENTED_EDGE ( 'NONE', *, *, #284, .F. ) ;
#2802 = EDGE_CURVE ( 'NONE', #3077, #2614, #2713, .T. ) ;
#2803 = STYLED_ITEM ( 'NONE', ( #2808 ), #3217 ) ;
#2804 = EDGE_CURVE ( 'NONE', #3094, #1284, #1532, .T. ) ;
#2805 = ORIENTED_EDGE ( 'NONE', *, *, #1857, .F. ) ;
#2806 = CARTESIAN_POINT ( 'NONE',  ( 19.43994394452006702, 12.87978350146903672, -0.2038966628110859269 ) ) ;
#2807 = CARTESIAN_POINT ( 'NONE',  ( 20.99999999999999645, 0.000000000000000000, 8.673617379884035472E-16 ) ) ;
#2808 = PRESENTATION_STYLE_ASSIGNMENT (( #2336 ) ) ;
#2809 = EDGE_LOOP ( 'NONE', ( #448, #864, #2648, #3187 ) ) ;
#2810 = B_SPLINE_CURVE_WITH_KNOTS ( 'NONE', 1,
 ( #1183, #929 ),
 .UNSPECIFIED., .F., .F.,
 ( 2, 2 ),
 ( 0.000000000000000000, 1.000000000000000000 ),
 .UNSPECIFIED. ) ;
#2811 = DIRECTION ( 'NONE',  ( 0.000000000000000000, -1.000000000000000000, -0.000000000000000000 ) ) ;
#2812 = ORIENTED_EDGE ( 'NONE', *, *, #500, .T. ) ;
#2813 = CARTESIAN_POINT ( 'NONE',  ( -29.85616849662523364, 12.00000000000000000, -2.000000000000000000 ) ) ;
#2814 = ORIENTED_EDGE ( 'NONE', *, *, #712, .F. ) ;
#2815 = FACE_OUTER_BOUND ( 'NONE', #2934, .T. ) ;
#2816 = DIRECTION ( 'NONE',  ( 0.000000000000000000, 3.469446951953615372E-15, -1.000000000000000000 ) ) ;
#2817 = ORIENTED_EDGE ( 'NONE', *, *, #2062, .F. ) ;
#2818 = DIRECTION ( 'NONE',  ( 0.000000000000000000, -1.000000000000000000, 0.000000000000000000 ) ) ;
#2819 = EDGE_CURVE ( 'NONE', #344, #628, #1503, .T. ) ;
#2820 = ORIENTED_EDGE ( 'NONE', *, *, #1906, .T. ) ;
#2821 = B_SPLINE_SURFACE_WITH_KNOTS ( 'NONE', 1, 3, ( 
 ( #1912, #1880, #2678, #415, #1933, #384, #1178, #1144 ),
 ( #1430, #2955, #2438, #1644, #1398, #2935, #2695, #144 ) ),
 .UNSPECIFIED., .F., .F., .F.,
 ( 2, 2 ),
 ( 4, 2, 2, 4 ),
 ( 0.000000000000000000, 1.000000000000000000 ),
 ( 0.000000000000000000, 0.2500000000000000000, 0.5000000000000000000, 1.000000000000000000 ),
 .UNSPECIFIED. ) ;
#2822 = CARTESIAN_POINT ( 'NONE',  ( -20.33333333333333570, 13.26254824486515282, -0.4488804271146852320 ) ) ;
#2823 = EDGE_CURVE ( 'NONE', #1820, #3173, #2951, .T. ) ;
#2824 = CARTESIAN_POINT ( 'NONE',  ( 25.00000000000000000, 12.00000000000000000, -27.00000000000003553 ) ) ;
#2825 = ORIENTED_EDGE ( 'NONE', *, *, #2702, .F. ) ;
#2826 = CARTESIAN_POINT ( 'NONE',  ( 2.500000000000000444, 12.00000000000000000, 2.000000000000000000 ) ) ;
#2827 = ORIENTED_EDGE ( 'NONE', *, *, #2018, .F. ) ;
#2828 = CARTESIAN_POINT ( 'NONE',  ( 3.000000000000000888, 13.96727092209236787, -1.639659717641992254 ) ) ;
#2829 = CARTESIAN_POINT ( 'NONE',  ( -21.94168049482412641, 10.52748902484626825, -0.2354518226671746539 ) ) ;
#2830 = ORIENTED_EDGE ( 'NONE', *, *, #1189, .T. ) ;
#2831 = ORIENTED_EDGE ( 'NONE', *, *, #1075, .T. ) ;
#2832 = CIRCLE ( 'NONE', #2048, 2.999999999999999112 ) ;
#2833 = DIRECTION ( 'NONE',  ( 0.000000000000000000, 0.000000000000000000, -1.000000000000000000 ) ) ;
#2834 =( LENGTH_UNIT ( ) NAMED_UNIT ( * ) SI_UNIT ( .MILLI., .METRE. ) );
#2835 = DIRECTION ( 'NONE',  ( 0.000000000000000000, 0.000000000000000000, -1.000000000000000000 ) ) ;
#2836 = VERTEX_POINT ( 'NONE', #226 ) ;
#2837 = DIRECTION ( 'NONE',  ( 0.000000000000000000, 0.000000000000000000, 1.000000000000000000 ) ) ;
#2838 = VECTOR ( 'NONE', #3012, 1000.000000000000000 ) ;
#2839 = EDGE_CURVE ( 'NONE', #2689, #2724, #485, .T. ) ;
#2840 = AXIS2_PLACEMENT_3D ( 'NONE', #1350, #3106, #846 ) ;
#2841 = CYLINDRICAL_SURFACE ( 'NONE', #1590, 2.749999999999999112 ) ;
#2842 = AXIS2_PLACEMENT_3D ( 'NONE', #1547, #3068, #1332 ) ;
#2843 = VERTEX_POINT ( 'NONE', #983 ) ;
#2844 = PLANE ( 'NONE',  #2840 ) ;
#2845 = VECTOR ( 'NONE', #771, 1000.000000000000000 ) ;
#2846 = CARTESIAN_POINT ( 'NONE',  ( -22.55858463901844857, 10.31494652793578304, 1.689466262740965563 ) ) ;
#2847 = FACE_OUTER_BOUND ( 'NONE', #752, .T. ) ;
#2848 = AXIS2_PLACEMENT_3D ( 'NONE', #1042, #788, #590 ) ;
#2849 = CARTESIAN_POINT ( 'NONE',  ( 25.00000000000000000, 12.00000000000000000, -2.000000000000026201 ) ) ;
#2850 = EDGE_LOOP ( 'NONE', ( #1354, #990, #759, #563 ) ) ;
#2851 = EDGE_LOOP ( 'NONE', ( #657, #1950, #32, #1445, #506, #798 ) ) ;
#2852 = DIRECTION ( 'NONE',  ( 1.000000000000000000, 0.000000000000000000, 0.000000000000000000 ) ) ;
#2853 = CARTESIAN_POINT ( 'NONE',  ( 23.84323738989463237, 11.76767866602672541, 0.8137838025997038427 ) ) ;
#2854 = CARTESIAN_POINT ( 'NONE',  ( 19.52748902484783855, 13.88336098964923870, 1.529096354665130386 ) ) ;
#2855 = ORIENTED_EDGE ( 'NONE', *, *, #3152, .T. ) ;
#2856 = PLANE ( 'NONE',  #950 ) ;
#2857 = CARTESIAN_POINT ( 'NONE',  ( -20.99999999999999645, 16.00000000000003553, -11.00000000000001243 ) ) ;
#2858 = ORIENTED_EDGE ( 'NONE', *, *, #1888, .F. ) ;
#2859 = EDGE_CURVE ( 'NONE', #570, #3028, #466, .T. ) ;
#2860 = CARTESIAN_POINT ( 'NONE',  ( 17.99999999999999645, 16.00000000000003197, -11.00000000000001243 ) ) ;
#2861 = DIRECTION ( 'NONE',  ( 1.000000000000000000, 0.000000000000000000, 0.000000000000000000 ) ) ;
#2862 = CARTESIAN_POINT ( 'NONE',  ( -2.632501947501418194, 13.99999999999994849, -1.981431331829813347 ) ) ;
#2863 = ORIENTED_EDGE ( 'NONE', *, *, #740, .T. ) ;
#2864 = CARTESIAN_POINT ( 'NONE',  ( -22.75956700293793844, 10.43994394451985208, 1.592206674377892428 ) ) ;
#2865 = CARTESIAN_POINT ( 'NONE',  ( 23.81815488772797451, 11.74462604735721705, 0.8389088081228017746 ) ) ;
#2866 = ORIENTED_EDGE ( 'NONE', *, *, #898, .T. ) ;
#2867 = B_SPLINE_CURVE_WITH_KNOTS ( 'NONE', 1,
 ( #1655, #2384 ),
 .UNSPECIFIED., .F., .F.,
 ( 2, 2 ),
 ( 0.000000000000000000, 1.000000000000000000 ),
 .UNSPECIFIED. ) ;
#2868 = DIRECTION ( 'NONE',  ( 0.000000000000000000, 3.469446951953615372E-15, -1.000000000000000000 ) ) ;
#2869 = DIRECTION ( 'NONE',  ( 1.000000000000000000, 0.000000000000000000, -1.370553316539457353E-14 ) ) ;
#2870 = EDGE_LOOP ( 'NONE', ( #238, #114, #2185, #1682 ) ) ;
#2871 = CARTESIAN_POINT ( 'NONE',  ( 19.31494652793599798, 12.77929231951055122, -0.1552668686301587053 ) ) ;
#2872 = CARTESIAN_POINT ( 'NONE',  ( -21.77929231950922428, 10.31494652793578304, -0.1552668686295172462 ) ) ;
#2873 = EDGE_CURVE ( 'NONE', #1302, #1492, #2750, .T. ) ;
#2874 = CARTESIAN_POINT ( 'NONE',  ( 2.500000000000002220, 14.66666666666666607, -1.999999999999995337 ) ) ;
#2875 = CARTESIAN_POINT ( 'NONE',  ( -2.750000000000001776, 6.999999999999997335, 0.000000000000000000 ) ) ;
#2876 = EDGE_CURVE ( 'NONE', #253, #1750, #3036, .T. ) ;
#2877 = EDGE_CURVE ( 'NONE', #101, #794, #1049, .T. ) ;
#2878 = ORIENTED_EDGE ( 'NONE', *, *, #2362, .F. ) ;
#2879 = LINE ( 'NONE', #1137, #2163 ) ;
#2880 = CARTESIAN_POINT ( 'NONE',  ( 23.00000000000000000, -2.000000000000000000, -1.000000000000025979 ) ) ;
#2881 = ORIENTED_EDGE ( 'NONE', *, *, #2873, .F. ) ;
#2882 = VECTOR ( 'NONE', #1037, 1000.000000000000000 ) ;
#2883 = DIRECTION ( 'NONE',  ( 0.000000000000000000, 0.000000000000000000, 1.000000000000000000 ) ) ;
#2884 = LINE ( 'NONE', #627, #2486 ) ;
#2885 = EDGE_LOOP ( 'NONE', ( #981, #286, #316, #2494, #553, #1855, #2592, #1849 ) ) ;
#2886 = DIRECTION ( 'NONE',  ( -1.000000000000000000, 0.000000000000000000, 0.000000000000000000 ) ) ;
#2887 =( NAMED_UNIT ( * ) SI_UNIT ( $, .STERADIAN. ) SOLID_ANGLE_UNIT ( ) );
#2888 = FACE_OUTER_BOUND ( 'NONE', #2552, .T. ) ;
#2889 = VECTOR ( 'NONE', #1777, 1000.000000000000000 ) ;
#2890 = CARTESIAN_POINT ( 'NONE',  ( -2.907087138383158464, 13.99292062714729923, -1.821355380534370516 ) ) ;
#2891 = CARTESIAN_POINT ( 'NONE',  ( 20.70951525743297594, 14.76464004823351139, 0.8944903329338743658 ) ) ;
#2892 = AXIS2_PLACEMENT_3D ( 'NONE', #1703, #429, #1225 ) ;
#2893 = EDGE_CURVE ( 'NONE', #697, #2836, #3104, .T. ) ;
#2894 = VERTEX_POINT ( 'NONE', #554 ) ;
#2895 = EDGE_CURVE ( 'NONE', #108, #289, #1355, .T. ) ;
#2896 = PRODUCT ( '202500521_Halteblech Lackierpistole_V1.0', '202500521_Halteblech Lackierpistole_V1.0', '', ( #3018 ) ) ;
#2897 = VECTOR ( 'NONE', #2778, 1000.000000000000000 ) ;
#2898 = DIRECTION ( 'NONE',  ( 1.000000000000000000, 0.000000000000000000, 0.000000000000000000 ) ) ;
#2899 = CARTESIAN_POINT ( 'NONE',  ( 2.907087138955622763, 12.17864461990009772, -0.007079372891649574930 ) ) ;
#2900 = EDGE_LOOP ( 'NONE', ( #1261, #808, #126, #2749 ) ) ;
#2901 = DIRECTION ( 'NONE',  ( 1.000000000000000000, 0.000000000000000000, 0.000000000000000000 ) ) ;
#2902 = CARTESIAN_POINT ( 'NONE',  ( 2.907087138955622319, 12.17864461990009772, -0.007079372891649572327 ) ) ;
#2903 = EDGE_LOOP ( 'NONE', ( #39, #342, #1642, #2669 ) ) ;
#2904 = DIRECTION ( 'NONE',  ( -1.000000000000000000, 0.000000000000000000, 0.000000000000000000 ) ) ;
#2905 = ORIENTED_EDGE ( 'NONE', *, *, #28, .F. ) ;
#2906 = CARTESIAN_POINT ( 'NONE',  ( -13.89897948556635754, 3.000000000000000000, 0.000000000000000000 ) ) ;
#2907 = DIRECTION ( 'NONE',  ( -0.000000000000000000, 3.469446951953612611E-15, -1.000000000000000000 ) ) ;
#2908 = CARTESIAN_POINT ( 'NONE',  ( -2.500000000000002220, 16.00000000000000000, -2.000000000000000000 ) ) ;
#2909 = ORIENTED_EDGE ( 'NONE', *, *, #816, .T. ) ;
#2910 = ADVANCED_FACE ( 'NONE', ( #275 ), #51, .F. ) ;
#2911 = EDGE_CURVE ( 'NONE', #1159, #3208, #1700, .T. ) ;
#2912 = CARTESIAN_POINT ( 'NONE',  ( -3.000000000000002665, 12.00000000000000000, -2.000000000000000000 ) ) ;
#2913 = CARTESIAN_POINT ( 'NONE',  ( 3.000000000000000888, 12.36034028235800797, -0.03272907790763304042 ) ) ;
#2914 = DIRECTION ( 'NONE',  ( 1.000000000000000000, 0.000000000000000000, 0.000000000000000000 ) ) ;
#2915 = ORIENTED_EDGE ( 'NONE', *, *, #1885, .T. ) ;
#2916 = CARTESIAN_POINT ( 'NONE',  ( -22.48413372647007336, 11.85861595334127117, -0.6573629295711392873 ) ) ;
#2917 = LINE ( 'NONE', #2131, #955 ) ;
#2918 = ORIENTED_EDGE ( 'NONE', *, *, #2311, .T. ) ;
#2919 = DIRECTION ( 'NONE',  ( 0.000000000000000000, 1.000000000000000000, 1.084202172485504434E-16 ) ) ;
#2920 = EDGE_LOOP ( 'NONE', ( #1246, #1725, #2756, #689 ) ) ;
#2921 = DIRECTION ( 'NONE',  ( -1.000000000000000000, -0.000000000000000000, -0.000000000000000000 ) ) ;
#2922 = CARTESIAN_POINT ( 'NONE',  ( 22.63642580415661598, 10.36612596993813895, 1.650041317548515574 ) ) ;
#2923 = DIRECTION ( 'NONE',  ( -0.000000000000000000, -0.000000000000000000, 1.000000000000000000 ) ) ;
#2924 = CARTESIAN_POINT ( 'NONE',  ( -25.00000000000000000, 4.999999999999999112, -10.58000000000001961 ) ) ;
#2925 = CARTESIAN_POINT ( 'NONE',  ( -2.499999999999998668, 12.00000000000000355, 2.000000000000000000 ) ) ;
#2926 = EDGE_LOOP ( 'NONE', ( #2068, #1316, #2768, #877 ) ) ;
#2927 = CARTESIAN_POINT ( 'NONE',  ( -20.76767866602686397, 14.84323738989531094, 0.8137838025990056234 ) ) ;
#2928 = CARTESIAN_POINT ( 'NONE',  ( 0.000000000000000000, 15.99999999999999645, 3.469446951953614189E-14 ) ) ;
#2929 = VERTEX_POINT ( 'NONE', #1859 ) ;
#2930 = DIRECTION ( 'NONE',  ( -1.000000000000000000, 0.000000000000000000, 0.000000000000000000 ) ) ;
#2931 = CARTESIAN_POINT ( 'NONE',  ( 19.71327018104463136, 13.04408059169015566, -0.2937175241362700584 ) ) ;
#2932 = DIRECTION ( 'NONE',  ( 1.000000000000000000, 0.000000000000000000, 0.000000000000000000 ) ) ;
#2933 = PLANE ( 'NONE',  #2114 ) ;
#2934 = EDGE_LOOP ( 'NONE', ( #2415, #1809, #2302, #2542, #2825, #2905, #2427, #1661 ) ) ;
#2935 = CARTESIAN_POINT ( 'NONE',  ( 20.70951525743297594, 13.38232002411675481, -0.5527548335330627616 ) ) ;
#2936 = ORIENTED_EDGE ( 'NONE', *, *, #2977, .F. ) ;
#2937 = EDGE_CURVE ( 'NONE', #1179, #2349, #335, .T. ) ;
#2938 = ADVANCED_FACE ( 'NONE', ( #1594 ), #1823, .F. ) ;
#2939 = VECTOR ( 'NONE', #648, 1000.000000000000000 ) ;
#2940 = CARTESIAN_POINT ( 'NONE',  ( -2.500002793761071818, 14.00000000000000000, -2.000000000000008438 ) ) ;
#2941 = DIRECTION ( 'NONE',  ( 0.000000000000000000, -1.000000000000000000, 0.000000000000000000 ) ) ;
#2942 = AXIS2_PLACEMENT_3D ( 'NONE', #3108, #602, #1611 ) ;
#2943 = LINE ( 'NONE', #3220, #313 ) ;
#2944 = STYLED_ITEM ( 'NONE', ( #399 ), #1400 ) ;
#2945 = VERTEX_POINT ( 'NONE', #2857 ) ;
#2946 = VECTOR ( 'NONE', #2921, 1000.000000000000000 ) ;
#2947 = CARTESIAN_POINT ( 'NONE',  ( -22.55858463901844857, 10.31494652793578304, 1.689466262740965563 ) ) ;
#2948 = CARTESIAN_POINT ( 'NONE',  ( 20.99999999999999645, 12.00000000000000000, 2.000000000000000000 ) ) ;
#2949 = DIRECTION ( 'NONE',  ( 1.000000000000000000, 0.000000000000000000, 0.000000000000000000 ) ) ;
#2950 = CIRCLE ( 'NONE', #1541, 4.000000000000000000 ) ;
#2951 = CIRCLE ( 'NONE', #1013, 2.750000000000000000 ) ;
#2952 = CARTESIAN_POINT ( 'NONE',  ( -19.61438593527369889, 14.05115370531491514, 1.450849829375844280 ) ) ;
#2953 = DIRECTION ( 'NONE',  ( 0.000000000000000000, 0.000000000000000000, 1.000000000000000000 ) ) ;
#2954 = EDGE_LOOP ( 'NONE', ( #71, #2855, #2801, #2455 ) ) ;
#2955 = CARTESIAN_POINT ( 'NONE',  ( 20.96577774909144765, 13.65019725549461782, -0.8643216684940697725 ) ) ;
#2956 = ORIENTED_EDGE ( 'NONE', *, *, #199, .F. ) ;
#2957 = PLANE ( 'NONE',  #790 ) ;
#2958 = ADVANCED_FACE ( 'NONE', ( #539 ), #3055, .F. ) ;
#2959 = DIRECTION ( 'NONE',  ( 1.000000000000000000, 0.000000000000000000, 0.000000000000000000 ) ) ;
#2960 = EDGE_CURVE ( 'NONE', #2644, #2696, #2597, .T. ) ;
#2961 = DIRECTION ( 'NONE',  ( 1.000000000000000000, 0.000000000000000000, 0.000000000000000000 ) ) ;
#2962 = CARTESIAN_POINT ( 'NONE',  ( 20.33333333333332860, 14.52509648973030565, 1.102239145770629536 ) ) ;
#2963 = ORIENTED_EDGE ( 'NONE', *, *, #2679, .F. ) ;
#2964 = CARTESIAN_POINT ( 'NONE',  ( -20.96823498460026158, 13.65059999222481757, -0.8649844782707436508 ) ) ;
#2965 = EDGE_LOOP ( 'NONE', ( #919, #1953, #2664, #3072 ) ) ;
#2966 = FACE_OUTER_BOUND ( 'NONE', #2605, .T. ) ;
#2967 = DIRECTION ( 'NONE',  ( 1.000000000000000000, 0.000000000000000000, 0.000000000000000000 ) ) ;
#2968 = ORIENTED_EDGE ( 'NONE', *, *, #991, .T. ) ;
#2969 = EDGE_LOOP ( 'NONE', ( #357, #288, #2240, #2625 ) ) ;
#2970 = DIRECTION ( 'NONE',  ( 0.000000000000000000, 0.000000000000000000, 1.000000000000000000 ) ) ;
#2971 = CARTESIAN_POINT ( 'NONE',  ( -20.99999999999999645, 16.00000000000000000, -2.000000000000000000 ) ) ;
#2972 = CARTESIAN_POINT ( 'NONE',  ( -20.99999999999999645, 9.999999999999998224, 0.000000000000000000 ) ) ;
#2973 = CARTESIAN_POINT ( 'NONE',  ( 23.00000000000000000, 5.000000000000000888, -7.830000000000027605 ) ) ;
#2974 = EDGE_CURVE ( 'NONE', #794, #2775, #538, .T. ) ;
#2975 = ORIENTED_EDGE ( 'NONE', *, *, #1816, .T. ) ;
#2976 = ADVANCED_FACE ( 'NONE', ( #1315 ), #598, .F. ) ;
#2977 = EDGE_CURVE ( 'NONE', #2325, #253, #1166, .T. ) ;
#2978 = CARTESIAN_POINT ( 'NONE',  ( -20.99999999999999645, 13.70921285016515512, -0.9614474337664429271 ) ) ;
#2979 = VERTEX_POINT ( 'NONE', #2536 ) ;
#2980 = CARTESIAN_POINT ( 'NONE',  ( 19.45748642701183684, 13.78634194100764354, 1.578977684617441479 ) ) ;
#2981 = DIRECTION ( 'NONE',  ( 0.000000000000000000, 0.000000000000000000, -1.000000000000000000 ) ) ;
#2982 = VERTEX_POINT ( 'NONE', #3087 ) ;
#2983 = ORIENTED_EDGE ( 'NONE', *, *, #130, .F. ) ;
#2984 = DIRECTION ( 'NONE',  ( 0.000000000000000000, 0.000000000000000000, -1.000000000000000000 ) ) ;
#2985 = CARTESIAN_POINT ( 'NONE',  ( -24.41842570033030668, 12.00000000000000000, 0.07710513246711458990 ) ) ;
#2986 = DIRECTION ( 'NONE',  ( 0.000000000000000000, 1.000000000000000000, 0.000000000000000000 ) ) ;
#2987 = FACE_OUTER_BOUND ( 'NONE', #1126, .T. ) ;
#2988 = DIRECTION ( 'NONE',  ( 1.000000000000000000, -0.000000000000000000, -0.000000000000000000 ) ) ;
#2989 = AXIS2_PLACEMENT_3D ( 'NONE', #1917, #2923, #2961 ) ;
#2990 = DIRECTION ( 'NONE',  ( 1.000000000000000000, 0.000000000000000000, 0.000000000000000000 ) ) ;
#2991 = VERTEX_POINT ( 'NONE', #1287 ) ;
#2992 = VECTOR ( 'NONE', #2914, 1000.000000000000000 ) ;
#2993 = AXIS2_PLACEMENT_3D ( 'NONE', #23, #3245, #1794 ) ;
#2994 = CARTESIAN_POINT ( 'NONE',  ( -23.00000000000003197, -17.00000000000000000, 2.000000000000025313 ) ) ;
#2995 = ADVANCED_FACE ( 'NONE', ( #824 ), #2841, .F. ) ;
#2996 = EDGE_CURVE ( 'NONE', #462, #3077, #168, .T. ) ;
#2997 = DIRECTION ( 'NONE',  ( 0.000000000000000000, 0.000000000000000000, 1.000000000000000000 ) ) ;
#2998 = VECTOR ( 'NONE', #2435, 1000.000000000000000 ) ;
#2999 = CARTESIAN_POINT ( 'NONE',  ( -19.37789669992778485, 13.65951399787902965, 1.639589064091456994 ) ) ;
#3000 = CIRCLE ( 'NONE', #1744, 3.149999999999999911 ) ;
#3001 = VERTEX_POINT ( 'NONE', #1301 ) ;
#3002 = ORIENTED_EDGE ( 'NONE', *, *, #340, .F. ) ;
#3003 = CARTESIAN_POINT ( 'NONE',  ( 18.99999999999999645, 12.00000000000000000, 2.000000000000000000 ) ) ;
#3004 = AXIS2_PLACEMENT_3D ( 'NONE', #307, #2564, #797 ) ;
#3005 = DIRECTION ( 'NONE',  ( 0.000000000000000000, 0.000000000000000000, -1.000000000000000000 ) ) ;
#3006 = CARTESIAN_POINT ( 'NONE',  ( -20.99999999999999645, -7.914939977461566301, -2.000000000000000000 ) ) ;
#3007 = CARTESIAN_POINT ( 'NONE',  ( -20.99999999999999645, 12.00000000000000000, -2.000000000000000000 ) ) ;
#3008 = LINE ( 'NONE', #2450, #571 ) ;
#3009 = ORIENTED_EDGE ( 'NONE', *, *, #1129, .F. ) ;
#3010 = CARTESIAN_POINT ( 'NONE',  ( 25.00000000000000000, -2.000000000000000444, 1.999999999999970468 ) ) ;
#3011 = CARTESIAN_POINT ( 'NONE',  ( -3.000000000000002665, 13.96727092209236787, -1.639659717641992698 ) ) ;
#3012 = DIRECTION ( 'NONE',  ( 0.000000000000000000, 0.000000000000000000, -1.000000000000000000 ) ) ;
#3013 = ORIENTED_EDGE ( 'NONE', *, *, #112, .F. ) ;
#3014 = CARTESIAN_POINT ( 'NONE',  ( 19.47566003861837203, 12.90649454945285868, -0.2172026393880765183 ) ) ;
#3015 = ADVANCED_FACE ( 'NONE', ( #2387 ), #2933, .F. ) ;
#3016 = EDGE_CURVE ( 'NONE', #2396, #573, #2436, .T. ) ;
#3017 = CARTESIAN_POINT ( 'NONE',  ( -23.00000000000003553, 12.00000000000000355, -29.99999999999997158 ) ) ;
#3018 = PRODUCT_CONTEXT ( 'NONE', #2654, 'mechanical' ) ;
#3019 = ORIENTED_EDGE ( 'NONE', *, *, #1412, .F. ) ;
#3020 = VERTEX_POINT ( 'NONE', #1619 ) ;
#3021 = LINE ( 'NONE', #762, #418 ) ;
#3022 = EDGE_CURVE ( 'NONE', #1014, #2325, #124, .T. ) ;
#3023 = CARTESIAN_POINT ( 'NONE',  ( -23.00000000000003197, -17.00000000000000000, 2.000000000000025313 ) ) ;
#3024 = DIRECTION ( 'NONE',  ( -1.000000000000000000, 0.000000000000000000, 0.000000000000000000 ) ) ;
#3025 = DIRECTION ( 'NONE',  ( 0.000000000000000000, 0.000000000000000000, -1.000000000000000000 ) ) ;
#3026 = CARTESIAN_POINT ( 'NONE',  ( -25.00000000000003197, 5.000000000000003553, -13.32999999999996632 ) ) ;
#3027 = CARTESIAN_POINT ( 'NONE',  ( 22.29500706886544492, 11.44672501713721857, -0.4753005896787654838 ) ) ;
#3028 = VERTEX_POINT ( 'NONE', #381 ) ;
#3029 = DIRECTION ( 'NONE',  ( 0.000000000000000000, 0.000000000000000000, -1.000000000000000000 ) ) ;
#3030 = ORIENTED_EDGE ( 'NONE', *, *, #79, .F. ) ;
#3031 = CARTESIAN_POINT ( 'NONE',  ( 23.00000000000000000, -2.000000000000000444, 1.999999999999974021 ) ) ;
#3032 = DIRECTION ( 'NONE',  ( 1.000000000000000000, 0.000000000000000000, 0.000000000000000000 ) ) ;
#3033 = VERTEX_POINT ( 'NONE', #2168 ) ;
#3034 = DIRECTION ( 'NONE',  ( 1.000000000000000000, -0.000000000000000000, -0.000000000000000000 ) ) ;
#3035 = DIRECTION ( 'NONE',  ( -1.000000000000000000, -0.000000000000000000, -0.000000000000000000 ) ) ;
#3036 = LINE ( 'NONE', #34, #2799 ) ;
#3037 = ORIENTED_EDGE ( 'NONE', *, *, #2839, .F. ) ;
#3038 = CARTESIAN_POINT ( 'NONE',  ( 2.500000000000000444, 12.00000000000000000, 2.000000000000000000 ) ) ;
#3039 = EDGE_CURVE ( 'NONE', #2051, #704, #1396, .T. ) ;
#3040 = EDGE_CURVE ( 'NONE', #2754, #476, #739, .T. ) ;
#3041 = CARTESIAN_POINT ( 'NONE',  ( 22.46041940869052311, 11.82642569149595779, -0.6330496374091302281 ) ) ;
#3042 = ORIENTED_EDGE ( 'NONE', *, *, #376, .T. ) ;
#3043 = AXIS2_PLACEMENT_3D ( 'NONE', #927, #2941, #3214 ) ;
#3044 = CARTESIAN_POINT ( 'NONE',  ( -13.89897948556635754, 0.000000000000000000, 2.000000000000000000 ) ) ;
#3045 = CIRCLE ( 'NONE', #671, 2.750000000000000000 ) ;
#3046 = VERTEX_POINT ( 'NONE', #1114 ) ;
#3047 = CARTESIAN_POINT ( 'NONE',  ( 19.45154877154580575, 12.88871757345177294, -0.2082952641274283812 ) ) ;
#3048 = AXIS2_PLACEMENT_3D ( 'NONE', #2060, #3073, #861 ) ;
#3049 = CARTESIAN_POINT ( 'NONE',  ( 23.00000000000000000, 6.999999999999999112, -13.33000000000002849 ) ) ;
#3050 = LINE ( 'NONE', #1031, #2003 ) ;
#3051 = CIRCLE ( 'NONE', #2061, 3.000000000000000000 ) ;
#3052 = EDGE_LOOP ( 'NONE', ( #1755, #1575, #398, #513 ) ) ;
#3053 = CARTESIAN_POINT ( 'NONE',  ( -2.750000000000001332, 6.999999999999997335, 2.000000000000000000 ) ) ;
#3054 = AXIS2_PLACEMENT_3D ( 'NONE', #116, #365, #1640 ) ;
#3055 = CYLINDRICAL_SURFACE ( 'NONE', #796, 2.000000000000000000 ) ;
#3056 = EDGE_LOOP ( 'NONE', ( #321, #1120, #1418, #2273 ) ) ;
#3057 = CARTESIAN_POINT ( 'NONE',  ( 3.000000000000000888, 12.72068056471601594, 1.934541844184733961 ) ) ;
#3058 = AXIS2_PLACEMENT_3D ( 'NONE', #1624, #2137, #2630 ) ;
#3059 = LINE ( 'NONE', #2607, #1475 ) ;
#3060 = CARTESIAN_POINT ( 'NONE',  ( -25.00000000000000000, -7.449999999999998401, -10.15000000000002700 ) ) ;
#3061 = EDGE_CURVE ( 'NONE', #2349, #2101, #2917, .T. ) ;
#3062 = EDGE_CURVE ( 'NONE', #1288, #2040, #1959, .T. ) ;
#3063 = AXIS2_PLACEMENT_3D ( 'NONE', #413, #1364, #870 ) ;
#3064 = ORIENTED_EDGE ( 'NONE', *, *, #2996, .F. ) ;
#3065 = LINE ( 'NONE', #2177, #1263 ) ;
#3066 = VERTEX_POINT ( 'NONE', #2675 ) ;
#3067 = CARTESIAN_POINT ( 'NONE',  ( -19.61438593527369889, 14.05115370531491514, 1.450849829375844280 ) ) ;
#3068 = DIRECTION ( 'NONE',  ( -0.000000000000000000, -1.000000000000000000, -0.000000000000000000 ) ) ;
#3069 = EDGE_LOOP ( 'NONE', ( #2179, #1018, #670, #3119 ) ) ;
#3070 = CARTESIAN_POINT ( 'NONE',  ( 25.00000000000000000, -17.00000000000000000, -1.000000000000028200 ) ) ;
#3071 = CARTESIAN_POINT ( 'NONE',  ( -25.00000000000003553, 12.00000000000000355, -29.99999999999997158 ) ) ;
#3072 = ORIENTED_EDGE ( 'NONE', *, *, #1928, .F. ) ;
#3073 = DIRECTION ( 'NONE',  ( -0.000000000000000000, -0.000000000000000000, 1.000000000000000000 ) ) ;
#3074 = LINE ( 'NONE', #1099, #1583 ) ;
#3075 = CARTESIAN_POINT ( 'NONE',  ( -20.99999999999999645, 13.70921285016515512, -0.9614474337664429271 ) ) ;
#3076 = EDGE_CURVE ( 'NONE', #593, #2554, #1921, .T. ) ;
#3077 = VERTEX_POINT ( 'NONE', #3129 ) ;
#3078 = ADVANCED_FACE ( 'NONE', ( #1158 ), #351, .T. ) ;
#3079 = EDGE_CURVE ( 'NONE', #854, #1278, #2434, .T. ) ;
#3080 = ORIENTED_EDGE ( 'NONE', *, *, #816, .F. ) ;
#3081 = EDGE_CURVE ( 'NONE', #2439, #1159, #2884, .T. ) ;
#3082 = LINE ( 'NONE', #2790, #2585 ) ;
#3083 = DIRECTION ( 'NONE',  ( 1.000000000000000000, 0.000000000000000000, 0.000000000000000000 ) ) ;
#3084 = ORIENTED_EDGE ( 'NONE', *, *, #2520, .F. ) ;
#3085 = VERTEX_POINT ( 'NONE', #2370 ) ;
#3086 = DIRECTION ( 'NONE',  ( 0.000000000000000000, 0.000000000000000000, 1.000000000000000000 ) ) ;
#3087 = CARTESIAN_POINT ( 'NONE',  ( 23.00000000000000000, -7.449999999999998401, -13.30000000000002736 ) ) ;
#3088 = FACE_OUTER_BOUND ( 'NONE', #882, .T. ) ;
#3089 = ORIENTED_EDGE ( 'NONE', *, *, #1571, .T. ) ;
#3090 = CARTESIAN_POINT ( 'NONE',  ( 17.99999999999999645, 14.00000000000003375, -11.00000000000001954 ) ) ;
#3091 = CARTESIAN_POINT ( 'NONE',  ( -25.00000000000000000, 6.999999999999999112, -7.830000000000027605 ) ) ;
#3092 = CARTESIAN_POINT ( 'NONE',  ( 19.22237999305597356, 12.66234089591664969, -0.1068930598565244056 ) ) ;
#3093 = ORIENTED_EDGE ( 'NONE', *, *, #1888, .T. ) ;
#3094 = VERTEX_POINT ( 'NONE', #1410 ) ;
#3095 = EDGE_CURVE ( 'NONE', #1380, #3094, #428, .T. ) ;
#3096 = VECTOR ( 'NONE', #2259, 1000.000000000000000 ) ;
#3097 = EDGE_CURVE ( 'NONE', #289, #854, #2671, .T. ) ;
#3098 = CARTESIAN_POINT ( 'NONE',  ( -25.00000000000003553, -7.449999999999994849, -10.14999999999997193 ) ) ;
#3099 = CARTESIAN_POINT ( 'NONE',  ( 2.500002795412816781, 12.00000000001132427, 2.000000000000000000 ) ) ;
#3100 = CARTESIAN_POINT ( 'NONE',  ( 19.55556738921317006, 13.91810190211575993, 1.510332290950698431 ) ) ;
#3101 = VERTEX_POINT ( 'NONE', #922 ) ;
#3102 = AXIS2_PLACEMENT_3D ( 'NONE', #203, #1670, #3174 ) ;
#3103 = PLANE ( 'NONE',  #1798 ) ;
#3104 = LINE ( 'NONE', #100, #373 ) ;
#3105 = ORIENTED_EDGE ( 'NONE', *, *, #2893, .T. ) ;
#3106 = DIRECTION ( 'NONE',  ( 0.000000000000000000, 1.445602896647339163E-16, -1.000000000000000000 ) ) ;
#3107 = AXIS2_PLACEMENT_3D ( 'NONE', #2076, #812, #1826 ) ;
#3108 = CARTESIAN_POINT ( 'NONE',  ( 23.00000000000000000, -17.00000000000000000, -27.00000000000003553 ) ) ;
#3109 = LINE ( 'NONE', #604, #1433 ) ;
#3110 = VECTOR ( 'NONE', #1749, 1000.000000000000000 ) ;
#3111 = VECTOR ( 'NONE', #2020, 1000.000000000000000 ) ;
#3112 = EDGE_LOOP ( 'NONE', ( #976, #1047, #3163, #3227 ) ) ;
#3113 = DIRECTION ( 'NONE',  ( -0.000000000000000000, -0.000000000000000000, 1.000000000000000000 ) ) ;
#3114 = CARTESIAN_POINT ( 'NONE',  ( 2.965820246969820051, 12.25976333003337615, -0.01430663949695430703 ) ) ;
#3115 = EDGE_CURVE ( 'NONE', #1923, #1232, #173, .T. ) ;
#3116 = ADVANCED_FACE ( 'NONE', ( #2184 ), #3118, .T. ) ;
#3117 = LINE ( 'NONE', #1858, #2686 ) ;
#3118 = CYLINDRICAL_SURFACE ( 'NONE', #2690, 2.999999999999999112 ) ;
#3119 = ORIENTED_EDGE ( 'NONE', *, *, #988, .F. ) ;
#3120 = EDGE_CURVE ( 'NONE', #2979, #2325, #1016, .T. ) ;
#3121 = CARTESIAN_POINT ( 'NONE',  ( -23.52509648973030565, 11.33333333333333393, 1.102239145770627093 ) ) ;
#3122 = DIRECTION ( 'NONE',  ( 0.000000000000000000, 0.000000000000000000, -1.000000000000000000 ) ) ;
#3123 = ORIENTED_EDGE ( 'NONE', *, *, #3115, .F. ) ;
#3124 = CARTESIAN_POINT ( 'NONE',  ( -21.37223138137714784, 10.07950010799964069, -0.02921509343583570187 ) ) ;
#3125 = DIRECTION ( 'NONE',  ( 1.000000000000000000, 0.000000000000000000, -0.000000000000000000 ) ) ;
#3126 = DIRECTION ( 'NONE',  ( 1.000000000000000000, 0.000000000000000000, 0.000000000000000000 ) ) ;
#3127 = ORIENTED_EDGE ( 'NONE', *, *, #2285, .F. ) ;
#3128 = CARTESIAN_POINT ( 'NONE',  ( 2.500000000000002220, 14.00000000000000000, -1.999999999999998224 ) ) ;
#3129 = CARTESIAN_POINT ( 'NONE',  ( -25.00000000000003197, -17.00000000000000000, 2.000000000000021760 ) ) ;
#3130 = ORIENTED_EDGE ( 'NONE', *, *, #3076, .T. ) ;
#3131 = FILL_AREA_STYLE_COLOUR ( '', #8 ) ;
#3132 = DIRECTION ( 'NONE',  ( 0.000000000000000000, -3.491481338843133355E-15, 1.000000000000000000 ) ) ;
#3133 = CARTESIAN_POINT ( 'NONE',  ( 25.00000000000000000, 5.000000000000000000, -13.33000000000002849 ) ) ;
#3134 = EDGE_CURVE ( 'NONE', #697, #2396, #3156, .T. ) ;
#3135 = PLANE ( 'NONE',  #364 ) ;
#3136 = B_SPLINE_CURVE_WITH_KNOTS ( 'NONE', 1,
 ( #917, #784 ),
 .UNSPECIFIED., .F., .F.,
 ( 2, 2 ),
 ( 0.000000000000000000, 1.000000000000000000 ),
 .UNSPECIFIED. ) ;
#3137 = ORIENTED_EDGE ( 'NONE', *, *, #1168, .T. ) ;
#3138 = DIRECTION ( 'NONE',  ( 0.000000000000000000, 0.000000000000000000, 1.000000000000000000 ) ) ;
#3139 = CARTESIAN_POINT ( 'NONE',  ( -23.00000000000000000, 0.000000000000000000, 2.000000000000000000 ) ) ;
#3140 = CARTESIAN_POINT ( 'NONE',  ( -20.99999999999999645, 9.999999999999998224, 2.000000000000000000 ) ) ;
#3141 = CARTESIAN_POINT ( 'NONE',  ( -23.00000000000003553, 5.000000000000004441, -7.829999999999961879 ) ) ;
#3142 = DIRECTION ( 'NONE',  ( 0.000000000000000000, 3.469446951953615372E-15, -1.000000000000000000 ) ) ;
#3143 = ORIENTED_EDGE ( 'NONE', *, *, #1089, .T. ) ;
#3144 = AXIS2_PLACEMENT_3D ( 'NONE', #243, #1743, #749 ) ;
#3145 = ORIENTED_EDGE ( 'NONE', *, *, #264, .T. ) ;
#3146 = CARTESIAN_POINT ( 'NONE',  ( 2.883133602495131953, 15.98773874658764704, -1.664551354665390948 ) ) ;
#3147 = VECTOR ( 'NONE', #1775, 1000.000000000000000 ) ;
#3148 = CYLINDRICAL_SURFACE ( 'NONE', #2477, 3.000000000000000000 ) ;
#3149 = CARTESIAN_POINT ( 'NONE',  ( 23.00000000000000000, -5.000000000000000888, 1.999999999999973577 ) ) ;
#3150 = AXIS2_PLACEMENT_3D ( 'NONE', #2757, #3225, #995 ) ;
#3151 = CARTESIAN_POINT ( 'NONE',  ( -2.999999999999999112, 12.72068056471601594, 1.934541844184733961 ) ) ;
#3152 = EDGE_CURVE ( 'NONE', #308, #2101, #1802, .T. ) ;
#3153 = EDGE_CURVE ( 'NONE', #3243, #2027, #1277, .T. ) ;
#3154 = VECTOR ( 'NONE', #2405, 1000.000000000000000 ) ;
#3155 = ORIENTED_EDGE ( 'NONE', *, *, #1718, .F. ) ;
#3156 = CIRCLE ( 'NONE', #844, 1.000000000000001776 ) ;
#3157 = EDGE_CURVE ( 'NONE', #1620, #1380, #237, .T. ) ;
#3158 = CARTESIAN_POINT ( 'NONE',  ( -23.40823889432420657, 11.12100345217430331, 1.197356475574345325 ) ) ;
#3159 = CARTESIAN_POINT ( 'NONE',  ( -25.00000000000003553, -7.449999999999994849, -10.14999999999997193 ) ) ;
#3160 = LINE ( 'NONE', #2198, #879 ) ;
#3161 = CARTESIAN_POINT ( 'NONE',  ( 2.616533512774533499, 14.00000000000000000, -1.988735312113415477 ) ) ;
#3162 = CARTESIAN_POINT ( 'NONE',  ( -2.500002795412816781, 12.00000000000000000, 2.000000000000000000 ) ) ;
#3163 = ORIENTED_EDGE ( 'NONE', *, *, #1974, .F. ) ;
#3164 = CARTESIAN_POINT ( 'NONE',  ( 3.000000000000000888, 13.96727092209236787, -1.639659717641992254 ) ) ;
#3165 = VERTEX_POINT ( 'NONE', #1227 ) ;
#3166 = LINE ( 'NONE', #435, #1378 ) ;
#3167 = CARTESIAN_POINT ( 'NONE',  ( 2.500000000000002220, 15.33333333333333393, -1.999999999999997780 ) ) ;
#3168 = EDGE_CURVE ( 'NONE', #98, #2290, #2251, .T. ) ;
#3169 = EDGE_LOOP ( 'NONE', ( #84, #2249, #1293, #1162 ) ) ;
#3170 = CARTESIAN_POINT ( 'NONE',  ( 22.26254824486515105, 11.33333333333333215, -0.4488804271146862868 ) ) ;
#3171 = ADVANCED_FACE ( 'NONE', ( #1722 ), #2758, .F. ) ;
#3172 = CARTESIAN_POINT ( 'NONE',  ( 22.38227578518732486, 11.68783980746741769, -0.5544330863981659085 ) ) ;
#3173 = VERTEX_POINT ( 'NONE', #743 ) ;
#3174 = DIRECTION ( 'NONE',  ( 0.000000000000000000, -1.000000000000000000, -1.445602896647339410E-16 ) ) ;
#3175 = CARTESIAN_POINT ( 'NONE',  ( -18.99999999999999645, 12.00000000000000000, 2.000000000000000000 ) ) ;
#3176 = DIRECTION ( 'NONE',  ( 0.000000000000000000, -1.000000000000000000, 0.000000000000000000 ) ) ;
#3177 = ORIENTED_EDGE ( 'NONE', *, *, #3081, .T. ) ;
#3178 = ORIENTED_EDGE ( 'NONE', *, *, #1751, .F. ) ;
#3179 = DIRECTION ( 'NONE',  ( 0.000000000000000000, -1.000000000000000000, -3.491481338843133355E-15 ) ) ;
#3180 = DIRECTION ( 'NONE',  ( 0.000000000000000000, -0.000000000000000000, -1.000000000000000000 ) ) ;
#3181 = CYLINDRICAL_SURFACE ( 'NONE', #779, 2.999999999999999112 ) ;
#3182 = CARTESIAN_POINT ( 'NONE',  ( -2.740421402970181219, 16.00013642227375144, -1.883833275454117162 ) ) ;
#3183 = CARTESIAN_POINT ( 'NONE',  ( -2.499999999999998668, 12.00000000000000178, 0.000000000000000000 ) ) ;
#3184 = ORIENTED_EDGE ( 'NONE', *, *, #2241, .F. ) ;
#3185 = CARTESIAN_POINT ( 'NONE',  ( -20.76767866602686397, 13.42161869494765725, -0.5931080987004975213 ) ) ;
#3186 = CARTESIAN_POINT ( 'NONE',  ( -23.76464004823652942, 11.70951525743899246, 0.8944903329307696271 ) ) ;
#3187 = ORIENTED_EDGE ( 'NONE', *, *, #1371, .T. ) ;
#3188 = FACE_BOUND ( 'NONE', #1414, .T. ) ;
#3189 = DIRECTION ( 'NONE',  ( 0.000000000000000000, -1.000000000000000000, 0.000000000000000000 ) ) ;
#3190 = CARTESIAN_POINT ( 'NONE',  ( 20.99999999999999645, 14.00000000000000178, -1.999999999999986233 ) ) ;
#3191 = VERTEX_POINT ( 'NONE', #2721 ) ;
#3192 =( NAMED_UNIT ( * ) PLANE_ANGLE_UNIT ( ) SI_UNIT ( $, .RADIAN. ) );
#3193 = ORIENTED_EDGE ( 'NONE', *, *, #1653, .F. ) ;
#3194 = CARTESIAN_POINT ( 'NONE',  ( 2.616527212956242465, 16.00000000000000000, -1.977471842168092797 ) ) ;
#3195 = CARTESIAN_POINT ( 'NONE',  ( -23.00000000000003197, -4.999999999999999112, -0.9999999999999729106 ) ) ;
#3196 = AXIS2_PLACEMENT_3D ( 'NONE', #799, #2764, #293 ) ;
#3197 = DIRECTION ( 'NONE',  ( 0.000000000000000000, 1.000000000000000000, 0.000000000000000000 ) ) ;
#3198 = CARTESIAN_POINT ( 'NONE',  ( -2.500000000000002220, 16.00000000000000000, -2.000000000000000000 ) ) ;
#3199 = CARTESIAN_POINT ( 'NONE',  ( 24.30119639449235081, 11.96823401181841717, 0.2700369516824366878 ) ) ;
#3200 = VECTOR ( 'NONE', #1763, 1000.000000000000000 ) ;
#3201 = ORIENTED_EDGE ( 'NONE', *, *, #2257, .F. ) ;
#3202 = VECTOR ( 'NONE', #903, 1000.000000000000000 ) ;
#3203 = CYLINDRICAL_SURFACE ( 'NONE', #1061, 3.149999999999999911 ) ;
#3204 = ORIENTED_EDGE ( 'NONE', *, *, #285, .F. ) ;
#3205 = AXIS2_PLACEMENT_3D ( 'NONE', #2146, #1672, #2120 ) ;
#3206 = CARTESIAN_POINT ( 'NONE',  ( -23.00000000000003197, -4.999999999999999112, 2.000000000000027089 ) ) ;
#3207 = CARTESIAN_POINT ( 'NONE',  ( 21.21095908502854499, 10.04268631954890978, -3.049318610115479988E-17 ) ) ;
#3208 = VERTEX_POINT ( 'NONE', #1260 ) ;
#3209 = CARTESIAN_POINT ( 'NONE',  ( -20.44672469081080024, 13.29500697545320342, -0.4753005136449959256 ) ) ;
#3210 = EDGE_CURVE ( 'NONE', #1079, #2471, #1461, .T. ) ;
#3211 = EDGE_LOOP ( 'NONE', ( #119, #857, #156, #1544 ) ) ;
#3212 =( GEOMETRIC_REPRESENTATION_CONTEXT ( 3 ) GLOBAL_UNCERTAINTY_ASSIGNED_CONTEXT ( ( #1297 ) ) GLOBAL_UNIT_ASSIGNED_CONTEXT ( ( #3226, #980, #1211 ) ) REPRESENTATION_CONTEXT ( 'NONE', 'WORKASPACE' ) );
#3213 = DIRECTION ( 'NONE',  ( 1.000000000000000000, 0.000000000000000000, 0.000000000000000000 ) ) ;
#3214 = DIRECTION ( 'NONE',  ( 0.000000000000000000, -0.000000000000000000, -1.000000000000000000 ) ) ;
#3215 = EDGE_CURVE ( 'NONE', #289, #2111, #2483, .T. ) ;
#3216 = ADVANCED_FACE ( 'NONE', ( #1967 ), #1462, .F. ) ;
#3217 = ADVANCED_BREP_SHAPE_REPRESENTATION ( '202500521_Halteblech Lackierpistole_V1.0', ( #1400, #125 ), #3212 ) ;
#3218 = CARTESIAN_POINT ( 'NONE',  ( -20.99999999999999645, 12.00000000000000000, -2.000000000000000000 ) ) ;
#3219 = CARTESIAN_POINT ( 'NONE',  ( 21.78113342830690868, 10.09957388609654849, 1.934517459301287268 ) ) ;
#3220 = CARTESIAN_POINT ( 'NONE',  ( -23.00000000000000000, 12.00000000000000000, 2.000000000000000000 ) ) ;
#3221 = ORIENTED_EDGE ( 'NONE', *, *, #2521, .T. ) ;
#3222 = FACE_OUTER_BOUND ( 'NONE', #871, .T. ) ;
#3223 = CARTESIAN_POINT ( 'NONE',  ( -25.00000000000000000, -7.449999999999998401, -10.15000000000002700 ) ) ;
#3224 = ORIENTED_EDGE ( 'NONE', *, *, #1207, .F. ) ;
#3225 = DIRECTION ( 'NONE',  ( 0.000000000000000000, -3.491481338843133355E-15, -1.000000000000000000 ) ) ;
#3226 =( LENGTH_UNIT ( ) NAMED_UNIT ( * ) SI_UNIT ( .MILLI., .METRE. ) );
#3227 = ORIENTED_EDGE ( 'NONE', *, *, #2057, .T. ) ;
#3228 = ORIENTED_EDGE ( 'NONE', *, *, #2839, .T. ) ;
#3229 = CARTESIAN_POINT ( 'NONE',  ( -19.30926937034720581, 12.75613121725134391, -0.1481982908174701852 ) ) ;
#3230 = FACE_OUTER_BOUND ( 'NONE', #1525, .T. ) ;
#3231 = CYLINDRICAL_SURFACE ( 'NONE', #159, 1.000000000000001554 ) ;
#3232 = EDGE_CURVE ( 'NONE', #374, #2193, #327, .T. ) ;
#3233 = DIRECTION ( 'NONE',  ( 0.000000000000000000, 0.000000000000000000, -1.000000000000000000 ) ) ;
#3234 = ORIENTED_EDGE ( 'NONE', *, *, #2156, .F. ) ;
#3235 = B_SPLINE_CURVE_WITH_KNOTS ( 'NONE', 3,
 ( #1249, #2007, #2296, #2828 ),
 .UNSPECIFIED., .F., .F.,
 ( 4, 4 ),
 ( 0.000000000000000000, 1.000000000000000000 ),
 .UNSPECIFIED. ) ;
#3236 = CYLINDRICAL_SURFACE ( 'NONE', #724, 2.750000000000000000 ) ;
#3237 = CARTESIAN_POINT ( 'NONE',  ( -20.93464928004787851, 15.18808547764633055, 0.4204529390315755455 ) ) ;
#3238 = CARTESIAN_POINT ( 'NONE',  ( -20.96823401181814361, 15.30119639449135072, 0.2700369516840838147 ) ) ;
#3239 = CARTESIAN_POINT ( 'NONE',  ( 18.99999999999999645, 12.00000000000000000, 0.000000000000000000 ) ) ;
#3240 = CARTESIAN_POINT ( 'NONE',  ( -25.00000000000003197, 3.180326372624140686E-15, -1.999999999999998224 ) ) ;
#3241 = CARTESIAN_POINT ( 'NONE',  ( -2.750000000000001776, 6.999999999999997335, 0.000000000000000000 ) ) ;
#3242 = EDGE_LOOP ( 'NONE', ( #3127, #608, #1580, #2830 ) ) ;
#3243 = VERTEX_POINT ( 'NONE', #3190 ) ;
#3244 = CARTESIAN_POINT ( 'NONE',  ( -19.20620710641523843, 12.60806740105550361, -0.09319210388895528274 ) ) ;
#3245 = DIRECTION ( 'NONE',  ( 0.000000000000000000, 0.000000000000000000, -1.000000000000000000 ) ) ;
ENDSEC;
END-ISO-10303-21;
