  0
SECTION
  2
HEADER
  9
$ACADVER
  1
AC1015
  9
$ACADMAINTVER
 70
     6
  9
$DWGCODEPAGE
  3
ANSI_1252
  9
$INSBASE
 10
0.0
 20
0.0
 30
0.0
  9
$EXTMIN
 10
0.0
 20
0.0
 30
0.0
  9
$EXTMAX
 10
420.0
 20
297.0
 30
0.0
  9
$LIMMIN
 10
0.0
 20
0.0
  9
$LIMMAX
 10
420.0
 20
297.0
  9
$ORTHOMODE
 70
     0
  9
$REGENMODE
 70
     1
  9
$FILLMODE
 70
     1
  9
$QTEXTMODE
 70
     0
  9
$MIRRTEXT
 70
     1
  9
$LTSCALE
 40
1.0
  9
$ATTMODE
 70
     1
  9
$TEXTSIZE
 40
3.5
  9
$TRACEWID
 40
1.0
  9
$TEXTSTYLE
  7
Standard
  9
$CLAYER
  8
0
  9
$CELTYPE
  6
ByLayer
  9
$CECOLOR
 62
   256
  9
$CELTSCALE
 40
1.0
  9
$DISPSILH
 70
     0
  9
$DIMSCALE
 40
1.0
  9
$DIMASZ
 40
3.556
  9
$DIMEXO
 40
1.0
  9
$DIMDLI
 40
3.75
  9
$DIMRND
 40
0.0
  9
$DIMDLE
 40
0.0
  9
$DIMEXE
 40
1.0
  9
$DIMTP
 40
0.0
  9
$DIMTM
 40
0.0
  9
$DIMTXT
 40
3.5
  9
$DIMCEN
 40
2.5
  9
$DIMTSZ
 40
0.0
  9
$DIMTOL
 70
     0
  9
$DIMLIM
 70
     0
  9
$DIMTIH
 70
     1
  9
$DIMTOH
 70
     1
  9
$DIMSE1
 70
     0
  9
$DIMSE2
 70
     0
  9
$DIMTAD
 70
     1
  9
$DIMZIN
 70
     0
  9
$DIMBLK
  1

  9
$DIMASO
 70
     1
  9
$DIMSHO
 70
     1
  9
$DIMPOST
  1

  9
$DIMAPOST
  1

  9
$DIMALT
 70
     0
  9
$DIMALTD
 70
     3
  9
$DIMALTF
 40
0.0393700787
  9
$DIMLFAC
 40
0.5
  9
$DIMTOFL
 70
     1
  9
$DIMTVP
 40
0.0
  9
$DIMTIX
 70
     0
  9
$DIMSOXD
 70
     0
  9
$DIMSAH
 70
     0
  9
$DIMBLK1
  1

  9
$DIMBLK2
  1

  9
$DIMSTYLE
  2
ISO-25
  9
$DIMCLRD
 70
     0
  9
$DIMCLRE
 70
     0
  9
$DIMCLRT
 70
     0
  9
$DIMTFAC
 40
1.0
  9
$DIMGAP
 40
1.524
  9
$DIMJUST
 70
     0
  9
$DIMSD1
 70
     0
  9
$DIMSD2
 70
     0
  9
$DIMTOLJ
 70
     0
  9
$DIMTZIN
 70
     0
  9
$DIMALTZ
 70
     0
  9
$DIMALTTZ
 70
     0
  9
$DIMUPT
 70
     0
  9
$DIMDEC
 70
     2
  9
$DIMTDEC
 70
     3
  9
$DIMALTU
 70
     2
  9
$DIMALTTD
 70
     3
  9
$DIMTXSTY
  7
Standard
  9
$DIMAUNIT
 70
     0
  9
$DIMADEC
 70
     2
  9
$DIMALTRND
 40
0.0
  9
$DIMAZIN
 70
     0
  9
$DIMDSEP
 70
    44
  9
$DIMATFIT
 70
     3
  9
$DIMFRAC
 70
     0
  9
$DIMLDRBLK
  1

  9
$DIMLUNIT
 70
     2
  9
$DIMLWD
 70
    -2
  9
$DIMLWE
 70
    -2
  9
$DIMTMOVE
 70
     0
  9
$LUNITS
 70
     2
  9
$LUPREC
 70
     2
  9
$SKETCHINC
 40
1.0
  9
$FILLETRAD
 40
10.0
  9
$AUNITS
 70
     0
  9
$AUPREC
 70
     2
  9
$MENU
  1
.
  9
$ELEVATION
 40
0.0
  9
$PELEVATION
 40
0.0
  9
$THICKNESS
 40
0.0
  9
$LIMCHECK
 70
     0
  9
$CHAMFERA
 40
0.0
  9
$CHAMFERB
 40
0.0
  9
$CHAMFERC
 40
0.0
  9
$CHAMFERD
 40
0.0
  9
$SKPOLY
 70
     0
  9
$TDCREATE
 40
2460502.465547211
  9
$TDUCREATE
 40
2460502.382213878
  9
$TDUPDATE
 40
2460502.465550474
  9
$TDUUPDATE
 40
2460502.382217141
  9
$TDINDWG
 40
0.0000000116
  9
$TDUSRTIMER
 40
0.0000000116
  9
$USRTIMER
 70
     1
  9
$ANGBASE
 50
0.0
  9
$ANGDIR
 70
     0
  9
$PDMODE
 70
     0
  9
$PDSIZE
 40
-1.0
  9
$PLINEWID
 40
0.0
  9
$SPLFRAME
 70
     0
  9
$SPLINETYPE
 70
     6
  9
$SPLINESEGS
 70
     8
  9
$HANDSEED
  5
1CE
  9
$SURFTAB1
 70
     6
  9
$SURFTAB2
 70
     6
  9
$SURFTYPE
 70
     6
  9
$SURFU
 70
     6
  9
$SURFV
 70
     6
  9
$UCSBASE
  2

  9
$UCSNAME
  2

  9
$UCSORG
 10
0.0
 20
0.0
 30
0.0
  9
$UCSXDIR
 10
1.0
 20
0.0
 30
0.0
  9
$UCSYDIR
 10
0.0
 20
1.0
 30
0.0
  9
$UCSORTHOREF
  2

  9
$UCSORTHOVIEW
 70
     0
  9
$UCSORGTOP
 10
0.0
 20
0.0
 30
0.0
  9
$UCSORGBOTTOM
 10
0.0
 20
0.0
 30
0.0
  9
$UCSORGLEFT
 10
0.0
 20
0.0
 30
0.0
  9
$UCSORGRIGHT
 10
0.0
 20
0.0
 30
0.0
  9
$UCSORGFRONT
 10
0.0
 20
0.0
 30
0.0
  9
$UCSORGBACK
 10
0.0
 20
0.0
 30
0.0
  9
$PUCSBASE
  2

  9
$PUCSNAME
  2

  9
$PUCSORG
 10
0.0
 20
0.0
 30
0.0
  9
$PUCSXDIR
 10
1.0
 20
0.0
 30
0.0
  9
$PUCSYDIR
 10
0.0
 20
1.0
 30
0.0
  9
$PUCSORTHOREF
  2

  9
$PUCSORTHOVIEW
 70
     0
  9
$PUCSORGTOP
 10
0.0
 20
0.0
 30
0.0
  9
$PUCSORGBOTTOM
 10
0.0
 20
0.0
 30
0.0
  9
$PUCSORGLEFT
 10
0.0
 20
0.0
 30
0.0
  9
$PUCSORGRIGHT
 10
0.0
 20
0.0
 30
0.0
  9
$PUCSORGFRONT
 10
0.0
 20
0.0
 30
0.0
  9
$PUCSORGBACK
 10
0.0
 20
0.0
 30
0.0
  9
$USERI1
 70
     0
  9
$USERI2
 70
     0
  9
$USERI3
 70
     0
  9
$USERI4
 70
     0
  9
$USERI5
 70
     0
  9
$USERR1
 40
0.0
  9
$USERR2
 40
0.0
  9
$USERR3
 40
0.0
  9
$USERR4
 40
0.0
  9
$USERR5
 40
0.0
  9
$WORLDVIEW
 70
     1
  9
$SHADEDGE
 70
     3
  9
$SHADEDIF
 70
    70
  9
$TILEMODE
 70
     1
  9
$MAXACTVP
 70
    64
  9
$PINSBASE
 10
0.0
 20
0.0
 30
0.0
  9
$PLIMCHECK
 70
     0
  9
$PEXTMIN
 10
1.0000000000E+20
 20
1.0000000000E+20
 30
1.0000000000E+20
  9
$PEXTMAX
 10
-1.0000000000E+20
 20
-1.0000000000E+20
 30
-1.0000000000E+20
  9
$PLIMMIN
 10
0.0
 20
0.0
  9
$PLIMMAX
 10
420.0
 20
297.0
  9
$UNITMODE
 70
     0
  9
$VISRETAIN
 70
     1
  9
$PLINEGEN
 70
     0
  9
$PSLTSCALE
 70
     1
  9
$TREEDEPTH
 70
  3020
  9
$CMLSTYLE
  2
Standard
  9
$CMLJUST
 70
     0
  9
$CMLSCALE
 40
20.0
  9
$PROXYGRAPHICS
 70
     1
  9
$MEASUREMENT
 70
     1
  9
$CELWEIGHT
370
    -1
  9
$ENDCAPS
280
     0
  9
$JOINSTYLE
280
     0
  9
$LWDISPLAY
290
     1
  9
$INSUNITS
 70
     4
  9
$HYPERLINKBASE
  1

  9
$STYLESHEET
  1

  9
$XEDIT
290
     1
  9
$CEPSNTYPE
380
     0
  9
$PSTYLEMODE
290
     1
  9
$FINGERPRINTGUID
  2
{33d8988e-ddf3-490a-9a24-06d31eb9f36d}
  9
$VERSIONGUID
  2
{FAEB1C32-E019-11D5-929B-00C0DF256EC4}
  9
$EXTNAMES
290
     1
  9
$PSVPSCALE
 40
0.0
  9
$OLESTARTUP
290
     0
  0
ENDSEC
  0
SECTION
  2
CLASSES
  0
CLASS
  1
ACDBDICTIONARYWDFLT
  2
AcDbDictionaryWithDefault
  3
ObjectDBX Classes
 90
        0
280
     0
281
     0
  0
CLASS
  1
VISUALSTYLE
  2
AcDbVisualStyle
  3
ObjectDBX Classes
 90
     4095
280
     0
281
     0
  0
CLASS
  1
MATERIAL
  2
AcDbMaterial
  3
ObjectDBX Classes
 90
     1153
280
     0
281
     0
  0
CLASS
  1
SCALE
  2
AcDbScale
  3
ObjectDBX Classes
 90
     1153
280
     0
281
     0
  0
CLASS
  1
TABLESTYLE
  2
AcDbTableStyle
  3
ObjectDBX Classes
 90
     4095
280
     0
281
     0
  0
CLASS
  1
MLEADERSTYLE
  2
AcDbMLeaderStyle
  3
ACDB_MLEADERSTYLE_CLASS
 90
     4095
280
     0
281
     0
  0
CLASS
  1
SUN
  2
AcDbSun
  3
SCENEOE
 90
     1153
280
     0
281
     0
  0
CLASS
  1
ACDBPLACEHOLDER
  2
AcDbPlaceHolder
  3
ObjectDBX Classes
 90
        0
280
     0
281
     0
  0
CLASS
  1
LAYOUT
  2
AcDbLayout
  3
ObjectDBX Classes
 90
        0
280
     0
281
     0
  0
ENDSEC
  0
SECTION
  2
TABLES
  0
TABLE
  2
VPORT
  5
8
330
0
100
AcDbSymbolTable
 70
     1
  0
VPORT
  5
29
330
8
100
AcDbSymbolTableRecord
100
AcDbViewportTableRecord
  2
*Active
 70
     0
 10
0.0
 20
0.0
 11
1.0
 21
1.0
 12
210.0
 22
148.5
 13
0.0
 23
0.0
 14
10.0
 24
10.0
 15
10.0
 25
10.0
 16
0.0
 26
0.0
 36
1.0
 17
0.0
 27
0.0
 37
0.0
 40
297.0
 41
1.4141414141
 42
50.0
 43
0.0
 44
0.0
 50
0.0
 51
0.0
 71
     0
 72
  2000
 73
     1
 74
     3
 75
     0
 76
     0
 77
     0
 78
     0
281
     0
 65
     1
110
0.0
120
0.0
130
0.0
111
1.0
121
0.0
131
0.0
112
0.0
122
1.0
132
0.0
 79
     0
146
0.0
  0
ENDTAB
  0
TABLE
  2
LTYPE
  5
5
330
0
100
AcDbSymbolTable
 70
     6
  0
LTYPE
  5
14
330
5
100
AcDbSymbolTableRecord
100
AcDbLinetypeTableRecord
  2
ByBlock
 70
     0
  3

 72
    65
 73
     0
 40
0.0
  0
LTYPE
  5
15
330
5
100
AcDbSymbolTableRecord
100
AcDbLinetypeTableRecord
  2
ByLayer
 70
     0
  3

 72
    65
 73
     0
 40
0.0
  0
LTYPE
  5
16
330
5
100
AcDbSymbolTableRecord
100
AcDbLinetypeTableRecord
  2
Continuous
 70
     0
  3
Solid line
 72
    65
 73
     0
 40
0.0
  0
LTYPE
  5
6E
330
5
100
AcDbSymbolTableRecord
100
AcDbLinetypeTableRecord
  2
HIDDEN
 70
     0
  3
Hidden __ __ __ __ __ __ __ __ __ __ __ __ __ __
 72
    65
 73
     2
 40
1.905
 49
1.27
 74
     0
 49
-0.635
 74
     0
  0
LTYPE
  5
6F
330
5
100
AcDbSymbolTableRecord
100
AcDbLinetypeTableRecord
  2
PHANTOM
 70
     0
  3
Phantom ______  __  __  ______  __  __  ______
 72
    65
 73
     6
 40
12.7
 49
6.35
 74
     0
 49
-1.27
 74
     0
 49
1.27
 74
     0
 49
-1.27
 74
     0
 49
1.27
 74
     0
 49
-1.27
 74
     0
  0
LTYPE
  5
70
330
5
100
AcDbSymbolTableRecord
100
AcDbLinetypeTableRecord
  2
CENTER
 70
     0
  3
Center ____ _ ____ _ ____ _ ____ _ ____ _ ____
 72
    65
 73
     4
 40
10.16
 49
6.35
 74
     0
 49
-1.27
 74
     0
 49
1.27
 74
     0
 49
-1.27
 74
     0
  0
LTYPE
  5
71
330
5
100
AcDbSymbolTableRecord
100
AcDbLinetypeTableRecord
  2
CENTERX2
 70
     0
  3
Center (2x) ________  __  ________  __  _____
 72
    65
 73
     4
 40
20.32
 49
12.7
 74
     0
 49
-2.54
 74
     0
 49
2.54
 74
     0
 49
-2.54
 74
     0
  0
LTYPE
  5
72
330
5
100
AcDbSymbolTableRecord
100
AcDbLinetypeTableRecord
  2
DOT2
 70
     0
  3
Dot (.5x) ........................................
 72
    65
 73
     2
 40
0.635
 49
0.0
 74
     0
 49
-0.635
 74
     0
  0
ENDTAB
  0
TABLE
  2
LAYER
  5
2
330
0
100
AcDbSymbolTable
 70
     2
  0
LAYER
  5
10
330
2
100
AcDbSymbolTableRecord
100
AcDbLayerTableRecord
  2
0
 70
     0
 62
     7
  6
Continuous
370
    -3
390
F
  0
LAYER
  5
73
330
2
100
AcDbSymbolTableRecord
100
AcDbLayerTableRecord
  2
FORMAT
 70
     0
 62
     7
  6
Continuous
370
    -3
390
F
  0
ENDTAB
  0
TABLE
  2
STYLE
  5
3
330
0
100
AcDbSymbolTable
 70
     6
  0
STYLE
  5
11
330
3
100
AcDbSymbolTableRecord
100
AcDbTextStyleTableRecord
  2
Standard
 70
     0
 40
0.0
 41
1.0
 50
0.0
 71
     0
 42
3.5
  3
txt
  4

  0
STYLE
  5
90
330
3
100
AcDbSymbolTableRecord
100
AcDbTextStyleTableRecord
  2
SLDTEXTSTYLE0
 70
     0
 40
0.0
 41
0.605
 50
0.0
 71
     0
 42
3.5
  3
TXT
  4

  0
STYLE
  5
D4
330
3
100
AcDbSymbolTableRecord
100
AcDbTextStyleTableRecord
  2
SLDTEXTSTYLE1
 70
     0
 40
0.0
 41
0.75
 50
0.0
 71
     0
 42
3.5
  3
TXT
  4

  0
STYLE
  5
E1
330
3
100
AcDbSymbolTableRecord
100
AcDbTextStyleTableRecord
  2
SLDTEXTSTYLE2
 70
     0
 40
0.0
 41
0.6785714286
 50
0.0
 71
     0
 42
3.5
  3
TXT
  4

  0
STYLE
  5
FD
330
3
100
AcDbSymbolTableRecord
100
AcDbTextStyleTableRecord
  2
SLDTEXTSTYLE3
 70
     0
 40
0.0
 41
0.6923076923
 50
0.0
 71
     0
 42
3.5
  3
TXT
  4

  0
STYLE
  5
155
330
3
100
AcDbSymbolTableRecord
100
AcDbTextStyleTableRecord
  2
SLDTEXTSTYLE4
 70
     0
 40
0.0
 41
0.675
 50
0.0
 71
     0
 42
3.5
  3
TXT
  4

  0
ENDTAB
  0
TABLE
  2
VIEW
  5
6
330
0
100
AcDbSymbolTable
 70
     0
  0
ENDTAB
  0
TABLE
  2
UCS
  5
7
330
0
100
AcDbSymbolTable
 70
     0
  0
ENDTAB
  0
TABLE
  2
APPID
  5
9
330
0
100
AcDbSymbolTable
 70
     1
  0
APPID
  5
12
330
9
100
AcDbSymbolTableRecord
100
AcDbRegAppTableRecord
  2
ACAD
 70
     0
  0
ENDTAB
  0
TABLE
  2
DIMSTYLE
  5
A
330
0
100
AcDbSymbolTable
 70
     5
100
AcDbDimStyleTable
  0
DIMSTYLE
105
27
330
A
100
AcDbSymbolTableRecord
100
AcDbDimStyleTableRecord
  2
ISO-25
 70
     0
 41
2.5
 42
0.625
 43
3.75
 44
1.25
 73
     0
 74
     0
 77
     1
 78
     8
140
2.5
141
2.5
143
0.0393700787
147
0.625
171
     3
172
     1
178
     0
271
     2
272
     2
274
     3
278
    44
283
     0
284
     8
340
11
  0
DIMSTYLE
105
132
102
{ACAD_REACTORS
330
131
330
16B
102
}
330
A
100
AcDbSymbolTableRecord
100
AcDbDimStyleTableRecord
  2
SLDDIMSTYLE0
 70
     0
 41
3.556
 44
0.0
 45
0.000000001
 73
     0
 74
     0
 77
     1
 78
    12
 79
     3
140
3.5
144
0.5
147
0.875
172
     1
173
     1
178
     0
271
     2
272
     3
276
     2
284
    12
289
     0
340
D4
  0
DIMSTYLE
105
13D
102
{ACAD_REACTORS
330
13C
330
147
330
182
330
18C
102
}
330
A
100
AcDbSymbolTableRecord
100
AcDbDimStyleTableRecord
  2
SLDDIMSTYLE1
 70
     0
 41
3.556
 44
0.0
 45
0.000000001
 73
     0
 74
     0
 77
     1
 78
    12
 79
     3
140
3.5
144
0.5
147
0.875
173
     1
178
     0
271
     2
272
     3
276
     2
284
    12
340
D4
  0
DIMSTYLE
105
158
330
A
100
AcDbSymbolTableRecord
100
AcDbDimStyleTableRecord
  2
SLDDIMSTYLE2
 70
     0
 41
3.556
 44
0.0
 45
0.000000001
146
3.556
147
0.0
173
     1
178
     0
271
     0
272
     0
276
     2
340
11
  0
DIMSTYLE
105
178
102
{ACAD_REACTORS
330
177
102
}
330
A
100
AcDbSymbolTableRecord
100
AcDbDimStyleTableRecord
  2
SLDDIMSTYLE3
 70
     0
 41
3.556
 44
0.0
 73
     0
 74
     0
 77
     1
 78
    12
 79
     3
140
3.5
144
0.5
147
0.875
173
     1
178
     0
179
     2
272
     3
276
     2
284
    12
340
D4
  0
ENDTAB
  0
TABLE
  2
BLOCK_RECORD
  5
1
330
0
100
AcDbSymbolTable
 70
    17
  0
BLOCK_RECORD
  5
1F
330
1
100
AcDbSymbolTableRecord
100
AcDbBlockTableRecord
  2
*Model_Space
340
22
  0
BLOCK_RECORD
  5
1B
330
1
100
AcDbSymbolTableRecord
100
AcDbBlockTableRecord
  2
*Paper_Space
340
1E
  0
BLOCK_RECORD
  5
23
330
1
100
AcDbSymbolTableRecord
100
AcDbBlockTableRecord
  2
*Paper_Space0
340
26
  0
BLOCK_RECORD
  5
74
330
1
100
AcDbSymbolTableRecord
100
AcDbBlockTableRecord
  2
Block3
340
0
102
{BLKREFS
331
D3
102
}
  0
BLOCK_RECORD
  5
8D
330
1
100
AcDbSymbolTableRecord
100
AcDbBlockTableRecord
  2
SW_NOTE_0
340
0
102
{BLKREFS
331
92
102
}
  0
BLOCK_RECORD
  5
93
330
1
100
AcDbSymbolTableRecord
100
AcDbBlockTableRecord
  2
SW_NOTE_0_1
340
0
102
{BLKREFS
331
97
102
}
  0
BLOCK_RECORD
  5
98
330
1
100
AcDbSymbolTableRecord
100
AcDbBlockTableRecord
  2
SW_NOTE_0_2
340
0
102
{BLKREFS
331
9C
102
}
  0
BLOCK_RECORD
  5
9D
330
1
100
AcDbSymbolTableRecord
100
AcDbBlockTableRecord
  2
SW_NOTE_0_3
340
0
102
{BLKREFS
331
A1
102
}
  0
BLOCK_RECORD
  5
D6
330
1
100
AcDbSymbolTableRecord
100
AcDbBlockTableRecord
  2
SW_NOTE_0_4
340
0
102
{BLKREFS
331
E4
102
}
  0
BLOCK_RECORD
  5
10C
330
1
100
AcDbSymbolTableRecord
100
AcDbBlockTableRecord
  2
SW_NOTE_0_5
340
0
102
{BLKREFS
331
111
102
}
  0
BLOCK_RECORD
  5
112
330
1
100
AcDbSymbolTableRecord
100
AcDbBlockTableRecord
  2
SW_NOTE_0_6
340
0
102
{BLKREFS
331
117
102
}
  0
BLOCK_RECORD
  5
133
330
1
100
AcDbSymbolTableRecord
100
AcDbBlockTableRecord
  2
_D
340
0
  0
BLOCK_RECORD
  5
13E
330
1
100
AcDbSymbolTableRecord
100
AcDbBlockTableRecord
  2
_D_1
340
0
  0
BLOCK_RECORD
  5
148
330
1
100
AcDbSymbolTableRecord
100
AcDbBlockTableRecord
  2
_D_2
340
0
  0
BLOCK_RECORD
  5
151
330
1
100
AcDbSymbolTableRecord
100
AcDbBlockTableRecord
  2
SW_NOTE_0_7
340
0
102
{BLKREFS
331
157
102
}
  0
BLOCK_RECORD
  5
16C
330
1
100
AcDbSymbolTableRecord
100
AcDbBlockTableRecord
  2
_D_3
340
0
  0
BLOCK_RECORD
  5
179
330
1
100
AcDbSymbolTableRecord
100
AcDbBlockTableRecord
  2
_D_4
340
0
  0
BLOCK_RECORD
  5
183
330
1
100
AcDbSymbolTableRecord
100
AcDbBlockTableRecord
  2
_D_5
340
0
  0
BLOCK_RECORD
  5
18D
330
1
100
AcDbSymbolTableRecord
100
AcDbBlockTableRecord
  2
_D_6
340
0
  0
ENDTAB
  0
ENDSEC
  0
SECTION
  2
BLOCKS
  0
BLOCK
  5
20
330
1F
100
AcDbEntity
  8
0
100
AcDbBlockBegin
  2
*Model_Space
 70
     0
 10
0.0
 20
0.0
 30
0.0
  3
*Model_Space
  1

  0
ENDBLK
  5
21
330
1F
100
AcDbEntity
  8
0
100
AcDbBlockEnd
  0
BLOCK
  5
1C
330
1B
100
AcDbEntity
 67
     1
  8
0
100
AcDbBlockBegin
  2
*Paper_Space
 70
     0
 10
0.0
 20
0.0
 30
0.0
  3
*Paper_Space
  1

  0
ENDBLK
  5
1D
330
1B
100
AcDbEntity
 67
     1
  8
0
100
AcDbBlockEnd
  0
BLOCK
  5
24
330
23
100
AcDbEntity
  8
0
100
AcDbBlockBegin
  2
*Paper_Space0
 70
     0
 10
0.0
 20
0.0
 30
0.0
  3
*Paper_Space0
  1

  0
ENDBLK
  5
25
330
23
100
AcDbEntity
  8
0
100
AcDbBlockEnd
  0
BLOCK
  5
75
330
74
100
AcDbEntity
  8
0
100
AcDbBlockBegin
  2
Block3
 70
     0
 10
0.0
 20
0.0
 30
0.0
  3
Block3
  1

  0
LINE
  5
77
330
74
100
AcDbEntity
  8
0
  6
Continuous
 62
     7
370
    35
100
AcDbLine
 10
730.4489525308
 20
277.7979209637
 30
0.0
 11
735.4489525308
 21
277.7979209637
 31
0.0
  0
LINE
  5
78
330
74
100
AcDbEntity
  8
0
  6
Continuous
 62
     7
370
    35
100
AcDbLine
 10
735.4489525308
 20
277.7979209637
 30
0.0
 11
735.4489525308
 21
272.7979209637
 31
0.0
  0
LINE
  5
79
330
74
100
AcDbEntity
  8
0
  6
Continuous
 62
     7
370
    18
100
AcDbLine
 10
739.4489525308
 20
281.7979209637
 30
0.0
 11
744.9489525308
 21
281.7979209637
 31
0.0
  0
LINE
  5
7A
330
74
100
AcDbEntity
  8
0
  6
Continuous
 62
     7
370
    18
100
AcDbLine
 10
735.4489525308
 20
277.7979209637
 30
0.0
 11
739.4489525308
 21
281.7979209637
 31
0.0
  0
LINE
  5
7B
330
74
100
AcDbEntity
  8
0
  6
Continuous
 62
     7
370
    18
100
AcDbLine
 10
735.4489525308
 20
277.7979209637
 30
0.0
 11
737.2167194837
 21
280.2727946979
 31
0.0
  0
LINE
  5
7C
330
74
100
AcDbEntity
  8
0
  6
Continuous
 62
     7
370
    18
100
AcDbLine
 10
737.2167194837
 20
280.2727946979
 30
0.0
 11
737.9238262649
 21
279.5656879167
 31
0.0
  0
LINE
  5
7D
330
74
100
AcDbEntity
  8
0
  6
Continuous
 62
     7
370
    18
100
AcDbLine
 10
735.4489525308
 20
277.7979209637
 30
0.0
 11
737.9238262649
 21
279.5656879167
 31
0.0
  0
LINE
  5
7E
330
74
100
AcDbEntity
  8
0
  6
Continuous
 62
     7
370
    35
100
AcDbLine
 10
739.9489525308
 20
287.2979209637
 30
0.0
 11
739.9489525308
 21
282.2979209637
 31
0.0
  0
LINE
  5
7F
330
74
100
AcDbEntity
  8
0
  6
Continuous
 62
     7
370
    35
100
AcDbLine
 10
739.9489525308
 20
282.2979209637
 30
0.0
 11
744.9489525308
 21
282.2979209637
 31
0.0
  0
LINE
  5
80
330
74
100
AcDbEntity
  8
0
  6
Continuous
 62
     7
370
    35
100
AcDbLine
 10
759.5235710206
 20
277.7103220072
 30
0.0
 11
755.1618289315
 21
277.7103220072
 31
0.0
  0
LINE
  5
81
330
74
100
AcDbEntity
  8
0
  6
Continuous
 62
     7
370
    35
100
AcDbLine
 10
755.1618289315
 20
277.7103220072
 30
0.0
 11
755.1618289315
 21
282.2979209637
 31
0.0
  0
LINE
  5
82
330
74
100
AcDbEntity
  8
0
  6
Continuous
 62
     7
370
    18
100
AcDbLine
 10
759.0235710206
 20
281.7979209637
 30
0.0
 11
763.8853131096
 21
281.7979209637
 31
0.0
  0
LINE
  5
83
330
74
100
AcDbEntity
  8
0
  6
Continuous
 62
     7
370
    18
100
AcDbLine
 10
755.1618289315
 20
277.7103220072
 30
0.0
 11
759.0235710206
 21
281.7979209637
 31
0.0
  0
LINE
  5
84
330
74
100
AcDbEntity
  8
0
  6
Continuous
 62
     7
370
    18
100
AcDbLine
 10
755.1618289315
 20
277.7103220072
 30
0.0
 11
756.7811623707
 21
280.2621650778
 31
0.0
  0
LINE
  5
85
330
74
100
AcDbEntity
  8
0
  6
Continuous
 62
     7
370
    18
100
AcDbLine
 10
756.7811623707
 20
280.2621650778
 30
0.0
 11
757.6176125494
 21
279.4719322553
 31
0.0
  0
LINE
  5
86
330
74
100
AcDbEntity
  8
0
  6
Continuous
 62
     7
370
    18
100
AcDbLine
 10
755.1618289315
 20
277.7103220072
 30
0.0
 11
757.6176125494
 21
279.4719322553
 31
0.0
  0
LINE
  5
87
330
74
100
AcDbEntity
  8
0
  6
Continuous
 62
     7
370
    35
100
AcDbLine
 10
759.5235710206
 20
286.6596630528
 30
0.0
 11
759.5235710206
 21
282.2979209637
 31
0.0
  0
LINE
  5
88
330
74
100
AcDbEntity
  8
0
  6
Continuous
 62
     7
370
    35
100
AcDbLine
 10
759.5235710206
 20
282.2979209637
 30
0.0
 11
763.8853131096
 21
282.2979209637
 31
0.0
  0
POINT
  5
89
330
74
100
AcDbEntity
  8
0
  6
Continuous
 62
     7
370
     0
100
AcDbPoint
 10
737.5702728743
 20
279.9192413073
 30
0.0
  0
POINT
  5
8A
330
74
100
AcDbEntity
  8
0
  6
Continuous
 62
     7
370
     0
100
AcDbPoint
 10
757.19938746
 20
279.8670486665
 30
0.0
  0
HATCH
  5
8B
330
74
100
AcDbEntity
  8
0
  6
Continuous
 62
     7
100
AcDbHatch
 10
0.0
 20
0.0
 30
0.0
210
0.0
220
0.0
230
1.0
  2
SOLID
 70
     1
 71
     0
 91
        1
 92
        0
 93
        3
 72
     1
 10
735.4489525307716
 20
277.797920963722
 11
737.9238262649246
 21
279.5656879166883
 72
     1
 10
737.9238262649246
 20
279.5656879166883
 11
737.216719483738
 21
280.2727946978749
 72
     1
 10
737.216719483738
 20
280.2727946978749
 11
735.4489525307716
 21
277.797920963722
 97
        0
 75
     0
 76
     1
 98
        1
 10
0.0
 20
0.0
  0
HATCH
  5
8C
330
74
100
AcDbEntity
  8
0
  6
Continuous
 62
     7
100
AcDbHatch
 10
0.0
 20
0.0
 30
0.0
210
0.0
220
0.0
230
1.0
  2
SOLID
 70
     1
 71
     0
 91
        1
 92
        0
 93
        3
 72
     1
 10
755.1618289315309
 20
277.7103220071625
 11
757.6176125493828
 21
279.4719322553256
 72
     1
 10
757.6176125493828
 20
279.4719322553256
 11
756.7811623707071
 21
280.2621650777507
 72
     1
 10
756.7811623707071
 20
280.2621650777507
 11
755.1618289315309
 21
277.7103220071625
 97
        0
 75
     0
 76
     1
 98
        1
 10
0.0
 20
0.0
  0
INSERT
  5
92
330
74
100
AcDbEntity
  8
0
  6
Continuous
 62
     7
370
     0
100
AcDbBlockReference
  2
SW_NOTE_0
 10
760.5235710206
 20
283.30040868
 30
0.0
  0
INSERT
  5
97
330
74
100
AcDbEntity
  8
0
  6
Continuous
 62
     7
370
     0
100
AcDbBlockReference
  2
SW_NOTE_0_1
 10
760.5235710206
 20
288.30040868
 30
0.0
  0
INSERT
  5
9C
330
74
100
AcDbEntity
  8
0
  6
Continuous
 62
     7
370
     0
100
AcDbBlockReference
  2
SW_NOTE_0_2
 10
740.9489525308
 20
288.2794625216
 30
0.0
  0
INSERT
  5
A1
330
74
100
AcDbEntity
  8
0
  6
Continuous
 62
     7
370
     0
100
AcDbBlockReference
  2
SW_NOTE_0_3
 10
740.9489525308
 20
283.2794625216
 30
0.0
  0
ENDBLK
  5
76
330
74
100
AcDbEntity
  8
0
100
AcDbBlockEnd
  0
BLOCK
  5
8E
330
8D
100
AcDbEntity
  8
0
100
AcDbBlockBegin
  2
SW_NOTE_0
 70
     0
 10
0.0
 20
0.0
 30
0.0
  3
SW_NOTE_0
  1

  0
MTEXT
  5
91
330
8D
100
AcDbEntity
  8
0
  6
Continuous
 62
     0
370
     0
100
AcDbMText
 10
0.0
 20
4.5117370892
 30
0.0
 40
3.5
 41
0.0
 71
     1
 72
     1
  1
+ 0,5
  7
SLDTEXTSTYLE0
 73
     1
 44
1.0
  0
ENDBLK
  5
8F
330
8D
100
AcDbEntity
  8
0
100
AcDbBlockEnd
  0
BLOCK
  5
94
330
93
100
AcDbEntity
  8
0
100
AcDbBlockBegin
  2
SW_NOTE_0_1
 70
     0
 10
0.0
 20
0.0
 30
0.0
  3
SW_NOTE_0_1
  1

  0
MTEXT
  5
96
330
93
100
AcDbEntity
  8
0
  6
Continuous
 62
     0
370
     0
100
AcDbMText
 10
0.0
 20
4.5117370892
 30
0.0
 40
3.5
 41
0.0
 71
     1
 72
     1
  1
+ 0,2
  7
SLDTEXTSTYLE0
 73
     1
 44
1.0
  0
ENDBLK
  5
95
330
93
100
AcDbEntity
  8
0
100
AcDbBlockEnd
  0
BLOCK
  5
99
330
98
100
AcDbEntity
  8
0
100
AcDbBlockBegin
  2
SW_NOTE_0_2
 70
     0
 10
0.0
 20
0.0
 30
0.0
  3
SW_NOTE_0_2
  1

  0
MTEXT
  5
9B
330
98
100
AcDbEntity
  8
0
  6
Continuous
 62
     0
370
     0
100
AcDbMText
 10
0.0
 20
4.5117370892
 30
0.0
 40
3.5
 41
0.0
 71
     1
 72
     1
  1
- 0,2
  7
SLDTEXTSTYLE0
 73
     1
 44
1.0
  0
ENDBLK
  5
9A
330
98
100
AcDbEntity
  8
0
100
AcDbBlockEnd
  0
BLOCK
  5
9E
330
9D
100
AcDbEntity
  8
0
100
AcDbBlockBegin
  2
SW_NOTE_0_3
 70
     0
 10
0.0
 20
0.0
 30
0.0
  3
SW_NOTE_0_3
  1

  0
MTEXT
  5
A0
330
9D
100
AcDbEntity
  8
0
  6
Continuous
 62
     0
370
     0
100
AcDbMText
 10
0.0
 20
4.5117370892
 30
0.0
 40
3.5
 41
0.0
 71
     1
 72
     1
  1
- 0,5
  7
SLDTEXTSTYLE0
 73
     1
 44
1.0
  0
ENDBLK
  5
9F
330
9D
100
AcDbEntity
  8
0
100
AcDbBlockEnd
  0
BLOCK
  5
D7
330
D6
100
AcDbEntity
  8
0
100
AcDbBlockBegin
  2
SW_NOTE_0_4
 70
     0
 10
0.0
 20
0.0
 30
0.0
  3
SW_NOTE_0_4
  1

  0
CIRCLE
  5
D9
330
D6
100
AcDbEntity
  8
0
  6
Continuous
 62
     0
370
     0
100
AcDbCircle
 10
-4.8120650448
 20
4.5155556028
 30
0.0
 40
1.322916666666674
  0
LINE
  5
DA
330
D6
100
AcDbEntity
  8
0
  6
Continuous
 62
     0
370
     0
100
AcDbLine
 10
-4.8120650448
 20
1.8697222695
 30
0.0
 11
-7.0417087948
 21
5.6492951861
 31
0.0
  0
LINE
  5
DB
330
D6
100
AcDbEntity
  8
0
  6
Continuous
 62
     0
370
     0
100
AcDbLine
 10
-4.8120650448
 20
1.8697222695
 30
0.0
 11
-0.3527775448
 21
9.4288681028
 31
0.0
  0
LINE
  5
DC
330
D6
100
AcDbEntity
  8
0
  6
Continuous
 62
     0
370
     0
100
AcDbLine
 10
5.7103843443
 20
1.8697222695
 30
0.0
 11
3.4807405943
 21
5.6492951861
 31
0.0
  0
LINE
  5
DD
330
D6
100
AcDbEntity
  8
0
  6
Continuous
 62
     0
370
     0
100
AcDbLine
 10
7.9400280943
 20
5.6492951861
 30
0.0
 11
3.4807405943
 21
5.6492951861
 31
0.0
  0
LINE
  5
DE
330
D6
100
AcDbEntity
  8
0
  6
Continuous
 62
     0
370
     0
100
AcDbLine
 10
5.7103843443
 20
1.8697222695
 30
0.0
 11
10.1696718443
 21
9.4288681028
 31
0.0
  0
LINE
  5
DF
330
D6
100
AcDbEntity
  8
0
  6
Continuous
 62
     0
370
     0
100
AcDbLine
 10
10.1696718443
 20
9.4288681028
 30
0.0
 11
22.0451021499
 21
9.4288681028
 31
0.0
  0
MTEXT
  5
E0
330
D6
100
AcDbEntity
  8
0
  6
Continuous
 62
     0
370
     0
100
AcDbMText
 10
0.0
 20
8.1855801476
 30
0.0
 40
6.35
 41
0.0
 71
     1
 72
     1
  1
(
  7
SLDTEXTSTYLE1
 73
     1
 44
1.0
  0
MTEXT
  5
E2
330
D6
100
AcDbEntity
  8
0
  6
Continuous
 62
     0
370
     0
100
AcDbMText
 10
10.6580926776
 20
9.059953872
 30
0.0
 40
2.6458333333
 41
0.0
 71
     1
 72
     1
  1
Ra  3,2
  7
SLDTEXTSTYLE2
 73
     1
 44
1.0
  0
MTEXT
  5
E3
330
D6
100
AcDbEntity
  8
0
  6
Continuous
 62
     0
370
     0
100
AcDbMText
 10
22.4063270725
 20
8.1855801476
 30
0.0
 40
6.35
 41
0.0
 71
     1
 72
     1
  1
)
  7
SLDTEXTSTYLE1
 73
     1
 44
1.0
  0
ENDBLK
  5
D8
330
D6
100
AcDbEntity
  8
0
100
AcDbBlockEnd
  0
BLOCK
  5
10D
330
10C
100
AcDbEntity
  8
0
100
AcDbBlockBegin
  2
SW_NOTE_0_5
 70
     0
 10
0.0
 20
0.0
 30
0.0
  3
SW_NOTE_0_5
  1

  0
MTEXT
  5
10F
330
10C
100
AcDbEntity
  8
0
  6
Continuous
 62
     0
370
     0
100
AcDbMText
 10
0.0
 20
1.9336016097
 30
0.0
 40
1.5
 41
0.0
 71
     1
 72
     1
  1
ALLGEMEINTOLERANZEN:
  7
SLDTEXTSTYLE1
 73
     1
 44
1.0
  0
MTEXT
  5
110
330
10C
100
AcDbEntity
  8
0
  6
Continuous
 62
     0
370
     0
100
AcDbMText
 10
0.0
 20
-2.7773303535
 30
0.0
 40
2.5
 41
0.0
 71
     1
 72
     1
  1
DIN ISO 2768-mK
  7
SLDTEXTSTYLE1
 73
     1
 44
1.0
  0
ENDBLK
  5
10E
330
10C
100
AcDbEntity
  8
0
100
AcDbBlockEnd
  0
BLOCK
  5
113
330
112
100
AcDbEntity
  8
0
100
AcDbBlockBegin
  2
SW_NOTE_0_6
 70
     0
 10
0.0
 20
0.0
 30
0.0
  3
SW_NOTE_0_6
  1

  0
MTEXT
  5
115
330
112
100
AcDbEntity
  8
0
  6
Continuous
 62
     0
370
     0
100
AcDbMText
 10
0.0
 20
1.9336016097
 30
0.0
 40
1.5
 41
0.0
 71
     1
 72
     1
  1
WERKSTÜCKKANTEN:
  7
SLDTEXTSTYLE1
 73
     1
 44
1.0
  0
MTEXT
  5
116
330
112
100
AcDbEntity
  8
0
  6
Continuous
 62
     0
370
     0
100
AcDbMText
 10
0.0
 20
-2.7773303535
 30
0.0
 40
2.5
 41
0.0
 71
     1
 72
     1
  1
DIN ISO 13715
  7
SLDTEXTSTYLE1
 73
     1
 44
1.0
  0
ENDBLK
  5
114
330
112
100
AcDbEntity
  8
0
100
AcDbBlockEnd
  0
BLOCK
  5
134
330
133
100
AcDbEntity
  8
0
100
AcDbBlockBegin
  2
_D
 70
     0
 10
0.0
 20
0.0
 30
0.0
  3
_D
  1

  0
SOLID
  5
136
330
133
100
AcDbEntity
  8
0
  6
Continuous
 62
     7
370
    18
100
AcDbTrace
 10
69.1220492009
 20
149.5802839589
 30
0.0
 11
69.5030492009
 21
153.1362839589
 31
0.0
 12
68.7410492009
 22
153.1362839589
 32
0.0
 13
68.7410492009
 23
153.1362839589
 33
0.0
  0
SOLID
  5
137
330
133
100
AcDbEntity
  8
0
  6
Continuous
 62
     7
370
    18
100
AcDbTrace
 10
69.1220492009
 20
176.2926729392
 30
0.0
 11
68.7410492009
 21
172.7366729392
 31
0.0
 12
69.5030492009
 22
172.7366729392
 32
0.0
 13
69.5030492009
 23
172.7366729392
 33
0.0
  0
LINE
  5
138
330
133
100
AcDbEntity
  8
0
  6
Continuous
 62
     7
370
     0
100
AcDbLine
 10
88.1220492009
 20
149.5802839589
 30
0.0
 11
68.1220492009
 21
149.5802839589
 31
0.0
  0
LINE
  5
139
330
133
100
AcDbEntity
  8
0
  6
Continuous
 62
     7
370
     0
100
AcDbLine
 10
78.1220492009
 20
176.2926729392
 30
0.0
 11
68.1220492009
 21
176.2926729392
 31
0.0
  0
LINE
  5
13A
330
133
100
AcDbEntity
  8
0
  6
Continuous
 62
     7
370
     0
100
AcDbLine
 10
69.1220492009
 20
149.5802839589
 30
0.0
 11
69.1220492009
 21
176.2926729392
 31
0.0
  0
MTEXT
  5
13B
330
133
100
AcDbEntity
  8
0
  6
Continuous
 62
     7
370
    18
100
AcDbMText
 10
64.6103122863
 20
159.8405623338
 30
0.0
 40
3.5
 41
0.0
 71
     1
 72
     1
  1
13,36
  7
SLDTEXTSTYLE1
 11
6.123233995736766E-17
 21
1.0
 31
0.0
 73
     1
 44
1.0
  0
ENDBLK
  5
135
330
133
100
AcDbEntity
  8
0
100
AcDbBlockEnd
  0
BLOCK
  5
13F
330
13E
100
AcDbEntity
  8
0
100
AcDbBlockBegin
  2
_D_1
 70
     0
 10
0.0
 20
0.0
 30
0.0
  3
_D_1
  1

  0
SOLID
  5
141
330
13E
100
AcDbEntity
  8
0
  6
Continuous
 62
     7
370
    18
100
AcDbTrace
 10
57.1220492009
 20
149.5802839589
 30
0.0
 11
57.5030492009
 21
153.1362839589
 31
0.0
 12
56.7410492009
 22
153.1362839589
 32
0.0
 13
56.7410492009
 23
153.1362839589
 33
0.0
  0
SOLID
  5
142
330
13E
100
AcDbEntity
  8
0
  6
Continuous
 62
     7
370
    18
100
AcDbTrace
 10
57.1220492009
 20
233.0050619196
 30
0.0
 11
56.7410492009
 21
229.4490619196
 31
0.0
 12
57.5030492009
 22
229.4490619196
 32
0.0
 13
57.5030492009
 23
229.4490619196
 33
0.0
  0
LINE
  5
143
330
13E
100
AcDbEntity
  8
0
  6
Continuous
 62
     7
370
     0
100
AcDbLine
 10
88.1220492009
 20
149.5802839589
 30
0.0
 11
56.1220492009
 21
149.5802839589
 31
0.0
  0
LINE
  5
144
330
13E
100
AcDbEntity
  8
0
  6
Continuous
 62
     7
370
     0
100
AcDbLine
 10
88.1220492009
 20
233.0050619196
 30
0.0
 11
56.1220492009
 21
233.0050619196
 31
0.0
  0
LINE
  5
145
330
13E
100
AcDbEntity
  8
0
  6
Continuous
 62
     7
370
     0
100
AcDbLine
 10
57.1220492009
 20
149.5802839589
 30
0.0
 11
57.1220492009
 21
233.0050619196
 31
0.0
  0
MTEXT
  5
146
330
13E
100
AcDbEntity
  8
0
  6
Continuous
 62
     7
370
    18
100
AcDbMText
 10
52.6103122863
 20
180.1347782109
 30
0.0
 40
3.5
 41
0.0
 71
     1
 72
     1
  1
41,71
  7
SLDTEXTSTYLE1
 11
6.123233995736766E-17
 21
1.0
 31
0.0
 73
     1
 44
1.0
  0
ENDBLK
  5
140
330
13E
100
AcDbEntity
  8
0
100
AcDbBlockEnd
  0
BLOCK
  5
149
330
148
100
AcDbEntity
  8
0
100
AcDbBlockBegin
  2
_D_2
 70
     0
 10
0.0
 20
0.0
 30
0.0
  3
_D_2
  1

  0
SOLID
  5
14B
330
148
100
AcDbEntity
  8
0
  6
Continuous
 62
     7
370
    18
100
AcDbTrace
 10
79.1220492009
 20
255.0050619196
 30
0.0
 11
82.6780492009
 21
254.6240619196
 31
0.0
 12
82.6780492009
 22
255.3860619196
 32
0.0
 13
82.6780492009
 23
255.3860619196
 33
0.0
  0
SOLID
  5
14C
330
148
100
AcDbEntity
  8
0
  6
Continuous
 62
     7
370
    18
100
AcDbTrace
 10
199.1220492009
 20
255.0050619196
 30
0.0
 11
195.5660492009
 21
255.3860619196
 31
0.0
 12
195.5660492009
 22
254.6240619196
 32
0.0
 13
195.5660492009
 23
254.6240619196
 33
0.0
  0
LINE
  5
14D
330
148
100
AcDbEntity
  8
0
  6
Continuous
 62
     7
370
     0
100
AcDbLine
 10
79.1220492009
 20
224.0050619196
 30
0.0
 11
79.1220492009
 21
256.0050619196
 31
0.0
  0
LINE
  5
14E
330
148
100
AcDbEntity
  8
0
  6
Continuous
 62
     7
370
     0
100
AcDbLine
 10
199.1220492009
 20
224.0050619196
 30
0.0
 11
199.1220492009
 21
256.0050619196
 31
0.0
  0
LINE
  5
14F
330
148
100
AcDbEntity
  8
0
  6
Continuous
 62
     7
370
     0
100
AcDbLine
 10
79.1220492009
 20
255.0050619196
 30
0.0
 11
199.1220492009
 21
255.0050619196
 31
0.0
  0
MTEXT
  5
150
330
148
100
AcDbEntity
  8
0
  6
Continuous
 62
     7
370
    18
100
AcDbMText
 10
141.4653439652
 20
259.5167988342
 30
0.0
 40
3.5
 41
0.0
 71
     1
 72
     1
  1
60
  7
SLDTEXTSTYLE1
 73
     1
 44
1.0
  0
ENDBLK
  5
14A
330
148
100
AcDbEntity
  8
0
100
AcDbBlockEnd
  0
BLOCK
  5
152
330
151
100
AcDbEntity
  8
0
100
AcDbBlockBegin
  2
SW_NOTE_0_7
 70
     0
 10
0.0
 20
0.0
 30
0.0
  3
SW_NOTE_0_7
  1

  0
LINE
  5
154
330
151
100
AcDbEntity
  8
0
  6
Continuous
 62
     0
370
     0
100
AcDbLine
 10
50.7105190593
 20
0.0
 30
0.0
 11
0.0
 21
0.0
 31
0.0
  0
MTEXT
  5
156
330
151
100
AcDbEntity
  8
0
  6
Continuous
 62
     0
370
     0
100
AcDbMText
 10
24.3100196864
 20
4.5306945271
 30
0.0
 40
3.5
 41
0.0
 71
     2
 72
     1
  1
NACH UNTEN  90°  R 2
  7
SLDTEXTSTYLE4
 73
     1
 44
1.0
  0
ENDBLK
  5
153
330
151
100
AcDbEntity
  8
0
100
AcDbBlockEnd
  0
BLOCK
  5
16D
330
16C
100
AcDbEntity
  8
0
100
AcDbBlockBegin
  2
_D_3
 70
     0
 10
0.0
 20
0.0
 30
0.0
  3
_D_3
  1

  0
SOLID
  5
16F
330
16C
100
AcDbEntity
  8
0
  6
Continuous
 62
     7
370
    18
100
AcDbTrace
 10
341.285846114
 20
237.2926729392
 30
0.0
 11
337.729846114
 21
237.6736729392
 31
0.0
 12
337.729846114
 22
236.9116729392
 32
0.0
 13
337.729846114
 23
236.9116729392
 33
0.0
  0
SOLID
  5
170
330
16C
100
AcDbEntity
  8
0
  6
Continuous
 62
     7
370
    18
100
AcDbTrace
 10
345.285846114
 20
237.2926729392
 30
0.0
 11
348.841846114
 21
236.9116729392
 31
0.0
 12
348.841846114
 22
237.6736729392
 32
0.0
 13
348.841846114
 23
237.6736729392
 33
0.0
  0
LINE
  5
171
330
16C
100
AcDbEntity
  8
0
  6
Continuous
 62
     7
370
     0
100
AcDbLine
 10
341.285846114
 20
222.2926729392
 30
0.0
 11
341.285846114
 21
238.2926729392
 31
0.0
  0
LINE
  5
172
330
16C
100
AcDbEntity
  8
0
  6
Continuous
 62
     7
370
     0
100
AcDbLine
 10
345.285846114
 20
222.2926729392
 30
0.0
 11
345.285846114
 21
238.2926729392
 31
0.0
  0
LINE
  5
173
330
16C
100
AcDbEntity
  8
0
  6
Continuous
 62
     7
370
     0
100
AcDbLine
 10
341.285846114
 20
237.2926729392
 30
0.0
 11
334.935846114
 21
237.2926729392
 31
0.0
  0
LINE
  5
174
330
16C
100
AcDbEntity
  8
0
  6
Continuous
 62
     7
370
     0
100
AcDbLine
 10
341.285846114
 20
237.2926729392
 30
0.0
 11
345.285846114
 21
237.2926729392
 31
0.0
  0
LINE
  5
175
330
16C
100
AcDbEntity
  8
0
  6
Continuous
 62
     7
370
     0
100
AcDbLine
 10
345.285846114
 20
237.2926729392
 30
0.0
 11
356.5789017108
 21
237.2926729392
 31
0.0
  0
MTEXT
  5
176
330
16C
100
AcDbEntity
  8
0
  6
Continuous
 62
     7
370
    18
100
AcDbMText
 10
353.9927905173
 20
241.8044098538
 30
0.0
 40
3.5
 41
0.0
 71
     1
 72
     1
  1
2
  7
SLDTEXTSTYLE1
 73
     1
 44
1.0
  0
ENDBLK
  5
16E
330
16C
100
AcDbEntity
  8
0
100
AcDbBlockEnd
  0
BLOCK
  5
17A
330
179
100
AcDbEntity
  8
0
100
AcDbBlockBegin
  2
_D_4
 70
     0
 10
0.0
 20
0.0
 30
0.0
  3
_D_4
  1

  0
ARC
  5
17C
330
179
100
AcDbEntity
  8
0
  6
Continuous
 62
     7
370
    18
100
AcDbCircle
 10
313.5537953064
 20
161.2926729392
 30
0.0
 40
56.8743927447357
100
AcDbArc
 50
0.0
 51
30.0
  0
SOLID
  5
17D
330
179
100
AcDbEntity
  8
0
  6
Continuous
 62
     7
370
    18
100
AcDbTrace
 10
370.4281880512
 20
161.2926729392
 30
0.0
 11
370.6979977119
 21
164.858833304
 31
0.0
 12
369.9363690673
 22
164.8350465908
 32
0.0
 13
369.9363690673
 23
164.8350465908
 33
0.0
  0
SOLID
  5
17E
330
179
100
AcDbEntity
  8
0
  6
Continuous
 62
     7
370
    18
100
AcDbTrace
 10
362.8084642482
 20
189.7298693116
 30
0.0
 11
364.1537233399
 21
186.4161742477
 31
0.0
 12
364.8252064509
 22
186.7763886721
 32
0.0
 13
364.8252064509
 23
186.7763886721
 33
0.0
  0
LINE
  5
17F
330
179
100
AcDbEntity
  8
0
  6
Continuous
 62
     7
370
     0
100
AcDbLine
 10
338.285846114
 20
161.2926729392
 30
0.0
 11
371.4281880512
 21
161.2926729392
 31
0.0
  0
LINE
  5
180
330
179
100
AcDbEntity
  8
0
  6
Continuous
 62
     7
370
     0
100
AcDbLine
 10
321.3480239405
 20
165.7926729392
 30
0.0
 11
363.674489652
 21
190.2298693116
 31
0.0
  0
MTEXT
  5
181
330
179
100
AcDbEntity
  8
0
  6
Continuous
 62
     7
370
    18
100
AcDbMText
 10
372.719681862
 20
178.027106667
 30
0.0
 40
3.5
 41
0.0
 71
     1
 72
     1
  1
30°
  7
SLDTEXTSTYLE1
 11
0.216638010359459
 21
-0.9762520025421176
 31
0.0
 73
     1
 44
1.0
  0
ENDBLK
  5
17B
330
179
100
AcDbEntity
  8
0
100
AcDbBlockEnd
  0
BLOCK
  5
184
330
183
100
AcDbEntity
  8
0
100
AcDbBlockBegin
  2
_D_5
 70
     0
 10
0.0
 20
0.0
 30
0.0
  3
_D_5
  1

  0
SOLID
  5
186
330
183
100
AcDbEntity
  8
0
  6
Continuous
 62
     7
370
    18
100
AcDbTrace
 10
315.285846114
 20
145.2926729392
 30
0.0
 11
318.841846114
 21
144.9116729392
 31
0.0
 12
318.841846114
 22
145.6736729392
 32
0.0
 13
318.841846114
 23
145.6736729392
 33
0.0
  0
SOLID
  5
187
330
183
100
AcDbEntity
  8
0
  6
Continuous
 62
     7
370
    18
100
AcDbTrace
 10
345.285846114
 20
145.2926729392
 30
0.0
 11
341.729846114
 21
145.6736729392
 31
0.0
 12
341.729846114
 22
144.9116729392
 32
0.0
 13
341.729846114
 23
144.9116729392
 33
0.0
  0
LINE
  5
188
330
183
100
AcDbEntity
  8
0
  6
Continuous
 62
     7
370
     0
100
AcDbLine
 10
315.285846114
 20
160.2926729392
 30
0.0
 11
315.285846114
 21
144.2926729392
 31
0.0
  0
LINE
  5
189
330
183
100
AcDbEntity
  8
0
  6
Continuous
 62
     7
370
     0
100
AcDbLine
 10
345.285846114
 20
168.2926729392
 30
0.0
 11
345.285846114
 21
144.2926729392
 31
0.0
  0
LINE
  5
18A
330
183
100
AcDbEntity
  8
0
  6
Continuous
 62
     7
370
     0
100
AcDbLine
 10
315.285846114
 20
145.2926729392
 30
0.0
 11
345.285846114
 21
145.2926729392
 31
0.0
  0
MTEXT
  5
18B
330
183
100
AcDbEntity
  8
0
  6
Continuous
 62
     7
370
    18
100
AcDbMText
 10
327.0480766557
 20
149.8044098538
 30
0.0
 40
3.5
 41
0.0
 71
     1
 72
     1
  1
15
  7
SLDTEXTSTYLE1
 73
     1
 44
1.0
  0
ENDBLK
  5
185
330
183
100
AcDbEntity
  8
0
100
AcDbBlockEnd
  0
BLOCK
  5
18E
330
18D
100
AcDbEntity
  8
0
100
AcDbBlockBegin
  2
_D_6
 70
     0
 10
0.0
 20
0.0
 30
0.0
  3
_D_6
  1

  0
SOLID
  5
190
330
18D
100
AcDbEntity
  8
0
  6
Continuous
 62
     7
370
    18
100
AcDbTrace
 10
295.6630580382
 20
221.2926729392
 30
0.0
 11
295.2820580382
 21
217.7366729392
 31
0.0
 12
296.0440580382
 22
217.7366729392
 32
0.0
 13
296.0440580382
 23
217.7366729392
 33
0.0
  0
SOLID
  5
191
330
18D
100
AcDbEntity
  8
0
  6
Continuous
 62
     7
370
    18
100
AcDbTrace
 10
295.6630580382
 20
161.2926729392
 30
0.0
 11
296.0440580382
 21
164.8486729392
 31
0.0
 12
295.2820580382
 22
164.8486729392
 32
0.0
 13
295.2820580382
 23
164.8486729392
 33
0.0
  0
LINE
  5
192
330
18D
100
AcDbEntity
  8
0
  6
Continuous
 62
     7
370
     0
100
AcDbLine
 10
340.285846114
 20
221.2926729392
 30
0.0
 11
294.6630580382
 21
221.2926729392
 31
0.0
  0
LINE
  5
193
330
18D
100
AcDbEntity
  8
0
  6
Continuous
 62
     7
370
     0
100
AcDbLine
 10
314.285846114
 20
161.2926729392
 30
0.0
 11
294.6630580382
 21
161.2926729392
 31
0.0
  0
LINE
  5
194
330
18D
100
AcDbEntity
  8
0
  6
Continuous
 62
     7
370
     0
100
AcDbLine
 10
295.6630580382
 20
221.2926729392
 30
0.0
 11
295.6630580382
 21
161.2926729392
 31
0.0
  0
MTEXT
  5
195
330
18D
100
AcDbEntity
  8
0
  6
Continuous
 62
     7
370
    18
100
AcDbMText
 10
291.1513211236
 20
192.1556354747
 30
0.0
 40
3.5
 41
0.0
 71
     1
 72
     1
  1
30
  7
SLDTEXTSTYLE1
 11
-1.059690869644414E-14
 21
1.0
 31
0.0
 73
     1
 44
1.0
  0
ENDBLK
  5
18F
330
18D
100
AcDbEntity
  8
0
100
AcDbBlockEnd
  0
ENDSEC
  0
SECTION
  2
ENTITIES
  0
LINE
  5
A2
330
1F
100
AcDbEntity
  8
0
  6
Continuous
 62
     7
370
    50
100
AcDbLine
 10
25.0039786304
 20
10.023680047
 30
0.0
 11
25.0039786304
 21
286.9917056662
 31
0.0
  0
LINE
  5
A3
330
1F
100
AcDbEntity
  8
0
  6
Continuous
 62
     7
370
    50
100
AcDbLine
 10
409.9752213936
 20
71.8979987715
 30
0.0
 11
409.9752213936
 21
10.023680047
 31
0.0
  0
LINE
  5
A4
330
1F
100
AcDbEntity
  8
0
  6
Continuous
 62
     7
370
    25
100
AcDbLine
 10
0.0039786304
 20
0.023680047
 30
0.0
 11
0.0039786304
 21
296.9917056662
 31
0.0
  0
LINE
  5
A5
330
1F
100
AcDbEntity
  8
0
  6
Continuous
 62
     7
370
    25
100
AcDbLine
 10
0.0039786304
 20
296.9917056662
 30
0.0
 11
419.9752213936
 21
296.9917056662
 31
0.0
  0
LINE
  5
A6
330
1F
100
AcDbEntity
  8
0
  6
Continuous
 62
     7
370
    25
100
AcDbLine
 10
0.0039786304
 20
0.023680047
 30
0.0
 11
419.9752213936
 21
0.023680047
 31
0.0
  0
LINE
  5
A7
330
1F
100
AcDbEntity
  8
0
  6
Continuous
 62
     7
370
    50
100
AcDbLine
 10
25.0039786304
 20
286.9917056662
 30
0.0
 11
409.9752213936
 21
286.9917056662
 31
0.0
  0
LINE
  5
A8
330
1F
100
AcDbEntity
  8
0
  6
Continuous
 62
     7
370
    50
100
AcDbLine
 10
222.7752213936
 20
14.2736800469
 30
0.0
 11
409.9752213936
 21
14.2736800469
 31
0.0
  0
LINE
  5
A9
330
1F
100
AcDbEntity
  8
0
  6
Continuous
 62
     7
370
    18
100
AcDbLine
 10
419.9752213936
 20
0.023680047
 30
0.0
 11
419.9752213936
 21
296.9917056662
 31
0.0
  0
LINE
  5
AA
330
1F
100
AcDbEntity
  8
0
  6
Continuous
 62
     7
370
    18
100
AcDbLine
 10
15.3384379163
 20
296.9917056662
 30
0.0
 11
15.3384379163
 21
0.023680047
 31
0.0
  0
LINE
  5
AB
330
1F
100
AcDbEntity
  8
0
  6
Continuous
 62
     7
370
    50
100
AcDbLine
 10
409.9752213936
 20
48.2736800473
 30
0.0
 11
222.7752213936
 21
48.2736800473
 31
0.0
  0
LINE
  5
AC
330
1F
100
AcDbEntity
  8
0
  6
Continuous
 62
     7
370
    50
100
AcDbLine
 10
222.7752213936
 20
71.8979987715
 30
0.0
 11
409.9752213936
 21
71.8979987715
 31
0.0
  0
LINE
  5
AD
330
1F
100
AcDbEntity
  8
0
  6
Continuous
 62
     7
370
    50
100
AcDbLine
 10
409.9752213936
 20
10.023680047
 30
0.0
 11
409.9752213936
 21
286.9917056662
 31
0.0
  0
LINE
  5
AE
330
1F
100
AcDbEntity
  8
0
  6
Continuous
 62
     7
370
    50
100
AcDbLine
 10
255.6679333791
 20
48.2736800473
 30
0.0
 11
255.6679333791
 21
10.0236800473
 31
0.0
  0
LINE
  5
AF
330
1F
100
AcDbEntity
  8
0
  6
Continuous
 62
     7
370
    25
100
AcDbLine
 10
321.5752213936
 20
31.2736800473
 30
0.0
 11
222.7752213936
 21
31.2736800473
 31
0.0
  0
LINE
  5
B0
330
1F
100
AcDbEntity
  8
0
  6
Continuous
 62
     7
370
    50
100
AcDbLine
 10
25.0039786304
 20
10.023680047
 30
0.0
 11
409.9752213936
 21
10.023680047
 31
0.0
  0
LINE
  5
B1
330
1F
100
AcDbEntity
  8
0
  6
Continuous
 62
     7
370
    25
100
AcDbLine
 10
321.5752213936
 20
35.5236800473
 30
0.0
 11
222.7752213936
 21
35.5236800473
 31
0.0
  0
LINE
  5
B2
330
1F
100
AcDbEntity
  8
0
  6
Continuous
 62
     7
370
    25
100
AcDbLine
 10
321.5752213936
 20
39.7736800473
 30
0.0
 11
222.7752213936
 21
39.7736800473
 31
0.0
  0
LINE
  5
B3
330
1F
100
AcDbEntity
  8
0
  6
Continuous
 62
     7
370
    25
100
AcDbLine
 10
321.5752213936
 20
44.0236800473
 30
0.0
 11
222.7752213936
 21
44.0236800473
 31
0.0
  0
LINE
  5
B4
330
1F
100
AcDbEntity
  8
0
  6
Continuous
 62
     7
370
    50
100
AcDbLine
 10
277.3752213936
 20
10.0236800468
 30
0.0
 11
277.3752213936
 21
71.8979987715
 31
0.0
  0
LINE
  5
B5
330
1F
100
AcDbEntity
  8
0
  6
Continuous
 62
     7
370
    50
100
AcDbLine
 10
222.7752213936
 20
71.8979987715
 30
0.0
 11
222.7752213936
 21
10.0236800468
 31
0.0
  0
LINE
  5
B6
330
1F
100
AcDbEntity
  8
0
  6
Continuous
 62
     7
370
    50
100
AcDbLine
 10
232.1766982462
 20
48.2736800473
 30
0.0
 11
232.1766982462
 21
10.0236800473
 31
0.0
  0
LINE
  5
B7
330
1F
100
AcDbEntity
  8
0
  6
Continuous
 62
     7
370
    50
100
AcDbLine
 10
267.1741475572
 20
48.2736800473
 30
0.0
 11
267.1741475572
 21
10.0236800473
 31
0.0
  0
LINE
  5
B8
330
1F
100
AcDbEntity
  8
0
  6
Continuous
 62
     7
370
    50
100
AcDbLine
 10
287.7752213936
 20
31.2736800473
 30
0.0
 11
287.7752213936
 21
48.2736800473
 31
0.0
  0
LINE
  5
B9
330
1F
100
AcDbEntity
  8
0
  6
Continuous
 62
     7
370
    25
100
AcDbLine
 10
277.3752213936
 20
18.5236800473
 30
0.0
 11
222.7752213936
 21
18.5236800473
 31
0.0
  0
LINE
  5
BA
330
1F
100
AcDbEntity
  8
0
  6
Continuous
 62
     7
370
    50
100
AcDbLine
 10
303.3752213936
 20
48.2736800473
 30
0.0
 11
303.3752213936
 21
27.0236800473
 31
0.0
  0
LINE
  5
BB
330
1F
100
AcDbEntity
  8
0
  6
Continuous
 62
     7
370
    25
100
AcDbLine
 10
277.3752213936
 20
22.7736080473
 30
0.0
 11
222.7752213936
 21
22.7736080473
 31
0.0
  0
LINE
  5
BC
330
1F
100
AcDbEntity
  8
0
  6
Continuous
 62
     7
370
    25
100
AcDbLine
 10
277.3752213936
 20
27.0236800473
 30
0.0
 11
222.7752213936
 21
27.0236800473
 31
0.0
  0
LINE
  5
BD
330
1F
100
AcDbEntity
  8
0
  6
Continuous
 62
     7
370
    50
100
AcDbLine
 10
277.3752213936
 20
27.0236800473
 30
0.0
 11
409.9752213936
 21
27.0236800473
 31
0.0
  0
LINE
  5
BE
330
1F
100
AcDbEntity
  8
0
  6
Continuous
 62
     7
370
    50
100
AcDbLine
 10
321.5752213936
 20
71.8979987715
 30
0.0
 11
321.5752213936
 21
10.023680047
 31
0.0
  0
LINE
  5
BF
330
1F
100
AcDbEntity
  8
0
  6
Continuous
 62
     7
370
    50
100
AcDbLine
 10
365.7752213936
 20
10.0236800473
 30
0.0
 11
365.7752213936
 21
14.2736800473
 31
0.0
  0
LINE
  5
C0
330
1F
100
AcDbEntity
  8
0
  6
Continuous
 62
     7
370
    50
100
AcDbLine
 10
396.9752213936
 20
14.2736800473
 30
0.0
 11
396.9752213936
 21
27.0236800473
 31
0.0
  0
LINE
  5
C1
330
1F
100
AcDbEntity
  8
0
  6
Continuous
 62
     7
370
    25
100
AcDbLine
 10
409.9752213936
 20
18.5236800473
 30
0.0
 11
396.9752213936
 21
18.5236800473
 31
0.0
  0
LINE
  5
C2
330
1F
100
AcDbEntity
  8
0
  6
Continuous
 62
     7
370
    50
100
AcDbLine
 10
356.166778805
 20
71.8979987715
 30
0.0
 11
356.166778805
 21
48.2736800473
 31
0.0
  0
LINE
  5
C3
330
1F
100
AcDbEntity
  8
0
  6
Continuous
 62
     7
370
    25
100
AcDbLine
 10
15.3384379163
 20
55.9917056662
 30
0.0
 11
25.0039786304
 21
55.9917056662
 31
0.0
  0
LINE
  5
C4
330
1F
100
AcDbEntity
  8
0
  6
Continuous
 62
     7
370
    25
100
AcDbLine
 10
15.3384379163
 20
115.9917056662
 30
0.0
 11
25.0039786304
 21
115.9917056662
 31
0.0
  0
LINE
  5
C5
330
1F
100
AcDbEntity
  8
0
  6
Continuous
 62
     7
370
    25
100
AcDbLine
 10
15.3384379163
 20
175.9917056662
 30
0.0
 11
25.0039786304
 21
175.9917056662
 31
0.0
  0
LINE
  5
C6
330
1F
100
AcDbEntity
  8
0
  6
Continuous
 62
     7
370
    25
100
AcDbLine
 10
15.3384379163
 20
235.9917056662
 30
0.0
 11
25.0039786304
 21
235.9917056662
 31
0.0
  0
LINE
  5
C7
330
1F
100
AcDbEntity
  8
0
  6
Continuous
 62
     7
370
    18
100
AcDbLine
 10
95.300262253
 20
296.9917056662
 30
0.0
 11
95.300262253
 21
286.9917056662
 31
0.0
  0
LINE
  5
C8
330
1F
100
AcDbEntity
  8
0
  6
Continuous
 62
     7
370
    18
100
AcDbLine
 10
175.2620865898
 20
296.9917056662
 30
0.0
 11
175.2620865898
 21
286.9917056662
 31
0.0
  0
LINE
  5
C9
330
1F
100
AcDbEntity
  8
0
  6
Continuous
 62
     7
370
    18
100
AcDbLine
 10
255.2239109265
 20
296.9917056662
 30
0.0
 11
255.2239109265
 21
286.9917056662
 31
0.0
  0
LINE
  5
CA
330
1F
100
AcDbEntity
  8
0
  6
Continuous
 62
     7
370
    18
100
AcDbLine
 10
335.1857352632
 20
296.9917056662
 30
0.0
 11
335.1857352632
 21
286.9917056662
 31
0.0
  0
LINE
  5
CB
330
1F
100
AcDbEntity
  8
0
  6
Continuous
 62
     7
370
    18
100
AcDbLine
 10
409.9752213936
 20
235.9917056662
 30
0.0
 11
419.9752213936
 21
235.9917056662
 31
0.0
  0
LINE
  5
CC
330
1F
100
AcDbEntity
  8
0
  6
Continuous
 62
     7
370
    18
100
AcDbLine
 10
409.9752213936
 20
175.9917056662
 30
0.0
 11
419.9752213936
 21
175.9917056662
 31
0.0
  0
LINE
  5
CD
330
1F
100
AcDbEntity
  8
0
  6
Continuous
 62
     7
370
    18
100
AcDbLine
 10
409.9752213936
 20
115.9917056662
 30
0.0
 11
419.9752213936
 21
115.9917056662
 31
0.0
  0
LINE
  5
CE
330
1F
100
AcDbEntity
  8
0
  6
Continuous
 62
     7
370
    18
100
AcDbLine
 10
409.9752213936
 20
55.9917056662
 30
0.0
 11
419.9752213936
 21
55.9917056662
 31
0.0
  0
LINE
  5
CF
330
1F
100
AcDbEntity
  8
0
  6
Continuous
 62
     7
370
    18
100
AcDbLine
 10
95.300262253
 20
10.023680047
 30
0.0
 11
95.300262253
 21
0.023680047
 31
0.0
  0
LINE
  5
D0
330
1F
100
AcDbEntity
  8
0
  6
Continuous
 62
     7
370
    18
100
AcDbLine
 10
175.2620865897
 20
10.023680047
 30
0.0
 11
175.2620865897
 21
0.023680047
 31
0.0
  0
LINE
  5
D1
330
1F
100
AcDbEntity
  8
0
  6
Continuous
 62
     7
370
    18
100
AcDbLine
 10
255.2239109265
 20
10.023680047
 30
0.0
 11
255.2239109265
 21
0.023680047
 31
0.0
  0
LINE
  5
D2
330
1F
100
AcDbEntity
  8
0
  6
Continuous
 62
     7
370
    18
100
AcDbLine
 10
335.1857352632
 20
10.023680047
 30
0.0
 11
335.1857352632
 21
0.023680047
 31
0.0
  0
INSERT
  5
D3
330
1F
100
AcDbEntity
  8
0
  6
Continuous
 62
     7
100
AcDbBlockReference
  2
Block3
 10
-170.7865326958
 20
-152.9741272448
 30
0.0
 41
0.75
 42
0.75
 43
0.75
  0
MTEXT
  5
D5
330
1F
100
AcDbEntity
  8
0
  6
Continuous
 62
     7
370
     0
100
AcDbMText
 10
127.572413763
 20
274.3448802772
 30
0.0
 40
4.2333333333
 41
0.0
 71
     1
 72
     1
  1
Abwicklung
  7
SLDTEXTSTYLE1
 73
     1
 44
1.0
  0
INSERT
  5
E4
330
1F
100
AcDbEntity
  8
0
  6
Continuous
 62
     7
370
     0
100
AcDbBlockReference
  2
SW_NOTE_0_4
 10
366.563888619
 20
74.3938833032
 30
0.0
  0
MTEXT
  5
E5
330
1F
100
AcDbEntity
  8
0
  6
Continuous
 62
     7
370
     0
100
AcDbMText
 10
18.6785884187
 20
25.3073575645
 30
0.0
 40
3.5
 41
0.0
 71
     1
 72
     1
  1
e
  7
SLDTEXTSTYLE1
 73
     1
 44
1.0
  0
MTEXT
  5
E6
330
1F
100
AcDbEntity
  8
0
  6
Continuous
 62
     7
370
     0
100
AcDbMText
 10
18.6785884187
 20
84.5165351388
 30
0.0
 40
3.5
 41
0.0
 71
     1
 72
     1
  1
d
  7
SLDTEXTSTYLE1
 73
     1
 44
1.0
  0
MTEXT
  5
E7
330
1F
100
AcDbEntity
  8
0
  6
Continuous
 62
     7
370
     0
100
AcDbMText
 10
18.6785884187
 20
142.3738902876
 30
0.0
 40
3.5
 41
0.0
 71
     1
 72
     1
  1
c
  7
SLDTEXTSTYLE1
 73
     1
 44
1.0
  0
MTEXT
  5
E8
330
1F
100
AcDbEntity
  8
0
  6
Continuous
 62
     7
370
     0
100
AcDbMText
 10
18.6785884187
 20
205.2312637827
 30
0.0
 40
3.5
 41
0.0
 71
     1
 72
     1
  1
b
  7
SLDTEXTSTYLE1
 73
     1
 44
1.0
  0
MTEXT
  5
E9
330
1F
100
AcDbEntity
  8
0
  6
Continuous
 62
     7
370
     0
100
AcDbMText
 10
18.6785884187
 20
267.0172047749
 30
0.0
 40
3.5
 41
0.0
 71
     1
 72
     1
  1
a
  7
SLDTEXTSTYLE1
 73
     1
 44
1.0
  0
MTEXT
  5
EA
330
1F
100
AcDbEntity
  8
0
  6
Continuous
 62
     7
370
     0
100
AcDbMText
 10
374.1454649131
 20
293.4361380837
 30
0.0
 40
3.5
 41
0.0
 71
     1
 72
     1
  1
5
  7
SLDTEXTSTYLE1
 73
     1
 44
1.0
  0
MTEXT
  5
EB
330
1F
100
AcDbEntity
  8
0
  6
Continuous
 62
     7
370
     0
100
AcDbMText
 10
292.8362889298
 20
293.4361380837
 30
0.0
 40
3.5
 41
0.0
 71
     1
 72
     1
  1
4
  7
SLDTEXTSTYLE1
 73
     1
 44
1.0
  0
MTEXT
  5
EC
330
1F
100
AcDbEntity
  8
0
  6
Continuous
 62
     7
370
     0
100
AcDbMText
 10
214.2560347169
 20
293.4361380837
 30
0.0
 40
3.5
 41
0.0
 71
     1
 72
     1
  1
3
  7
SLDTEXTSTYLE1
 73
     1
 44
1.0
  0
MTEXT
  5
ED
330
1F
100
AcDbEntity
  8
0
  6
Continuous
 62
     7
370
     0
100
AcDbMText
 10
132.859205965
 20
293.4361380837
 30
0.0
 40
3.5
 41
0.0
 71
     1
 72
     1
  1
2
  7
SLDTEXTSTYLE1
 73
     1
 44
1.0
  0
MTEXT
  5
EE
330
1F
100
AcDbEntity
  8
0
  6
Continuous
 62
     7
370
     0
100
AcDbMText
 10
54.0453823195
 20
293.4361380837
 30
0.0
 40
3.5
 41
0.0
 71
     1
 72
     1
  1
1
  7
SLDTEXTSTYLE1
 73
     1
 44
1.0
  0
MTEXT
  5
EF
330
1F
100
AcDbEntity
  8
0
  6
Continuous
 62
     7
370
     0
100
AcDbMText
 10
413.3153718961
 20
205.2312637827
 30
0.0
 40
3.5
 41
0.0
 71
     1
 72
     1
  1
b
  7
SLDTEXTSTYLE1
 73
     1
 44
1.0
  0
MTEXT
  5
F0
330
1F
100
AcDbEntity
  8
0
  6
Continuous
 62
     7
370
     0
100
AcDbMText
 10
413.3153718961
 20
25.3073575645
 30
0.0
 40
3.5
 41
0.0
 71
     1
 72
     1
  1
e
  7
SLDTEXTSTYLE1
 73
     1
 44
1.0
  0
MTEXT
  5
F1
330
1F
100
AcDbEntity
  8
0
  6
Continuous
 62
     7
370
     0
100
AcDbMText
 10
413.3153718961
 20
142.3738902876
 30
0.0
 40
3.5
 41
0.0
 71
     1
 72
     1
  1
c
  7
SLDTEXTSTYLE1
 73
     1
 44
1.0
  0
MTEXT
  5
F2
330
1F
100
AcDbEntity
  8
0
  6
Continuous
 62
     7
370
     0
100
AcDbMText
 10
413.3153718961
 20
267.0172047749
 30
0.0
 40
3.5
 41
0.0
 71
     1
 72
     1
  1
a
  7
SLDTEXTSTYLE1
 73
     1
 44
1.0
  0
MTEXT
  5
F3
330
1F
100
AcDbEntity
  8
0
  6
Continuous
 62
     7
370
     0
100
AcDbMText
 10
413.3153718961
 20
84.5165351388
 30
0.0
 40
3.5
 41
0.0
 71
     1
 72
     1
  1
d
  7
SLDTEXTSTYLE1
 73
     1
 44
1.0
  0
MTEXT
  5
F4
330
1F
100
AcDbEntity
  8
0
  6
Continuous
 62
     7
370
     0
100
AcDbMText
 10
134.4227104335
 20
6.7220826046
 30
0.0
 40
3.5
 41
0.0
 71
     1
 72
     1
  1
2
  7
SLDTEXTSTYLE1
 73
     1
 44
1.0
  0
MTEXT
  5
F5
330
1F
100
AcDbEntity
  8
0
  6
Continuous
 62
     7
370
     0
100
AcDbMText
 10
49.9255952579
 20
6.7220826046
 30
0.0
 40
3.5
 41
0.0
 71
     1
 72
     1
  1
1
  7
SLDTEXTSTYLE1
 73
     1
 44
1.0
  0
MTEXT
  5
F6
330
1F
100
AcDbEntity
  8
0
  6
Continuous
 62
     7
370
     0
100
AcDbMText
 10
372.6266857555
 20
6.7220826046
 30
0.0
 40
3.5
 41
0.0
 71
     1
 72
     1
  1
5
  7
SLDTEXTSTYLE1
 73
     1
 44
1.0
  0
MTEXT
  5
F7
330
1F
100
AcDbEntity
  8
0
  6
Continuous
 62
     7
370
     0
100
AcDbMText
 10
293.1413440927
 20
6.7220826046
 30
0.0
 40
3.5
 41
0.0
 71
     1
 72
     1
  1
4
  7
SLDTEXTSTYLE1
 73
     1
 44
1.0
  0
MTEXT
  5
F8
330
1F
100
AcDbEntity
  8
0
  6
Continuous
 62
     7
370
     0
100
AcDbMText
 10
215.1942891031
 20
6.7220826046
 30
0.0
 40
3.5
 41
0.0
 71
     1
 72
     1
  1
3
  7
SLDTEXTSTYLE1
 73
     1
 44
1.0
  0
MTEXT
  5
F9
330
1F
100
AcDbEntity
  8
0
  6
Continuous
 62
     7
370
     0
100
AcDbMText
 10
322.5884449633
 20
21.5979429203
 30
0.0
 40
2.38125
 41
0.0
 71
     1
 72
     1
  1
logiBOT_02_Einrastblech_V1.0
  7
SLDTEXTSTYLE1
 73
     1
 44
1.0
  0
MTEXT
  5
FA
330
1F
100
AcDbEntity
  8
0
  6
Continuous
 62
     7
370
     0
100
AcDbMText
 10
278.3930325217
 20
12.9729919509
 30
0.0
 40
1.4986
 41
0.0
 71
     1
 72
     1
  1
GEWICHT: 0.00 kg
  7
SLDTEXTSTYLE1
 73
     1
 44
1.0
  0
MTEXT
  5
FB
330
1F
100
AcDbEntity
  8
0
  6
Continuous
 62
     7
370
     0
100
AcDbMText
 10
299.8293628506
 20
21.5092457387
 30
0.0
 40
2.38125
 41
0.0
 71
     2
 72
     1
  1
1.4301
  7
SLDTEXTSTYLE1
 73
     1
 44
1.0
  0
MTEXT
  5
FC
330
1F
100
AcDbEntity
  8
0
  6
Continuous
 62
     7
370
     0
100
AcDbMText
 10
400.89620624
 20
24.3241245584
 30
0.0
 40
2.9104166667
 41
0.0
 71
     1
 72
     1
  1
A3
  7
SLDTEXTSTYLE1
 73
     1
 44
1.0
  0
MTEXT
  5
FE
330
1F
100
AcDbEntity
  8
0
  6
Continuous
 62
     7
370
     0
100
AcDbMText
 10
367.2535158214
 20
12.9237673218
 30
0.0
 40
1.5
 41
0.0
 71
     1
 72
     1
  1
BLATT 1 VON 1
  7
SLDTEXTSTYLE3
 73
     1
 44
1.0
  0
MTEXT
  5
FF
330
1F
100
AcDbEntity
  8
0
  6
Continuous
 62
     7
370
     0
100
AcDbMText
 10
322.8491875111
 20
12.9237673218
 30
0.0
 40
1.5
 41
0.0
 71
     1
 72
     1
  1
MASSSTAB:2:1
  7
SLDTEXTSTYLE1
 73
     1
 44
1.0
  0
MTEXT
  5
100
330
1F
100
AcDbEntity
  8
0
  6
Continuous
 62
     7
370
     0
100
AcDbMText
 10
322.8491875111
 20
24.8923178743
 30
0.0
 40
1.5
 41
0.0
 71
     1
 72
     1
  1
ZEICHNUNGSNR.
  7
SLDTEXTSTYLE1
 73
     1
 44
1.0
  0
MTEXT
  5
101
330
1F
100
AcDbEntity
  8
0
  6
Continuous
 62
     7
370
     0
100
AcDbMText
 10
322.7314083303
 20
46.3020143333
 30
0.0
 40
1.5
 41
0.0
 71
     1
 72
     1
  1
BENENNUNG:
  7
SLDTEXTSTYLE1
 73
     1
 44
1.0
  0
MTEXT
  5
102
330
1F
100
AcDbEntity
  8
0
  6
Continuous
 62
     7
370
     0
100
AcDbMText
 10
278.4210837024
 20
26.0097363365
 30
0.0
 40
1.5
 41
0.0
 71
     1
 72
     1
  1
WERKSTOFF:
  7
SLDTEXTSTYLE1
 73
     1
 44
1.0
  0
MTEXT
  5
103
330
1F
100
AcDbEntity
  8
0
  6
Continuous
 62
     7
370
     0
100
AcDbMText
 10
291.5358669279
 20
47.693400833
 30
0.0
 40
1.5
 41
0.0
 71
     1
 72
     1
  1
DATUM
  7
SLDTEXTSTYLE1
 73
     1
 44
1.0
  0
MTEXT
  5
104
330
1F
100
AcDbEntity
  8
0
  6
Continuous
 62
     7
370
     0
100
AcDbMText
 10
279.9513712905
 20
68.1512908787
 30
0.0
 40
1.5
 41
0.0
 71
     1
 72
     1
  1
OBERFLÄCHE:
  7
SLDTEXTSTYLE1
 73
     1
 44
1.0
  0
MTEXT
  5
105
330
1F
100
AcDbEntity
  8
0
  6
Continuous
 62
     7
370
     0
100
AcDbMText
 10
278.6397552715
 20
38.199212602
 30
0.0
 40
1.5
 41
0.0
 71
     1
 72
     1
  1
GEPRÜFT
  7
SLDTEXTSTYLE1
 73
     1
 44
1.0
  0
MTEXT
  5
106
330
1F
100
AcDbEntity
  8
0
  6
Continuous
 62
     7
370
     0
100
AcDbMText
 10
278.3162656749
 20
42.5841959372
 30
0.0
 40
1.5
 41
0.0
 71
     1
 72
     1
  1
GEZEICH.
  7
SLDTEXTSTYLE1
 73
     1
 44
1.0
  0
MTEXT
  5
107
330
1F
100
AcDbEntity
  8
0
  6
Continuous
 62
     7
370
     0
100
AcDbMText
 10
309.084154979
 20
47.693400833
 30
0.0
 40
1.5
 41
0.0
 71
     1
 72
     1
  1
NAME
  7
SLDTEXTSTYLE1
 73
     1
 44
1.0
  0
MTEXT
  5
108
330
1F
100
AcDbEntity
  8
0
  6
Continuous
 62
     7
370
     0
100
AcDbMText
 10
269.0348237543
 20
13.9992016085
 30
0.0
 40
1.5
 41
0.0
 71
     1
 72
     1
  1
NAME
  7
SLDTEXTSTYLE1
 73
     1
 44
1.0
  0
MTEXT
  5
109
330
1F
100
AcDbEntity
  8
0
  6
Continuous
 62
     7
370
     0
100
AcDbMText
 10
256.8849948816
 20
13.7447792453
 30
0.0
 40
1.5
 41
0.0
 71
     1
 72
     1
  1
DATUM
  7
SLDTEXTSTYLE1
 73
     1
 44
1.0
  0
MTEXT
  5
10A
330
1F
100
AcDbEntity
  8
0
  6
Continuous
 62
     7
370
     0
100
AcDbMText
 10
233.9723747987
 20
13.84977157
 30
0.0
 40
1.5
 41
0.0
 71
     1
 72
     1
  1
Feld / Benennung
  7
SLDTEXTSTYLE1
 73
     1
 44
1.0
  0
MTEXT
  5
10B
330
1F
100
AcDbEntity
  8
0
  6
Continuous
 62
     7
370
     0
100
AcDbMText
 10
224.0352772371
 20
13.6913415164
 30
0.0
 40
1.5
 41
0.0
 71
     1
 72
     1
  1
Zustand
  7
SLDTEXTSTYLE1
 73
     1
 44
1.0
  0
INSERT
  5
111
330
1F
100
AcDbEntity
  8
0
  6
Continuous
 62
     7
370
     0
100
AcDbBlockReference
  2
SW_NOTE_0_5
 10
323.406828775
 20
66.2846455035
 30
0.0
  0
INSERT
  5
117
330
1F
100
AcDbEntity
  8
0
  6
Continuous
 62
     7
370
     0
100
AcDbBlockReference
  2
SW_NOTE_0_6
 10
359.8540934442
 20
66.2846452707
 30
0.0
  0
MTEXT
  5
118
330
1F
100
AcDbEntity
  8
0
  6
Continuous
 62
     7
370
     0
100
AcDbMText
 10
162.9556094762
 20
38.3507220429
 30
0.0
 40
3.5
 41
0.0
 71
     1
 72
     1
  1
Blechstärke = Biegeradius
  7
SLDTEXTSTYLE1
 73
     1
 44
1.0
  0
MTEXT
  5
119
330
1F
100
AcDbEntity
  8
0
  6
Continuous
 62
     7
370
     0
100
AcDbMText
 10
187.227756306
 20
31.9296273319
 30
0.0
 40
3.5
 41
0.0
 71
     1
 72
     1
  1
K-Faktor = 0.38
  7
SLDTEXTSTYLE1
 73
     1
 44
1.0
  0
MTEXT
  5
11A
330
1F
100
AcDbEntity
  8
0
  6
Continuous
 62
     7
370
     0
100
AcDbMText
 10
124.3735985452
 20
15.6925872467
 30
0.0
 40
3.5
 41
0.0
 71
     1
 72
     1
  1
nicht bemaßte Geometrien laut 3D-Modell
  7
SLDTEXTSTYLE1
 73
     1
 44
1.0
  0
MTEXT
  5
11B
330
1F
100
AcDbEntity
  8
0
  6
Continuous
 62
     7
370
     0
100
AcDbMText
 10
164.3659533555
 20
21.0360440476
 30
0.0
 40
3.5
 41
0.0
 71
     1
 72
     1
  1
scharfe Kanten brechen!
  7
SLDTEXTSTYLE1
 73
     1
 44
1.0
  0
MTEXT
  5
11C
330
1F
100
AcDbEntity
  8
0
  6
Continuous
 62
     7
370
     0
100
AcDbMText
 10
288.4720590082
 20
43.1725470024
 30
0.0
 40
2.1166666667
 41
0.0
 71
     1
 72
     1
  1
09.07.2024
  7
SLDTEXTSTYLE1
 73
     1
 44
1.0
  0
MTEXT
  5
11D
330
1F
100
AcDbEntity
  8
0
  6
Continuous
 62
     7
370
     0
100
AcDbMText
 10
187.0867820079
 20
26.8614256082
 30
0.0
 40
3.5
 41
0.0
 71
     1
 72
     1
  1
Grat entfernen
  7
SLDTEXTSTYLE1
 73
     1
 44
1.0
  0
MTEXT
  5
11E
330
1F
100
AcDbEntity
  8
0
  6
Continuous
 62
     7
370
     0
100
AcDbMText
 10
305.4953048776
 20
43.1725470024
 30
0.0
 40
2.1166666667
 41
0.0
 71
     1
 72
     1
  1
WWE
  7
SLDTEXTSTYLE1
 73
     1
 44
1.0
  0
MTEXT
  5
11F
330
1F
100
AcDbEntity
  8
0
  6
Continuous
 62
     7
370
     0
100
AcDbMText
 10
327.3455402018
 20
38.9373957939
 30
0.0
 40
2.38125
 41
0.0
 71
     1
 72
     1
  1
Einrastblech
  7
SLDTEXTSTYLE1
 73
     1
 44
1.0
  0
LINE
  5
120
330
1F
100
AcDbEntity
  8
0
  6
CENTERX2
 62
     7
100
AcDbLine
 10
79.1220492009
 20
176.2926729392
 30
0.0
 11
199.1220492009
 21
176.2926729392
 31
0.0
  0
ARC
  5
121
330
1F
100
AcDbEntity
  8
0
  6
Continuous
 62
     7
370
    25
100
AcDbCircle
 10
179.1220492009
 20
217.0050619196
 30
0.0
 40
6.30000000000004
100
AcDbArc
 50
0.0
 51
180.0
  0
LINE
  5
122
330
1F
100
AcDbEntity
  8
0
  6
Continuous
 62
     7
370
    25
100
AcDbLine
 10
172.8220492009
 20
217.0050619196
 30
0.0
 11
172.8220492009
 21
197.0050619196
 31
0.0
  0
ARC
  5
123
330
1F
100
AcDbEntity
  8
0
  6
Continuous
 62
     7
370
    25
100
AcDbCircle
 10
179.1220492009
 20
197.0050619196
 30
0.0
 40
6.300000000000011
100
AcDbArc
 50
180.0
 51
0.0
  0
LINE
  5
124
330
1F
100
AcDbEntity
  8
0
  6
Continuous
 62
     7
370
    25
100
AcDbLine
 10
185.4220492009
 20
197.0050619196
 30
0.0
 11
185.4220492009
 21
217.0050619196
 31
0.0
  0
ARC
  5
125
330
1F
100
AcDbEntity
  8
0
  6
Continuous
 62
     7
370
    25
100
AcDbCircle
 10
99.1220492009
 20
217.0050619196
 30
0.0
 40
6.299999999999997
100
AcDbArc
 50
0.0
 51
180.0
  0
LINE
  5
126
330
1F
100
AcDbEntity
  8
0
  6
Continuous
 62
     7
370
    25
100
AcDbLine
 10
92.8220492009
 20
217.0050619196
 30
0.0
 11
92.8220492009
 21
197.0050619196
 31
0.0
  0
ARC
  5
127
330
1F
100
AcDbEntity
  8
0
  6
Continuous
 62
     7
370
    25
100
AcDbCircle
 10
99.1220492009
 20
197.0050619196
 30
0.0
 40
6.299999999999997
100
AcDbArc
 50
180.0
 51
0.0
  0
LINE
  5
128
330
1F
100
AcDbEntity
  8
0
  6
Continuous
 62
     7
370
    25
100
AcDbLine
 10
105.4220492009
 20
197.0050619196
 30
0.0
 11
105.4220492009
 21
217.0050619196
 31
0.0
  0
LINE
  5
129
330
1F
100
AcDbEntity
  8
0
  6
Continuous
 62
     7
370
    25
100
AcDbLine
 10
79.1220492009
 20
159.5802839589
 30
0.0
 11
79.1220492009
 21
223.0050619196
 31
0.0
  0
ARC
  5
12A
330
1F
100
AcDbEntity
  8
0
  6
Continuous
 62
     7
370
    25
100
AcDbCircle
 10
89.1220492009
 20
223.0050619196
 30
0.0
 40
10.0
100
AcDbArc
 50
90.0
 51
180.0
  0
LINE
  5
12B
330
1F
100
AcDbEntity
  8
0
  6
Continuous
 62
     7
370
    25
100
AcDbLine
 10
189.1220492009
 20
233.0050619196
 30
0.0
 11
89.1220492009
 21
233.0050619196
 31
0.0
  0
ARC
  5
12C
330
1F
100
AcDbEntity
  8
0
  6
Continuous
 62
     7
370
    25
100
AcDbCircle
 10
189.1220492009
 20
223.0050619196
 30
0.0
 40
10.0
100
AcDbArc
 50
0.0
 51
90.0
  0
LINE
  5
12D
330
1F
100
AcDbEntity
  8
0
  6
Continuous
 62
     7
370
    25
100
AcDbLine
 10
199.1220492009
 20
223.0050619196
 30
0.0
 11
199.1220492009
 21
159.5802839589
 31
0.0
  0
ARC
  5
12E
330
1F
100
AcDbEntity
  8
0
  6
Continuous
 62
     7
370
    25
100
AcDbCircle
 10
189.1220492009
 20
159.5802839589
 30
0.0
 40
10.0
100
AcDbArc
 50
270.0
 51
0.0
  0
ARC
  5
12F
330
1F
100
AcDbEntity
  8
0
  6
Continuous
 62
     7
370
    25
100
AcDbCircle
 10
89.1220492009
 20
159.5802839589
 30
0.0
 40
10.0
100
AcDbArc
 50
180.0
 51
270.0
  0
LINE
  5
130
330
1F
100
AcDbEntity
  8
0
  6
Continuous
 62
     7
370
    25
100
AcDbLine
 10
189.1220492009
 20
149.5802839589
 30
0.0
 11
89.1220492009
 21
149.5802839589
 31
0.0
  0
DIMENSION
  5
131
330
1F
100
AcDbEntity
  8
0
  6
Continuous
 62
     7
370
    18
100
AcDbDimension
  2
_D
 10
69.1220492009
 20
176.2926729392
 30
0.0
 11
69.1220492009
 21
165.6593125774
 31
0.0
 70
   160
  1
<>
 71
     2
 42
-1.0
  3
SLDDIMSTYLE0
100
AcDbAlignedDimension
 13
89.1220492009
 23
149.5802839589
 33
0.0
 14
79.1220492009
 24
176.2926729392
 34
0.0
 50
90.0
100
AcDbRotatedDimension
  0
DIMENSION
  5
13C
330
1F
100
AcDbEntity
  8
0
  6
Continuous
 62
     7
370
    18
100
AcDbDimension
  2
_D_1
 10
57.1220492009
 20
233.0050619196
 30
0.0
 11
57.1220492009
 21
185.9535284545
 31
0.0
 70
   160
  1
<>
 71
     2
 42
-1.0
  3
SLDDIMSTYLE1
100
AcDbAlignedDimension
 13
89.1220492009
 23
149.5802839589
 33
0.0
 14
89.1220492009
 24
233.0050619196
 34
0.0
 50
90.0
100
AcDbRotatedDimension
  0
DIMENSION
  5
147
330
1F
100
AcDbEntity
  8
0
  6
Continuous
 62
     7
370
    18
100
AcDbDimension
  2
_D_2
 10
199.1220492009
 20
255.0050619196
 30
0.0
 11
144.0514551587
 21
255.0050619196
 31
0.0
 70
   160
  1
<>
 71
     2
 42
-1.0
  3
SLDDIMSTYLE1
100
AcDbAlignedDimension
 13
79.1220492009
 23
223.0050619196
 33
0.0
 14
199.1220492009
 24
223.0050619196
 34
0.0
100
AcDbRotatedDimension
  0
INSERT
  5
157
330
1F
100
AcDbEntity
  8
0
  6
Continuous
 62
     7
370
     0
100
AcDbBlockReference
  2
SW_NOTE_0_7
 10
159.3538067761
 20
129.5744407875
 30
0.0
  0
LEADER
  5
159
330
1F
100
AcDbEntity
  8
0
  6
Continuous
 62
     7
370
     0
100
AcDbLeader
  3
SLDDIMSTYLE2
 76
     2
 10
139.1220492009
 20
176.2926729392
 30
0.0
 10
159.3538067761
 20
129.5744407875
 30
0.0
  0
LINE
  5
15A
330
1F
100
AcDbEntity
  8
0
  6
Continuous
 62
     7
370
    25
100
AcDbLine
 10
315.285846114
 20
161.2926729392
 30
0.0
 11
315.285846114
 21
162.2926729392
 31
0.0
  0
LINE
  5
15B
330
1F
100
AcDbEntity
  8
0
  6
Continuous
 62
     7
370
    25
100
AcDbLine
 10
315.285846114
 20
162.2926729392
 30
0.0
 11
320.4819985367
 21
165.2926729392
 31
0.0
  0
LINE
  5
15C
330
1F
100
AcDbEntity
  8
0
  6
Continuous
 62
     7
370
    25
100
AcDbLine
 10
320.4819985367
 20
165.2926729392
 30
0.0
 11
325.285846114
 21
165.2926729392
 31
0.0
  0
LINE
  5
15D
330
1F
100
AcDbEntity
  8
0
  6
Continuous
 62
     7
370
    25
100
AcDbLine
 10
325.285846114
 20
165.2926729392
 30
0.0
 11
325.285846114
 21
161.2926729392
 31
0.0
  0
LINE
  5
15E
330
1F
100
AcDbEntity
  8
0
  6
Continuous
 62
     7
370
    25
100
AcDbLine
 10
325.285846114
 20
161.2926729392
 30
0.0
 11
315.285846114
 21
161.2926729392
 31
0.0
  0
LINE
  5
15F
330
1F
100
AcDbEntity
  8
0
  6
Continuous
 62
     7
370
    25
100
AcDbLine
 10
337.285846114
 20
165.2926729392
 30
0.0
 11
337.285846114
 21
161.2926729392
 31
0.0
  0
LINE
  5
160
330
1F
100
AcDbEntity
  8
0
  6
Continuous
 62
     7
370
    25
100
AcDbLine
 10
325.285846114
 20
165.2926729392
 30
0.0
 11
337.285846114
 21
165.2926729392
 31
0.0
  0
LINE
  5
161
330
1F
100
AcDbEntity
  8
0
  6
Continuous
 62
     7
370
    25
100
AcDbLine
 10
325.285846114
 20
161.2926729392
 30
0.0
 11
337.285846114
 21
161.2926729392
 31
0.0
  0
LINE
  5
162
330
1F
100
AcDbEntity
  8
0
  6
Continuous
 62
     7
370
    25
100
AcDbLine
 10
341.285846114
 20
169.2926729392
 30
0.0
 11
345.285846114
 21
169.2926729392
 31
0.0
  0
ARC
  5
163
330
1F
100
AcDbEntity
  8
0
  6
Continuous
 62
     7
370
    25
100
AcDbCircle
 10
337.285846114
 20
169.2926729392
 30
0.0
 40
4.0
100
AcDbArc
 50
270.0
 51
0.0
  0
ARC
  5
164
330
1F
100
AcDbEntity
  8
0
  6
Continuous
 62
     7
370
    25
100
AcDbCircle
 10
337.285846114
 20
169.2926729392
 30
0.0
 40
8.0
100
AcDbArc
 50
270.0
 51
0.0
  0
LINE
  5
165
330
1F
100
AcDbEntity
  8
0
  6
Continuous
 62
     7
370
    25
100
AcDbLine
 10
341.285846114
 20
221.2926729392
 30
0.0
 11
345.285846114
 21
221.2926729392
 31
0.0
  0
LINE
  5
166
330
1F
100
AcDbEntity
  8
0
  6
Continuous
 62
     7
370
    25
100
AcDbLine
 10
345.285846114
 20
221.2926729392
 30
0.0
 11
345.285846114
 21
211.2926729392
 31
0.0
  0
LINE
  5
167
330
1F
100
AcDbEntity
  8
0
  6
Continuous
 62
     7
370
    25
100
AcDbLine
 10
345.285846114
 20
211.2926729392
 30
0.0
 11
341.285846114
 21
211.2926729392
 31
0.0
  0
LINE
  5
168
330
1F
100
AcDbEntity
  8
0
  6
Continuous
 62
     7
370
    25
100
AcDbLine
 10
341.285846114
 20
211.2926729392
 30
0.0
 11
341.285846114
 21
221.2926729392
 31
0.0
  0
LINE
  5
169
330
1F
100
AcDbEntity
  8
0
  6
Continuous
 62
     7
370
    25
100
AcDbLine
 10
345.285846114
 20
211.2926729392
 30
0.0
 11
345.285846114
 21
169.2926729392
 31
0.0
  0
LINE
  5
16A
330
1F
100
AcDbEntity
  8
0
  6
Continuous
 62
     7
370
    25
100
AcDbLine
 10
341.285846114
 20
211.2926729392
 30
0.0
 11
341.285846114
 21
169.2926729392
 31
0.0
  0
DIMENSION
  5
16B
330
1F
100
AcDbEntity
  8
0
  6
Continuous
 62
     7
370
    18
100
AcDbDimension
  2
_D_3
 10
345.285846114
 20
237.2926729392
 30
0.0
 11
355.285846114
 21
237.2926729392
 31
0.0
 70
   160
  1
<>
 71
     2
 42
-1.0
  3
SLDDIMSTYLE0
100
AcDbAlignedDimension
 13
341.285846114
 23
221.2926729392
 33
0.0
 14
345.285846114
 24
221.2926729392
 34
0.0
100
AcDbRotatedDimension
  0
DIMENSION
  5
177
330
1F
100
AcDbEntity
  8
0
  6
Continuous
 62
     7
370
    18
100
AcDbDimension
  2
_D_4
 10
320.4819985367
 20
165.2926729392
 30
0.0
 11
369.0775351169
 21
173.6138282239
 31
0.0
 70
   162
  1
<>
 71
     1
 42
-1.0
  3
SLDDIMSTYLE3
100
AcDb2LineAngularDimension
 13
337.285846114
 23
161.2926729392
 33
0.0
 14
315.285846114
 24
161.2926729392
 34
0.0
 15
315.285846114
 25
162.2926729392
 35
0.0
 16
368.4902401131
 26
176.0128489602
 36
0.0
  0
DIMENSION
  5
182
330
1F
100
AcDbEntity
  8
0
  6
Continuous
 62
     7
370
    18
100
AcDbDimension
  2
_D_5
 10
345.285846114
 20
145.2926729392
 30
0.0
 11
329.6341878492
 21
145.2926729392
 31
0.0
 70
   160
  1
<>
 71
     2
 42
-1.0
  3
SLDDIMSTYLE1
100
AcDbAlignedDimension
 13
315.285846114
 23
161.2926729392
 33
0.0
 14
345.285846114
 24
169.2926729392
 34
0.0
100
AcDbRotatedDimension
  0
DIMENSION
  5
18C
330
1F
100
AcDbEntity
  8
0
  6
Continuous
 62
     7
370
    18
100
AcDbDimension
  2
_D_6
 10
295.6630580382
 20
161.2926729392
 30
0.0
 11
295.6630580382
 21
194.7417466683
 31
0.0
 70
   160
  1
<>
 71
     2
 42
-1.0
  3
SLDDIMSTYLE1
100
AcDbAlignedDimension
 13
341.285846114
 23
221.2926729392
 33
0.0
 14
315.285846114
 24
161.2926729392
 34
0.0
 50
90.0
100
AcDbRotatedDimension
  0
LINE
  5
196
330
1F
100
AcDbEntity
  8
0
  6
Continuous
 62
     7
370
    25
100
AcDbLine
 10
37.6178567328
 20
41.1582306392
 30
0.0
 11
80.0442636039
 21
16.6659872845
 31
0.0
  0
LINE
  5
197
330
1F
100
AcDbEntity
  8
0
  6
Continuous
 62
     7
370
    25
100
AcDbLine
 10
87.7512078504
 20
21.3542641015
 30
0.0
 11
87.7512078504
 21
22.4529278425
 31
0.0
  0
LINE
  5
198
330
1F
100
AcDbEntity
  8
0
  6
Continuous
 62
     7
370
    25
100
AcDbLine
 10
39.23921771
 20
63.2425990589
 30
0.0
 11
37.8250041476
 21
62.426190947
 31
0.0
  0
LINE
  5
199
330
1F
100
AcDbEntity
  8
0
  6
Continuous
 62
     7
370
    25
100
AcDbLine
 10
80.6298875068
 20
36.4611316718
 30
0.0
 11
79.2156739445
 21
35.64472356
 31
0.0
  0
ARC
  5
19A
330
1F
100
AcDbEntity
  8
0
  6
Continuous
 62
     7
370
    25
100
AcDbCircle
 10
71.5395934376
 20
35.2954192987
 30
0.0
 40
7.684024037860311
100
AcDbArc
 50
2.6054784857
 51
57.39452166
  0
LINE
  5
19B
330
1F
100
AcDbEntity
  8
0
  6
Continuous
 62
     7
370
    25
100
AcDbLine
 10
75.6801400385
 20
41.768447899
 30
0.0
 11
77.0943536009
 21
42.5848560108
 31
0.0
  0
ARC
  5
19C
330
1F
100
AcDbEntity
  8
0
  6
Continuous
 62
     7
370
    25
100
AcDbCircle
 10
72.953807
 20
36.1118274105
 30
0.0
 40
7.684024037860362
100
AcDbArc
 50
2.6054784857
 51
57.39452166
  0
LINE
  5
19D
330
1F
100
AcDbEntity
  8
0
  6
Continuous
 62
     7
370
    25
100
AcDbLine
 10
79.2156739445
 20
18.4973665104
 30
0.0
 11
79.2156739445
 21
35.64472356
 31
0.0
  0
LINE
  5
19E
330
1F
100
AcDbEntity
  8
0
  6
Continuous
 62
     7
370
    25
100
AcDbLine
 10
36.7892670733
 20
42.9896098651
 30
0.0
 11
79.2156739445
 21
18.4973665104
 31
0.0
  0
LINE
  5
19F
330
1F
100
AcDbEntity
  8
0
  6
Continuous
 62
     7
370
    25
100
AcDbLine
 10
36.7892670733
 20
60.1369669147
 30
0.0
 11
36.7892670733
 21
42.9896098651
 31
0.0
  0
ARC
  5
1A0
330
1F
100
AcDbEntity
  8
0
  6
Continuous
 62
     7
370
    25
100
AcDbCircle
 10
38.9446389104
 20
60.4866028992
 30
0.0
 40
2.183545987142407
100
AcDbArc
 50
50.7967147643
 51
189.2140369905
  0
LINE
  5
1A1
330
1F
100
AcDbEntity
  8
0
  6
Continuous
 62
     7
370
    25
100
AcDbLine
 10
75.6801400385
 20
41.768447899
 30
0.0
 11
40.3248009792
 21
62.1786506946
 31
0.0
  0
LWPOLYLINE
  5
1A2
330
1F
100
AcDbEntity
  8
0
  6
Continuous
 62
     7
370
    25
100
AcDbPolyline
 90
       26
 70
   128
 43
0.0
 10
74.3719924933
 20
35.9912989074
 10
74.3544288866
 20
36.3238082176
 10
74.3020150549
 20
36.6713521661
 10
74.2155775958
 20
37.0284497772
 10
74.0964796796
 20
37.3894694082
 10
73.9465995515
 20
37.7487175639
 10
73.7683009107
 20
38.1005286863
 10
73.5643956334
 20
38.4393545037
 10
73.3380994275
 20
38.7598515307
 10
73.0929811193
 20
39.0569653377
 10
72.8329063711
 20
39.3260102624
 10
72.561976717
 20
39.5627433058
 10
72.2844648794
 20
39.7634310461
 10
72.0047473858
 20
39.924908518
 10
71.7272355482
 20
40.0446291252
 10
71.4563058941
 20
40.1207048023
 10
71.1962311459
 20
40.1519357903
 10
70.9511128378
 20
40.1378295579
 10
70.7248166318
 20
40.0786085688
 10
70.5209113545
 20
39.9752067735
 10
70.3426127137
 20
39.8292548799
 10
70.1927325857
 20
39.6430546366
 10
70.0736346694
 20
39.4195425328
 10
69.9871972103
 20
39.1622434878
 10
69.9347833786
 20
38.8752152612
 10
69.9172197719
 20
38.5629844596
  0
LINE
  5
1A3
330
1F
100
AcDbEntity
  8
0
  6
Continuous
 62
     7
370
    25
100
AcDbLine
 10
69.9172197719
 20
38.5629844596
 30
0.0
 11
69.9172197719
 21
30.3975763407
 31
0.0
  0
LWPOLYLINE
  5
1A4
330
1F
100
AcDbEntity
  8
0
  6
Continuous
 62
     7
370
    25
100
AcDbPolyline
 90
       26
 70
   128
 43
0.0
 10
69.9172197719
 20
30.3975763407
 10
69.9347833786
 20
30.0650670305
 10
69.9871972103
 20
29.7175230819
 10
70.0736346694
 20
29.3604254709
 10
70.1927325857
 20
28.9994058398
 10
70.3426127137
 20
28.6401576842
 10
70.5209113545
 20
28.2883465618
 10
70.7248166318
 20
27.9495207444
 10
70.9511128378
 20
27.6290237174
 10
71.1962311459
 20
27.3319099104
 10
71.4563058941
 20
27.0628649856
 10
71.7272355482
 20
26.8261319423
 10
72.0047473858
 20
26.6254442019
 10
72.2844648794
 20
26.4639667301
 10
72.561976717
 20
26.3442461228
 10
72.8329063711
 20
26.2681704458
 10
73.0929811193
 20
26.2369394578
 10
73.3380994275
 20
26.2510456902
 10
73.5643956334
 20
26.3102666793
 10
73.7683009107
 20
26.4136684746
 10
73.9465995515
 20
26.5596203682
 10
74.0964796796
 20
26.7458206114
 10
74.2155775958
 20
26.9693327153
 10
74.3020150549
 20
27.2266317603
 10
74.3544288866
 20
27.5136599869
 10
74.3719924933
 20
27.8258907885
  0
LINE
  5
1A5
330
1F
100
AcDbEntity
  8
0
  6
Continuous
 62
     7
370
    25
100
AcDbLine
 10
74.3719924933
 20
27.8258907885
 30
0.0
 11
74.3719924933
 21
35.9912989074
 31
0.0
  0
LWPOLYLINE
  5
1A6
330
1F
100
AcDbEntity
  8
0
  6
Continuous
 62
     7
370
    25
100
AcDbPolyline
 90
       26
 70
   128
 43
0.0
 10
46.0877212459
 20
52.3194611438
 10
46.0701576391
 20
52.6519704541
 10
46.0177438075
 20
52.9995144026
 10
45.9313063484
 20
53.3566120137
 10
45.8122084321
 20
53.7176316447
 10
45.662328304
 20
54.0768798004
 10
45.4840296633
 20
54.4286909227
 10
45.2801243859
 20
54.7675167402
 10
45.05382818
 20
55.0880137672
 10
44.8087098719
 20
55.3851275742
 10
44.5486351237
 20
55.6541724989
 10
44.2777054695
 20
55.8909055422
 10
44.0001936319
 20
56.0915932826
 10
43.7204761384
 20
56.2530707545
 10
43.4429643008
 20
56.3727913617
 10
43.1720346466
 20
56.4488670387
 10
42.9119598984
 20
56.4800980267
 10
42.6668415903
 20
56.4659917943
 10
42.4405453844
 20
56.4067708053
 10
42.236640107
 20
56.3033690099
 10
42.0583414663
 20
56.1574171163
 10
41.9084613382
 20
55.9712168731
 10
41.7893634219
 20
55.7477047693
 10
41.7029259628
 20
55.4904057242
 10
41.6505121312
 20
55.2033774976
 10
41.6329485244
 20
54.891146696
  0
LINE
  5
1A7
330
1F
100
AcDbEntity
  8
0
  6
Continuous
 62
     7
370
    25
100
AcDbLine
 10
41.6329485244
 20
54.891146696
 30
0.0
 11
41.6329485244
 21
46.7257385772
 31
0.0
  0
LWPOLYLINE
  5
1A8
330
1F
100
AcDbEntity
  8
0
  6
Continuous
 62
     7
370
    25
100
AcDbPolyline
 90
       26
 70
   128
 43
0.0
 10
41.6329485244
 20
46.7257385772
 10
41.6505121312
 20
46.3932292669
 10
41.7029259628
 20
46.0456853184
 10
41.7893634219
 20
45.6885877073
 10
41.9084613382
 20
45.3275680763
 10
42.0583414663
 20
44.9683199206
 10
42.236640107
 20
44.6165087983
 10
42.4405453844
 20
44.2776829808
 10
42.6668415903
 20
43.9571859538
 10
42.9119598984
 20
43.6600721468
 10
43.1720346466
 20
43.3910272221
 10
43.4429643008
 20
43.1542941788
 10
43.7204761384
 20
42.9536064384
 10
44.0001936319
 20
42.7921289665
 10
44.2777054695
 20
42.6724083593
 10
44.5486351237
 20
42.5963326823
 10
44.8087098719
 20
42.5651016943
 10
45.05382818
 20
42.5792079267
 10
45.2801243859
 20
42.6384289157
 10
45.4840296633
 20
42.7418307111
 10
45.662328304
 20
42.8877826047
 10
45.8122084321
 20
43.0739828479
 10
45.9313063484
 20
43.2974949517
 10
46.0177438075
 20
43.5547939968
 10
46.0701576391
 20
43.8418222234
 10
46.0877212459
 20
44.1540530249
  0
LINE
  5
1A9
330
1F
100
AcDbEntity
  8
0
  6
Continuous
 62
     7
370
    25
100
AcDbLine
 10
46.0877212459
 20
44.1540530249
 30
0.0
 11
46.0877212459
 21
52.3194611438
 31
0.0
  0
LINE
  5
1AA
330
1F
100
AcDbEntity
  8
0
  6
Continuous
 62
     7
370
    25
100
AcDbLine
 10
80.6298875068
 20
19.3137746222
 30
0.0
 11
79.2156739445
 21
18.4973665104
 31
0.0
  0
LINE
  5
1AB
330
1F
100
AcDbEntity
  8
0
  6
Continuous
 62
     7
370
    25
100
AcDbLine
 10
80.6298875068
 20
19.3137746222
 30
0.0
 11
80.6298875068
 21
36.4611316718
 31
0.0
  0
LINE
  5
1AC
330
1F
100
AcDbEntity
  8
0
  6
Continuous
 62
     7
370
    25
100
AcDbLine
 10
41.7390145416
 20
62.9950588064
 30
0.0
 11
40.3248009792
 21
62.1786506946
 31
0.0
  0
LINE
  5
1AD
330
1F
100
AcDbEntity
  8
0
  6
Continuous
 62
     7
370
    25
100
AcDbLine
 10
77.0943536009
 20
42.5848560108
 30
0.0
 11
41.7390145416
 21
62.9950588064
 31
0.0
  0
LINE
  5
1AE
330
1F
100
AcDbEntity
  8
0
  6
Continuous
 62
     7
370
    25
100
AcDbLine
 10
71.3314333342
 20
39.3793925714
 30
0.0
 11
69.9172197719
 21
38.5629844596
 31
0.0
  0
ARC
  5
1AF
330
1F
100
AcDbEntity
  8
0
  6
Continuous
 62
     7
370
    25
100
AcDbCircle
 10
73.5900160093
 20
39.4165658579
 30
0.0
 40
2.258888565944713
100
AcDbArc
 50
161.7743047453
 51
180.9429276878
  0
LINE
  5
1B0
330
1F
100
AcDbEntity
  8
0
  6
Continuous
 62
     7
370
    25
100
AcDbLine
 10
71.3314333342
 20
31.2139844526
 30
0.0
 11
69.9172197719
 21
30.3975763407
 31
0.0
  0
LINE
  5
1B1
330
1F
100
AcDbEntity
  8
0
  6
Continuous
 62
     7
370
    25
100
AcDbLine
 10
71.3314333342
 20
39.3793925714
 30
0.0
 11
71.3314333342
 21
31.2139844526
 31
0.0
  0
ARC
  5
1B2
330
1F
100
AcDbEntity
  8
0
  6
Continuous
 62
     7
370
    25
100
AcDbCircle
 10
75.7716901318
 20
31.2570821266
 30
0.0
 40
4.440465948226886
100
AcDbArc
 50
180.5561023613
 51
250.0825422565
  0
LWPOLYLINE
  5
1B3
330
1F
100
AcDbEntity
  8
0
  6
Continuous
 62
     7
370
    25
100
AcDbPolyline
 90
       15
 70
   128
 43
0.0
 10
79.2156739445
 20
18.4973665104
 10
79.2334585006
 20
18.1419390592
 10
79.2865885177
 20
17.8115149259
 10
79.3743958552
 20
17.5102493855
 10
79.4957762847
 20
17.2419310271
 10
79.6492033769
 20
17.0099341098
 10
79.8327476972
 20
16.8171761293
 10
80.0441010692
 20
16.6660811291
 10
80.2806056016
 20
16.5585492165
 10
80.5392871128
 20
16.4959326677
 10
80.8168925325
 20
16.4790189221
 10
81.1099308117
 20
16.5080206799
 10
81.4147168238
 20
16.5825732272
 10
81.727417708
 20
16.7017390224
 10
82.0441010692
 20
16.8640194865
  0
ARC
  5
1B4
330
1F
100
AcDbEntity
  8
0
  6
Continuous
 62
     7
370
    25
100
AcDbCircle
 10
38.7433010015
 20
42.7705601819
 30
0.0
 40
1.966273469333072
100
AcDbArc
 50
173.6037743405
 51
235.0840452661
  0
LWPOLYLINE
  5
1B5
330
1F
100
AcDbEntity
  8
0
  6
Continuous
 62
     7
370
    25
100
AcDbPolyline
 90
       11
 70
   128
 43
0.0
 10
80.6298875068
 20
19.3137746222
 10
80.6472988226
 20
19.0683557107
 10
80.6991040453
 20
18.8490825044
 10
80.7840275586
 20
18.6613542375
 10
80.8999782636
 20
18.509793403
 10
81.0441010692
 20
18.3981319316
 10
81.2128471937
 20
18.3291192992
 10
81.4020615473
 20
18.3044548261
 10
81.6070850448
 20
18.3247458332
 10
81.8228693271
 20
18.3894926888
 10
82.0441010692
 20
18.4971011103
  0
LINE
  5
1B6
330
1F
100
AcDbEntity
  8
0
  6
Continuous
 62
     7
370
    25
100
AcDbLine
 10
82.0441010692
 20
18.4971011103
 30
0.0
 11
82.0441010692
 21
16.8640194865
 31
0.0
  0
LINE
  5
1B7
330
1F
100
AcDbEntity
  8
0
  6
Continuous
 62
     7
370
    25
100
AcDbLine
 10
82.0441010692
 20
18.4971011103
 30
0.0
 11
80.6298875255
 21
19.3135092113
 31
0.0
  0
LINE
  5
1B8
330
1F
100
AcDbEntity
  8
0
  6
Continuous
 62
     7
370
    25
100
AcDbLine
 10
82.0441010692
 20
18.4971011103
 30
0.0
 11
86.2867417563
 21
20.9463254458
 31
0.0
  0
LINE
  5
1B9
330
1F
100
AcDbEntity
  8
0
  6
Continuous
 62
     7
370
    25
100
AcDbLine
 10
86.2867417563
 20
19.313243822
 30
0.0
 11
86.2867417563
 21
20.9463254458
 31
0.0
  0
LINE
  5
1BA
330
1F
100
AcDbEntity
  8
0
  6
Continuous
 62
     7
370
    25
100
AcDbLine
 10
82.0441010692
 20
16.8640194865
 30
0.0
 11
86.2867417563
 21
19.313243822
 31
0.0
  0
LINE
  5
1BB
330
1F
100
AcDbEntity
  8
0
  6
Continuous
 62
     7
370
    25
100
AcDbLine
 10
43.8603348851
 20
45.4385688004
 30
0.0
 11
43.6999951437
 21
45.3460066379
 31
0.0
  0
ARC
  5
1BC
330
1F
100
AcDbEntity
  8
0
  6
Continuous
 62
     7
370
    25
100
AcDbCircle
 10
46.9787915467
 20
39.8038644244
 30
0.0
 40
6.440082713408573
100
AcDbArc
 50
98.8011929352
 51
118.9617863677
  0
LINE
  5
1BD
330
1F
100
AcDbEntity
  8
0
  6
Continuous
 62
     7
370
    25
100
AcDbLine
 10
87.5504922402
 20
22.1777278853
 30
0.0
 11
80.6298875068
 21
26.1729079581
 31
0.0
  0
LINE
  5
1BE
330
1F
100
AcDbEntity
  8
0
  6
Continuous
 62
     7
370
    25
100
AcDbLine
 10
74.3719924933
 20
29.7855138529
 30
0.0
 11
71.3314333342
 21
31.5407912933
 31
0.0
  0
LINE
  5
1BF
330
1F
100
AcDbEntity
  8
0
  6
Continuous
 62
     7
370
    25
100
AcDbLine
 10
46.0877212459
 20
46.1136760893
 30
0.0
 11
45.993417599
 21
46.1681164259
 31
0.0
  0
ARC
  5
1C0
330
1F
100
AcDbEntity
  8
0
  6
Continuous
 62
     7
370
    25
100
AcDbCircle
 10
84.8257975204
 20
23.7098229852
 30
0.0
 40
3.125904142916908
100
AcDbArc
 50
297.8635138364
 51
330.6509639193
  0
ELLIPSE
  5
1C1
330
1F
100
AcDbEntity
  8
0
  6
Continuous
 62
     7
370
    25
100
AcDbEllipse
 10
82.7512078504
 20
24.1196847952
 30
0.0
 11
4.985293327920616
 21
-1.755333469765098
 31
0.0
210
0.0
220
0.0
230
1.0
 40
0.218312189
 41
6.075597865237572
 42
7.145300840916982
  0
ARC
  5
1C2
330
1F
100
AcDbEntity
  8
0
  6
Continuous
 62
     7
370
    25
100
AcDbCircle
 10
85.248922538
 20
21.603795986
 30
0.0
 40
2.514696392468868
100
AcDbArc
 50
294.3746582936
 51
354.3052007488
  0
ELLIPSE
  5
1C3
330
1F
100
AcDbEntity
  8
0
  6
Continuous
 62
     7
370
    25
100
AcDbEllipse
 10
47.3958687911
 20
44.5298875908
 30
0.0
 11
4.985293327920623
 21
-1.755333469765098
 31
0.0
210
0.0
220
0.0
230
1.0
 40
0.218312189
 41
1.912223830504443
 42
1.93181850941689
  0
LINE
  5
1C4
330
1F
100
AcDbEntity
  8
0
  6
Continuous
 62
     7
370
    25
100
AcDbLine
 10
71.3314333342
 20
32.4370705696
 30
0.0
 11
74.3719924933
 21
30.6817931291
 31
0.0
  0
LINE
  5
1C5
330
1F
100
AcDbEntity
  8
0
  6
Continuous
 62
     7
370
    25
100
AcDbLine
 10
80.6298875068
 20
27.0691872343
 30
0.0
 11
86.2867417563
 21
23.803554787
 31
0.0
  0
LINE
  5
1C6
330
1F
100
AcDbEntity
  8
0
  6
Continuous
 62
     7
370
    25
100
AcDbLine
 10
43.0471620868
 20
55.7075548079
 30
0.0
 11
41.6329485244
 21
54.891146696
 31
0.0
  0
ARC
  5
1C7
330
1F
100
AcDbEntity
  8
0
  6
Continuous
 62
     7
370
    25
100
AcDbCircle
 10
45.3057447619
 20
55.7447280944
 30
0.0
 40
2.258888565945243
100
AcDbArc
 50
161.7743047453
 51
180.9429276878
  0
ARC
  5
1C8
330
1F
100
AcDbEntity
  8
0
  6
Continuous
 62
     7
370
    25
100
AcDbCircle
 10
40.2744142673
 20
60.9506521608
 30
0.0
 40
2.514886179508997
100
AcDbArc
 50
54.3824225248
 51
114.3071190461
  0
LINE
  5
1C9
330
1F
100
AcDbEntity
  8
0
  6
Continuous
 62
     7
370
    25
100
AcDbLine
 10
43.0471620868
 20
47.542146689
 30
0.0
 11
41.6329485244
 21
46.7257385772
 31
0.0
  0
LINE
  5
1CA
330
1F
100
AcDbEntity
  8
0
  6
Continuous
 62
     7
370
    25
100
AcDbLine
 10
43.0471620868
 20
55.7075548079
 30
0.0
 11
43.0471620868
 21
47.542146689
 31
0.0
  0
ARC
  5
1CB
330
1F
100
AcDbEntity
  8
0
  6
Continuous
 62
     7
370
    25
100
AcDbCircle
 10
47.4874188843
 20
47.5852443631
 30
0.0
 40
4.440465948226927
100
AcDbArc
 50
180.5561023613
 51
250.0825422565
  0
OLE2FRAME
  5
1CC
330
1F
100
AcDbEntity
  8
0
100
AcDbOle2Frame
 70
     2
  3
Picture (Enhanced Metafile)
 10
224.9694969787
 20
65.6860660679
 30
0.0
 11
275.3730905394
 21
53.3697875592
 31
0.0
 71
     3
 72
     0
 73
     1
 90
   206464
310
80552823871E061F6C408B20A781E86B50400000000000000000790FC92DF835
310
71408B20A781E86B50400000000000000000790FC92DF83571407DB1E03255AF
310
4A4000000000000000002823871E061F6C407DB1E03255AF4A40000000000000
310
0000000000000100000000010000010000000100000000000100000000260300
310
D0CF11E0A1B11AE1000000000000000000000000000000003E000300FEFF0900
310
0600000000000000000000000400000001000000000000000010000002000000
310
01000000FEFFFFFF00000000000000007D0000007E0000007F000000FFFFFFFF
310
FFFFFFFFFFFFFFFFFFFFFFFFFFFFFFFFFFFFFFFFFFFFFFFFFFFFFFFFFFFFFFFF
310
FFFFFFFFFFFFFFFFFFFFFFFFFFFFFFFFFFFFFFFFFFFFFFFFFFFFFFFFFFFFFFFF
310
FFFFFFFFFFFFFFFFFFFFFFFFFFFFFFFFFFFFFFFFFFFFFFFFFFFFFFFFFFFFFFFF
310
FFFFFFFFFFFFFFFFFFFFFFFFFFFFFFFFFFFFFFFFFFFFFFFFFFFFFFFFFFFFFFFF
310
FFFFFFFFFFFFFFFFFFFFFFFFFFFFFFFFFFFFFFFFFFFFFFFFFFFFFFFFFFFFFFFF
310
FFFFFFFFFFFFFFFFFFFFFFFFFFFFFFFFFFFFFFFFFFFFFFFFFFFFFFFFFFFFFFFF
310
FFFFFFFFFFFFFFFFFFFFFFFFFFFFFFFFFFFFFFFFFFFFFFFFFFFFFFFFFFFFFFFF
310
FFFFFFFFFFFFFFFFFFFFFFFFFFFFFFFFFFFFFFFFFFFFFFFFFFFFFFFFFFFFFFFF
310
FFFFFFFFFFFFFFFFFFFFFFFFFFFFFFFFFFFFFFFFFFFFFFFFFFFFFFFFFFFFFFFF
310
FFFFFFFFFFFFFFFFFFFFFFFFFFFFFFFFFFFFFFFFFFFFFFFFFFFFFFFFFFFFFFFF
310
FFFFFFFFFFFFFFFFFFFFFFFFFFFFFFFFFFFFFFFFFFFFFFFFFFFFFFFFFFFFFFFF
310
FFFFFFFFFFFFFFFFFFFFFFFFFFFFFFFFFFFFFFFFFFFFFFFFFFFFFFFFFFFFFFFF
310
FFFFFFFFFFFFFFFFFFFFFFFFFFFFFFFFFFFFFFFFFFFFFFFFFFFFFFFFFFFFFFFF
310
FDFFFFFF7C000000FEFFFFFFFEFFFFFF05000000060000000700000008000000
310
090000000A0000000B0000000C0000000D0000000E0000000F00000010000000
310
1100000012000000130000001400000015000000160000001700000018000000
310
190000001A0000001B0000001C0000001D0000001E0000001F00000020000000
310
2100000022000000230000002400000025000000260000002700000028000000
310
290000002A0000002B0000002C0000002D0000002E0000002F00000030000000
310
3100000032000000330000003400000035000000360000003700000038000000
310
390000003A0000003B0000003C0000003D0000003E0000003F00000040000000
310
4100000042000000430000004400000045000000460000004700000048000000
310
490000004A0000004B0000004C0000004D0000004E0000004F00000050000000
310
5100000052000000530000005400000055000000560000005700000058000000
310
590000005A0000005B0000005C0000005D0000005E0000005F00000060000000
310
6100000062000000630000006400000065000000660000006700000068000000
310
690000006A0000006B0000006C0000006D0000006E0000006F00000070000000
310
7100000072000000730000007400000075000000760000007700000078000000
310
790000007A0000007B000000FEFFFFFFFEFFFFFFFDFFFFFFFDFFFFFFFDFFFFFF
310
52006F006F007400200045006E00740072007900000000000000000000000000
310
0000000000000000000000000000000000000000000000000000000000000000
310
16000500FFFFFFFFFFFFFFFF020000001903000000000000C000000000000046
310
000000000000000000000000908303FFA8D2DA0103000000C000000000000000
310
01004F006C006500000000000000000000000000000000000000000000000000
310
0000000000000000000000000000000000000000000000000000000000000000
310
0A000201FFFFFFFFFFFFFFFFFFFFFFFF00000000000000000000000000000000
310
0000000000000000000000000000000000000000000000001400000000000000
310
010043006F006D0070004F0062006A0000000000000000000000000000000000
310
0000000000000000000000000000000000000000000000000000000000000000
310
120002010100000003000000FFFFFFFF00000000000000000000000000000000
310
0000000000000000000000000000000000000000010000005800000000000000
310
43004F004E00540045004E005400530000000000000000000000000000000000
310
0000000000000000000000000000000000000000000000000000000000000000
310
12000201FFFFFFFF04000000FFFFFFFF00000000000000000000000000000000
310
000000000000000000000000000000000000000004000000D8EF000000000000
310
FEFFFFFF02000000FEFFFFFFFFFFFFFFFFFFFFFFFFFFFFFFFFFFFFFFFFFFFFFF
310
FFFFFFFFFFFFFFFFFFFFFFFFFFFFFFFFFFFFFFFFFFFFFFFFFFFFFFFFFFFFFFFF
310
FFFFFFFFFFFFFFFFFFFFFFFFFFFFFFFFFFFFFFFFFFFFFFFFFFFFFFFFFFFFFFFF
310
FFFFFFFFFFFFFFFFFFFFFFFFFFFFFFFFFFFFFFFFFFFFFFFFFFFFFFFFFFFFFFFF
310
FFFFFFFFFFFFFFFFFFFFFFFFFFFFFFFFFFFFFFFFFFFFFFFFFFFFFFFFFFFFFFFF
310
FFFFFFFFFFFFFFFFFFFFFFFFFFFFFFFFFFFFFFFFFFFFFFFFFFFFFFFFFFFFFFFF
310
FFFFFFFFFFFFFFFFFFFFFFFFFFFFFFFFFFFFFFFFFFFFFFFFFFFFFFFFFFFFFFFF
310
FFFFFFFFFFFFFFFFFFFFFFFFFFFFFFFFFFFFFFFFFFFFFFFFFFFFFFFFFFFFFFFF
310
FFFFFFFFFFFFFFFFFFFFFFFFFFFFFFFFFFFFFFFFFFFFFFFFFFFFFFFFFFFFFFFF
310
FFFFFFFFFFFFFFFFFFFFFFFFFFFFFFFFFFFFFFFFFFFFFFFFFFFFFFFFFFFFFFFF
310
FFFFFFFFFFFFFFFFFFFFFFFFFFFFFFFFFFFFFFFFFFFFFFFFFFFFFFFFFFFFFFFF
310
FFFFFFFFFFFFFFFFFFFFFFFFFFFFFFFFFFFFFFFFFFFFFFFFFFFFFFFFFFFFFFFF
310
FFFFFFFFFFFFFFFFFFFFFFFFFFFFFFFFFFFFFFFFFFFFFFFFFFFFFFFFFFFFFFFF
310
FFFFFFFFFFFFFFFFFFFFFFFFFFFFFFFFFFFFFFFFFFFFFFFFFFFFFFFFFFFFFFFF
310
FFFFFFFFFFFFFFFFFFFFFFFFFFFFFFFFFFFFFFFFFFFFFFFFFFFFFFFFFFFFFFFF
310
FFFFFFFFFFFFFFFFFFFFFFFFFFFFFFFFFFFFFFFFFFFFFFFFFFFFFFFFFFFFFFFF
310
0100000200000000000000000000000000000000000000000000000000000000
310
0000000000000000000000000000000000000000000000000000000000000000
310
0100FEFF030A0000FFFFFFFF1903000000000000C0000000000000461C000000
310
506963747572652028456E68616E636564204D65746166696C652900FFFFFFFF
310
0E00000000000000F439B2710000000000000000000000000000000000000000
310
0000000000000000000000000000000000000000000000000000000000000000
310
0000000000000000000000000000000000000000000000000000000000000000
310
0000000000000000000000000000000000000000000000000000000000000000
310
0000000000000000000000000000000000000000000000000000000000000000
310
0000000000000000000000000000000000000000000000000000000000000000
310
0000000000000000000000000000000000000000000000000000000000000000
310
0000000000000000000000000000000000000000000000000000000000000000
310
0000000000000000000000000000000000000000000000000000000000000000
310
0000000000000000000000000000000000000000000000000000000000000000
310
0000000000000000000000000000000000000000000000000000000000000000
310
0000000000000000000000000000000000000000000000000000000000000000
310
6C000000010000006C0000000000000000000000440100004F000000F2FFFFFF
310
F2FFFFFFCA2200008208000020454D460000010068EF00001000000001000000
310
00000000000000000000000080070000380400000F0200002801000000000000
310
0000000000000000980A080040840400010000006C0000000000000000000000
310
440100004F000000F2FFFFFFF2FFFFFFCA2200008208000020454D4600000100
310
68EF000010000000010000000000000000000000000000008007000038040000
310
0F02000028010000000000000000000000000000980A08004084040046000000
310
2C00000020000000454D462B014001001C000000100000000210C0DB01000000
310
60000000600000004600000008210000FC200000454D462B3040020010000000
310
040000000000803F224004000C000000000000002A4000002400000018000000
310
0000803F00000000000000000000803F0000000000000000324000011C000000
310
1000000000000000000000000080A2430000A0422A4000002400000018000000
310
0000803F00000000000000000000803F00000000000000002540000010000000
310
04000000000000001F4003000C000000000000001E4009000C00000000000000
310
244004000C00000000000000214007000C000000000000002A40000024000000
310
18000000662CDC380000000000000000662CDC38000000000000000008400005
310
B01F0000A41F00000210C0DB0100000000000000000000000000000000000000
310
0100000089504E470D0A1A0A0000000D49484452000001450000005008060000
310
008E1867C1000000017352474200AECE1CE90000000467414D410000B18F0BFC
310
6105000000097048597300000EC300000EC301C76FA86400001F1D4944415478
310
5EED9D8997655575C6F347646525461C92280113A346A3065D8A0C6A830D8288
310
82222DA020A0E08008A820A362AB1005074405410C12A0A1E7799E9BAE799EBB
310
C6AEF1D55CD55527E777EEDDAFCEBBEFD6AB37550FC9FED6DAEBDD7BCF3C7D67
310
9FF1FD955128140A45124A8A0A8542E1414951A150283C28292A140A85072545
310
8542A1F0A0A4A85028141E9414150A85C28392A242A1507850525428140A0F4A
310
8A0A8542E1414951A150283C28292A140A850725458542A1F0B028A438333E66
310
46AB0F9BDE154F99B69F7EDB34DC7685A9B9F65C53F5B9FF349557BC2F45AA3E
310
7F96A9BD618969FAEE174DC7AFEE33031B5F32136D0DA14F0A8542717C513452
310
9C9D3966464AF79A8E5FDEEB48AE6CE999A6EC13FF9C97545CF64ED378FB95E6
310
E80B4F9889238D61080A8542B1F828981467A726CDC0A6979D36184770854AC5
310
E5EF366D3FFEA619AD381086A85028148B8782487168C71A537FEBA762C9ACE8
310
B2F40CD3FAC35BCD78436518BA42A150141F7991E264478B697DE89678F25A64
310
A9B8EC5DA6FB4FBF30B39313616C140A85A278C8991407B7AD3255577D3096B0
310
8EA7347EE7F366A2B53E8C9542A1501407D993E2ECACE97AFA67B10475A28495
310
EBC4DE4D6104150A85A27064458AB3D353E6C82377C612D38996F24FFEABE95F
310
FF9730A60A854251181624C5D963D3A66DF96DB18474D2C8D2334DDFEAE7C218
310
2B140A45FE589014DB7FF1FD7822B2527AFE1B4DC947FEDE949C53A09CFB7AE7
310
57E9927F8A0D271B29BFF86D6EBE53A150280A414652EC79EEB158022ABBF074
310
5376D1DB4CF3CFEF366D4F3F6A5A9E78D8B4FEF6C739CA72D3F2EB1F9AE647BF
310
6F1AEEBBC9D4DC7CB129FFD43B2D495A823CEF8D361C1B465CD819843D8DA355
310
87C2D82B140A45EE989714870F6E33E596F8E2C80729FDE89B1D990D4F1B3382
310
7DFB9BB74C1A33941833FD4D75A67DC533A6E6AB9758EDF1B450733C232DEC4C
310
527BFDC7CCF4606F90882261BAFFA899EC6CB1D29AA5B498A9A39D6E712A0E4C
310
491C1B1E32C71283C1AF2F8981ACB71B31D7EBDC8C26DC89A29C41FC6667C297
310
2C805DE7263E5D0AC5FF05C49222A45273CD39B1A4E34BC9D97F671A7E70A349
310
8C4C98C4E894191A1ACD53C6CCD0F0B8498C1D33C3B6DD254626CD91E79F741B
310
B64B3FF60FB1616712CE5B1713ECC9440BADBCFC3D5909761BBE7DA525BF54A2
310
1A29DDE3E25677D35253BDECC3B15275D5074CFFDAE74317E980FC8676AE35AD
310
0F7F63CE9F2F9E6DEA6FBDD4FA7DBB49ECDB1CDACC8CD1CA83A6E19B979BFAAF
310
5F669ABE7F9D23E34CE8F9CB6FDC46FDFA6F7CDAB96BBCFD736E5B14BF4DDFBB
310
C69D3AEAF9F3E3C1C9A35C8856A138C9104B8AED3FFF5E2CD9A4CBE98E189B96
310
DBC6383163862C99C5935E8E323CE1B4CFAE2DABDD50BD74C95B62C2CE2C437B
310
3604892902208DB83032091AAB4F8A7D2B9F35E517FF4BACDDA870E63B0ED3FD
310
3DA6F99E2FC5BAF1A5F907D79BC9F6E6D0553CDA1FBF27C50D449B09592FB62D
310
3DD334DEF1053352AEC73215A726D248110D82458BD80A1F2796B44ACE7E9D69
310
79FC7E333C6587C156E38B25BA5CC50EA721C6D6A71E75F38CB1616790DA1B2F
310
3433E3A341A20A44F33D5F4EFA8B16888686FFF3CA572E302D0F7E35498A9C00
310
E2920B3F7E9557BCD769E3D5D77C2455ACE6D7BF2E7D8BD1B19184D3D27C3F10
310
A6389CDF910B382AAF7CBF19AB29095DA7827CA9B9EEFC14FB6DCBBF159AC6C3
310
DF92E5C2FCD43B02B9F41DB1D32C980DEE581DBA56284E1DA492E2ECACD58AAE
310
4DABE00BCA056F75ABC86D4F3D6286678D19B65C103B7718156B2F9181481992
310
0FF6F69BCA6567E7358CE6EAB262C027C596076E363393E39965623C655EB06F
310
D59FE6E2B5F40CD3F9E48FDC9C63DA7C2232CF9C62D71F96CFF961A5EA7367B9
310
21ED585D999BC31CAB2D75648A960841D6DDF409F73D0ECC17FB7E39FF3E7F96
310
991EEC0B6DA4C327456E3042139D38D2E46E311AAB2B779782308CF6FDACF8F4
310
BF9BF1E6DAD00785E2D4400A2972F5178DD6AFD859CB056F710B238D0F7FD3B4
310
FCFA01AB39DE97591EBBD7B43EB9DC746D5BE7B4C2C41873922369C4C81C23F6
310
D9FA131B6E06A9F9D2F966660C7DB330F8A4C8FC62AEE8FAE32349F7DC2989D6
310
970BA6077A9DBB393FCE3263F515A1693A98BB9CEA6E0FDFD231DF36AB4C5B9A
310
FCE173F3BD5F09BF46303B63BA9EFA698A9FCC352A14A7125248B1F5475F4FA9
310
D0390B43E9735F9FDDDE45EC7CE475A6F49CD34CDDED5799C1EE1E33349A3E27
310
C990BC6BF36AB78F319F6D3A039B5784A9CB1F299AE2435F0BBF660FFF78248B
310
225CC29B0B06B7AF4ABA478EBEF86468923B664687DD301D7F581462982FFEB6
310
FEE8D6D0563A58D8117BCDF7DE107E8D47D35D5727ED567EF63FCC546F5768A2
310
509CFC4892E264579B9B2F93CA7CDCC412E9E10FFEB5D31CDD9C64841459C0E9
310
AD280D34583B4C8FF5238330A42B14299AA225875CD1EDEDF764FE6FBCA93A34
310
C90E9DBF7B78CEBD1D92B2ED275F24F66F49FAC5CA33C3EEF24BFFCDBDA38DB2
310
FD280EB990E2E0B69549BB08612A14A70A92A4D8F7EA332915F9784AE9F96F32
310
D5D72F31430376F81C995F4C8C4D9BFEC606B7B1BB2C8F132F4CF8177A7BB74F
310
8A2CA2301C669898267F581EBB799C95703F4E2CC6F43CFF6BD3FBEA1FDDBC27
310
C2DF308C56BDE6F630468106E7BB657F62BE38F2E8DCDC60C76F1E70DFEA6FB9
310
24F96D3ECDDA1F45B4DC7763F8351EE4B7102D52ACB95D85E27820498ACD772F
310
BCD563B1844594AA65679BC19E5EB747318D149B9B4CF965EFCAFB1820E45308
310
7C525C48E2B6D3B0DACB3EC238FB29B2F44CA7BD31B7EB83393CB1C3BEC07CC1
310
5C26ABDBE2170B2EA0EBF73F4E7E63381D077F98BDD014020B362CDC88FDEE67
310
7F1E9A2814273F1C293264F227F28FB7305F5873D3456EC1254D531CB7C3E7CA
310
325376D199790D9F11568C0B414EA4F83FBF0D5DA582D55A082DCE4D542A3FF3
310
1E33D15217BA8C90E21D5F08BFE68EA1DD731A2B8B50B2C99A451BD986C556A1
310
E9BE6EF7DD472EA4786CA83FE5CECD6EAB592B14A70A1C290E1FDE9DACC02742
310
4A3EFCB7C19CA21D39FA8488F0AD73FDCBA6F4BC37C4BACD46D89397EBE2860F
310
9F14EBBEF649B711BBF795A7D365C51FCC786355E82A1D0C8D59198638D996D3
310
F9DB87ACFCD0FD46F720F2076002485DBE73AA24DF13239C7899F3E75233B0E5
310
15376CEF5BF5AC5B1011B3818D2F862EE6900B29B2DDC89F9F9E6F33BA427132
310
C29162EF4BBF4F56E0E32A1CE3B35A228B077D8D0D6EA81C478A8D0FDD6AF2D9
310
C02D527EC9DB5334AF5C51E8424B3680B4215C09A7E15B9F75FB4641FB637727
310
BFA381A189E50AF63F667B637ADC961BE611C57CA18DDED1AD5D90AF4271AAC0
310
9162F6C7FA8A29A7074477D1DB4CF78E0DF12BCF93B3A6B7B6DA945952CB6791
310
C597C4FEAD2EC1F9C027C57CB6E4640BCE454B386872428ACC89CA77C8269FD5
310
5C8EF125FD584018BEBB0B2D3CF8C70BD1383381051CB1CBD1C65C57DB158A13
310
09478AF99CEDCD5B96BC25D8CB680991DB708E961C881D3673FE797872C6D4DF
310
7D7D415AA208A74AF2458AA698C7E6ED6CE1AFF0FAA4C890DC3F37CDDC64A615
310
E8B8156C36518B7B56D0D9E6E34BC7130FBA7D8B62277AD4D0CF834C176E70C2
310
065215BB2C1CC5C547A13859E14831EE4C6DF1849B6EDE1C6CD6B66458FEC9B7
310
BBCDDA9D6B5F0C4EB2706D58941013E3EEB860DBD3FFE5DCB8FB1B63FDCE5ED8
310
2B982F5234C5FB6F74ABC96C82CE28D1394C082E4E309A39E6CE9CFBC3DBA6BB
310
96393387D999B48E0B8D9563763E5820E1B81DE5C98AB21C178CAE0633271A07
310
7FDE9034FBF0F3806D3D51905ECE3AFBABDB0873960AC5A904478AEC7DF32B72
310
31851B6EAABFFC71D3FCC89DA663E59F4D5F5D6D704518DA61CC9967B6E47026
310
FAC87F3F614A3FFA26777C30CEDF5C056D285FF884C0E6EB9AEBCE3335D79E3B
310
BF5C738E73E3DF92C3BC20DA1F841595BAAF5E9CB2AF0F89AE62B3C99A3D97BE
310
1D343B56A321B3C63BAE4A213E840534C0F13DF94638F3FD0B225796893DFC9E
310
EC3E129AA49E5261E10AADB6ED27B739ADB1E5819B9CF629E622FC4F775EF73C
310
2A1427108B4C8AA79B92F3DE60BAD6BF6CB8AF06228410DDD69B0819226E5E31
310
316A5A7E71AF7357C8DF134485E161BEC8E7928CE8D561AC1AC7D98B132E5C88
310
3B1FCD49916C4E1D4168AC84CF4E5935DCC2FF8F6EEE429C8FA8B840C2BFCDC7
310
D728215DF99E8D1CF9D9770A5AF157284E148E0B2976AE7B297EDE10191C71B7
310
E170F103F38B35B75CEACE44E7BB27713E610B4CBE60C5B9F28AF7B9BD9CD908
310
7621119F142156AED9E2CFFCD3E59DCE4DDDCD17B9D332DC96331FC61B2ADD09
310
17EC47D388A688E6E62F6CB060E2CF1566DC486D87F3689E62D7ED890CB7FFF8
310
9A629CA081A2413377397C70BB73A3509C8A08E61473D06272132E8838CDED33
310
84F4E24831313A69FA1AEAECF0FA2EB7B28AFD78BF0A93424E55B00566AAA7C3
310
114CB6C2CD36326708F8C61C209BB8E304FF45B3CB06D8877CD8EEC2F098FD8F
310
719BAEF9CB83E1433BDC507AF8F0AE05B7F31047EC2123E5FB935A25716408CF
310
5144E63F112E92C51EB76D3324CF44E60AC5A902478A4DDFFD622C9114434ACE
310
7FA3A9BB7399233F5694A3A4C80A33B7E0947CE86FC23B13F3BCBA6C0129F4A8
310
9F42A1F8FF01478A8BFD47F70C878F3CFBF83CDAE2989B4BE4E66E6EF08E735F
310
0C49ECDDE812AC50281499E0489163587144522C295DF28FEEB283DED283B19B
310
B4E5BF5D6A6FBDCCDDB5586C6DD16D206E98FFF89D42A150081C29260E6C8D25
310
93624AE9B9A7999A9B969AA1C14430948E1023A757FA6AABDD1561F9FCF54026
310
E16257FE0654A15028168223451601FC0B01164BF8E73FFE5A807D8851524418
310
5E77ACFA4B70F9C385C55B7DE67F4B0AC1CCCC8C999C9C72BF606A6ACA4C4F07
310
A734666767DDFBB170A5796A6ADABDFB76E643D45F10FD86BFF8C53BFE89DF71
310
618C8F4F984422612626E6166C70277689AB40E229F106929668DAA2829FD178
310
82B1B1311BFEB0B32390F8E3D7CC4CBA7F9847C3F1D3345F9C7C77BE7D9EFD77
310
3032326286878753E20AB0477C476DBC73016147C3100471CA5C078807F11919
310
99FB6335DC6137B3BB59EB6EC4A507FBC1B7B9F2F505BBA9799F5E5E939393CE
310
1CC4F91D4D0BFE09E2C2E55BDC77BFAC7C3F40602735AD413EA4A79FEF7EBE10
310
56908F737F3922698E4A2E70A408FCAD188B26FC8F8BD502BB776E0C8931F29F
310
2C89607EB1E927DF71041AEB471E52E82D2D9D9D5D66DDFA8DA6B1A9D955A4F5
310
EB379903075F7366FDFD03D66C93A9ACAA7605B665EB76B376DD46B36AF53AB3
310
66ED06B3FFC0214B52F17F6E7FD0FA81DD83870E875F8C69696D7361B5B6051B
310
A76B6BEB9CFF478EB49BADDB7698D5D65FDED78561ECDB7FD0D9ABB1F656AE5A
310
6B5E7AF955B37ACD3AD3D818FCC56910776BDF0AF10783434366FD86CD2E9CAA
310
EA1AF70D48D81B376D3513369D54B8D56BD63B21CD92AEDADA7AD3D2D2EAECE2
310
3F15BEA4A4CCBCBA728D0B9FB8115F505D5DEBEC11E6D1A3BD2E1EE40BFE2065
310
65156670D0C6C7F91F7CC77D4969B9ABE0E4DD868D5BCCDEBDC15FA64262F851
310
5151654647C75C3A366CDCECBE831D3B779B3D7BF6B9674800772B5E59655E5E
310
B1D2E51F9D06E8EAEA76EE88EF2BAFAE766511474451D4D537D83083FCACA8AC
310
760DD307F1A50E48F990D67DFB0ED80E63DC990F0C0C98CD5BB6BB7089D79EBD
310
FB5D9DC21FE22EEEC80BE2241D1CE9DBB67DA74B07B273E71E5746DDDD3D6138
310
411949DEB67774BA3C229E903EE54139B4B77738FF4A6DFE62B7BBA7C791B3F8
310
4D9CF07B7C7CDCA565F3966DC972276EF8099A9B5BC2B25CEFCC907A9B37D40B
310
79C71D76CACA2B92E556525AE6DC03E2CE37F2737070D07D839CC9872D5B77A4
310
11E08E1DBB5D3CA96F434309579E12E75DBBF7BAFCA8A9A90BC3DEE0F2C3D55F
310
FB9E0B92A4B8D8F38A22DC8A5379F587CDA0AD9471B7E2B83FD5B744537DC305
310
6EC85DE8FC6231E61321282A31194E45E179FBF65DCE8C86CEFBA1D74A5C8F44
310
0151D9A820142E66E5E595CEAE0FFC59B53A2031C88C77505FDFE8BE35360647
310
F8200DDE5B2D61113E0D45DC1CB644D4642B676F5F9FFB468581A4366EDAE22A
310
0B8DA1C3360ECC1021D0665B71E51B7E08F6DAC62BDF7147252B2D2B770D976F
310
1010E407A11017B147C3E219FF79270F10480DF798D17910379E6968344AC26E
310
B38DB5B737883F645257D7E0E2CF3B0D196213370002E59D7C40B3E119213E80
310
86B8C9923AA0A3C28CFC87CC78262D34301A22640849D0C16126793E1F060606
310
9D3DFCADADAB77CF94BF0FC884B4D3300973E7AE3DCE1EC40068C8BC539E90AA
310
F3CFFE0208868E853C90BA239DD66E4BF4BCD3B1D101F24C59D0714134627FDB
310
B69DEE9DB8521E7C43936A6A6A71CFE4695F5FBF7BC60D0423E5DB64FD263C9E
310
F19BF2A71E519F89939039E5DF60F3CAF961892A28CB5247729425CFD4DBCD9B
310
B7057E5973488C67E9DC80D40D04FF01A408F952BF7D6D91BA443C2039CA0F12
310
C41D7559F2913C260EC45D3A3CD246FC72419214D967C6E6E2386229B6A00536
310
3EF475AB155AC68F39DD82B678B4EC90FB3FE1D28FFF63AC1FD94AC36D57147C
310
D4ACADADDD65301A123D37CFBB7605B763D3F3F34E451052A4B2017A47299828
310
A8589849C5E51D343404954DB43A1A34EF1D9DC1AD35844163A6271508418976
310
267E1CB10D5EC2A1916EDA1C90058D063FA8F0542040AF8C86B97DC72EF7FB9A
310
25798190C1E1C3A5E117936C3C105D434340E4CDCDC17FC7D0895011A9C86561
310
FC2145890B64E1433A161A0F80A878474B963C854C8090229D108D7DC52B2BDD
310
3BA4496341AB845C69ECB8C1AD0C9F0E1C3CE4C26098CF77346280A6566A1B71
310
675806F341F2014284407986047C408A41F9041BD88923F628673A3EF29C3C06
310
5296C493FC47BBA143007E3A49D7CA556B9266A48D3242CBE219D0B9601F6213
310
4827872648D9F04CDD206E844BA7022010DE292F409D836C827C9A8B6FCFD1A3
310
CE0F3A05EA27CF94FF7CA073229FC9032145E9988937F90FD1D2D94A7BE23BF1
310
81FCA2A4487AD176216BDC9027927EEA195AAA803A4E78D4BB5C912445E09FF1
310
5D54B9F0AD6EDEB063D5F3F36EEAE67BFB0BBF0B6EC829E042082E502D145152
310
A4A0D148184A303CC60C729923ACED766837EA868E3402B4BF28A8789851A9F8
310
A550C1BCA46835304045250C2A9380068D1D3436209A2DBDB91011C44C431AB1
310
F1A27787B8D14A207320DA1A6ED06E187AD0187D331AA8C027C59E9EA0B140BC
310
10199556003962E693E26EDBCB33FC8258682CA2B990973420A613C863C812C2
310
E2793E52E499BCA081601F72A4C3A011514608CFD27800EFA28DD248093F5B88
310
A64E9CC8F7282045F215FFC96BB43ACA977CF509124084683F900084190C7FD7
310
BBCE0D3B684BE4AD74C4D2D902FC0FB4A980F02104ECD4DB0E4A90428AA139C4
310
C22FC42E107B909F4F72B8831485B4A5F3A513847C79A6AC82B26C4E922C104D
310
5AB434511E24EDE405F902C11EB27E90674282994891F2A45E8A764B9E8842E1
310
E335DB81631ED5E4B3410A2926F6DAF17F0CB12C8670734EC5A7DFEDFE948A7F
310
EC4B23C6E171F7BDF1FE9B83637F317E2C24D5577FC85DAE5A28A2A428736734
310
0C0A9667214588816F62870A2515D7078D577A7EB41B191E8A06920B29123676
310
68408046C53B43782122488C0648E361E8C8BB4F8A52E199A793E7A170FE2D13
310
29923780210CF1E29B0C1D8110B64F8ABED078984FE299FC143F2048205A5D26
310
52240CCC5F3B5CE23A24C9733A01F298F93C1A3C794C63A25141849BC2E11DC2
310
F0144243C87B11C217D0E8F11FFB4C7D30B467AE94B261D80770CF1C965F0770
310
03A948DC256D42DC3476DC510F3087ECF84593A23C9806E1DD2745D282FF741A
310
205B5214818C04E423F3886246FE51262CDC1117F29FBCC44C085C4607BE1006
310
C09C3CA01E902E40F9634748513A6ECA41DA9710D8C2A438EBE24C7E48D84C1D
310
C9BC24281A2972EF5DC3B73E134B30C59733DC756275775C6D12639C7689B931
310
676CDA0CD88654B9ECECF07F9FE3FC995F0AB92ECC479414A9F01402854F83C0
310
4C86CF545486A914068D949E96793F1F689154340A9F1E96C6803DDCCBDC8F0C
310
83CA2BB2D114036D2C4D53B45AA710118D0662A02251B1188E1307193ECBDC17
310
24C530936789772652242C011515421562A392CA7C8F4F8AE415530B100A6916
310
FF592021DF184AE1076ED03A5348D1BAC1AE4F8A347048984688A645D904C351
310
08C70EB76C99A1B55336347221121A1A9A117EE30F79D1D51DCC8F8A30472576
310
038D74AD2304E204B941780C7B7D52241C8677A4053F295BF25FE23B9FA6485C
310
69F83CB350825DC81A52A4CE154353242CE6EC8823F111A049135FE6FCB0471E
310
628E3DD247DDA7ACC94B209A60754DAD2BCBA1B02C012328CC1835088414F787
310
69A7FC78A7EC98D2707ED932020B9122F906E8DC5004A837B8A71C6544503452
310
0489FD8BBF67714E4E0F4EBB3CF7ABF987D136FD3DFBB6072BD739DC9AC3BD7E
310
F95CDB1F872829F20C890019FA0929D298650E462A82686302D1E4A242036402
310
9E67C81188A628C39A3852A4326187394420DA26E10811314F278B364C800BB9
310
40A85432D1047C9115F64CA408B942ECC4471A9954721A36959E679F14FDA11B
310
A0E2F25DF20932E69D7930F254867080D563CC187209C9B895689B2FD8E39DFC
310
A771A04D415ED258D10C69E07DFDFDCE4CB42559B0210CF2823044688C40E687
310
211A200B0D889F1E4831289F40F34FCEC75A72848C7996FA41A3C7AEACB4D2E0
310
E920010D9EB833A4168D4DE64001A40189CA1447B6A4C80E03A97FC449567B85
310
AC009D0BFE1377BF3EFB105294CE5A20442AF3D7822429DA8E84B281D479F785
310
36859990A20FD2497AC90F370564E3CC5406C00D61126F21CCA29222F02F1B5D
310
6C710B29179D697ACB5E33095B776389D196BBBB7036876174FFFA17C2D4140E
310
D1BCD082E8C579968A220D9A85091A1F3DBA3460214C342F1FD24B5241699052
310
A1997F1137CCFB41225410FC649511408ABCFB954EE24045815865D58FA19768
310
B210944CC61FB01593C6CB332B76E23E58D1B51A9C1DE6B9866185462371924A
310
0884EC206B9907C59CF09960E71D521152A751609767B42BC225BD907F32FC70
310
6B127354BC33174B8567B80FE141EC324789198D9D67D1762913DE25FFA56140
310
9A320706F1D02190873424E25451196836FEE25214101AF9811BE2271D11221A
310
3A205F89AB4C8D081990E70002E49DB2908E45B6B9A0E5427E0CDBD9C6839968
310
95CCC3F20EB9312DC2B35F1EB290E22F62C9BC1B44251D0D7559888777E2475D
310
E299FA282315F292FC259F8873146881D863D84D59D2119226E9782963CA9EF2
310
A27ECB9C221D2DD332CEAD25413A1BEA89BF28C333E152AE4C8DE00FDFD114D1
310
AC193D4090F8D166D3437EF14C9C491B903626534AB9209614B957AFF2CAF7C7
310
924DF125B819A7E6E68BCDD0A0CDA098D32E5C24C110BBFECE656EC8BDD0361D
310
FE4F44AEBC2A0620167A2EB4031A0705239515AD03332A363D3F05476504100C
310
76E9B1A5B0E8F1203C7A3C5990C04FDE2135CCA9082C1C5031D0E0201D018D8E
310
3064B54E4003A341E10642A3E1003439E247E3A762D1F0A8F8413AD6BBE10F04
310
831DBFD787A0081BD2666884B9BFB040E3137FE99D1976A1554008F82BE15755
310
D5387B102D151433E6E3B08B90579287547EC02A30F6842C080362246DB8212C
310
F29AB8614FB6B44056F823F94F7A699CB8A31C1866F18EF64743C5ADF8891B7F
310
FE300E9032434F1A1BE5C3F408E4C7F610D150E834294BC8021007B453FCA70E
310
4042745AE41324C0F098D107E5CE9095F88BD643BD412B021009648F1B84BA42
310
A727809070EB4FD5400C7CC31EE4C1B3CC01438E942F794EA7443AC80BFC665B
310
0F1D07F1A21391FCF4C1E800FFA8735296EC4E801C83325E97FC8E164A1DE23B
310
0B8AC401B7B427011D139D0E654D7898930FB8270CF28D343322211F511898A2
310
9038B345CE9F53245DF8C176B55C114B8A806BEDE30867B1C49D76F9E5FD8601
310
181BBB1936FBC2F7415B7855D79E6BD8001EE7075275D5072CA9CF2DCD170354
310
58863034260A848A2F4332CC789F6B14939670023300F1612EA428EE21251FBC
310
F35DC0E2003DA8CCE10802F7A96108204C1A8FEF46E2C72F90678907F1262DC1
310
F7208E80EFA4396A5720E632BC04CC95D2F3FB71C39EF82D71217EC16F908FF2
310
5DFC97F0FC744082F82D2401F033CE9D1F3EF1C31D7E49DE09C873F298A177B6
310
20BE817F4159112FC854F257C288D601F20A3320714213136026750091FAE583
310
30E808205AF14B809FD1F29072C56E9CB98405C8C3204EA9275AA26911E04FE0
310
7E2ECEF821E5ED7F0FCA78AEAC10A95B02891F6612EF39A1D308F2C76F37D88D
310
C65920F1F0C3C816F39222E8F8D57DB1C4B328B224F8DB0186C91D2B9F331D2B
310
9E4D91F6979F319D6B5F308D0FDE624A3FFAE674F756D8D798D8B7398CBD42A1
310
50E48E8CA4C8A5A7CDF7DE104B408B2217BED50DA503797D8C9C162CB678FF29
310
EC0BFF5FAD5028148520232902FE2BA4F1CECC57D19F0CD2FDCCA3618C150A85
310
227F2C488A0062CCE7CF9B8E9714F257030A8542E1232B5204FC331BFFD01647
310
4A274A38AB5D8C637C0A854221C89A1405475F7CD2FDFB5C1C491D4FA9BDFEE3
310
66A4646E87BF42A150140339932218AD3A64B87D268EAC165D969E618E3C7AA7
310
99EECF7D53A642A1502C84BC4811CC4E4EB8D55EAEFA8F25AF45108878F86070
310
7C4AA1502816037993A260BABFC7F4FCF97153F3A5F36389AC180219F2FFC6B3
310
D3E99B48150A85A29828981405AC500F6E7DD5B43C7073518E08D65C779E697F
310
EC1E3352BAD7AAA5C53BB2A750281499503452F4C11F610DED58633A9E78D034
310
DD75B5A9B9E61C5371F9BBDD899328F9955FF2765379C57B4DED572E302DF7DF
310
687A9E7BCC0C1FDEED4856A150288E37168514150A85E2548592A242A1507850
310
525428140A0F4A8A0A8542E1414951A150283C28292A140A850725458542A1F0
310
A0A4A85028141E9414150A85C28392A242A1502461CCFF02BD227031D546B16E
310
0000000049454E44AE4260820840010824000000180000000210C0DB01000000
310
040000000000000000000000000000001B400000400000003400000001000000
310
02000000000000BF000000BF0080A2430000A042030000000000008000000080
310
24F13C4A000000800000008000093A492100000008000000620000000C000000
310
0100000021000000080000001E00000018000000000000000000000045010000
310
50000000150000000C00000004000000150000000C0000000400000051000000
310
38CC00000000000000000000440100004F000000000000000000000000000000
310
000000004501000050000000500000002800000078000000C0CB000000000000
310
2000CC0045010000500000002800000045010000500000000100100000000000
310
0000000000000000000000000000000000000000FF7FFF7FFF7FFF7FFF7FFF7F
310
FF7FFF7FFF7FFF7FFF7FFF7FFF7FFF7FFF7FFF7FFF7FFF7FFF7FFF7FFF7FFF7F
310
FF7FFF7FFF7FFF7FFF7FFF7FFF7FFF7FFF7FFF7FFF7FFF7FFF7FFF7FFF7FFF7F
310
FF7FFF7FFF7FFF7FFF7FFF7FFF7FFF7FFF7FFF7FFF7FFF7FFF7FFF7FFF7FFF7F
310
FF7FFF7FFF7FFF7FFF7FFF7FFF7FFF7FFF7FFF7FFF7FFF7FFF7FFF7FFF7FFF7F
310
FF7FFF7FFF7FFF7FFF7FFF7FFF7FFF7FFF7FFF7FFF7FFF7FFF7FFF7FFF7FFF7F
310
FF7FFF7FFF7FFF7FFF7FFF7FFF7FFF7FFF7FFF7FFF7FFF7FFF7FFF7FFF7FFF7F
310
FF7FFF7FFF7FFF7FFF7FFF7FFF7FFF7FFF7FFF7FFF7FFF7FFF7FFF7FFF7FFF7F
310
FF7FFF7FFF7FFF7FFF7FFF7FFF7FFF7FFF7FFF7FFF7FFF7FFF7FFF7FFF7FFF7F
310
FF7FFF7FFF7FFF7FFF7FFF7FFF7FFF7FFF7FFF7FFF7FFF7FFF7FFF7FFF7FFF7F
310
FF7FFF7FFF7FFF7FFF7FFF7FFF7FFF7FFF7FFF7FFF7FFF7FFF7FFF7FFF7FFF7F
310
FF7FFF7FFF7FFF7FFF7FFF7FFF7FFF7FFF7FFF7FFF7FFF7FFF7FFF7FFF7FFF7F
310
FF7FFF7FFF7FFF7FFF7FFF7FFF7FFF7FFF7FFF7FFF7FFF7FFF7FFF7FFF7FFF7F
310
FF7FFF7FFF7FFF7FFF7FFF7FFF7FFF7FFF7FFF7FFF7FFF7FFF7FFF7FFF7FFF7F
310
FF7FFF7FFF7FFF7FFF7FFF7FFF7FFF7FFF7FFF7FFF7FFF7FFF7FFF7FFF7FFF7F
310
FF7FFF7FFF7FFF7FFF7FFF7FFF7FFF7FFF7FFF7FFF7FFF7FFF7FFF7FFF7FFF7F
310
FF7FFF7FFF7FFF7FFF7FFF7FFF7FFF7FFF7FFF7FFF7FFF7FFF7FFF7FFF7FFF7F
310
FF7FFF7FFF7FFF7FFF7FFF7FFF7FFF7FFF7FFF7FFF7FFF7FFF7FFF7FFF7FFF7F
310
FF7FFF7FFF7FFF7FFF7FFF7FFF7FFF7FFF7FFF7FFF7FFF7FFF7FFF7FFF7FFF7F
310
FF7FFF7FFF7FFF7FFF7FFF7FFF7FFF7FFF7FFF7FFF7FFF7FFF7FFF7FFF7FFF7F
310
FF7FFF7FFF7FFF7FFF7FFF7FFF7FFF7FFF7FFF7FFF7FFF7FFF7FFF7FFF7F0000
310
FF7FFF7FFF7FFF7FFF7FFF7FFF7FFF7FFF7FFF7FFF7FFF7FFF7FFF7FFF7FFF7F
310
FF7FFF7FFF7FFF7FFF7FFF7FFF7FFF7FFF7FFF7FFF7FFF7FFF7FFF7FFF7FFF7F
310
FF7FFF7FFF7FFF7FFF7FFF7FFF7FFF7FFF7FFF7FFF7FFF7FFF7FFF7FFF7FFF7F
310
FF7FFF7FFF7FFF7FFF7FFF7FFF7FFF7FFF7FFF7FFF7FFF7FFF7FFF7FFF7FFF7F
310
FF7FFF7FFF7FFF7FFF7FFF7FFF7FFF7FFF7FFF7FFF7FFF7FFF7FFF7FFF7FFF7F
310
FF7FFF7FFF7FFF7FFF7FFF7FFF7FFF7FFF7FFF7FFF7FFF7FFF7FFF7FFF7FFF7F
310
FF7FFF7FFF7FFF7FFF7FFF7FFF7FFF7FFF7FFF7FFF7FFF7FFF7FFF7FFF7FFF7F
310
FF7FFF7FFF7FFF7FFF7FFF7FFF7FFF7FFF7FFF7FFF7FFF7FFF7FFF7FFF7FFF7F
310
FF7FFF7FFF7FFF7FFF7FFF7FFF7FFF7FFF7FFF7FFF7FFF7FFF7FFF7FFF7FFF7F
310
FF7FFF7FFF7FFF7FFF7FFF7FFF7FFF7FFF7FFF7FFF7FFF7FFF7FFF7FFF7FFF7F
310
FF7FFF7FFF7FFF7FFF7FFF7FFF7FFF7FFF7FFF7FFF7FFF7FFF7FFF7FFF7FFF7F
310
FF7FFF7FFF7FFF7FFF7FFF7FFF7FFF7FFF7FFF7FFF7FFF7FFF7FFF7FFF7FFF7F
310
FF7FFF7FFF7FFF7FFF7FFF7FFF7FFF7FFF7FFF7FFF7FFF7FFF7FFF7FFF7FFF7F
310
FF7FFF7FFF7FFF7FFF7FFF7FFF7FFF7FFF7FFF7FFF7FFF7FFF7FFF7FFF7FFF7F
310
FF7FFF7FFF7FFF7FFF7FFF7FFF7FFF7FFF7FFF7FFF7FFF7FFF7FFF7FFF7FFF7F
310
FF7FFF7FFF7FFF7FFF7FFF7FFF7FFF7FFF7FFF7FFF7FFF7FFF7FFF7FFF7FFF7F
310
FF7FFF7FFF7FFF7FFF7FFF7FFF7FFF7FFF7FFF7FFF7FFF7FFF7FFF7FFF7FFF7F
310
FF7FFF7FFF7FFF7FFF7FFF7FFF7FFF7FFF7FFF7FFF7FFF7FFF7FFF7FFF7FFF7F
310
FF7FFF7FFF7FFF7FFF7FFF7FFF7FFF7FFF7FFF7FFF7FFF7FFF7FFF7FFF7FFF7F
310
FF7FFF7FFF7FFF7FFF7FFF7FFF7FFF7FFF7FFF7FFF7FFF7FFF7FFF7FFF7FFF7F
310
FF7FFF7FFF7FFF7FFF7F0000FF7FFF7FFF7FFF7FFF7FFF7FFF7FFF7FFF7FFF7F
310
FF7FFF7FFF7FFF7FFF7FFF7FFF7FFF7FFF7FFF7FFF7FFF7FFF7FFF7FFF7FFF7F
310
FF7FFF7FFF7FFF7FFF7FFF7FFF7FFF7FFF7FFF7FFF7FFF7FFF7FFF7FFF7FFF7F
310
FF7FFF7FFF7FFF7FFF7FFF7FFF7FFF7FFF7FFF7FFF7FFF7FFF7FFF7FFF7FFF7F
310
FF7FFF7FFF7FFF7FFF7FFF7FFF7FFF7FFF7FFF7FFF7FFF7FFF7FFF7FFF7FFF7F
310
FF7FFF7FFF7FFF7FFF7FFF7FFF7FFF7FFF7FFF7FFF7FFF7FFF7FFF7FFF7FFF7F
310
FF7FFF7FFF7FFF7FFF7FFF7FFF7FFF7FFF7FFF7FFF7FFF7FFF7FFF7FFF7FFF7F
310
FF7FFF7FFF7FFF7FFF7FFF7FFF7FFF7FFF7FFF7FFF7FFF7FFF7FFF7FFF7FFF7F
310
FF7FFF7FFF7FFF7FFF7FFF7FFF7FFF7FFF7FFF7FFF7FFF7FFF7FFF7FFF7FFF7F
310
FF7FFF7FFF7FFF7FFF7FFF7FFF7FFF7FFF7FFF7FFF7FFF7FFF7FFF7FFF7FFF7F
310
FF7FFF7FFF7FFF7FFF7FFF7FFF7FFF7FFF7FFF7FFF7FFF7FFF7FFF7FFF7FFF7F
310
FF7FFF7FFF7FFF7FFF7FFF7FFF7FFF7FFF7FFF7FFF7FFF7FFF7FFF7FFF7FFF7F
310
FF7FFF7FFF7FFF7FFF7FFF7FFF7FFF7FFF7FFF7FFF7FFF7FFF7FFF7FFF7FFF7F
310
FF7FFF7FFF7FFF7FFF7FFF7FFF7FFF7FFF7FFF7FFF7FFF7FFF7FFF7FFF7FFF7F
310
FF7FFF7FFF7FFF7FFF7FFF7FFF7FFF7FFF7FFF7FFF7FFF7FFF7FFF7FFF7FFF7F
310
FF7FFF7FFF7FFF7FFF7FFF7FFF7FFF7FFF7FFF7FFF7FFF7FFF7FFF7FFF7FFF7F
310
FF7FFF7FFF7FFF7FFF7FFF7FFF7FFF7FFF7FFF7FFF7FFF7FFF7FFF7FFF7FFF7F
310
FF7FFF7FFF7FFF7FFF7FFF7FFF7FFF7FFF7FFF7FFF7FFF7FFF7FFF7FFF7FFF7F
310
FF7FFF7FFF7FFF7FFF7FFF7FFF7FFF7FFF7FFF7FFF7FFF7FFF7FFF7FFF7FFF7F
310
FF7FFF7FFF7FFF7FFF7FFF7FFF7FFF7FFF7FFF7FFF7FFF7FFF7FFF7FFF7FFF7F
310
FF7FFF7FFF7FFF7FFF7FFF7FFF7FFF7FFF7FFF7FFF7F0000FF7FFF7FFF7FFF7F
310
FF7FFF7FFF7FFF7FFF7FFF7FFF7FFF7FFF7FFF7FFF7FFF7FFF7FFF7FFF7FFF7F
310
FF7FFF7FFF7FFF7FFF7FFF7FFF7FFF7FFF7FFF7FFF7FFF7FFF7FFF7FFF7FFF7F
310
FF7FFF7FFF7FFF7FFF7FFF7FFF7FFF7FFF7FFF7FFF7FFF7FFF7FFF7FFF7FFF7F
310
FF7FFF7FFF7FFF7FFF7FFF7FFF7FFF7FFF7FFF7FFF7FFF7FFF7FFF7FFF7FFF7F
310
FF7FFF7FFF7FFF7FFF7FFF7FFF7FFF7FFF7FFF7FFF7FFF7FFF7FFF7FFF7FFF7F
310
FF7FFF7FFF7FFF7FFF7FFF7FFF7FFF7FFF7FFF7FFF7FFF7FFF7FFF7FFF7FFF7F
310
FF7FFF7FFF7FFF7FFF7FFF7FFF7FFF7FFF7FFF7FFF7FFF7FFF7FFF7FFF7FFF7F
310
FF7FFF7FFF7FFF7FFF7FFF7FFF7FFF7FFF7FFF7FFF7FFF7FFF7FFF7FFF7FFF7F
310
FF7FFF7FFF7FFF7FFF7FFF7FFF7FFF7FFF7FFF7FFF7FFF7FFF7FFF7FFF7FFF7F
310
FF7FFF7FFF7FFF7FFF7FFF7FFF7FFF7FFF7FFF7FFF7FFF7FFF7FFF7FFF7FFF7F
310
FF7FFF7FFF7FFF7FFF7FFF7FFF7FFF7FFF7FFF7FFF7FFF7FFF7FFF7FFF7FFF7F
310
FF7FFF7FFF7FFF7FFF7FFF7FFF7FFF7FFF7FFF7FFF7FFF7FFF7FFF7FFF7FFF7F
310
FF7FFF7FFF7FFF7FFF7FFF7FFF7FFF7FFF7FFF7FFF7FFF7FFF7FFF7FFF7FFF7F
310
FF7FFF7FFF7FFF7FFF7FFF7FFF7FFF7FFF7FFF7FFF7FFF7FFF7FFF7FFF7FFF7F
310
FF7FFF7FFF7FFF7FFF7FFF7FFF7FFF7FFF7FFF7FFF7FFF7FFF7FFF7FFF7FFF7F
310
FF7FFF7FFF7FFF7FFF7FFF7FFF7FFF7FFF7FFF7FFF7FFF7FFF7FFF7FFF7FFF7F
310
FF7FFF7FFF7FFF7FFF7FFF7FFF7FFF7FFF7FFF7FFF7FFF7FFF7FFF7FFF7FFF7F
310
FF7FFF7FFF7FFF7FFF7FFF7FFF7FFF7FFF7FFF7FFF7FFF7FFF7FFF7FFF7FFF7F
310
FF7FFF7FFF7FFF7FFF7FFF7FFF7FFF7FFF7FFF7FFF7FFF7FFF7FFF7FFF7FFF7F
310
FF7FFF7FFF7FFF7FFF7FFF7FFF7FFF7FFF7FFF7FFF7FFF7FFF7FFF7FFF7FFF7F
310
FF7F0000FF7FFF7FFF7FFF7FFF7FFF7FFF7FFF7FFF7FFF7FFF7FFF7FFF7FFF7F
310
FF7FFF7FFF7FFF7FFF7FFF7FFF7FFF7FFF7FFF7FFF7FFF7FFF7FFF7FFF7FFF7F
310
FF7FFF7FFF7FFF7FFF7FFF7FFF7FFF7FFF7FFF7FFF7FFF7FFF7FFF7FFF7FFF7F
310
FF7FFF7FFF7FFF7FFF7FFF7FFF7FFF7FFF7FFF7FFF7FFF7FFF7FFF7FFF7FFF7F
310
FF7FFF7FFF7FFF7FFF7FFF7FFF7FFF7FFF7FFF7FFF7FFF7FFF7FFF7FFF7FFF7F
310
FF7FFF7FFF7FFF7FFF7FFF7FFF7FFF7FFF7FFF7FFF7FFF7FFF7FFF7FFF7FFF7F
310
FF7FFF7FFF7FFF7FFF7FFF7FFF7FFF7FFF7FFF7FFF7FFF7FFF7FFF7FFF7FFF7F
310
FF7FFF7FFF7FFF7FFF7FFF7FFF7FFF7FFF7FFF7FFF7FFF7FFF7FFF7FFF7FFF7F
310
FF7FFF7FFF7FFF7FFF7FFF7FFF7FFF7FFF7FFF7FFF7FFF7FFF7FFF7FFF7FFF7F
310
FF7FFF7FFF7FFF7FFF7FFF7FFF7FFF7FFF7FFF7FFF7FFF7FFF7FFF7FFF7FFF7F
310
FF7FFF7FFF7FFF7FFF7FFF7FFF7FFF7FFF7FFF7FFF7FFF7FFF7FFF7FFF7FFF7F
310
FF7FFF7FFF7FFF7FFF7FFF7FFF7FFF7FFF7FFF7FFF7FFF7FFF7FFF7FFF7FFF7F
310
FF7FFF7FFF7FFF7FFF7FFF7FFF7FFF7FFF7FFF7FFF7FFF7FFF7FFF7FFF7FFF7F
310
FF7FFF7FFF7FFF7FFF7FFF7FFF7FFF7FFF7FFF7FFF7FFF7FFF7FFF7FFF7FFF7F
310
FF7FFF7FFF7FFF7FFF7FFF7FFF7FFF7FFF7FFF7FFF7FFF7FFF7FFF7FFF7FFF7F
310
FF7FFF7FFF7FFF7FFF7FFF7FFF7FFF7FFF7FFF7FFF7FFF7FFF7FFF7FFF7FFF7F
310
FF7FFF7FFF7FFF7FFF7FFF7FFF7FFF7FFF7FFF7FFF7FFF7FFF7FFF7FFF7FFF7F
310
FF7FFF7FFF7FFF7FFF7FFF7FFF7FFF7FFF7FFF7FFF7FFF7FFF7FFF7FFF7FFF7F
310
FF7FFF7FFF7FFF7FFF7FFF7FFF7FFF7FFF7FFF7FFF7FFF7FFF7FFF7FFF7FFF7F
310
FF7FFF7FFF7FFF7FFF7FFF7FFF7FFF7FFF7FFF7FFF7FFF7FFF7FFF7FFF7FFF7F
310
FF7FFF7FFF7FFF7FFF7FFF7FFF7F0000FF7FFF7FFF7FFF7FFF7FFF7FFF7FFF7F
310
FF7FFF7FFF7FFF7FFF7FFF7FFF7FFF7FFF7FFF7FFF7FFF7FFF7FFF7FFF7FFF7F
310
FF7FFF7FFF7FFF7FFF7FFF7FFF7FFF7FFF7FFF7FFF7FFF7FFF7FFF7FFF7FFF7F
310
FF7FFF7FFF7FFF7FFF7FFF7FFF7FFF7FFF7FFF7FFF7FFF7FFF7FFF7FFF7FFF7F
310
FF7FFF7FFF7FFF7FFF7FFF7FFF7FFF7FFF7FFF7FFF7FFF7FFF7FFF7FFF7FFF7F
310
FF7FFF7FFF7FFF7FFF7FFF7FFF7FFF7FFF7FFF7FFF7FFF7FFF7FFF7FFF7FFF7F
310
FF7FFF7FFF7FFF7FFF7FFF7FFF7FFF7FFF7FFF7FFF7FFF7FFF7FFF7FFF7FFF7F
310
FF7FFF7FFF7FFF7FFF7FFF7FFF7FFF7FFF7FFF7FFF7FFF7FFF7FFF7FFF7FFF7F
310
FF7FFF7FFF7FFF7FFF7FFF7FFF7FFF7FFF7FFF7FFF7FFF7FFF7FFF7FFF7FFF7F
310
FF7FFF7FFF7FFF7FFF7FFF7FFF7FFF7FFF7FFF7FFF7FFF7FFF7FFF7FFF7FFF7F
310
FF7FFF7FFF7FFF7FFF7FFF7FFF7FFF7FFF7FFF7FFF7FFF7FFF7FFF7FFF7FFF7F
310
FF7FFF7FFF7FFF7FFF7FFF7FFF7FFF7FFF7FFF7FFF7FFF7FFF7FFF7FFF7FFF7F
310
FF7FFF7FFF7FFF7FFF7FFF7FFF7FFF7FFF7FFF7FFF7FFF7FFF7FFF7FFF7FFF7F
310
FF7FFF7FFF7FFF7FFF7FFF7FFF7FFF7FFF7FFF7FFF7FFF7FFF7FFF7FFF7FFF7F
310
FF7FFF7FFF7FFF7FFF7FFF7FFF7FFF7FFF7FFF7FFF7FFF7FFF7FFF7FFF7FFF7F
310
FF7FFF7FFF7FFF7FFF7FFF7FFF7FFF7FFF7FFF7FFF7FFF7FFF7FFF7FFF7FFF7F
310
FF7FFF7FFF7FFF7FFF7FFF7FFF7FFF7FFF7FFF7FFF7FFF7FFF7FFF7FFF7FFF7F
310
FF7FFF7FFF7FFF7FFF7FFF7FFF7FFF7FFF7FFF7FFF7FFF7FFF7FFF7FFF7FFF7F
310
FF7FFF7FFF7FFF7FFF7FFF7FFF7FFF7FFF7FFF7FFF7FFF7FFF7FFF7FFF7FFF7F
310
FF7FFF7FFF7FFF7FFF7FFF7FFF7FFF7FFF7FFF7FFF7FFF7FFF7FFF7FFF7FFF7F
310
FF7FFF7FFF7FFF7FFF7FFF7FFF7FFF7FFF7FFF7FFF7FFF7FFF7F0000FF7FFF7F
310
FF7FFF7FFF7FFF7FFF7FFF7FFF7FFF7FFF7FFF7FFF7FFF7FFF7FFF7FFF7FFF7F
310
FF7FFF7FFF7FFF7FFF7FFF7FFF7FFF7FFF7FFF7FFF7FFF7FFF7FFF7FFF7FFF7F
310
FF7FFF7FFF7FFF7FFF7FFF7FFF7FFF7FFF7FFF7FFF7FFF7FFF7FFF7FFF7FFF7F
310
FF7FFF7FFF7FFF7FFF7FFF7FFF7FFF7FFF7FFF7FFF7FFF7FFF7FFF7FFF7FFF7F
310
FF7FFF7FFF7FFF7FFF7FFF7FFF7FFF7FFF7FFF7FFF7FFF7FFF7FFF7FFF7FFF7F
310
FF7FFF7FFF7FFF7FFF7FFF7FFF7FFF7FFF7FFF7FFF7FFF7FFF7FFF7FFF7FFF7F
310
FF7FFF7FFF7FFF7FFF7FFF7FFF7FFF7FFF7FFF7FFF7FFF7FFF7FFF7FFF7FFF7F
310
FF7FFF7FFF7FFF7FFF7FFF7FFF7FFF7FFF7FFF7FFF7FFF7FFF7FFF7FFF7FFF7F
310
FF7FFF7FFF7FFF7FFF7FFF7FFF7FFF7FFF7FFF7FFF7FFF7FFF7FFF7FFF7FFF7F
310
FF7FFF7FFF7FFF7FFF7FFF7FFF7FFF7FFF7FFF7FFF7FFF7FFF7FFF7FFF7FFF7F
310
FF7FFF7FFF7FFF7FFF7FFF7FFF7FFF7FFF7FFF7FFF7FFF7FFF7FFF7FFF7FFF7F
310
FF7FFF7FFF7FFF7FFF7FFF7FFF7FFF7FFF7FFF7FFF7FFF7FFF7FFF7FFF7FFF7F
310
FF7FFF7FFF7FFF7FFF7FFF7FFF7FFF7FFF7FFF7FFF7FFF7FFF7FFF7FFF7FFF7F
310
FF7FFF7FFF7FFF7FFF7FFF7FFF7FFF7FFF7FFF7FFF7FFF7FFF7FFF7FFF7FFF7F
310
FF7FFF7FFF7FFF7FFF7FFF7FFF7FFF7FFF7FFF7FFF7FFF7FFF7FFF7FFF7FFF7F
310
FF7FFF7FFF7FFF7FFF7FFF7FFF7FFF7FFF7FFF7FFF7FFF7FFF7FFF7FFF7FFF7F
310
FF7FFF7FFF7FFF7FFF7FFF7FFF7FFF7FFF7FFF7FFF7FFF7FFF7FFF7FFF7FFF7F
310
FF7FFF7FFF7FFF7FFF7FFF7FFF7FFF7FFF7FFF7FFF7FFF7FFF7FFF7FFF7FFF7F
310
FF7FFF7FFF7FFF7FFF7FFF7FFF7FFF7FFF7FFF7FFF7FFF7FFF7FFF7FFF7FFF7F
310
FF7FFF7FFF7FFF7FFF7FFF7FFF7FFF7FFF7FFF7FFF7FFF7FFF7FFF7FFF7FFF7F
310
FF7FFF7FFF7F0000FF7FFF7FFF7FFF7FFF7FFF7FFF7FFF7FFF7FFF7FFF7FFF7F
310
FF7FFF7FFF7FFF7FFF7FFF7FFF7FFF7FFF7FFF7FFF7FFF7FFF7FFF7FFF7FFF7F
310
FF7FFF7FFF7FFF7FFF7FFF7FFF7FFF7FFF7FFF7FFF7FFF7FFF7FFF7FFF7FFF7F
310
FF7FFF7FFF7FFF7FFF7FFF7FFF7FFF7FFF7FFF7FFF7FFF7FFF7FFF7FFF7FFF7F
310
FF7FFF7FFF7FFF7FFF7FFF7FFF7FFF7FFF7FFF7FFF7FFF7FFF7FFF7FFF7FFF7F
310
FF7FFF7FFF7FFF7FFF7FFF7FFF7FFF7FFF7FFF7FFF7FFF7FFF7FFF7FFF7FFF7F
310
FF7FFF7FFF7FFF7FFF7FFF7FFF7FFF7FFF7FFF7FFF7FFF7FFF7FFF7FFF7FFF7F
310
FF7FFF7FFF7FFF7FFF7FFF7FFF7FFF7FFF7FFF7FFF7FFF7FFF7FFF7FFF7FFF7F
310
FF7FFF7FFF7FFF7FFF7FFF7FFF7FFF7FFF7FFF7FFF7FFF7FFF7FFF7FFF7FFF7F
310
FF7FFF7FFF7FFF7FFF7FFF7FFF7FFF7FFF7FFF7FFF7FFF7FFF7FFF7FFF7FFF7F
310
FF7FFF7FFF7FFF7FFF7FFF7FFF7FFF7FFF7FFF7FFF7FFF7FFF7FFF7FFF7FFF7F
310
FF7FFF7FFF7FFF7FFF7FFF7FFF7FFF7FFF7FFF7FFF7FFF7FFF7FFF7FFF7FFF7F
310
FF7FFF7FFF7FFF7FFF7FFF7FFF7FFF7FFF7FFF7FFF7FFF7FFF7FFF7FFF7FFF7F
310
FF7FFF7FFF7FFF7FFF7FFF7FFF7FFF7FFF7FFF7FFF7FFF7FFF7FFF7FFF7FFF7F
310
FF7FFF7FFF7FFF7FFF7FFF7FFF7FFF7FFF7FFF7FFF7FFF7FFF7FFF7FFF7FFF7F
310
FF7FFF7FFF7FFF7FFF7FFF7FFF7FFF7FFF7FFF7FFF7FFF7FFF7FFF7FFF7FFF7F
310
FF7FFF7FFF7FFF7FFF7FFF7FFF7FFF7FFF7FFF7FFF7FFF7FFF7FFF7FFF7FFF7F
310
FF7FFF7FFF7FFF7FFF7FFF7FFF7FFF7FFF7FFF7FFF7FFF7FFF7FFF7FFF7FFF7F
310
FF7FFF7FFF7FFF7FFF7FFF7FFF7FFF7FFF7FFF7FFF7FFF7FFF7FFF7FFF7FFF7F
310
FF7FFF7FFF7FFF7FFF7FFF7FFF7FFF7FFF7FFF7FFF7FFF7FFF7FFF7FFF7FFF7F
310
FF7FFF7FFF7FFF7FFF7FFF7FFF7FFF7FFF7F0000FF7FFF7FFF7FFF7FFF7FFF7F
310
FF7FFF7FFF7FFF7FFF7FFF7FFF7FFF7FFF7FFF7FFF7FFF7FFF7FFF7FFF7FFF7F
310
FF7FFF7FFF7FFF7FFF7FFF7FFF7FFF7FFF7FFF7FFF7FFF7FFF7FFF7FFF7FFF7F
310
FF7FFF7FFF7FFF7FFF7FFF7FFF7FFF7FFF7FFF7FFF7FFF7FFF7FFF7FFF7FFF7F
310
FF7FFF7FFF7FFF7FFF7FFF7FFF7FFF7FFF7FFF7FFF7FFF7FFF7FFF7FFF7FFF7F
310
FF7FFF7FFF7FFF7FFF7FFF7FFF7FFF7FFF7FFF7FFF7FFF7FFF7FFF7FFF7FFF7F
310
FF7FFF7FFF7FFF7FFF7FFF7FFF7FFF7FFF7FFF7FFF7FFF7FFF7FFF7FFF7FFF7F
310
FF7FFF7FFF7FFF7FFF7FFF7FFF7FFF7FFF7FFF7FFF7FFF7FFF7FFF7FFF7FFF7F
310
FF7FFF7FFF7FFF7FFF7FFF7FFF7FFF7FFF7FFF7FFF7FFF7FFF7FFF7FFF7FFF7F
310
FF7FFF7FFF7FFF7FFF7FFF7FFF7FFF7FFF7FFF7FFF7FFF7FFF7FFF7FFF7FFF7F
310
FF7FFF7FFF7FFF7FFF7FFF7FFF7FFF7FFF7FFF7FFF7FFF7FFF7FFF7FFF7FFF7F
310
FF7FFF7FFF7FFF7FFF7FFF7FFF7FFF7FFF7FFF7FFF7FFF7FFF7FFF7FFF7FFF7F
310
FF7FFF7FFF7FFF7FFF7FFF7FFF7FFF7FFF7FFF7FFF7FFF7FFF7FFF7FFF7FFF7F
310
FF7FFF7FFF7FFF7FFF7FFF7FFF7FFF7FFF7FFF7FFF7FFF7FFF7FFF7FFF7FFF7F
310
FF7FFF7FFF7FFF7FFF7FFF7FFF7FFF7FFF7FFF7FFF7FFF7FFF7FFF7FFF7FFF7F
310
FF7FFF7FFF7FFF7FFF7FFF7FFF7FFF7FFF7FFF7FFF7FFF7FFF7FFF7FFF7FFF7F
310
FF7FFF7FFF7FFF7FFF7FFF7FFF7FFF7FFF7FFF7FFF7FFF7FFF7FFF7FFF7FFF7F
310
FF7FFF7FFF7FFF7FFF7FFF7FFF7FFF7FFF7FFF7FFF7FFF7FFF7FFF7FFF7FFF7F
310
FF7FFF7FFF7FFF7FFF7FFF7FFF7FFF7FFF7FFF7FFF7FFF7FFF7FFF7FFF7FFF7F
310
FF7FFF7FFF7FFF7FFF7FFF7FFF7FFF7FFF7FFF7FFF7FFF7FFF7FFF7FFF7FFF7F
310
FF7FFF7FFF7FFF7FFF7FFF7FFF7FFF7FFF7FFF7FFF7FFF7FFF7FFF7FFF7F0000
310
FF7FFF7FFF7FFF7FFF7FFF7FFF7FFF7FFF7FFF7FFF7FFF7FFF7FFF7FFF7FFF7F
310
FF7FFF7FFF7FFF7FFF7FFF7FFF7FFF7FFF7FFF7FFF7FFF7FFF7FFF7FFF7FFF7F
310
FF7FFF7FFF7FFF7FFF7FFF7FFF7FFF7FFF7FFF7FFF7FFF7FFF7FFF7FFF7FFF7F
310
FF7FFF7FFF7FFF7FFF7FFF7FFF7FFF7FFF7FFF7FFF7FFF7FFF7FFF7FFF7FFF7F
310
FF7FFF7FFF7FFF7FFF7FFF7FFF7FFF7FFF7FFF7FFF7FFF7FFF7FFF7FFF7FFF7F
310
FF7FFF7FFF7FFF7FFF7FFF7FFF7FFF7FFF7FFF7FFF7FFF7FFF7FFF7FFF7FFF7F
310
FF7FFF7FFF7FFF7FFF7FFF7FFF7FFF7FFF7FFF7FFF7FFF7FFF7FFF7FFF7FFF7F
310
FF7FFF7FFF7FFF7FFF7FFF7FFF7FFF7FFF7FFF7FFF7FFF7FFF7FFF7FFF7FFF7F
310
FF7FFF7FFF7FFF7FFF7FFF7FFF7FFF7FFF7FFF7FFF7FFF7FFF7FFF7FFF7FFF7F
310
FF7FFF7FFF7FFF7FFF7FFF7FFF7FFF7FFF7FFF7FFF7FFF7FFF7FFF7FFF7FFF7F
310
FF7FFF7FFF7FFF7FFF7FFF7FFF7FFF7FFF7FFF7FFF7FFF7FFF7FFF7FFF7FFF7F
310
FF7FFF7FFF7FFF7FFF7FFF7FFF7FFF7FFF7FFF7FFF7FFF7FFF7FFF7FFF7FFF7F
310
FF7FFF7FFF7FFF7FFF7FFF7FFF7FFF7FFF7FFF7FFF7FFF7FFF7FFF7FFF7FFF7F
310
FF7FFF7FFF7FFF7FFF7FFF7FFF7FFF7FFF7FFF7FFF7FFF7FFF7FFF7FFF7FFF7F
310
FF7FFF7FFF7FFF7FFF7FFF7FFF7FFF7FFF7FFF7FFF7FFF7FFF7FFF7FFF7FFF7F
310
FF7FFF7FFF7FFF7FFF7FFF7FFF7FFF7FFF7FFF7FFF7FFF7FFF7FFF7FFF7FFF7F
310
FF7FFF7FFF7FFF7FFF7FFF7FFF7FFF7FFF7FFF7FFF7FFF7FFF7FFF7FFF7FFF7F
310
FF7FFF7FFF7FFF7FFF7FFF7FFF7FFF7FFF7FFF7FFF7FFF7FFF7FFF7FFF7FFF7F
310
FF7FFF7FFF7FFF7FFF7FFF7FFF7FFF7FFF7FFF7FFF7FFF7FFF7FFF7FFF7FFF7F
310
FF7FFF7FFF7FFF7FFF7FFF7FFF7FFF7FFF7FFF7FFF7FFF7FFF7FFF7FFF7FFF7F
310
FF7FFF7FFF7FFF7FFF7F0000FF7FFF7FFF7FFF7FFF7FFF7FFF7FFF7FFF7FFF7F
310
FF7FFF7FFF7FFF7FFF7FFF7FFF7FFF7FFF7FFF7FFF7FDD7F177B9176EC71A96D
310
4669456D2569456D256945694569676DA96D2D72B276597FDE7FFF7FFF7FFF7F
310
FF7FFF7FFF7FFF7FFF7FFF7FFF7FFF7FFF7FFF7FFF7FFF7FFF7FFF7FFF7FFF7F
310
FF7FFF7FFF7FFF7FFF7FFF7FFF7FFF7FFF7FFF7FFF7FFF7FFF7FFF7FFF7FFF7F
310
FF7FFF7FFF7FFF7FFF7FFF7FFF7FFF7FFF7FFF7FFF7FFF7FFF7FFF7FFF7FFF7F
310
FF7FFF7FFF7FFF7FFF7FFF7FFF7FFF7FFF7FFF7FFF7FFF7FFF7FFF7FFF7FFF7F
310
FF7FFF7FFF7FFF7FFF7FFF7FFF7FFF7FFF7FFF7FFF7FFF7FFF7FFF7FFF7FFF7F
310
FF7FFF7FFF7FFF7FFF7FFF7FFF7FFF7FFF7FFF7FFF7FFF7FFF7FFF7FFF7FFF7F
310
FF7FFF7FFF7FFF7FFF7FFF7FFF7FFF7FFF7FFF7FFF7FFF7FFF7FFF7FFF7FFF7F
310
FF7FFF7FFF7FFF7FFF7FFF7FFF7FFF7FFF7FFF7FFF7FFF7FFF7FFF7FFF7FFF7F
310
FF7FFF7FFF7FFF7FFF7FFF7FFF7FFF7FFF7FFF7FFF7FFF7FFF7FFF7FFF7FFF7F
310
FF7FFF7FFF7FFF7FFF7FFF7FFF7FFF7FFF7FFF7FFF7FFF7FFF7FFF7FFF7FFF7F
310
FF7FFF7FFF7FFF7FFF7FFF7FFF7FFF7FFF7FFF7FFF7FFF7FFF7FFF7FFF7FFF7F
310
FF7FFF7FFF7FFF7FFF7FFF7FFF7FFF7FFF7FFF7FFF7FFF7FFF7FFF7FFF7FFF7F
310
FF7FFF7FFF7FFF7FFF7FFF7FFF7FFF7FFF7FFF7FFF7FFF7FFF7FFF7FFF7FFF7F
310
FF7FFF7FFF7FFF7FFF7FFF7FFF7FFF7FFF7FFF7FFF7FFF7FFF7FFF7FFF7FFF7F
310
FF7FFF7FFF7FFF7FFF7FFF7FFF7FFF7FFF7FFF7FFF7FFF7FFF7FFF7FFF7FFF7F
310
FF7FFF7FFF7FFF7FFF7FFF7FFF7FFF7FFF7FFF7FFF7FFF7FFF7FFF7FFF7FFF7F
310
FF7FFF7FFF7FFF7FFF7FFF7FFF7FFF7FFF7FFF7FFF7FFF7FFF7FFF7FFF7FFF7F
310
FF7FFF7FFF7FFF7FFF7FFF7FFF7FFF7FFF7FFF7FFF7F0000FF7FFF7FFF7FFF7F
310
FF7FFF7FFF7FFF7FFF7FFF7FFF7FFF7FFF7FFF7FFF7FFF7FFF7FFF7FFF7F167B
310
2E76676D456D2569456D4569456D2569456D4569456D2569456D4569456D2569
310
456D4569A96D70727A7FFF7FFF7FFF7FFF7FFF7FFF7FFF7FFF7FFF7FFF7FFF7F
310
FF7FFF7FFF7FFF7FFF7FFF7FFF7FFF7FFF7FFF7FFF7FFF7FFF7FFF7FFF7FFF7F
310
FF7FFF7FFF7FFF7FFF7FFF7FFF7FFF7FFF7FFF7FFF7FFF7FFF7FFF7FFF7FFF7F
310
FF7FFF7FFF7FFF7FFF7FFF7FFF7FFF7FFF7FFF7FFF7FFF7FFF7FFF7FFF7FFF7F
310
FF7FFF7FFF7FFF7FFF7FFF7FFF7FFF7FFF7FFF7FFF7FFF7FFF7FFF7FFF7FFF7F
310
FF7FFF7FFF7FFF7FFF7FFF7FFF7FFF7FFF7FFF7FFF7FFF7FFF7FFF7FFF7FFF7F
310
FF7FFF7FFF7FFF7FFF7FFF7FFF7FFF7FFF7FFF7FFF7FFF7FFF7FFF7FFF7FFF7F
310
FF7FFF7FFF7FFF7FFF7FFF7FFF7FFF7FFF7FFF7FFF7FFF7FFF7FFF7FFF7FFF7F
310
FF7FFF7FFF7FFF7FFF7FFF7FFF7FFF7FFF7FFF7FFF7FFF7FFF7FFF7FFF7FFF7F
310
FF7FFF7FFF7FFF7FFF7FFF7FFF7FFF7FFF7FFF7FFF7FFF7FFF7FFF7FFF7FFF7F
310
FF7FFF7FFF7FFF7FFF7FFF7FFF7FFF7FFF7FFF7FFF7FFF7FFF7FFF7FFF7FFF7F
310
FF7FFF7FFF7FFF7FFF7FFF7FFF7FFF7FFF7FFF7FFF7FFF7FFF7FFF7FFF7FFF7F
310
FF7FFF7FFF7FFF7FFF7FFF7FFF7FFF7FFF7FFF7FFF7FFF7FFF7FFF7FFF7FFF7F
310
FF7FFF7FFF7FFF7FFF7FFF7FFF7FFF7FFF7FFF7FFF7FFF7FFF7FFF7FFF7FFF7F
310
FF7FFF7FFF7FFF7FFF7FFF7FFF7FFF7FFF7FFF7FFF7FFF7FFF7FFF7FFF7FFF7F
310
FF7FFF7FFF7FFF7FFF7FFF7FFF7FFF7FFF7FFF7FFF7FFF7FFF7FFF7FFF7FFF7F
310
FF7FFF7FFF7FFF7FFF7FFF7FFF7FFF7FFF7FFF7FFF7FFF7FFF7FFF7FFF7FFF7F
310
FF7FFF7FFF7FFF7FFF7FFF7FFF7FFF7FFF7FFF7FFF7FFF7FFF7FFF7FFF7FFF7F
310
FF7F0000FF7FFF7FFF7FFF7FFF7FFF7FFF7FFF7FFF7FFF7FFF7FFF7FFF7FFF7F
310
FF7FFF7FBD7FB376886D456D256945692569456D256945692569456D25694569
310
2569456D256945692569456D256945692569456D2569EB71167BFF7FFF7FFF7F
310
FF7FFF7FFF7FFF7FFF7FFF7FFF7FFF7FFF7FFF7FFF7FFF7FFF7FFF7FFF7FFF7F
310
FF7FFF7FFF7FFF7FFF7FFF7FFF7FFF7FFF7FFF7FFF7FFF7FFF7FFF7FFF7FFF7F
310
FF7FFF7FFF7FFF7FFF7FFF7FFF7FFF7FFF7FFF7FFF7FFF7FFF7FFF7FFF7FFF7F
310
FF7FFF7FFF7FFF7FFF7FFF7FFF7FFF7FFF7FFF7FFF7FFF7FFF7FFF7FFF7FFF7F
310
FF7FFF7FFF7FFF7FFF7FFF7FFF7FFF7FFF7FFF7FFF7FFF7FFF7FFF7FFF7FFF7F
310
FF7FFF7FFF7FFF7FFF7FFF7FFF7FFF7FFF7FFF7FFF7FFF7FFF7FFF7FFF7FFF7F
310
FF7FFF7FFF7FFF7FFF7FFF7FFF7FFF7FFF7FFF7FFF7FFF7FFF7FFF7FFF7FFF7F
310
FF7FFF7FFF7FFF7FFF7FFF7FFF7FFF7FFF7FFF7FFF7FFF7FFF7FFF7FFF7FFF7F
310
FF7FFF7FFF7FFF7FFF7FFF7FFF7FFF7FFF7FFF7FFF7FFF7FFF7FFF7FFF7FFF7F
310
FF7FFF7FFF7FFF7FFF7FFF7FFF7FFF7FFF7FFF7FFF7FFF7FFF7FFF7FFF7FFF7F
310
FF7FFF7FFF7FFF7FFF7FFF7FFF7FFF7FFF7FFF7FFF7FFF7FFF7FFF7FFF7FFF7F
310
FF7FFF7FFF7FFF7FFF7FFF7FFF7FFF7FFF7FFF7FFF7FFF7FFF7FFF7FFF7FFF7F
310
FF7FFF7FFF7FFF7FFF7FFF7FFF7FFF7FFF7FFF7FFF7FFF7FFF7FFF7FFF7FFF7F
310
FF7FFF7FFF7FFF7FFF7FFF7FFF7FFF7FFF7FFF7FFF7FFF7FFF7FFF7FFF7FFF7F
310
FF7FFF7FFF7FFF7FFF7FFF7FFF7FFF7FFF7FFF7FFF7FFF7FFF7FFF7FFF7FFF7F
310
FF7FFF7FFF7FFF7FFF7FFF7FFF7FFF7FFF7FFF7FFF7FFF7FFF7FFF7FFF7FFF7F
310
FF7FFF7FFF7FFF7FFF7FFF7FFF7FFF7FFF7FFF7FFF7FFF7FFF7FFF7FFF7FFF7F
310
FF7FFF7FFF7FFF7FFF7FFF7FFF7F0000FF7FFF7FFF7FFF7FFF7FFF7FFF7FFF7F
310
FF7FFF7FFF7FFF7FFF7FFF7FFF7FD476A86D2569456D4569456D2569456D4569
310
456D2569456D4569456D2569456D4569456D2569456D4569456D2569456D4569
310
456D2569456DEB71597FFF7FFF7FFF7FFF7FFF7FFF7FFF7FFF7FFF7FFF7FFF7F
310
FF7FFF7FFF7FFF7FFF7FFF7FFF7FFF7FFF7FFF7FFF7FFF7FFF7FFF7FFF7FFF7F
310
FF7FFF7FFF7FFF7FFF7FFF7FFF7FFF7FFF7FFF7FFF7FFF7FFF7FFF7FFF7FFF7F
310
FF7FFF7FFF7FFF7FFF7FFF7FFF7FFF7FFF7FFF7FFF7FFF7FFF7FFF7FFF7FFF7F
310
FF7FFF7FFF7FFF7FFF7FFF7FFF7FFF7FFF7FFF7FFF7FFF7FFF7FFF7FFF7FFF7F
310
FF7FFF7FFF7FFF7FFF7FFF7FFF7FFF7FFF7FFF7FFF7FFF7FFF7FFF7FFF7FFF7F
310
FF7FFF7FFF7FFF7FFF7FFF7FFF7FFF7FFF7FFF7FFF7FFF7FFF7FFF7FFF7FFF7F
310
FF7FFF7FFF7FFF7FFF7FFF7FFF7FFF7FFF7FFF7FFF7FFF7FFF7FFF7FFF7FFF7F
310
FF7FFF7FFF7FFF7FFF7FFF7FFF7FFF7FFF7FFF7FFF7FFF7FFF7FFF7FFF7FFF7F
310
FF7FFF7FFF7FFF7FFF7FFF7FFF7FFF7FFF7FFF7FFF7FFF7FFF7FFF7FFF7FFF7F
310
FF7FFF7FFF7FFF7FFF7FFF7FFF7FFF7FFF7FFF7FFF7FFF7FFF7FFF7FFF7FFF7F
310
FF7FFF7FFF7FFF7FFF7FFF7FFF7FFF7FFF7FFF7FFF7FFF7FFF7FFF7FFF7FFF7F
310
FF7FFF7FFF7FFF7FFF7FFF7FFF7FFF7FFF7FFF7FFF7FFF7FFF7FFF7FFF7FFF7F
310
FF7FFF7FFF7FFF7FFF7FFF7FFF7FFF7FFF7FFF7FFF7FFF7FFF7FFF7FFF7FFF7F
310
FF7FFF7FFF7FFF7FFF7FFF7FFF7FFF7FFF7FFF7FFF7FFF7FFF7FFF7FFF7FFF7F
310
FF7FFF7FFF7FFF7FFF7FFF7FFF7FFF7FFF7FFF7FFF7FFF7FFF7FFF7FFF7FFF7F
310
FF7FFF7FFF7FFF7FFF7FFF7FFF7FFF7FFF7FFF7FFF7FFF7FFF7FFF7FFF7FFF7F
310
FF7FFF7FFF7FFF7FFF7FFF7FFF7FFF7FFF7FFF7FFF7FFF7FFF7F0000FF7FFF7F
310
FF7FFF7FFF7FFF7FFF7FFF7FFF7FFF7FFF7FFF7FFF7F7A7FCB6D45692569456D
310
256945692569456D256945692569456D256945692569456D256945692569456D
310
256945692569456D256945692569456D2569456925695076BD7FFF7FFF7FFF7F
310
FF7FFF7FFF7FFF7FFF7FFF7FFF7FFF7FFF7FFF7FFF7FFF7FFF7FFF7FFF7FFF7F
310
FF7FFF7FFF7FFF7FFF7FFF7FFF7FFF7FFF7FFF7FFF7FFF7FFF7FFF7FFF7FFF7F
310
FF7FFF7FFF7FFF7FFF7FFF7FFF7FFF7FFF7FFF7FFF7FFF7FFF7FFF7FFF7FFF7F
310
FF7FFF7FFF7FFF7FFF7FFF7FFF7FFF7FFF7FFF7FFF7FFF7FFF7FFF7FFF7FFF7F
310
FF7FFF7FFF7FFF7FFF7FFF7FFF7FFF7FFF7FFF7FFF7FFF7FFF7FFF7FFF7FFF7F
310
FF7FFF7FFF7FFF7FFF7FFF7FFF7FFF7FFF7FFF7FFF7FFF7FFF7FFF7FFF7FFF7F
310
FF7FFF7FFF7FFF7FFF7FFF7FFF7FFF7FFF7FFF7FFF7FFF7FFF7FFF7FFF7FFF7F
310
FF7FFF7FFF7FFF7FFF7FFF7FFF7FFF7FFF7FFF7FFF7FFF7FFF7FFF7FFF7FFF7F
310
FF7FFF7FFF7FFF7FFF7FFF7FFF7FFF7FFF7FFF7FFF7FFF7FFF7FFF7FFF7FFF7F
310
FF7FFF7FFF7FFF7FFF7FFF7FFF7FFF7FFF7FFF7FFF7FFF7FFF7FFF7FFF7FFF7F
310
FF7FFF7FFF7FFF7FFF7FFF7FFF7FFF7FFF7FFF7FFF7FFF7FFF7FFF7FFF7FFF7F
310
FF7FFF7FFF7FFF7FFF7FFF7FFF7FFF7FFF7FFF7FFF7FFF7FFF7FFF7FFF7FFF7F
310
FF7FFF7FFF7FFF7FFF7FFF7FFF7FFF7FFF7FFF7FFF7FFF7FFF7FFF7FFF7FFF7F
310
FF7FFF7FFF7FFF7FFF7FFF7FFF7FFF7FFF7FFF7FFF7FFF7FFF7FFF7FFF7FFF7F
310
FF7FFF7FFF7FFF7FFF7FFF7FFF7FFF7FFF7FFF7FFF7FFF7FFF7FFF7FFF7FFF7F
310
FF7FFF7FFF7FFF7FFF7FFF7FFF7FFF7FFF7FFF7FFF7FFF7FFF7FFF7FFF7FFF7F
310
FF7FFF7FFF7FFF7FFF7FFF7FFF7FFF7FFF7FFF7FFF7FFF7FFF7FFF7FFF7FFF7F
310
FF7FFF7FFF7F0000FF7FFF7FFF7FFF7FFF7FFF7FFF7FFF7FFF7FFF7FFF7FFF7F
310
D47A666D456D2569456D4569456D2569456D4569456D2569456D4569456D2569
310
456D4569456D2569456D4569456D2569456D4569456D2569456D4569456D2569
310
456D4569A971597BFF7FFF7FFF7FFF7FFF7FFF7FFF7FFF7FFF7FFF7FFF7FFF7F
310
FF7FFF7FFF7FFF7FFF7FFF7FFF7FFF7FFF7FFF7FFF7FFF7FFF7FFF7FFF7FFF7F
310
FF7FFF7FFF7FFF7FFF7FFF7FFF7FFF7FFF7FFF7FFF7FFF7FFF7FFF7FFF7FFF7F
310
FF7FFF7FFF7FFF7FFF7FFF7FFF7FFF7FFF7FFF7FFF7FFF7FFF7FFF7FFF7FFF7F
310
FF7FFF7FFF7FFF7FFF7FFF7FFF7FFF7FFF7FFF7FFF7FFF7FFF7FFF7FFF7FFF7F
310
FF7FFF7FFF7FFF7FFF7FFF7FFF7FFF7FFF7FFF7FFF7FFF7FFF7FFF7FFF7FFF7F
310
FF7FFF7FFF7FFF7FFF7FFF7FFF7FFF7FFF7FFF7FFF7FFF7FFF7FFF7FFF7FFF7F
310
FF7FFF7FFF7FFF7FFF7FFF7FFF7FFF7FFF7FFF7FFF7FFF7FFF7FFF7FFF7FFF7F
310
FF7FFF7FFF7FFF7FFF7FFF7FFF7FFF7FFF7FFF7FFF7FFF7FFF7FFF7FFF7FFF7F
310
FF7FFF7FFF7FFF7FFF7FFF7FFF7FFF7FFF7FFF7FFF7FFF7FFF7FFF7FFF7FFF7F
310
FF7FFF7FFF7FFF7FFF7FFF7FFF7FFF7FFF7FFF7FFF7FFF7FFF7FFF7FFF7FFF7F
310
FF7FFF7FFF7FFF7FFF7FFF7FFF7FFF7FFF7FFF7FFF7FFF7FFF7FFF7FFF7FFF7F
310
FF7FFF7FFF7FFF7FFF7FFF7FFF7FFF7FFF7FFF7FFF7FFF7FFF7FFF7FFF7FFF7F
310
FF7FFF7FFF7FFF7FFF7FFF7FFF7FFF7FFF7FFF7FFF7FFF7FFF7FFF7FFF7FFF7F
310
FF7FFF7FFF7FFF7FFF7FFF7FFF7FFF7FFF7FFF7FFF7FFF7FFF7FFF7FFF7FFF7F
310
FF7FFF7FFF7FFF7FFF7FFF7FFF7FFF7FFF7FFF7FFF7FFF7FFF7FFF7FFF7FFF7F
310
FF7FFF7FFF7FFF7FFF7FFF7FFF7FFF7FFF7FFF7FFF7FFF7FFF7FFF7FFF7FFF7F
310
FF7FFF7FFF7FFF7FFF7FFF7FFF7FFF7FFF7F0000FF7FFF7FFF7FFF7FFF7FFF7F
310
FF7FFF7FFF7FFF7FFE7F4F76256945692569456D256945692569456D25694569
310
2569456D256945692569456D256945692569456D256945692569456D25694569
310
2569456D256945692569456D256945692569666DD476FF7FFF7FFF7FFF7FFF7F
310
FF7FFF7FFF7FFF7FFF7FFF7FFF7FFF7FFF7FFF7FFF7FFF7FFF7FFF7FFF7FFF7F
310
FF7FFF7FFF7FFF7FFF7FFF7FFF7FFF7FFF7FFF7FFF7FFF7FFF7FFF7FFF7FFF7F
310
FF7FFF7FFF7FFF7FFF7FFF7FFF7FFF7FFF7FFF7FFF7FFF7FFF7FFF7FFF7FFF7F
310
FF7FFF7FFF7FFF7FFF7FFF7FFF7FFF7FFF7FFF7FFF7FFF7FFF7FFF7FFF7FFF7F
310
FF7FFF7FFF7FFF7FFF7FFF7FFF7FFF7FFF7FFF7FFF7FFF7FFF7FFF7FFF7FFF7F
310
FF7FFF7FFF7FFF7FFF7FFF7FFF7FFF7FFF7FFF7FFF7FFF7FFF7FFF7FFF7FFF7F
310
FF7FFF7FFF7FFF7FFF7FFF7FFF7FFF7FFF7FFF7FFF7FFF7FFF7FFF7FFF7FFF7F
310
FF7FFF7FFF7FFF7FFF7FFF7FFF7FFF7FFF7FFF7FFF7FFF7FFF7FFF7FFF7FFF7F
310
FF7FFF7FFF7FFF7FFF7FFF7FFF7FFF7FFF7FFF7FFF7FFF7FFF7FFF7FFF7FFF7F
310
FF7FFF7FFF7FFF7FFF7FFF7FFF7FFF7FFF7FFF7FFF7FFF7FFF7FFF7FFF7FFF7F
310
FF7FFF7FFF7FFF7FFF7FFF7FFF7FFF7FFF7FFF7FFF7FFF7FFF7FFF7FFF7FFF7F
310
FF7FFF7FFF7FFF7FFF7FFF7FFF7FFF7FFF7FFF7FFF7FFF7FFF7FFF7FFF7FFF7F
310
FF7FFF7FFF7FFF7FFF7FFF7FFF7FFF7FFF7FFF7FFF7FFF7FFF7FFF7FFF7FFF7F
310
FF7FFF7FFF7FFF7FFF7FFF7FFF7FFF7FFF7FFF7FFF7FFF7FFF7FFF7FFF7FFF7F
310
FF7FFF7FFF7FFF7FFF7FFF7FFF7FFF7FFF7FFF7FFF7FFF7FFF7FFF7FFF7FFF7F
310
FF7FFF7FFF7FFF7FFF7FFF7FFF7FFF7FFF7FFF7FFF7FFF7FFF7FFF7FFF7FFF7F
310
FF7FFF7FFF7FFF7FFF7FFF7FFF7FFF7FFF7FFF7FFF7FFF7FFF7FFF7FFF7F0000
310
FF7FFF7FFF7FFF7FFF7FFF7FFF7FFF7FFF7FDE7F0D724569456D2569456D4569
310
456D2569456D4569456D2569456D4569456D2569456D4569456D2569456D4569
310
456D2569456D4569456D2569456D4569456D2569456D4569456D2569456D4569
310
456DB276FF7FFF7FFF7FFF7FFF7FFF7FFF7FFF7FFF7FFF7FFF7FFF7FFF7FFF7F
310
FF7FFF7FFF7FFF7FFF7FFF7FFF7FFF7FFF7FFF7FFF7FFF7FFF7FFF7FFF7FFF7F
310
FF7FFF7FFF7FFF7FFF7FFF7FFF7FFF7FFF7FFF7FFF7FFF7FFF7FFF7FFF7FFF7F
310
FF7FFF7FFF7FFF7FFF7FFF7FFF7FFF7FFF7FFF7FFF7FFF7FFF7FFF7FFF7FFF7F
310
FF7FFF7FFF7FFF7FFF7FFF7FFF7FFF7FFF7FFF7FFF7FFF7FFF7FFF7FFF7FFF7F
310
FF7FFF7FFF7FFF7FFF7FFF7FFF7FFF7FFF7FFF7FFF7FFF7FFF7FFF7FFF7FFF7F
310
FF7FFF7FFF7FFF7FFF7FFF7FFF7FFF7FFF7FFF7FFF7FFF7FFF7FFF7FFF7FFF7F
310
FF7FFF7FFF7FFF7FFF7FFF7FFF7FFF7FFF7FFF7FFF7FFF7FFF7FFF7FFF7FFF7F
310
FF7FFF7FFF7FFF7FFF7FFF7FFF7FFF7FFF7FFF7FFF7FFF7FFF7FFF7FFF7FFF7F
310
FF7FFF7FFF7FFF7FFF7FFF7FFF7FFF7FFF7FFF7FFF7FFF7FFF7FFF7FFF7FFF7F
310
FF7FFF7FFF7FFF7FFF7FFF7FFF7FFF7FFF7FFF7FFF7FFF7FFF7FFF7FFF7FFF7F
310
FF7FFF7FFF7FFF7FFF7FFF7FFF7FFF7FFF7FFF7FFF7FFF7FFF7FFF7FFF7FFF7F
310
FF7FFF7FFF7FFF7FFF7FFF7FFF7FFF7FFF7FFF7FFF7FFF7FFF7FFF7FFF7FFF7F
310
FF7FFF7FFF7FFF7FFF7FFF7FFF7FFF7FFF7FFF7FFF7FFF7FFF7FFF7FFF7FFF7F
310
FF7FFF7FFF7FFF7FFF7FFF7FFF7FFF7FFF7FFF7FFF7FFF7FFF7FFF7FFF7FFF7F
310
FF7FFF7FFF7FFF7FFF7FFF7FFF7FFF7FFF7FFF7FFF7FFF7FFF7FFF7FFF7FFF7F
310
FF7FFF7FFF7FFF7FFF7FFF7FFF7FFF7FFF7FFF7FFF7FFF7FFF7FFF7FFF7FFF7F
310
FF7FFF7FFF7FFF7FFF7F0000FF7FFF7FFF7FFF7FFF7FFF7FFF7FFF7FDE7F0C72
310
256945692569456D256945692569456D256945692569456D256945692569456D
310
256945692569456D256945692569456D256945692569456D256945692569456D
310
256945692569456D256945692569456D9276FF7FFF7FFF7FFF7FFF7FFF7FFF7F
310
FF7FFF7FFF7FFF7FFF7FFF7FFF7FFF7FFF7FFF7FFF7FFF7FFF7FFF7FFF7FFF7F
310
FF7FFF7FFF7FFF7FFF7FFF7FFF7FFF7FFF7FFF7FFF7FFF7FFF7FFF7FFF7FFF7F
310
FF7FFF7FFF7FFF7FFF7FFF7FFF7FFF7FFF7FFF7FFF7FFF7FFF7FFF7FFF7FFF7F
310
FF7FFF7FFF7FFF7FFF7FFF7FFF7FFF7FFF7FFF7FFF7FFF7FFF7FFF7FFF7FFF7F
310
FF7FFF7FFF7FFF7FFF7FFF7FFF7FFF7FFF7FFF7FFF7FFF7FFF7FFF7FFF7FFF7F
310
FF7FFF7FFF7FFF7FFF7FFF7FFF7FFF7FFF7FFF7FFF7FFF7FFF7FFF7FFF7FFF7F
310
FF7FFF7FFF7FFF7FFF7FFF7FFF7FFF7FFF7FFF7FFF7FFF7FFF7FFF7FFF7FFF7F
310
FF7FFF7FFF7FFF7FFF7FFF7FFF7FFF7FFF7FFF7FFF7FFF7FFF7FFF7FFF7FFF7F
310
FF7FFF7FFF7FFF7FFF7FFF7FFF7FFF7FFF7FFF7FFF7FFF7FFF7FFF7FFF7FFF7F
310
FF7FFF7FFF7FFF7FFF7FFF7FFF7FFF7FFF7FFF7FFF7FFF7FFF7FFF7FFF7FFF7F
310
FF7FFF7FFF7FFF7FFF7FFF7FFF7FFF7FFF7FFF7FFF7FFF7FFF7FFF7FFF7FFF7F
310
FF7FFF7FFF7FFF7FFF7FFF7FFF7FFF7FFF7FFF7FFF7FFF7FFF7FFF7FFF7FFF7F
310
FF7FFF7FFF7FFF7FFF7FFF7FFF7FFF7FFF7FFF7FFF7FFF7FFF7FFF7FFF7FFF7F
310
FF7FFF7FFF7FFF7FFF7FFF7FFF7FFF7FFF7FFF7FFF7FFF7FFF7FFF7FFF7FFF7F
310
FF7FFF7FFF7FFF7FFF7FFF7FFF7FFF7FFF7FFF7FFF7FFF7FFF7FFF7FFF7FFF7F
310
FF7FFF7FFF7FFF7FFF7FFF7FFF7FFF7FFF7FFF7FFF7FFF7FFF7FFF7FFF7FFF7F
310
FF7FFF7FFF7FFF7FFF7FFF7FFF7FFF7FFF7FFF7FFF7F0000FF7FFF7FFF7FFF7F
310
FF7FFF7FFF7FFF7F2E724569456D2569456D4569456D2569456D4569456D2569
310
456D4569456D2569456D4569456D2569456D4569456D2569456D4569456D2569
310
246D046924690369246D036924690369456D4569456D2569456D4569456DD476
310
FF7FFF7FFF7FFF7FFF7FFF7FFF7FFF7FFF7FFF7FFF7FFF7FFF7FFF7FFF7FFF7F
310
FF7FFF7FFF7FFF7FFF7FFF7FFF7FFF7FFF7FFF7FFF7FFF7FFF7FFF7FFF7FFF7F
310
FF7FFF7FFF7FFF7FFF7FFF7FFF7FFF7FFF7FFF7FFF7FFF7FFF7FFF7FFF7FFF7F
310
FF7FFF7FFF7FFF7FFF7FFF7FFF7FFF7FFF7FFF7FFF7FFF7FFF7FFF7FFF7FFF7F
310
FF7FFF7FFF7FFF7FFF7FFF7FFF7FFF7FFF7FFF7FFF7FFF7FFF7FFF7FFF7FFF7F
310
FF7FFF7FFF7FFF7FFF7FFF7FFF7FFF7FFF7FFF7FFF7FFF7FFF7FFF7FFF7FFF7F
310
FF7FFF7FFF7FFF7FFF7FFF7FFF7FFF7FFF7FFF7FFF7FFF7FFF7FFF7FFF7FFF7F
310
FF7FFF7FFF7FFF7FFF7FFF7FFF7FFF7FFF7FFF7FFF7FFF7FFF7FFF7FFF7FFF7F
310
FF7FFF7FFF7FFF7FFF7FFF7FFF7FFF7FFF7FFF7FFF7FFF7FFF7FFF7FFF7FFF7F
310
FF7FFF7FFF7FFF7FFF7FFF7FFF7FFF7FFF7FFF7FFF7FFF7FFF7FFF7FFF7FFF7F
310
FF7FFF7FFF7FFF7FFF7FFF7FFF7FFF7FFF7FFF7FFF7FFF7FFF7FFF7FFF7FFF7F
310
FF7FFF7FFF7FFF7FFF7FFF7FFF7FFF7FFF7FFF7FFF7FFF7FFF7FFF7FFF7FFF7F
310
FF7FFF7FFF7FFF7FFF7FFF7FFF7FFF7FFF7FFF7FFF7FFF7FFF7FFF7FFF7FFF7F
310
FF7FFF7FFF7FFF7FFF7FFF7FFF7FFF7FFF7FFF7FFF7FFF7FFF7FFF7FFF7FFF7F
310
FF7FFF7FFF7FFF7FFF7FFF7FFF7FFF7FFF7FFF7FFF7FFF7FFF7FFF7FFF7FFF7F
310
FF7FFF7FFF7FFF7FFF7FFF7FFF7FFF7FFF7FFF7FFF7FFF7FFF7FFF7FFF7FFF7F
310
FF7FFF7FFF7FFF7FFF7FFF7FFF7FFF7FFF7FFF7FFF7FFF7FFF7FFF7FFF7FFF7F
310
FF7F0000FF7FFF7FFF7FFF7FFF7FFF7FFF7F7176256945692569456D25694569
310
2569456D256945692569456D256945692569456D256945692569456D25694569
310
2569456D256945692469456D9272F576D472D576D472D576D472F6760E6E2469
310
2569456D256945692569466D377BFF7FFF7FFF7FFF7FFF7FFF7FFF7FFF7FFF7F
310
FF7FFF7FFF7FFF7FFF7FFF7FFF7FFF7FFF7FFF7FFF7FFF7FFF7FFF7FFF7FFF7F
310
FF7FFF7FFF7FFF7FFF7FFF7FFF7FFF7FFF7FFF7FFF7FFF7FFF7FFF7FFF7FFF7F
310
FF7FFF7FFF7FFF7FFF7FFF7FFF7FFF7FFF7FFF7FFF7FFF7FFF7FFF7FFF7FFF7F
310
FF7FFF7FFF7FFF7FFF7FFF7FFF7FFF7FFF7FFF7FFF7FFF7FFF7FFF7FFF7FFF7F
310
FF7FFF7FFF7FFF7FFF7FFF7FFF7FFF7FFF7FFF7FFF7FFF7FFF7FFF7FFF7FFF7F
310
FF7FFF7FFF7FFF7FFF7FFF7FFF7FFF7FFF7FFF7FFF7FFF7FFF7FFF7FFF7FFF7F
310
FF7FFF7FFF7FFF7FFF7FFF7FFF7FFF7FFF7FFF7FFF7FFF7FFF7FFF7FFF7FFF7F
310
FF7FFF7FFF7FFF7FFF7FFF7FFF7FFF7FFF7FFF7FFF7FFF7FFF7FFF7FFF7FFF7F
310
FF7FFF7FFF7FFF7FFF7FFF7FFF7FFF7FFF7FFF7FFF7FFF7FFF7FFF7FFF7FFF7F
310
FF7FFF7FFF7FFF7FFF7FFF7FFF7FFF7FFF7FFF7FFF7FFF7FFF7FFF7FFF7FFF7F
310
FF7FFF7FFF7FFF7FFF7FFF7FFF7FFF7FFF7FFF7FFF7FFF7FFF7FFF7FFF7FFF7F
310
FF7FFF7FFF7FFF7FFF7FFF7FFF7FFF7FFF7FFF7FFF7FFF7FFF7FFF7FFF7FFF7F
310
FF7FFF7FFF7FFF7FFF7FFF7FFF7FFF7FFF7FFF7FFF7FFF7FFF7FFF7FFF7FFF7F
310
FF7FFF7FFF7FFF7FFF7FFF7FFF7FFF7FFF7FFF7FFF7FFF7FFF7FFF7FFF7FFF7F
310
FF7FFF7FFF7FFF7FFF7FFF7FFF7FFF7FFF7FFF7FFF7FFF7FFF7FFF7FFF7FFF7F
310
FF7FFF7FFF7FFF7FFF7FFF7FFF7FFF7FFF7FFF7FFF7FFF7FFF7FFF7FFF7FFF7F
310
FF7FFF7FFF7FFF7FFF7FFF7FFF7F0000FF7FFF7FFF7FFF7FFF7FFF7F177B4569
310
456D2569456D4569456D2569456D4569456D2569456D4569456D2569456D4569
310
456D2569456D4569456D2569456D4569456D2569246D7172FF7FFF7BFF7FFF7B
310
FF7FFF7BFF7FBD7BA96D2469456D4569456D2569456D4569886DBC7FFF7FFF7F
310
FF7FFF7FFF7FFF7FFF7FFF7FFF7FFF7FFF7FFF7FFF7FFF7FFF7FFF7FFF7FFF7F
310
FF7FFF7FFF7FFF7FFF7FFF7FFF7FFF7FFF7FFF7FFF7FFF7FFF7FFF7FFF7FFF7F
310
FF7FFF7FFF7FFF7FFF7FFF7FFF7FFF7FFF7FFF7FFF7FFF7FFF7FFF7FFF7FDE7B
310
FF7FFF7FFF7FFF7FFF7FFF7FFF7FFF7FFF7FFF7FFF7FFF7FFF7BFF7FFF7FFF7F
310
FF7FFF7FFF7FFF7FFF7FFF7FFF7FFF7FFF7FFF7FFF7FFF7FFF7FFF7FFF7FFF7F
310
FF7FFF7FFF7FFF7FFF7FFF7FFF7FFF7FFF7FFF7FFF7FFF7FFF7FFF7FFF7FFF7F
310
FF7FFF7FFF7FFF7FFF7FFF7FFF7FFF7FFF7FFF7FFF7FFF7FFF7FFF7FFF7FFF7F
310
FF7FFF7FFF7FDE7BFF7FFF7FFF7FFF7FFF7FFF7FFF7FFF7FFF7FFF7FFF7FFF7F
310
FF7FDE7BFF7FFF7FFF7FFF7FFF7FFF7FFF7FFF7BFF7FFF7FFF7FFF7FFF7FFF7F
310
FF7FFF7FFF7FFF7FFF7FDE7BFF7FFF7FFF7FFF7FFF7FFF7FFF7FFF7FFF7FFF7F
310
FF7FFF7FFF7FFF7FFF7FFF7FFF7FDF7BFF7FFF7FFF7FFF7FFF7FFF7FFF7FFF7F
310
FF7FFF7FFF7FFF7FFF7FDE7BFF7FFF7FFF7FFF7FFF7FFF7FFF7FFF7FFF7FFF7F
310
FF7FFF7FFF7FFF7FFF7FFF7FFF7FFF7FFF7FFF7FFF7FDE7BFF7FFF7FFF7FFF7F
310
FF7FFF7FFF7FFF7FFF7FFF7FFF7FFF7FFF7FFF7FFF7FFF7FFF7FFF7FFF7FFF7F
310
FF7FFF7FFF7FFF7FFF7FFF7FFF7FFF7FFF7FFF7FFF7FFF7FFF7FFF7FFF7FFF7F
310
FF7FFF7FFF7FFF7FFF7FFF7FFF7FFF7FFF7FDE7BFF7FFF7FFF7FFF7FFF7FFF7F
310
FF7FFF7FFF7FFF7FFF7FFF7FFF7FFF7FFF7FFF7FFF7FFF7FFF7F0000FF7FFF7F
310
FF7FFF7FFF7FBC7F676945692569456D256945692569456D256945692569456D
310
256945692569456D256945692569456D256945692569456D2569456925692469
310
AA6DDE7BDF7BDF7BDE7BDF7BDE7BFF7BDF7BEC710369456D256945692569456D
310
2569456925690D72FF7FFF7FFF7FFF7FFF7FFF7FFF7FFF7FFF7FFF7FFF7FFF7F
310
FF7FFF7FFF7FFF7FFF7FFF7FFF7FBD77F75A9C73FF7FF85E3967FF7FBD77F85E
310
5A6BFF7FF75E3A67FF7FDE7BF75E3A67FF7FFF7FFF7F3967F75EFF7FFF7FFF7F
310
F75E3967FF7F7B6BD75AD75AF75E9C73FF7FFF7FFF7F185F1963FF7FFF7FFF7F
310
7B6BF75ED65AF75E7B6FFF7FBD73F85E9D73FF7FF75E9C73FF7FF75E7B6F9C73
310
F75ABD77FF7FFF7F3A67F75EDE7BDE7BF75A5B6BFF7FFF7F7B6FF75EBD77FF7F
310
3967F75AD65AF85E7B6FFF7F7B6FF85EDE7BBD77F75EF75ED65AF75A3967DE7B
310
F75A7B6FFF7FBD77F75E7B6FFF7FBD77F75ED75AD75A3A67FF7FDF7BF75E7B6F
310
FF7F9C73F75E3A67FF7FFF7F1863D75AF75E39671863FF7F9C73F75ED65AF75E
310
3967FF7FFF7FFF7FFF7FFF7FFF7FFF7FFF7FBD77F75ED75AD75A5A6BF85E3967
310
FF7FFF7FFF7F18631963FF7FDE7BF85E3967FF7FBE771863D65AD75A3967FF7F
310
FF7F1963F75EF75ED75A3A67DE7BFF7FDE7B1963D65AF75A1863FF7FFF7FFF7F
310
9C73F75E9C73FF7FFF7F5A6BF75EFF7F9C73F75E9C73FF7F9C73F75E5A6BDE7B
310
F85ED75AD65A1963DE7BFF7FF75E3A67FF7FFF7FFF7FFF7F7C6FF75ED75AF75E
310
D65A5A6B5A6BF85ED75AF75AD75A5A6BDE7BF75E5A6BBD77F75A9C73FF7FFF7F
310
5A6BF75EBD773A67F75AF75ED75AF75EBD7739671863FF7FBD77185FD65AF75A
310
1863DE7BFF7FFF7F5A6BF75EBD77FF7FFF7FFF7FFF7FFF7FFF7FFF7FFF7FFF7F
310
FF7FFF7FFF7F0000FF7FFF7FFF7FFF7FFF7F2E72456D2569456D4569456D2569
310
456D4569456D2569456D4569456D2569456D4569456D2569456D4569456D2569
310
456D4569456D2569456D45697A7BFF7BFF7FDF7BDF7BDE7BFF7FFF7BB3760369
310
456D4569456D2569456D4569456D2569456D4569167BFF7FFF7FFF7FFF7FFF7F
310
FF7FFF7FFF7FFF7FFF7FFF7FFF7FFF7FFF7FFF7FFF7FFF7FFF7F9C73D75A7B6F
310
FF7FD65A3967FF7FDE7BD65A5A6BFF7FF75E1863FF7FBE77F75A5A67FF7FFF7F
310
FF7F5A6BD75A9C73FF7F9C73D75A5A6BDE7BD65A3967BD771863D75AFF7FFF7F
310
FF7FD75A1863FF7FFF7FBD77D75A1963DE7B1863D75ADF7BBD77D65ABD779C73
310
F75A3A67FF7FD65A7B6FBD77D75A3A67FF7FDE7BF85EF75EFF7FDE7BD75A3A67
310
FF7FFF7F7B6FD65ABD779C73D75A3A67DE7B1863D75ADE7B7B6FD65ADE7BBD77
310
F75A18637B6F5A6B9D73BD77D75A5A67FF7F9C73D75A7C6FFF7FF85EF75E9D73
310
7B6FD65A9C73DE7BF75A5A6BFF7F1963F75A1863FF7F5A6BF75A7B6F9C73D65A
310
1863DE7BF75AD75ABD777B6FD75A5A6BFF7FFF7FFF7FFF7FFF7FFF7FFF7FF75E
310
F75E9C737C6FD65AF75ABD77FF7FFF7FFF7FD75A1863FF7FDE7BD65A5A6BFF7F
310
3963D65ABD777B6FF75A7B6FFF7FF75EF85E9C735A6BD65A5A6BFF7F3967D65A
310
BD737C6FD75A3A67FF7FFF7F9D73D65A9C73FF7FFF7F3967F75ADE7B9C73D65A
310
BD77FF7F1863D65ADE7B1863D75A9C739D73D65A3967DE7BF75E1863FF7FFF7F
310
FF7FFF7F9C73D65A39675B6B7B6B9C737B6FD65A19635B6B7B6F9C73DE7BD65A
310
5A6BDE7BD75A3963FF7FDE7B1863D75AFF7F1863F75A5A6B7B6F5B6BFF7FF85E
310
185FFF7F1863D65ABD779C73D75A1963FF7FFF7F5A6BD65ADE7BFF7FFF7FFF7F
310
FF7FFF7FFF7FFF7FFF7FFF7FFF7FFF7FFF7F0000FF7FFF7FFF7FFF7F387B4569
310
2569456D256945692569456D256945692569456D256945692569456D25694569
310
2569456D256945692569456D256945692569456D0369B376FF7BDF7BDE7BDF7B
310
DE7BDF7BFF7B387724692569256945692569456D256945692569456D25694569
310
886DDE7FFF7FFF7FFF7FFF7FFF7FFF7FFF7FFF7FFF7FFF7FFF7FFF7FFF7FFF7F
310
FF7FFF7FFF7F9D73D65A7C6FFF7FD75A1963FF7FBD77D75A5A6BFF7FD65A3963
310
FF7FDE7BD65A5A6BFF7FFF7FFF7FBD77D65AD75AD65AD75AD65ABD779C73D75A
310
9C73FF7F5A6BD75ABD77FF7FDE7BF75A1863FF7FFF7F7B6FD65ABD77FF7F9C73
310
D65ABD77BD77D75A9C737B6FD65A1863DE7BD75A5A6BFF7FF75ED75AD65AD75A
310
D65A5A6BFF7FDE7BD65A5A6BFF7FFF7F7B6FD75A9C739C731863FF7FFF7F5B6B
310
D65ABD775B6BD75ABE77BD77D65A7C6FFF7FFF7FFF7FBE77D65A5A6BFF7F9C73
310
D65A9C73FF7FD75A1863FF7FDE7BD75A3A67FF7FD65A7B6FDE7BF75AD65A3963
310
FF7F1863D65AFF7FFF7F1863F75EDE7B18637B6FFF7FDF7BD65A1963FF7FDE7B
310
DE7BDE7BFF7FFF7FDE7BD75A3967FF7F7C6FD75AD65A7C6FFF7FFF7FDE7BF75A
310
1863FF7FBE77D75A5A6BFF7FD65A3963FF7FFF7FD65A1963FF7FF85EF85EFF7F
310
FF7FF75AF75EFF7FD75A1863FF7FFF7FF75E185FFF7FFF7F9C73D75A7B6FFF7F
310
FF7F3A67D65AFF7F9C73D75A9C73BD77D65A5B6BFF7F39673967FF7FFF7FF75E
310
F75EDE7BD65A3963FF7FFF7FFF7FFF7F7B6FD75A9C73FF7FFF7FFF7FDE7BF75E
310
185FFF7FFF7FFF7FBE77D75A3967FF7FF85ED75AD65AD75AD65A3967FF7F1863
310
F75EFF7FFF7FFF7FFF7F185FF75EFF7F19635A6BFF7FFF7FD75AF75EFF7FFF7F
310
5A6BD75ABD77FF7FFF7FFF7FFF7FFF7FFF7FFF7FFF7FFF7FFF7FFF7FFF7F0000
310
FF7FFF7FFF7FFF7FEB712569456D4569456D2569456D4569456D2569456D4569
310
456D2569456D4569456D2569456D4569456D2569456D4569456D2569466D0369
310
0C72FF7BFF7FDF7BDF7BDE7BFF7FFF7BBD7B886D246D4569456D2569456D4569
310
456D2569456D4569456D2569456DB376FF7FFF7FFF7FFF7FFF7FFF7FFF7FFF7F
310
FF7FFF7FFF7FFF7FFF7FFF7FFF7FFF7FFF7F9C73F75A7B6FFF7FD65A3967FF7F
310
BD77D65A7B6BFF7FF75E1863DE7B5A6BF75E9C73FF7FFF7FFF7FDE7BF75E185F
310
9C73F85EF75EFF7F9C73D65A9C73FF7F7B6FD65ABD77FF7FFF7FD75A1963FF7F
310
FF7F5A6BF75ABD77FF7F9C73F75A9C73BD77D65ABD7719633967F75EBD77D75A
310
5B6BFF7F3967D65A9C733A67F75A9C73FF7FBD77F75A5A6BFF7FFF7F7C6FD65A
310
BD77FF7FFF7FDE7B7C6FD75AF75ADE7B7B6FD65ADE7BBD77D75A5A6BFF7FDE7B
310
FF7FBD77F75A3967DE7B3967F75EDE7BFF7FD75A3967FF7FDE7BD65A5B6BDE7B
310
D75A7B6F9C73F75EF85E1863FF7FF85E1863FF7F7C6FF75AF75EFF7FFF7FFF7F
310
BD771863F75A5A6BBE77D65AF75AD65ABE77FF7FFF7F1863F75E7C6FF75E3A67
310
1963F75EFF7FFF7FFF7FD75A1863BD775B6BD65ABD77DE7BD75A3967FF7FFF7F
310
F85EF85EFF7FF85E1863FF7FBD77D65A3A67FF7BF75E3963FF7FFF7F1863F75E
310
FF7FFF7FBD77D65A9C73FF7FFF7F3967D75ADE7BBD73D65A1863F75EF75EDE7B
310
FF7FFF7FFF7FBD773A67D65A3967DE7BF75EF75E9C739C73FF7FFF7F9C73D65A
310
7C6FDE7BFF7FFF7FFF7F5B6BF75A7B6FFF7FFF7FDE7BD65A5A6BFF7F5B6BD65A
310
7B6F5A6BF75A7B6FFF7FF85EF85EFF7FFF7FFF7FFF7FF85E185FFF7FFF7FFF7F
310
DE7B3967F75A1863FF7FFF7F5B6BD65ADE7BFF7FFF7FFF7FFF7FFF7FFF7FFF7F
310
FF7FFF7FFF7FFF7FFF7F0000FF7FFF7FFF7F387B2569456D256945692569456D
310
256945692569456D256945692569456D256945692569456D256945692569456D
310
256945692569456D2469676D7B77FF7BDE7BDF7BDE7BDF7BDE7BFF7B0D6E0369
310
256945692569456D256945692569456D256945692569456D2569886DDE7FFF7F
310
FF7FFF7FFF7FFF7FFF7FFF7FFF7FFF7FFF7FFF7FFF7FFF7FFF7FFF7FFF7FBD77
310
D65A7C6FFF7FF75ED65AD75AD65AD75A5A6BFF7FF75AD75AD75AD75A1863FF7F
310
FF7FFF7FFF7FFF7F185F1863FF7F1863185FFF7F7C6FD75A7C6FFF7F5A6BD75A
310
9C73FF7FDE7BF75E185FFF7FFF7F5B6BD65ABD77FF7FBD77D65A9C73BD77D75A
310
7B6BF85E9C7318637B6BF75E5A6BFF7F7B6FD75ADE7B7C6FD65ADE7BFF7FDE7B
310
D65A5A6BFF7FFF7F7B6BD75A9C73FF7F5B6BF75AD65AF75E7B6FFF7F5A6BD75A
310
BD77BD77D65AD75AD65AD75A7B6FDE7BD65AD75AD75AD75A3967FF7FDE7BF75A
310
1863FF7FDE7BD75A3A67FF7FD65A7B6B18635A6B18631963FF7FF75EF85EFF7F
310
186318633967FF7FBD771863D65AD75A3963FF7FFF7F9C737C6F9C73DE7BFF7F
310
FF7FDF7B1863D75AD75AFF7FDE7BBD77FF7FFF7FFF7FF75ED65AF75ED65A1963
310
FF7FDE7BD65A5A6BFF7FFF7FF75E185FDE7B1863D65AF75ED65A1863DE7BFF7F
310
D65A3967FF7FFF7F185FF75EFF7FFF7F9C73D75A7B6FFF7FFF7F3A67D65AFF7F
310
9C73D75AD65AD75A5B6BFF7FFF7FFF7F1963D75AD65A1963DE7BFF7FD75AF75A
310
F75AD75AF85EFF7F7B6FD75AD65AD75AD65A9C73FF7FFF7FD75AF75EFF7FFF7F
310
BD77D75A3967FF7F9C73D75ABD77BD77D65ABE77FF7F1863F75AFF7FFF7FFF7F
310
FF7FF85EF75EFF7FDE7B3967D65AD75A1863DE7BFF7FFF7F5A67D75ABD77FF7F
310
FF7FFF7FFF7FFF7FFF7FFF7FFF7FFF7FFF7FFF7FFF7F0000FF7FFF7FFF7F0D72
310
456D4569456D2569456D4569456D2569456D4569456D2569456D4569456D2569
310
456D4569456D2569456D4569456D2569456D2569246DF576FF7FDF7BDF7BDE7B
310
FF7FDF7BFF7FB472246D2569456D2569456D4569456D2569456D4569456D2569
310
456D4569456D2569F57AFF7FFF7FFF7FFF7FFF7FFF7FFF7FFF7FFF7FFF7FFF7F
310
FF7FFF7FFF7FFF7FFF7F9D73D75A7B6FFF7FD75A185F5B6B5A6BD65A5B6BFF7F
310
F75E1863FF7F7B6FF75E7C6FFF7FFF7FFF7FFF7F7B6FD65ABD77D75A7B6FFF7F
310
9C73D65A9C73FF7F7B6FD65ABD77FF7FFF7FD75A1963FF7FFF7F5B6BD75ABD77
310
FF7F9C73D75A9C6FBE77D65A3A67F75EFF7F19633967D75A7B6BFF7FDE7BD65A
310
9C7339671863FF7FFF7FBE77D75A5A6BFF7FFF7F7B6FD65ABD77BD77D75AF75E
310
9C73FF7FFF7FFF7F7B6FD65ADE7BBD77F75A39679C739C73FF7FDE7BD75A3A67
310
FF7F5A6BF75EBD77FF7FD75A3963FF7FDF7BD65A5A6BDE7BF75A1863F75EBD77
310
19631863FF7FF75E1863FF7FFF7FFF7FFF7FFF7F1863D65A5A6BDE7BFF7FFF7F
310
FF7FFF7FFF7FFF7FFF7FFF7FFF7FFF7F5A6BD65AF75E5A6BFF7FFF7FFF7FFF7F
310
FF7FF75A1863DE7B9C73D75A9C73DE7BF75A3A67FF7FFF7F185F185FFF7FF85E
310
185F9D735A6BF75ADE7BFF7FD75A1963FF7FFF7F1863F75AFF7FFF7F9D73D65A
310
9C73FF7FFF7F3967F75ADF7B9D73D65A1863D65A9C73FF7FFF7F3967D75A1963
310
BD77FF7FFF7FDE7BF75E1863FF7F7B6FF75A9C739C73D65A5A6B9C739C73DE7B
310
FF7FFF7F9C73D65A7B6FFF7FDE7BD65A5A6BFF7FFF7FD65A7B6F5A6BF75EFF7F
310
FF7F185FF85EFF7FFF7FFF7FFF7FF85E1863FF7F3A67D65A3967BD77FF7FFF7F
310
FF7FFF7F5B6BD65ADE7BFF7FFF7FFF7FFF7FFF7FFF7FFF7FFF7FFF7FFF7FFF7F
310
FF7F0000FF7FFF7F9B7F666D256945692569456D256945692569456D25694569
310
2569456D256945692569456D256945692569456D256945692569456D25690369
310
2E6EFF7FDE7BDF7BDE7BDF7BDE7BFF7B5977466D246945692569456D25694569
310
2569456D256945692569456D256945692569456DCB6DFF7FFF7FFF7FFF7FFF7F
310
FF7FFF7FFF7FFF7FFF7FFF7FFF7FFF7FFF7FFF7FFF7F9D73D65A7C6FFF7FD75A
310
1963FF7FBD77D75A5A6BFF7FD65A3967FF7FDF7BD65A3967FF7FFF7FFF7FFF7F
310
BD77D75A3967D75ABD77FF7F7B6FD75A9C6FFF7F5A6BD75ABD73FF7FFF7FF75A
310
1863FF7FFF7F7B6FD65ABD77FF7F9C73D65ABD77BD77D75AF75A1863FF7F5A6B
310
D75AD75A5A6BFF7FFF7FF75E1863F75E5A6BFF7FFF7FDE7BD65A5A6BFF7FFF7F
310
7B6FD75A9D739C73D65A9C73FF7F9D735A6BFF7F5A6BD75ABE77BD77D65A9C6F
310
FF7FFF7FFF7FBE77D65A5B6BFF7FBD77D65A7C6FFF7FD75A1863FF7FDE7BD75A
310
5A67FF7FD65AD75A1863FF7FF85E1863FF7F1963D65AFF7FFF7F5A6B5A6BFF7F
310
D65A1863FF7FFF7F5A6BBD77FF7FFF7FFF7FFF7FFF7FFF7FFF7FDE7BD65A7C6F
310
7C6FD75ABD77FF7FFF7FFF7FDE7BF75A1863FF7FDE7BD75A3967FF7FD65A3963
310
FF7FFF7FD65A1963FF7FF85EF85EFF7FDE7BD75A3A67FF7FD75A1863FF7FFF7F
310
F75E185FFF7FFF7F9C73D75A7C6FFF7FFF7F3A67D65AFF7F9C73D75A7B6F1863
310
D75AFF7FFF7F1863D75AFF7FFF7F7B6F9C73FF7FD65A3963FF7FDE77D65A7B6F
310
9C6FD75A9D73FF7FFF7FFF7FFF7FFF7FFF7F1863D65AFF7FDE7BD75A3967FF7F
310
FF7F1863185F185F1963FF7FFF7F1863F75EFF7FFF7FFF7FFF7F185FF75EFF7F
310
F85EF75EFF7FFF7F5A6B9C73FF7FFF7F5A6BD75ABD77FF7FFF7FFF7FFF7FFF7F
310
FF7FFF7FFF7FFF7FFF7FFF7FFF7F0000FF7FFF7FD47A4569456D2569456D4569
310
456D2569456D4569456D2569456D4569456D2569456D4569456D2569456D4569
310
456D2569456D4569246D886DBE7BFF7BDF7BDE7BFF7FDF7BFF7FDE7BCA6D0469
310
456D2569456D4569456D2569456D4569456D2569456D4569456D2569456D4569
310
466D7B7FFF7FFF7FFF7FFF7FFF7FFF7FFF7FFF7FFF7FFF7FFF7FFF7FFF7FFF7F
310
FF7F9C73F75A7B6FFF7FD65A3967FF7FDE7BD65A5B6BFF7FF75EF75E9C733963
310
D75A5B6BFF7FFF7FFF7FFF7FFF7FF75ED75AF75AFF7FFF7F9C73D65A9C73FF7F
310
7B6FD65ABD777B6F5A6BD65AF85E5A6B9C73BD77F75A1963BD77185FF75EFF7F
310
BD77D65AF75A3A67FF7F9C73F75AD65A5B6BFF7FFF7F3967D75AD65ABD77FF7F
310
7B6F3967F75AF85E5B6BBD779C73D65ABD77BD77F75A3A67BD77D75AF75EFF7F
310
7B6FD65ADE7BBD77D75A18637B6F5A6BBD77BD77F75A18639C73185FF75A9D73
310
FF7FD65A1963FF7FDE7BD65A5A6BDE7BD75AD65A9C73FF7F185F1863FF7F7B6F
310
D75A5B6B9C73D65A3A67FF7F1863D75ABD773A67F75A9C73FF7FFF7FFF7FFF7F
310
FF7FFF7FFF7FDE7BD75A7B6F9C73D65ADE7BFF7FFF7FFF7FFF7FD75AF85E7C6F
310
3967D65A7B6FFF7F3963D65ABD777B6FD75A7B6FFF7FF75EF75E7B6F3967D65A
310
7B6FFF7F3A67D65A9C737B6FF75A5A6BFF7F5A6B3967D65A39675A6BDE7B3A67
310
D75ADE7B9D73D65ABD77BE77F75A3963FF7F3967F75A9C737B6FD65A7B6FFF7F
310
F75AF75E9C731863D75ABD779C73D65A39675A6B7B6BBD77DE7B5A6B7B6F1863
310
D75A5A6BFF7FD65A3A67FF7FFF7F5A6BD75AD65A9C73FF7FFF7FF75EF85EFF7F
310
FF7FFF7FFF7FF75EF85EFF7F3A67D65A9D737B6BF75A5B6BBE775A6B1863D65A
310
3A675A6BFF7FFF7FFF7FFF7FFF7FFF7FFF7FFF7FFF7FFF7FFF7F0000FF7FFF7F
310
EB6D45692569456D256945692569456D256945692569456D256945692569456D
310
256945692569456D256945692569456D2569256924693877FF7BDF7BDE7BDF7B
310
DE7BDF7BFF7B4F72036945692569456D256945692569456D256945692569456D
310
256945692569456D256945692569D47AFF7FFF7FFF7FFF7FFF7FFF7FFF7FFF7F
310
FF7FFF7FFF7FFF7FFF7FFF7FFF7FBD77F75E9C73FF7F18633967FF7FBE77185F
310
5B6BFF7F1863F85ED75AF85E3967FF7FFF7FFF7FFF7FFF7FFF7F5A6BF75E5A6B
310
FF7FFF7F9C73185F9C73FF7F7B6F185F9C731963F75E185FF75EF75E3967FF7F
310
7B6FF75ED65AF75E7C6FFF7FBD77185FF75E9C73FF7FDE7BF75EF85E7B6FFF7F
310
FF7F9C73F75E1863FF7FDE7BF75EF85EF75EF85EF75A7C6F9C73F85EBD77FF7F
310
5A6BF75ED65AF85E9C73FF7F7B6F185FDE7BBE77F75EF85ED75AF75E5A6BDE7B
310
F75EF85EF75AF85E5A6BFF7FFF7F18633967FF7FDE7B185F5A6BFF7FF85E1863
310
DE7BFF7F19633967FF7FFF7F3967F75AD65A1963DE7BFF7FBD771863D65AF75E
310
3967FF7FFF7FFF7FFF7FFF7FFF7FFF7FFF7FFF7F7B6F1863F75E7B6FFF7FFF7F
310
FF7FFF7FFF7F1963F75EF75EF75E3A67DE7BFF7FDE7B1963D65AD75A3967FF7F
310
FF7F3967F75EF75EF75E5A6BFF7FFF7FDE7B1963D65AD75A1963FF7FBD77F75E
310
F75EF85EF75EF75E9C737B6FF75EFF7F9C73F85E9C73FF7F5A6BF85EBD77FF7F
310
1863D75AD65A3967DE7BFF7F1863F85ED75AF85E5B6BFF7F9C73F85EF75EF75E
310
D75A9C739C73F75ED75AF85EF75E7B6FDE7BF85E5A6BFF7FFF7FBD77F75E1863
310
DE7BFF7FFF7F39671863FF7FFF7FFF7FFF7F39671863FF7FDE7B1963D65AF75A
310
1963FF7F7B6FF75EF75EF85EF75EF75EFF7FFF7FFF7FFF7FFF7FFF7FFF7FFF7F
310
FF7FFF7FFF7F0000FF7FBD7F676D2569456D4569456D2569456D4569456D2569
310
456D4569456D2569456D4569456D2569456D4569456D2569456D4569456D0369
310
7176FF7BDF7BDE7BFF7FDF7BDF7BFF7BF6762469456D2569456D4569456D2569
310
456D4569456D2569456D4569456D2569456D4569456D2569456D0D72FF7FFF7F
310
FF7FFF7FFF7FFF7FFF7FFF7FFF7FFF7FFF7FFF7FFF7FFF7FFF7FFF7FFF7FFF7F
310
FF7FFF7FFF7FFF7FFF7FFF7FFF7FFF7FFF7FFF7FFF7FFF7FFF7FFF7FFF7FFF7F
310
FF7FFF7FFF7FFF7FFF7FFF7FFF7FFF7FFF7FFF7FFF7FFF7FFF7FFF7FFF7FFF7F
310
FF7FFF7FFF7FFF7FFF7FFF7FFF7FFF7FFF7FFF7FFF7FFF7FFF7FFF7FFF7FFF7F
310
FF7FFF7FFF7FFF7FFF7FFF7FFF7FFF7FFF7FFF7FFF7FFF7FFF7FFF7FFF7FFF7F
310
FF7FFF7FFF7FFF7FFF7FFF7FFF7FFF7FFF7FFF7FFF7FFF7FFF7FFF7FFF7FFF7F
310
FF7FFF7FFF7FFF7FFF7FFF7FFF7FFF7FFF7FFF7FFF7FFF7FFF7FFF7FFF7FFF7F
310
FF7FFF7FFF7FFF7FFF7FFF7FFF7FFF7FFF7FFF7FFF7FFF7FFF7FDE7BFF7FFF7F
310
FF7FFF7FFF7FFF7FFF7FFF7FFF7FFF7FFF7FFF7FFF7FFF7FFF7FFF7FFF7FFF7F
310
FF7FFF7FFF7FFF7FFF7FFF7FFF7FFF7FFF7FFF7FFF7FFF7FFF7FFF7FFF7FFF7F
310
FF7FFF7FFF7FDE7BFF7FFF7FFF7FFF7FFF7FFF7FFF7FFF7FFF7FFF7FFF7FFF7F
310
FF7FDE7BFF7FFF7FFF7FFF7FFF7FFF7FFF7FFF7FFF7FFF7FFF7FFF7FFF7FFF7F
310
FF7FFF7FFF7FFF7FFF7FFF7FFF7FDE7BFF7FFF7FFF7FFF7FFF7FFF7FFF7FFF7F
310
FF7FFF7FFF7FFF7FFF7FFF7FFF7FFF7FFF7FFF7FFF7FFF7FFF7FFF7FFF7FFF7F
310
FF7FFF7FFF7FFF7FFF7FFF7FFF7FFF7FFF7FFF7FFF7FFF7FFF7FFF7FFF7FFF7F
310
FF7FFF7FFF7FFF7FFF7FDE7BFF7FFF7FFF7FFF7FFF7FFF7FFF7FFF7FFF7FFF7F
310
FF7FFF7FFF7FFF7FFF7FFF7FFF7FFF7FFF7F0000FF7F587B2569456D25694569
310
2569456D256945692569456D256945692569456D256945692569456D25694569
310
2569456D256945690369CA6DDE7BFF7BDE7BDF7BDE7BDF7BFF7B7B7B46692469
310
2569456D256945692569456D256945692569456D256945692569456D25694569
310
2569456D2569886DDE7FFF7FFF7FFF7FFF7FFF7FFF7FFF7FFF7FFF7FFF7FFF7F
310
FF7FFF7FFF7FFF7FFF7FFF7FFF7FFF7FFF7FFF7FFF7FFF7FFF7FFF7FFF7FFF7F
310
FF7FFF7FFF7FFF7FFF7FFF7FFF7FFF7FFF7FFF7FFF7FFF7FFF7FFF7FFF7FFF7F
310
FF7FFF7FFF7FFF7FFF7FFF7FFF7FFF7FFF7FFF7FFF7FFF7FFF7FFF7FFF7FFF7F
310
FF7FFF7FFF7FFF7FFF7FFF7FFF7FFF7FFF7FFF7FFF7FFF7FFF7FFF7FFF7FFF7F
310
FF7FFF7FFF7FFF7FFF7FFF7FFF7FFF7FFF7FFF7FFF7FFF7FFF7FFF7FFF7FFF7F
310
FF7FFF7FFF7FFF7FFF7FFF7FFF7FFF7FFF7FFF7FFF7FFF7FFF7FFF7FFF7FFF7F
310
FF7FFF7FFF7FFF7FFF7FFF7FFF7FFF7FFF7FFF7FFF7FFF7FFF7FFF7FFF7FFF7F
310
FF7FFF7FFF7FFF7FFF7FFF7FFF7FFF7FFF7FFF7FFF7FFF7FFF7FFF7FFF7FFF7F
310
FF7FFF7FFF7FFF7FFF7FFF7FFF7FFF7FFF7FFF7FFF7FFF7FFF7FFF7FFF7FFF7F
310
FF7FFF7FFF7FFF7FFF7FFF7FFF7FFF7FFF7FFF7FFF7FFF7FFF7FFF7FFF7FFF7F
310
FF7FFF7FFF7FFF7FFF7FFF7FFF7FFF7FFF7FFF7FFF7FFF7FFF7FFF7FFF7FFF7F
310
FF7FFF7FFF7FFF7FFF7FFF7FFF7FFF7FFF7FFF7FFF7FFF7FFF7FFF7FFF7FFF7F
310
FF7FFF7FFF7FFF7FFF7FFF7FFF7FFF7FFF7FFF7FFF7FFF7FFF7FFF7FFF7FFF7F
310
FF7FFF7FFF7FFF7FFF7FFF7FFF7FFF7FFF7FFF7FFF7FFF7FFF7FFF7FFF7FFF7F
310
FF7FFF7FFF7FFF7FFF7FFF7FFF7FFF7FFF7FFF7FFF7FFF7FFF7FFF7FFF7FFF7F
310
FF7FFF7FFF7FFF7FFF7FFF7FFF7FFF7FFF7FFF7FFF7FFF7FFF7FFF7FFF7F0000
310
FF7FB376456D4569456D2569456D4569456D2569456D4569456D2569456D4569
310
456D2569456D4569456D2569456D4569456D2469466D5A77FF7FDE7BFF7FDF7B
310
DF7BDF7BFF7FCB6D24692569456D4569456D2569456D4569456D2569456D4569
310
456D2569456D4569456D2569456D4569456D45699B7FFF7FFF7FFF7FFF7FFF7F
310
FF7FFF7FFF7FFF7FFF7FFF7FFF7FFF7FFF7FFF7FFF7FFF7FFF7FFF7FFF7FFF7F
310
FF7FFF7FFF7FFF7FFF7FFF7FFF7FFF7FFF7FFF7FFF7FFF7FFF7FFF7FFF7FFF7F
310
FF7FFF7FFF7FFF7FFF7FFF7FFF7FFF7FFF7FFF7FFF7FFF7FFF7FFF7FFF7FFF7F
310
FF7FFF7FFF7FFF7FFF7FFF7FFF7FFF7FFF7FFF7FFF7FFF7FFF7FFF7FFF7FFF7F
310
FF7FFF7FFF7FFF7FFF7FFF7FFF7FFF7FFF7FFF7FFF7FFF7FFF7FFF7FFF7FFF7F
310
FF7FFF7FFF7FFF7FFF7FFF7FFF7FFF7FFF7FFF7FFF7FFF7FFF7FFF7FFF7FFF7F
310
FF7FFF7FFF7FFF7FFF7FFF7FFF7FFF7FFF7FFF7FFF7FFF7FFF7FFF7FFF7FFF7F
310
FF7FFF7FFF7FFF7FFF7FFF7FFF7FFF7FFF7FFF7FFF7FFF7FFF7FFF7FFF7FFF7F
310
FF7FFF7FFF7FFF7FFF7FFF7FFF7FFF7FFF7FFF7FFF7FFF7FFF7FFF7FFF7FFF7F
310
FF7FFF7FFF7FFF7FFF7FFF7FFF7FFF7FFF7FFF7FFF7FFF7FFF7FFF7FFF7FFF7F
310
FF7FFF7FFF7FFF7FFF7FFF7FFF7FFF7FFF7FFF7FFF7FFF7FFF7FFF7FFF7FFF7F
310
FF7FFF7FFF7FFF7FFF7FFF7FFF7FFF7FFF7FFF7FFF7FFF7FFF7FFF7FFF7FFF7F
310
FF7FFF7FFF7FFF7FFF7FFF7FFF7FFF7FFF7FFF7FFF7FFF7FFF7FFF7FFF7FFF7F
310
FF7FFF7FFF7FFF7FFF7FFF7FFF7FFF7FFF7FFF7FFF7FFF7FFF7FFF7FFF7FFF7F
310
FF7FFF7FFF7FFF7FFF7FFF7FFF7FFF7FFF7FFF7FFF7FFF7FFF7FFF7FFF7FFF7F
310
FF7FFF7FFF7FFF7FFF7FFF7FFF7FFF7FFF7FFF7FFF7FFF7FFF7FFF7FFF7FFF7F
310
FF7FFF7FFF7FFF7FFF7F0000FF7F5076256945692569456D256945692569456D
310
256945692569456D256945692569456D256945692569456D2569456925690369
310
9272FF7BDE7BDF7BDE7BDF7BDE7BFF7F507203692569456D256945692569456D
310
256945692569456D256945692569456D256945692569456D256945692569456D
310
377BFF7FFF7FFF7FFF7FFF7FFF7FFF7FFF7FFF7FFF7FFF7FFF7FFF7FFF7FFF7F
310
FF7FFF7FFF7FFF7FFF7FFF7FFF7FFF7FFF7FFF7FFF7FFF7FFF7FFF7FFF7FFF7F
310
FF7FFF7FFF7FFF7FFF7FFF7FFF7FFF7FFF7FFF7FFF7FFF7FFF7FFF7FFF7FFF7F
310
FF7FFF7FFF7FFF7FFF7FFF7FFF7FFF7FFF7FFF7FFF7FFF7FFF7FFF7FFF7FFF7F
310
FF7FFF7FFF7FFF7FFF7FFF7FFF7FFF7FFF7FFF7FFF7FFF7FFF7FFF7FFF7FFF7F
310
FF7FFF7FFF7FFF7FFF7FFF7FFF7FFF7FFF7FFF7FFF7FFF7FFF7FFF7FFF7FFF7F
310
FF7FFF7FFF7FFF7FFF7FFF7FFF7FFF7FFF7FFF7FFF7FFF7FFF7FFF7FFF7FFF7F
310
FF7FFF7FFF7FFF7FFF7FFF7FFF7FFF7FFF7FFF7FFF7FFF7FFF7FFF7FFF7FFF7F
310
FF7FFF7FFF7FFF7FFF7FFF7FFF7FFF7FFF7FFF7FFF7FFF7FFF7FFF7FFF7FFF7F
310
FF7FFF7FFF7FFF7FFF7FFF7FFF7FFF7FFF7FFF7FFF7FFF7FFF7FFF7FFF7FFF7F
310
FF7FFF7FFF7FFF7FFF7FFF7FFF7FFF7FFF7FFF7FFF7FFF7FFF7FFF7FFF7FFF7F
310
FF7FFF7FFF7FFF7FFF7FFF7FFF7FFF7FFF7FFF7FFF7FFF7FFF7FFF7FFF7FFF7F
310
FF7FFF7FFF7FFF7FFF7FFF7FFF7FFF7FFF7FFF7FFF7FFF7FFF7FFF7FFF7FFF7F
310
FF7FFF7FFF7FFF7FFF7FFF7FFF7FFF7FFF7FFF7FFF7FFF7FFF7FFF7FFF7FFF7F
310
FF7FFF7FFF7FFF7FFF7FFF7FFF7FFF7FFF7FFF7FFF7FFF7FFF7FFF7FFF7FFF7F
310
FF7FFF7FFF7FFF7FFF7FFF7FFF7FFF7FFF7FFF7FFF7FFF7FFF7FFF7FFF7FFF7F
310
FF7FFF7FFF7FFF7FFF7FFF7FFF7FFF7FFF7FFF7FFF7F0000FF7F0C72456D2569
310
456D4569456D2569456D4569456D2569456D4569456D2569456D4569456D2569
310
456D4569456D2569246DEC6DFF7FDF7BFF7FDF7BDF7BDE7BFF7F177703692469
310
466D4569456D2569456D4569456D2569456D4569456D2569456D4569456D2569
310
456D4569456D2569456D4569F57AFF7FFF7FFF7FFF7FFF7FFF7FFF7FFF7FFF7F
310
FF7FFF7FFF7FFF7FFF7FFF7FFF7FFF7FFF7FFF7FFF7FFF7FFF7FFF7FFF7FFF7F
310
FF7FFF7FFF7FFF7FFF7FFF7FFF7FFF7FFF7FFF7FFF7FFF7FFF7FFF7FFF7FFF7F
310
FF7FFF7FFF7FFF7FFF7FFF7FFF7FFF7FFF7FFF7FFF7FFF7FFF7FFF7FFF7FFF7F
310
FF7FFF7FFF7FFF7FFF7FFF7FFF7FFF7FFF7FFF7FFF7FFF7FFF7FFF7FFF7FFF7F
310
FF7FFF7FFF7FFF7FFF7FFF7FFF7FFF7FFF7FFF7FFF7FFF7FFF7FFF7FFF7FFF7F
310
FF7FFF7FFF7FFF7FFF7FFF7FFF7FFF7FFF7FFF7FFF7FFF7FFF7FFF7FFF7FFF7F
310
FF7FFF7FFF7FFF7FFF7FFF7FFF7FFF7FFF7FFF7FFF7FFF7FFF7FFF7FFF7FFF7F
310
FF7FFF7FFF7FFF7FFF7FFF7FFF7FFF7FFF7FFF7FFF7FFF7FFF7FFF7FFF7FFF7F
310
FF7FFF7FFF7FFF7FFF7FFF7FFF7FFF7FFF7FFF7FFF7FFF7FFF7FFF7FFF7FFF7F
310
FF7FFF7FFF7FFF7FFF7FFF7FFF7FFF7FFF7FFF7FFF7FFF7FFF7FFF7FFF7FFF7F
310
FF7FFF7FFF7FFF7FFF7FFF7FFF7FFF7FFF7FFF7FFF7FFF7FFF7FFF7FFF7FFF7F
310
FF7FFF7FFF7FFF7FFF7FFF7FFF7FFF7FFF7FFF7FFF7FFF7FFF7FFF7FFF7FFF7F
310
FF7FFF7FFF7FFF7FFF7FFF7FFF7FFF7FFF7FFF7FFF7FFF7FFF7FFF7FFF7FFF7F
310
FF7FFF7FFF7FFF7FFF7FFF7FFF7FFF7FFF7FFF7FFF7FFF7FFF7FFF7FFF7FFF7F
310
FF7FFF7FFF7FFF7FFF7FFF7FFF7FFF7FFF7FFF7FFF7FFF7FFF7FFF7FFF7FFF7F
310
FF7FFF7FFF7FFF7FFF7FFF7FFF7FFF7FFF7FFF7FFF7FFF7FFF7FFF7FFF7FFF7F
310
FF7F0000FF7FCB712569456D256945692569456D256945692569456D25694569
310
2569456D256945692569456D256945692569456D0369F676FF7BDF7BDE7BDF7B
310
DE7BDF7BDF7B9B7B4F72456D036945692569456D256945692569456D25694569
310
2569456D256945692569456D256945692569456D256945699276FF7FFF7FFF7F
310
FF7FFF7FFF7FFF7FFF7FFF7FFF7FFF7FFF7FFF7FFF7FDE7FBC7FDD7FBC7FBD7F
310
BD7FDD7FBC7FBD7FBD7FDD7FBC7FBD7FDD7FFF7FFF7FFF7FBD7FBC7F9C7FBC7F
310
9C7FBC7F9C7FBC7FBC7FFF7FFF7FFF7FFF7FFF7FFF7FFF7FFF7FFF7FFF7FFF7F
310
BC7F597F1677177B597BDD7FFF7FFF7FFF7FFF7FDE7F597B597B597FDD7FFF7F
310
FF7FFF7FFF7FFF7FFF7FFF7F9B7F597B587B7A7FFF7FFF7F9C7F7A7F597B7A7F
310
597B7A7F587B7A7F9B7FFE7FFF7FFF7FFF7FFF7FFF7FFF7FFF7FFF7FFF7FFF7F
310
FF7FFF7FFF7FFF7FFF7FFF7FFF7FFF7FFF7FFF7FFF7FFF7FFF7FFF7FFF7FFF7F
310
FF7FFF7FFF7FFF7FFF7FFF7FFF7FFF7FFF7FFF7FFF7FFF7FFF7FFF7FFF7FFF7F
310
FF7FFF7FFF7FFF7FFF7FFF7FFF7FFF7FFF7FFF7FFF7FFF7FFF7FFF7FFF7FFF7F
310
FF7FFF7FFF7FFF7FFF7FFF7FFF7FFF7FFF7FFF7FFF7FFF7FFF7FFF7FFF7FFF7F
310
FF7FFF7FFF7FFF7FFF7FFF7FFF7FFF7FFF7FFF7FFF7FFF7FFF7FFF7FFF7FFF7F
310
FF7FFF7FFF7FFF7FFF7FFF7FFF7FFF7FFF7FFF7FFF7FFF7FFF7FFF7FFF7FFF7F
310
FF7FFF7FFF7FFF7FFF7FFF7FFF7FFF7FFF7FFF7FFF7FFF7FFF7FFF7FFF7FFF7F
310
FF7FFF7FFF7FFF7FFF7FFF7FFF7FFF7FFF7FFF7FFF7FFF7FFF7FFF7FFF7FFF7F
310
FF7FFF7FFF7FFF7FFF7FFF7FFF7FFF7FFF7FFF7FFF7FFF7FFF7FFF7FFF7FFF7F
310
FF7FFF7FFF7FFF7FFF7FFF7FFF7FFF7FFF7FFF7FFF7FFF7FFF7FFF7FFF7FFF7F
310
FF7FFF7FFF7FFF7FFF7FFF7FFF7F0000FF7FA96D456D4569456D2569456D4569
310
456D2569456D4569456D2569456D4569456D2569456D4569456D2569456D4569
310
2469F676FF7FDF7BDF7BDE7BFF7FDF7BDF7BDF7BFF7F5977CB6D0369456D4569
310
456D2569456D4569456D2569456D4569456D2569456D4569456D2569456D4569
310
456D25699276FF7FFF7FFF7FFF7FFF7FFF7FFF7FFF7FFF7FFF7FFF7FFF7FFF7F
310
FF7F2E72876D676D886D676D886D676D886D676D886D676D886D676D0C72FF7F
310
FF7FFF7F0D72466D676D4669676D666D676D4669876DCA6DB276DE7FFF7FFF7F
310
FF7FFF7FFF7FFF7F9B7F2E72876D4569456D2569456D876D4F769B7FFF7FFF7F
310
DD7F666D456D4569B376FF7FFF7FFF7FFF7FFF7FFF7FFF7F0C722569456DEC71
310
FF7FFF7F0C724569456D2569456D4569456D2569666DA96D4F76387BFF7FFF7F
310
FF7FFF7FFF7FFF7FFF7FFF7FFF7FFF7FFF7FFF7FFF7FFF7FFF7FFF7FFF7FFF7F
310
FF7FFF7FFF7FFF7FFF7FFF7FFF7FFF7FFF7FFF7FFF7FFF7FFF7FFF7FFF7FFF7F
310
FF7FFF7FFF7FFF7FFF7FFF7FFF7FFF7FFF7FFF7FFF7FFF7FFF7FFF7FFF7FFF7F
310
FF7FFF7FFF7FFF7FFF7FFF7FFF7FFF7FFF7FFF7FFF7FFF7FFF7FFF7FFF7FFF7F
310
FF7FFF7FFF7FFF7FFF7FFF7FFF7FFF7FFF7FFF7FFF7FFF7FFF7FFF7FFF7FFF7F
310
FF7FFF7FFF7FFF7FFF7FFF7FFF7FFF7FFF7FFF7FFF7FFF7FFF7FFF7FFF7FFF7F
310
FF7FFF7FFF7FFF7FFF7FFF7FFF7FFF7FFF7FFF7FFF7FFF7FFF7FFF7FFF7FFF7F
310
FF7FFF7FFF7FFF7FFF7FFF7FFF7FFF7FFF7FFF7FFF7FFF7FFF7FFF7FFF7FFF7F
310
FF7FFF7FFF7FFF7FFF7FFF7FFF7FFF7FFF7FFF7FFF7FFF7FFF7FFF7FFF7FFF7F
310
FF7FFF7FFF7FFF7FFF7FFF7FFF7FFF7FFF7FFF7FFF7FFF7FFF7FFF7FFF7FFF7F
310
FF7FFF7FFF7FFF7FFF7FFF7FFF7FFF7FFF7FFF7FFF7FFF7FFF7F0000FF7FCA6D
310
256945692569456D256945692569456D256945692569456D256945692569456D
310
256945692569456D2569456903691677FF7BFF7BDF7BDF7BDE7BDF7BDE7BDF7B
310
DE7BFF7BDE7B7172036925692569456D256945692569456D256945692569456D
310
256945692569456D256945692569456D7072FF7FFF7FFF7FFF7FFF7FFF7FFF7F
310
FF7FFF7FFF7FFF7FFF7FFF7FFF7F0D72256945692569456D256945692569456D
310
256945692569456DA96DFF7FFF7FFF7FCA6D45692569456D256945692569456D
310
256945692569EC71DE7FFF7FFF7FFF7FFF7F177B6669456D256945692569456D
310
256945692569676DD476FF7FFF7F2E7225694569CB6DFF7FFF7FFF7FFF7FFF7F
310
FF7FBC7F4669456D2569F57AFF7FFF7FEB6D45692569456D256945692569456D
310
256945692569456D4F72FF7FFF7FFF7FFF7FFF7FFF7FFF7FFF7FFF7FFF7FFF7F
310
FF7FFF7FFF7FFF7FFF7FFF7FFF7FFF7FFF7FFF7FFF7FFF7FFF7FFF7FFF7FFF7F
310
FF7FFF7FFF7FFF7FFF7FFF7FFF7FFF7FFF7FFF7FFF7FFF7FFF7FFF7FFF7FFF7F
310
FF7FFF7FFF7FFF7FFF7FFF7FFF7FFF7FFF7FFF7FFF7FFF7FFF7FFF7FFF7FFF7F
310
FF7FFF7FFF7FFF7FFF7FFF7FFF7FFF7FFF7FFF7FFF7FFF7FFF7FFF7FFF7FFF7F
310
FF7FFF7FFF7FFF7FFF7FFF7FFF7FFF7FFF7FFF7FFF7FFF7FFF7FFF7FFF7FFF7F
310
FF7FFF7FFF7FFF7FFF7FFF7FFF7FFF7FFF7FFF7FFF7FFF7FFF7FFF7FFF7FFF7F
310
FF7FFF7FFF7FFF7FFF7FFF7FFF7FFF7FFF7FFF7FFF7FFF7FFF7FFF7FFF7FFF7F
310
FF7FFF7FFF7FFF7FFF7FFF7FFF7FFF7FFF7FFF7FFF7FFF7FFF7FFF7FFF7FFF7F
310
FF7FFF7FFF7FFF7FFF7FFF7FFF7FFF7FFF7FFF7FFF7FFF7FFF7FFF7FFF7FFF7F
310
FF7FFF7FFF7FFF7FFF7FFF7FFF7FFF7FFF7FFF7FFF7FFF7FFF7FFF7FFF7FFF7F
310
FF7FFF7FFF7F0000FF7FA96D456D2569456D4569456D2569456D4569456D2569
310
456D4569456D2569456D4569456D2569456D4569456D2569456DA96D5072D576
310
9C7BFF7BFF7FDF7BFF7FDF7BDF7BDE7BFF7FFF7BD4762469456D4569456D2569
310
456D4569456D2569456D4569456D2569456D4569456D2569456D45699276FF7F
310
FF7FFF7FFF7FFF7FFF7FFF7FFF7FFF7FFF7FFF7FFF7FFF7FFF7F0D72456D2569
310
676DA96DA96D886DA971886DA96D886DA971886D0D72FF7FFF7FFF7F7076CA6D
310
EB71CB6DEB71CB6DEB71CA6D666D2569456D4569D47AFF7FFF7FFF7F9B7F4669
310
456D4569456D666D0C722E720C72676D456D4569456D597BFF7F177B456D2569
310
666D9B7FFF7FFF7FFF7FFF7FFF7FF57A456D4569676DBC7FFF7FFF7F0C722569
310
456DA96D4F764F724F762D72CA712569456D4569456D2E72FF7FFF7FFF7FFF7F
310
FF7FFF7FFF7FFF7FFF7FFF7FFF7FFF7FFF7FFF7FFF7FFF7FFF7FFF7FFF7FFF7F
310
FF7FFF7FFF7FFF7FFF7FFF7FFF7FFF7FFF7FFF7FFF7FFF7FFF7FFF7FFF7FFF7F
310
FF7FFF7FFF7FFF7FFF7FFF7FFF7FFF7FFF7FFF7FFF7FFF7FFF7FFF7FFF7FFF7F
310
FF7FFF7FFF7FFF7FFF7FFF7FFF7FFF7FFF7FFF7FFF7FFF7FFF7FFF7FFF7FFF7F
310
FF7FFF7FFF7FFF7FFF7FFF7FFF7FFF7FFF7FFF7FFF7FFF7FFF7FFF7FFF7FFF7F
310
FF7FFF7FFF7FFF7FFF7FFF7FFF7FFF7FFF7FFF7FFF7FFF7FFF7FFF7FFF7FFF7F
310
FF7FFF7FFF7FFF7FFF7FFF7FFF7FFF7FFF7FFF7FFF7FFF7FFF7FFF7FFF7FFF7F
310
FF7FFF7FFF7FFF7FFF7FFF7FFF7FFF7FFF7FFF7FFF7FFF7FFF7FFF7FFF7FFF7F
310
FF7FFF7FFF7FFF7FFF7FFF7FFF7FFF7FFF7FFF7FFF7FFF7FFF7FFF7FFF7FFF7F
310
FF7FFF7FFF7FFF7FFF7FFF7FFF7FFF7FFF7FFF7FFF7FFF7FFF7FFF7FFF7FFF7F
310
FF7FFF7FFF7FFF7FFF7FFF7FFF7FFF7FFF7F0000FF7FCB712569456D25694569
310
2569456D256945692569456D256945692569456D256945692569456D25694569
310
2569456D25692469036924694569EC6DF676DF7BFF7BDF7BDE7BDF7BDE7BDF7B
310
FF7BB376036945692569456D256945692569456D256945692569456D25694569
310
2569456D25694569B276FF7FFF7FFF7FFF7FFF7FFF7FFF7FFF7FFF7FFF7FFF7F
310
FF7FFF7FFF7F0D722569456D0D72FF7FDE7FFF7FDE7FFE7FDE7FFF7FDE7FFE7F
310
FE7FFF7FFF7FFF7FFF7FFF7FFF7FFF7FFF7FFF7FFF7FFF7F597B886D25694569
310
EC71FF7FFF7FFF7F0C72456D256945692E72BC7FFF7FFF7FFF7FDD7FF676CB71
310
9176FF7FFF7FDE7F676D456D2569F57AFF7FFF7FFF7FFF7FFF7F2E7225694569
310
0D72FF7FFF7FFF7F0D72456D25694F76FF7FFF7FFF7FFF7FFE7F377B886D4569
310
2569456DF676FF7FFF7FFF7FFF7FFF7FFF7FFF7FFF7FFF7FFF7FFF7FFF7FFF7F
310
FF7FFF7FFF7FFF7FFF7FFF7FFF7FFF7FFF7FFF7FFF7FFF7FFF7FFF7FFF7FFF7F
310
FF7FFF7FFF7FFF7FFF7FFF7FFF7FFF7FFF7FFF7FFF7FFF7FFF7FFF7FFF7FFF7F
310
FF7FFF7FFF7FFF7FFF7FFF7FFF7FFF7FFF7FFF7FFF7FFF7FFF7FFF7FFF7FFF7F
310
FF7FFF7FFF7FFF7FFF7FFF7FFF7FFF7FFF7FFF7FFF7FFF7FFF7FFF7FFF7FFF7F
310
FF7FFF7FFF7FFF7FFF7FFF7FFF7FFF7FFF7FFF7FFF7FFF7FFF7FFF7FFF7FFF7F
310
FF7FFF7FFF7FFF7FFF7FFF7FFF7FFF7FFF7FFF7FFF7FFF7FFF7FFF7FFF7FFF7F
310
FF7FFF7FFF7FFF7FFF7FFF7FFF7FFF7FFF7FFF7FFF7FFF7FFF7FFF7FFF7FFF7F
310
FF7FFF7FFF7FFF7FFF7FFF7FFF7FFF7FFF7FFF7FFF7FFF7FFF7FFF7FFF7FFF7F
310
FF7FFF7FFF7FFF7FFF7FFF7FFF7FFF7FFF7FFF7FFF7FFF7FFF7FFF7FFF7FFF7F
310
FF7FFF7FFF7FFF7FFF7FFF7FFF7FFF7FFF7FFF7FFF7FFF7FFF7FFF7FFF7F0000
310
FF7F0C72456D4569456D2569456D4569456D2569456D4569456D2569456D4569
310
456D2569456D4569456D2569456D4569456D2569456D4569456D0369246DCA6D
310
5A7BFF7BFF7FDF7BDF7BDE7BFF7FFF7B0D720369456D4569456D2569456D4569
310
456D2569456D4569456D2569456D4569456D2569F57AFF7FFF7FFF7FFF7FFF7F
310
FF7FFF7FFF7FFF7FFF7FFF7FFF7FFF7FFF7F0D72456D45692E76FF7FFF7FFF7F
310
FF7FFF7FFF7FFF7FFF7FFF7FFF7FFF7FFF7FFF7FFF7FFF7FFF7FFF7FFF7FFF7F
310
FF7FFF7FFF7F2E72456D2569EB71FF7FFF7F9B7F466D4569456DEB71FF7FFF7F
310
FF7FFF7FFF7FFF7FFF7FFF7FFF7FFF7FFF7FFF7F4F764569456DA96D92769176
310
927691769176676D456D2569167BFF7FFF7FFF7F2D724569456D4F72FF7FFF7F
310
FF7FFF7FFF7FFF7F9B7F666D456D4569EB71FF7FFF7FFF7FFF7FFF7FFF7FFF7F
310
FF7FFF7FFF7FFF7FFF7FFF7FFF7FFF7FFF7FFF7FFF7FFF7FFF7FFF7FFF7FFF7F
310
FF7FFF7FFF7FFF7FFF7FFF7FFF7FFF7FFF7FFF7FFF7FFF7FFF7FFF7FFF7FFF7F
310
FF7FFF7FFF7FFF7FFF7FFF7FFF7FFF7FFF7FFF7FFF7FFF7FFF7FFF7FFF7FFF7F
310
FF7FFF7FFF7FFF7FFF7FFF7FFF7FFF7FFF7FFF7FFF7FFF7FFF7FFF7FFF7FFF7F
310
FF7FFF7FFF7FFF7FFF7FFF7FFF7FFF7FFF7FFF7FFF7FFF7FFF7FFF7FFF7FFF7F
310
FF7FFF7FFF7FFF7FFF7FFF7FFF7FFF7FFF7FFF7FFF7FFF7FFF7FFF7FFF7FFF7F
310
FF7FFF7FFF7FFF7FFF7FFF7FFF7FFF7FFF7FFF7FFF7FFF7FFF7FFF7FFF7FFF7F
310
FF7FFF7FFF7FFF7FFF7FFF7FFF7FFF7FFF7FFF7FFF7FFF7FFF7FFF7FFF7FFF7F
310
FF7FFF7FFF7FFF7FFF7FFF7FFF7FFF7FFF7FFF7FFF7FFF7FFF7FFF7FFF7FFF7F
310
FF7FFF7FFF7FFF7FFF7FFF7FFF7FFF7FFF7FFF7FFF7FFF7FFF7FFF7FFF7FFF7F
310
FF7FFF7FFF7FFF7FFF7F0000FF7F7076256945692569456D256945692569456D
310
256945692569456D256945692569456D256945692569456D256945692569456D
310
256945692569456D2469046945693877FF7BDF7BDE7BDF7BDE7BFF7B7B77466D
310
246945692569456D256945692569456D256945692569456D256945692569456D
310
387BFF7FFF7FFF7FFF7FFF7FFF7FFF7FFF7FFF7FFF7FFF7FFF7FFF7FFF7F0D72
310
256945692E72FF7FFF7FFF7FFF7FFF7FFF7FFF7FFF7FFF7FFF7FFF7FFF7FFF7F
310
FF7FFF7FFF7FFF7FFF7FFF7FFF7FFF7FFF7F4F722569456DCA6DFF7FFF7FF57A
310
256945692569587BFF7FFF7FFF7FFF7FFF7FFF7FFF7FFF7FFF7FFF7FFF7FFF7F
310
177B45692569456D256945692569456D256945692569676DBC7FFF7FFF7FFF7F
310
0C72456925694F76FF7FFF7FFF7FFF7FFF7FFF7FFF7F91762569456945699B7F
310
FF7FFF7FFF7FFF7FFF7FFF7FFF7FFF7FFF7FFF7FFF7FFF7FFF7FFF7FFF7FFF7F
310
FF7FFF7FFF7FFF7FFF7FFF7FFF7FFF7FFF7FFF7FFF7FFF7FFF7FFF7FFF7FFF7F
310
FF7FFF7FFF7FFF7FFF7FFF7FFF7FFF7FFF7FFF7FFF7FFF7FFF7FFF7FFF7FFF7F
310
FF7FFF7FFF7FFF7FFF7FFF7FFF7FFF7FFF7FFF7FFF7FFF7FFF7FFF7FFF7FFF7F
310
FF7FFF7FFF7FFF7FFF7FFF7FFF7FFF7FFF7FFF7FFF7FFF7FFF7FFF7FFF7FFF7F
310
FF7FFF7FFF7FFF7FFF7FFF7FFF7FFF7FFF7FFF7FFF7FFF7FFF7FFF7FFF7FFF7F
310
FF7FFF7FFF7FFF7FFF7FFF7FFF7FFF7FFF7FFF7FFF7FFF7FFF7FFF7FFF7FFF7F
310
FF7FFF7FFF7FFF7FFF7FFF7FFF7FFF7FFF7FFF7FFF7FFF7FFF7FFF7FFF7FFF7F
310
FF7FFF7FFF7FFF7FFF7FFF7FFF7FFF7FFF7FFF7FFF7FFF7FFF7FFF7FFF7FFF7F
310
FF7FFF7FFF7FFF7FFF7FFF7FFF7FFF7FFF7FFF7FFF7FFF7FFF7FFF7FFF7FFF7F
310
FF7FFF7FFF7FFF7FFF7FFF7FFF7FFF7FFF7FFF7FFF7F0000FF7FD476456D2569
310
456D4569456D2569456D4569456D2569456D4569456D2569456D4569456D2569
310
456D4569456D2569456D4569456D2569456D4569456D4569246D666D9C7BFF7B
310
FF7FDF7BDF7BDE7BFF7F2E7224692569456D4569456D2569456D4569456D2569
310
456D4569456D2569456D46699C7FFF7FFF7FFF7FFF7FFF7FFF7FFF7FFF7FFF7F
310
FF7FFF7FFF7FFF7FFF7F0D72456D25694F76FF7FFF7FFF7FFF7FFF7FFF7FFF7F
310
FF7FFF7FFF7FFF7FFF7FFF7FFF7FFF7FFF7FFF7FFF7FFF7FFF7FFF7FFF7FCA6D
310
456D4569EB71FF7FFF7F7076456D2569886DDE7FFF7FFF7FFF7FFF7FFF7FFF7F
310
FF7FFF7FFF7FFF7FFF7FFF7FFE7F876D456D4569456D2569456D4569456D2569
310
456D0D72FF7FFF7FFF7FFF7F2E722569456D4F72FF7FFF7FFF7FFF7FFF7FFF7F
310
FF7F597B456D2569456D167BFF7FFF7FFF7FFF7FFF7FFF7FFF7FFF7FFF7FFF7F
310
FF7FFF7FFF7FFF7FFF7FFF7FFF7FFF7FFF7FFF7FFF7FFF7FFF7FFF7FFF7FFF7F
310
FF7FFF7FFF7FFF7FFF7FFF7FFF7FFF7FFF7FFF7FFF7FFF7FFF7FFF7FFF7FFF7F
310
FF7FFF7FFF7FFF7FFF7FFF7FFF7FFF7FFF7FFF7FFF7FFF7FFF7FFF7FFF7FFF7F
310
FF7FFF7FFF7FFF7FFF7FFF7FFF7FFF7FFF7FFF7FFF7FFF7FFF7FFF7FFF7FFF7F
310
FF7FFF7FFF7FFF7FFF7FFF7FFF7FFF7FFF7FFF7FFF7FFF7FFF7FFF7FFF7FFF7F
310
FF7FFF7FFF7FFF7FFF7FFF7FFF7FFF7FFF7FFF7FFF7FFF7FFF7FFF7FFF7FFF7F
310
FF7FFF7FFF7FFF7FFF7FFF7FFF7FFF7FFF7FFF7FFF7FFF7FFF7FFF7FFF7FFF7F
310
FF7FFF7FFF7FFF7FFF7FFF7FFF7FFF7FFF7FFF7FFF7FFF7FFF7FFF7FFF7FFF7F
310
FF7FFF7FFF7FFF7FFF7FFF7FFF7FFF7FFF7FFF7FFF7FFF7FFF7FFF7FFF7FFF7F
310
FF7FFF7FFF7FFF7FFF7FFF7FFF7FFF7FFF7FFF7FFF7FFF7FFF7FFF7FFF7FFF7F
310
FF7F0000FF7F597B2569456D256945692569456D256945692569456D25694569
310
2569456D256945692569456D256945692569456D256945692569456D25694569
310
2569456D256903695072FF7FDE7BDF7BDE7BDF7BFF7BF6760369456D25694569
310
2569456D256945692569456D256945692569456D2569A96DFE7FFF7FFF7FFF7F
310
FF7FFF7FFF7FFF7FFF7FFF7FFF7FFF7FFF7FFF7FFF7F0D722569456DAA6DF57A
310
D476F57AD476D47AD476D47A7A7BFF7FFF7FFF7FFF7FFF7FFF7FFF7F597BD476
310
7176917671729176CA6D456D256945697072FF7FFF7F2E722569456DCA6DFF7F
310
FF7FFF7FFF7FFF7FFF7FFF7FFF7FFF7FFF7FFF7FFF7FFF7FFF7F4F7625694569
310
CA6D177BF676F57A6669456D2569167BFF7FFF7FFF7FFF7F2D72456D25692E72
310
FF7FFF7FFF7FFF7FFF7FFF7FFF7FBD7F6669456D2569D476FF7FFF7FFF7FFF7F
310
FF7FFF7FFF7FFF7FFF7FFF7FFF7FFF7FFF7FFF7FFF7FFF7FFF7FFF7FFF7FFF7F
310
FF7FFF7FFF7FFF7FFF7FFF7FFF7FFF7FFF7FFF7FFF7FFF7FFF7FFF7FFF7FFF7F
310
FF7FFF7FFF7FFF7FFF7FFF7FFF7FFF7FFF7FFF7FFF7FFF7FFF7FFF7FFF7FFF7F
310
FF7FFF7FFF7FFF7FFF7FFF7FFF7FFF7FFF7FFF7FFF7FFF7FFF7FFF7FFF7FFF7F
310
FF7FFF7FFF7FFF7FFF7FFF7FFF7FFF7FFF7FFF7FFF7FFF7FFF7FFF7FFF7FFF7F
310
FF7FFF7FFF7FFF7FFF7FFF7FFF7FFF7FFF7FFF7FFF7FFF7FFF7FFF7FFF7FFF7F
310
FF7FFF7FFF7FFF7FFF7FFF7FFF7FFF7FFF7FFF7FFF7FFF7FFF7FFF7FFF7FFF7F
310
FF7FFF7FFF7FFF7FFF7FFF7FFF7FFF7FFF7FFF7FFF7FFF7FFF7FFF7FFF7FFF7F
310
FF7FFF7FFF7FFF7FFF7FFF7FFF7FFF7FFF7FFF7FFF7FFF7FFF7FFF7FFF7FFF7F
310
FF7FFF7FFF7FFF7FFF7FFF7FFF7FFF7FFF7FFF7FFF7FFF7FFF7FFF7FFF7FFF7F
310
FF7FFF7FFF7FFF7FFF7FFF7FFF7F0000FF7FDD7F886D4569456D2569456D4569
310
456D2569456D4569456D2569456D4569456D2569456D4569456D2569456D4569
310
456D2569456D4569456D2569456D4569456D2469CA71DF7BFF7BDE7BFF7FDF7B
310
FF7F7A77466D2569456D2569456D4569456D2569456D4569456D2569456D4569
310
456D2D72FF7FFF7FFF7FFF7FFF7FFF7FFF7FFF7FFF7FFF7FFF7FFF7FFF7FFF7F
310
FF7F0D72456D4569456D2569456D4569456D2569456D4569D47AFF7FFF7FFF7F
310
FF7FFF7FBC7FEB71456D2569456D4569456D2569456D4569456D666DBC7FFF7F
310
FF7F0D72456D45690C72FF7FFF7FFF7FFF7FFF7FFF7FFF7FFF7FFF7FFF7FFF7F
310
FF7FFF7FFF7F377B456D2569A971FF7FFF7F7A7F466D4569876DBD7FFF7FFF7F
310
FF7FFF7F2E764569456D2E72FF7FFF7FFF7FFF7FFF7FFF7FFF7FDE7F886D4569
310
456D9276FF7FFF7FFF7FFF7FFF7FFF7FFF7FFF7FFF7FFF7FFF7FFF7FFF7FFF7F
310
FF7FFF7FFF7FFF7FFF7FFF7FFF7FFF7FFF7FFF7FFF7FFF7FFF7FFF7FFF7FFF7F
310
FF7FFF7FFF7FFF7FFF7FFF7FFF7FFF7FFF7FFF7FFF7FFF7FFF7FFF7FFF7FFF7F
310
FF7FFF7FFF7FFF7FFF7FFF7FFF7FFF7FFF7FFF7FFF7FFF7FFF7FFF7FFF7FFF7F
310
FF7FFF7FFF7FFF7FFF7FFF7FFF7FFF7FFF7FFF7FFF7FFF7FFF7FFF7FFF7FFF7F
310
FF7FFF7FFF7FFF7FFF7FFF7FFF7FFF7FFF7FFF7FFF7FFF7FFF7FFF7FFF7FFF7F
310
FF7FFF7FFF7FFF7FFF7FFF7FFF7FFF7FFF7FFF7FFF7FFF7FFF7FFF7FFF7FFF7F
310
FF7FFF7FFF7FFF7FFF7FFF7FFF7FFF7FFF7FFF7FFF7FFF7FFF7FFF7FFF7FFF7F
310
FF7FFF7FFF7FFF7FFF7FFF7FFF7FFF7FFF7FFF7FFF7FFF7FFF7FFF7FFF7FFF7F
310
FF7FFF7FFF7FFF7FFF7FFF7FFF7FFF7FFF7FFF7FFF7FFF7FFF7FFF7FFF7FFF7F
310
FF7FFF7FFF7FFF7FFF7FFF7FFF7FFF7FFF7FFF7FFF7FFF7FFF7F0000FF7FFF7F
310
0C7245692569456D256945692569456D256945692569456D256945692569456D
310
256945692569456D256945692569456D256945692569456D2569456925692469
310
8869BE7BDF7BDF7BDE7BDF7BDF7B9C7B466925692569456D256945692569456D
310
256945692569456D256945692569F57AFF7FFF7FFF7FFF7FFF7FFF7FFF7FFF7F
310
FF7FFF7FFF7FFF7FFF7FFF7FFF7F0D72256945692569456D256945692569456D
310
25694569B376FF7FFF7FFF7FFF7FFF7FCA6D45692569456D256945692569456D
310
25694569CA6D597FFF7FFF7FFF7F2D7225694569EB6DFF7FFF7FFF7FFF7FFF7F
310
FF7FFF7FFF7FFF7FFF7FFF7FFF7FFF7FFF7FFE7F886D456D2569587BFF7F9276
310
256945692D72FF7FFF7FFF7FFF7FFF7F0D72456925692E72FF7FFF7FFF7FFF7F
310
FF7FFF7FFF7FDE7F676945692569B376FF7FFF7FFF7FFF7FFF7FFF7FFF7FFF7F
310
FF7FFF7FFF7FFF7FFF7FFF7FFF7FFF7FFF7FFF7FFF7FFF7FFF7FFF7FFF7FFF7F
310
FF7FFF7FFF7FFF7FFF7FFF7FFF7FFF7FFF7FFF7FFF7FFF7FFF7FFF7FFF7FFF7F
310
FF7FFF7FFF7FFF7FFF7FFF7FFF7FFF7FFF7FFF7FFF7FFF7FFF7FFF7FFF7FFF7F
310
FF7FFF7FFF7FFF7FFF7FFF7FFF7FFF7FFF7FFF7FFF7FFF7FFF7FFF7FFF7FFF7F
310
FF7FFF7FFF7FFF7FFF7FFF7FFF7FFF7FFF7FFF7FFF7FFF7FFF7FFF7FFF7FFF7F
310
FF7FFF7FFF7FFF7FFF7FFF7FFF7FFF7FFF7FFF7FFF7FFF7FFF7FFF7FFF7FFF7F
310
FF7FFF7FFF7FFF7FFF7FFF7FFF7FFF7FFF7FFF7FFF7FFF7FFF7FFF7FFF7FFF7F
310
FF7FFF7FFF7FFF7FFF7FFF7FFF7FFF7FFF7FFF7FFF7FFF7FFF7FFF7FFF7FFF7F
310
FF7FFF7FFF7FFF7FFF7FFF7FFF7FFF7FFF7FFF7FFF7FFF7FFF7FFF7FFF7FFF7F
310
FF7FFF7FFF7FFF7FFF7FFF7FFF7FFF7FFF7FFF7FFF7FFF7FFF7FFF7FFF7FFF7F
310
FF7FFF7FFF7F0000FF7FFF7FF57A2569456D4569456D2569456D4569456D2569
310
456D4569456D2569456D4569456D2569456D4569456D2569456D4569456D2569
310
456D4569456D2569456D2469AA6DDE7BFF7FDF7BDF7BDE7BFF7F9C7B666D2469
310
456D4569456D2569456D4569456D2569456D4569456D2569666D9C7FFF7FFF7F
310
FF7FFF7FFF7FFF7FFF7FFF7FFF7FFF7FFF7FFF7FFF7FFF7FFF7F0D72456D2569
310
CA719276B2769276B2769276B27691767A7FFF7FFF7FFF7FFF7F377B456D2569
310
456DA96DD47AD476F57AD476167B7A7BFF7FFF7FFF7FFF7FFF7F2E72456D2569
310
CA71FF7FFF7FFF7FFF7FFF7FFF7FFF7FFF7FFF7FFF7FFF7FFF7FFF7FFF7FFF7F
310
70764569456D7176FF7FCA6D456D2569177BFF7FFF7FFF7FFF7FFF7F4F762569
310
456D0D72FF7FFF7FFF7FFF7FFF7FFF7FFF7F9C7F666D2569456DD476FF7FFF7F
310
FF7FFF7FFF7FFF7FFF7FFF7FFF7FFF7FFF7FFF7FFF7FFF7FFF7FFF7FFF7FFF7F
310
FF7FFF7FFF7FFF7FFF7FFF7FFF7FFF7FFF7FFF7FFF7FFF7FFF7FFF7FFF7FFF7F
310
FF7FFF7FFF7FFF7FFF7FFF7FFF7FFF7FFF7FFF7FFF7FFF7FFF7FFF7FFF7FFF7F
310
FF7FFF7FFF7FFF7FFF7FFF7FFF7FFF7FFF7FFF7FFF7FFF7FFF7FFF7FFF7FFF7F
310
FF7FFF7FFF7FFF7FFF7FFF7FFF7FFF7FFF7FFF7FFF7FFF7FFF7FFF7FFF7FFF7F
310
FF7FFF7FFF7FFF7FFF7FFF7FFF7FFF7FFF7FFF7FFF7FFF7FFF7FFF7FFF7FFF7F
310
FF7FFF7FFF7FFF7FFF7FFF7FFF7FFF7FFF7FFF7FFF7FFF7FFF7FFF7FFF7FFF7F
310
FF7FFF7FFF7FFF7FFF7FFF7FFF7FFF7FFF7FFF7FFF7FFF7FFF7FFF7FFF7FFF7F
310
FF7FFF7FFF7FFF7FFF7FFF7FFF7FFF7FFF7FFF7FFF7FFF7FFF7FFF7FFF7FFF7F
310
FF7FFF7FFF7FFF7FFF7FFF7FFF7FFF7FFF7FFF7FFF7FFF7FFF7FFF7FFF7FFF7F
310
FF7FFF7FFF7FFF7FFF7FFF7FFF7FFF7FFF7F0000FF7FFF7FBC7F676D25694569
310
2569456D256945692569456D256945692569456D256945692569456D25694569
310
2569456D256945692569456D256945692569456D246903695072FF7FDE7BDF7B
310
DE7BDF7BFF7B7A7B2569456D256945692569456D256945692569456D25694569
310
2569456DEC6DFF7FFF7FFF7FFF7FFF7FFF7FFF7FFF7FFF7FFF7FFF7FFF7FFF7F
310
FF7FFF7FFF7F0D722569456D2E72FF7FFF7FFF7FFF7FFF7FFF7FFF7FFF7FFF7F
310
FF7FFF7FFF7FB3762569456D46699B7FFF7FFF7FFF7FFF7FFF7FFF7FFF7FFF7F
310
FF7FFF7FFF7F91762569456D4669BC7FFF7FFF7FFF7FFF7FFF7FFF7FFF7FFF7F
310
FF7FFF7FFF7FFF7FFF7FFF7F387B45692569CB717A7B466D2569876DBD7FFF7F
310
FF7FFF7FFF7FFF7F2E72456D25690D72FF7FFF7FFF7FFF7FFF7FFF7FFF7F177B
310
2569456D2569387BFF7FFF7FFF7FFF7FFF7FFF7FFF7FFF7FFF7FFF7FFF7FFF7F
310
FF7FFF7FFF7FFF7FFF7FFF7FFF7FFF7FFF7FFF7FFF7FFF7FFF7FFF7FFF7FFF7F
310
FF7FFF7FFF7FFF7FFF7FFF7FFF7FFF7FFF7FFF7FFF7FFF7FFF7FFF7FFF7FFF7F
310
FF7FFF7FFF7FFF7FFF7FFF7FFF7FFF7FFF7FFF7FFF7FFF7FFF7FFF7FFF7FFF7F
310
FF7FFF7FFF7FFF7FFF7FFF7FFF7FFF7FFF7FFF7FFF7FFF7FFF7FFF7FFF7FFF7F
310
FF7FFF7FFF7FFF7FFF7FFF7FFF7FFF7FFF7FFF7FFF7FFF7FFF7FFF7FFF7FFF7F
310
FF7FFF7FFF7FFF7FFF7FFF7FFF7FFF7FFF7FFF7FFF7FFF7FFF7FFF7FFF7FFF7F
310
FF7FFF7FFF7FFF7FFF7FFF7FFF7FFF7FFF7FFF7FFF7FFF7FFF7FFF7FFF7FFF7F
310
FF7FFF7FFF7FFF7FFF7FFF7FFF7FFF7FFF7FFF7FFF7FFF7FFF7FFF7FFF7FFF7F
310
FF7FFF7FFF7FFF7FFF7FFF7FFF7FFF7FFF7FFF7FFF7FFF7FFF7FFF7FFF7FFF7F
310
FF7FFF7FFF7FFF7FFF7FFF7FFF7FFF7FFF7FFF7FFF7FFF7FFF7FFF7FFF7F0000
310
FF7FFF7FFF7F2E72456D2569456D4569456D2569456D4569456D2569456D4569
310
456D2569456D256924690369246D036924690369246D036924690369246D0369
310
246DEC6DDE7BFF7BDF7BDE7BFF7FDF7BFF7F1777246D4569456D2569456D4569
310
456D2569456D4569456D2569456D4569177BFF7FFF7FFF7FFF7FFF7FFF7FFF7F
310
FF7FFF7FFF7FFF7FFF7FFF7FFF7FFF7FFF7F0D72456D45692E72FF7FFF7FFF7F
310
FF7FFF7FFF7FFF7FFF7FFF7FFF7FFF7FFF7F9276456D4569A86DFF7FFF7FFF7F
310
FF7FFF7FFF7FFF7FFF7FFF7FFF7FFF7FFF7F177B456D4569456DD476FF7FFF7F
310
FF7FFF7FFF7FFF7FFF7FFF7FFF7FFF7FFF7FFF7FFF7FFF7FFF7F886D456D676D
310
2E722569456D2E72FF7FFF7FFF7FFF7FFF7FFF7F4F764569456D0D72FF7FFF7F
310
FF7FFF7FFF7FFF7FFF7FEC71456D4569676DBD7FFF7FFF7FFF7FFF7FFF7FFF7F
310
FF7FFF7FFF7FFF7FFF7FFF7FFF7FFF7FFF7FFF7FFF7FFF7FFF7FFF7FFF7FFF7F
310
FF7FFF7FFF7FFF7FFF7FFF7FFF7FFF7FFF7FFF7FFF7FFF7FFF7FFF7FFF7FFF7F
310
FF7FFF7FFF7FFF7FFF7FFF7FFF7FFF7FFF7FFF7FFF7FFF7FFF7FFF7FFF7FFF7F
310
FF7FFF7FFF7FFF7FFF7FFF7FFF7FFF7FFF7FFF7FFF7FFF7FFF7FFF7FFF7FFF7F
310
FF7FFF7FFF7FFF7FFF7FFF7FFF7FFF7FFF7FFF7FFF7FFF7FFF7FFF7FFF7FFF7F
310
FF7FFF7FFF7FFF7FFF7FFF7FFF7FFF7FFF7FFF7FFF7FFF7FFF7FFF7FFF7FFF7F
310
FF7FFF7FFF7FFF7FFF7FFF7FFF7FFF7FFF7FFF7FFF7FFF7FFF7FFF7FFF7FFF7F
310
FF7FFF7FFF7FFF7FFF7FFF7FFF7FFF7FFF7FFF7FFF7FFF7FFF7FFF7FFF7FFF7F
310
FF7FFF7FFF7FFF7FFF7FFF7FFF7FFF7FFF7FFF7FFF7FFF7FFF7FFF7FFF7FFF7F
310
FF7FFF7FFF7FFF7FFF7FFF7FFF7FFF7FFF7FFF7FFF7FFF7FFF7FFF7FFF7FFF7F
310
FF7FFF7FFF7FFF7FFF7F0000FF7FFF7FFF7F597F2569456D256945692569456D
310
256945692569456D256945692569456D246925692E6E71725072717270727172
310
5072717270727172507292721777DF7BDF7BDF7BDE7BDF7BDE7BDF7BFF7B7172
310
036945692569456D256945692569456D256945692569456D2569A96DDE7FFF7F
310
FF7FFF7FFF7FFF7FFF7FFF7FFF7FFF7FFF7FFF7FFF7FFF7FFF7FFF7FFF7F0D72
310
256945692E72FF7FFF7FFF7FFF7FFF7FFF7FFF7FFF7FFF7FFF7FFF7FFF7FB276
310
25694569676DFE7FFF7FFF7FFF7FFF7FFF7FFF7FFF7FFF7FFF7FFF7FFF7FDE7F
310
676945692569886D7A7BFF7FFF7FFF7FFF7FFF7FFF7F597FBC7FFF7FFF7FFF7F
310
FF7FFF7FFF7F7076256945692569456D2569177BFF7FFF7FFF7FFF7FFF7FFF7F
310
2E72456925692D72FF7FFF7FFF7FFF7FFF7FFF7F9276456D256945692E72FF7F
310
FF7FFF7FFF7FFF7FFF7FFF7FFF7FFF7FFF7FFF7FFF7FFF7FFF7FFF7FFF7FFF7F
310
FF7FFF7FFF7FFF7FFF7FFF7FFF7FFF7FFF7FFF7FFF7FFF7FFF7FFF7FFF7FFF7F
310
FF7FFF7FFF7FFF7FFF7FFF7FFF7FFF7FFF7FFF7FFF7FFF7FFF7FFF7FFF7FFF7F
310
FF7FFF7FFF7FFF7FFF7FFF7FFF7FFF7FFF7FFF7FFF7FFF7FFF7FFF7FFF7FFF7F
310
FF7FFF7FFF7FFF7FFF7FFF7FFF7FFF7FFF7FFF7FFF7FFF7FFF7FFF7FFF7FFF7F
310
FF7FFF7FFF7FFF7FFF7FFF7FFF7FFF7FFF7FFF7FFF7FFF7FFF7FFF7FFF7FFF7F
310
FF7FFF7FFF7FFF7FFF7FFF7FFF7FFF7FFF7FFF7FFF7FFF7FFF7FFF7FFF7FFF7F
310
FF7FFF7FFF7FFF7FFF7FFF7FFF7FFF7FFF7FFF7FFF7FFF7FFF7FFF7FFF7FFF7F
310
FF7FFF7FFF7FFF7FFF7FFF7FFF7FFF7FFF7FFF7FFF7FFF7FFF7FFF7FFF7FFF7F
310
FF7FFF7FFF7FFF7FFF7FFF7FFF7FFF7FFF7FFF7FFF7FFF7FFF7FFF7FFF7FFF7F
310
FF7FFF7FFF7FFF7FFF7FFF7FFF7FFF7FFF7FFF7FFF7F0000FF7FFF7FFF7FFF7F
310
0D724569456D2569456D4569456D2569456D4569456D2569456D256924699272
310
FF7FFF7BFF7FFF7BFF7FFF7BFF7FFF7BFF7FFF7BFF7FFF7BFF7FDF7BDF7BDE7B
310
FF7FDF7BDF7BDF7BDE7B886D256D2569456D4569456D2569456D4569456D2569
310
456D4569456DD476FF7FFF7FFF7FFF7FFF7FFF7FFF7FFF7FFF7FFF7FFF7FFF7F
310
FF7FFF7FFF7FFF7FFF7F0D72456D25692E76FF7FFF7FFF7FFF7FFF7FFF7FFF7F
310
FF7FFF7FFF7FFF7FFF7FF57A456D2569466D9176DD7FDE7FFF7FDE7FFE7FDE7F
310
FE7FFF7FFF7FFF7FFF7FFF7F92762569456D4569886DB3769B7FBC7F9B7FF57A
310
2D724569CA71BC7FFF7FFF7FFF7FFF7FFF7F587B456D2569456D4569886DDD7F
310
FF7FFF7FFF7FFF7FFF7FFF7F50762569456DEB71BC7F9C7FBC7F7A7F167B0C72
310
456D4569456D66699C7FFF7FFF7FFF7FFF7FFF7FFF7FFF7FFF7FFF7FFF7FFF7F
310
FF7FFF7FFF7FFF7FFF7FFF7FFF7FFF7FFF7FFF7FFF7FFF7FFF7FFF7FFF7FFF7F
310
FF7FFF7FFF7FFF7FFF7FFF7FFF7FFF7FFF7FFF7FFF7FFF7FFF7FFF7FFF7FFF7F
310
FF7FFF7FFF7FFF7FFF7FFF7FFF7FFF7FFF7FFF7FFF7FFF7FFF7FFF7FFF7FFF7F
310
FF7FFF7FFF7FFF7FFF7FFF7FFF7FFF7FFF7FFF7FFF7FFF7FFF7FFF7FFF7FFF7F
310
FF7FFF7FFF7FFF7FFF7FFF7FFF7FFF7FFF7FFF7FFF7FFF7FFF7FFF7FFF7FFF7F
310
FF7FFF7FFF7FFF7FFF7FFF7FFF7FFF7FFF7FFF7FFF7FFF7FFF7FFF7FFF7FFF7F
310
FF7FFF7FFF7FFF7FFF7FFF7FFF7FFF7FFF7FFF7FFF7FFF7FFF7FFF7FFF7FFF7F
310
FF7FFF7FFF7FFF7FFF7FFF7FFF7FFF7FFF7FFF7FFF7FFF7FFF7FFF7FFF7FFF7F
310
FF7FFF7FFF7FFF7FFF7FFF7FFF7FFF7FFF7FFF7FFF7FFF7FFF7FFF7FFF7FFF7F
310
FF7FFF7FFF7FFF7FFF7FFF7FFF7FFF7FFF7FFF7FFF7FFF7FFF7FFF7FFF7FFF7F
310
FF7F0000FF7FFF7FFF7FFF7F597B456D2569456D256945692569456D25694569
310
2569456D246903697072FF7FDE7BDF7BDE7BDF7BDE7BDF7BDE7BDF7BDE7BDF7B
310
DE7BDF7BDE7BDF7BDE7BDF7BDE7BDF7BDE7BFF7F927204692569456D25694569
310
2569456D256945692569456D25694569A96DFF7FFF7FFF7FFF7FFF7FFF7FFF7F
310
FF7FFF7FFF7FFF7FFF7FFF7FFF7FFF7FFF7FFF7FFF7F0D722569456D4669CA6D
310
A96DCA6DA96DAA6DA96DCA6DA96DA96D2D72FF7FFF7FBC7F4669456D25694569
310
6769A96D886D886D886DA86D886DF67AFF7FFF7FFF7FFF7FDE7FEB7125694569
310
2569456D2569666D2569456D2569456967697A7FFF7FFF7FFF7FFF7FFF7FFF7F
310
886D456D256945692E72FF7FFF7FFF7FFF7FFF7FFF7FFF7F4F72456D2569456D
310
4669666D4669456D2569456D256945694669377BFF7FFF7FFF7FFF7FFF7FFF7F
310
FF7FFF7FFF7FFF7FFF7FFF7FFF7FFF7FFF7FFF7FFF7FFF7FFF7FFF7FFF7FFF7F
310
FF7FFF7FFF7FFF7FFF7FFF7FFF7FFF7FFF7FFF7FFF7FFF7FFF7FFF7FFF7FFF7F
310
FF7FFF7FFF7FFF7FFF7FFF7FFF7FFF7FFF7FFF7FFF7FFF7FFF7FFF7FFF7FFF7F
310
FF7FFF7FFF7FFF7FFF7FFF7FFF7FFF7FFF7FFF7FFF7FFF7FFF7FFF7FFF7FFF7F
310
FF7FFF7FFF7FFF7FFF7FFF7FFF7FFF7FFF7FFF7FFF7FFF7FFF7FFF7FFF7FFF7F
310
FF7FFF7FFF7FFF7FFF7FFF7FFF7FFF7FFF7FFF7FFF7FFF7FFF7FFF7FFF7FFF7F
310
FF7FFF7FFF7FFF7FFF7FFF7FFF7FFF7FFF7FFF7FFF7FFF7FFF7FFF7FFF7FFF7F
310
FF7FFF7FFF7FFF7FFF7FFF7FFF7FFF7FFF7FFF7FFF7FFF7FFF7FFF7FFF7FFF7F
310
FF7FFF7FFF7FFF7FFF7FFF7FFF7FFF7FFF7FFF7FFF7FFF7FFF7FFF7FFF7FFF7F
310
FF7FFF7FFF7FFF7FFF7FFF7FFF7FFF7FFF7FFF7FFF7FFF7FFF7FFF7FFF7FFF7F
310
FF7FFF7FFF7FFF7FFF7FFF7FFF7F0000FF7FFF7FFF7FFF7FFF7F5072456D4569
310
456D2569456D4569456D2569456D456903692F72FF7FDF7BDF7BDE7BFF7FDF7B
310
DF7BDE7BFF7FDF7BDF7BDE7BFF7FDF7BDF7BDE7BFF7FDF7BDF7BDF7BFF7F1777
310
456D2469456D4569456D2569456D4569456D2569456D4569456D2569387FFF7F
310
FF7FFF7FFF7FFF7FFF7FFF7FFF7FFF7FFF7FFF7FFF7FFF7FFF7FFF7FFF7FFF7F
310
FF7F0C72456D4569456D2569456D4569456D2569456D4569456D2569A971FF7F
310
FF7FFF7FF57A4569456D2569456D4569456D2569456D4569456DB376FF7FFF7F
310
FF7FFF7FFF7FDD7F0D722569456D4569456D2569456D4569456D0D72BC7FFF7F
310
FF7FFF7FFF7FFF7FFF7FFF7F71764569456D2569387FFF7FFF7FFF7FFF7FFF7F
310
FF7FFF7F4F764569456D2569456D4569456D2569456D4569466DEC717A7FFF7F
310
FF7FFF7FFF7FFF7FFF7FFF7FFF7FFF7FFF7FFF7FFF7FFF7FFF7FFF7FFF7FFF7F
310
FF7FFF7FFF7FFF7FFF7FFF7FFF7FFF7FFF7FFF7FFF7FFF7FFF7FFF7FFF7FFF7F
310
FF7FFF7FFF7FFF7FFF7FFF7FFF7FFF7FFF7FFF7FFF7FFF7FFF7FFF7FFF7FFF7F
310
FF7FFF7FFF7FFF7FFF7FFF7FFF7FFF7FFF7FFF7FFF7FFF7FFF7FFF7FFF7FFF7F
310
FF7FFF7FFF7FFF7FFF7FFF7FFF7FFF7FFF7FFF7FFF7FFF7FFF7FFF7FFF7FFF7F
310
FF7FFF7FFF7FFF7FFF7FFF7FFF7FFF7FFF7FFF7FFF7FFF7FFF7FFF7FFF7FFF7F
310
FF7FFF7FFF7FFF7FFF7FFF7FFF7FFF7FFF7FFF7FFF7FFF7FFF7FFF7FFF7FFF7F
310
FF7FFF7FFF7FFF7FFF7FFF7FFF7FFF7FFF7FFF7FFF7FFF7FFF7FFF7FFF7FFF7F
310
FF7FFF7FFF7FFF7FFF7FFF7FFF7FFF7FFF7FFF7FFF7FFF7FFF7FFF7FFF7FFF7F
310
FF7FFF7FFF7FFF7FFF7FFF7FFF7FFF7FFF7FFF7FFF7FFF7FFF7FFF7FFF7FFF7F
310
FF7FFF7FFF7FFF7FFF7FFF7FFF7FFF7FFF7FFF7FFF7FFF7FFF7F0000FF7FFF7F
310
FF7FFF7FFF7FDE7F886D45692569456D256945692569456D256903690D6EFF7B
310
DF7BDF7BDE7BDF7BDE7BDF7BDE7BDF7BDE7BDF7BDE7BDF7BDE7BDF7BDE7BDF7B
310
DE7BFF7BFF7BFF7BB37245692469456D256945692569456D256945692569456D
310
2569456925694F76FF7FFF7FFF7FFF7FFF7FFF7FFF7FFF7FFF7FFF7FFF7FFF7F
310
FF7FFF7FFF7FFF7FFF7FFF7FFF7F2E724669676D6669676D4669676D6669676D
310
4669676D6669676DCB6DFF7FFF7FFF7FFF7F597F4F72CA71886D886D886D886D
310
886D886D676DF67AFF7FFF7FFF7FFF7FFF7FFF7FFF7F377B2E72CA6D886D886D
310
CA6D4F72387BFF7FFF7FFF7FFF7FFF7FFF7FFF7FFF7FFF7F597BEB71CA6D0D72
310
DD7FFF7FFF7FFF7FFF7FFF7FFF7FFF7FB376CB71CA6DEB71EB6DEC71EB6D0D72
310
2E72B376597BFF7FFF7FFF7FFF7FFF7FFF7FFF7FFF7FFF7FFF7FFF7FFF7FFF7F
310
FF7FFF7FFF7FFF7FFF7FFF7FFF7FFF7FFF7FFF7FFF7FFF7FFF7FFF7FFF7FFF7F
310
FF7FFF7FFF7FFF7FFF7FFF7FFF7FFF7FFF7FFF7FFF7FFF7FFF7FFF7FFF7FFF7F
310
FF7FFF7FFF7FFF7FFF7FFF7FFF7FFF7FFF7FFF7FFF7FFF7FFF7FFF7FFF7FFF7F
310
FF7FFF7FFF7FFF7FFF7FFF7FFF7FFF7FFF7FFF7FFF7FFF7FFF7FFF7FFF7FFF7F
310
FF7FFF7FFF7FFF7FFF7FFF7FFF7FFF7FFF7FFF7FFF7FFF7FFF7FFF7FFF7FFF7F
310
FF7FFF7FFF7FFF7FFF7FFF7FFF7FFF7FFF7FFF7FFF7FFF7FFF7FFF7FFF7FFF7F
310
FF7FFF7FFF7FFF7FFF7FFF7FFF7FFF7FFF7FFF7FFF7FFF7FFF7FFF7FFF7FFF7F
310
FF7FFF7FFF7FFF7FFF7FFF7FFF7FFF7FFF7FFF7FFF7FFF7FFF7FFF7FFF7FFF7F
310
FF7FFF7FFF7FFF7FFF7FFF7FFF7FFF7FFF7FFF7FFF7FFF7FFF7FFF7FFF7FFF7F
310
FF7FFF7FFF7FFF7FFF7FFF7FFF7FFF7FFF7FFF7FFF7FFF7FFF7FFF7FFF7FFF7F
310
FF7FFF7FFF7F0000FF7FFF7FFF7FFF7FFF7FFF7F597F4569456D4569456D2569
310
456D4569246D0D6EFF7FFF7BFF7FFF7BFF7FFF7BFF7FFF7BFF7FFF7BFF7FFF7B
310
FF7FFF7BFF7FFF7BFF7FFF7BFF7B9B7BF576CA6D24692469466D4569456D2569
310
456D4569456D2569456D4569456D2569A971DD7FFF7FFF7FFF7FFF7FFF7FFF7F
310
FF7FFF7FFF7FFF7FFF7FFF7FFF7FFF7FFF7FFF7FFF7FFF7FFF7FDD7FBC7FBC7F
310
BD7FBC7FBD7FBC7FBD7FBC7FBD7FBC7FBD7FBC7FDD7FFF7FFF7FFF7FFF7FFF7F
310
FF7FFF7FFE7FDE7FFF7FDE7FFE7FDE7FFE7FFF7FFF7FFF7FFF7FFF7FFF7FFF7F
310
FF7FFF7FFF7FFF7FFF7FFE7FFF7FFF7FFF7FFF7FFF7FFF7FFF7FFF7FFF7FFF7F
310
FF7FFF7FFF7FFF7FFF7FFF7FFF7FFF7FFF7FFF7FFF7FFF7FFF7FFF7FFF7FFF7F
310
FF7FFF7FFF7FFF7FFF7FFF7FFF7FFF7FFF7FFF7FFF7FFF7FFF7FFF7FFF7FFF7F
310
FF7FFF7FFF7FFF7FFF7FFF7FFF7FFF7FFF7FFF7FFF7FFF7FFF7FFF7FFF7FFF7F
310
FF7FFF7FFF7FFF7FFF7FFF7FFF7FFF7FFF7FFF7FFF7FFF7FFF7FFF7FFF7FFF7F
310
FF7FFF7FFF7FFF7FFF7FFF7FFF7FFF7FFF7FFF7FFF7FFF7FFF7FFF7FFF7FFF7F
310
FF7FFF7FFF7FFF7FFF7FFF7FFF7FFF7FFF7FFF7FFF7FFF7FFF7FFF7FFF7FFF7F
310
FF7FFF7FFF7FFF7FFF7FFF7FFF7FFF7FFF7FFF7FFF7FFF7FFF7FFF7FFF7FFF7F
310
FF7FFF7FFF7FFF7FFF7FFF7FFF7FFF7FFF7FFF7FFF7FFF7FFF7FFF7FFF7FFF7F
310
FF7FFF7FFF7FFF7FFF7FFF7FFF7FFF7FFF7FFF7FFF7FFF7FFF7FFF7FFF7FFF7F
310
FF7FFF7FFF7FFF7FFF7FFF7FFF7FFF7FFF7FFF7FFF7FFF7FFF7FFF7FFF7FFF7F
310
FF7FFF7FFF7FFF7FFF7FFF7FFF7FFF7FFF7FFF7FFF7FFF7FFF7FFF7FFF7FFF7F
310
FF7FFF7FFF7FFF7FFF7FFF7FFF7FFF7FFF7FFF7FFF7FFF7FFF7FFF7FFF7FFF7F
310
FF7FFF7FFF7FFF7FFF7FFF7FFF7FFF7FFF7F0000FF7FFF7FFF7FFF7FFF7FFF7F
310
FF7FB376256945692569456D2569456945697072927291727172927271729272
310
71729272717292727172927271729272717271724F722E72AA6D666D03692469
310
2569456D256945692569456D256945692569456D256945692569676D597BFF7F
310
FF7FFF7FFF7FFF7FFF7FFF7FFF7FFF7FFF7FFF7FFF7FFF7FFF7FFF7FFF7FFF7F
310
FF7FFF7FFF7FFF7FFF7FFF7FFF7FFF7FFF7FFF7FFF7FFF7FFF7FFF7FFF7FFF7F
310
FF7FFF7FFF7FFF7FFF7FFF7FFF7FFF7FFF7FFF7FFF7FFF7FFF7FFF7FFF7FFF7F
310
FF7FFF7FFF7FFF7FFF7FFF7FFF7FFF7FFF7FFF7FFF7FFF7FFF7FFF7FFF7FFF7F
310
FF7FFF7FFF7FFF7FFF7FFF7FFF7FFF7FFF7FFF7FFF7FFF7FFF7FFF7FFF7FFF7F
310
FF7FFF7FFF7FFF7FFF7FFF7FFF7FFF7FFF7FFF7FFF7FFF7FFF7FFF7FFF7FFF7F
310
FF7FFF7FFF7FFF7FFF7FFF7FFF7FFF7FFF7FFF7FFF7FFF7FFF7FFF7FFF7FFF7F
310
FF7FFF7FFF7FFF7FFF7FFF7FFF7FFF7FFF7FFF7FFF7FFF7FFF7FFF7FFF7FFF7F
310
FF7FFF7FFF7FFF7FFF7FFF7FFF7FFF7FFF7FFF7FFF7FFF7FFF7FFF7FFF7FFF7F
310
FF7FFF7FFF7FFF7FFF7FFF7FFF7FFF7FFF7FFF7FFF7FFF7FFF7FFF7FFF7FFF7F
310
FF7FFF7FFF7FFF7FFF7FFF7FFF7FFF7FFF7FFF7FFF7FFF7FFF7FFF7FFF7FFF7F
310
FF7FFF7FFF7FFF7FFF7FFF7FFF7FFF7FFF7FFF7FFF7FFF7FFF7FFF7FFF7FFF7F
310
FF7FFF7FFF7FFF7FFF7FFF7FFF7FFF7FFF7FFF7FFF7FFF7FFF7FFF7FFF7FFF7F
310
FF7FFF7FFF7FFF7FFF7FFF7FFF7FFF7FFF7FFF7FFF7FFF7FFF7FFF7FFF7FFF7F
310
FF7FFF7FFF7FFF7FFF7FFF7FFF7FFF7FFF7FFF7FFF7FFF7FFF7FFF7FFF7FFF7F
310
FF7FFF7FFF7FFF7FFF7FFF7FFF7FFF7FFF7FFF7FFF7FFF7FFF7FFF7FFF7FFF7F
310
FF7FFF7FFF7FFF7FFF7FFF7FFF7FFF7FFF7FFF7FFF7FFF7FFF7FFF7FFF7F0000
310
FF7FFF7FFF7FFF7FFF7FFF7FFF7FFF7F70762569456D4569456D2569456D2469
310
24690369246D036924690369246D036924690369246D036924690369246D0369
310
24690369246D2469456D2569456D4569456D2569456D4569456D2569456D4569
310
456D2569466D177BFF7FFF7FFF7FFF7FFF7FFF7FFF7FFF7FFF7FFF7FFF7FFF7F
310
FF7FFF7FFF7FFF7FFF7FFF7FFF7FFF7FFF7FFF7FFF7FFF7FFF7FFF7FFF7FFF7F
310
FF7FFF7FFF7FFF7FFF7FFF7FFF7FFF7FFF7FFF7FFF7FFF7FFF7FFF7FFF7FFF7F
310
FF7FFF7FFF7FFF7FFF7FFF7FFF7FFF7FFF7FFF7FFF7FFF7FFF7FFF7FFF7FFF7F
310
FF7FFF7FFF7FFF7FFF7FFF7FFF7FFF7FFF7FFF7FFF7FFF7FFF7FFF7FFF7FFF7F
310
FF7FFF7FFF7FFF7FFF7FFF7FFF7FFF7FFF7FFF7FFF7FFF7FFF7FFF7FFF7FFF7F
310
FF7FFF7FFF7FFF7FFF7FFF7FFF7FFF7FFF7FFF7FFF7FFF7FFF7FFF7FFF7FFF7F
310
FF7FFF7FFF7FFF7FFF7FFF7FFF7FFF7FFF7FFF7FFF7FFF7FFF7FFF7FFF7FFF7F
310
FF7FFF7FFF7FFF7FFF7FFF7FFF7FFF7FFF7FFF7FFF7FFF7FFF7FFF7FFF7FFF7F
310
FF7FFF7FFF7FFF7FFF7FFF7FFF7FFF7FFF7FFF7FFF7FFF7FFF7FFF7FFF7FFF7F
310
FF7FFF7FFF7FFF7FFF7FFF7FFF7FFF7FFF7FFF7FFF7FFF7FFF7FFF7FFF7FFF7F
310
FF7FFF7FFF7FFF7FFF7FFF7FFF7FFF7FFF7FFF7FFF7FFF7FFF7FFF7FFF7FFF7F
310
FF7FFF7FFF7FFF7FFF7FFF7FFF7FFF7FFF7FFF7FFF7FFF7FFF7FFF7FFF7FFF7F
310
FF7FFF7FFF7FFF7FFF7FFF7FFF7FFF7FFF7FFF7FFF7FFF7FFF7FFF7FFF7FFF7F
310
FF7FFF7FFF7FFF7FFF7FFF7FFF7FFF7FFF7FFF7FFF7FFF7FFF7FFF7FFF7FFF7F
310
FF7FFF7FFF7FFF7FFF7FFF7FFF7FFF7FFF7FFF7FFF7FFF7FFF7FFF7FFF7FFF7F
310
FF7FFF7FFF7FFF7FFF7FFF7FFF7FFF7FFF7FFF7FFF7FFF7FFF7FFF7FFF7FFF7F
310
FF7FFF7FFF7FFF7FFF7F0000FF7FFF7FFF7FFF7FFF7FFF7FFF7FFF7FFF7F4F76
310
256945692569456D256945692569456D256945692569456D256945692569456D
310
256945692569456D256945692569456D256945692569456D256945692569456D
310
256945692569456D256945692569456DD576FF7FFF7FFF7FFF7FFF7FFF7FFF7F
310
FF7FFF7FFF7FFF7FFF7FFF7FFF7FFF7FFF7FFF7FFF7FFF7FFF7FFF7FFF7FFF7F
310
FF7FFF7FFF7FFF7FFF7FFF7FFF7FFF7FFF7FFF7FFF7FFF7FFF7FFF7FFF7FFF7F
310
FF7FFF7FFF7FFF7FFF7FFF7FFF7FFF7FFF7FFF7FFF7FFF7FFF7FFF7FFF7FFF7F
310
FF7FFF7FFF7FFF7FFF7FFF7FFF7FFF7FFF7FFF7FFF7FFF7FFF7FFF7FFF7FFF7F
310
FF7FFF7FFF7FFF7FFF7FFF7FFF7FFF7FFF7FFF7FFF7FFF7FFF7FFF7FFF7FFF7F
310
FF7FFF7FFF7FFF7FFF7FFF7FFF7FFF7FFF7FFF7FFF7FFF7FFF7FFF7FFF7FFF7F
310
FF7FFF7FFF7FFF7FFF7FFF7FFF7FFF7FFF7FFF7FFF7FFF7FFF7FFF7FFF7FFF7F
310
FF7FFF7FFF7FFF7FFF7FFF7FFF7FFF7FFF7FFF7FFF7FFF7FFF7FFF7FFF7FFF7F
310
FF7FFF7FFF7FFF7FFF7FFF7FFF7FFF7FFF7FFF7FFF7FFF7FFF7FFF7FFF7FFF7F
310
FF7FFF7FFF7FFF7FFF7FFF7FFF7FFF7FFF7FFF7FFF7FFF7FFF7FFF7FFF7FFF7F
310
FF7FFF7FFF7FFF7FFF7FFF7FFF7FFF7FFF7FFF7FFF7FFF7FFF7FFF7FFF7FFF7F
310
FF7FFF7FFF7FFF7FFF7FFF7FFF7FFF7FFF7FFF7FFF7FFF7FFF7FFF7FFF7FFF7F
310
FF7FFF7FFF7FFF7FFF7FFF7FFF7FFF7FFF7FFF7FFF7FFF7FFF7FFF7FFF7FFF7F
310
FF7FFF7FFF7FFF7FFF7FFF7FFF7FFF7FFF7FFF7FFF7FFF7FFF7FFF7FFF7FFF7F
310
FF7FFF7FFF7FFF7FFF7FFF7FFF7FFF7FFF7FFF7FFF7FFF7FFF7FFF7FFF7FFF7F
310
FF7FFF7FFF7FFF7FFF7FFF7FFF7FFF7FFF7FFF7FFF7FFF7FFF7FFF7FFF7FFF7F
310
FF7FFF7FFF7FFF7FFF7FFF7FFF7FFF7FFF7FFF7FFF7F0000FF7FFF7FFF7FFF7F
310
FF7FFF7FFF7FFF7FFF7FFF7F50762569456D4569456D2569456D4569456D2569
310
456D4569456D2569456D4569456D2569456D4569456D2569456D4569456D2569
310
456D4569456D2569456D4569456D2569456D4569456D2569666DF57AFF7FFF7F
310
FF7FFF7FFF7FFF7FFF7FFF7FFF7FFF7FFF7FFF7FFF7FFF7FFF7FFF7FFF7FFF7F
310
FF7FFF7FFF7FFF7FFF7FFF7FFF7FFF7FFF7FFF7FFF7FFF7FFF7FFF7FFF7FFF7F
310
FF7FFF7FFF7FFF7FFF7FFF7FFF7FFF7FFF7FFF7FFF7FFF7FFF7FFF7FFF7FFF7F
310
FF7FFF7FFF7FFF7FFF7FFF7FFF7FFF7FFF7FFF7FFF7FFF7FFF7FFF7FFF7FFF7F
310
FF7FFF7FFF7FFF7FFF7FFF7FFF7FFF7FFF7FFF7FFF7FFF7FFF7FFF7FFF7FFF7F
310
FF7FFF7FFF7FFF7FFF7FFF7FFF7FFF7FFF7FFF7FFF7FFF7FFF7FFF7FFF7FFF7F
310
FF7FFF7FFF7FFF7FFF7FFF7FFF7FFF7FFF7FFF7FFF7FFF7FFF7FFF7FFF7FFF7F
310
FF7FFF7FFF7FFF7FFF7FFF7FFF7FFF7FFF7FFF7FFF7FFF7FFF7FFF7FFF7FFF7F
310
FF7FFF7FFF7FFF7FFF7FFF7FFF7FFF7FFF7FFF7FFF7FFF7FFF7FFF7FFF7FFF7F
310
FF7FFF7FFF7FFF7FFF7FFF7FFF7FFF7FFF7FFF7FFF7FFF7FFF7FFF7FFF7FFF7F
310
FF7FFF7FFF7FFF7FFF7FFF7FFF7FFF7FFF7FFF7FFF7FFF7FFF7FFF7FFF7FFF7F
310
FF7FFF7FFF7FFF7FFF7FFF7FFF7FFF7FFF7FFF7FFF7FFF7FFF7FFF7FFF7FFF7F
310
FF7FFF7FFF7FFF7FFF7FFF7FFF7FFF7FFF7FFF7FFF7FFF7FFF7FFF7FFF7FFF7F
310
FF7FFF7FFF7FFF7FFF7FFF7FFF7FFF7FFF7FFF7FFF7FFF7FFF7FFF7FFF7FFF7F
310
FF7FFF7FFF7FFF7FFF7FFF7FFF7FFF7FFF7FFF7FFF7FFF7FFF7FFF7FFF7FFF7F
310
FF7FFF7FFF7FFF7FFF7FFF7FFF7FFF7FFF7FFF7FFF7FFF7FFF7FFF7FFF7FFF7F
310
FF7FFF7FFF7FFF7FFF7FFF7FFF7FFF7FFF7FFF7FFF7FFF7FFF7FFF7FFF7FFF7F
310
FF7F0000FF7FFF7FFF7FFF7FFF7FFF7FFF7FFF7FFF7FFF7FFF7FB27625694569
310
2569456D256945692569456D256945692569456D256945692569456D25694569
310
2569456D256945692569456D256945692569456D256945692569456D25694569
310
2569886D377BFF7FFF7FFF7FFF7FFF7FFF7FFF7FFF7FFF7FFF7FFF7FFF7FFF7F
310
FF7FFF7FFF7FFF7FFF7FFF7FFF7FFF7FFF7FFF7FFF7FFF7FFF7FFF7FFF7FFF7F
310
FF7FFF7FFF7FFF7FFF7FFF7FFF7FFF7FFF7FFF7FFF7FFF7FFF7FFF7FFF7FFF7F
310
FF7FFF7FFF7FFF7FFF7FFF7FFF7FFF7FFF7FFF7FFF7FFF7FFF7FFF7FFF7FFF7F
310
FF7FFF7FFF7FFF7FFF7FFF7FFF7FFF7FFF7FFF7FFF7FFF7FFF7FFF7FFF7FFF7F
310
FF7FFF7FFF7FFF7FFF7FFF7FFF7FFF7FFF7FFF7FFF7FFF7FFF7FFF7FFF7FFF7F
310
FF7FFF7FFF7FFF7FFF7FFF7FFF7FFF7FFF7FFF7FFF7FFF7FFF7FFF7FFF7FFF7F
310
FF7FFF7FFF7FFF7FFF7FFF7FFF7FFF7FFF7FFF7FFF7FFF7FFF7FFF7FFF7FFF7F
310
FF7FFF7FFF7FFF7FFF7FFF7FFF7FFF7FFF7FFF7FFF7FFF7FFF7FFF7FFF7FFF7F
310
FF7FFF7FFF7FFF7FFF7FFF7FFF7FFF7FFF7FFF7FFF7FFF7FFF7FFF7FFF7FFF7F
310
FF7FFF7FFF7FFF7FFF7FFF7FFF7FFF7FFF7FFF7FFF7FFF7FFF7FFF7FFF7FFF7F
310
FF7FFF7FFF7FFF7FFF7FFF7FFF7FFF7FFF7FFF7FFF7FFF7FFF7FFF7FFF7FFF7F
310
FF7FFF7FFF7FFF7FFF7FFF7FFF7FFF7FFF7FFF7FFF7FFF7FFF7FFF7FFF7FFF7F
310
FF7FFF7FFF7FFF7FFF7FFF7FFF7FFF7FFF7FFF7FFF7FFF7FFF7FFF7FFF7FFF7F
310
FF7FFF7FFF7FFF7FFF7FFF7FFF7FFF7FFF7FFF7FFF7FFF7FFF7FFF7FFF7FFF7F
310
FF7FFF7FFF7FFF7FFF7FFF7FFF7FFF7FFF7FFF7FFF7FFF7FFF7FFF7FFF7FFF7F
310
FF7FFF7FFF7FFF7FFF7FFF7FFF7FFF7FFF7FFF7FFF7FFF7FFF7FFF7FFF7FFF7F
310
FF7FFF7FFF7FFF7FFF7FFF7FFF7F0000FF7FFF7FFF7FFF7FFF7FFF7FFF7FFF7F
310
FF7FFF7FFF7FFF7F377B876D456D4569456D2569456D4569456D2569456D4569
310
456D2569456D4569456D2569456D4569456D2569456D4569456D2569456D4569
310
456D2569456D4569456D25690C729B7FFF7FFF7FFF7FFF7FFF7FFF7FFF7FFF7F
310
FF7FFF7FFF7FFF7FFF7FFF7FFF7FFF7FFF7FFF7FFF7FFF7FFF7FFF7FFF7FFF7F
310
FF7FFF7FFF7FFF7FFF7FFF7FFF7FFF7FFF7FFF7FFF7FFF7FFF7FFF7FFF7FFF7F
310
FF7FFF7FFF7FFF7FFF7FFF7FFF7FFF7FFF7FFF7FFF7FFF7FFF7FFF7FFF7FFF7F
310
FF7FFF7FFF7FFF7FFF7FFF7FFF7FFF7FFF7FFF7FFF7FFF7FFF7FFF7FFF7FFF7F
310
FF7FFF7FFF7FFF7FFF7FFF7FFF7FFF7FFF7FFF7FFF7FFF7FFF7FFF7FFF7FFF7F
310
FF7FFF7FFF7FFF7FFF7FFF7FFF7FFF7FFF7FFF7FFF7FFF7FFF7FFF7FFF7FFF7F
310
FF7FFF7FFF7FFF7FFF7FFF7FFF7FFF7FFF7FFF7FFF7FFF7FFF7FFF7FFF7FFF7F
310
FF7FFF7FFF7FFF7FFF7FFF7FFF7FFF7FFF7FFF7FFF7FFF7FFF7FFF7FFF7FFF7F
310
FF7FFF7FFF7FFF7FFF7FFF7FFF7FFF7FFF7FFF7FFF7FFF7FFF7FFF7FFF7FFF7F
310
FF7FFF7FFF7FFF7FFF7FFF7FFF7FFF7FFF7FFF7FFF7FFF7FFF7FFF7FFF7FFF7F
310
FF7FFF7FFF7FFF7FFF7FFF7FFF7FFF7FFF7FFF7FFF7FFF7FFF7FFF7FFF7FFF7F
310
FF7FFF7FFF7FFF7FFF7FFF7FFF7FFF7FFF7FFF7FFF7FFF7FFF7FFF7FFF7FFF7F
310
FF7FFF7FFF7FFF7FFF7FFF7FFF7FFF7FFF7FFF7FFF7FFF7FFF7FFF7FFF7FFF7F
310
FF7FFF7FFF7FFF7FFF7FFF7FFF7FFF7FFF7FFF7FFF7FFF7FFF7FFF7FFF7FFF7F
310
FF7FFF7FFF7FFF7FFF7FFF7FFF7FFF7FFF7FFF7FFF7FFF7FFF7FFF7FFF7FFF7F
310
FF7FFF7FFF7FFF7FFF7FFF7FFF7FFF7FFF7FFF7FFF7FFF7FFF7FFF7FFF7FFF7F
310
FF7FFF7FFF7FFF7FFF7FFF7FFF7FFF7FFF7FFF7FFF7FFF7FFF7F0000FF7FFF7F
310
FF7FFF7FFF7FFF7FFF7FFF7FFF7FFF7FFF7FFF7FFF7FBC7F2E7245692569456D
310
256945692569456D256945692569456D256945692569456D256945692569456D
310
256945692569456D256945692569456D256945694669B376FF7FFF7FFF7FFF7F
310
FF7FFF7FFF7FFF7FFF7FFF7FFF7FFF7FFF7FFF7FFF7FFF7FFF7FFF7FFF7FFF7F
310
FF7FFF7FFF7FFF7FFF7FFF7FFF7FFF7FFF7FFF7FFF7FFF7FFF7FFF7FFF7FFF7F
310
FF7FFF7FFF7FFF7FFF7FFF7FFF7FFF7FFF7FFF7FFF7FFF7FFF7FFF7FFF7FFF7F
310
FF7FFF7FFF7FFF7FFF7FFF7FFF7FFF7FFF7FFF7FFF7FFF7FFF7FFF7FFF7FFF7F
310
FF7FFF7FFF7FFF7FFF7FFF7FFF7FFF7FFF7FFF7FFF7FFF7FFF7FFF7FFF7FFF7F
310
FF7FFF7FFF7FFF7FFF7FFF7FFF7FFF7FFF7FFF7FFF7FFF7FFF7FFF7FFF7FFF7F
310
FF7FFF7FFF7FFF7FFF7FFF7FFF7FFF7FFF7FFF7FFF7FFF7FFF7FFF7FFF7FFF7F
310
FF7FFF7FFF7FFF7FFF7FFF7FFF7FFF7FFF7FFF7FFF7FFF7FFF7FFF7FFF7FFF7F
310
FF7FFF7FFF7FFF7FFF7FFF7FFF7FFF7FFF7FFF7FFF7FFF7FFF7FFF7FFF7FFF7F
310
FF7FFF7FFF7FFF7FFF7FFF7FFF7FFF7FFF7FFF7FFF7FFF7FFF7FFF7FFF7FFF7F
310
FF7FFF7FFF7FFF7FFF7FFF7FFF7FFF7FFF7FFF7FFF7FFF7FFF7FFF7FFF7FFF7F
310
FF7FFF7FFF7FFF7FFF7FFF7FFF7FFF7FFF7FFF7FFF7FFF7FFF7FFF7FFF7FFF7F
310
FF7FFF7FFF7FFF7FFF7FFF7FFF7FFF7FFF7FFF7FFF7FFF7FFF7FFF7FFF7FFF7F
310
FF7FFF7FFF7FFF7FFF7FFF7FFF7FFF7FFF7FFF7FFF7FFF7FFF7FFF7FFF7FFF7F
310
FF7FFF7FFF7FFF7FFF7FFF7FFF7FFF7FFF7FFF7FFF7FFF7FFF7FFF7FFF7FFF7F
310
FF7FFF7FFF7FFF7FFF7FFF7FFF7FFF7FFF7FFF7FFF7FFF7FFF7FFF7FFF7FFF7F
310
FF7FFF7FFF7FFF7FFF7FFF7FFF7FFF7FFF7FFF7FFF7FFF7FFF7FFF7FFF7FFF7F
310
FF7FFF7FFF7F0000FF7FFF7FFF7FFF7FFF7FFF7FFF7FFF7FFF7FFF7FFF7FFF7F
310
FF7FFF7FFF7F177BEB714569456D2569456D4569456D2569456D4569456D2569
310
456D4569456D2569456D4569456D2569456D4569456D2569456D4569456D2E72
310
9B7FFF7FFF7FFF7FFF7FFF7FFF7FFF7FFF7FFF7FFF7FFF7FFF7FFF7FFF7FFF7F
310
FF7FFF7FFF7FFF7FFF7FFF7FFF7FFF7FFF7FFF7FFF7FFF7FFF7FFF7FFF7FFF7F
310
FF7FFF7FFF7FFF7FFF7FFF7FFF7FFF7FFF7FFF7FFF7FFF7FFF7FFF7FFF7FFF7F
310
FF7FFF7FFF7FFF7FFF7FFF7FFF7FFF7FFF7FFF7FFF7FFF7FFF7FFF7FFF7FFF7F
310
FF7FFF7FFF7FFF7FFF7FFF7FFF7FFF7FFF7FFF7FFF7FFF7FFF7FFF7FFF7FFF7F
310
FF7FFF7FFF7FFF7FFF7FFF7FFF7FFF7FFF7FFF7FFF7FFF7FFF7FFF7FFF7FFF7F
310
FF7FFF7FFF7FFF7FFF7FFF7FFF7FFF7FFF7FFF7FFF7FFF7FFF7FFF7FFF7FFF7F
310
FF7FFF7FFF7FFF7FFF7FFF7FFF7FFF7FFF7FFF7FFF7FFF7FFF7FFF7FFF7FFF7F
310
FF7FFF7FFF7FFF7FFF7FFF7FFF7FFF7FFF7FFF7FFF7FFF7FFF7FFF7FFF7FFF7F
310
FF7FFF7FFF7FFF7FFF7FFF7FFF7FFF7FFF7FFF7FFF7FFF7FFF7FFF7FFF7FFF7F
310
FF7FFF7FFF7FFF7FFF7FFF7FFF7FFF7FFF7FFF7FFF7FFF7FFF7FFF7FFF7FFF7F
310
FF7FFF7FFF7FFF7FFF7FFF7FFF7FFF7FFF7FFF7FFF7FFF7FFF7FFF7FFF7FFF7F
310
FF7FFF7FFF7FFF7FFF7FFF7FFF7FFF7FFF7FFF7FFF7FFF7FFF7FFF7FFF7FFF7F
310
FF7FFF7FFF7FFF7FFF7FFF7FFF7FFF7FFF7FFF7FFF7FFF7FFF7FFF7FFF7FFF7F
310
FF7FFF7FFF7FFF7FFF7FFF7FFF7FFF7FFF7FFF7FFF7FFF7FFF7FFF7FFF7FFF7F
310
FF7FFF7FFF7FFF7FFF7FFF7FFF7FFF7FFF7FFF7FFF7FFF7FFF7FFF7FFF7FFF7F
310
FF7FFF7FFF7FFF7FFF7FFF7FFF7FFF7FFF7FFF7FFF7FFF7FFF7FFF7FFF7FFF7F
310
FF7FFF7FFF7FFF7FFF7FFF7FFF7FFF7FFF7F0000FF7FFF7FFF7FFF7FFF7FFF7F
310
FF7FFF7FFF7FFF7FFF7FFF7FFF7FFF7FFF7FFF7FFF7F167BCB6D456D25694569
310
2569456D256945692569456D256945692569456D256945692569456D25694569
310
2569456D46694F72597BFF7FFF7FFF7FFF7FFF7FFF7FFF7FFF7FFF7FFF7FFF7F
310
FF7FFF7FFF7FFF7FFF7FFF7FFF7FFF7FFF7FFF7FFF7FFF7FFF7FFF7FFF7FFF7F
310
FF7FFF7FFF7FFF7FFF7FFF7FFF7FFF7FFF7FFF7FFF7FFF7FFF7FFF7FFF7FFF7F
310
FF7FFF7FFF7FFF7FFF7FFF7FFF7FFF7FFF7FFF7FFF7FFF7FFF7FFF7FFF7FFF7F
310
FF7FFF7FFF7FFF7FFF7FFF7FFF7FFF7FFF7FFF7FFF7FFF7FFF7FFF7FFF7FFF7F
310
FF7FFF7FFF7FFF7FFF7FFF7FFF7FFF7FFF7FFF7FFF7FFF7FFF7FFF7FFF7FFF7F
310
FF7FFF7FFF7FFF7FFF7FFF7FFF7FFF7FFF7FFF7FFF7FFF7FFF7FFF7FFF7FFF7F
310
FF7FFF7FFF7FFF7FFF7FFF7FFF7FFF7FFF7FFF7FFF7FFF7FFF7FFF7FFF7FFF7F
310
FF7FFF7FFF7FFF7FFF7FFF7FFF7FFF7FFF7FFF7FFF7FFF7FFF7FFF7FFF7FFF7F
310
FF7FFF7FFF7FFF7FFF7FFF7FFF7FFF7FFF7FFF7FFF7FFF7FFF7FFF7FFF7FFF7F
310
FF7FFF7FFF7FFF7FFF7FFF7FFF7FFF7FFF7FFF7FFF7FFF7FFF7FFF7FFF7FFF7F
310
FF7FFF7FFF7FFF7FFF7FFF7FFF7FFF7FFF7FFF7FFF7FFF7FFF7FFF7FFF7FFF7F
310
FF7FFF7FFF7FFF7FFF7FFF7FFF7FFF7FFF7FFF7FFF7FFF7FFF7FFF7FFF7FFF7F
310
FF7FFF7FFF7FFF7FFF7FFF7FFF7FFF7FFF7FFF7FFF7FFF7FFF7FFF7FFF7FFF7F
310
FF7FFF7FFF7FFF7FFF7FFF7FFF7FFF7FFF7FFF7FFF7FFF7FFF7FFF7FFF7FFF7F
310
FF7FFF7FFF7FFF7FFF7FFF7FFF7FFF7FFF7FFF7FFF7FFF7FFF7FFF7FFF7FFF7F
310
FF7FFF7FFF7FFF7FFF7FFF7FFF7FFF7FFF7FFF7FFF7FFF7FFF7FFF7FFF7FFF7F
310
FF7FFF7FFF7FFF7FFF7FFF7FFF7FFF7FFF7FFF7FFF7FFF7FFF7FFF7FFF7F0000
310
FF7FFF7FFF7FFF7FFF7FFF7FFF7FFF7FFF7FFF7FFF7FFF7FFF7FFF7FFF7FFF7F
310
FF7FFF7FFF7F597B7176A96D466D4569456D2569456D4569456D2569456D4569
310
456D2569456D4569456D4669EC71D376BC7FFF7FFF7FFF7FFF7FFF7FFF7FFF7F
310
FF7FFF7FFF7FFF7FFF7FFF7FFF7FFF7FFF7FFF7FFF7FFF7FFF7FFF7FFF7FFF7F
310
FF7FFF7FFF7FFF7FFF7FFF7FFF7FFF7FFF7FFF7FFF7FFF7FFF7FFF7FFF7FFF7F
310
FF7FFF7FFF7FFF7FFF7FFF7FFF7FFF7FFF7FFF7FFF7FFF7FFF7FFF7FFF7FFF7F
310
FF7FFF7FFF7FFF7FFF7FFF7FFF7FFF7FFF7FFF7FFF7FFF7FFF7FFF7FFF7FFF7F
310
FF7FFF7FFF7FFF7FFF7FFF7FFF7FFF7FFF7FFF7FFF7FFF7FFF7FFF7FFF7FFF7F
310
FF7FFF7FFF7FFF7FFF7FFF7FFF7FFF7FFF7FFF7FFF7FFF7FFF7FFF7FFF7FFF7F
310
FF7FFF7FFF7FFF7FFF7FFF7FFF7FFF7FFF7FFF7FFF7FFF7FFF7FFF7FFF7FFF7F
310
FF7FFF7FFF7FFF7FFF7FFF7FFF7FFF7FFF7FFF7FFF7FFF7FFF7FFF7FFF7FFF7F
310
FF7FFF7FFF7FFF7FFF7FFF7FFF7FFF7FFF7FFF7FFF7FFF7FFF7FFF7FFF7FFF7F
310
FF7FFF7FFF7FFF7FFF7FFF7FFF7FFF7FFF7FFF7FFF7FFF7FFF7FFF7FFF7FFF7F
310
FF7FFF7FFF7FFF7FFF7FFF7FFF7FFF7FFF7FFF7FFF7FFF7FFF7FFF7FFF7FFF7F
310
FF7FFF7FFF7FFF7FFF7FFF7FFF7FFF7FFF7FFF7FFF7FFF7FFF7FFF7FFF7FFF7F
310
FF7FFF7FFF7FFF7FFF7FFF7FFF7FFF7FFF7FFF7FFF7FFF7FFF7FFF7FFF7FFF7F
310
FF7FFF7FFF7FFF7FFF7FFF7FFF7FFF7FFF7FFF7FFF7FFF7FFF7FFF7FFF7FFF7F
310
FF7FFF7FFF7FFF7FFF7FFF7FFF7FFF7FFF7FFF7FFF7FFF7FFF7FFF7FFF7FFF7F
310
FF7FFF7FFF7FFF7FFF7FFF7FFF7FFF7FFF7FFF7FFF7FFF7FFF7FFF7FFF7FFF7F
310
FF7FFF7FFF7FFF7FFF7FFF7FFF7FFF7FFF7FFF7FFF7FFF7FFF7FFF7FFF7FFF7F
310
FF7FFF7FFF7FFF7FFF7F0000FF7FFF7FFF7FFF7FFF7FFF7FFF7FFF7FFF7FFF7F
310
FF7FFF7FFF7FFF7FFF7FFF7FFF7FFF7FFF7FFF7FFF7FFF7F7A7BD47A4F72EB71
310
886D876D6769676D6769676D676DA96DEC6D7176F67ABC7FFF7FFF7FFF7FFF7F
310
FF7FFF7FFF7FFF7FFF7FFF7FFF7FFF7FFF7FFF7FFF7FFF7FFF7FFF7FFF7FFF7F
310
FF7FFF7FFF7FFF7FFF7FFF7FFF7FFF7FFF7FFF7FFF7FFF7FFF7FFF7FFF7FFF7F
310
FF7FFF7FFF7FFF7FFF7FFF7FFF7FFF7FFF7FFF7FFF7FFF7FFF7FFF7FFF7FFF7F
310
FF7FFF7FFF7FFF7FFF7FFF7FFF7FFF7FFF7FFF7FFF7FFF7FFF7FFF7FFF7FFF7F
310
FF7FFF7FFF7FFF7FFF7FFF7FFF7FFF7FFF7FFF7FFF7FFF7FFF7FFF7FFF7FFF7F
310
FF7FFF7FFF7FFF7FFF7FFF7FFF7FFF7FFF7FFF7FFF7FFF7FFF7FFF7FFF7FFF7F
310
FF7FFF7FFF7FFF7FFF7FFF7FFF7FFF7FFF7FFF7FFF7FFF7FFF7FFF7FFF7FFF7F
310
FF7FFF7FFF7FFF7FFF7FFF7FFF7FFF7FFF7FFF7FFF7FFF7FFF7FFF7FFF7FFF7F
310
FF7FFF7FFF7FFF7FFF7FFF7FFF7FFF7FFF7FFF7FFF7FFF7FFF7FFF7FFF7FFF7F
310
FF7FFF7FFF7FFF7FFF7FFF7FFF7FFF7FFF7FFF7FFF7FFF7FFF7FFF7FFF7FFF7F
310
FF7FFF7FFF7FFF7FFF7FFF7FFF7FFF7FFF7FFF7FFF7FFF7FFF7FFF7FFF7FFF7F
310
FF7FFF7FFF7FFF7FFF7FFF7FFF7FFF7FFF7FFF7FFF7FFF7FFF7FFF7FFF7FFF7F
310
FF7FFF7FFF7FFF7FFF7FFF7FFF7FFF7FFF7FFF7FFF7FFF7FFF7FFF7FFF7FFF7F
310
FF7FFF7FFF7FFF7FFF7FFF7FFF7FFF7FFF7FFF7FFF7FFF7FFF7FFF7FFF7FFF7F
310
FF7FFF7FFF7FFF7FFF7FFF7FFF7FFF7FFF7FFF7FFF7FFF7FFF7FFF7FFF7FFF7F
310
FF7FFF7FFF7FFF7FFF7FFF7FFF7FFF7FFF7FFF7FFF7FFF7FFF7FFF7FFF7FFF7F
310
FF7FFF7FFF7FFF7FFF7FFF7FFF7FFF7FFF7FFF7FFF7FFF7FFF7FFF7FFF7FFF7F
310
FF7FFF7FFF7FFF7FFF7FFF7FFF7FFF7FFF7FFF7FFF7F0000FF7FFF7FFF7FFF7F
310
FF7FFF7FFF7FFF7FFF7FFF7FFF7FFF7FFF7FFF7FFF7FFF7FFF7FFF7FFF7FFF7F
310
FF7FFF7FFF7FFF7FFF7FFF7FFF7FFF7FFF7FFF7FFF7FFF7FFF7FFF7FFF7FFF7F
310
FF7FFF7FFF7FFF7FFF7FFF7FFF7FFF7FFF7FFF7FFF7FFF7FFF7FFF7FFF7FFF7F
310
FF7FFF7FFF7FFF7FFF7FFF7FFF7FFF7FFF7FFF7FFF7FFF7FFF7FFF7FFF7FFF7F
310
FF7FFF7FFF7FFF7FFF7FFF7FFF7FFF7FFF7FFF7FFF7FFF7FFF7FFF7FFF7FFF7F
310
FF7FFF7FFF7FFF7FFF7FFF7FFF7FFF7FFF7FFF7FFF7FFF7FFF7FFF7FFF7FFF7F
310
FF7FFF7FFF7FFF7FFF7FFF7FFF7FFF7FFF7FFF7FFF7FFF7FFF7FFF7FFF7FFF7F
310
FF7FFF7FFF7FFF7FFF7FFF7FFF7FFF7FFF7FFF7FFF7FFF7FFF7FFF7FFF7FFF7F
310
FF7FFF7FFF7FFF7FFF7FFF7FFF7FFF7FFF7FFF7FFF7FFF7FFF7FFF7FFF7FFF7F
310
FF7FFF7FFF7FFF7FFF7FFF7FFF7FFF7FFF7FFF7FFF7FFF7FFF7FFF7FFF7FFF7F
310
FF7FFF7FFF7FFF7FFF7FFF7FFF7FFF7FFF7FFF7FFF7FFF7FFF7FFF7FFF7FFF7F
310
FF7FFF7FFF7FFF7FFF7FFF7FFF7FFF7FFF7FFF7FFF7FFF7FFF7FFF7FFF7FFF7F
310
FF7FFF7FFF7FFF7FFF7FFF7FFF7FFF7FFF7FFF7FFF7FFF7FFF7FFF7FFF7FFF7F
310
FF7FFF7FFF7FFF7FFF7FFF7FFF7FFF7FFF7FFF7FFF7FFF7FFF7FFF7FFF7FFF7F
310
FF7FFF7FFF7FFF7FFF7FFF7FFF7FFF7FFF7FFF7FFF7FFF7FFF7FFF7FFF7FFF7F
310
FF7FFF7FFF7FFF7FFF7FFF7FFF7FFF7FFF7FFF7FFF7FFF7FFF7FFF7FFF7FFF7F
310
FF7FFF7FFF7FFF7FFF7FFF7FFF7FFF7FFF7FFF7FFF7FFF7FFF7FFF7FFF7FFF7F
310
FF7FFF7FFF7FFF7FFF7FFF7FFF7FFF7FFF7FFF7FFF7FFF7FFF7FFF7FFF7FFF7F
310
FF7FFF7FFF7FFF7FFF7FFF7FFF7FFF7FFF7FFF7FFF7FFF7FFF7FFF7FFF7FFF7F
310
FF7FFF7FFF7FFF7FFF7FFF7FFF7FFF7FFF7FFF7FFF7FFF7FFF7FFF7FFF7FFF7F
310
FF7F0000FF7FFF7FFF7FFF7FFF7FFF7FFF7FFF7FFF7FFF7FFF7FFF7FFF7FFF7F
310
FF7FFF7FFF7FFF7FFF7FFF7FFF7FFF7FFF7FFF7FFF7FFF7FFF7FFF7FFF7FFF7F
310
FF7FFF7FFF7FFF7FFF7FFF7FFF7FFF7FFF7FFF7FFF7FFF7FFF7FFF7FFF7FFF7F
310
FF7FFF7FFF7FFF7FFF7FFF7FFF7FFF7FFF7FFF7FFF7FFF7FFF7FFF7FFF7FFF7F
310
FF7FFF7FFF7FFF7FFF7FFF7FFF7FFF7FFF7FFF7FFF7FFF7FFF7FFF7FFF7FFF7F
310
FF7FFF7FFF7FFF7FFF7FFF7FFF7FFF7FFF7FFF7FFF7FFF7FFF7FFF7FFF7FFF7F
310
FF7FFF7FFF7FFF7FFF7FFF7FFF7FFF7FFF7FFF7FFF7FFF7FFF7FFF7FFF7FFF7F
310
FF7FFF7FFF7FFF7FFF7FFF7FFF7FFF7FFF7FFF7FFF7FFF7FFF7FFF7FFF7FFF7F
310
FF7FFF7FFF7FFF7FFF7FFF7FFF7FFF7FFF7FFF7FFF7FFF7FFF7FFF7FFF7FFF7F
310
FF7FFF7FFF7FFF7FFF7FFF7FFF7FFF7FFF7FFF7FFF7FFF7FFF7FFF7FFF7FFF7F
310
FF7FFF7FFF7FFF7FFF7FFF7FFF7FFF7FFF7FFF7FFF7FFF7FFF7FFF7FFF7FFF7F
310
FF7FFF7FFF7FFF7FFF7FFF7FFF7FFF7FFF7FFF7FFF7FFF7FFF7FFF7FFF7FFF7F
310
FF7FFF7FFF7FFF7FFF7FFF7FFF7FFF7FFF7FFF7FFF7FFF7FFF7FFF7FFF7FFF7F
310
FF7FFF7FFF7FFF7FFF7FFF7FFF7FFF7FFF7FFF7FFF7FFF7FFF7FFF7FFF7FFF7F
310
FF7FFF7FFF7FFF7FFF7FFF7FFF7FFF7FFF7FFF7FFF7FFF7FFF7FFF7FFF7FFF7F
310
FF7FFF7FFF7FFF7FFF7FFF7FFF7FFF7FFF7FFF7FFF7FFF7FFF7FFF7FFF7FFF7F
310
FF7FFF7FFF7FFF7FFF7FFF7FFF7FFF7FFF7FFF7FFF7FFF7FFF7FFF7FFF7FFF7F
310
FF7FFF7FFF7FFF7FFF7FFF7FFF7FFF7FFF7FFF7FFF7FFF7FFF7FFF7FFF7FFF7F
310
FF7FFF7FFF7FFF7FFF7FFF7FFF7FFF7FFF7FFF7FFF7FFF7FFF7FFF7FFF7FFF7F
310
FF7FFF7FFF7FFF7FFF7FFF7FFF7FFF7FFF7FFF7FFF7FFF7FFF7FFF7FFF7FFF7F
310
FF7FFF7FFF7FFF7FFF7FFF7FFF7F0000FF7FFF7FFF7FFF7FFF7FFF7FFF7FFF7F
310
FF7FFF7FFF7FFF7FFF7FFF7FFF7FFF7FFF7FFF7FFF7FFF7FFF7FFF7FFF7FFF7F
310
FF7FFF7FFF7FFF7FFF7FFF7FFF7FFF7FFF7FFF7FFF7FFF7FFF7FFF7FFF7FFF7F
310
FF7FFF7FFF7FFF7FFF7FFF7FFF7FFF7FFF7FFF7FFF7FFF7FFF7FFF7FFF7FFF7F
310
FF7FFF7FFF7FFF7FFF7FFF7FFF7FFF7FFF7FFF7FFF7FFF7FFF7FFF7FFF7FFF7F
310
FF7FFF7FFF7FFF7FFF7FFF7FFF7FFF7FFF7FFF7FFF7FFF7FFF7FFF7FFF7FFF7F
310
FF7FFF7FFF7FFF7FFF7FFF7FFF7FFF7FFF7FFF7FFF7FFF7FFF7FFF7FFF7FFF7F
310
FF7FFF7FFF7FFF7FFF7FFF7FFF7FFF7FFF7FFF7FFF7FFF7FFF7FFF7FFF7FFF7F
310
FF7FFF7FFF7FFF7FFF7FFF7FFF7FFF7FFF7FFF7FFF7FFF7FFF7FFF7FFF7FFF7F
310
FF7FFF7FFF7FFF7FFF7FFF7FFF7FFF7FFF7FFF7FFF7FFF7FFF7FFF7FFF7FFF7F
310
FF7FFF7FFF7FFF7FFF7FFF7FFF7FFF7FFF7FFF7FFF7FFF7FFF7FFF7FFF7FFF7F
310
FF7FFF7FFF7FFF7FFF7FFF7FFF7FFF7FFF7FFF7FFF7FFF7FFF7FFF7FFF7FFF7F
310
FF7FFF7FFF7FFF7FFF7FFF7FFF7FFF7FFF7FFF7FFF7FFF7FFF7FFF7FFF7FFF7F
310
FF7FFF7FFF7FFF7FFF7FFF7FFF7FFF7FFF7FFF7FFF7FFF7FFF7FFF7FFF7FFF7F
310
FF7FFF7FFF7FFF7FFF7FFF7FFF7FFF7FFF7FFF7FFF7FFF7FFF7FFF7FFF7FFF7F
310
FF7FFF7FFF7FFF7FFF7FFF7FFF7FFF7FFF7FFF7FFF7FFF7FFF7FFF7FFF7FFF7F
310
FF7FFF7FFF7FFF7FFF7FFF7FFF7FFF7FFF7FFF7FFF7FFF7FFF7FFF7FFF7FFF7F
310
FF7FFF7FFF7FFF7FFF7FFF7FFF7FFF7FFF7FFF7FFF7FFF7FFF7FFF7FFF7FFF7F
310
FF7FFF7FFF7FFF7FFF7FFF7FFF7FFF7FFF7FFF7FFF7FFF7FFF7FFF7FFF7FFF7F
310
FF7FFF7FFF7FFF7FFF7FFF7FFF7FFF7FFF7FFF7FFF7FFF7FFF7FFF7FFF7FFF7F
310
FF7FFF7FFF7FFF7FFF7FFF7FFF7FFF7FFF7FFF7FFF7FFF7FFF7F0000FF7FFF7F
310
FF7FFF7FFF7FFF7FFF7FFF7FFF7FFF7FFF7FFF7FFF7FFF7FFF7FFF7FFF7FFF7F
310
FF7FFF7FFF7FFF7FFF7FFF7FFF7FFF7FFF7FFF7FFF7FFF7FFF7FFF7FFF7FFF7F
310
FF7FFF7FFF7FFF7FFF7FFF7FFF7FFF7FFF7FFF7FFF7FFF7FFF7FFF7FFF7FFF7F
310
FF7FFF7FFF7FFF7FFF7FFF7FFF7FFF7FFF7FFF7FFF7FFF7FFF7FFF7FFF7FFF7F
310
FF7FFF7FFF7FFF7FFF7FFF7FFF7FFF7FFF7FFF7FFF7FFF7FFF7FFF7FFF7FFF7F
310
FF7FFF7FFF7FFF7FFF7FFF7FFF7FFF7FFF7FFF7FFF7FFF7FFF7FFF7FFF7FFF7F
310
FF7FFF7FFF7FFF7FFF7FFF7FFF7FFF7FFF7FFF7FFF7FFF7FFF7FFF7FFF7FFF7F
310
FF7FFF7FFF7FFF7FFF7FFF7FFF7FFF7FFF7FFF7FFF7FFF7FFF7FFF7FFF7FFF7F
310
FF7FFF7FFF7FFF7FFF7FFF7FFF7FFF7FFF7FFF7FFF7FFF7FFF7FFF7FFF7FFF7F
310
FF7FFF7FFF7FFF7FFF7FFF7FFF7FFF7FFF7FFF7FFF7FFF7FFF7FFF7FFF7FFF7F
310
FF7FFF7FFF7FFF7FFF7FFF7FFF7FFF7FFF7FFF7FFF7FFF7FFF7FFF7FFF7FFF7F
310
FF7FFF7FFF7FFF7FFF7FFF7FFF7FFF7FFF7FFF7FFF7FFF7FFF7FFF7FFF7FFF7F
310
FF7FFF7FFF7FFF7FFF7FFF7FFF7FFF7FFF7FFF7FFF7FFF7FFF7FFF7FFF7FFF7F
310
FF7FFF7FFF7FFF7FFF7FFF7FFF7FFF7FFF7FFF7FFF7FFF7FFF7FFF7FFF7FFF7F
310
FF7FFF7FFF7FFF7FFF7FFF7FFF7FFF7FFF7FFF7FFF7FFF7FFF7FFF7FFF7FFF7F
310
FF7FFF7FFF7FFF7FFF7FFF7FFF7FFF7FFF7FFF7FFF7FFF7FFF7FFF7FFF7FFF7F
310
FF7FFF7FFF7FFF7FFF7FFF7FFF7FFF7FFF7FFF7FFF7FFF7FFF7FFF7FFF7FFF7F
310
FF7FFF7FFF7FFF7FFF7FFF7FFF7FFF7FFF7FFF7FFF7FFF7FFF7FFF7FFF7FFF7F
310
FF7FFF7FFF7FFF7FFF7FFF7FFF7FFF7FFF7FFF7FFF7FFF7FFF7FFF7FFF7FFF7F
310
FF7FFF7FFF7FFF7FFF7FFF7FFF7FFF7FFF7FFF7FFF7FFF7FFF7FFF7FFF7FFF7F
310
FF7FFF7FFF7F0000FF7FFF7FFF7FFF7FFF7FFF7FFF7FFF7FFF7FFF7FFF7FFF7F
310
FF7FFF7FFF7FFF7FFF7FFF7FFF7FFF7FFF7FFF7FFF7FFF7FFF7FFF7FFF7FFF7F
310
FF7FFF7FFF7FFF7FFF7FFF7FFF7FFF7FFF7FFF7FFF7FFF7FFF7FFF7FFF7FFF7F
310
FF7FFF7FFF7FFF7FFF7FFF7FFF7FFF7FFF7FFF7FFF7FFF7FFF7FFF7FFF7FFF7F
310
FF7FFF7FFF7FFF7FFF7FFF7FFF7FFF7FFF7FFF7FFF7FFF7FFF7FFF7FFF7FFF7F
310
FF7FFF7FFF7FFF7FFF7FFF7FFF7FFF7FFF7FFF7FFF7FFF7FFF7FFF7FFF7FFF7F
310
FF7FFF7FFF7FFF7FFF7FFF7FFF7FFF7FFF7FFF7FFF7FFF7FFF7FFF7FFF7FFF7F
310
FF7FFF7FFF7FFF7FFF7FFF7FFF7FFF7FFF7FFF7FFF7FFF7FFF7FFF7FFF7FFF7F
310
FF7FFF7FFF7FFF7FFF7FFF7FFF7FFF7FFF7FFF7FFF7FFF7FFF7FFF7FFF7FFF7F
310
FF7FFF7FFF7FFF7FFF7FFF7FFF7FFF7FFF7FFF7FFF7FFF7FFF7FFF7FFF7FFF7F
310
FF7FFF7FFF7FFF7FFF7FFF7FFF7FFF7FFF7FFF7FFF7FFF7FFF7FFF7FFF7FFF7F
310
FF7FFF7FFF7FFF7FFF7FFF7FFF7FFF7FFF7FFF7FFF7FFF7FFF7FFF7FFF7FFF7F
310
FF7FFF7FFF7FFF7FFF7FFF7FFF7FFF7FFF7FFF7FFF7FFF7FFF7FFF7FFF7FFF7F
310
FF7FFF7FFF7FFF7FFF7FFF7FFF7FFF7FFF7FFF7FFF7FFF7FFF7FFF7FFF7FFF7F
310
FF7FFF7FFF7FFF7FFF7FFF7FFF7FFF7FFF7FFF7FFF7FFF7FFF7FFF7FFF7FFF7F
310
FF7FFF7FFF7FFF7FFF7FFF7FFF7FFF7FFF7FFF7FFF7FFF7FFF7FFF7FFF7FFF7F
310
FF7FFF7FFF7FFF7FFF7FFF7FFF7FFF7FFF7FFF7FFF7FFF7FFF7FFF7FFF7FFF7F
310
FF7FFF7FFF7FFF7FFF7FFF7FFF7FFF7FFF7FFF7FFF7FFF7FFF7FFF7FFF7FFF7F
310
FF7FFF7FFF7FFF7FFF7FFF7FFF7FFF7FFF7FFF7FFF7FFF7FFF7FFF7FFF7FFF7F
310
FF7FFF7FFF7FFF7FFF7FFF7FFF7FFF7FFF7FFF7FFF7FFF7FFF7FFF7FFF7FFF7F
310
FF7FFF7FFF7FFF7FFF7FFF7FFF7FFF7FFF7F0000FF7FFF7FFF7FFF7FFF7FFF7F
310
FF7FFF7FFF7FFF7FFF7FFF7FFF7FFF7FFF7FFF7FFF7FFF7FFF7FFF7FFF7FFF7F
310
FF7FFF7FFF7FFF7FFF7FFF7FFF7FFF7FFF7FFF7FFF7FFF7FFF7FFF7FFF7FFF7F
310
FF7FFF7FFF7FFF7FFF7FFF7FFF7FFF7FFF7FFF7FFF7FFF7FFF7FFF7FFF7FFF7F
310
FF7FFF7FFF7FFF7FFF7FFF7FFF7FFF7FFF7FFF7FFF7FFF7FFF7FFF7FFF7FFF7F
310
FF7FFF7FFF7FFF7FFF7FFF7FFF7FFF7FFF7FFF7FFF7FFF7FFF7FFF7FFF7FFF7F
310
FF7FFF7FFF7FFF7FFF7FFF7FFF7FFF7FFF7FFF7FFF7FFF7FFF7FFF7FFF7FFF7F
310
FF7FFF7FFF7FFF7FFF7FFF7FFF7FFF7FFF7FFF7FFF7FFF7FFF7FFF7FFF7FFF7F
310
FF7FFF7FFF7FFF7FFF7FFF7FFF7FFF7FFF7FFF7FFF7FFF7FFF7FFF7FFF7FFF7F
310
FF7FFF7FFF7FFF7FFF7FFF7FFF7FFF7FFF7FFF7FFF7FFF7FFF7FFF7FFF7FFF7F
310
FF7FFF7FFF7FFF7FFF7FFF7FFF7FFF7FFF7FFF7FFF7FFF7FFF7FFF7FFF7FFF7F
310
FF7FFF7FFF7FFF7FFF7FFF7FFF7FFF7FFF7FFF7FFF7FFF7FFF7FFF7FFF7FFF7F
310
FF7FFF7FFF7FFF7FFF7FFF7FFF7FFF7FFF7FFF7FFF7FFF7FFF7FFF7FFF7FFF7F
310
FF7FFF7FFF7FFF7FFF7FFF7FFF7FFF7FFF7FFF7FFF7FFF7FFF7FFF7FFF7FFF7F
310
FF7FFF7FFF7FFF7FFF7FFF7FFF7FFF7FFF7FFF7FFF7FFF7FFF7FFF7FFF7FFF7F
310
FF7FFF7FFF7FFF7FFF7FFF7FFF7FFF7FFF7FFF7FFF7FFF7FFF7FFF7FFF7FFF7F
310
FF7FFF7FFF7FFF7FFF7FFF7FFF7FFF7FFF7FFF7FFF7FFF7FFF7FFF7FFF7FFF7F
310
FF7FFF7FFF7FFF7FFF7FFF7FFF7FFF7FFF7FFF7FFF7FFF7FFF7FFF7FFF7FFF7F
310
FF7FFF7FFF7FFF7FFF7FFF7FFF7FFF7FFF7FFF7FFF7FFF7FFF7FFF7FFF7FFF7F
310
FF7FFF7FFF7FFF7FFF7FFF7FFF7FFF7FFF7FFF7FFF7FFF7FFF7FFF7FFF7FFF7F
310
FF7FFF7FFF7FFF7FFF7FFF7FFF7FFF7FFF7FFF7FFF7FFF7FFF7FFF7FFF7F0000
310
FF7FFF7FFF7FFF7FFF7FFF7FFF7FFF7FFF7FFF7FFF7FFF7FFF7FFF7FFF7FFF7F
310
FF7FFF7FFF7FFF7FFF7FFF7FFF7FFF7FFF7FFF7FFF7FFF7FFF7FFF7FFF7FFF7F
310
FF7FFF7FFF7FFF7FFF7FFF7FFF7FFF7FFF7FFF7FFF7FFF7FFF7FFF7FFF7FFF7F
310
FF7FFF7FFF7FFF7FFF7FFF7FFF7FFF7FFF7FFF7FFF7FFF7FFF7FFF7FFF7FFF7F
310
FF7FFF7FFF7FFF7FFF7FFF7FFF7FFF7FFF7FFF7FFF7FFF7FFF7FFF7FFF7FFF7F
310
FF7FFF7FFF7FFF7FFF7FFF7FFF7FFF7FFF7FFF7FFF7FFF7FFF7FFF7FFF7FFF7F
310
FF7FFF7FFF7FFF7FFF7FFF7FFF7FFF7FFF7FFF7FFF7FFF7FFF7FFF7FFF7FFF7F
310
FF7FFF7FFF7FFF7FFF7FFF7FFF7FFF7FFF7FFF7FFF7FFF7FFF7FFF7FFF7FFF7F
310
FF7FFF7FFF7FFF7FFF7FFF7FFF7FFF7FFF7FFF7FFF7FFF7FFF7FFF7FFF7FFF7F
310
FF7FFF7FFF7FFF7FFF7FFF7FFF7FFF7FFF7FFF7FFF7FFF7FFF7FFF7FFF7FFF7F
310
FF7FFF7FFF7FFF7FFF7FFF7FFF7FFF7FFF7FFF7FFF7FFF7FFF7FFF7FFF7FFF7F
310
FF7FFF7FFF7FFF7FFF7FFF7FFF7FFF7FFF7FFF7FFF7FFF7FFF7FFF7FFF7FFF7F
310
FF7FFF7FFF7FFF7FFF7FFF7FFF7FFF7FFF7FFF7FFF7FFF7FFF7FFF7FFF7FFF7F
310
FF7FFF7FFF7FFF7FFF7FFF7FFF7FFF7FFF7FFF7FFF7FFF7FFF7FFF7FFF7FFF7F
310
FF7FFF7FFF7FFF7FFF7FFF7FFF7FFF7FFF7FFF7FFF7FFF7FFF7FFF7FFF7FFF7F
310
FF7FFF7FFF7FFF7FFF7FFF7FFF7FFF7FFF7FFF7FFF7FFF7FFF7FFF7FFF7FFF7F
310
FF7FFF7FFF7FFF7FFF7FFF7FFF7FFF7FFF7FFF7FFF7FFF7FFF7FFF7FFF7FFF7F
310
FF7FFF7FFF7FFF7FFF7FFF7FFF7FFF7FFF7FFF7FFF7FFF7FFF7FFF7FFF7FFF7F
310
FF7FFF7FFF7FFF7FFF7FFF7FFF7FFF7FFF7FFF7FFF7FFF7FFF7FFF7FFF7FFF7F
310
FF7FFF7FFF7FFF7FFF7FFF7FFF7FFF7FFF7FFF7FFF7FFF7FFF7FFF7FFF7FFF7F
310
FF7FFF7FFF7FFF7FFF7F0000FF7FFF7FFF7FFF7FFF7FFF7FFF7FFF7FFF7FFF7F
310
FF7FFF7FFF7FFF7FFF7FFF7FFF7FFF7FFF7FFF7FFF7FFF7FFF7FFF7FFF7FFF7F
310
FF7FFF7FFF7FFF7FFF7FFF7FFF7FFF7FFF7FFF7FFF7FFF7FFF7FFF7FFF7FFF7F
310
FF7FFF7FFF7FFF7FFF7FFF7FFF7FFF7FFF7FFF7FFF7FFF7FFF7FFF7FFF7FFF7F
310
FF7FFF7FFF7FFF7FFF7FFF7FFF7FFF7FFF7FFF7FFF7FFF7FFF7FFF7FFF7FFF7F
310
FF7FFF7FFF7FFF7FFF7FFF7FFF7FFF7FFF7FFF7FFF7FFF7FFF7FFF7FFF7FFF7F
310
FF7FFF7FFF7FFF7FFF7FFF7FFF7FFF7FFF7FFF7FFF7FFF7FFF7FFF7FFF7FFF7F
310
FF7FFF7FFF7FFF7FFF7FFF7FFF7FFF7FFF7FFF7FFF7FFF7FFF7FFF7FFF7FFF7F
310
FF7FFF7FFF7FFF7FFF7FFF7FFF7FFF7FFF7FFF7FFF7FFF7FFF7FFF7FFF7FFF7F
310
FF7FFF7FFF7FFF7FFF7FFF7FFF7FFF7FFF7FFF7FFF7FFF7FFF7FFF7FFF7FFF7F
310
FF7FFF7FFF7FFF7FFF7FFF7FFF7FFF7FFF7FFF7FFF7FFF7FFF7FFF7FFF7FFF7F
310
FF7FFF7FFF7FFF7FFF7FFF7FFF7FFF7FFF7FFF7FFF7FFF7FFF7FFF7FFF7FFF7F
310
FF7FFF7FFF7FFF7FFF7FFF7FFF7FFF7FFF7FFF7FFF7FFF7FFF7FFF7FFF7FFF7F
310
FF7FFF7FFF7FFF7FFF7FFF7FFF7FFF7FFF7FFF7FFF7FFF7FFF7FFF7FFF7FFF7F
310
FF7FFF7FFF7FFF7FFF7FFF7FFF7FFF7FFF7FFF7FFF7FFF7FFF7FFF7FFF7FFF7F
310
FF7FFF7FFF7FFF7FFF7FFF7FFF7FFF7FFF7FFF7FFF7FFF7FFF7FFF7FFF7FFF7F
310
FF7FFF7FFF7FFF7FFF7FFF7FFF7FFF7FFF7FFF7FFF7FFF7FFF7FFF7FFF7FFF7F
310
FF7FFF7FFF7FFF7FFF7FFF7FFF7FFF7FFF7FFF7FFF7FFF7FFF7FFF7FFF7FFF7F
310
FF7FFF7FFF7FFF7FFF7FFF7FFF7FFF7FFF7FFF7FFF7FFF7FFF7FFF7FFF7FFF7F
310
FF7FFF7FFF7FFF7FFF7FFF7FFF7FFF7FFF7FFF7FFF7FFF7FFF7FFF7FFF7FFF7F
310
FF7FFF7FFF7FFF7FFF7FFF7FFF7FFF7FFF7FFF7FFF7F0000FF7FFF7FFF7FFF7F
310
FF7FFF7FFF7FFF7FFF7FFF7FFF7FFF7FFF7FFF7FFF7FFF7FFF7FFF7FFF7FFF7F
310
FF7FFF7FFF7FFF7FFF7FFF7FFF7FFF7FFF7FFF7FFF7FFF7FFF7FFF7FFF7FFF7F
310
FF7FFF7FFF7FFF7FFF7FFF7FFF7FFF7FFF7FFF7FFF7FFF7FFF7FFF7FFF7FFF7F
310
FF7FFF7FFF7FFF7FFF7FFF7FFF7FFF7FFF7FFF7FFF7FFF7FFF7FFF7FFF7FFF7F
310
FF7FFF7FFF7FFF7FFF7FFF7FFF7FFF7FFF7FFF7FFF7FFF7FFF7FFF7FFF7FFF7F
310
FF7FFF7FFF7FFF7FFF7FFF7FFF7FFF7FFF7FFF7FFF7FFF7FFF7FFF7FFF7FFF7F
310
FF7FFF7FFF7FFF7FFF7FFF7FFF7FFF7FFF7FFF7FFF7FFF7FFF7FFF7FFF7FFF7F
310
FF7FFF7FFF7FFF7FFF7FFF7FFF7FFF7FFF7FFF7FFF7FFF7FFF7FFF7FFF7FFF7F
310
FF7FFF7FFF7FFF7FFF7FFF7FFF7FFF7FFF7FFF7FFF7FFF7FFF7FFF7FFF7FFF7F
310
FF7FFF7FFF7FFF7FFF7FFF7FFF7FFF7FFF7FFF7FFF7FFF7FFF7FFF7FFF7FFF7F
310
FF7FFF7FFF7FFF7FFF7FFF7FFF7FFF7FFF7FFF7FFF7FFF7FFF7FFF7FFF7FFF7F
310
FF7FFF7FFF7FFF7FFF7FFF7FFF7FFF7FFF7FFF7FFF7FFF7FFF7FFF7FFF7FFF7F
310
FF7FFF7FFF7FFF7FFF7FFF7FFF7FFF7FFF7FFF7FFF7FFF7FFF7FFF7FFF7FFF7F
310
FF7FFF7FFF7FFF7FFF7FFF7FFF7FFF7FFF7FFF7FFF7FFF7FFF7FFF7FFF7FFF7F
310
FF7FFF7FFF7FFF7FFF7FFF7FFF7FFF7FFF7FFF7FFF7FFF7FFF7FFF7FFF7FFF7F
310
FF7FFF7FFF7FFF7FFF7FFF7FFF7FFF7FFF7FFF7FFF7FFF7FFF7FFF7FFF7FFF7F
310
FF7FFF7FFF7FFF7FFF7FFF7FFF7FFF7FFF7FFF7FFF7FFF7FFF7FFF7FFF7FFF7F
310
FF7FFF7FFF7FFF7FFF7FFF7FFF7FFF7FFF7FFF7FFF7FFF7FFF7FFF7FFF7FFF7F
310
FF7FFF7FFF7FFF7FFF7FFF7FFF7FFF7FFF7FFF7FFF7FFF7FFF7FFF7FFF7FFF7F
310
FF7FFF7FFF7FFF7FFF7FFF7FFF7FFF7FFF7FFF7FFF7FFF7FFF7FFF7FFF7FFF7F
310
FF7F0000FF7FFF7FFF7FFF7FFF7FFF7FFF7FFF7FFF7FFF7FFF7FFF7FFF7FFF7F
310
FF7FFF7FFF7FFF7FFF7FFF7FFF7FFF7FFF7FFF7FFF7FFF7FFF7FFF7FFF7FFF7F
310
FF7FFF7FFF7FFF7FFF7FFF7FFF7FFF7FFF7FFF7FFF7FFF7FFF7FFF7FFF7FFF7F
310
FF7FFF7FFF7FFF7FFF7FFF7FFF7FFF7FFF7FFF7FFF7FFF7FFF7FFF7FFF7FFF7F
310
FF7FFF7FFF7FFF7FFF7FFF7FFF7FFF7FFF7FFF7FFF7FFF7FFF7FFF7FFF7FFF7F
310
FF7FFF7FFF7FFF7FFF7FFF7FFF7FFF7FFF7FFF7FFF7FFF7FFF7FFF7FFF7FFF7F
310
FF7FFF7FFF7FFF7FFF7FFF7FFF7FFF7FFF7FFF7FFF7FFF7FFF7FFF7FFF7FFF7F
310
FF7FFF7FFF7FFF7FFF7FFF7FFF7FFF7FFF7FFF7FFF7FFF7FFF7FFF7FFF7FFF7F
310
FF7FFF7FFF7FFF7FFF7FFF7FFF7FFF7FFF7FFF7FFF7FFF7FFF7FFF7FFF7FFF7F
310
FF7FFF7FFF7FFF7FFF7FFF7FFF7FFF7FFF7FFF7FFF7FFF7FFF7FFF7FFF7FFF7F
310
FF7FFF7FFF7FFF7FFF7FFF7FFF7FFF7FFF7FFF7FFF7FFF7FFF7FFF7FFF7FFF7F
310
FF7FFF7FFF7FFF7FFF7FFF7FFF7FFF7FFF7FFF7FFF7FFF7FFF7FFF7FFF7FFF7F
310
FF7FFF7FFF7FFF7FFF7FFF7FFF7FFF7FFF7FFF7FFF7FFF7FFF7FFF7FFF7FFF7F
310
FF7FFF7FFF7FFF7FFF7FFF7FFF7FFF7FFF7FFF7FFF7FFF7FFF7FFF7FFF7FFF7F
310
FF7FFF7FFF7FFF7FFF7FFF7FFF7FFF7FFF7FFF7FFF7FFF7FFF7FFF7FFF7FFF7F
310
FF7FFF7FFF7FFF7FFF7FFF7FFF7FFF7FFF7FFF7FFF7FFF7FFF7FFF7FFF7FFF7F
310
FF7FFF7FFF7FFF7FFF7FFF7FFF7FFF7FFF7FFF7FFF7FFF7FFF7FFF7FFF7FFF7F
310
FF7FFF7FFF7FFF7FFF7FFF7FFF7FFF7FFF7FFF7FFF7FFF7FFF7FFF7FFF7FFF7F
310
FF7FFF7FFF7FFF7FFF7FFF7FFF7FFF7FFF7FFF7FFF7FFF7FFF7FFF7FFF7FFF7F
310
FF7FFF7FFF7FFF7FFF7FFF7FFF7FFF7FFF7FFF7FFF7FFF7FFF7FFF7FFF7FFF7F
310
FF7FFF7FFF7FFF7FFF7FFF7FFF7F0000FF7FFF7FFF7FFF7FFF7FFF7FFF7FFF7F
310
FF7FFF7FFF7FFF7FFF7FFF7FFF7FFF7FFF7FFF7FFF7FFF7FFF7FFF7FFF7FFF7F
310
FF7FFF7FFF7FFF7FFF7FFF7FFF7FFF7FFF7FFF7FFF7FFF7FFF7FFF7FFF7FFF7F
310
FF7FFF7FFF7FFF7FFF7FFF7FFF7FFF7FFF7FFF7FFF7FFF7FFF7FFF7FFF7FFF7F
310
FF7FFF7FFF7FFF7FFF7FFF7FFF7FFF7FFF7FFF7FFF7FFF7FFF7FFF7FFF7FFF7F
310
FF7FFF7FFF7FFF7FFF7FFF7FFF7FFF7FFF7FFF7FFF7FFF7FFF7FFF7FFF7FFF7F
310
FF7FFF7FFF7FFF7FFF7FFF7FFF7FFF7FFF7FFF7FFF7FFF7FFF7FFF7FFF7FFF7F
310
FF7FFF7FFF7FFF7FFF7FFF7FFF7FFF7FFF7FFF7FFF7FFF7FFF7FFF7FFF7FFF7F
310
FF7FFF7FFF7FFF7FFF7FFF7FFF7FFF7FFF7FFF7FFF7FFF7FFF7FFF7FFF7FFF7F
310
FF7FFF7FFF7FFF7FFF7FFF7FFF7FFF7FFF7FFF7FFF7FFF7FFF7FFF7FFF7FFF7F
310
FF7FFF7FFF7FFF7FFF7FFF7FFF7FFF7FFF7FFF7FFF7FFF7FFF7FFF7FFF7FFF7F
310
FF7FFF7FFF7FFF7FFF7FFF7FFF7FFF7FFF7FFF7FFF7FFF7FFF7FFF7FFF7FFF7F
310
FF7FFF7FFF7FFF7FFF7FFF7FFF7FFF7FFF7FFF7FFF7FFF7FFF7FFF7FFF7FFF7F
310
FF7FFF7FFF7FFF7FFF7FFF7FFF7FFF7FFF7FFF7FFF7FFF7FFF7FFF7FFF7FFF7F
310
FF7FFF7FFF7FFF7FFF7FFF7FFF7FFF7FFF7FFF7FFF7FFF7FFF7FFF7FFF7FFF7F
310
FF7FFF7FFF7FFF7FFF7FFF7FFF7FFF7FFF7FFF7FFF7FFF7FFF7FFF7FFF7FFF7F
310
FF7FFF7FFF7FFF7FFF7FFF7FFF7FFF7FFF7FFF7FFF7FFF7FFF7FFF7FFF7FFF7F
310
FF7FFF7FFF7FFF7FFF7FFF7FFF7FFF7FFF7FFF7FFF7FFF7FFF7FFF7FFF7FFF7F
310
FF7FFF7FFF7FFF7FFF7FFF7FFF7FFF7FFF7FFF7FFF7FFF7FFF7FFF7FFF7FFF7F
310
FF7FFF7FFF7FFF7FFF7FFF7FFF7FFF7FFF7FFF7FFF7FFF7FFF7FFF7FFF7FFF7F
310
FF7FFF7FFF7FFF7FFF7FFF7FFF7FFF7FFF7FFF7FFF7FFF7FFF7F0000FF7FFF7F
310
FF7FFF7FFF7FFF7FFF7FFF7FFF7FFF7FFF7FFF7FFF7FFF7FFF7FFF7FFF7FFF7F
310
FF7FFF7FFF7FFF7FFF7FFF7FFF7FFF7FFF7FFF7FFF7FFF7FFF7FFF7FFF7FFF7F
310
FF7FFF7FFF7FFF7FFF7FFF7FFF7FFF7FFF7FFF7FFF7FFF7FFF7FFF7FFF7FFF7F
310
FF7FFF7FFF7FFF7FFF7FFF7FFF7FFF7FFF7FFF7FFF7FFF7FFF7FFF7FFF7FFF7F
310
FF7FFF7FFF7FFF7FFF7FFF7FFF7FFF7FFF7FFF7FFF7FFF7FFF7FFF7FFF7FFF7F
310
FF7FFF7FFF7FFF7FFF7FFF7FFF7FFF7FFF7FFF7FFF7FFF7FFF7FFF7FFF7FFF7F
310
FF7FFF7FFF7FFF7FFF7FFF7FFF7FFF7FFF7FFF7FFF7FFF7FFF7FFF7FFF7FFF7F
310
FF7FFF7FFF7FFF7FFF7FFF7FFF7FFF7FFF7FFF7FFF7FFF7FFF7FFF7FFF7FFF7F
310
FF7FFF7FFF7FFF7FFF7FFF7FFF7FFF7FFF7FFF7FFF7FFF7FFF7FFF7FFF7FFF7F
310
FF7FFF7FFF7FFF7FFF7FFF7FFF7FFF7FFF7FFF7FFF7FFF7FFF7FFF7FFF7FFF7F
310
FF7FFF7FFF7FFF7FFF7FFF7FFF7FFF7FFF7FFF7FFF7FFF7FFF7FFF7FFF7FFF7F
310
FF7FFF7FFF7FFF7FFF7FFF7FFF7FFF7FFF7FFF7FFF7FFF7FFF7FFF7FFF7FFF7F
310
FF7FFF7FFF7FFF7FFF7FFF7FFF7FFF7FFF7FFF7FFF7FFF7FFF7FFF7FFF7FFF7F
310
FF7FFF7FFF7FFF7FFF7FFF7FFF7FFF7FFF7FFF7FFF7FFF7FFF7FFF7FFF7FFF7F
310
FF7FFF7FFF7FFF7FFF7FFF7FFF7FFF7FFF7FFF7FFF7FFF7FFF7FFF7FFF7FFF7F
310
FF7FFF7FFF7FFF7FFF7FFF7FFF7FFF7FFF7FFF7FFF7FFF7FFF7FFF7FFF7FFF7F
310
FF7FFF7FFF7FFF7FFF7FFF7FFF7FFF7FFF7FFF7FFF7FFF7FFF7FFF7FFF7FFF7F
310
FF7FFF7FFF7FFF7FFF7FFF7FFF7FFF7FFF7FFF7FFF7FFF7FFF7FFF7FFF7FFF7F
310
FF7FFF7FFF7FFF7FFF7FFF7FFF7FFF7FFF7FFF7FFF7FFF7FFF7FFF7FFF7FFF7F
310
FF7FFF7FFF7FFF7FFF7FFF7FFF7FFF7FFF7FFF7FFF7FFF7FFF7FFF7FFF7FFF7F
310
FF7FFF7FFF7F0000FF7FFF7FFF7FFF7FFF7FFF7FFF7FFF7FFF7FFF7FFF7FFF7F
310
FF7FFF7FFF7FFF7FFF7FFF7FFF7FFF7FFF7FFF7FFF7FFF7FFF7FFF7FFF7FFF7F
310
FF7FFF7FFF7FFF7FFF7FFF7FFF7FFF7FFF7FFF7FFF7FFF7FFF7FFF7FFF7FFF7F
310
FF7FFF7FFF7FFF7FFF7FFF7FFF7FFF7FFF7FFF7FFF7FFF7FFF7FFF7FFF7FFF7F
310
FF7FFF7FFF7FFF7FFF7FFF7FFF7FFF7FFF7FFF7FFF7FFF7FFF7FFF7FFF7FFF7F
310
FF7FFF7FFF7FFF7FFF7FFF7FFF7FFF7FFF7FFF7FFF7FFF7FFF7FFF7FFF7FFF7F
310
FF7FFF7FFF7FFF7FFF7FFF7FFF7FFF7FFF7FFF7FFF7FFF7FFF7FFF7FFF7FFF7F
310
FF7FFF7FFF7FFF7FFF7FFF7FFF7FFF7FFF7FFF7FFF7FFF7FFF7FFF7FFF7FFF7F
310
FF7FFF7FFF7FFF7FFF7FFF7FFF7FFF7FFF7FFF7FFF7FFF7FFF7FFF7FFF7FFF7F
310
FF7FFF7FFF7FFF7FFF7FFF7FFF7FFF7FFF7FFF7FFF7FFF7FFF7FFF7FFF7FFF7F
310
FF7FFF7FFF7FFF7FFF7FFF7FFF7FFF7FFF7FFF7FFF7FFF7FFF7FFF7FFF7FFF7F
310
FF7FFF7FFF7FFF7FFF7FFF7FFF7FFF7FFF7FFF7FFF7FFF7FFF7FFF7FFF7FFF7F
310
FF7FFF7FFF7FFF7FFF7FFF7FFF7FFF7FFF7FFF7FFF7FFF7FFF7FFF7FFF7FFF7F
310
FF7FFF7FFF7FFF7FFF7FFF7FFF7FFF7FFF7FFF7FFF7FFF7FFF7FFF7FFF7FFF7F
310
FF7FFF7FFF7FFF7FFF7FFF7FFF7FFF7FFF7FFF7FFF7FFF7FFF7FFF7FFF7FFF7F
310
FF7FFF7FFF7FFF7FFF7FFF7FFF7FFF7FFF7FFF7FFF7FFF7FFF7FFF7FFF7FFF7F
310
FF7FFF7FFF7FFF7FFF7FFF7FFF7FFF7FFF7FFF7FFF7FFF7FFF7FFF7FFF7FFF7F
310
FF7FFF7FFF7FFF7FFF7FFF7FFF7FFF7FFF7FFF7FFF7FFF7FFF7FFF7FFF7FFF7F
310
FF7FFF7FFF7FFF7FFF7FFF7FFF7FFF7FFF7FFF7FFF7FFF7FFF7FFF7FFF7FFF7F
310
FF7FFF7FFF7FFF7FFF7FFF7FFF7FFF7FFF7FFF7FFF7FFF7FFF7FFF7FFF7FFF7F
310
FF7FFF7FFF7FFF7FFF7FFF7FFF7FFF7FFF7F0000220000000C000000FFFFFFFF
310
46000000980000008C000000454D462B244000000C000000000000002A400000
310
24000000180000000000803F00000000000000000000803F0000000000000000
310
2A40000024000000180000000000803F00000000000000000000803F00000000
310
000000002640000010000000040000000000000008400204180000000C000000
310
0210C0DB0000000003000010344002000C000000000000004C00000064000000
310
0000000000000000440100004F00000000000000000000004501000050000000
310
2900AA0000000000000000000000803F00000000000000000000803F00000000
310
0000000000000000000000000000000000000000000000000000000022000000
310
0C000000FFFFFFFF460000001C00000010000000454D462B024000000C000000
310
000000000E000000140000000000000010000000140000000000000000000000
310
0000000000000000000000000000000000000000000000000000000000000000
310
02004F006C006500500072006500730030003000300000000000000000000000
310
0000000000000000000000000000000000000000000000000000000000000000
310
18000200FFFFFFFFFFFFFFFFFFFFFFFF00000000000000000000000000000000
310
0000000000000000000000000000000000000000800000000623020000000000
310
0000000000000000000000000000000000000000000000000000000000000000
310
0000000000000000000000000000000000000000000000000000000000000000
310
00000000FFFFFFFFFFFFFFFFFFFFFFFF00000000000000000000000000000000
310
0000000000000000000000000000000000000000000000000000000000000000
310
0000000000000000000000000000000000000000000000000000000000000000
310
0000000000000000000000000000000000000000000000000000000000000000
310
00000000FFFFFFFFFFFFFFFFFFFFFFFF00000000000000000000000000000000
310
0000000000000000000000000000000000000000000000000000000000000000
310
0000000000000000000000000000000000000000000000000000000000000000
310
0000000000000000000000000000000000000000000000000000000000000000
310
00000000FFFFFFFFFFFFFFFFFFFFFFFF00000000000000000000000000000000
310
0000000000000000000000000000000000000000000000000000000000000000
310
8100000082000000830000008400000085000000860000008700000088000000
310
890000008A0000008B0000008C0000008D0000008E0000008F00000090000000
310
9100000092000000930000009400000095000000960000009700000098000000
310
990000009A0000009B0000009C0000009D0000009E0000009F000000A0000000
310
A1000000A2000000A3000000A4000000A5000000A6000000A7000000A8000000
310
A9000000AA000000AB000000AC000000AD000000AE000000AF000000B0000000
310
B1000000B2000000B3000000B4000000B5000000B6000000B7000000B8000000
310
B9000000BA000000BB000000BC000000BD000000BE000000BF000000C0000000
310
C1000000C2000000C3000000C4000000C5000000C6000000C7000000C8000000
310
C9000000CA000000CB000000CC000000CD000000CE000000CF000000D0000000
310
D1000000D2000000D3000000D4000000D5000000D6000000D7000000D8000000
310
D9000000DA000000DB000000DC000000DD000000DE000000DF000000E0000000
310
E1000000E2000000E3000000E4000000E5000000E6000000E7000000E8000000
310
E9000000EA000000EB000000EC000000ED000000EE000000EF000000F0000000
310
F1000000F2000000F3000000F4000000F5000000F6000000F7000000F8000000
310
F9000000FA000000FB000000FC000000FD000000FE000000FF00000000010000
310
0101000002010000030100000401000005010000060100000701000008010000
310
090100000A0100000B0100000C0100000D0100000E0100000F01000010010000
310
1101000012010000130100001401000015010000160100001701000018010000
310
190100001A0100001B0100001C0100001D0100001E0100001F01000020010000
310
2101000022010000230100002401000025010000260100002701000028010000
310
290100002A0100002B0100002C0100002D0100002E0100002F01000030010000
310
3101000032010000330100003401000035010000360100003701000038010000
310
390100003A0100003B0100003C0100003D0100003E0100003F01000040010000
310
4101000042010000430100004401000045010000460100004701000048010000
310
490100004A0100004B0100004C0100004D0100004E0100004F01000050010000
310
5101000052010000530100005401000055010000560100005701000058010000
310
590100005A0100005B0100005C0100005D0100005E0100005F01000060010000
310
6101000062010000630100006401000065010000660100006701000068010000
310
690100006A0100006B0100006C0100006D0100006E0100006F01000070010000
310
7101000072010000730100007401000075010000760100007701000078010000
310
790100007A0100007B0100007C0100007D0100007E0100007F01000080010000
310
8101000082010000830100008401000085010000860100008701000088010000
310
890100008A0100008B0100008C0100008D0100008E0100008F01000090010000
310
91010000FEFFFFFFFFFFFFFFFFFFFFFFFFFFFFFFFFFFFFFFFFFFFFFFFFFFFFFF
310
FFFFFFFFFFFFFFFFFFFFFFFFFFFFFFFFFFFFFFFFFFFFFFFFFFFFFFFFFFFFFFFF
310
FFFFFFFFFFFFFFFFFFFFFFFFFFFFFFFFFFFFFFFFFFFFFFFFFFFFFFFFFFFFFFFF
310
FFFFFFFFFFFFFFFFFFFFFFFFFFFFFFFFFFFFFFFFFFFFFFFFFFFFFFFFFFFFFFFF
310
FFFFFFFFFFFFFFFFFFFFFFFFFFFFFFFFFFFFFFFFFFFFFFFFFFFFFFFFFFFFFFFF
310
FFFFFFFFFFFFFFFFFFFFFFFFFFFFFFFFFFFFFFFFFFFFFFFFFFFFFFFFFFFFFFFF
310
FFFFFFFFFFFFFFFFFFFFFFFFFFFFFFFFFFFFFFFFFFFFFFFFFFFFFFFFFFFFFFFF
310
FFFFFFFFFFFFFFFFFFFFFFFFFFFFFFFFFFFFFFFFFFFFFFFFFFFFFFFFFFFFFFFF
310
FFFFFFFFFFFFFFFFFFFFFFFFFFFFFFFFFFFFFFFFFFFFFFFFFFFFFFFFFFFFFFFF
310
FFFFFFFFFFFFFFFFFFFFFFFFFFFFFFFFFFFFFFFFFFFFFFFFFFFFFFFFFFFFFFFF
310
FFFFFFFFFFFFFFFFFFFFFFFFFFFFFFFFFFFFFFFFFFFFFFFFFFFFFFFFFFFFFFFF
310
FFFFFFFFFFFFFFFFFFFFFFFFFFFFFFFFFFFFFFFFFFFFFFFFFFFFFFFFFFFFFFFF
310
FFFFFFFFFFFFFFFFFFFFFFFFFFFFFFFFFFFFFFFFFFFFFFFFFFFFFFFFFFFFFFFF
310
FFFFFFFFFFFFFFFFFFFFFFFFFFFFFFFFFFFFFFFFFFFFFFFFFFFFFFFFFFFFFFFF
310
FFFFFFFF030000000400000004000000FFFFFFFF070000000000000096210000
310
44080000982202000100090000034C1101000000A19800000000161000002606
310
0F002220574D464301000000000001007F6100000000080000000020000068CF
310
000068EF0000010000006C0000000000000000000000440100004F000000F2FF
310
FFFFF2FFFFFFCA2200008208000020454D460000010068EF0000100000000100
310
000000000000000000000000000080070000380400000F020000280100000000
310
00000000000000000000980A080040840400460000002C00000020000000454D
310
462B014001001C000000100000000210C0DB0100000060000000600000004600
310
000008210000FC200000454D462B3040020010000000040000000000803F2240
310
04000C000000000000002A40000024000000180000000000803F000000000000
310
00000000803F0000000000000000324000011C00000010000000000000000000
310
00000080A2430000A0422A40000024000000180000000000803F000000000000
310
00000000803F0000000000000000254000001000000004000000000000001F40
310
03000C000000000000001E4009000C00000000000000244004000C0000000000
310
0000214007000C000000000000002A4000002400000018000000662CDC380000
310
000000000000662CDC38000000000000000008400005B01F0000A41F00000210
310
C0DB01000000000000000000000000000000000000000100000089504E470D0A
310
1A0A0000000D49484452000001450000005008060000008E1867C10000000173
310
52474200AECE1CE90000000467414D410000B18F0BFC61050000000970485973
310
00000EC300000EC301C76FA86400001F1D49444154785EED9D8997655575C6F3
310
47646525461C92280113A346A3065D8A0C6A830D828882222DA020A0E08008A8
310
20A362AB1005074405410C12A0A1E7799E9BAE799EBBC6AEF1D55CD55527E777
310
EEDDAFCEBBEFD6AB37550FC9FED6DAEBDD7BCF3C7D679FF1FD955128140A4512
310
4A8A0A8542E1414951A150283C28292A140A850725458542A1F0A0A4A8502814
310
1E9414150A85C28392A242A1507850525428140A0F4A8A0A8542E1414951A150
310
283C28292A140A850725458542A1F0B028A438333E6646AB0F9BDE154F99B69F
310
7EDB34DC7685A9B9F65C53F5B9FF349557BC2F45AA3E7F96A9BD618969FAEE17
310
4DC7AFEE33031B5F32136D0DA14F0A8542717C5134529C9D3966464AF79A8E5F
310
DEEB48AE6CE999A6EC13FF9C97545CF64ED378FB95E6E80B4F9889238D61080A
310
8542B1F828981467A726CDC0A6979D36184770854AC5E5EF366D3FFEA619AD38
310
1086A85028148B8782487168C71A537FEBA762C9ACE8B2F40CD3FAC35BCD7843
310
6518BA42A150141F7991E264478B697DE89678F25A64A9B8EC5DA6FB4FBF30B3
310
9313616C140A85A278C8991407B7AD3255577D3096B08EA7347EE7F366A2B53E
310
8C9542A1501407D993E2ECACE97AFA67B10475A28495EBC4DE4D6104150A85A2
310
7064458AB3D353E6C82377C612D38996F24FFEABE95FFF9730A60A8542511816
310
24C5D963D3A66DF96DB18474D2C8D2334DDFEAE7C2182B140A45FE589014DB7F
310
F1FD7822B2527AFE1B4DC947FEDE949C53A09CFB7AE757E9927F8A0D271B29BF
310
F86D6EBE53A150280A414652EC79EEB158022ABBF0745376D1DB4CF3CFEF366D
310
4F3F6A5A9E78D8B4FEF6C739CA72D3F2EB1F9AE647BF6F1AEEBBC9D4DC7CB129
310
FFD43B2D495A823CEF8D361C1B465CD819843D8DA35587C2D82B140A45EE9897
310
14870F6E33E596F8E2C80729FDE89B1D990D4F1B33827DFB9BB74C1A33941833
310
FD4D75A67DC533A6E6AB9758EDF1B450733C232DEC4C527BFDC7CCF4606F9088
310
2261BAFFA899EC6CB1D29AA5B498A9A39D6E712A0E4C491C1B1E32C71283C1AF
310
2F8981ACB71B31D7EBDC8C26DC89A29C41FC6667C2972C805DE7263E5D0AC5FF
310
05C49222A45273CD39B1A4E34BC9D97F671A7E70A3498C4C98C4E894191A1ACD
310
53C6CCD0F0B8498C1D33C3B6DD254626CD91E79F741BB64B3FF60FB1616712CE
310
5B1713ECC9440BADBCFC3D5909761BBE7DA525BF54A21A29DDE3E25677D35253
310
BDECC3B15275D5074CFFDAE74317E980FC8676AE35AD0F7F63CE9F2F9E6DEA6F
310
BDD4FA7DBB49ECDB1CDACC8CD1CA83A6E19B979BFAAF5F669ABE7F9D23E34CE8
310
F9CB6FDC46FDFA6F7CDAB96BBCFD736E5B14BF4DDFBBC69D3AEAF9F3E3C1C9A3
310
5C8856A138C9104B8AED3FFF5E2CD9A4CBE98E189B96DBC6383163862C99C593
310
5E8E323CE1B4CFAE2DABDD50BD74C95B62C2CE2C437B3604892902208DB83032
310
091AAB4F8A7D2B9F35E517FF4BACDDA870E63B0ED3FD3DA6F99E2FC5BAF1A5F9
310
07D79BC9F6E6D0553CDA1FBF27C50D449B09592FB62D3DD334DEF1053352AEC7
310
3215A726D248110D82458BD80A1F2796B44ACE7E9D6979FC7E333C6587C156E3
310
8B25BA5CC50EA721C6D6A71E75F38CB1616790DA1B2F3433E3A341A20A44F33D
310
5F4EFA8B16888686FFF3CA572E302D0F7E35498A9C00E2920B3F7E9557BCD769
310
E3D5D77C2455ACE6D7BF2E7D8BD1B19184D3D27C3F10A6389CDF910B382AAF7C
310
BF19AB29095DA7827CA9B9EEFC14FB6DCBBF159AC6C3DF92E5C2FCD43B02B9F4
310
1DB1D32C980DEE581DBA56284E1DA492E2ECACD58AAE4DABE00BCA056F75ABC8
310
6D4F3D6286678D19B65C103B7718156B2F91814819920FF6F69BCA6567E7358C
310
E6EAB262C027C596076E363393E39965623C655EB06FD59FE6E2B5F40CD3F9E4
310
8FDC9C63DA7C2232CF9C62D71F96CFF961A5EA7367B921ED585D999BC31CAB2D
310
75648A960841D6DDF409F73D0ECC17FB7E39FF3E7F96991EEC0B6DA4C327456E
310
3042139D38D2E46E311AAB2B779782308CF6FDACF8F4BF9BF1E6DAD00785E2D4
310
400A2972F5178DD6AFD859CB056F710B238D0F7FD3B4FCFA01AB39DE97591EBB
310
D7B43EB9DC746D5BE7B4C2C41873922369C4C81C23F6D9FA131B6E06A9F9D2F9
310
66660C7DB330F8A4C8FC62AEE8FAE32349F7DC2989D6970BA6077A9DBB393FCE
310
3263F515A1693A98BB9CEA6E0FDFD231DF36AB4C5B9AFCE173F3BD5F09BF4630
310
3B63BA9EFA698A9FCC352A14A7125248B1F5475F4FA9D0390B43E9735F9FDDDE
310
45EC7CE475A6F49CD34CDDED5799C1EE1E33349A3E27C990BC6BF36AB78F319F
310
6D3A039B5784A9CB1F299AE2435F0BBF660FFF78248B225CC29B0B06B7AF4ABA
310
478EBEF86468923B664687DD301D7F581462982FFEB6FEE8D6D0563A58D8117B
310
CDF7DE107E8D47D35D5727ED567EF63FCC546F5768A2509CFC4892E264579B9B
310
2F93CA7CDCC412E9E10FFEB5D31CDD9C64841459C0E9AD280D34583B4C8FF523
310
8330A42B14299AA225875CD1EDEDF764FE6FBCA93A34C90E9DBF7B78CEBD1D92
310
B2ED275F24F66F49FAC5CA33C3EEF24BFFCDBDA38DB2FD280EB990E2E0B69549
310
BB08612A14A70A92A4D8F7EA332915F9784AE9F96F32D5D72F31430376F81C99
310
5F4C8C4D9BFEC606B7B1BB2C8F132F4CF8177A7BB74F8A2CA2301C669898267F
310
581EBB799C95703F4E2CC6F43CFF6BD3FBEA1FDDBC27C2DF308C56BDE6F63046
310
8106E7BB657F62BE38F2E8DCDC60C76F1E70DFEA6FB924F96D3ECDDA1F45B4DC
310
7763F8351EE4B7102D52ACB95D85E27820498ACD772FBCD563B1844594AA6567
310
9BC19E5EB747318D149B9B4CF965EFCAFB1820E453087C525C48E2B6D3B0DACB
310
3EC238FB29B2F44CA7BD31B7EB83393CB1C3BEC07CC15C26ABDBE2170B2EA0EB
310
F73F4E7E63381D077F98BDD014020B362CDC88FDEE677F1E9A2814273F1C2932
310
64F227F28FB7305F5873D3456EC1254D531CB7C3E7CA325376D199790D9F1156
310
8C0B414EA4F83FBF0D5DA582D55A082DCE4D542A3FF31E33D15217BA8C90E21D
310
5F08BFE68EA1DD731A2B8B50B2C99A451BD986C556A1E9BE6EF7DD472EA4786C
310
A83FE5CECD6EAB592B14A70A1C290E1FDE9DACC027424A3EFCB7C19CA21D39FA
310
8488F0AD73FDCBA6F4BC37C4BACD46D89397EBE2860F9F14EBBEF649B711BBF7
310
95A7D365C51FCC786355E82A1D0C8D59198638D996D3F9DB87ACFCD0FD46F720
310
F2076002485DBE73AA24DF13239C7899F3E75233B0E515376CEF5BF5AC5B1011
310
B3818D2F862EE6900B29B2DDC89F9F9E6F33BA427132C29162EF4BBF4F56E0E3
310
2A1CE3B35A228B077D8D0D6EA81C478A8D0FDD6AF2D9C02D527EC9DB5334AF5C
310
51E8424B3680B4215C09A7E15B9F75FB4641FB637727BFA381A189E50AF63F66
310
7B637ADC961BE611C57CA18DDED1AD5D90AF4271AAC09162F6C7FA8A29A70744
310
77D1DB4CF78E0DF12BCF93B3A6B7B6DA945952CB6791C597C4FEAD2EC1F9C027
310
C57CB6E4640BCE454B386872428ACC89CA77C8269FD55C8EF125FD584018BEBB
310
0B2D3CF8C70BD1383381051CB1CBD1C65C57DB158A1309478AF99CEDCD5B96BC
310
25D8CB680991DB708E961C881D3673FE797872C6D4DF7D7D415AA208A74AF245
310
8AA698C7E6ED6CE1AFF0FAA4C890DC3F37CDDC64A615E8B8156C36518B7B56D0
310
D9E6E34BC7130FBA7D8B62277AD4D0CF834C176E70C2065215BB2C1CC5C547A1
310
3859E14831EE4C6DF1849B6EDE1C6CD6B66458FEC9B7BBCDDA9D6B5F0C4EB270
310
6D58941013E3EEB860DBD3FFE5DCB8FB1B63FDCE5ED82B982F5234C5FB6F74AB
310
C96C82CE28D1394C082E4E309A39E6CE9CFBC3DBA6BB96393387D999B48E0B8D
310
9563763E5820E1B81DE5C98AB21C178CAE0633271A077FDE9034FBF0F3806D3D
310
51905ECE3AFBABDB0873960AC5A904478AEC7DF32B7231851B6EAABFFC71D3FC
310
C89DA663E59F4D5F5D6D704518DA61CC9967B6E47026FAC87F3F614A3FFA2677
310
7C30CEDF5C056D285FF884C0E6EB9AEBCE3335D79E3BBF5C738E73E3DF92C3BC
310
20DA1F841595BAAF5E9CB2AF0F89AE62B3C99A3D97BE1D343B56A321B3C63BAE
310
4A213E840534C0F13DF94638F3FD0B225796893DFC9EEC3E129AA49E5261E10A
310
ADB6ED27B739ADB1E5819B9CF629E622FC4F775EF73C2A1427108B4C8AA79B92
310
F3DE60BAD6BF6CB8AF06228410DDD69B0819226E5E31316A5A7E71AF7357C8DF
310
134485E161BEC8E7928CE8D561AC1AC7D98B132E5C883B1FCD49916C4E1D4168
310
AC84CF4E5935DCC2FF8F6EEE429C8FA8B840C2BFCDC7D728215DF99E8D1CF9D9
310
770A5AF157284E148E0B2976AE7B297EDE10191C71B7E170F103F38B35B75CEA
310
CE44E7BB27713E610B4CBE60C5B9F28AF7B9BD9CD9087621119F142156AED9E2
310
CFFCD3E59DCE4DDDCD17B9D332DC96331FC61B2ADD0917EC47D388A688E6E62F
310
6CB060E2CF1566DC486D87F3689E62D7ED890CB7FFF89A629CA081A241337739
310
7C70BB73A3509C8A08E61473D06272132E8838CDED3384F4E24831313A69FA1A
310
EAECF0FA2EB7B28AFD78BF0A93424E55B00566AAA7C3114CB6C2CD36326708F8
310
C61C209BB8E304FF45B3CB06D8877CD8EEC2F098FD8F719BAEF9CB83E1433BDC
310
507AF8F0AE05B7F31047EC2123E5FB935A25716408CF5144E63F112E92C51EB7
310
6D3324CF44E60AC5A902478A4DDFFD622C9114434ACE7FA3A9BB7399233F5694
310
A3A4C80A33B7E0947CE86FC23B13F3BCBA6C0129F4A89F42A1F8FF01478A8BFD
310
47F70C878F3CFBF83CDAE2989B4BE4E66E6EF08E735F0C49ECDDE812AC502814
310
99E0489163587144522C295DF28FEEB283DED283B19BB4E5BF5D6A6FBDCCDDB5
310
586C6DD16D206E98FFF89D42A150081C29260E6C8D2593624AE9B9A7999A9B96
310
9AA1C14430948E1023A757FA6AABDD1561F9FCF54026E16257FE0654A1502816
310
8223451601FC0B01164BF8E73FFE5A807D88515244185E77ACFA4B70F9C385C5
310
5B7DE67F4B0AC1CCCC8C999C9C72BF606A6ACA4C4F07A734666767DDFBB170A5
310
796A6ADABDFB76E643D45F10FD86BFF8C53BFE89DF71618C8F4F984422612626
310
E6166C70277689AB40E229F106929668DAA2829FD17882B1B1311BFEB0B32390
310
F8E3D7CC4CBA7F9847C3F1D3345F9C7C77BE7D9EFD773032326286878753E20A
310
B0477C476DBC73016147C3100471CA5C078807F1191999FB6335DC6137B3BB59
310
EB6EC4A507FBC1B7B9F2F505BBA9799F5E5E939393CE1CC4F91D4D0BFE09E2C2
310
E55BDC77BFAC7C3F40602735AD413EA4A79FEF7EBE1056908F737F3922698E4A
310
2E70A408FCAD188B26FC8F8BD502BB776E0C8931F29F2C89607EB1E927DF7104
310
1AEB471E52E82D2D9D9D5D66DDFA8DA6B1A9D955A4F5EB379903075F7366FDFD
310
03D66C93A9ACAA7605B665EB76B376DD46B36AF53AB366ED06B3FFC0214B52F1
310
7F6E7FD0FA81DD83870E875F8C69696D7361B5B6051BA76B6BEB9CFF478EB49B
310
ADDB7698D5D65FDED78561ECDB7FD0D9ABB1F656AE5A6B5E7AF955B37ACD3AD3
310
D818FCC56910776BDF0AF10783434366FD86CD2E9CAAEA1AF70D48D81B376D35
310
13369D54B8D56BD63B21CD92AEDADA7AD3D2D2EAECE23F15BEA4A4CCBCBA728D
310
0B9FB8115F505D5DEBEC11E6D1A3BD2E1EE40BFE206565156670D0C6C7F91F7C
310
C77D4969B9ABE0E4DD868D5BCCDEBDC15FA64262F8515151654647C75C3A366C
310
DCECBE831D3B779B3D7BF6B9674800772B5E59655E5EB1D2E51F9D06E8EAEA76
310
EE88EF2BAFAE766511474451D4D537D83083FCACA8AC760DD307F1A50E48F990
310
D67DFB0ED80E63DC990F0C0C98CD5BB6BB7089D79EBDFB5D9DC21FE22EEEC80B
310
E2241D1CE9DBB67DA74B07B273E71E5746DDDD3D6138411949DEB67774BA3C22
310
9E903EE54139B4B77738FF4A6DFE62B7BBA7C791B3F84D9CF07B7C7CDCA565F3
310
966DC972276EF8099A9B5BC2B25CEFCC907A9B37D40B79C71D76CACA2B92E556
310
525AE6DC03E2CE37F2737070D07D839CC9872D5B77A411E08E1DBB5D3CA96F43
310
4309579E12E75DBBF7BAFCA8A9A90BC3DEE0F2C3D55FFB9E0B92A4B8D8F38A22
310
DC8A5379F587CDA0AD9471B7E2B83FD5B744537DC3056EC85DE8FC6231E61321
310
282A31194E45E179FBF65DCE8C86CEFBA1D74A5C8F440151D9A820142E66E5E5
310
95CEAE0FFC59B53A2031C88C77505FDFE8BE35360647F8200DDE5B2D61113E0D
310
45DC1CB644D4642B676F5F9FFB468581A4366EDAE22A0B8DA1C3360ECC1021D0
310
665B71E51B7E08F6DAC62BDF7147252B2D2B770D976F1010E407A11017B147C3
310
E219FF79270F10480DF798D17910379E6968344AC26EB38DB5B737883F645257
310
D7E0E2CF3B0D196213370002E59D7C40B3E119213E8086B8C9923AA0A3C28CFC
310
87CC78262D34301A22640849D0C16126793E1F0606069D3DFCADADAB77CF94BF
310
0FC884B4D3300973E7AE3DCE1EC40068C8BC539E90AAF3CFFE0208868E853C90
310
BA239DD66E4BF4BCD3B1D101F24C59D0714134627FDBB69DEE9DB8521E7C4393
310
6A6A6A71CFE4695F5FBF7BC60D0423E5DB64FD263C9EF19BF2A71E519F899390
310
39E5DF60F3CAF961892A28CB5247729425CFD4DBCD9BB7057E5973488C67E9DC
310
80D40D04FF01A408F952BF7D6D91BA443C2039CA0F12C41D7559F2913C260EC4
310
5D3A3CD246FC72419214D967C6E6E2386229B6A005363EF475AB155AC68F39DD
310
82B678B4EC90FB3FE1D28FFF63AC1FD94AC36D57147CD4ACADADDD65301A123D
310
37CFBB7605B763D3F3F34E451052A4B2017A47299828A8589849C5E51D343404
310
954DB43A1A34EF1D9DC1AD35844163A6271508418976267E1CB10D5EC2A1916E
310
DA1C90058D063FA8F0542040AF8C86B97DC72EF7FB9A25798190C1E1C3A5E117
310
936C3C105D434340E4CDCDC17FC7D0895011A9C86561FC2145890B64E1433A16
310
1A0F80A878474B963C854C8090229D108D7DC52B2BDD3BA4496341AB845C69EC
310
B8C1AD0C9F0E1C3CE4C26098CF77346280A6566A1B71675806F341F201428440
310
7986047C408A41F9041BD88923F628673A3EF29C3C065296C493FC47BBA14300
310
7E3A49D7CA556B9266A48D3242CBE219D0B9601F62134827872648D9F04CDD20
310
6E844BA7022010DE292F409D836C827C9A8B6FCFD1A3CE0F3A05EA27CF94FF7C
310
A073229FC9032145E9988937F90FD1D2D94A7BE23BF181FCA2A4487AD176216B
310
DC9027927EEA195AAA803A4E78D4BB5C912445E09FF15D54B9F0AD6EDEB063D5
310
F3F36EEAE67BFB0BBF0B6EC829E042082E502D145152A4A0D148184A303CC60C
310
729923ACED766837EA868E3402B4BF28A8789851A9F8A550C1BCA46835304045
310
250C2A9380068D1D3436209A2DBDB91011C44C431AB1F1A27787B8D14A207320
310
DA1A6ED06E187AD0187D331AA8C027C59E9EA0B140BC10199556003962E693E2
310
6EDBCB33FC8258682CA2B990973420A613C863C812C2E2793E52E499BCA08160
310
1F72A4C3A011514608CFD27800EFA28DD248093F5B88A64E9CC8F7282045F215
310
FFC96BB43ACA977CF509124084683F900084190C7FD7BBCE0D3B684BE4AD74C4
310
D2D902FC0FB4A980F02104ECD4DB0E4A90428AA139C4C22FC42E107B909F4F72
310
B8831485B4A5F3A513847C79A6AC82B26C4E922C104D5AB434511E24EDE405F9
310
02C11EB27E90674282994891F2A45E8A764B9E8842E1E335DB81631ED5E4B341
310
0A2926F6DAF17F0CB12C8670734EC5A7DFEDFE948A7FEC4B23C6E171F7BDF1FE
310
9B83637F317E2C24D5577FC85DAE5A28A2A4287367340C0A9667214588816F62
310
870A2515D7078D577A7EB41B191E8A06920B2912367668408046C53B43782122
310
488C0648E361E8C8BB4F8A52E199A793E7A170FE2D1329923780210CF1E29B0C
310
1D8110B64F8ABED078984FE299FC143F2048205A5D2652240CCC5F3B5CE23A24
310
C9733A01F298F93C1A3C794C63A25141849BC2E11DC2F0144243C87B11C217D0
310
E8F11FFB4C7D30B467AE94B261D80770CF1C965F077003A948DC256D42DC3476
310
DC510F3087ECF84593A23C9806E1DD2745D282FF741A205B5214818C04E423F3
310
886246FE51262CDC1117F29FBCC44C085C4607BE1006C09C3CA01E902E40F963
310
4748513A6ECA41DA9710D8C2A438EBE24C7E48D84C1DC9BC24281A2972EF5DC3
310
B73E134B30C59733DC756275775C6D12639C7689B931676CDA0CD88654B9ECEC
310
F07F9FE3FC995F0AB92ECC479414A9F01402854F83C04C86CF545486A914068D
310
949E96793F1F689154340A9F1E96C6803DDCCBDC8F0C83CA2BB2D114036D2C4D
310
53B45AA710118D0662A02251B1188E1307193ECBDC1724C53093678977265224
310
2C011515421562A392CA7C8F4F8AE415530B100A6916FF592021DF184AE1076E
310
D03A5348D1BAC1AE4F8A347048984688A645D904C35108C70EB76C99A1B55336
310
347221121A1A9A117EE30F79D1D51DCC8F8A30472576038D74AD2304E204B941
310
780C7B7D52241C8677A4053F295BF25FE23B9FA6485C69F83CB350825DC81A52
310
A4CE154353242CE6EC8823F111A049135FE6FCB0471E628E3DD247DDA7ACC94B
310
209A60754DAD2BCBA1B02C012328CC1835088414F78769A7FC78A7EC98D2707E
310
D932020B9122F906E8DC5004A837B8A71C65445034520489FD8BBF67714E4E0F
310
4EBB3CF7ABF987D136FD3DFBB6072BD739DC9AC3BD7EF95CDB1F872829F20C89
310
0019FA0929D298650E462A82686302D1E4A2420364029E67C81188A628C39A38
310
52A4326187394420DA26E10811314F278B364C800BB940A85432D1047C9115F6
310
4CA408B942ECC4471A9954721A36959E679F14FDA11BA0E2F25DF20932E69D79
310
30F254867080D563CC187209C9B895689B2FD8E39DFCA771A04D415ED258D10C
310
69E07DFDFDCE4CB42559B0210CF2823044688C40E687211A200B0D889F1E4831
310
289F40F34FCEC75A72848C7996FA41A3C7AEACB4D2E0E920010D9EB833A4168D
310
4DE64001A40189CA1447B6A4C80E03A97FC449567B85AC009D0BFE1377BF3EFB
310
105294CE5A20442AF3D7822429DA8E84B281D479F78536859990A20FD2497AC9
310
0F370564E3CC5406C00D61126F21CCA29222F02F1B5D6C710B29179D697ACB5E
310
33095B776389D196BBBB7036876174FFFA17C2D4140ED1BCD082E8C579968A22
310
0D9A85091A1F3DBA3460214C342F1FD24B5241699052A1997F1137CCFB412254
310
10FC649511408ABCFB954EE24045815865D58FA19768B210944CC61FB01593C6
310
CB332B76E23E58D1B51A9C1DE6B9866185462371924A0884EC206B9907C59CF0
310
9960E71D521152A751609767B42BC225BD907F32FC706B127354BC33174B8567
310
B80FE141EC324789198D9D67D1762913DE25FFA561409A320706F1D021908734
310
24E25451196836FEE25214101AF9811BE2271D11221A3A205F89AB4C8D081990
310
E70002E49DB2908E45B6B9A0E5427E0CDBD9C683996895CCC3F20EB9312DC2B3
310
5F1EB290E22F62C9BC1B44251D0D7559888777E2475DE299FA282315F292FC25
310
9F8873146881D863D84D59D2119226E9782963CA9EF2A27ECB9C221D2DD332CE
310
AD25413A1BEA89BF28C333E152AE4C8DE00FDFD114D1AC193D4090F8D166D343
310
7EF14C9C491B903626534AB9209614B957AFF2CAF7C7924DF125B819A7E6E68B
310
CDD0A0CDA098D32E5C24C110BBFECE656EC8BDD0361DFE4F44AEBC2A0620167A
310
2EB4031A0705239515AD03332A363D3F05476504100C76E9B1A5B0E8F1203C7A
310
3C5990C04FDE2135CCA9082C1C5031D0E0201D018D8E3064B54E4003A341E106
310
42A3E1003439E247E3A762D1F0A8F8413AD6BBE10F04831DBFD787A0081BD266
310
6884B9BFB040E3137FE99D1976A1554008F82BE15755D5387B102D151433E6E3
310
B08B90579287547EC02A30F6842C080362246DB8212CF29AB8614FB6B44056F8
310
23F94F7A699CB8A31C1866F18EF64743C5ADF8891B7FFE300E9032434F1A1BE5
310
C3F408E4C7F610D150E834294BC8021007B453FCA70E4042745AE41324C0F098
310
D107E5CE9095F88BD643BD412B021009648F1B84BA42A727809070EB4FD5400C
310
7CC31EE4C1B3CC01438E942F794EA7443AC80BFC665B0F1D07F1A21391FCF4C1
310
E800FFA8735296EC4E801C83325E97FC8E164A1DE23B0B8AC401B7B427011D13
310
9D0E654D7898930FB8270CF28D343322211F511898A29038B345CE9F53245DF8
310
C176B55C114B8A806BEDE30867B1C49D76F9E5FD8601181BBB1936FBC2F7415B
310
7855D79E6BD8001EE7075275D5072CA9CF2DCD17035458863034260A848A2F43
310
32CC789F6B14939670023300F1612EA428EE21251FBCF35DC0E2003DA8CCE108
310
02F7A96108204C1A8FEF46E2C72F90678907F1262DC1F7208E80EFA4396A5720
310
E632BC04CC95D2F3FB71C39EF82D71217EC16F908FF25DFC97F0FC744082F82D
310
2401F033CE9D1F3EF1C31D7E49DE09C873F298A177B620BE817F4159112FC854
310
F257C288D601F20A3320714213136026750091FAE58330E808205AF14B809FD1
310
F29072C56E9CB98405C8C3204EA9275AA26911E04FE07E2ECEF821E5ED7F0FCA
310
78AEAC10A95B02891F6612EF39A1D308F2C76F37D88DC65920F1F0C3C816F392
310
22E8F8D57DB1C4B328B224F8DB0186C91D2B9F331D2B9E4D91F6979F319D6B5F
310
308D0FDE624A3FFAE674F756D8D798D8B7398CBD42A150E48E8CA4C8A5A7CDF7
310
DE104B408B2217BED50DA503797D8C9C162CB678FF29EC0BFF5FAD5028148520
310
232902FE2BA4F1CECC57D19F0CD2FDCCA3618C150A85227F2C488A0062CCE7CF
310
9B8E9714F257030A8542E1232B5204FC331BFFD016474A274A38AB5D8C637C0A
310
854221C89A141610000026060F002220574D4643010000000000010000000000
310
0000080000000020000068AF000068EF000005475F7CD2FDFB5C1C491D4FA9BD
310
FEE366A4646E87BF42A150140339932218AD3A64B87D268EAC165D969E618E3C
310
7AA799EECF7D53A642A1502C84BC4811CC4E4EB8D55EAEFA8F25AF45108878F8
310
60707C4AA1502816037993A260BABFC7F4FCF97153F3A5F36389AC180219F2FF
310
C6B3D3E99B48150A85A29828981405AC500F6E7DD5B43C7073518E08D65C779E
310
697FEC1E3352BAD7AAA5C53BB2A750281499503452F4C11F610DED58633A9E78
310
D034DD75B5A9B9E61C5371F9BBDD899328F9955FF2765379C57B4DED572E302D
310
F7DF687A9E7BCC0C1FDEED4856A150288E37168514150A85E2548592A242A150
310
7850525428140A0F4A8A0A8542E1414951A150283C28292A140A850725458542
310
A1F0A0A4A85028141E9414150A85C28392A242A1502461CCFF02BD227031D546
310
B16E0000000049454E44AE4260820840010824000000180000000210C0DB0100
310
0000040000000000000000000000000000001B40000040000000340000000100
310
000002000000000000BF000000BF0080A2430000A04203000000000000800000
310
008024F13C4A000000800000008000093A492100000008000000620000000C00
310
00000100000021000000080000001E0000001800000000000000000000004501
310
000050000000150000000C00000004000000150000000C000000040000005100
310
000038CC00000000000000000000440100004F00000000000000000000000000
310
0000000000004501000050000000500000002800000078000000C0CB00000000
310
00002000CC004501000050000000280000004501000050000000010010000000
310
00000000000000000000000000000000000000000000FF7FFF7FFF7FFF7FFF7F
310
FF7FFF7FFF7FFF7FFF7FFF7FFF7FFF7FFF7FFF7FFF7FFF7FFF7FFF7FFF7FFF7F
310
FF7FFF7FFF7FFF7FFF7FFF7FFF7FFF7FFF7FFF7FFF7FFF7FFF7FFF7FFF7FFF7F
310
FF7FFF7FFF7FFF7FFF7FFF7FFF7FFF7FFF7FFF7FFF7FFF7FFF7FFF7FFF7FFF7F
310
FF7FFF7FFF7FFF7FFF7FFF7FFF7FFF7FFF7FFF7FFF7FFF7FFF7FFF7FFF7FFF7F
310
FF7FFF7FFF7FFF7FFF7FFF7FFF7FFF7FFF7FFF7FFF7FFF7FFF7FFF7FFF7FFF7F
310
FF7FFF7FFF7FFF7FFF7FFF7FFF7FFF7FFF7FFF7FFF7FFF7FFF7FFF7FFF7FFF7F
310
FF7FFF7FFF7FFF7FFF7FFF7FFF7FFF7FFF7FFF7FFF7FFF7FFF7FFF7FFF7FFF7F
310
FF7FFF7FFF7FFF7FFF7FFF7FFF7FFF7FFF7FFF7FFF7FFF7FFF7FFF7FFF7FFF7F
310
FF7FFF7FFF7FFF7FFF7FFF7FFF7FFF7FFF7FFF7FFF7FFF7FFF7FFF7FFF7FFF7F
310
FF7FFF7FFF7FFF7FFF7FFF7FFF7FFF7FFF7FFF7FFF7FFF7FFF7FFF7FFF7FFF7F
310
FF7FFF7FFF7FFF7FFF7FFF7FFF7FFF7FFF7FFF7FFF7FFF7FFF7FFF7FFF7FFF7F
310
FF7FFF7FFF7FFF7FFF7FFF7FFF7FFF7FFF7FFF7FFF7FFF7FFF7FFF7FFF7FFF7F
310
FF7FFF7FFF7FFF7FFF7FFF7FFF7FFF7FFF7FFF7FFF7FFF7FFF7FFF7FFF7FFF7F
310
FF7FFF7FFF7FFF7FFF7FFF7FFF7FFF7FFF7FFF7FFF7FFF7FFF7FFF7FFF7FFF7F
310
FF7FFF7FFF7FFF7FFF7FFF7FFF7FFF7FFF7FFF7FFF7FFF7FFF7FFF7FFF7FFF7F
310
FF7FFF7FFF7FFF7FFF7FFF7FFF7FFF7FFF7FFF7FFF7FFF7FFF7FFF7FFF7FFF7F
310
FF7FFF7FFF7FFF7FFF7FFF7FFF7FFF7FFF7FFF7FFF7FFF7FFF7FFF7FFF7FFF7F
310
FF7FFF7FFF7FFF7FFF7FFF7FFF7FFF7FFF7FFF7FFF7FFF7FFF7FFF7FFF7FFF7F
310
FF7FFF7FFF7FFF7FFF7FFF7FFF7FFF7FFF7FFF7FFF7FFF7FFF7FFF7FFF7FFF7F
310
FF7FFF7FFF7FFF7FFF7FFF7FFF7FFF7FFF7FFF7FFF7FFF7FFF7FFF7FFF7FFF7F
310
0000FF7FFF7FFF7FFF7FFF7FFF7FFF7FFF7FFF7FFF7FFF7FFF7FFF7FFF7FFF7F
310
FF7FFF7FFF7FFF7FFF7FFF7FFF7FFF7FFF7FFF7FFF7FFF7FFF7FFF7FFF7FFF7F
310
FF7FFF7FFF7FFF7FFF7FFF7FFF7FFF7FFF7FFF7FFF7FFF7FFF7FFF7FFF7FFF7F
310
FF7FFF7FFF7FFF7FFF7FFF7FFF7FFF7FFF7FFF7FFF7FFF7FFF7FFF7FFF7FFF7F
310
FF7FFF7FFF7FFF7FFF7FFF7FFF7FFF7FFF7FFF7FFF7FFF7FFF7FFF7FFF7FFF7F
310
FF7FFF7FFF7FFF7FFF7FFF7FFF7FFF7FFF7FFF7FFF7FFF7FFF7FFF7FFF7FFF7F
310
FF7FFF7FFF7FFF7FFF7FFF7FFF7FFF7FFF7FFF7FFF7FFF7FFF7FFF7FFF7FFF7F
310
FF7FFF7FFF7FFF7FFF7FFF7FFF7FFF7FFF7FFF7FFF7FFF7FFF7FFF7FFF7FFF7F
310
FF7FFF7FFF7FFF7FFF7FFF7FFF7FFF7FFF7FFF7FFF7FFF7FFF7FFF7FFF7FFF7F
310
FF7FFF7FFF7FFF7FFF7FFF7FFF7FFF7FFF7FFF7FFF7FFF7FFF7FFF7FFF7FFF7F
310
FF7FFF7FFF7FFF7FFF7FFF7FFF7FFF7FFF7FFF7FFF7FFF7FFF7FFF7FFF7FFF7F
310
FF7FFF7FFF7FFF7FFF7FFF7FFF7FFF7FFF7FFF7FFF7FFF7FFF7FFF7FFF7FFF7F
310
FF7FFF7FFF7FFF7FFF7FFF7FFF7FFF7FFF7FFF7FFF7FFF7FFF7FFF7FFF7FFF7F
310
FF7FFF7FFF7FFF7FFF7FFF7FFF7FFF7FFF7FFF7FFF7FFF7FFF7FFF7FFF7FFF7F
310
FF7FFF7FFF7FFF7FFF7FFF7FFF7FFF7FFF7FFF7FFF7FFF7FFF7FFF7FFF7FFF7F
310
FF7FFF7FFF7FFF7FFF7FFF7FFF7FFF7FFF7FFF7FFF7FFF7FFF7FFF7FFF7FFF7F
310
FF7FFF7FFF7FFF7FFF7FFF7FFF7FFF7FFF7FFF7FFF7FFF7FFF7FFF7FFF7FFF7F
310
FF7FFF7FFF7FFF7FFF7FFF7FFF7FFF7FFF7FFF7FFF7FFF7FFF7FFF7FFF7FFF7F
310
FF7FFF7FFF7FFF7FFF7FFF7FFF7FFF7FFF7FFF7FFF7FFF7FFF7FFF7FFF7FFF7F
310
FF7FFF7FFF7FFF7FFF7FFF7FFF7FFF7FFF7FFF7FFF7FFF7FFF7FFF7FFF7FFF7F
310
FF7FFF7FFF7FFF7FFF7FFF7F0000FF7FFF7FFF7FFF7FFF7FFF7FFF7FFF7FFF7F
310
FF7FFF7FFF7FFF7FFF7FFF7FFF7FFF7FFF7FFF7FFF7FFF7FFF7FFF7FFF7FFF7F
310
FF7FFF7FFF7FFF7FFF7FFF7FFF7FFF7FFF7FFF7FFF7FFF7FFF7FFF7FFF7FFF7F
310
FF7FFF7FFF7FFF7FFF7FFF7FFF7FFF7FFF7FFF7FFF7FFF7FFF7FFF7FFF7FFF7F
310
FF7FFF7FFF7FFF7FFF7FFF7FFF7FFF7FFF7FFF7FFF7FFF7FFF7FFF7FFF7FFF7F
310
FF7FFF7FFF7FFF7FFF7FFF7FFF7FFF7FFF7FFF7FFF7FFF7FFF7FFF7FFF7FFF7F
310
FF7FFF7FFF7FFF7FFF7FFF7FFF7FFF7FFF7FFF7FFF7FFF7FFF7FFF7FFF7FFF7F
310
FF7FFF7FFF7FFF7FFF7FFF7FFF7FFF7FFF7FFF7FFF7FFF7FFF7FFF7FFF7FFF7F
310
FF7FFF7FFF7FFF7FFF7FFF7FFF7FFF7FFF7FFF7FFF7FFF7FFF7FFF7FFF7FFF7F
310
FF7FFF7FFF7FFF7FFF7FFF7FFF7FFF7FFF7FFF7FFF7FFF7FFF7FFF7FFF7FFF7F
310
FF7FFF7FFF7FFF7FFF7FFF7FFF7FFF7FFF7FFF7FFF7FFF7FFF7FFF7FFF7FFF7F
310
FF7FFF7FFF7FFF7FFF7FFF7FFF7FFF7FFF7FFF7FFF7FFF7FFF7FFF7FFF7FFF7F
310
FF7FFF7FFF7FFF7FFF7FFF7FFF7FFF7FFF7FFF7FFF7FFF7FFF7FFF7FFF7FFF7F
310
FF7FFF7FFF7FFF7FFF7FFF7FFF7FFF7FFF7FFF7FFF7FFF7FFF7FFF7FFF7FFF7F
310
FF7FFF7FFF7FFF7FFF7FFF7FFF7FFF7FFF7FFF7FFF7FFF7FFF7FFF7FFF7FFF7F
310
FF7FFF7FFF7FFF7FFF7FFF7FFF7FFF7FFF7FFF7FFF7FFF7FFF7FFF7FFF7FFF7F
310
FF7FFF7FFF7FFF7FFF7FFF7FFF7FFF7FFF7FFF7FFF7FFF7FFF7FFF7FFF7FFF7F
310
FF7FFF7FFF7FFF7FFF7FFF7FFF7FFF7FFF7FFF7FFF7FFF7FFF7FFF7FFF7FFF7F
310
FF7FFF7FFF7FFF7FFF7FFF7FFF7FFF7FFF7FFF7FFF7FFF7FFF7FFF7FFF7FFF7F
310
FF7FFF7FFF7FFF7FFF7FFF7FFF7FFF7FFF7FFF7FFF7FFF7FFF7FFF7FFF7FFF7F
310
FF7FFF7FFF7FFF7FFF7FFF7FFF7FFF7FFF7FFF7FFF7FFF7F0000FF7FFF7FFF7F
310
FF7FFF7FFF7FFF7FFF7FFF7FFF7FFF7FFF7FFF7FFF7FFF7FFF7FFF7FFF7FFF7F
310
FF7FFF7FFF7FFF7FFF7FFF7FFF7FFF7FFF7FFF7FFF7FFF7FFF7FFF7FFF7FFF7F
310
FF7FFF7FFF7FFF7FFF7FFF7FFF7FFF7FFF7FFF7FFF7FFF7FFF7FFF7FFF7FFF7F
310
FF7FFF7FFF7FFF7FFF7FFF7FFF7FFF7FFF7FFF7FFF7FFF7FFF7FFF7FFF7FFF7F
310
FF7FFF7FFF7FFF7FFF7FFF7FFF7FFF7FFF7FFF7FFF7FFF7FFF7FFF7FFF7FFF7F
310
FF7FFF7FFF7FFF7FFF7FFF7FFF7FFF7FFF7FFF7FFF7FFF7FFF7FFF7FFF7FFF7F
310
FF7FFF7FFF7FFF7FFF7FFF7FFF7FFF7FFF7FFF7FFF7FFF7FFF7FFF7FFF7FFF7F
310
FF7FFF7FFF7FFF7FFF7FFF7FFF7FFF7FFF7FFF7FFF7FFF7FFF7FFF7FFF7FFF7F
310
FF7FFF7FFF7FFF7FFF7FFF7FFF7FFF7FFF7FFF7FFF7FFF7FFF7FFF7FFF7FFF7F
310
FF7FFF7FFF7FFF7FFF7FFF7FFF7FFF7FFF7FFF7FFF7FFF7FFF7FFF7FFF7FFF7F
310
FF7FFF7FFF7FFF7FFF7FFF7FFF7FFF7FFF7FFF7FFF7FFF7FFF7FFF7FFF7FFF7F
310
FF7FFF7FFF7FFF7FFF7FFF7FFF7FFF7FFF7FFF7FFF7FFF7FFF7FFF7FFF7FFF7F
310
FF7FFF7FFF7FFF7FFF7FFF7FFF7FFF7FFF7FFF7FFF7FFF7FFF7FFF7FFF7FFF7F
310
FF7FFF7FFF7FFF7FFF7FFF7FFF7FFF7FFF7FFF7FFF7FFF7FFF7FFF7FFF7FFF7F
310
FF7FFF7FFF7FFF7FFF7FFF7FFF7FFF7FFF7FFF7FFF7FFF7FFF7FFF7FFF7FFF7F
310
FF7FFF7FFF7FFF7FFF7FFF7FFF7FFF7FFF7FFF7FFF7FFF7FFF7FFF7FFF7FFF7F
310
FF7FFF7FFF7FFF7FFF7FFF7FFF7FFF7FFF7FFF7FFF7FFF7FFF7FFF7FFF7FFF7F
310
FF7FFF7FFF7FFF7FFF7FFF7FFF7FFF7FFF7FFF7FFF7FFF7FFF7FFF7FFF7FFF7F
310
FF7FFF7FFF7FFF7FFF7FFF7FFF7FFF7FFF7FFF7FFF7FFF7FFF7FFF7FFF7FFF7F
310
FF7FFF7FFF7FFF7FFF7FFF7FFF7FFF7FFF7FFF7FFF7FFF7FFF7FFF7FFF7FFF7F
310
FF7FFF7F0000FF7FFF7FFF7FFF7FFF7FFF7FFF7FFF7FFF7FFF7FFF7FFF7FFF7F
310
FF7FFF7FFF7FFF7FFF7FFF7FFF7FFF7FFF7FFF7FFF7FFF7FFF7FFF7FFF7FFF7F
310
FF7FFF7FFF7FFF7FFF7FFF7FFF7FFF7FFF7FFF7FFF7FFF7FFF7FFF7FFF7FFF7F
310
FF7FFF7FFF7FFF7FFF7FFF7FFF7FFF7FFF7FFF7FFF7FFF7FFF7FFF7FFF7FFF7F
310
FF7FFF7FFF7FFF7FFF7FFF7FFF7FFF7FFF7FFF7FFF7FFF7FFF7FFF7FFF7FFF7F
310
FF7FFF7FFF7FFF7FFF7FFF7FFF7FFF7FFF7FFF7FFF7FFF7FFF7FFF7FFF7FFF7F
310
FF7FFF7FFF7FFF7FFF7FFF7FFF7FFF7FFF7FFF7FFF7FFF7FFF7FFF7FFF7FFF7F
310
FF7FFF7FFF7FFF7FFF7FFF7FFF7FFF7FFF7FFF7FFF7FFF7FFF7FFF7FFF7FFF7F
310
FF7FFF7FFF7FFF7FFF7FFF7FFF7FFF7FFF7FFF7FFF7FFF7FFF7FFF7FFF7FFF7F
310
FF7FFF7FFF7FFF7FFF7FFF7FFF7FFF7FFF7FFF7FFF7FFF7FFF7FFF7FFF7FFF7F
310
FF7FFF7FFF7FFF7FFF7FFF7FFF7FFF7FFF7FFF7FFF7FFF7FFF7FFF7FFF7FFF7F
310
FF7FFF7FFF7FFF7FFF7FFF7FFF7FFF7FFF7FFF7FFF7FFF7FFF7FFF7FFF7FFF7F
310
FF7FFF7FFF7FFF7FFF7FFF7FFF7FFF7FFF7FFF7FFF7FFF7FFF7FFF7FFF7FFF7F
310
FF7FFF7FFF7FFF7FFF7FFF7FFF7FFF7FFF7FFF7FFF7FFF7FFF7FFF7FFF7FFF7F
310
FF7FFF7FFF7FFF7FFF7FFF7FFF7FFF7FFF7FFF7FFF7FFF7FFF7FFF7FFF7FFF7F
310
FF7FFF7FFF7FFF7FFF7FFF7FFF7FFF7FFF7FFF7FFF7FFF7FFF7FFF7FFF7FFF7F
310
FF7FFF7FFF7FFF7FFF7FFF7FFF7FFF7FFF7FFF7FFF7FFF7FFF7FFF7FFF7FFF7F
310
FF7FFF7FFF7FFF7FFF7FFF7FFF7FFF7FFF7FFF7FFF7FFF7FFF7FFF7FFF7FFF7F
310
FF7FFF7FFF7FFF7FFF7FFF7FFF7FFF7FFF7FFF7FFF7FFF7FFF7FFF7FFF7FFF7F
310
FF7FFF7FFF7FFF7FFF7FFF7FFF7FFF7FFF7FFF7FFF7FFF7FFF7FFF7FFF7FFF7F
310
FF7FFF7FFF7FFF7FFF7FFF7FFF7FFF7F0000FF7FFF7FFF7FFF7FFF7FFF7FFF7F
310
FF7FFF7FFF7FFF7FFF7FFF7FFF7FFF7FFF7FFF7FFF7FFF7FFF7FFF7FFF7FFF7F
310
FF7FFF7FFF7FFF7FFF7FFF7FFF7FFF7FFF7FFF7FFF7FFF7FFF7FFF7FFF7FFF7F
310
FF7FFF7FFF7FFF7FFF7FFF7FFF7FFF7FFF7FFF7FFF7FFF7FFF7FFF7FFF7FFF7F
310
FF7FFF7FFF7FFF7FFF7FFF7FFF7FFF7FFF7FFF7FFF7FFF7FFF7FFF7FFF7FFF7F
310
FF7FFF7FFF7FFF7FFF7FFF7FFF7FFF7FFF7FFF7FFF7FFF7FFF7FFF7FFF7FFF7F
310
FF7FFF7FFF7FFF7FFF7FFF7FFF7FFF7FFF7FFF7FFF7FFF7FFF7FFF7FFF7FFF7F
310
FF7FFF7FFF7FFF7FFF7FFF7FFF7FFF7FFF7FFF7FFF7FFF7FFF7FFF7FFF7FFF7F
310
FF7FFF7FFF7FFF7FFF7FFF7FFF7FFF7FFF7FFF7FFF7FFF7FFF7FFF7FFF7FFF7F
310
FF7FFF7FFF7FFF7FFF7FFF7FFF7FFF7FFF7FFF7FFF7FFF7FFF7FFF7FFF7FFF7F
310
FF7FFF7FFF7FFF7FFF7FFF7FFF7FFF7FFF7FFF7FFF7FFF7FFF7FFF7FFF7FFF7F
310
FF7FFF7FFF7FFF7FFF7FFF7FFF7FFF7FFF7FFF7FFF7FFF7FFF7FFF7FFF7FFF7F
310
FF7FFF7FFF7FFF7FFF7FFF7FFF7FFF7FFF7FFF7FFF7FFF7FFF7FFF7FFF7FFF7F
310
FF7FFF7FFF7FFF7FFF7FFF7FFF7FFF7FFF7FFF7FFF7FFF7FFF7FFF7FFF7FFF7F
310
FF7FFF7FFF7FFF7FFF7FFF7FFF7FFF7FFF7FFF7FFF7FFF7FFF7FFF7FFF7FFF7F
310
FF7FFF7FFF7FFF7FFF7FFF7FFF7FFF7FFF7FFF7FFF7FFF7FFF7FFF7FFF7FFF7F
310
FF7FFF7FFF7FFF7FFF7FFF7FFF7FFF7FFF7FFF7FFF7FFF7FFF7FFF7FFF7FFF7F
310
FF7FFF7FFF7FFF7FFF7FFF7FFF7FFF7FFF7FFF7FFF7FFF7FFF7FFF7FFF7FFF7F
310
FF7FFF7FFF7FFF7FFF7FFF7FFF7FFF7FFF7FFF7FFF7FFF7FFF7FFF7FFF7FFF7F
310
FF7FFF7FFF7FFF7FFF7FFF7FFF7FFF7FFF7FFF7FFF7FFF7FFF7FFF7FFF7FFF7F
310
FF7FFF7FFF7FFF7FFF7FFF7FFF7FFF7FFF7FFF7FFF7FFF7FFF7FFF7F0000FF7F
310
FF7FFF7FFF7FFF7FFF7FFF7FFF7FFF7FFF7FFF7FFF7FFF7FFF7FFF7FFF7FFF7F
310
FF7FFF7FFF7FFF7FFF7FFF7FFF7FFF7FFF7FFF7FFF7FFF7FFF7FFF7FFF7FFF7F
310
FF7FFF7FFF7FFF7FFF7FFF7FFF7FFF7FFF7FFF7FFF7FFF7FFF7FFF7FFF7FFF7F
310
FF7FFF7FFF7FFF7FFF7FFF7FFF7FFF7FFF7FFF7FFF7FFF7FFF7FFF7FFF7FFF7F
310
FF7FFF7FFF7FFF7FFF7FFF7FFF7FFF7FFF7FFF7FFF7FFF7FFF7FFF7FFF7FFF7F
310
FF7FFF7FFF7FFF7FFF7FFF7FFF7FFF7FFF7FFF7FFF7FFF7FFF7FFF7FFF7FFF7F
310
FF7FFF7FFF7FFF7FFF7FFF7FFF7FFF7FFF7FFF7FFF7FFF7FFF7FFF7FFF7FFF7F
310
FF7FFF7FFF7FFF7FFF7FFF7FFF7FFF7FFF7FFF7FFF7FFF7FFF7FFF7FFF7FFF7F
310
FF7FFF7FFF7FFF7FFF7FFF7FFF7FFF7FFF7FFF7FFF7FFF7FFF7FFF7FFF7FFF7F
310
FF7FFF7FFF7FFF7FFF7FFF7FFF7FFF7FFF7FFF7FFF7FFF7FFF7FFF7FFF7FFF7F
310
FF7FFF7FFF7FFF7FFF7FFF7FFF7FFF7FFF7FFF7FFF7FFF7FFF7FFF7FFF7FFF7F
310
FF7FFF7FFF7FFF7FFF7FFF7FFF7FFF7FFF7FFF7FFF7FFF7FFF7FFF7FFF7FFF7F
310
FF7FFF7FFF7FFF7FFF7FFF7FFF7FFF7FFF7FFF7FFF7FFF7FFF7FFF7FFF7FFF7F
310
FF7FFF7FFF7FFF7FFF7FFF7FFF7FFF7FFF7FFF7FFF7FFF7FFF7FFF7FFF7FFF7F
310
FF7FFF7FFF7FFF7FFF7FFF7FFF7FFF7FFF7FFF7FFF7FFF7FFF7FFF7FFF7FFF7F
310
FF7FFF7FFF7FFF7FFF7FFF7FFF7FFF7FFF7FFF7FFF7FFF7FFF7FFF7FFF7FFF7F
310
FF7FFF7FFF7FFF7FFF7FFF7FFF7FFF7FFF7FFF7FFF7FFF7FFF7FFF7FFF7FFF7F
310
FF7FFF7FFF7FFF7FFF7FFF7FFF7FFF7FFF7FFF7FFF7FFF7FFF7FFF7FFF7FFF7F
310
FF7FFF7FFF7FFF7FFF7FFF7FFF7FFF7FFF7FFF7FFF7FFF7FFF7FFF7FFF7FFF7F
310
FF7FFF7FFF7FFF7FFF7FFF7FFF7FFF7FFF7FFF7FFF7FFF7FFF7FFF7FFF7FFF7F
310
FF7FFF7FFF7FFF7F0000FF7FFF7FFF7FFF7FFF7FFF7FFF7FFF7FFF7FFF7FFF7F
310
FF7FFF7FFF7FFF7FFF7FFF7FFF7FFF7FFF7FFF7FFF7FFF7FFF7FFF7FFF7FFF7F
310
FF7FFF7FFF7FFF7FFF7FFF7FFF7FFF7FFF7FFF7FFF7FFF7FFF7FFF7FFF7FFF7F
310
FF7FFF7FFF7FFF7FFF7FFF7FFF7FFF7FFF7FFF7FFF7FFF7FFF7FFF7FFF7FFF7F
310
FF7FFF7FFF7FFF7FFF7FFF7FFF7FFF7FFF7FFF7FFF7FFF7FFF7FFF7FFF7FFF7F
310
FF7FFF7FFF7FFF7FFF7FFF7FFF7FFF7FFF7FFF7FFF7FFF7FFF7FFF7FFF7FFF7F
310
FF7FFF7FFF7FFF7FFF7FFF7FFF7FFF7FFF7FFF7FFF7FFF7FFF7FFF7FFF7FFF7F
310
FF7FFF7FFF7FFF7FFF7FFF7FFF7FFF7FFF7FFF7FFF7FFF7FFF7FFF7FFF7FFF7F
310
FF7FFF7FFF7FFF7FFF7FFF7FFF7FFF7FFF7FFF7FFF7FFF7FFF7FFF7FFF7FFF7F
310
FF7FFF7FFF7FFF7FFF7FFF7FFF7FFF7FFF7FFF7FFF7FFF7FFF7FFF7FFF7FFF7F
310
FF7FFF7FFF7FFF7FFF7FFF7FFF7FFF7FFF7FFF7FFF7FFF7FFF7FFF7FFF7FFF7F
310
FF7FFF7FFF7FFF7FFF7FFF7FFF7FFF7FFF7FFF7FFF7FFF7FFF7FFF7FFF7FFF7F
310
FF7FFF7FFF7FFF7FFF7FFF7FFF7FFF7FFF7FFF7FFF7FFF7FFF7FFF7FFF7FFF7F
310
FF7FFF7FFF7FFF7FFF7FFF7FFF7FFF7FFF7FFF7FFF7FFF7FFF7FFF7FFF7FFF7F
310
FF7FFF7FFF7FFF7FFF7FFF7FFF7FFF7FFF7FFF7FFF7FFF7FFF7FFF7FFF7FFF7F
310
FF7FFF7FFF7FFF7FFF7FFF7FFF7FFF7FFF7FFF7FFF7FFF7FFF7FFF7FFF7FFF7F
310
FF7FFF7FFF7FFF7FFF7FFF7FFF7FFF7FFF7FFF7FFF7FFF7FFF7FFF7FFF7FFF7F
310
FF7FFF7FFF7FFF7FFF7FFF7FFF7FFF7FFF7FFF7FFF7FFF7FFF7FFF7FFF7FFF7F
310
FF7FFF7FFF7FFF7FFF7FFF7FFF7FFF7FFF7FFF7FFF7FFF7FFF7FFF7FFF7FFF7F
310
FF7FFF7FFF7FFF7FFF7FFF7FFF7FFF7FFF7FFF7FFF7FFF7FFF7FFF7FFF7FFF7F
310
FF7FFF7FFF7FFF7FFF7FFF7FFF7FFF7FFF7FFF7F0000FF7FFF7FFF7FFF7FFF7F
310
FF7FFF7FFF7FFF7FFF7FFF7FFF7FFF7FFF7FFF7FFF7FFF7FFF7FFF7FFF7FFF7F
310
FF7FFF7FFF7FFF7FFF7FFF7FFF7FFF7FFF7FFF7FFF7FFF7FFF7FFF7FFF7FFF7F
310
FF7FFF7FFF7FFF7FFF7FFF7FFF7FFF7FFF7FFF7FFF7FFF7FFF7FFF7FFF7FFF7F
310
FF7FFF7FFF7FFF7FFF7FFF7FFF7FFF7FFF7FFF7FFF7FFF7FFF7FFF7FFF7FFF7F
310
FF7FFF7FFF7FFF7FFF7FFF7FFF7FFF7FFF7FFF7FFF7FFF7FFF7FFF7FFF7FFF7F
310
FF7FFF7FFF7FFF7FFF7FFF7FFF7FFF7FFF7FFF7FFF7FFF7FFF7FFF7FFF7FFF7F
310
FF7FFF7FFF7FFF7FFF7FFF7FFF7FFF7FFF7FFF7FFF7FFF7FFF7FFF7FFF7FFF7F
310
FF7FFF7FFF7FFF7FFF7FFF7FFF7FFF7FFF7FFF7FFF7FFF7FFF7FFF7FFF7FFF7F
310
FF7FFF7FFF7FFF7FFF7FFF7FFF7FFF7FFF7FFF7FFF7FFF7FFF7FFF7FFF7FFF7F
310
FF7FFF7FFF7FFF7FFF7FFF7FFF7FFF7FFF7FFF7FFF7FFF7FFF7FFF7FFF7FFF7F
310
FF7FFF7FFF7FFF7FFF7FFF7FFF7FFF7FFF7FFF7FFF7FFF7FFF7FFF7FFF7FFF7F
310
FF7FFF7FFF7FFF7FFF7FFF7FFF7FFF7FFF7FFF7FFF7FFF7FFF7FFF7FFF7FFF7F
310
FF7FFF7FFF7FFF7FFF7FFF7FFF7FFF7FFF7FFF7FFF7FFF7FFF7FFF7FFF7FFF7F
310
FF7FFF7FFF7FFF7FFF7FFF7FFF7FFF7FFF7FFF7FFF7FFF7FFF7FFF7FFF7FFF7F
310
FF7FFF7FFF7FFF7FFF7FFF7FFF7FFF7FFF7FFF7FFF7FFF7FFF7FFF7FFF7FFF7F
310
FF7FFF7FFF7FFF7FFF7FFF7FFF7FFF7FFF7FFF7FFF7FFF7FFF7FFF7FFF7FFF7F
310
FF7FFF7FFF7FFF7FFF7FFF7FFF7FFF7FFF7FFF7FFF7FFF7FFF7FFF7FFF7FFF7F
310
FF7FFF7FFF7FFF7FFF7FFF7FFF7FFF7FFF7FFF7FFF7FFF7FFF7FFF7FFF7FFF7F
310
FF7FFF7FFF7FFF7FFF7FFF7FFF7FFF7FFF7FFF7FFF7FFF7FFF7FFF7FFF7FFF7F
310
FF7FFF7FFF7FFF7FFF7FFF7FFF7FFF7FFF7FFF7FFF7FFF7FFF7FFF7FFF7FFF7F
310
0000FF7FFF7FFF7FFF7FFF7FFF7FFF7FFF7FFF7FFF7FFF7FFF7FFF7FFF7FFF7F
310
FF7FFF7FFF7FFF7FFF7FFF7FFF7FFF7FFF7FFF7FFF7FFF7FFF7FFF7FFF7FFF7F
310
FF7FFF7FFF7FFF7FFF7FFF7FFF7FFF7FFF7FFF7FFF7FFF7FFF7FFF7FFF7FFF7F
310
FF7FFF7FFF7FFF7FFF7FFF7FFF7FFF7FFF7FFF7FFF7FFF7FFF7FFF7FFF7FFF7F
310
FF7FFF7FFF7FFF7FFF7FFF7FFF7FFF7FFF7FFF7FFF7FFF7FFF7FFF7FFF7FFF7F
310
FF7FFF7FFF7FFF7FFF7FFF7FFF7FFF7FFF7FFF7FFF7FFF7FFF7FFF7FFF7FFF7F
310
FF7FFF7FFF7FFF7FFF7FFF7FFF7FFF7FFF7FFF7FFF7FFF7FFF7FFF7FFF7FFF7F
310
FF7FFF7FFF7FFF7FFF7FFF7FFF7FFF7FFF7FFF7FFF7FFF7FFF7FFF7FFF7FFF7F
310
FF7FFF7FFF7FFF7FFF7FFF7FFF7FFF7FFF7FFF7FFF7FFF7FFF7FFF7FFF7FFF7F
310
FF7FFF7FFF7FFF7FFF7FFF7FFF7FFF7FFF7FFF7FFF7FFF7FFF7FFF7FFF7FFF7F
310
FF7FFF7FFF7FFF7FFF7FFF7FFF7FFF7FFF7FFF7FFF7FFF7FFF7FFF7FFF7FFF7F
310
FF7FFF7FFF7FFF7FFF7FFF7FFF7FFF7FFF7FFF7FFF7FFF7FFF7FFF7FFF7FFF7F
310
FF7FFF7FFF7FFF7FFF7FFF7FFF7FFF7FFF7FFF7FFF7FFF7FFF7FFF7FFF7FFF7F
310
FF7FFF7FFF7FFF7FFF7FFF7FFF7FFF7FFF7FFF7FFF7FFF7FFF7FFF7FFF7FFF7F
310
FF7FFF7FFF7FFF7FFF7FFF7FFF7FFF7FFF7FFF7FFF7FFF7FFF7FFF7FFF7FFF7F
310
FF7FFF7FFF7FFF7FFF7FFF7FFF7FFF7FFF7FFF7FFF7FFF7FFF7FFF7FFF7FFF7F
310
FF7FFF7FFF7FFF7FFF7FFF7FFF7FFF7FFF7FFF7FFF7FFF7FFF7FFF7FFF7FFF7F
310
FF7FFF7FFF7FFF7FFF7FFF7FFF7FFF7FFF7FFF7FFF7FFF7FFF7FFF7FFF7FFF7F
310
FF7FFF7FFF7FFF7FFF7FFF7FFF7FFF7FFF7FFF7FFF7FFF7FFF7FFF7FFF7FFF7F
310
FF7FFF7FFF7FFF7FFF7FFF7FFF7FFF7FFF7FFF7FFF7FFF7FFF7FFF7FFF7FFF7F
310
FF7FFF7FFF7FFF7FFF7FFF7F0000FF7FFF7FFF7FFF7FFF7FFF7FFF7FFF7FFF7F
310
FF7FFF7FFF7FFF7FFF7FFF7FFF7FFF7FFF7FFF7FFF7FFF7FDD7F177B9176EC71
310
A96D4669456D2569456D256945694569676DA96D2D72B276597FDE7FFF7FFF7F
310
FF7FFF7FFF7FFF7FFF7FFF7FFF7FFF7FFF7FFF7FFF7FFF7FFF7FFF7FFF7FFF7F
310
FF7FFF7FFF7FFF7FFF7FFF7FFF7FFF7FFF7FFF7FFF7FFF7FFF7FFF7FFF7FFF7F
310
FF7FFF7FFF7FFF7FFF7FFF7FFF7FFF7FFF7FFF7FFF7FFF7FFF7FFF7FFF7FFF7F
310
FF7FFF7FFF7FFF7FFF7FFF7FFF7FFF7FFF7FFF7FFF7FFF7FFF7FFF7FFF7FFF7F
310
FF7FFF7FFF7FFF7FFF7FFF7FFF7FFF7FFF7FFF7FFF7FFF7FFF7FFF7FFF7FFF7F
310
FF7FFF7FFF7FFF7FFF7FFF7FFF7FFF7FFF7FFF7FFF7FFF7FFF7FFF7FFF7FFF7F
310
FF7FFF7FFF7FFF7FFF7FFF7FFF7FFF7FFF7FFF7FFF7FFF7FFF7FFF7FFF7FFF7F
310
FF7FFF7FFF7FFF7FFF7FFF7FFF7FFF7FFF7FFF7FFF7FFF7FFF7FFF7FFF7FFF7F
310
FF7FFF7FFF7FFF7FFF7FFF7FFF7FFF7FFF7FFF7FFF7FFF7FFF7FFF7FFF7FFF7F
310
FF7FFF7FFF7FFF7FFF7FFF7FFF7FFF7FFF7FFF7FFF7FFF7FFF7FFF7FFF7FFF7F
310
FF7FFF7FFF7FFF7FFF7FFF7FFF7FFF7FFF7FFF7FFF7FFF7FFF7FFF7FFF7FFF7F
310
FF7FFF7FFF7FFF7FFF7FFF7FFF7FFF7FFF7FFF7FFF7FFF7FFF7FFF7FFF7FFF7F
310
FF7FFF7FFF7FFF7FFF7FFF7FFF7FFF7FFF7FFF7FFF7FFF7FFF7FFF7FFF7FFF7F
310
FF7FFF7FFF7FFF7FFF7FFF7FFF7FFF7FFF7FFF7FFF7FFF7FFF7FFF7FFF7FFF7F
310
FF7FFF7FFF7FFF7FFF7FFF7FFF7FFF7FFF7FFF7FFF7FFF7FFF7FFF7FFF7FFF7F
310
FF7FFF7FFF7FFF7FFF7FFF7FFF7FFF7FFF7FFF7FFF7FFF7FFF7FFF7FFF7FFF7F
310
FF7FFF7FFF7FFF7FFF7FFF7FFF7FFF7FFF7FFF7FFF7FFF7FFF7FFF7FFF7FFF7F
310
FF7FFF7FFF7FFF7FFF7FFF7FFF7FFF7FFF7FFF7FFF7FFF7F0000FF7FFF7FFF7F
310
FF7FFF7FFF7FFF7FFF7FFF7FFF7FFF7FFF7FFF7FFF7FFF7FFF7FFF7FFF7FFF7F
310
167B2E76676D456D2569456D4569456D2569456D4569456D2569456D4569456D
310
2569456D4569A96D70727A7FFF7FFF7FFF7FFF7FFF7FFF7FFF7FFF7FFF7FFF7F
310
FF7FFF7FFF7FFF7FFF7FFF7FFF7FFF7FFF7FFF7FFF7FFF7FFF7FFF7FFF7FFF7F
310
FF7FFF7FFF7FFF7FFF7FFF7FFF7FFF7FFF7FFF7FFF7FFF7FFF7FFF7FFF7FFF7F
310
FF7FFF7FFF7FFF7FFF7FFF7FFF7FFF7FFF7FFF7FFF7FFF7FFF7FFF7FFF7FFF7F
310
FF7FFF7FFF7FFF7FFF7FFF7FFF7FFF7FFF7FFF7FFF7FFF7FFF7FFF7FFF7FFF7F
310
FF7FFF7FFF7FFF7FFF7FFF7FFF7FFF7FFF7FFF7FFF7FFF7FFF7FFF7FFF7FFF7F
310
FF7FFF7FFF7FFF7FFF7FFF7FFF7FFF7FFF7FFF7FFF7FFF7FFF7FFF7FFF7FFF7F
310
FF7FFF7FFF7FFF7FFF7FFF7FFF7FFF7FFF7FFF7FFF7FFF7FFF7FFF7FFF7FFF7F
310
FF7FFF7FFF7FFF7FFF7FFF7FFF7FFF7FFF7FFF7FFF7FFF7FFF7FFF7FFF7FFF7F
310
FF7FFF7FFF7FFF7FFF7FFF7FFF7FFF7FFF7FFF7FFF7FFF7FFF7FFF7FFF7FFF7F
310
FF7FFF7FFF7FFF7FFF7FFF7FFF7FFF7FFF7F1610000026060F002220574D4643
310
01000000000001000000000000000800000000200000688F000068EF0000FF7F
310
FF7FFF7FFF7FFF7FFF7FFF7FFF7FFF7FFF7FFF7FFF7FFF7FFF7FFF7FFF7FFF7F
310
FF7FFF7FFF7FFF7FFF7FFF7FFF7FFF7FFF7FFF7FFF7FFF7FFF7FFF7FFF7FFF7F
310
FF7FFF7FFF7FFF7FFF7FFF7FFF7FFF7FFF7FFF7FFF7FFF7FFF7FFF7FFF7FFF7F
310
FF7FFF7FFF7FFF7FFF7FFF7FFF7FFF7FFF7FFF7FFF7FFF7FFF7FFF7FFF7FFF7F
310
FF7FFF7FFF7FFF7FFF7FFF7FFF7FFF7FFF7FFF7FFF7FFF7FFF7FFF7FFF7FFF7F
310
FF7FFF7FFF7FFF7FFF7FFF7FFF7FFF7FFF7FFF7FFF7FFF7FFF7FFF7FFF7FFF7F
310
FF7FFF7FFF7FFF7FFF7FFF7FFF7FFF7FFF7FFF7FFF7FFF7FFF7FFF7FFF7FFF7F
310
FF7FFF7FFF7FFF7FFF7FFF7FFF7FFF7F0000FF7FFF7FFF7FFF7FFF7FFF7FFF7F
310
FF7FFF7FFF7FFF7FFF7FFF7FFF7FFF7FFF7FBD7FB376886D456D256945692569
310
456D256945692569456D256945692569456D256945692569456D256945692569
310
456D2569EB71167BFF7FFF7FFF7FFF7FFF7FFF7FFF7FFF7FFF7FFF7FFF7FFF7F
310
FF7FFF7FFF7FFF7FFF7FFF7FFF7FFF7FFF7FFF7FFF7FFF7FFF7FFF7FFF7FFF7F
310
FF7FFF7FFF7FFF7FFF7FFF7FFF7FFF7FFF7FFF7FFF7FFF7FFF7FFF7FFF7FFF7F
310
FF7FFF7FFF7FFF7FFF7FFF7FFF7FFF7FFF7FFF7FFF7FFF7FFF7FFF7FFF7FFF7F
310
FF7FFF7FFF7FFF7FFF7FFF7FFF7FFF7FFF7FFF7FFF7FFF7FFF7FFF7FFF7FFF7F
310
FF7FFF7FFF7FFF7FFF7FFF7FFF7FFF7FFF7FFF7FFF7FFF7FFF7FFF7FFF7FFF7F
310
FF7FFF7FFF7FFF7FFF7FFF7FFF7FFF7FFF7FFF7FFF7FFF7FFF7FFF7FFF7FFF7F
310
FF7FFF7FFF7FFF7FFF7FFF7FFF7FFF7FFF7FFF7FFF7FFF7FFF7FFF7FFF7FFF7F
310
FF7FFF7FFF7FFF7FFF7FFF7FFF7FFF7FFF7FFF7FFF7FFF7FFF7FFF7FFF7FFF7F
310
FF7FFF7FFF7FFF7FFF7FFF7FFF7FFF7FFF7FFF7FFF7FFF7FFF7FFF7FFF7FFF7F
310
FF7FFF7FFF7FFF7FFF7FFF7FFF7FFF7FFF7FFF7FFF7FFF7FFF7FFF7FFF7FFF7F
310
FF7FFF7FFF7FFF7FFF7FFF7FFF7FFF7FFF7FFF7FFF7FFF7FFF7FFF7FFF7FFF7F
310
FF7FFF7FFF7FFF7FFF7FFF7FFF7FFF7FFF7FFF7FFF7FFF7FFF7FFF7FFF7FFF7F
310
FF7FFF7FFF7FFF7FFF7FFF7FFF7FFF7FFF7FFF7FFF7FFF7FFF7FFF7FFF7FFF7F
310
FF7FFF7FFF7FFF7FFF7FFF7FFF7FFF7FFF7FFF7FFF7FFF7FFF7FFF7FFF7FFF7F
310
FF7FFF7FFF7FFF7FFF7FFF7FFF7FFF7FFF7FFF7FFF7FFF7FFF7FFF7FFF7FFF7F
310
FF7FFF7FFF7FFF7FFF7FFF7FFF7FFF7FFF7FFF7FFF7FFF7FFF7FFF7FFF7FFF7F
310
FF7FFF7FFF7FFF7FFF7FFF7FFF7FFF7FFF7FFF7FFF7FFF7FFF7FFF7F0000FF7F
310
FF7FFF7FFF7FFF7FFF7FFF7FFF7FFF7FFF7FFF7FFF7FFF7FFF7FFF7FD476A86D
310
2569456D4569456D2569456D4569456D2569456D4569456D2569456D4569456D
310
2569456D4569456D2569456D4569456D2569456DEB71597FFF7FFF7FFF7FFF7F
310
FF7FFF7FFF7FFF7FFF7FFF7FFF7FFF7FFF7FFF7FFF7FFF7FFF7FFF7FFF7FFF7F
310
FF7FFF7FFF7FFF7FFF7FFF7FFF7FFF7FFF7FFF7FFF7FFF7FFF7FFF7FFF7FFF7F
310
FF7FFF7FFF7FFF7FFF7FFF7FFF7FFF7FFF7FFF7FFF7FFF7FFF7FFF7FFF7FFF7F
310
FF7FFF7FFF7FFF7FFF7FFF7FFF7FFF7FFF7FFF7FFF7FFF7FFF7FFF7FFF7FFF7F
310
FF7FFF7FFF7FFF7FFF7FFF7FFF7FFF7FFF7FFF7FFF7FFF7FFF7FFF7FFF7FFF7F
310
FF7FFF7FFF7FFF7FFF7FFF7FFF7FFF7FFF7FFF7FFF7FFF7FFF7FFF7FFF7FFF7F
310
FF7FFF7FFF7FFF7FFF7FFF7FFF7FFF7FFF7FFF7FFF7FFF7FFF7FFF7FFF7FFF7F
310
FF7FFF7FFF7FFF7FFF7FFF7FFF7FFF7FFF7FFF7FFF7FFF7FFF7FFF7FFF7FFF7F
310
FF7FFF7FFF7FFF7FFF7FFF7FFF7FFF7FFF7FFF7FFF7FFF7FFF7FFF7FFF7FFF7F
310
FF7FFF7FFF7FFF7FFF7FFF7FFF7FFF7FFF7FFF7FFF7FFF7FFF7FFF7FFF7FFF7F
310
FF7FFF7FFF7FFF7FFF7FFF7FFF7FFF7FFF7FFF7FFF7FFF7FFF7FFF7FFF7FFF7F
310
FF7FFF7FFF7FFF7FFF7FFF7FFF7FFF7FFF7FFF7FFF7FFF7FFF7FFF7FFF7FFF7F
310
FF7FFF7FFF7FFF7FFF7FFF7FFF7FFF7FFF7FFF7FFF7FFF7FFF7FFF7FFF7FFF7F
310
FF7FFF7FFF7FFF7FFF7FFF7FFF7FFF7FFF7FFF7FFF7FFF7FFF7FFF7FFF7FFF7F
310
FF7FFF7FFF7FFF7FFF7FFF7FFF7FFF7FFF7FFF7FFF7FFF7FFF7FFF7FFF7FFF7F
310
FF7FFF7FFF7FFF7FFF7FFF7FFF7FFF7FFF7FFF7FFF7FFF7FFF7FFF7FFF7FFF7F
310
FF7FFF7FFF7FFF7FFF7FFF7FFF7FFF7FFF7FFF7FFF7FFF7FFF7FFF7FFF7FFF7F
310
FF7FFF7FFF7FFF7F0000FF7FFF7FFF7FFF7FFF7FFF7FFF7FFF7FFF7FFF7FFF7F
310
FF7FFF7F7A7FCB6D45692569456D256945692569456D256945692569456D2569
310
45692569456D256945692569456D256945692569456D256945692569456D2569
310
456925695076BD7FFF7FFF7FFF7FFF7FFF7FFF7FFF7FFF7FFF7FFF7FFF7FFF7F
310
FF7FFF7FFF7FFF7FFF7FFF7FFF7FFF7FFF7FFF7FFF7FFF7FFF7FFF7FFF7FFF7F
310
FF7FFF7FFF7FFF7FFF7FFF7FFF7FFF7FFF7FFF7FFF7FFF7FFF7FFF7FFF7FFF7F
310
FF7FFF7FFF7FFF7FFF7FFF7FFF7FFF7FFF7FFF7FFF7FFF7FFF7FFF7FFF7FFF7F
310
FF7FFF7FFF7FFF7FFF7FFF7FFF7FFF7FFF7FFF7FFF7FFF7FFF7FFF7FFF7FFF7F
310
FF7FFF7FFF7FFF7FFF7FFF7FFF7FFF7FFF7FFF7FFF7FFF7FFF7FFF7FFF7FFF7F
310
FF7FFF7FFF7FFF7FFF7FFF7FFF7FFF7FFF7FFF7FFF7FFF7FFF7FFF7FFF7FFF7F
310
FF7FFF7FFF7FFF7FFF7FFF7FFF7FFF7FFF7FFF7FFF7FFF7FFF7FFF7FFF7FFF7F
310
FF7FFF7FFF7FFF7FFF7FFF7FFF7FFF7FFF7FFF7FFF7FFF7FFF7FFF7FFF7FFF7F
310
FF7FFF7FFF7FFF7FFF7FFF7FFF7FFF7FFF7FFF7FFF7FFF7FFF7FFF7FFF7FFF7F
310
FF7FFF7FFF7FFF7FFF7FFF7FFF7FFF7FFF7FFF7FFF7FFF7FFF7FFF7FFF7FFF7F
310
FF7FFF7FFF7FFF7FFF7FFF7FFF7FFF7FFF7FFF7FFF7FFF7FFF7FFF7FFF7FFF7F
310
FF7FFF7FFF7FFF7FFF7FFF7FFF7FFF7FFF7FFF7FFF7FFF7FFF7FFF7FFF7FFF7F
310
FF7FFF7FFF7FFF7FFF7FFF7FFF7FFF7FFF7FFF7FFF7FFF7FFF7FFF7FFF7FFF7F
310
FF7FFF7FFF7FFF7FFF7FFF7FFF7FFF7FFF7FFF7FFF7FFF7FFF7FFF7FFF7FFF7F
310
FF7FFF7FFF7FFF7FFF7FFF7FFF7FFF7FFF7FFF7FFF7FFF7FFF7FFF7FFF7FFF7F
310
FF7FFF7FFF7FFF7FFF7FFF7FFF7FFF7FFF7FFF7FFF7FFF7FFF7FFF7FFF7FFF7F
310
FF7FFF7FFF7FFF7FFF7FFF7FFF7FFF7FFF7FFF7F0000FF7FFF7FFF7FFF7FFF7F
310
FF7FFF7FFF7FFF7FFF7FFF7FFF7FD47A666D456D2569456D4569456D2569456D
310
4569456D2569456D4569456D2569456D4569456D2569456D4569456D2569456D
310
4569456D2569456D4569456D2569456D4569A971597BFF7FFF7FFF7FFF7FFF7F
310
FF7FFF7FFF7FFF7FFF7FFF7FFF7FFF7FFF7FFF7FFF7FFF7FFF7FFF7FFF7FFF7F
310
FF7FFF7FFF7FFF7FFF7FFF7FFF7FFF7FFF7FFF7FFF7FFF7FFF7FFF7FFF7FFF7F
310
FF7FFF7FFF7FFF7FFF7FFF7FFF7FFF7FFF7FFF7FFF7FFF7FFF7FFF7FFF7FFF7F
310
FF7FFF7FFF7FFF7FFF7FFF7FFF7FFF7FFF7FFF7FFF7FFF7FFF7FFF7FFF7FFF7F
310
FF7FFF7FFF7FFF7FFF7FFF7FFF7FFF7FFF7FFF7FFF7FFF7FFF7FFF7FFF7FFF7F
310
FF7FFF7FFF7FFF7FFF7FFF7FFF7FFF7FFF7FFF7FFF7FFF7FFF7FFF7FFF7FFF7F
310
FF7FFF7FFF7FFF7FFF7FFF7FFF7FFF7FFF7FFF7FFF7FFF7FFF7FFF7FFF7FFF7F
310
FF7FFF7FFF7FFF7FFF7FFF7FFF7FFF7FFF7FFF7FFF7FFF7FFF7FFF7FFF7FFF7F
310
FF7FFF7FFF7FFF7FFF7FFF7FFF7FFF7FFF7FFF7FFF7FFF7FFF7FFF7FFF7FFF7F
310
FF7FFF7FFF7FFF7FFF7FFF7FFF7FFF7FFF7FFF7FFF7FFF7FFF7FFF7FFF7FFF7F
310
FF7FFF7FFF7FFF7FFF7FFF7FFF7FFF7FFF7FFF7FFF7FFF7FFF7FFF7FFF7FFF7F
310
FF7FFF7FFF7FFF7FFF7FFF7FFF7FFF7FFF7FFF7FFF7FFF7FFF7FFF7FFF7FFF7F
310
FF7FFF7FFF7FFF7FFF7FFF7FFF7FFF7FFF7FFF7FFF7FFF7FFF7FFF7FFF7FFF7F
310
FF7FFF7FFF7FFF7FFF7FFF7FFF7FFF7FFF7FFF7FFF7FFF7FFF7FFF7FFF7FFF7F
310
FF7FFF7FFF7FFF7FFF7FFF7FFF7FFF7FFF7FFF7FFF7FFF7FFF7FFF7FFF7FFF7F
310
FF7FFF7FFF7FFF7FFF7FFF7FFF7FFF7FFF7FFF7FFF7FFF7FFF7FFF7FFF7FFF7F
310
FF7FFF7FFF7FFF7FFF7FFF7FFF7FFF7FFF7FFF7FFF7FFF7FFF7FFF7FFF7FFF7F
310
0000FF7FFF7FFF7FFF7FFF7FFF7FFF7FFF7FFF7FFF7FFE7F4F76256945692569
310
456D256945692569456D256945692569456D256945692569456D256945692569
310
456D256945692569456D256945692569456D256945692569456D256945692569
310
666DD476FF7FFF7FFF7FFF7FFF7FFF7FFF7FFF7FFF7FFF7FFF7FFF7FFF7FFF7F
310
FF7FFF7FFF7FFF7FFF7FFF7FFF7FFF7FFF7FFF7FFF7FFF7FFF7FFF7FFF7FFF7F
310
FF7FFF7FFF7FFF7FFF7FFF7FFF7FFF7FFF7FFF7FFF7FFF7FFF7FFF7FFF7FFF7F
310
FF7FFF7FFF7FFF7FFF7FFF7FFF7FFF7FFF7FFF7FFF7FFF7FFF7FFF7FFF7FFF7F
310
FF7FFF7FFF7FFF7FFF7FFF7FFF7FFF7FFF7FFF7FFF7FFF7FFF7FFF7FFF7FFF7F
310
FF7FFF7FFF7FFF7FFF7FFF7FFF7FFF7FFF7FFF7FFF7FFF7FFF7FFF7FFF7FFF7F
310
FF7FFF7FFF7FFF7FFF7FFF7FFF7FFF7FFF7FFF7FFF7FFF7FFF7FFF7FFF7FFF7F
310
FF7FFF7FFF7FFF7FFF7FFF7FFF7FFF7FFF7FFF7FFF7FFF7FFF7FFF7FFF7FFF7F
310
FF7FFF7FFF7FFF7FFF7FFF7FFF7FFF7FFF7FFF7FFF7FFF7FFF7FFF7FFF7FFF7F
310
FF7FFF7FFF7FFF7FFF7FFF7FFF7FFF7FFF7FFF7FFF7FFF7FFF7FFF7FFF7FFF7F
310
FF7FFF7FFF7FFF7FFF7FFF7FFF7FFF7FFF7FFF7FFF7FFF7FFF7FFF7FFF7FFF7F
310
FF7FFF7FFF7FFF7FFF7FFF7FFF7FFF7FFF7FFF7FFF7FFF7FFF7FFF7FFF7FFF7F
310
FF7FFF7FFF7FFF7FFF7FFF7FFF7FFF7FFF7FFF7FFF7FFF7FFF7FFF7FFF7FFF7F
310
FF7FFF7FFF7FFF7FFF7FFF7FFF7FFF7FFF7FFF7FFF7FFF7FFF7FFF7FFF7FFF7F
310
FF7FFF7FFF7FFF7FFF7FFF7FFF7FFF7FFF7FFF7FFF7FFF7FFF7FFF7FFF7FFF7F
310
FF7FFF7FFF7FFF7FFF7FFF7FFF7FFF7FFF7FFF7FFF7FFF7FFF7FFF7FFF7FFF7F
310
FF7FFF7FFF7FFF7FFF7FFF7FFF7FFF7FFF7FFF7FFF7FFF7FFF7FFF7FFF7FFF7F
310
FF7FFF7FFF7FFF7FFF7FFF7F0000FF7FFF7FFF7FFF7FFF7FFF7FFF7FFF7FFF7F
310
DE7F0D724569456D2569456D4569456D2569456D4569456D2569456D4569456D
310
2569456D4569456D2569456D4569456D2569456D4569456D2569456D4569456D
310
2569456D4569456D2569456D4569456DB276FF7FFF7FFF7FFF7FFF7FFF7FFF7F
310
FF7FFF7FFF7FFF7FFF7FFF7FFF7FFF7FFF7FFF7FFF7FFF7FFF7FFF7FFF7FFF7F
310
FF7FFF7FFF7FFF7FFF7FFF7FFF7FFF7FFF7FFF7FFF7FFF7FFF7FFF7FFF7FFF7F
310
FF7FFF7FFF7FFF7FFF7FFF7FFF7FFF7FFF7FFF7FFF7FFF7FFF7FFF7FFF7FFF7F
310
FF7FFF7FFF7FFF7FFF7FFF7FFF7FFF7FFF7FFF7FFF7FFF7FFF7FFF7FFF7FFF7F
310
FF7FFF7FFF7FFF7FFF7FFF7FFF7FFF7FFF7FFF7FFF7FFF7FFF7FFF7FFF7FFF7F
310
FF7FFF7FFF7FFF7FFF7FFF7FFF7FFF7FFF7FFF7FFF7FFF7FFF7FFF7FFF7FFF7F
310
FF7FFF7FFF7FFF7FFF7FFF7FFF7FFF7FFF7FFF7FFF7FFF7FFF7FFF7FFF7FFF7F
310
FF7FFF7FFF7FFF7FFF7FFF7FFF7FFF7FFF7FFF7FFF7FFF7FFF7FFF7FFF7FFF7F
310
FF7FFF7FFF7FFF7FFF7FFF7FFF7FFF7FFF7FFF7FFF7FFF7FFF7FFF7FFF7FFF7F
310
FF7FFF7FFF7FFF7FFF7FFF7FFF7FFF7FFF7FFF7FFF7FFF7FFF7FFF7FFF7FFF7F
310
FF7FFF7FFF7FFF7FFF7FFF7FFF7FFF7FFF7FFF7FFF7FFF7FFF7FFF7FFF7FFF7F
310
FF7FFF7FFF7FFF7FFF7FFF7FFF7FFF7FFF7FFF7FFF7FFF7FFF7FFF7FFF7FFF7F
310
FF7FFF7FFF7FFF7FFF7FFF7FFF7FFF7FFF7FFF7FFF7FFF7FFF7FFF7FFF7FFF7F
310
FF7FFF7FFF7FFF7FFF7FFF7FFF7FFF7FFF7FFF7FFF7FFF7FFF7FFF7FFF7FFF7F
310
FF7FFF7FFF7FFF7FFF7FFF7FFF7FFF7FFF7FFF7FFF7FFF7FFF7FFF7FFF7FFF7F
310
FF7FFF7FFF7FFF7FFF7FFF7FFF7FFF7FFF7FFF7FFF7FFF7FFF7FFF7FFF7FFF7F
310
FF7FFF7FFF7FFF7FFF7FFF7FFF7FFF7FFF7FFF7FFF7FFF7F0000FF7FFF7FFF7F
310
FF7FFF7FFF7FFF7FFF7FDE7F0C72256945692569456D256945692569456D2569
310
45692569456D256945692569456D256945692569456D256945692569456D2569
310
45692569456D256945692569456D256945692569456D256945692569456D9276
310
FF7FFF7FFF7FFF7FFF7FFF7FFF7FFF7FFF7FFF7FFF7FFF7FFF7FFF7FFF7FFF7F
310
FF7FFF7FFF7FFF7FFF7FFF7FFF7FFF7FFF7FFF7FFF7FFF7FFF7FFF7FFF7FFF7F
310
FF7FFF7FFF7FFF7FFF7FFF7FFF7FFF7FFF7FFF7FFF7FFF7FFF7FFF7FFF7FFF7F
310
FF7FFF7FFF7FFF7FFF7FFF7FFF7FFF7FFF7FFF7FFF7FFF7FFF7FFF7FFF7FFF7F
310
FF7FFF7FFF7FFF7FFF7FFF7FFF7FFF7FFF7FFF7FFF7FFF7FFF7FFF7FFF7FFF7F
310
FF7FFF7FFF7FFF7FFF7FFF7FFF7FFF7FFF7FFF7FFF7FFF7FFF7FFF7FFF7FFF7F
310
FF7FFF7FFF7FFF7FFF7FFF7FFF7FFF7FFF7FFF7FFF7FFF7FFF7FFF7FFF7FFF7F
310
FF7FFF7FFF7FFF7FFF7FFF7FFF7FFF7FFF7FFF7FFF7FFF7FFF7FFF7FFF7FFF7F
310
FF7FFF7FFF7FFF7FFF7FFF7FFF7FFF7FFF7FFF7FFF7FFF7FFF7FFF7FFF7FFF7F
310
FF7FFF7FFF7FFF7FFF7FFF7FFF7FFF7FFF7FFF7FFF7FFF7FFF7FFF7FFF7FFF7F
310
FF7FFF7FFF7FFF7FFF7FFF7FFF7FFF7FFF7FFF7FFF7FFF7FFF7FFF7FFF7FFF7F
310
FF7FFF7FFF7FFF7FFF7FFF7FFF7FFF7FFF7FFF7FFF7FFF7FFF7FFF7FFF7FFF7F
310
FF7FFF7FFF7FFF7FFF7FFF7FFF7FFF7FFF7FFF7FFF7FFF7FFF7FFF7FFF7FFF7F
310
FF7FFF7FFF7FFF7FFF7FFF7FFF7FFF7FFF7FFF7FFF7FFF7FFF7FFF7FFF7FFF7F
310
FF7FFF7FFF7FFF7FFF7FFF7FFF7FFF7FFF7FFF7FFF7FFF7FFF7FFF7FFF7FFF7F
310
FF7FFF7FFF7FFF7FFF7FFF7FFF7FFF7FFF7FFF7FFF7FFF7FFF7FFF7FFF7FFF7F
310
FF7FFF7FFF7FFF7FFF7FFF7FFF7FFF7FFF7FFF7FFF7FFF7FFF7FFF7FFF7FFF7F
310
FF7FFF7F0000FF7FFF7FFF7FFF7FFF7FFF7FFF7FFF7F2E724569456D2569456D
310
4569456D2569456D4569456D2569456D4569456D2569456D4569456D2569456D
310
4569456D2569456D4569456D2569246D046924690369246D036924690369456D
310
4569456D2569456D4569456DD476FF7FFF7FFF7FFF7FFF7FFF7FFF7FFF7FFF7F
310
FF7FFF7FFF7FFF7FFF7FFF7FFF7FFF7FFF7FFF7FFF7FFF7FFF7FFF7FFF7FFF7F
310
FF7FFF7FFF7FFF7FFF7FFF7FFF7FFF7FFF7FFF7FFF7FFF7FFF7FFF7FFF7FFF7F
310
FF7FFF7FFF7FFF7FFF7FFF7FFF7FFF7FFF7FFF7FFF7FFF7FFF7FFF7FFF7FFF7F
310
FF7FFF7FFF7FFF7FFF7FFF7FFF7FFF7FFF7FFF7FFF7FFF7FFF7FFF7FFF7FFF7F
310
FF7FFF7FFF7FFF7FFF7FFF7FFF7FFF7FFF7FFF7FFF7FFF7FFF7FFF7FFF7FFF7F
310
FF7FFF7FFF7FFF7FFF7FFF7FFF7FFF7FFF7FFF7FFF7FFF7FFF7FFF7FFF7FFF7F
310
FF7FFF7FFF7FFF7FFF7FFF7FFF7FFF7FFF7FFF7FFF7FFF7FFF7FFF7FFF7FFF7F
310
FF7FFF7FFF7FFF7FFF7FFF7FFF7FFF7FFF7FFF7FFF7FFF7FFF7FFF7FFF7FFF7F
310
FF7FFF7FFF7FFF7FFF7FFF7FFF7FFF7FFF7FFF7FFF7FFF7FFF7FFF7FFF7FFF7F
310
FF7FFF7FFF7FFF7FFF7FFF7FFF7FFF7FFF7FFF7FFF7FFF7FFF7FFF7FFF7FFF7F
310
FF7FFF7FFF7FFF7FFF7FFF7FFF7FFF7FFF7FFF7FFF7FFF7FFF7FFF7FFF7FFF7F
310
FF7FFF7FFF7FFF7FFF7FFF7FFF7FFF7FFF7FFF7FFF7FFF7FFF7FFF7FFF7FFF7F
310
FF7FFF7FFF7FFF7FFF7FFF7FFF7FFF7FFF7FFF7FFF7FFF7FFF7FFF7FFF7FFF7F
310
FF7FFF7FFF7FFF7FFF7FFF7FFF7FFF7FFF7FFF7FFF7FFF7FFF7FFF7FFF7FFF7F
310
FF7FFF7FFF7FFF7FFF7FFF7FFF7FFF7FFF7FFF7FFF7FFF7FFF7FFF7FFF7FFF7F
310
FF7FFF7FFF7FFF7FFF7FFF7FFF7FFF7FFF7FFF7FFF7FFF7FFF7FFF7FFF7FFF7F
310
FF7FFF7FFF7FFF7FFF7FFF7FFF7FFF7F0000FF7FFF7FFF7FFF7FFF7FFF7FFF7F
310
7176256945692569456D256945692569456D256945692569456D256945692569
310
456D256945692569456D256945692569456D256945692469456D9272F576D472
310
D576D472D576D472F6760E6E24692569456D256945692569466D377BFF7FFF7F
310
FF7FFF7FFF7FFF7FFF7FFF7FFF7FFF7FFF7FFF7FFF7FFF7FFF7FFF7FFF7FFF7F
310
FF7FFF7FFF7FFF7FFF7FFF7FFF7FFF7FFF7FFF7FFF7FFF7FFF7FFF7FFF7FFF7F
310
FF7FFF7FFF7FFF7FFF7FFF7FFF7FFF7FFF7FFF7FFF7FFF7FFF7FFF7FFF7FFF7F
310
FF7FFF7FFF7FFF7FFF7FFF7FFF7FFF7FFF7FFF7FFF7FFF7FFF7FFF7FFF7FFF7F
310
FF7FFF7FFF7FFF7FFF7FFF7FFF7FFF7FFF7FFF7FFF7FFF7FFF7FFF7FFF7FFF7F
310
FF7FFF7FFF7FFF7FFF7FFF7FFF7FFF7FFF7FFF7FFF7FFF7FFF7FFF7FFF7FFF7F
310
FF7FFF7FFF7FFF7FFF7FFF7FFF7FFF7FFF7FFF7FFF7FFF7FFF7FFF7FFF7FFF7F
310
FF7FFF7FFF7FFF7FFF7FFF7FFF7FFF7FFF7FFF7FFF7FFF7FFF7FFF7FFF7FFF7F
310
FF7FFF7FFF7FFF7FFF7FFF7FFF7FFF7FFF7FFF7FFF7FFF7FFF7FFF7FFF7FFF7F
310
FF7FFF7FFF7FFF7FFF7FFF7FFF7FFF7FFF7FFF7FFF7FFF7FFF7FFF7FFF7FFF7F
310
FF7FFF7FFF7FFF7FFF7FFF7FFF7FFF7FFF7FFF7FFF7FFF7FFF7FFF7FFF7FFF7F
310
FF7FFF7FFF7FFF7FFF7FFF7FFF7FFF7FFF7FFF7FFF7FFF7FFF7FFF7FFF7FFF7F
310
FF7FFF7FFF7FFF7FFF7FFF7FFF7FFF7FFF7FFF7FFF7FFF7FFF7FFF7FFF7FFF7F
310
FF7FFF7FFF7FFF7FFF7FFF7FFF7FFF7FFF7FFF7FFF7FFF7FFF7FFF7FFF7FFF7F
310
FF7FFF7FFF7FFF7FFF7FFF7FFF7FFF7FFF7FFF7FFF7FFF7FFF7FFF7FFF7FFF7F
310
FF7FFF7FFF7FFF7FFF7FFF7FFF7FFF7FFF7FFF7FFF7FFF7FFF7FFF7FFF7FFF7F
310
FF7FFF7FFF7FFF7FFF7FFF7FFF7FFF7FFF7FFF7FFF7FFF7FFF7FFF7F0000FF7F
310
FF7FFF7FFF7FFF7FFF7F177B4569456D2569456D4569456D2569456D4569456D
310
2569456D4569456D2569456D4569456D2569456D4569456D2569456D4569456D
310
2569246D7172FF7FFF7BFF7FFF7BFF7FFF7BFF7FBD7BA96D2469456D4569456D
310
2569456D4569886DBC7FFF7FFF7FFF7FFF7FFF7FFF7FFF7FFF7FFF7FFF7FFF7F
310
FF7FFF7FFF7FFF7FFF7FFF7FFF7FFF7FFF7FFF7FFF7FFF7FFF7FFF7FFF7FFF7F
310
FF7FFF7FFF7FFF7FFF7FFF7FFF7FFF7FFF7FFF7FFF7FFF7FFF7FFF7FFF7FFF7F
310
FF7FFF7FFF7FFF7FFF7FFF7FDE7BFF7FFF7FFF7FFF7FFF7FFF7FFF7FFF7FFF7F
310
FF7FFF7FFF7FFF7BFF7FFF7FFF7FFF7FFF7FFF7FFF7FFF7FFF7FFF7FFF7FFF7F
310
FF7FFF7FFF7FFF7FFF7FFF7FFF7FFF7FFF7FFF7FFF7FFF7FFF7FFF7FFF7FFF7F
310
FF7FFF7FFF7FFF7FFF7FFF7FFF7FFF7FFF7FFF7FFF7FFF7FFF7FFF7FFF7FFF7F
310
FF7FFF7FFF7FFF7FFF7FFF7FFF7FFF7FFF7FFF7FDE7BFF7FFF7FFF7FFF7FFF7F
310
FF7FFF7FFF7FFF7FFF7FFF7FFF7FFF7FDE7BFF7FFF7FFF7FFF7FFF7FFF7FFF7F
310
FF7BFF7FFF7FFF7FFF7FFF7FFF7FFF7FFF7FFF7FFF7FFF7FDE7BFF7FFF7FFF7F
310
FF7FFF7FFF7FFF7FFF7FFF7FFF7FFF7FFF7FFF7FFF7FFF7FFF7FFF7FDF7BFF7F
310
FF7FFF7FFF7FFF7FFF7FFF7FFF7FFF7FFF7FFF7FFF7FFF7FDE7BFF7FFF7FFF7F
310
FF7FFF7FFF7FFF7FFF7FFF7FFF7FFF7FFF7FFF7FFF7FFF7FFF7FFF7FFF7FFF7F
310
FF7FFF7FDE7BFF7FFF7FFF7FFF7FFF7FFF7FFF7FFF7FFF7FFF7FFF7FFF7FFF7F
310
FF7FFF7FFF7FFF7FFF7FFF7FFF7FFF7FFF7FFF7FFF7FFF7FFF7FFF7FFF7FFF7F
310
FF7FFF7FFF7FFF7FFF7FFF7FFF7FFF7FFF7FFF7FFF7FFF7FFF7FFF7FFF7FFF7F
310
DE7BFF7FFF7FFF7FFF7FFF7FFF7FFF7FFF7FFF7FFF7FFF7FFF7FFF7FFF7FFF7F
310
FF7FFF7FFF7FFF7F0000FF7FFF7FFF7FFF7FFF7FBC7F676945692569456D2569
310
45692569456D256945692569456D256945692569456D256945692569456D2569
310
45692569456D2569456925692469AA6DDE7BDF7BDF7BDE7BDF7BDE7BFF7BDF7B
310
EC710369456D256945692569456D2569456925690D72FF7FFF7FFF7FFF7FFF7F
310
FF7FFF7FFF7FFF7FFF7FFF7FFF7FFF7FFF7FFF7FFF7FFF7FFF7FFF7FBD77F75A
310
9C73FF7FF85E3967FF7FBD77F85E5A6BFF7FF75E3A67FF7FDE7BF75E3A67FF7F
310
FF7FFF7F3967F75EFF7FFF7FFF7FF75E3967FF7F7B6BD75AD75AF75E9C73FF7F
310
FF7FFF7F185F1963FF7FFF7FFF7F7B6BF75ED65AF75E7B6FFF7FBD73F85E9D73
310
FF7FF75E9C73FF7FF75E7B6F9C73F75ABD77FF7FFF7F3A67F75EDE7BDE7BF75A
310
5B6BFF7FFF7F7B6FF75EBD77FF7F3967F75AD65AF85E7B6FFF7F7B6FF85EDE7B
310
BD77F75EF75ED65AF75A3967DE7BF75A7B6FFF7FBD77F75E7B6FFF7FBD77F75E
310
D75AD75A3A67FF7FDF7BF75E7B6FFF7F9C73F75E3A67FF7FFF7F1863D75AF75E
310
39671863FF7F9C73F75ED65AF75E3967FF7FFF7FFF7FFF7FFF7FFF7FFF7FFF7F
310
BD77F75ED75AD75A5A6BF85E3967FF7FFF7FFF7F18631963FF7FDE7BF85E3967
310
FF7FBE771863D65AD75A3967FF7FFF7F1963F75EF75ED75A3A67DE7BFF7FDE7B
310
1963D65AF75A1863FF7FFF7FFF7F9C73F75E9C73FF7FFF7F5A6BF75EFF7F9C73
310
F75E9C73FF7F9C73F75E5A6BDE7BF85ED75AD65A1963DE7BFF7FF75E3A67FF7F
310
FF7FFF7FFF7F7C6FF75ED75AF75ED65A5A6B5A6BF85ED75AF75AD75A5A6BDE7B
310
F75E5A6BBD77F75A9C73FF7FFF7F5A6BF75EBD773A67F75AF75ED75AF75EBD77
310
39671863FF7FBD77185FD65AF75A1863DE7BFF7FFF7F5A6BF75EBD77FF7FFF7F
310
FF7FFF7FFF7FFF7FFF7FFF7FFF7FFF7FFF7FFF7F0000FF7FFF7FFF7FFF7FFF7F
310
2E72456D2569456D4569456D2569456D4569456D2569456D4569456D2569456D
310
4569456D2569456D4569456D2569456D4569456D2569456D45697A7BFF7BFF7F
310
DF7BDF7BDE7BFF7FFF7BB3760369456D4569456D2569456D4569456D2569456D
310
4569167BFF7FFF7FFF7FFF7FFF7FFF7FFF7FFF7FFF7FFF7FFF7FFF7FFF7FFF7F
310
FF7FFF7FFF7FFF7F9C73D75A7B6FFF7FD65A3967FF7FDE7BD65A5A6BFF7FF75E
310
1863FF7FBE77F75A5A67FF7FFF7FFF7F5A6BD75A9C73FF7F9C73D75A5A6BDE7B
310
D65A3967BD771863D75AFF7FFF7FFF7FD75A1863FF7FFF7FBD77D75A1963DE7B
310
1863D75ADF7BBD77D65ABD779C73F75A3A67FF7FD65A7B6FBD77D75A3A67FF7F
310
DE7BF85EF75EFF7FDE7BD75A3A67FF7FFF7F7B6FD65ABD779C73D75A3A67DE7B
310
1863D75ADE7B7B6FD65ADE7BBD77F75A18637B6F5A6B9D73BD77D75A5A67FF7F
310
9C73D75A7C6FFF7FF85EF75E9D737B6FD65A9C73DE7BF75A5A6BFF7F1963F75A
310
1863FF7F5A6BF75A7B6F9C73D65A1863DE7BF75AD75ABD777B6FD75A5A6BFF7F
310
FF7FFF7FFF7FFF7FFF7FFF7FF75EF75E9C737C6FD65AF75ABD77FF7FFF7FFF7F
310
D75A1863FF7FDE7BD65A5A6BFF7F3963D65ABD777B6FF75A7B6FFF7FF75EF85E
310
9C735A6BD65A5A6BFF7F3967D65ABD737C6FD75A3A67FF7FFF7F9D73D65A9C73
310
FF7FFF7F3967F75ADE7B9C73D65ABD77FF7F1863D65ADE7B1863D75A9C739D73
310
D65A3967DE7BF75E1863FF7FFF7FFF7FFF7F9C73D65A39675B6B7B6B9C737B6F
310
D65A19635B6B7B6F9C73DE7BD65A5A6BDE7BD75A3963FF7FDE7B1863D75AFF7F
310
1863F75A5A6B7B6F5B6BFF7FF85E185FFF7F1863D65ABD779C73D75A1963FF7F
310
FF7F5A6BD65ADE7BFF7FFF7FFF7FFF7FFF7FFF7FFF7FFF7FFF7FFF7FFF7FFF7F
310
0000FF7FFF7FFF7FFF7F387B45692569456D256945692569456D256945692569
310
456D256945692569456D256945692569456D256945692569456D256945692569
310
456D0369B376FF7BDF7BDE7BDF7BDE7BDF7BFF7B387724692569256945692569
310
456D256945692569456D25694569886DDE7FFF7FFF7FFF7FFF7FFF7FFF7F1610
310
000026060F002220574D46430100000000000100000000000000080000000020
310
0000686F000068EF0000FF7FFF7FFF7FFF7FFF7FFF7FFF7FFF7FFF7FFF7FFF7F
310
9D73D65A7C6FFF7FD75A1963FF7FBD77D75A5A6BFF7FD65A3963FF7FDE7BD65A
310
5A6BFF7FFF7FFF7FBD77D65AD75AD65AD75AD65ABD779C73D75A9C73FF7F5A6B
310
D75ABD77FF7FDE7BF75A1863FF7FFF7F7B6FD65ABD77FF7F9C73D65ABD77BD77
310
D75A9C737B6FD65A1863DE7BD75A5A6BFF7FF75ED75AD65AD75AD65A5A6BFF7F
310
DE7BD65A5A6BFF7FFF7F7B6FD75A9C739C731863FF7FFF7F5B6BD65ABD775B6B
310
D75ABE77BD77D65A7C6FFF7FFF7FFF7FBE77D65A5A6BFF7F9C73D65A9C73FF7F
310
D75A1863FF7FDE7BD75A3A67FF7FD65A7B6FDE7BF75AD65A3963FF7F1863D65A
310
FF7FFF7F1863F75EDE7B18637B6FFF7FDF7BD65A1963FF7FDE7BDE7BDE7BFF7F
310
FF7FDE7BD75A3967FF7F7C6FD75AD65A7C6FFF7FFF7FDE7BF75A1863FF7FBE77
310
D75A5A6BFF7FD65A3963FF7FFF7FD65A1963FF7FF85EF85EFF7FFF7FF75AF75E
310
FF7FD75A1863FF7FFF7FF75E185FFF7FFF7F9C73D75A7B6FFF7FFF7F3A67D65A
310
FF7F9C73D75A9C73BD77D65A5B6BFF7F39673967FF7FFF7FF75EF75EDE7BD65A
310
3963FF7FFF7FFF7FFF7F7B6FD75A9C73FF7FFF7FFF7FDE7BF75E185FFF7FFF7F
310
FF7FBE77D75A3967FF7FF85ED75AD65AD75AD65A3967FF7F1863F75EFF7FFF7F
310
FF7FFF7F185FF75EFF7F19635A6BFF7FFF7FD75AF75EFF7FFF7F5A6BD75ABD77
310
FF7FFF7FFF7FFF7FFF7FFF7FFF7FFF7FFF7FFF7FFF7FFF7F0000FF7FFF7FFF7F
310
FF7FEB712569456D4569456D2569456D4569456D2569456D4569456D2569456D
310
4569456D2569456D4569456D2569456D4569456D2569466D03690C72FF7BFF7F
310
DF7BDF7BDE7BFF7FFF7BBD7B886D246D4569456D2569456D4569456D2569456D
310
4569456D2569456DB376FF7FFF7FFF7FFF7FFF7FFF7FFF7FFF7FFF7FFF7FFF7F
310
FF7FFF7FFF7FFF7FFF7FFF7F9C73F75A7B6FFF7FD65A3967FF7FBD77D65A7B6B
310
FF7FF75E1863DE7B5A6BF75E9C73FF7FFF7FFF7FDE7BF75E185F9C73F85EF75E
310
FF7F9C73D65A9C73FF7F7B6FD65ABD77FF7FFF7FD75A1963FF7FFF7F5A6BF75A
310
BD77FF7F9C73F75A9C73BD77D65ABD7719633967F75EBD77D75A5B6BFF7F3967
310
D65A9C733A67F75A9C73FF7FBD77F75A5A6BFF7FFF7F7C6FD65ABD77FF7FFF7F
310
DE7B7C6FD75AF75ADE7B7B6FD65ADE7BBD77D75A5A6BFF7FDE7BFF7FBD77F75A
310
3967DE7B3967F75EDE7BFF7FD75A3967FF7FDE7BD65A5B6BDE7BD75A7B6F9C73
310
F75EF85E1863FF7FF85E1863FF7F7C6FF75AF75EFF7FFF7FFF7FBD771863F75A
310
5A6BBE77D65AF75AD65ABE77FF7FFF7F1863F75E7C6FF75E3A671963F75EFF7F
310
FF7FFF7FD75A1863BD775B6BD65ABD77DE7BD75A3967FF7FFF7FF85EF85EFF7F
310
F85E1863FF7FBD77D65A3A67FF7BF75E3963FF7FFF7F1863F75EFF7FFF7FBD77
310
D65A9C73FF7FFF7F3967D75ADE7BBD73D65A1863F75EF75EDE7BFF7FFF7FFF7F
310
BD773A67D65A3967DE7BF75EF75E9C739C73FF7FFF7F9C73D65A7C6FDE7BFF7F
310
FF7FFF7F5B6BF75A7B6FFF7FFF7FDE7BD65A5A6BFF7F5B6BD65A7B6F5A6BF75A
310
7B6FFF7FF85EF85EFF7FFF7FFF7FFF7FF85E185FFF7FFF7FFF7FDE7B3967F75A
310
1863FF7FFF7F5B6BD65ADE7BFF7FFF7FFF7FFF7FFF7FFF7FFF7FFF7FFF7FFF7F
310
FF7FFF7F0000FF7FFF7FFF7F387B2569456D256945692569456D256945692569
310
456D256945692569456D256945692569456D256945692569456D256945692569
310
456D2469676D7B77FF7BDE7BDF7BDE7BDF7BDE7BFF7B0D6E0369256945692569
310
456D256945692569456D256945692569456D2569886DDE7FFF7FFF7FFF7FFF7F
310
FF7FFF7FFF7FFF7FFF7FFF7FFF7FFF7FFF7FFF7FFF7FFF7FBD77D65A7C6FFF7F
310
F75ED65AD75AD65AD75A5A6BFF7FF75AD75AD75AD75A1863FF7FFF7FFF7FFF7F
310
FF7F185F1863FF7F1863185FFF7F7C6FD75A7C6FFF7F5A6BD75A9C73FF7FDE7B
310
F75E185FFF7FFF7F5B6BD65ABD77FF7FBD77D65A9C73BD77D75A7B6BF85E9C73
310
18637B6BF75E5A6BFF7F7B6FD75ADE7B7C6FD65ADE7BFF7FDE7BD65A5A6BFF7F
310
FF7F7B6BD75A9C73FF7F5B6BF75AD65AF75E7B6FFF7F5A6BD75ABD77BD77D65A
310
D75AD65AD75A7B6FDE7BD65AD75AD75AD75A3967FF7FDE7BF75A1863FF7FDE7B
310
D75A3A67FF7FD65A7B6B18635A6B18631963FF7FF75EF85EFF7F186318633967
310
FF7FBD771863D65AD75A3963FF7FFF7F9C737C6F9C73DE7BFF7FFF7FDF7B1863
310
D75AD75AFF7FDE7BBD77FF7FFF7FFF7FF75ED65AF75ED65A1963FF7FDE7BD65A
310
5A6BFF7FFF7FF75E185FDE7B1863D65AF75ED65A1863DE7BFF7FD65A3967FF7F
310
FF7F185FF75EFF7FFF7F9C73D75A7B6FFF7FFF7F3A67D65AFF7F9C73D75AD65A
310
D75A5B6BFF7FFF7FFF7F1963D75AD65A1963DE7BFF7FD75AF75AF75AD75AF85E
310
FF7F7B6FD75AD65AD75AD65A9C73FF7FFF7FD75AF75EFF7FFF7FBD77D75A3967
310
FF7F9C73D75ABD77BD77D65ABE77FF7F1863F75AFF7FFF7FFF7FFF7FF85EF75E
310
FF7FDE7B3967D65AD75A1863DE7BFF7FFF7F5A67D75ABD77FF7FFF7FFF7FFF7F
310
FF7FFF7FFF7FFF7FFF7FFF7FFF7FFF7F0000FF7FFF7FFF7F0D72456D4569456D
310
2569456D4569456D2569456D4569456D2569456D4569456D2569456D4569456D
310
2569456D4569456D2569456D2569246DF576FF7FDF7BDF7BDE7BFF7FDF7BFF7F
310
B472246D2569456D2569456D4569456D2569456D4569456D2569456D4569456D
310
2569F57AFF7FFF7FFF7FFF7FFF7FFF7FFF7FFF7FFF7FFF7FFF7FFF7FFF7FFF7F
310
FF7FFF7F9D73D75A7B6FFF7FD75A185F5B6B5A6BD65A5B6BFF7FF75E1863FF7F
310
7B6FF75E7C6FFF7FFF7FFF7FFF7F7B6FD65ABD77D75A7B6FFF7F9C73D65A9C73
310
FF7F7B6FD65ABD77FF7FFF7FD75A1963FF7FFF7F5B6BD75ABD77FF7F9C73D75A
310
9C6FBE77D65A3A67F75EFF7F19633967D75A7B6BFF7FDE7BD65A9C7339671863
310
FF7FFF7FBE77D75A5A6BFF7FFF7F7B6FD65ABD77BD77D75AF75E9C73FF7FFF7F
310
FF7F7B6FD65ADE7BBD77F75A39679C739C73FF7FDE7BD75A3A67FF7F5A6BF75E
310
BD77FF7FD75A3963FF7FDF7BD65A5A6BDE7BF75A1863F75EBD7719631863FF7F
310
F75E1863FF7FFF7FFF7FFF7FFF7F1863D65A5A6BDE7BFF7FFF7FFF7FFF7FFF7F
310
FF7FFF7FFF7FFF7FFF7F5A6BD65AF75E5A6BFF7FFF7FFF7FFF7FFF7FF75A1863
310
DE7B9C73D75A9C73DE7BF75A3A67FF7FFF7F185F185FFF7FF85E185F9D735A6B
310
F75ADE7BFF7FD75A1963FF7FFF7F1863F75AFF7FFF7F9D73D65A9C73FF7FFF7F
310
3967F75ADF7B9D73D65A1863D65A9C73FF7FFF7F3967D75A1963BD77FF7FFF7F
310
DE7BF75E1863FF7F7B6FF75A9C739C73D65A5A6B9C739C73DE7BFF7FFF7F9C73
310
D65A7B6FFF7FDE7BD65A5A6BFF7FFF7FD65A7B6F5A6BF75EFF7FFF7F185FF85E
310
FF7FFF7FFF7FFF7FF85E1863FF7F3A67D65A3967BD77FF7FFF7FFF7FFF7F5B6B
310
D65ADE7BFF7FFF7FFF7FFF7FFF7FFF7FFF7FFF7FFF7FFF7FFF7FFF7F0000FF7F
310
FF7F9B7F666D256945692569456D256945692569456D256945692569456D2569
310
45692569456D256945692569456D256945692569456D256903692E6EFF7FDE7B
310
DF7BDE7BDF7BDE7BFF7B5977466D246945692569456D256945692569456D2569
310
45692569456D256945692569456DCB6DFF7FFF7FFF7FFF7FFF7FFF7FFF7FFF7F
310
FF7FFF7FFF7FFF7FFF7FFF7FFF7FFF7F9D73D65A7C6FFF7FD75A1963FF7FBD77
310
D75A5A6BFF7FD65A3967FF7FDF7BD65A3967FF7FFF7FFF7FFF7FBD77D75A3967
310
D75ABD77FF7F7B6FD75A9C6FFF7F5A6BD75ABD73FF7FFF7FF75A1863FF7FFF7F
310
7B6FD65ABD77FF7F9C73D65ABD77BD77D75AF75A1863FF7F5A6BD75AD75A5A6B
310
FF7FFF7FF75E1863F75E5A6BFF7FFF7FDE7BD65A5A6BFF7FFF7F7B6FD75A9D73
310
9C73D65A9C73FF7F9D735A6BFF7F5A6BD75ABE77BD77D65A9C6FFF7FFF7FFF7F
310
BE77D65A5B6BFF7FBD77D65A7C6FFF7FD75A1863FF7FDE7BD75A5A67FF7FD65A
310
D75A1863FF7FF85E1863FF7F1963D65AFF7FFF7F5A6B5A6BFF7FD65A1863FF7F
310
FF7F5A6BBD77FF7FFF7FFF7FFF7FFF7FFF7FFF7FDE7BD65A7C6F7C6FD75ABD77
310
FF7FFF7FFF7FDE7BF75A1863FF7FDE7BD75A3967FF7FD65A3963FF7FFF7FD65A
310
1963FF7FF85EF85EFF7FDE7BD75A3A67FF7FD75A1863FF7FFF7FF75E185FFF7F
310
FF7F9C73D75A7C6FFF7FFF7F3A67D65AFF7F9C73D75A7B6F1863D75AFF7FFF7F
310
1863D75AFF7FFF7F7B6F9C73FF7FD65A3963FF7FDE77D65A7B6F9C6FD75A9D73
310
FF7FFF7FFF7FFF7FFF7FFF7F1863D65AFF7FDE7BD75A3967FF7FFF7F1863185F
310
185F1963FF7FFF7F1863F75EFF7FFF7FFF7FFF7F185FF75EFF7FF85EF75EFF7F
310
FF7F5A6B9C73FF7FFF7F5A6BD75ABD77FF7FFF7FFF7FFF7FFF7FFF7FFF7FFF7F
310
FF7FFF7FFF7FFF7F0000FF7FFF7FD47A4569456D2569456D4569456D2569456D
310
4569456D2569456D4569456D2569456D4569456D2569456D4569456D2569456D
310
4569246D886DBE7BFF7BDF7BDE7BFF7FDF7BFF7FDE7BCA6D0469456D2569456D
310
4569456D2569456D4569456D2569456D4569456D2569456D4569466D7B7FFF7F
310
FF7FFF7FFF7FFF7FFF7FFF7FFF7FFF7FFF7FFF7FFF7FFF7FFF7FFF7F9C73F75A
310
7B6FFF7FD65A3967FF7FDE7BD65A5B6BFF7FF75EF75E9C733963D75A5B6BFF7F
310
FF7FFF7FFF7FFF7FF75ED75AF75AFF7FFF7F9C73D65A9C73FF7F7B6FD65ABD77
310
7B6F5A6BD65AF85E5A6B9C73BD77F75A1963BD77185FF75EFF7FBD77D65AF75A
310
3A67FF7F9C73F75AD65A5B6BFF7FFF7F3967D75AD65ABD77FF7F7B6F3967F75A
310
F85E5B6BBD779C73D65ABD77BD77F75A3A67BD77D75AF75EFF7F7B6FD65ADE7B
310
BD77D75A18637B6F5A6BBD77BD77F75A18639C73185FF75A9D73FF7FD65A1963
310
FF7FDE7BD65A5A6BDE7BD75AD65A9C73FF7F185F1863FF7F7B6FD75A5B6B9C73
310
D65A3A67FF7F1863D75ABD773A67F75A9C73FF7FFF7FFF7FFF7FFF7FFF7FFF7F
310
DE7BD75A7B6F9C73D65ADE7BFF7FFF7FFF7FFF7FD75AF85E7C6F3967D65A7B6F
310
FF7F3963D65ABD777B6FD75A7B6FFF7FF75EF75E7B6F3967D65A7B6FFF7F3A67
310
D65A9C737B6FF75A5A6BFF7F5A6B3967D65A39675A6BDE7B3A67D75ADE7B9D73
310
D65ABD77BE77F75A3963FF7F3967F75A9C737B6FD65A7B6FFF7FF75AF75E9C73
310
1863D75ABD779C73D65A39675A6B7B6BBD77DE7B5A6B7B6F1863D75A5A6BFF7F
310
D65A3A67FF7FFF7F5A6BD75AD65A9C73FF7FFF7FF75EF85EFF7FFF7FFF7FFF7F
310
F75EF85EFF7F3A67D65A9D737B6BF75A5B6BBE775A6B1863D65A3A675A6BFF7F
310
FF7FFF7FFF7FFF7FFF7FFF7FFF7FFF7FFF7FFF7F0000FF7FFF7FEB6D45692569
310
456D256945692569456D256945692569456D256945692569456D256945692569
310
456D256945692569456D2569256924693877FF7BDF7BDE7BDF7BDE7BDF7BFF7B
310
4F72036945692569456D256945692569456D256945692569456D256945692569
310
456D256945692569D47AFF7FFF7FFF7FFF7FFF7FFF7FFF7FFF7FFF7FFF7FFF7F
310
FF7FFF7FFF7FFF7FBD77F75E9C73FF7F18633967FF7FBE77185F5B6BFF7F1863
310
F85ED75AF85E3967FF7FFF7FFF7FFF7FFF7FFF7F5A6BF75E5A6BFF7FFF7F9C73
310
185F9C73FF7F7B6F185F9C731963F75E185FF75EF75E3967FF7F7B6FF75ED65A
310
F75E7C6FFF7FBD77185FF75E9C73FF7FDE7BF75EF85E7B6FFF7FFF7F9C73F75E
310
1863FF7FDE7BF75EF85EF75EF85EF75A7C6F9C73F85EBD77FF7F5A6BF75ED65A
310
F85E9C73FF7F7B6F185FDE7BBE77F75EF85ED75AF75E5A6BDE7BF75EF85EF75A
310
F85E5A6BFF7FFF7F18633967FF7FDE7B185F5A6BFF7FF85E1863DE7BFF7F1963
310
3967FF7FFF7F3967F75AD65A1963DE7BFF7FBD771863D65AF75E3967FF7FFF7F
310
FF7FFF7FFF7FFF7FFF7FFF7FFF7F7B6F1863F75E7B6FFF7FFF7FFF7FFF7FFF7F
310
1963F75EF75EF75E3A67DE7BFF7FDE7B1963D65AD75A3967FF7FFF7F3967F75E
310
F75EF75E5A6BFF7FFF7FDE7B1963D65AD75A1963FF7FBD77F75EF75EF85EF75E
310
F75E9C737B6FF75EFF7F9C73F85E9C73FF7F5A6BF85EBD77FF7F1863D75AD65A
310
3967DE7BFF7F1863F85ED75AF85E5B6BFF7F9C73F85EF75EF75ED75A9C739C73
310
F75ED75AF85EF75E7B6FDE7BF85E5A6BFF7FFF7FBD77F75E1863DE7BFF7FFF7F
310
39671863FF7FFF7FFF7FFF7F39671863FF7FDE7B1963D65AF75A1963FF7F7B6F
310
F75EF75EF85EF75EF75EFF7FFF7FFF7FFF7FFF7FFF7FFF7FFF7FFF7FFF7FFF7F
310
0000FF7FBD7F676D2569456D4569456D2569456D4569456D2569456D4569456D
310
2569456D4569456D2569456D4569456D2569456D4569456D03697176FF7BDF7B
310
DE7BFF7FDF7BDF7BFF7BF6762469456D2569456D4569456D2569456D4569456D
310
2569456D4569456D2569456D4569456D2569456D0D72FF7FFF7FFF7FFF7FFF7F
310
FF7FFF7FFF7FFF7FFF7FFF7FFF7FFF7FFF7FFF7FFF7FFF7FFF7FFF7FFF7FFF7F
310
FF7FFF7FFF7FFF7FFF7FFF7FFF7FFF7FFF7FFF7FFF7FFF7FFF7FFF7FFF7FFF7F
310
FF7FFF7FFF7FFF7FFF7FFF7FFF7FFF7FFF7FFF7FFF7FFF7FFF7FFF7FFF7FFF7F
310
FF7FFF7FFF7FFF7FFF7FFF7FFF7FFF7FFF7FFF7FFF7FFF7FFF7FFF7FFF7FFF7F
310
FF7FFF7FFF7FFF7FFF7FFF7FFF7FFF7FFF7FFF7FFF7FFF7FFF7FFF7FFF7FFF7F
310
FF7FFF7FFF7FFF7FFF7FFF7FFF7FFF7FFF7FFF7FFF7FFF7FFF7FFF7FFF7FFF7F
310
FF7FFF7FFF7FFF7FFF7FFF7FFF7FFF7FFF7FFF7FFF7FFF7FFF7FFF7FFF7FFF7F
310
FF7FFF7FFF7FFF7FFF7FFF7FFF7FFF7FFF7FFF7FDE7BFF7FFF7FFF7FFF7FFF7F
310
FF7FFF7FFF7FFF7FFF7FFF7FFF7FFF7FFF7FFF7FFF7FFF7FFF7FFF7FFF7FFF7F
310
FF7FFF7FFF7FFF7FFF7FFF7FFF7FFF7FFF7FFF7FFF7FFF7FFF7FFF7FFF7FFF7F
310
DE7BFF7FFF7FFF7FFF7FFF7FFF7FFF7FFF7FFF7FFF7FFF7FFF7FFF7FDE7BFF7F
310
FF7FFF7FFF7FFF7FFF7FFF7FFF7FFF7FFF7FFF7FFF7FFF7FFF7FFF7FFF7FFF7F
310
FF7FFF7FFF7FFF7FDE7BFF7FFF7FFF7FFF7FFF7FFF7FFF7FFF7FFF7FFF7FFF7F
310
FF7FFF7FFF7FFF7FFF7FFF7FFF7FFF7FFF7FFF7FFF7FFF7FFF7FFF7FFF7FFF7F
310
FF7FFF7FFF7FFF7FFF7FFF7FFF7FFF7FFF7FFF7FFF7FFF7FFF7FFF7FFF7FFF7F
310
FF7FFF7FDE7BFF7FFF7FFF7FFF7FFF7FFF7FFF7FFF7FFF7FFF7FFF7FFF7FFF7F
310
FF7FFF7FFF7FFF7FFF7FFF7F0000FF7F587B2569456D256945692569456D2569
310
45692569456D256945692569456D256945692569456D256945692569456D2569
310
45690369CA6DDE7BFF7BDE7BDF7BDE7BDF7BFF7B7B7B466924692569456D2569
310
45692569456D256945692569456D256945692569456D256945692569456D2569
310
886DDE7FFF7FFF7FFF7FFF7FFF7FFF7FFF7FFF7FFF7FFF7FFF7FFF7FFF7FFF7F
310
FF7FFF7FFF7FFF7FFF7FFF7FFF7FFF7FFF7FFF7FFF7FFF7FFF7FFF7FFF7FFF7F
310
FF7FFF7FFF7FFF7FFF7FFF7FFF7FFF7FFF7FFF7FFF7FFF7FFF7FFF7FFF7FFF7F
310
FF7FFF7FFF7FFF7FFF7FFF7FFF7FFF7FFF7FFF7FFF7FFF7FFF7FFF7FFF7FFF7F
310
FF7FFF7FFF7FFF7FFF7FFF7FFF7FFF7FFF7FFF7FFF7FFF7FFF7FFF7FFF7FFF7F
310
FF7FFF7FFF7FFF7FFF7FFF7FFF7FFF7FFF7FFF7FFF7FFF7FFF7FFF7FFF7FFF7F
310
FF7FFF7FFF7FFF7FFF7FFF7FFF7FFF7FFF7FFF7FFF7FFF7FFF7FFF7FFF7FFF7F
310
FF7FFF7FFF7FFF7FFF7FFF7FFF7FFF7FFF7FFF7FFF7FFF7FFF7FFF7FFF7FFF7F
310
FF7FFF7FFF7FFF7FFF7FFF7FFF7FFF7FFF7FFF7FFF7FFF7FFF7FFF7FFF7FFF7F
310
FF7FFF7FFF7FFF7FFF7FFF7FFF7FFF7FFF7FFF7FFF7FFF7FFF7FFF7FFF7FFF7F
310
FF7FFF7FFF7FFF7FFF7FFF7FFF7FFF7FFF7FFF7FFF7FFF7FFF7FFF7FFF7FFF7F
310
FF7FFF7FFF7FFF7FFF7FFF7FFF7FFF7FFF7FFF7FFF7FFF7FFF7FFF7FFF7FFF7F
310
FF7FFF7FFF7FFF7FFF7FFF7FFF7FFF7FFF7FFF7FFF7FFF7FFF7FFF7FFF7FFF7F
310
FF7FFF7FFF7FFF7FFF7FFF7FFF7FFF7FFF7FFF7FFF7FFF7FFF7FFF7FFF7FFF7F
310
FF7FFF7FFF7FFF7FFF7FFF7FFF7FFF7FFF7FFF7FFF7FFF7FFF7FFF7FFF7FFF7F
310
FF7FFF7FFF7FFF7FFF7FFF7FFF7FFF7FFF7FFF7FFF7FFF7FFF7FFF7FFF7FFF7F
310
FF7FFF7FFF7FFF7FFF7FFF7FFF7FFF7FFF7FFF7FFF7FFF7F0000FF7FB376456D
310
4569456D2569456D4569456D2569456D4569456D2569456D4569456D2569456D
310
4569456D2569456D4569456D2469466D5A77FF7FDE7BFF7FDF7BDF7BDF7BFF7F
310
CB6D24692569456D4569456D2569456D4569456D2569456D4569456D2569456D
310
4569456D2569456D4569456D45699B7FFF7FFF7FFF7FFF7FFF7FFF7FFF7FFF7F
310
FF7FFF7FFF7FFF7FFF7FFF7FFF7FFF7FFF7FFF7FFF7FFF7FFF7FFF7FFF7FFF7F
310
FF7FFF7FFF7FFF7FFF7FFF7FFF7FFF7FFF7FFF7FFF7FFF7FFF7FFF7FFF7FFF7F
310
FF7FFF7FFF7FFF7FFF7FFF7FFF7FFF7FFF7FFF7FFF7FFF7FFF7FFF7FFF7FFF7F
310
FF7FFF7FFF7FFF7FFF7FFF7FFF7FFF7FFF7FFF7FFF7FFF7FFF7FFF7FFF7FFF7F
310
FF7FFF7FFF7FFF7FFF7FFF7FFF7FFF7FFF7FFF7FFF7FFF7FFF7FFF7FFF7FFF7F
310
FF7FFF7FFF7FFF7FFF7FFF7FFF7FFF7FFF7FFF7FFF7FFF7FFF7FFF7FFF7FFF7F
310
FF7FFF7FFF7FFF7FFF7FFF7FFF7FFF7FFF7FFF7FFF7FFF7FFF7FFF7FFF7FFF7F
310
FF7FFF7FFF7FFF7FFF7FFF7FFF7FFF7FFF7FFF7FFF7FFF7FFF7FFF7FFF7FFF7F
310
FF7FFF7FFF7FFF7FFF7FFF7FFF7FFF7FFF7FFF7FFF7FFF7FFF7FFF7FFF7FFF7F
310
FF7FFF7FFF7FFF7FFF7FFF7FFF7FFF7FFF7FFF7FFF7FFF7FFF7FFF7FFF7FFF7F
310
FF7FFF7FFF7FFF7FFF7FFF7FFF7FFF7FFF7FFF7FFF7FFF7FFF7FFF7FFF7FFF7F
310
FF7FFF7FFF7FFF7FFF7FFF7FFF7FFF7FFF7FFF7FFF7FFF7FFF7FFF7FFF7FFF7F
310
FF7FFF7FFF7FFF7FFF7FFF7FFF7FFF7FFF7FFF7FFF7FFF7FFF7FFF7FFF7FFF7F
310
FF7FFF7FFF7FFF7FFF7FFF7FFF7FFF7FFF7FFF7FFF7FFF7FFF7FFF7FFF7FFF7F
310
FF7FFF7FFF7FFF7FFF7FFF7FFF7FFF7FFF7FFF7FFF7FFF7FFF7FFF7FFF7FFF7F
310
FF7FFF7FFF7FFF7FFF7FFF7FFF7FFF7FFF7FFF7FFF7FFF7FFF7FFF7FFF7FFF7F
310
FF7FFF7F0000FF7F5076256945692569456D256945692569456D256945692569
310
456D256945692569456D256945692569456D25694569256903699272FF7BDE7B
310
DF7BDE7BDF7BDE7BFF7F507203692569456D256945692569456D256945692569
310
456D256945692569456D256945692569456D256945692569456D377BFF7FFF7F
310
FF7FFF7FFF7FFF7FFF7FFF7FFF7FFF7FFF7FFF7FFF7FFF7FFF7FFF7FFF7FFF7F
310
FF7FFF7FFF7FFF7FFF7FFF7FFF7FFF7FFF7FFF7FFF7FFF7FFF7FFF7FFF7FFF7F
310
FF7FFF7FFF7FFF7FFF7FFF7FFF7FFF7FFF7FFF7FFF7FFF7FFF7FFF7FFF7FFF7F
310
FF7FFF7FFF7FFF7FFF7FFF7FFF7FFF7FFF7FFF7FFF7FFF7FFF7FFF7FFF7FFF7F
310
FF7FFF7FFF7FFF7FFF7FFF7FFF7FFF7FFF7FFF7FFF7FFF7FFF7FFF7FFF7FFF7F
310
FF7FFF7FFF7FFF7FFF7FFF7FFF7FFF7FFF7FFF7FFF7FFF7FFF7FFF7FFF7FFF7F
310
FF7FFF7FFF7FFF7FFF7FFF7FFF7FFF7FFF7FFF7FFF7FFF7FFF7FFF7FFF7FFF7F
310
FF7FFF7FFF7FFF7FFF7FFF7FFF7FFF7FFF7FFF7FFF7FFF7FFF7FFF7FFF7FFF7F
310
FF7FFF7FFF7FFF7FFF7FFF7FFF7FFF7FFF7FFF7FFF7FFF7FFF7FFF7FFF7FFF7F
310
FF7FFF7FFF7FFF7FFF7FFF7FFF7FFF7FFF7FFF7FFF7FFF7FFF7FFF7FFF7FFF7F
310
FF7FFF7FFF7FFF7FFF7FFF7FFF7FFF7FFF7FFF7FFF7FFF7FFF7FFF7FFF7FFF7F
310
FF7FFF7FFF7FFF7FFF7FFF7FFF7FFF7FFF7FFF7FFF7FFF7FFF7FFF7FFF7FFF7F
310
FF7FFF7FFF7FFF7FFF7FFF7FFF7FFF7FFF7FFF7FFF7FFF7FFF7FFF7FFF7FFF7F
310
FF7FFF7FFF7FFF7FFF7FFF7FFF7FFF7FFF7FFF7FFF7FFF7FFF7FFF7FFF7FFF7F
310
FF7FFF7FFF7FFF7FFF7FFF7FFF7FFF7FFF7FFF7FFF7FFF7FFF7FFF7FFF7FFF7F
310
FF7FFF7FFF7FFF7FFF7FFF7FFF7FFF7FFF7FFF7FFF7FFF7FFF7FFF7FFF7FFF7F
310
FF7FFF7FFF7FFF7FFF7FFF7FFF7FFF7F0000FF7F0C72456D2569456D4569456D
310
2569456D4569456D2569456D4569456D2569456D4569456D2569456D4569456D
310
2569246DEC6DFF7FDF7BFF7FDF7BDF7BDE7BFF7F177703692469466D4569456D
310
2569456D4569456D2569456D4569456D2569456D4569456D2569456D4569456D
310
2569456D4569F57AFF7FFF7FFF7FFF7FFF7FFF7FFF7FFF7FFF7FFF7FFF7FFF7F
310
FF7FFF7FFF7FFF7FFF7FFF7FFF7FFF7FFF7FFF7FFF7FFF7FFF7FFF7FFF7FFF7F
310
FF7FFF7FFF7FFF7FFF7FFF7FFF7FFF7FFF7FFF7FFF7FFF7FFF7FFF7FFF7FFF7F
310
FF7FFF7FFF7FFF7FFF7FFF7FFF7FFF7FFF7FFF7FFF7FFF7FFF7FFF7FFF7FFF7F
310
FF7FFF7FFF7FFF7FFF7FFF7FFF7FFF7FFF7FFF7FFF7FFF7FFF7FFF7FFF7FFF7F
310
FF7FFF7FFF7FFF7FFF7FFF7FFF7FFF7FFF7FFF7FFF7FFF7FFF7FFF7FFF7FFF7F
310
FF7FFF7FFF7FFF7FFF7FFF7FFF7FFF7FFF7FFF7FFF7FFF7FFF7FFF7FFF7FFF7F
310
FF7FFF7FFF7FFF7FFF7FFF7FFF7FFF7FFF7FFF7FFF7FFF7FFF7FFF7FFF7FFF7F
310
FF7FFF7FFF7FFF7FFF7FFF7FFF7FFF7FFF7FFF7FFF7FFF7FFF7FFF7FFF7FFF7F
310
FF7FFF7FFF7FFF7FFF7FFF7FFF7FFF7FFF7FFF7FFF7FFF7FFF7FFF7FFF7FFF7F
310
FF7FFF7FFF7FFF7FFF7FFF7FFF7FFF7FFF7FFF7FFF7FFF7FFF7FFF7FFF7FFF7F
310
FF7FFF7FFF7FFF7FFF7FFF7FFF7FFF7FFF7FFF7FFF7FFF7FFF7FFF7FFF7FFF7F
310
FF7FFF7FFF7FFF7FFF7FFF7FFF7FFF7FFF7FFF7FFF7FFF7FFF7FFF7FFF7FFF7F
310
FF7FFF7FFF7FFF7FFF7FFF7FFF7FFF7FFF7FFF7FFF7FFF7FFF7FFF7FFF7FFF7F
310
FF7FFF7FFF7FFF7FFF7FFF7FFF7FFF7FFF7FFF7FFF7FFF7FFF7FFF7FFF7FFF7F
310
FF7FFF7FFF7FFF7FFF7FFF7FFF7FFF7FFF7FFF7FFF7FFF7FFF7FFF7FFF7FFF7F
310
FF7FFF7FFF7FFF7FFF7FFF7FFF7FFF7FFF7FFF7FFF7FFF7FFF7FFF7F0000FF7F
310
CB712569456D256945692569456D256945692569456D256945692569456D2569
310
45692569456D256945692569456D0369F676FF7BDF7BDE7BDF7BDE7BDF7BDF7B
310
9B7B4F72456D036945692569456D256945692569456D256945692569456D2569
310
45692569456D256945692569456D256945699276FF7FFF7FFF7FFF7FFF7FFF7F
310
FF7FFF7FFF7FFF7FFF7FFF7FFF7FFF7FDE7FBC7FDD7FBC7FBD7FBD7FDD7FBC7F
310
BD7FBD7FDD7FBC7FBD7FDD7FFF7FFF7FFF7FBD7FBC7F9C7FBC7F9C7FBC7F9C7F
310
BC7FBC7FFF7FFF7FFF7FFF7FFF7FFF7FFF7FFF7FFF7FFF7FFF7FBC7F597F1677
310
177B597BDD7FFF7FFF7FFF7FFF7FDE7F597B597B597FDD7FFF7FFF7FFF7FFF7F
310
FF7FFF7FFF7F9B7F597B587B7A7FFF7FFF7F9C7F7A7F597B7A7F597B7A7F587B
310
7A7F9B7FFE7FFF7FFF7FFF7FFF7FFF7FFF7FFF7FFF7FFF7FFF7FFF7FFF7FFF7F
310
FF7FFF7FFF7FFF7FFF7FFF7FFF7FFF7FFF7FFF7FFF7FFF7FFF7FFF7FFF7FFF7F
310
FF7FFF7FFF7FFF7FFF7FFF7FFF7FFF7FFF7FFF7FFF7FFF7FFF7FFF7FFF7FFF7F
310
FF7FFF7FFF7FFF7FFF7FFF7FFF7FFF7FFF7FFF7FFF7FFF7FFF7FFF7FFF7FFF7F
310
FF7FFF7FFF7FFF7FFF7FFF7FFF7FFF7FFF7FFF7FFF7FFF7FFF7FFF7FFF7FFF7F
310
FF7FFF7FFF7FFF7FFF7FFF7FFF7FFF7FFF7FFF7FFF7FFF7FFF7FFF7FFF7FFF7F
310
FF7FFF7FFF7FFF7FFF7F1610000026060F002220574D46430100000000000100
310
0000000000000800000000200000684F000068EF0000FF7FFF7FFF7FFF7FFF7F
310
FF7FFF7FFF7FFF7FFF7FFF7FFF7FFF7FFF7FFF7FFF7FFF7FFF7FFF7FFF7FFF7F
310
FF7FFF7FFF7FFF7FFF7FFF7FFF7FFF7FFF7FFF7FFF7FFF7FFF7FFF7FFF7FFF7F
310
FF7FFF7FFF7FFF7FFF7FFF7FFF7FFF7FFF7FFF7FFF7FFF7FFF7FFF7FFF7FFF7F
310
FF7FFF7FFF7FFF7FFF7FFF7FFF7FFF7FFF7FFF7FFF7FFF7FFF7FFF7FFF7FFF7F
310
FF7FFF7FFF7FFF7FFF7FFF7FFF7FFF7FFF7FFF7F0000FF7FA96D456D4569456D
310
2569456D4569456D2569456D4569456D2569456D4569456D2569456D4569456D
310
2569456D45692469F676FF7FDF7BDF7BDE7BFF7FDF7BDF7BDF7BFF7F5977CB6D
310
0369456D4569456D2569456D4569456D2569456D4569456D2569456D4569456D
310
2569456D4569456D25699276FF7FFF7FFF7FFF7FFF7FFF7FFF7FFF7FFF7FFF7F
310
FF7FFF7FFF7FFF7F2E72876D676D886D676D886D676D886D676D886D676D886D
310
676D0C72FF7FFF7FFF7F0D72466D676D4669676D666D676D4669876DCA6DB276
310
DE7FFF7FFF7FFF7FFF7FFF7FFF7F9B7F2E72876D4569456D2569456D876D4F76
310
9B7FFF7FFF7FDD7F666D456D4569B376FF7FFF7FFF7FFF7FFF7FFF7FFF7F0C72
310
2569456DEC71FF7FFF7F0C724569456D2569456D4569456D2569666DA96D4F76
310
387BFF7FFF7FFF7FFF7FFF7FFF7FFF7FFF7FFF7FFF7FFF7FFF7FFF7FFF7FFF7F
310
FF7FFF7FFF7FFF7FFF7FFF7FFF7FFF7FFF7FFF7FFF7FFF7FFF7FFF7FFF7FFF7F
310
FF7FFF7FFF7FFF7FFF7FFF7FFF7FFF7FFF7FFF7FFF7FFF7FFF7FFF7FFF7FFF7F
310
FF7FFF7FFF7FFF7FFF7FFF7FFF7FFF7FFF7FFF7FFF7FFF7FFF7FFF7FFF7FFF7F
310
FF7FFF7FFF7FFF7FFF7FFF7FFF7FFF7FFF7FFF7FFF7FFF7FFF7FFF7FFF7FFF7F
310
FF7FFF7FFF7FFF7FFF7FFF7FFF7FFF7FFF7FFF7FFF7FFF7FFF7FFF7FFF7FFF7F
310
FF7FFF7FFF7FFF7FFF7FFF7FFF7FFF7FFF7FFF7FFF7FFF7FFF7FFF7FFF7FFF7F
310
FF7FFF7FFF7FFF7FFF7FFF7FFF7FFF7FFF7FFF7FFF7FFF7FFF7FFF7FFF7FFF7F
310
FF7FFF7FFF7FFF7FFF7FFF7FFF7FFF7FFF7FFF7FFF7FFF7FFF7FFF7FFF7FFF7F
310
FF7FFF7FFF7FFF7FFF7FFF7FFF7FFF7FFF7FFF7FFF7FFF7FFF7FFF7FFF7FFF7F
310
FF7FFF7FFF7FFF7FFF7FFF7FFF7FFF7FFF7FFF7FFF7FFF7FFF7FFF7FFF7FFF7F
310
0000FF7FCA6D256945692569456D256945692569456D256945692569456D2569
310
45692569456D256945692569456D2569456903691677FF7BFF7BDF7BDF7BDE7B
310
DF7BDE7BDF7BDE7BFF7BDE7B7172036925692569456D256945692569456D2569
310
45692569456D256945692569456D256945692569456D7072FF7FFF7FFF7FFF7F
310
FF7FFF7FFF7FFF7FFF7FFF7FFF7FFF7FFF7FFF7F0D72256945692569456D2569
310
45692569456D256945692569456DA96DFF7FFF7FFF7FCA6D45692569456D2569
310
45692569456D256945692569EC71DE7FFF7FFF7FFF7FFF7F177B6669456D2569
310
45692569456D256945692569676DD476FF7FFF7F2E7225694569CB6DFF7FFF7F
310
FF7FFF7FFF7FFF7FBC7F4669456D2569F57AFF7FFF7FEB6D45692569456D2569
310
45692569456D256945692569456D4F72FF7FFF7FFF7FFF7FFF7FFF7FFF7FFF7F
310
FF7FFF7FFF7FFF7FFF7FFF7FFF7FFF7FFF7FFF7FFF7FFF7FFF7FFF7FFF7FFF7F
310
FF7FFF7FFF7FFF7FFF7FFF7FFF7FFF7FFF7FFF7FFF7FFF7FFF7FFF7FFF7FFF7F
310
FF7FFF7FFF7FFF7FFF7FFF7FFF7FFF7FFF7FFF7FFF7FFF7FFF7FFF7FFF7FFF7F
310
FF7FFF7FFF7FFF7FFF7FFF7FFF7FFF7FFF7FFF7FFF7FFF7FFF7FFF7FFF7FFF7F
310
FF7FFF7FFF7FFF7FFF7FFF7FFF7FFF7FFF7FFF7FFF7FFF7FFF7FFF7FFF7FFF7F
310
FF7FFF7FFF7FFF7FFF7FFF7FFF7FFF7FFF7FFF7FFF7FFF7FFF7FFF7FFF7FFF7F
310
FF7FFF7FFF7FFF7FFF7FFF7FFF7FFF7FFF7FFF7FFF7FFF7FFF7FFF7FFF7FFF7F
310
FF7FFF7FFF7FFF7FFF7FFF7FFF7FFF7FFF7FFF7FFF7FFF7FFF7FFF7FFF7FFF7F
310
FF7FFF7FFF7FFF7FFF7FFF7FFF7FFF7FFF7FFF7FFF7FFF7FFF7FFF7FFF7FFF7F
310
FF7FFF7FFF7FFF7FFF7FFF7FFF7FFF7FFF7FFF7FFF7FFF7FFF7FFF7FFF7FFF7F
310
FF7FFF7FFF7FFF7FFF7FFF7F0000FF7FA96D456D2569456D4569456D2569456D
310
4569456D2569456D4569456D2569456D4569456D2569456D4569456D2569456D
310
A96D5072D5769C7BFF7BFF7FDF7BFF7FDF7BDF7BDE7BFF7FFF7BD4762469456D
310
4569456D2569456D4569456D2569456D4569456D2569456D4569456D2569456D
310
45699276FF7FFF7FFF7FFF7FFF7FFF7FFF7FFF7FFF7FFF7FFF7FFF7FFF7FFF7F
310
0D72456D2569676DA96DA96D886DA971886DA96D886DA971886D0D72FF7FFF7F
310
FF7F7076CA6DEB71CB6DEB71CB6DEB71CA6D666D2569456D4569D47AFF7FFF7F
310
FF7F9B7F4669456D4569456D666D0C722E720C72676D456D4569456D597BFF7F
310
177B456D2569666D9B7FFF7FFF7FFF7FFF7FFF7FF57A456D4569676DBC7FFF7F
310
FF7F0C722569456DA96D4F764F724F762D72CA712569456D4569456D2E72FF7F
310
FF7FFF7FFF7FFF7FFF7FFF7FFF7FFF7FFF7FFF7FFF7FFF7FFF7FFF7FFF7FFF7F
310
FF7FFF7FFF7FFF7FFF7FFF7FFF7FFF7FFF7FFF7FFF7FFF7FFF7FFF7FFF7FFF7F
310
FF7FFF7FFF7FFF7FFF7FFF7FFF7FFF7FFF7FFF7FFF7FFF7FFF7FFF7FFF7FFF7F
310
FF7FFF7FFF7FFF7FFF7FFF7FFF7FFF7FFF7FFF7FFF7FFF7FFF7FFF7FFF7FFF7F
310
FF7FFF7FFF7FFF7FFF7FFF7FFF7FFF7FFF7FFF7FFF7FFF7FFF7FFF7FFF7FFF7F
310
FF7FFF7FFF7FFF7FFF7FFF7FFF7FFF7FFF7FFF7FFF7FFF7FFF7FFF7FFF7FFF7F
310
FF7FFF7FFF7FFF7FFF7FFF7FFF7FFF7FFF7FFF7FFF7FFF7FFF7FFF7FFF7FFF7F
310
FF7FFF7FFF7FFF7FFF7FFF7FFF7FFF7FFF7FFF7FFF7FFF7FFF7FFF7FFF7FFF7F
310
FF7FFF7FFF7FFF7FFF7FFF7FFF7FFF7FFF7FFF7FFF7FFF7FFF7FFF7FFF7FFF7F
310
FF7FFF7FFF7FFF7FFF7FFF7FFF7FFF7FFF7FFF7FFF7FFF7FFF7FFF7FFF7FFF7F
310
FF7FFF7FFF7FFF7FFF7FFF7FFF7FFF7FFF7FFF7FFF7FFF7F0000FF7FCB712569
310
456D256945692569456D256945692569456D256945692569456D256945692569
310
456D256945692569456D25692469036924694569EC6DF676DF7BFF7BDF7BDE7B
310
DF7BDE7BDF7BFF7BB376036945692569456D256945692569456D256945692569
310
456D256945692569456D25694569B276FF7FFF7FFF7FFF7FFF7FFF7FFF7FFF7F
310
FF7FFF7FFF7FFF7FFF7FFF7F0D722569456D0D72FF7FDE7FFF7FDE7FFE7FDE7F
310
FF7FDE7FFE7FFE7FFF7FFF7FFF7FFF7FFF7FFF7FFF7FFF7FFF7FFF7FFF7F597B
310
886D25694569EC71FF7FFF7FFF7F0C72456D256945692E72BC7FFF7FFF7FFF7F
310
DD7FF676CB719176FF7FFF7FDE7F676D456D2569F57AFF7FFF7FFF7FFF7FFF7F
310
2E72256945690D72FF7FFF7FFF7F0D72456D25694F76FF7FFF7FFF7FFF7FFE7F
310
377B886D45692569456DF676FF7FFF7FFF7FFF7FFF7FFF7FFF7FFF7FFF7FFF7F
310
FF7FFF7FFF7FFF7FFF7FFF7FFF7FFF7FFF7FFF7FFF7FFF7FFF7FFF7FFF7FFF7F
310
FF7FFF7FFF7FFF7FFF7FFF7FFF7FFF7FFF7FFF7FFF7FFF7FFF7FFF7FFF7FFF7F
310
FF7FFF7FFF7FFF7FFF7FFF7FFF7FFF7FFF7FFF7FFF7FFF7FFF7FFF7FFF7FFF7F
310
FF7FFF7FFF7FFF7FFF7FFF7FFF7FFF7FFF7FFF7FFF7FFF7FFF7FFF7FFF7FFF7F
310
FF7FFF7FFF7FFF7FFF7FFF7FFF7FFF7FFF7FFF7FFF7FFF7FFF7FFF7FFF7FFF7F
310
FF7FFF7FFF7FFF7FFF7FFF7FFF7FFF7FFF7FFF7FFF7FFF7FFF7FFF7FFF7FFF7F
310
FF7FFF7FFF7FFF7FFF7FFF7FFF7FFF7FFF7FFF7FFF7FFF7FFF7FFF7FFF7FFF7F
310
FF7FFF7FFF7FFF7FFF7FFF7FFF7FFF7FFF7FFF7FFF7FFF7FFF7FFF7FFF7FFF7F
310
FF7FFF7FFF7FFF7FFF7FFF7FFF7FFF7FFF7FFF7FFF7FFF7FFF7FFF7FFF7FFF7F
310
FF7FFF7FFF7FFF7FFF7FFF7FFF7FFF7FFF7FFF7FFF7FFF7FFF7FFF7FFF7FFF7F
310
FF7FFF7F0000FF7F0C72456D4569456D2569456D4569456D2569456D4569456D
310
2569456D4569456D2569456D4569456D2569456D4569456D2569456D4569456D
310
0369246DCA6D5A7BFF7BFF7FDF7BDF7BDE7BFF7FFF7B0D720369456D4569456D
310
2569456D4569456D2569456D4569456D2569456D4569456D2569F57AFF7FFF7F
310
FF7FFF7FFF7FFF7FFF7FFF7FFF7FFF7FFF7FFF7FFF7FFF7F0D72456D45692E76
310
FF7FFF7FFF7FFF7FFF7FFF7FFF7FFF7FFF7FFF7FFF7FFF7FFF7FFF7FFF7FFF7F
310
FF7FFF7FFF7FFF7FFF7FFF7F2E72456D2569EB71FF7FFF7F9B7F466D4569456D
310
EB71FF7FFF7FFF7FFF7FFF7FFF7FFF7FFF7FFF7FFF7FFF7FFF7F4F764569456D
310
A96D92769176927691769176676D456D2569167BFF7FFF7FFF7F2D724569456D
310
4F72FF7FFF7FFF7FFF7FFF7FFF7F9B7F666D456D4569EB71FF7FFF7FFF7FFF7F
310
FF7FFF7FFF7FFF7FFF7FFF7FFF7FFF7FFF7FFF7FFF7FFF7FFF7FFF7FFF7FFF7F
310
FF7FFF7FFF7FFF7FFF7FFF7FFF7FFF7FFF7FFF7FFF7FFF7FFF7FFF7FFF7FFF7F
310
FF7FFF7FFF7FFF7FFF7FFF7FFF7FFF7FFF7FFF7FFF7FFF7FFF7FFF7FFF7FFF7F
310
FF7FFF7FFF7FFF7FFF7FFF7FFF7FFF7FFF7FFF7FFF7FFF7FFF7FFF7FFF7FFF7F
310
FF7FFF7FFF7FFF7FFF7FFF7FFF7FFF7FFF7FFF7FFF7FFF7FFF7FFF7FFF7FFF7F
310
FF7FFF7FFF7FFF7FFF7FFF7FFF7FFF7FFF7FFF7FFF7FFF7FFF7FFF7FFF7FFF7F
310
FF7FFF7FFF7FFF7FFF7FFF7FFF7FFF7FFF7FFF7FFF7FFF7FFF7FFF7FFF7FFF7F
310
FF7FFF7FFF7FFF7FFF7FFF7FFF7FFF7FFF7FFF7FFF7FFF7FFF7FFF7FFF7FFF7F
310
FF7FFF7FFF7FFF7FFF7FFF7FFF7FFF7FFF7FFF7FFF7FFF7FFF7FFF7FFF7FFF7F
310
FF7FFF7FFF7FFF7FFF7FFF7FFF7FFF7FFF7FFF7FFF7FFF7FFF7FFF7FFF7FFF7F
310
FF7FFF7FFF7FFF7FFF7FFF7FFF7FFF7F0000FF7F7076256945692569456D2569
310
45692569456D256945692569456D256945692569456D256945692569456D2569
310
45692569456D256945692569456D2469046945693877FF7BDF7BDE7BDF7BDE7B
310
FF7B7B77466D246945692569456D256945692569456D256945692569456D2569
310
45692569456D387BFF7FFF7FFF7FFF7FFF7FFF7FFF7FFF7FFF7FFF7FFF7FFF7F
310
FF7FFF7F0D72256945692E72FF7FFF7FFF7FFF7FFF7FFF7FFF7FFF7FFF7FFF7F
310
FF7FFF7FFF7FFF7FFF7FFF7FFF7FFF7FFF7FFF7FFF7FFF7F4F722569456DCA6D
310
FF7FFF7FF57A256945692569587BFF7FFF7FFF7FFF7FFF7FFF7FFF7FFF7FFF7F
310
FF7FFF7FFF7F177B45692569456D256945692569456D256945692569676DBC7F
310
FF7FFF7FFF7F0C72456925694F76FF7FFF7FFF7FFF7FFF7FFF7FFF7F91762569
310
456945699B7FFF7FFF7FFF7FFF7FFF7FFF7FFF7FFF7FFF7FFF7FFF7FFF7FFF7F
310
FF7FFF7FFF7FFF7FFF7FFF7FFF7FFF7FFF7FFF7FFF7FFF7FFF7FFF7FFF7FFF7F
310
FF7FFF7FFF7FFF7FFF7FFF7FFF7FFF7FFF7FFF7FFF7FFF7FFF7FFF7FFF7FFF7F
310
FF7FFF7FFF7FFF7FFF7FFF7FFF7FFF7FFF7FFF7FFF7FFF7FFF7FFF7FFF7FFF7F
310
FF7FFF7FFF7FFF7FFF7FFF7FFF7FFF7FFF7FFF7FFF7FFF7FFF7FFF7FFF7FFF7F
310
FF7FFF7FFF7FFF7FFF7FFF7FFF7FFF7FFF7FFF7FFF7FFF7FFF7FFF7FFF7FFF7F
310
FF7FFF7FFF7FFF7FFF7FFF7FFF7FFF7FFF7FFF7FFF7FFF7FFF7FFF7FFF7FFF7F
310
FF7FFF7FFF7FFF7FFF7FFF7FFF7FFF7FFF7FFF7FFF7FFF7FFF7FFF7FFF7FFF7F
310
FF7FFF7FFF7FFF7FFF7FFF7FFF7FFF7FFF7FFF7FFF7FFF7FFF7FFF7FFF7FFF7F
310
FF7FFF7FFF7FFF7FFF7FFF7FFF7FFF7FFF7FFF7FFF7FFF7FFF7FFF7FFF7FFF7F
310
FF7FFF7FFF7FFF7FFF7FFF7FFF7FFF7FFF7FFF7FFF7FFF7FFF7FFF7F0000FF7F
310
D476456D2569456D4569456D2569456D4569456D2569456D4569456D2569456D
310
4569456D2569456D4569456D2569456D4569456D2569456D4569456D4569246D
310
666D9C7BFF7BFF7FDF7BDF7BDE7BFF7F2E7224692569456D4569456D2569456D
310
4569456D2569456D4569456D2569456D46699C7FFF7FFF7FFF7FFF7FFF7FFF7F
310
FF7FFF7FFF7FFF7FFF7FFF7FFF7FFF7F0D72456D25694F76FF7FFF7FFF7FFF7F
310
FF7FFF7FFF7FFF7FFF7FFF7FFF7FFF7FFF7FFF7FFF7FFF7FFF7FFF7FFF7FFF7F
310
FF7FFF7FCA6D456D4569EB71FF7FFF7F7076456D2569886DDE7FFF7FFF7FFF7F
310
FF7FFF7FFF7FFF7FFF7FFF7FFF7FFF7FFF7FFE7F876D456D4569456D2569456D
310
4569456D2569456D0D72FF7FFF7FFF7FFF7F2E722569456D4F72FF7FFF7FFF7F
310
FF7FFF7FFF7FFF7F597B456D2569456D167BFF7FFF7FFF7FFF7FFF7FFF7FFF7F
310
FF7FFF7FFF7FFF7FFF7FFF7FFF7FFF7FFF7FFF7FFF7FFF7FFF7FFF7FFF7FFF7F
310
FF7FFF7FFF7FFF7FFF7FFF7FFF7FFF7FFF7FFF7FFF7FFF7FFF7FFF7FFF7FFF7F
310
FF7FFF7FFF7FFF7FFF7FFF7FFF7FFF7FFF7FFF7FFF7FFF7FFF7FFF7FFF7FFF7F
310
FF7FFF7FFF7FFF7FFF7FFF7FFF7FFF7FFF7FFF7FFF7FFF7FFF7FFF7FFF7FFF7F
310
FF7FFF7FFF7FFF7FFF7FFF7FFF7FFF7FFF7FFF7FFF7FFF7FFF7FFF7FFF7FFF7F
310
FF7FFF7FFF7FFF7FFF7FFF7FFF7FFF7FFF7FFF7FFF7FFF7FFF7FFF7FFF7FFF7F
310
FF7FFF7FFF7FFF7FFF7FFF7FFF7FFF7FFF7FFF7FFF7FFF7FFF7FFF7FFF7FFF7F
310
FF7FFF7FFF7FFF7FFF7FFF7FFF7FFF7FFF7FFF7FFF7FFF7FFF7FFF7FFF7FFF7F
310
FF7FFF7FFF7FFF7FFF7FFF7FFF7FFF7FFF7FFF7FFF7FFF7FFF7FFF7FFF7FFF7F
310
FF7FFF7FFF7FFF7FFF7FFF7FFF7FFF7FFF7FFF7FFF7FFF7FFF7FFF7FFF7FFF7F
310
FF7FFF7FFF7FFF7F0000FF7F597B2569456D256945692569456D256945692569
310
456D256945692569456D256945692569456D256945692569456D256945692569
310
456D256945692569456D256903695072FF7FDE7BDF7BDE7BDF7BFF7BF6760369
310
456D256945692569456D256945692569456D256945692569456D2569A96DFE7F
310
FF7FFF7FFF7FFF7FFF7FFF7FFF7FFF7FFF7FFF7FFF7FFF7FFF7FFF7F0D722569
310
456DAA6DF57AD476F57AD476D47AD476D47A7A7BFF7FFF7FFF7FFF7FFF7FFF7F
310
FF7F597BD4767176917671729176CA6D456D256945697072FF7FFF7F2E722569
310
456DCA6DFF7FFF7FFF7FFF7FFF7FFF7FFF7FFF7FFF7FFF7FFF7FFF7FFF7FFF7F
310
4F7625694569CA6D177BF676F57A6669456D2569167BFF7FFF7FFF7FFF7F2D72
310
456D25692E72FF7FFF7FFF7FFF7FFF7FFF7FFF7FBD7F6669456D2569D476FF7F
310
FF7FFF7FFF7FFF7FFF7FFF7FFF7FFF7FFF7FFF7FFF7FFF7FFF7FFF7FFF7FFF7F
310
FF7FFF7FFF7FFF7FFF7FFF7FFF7FFF7FFF7FFF7FFF7FFF7FFF7FFF7FFF7FFF7F
310
FF7FFF7FFF7FFF7FFF7FFF7FFF7FFF7FFF7FFF7FFF7FFF7FFF7FFF7FFF7FFF7F
310
FF7FFF7FFF7FFF7FFF7FFF7FFF7FFF7FFF7FFF7FFF7FFF7FFF7FFF7FFF7FFF7F
310
FF7FFF7FFF7FFF7FFF7FFF7FFF7FFF7FFF7FFF7FFF7FFF7FFF7FFF7FFF7FFF7F
310
FF7FFF7FFF7FFF7FFF7FFF7FFF7FFF7FFF7FFF7FFF7FFF7FFF7FFF7FFF7FFF7F
310
FF7FFF7FFF7FFF7FFF7FFF7FFF7FFF7FFF7FFF7FFF7FFF7FFF7FFF7FFF7FFF7F
310
FF7FFF7FFF7FFF7FFF7FFF7FFF7FFF7FFF7FFF7FFF7FFF7FFF7FFF7FFF7FFF7F
310
FF7FFF7FFF7FFF7FFF7FFF7FFF7FFF7FFF7FFF7FFF7FFF7FFF7FFF7FFF7FFF7F
310
FF7FFF7FFF7FFF7FFF7FFF7FFF7FFF7FFF7FFF7FFF7FFF7FFF7FFF7FFF7FFF7F
310
FF7FFF7FFF7FFF7FFF7FFF7FFF7FFF7FFF7FFF7F0000FF7FDD7F886D4569456D
310
2569456D4569456D2569456D4569456D2569456D4569456D2569456D4569456D
310
2569456D4569456D2569456D4569456D2569456D4569456D2469CA71DF7BFF7B
310
DE7BFF7FDF7BFF7F7A77466D2569456D2569456D4569456D2569456D4569456D
310
2569456D4569456D2D72FF7FFF7FFF7FFF7FFF7FFF7FFF7FFF7FFF7FFF7FFF7F
310
FF7FFF7FFF7FFF7F0D72456D4569456D2569456D4569456D2569456D4569D47A
310
FF7FFF7FFF7FFF7FFF7FBC7FEB71456D2569456D4569456D2569456D4569456D
310
666DBC7FFF7FFF7F0D72456D45690C72FF7FFF7FFF7FFF7FFF7FFF7FFF7FFF7F
310
FF7FFF7FFF7FFF7FFF7FFF7F377B456D2569A971FF7FFF7F7A7F466D4569876D
310
BD7FFF7FFF7FFF7FFF7F2E764569456D2E72FF7FFF7FFF7FFF7FFF7FFF7FFF7F
310
DE7F886D4569456D9276FF7FFF7FFF7FFF7FFF7FFF7FFF7FFF7FFF7FFF7FFF7F
310
FF7FFF7FFF7FFF7FFF7FFF7FFF7FFF7FFF7FFF7FFF7FFF7FFF7FFF7FFF7FFF7F
310
FF7FFF7FFF7FFF7FFF7FFF7FFF7FFF7FFF7FFF7FFF7FFF7FFF7FFF7FFF7FFF7F
310
FF7FFF7FFF7FFF7FFF7FFF7FFF7FFF7FFF7FFF7FFF7FFF7FFF7FFF7FFF7FFF7F
310
FF7FFF7FFF7FFF7FFF7FFF7FFF7FFF7FFF7FFF7FFF7FFF7FFF7FFF7FFF7FFF7F
310
FF7FFF7FFF7FFF7FFF7FFF7FFF7FFF7FFF7FFF7FFF7FFF7FFF7FFF7FFF7FFF7F
310
FF7FFF7FFF7FFF7FFF7FFF7FFF7FFF7FFF7FFF7FFF7FFF7FFF7FFF7FFF7FFF7F
310
FF7FFF7FFF7FFF7FFF7FFF7FFF7FFF7FFF7FFF7FFF7FFF7FFF7FFF7FFF7FFF7F
310
FF7FFF7FFF7FFF7FFF7FFF7FFF7FFF7FFF7FFF7FFF7FFF7FFF7FFF7FFF7FFF7F
310
FF7FFF7FFF7FFF7FFF7FFF7FFF7FFF7FFF7FFF7FFF7FFF7FFF7FFF7FFF7FFF7F
310
FF7FFF7FFF7FFF7FFF7FFF7FFF7FFF7FFF7FFF7FFF7FFF7FFF7FFF7FFF7FFF7F
310
0000FF7FFF7F0C7245692569456D256945692569456D256945692569456D2569
310
45692569456D256945692569456D256945692569456D256945692569456D2569
310
4569256924698869BE7BDF7BDF7BDE7BDF7BDF7B9C7B466925692569456D2569
310
45692569456D256945692569456D256945692569F57AFF7FFF7FFF7FFF7FFF7F
310
FF7FFF7FFF7FFF7FFF7FFF7FFF7FFF7FFF7FFF7F0D72256945692569456D2569
310
45692569456D25694569B376FF7FFF7FFF7FFF7FFF7FCA6D45692569456D2569
310
45692569456D25694569CA6D597FFF7FFF7FFF7F2D7225694569EB6DFF7FFF7F
310
FF7FFF7FFF7FFF7FFF7FFF7FFF7FFF7FFF7FFF7FFF7FFF7FFE7F886D456D2569
310
587BFF7F9276256945692D72FF7FFF7FFF7FFF7FFF7F0D72456925692E72FF7F
310
FF7FFF7FFF7FFF7FFF7FFF7FDE7F676945692569B376FF7FFF7FFF7FFF7FFF7F
310
FF7FFF7FFF7FFF7FFF7FFF7FFF7FFF7FFF7FFF7FFF7FFF7FFF7FFF7FFF7FFF7F
310
FF7FFF7FFF7FFF7FFF7FFF7FFF7FFF7FFF7FFF7FFF7FFF7FFF7FFF7FFF7FFF7F
310
FF7FFF7FFF7FFF7FFF7FFF7FFF7FFF7FFF7FFF7FFF7FFF7FFF7FFF7FFF7FFF7F
310
FF7FFF7FFF7FFF7FFF7FFF7FFF7FFF7FFF7FFF7FFF7FFF7FFF7FFF7FFF7FFF7F
310
FF7FFF7FFF7FFF7FFF7FFF7FFF7FFF7FFF7FFF7FFF7FFF7FFF7FFF7FFF7FFF7F
310
FF7FFF7FFF7FFF7FFF7FFF7FFF7FFF7FFF7FFF7FFF7FFF7FFF7FFF7FFF7FFF7F
310
FF7FFF7FFF7FFF7FFF7FFF7FFF7FFF7FFF7FFF7FFF7FFF7FFF7FFF7FFF7FFF7F
310
FF7FFF7FFF7FFF7FFF7FFF7FFF7FFF7FFF7FFF7FFF7FFF7FFF7FFF7FFF7FFF7F
310
FF7FFF7FFF7FFF7FFF7FFF7FFF7FFF7FFF7FFF7FFF7FFF7FFF7FFF7FFF7FFF7F
310
FF7FFF7FFF7FFF7FFF7FFF7FFF7FFF7FFF7FFF7FFF7FFF7FFF7FFF7FFF7FFF7F
310
FF7FFF7FFF7FFF7FFF7FFF7F0000FF7FFF7FF57A2569456D4569456D2569456D
310
4569456D2569456D4569456D2569456D4569456D2569456D4569456D2569456D
310
4569456D2569456D4569456D2569456D2469AA6DDE7BFF7FDF7BDF7BDE7BFF7F
310
9C7B666D2469456D4569456D2569456D4569456D2569456D4569456D2569666D
310
9C7FFF7FFF7FFF7FFF7FFF7FFF7FFF7FFF7FFF7FFF7FFF7FFF7FFF7FFF7FFF7F
310
0D72456D2569CA719276B2769276B2769276B27691767A7FFF7FFF7FFF7FFF7F
310
377B456D2569456DA96DD47AD476F57AD476167B7A7BFF7FFF7FFF7FFF7FFF7F
310
2E72456D2569CA71FF7FFF7FFF7FFF7FFF7FFF7FFF7FFF7FFF7FFF7FFF7FFF7F
310
FF7FFF7FFF7F70764569456D7176FF7FCA6D456D2569177BFF7FFF7FFF7FFF7F
310
FF7F4F762569456D0D72FF7FFF7FFF7FFF7FFF7FFF7FFF7F9C7F666D2569456D
310
D476FF7FFF7FFF7FFF7FFF7FFF7FFF7FFF7FFF7FFF7FFF7FFF7FFF7FFF7FFF7F
310
FF7FFF7FFF7FFF7FFF7FFF7FFF7FFF7FFF7FFF7FFF7FFF7FFF7FFF7FFF7FFF7F
310
FF7FFF7FFF7FFF7FFF7FFF7FFF7FFF7FFF7FFF7FFF7FFF7FFF7FFF7FFF7FFF7F
310
FF7FFF7FFF7FFF7FFF7FFF7FFF7FFF7FFF7FFF7FFF7FFF7FFF7FFF7FFF7FFF7F
310
FF7FFF7FFF7FFF7FFF7FFF7FFF7FFF7FFF7FFF7FFF7FFF7FFF7FFF7FFF7FFF7F
310
FF7FFF7FFF7FFF7FFF7FFF7FFF7FFF7FFF7FFF7FFF7FFF7FFF7FFF7FFF7FFF7F
310
FF7FFF7FFF7FFF7FFF7FFF7FFF7FFF7FFF7FFF7FFF7FFF7FFF7FFF7FFF7FFF7F
310
FF7FFF7FFF7FFF7FFF7FFF7FFF7FFF7FFF7FFF7FFF7FFF7FFF7FFF7FFF7FFF7F
310
FF7FFF7FFF7FFF7FFF7FFF7FFF7FFF7FFF7FFF7FFF7FFF7FFF7FFF7FFF7FFF7F
310
FF7FFF7FFF7FFF7FFF7FFF7FFF7FFF7FFF7FFF7FFF7FFF7FFF7FFF7FFF7FFF7F
310
FF7FFF7FFF7FFF7FFF7FFF7FFF7FFF7FFF7FFF7FFF7FFF7F0000FF7FFF7FBC7F
310
676D256945692569456D256945692569456D256945692569456D256945692569
310
456D256945692569456D256945692569456D256945692569456D246903695072
310
FF7FDE7BDF7BDE7BDF7BFF7B7A7B2569456D256945692569456D256945692569
310
456D256945692569456DEC6DFF7FFF7FFF7FFF7FFF7FFF7FFF7FFF7FFF7FFF7F
310
FF7FFF7FFF7FFF7FFF7FFF7F0D722569456D2E72FF7FFF7FFF7FFF7FFF7FFF7F
310
FF7FFF7FFF7FFF7FFF7FFF7FB3762569456D46699B7FFF7FFF7FFF7FFF7FFF7F
310
FF7FFF7FFF7FFF7FFF7FFF7F91762569456D4669BC7FFF7FFF7FFF7FFF7FFF7F
310
FF7FFF7FFF7FFF7FFF7FFF7FFF7FFF7FFF7F387B45692569CB717A7B466D2569
310
876DBD7FFF7FFF7FFF7FFF7FFF7F2E72456D25690D72FF7FFF7FFF7FFF7FFF7F
310
FF7FFF7F177B2569456D2569387BFF7FFF7FFF7FFF7FFF7FFF7FFF7FFF7FFF7F
310
FF7FFF7FFF7FFF7FFF7FFF7FFF7FFF7FFF7FFF7FFF7FFF7FFF7FFF7FFF7FFF7F
310
FF7FFF7FFF7FFF7FFF7FFF7FFF7FFF7FFF7FFF7FFF7FFF7FFF7FFF7FFF7FFF7F
310
FF7FFF7FFF7FFF7FFF7FFF7FFF7FFF7FFF7FFF7FFF7FFF7FFF7FFF7FFF7FFF7F
310
FF7FFF7FFF7FFF7FFF7FFF7FFF7FFF7FFF7FFF7FFF7FFF7FFF7FFF7FFF7FFF7F
310
FF7FFF7FFF7FFF7FFF7FFF7FFF7FFF7FFF7FFF7FFF7FFF7FFF7FFF7FFF7FFF7F
310
FF7FFF7FFF7FFF7FFF7FFF7FFF7FFF7FFF7FFF7FFF7FFF7FFF7FFF7FFF7FFF7F
310
FF7FFF7FFF7FFF7FFF7FFF7FFF7FFF7FFF7FFF7FFF7FFF7FFF7FFF7FFF7FFF7F
310
FF7FFF7FFF7FFF7FFF7FFF7FFF7FFF7FFF7FFF7FFF7FFF7FFF7FFF7FFF7FFF7F
310
FF7FFF7FFF7FFF7FFF7FFF7FFF7FFF7FFF7FFF7FFF7FFF7FFF7FFF7FFF7FFF7F
310
FF7FFF7FFF7FFF7FFF7FFF7FFF7FFF7FFF7FFF7FFF7FFF7FFF7FFF7FFF7FFF7F
310
FF7FFF7F0000FF7FFF7FFF7F2E72456D2569456D4569456D2569456D4569456D
310
2569456D4569456D2569456D256924690369246D036924690369246D03692469
310
0369246D0369246DEC6DDE7BFF7BDF7BDE7BFF7FDF7BFF7F1777246D4569456D
310
2569456D4569456D2569456D4569456D2569456D4569177BFF7FFF7FFF7FFF7F
310
FF7FFF7FFF7FFF7FFF7FFF7FFF7FFF7FFF7FFF7FFF7FFF7F0D72456D45692E72
310
FF7FFF7FFF7FFF7FFF7FFF7FFF7FFF7FFF7FFF7FFF7FFF7F9276456D4569A86D
310
FF7FFF7FFF7FFF7FFF7FFF7FFF7FFF7FFF7FFF7FFF7F1610000026060F002220
310
574D464301000000000001000000000000000800000000200000682F000068EF
310
0000FF7F177B456D4569456DD476FF7FFF7FFF7FFF7FFF7FFF7FFF7FFF7FFF7F
310
FF7FFF7FFF7FFF7FFF7FFF7F886D456D676D2E722569456D2E72FF7FFF7FFF7F
310
FF7FFF7FFF7F4F764569456D0D72FF7FFF7FFF7FFF7FFF7FFF7FFF7FEC71456D
310
4569676DBD7FFF7FFF7FFF7FFF7FFF7FFF7FFF7FFF7FFF7FFF7FFF7FFF7FFF7F
310
FF7FFF7FFF7FFF7FFF7FFF7FFF7FFF7FFF7FFF7FFF7FFF7FFF7FFF7FFF7FFF7F
310
FF7FFF7FFF7FFF7FFF7FFF7FFF7FFF7FFF7FFF7FFF7FFF7FFF7FFF7FFF7FFF7F
310
FF7FFF7FFF7FFF7FFF7FFF7FFF7FFF7FFF7FFF7FFF7FFF7FFF7FFF7FFF7FFF7F
310
FF7FFF7FFF7FFF7FFF7FFF7FFF7FFF7FFF7FFF7FFF7FFF7FFF7FFF7FFF7FFF7F
310
FF7FFF7FFF7FFF7FFF7FFF7FFF7FFF7FFF7FFF7FFF7FFF7FFF7FFF7FFF7FFF7F
310
FF7FFF7FFF7FFF7FFF7FFF7FFF7FFF7FFF7FFF7FFF7FFF7FFF7FFF7FFF7FFF7F
310
FF7FFF7FFF7FFF7FFF7FFF7FFF7FFF7FFF7FFF7FFF7FFF7FFF7FFF7FFF7FFF7F
310
FF7FFF7FFF7FFF7FFF7FFF7FFF7FFF7FFF7FFF7FFF7FFF7FFF7FFF7FFF7FFF7F
310
FF7FFF7FFF7FFF7FFF7FFF7FFF7FFF7FFF7FFF7FFF7FFF7FFF7FFF7FFF7FFF7F
310
FF7FFF7FFF7FFF7FFF7FFF7FFF7FFF7FFF7FFF7FFF7FFF7FFF7FFF7F0000FF7F
310
FF7FFF7F597F2569456D256945692569456D256945692569456D256945692569
310
456D246925692E6E717250727172707271725072717270727172507292721777
310
DF7BDF7BDF7BDE7BDF7BDE7BDF7BFF7B7172036945692569456D256945692569
310
456D256945692569456D2569A96DDE7FFF7FFF7FFF7FFF7FFF7FFF7FFF7FFF7F
310
FF7FFF7FFF7FFF7FFF7FFF7FFF7FFF7F0D72256945692E72FF7FFF7FFF7FFF7F
310
FF7FFF7FFF7FFF7FFF7FFF7FFF7FFF7FB27625694569676DFE7FFF7FFF7FFF7F
310
FF7FFF7FFF7FFF7FFF7FFF7FFF7FFF7FDE7F676945692569886D7A7BFF7FFF7F
310
FF7FFF7FFF7FFF7F597FBC7FFF7FFF7FFF7FFF7FFF7FFF7F7076256945692569
310
456D2569177BFF7FFF7FFF7FFF7FFF7FFF7F2E72456925692D72FF7FFF7FFF7F
310
FF7FFF7FFF7F9276456D256945692E72FF7FFF7FFF7FFF7FFF7FFF7FFF7FFF7F
310
FF7FFF7FFF7FFF7FFF7FFF7FFF7FFF7FFF7FFF7FFF7FFF7FFF7FFF7FFF7FFF7F
310
FF7FFF7FFF7FFF7FFF7FFF7FFF7FFF7FFF7FFF7FFF7FFF7FFF7FFF7FFF7FFF7F
310
FF7FFF7FFF7FFF7FFF7FFF7FFF7FFF7FFF7FFF7FFF7FFF7FFF7FFF7FFF7FFF7F
310
FF7FFF7FFF7FFF7FFF7FFF7FFF7FFF7FFF7FFF7FFF7FFF7FFF7FFF7FFF7FFF7F
310
FF7FFF7FFF7FFF7FFF7FFF7FFF7FFF7FFF7FFF7FFF7FFF7FFF7FFF7FFF7FFF7F
310
FF7FFF7FFF7FFF7FFF7FFF7FFF7FFF7FFF7FFF7FFF7FFF7FFF7FFF7FFF7FFF7F
310
FF7FFF7FFF7FFF7FFF7FFF7FFF7FFF7FFF7FFF7FFF7FFF7FFF7FFF7FFF7FFF7F
310
FF7FFF7FFF7FFF7FFF7FFF7FFF7FFF7FFF7FFF7FFF7FFF7FFF7FFF7FFF7FFF7F
310
FF7FFF7FFF7FFF7FFF7FFF7FFF7FFF7FFF7FFF7FFF7FFF7FFF7FFF7FFF7FFF7F
310
FF7FFF7FFF7FFF7FFF7FFF7FFF7FFF7FFF7FFF7FFF7FFF7FFF7FFF7FFF7FFF7F
310
FF7FFF7FFF7FFF7F0000FF7FFF7FFF7FFF7F0D724569456D2569456D4569456D
310
2569456D4569456D2569456D256924699272FF7FFF7BFF7FFF7BFF7FFF7BFF7F
310
FF7BFF7FFF7BFF7FFF7BFF7FDF7BDF7BDE7BFF7FDF7BDF7BDF7BDE7B886D256D
310
2569456D4569456D2569456D4569456D2569456D4569456DD476FF7FFF7FFF7F
310
FF7FFF7FFF7FFF7FFF7FFF7FFF7FFF7FFF7FFF7FFF7FFF7FFF7FFF7F0D72456D
310
25692E76FF7FFF7FFF7FFF7FFF7FFF7FFF7FFF7FFF7FFF7FFF7FFF7FF57A456D
310
2569466D9176DD7FDE7FFF7FDE7FFE7FDE7FFE7FFF7FFF7FFF7FFF7FFF7F9276
310
2569456D4569886DB3769B7FBC7F9B7FF57A2D724569CA71BC7FFF7FFF7FFF7F
310
FF7FFF7F587B456D2569456D4569886DDD7FFF7FFF7FFF7FFF7FFF7FFF7F5076
310
2569456DEB71BC7F9C7FBC7F7A7F167B0C72456D4569456D66699C7FFF7FFF7F
310
FF7FFF7FFF7FFF7FFF7FFF7FFF7FFF7FFF7FFF7FFF7FFF7FFF7FFF7FFF7FFF7F
310
FF7FFF7FFF7FFF7FFF7FFF7FFF7FFF7FFF7FFF7FFF7FFF7FFF7FFF7FFF7FFF7F
310
FF7FFF7FFF7FFF7FFF7FFF7FFF7FFF7FFF7FFF7FFF7FFF7FFF7FFF7FFF7FFF7F
310
FF7FFF7FFF7FFF7FFF7FFF7FFF7FFF7FFF7FFF7FFF7FFF7FFF7FFF7FFF7FFF7F
310
FF7FFF7FFF7FFF7FFF7FFF7FFF7FFF7FFF7FFF7FFF7FFF7FFF7FFF7FFF7FFF7F
310
FF7FFF7FFF7FFF7FFF7FFF7FFF7FFF7FFF7FFF7FFF7FFF7FFF7FFF7FFF7FFF7F
310
FF7FFF7FFF7FFF7FFF7FFF7FFF7FFF7FFF7FFF7FFF7FFF7FFF7FFF7FFF7FFF7F
310
FF7FFF7FFF7FFF7FFF7FFF7FFF7FFF7FFF7FFF7FFF7FFF7FFF7FFF7FFF7FFF7F
310
FF7FFF7FFF7FFF7FFF7FFF7FFF7FFF7FFF7FFF7FFF7FFF7FFF7FFF7FFF7FFF7F
310
FF7FFF7FFF7FFF7FFF7FFF7FFF7FFF7FFF7FFF7FFF7FFF7FFF7FFF7FFF7FFF7F
310
FF7FFF7FFF7FFF7FFF7FFF7FFF7FFF7FFF7FFF7F0000FF7FFF7FFF7FFF7F597B
310
456D2569456D256945692569456D256945692569456D246903697072FF7FDE7B
310
DF7BDE7BDF7BDE7BDF7BDE7BDF7BDE7BDF7BDE7BDF7BDE7BDF7BDE7BDF7BDE7B
310
DF7BDE7BFF7F927204692569456D256945692569456D256945692569456D2569
310
4569A96DFF7FFF7FFF7FFF7FFF7FFF7FFF7FFF7FFF7FFF7FFF7FFF7FFF7FFF7F
310
FF7FFF7FFF7FFF7F0D722569456D4669CA6DA96DCA6DA96DAA6DA96DCA6DA96D
310
A96D2D72FF7FFF7FBC7F4669456D256945696769A96D886D886D886DA86D886D
310
F67AFF7FFF7FFF7FFF7FDE7FEB71256945692569456D2569666D2569456D2569
310
456967697A7FFF7FFF7FFF7FFF7FFF7FFF7F886D456D256945692E72FF7FFF7F
310
FF7FFF7FFF7FFF7FFF7F4F72456D2569456D4669666D4669456D2569456D2569
310
45694669377BFF7FFF7FFF7FFF7FFF7FFF7FFF7FFF7FFF7FFF7FFF7FFF7FFF7F
310
FF7FFF7FFF7FFF7FFF7FFF7FFF7FFF7FFF7FFF7FFF7FFF7FFF7FFF7FFF7FFF7F
310
FF7FFF7FFF7FFF7FFF7FFF7FFF7FFF7FFF7FFF7FFF7FFF7FFF7FFF7FFF7FFF7F
310
FF7FFF7FFF7FFF7FFF7FFF7FFF7FFF7FFF7FFF7FFF7FFF7FFF7FFF7FFF7FFF7F
310
FF7FFF7FFF7FFF7FFF7FFF7FFF7FFF7FFF7FFF7FFF7FFF7FFF7FFF7FFF7FFF7F
310
FF7FFF7FFF7FFF7FFF7FFF7FFF7FFF7FFF7FFF7FFF7FFF7FFF7FFF7FFF7FFF7F
310
FF7FFF7FFF7FFF7FFF7FFF7FFF7FFF7FFF7FFF7FFF7FFF7FFF7FFF7FFF7FFF7F
310
FF7FFF7FFF7FFF7FFF7FFF7FFF7FFF7FFF7FFF7FFF7FFF7FFF7FFF7FFF7FFF7F
310
FF7FFF7FFF7FFF7FFF7FFF7FFF7FFF7FFF7FFF7FFF7FFF7FFF7FFF7FFF7FFF7F
310
FF7FFF7FFF7FFF7FFF7FFF7FFF7FFF7FFF7FFF7FFF7FFF7FFF7FFF7FFF7FFF7F
310
FF7FFF7FFF7FFF7FFF7FFF7FFF7FFF7FFF7FFF7FFF7FFF7FFF7FFF7FFF7FFF7F
310
0000FF7FFF7FFF7FFF7FFF7F5072456D4569456D2569456D4569456D2569456D
310
456903692F72FF7FDF7BDF7BDE7BFF7FDF7BDF7BDE7BFF7FDF7BDF7BDE7BFF7F
310
DF7BDF7BDE7BFF7FDF7BDF7BDF7BFF7F1777456D2469456D4569456D2569456D
310
4569456D2569456D4569456D2569387FFF7FFF7FFF7FFF7FFF7FFF7FFF7FFF7F
310
FF7FFF7FFF7FFF7FFF7FFF7FFF7FFF7FFF7FFF7F0C72456D4569456D2569456D
310
4569456D2569456D4569456D2569A971FF7FFF7FFF7FF57A4569456D2569456D
310
4569456D2569456D4569456DB376FF7FFF7FFF7FFF7FFF7FDD7F0D722569456D
310
4569456D2569456D4569456D0D72BC7FFF7FFF7FFF7FFF7FFF7FFF7FFF7F7176
310
4569456D2569387FFF7FFF7FFF7FFF7FFF7FFF7FFF7F4F764569456D2569456D
310
4569456D2569456D4569466DEC717A7FFF7FFF7FFF7FFF7FFF7FFF7FFF7FFF7F
310
FF7FFF7FFF7FFF7FFF7FFF7FFF7FFF7FFF7FFF7FFF7FFF7FFF7FFF7FFF7FFF7F
310
FF7FFF7FFF7FFF7FFF7FFF7FFF7FFF7FFF7FFF7FFF7FFF7FFF7FFF7FFF7FFF7F
310
FF7FFF7FFF7FFF7FFF7FFF7FFF7FFF7FFF7FFF7FFF7FFF7FFF7FFF7FFF7FFF7F
310
FF7FFF7FFF7FFF7FFF7FFF7FFF7FFF7FFF7FFF7FFF7FFF7FFF7FFF7FFF7FFF7F
310
FF7FFF7FFF7FFF7FFF7FFF7FFF7FFF7FFF7FFF7FFF7FFF7FFF7FFF7FFF7FFF7F
310
FF7FFF7FFF7FFF7FFF7FFF7FFF7FFF7FFF7FFF7FFF7FFF7FFF7FFF7FFF7FFF7F
310
FF7FFF7FFF7FFF7FFF7FFF7FFF7FFF7FFF7FFF7FFF7FFF7FFF7FFF7FFF7FFF7F
310
FF7FFF7FFF7FFF7FFF7FFF7FFF7FFF7FFF7FFF7FFF7FFF7FFF7FFF7FFF7FFF7F
310
FF7FFF7FFF7FFF7FFF7FFF7FFF7FFF7FFF7FFF7FFF7FFF7FFF7FFF7FFF7FFF7F
310
FF7FFF7FFF7FFF7FFF7FFF7FFF7FFF7FFF7FFF7FFF7FFF7FFF7FFF7FFF7FFF7F
310
FF7FFF7FFF7FFF7FFF7FFF7F0000FF7FFF7FFF7FFF7FFF7FDE7F886D45692569
310
456D256945692569456D256903690D6EFF7BDF7BDF7BDE7BDF7BDE7BDF7BDE7B
310
DF7BDE7BDF7BDE7BDF7BDE7BDF7BDE7BDF7BDE7BFF7BFF7BFF7BB37245692469
310
456D256945692569456D256945692569456D2569456925694F76FF7FFF7FFF7F
310
FF7FFF7FFF7FFF7FFF7FFF7FFF7FFF7FFF7FFF7FFF7FFF7FFF7FFF7FFF7FFF7F
310
2E724669676D6669676D4669676D6669676D4669676D6669676DCB6DFF7FFF7F
310
FF7FFF7F597F4F72CA71886D886D886D886D886D886D676DF67AFF7FFF7FFF7F
310
FF7FFF7FFF7FFF7F377B2E72CA6D886D886DCA6D4F72387BFF7FFF7FFF7FFF7F
310
FF7FFF7FFF7FFF7FFF7F597BEB71CA6D0D72DD7FFF7FFF7FFF7FFF7FFF7FFF7F
310
FF7FB376CB71CA6DEB71EB6DEC71EB6D0D722E72B376597BFF7FFF7FFF7FFF7F
310
FF7FFF7FFF7FFF7FFF7FFF7FFF7FFF7FFF7FFF7FFF7FFF7FFF7FFF7FFF7FFF7F
310
FF7FFF7FFF7FFF7FFF7FFF7FFF7FFF7FFF7FFF7FFF7FFF7FFF7FFF7FFF7FFF7F
310
FF7FFF7FFF7FFF7FFF7FFF7FFF7FFF7FFF7FFF7FFF7FFF7FFF7FFF7FFF7FFF7F
310
FF7FFF7FFF7FFF7FFF7FFF7FFF7FFF7FFF7FFF7FFF7FFF7FFF7FFF7FFF7FFF7F
310
FF7FFF7FFF7FFF7FFF7FFF7FFF7FFF7FFF7FFF7FFF7FFF7FFF7FFF7FFF7FFF7F
310
FF7FFF7FFF7FFF7FFF7FFF7FFF7FFF7FFF7FFF7FFF7FFF7FFF7FFF7FFF7FFF7F
310
FF7FFF7FFF7FFF7FFF7FFF7FFF7FFF7FFF7FFF7FFF7FFF7FFF7FFF7FFF7FFF7F
310
FF7FFF7FFF7FFF7FFF7FFF7FFF7FFF7FFF7FFF7FFF7FFF7FFF7FFF7FFF7FFF7F
310
FF7FFF7FFF7FFF7FFF7FFF7FFF7FFF7FFF7FFF7FFF7FFF7FFF7FFF7FFF7FFF7F
310
FF7FFF7FFF7FFF7FFF7FFF7FFF7FFF7FFF7FFF7FFF7FFF7FFF7FFF7FFF7FFF7F
310
FF7FFF7FFF7FFF7FFF7FFF7FFF7FFF7FFF7FFF7FFF7FFF7F0000FF7FFF7FFF7F
310
FF7FFF7FFF7F597F4569456D4569456D2569456D4569246D0D6EFF7FFF7BFF7F
310
FF7BFF7FFF7BFF7FFF7BFF7FFF7BFF7FFF7BFF7FFF7BFF7FFF7BFF7FFF7BFF7B
310
9B7BF576CA6D24692469466D4569456D2569456D4569456D2569456D4569456D
310
2569A971DD7FFF7FFF7FFF7FFF7FFF7FFF7FFF7FFF7FFF7FFF7FFF7FFF7FFF7F
310
FF7FFF7FFF7FFF7FFF7FFF7FDD7FBC7FBC7FBD7FBC7FBD7FBC7FBD7FBC7FBD7F
310
BC7FBD7FBC7FDD7FFF7FFF7FFF7FFF7FFF7FFF7FFF7FFE7FDE7FFF7FDE7FFE7F
310
DE7FFE7FFF7FFF7FFF7FFF7FFF7FFF7FFF7FFF7FFF7FFF7FFF7FFF7FFE7FFF7F
310
FF7FFF7FFF7FFF7FFF7FFF7FFF7FFF7FFF7FFF7FFF7FFF7FFF7FFF7FFF7FFF7F
310
FF7FFF7FFF7FFF7FFF7FFF7FFF7FFF7FFF7FFF7FFF7FFF7FFF7FFF7FFF7FFF7F
310
FF7FFF7FFF7FFF7FFF7FFF7FFF7FFF7FFF7FFF7FFF7FFF7FFF7FFF7FFF7FFF7F
310
FF7FFF7FFF7FFF7FFF7FFF7FFF7FFF7FFF7FFF7FFF7FFF7FFF7FFF7FFF7FFF7F
310
FF7FFF7FFF7FFF7FFF7FFF7FFF7FFF7FFF7FFF7FFF7FFF7FFF7FFF7FFF7FFF7F
310
FF7FFF7FFF7FFF7FFF7FFF7FFF7FFF7FFF7FFF7FFF7FFF7FFF7FFF7FFF7FFF7F
310
FF7FFF7FFF7FFF7FFF7FFF7FFF7FFF7FFF7FFF7FFF7FFF7FFF7FFF7FFF7FFF7F
310
FF7FFF7FFF7FFF7FFF7FFF7FFF7FFF7FFF7FFF7FFF7FFF7FFF7FFF7FFF7FFF7F
310
FF7FFF7FFF7FFF7FFF7FFF7FFF7FFF7FFF7FFF7FFF7FFF7FFF7FFF7FFF7FFF7F
310
FF7FFF7FFF7FFF7FFF7FFF7FFF7FFF7FFF7FFF7FFF7FFF7FFF7FFF7FFF7FFF7F
310
FF7FFF7FFF7FFF7FFF7FFF7FFF7FFF7FFF7FFF7FFF7FFF7FFF7FFF7FFF7FFF7F
310
FF7FFF7FFF7FFF7FFF7FFF7FFF7FFF7FFF7FFF7FFF7FFF7FFF7FFF7FFF7FFF7F
310
FF7FFF7FFF7FFF7FFF7FFF7FFF7FFF7FFF7FFF7FFF7FFF7FFF7FFF7FFF7FFF7F
310
FF7FFF7F0000FF7FFF7FFF7FFF7FFF7FFF7FFF7FB376256945692569456D2569
310
4569456970729272917271729272717292727172927271729272717292727172
310
9272717271724F722E72AA6D666D036924692569456D256945692569456D2569
310
45692569456D256945692569676D597BFF7FFF7FFF7FFF7FFF7FFF7FFF7FFF7F
310
FF7FFF7FFF7FFF7FFF7FFF7FFF7FFF7FFF7FFF7FFF7FFF7FFF7FFF7FFF7FFF7F
310
FF7FFF7FFF7FFF7FFF7FFF7FFF7FFF7FFF7FFF7FFF7FFF7FFF7FFF7FFF7FFF7F
310
FF7FFF7FFF7FFF7FFF7FFF7FFF7FFF7FFF7FFF7FFF7FFF7FFF7FFF7FFF7FFF7F
310
FF7FFF7FFF7FFF7FFF7FFF7FFF7FFF7FFF7FFF7FFF7FFF7FFF7FFF7FFF7FFF7F
310
FF7FFF7FFF7FFF7FFF7FFF7FFF7FFF7FFF7FFF7FFF7FFF7FFF7FFF7FFF7FFF7F
310
FF7FFF7FFF7FFF7FFF7FFF7FFF7FFF7FFF7FFF7FFF7FFF7FFF7FFF7FFF7FFF7F
310
FF7FFF7FFF7FFF7FFF7FFF7FFF7FFF7FFF7FFF7FFF7FFF7FFF7FFF7FFF7FFF7F
310
FF7FFF7FFF7FFF7FFF7FFF7FFF7FFF7FFF7FFF7FFF7FFF7FFF7FFF7FFF7FFF7F
310
FF7FFF7FFF7FFF7FFF7FFF7FFF7FFF7FFF7FFF7FFF7FFF7FFF7FFF7FFF7FFF7F
310
FF7FFF7FFF7FFF7FFF7FFF7FFF7FFF7FFF7FFF7FFF7FFF7FFF7FFF7FFF7FFF7F
310
FF7FFF7FFF7FFF7FFF7FFF7FFF7FFF7FFF7FFF7FFF7FFF7FFF7FFF7FFF7FFF7F
310
FF7FFF7FFF7FFF7FFF7FFF7FFF7FFF7FFF7FFF7FFF7FFF7FFF7FFF7FFF7FFF7F
310
FF7FFF7FFF7FFF7FFF7FFF7FFF7FFF7FFF7FFF7FFF7FFF7FFF7FFF7FFF7FFF7F
310
FF7FFF7FFF7FFF7FFF7FFF7FFF7FFF7FFF7FFF7FFF7FFF7FFF7FFF7FFF7FFF7F
310
FF7FFF7FFF7FFF7FFF7FFF7FFF7FFF7FFF7FFF7FFF7FFF7FFF7FFF7FFF7FFF7F
310
FF7FFF7FFF7FFF7FFF7FFF7FFF7FFF7FFF7FFF7FFF7FFF7FFF7FFF7FFF7FFF7F
310
FF7FFF7FFF7FFF7FFF7FFF7FFF7FFF7F0000FF7FFF7FFF7FFF7FFF7FFF7FFF7F
310
FF7F70762569456D4569456D2569456D246924690369246D036924690369246D
310
036924690369246D036924690369246D036924690369246D2469456D2569456D
310
4569456D2569456D4569456D2569456D4569456D2569466D177BFF7FFF7FFF7F
310
FF7FFF7FFF7FFF7FFF7FFF7FFF7FFF7FFF7FFF7FFF7FFF7FFF7FFF7FFF7FFF7F
310
FF7FFF7FFF7FFF7FFF7FFF7FFF7FFF7FFF7FFF7FFF7FFF7FFF7FFF7FFF7FFF7F
310
FF7FFF7FFF7FFF7FFF7FFF7FFF7FFF7FFF7FFF7FFF7FFF7FFF7FFF7FFF7FFF7F
310
FF7FFF7FFF7FFF7FFF7FFF7FFF7FFF7FFF7FFF7FFF7FFF7FFF7FFF7FFF7FFF7F
310
FF7FFF7FFF7FFF7FFF7FFF7FFF7FFF7FFF7FFF7FFF7FFF7FFF7FFF7FFF7FFF7F
310
FF7FFF7FFF7FFF7FFF7FFF7FFF7FFF7FFF7FFF7FFF7FFF7FFF7FFF7FFF7FFF7F
310
FF7FFF7FFF7FFF7FFF7FFF7FFF7FFF7FFF7FFF7FFF7FFF7FFF7FFF7FFF7FFF7F
310
FF7FFF7FFF7FFF7FFF7FFF7FFF7FFF7FFF7FFF7FFF7FFF7FFF7FFF7FFF7FFF7F
310
FF7FFF7FFF7FFF7FFF7FFF7FFF7FFF7FFF7FFF7FFF7FFF7FFF7FFF7FFF7FFF7F
310
FF7FFF7FFF7FFF7FFF7FFF7FFF7FFF7FFF7FFF7FFF7FFF7FFF7FFF7FFF7FFF7F
310
FF7FFF7FFF7FFF7FFF7FFF7FFF7FFF7FFF7FFF7FFF7FFF7FFF7FFF7FFF7FFF7F
310
FF7FFF7FFF7FFF7FFF7FFF7FFF7FFF7FFF7FFF7FFF7FFF7FFF7FFF7FFF7FFF7F
310
FF7FFF7FFF7FFF7FFF7FFF7FFF7FFF7FFF7FFF7FFF7FFF7FFF7FFF7FFF7FFF7F
310
FF7FFF7FFF7FFF7FFF7FFF7FFF7FFF7FFF7FFF7FFF7FFF7FFF7FFF7FFF7FFF7F
310
FF7FFF7FFF7FFF7FFF7FFF7FFF7FFF7FFF7FFF7FFF7FFF7FFF7FFF7FFF7FFF7F
310
FF7FFF7FFF7FFF7FFF7FFF7FFF7FFF7FFF7FFF7FFF7FFF7FFF7FFF7FFF7FFF7F
310
FF7FFF7FFF7FFF7FFF7FFF7FFF7FFF7FFF7FFF7FFF7FFF7FFF7FFF7F0000FF7F
310
FF7FFF7FFF7FFF7FFF7FFF7FFF7FFF7F4F76256945692569456D256945692569
310
456D256945692569456D256945692569456D256945692569456D256945692569
310
456D256945692569456D256945692569456D256945692569456D256945692569
310
456DD576FF7FFF7FFF7FFF7FFF7FFF7FFF7FFF7FFF7FFF7FFF7FFF7FFF7FFF7F
310
FF7FFF7FFF7FFF7FFF7FFF7FFF7FFF7FFF7FFF7FFF7FFF7FFF7FFF7FFF7FFF7F
310
FF7FFF7FFF7FFF7FFF7FFF7FFF7FFF7FFF7FFF7FFF7FFF7FFF7FFF7FFF7FFF7F
310
FF7FFF7FFF7FFF7FFF7FFF7FFF7FFF7FFF7FFF7FFF7FFF7FFF7FFF7FFF7FFF7F
310
FF7FFF7FFF7FFF7FFF7FFF7FFF7FFF7FFF7FFF7FFF7FFF7FFF7FFF7FFF7FFF7F
310
FF7FFF7FFF7FFF7FFF7FFF7FFF7FFF7FFF7FFF7FFF7FFF7FFF7FFF7FFF7FFF7F
310
FF7FFF7FFF7FFF7FFF7FFF7FFF7FFF7FFF7FFF7FFF7FFF7FFF7FFF7FFF7FFF7F
310
FF7FFF7FFF7FFF7FFF7FFF7FFF7FFF7FFF7FFF7FFF7FFF7FFF7FFF7FFF7FFF7F
310
FF7FFF7FFF7FFF7FFF7FFF7FFF7FFF7FFF7FFF7FFF7FFF7FFF7FFF7FFF7FFF7F
310
FF7FFF7FFF7FFF7FFF7FFF7FFF7FFF7FFF7FFF7FFF7FFF7FFF7FFF7FFF7FFF7F
310
FF7FFF7FFF7FFF7FFF7FFF7FFF7FFF7FFF7FFF7FFF7FFF7FFF7FFF7FFF7FFF7F
310
FF7FFF7FFF7FFF7FFF7FFF7FFF7FFF7FFF7FFF7FFF7FFF7FFF7FFF7FFF7FFF7F
310
FF7FFF7FFF7FFF7FFF7FFF7FFF7FFF7FFF7FFF7FFF7FFF7FFF7FFF7FFF7FFF7F
310
FF7FFF7FFF7FFF7FFF7FFF7FFF7FFF7FFF7FFF7FFF7FFF7FFF7FFF7FFF7FFF7F
310
FF7FFF7FFF7FFF7FFF7FFF7FFF7FFF7FFF7FFF7FFF7FFF7FFF7FFF7FFF7FFF7F
310
FF7FFF7FFF7FFF7FFF7FFF7FFF7FFF7FFF7FFF7FFF7FFF7FFF7FFF7FFF7FFF7F
310
FF7FFF7FFF7FFF7FFF7FFF7FFF7FFF7FFF7FFF7FFF7FFF7FFF7FFF7FFF7FFF7F
310
FF7FFF7FFF7FFF7F0000FF7FFF7FFF7FFF7FFF7FFF7FFF7FFF7FFF7FFF7F5076
310
2569456D4569456D2569456D4569456D2569456D4569456D2569456D4569456D
310
2569456D4569456D2569456D4569456D2569456D4569456D2569456D4569456D
310
2569456D4569456D2569666DF57AFF7FFF7FFF7FFF7FFF7FFF7FFF7FFF7FFF7F
310
FF7FFF7FFF7FFF7FFF7FFF7FFF7FFF7FFF7FFF7FFF7FFF7FFF7FFF7FFF7FFF7F
310
FF7FFF7FFF7FFF7FFF7FFF7FFF7FFF7FFF7FFF7FFF7FFF7FFF7FFF7FFF7FFF7F
310
FF7FFF7FFF7FFF7FFF7FFF7FFF7FFF7FFF7FFF7FFF7FFF7FFF7FFF7FFF7FFF7F
310
FF7FFF7FFF7FFF7FFF7FFF7FFF7FFF7FFF7FFF7FFF7FFF7FFF7FFF7FFF7FFF7F
310
FF7FFF7FFF7FFF7FFF7FFF7FFF7FFF7FFF7FFF7FFF7FFF7FFF7FFF7FFF7FFF7F
310
FF7FFF7FFF7FFF7FFF7FFF7FFF7FFF7FFF7FFF7FFF7FFF7FFF7FFF7FFF7FFF7F
310
FF7FFF7FFF7FFF7FFF7FFF7FFF7FFF7FFF7FFF7FFF7FFF7FFF7FFF7FFF7FFF7F
310
FF7FFF7FFF7FFF7FFF7FFF7FFF7FFF7FFF7FFF7FFF7FFF7FFF7FFF7FFF7FFF7F
310
FF7FFF7FFF7FFF7FFF7FFF7FFF7FFF7FFF7FFF7FFF7FFF7FFF7FFF7FFF7FFF7F
310
FF7FFF7FFF7FFF7FFF7FFF7FFF7FFF7FFF7FFF7FFF7FFF7FFF7FFF7FFF7FFF7F
310
FF7FFF7FFF7FFF7FFF7FFF7FFF7FFF7FFF7FFF7FFF7FFF7FFF7FFF7FFF7FFF7F
310
FF7FFF7FFF7FFF7FFF7FFF7FFF7FFF7FFF7FFF7FFF7FFF7FFF7FFF7FFF7FFF7F
310
FF7FFF7FFF7FFF7FFF7FFF7FFF7FFF7FFF7FFF7FFF7FFF7FFF7FFF7FFF7FFF7F
310
FF7FFF7FFF7FFF7FFF7FFF7FFF7FFF7FFF7FFF7FFF7FFF7FFF7FFF7FFF7FFF7F
310
FF7FFF7FFF7FFF7FFF7FFF7FFF7FFF7FFF7FFF7FFF7FFF7FFF7FFF7FFF7FFF7F
310
FF7FFF7FFF7FFF7FFF7FFF7FFF7FFF7FFF7FFF7FFF7FFF7FFF7FFF7FFF7FFF7F
310
FF7FFF7FFF7FFF7FFF7FFF7FFF7FFF7FFF7FFF7F0000FF7FFF7FFF7FFF7FFF7F
310
FF7FFF7FFF7FFF7FFF7FFF7FB276256945692569456D256945692569456D2569
310
45692569456D256945692569456D256945692569456D256945692569456D2569
310
45692569456D256945692569456D256945692569886D377BFF7FFF7FFF7FFF7F
310
FF7FFF7FFF7FFF7FFF7FFF7FFF7FFF7FFF7FFF7FFF7FFF7FFF7FFF7FFF7FFF7F
310
FF7FFF7FFF7FFF7FFF7FFF7FFF7FFF7FFF7FFF7FFF7FFF7FFF7FFF7FFF7FFF7F
310
FF7FFF7FFF7FFF7FFF7FFF7FFF7FFF7FFF7FFF7FFF7FFF7FFF7FFF7FFF7FFF7F
310
FF7FFF7FFF7FFF7FFF7FFF7FFF7FFF7FFF7FFF7FFF7FFF7FFF7FFF7FFF7FFF7F
310
FF7FFF7FFF7FFF7FFF7FFF7FFF7FFF7FFF7FFF7FFF7FFF7FFF7FFF7FFF7FFF7F
310
FF7FFF7FFF7FFF7FFF7FFF7FFF7FFF7FFF7FFF7FFF7FFF7FFF7FFF7FFF7FFF7F
310
FF7FFF7FFF7FFF7FFF7FFF7FFF7FFF7FFF7FFF7FFF7FFF7FFF7FFF7FFF7FFF7F
310
FF7FFF7FFF7FFF7FFF7FFF7FFF7FFF7FFF7FFF7FFF7FFF7FFF7FFF7FFF7FFF7F
310
FF7FFF7FFF7FFF7FFF7FFF7FFF7FFF7FFF7FFF7FFF7FFF7FFF7FFF7FFF7FFF7F
310
FF7FFF7FFF7FFF7FFF7FFF7FFF7FFF7FFF7FFF7FFF7FFF7FFF7FFF7FFF7FFF7F
310
FF7FFF7FFF7FFF7FFF7FFF7FFF7FFF7FFF7FFF7FFF7FFF7FFF7FFF7FFF7FFF7F
310
FF7FFF7FFF7FFF7FFF7FFF7FFF7FFF7FFF7FFF7FFF7FFF7FFF7FFF7FFF7FFF7F
310
FF7FFF7FFF7FFF7FFF7FFF7FFF7FFF7FFF7FFF7FFF7FFF7FFF7FFF7FFF7FFF7F
310
FF7FFF7FFF7FFF7FFF7FFF7FFF7FFF7FFF7FFF7FFF7FFF7FFF7FFF7FFF7FFF7F
310
FF7FFF7FFF7FFF7FFF7FFF7FFF7FFF7FFF7FFF7FFF7FFF7FFF7FFF7FFF7FFF7F
310
FF7FFF7FFF7FFF7FFF7FFF7FFF7FFF7FFF7FFF7FFF7FFF7FFF7FFF7FFF7FFF7F
310
FF7FFF7FFF7FFF7FFF7FFF7FFF7FFF7FFF7FFF7FFF7FFF7FFF7FFF7FFF7FFF7F
310
0000FF7FFF7FFF7FFF7FFF7FFF7FFF7FFF7FFF7FFF7FFF7FFF7F377B876D456D
310
4569456D2569456D4569456D2569456D4569456D2569456D4569456D2569456D
310
4569456D2569456D4569456D2569456D4569456D2569456D4569456D25690C72
310
9B7FFF7FFF7FFF7FFF7FFF7FFF7FFF7FFF7FFF7FFF7FFF7FFF7FFF7FFF7FFF7F
310
FF7FFF7FFF7FFF7FFF7FFF7FFF7FFF7FFF7FFF7FFF7FFF7FFF7FFF7FFF7FFF7F
310
FF7FFF7FFF7FFF7FFF7FFF7FFF7FFF7FFF7FFF7FFF7FFF7FFF7FFF7FFF7FFF7F
310
FF7FFF7FFF7FFF7FFF7FFF7FFF7FFF7FFF7FFF7FFF7FFF7FFF7FFF7FFF7FFF7F
310
FF7FFF7FFF7FFF7FFF7FFF7FFF7FFF7FFF7FFF7FFF7FFF7FFF7FFF7FFF7FFF7F
310
FF7FFF7FFF7FFF7FFF7FFF7FFF7FFF7FFF7FFF7FFF7FFF7FFF7FFF7FFF7FFF7F
310
FF7FFF7FFF7FFF7FFF7FFF7FFF7FFF7FFF7FFF7FFF7FFF7FFF7FFF7FFF7FFF7F
310
FF7FFF7FFF7FFF7FFF7FFF7FFF7FFF7FFF7FFF7FFF7FFF7FFF7FFF7FFF7FFF7F
310
FF7FFF7FFF7FFF7FFF7FFF7FFF7FFF7FFF7FFF7FFF7FFF7FFF7FFF7FFF7FFF7F
310
FF7FFF7FFF7FFF7FFF7FFF7FFF7FFF7FFF7FFF7FFF7FFF7FFF7FFF7FFF7FFF7F
310
FF7FFF7FFF7FFF7FFF7FFF7FFF7FFF7FFF7FFF7FFF7FFF7FFF7FFF7FFF7FFF7F
310
FF7FFF7FFF7FFF7FFF7FFF7FFF7FFF7FFF7FFF7FFF7FFF7FFF7FFF7FFF7FFF7F
310
FF7FFF7FFF7FFF7FFF7FFF7FFF7FFF7FFF7FFF7FFF7FFF7FFF7FFF7FFF7FFF7F
310
FF7FFF7FFF7FFF7FFF7FFF7FFF7FFF7FFF7FFF7FFF7FFF7FFF7FFF7FFF7FFF7F
310
FF7FFF7FFF7FFF7FFF7FFF7FFF7FFF7FFF7FFF7FFF7FFF7FFF7FFF7FFF7FFF7F
310
FF7F1610000026060F002220574D464301000000000001000000000000000800
310
000000200000680F000068EF0000FF7FFF7FFF7FFF7FFF7FFF7FFF7FFF7FFF7F
310
FF7FFF7FFF7FFF7FFF7FFF7FFF7FFF7FFF7FFF7FFF7FFF7FFF7FFF7FFF7FFF7F
310
FF7FFF7FFF7FFF7FFF7FFF7FFF7FFF7FFF7FFF7FFF7FFF7F0000FF7FFF7FFF7F
310
FF7FFF7FFF7FFF7FFF7FFF7FFF7FFF7FFF7FFF7FBC7F2E7245692569456D2569
310
45692569456D256945692569456D256945692569456D256945692569456D2569
310
45692569456D256945692569456D256945694669B376FF7FFF7FFF7FFF7FFF7F
310
FF7FFF7FFF7FFF7FFF7FFF7FFF7FFF7FFF7FFF7FFF7FFF7FFF7FFF7FFF7FFF7F
310
FF7FFF7FFF7FFF7FFF7FFF7FFF7FFF7FFF7FFF7FFF7FFF7FFF7FFF7FFF7FFF7F
310
FF7FFF7FFF7FFF7FFF7FFF7FFF7FFF7FFF7FFF7FFF7FFF7FFF7FFF7FFF7FFF7F
310
FF7FFF7FFF7FFF7FFF7FFF7FFF7FFF7FFF7FFF7FFF7FFF7FFF7FFF7FFF7FFF7F
310
FF7FFF7FFF7FFF7FFF7FFF7FFF7FFF7FFF7FFF7FFF7FFF7FFF7FFF7FFF7FFF7F
310
FF7FFF7FFF7FFF7FFF7FFF7FFF7FFF7FFF7FFF7FFF7FFF7FFF7FFF7FFF7FFF7F
310
FF7FFF7FFF7FFF7FFF7FFF7FFF7FFF7FFF7FFF7FFF7FFF7FFF7FFF7FFF7FFF7F
310
FF7FFF7FFF7FFF7FFF7FFF7FFF7FFF7FFF7FFF7FFF7FFF7FFF7FFF7FFF7FFF7F
310
FF7FFF7FFF7FFF7FFF7FFF7FFF7FFF7FFF7FFF7FFF7FFF7FFF7FFF7FFF7FFF7F
310
FF7FFF7FFF7FFF7FFF7FFF7FFF7FFF7FFF7FFF7FFF7FFF7FFF7FFF7FFF7FFF7F
310
FF7FFF7FFF7FFF7FFF7FFF7FFF7FFF7FFF7FFF7FFF7FFF7FFF7FFF7FFF7FFF7F
310
FF7FFF7FFF7FFF7FFF7FFF7FFF7FFF7FFF7FFF7FFF7FFF7FFF7FFF7FFF7FFF7F
310
FF7FFF7FFF7FFF7FFF7FFF7FFF7FFF7FFF7FFF7FFF7FFF7FFF7FFF7FFF7FFF7F
310
FF7FFF7FFF7FFF7FFF7FFF7FFF7FFF7FFF7FFF7FFF7FFF7FFF7FFF7FFF7FFF7F
310
FF7FFF7FFF7FFF7FFF7FFF7FFF7FFF7FFF7FFF7FFF7FFF7FFF7FFF7FFF7FFF7F
310
FF7FFF7FFF7FFF7FFF7FFF7FFF7FFF7FFF7FFF7FFF7FFF7FFF7FFF7FFF7FFF7F
310
FF7FFF7FFF7FFF7FFF7FFF7FFF7FFF7FFF7FFF7FFF7FFF7FFF7FFF7FFF7FFF7F
310
FF7FFF7F0000FF7FFF7FFF7FFF7FFF7FFF7FFF7FFF7FFF7FFF7FFF7FFF7FFF7F
310
FF7FFF7F177BEB714569456D2569456D4569456D2569456D4569456D2569456D
310
4569456D2569456D4569456D2569456D4569456D2569456D4569456D2E729B7F
310
FF7FFF7FFF7FFF7FFF7FFF7FFF7FFF7FFF7FFF7FFF7FFF7FFF7FFF7FFF7FFF7F
310
FF7FFF7FFF7FFF7FFF7FFF7FFF7FFF7FFF7FFF7FFF7FFF7FFF7FFF7FFF7FFF7F
310
FF7FFF7FFF7FFF7FFF7FFF7FFF7FFF7FFF7FFF7FFF7FFF7FFF7FFF7FFF7FFF7F
310
FF7FFF7FFF7FFF7FFF7FFF7FFF7FFF7FFF7FFF7FFF7FFF7FFF7FFF7FFF7FFF7F
310
FF7FFF7FFF7FFF7FFF7FFF7FFF7FFF7FFF7FFF7FFF7FFF7FFF7FFF7FFF7FFF7F
310
FF7FFF7FFF7FFF7FFF7FFF7FFF7FFF7FFF7FFF7FFF7FFF7FFF7FFF7FFF7FFF7F
310
FF7FFF7FFF7FFF7FFF7FFF7FFF7FFF7FFF7FFF7FFF7FFF7FFF7FFF7FFF7FFF7F
310
FF7FFF7FFF7FFF7FFF7FFF7FFF7FFF7FFF7FFF7FFF7FFF7FFF7FFF7FFF7FFF7F
310
FF7FFF7FFF7FFF7FFF7FFF7FFF7FFF7FFF7FFF7FFF7FFF7FFF7FFF7FFF7FFF7F
310
FF7FFF7FFF7FFF7FFF7FFF7FFF7FFF7FFF7FFF7FFF7FFF7FFF7FFF7FFF7FFF7F
310
FF7FFF7FFF7FFF7FFF7FFF7FFF7FFF7FFF7FFF7FFF7FFF7FFF7FFF7FFF7FFF7F
310
FF7FFF7FFF7FFF7FFF7FFF7FFF7FFF7FFF7FFF7FFF7FFF7FFF7FFF7FFF7FFF7F
310
FF7FFF7FFF7FFF7FFF7FFF7FFF7FFF7FFF7FFF7FFF7FFF7FFF7FFF7FFF7FFF7F
310
FF7FFF7FFF7FFF7FFF7FFF7FFF7FFF7FFF7FFF7FFF7FFF7FFF7FFF7FFF7FFF7F
310
FF7FFF7FFF7FFF7FFF7FFF7FFF7FFF7FFF7FFF7FFF7FFF7FFF7FFF7FFF7FFF7F
310
FF7FFF7FFF7FFF7FFF7FFF7FFF7FFF7FFF7FFF7FFF7FFF7FFF7FFF7FFF7FFF7F
310
FF7FFF7FFF7FFF7FFF7FFF7FFF7FFF7FFF7FFF7FFF7FFF7FFF7FFF7FFF7FFF7F
310
FF7FFF7FFF7FFF7FFF7FFF7FFF7FFF7F0000FF7FFF7FFF7FFF7FFF7FFF7FFF7F
310
FF7FFF7FFF7FFF7FFF7FFF7FFF7FFF7FFF7FFF7F167BCB6D456D256945692569
310
456D256945692569456D256945692569456D256945692569456D256945692569
310
456D46694F72597BFF7FFF7FFF7FFF7FFF7FFF7FFF7FFF7FFF7FFF7FFF7FFF7F
310
FF7FFF7FFF7FFF7FFF7FFF7FFF7FFF7FFF7FFF7FFF7FFF7FFF7FFF7FFF7FFF7F
310
FF7FFF7FFF7FFF7FFF7FFF7FFF7FFF7FFF7FFF7FFF7FFF7FFF7FFF7FFF7FFF7F
310
FF7FFF7FFF7FFF7FFF7FFF7FFF7FFF7FFF7FFF7FFF7FFF7FFF7FFF7FFF7FFF7F
310
FF7FFF7FFF7FFF7FFF7FFF7FFF7FFF7FFF7FFF7FFF7FFF7FFF7FFF7FFF7FFF7F
310
FF7FFF7FFF7FFF7FFF7FFF7FFF7FFF7FFF7FFF7FFF7FFF7FFF7FFF7FFF7FFF7F
310
FF7FFF7FFF7FFF7FFF7FFF7FFF7FFF7FFF7FFF7FFF7FFF7FFF7FFF7FFF7FFF7F
310
FF7FFF7FFF7FFF7FFF7FFF7FFF7FFF7FFF7FFF7FFF7FFF7FFF7FFF7FFF7FFF7F
310
FF7FFF7FFF7FFF7FFF7FFF7FFF7FFF7FFF7FFF7FFF7FFF7FFF7FFF7FFF7FFF7F
310
FF7FFF7FFF7FFF7FFF7FFF7FFF7FFF7FFF7FFF7FFF7FFF7FFF7FFF7FFF7FFF7F
310
FF7FFF7FFF7FFF7FFF7FFF7FFF7FFF7FFF7FFF7FFF7FFF7FFF7FFF7FFF7FFF7F
310
FF7FFF7FFF7FFF7FFF7FFF7FFF7FFF7FFF7FFF7FFF7FFF7FFF7FFF7FFF7FFF7F
310
FF7FFF7FFF7FFF7FFF7FFF7FFF7FFF7FFF7FFF7FFF7FFF7FFF7FFF7FFF7FFF7F
310
FF7FFF7FFF7FFF7FFF7FFF7FFF7FFF7FFF7FFF7FFF7FFF7FFF7FFF7FFF7FFF7F
310
FF7FFF7FFF7FFF7FFF7FFF7FFF7FFF7FFF7FFF7FFF7FFF7FFF7FFF7FFF7FFF7F
310
FF7FFF7FFF7FFF7FFF7FFF7FFF7FFF7FFF7FFF7FFF7FFF7FFF7FFF7FFF7FFF7F
310
FF7FFF7FFF7FFF7FFF7FFF7FFF7FFF7FFF7FFF7FFF7FFF7FFF7FFF7FFF7FFF7F
310
FF7FFF7FFF7FFF7FFF7FFF7FFF7FFF7FFF7FFF7FFF7FFF7FFF7FFF7F0000FF7F
310
FF7FFF7FFF7FFF7FFF7FFF7FFF7FFF7FFF7FFF7FFF7FFF7FFF7FFF7FFF7FFF7F
310
FF7FFF7F597B7176A96D466D4569456D2569456D4569456D2569456D4569456D
310
2569456D4569456D4669EC71D376BC7FFF7FFF7FFF7FFF7FFF7FFF7FFF7FFF7F
310
FF7FFF7FFF7FFF7FFF7FFF7FFF7FFF7FFF7FFF7FFF7FFF7FFF7FFF7FFF7FFF7F
310
FF7FFF7FFF7FFF7FFF7FFF7FFF7FFF7FFF7FFF7FFF7FFF7FFF7FFF7FFF7FFF7F
310
FF7FFF7FFF7FFF7FFF7FFF7FFF7FFF7FFF7FFF7FFF7FFF7FFF7FFF7FFF7FFF7F
310
FF7FFF7FFF7FFF7FFF7FFF7FFF7FFF7FFF7FFF7FFF7FFF7FFF7FFF7FFF7FFF7F
310
FF7FFF7FFF7FFF7FFF7FFF7FFF7FFF7FFF7FFF7FFF7FFF7FFF7FFF7FFF7FFF7F
310
FF7FFF7FFF7FFF7FFF7FFF7FFF7FFF7FFF7FFF7FFF7FFF7FFF7FFF7FFF7FFF7F
310
FF7FFF7FFF7FFF7FFF7FFF7FFF7FFF7FFF7FFF7FFF7FFF7FFF7FFF7FFF7FFF7F
310
FF7FFF7FFF7FFF7FFF7FFF7FFF7FFF7FFF7FFF7FFF7FFF7FFF7FFF7FFF7FFF7F
310
FF7FFF7FFF7FFF7FFF7FFF7FFF7FFF7FFF7FFF7FFF7FFF7FFF7FFF7FFF7FFF7F
310
FF7FFF7FFF7FFF7FFF7FFF7FFF7FFF7FFF7FFF7FFF7FFF7FFF7FFF7FFF7FFF7F
310
FF7FFF7FFF7FFF7FFF7FFF7FFF7FFF7FFF7FFF7FFF7FFF7FFF7FFF7FFF7FFF7F
310
FF7FFF7FFF7FFF7FFF7FFF7FFF7FFF7FFF7FFF7FFF7FFF7FFF7FFF7FFF7FFF7F
310
FF7FFF7FFF7FFF7FFF7FFF7FFF7FFF7FFF7FFF7FFF7FFF7FFF7FFF7FFF7FFF7F
310
FF7FFF7FFF7FFF7FFF7FFF7FFF7FFF7FFF7FFF7FFF7FFF7FFF7FFF7FFF7FFF7F
310
FF7FFF7FFF7FFF7FFF7FFF7FFF7FFF7FFF7FFF7FFF7FFF7FFF7FFF7FFF7FFF7F
310
FF7FFF7FFF7FFF7FFF7FFF7FFF7FFF7FFF7FFF7FFF7FFF7FFF7FFF7FFF7FFF7F
310
FF7FFF7FFF7FFF7FFF7FFF7FFF7FFF7FFF7FFF7FFF7FFF7FFF7FFF7FFF7FFF7F
310
FF7FFF7FFF7FFF7F0000FF7FFF7FFF7FFF7FFF7FFF7FFF7FFF7FFF7FFF7FFF7F
310
FF7FFF7FFF7FFF7FFF7FFF7FFF7FFF7FFF7FFF7FFF7F7A7BD47A4F72EB71886D
310
876D6769676D6769676D676DA96DEC6D7176F67ABC7FFF7FFF7FFF7FFF7FFF7F
310
FF7FFF7FFF7FFF7FFF7FFF7FFF7FFF7FFF7FFF7FFF7FFF7FFF7FFF7FFF7FFF7F
310
FF7FFF7FFF7FFF7FFF7FFF7FFF7FFF7FFF7FFF7FFF7FFF7FFF7FFF7FFF7FFF7F
310
FF7FFF7FFF7FFF7FFF7FFF7FFF7FFF7FFF7FFF7FFF7FFF7FFF7FFF7FFF7FFF7F
310
FF7FFF7FFF7FFF7FFF7FFF7FFF7FFF7FFF7FFF7FFF7FFF7FFF7FFF7FFF7FFF7F
310
FF7FFF7FFF7FFF7FFF7FFF7FFF7FFF7FFF7FFF7FFF7FFF7FFF7FFF7FFF7FFF7F
310
FF7FFF7FFF7FFF7FFF7FFF7FFF7FFF7FFF7FFF7FFF7FFF7FFF7FFF7FFF7FFF7F
310
FF7FFF7FFF7FFF7FFF7FFF7FFF7FFF7FFF7FFF7FFF7FFF7FFF7FFF7FFF7FFF7F
310
FF7FFF7FFF7FFF7FFF7FFF7FFF7FFF7FFF7FFF7FFF7FFF7FFF7FFF7FFF7FFF7F
310
FF7FFF7FFF7FFF7FFF7FFF7FFF7FFF7FFF7FFF7FFF7FFF7FFF7FFF7FFF7FFF7F
310
FF7FFF7FFF7FFF7FFF7FFF7FFF7FFF7FFF7FFF7FFF7FFF7FFF7FFF7FFF7FFF7F
310
FF7FFF7FFF7FFF7FFF7FFF7FFF7FFF7FFF7FFF7FFF7FFF7FFF7FFF7FFF7FFF7F
310
FF7FFF7FFF7FFF7FFF7FFF7FFF7FFF7FFF7FFF7FFF7FFF7FFF7FFF7FFF7FFF7F
310
FF7FFF7FFF7FFF7FFF7FFF7FFF7FFF7FFF7FFF7FFF7FFF7FFF7FFF7FFF7FFF7F
310
FF7FFF7FFF7FFF7FFF7FFF7FFF7FFF7FFF7FFF7FFF7FFF7FFF7FFF7FFF7FFF7F
310
FF7FFF7FFF7FFF7FFF7FFF7FFF7FFF7FFF7FFF7FFF7FFF7FFF7FFF7FFF7FFF7F
310
FF7FFF7FFF7FFF7FFF7FFF7FFF7FFF7FFF7FFF7FFF7FFF7FFF7FFF7FFF7FFF7F
310
FF7FFF7FFF7FFF7FFF7FFF7FFF7FFF7FFF7FFF7FFF7FFF7FFF7FFF7FFF7FFF7F
310
FF7FFF7FFF7FFF7FFF7FFF7FFF7FFF7FFF7FFF7F0000FF7FFF7FFF7FFF7FFF7F
310
FF7FFF7FFF7FFF7FFF7FFF7FFF7FFF7FFF7FFF7FFF7FFF7FFF7FFF7FFF7FFF7F
310
FF7FFF7FFF7FFF7FFF7FFF7FFF7FFF7FFF7FFF7FFF7FFF7FFF7FFF7FFF7FFF7F
310
FF7FFF7FFF7FFF7FFF7FFF7FFF7FFF7FFF7FFF7FFF7FFF7FFF7FFF7FFF7FFF7F
310
FF7FFF7FFF7FFF7FFF7FFF7FFF7FFF7FFF7FFF7FFF7FFF7FFF7FFF7FFF7FFF7F
310
FF7FFF7FFF7FFF7FFF7FFF7FFF7FFF7FFF7FFF7FFF7FFF7FFF7FFF7FFF7FFF7F
310
FF7FFF7FFF7FFF7FFF7FFF7FFF7FFF7FFF7FFF7FFF7FFF7FFF7FFF7FFF7FFF7F
310
FF7FFF7FFF7FFF7FFF7FFF7FFF7FFF7FFF7FFF7FFF7FFF7FFF7FFF7FFF7FFF7F
310
FF7FFF7FFF7FFF7FFF7FFF7FFF7FFF7FFF7FFF7FFF7FFF7FFF7FFF7FFF7FFF7F
310
FF7FFF7FFF7FFF7FFF7FFF7FFF7FFF7FFF7FFF7FFF7FFF7FFF7FFF7FFF7FFF7F
310
FF7FFF7FFF7FFF7FFF7FFF7FFF7FFF7FFF7FFF7FFF7FFF7FFF7FFF7FFF7FFF7F
310
FF7FFF7FFF7FFF7FFF7FFF7FFF7FFF7FFF7FFF7FFF7FFF7FFF7FFF7FFF7FFF7F
310
FF7FFF7FFF7FFF7FFF7FFF7FFF7FFF7FFF7FFF7FFF7FFF7FFF7FFF7FFF7FFF7F
310
FF7FFF7FFF7FFF7FFF7FFF7FFF7FFF7FFF7FFF7FFF7FFF7FFF7FFF7FFF7FFF7F
310
FF7FFF7FFF7FFF7FFF7FFF7FFF7FFF7FFF7FFF7FFF7FFF7FFF7FFF7FFF7FFF7F
310
FF7FFF7FFF7FFF7FFF7FFF7FFF7FFF7FFF7FFF7FFF7FFF7FFF7FFF7FFF7FFF7F
310
FF7FFF7FFF7FFF7FFF7FFF7FFF7FFF7FFF7FFF7FFF7FFF7FFF7FFF7FFF7FFF7F
310
FF7FFF7FFF7FFF7FFF7FFF7FFF7FFF7FFF7FFF7FFF7FFF7FFF7FFF7FFF7FFF7F
310
FF7FFF7FFF7FFF7FFF7FFF7FFF7FFF7FFF7FFF7FFF7FFF7FFF7FFF7FFF7FFF7F
310
FF7FFF7FFF7FFF7FFF7FFF7FFF7FFF7FFF7FFF7FFF7FFF7FFF7FFF7FFF7FFF7F
310
FF7FFF7FFF7FFF7FFF7FFF7FFF7FFF7FFF7FFF7FFF7FFF7FFF7FFF7FFF7FFF7F
310
0000FF7FFF7FFF7FFF7FFF7FFF7FFF7FFF7FFF7FFF7FFF7FFF7FFF7FFF7FFF7F
310
FF7FFF7FFF7FFF7FFF7FFF7FFF7FFF7FFF7FFF7FFF7FFF7FFF7FFF7FFF7FFF7F
310
FF7FFF7FFF7FFF7FFF7FFF7FFF7FFF7FFF7FFF7FFF7FFF7FFF7FFF7FFF7FFF7F
310
FF7FFF7FFF7FFF7FFF7FFF7FFF7FFF7FFF7FFF7FFF7FFF7FFF7FFF7FFF7FFF7F
310
FF7FFF7FFF7FFF7FFF7FFF7FFF7FFF7FFF7FFF7FFF7FFF7FFF7FFF7FFF7FFF7F
310
FF7FFF7FFF7FFF7FFF7FFF7FFF7FFF7FFF7FFF7FFF7FFF7FFF7FFF7FFF7FFF7F
310
FF7FFF7FFF7FFF7FFF7FFF7FFF7FFF7FFF7FFF7FFF7FFF7FFF7FFF7FFF7FFF7F
310
FF7FFF7FFF7FFF7FFF7FFF7FFF7FFF7FFF7FFF7FFF7FFF7FFF7FFF7FFF7FFF7F
310
FF7FFF7FFF7FFF7FFF7FFF7FFF7FFF7FFF7FFF7FFF7FFF7FFF7FFF7FFF7FFF7F
310
FF7FFF7FFF7FFF7FFF7FFF7FFF7FFF7FFF7FFF7FFF7FFF7FFF7FFF7FFF7FFF7F
310
FF7FFF7FFF7FFF7FFF7FFF7FFF7FFF7FFF7FFF7FFF7FFF7FFF7FFF7FFF7FFF7F
310
FF7FFF7FFF7FFF7FFF7FFF7FFF7FFF7FFF7FFF7FFF7FFF7FFF7FFF7FFF7FFF7F
310
FF7FFF7FFF7FFF7FFF7FFF7FFF7FFF7FFF7FFF7FFF7FFF7FFF7FFF7FFF7FFF7F
310
FF7FFF7FFF7FFF7FFF7FFF7FFF7FFF7FFF7FFF7FFF7FFF7FFF7FFF7FFF7FFF7F
310
FF7FFF7FFF7FFF7FFF7FFF7FFF7FFF7FFF7FFF7FFF7FFF7FFF7FFF7FFF7FFF7F
310
FF7FFF7FFF7FFF7FFF7FFF7FFF7FFF7FFF7FFF7FFF7FFF7FFF7FFF7FFF7FFF7F
310
FF7FFF7FFF7FFF7FFF7FFF7FFF7FFF7FFF7FFF7FFF7FFF7FFF7FFF7FFF7FFF7F
310
FF7FFF7FFF7FFF7FFF7FFF7FFF7FFF7FFF7FFF7FFF7FFF7FFF7FFF7FFF7FFF7F
310
FF7FFF7FFF7FFF7FFF7FFF7FFF7FFF7FFF7FFF7FFF7FFF7FFF7FFF7FFF7FFF7F
310
FF7FFF7FFF7FFF7FFF7FFF7FFF7FFF7FFF7FFF7FFF7FFF7FFF7FFF7FFF7FFF7F
310
FF7FFF7FFF7FFF7FFF7FFF7F0000FF7FFF7FFF7FFF7FFF7FFF7FFF7FFF7FFF7F
310
FF7FFF7FFF7FFF7FFF7FFF7FFF7FFF7FFF7FFF7FFF7FFF7FFF7FFF7FFF7FFF7F
310
FF7FFF7FFF7FFF7FFF7FFF7FFF7FFF7FFF7FFF7FFF7FFF7FFF7FFF7FFF7FFF7F
310
FF7FFF7FFF7FFF7FFF7FFF7FFF7FFF7FFF7FFF7FFF7FFF7FFF7FFF7FFF7FFF7F
310
FF7FFF7FFF7FFF7FFF7FFF7FFF7FFF7FFF7FFF7FFF7FFF7FFF7FFF7FFF7FFF7F
310
FF7FFF7FFF7FFF7FFF7FFF7FFF7FFF7FFF7FFF7FFF7FFF7FFF7FFF7FFF7FFF7F
310
FF7FFF7FFF7FFF7FFF7FFF7FFF7FFF7FFF7FFF7FFF7FFF7FFF7FFF7FFF7FFF7F
310
FF7FFF7FFF7FFF7FFF7FFF7FFF7FFF7FFF7FFF7FFF7FFF7FFF7FFF7FFF7FFF7F
310
FF7FFF7FFF7FFF7FFF7FFF7FFF7FFF7FFF7FFF7FFF7FFF7FFF7FFF7FFF7FFF7F
310
FF7FFF7FFF7FFF7FFF7FFF7FFF7FFF7FFF7FFF7FFF7FFF7FFF7FFF7FFF7FFF7F
310
FF7FFF7FFF7FFF7FFF7FFF7FFF7FFF7FFF7FFF7FFF7FFF7FFF7FFF7FFF7FFF7F
310
FF7FFF7FFF7FFF7FFF7FFF7FFF7FFF7FFF7FFF7FFF7FFF7FFF7FFF7FFF7FFF7F
310
FF7FFF7FFF7FFF7FFF7FFF7FFF7FFF7FFF7FFF7FFF7FFF7FFF7FFF7FFF7FFF7F
310
FF7FFF7FFF7FFF7FFF7FFF7FFF7FFF7FFF7FFF7FFF7FFF7FFF7FFF7FFF7FFF7F
310
FF7FFF7FFF7FFF7FFF7FFF7FFF7FFF7FFF7FFF7FFF7FFF7FFF7FFF7FFF7FFF7F
310
FF7FFF7FFF7FFF7FFF7FFF7FFF7FFF7FFF7FFF7FFF7FFF7FFF7FFF7FFF7FFF7F
310
FF7FFF7FFF7FFF7FFF7FFF7FFF7FFF7FFF7FFF7FFF7FFF7FFF7FFF7FFF7FFF7F
310
FF7FFF7FFF7FFF7FFF7FFF7FFF7FFF7FFF7FFF7FFF7FFF7FFF7FFF7FFF7FFF7F
310
FF7FFF7FFF7FFF7FFF7FFF7FFF7FFF7FFF7FFF7FFF7FFF7FFF7FFF7FFF7FFF7F
310
FF7FFF7FFF7FFF7FFF7FFF7FFF7FFF7FFF7FFF7FFF7FFF7FFF7FFF7FFF7FFF7F
310
FF7FFF7FFF7FFF7FFF7FFF7FFF7FFF7FFF7FFF7FFF7FFF7F0000FF7FFF7FFF7F
310
FF7FFF7FFF7FFF7FFF7FFF7FFF7FFF7FFF7FFF7FFF7FFF7FFF7FFF7FFF7FFF7F
310
FF7FFF7FFF7FFF7FFF7FFF7FFF7FFF7FFF7FFF7FFF7FFF7FFF7FFF7FFF7FFF7F
310
FF7FFF7FFF7FFF7FFF7FFF7FFF7FFF7FFF7FFF7FFF7FFF7FFF7FFF7FFF7FFF7F
310
FF7FFF7FFF7FFF7FFF7FFF7FFF7FFF7FFF7FFF7FFF7FFF7FFF7FFF7FFF7FFF7F
310
FF7FFF7FFF7FFF7FFF7FFF7FFF7FFF7FFF7FFF7FFF7FFF7FFF7FFF7FFF7FFF7F
310
FF7FFF7FFF7FFF7FFF7FFF7FFF7FFF7FFF7FFF7FFF7FFF7FFF7FFF7FFF7FFF7F
310
FF7FFF7FFF7FFF7FFF7FFF7FFF7FFF7FFF7FFF7FFF7FFF7FFF7FFF7FFF7FFF7F
310
FF7FFF7FFF7FFF7FFF7FFF7FFF7FFF7FFF7FFF7FFF7FFF7FFF7FFF7FFF7FFF7F
310
FF7FFF7FFF7FFF7FFF7FFF7FFF7FFF7FFF7FFF7FFF7FFF7FFF7FFF7FFF7FFF7F
310
FF7FFF7FFF7FFF7FFF7FFF7FFF7FFF7FFF7FFF7FFF7FFF7FFF7FFF7FFF7FFF7F
310
FF7FFF7FFF7FFF7FFF7FFF7FFF7FFF7FFF7FFF7FFF7FFF7FFF7FFF7FFF7FFF7F
310
FF7FFF7FFF7FFF7FFF7FFF7FFF7FFF7FFF7FFF7FFF7FFF7FFF7FFF7FFF7FFF7F
310
FF7FFF7FFF7FFF7FFF7FFF7FFF7FFF7FFF7FFF7FFF7FFF7FFF7FFF7FFF7FFF7F
310
FF7FFF7FFF7FFF7FFF7FFF7FFF7FFF7FFF7FFF7FFF7FFF7FFF7FFF7FFF7FFF7F
310
FF7FFF7FFF7FFF7FFF7FFF7FFF7FFF7FFF7FFF7FFF7FFF7FFF7FFF7FFF7FFF7F
310
FF7FFF7FFF7FFF7FFF7FFF7FFF7FFF7FFF7FFF7FFF7FFF7FFF7FFF7FFF7FFF7F
310
FF7FFF7FFF7FFF7FFF7FFF7FFF7FFF7FFF7FFF7FFF7FFF7FFF7FFF7FFF7FFF7F
310
FF7FFF7FFF7FFF7FFF7FFF7FFF7FFF7FFF7FFF7FFF7FFF7FFF7FFF7FFF7FFF7F
310
FF7FFF7FFF7FFF7FFF7FFF7FFF7FFF7FFF7FFF7FFF7FFF7FFF7FFF7FFF7FFF7F
310
FF7FFF7FFF7FFF7FFF7FFF7FFF7FFF7FFF7FFF7FFF7FFF7FFF7FFF7FFF7FFF7F
310
FF7FFF7F0000FF7FFF7FFF7FFF7FFF7FFF7FFF7FFF7FFF7FFF7FFF7FFF7FFF7F
310
FF7FFF7FFF7FFF7FFF7FFF7FFF7FFF7FFF7FFF7FFF7FFF7FFF7FFF7FFF7FFF7F
310
FF7FFF7FFF7FFF7FFF7FFF7FFF7FFF7FFF7FFF7FFF7FFF7FFF7FFF7FFF7FFF7F
310
FF7FFF7FFF7FFF7FFF7FFF7FFF7FFF7FFF7FFF7FFF7FFF7FFF7FFF7FFF7FFF7F
310
FF7FFF7FFF7FFF7FFF7FFF7FFF7FFF7FFF7FFF7FFF7FFF7FFF7FFF7FFF7FFF7F
310
FF7FFF7FFF7FFF7FFF7FFF7FFF7FFF7FFF7FFF7FFF7FFF7FFF7FFF7FFF7FFF7F
310
FF7FFF7FFF7FFF7FFF7FFF7FFF7FFF7FFF7FFF7FFF7FFF7FFF7FFF7FFF7FFF7F
310
FF7FFF7FFF7FFF7FFF7FFF7FFF7FFF7FFF7FFF7FFF7FFF7FFF7FFF7FFF7FFF7F
310
FF7FFF7FFF7FFF7FFF7FFF7FFF7FFF7FFF7FFF7FFF7FFF7FFF7FFF7FFF7FFF7F
310
FF7FFF7FFF7FFF7FFF7FFF7FFF7FFF7FFF7FFF7FFF7FFF7FFF7FFF7FFF7FFF7F
310
FF7FFF7FFF7FFF7FFF7FFF7FFF7FFF7FFF7FFF7FFF7FFF7FFF7FFF7FFF7FFF7F
310
FF7FFF7FFF7FFF7FFF7FFF7FFF7FFF7FFF7FFF7FFF7FFF7FFF7FFF7FFF7FFF7F
310
FF7FFF7FFF7FFF7FFF7FFF7FFF7FFF7FFF7FFF7FFF7FFF7FFF7FFF7FFF7FFF7F
310
FF7FFF7FFF7FFF7FFF7FFF7FFF7FFF7FFF7FFF7FFF7FFF7FFF7FFF7FFF7FFF7F
310
FF7FFF7FFF7FFF7FFF7FFF7FFF7FFF7FFF7FFF7FFF7FFF7FFF7FFF7FFF7FFF7F
310
FF7FFF7FFF7FFF7FFF7FFF7FFF7FFF7FFF7FFF7FFF7FFF7FFF7FFF7FFF7FFF7F
310
FF7FFF7FFF7FFF7FFF7FFF7FFF7FFF7FFF7FFF7FFF7FFF7FFF7FFF7FFF7FFF7F
310
FF7FFF7FFF7FFF7FFF7FFF7FFF7FFF7FFF7FFF7FFF7FFF7FFF7FFF7FFF7FFF7F
310
FF7FFF7FFF7FFF7FFF7FFF7FFF7FFF7FFF7FFF7FFF7FFF7FFF7FFF7FFF7FFF7F
310
FF7FFF7FFF7FFF7FFF7FFF7FFF7FFF7FFF7FFF7FFF7FFF7FFF7FFF7FFF7FFF7F
310
FF7FFF7FFF7FFF7FFF7FFF7FFF7FFF7F0000FF7FFF7FFF7FFF7FFF7FFF7FFF7F
310
FF7FFF7FFF7FFF7FFF7FFF7FFF7FFF7FFF7FFF7FFF7FFF7FFF7FFF7FFF7FFF7F
310
FF7FFF7FFF7FFF7FFF7FFF7FFF7FFF7FFF7FFF7FFF7FFF7FFF7FFF7FFF7FFF7F
310
FF7FFF7FFF7FFF7FFF7FFF7FFF7FFF7FFF7FFF7FFF7FFF7FFF7FFF7FFF7FFF7F
310
FF7FFF7FFF7FFF7FFF7FFF7FFF7FFF7FFF7FFF7FFF7FFF7FFF7FFF7FFF7FFF7F
310
FF7FFF7FFF7FFF7FFF7FFF7FFF7FFF7FFF7FFF7FFF7FFF7FFF7FFF7FFF7FFF7F
310
FF7FFF7FFF7FFF7FFF7FFF7FFF7FFF7FFF7FFF7FFF7FFF7FFF7FFF7FFF7FFF7F
310
FF7FFF7FFF7FFF7FFF7FFF7FFF7FFF7FFF7FFF7FFF7FFF7FFF7FFF7FFF7FFF7F
310
FF7FFF7FFF7FFF7FFF7FFF7FFF7FFF7FFF7FFF7FFF7FFF7FFF7FFF7FFF7FFF7F
310
FF7FFF7FFF7FFF7FFF7FFF7FFF7FFF7FFF7FFF7FFF7FFF7FFF7FFF7FFF7FFF7F
310
FF7FFF7FFF7FFF7FFF7FFF7FFF7FFF7FFF7FFF7FFF7FFF7FFF7FFF7FFF7FFF7F
310
FF7FFF7FFF7FFF7FFF7FFF7FFF7FFF7FFF7FFF7FFF7FFF7FFF7FFF7FFF7FFF7F
310
FF7FFF7FFF7FFF7FFF7FFF7FFF7FFF7FFF7FFF7FFF7FFF7FFF7FFF7FFF7FFF7F
310
FF7FFF7FFF7FFF7FFF7FFF7FFF7FFF7FFF7FFF7FFF7FFF7FFF7FFF7FFF7FFF7F
310
FF7FFF7FFF7FFF7FFF7FFF7FFF7FFF7FFF7FFF7FFF7FFF7FFF7FFF7FFF7FFF7F
310
FF7FFF7FFF7FFF7FFF7FFF7FFF7FFF7FFF7FFF7FFF7FFF7FFF7FFF7FFF7FFF7F
310
FF7FFF7FFF7FFF7FFF7FFF7FFF7FFF7FFF7FFF7FFF7FFF7FFF7FFF7FFF7FFF7F
310
FF7FFF7FFF7FFF7FFF7FFF7FFF7FFF7FFF7FFF7FFF7FFF7FFF7FFF7FFF7FFF7F
310
FF7FFF7FFF7FFF7FFF7FFF7FFF7FFF7FFF7FFF7FFF7FFF7FFF7FFF7FFF7FFF7F
310
FF7FFF7FFF7FFF7FFF7FFF7FFF7FFF7FFF7FFF7FFF7FFF7FFF7FFF7FFF7FFF7F
310
FF7FFF7FFF7FFF7FFF7FFF7FFF7FFF7FFF7FFF7FFF7FFF7FFF7FFF7F0000FF7F
310
FF7FFF7FFF7FFF7FFF7FFF7FFF7FFF7FFF7FFF7FFF7FFF7FFF7FFF7FFF7FFF7F
310
FF7FFF7FFF7FFF7FFF7FFF7FFF7FFF7FFF7FFF7FFF7FFF7FFF7FFF7FFF7FFF7F
310
FF7FFF7FFF7FFF7FFF7FFF7FFF7FFF7FFF7FFF7FFF7FFF7FFF7FFF7FFF7FFF7F
310
FF7FFF7FFF7FFF7FFF7FFF7FFF7FFF7FFF7FFF7FFF7FFF7FFF7FFF7FFF7FFF7F
310
FF7FFF7FFF7FFF7FFF7FFF7FFF7FFF7FFF7FFF7FFF7FFF7FFF7FFF7FFF7FFF7F
310
FF7FFF7FFF7FFF7FFF7FFF7FFF7FFF7FFF7FFF7FFF7FFF7FFF7FFF7FFF7FFF7F
310
FF7FFF7FFF7FFF7FFF7FFF7FFF7FFF7FFF7FFF7FFF7FFF7FFF7FFF7FFF7FFF7F
310
FF7FFF7FFF7FFF7FFF7FFF7FFF7FFF7FFF7FFF7FFF7FFF7FFF7FFF7FFF7FFF7F
310
FF7FFF7FFF7FFF7FFF7FFF7FFF7FFF7FFF7FFF7FFF7FFF7FFF7FFF7FFF7FFF7F
310
FF7FFF7FFF7FFF7FFF7FFF7FFF7FFF7FFF7FFF7FFF7FFF7FFF7FFF7FFF7FFF7F
310
FF7FFF7FFF7FFF7FFF7FFF7FFF7FFF7FFF7FFF7FFF7FFF7FFF7FFF7FFF7FFF7F
310
FF7FFF7FFF7FFF7FFF7FFF7FFF7FFF7FFF7FFF7FFF7FFF7FFF7FFF7FFF7FFF7F
310
FF7FFF7FFF7FFF7FFF7FFF7FFF7FFF7FFF7FFF7FFF7FFF7FFF7FFF7FFF7FFF7F
310
FF7FFF7FFF7FFF7FFF7FFF7FFF7FFF7FFF7FFF7FFF7FFF7FFF7FFF7FFF7FFF7F
310
FF7FFF7FFF7FFF7FFF7FFF7FFF7FFF7FFF7FFF7FFF7FFF7FFF7FFF7FFF7FFF7F
310
FF7FFF7FFF7FFF7FFF7FFF7FFF7FFF7FFF7FFF7FFF7FFF7FFF7FFF7FFF7FFF7F
310
FF7FFF7FFF7FFF7FFF7FFF7FFF7FFF7FFF7FFF7FFF7FFF7FFF7FFF7FFF7FFF7F
310
FF7FFF7FFF7FFF7FFF7FFF7FFF7FFF7FFF7FFF7FFF7FFF7FFF7FFF7FFF7FFF7F
310
FF7FFF7FFF7FFF7FFF7FFF7FFF7FFF7FFF7FFF7FFF7FFF7FFF7FFF7FFF7FFF7F
310
FF7FFF7FFF7FFF7FFF7FFF7FFF7FFF7FFF7FFF7FFF7FFF7FFF7FFF7FFF7FFF7F
310
FF7FFF7FFF7FFF7F0000FF7FFF7FFF7FFF7FFF7FFF7FFF7FFF7FFF7FFF7FFF7F
310
FF7FFF7FFF7FFF7FFF7FFF7FFF7FFF7FFF7FFF7FFF7FFF7FFF7FFF7FFF7FFF7F
310
FF7FFF7FFF7FFF7FFF7FFF7FFF7FFF7FFF7FFF7FFF7FFF7FFF7FFF7FFF7FFF7F
310
FF7FFF7FFF7FFF7FFF7FFF7FFF7FFF7FFF7FFF7FFF7FFF7FFF7FFF7FFF7FFF7F
310
FF7FFF7FFF7FFF7FFF7FFF7FFF7FFF7FFF7FFF7FFF7FFF7FFF7FFF7FFF7FFF7F
310
FF7FFF7FFF7FFF7FFF7FFF7FFF7FFF7FFF7FFF7FFF7FFF7FFF7FFF7FFF7FFF7F
310
FF7FFF7FFF7FFF7FFF7FFF7FFF7FFF7FFF7FFF7FFF7FFF7FFF7FFF7FFF7FFF7F
310
FF7FFF7FFF7FFF7FFF7FFF7FFF7FFF7FFF7FFF7FFF7FFF7FFF7FFF7FFF7FFF7F
310
FF7FFF7FFF7FFF7FFF7FFF7FFF7FFF7FFF7FFF7FFF7FFF7FFF7FFF7FFF7FFF7F
310
FF7FFF7FFF7FFF7FFF7FFF7FFF7FCA07000026060F008A0F574D464301000000
310
0000010000000000000008000000680F00000000000068EF0000FF7FFF7FFF7F
310
FF7FFF7FFF7FFF7FFF7FFF7FFF7FFF7FFF7FFF7FFF7FFF7FFF7FFF7FFF7FFF7F
310
FF7FFF7FFF7FFF7FFF7FFF7FFF7FFF7FFF7FFF7FFF7FFF7FFF7FFF7FFF7FFF7F
310
FF7FFF7FFF7FFF7FFF7FFF7FFF7FFF7FFF7FFF7FFF7FFF7FFF7FFF7FFF7FFF7F
310
FF7FFF7FFF7FFF7FFF7FFF7FFF7FFF7FFF7FFF7FFF7FFF7FFF7FFF7FFF7FFF7F
310
FF7FFF7FFF7FFF7FFF7FFF7FFF7FFF7FFF7FFF7FFF7FFF7FFF7FFF7FFF7FFF7F
310
FF7FFF7FFF7FFF7FFF7FFF7FFF7FFF7FFF7FFF7FFF7FFF7FFF7FFF7FFF7FFF7F
310
FF7FFF7FFF7FFF7FFF7FFF7FFF7FFF7FFF7FFF7FFF7FFF7FFF7FFF7FFF7FFF7F
310
FF7FFF7FFF7FFF7FFF7FFF7FFF7FFF7FFF7FFF7FFF7FFF7FFF7FFF7FFF7FFF7F
310
FF7FFF7FFF7FFF7FFF7FFF7FFF7FFF7FFF7FFF7FFF7FFF7FFF7FFF7FFF7FFF7F
310
FF7FFF7FFF7FFF7FFF7FFF7FFF7FFF7FFF7FFF7FFF7FFF7FFF7FFF7FFF7FFF7F
310
FF7FFF7FFF7FFF7FFF7FFF7FFF7FFF7FFF7FFF7FFF7FFF7FFF7FFF7FFF7FFF7F
310
0000FF7FFF7FFF7FFF7FFF7FFF7FFF7FFF7FFF7FFF7FFF7FFF7FFF7FFF7FFF7F
310
FF7FFF7FFF7FFF7FFF7FFF7FFF7FFF7FFF7FFF7FFF7FFF7FFF7FFF7FFF7FFF7F
310
FF7FFF7FFF7FFF7FFF7FFF7FFF7FFF7FFF7FFF7FFF7FFF7FFF7FFF7FFF7FFF7F
310
FF7FFF7FFF7FFF7FFF7FFF7FFF7FFF7FFF7FFF7FFF7FFF7FFF7FFF7FFF7FFF7F
310
FF7FFF7FFF7FFF7FFF7FFF7FFF7FFF7FFF7FFF7FFF7FFF7FFF7FFF7FFF7FFF7F
310
FF7FFF7FFF7FFF7FFF7FFF7FFF7FFF7FFF7FFF7FFF7FFF7FFF7FFF7FFF7FFF7F
310
FF7FFF7FFF7FFF7FFF7FFF7FFF7FFF7FFF7FFF7FFF7FFF7FFF7FFF7FFF7FFF7F
310
FF7FFF7FFF7FFF7FFF7FFF7FFF7FFF7FFF7FFF7FFF7FFF7FFF7FFF7FFF7FFF7F
310
FF7FFF7FFF7FFF7FFF7FFF7FFF7FFF7FFF7FFF7FFF7FFF7FFF7FFF7FFF7FFF7F
310
FF7FFF7FFF7FFF7FFF7FFF7FFF7FFF7FFF7FFF7FFF7FFF7FFF7FFF7FFF7FFF7F
310
FF7FFF7FFF7FFF7FFF7FFF7FFF7FFF7FFF7FFF7FFF7FFF7FFF7FFF7FFF7FFF7F
310
FF7FFF7FFF7FFF7FFF7FFF7FFF7FFF7FFF7FFF7FFF7FFF7FFF7FFF7FFF7FFF7F
310
FF7FFF7FFF7FFF7FFF7FFF7FFF7FFF7FFF7FFF7FFF7FFF7FFF7FFF7FFF7FFF7F
310
FF7FFF7FFF7FFF7FFF7FFF7FFF7FFF7FFF7FFF7FFF7FFF7FFF7FFF7FFF7FFF7F
310
FF7FFF7FFF7FFF7FFF7FFF7FFF7FFF7FFF7FFF7FFF7FFF7FFF7FFF7FFF7FFF7F
310
FF7FFF7FFF7FFF7FFF7FFF7FFF7FFF7FFF7FFF7FFF7FFF7FFF7FFF7FFF7FFF7F
310
FF7FFF7FFF7FFF7FFF7FFF7FFF7FFF7FFF7FFF7FFF7FFF7FFF7FFF7FFF7FFF7F
310
FF7FFF7FFF7FFF7FFF7FFF7FFF7FFF7FFF7FFF7FFF7FFF7FFF7FFF7FFF7FFF7F
310
FF7FFF7FFF7FFF7FFF7FFF7FFF7FFF7FFF7FFF7FFF7FFF7FFF7FFF7FFF7FFF7F
310
FF7FFF7FFF7FFF7FFF7FFF7FFF7FFF7FFF7FFF7FFF7FFF7FFF7FFF7FFF7FFF7F
310
FF7FFF7FFF7FFF7FFF7FFF7F0000FF7FFF7FFF7FFF7FFF7FFF7FFF7FFF7FFF7F
310
FF7FFF7FFF7FFF7FFF7FFF7FFF7FFF7FFF7FFF7FFF7FFF7FFF7FFF7FFF7FFF7F
310
FF7FFF7FFF7FFF7FFF7FFF7FFF7FFF7FFF7FFF7FFF7FFF7FFF7FFF7FFF7FFF7F
310
FF7FFF7FFF7FFF7FFF7FFF7FFF7FFF7FFF7FFF7FFF7FFF7FFF7FFF7FFF7FFF7F
310
FF7FFF7FFF7FFF7FFF7FFF7FFF7FFF7FFF7FFF7FFF7FFF7FFF7FFF7FFF7FFF7F
310
FF7FFF7FFF7FFF7FFF7FFF7FFF7FFF7FFF7FFF7FFF7FFF7FFF7FFF7FFF7FFF7F
310
FF7FFF7FFF7FFF7FFF7FFF7FFF7FFF7FFF7FFF7FFF7FFF7FFF7FFF7FFF7FFF7F
310
FF7FFF7FFF7FFF7FFF7FFF7FFF7FFF7FFF7FFF7FFF7FFF7FFF7FFF7FFF7FFF7F
310
FF7FFF7FFF7FFF7FFF7FFF7FFF7FFF7FFF7FFF7FFF7FFF7FFF7FFF7FFF7FFF7F
310
FF7FFF7FFF7FFF7FFF7FFF7FFF7FFF7FFF7FFF7FFF7FFF7FFF7FFF7FFF7FFF7F
310
FF7FFF7FFF7FFF7FFF7FFF7FFF7FFF7FFF7FFF7FFF7FFF7FFF7FFF7FFF7FFF7F
310
FF7FFF7FFF7FFF7FFF7FFF7FFF7FFF7FFF7FFF7FFF7FFF7FFF7FFF7FFF7FFF7F
310
FF7FFF7FFF7FFF7FFF7FFF7FFF7FFF7FFF7FFF7FFF7FFF7FFF7FFF7FFF7FFF7F
310
FF7FFF7FFF7FFF7FFF7FFF7FFF7FFF7FFF7FFF7FFF7FFF7FFF7FFF7FFF7FFF7F
310
FF7FFF7FFF7FFF7FFF7FFF7FFF7FFF7FFF7FFF7FFF7FFF7FFF7FFF7FFF7FFF7F
310
FF7FFF7FFF7FFF7FFF7FFF7FFF7FFF7FFF7FFF7FFF7FFF7FFF7FFF7FFF7FFF7F
310
FF7FFF7FFF7FFF7FFF7FFF7FFF7FFF7FFF7FFF7FFF7FFF7FFF7FFF7FFF7FFF7F
310
FF7FFF7FFF7FFF7FFF7FFF7FFF7FFF7FFF7FFF7FFF7FFF7FFF7FFF7FFF7FFF7F
310
FF7FFF7FFF7FFF7FFF7FFF7FFF7FFF7FFF7FFF7FFF7FFF7FFF7FFF7FFF7FFF7F
310
FF7FFF7FFF7FFF7FFF7FFF7FFF7FFF7FFF7FFF7FFF7FFF7FFF7FFF7FFF7FFF7F
310
FF7FFF7FFF7FFF7FFF7FFF7FFF7FFF7FFF7FFF7FFF7FFF7F0000FF7FFF7FFF7F
310
FF7FFF7FFF7FFF7FFF7FFF7FFF7FFF7FFF7FFF7FFF7FFF7FFF7FFF7FFF7FFF7F
310
FF7FFF7FFF7FFF7FFF7FFF7FFF7FFF7FFF7FFF7FFF7FFF7FFF7FFF7FFF7FFF7F
310
FF7FFF7FFF7FFF7FFF7FFF7FFF7FFF7FFF7FFF7FFF7FFF7FFF7FFF7FFF7FFF7F
310
FF7FFF7FFF7FFF7FFF7FFF7FFF7FFF7FFF7FFF7FFF7FFF7FFF7FFF7FFF7FFF7F
310
FF7FFF7FFF7FFF7FFF7FFF7FFF7FFF7FFF7FFF7FFF7FFF7FFF7FFF7FFF7FFF7F
310
FF7FFF7FFF7FFF7FFF7FFF7FFF7FFF7FFF7FFF7FFF7FFF7FFF7FFF7FFF7FFF7F
310
FF7FFF7FFF7FFF7FFF7FFF7FFF7FFF7FFF7FFF7FFF7FFF7FFF7FFF7FFF7FFF7F
310
FF7FFF7FFF7FFF7FFF7FFF7FFF7FFF7FFF7FFF7FFF7FFF7FFF7FFF7FFF7FFF7F
310
FF7FFF7FFF7FFF7FFF7FFF7FFF7FFF7FFF7FFF7FFF7FFF7FFF7FFF7FFF7FFF7F
310
FF7FFF7FFF7FFF7FFF7FFF7FFF7FFF7FFF7FFF7FFF7FFF7FFF7FFF7FFF7FFF7F
310
FF7FFF7FFF7FFF7FFF7FFF7FFF7FFF7FFF7FFF7FFF7FFF7FFF7FFF7FFF7FFF7F
310
FF7FFF7FFF7FFF7FFF7FFF7FFF7FFF7FFF7FFF7FFF7FFF7FFF7FFF7FFF7FFF7F
310
FF7FFF7FFF7FFF7FFF7FFF7FFF7FFF7FFF7FFF7FFF7FFF7FFF7FFF7FFF7FFF7F
310
FF7FFF7FFF7FFF7FFF7FFF7FFF7FFF7FFF7FFF7FFF7FFF7FFF7FFF7FFF7FFF7F
310
FF7FFF7FFF7FFF7FFF7FFF7FFF7FFF7FFF7FFF7FFF7FFF7FFF7FFF7FFF7FFF7F
310
FF7FFF7FFF7FFF7FFF7FFF7FFF7FFF7FFF7FFF7FFF7FFF7FFF7FFF7FFF7FFF7F
310
FF7FFF7FFF7FFF7FFF7FFF7FFF7FFF7FFF7FFF7FFF7FFF7FFF7FFF7FFF7FFF7F
310
FF7FFF7FFF7FFF7FFF7FFF7FFF7FFF7FFF7FFF7FFF7FFF7FFF7FFF7FFF7FFF7F
310
FF7FFF7FFF7FFF7FFF7FFF7FFF7FFF7FFF7FFF7FFF7FFF7FFF7FFF7FFF7FFF7F
310
FF7FFF7FFF7FFF7FFF7FFF7FFF7FFF7FFF7FFF7FFF7FFF7FFF7FFF7FFF7FFF7F
310
FF7FFF7F0000FF7FFF7FFF7FFF7FFF7FFF7FFF7FFF7FFF7FFF7FFF7FFF7FFF7F
310
FF7FFF7FFF7FFF7FFF7FFF7FFF7FFF7FFF7FFF7FFF7FFF7FFF7FFF7FFF7FFF7F
310
FF7FFF7FFF7FFF7FFF7FFF7FFF7FFF7FFF7FFF7FFF7FFF7FFF7FFF7FFF7FFF7F
310
FF7FFF7FFF7FFF7FFF7FFF7FFF7FFF7FFF7FFF7FFF7FFF7FFF7FFF7FFF7FFF7F
310
FF7FFF7FFF7FFF7FFF7FFF7FFF7FFF7FFF7FFF7FFF7FFF7FFF7FFF7FFF7FFF7F
310
FF7FFF7FFF7FFF7FFF7FFF7FFF7FFF7FFF7FFF7FFF7FFF7FFF7FFF7FFF7FFF7F
310
FF7FFF7FFF7FFF7FFF7FFF7FFF7FFF7FFF7FFF7FFF7FFF7FFF7FFF7FFF7FFF7F
310
FF7FFF7FFF7FFF7FFF7FFF7FFF7FFF7FFF7FFF7FFF7FFF7FFF7FFF7FFF7FFF7F
310
FF7FFF7FFF7FFF7FFF7FFF7FFF7FFF7FFF7FFF7FFF7FFF7FFF7FFF7FFF7FFF7F
310
FF7FFF7FFF7FFF7FFF7FFF7FFF7FFF7FFF7FFF7FFF7FFF7FFF7FFF7FFF7FFF7F
310
FF7FFF7FFF7FFF7FFF7FFF7FFF7FFF7FFF7FFF7FFF7FFF7FFF7FFF7FFF7FFF7F
310
FF7FFF7FFF7FFF7FFF7FFF7FFF7FFF7FFF7FFF7FFF7FFF7FFF7FFF7FFF7FFF7F
310
FF7FFF7FFF7FFF7FFF7FFF7FFF7FFF7FFF7FFF7FFF7FFF7FFF7FFF7FFF7FFF7F
310
FF7FFF7FFF7FFF7FFF7FFF7FFF7FFF7FFF7FFF7FFF7FFF7FFF7FFF7FFF7FFF7F
310
FF7FFF7FFF7FFF7FFF7FFF7FFF7FFF7FFF7FFF7FFF7FFF7FFF7FFF7FFF7FFF7F
310
FF7FFF7FFF7FFF7FFF7FFF7FFF7FFF7FFF7FFF7FFF7FFF7FFF7FFF7FFF7FFF7F
310
FF7FFF7FFF7FFF7FFF7FFF7FFF7FFF7FFF7FFF7FFF7FFF7FFF7FFF7FFF7FFF7F
310
FF7FFF7FFF7FFF7FFF7FFF7FFF7FFF7FFF7FFF7FFF7FFF7FFF7FFF7FFF7FFF7F
310
FF7FFF7FFF7FFF7FFF7FFF7FFF7FFF7FFF7FFF7FFF7FFF7FFF7FFF7FFF7FFF7F
310
FF7FFF7FFF7FFF7FFF7FFF7FFF7FFF7FFF7FFF7FFF7FFF7FFF7FFF7FFF7FFF7F
310
FF7FFF7FFF7FFF7FFF7FFF7FFF7FFF7F0000FF7FFF7FFF7FFF7FFF7FFF7FFF7F
310
FF7FFF7FFF7FFF7FFF7FFF7FFF7FFF7FFF7FFF7FFF7FFF7FFF7FFF7FFF7FFF7F
310
FF7FFF7FFF7FFF7FFF7FFF7FFF7FFF7FFF7FFF7FFF7FFF7FFF7FFF7FFF7FFF7F
310
FF7FFF7FFF7FFF7FFF7FFF7FFF7FFF7FFF7FFF7FFF7FFF7FFF7FFF7FFF7FFF7F
310
FF7FFF7FFF7FFF7FFF7FFF7FFF7FFF7FFF7FFF7FFF7FFF7FFF7FFF7FFF7FFF7F
310
FF7FFF7FFF7FFF7FFF7FFF7FFF7FFF7FFF7FFF7FFF7FFF7FFF7FFF7FFF7FFF7F
310
FF7FFF7FFF7FFF7FFF7FFF7FFF7FFF7FFF7FFF7FFF7FFF7FFF7FFF7FFF7FFF7F
310
FF7FFF7FFF7FFF7FFF7FFF7FFF7FFF7FFF7FFF7FFF7FFF7FFF7FFF7FFF7FFF7F
310
FF7FFF7FFF7FFF7FFF7FFF7FFF7FFF7FFF7FFF7FFF7FFF7FFF7FFF7FFF7FFF7F
310
FF7FFF7FFF7FFF7FFF7FFF7FFF7FFF7FFF7FFF7FFF7FFF7FFF7FFF7FFF7FFF7F
310
FF7FFF7FFF7FFF7FFF7FFF7FFF7FFF7FFF7FFF7FFF7FFF7FFF7FFF7FFF7FFF7F
310
FF7FFF7FFF7FFF7FFF7FFF7FFF7FFF7FFF7FFF7FFF7FFF7FFF7FFF7FFF7FFF7F
310
FF7FFF7FFF7FFF7FFF7FFF7FFF7FFF7FFF7FFF7FFF7FFF7FFF7FFF7FFF7FFF7F
310
FF7FFF7FFF7FFF7FFF7FFF7FFF7FFF7FFF7FFF7FFF7FFF7FFF7FFF7FFF7FFF7F
310
FF7FFF7FFF7FFF7FFF7FFF7FFF7FFF7FFF7FFF7FFF7FFF7FFF7FFF7FFF7FFF7F
310
FF7FFF7FFF7FFF7FFF7FFF7FFF7FFF7FFF7FFF7FFF7FFF7FFF7FFF7FFF7FFF7F
310
FF7FFF7FFF7FFF7FFF7FFF7FFF7FFF7FFF7FFF7FFF7FFF7FFF7FFF7FFF7FFF7F
310
FF7FFF7FFF7FFF7FFF7FFF7FFF7FFF7FFF7FFF7FFF7FFF7FFF7FFF7FFF7FFF7F
310
FF7FFF7FFF7FFF7FFF7FFF7FFF7FFF7FFF7FFF7FFF7FFF7FFF7FFF7FFF7FFF7F
310
FF7FFF7FFF7FFF7FFF7FFF7FFF7FFF7FFF7FFF7FFF7FFF7FFF7FFF7FFF7FFF7F
310
FF7FFF7FFF7FFF7FFF7FFF7FFF7FFF7FFF7FFF7FFF7FFF7FFF7FFF7F00002200
310
00000C000000FFFFFFFF46000000980000008C000000454D462B244000000C00
310
0000000000002A40000024000000180000000000803F00000000000000000000
310
803F00000000000000002A40000024000000180000000000803F000000000000
310
00000000803F0000000000000000264000001000000004000000000000000840
310
0204180000000C0000000210C0DB0000000003000010344002000C0000000000
310
00004C000000640000000000000000000000440100004F000000000000000000
310
000045010000500000002900AA0000000000000000000000803F000000000000
310
00000000803F0000000000000000000000000000000000000000000000000000
310
000000000000220000000C000000FFFFFFFF460000001C00000010000000454D
310
462B024000000C000000000000000E0000001400000000000000100000001400
310
00000400000003010800050000000B0200000000050000000C02500045010300
310
00001E00030000001E00040000002C0100000700000016045000450100000000
310
04000000070104000400000007010400A1980000410B2000CC00500045010000
310
0000500045010000000028000000450100005000000001001800000000000031
310
010000000000000000000000000000000000FFFFFFFFFFFFFFFFFFFFFFFFFFFF
310
FFFFFFFFFFFFFFFFFFFFFFFFFFFFFFFFFFFFFFFFFFFFFFFFFFFFFFFFFFFFFFFF
310
FFFFFFFFFFFFFFFFFFFFFFFFFFFFFFFFFFFFFFFFFFFFFFFFFFFFFFFFFFFFFFFF
310
FFFFFFFFFFFFFFFFFFFFFFFFFFFFFFFFFFFFFFFFFFFFFFFFFFFFFFFFFFFFFFFF
310
FFFFFFFFFFFFFFFFFFFFFFFFFFFFFFFFFFFFFFFFFFFFFFFFFFFFFFFFFFFFFFFF
310
FFFFFFFFFFFFFFFFFFFFFFFFFFFFFFFFFFFFFFFFFFFFFFFFFFFFFFFFFFFFFFFF
310
FFFFFFFFFFFFFFFFFFFFFFFFFFFFFFFFFFFFFFFFFFFFFFFFFFFFFFFFFFFFFFFF
310
FFFFFFFFFFFFFFFFFFFFFFFFFFFFFFFFFFFFFFFFFFFFFFFFFFFFFFFFFFFFFFFF
310
FFFFFFFFFFFFFFFFFFFFFFFFFFFFFFFFFFFFFFFFFFFFFFFFFFFFFFFFFFFFFFFF
310
FFFFFFFFFFFFFFFFFFFFFFFFFFFFFFFFFFFFFFFFFFFFFFFFFFFFFFFFFFFFFFFF
310
FFFFFFFFFFFFFFFFFFFFFFFFFFFFFFFFFFFFFFFFFFFFFFFFFFFFFFFFFFFFFFFF
310
FFFFFFFFFFFFFFFFFFFFFFFFFFFFFFFFFFFFFFFFFFFFFFFFFFFFFFFFFFFFFFFF
310
FFFFFFFFFFFFFFFFFFFFFFFFFFFFFFFFFFFFFFFFFFFFFFFFFFFFFFFFFFFFFFFF
310
FFFFFFFFFFFFFFFFFFFFFFFFFFFFFFFFFFFFFFFFFFFFFFFFFFFFFFFFFFFFFFFF
310
FFFFFFFFFFFFFFFFFFFFFFFFFFFFFFFFFFFFFFFFFFFFFFFFFFFFFFFFFFFFFFFF
310
FFFFFFFFFFFFFFFFFFFFFFFFFFFFFFFFFFFFFFFFFFFFFFFFFFFFFFFFFFFFFFFF
310
FFFFFFFFFFFFFFFFFFFFFFFFFFFFFFFFFFFFFFFFFFFFFFFFFFFFFFFFFFFFFFFF
310
FFFFFFFFFFFFFFFFFFFFFFFFFFFFFFFFFFFFFFFFFFFFFFFFFFFFFFFFFFFFFFFF
310
FFFFFFFFFFFFFFFFFFFFFFFFFFFFFFFFFFFFFFFFFFFFFFFFFFFFFFFFFFFFFFFF
310
FFFFFFFFFFFFFFFFFFFFFFFFFFFFFFFFFFFFFFFFFFFFFFFFFFFFFFFFFFFFFFFF
310
FFFFFFFFFFFFFFFFFFFFFFFFFFFFFFFFFFFFFFFFFFFFFFFFFFFFFFFFFFFFFFFF
310
FFFFFFFFFFFFFFFFFFFFFFFFFFFFFFFFFFFFFFFFFFFFFFFFFFFFFFFFFFFFFFFF
310
FFFFFFFFFFFFFFFFFFFFFFFFFFFFFFFFFFFFFFFFFFFFFFFFFFFFFFFFFFFFFFFF
310
FFFFFFFFFFFFFFFFFFFFFFFFFFFFFFFFFFFFFFFFFFFFFFFFFFFFFFFFFFFFFFFF
310
FFFFFFFFFFFFFFFFFFFFFFFFFFFFFFFFFFFFFFFFFFFFFFFFFFFFFFFFFFFFFFFF
310
FFFFFFFFFFFFFFFFFFFFFFFFFFFFFFFFFFFFFFFFFFFFFFFFFFFFFFFFFFFFFFFF
310
FFFFFFFFFFFFFFFFFFFFFFFFFFFFFFFFFFFFFFFFFFFFFFFFFFFFFFFFFFFFFFFF
310
FFFFFFFFFFFFFFFFFFFFFFFFFFFFFFFFFFFFFFFFFFFFFFFFFFFFFFFFFFFFFFFF
310
FFFFFFFFFFFFFFFFFFFFFFFFFFFFFFFFFFFFFFFFFFFFFFFFFFFFFFFFFFFFFFFF
310
FFFFFFFFFFFFFFFFFFFFFFFFFFFFFFFFFFFFFFFFFFFFFFFFFFFFFFFFFFFFFFFF
310
FFFFFFFFFFFFFFFFFFFFFFFFFFFFFFFFFFFFFFFFFFFFFFFFFFFFFFFFFFFFFFFF
310
FF00FFFFFFFFFFFFFFFFFFFFFFFFFFFFFFFFFFFFFFFFFFFFFFFFFFFFFFFFFFFF
310
FFFFFFFFFFFFFFFFFFFFFFFFFFFFFFFFFFFFFFFFFFFFFFFFFFFFFFFFFFFFFFFF
310
FFFFFFFFFFFFFFFFFFFFFFFFFFFFFFFFFFFFFFFFFFFFFFFFFFFFFFFFFFFFFFFF
310
FFFFFFFFFFFFFFFFFFFFFFFFFFFFFFFFFFFFFFFFFFFFFFFFFFFFFFFFFFFFFFFF
310
FFFFFFFFFFFFFFFFFFFFFFFFFFFFFFFFFFFFFFFFFFFFFFFFFFFFFFFFFFFFFFFF
310
FFFFFFFFFFFFFFFFFFFFFFFFFFFFFFFFFFFFFFFFFFFFFFFFFFFFFFFFFFFFFFFF
310
FFFFFFFFFFFFFFFFFFFFFFFFFFFFFFFFFFFFFFFFFFFFFFFFFFFFFFFFFFFFFFFF
310
FFFFFFFFFFFFFFFFFFFFFFFFFFFFFFFFFFFFFFFFFFFFFFFFFFFFFFFFFFFFFFFF
310
FFFFFFFFFFFFFFFFFFFFFFFFFFFFFFFFFFFFFFFFFFFFFFFFFFFFFFFFFFFFFFFF
310
FFFFFFFFFFFFFFFFFFFFFFFFFFFFFFFFFFFFFFFFFFFFFFFFFFFFFFFFFFFFFFFF
310
FFFFFFFFFFFFFFFFFFFFFFFFFFFFFFFFFFFFFFFFFFFFFFFFFFFFFFFFFFFFFFFF
310
FFFFFFFFFFFFFFFFFFFFFFFFFFFFFFFFFFFFFFFFFFFFFFFFFFFFFFFFFFFFFFFF
310
FFFFFFFFFFFFFFFFFFFFFFFFFFFFFFFFFFFFFFFFFFFFFFFFFFFFFFFFFFFFFFFF
310
FFFFFFFFFFFFFFFFFFFFFFFFFFFFFFFFFFFFFFFFFFFFFFFFFFFFFFFFFFFFFFFF
310
FFFFFFFFFFFFFFFFFFFFFFFFFFFFFFFFFFFFFFFFFFFFFFFFFFFFFFFFFFFFFFFF
310
FFFFFFFFFFFFFFFFFFFFFFFFFFFFFFFFFFFFFFFFFFFFFFFFFFFFFFFFFFFFFFFF
310
FFFFFFFFFFFFFFFFFFFFFFFFFFFFFFFFFFFFFFFFFFFFFFFFFFFFFFFFFFFFFFFF
310
FFFFFFFFFFFFFFFFFFFFFFFFFFFFFFFFFFFFFFFFFFFFFFFFFFFFFFFFFFFFFFFF
310
FFFFFFFFFFFFFFFFFFFFFFFFFFFFFFFFFFFFFFFFFFFFFFFFFFFFFFFFFFFFFFFF
310
FFFFFFFFFFFFFFFFFFFFFFFFFFFFFFFFFFFFFFFFFFFFFFFFFFFFFFFFFFFFFFFF
310
FFFFFFFFFFFFFFFFFFFFFFFFFFFFFFFFFFFFFFFFFFFFFFFFFFFFFFFFFFFFFFFF
310
FFFFFFFFFFFFFFFFFFFFFFFFFFFFFFFFFFFFFFFFFFFFFFFFFFFFFFFFFFFFFFFF
310
FFFFFFFFFFFFFFFFFFFFFFFFFFFFFFFFFFFFFFFFFFFFFFFFFFFFFFFFFFFFFFFF
310
FFFFFFFFFFFFFFFFFFFFFFFFFFFFFFFFFFFFFFFFFFFFFFFFFFFFFFFFFFFFFFFF
310
FFFFFFFFFFFFFFFFFFFFFFFFFFFFFFFFFFFFFFFFFFFFFFFFFFFFFFFFFFFFFFFF
310
FFFFFFFFFFFFFFFFFFFFFFFFFFFFFFFFFFFFFFFFFFFFFFFFFFFFFFFFFFFFFFFF
310
FFFFFFFFFFFFFFFFFFFFFFFFFFFFFFFFFFFFFFFFFFFFFFFFFFFFFFFFFFFFFFFF
310
FFFFFFFFFFFFFFFFFFFFFFFFFFFFFFFFFFFFFFFFFFFFFFFFFFFFFFFFFFFFFFFF
310
FFFFFFFFFFFFFFFFFFFFFFFFFFFFFFFFFFFFFFFFFFFFFFFFFFFFFFFFFFFFFFFF
310
FFFFFFFFFFFFFFFFFFFFFFFFFFFFFFFFFFFFFFFFFFFFFFFFFFFFFFFFFFFFFFFF
310
FFFFFFFFFFFFFFFFFFFFFFFFFFFFFFFFFF00FFFFFFFFFFFFFFFFFFFFFFFFFFFF
310
FFFFFFFFFFFFFFFFFFFFFFFFFFFFFFFFFFFFFFFFFFFFFFFFFFFFFFFFFFFFFFFF
310
FFFFFFFFFFFFFFFFFFFFFFFFFFFFFFFFFFFFFFFFFFFFFFFFFFFFFFFFFFFFFFFF
310
FFFFFFFFFFFFFFFFFFFFFFFFFFFFFFFFFFFFFFFFFFFFFFFFFFFFFFFFFFFFFFFF
310
FFFFFFFFFFFFFFFFFFFFFFFFFFFFFFFFFFFFFFFFFFFFFFFFFFFFFFFFFFFFFFFF
310
FFFFFFFFFFFFFFFFFFFFFFFFFFFFFFFFFFFFFFFFFFFFFFFFFFFFFFFFFFFFFFFF
310
FFFFFFFFFFFFFFFFFFFFFFFFFFFFFFFFFFFFFFFFFFFFFFFFFFFFFFFFFFFFFFFF
310
FFFFFFFFFFFFFFFFFFFFFFFFFFFFFFFFFFFFFFFFFFFFFFFFFFFFFFFFFFFFFFFF
310
FFFFFFFFFFFFFFFFFFFFFFFFFFFFFFFFFFFFFFFFFFFFFFFFFFFFFFFFFFFFFFFF
310
FFFFFFFFFFFFFFFFFFFFFFFFFFFFFFFFFFFFFFFFFFFFFFFFFFFFFFFFFFFFFFFF
310
FFFFFFFFFFFFFFFFFFFFFFFFFFFFFFFFFFFFFFFFFFFFFFFFFFFFFFFFFFFFFFFF
310
FFFFFFFFFFFFFFFFFFFFFFFFFFFFFFFFFFFFFFFFFFFFFFFFFFFFFFFFFFFFFFFF
310
FFFFFFFFFFFFFFFFFFFFFFFFFFFFFFFFFFFFFFFFFFFFFFFFFFFFFFFFFFFFFFFF
310
FFFFFFFFFFFFFFFFFFFFFFFFFFFFFFFFFFFFFFFFFFFFFFFFFFFFFFFFFFFFFFFF
310
FFFFFFFFFFFFFFFFFFFFFFFFFFFFFFFFFFFFFFFFFFFFFFFFFFFFFFFFFFFFFFFF
310
FFFFFFFFFFFFFFFFFFFFFFFFFFFFFFFFFFFFFFFFFFFFFFFFFFFFFFFFFFFFFFFF
310
FFFFFFFFFFFFFFFFFFFFFFFFFFFFFFFFFFFFFFFFFFFFFFFFFFFFFFFFFFFFFFFF
310
FFFFFFFFFFFFFFFFFFFFFFFFFFFFFFFFFFFFFFFFFFFFFFFFFFFFFFFFFFFFFFFF
310
FFFFFFFFFFFFFFFFFFFFFFFFFFFFFFFFFFFFFFFFFFFFFFFFFFFFFFFFFFFFFFFF
310
FFFFFFFFFFFFFFFFFFFFFFFFFFFFFFFFFFFFFFFFFFFFFFFFFFFFFFFFFFFFFFFF
310
FFFFFFFFFFFFFFFFFFFFFFFFFFFFFFFFFFFFFFFFFFFFFFFFFFFFFFFFFFFFFFFF
310
FFFFFFFFFFFFFFFFFFFFFFFFFFFFFFFFFFFFFFFFFFFFFFFFFFFFFFFFFFFFFFFF
310
FFFFFFFFFFFFFFFFFFFFFFFFFFFFFFFFFFFFFFFFFFFFFFFFFFFFFFFFFFFFFFFF
310
FFFFFFFFFFFFFFFFFFFFFFFFFFFFFFFFFFFFFFFFFFFFFFFFFFFFFFFFFFFFFFFF
310
FFFFFFFFFFFFFFFFFFFFFFFFFFFFFFFFFFFFFFFFFFFFFFFFFFFFFFFFFFFFFFFF
310
FFFFFFFFFFFFFFFFFFFFFFFFFFFFFFFFFFFFFFFFFFFFFFFFFFFFFFFFFFFFFFFF
310
FFFFFFFFFFFFFFFFFFFFFFFFFFFFFFFFFFFFFFFFFFFFFFFFFFFFFFFFFFFFFFFF
310
FFFFFFFFFFFFFFFFFFFFFFFFFFFFFFFFFFFFFFFFFFFFFFFFFFFFFFFFFFFFFFFF
310
FFFFFFFFFFFFFFFFFFFFFFFFFFFFFFFFFFFFFFFFFFFFFFFFFFFFFFFFFFFFFFFF
310
FFFFFFFFFFFFFFFFFFFFFFFFFFFFFFFFFFFFFFFFFFFFFFFFFFFFFFFFFFFFFFFF
310
FFFFFFFFFFFFFFFFFFFFFFFFFFFFFFFFFFFFFFFFFFFFFFFFFFFFFFFFFFFFFFFF
310
FF00FFFFFFFFFFFFFFFFFFFFFFFFFFFFFFFFFFFFFFFFFFFFFFFFFFFFFFFFFFFF
310
FFFFFFFFFFFFFFFFFFFFFFFFFFFFFFFFFFFFFFFFFFFFFFFFFFFFFFFFFFFFFFFF
310
FFFFFFFFFFFFFFFFFFFFFFFFFFFFFFFFFFFFFFFFFFFFFFFFFFFFFFFFFFFFFFFF
310
FFFFFFFFFFFFFFFFFFFFFFFFFFFFFFFFFFFFFFFFFFFFFFFFFFFFFFFFFFFFFFFF
310
FFFFFFFFFFFFFFFFFFFFFFFFFFFFFFFFFFFFFFFFFFFFFFFFFFFFFFFFFFFFFFFF
310
FFFFFFFFFFFFFFFFFFFFFFFFFFFFFFFFFFFFFFFFFFFFFFFFFFFFFFFFFFFFFFFF
310
FFFFFFFFFFFFFFFFFFFFFFFFFFFFFFFFFFFFFFFFFFFFFFFFFFFFFFFFFFFFFFFF
310
FFFFFFFFFFFFFFFFFFFFFFFFFFFFFFFFFFFFFFFFFFFFFFFFFFFFFFFFFFFFFFFF
310
FFFFFFFFFFFFFFFFFFFFFFFFFFFFFFFFFFFFFFFFFFFFFFFFFFFFFFFFFFFFFFFF
310
FFFFFFFFFFFFFFFFFFFFFFFFFFFFFFFFFFFFFFFFFFFFFFFFFFFFFFFFFFFFFFFF
310
FFFFFFFFFFFFFFFFFFFFFFFFFFFFFFFFFFFFFFFFFFFFFFFFFFFFFFFFFFFFFFFF
310
FFFFFFFFFFFFFFFFFFFFFFFFFFFFFFFFFFFFFFFFFFFFFFFFFFFFFFFFFFFFFFFF
310
FFFFFFFFFFFFFFFFFFFFFFFFFFFFFFFFFFFFFFFFFFFFFFFFFFFFFFFFFFFFFFFF
310
FFFFFFFFFFFFFFFFFFFFFFFFFFFFFFFFFFFFFFFFFFFFFFFFFFFFFFFFFFFFFFFF
310
FFFFFFFFFFFFFFFFFFFFFFFFFFFFFFFFFFFFFFFFFFFFFFFFFFFFFFFFFFFFFFFF
310
FFFFFFFFFFFFFFFFFFFFFFFFFFFFFFFFFFFFFFFFFFFFFFFFFFFFFFFFFFFFFFFF
310
FFFFFFFFFFFFFFFFFFFFFFFFFFFFFFFFFFFFFFFFFFFFFFFFFFFFFFFFFFFFFFFF
310
FFFFFFFFFFFFFFFFFFFFFFFFFFFFFFFFFFFFFFFFFFFFFFFFFFFFFFFFFFFFFFFF
310
FFFFFFFFFFFFFFFFFFFFFFFFFFFFFFFFFFFFFFFFFFFFFFFFFFFFFFFFFFFFFFFF
310
FFFFFFFFFFFFFFFFFFFFFFFFFFFFFFFFFFFFFFFFFFFFFFFFFFFFFFFFFFFFFFFF
310
FFFFFFFFFFFFFFFFFFFFFFFFFFFFFFFFFFFFFFFFFFFFFFFFFFFFFFFFFFFFFFFF
310
FFFFFFFFFFFFFFFFFFFFFFFFFFFFFFFFFFFFFFFFFFFFFFFFFFFFFFFFFFFFFFFF
310
FFFFFFFFFFFFFFFFFFFFFFFFFFFFFFFFFFFFFFFFFFFFFFFFFFFFFFFFFFFFFFFF
310
FFFFFFFFFFFFFFFFFFFFFFFFFFFFFFFFFFFFFFFFFFFFFFFFFFFFFFFFFFFFFFFF
310
FFFFFFFFFFFFFFFFFFFFFFFFFFFFFFFFFFFFFFFFFFFFFFFFFFFFFFFFFFFFFFFF
310
FFFFFFFFFFFFFFFFFFFFFFFFFFFFFFFFFFFFFFFFFFFFFFFFFFFFFFFFFFFFFFFF
310
FFFFFFFFFFFFFFFFFFFFFFFFFFFFFFFFFFFFFFFFFFFFFFFFFFFFFFFFFFFFFFFF
310
FFFFFFFFFFFFFFFFFFFFFFFFFFFFFFFFFFFFFFFFFFFFFFFFFFFFFFFFFFFFFFFF
310
FFFFFFFFFFFFFFFFFFFFFFFFFFFFFFFFFFFFFFFFFFFFFFFFFFFFFFFFFFFFFFFF
310
FFFFFFFFFFFFFFFFFFFFFFFFFFFFFFFFFFFFFFFFFFFFFFFFFFFFFFFFFFFFFFFF
310
FFFFFFFFFFFFFFFFFFFFFFFFFFFFFFFFFF00FFFFFFFFFFFFFFFFFFFFFFFFFFFF
310
FFFFFFFFFFFFFFFFFFFFFFFFFFFFFFFFFFFFFFFFFFFFFFFFFFFFFFFFFFFFFFFF
310
FFFFFFFFFFFFFFFFFFFFFFFFFFFFFFFFFFFFFFFFFFFFFFFFFFFFFFFFFFFFFFFF
310
FFFFFFFFFFFFFFFFFFFFFFFFFFFFFFFFFFFFFFFFFFFFFFFFFFFFFFFFFFFFFFFF
310
FFFFFFFFFFFFFFFFFFFFFFFFFFFFFFFFFFFFFFFFFFFFFFFFFFFFFFFFFFFFFFFF
310
FFFFFFFFFFFFFFFFFFFFFFFFFFFFFFFFFFFFFFFFFFFFFFFFFFFFFFFFFFFFFFFF
310
FFFFFFFFFFFFFFFFFFFFFFFFFFFFFFFFFFFFFFFFFFFFFFFFFFFFFFFFFFFFFFFF
310
FFFFFFFFFFFFFFFFFFFFFFFFFFFFFFFFFFFFFFFFFFFFFFFFFFFFFFFFFFFFFFFF
310
FFFFFFFFFFFFFFFFFFFFFFFFFFFFFFFFFFFFFFFFFFFFFFFFFFFFFFFFFFFFFFFF
310
FFFFFFFFFFFFFFFFFFFFFFFFFFFFFFFFFFFFFFFFFFFFFFFFFFFFFFFFFFFFFFFF
310
FFFFFFFFFFFFFFFFFFFFFFFFFFFFFFFFFFFFFFFFFFFFFFFFFFFFFFFFFFFFFFFF
310
FFFFFFFFFFFFFFFFFFFFFFFFFFFFFFFFFFFFFFFFFFFFFFFFFFFFFFFFFFFFFFFF
310
FFFFFFFFFFFFFFFFFFFFFFFFFFFFFFFFFFFFFFFFFFFFFFFFFFFFFFFFFFFFFFFF
310
FFFFFFFFFFFFFFFFFFFFFFFFFFFFFFFFFFFFFFFFFFFFFFFFFFFFFFFFFFFFFFFF
310
FFFFFFFFFFFFFFFFFFFFFFFFFFFFFFFFFFFFFFFFFFFFFFFFFFFFFFFFFFFFFFFF
310
FFFFFFFFFFFFFFFFFFFFFFFFFFFFFFFFFFFFFFFFFFFFFFFFFFFFFFFFFFFFFFFF
310
FFFFFFFFFFFFFFFFFFFFFFFFFFFFFFFFFFFFFFFFFFFFFFFFFFFFFFFFFFFFFFFF
310
FFFFFFFFFFFFFFFFFFFFFFFFFFFFFFFFFFFFFFFFFFFFFFFFFFFFFFFFFFFFFFFF
310
FFFFFFFFFFFFFFFFFFFFFFFFFFFFFFFFFFFFFFFFFFFFFFFFFFFFFFFFFFFFFFFF
310
FFFFFFFFFFFFFFFFFFFFFFFFFFFFFFFFFFFFFFFFFFFFFFFFFFFFFFFFFFFFFFFF
310
FFFFFFFFFFFFFFFFFFFFFFFFFFFFFFFFFFFFFFFFFFFFFFFFFFFFFFFFFFFFFFFF
310
FFFFFFFFFFFFFFFFFFFFFFFFFFFFFFFFFFFFFFFFFFFFFFFFFFFFFFFFFFFFFFFF
310
FFFFFFFFFFFFFFFFFFFFFFFFFFFFFFFFFFFFFFFFFFFFFFFFFFFFFFFFFFFFFFFF
310
FFFFFFFFFFFFFFFFFFFFFFFFFFFFFFFFFFFFFFFFFFFFFFFFFFFFFFFFFFFFFFFF
310
FFFFFFFFFFFFFFFFFFFFFFFFFFFFFFFFFFFFFFFFFFFFFFFFFFFFFFFFFFFFFFFF
310
FFFFFFFFFFFFFFFFFFFFFFFFFFFFFFFFFFFFFFFFFFFFFFFFFFFFFFFFFFFFFFFF
310
FFFFFFFFFFFFFFFFFFFFFFFFFFFFFFFFFFFFFFFFFFFFFFFFFFFFFFFFFFFFFFFF
310
FFFFFFFFFFFFFFFFFFFFFFFFFFFFFFFFFFFFFFFFFFFFFFFFFFFFFFFFFFFFFFFF
310
FFFFFFFFFFFFFFFFFFFFFFFFFFFFFFFFFFFFFFFFFFFFFFFFFFFFFFFFFFFFFFFF
310
FFFFFFFFFFFFFFFFFFFFFFFFFFFFFFFFFFFFFFFFFFFFFFFFFFFFFFFFFFFFFFFF
310
FFFFFFFFFFFFFFFFFFFFFFFFFFFFFFFFFFFFFFFFFFFFFFFFFFFFFFFFFFFFFFFF
310
FF00FFFFFFFFFFFFFFFFFFFFFFFFFFFFFFFFFFFFFFFFFFFFFFFFFFFFFFFFFFFF
310
FFFFFFFFFFFFFFFFFFFFFFFFFFFFFFFFFFFFFFFFFFFFFFFFFFFFFFFFFFFFFFFF
310
FFFFFFFFFFFFFFFFFFFFFFFFFFFFFFFFFFFFFFFFFFFFFFFFFFFFFFFFFFFFFFFF
310
FFFFFFFFFFFFFFFFFFFFFFFFFFFFFFFFFFFFFFFFFFFFFFFFFFFFFFFFFFFFFFFF
310
FFFFFFFFFFFFFFFFFFFFFFFFFFFFFFFFFFFFFFFFFFFFFFFFFFFFFFFFFFFFFFFF
310
FFFFFFFFFFFFFFFFFFFFFFFFFFFFFFFFFFFFFFFFFFFFFFFFFFFFFFFFFFFFFFFF
310
FFFFFFFFFFFFFFFFFFFFFFFFFFFFFFFFFFFFFFFFFFFFFFFFFFFFFFFFFFFFFFFF
310
FFFFFFFFFFFFFFFFFFFFFFFFFFFFFFFFFFFFFFFFFFFFFFFFFFFFFFFFFFFFFFFF
310
FFFFFFFFFFFFFFFFFFFFFFFFFFFFFFFFFFFFFFFFFFFFFFFFFFFFFFFFFFFFFFFF
310
FFFFFFFFFFFFFFFFFFFFFFFFFFFFFFFFFFFFFFFFFFFFFFFFFFFFFFFFFFFFFFFF
310
FFFFFFFFFFFFFFFFFFFFFFFFFFFFFFFFFFFFFFFFFFFFFFFFFFFFFFFFFFFFFFFF
310
FFFFFFFFFFFFFFFFFFFFFFFFFFFFFFFFFFFFFFFFFFFFFFFFFFFFFFFFFFFFFFFF
310
FFFFFFFFFFFFFFFFFFFFFFFFFFFFFFFFFFFFFFFFFFFFFFFFFFFFFFFFFFFFFFFF
310
FFFFFFFFFFFFFFFFFFFFFFFFFFFFFFFFFFFFFFFFFFFFFFFFFFFFFFFFFFFFFFFF
310
FFFFFFFFFFFFFFFFFFFFFFFFFFFFFFFFFFFFFFFFFFFFFFFFFFFFFFFFFFFFFFFF
310
FFFFFFFFFFFFFFFFFFFFFFFFFFFFFFFFFFFFFFFFFFFFFFFFFFFFFFFFFFFFFFFF
310
FFFFFFFFFFFFFFFFFFFFFFFFFFFFFFFFFFFFFFFFFFFFFFFFFFFFFFFFFFFFFFFF
310
FFFFFFFFFFFFFFFFFFFFFFFFFFFFFFFFFFFFFFFFFFFFFFFFFFFFFFFFFFFFFFFF
310
FFFFFFFFFFFFFFFFFFFFFFFFFFFFFFFFFFFFFFFFFFFFFFFFFFFFFFFFFFFFFFFF
310
FFFFFFFFFFFFFFFFFFFFFFFFFFFFFFFFFFFFFFFFFFFFFFFFFFFFFFFFFFFFFFFF
310
FFFFFFFFFFFFFFFFFFFFFFFFFFFFFFFFFFFFFFFFFFFFFFFFFFFFFFFFFFFFFFFF
310
FFFFFFFFFFFFFFFFFFFFFFFFFFFFFFFFFFFFFFFFFFFFFFFFFFFFFFFFFFFFFFFF
310
FFFFFFFFFFFFFFFFFFFFFFFFFFFFFFFFFFFFFFFFFFFFFFFFFFFFFFFFFFFFFFFF
310
FFFFFFFFFFFFFFFFFFFFFFFFFFFFFFFFFFFFFFFFFFFFFFFFFFFFFFFFFFFFFFFF
310
FFFFFFFFFFFFFFFFFFFFFFFFFFFFFFFFFFFFFFFFFFFFFFFFFFFFFFFFFFFFFFFF
310
FFFFFFFFFFFFFFFFFFFFFFFFFFFFFFFFFFFFFFFFFFFFFFFFFFFFFFFFFFFFFFFF
310
FFFFFFFFFFFFFFFFFFFFFFFFFFFFFFFFFFFFFFFFFFFFFFFFFFFFFFFFFFFFFFFF
310
FFFFFFFFFFFFFFFFFFFFFFFFFFFFFFFFFFFFFFFFFFFFFFFFFFFFFFFFFFFFFFFF
310
FFFFFFFFFFFFFFFFFFFFFFFFFFFFFFFFFFFFFFFFFFFFFFFFFFFFFFFFFFFFFFFF
310
FFFFFFFFFFFFFFFFFFFFFFFFFFFFFFFFFFFFFFFFFFFFFFFFFFFFFFFFFFFFFFFF
310
FFFFFFFFFFFFFFFFFFFFFFFFFFFFFFFFFF00FFFFFFFFFFFFFFFFFFFFFFFFFFFF
310
FFFFFFFFFFFFFFFFFFFFFFFFFFFFFFFFFFFFFFFFFFFFFFFFFFFFFFFFFFFFFFFF
310
FFFFFFFFFFFFFFFFFFFFFFFFFFFFFFFFFFFFFFFFFFFFFFFFFFFFFFFFFFFFFFFF
310
FFFFFFFFFFFFFFFFFFFFFFFFFFFFFFFFFFFFFFFFFFFFFFFFFFFFFFFFFFFFFFFF
310
FFFFFFFFFFFFFFFFFFFFFFFFFFFFFFFFFFFFFFFFFFFFFFFFFFFFFFFFFFFFFFFF
310
FFFFFFFFFFFFFFFFFFFFFFFFFFFFFFFFFFFFFFFFFFFFFFFFFFFFFFFFFFFFFFFF
310
FFFFFFFFFFFFFFFFFFFFFFFFFFFFFFFFFFFFFFFFFFFFFFFFFFFFFFFFFFFFFFFF
310
FFFFFFFFFFFFFFFFFFFFFFFFFFFFFFFFFFFFFFFFFFFFFFFFFFFFFFFFFFFFFFFF
310
FFFFFFFFFFFFFFFFFFFFFFFFFFFFFFFFFFFFFFFFFFFFFFFFFFFFFFFFFFFFFFFF
310
FFFFFFFFFFFFFFFFFFFFFFFFFFFFFFFFFFFFFFFFFFFFFFFFFFFFFFFFFFFFFFFF
310
FFFFFFFFFFFFFFFFFFFFFFFFFFFFFFFFFFFFFFFFFFFFFFFFFFFFFFFFFFFFFFFF
310
FFFFFFFFFFFFFFFFFFFFFFFFFFFFFFFFFFFFFFFFFFFFFFFFFFFFFFFFFFFFFFFF
310
FFFFFFFFFFFFFFFFFFFFFFFFFFFFFFFFFFFFFFFFFFFFFFFFFFFFFFFFFFFFFFFF
310
FFFFFFFFFFFFFFFFFFFFFFFFFFFFFFFFFFFFFFFFFFFFFFFFFFFFFFFFFFFFFFFF
310
FFFFFFFFFFFFFFFFFFFFFFFFFFFFFFFFFFFFFFFFFFFFFFFFFFFFFFFFFFFFFFFF
310
FFFFFFFFFFFFFFFFFFFFFFFFFFFFFFFFFFFFFFFFFFFFFFFFFFFFFFFFFFFFFFFF
310
FFFFFFFFFFFFFFFFFFFFFFFFFFFFFFFFFFFFFFFFFFFFFFFFFFFFFFFFFFFFFFFF
310
FFFFFFFFFFFFFFFFFFFFFFFFFFFFFFFFFFFFFFFFFFFFFFFFFFFFFFFFFFFFFFFF
310
FFFFFFFFFFFFFFFFFFFFFFFFFFFFFFFFFFFFFFFFFFFFFFFFFFFFFFFFFFFFFFFF
310
FFFFFFFFFFFFFFFFFFFFFFFFFFFFFFFFFFFFFFFFFFFFFFFFFFFFFFFFFFFFFFFF
310
FFFFFFFFFFFFFFFFFFFFFFFFFFFFFFFFFFFFFFFFFFFFFFFFFFFFFFFFFFFFFFFF
310
FFFFFFFFFFFFFFFFFFFFFFFFFFFFFFFFFFFFFFFFFFFFFFFFFFFFFFFFFFFFFFFF
310
FFFFFFFFFFFFFFFFFFFFFFFFFFFFFFFFFFFFFFFFFFFFFFFFFFFFFFFFFFFFFFFF
310
FFFFFFFFFFFFFFFFFFFFFFFFFFFFFFFFFFFFFFFFFFFFFFFFFFFFFFFFFFFFFFFF
310
FFFFFFFFFFFFFFFFFFFFFFFFFFFFFFFFFFFFFFFFFFFFFFFFFFFFFFFFFFFFFFFF
310
FFFFFFFFFFFFFFFFFFFFFFFFFFFFFFFFFFFFFFFFFFFFFFFFFFFFFFFFFFFFFFFF
310
FFFFFFFFFFFFFFFFFFFFFFFFFFFFFFFFFFFFFFFFFFFFFFFFFFFFFFFFFFFFFFFF
310
FFFFFFFFFFFFFFFFFFFFFFFFFFFFFFFFFFFFFFFFFFFFFFFFFFFFFFFFFFFFFFFF
310
FFFFFFFFFFFFFFFFFFFFFFFFFFFFFFFFFFFFFFFFFFFFFFFFFFFFFFFFFFFFFFFF
310
FFFFFFFFFFFFFFFFFFFFFFFFFFFFFFFFFFFFFFFFFFFFFFFFFFFFFFFFFFFFFFFF
310
FFFFFFFFFFFFFFFFFFFFFFFFFFFFFFFFFFFFFFFFFFFFFFFFFFFFFFFFFFFFFFFF
310
FF00FFFFFFFFFFFFFFFFFFFFFFFFFFFFFFFFFFFFFFFFFFFFFFFFFFFFFFFFFFFF
310
FFFFFFFFFFFFFFFFFFFFFFFFFFFFFFFFFFFFFFFFFFFFFFFFFFFFFFFFFFFFFFFF
310
FFFFFFFFFFFFFFFFFFFFFFFFFFFFFFFFFFFFFFFFFFFFFFFFFFFFFFFFFFFFFFFF
310
FFFFFFFFFFFFFFFFFFFFFFFFFFFFFFFFFFFFFFFFFFFFFFFFFFFFFFFFFFFFFFFF
310
FFFFFFFFFFFFFFFFFFFFFFFFFFFFFFFFFFFFFFFFFFFFFFFFFFFFFFFFFFFFFFFF
310
FFFFFFFFFFFFFFFFFFFFFFFFFFFFFFFFFFFFFFFFFFFFFFFFFFFFFFFFFFFFFFFF
310
FFFFFFFFFFFFFFFFFFFFFFFFFFFFFFFFFFFFFFFFFFFFFFFFFFFFFFFFFFFFFFFF
310
FFFFFFFFFFFFFFFFFFFFFFFFFFFFFFFFFFFFFFFFFFFFFFFFFFFFFFFFFFFFFFFF
310
FFFFFFFFFFFFFFFFFFFFFFFFFFFFFFFFFFFFFFFFFFFFFFFFFFFFFFFFFFFFFFFF
310
FFFFFFFFFFFFFFFFFFFFFFFFFFFFFFFFFFFFFFFFFFFFFFFFFFFFFFFFFFFFFFFF
310
FFFFFFFFFFFFFFFFFFFFFFFFFFFFFFFFFFFFFFFFFFFFFFFFFFFFFFFFFFFFFFFF
310
FFFFFFFFFFFFFFFFFFFFFFFFFFFFFFFFFFFFFFFFFFFFFFFFFFFFFFFFFFFFFFFF
310
FFFFFFFFFFFFFFFFFFFFFFFFFFFFFFFFFFFFFFFFFFFFFFFFFFFFFFFFFFFFFFFF
310
FFFFFFFFFFFFFFFFFFFFFFFFFFFFFFFFFFFFFFFFFFFFFFFFFFFFFFFFFFFFFFFF
310
FFFFFFFFFFFFFFFFFFFFFFFFFFFFFFFFFFFFFFFFFFFFFFFFFFFFFFFFFFFFFFFF
310
FFFFFFFFFFFFFFFFFFFFFFFFFFFFFFFFFFFFFFFFFFFFFFFFFFFFFFFFFFFFFFFF
310
FFFFFFFFFFFFFFFFFFFFFFFFFFFFFFFFFFFFFFFFFFFFFFFFFFFFFFFFFFFFFFFF
310
FFFFFFFFFFFFFFFFFFFFFFFFFFFFFFFFFFFFFFFFFFFFFFFFFFFFFFFFFFFFFFFF
310
FFFFFFFFFFFFFFFFFFFFFFFFFFFFFFFFFFFFFFFFFFFFFFFFFFFFFFFFFFFFFFFF
310
FFFFFFFFFFFFFFFFFFFFFFFFFFFFFFFFFFFFFFFFFFFFFFFFFFFFFFFFFFFFFFFF
310
FFFFFFFFFFFFFFFFFFFFFFFFFFFFFFFFFFFFFFFFFFFFFFFFFFFFFFFFFFFFFFFF
310
FFFFFFFFFFFFFFFFFFFFFFFFFFFFFFFFFFFFFFFFFFFFFFFFFFFFFFFFFFFFFFFF
310
FFFFFFFFFFFFFFFFFFFFFFFFFFFFFFFFFFFFFFFFFFFFFFFFFFFFFFFFFFFFFFFF
310
FFFFFFFFFFFFFFFFFFFFFFFFFFFFFFFFFFFFFFFFFFFFFFFFFFFFFFFFFFFFFFFF
310
FFFFFFFFFFFFFFFFFFFFFFFFFFFFFFFFFFFFFFFFFFFFFFFFFFFFFFFFFFFFFFFF
310
FFFFFFFFFFFFFFFFFFFFFFFFFFFFFFFFFFFFFFFFFFFFFFFFFFFFFFFFFFFFFFFF
310
FFFFFFFFFFFFFFFFFFFFFFFFFFFFFFFFFFFFFFFFFFFFFFFFFFFFFFFFFFFFFFFF
310
FFFFFFFFFFFFFFFFFFFFFFFFFFFFFFFFFFFFFFFFFFFFFFFFFFFFFFFFFFFFFFFF
310
FFFFFFFFFFFFFFFFFFFFFFFFFFFFFFFFFFFFFFFFFFFFFFFFFFFFFFFFFFFFFFFF
310
FFFFFFFFFFFFFFFFFFFFFFFFFFFFFFFFFFFFFFFFFFFFFFFFFFFFFFFFFFFFFFFF
310
FFFFFFFFFFFFFFFFFFFFFFFFFFFFFFFFFF00FFFFFFFFFFFFFFFFFFFFFFFFFFFF
310
FFFFFFFFFFFFFFFFFFFFFFFFFFFFFFFFFFFFFFFFFFFFFFFFFFFFFFFFFFFFFFFF
310
FFFFFFFFFFFFFFFFFFFFFFFFFFFFFFFFFFFFFFFFFFFFFFFFFFFFFFFFFFFFFFFF
310
FFFFFFFFFFFFFFFFFFFFFFFFFFFFFFFFFFFFFFFFFFFFFFFFFFFFFFFFFFFFFFFF
310
FFFFFFFFFFFFFFFFFFFFFFFFFFFFFFFFFFFFFFFFFFFFFFFFFFFFFFFFFFFFFFFF
310
FFFFFFFFFFFFFFFFFFFFFFFFFFFFFFFFFFFFFFFFFFFFFFFFFFFFFFFFFFFFFFFF
310
FFFFFFFFFFFFFFFFFFFFFFFFFFFFFFFFFFFFFFFFFFFFFFFFFFFFFFFFFFFFFFFF
310
FFFFFFFFFFFFFFFFFFFFFFFFFFFFFFFFFFFFFFFFFFFFFFFFFFFFFFFFFFFFFFFF
310
FFFFFFFFFFFFFFFFFFFFFFFFFFFFFFFFFFFFFFFFFFFFFFFFFFFFFFFFFFFFFFFF
310
FFFFFFFFFFFFFFFFFFFFFFFFFFFFFFFFFFFFFFFFFFFFFFFFFFFFFFFFFFFFFFFF
310
FFFFFFFFFFFFFFFFFFFFFFFFFFFFFFFFFFFFFFFFFFFFFFFFFFFFFFFFFFFFFFFF
310
FFFFFFFFFFFFFFFFFFFFFFFFFFFFFFFFFFFFFFFFFFFFFFFFFFFFFFFFFFFFFFFF
310
FFFFFFFFFFFFFFFFFFFFFFFFFFFFFFFFFFFFFFFFFFFFFFFFFFFFFFFFFFFFFFFF
310
FFFFFFFFFFFFFFFFFFFFFFFFFFFFFFFFFFFFFFFFFFFFFFFFFFFFFFFFFFFFFFFF
310
FFFFFFFFFFFFFFFFFFFFFFFFFFFFFFFFFFFFFFFFFFFFFFFFFFFFFFFFFFFFFFFF
310
FFFFFFFFFFFFFFFFFFFFFFFFFFFFFFFFFFFFFFFFFFFFFFFFFFFFFFFFFFFFFFFF
310
FFFFFFFFFFFFFFFFFFFFFFFFFFFFFFFFFFFFFFFFFFFFFFFFFFFFFFFFFFFFFFFF
310
FFFFFFFFFFFFFFFFFFFFFFFFFFFFFFFFFFFFFFFFFFFFFFFFFFFFFFFFFFFFFFFF
310
FFFFFFFFFFFFFFFFFFFFFFFFFFFFFFFFFFFFFFFFFFFFFFFFFFFFFFFFFFFFFFFF
310
FFFFFFFFFFFFFFFFFFFFFFFFFFFFFFFFFFFFFFFFFFFFFFFFFFFFFFFFFFFFFFFF
310
FFFFFFFFFFFFFFFFFFFFFFFFFFFFFFFFFFFFFFFFFFFFFFFFFFFFFFFFFFFFFFFF
310
FFFFFFFFFFFFFFFFFFFFFFFFFFFFFFFFFFFFFFFFFFFFFFFFFFFFFFFFFFFFFFFF
310
FFFFFFFFFFFFFFFFFFFFFFFFFFFFFFFFFFFFFFFFFFFFFFFFFFFFFFFFFFFFFFFF
310
FFFFFFFFFFFFFFFFFFFFFFFFFFFFFFFFFFFFFFFFFFFFFFFFFFFFFFFFFFFFFFFF
310
FFFFFFFFFFFFFFFFFFFFFFFFFFFFFFFFFFFFFFFFFFFFFFFFFFFFFFFFFFFFFFFF
310
FFFFFFFFFFFFFFFFFFFFFFFFFFFFFFFFFFFFFFFFFFFFFFFFFFFFFFFFFFFFFFFF
310
FFFFFFFFFFFFFFFFFFFFFFFFFFFFFFFFFFFFFFFFFFFFFFFFFFFFFFFFFFFFFFFF
310
FFFFFFFFFFFFFFFFFFFFFFFFFFFFFFFFFFFFFFFFFFFFFFFFFFFFFFFFFFFFFFFF
310
FFFFFFFFFFFFFFFFFFFFFFFFFFFFFFFFFFFFFFFFFFFFFFFFFFFFFFFFFFFFFFFF
310
FFFFFFFFFFFFFFFFFFFFFFFFFFFFFFFFFFFFFFFFFFFFFFFFFFFFFFFFFFFFFFFF
310
FFFFFFFFFFFFFFFFFFFFFFFFFFFFFFFFFFFFFFFFFFFFFFFFFFFFFFFFFFFFFFFF
310
FF00FFFFFFFFFFFFFFFFFFFFFFFFFFFFFFFFFFFFFFFFFFFFFFFFFFFFFFFFFFFF
310
FFFFFFFFFFFFFFFFFFFFFFFFFFFFFFFFFFFFFFFFFFFFFFFFFFFFFFFFFFFFFFFF
310
FFFFFFFFFFFFFFFFFFFFFFFFFFFFFFFFFFFFFFFFFFFFFFFFFFFFFFFFFFFFFFFF
310
FFFFFFFFFFFFFFFFFFFFFFFFFFFFFFFFFFFFFFFFFFFFFFFFFFFFFFFFFFFFFFFF
310
FFFFFFFFFFFFFFFFFFFFFFFFFFFFFFFFFFFFFFFFFFFFFFFFFFFFFFFFFFFFFFFF
310
FFFFFFFFFFFFFFFFFFFFFFFFFFFFFFFFFFFFFFFFFFFFFFFFFFFFFFFFFFFFFFFF
310
FFFFFFFFFFFFFFFFFFFFFFFFFFFFFFFFFFFFFFFFFFFFFFFFFFFFFFFFFFFFFFFF
310
FFFFFFFFFFFFFFFFFFFFFFFFFFFFFFFFFFFFFFFFFFFFFFFFFFFFFFFFFFFFFFFF
310
FFFFFFFFFFFFFFFFFFFFFFFFFFFFFFFFFFFFFFFFFFFFFFFFFFFFFFFFFFFFFFFF
310
FFFFFFFFFFFFFFFFFFFFFFFFFFFFFFFFFFFFFFFFFFFFFFFFFFFFFFFFFFFFFFFF
310
FFFFFFFFFFFFFFFFFFFFFFFFFFFFFFFFFFFFFFFFFFFFFFFFFFFFFFFFFFFFFFFF
310
FFFFFFFFFFFFFFFFFFFFFFFFFFFFFFFFFFFFFFFFFFFFFFFFFFFFFFFFFFFFFFFF
310
FFFFFFFFFFFFFFFFFFFFFFFFFFFFFFFFFFFFFFFFFFFFFFFFFFFFFFFFFFFFFFFF
310
FFFFFFFFFFFFFFFFFFFFFFFFFFFFFFFFFFFFFFFFFFFFFFFFFFFFFFFFFFFFFFFF
310
FFFFFFFFFFFFFFFFFFFFFFFFFFFFFFFFFFFFFFFFFFFFFFFFFFFFFFFFFFFFFFFF
310
FFFFFFFFFFFFFFFFFFFFFFFFFFFFFFFFFFFFFFFFFFFFFFFFFFFFFFFFFFFFFFFF
310
FFFFFFFFFFFFFFFFFFFFFFFFFFFFFFFFFFFFFFFFFFFFFFFFFFFFFFFFFFFFFFFF
310
FFFFFFFFFFFFFFFFFFFFFFFFFFFFFFFFFFFFFFFFFFFFFFFFFFFFFFFFFFFFFFFF
310
FFFFFFFFFFFFFFFFFFFFFFFFFFFFFFFFFFFFFFFFFFFFFFFFFFFFFFFFFFFFFFFF
310
FFFFFFFFFFFFFFFFFFFFFFFFFFFFFFFFFFFFFFFFFFFFFFFFFFFFFFFFFFFFFFFF
310
FFFFFFFFFFFFFFFFFFFFFFFFFFFFFFFFFFFFFFFFFFFFFFFFFFFFFFFFFFFFFFFF
310
FFFFFFFFFFFFFFFFFFFFFFFFFFFFFFFFFFFFFFFFFFFFFFFFFFFFFFFFFFFFFFFF
310
FFFFFFFFFFFFFFFFFFFFFFFFFFFFFFFFFFFFFFFFFFFFFFFFFFFFFFFFFFFFFFFF
310
FFFFFFFFFFFFFFFFFFFFFFFFFFFFFFFFFFFFFFFFFFFFFFFFFFFFFFFFFFFFFFFF
310
FFFFFFFFFFFFFFFFFFFFFFFFFFFFFFFFFFFFFFFFFFFFFFFFFFFFFFFFFFFFFFFF
310
FFFFFFFFFFFFFFFFFFFFFFFFFFFFFFFFFFFFFFFFFFFFFFFFFFFFFFFFFFFFFFFF
310
FFFFFFFFFFFFFFFFFFFFFFFFFFFFFFFFFFFFFFFFFFFFFFFFFFFFFFFFFFFFFFFF
310
FFFFFFFFFFFFFFFFFFFFFFFFFFFFFFFFFFFFFFFFFFFFFFFFFFFFFFFFFFFFFFFF
310
FFFFFFFFFFFFFFFFFFFFFFFFFFFFFFFFFFFFFFFFFFFFFFFFFFFFFFFFFFFFFFFF
310
FFFFFFFFFFFFFFFFFFFFFFFFFFFFFFFFFFFFFFFFFFFFFFFFFFFFFFFFFFFFFFFF
310
FFFFFFFFFFFFFFFFFFFFFFFFFFFFFFFFFF00FFFFFFFFFFFFFFFFFFFFFFFFFFFF
310
FFFFFFFFFFFFFFFFFFFFFFFFFFFFFFFFFFFFFFFFFFFFFFFFFFFFFFFFFFFFFFFF
310
FFFFFFFFFFFFFFFFFFFFFFFFFFFFFFFFFFEFF7FFBDC6F78CA5EF637BE74A6BDE
310
3152D62952DE294AD62952DE294AD62952D62952D6395ADE4A6BDE6B8CE794AD
310
EFCED6FFF7F7FFFFFFFFFFFFFFFFFFFFFFFFFFFFFFFFFFFFFFFFFFFFFFFFFFFF
310
FFFFFFFFFFFFFFFFFFFFFFFFFFFFFFFFFFFFFFFFFFFFFFFFFFFFFFFFFFFFFFFF
310
FFFFFFFFFFFFFFFFFFFFFFFFFFFFFFFFFFFFFFFFFFFFFFFFFFFFFFFFFFFFFFFF
310
FFFFFFFFFFFFFFFFFFFFFFFFFFFFFFFFFFFFFFFFFFFFFFFFFFFFFFFFFFFFFFFF
310
FFFFFFFFFFFFFFFFFFFFFFFFFFFFFFFFFFFFFFFFFFFFFFFFFFFFFFFFFFFFFFFF
310
FFFFFFFFFFFFFFFFFFFFFFFFFFFFFFFFFFFFFFFFFFFFFFFFFFFFFFFFFFFFFFFF
310
FFFFFFFFFFFFFFFFFFFFFFFFFFFFFFFFFFFFFFFFFFFFFFFFFFFFFFFFFFFFFFFF
310
FFFFFFFFFFFFFFFFFFFFFFFFFFFFFFFFFFFFFFFFFFFFFFFFFFFFFFFFFFFFFFFF
310
FFFFFFFFFFFFFFFFFFFFFFFFFFFFFFFFFFFFFFFFFFFFFFFFFFFFFFFFFFFFFFFF
310
FFFFFFFFFFFFFFFFFFFFFFFFFFFFFFFFFFFFFFFFFFFFFFFFFFFFFFFFFFFFFFFF
310
FFFFFFFFFFFFFFFFFFFFFFFFFFFFFFFFFFFFFFFFFFFFFFFFFFFFFFFFFFFFFFFF
310
FFFFFFFFFFFFFFFFFFFFFFFFFFFFFFFFFFFFFFFFFFFFFFFFFFFFFFFFFFFFFFFF
310
FFFFFFFFFFFFFFFFFFFFFFFFFFFFFFFFFFFFFFFFFFFFFFFFFFFFFFFFFFFFFFFF
310
FFFFFFFFFFFFFFFFFFFFFFFFFFFFFFFFFFFFFFFFFFFFFFFFFFFFFFFFFFFFFFFF
310
FFFFFFFFFFFFFFFFFFFFFFFFFFFFFFFFFFFFFFFFFFFFFFFFFFFFFFFFFFFFFFFF
310
FFFFFFFFFFFFFFFFFFFFFFFFFFFFFFFFFFFFFFFFFFFFFFFFFFFFFFFFFFFFFFFF
310
FFFFFFFFFFFFFFFFFFFFFFFFFFFFFFFFFFFFFFFFFFFFFFFFFFFFFFFFFFFFFFFF
310
FFFFFFFFFFFFFFFFFFFFFFFFFFFFFFFFFFFFFFFFFFFFFFFFFFFFFFFFFFFFFFFF
310
FFFFFFFFFFFFFFFFFFFFFFFFFFFFFFFFFFFFFFFFFFFFFFFFFFFFFFFFFFFFFFFF
310
FFFFFFFFFFFFFFFFFFFFFFFFFFFFFFFFFFFFFFFFFFFFFFFFFFFFFFFFFFFFFFFF
310
FFFFFFFFFFFFFFFFFFFFFFFFFFFFFFFFFFFFFFFFFFFFFFFFFFFFFFFFFFFFFFFF
310
FFFFFFFFFFFFFFFFFFFFFFFFFFFFFFFFFFFFFFFFFFFFFFFFFFFFFFFFFFFFFFFF
310
FFFFFFFFFFFFFFFFFFFFFFFFFFFFFFFFFFFFFFFFFFFFFFFFFFFFFFFFFFFFFFFF
310
FFFFFFFFFFFFFFFFFFFFFFFFFFFFFFFFFFFFFFFFFFFFFFFFFFFFFFFFFFFFFFFF
310
FFFFFFFFFFFFFFFFFFFFFFFFFFFFFFFFFFFFFFFFFFFFFFFFFFFFFFFFFFFFFFFF
310
FFFFFFFFFFFFFFFFFFFFFFFFFFFFFFFFFFFFFFFFFFFFFFFFFFFFFFFFFFFFFFFF
310
FFFFFFFFFFFFFFFFFFFFFFFFFFFFFFFFFFFFFFFFFFFFFFFFFFFFFFFFFFFFFFFF
310
FF00FFFFFFFFFFFFFFFFFFFFFFFFFFFFFFFFFFFFFFFFFFFFFFFFFFFFFFFFFFFF
310
FFFFFFFFFFFFFFFFFFFFFFFFFFFFFFFFFFFFFFFFFFFFFFFFFFFFFFB5C6F7738C
310
EF395ADE2952DE294AD62952DE2952D62952DE294AD62952DE2952D62952DE29
310
4AD62952DE2952D62952DE294AD62952DE2952D64A6BDE849CE7D6DEFFFFFFFF
310
FFFFFFFFFFFFFFFFFFFFFFFFFFFFFFFFFFFFFFFFFFFFFFFFFFFFFFFFFFFFFFFF
310
FFFFFFFFFFFFFFFFFFFFFFFFFFFFFFFFFFFFFFFFFFFFFFFFFFFFFFFFFFFFFFFF
310
FFFFFFFFFFFFFFFFFFFFFFFFFFFFFFFFFFFFFFFFFFFFFFFFFFFFFFFFFFFFFFFF
310
FFFFFFFFFFFFFFFFFFFFFFFFFFFFFFFFFFFFFFFFFFFFFFFFFFFFFFFFFFFFFFFF
310
FFFFFFFFFFFFFFFFFFFFFFFFFFFFFFFFFFFFFFFFFFFFFFFFFFFFFFFFFFFFFFFF
310
FFFFFFFFFFFFFFFFFFFFFFFFFFFFFFFFFFFFFFFFFFFFFFFFFFFFFFFFFFFFFFFF
310
FFFFFFFFFFFFFFFFFFFFFFFFFFFFFFFFFFFFFFFFFFFFFFFFFFFFFFFFFFFFFFFF
310
FFFFFFFFFFFFFFFFFFFFFFFFFFFFFFFFFFFFFFFFFFFFFFFFFFFFFFFFFFFFFFFF
310
FFFFFFFFFFFFFFFFFFFFFFFFFFFFFFFFFFFFFFFFFFFFFFFFFFFFFFFFFFFFFFFF
310
FFFFFFFFFFFFFFFFFFFFFFFFFFFFFFFFFFFFFFFFFFFFFFFFFFFFFFFFFFFFFFFF
310
FFFFFFFFFFFFFFFFFFFFFFFFFFFFFFFFFFFFFFFFFFFFFFFFFFFFFFFFFFFFFFFF
310
FFFFFFFFFFFFFFFFFFFFFFFFFFFFFFFFFFFFFFFFFFFFFFFFFFFFFFFFFFFFFFFF
310
FFFFFFFFFFFFFFFFFFFFFFFFFFFFFFFFFFFFFFFFFFFFFFFFFFFFFFFFFFFFFFFF
310
FFFFFFFFFFFFFFFFFFFFFFFFFFFFFFFFFFFFFFFFFFFFFFFFFFFFFFFFFFFFFFFF
310
FFFFFFFFFFFFFFFFFFFFFFFFFFFFFFFFFFFFFFFFFFFFFFFFFFFFFFFFFFFFFFFF
310
FFFFFFFFFFFFFFFFFFFFFFFFFFFFFFFFFFFFFFFFFFFFFFFFFFFFFFFFFFFFFFFF
310
FFFFFFFFFFFFFFFFFFFFFFFFFFFFFFFFFFFFFFFFFFFFFFFFFFFFFFFFFFFFFFFF
310
FFFFFFFFFFFFFFFFFFFFFFFFFFFFFFFFFFFFFFFFFFFFFFFFFFFFFFFFFFFFFFFF
310
FFFFFFFFFFFFFFFFFFFFFFFFFFFFFFFFFFFFFFFFFFFFFFFFFFFFFFFFFFFFFFFF
310
FFFFFFFFFFFFFFFFFFFFFFFFFFFFFFFFFFFFFFFFFFFFFFFFFFFFFFFFFFFFFFFF
310
FFFFFFFFFFFFFFFFFFFFFFFFFFFFFFFFFFFFFFFFFFFFFFFFFFFFFFFFFFFFFFFF
310
FFFFFFFFFFFFFFFFFFFFFFFFFFFFFFFFFFFFFFFFFFFFFFFFFFFFFFFFFFFFFFFF
310
FFFFFFFFFFFFFFFFFFFFFFFFFFFFFFFFFFFFFFFFFFFFFFFFFFFFFFFFFFFFFFFF
310
FFFFFFFFFFFFFFFFFFFFFFFFFFFFFFFFFFFFFFFFFFFFFFFFFFFFFFFFFFFFFFFF
310
FFFFFFFFFFFFFFFFFFFFFFFFFFFFFFFFFFFFFFFFFFFFFFFFFFFFFFFFFFFFFFFF
310
FFFFFFFFFFFFFFFFFFFFFFFFFFFFFFFFFFFFFFFFFFFFFFFFFFFFFFFFFFFFFFFF
310
FFFFFFFFFFFFFFFFFFFFFFFFFFFFFFFFFF00FFFFFFFFFFFFFFFFFFFFFFFFFFFF
310
FFFFFFFFFFFFFFFFFFFFFFFFFFFFFFFFFFFFFFFFFFFFFFFFFFFFFFFFFFFFFFFF
310
FFFFEFEFFF9CADEF4263DE2952DE294AD62952D6294AD62952DE294AD62952D6
310
294AD62952DE294AD62952D6294AD62952DE294AD62952D6294AD62952DE294A
310
D62952D6294AD62952DE294AD65A7BE7B5C6F7FFFFFFFFFFFFFFFFFFFFFFFFFF
310
FFFFFFFFFFFFFFFFFFFFFFFFFFFFFFFFFFFFFFFFFFFFFFFFFFFFFFFFFFFFFFFF
310
FFFFFFFFFFFFFFFFFFFFFFFFFFFFFFFFFFFFFFFFFFFFFFFFFFFFFFFFFFFFFFFF
310
FFFFFFFFFFFFFFFFFFFFFFFFFFFFFFFFFFFFFFFFFFFFFFFFFFFFFFFFFFFFFFFF
310
FFFFFFFFFFFFFFFFFFFFFFFFFFFFFFFFFFFFFFFFFFFFFFFFFFFFFFFFFFFFFFFF
310
FFFFFFFFFFFFFFFFFFFFFFFFFFFFFFFFFFFFFFFFFFFFFFFFFFFFFFFFFFFFFFFF
310
FFFFFFFFFFFFFFFFFFFFFFFFFFFFFFFFFFFFFFFFFFFFFFFFFFFFFFFFFFFFFFFF
310
FFFFFFFFFFFFFFFFFFFFFFFFFFFFFFFFFFFFFFFFFFFFFFFFFFFFFFFFFFFFFFFF
310
FFFFFFFFFFFFFFFFFFFFFFFFFFFFFFFFFFFFFFFFFFFFFFFFFFFFFFFFFFFFFFFF
310
FFFFFFFFFFFFFFFFFFFFFFFFFFFFFFFFFFFFFFFFFFFFFFFFFFFFFFFFFFFFFFFF
310
FFFFFFFFFFFFFFFFFFFFFFFFFFFFFFFFFFFFFFFFFFFFFFFFFFFFFFFFFFFFFFFF
310
FFFFFFFFFFFFFFFFFFFFFFFFFFFFFFFFFFFFFFFFFFFFFFFFFFFFFFFFFFFFFFFF
310
FFFFFFFFFFFFFFFFFFFFFFFFFFFFFFFFFFFFFFFFFFFFFFFFFFFFFFFFFFFFFFFF
310
FFFFFFFFFFFFFFFFFFFFFFFFFFFFFFFFFFFFFFFFFFFFFFFFFFFFFFFFFFFFFFFF
310
FFFFFFFFFFFFFFFFFFFFFFFFFFFFFFFFFFFFFFFFFFFFFFFFFFFFFFFFFFFFFFFF
310
FFFFFFFFFFFFFFFFFFFFFFFFFFFFFFFFFFFFFFFFFFFFFFFFFFFFFFFFFFFFFFFF
310
FFFFFFFFFFFFFFFFFFFFFFFFFFFFFFFFFFFFFFFFFFFFFFFFFFFFFFFFFFFFFFFF
310
FFFFFFFFFFFFFFFFFFFFFFFFFFFFFFFFFFFFFFFFFFFFFFFFFFFFFFFFFFFFFFFF
310
FFFFFFFFFFFFFFFFFFFFFFFFFFFFFFFFFFFFFFFFFFFFFFFFFFFFFFFFFFFFFFFF
310
FFFFFFFFFFFFFFFFFFFFFFFFFFFFFFFFFFFFFFFFFFFFFFFFFFFFFFFFFFFFFFFF
310
FFFFFFFFFFFFFFFFFFFFFFFFFFFFFFFFFFFFFFFFFFFFFFFFFFFFFFFFFFFFFFFF
310
FFFFFFFFFFFFFFFFFFFFFFFFFFFFFFFFFFFFFFFFFFFFFFFFFFFFFFFFFFFFFFFF
310
FFFFFFFFFFFFFFFFFFFFFFFFFFFFFFFFFFFFFFFFFFFFFFFFFFFFFFFFFFFFFFFF
310
FFFFFFFFFFFFFFFFFFFFFFFFFFFFFFFFFFFFFFFFFFFFFFFFFFFFFFFFFFFFFFFF
310
FFFFFFFFFFFFFFFFFFFFFFFFFFFFFFFFFFFFFFFFFFFFFFFFFFFFFFFFFFFFFFFF
310
FFFFFFFFFFFFFFFFFFFFFFFFFFFFFFFFFFFFFFFFFFFFFFFFFFFFFFFFFFFFFFFF
310
FFFFFFFFFFFFFFFFFFFFFFFFFFFFFFFFFFFFFFFFFFFFFFFFFFFFFFFFFFFFFFFF
310
FF00FFFFFFFFFFFFFFFFFFFFFFFFFFFFFFFFFFFFFFFFFFFFFFFFFFFFFFFFFFFF
310
FFFFFFFFFFFFFFFFFFFFFFFFFFFFFFA5B5EF426BDE294AD62952DE2952D62952
310
DE294AD62952DE2952D62952DE294AD62952DE2952D62952DE294AD62952DE29
310
52D62952DE294AD62952DE2952D62952DE294AD62952DE2952D62952DE294AD6
310
2952DE5A7BE7CED6FFFFFFFFFFFFFFFFFFFFFFFFFFFFFFFFFFFFFFFFFFFFFFFF
310
FFFFFFFFFFFFFFFFFFFFFFFFFFFFFFFFFFFFFFFFFFFFFFFFFFFFFFFFFFFFFFFF
310
FFFFFFFFFFFFFFFFFFFFFFFFFFFFFFFFFFFFFFFFFFFFFFFFFFFFFFFFFFFFFFFF
310
FFFFFFFFFFFFFFFFFFFFFFFFFFFFFFFFFFFFFFFFFFFFFFFFFFFFFFFFFFFFFFFF
310
FFFFFFFFFFFFFFFFFFFFFFFFFFFFFFFFFFFFFFFFFFFFFFFFFFFFFFFFFFFFFFFF
310
FFFFFFFFFFFFFFFFFFFFFFFFFFFFFFFFFFFFFFFFFFFFFFFFFFFFFFFFFFFFFFFF
310
FFFFFFFFFFFFFFFFFFFFFFFFFFFFFFFFFFFFFFFFFFFFFFFFFFFFFFFFFFFFFFFF
310
FFFFFFFFFFFFFFFFFFFFFFFFFFFFFFFFFFFFFFFFFFFFFFFFFFFFFFFFFFFFFFFF
310
FFFFFFFFFFFFFFFFFFFFFFFFFFFFFFFFFFFFFFFFFFFFFFFFFFFFFFFFFFFFFFFF
310
FFFFFFFFFFFFFFFFFFFFFFFFFFFFFFFFFFFFFFFFFFFFFFFFFFFFFFFFFFFFFFFF
310
FFFFFFFFFFFFFFFFFFFFFFFFFFFFFFFFFFFFFFFFFFFFFFFFFFFFFFFFFFFFFFFF
310
FFFFFFFFFFFFFFFFFFFFFFFFFFFFFFFFFFFFFFFFFFFFFFFFFFFFFFFFFFFFFFFF
310
FFFFFFFFFFFFFFFFFFFFFFFFFFFFFFFFFFFFFFFFFFFFFFFFFFFFFFFFFFFFFFFF
310
FFFFFFFFFFFFFFFFFFFFFFFFFFFFFFFFFFFFFFFFFFFFFFFFFFFFFFFFFFFFFFFF
310
FFFFFFFFFFFFFFFFFFFFFFFFFFFFFFFFFFFFFFFFFFFFFFFFFFFFFFFFFFFFFFFF
310
FFFFFFFFFFFFFFFFFFFFFFFFFFFFFFFFFFFFFFFFFFFFFFFFFFFFFFFFFFFFFFFF
310
FFFFFFFFFFFFFFFFFFFFFFFFFFFFFFFFFFFFFFFFFFFFFFFFFFFFFFFFFFFFFFFF
310
FFFFFFFFFFFFFFFFFFFFFFFFFFFFFFFFFFFFFFFFFFFFFFFFFFFFFFFFFFFFFFFF
310
FFFFFFFFFFFFFFFFFFFFFFFFFFFFFFFFFFFFFFFFFFFFFFFFFFFFFFFFFFFFFFFF
310
FFFFFFFFFFFFFFFFFFFFFFFFFFFFFFFFFFFFFFFFFFFFFFFFFFFFFFFFFFFFFFFF
310
FFFFFFFFFFFFFFFFFFFFFFFFFFFFFFFFFFFFFFFFFFFFFFFFFFFFFFFFFFFFFFFF
310
FFFFFFFFFFFFFFFFFFFFFFFFFFFFFFFFFFFFFFFFFFFFFFFFFFFFFFFFFFFFFFFF
310
FFFFFFFFFFFFFFFFFFFFFFFFFFFFFFFFFFFFFFFFFFFFFFFFFFFFFFFFFFFFFFFF
310
FFFFFFFFFFFFFFFFFFFFFFFFFFFFFFFFFFFFFFFFFFFFFFFFFFFFFFFFFFFFFFFF
310
FFFFFFFFFFFFFFFFFFFFFFFFFFFFFFFFFFFFFFFFFFFFFFFFFFFFFFFFFFFFFFFF
310
FFFFFFFFFFFFFFFFFFFFFFFFFFFFFFFFFFFFFFFFFFFFFFFFFFFFFFFFFFFFFFFF
310
FFFFFFFFFFFFFFFFFFFFFFFFFFFFFFFFFF00FFFFFFFFFFFFFFFFFFFFFFFFFFFF
310
FFFFFFFFFFFFFFFFFFFFFFFFFFFFFFFFFFFFFFFFFFFFFFFFFFD6DEFF5A73DE29
310
52D6294AD62952DE294AD62952D6294AD62952DE294AD62952D6294AD62952DE
310
294AD62952D6294AD62952DE294AD62952D6294AD62952DE294AD62952D6294A
310
D62952DE294AD62952D6294AD62952DE294AD62952D6294AD68494EFEFEFFFFF
310
FFFFFFFFFFFFFFFFFFFFFFFFFFFFFFFFFFFFFFFFFFFFFFFFFFFFFFFFFFFFFFFF
310
FFFFFFFFFFFFFFFFFFFFFFFFFFFFFFFFFFFFFFFFFFFFFFFFFFFFFFFFFFFFFFFF
310
FFFFFFFFFFFFFFFFFFFFFFFFFFFFFFFFFFFFFFFFFFFFFFFFFFFFFFFFFFFFFFFF
310
FFFFFFFFFFFFFFFFFFFFFFFFFFFFFFFFFFFFFFFFFFFFFFFFFFFFFFFFFFFFFFFF
310
FFFFFFFFFFFFFFFFFFFFFFFFFFFFFFFFFFFFFFFFFFFFFFFFFFFFFFFFFFFFFFFF
310
FFFFFFFFFFFFFFFFFFFFFFFFFFFFFFFFFFFFFFFFFFFFFFFFFFFFFFFFFFFFFFFF
310
FFFFFFFFFFFFFFFFFFFFFFFFFFFFFFFFFFFFFFFFFFFFFFFFFFFFFFFFFFFFFFFF
310
FFFFFFFFFFFFFFFFFFFFFFFFFFFFFFFFFFFFFFFFFFFFFFFFFFFFFFFFFFFFFFFF
310
FFFFFFFFFFFFFFFFFFFFFFFFFFFFFFFFFFFFFFFFFFFFFFFFFFFFFFFFFFFFFFFF
310
FFFFFFFFFFFFFFFFFFFFFFFFFFFFFFFFFFFFFFFFFFFFFFFFFFFFFFFFFFFFFFFF
310
FFFFFFFFFFFFFFFFFFFFFFFFFFFFFFFFFFFFFFFFFFFFFFFFFFFFFFFFFFFFFFFF
310
FFFFFFFFFFFFFFFFFFFFFFFFFFFFFFFFFFFFFFFFFFFFFFFFFFFFFFFFFFFFFFFF
310
FFFFFFFFFFFFFFFFFFFFFFFFFFFFFFFFFFFFFFFFFFFFFFFFFFFFFFFFFFFFFFFF
310
FFFFFFFFFFFFFFFFFFFFFFFFFFFFFFFFFFFFFFFFFFFFFFFFFFFFFFFFFFFFFFFF
310
FFFFFFFFFFFFFFFFFFFFFFFFFFFFFFFFFFFFFFFFFFFFFFFFFFFFFFFFFFFFFFFF
310
FFFFFFFFFFFFFFFFFFFFFFFFFFFFFFFFFFFFFFFFFFFFFFFFFFFFFFFFFFFFFFFF
310
FFFFFFFFFFFFFFFFFFFFFFFFFFFFFFFFFFFFFFFFFFFFFFFFFFFFFFFFFFFFFFFF
310
FFFFFFFFFFFFFFFFFFFFFFFFFFFFFFFFFFFFFFFFFFFFFFFFFFFFFFFFFFFFFFFF
310
FFFFFFFFFFFFFFFFFFFFFFFFFFFFFFFFFFFFFFFFFFFFFFFFFFFFFFFFFFFFFFFF
310
FFFFFFFFFFFFFFFFFFFFFFFFFFFFFFFFFFFFFFFFFFFFFFFFFFFFFFFFFFFFFFFF
310
FFFFFFFFFFFFFFFFFFFFFFFFFFFFFFFFFFFFFFFFFFFFFFFFFFFFFFFFFFFFFFFF
310
FFFFFFFFFFFFFFFFFFFFFFFFFFFFFFFFFFFFFFFFFFFFFFFFFFFFFFFFFFFFFFFF
310
FFFFFFFFFFFFFFFFFFFFFFFFFFFFFFFFFFFFFFFFFFFFFFFFFFFFFFFFFFFFFFFF
310
FFFFFFFFFFFFFFFFFFFFFFFFFFFFFFFFFFFFFFFFFFFFFFFFFFFFFFFFFFFFFFFF
310
FFFFFFFFFFFFFFFFFFFFFFFFFFFFFFFFFFFFFFFFFFFFFFFFFFFFFFFFFFFFFFFF
310
FFFFFFFFFFFFFFFFFFFFFFFFFFFFFFFFFFFFFFFFFFFFFFFFFFFFFFFFFFFFFFFF
310
FF00FFFFFFFFFFFFFFFFFFFFFFFFFFFFFFFFFFFFFFFFFFFFFFFFFFFFFFFFFFFF
310
FFFFFFFFFFFFA5B5F7315ADE2952DE294AD62952DE2952D62952DE294AD62952
310
DE2952D62952DE294AD62952DE2952D62952DE294AD62952DE2952D62952DE29
310
4AD62952DE2952D62952DE294AD62952DE2952D62952DE294AD62952DE2952D6
310
2952DE294AD62952DE2952D64A6BE7CED6F7FFFFFFFFFFFFFFFFFFFFFFFFFFFF
310
FFFFFFFFFFFFFFFFFFFFFFFFFFFFFFFFFFFFFFFFFFFFFFFFFFFFFFFFFFFFFFFF
310
FFFFFFFFFFFFFFFFFFFFFFFFFFFFFFFFFFFFFFFFFFFFFFFFFFFFFFFFFFFFFFFF
310
FFFFFFFFFFFFFFFFFFFFFFFFFFFFFFFFFFFFFFFFFFFFFFFFFFFFFFFFFFFFFFFF
310
FFFFFFFFFFFFFFFFFFFFFFFFFFFFFFFFFFFFFFFFFFFFFFFFFFFFFFFFFFFFFFFF
310
FFFFFFFFFFFFFFFFFFFFFFFFFFFFFFFFFFFFFFFFFFFFFFFFFFFFFFFFFFFFFFFF
310
FFFFFFFFFFFFFFFFFFFFFFFFFFFFFFFFFFFFFFFFFFFFFFFFFFFFFFFFFFFFFFFF
310
FFFFFFFFFFFFFFFFFFFFFFFFFFFFFFFFFFFFFFFFFFFFFFFFFFFFFFFFFFFFFFFF
310
FFFFFFFFFFFFFFFFFFFFFFFFFFFFFFFFFFFFFFFFFFFFFFFFFFFFFFFFFFFFFFFF
310
FFFFFFFFFFFFFFFFFFFFFFFFFFFFFFFFFFFFFFFFFFFFFFFFFFFFFFFFFFFFFFFF
310
FFFFFFFFFFFFFFFFFFFFFFFFFFFFFFFFFFFFFFFFFFFFFFFFFFFFFFFFFFFFFFFF
310
FFFFFFFFFFFFFFFFFFFFFFFFFFFFFFFFFFFFFFFFFFFFFFFFFFFFFFFFFFFFFFFF
310
FFFFFFFFFFFFFFFFFFFFFFFFFFFFFFFFFFFFFFFFFFFFFFFFFFFFFFFFFFFFFFFF
310
FFFFFFFFFFFFFFFFFFFFFFFFFFFFFFFFFFFFFFFFFFFFFFFFFFFFFFFFFFFFFFFF
310
FFFFFFFFFFFFFFFFFFFFFFFFFFFFFFFFFFFFFFFFFFFFFFFFFFFFFFFFFFFFFFFF
310
FFFFFFFFFFFFFFFFFFFFFFFFFFFFFFFFFFFFFFFFFFFFFFFFFFFFFFFFFFFFFFFF
310
FFFFFFFFFFFFFFFFFFFFFFFFFFFFFFFFFFFFFFFFFFFFFFFFFFFFFFFFFFFFFFFF
310
FFFFFFFFFFFFFFFFFFFFFFFFFFFFFFFFFFFFFFFFFFFFFFFFFFFFFFFFFFFFFFFF
310
FFFFFFFFFFFFFFFFFFFFFFFFFFFFFFFFFFFFFFFFFFFFFFFFFFFFFFFFFFFFFFFF
310
FFFFFFFFFFFFFFFFFFFFFFFFFFFFFFFFFFFFFFFFFFFFFFFFFFFFFFFFFFFFFFFF
310
FFFFFFFFFFFFFFFFFFFFFFFFFFFFFFFFFFFFFFFFFFFFFFFFFFFFFFFFFFFFFFFF
310
FFFFFFFFFFFFFFFFFFFFFFFFFFFFFFFFFFFFFFFFFFFFFFFFFFFFFFFFFFFFFFFF
310
FFFFFFFFFFFFFFFFFFFFFFFFFFFFFFFFFFFFFFFFFFFFFFFFFFFFFFFFFFFFFFFF
310
FFFFFFFFFFFFFFFFFFFFFFFFFFFFFFFFFFFFFFFFFFFFFFFFFFFFFFFFFFFFFFFF
310
FFFFFFFFFFFFFFFFFFFFFFFFFFFFFFFFFFFFFFFFFFFFFFFFFFFFFFFFFFFFFFFF
310
FFFFFFFFFFFFFFFFFFFFFFFFFFFFFFFFFFFFFFFFFFFFFFFFFFFFFFFFFFFFFFFF
310
FFFFFFFFFFFFFFFFFFFFFFFFFFFFFFFFFF00FFFFFFFFFFFFFFFFFFFFFFFFFFFF
310
FFFFFFFFFFFFFFFFFFFFFFFFFFFFFFFFF7FFFF7B94EF294AD62952D6294AD629
310
52DE294AD62952D6294AD62952DE294AD62952D6294AD62952DE294AD62952D6
310
294AD62952DE294AD62952D6294AD62952DE294AD62952D6294AD62952DE294A
310
D62952D6294AD62952DE294AD62952D6294AD62952DE294AD62952D6294AD631
310
5ADEA5B5EFFFFFFFFFFFFFFFFFFFFFFFFFFFFFFFFFFFFFFFFFFFFFFFFFFFFFFF
310
FFFFFFFFFFFFFFFFFFFFFFFFFFFFFFFFFFFFFFFFFFFFFFFFFFFFFFFFFFFFFFFF
310
FFFFFFFFFFFFFFFFFFFFFFFFFFFFFFFFFFFFFFFFFFFFFFFFFFFFFFFFFFFFFFFF
310
FFFFFFFFFFFFFFFFFFFFFFFFFFFFFFFFFFFFFFFFFFFFFFFFFFFFFFFFFFFFFFFF
310
FFFFFFFFFFFFFFFFFFFFFFFFFFFFFFFFFFFFFFFFFFFFFFFFFFFFFFFFFFFFFFFF
310
FFFFFFFFFFFFFFFFFFFFFFFFFFFFFFFFFFFFFFFFFFFFFFFFFFFFFFFFFFFFFFFF
310
FFFFFFFFFFFFFFFFFFFFFFFFFFFFFFFFFFFFFFFFFFFFFFFFFFFFFFFFFFFFFFFF
310
FFFFFFFFFFFFFFFFFFFFFFFFFFFFFFFFFFFFFFFFFFFFFFFFFFFFFFFFFFFFFFFF
310
FFFFFFFFFFFFFFFFFFFFFFFFFFFFFFFFFFFFFFFFFFFFFFFFFFFFFFFFFFFFFFFF
310
FFFFFFFFFFFFFFFFFFFFFFFFFFFFFFFFFFFFFFFFFFFFFFFFFFFFFFFFFFFFFFFF
310
FFFFFFFFFFFFFFFFFFFFFFFFFFFFFFFFFFFFFFFFFFFFFFFFFFFFFFFFFFFFFFFF
310
FFFFFFFFFFFFFFFFFFFFFFFFFFFFFFFFFFFFFFFFFFFFFFFFFFFFFFFFFFFFFFFF
310
FFFFFFFFFFFFFFFFFFFFFFFFFFFFFFFFFFFFFFFFFFFFFFFFFFFFFFFFFFFFFFFF
310
FFFFFFFFFFFFFFFFFFFFFFFFFFFFFFFFFFFFFFFFFFFFFFFFFFFFFFFFFFFFFFFF
310
FFFFFFFFFFFFFFFFFFFFFFFFFFFFFFFFFFFFFFFFFFFFFFFFFFFFFFFFFFFFFFFF
310
FFFFFFFFFFFFFFFFFFFFFFFFFFFFFFFFFFFFFFFFFFFFFFFFFFFFFFFFFFFFFFFF
310
FFFFFFFFFFFFFFFFFFFFFFFFFFFFFFFFFFFFFFFFFFFFFFFFFFFFFFFFFFFFFFFF
310
FFFFFFFFFFFFFFFFFFFFFFFFFFFFFFFFFFFFFFFFFFFFFFFFFFFFFFFFFFFFFFFF
310
FFFFFFFFFFFFFFFFFFFFFFFFFFFFFFFFFFFFFFFFFFFFFFFFFFFFFFFFFFFFFFFF
310
FFFFFFFFFFFFFFFFFFFFFFFFFFFFFFFFFFFFFFFFFFFFFFFFFFFFFFFFFFFFFFFF
310
FFFFFFFFFFFFFFFFFFFFFFFFFFFFFFFFFFFFFFFFFFFFFFFFFFFFFFFFFFFFFFFF
310
FFFFFFFFFFFFFFFFFFFFFFFFFFFFFFFFFFFFFFFFFFFFFFFFFFFFFFFFFFFFFFFF
310
FFFFFFFFFFFFFFFFFFFFFFFFFFFFFFFFFFFFFFFFFFFFFFFFFFFFFFFFFFFFFFFF
310
FFFFFFFFFFFFFFFFFFFFFFFFFFFFFFFFFFFFFFFFFFFFFFFFFFFFFFFFFFFFFFFF
310
FFFFFFFFFFFFFFFFFFFFFFFFFFFFFFFFFFFFFFFFFFFFFFFFFFFFFFFFFFFFFFFF
310
FFFFFFFFFFFFFFFFFFFFFFFFFFFFFFFFFFFFFFFFFFFFFFFFFFFFFFFFFFFFFFFF
310
FF00FFFFFFFFFFFFFFFFFFFFFFFFFFFFFFFFFFFFFFFFFFFFFFFFFFFFFFF7F7FF
310
6B84E72952D62952DE294AD62952DE2952D62952DE294AD62952DE2952D62952
310
DE294AD62952DE2952D62952DE294AD62952DE2952D62952DE294AD62952DE29
310
52D62952DE294AD62952DE2952D62952DE294AD62952DE2952D62952DE294AD6
310
2952DE2952D62952DE294AD62952DE2952D62952DE94ADEFFFFFFFFFFFFFFFFF
310
FFFFFFFFFFFFFFFFFFFFFFFFFFFFFFFFFFFFFFFFFFFFFFFFFFFFFFFFFFFFFFFF
310
FFFFFFFFFFFFFFFFFFFFFFFFFFFFFFFFFFFFFFFFFFFFFFFFFFFFFFFFFFFFFFFF
310
FFFFFFFFFFFFFFFFFFFFFFFFFFFFFFFFFFFFFFFFFFFFFFFFFFFFFFFFFFFFFFFF
310
FFFFFFFFFFFFFFFFFFFFFFFFFFFFFFFFFFFFFFFFFFFFFFFFFFFFFFFFFFFFFFFF
310
FFFFFFFFFFFFFFFFFFFFFFFFFFFFFFFFFFFFFFFFFFFFFFFFFFFFFFFFFFFFFFFF
310
FFFFFFFFFFFFFFFFFFFFFFFFFFFFFFFFFFFFFFFFFFFFFFFFFFFFFFFFFFFFFFFF
310
FFFFFFFFFFFFFFFFFFFFFFFFFFFFFFFFFFFFFFFFFFFFFFFFFFFFFFFFFFFFFFFF
310
FFFFFFFFFFFFFFFFFFFFFFFFFFFFFFFFFFFFFFFFFFFFFFFFFFFFFFFFFFFFFFFF
310
FFFFFFFFFFFFFFFFFFFFFFFFFFFFFFFFFFFFFFFFFFFFFFFFFFFFFFFFFFFFFFFF
310
FFFFFFFFFFFFFFFFFFFFFFFFFFFFFFFFFFFFFFFFFFFFFFFFFFFFFFFFFFFFFFFF
310
FFFFFFFFFFFFFFFFFFFFFFFFFFFFFFFFFFFFFFFFFFFFFFFFFFFFFFFFFFFFFFFF
310
FFFFFFFFFFFFFFFFFFFFFFFFFFFFFFFFFFFFFFFFFFFFFFFFFFFFFFFFFFFFFFFF
310
FFFFFFFFFFFFFFFFFFFFFFFFFFFFFFFFFFFFFFFFFFFFFFFFFFFFFFFFFFFFFFFF
310
FFFFFFFFFFFFFFFFFFFFFFFFFFFFFFFFFFFFFFFFFFFFFFFFFFFFFFFFFFFFFFFF
310
FFFFFFFFFFFFFFFFFFFFFFFFFFFFFFFFFFFFFFFFFFFFFFFFFFFFFFFFFFFFFFFF
310
FFFFFFFFFFFFFFFFFFFFFFFFFFFFFFFFFFFFFFFFFFFFFFFFFFFFFFFFFFFFFFFF
310
FFFFFFFFFFFFFFFFFFFFFFFFFFFFFFFFFFFFFFFFFFFFFFFFFFFFFFFFFFFFFFFF
310
FFFFFFFFFFFFFFFFFFFFFFFFFFFFFFFFFFFFFFFFFFFFFFFFFFFFFFFFFFFFFFFF
310
FFFFFFFFFFFFFFFFFFFFFFFFFFFFFFFFFFFFFFFFFFFFFFFFFFFFFFFFFFFFFFFF
310
FFFFFFFFFFFFFFFFFFFFFFFFFFFFFFFFFFFFFFFFFFFFFFFFFFFFFFFFFFFFFFFF
310
FFFFFFFFFFFFFFFFFFFFFFFFFFFFFFFFFFFFFFFFFFFFFFFFFFFFFFFFFFFFFFFF
310
FFFFFFFFFFFFFFFFFFFFFFFFFFFFFFFFFFFFFFFFFFFFFFFFFFFFFFFFFFFFFFFF
310
FFFFFFFFFFFFFFFFFFFFFFFFFFFFFFFFFFFFFFFFFFFFFFFFFFFFFFFFFFFFFFFF
310
FFFFFFFFFFFFFFFFFFFFFFFFFFFFFFFFFFFFFFFFFFFFFFFFFFFFFFFFFFFFFFFF
310
FFFFFFFFFFFFFFFFFFFFFFFFFFFFFFFFFFFFFFFFFFFFFFFFFFFFFFFFFFFFFFFF
310
FFFFFFFFFFFFFFFFFFFFFFFFFFFFFFFFFF00FFFFFFFFFFFFFFFFFFFFFFFFFFFF
310
FFFFFFFFFFFFFFFFFFFFF7F7FF6384E7294AD62952D6294AD62952DE294AD629
310
52D6294AD62952DE294AD62952D6294AD62952DE294AD62952D6294AD62952DE
310
294AD62952D6294AD62952DE294AD62952D6294AD62952DE294AD62952D6294A
310
D62952DE294AD62952D6294AD62952DE294AD62952D6294AD62952DE294AD629
310
52D6294AD62952DE94A5EFFFFFFFFFFFFFFFFFFFFFFFFFFFFFFFFFFFFFFFFFFF
310
FFFFFFFFFFFFFFFFFFFFFFFFFFFFFFFFFFFFFFFFFFFFFFFFFFFFFFFFFFFFFFFF
310
FFFFFFFFFFFFFFFFFFFFFFFFFFFFFFFFFFFFFFFFFFFFFFFFFFFFFFFFFFFFFFFF
310
FFFFFFFFFFFFFFFFFFFFFFFFFFFFFFFFFFFFFFFFFFFFFFFFFFFFFFFFFFFFFFFF
310
FFFFFFFFFFFFFFFFFFFFFFFFFFFFFFFFFFFFFFFFFFFFFFFFFFFFFFFFFFFFFFFF
310
FFFFFFFFFFFFFFFFFFFFFFFFFFFFFFFFFFFFFFFFFFFFFFFFFFFFFFFFFFFFFFFF
310
FFFFFFFFFFFFFFFFFFFFFFFFFFFFFFFFFFFFFFFFFFFFFFFFFFFFFFFFFFFFFFFF
310
FFFFFFFFFFFFFFFFFFFFFFFFFFFFFFFFFFFFFFFFFFFFFFFFFFFFFFFFFFFFFFFF
310
FFFFFFFFFFFFFFFFFFFFFFFFFFFFFFFFFFFFFFFFFFFFFFFFFFFFFFFFFFFFFFFF
310
FFFFFFFFFFFFFFFFFFFFFFFFFFFFFFFFFFFFFFFFFFFFFFFFFFFFFFFFFFFFFFFF
310
FFFFFFFFFFFFFFFFFFFFFFFFFFFFFFFFFFFFFFFFFFFFFFFFFFFFFFFFFFFFFFFF
310
FFFFFFFFFFFFFFFFFFFFFFFFFFFFFFFFFFFFFFFFFFFFFFFFFFFFFFFFFFFFFFFF
310
FFFFFFFFFFFFFFFFFFFFFFFFFFFFFFFFFFFFFFFFFFFFFFFFFFFFFFFFFFFFFFFF
310
FFFFFFFFFFFFFFFFFFFFFFFFFFFFFFFFFFFFFFFFFFFFFFFFFFFFFFFFFFFFFFFF
310
FFFFFFFFFFFFFFFFFFFFFFFFFFFFFFFFFFFFFFFFFFFFFFFFFFFFFFFFFFFFFFFF
310
FFFFFFFFFFFFFFFFFFFFFFFFFFFFFFFFFFFFFFFFFFFFFFFFFFFFFFFFFFFFFFFF
310
FFFFFFFFFFFFFFFFFFFFFFFFFFFFFFFFFFFFFFFFFFFFFFFFFFFFFFFFFFFFFFFF
310
FFFFFFFFFFFFFFFFFFFFFFFFFFFFFFFFFFFFFFFFFFFFFFFFFFFFFFFFFFFFFFFF
310
FFFFFFFFFFFFFFFFFFFFFFFFFFFFFFFFFFFFFFFFFFFFFFFFFFFFFFFFFFFFFFFF
310
FFFFFFFFFFFFFFFFFFFFFFFFFFFFFFFFFFFFFFFFFFFFFFFFFFFFFFFFFFFFFFFF
310
FFFFFFFFFFFFFFFFFFFFFFFFFFFFFFFFFFFFFFFFFFFFFFFFFFFFFFFFFFFFFFFF
310
FFFFFFFFFFFFFFFFFFFFFFFFFFFFFFFFFFFFFFFFFFFFFFFFFFFFFFFFFFFFFFFF
310
FFFFFFFFFFFFFFFFFFFFFFFFFFFFFFFFFFFFFFFFFFFFFFFFFFFFFFFFFFFFFFFF
310
FFFFFFFFFFFFFFFFFFFFFFFFFFFFFFFFFFFFFFFFFFFFFFFFFFFFFFFFFFFFFFFF
310
FFFFFFFFFFFFFFFFFFFFFFFFFFFFFFFFFFFFFFFFFFFFFFFFFFFFFFFFFFFFFFFF
310
FFFFFFFFFFFFFFFFFFFFFFFFFFFFFFFFFFFFFFFFFFFFFFFFFFFFFFFFFFFFFFFF
310
FF00FFFFFFFFFFFFFFFFFFFFFFFFFFFFFFFFFFFFFFFFFFFFFFFF738CE72952D6
310
2952DE294AD62952DE2952D62952DE294AD62952DE2952D62952DE294AD62952
310
DE2952D62952DE294AD62952DE2952D62952DE294AD62952DE2952D62952DE29
310
4AD62952DE2952D62952DE294AD6214ADE2142D6214AD61842D6214ADE1842D6
310
214AD61842D62952DE2952D62952DE294AD62952DE2952D62952DEA5B5EFFFFF
310
FFFFFFFFFFFFFFFFFFFFFFFFFFFFFFFFFFFFFFFFFFFFFFFFFFFFFFFFFFFFFFFF
310
FFFFFFFFFFFFFFFFFFFFFFFFFFFFFFFFFFFFFFFFFFFFFFFFFFFFFFFFFFFFFFFF
310
FFFFFFFFFFFFFFFFFFFFFFFFFFFFFFFFFFFFFFFFFFFFFFFFFFFFFFFFFFFFFFFF
310
FFFFFFFFFFFFFFFFFFFFFFFFFFFFFFFFFFFFFFFFFFFFFFFFFFFFFFFFFFFFFFFF
310
FFFFFFFFFFFFFFFFFFFFFFFFFFFFFFFFFFFFFFFFFFFFFFFFFFFFFFFFFFFFFFFF
310
FFFFFFFFFFFFFFFFFFFFFFFFFFFFFFFFFFFFFFFFFFFFFFFFFFFFFFFFFFFFFFFF
310
FFFFFFFFFFFFFFFFFFFFFFFFFFFFFFFFFFFFFFFFFFFFFFFFFFFFFFFFFFFFFFFF
310
FFFFFFFFFFFFFFFFFFFFFFFFFFFFFFFFFFFFFFFFFFFFFFFFFFFFFFFFFFFFFFFF
310
FFFFFFFFFFFFFFFFFFFFFFFFFFFFFFFFFFFFFFFFFFFFFFFFFFFFFFFFFFFFFFFF
310
FFFFFFFFFFFFFFFFFFFFFFFFFFFFFFFFFFFFFFFFFFFFFFFFFFFFFFFFFFFFFFFF
310
FFFFFFFFFFFFFFFFFFFFFFFFFFFFFFFFFFFFFFFFFFFFFFFFFFFFFFFFFFFFFFFF
310
FFFFFFFFFFFFFFFFFFFFFFFFFFFFFFFFFFFFFFFFFFFFFFFFFFFFFFFFFFFFFFFF
310
FFFFFFFFFFFFFFFFFFFFFFFFFFFFFFFFFFFFFFFFFFFFFFFFFFFFFFFFFFFFFFFF
310
FFFFFFFFFFFFFFFFFFFFFFFFFFFFFFFFFFFFFFFFFFFFFFFFFFFFFFFFFFFFFFFF
310
FFFFFFFFFFFFFFFFFFFFFFFFFFFFFFFFFFFFFFFFFFFFFFFFFFFFFFFFFFFFFFFF
310
FFFFFFFFFFFFFFFFFFFFFFFFFFFFFFFFFFFFFFFFFFFFFFFFFFFFFFFFFFFFFFFF
310
FFFFFFFFFFFFFFFFFFFFFFFFFFFFFFFFFFFFFFFFFFFFFFFFFFFFFFFFFFFFFFFF
310
FFFFFFFFFFFFFFFFFFFFFFFFFFFFFFFFFFFFFFFFFFFFFFFFFFFFFFFFFFFFFFFF
310
FFFFFFFFFFFFFFFFFFFFFFFFFFFFFFFFFFFFFFFFFFFFFFFFFFFFFFFFFFFFFFFF
310
FFFFFFFFFFFFFFFFFFFFFFFFFFFFFFFFFFFFFFFFFFFFFFFFFFFFFFFFFFFFFFFF
310
FFFFFFFFFFFFFFFFFFFFFFFFFFFFFFFFFFFFFFFFFFFFFFFFFFFFFFFFFFFFFFFF
310
FFFFFFFFFFFFFFFFFFFFFFFFFFFFFFFFFFFFFFFFFFFFFFFFFFFFFFFFFFFFFFFF
310
FFFFFFFFFFFFFFFFFFFFFFFFFFFFFFFFFFFFFFFFFFFFFFFFFFFFFFFFFFFFFFFF
310
FFFFFFFFFFFFFFFFFFFFFFFFFFFFFFFFFFFFFFFFFFFFFFFFFFFFFFFFFFFFFFFF
310
FFFFFFFFFFFFFFFFFFFFFFFFFFFFFFFFFFFFFFFFFFFFFFFFFFFFFFFFFFFFFFFF
310
FFFFFFFFFFFFFFFFFFFFFFFFFFFFFFFFFF00FFFFFFFFFFFFFFFFFFFFFFFFFFFF
310
FFFFFFFFFFFFFF8C9CEF294AD62952D6294AD62952DE294AD62952D6294AD629
310
52DE294AD62952D6294AD62952DE294AD62952D6294AD62952DE294AD62952D6
310
294AD62952DE294AD62952D6294AD62952DE294AD62952D6214AD62952DE94A5
310
E7ADBDEFA5B5E7ADB5EFA5B5E7ADB5EFA5B5E7B5BDEF7384DE214AD6294AD629
310
52DE294AD62952D6294AD63152DEBDCEF7FFFFFFFFFFFFFFFFFFFFFFFFFFFFFF
310
FFFFFFFFFFFFFFFFFFFFFFFFFFFFFFFFFFFFFFFFFFFFFFFFFFFFFFFFFFFFFFFF
310
FFFFFFFFFFFFFFFFFFFFFFFFFFFFFFFFFFFFFFFFFFFFFFFFFFFFFFFFFFFFFFFF
310
FFFFFFFFFFFFFFFFFFFFFFFFFFFFFFFFFFFFFFFFFFFFFFFFFFFFFFFFFFFFFFFF
310
FFFFFFFFFFFFFFFFFFFFFFFFFFFFFFFFFFFFFFFFFFFFFFFFFFFFFFFFFFFFFFFF
310
FFFFFFFFFFFFFFFFFFFFFFFFFFFFFFFFFFFFFFFFFFFFFFFFFFFFFFFFFFFFFFFF
310
FFFFFFFFFFFFFFFFFFFFFFFFFFFFFFFFFFFFFFFFFFFFFFFFFFFFFFFFFFFFFFFF
310
FFFFFFFFFFFFFFFFFFFFFFFFFFFFFFFFFFFFFFFFFFFFFFFFFFFFFFFFFFFFFFFF
310
FFFFFFFFFFFFFFFFFFFFFFFFFFFFFFFFFFFFFFFFFFFFFFFFFFFFFFFFFFFFFFFF
310
FFFFFFFFFFFFFFFFFFFFFFFFFFFFFFFFFFFFFFFFFFFFFFFFFFFFFFFFFFFFFFFF
310
FFFFFFFFFFFFFFFFFFFFFFFFFFFFFFFFFFFFFFFFFFFFFFFFFFFFFFFFFFFFFFFF
310
FFFFFFFFFFFFFFFFFFFFFFFFFFFFFFFFFFFFFFFFFFFFFFFFFFFFFFFFFFFFFFFF
310
FFFFFFFFFFFFFFFFFFFFFFFFFFFFFFFFFFFFFFFFFFFFFFFFFFFFFFFFFFFFFFFF
310
FFFFFFFFFFFFFFFFFFFFFFFFFFFFFFFFFFFFFFFFFFFFFFFFFFFFFFFFFFFFFFFF
310
FFFFFFFFFFFFFFFFFFFFFFFFFFFFFFFFFFFFFFFFFFFFFFFFFFFFFFFFFFFFFFFF
310
FFFFFFFFFFFFFFFFFFFFFFFFFFFFFFFFFFFFFFFFFFFFFFFFFFFFFFFFFFFFFFFF
310
FFFFFFFFFFFFFFFFFFFFFFFFFFFFFFFFFFFFFFFFFFFFFFFFFFFFFFFFFFFFFFFF
310
FFFFFFFFFFFFFFFFFFFFFFFFFFFFFFFFFFFFFFFFFFFFFFFFFFFFFFFFFFFFFFFF
310
FFFFFFFFFFFFFFFFFFFFFFFFFFFFFFFFFFFFFFFFFFFFFFFFFFFFFFFFFFFFFFFF
310
FFFFFFFFFFFFFFFFFFFFFFFFFFFFFFFFFFFFFFFFFFFFFFFFFFFFFFFFFFFFFFFF
310
FFFFFFFFFFFFFFFFFFFFFFFFFFFFFFFFFFFFFFFFFFFFFFFFFFFFFFFFFFFFFFFF
310
FFFFFFFFFFFFFFFFFFFFFFFFFFFFFFFFFFFFFFFFFFFFFFFFFFFFFFFFFFFFFFFF
310
FFFFFFFFFFFFFFFFFFFFFFFFFFFFFFFFFFFFFFFFFFFFFFFFFFFFFFFFFFFFFFFF
310
FFFFFFFFFFFFFFFFFFFFFFFFFFFFFFFFFFFFFFFFFFFFFFFFFFFFFFFFFFFFFFFF
310
FFFFFFFFFFFFFFFFFFFFFFFFFFFFFFFFFFFFFFFFFFFFFFFFFFFFFFFFFFFFFFFF
310
FFFFFFFFFFFFFFFFFFFFFFFFFFFFFFFFFFFFFFFFFFFFFFFFFFFFFFFFFFFFFFFF
310
FF00FFFFFFFFFFFFFFFFFFFFFFFFFFFFFFFFFFFFBDC6F72952D62952DE294AD6
310
2952DE2952D62952DE294AD62952DE2952D62952DE294AD62952DE2952D62952
310
DE294AD62952DE2952D62952DE294AD62952DE2952D62952DE294AD62952DE29
310
52D62952DE294AD6214ADE8C9CE7FFFFFFFFFFF7FFFFFFFFFFF7FFFFFFFFFFF7
310
FFFFFFEFEFF74A6BDE214AD62952DE2952D62952DE294AD62952DE2952D64263
310
DEE7EFFFFFFFFFFFFFFFFFFFFFFFFFFFFFFFFFFFFFFFFFFFFFFFFFFFFFFFFFFF
310
FFFFFFFFFFFFFFFFFFFFFFFFFFFFFFFFFFFFFFFFFFFFFFFFFFFFFFFFFFFFFFFF
310
FFFFFFFFFFFFFFFFFFFFFFFFFFFFFFFFFFFFFFFFFFFFFFFFFFFFFFFFFFFFFFFF
310
FFFFFFFFFFFFFFFFFFFFFFFFFFFFFFFFFFFFFFFFFFFFFFFFFFFFFFFFFFFFFFFF
310
FFFFFFFFFFFFFFFFFFFFFFFFFFFFFFFFFFFFFFFFFFFFFFF7F7F7FFFFFFFFFFFF
310
FFFFFFFFFFFFFFFFFFFFFFFFFFFFFFFFFFFFFFFFFFFFFFFFFFFFFFFFFFFFFFFF
310
F7FFFFFFFFFFFFFFFFFFFFFFFFFFFFFFFFFFFFFFFFFFFFFFFFFFFFFFFFFFFFFF
310
FFFFFFFFFFFFFFFFFFFFFFFFFFFFFFFFFFFFFFFFFFFFFFFFFFFFFFFFFFFFFFFF
310
FFFFFFFFFFFFFFFFFFFFFFFFFFFFFFFFFFFFFFFFFFFFFFFFFFFFFFFFFFFFFFFF
310
FFFFFFFFFFFFFFFFFFFFFFFFFFFFFFFFFFFFFFFFFFFFFFFFFFFFFFFFFFFFFFFF
310
FFFFFFFFFFFFFFFFFFFFFFFFFFFFFFFFFFFFFFFFFFFFFFFFFFFFFFFFFFFFFFFF
310
FFFFFFF7F7F7FFFFFFFFFFFFFFFFFFFFFFFFFFFFFFFFFFFFFFFFFFFFFFFFFFFF
310
FFFFFFFFFFFFFFFFFFFFFFFFFFF7F7F7FFFFFFFFFFFFFFFFFFFFFFFFFFFFFFFF
310
FFFFFFFFFFFFFFF7FFFFFFFFFFFFFFFFFFFFFFFFFFFFFFFFFFFFFFFFFFFFFFFF
310
FFFFFFFFFFFFFFFFFFF7F7F7FFFFFFFFFFFFFFFFFFFFFFFFFFFFFFFFFFFFFFFF
310
FFFFFFFFFFFFFFFFFFFFFFFFFFFFFFFFFFFFFFFFFFFFFFFFFFFFFFFFFFFFFFFF
310
F7F7FFFFFFFFFFFFFFFFFFFFFFFFFFFFFFFFFFFFFFFFFFFFFFFFFFFFFFFFFFFF
310
FFFFFFFFFFFFFFFFFFF7F7F7FFFFFFFFFFFFFFFFFFFFFFFFFFFFFFFFFFFFFFFF
310
FFFFFFFFFFFFFFFFFFFFFFFFFFFFFFFFFFFFFFFFFFFFFFFFFFFFFFFFFFFFFFFF
310
FFFFFFFFFFFFFFFFFFFFFFF7F7F7FFFFFFFFFFFFFFFFFFFFFFFFFFFFFFFFFFFF
310
FFFFFFFFFFFFFFFFFFFFFFFFFFFFFFFFFFFFFFFFFFFFFFFFFFFFFFFFFFFFFFFF
310
FFFFFFFFFFFFFFFFFFFFFFFFFFFFFFFFFFFFFFFFFFFFFFFFFFFFFFFFFFFFFFFF
310
FFFFFFFFFFFFFFFFFFFFFFFFFFFFFFFFFFFFFFFFFFFFFFFFFFFFFFFFFFFFFFFF
310
FFFFFFFFFFFFFFFFFFFFFFFFFFFFFFFFFFFFFFFFFFF7F7F7FFFFFFFFFFFFFFFF
310
FFFFFFFFFFFFFFFFFFFFFFFFFFFFFFFFFFFFFFFFFFFFFFFFFFFFFFFFFFFFFFFF
310
FFFFFFFFFFFFFFFFFFFFFFFFFFFFFFFFFF00FFFFFFFFFFFFFFFFFFFFFFFFFFFF
310
FFE7EFFF395AD62952D6294AD62952DE294AD62952D6294AD62952DE294AD629
310
52D6294AD62952DE294AD62952D6294AD62952DE294AD62952D6294AD62952DE
310
294AD62952D6294AD62952DE294AD62952D6294AD6214AD6526BDEF7F7F7FFF7
310
F7FFF7F7F7F7F7FFF7F7F7F7F7FFFFF7FFF7F7637BE71842D62952DE294AD629
310
52D6294AD62952DE294AD62952D6294AD66B84E7FFFFFFFFFFFFFFFFFFFFFFFF
310
FFFFFFFFFFFFFFFFFFFFFFFFFFFFFFFFFFFFFFFFFFFFFFFFFFFFFFFFFFFFFFFF
310
FFFFFFFFFFFFFFFFFFFFFFFFFFEFEFEFBDBDB5E7E7E7FFFFFFC6BDBDCECECEFF
310
FFFFEFEFEFC6BDBDD6D6D6FFFFFFBDBDBDD6CECEFFFFFFF7F7F7BDBDBDD6CECE
310
FFFFFFFFFFFFFFFFFFCECECEBDBDBDFFFFFFFFFFFFFFFFFFBDBDBDCECECEFFFF
310
FFDEDED6BDB5B5BDB5B5BDBDBDE7E7E7FFFFFFFFFFFFFFFFFFC6C6BDCEC6C6FF
310
FFFFFFFFFFFFFFFFDEDED6BDBDBDB5B5B5BDBDBDDEDEDEFFFFFFEFEFE7C6BDBD
310
EFE7E7FFFFFFBDBDBDE7E7E7FFFFFFBDBDBDDEDEDEE7E7E7BDBDB5EFEFEFFFFF
310
FFFFFFFFD6CECEBDBDBDF7F7F7F7F7F7BDBDB5DED6D6FFFFFFFFFFFFDEDEDEBD
310
BDBDEFEFEFFFFFFFCECECEBDBDB5B5B5B5C6BDBDDEDEDEFFFFFFDEDEDEC6BDBD
310
F7F7F7EFEFEFBDBDBDBDBDBDB5B5B5BDBDB5CECECEF7F7F7BDBDB5DEDEDEFFFF
310
FFEFEFEFBDBDBDDEDEDEFFFFFFEFEFEFBDBDBDBDB5B5BDB5B5D6CECEFFFFFFFF
310
F7F7BDBDBDDEDEDEFFFFFFE7E7E7BDBDBDD6CECEFFFFFFFFFFFFC6C6C6BDB5B5
310
BDBDBDCECECEC6C6C6FFFFFFE7E7E7BDBDBDB5B5B5BDBDBDCECECEFFFFFFFFFF
310
FFFFFFFFFFFFFFFFFFFFFFFFFFFFFFFFFFFFFFEFEFEFBDBDBDBDB5B5BDB5B5D6
310
D6D6C6BDBDCECECEFFFFFFFFFFFFFFFFFFC6C6C6CEC6C6FFFFFFF7F7F7C6BDBD
310
CECECEFFFFFFF7EFEFC6C6C6B5B5B5BDB5B5CECECEFFFFFFFFFFFFCEC6C6BDBD
310
BDBDBDBDBDB5B5D6CECEF7F7F7FFFFFFF7F7F7CEC6C6B5B5B5BDBDB5C6C6C6FF
310
FFFFFFFFFFFFFFFFE7E7E7BDBDBDE7E7E7FFFFFFFFFFFFD6D6D6BDBDBDFFFFFF
310
E7E7E7BDBDBDE7E7E7FFFFFFE7E7E7BDBDBDD6D6D6F7F7F7C6BDBDBDB5B5B5B5
310
B5CEC6C6F7F7F7FFFFFFBDBDBDD6CECEFFFFFFFFFFFFFFFFFFFFFFFFE7DEDEBD
310
BDBDBDB5B5BDBDBDB5B5B5D6D6D6D6D6D6C6BDBDBDB5B5BDBDB5BDB5B5D6D6D6
310
F7F7F7BDBDBDD6D6D6EFEFEFBDBDB5E7E7E7FFFFFFFFFFFFD6D6D6BDBDBDEFEF
310
EFD6CECEBDBDB5BDBDBDBDB5B5BDBDBDEFEFEFCECECEC6C6C6FFFFFFEFEFEFC6
310
C6BDB5B5B5BDBDB5C6C6C6F7F7F7FFFFFFFFFFFFD6D6D6BDBDBDEFEFEFFFFFFF
310
FFFFFFFFFFFFFFFFFFFFFFFFFFFFFFFFFFFFFFFFFFFFFFFFFFFFFFFFFFFFFFFF
310
FF00FFFFFFFFFFFFFFFFFFFFFFFFFFFFFF738CE72952DE294AD62952DE2952D6
310
2952DE294AD62952DE2952D62952DE294AD62952DE2952D62952DE294AD62952
310
DE2952D62952DE294AD62952DE2952D62952DE294AD62952DE2952D62952DE29
310
4AD62952DE2952D6D6DEF7FFFFF7FFFFFFFFF7F7FFF7F7F7F7F7FFFFFFFFFFF7
310
9CADEF1842D62952DE2952D62952DE294AD62952DE2952D62952DE294AD62952
310
DE2952D6B5C6F7FFFFFFFFFFFFFFFFFFFFFFFFFFFFFFFFFFFFFFFFFFFFFFFFFF
310
FFFFFFFFFFFFFFFFFFFFFFFFFFFFFFFFFFFFFFFFFFFFFFFFFFFFFFFFFFE7E7E7
310
BDB5B5DEDEDEFFFFFFB5B5B5CECECEFFFFFFF7F7F7B5B5B5D6D6D6FFFFFFBDBD
310
BDC6C6C6FFFFFFF7EFEFBDBDB5D6D6CEFFFFFFFFFFFFFFFFFFD6D6D6BDB5B5E7
310
E7E7FFFFFFE7E7E7BDB5B5D6D6D6F7F7F7B5B5B5CECECEEFEFEFC6C6C6BDB5B5
310
FFFFFFFFFFFFFFFFFFBDB5B5C6C6C6FFFFFFFFFFFFEFEFEFBDB5B5CEC6C6F7F7
310
F7C6C6C6BDB5B5FFF7F7EFEFEFB5B5B5EFEFEFE7E7E7BDBDB5D6CECEFFFFFFB5
310
B5B5DEDEDEEFEFEFBDB5B5D6CECEFFFFFFF7F7F7C6BDBDBDBDBDFFFFFFF7F7F7
310
BDB5B5D6CECEFFFFFFFFFFFFDEDEDEB5B5B5EFEFEFE7E7E7BDB5B5D6CECEF7F7
310
F7C6C6C6BDB5B5F7F7F7DEDEDEB5B5B5F7F7F7EFEFEFBDBDB5C6C6C6DEDEDED6
310
D6D6EFE7E7EFEFEFBDB5B5D6D6CEFFFFFFE7E7E7BDB5B5E7DEDEFFFFFFC6BDBD
310
BDBDBDEFE7E7DEDEDEB5B5B5E7E7E7F7F7F7BDBDB5D6D6D6FFFFFFCEC6C6BDBD
310
B5C6C6C6FFFFFFD6D6D6BDBDB5DEDEDEE7E7E7B5B5B5C6C6C6F7F7F7BDBDB5BD
310
B5B5EFEFEFDEDEDEBDB5B5D6D6D6FFFFFFFFFFFFFFFFFFFFFFFFFFFFFFFFFFFF
310
FFFFFFBDBDBDBDBDBDE7E7E7E7DEDEB5B5B5BDBDB5EFEFEFFFFFFFFFFFFFFFFF
310
FFBDB5B5C6C6C6FFFFFFF7F7F7B5B5B5D6D6D6FFFFFFCECEC6B5B5B5EFEFEFDE
310
DEDEBDBDB5DEDEDEFFFFFFBDBDBDC6BDBDE7E7E7D6D6D6B5B5B5D6D6D6FFFFFF
310
CECECEB5B5B5EFEFE7E7DEDEBDB5B5D6CECEFFFFFFFFFFFFEFE7E7B5B5B5E7E7
310
E7FFFFFFFFFFFFCECECEBDBDB5F7F7F7E7E7E7B5B5B5EFEFEFFFFFFFC6C6C6B5
310
B5B5F7F7F7C6C6C6BDB5B5E7E7E7EFE7E7B5B5B5CECECEF7F7F7BDBDBDC6C6C6
310
FFFFFFFFFFFFFFFFFFFFFFFFE7E7E7B5B5B5CECECEDED6D6DEDED6E7E7E7DEDE
310
DEB5B5B5CEC6C6DED6D6DEDEDEE7E7E7F7F7F7B5B5B5D6D6D6F7F7F7BDB5B5CE
310
CEC6FFFFFFF7F7F7C6C6C6BDB5B5FFFFFFC6C6C6BDBDB5D6D6D6DEDEDEDED6D6
310
FFFFFFC6BDBDC6C6BDFFFFFFC6C6C6B5B5B5EFEFEFE7E7E7BDB5B5CEC6C6FFFF
310
FFFFFFFFD6D6D6B5B5B5F7F7F7FFFFFFFFFFFFFFFFFFFFFFFFFFFFFFFFFFFFFF
310
FFFFFFFFFFFFFFFFFFFFFFFFFFFFFFFFFF00FFFFFFFFFFFFFFFFFFFFFFFFC6CE
310
F72952D6294AD62952DE294AD62952D6294AD62952DE294AD62952D6294AD629
310
52DE294AD62952D6294AD62952DE294AD62952D6294AD62952DE294AD62952D6
310
294AD62952DE294AD62952D6294AD62952DE1842D69CADEFFFFFF7FFF7F7F7F7
310
F7FFF7F7F7F7F7FFF7F7FFFFF7C6CEEF214AD6294AD6294AD62952D6294AD629
310
52DE294AD62952D6294AD62952DE294AD62952D64263DEF7F7FFFFFFFFFFFFFF
310
FFFFFFFFFFFFFFFFFFFFFFFFFFFFFFFFFFFFFFFFFFFFFFFFFFFFFFFFFFFFFFFF
310
FFFFFFFFFFFFFFFFFFFFFFFFFFEFE7E7B5B5B5E7DEDEFFFFFFBDB5B5CEC6C6FF
310
FFFFEFEFEFBDB5B5D6D6D6FFFFFFB5B5B5CECEC6FFFFFFF7F7F7B5B5B5D6D6D6
310
FFFFFFFFFFFFFFFFFFEFEFEFB5B5B5BDB5B5B5B5B5BDB5B5B5B5B5EFEFEFE7E7
310
E7BDB5B5E7E7E7FFFFFFD6D6D6BDB5B5EFEFEFFFFFFFF7F7F7BDBDB5C6C6C6FF
310
FFFFFFFFFFDEDEDEB5B5B5EFEFEFFFFFFFE7E7E7B5B5B5EFEFEFEFEFEFBDB5B5
310
E7E7E7DEDEDEB5B5B5C6C6C6F7F7F7BDB5B5D6D6D6FFFFFFBDBDBDBDB5B5B5B5
310
B5BDB5B5B5B5B5D6D6D6FFFFFFF7F7F7B5B5B5D6D6D6FFFFFFFFFFFFDEDEDEBD
310
B5B5E7E7E7E7E7E7C6C6C6FFFFFFFFFFFFDED6D6B5B5B5EFEFEFDED6D6BDB5B5
310
F7EFEFEFEFEFB5B5B5E7DEDEFFFFFFFFFFFFFFFFFFF7EFEFB5B5B5D6D6D6FFFF
310
FFE7E7E7B5B5B5E7E7E7FFFFFFBDB5B5C6C6C6FFFFFFF7F7F7BDB5B5D6CECEFF
310
FFFFB5B5B5DEDEDEF7F7F7BDBDB5B5B5B5CECEC6FFFFFFC6C6C6B5B5B5FFFFFF
310
FFFFFFC6C6C6BDBDBDF7F7F7C6C6C6DEDEDEFFFFFFFFF7F7B5B5B5CEC6C6FFFF
310
FFF7F7F7F7F7F7F7F7F7FFFFFFFFFFFFF7F7F7BDB5B5CECECEFFFFFFE7DEDEBD
310
B5B5B5B5B5E7DEDEFFFFFFFFFFFFF7F7F7BDBDB5C6C6C6FFFFFFF7EFEFBDB5B5
310
D6D6D6FFFFFFB5B5B5CECEC6FFFFFFFFFFFFB5B5B5CEC6C6FFFFFFC6BDBDC6BD
310
BDFFFFFFFFFFFFBDBDB5BDBDBDFFFFFFBDB5B5C6C6C6FFFFFFFFFFFFBDBDBDC6
310
C6BDFFFFFFFFFFFFE7E7E7BDB5B5DEDEDEFFFFFFFFFFFFD6CECEB5B5B5FFFFFF
310
E7E7E7BDB5B5E7E7E7EFEFEFB5B5B5DED6D6FFFFFFCECECECECECEFFFFFFFFFF
310
FFBDBDBDBDBDBDF7F7F7B5B5B5CECEC6FFFFFFFFFFFFFFFFFFFFFFFFDEDEDEBD
310
B5B5E7E7E7FFFFFFFFFFFFFFFFFFF7F7F7BDBDBDC6C6BDFFFFFFFFFFFFFFFFFF
310
F7EFEFBDB5B5CECECEFFFFFFC6BDBDBDB5B5B5B5B5BDB5B5B5B5B5CECECEFFFF
310
FFC6C6C6BDBDBDFFFFFFFFFFFFFFFFFFFFFFFFC6C6BDBDBDBDFFFFFFCEC6C6D6
310
D6D6FFFFFFFFFFFFBDB5B5BDBDBDFFFFFFFFFFFFD6D6D6BDB5B5EFEFEFFFFFFF
310
FFFFFFFFFFFFFFFFFFFFFFFFFFFFFFFFFFFFFFFFFFFFFFFFFFFFFFFFFFFFFFFF
310
FF00FFFFFFFFFFFFFFFFFFFFFFFF5A7BE7294AD62952DE2952D62952DE294AD6
310
2952DE2952D62952DE294AD62952DE2952D62952DE294AD62952DE2952D62952
310
DE294AD62952DE2952D62952DE294AD62952DE2952D62952DE294AD63152DE18
310
42D66384E7FFFFF7FFFFFFFFF7F7FFF7F7F7F7F7FFFFFFFFFFF7EFEFF74263DE
310
214ADE2952D62952DE294AD62952DE2952D62952DE294AD62952DE2952D62952
310
DE294AD62952DE9CADEFFFFFFFFFFFFFFFFFFFFFFFFFFFFFFFFFFFFFFFFFFFFF
310
FFFFFFFFFFFFFFFFFFFFFFFFFFFFFFFFFFFFFFFFFFFFFFFFFFFFFFFFFFE7E7E7
310
BDBDB5DEDEDEFFFFFFB5B5B5CECECEFFFFFFEFEFEFB5B5B5DEDED6FFFFFFBDBD
310
BDC6C6C6F7F7F7D6D6D6BDBDBDE7E7E7FFFFFFFFFFFFFFFFFFF7F7F7BDBDBDC6
310
C6BDE7E7E7C6BDBDBDBDBDFFFFFFE7E7E7B5B5B5E7E7E7FFFFFFDEDEDEB5B5B5
310
EFEFEFFFFFFFFFFFFFBDB5B5CEC6C6FFFFFFFFFFFFD6D6D6BDBDB5EFEFEFFFFF
310
FFE7E7E7BDBDB5E7E7E7EFEFEFB5B5B5EFEFEFCEC6C6CECECEBDBDBDEFEFEFBD
310
B5B5DED6D6FFFFFFCECECEB5B5B5E7E7E7D6CECEBDBDB5E7E7E7FFFFFFEFEFEF
310
BDBDB5D6D6D6FFFFFFFFFFFFE7DEDEB5B5B5EFEFEFFFFFFFFFFFFFF7F7F7E7DE
310
DEBDB5B5BDBDB5F7F7F7DEDEDEB5B5B5F7F7F7EFEFEFBDB5B5D6D6D6FFFFFFF7
310
F7F7FFFFFFEFEFEFBDBDB5CECECEF7F7F7CECECEBDBDBDF7F7F7FFFFFFBDB5B5
310
CECECEFFFFFFF7F7F7B5B5B5DED6D6F7F7F7BDB5B5DEDEDEE7E7E7BDBDBDC6BD
310
BDC6C6C6FFFFFFC6BDBDC6C6C6FFFFFFE7DEDEBDBDB5BDBDBDFFFFFFFFFFFFFF
310
FFFFEFEFEFC6C6C6BDBDB5D6D6D6F7EFEFB5B5B5BDBDB5B5B5B5F7EFEFFFFFFF
310
FFFFFFC6C6C6BDBDBDE7DEDEBDBDBDD6CECECEC6C6BDBDBDFFFFFFFFFFFFFFFF
310
FFBDB5B5C6C6C6EFEFEFDED6D6B5B5B5EFEFEFF7F7F7BDB5B5CECECEFFFFFFFF
310
FFFFC6BDBDC6BDBDFFFFFFC6BDBDC6C6C6FFFFFFEFEFEFB5B5B5D6CECEFFFFF7
310
BDBDBDCECEC6FFFFFFFFFFFFC6C6C6BDBDBDFFFFFFFFFFFFEFEFEFB5B5B5E7E7
310
E7FFFFFFFFFFFFCECECEBDB5B5F7F7F7EFEFE7B5B5B5C6C6C6BDBDBDBDBDBDF7
310
F7F7FFFFFFFFFFFFFFFFFFEFEFEFD6CECEB5B5B5CECECEF7F7F7BDBDBDBDBDBD
310
E7E7E7E7E7E7FFFFFFFFFFFFE7E7E7B5B5B5E7DEDEF7F7F7FFFFFFFFFFFFFFFF
310
FFDED6D6BDBDB5DEDEDEFFFFFFFFFFFFF7F7F7B5B5B5D6D6D6FFFFFFDED6D6B5
310
B5B5DEDEDED6D6D6BDBDB5DEDEDEFFFFFFC6BDBDC6BDBDFFFFFFFFFFFFFFFFFF
310
FFFFFFC6BDBDC6C6BDFFFFFFFFFFFFFFFFFFF7F7F7CECECEBDBDB5C6C6C6FFFF
310
FFFFFFFFDED6D6B5B5B5F7F7F7FFFFFFFFFFFFFFFFFFFFFFFFFFFFFFFFFFFFFF
310
FFFFFFFFFFFFFFFFFFFFFFFFFFFFFFFFFF00FFFFFFFFFFFFFFFFFFC6CEF7294A
310
D62952DE294AD62952D6294AD62952DE294AD62952D6294AD62952DE294AD629
310
52D6294AD62952DE294AD62952D6294AD62952DE294AD62952D6294AD62952DE
310
294AD62952D6294AD62952DE214AD6395ADEDEDEEFFFFFF7F7F7F7FFF7F7F7F7
310
F7FFF7F7F7F7F7FFFFF76B84DE1842D6294AD62952D6294AD62952DE294AD629
310
52D6294AD62952DE294AD62952D6294AD62952DE294AD64263DEF7F7FFFFFFFF
310
FFFFFFFFFFFFFFFFFFFFFFFFFFFFFFFFFFFFFFFFFFFFFFFFFFFFFFFFFFFFFFFF
310
FFFFFFFFFFFFFFFFFFFFFFFFFFEFEFEFB5B5B5E7DEDEFFFFFFBDBDBDB5B5B5BD
310
B5B5B5B5B5BDB5B5D6D6D6FFFFFFBDBDB5BDB5B5BDB5B5BDB5B5C6C6C6FFFFFF
310
FFFFFFFFFFFFFFFFFFFFFFFFC6C6BDC6C6C6FFFFFFC6C6C6C6C6BDFFFFFFE7DE
310
DEBDB5B5E7DEDEFFFFFFD6D6D6BDB5B5E7E7E7FFFFFFF7F7F7BDBDBDC6C6BDFF
310
FFFFFFFFFFDED6D6B5B5B5EFEFEFFFFFFFEFEFEFB5B5B5E7E7E7EFEFEFBDB5B5
310
DEDED6C6BDBDE7E7E7C6C6C6DEDED6BDBDBDD6D6D6FFFFFFDEDEDEBDB5B5F7F7
310
F7E7DEDEB5B5B5F7F7F7FFFFFFF7F7F7B5B5B5D6D6D6FFFFFFFFFFFFDEDED6BD
310
B5B5E7E7E7FFFFFFDED6D6BDBDB5B5B5B5BDBDBDDEDEDEFFFFFFD6D6D6BDB5B5
310
EFEFEFEFEFEFB5B5B5BDB5B5B5B5B5BDB5B5DEDEDEF7F7F7B5B5B5BDB5B5BDB5
310
B5BDB5B5CECECEFFFFFFF7F7F7BDBDB5C6C6C6FFFFFFF7F7F7BDB5B5D6CECEFF
310
FFFFB5B5B5DEDED6C6C6C6D6D6D6C6C6C6CEC6C6FFFFFFBDBDBDC6BDBDFFFFFF
310
C6C6C6C6C6C6CECECEFFFFFFEFEFEFC6C6C6B5B5B5BDB5B5CECEC6FFFFFFFFFF
310
FFE7E7E7E7DEDEE7E7E7F7F7F7FFFFFFFFFFFFFFF7F7C6C6C6BDB5B5BDB5B5FF
310
FFFFF7F7F7EFEFEFFFFFFFFFFFFFFFFFFFBDBDBDB5B5B5BDBDBDB5B5B5CEC6C6
310
FFFFFFF7F7F7B5B5B5D6D6D6FFFFFFFFFFFFBDBDBDC6C6BDF7F7F7C6C6C6B5B5
310
B5BDBDBDB5B5B5C6C6C6F7F7F7FFFFFFB5B5B5CECECEFFFFFFFFFFFFC6C6BDBD
310
BDBDFFFFFFFFFFFFE7E7E7BDB5B5DEDEDEFFFFFFFFFFFFD6CECEB5B5B5FFFFFF
310
E7E7E7BDB5B5B5B5B5BDB5B5DED6D6FFFFFFFFFFFFFFFFFFCEC6C6BDB5B5B5B5
310
B5CEC6C6F7F7F7FFFFFFBDB5B5BDBDB5BDBDB5BDB5B5C6BDBDFFFFFFDEDEDEBD
310
B5B5B5B5B5BDB5B5B5B5B5E7E7E7FFFFFFFFFFFFBDB5B5BDBDBDFFFFFFFFFFFF
310
EFEFEFBDB5B5CECECEFFFFFFE7E7E7BDB5B5EFEFEFEFEFEFB5B5B5F7EFEFFFFF
310
FFC6C6C6BDBDB5FFFFFFFFFFFFFFFFFFFFFFFFC6BDBDBDBDBDFFFFFFF7F7F7CE
310
CECEB5B5B5BDB5B5C6C6C6F7F7F7FFFFFFFFFFFFD6D6CEBDB5B5EFEFEFFFFFFF
310
FFFFFFFFFFFFFFFFFFFFFFFFFFFFFFFFFFFFFFFFFFFFFFFFFFFFFFFFFFFFFFFF
310
FF00FFFFFFFFFFFFFFFFFF6B84E72952DE2952D62952DE294AD62952DE2952D6
310
2952DE294AD62952DE2952D62952DE294AD62952DE2952D62952DE294AD62952
310
DE2952D62952DE294AD62952DE2952D62952DE294AD62952DE294AD6214ADEAD
310
BDEFFFFFFFFFF7F7FFF7F7F7F7F7FFFFFFFFF7F7FFFFFFA5ADE7214ADE294AD6
310
2952DE294AD62952DE2952D62952DE294AD62952DE2952D62952DE294AD62952
310
DE2952D62952DE294AD6ADBDF7FFFFFFFFFFFFFFFFFFFFFFFFFFFFFFFFFFFFFF
310
FFFFFFFFFFFFFFFFFFFFFFFFFFFFFFFFFFFFFFFFFFFFFFFFFFFFFFFFFFEFE7E7
310
BDB5B5DEDEDEFFFFFFBDB5B5C6C6BDDED6D6D6D6D6B5B5B5DED6D6FFFFFFBDBD
310
BDC6C6C6FFFFFFDEDEDEBDBDBDE7DEDEFFFFFFFFFFFFFFFFFFFFFFFFDEDEDEB5
310
B5B5EFEFEFBDB5B5DEDEDEFFFFFFE7E7E7B5B5B5E7E7E7FFFFFFDEDEDEB5B5B5
310
EFEFEFFFFFFFFFFFFFBDB5B5CEC6C6FFFFFFFFFFFFDED6D6BDB5B5EFEFEFFFFF
310
FFE7E7E7BDB5B5E7E7DEF7EFEFB5B5B5D6CECEBDBDBDFFFFFFCEC6C6CECECEBD
310
B5B5DEDED6FFFFFFF7F7F7B5B5B5E7E7E7CECECEC6C6C6FFFFFFFFFFFFF7EFEF
310
BDB5B5D6D6D6FFFFFFFFFFFFDEDEDEB5B5B5EFEFEFEFEFEFBDB5B5BDBDBDE7E7
310
E7FFFFFFFFFFFFFFFFFFDEDEDEB5B5B5F7F7F7EFEFEFBDBDB5CECECEE7E7E7E7
310
E7E7FFFFFFF7F7F7BDB5B5D6CECEFFFFFFD6D6D6BDBDBDEFEFEFFFFFFFBDB5B5
310
CECEC6FFFFFFFFF7F7B5B5B5D6D6D6F7F7F7BDBDB5C6C6C6BDBDBDEFEFEFCEC6
310
C6C6C6C6FFFFFFBDBDBDC6C6C6FFFFFFFFFFFFFFFFFFFFFFFFFFFFFFC6C6C6B5
310
B5B5D6D6D6F7F7F7FFFFFFFFFFFFFFFFFFFFFFFFFFFFFFFFFFFFFFFFFFFFFFFF
310
FFFFFFFFFFFFD6D6D6B5B5B5BDBDBDD6D6D6FFFFFFFFFFFFFFFFFFFFFFFFFFFF
310
FFBDBDB5C6C6C6F7F7F7E7E7E7BDB5B5E7E7E7F7F7F7BDBDB5D6CECEFFFFFFFF
310
FFFFC6C6BDC6C6BDFFFFFFC6BDBDC6C6BDEFE7E7D6D6D6BDBDB5F7F7F7FFFFFF
310
BDB5B5CEC6C6FFFFFFFFFFFFC6C6C6BDBDB5FFFFFFFFFFFFEFE7E7B5B5B5E7E7
310
E7FFFFFFFFFFFFCECECEBDBDB5FFF7F7EFE7E7B5B5B5C6C6C6B5B5B5E7E7E7FF
310
FFFFFFFFFFCECECEBDB5B5CEC6C6EFEFEFFFFFFFFFFFFFF7F7F7BDBDBDC6C6C6
310
FFFFFFDEDEDEBDBDB5E7E7E7E7E7E7B5B5B5D6D6D6E7E7E7E7E7E7F7F7F7FFFF
310
FFFFFFFFE7E7E7B5B5B5DEDEDEFFFFFFF7F7F7B5B5B5D6D6D6FFFFFFFFFFFFB5
310
B5B5DEDEDED6D6D6BDBDBDFFFFFFFFFFFFC6C6BDC6BDBDFFFFFFFFFFFFFFFFFF
310
FFFFFFC6BDBDC6C6C6FFFFFFD6CECEB5B5B5CECECEEFEFEFFFFFFFFFFFFFFFFF
310
FFFFFFFFDED6D6B5B5B5F7F7F7FFFFFFFFFFFFFFFFFFFFFFFFFFFFFFFFFFFFFF
310
FFFFFFFFFFFFFFFFFFFFFFFFFFFFFFFFFF00FFFFFFFFFFFFDEE7FF315ADE294A
310
D62952D6294AD62952DE294AD62952D6294AD62952DE294AD62952D6294AD629
310
52DE294AD62952D6294AD62952DE294AD62952D6294AD62952DE294AD62952D6
310
294AD62952DE294AD61842D6738CDEFFFFFFF7F7F7FFF7F7F7F7F7FFF7F7F7F7
310
F7FFFFF7CED6EF3152DE214AD62952D6294AD62952DE294AD62952D6294AD629
310
52DE294AD62952D6294AD62952DE294AD62952D6294AD62952DE5A73DEFFFFFF
310
FFFFFFFFFFFFFFFFFFFFFFFFFFFFFFFFFFFFFFFFFFFFFFFFFFFFFFFFFFFFFFFF
310
FFFFFFFFFFFFFFFFFFFFFFFFFFEFE7E7B5B5B5E7DEDEFFFFFFBDB5B5CEC6C6FF
310
FFFFEFEFEFBDB5B5D6D6D6FFFFFFB5B5B5CECECEFFFFFFFFF7F7B5B5B5CECECE
310
FFFFFFFFFFFFFFFFFFFFFFFFEFEFEFBDB5B5CECECEBDB5B5EFEFEFFFFFFFDEDE
310
DEBDB5B5E7E7DEFFFFFFD6D6D6BDB5B5EFEFE7FFFFFFFFFFFFBDBDB5C6C6C6FF
310
FFFFFFFFFFDEDEDEB5B5B5EFEFEFFFFFFFE7E7E7B5B5B5EFEFEFEFEFEFBDB5B5
310
BDBDB5C6C6C6FFFFFFD6D6D6BDB5B5BDB5B5D6D6D6FFFFFFFFFFFFBDBDBDC6C6
310
C6BDBDBDD6D6D6FFFFFFFFFFFFF7F7F7B5B5B5D6D6D6FFFFFFFFFFFFDEDEDEBD
310
B5B5EFE7E7E7E7E7B5B5B5E7E7E7FFFFFFEFE7E7D6D6D6FFFFFFD6D6D6BDB5B5
310
F7EFEFEFEFEFB5B5B5E7E7DEFFFFFFFFFFFFFFFFFFF7EFEFB5B5B5DED6D6FFFF
310
FFEFEFEFB5B5B5E7DEDEFFFFFFBDB5B5C6C6C6FFFFFFF7F7F7BDB5B5D6D6CEFF
310
FFFFB5B5B5BDB5B5C6C6C6FFFFFFC6BDBDC6C6C6FFFFFFCEC6C6B5B5B5FFFFFF
310
FFFFFFD6D6D6D6D6D6FFFFFFB5B5B5C6C6C6FFFFFFFFFFFFD6D6D6EFEFEFFFFF
310
FFFFFFFFFFFFFFFFFFFFFFFFFFFFFFFFFFFFFFF7F7F7B5B5B5E7DEDEE7DEDEBD
310
B5B5EFEFEFFFFFFFFFFFFFFFFFFFF7F7F7BDBDB5C6C6C6FFFFFFF7F7F7BDB5B5
310
CECECEFFFFFFB5B5B5CECEC6FFFFFFFFFFFFB5B5B5CEC6C6FFFFFFC6BDBDC6BD
310
BDFFFFFFF7F7F7BDB5B5D6CECEFFFFFFBDB5B5C6C6C6FFFFFFFFFFFFBDBDBDC6
310
C6BDFFFFFFFFFFFFE7E7E7BDB5B5E7DEDEFFFFFFFFFFFFD6CECEB5B5B5FFFFFF
310
E7E7E7BDB5B5DEDEDEC6C6C6BDB5B5FFFFFFFFFFFFC6C6C6BDB5B5FFFFFFFFFF
310
FFDEDEDEE7E7E7FFFFFFB5B5B5CECEC6FFFFFFF7F7EFB5B5B5DEDEDEE7E7DEBD
310
B5B5EFE7E7FFFFFFFFFFFFFFFFFFFFFFFFFFFFFFFFFFFFC6C6C6B5B5B5FFFFFF
310
F7F7F7BDB5B5CECECEFFFFFFFFFFFFC6C6C6C6C6BDC6C6BDCEC6C6FFFFFFFFFF
310
FFC6C6C6BDBDBDFFFFFFFFFFFFFFFFFFFFFFFFC6C6BDBDBDBDFFFFFFC6BDBDBD
310
BDBDFFFFFFFFFFFFD6D6D6E7E7E7FFFFFFFFFFFFD6D6D6BDB5B5EFEFEFFFFFFF
310
FFFFFFFFFFFFFFFFFFFFFFFFFFFFFFFFFFFFFFFFFFFFFFFFFFFFFFFFFFFFFFFF
310
FF00FFFFFFFFFFFFA5B5F72952D62952DE294AD62952DE2952D62952DE294AD6
310
2952DE2952D62952DE294AD62952DE2952D62952DE294AD62952DE2952D62952
310
DE294AD62952DE2952D62952DE294AD62952DE2952D6214ADE4263DEF7EFF7FF
310
FFF7FFF7F7F7F7F7FFFFFFFFF7F7FFFFFFF7F7F75273DE2142D62952DE294AD6
310
2952DE2952D62952DE294AD62952DE2952D62952DE294AD62952DE2952D62952
310
DE294AD62952DE2952D63152DEDEDEFFFFFFFFFFFFFFFFFFFFFFFFFFFFFFFFFF
310
FFFFFFFFFFFFFFFFFFFFFFFFFFFFFFFFFFFFFFFFFFFFFFFFFFFFFFFFFFE7E7E7
310
BDBDB5DEDEDEFFFFFFB5B5B5CECECEFFFFFFF7F7F7B5B5B5DED6D6FFFFFFBDBD
310
BDBDBDBDE7E7E7CECEC6BDB5B5DED6D6FFFFFFFFFFFFFFFFFFFFFFFFFFFFFFBD
310
BDBDBDB5B5BDBDB5FFFFFFFFFFFFE7E7E7B5B5B5E7E7E7FFFFFFDEDEDEB5B5B5
310
EFEFEFDEDEDED6D6D6B5B5B5C6BDBDD6D6D6E7E7E7EFEFEFBDBDB5CEC6C6EFEF
310
EFC6C6BDBDBDBDFFFFFFEFEFEFB5B5B5BDBDB5D6CECEFFFFFFE7E7E7BDBDB5B5
310
B5B5DED6D6FFFFFFFFFFFFCECECEBDB5B5B5B5B5EFEFEFFFFFFFDEDEDECECECE
310
BDBDB5C6BDBDDED6D6EFEFEFE7E7E7B5B5B5EFEFEFEFEFEFBDBDB5D6CECEEFEF
310
EFBDB5B5BDBDBDFFFFFFDEDEDEB5B5B5F7F7F7EFEFEFBDB5B5C6C6C6DEDEDED6
310
D6D6EFEFEFEFEFEFBDBDB5C6C6C6E7E7E7C6C6BDBDBDB5EFE7E7FFFFFFB5B5B5
310
CEC6C6FFFFFFF7F7F7B5B5B5D6D6D6F7F7F7BDB5B5B5B5B5E7E7E7FFFFFFC6C6
310
BDC6C6C6FFFFFFDEDEDEBDB5B5DED6D6E7E7E7B5B5B5D6CECEFFFFFFC6C6C6BD
310
B5B5EFEFEFD6CECEBDBDB5E7E7E7FFFFFFFFFFFFFFFFFFFFFFFFFFFFFFFFFFFF
310
FFFFFFF7F7F7BDB5B5DEDEDEE7E7E7B5B5B5F7F7F7FFFFFFFFFFFFFFFFFFFFFF
310
FFBDB5B5C6BDBDE7DEDECECECEB5B5B5DEDEDEFFFFFFCECEC6B5B5B5EFEFEFDE
310
DEDEBDB5B5DEDEDEFFFFFFBDBDBDBDBDBDDEDEDECECECEB5B5B5DEDEDEFFFFFF
310
D6CECEB5B5B5E7E7E7DEDEDEBDBDB5D6D6D6FFFFFFD6D6D6CECECEB5B5B5CECE
310
CED6D6D6F7F7F7D6CECEBDB5B5F7F7F7EFE7E7B5B5B5EFEFEFF7EFEFBDBDB5CE
310
CEC6FFFFFFCECECEBDBDB5E7E7E7DEDEDEB5B5B5DEDEDEFFFFFFBDBDB5BDBDBD
310
E7E7E7C6C6C6BDB5B5EFEFEFE7E7E7B5B5B5CECECED6D6D6DEDED6EFEFEFF7F7
310
F7D6D6D6DEDEDEC6C6C6BDB5B5D6D6D6FFFFFFB5B5B5D6CECEFFFFFFFFFFFFD6
310
D6D6BDB5B5B5B5B5E7E7E7FFFFFFFFFFFFBDBDBDC6BDBDFFFFFFFFFFFFFFFFFF
310
FFFFFFBDBDBDC6BDBDFFFFFFD6CECEB5B5B5EFE7E7DEDED6BDBDB5DED6D6F7EF
310
EFD6D6D6C6C6C6B5B5B5D6CECED6D6D6FFFFFFFFFFFFFFFFFFFFFFFFFFFFFFFF
310
FFFFFFFFFFFFFFFFFFFFFFFFFFFFFFFFFF00FFFFFFFFFFFF5A7BDE2952D6294A
310
D62952DE294AD62952D6294AD62952DE294AD62952D6294AD62952DE294AD629
310
52D6294AD62952DE294AD62952D6294AD62952DE294AD62952D6294AD62952DE
310
294AD6294AD6214AD6C6CEEFFFFFF7FFF7F7F7F7F7FFF7F7F7F7F7FFF7F7FFFF
310
F77B94E71842D62952D6294AD62952DE294AD62952D6294AD62952DE294AD629
310
52D6294AD62952DE294AD62952D6294AD62952DE294AD62952D6294AD6A5B5F7
310
FFFFFFFFFFFFFFFFFFFFFFFFFFFFFFFFFFFFFFFFFFFFFFFFFFFFFFFFFFFFFFFF
310
FFFFFFFFFFFFFFFFFFFFFFFFFFEFEFEFBDBDBDE7E7E7FFFFFFC6C6C6CECECEFF
310
FFFFF7EFEFC6C6BDDED6D6FFFFFFC6C6C6C6BDBDBDB5B5C6BDBDCECECEFFFFFF
310
FFFFFFFFFFFFFFFFFFFFFFFFFFFFFFD6D6D6BDBDBDD6D6D6FFFFFFFFFFFFE7E7
310
E7C6C6BDE7E7E7FFFFFFDEDEDEC6C6BDE7E7E7CEC6C6BDBDBDC6C6BDBDBDBDBD
310
BDBDCECECEFFFFFFDEDEDEBDBDBDB5B5B5BDBDBDE7DEDEFFFFFFEFEFEFC6C6BD
310
BDBDBDE7E7E7FFFFFFF7F7F7BDBDBDC6BDBDDEDEDEFFFFFFFFFFFFE7E7E7BDBD
310
BDC6C6C6FFFFFFF7F7F7BDBDBDC6BDBDBDBDBDC6BDBDBDBDB5E7DEDEE7E7E7C6
310
BDBDEFEFEFFFFFFFD6D6D6BDBDBDB5B5B5C6BDBDE7E7E7FFFFFFDEDEDEC6C6BD
310
F7F7F7F7EFEFBDBDBDC6BDBDBDB5B5BDBDBDD6D6D6F7F7F7BDBDBDC6BDBDBDBD
310
B5C6BDBDD6D6D6FFFFFFFFFFFFC6C6C6CECECEFFFFFFF7F7F7C6C6BDD6D6D6FF
310
FFFFC6BDBDC6C6C6F7F7F7FFFFFFCEC6C6CECECEFFFFFFFFFFFFCECECEBDBDB5
310
B5B5B5CEC6C6F7F7F7FFFFFFEFEFEFC6C6C6B5B5B5BDBDBDCECECEFFFFFFFFFF
310
FFFFFFFFFFFFFFFFFFFFFFFFFFFFFFFFFFFFFFFFFFFFDEDEDEC6C6C6BDBDBDDE
310
DEDEFFFFFFFFFFFFFFFFFFFFFFFFFFFFFFCEC6C6BDBDBDBDBDBDBDBDBDD6CECE
310
F7F7F7FFFFFFF7F7F7CEC6C6B5B5B5BDB5B5CECECEFFFFFFFFFFFFCECECEBDBD
310
BDBDBDBDBDBDBDD6D6D6FFFFFFFFFFFFF7F7F7CEC6C6B5B5B5BDB5B5CEC6C6FF
310
FFFFEFEFEFBDBDBDBDBDBDC6BDBDBDBDBDBDBDBDE7E7E7DEDEDEBDBDBDFFFFFF
310
E7E7E7C6BDBDE7E7E7FFFFFFD6D6D6C6BDBDEFEFEFFFFFFFC6C6C6BDB5B5B5B5
310
B5CECECEF7F7F7FFFFFFC6C6C6C6BDBDBDB5B5C6BDBDDED6D6FFFFFFE7E7E7C6
310
BDBDBDBDBDBDBDBDBDB5B5E7E7E7E7E7E7BDBDBDBDB5B5C6BDBDBDBDBDDEDEDE
310
F7F7F7C6BDBDD6D6D6FFFFFFFFFFFFEFEFEFBDBDBDC6C6C6F7F7F7FFFFFFFFFF
310
FFCECECEC6C6C6FFFFFFFFFFFFFFFFFFFFFFFFCECECEC6C6C6FFFFFFF7F7F7CE
310
C6C6B5B5B5BDBDB5CEC6C6FFFFFFDEDEDEBDBDBDBDBDBDC6BDBDBDBDBDBDBDBD
310
FFFFFFFFFFFFFFFFFFFFFFFFFFFFFFFFFFFFFFFFFFFFFFFFFFFFFFFFFFFFFFFF
310
FF00FFFFFFEFEFFF395ADE294AD62952DE2952D62952DE294AD62952DE2952D6
310
2952DE294AD62952DE2952D62952DE294AD62952DE2952D62952DE294AD62952
310
DE2952D62952DE294AD62952DE2952D62952DE1842D68C9CEFFFFFF7FFF7F7F7
310
F7F7FFFFFFFFF7F7FFF7F7FFFFF7B5BDEF214AD62952DE294AD62952DE2952D6
310
2952DE294AD62952DE2952D62952DE294AD62952DE2952D62952DE294AD62952
310
DE2952D62952DE294AD62952DE6B84E7FFFFFFFFFFFFFFFFFFFFFFFFFFFFFFFF
310
FFFFFFFFFFFFFFFFFFFFFFFFFFFFFFFFFFFFFFFFFFFFFFFFFFFFFFFFFFFFFFFF
310
FFFFFFFFFFFFFFFFFFFFFFFFFFFFFFFFFFFFFFFFFFFFFFFFFFFFFFFFFFFFFFFF
310
FFFFFFFFFFFFFFFFFFFFFFFFFFFFFFFFFFFFFFFFFFFFFFFFFFFFFFFFFFFFFFFF
310
FFFFFFFFFFFFFFFFFFFFFFFFFFFFFFFFFFFFFFFFFFFFFFFFFFFFFFFFFFFFFFFF
310
FFFFFFFFFFFFFFFFFFFFFFFFFFFFFFFFFFFFFFFFFFFFFFFFFFFFFFFFFFFFFFFF
310
FFFFFFFFFFFFFFFFFFFFFFFFFFFFFFFFFFFFFFFFFFFFFFFFFFFFFFFFFFFFFFFF
310
FFFFFFFFFFFFFFFFFFFFFFFFFFFFFFFFFFFFFFFFFFFFFFFFFFFFFFFFFFFFFFFF
310
FFFFFFFFFFFFFFFFFFFFFFFFFFFFFFFFFFFFFFFFFFFFFFFFFFFFFFFFFFFFFFFF
310
FFFFFFFFFFFFFFFFFFFFFFFFFFFFFFFFFFFFFFFFFFFFFFFFFFFFFFFFFFFFFFFF
310
FFFFFFFFFFFFFFFFFFFFFFFFFFFFFFFFFFFFFFFFFFFFFFFFFFFFFFFFFFFFFFFF
310
FFFFFFFFFFFFFFFFFFFFFFFFFFFFFFFFFFFFFFFFFFFFFFFFFFFFFFFFFFFFFFFF
310
FFFFFFFFFFFFFFFFFFFFFFFFFFF7F7F7FFFFFFFFFFFFFFFFFFFFFFFFFFFFFFFF
310
FFFFFFFFFFFFFFFFFFFFFFFFFFFFFFFFFFFFFFFFFFFFFFFFFFFFFFFFFFFFFFFF
310
FFFFFFFFFFFFFFFFFFFFFFFFFFFFFFFFFFFFFFFFFFFFFFFFFFFFFFFFFFFFFFFF
310
FFFFFFFFFFFFFFFFFFFFFFFFFFFFFFFFFFFFFFFFFFFFFFFFFFFFFFFFFFFFFFF7
310
F7F7FFFFFFFFFFFFFFFFFFFFFFFFFFFFFFFFFFFFFFFFFFFFFFFFFFFFFFFFFFFF
310
FFFFFFFFFFFFFFFFFFF7F7F7FFFFFFFFFFFFFFFFFFFFFFFFFFFFFFFFFFFFFFFF
310
FFFFFFFFFFFFFFFFFFFFFFFFFFFFFFFFFFFFFFFFFFFFFFFFFFFFFFFFFFFFFFFF
310
FFFFFFFFFFFFFFFFFFFFFFF7F7F7FFFFFFFFFFFFFFFFFFFFFFFFFFFFFFFFFFFF
310
FFFFFFFFFFFFFFFFFFFFFFFFFFFFFFFFFFFFFFFFFFFFFFFFFFFFFFFFFFFFFFFF
310
FFFFFFFFFFFFFFFFFFFFFFFFFFFFFFFFFFFFFFFFFFFFFFFFFFFFFFFFFFFFFFFF
310
FFFFFFFFFFFFFFFFFFFFFFFFFFFFFFFFFFFFFFFFFFFFFFFFFFFFFFFFFFFFFFFF
310
FFFFFFFFFFFFFFFFFFFFFFFFFFFFFFFFFFFFFFFFFFF7F7F7FFFFFFFFFFFFFFFF
310
FFFFFFFFFFFFFFFFFFFFFFFFFFFFFFFFFFFFFFFFFFFFFFFFFFFFFFFFFFFFFFFF
310
FFFFFFFFFFFFFFFFFFFFFFFFFFFFFFFFFF00FFFFFFC6D6F7294AD62952DE294A
310
D62952D6294AD62952DE294AD62952D6294AD62952DE294AD62952D6294AD629
310
52DE294AD62952D6294AD62952DE294AD62952D6294AD62952DE294AD62952D6
310
1842D65273DEF7F7F7FFFFF7F7F7F7FFF7F7F7F7F7FFF7F7FFFFF7DEDEF73152
310
D6214AD6294AD62952DE294AD62952D6294AD62952DE294AD62952D6294AD629
310
52DE294AD62952D6294AD62952DE294AD62952D6294AD62952DE294AD64263DE
310
F7F7FFFFFFFFFFFFFFFFFFFFFFFFFFFFFFFFFFFFFFFFFFFFFFFFFFFFFFFFFFFF
310
FFFFFFFFFFFFFFFFFFFFFFFFFFFFFFFFFFFFFFFFFFFFFFFFFFFFFFFFFFFFFFFF
310
FFFFFFFFFFFFFFFFFFFFFFFFFFFFFFFFFFFFFFFFFFFFFFFFFFFFFFFFFFFFFFFF
310
FFFFFFFFFFFFFFFFFFFFFFFFFFFFFFFFFFFFFFFFFFFFFFFFFFFFFFFFFFFFFFFF
310
FFFFFFFFFFFFFFFFFFFFFFFFFFFFFFFFFFFFFFFFFFFFFFFFFFFFFFFFFFFFFFFF
310
FFFFFFFFFFFFFFFFFFFFFFFFFFFFFFFFFFFFFFFFFFFFFFFFFFFFFFFFFFFFFFFF
310
FFFFFFFFFFFFFFFFFFFFFFFFFFFFFFFFFFFFFFFFFFFFFFFFFFFFFFFFFFFFFFFF
310
FFFFFFFFFFFFFFFFFFFFFFFFFFFFFFFFFFFFFFFFFFFFFFFFFFFFFFFFFFFFFFFF
310
FFFFFFFFFFFFFFFFFFFFFFFFFFFFFFFFFFFFFFFFFFFFFFFFFFFFFFFFFFFFFFFF
310
FFFFFFFFFFFFFFFFFFFFFFFFFFFFFFFFFFFFFFFFFFFFFFFFFFFFFFFFFFFFFFFF
310
FFFFFFFFFFFFFFFFFFFFFFFFFFFFFFFFFFFFFFFFFFFFFFFFFFFFFFFFFFFFFFFF
310
FFFFFFFFFFFFFFFFFFFFFFFFFFFFFFFFFFFFFFFFFFFFFFFFFFFFFFFFFFFFFFFF
310
FFFFFFFFFFFFFFFFFFFFFFFFFFFFFFFFFFFFFFFFFFFFFFFFFFFFFFFFFFFFFFFF
310
FFFFFFFFFFFFFFFFFFFFFFFFFFFFFFFFFFFFFFFFFFFFFFFFFFFFFFFFFFFFFFFF
310
FFFFFFFFFFFFFFFFFFFFFFFFFFFFFFFFFFFFFFFFFFFFFFFFFFFFFFFFFFFFFFFF
310
FFFFFFFFFFFFFFFFFFFFFFFFFFFFFFFFFFFFFFFFFFFFFFFFFFFFFFFFFFFFFFFF
310
FFFFFFFFFFFFFFFFFFFFFFFFFFFFFFFFFFFFFFFFFFFFFFFFFFFFFFFFFFFFFFFF
310
FFFFFFFFFFFFFFFFFFFFFFFFFFFFFFFFFFFFFFFFFFFFFFFFFFFFFFFFFFFFFFFF
310
FFFFFFFFFFFFFFFFFFFFFFFFFFFFFFFFFFFFFFFFFFFFFFFFFFFFFFFFFFFFFFFF
310
FFFFFFFFFFFFFFFFFFFFFFFFFFFFFFFFFFFFFFFFFFFFFFFFFFFFFFFFFFFFFFFF
310
FFFFFFFFFFFFFFFFFFFFFFFFFFFFFFFFFFFFFFFFFFFFFFFFFFFFFFFFFFFFFFFF
310
FFFFFFFFFFFFFFFFFFFFFFFFFFFFFFFFFFFFFFFFFFFFFFFFFFFFFFFFFFFFFFFF
310
FFFFFFFFFFFFFFFFFFFFFFFFFFFFFFFFFFFFFFFFFFFFFFFFFFFFFFFFFFFFFFFF
310
FFFFFFFFFFFFFFFFFFFFFFFFFFFFFFFFFFFFFFFFFFFFFFFFFFFFFFFFFFFFFFFF
310
FFFFFFFFFFFFFFFFFFFFFFFFFFFFFFFFFFFFFFFFFFFFFFFFFFFFFFFFFFFFFFFF
310
FF00FFFFFF9CADEF2952DE2952D62952DE294AD62952DE2952D62952DE294AD6
310
2952DE2952D62952DE294AD62952DE2952D62952DE294AD62952DE2952D62952
310
DE294AD62952DE2952D62952DE214AD63152DED6D6EFFFFFFFF7F7F7FFFFFFFF
310
F7F7FFF7F7FFF7F7FFFFFF5A73DE214AD6294AD62952DE2952D62952DE294AD6
310
2952DE2952D62952DE294AD62952DE2952D62952DE294AD62952DE2952D62952
310
DE294AD62952DE2952D62952DE2952D6DEE7FFFFFFFFFFFFFFFFFFFFFFFFFFFF
310
FFFFFFFFFFFFFFFFFFFFFFFFFFFFFFFFFFFFFFFFFFFFFFFFFFFFFFFFFFFFFFFF
310
FFFFFFFFFFFFFFFFFFFFFFFFFFFFFFFFFFFFFFFFFFFFFFFFFFFFFFFFFFFFFFFF
310
FFFFFFFFFFFFFFFFFFFFFFFFFFFFFFFFFFFFFFFFFFFFFFFFFFFFFFFFFFFFFFFF
310
FFFFFFFFFFFFFFFFFFFFFFFFFFFFFFFFFFFFFFFFFFFFFFFFFFFFFFFFFFFFFFFF
310
FFFFFFFFFFFFFFFFFFFFFFFFFFFFFFFFFFFFFFFFFFFFFFFFFFFFFFFFFFFFFFFF
310
FFFFFFFFFFFFFFFFFFFFFFFFFFFFFFFFFFFFFFFFFFFFFFFFFFFFFFFFFFFFFFFF
310
FFFFFFFFFFFFFFFFFFFFFFFFFFFFFFFFFFFFFFFFFFFFFFFFFFFFFFFFFFFFFFFF
310
FFFFFFFFFFFFFFFFFFFFFFFFFFFFFFFFFFFFFFFFFFFFFFFFFFFFFFFFFFFFFFFF
310
FFFFFFFFFFFFFFFFFFFFFFFFFFFFFFFFFFFFFFFFFFFFFFFFFFFFFFFFFFFFFFFF
310
FFFFFFFFFFFFFFFFFFFFFFFFFFFFFFFFFFFFFFFFFFFFFFFFFFFFFFFFFFFFFFFF
310
FFFFFFFFFFFFFFFFFFFFFFFFFFFFFFFFFFFFFFFFFFFFFFFFFFFFFFFFFFFFFFFF
310
FFFFFFFFFFFFFFFFFFFFFFFFFFFFFFFFFFFFFFFFFFFFFFFFFFFFFFFFFFFFFFFF
310
FFFFFFFFFFFFFFFFFFFFFFFFFFFFFFFFFFFFFFFFFFFFFFFFFFFFFFFFFFFFFFFF
310
FFFFFFFFFFFFFFFFFFFFFFFFFFFFFFFFFFFFFFFFFFFFFFFFFFFFFFFFFFFFFFFF
310
FFFFFFFFFFFFFFFFFFFFFFFFFFFFFFFFFFFFFFFFFFFFFFFFFFFFFFFFFFFFFFFF
310
FFFFFFFFFFFFFFFFFFFFFFFFFFFFFFFFFFFFFFFFFFFFFFFFFFFFFFFFFFFFFFFF
310
FFFFFFFFFFFFFFFFFFFFFFFFFFFFFFFFFFFFFFFFFFFFFFFFFFFFFFFFFFFFFFFF
310
FFFFFFFFFFFFFFFFFFFFFFFFFFFFFFFFFFFFFFFFFFFFFFFFFFFFFFFFFFFFFFFF
310
FFFFFFFFFFFFFFFFFFFFFFFFFFFFFFFFFFFFFFFFFFFFFFFFFFFFFFFFFFFFFFFF
310
FFFFFFFFFFFFFFFFFFFFFFFFFFFFFFFFFFFFFFFFFFFFFFFFFFFFFFFFFFFFFFFF
310
FFFFFFFFFFFFFFFFFFFFFFFFFFFFFFFFFFFFFFFFFFFFFFFFFFFFFFFFFFFFFFFF
310
FFFFFFFFFFFFFFFFFFFFFFFFFFFFFFFFFFFFFFFFFFFFFFFFFFFFFFFFFFFFFFFF
310
FFFFFFFFFFFFFFFFFFFFFFFFFFFFFFFFFFFFFFFFFFFFFFFFFFFFFFFFFFFFFFFF
310
FFFFFFFFFFFFFFFFFFFFFFFFFFFFFFFFFFFFFFFFFFFFFFFFFFFFFFFFFFFFFFFF
310
FFFFFFFFFFFFFFFFFFFFFFFFFFFFFFFFFF00FFFFFF8494EF294AD62952D6294A
310
D62952DE294AD62952D6294AD62952DE294AD62952D6294AD62952DE294AD629
310
52D6294AD62952DE294AD62952D6294AD62952DE294AD62952D6294AD61842D6
310
94A5E7FFFFF7F7F7F7FFF7F7F7F7F7FFF7F7F7F7F7FFFFFF8494E71842D6294A
310
D62952DE294AD62952D6294AD62952DE294AD62952D6294AD62952DE294AD629
310
52D6294AD62952DE294AD62952D6294AD62952DE294AD62952D6294AD62952DE
310
BDCEF7FFFFFFFFFFFFFFFFFFFFFFFFFFFFFFFFFFFFFFFFFFFFFFFFFFFFFFFFFF
310
FFFFFFFFFFFFFFFFFFFFFFFFFFFFFFFFFFFFFFFFFFFFFFFFFFFFFFFFFFFFFFFF
310
FFFFFFFFFFFFFFFFFFFFFFFFFFFFFFFFFFFFFFFFFFFFFFFFFFFFFFFFFFFFFFFF
310
FFFFFFFFFFFFFFFFFFFFFFFFFFFFFFFFFFFFFFFFFFFFFFFFFFFFFFFFFFFFFFFF
310
FFFFFFFFFFFFFFFFFFFFFFFFFFFFFFFFFFFFFFFFFFFFFFFFFFFFFFFFFFFFFFFF
310
FFFFFFFFFFFFFFFFFFFFFFFFFFFFFFFFFFFFFFFFFFFFFFFFFFFFFFFFFFFFFFFF
310
FFFFFFFFFFFFFFFFFFFFFFFFFFFFFFFFFFFFFFFFFFFFFFFFFFFFFFFFFFFFFFFF
310
FFFFFFFFFFFFFFFFFFFFFFFFFFFFFFFFFFFFFFFFFFFFFFFFFFFFFFFFFFFFFFFF
310
FFFFFFFFFFFFFFFFFFFFFFFFFFFFFFFFFFFFFFFFFFFFFFFFFFFFFFFFFFFFFFFF
310
FFFFFFFFFFFFFFFFFFFFFFFFFFFFFFFFFFFFFFFFFFFFFFFFFFFFFFFFFFFFFFFF
310
FFFFFFFFFFFFFFFFFFFFFFFFFFFFFFFFFFFFFFFFFFFFFFFFFFFFFFFFFFFFFFFF
310
FFFFFFFFFFFFFFFFFFFFFFFFFFFFFFFFFFFFFFFFFFFFFFFFFFFFFFFFFFFFFFFF
310
FFFFFFFFFFFFFFFFFFFFFFFFFFFFFFFFFFFFFFFFFFFFFFFFFFFFFFFFFFFFFFFF
310
FFFFFFFFFFFFFFFFFFFFFFFFFFFFFFFFFFFFFFFFFFFFFFFFFFFFFFFFFFFFFFFF
310
FFFFFFFFFFFFFFFFFFFFFFFFFFFFFFFFFFFFFFFFFFFFFFFFFFFFFFFFFFFFFFFF
310
FFFFFFFFFFFFFFFFFFFFFFFFFFFFFFFFFFFFFFFFFFFFFFFFFFFFFFFFFFFFFFFF
310
FFFFFFFFFFFFFFFFFFFFFFFFFFFFFFFFFFFFFFFFFFFFFFFFFFFFFFFFFFFFFFFF
310
FFFFFFFFFFFFFFFFFFFFFFFFFFFFFFFFFFFFFFFFFFFFFFFFFFFFFFFFFFFFFFFF
310
FFFFFFFFFFFFFFFFFFFFFFFFFFFFFFFFFFFFFFFFFFFFFFFFFFFFFFFFFFFFFFFF
310
FFFFFFFFFFFFFFFFFFFFFFFFFFFFFFFFFFFFFFFFFFFFFFFFFFFFFFFFFFFFFFFF
310
FFFFFFFFFFFFFFFFFFFFFFFFFFFFFFFFFFFFFFFFFFFFFFFFFFFFFFFFFFFFFFFF
310
FFFFFFFFFFFFFFFFFFFFFFFFFFFFFFFFFFFFFFFFFFFFFFFFFFFFFFFFFFFFFFFF
310
FFFFFFFFFFFFFFFFFFFFFFFFFFFFFFFFFFFFFFFFFFFFFFFFFFFFFFFFFFFFFFFF
310
FFFFFFFFFFFFFFFFFFFFFFFFFFFFFFFFFFFFFFFFFFFFFFFFFFFFFFFFFFFFFFFF
310
FFFFFFFFFFFFFFFFFFFFFFFFFFFFFFFFFFFFFFFFFFFFFFFFFFFFFFFFFFFFFFFF
310
FF00FFFFFF6384E72952DE294AD62952DE2952D62952DE294AD62952DE2952D6
310
2952DE294AD62952DE2952D62952DE294AD62952DE2952D62952DE294AD62952
310
DE2952D62952DE294AD6214ADE637BDEFFFFFFFFF7F7FFFFFFFFF7F7FFF7F7F7
310
F7F7FFFFFFBDC6EF1842D6214AD63152DE2952D62952DE294AD62952DE2952D6
310
2952DE294AD62952DE2952D62952DE294AD62952DE2952D62952DE294AD62952
310
DE2952D62952DE294AD62952DE2952D6ADBDF7FFFFFFFFFFFFFFFFFFFFFFFFFF
310
FFFFFFFFFFFFFFFFFFFFFFFFFFFFFFFFFFFFFFFFFFFFFFFFFFFFFFFFFFFFFFFF
310
FFFFFFFFFFFFFFFFFFFFFFFFFFFFFFFFFFFFFFFFFFFFFFFFFFFFFFFFFFFFFFFF
310
FFFFFFFFFFFFFFFFFFFFFFFFFFFFFFFFFFFFFFFFFFFFFFFFFFFFFFFFFFFFFFFF
310
FFFFFFFFFFFFFFFFFFFFFFFFFFFFFFFFFFFFFFFFFFFFFFFFFFFFFFFFFFFFFFFF
310
FFFFFFFFFFFFFFFFFFFFFFFFFFFFFFFFFFFFFFFFFFFFFFFFFFFFFFFFFFFFFFFF
310
FFFFFFFFFFFFFFFFFFFFFFFFFFFFFFFFFFFFFFFFFFFFFFFFFFFFFFFFFFFFFFFF
310
FFFFFFFFFFFFFFFFFFFFFFFFFFFFFFFFFFFFFFFFFFFFFFFFFFFFFFFFFFFFFFFF
310
FFFFFFFFFFFFFFFFFFFFFFFFFFFFFFFFFFFFFFFFFFFFFFFFFFFFFFFFFFFFFFFF
310
FFFFFFFFFFFFFFFFFFFFFFFFFFFFFFFFFFFFFFFFFFFFFFFFFFFFFFFFFFFFFFFF
310
FFFFFFFFFFFFFFFFFFFFFFFFFFFFFFFFFFFFFFFFFFFFFFFFFFFFFFFFFFFFFFFF
310
FFFFFFFFFFFFFFFFFFFFFFFFFFFFFFFFFFFFFFFFFFFFFFFFFFFFFFFFFFFFFFFF
310
FFFFFFFFFFFFFFFFFFFFFFFFFFFFFFFFFFFFFFFFFFFFFFFFFFFFFFFFFFFFFFFF
310
FFFFFFFFFFFFFFFFFFFFFFFFFFFFFFFFFFFFFFFFFFFFFFFFFFFFFFFFFFFFFFFF
310
FFFFFFFFFFFFFFFFFFFFFFFFFFFFFFFFFFFFFFFFFFFFFFFFFFFFFFFFFFFFFFFF
310
FFFFFFFFFFFFFFFFFFFFFFFFFFFFFFFFFFFFFFFFFFFFFFFFFFFFFFFFFFFFFFFF
310
FFFFFFFFFFFFFFFFFFFFFFFFFFFFFFFFFFFFFFFFFFFFFFFFFFFFFFFFFFFFFFFF
310
FFFFFFFFFFFFFFFFFFFFFFFFFFFFFFFFFFFFFFFFFFFFFFFFFFFFFFFFFFFFFFFF
310
FFFFFFFFFFFFFFFFFFFFFFFFFFFFFFFFFFFFFFFFFFFFFFFFFFFFFFFFFFFFFFFF
310
FFFFFFFFFFFFFFFFFFFFFFFFFFFFFFFFFFFFFFFFFFFFFFFFFFFFFFFFFFFFFFFF
310
FFFFFFFFFFFFFFFFFFFFFFFFFFFFFFFFFFFFFFFFFFFFFFFFFFFFFFFFFFFFFFFF
310
FFFFFFFFFFFFFFFFFFFFFFFFFFFFFFFFFFFFFFFFFFFFFFFFFFFFFFFFFFFFFFFF
310
FFFFFFFFFFFFFFFFFFFFFFFFFFFFFFFFFFFFFFFFFFFFFFFFFFFFFFFFFFFFFFFF
310
FFFFFFFFFFFFFFFFFFFFFFFFFFFFFFFFFFFFFFFFFFFFFFFFFFFFFFFFFFFFFFFF
310
FFFFFFFFFFFFFFFFFFFFFFFFFFFFFFFFFFFFFFFFFFFFFFFFFFFFFFFFFFFFFFFF
310
FFFFFFFFFFFFFFFFFFFFFFFFFFFFFFFFFF00FFFFFF5A73E7294AD62952DE294A
310
D62952D6294AD62952DE294AD62952D6294AD62952DE294AD62952D6294AD629
310
52DE294AD62952D6294AD62952DE294AD62952D6294AD62952DE1842D6B5BDEF
310
FFFFF7FFF7F7F7F7F7FFF7F7F7F7F7FFF7F7FFF7F7DEE7F77B94E72952DE1842
310
D62952D6294AD62952DE294AD62952D6294AD62952DE294AD62952D6294AD629
310
52DE294AD62952D6294AD62952DE294AD62952D6294AD62952DE294AD62952D6
310
94A5EFFFFFFFFFFFFFFFFFFFFFFFFFFFFFFFFFFFFFFFFFFFFFFFFFFFFFFFFFFF
310
FFFFFFFFFFFFFFFFFFFFFFFFFFF7F7FFE7EFFFEFF7FFE7EFFFEFEFFFEFEFFFEF
310
F7FFE7EFFFEFEFFFEFEFFFEFF7FFE7EFFFEFEFFFEFF7FFFFFFFFFFFFFFFFFFFF
310
EFEFFFE7EFFFE7E7FFE7EFFFE7E7FFE7EFFFE7E7FFE7EFFFE7EFFFFFFFFFFFFF
310
FFFFFFFFFFFFFFFFFFFFFFFFFFFFFFFFFFFFFFFFFFFFFFFFFFFFFFFFE7EFFFCE
310
D6FFB5C6EFBDC6F7CED6F7EFF7FFFFFFFFFFFFFFFFFFFFFFFFFFF7F7FFCED6F7
310
CED6F7CED6FFEFF7FFFFFFFFFFFFFFFFFFFFFFFFFFFFFFFFFFFFFFFFFFFFDEE7
310
FFCED6F7C6D6F7D6DEFFFFFFFFFFFFFFE7E7FFD6DEFFCED6F7D6DEFFCED6F7D6
310
DEFFC6D6F7D6DEFFDEE7FFF7FFFFFFFFFFFFFFFFFFFFFFFFFFFFFFFFFFFFFFFF
310
FFFFFFFFFFFFFFFFFFFFFFFFFFFFFFFFFFFFFFFFFFFFFFFFFFFFFFFFFFFFFFFF
310
FFFFFFFFFFFFFFFFFFFFFFFFFFFFFFFFFFFFFFFFFFFFFFFFFFFFFFFFFFFFFFFF
310
FFFFFFFFFFFFFFFFFFFFFFFFFFFFFFFFFFFFFFFFFFFFFFFFFFFFFFFFFFFFFFFF
310
FFFFFFFFFFFFFFFFFFFFFFFFFFFFFFFFFFFFFFFFFFFFFFFFFFFFFFFFFFFFFFFF
310
FFFFFFFFFFFFFFFFFFFFFFFFFFFFFFFFFFFFFFFFFFFFFFFFFFFFFFFFFFFFFFFF
310
FFFFFFFFFFFFFFFFFFFFFFFFFFFFFFFFFFFFFFFFFFFFFFFFFFFFFFFFFFFFFFFF
310
FFFFFFFFFFFFFFFFFFFFFFFFFFFFFFFFFFFFFFFFFFFFFFFFFFFFFFFFFFFFFFFF
310
FFFFFFFFFFFFFFFFFFFFFFFFFFFFFFFFFFFFFFFFFFFFFFFFFFFFFFFFFFFFFFFF
310
FFFFFFFFFFFFFFFFFFFFFFFFFFFFFFFFFFFFFFFFFFFFFFFFFFFFFFFFFFFFFFFF
310
FFFFFFFFFFFFFFFFFFFFFFFFFFFFFFFFFFFFFFFFFFFFFFFFFFFFFFFFFFFFFFFF
310
FFFFFFFFFFFFFFFFFFFFFFFFFFFFFFFFFFFFFFFFFFFFFFFFFFFFFFFFFFFFFFFF
310
FFFFFFFFFFFFFFFFFFFFFFFFFFFFFFFFFFFFFFFFFFFFFFFFFFFFFFFFFFFFFFFF
310
FFFFFFFFFFFFFFFFFFFFFFFFFFFFFFFFFFFFFFFFFFFFFFFFFFFFFFFFFFFFFFFF
310
FFFFFFFFFFFFFFFFFFFFFFFFFFFFFFFFFFFFFFFFFFFFFFFFFFFFFFFFFFFFFFFF
310
FFFFFFFFFFFFFFFFFFFFFFFFFFFFFFFFFFFFFFFFFFFFFFFFFFFFFFFFFFFFFFFF
310
FFFFFFFFFFFFFFFFFFFFFFFFFFFFFFFFFFFFFFFFFFFFFFFFFFFFFFFFFFFFFFFF
310
FF00FFFFFF4A6BDE2952DE2952D62952DE294AD62952DE2952D62952DE294AD6
310
2952DE2952D62952DE294AD62952DE2952D62952DE294AD62952DE2952D62952
310
DE294AD62952DE2952D6214AD6B5BDEFFFFFFFFFF7F7FFF7F7F7F7F7FFFFFFFF
310
F7F7FFF7F7FFF7F7FFFFFFCED6EF5A73DE1842D62952DE2952D62952DE294AD6
310
2952DE2952D62952DE294AD62952DE2952D62952DE294AD62952DE2952D62952
310
DE294AD62952DE2952D62952DE294AD694A5EFFFFFFFFFFFFFFFFFFFFFFFFFFF
310
FFFFFFFFFFFFFFFFFFFFFFFFFFFFFFFFFFFFFFFFFFFFFFFFFFFFFFFFFF738CE7
310
3963DE395ADE4263DE395ADE4263DE395ADE4263DE395ADE4263DE395ADE4263
310
DE395ADE6384E7FFFFFFFFFFFFFFFFFF6B84E73152DE395ADE3152D6395ADE31
310
5ADE395ADE3152D63963DE5273DE94ADEFF7F7FFFFFFFFFFFFFFFFFFFFFFFFFF
310
FFFFFFFFFFFFDEE7FF738CE73963DE2952D62952DE294AD62952DE3963DE7B94
310
EFDEE7FFFFFFFFFFFFFFEFF7FF315ADE2952DE2952D69CADEFFFFFFFFFFFFFFF
310
FFFFFFFFFFFFFFFFFFFFFFFFFFFF6384E7294AD62952DE637BE7FFFFFFFFFFFF
310
6384E72952D62952DE294AD62952DE2952D62952DE294AD6315ADE4A6BDE7B94
310
EFC6CEF7FFFFFFFFFFFFFFFFFFFFFFFFFFFFFFFFFFFFFFFFFFFFFFFFFFFFFFFF
310
FFFFFFFFFFFFFFFFFFFFFFFFFFFFFFFFFFFFFFFFFFFFFFFFFFFFFFFFFFFFFFFF
310
FFFFFFFFFFFFFFFFFFFFFFFFFFFFFFFFFFFFFFFFFFFFFFFFFFFFFFFFFFFFFFFF
310
FFFFFFFFFFFFFFFFFFFFFFFFFFFFFFFFFFFFFFFFFFFFFFFFFFFFFFFFFFFFFFFF
310
FFFFFFFFFFFFFFFFFFFFFFFFFFFFFFFFFFFFFFFFFFFFFFFFFFFFFFFFFFFFFFFF
310
FFFFFFFFFFFFFFFFFFFFFFFFFFFFFFFFFFFFFFFFFFFFFFFFFFFFFFFFFFFFFFFF
310
FFFFFFFFFFFFFFFFFFFFFFFFFFFFFFFFFFFFFFFFFFFFFFFFFFFFFFFFFFFFFFFF
310
FFFFFFFFFFFFFFFFFFFFFFFFFFFFFFFFFFFFFFFFFFFFFFFFFFFFFFFFFFFFFFFF
310
FFFFFFFFFFFFFFFFFFFFFFFFFFFFFFFFFFFFFFFFFFFFFFFFFFFFFFFFFFFFFFFF
310
FFFFFFFFFFFFFFFFFFFFFFFFFFFFFFFFFFFFFFFFFFFFFFFFFFFFFFFFFFFFFFFF
310
FFFFFFFFFFFFFFFFFFFFFFFFFFFFFFFFFFFFFFFFFFFFFFFFFFFFFFFFFFFFFFFF
310
FFFFFFFFFFFFFFFFFFFFFFFFFFFFFFFFFFFFFFFFFFFFFFFFFFFFFFFFFFFFFFFF
310
FFFFFFFFFFFFFFFFFFFFFFFFFFFFFFFFFFFFFFFFFFFFFFFFFFFFFFFFFFFFFFFF
310
FFFFFFFFFFFFFFFFFFFFFFFFFFFFFFFFFFFFFFFFFFFFFFFFFFFFFFFFFFFFFFFF
310
FFFFFFFFFFFFFFFFFFFFFFFFFFFFFFFFFFFFFFFFFFFFFFFFFFFFFFFFFFFFFFFF
310
FFFFFFFFFFFFFFFFFFFFFFFFFFFFFFFFFFFFFFFFFFFFFFFFFFFFFFFFFFFFFFFF
310
FFFFFFFFFFFFFFFFFFFFFFFFFFFFFFFFFF00FFFFFF5273DE294AD62952D6294A
310
D62952DE294AD62952D6294AD62952DE294AD62952D6294AD62952DE294AD629
310
52D6294AD62952DE294AD62952D6294AD62952DE294AD62952D61842D6B5C6EF
310
FFFFF7FFFFF7FFF7F7FFF7F7F7F7F7FFF7F7F7F7F7FFF7F7F7F7F7FFFFF7F7F7
310
F78C9CE71842D6294AD6294AD62952DE294AD62952D6294AD62952DE294AD629
310
52D6294AD62952DE294AD62952D6294AD62952DE294AD62952D6294AD62952DE
310
849CE7FFFFFFFFFFFFFFFFFFFFFFFFFFFFFFFFFFFFFFFFFFFFFFFFFFFFFFFFFF
310
FFFFFFFFFFFFFFFFFFFFFFFFFF6B84E7294AD62952D6294AD62952DE294AD629
310
52D6294AD62952DE294AD62952D6294AD62952DE4A6BDEFFFFFFFFFFFFFFFFFF
310
5273DE2952D6294AD62952DE294AD62952D6294AD62952DE294AD62952D6294A
310
D6637BE7F7F7FFFFFFFFFFFFFFFFFFFFFFFFFFBDC6F7315AD62952DE294AD629
310
52D6294AD62952DE294AD62952D6294AD6395ADEA5B5EFFFFFFFFFFFFF738CE7
310
294AD62952D65A73DEFFFFFFFFFFFFFFFFFFFFFFFFFFFFFFFFFFFFE7EFFF3152
310
D62952DE294AD6ADBDF7FFFFFFFFFFFF5A7BDE2952D6294AD62952DE294AD629
310
52D6294AD62952DE294AD62952D6294AD62952DE7B94E7FFFFFFFFFFFFFFFFFF
310
FFFFFFFFFFFFFFFFFFFFFFFFFFFFFFFFFFFFFFFFFFFFFFFFFFFFFFFFFFFFFFFF
310
FFFFFFFFFFFFFFFFFFFFFFFFFFFFFFFFFFFFFFFFFFFFFFFFFFFFFFFFFFFFFFFF
310
FFFFFFFFFFFFFFFFFFFFFFFFFFFFFFFFFFFFFFFFFFFFFFFFFFFFFFFFFFFFFFFF
310
FFFFFFFFFFFFFFFFFFFFFFFFFFFFFFFFFFFFFFFFFFFFFFFFFFFFFFFFFFFFFFFF
310
FFFFFFFFFFFFFFFFFFFFFFFFFFFFFFFFFFFFFFFFFFFFFFFFFFFFFFFFFFFFFFFF
310
FFFFFFFFFFFFFFFFFFFFFFFFFFFFFFFFFFFFFFFFFFFFFFFFFFFFFFFFFFFFFFFF
310
FFFFFFFFFFFFFFFFFFFFFFFFFFFFFFFFFFFFFFFFFFFFFFFFFFFFFFFFFFFFFFFF
310
FFFFFFFFFFFFFFFFFFFFFFFFFFFFFFFFFFFFFFFFFFFFFFFFFFFFFFFFFFFFFFFF
310
FFFFFFFFFFFFFFFFFFFFFFFFFFFFFFFFFFFFFFFFFFFFFFFFFFFFFFFFFFFFFFFF
310
FFFFFFFFFFFFFFFFFFFFFFFFFFFFFFFFFFFFFFFFFFFFFFFFFFFFFFFFFFFFFFFF
310
FFFFFFFFFFFFFFFFFFFFFFFFFFFFFFFFFFFFFFFFFFFFFFFFFFFFFFFFFFFFFFFF
310
FFFFFFFFFFFFFFFFFFFFFFFFFFFFFFFFFFFFFFFFFFFFFFFFFFFFFFFFFFFFFFFF
310
FFFFFFFFFFFFFFFFFFFFFFFFFFFFFFFFFFFFFFFFFFFFFFFFFFFFFFFFFFFFFFFF
310
FFFFFFFFFFFFFFFFFFFFFFFFFFFFFFFFFFFFFFFFFFFFFFFFFFFFFFFFFFFFFFFF
310
FFFFFFFFFFFFFFFFFFFFFFFFFFFFFFFFFFFFFFFFFFFFFFFFFFFFFFFFFFFFFFFF
310
FFFFFFFFFFFFFFFFFFFFFFFFFFFFFFFFFFFFFFFFFFFFFFFFFFFFFFFFFFFFFFFF
310
FF00FFFFFF4A6BDE2952DE294AD62952DE2952D62952DE294AD62952DE2952D6
310
2952DE294AD62952DE2952D62952DE294AD62952DE2952D62952DE294AD62952
310
DE2952D62952DE294AD62952DE4A6BDE8494E7ADB5EFE7E7F7FFFFF7FFFFFFFF
310
F7F7FFFFFFFFF7F7FFF7F7F7F7F7FFFFFFFFFFF7A5B5EF214AD62952DE2952D6
310
2952DE294AD62952DE2952D62952DE294AD62952DE2952D62952DE294AD62952
310
DE2952D62952DE294AD62952DE2952D694A5EFFFFFFFFFFFFFFFFFFFFFFFFFFF
310
FFFFFFFFFFFFFFFFFFFFFFFFFFFFFFFFFFFFFFFFFFFFFFFFFFFFFFFFFF6B84E7
310
2952DE294AD6395ADE4A6BDE4A6BDE4263DE4A6BE74263DE4A6BDE4263DE4A6B
310
E74263DE6B84E7FFFFFFFFFFFFFFFFFF849CEF5273DE5A7BE75A73DE5A7BE75A
310
73DE5A7BE75273DE315ADE294AD62952DE2952D6A5B5F7FFFFFFFFFFFFFFFFFF
310
DEE7FF3152D62952DE2952D62952DE315ADE6384E7738CE76384E7395ADE2952
310
DE2952D62952DECED6F7FFFFFFBDC6F72952DE294AD6315ADEDEE7FFFFFFFFFF
310
FFFFFFFFFFFFFFFFFFFFFFADBDF72952DE2952D6395ADEE7EFFFFFFFFFFFFFFF
310
6384E7294AD62952DE4A6BDE7B94EF7B94E77B94EF6B8CE75273E7294AD62952
310
DE2952D62952DE738CE7FFFFFFFFFFFFFFFFFFFFFFFFFFFFFFFFFFFFFFFFFFFF
310
FFFFFFFFFFFFFFFFFFFFFFFFFFFFFFFFFFFFFFFFFFFFFFFFFFFFFFFFFFFFFFFF
310
FFFFFFFFFFFFFFFFFFFFFFFFFFFFFFFFFFFFFFFFFFFFFFFFFFFFFFFFFFFFFFFF
310
FFFFFFFFFFFFFFFFFFFFFFFFFFFFFFFFFFFFFFFFFFFFFFFFFFFFFFFFFFFFFFFF
310
FFFFFFFFFFFFFFFFFFFFFFFFFFFFFFFFFFFFFFFFFFFFFFFFFFFFFFFFFFFFFFFF
310
FFFFFFFFFFFFFFFFFFFFFFFFFFFFFFFFFFFFFFFFFFFFFFFFFFFFFFFFFFFFFFFF
310
FFFFFFFFFFFFFFFFFFFFFFFFFFFFFFFFFFFFFFFFFFFFFFFFFFFFFFFFFFFFFFFF
310
FFFFFFFFFFFFFFFFFFFFFFFFFFFFFFFFFFFFFFFFFFFFFFFFFFFFFFFFFFFFFFFF
310
FFFFFFFFFFFFFFFFFFFFFFFFFFFFFFFFFFFFFFFFFFFFFFFFFFFFFFFFFFFFFFFF
310
FFFFFFFFFFFFFFFFFFFFFFFFFFFFFFFFFFFFFFFFFFFFFFFFFFFFFFFFFFFFFFFF
310
FFFFFFFFFFFFFFFFFFFFFFFFFFFFFFFFFFFFFFFFFFFFFFFFFFFFFFFFFFFFFFFF
310
FFFFFFFFFFFFFFFFFFFFFFFFFFFFFFFFFFFFFFFFFFFFFFFFFFFFFFFFFFFFFFFF
310
FFFFFFFFFFFFFFFFFFFFFFFFFFFFFFFFFFFFFFFFFFFFFFFFFFFFFFFFFFFFFFFF
310
FFFFFFFFFFFFFFFFFFFFFFFFFFFFFFFFFFFFFFFFFFFFFFFFFFFFFFFFFFFFFFFF
310
FFFFFFFFFFFFFFFFFFFFFFFFFFFFFFFFFFFFFFFFFFFFFFFFFFFFFFFFFFFFFFFF
310
FFFFFFFFFFFFFFFFFFFFFFFFFFFFFFFFFFFFFFFFFFFFFFFFFFFFFFFFFFFFFFFF
310
FFFFFFFFFFFFFFFFFFFFFFFFFFFFFFFFFF00FFFFFF5A73E7294AD62952DE294A
310
D62952D6294AD62952DE294AD62952D6294AD62952DE294AD62952D6294AD629
310
52DE294AD62952D6294AD62952DE294AD62952D6294AD62952DE294AD6214AD6
310
1842D6214AD62952D6637BDEB5BDEFFFF7F7FFFFF7FFF7F7F7F7F7FFF7F7F7F7
310
F7FFF7F7FFFFF79CADEF1842D62952D6294AD62952DE294AD62952D6294AD629
310
52DE294AD62952D6294AD62952DE294AD62952D6294AD62952DE294AD62952D6
310
94ADEFFFFFFFFFFFFFFFFFFFFFFFFFFFFFFFFFFFFFFFFFFFFFFFFFFFFFFFFFFF
310
FFFFFFFFFFFFFFFFFFFFFFFFFF6B84E7294AD62952DE6B84E7FFFFFFF7F7FFFF
310
FFFFF7F7FFF7FFFFF7F7FFFFFFFFF7F7FFF7FFFFF7FFFFFFFFFFFFFFFFFFFFFF
310
FFFFFFFFFFFFFFFFFFFFFFFFFFFFFFFFFFFFFFFFFFFFFFFFCED6F74263DE294A
310
D62952D6637BE7FFFFFFFFFFFFFFFFFF6384E72952DE294AD62952D6738CE7E7
310
EFFFFFFFFFFFFFFFFFFFFFEFF7FFB5BDEF5A73E78CA5EFFFFFFFFFFFFFF7F7FF
310
395ADE2952DE294AD6ADBDF7FFFFFFFFFFFFFFFFFFFFFFFFFFFFFF738CE7294A
310
D62952D66B84E7FFFFFFFFFFFFFFFFFF6B84E72952DE294AD67B94EFFFFFFFFF
310
FFFFFFFFFFFFFFFFF7FFFFBDCEF74263DE2952D6294AD62952DEB5BDEFFFFFFF
310
FFFFFFFFFFFFFFFFFFFFFFFFFFFFFFFFFFFFFFFFFFFFFFFFFFFFFFFFFFFFFFFF
310
FFFFFFFFFFFFFFFFFFFFFFFFFFFFFFFFFFFFFFFFFFFFFFFFFFFFFFFFFFFFFFFF
310
FFFFFFFFFFFFFFFFFFFFFFFFFFFFFFFFFFFFFFFFFFFFFFFFFFFFFFFFFFFFFFFF
310
FFFFFFFFFFFFFFFFFFFFFFFFFFFFFFFFFFFFFFFFFFFFFFFFFFFFFFFFFFFFFFFF
310
FFFFFFFFFFFFFFFFFFFFFFFFFFFFFFFFFFFFFFFFFFFFFFFFFFFFFFFFFFFFFFFF
310
FFFFFFFFFFFFFFFFFFFFFFFFFFFFFFFFFFFFFFFFFFFFFFFFFFFFFFFFFFFFFFFF
310
FFFFFFFFFFFFFFFFFFFFFFFFFFFFFFFFFFFFFFFFFFFFFFFFFFFFFFFFFFFFFFFF
310
FFFFFFFFFFFFFFFFFFFFFFFFFFFFFFFFFFFFFFFFFFFFFFFFFFFFFFFFFFFFFFFF
310
FFFFFFFFFFFFFFFFFFFFFFFFFFFFFFFFFFFFFFFFFFFFFFFFFFFFFFFFFFFFFFFF
310
FFFFFFFFFFFFFFFFFFFFFFFFFFFFFFFFFFFFFFFFFFFFFFFFFFFFFFFFFFFFFFFF
310
FFFFFFFFFFFFFFFFFFFFFFFFFFFFFFFFFFFFFFFFFFFFFFFFFFFFFFFFFFFFFFFF
310
FFFFFFFFFFFFFFFFFFFFFFFFFFFFFFFFFFFFFFFFFFFFFFFFFFFFFFFFFFFFFFFF
310
FFFFFFFFFFFFFFFFFFFFFFFFFFFFFFFFFFFFFFFFFFFFFFFFFFFFFFFFFFFFFFFF
310
FFFFFFFFFFFFFFFFFFFFFFFFFFFFFFFFFFFFFFFFFFFFFFFFFFFFFFFFFFFFFFFF
310
FFFFFFFFFFFFFFFFFFFFFFFFFFFFFFFFFFFFFFFFFFFFFFFFFFFFFFFFFFFFFFFF
310
FFFFFFFFFFFFFFFFFFFFFFFFFFFFFFFFFFFFFFFFFFFFFFFFFFFFFFFFFFFFFFFF
310
FF00FFFFFF6384E72952DE2952D62952DE294AD62952DE2952D62952DE294AD6
310
2952DE2952D62952DE294AD62952DE2952D62952DE294AD62952DE2952D62952
310
DE294AD62952DE2952D62952DE294AD62952DE2952D62952DE1842D6214ADE52
310
73DED6D6F7FFFFF7FFFFFFFFF7F7FFF7F7F7F7F7FFFFFFFFFFF76B84E71842D6
310
2952DE2952D62952DE294AD62952DE2952D62952DE294AD62952DE2952D62952
310
DE294AD62952DE2952D62952DE294AD6ADBDF7FFFFFFFFFFFFFFFFFFFFFFFFFF
310
FFFFFFFFFFFFFFFFFFFFFFFFFFFFFFFFFFFFFFFFFFFFFFFFFFFFFFFFFF6B84E7
310
2952DE2952D6738CEFFFFFFFFFFFFFFFFFFFFFFFFFFFFFFFFFFFFFFFFFFFFFFF
310
FFFFFFFFFFFFFFFFFFFFFFFFFFFFFFFFFFFFFFFFFFFFFFFFFFFFFFFFFFFFFFFF
310
FFFFFFFFFFFFFFFFFFFFFF738CE72952DE294AD65A7BE7FFFFFFFFFFFFDEE7FF
310
3152DE2952D62952DE5A7BE7FFFFFFFFFFFFFFFFFFFFFFFFFFFFFFFFFFFFFFFF
310
FFFFFFFFFFFFFFFFFFFFFFFFFFFFFFFF7B94EF2952D62952DE4A6BDE94A5EF8C
310
A5EF94A5EF8CA5EF8CA5EF395ADE2952DE294AD6B5C6F7FFFFFFFFFFFFFFFFFF
310
6B8CE72952D62952DE7B94E7FFFFFFFFFFFFFFFFFFFFFFFFFFFFFFFFFFFFDEE7
310
FF315ADE2952DE2952D65A7BE7FFFFFFFFFFFFFFFFFFFFFFFFFFFFFFFFFFFFFF
310
FFFFFFFFFFFFFFFFFFFFFFFFFFFFFFFFFFFFFFFFFFFFFFFFFFFFFFFFFFFFFFFF
310
FFFFFFFFFFFFFFFFFFFFFFFFFFFFFFFFFFFFFFFFFFFFFFFFFFFFFFFFFFFFFFFF
310
FFFFFFFFFFFFFFFFFFFFFFFFFFFFFFFFFFFFFFFFFFFFFFFFFFFFFFFFFFFFFFFF
310
FFFFFFFFFFFFFFFFFFFFFFFFFFFFFFFFFFFFFFFFFFFFFFFFFFFFFFFFFFFFFFFF
310
FFFFFFFFFFFFFFFFFFFFFFFFFFFFFFFFFFFFFFFFFFFFFFFFFFFFFFFFFFFFFFFF
310
FFFFFFFFFFFFFFFFFFFFFFFFFFFFFFFFFFFFFFFFFFFFFFFFFFFFFFFFFFFFFFFF
310
FFFFFFFFFFFFFFFFFFFFFFFFFFFFFFFFFFFFFFFFFFFFFFFFFFFFFFFFFFFFFFFF
310
FFFFFFFFFFFFFFFFFFFFFFFFFFFFFFFFFFFFFFFFFFFFFFFFFFFFFFFFFFFFFFFF
310
FFFFFFFFFFFFFFFFFFFFFFFFFFFFFFFFFFFFFFFFFFFFFFFFFFFFFFFFFFFFFFFF
310
FFFFFFFFFFFFFFFFFFFFFFFFFFFFFFFFFFFFFFFFFFFFFFFFFFFFFFFFFFFFFFFF
310
FFFFFFFFFFFFFFFFFFFFFFFFFFFFFFFFFFFFFFFFFFFFFFFFFFFFFFFFFFFFFFFF
310
FFFFFFFFFFFFFFFFFFFFFFFFFFFFFFFFFFFFFFFFFFFFFFFFFFFFFFFFFFFFFFFF
310
FFFFFFFFFFFFFFFFFFFFFFFFFFFFFFFFFFFFFFFFFFFFFFFFFFFFFFFFFFFFFFFF
310
FFFFFFFFFFFFFFFFFFFFFFFFFFFFFFFFFFFFFFFFFFFFFFFFFFFFFFFFFFFFFFFF
310
FFFFFFFFFFFFFFFFFFFFFFFFFFFFFFFFFFFFFFFFFFFFFFFFFFFFFFFFFFFFFFFF
310
FFFFFFFFFFFFFFFFFFFFFFFFFFFFFFFFFF00FFFFFF849CEF294AD62952D6294A
310
D62952DE294AD62952D6294AD62952DE294AD62952D6294AD62952DE294AD629
310
52D6294AD62952DE294AD62952D6294AD62952DE294AD62952D6294AD62952DE
310
294AD62952D6294AD62952DE214AD62142D62952D6C6CEEFFFFFF7FFF7F7F7F7
310
F7FFF7F7F7F7F7FFFFF7DEDEEF3152DE214AD62952D6294AD62952DE294AD629
310
52D6294AD62952DE294AD62952D6294AD62952DE294AD62952D6294AD62952DE
310
C6CEF7FFFFFFFFFFFFFFFFFFFFFFFFFFFFFFFFFFFFFFFFFFFFFFFFFFFFFFFFFF
310
FFFFFFFFFFFFFFFFFFFFFFFFFF6B84E7294AD62952D6738CE7FFFFFFFFFFFFFF
310
FFFFFFFFFFFFFFFFFFFFFFFFFFFFFFFFFFFFFFFFFFFFFFFFFFFFFFFFFFFFFFFF
310
FFFFFFFFFFFFFFFFFFFFFFFFFFFFFFFFFFFFFFFFFFFFFFFFFFFFFF7B94E7294A
310
D62952DE5273DEFFFFFFFFFFFFADBDF7294AD62952D6294AD6C6D6F7FFFFFFFF
310
FFFFFFFFFFFFFFFFFFFFFFFFFFFFFFFFFFFFFFFFFFFFFFFFFFFFFFFFFFFFFFFF
310
BDC6F72952D6294AD62952DE294AD62952D6294AD62952DE294AD62952D6294A
310
D6395ADEE7EFFFFFFFFFFFFFFFFFFFFF6384E72952D6294AD67B94EFFFFFFFFF
310
FFFFFFFFFFFFFFFFFFFFFFFFFFFFFFFFFF8CA5EF294AD62952D62952D6DEE7FF
310
FFFFFFFFFFFFFFFFFFFFFFFFFFFFFFFFFFFFFFFFFFFFFFFFFFFFFFFFFFFFFFFF
310
FFFFFFFFFFFFFFFFFFFFFFFFFFFFFFFFFFFFFFFFFFFFFFFFFFFFFFFFFFFFFFFF
310
FFFFFFFFFFFFFFFFFFFFFFFFFFFFFFFFFFFFFFFFFFFFFFFFFFFFFFFFFFFFFFFF
310
FFFFFFFFFFFFFFFFFFFFFFFFFFFFFFFFFFFFFFFFFFFFFFFFFFFFFFFFFFFFFFFF
310
FFFFFFFFFFFFFFFFFFFFFFFFFFFFFFFFFFFFFFFFFFFFFFFFFFFFFFFFFFFFFFFF
310
FFFFFFFFFFFFFFFFFFFFFFFFFFFFFFFFFFFFFFFFFFFFFFFFFFFFFFFFFFFFFFFF
310
FFFFFFFFFFFFFFFFFFFFFFFFFFFFFFFFFFFFFFFFFFFFFFFFFFFFFFFFFFFFFFFF
310
FFFFFFFFFFFFFFFFFFFFFFFFFFFFFFFFFFFFFFFFFFFFFFFFFFFFFFFFFFFFFFFF
310
FFFFFFFFFFFFFFFFFFFFFFFFFFFFFFFFFFFFFFFFFFFFFFFFFFFFFFFFFFFFFFFF
310
FFFFFFFFFFFFFFFFFFFFFFFFFFFFFFFFFFFFFFFFFFFFFFFFFFFFFFFFFFFFFFFF
310
FFFFFFFFFFFFFFFFFFFFFFFFFFFFFFFFFFFFFFFFFFFFFFFFFFFFFFFFFFFFFFFF
310
FFFFFFFFFFFFFFFFFFFFFFFFFFFFFFFFFFFFFFFFFFFFFFFFFFFFFFFFFFFFFFFF
310
FFFFFFFFFFFFFFFFFFFFFFFFFFFFFFFFFFFFFFFFFFFFFFFFFFFFFFFFFFFFFFFF
310
FFFFFFFFFFFFFFFFFFFFFFFFFFFFFFFFFFFFFFFFFFFFFFFFFFFFFFFFFFFFFFFF
310
FFFFFFFFFFFFFFFFFFFFFFFFFFFFFFFFFFFFFFFFFFFFFFFFFFFFFFFFFFFFFFFF
310
FFFFFFFFFFFFFFFFFFFFFFFFFFFFFFFFFFFFFFFFFFFFFFFFFFFFFFFFFFFFFFFF
310
FF00FFFFFFA5B5EF2952DE294AD62952DE2952D62952DE294AD62952DE2952D6
310
2952DE294AD62952DE2952D62952DE294AD62952DE2952D62952DE294AD62952
310
DE2952D62952DE294AD62952DE2952D62952DE294AD62952DE2952D62952DE29
310
52D6214ADE315ADEE7E7F7FFFFF7FFFFFFFFF7F7FFF7F7F7F7F7FFFFFF738CE7
310
214AD6294AD62952DE2952D62952DE294AD62952DE2952D62952DE294AD62952
310
DE2952D62952DE294AD62952DE3152D6E7E7FFFFFFFFFFFFFFFFFFFFFFFFFFFF
310
FFFFFFFFFFFFFFFFFFFFFFFFFFFFFFFFFFFFFFFFFFFFFFFFFFFFFFFFFF6B84E7
310
2952DE294AD67B94EFFFFFFFFFFFFFFFFFFFFFFFFFFFFFFFFFFFFFFFFFFFFFFF
310
FFFFFFFFFFFFFFFFFFFFFFFFFFFFFFFFFFFFFFFFFFFFFFFFFFFFFFFFFFFFFFFF
310
FFFFFFFFFFFFFFFFFFFFFF5273DE2952DE2952D65A7BE7FFFFFFFFFFFF849CEF
310
2952DE294AD64263DEF7F7FFFFFFFFFFFFFFFFFFFFFFFFFFFFFFFFFFFFFFFFFF
310
FFFFFFFFFFFFFFFFFFFFFFFFFFFFFFFFF7FFFF3963DE2952DE2952D62952DE29
310
4AD62952DE2952D62952DE294AD62952DE6B84E7FFFFFFFFFFFFFFFFFFFFFFFF
310
738CE7294AD62952DE7B94E7FFFFFFFFFFFFFFFFFFFFFFFFFFFFFFFFFFFFFFFF
310
FFCED6F72952DE294AD62952DEB5C6F7FFFFFFFFFFFFFFFFFFFFFFFFFFFFFFFF
310
FFFFFFFFFFFFFFFFFFFFFFFFFFFFFFFFFFFFFFFFFFFFFFFFFFFFFFFFFFFFFFFF
310
FFFFFFFFFFFFFFFFFFFFFFFFFFFFFFFFFFFFFFFFFFFFFFFFFFFFFFFFFFFFFFFF
310
FFFFFFFFFFFFFFFFFFFFFFFFFFFFFFFFFFFFFFFFFFFFFFFFFFFFFFFFFFFFFFFF
310
FFFFFFFFFFFFFFFFFFFFFFFFFFFFFFFFFFFFFFFFFFFFFFFFFFFFFFFFFFFFFFFF
310
FFFFFFFFFFFFFFFFFFFFFFFFFFFFFFFFFFFFFFFFFFFFFFFFFFFFFFFFFFFFFFFF
310
FFFFFFFFFFFFFFFFFFFFFFFFFFFFFFFFFFFFFFFFFFFFFFFFFFFFFFFFFFFFFFFF
310
FFFFFFFFFFFFFFFFFFFFFFFFFFFFFFFFFFFFFFFFFFFFFFFFFFFFFFFFFFFFFFFF
310
FFFFFFFFFFFFFFFFFFFFFFFFFFFFFFFFFFFFFFFFFFFFFFFFFFFFFFFFFFFFFFFF
310
FFFFFFFFFFFFFFFFFFFFFFFFFFFFFFFFFFFFFFFFFFFFFFFFFFFFFFFFFFFFFFFF
310
FFFFFFFFFFFFFFFFFFFFFFFFFFFFFFFFFFFFFFFFFFFFFFFFFFFFFFFFFFFFFFFF
310
FFFFFFFFFFFFFFFFFFFFFFFFFFFFFFFFFFFFFFFFFFFFFFFFFFFFFFFFFFFFFFFF
310
FFFFFFFFFFFFFFFFFFFFFFFFFFFFFFFFFFFFFFFFFFFFFFFFFFFFFFFFFFFFFFFF
310
FFFFFFFFFFFFFFFFFFFFFFFFFFFFFFFFFFFFFFFFFFFFFFFFFFFFFFFFFFFFFFFF
310
FFFFFFFFFFFFFFFFFFFFFFFFFFFFFFFFFFFFFFFFFFFFFFFFFFFFFFFFFFFFFFFF
310
FFFFFFFFFFFFFFFFFFFFFFFFFFFFFFFFFFFFFFFFFFFFFFFFFFFFFFFFFFFFFFFF
310
FFFFFFFFFFFFFFFFFFFFFFFFFFFFFFFFFF00FFFFFFCED6F7294AD62952DE294A
310
D62952D6294AD62952DE294AD62952D6294AD62952DE294AD62952D6294AD629
310
52DE294AD62952D6294AD62952DE294AD62952D6294AD62952DE294AD62952D6
310
294AD62952DE294AD62952D6294AD62952DE294AD61842D68494E7FFFFFFF7F7
310
F7FFF7F7F7F7F7FFF7F7FFFFF7B5BDEF1842D62952DE294AD62952D6294AD629
310
52DE294AD62952D6294AD62952DE294AD62952D6294AD62952DE294AD64A6BDE
310
F7FFFFFFFFFFFFFFFFFFFFFFFFFFFFFFFFFFFFFFFFFFFFFFFFFFFFFFFFFFFFFF
310
FFFFFFFFFFFFFFFFFFFFFFFFFF6B84E7294AD62952DE526BDEADBDF7A5B5EFAD
310
BDF7A5B5EFA5B5F7A5B5EFA5B5F7D6DEF7FFFFFFFFFFFFFFFFFFFFFFFFFFFFFF
310
FFFFFFFFFFFFCED6F7A5B5EF8C9CEF8CA5EF8C9CE78CA5EF5273DE2952DE294A
310
D62952D6849CE7FFFFFFFFFFFF738CE7294AD62952DE5273DEFFFFFFFFFFFFFF
310
FFFFFFFFFFFFFFFFFFFFFFFFFFFFFFFFFFFFFFFFFFFFFFFFFFFFFFFFFFFFFFFF
310
FFFFFF7B94EF294AD62952D65273DEBDC6F7B5BDEFADBDF7315AD62952DE294A
310
D6B5C6F7FFFFFFFFFFFFFFFFFFFFFFFF6B8CE72952DE294AD6738CE7FFFFFFFF
310
FFFFFFFFFFFFFFFFFFFFFFFFFFFFFFFFFFEFEFFF315AD62952DE294AD6A5B5EF
310
FFFFFFFFFFFFFFFFFFFFFFFFFFFFFFFFFFFFFFFFFFFFFFFFFFFFFFFFFFFFFFFF
310
FFFFFFFFFFFFFFFFFFFFFFFFFFFFFFFFFFFFFFFFFFFFFFFFFFFFFFFFFFFFFFFF
310
FFFFFFFFFFFFFFFFFFFFFFFFFFFFFFFFFFFFFFFFFFFFFFFFFFFFFFFFFFFFFFFF
310
FFFFFFFFFFFFFFFFFFFFFFFFFFFFFFFFFFFFFFFFFFFFFFFFFFFFFFFFFFFFFFFF
310
FFFFFFFFFFFFFFFFFFFFFFFFFFFFFFFFFFFFFFFFFFFFFFFFFFFFFFFFFFFFFFFF
310
FFFFFFFFFFFFFFFFFFFFFFFFFFFFFFFFFFFFFFFFFFFFFFFFFFFFFFFFFFFFFFFF
310
FFFFFFFFFFFFFFFFFFFFFFFFFFFFFFFFFFFFFFFFFFFFFFFFFFFFFFFFFFFFFFFF
310
FFFFFFFFFFFFFFFFFFFFFFFFFFFFFFFFFFFFFFFFFFFFFFFFFFFFFFFFFFFFFFFF
310
FFFFFFFFFFFFFFFFFFFFFFFFFFFFFFFFFFFFFFFFFFFFFFFFFFFFFFFFFFFFFFFF
310
FFFFFFFFFFFFFFFFFFFFFFFFFFFFFFFFFFFFFFFFFFFFFFFFFFFFFFFFFFFFFFFF
310
FFFFFFFFFFFFFFFFFFFFFFFFFFFFFFFFFFFFFFFFFFFFFFFFFFFFFFFFFFFFFFFF
310
FFFFFFFFFFFFFFFFFFFFFFFFFFFFFFFFFFFFFFFFFFFFFFFFFFFFFFFFFFFFFFFF
310
FFFFFFFFFFFFFFFFFFFFFFFFFFFFFFFFFFFFFFFFFFFFFFFFFFFFFFFFFFFFFFFF
310
FFFFFFFFFFFFFFFFFFFFFFFFFFFFFFFFFFFFFFFFFFFFFFFFFFFFFFFFFFFFFFFF
310
FFFFFFFFFFFFFFFFFFFFFFFFFFFFFFFFFFFFFFFFFFFFFFFFFFFFFFFFFFFFFFFF
310
FFFFFFFFFFFFFFFFFFFFFFFFFFFFFFFFFFFFFFFFFFFFFFFFFFFFFFFFFFFFFFFF
310
FF00FFFFFFEFF7FF4263DE2952D62952DE294AD62952DE2952D62952DE294AD6
310
2952DE2952D62952DE294AD62952DE2952D62952DE294AD62952DE2952D62952
310
DE294AD62952DE2952D62952DE294AD62952DE2952D62952DE294AD62952DE29
310
52D62952DE214AD65273E7FFF7F7FFFFF7F7F7F7FFFFFFFFF7F7FFFFFFD6DEEF
310
3152DE294AD62952DE294AD62952DE2952D62952DE294AD62952DE2952D62952
310
DE294AD62952DE2952D62952DE6B8CE7FFFFFFFFFFFFFFFFFFFFFFFFFFFFFFFF
310
FFFFFFFFFFFFFFFFFFFFFFFFFFFFFFFFFFFFFFFFFFFFFFFFFFFFFFFFFF6B84E7
310
2952DE2952D62952DE294AD62952DE2952D62952DE294AD62952DE2952D6A5B5
310
F7FFFFFFFFFFFFFFFFFFFFFFFFFFFFFFE7EFFF5A7BE72952DE294AD62952DE29
310
52D62952DE294AD62952DE2952D62952DE315ADEE7EFFFFFFFFFFFFFFF6B84E7
310
2952DE2952D66384E7FFFFFFFFFFFFFFFFFFFFFFFFFFFFFFFFFFFFFFFFFFFFFF
310
FFFFFFFFFFFFFFFFFFFFFFFFFFFFFFFFFFFFFFBDCEF72952DE294AD64A6BE7FF
310
FFFFFFFFFFD6DEFF3152DE2952D63963DEEFEFFFFFFFFFFFFFFFFFFFFFFFFFFF
310
738CEF2952D62952DE738CE7FFFFFFFFFFFFFFFFFFFFFFFFFFFFFFFFFFFFFFFF
310
FFF7F7FF4263DE2952D62952DE94A5EFFFFFFFFFFFFFFFFFFFFFFFFFFFFFFFFF
310
FFFFFFFFFFFFFFFFFFFFFFFFFFFFFFFFFFFFFFFFFFFFFFFFFFFFFFFFFFFFFFFF
310
FFFFFFFFFFFFFFFFFFFFFFFFFFFFFFFFFFFFFFFFFFFFFFFFFFFFFFFFFFFFFFFF
310
FFFFFFFFFFFFFFFFFFFFFFFFFFFFFFFFFFFFFFFFFFFFFFFFFFFFFFFFFFFFFFFF
310
FFFFFFFFFFFFFFFFFFFFFFFFFFFFFFFFFFFFFFFFFFFFFFFFFFFFFFFFFFFFFFFF
310
FFFFFFFFFFFFFFFFFFFFFFFFFFFFFFFFFFFFFFFFFFFFFFFFFFFFFFFFFFFFFFFF
310
FFFFFFFFFFFFFFFFFFFFFFFFFFFFFFFFFFFFFFFFFFFFFFFFFFFFFFFFFFFFFFFF
310
FFFFFFFFFFFFFFFFFFFFFFFFFFFFFFFFFFFFFFFFFFFFFFFFFFFFFFFFFFFFFFFF
310
FFFFFFFFFFFFFFFFFFFFFFFFFFFFFFFFFFFFFFFFFFFFFFFFFFFFFFFFFFFFFFFF
310
FFFFFFFFFFFFFFFFFFFFFFFFFFFFFFFFFFFFFFFFFFFFFFFFFFFFFFFFFFFFFFFF
310
FFFFFFFFFFFFFFFFFFFFFFFFFFFFFFFFFFFFFFFFFFFFFFFFFFFFFFFFFFFFFFFF
310
FFFFFFFFFFFFFFFFFFFFFFFFFFFFFFFFFFFFFFFFFFFFFFFFFFFFFFFFFFFFFFFF
310
FFFFFFFFFFFFFFFFFFFFFFFFFFFFFFFFFFFFFFFFFFFFFFFFFFFFFFFFFFFFFFFF
310
FFFFFFFFFFFFFFFFFFFFFFFFFFFFFFFFFFFFFFFFFFFFFFFFFFFFFFFFFFFFFFFF
310
FFFFFFFFFFFFFFFFFFFFFFFFFFFFFFFFFFFFFFFFFFFFFFFFFFFFFFFFFFFFFFFF
310
FFFFFFFFFFFFFFFFFFFFFFFFFFFFFFFFFFFFFFFFFFFFFFFFFFFFFFFFFFFFFFFF
310
FFFFFFFFFFFFFFFFFFFFFFFFFFFFFFFFFF00FFFFFFFFFFFF6384E72952D6294A
310
D62952DE294AD62952D6294AD62952DE294AD62952D6294AD62952DE294AD629
310
52D6294AD62952DE294AD62952D6294AD62952DE294AD62952D6294AD62952DE
310
294AD62952D6294AD62952DE294AD62952D6294AD6214AD64263D6F7EFF7FFF7
310
F7FFF7F7F7F7F7FFF7F7FFF7F7E7E7F73152D6294AD6294AD62952DE294AD629
310
52D6294AD62952DE294AD62952D6294AD62952DE294AD62952D6294AD6ADBDF7
310
FFFFFFFFFFFFFFFFFFFFFFFFFFFFFFFFFFFFFFFFFFFFFFFFFFFFFFFFFFFFFFFF
310
FFFFFFFFFFFFFFFFFFFFFFFFFF6B84E7294AD62952D6294AD62952DE294AD629
310
52D6294AD62952DE294AD62952D69CADEFFFFFFFFFFFFFFFFFFFFFFFFFFFFFFF
310
5273DE2952D6294AD62952DE294AD62952D6294AD62952DE294AD62952D65273
310
DECED6FFFFFFFFFFFFFFFFFFFF6B8CE7294AD62952D65A7BDEFFFFFFFFFFFFFF
310
FFFFFFFFFFFFFFFFFFFFFFFFFFFFFFFFFFFFFFFFFFFFFFFFFFFFFFFFFFFFFFFF
310
FFFFFFF7FFFF4263DE2952DE294AD6C6D6F7FFFFFF94A5EF294AD62952D66B8C
310
E7FFFFFFFFFFFFFFFFFFFFFFFFFFFFFF6B84E72952D6294AD6738CE7FFFFFFFF
310
FFFFFFFFFFFFFFFFFFFFFFFFFFFFFFFFFFF7F7FF395AD62952D6294AD69CADEF
310
FFFFFFFFFFFFFFFFFFFFFFFFFFFFFFFFFFFFFFFFFFFFFFFFFFFFFFFFFFFFFFFF
310
FFFFFFFFFFFFFFFFFFFFFFFFFFFFFFFFFFFFFFFFFFFFFFFFFFFFFFFFFFFFFFFF
310
FFFFFFFFFFFFFFFFFFFFFFFFFFFFFFFFFFFFFFFFFFFFFFFFFFFFFFFFFFFFFFFF
310
FFFFFFFFFFFFFFFFFFFFFFFFFFFFFFFFFFFFFFFFFFFFFFFFFFFFFFFFFFFFFFFF
310
FFFFFFFFFFFFFFFFFFFFFFFFFFFFFFFFFFFFFFFFFFFFFFFFFFFFFFFFFFFFFFFF
310
FFFFFFFFFFFFFFFFFFFFFFFFFFFFFFFFFFFFFFFFFFFFFFFFFFFFFFFFFFFFFFFF
310
FFFFFFFFFFFFFFFFFFFFFFFFFFFFFFFFFFFFFFFFFFFFFFFFFFFFFFFFFFFFFFFF
310
FFFFFFFFFFFFFFFFFFFFFFFFFFFFFFFFFFFFFFFFFFFFFFFFFFFFFFFFFFFFFFFF
310
FFFFFFFFFFFFFFFFFFFFFFFFFFFFFFFFFFFFFFFFFFFFFFFFFFFFFFFFFFFFFFFF
310
FFFFFFFFFFFFFFFFFFFFFFFFFFFFFFFFFFFFFFFFFFFFFFFFFFFFFFFFFFFFFFFF
310
FFFFFFFFFFFFFFFFFFFFFFFFFFFFFFFFFFFFFFFFFFFFFFFFFFFFFFFFFFFFFFFF
310
FFFFFFFFFFFFFFFFFFFFFFFFFFFFFFFFFFFFFFFFFFFFFFFFFFFFFFFFFFFFFFFF
310
FFFFFFFFFFFFFFFFFFFFFFFFFFFFFFFFFFFFFFFFFFFFFFFFFFFFFFFFFFFFFFFF
310
FFFFFFFFFFFFFFFFFFFFFFFFFFFFFFFFFFFFFFFFFFFFFFFFFFFFFFFFFFFFFFFF
310
FFFFFFFFFFFFFFFFFFFFFFFFFFFFFFFFFFFFFFFFFFFFFFFFFFFFFFFFFFFFFFFF
310
FFFFFFFFFFFFFFFFFFFFFFFFFFFFFFFFFFFFFFFFFFFFFFFFFFFFFFFFFFFFFFFF
310
FF00FFFFFFFFFFFFADBDF7294AD62952DE2952D62952DE294AD62952DE2952D6
310
2952DE294AD62952DE2952D62952DE294AD62952DE2952D62952DE294AD62952
310
DE2952D62952DE294AD62952DE2952D62952DE294AD62952DE2952D62952DE29
310
4AD62952DE214AD6526BDEF7F7F7FFFFFFFFF7F7FFF7F7F7F7F7FFFFFFE7E7F7
310
315ADE214AD62952DE2952D62952DE294AD62952DE2952D62952DE294AD62952
310
DE2952D62952DE294AD6315ADEE7E7FFFFFFFFFFFFFFFFFFFFFFFFFFFFFFFFFF
310
FFFFFFFFFFFFFFFFFFFFFFFFFFFFFFFFFFFFFFFFFFFFFFFFFFFFFFFFFF6B84E7
310
2952DE294AD65273E794A5EF94ADEF94A5EF94ADEF94A5EF94ADEF8CA5EFD6DE
310
FFFFFFFFFFFFFFFFFFFFFFFFFFBDCEF72952DE294AD62952DE4A6BDEA5B5F7A5
310
B5EFADBDF7A5B5EFB5C6F7D6DEF7FFFFFFFFFFFFFFFFFFFFFFFFFFFFFF738CE7
310
2952DE294AD65273E7FFFFFFFFFFFFFFFFFFFFFFFFFFFFFFFFFFFFFFFFFFFFFF
310
FFFFFFFFFFFFFFFFFFFFFFFFFFFFFFFFFFFFFFFFFFFF849CEF2952D62952DE8C
310
9CEFFFFFFF5273DE2952DE294AD6BDC6F7FFFFFFFFFFFFFFFFFFFFFFFFFFFFFF
310
7B94EF294AD62952DE6B84E7FFFFFFFFFFFFFFFFFFFFFFFFFFFFFFFFFFFFFFFF
310
FFE7E7FF315ADE294AD62952DEA5B5EFFFFFFFFFFFFFFFFFFFFFFFFFFFFFFFFF
310
FFFFFFFFFFFFFFFFFFFFFFFFFFFFFFFFFFFFFFFFFFFFFFFFFFFFFFFFFFFFFFFF
310
FFFFFFFFFFFFFFFFFFFFFFFFFFFFFFFFFFFFFFFFFFFFFFFFFFFFFFFFFFFFFFFF
310
FFFFFFFFFFFFFFFFFFFFFFFFFFFFFFFFFFFFFFFFFFFFFFFFFFFFFFFFFFFFFFFF
310
FFFFFFFFFFFFFFFFFFFFFFFFFFFFFFFFFFFFFFFFFFFFFFFFFFFFFFFFFFFFFFFF
310
FFFFFFFFFFFFFFFFFFFFFFFFFFFFFFFFFFFFFFFFFFFFFFFFFFFFFFFFFFFFFFFF
310
FFFFFFFFFFFFFFFFFFFFFFFFFFFFFFFFFFFFFFFFFFFFFFFFFFFFFFFFFFFFFFFF
310
FFFFFFFFFFFFFFFFFFFFFFFFFFFFFFFFFFFFFFFFFFFFFFFFFFFFFFFFFFFFFFFF
310
FFFFFFFFFFFFFFFFFFFFFFFFFFFFFFFFFFFFFFFFFFFFFFFFFFFFFFFFFFFFFFFF
310
FFFFFFFFFFFFFFFFFFFFFFFFFFFFFFFFFFFFFFFFFFFFFFFFFFFFFFFFFFFFFFFF
310
FFFFFFFFFFFFFFFFFFFFFFFFFFFFFFFFFFFFFFFFFFFFFFFFFFFFFFFFFFFFFFFF
310
FFFFFFFFFFFFFFFFFFFFFFFFFFFFFFFFFFFFFFFFFFFFFFFFFFFFFFFFFFFFFFFF
310
FFFFFFFFFFFFFFFFFFFFFFFFFFFFFFFFFFFFFFFFFFFFFFFFFFFFFFFFFFFFFFFF
310
FFFFFFFFFFFFFFFFFFFFFFFFFFFFFFFFFFFFFFFFFFFFFFFFFFFFFFFFFFFFFFFF
310
FFFFFFFFFFFFFFFFFFFFFFFFFFFFFFFFFFFFFFFFFFFFFFFFFFFFFFFFFFFFFFFF
310
FFFFFFFFFFFFFFFFFFFFFFFFFFFFFFFFFFFFFFFFFFFFFFFFFFFFFFFFFFFFFFFF
310
FFFFFFFFFFFFFFFFFFFFFFFFFFFFFFFFFF00FFFFFFFFFFFFE7EFFF395ADE294A
310
D62952D6294AD62952DE294AD62952D6294AD62952DE294AD62952D6294AD629
310
52DE294AD62952D6294AD62952DE294AD62952D6294AD62952DE294AD62952D6
310
294AD62952DE294AD62952D6294AD62952DE214AD61842D68494E7FFFFFFF7F7
310
F7FFF7F7F7F7F7FFF7F7FFFFF7D6DEF7294AD62952DE294AD62952D6294AD629
310
52DE294AD62952D6294AD62952DE294AD62952D6294AD62952DE637BDEFFFFFF
310
FFFFFFFFFFFFFFFFFFFFFFFFFFFFFFFFFFFFFFFFFFFFFFFFFFFFFFFFFFFFFFFF
310
FFFFFFFFFFFFFFFFFFFFFFFFFF6B84E7294AD62952DE738CE7FFFFFFFFFFFFFF
310
FFFFFFFFFFFFFFFFFFFFFFFFFFFFFFFFFFFFFFFFFFFFFFFFFFFFFFFFFF9CADEF
310
294AD62952DE3152D6DEE7FFFFFFFFFFFFFFFFFFFFFFFFFFFFFFFFFFFFFFFFFF
310
FFFFFFFFFFFFFFFFFFFFFFFFFF8CA5EF294AD62952DE3152D6E7EFFFFFFFFFFF
310
FFFFFFFFFFFFFFFFFFFFFFFFFFFFFFFFFFFFFFFFFFFFFFFFFFFFFFFFFFFFFFFF
310
FFFFFFFFFFFFC6CEF72952D6294AD65A73E7D6DEF73152DE294AD63963DEEFEF
310
FFFFFFFFFFFFFFFFFFFFFFFFFFFFFFFF738CE72952DE294AD66B84E7FFFFFFFF
310
FFFFFFFFFFFFFFFFFFFFFFFFFFFFFFFFFFBDC6F7294AD62952DE294AD6C6CEF7
310
FFFFFFFFFFFFFFFFFFFFFFFFFFFFFFFFFFFFFFFFFFFFFFFFFFFFFFFFFFFFFFFF
310
FFFFFFFFFFFFFFFFFFFFFFFFFFFFFFFFFFFFFFFFFFFFFFFFFFFFFFFFFFFFFFFF
310
FFFFFFFFFFFFFFFFFFFFFFFFFFFFFFFFFFFFFFFFFFFFFFFFFFFFFFFFFFFFFFFF
310
FFFFFFFFFFFFFFFFFFFFFFFFFFFFFFFFFFFFFFFFFFFFFFFFFFFFFFFFFFFFFFFF
310
FFFFFFFFFFFFFFFFFFFFFFFFFFFFFFFFFFFFFFFFFFFFFFFFFFFFFFFFFFFFFFFF
310
FFFFFFFFFFFFFFFFFFFFFFFFFFFFFFFFFFFFFFFFFFFFFFFFFFFFFFFFFFFFFFFF
310
FFFFFFFFFFFFFFFFFFFFFFFFFFFFFFFFFFFFFFFFFFFFFFFFFFFFFFFFFFFFFFFF
310
FFFFFFFFFFFFFFFFFFFFFFFFFFFFFFFFFFFFFFFFFFFFFFFFFFFFFFFFFFFFFFFF
310
FFFFFFFFFFFFFFFFFFFFFFFFFFFFFFFFFFFFFFFFFFFFFFFFFFFFFFFFFFFFFFFF
310
FFFFFFFFFFFFFFFFFFFFFFFFFFFFFFFFFFFFFFFFFFFFFFFFFFFFFFFFFFFFFFFF
310
FFFFFFFFFFFFFFFFFFFFFFFFFFFFFFFFFFFFFFFFFFFFFFFFFFFFFFFFFFFFFFFF
310
FFFFFFFFFFFFFFFFFFFFFFFFFFFFFFFFFFFFFFFFFFFFFFFFFFFFFFFFFFFFFFFF
310
FFFFFFFFFFFFFFFFFFFFFFFFFFFFFFFFFFFFFFFFFFFFFFFFFFFFFFFFFFFFFFFF
310
FFFFFFFFFFFFFFFFFFFFFFFFFFFFFFFFFFFFFFFFFFFFFFFFFFFFFFFFFFFFFFFF
310
FFFFFFFFFFFFFFFFFFFFFFFFFFFFFFFFFFFFFFFFFFFFFFFFFFFFFFFFFFFFFFFF
310
FFFFFFFFFFFFFFFFFFFFFFFFFFFFFFFFFFFFFFFFFFFFFFFFFFFFFFFFFFFFFFFF
310
FF00FFFFFFFFFFFFFFFFFF738CE72952DE294AD62952DE2952D62952DE294AD6
310
2952DE2952D62952DE294AD62952DE2952D62952DE294AD62952DE294AD6214A
310
D61842D6214ADE1842D6214AD61842D6214ADE1842D6214AD61842D6214ADE18
310
42D6214ADE637BDEF7F7F7FFFFF7FFF7F7F7F7F7FFFFFFFFF7F7FFFFFFBDC6EF
310
214ADE2952D62952DE294AD62952DE2952D62952DE294AD62952DE2952D62952
310
DE294AD62952DE2952D6BDC6F7FFFFFFFFFFFFFFFFFFFFFFFFFFFFFFFFFFFFFF
310
FFFFFFFFFFFFFFFFFFFFFFFFFFFFFFFFFFFFFFFFFFFFFFFFFFFFFFFFFF6B84E7
310
2952DE2952D6738CE7FFFFFFFFFFFFFFFFFFFFFFFFFFFFFFFFFFFFFFFFFFFFFF
310
FFFFFFFFFFFFFFFFFFFFFFFFFF94A5EF2952DE2952D6426BDEFFFFFFFFFFFFFF
310
FFFFFFFFFFFFFFFFFFFFFFFFFFFFFFFFFFFFFFFFFFFFFFFFFFFFFFFFFFBDC6F7
310
2952DE2952D62952DEA5B5EFFFFFFFFFFFFFFFFFFFFFFFFFFFFFFFFFFFFFFFFF
310
FFFFFFFFFFFFFFFFFFFFFFFFFFFFFFFFFFFFFFFFFFFFFFFFFF4263DE2952DE39
310
5ADE738CE7294AD62952DE738CE7FFFFFFFFFFFFFFFFFFFFFFFFFFFFFFFFFFFF
310
7B94EF2952D62952DE6B84E7FFFFFFFFFFFFFFFFFFFFFFFFFFFFFFFFFFFFFFFF
310
FF637BE72952DE2952D6395ADEEFEFFFFFFFFFFFFFFFFFFFFFFFFFFFFFFFFFFF
310
FFFFFFFFFFFFFFFFFFFFFFFFFFFFFFFFFFFFFFFFFFFFFFFFFFFFFFFFFFFFFFFF
310
FFFFFFFFFFFFFFFFFFFFFFFFFFFFFFFFFFFFFFFFFFFFFFFFFFFFFFFFFFFFFFFF
310
FFFFFFFFFFFFFFFFFFFFFFFFFFFFFFFFFFFFFFFFFFFFFFFFFFFFFFFFFFFFFFFF
310
FFFFFFFFFFFFFFFFFFFFFFFFFFFFFFFFFFFFFFFFFFFFFFFFFFFFFFFFFFFFFFFF
310
FFFFFFFFFFFFFFFFFFFFFFFFFFFFFFFFFFFFFFFFFFFFFFFFFFFFFFFFFFFFFFFF
310
FFFFFFFFFFFFFFFFFFFFFFFFFFFFFFFFFFFFFFFFFFFFFFFFFFFFFFFFFFFFFFFF
310
FFFFFFFFFFFFFFFFFFFFFFFFFFFFFFFFFFFFFFFFFFFFFFFFFFFFFFFFFFFFFFFF
310
FFFFFFFFFFFFFFFFFFFFFFFFFFFFFFFFFFFFFFFFFFFFFFFFFFFFFFFFFFFFFFFF
310
FFFFFFFFFFFFFFFFFFFFFFFFFFFFFFFFFFFFFFFFFFFFFFFFFFFFFFFFFFFFFFFF
310
FFFFFFFFFFFFFFFFFFFFFFFFFFFFFFFFFFFFFFFFFFFFFFFFFFFFFFFFFFFFFFFF
310
FFFFFFFFFFFFFFFFFFFFFFFFFFFFFFFFFFFFFFFFFFFFFFFFFFFFFFFFFFFFFFFF
310
FFFFFFFFFFFFFFFFFFFFFFFFFFFFFFFFFFFFFFFFFFFFFFFFFFFFFFFFFFFFFFFF
310
FFFFFFFFFFFFFFFFFFFFFFFFFFFFFFFFFFFFFFFFFFFFFFFFFFFFFFFFFFFFFFFF
310
FFFFFFFFFFFFFFFFFFFFFFFFFFFFFFFFFFFFFFFFFFFFFFFFFFFFFFFFFFFFFFFF
310
FFFFFFFFFFFFFFFFFFFFFFFFFFFFFFFFFFFFFFFFFFFFFFFFFFFFFFFFFFFFFFFF
310
FFFFFFFFFFFFFFFFFFFFFFFFFFFFFFFFFF00FFFFFFFFFFFFFFFFFFCED6FF294A
310
D62952DE294AD62952D6294AD62952DE294AD62952D6294AD62952DE294AD629
310
52D6294AD62952DE214AD6294AD6738CDE8C9CE78494E78C9CE7849CE78C9CE7
310
8494E78C9CE7849CE78C9CE78494E794A5E7BDC6EFFFF7F7FFF7F7FFF7F7F7F7
310
F7FFF7F7F7F7F7FFF7F7FFFFF78C9CE71842D62952D6294AD62952DE294AD629
310
52D6294AD62952DE294AD62952D6294AD62952DE294AD64A6BDEF7F7FFFFFFFF
310
FFFFFFFFFFFFFFFFFFFFFFFFFFFFFFFFFFFFFFFFFFFFFFFFFFFFFFFFFFFFFFFF
310
FFFFFFFFFFFFFFFFFFFFFFFFFF6B84E7294AD62952D6738CE7FFFFFFFFFFFFFF
310
FFFFFFFFFFFFFFFFFFFFFFFFFFFFFFFFFFFFFFFFFFFFFFFFFFFFFFFFFF94ADEF
310
294AD62952D6395ADEF7FFFFFFFFFFFFFFFFFFFFFFFFFFFFFFFFFFFFFFFFFFFF
310
FFFFFFFFFFFFFFFFFFFFFFFFFFF7F7FF395AD62952D6294AD64263DED6DEF7FF
310
FFFFFFFFFFFFFFFFFFFFFFFFFFFFFFFFFFCED6FFE7EFFFFFFFFFFFFFFFFFFFFF
310
FFFFFFFFFFFFFFFFFF849CEF294AD62952D6294AD62952DE294AD6BDC6F7FFFF
310
FFFFFFFFFFFFFFFFFFFFFFFFFFFFFFFF738CE72952D6294AD66B8CE7FFFFFFFF
310
FFFFFFFFFFFFFFFFFFFFFFFFFFFF94A5EF2952DE294AD62952D6738CE7FFFFFF
310
FFFFFFFFFFFFFFFFFFFFFFFFFFFFFFFFFFFFFFFFFFFFFFFFFFFFFFFFFFFFFFFF
310
FFFFFFFFFFFFFFFFFFFFFFFFFFFFFFFFFFFFFFFFFFFFFFFFFFFFFFFFFFFFFFFF
310
FFFFFFFFFFFFFFFFFFFFFFFFFFFFFFFFFFFFFFFFFFFFFFFFFFFFFFFFFFFFFFFF
310
FFFFFFFFFFFFFFFFFFFFFFFFFFFFFFFFFFFFFFFFFFFFFFFFFFFFFFFFFFFFFFFF
310
FFFFFFFFFFFFFFFFFFFFFFFFFFFFFFFFFFFFFFFFFFFFFFFFFFFFFFFFFFFFFFFF
310
FFFFFFFFFFFFFFFFFFFFFFFFFFFFFFFFFFFFFFFFFFFFFFFFFFFFFFFFFFFFFFFF
310
FFFFFFFFFFFFFFFFFFFFFFFFFFFFFFFFFFFFFFFFFFFFFFFFFFFFFFFFFFFFFFFF
310
FFFFFFFFFFFFFFFFFFFFFFFFFFFFFFFFFFFFFFFFFFFFFFFFFFFFFFFFFFFFFFFF
310
FFFFFFFFFFFFFFFFFFFFFFFFFFFFFFFFFFFFFFFFFFFFFFFFFFFFFFFFFFFFFFFF
310
FFFFFFFFFFFFFFFFFFFFFFFFFFFFFFFFFFFFFFFFFFFFFFFFFFFFFFFFFFFFFFFF
310
FFFFFFFFFFFFFFFFFFFFFFFFFFFFFFFFFFFFFFFFFFFFFFFFFFFFFFFFFFFFFFFF
310
FFFFFFFFFFFFFFFFFFFFFFFFFFFFFFFFFFFFFFFFFFFFFFFFFFFFFFFFFFFFFFFF
310
FFFFFFFFFFFFFFFFFFFFFFFFFFFFFFFFFFFFFFFFFFFFFFFFFFFFFFFFFFFFFFFF
310
FFFFFFFFFFFFFFFFFFFFFFFFFFFFFFFFFFFFFFFFFFFFFFFFFFFFFFFFFFFFFFFF
310
FFFFFFFFFFFFFFFFFFFFFFFFFFFFFFFFFFFFFFFFFFFFFFFFFFFFFFFFFFFFFFFF
310
FFFFFFFFFFFFFFFFFFFFFFFFFFFFFFFFFFFFFFFFFFFFFFFFFFFFFFFFFFFFFFFF
310
FF00FFFFFFFFFFFFFFFFFFFFFFFF6B84E72952D62952DE294AD62952DE2952D6
310
2952DE294AD62952DE2952D62952DE294AD62952DE294AD6214AD694A5E7FFFF
310
FFFFFFF7FFFFFFFFFFF7FFFFFFFFFFF7FFFFFFFFFFF7FFFFFFFFFFF7FFFFFFFF
310
FFF7FFFFFFFFF7F7FFF7F7F7F7F7FFFFFFFFF7F7FFF7F7FFF7F7F7F7F74263DE
310
294ADE294AD62952DE2952D62952DE294AD62952DE2952D62952DE294AD62952
310
DE2952D62952DEA5B5EFFFFFFFFFFFFFFFFFFFFFFFFFFFFFFFFFFFFFFFFFFFFF
310
FFFFFFFFFFFFFFFFFFFFFFFFFFFFFFFFFFFFFFFFFFFFFFFFFFFFFFFFFF6B84E7
310
2952DE294AD6738CEFFFFFFFFFFFFFFFFFFFFFFFFFFFFFFFFFFFFFFFFFFFFFFF
310
FFFFFFFFFFFFFFFFFFFFFFFFFFADBDF72952DE294AD63152DE8CA5EFEFF7FFF7
310
F7FFFFFFFFF7F7FFF7FFFFF7F7FFF7FFFFFFFFFFFFFFFFFFFFFFFFFFFFFFFFFF
310
94A5EF294AD62952DE2952D64263DE9CADEFDEE7FFE7EFFFDEE7FFADBDF76B8C
310
E72952D65273E7E7EFFFFFFFFFFFFFFFFFFFFFFFFFFFFFFFFFC6D6F72952DE29
310
4AD62952DE2952D64263DEEFF7FFFFFFFFFFFFFFFFFFFFFFFFFFFFFFFFFFFFFF
310
8494EF294AD62952DE5A7BE7E7EFFFE7E7FFE7EFFFD6DEFFB5C6F76384E72952
310
DE2952D62952DE315AD6E7E7FFFFFFFFFFFFFFFFFFFFFFFFFFFFFFFFFFFFFFFF
310
FFFFFFFFFFFFFFFFFFFFFFFFFFFFFFFFFFFFFFFFFFFFFFFFFFFFFFFFFFFFFFFF
310
FFFFFFFFFFFFFFFFFFFFFFFFFFFFFFFFFFFFFFFFFFFFFFFFFFFFFFFFFFFFFFFF
310
FFFFFFFFFFFFFFFFFFFFFFFFFFFFFFFFFFFFFFFFFFFFFFFFFFFFFFFFFFFFFFFF
310
FFFFFFFFFFFFFFFFFFFFFFFFFFFFFFFFFFFFFFFFFFFFFFFFFFFFFFFFFFFFFFFF
310
FFFFFFFFFFFFFFFFFFFFFFFFFFFFFFFFFFFFFFFFFFFFFFFFFFFFFFFFFFFFFFFF
310
FFFFFFFFFFFFFFFFFFFFFFFFFFFFFFFFFFFFFFFFFFFFFFFFFFFFFFFFFFFFFFFF
310
FFFFFFFFFFFFFFFFFFFFFFFFFFFFFFFFFFFFFFFFFFFFFFFFFFFFFFFFFFFFFFFF
310
FFFFFFFFFFFFFFFFFFFFFFFFFFFFFFFFFFFFFFFFFFFFFFFFFFFFFFFFFFFFFFFF
310
FFFFFFFFFFFFFFFFFFFFFFFFFFFFFFFFFFFFFFFFFFFFFFFFFFFFFFFFFFFFFFFF
310
FFFFFFFFFFFFFFFFFFFFFFFFFFFFFFFFFFFFFFFFFFFFFFFFFFFFFFFFFFFFFFFF
310
FFFFFFFFFFFFFFFFFFFFFFFFFFFFFFFFFFFFFFFFFFFFFFFFFFFFFFFFFFFFFFFF
310
FFFFFFFFFFFFFFFFFFFFFFFFFFFFFFFFFFFFFFFFFFFFFFFFFFFFFFFFFFFFFFFF
310
FFFFFFFFFFFFFFFFFFFFFFFFFFFFFFFFFFFFFFFFFFFFFFFFFFFFFFFFFFFFFFFF
310
FFFFFFFFFFFFFFFFFFFFFFFFFFFFFFFFFFFFFFFFFFFFFFFFFFFFFFFFFFFFFFFF
310
FFFFFFFFFFFFFFFFFFFFFFFFFFFFFFFFFFFFFFFFFFFFFFFFFFFFFFFFFFFFFFFF
310
FFFFFFFFFFFFFFFFFFFFFFFFFFFFFFFFFF00FFFFFFFFFFFFFFFFFFFFFFFFCED6
310
F72952DE294AD62952DE294AD62952D6294AD62952DE294AD62952D6294AD629
310
52DE214AD61842D6849CE7FFFFFFF7F7F7FFF7F7F7F7F7FFF7F7F7F7F7FFF7F7
310
F7F7F7FFF7F7F7F7F7FFF7F7F7F7F7FFF7F7F7F7F7FFF7F7F7F7F7FFF7F7F7F7
310
F7FFF7F7F7F7F7FFFFFF94A5E72142D6294AD62952DE294AD62952D6294AD629
310
52DE294AD62952D6294AD62952DE294AD62952D64A6BDEFFFFFFFFFFFFFFFFFF
310
FFFFFFFFFFFFFFFFFFFFFFFFFFFFFFFFFFFFFFFFFFFFFFFFFFFFFFFFFFFFFFFF
310
FFFFFFFFFFFFFFFFFFFFFFFFFF6B84E7294AD62952DE3152D65273DE4A6BDE52
310
73DE4A6BDE526BDE4A6BDE5273DE4A6BDE4A6BDE6B8CE7FFFFFFFFFFFFE7EFFF
310
3152D62952DE294AD62952D6395AD64A6BDE4263DE4263DE4263DE426BDE4263
310
DEB5BDF7FFFFFFFFFFFFFFFFFFFFFFFFF7F7FF5A7BE7294AD62952D6294AD629
310
52DE294AD6315ADE294AD62952DE294AD62952D6395AD6D6DEFFFFFFFFFFFFFF
310
FFFFFFFFFFFFFFFFFFFFFFFF4263DE2952DE294AD62952D6738CE7FFFFFFFFFF
310
FFFFFFFFFFFFFFFFFFFFFFFFFFFFFFFF7B94E72952DE294AD62952DE3152D631
310
5ADE3152D62952DE294AD62952DE294AD62952D63152D6BDCEF7FFFFFFFFFFFF
310
FFFFFFFFFFFFFFFFFFFFFFFFFFFFFFFFFFFFFFFFFFFFFFFFFFFFFFFFFFFFFFFF
310
FFFFFFFFFFFFFFFFFFFFFFFFFFFFFFFFFFFFFFFFFFFFFFFFFFFFFFFFFFFFFFFF
310
FFFFFFFFFFFFFFFFFFFFFFFFFFFFFFFFFFFFFFFFFFFFFFFFFFFFFFFFFFFFFFFF
310
FFFFFFFFFFFFFFFFFFFFFFFFFFFFFFFFFFFFFFFFFFFFFFFFFFFFFFFFFFFFFFFF
310
FFFFFFFFFFFFFFFFFFFFFFFFFFFFFFFFFFFFFFFFFFFFFFFFFFFFFFFFFFFFFFFF
310
FFFFFFFFFFFFFFFFFFFFFFFFFFFFFFFFFFFFFFFFFFFFFFFFFFFFFFFFFFFFFFFF
310
FFFFFFFFFFFFFFFFFFFFFFFFFFFFFFFFFFFFFFFFFFFFFFFFFFFFFFFFFFFFFFFF
310
FFFFFFFFFFFFFFFFFFFFFFFFFFFFFFFFFFFFFFFFFFFFFFFFFFFFFFFFFFFFFFFF
310
FFFFFFFFFFFFFFFFFFFFFFFFFFFFFFFFFFFFFFFFFFFFFFFFFFFFFFFFFFFFFFFF
310
FFFFFFFFFFFFFFFFFFFFFFFFFFFFFFFFFFFFFFFFFFFFFFFFFFFFFFFFFFFFFFFF
310
FFFFFFFFFFFFFFFFFFFFFFFFFFFFFFFFFFFFFFFFFFFFFFFFFFFFFFFFFFFFFFFF
310
FFFFFFFFFFFFFFFFFFFFFFFFFFFFFFFFFFFFFFFFFFFFFFFFFFFFFFFFFFFFFFFF
310
FFFFFFFFFFFFFFFFFFFFFFFFFFFFFFFFFFFFFFFFFFFFFFFFFFFFFFFFFFFFFFFF
310
FFFFFFFFFFFFFFFFFFFFFFFFFFFFFFFFFFFFFFFFFFFFFFFFFFFFFFFFFFFFFFFF
310
FFFFFFFFFFFFFFFFFFFFFFFFFFFFFFFFFFFFFFFFFFFFFFFFFFFFFFFFFFFFFFFF
310
FFFFFFFFFFFFFFFFFFFFFFFFFFFFFFFFFFFFFFFFFFFFFFFFFFFFFFFFFFFFFFFF
310
FF00FFFFFFFFFFFFFFFFFFFFFFFFFFFFFF8494E72952DE2952D62952DE294AD6
310
2952DE2952D62952DE294AD62952DE2952D61842D67B8CE7FFFFFFFFF7F7FFF7
310
F7F7F7F7FFFFFFFFF7F7FFF7F7F7F7F7FFFFFFFFF7F7FFF7F7F7F7F7FFFFFFFF
310
F7F7FFF7F7F7F7F7FFFFFFFFF7F7FFF7F7FFF7F7FFFFFFBDC6EF2952DE214AD6
310
2952DE2952D62952DE294AD62952DE2952D62952DE294AD62952DE2952D62952
310
DE294AD6C6CEFFFFFFFFFFFFFFFFFFFFFFFFFFFFFFFFFFFFFFFFFFFFFFFFFFFF
310
FFFFFFFFFFFFFFFFFFFFFFFFFFFFFFFFFFFFFFFFFFFFFFFFFFFFFFFFFF6384E7
310
2952DE2952D62952DE294AD62952DE2952D62952DE294AD62952DE2952D62952
310
DE294AD64A6BE7FFFFFFFFFFFFFFFFFFADBDF72952D62952DE294AD62952DE29
310
52D62952DE294AD62952DE2952D62952DE9CADEFFFFFFFFFFFFFFFFFFFFFFFFF
310
FFFFFFEFF7FF6B84E7294AD62952DE2952D62952DE294AD62952DE2952D62952
310
DE6B84E7E7EFFFFFFFFFFFFFFFFFFFFFFFFFFFFFFFFFFFFFFFFFFFFF8C9CEF29
310
52D62952DE294AD6C6CEFFFFFFFFFFFFFFFFFFFFFFFFFFFFFFFFFFFFFFFFFFFF
310
7B94EF2952D62952DE294AD62952DE2952D62952DE294AD62952DE2952D63152
310
DE637BE7D6DEFFFFFFFFFFFFFFFFFFFFFFFFFFFFFFFFFFFFFFFFFFFFFFFFFFFF
310
FFFFFFFFFFFFFFFFFFFFFFFFFFFFFFFFFFFFFFFFFFFFFFFFFFFFFFFFFFFFFFFF
310
FFFFFFFFFFFFFFFFFFFFFFFFFFFFFFFFFFFFFFFFFFFFFFFFFFFFFFFFFFFFFFFF
310
FFFFFFFFFFFFFFFFFFFFFFFFFFFFFFFFFFFFFFFFFFFFFFFFFFFFFFFFFFFFFFFF
310
FFFFFFFFFFFFFFFFFFFFFFFFFFFFFFFFFFFFFFFFFFFFFFFFFFFFFFFFFFFFFFFF
310
FFFFFFFFFFFFFFFFFFFFFFFFFFFFFFFFFFFFFFFFFFFFFFFFFFFFFFFFFFFFFFFF
310
FFFFFFFFFFFFFFFFFFFFFFFFFFFFFFFFFFFFFFFFFFFFFFFFFFFFFFFFFFFFFFFF
310
FFFFFFFFFFFFFFFFFFFFFFFFFFFFFFFFFFFFFFFFFFFFFFFFFFFFFFFFFFFFFFFF
310
FFFFFFFFFFFFFFFFFFFFFFFFFFFFFFFFFFFFFFFFFFFFFFFFFFFFFFFFFFFFFFFF
310
FFFFFFFFFFFFFFFFFFFFFFFFFFFFFFFFFFFFFFFFFFFFFFFFFFFFFFFFFFFFFFFF
310
FFFFFFFFFFFFFFFFFFFFFFFFFFFFFFFFFFFFFFFFFFFFFFFFFFFFFFFFFFFFFFFF
310
FFFFFFFFFFFFFFFFFFFFFFFFFFFFFFFFFFFFFFFFFFFFFFFFFFFFFFFFFFFFFFFF
310
FFFFFFFFFFFFFFFFFFFFFFFFFFFFFFFFFFFFFFFFFFFFFFFFFFFFFFFFFFFFFFFF
310
FFFFFFFFFFFFFFFFFFFFFFFFFFFFFFFFFFFFFFFFFFFFFFFFFFFFFFFFFFFFFFFF
310
FFFFFFFFFFFFFFFFFFFFFFFFFFFFFFFFFFFFFFFFFFFFFFFFFFFFFFFFFFFFFFFF
310
FFFFFFFFFFFFFFFFFFFFFFFFFFFFFFFFFFFFFFFFFFFFFFFFFFFFFFFFFFFFFFFF
310
FFFFFFFFFFFFFFFFFFFFFFFFFFFFFFFFFF00FFFFFFFFFFFFFFFFFFFFFFFFFFFF
310
FFF7F7FF4263DE2952D6294AD62952DE294AD62952D6294AD62952DE294AD618
310
42D66B84DEFFFFF7FFF7F7FFF7F7F7F7F7FFF7F7F7F7F7FFF7F7F7F7F7FFF7F7
310
F7F7F7FFF7F7F7F7F7FFF7F7F7F7F7FFF7F7F7F7F7FFF7F7F7F7F7FFFFF7FFFF
310
F7FFFFF79CADE72952D6214AD62952DE294AD62952D6294AD62952DE294AD629
310
52D6294AD62952DE294AD62952D6294AD67B94EFFFFFFFFFFFFFFFFFFFFFFFFF
310
FFFFFFFFFFFFFFFFFFFFFFFFFFFFFFFFFFFFFFFFFFFFFFFFFFFFFFFFFFFFFFFF
310
FFFFFFFFFFFFFFFFFFFFFFFFFF738CE73152D6395ADE315AD6395ADE3152D639
310
5ADE315AD6395ADE3152D6395ADE315AD6395ADE5A73DEFFFFFFFFFFFFFFFFFF
310
FFFFFFCED6FF7B94E75273E74263DE4263DE4263DE4263DE4263DE4263DE395A
310
DEB5BDF7FFFFFFFFFFFFFFFFFFFFFFFFFFFFFFFFFFFFFFFFFFBDCEF7738CE752
310
73DE4263DE4263DE5273DE7B94E7C6CEF7FFFFFFFFFFFFFFFFFFFFFFFFFFFFFF
310
FFFFFFFFFFFFFFFFFFFFFFFFCED6F75A7BE75273DE6B84E7EFF7FFFFFFFFFFFF
310
FFFFFFFFFFFFFFFFFFFFFFFFFFFFFFFF9CADEF5A73E75273DE5A7BE75A7BDE63
310
7BE75A7BDE6B84E7738CE79CADEFCED6F7FFFFFFFFFFFFFFFFFFFFFFFFFFFFFF
310
FFFFFFFFFFFFFFFFFFFFFFFFFFFFFFFFFFFFFFFFFFFFFFFFFFFFFFFFFFFFFFFF
310
FFFFFFFFFFFFFFFFFFFFFFFFFFFFFFFFFFFFFFFFFFFFFFFFFFFFFFFFFFFFFFFF
310
FFFFFFFFFFFFFFFFFFFFFFFFFFFFFFFFFFFFFFFFFFFFFFFFFFFFFFFFFFFFFFFF
310
FFFFFFFFFFFFFFFFFFFFFFFFFFFFFFFFFFFFFFFFFFFFFFFFFFFFFFFFFFFFFFFF
310
FFFFFFFFFFFFFFFFFFFFFFFFFFFFFFFFFFFFFFFFFFFFFFFFFFFFFFFFFFFFFFFF
310
FFFFFFFFFFFFFFFFFFFFFFFFFFFFFFFFFFFFFFFFFFFFFFFFFFFFFFFFFFFFFFFF
310
FFFFFFFFFFFFFFFFFFFFFFFFFFFFFFFFFFFFFFFFFFFFFFFFFFFFFFFFFFFFFFFF
310
FFFFFFFFFFFFFFFFFFFFFFFFFFFFFFFFFFFFFFFFFFFFFFFFFFFFFFFFFFFFFFFF
310
FFFFFFFFFFFFFFFFFFFFFFFFFFFFFFFFFFFFFFFFFFFFFFFFFFFFFFFFFFFFFFFF
310
FFFFFFFFFFFFFFFFFFFFFFFFFFFFFFFFFFFFFFFFFFFFFFFFFFFFFFFFFFFFFFFF
310
FFFFFFFFFFFFFFFFFFFFFFFFFFFFFFFFFFFFFFFFFFFFFFFFFFFFFFFFFFFFFFFF
310
FFFFFFFFFFFFFFFFFFFFFFFFFFFFFFFFFFFFFFFFFFFFFFFFFFFFFFFFFFFFFFFF
310
FFFFFFFFFFFFFFFFFFFFFFFFFFFFFFFFFFFFFFFFFFFFFFFFFFFFFFFFFFFFFFFF
310
FFFFFFFFFFFFFFFFFFFFFFFFFFFFFFFFFFFFFFFFFFFFFFFFFFFFFFFFFFFFFFFF
310
FFFFFFFFFFFFFFFFFFFFFFFFFFFFFFFFFFFFFFFFFFFFFFFFFFFFFFFFFFFFFFFF
310
FFFFFFFFFFFFFFFFFFFFFFFFFFFFFFFFFFFFFFFFFFFFFFFFFFFFFFFFFFFFFFFF
310
FF00FFFFFFFFFFFFFFFFFFFFFFFFFFFFFFFFFFFFCED6FF2952D62952DE2952D6
310
2952DE294AD62952DE2952D6214ADE6B84DEFFFFFFFFFFF7FFFFFFFFFFF7FFFF
310
FFFFFFF7FFFFFFFFFFF7FFFFFFFFFFF7FFFFFFFFFFF7FFFFFFFFFFF7FFFFFFFF
310
FFF7FFFFFFFFFFF7FFFFF7DEE7F7ADBDEF5273DE214AD6214AD63152DE2952D6
310
2952DE294AD62952DE2952D62952DE294AD62952DE2952D62952DE294AD64A6B
310
E7EFF7FFFFFFFFFFFFFFFFFFFFFFFFFFFFFFFFFFFFFFFFFFFFFFFFFFFFFFFFFF
310
FFFFFFFFFFFFFFFFFFFFFFFFFFFFFFFFFFFFFFFFFFFFFFFFFFFFFFFFFFEFF7FF
310
E7EFFFE7EFFFEFEFFFE7EFFFEFEFFFE7EFFFEFEFFFE7EFFFEFEFFFE7EFFFEFEF
310
FFE7EFFFEFF7FFFFFFFFFFFFFFFFFFFFFFFFFFFFFFFFFFFFFFFFFFFFF7FFFFF7
310
F7FFFFFFFFF7F7FFF7FFFFF7F7FFF7FFFFFFFFFFFFFFFFFFFFFFFFFFFFFFFFFF
310
FFFFFFFFFFFFFFFFFFFFFFFFFFFFFFFFFFFFFFFFFFF7FFFFFFFFFFFFFFFFFFFF
310
FFFFFFFFFFFFFFFFFFFFFFFFFFFFFFFFFFFFFFFFFFFFFFFFFFFFFFFFFFFFFFFF
310
FFFFFFFFFFFFFFFFFFFFFFFFFFFFFFFFFFFFFFFFFFFFFFFFFFFFFFFFFFFFFFFF
310
FFFFFFFFFFFFFFFFFFFFFFFFFFFFFFFFFFFFFFFFFFFFFFFFFFFFFFFFFFFFFFFF
310
FFFFFFFFFFFFFFFFFFFFFFFFFFFFFFFFFFFFFFFFFFFFFFFFFFFFFFFFFFFFFFFF
310
FFFFFFFFFFFFFFFFFFFFFFFFFFFFFFFFFFFFFFFFFFFFFFFFFFFFFFFFFFFFFFFF
310
FFFFFFFFFFFFFFFFFFFFFFFFFFFFFFFFFFFFFFFFFFFFFFFFFFFFFFFFFFFFFFFF
310
FFFFFFFFFFFFFFFFFFFFFFFFFFFFFFFFFFFFFFFFFFFFFFFFFFFFFFFFFFFFFFFF
310
FFFFFFFFFFFFFFFFFFFFFFFFFFFFFFFFFFFFFFFFFFFFFFFFFFFFFFFFFFFFFFFF
310
FFFFFFFFFFFFFFFFFFFFFFFFFFFFFFFFFFFFFFFFFFFFFFFFFFFFFFFFFFFFFFFF
310
FFFFFFFFFFFFFFFFFFFFFFFFFFFFFFFFFFFFFFFFFFFFFFFFFFFFFFFFFFFFFFFF
310
FFFFFFFFFFFFFFFFFFFFFFFFFFFFFFFFFFFFFFFFFFFFFFFFFFFFFFFFFFFFFFFF
310
FFFFFFFFFFFFFFFFFFFFFFFFFFFFFFFFFFFFFFFFFFFFFFFFFFFFFFFFFFFFFFFF
310
FFFFFFFFFFFFFFFFFFFFFFFFFFFFFFFFFFFFFFFFFFFFFFFFFFFFFFFFFFFFFFFF
310
FFFFFFFFFFFFFFFFFFFFFFFFFFFFFFFFFFFFFFFFFFFFFFFFFFFFFFFFFFFFFFFF
310
FFFFFFFFFFFFFFFFFFFFFFFFFFFFFFFFFFFFFFFFFFFFFFFFFFFFFFFFFFFFFFFF
310
FFFFFFFFFFFFFFFFFFFFFFFFFFFFFFFFFFFFFFFFFFFFFFFFFFFFFFFFFFFFFFFF
310
FFFFFFFFFFFFFFFFFFFFFFFFFFFFFFFFFFFFFFFFFFFFFFFFFFFFFFFFFFFFFFFF
310
FFFFFFFFFFFFFFFFFFFFFFFFFFFFFFFFFFFFFFFFFFFFFFFFFFFFFFFFFFFFFFFF
310
FFFFFFFFFFFFFFFFFFFFFFFFFFFFFFFFFFFFFFFFFFFFFFFFFFFFFFFFFFFFFFFF
310
FFFFFFFFFFFFFFFFFFFFFFFFFFFFFFFFFF00FFFFFFFFFFFFFFFFFFFFFFFFFFFF
310
FFFFFFFFFFFFFF9CADEF294AD62952D6294AD62952DE294AD62952D62952D684
310
9CE794A5E78CA5E78C9CE794A5E78C9CE794A5E78C9CE794A5E78C9CE794A5E7
310
8C9CE794A5E78C9CE794A5E78C9CE78C9CE77B94E7738CE7526BDE315ADE1842
310
D6214AD6294AD62952DE294AD62952D6294AD62952DE294AD62952D6294AD629
310
52DE294AD62952D6294AD6395ADECED6F7FFFFFFFFFFFFFFFFFFFFFFFFFFFFFF
310
FFFFFFFFFFFFFFFFFFFFFFFFFFFFFFFFFFFFFFFFFFFFFFFFFFFFFFFFFFFFFFFF
310
FFFFFFFFFFFFFFFFFFFFFFFFFFFFFFFFFFFFFFFFFFFFFFFFFFFFFFFFFFFFFFFF
310
FFFFFFFFFFFFFFFFFFFFFFFFFFFFFFFFFFFFFFFFFFFFFFFFFFFFFFFFFFFFFFFF
310
FFFFFFFFFFFFFFFFFFFFFFFFFFFFFFFFFFFFFFFFFFFFFFFFFFFFFFFFFFFFFFFF
310
FFFFFFFFFFFFFFFFFFFFFFFFFFFFFFFFFFFFFFFFFFFFFFFFFFFFFFFFFFFFFFFF
310
FFFFFFFFFFFFFFFFFFFFFFFFFFFFFFFFFFFFFFFFFFFFFFFFFFFFFFFFFFFFFFFF
310
FFFFFFFFFFFFFFFFFFFFFFFFFFFFFFFFFFFFFFFFFFFFFFFFFFFFFFFFFFFFFFFF
310
FFFFFFFFFFFFFFFFFFFFFFFFFFFFFFFFFFFFFFFFFFFFFFFFFFFFFFFFFFFFFFFF
310
FFFFFFFFFFFFFFFFFFFFFFFFFFFFFFFFFFFFFFFFFFFFFFFFFFFFFFFFFFFFFFFF
310
FFFFFFFFFFFFFFFFFFFFFFFFFFFFFFFFFFFFFFFFFFFFFFFFFFFFFFFFFFFFFFFF
310
FFFFFFFFFFFFFFFFFFFFFFFFFFFFFFFFFFFFFFFFFFFFFFFFFFFFFFFFFFFFFFFF
310
FFFFFFFFFFFFFFFFFFFFFFFFFFFFFFFFFFFFFFFFFFFFFFFFFFFFFFFFFFFFFFFF
310
FFFFFFFFFFFFFFFFFFFFFFFFFFFFFFFFFFFFFFFFFFFFFFFFFFFFFFFFFFFFFFFF
310
FFFFFFFFFFFFFFFFFFFFFFFFFFFFFFFFFFFFFFFFFFFFFFFFFFFFFFFFFFFFFFFF
310
FFFFFFFFFFFFFFFFFFFFFFFFFFFFFFFFFFFFFFFFFFFFFFFFFFFFFFFFFFFFFFFF
310
FFFFFFFFFFFFFFFFFFFFFFFFFFFFFFFFFFFFFFFFFFFFFFFFFFFFFFFFFFFFFFFF
310
FFFFFFFFFFFFFFFFFFFFFFFFFFFFFFFFFFFFFFFFFFFFFFFFFFFFFFFFFFFFFFFF
310
FFFFFFFFFFFFFFFFFFFFFFFFFFFFFFFFFFFFFFFFFFFFFFFFFFFFFFFFFFFFFFFF
310
FFFFFFFFFFFFFFFFFFFFFFFFFFFFFFFFFFFFFFFFFFFFFFFFFFFFFFFFFFFFFFFF
310
FFFFFFFFFFFFFFFFFFFFFFFFFFFFFFFFFFFFFFFFFFFFFFFFFFFFFFFFFFFFFFFF
310
FFFFFFFFFFFFFFFFFFFFFFFFFFFFFFFFFFFFFFFFFFFFFFFFFFFFFFFFFFFFFFFF
310
FFFFFFFFFFFFFFFFFFFFFFFFFFFFFFFFFFFFFFFFFFFFFFFFFFFFFFFFFFFFFFFF
310
FFFFFFFFFFFFFFFFFFFFFFFFFFFFFFFFFFFFFFFFFFFFFFFFFFFFFFFFFFFFFFFF
310
FFFFFFFFFFFFFFFFFFFFFFFFFFFFFFFFFFFFFFFFFFFFFFFFFFFFFFFFFFFFFFFF
310
FFFFFFFFFFFFFFFFFFFFFFFFFFFFFFFFFFFFFFFFFFFFFFFFFFFFFFFFFFFFFFFF
310
FF00FFFFFFFFFFFFFFFFFFFFFFFFFFFFFFFFFFFFFFFFFFFFFFFF849CEF294AD6
310
2952DE2952D62952DE294AD62952DE214AD6214AD61842D6214ADE1842D6214A
310
D61842D6214ADE1842D6214AD61842D6214ADE1842D6214AD61842D6214ADE18
310
42D6214AD61842D6214ADE214AD62952DE294AD62952DE2952D62952DE294AD6
310
2952DE2952D62952DE294AD62952DE2952D62952DE294AD63152DEBDC6F7FFFF
310
FFFFFFFFFFFFFFFFFFFFFFFFFFFFFFFFFFFFFFFFFFFFFFFFFFFFFFFFFFFFFFFF
310
FFFFFFFFFFFFFFFFFFFFFFFFFFFFFFFFFFFFFFFFFFFFFFFFFFFFFFFFFFFFFFFF
310
FFFFFFFFFFFFFFFFFFFFFFFFFFFFFFFFFFFFFFFFFFFFFFFFFFFFFFFFFFFFFFFF
310
FFFFFFFFFFFFFFFFFFFFFFFFFFFFFFFFFFFFFFFFFFFFFFFFFFFFFFFFFFFFFFFF
310
FFFFFFFFFFFFFFFFFFFFFFFFFFFFFFFFFFFFFFFFFFFFFFFFFFFFFFFFFFFFFFFF
310
FFFFFFFFFFFFFFFFFFFFFFFFFFFFFFFFFFFFFFFFFFFFFFFFFFFFFFFFFFFFFFFF
310
FFFFFFFFFFFFFFFFFFFFFFFFFFFFFFFFFFFFFFFFFFFFFFFFFFFFFFFFFFFFFFFF
310
FFFFFFFFFFFFFFFFFFFFFFFFFFFFFFFFFFFFFFFFFFFFFFFFFFFFFFFFFFFFFFFF
310
FFFFFFFFFFFFFFFFFFFFFFFFFFFFFFFFFFFFFFFFFFFFFFFFFFFFFFFFFFFFFFFF
310
FFFFFFFFFFFFFFFFFFFFFFFFFFFFFFFFFFFFFFFFFFFFFFFFFFFFFFFFFFFFFFFF
310
FFFFFFFFFFFFFFFFFFFFFFFFFFFFFFFFFFFFFFFFFFFFFFFFFFFFFFFFFFFFFFFF
310
FFFFFFFFFFFFFFFFFFFFFFFFFFFFFFFFFFFFFFFFFFFFFFFFFFFFFFFFFFFFFFFF
310
FFFFFFFFFFFFFFFFFFFFFFFFFFFFFFFFFFFFFFFFFFFFFFFFFFFFFFFFFFFFFFFF
310
FFFFFFFFFFFFFFFFFFFFFFFFFFFFFFFFFFFFFFFFFFFFFFFFFFFFFFFFFFFFFFFF
310
FFFFFFFFFFFFFFFFFFFFFFFFFFFFFFFFFFFFFFFFFFFFFFFFFFFFFFFFFFFFFFFF
310
FFFFFFFFFFFFFFFFFFFFFFFFFFFFFFFFFFFFFFFFFFFFFFFFFFFFFFFFFFFFFFFF
310
FFFFFFFFFFFFFFFFFFFFFFFFFFFFFFFFFFFFFFFFFFFFFFFFFFFFFFFFFFFFFFFF
310
FFFFFFFFFFFFFFFFFFFFFFFFFFFFFFFFFFFFFFFFFFFFFFFFFFFFFFFFFFFFFFFF
310
FFFFFFFFFFFFFFFFFFFFFFFFFFFFFFFFFFFFFFFFFFFFFFFFFFFFFFFFFFFFFFFF
310
FFFFFFFFFFFFFFFFFFFFFFFFFFFFFFFFFFFFFFFFFFFFFFFFFFFFFFFFFFFFFFFF
310
FFFFFFFFFFFFFFFFFFFFFFFFFFFFFFFFFFFFFFFFFFFFFFFFFFFFFFFFFFFFFFFF
310
FFFFFFFFFFFFFFFFFFFFFFFFFFFFFFFFFFFFFFFFFFFFFFFFFFFFFFFFFFFFFFFF
310
FFFFFFFFFFFFFFFFFFFFFFFFFFFFFFFFFFFFFFFFFFFFFFFFFFFFFFFFFFFFFFFF
310
FFFFFFFFFFFFFFFFFFFFFFFFFFFFFFFFFFFFFFFFFFFFFFFFFFFFFFFFFFFFFFFF
310
FFFFFFFFFFFFFFFFFFFFFFFFFFFFFFFFFFFFFFFFFFFFFFFFFFFFFFFFFFFFFFFF
310
FFFFFFFFFFFFFFFFFFFFFFFFFFFFFFFFFF00FFFFFFFFFFFFFFFFFFFFFFFFFFFF
310
FFFFFFFFFFFFFFFFFFFFFFFFFF7B94EF294AD62952D6294AD62952DE294AD629
310
52D6294AD62952DE294AD62952D6294AD62952DE294AD62952D6294AD62952DE
310
294AD62952D6294AD62952DE294AD62952D6294AD62952DE294AD62952D6294A
310
D62952DE294AD62952D6294AD62952DE294AD62952D6294AD62952DE294AD629
310
52D6294AD62952DEADB5EFFFFFFFFFFFFFFFFFFFFFFFFFFFFFFFFFFFFFFFFFFF
310
FFFFFFFFFFFFFFFFFFFFFFFFFFFFFFFFFFFFFFFFFFFFFFFFFFFFFFFFFFFFFFFF
310
FFFFFFFFFFFFFFFFFFFFFFFFFFFFFFFFFFFFFFFFFFFFFFFFFFFFFFFFFFFFFFFF
310
FFFFFFFFFFFFFFFFFFFFFFFFFFFFFFFFFFFFFFFFFFFFFFFFFFFFFFFFFFFFFFFF
310
FFFFFFFFFFFFFFFFFFFFFFFFFFFFFFFFFFFFFFFFFFFFFFFFFFFFFFFFFFFFFFFF
310
FFFFFFFFFFFFFFFFFFFFFFFFFFFFFFFFFFFFFFFFFFFFFFFFFFFFFFFFFFFFFFFF
310
FFFFFFFFFFFFFFFFFFFFFFFFFFFFFFFFFFFFFFFFFFFFFFFFFFFFFFFFFFFFFFFF
310
FFFFFFFFFFFFFFFFFFFFFFFFFFFFFFFFFFFFFFFFFFFFFFFFFFFFFFFFFFFFFFFF
310
FFFFFFFFFFFFFFFFFFFFFFFFFFFFFFFFFFFFFFFFFFFFFFFFFFFFFFFFFFFFFFFF
310
FFFFFFFFFFFFFFFFFFFFFFFFFFFFFFFFFFFFFFFFFFFFFFFFFFFFFFFFFFFFFFFF
310
FFFFFFFFFFFFFFFFFFFFFFFFFFFFFFFFFFFFFFFFFFFFFFFFFFFFFFFFFFFFFFFF
310
FFFFFFFFFFFFFFFFFFFFFFFFFFFFFFFFFFFFFFFFFFFFFFFFFFFFFFFFFFFFFFFF
310
FFFFFFFFFFFFFFFFFFFFFFFFFFFFFFFFFFFFFFFFFFFFFFFFFFFFFFFFFFFFFFFF
310
FFFFFFFFFFFFFFFFFFFFFFFFFFFFFFFFFFFFFFFFFFFFFFFFFFFFFFFFFFFFFFFF
310
FFFFFFFFFFFFFFFFFFFFFFFFFFFFFFFFFFFFFFFFFFFFFFFFFFFFFFFFFFFFFFFF
310
FFFFFFFFFFFFFFFFFFFFFFFFFFFFFFFFFFFFFFFFFFFFFFFFFFFFFFFFFFFFFFFF
310
FFFFFFFFFFFFFFFFFFFFFFFFFFFFFFFFFFFFFFFFFFFFFFFFFFFFFFFFFFFFFFFF
310
FFFFFFFFFFFFFFFFFFFFFFFFFFFFFFFFFFFFFFFFFFFFFFFFFFFFFFFFFFFFFFFF
310
FFFFFFFFFFFFFFFFFFFFFFFFFFFFFFFFFFFFFFFFFFFFFFFFFFFFFFFFFFFFFFFF
310
FFFFFFFFFFFFFFFFFFFFFFFFFFFFFFFFFFFFFFFFFFFFFFFFFFFFFFFFFFFFFFFF
310
FFFFFFFFFFFFFFFFFFFFFFFFFFFFFFFFFFFFFFFFFFFFFFFFFFFFFFFFFFFFFFFF
310
FFFFFFFFFFFFFFFFFFFFFFFFFFFFFFFFFFFFFFFFFFFFFFFFFFFFFFFFFFFFFFFF
310
FFFFFFFFFFFFFFFFFFFFFFFFFFFFFFFFFFFFFFFFFFFFFFFFFFFFFFFFFFFFFFFF
310
FFFFFFFFFFFFFFFFFFFFFFFFFFFFFFFFFFFFFFFFFFFFFFFFFFFFFFFFFFFFFFFF
310
FFFFFFFFFFFFFFFFFFFFFFFFFFFFFFFFFFFFFFFFFFFFFFFFFFFFFFFFFFFFFFFF
310
FFFFFFFFFFFFFFFFFFFFFFFFFFFFFFFFFFFFFFFFFFFFFFFFFFFFFFFFFFFFFFFF
310
FF00FFFFFFFFFFFFFFFFFFFFFFFFFFFFFFFFFFFFFFFFFFFFFFFFFFFFFFFFFFFF
310
8494EF294AD62952DE2952D62952DE294AD62952DE2952D62952DE294AD62952
310
DE2952D62952DE294AD62952DE2952D62952DE294AD62952DE2952D62952DE29
310
4AD62952DE2952D62952DE294AD62952DE2952D62952DE294AD62952DE2952D6
310
2952DE294AD62952DE2952D62952DE294AD6315ADEADBDF7FFFFFFFFFFFFFFFF
310
FFFFFFFFFFFFFFFFFFFFFFFFFFFFFFFFFFFFFFFFFFFFFFFFFFFFFFFFFFFFFFFF
310
FFFFFFFFFFFFFFFFFFFFFFFFFFFFFFFFFFFFFFFFFFFFFFFFFFFFFFFFFFFFFFFF
310
FFFFFFFFFFFFFFFFFFFFFFFFFFFFFFFFFFFFFFFFFFFFFFFFFFFFFFFFFFFFFFFF
310
FFFFFFFFFFFFFFFFFFFFFFFFFFFFFFFFFFFFFFFFFFFFFFFFFFFFFFFFFFFFFFFF
310
FFFFFFFFFFFFFFFFFFFFFFFFFFFFFFFFFFFFFFFFFFFFFFFFFFFFFFFFFFFFFFFF
310
FFFFFFFFFFFFFFFFFFFFFFFFFFFFFFFFFFFFFFFFFFFFFFFFFFFFFFFFFFFFFFFF
310
FFFFFFFFFFFFFFFFFFFFFFFFFFFFFFFFFFFFFFFFFFFFFFFFFFFFFFFFFFFFFFFF
310
FFFFFFFFFFFFFFFFFFFFFFFFFFFFFFFFFFFFFFFFFFFFFFFFFFFFFFFFFFFFFFFF
310
FFFFFFFFFFFFFFFFFFFFFFFFFFFFFFFFFFFFFFFFFFFFFFFFFFFFFFFFFFFFFFFF
310
FFFFFFFFFFFFFFFFFFFFFFFFFFFFFFFFFFFFFFFFFFFFFFFFFFFFFFFFFFFFFFFF
310
FFFFFFFFFFFFFFFFFFFFFFFFFFFFFFFFFFFFFFFFFFFFFFFFFFFFFFFFFFFFFFFF
310
FFFFFFFFFFFFFFFFFFFFFFFFFFFFFFFFFFFFFFFFFFFFFFFFFFFFFFFFFFFFFFFF
310
FFFFFFFFFFFFFFFFFFFFFFFFFFFFFFFFFFFFFFFFFFFFFFFFFFFFFFFFFFFFFFFF
310
FFFFFFFFFFFFFFFFFFFFFFFFFFFFFFFFFFFFFFFFFFFFFFFFFFFFFFFFFFFFFFFF
310
FFFFFFFFFFFFFFFFFFFFFFFFFFFFFFFFFFFFFFFFFFFFFFFFFFFFFFFFFFFFFFFF
310
FFFFFFFFFFFFFFFFFFFFFFFFFFFFFFFFFFFFFFFFFFFFFFFFFFFFFFFFFFFFFFFF
310
FFFFFFFFFFFFFFFFFFFFFFFFFFFFFFFFFFFFFFFFFFFFFFFFFFFFFFFFFFFFFFFF
310
FFFFFFFFFFFFFFFFFFFFFFFFFFFFFFFFFFFFFFFFFFFFFFFFFFFFFFFFFFFFFFFF
310
FFFFFFFFFFFFFFFFFFFFFFFFFFFFFFFFFFFFFFFFFFFFFFFFFFFFFFFFFFFFFFFF
310
FFFFFFFFFFFFFFFFFFFFFFFFFFFFFFFFFFFFFFFFFFFFFFFFFFFFFFFFFFFFFFFF
310
FFFFFFFFFFFFFFFFFFFFFFFFFFFFFFFFFFFFFFFFFFFFFFFFFFFFFFFFFFFFFFFF
310
FFFFFFFFFFFFFFFFFFFFFFFFFFFFFFFFFFFFFFFFFFFFFFFFFFFFFFFFFFFFFFFF
310
FFFFFFFFFFFFFFFFFFFFFFFFFFFFFFFFFFFFFFFFFFFFFFFFFFFFFFFFFFFFFFFF
310
FFFFFFFFFFFFFFFFFFFFFFFFFFFFFFFFFFFFFFFFFFFFFFFFFFFFFFFFFFFFFFFF
310
FFFFFFFFFFFFFFFFFFFFFFFFFFFFFFFFFFFFFFFFFFFFFFFFFFFFFFFFFFFFFFFF
310
FFFFFFFFFFFFFFFFFFFFFFFFFFFFFFFFFF00FFFFFFFFFFFFFFFFFFFFFFFFFFFF
310
FFFFFFFFFFFFFFFFFFFFFFFFFFFFFFFFFFFFFF94ADEF294AD62952D6294AD629
310
52DE294AD62952D6294AD62952DE294AD62952D6294AD62952DE294AD62952D6
310
294AD62952DE294AD62952D6294AD62952DE294AD62952D6294AD62952DE294A
310
D62952D6294AD62952DE294AD62952D6294AD62952DE294AD62952D6294AD642
310
63DEBDCEF7FFFFFFFFFFFFFFFFFFFFFFFFFFFFFFFFFFFFFFFFFFFFFFFFFFFFFF
310
FFFFFFFFFFFFFFFFFFFFFFFFFFFFFFFFFFFFFFFFFFFFFFFFFFFFFFFFFFFFFFFF
310
FFFFFFFFFFFFFFFFFFFFFFFFFFFFFFFFFFFFFFFFFFFFFFFFFFFFFFFFFFFFFFFF
310
FFFFFFFFFFFFFFFFFFFFFFFFFFFFFFFFFFFFFFFFFFFFFFFFFFFFFFFFFFFFFFFF
310
FFFFFFFFFFFFFFFFFFFFFFFFFFFFFFFFFFFFFFFFFFFFFFFFFFFFFFFFFFFFFFFF
310
FFFFFFFFFFFFFFFFFFFFFFFFFFFFFFFFFFFFFFFFFFFFFFFFFFFFFFFFFFFFFFFF
310
FFFFFFFFFFFFFFFFFFFFFFFFFFFFFFFFFFFFFFFFFFFFFFFFFFFFFFFFFFFFFFFF
310
FFFFFFFFFFFFFFFFFFFFFFFFFFFFFFFFFFFFFFFFFFFFFFFFFFFFFFFFFFFFFFFF
310
FFFFFFFFFFFFFFFFFFFFFFFFFFFFFFFFFFFFFFFFFFFFFFFFFFFFFFFFFFFFFFFF
310
FFFFFFFFFFFFFFFFFFFFFFFFFFFFFFFFFFFFFFFFFFFFFFFFFFFFFFFFFFFFFFFF
310
FFFFFFFFFFFFFFFFFFFFFFFFFFFFFFFFFFFFFFFFFFFFFFFFFFFFFFFFFFFFFFFF
310
FFFFFFFFFFFFFFFFFFFFFFFFFFFFFFFFFFFFFFFFFFFFFFFFFFFFFFFFFFFFFFFF
310
FFFFFFFFFFFFFFFFFFFFFFFFFFFFFFFFFFFFFFFFFFFFFFFFFFFFFFFFFFFFFFFF
310
FFFFFFFFFFFFFFFFFFFFFFFFFFFFFFFFFFFFFFFFFFFFFFFFFFFFFFFFFFFFFFFF
310
FFFFFFFFFFFFFFFFFFFFFFFFFFFFFFFFFFFFFFFFFFFFFFFFFFFFFFFFFFFFFFFF
310
FFFFFFFFFFFFFFFFFFFFFFFFFFFFFFFFFFFFFFFFFFFFFFFFFFFFFFFFFFFFFFFF
310
FFFFFFFFFFFFFFFFFFFFFFFFFFFFFFFFFFFFFFFFFFFFFFFFFFFFFFFFFFFFFFFF
310
FFFFFFFFFFFFFFFFFFFFFFFFFFFFFFFFFFFFFFFFFFFFFFFFFFFFFFFFFFFFFFFF
310
FFFFFFFFFFFFFFFFFFFFFFFFFFFFFFFFFFFFFFFFFFFFFFFFFFFFFFFFFFFFFFFF
310
FFFFFFFFFFFFFFFFFFFFFFFFFFFFFFFFFFFFFFFFFFFFFFFFFFFFFFFFFFFFFFFF
310
FFFFFFFFFFFFFFFFFFFFFFFFFFFFFFFFFFFFFFFFFFFFFFFFFFFFFFFFFFFFFFFF
310
FFFFFFFFFFFFFFFFFFFFFFFFFFFFFFFFFFFFFFFFFFFFFFFFFFFFFFFFFFFFFFFF
310
FFFFFFFFFFFFFFFFFFFFFFFFFFFFFFFFFFFFFFFFFFFFFFFFFFFFFFFFFFFFFFFF
310
FFFFFFFFFFFFFFFFFFFFFFFFFFFFFFFFFFFFFFFFFFFFFFFFFFFFFFFFFFFFFFFF
310
FFFFFFFFFFFFFFFFFFFFFFFFFFFFFFFFFFFFFFFFFFFFFFFFFFFFFFFFFFFFFFFF
310
FFFFFFFFFFFFFFFFFFFFFFFFFFFFFFFFFFFFFFFFFFFFFFFFFFFFFFFFFFFFFFFF
310
FF00FFFFFFFFFFFFFFFFFFFFFFFFFFFFFFFFFFFFFFFFFFFFFFFFFFFFFFFFFFFF
310
FFFFFFFFFFFFBDCEF73963DE2952DE2952D62952DE294AD62952DE2952D62952
310
DE294AD62952DE2952D62952DE294AD62952DE2952D62952DE294AD62952DE29
310
52D62952DE294AD62952DE2952D62952DE294AD62952DE2952D62952DE294AD6
310
2952DE2952D62952DE294AD66384E7DEE7FFFFFFFFFFFFFFFFFFFFFFFFFFFFFF
310
FFFFFFFFFFFFFFFFFFFFFFFFFFFFFFFFFFFFFFFFFFFFFFFFFFFFFFFFFFFFFFFF
310
FFFFFFFFFFFFFFFFFFFFFFFFFFFFFFFFFFFFFFFFFFFFFFFFFFFFFFFFFFFFFFFF
310
FFFFFFFFFFFFFFFFFFFFFFFFFFFFFFFFFFFFFFFFFFFFFFFFFFFFFFFFFFFFFFFF
310
FFFFFFFFFFFFFFFFFFFFFFFFFFFFFFFFFFFFFFFFFFFFFFFFFFFFFFFFFFFFFFFF
310
FFFFFFFFFFFFFFFFFFFFFFFFFFFFFFFFFFFFFFFFFFFFFFFFFFFFFFFFFFFFFFFF
310
FFFFFFFFFFFFFFFFFFFFFFFFFFFFFFFFFFFFFFFFFFFFFFFFFFFFFFFFFFFFFFFF
310
FFFFFFFFFFFFFFFFFFFFFFFFFFFFFFFFFFFFFFFFFFFFFFFFFFFFFFFFFFFFFFFF
310
FFFFFFFFFFFFFFFFFFFFFFFFFFFFFFFFFFFFFFFFFFFFFFFFFFFFFFFFFFFFFFFF
310
FFFFFFFFFFFFFFFFFFFFFFFFFFFFFFFFFFFFFFFFFFFFFFFFFFFFFFFFFFFFFFFF
310
FFFFFFFFFFFFFFFFFFFFFFFFFFFFFFFFFFFFFFFFFFFFFFFFFFFFFFFFFFFFFFFF
310
FFFFFFFFFFFFFFFFFFFFFFFFFFFFFFFFFFFFFFFFFFFFFFFFFFFFFFFFFFFFFFFF
310
FFFFFFFFFFFFFFFFFFFFFFFFFFFFFFFFFFFFFFFFFFFFFFFFFFFFFFFFFFFFFFFF
310
FFFFFFFFFFFFFFFFFFFFFFFFFFFFFFFFFFFFFFFFFFFFFFFFFFFFFFFFFFFFFFFF
310
FFFFFFFFFFFFFFFFFFFFFFFFFFFFFFFFFFFFFFFFFFFFFFFFFFFFFFFFFFFFFFFF
310
FFFFFFFFFFFFFFFFFFFFFFFFFFFFFFFFFFFFFFFFFFFFFFFFFFFFFFFFFFFFFFFF
310
FFFFFFFFFFFFFFFFFFFFFFFFFFFFFFFFFFFFFFFFFFFFFFFFFFFFFFFFFFFFFFFF
310
FFFFFFFFFFFFFFFFFFFFFFFFFFFFFFFFFFFFFFFFFFFFFFFFFFFFFFFFFFFFFFFF
310
FFFFFFFFFFFFFFFFFFFFFFFFFFFFFFFFFFFFFFFFFFFFFFFFFFFFFFFFFFFFFFFF
310
FFFFFFFFFFFFFFFFFFFFFFFFFFFFFFFFFFFFFFFFFFFFFFFFFFFFFFFFFFFFFFFF
310
FFFFFFFFFFFFFFFFFFFFFFFFFFFFFFFFFFFFFFFFFFFFFFFFFFFFFFFFFFFFFFFF
310
FFFFFFFFFFFFFFFFFFFFFFFFFFFFFFFFFFFFFFFFFFFFFFFFFFFFFFFFFFFFFFFF
310
FFFFFFFFFFFFFFFFFFFFFFFFFFFFFFFFFFFFFFFFFFFFFFFFFFFFFFFFFFFFFFFF
310
FFFFFFFFFFFFFFFFFFFFFFFFFFFFFFFFFFFFFFFFFFFFFFFFFFFFFFFFFFFFFFFF
310
FFFFFFFFFFFFFFFFFFFFFFFFFFFFFFFFFFFFFFFFFFFFFFFFFFFFFFFFFFFFFFFF
310
FFFFFFFFFFFFFFFFFFFFFFFFFFFFFFFFFFFFFFFFFFFFFFFFFFFFFFFFFFFFFFFF
310
FFFFFFFFFFFFFFFFFFFFFFFFFFFFFFFFFF00FFFFFFFFFFFFFFFFFFFFFFFFFFFF
310
FFFFFFFFFFFFFFFFFFFFFFFFFFFFFFFFFFFFFFFFFFFFFFFFFFE7EFFF738CE729
310
52D6294AD62952DE294AD62952D6294AD62952DE294AD62952D6294AD62952DE
310
294AD62952D6294AD62952DE294AD62952D6294AD62952DE294AD62952D6294A
310
D62952DE294AD62952D6294AD62952DE294AD62952D63152D69CADEFFFFFFFFF
310
FFFFFFFFFFFFFFFFFFFFFFFFFFFFFFFFFFFFFFFFFFFFFFFFFFFFFFFFFFFFFFFF
310
FFFFFFFFFFFFFFFFFFFFFFFFFFFFFFFFFFFFFFFFFFFFFFFFFFFFFFFFFFFFFFFF
310
FFFFFFFFFFFFFFFFFFFFFFFFFFFFFFFFFFFFFFFFFFFFFFFFFFFFFFFFFFFFFFFF
310
FFFFFFFFFFFFFFFFFFFFFFFFFFFFFFFFFFFFFFFFFFFFFFFFFFFFFFFFFFFFFFFF
310
FFFFFFFFFFFFFFFFFFFFFFFFFFFFFFFFFFFFFFFFFFFFFFFFFFFFFFFFFFFFFFFF
310
FFFFFFFFFFFFFFFFFFFFFFFFFFFFFFFFFFFFFFFFFFFFFFFFFFFFFFFFFFFFFFFF
310
FFFFFFFFFFFFFFFFFFFFFFFFFFFFFFFFFFFFFFFFFFFFFFFFFFFFFFFFFFFFFFFF
310
FFFFFFFFFFFFFFFFFFFFFFFFFFFFFFFFFFFFFFFFFFFFFFFFFFFFFFFFFFFFFFFF
310
FFFFFFFFFFFFFFFFFFFFFFFFFFFFFFFFFFFFFFFFFFFFFFFFFFFFFFFFFFFFFFFF
310
FFFFFFFFFFFFFFFFFFFFFFFFFFFFFFFFFFFFFFFFFFFFFFFFFFFFFFFFFFFFFFFF
310
FFFFFFFFFFFFFFFFFFFFFFFFFFFFFFFFFFFFFFFFFFFFFFFFFFFFFFFFFFFFFFFF
310
FFFFFFFFFFFFFFFFFFFFFFFFFFFFFFFFFFFFFFFFFFFFFFFFFFFFFFFFFFFFFFFF
310
FFFFFFFFFFFFFFFFFFFFFFFFFFFFFFFFFFFFFFFFFFFFFFFFFFFFFFFFFFFFFFFF
310
FFFFFFFFFFFFFFFFFFFFFFFFFFFFFFFFFFFFFFFFFFFFFFFFFFFFFFFFFFFFFFFF
310
FFFFFFFFFFFFFFFFFFFFFFFFFFFFFFFFFFFFFFFFFFFFFFFFFFFFFFFFFFFFFFFF
310
FFFFFFFFFFFFFFFFFFFFFFFFFFFFFFFFFFFFFFFFFFFFFFFFFFFFFFFFFFFFFFFF
310
FFFFFFFFFFFFFFFFFFFFFFFFFFFFFFFFFFFFFFFFFFFFFFFFFFFFFFFFFFFFFFFF
310
FFFFFFFFFFFFFFFFFFFFFFFFFFFFFFFFFFFFFFFFFFFFFFFFFFFFFFFFFFFFFFFF
310
FFFFFFFFFFFFFFFFFFFFFFFFFFFFFFFFFFFFFFFFFFFFFFFFFFFFFFFFFFFFFFFF
310
FFFFFFFFFFFFFFFFFFFFFFFFFFFFFFFFFFFFFFFFFFFFFFFFFFFFFFFFFFFFFFFF
310
FFFFFFFFFFFFFFFFFFFFFFFFFFFFFFFFFFFFFFFFFFFFFFFFFFFFFFFFFFFFFFFF
310
FFFFFFFFFFFFFFFFFFFFFFFFFFFFFFFFFFFFFFFFFFFFFFFFFFFFFFFFFFFFFFFF
310
FFFFFFFFFFFFFFFFFFFFFFFFFFFFFFFFFFFFFFFFFFFFFFFFFFFFFFFFFFFFFFFF
310
FFFFFFFFFFFFFFFFFFFFFFFFFFFFFFFFFFFFFFFFFFFFFFFFFFFFFFFFFFFFFFFF
310
FFFFFFFFFFFFFFFFFFFFFFFFFFFFFFFFFFFFFFFFFFFFFFFFFFFFFFFFFFFFFFFF
310
FFFFFFFFFFFFFFFFFFFFFFFFFFFFFFFFFFFFFFFFFFFFFFFFFFFFFFFFFFFFFFFF
310
FF00FFFFFFFFFFFFFFFFFFFFFFFFFFFFFFFFFFFFFFFFFFFFFFFFFFFFFFFFFFFF
310
FFFFFFFFFFFFFFFFFFFFFFFFFFFFFFBDC6F75A7BE72952D62952DE294AD62952
310
DE2952D62952DE294AD62952DE2952D62952DE294AD62952DE2952D62952DE29
310
4AD62952DE2952D62952DE294AD62952DE2952D62952DE294AD62952DE2952D6
310
2952DE738CE7DEE7FFFFFFFFFFFFFFFFFFFFFFFFFFFFFFFFFFFFFFFFFFFFFFFF
310
FFFFFFFFFFFFFFFFFFFFFFFFFFFFFFFFFFFFFFFFFFFFFFFFFFFFFFFFFFFFFFFF
310
FFFFFFFFFFFFFFFFFFFFFFFFFFFFFFFFFFFFFFFFFFFFFFFFFFFFFFFFFFFFFFFF
310
FFFFFFFFFFFFFFFFFFFFFFFFFFFFFFFFFFFFFFFFFFFFFFFFFFFFFFFFFFFFFFFF
310
FFFFFFFFFFFFFFFFFFFFFFFFFFFFFFFFFFFFFFFFFFFFFFFFFFFFFFFFFFFFFFFF
310
FFFFFFFFFFFFFFFFFFFFFFFFFFFFFFFFFFFFFFFFFFFFFFFFFFFFFFFFFFFFFFFF
310
FFFFFFFFFFFFFFFFFFFFFFFFFFFFFFFFFFFFFFFFFFFFFFFFFFFFFFFFFFFFFFFF
310
FFFFFFFFFFFFFFFFFFFFFFFFFFFFFFFFFFFFFFFFFFFFFFFFFFFFFFFFFFFFFFFF
310
FFFFFFFFFFFFFFFFFFFFFFFFFFFFFFFFFFFFFFFFFFFFFFFFFFFFFFFFFFFFFFFF
310
FFFFFFFFFFFFFFFFFFFFFFFFFFFFFFFFFFFFFFFFFFFFFFFFFFFFFFFFFFFFFFFF
310
FFFFFFFFFFFFFFFFFFFFFFFFFFFFFFFFFFFFFFFFFFFFFFFFFFFFFFFFFFFFFFFF
310
FFFFFFFFFFFFFFFFFFFFFFFFFFFFFFFFFFFFFFFFFFFFFFFFFFFFFFFFFFFFFFFF
310
FFFFFFFFFFFFFFFFFFFFFFFFFFFFFFFFFFFFFFFFFFFFFFFFFFFFFFFFFFFFFFFF
310
FFFFFFFFFFFFFFFFFFFFFFFFFFFFFFFFFFFFFFFFFFFFFFFFFFFFFFFFFFFFFFFF
310
FFFFFFFFFFFFFFFFFFFFFFFFFFFFFFFFFFFFFFFFFFFFFFFFFFFFFFFFFFFFFFFF
310
FFFFFFFFFFFFFFFFFFFFFFFFFFFFFFFFFFFFFFFFFFFFFFFFFFFFFFFFFFFFFFFF
310
FFFFFFFFFFFFFFFFFFFFFFFFFFFFFFFFFFFFFFFFFFFFFFFFFFFFFFFFFFFFFFFF
310
FFFFFFFFFFFFFFFFFFFFFFFFFFFFFFFFFFFFFFFFFFFFFFFFFFFFFFFFFFFFFFFF
310
FFFFFFFFFFFFFFFFFFFFFFFFFFFFFFFFFFFFFFFFFFFFFFFFFFFFFFFFFFFFFFFF
310
FFFFFFFFFFFFFFFFFFFFFFFFFFFFFFFFFFFFFFFFFFFFFFFFFFFFFFFFFFFFFFFF
310
FFFFFFFFFFFFFFFFFFFFFFFFFFFFFFFFFFFFFFFFFFFFFFFFFFFFFFFFFFFFFFFF
310
FFFFFFFFFFFFFFFFFFFFFFFFFFFFFFFFFFFFFFFFFFFFFFFFFFFFFFFFFFFFFFFF
310
FFFFFFFFFFFFFFFFFFFFFFFFFFFFFFFFFFFFFFFFFFFFFFFFFFFFFFFFFFFFFFFF
310
FFFFFFFFFFFFFFFFFFFFFFFFFFFFFFFFFFFFFFFFFFFFFFFFFFFFFFFFFFFFFFFF
310
FFFFFFFFFFFFFFFFFFFFFFFFFFFFFFFFFFFFFFFFFFFFFFFFFFFFFFFFFFFFFFFF
310
FFFFFFFFFFFFFFFFFFFFFFFFFFFFFFFFFFFFFFFFFFFFFFFFFFFFFFFFFFFFFFFF
310
FFFFFFFFFFFFFFFFFFFFFFFFFFFFFFFFFF00FFFFFFFFFFFFFFFFFFFFFFFFFFFF
310
FFFFFFFFFFFFFFFFFFFFFFFFFFFFFFFFFFFFFFFFFFFFFFFFFFFFFFFFFFFFFFFF
310
FFFFFFFFFFB5C6F75A73DE2952DE294AD62952D6294AD62952DE294AD62952D6
310
294AD62952DE294AD62952D6294AD62952DE294AD62952D6294AD62952DE294A
310
D62952D6294AD62952DE3152D67B94E7CED6F7FFFFFFFFFFFFFFFFFFFFFFFFFF
310
FFFFFFFFFFFFFFFFFFFFFFFFFFFFFFFFFFFFFFFFFFFFFFFFFFFFFFFFFFFFFFFF
310
FFFFFFFFFFFFFFFFFFFFFFFFFFFFFFFFFFFFFFFFFFFFFFFFFFFFFFFFFFFFFFFF
310
FFFFFFFFFFFFFFFFFFFFFFFFFFFFFFFFFFFFFFFFFFFFFFFFFFFFFFFFFFFFFFFF
310
FFFFFFFFFFFFFFFFFFFFFFFFFFFFFFFFFFFFFFFFFFFFFFFFFFFFFFFFFFFFFFFF
310
FFFFFFFFFFFFFFFFFFFFFFFFFFFFFFFFFFFFFFFFFFFFFFFFFFFFFFFFFFFFFFFF
310
FFFFFFFFFFFFFFFFFFFFFFFFFFFFFFFFFFFFFFFFFFFFFFFFFFFFFFFFFFFFFFFF
310
FFFFFFFFFFFFFFFFFFFFFFFFFFFFFFFFFFFFFFFFFFFFFFFFFFFFFFFFFFFFFFFF
310
FFFFFFFFFFFFFFFFFFFFFFFFFFFFFFFFFFFFFFFFFFFFFFFFFFFFFFFFFFFFFFFF
310
FFFFFFFFFFFFFFFFFFFFFFFFFFFFFFFFFFFFFFFFFFFFFFFFFFFFFFFFFFFFFFFF
310
FFFFFFFFFFFFFFFFFFFFFFFFFFFFFFFFFFFFFFFFFFFFFFFFFFFFFFFFFFFFFFFF
310
FFFFFFFFFFFFFFFFFFFFFFFFFFFFFFFFFFFFFFFFFFFFFFFFFFFFFFFFFFFFFFFF
310
FFFFFFFFFFFFFFFFFFFFFFFFFFFFFFFFFFFFFFFFFFFFFFFFFFFFFFFFFFFFFFFF
310
FFFFFFFFFFFFFFFFFFFFFFFFFFFFFFFFFFFFFFFFFFFFFFFFFFFFFFFFFFFFFFFF
310
FFFFFFFFFFFFFFFFFFFFFFFFFFFFFFFFFFFFFFFFFFFFFFFFFFFFFFFFFFFFFFFF
310
FFFFFFFFFFFFFFFFFFFFFFFFFFFFFFFFFFFFFFFFFFFFFFFFFFFFFFFFFFFFFFFF
310
FFFFFFFFFFFFFFFFFFFFFFFFFFFFFFFFFFFFFFFFFFFFFFFFFFFFFFFFFFFFFFFF
310
FFFFFFFFFFFFFFFFFFFFFFFFFFFFFFFFFFFFFFFFFFFFFFFFFFFFFFFFFFFFFFFF
310
FFFFFFFFFFFFFFFFFFFFFFFFFFFFFFFFFFFFFFFFFFFFFFFFFFFFFFFFFFFFFFFF
310
FFFFFFFFFFFFFFFFFFFFFFFFFFFFFFFFFFFFFFFFFFFFFFFFFFFFFFFFFFFFFFFF
310
FFFFFFFFFFFFFFFFFFFFFFFFFFFFFFFFFFFFFFFFFFFFFFFFFFFFFFFFFFFFFFFF
310
FFFFFFFFFFFFFFFFFFFFFFFFFFFFFFFFFFFFFFFFFFFFFFFFFFFFFFFFFFFFFFFF
310
FFFFFFFFFFFFFFFFFFFFFFFFFFFFFFFFFFFFFFFFFFFFFFFFFFFFFFFFFFFFFFFF
310
FFFFFFFFFFFFFFFFFFFFFFFFFFFFFFFFFFFFFFFFFFFFFFFFFFFFFFFFFFFFFFFF
310
FFFFFFFFFFFFFFFFFFFFFFFFFFFFFFFFFFFFFFFFFFFFFFFFFFFFFFFFFFFFFFFF
310
FFFFFFFFFFFFFFFFFFFFFFFFFFFFFFFFFFFFFFFFFFFFFFFFFFFFFFFFFFFFFFFF
310
FFFFFFFFFFFFFFFFFFFFFFFFFFFFFFFFFFFFFFFFFFFFFFFFFFFFFFFFFFFFFFFF
310
FF00FFFFFFFFFFFFFFFFFFFFFFFFFFFFFFFFFFFFFFFFFFFFFFFFFFFFFFFFFFFF
310
FFFFFFFFFFFFFFFFFFFFFFFFFFFFFFFFFFFFFFFFFFFFFFFFFFFFFFCED6F78C9C
310
EF4A6BDE3152DE2952D62952DE294AD62952DE2952D62952DE294AD62952DE29
310
52D62952DE294AD62952DE2952D62952DE3152D6637BE79CB5EFE7EFFFFFFFFF
310
FFFFFFFFFFFFFFFFFFFFFFFFFFFFFFFFFFFFFFFFFFFFFFFFFFFFFFFFFFFFFFFF
310
FFFFFFFFFFFFFFFFFFFFFFFFFFFFFFFFFFFFFFFFFFFFFFFFFFFFFFFFFFFFFFFF
310
FFFFFFFFFFFFFFFFFFFFFFFFFFFFFFFFFFFFFFFFFFFFFFFFFFFFFFFFFFFFFFFF
310
FFFFFFFFFFFFFFFFFFFFFFFFFFFFFFFFFFFFFFFFFFFFFFFFFFFFFFFFFFFFFFFF
310
FFFFFFFFFFFFFFFFFFFFFFFFFFFFFFFFFFFFFFFFFFFFFFFFFFFFFFFFFFFFFFFF
310
FFFFFFFFFFFFFFFFFFFFFFFFFFFFFFFFFFFFFFFFFFFFFFFFFFFFFFFFFFFFFFFF
310
FFFFFFFFFFFFFFFFFFFFFFFFFFFFFFFFFFFFFFFFFFFFFFFFFFFFFFFFFFFFFFFF
310
FFFFFFFFFFFFFFFFFFFFFFFFFFFFFFFFFFFFFFFFFFFFFFFFFFFFFFFFFFFFFFFF
310
FFFFFFFFFFFFFFFFFFFFFFFFFFFFFFFFFFFFFFFFFFFFFFFFFFFFFFFFFFFFFFFF
310
FFFFFFFFFFFFFFFFFFFFFFFFFFFFFFFFFFFFFFFFFFFFFFFFFFFFFFFFFFFFFFFF
310
FFFFFFFFFFFFFFFFFFFFFFFFFFFFFFFFFFFFFFFFFFFFFFFFFFFFFFFFFFFFFFFF
310
FFFFFFFFFFFFFFFFFFFFFFFFFFFFFFFFFFFFFFFFFFFFFFFFFFFFFFFFFFFFFFFF
310
FFFFFFFFFFFFFFFFFFFFFFFFFFFFFFFFFFFFFFFFFFFFFFFFFFFFFFFFFFFFFFFF
310
FFFFFFFFFFFFFFFFFFFFFFFFFFFFFFFFFFFFFFFFFFFFFFFFFFFFFFFFFFFFFFFF
310
FFFFFFFFFFFFFFFFFFFFFFFFFFFFFFFFFFFFFFFFFFFFFFFFFFFFFFFFFFFFFFFF
310
FFFFFFFFFFFFFFFFFFFFFFFFFFFFFFFFFFFFFFFFFFFFFFFFFFFFFFFFFFFFFFFF
310
FFFFFFFFFFFFFFFFFFFFFFFFFFFFFFFFFFFFFFFFFFFFFFFFFFFFFFFFFFFFFFFF
310
FFFFFFFFFFFFFFFFFFFFFFFFFFFFFFFFFFFFFFFFFFFFFFFFFFFFFFFFFFFFFFFF
310
FFFFFFFFFFFFFFFFFFFFFFFFFFFFFFFFFFFFFFFFFFFFFFFFFFFFFFFFFFFFFFFF
310
FFFFFFFFFFFFFFFFFFFFFFFFFFFFFFFFFFFFFFFFFFFFFFFFFFFFFFFFFFFFFFFF
310
FFFFFFFFFFFFFFFFFFFFFFFFFFFFFFFFFFFFFFFFFFFFFFFFFFFFFFFFFFFFFFFF
310
FFFFFFFFFFFFFFFFFFFFFFFFFFFFFFFFFFFFFFFFFFFFFFFFFFFFFFFFFFFFFFFF
310
FFFFFFFFFFFFFFFFFFFFFFFFFFFFFFFFFFFFFFFFFFFFFFFFFFFFFFFFFFFFFFFF
310
FFFFFFFFFFFFFFFFFFFFFFFFFFFFFFFFFFFFFFFFFFFFFFFFFFFFFFFFFFFFFFFF
310
FFFFFFFFFFFFFFFFFFFFFFFFFFFFFFFFFFFFFFFFFFFFFFFFFFFFFFFFFFFFFFFF
310
FFFFFFFFFFFFFFFFFFFFFFFFFFFFFFFFFFFFFFFFFFFFFFFFFFFFFFFFFFFFFFFF
310
FFFFFFFFFFFFFFFFFFFFFFFFFFFFFFFFFF00FFFFFFFFFFFFFFFFFFFFFFFFFFFF
310
FFFFFFFFFFFFFFFFFFFFFFFFFFFFFFFFFFFFFFFFFFFFFFFFFFFFFFFFFFFFFFFF
310
FFFFFFFFFFFFFFFFFFFFFFFFFFFFFFFFFFFFFFFFD6DEF7A5B5F77B94E75A7BE7
310
4263DE3963DE395AD6395ADE395AD6395ADE395ADE4A6BDE637BDE8C9CEFB5BD
310
F7E7EFFFFFFFFFFFFFFFFFFFFFFFFFFFFFFFFFFFFFFFFFFFFFFFFFFFFFFFFFFF
310
FFFFFFFFFFFFFFFFFFFFFFFFFFFFFFFFFFFFFFFFFFFFFFFFFFFFFFFFFFFFFFFF
310
FFFFFFFFFFFFFFFFFFFFFFFFFFFFFFFFFFFFFFFFFFFFFFFFFFFFFFFFFFFFFFFF
310
FFFFFFFFFFFFFFFFFFFFFFFFFFFFFFFFFFFFFFFFFFFFFFFFFFFFFFFFFFFFFFFF
310
FFFFFFFFFFFFFFFFFFFFFFFFFFFFFFFFFFFFFFFFFFFFFFFFFFFFFFFFFFFFFFFF
310
FFFFFFFFFFFFFFFFFFFFFFFFFFFFFFFFFFFFFFFFFFFFFFFFFFFFFFFFFFFFFFFF
310
FFFFFFFFFFFFFFFFFFFFFFFFFFFFFFFFFFFFFFFFFFFFFFFFFFFFFFFFFFFFFFFF
310
FFFFFFFFFFFFFFFFFFFFFFFFFFFFFFFFFFFFFFFFFFFFFFFFFFFFFFFFFFFFFFFF
310
FFFFFFFFFFFFFFFFFFFFFFFFFFFFFFFFFFFFFFFFFFFFFFFFFFFFFFFFFFFFFFFF
310
FFFFFFFFFFFFFFFFFFFFFFFFFFFFFFFFFFFFFFFFFFFFFFFFFFFFFFFFFFFFFFFF
310
FFFFFFFFFFFFFFFFFFFFFFFFFFFFFFFFFFFFFFFFFFFFFFFFFFFFFFFFFFFFFFFF
310
FFFFFFFFFFFFFFFFFFFFFFFFFFFFFFFFFFFFFFFFFFFFFFFFFFFFFFFFFFFFFFFF
310
FFFFFFFFFFFFFFFFFFFFFFFFFFFFFFFFFFFFFFFFFFFFFFFFFFFFFFFFFFFFFFFF
310
FFFFFFFFFFFFFFFFFFFFFFFFFFFFFFFFFFFFFFFFFFFFFFFFFFFFFFFFFFFFFFFF
310
FFFFFFFFFFFFFFFFFFFFFFFFFFFFFFFFFFFFFFFFFFFFFFFFFFFFFFFFFFFFFFFF
310
FFFFFFFFFFFFFFFFFFFFFFFFFFFFFFFFFFFFFFFFFFFFFFFFFFFFFFFFFFFFFFFF
310
FFFFFFFFFFFFFFFFFFFFFFFFFFFFFFFFFFFFFFFFFFFFFFFFFFFFFFFFFFFFFFFF
310
FFFFFFFFFFFFFFFFFFFFFFFFFFFFFFFFFFFFFFFFFFFFFFFFFFFFFFFFFFFFFFFF
310
FFFFFFFFFFFFFFFFFFFFFFFFFFFFFFFFFFFFFFFFFFFFFFFFFFFFFFFFFFFFFFFF
310
FFFFFFFFFFFFFFFFFFFFFFFFFFFFFFFFFFFFFFFFFFFFFFFFFFFFFFFFFFFFFFFF
310
FFFFFFFFFFFFFFFFFFFFFFFFFFFFFFFFFFFFFFFFFFFFFFFFFFFFFFFFFFFFFFFF
310
FFFFFFFFFFFFFFFFFFFFFFFFFFFFFFFFFFFFFFFFFFFFFFFFFFFFFFFFFFFFFFFF
310
FFFFFFFFFFFFFFFFFFFFFFFFFFFFFFFFFFFFFFFFFFFFFFFFFFFFFFFFFFFFFFFF
310
FFFFFFFFFFFFFFFFFFFFFFFFFFFFFFFFFFFFFFFFFFFFFFFFFFFFFFFFFFFFFFFF
310
FFFFFFFFFFFFFFFFFFFFFFFFFFFFFFFFFFFFFFFFFFFFFFFFFFFFFFFFFFFFFFFF
310
FFFFFFFFFFFFFFFFFFFFFFFFFFFFFFFFFFFFFFFFFFFFFFFFFFFFFFFFFFFFFFFF
310
FFFFFFFFFFFFFFFFFFFFFFFFFFFFFFFFFFFFFFFFFFFFFFFFFFFFFFFFFFFFFFFF
310
FF00FFFFFFFFFFFFFFFFFFFFFFFFFFFFFFFFFFFFFFFFFFFFFFFFFFFFFFFFFFFF
310
FFFFFFFFFFFFFFFFFFFFFFFFFFFFFFFFFFFFFFFFFFFFFFFFFFFFFFFFFFFFFFFF
310
FFFFFFFFFFFFFFFFFFFFFFFFFFFFFFFFFFFFFFFFFFFFFFFFFFFFFFFFFFFFFFFF
310
FFFFFFFFFFFFFFFFFFFFFFFFFFFFFFFFFFFFFFFFFFFFFFFFFFFFFFFFFFFFFFFF
310
FFFFFFFFFFFFFFFFFFFFFFFFFFFFFFFFFFFFFFFFFFFFFFFFFFFFFFFFFFFFFFFF
310
FFFFFFFFFFFFFFFFFFFFFFFFFFFFFFFFFFFFFFFFFFFFFFFFFFFFFFFFFFFFFFFF
310
FFFFFFFFFFFFFFFFFFFFFFFFFFFFFFFFFFFFFFFFFFFFFFFFFFFFFFFFFFFFFFFF
310
FFFFFFFFFFFFFFFFFFFFFFFFFFFFFFFFFFFFFFFFFFFFFFFFFFFFFFFFFFFFFFFF
310
FFFFFFFFFFFFFFFFFFFFFFFFFFFFFFFFFFFFFFFFFFFFFFFFFFFFFFFFFFFFFFFF
310
FFFFFFFFFFFFFFFFFFFFFFFFFFFFFFFFFFFFFFFFFFFFFFFFFFFFFFFFFFFFFFFF
310
FFFFFFFFFFFFFFFFFFFFFFFFFFFFFFFFFFFFFFFFFFFFFFFFFFFFFFFFFFFFFFFF
310
FFFFFFFFFFFFFFFFFFFFFFFFFFFFFFFFFFFFFFFFFFFFFFFFFFFFFFFFFFFFFFFF
310
FFFFFFFFFFFFFFFFFFFFFFFFFFFFFFFFFFFFFFFFFFFFFFFFFFFFFFFFFFFFFFFF
310
FFFFFFFFFFFFFFFFFFFFFFFFFFFFFFFFFFFFFFFFFFFFFFFFFFFFFFFFFFFFFFFF
310
FFFFFFFFFFFFFFFFFFFFFFFFFFFFFFFFFFFFFFFFFFFFFFFFFFFFFFFFFFFFFFFF
310
FFFFFFFFFFFFFFFFFFFFFFFFFFFFFFFFFFFFFFFFFFFFFFFFFFFFFFFFFFFFFFFF
310
FFFFFFFFFFFFFFFFFFFFFFFFFFFFFFFFFFFFFFFFFFFFFFFFFFFFFFFFFFFFFFFF
310
FFFFFFFFFFFFFFFFFFFFFFFFFFFFFFFFFFFFFFFFFFFFFFFFFFFFFFFFFFFFFFFF
310
FFFFFFFFFFFFFFFFFFFFFFFFFFFFFFFFFFFFFFFFFFFFFFFFFFFFFFFFFFFFFFFF
310
FFFFFFFFFFFFFFFFFFFFFFFFFFFFFFFFFFFFFFFFFFFFFFFFFFFFFFFFFFFFFFFF
310
FFFFFFFFFFFFFFFFFFFFFFFFFFFFFFFFFFFFFFFFFFFFFFFFFFFFFFFFFFFFFFFF
310
FFFFFFFFFFFFFFFFFFFFFFFFFFFFFFFFFFFFFFFFFFFFFFFFFFFFFFFFFFFFFFFF
310
FFFFFFFFFFFFFFFFFFFFFFFFFFFFFFFFFFFFFFFFFFFFFFFFFFFFFFFFFFFFFFFF
310
FFFFFFFFFFFFFFFFFFFFFFFFFFFFFFFFFFFFFFFFFFFFFFFFFFFFFFFFFFFFFFFF
310
FFFFFFFFFFFFFFFFFFFFFFFFFFFFFFFFFFFFFFFFFFFFFFFFFFFFFFFFFFFFFFFF
310
FFFFFFFFFFFFFFFFFFFFFFFFFFFFFFFFFFFFFFFFFFFFFFFFFFFFFFFFFFFFFFFF
310
FFFFFFFFFFFFFFFFFFFFFFFFFFFFFFFFFFFFFFFFFFFFFFFFFFFFFFFFFFFFFFFF
310
FFFFFFFFFFFFFFFFFFFFFFFFFFFFFFFFFFFFFFFFFFFFFFFFFFFFFFFFFFFFFFFF
310
FFFFFFFFFFFFFFFFFFFFFFFFFFFFFFFFFFFFFFFFFFFFFFFFFFFFFFFFFFFFFFFF
310
FFFFFFFFFFFFFFFFFFFFFFFFFFFFFFFFFFFFFFFFFFFFFFFFFFFFFFFFFFFFFFFF
310
FFFFFFFFFFFFFFFFFFFFFFFFFFFFFFFFFF00FFFFFFFFFFFFFFFFFFFFFFFFFFFF
310
FFFFFFFFFFFFFFFFFFFFFFFFFFFFFFFFFFFFFFFFFFFFFFFFFFFFFFFFFFFFFFFF
310
FFFFFFFFFFFFFFFFFFFFFFFFFFFFFFFFFFFFFFFFFFFFFFFFFFFFFFFFFFFFFFFF
310
FFFFFFFFFFFFFFFFFFFFFFFFFFFFFFFFFFFFFFFFFFFFFFFFFFFFFFFFFFFFFFFF
310
FFFFFFFFFFFFFFFFFFFFFFFFFFFFFFFFFFFFFFFFFFFFFFFFFFFFFFFFFFFFFFFF
310
FFFFFFFFFFFFFFFFFFFFFFFFFFFFFFFFFFFFFFFFFFFFFFFFFFFFFFFFFFFFFFFF
310
FFFFFFFFFFFFFFFFFFFFFFFFFFFFFFFFFFFFFFFFFFFFFFFFFFFFFFFFFFFFFFFF
310
FFFFFFFFFFFFFFFFFFFFFFFFFFFFFFFFFFFFFFFFFFFFFFFFFFFFFFFFFFFFFFFF
310
FFFFFFFFFFFFFFFFFFFFFFFFFFFFFFFFFFFFFFFFFFFFFFFFFFFFFFFFFFFFFFFF
310
FFFFFFFFFFFFFFFFFFFFFFFFFFFFFFFFFFFFFFFFFFFFFFFFFFFFFFFFFFFFFFFF
310
FFFFFFFFFFFFFFFFFFFFFFFFFFFFFFFFFFFFFFFFFFFFFFFFFFFFFFFFFFFFFFFF
310
FFFFFFFFFFFFFFFFFFFFFFFFFFFFFFFFFFFFFFFFFFFFFFFFFFFFFFFFFFFFFFFF
310
FFFFFFFFFFFFFFFFFFFFFFFFFFFFFFFFFFFFFFFFFFFFFFFFFFFFFFFFFFFFFFFF
310
FFFFFFFFFFFFFFFFFFFFFFFFFFFFFFFFFFFFFFFFFFFFFFFFFFFFFFFFFFFFFFFF
310
FFFFFFFFFFFFFFFFFFFFFFFFFFFFFFFFFFFFFFFFFFFFFFFFFFFFFFFFFFFFFFFF
310
FFFFFFFFFFFFFFFFFFFFFFFFFFFFFFFFFFFFFFFFFFFFFFFFFFFFFFFFFFFFFFFF
310
FFFFFFFFFFFFFFFFFFFFFFFFFFFFFFFFFFFFFFFFFFFFFFFFFFFFFFFFFFFFFFFF
310
FFFFFFFFFFFFFFFFFFFFFFFFFFFFFFFFFFFFFFFFFFFFFFFFFFFFFFFFFFFFFFFF
310
FFFFFFFFFFFFFFFFFFFFFFFFFFFFFFFFFFFFFFFFFFFFFFFFFFFFFFFFFFFFFFFF
310
FFFFFFFFFFFFFFFFFFFFFFFFFFFFFFFFFFFFFFFFFFFFFFFFFFFFFFFFFFFFFFFF
310
FFFFFFFFFFFFFFFFFFFFFFFFFFFFFFFFFFFFFFFFFFFFFFFFFFFFFFFFFFFFFFFF
310
FFFFFFFFFFFFFFFFFFFFFFFFFFFFFFFFFFFFFFFFFFFFFFFFFFFFFFFFFFFFFFFF
310
FFFFFFFFFFFFFFFFFFFFFFFFFFFFFFFFFFFFFFFFFFFFFFFFFFFFFFFFFFFFFFFF
310
FFFFFFFFFFFFFFFFFFFFFFFFFFFFFFFFFFFFFFFFFFFFFFFFFFFFFFFFFFFFFFFF
310
FFFFFFFFFFFFFFFFFFFFFFFFFFFFFFFFFFFFFFFFFFFFFFFFFFFFFFFFFFFFFFFF
310
FFFFFFFFFFFFFFFFFFFFFFFFFFFFFFFFFFFFFFFFFFFFFFFFFFFFFFFFFFFFFFFF
310
FFFFFFFFFFFFFFFFFFFFFFFFFFFFFFFFFFFFFFFFFFFFFFFFFFFFFFFFFFFFFFFF
310
FFFFFFFFFFFFFFFFFFFFFFFFFFFFFFFFFFFFFFFFFFFFFFFFFFFFFFFFFFFFFFFF
310
FFFFFFFFFFFFFFFFFFFFFFFFFFFFFFFFFFFFFFFFFFFFFFFFFFFFFFFFFFFFFFFF
310
FFFFFFFFFFFFFFFFFFFFFFFFFFFFFFFFFFFFFFFFFFFFFFFFFFFFFFFFFFFFFFFF
310
FFFFFFFFFFFFFFFFFFFFFFFFFFFFFFFFFFFFFFFFFFFFFFFFFFFFFFFFFFFFFFFF
310
FF00FFFFFFFFFFFFFFFFFFFFFFFFFFFFFFFFFFFFFFFFFFFFFFFFFFFFFFFFFFFF
310
FFFFFFFFFFFFFFFFFFFFFFFFFFFFFFFFFFFFFFFFFFFFFFFFFFFFFFFFFFFFFFFF
310
FFFFFFFFFFFFFFFFFFFFFFFFFFFFFFFFFFFFFFFFFFFFFFFFFFFFFFFFFFFFFFFF
310
FFFFFFFFFFFFFFFFFFFFFFFFFFFFFFFFFFFFFFFFFFFFFFFFFFFFFFFFFFFFFFFF
310
FFFFFFFFFFFFFFFFFFFFFFFFFFFFFFFFFFFFFFFFFFFFFFFFFFFFFFFFFFFFFFFF
310
FFFFFFFFFFFFFFFFFFFFFFFFFFFFFFFFFFFFFFFFFFFFFFFFFFFFFFFFFFFFFFFF
310
FFFFFFFFFFFFFFFFFFFFFFFFFFFFFFFFFFFFFFFFFFFFFFFFFFFFFFFFFFFFFFFF
310
FFFFFFFFFFFFFFFFFFFFFFFFFFFFFFFFFFFFFFFFFFFFFFFFFFFFFFFFFFFFFFFF
310
FFFFFFFFFFFFFFFFFFFFFFFFFFFFFFFFFFFFFFFFFFFFFFFFFFFFFFFFFFFFFFFF
310
FFFFFFFFFFFFFFFFFFFFFFFFFFFFFFFFFFFFFFFFFFFFFFFFFFFFFFFFFFFFFFFF
310
FFFFFFFFFFFFFFFFFFFFFFFFFFFFFFFFFFFFFFFFFFFFFFFFFFFFFFFFFFFFFFFF
310
FFFFFFFFFFFFFFFFFFFFFFFFFFFFFFFFFFFFFFFFFFFFFFFFFFFFFFFFFFFFFFFF
310
FFFFFFFFFFFFFFFFFFFFFFFFFFFFFFFFFFFFFFFFFFFFFFFFFFFFFFFFFFFFFFFF
310
FFFFFFFFFFFFFFFFFFFFFFFFFFFFFFFFFFFFFFFFFFFFFFFFFFFFFFFFFFFFFFFF
310
FFFFFFFFFFFFFFFFFFFFFFFFFFFFFFFFFFFFFFFFFFFFFFFFFFFFFFFFFFFFFFFF
310
FFFFFFFFFFFFFFFFFFFFFFFFFFFFFFFFFFFFFFFFFFFFFFFFFFFFFFFFFFFFFFFF
310
FFFFFFFFFFFFFFFFFFFFFFFFFFFFFFFFFFFFFFFFFFFFFFFFFFFFFFFFFFFFFFFF
310
FFFFFFFFFFFFFFFFFFFFFFFFFFFFFFFFFFFFFFFFFFFFFFFFFFFFFFFFFFFFFFFF
310
FFFFFFFFFFFFFFFFFFFFFFFFFFFFFFFFFFFFFFFFFFFFFFFFFFFFFFFFFFFFFFFF
310
FFFFFFFFFFFFFFFFFFFFFFFFFFFFFFFFFFFFFFFFFFFFFFFFFFFFFFFFFFFFFFFF
310
FFFFFFFFFFFFFFFFFFFFFFFFFFFFFFFFFFFFFFFFFFFFFFFFFFFFFFFFFFFFFFFF
310
FFFFFFFFFFFFFFFFFFFFFFFFFFFFFFFFFFFFFFFFFFFFFFFFFFFFFFFFFFFFFFFF
310
FFFFFFFFFFFFFFFFFFFFFFFFFFFFFFFFFFFFFFFFFFFFFFFFFFFFFFFFFFFFFFFF
310
FFFFFFFFFFFFFFFFFFFFFFFFFFFFFFFFFFFFFFFFFFFFFFFFFFFFFFFFFFFFFFFF
310
FFFFFFFFFFFFFFFFFFFFFFFFFFFFFFFFFFFFFFFFFFFFFFFFFFFFFFFFFFFFFFFF
310
FFFFFFFFFFFFFFFFFFFFFFFFFFFFFFFFFFFFFFFFFFFFFFFFFFFFFFFFFFFFFFFF
310
FFFFFFFFFFFFFFFFFFFFFFFFFFFFFFFFFFFFFFFFFFFFFFFFFFFFFFFFFFFFFFFF
310
FFFFFFFFFFFFFFFFFFFFFFFFFFFFFFFFFFFFFFFFFFFFFFFFFFFFFFFFFFFFFFFF
310
FFFFFFFFFFFFFFFFFFFFFFFFFFFFFFFFFFFFFFFFFFFFFFFFFFFFFFFFFFFFFFFF
310
FFFFFFFFFFFFFFFFFFFFFFFFFFFFFFFFFFFFFFFFFFFFFFFFFFFFFFFFFFFFFFFF
310
FFFFFFFFFFFFFFFFFFFFFFFFFFFFFFFFFF00FFFFFFFFFFFFFFFFFFFFFFFFFFFF
310
FFFFFFFFFFFFFFFFFFFFFFFFFFFFFFFFFFFFFFFFFFFFFFFFFFFFFFFFFFFFFFFF
310
FFFFFFFFFFFFFFFFFFFFFFFFFFFFFFFFFFFFFFFFFFFFFFFFFFFFFFFFFFFFFFFF
310
FFFFFFFFFFFFFFFFFFFFFFFFFFFFFFFFFFFFFFFFFFFFFFFFFFFFFFFFFFFFFFFF
310
FFFFFFFFFFFFFFFFFFFFFFFFFFFFFFFFFFFFFFFFFFFFFFFFFFFFFFFFFFFFFFFF
310
FFFFFFFFFFFFFFFFFFFFFFFFFFFFFFFFFFFFFFFFFFFFFFFFFFFFFFFFFFFFFFFF
310
FFFFFFFFFFFFFFFFFFFFFFFFFFFFFFFFFFFFFFFFFFFFFFFFFFFFFFFFFFFFFFFF
310
FFFFFFFFFFFFFFFFFFFFFFFFFFFFFFFFFFFFFFFFFFFFFFFFFFFFFFFFFFFFFFFF
310
FFFFFFFFFFFFFFFFFFFFFFFFFFFFFFFFFFFFFFFFFFFFFFFFFFFFFFFFFFFFFFFF
310
FFFFFFFFFFFFFFFFFFFFFFFFFFFFFFFFFFFFFFFFFFFFFFFFFFFFFFFFFFFFFFFF
310
FFFFFFFFFFFFFFFFFFFFFFFFFFFFFFFFFFFFFFFFFFFFFFFFFFFFFFFFFFFFFFFF
310
FFFFFFFFFFFFFFFFFFFFFFFFFFFFFFFFFFFFFFFFFFFFFFFFFFFFFFFFFFFFFFFF
310
FFFFFFFFFFFFFFFFFFFFFFFFFFFFFFFFFFFFFFFFFFFFFFFFFFFFFFFFFFFFFFFF
310
FFFFFFFFFFFFFFFFFFFFFFFFFFFFFFFFFFFFFFFFFFFFFFFFFFFFFFFFFFFFFFFF
310
FFFFFFFFFFFFFFFFFFFFFFFFFFFFFFFFFFFFFFFFFFFFFFFFFFFFFFFFFFFFFFFF
310
FFFFFFFFFFFFFFFFFFFFFFFFFFFFFFFFFFFFFFFFFFFFFFFFFFFFFFFFFFFFFFFF
310
FFFFFFFFFFFFFFFFFFFFFFFFFFFFFFFFFFFFFFFFFFFFFFFFFFFFFFFFFFFFFFFF
310
FFFFFFFFFFFFFFFFFFFFFFFFFFFFFFFFFFFFFFFFFFFFFFFFFFFFFFFFFFFFFFFF
310
FFFFFFFFFFFFFFFFFFFFFFFFFFFFFFFFFFFFFFFFFFFFFFFFFFFFFFFFFFFFFFFF
310
FFFFFFFFFFFFFFFFFFFFFFFFFFFFFFFFFFFFFFFFFFFFFFFFFFFFFFFFFFFFFFFF
310
FFFFFFFFFFFFFFFFFFFFFFFFFFFFFFFFFFFFFFFFFFFFFFFFFFFFFFFFFFFFFFFF
310
FFFFFFFFFFFFFFFFFFFFFFFFFFFFFFFFFFFFFFFFFFFFFFFFFFFFFFFFFFFFFFFF
310
FFFFFFFFFFFFFFFFFFFFFFFFFFFFFFFFFFFFFFFFFFFFFFFFFFFFFFFFFFFFFFFF
310
FFFFFFFFFFFFFFFFFFFFFFFFFFFFFFFFFFFFFFFFFFFFFFFFFFFFFFFFFFFFFFFF
310
FFFFFFFFFFFFFFFFFFFFFFFFFFFFFFFFFFFFFFFFFFFFFFFFFFFFFFFFFFFFFFFF
310
FFFFFFFFFFFFFFFFFFFFFFFFFFFFFFFFFFFFFFFFFFFFFFFFFFFFFFFFFFFFFFFF
310
FFFFFFFFFFFFFFFFFFFFFFFFFFFFFFFFFFFFFFFFFFFFFFFFFFFFFFFFFFFFFFFF
310
FFFFFFFFFFFFFFFFFFFFFFFFFFFFFFFFFFFFFFFFFFFFFFFFFFFFFFFFFFFFFFFF
310
FFFFFFFFFFFFFFFFFFFFFFFFFFFFFFFFFFFFFFFFFFFFFFFFFFFFFFFFFFFFFFFF
310
FFFFFFFFFFFFFFFFFFFFFFFFFFFFFFFFFFFFFFFFFFFFFFFFFFFFFFFFFFFFFFFF
310
FFFFFFFFFFFFFFFFFFFFFFFFFFFFFFFFFFFFFFFFFFFFFFFFFFFFFFFFFFFFFFFF
310
FF00FFFFFFFFFFFFFFFFFFFFFFFFFFFFFFFFFFFFFFFFFFFFFFFFFFFFFFFFFFFF
310
FFFFFFFFFFFFFFFFFFFFFFFFFFFFFFFFFFFFFFFFFFFFFFFFFFFFFFFFFFFFFFFF
310
FFFFFFFFFFFFFFFFFFFFFFFFFFFFFFFFFFFFFFFFFFFFFFFFFFFFFFFFFFFFFFFF
310
FFFFFFFFFFFFFFFFFFFFFFFFFFFFFFFFFFFFFFFFFFFFFFFFFFFFFFFFFFFFFFFF
310
FFFFFFFFFFFFFFFFFFFFFFFFFFFFFFFFFFFFFFFFFFFFFFFFFFFFFFFFFFFFFFFF
310
FFFFFFFFFFFFFFFFFFFFFFFFFFFFFFFFFFFFFFFFFFFFFFFFFFFFFFFFFFFFFFFF
310
FFFFFFFFFFFFFFFFFFFFFFFFFFFFFFFFFFFFFFFFFFFFFFFFFFFFFFFFFFFFFFFF
310
FFFFFFFFFFFFFFFFFFFFFFFFFFFFFFFFFFFFFFFFFFFFFFFFFFFFFFFFFFFFFFFF
310
FFFFFFFFFFFFFFFFFFFFFFFFFFFFFFFFFFFFFFFFFFFFFFFFFFFFFFFFFFFFFFFF
310
FFFFFFFFFFFFFFFFFFFFFFFFFFFFFFFFFFFFFFFFFFFFFFFFFFFFFFFFFFFFFFFF
310
FFFFFFFFFFFFFFFFFFFFFFFFFFFFFFFFFFFFFFFFFFFFFFFFFFFFFFFFFFFFFFFF
310
FFFFFFFFFFFFFFFFFFFFFFFFFFFFFFFFFFFFFFFFFFFFFFFFFFFFFFFFFFFFFFFF
310
FFFFFFFFFFFFFFFFFFFFFFFFFFFFFFFFFFFFFFFFFFFFFFFFFFFFFFFFFFFFFFFF
310
FFFFFFFFFFFFFFFFFFFFFFFFFFFFFFFFFFFFFFFFFFFFFFFFFFFFFFFFFFFFFFFF
310
FFFFFFFFFFFFFFFFFFFFFFFFFFFFFFFFFFFFFFFFFFFFFFFFFFFFFFFFFFFFFFFF
310
FFFFFFFFFFFFFFFFFFFFFFFFFFFFFFFFFFFFFFFFFFFFFFFFFFFFFFFFFFFFFFFF
310
FFFFFFFFFFFFFFFFFFFFFFFFFFFFFFFFFFFFFFFFFFFFFFFFFFFFFFFFFFFFFFFF
310
FFFFFFFFFFFFFFFFFFFFFFFFFFFFFFFFFFFFFFFFFFFFFFFFFFFFFFFFFFFFFFFF
310
FFFFFFFFFFFFFFFFFFFFFFFFFFFFFFFFFFFFFFFFFFFFFFFFFFFFFFFFFFFFFFFF
310
FFFFFFFFFFFFFFFFFFFFFFFFFFFFFFFFFFFFFFFFFFFFFFFFFFFFFFFFFFFFFFFF
310
FFFFFFFFFFFFFFFFFFFFFFFFFFFFFFFFFFFFFFFFFFFFFFFFFFFFFFFFFFFFFFFF
310
FFFFFFFFFFFFFFFFFFFFFFFFFFFFFFFFFFFFFFFFFFFFFFFFFFFFFFFFFFFFFFFF
310
FFFFFFFFFFFFFFFFFFFFFFFFFFFFFFFFFFFFFFFFFFFFFFFFFFFFFFFFFFFFFFFF
310
FFFFFFFFFFFFFFFFFFFFFFFFFFFFFFFFFFFFFFFFFFFFFFFFFFFFFFFFFFFFFFFF
310
FFFFFFFFFFFFFFFFFFFFFFFFFFFFFFFFFFFFFFFFFFFFFFFFFFFFFFFFFFFFFFFF
310
FFFFFFFFFFFFFFFFFFFFFFFFFFFFFFFFFFFFFFFFFFFFFFFFFFFFFFFFFFFFFFFF
310
FFFFFFFFFFFFFFFFFFFFFFFFFFFFFFFFFFFFFFFFFFFFFFFFFFFFFFFFFFFFFFFF
310
FFFFFFFFFFFFFFFFFFFFFFFFFFFFFFFFFFFFFFFFFFFFFFFFFFFFFFFFFFFFFFFF
310
FFFFFFFFFFFFFFFFFFFFFFFFFFFFFFFFFFFFFFFFFFFFFFFFFFFFFFFFFFFFFFFF
310
FFFFFFFFFFFFFFFFFFFFFFFFFFFFFFFFFFFFFFFFFFFFFFFFFFFFFFFFFFFFFFFF
310
FFFFFFFFFFFFFFFFFFFFFFFFFFFFFFFFFF00FFFFFFFFFFFFFFFFFFFFFFFFFFFF
310
FFFFFFFFFFFFFFFFFFFFFFFFFFFFFFFFFFFFFFFFFFFFFFFFFFFFFFFFFFFFFFFF
310
FFFFFFFFFFFFFFFFFFFFFFFFFFFFFFFFFFFFFFFFFFFFFFFFFFFFFFFFFFFFFFFF
310
FFFFFFFFFFFFFFFFFFFFFFFFFFFFFFFFFFFFFFFFFFFFFFFFFFFFFFFFFFFFFFFF
310
FFFFFFFFFFFFFFFFFFFFFFFFFFFFFFFFFFFFFFFFFFFFFFFFFFFFFFFFFFFFFFFF
310
FFFFFFFFFFFFFFFFFFFFFFFFFFFFFFFFFFFFFFFFFFFFFFFFFFFFFFFFFFFFFFFF
310
FFFFFFFFFFFFFFFFFFFFFFFFFFFFFFFFFFFFFFFFFFFFFFFFFFFFFFFFFFFFFFFF
310
FFFFFFFFFFFFFFFFFFFFFFFFFFFFFFFFFFFFFFFFFFFFFFFFFFFFFFFFFFFFFFFF
310
FFFFFFFFFFFFFFFFFFFFFFFFFFFFFFFFFFFFFFFFFFFFFFFFFFFFFFFFFFFFFFFF
310
FFFFFFFFFFFFFFFFFFFFFFFFFFFFFFFFFFFFFFFFFFFFFFFFFFFFFFFFFFFFFFFF
310
FFFFFFFFFFFFFFFFFFFFFFFFFFFFFFFFFFFFFFFFFFFFFFFFFFFFFFFFFFFFFFFF
310
FFFFFFFFFFFFFFFFFFFFFFFFFFFFFFFFFFFFFFFFFFFFFFFFFFFFFFFFFFFFFFFF
310
FFFFFFFFFFFFFFFFFFFFFFFFFFFFFFFFFFFFFFFFFFFFFFFFFFFFFFFFFFFFFFFF
310
FFFFFFFFFFFFFFFFFFFFFFFFFFFFFFFFFFFFFFFFFFFFFFFFFFFFFFFFFFFFFFFF
310
FFFFFFFFFFFFFFFFFFFFFFFFFFFFFFFFFFFFFFFFFFFFFFFFFFFFFFFFFFFFFFFF
310
FFFFFFFFFFFFFFFFFFFFFFFFFFFFFFFFFFFFFFFFFFFFFFFFFFFFFFFFFFFFFFFF
310
FFFFFFFFFFFFFFFFFFFFFFFFFFFFFFFFFFFFFFFFFFFFFFFFFFFFFFFFFFFFFFFF
310
FFFFFFFFFFFFFFFFFFFFFFFFFFFFFFFFFFFFFFFFFFFFFFFFFFFFFFFFFFFFFFFF
310
FFFFFFFFFFFFFFFFFFFFFFFFFFFFFFFFFFFFFFFFFFFFFFFFFFFFFFFFFFFFFFFF
310
FFFFFFFFFFFFFFFFFFFFFFFFFFFFFFFFFFFFFFFFFFFFFFFFFFFFFFFFFFFFFFFF
310
FFFFFFFFFFFFFFFFFFFFFFFFFFFFFFFFFFFFFFFFFFFFFFFFFFFFFFFFFFFFFFFF
310
FFFFFFFFFFFFFFFFFFFFFFFFFFFFFFFFFFFFFFFFFFFFFFFFFFFFFFFFFFFFFFFF
310
FFFFFFFFFFFFFFFFFFFFFFFFFFFFFFFFFFFFFFFFFFFFFFFFFFFFFFFFFFFFFFFF
310
FFFFFFFFFFFFFFFFFFFFFFFFFFFFFFFFFFFFFFFFFFFFFFFFFFFFFFFFFFFFFFFF
310
FFFFFFFFFFFFFFFFFFFFFFFFFFFFFFFFFFFFFFFFFFFFFFFFFFFFFFFFFFFFFFFF
310
FFFFFFFFFFFFFFFFFFFFFFFFFFFFFFFFFFFFFFFFFFFFFFFFFFFFFFFFFFFFFFFF
310
FFFFFFFFFFFFFFFFFFFFFFFFFFFFFFFFFFFFFFFFFFFFFFFFFFFFFFFFFFFFFFFF
310
FFFFFFFFFFFFFFFFFFFFFFFFFFFFFFFFFFFFFFFFFFFFFFFFFFFFFFFFFFFFFFFF
310
FFFFFFFFFFFFFFFFFFFFFFFFFFFFFFFFFFFFFFFFFFFFFFFFFFFFFFFFFFFFFFFF
310
FFFFFFFFFFFFFFFFFFFFFFFFFFFFFFFFFFFFFFFFFFFFFFFFFFFFFFFFFFFFFFFF
310
FFFFFFFFFFFFFFFFFFFFFFFFFFFFFFFFFFFFFFFFFFFFFFFFFFFFFFFFFFFFFFFF
310
FF00FFFFFFFFFFFFFFFFFFFFFFFFFFFFFFFFFFFFFFFFFFFFFFFFFFFFFFFFFFFF
310
FFFFFFFFFFFFFFFFFFFFFFFFFFFFFFFFFFFFFFFFFFFFFFFFFFFFFFFFFFFFFFFF
310
FFFFFFFFFFFFFFFFFFFFFFFFFFFFFFFFFFFFFFFFFFFFFFFFFFFFFFFFFFFFFFFF
310
FFFFFFFFFFFFFFFFFFFFFFFFFFFFFFFFFFFFFFFFFFFFFFFFFFFFFFFFFFFFFFFF
310
FFFFFFFFFFFFFFFFFFFFFFFFFFFFFFFFFFFFFFFFFFFFFFFFFFFFFFFFFFFFFFFF
310
FFFFFFFFFFFFFFFFFFFFFFFFFFFFFFFFFFFFFFFFFFFFFFFFFFFFFFFFFFFFFFFF
310
FFFFFFFFFFFFFFFFFFFFFFFFFFFFFFFFFFFFFFFFFFFFFFFFFFFFFFFFFFFFFFFF
310
FFFFFFFFFFFFFFFFFFFFFFFFFFFFFFFFFFFFFFFFFFFFFFFFFFFFFFFFFFFFFFFF
310
FFFFFFFFFFFFFFFFFFFFFFFFFFFFFFFFFFFFFFFFFFFFFFFFFFFFFFFFFFFFFFFF
310
FFFFFFFFFFFFFFFFFFFFFFFFFFFFFFFFFFFFFFFFFFFFFFFFFFFFFFFFFFFFFFFF
310
FFFFFFFFFFFFFFFFFFFFFFFFFFFFFFFFFFFFFFFFFFFFFFFFFFFFFFFFFFFFFFFF
310
FFFFFFFFFFFFFFFFFFFFFFFFFFFFFFFFFFFFFFFFFFFFFFFFFFFFFFFFFFFFFFFF
310
FFFFFFFFFFFFFFFFFFFFFFFFFFFFFFFFFFFFFFFFFFFFFFFFFFFFFFFFFFFFFFFF
310
FFFFFFFFFFFFFFFFFFFFFFFFFFFFFFFFFFFFFFFFFFFFFFFFFFFFFFFFFFFFFFFF
310
FFFFFFFFFFFFFFFFFFFFFFFFFFFFFFFFFFFFFFFFFFFFFFFFFFFFFFFFFFFFFFFF
310
FFFFFFFFFFFFFFFFFFFFFFFFFFFFFFFFFFFFFFFFFFFFFFFFFFFFFFFFFFFFFFFF
310
FFFFFFFFFFFFFFFFFFFFFFFFFFFFFFFFFFFFFFFFFFFFFFFFFFFFFFFFFFFFFFFF
310
FFFFFFFFFFFFFFFFFFFFFFFFFFFFFFFFFFFFFFFFFFFFFFFFFFFFFFFFFFFFFFFF
310
FFFFFFFFFFFFFFFFFFFFFFFFFFFFFFFFFFFFFFFFFFFFFFFFFFFFFFFFFFFFFFFF
310
FFFFFFFFFFFFFFFFFFFFFFFFFFFFFFFFFFFFFFFFFFFFFFFFFFFFFFFFFFFFFFFF
310
FFFFFFFFFFFFFFFFFFFFFFFFFFFFFFFFFFFFFFFFFFFFFFFFFFFFFFFFFFFFFFFF
310
FFFFFFFFFFFFFFFFFFFFFFFFFFFFFFFFFFFFFFFFFFFFFFFFFFFFFFFFFFFFFFFF
310
FFFFFFFFFFFFFFFFFFFFFFFFFFFFFFFFFFFFFFFFFFFFFFFFFFFFFFFFFFFFFFFF
310
FFFFFFFFFFFFFFFFFFFFFFFFFFFFFFFFFFFFFFFFFFFFFFFFFFFFFFFFFFFFFFFF
310
FFFFFFFFFFFFFFFFFFFFFFFFFFFFFFFFFFFFFFFFFFFFFFFFFFFFFFFFFFFFFFFF
310
FFFFFFFFFFFFFFFFFFFFFFFFFFFFFFFFFFFFFFFFFFFFFFFFFFFFFFFFFFFFFFFF
310
FFFFFFFFFFFFFFFFFFFFFFFFFFFFFFFFFFFFFFFFFFFFFFFFFFFFFFFFFFFFFFFF
310
FFFFFFFFFFFFFFFFFFFFFFFFFFFFFFFFFFFFFFFFFFFFFFFFFFFFFFFFFFFFFFFF
310
FFFFFFFFFFFFFFFFFFFFFFFFFFFFFFFFFFFFFFFFFFFFFFFFFFFFFFFFFFFFFFFF
310
FFFFFFFFFFFFFFFFFFFFFFFFFFFFFFFFFFFFFFFFFFFFFFFFFFFFFFFFFFFFFFFF
310
FFFFFFFFFFFFFFFFFFFFFFFFFFFFFFFFFF00FFFFFFFFFFFFFFFFFFFFFFFFFFFF
310
FFFFFFFFFFFFFFFFFFFFFFFFFFFFFFFFFFFFFFFFFFFFFFFFFFFFFFFFFFFFFFFF
310
FFFFFFFFFFFFFFFFFFFFFFFFFFFFFFFFFFFFFFFFFFFFFFFFFFFFFFFFFFFFFFFF
310
FFFFFFFFFFFFFFFFFFFFFFFFFFFFFFFFFFFFFFFFFFFFFFFFFFFFFFFFFFFFFFFF
310
FFFFFFFFFFFFFFFFFFFFFFFFFFFFFFFFFFFFFFFFFFFFFFFFFFFFFFFFFFFFFFFF
310
FFFFFFFFFFFFFFFFFFFFFFFFFFFFFFFFFFFFFFFFFFFFFFFFFFFFFFFFFFFFFFFF
310
FFFFFFFFFFFFFFFFFFFFFFFFFFFFFFFFFFFFFFFFFFFFFFFFFFFFFFFFFFFFFFFF
310
FFFFFFFFFFFFFFFFFFFFFFFFFFFFFFFFFFFFFFFFFFFFFFFFFFFFFFFFFFFFFFFF
310
FFFFFFFFFFFFFFFFFFFFFFFFFFFFFFFFFFFFFFFFFFFFFFFFFFFFFFFFFFFFFFFF
310
FFFFFFFFFFFFFFFFFFFFFFFFFFFFFFFFFFFFFFFFFFFFFFFFFFFFFFFFFFFFFFFF
310
FFFFFFFFFFFFFFFFFFFFFFFFFFFFFFFFFFFFFFFFFFFFFFFFFFFFFFFFFFFFFFFF
310
FFFFFFFFFFFFFFFFFFFFFFFFFFFFFFFFFFFFFFFFFFFFFFFFFFFFFFFFFFFFFFFF
310
FFFFFFFFFFFFFFFFFFFFFFFFFFFFFFFFFFFFFFFFFFFFFFFFFFFFFFFFFFFFFFFF
310
FFFFFFFFFFFFFFFFFFFFFFFFFFFFFFFFFFFFFFFFFFFFFFFFFFFFFFFFFFFFFFFF
310
FFFFFFFFFFFFFFFFFFFFFFFFFFFFFFFFFFFFFFFFFFFFFFFFFFFFFFFFFFFFFFFF
310
FFFFFFFFFFFFFFFFFFFFFFFFFFFFFFFFFFFFFFFFFFFFFFFFFFFFFFFFFFFFFFFF
310
FFFFFFFFFFFFFFFFFFFFFFFFFFFFFFFFFFFFFFFFFFFFFFFFFFFFFFFFFFFFFFFF
310
FFFFFFFFFFFFFFFFFFFFFFFFFFFFFFFFFFFFFFFFFFFFFFFFFFFFFFFFFFFFFFFF
310
FFFFFFFFFFFFFFFFFFFFFFFFFFFFFFFFFFFFFFFFFFFFFFFFFFFFFFFFFFFFFFFF
310
FFFFFFFFFFFFFFFFFFFFFFFFFFFFFFFFFFFFFFFFFFFFFFFFFFFFFFFFFFFFFFFF
310
FFFFFFFFFFFFFFFFFFFFFFFFFFFFFFFFFFFFFFFFFFFFFFFFFFFFFFFFFFFFFFFF
310
FFFFFFFFFFFFFFFFFFFFFFFFFFFFFFFFFFFFFFFFFFFFFFFFFFFFFFFFFFFFFFFF
310
FFFFFFFFFFFFFFFFFFFFFFFFFFFFFFFFFFFFFFFFFFFFFFFFFFFFFFFFFFFFFFFF
310
FFFFFFFFFFFFFFFFFFFFFFFFFFFFFFFFFFFFFFFFFFFFFFFFFFFFFFFFFFFFFFFF
310
FFFFFFFFFFFFFFFFFFFFFFFFFFFFFFFFFFFFFFFFFFFFFFFFFFFFFFFFFFFFFFFF
310
FFFFFFFFFFFFFFFFFFFFFFFFFFFFFFFFFFFFFFFFFFFFFFFFFFFFFFFFFFFFFFFF
310
FFFFFFFFFFFFFFFFFFFFFFFFFFFFFFFFFFFFFFFFFFFFFFFFFFFFFFFFFFFFFFFF
310
FFFFFFFFFFFFFFFFFFFFFFFFFFFFFFFFFFFFFFFFFFFFFFFFFFFFFFFFFFFFFFFF
310
FFFFFFFFFFFFFFFFFFFFFFFFFFFFFFFFFFFFFFFFFFFFFFFFFFFFFFFFFFFFFFFF
310
FFFFFFFFFFFFFFFFFFFFFFFFFFFFFFFFFFFFFFFFFFFFFFFFFFFFFFFFFFFFFFFF
310
FFFFFFFFFFFFFFFFFFFFFFFFFFFFFFFFFFFFFFFFFFFFFFFFFFFFFFFFFFFFFFFF
310
FF00FFFFFFFFFFFFFFFFFFFFFFFFFFFFFFFFFFFFFFFFFFFFFFFFFFFFFFFFFFFF
310
FFFFFFFFFFFFFFFFFFFFFFFFFFFFFFFFFFFFFFFFFFFFFFFFFFFFFFFFFFFFFFFF
310
FFFFFFFFFFFFFFFFFFFFFFFFFFFFFFFFFFFFFFFFFFFFFFFFFFFFFFFFFFFFFFFF
310
FFFFFFFFFFFFFFFFFFFFFFFFFFFFFFFFFFFFFFFFFFFFFFFFFFFFFFFFFFFFFFFF
310
FFFFFFFFFFFFFFFFFFFFFFFFFFFFFFFFFFFFFFFFFFFFFFFFFFFFFFFFFFFFFFFF
310
FFFFFFFFFFFFFFFFFFFFFFFFFFFFFFFFFFFFFFFFFFFFFFFFFFFFFFFFFFFFFFFF
310
FFFFFFFFFFFFFFFFFFFFFFFFFFFFFFFFFFFFFFFFFFFFFFFFFFFFFFFFFFFFFFFF
310
FFFFFFFFFFFFFFFFFFFFFFFFFFFFFFFFFFFFFFFFFFFFFFFFFFFFFFFFFFFFFFFF
310
FFFFFFFFFFFFFFFFFFFFFFFFFFFFFFFFFFFFFFFFFFFFFFFFFFFFFFFFFFFFFFFF
310
FFFFFFFFFFFFFFFFFFFFFFFFFFFFFFFFFFFFFFFFFFFFFFFFFFFFFFFFFFFFFFFF
310
FFFFFFFFFFFFFFFFFFFFFFFFFFFFFFFFFFFFFFFFFFFFFFFFFFFFFFFFFFFFFFFF
310
FFFFFFFFFFFFFFFFFFFFFFFFFFFFFFFFFFFFFFFFFFFFFFFFFFFFFFFFFFFFFFFF
310
FFFFFFFFFFFFFFFFFFFFFFFFFFFFFFFFFFFFFFFFFFFFFFFFFFFFFFFFFFFFFFFF
310
FFFFFFFFFFFFFFFFFFFFFFFFFFFFFFFFFFFFFFFFFFFFFFFFFFFFFFFFFFFFFFFF
310
FFFFFFFFFFFFFFFFFFFFFFFFFFFFFFFFFFFFFFFFFFFFFFFFFFFFFFFFFFFFFFFF
310
FFFFFFFFFFFFFFFFFFFFFFFFFFFFFFFFFFFFFFFFFFFFFFFFFFFFFFFFFFFFFFFF
310
FFFFFFFFFFFFFFFFFFFFFFFFFFFFFFFFFFFFFFFFFFFFFFFFFFFFFFFFFFFFFFFF
310
FFFFFFFFFFFFFFFFFFFFFFFFFFFFFFFFFFFFFFFFFFFFFFFFFFFFFFFFFFFFFFFF
310
FFFFFFFFFFFFFFFFFFFFFFFFFFFFFFFFFFFFFFFFFFFFFFFFFFFFFFFFFFFFFFFF
310
FFFFFFFFFFFFFFFFFFFFFFFFFFFFFFFFFFFFFFFFFFFFFFFFFFFFFFFFFFFFFFFF
310
FFFFFFFFFFFFFFFFFFFFFFFFFFFFFFFFFFFFFFFFFFFFFFFFFFFFFFFFFFFFFFFF
310
FFFFFFFFFFFFFFFFFFFFFFFFFFFFFFFFFFFFFFFFFFFFFFFFFFFFFFFFFFFFFFFF
310
FFFFFFFFFFFFFFFFFFFFFFFFFFFFFFFFFFFFFFFFFFFFFFFFFFFFFFFFFFFFFFFF
310
FFFFFFFFFFFFFFFFFFFFFFFFFFFFFFFFFFFFFFFFFFFFFFFFFFFFFFFFFFFFFFFF
310
FFFFFFFFFFFFFFFFFFFFFFFFFFFFFFFFFFFFFFFFFFFFFFFFFFFFFFFFFFFFFFFF
310
FFFFFFFFFFFFFFFFFFFFFFFFFFFFFFFFFFFFFFFFFFFFFFFFFFFFFFFFFFFFFFFF
310
FFFFFFFFFFFFFFFFFFFFFFFFFFFFFFFFFFFFFFFFFFFFFFFFFFFFFFFFFFFFFFFF
310
FFFFFFFFFFFFFFFFFFFFFFFFFFFFFFFFFFFFFFFFFFFFFFFFFFFFFFFFFFFFFFFF
310
FFFFFFFFFFFFFFFFFFFFFFFFFFFFFFFFFFFFFFFFFFFFFFFFFFFFFFFFFFFFFFFF
310
FFFFFFFFFFFFFFFFFFFFFFFFFFFFFFFFFFFFFFFFFFFFFFFFFFFFFFFFFFFFFFFF
310
FFFFFFFFFFFFFFFFFFFFFFFFFFFFFFFFFF00FFFFFFFFFFFFFFFFFFFFFFFFFFFF
310
FFFFFFFFFFFFFFFFFFFFFFFFFFFFFFFFFFFFFFFFFFFFFFFFFFFFFFFFFFFFFFFF
310
FFFFFFFFFFFFFFFFFFFFFFFFFFFFFFFFFFFFFFFFFFFFFFFFFFFFFFFFFFFFFFFF
310
FFFFFFFFFFFFFFFFFFFFFFFFFFFFFFFFFFFFFFFFFFFFFFFFFFFFFFFFFFFFFFFF
310
FFFFFFFFFFFFFFFFFFFFFFFFFFFFFFFFFFFFFFFFFFFFFFFFFFFFFFFFFFFFFFFF
310
FFFFFFFFFFFFFFFFFFFFFFFFFFFFFFFFFFFFFFFFFFFFFFFFFFFFFFFFFFFFFFFF
310
FFFFFFFFFFFFFFFFFFFFFFFFFFFFFFFFFFFFFFFFFFFFFFFFFFFFFFFFFFFFFFFF
310
FFFFFFFFFFFFFFFFFFFFFFFFFFFFFFFFFFFFFFFFFFFFFFFFFFFFFFFFFFFFFFFF
310
FFFFFFFFFFFFFFFFFFFFFFFFFFFFFFFFFFFFFFFFFFFFFFFFFFFFFFFFFFFFFFFF
310
FFFFFFFFFFFFFFFFFFFFFFFFFFFFFFFFFFFFFFFFFFFFFFFFFFFFFFFFFFFFFFFF
310
FFFFFFFFFFFFFFFFFFFFFFFFFFFFFFFFFFFFFFFFFFFFFFFFFFFFFFFFFFFFFFFF
310
FFFFFFFFFFFFFFFFFFFFFFFFFFFFFFFFFFFFFFFFFFFFFFFFFFFFFFFFFFFFFFFF
310
FFFFFFFFFFFFFFFFFFFFFFFFFFFFFFFFFFFFFFFFFFFFFFFFFFFFFFFFFFFFFFFF
310
FFFFFFFFFFFFFFFFFFFFFFFFFFFFFFFFFFFFFFFFFFFFFFFFFFFFFFFFFFFFFFFF
310
FFFFFFFFFFFFFFFFFFFFFFFFFFFFFFFFFFFFFFFFFFFFFFFFFFFFFFFFFFFFFFFF
310
FFFFFFFFFFFFFFFFFFFFFFFFFFFFFFFFFFFFFFFFFFFFFFFFFFFFFFFFFFFFFFFF
310
FFFFFFFFFFFFFFFFFFFFFFFFFFFFFFFFFFFFFFFFFFFFFFFFFFFFFFFFFFFFFFFF
310
FFFFFFFFFFFFFFFFFFFFFFFFFFFFFFFFFFFFFFFFFFFFFFFFFFFFFFFFFFFFFFFF
310
FFFFFFFFFFFFFFFFFFFFFFFFFFFFFFFFFFFFFFFFFFFFFFFFFFFFFFFFFFFFFFFF
310
FFFFFFFFFFFFFFFFFFFFFFFFFFFFFFFFFFFFFFFFFFFFFFFFFFFFFFFFFFFFFFFF
310
FFFFFFFFFFFFFFFFFFFFFFFFFFFFFFFFFFFFFFFFFFFFFFFFFFFFFFFFFFFFFFFF
310
FFFFFFFFFFFFFFFFFFFFFFFFFFFFFFFFFFFFFFFFFFFFFFFFFFFFFFFFFFFFFFFF
310
FFFFFFFFFFFFFFFFFFFFFFFFFFFFFFFFFFFFFFFFFFFFFFFFFFFFFFFFFFFFFFFF
310
FFFFFFFFFFFFFFFFFFFFFFFFFFFFFFFFFFFFFFFFFFFFFFFFFFFFFFFFFFFFFFFF
310
FFFFFFFFFFFFFFFFFFFFFFFFFFFFFFFFFFFFFFFFFFFFFFFFFFFFFFFFFFFFFFFF
310
FFFFFFFFFFFFFFFFFFFFFFFFFFFFFFFFFFFFFFFFFFFFFFFFFFFFFFFFFFFFFFFF
310
FFFFFFFFFFFFFFFFFFFFFFFFFFFFFFFFFFFFFFFFFFFFFFFFFFFFFFFFFFFFFFFF
310
FFFFFFFFFFFFFFFFFFFFFFFFFFFFFFFFFFFFFFFFFFFFFFFFFFFFFFFFFFFFFFFF
310
FFFFFFFFFFFFFFFFFFFFFFFFFFFFFFFFFFFFFFFFFFFFFFFFFFFFFFFFFFFFFFFF
310
FFFFFFFFFFFFFFFFFFFFFFFFFFFFFFFFFFFFFFFFFFFFFFFFFFFFFFFFFFFFFFFF
310
FFFFFFFFFFFFFFFFFFFFFFFFFFFFFFFFFFFFFFFFFFFFFFFFFFFFFFFFFFFFFFFF
310
FF00FFFFFFFFFFFFFFFFFFFFFFFFFFFFFFFFFFFFFFFFFFFFFFFFFFFFFFFFFFFF
310
FFFFFFFFFFFFFFFFFFFFFFFFFFFFFFFFFFFFFFFFFFFFFFFFFFFFFFFFFFFFFFFF
310
FFFFFFFFFFFFFFFFFFFFFFFFFFFFFFFFFFFFFFFFFFFFFFFFFFFFFFFFFFFFFFFF
310
FFFFFFFFFFFFFFFFFFFFFFFFFFFFFFFFFFFFFFFFFFFFFFFFFFFFFFFFFFFFFFFF
310
FFFFFFFFFFFFFFFFFFFFFFFFFFFFFFFFFFFFFFFFFFFFFFFFFFFFFFFFFFFFFFFF
310
FFFFFFFFFFFFFFFFFFFFFFFFFFFFFFFFFFFFFFFFFFFFFFFFFFFFFFFFFFFFFFFF
310
FFFFFFFFFFFFFFFFFFFFFFFFFFFFFFFFFFFFFFFFFFFFFFFFFFFFFFFFFFFFFFFF
310
FFFFFFFFFFFFFFFFFFFFFFFFFFFFFFFFFFFFFFFFFFFFFFFFFFFFFFFFFFFFFFFF
310
FFFFFFFFFFFFFFFFFFFFFFFFFFFFFFFFFFFFFFFFFFFFFFFFFFFFFFFFFFFFFFFF
310
FFFFFFFFFFFFFFFFFFFFFFFFFFFFFFFFFFFFFFFFFFFFFFFFFFFFFFFFFFFFFFFF
310
FFFFFFFFFFFFFFFFFFFFFFFFFFFFFFFFFFFFFFFFFFFFFFFFFFFFFFFFFFFFFFFF
310
FFFFFFFFFFFFFFFFFFFFFFFFFFFFFFFFFFFFFFFFFFFFFFFFFFFFFFFFFFFFFFFF
310
FFFFFFFFFFFFFFFFFFFFFFFFFFFFFFFFFFFFFFFFFFFFFFFFFFFFFFFFFFFFFFFF
310
FFFFFFFFFFFFFFFFFFFFFFFFFFFFFFFFFFFFFFFFFFFFFFFFFFFFFFFFFFFFFFFF
310
FFFFFFFFFFFFFFFFFFFFFFFFFFFFFFFFFFFFFFFFFFFFFFFFFFFFFFFFFFFFFFFF
310
FFFFFFFFFFFFFFFFFFFFFFFFFFFFFFFFFFFFFFFFFFFFFFFFFFFFFFFFFFFFFFFF
310
FFFFFFFFFFFFFFFFFFFFFFFFFFFFFFFFFFFFFFFFFFFFFFFFFFFFFFFFFFFFFFFF
310
FFFFFFFFFFFFFFFFFFFFFFFFFFFFFFFFFFFFFFFFFFFFFFFFFFFFFFFFFFFFFFFF
310
FFFFFFFFFFFFFFFFFFFFFFFFFFFFFFFFFFFFFFFFFFFFFFFFFFFFFFFFFFFFFFFF
310
FFFFFFFFFFFFFFFFFFFFFFFFFFFFFFFFFFFFFFFFFFFFFFFFFFFFFFFFFFFFFFFF
310
FFFFFFFFFFFFFFFFFFFFFFFFFFFFFFFFFFFFFFFFFFFFFFFFFFFFFFFFFFFFFFFF
310
FFFFFFFFFFFFFFFFFFFFFFFFFFFFFFFFFFFFFFFFFFFFFFFFFFFFFFFFFFFFFFFF
310
FFFFFFFFFFFFFFFFFFFFFFFFFFFFFFFFFFFFFFFFFFFFFFFFFFFFFFFFFFFFFFFF
310
FFFFFFFFFFFFFFFFFFFFFFFFFFFFFFFFFFFFFFFFFFFFFFFFFFFFFFFFFFFFFFFF
310
FFFFFFFFFFFFFFFFFFFFFFFFFFFFFFFFFFFFFFFFFFFFFFFFFFFFFFFFFFFFFFFF
310
FFFFFFFFFFFFFFFFFFFFFFFFFFFFFFFFFFFFFFFFFFFFFFFFFFFFFFFFFFFFFFFF
310
FFFFFFFFFFFFFFFFFFFFFFFFFFFFFFFFFFFFFFFFFFFFFFFFFFFFFFFFFFFFFFFF
310
FFFFFFFFFFFFFFFFFFFFFFFFFFFFFFFFFFFFFFFFFFFFFFFFFFFFFFFFFFFFFFFF
310
FFFFFFFFFFFFFFFFFFFFFFFFFFFFFFFFFFFFFFFFFFFFFFFFFFFFFFFFFFFFFFFF
310
FFFFFFFFFFFFFFFFFFFFFFFFFFFFFFFFFFFFFFFFFFFFFFFFFFFFFFFFFFFFFFFF
310
FFFFFFFFFFFFFFFFFFFFFFFFFFFFFFFFFF00FFFFFFFFFFFFFFFFFFFFFFFFFFFF
310
FFFFFFFFFFFFFFFFFFFFFFFFFFFFFFFFFFFFFFFFFFFFFFFFFFFFFFFFFFFFFFFF
310
FFFFFFFFFFFFFFFFFFFFFFFFFFFFFFFFFFFFFFFFFFFFFFFFFFFFFFFFFFFFFFFF
310
FFFFFFFFFFFFFFFFFFFFFFFFFFFFFFFFFFFFFFFFFFFFFFFFFFFFFFFFFFFFFFFF
310
FFFFFFFFFFFFFFFFFFFFFFFFFFFFFFFFFFFFFFFFFFFFFFFFFFFFFFFFFFFFFFFF
310
FFFFFFFFFFFFFFFFFFFFFFFFFFFFFFFFFFFFFFFFFFFFFFFFFFFFFFFFFFFFFFFF
310
FFFFFFFFFFFFFFFFFFFFFFFFFFFFFFFFFFFFFFFFFFFFFFFFFFFFFFFFFFFFFFFF
310
FFFFFFFFFFFFFFFFFFFFFFFFFFFFFFFFFFFFFFFFFFFFFFFFFFFFFFFFFFFFFFFF
310
FFFFFFFFFFFFFFFFFFFFFFFFFFFFFFFFFFFFFFFFFFFFFFFFFFFFFFFFFFFFFFFF
310
FFFFFFFFFFFFFFFFFFFFFFFFFFFFFFFFFFFFFFFFFFFFFFFFFFFFFFFFFFFFFFFF
310
FFFFFFFFFFFFFFFFFFFFFFFFFFFFFFFFFFFFFFFFFFFFFFFFFFFFFFFFFFFFFFFF
310
FFFFFFFFFFFFFFFFFFFFFFFFFFFFFFFFFFFFFFFFFFFFFFFFFFFFFFFFFFFFFFFF
310
FFFFFFFFFFFFFFFFFFFFFFFFFFFFFFFFFFFFFFFFFFFFFFFFFFFFFFFFFFFFFFFF
310
FFFFFFFFFFFFFFFFFFFFFFFFFFFFFFFFFFFFFFFFFFFFFFFFFFFFFFFFFFFFFFFF
310
FFFFFFFFFFFFFFFFFFFFFFFFFFFFFFFFFFFFFFFFFFFFFFFFFFFFFFFFFFFFFFFF
310
FFFFFFFFFFFFFFFFFFFFFFFFFFFFFFFFFFFFFFFFFFFFFFFFFFFFFFFFFFFFFFFF
310
FFFFFFFFFFFFFFFFFFFFFFFFFFFFFFFFFFFFFFFFFFFFFFFFFFFFFFFFFFFFFFFF
310
FFFFFFFFFFFFFFFFFFFFFFFFFFFFFFFFFFFFFFFFFFFFFFFFFFFFFFFFFFFFFFFF
310
FFFFFFFFFFFFFFFFFFFFFFFFFFFFFFFFFFFFFFFFFFFFFFFFFFFFFFFFFFFFFFFF
310
FFFFFFFFFFFFFFFFFFFFFFFFFFFFFFFFFFFFFFFFFFFFFFFFFFFFFFFFFFFFFFFF
310
FFFFFFFFFFFFFFFFFFFFFFFFFFFFFFFFFFFFFFFFFFFFFFFFFFFFFFFFFFFFFFFF
310
FFFFFFFFFFFFFFFFFFFFFFFFFFFFFFFFFFFFFFFFFFFFFFFFFFFFFFFFFFFFFFFF
310
FFFFFFFFFFFFFFFFFFFFFFFFFFFFFFFFFFFFFFFFFFFFFFFFFFFFFFFFFFFFFFFF
310
FFFFFFFFFFFFFFFFFFFFFFFFFFFFFFFFFFFFFFFFFFFFFFFFFFFFFFFFFFFFFFFF
310
FFFFFFFFFFFFFFFFFFFFFFFFFFFFFFFFFFFFFFFFFFFFFFFFFFFFFFFFFFFFFFFF
310
FFFFFFFFFFFFFFFFFFFFFFFFFFFFFFFFFFFFFFFFFFFFFFFFFFFFFFFFFFFFFFFF
310
FFFFFFFFFFFFFFFFFFFFFFFFFFFFFFFFFFFFFFFFFFFFFFFFFFFFFFFFFFFFFFFF
310
FFFFFFFFFFFFFFFFFFFFFFFFFFFFFFFFFFFFFFFFFFFFFFFFFFFFFFFFFFFFFFFF
310
FFFFFFFFFFFFFFFFFFFFFFFFFFFFFFFFFFFFFFFFFFFFFFFFFFFFFFFFFFFFFFFF
310
FFFFFFFFFFFFFFFFFFFFFFFFFFFFFFFFFFFFFFFFFFFFFFFFFFFFFFFFFFFFFFFF
310
FFFFFFFFFFFFFFFFFFFFFFFFFFFFFFFFFFFFFFFFFFFFFFFFFFFFFFFFFFFFFFFF
310
FF00FFFFFFFFFFFFFFFFFFFFFFFFFFFFFFFFFFFFFFFFFFFFFFFFFFFFFFFFFFFF
310
FFFFFFFFFFFFFFFFFFFFFFFFFFFFFFFFFFFFFFFFFFFFFFFFFFFFFFFFFFFFFFFF
310
FFFFFFFFFFFFFFFFFFFFFFFFFFFFFFFFFFFFFFFFFFFFFFFFFFFFFFFFFFFFFFFF
310
FFFFFFFFFFFFFFFFFFFFFFFFFFFFFFFFFFFFFFFFFFFFFFFFFFFFFFFFFFFFFFFF
310
FFFFFFFFFFFFFFFFFFFFFFFFFFFFFFFFFFFFFFFFFFFFFFFFFFFFFFFFFFFFFFFF
310
FFFFFFFFFFFFFFFFFFFFFFFFFFFFFFFFFFFFFFFFFFFFFFFFFFFFFFFFFFFFFFFF
310
FFFFFFFFFFFFFFFFFFFFFFFFFFFFFFFFFFFFFFFFFFFFFFFFFFFFFFFFFFFFFFFF
310
FFFFFFFFFFFFFFFFFFFFFFFFFFFFFFFFFFFFFFFFFFFFFFFFFFFFFFFFFFFFFFFF
310
FFFFFFFFFFFFFFFFFFFFFFFFFFFFFFFFFFFFFFFFFFFFFFFFFFFFFFFFFFFFFFFF
310
FFFFFFFFFFFFFFFFFFFFFFFFFFFFFFFFFFFFFFFFFFFFFFFFFFFFFFFFFFFFFFFF
310
FFFFFFFFFFFFFFFFFFFFFFFFFFFFFFFFFFFFFFFFFFFFFFFFFFFFFFFFFFFFFFFF
310
FFFFFFFFFFFFFFFFFFFFFFFFFFFFFFFFFFFFFFFFFFFFFFFFFFFFFFFFFFFFFFFF
310
FFFFFFFFFFFFFFFFFFFFFFFFFFFFFFFFFFFFFFFFFFFFFFFFFFFFFFFFFFFFFFFF
310
FFFFFFFFFFFFFFFFFFFFFFFFFFFFFFFFFFFFFFFFFFFFFFFFFFFFFFFFFFFFFFFF
310
FFFFFFFFFFFFFFFFFFFFFFFFFFFFFFFFFFFFFFFFFFFFFFFFFFFFFFFFFFFFFFFF
310
FFFFFFFFFFFFFFFFFFFFFFFFFFFFFFFFFFFFFFFFFFFFFFFFFFFFFFFFFFFFFFFF
310
FFFFFFFFFFFFFFFFFFFFFFFFFFFFFFFFFFFFFFFFFFFFFFFFFFFFFFFFFFFFFFFF
310
FFFFFFFFFFFFFFFFFFFFFFFFFFFFFFFFFFFFFFFFFFFFFFFFFFFFFFFFFFFFFFFF
310
FFFFFFFFFFFFFFFFFFFFFFFFFFFFFFFFFFFFFFFFFFFFFFFFFFFFFFFFFFFFFFFF
310
FFFFFFFFFFFFFFFFFFFFFFFFFFFFFFFFFFFFFFFFFFFFFFFFFFFFFFFFFFFFFFFF
310
FFFFFFFFFFFFFFFFFFFFFFFFFFFFFFFFFFFFFFFFFFFFFFFFFFFFFFFFFFFFFFFF
310
FFFFFFFFFFFFFFFFFFFFFFFFFFFFFFFFFFFFFFFFFFFFFFFFFFFFFFFFFFFFFFFF
310
FFFFFFFFFFFFFFFFFFFFFFFFFFFFFFFFFFFFFFFFFFFFFFFFFFFFFFFFFFFFFFFF
310
FFFFFFFFFFFFFFFFFFFFFFFFFFFFFFFFFFFFFFFFFFFFFFFFFFFFFFFFFFFFFFFF
310
FFFFFFFFFFFFFFFFFFFFFFFFFFFFFFFFFFFFFFFFFFFFFFFFFFFFFFFFFFFFFFFF
310
FFFFFFFFFFFFFFFFFFFFFFFFFFFFFFFFFFFFFFFFFFFFFFFFFFFFFFFFFFFFFFFF
310
FFFFFFFFFFFFFFFFFFFFFFFFFFFFFFFFFFFFFFFFFFFFFFFFFFFFFFFFFFFFFFFF
310
FFFFFFFFFFFFFFFFFFFFFFFFFFFFFFFFFFFFFFFFFFFFFFFFFFFFFFFFFFFFFFFF
310
FFFFFFFFFFFFFFFFFFFFFFFFFFFFFFFFFFFFFFFFFFFFFFFFFFFFFFFFFFFFFFFF
310
FFFFFFFFFFFFFFFFFFFFFFFFFFFFFFFFFFFFFFFFFFFFFFFFFFFFFFFFFFFFFFFF
310
FFFFFFFFFFFFFFFFFFFFFFFFFFFFFFFFFF00040000002701FFFF0C0000004009
310
2900AA000000000000005000450100000000040000002701FFFF030000000000
310
0000000000000000000000000000000000004E414E4901000000FFFFFFFF0E00
310
00000000000001000000FFFFFFFF40000000D2029649D20296490E0000000000
310
0000000000000000000000000000000000000000000000000000000000000000
310
0000000000000000000000000000000000000000000000000000000000000000
310
0000000000000000000000000000000000000000000000000000000000000000
310
0000000000000000000000000000000000000000000000000000000000000000
310
0000000000000000000000000000000000000000000000000000000000000000
310
0000000000000000000000000000000000000000000000000000000000000000
310
0000000000000000000000000000000000000000000000000000000000000000
310
0000000000000000000000000000000000000000000000000000000000000000
  1
OLE
  0
ENDSEC
  0
SECTION
  2
OBJECTS
  0
DICTIONARY
  5
C
330
0
100
AcDbDictionary
281
     1
  3
ACAD_GROUP
350
D
  3
ACAD_LAYOUT
350
1A
  3
ACAD_MLINESTYLE
350
17
  3
ACAD_PLOTSETTINGS
350
19
  3
ACAD_PLOTSTYLENAME
350
E
  3
ACAD_SCALELIST
350
47
  3
DWGPROPS
350
1CD
  0
DICTIONARY
  5
D
102
{ACAD_REACTORS
330
C
102
}
330
C
100
AcDbDictionary
281
     1
  0
DICTIONARY
  5
1A
102
{ACAD_REACTORS
330
C
102
}
330
C
100
AcDbDictionary
281
     1
  3
Layout1
350
1E
  3
Layout2
350
26
  3
Model
350
22
  0
DICTIONARY
  5
17
102
{ACAD_REACTORS
330
C
102
}
330
C
100
AcDbDictionary
281
     1
  3
Standard
350
18
  0
DICTIONARY
  5
19
102
{ACAD_REACTORS
330
C
102
}
330
C
100
AcDbDictionary
281
     1
  0
ACDBDICTIONARYWDFLT
  5
E
102
{ACAD_REACTORS
330
C
102
}
330
C
100
AcDbDictionary
281
     1
  3
Normal
350
F
100
AcDbDictionaryWithDefault
340
F
  0
DICTIONARY
  5
47
102
{ACAD_REACTORS
330
C
102
}
330
C
100
AcDbDictionary
281
     1
  3
A0
350
48
  3
A1
350
49
  3
A2
350
4A
  3
A3
350
4B
  3
A4
350
4C
  3
A5
350
4D
  3
A6
350
4E
  3
A7
350
4F
  3
A8
350
50
  3
A9
350
51
  3
B0
350
52
  3
B1
350
53
  3
B2
350
54
  3
B3
350
55
  3
B4
350
56
  3
B5
350
57
  3
B6
350
58
  3
B7
350
59
  3
B8
350
5A
  3
B9
350
5B
  3
C0
350
5C
  3
C1
350
5D
  3
C2
350
5E
  3
C3
350
5F
  3
C4
350
60
  3
C5
350
61
  3
C6
350
62
  3
C7
350
63
  3
C8
350
64
  3
C9
350
65
  3
D0
350
66
  3
D1
350
67
  3
D2
350
68
  0
XRECORD
  5
1CD
102
{ACAD_REACTORS
330
C
102
}
330
C
100
AcDbXrecord
280
     1
  1
DWGPROPS COOKIE
  2

  3

  4

  6

  7

  8
weberw
  9

300
=
301
=
302
=
303
=
304
=
305
=
306
=
307
=
308
=
309
=
 40
0.0
 41
2460502.382213878
 42
2460502.382217141
  1

 90
        0
  0
LAYOUT
  5
1E
102
{ACAD_REACTORS
330
1A
102
}
330
1A
100
AcDbPlotSettings
  1

  2
none_device
  4

  6

 40
0.0
 41
0.0
 42
0.0
 43
0.0
 44
0.0
 45
0.0
 46
0.0
 47
0.0
 48
0.0
 49
0.0
140
0.0
141
0.0
142
1.0
143
1.0
 70
   688
 72
     1
 73
     0
 74
     5
  7

 75
    16
147
1.0
148
0.0
149
0.0
100
AcDbLayout
  1
Layout1
 70
     1
 71
     1
 10
0.0
 20
0.0
 11
420.0
 21
297.0
 12
0.0
 22
0.0
 32
0.0
 14
1.0000000000E+20
 24
1.0000000000E+20
 34
1.0000000000E+20
 15
-1.0000000000E+20
 25
-1.0000000000E+20
 35
-1.0000000000E+20
146
0.0
 13
0.0
 23
0.0
 33
0.0
 16
1.0
 26
0.0
 36
0.0
 17
0.0
 27
1.0
 37
0.0
 76
     0
330
1B
  0
LAYOUT
  5
26
102
{ACAD_REACTORS
330
1A
102
}
330
1A
100
AcDbPlotSettings
  1

  2
none_device
  4

  6

 40
0.0
 41
0.0
 42
0.0
 43
0.0
 44
0.0
 45
0.0
 46
0.0
 47
0.0
 48
0.0
 49
0.0
140
0.0
141
0.0
142
1.0
143
1.0
 70
   688
 72
     1
 73
     0
 74
     5
  7

 75
    16
147
1.0
148
0.0
149
0.0
100
AcDbLayout
  1
Layout2
 70
     1
 71
     2
 10
0.0
 20
0.0
 11
0.0
 21
0.0
 12
0.0
 22
0.0
 32
0.0
 14
0.0
 24
0.0
 34
0.0
 15
0.0
 25
0.0
 35
0.0
146
0.0
 13
0.0
 23
0.0
 33
0.0
 16
1.0
 26
0.0
 36
0.0
 17
0.0
 27
1.0
 37
0.0
 76
     0
330
23
  0
LAYOUT
  5
22
102
{ACAD_REACTORS
330
1A
102
}
330
1A
100
AcDbPlotSettings
  1

  2
none_device
  4
Letter_(8.50_x_11.00_Inches)
  6

 40
6.35
 41
6.35
 42
6.35000508
 43
6.35000508
 44
215.9
 45
279.4
 46
0.0
 47
0.0
 48
0.0
 49
0.0
140
0.0
141
0.0
142
1.0
143
1.0
 70
  1712
 72
     1
 73
     0
 74
     0
  7

 75
     0
147
1.0
148
0.0
149
0.0
100
AcDbLayout
  1
Model
 70
     1
 71
     0
 10
0.0
 20
0.0
 11
420.0
 21
297.0
 12
0.0
 22
0.0
 32
0.0
 14
0.0
 24
0.0
 34
0.0
 15
420.0
 25
297.0
 35
0.0
146
0.0
 13
0.0
 23
0.0
 33
0.0
 16
1.0
 26
0.0
 36
0.0
 17
0.0
 27
1.0
 37
0.0
 76
     0
330
1F
331
29
  0
MLINESTYLE
  5
18
102
{ACAD_REACTORS
330
17
102
}
330
17
100
AcDbMlineStyle
  2
Standard
 70
     0
  3

 62
   256
 51
90.0
 52
90.0
 71
     2
 49
0.5
 62
   256
  6
BYLAYER
 49
-0.5
 62
   256
  6
BYLAYER
  0
ACDBPLACEHOLDER
  5
F
102
{ACAD_REACTORS
330
E
102
}
330
E
  0
SCALE
  5
48
102
{ACAD_REACTORS
330
47
102
}
330
47
100
AcDbScale
 70
     0
300
1:1
140
1.0
141
1.0
290
     1
  0
SCALE
  5
49
102
{ACAD_REACTORS
330
47
102
}
330
47
100
AcDbScale
 70
     0
300
1:2
140
1.0
141
2.0
290
     0
  0
SCALE
  5
4A
102
{ACAD_REACTORS
330
47
102
}
330
47
100
AcDbScale
 70
     0
300
1:4
140
1.0
141
4.0
290
     0
  0
SCALE
  5
4B
102
{ACAD_REACTORS
330
47
102
}
330
47
100
AcDbScale
 70
     0
300
1:5
140
1.0
141
5.0
290
     0
  0
SCALE
  5
4C
102
{ACAD_REACTORS
330
47
102
}
330
47
100
AcDbScale
 70
     0
300
1:8
140
1.0
141
8.0
290
     0
  0
SCALE
  5
4D
102
{ACAD_REACTORS
330
47
102
}
330
47
100
AcDbScale
 70
     0
300
1:10
140
1.0
141
10.0
290
     0
  0
SCALE
  5
4E
102
{ACAD_REACTORS
330
47
102
}
330
47
100
AcDbScale
 70
     0
300
1:16
140
1.0
141
16.0
290
     0
  0
SCALE
  5
4F
102
{ACAD_REACTORS
330
47
102
}
330
47
100
AcDbScale
 70
     0
300
1:20
140
1.0
141
20.0
290
     0
  0
SCALE
  5
50
102
{ACAD_REACTORS
330
47
102
}
330
47
100
AcDbScale
 70
     0
300
1:30
140
1.0
141
30.0
290
     0
  0
SCALE
  5
51
102
{ACAD_REACTORS
330
47
102
}
330
47
100
AcDbScale
 70
     0
300
1:40
140
1.0
141
40.0
290
     0
  0
SCALE
  5
52
102
{ACAD_REACTORS
330
47
102
}
330
47
100
AcDbScale
 70
     0
300
1:50
140
1.0
141
50.0
290
     0
  0
SCALE
  5
53
102
{ACAD_REACTORS
330
47
102
}
330
47
100
AcDbScale
 70
     0
300
1:100
140
1.0
141
100.0
290
     0
  0
SCALE
  5
54
102
{ACAD_REACTORS
330
47
102
}
330
47
100
AcDbScale
 70
     0
300
2:1
140
2.0
141
1.0
290
     0
  0
SCALE
  5
55
102
{ACAD_REACTORS
330
47
102
}
330
47
100
AcDbScale
 70
     0
300
4:1
140
4.0
141
1.0
290
     0
  0
SCALE
  5
56
102
{ACAD_REACTORS
330
47
102
}
330
47
100
AcDbScale
 70
     0
300
8:1
140
8.0
141
1.0
290
     0
  0
SCALE
  5
57
102
{ACAD_REACTORS
330
47
102
}
330
47
100
AcDbScale
 70
     0
300
10:1
140
10.0
141
1.0
290
     0
  0
SCALE
  5
58
102
{ACAD_REACTORS
330
47
102
}
330
47
100
AcDbScale
 70
     0
300
100:1
140
100.0
141
1.0
290
     0
  0
SCALE
  5
59
102
{ACAD_REACTORS
330
47
102
}
330
47
100
AcDbScale
 70
     0
300
1/128" = 1'-0"
140
0.0078125
141
12.0
290
     0
  0
SCALE
  5
5A
102
{ACAD_REACTORS
330
47
102
}
330
47
100
AcDbScale
 70
     0
300
1/64" = 1'-0"
140
0.015625
141
12.0
290
     0
  0
SCALE
  5
5B
102
{ACAD_REACTORS
330
47
102
}
330
47
100
AcDbScale
 70
     0
300
1/32" = 1'-0"
140
0.03125
141
12.0
290
     0
  0
SCALE
  5
5C
102
{ACAD_REACTORS
330
47
102
}
330
47
100
AcDbScale
 70
     0
300
1/16" = 1'-0"
140
0.0625
141
12.0
290
     0
  0
SCALE
  5
5D
102
{ACAD_REACTORS
330
47
102
}
330
47
100
AcDbScale
 70
     0
300
3/32" = 1'-0"
140
0.09375
141
12.0
290
     0
  0
SCALE
  5
5E
102
{ACAD_REACTORS
330
47
102
}
330
47
100
AcDbScale
 70
     0
300
1/8" = 1'-0"
140
0.125
141
12.0
290
     0
  0
SCALE
  5
5F
102
{ACAD_REACTORS
330
47
102
}
330
47
100
AcDbScale
 70
     0
300
3/16" = 1'-0"
140
0.1875
141
12.0
290
     0
  0
SCALE
  5
60
102
{ACAD_REACTORS
330
47
102
}
330
47
100
AcDbScale
 70
     0
300
1/4" = 1'-0"
140
0.25
141
12.0
290
     0
  0
SCALE
  5
61
102
{ACAD_REACTORS
330
47
102
}
330
47
100
AcDbScale
 70
     0
300
3/8" = 1'-0"
140
0.375
141
12.0
290
     0
  0
SCALE
  5
62
102
{ACAD_REACTORS
330
47
102
}
330
47
100
AcDbScale
 70
     0
300
1/2" = 1'-0"
140
0.5
141
12.0
290
     0
  0
SCALE
  5
63
102
{ACAD_REACTORS
330
47
102
}
330
47
100
AcDbScale
 70
     0
300
3/4" = 1'-0"
140
0.75
141
12.0
290
     0
  0
SCALE
  5
64
102
{ACAD_REACTORS
330
47
102
}
330
47
100
AcDbScale
 70
     0
300
1" = 1'-0"
140
1.0
141
12.0
290
     0
  0
SCALE
  5
65
102
{ACAD_REACTORS
330
47
102
}
330
47
100
AcDbScale
 70
     0
300
1-1/2" = 1'-0"
140
1.5
141
12.0
290
     0
  0
SCALE
  5
66
102
{ACAD_REACTORS
330
47
102
}
330
47
100
AcDbScale
 70
     0
300
3" = 1'-0"
140
3.0
141
12.0
290
     0
  0
SCALE
  5
67
102
{ACAD_REACTORS
330
47
102
}
330
47
100
AcDbScale
 70
     0
300
6" = 1'-0"
140
6.0
141
12.0
290
     0
  0
SCALE
  5
68
102
{ACAD_REACTORS
330
47
102
}
330
47
100
AcDbScale
 70
     0
300
1'-0" = 1'-0"
140
12.0
141
12.0
290
     0
  0
ENDSEC
  0
EOF
