ISO-10303-21;
HEADER;
FILE_DESCRIPTION (( 'STEP AP203' ),
    '1' );
FILE_NAME ('logiBOT_02_AbdeckblechVorne_V1.0.STEP',
    '2024-07-10T07:53:12',
    ( '' ),
    ( '' ),
    'SwSTEP 2.0',
    'SolidWorks 2021',
    '' );
FILE_SCHEMA (( 'CONFIG_CONTROL_DESIGN' ));
ENDSEC;

DATA;
#1 = ORIENTED_EDGE ( 'NONE', *, *, #261, .T. ) ;
#2 = ADVANCED_FACE ( 'NONE', ( #1169 ), #921, .F. ) ;
#3 = CARTESIAN_POINT ( 'NONE',  ( 228.0000000000000000, -6.938893903907228378E-15, 0.000000000000000000 ) ) ;
#4 = ORIENTED_EDGE ( 'NONE', *, *, #691, .F. ) ;
#5 = APPROVAL_STATUS ( 'not_yet_approved' ) ;
#6 = LINE ( 'NONE', #1331, #174 ) ;
#7 = DIRECTION ( 'NONE',  ( -1.000000000000000000, 0.000000000000000000, 1.525031627232358630E-16 ) ) ;
#8 = ORIENTED_EDGE ( 'NONE', *, *, #1304, .F. ) ;
#9 = LINE ( 'NONE', #1463, #924 ) ;
#10 = EDGE_LOOP ( 'NONE', ( #312 ) ) ;
#11 = CARTESIAN_POINT ( 'NONE',  ( 276.0000000000000000, 90.00000000000000000, 300.0000000000000000 ) ) ;
#12 = CARTESIAN_POINT ( 'NONE',  ( -125.5000000000000000, 92.00000000000000000, 50.00000000000004263 ) ) ;
#13 = DIRECTION ( 'NONE',  ( 0.000000000000000000, 0.000000000000000000, -1.000000000000000000 ) ) ;
#14 = VERTEX_POINT ( 'NONE', #551 ) ;
#15 = FACE_OUTER_BOUND ( 'NONE', #1481, .T. ) ;
#16 = VERTEX_POINT ( 'NONE', #1339 ) ;
#17 = CARTESIAN_POINT ( 'NONE',  ( -258.0000000000000000, 90.00000000000000000, 47.41000000000001080 ) ) ;
#18 = CONICAL_SURFACE ( 'NONE', #496, 4.589999999999982983, 0.7853981633974482790 ) ;
#19 = CARTESIAN_POINT ( 'NONE',  ( -228.0000000000000000, 1.999999999999994893, 0.000000000000000000 ) ) ;
#20 = EDGE_CURVE ( 'NONE', #661, #1351, #391, .T. ) ;
#21 = AXIS2_PLACEMENT_3D ( 'NONE', #335, #346, #1311 ) ;
#22 = CARTESIAN_POINT ( 'NONE',  ( -278.0000000000000000, 88.00000000000000000, 300.0000000000000000 ) ) ;
#23 = VECTOR ( 'NONE', #392, 1000.000000000000000 ) ;
#24 = CC_DESIGN_SECURITY_CLASSIFICATION ( #1262, ( #824 ) ) ;
#25 = DIRECTION ( 'NONE',  ( -1.000000000000000000, 0.000000000000000000, 0.000000000000000000 ) ) ;
#26 = EDGE_LOOP ( 'NONE', ( #343, #567, #263, #659 ) ) ;
#27 = CARTESIAN_POINT ( 'NONE',  ( 258.0000000000000000, 92.00000000000000000, 250.0000000000000000 ) ) ;
#28 = VERTEX_POINT ( 'NONE', #1222 ) ;
#29 = DIRECTION ( 'NONE',  ( 1.000000000000000000, 0.000000000000000000, 0.000000000000000000 ) ) ;
#30 = DIRECTION ( 'NONE',  ( 0.000000000000000000, 0.000000000000000000, 1.000000000000000000 ) ) ;
#31 = CARTESIAN_POINT ( 'NONE',  ( 276.0000000000000000, 88.00000000000000000, 300.0000000000000000 ) ) ;
#32 = EDGE_CURVE ( 'NONE', #1470, #1351, #1559, .T. ) ;
#33 = LINE ( 'NONE', #836, #97 ) ;
#34 = VERTEX_POINT ( 'NONE', #276 ) ;
#35 = CARTESIAN_POINT ( 'NONE',  ( 34.50000000000000711, 92.00000000000000000, 141.0000000000000000 ) ) ;
#36 = ORIENTED_EDGE ( 'NONE', *, *, #1469, .F. ) ;
#37 = CARTESIAN_POINT ( 'NONE',  ( -280.0000000000000000, 52.00000000000000000, 300.0000000000000000 ) ) ;
#38 = DIRECTION ( 'NONE',  ( 1.525031627232358630E-16, 0.000000000000000000, 1.000000000000000000 ) ) ;
#39 = ORIENTED_EDGE ( 'NONE', *, *, #1114, .F. ) ;
#40 = EDGE_CURVE ( 'NONE', #111, #241, #1103, .T. ) ;
#41 = PLANE ( 'NONE',  #1483 ) ;
#42 = ORIENTED_EDGE ( 'NONE', *, *, #397, .T. ) ;
#43 = PERSON_AND_ORGANIZATION ( #1283, #1137 ) ;
#44 = CIRCLE ( 'NONE', #900, 2.590000000000036717 ) ;
#45 = DIRECTION ( 'NONE',  ( 1.000000000000000000, 0.000000000000000000, 0.000000000000000000 ) ) ;
#46 = VECTOR ( 'NONE', #1068, 1000.000000000000000 ) ;
#47 = CARTESIAN_POINT ( 'NONE',  ( 34.49999999999998579, 0.000000000000000000, 300.0000000000000000 ) ) ;
#48 = ORIENTED_EDGE ( 'NONE', *, *, #1268, .T. ) ;
#49 = CONICAL_SURFACE ( 'NONE', #724, 4.590000000000010516, 0.7853981633974479459 ) ;
#50 = CARTESIAN_POINT ( 'NONE',  ( 276.0000000000000000, 88.00000000000000000, 300.0000000000000000 ) ) ;
#51 = VECTOR ( 'NONE', #286, 1000.000000000000000 ) ;
#52 = ORIENTED_EDGE ( 'NONE', *, *, #768, .T. ) ;
#53 = ADVANCED_FACE ( 'NONE', ( #492 ), #501, .F. ) ;
#54 = SECURITY_CLASSIFICATION_LEVEL ( 'unclassified' ) ;
#55 = DIRECTION ( 'NONE',  ( 0.000000000000000000, 0.000000000000000000, -1.000000000000000000 ) ) ;
#56 = CARTESIAN_POINT ( 'NONE',  ( 278.0000000000000000, 52.00000000000000000, 300.0000000000000000 ) ) ;
#57 = ORIENTED_EDGE ( 'NONE', *, *, #627, .F. ) ;
#58 = DIRECTION ( 'NONE',  ( 0.000000000000000000, -1.000000000000000000, 0.000000000000000000 ) ) ;
#59 = VERTEX_POINT ( 'NONE', #625 ) ;
#60 = EDGE_CURVE ( 'NONE', #621, #679, #383, .T. ) ;
#61 = APPROVAL_ROLE ( '' ) ;
#62 = ADVANCED_FACE ( 'NONE', ( #130 ), #257, .T. ) ;
#63 = LINE ( 'NONE', #1018, #623 ) ;
#64 = DIRECTION ( 'NONE',  ( -1.000000000000000000, 0.000000000000000000, 0.000000000000000000 ) ) ;
#65 = ORIENTED_EDGE ( 'NONE', *, *, #1036, .F. ) ;
#66 = DIRECTION ( 'NONE',  ( 0.000000000000000000, 0.000000000000000000, 1.000000000000000000 ) ) ;
#67 = EDGE_LOOP ( 'NONE', ( #362, #411, #1494, #498 ) ) ;
#68 = FACE_OUTER_BOUND ( 'NONE', #67, .T. ) ;
#69 = ADVANCED_FACE ( 'NONE', ( #1547 ), #615, .F. ) ;
#70 = LINE ( 'NONE', #1139, #848 ) ;
#71 = DIRECTION ( 'NONE',  ( 1.000000000000000000, 0.000000000000000000, -0.000000000000000000 ) ) ;
#72 = VECTOR ( 'NONE', #1352, 1000.000000000000000 ) ;
#73 = VECTOR ( 'NONE', #378, 1000.000000000000000 ) ;
#74 = CARTESIAN_POINT ( 'NONE',  ( -280.0000000000000000, 88.00000000000000000, 300.0000000000000000 ) ) ;
#75 = EDGE_LOOP ( 'NONE', ( #1149 ) ) ;
#76 = VECTOR ( 'NONE', #309, 1000.000000000000000 ) ;
#77 = CARTESIAN_POINT ( 'NONE',  ( -228.0000000000000000, 52.00000000000000000, 300.0000000000000000 ) ) ;
#78 = DIRECTION ( 'NONE',  ( 1.000000000000000000, 0.000000000000000000, 0.000000000000000000 ) ) ;
#79 = DIRECTION ( 'NONE',  ( 0.000000000000000000, 0.000000000000000000, 1.000000000000000000 ) ) ;
#80 = ADVANCED_FACE ( 'NONE', ( #138 ), #734, .T. ) ;
#81 = VERTEX_POINT ( 'NONE', #1329 ) ;
#82 = DIRECTION ( 'NONE',  ( -0.000000000000000000, -0.000000000000000000, -1.000000000000000000 ) ) ;
#83 = ORIENTED_EDGE ( 'NONE', *, *, #936, .T. ) ;
#84 = DIRECTION ( 'NONE',  ( -0.000000000000000000, -0.000000000000000000, -1.000000000000000000 ) ) ;
#85 = CARTESIAN_POINT ( 'NONE',  ( -228.0000000000000000, -6.938893903907228378E-15, 300.0000000000000000 ) ) ;
#86 = DIRECTION ( 'NONE',  ( -1.000000000000000000, 0.000000000000000000, 0.000000000000000000 ) ) ;
#87 = CARTESIAN_POINT ( 'NONE',  ( 125.5000000000000000, 92.00000000000000000, 141.0000000000000000 ) ) ;
#88 = DIRECTION ( 'NONE',  ( -0.000000000000000000, -0.000000000000000000, -1.000000000000000000 ) ) ;
#89 = ORIENTED_EDGE ( 'NONE', *, *, #1366, .F. ) ;
#90 = EDGE_CURVE ( 'NONE', #1451, #1470, #1348, .T. ) ;
#91 = DIRECTION ( 'NONE',  ( -1.000000000000000000, 0.000000000000000000, -0.000000000000000000 ) ) ;
#92 = DIRECTION ( 'NONE',  ( 0.000000000000000000, -0.000000000000000000, -1.000000000000000000 ) ) ;
#93 = VERTEX_POINT ( 'NONE', #19 ) ;
#94 = DIRECTION ( 'NONE',  ( 0.000000000000000000, -0.000000000000000000, -1.000000000000000000 ) ) ;
#95 = AXIS2_PLACEMENT_3D ( 'NONE', #738, #289, #1226 ) ;
#96 = VERTEX_POINT ( 'NONE', #985 ) ;
#97 = VECTOR ( 'NONE', #513, 1000.000000000000000 ) ;
#98 = ADVANCED_FACE ( 'NONE', ( #695 ), #247, .T. ) ;
#99 = VECTOR ( 'NONE', #1097, 1000.000000000000000 ) ;
#100 = LOCAL_TIME ( 9, 53, 12.00000000000000000, #765 ) ;
#101 = CARTESIAN_POINT ( 'NONE',  ( 228.0000000000000000, 52.00000000000000000, 300.0000000000000000 ) ) ;
#102 = DIRECTION ( 'NONE',  ( 0.000000000000000000, 1.000000000000000000, 0.000000000000000000 ) ) ;
#103 = DIRECTION ( 'NONE',  ( 0.000000000000000000, 0.000000000000000000, 1.000000000000000000 ) ) ;
#104 = PLANE ( 'NONE',  #1360 ) ;
#105 = VERTEX_POINT ( 'NONE', #1214 ) ;
#106 = EDGE_CURVE ( 'NONE', #81, #59, #197, .T. ) ;
#107 = DIRECTION ( 'NONE',  ( 0.000000000000000000, 0.000000000000000000, 1.000000000000000000 ) ) ;
#108 = EDGE_CURVE ( 'NONE', #1127, #473, #606, .T. ) ;
#109 = FACE_BOUND ( 'NONE', #940, .T. ) ;
#110 = CARTESIAN_POINT ( 'NONE',  ( 125.5000000000000000, 2.000000000000001776, 141.0000000000000000 ) ) ;
#111 = VERTEX_POINT ( 'NONE', #1195 ) ;
#112 = CARTESIAN_POINT ( 'NONE',  ( 34.50000000000000711, 92.00000000000000000, 141.0000000000000000 ) ) ;
#113 = EDGE_LOOP ( 'NONE', ( #884, #1549, #1512, #153 ) ) ;
#114 = VERTEX_POINT ( 'NONE', #716 ) ;
#115 = CARTESIAN_POINT ( 'NONE',  ( 0.000000000000000000, 0.000000000000000000, 300.0000000000000000 ) ) ;
#116 = EDGE_CURVE ( 'NONE', #28, #779, #438, .T. ) ;
#117 = DIRECTION ( 'NONE',  ( -0.000000000000000000, -0.000000000000000000, -1.000000000000000000 ) ) ;
#118 = VERTEX_POINT ( 'NONE', #670 ) ;
#119 = DIRECTION ( 'NONE',  ( 0.000000000000000000, 0.000000000000000000, -1.000000000000000000 ) ) ;
#120 = AXIS2_PLACEMENT_3D ( 'NONE', #87, #667, #71 ) ;
#121 = VECTOR ( 'NONE', #168, 1000.000000000000000 ) ;
#122 = AXIS2_PLACEMENT_3D ( 'NONE', #687, #323, #1411 ) ;
#123 = DIRECTION ( 'NONE',  ( 1.000000000000000000, -0.000000000000000000, 1.525031627232358630E-16 ) ) ;
#124 = PRODUCT_DEFINITION ( 'UNKNOWN', '', #824, #1177 ) ;
#125 = PLANE ( 'NONE',  #1207 ) ;
#126 = ORIENTED_EDGE ( 'NONE', *, *, #40, .T. ) ;
#127 = DIRECTION ( 'NONE',  ( -1.000000000000000000, 0.000000000000000000, 0.000000000000000000 ) ) ;
#128 = ORIENTED_EDGE ( 'NONE', *, *, #1063, .F. ) ;
#129 = VERTEX_POINT ( 'NONE', #590 ) ;
#130 = FACE_OUTER_BOUND ( 'NONE', #874, .T. ) ;
#131 = DIRECTION ( 'NONE',  ( 0.000000000000000000, 0.000000000000000000, 1.000000000000000000 ) ) ;
#132 = FACE_OUTER_BOUND ( 'NONE', #163, .T. ) ;
#133 = ORIENTED_EDGE ( 'NONE', *, *, #108, .F. ) ;
#134 = CARTESIAN_POINT ( 'NONE',  ( -276.0000000000000000, 88.00000000000000000, 0.000000000000000000 ) ) ;
#135 = ORIENTED_EDGE ( 'NONE', *, *, #886, .F. ) ;
#136 = EDGE_CURVE ( 'NONE', #867, #348, #475, .T. ) ;
#137 = PERSON_AND_ORGANIZATION_ROLE ( 'creator' ) ;
#138 = FACE_OUTER_BOUND ( 'NONE', #786, .T. ) ;
#139 = LINE ( 'NONE', #835, #775 ) ;
#140 = DIRECTION ( 'NONE',  ( -1.000000000000000000, 0.000000000000000000, 0.000000000000000000 ) ) ;
#141 = ORIENTED_EDGE ( 'NONE', *, *, #1380, .T. ) ;
#142 = CARTESIAN_POINT ( 'NONE',  ( 276.0000000000000000, 92.00000000000000000, 0.000000000000000000 ) ) ;
#143 = ORIENTED_EDGE ( 'NONE', *, *, #1553, .T. ) ;
#144 = EDGE_CURVE ( 'NONE', #244, #969, #481, .T. ) ;
#145 = VERTEX_POINT ( 'NONE', #860 ) ;
#146 = VECTOR ( 'NONE', #742, 1000.000000000000000 ) ;
#147 = CARTESIAN_POINT ( 'NONE',  ( 276.0000000000000000, 88.00000000000000000, 0.000000000000000000 ) ) ;
#148 = CIRCLE ( 'NONE', #978, 4.000000000000003553 ) ;
#149 = FACE_OUTER_BOUND ( 'NONE', #582, .T. ) ;
#150 = VECTOR ( 'NONE', #634, 1000.000000000000000 ) ;
#151 = CIRCLE ( 'NONE', #850, 2.000000000000001776 ) ;
#152 = PLANE ( 'NONE',  #1535 ) ;
#153 = ORIENTED_EDGE ( 'NONE', *, *, #463, .F. ) ;
#154 = DIRECTION ( 'NONE',  ( -0.000000000000000000, -0.000000000000000000, -1.000000000000000000 ) ) ;
#155 = ORIENTED_EDGE ( 'NONE', *, *, #532, .F. ) ;
#156 = PERSON_AND_ORGANIZATION ( #1283, #1137 ) ;
#157 = CC_DESIGN_DATE_AND_TIME_ASSIGNMENT ( #663, #877, ( #124 ) ) ;
#158 = FACE_OUTER_BOUND ( 'NONE', #520, .T. ) ;
#159 = EDGE_CURVE ( 'NONE', #1531, #433, #948, .T. ) ;
#160 = CARTESIAN_POINT ( 'NONE',  ( -125.5000000000000000, 92.00000000000000000, 50.00000000000004263 ) ) ;
#161 = ORIENTED_EDGE ( 'NONE', *, *, #505, .T. ) ;
#162 = PLANE ( 'NONE',  #95 ) ;
#163 = EDGE_LOOP ( 'NONE', ( #1490, #1028, #396, #685 ) ) ;
#164 = DIRECTION ( 'NONE',  ( 1.000000000000000000, -0.000000000000000000, 1.525031627232358630E-16 ) ) ;
#165 = PLANE ( 'NONE',  #1386 ) ;
#166 = EDGE_CURVE ( 'NONE', #1167, #1167, #1054, .T. ) ;
#167 = EDGE_LOOP ( 'NONE', ( #758 ) ) ;
#168 = DIRECTION ( 'NONE',  ( -0.000000000000000000, -0.000000000000000000, -1.000000000000000000 ) ) ;
#169 = ORIENTED_EDGE ( 'NONE', *, *, #1459, .T. ) ;
#170 = CALENDAR_DATE ( 2024, 10, 7 ) ;
#171 = CARTESIAN_POINT ( 'NONE',  ( -34.49999999999998579, 2.000000000000000000, 300.0000000000000000 ) ) ;
#172 = AXIS2_PLACEMENT_3D ( 'NONE', #486, #988, #1468 ) ;
#173 = DIRECTION ( 'NONE',  ( 0.000000000000000000, 0.000000000000000000, -1.000000000000000000 ) ) ;
#174 = VECTOR ( 'NONE', #493, 1000.000000000000000 ) ;
#175 = EDGE_LOOP ( 'NONE', ( #1272 ) ) ;
#176 = EDGE_CURVE ( 'NONE', #1047, #1047, #976, .T. ) ;
#177 = APPROVAL_PERSON_ORGANIZATION ( #1017, #293, #1239 ) ;
#178 = LINE ( 'NONE', #1281, #499 ) ;
#179 = VERTEX_POINT ( 'NONE', #203 ) ;
#180 = EDGE_CURVE ( 'NONE', #59, #1443, #588, .T. ) ;
#181 = CARTESIAN_POINT ( 'NONE',  ( -278.0000000000000000, 88.00000000000000000, 0.000000000000000000 ) ) ;
#182 = DIRECTION ( 'NONE',  ( 0.000000000000000000, 0.000000000000000000, 1.000000000000000000 ) ) ;
#183 = ORIENTED_EDGE ( 'NONE', *, *, #994, .F. ) ;
#184 = CARTESIAN_POINT ( 'NONE',  ( 240.0000000000000284, 92.00000000000000000, 300.0000000000000000 ) ) ;
#185 = EDGE_LOOP ( 'NONE', ( #1153, #1039, #212, #319 ) ) ;
#186 = ADVANCED_FACE ( 'NONE', ( #1212, #351, #597 ), #918, .F. ) ;
#187 = CARTESIAN_POINT ( 'NONE',  ( -276.0000000000000000, 88.00000000000000000, 300.0000000000000000 ) ) ;
#188 = DIRECTION ( 'NONE',  ( -0.000000000000000000, -0.000000000000000000, -1.000000000000000000 ) ) ;
#189 = EDGE_LOOP ( 'NONE', ( #394, #303, #959, #1175 ) ) ;
#190 = DIRECTION ( 'NONE',  ( -1.000000000000000000, 0.000000000000000000, 0.000000000000000000 ) ) ;
#191 = EDGE_LOOP ( 'NONE', ( #495, #317, #1371, #832 ) ) ;
#192 = CC_DESIGN_PERSON_AND_ORGANIZATION_ASSIGNMENT ( #156, #523, ( #1262 ) ) ;
#193 = LINE ( 'NONE', #1158, #1509 ) ;
#194 = CARTESIAN_POINT ( 'NONE',  ( 280.0000000000000000, 52.00000000000000000, 300.0000000000000000 ) ) ;
#195 = DIRECTION ( 'NONE',  ( -1.000000000000000000, 0.000000000000000000, 1.525031627232358630E-16 ) ) ;
#196 = ORIENTED_EDGE ( 'NONE', *, *, #1455, .T. ) ;
#197 = CIRCLE ( 'NONE', #950, 2.000000000000001776 ) ;
#198 = CIRCLE ( 'NONE', #1429, 50.00000000000001421 ) ;
#199 = CARTESIAN_POINT ( 'NONE',  ( -34.50000000000000711, 92.00000000000000000, 141.0000000000000000 ) ) ;
#200 = EDGE_LOOP ( 'NONE', ( #1069, #630, #979, #1291 ) ) ;
#201 = AXIS2_PLACEMENT_3D ( 'NONE', #504, #131, #1242 ) ;
#202 =( GEOMETRIC_REPRESENTATION_CONTEXT ( 3 ) GLOBAL_UNCERTAINTY_ASSIGNED_CONTEXT ( ( #873 ) ) GLOBAL_UNIT_ASSIGNED_CONTEXT ( ( #1315, #741, #1229 ) ) REPRESENTATION_CONTEXT ( 'NONE', 'WORKASPACE' ) );
#203 = CARTESIAN_POINT ( 'NONE',  ( 280.0000000000000000, 88.00000000000000000, 0.000000000000000000 ) ) ;
#204 = FACE_BOUND ( 'NONE', #938, .T. ) ;
#205 = LINE ( 'NONE', #338, #1513 ) ;
#206 = EDGE_CURVE ( 'NONE', #1449, #969, #1233, .T. ) ;
#207 = ORIENTED_EDGE ( 'NONE', *, *, #1063, .T. ) ;
#208 = CARTESIAN_POINT ( 'NONE',  ( -228.0000000000000000, 52.00000000000000000, 0.000000000000000000 ) ) ;
#209 = VERTEX_POINT ( 'NONE', #1515 ) ;
#210 = VERTEX_POINT ( 'NONE', #382 ) ;
#211 = LINE ( 'NONE', #1174, #903 ) ;
#212 = ORIENTED_EDGE ( 'NONE', *, *, #90, .F. ) ;
#213 = ADVANCED_FACE ( 'NONE', ( #706 ), #236, .F. ) ;
#214 = CYLINDRICAL_SURFACE ( 'NONE', #1383, 50.00000000000001421 ) ;
#215 = VERTEX_POINT ( 'NONE', #3 ) ;
#216 = LINE ( 'NONE', #1056, #225 ) ;
#217 = PLANE ( 'NONE',  #248 ) ;
#218 = ORIENTED_EDGE ( 'NONE', *, *, #274, .T. ) ;
#219 = CARTESIAN_POINT ( 'NONE',  ( 276.0000000000000000, 90.00000000000000000, 300.0000000000000000 ) ) ;
#220 = VECTOR ( 'NONE', #262, 1000.000000000000000 ) ;
#221 = ORIENTED_EDGE ( 'NONE', *, *, #1227, .F. ) ;
#222 = CC_DESIGN_PERSON_AND_ORGANIZATION_ASSIGNMENT ( #43, #291, ( #824 ) ) ;
#223 = VECTOR ( 'NONE', #1342, 1000.000000000000000 ) ;
#224 = EDGE_CURVE ( 'NONE', #209, #419, #958, .T. ) ;
#225 = VECTOR ( 'NONE', #91, 1000.000000000000000 ) ;
#226 = LINE ( 'NONE', #686, #1010 ) ;
#227 = PLANE ( 'NONE',  #302 ) ;
#228 = DIRECTION ( 'NONE',  ( 0.000000000000000000, 0.000000000000000000, 1.000000000000000000 ) ) ;
#229 = ORIENTED_EDGE ( 'NONE', *, *, #709, .F. ) ;
#230 = CARTESIAN_POINT ( 'NONE',  ( -276.0000000000000000, 92.00000000000000000, 0.000000000000000000 ) ) ;
#231 = ORIENTED_EDGE ( 'NONE', *, *, #1230, .F. ) ;
#232 = EDGE_CURVE ( 'NONE', #210, #210, #1181, .T. ) ;
#233 = LINE ( 'NONE', #1199, #1057 ) ;
#234 = CARTESIAN_POINT ( 'NONE',  ( -34.50000000000000711, 2.000000000000000000, 141.0000000000000000 ) ) ;
#235 = EDGE_LOOP ( 'NONE', ( #910, #231, #1094, #1435 ) ) ;
#236 = PLANE ( 'NONE',  #746 ) ;
#237 = ORIENTED_EDGE ( 'NONE', *, *, #1519, .F. ) ;
#238 = DIRECTION ( 'NONE',  ( 0.000000000000000000, 0.000000000000000000, 1.000000000000000000 ) ) ;
#239 = DIRECTION ( 'NONE',  ( -0.000000000000000000, -0.000000000000000000, -1.000000000000000000 ) ) ;
#240 = CARTESIAN_POINT ( 'NONE',  ( -169.9999999999999716, -1.734723475976807883E-15, 250.0000000000000000 ) ) ;
#241 = VERTEX_POINT ( 'NONE', #430 ) ;
#242 = AXIS2_PLACEMENT_3D ( 'NONE', #858, #127, #866 ) ;
#243 = CARTESIAN_POINT ( 'NONE',  ( 169.9999999999999716, 2.000000000000000000, 49.99999999999998579 ) ) ;
#244 = VERTEX_POINT ( 'NONE', #1437 ) ;
#245 = VECTOR ( 'NONE', #1391, 1000.000000000000000 ) ;
#246 = CALENDAR_DATE ( 2024, 10, 7 ) ;
#247 = PLANE ( 'NONE',  #524 ) ;
#248 = AXIS2_PLACEMENT_3D ( 'NONE', #1058, #1540, #937 ) ;
#249 = DIRECTION ( 'NONE',  ( -0.000000000000000000, -0.000000000000000000, -1.000000000000000000 ) ) ;
#250 = CIRCLE ( 'NONE', #454, 2.589999999999981206 ) ;
#251 = DIRECTION ( 'NONE',  ( -0.000000000000000000, -1.000000000000000000, 0.000000000000000000 ) ) ;
#252 = EDGE_CURVE ( 'NONE', #543, #118, #1550, .T. ) ;
#253 = EDGE_LOOP ( 'NONE', ( #1525, #531, #135, #1022 ) ) ;
#254 = CARTESIAN_POINT ( 'NONE',  ( -125.5000000000000000, 0.000000000000000000, 141.0000000000000000 ) ) ;
#255 = ORIENTED_EDGE ( 'NONE', *, *, #483, .T. ) ;
#256 = VERTEX_POINT ( 'NONE', #265 ) ;
#257 = PLANE ( 'NONE',  #1205 ) ;
#258 = DIRECTION ( 'NONE',  ( 0.000000000000000000, 0.000000000000000000, 1.000000000000000000 ) ) ;
#259 = FACE_OUTER_BOUND ( 'NONE', #923, .T. ) ;
#260 = ORIENTED_EDGE ( 'NONE', *, *, #1053, .T. ) ;
#261 = EDGE_CURVE ( 'NONE', #129, #129, #1453, .T. ) ;
#262 = DIRECTION ( 'NONE',  ( -1.000000000000000000, 0.000000000000000000, 0.000000000000000000 ) ) ;
#263 = ORIENTED_EDGE ( 'NONE', *, *, #789, .F. ) ;
#264 = ADVANCED_BREP_SHAPE_REPRESENTATION ( 'logiBOT_02_AbdeckblechVorne_V1.0', ( #1471, #1186 ), #202 ) ;
#265 = CARTESIAN_POINT ( 'NONE',  ( 169.9999999999999716, 2.000000000000000000, 252.5900000000000318 ) ) ;
#266 = DIRECTION ( 'NONE',  ( 0.000000000000000000, 0.000000000000000000, 1.000000000000000000 ) ) ;
#267 = CARTESIAN_POINT ( 'NONE',  ( 278.0000000000000000, 88.00000000000000000, 300.0000000000000000 ) ) ;
#268 = DIRECTION ( 'NONE',  ( -1.000000000000000000, 0.000000000000000000, 0.000000000000000000 ) ) ;
#269 = ORIENTED_EDGE ( 'NONE', *, *, #377, .F. ) ;
#270 = DIRECTION ( 'NONE',  ( -1.000000000000000000, 0.000000000000000000, 0.000000000000000000 ) ) ;
#271 = ADVANCED_FACE ( 'NONE', ( #831 ), #1401, .T. ) ;
#272 = ORIENTED_EDGE ( 'NONE', *, *, #1180, .T. ) ;
#273 = APPROVAL_DATE_TIME ( #1355, #293 ) ;
#274 = EDGE_CURVE ( 'NONE', #241, #443, #193, .T. ) ;
#275 = VECTOR ( 'NONE', #991, 1000.000000000000000 ) ;
#276 = CARTESIAN_POINT ( 'NONE',  ( -276.0000000000000000, 90.00000000000000000, 300.0000000000000000 ) ) ;
#277 = CIRCLE ( 'NONE', #799, 2.000000000000001776 ) ;
#278 = FACE_OUTER_BOUND ( 'NONE', #618, .T. ) ;
#279 = VECTOR ( 'NONE', #102, 1000.000000000000000 ) ;
#280 = CONICAL_SURFACE ( 'NONE', #905, 4.589999999999982983, 0.7853981633974482790 ) ;
#281 = CARTESIAN_POINT ( 'NONE',  ( 278.0000000000000000, 88.00000000000000000, 0.000000000000000000 ) ) ;
#282 = EDGE_LOOP ( 'NONE', ( #1125 ) ) ;
#283 = CARTESIAN_POINT ( 'NONE',  ( 34.50000000000002132, 0.000000000000000000, 50.00000000000002842 ) ) ;
#284 = EDGE_LOOP ( 'NONE', ( #221, #482, #436, #1298 ) ) ;
#285 = ADVANCED_FACE ( 'NONE', ( #763, #981 ), #18, .F. ) ;
#286 = DIRECTION ( 'NONE',  ( 0.000000000000000000, -0.000000000000000000, 1.000000000000000000 ) ) ;
#287 = LINE ( 'NONE', #316, #350 ) ;
#288 = VERTEX_POINT ( 'NONE', #1337 ) ;
#289 = DIRECTION ( 'NONE',  ( -1.000000000000000000, 0.000000000000000000, 0.000000000000000000 ) ) ;
#290 = ORIENTED_EDGE ( 'NONE', *, *, #252, .F. ) ;
#291 = PERSON_AND_ORGANIZATION_ROLE ( 'design_supplier' ) ;
#292 = CARTESIAN_POINT ( 'NONE',  ( 276.0000000000000000, 92.00000000000000000, 300.0000000000000000 ) ) ;
#293 = APPROVAL ( #773, 'UNSPECIFIED' ) ;
#294 = FACE_OUTER_BOUND ( 'NONE', #1462, .T. ) ;
#295 = VERTEX_POINT ( 'NONE', #1093 ) ;
#296 = FACE_OUTER_BOUND ( 'NONE', #458, .T. ) ;
#297 = ORIENTED_EDGE ( 'NONE', *, *, #627, .T. ) ;
#298 = AXIS2_PLACEMENT_3D ( 'NONE', #530, #58, #660 ) ;
#299 = LINE ( 'NONE', #37, #651 ) ;
#300 = CIRCLE ( 'NONE', #875, 50.00000000000001421 ) ;
#301 = CARTESIAN_POINT ( 'NONE',  ( 0.000000000000000000, 2.000000000000000000, 300.0000000000000000 ) ) ;
#302 = AXIS2_PLACEMENT_3D ( 'NONE', #115, #942, #929 ) ;
#303 = ORIENTED_EDGE ( 'NONE', *, *, #377, .T. ) ;
#304 = CONICAL_SURFACE ( 'NONE', #598, 4.589999999999982983, 0.7853981633974482790 ) ;
#305 = EDGE_CURVE ( 'NONE', #517, #543, #1284, .T. ) ;
#306 = DIRECTION ( 'NONE',  ( -1.000000000000000000, 0.000000000000000000, 0.000000000000000000 ) ) ;
#307 = ORIENTED_EDGE ( 'NONE', *, *, #1065, .F. ) ;
#308 = FACE_OUTER_BOUND ( 'NONE', #1026, .T. ) ;
#309 = DIRECTION ( 'NONE',  ( -0.000000000000000000, -0.000000000000000000, -1.000000000000000000 ) ) ;
#310 = ORIENTED_EDGE ( 'NONE', *, *, #455, .T. ) ;
#311 = DIRECTION ( 'NONE',  ( 1.000000000000000000, 0.000000000000000000, 0.000000000000000000 ) ) ;
#312 = ORIENTED_EDGE ( 'NONE', *, *, #987, .F. ) ;
#313 = APPROVAL ( #647, 'UNSPECIFIED' ) ;
#314 = DIRECTION ( 'NONE',  ( -1.000000000000000000, 0.000000000000000000, 1.525031627232358630E-16 ) ) ;
#315 = FACE_OUTER_BOUND ( 'NONE', #75, .T. ) ;
#316 = CARTESIAN_POINT ( 'NONE',  ( 0.000000000000000000, 0.000000000000000000, 0.000000000000000000 ) ) ;
#317 = ORIENTED_EDGE ( 'NONE', *, *, #1366, .T. ) ;
#318 = DIRECTION ( 'NONE',  ( -0.000000000000000000, -0.000000000000000000, -1.000000000000000000 ) ) ;
#319 = ORIENTED_EDGE ( 'NONE', *, *, #997, .T. ) ;
#320 = ADVANCED_FACE ( 'NONE', ( #15 ), #631, .T. ) ;
#321 = DIRECTION ( 'NONE',  ( -0.000000000000000000, -0.000000000000000000, -1.000000000000000000 ) ) ;
#322 = LINE ( 'NONE', #681, #1433 ) ;
#323 = DIRECTION ( 'NONE',  ( 0.000000000000000000, 0.000000000000000000, 1.000000000000000000 ) ) ;
#324 = ORIENTED_EDGE ( 'NONE', *, *, #1190, .T. ) ;
#325 = AXIS2_PLACEMENT_3D ( 'NONE', #1040, #467, #1394 ) ;
#326 = AXIS2_PLACEMENT_3D ( 'NONE', #465, #1193, #698 ) ;
#327 = DIRECTION ( 'NONE',  ( 0.000000000000000000, -1.000000000000000000, -0.000000000000000000 ) ) ;
#328 = ORIENTED_EDGE ( 'NONE', *, *, #176, .T. ) ;
#329 = VECTOR ( 'NONE', #1019, 1000.000000000000000 ) ;
#330 = AXIS2_PLACEMENT_3D ( 'NONE', #583, #1064, #811 ) ;
#331 = DIRECTION ( 'NONE',  ( 0.000000000000000000, 1.000000000000000000, 0.000000000000000000 ) ) ;
#332 = EDGE_CURVE ( 'NONE', #256, #256, #44, .T. ) ;
#333 = DIRECTION ( 'NONE',  ( 0.000000000000000000, 0.000000000000000000, 1.000000000000000000 ) ) ;
#334 = ORIENTED_EDGE ( 'NONE', *, *, #40, .F. ) ;
#335 = CARTESIAN_POINT ( 'NONE',  ( -280.0000000000000000, 52.00000000000000000, 300.0000000000000000 ) ) ;
#336 = ORIENTED_EDGE ( 'NONE', *, *, #987, .T. ) ;
#337 = FACE_OUTER_BOUND ( 'NONE', #1418, .T. ) ;
#338 = CARTESIAN_POINT ( 'NONE',  ( 278.0000000000000000, 88.00000000000000000, 0.000000000000000000 ) ) ;
#339 = ADVANCED_FACE ( 'NONE', ( #497 ), #389, .T. ) ;
#340 = EDGE_LOOP ( 'NONE', ( #1060, #1324, #558, #297 ) ) ;
#341 = CARTESIAN_POINT ( 'NONE',  ( -278.0000000000000000, 52.00000000000000000, 300.0000000000000000 ) ) ;
#342 = EDGE_CURVE ( 'NONE', #725, #1534, #1480, .T. ) ;
#343 = ORIENTED_EDGE ( 'NONE', *, *, #886, .T. ) ;
#344 = CARTESIAN_POINT ( 'NONE',  ( 280.0000000000000000, 92.00000000000000000, 300.0000000000000000 ) ) ;
#345 = PLANE ( 'NONE',  #352 ) ;
#346 = DIRECTION ( 'NONE',  ( 1.000000000000000000, 0.000000000000000000, -0.000000000000000000 ) ) ;
#347 = AXIS2_PLACEMENT_3D ( 'NONE', #243, #1166, #1032 ) ;
#348 = VERTEX_POINT ( 'NONE', #603 ) ;
#349 = EDGE_CURVE ( 'NONE', #1235, #419, #1004, .T. ) ;
#350 = VECTOR ( 'NONE', #1368, 1000.000000000000000 ) ;
#351 = FACE_BOUND ( 'NONE', #1020, .T. ) ;
#352 = AXIS2_PLACEMENT_3D ( 'NONE', #682, #1168, #86 ) ;
#353 = AXIS2_PLACEMENT_3D ( 'NONE', #1071, #445, #78 ) ;
#354 = CARTESIAN_POINT ( 'NONE',  ( 125.5000000000000000, 92.00000000000000000, 141.0000000000000000 ) ) ;
#355 = CARTESIAN_POINT ( 'NONE',  ( -258.0000000000000000, 90.00000000000000000, 250.0000000000000000 ) ) ;
#356 = DIRECTION ( 'NONE',  ( 1.000000000000000000, 0.000000000000000000, -0.000000000000000000 ) ) ;
#357 = ORIENTED_EDGE ( 'NONE', *, *, #584, .F. ) ;
#358 = DIRECTION ( 'NONE',  ( 0.000000000000000000, -1.000000000000000000, 0.000000000000000000 ) ) ;
#359 = EDGE_LOOP ( 'NONE', ( #1260, #39, #804, #218 ) ) ;
#360 = LINE ( 'NONE', #376, #953 ) ;
#361 = CARTESIAN_POINT ( 'NONE',  ( 0.000000000000000000, 0.000000000000000000, 300.0000000000000000 ) ) ;
#362 = ORIENTED_EDGE ( 'NONE', *, *, #708, .T. ) ;
#363 = DIRECTION ( 'NONE',  ( 1.000000000000000000, 0.000000000000000000, 0.000000000000000000 ) ) ;
#364 = DIRECTION ( 'NONE',  ( 0.000000000000000000, 1.000000000000000000, 0.000000000000000000 ) ) ;
#365 = ADVANCED_FACE ( 'NONE', ( #998 ), #162, .F. ) ;
#366 = PLANE ( 'NONE',  #1362 ) ;
#367 = DIRECTION ( 'NONE',  ( 0.000000000000000000, 0.000000000000000000, 1.000000000000000000 ) ) ;
#368 = ORIENTED_EDGE ( 'NONE', *, *, #1150, .F. ) ;
#369 = AXIS2_PLACEMENT_3D ( 'NONE', #1287, #1325, #119 ) ;
#370 = FACE_OUTER_BOUND ( 'NONE', #688, .T. ) ;
#371 = EDGE_LOOP ( 'NONE', ( #897, #737, #452, #1397 ) ) ;
#372 = CIRCLE ( 'NONE', #1132, 4.590000000000010516 ) ;
#373 = PERSON_AND_ORGANIZATION ( #1283, #1137 ) ;
#374 = DIRECTION ( 'NONE',  ( 1.000000000000000000, 0.000000000000000000, 0.000000000000000000 ) ) ;
#375 = CIRCLE ( 'NONE', #353, 52.00000000000002132 ) ;
#376 = CARTESIAN_POINT ( 'NONE',  ( -278.0000000000000000, 52.00000000000000000, 300.0000000000000000 ) ) ;
#377 = EDGE_CURVE ( 'NONE', #448, #16, #1219, .T. ) ;
#378 = DIRECTION ( 'NONE',  ( 0.000000000000000000, 1.000000000000000000, 0.000000000000000000 ) ) ;
#379 = ORIENTED_EDGE ( 'NONE', *, *, #332, .T. ) ;
#380 = DIRECTION ( 'NONE',  ( 0.000000000000000000, -1.000000000000000000, 0.000000000000000000 ) ) ;
#381 = EDGE_LOOP ( 'NONE', ( #1178, #1225, #324, #722 ) ) ;
#382 = CARTESIAN_POINT ( 'NONE',  ( 258.0000000000000000, 92.00000000000000000, 254.5899999999999750 ) ) ;
#383 = LINE ( 'NONE', #511, #1382 ) ;
#384 = DIRECTION ( 'NONE',  ( -0.000000000000000000, 1.000000000000000000, 0.000000000000000000 ) ) ;
#385 = EDGE_CURVE ( 'NONE', #93, #1404, #9, .T. ) ;
#386 = CARTESIAN_POINT ( 'NONE',  ( -280.0000000000000000, 52.00000000000000000, 0.000000000000000000 ) ) ;
#387 = ORIENTED_EDGE ( 'NONE', *, *, #1507, .T. ) ;
#388 = ADVANCED_FACE ( 'NONE', ( #1126 ), #1119, .T. ) ;
#389 = PLANE ( 'NONE',  #242 ) ;
#390 = EDGE_LOOP ( 'NONE', ( #141, #537, #1274, #1250 ) ) ;
#391 = LINE ( 'NONE', #11, #275 ) ;
#392 = DIRECTION ( 'NONE',  ( 1.000000000000000000, 0.000000000000000000, 0.000000000000000000 ) ) ;
#393 = DIRECTION ( 'NONE',  ( 0.000000000000000000, 1.000000000000000000, 0.000000000000000000 ) ) ;
#394 = ORIENTED_EDGE ( 'NONE', *, *, #1276, .F. ) ;
#395 = DIRECTION ( 'NONE',  ( -0.000000000000000000, -0.000000000000000000, -1.000000000000000000 ) ) ;
#396 = ORIENTED_EDGE ( 'NONE', *, *, #1124, .T. ) ;
#397 = EDGE_CURVE ( 'NONE', #621, #793, #1237, .T. ) ;
#398 = DATE_AND_TIME ( #633, #1460 ) ;
#399 = AXIS2_PLACEMENT_3D ( 'NONE', #838, #790, #1522 ) ;
#400 = VECTOR ( 'NONE', #94, 1000.000000000000000 ) ;
#401 = DIRECTION ( 'NONE',  ( 0.000000000000000000, 0.000000000000000000, 1.000000000000000000 ) ) ;
#402 = VECTOR ( 'NONE', #986, 1000.000000000000000 ) ;
#403 = AXIS2_PLACEMENT_3D ( 'NONE', #641, #650, #1395 ) ;
#404 = DIRECTION ( 'NONE',  ( 1.000000000000000000, 0.000000000000000000, 0.000000000000000000 ) ) ;
#405 = VERTEX_POINT ( 'NONE', #283 ) ;
#406 = CARTESIAN_POINT ( 'NONE',  ( 169.9999999999999716, 2.000000000000000000, 250.0000000000000000 ) ) ;
#407 = ORIENTED_EDGE ( 'NONE', *, *, #611, .T. ) ;
#408 = CC_DESIGN_PERSON_AND_ORGANIZATION_ASSIGNMENT ( #373, #1465, ( #1050 ) ) ;
#409 = LINE ( 'NONE', #1253, #1034 ) ;
#410 = DIRECTION ( 'NONE',  ( 0.000000000000000000, -0.000000000000000000, 1.000000000000000000 ) ) ;
#411 = ORIENTED_EDGE ( 'NONE', *, *, #664, .F. ) ;
#412 = DIRECTION ( 'NONE',  ( 0.000000000000000000, -1.000000000000000000, -0.000000000000000000 ) ) ;
#413 = ORIENTED_EDGE ( 'NONE', *, *, #823, .T. ) ;
#414 = CYLINDRICAL_SURFACE ( 'NONE', #403, 50.00000000000001421 ) ;
#415 = ADVANCED_FACE ( 'NONE', ( #508 ), #990, .T. ) ;
#416 = FACE_BOUND ( 'NONE', #1052, .T. ) ;
#417 = EDGE_LOOP ( 'NONE', ( #1213, #1002, #387, #161 ) ) ;
#418 = CARTESIAN_POINT ( 'NONE',  ( -276.0000000000000000, 90.00000000000000000, 300.0000000000000000 ) ) ;
#419 = VERTEX_POINT ( 'NONE', #872 ) ;
#420 = AXIS2_PLACEMENT_3D ( 'NONE', #74, #66, #190 ) ;
#421 = CYLINDRICAL_SURFACE ( 'NONE', #879, 2.000000000000001776 ) ;
#422 = AXIS2_PLACEMENT_3D ( 'NONE', #881, #182, #64 ) ;
#423 = PLANE ( 'NONE',  #675 ) ;
#424 = ADVANCED_FACE ( 'NONE', ( #370 ), #41, .T. ) ;
#425 = CIRCLE ( 'NONE', #1487, 4.589999999999982983 ) ;
#426 = ORIENTED_EDGE ( 'NONE', *, *, #974, .F. ) ;
#427 = CIRCLE ( 'NONE', #1514, 2.590000000000008740 ) ;
#428 = PLANE ( 'NONE',  #420 ) ;
#429 = ORIENTED_EDGE ( 'NONE', *, *, #783, .F. ) ;
#430 = CARTESIAN_POINT ( 'NONE',  ( 228.0000000000000000, 1.999999999999994893, 300.0000000000000000 ) ) ;
#431 = FACE_BOUND ( 'NONE', #167, .T. ) ;
#432 = LINE ( 'NONE', #47, #930 ) ;
#433 = VERTEX_POINT ( 'NONE', #254 ) ;
#434 = ADVANCED_FACE ( 'NONE', ( #733 ), #610, .F. ) ;
#435 = DIRECTION ( 'NONE',  ( 0.000000000000000000, 0.000000000000000000, -1.000000000000000000 ) ) ;
#436 = ORIENTED_EDGE ( 'NONE', *, *, #206, .T. ) ;
#437 = ADVANCED_FACE ( 'NONE', ( #787, #1148, #1141 ), #1133, .T. ) ;
#438 = LINE ( 'NONE', #713, #619 ) ;
#439 = CARTESIAN_POINT ( 'NONE',  ( 278.0000000000000000, 52.00000000000000000, 0.000000000000000000 ) ) ;
#440 = LINE ( 'NONE', #447, #574 ) ;
#441 = EDGE_LOOP ( 'NONE', ( #1196 ) ) ;
#442 = CARTESIAN_POINT ( 'NONE',  ( -280.0000000000000000, 88.00000000000000000, 0.000000000000000000 ) ) ;
#443 = VERTEX_POINT ( 'NONE', #1511 ) ;
#444 = ADVANCED_FACE ( 'NONE', ( #770 ), #428, .T. ) ;
#445 = DIRECTION ( 'NONE',  ( 0.000000000000000000, 0.000000000000000000, 1.000000000000000000 ) ) ;
#446 = VECTOR ( 'NONE', #363, 1000.000000000000000 ) ;
#447 = CARTESIAN_POINT ( 'NONE',  ( 278.0000000000000000, 52.00000000000000000, 300.0000000000000000 ) ) ;
#448 = VERTEX_POINT ( 'NONE', #794 ) ;
#449 = VECTOR ( 'NONE', #855, 1000.000000000000000 ) ;
#450 = CIRCLE ( 'NONE', #1236, 4.589999999999982983 ) ;
#451 = DIRECTION ( 'NONE',  ( -1.000000000000000000, 0.000000000000000000, 0.000000000000000000 ) ) ;
#452 = ORIENTED_EDGE ( 'NONE', *, *, #1162, .F. ) ;
#453 = LOCAL_TIME ( 9, 53, 12.00000000000000000, #852 ) ;
#454 = AXIS2_PLACEMENT_3D ( 'NONE', #1138, #1122, #55 ) ;
#455 = EDGE_CURVE ( 'NONE', #947, #1451, #1273, .T. ) ;
#456 = DIRECTION ( 'NONE',  ( 0.000000000000000000, -1.000000000000000000, 0.000000000000000000 ) ) ;
#457 = FACE_BOUND ( 'NONE', #441, .T. ) ;
#458 = EDGE_LOOP ( 'NONE', ( #714, #1500, #541, #561 ) ) ;
#459 = CARTESIAN_POINT ( 'NONE',  ( 228.0000000000000000, 52.00000000000000000, 300.0000000000000000 ) ) ;
#460 = ORIENTED_EDGE ( 'NONE', *, *, #1073, .F. ) ;
#461 = LINE ( 'NONE', #1307, #626 ) ;
#462 = CARTESIAN_POINT ( 'NONE',  ( -169.9999999999999716, -1.734723475976807883E-15, 49.99999999999998579 ) ) ;
#463 = EDGE_CURVE ( 'NONE', #1155, #661, #277, .T. ) ;
#464 = CARTESIAN_POINT ( 'NONE',  ( -34.50000000000000711, 92.00000000000000000, 141.0000000000000000 ) ) ;
#465 = CARTESIAN_POINT ( 'NONE',  ( 228.0000000000000000, 52.00000000000000000, 300.0000000000000000 ) ) ;
#466 = ORIENTED_EDGE ( 'NONE', *, *, #463, .T. ) ;
#467 = DIRECTION ( 'NONE',  ( -0.000000000000000000, 1.000000000000000000, -0.000000000000000000 ) ) ;
#468 = DIRECTION ( 'NONE',  ( -0.000000000000000000, -0.000000000000000000, -1.000000000000000000 ) ) ;
#469 = FACE_BOUND ( 'NONE', #808, .T. ) ;
#470 = APPROVAL ( #5, 'UNSPECIFIED' ) ;
#471 = CARTESIAN_POINT ( 'NONE',  ( -278.0000000000000000, 52.00000000000000000, 300.0000000000000000 ) ) ;
#472 = VECTOR ( 'NONE', #1370, 1000.000000000000000 ) ;
#473 = VERTEX_POINT ( 'NONE', #536 ) ;
#474 = AXIS2_PLACEMENT_3D ( 'NONE', #471, #356, #581 ) ;
#475 = LINE ( 'NONE', #1427, #446 ) ;
#476 = CIRCLE ( 'NONE', #1333, 52.00000000000002132 ) ;
#477 = APPROVAL_PERSON_ORGANIZATION ( #1320, #470, #840 ) ;
#478 = CARTESIAN_POINT ( 'NONE',  ( -276.0000000000000000, 88.00000000000000000, 300.0000000000000000 ) ) ;
#479 = DIRECTION ( 'NONE',  ( -0.000000000000000000, 0.000000000000000000, -1.000000000000000000 ) ) ;
#480 = EDGE_LOOP ( 'NONE', ( #1414, #864, #1142, #128 ) ) ;
#481 = LINE ( 'NONE', #796, #1029 ) ;
#482 = ORIENTED_EDGE ( 'NONE', *, *, #502, .F. ) ;
#483 = EDGE_CURVE ( 'NONE', #1452, #1452, #372, .T. ) ;
#484 = CARTESIAN_POINT ( 'NONE',  ( 258.0000000000000000, 92.00000000000000000, 54.58999999999997499 ) ) ;
#485 = CYLINDRICAL_SURFACE ( 'NONE', #1286, 4.000000000000003553 ) ;
#486 = CARTESIAN_POINT ( 'NONE',  ( -125.5000000000000000, 92.00000000000000000, 141.0000000000000000 ) ) ;
#487 = ORIENTED_EDGE ( 'NONE', *, *, #1095, .T. ) ;
#488 = DIRECTION ( 'NONE',  ( -0.000000000000000000, 0.000000000000000000, -1.000000000000000000 ) ) ;
#489 = EDGE_LOOP ( 'NONE', ( #52 ) ) ;
#490 = EDGE_CURVE ( 'NONE', #16, #433, #178, .T. ) ;
#491 = CARTESIAN_POINT ( 'NONE',  ( -258.0000000000000000, 90.00000000000000000, 247.4100000000000250 ) ) ;
#492 = FACE_OUTER_BOUND ( 'NONE', #253, .T. ) ;
#493 = DIRECTION ( 'NONE',  ( -1.000000000000000000, 0.000000000000000000, 0.000000000000000000 ) ) ;
#494 = LINE ( 'NONE', #361, #449 ) ;
#495 = ORIENTED_EDGE ( 'NONE', *, *, #1469, .T. ) ;
#496 = AXIS2_PLACEMENT_3D ( 'NONE', #27, #1100, #1363 ) ;
#497 = FACE_OUTER_BOUND ( 'NONE', #1381, .T. ) ;
#498 = ORIENTED_EDGE ( 'NONE', *, *, #1114, .T. ) ;
#499 = VECTOR ( 'NONE', #1398, 1000.000000000000000 ) ;
#500 = CONICAL_SURFACE ( 'NONE', #1157, 4.590000000000010516, 0.7853981633974479459 ) ;
#501 = PLANE ( 'NONE',  #1428 ) ;
#502 = EDGE_CURVE ( 'NONE', #1449, #1404, #1376, .T. ) ;
#503 = AXIS2_PLACEMENT_3D ( 'NONE', #791, #1023, #45 ) ;
#504 = CARTESIAN_POINT ( 'NONE',  ( 276.0000000000000000, 88.00000000000000000, 300.0000000000000000 ) ) ;
#505 = EDGE_CURVE ( 'NONE', #1165, #1443, #1384, .T. ) ;
#506 = PLANE ( 'NONE',  #172 ) ;
#507 = ORIENTED_EDGE ( 'NONE', *, *, #1065, .T. ) ;
#508 = FACE_OUTER_BOUND ( 'NONE', #1201, .T. ) ;
#509 = ORIENTED_EDGE ( 'NONE', *, *, #159, .T. ) ;
#510 = APPLICATION_PROTOCOL_DEFINITION ( 'international standard', 'config_control_design', 1994, #715 ) ;
#511 = CARTESIAN_POINT ( 'NONE',  ( 0.000000000000000000, 2.000000000000000000, 141.0000000000000000 ) ) ;
#512 = LINE ( 'NONE', #843, #1431 ) ;
#513 = DIRECTION ( 'NONE',  ( 0.000000000000000000, 1.000000000000000000, 0.000000000000000000 ) ) ;
#514 = EDGE_CURVE ( 'NONE', #661, #59, #560, .T. ) ;
#515 = EDGE_LOOP ( 'NONE', ( #637, #683, #764, #155 ) ) ;
#516 = CARTESIAN_POINT ( 'NONE',  ( 280.0000000000000000, 52.00000000000000000, 0.000000000000000000 ) ) ;
#517 = VERTEX_POINT ( 'NONE', #442 ) ;
#518 = DIRECTION ( 'NONE',  ( 1.525031627232358137E-16, 0.000000000000000000, 1.000000000000000000 ) ) ;
#519 = CARTESIAN_POINT ( 'NONE',  ( 240.0000000000000284, 90.00000000000000000, 300.0000000000000000 ) ) ;
#520 = EDGE_LOOP ( 'NONE', ( #1556, #65, #89, #676 ) ) ;
#521 = CARTESIAN_POINT ( 'NONE',  ( 278.0000000000000000, 52.00000000000000000, 300.0000000000000000 ) ) ;
#522 = ORIENTED_EDGE ( 'NONE', *, *, #1538, .F. ) ;
#523 = PERSON_AND_ORGANIZATION_ROLE ( 'classification_officer' ) ;
#524 = AXIS2_PLACEMENT_3D ( 'NONE', #728, #30, #1466 ) ;
#525 = VECTOR ( 'NONE', #898, 1000.000000000000000 ) ;
#526 = FACE_BOUND ( 'NONE', #1478, .T. ) ;
#527 = AXIS2_PLACEMENT_3D ( 'NONE', #913, #792, #1279 ) ;
#528 = LINE ( 'NONE', #1012, #697 ) ;
#529 = EDGE_LOOP ( 'NONE', ( #1438, #601, #587, #1486 ) ) ;
#530 = CARTESIAN_POINT ( 'NONE',  ( 280.0000000000000000, 90.00000000000000000, 300.0000000000000000 ) ) ;
#531 = ORIENTED_EDGE ( 'NONE', *, *, #826, .T. ) ;
#532 = EDGE_CURVE ( 'NONE', #612, #1531, #1495, .T. ) ;
#533 = FACE_BOUND ( 'NONE', #489, .T. ) ;
#534 = LINE ( 'NONE', #301, #329 ) ;
#535 = EDGE_LOOP ( 'NONE', ( #1303, #1189, #509, #857 ) ) ;
#536 = CARTESIAN_POINT ( 'NONE',  ( -240.0000000000000284, 90.00000000000000000, 0.000000000000000000 ) ) ;
#537 = ORIENTED_EDGE ( 'NONE', *, *, #994, .T. ) ;
#538 = EDGE_CURVE ( 'NONE', #34, #867, #890, .T. ) ;
#539 = CARTESIAN_POINT ( 'NONE',  ( 125.5000000000000000, 92.00000000000000000, 50.00000000000004263 ) ) ;
#540 = CARTESIAN_POINT ( 'NONE',  ( -125.5000000000000000, 92.00000000000000000, 141.0000000000000000 ) ) ;
#541 = ORIENTED_EDGE ( 'NONE', *, *, #826, .F. ) ;
#542 = LINE ( 'NONE', #1027, #121 ) ;
#543 = VERTEX_POINT ( 'NONE', #678 ) ;
#544 = DIRECTION ( 'NONE',  ( -1.000000000000000000, 0.000000000000000000, 0.000000000000000000 ) ) ;
#545 = DIRECTION ( 'NONE',  ( 0.000000000000000000, -0.000000000000000000, -1.000000000000000000 ) ) ;
#546 = EDGE_CURVE ( 'NONE', #288, #244, #198, .T. ) ;
#547 = CIRCLE ( 'NONE', #596, 4.589999999999982983 ) ;
#548 = DIRECTION ( 'NONE',  ( -1.525031627232358630E-16, 0.000000000000000000, 1.000000000000000000 ) ) ;
#549 = VECTOR ( 'NONE', #1524, 1000.000000000000000 ) ;
#550 = ADVANCED_FACE ( 'NONE', ( #1164, #922 ), #928, .F. ) ;
#551 = CARTESIAN_POINT ( 'NONE',  ( -280.0000000000000000, 52.00000000000000000, 0.000000000000000000 ) ) ;
#552 = CONICAL_SURFACE ( 'NONE', #726, 4.589999999999982983, 0.7853981633974482790 ) ;
#553 = CARTESIAN_POINT ( 'NONE',  ( 240.0000000000000284, 90.00000000000000000, 300.0000000000000000 ) ) ;
#554 = EDGE_LOOP ( 'NONE', ( #1246, #126, #839, #595 ) ) ;
#555 = DIRECTION ( 'NONE',  ( 0.000000000000000000, 1.000000000000000000, 0.000000000000000000 ) ) ;
#556 = FACE_BOUND ( 'NONE', #1502, .T. ) ;
#557 = DIRECTION ( 'NONE',  ( -1.525031627232358137E-16, 0.000000000000000000, 1.000000000000000000 ) ) ;
#558 = ORIENTED_EDGE ( 'NONE', *, *, #1170, .T. ) ;
#559 = EDGE_CURVE ( 'NONE', #443, #1534, #300, .T. ) ;
#560 = LINE ( 'NONE', #1044, #245 ) ;
#561 = ORIENTED_EDGE ( 'NONE', *, *, #559, .T. ) ;
#562 = DIRECTION ( 'NONE',  ( -1.525031627232358137E-16, 0.000000000000000000, 1.000000000000000000 ) ) ;
#563 = CARTESIAN_POINT ( 'NONE',  ( 169.9999999999999716, -1.734723475976807883E-15, 45.40999999999997527 ) ) ;
#564 = FACE_BOUND ( 'NONE', #1211, .T. ) ;
#565 = VERTEX_POINT ( 'NONE', #184 ) ;
#566 = FACE_OUTER_BOUND ( 'NONE', #1075, .T. ) ;
#567 = ORIENTED_EDGE ( 'NONE', *, *, #568, .F. ) ;
#568 = EDGE_CURVE ( 'NONE', #111, #215, #542, .T. ) ;
#569 = CARTESIAN_POINT ( 'NONE',  ( 240.0000000000000284, 92.00000000000000000, 300.0000000000000000 ) ) ;
#570 = AXIS2_PLACEMENT_3D ( 'NONE', #134, #154, #270 ) ;
#571 = FACE_OUTER_BOUND ( 'NONE', #113, .T. ) ;
#572 = ORIENTED_EDGE ( 'NONE', *, *, #206, .F. ) ;
#573 = VECTOR ( 'NONE', #720, 1000.000000000000000 ) ;
#574 = VECTOR ( 'NONE', #1290, 1000.000000000000000 ) ;
#575 = CARTESIAN_POINT ( 'NONE',  ( -280.0000000000000000, 90.00000000000000000, 0.000000000000000000 ) ) ;
#576 = ORIENTED_EDGE ( 'NONE', *, *, #1179, .T. ) ;
#577 = ADVANCED_FACE ( 'NONE', ( #296 ), #654, .T. ) ;
#578 = LINE ( 'NONE', #569, #1059 ) ;
#579 = CARTESIAN_POINT ( 'NONE',  ( -240.0000000000000284, 90.00000000000000000, 300.0000000000000000 ) ) ;
#580 = CARTESIAN_POINT ( 'NONE',  ( 228.0000000000000000, -6.938893903907228378E-15, 300.0000000000000000 ) ) ;
#581 = DIRECTION ( 'NONE',  ( 0.000000000000000000, 0.000000000000000000, 1.000000000000000000 ) ) ;
#582 = EDGE_LOOP ( 'NONE', ( #1244, #859, #632, #572 ) ) ;
#583 = CARTESIAN_POINT ( 'NONE',  ( 0.000000000000000000, 2.000000000000000000, 300.0000000000000000 ) ) ;
#584 = EDGE_CURVE ( 'NONE', #96, #59, #1434, .T. ) ;
#585 = FACE_BOUND ( 'NONE', #235, .T. ) ;
#586 = CARTESIAN_POINT ( 'NONE',  ( 276.0000000000000000, 92.00000000000000000, 0.000000000000000000 ) ) ;
#587 = ORIENTED_EDGE ( 'NONE', *, *, #32, .F. ) ;
#588 = LINE ( 'NONE', #1202, #1003 ) ;
#589 = ORIENTED_EDGE ( 'NONE', *, *, #656, .F. ) ;
#590 = CARTESIAN_POINT ( 'NONE',  ( 258.0000000000000000, 90.00000000000000000, 247.4100000000000250 ) ) ;
#591 = LINE ( 'NONE', #1206, #23 ) ;
#592 = CARTESIAN_POINT ( 'NONE',  ( -240.0000000000000284, 90.00000000000000000, 300.0000000000000000 ) ) ;
#593 = ADVANCED_FACE ( 'NONE', ( #1548 ), #214, .F. ) ;
#594 = VECTOR ( 'NONE', #1110, 1000.000000000000000 ) ;
#595 = ORIENTED_EDGE ( 'NONE', *, *, #730, .F. ) ;
#596 = AXIS2_PLACEMENT_3D ( 'NONE', #1532, #1413, #933 ) ;
#597 = FACE_OUTER_BOUND ( 'NONE', #1312, .T. ) ;
#598 = AXIS2_PLACEMENT_3D ( 'NONE', #1387, #766, #1129 ) ;
#599 = DIRECTION ( 'NONE',  ( 0.000000000000000000, 0.000000000000000000, -1.000000000000000000 ) ) ;
#600 = LINE ( 'NONE', #995, #902 ) ;
#601 = ORIENTED_EDGE ( 'NONE', *, *, #823, .F. ) ;
#602 = EDGE_CURVE ( 'NONE', #118, #473, #684, .T. ) ;
#603 = CARTESIAN_POINT ( 'NONE',  ( -240.0000000000000284, 92.00000000000000000, 300.0000000000000000 ) ) ;
#604 = EDGE_LOOP ( 'NONE', ( #1238 ) ) ;
#605 = APPROVAL_DATE_TIME ( #727, #470 ) ;
#606 = LINE ( 'NONE', #1356, #1156 ) ;
#607 = LINE ( 'NONE', #12, #402 ) ;
#608 = DIRECTION ( 'NONE',  ( -0.000000000000000000, -0.000000000000000000, -1.000000000000000000 ) ) ;
#609 = ORIENTED_EDGE ( 'NONE', *, *, #1180, .F. ) ;
#610 = CYLINDRICAL_SURFACE ( 'NONE', #1105, 2.000000000000001776 ) ;
#611 = EDGE_CURVE ( 'NONE', #241, #947, #1306, .T. ) ;
#612 = VERTEX_POINT ( 'NONE', #234 ) ;
#613 = VERTEX_POINT ( 'NONE', #1221 ) ;
#614 = EDGE_CURVE ( 'NONE', #96, #756, #939, .T. ) ;
#615 = PLANE ( 'NONE',  #818 ) ;
#616 = DIRECTION ( 'NONE',  ( 1.000000000000000000, 0.000000000000000000, -0.000000000000000000 ) ) ;
#617 = PLANE ( 'NONE',  #774 ) ;
#618 = EDGE_LOOP ( 'NONE', ( #1015, #1508, #802, #1369 ) ) ;
#619 = VECTOR ( 'NONE', #314, 1000.000000000000000 ) ;
#620 = DIRECTION ( 'NONE',  ( -1.000000000000000000, 0.000000000000000000, 0.000000000000000000 ) ) ;
#621 = VERTEX_POINT ( 'NONE', #704 ) ;
#622 = AXIS2_PLACEMENT_3D ( 'NONE', #744, #608, #25 ) ;
#623 = VECTOR ( 'NONE', #1516, 1000.000000000000000 ) ;
#624 = CARTESIAN_POINT ( 'NONE',  ( -169.9999999999999716, -1.734723475976807883E-15, 245.4099999999999966 ) ) ;
#625 = CARTESIAN_POINT ( 'NONE',  ( 276.0000000000000000, 90.00000000000000000, 0.000000000000000000 ) ) ;
#626 = VECTOR ( 'NONE', #935, 1000.000000000000000 ) ;
#627 = EDGE_CURVE ( 'NONE', #1127, #348, #954, .T. ) ;
#628 = CARTESIAN_POINT ( 'NONE',  ( 34.50000000000002132, 92.00000000000000000, 50.00000000000002842 ) ) ;
#629 = CARTESIAN_POINT ( 'NONE',  ( 34.50000000000000711, 0.000000000000000000, 141.0000000000000000 ) ) ;
#630 = ORIENTED_EDGE ( 'NONE', *, *, #584, .T. ) ;
#631 = PLANE ( 'NONE',  #844 ) ;
#632 = ORIENTED_EDGE ( 'NONE', *, *, #144, .T. ) ;
#633 = CALENDAR_DATE ( 2024, 10, 7 ) ;
#634 = DIRECTION ( 'NONE',  ( -0.000000000000000000, -1.000000000000000000, -0.000000000000000000 ) ) ;
#635 = PRODUCT_RELATED_PRODUCT_CATEGORY ( 'detail', '', ( #1050 ) ) ;
#636 = FACE_OUTER_BOUND ( 'NONE', #795, .T. ) ;
#637 = ORIENTED_EDGE ( 'NONE', *, *, #1344, .F. ) ;
#638 = CARTESIAN_POINT ( 'NONE',  ( -125.5000000000000000, 2.000000000000000000, 300.0000000000000000 ) ) ;
#639 = ORIENTED_EDGE ( 'NONE', *, *, #514, .T. ) ;
#640 = CALENDAR_DATE ( 2024, 10, 7 ) ;
#641 = CARTESIAN_POINT ( 'NONE',  ( -228.0000000000000000, 52.00000000000000000, 300.0000000000000000 ) ) ;
#642 = DIRECTION ( 'NONE',  ( -0.000000000000000000, -1.000000000000000000, -0.000000000000000000 ) ) ;
#643 = EDGE_LOOP ( 'NONE', ( #229 ) ) ;
#644 = ADVANCED_FACE ( 'NONE', ( #1297 ), #945, .T. ) ;
#645 = DIRECTION ( 'NONE',  ( -1.000000000000000000, 0.000000000000000000, 0.000000000000000000 ) ) ;
#646 = ORIENTED_EDGE ( 'NONE', *, *, #1344, .T. ) ;
#647 = APPROVAL_STATUS ( 'not_yet_approved' ) ;
#648 = VECTOR ( 'NONE', #1554, 1000.000000000000000 ) ;
#649 = AXIS2_PLACEMENT_3D ( 'NONE', #462, #1080, #1115 ) ;
#650 = DIRECTION ( 'NONE',  ( 0.000000000000000000, -0.000000000000000000, -1.000000000000000000 ) ) ;
#651 = VECTOR ( 'NONE', #545, 1000.000000000000000 ) ;
#652 = CARTESIAN_POINT ( 'NONE',  ( 125.5000000000000000, 2.000000000000001776, 50.00000000000004263 ) ) ;
#653 = VERTEX_POINT ( 'NONE', #829 ) ;
#654 = PLANE ( 'NONE',  #1510 ) ;
#655 = ORIENTED_EDGE ( 'NONE', *, *, #780, .T. ) ;
#656 = EDGE_CURVE ( 'NONE', #473, #295, #1425, .T. ) ;
#657 = CARTESIAN_POINT ( 'NONE',  ( -276.0000000000000000, 88.00000000000000000, 300.0000000000000000 ) ) ;
#658 = CARTESIAN_POINT ( 'NONE',  ( -276.0000000000000000, 92.00000000000000000, 300.0000000000000000 ) ) ;
#659 = ORIENTED_EDGE ( 'NONE', *, *, #502, .T. ) ;
#660 = DIRECTION ( 'NONE',  ( 0.000000000000000000, -0.000000000000000000, -1.000000000000000000 ) ) ;
#661 = VERTEX_POINT ( 'NONE', #219 ) ;
#662 = ADVANCED_FACE ( 'NONE', ( #1200 ), #1084, .F. ) ;
#663 = DATE_AND_TIME ( #1128, #453 ) ;
#664 = EDGE_CURVE ( 'NONE', #244, #209, #1442, .T. ) ;
#665 = DIRECTION ( 'NONE',  ( 0.000000000000000000, 0.000000000000000000, 1.000000000000000000 ) ) ;
#666 = CARTESIAN_POINT ( 'NONE',  ( 0.000000000000000000, 2.000000000000000000, 0.000000000000000000 ) ) ;
#667 = DIRECTION ( 'NONE',  ( 0.000000000000000000, -0.000000000000000000, 1.000000000000000000 ) ) ;
#668 = DIRECTION ( 'NONE',  ( 1.000000000000000000, 0.000000000000000000, 0.000000000000000000 ) ) ;
#669 = ORIENTED_EDGE ( 'NONE', *, *, #1289, .T. ) ;
#670 = CARTESIAN_POINT ( 'NONE',  ( -276.0000000000000000, 90.00000000000000000, 0.000000000000000000 ) ) ;
#671 = CARTESIAN_POINT ( 'NONE',  ( 280.0000000000000000, 88.00000000000000000, 300.0000000000000000 ) ) ;
#672 = ADVANCED_FACE ( 'NONE', ( #821 ), #104, .T. ) ;
#673 = VECTOR ( 'NONE', #393, 1000.000000000000000 ) ;
#674 = DIRECTION ( 'NONE',  ( -1.000000000000000000, 0.000000000000000000, 0.000000000000000000 ) ) ;
#675 = AXIS2_PLACEMENT_3D ( 'NONE', #1379, #548, #1254 ) ;
#676 = ORIENTED_EDGE ( 'NONE', *, *, #349, .T. ) ;
#677 = VECTOR ( 'NONE', #1402, 1000.000000000000000 ) ;
#678 = CARTESIAN_POINT ( 'NONE',  ( -276.0000000000000000, 92.00000000000000000, 0.000000000000000000 ) ) ;
#679 = VERTEX_POINT ( 'NONE', #110 ) ;
#680 = DIRECTION ( 'NONE',  ( -1.000000000000000000, 0.000000000000000000, -0.000000000000000000 ) ) ;
#681 = CARTESIAN_POINT ( 'NONE',  ( 240.0000000000000284, 90.00000000000000000, 0.000000000000000000 ) ) ;
#682 = CARTESIAN_POINT ( 'NONE',  ( -276.0000000000000000, 90.00000000000000000, 300.0000000000000000 ) ) ;
#683 = ORIENTED_EDGE ( 'NONE', *, *, #1321, .T. ) ;
#684 = LINE ( 'NONE', #575, #926 ) ;
#685 = ORIENTED_EDGE ( 'NONE', *, *, #1505, .T. ) ;
#686 = CARTESIAN_POINT ( 'NONE',  ( -240.0000000000000284, 92.00000000000000000, 300.0000000000000000 ) ) ;
#687 = CARTESIAN_POINT ( 'NONE',  ( 276.0000000000000000, 90.00000000000000000, 300.0000000000000000 ) ) ;
#688 = EDGE_LOOP ( 'NONE', ( #1338, #460, #143, #83 ) ) ;
#689 = DIRECTION ( 'NONE',  ( 1.000000000000000000, -0.000000000000000000, -0.000000000000000000 ) ) ;
#690 = ORIENTED_EDGE ( 'NONE', *, *, #768, .F. ) ;
#691 = EDGE_CURVE ( 'NONE', #179, #96, #148, .T. ) ;
#692 = DIRECTION ( 'NONE',  ( 0.000000000000000000, -0.000000000000000000, -1.000000000000000000 ) ) ;
#693 = VECTOR ( 'NONE', #555, 1000.000000000000000 ) ;
#694 = LINE ( 'NONE', #1185, #279 ) ;
#695 = FACE_OUTER_BOUND ( 'NONE', #554, .T. ) ;
#696 = CIRCLE ( 'NONE', #622, 2.000000000000001776 ) ;
#697 = VECTOR ( 'NONE', #410, 1000.000000000000000 ) ;
#698 = DIRECTION ( 'NONE',  ( 1.000000000000000000, 0.000000000000000000, 0.000000000000000000 ) ) ;
#699 = EDGE_LOOP ( 'NONE', ( #1147 ) ) ;
#700 = LOCAL_TIME ( 9, 53, 12.00000000000000000, #752 ) ;
#701 = ADVANCED_FACE ( 'NONE', ( #566 ), #803, .T. ) ;
#702 = CARTESIAN_POINT ( 'NONE',  ( -276.0000000000000000, 92.00000000000000000, 300.0000000000000000 ) ) ;
#703 = FACE_OUTER_BOUND ( 'NONE', #1282, .T. ) ;
#704 = CARTESIAN_POINT ( 'NONE',  ( 34.50000000000000711, 2.000000000000000000, 141.0000000000000000 ) ) ;
#705 = EDGE_LOOP ( 'NONE', ( #837, #1203, #8, #934 ) ) ;
#706 = FACE_OUTER_BOUND ( 'NONE', #1220, .T. ) ;
#707 = EDGE_LOOP ( 'NONE', ( #1346 ) ) ;
#708 = EDGE_CURVE ( 'NONE', #93, #209, #1456, .T. ) ;
#709 = EDGE_CURVE ( 'NONE', #1112, #1112, #547, .T. ) ;
#710 = CARTESIAN_POINT ( 'NONE',  ( -280.0000000000000000, 52.00000000000000000, 300.0000000000000000 ) ) ;
#711 = CARTESIAN_POINT ( 'NONE',  ( 280.0000000000000000, 52.00000000000000000, 0.000000000000000000 ) ) ;
#712 = ORIENTED_EDGE ( 'NONE', *, *, #614, .T. ) ;
#713 = CARTESIAN_POINT ( 'NONE',  ( -3.812579068080895920E-14, 0.000000000000000000, 50.00000000000001421 ) ) ;
#714 = ORIENTED_EDGE ( 'NONE', *, *, #342, .F. ) ;
#715 = APPLICATION_CONTEXT ( 'configuration controlled 3d designs of mechanical parts and assemblies' ) ;
#716 = CARTESIAN_POINT ( 'NONE',  ( -169.9999999999999716, 2.000000000000000000, 252.5900000000000318 ) ) ;
#717 = DIRECTION ( 'NONE',  ( 0.000000000000000000, 0.000000000000000000, -1.000000000000000000 ) ) ;
#718 = EDGE_CURVE ( 'NONE', #725, #179, #809, .T. ) ;
#719 = AXIS2_PLACEMENT_3D ( 'NONE', #1076, #1277, #1319 ) ;
#720 = DIRECTION ( 'NONE',  ( -0.000000000000000000, -0.000000000000000000, -1.000000000000000000 ) ) ;
#721 = VECTOR ( 'NONE', #1070, 1000.000000000000000 ) ;
#722 = ORIENTED_EDGE ( 'NONE', *, *, #1528, .T. ) ;
#723 = VECTOR ( 'NONE', #1188, 1000.000000000000000 ) ;
#724 = AXIS2_PLACEMENT_3D ( 'NONE', #1025, #761, #1271 ) ;
#725 = VERTEX_POINT ( 'NONE', #1209 ) ;
#726 = AXIS2_PLACEMENT_3D ( 'NONE', #776, #1033, #401 ) ;
#727 = DATE_AND_TIME ( #246, #1336 ) ;
#728 = CARTESIAN_POINT ( 'NONE',  ( 278.0000000000000000, 52.00000000000000000, 300.0000000000000000 ) ) ;
#729 = CARTESIAN_POINT ( 'NONE',  ( 34.49999999999998579, 2.000000000000000000, 300.0000000000000000 ) ) ;
#730 = EDGE_CURVE ( 'NONE', #1449, #288, #33, .T. ) ;
#731 = CARTESIAN_POINT ( 'NONE',  ( -125.5000000000000000, 0.000000000000000000, 50.00000000000004263 ) ) ;
#732 = ORIENTED_EDGE ( 'NONE', *, *, #1417, .F. ) ;
#733 = FACE_OUTER_BOUND ( 'NONE', #1353, .T. ) ;
#734 = PLANE ( 'NONE',  #797 ) ;
#735 = DIRECTION ( 'NONE',  ( -1.000000000000000000, 0.000000000000000000, 0.000000000000000000 ) ) ;
#736 = CARTESIAN_POINT ( 'NONE',  ( 240.0000000000000284, 92.00000000000000000, 0.000000000000000000 ) ) ;
#737 = ORIENTED_EDGE ( 'NONE', *, *, #1538, .T. ) ;
#738 = CARTESIAN_POINT ( 'NONE',  ( 280.0000000000000000, 52.00000000000000000, 300.0000000000000000 ) ) ;
#739 = ORIENTED_EDGE ( 'NONE', *, *, #385, .T. ) ;
#740 = ADVANCED_FACE ( 'NONE', ( #1106, #1448, #636 ), #125, .T. ) ;
#741 =( NAMED_UNIT ( * ) PLANE_ANGLE_UNIT ( ) SI_UNIT ( $, .RADIAN. ) );
#742 = DIRECTION ( 'NONE',  ( 0.000000000000000000, 1.000000000000000000, 0.000000000000000000 ) ) ;
#743 = FACE_OUTER_BOUND ( 'NONE', #529, .T. ) ;
#744 = CARTESIAN_POINT ( 'NONE',  ( -276.0000000000000000, 88.00000000000000000, 0.000000000000000000 ) ) ;
#745 = ORIENTED_EDGE ( 'NONE', *, *, #936, .F. ) ;
#746 = AXIS2_PLACEMENT_3D ( 'NONE', #112, #1087, #562 ) ;
#747 = CARTESIAN_POINT ( 'NONE',  ( -278.0000000000000000, 88.00000000000000000, 0.000000000000000000 ) ) ;
#748 = ORIENTED_EDGE ( 'NONE', *, *, #305, .T. ) ;
#749 = VECTOR ( 'NONE', #668, 1000.000000000000000 ) ;
#750 = EDGE_CURVE ( 'NONE', #419, #118, #696, .T. ) ;
#751 = CIRCLE ( 'NONE', #527, 2.590000000000036717 ) ;
#752 = COORDINATED_UNIVERSAL_TIME_OFFSET ( 1, 0, .AHEAD. ) ;
#753 = CARTESIAN_POINT ( 'NONE',  ( 280.0000000000000000, 52.00000000000000000, 300.0000000000000000 ) ) ;
#754 = CARTESIAN_POINT ( 'NONE',  ( 169.9999999999999716, -1.734723475976807883E-15, 250.0000000000000000 ) ) ;
#755 = LINE ( 'NONE', #1243, #1330 ) ;
#756 = VERTEX_POINT ( 'NONE', #736 ) ;
#757 = DIRECTION ( 'NONE',  ( -1.000000000000000000, 0.000000000000000000, 0.000000000000000000 ) ) ;
#758 = ORIENTED_EDGE ( 'NONE', *, *, #1053, .F. ) ;
#759 = CARTESIAN_POINT ( 'NONE',  ( 240.0000000000000284, 90.00000000000000000, 0.000000000000000000 ) ) ;
#760 = ADVANCED_FACE ( 'NONE', ( #870 ), #1334, .T. ) ;
#761 = DIRECTION ( 'NONE',  ( -0.000000000000000000, -1.000000000000000000, -0.000000000000000000 ) ) ;
#762 = ORIENTED_EDGE ( 'NONE', *, *, #602, .F. ) ;
#763 = FACE_BOUND ( 'NONE', #1013, .T. ) ;
#764 = ORIENTED_EDGE ( 'NONE', *, *, #814, .T. ) ;
#765 = COORDINATED_UNIVERSAL_TIME_OFFSET ( 1, 0, .AHEAD. ) ;
#766 = DIRECTION ( 'NONE',  ( 0.000000000000000000, 1.000000000000000000, 0.000000000000000000 ) ) ;
#767 = FACE_OUTER_BOUND ( 'NONE', #705, .T. ) ;
#768 = EDGE_CURVE ( 'NONE', #1474, #1474, #1560, .T. ) ;
#769 = ORIENTED_EDGE ( 'NONE', *, *, #1276, .T. ) ;
#770 = FACE_OUTER_BOUND ( 'NONE', #191, .T. ) ;
#771 = EDGE_LOOP ( 'NONE', ( #207, #965, #739, #1407 ) ) ;
#772 = CLOSED_SHELL ( 'NONE', ( #1445, #1024, #62, #98, #577, #701, #1116, #1006, #388, #760, #1491, #833, #437, #434, #424, #593, #415, #365, #1198, #1275, #53, #285, #1400, #894, #1210, #339, #925, #213, #2, #1257, #908, #865, #444, #1102, #80, #320, #186, #672, #740, #1354, #644, #1390, #271, #662, #1341, #878, #1373, #1424, #1144, #550, #856, #842, #69, #896 ) ) ;
#773 = APPROVAL_STATUS ( 'not_yet_approved' ) ;
#774 = AXIS2_PLACEMENT_3D ( 'NONE', #160, #38, #7 ) ;
#775 = VECTOR ( 'NONE', #616, 1000.000000000000000 ) ;
#776 = CARTESIAN_POINT ( 'NONE',  ( -258.0000000000000000, 92.00000000000000000, 49.99999999999998579 ) ) ;
#777 = APPROVAL_PERSON_ORGANIZATION ( #1121, #313, #61 ) ;
#778 = DIRECTION ( 'NONE',  ( 1.000000000000000000, 0.000000000000000000, 0.000000000000000000 ) ) ;
#779 = VERTEX_POINT ( 'NONE', #731 ) ;
#780 = EDGE_CURVE ( 'NONE', #1470, #1155, #600, .T. ) ;
#781 = DIRECTION ( 'NONE',  ( 0.000000000000000000, 0.000000000000000000, 1.000000000000000000 ) ) ;
#782 = ORIENTED_EDGE ( 'NONE', *, *, #602, .T. ) ;
#783 = EDGE_CURVE ( 'NONE', #1078, #1078, #1007, .T. ) ;
#784 = CARTESIAN_POINT ( 'NONE',  ( 258.0000000000000000, 92.00000000000000000, 49.99999999999998579 ) ) ;
#785 = CARTESIAN_POINT ( 'NONE',  ( -3.812579068080895920E-14, 2.000000000000000000, 50.00000000000001421 ) ) ;
#786 = EDGE_LOOP ( 'NONE', ( #1375, #1296, #1361, #748 ) ) ;
#787 = FACE_BOUND ( 'NONE', #1377, .T. ) ;
#788 = ORIENTED_EDGE ( 'NONE', *, *, #943, .F. ) ;
#789 = EDGE_CURVE ( 'NONE', #1449, #111, #494, .T. ) ;
#790 = DIRECTION ( 'NONE',  ( -0.000000000000000000, -1.000000000000000000, 0.000000000000000000 ) ) ;
#791 = CARTESIAN_POINT ( 'NONE',  ( -276.0000000000000000, 88.00000000000000000, 300.0000000000000000 ) ) ;
#792 = DIRECTION ( 'NONE',  ( -0.000000000000000000, -1.000000000000000000, -0.000000000000000000 ) ) ;
#793 = VERTEX_POINT ( 'NONE', #629 ) ;
#794 = CARTESIAN_POINT ( 'NONE',  ( -125.5000000000000000, 2.000000000000001776, 50.00000000000004263 ) ) ;
#795 = EDGE_LOOP ( 'NONE', ( #782, #133, #1111, #1077 ) ) ;
#796 = CARTESIAN_POINT ( 'NONE',  ( -278.0000000000000000, 52.00000000000000000, 300.0000000000000000 ) ) ;
#797 = AXIS2_PLACEMENT_3D ( 'NONE', #1096, #853, #374 ) ;
#798 = FACE_BOUND ( 'NONE', #643, .T. ) ;
#799 = AXIS2_PLACEMENT_3D ( 'NONE', #1526, #1259, #311 ) ;
#800 = LINE ( 'NONE', #951, #1184 ) ;
#801 = VECTOR ( 'NONE', #333, 1000.000000000000000 ) ;
#802 = ORIENTED_EDGE ( 'NONE', *, *, #1507, .F. ) ;
#803 = PLANE ( 'NONE',  #1258 ) ;
#804 = ORIENTED_EDGE ( 'NONE', *, *, #957, .T. ) ;
#805 = CARTESIAN_POINT ( 'NONE',  ( -34.50000000000002132, 2.000000000000001776, 50.00000000000002842 ) ) ;
#806 = CARTESIAN_POINT ( 'NONE',  ( 125.5000000000000000, 0.000000000000000000, 141.0000000000000000 ) ) ;
#807 = EDGE_CURVE ( 'NONE', #14, #517, #977, .T. ) ;
#808 = EDGE_LOOP ( 'NONE', ( #255 ) ) ;
#809 = LINE ( 'NONE', #1123, #73 ) ;
#810 = ORIENTED_EDGE ( 'NONE', *, *, #664, .T. ) ;
#811 = DIRECTION ( 'NONE',  ( 0.000000000000000000, -0.000000000000000000, 1.000000000000000000 ) ) ;
#812 = DIRECTION ( 'NONE',  ( 0.000000000000000000, -0.000000000000000000, -1.000000000000000000 ) ) ;
#813 = ORIENTED_EDGE ( 'NONE', *, *, #1553, .F. ) ;
#814 = EDGE_CURVE ( 'NONE', #28, #1531, #1461, .T. ) ;
#815 = DIRECTION ( 'NONE',  ( 1.000000000000000000, 0.000000000000000000, -0.000000000000000000 ) ) ;
#816 = ORIENTED_EDGE ( 'NONE', *, *, #166, .T. ) ;
#817 = PLANE ( 'NONE',  #330 ) ;
#818 = AXIS2_PLACEMENT_3D ( 'NONE', #464, #944, #1423 ) ;
#819 = FACE_BOUND ( 'NONE', #175, .T. ) ;
#820 = AXIS2_PLACEMENT_3D ( 'NONE', #478, #1322, #735 ) ;
#821 = FACE_OUTER_BOUND ( 'NONE', #996, .T. ) ;
#822 = ORIENTED_EDGE ( 'NONE', *, *, #1393, .F. ) ;
#823 = EDGE_CURVE ( 'NONE', #1351, #96, #1224, .T. ) ;
#824 = PRODUCT_DEFINITION_FORMATION_WITH_SPECIFIED_SOURCE ( 'ANY', '', #1050, .NOT_KNOWN. ) ;
#825 = DIRECTION ( 'NONE',  ( -1.000000000000000000, 0.000000000000000000, 0.000000000000000000 ) ) ;
#826 = EDGE_CURVE ( 'NONE', #443, #215, #755, .T. ) ;
#827 = VERTEX_POINT ( 'NONE', #17 ) ;
#828 = DIRECTION ( 'NONE',  ( 0.000000000000000000, 0.000000000000000000, -1.000000000000000000 ) ) ;
#829 = CARTESIAN_POINT ( 'NONE',  ( -280.0000000000000000, 88.00000000000000000, 300.0000000000000000 ) ) ;
#830 = EDGE_LOOP ( 'NONE', ( #1365 ) ) ;
#831 = FACE_OUTER_BOUND ( 'NONE', #284, .T. ) ;
#832 = ORIENTED_EDGE ( 'NONE', *, *, #1190, .F. ) ;
#833 = ADVANCED_FACE ( 'NONE', ( #132 ), #152, .T. ) ;
#834 = CARTESIAN_POINT ( 'NONE',  ( 0.000000000000000000, 0.000000000000000000, 0.000000000000000000 ) ) ;
#835 = CARTESIAN_POINT ( 'NONE',  ( 0.000000000000000000, 0.000000000000000000, 141.0000000000000000 ) ) ;
#836 = CARTESIAN_POINT ( 'NONE',  ( -228.0000000000000000, -6.938893903907228378E-15, 300.0000000000000000 ) ) ;
#837 = ORIENTED_EDGE ( 'NONE', *, *, #1218, .T. ) ;
#838 = CARTESIAN_POINT ( 'NONE',  ( 258.0000000000000000, 90.00000000000000000, 250.0000000000000000 ) ) ;
#839 = ORIENTED_EDGE ( 'NONE', *, *, #957, .F. ) ;
#840 = APPROVAL_ROLE ( '' ) ;
#841 = DIRECTION ( 'NONE',  ( 1.000000000000000000, 0.000000000000000000, -0.000000000000000000 ) ) ;
#842 = ADVANCED_FACE ( 'NONE', ( #259 ), #617, .T. ) ;
#843 = CARTESIAN_POINT ( 'NONE',  ( -280.0000000000000000, 90.00000000000000000, 300.0000000000000000 ) ) ;
#844 = AXIS2_PLACEMENT_3D ( 'NONE', #747, #1345, #1450 ) ;
#845 = DIRECTION ( 'NONE',  ( -0.000000000000000000, 0.000000000000000000, -1.000000000000000000 ) ) ;
#846 = VECTOR ( 'NONE', #1176, 1000.000000000000000 ) ;
#847 = ORIENTED_EDGE ( 'NONE', *, *, #709, .T. ) ;
#848 = VECTOR ( 'NONE', #188, 1000.000000000000000 ) ;
#849 = DIRECTION ( 'NONE',  ( 0.000000000000000000, 0.000000000000000000, 1.000000000000000000 ) ) ;
#850 = AXIS2_PLACEMENT_3D ( 'NONE', #187, #1482, #912 ) ;
#851 = ORIENTED_EDGE ( 'NONE', *, *, #1095, .F. ) ;
#852 = COORDINATED_UNIVERSAL_TIME_OFFSET ( 1, 0, .AHEAD. ) ;
#853 = DIRECTION ( 'NONE',  ( 0.000000000000000000, 0.000000000000000000, -1.000000000000000000 ) ) ;
#854 = DIRECTION ( 'NONE',  ( 1.000000000000000000, -0.000000000000000000, -0.000000000000000000 ) ) ;
#855 = DIRECTION ( 'NONE',  ( 1.000000000000000000, 0.000000000000000000, 0.000000000000000000 ) ) ;
#856 = ADVANCED_FACE ( 'NONE', ( #863 ), #506, .T. ) ;
#857 = ORIENTED_EDGE ( 'NONE', *, *, #490, .F. ) ;
#858 = CARTESIAN_POINT ( 'NONE',  ( 125.5000000000000000, 92.00000000000000000, 141.0000000000000000 ) ) ;
#859 = ORIENTED_EDGE ( 'NONE', *, *, #546, .T. ) ;
#860 = CARTESIAN_POINT ( 'NONE',  ( -258.0000000000000000, 92.00000000000000000, 54.58999999999997499 ) ) ;
#861 = CARTESIAN_POINT ( 'NONE',  ( 276.0000000000000000, 88.00000000000000000, 0.000000000000000000 ) ) ;
#862 = DIRECTION ( 'NONE',  ( -0.000000000000000000, -1.000000000000000000, -0.000000000000000000 ) ) ;
#863 = FACE_OUTER_BOUND ( 'NONE', #189, .T. ) ;
#864 = ORIENTED_EDGE ( 'NONE', *, *, #1314, .F. ) ;
#865 = ADVANCED_FACE ( 'NONE', ( #1350 ), #1388, .T. ) ;
#866 = DIRECTION ( 'NONE',  ( 0.000000000000000000, 0.000000000000000000, 1.000000000000000000 ) ) ;
#867 = VERTEX_POINT ( 'NONE', #658 ) ;
#868 = DIRECTION ( 'NONE',  ( 1.000000000000000000, 0.000000000000000000, 0.000000000000000000 ) ) ;
#869 = DIRECTION ( 'NONE',  ( -1.525031627232358137E-16, 0.000000000000000000, 1.000000000000000000 ) ) ;
#870 = FACE_OUTER_BOUND ( 'NONE', #200, .T. ) ;
#871 = ORIENTED_EDGE ( 'NONE', *, *, #261, .F. ) ;
#872 = CARTESIAN_POINT ( 'NONE',  ( -278.0000000000000000, 88.00000000000000000, 0.000000000000000000 ) ) ;
#873 = UNCERTAINTY_MEASURE_WITH_UNIT (LENGTH_MEASURE( 1.000000000000000082E-05 ), #1315, 'distance_accuracy_value', 'NONE');
#874 = EDGE_LOOP ( 'NONE', ( #334, #889, #983, #1118 ) ) ;
#875 = AXIS2_PLACEMENT_3D ( 'NONE', #1501, #781, #1251 ) ;
#876 = CIRCLE ( 'NONE', #1136, 4.590000000000010516 ) ;
#877 = DATE_TIME_ROLE ( 'creation_date' ) ;
#878 = ADVANCED_FACE ( 'NONE', ( #1499 ), #1396, .T. ) ;
#879 = AXIS2_PLACEMENT_3D ( 'NONE', #657, #1378, #1270 ) ;
#880 = LINE ( 'NONE', #1367, #51 ) ;
#881 = CARTESIAN_POINT ( 'NONE',  ( -276.0000000000000000, 88.00000000000000000, 300.0000000000000000 ) ) ;
#882 = ORIENTED_EDGE ( 'NONE', *, *, #559, .F. ) ;
#883 = DIRECTION ( 'NONE',  ( 0.000000000000000000, 0.000000000000000000, 1.000000000000000000 ) ) ;
#884 = ORIENTED_EDGE ( 'NONE', *, *, #780, .F. ) ;
#885 = DATE_TIME_ROLE ( 'classification_date' ) ;
#886 = EDGE_CURVE ( 'NONE', #1404, #215, #287, .T. ) ;
#887 = LINE ( 'NONE', #539, #150 ) ;
#888 = FACE_OUTER_BOUND ( 'NONE', #535, .T. ) ;
#889 = ORIENTED_EDGE ( 'NONE', *, *, #1497, .T. ) ;
#890 = LINE ( 'NONE', #418, #1408 ) ;
#891 = VERTEX_POINT ( 'NONE', #652 ) ;
#892 = PRODUCT_DEFINITION_SHAPE ( 'NONE', 'NONE',  #124 ) ;
#893 = CARTESIAN_POINT ( 'NONE',  ( -228.0000000000000000, -6.938893903907228378E-15, 0.000000000000000000 ) ) ;
#894 = ADVANCED_FACE ( 'NONE', ( #416, #294 ), #49, .F. ) ;
#895 = PLANE ( 'NONE',  #1458 ) ;
#896 = ADVANCED_FACE ( 'NONE', ( #888 ), #165, .F. ) ;
#897 = ORIENTED_EDGE ( 'NONE', *, *, #60, .T. ) ;
#898 = DIRECTION ( 'NONE',  ( 0.000000000000000000, -0.000000000000000000, -1.000000000000000000 ) ) ;
#899 = ORIENTED_EDGE ( 'NONE', *, *, #1505, .F. ) ;
#900 = AXIS2_PLACEMENT_3D ( 'NONE', #406, #1245, #883 ) ;
#901 = APPROVAL_DATE_TIME ( #1503, #313 ) ;
#902 = VECTOR ( 'NONE', #140, 1000.000000000000000 ) ;
#903 = VECTOR ( 'NONE', #92, 1000.000000000000000 ) ;
#904 = CYLINDRICAL_SURFACE ( 'NONE', #503, 4.000000000000003553 ) ;
#905 = AXIS2_PLACEMENT_3D ( 'NONE', #784, #1492, #665 ) ;
#906 = CARTESIAN_POINT ( 'NONE',  ( 278.0000000000000000, 88.00000000000000000, 300.0000000000000000 ) ) ;
#907 = ORIENTED_EDGE ( 'NONE', *, *, #106, .F. ) ;
#908 = ADVANCED_FACE ( 'NONE', ( #1506 ), #895, .T. ) ;
#909 = CARTESIAN_POINT ( 'NONE',  ( -169.9999999999999716, -1.734723475976807883E-15, 49.99999999999998579 ) ) ;
#910 = ORIENTED_EDGE ( 'NONE', *, *, #1439, .F. ) ;
#911 = DIRECTION ( 'NONE',  ( -0.000000000000000000, 0.000000000000000000, -1.000000000000000000 ) ) ;
#912 = DIRECTION ( 'NONE',  ( -1.000000000000000000, 0.000000000000000000, 0.000000000000000000 ) ) ;
#913 = CARTESIAN_POINT ( 'NONE',  ( -169.9999999999999716, 2.000000000000000000, 250.0000000000000000 ) ) ;
#914 = EDGE_LOOP ( 'NONE', ( #1399 ) ) ;
#915 = CARTESIAN_POINT ( 'NONE',  ( 278.0000000000000000, 52.00000000000000000, 300.0000000000000000 ) ) ;
#916 = ORIENTED_EDGE ( 'NONE', *, *, #136, .T. ) ;
#917 = EDGE_CURVE ( 'NONE', #1470, #179, #70, .T. ) ;
#918 = PLANE ( 'NONE',  #1256 ) ;
#919 = LINE ( 'NONE', #1410, #677 ) ;
#920 = CARTESIAN_POINT ( 'NONE',  ( -125.5000000000000000, 0.000000000000000000, 300.0000000000000000 ) ) ;
#921 = PLANE ( 'NONE',  #120 ) ;
#922 = FACE_OUTER_BOUND ( 'NONE', #1343, .T. ) ;
#923 = EDGE_LOOP ( 'NONE', ( #1134, #1172, #769, #1062 ) ) ;
#924 = VECTOR ( 'NONE', #380, 1000.000000000000000 ) ;
#925 = ADVANCED_FACE ( 'NONE', ( #767 ), #423, .T. ) ;
#926 = VECTOR ( 'NONE', #689, 1000.000000000000000 ) ;
#927 = PLANE ( 'NONE',  #1564 ) ;
#928 = CONICAL_SURFACE ( 'NONE', #1081, 4.590000000000010516, 0.7853981633974479459 ) ;
#929 = DIRECTION ( 'NONE',  ( 0.000000000000000000, -0.000000000000000000, 1.000000000000000000 ) ) ;
#930 = VECTOR ( 'NONE', #557, 1000.000000000000000 ) ;
#931 = ORIENTED_EDGE ( 'NONE', *, *, #814, .F. ) ;
#932 = VECTOR ( 'NONE', #692, 1000.000000000000000 ) ;
#933 = DIRECTION ( 'NONE',  ( 0.000000000000000000, 0.000000000000000000, 1.000000000000000000 ) ) ;
#934 = ORIENTED_EDGE ( 'NONE', *, *, #1380, .F. ) ;
#935 = DIRECTION ( 'NONE',  ( -1.000000000000000000, 0.000000000000000000, 0.000000000000000000 ) ) ;
#936 = EDGE_CURVE ( 'NONE', #1155, #81, #1493, .T. ) ;
#937 = DIRECTION ( 'NONE',  ( 1.000000000000000000, 0.000000000000000000, -0.000000000000000000 ) ) ;
#938 = EDGE_LOOP ( 'NONE', ( #1255 ) ) ;
#939 = LINE ( 'NONE', #1317, #846 ) ;
#940 = EDGE_LOOP ( 'NONE', ( #609 ) ) ;
#941 = DIRECTION ( 'NONE',  ( 1.000000000000000000, 0.000000000000000000, 0.000000000000000000 ) ) ;
#942 = DIRECTION ( 'NONE',  ( 0.000000000000000000, 1.000000000000000000, 0.000000000000000000 ) ) ;
#943 = EDGE_CURVE ( 'NONE', #1558, #448, #1517, .T. ) ;
#944 = DIRECTION ( 'NONE',  ( 1.000000000000000000, 0.000000000000000000, -1.525031627232358137E-16 ) ) ;
#945 = PLANE ( 'NONE',  #474 ) ;
#946 = EDGE_CURVE ( 'NONE', #93, #443, #1146, .T. ) ;
#947 = VERTEX_POINT ( 'NONE', #56 ) ;
#948 = LINE ( 'NONE', #963, #721 ) ;
#949 = CARTESIAN_POINT ( 'NONE',  ( -280.0000000000000000, 88.00000000000000000, 300.0000000000000000 ) ) ;
#950 = AXIS2_PLACEMENT_3D ( 'NONE', #861, #266, #868 ) ;
#951 = CARTESIAN_POINT ( 'NONE',  ( -276.0000000000000000, 90.00000000000000000, 300.0000000000000000 ) ) ;
#952 = AXIS2_PLACEMENT_3D ( 'NONE', #1216, #251, #13 ) ;
#953 = VECTOR ( 'NONE', #967, 1000.000000000000000 ) ;
#954 = LINE ( 'NONE', #1419, #648 ) ;
#955 = ORIENTED_EDGE ( 'NONE', *, *, #159, .F. ) ;
#956 = AXIS2_PLACEMENT_3D ( 'NONE', #101, #1551, #1299 ) ;
#957 = EDGE_CURVE ( 'NONE', #288, #241, #534, .T. ) ;
#958 = LINE ( 'NONE', #1444, #693 ) ;
#959 = ORIENTED_EDGE ( 'NONE', *, *, #490, .T. ) ;
#960 = CARTESIAN_POINT ( 'NONE',  ( -228.0000000000000000, 52.00000000000000000, 0.000000000000000000 ) ) ;
#961 = DIRECTION ( 'NONE',  ( -1.000000000000000000, 0.000000000000000000, 0.000000000000000000 ) ) ;
#962 = ORIENTED_EDGE ( 'NONE', *, *, #144, .F. ) ;
#963 = CARTESIAN_POINT ( 'NONE',  ( 0.000000000000000000, 0.000000000000000000, 141.0000000000000000 ) ) ;
#964 = EDGE_CURVE ( 'NONE', #1197, #1197, #425, .T. ) ;
#965 = ORIENTED_EDGE ( 'NONE', *, *, #708, .F. ) ;
#966 = CARTESIAN_POINT ( 'NONE',  ( 258.0000000000000000, 90.00000000000000000, 47.41000000000001080 ) ) ;
#967 = DIRECTION ( 'NONE',  ( 0.000000000000000000, 1.000000000000000000, 0.000000000000000000 ) ) ;
#968 = CARTESIAN_POINT ( 'NONE',  ( -280.0000000000000000, 90.00000000000000000, 300.0000000000000000 ) ) ;
#969 = VERTEX_POINT ( 'NONE', #1130 ) ;
#970 = CARTESIAN_POINT ( 'NONE',  ( -278.0000000000000000, 88.00000000000000000, 300.0000000000000000 ) ) ;
#971 = ORIENTED_EDGE ( 'NONE', *, *, #1179, .F. ) ;
#972 = PERSON_AND_ORGANIZATION ( #1283, #1137 ) ;
#973 = DIRECTION ( 'NONE',  ( 0.000000000000000000, 0.000000000000000000, 1.000000000000000000 ) ) ;
#974 = EDGE_CURVE ( 'NONE', #405, #793, #432, .T. ) ;
#975 = LINE ( 'NONE', #1467, #1409 ) ;
#976 = CIRCLE ( 'NONE', #347, 2.590000000000008740 ) ;
#977 = LINE ( 'NONE', #386, #673 ) ;
#978 = AXIS2_PLACEMENT_3D ( 'NONE', #1542, #1302, #1565 ) ;
#979 = ORIENTED_EDGE ( 'NONE', *, *, #180, .T. ) ;
#980 = VECTOR ( 'NONE', #123, 1000.000000000000000 ) ;
#981 = FACE_OUTER_BOUND ( 'NONE', #914, .T. ) ;
#982 = CC_DESIGN_APPROVAL ( #313, ( #1262 ) ) ;
#983 = ORIENTED_EDGE ( 'NONE', *, *, #455, .F. ) ;
#984 = CARTESIAN_POINT ( 'NONE',  ( -169.9999999999999716, -1.734723475976807883E-15, 45.40999999999997527 ) ) ;
#985 = CARTESIAN_POINT ( 'NONE',  ( 276.0000000000000000, 92.00000000000000000, 0.000000000000000000 ) ) ;
#986 = DIRECTION ( 'NONE',  ( 0.000000000000000000, -1.000000000000000000, -0.000000000000000000 ) ) ;
#987 = EDGE_CURVE ( 'NONE', #114, #114, #751, .T. ) ;
#988 = DIRECTION ( 'NONE',  ( 1.000000000000000000, 0.000000000000000000, -0.000000000000000000 ) ) ;
#989 = VERTEX_POINT ( 'NONE', #1484 ) ;
#990 = CYLINDRICAL_SURFACE ( 'NONE', #1533, 52.00000000000002132 ) ;
#991 = DIRECTION ( 'NONE',  ( 0.000000000000000000, 1.000000000000000000, 0.000000000000000000 ) ) ;
#992 = CARTESIAN_POINT ( 'NONE',  ( -228.0000000000000000, -6.938893903907228378E-15, 300.0000000000000000 ) ) ;
#993 = APPLICATION_CONTEXT ( 'configuration controlled 3d designs of mechanical parts and assemblies' ) ;
#994 = EDGE_CURVE ( 'NONE', #891, #679, #528, .T. ) ;
#995 = CARTESIAN_POINT ( 'NONE',  ( 280.0000000000000000, 88.00000000000000000, 300.0000000000000000 ) ) ;
#996 = EDGE_LOOP ( 'NONE', ( #1131, #1252, #57, #1392 ) ) ;
#997 = EDGE_CURVE ( 'NONE', #1451, #725, #233, .T. ) ;
#998 = FACE_OUTER_BOUND ( 'NONE', #185, .T. ) ;
#999 = ORIENTED_EDGE ( 'NONE', *, *, #1439, .T. ) ;
#1000 = FACE_OUTER_BOUND ( 'NONE', #699, .T. ) ;
#1001 = DIRECTION ( 'NONE',  ( -0.000000000000000000, 1.000000000000000000, 0.000000000000000000 ) ) ;
#1002 = ORIENTED_EDGE ( 'NONE', *, *, #514, .F. ) ;
#1003 = VECTOR ( 'NONE', #680, 1000.000000000000000 ) ;
#1004 = LINE ( 'NONE', #970, #472 ) ;
#1005 = EDGE_LOOP ( 'NONE', ( #272 ) ) ;
#1006 = ADVANCED_FACE ( 'NONE', ( #703 ), #1192, .T. ) ;
#1007 = CIRCLE ( 'NONE', #1485, 4.590000000000010516 ) ;
#1008 = VECTOR ( 'NONE', #195, 1000.000000000000000 ) ;
#1009 = SHAPE_DEFINITION_REPRESENTATION ( #892, #264 ) ;
#1010 = VECTOR ( 'NONE', #1544, 1000.000000000000000 ) ;
#1011 = FACE_BOUND ( 'NONE', #1280, .T. ) ;
#1012 = CARTESIAN_POINT ( 'NONE',  ( 125.5000000000000000, 2.000000000000000000, 300.0000000000000000 ) ) ;
#1013 = EDGE_LOOP ( 'NONE', ( #1 ) ) ;
#1014 = DIRECTION ( 'NONE',  ( -0.000000000000000000, -0.000000000000000000, -1.000000000000000000 ) ) ;
#1015 = ORIENTED_EDGE ( 'NONE', *, *, #1519, .T. ) ;
#1016 = CC_DESIGN_PERSON_AND_ORGANIZATION_ASSIGNMENT ( #972, #137, ( #124 ) ) ;
#1017 = PERSON_AND_ORGANIZATION ( #1283, #1137 ) ;
#1018 = CARTESIAN_POINT ( 'NONE',  ( -280.0000000000000000, 88.00000000000000000, 300.0000000000000000 ) ) ;
#1019 = DIRECTION ( 'NONE',  ( 1.000000000000000000, 0.000000000000000000, 0.000000000000000000 ) ) ;
#1020 = EDGE_LOOP ( 'NONE', ( #1318 ) ) ;
#1021 = CARTESIAN_POINT ( 'NONE',  ( -228.0000000000000000, -6.938893903907228378E-15, 300.0000000000000000 ) ) ;
#1022 = ORIENTED_EDGE ( 'NONE', *, *, #385, .F. ) ;
#1023 = DIRECTION ( 'NONE',  ( 0.000000000000000000, -0.000000000000000000, -1.000000000000000000 ) ) ;
#1024 = ADVANCED_FACE ( 'NONE', ( #1552, #457, #109, #585, #469, #564, #1072 ), #227, .F. ) ;
#1025 = CARTESIAN_POINT ( 'NONE',  ( 169.9999999999999716, -1.734723475976807883E-15, 49.99999999999998579 ) ) ;
#1026 = EDGE_LOOP ( 'NONE', ( #847 ) ) ;
#1027 = CARTESIAN_POINT ( 'NONE',  ( 228.0000000000000000, -6.938893903907228378E-15, 300.0000000000000000 ) ) ;
#1028 = ORIENTED_EDGE ( 'NONE', *, *, #505, .F. ) ;
#1029 = VECTOR ( 'NONE', #825, 1000.000000000000000 ) ;
#1030 = AXIS2_PLACEMENT_3D ( 'NONE', #281, #1323, #268 ) ;
#1031 = VECTOR ( 'NONE', #1161, 1000.000000000000000 ) ;
#1032 = DIRECTION ( 'NONE',  ( 0.000000000000000000, 0.000000000000000000, 1.000000000000000000 ) ) ;
#1033 = DIRECTION ( 'NONE',  ( 0.000000000000000000, 1.000000000000000000, 0.000000000000000000 ) ) ;
#1034 = VECTOR ( 'NONE', #164, 1000.000000000000000 ) ;
#1035 = CARTESIAN_POINT ( 'NONE',  ( -280.0000000000000000, 52.00000000000000000, 0.000000000000000000 ) ) ;
#1036 = EDGE_CURVE ( 'NONE', #34, #118, #800, .T. ) ;
#1037 = ORIENTED_EDGE ( 'NONE', *, *, #90, .T. ) ;
#1038 = CARTESIAN_POINT ( 'NONE',  ( -228.0000000000000000, 52.00000000000000000, 300.0000000000000000 ) ) ;
#1039 = ORIENTED_EDGE ( 'NONE', *, *, #917, .F. ) ;
#1040 = CARTESIAN_POINT ( 'NONE',  ( 258.0000000000000000, 92.00000000000000000, 250.0000000000000000 ) ) ;
#1041 = LINE ( 'NONE', #702, #932 ) ;
#1042 = CARTESIAN_POINT ( 'NONE',  ( -258.0000000000000000, 92.00000000000000000, 49.99999999999998579 ) ) ;
#1043 = EDGE_LOOP ( 'NONE', ( #1412, #955, #931, #1543 ) ) ;
#1044 = CARTESIAN_POINT ( 'NONE',  ( 276.0000000000000000, 90.00000000000000000, 300.0000000000000000 ) ) ;
#1045 = EDGE_LOOP ( 'NONE', ( #882, #1194, #407, #1541 ) ) ;
#1046 = EDGE_CURVE ( 'NONE', #145, #145, #450, .T. ) ;
#1047 = VERTEX_POINT ( 'NONE', #1294 ) ;
#1048 = DIRECTION ( 'NONE',  ( -0.000000000000000000, -0.000000000000000000, -1.000000000000000000 ) ) ;
#1049 = ORIENTED_EDGE ( 'NONE', *, *, #1241, .T. ) ;
#1050 = PRODUCT ( 'logiBOT_02_AbdeckblechVorne_V1.0', 'logiBOT_02_AbdeckblechVorne_V1.0', '', ( #1204 ) ) ;
#1051 = DIRECTION ( 'NONE',  ( -1.000000000000000000, 0.000000000000000000, 0.000000000000000000 ) ) ;
#1052 = EDGE_LOOP ( 'NONE', ( #328 ) ) ;
#1053 = EDGE_CURVE ( 'NONE', #1446, #1446, #1562, .T. ) ;
#1054 = CIRCLE ( 'NONE', #369, 4.590000000000010516 ) ;
#1055 = AXIS2_PLACEMENT_3D ( 'NONE', #1374, #1264, #778 ) ;
#1056 = CARTESIAN_POINT ( 'NONE',  ( 280.0000000000000000, 90.00000000000000000, 300.0000000000000000 ) ) ;
#1057 = VECTOR ( 'NONE', #1048, 1000.000000000000000 ) ;
#1058 = CARTESIAN_POINT ( 'NONE',  ( 280.0000000000000000, 88.00000000000000000, 300.0000000000000000 ) ) ;
#1059 = VECTOR ( 'NONE', #468, 1000.000000000000000 ) ;
#1060 = ORIENTED_EDGE ( 'NONE', *, *, #136, .F. ) ;
#1061 = CARTESIAN_POINT ( 'NONE',  ( -240.0000000000000284, 90.00000000000000000, 0.000000000000000000 ) ) ;
#1062 = ORIENTED_EDGE ( 'NONE', *, *, #116, .F. ) ;
#1063 = EDGE_CURVE ( 'NONE', #14, #209, #1316, .T. ) ;
#1064 = DIRECTION ( 'NONE',  ( 0.000000000000000000, 1.000000000000000000, 0.000000000000000000 ) ) ;
#1065 = EDGE_CURVE ( 'NONE', #969, #653, #1416, .T. ) ;
#1066 = DIRECTION ( 'NONE',  ( -0.000000000000000000, 1.000000000000000000, -0.000000000000000000 ) ) ;
#1067 = DIRECTION ( 'NONE',  ( 1.000000000000000000, 0.000000000000000000, -0.000000000000000000 ) ) ;
#1068 = DIRECTION ( 'NONE',  ( 0.000000000000000000, -1.000000000000000000, 0.000000000000000000 ) ) ;
#1069 = ORIENTED_EDGE ( 'NONE', *, *, #614, .F. ) ;
#1070 = DIRECTION ( 'NONE',  ( -1.000000000000000000, 0.000000000000000000, 0.000000000000000000 ) ) ;
#1071 = CARTESIAN_POINT ( 'NONE',  ( 228.0000000000000000, 52.00000000000000000, 0.000000000000000000 ) ) ;
#1072 = FACE_BOUND ( 'NONE', #1043, .T. ) ;
#1073 = EDGE_CURVE ( 'NONE', #947, #1534, #440, .T. ) ;
#1074 = DIRECTION ( 'NONE',  ( -1.000000000000000000, 0.000000000000000000, 0.000000000000000000 ) ) ;
#1075 = EDGE_LOOP ( 'NONE', ( #1140, #1163, #669, #487 ) ) ;
#1076 = CARTESIAN_POINT ( 'NONE',  ( -228.0000000000000000, 52.00000000000000000, 300.0000000000000000 ) ) ;
#1077 = ORIENTED_EDGE ( 'NONE', *, *, #1036, .T. ) ;
#1078 = VERTEX_POINT ( 'NONE', #624 ) ;
#1079 = VECTOR ( 'NONE', #358, 1000.000000000000000 ) ;
#1080 = DIRECTION ( 'NONE',  ( 0.000000000000000000, -1.000000000000000000, -0.000000000000000000 ) ) ;
#1081 = AXIS2_PLACEMENT_3D ( 'NONE', #1520, #327, #435 ) ;
#1082 = EDGE_CURVE ( 'NONE', #779, #433, #1422, .T. ) ;
#1083 = AXIS2_PLACEMENT_3D ( 'NONE', #355, #1066, #828 ) ;
#1084 = PLANE ( 'NONE',  #21 ) ;
#1085 = VERTEX_POINT ( 'NONE', #806 ) ;
#1086 = CC_DESIGN_APPROVAL ( #470, ( #124 ) ) ;
#1087 = DIRECTION ( 'NONE',  ( -1.000000000000000000, 0.000000000000000000, -1.525031627232358137E-16 ) ) ;
#1088 = ORIENTED_EDGE ( 'NONE', *, *, #106, .T. ) ;
#1089 = APPLICATION_PROTOCOL_DEFINITION ( 'international standard', 'config_control_design', 1994, #993 ) ;
#1090 = DIRECTION ( 'NONE',  ( -1.000000000000000000, 0.000000000000000000, 0.000000000000000000 ) ) ;
#1091 = CARTESIAN_POINT ( 'NONE',  ( 276.0000000000000000, 92.00000000000000000, 300.0000000000000000 ) ) ;
#1092 = EDGE_LOOP ( 'NONE', ( #357, #4, #851, #1088 ) ) ;
#1093 = CARTESIAN_POINT ( 'NONE',  ( -240.0000000000000284, 92.00000000000000000, 0.000000000000000000 ) ) ;
#1094 = ORIENTED_EDGE ( 'NONE', *, *, #974, .T. ) ;
#1095 = EDGE_CURVE ( 'NONE', #81, #179, #205, .T. ) ;
#1096 = CARTESIAN_POINT ( 'NONE',  ( -276.0000000000000000, 92.00000000000000000, 0.000000000000000000 ) ) ;
#1097 = DIRECTION ( 'NONE',  ( -0.000000000000000000, -1.000000000000000000, -0.000000000000000000 ) ) ;
#1098 = DIRECTION ( 'NONE',  ( 0.000000000000000000, -1.000000000000000000, -0.000000000000000000 ) ) ;
#1099 = ORIENTED_EDGE ( 'NONE', *, *, #568, .T. ) ;
#1100 = DIRECTION ( 'NONE',  ( -0.000000000000000000, 1.000000000000000000, -0.000000000000000000 ) ) ;
#1101 = ORIENTED_EDGE ( 'NONE', *, *, #483, .F. ) ;
#1102 = ADVANCED_FACE ( 'NONE', ( #1295 ), #345, .T. ) ;
#1103 = LINE ( 'NONE', #1113, #1406 ) ;
#1104 = CARTESIAN_POINT ( 'NONE',  ( 3.812579068080895920E-14, 0.000000000000000000, 50.00000000000001421 ) ) ;
#1105 = AXIS2_PLACEMENT_3D ( 'NONE', #50, #82, #645 ) ;
#1106 = FACE_BOUND ( 'NONE', #830, .T. ) ;
#1107 = VECTOR ( 'NONE', #1014, 1000.000000000000000 ) ;
#1108 = ORIENTED_EDGE ( 'NONE', *, *, #224, .T. ) ;
#1109 = VECTOR ( 'NONE', #869, 1000.000000000000000 ) ;
#1110 = DIRECTION ( 'NONE',  ( -0.000000000000000000, -1.000000000000000000, -0.000000000000000000 ) ) ;
#1111 = ORIENTED_EDGE ( 'NONE', *, *, #1170, .F. ) ;
#1112 = VERTEX_POINT ( 'NONE', #484 ) ;
#1113 = CARTESIAN_POINT ( 'NONE',  ( 228.0000000000000000, -6.938893903907228378E-15, 300.0000000000000000 ) ) ;
#1114 = EDGE_CURVE ( 'NONE', #288, #93, #211, .T. ) ;
#1115 = DIRECTION ( 'NONE',  ( 0.000000000000000000, 0.000000000000000000, -1.000000000000000000 ) ) ;
#1116 = ADVANCED_FACE ( 'NONE', ( #571 ), #217, .T. ) ;
#1117 = DIRECTION ( 'NONE',  ( -1.000000000000000000, 0.000000000000000000, 0.000000000000000000 ) ) ;
#1118 = ORIENTED_EDGE ( 'NONE', *, *, #611, .F. ) ;
#1119 = PLANE ( 'NONE',  #1328 ) ;
#1120 = EDGE_LOOP ( 'NONE', ( #1101 ) ) ;
#1121 = PERSON_AND_ORGANIZATION ( #1283, #1137 ) ;
#1122 = DIRECTION ( 'NONE',  ( -0.000000000000000000, 1.000000000000000000, -0.000000000000000000 ) ) ;
#1123 = CARTESIAN_POINT ( 'NONE',  ( 280.0000000000000000, 52.00000000000000000, 0.000000000000000000 ) ) ;
#1124 = EDGE_CURVE ( 'NONE', #1165, #565, #694, .T. ) ;
#1125 = ORIENTED_EDGE ( 'NONE', *, *, #1545, .T. ) ;
#1126 = FACE_OUTER_BOUND ( 'NONE', #1092, .T. ) ;
#1127 = VERTEX_POINT ( 'NONE', #579 ) ;
#1128 = CALENDAR_DATE ( 2024, 10, 7 ) ;
#1129 = DIRECTION ( 'NONE',  ( 0.000000000000000000, 0.000000000000000000, 1.000000000000000000 ) ) ;
#1130 = CARTESIAN_POINT ( 'NONE',  ( -280.0000000000000000, 52.00000000000000000, 300.0000000000000000 ) ) ;
#1131 = ORIENTED_EDGE ( 'NONE', *, *, #656, .T. ) ;
#1132 = AXIS2_PLACEMENT_3D ( 'NONE', #909, #1154, #1266 ) ;
#1133 = PLANE ( 'NONE',  #298 ) ;
#1134 = ORIENTED_EDGE ( 'NONE', *, *, #1321, .F. ) ;
#1135 = VECTOR ( 'NONE', #1403, 1000.000000000000000 ) ;
#1136 = AXIS2_PLACEMENT_3D ( 'NONE', #754, #862, #599 ) ;
#1137 = ORGANIZATION ( 'UNSPECIFIED', 'UNSPECIFIED', '' ) ;
#1138 = CARTESIAN_POINT ( 'NONE',  ( -258.0000000000000000, 90.00000000000000000, 49.99999999999998579 ) ) ;
#1139 = CARTESIAN_POINT ( 'NONE',  ( 280.0000000000000000, 88.00000000000000000, 300.0000000000000000 ) ) ;
#1140 = ORIENTED_EDGE ( 'NONE', *, *, #718, .F. ) ;
#1141 = FACE_OUTER_BOUND ( 'NONE', #417, .T. ) ;
#1142 = ORIENTED_EDGE ( 'NONE', *, *, #224, .F. ) ;
#1143 = PERSON_AND_ORGANIZATION ( #1283, #1137 ) ;
#1144 = ADVANCED_FACE ( 'NONE', ( #819, #1546 ), #1208, .F. ) ;
#1145 = LINE ( 'NONE', #1151, #1308 ) ;
#1146 = LINE ( 'NONE', #666, #1031 ) ;
#1147 = ORIENTED_EDGE ( 'NONE', *, *, #964, .F. ) ;
#1148 = FACE_BOUND ( 'NONE', #1518, .T. ) ;
#1149 = ORIENTED_EDGE ( 'NONE', *, *, #1046, .F. ) ;
#1150 = EDGE_CURVE ( 'NONE', #543, #295, #591, .T. ) ;
#1151 = CARTESIAN_POINT ( 'NONE',  ( -34.50000000000002132, 92.00000000000000000, 50.00000000000002842 ) ) ;
#1152 = DIRECTION ( 'NONE',  ( 0.000000000000000000, 0.000000000000000000, 1.000000000000000000 ) ) ;
#1153 = ORIENTED_EDGE ( 'NONE', *, *, #718, .T. ) ;
#1154 = DIRECTION ( 'NONE',  ( -0.000000000000000000, 1.000000000000000000, 0.000000000000000000 ) ) ;
#1155 = VERTEX_POINT ( 'NONE', #267 ) ;
#1156 = VECTOR ( 'NONE', #1187, 1000.000000000000000 ) ;
#1157 = AXIS2_PLACEMENT_3D ( 'NONE', #1340, #1457, #717 ) ;
#1158 = CARTESIAN_POINT ( 'NONE',  ( 228.0000000000000000, 1.999999999999994893, 300.0000000000000000 ) ) ;
#1159 = FACE_OUTER_BOUND ( 'NONE', #359, .T. ) ;
#1160 = VECTOR ( 'NONE', #941, 1000.000000000000000 ) ;
#1161 = DIRECTION ( 'NONE',  ( 1.000000000000000000, 0.000000000000000000, 0.000000000000000000 ) ) ;
#1162 = EDGE_CURVE ( 'NONE', #793, #1085, #139, .T. ) ;
#1163 = ORIENTED_EDGE ( 'NONE', *, *, #342, .T. ) ;
#1164 = FACE_BOUND ( 'NONE', #10, .T. ) ;
#1165 = VERTEX_POINT ( 'NONE', #1563 ) ;
#1166 = DIRECTION ( 'NONE',  ( 0.000000000000000000, 1.000000000000000000, 0.000000000000000000 ) ) ;
#1167 = VERTEX_POINT ( 'NONE', #563 ) ;
#1168 = DIRECTION ( 'NONE',  ( 0.000000000000000000, 0.000000000000000000, 1.000000000000000000 ) ) ;
#1169 = FACE_OUTER_BOUND ( 'NONE', #371, .T. ) ;
#1170 = EDGE_CURVE ( 'NONE', #34, #1127, #512, .T. ) ;
#1171 = CARTESIAN_POINT ( 'NONE',  ( 228.0000000000000000, 1.999999999999994893, 0.000000000000000000 ) ) ;
#1172 = ORIENTED_EDGE ( 'NONE', *, *, #943, .T. ) ;
#1173 = FACE_BOUND ( 'NONE', #390, .T. ) ;
#1174 = CARTESIAN_POINT ( 'NONE',  ( -228.0000000000000000, 1.999999999999994893, 300.0000000000000000 ) ) ;
#1175 = ORIENTED_EDGE ( 'NONE', *, *, #1082, .F. ) ;
#1176 = DIRECTION ( 'NONE',  ( -1.000000000000000000, 0.000000000000000000, 0.000000000000000000 ) ) ;
#1177 = DESIGN_CONTEXT ( 'detailed design', #715, 'design' ) ;
#1178 = ORIENTED_EDGE ( 'NONE', *, *, #305, .F. ) ;
#1179 = EDGE_CURVE ( 'NONE', #244, #1235, #360, .T. ) ;
#1180 = EDGE_CURVE ( 'NONE', #1347, #1347, #876, .T. ) ;
#1181 = CIRCLE ( 'NONE', #325, 4.589999999999982983 ) ;
#1182 = VECTOR ( 'NONE', #412, 1000.000000000000000 ) ;
#1183 = DIRECTION ( 'NONE',  ( 0.000000000000000000, -0.000000000000000000, -1.000000000000000000 ) ) ;
#1184 = VECTOR ( 'NONE', #812, 1000.000000000000000 ) ;
#1185 = CARTESIAN_POINT ( 'NONE',  ( 240.0000000000000284, 90.00000000000000000, 300.0000000000000000 ) ) ;
#1186 = AXIS2_PLACEMENT_3D ( 'NONE', #834, #238, #29 ) ;
#1187 = DIRECTION ( 'NONE',  ( 0.000000000000000000, -0.000000000000000000, -1.000000000000000000 ) ) ;
#1188 = DIRECTION ( 'NONE',  ( 0.000000000000000000, 1.000000000000000000, 0.000000000000000000 ) ) ;
#1189 = ORIENTED_EDGE ( 'NONE', *, *, #532, .T. ) ;
#1190 = EDGE_CURVE ( 'NONE', #653, #867, #1536, .T. ) ;
#1191 = CARTESIAN_POINT ( 'NONE',  ( -169.9999999999999716, 2.000000000000000000, 49.99999999999998579 ) ) ;
#1192 = PLANE ( 'NONE',  #122 ) ;
#1193 = DIRECTION ( 'NONE',  ( 0.000000000000000000, 0.000000000000000000, 1.000000000000000000 ) ) ;
#1194 = ORIENTED_EDGE ( 'NONE', *, *, #274, .F. ) ;
#1195 = CARTESIAN_POINT ( 'NONE',  ( 228.0000000000000000, -6.938893903907228378E-15, 300.0000000000000000 ) ) ;
#1196 = ORIENTED_EDGE ( 'NONE', *, *, #166, .F. ) ;
#1197 = VERTEX_POINT ( 'NONE', #1440 ) ;
#1198 = ADVANCED_FACE ( 'NONE', ( #743 ), #485, .T. ) ;
#1199 = CARTESIAN_POINT ( 'NONE',  ( 280.0000000000000000, 52.00000000000000000, 300.0000000000000000 ) ) ;
#1200 = FACE_OUTER_BOUND ( 'NONE', #1335, .T. ) ;
#1201 = EDGE_LOOP ( 'NONE', ( #169, #1527, #1385, #1099 ) ) ;
#1202 = CARTESIAN_POINT ( 'NONE',  ( 280.0000000000000000, 90.00000000000000000, 0.000000000000000000 ) ) ;
#1203 = ORIENTED_EDGE ( 'NONE', *, *, #1230, .T. ) ;
#1204 = MECHANICAL_CONTEXT ( 'NONE', #993, 'mechanical' ) ;
#1205 = AXIS2_PLACEMENT_3D ( 'NONE', #580, #103, #1454 ) ;
#1206 = CARTESIAN_POINT ( 'NONE',  ( -280.0000000000000000, 92.00000000000000000, 0.000000000000000000 ) ) ;
#1207 = AXIS2_PLACEMENT_3D ( 'NONE', #968, #1098, #845 ) ;
#1208 = CONICAL_SURFACE ( 'NONE', #649, 4.590000000000010516, 0.7853981633974479459 ) ;
#1209 = CARTESIAN_POINT ( 'NONE',  ( 280.0000000000000000, 52.00000000000000000, 0.000000000000000000 ) ) ;
#1210 = ADVANCED_FACE ( 'NONE', ( #1232, #1223 ), #500, .F. ) ;
#1211 = EDGE_LOOP ( 'NONE', ( #1267 ) ) ;
#1212 = FACE_BOUND ( 'NONE', #707, .T. ) ;
#1213 = ORIENTED_EDGE ( 'NONE', *, *, #180, .F. ) ;
#1214 = CARTESIAN_POINT ( 'NONE',  ( 125.5000000000000000, 0.000000000000000000, 50.00000000000004263 ) ) ;
#1215 = PLANE ( 'NONE',  #201 ) ;
#1216 = CARTESIAN_POINT ( 'NONE',  ( 258.0000000000000000, 90.00000000000000000, 49.99999999999998579 ) ) ;
#1217 = ORIENTED_EDGE ( 'NONE', *, *, #332, .F. ) ;
#1218 = EDGE_CURVE ( 'NONE', #989, #405, #1447, .T. ) ;
#1219 = LINE ( 'NONE', #638, #72 ) ;
#1220 = EDGE_LOOP ( 'NONE', ( #48, #42, #426, #1265 ) ) ;
#1221 = CARTESIAN_POINT ( 'NONE',  ( -169.9999999999999716, 2.000000000000000000, 52.58999999999999631 ) ) ;
#1222 = CARTESIAN_POINT ( 'NONE',  ( -34.50000000000002132, 0.000000000000000000, 50.00000000000002842 ) ) ;
#1223 = FACE_OUTER_BOUND ( 'NONE', #1005, .T. ) ;
#1224 = LINE ( 'NONE', #1091, #573 ) ;
#1225 = ORIENTED_EDGE ( 'NONE', *, *, #1332, .F. ) ;
#1226 = DIRECTION ( 'NONE',  ( 0.000000000000000000, 0.000000000000000000, 1.000000000000000000 ) ) ;
#1227 = EDGE_CURVE ( 'NONE', #1404, #14, #476, .T. ) ;
#1228 = EDGE_LOOP ( 'NONE', ( #260 ) ) ;
#1229 =( NAMED_UNIT ( * ) SI_UNIT ( $, .STERADIAN. ) SOLID_ANGLE_UNIT ( ) );
#1230 = EDGE_CURVE ( 'NONE', #405, #105, #1357, .T. ) ;
#1231 = DIRECTION ( 'NONE',  ( 1.000000000000000000, 0.000000000000000000, 0.000000000000000000 ) ) ;
#1232 = FACE_BOUND ( 'NONE', #1293, .T. ) ;
#1233 = CIRCLE ( 'NONE', #1358, 52.00000000000002132 ) ;
#1234 = DIRECTION ( 'NONE',  ( 0.000000000000000000, -1.000000000000000000, 0.000000000000000000 ) ) ;
#1235 = VERTEX_POINT ( 'NONE', #22 ) ;
#1236 = AXIS2_PLACEMENT_3D ( 'NONE', #1042, #1432, #1300 ) ;
#1237 = LINE ( 'NONE', #35, #594 ) ;
#1238 = ORIENTED_EDGE ( 'NONE', *, *, #232, .F. ) ;
#1239 = APPROVAL_ROLE ( '' ) ;
#1240 = DIRECTION ( 'NONE',  ( 0.000000000000000000, -0.000000000000000000, 1.000000000000000000 ) ) ;
#1241 = EDGE_CURVE ( 'NONE', #612, #16, #6, .T. ) ;
#1242 = DIRECTION ( 'NONE',  ( 1.000000000000000000, 0.000000000000000000, -0.000000000000000000 ) ) ;
#1243 = CARTESIAN_POINT ( 'NONE',  ( 228.0000000000000000, 1.999999999999994893, 0.000000000000000000 ) ) ;
#1244 = ORIENTED_EDGE ( 'NONE', *, *, #730, .T. ) ;
#1245 = DIRECTION ( 'NONE',  ( 0.000000000000000000, 1.000000000000000000, 0.000000000000000000 ) ) ;
#1246 = ORIENTED_EDGE ( 'NONE', *, *, #789, .T. ) ;
#1247 = COORDINATED_UNIVERSAL_TIME_OFFSET ( 1, 0, .AHEAD. ) ;
#1248 = DIRECTION ( 'NONE',  ( 0.000000000000000000, -1.000000000000000000, -0.000000000000000000 ) ) ;
#1249 = CARTESIAN_POINT ( 'NONE',  ( -258.0000000000000000, 92.00000000000000000, 250.0000000000000000 ) ) ;
#1250 = ORIENTED_EDGE ( 'NONE', *, *, #1268, .F. ) ;
#1251 = DIRECTION ( 'NONE',  ( 1.000000000000000000, 0.000000000000000000, 0.000000000000000000 ) ) ;
#1252 = ORIENTED_EDGE ( 'NONE', *, *, #1455, .F. ) ;
#1253 = CARTESIAN_POINT ( 'NONE',  ( 3.812579068080895920E-14, 2.000000000000000000, 50.00000000000001421 ) ) ;
#1254 = DIRECTION ( 'NONE',  ( 1.000000000000000000, 0.000000000000000000, 1.525031627232358630E-16 ) ) ;
#1255 = ORIENTED_EDGE ( 'NONE', *, *, #176, .F. ) ;
#1256 = AXIS2_PLACEMENT_3D ( 'NONE', #1313, #1557, #911 ) ;
#1257 = ADVANCED_FACE ( 'NONE', ( #149 ), #366, .T. ) ;
#1258 = AXIS2_PLACEMENT_3D ( 'NONE', #1171, #479, #961 ) ;
#1259 = DIRECTION ( 'NONE',  ( 0.000000000000000000, 0.000000000000000000, 1.000000000000000000 ) ) ;
#1260 = ORIENTED_EDGE ( 'NONE', *, *, #946, .F. ) ;
#1261 = VECTOR ( 'NONE', #1372, 1000.000000000000000 ) ;
#1262 = SECURITY_CLASSIFICATION ( '', '', #54 ) ;
#1263 = LINE ( 'NONE', #181, #1261 ) ;
#1264 = DIRECTION ( 'NONE',  ( 0.000000000000000000, 0.000000000000000000, -1.000000000000000000 ) ) ;
#1265 = ORIENTED_EDGE ( 'NONE', *, *, #1218, .F. ) ;
#1266 = DIRECTION ( 'NONE',  ( 0.000000000000000000, 0.000000000000000000, -1.000000000000000000 ) ) ;
#1267 = ORIENTED_EDGE ( 'NONE', *, *, #783, .T. ) ;
#1268 = EDGE_CURVE ( 'NONE', #989, #621, #1476, .T. ) ;
#1269 = PERSON_AND_ORGANIZATION_ROLE ( 'creator' ) ;
#1270 = DIRECTION ( 'NONE',  ( 1.000000000000000000, 0.000000000000000000, 0.000000000000000000 ) ) ;
#1271 = DIRECTION ( 'NONE',  ( 0.000000000000000000, 0.000000000000000000, -1.000000000000000000 ) ) ;
#1272 = ORIENTED_EDGE ( 'NONE', *, *, #1545, .F. ) ;
#1273 = LINE ( 'NONE', #915, #749 ) ;
#1274 = ORIENTED_EDGE ( 'NONE', *, *, #60, .F. ) ;
#1275 = ADVANCED_FACE ( 'NONE', ( #278 ), #1215, .T. ) ;
#1276 = EDGE_CURVE ( 'NONE', #448, #779, #607, .T. ) ;
#1277 = DIRECTION ( 'NONE',  ( 0.000000000000000000, -0.000000000000000000, -1.000000000000000000 ) ) ;
#1278 = DIRECTION ( 'NONE',  ( -0.000000000000000000, -1.000000000000000000, -0.000000000000000000 ) ) ;
#1279 = DIRECTION ( 'NONE',  ( 0.000000000000000000, 0.000000000000000000, 1.000000000000000000 ) ) ;
#1280 = EDGE_LOOP ( 'NONE', ( #1217 ) ) ;
#1281 = CARTESIAN_POINT ( 'NONE',  ( -125.5000000000000000, 92.00000000000000000, 141.0000000000000000 ) ) ;
#1282 = EDGE_LOOP ( 'NONE', ( #1037, #655, #813, #310 ) ) ;
#1283 = PERSON ( 'UNSPECIFIED', 'UNSPECIFIED', 'UNSPECIFIED', ('UNSPECIFIED'), ('UNSPECIFIED'), ('UNSPECIFIED') ) ;
#1284 = CIRCLE ( 'NONE', #570, 4.000000000000003553 ) ;
#1285 = AXIS2_PLACEMENT_3D ( 'NONE', #208, #88, #1051 ) ;
#1286 = AXIS2_PLACEMENT_3D ( 'NONE', #31, #239, #1090 ) ;
#1287 = CARTESIAN_POINT ( 'NONE',  ( 169.9999999999999716, -1.734723475976807883E-15, 49.99999999999998579 ) ) ;
#1288 = DIRECTION ( 'NONE',  ( -0.000000000000000000, -1.000000000000000000, -0.000000000000000000 ) ) ;
#1289 = EDGE_CURVE ( 'NONE', #1534, #81, #975, .T. ) ;
#1290 = DIRECTION ( 'NONE',  ( -0.000000000000000000, -0.000000000000000000, -1.000000000000000000 ) ) ;
#1291 = ORIENTED_EDGE ( 'NONE', *, *, #1555, .T. ) ;
#1292 = DIRECTION ( 'NONE',  ( -0.000000000000000000, 0.000000000000000000, -1.000000000000000000 ) ) ;
#1293 = EDGE_LOOP ( 'NONE', ( #379 ) ) ;
#1294 = CARTESIAN_POINT ( 'NONE',  ( 169.9999999999999716, 2.000000000000000000, 52.58999999999999631 ) ) ;
#1295 = FACE_OUTER_BOUND ( 'NONE', #1464, .T. ) ;
#1296 = ORIENTED_EDGE ( 'NONE', *, *, #750, .F. ) ;
#1297 = FACE_OUTER_BOUND ( 'NONE', #1389, .T. ) ;
#1298 = ORIENTED_EDGE ( 'NONE', *, *, #1417, .T. ) ;
#1299 = DIRECTION ( 'NONE',  ( 1.000000000000000000, 0.000000000000000000, 0.000000000000000000 ) ) ;
#1300 = DIRECTION ( 'NONE',  ( 0.000000000000000000, 0.000000000000000000, 1.000000000000000000 ) ) ;
#1301 = ORIENTED_EDGE ( 'NONE', *, *, #807, .F. ) ;
#1302 = DIRECTION ( 'NONE',  ( 0.000000000000000000, -0.000000000000000000, 1.000000000000000000 ) ) ;
#1303 = ORIENTED_EDGE ( 'NONE', *, *, #1241, .F. ) ;
#1304 = EDGE_CURVE ( 'NONE', #891, #105, #887, .T. ) ;
#1305 = AXIS2_PLACEMENT_3D ( 'NONE', #1475, #1240, #1231 ) ;
#1306 = CIRCLE ( 'NONE', #326, 50.00000000000001421 ) ;
#1307 = CARTESIAN_POINT ( 'NONE',  ( 280.0000000000000000, 92.00000000000000000, 300.0000000000000000 ) ) ;
#1308 = VECTOR ( 'NONE', #1248, 1000.000000000000000 ) ;
#1309 = CARTESIAN_POINT ( 'NONE',  ( -280.0000000000000000, 52.00000000000000000, 0.000000000000000000 ) ) ;
#1310 = VECTOR ( 'NONE', #1278, 1000.000000000000000 ) ;
#1311 = DIRECTION ( 'NONE',  ( 0.000000000000000000, 0.000000000000000000, 1.000000000000000000 ) ) ;
#1312 = EDGE_LOOP ( 'NONE', ( #368, #1496, #916, #196 ) ) ;
#1313 = CARTESIAN_POINT ( 'NONE',  ( -280.0000000000000000, 92.00000000000000000, 300.0000000000000000 ) ) ;
#1314 = EDGE_CURVE ( 'NONE', #419, #517, #1263, .T. ) ;
#1315 =( LENGTH_UNIT ( ) NAMED_UNIT ( * ) SI_UNIT ( .MILLI., .METRE. ) );
#1316 = LINE ( 'NONE', #1309, #549 ) ;
#1317 = CARTESIAN_POINT ( 'NONE',  ( 280.0000000000000000, 92.00000000000000000, 0.000000000000000000 ) ) ;
#1318 = ORIENTED_EDGE ( 'NONE', *, *, #964, .T. ) ;
#1319 = DIRECTION ( 'NONE',  ( 1.000000000000000000, 0.000000000000000000, 0.000000000000000000 ) ) ;
#1320 = PERSON_AND_ORGANIZATION ( #1283, #1137 ) ;
#1321 = EDGE_CURVE ( 'NONE', #1558, #28, #1145, .T. ) ;
#1322 = DIRECTION ( 'NONE',  ( -0.000000000000000000, -0.000000000000000000, -1.000000000000000000 ) ) ;
#1323 = DIRECTION ( 'NONE',  ( -0.000000000000000000, 0.000000000000000000, -1.000000000000000000 ) ) ;
#1324 = ORIENTED_EDGE ( 'NONE', *, *, #538, .F. ) ;
#1325 = DIRECTION ( 'NONE',  ( -0.000000000000000000, -1.000000000000000000, -0.000000000000000000 ) ) ;
#1326 = ORIENTED_EDGE ( 'NONE', *, *, #1332, .T. ) ;
#1327 = COORDINATED_UNIVERSAL_TIME_OFFSET ( 1, 0, .AHEAD. ) ;
#1328 = AXIS2_PLACEMENT_3D ( 'NONE', #142, #488, #620 ) ;
#1329 = CARTESIAN_POINT ( 'NONE',  ( 278.0000000000000000, 88.00000000000000000, 0.000000000000000000 ) ) ;
#1330 = VECTOR ( 'NONE', #1234, 1000.000000000000000 ) ;
#1331 = CARTESIAN_POINT ( 'NONE',  ( 0.000000000000000000, 2.000000000000000000, 141.0000000000000000 ) ) ;
#1332 = EDGE_CURVE ( 'NONE', #653, #517, #63, .T. ) ;
#1333 = AXIS2_PLACEMENT_3D ( 'NONE', #960, #249, #1441 ) ;
#1334 = PLANE ( 'NONE',  #1030 ) ;
#1335 = EDGE_LOOP ( 'NONE', ( #1301, #732, #507, #1326 ) ) ;
#1336 = LOCAL_TIME ( 9, 53, 12.00000000000000000, #1327 ) ;
#1337 = CARTESIAN_POINT ( 'NONE',  ( -228.0000000000000000, 1.999999999999994893, 300.0000000000000000 ) ) ;
#1338 = ORIENTED_EDGE ( 'NONE', *, *, #1289, .F. ) ;
#1339 = CARTESIAN_POINT ( 'NONE',  ( -125.5000000000000000, 2.000000000000001776, 141.0000000000000000 ) ) ;
#1340 = CARTESIAN_POINT ( 'NONE',  ( 169.9999999999999716, -1.734723475976807883E-15, 250.0000000000000000 ) ) ;
#1341 = ADVANCED_FACE ( 'NONE', ( #1498 ), #904, .T. ) ;
#1342 = DIRECTION ( 'NONE',  ( 1.525031627232358137E-16, 0.000000000000000000, 1.000000000000000000 ) ) ;
#1343 = EDGE_LOOP ( 'NONE', ( #429 ) ) ;
#1344 = EDGE_CURVE ( 'NONE', #1558, #612, #1504, .T. ) ;
#1345 = DIRECTION ( 'NONE',  ( 0.000000000000000000, 0.000000000000000000, -1.000000000000000000 ) ) ;
#1346 = ORIENTED_EDGE ( 'NONE', *, *, #1046, .T. ) ;
#1347 = VERTEX_POINT ( 'NONE', #1561 ) ;
#1348 = LINE ( 'NONE', #753, #146 ) ;
#1349 = DIRECTION ( 'NONE',  ( -1.000000000000000000, 0.000000000000000000, 0.000000000000000000 ) ) ;
#1350 = FACE_OUTER_BOUND ( 'NONE', #480, .T. ) ;
#1351 = VERTEX_POINT ( 'NONE', #292 ) ;
#1352 = DIRECTION ( 'NONE',  ( 0.000000000000000000, 0.000000000000000000, 1.000000000000000000 ) ) ;
#1353 = EDGE_LOOP ( 'NONE', ( #907, #745, #466, #639 ) ) ;
#1354 = ADVANCED_FACE ( 'NONE', ( #158 ), #421, .F. ) ;
#1355 = DATE_AND_TIME ( #170, #700 ) ;
#1356 = CARTESIAN_POINT ( 'NONE',  ( -240.0000000000000284, 90.00000000000000000, 300.0000000000000000 ) ) ;
#1357 = LINE ( 'NONE', #1104, #980 ) ;
#1358 = AXIS2_PLACEMENT_3D ( 'NONE', #77, #84, #544 ) ;
#1359 = CARTESIAN_POINT ( 'NONE',  ( -34.49999999999998579, 0.000000000000000000, 300.0000000000000000 ) ) ;
#1360 = AXIS2_PLACEMENT_3D ( 'NONE', #592, #815, #228 ) ;
#1361 = ORIENTED_EDGE ( 'NONE', *, *, #1314, .T. ) ;
#1362 = AXIS2_PLACEMENT_3D ( 'NONE', #992, #258, #1349 ) ;
#1363 = DIRECTION ( 'NONE',  ( 0.000000000000000000, 0.000000000000000000, 1.000000000000000000 ) ) ;
#1364 = CC_DESIGN_APPROVAL ( #293, ( #824 ) ) ;
#1365 = ORIENTED_EDGE ( 'NONE', *, *, #1393, .T. ) ;
#1366 = EDGE_CURVE ( 'NONE', #1235, #34, #151, .T. ) ;
#1367 = CARTESIAN_POINT ( 'NONE',  ( 125.5000000000000000, 0.000000000000000000, 300.0000000000000000 ) ) ;
#1368 = DIRECTION ( 'NONE',  ( 1.000000000000000000, 0.000000000000000000, 0.000000000000000000 ) ) ;
#1369 = ORIENTED_EDGE ( 'NONE', *, *, #20, .T. ) ;
#1370 = DIRECTION ( 'NONE',  ( 0.000000000000000000, -0.000000000000000000, -1.000000000000000000 ) ) ;
#1371 = ORIENTED_EDGE ( 'NONE', *, *, #538, .T. ) ;
#1372 = DIRECTION ( 'NONE',  ( -1.000000000000000000, 0.000000000000000000, 0.000000000000000000 ) ) ;
#1373 = ADVANCED_FACE ( 'NONE', ( #431, #1000 ), #304, .F. ) ;
#1374 = CARTESIAN_POINT ( 'NONE',  ( -228.0000000000000000, 1.999999999999994893, 0.000000000000000000 ) ) ;
#1375 = ORIENTED_EDGE ( 'NONE', *, *, #252, .T. ) ;
#1376 = LINE ( 'NONE', #1021, #525 ) ;
#1377 = EDGE_LOOP ( 'NONE', ( #690 ) ) ;
#1378 = DIRECTION ( 'NONE',  ( 0.000000000000000000, -0.000000000000000000, -1.000000000000000000 ) ) ;
#1379 = CARTESIAN_POINT ( 'NONE',  ( 125.5000000000000000, 92.00000000000000000, 50.00000000000004263 ) ) ;
#1380 = EDGE_CURVE ( 'NONE', #989, #891, #409, .T. ) ;
#1381 = EDGE_LOOP ( 'NONE', ( #1521, #999, #522, #183 ) ) ;
#1382 = VECTOR ( 'NONE', #841, 1000.000000000000000 ) ;
#1383 = AXIS2_PLACEMENT_3D ( 'NONE', #459, #117, #1074 ) ;
#1384 = LINE ( 'NONE', #553, #1107 ) ;
#1385 = ORIENTED_EDGE ( 'NONE', *, *, #1497, .F. ) ;
#1386 = AXIS2_PLACEMENT_3D ( 'NONE', #540, #79, #674 ) ;
#1387 = CARTESIAN_POINT ( 'NONE',  ( -258.0000000000000000, 92.00000000000000000, 250.0000000000000000 ) ) ;
#1388 = PLANE ( 'NONE',  #1055 ) ;
#1389 = EDGE_LOOP ( 'NONE', ( #1108, #1420, #971, #810 ) ) ;
#1390 = ADVANCED_FACE ( 'NONE', ( #68 ), #414, .F. ) ;
#1391 = DIRECTION ( 'NONE',  ( -0.000000000000000000, -0.000000000000000000, -1.000000000000000000 ) ) ;
#1392 = ORIENTED_EDGE ( 'NONE', *, *, #108, .T. ) ;
#1393 = EDGE_CURVE ( 'NONE', #827, #827, #250, .T. ) ;
#1394 = DIRECTION ( 'NONE',  ( 0.000000000000000000, 0.000000000000000000, 1.000000000000000000 ) ) ;
#1395 = DIRECTION ( 'NONE',  ( 1.000000000000000000, 0.000000000000000000, 0.000000000000000000 ) ) ;
#1396 = PLANE ( 'NONE',  #422 ) ;
#1397 = ORIENTED_EDGE ( 'NONE', *, *, #397, .F. ) ;
#1398 = DIRECTION ( 'NONE',  ( 0.000000000000000000, -1.000000000000000000, -0.000000000000000000 ) ) ;
#1399 = ORIENTED_EDGE ( 'NONE', *, *, #232, .T. ) ;
#1400 = ADVANCED_FACE ( 'NONE', ( #533, #308 ), #280, .F. ) ;
#1401 = CYLINDRICAL_SURFACE ( 'NONE', #719, 52.00000000000002132 ) ;
#1402 = DIRECTION ( 'NONE',  ( -0.000000000000000000, 1.000000000000000000, 0.000000000000000000 ) ) ;
#1403 = DIRECTION ( 'NONE',  ( 0.000000000000000000, 1.000000000000000000, 0.000000000000000000 ) ) ;
#1404 = VERTEX_POINT ( 'NONE', #893 ) ;
#1405 = DIRECTION ( 'NONE',  ( 0.000000000000000000, 1.000000000000000000, 0.000000000000000000 ) ) ;
#1406 = VECTOR ( 'NONE', #364, 1000.000000000000000 ) ;
#1407 = ORIENTED_EDGE ( 'NONE', *, *, #1227, .T. ) ;
#1408 = VECTOR ( 'NONE', #1405, 1000.000000000000000 ) ;
#1409 = VECTOR ( 'NONE', #384, 1000.000000000000000 ) ;
#1410 = CARTESIAN_POINT ( 'NONE',  ( 278.0000000000000000, 52.00000000000000000, 300.0000000000000000 ) ) ;
#1411 = DIRECTION ( 'NONE',  ( 1.000000000000000000, 0.000000000000000000, -0.000000000000000000 ) ) ;
#1412 = ORIENTED_EDGE ( 'NONE', *, *, #1082, .T. ) ;
#1413 = DIRECTION ( 'NONE',  ( -0.000000000000000000, 1.000000000000000000, -0.000000000000000000 ) ) ;
#1414 = ORIENTED_EDGE ( 'NONE', *, *, #807, .T. ) ;
#1415 = LINE ( 'NONE', #354, #1310 ) ;
#1416 = LINE ( 'NONE', #710, #1135 ) ;
#1417 = EDGE_CURVE ( 'NONE', #969, #14, #299, .T. ) ;
#1418 = EDGE_LOOP ( 'NONE', ( #712, #899, #237, #413 ) ) ;
#1419 = CARTESIAN_POINT ( 'NONE',  ( -240.0000000000000284, 90.00000000000000000, 300.0000000000000000 ) ) ;
#1420 = ORIENTED_EDGE ( 'NONE', *, *, #349, .F. ) ;
#1421 = FACE_BOUND ( 'NONE', #604, .T. ) ;
#1422 = LINE ( 'NONE', #920, #801 ) ;
#1423 = DIRECTION ( 'NONE',  ( 1.525031627232358137E-16, 0.000000000000000000, 1.000000000000000000 ) ) ;
#1424 = ADVANCED_FACE ( 'NONE', ( #526, #315 ), #552, .F. ) ;
#1425 = LINE ( 'NONE', #1061, #723 ) ;
#1426 = EDGE_LOOP ( 'NONE', ( #336 ) ) ;
#1427 = CARTESIAN_POINT ( 'NONE',  ( -280.0000000000000000, 92.00000000000000000, 300.0000000000000000 ) ) ;
#1428 = AXIS2_PLACEMENT_3D ( 'NONE', #147, #973, #1067 ) ;
#1429 = AXIS2_PLACEMENT_3D ( 'NONE', #1038, #318, #306 ) ;
#1430 = CARTESIAN_POINT ( 'NONE',  ( -34.50000000000000711, 0.000000000000000000, 141.0000000000000000 ) ) ;
#1431 = VECTOR ( 'NONE', #854, 1000.000000000000000 ) ;
#1432 = DIRECTION ( 'NONE',  ( -0.000000000000000000, -1.000000000000000000, -0.000000000000000000 ) ) ;
#1433 = VECTOR ( 'NONE', #331, 1000.000000000000000 ) ;
#1434 = LINE ( 'NONE', #586, #46 ) ;
#1435 = ORIENTED_EDGE ( 'NONE', *, *, #1162, .T. ) ;
#1436 = CC_DESIGN_PERSON_AND_ORGANIZATION_ASSIGNMENT ( #1143, #1269, ( #824 ) ) ;
#1437 = CARTESIAN_POINT ( 'NONE',  ( -278.0000000000000000, 52.00000000000000000, 300.0000000000000000 ) ) ;
#1438 = ORIENTED_EDGE ( 'NONE', *, *, #691, .T. ) ;
#1439 = EDGE_CURVE ( 'NONE', #105, #1085, #880, .T. ) ;
#1440 = CARTESIAN_POINT ( 'NONE',  ( -258.0000000000000000, 92.00000000000000000, 254.5899999999999750 ) ) ;
#1441 = DIRECTION ( 'NONE',  ( -1.000000000000000000, 0.000000000000000000, 0.000000000000000000 ) ) ;
#1442 = LINE ( 'NONE', #341, #400 ) ;
#1443 = VERTEX_POINT ( 'NONE', #759 ) ;
#1444 = CARTESIAN_POINT ( 'NONE',  ( -278.0000000000000000, 52.00000000000000000, 0.000000000000000000 ) ) ;
#1445 = ADVANCED_FACE ( 'NONE', ( #1011, #204, #1159, #1173, #1529, #1539, #556 ), #817, .T. ) ;
#1446 = VERTEX_POINT ( 'NONE', #491 ) ;
#1447 = LINE ( 'NONE', #628, #99 ) ;
#1448 = FACE_BOUND ( 'NONE', #1228, .T. ) ;
#1449 = VERTEX_POINT ( 'NONE', #85 ) ;
#1450 = DIRECTION ( 'NONE',  ( 1.000000000000000000, 0.000000000000000000, 0.000000000000000000 ) ) ;
#1451 = VERTEX_POINT ( 'NONE', #194 ) ;
#1452 = VERTEX_POINT ( 'NONE', #984 ) ;
#1453 = CIRCLE ( 'NONE', #399, 2.589999999999981206 ) ;
#1454 = DIRECTION ( 'NONE',  ( 1.000000000000000000, 0.000000000000000000, -0.000000000000000000 ) ) ;
#1455 = EDGE_CURVE ( 'NONE', #348, #295, #226, .T. ) ;
#1456 = CIRCLE ( 'NONE', #1285, 50.00000000000001421 ) ;
#1457 = DIRECTION ( 'NONE',  ( -0.000000000000000000, -1.000000000000000000, -0.000000000000000000 ) ) ;
#1458 = AXIS2_PLACEMENT_3D ( 'NONE', #1035, #173, #404 ) ;
#1459 = EDGE_CURVE ( 'NONE', #215, #725, #375, .T. ) ;
#1460 = LOCAL_TIME ( 9, 53, 12.00000000000000000, #1247 ) ;
#1461 = LINE ( 'NONE', #1359, #223 ) ;
#1462 = EDGE_LOOP ( 'NONE', ( #816 ) ) ;
#1463 = CARTESIAN_POINT ( 'NONE',  ( -228.0000000000000000, 1.999999999999994893, 0.000000000000000000 ) ) ;
#1464 = EDGE_LOOP ( 'NONE', ( #307, #962, #576, #36 ) ) ;
#1465 = PERSON_AND_ORGANIZATION_ROLE ( 'design_owner' ) ;
#1466 = DIRECTION ( 'NONE',  ( 1.000000000000000000, 0.000000000000000000, -0.000000000000000000 ) ) ;
#1467 = CARTESIAN_POINT ( 'NONE',  ( 278.0000000000000000, 52.00000000000000000, 0.000000000000000000 ) ) ;
#1468 = DIRECTION ( 'NONE',  ( 0.000000000000000000, 0.000000000000000000, 1.000000000000000000 ) ) ;
#1469 = EDGE_CURVE ( 'NONE', #653, #1235, #1523, .T. ) ;
#1470 = VERTEX_POINT ( 'NONE', #671 ) ;
#1471 = MANIFOLD_SOLID_BREP ( 'Spiegeln1', #772 ) ;
#1472 = CARTESIAN_POINT ( 'NONE',  ( 228.0000000000000000, 52.00000000000000000, 300.0000000000000000 ) ) ;
#1473 = ORIENTED_EDGE ( 'NONE', *, *, #1150, .T. ) ;
#1474 = VERTEX_POINT ( 'NONE', #966 ) ;
#1475 = CARTESIAN_POINT ( 'NONE',  ( 276.0000000000000000, 88.00000000000000000, 300.0000000000000000 ) ) ;
#1476 = LINE ( 'NONE', #729, #1109 ) ;
#1477 = DIRECTION ( 'NONE',  ( 0.000000000000000000, 0.000000000000000000, -1.000000000000000000 ) ) ;
#1478 = EDGE_LOOP ( 'NONE', ( #822 ) ) ;
#1479 = CC_DESIGN_DATE_AND_TIME_ASSIGNMENT ( #398, #885, ( #1262 ) ) ;
#1480 = LINE ( 'NONE', #516, #220 ) ;
#1481 = EDGE_LOOP ( 'NONE', ( #1473, #589, #762, #290 ) ) ;
#1482 = DIRECTION ( 'NONE',  ( -0.000000000000000000, -0.000000000000000000, -1.000000000000000000 ) ) ;
#1483 = AXIS2_PLACEMENT_3D ( 'NONE', #521, #1488, #849 ) ;
#1484 = CARTESIAN_POINT ( 'NONE',  ( 34.50000000000002132, 2.000000000000001776, 50.00000000000002842 ) ) ;
#1485 = AXIS2_PLACEMENT_3D ( 'NONE', #240, #1001, #1477 ) ;
#1486 = ORIENTED_EDGE ( 'NONE', *, *, #917, .T. ) ;
#1487 = AXIS2_PLACEMENT_3D ( 'NONE', #1249, #642, #1152 ) ;
#1488 = DIRECTION ( 'NONE',  ( -1.000000000000000000, -0.000000000000000000, 0.000000000000000000 ) ) ;
#1489 = VECTOR ( 'NONE', #518, 1000.000000000000000 ) ;
#1490 = ORIENTED_EDGE ( 'NONE', *, *, #1555, .F. ) ;
#1491 = ADVANCED_FACE ( 'NONE', ( #798, #1421, #337 ), #927, .F. ) ;
#1492 = DIRECTION ( 'NONE',  ( -0.000000000000000000, 1.000000000000000000, -0.000000000000000000 ) ) ;
#1493 = LINE ( 'NONE', #906, #76 ) ;
#1494 = ORIENTED_EDGE ( 'NONE', *, *, #546, .F. ) ;
#1495 = LINE ( 'NONE', #199, #1182 ) ;
#1496 = ORIENTED_EDGE ( 'NONE', *, *, #1528, .F. ) ;
#1497 = EDGE_CURVE ( 'NONE', #111, #1451, #1537, .T. ) ;
#1498 = FACE_OUTER_BOUND ( 'NONE', #381, .T. ) ;
#1499 = FACE_OUTER_BOUND ( 'NONE', #340, .T. ) ;
#1500 = ORIENTED_EDGE ( 'NONE', *, *, #1459, .F. ) ;
#1501 = CARTESIAN_POINT ( 'NONE',  ( 228.0000000000000000, 52.00000000000000000, 0.000000000000000000 ) ) ;
#1502 = EDGE_LOOP ( 'NONE', ( #788, #646, #1049, #269 ) ) ;
#1503 = DATE_AND_TIME ( #640, #100 ) ;
#1504 = LINE ( 'NONE', #171, #1489 ) ;
#1505 = EDGE_CURVE ( 'NONE', #565, #756, #578, .T. ) ;
#1506 = FACE_OUTER_BOUND ( 'NONE', #771, .T. ) ;
#1507 = EDGE_CURVE ( 'NONE', #661, #1165, #216, .T. ) ;
#1508 = ORIENTED_EDGE ( 'NONE', *, *, #1124, .F. ) ;
#1509 = VECTOR ( 'NONE', #321, 1000.000000000000000 ) ;
#1510 = AXIS2_PLACEMENT_3D ( 'NONE', #711, #1292, #451 ) ;
#1511 = CARTESIAN_POINT ( 'NONE',  ( 228.0000000000000000, 1.999999999999994893, 0.000000000000000000 ) ) ;
#1512 = ORIENTED_EDGE ( 'NONE', *, *, #20, .F. ) ;
#1513 = VECTOR ( 'NONE', #1530, 1000.000000000000000 ) ;
#1514 = AXIS2_PLACEMENT_3D ( 'NONE', #1191, #1288, #107 ) ;
#1515 = CARTESIAN_POINT ( 'NONE',  ( -278.0000000000000000, 52.00000000000000000, 0.000000000000000000 ) ) ;
#1516 = DIRECTION ( 'NONE',  ( 0.000000000000000000, -0.000000000000000000, -1.000000000000000000 ) ) ;
#1517 = LINE ( 'NONE', #785, #1008 ) ;
#1518 = EDGE_LOOP ( 'NONE', ( #871 ) ) ;
#1519 = EDGE_CURVE ( 'NONE', #1351, #565, #461, .T. ) ;
#1520 = CARTESIAN_POINT ( 'NONE',  ( -169.9999999999999716, -1.734723475976807883E-15, 250.0000000000000000 ) ) ;
#1521 = ORIENTED_EDGE ( 'NONE', *, *, #1304, .T. ) ;
#1522 = DIRECTION ( 'NONE',  ( 0.000000000000000000, 0.000000000000000000, -1.000000000000000000 ) ) ;
#1523 = LINE ( 'NONE', #949, #1160 ) ;
#1524 = DIRECTION ( 'NONE',  ( 1.000000000000000000, 0.000000000000000000, 0.000000000000000000 ) ) ;
#1525 = ORIENTED_EDGE ( 'NONE', *, *, #946, .T. ) ;
#1526 = CARTESIAN_POINT ( 'NONE',  ( 276.0000000000000000, 88.00000000000000000, 300.0000000000000000 ) ) ;
#1527 = ORIENTED_EDGE ( 'NONE', *, *, #997, .F. ) ;
#1528 = EDGE_CURVE ( 'NONE', #867, #543, #1041, .T. ) ;
#1529 = FACE_BOUND ( 'NONE', #1426, .T. ) ;
#1530 = DIRECTION ( 'NONE',  ( 1.000000000000000000, 0.000000000000000000, 0.000000000000000000 ) ) ;
#1531 = VERTEX_POINT ( 'NONE', #1430 ) ;
#1532 = CARTESIAN_POINT ( 'NONE',  ( 258.0000000000000000, 92.00000000000000000, 49.99999999999998579 ) ) ;
#1533 = AXIS2_PLACEMENT_3D ( 'NONE', #1472, #395, #757 ) ;
#1534 = VERTEX_POINT ( 'NONE', #439 ) ;
#1535 = AXIS2_PLACEMENT_3D ( 'NONE', #519, #1117, #367 ) ;
#1536 = CIRCLE ( 'NONE', #820, 4.000000000000003553 ) ;
#1537 = CIRCLE ( 'NONE', #956, 52.00000000000002132 ) ;
#1538 = EDGE_CURVE ( 'NONE', #679, #1085, #1415, .T. ) ;
#1539 = FACE_BOUND ( 'NONE', #282, .T. ) ;
#1540 = DIRECTION ( 'NONE',  ( 0.000000000000000000, 0.000000000000000000, 1.000000000000000000 ) ) ;
#1541 = ORIENTED_EDGE ( 'NONE', *, *, #1073, .T. ) ;
#1542 = CARTESIAN_POINT ( 'NONE',  ( 276.0000000000000000, 88.00000000000000000, 0.000000000000000000 ) ) ;
#1543 = ORIENTED_EDGE ( 'NONE', *, *, #116, .T. ) ;
#1544 = DIRECTION ( 'NONE',  ( 0.000000000000000000, -0.000000000000000000, -1.000000000000000000 ) ) ;
#1545 = EDGE_CURVE ( 'NONE', #613, #613, #427, .T. ) ;
#1546 = FACE_OUTER_BOUND ( 'NONE', #1120, .T. ) ;
#1547 = FACE_OUTER_BOUND ( 'NONE', #515, .T. ) ;
#1548 = FACE_OUTER_BOUND ( 'NONE', #1045, .T. ) ;
#1549 = ORIENTED_EDGE ( 'NONE', *, *, #32, .T. ) ;
#1550 = LINE ( 'NONE', #230, #1079 ) ;
#1551 = DIRECTION ( 'NONE',  ( 0.000000000000000000, 0.000000000000000000, 1.000000000000000000 ) ) ;
#1552 = FACE_OUTER_BOUND ( 'NONE', #26, .T. ) ;
#1553 = EDGE_CURVE ( 'NONE', #947, #1155, #919, .T. ) ;
#1554 = DIRECTION ( 'NONE',  ( 0.000000000000000000, 1.000000000000000000, 0.000000000000000000 ) ) ;
#1555 = EDGE_CURVE ( 'NONE', #1443, #756, #322, .T. ) ;
#1556 = ORIENTED_EDGE ( 'NONE', *, *, #750, .T. ) ;
#1557 = DIRECTION ( 'NONE',  ( 0.000000000000000000, -1.000000000000000000, -0.000000000000000000 ) ) ;
#1558 = VERTEX_POINT ( 'NONE', #805 ) ;
#1559 = CIRCLE ( 'NONE', #1305, 4.000000000000003553 ) ;
#1560 = CIRCLE ( 'NONE', #952, 2.589999999999981206 ) ;
#1561 = CARTESIAN_POINT ( 'NONE',  ( 169.9999999999999716, -1.734723475976807883E-15, 245.4099999999999966 ) ) ;
#1562 = CIRCLE ( 'NONE', #1083, 2.589999999999981206 ) ;
#1563 = CARTESIAN_POINT ( 'NONE',  ( 240.0000000000000284, 90.00000000000000000, 300.0000000000000000 ) ) ;
#1564 = AXIS2_PLACEMENT_3D ( 'NONE', #344, #456, #1183 ) ;
#1565 = DIRECTION ( 'NONE',  ( 1.000000000000000000, 0.000000000000000000, 0.000000000000000000 ) ) ;
ENDSEC;
END-ISO-10303-21;
