ISO-10303-21;
HEADER;
FILE_DESCRIPTION (( 'STEP AP214' ),
    '1' );
FILE_NAME ('03_098_sheetmetal_box holder.STEP',
    '2020-10-07T15:12:15',
    ( '' ),
    ( '' ),
    'SwSTEP 2.0',
    'SolidWorks 2018',
    '' );
FILE_SCHEMA (( 'AUTOMOTIVE_DESIGN' ));
ENDSEC;

DATA;
#1 = EDGE_LOOP ( 'NONE', ( #189, #57, #91, #194 ) ) ;
#2 = CARTESIAN_POINT ( 'NONE',  ( 204.4999999999999147, -1.999999999999998224, -151.0000000000000000 ) ) ;
#3 = AXIS2_PLACEMENT_3D ( 'NONE', #1589, #871, #541 ) ;
#4 = EDGE_LOOP ( 'NONE', ( #432, #1328, #456, #217 ) ) ;
#5 = CARTESIAN_POINT ( 'NONE',  ( -205.4999999999998579, 0.0000000000000000000, -150.0000000000000000 ) ) ;
#6 = LINE ( 'NONE', #1410, #1134 ) ;
#7 = DIRECTION ( 'NONE',  ( 8.886914679068201862E-17, 0.9396926207859093161, -0.3420201433256661039 ) ) ;
#8 = FACE_OUTER_BOUND ( 'NONE', #700, .T. ) ;
#9 = CARTESIAN_POINT ( 'NONE',  ( 170.0000000599895600, -2.000000000000000000, 121.0000000000000000 ) ) ;
#10 = EDGE_LOOP ( 'NONE', ( #1131, #1523, #656, #1785 ) ) ;
#11 = EDGE_LOOP ( 'NONE', ( #752, #1027, #495, #1371 ) ) ;
#12 = ADVANCED_FACE ( 'NONE', ( #688 ), #938, .F. ) ;
#13 = DIRECTION ( 'NONE',  ( 8.659560562354913137E-17, 0.7071067811865489050, -0.7071067811865460184 ) ) ;
#14 = EDGE_CURVE ( 'NONE', #1153, #1216, #1241, .T. ) ;
#15 = ADVANCED_FACE ( 'NONE', ( #533 ), #1814, .F. ) ;
#16 = ORIENTED_EDGE ( 'NONE', *, *, #1861, .T. ) ;
#17 = CARTESIAN_POINT ( 'NONE',  ( -205.4999999999998863, 1.315959713348663351, 152.8793852415718675 ) ) ;
#18 = DIRECTION ( 'NONE',  ( -6.345914742499209060E-17, 0.3420201433256725432, -0.9396926207859069846 ) ) ;
#19 = AXIS2_PLACEMENT_3D ( 'NONE', #411, #1667, #1357 ) ;
#20 = EDGE_LOOP ( 'NONE', ( #1330, #648, #1867, #965 ) ) ;
#21 = VERTEX_POINT ( 'NONE', #718 ) ;
#22 = LINE ( 'NONE', #1395, #1665 ) ;
#23 = CARTESIAN_POINT ( 'NONE',  ( 204.4999999999998579, 13.97305590214019766, -159.6198945447948176 ) ) ;
#24 = ADVANCED_FACE ( 'NONE', ( #515, #1068, #1362, #119, #1576, #1700, #894 ), #1042, .T. ) ;
#25 = ADVANCED_FACE ( 'NONE', ( #478 ), #1167, .T. ) ;
#26 = ORIENTED_EDGE ( 'NONE', *, *, #1685, .T. ) ;
#27 = CIRCLE ( 'NONE', #1135, 3.000000000000009770 ) ;
#28 = EDGE_CURVE ( 'NONE', #1724, #806, #877, .T. ) ;
#29 = CARTESIAN_POINT ( 'NONE',  ( 205.5000000000000568, 2.000000000000000000, -149.9999999999999432 ) ) ;
#30 = CARTESIAN_POINT ( 'NONE',  ( -214.1198945447945334, 13.97305590214023141, 150.0000000000000000 ) ) ;
#31 = AXIS2_PLACEMENT_3D ( 'NONE', #340, #1124, #1402 ) ;
#32 = DIRECTION ( 'NONE',  ( 1.000000000000000000, -2.170430669762080562E-17, -7.543153574326735280E-17 ) ) ;
#33 = CARTESIAN_POINT ( 'NONE',  ( 205.5000000000000853, 2.000000000000000000, 150.0000000000000284 ) ) ;
#34 = ADVANCED_FACE ( 'NONE', ( #320 ), #1453, .F. ) ;
#35 = ORIENTED_EDGE ( 'NONE', *, *, #1277, .T. ) ;
#36 = CARTESIAN_POINT ( 'NONE',  ( -170.9999999400103547, -2.001000000000005219, 89.49999999999519673 ) ) ;
#37 = CARTESIAN_POINT ( 'NONE',  ( 205.5000000000000853, -2.000000000000000000, 150.9999999999999716 ) ) ;
#38 = VERTEX_POINT ( 'NONE', #1182 ) ;
#39 = EDGE_CURVE ( 'NONE', #663, #550, #1748, .T. ) ;
#40 = AXIS2_PLACEMENT_3D ( 'NONE', #228, #1299, #1588 ) ;
#41 = VERTEX_POINT ( 'NONE', #433 ) ;
#42 = CARTESIAN_POINT ( 'NONE',  ( -204.4999999999999147, 2.000000000000000000, 151.0000000000000000 ) ) ;
#43 = ORIENTED_EDGE ( 'NONE', *, *, #521, .T. ) ;
#44 = DIRECTION ( 'NONE',  ( -0.0000000000000000000, 1.000000000000000000, -0.0000000000000000000 ) ) ;
#45 = EDGE_CURVE ( 'NONE', #1230, #527, #1246, .T. ) ;
#46 = ORIENTED_EDGE ( 'NONE', *, *, #183, .F. ) ;
#47 = DIRECTION ( 'NONE',  ( -1.000000000000000000, 0.0000000000000000000, -0.0000000000000000000 ) ) ;
#48 = CARTESIAN_POINT ( 'NONE',  ( -215.1459549747715698, 16.79213376449786921, -150.0000000000000000 ) ) ;
#49 = EDGE_LOOP ( 'NONE', ( #1591, #1553, #837, #322 ) ) ;
#50 = DIRECTION ( 'NONE',  ( -1.000000000000000000, 0.0000000000000000000, -0.0000000000000000000 ) ) ;
#51 = PLANE ( 'NONE',  #301 ) ;
#52 = DIRECTION ( 'NONE',  ( -0.0000000000000000000, 1.000000000000000000, -0.0000000000000000000 ) ) ;
#53 = CARTESIAN_POINT ( 'NONE',  ( 205.4999999999999432, 0.0000000000000000000, -150.0000000000000284 ) ) ;
#54 = CARTESIAN_POINT ( 'NONE',  ( 205.5000000000000284, 2.000000000000000000, -300.0290546400674430 ) ) ;
#55 = EDGE_CURVE ( 'NONE', #573, #393, #1312, .T. ) ;
#56 = AXIS2_PLACEMENT_3D ( 'NONE', #346, #1262, #799 ) ;
#57 = ORIENTED_EDGE ( 'NONE', *, *, #1277, .F. ) ;
#58 = CARTESIAN_POINT ( 'NONE',  ( 215.1412330193522848, 16.79385241571818099, -4.490519247743882959E-14 ) ) ;
#59 = DIRECTION ( 'NONE',  ( 1.000000000000000000, 0.0000000000000000000, 0.0000000000000000000 ) ) ;
#60 = FACE_OUTER_BOUND ( 'NONE', #1148, .T. ) ;
#61 = CIRCLE ( 'NONE', #1474, 1.000000000000000888 ) ;
#62 = EDGE_CURVE ( 'NONE', #681, #1370, #1613, .T. ) ;
#63 = STYLED_ITEM ( 'NONE', ( #1763 ), #1234 ) ;
#64 = ORIENTED_EDGE ( 'NONE', *, *, #1133, .F. ) ;
#65 = DIRECTION ( 'NONE',  ( 1.838117590439001900E-16, 2.465190328815661892E-32, 1.000000000000000000 ) ) ;
#66 = FACE_OUTER_BOUND ( 'NONE', #157, .T. ) ;
#67 = DIRECTION ( 'NONE',  ( -0.0000000000000000000, 1.000000000000000000, -0.0000000000000000000 ) ) ;
#68 = AXIS2_PLACEMENT_3D ( 'NONE', #408, #539, #1721 ) ;
#69 = EDGE_LOOP ( 'NONE', ( #1623, #723 ) ) ;
#70 = VERTEX_POINT ( 'NONE', #1759 ) ;
#71 = DIRECTION ( 'NONE',  ( 0.0000000000000000000, -0.9396926207859065405, 0.3420201433256736534 ) ) ;
#72 = EDGE_CURVE ( 'NONE', #550, #1143, #1775, .T. ) ;
#73 = CIRCLE ( 'NONE', #1567, 4.000000000000003553 ) ;
#74 = FACE_OUTER_BOUND ( 'NONE', #1459, .T. ) ;
#75 = DIRECTION ( 'NONE',  ( -0.0000000000000000000, 1.000000000000000000, -0.0000000000000000000 ) ) ;
#76 = EDGE_CURVE ( 'NONE', #1392, #1275, #974, .T. ) ;
#77 = VERTEX_POINT ( 'NONE', #1336 ) ;
#78 = DIRECTION ( 'NONE',  ( -0.9396926207859068736, -0.3420201433256725432, 8.636327679361568689E-17 ) ) ;
#79 = VECTOR ( 'NONE', #1469, 1000.000000000000114 ) ;
#80 = VERTEX_POINT ( 'NONE', #1347 ) ;
#81 = VECTOR ( 'NONE', #209, 1000.000000000000114 ) ;
#82 = LINE ( 'NONE', #1219, #1584 ) ;
#83 = CARTESIAN_POINT ( 'NONE',  ( -189.9999999400106105, 0.0000000000000000000, -120.9999999999999716 ) ) ;
#84 = FACE_OUTER_BOUND ( 'NONE', #1094, .T. ) ;
#85 = EDGE_CURVE ( 'NONE', #1617, #1659, #349, .T. ) ;
#86 = CARTESIAN_POINT ( 'NONE',  ( 110.0000000599893895, -2.000000000000000000, -60.50000000000472511 ) ) ;
#87 = LINE ( 'NONE', #1071, #1595 ) ;
#88 = DIRECTION ( 'NONE',  ( 0.0000000000000000000, 0.0000000000000000000, 1.000000000000000000 ) ) ;
#89 = CIRCLE ( 'NONE', #1738, 3.735000000000002096 ) ;
#90 = FACE_OUTER_BOUND ( 'NONE', #903, .T. ) ;
#91 = ORIENTED_EDGE ( 'NONE', *, *, #1800, .F. ) ;
#92 = CARTESIAN_POINT ( 'NONE',  ( -201.4999999999998579, 16.79385241571815257, -160.6412330193522564 ) ) ;
#93 = FACE_BOUND ( 'NONE', #1682, .T. ) ;
#94 = CIRCLE ( 'NONE', #296, 3.000000000000000000 ) ;
#95 = CARTESIAN_POINT ( 'NONE',  ( -205.4999999999998579, 0.0000000000000000000, 149.9999999999999432 ) ) ;
#96 = VECTOR ( 'NONE', #517, 1000.000000000000000 ) ;
#97 = AXIS2_PLACEMENT_3D ( 'NONE', #400, #555, #1616 ) ;
#98 = ADVANCED_FACE ( 'NONE', ( #1081 ), #604, .T. ) ;
#99 = DIRECTION ( 'NONE',  ( 1.269182948499851673E-16, 0.3420201433256725432, 0.9396926207859068736 ) ) ;
#100 = CARTESIAN_POINT ( 'NONE',  ( -205.4999999999998295, -1.999999999999992228, 149.9999999999999432 ) ) ;
#101 = VECTOR ( 'NONE', #1730, 1000.000000000000114 ) ;
#102 = DIRECTION ( 'NONE',  ( 0.0000000000000000000, 0.0000000000000000000, -1.000000000000000000 ) ) ;
#103 = DIRECTION ( 'NONE',  ( -1.269182948499841565E-16, -0.3420201433256726542, -0.9396926207859068736 ) ) ;
#104 = CIRCLE ( 'NONE', #153, 3.000000000000001776 ) ;
#105 = ORIENTED_EDGE ( 'NONE', *, *, #263, .F. ) ;
#106 = CIRCLE ( 'NONE', #588, 3.000000000000009770 ) ;
#107 = DIRECTION ( 'NONE',  ( -0.0000000000000000000, 1.000000000000000000, -0.0000000000000000000 ) ) ;
#108 = DIRECTION ( 'NONE',  ( 8.659560562354913137E-17, 0.7071067811865489050, -0.7071067811865460184 ) ) ;
#109 = ADVANCED_FACE ( 'NONE', ( #546 ), #773, .F. ) ;
#110 = EDGE_CURVE ( 'NONE', #335, #489, #1024, .T. ) ;
#111 = ORIENTED_EDGE ( 'NONE', *, *, #14, .F. ) ;
#112 = AXIS2_PLACEMENT_3D ( 'NONE', #572, #1501, #1498 ) ;
#113 = DIRECTION ( 'NONE',  ( -0.3420201433256734869, 0.9396926207859067626, 0.0000000000000000000 ) ) ;
#114 = ORIENTED_EDGE ( 'NONE', *, *, #553, .T. ) ;
#115 = ORIENTED_EDGE ( 'NONE', *, *, #1778, .T. ) ;
#116 = FACE_OUTER_BOUND ( 'NONE', #11, .T. ) ;
#117 = ADVANCED_FACE ( 'NONE', ( #600 ), #167, .T. ) ;
#118 = FACE_OUTER_BOUND ( 'NONE', #1476, .T. ) ;
#119 = FACE_OUTER_BOUND ( 'NONE', #1712, .T. ) ;
#120 = FACE_OUTER_BOUND ( 'NONE', #522, .T. ) ;
#121 = DIRECTION ( 'NONE',  ( 0.9396926207859068736, -0.3420201433256726542, -1.727265535872301412E-16 ) ) ;
#122 = DIRECTION ( 'NONE',  ( 0.0000000000000000000, -1.000000000000000000, 0.0000000000000000000 ) ) ;
#123 = EDGE_CURVE ( 'NONE', #1486, #1518, #506, .T. ) ;
#124 = CYLINDRICAL_SURFACE ( 'NONE', #951, 3.000000000000002665 ) ;
#125 = CARTESIAN_POINT ( 'NONE',  ( -212.2357873478033525, 14.65881484001176993, -147.0000000000000000 ) ) ;
#126 = AXIS2_PLACEMENT_3D ( 'NONE', #1067, #1369, #449 ) ;
#127 = ORIENTED_EDGE ( 'NONE', *, *, #1331, .T. ) ;
#128 = VECTOR ( 'NONE', #1657, 1000.000000000000114 ) ;
#129 = DIRECTION ( 'NONE',  ( -0.9396926207859069846, 0.3420201433256725432, 1.727265535872313491E-16 ) ) ;
#130 = ORIENTED_EDGE ( 'NONE', *, *, #885, .F. ) ;
#131 = ADVANCED_FACE ( 'NONE', ( #1462 ), #1096, .T. ) ;
#132 = DIRECTION ( 'NONE',  ( 0.0000000000000000000, 0.7071067811865489050, 0.7071067811865460184 ) ) ;
#133 = VECTOR ( 'NONE', #1915, 1000.000000000000000 ) ;
#134 = DIRECTION ( 'NONE',  ( 0.9396926207859068736, -0.3420201433256726542, -1.727265535872301412E-16 ) ) ;
#135 = DIRECTION ( 'NONE',  ( 1.000000000000000000, 0.0000000000000000000, 0.0000000000000000000 ) ) ;
#136 = ORIENTED_EDGE ( 'NONE', *, *, #1680, .F. ) ;
#137 = EDGE_CURVE ( 'NONE', #70, #1681, #226, .T. ) ;
#138 = EDGE_CURVE ( 'NONE', #573, #1268, #1580, .T. ) ;
#139 = VERTEX_POINT ( 'NONE', #195 ) ;
#140 = ORIENTED_EDGE ( 'NONE', *, *, #836, .T. ) ;
#141 = DIRECTION ( 'NONE',  ( 1.000000000000000000, -0.0000000000000000000, -6.753181414994869848E-17 ) ) ;
#142 = SURFACE_STYLE_USAGE ( .BOTH. , #1072 ) ;
#143 = CARTESIAN_POINT ( 'NONE',  ( 205.4999999999998579, 0.0000000000000000000, 150.0000000000000000 ) ) ;
#144 = DIRECTION ( 'NONE',  ( -0.0000000000000000000, 1.000000000000000000, -0.0000000000000000000 ) ) ;
#145 = CARTESIAN_POINT ( 'NONE',  ( 207.3793852415718391, 1.315959713348746618, -149.9999999999999716 ) ) ;
#146 = DIRECTION ( 'NONE',  ( 0.0000000000000000000, 1.000000000000000000, -0.0000000000000000000 ) ) ;
#147 = ORIENTED_EDGE ( 'NONE', *, *, #682, .F. ) ;
#148 = EDGE_CURVE ( 'NONE', #1311, #1518, #993, .T. ) ;
#149 = CYLINDRICAL_SURFACE ( 'NONE', #1573, 2.000000000000001776 ) ;
#150 = ADVANCED_FACE ( 'NONE', ( #66 ), #366, .T. ) ;
#151 = ORIENTED_EDGE ( 'NONE', *, *, #807, .T. ) ;
#152 = FACE_OUTER_BOUND ( 'NONE', #214, .T. ) ;
#153 = AXIS2_PLACEMENT_3D ( 'NONE', #1222, #18, #1797 ) ;
#154 = DIRECTION ( 'NONE',  ( 0.0000000000000000000, 0.0000000000000000000, 1.000000000000000000 ) ) ;
#155 = EDGE_LOOP ( 'NONE', ( #231, #909, #1442, #923 ) ) ;
#156 = CARTESIAN_POINT ( 'NONE',  ( -170.9999999400103547, -2.000000000000000000, 95.49999999999519673 ) ) ;
#157 = EDGE_LOOP ( 'NONE', ( #749, #372, #1382, #136 ) ) ;
#158 = CARTESIAN_POINT ( 'NONE',  ( 0.0000000000000000000, 0.0000000000000000000, 0.0000000000000000000 ) ) ;
#159 = DIRECTION ( 'NONE',  ( 4.619448150921626581E-17, -0.9396926207859069846, 0.3420201433256725432 ) ) ;
#160 = ORIENTED_EDGE ( 'NONE', *, *, #1515, .T. ) ;
#161 = ORIENTED_EDGE ( 'NONE', *, *, #1013, .F. ) ;
#162 = CARTESIAN_POINT ( 'NONE',  ( -214.1151725893751347, 13.97477455336042951, 146.9999999999999716 ) ) ;
#163 = ORIENTED_EDGE ( 'NONE', *, *, #1098, .T. ) ;
#164 = DIRECTION ( 'NONE',  ( 0.0000000000000000000, 0.0000000000000000000, -1.000000000000000000 ) ) ;
#165 = VERTEX_POINT ( 'NONE', #204 ) ;
#166 = ADVANCED_FACE ( 'NONE', ( #624 ), #429, .T. ) ;
#167 = PLANE ( 'NONE',  #1280 ) ;
#168 = EDGE_CURVE ( 'NONE', #500, #339, #839, .T. ) ;
#169 = PRODUCT_RELATED_PRODUCT_CATEGORY ( 'part', '', ( #1248 ) ) ;
#170 = DIRECTION ( 'NONE',  ( 0.0000000000000000000, 0.0000000000000000000, 1.000000000000000000 ) ) ;
#171 = AXIS2_PLACEMENT_3D ( 'NONE', #1232, #1658, #786 ) ;
#172 = CARTESIAN_POINT ( 'NONE',  ( -409.0213119486714390, 2.000000000000000000, -150.9999999999999716 ) ) ;
#173 = VERTEX_POINT ( 'NONE', #1158 ) ;
#174 = LINE ( 'NONE', #534, #1011 ) ;
#175 = CIRCLE ( 'NONE', #1150, 2.000000000000001776 ) ;
#176 = ADVANCED_FACE ( 'NONE', ( #485 ), #377, .F. ) ;
#177 = DIRECTION ( 'NONE',  ( 1.838117590439001900E-16, 2.465190328815661892E-32, 1.000000000000000000 ) ) ;
#178 = CARTESIAN_POINT ( 'NONE',  ( 209.2587704831437065, 0.6319194266973526819, 150.0000000000000000 ) ) ;
#179 = FILL_AREA_STYLE ('',( #329 ) ) ;
#180 = CARTESIAN_POINT ( 'NONE',  ( 204.4999999999998579, -2.813952564298754844, 153.5099231406362037 ) ) ;
#181 = EDGE_CURVE ( 'NONE', #1236, #806, #1297, .T. ) ;
#182 = ORIENTED_EDGE ( 'NONE', *, *, #642, .T. ) ;
#183 = EDGE_CURVE ( 'NONE', #1449, #261, #27, .T. ) ;
#184 = DIRECTION ( 'NONE',  ( -0.3420201433256736534, -0.9396926207859065405, 0.0000000000000000000 ) ) ;
#185 = CARTESIAN_POINT ( 'NONE',  ( -201.4999999999998579, 13.97305590214020476, 159.6198945447948176 ) ) ;
#186 = DIRECTION ( 'NONE',  ( 1.000000000000000000, -0.0000000000000000000, -1.350636282998974216E-16 ) ) ;
#187 = VERTEX_POINT ( 'NONE', #1295 ) ;
#188 = DIRECTION ( 'NONE',  ( 0.0000000000000000000, 0.0000000000000000000, -1.000000000000000000 ) ) ;
#189 = ORIENTED_EDGE ( 'NONE', *, *, #935, .F. ) ;
#190 = VECTOR ( 'NONE', #1001, 1000.000000000000114 ) ;
#191 = CARTESIAN_POINT ( 'NONE',  ( -207.3793852415717254, 1.315959713348691107, -150.0000000000000000 ) ) ;
#192 = ORIENTED_EDGE ( 'NONE', *, *, #1680, .T. ) ;
#193 = CARTESIAN_POINT ( 'NONE',  ( 170.0000000599895600, 0.0000000000000000000, -121.0000000000000000 ) ) ;
#194 = ORIENTED_EDGE ( 'NONE', *, *, #843, .F. ) ;
#195 = CARTESIAN_POINT ( 'NONE',  ( 204.4999999999998579, 1.315959713348663351, 152.8793852415718106 ) ) ;
#196 = LINE ( 'NONE', #922, #813 ) ;
#197 = EDGE_CURVE ( 'NONE', #1085, #681, #1111, .T. ) ;
#198 = ORIENTED_EDGE ( 'NONE', *, *, #682, .T. ) ;
#199 = FACE_OUTER_BOUND ( 'NONE', #1477, .T. ) ;
#200 = ADVANCED_FACE ( 'NONE', ( #1006 ), #292, .F. ) ;
#201 = CIRCLE ( 'NONE', #1378, 3.000000000000002665 ) ;
#202 = CARTESIAN_POINT ( 'NONE',  ( 201.4999999999998579, 16.79385241571815257, -160.6412330193523132 ) ) ;
#203 = ORIENTED_EDGE ( 'NONE', *, *, #1541, .F. ) ;
#204 = CARTESIAN_POINT ( 'NONE',  ( 213.2618477777804458, 17.47789270236951964, -147.0000000000000000 ) ) ;
#205 = ORIENTED_EDGE ( 'NONE', *, *, #529, .T. ) ;
#206 = VECTOR ( 'NONE', #1832, 1000.000000000000000 ) ;
#207 = CARTESIAN_POINT ( 'NONE',  ( 204.4999999999998579, 0.0000000000000000000, -151.0000000000000000 ) ) ;
#208 = VERTEX_POINT ( 'NONE', #453 ) ;
#209 = DIRECTION ( 'NONE',  ( 0.0000000000000000000, 0.7071067811865489050, 0.7071067811865460184 ) ) ;
#210 = EDGE_CURVE ( 'NONE', #570, #590, #910, .T. ) ;
#211 = DIRECTION ( 'NONE',  ( -1.000000000000000000, -0.0000000000000000000, -0.0000000000000000000 ) ) ;
#212 = CIRCLE ( 'NONE', #1338, 1.000000000000000888 ) ;
#213 = DIRECTION ( 'NONE',  ( -6.345914742499207827E-17, 0.3420201433256725432, -0.9396926207859069846 ) ) ;
#214 = EDGE_LOOP ( 'NONE', ( #1791, #1728, #317, #671 ) ) ;
#215 = CARTESIAN_POINT ( 'NONE',  ( -215.1459549747715130, 16.79213376449786921, 150.0000000000000000 ) ) ;
#216 = AXIS2_PLACEMENT_3D ( 'NONE', #619, #472, #1384 ) ;
#217 = ORIENTED_EDGE ( 'NONE', *, *, #379, .F. ) ;
#218 = DIRECTION ( 'NONE',  ( -1.269182948499841565E-16, -0.3420201433256726542, -0.9396926207859068736 ) ) ;
#219 = EDGE_LOOP ( 'NONE', ( #466, #1906, #302, #323, #114, #1164 ) ) ;
#220 = DIRECTION ( 'NONE',  ( -1.838117590439000668E-16, -0.0000000000000000000, -1.000000000000000000 ) ) ;
#221 = DIRECTION ( 'NONE',  ( 1.000000000000000000, -0.0000000000000000000, -6.753181414994869848E-17 ) ) ;
#222 = ORIENTED_EDGE ( 'NONE', *, *, #62, .F. ) ;
#223 = EDGE_CURVE ( 'NONE', #287, #1862, #87, .T. ) ;
#224 = DIRECTION ( 'NONE',  ( 8.659560562354913137E-17, 0.7071067811865489050, -0.7071067811865460184 ) ) ;
#225 = AXIS2_PLACEMENT_3D ( 'NONE', #819, #75, #1844 ) ;
#226 = LINE ( 'NONE', #669, #1307 ) ;
#227 = ORIENTED_EDGE ( 'NONE', *, *, #1432, .T. ) ;
#228 = CARTESIAN_POINT ( 'NONE',  ( 215.1412330193523132, 16.79385241571818099, 150.9999999999999432 ) ) ;
#229 = EDGE_LOOP ( 'NONE', ( #764, #1756, #1348, #1017, #198, #822 ) ) ;
#230 = EDGE_CURVE ( 'NONE', #464, #208, #196, .T. ) ;
#231 = ORIENTED_EDGE ( 'NONE', *, *, #1314, .F. ) ;
#232 = VERTEX_POINT ( 'NONE', #1519 ) ;
#233 = ORIENTED_EDGE ( 'NONE', *, *, #365, .T. ) ;
#234 = ORIENTED_EDGE ( 'NONE', *, *, #1899, .F. ) ;
#235 = AXIS2_PLACEMENT_3D ( 'NONE', #882, #1021, #1033 ) ;
#236 = ORIENTED_EDGE ( 'NONE', *, *, #1432, .F. ) ;
#237 = CARTESIAN_POINT ( 'NONE',  ( -215.1412330193521711, 16.79385241571815257, -150.9999999999999716 ) ) ;
#238 = DIRECTION ( 'NONE',  ( 0.0000000000000000000, 0.0000000000000000000, -1.000000000000000000 ) ) ;
#239 = ORIENTED_EDGE ( 'NONE', *, *, #529, .F. ) ;
#240 = VERTEX_POINT ( 'NONE', #1792 ) ;
#241 = ORIENTED_EDGE ( 'NONE', *, *, #1661, .F. ) ;
#242 = CARTESIAN_POINT ( 'NONE',  ( -215.1412330193521427, 16.79385241571815257, 146.9999999999999716 ) ) ;
#243 = EDGE_CURVE ( 'NONE', #576, #1714, #739, .T. ) ;
#244 = AXIS2_PLACEMENT_3D ( 'NONE', #1463, #1177, #1190 ) ;
#245 = EDGE_LOOP ( 'NONE', ( #1452, #617 ) ) ;
#246 = DIRECTION ( 'NONE',  ( 0.0000000000000000000, 0.0000000000000000000, -1.000000000000000000 ) ) ;
#247 = LINE ( 'NONE', #1419, #1090 ) ;
#248 = EDGE_CURVE ( 'NONE', #1360, #1681, #684, .T. ) ;
#249 = EDGE_LOOP ( 'NONE', ( #1671, #511 ) ) ;
#250 = LINE ( 'NONE', #1882, #896 ) ;
#251 = CARTESIAN_POINT ( 'NONE',  ( 170.0000000599895600, 0.0000000000000000000, 121.0000000000000000 ) ) ;
#252 = PRODUCT_DEFINITION_SHAPE ( 'NONE', 'NONE',  #1457 ) ;
#253 = LINE ( 'NONE', #23, #364 ) ;
#254 = MANIFOLD_SOLID_BREP ( 'Formsenkung für M5 Senkschraube mit Innensechskant1', #270 ) ;
#255 = ORIENTED_EDGE ( 'NONE', *, *, #925, .F. ) ;
#256 = VECTOR ( 'NONE', #801, 1000.000000000000000 ) ;
#257 = DIRECTION ( 'NONE',  ( 0.9396926207859069846, 0.3420201433256725432, -1.232595164407830262E-32 ) ) ;
#258 = DIRECTION ( 'NONE',  ( -0.3420201433256736534, 0.9396926207859065405, 9.251858538542965911E-15 ) ) ;
#259 = DIRECTION ( 'NONE',  ( 0.0000000000000000000, 0.9396926207859065405, 0.3420201433256738199 ) ) ;
#260 = ORIENTED_EDGE ( 'NONE', *, *, #1217, .T. ) ;
#261 = VERTEX_POINT ( 'NONE', #1806 ) ;
#262 = CARTESIAN_POINT ( 'NONE',  ( -214.1151725893751916, 13.97477455336046326, -150.0000000000000000 ) ) ;
#263 = EDGE_CURVE ( 'NONE', #590, #570, #862, .T. ) ;
#264 = CARTESIAN_POINT ( 'NONE',  ( -214.1198945447945619, 13.97305590214022253, -150.0000000000000000 ) ) ;
#265 = EDGE_LOOP ( 'NONE', ( #130, #161, #1079, #1503 ) ) ;
#266 = AXIS2_PLACEMENT_3D ( 'NONE', #864, #711, #398 ) ;
#267 = ORIENTED_EDGE ( 'NONE', *, *, #1139, .F. ) ;
#268 = CARTESIAN_POINT ( 'NONE',  ( 214.1198945447947324, 13.97305590214025095, 150.0000000000000000 ) ) ;
#269 = PLANE ( 'NONE',  #126 ) ;
#270 = CLOSED_SHELL ( 'NONE', ( #176, #1247, #645, #1755, #1226, #24, #717, #609, #867, #458, #1032, #471, #929, #131, #309, #765, #1215, #733, #98, #1900, #934, #1494, #1076, #1620, #554, #1383, #34, #785, #109, #117, #150, #166, #15, #1879, #1047, #1914, #971, #1352, #1787, #419, #1208, #1643, #1893, #1669, #1742, #1511, #1188, #1795, #1473, #634, #566, #1465, #1517, #25, #705, #319, #1802, #878, #290, #1322, #200, #1056, #12, #1793 ) ) ;
#271 = DIRECTION ( 'NONE',  ( 1.000000000000000000, 4.930380657631323784E-32, -1.350636282998974709E-16 ) ) ;
#272 = LINE ( 'NONE', #1596, #1881 ) ;
#273 = EDGE_CURVE ( 'NONE', #1714, #338, #1875, .T. ) ;
#274 = DIRECTION ( 'NONE',  ( -3.697785493223491196E-32, -0.9396926207859069846, 0.3420201433256727097 ) ) ;
#275 = VERTEX_POINT ( 'NONE', #983 ) ;
#276 = LINE ( 'NONE', #1575, #1794 ) ;
#277 = AXIS2_PLACEMENT_3D ( 'NONE', #1789, #941, #1104 ) ;
#278 = ORIENTED_EDGE ( 'NONE', *, *, #1840, .T. ) ;
#279 = CARTESIAN_POINT ( 'NONE',  ( -213.2618477777803889, 17.47789270236946280, -147.0000000000000000 ) ) ;
#280 = ORIENTED_EDGE ( 'NONE', *, *, #1231, .F. ) ;
#281 = ORIENTED_EDGE ( 'NONE', *, *, #450, .F. ) ;
#282 = CARTESIAN_POINT ( 'NONE',  ( 182.8614816068938467, -66.04642689529261190, -3.897179458881503361E-14 ) ) ;
#283 = CIRCLE ( 'NONE', #646, 3.999999999999976019 ) ;
#284 = EDGE_CURVE ( 'NONE', #1360, #1266, #1046, .T. ) ;
#285 = CARTESIAN_POINT ( 'NONE',  ( 205.4999999999998579, -2.005025000000059787, -150.0000000000000000 ) ) ;
#287 = VERTEX_POINT ( 'NONE', #1831 ) ;
#286 = CARTESIAN_POINT ( 'NONE',  ( -409.0213119486714390, 2.000000000000000000, -150.9999999999999716 ) ) ;
#288 = EDGE_CURVE ( 'NONE', #806, #561, #1418, .T. ) ;
#289 = DIRECTION ( 'NONE',  ( -3.697785493223491196E-32, -0.9396926207859069846, 0.3420201433256727097 ) ) ;
#290 = ADVANCED_FACE ( 'NONE', ( #1843 ), #1259, .F. ) ;
#291 = CARTESIAN_POINT ( 'NONE',  ( -168.9999999400103547, -2.001000000000005219, 89.49999999999519673 ) ) ;
#292 = CONICAL_SURFACE ( 'NONE', #821, 5.734999999999990550, 0.7853981633974461696 ) ;
#293 = CARTESIAN_POINT ( 'NONE',  ( -201.4999999999998579, 17.47789270236946280, -158.7618477777804458 ) ) ;
#294 = DIRECTION ( 'NONE',  ( 1.269182948499841319E-16, 0.3420201433256727097, 0.9396926207859069846 ) ) ;
#295 = EDGE_LOOP ( 'NONE', ( #1858, #856, #241, #1151, #1743, #115 ) ) ;
#296 = AXIS2_PLACEMENT_3D ( 'NONE', #1701, #977, #1690 ) ;
#297 = DIRECTION ( 'NONE',  ( -0.3420201433256713219, 0.9396926207859073177, -6.047221743538079874E-17 ) ) ;
#298 = ORIENTED_EDGE ( 'NONE', *, *, #1635, .F. ) ;
#299 = CARTESIAN_POINT ( 'NONE',  ( 205.4999999999998579, -2.005025000000059787, -151.0000000000000000 ) ) ;
#300 = EDGE_CURVE ( 'NONE', #1074, #621, #1061, .T. ) ;
#301 = AXIS2_PLACEMENT_3D ( 'NONE', #1420, #351, #1116 ) ;
#302 = ORIENTED_EDGE ( 'NONE', *, *, #740, .T. ) ;
#303 = EDGE_CURVE ( 'NONE', #1904, #187, #283, .T. ) ;
#304 = MECHANICAL_DESIGN_GEOMETRIC_PRESENTATION_REPRESENTATION (  '', ( #63 ), #1516 ) ;
#305 = ORIENTED_EDGE ( 'NONE', *, *, #1245, .F. ) ;
#306 = DIRECTION ( 'NONE',  ( 0.0000000000000000000, 0.0000000000000000000, -1.000000000000000000 ) ) ;
#307 = VERTEX_POINT ( 'NONE', #1854 ) ;
#308 = EDGE_LOOP ( 'NONE', ( #1845, #1050, #1020, #545 ) ) ;
#309 = ADVANCED_FACE ( 'NONE', ( #734 ), #800, .F. ) ;
#310 = DIRECTION ( 'NONE',  ( 4.443457339534099699E-17, -0.9396926207859093161, -0.3420201433256661039 ) ) ;
#311 = CARTESIAN_POINT ( 'NONE',  ( -205.4999999999999147, 2.000000000000000000, -150.0000000000000284 ) ) ;
#312 = EDGE_CURVE ( 'NONE', #498, #77, #1218, .T. ) ;
#313 = ORIENTED_EDGE ( 'NONE', *, *, #181, .F. ) ;
#314 = VECTOR ( 'NONE', #1805, 1000.000000000000000 ) ;
#315 = CARTESIAN_POINT ( 'NONE',  ( 170.0000000599895600, 0.0000000000000000000, -121.0000000000000000 ) ) ;
#316 = DIRECTION ( 'NONE',  ( 1.542737787368732315E-16, -8.115493390985083834E-17, 1.000000000000000000 ) ) ;
#317 = ORIENTED_EDGE ( 'NONE', *, *, #1206, .T. ) ;
#318 = AXIS2_PLACEMENT_3D ( 'NONE', #1910, #213, #670 ) ;
#319 = ADVANCED_FACE ( 'NONE', ( #1703 ), #124, .F. ) ;
#320 = FACE_OUTER_BOUND ( 'NONE', #531, .T. ) ;
#321 = FACE_OUTER_BOUND ( 'NONE', #229, .T. ) ;
#322 = ORIENTED_EDGE ( 'NONE', *, *, #1886, .F. ) ;
#323 = ORIENTED_EDGE ( 'NONE', *, *, #1157, .F. ) ;
#324 = DIRECTION ( 'NONE',  ( -0.0000000000000000000, 1.000000000000000000, -0.0000000000000000000 ) ) ;
#325 = DIRECTION ( 'NONE',  ( -0.9396926207859069846, 0.3420201433256725432, 1.727265535872313491E-16 ) ) ;
#326 = EDGE_CURVE ( 'NONE', #1659, #1074, #1284, .T. ) ;
#327 = VERTEX_POINT ( 'NONE', #279 ) ;
#328 =( GEOMETRIC_REPRESENTATION_CONTEXT ( 3 ) GLOBAL_UNCERTAINTY_ASSIGNED_CONTEXT ( ( #446 ) ) GLOBAL_UNIT_ASSIGNED_CONTEXT ( ( #798, #1808, #954 ) ) REPRESENTATION_CONTEXT ( 'NONE', 'WORKASPACE' ) );
#329 = FILL_AREA_STYLE_COLOUR ( '', #1173 ) ;
#330 = VERTEX_POINT ( 'NONE', #424 ) ;
#331 = VECTOR ( 'NONE', #967, 1000.000000000000000 ) ;
#332 = VECTOR ( 'NONE', #1113, 1000.000000000000227 ) ;
#333 = APPLICATION_PROTOCOL_DEFINITION ( 'draft international standard', 'automotive_design', 1998, #1080 ) ;
#334 = ORIENTED_EDGE ( 'NONE', *, *, #248, .T. ) ;
#335 = VERTEX_POINT ( 'NONE', #1481 ) ;
#336 = DIRECTION ( 'NONE',  ( 0.0000000000000000000, 0.0000000000000000000, -1.000000000000000000 ) ) ;
#337 = DIRECTION ( 'NONE',  ( 1.269182948499851426E-16, 0.3420201433256725432, 0.9396926207859069846 ) ) ;
#338 = VERTEX_POINT ( 'NONE', #404 ) ;
#339 = VERTEX_POINT ( 'NONE', #814 ) ;
#340 = CARTESIAN_POINT ( 'NONE',  ( -189.9999999400106105, 0.0000000000000000000, 121.0000000000000284 ) ) ;
#341 = EDGE_CURVE ( 'NONE', #621, #1732, #1283, .T. ) ;
#342 = CARTESIAN_POINT ( 'NONE',  ( 214.1151725893752769, 13.97477455336046326, -150.0000000000000000 ) ) ;
#343 = DIRECTION ( 'NONE',  ( 0.0000000000000000000, 0.9396926207859065405, 0.3420201433256736534 ) ) ;
#344 = ORIENTED_EDGE ( 'NONE', *, *, #1873, .T. ) ;
#345 = CARTESIAN_POINT ( 'NONE',  ( 207.3793852415718959, 1.315959713348718862, 150.9999999999999716 ) ) ;
#346 = CARTESIAN_POINT ( 'NONE',  ( 204.4999999999998579, 2.000000000000000000, 150.9999999999999716 ) ) ;
#347 = ORIENTED_EDGE ( 'NONE', *, *, #1351, .T. ) ;
#348 = CYLINDRICAL_SURFACE ( 'NONE', #19, 3.000000000000002665 ) ;
#349 = CIRCLE ( 'NONE', #1461, 4.000000000000003553 ) ;
#350 = ORIENTED_EDGE ( 'NONE', *, *, #1790, .F. ) ;
#351 = DIRECTION ( 'NONE',  ( -1.000000000000000000, 0.0000000000000000000, 0.0000000000000000000 ) ) ;
#352 = CARTESIAN_POINT ( 'NONE',  ( -170.9999999400103547, -2.000000000000000000, 92.49999999999519673 ) ) ;
#353 = SURFACE_STYLE_FILL_AREA ( #179 ) ;
#354 = EDGE_CURVE ( 'NONE', #570, #261, #589, .T. ) ;
#355 = VERTEX_POINT ( 'NONE', #999 ) ;
#356 = AXIS2_PLACEMENT_3D ( 'NONE', #315, #1073, #1363 ) ;
#357 = ORIENTED_EDGE ( 'NONE', *, *, #1804, .F. ) ;
#358 = FACE_OUTER_BOUND ( 'NONE', #852, .T. ) ;
#359 = DIRECTION ( 'NONE',  ( 0.0000000000000000000, 0.0000000000000000000, 1.000000000000000000 ) ) ;
#360 = ORIENTED_EDGE ( 'NONE', *, *, #959, .F. ) ;
#361 = LINE ( 'NONE', #156, #715 ) ;
#362 = ORIENTED_EDGE ( 'NONE', *, *, #481, .T. ) ;
#363 = CARTESIAN_POINT ( 'NONE',  ( -182.8614816068939319, -66.04642689529235611, -1.112167124481508203E-14 ) ) ;
#364 = VECTOR ( 'NONE', #1522, 1000.000000000000114 ) ;
#365 = EDGE_CURVE ( 'NONE', #1233, #1689, #538, .T. ) ;
#366 = PLANE ( 'NONE',  #1608 ) ;
#367 = CARTESIAN_POINT ( 'NONE',  ( -189.9999999400106105, 0.0000000000000000000, 115.2650000000000290 ) ) ;
#368 = ORIENTED_EDGE ( 'NONE', *, *, #667, .F. ) ;
#369 = CARTESIAN_POINT ( 'NONE',  ( -204.4999999999998579, -2.005025000000059787, 151.0000000000000000 ) ) ;
#370 = AXIS2_PLACEMENT_3D ( 'NONE', #1413, #1427, #359 ) ;
#371 = EDGE_LOOP ( 'NONE', ( #1532, #362, #643, #1535 ) ) ;
#372 = ORIENTED_EDGE ( 'NONE', *, *, #872, .T. ) ;
#373 = CIRCLE ( 'NONE', #659, 3.000000000000003109 ) ;
#374 = CARTESIAN_POINT ( 'NONE',  ( 215.1412330193523132, 16.79385241571818099, 147.0000000000000000 ) ) ;
#375 = FACE_OUTER_BOUND ( 'NONE', #680, .T. ) ;
#376 = EDGE_CURVE ( 'NONE', #775, #681, #1686, .T. ) ;
#377 = CONICAL_SURFACE ( 'NONE', #1853, 5.734999999999990550, 0.7853981633974461696 ) ;
#378 = DIRECTION ( 'NONE',  ( 0.0000000000000000000, 1.000000000000000000, -0.0000000000000000000 ) ) ;
#379 = EDGE_CURVE ( 'NONE', #355, #1360, #250, .T. ) ;
#380 = LINE ( 'NONE', #647, #1156 ) ;
#381 = DIRECTION ( 'NONE',  ( 0.0000000000000000000, 0.0000000000000000000, 1.000000000000000000 ) ) ;
#382 = CARTESIAN_POINT ( 'NONE',  ( 205.5000000000000284, 2.000000000000000000, -300.0290546400674430 ) ) ;
#383 = PLANE ( 'NONE',  #1051 ) ;
#384 = ORIENTED_EDGE ( 'NONE', *, *, #901, .T. ) ;
#385 = ORIENTED_EDGE ( 'NONE', *, *, #769, .T. ) ;
#386 = LINE ( 'NONE', #1270, #1095 ) ;
#387 = DIRECTION ( 'NONE',  ( -1.000000000000000000, -0.0000000000000000000, -0.0000000000000000000 ) ) ;
#388 = EDGE_CURVE ( 'NONE', #307, #897, #691, .T. ) ;
#389 = DIRECTION ( 'NONE',  ( 0.9396926207859068736, 0.3420201433256725432, -8.636327679361569921E-17 ) ) ;
#390 = ORIENTED_EDGE ( 'NONE', *, *, #553, .F. ) ;
#391 = AXIS2_PLACEMENT_3D ( 'NONE', #858, #1282, #831 ) ;
#392 = VECTOR ( 'NONE', #1318, 1000.000000000000114 ) ;
#393 = VERTEX_POINT ( 'NONE', #1741 ) ;
#394 = DIRECTION ( 'NONE',  ( 0.0000000000000000000, 0.0000000000000000000, 1.000000000000000000 ) ) ;
#395 = LINE ( 'NONE', #629, #332 ) ;
#396 = ORIENTED_EDGE ( 'NONE', *, *, #1331, .F. ) ;
#397 = LINE ( 'NONE', #30, #584 ) ;
#398 = DIRECTION ( 'NONE',  ( 0.0000000000000000000, 0.0000000000000000000, -1.000000000000000000 ) ) ;
#399 = ORIENTED_EDGE ( 'NONE', *, *, #1873, .F. ) ;
#400 = CARTESIAN_POINT ( 'NONE',  ( -204.4999999999998579, 2.000000000000000000, -151.0000000000000000 ) ) ;
#401 = FACE_OUTER_BOUND ( 'NONE', #725, .T. ) ;
#402 = CIRCLE ( 'NONE', #524, 1.000000000000000888 ) ;
#403 = EDGE_LOOP ( 'NONE', ( #569, #1894, #486, #968 ) ) ;
#404 = CARTESIAN_POINT ( 'NONE',  ( 201.4999999999998579, 16.79385241571815257, -160.6412330193523132 ) ) ;
#405 = CARTESIAN_POINT ( 'NONE',  ( -214.1198945447945619, 13.97305590214022608, -147.0000000000000000 ) ) ;
#406 = DIRECTION ( 'NONE',  ( -2.309724075460813290E-17, -0.9396926207859069846, -0.3420201433256725432 ) ) ;
#407 = DIRECTION ( 'NONE',  ( 0.0000000000000000000, -1.000000000000000000, 0.0000000000000000000 ) ) ;
#408 = CARTESIAN_POINT ( 'NONE',  ( -201.4999999999998579, 13.97477455336042951, -159.6151725893752484 ) ) ;
#409 = ORIENTED_EDGE ( 'NONE', *, *, #1583, .T. ) ;
#410 = CARTESIAN_POINT ( 'NONE',  ( -204.4999999999998579, 13.97305590214020476, 159.6198945447948176 ) ) ;
#411 = CARTESIAN_POINT ( 'NONE',  ( -168.9999999400103547, -2.001000000000005219, 92.49999999999519673 ) ) ;
#412 = CARTESIAN_POINT ( 'NONE',  ( -215.1412330193521427, 16.79385241571812415, -8.154972300503202975E-15 ) ) ;
#413 = DIRECTION ( 'NONE',  ( 0.9396926207859069846, 0.3420201433256725432, -8.636327679361568689E-17 ) ) ;
#414 = ORIENTED_EDGE ( 'NONE', *, *, #1911, .T. ) ;
#415 = VERTEX_POINT ( 'NONE', #893 ) ;
#416 = EDGE_CURVE ( 'NONE', #1311, #1863, #402, .T. ) ;
#417 = VERTEX_POINT ( 'NONE', #722 ) ;
#418 = LINE ( 'NONE', #345, #508 ) ;
#419 = ADVANCED_FACE ( 'NONE', ( #1016 ), #269, .T. ) ;
#420 = CARTESIAN_POINT ( 'NONE',  ( 215.1412330193522564, 16.79385241571818099, -147.0000000000000000 ) ) ;
#421 = ORIENTED_EDGE ( 'NONE', *, *, #959, .T. ) ;
#422 = CIRCLE ( 'NONE', #1125, 3.735000000000002096 ) ;
#423 = CARTESIAN_POINT ( 'NONE',  ( -168.9999999400103547, 0.0000000000000000000, 92.49999999999519673 ) ) ;
#424 = CARTESIAN_POINT ( 'NONE',  ( 170.0000000599895600, -2.000000000000000000, 124.7349999999999994 ) ) ;
#425 = ORIENTED_EDGE ( 'NONE', *, *, #45, .F. ) ;
#426 = ORIENTED_EDGE ( 'NONE', *, *, #1123, .T. ) ;
#427 = CARTESIAN_POINT ( 'NONE',  ( 110.0000000599893895, 0.0000000000000000000, -57.50000000000471090 ) ) ;
#428 = EDGE_CURVE ( 'NONE', #1236, #1758, #1722, .T. ) ;
#429 = CYLINDRICAL_SURFACE ( 'NONE', #473, 4.000000000000003553 ) ;
#430 = DIRECTION ( 'NONE',  ( 1.478544746843866711E-16, -1.968991402558088677E-16, 1.000000000000000000 ) ) ;
#431 = AXIS2_PLACEMENT_3D ( 'NONE', #1421, #52, #1426 ) ;
#432 = ORIENTED_EDGE ( 'NONE', *, *, #1002, .T. ) ;
#433 = CARTESIAN_POINT ( 'NONE',  ( -189.9999999400106105, -2.000000000000000000, -117.2649999999999721 ) ) ;
#434 = CARTESIAN_POINT ( 'NONE',  ( 205.4999999999998579, -2.000000000000000000, -151.0000000000000000 ) ) ;
#435 = ORIENTED_EDGE ( 'NONE', *, *, #1447, .T. ) ;
#436 = CARTESIAN_POINT ( 'NONE',  ( -201.4999999999998579, 14.65881484001176460, -157.7357873478034662 ) ) ;
#437 = FACE_OUTER_BOUND ( 'NONE', #980, .T. ) ;
#438 = CARTESIAN_POINT ( 'NONE',  ( -204.4999999999998579, 13.97477455336045082, 159.6151725893753337 ) ) ;
#439 = AXIS2_PLACEMENT_3D ( 'NONE', #237, #679, #257 ) ;
#440 = ORIENTED_EDGE ( 'NONE', *, *, #779, .T. ) ;
#441 = EDGE_CURVE ( 'NONE', #527, #1230, #1162, .T. ) ;
#442 = VERTEX_POINT ( 'NONE', #1652 ) ;
#443 = CIRCLE ( 'NONE', #1356, 3.000000000000002665 ) ;
#444 = CARTESIAN_POINT ( 'NONE',  ( 205.5000000000000568, 2.000000000000000000, -150.0000000000000284 ) ) ;
#445 = DIRECTION ( 'NONE',  ( -7.802756845823378086E-17, 5.051292129080146174E-18, -1.000000000000000000 ) ) ;
#446 = UNCERTAINTY_MEASURE_WITH_UNIT (LENGTH_MEASURE( 1.000000000000000082E-05 ), #798, 'distance_accuracy_value', 'NONE');
#447 = DIRECTION ( 'NONE',  ( 0.0000000000000000000, -0.9396926207859065405, 0.3420201433256738199 ) ) ;
#448 = PLANE ( 'NONE',  #454 ) ;
#449 = DIRECTION ( 'NONE',  ( -1.000000000000000000, 0.0000000000000000000, -0.0000000000000000000 ) ) ;
#450 = EDGE_CURVE ( 'NONE', #338, #173, #1647, .T. ) ;
#451 = EDGE_LOOP ( 'NONE', ( #192, #227, #741, #16 ) ) ;
#452 = DIRECTION ( 'NONE',  ( -0.0000000000000000000, 1.000000000000000000, -0.0000000000000000000 ) ) ;
#453 = CARTESIAN_POINT ( 'NONE',  ( -204.4999999999998579, 1.315959713348663351, -152.8793852415717822 ) ) ;
#454 = AXIS2_PLACEMENT_3D ( 'NONE', #1491, #1651, #599 ) ;
#455 = AXIS2_PLACEMENT_3D ( 'NONE', #444, #652, #1528 ) ;
#456 = ORIENTED_EDGE ( 'NONE', *, *, #248, .F. ) ;
#457 = CIRCLE ( 'NONE', #1355, 1.000000000000000888 ) ;
#458 = ADVANCED_FACE ( 'NONE', ( #1558 ), #690, .F. ) ;
#459 = ORIENTED_EDGE ( 'NONE', *, *, #901, .F. ) ;
#460 =( NAMED_UNIT ( * ) PLANE_ANGLE_UNIT ( ) SI_UNIT ( $, .RADIAN. ) );
#461 = VECTOR ( 'NONE', #389, 1000.000000000000114 ) ;
#462 = LINE ( 'NONE', #499, #1289 ) ;
#463 = CIRCLE ( 'NONE', #1409, 3.735000000000002096 ) ;
#464 = VERTEX_POINT ( 'NONE', #1203 ) ;
#465 = EDGE_LOOP ( 'NONE', ( #1611, #1192, #1373, #1839, #613, #565 ) ) ;
#466 = ORIENTED_EDGE ( 'NONE', *, *, #181, .T. ) ;
#467 = FACE_OUTER_BOUND ( 'NONE', #653, .T. ) ;
#468 = ORIENTED_EDGE ( 'NONE', *, *, #148, .T. ) ;
#469 = EDGE_CURVE ( 'NONE', #1689, #775, #1160, .T. ) ;
#470 = VECTOR ( 'NONE', #65, 1000.000000000000000 ) ;
#471 = ADVANCED_FACE ( 'NONE', ( #1181 ), #1408, .T. ) ;
#472 = DIRECTION ( 'NONE',  ( 0.0000000000000000000, -1.000000000000000000, 0.0000000000000000000 ) ) ;
#473 = AXIS2_PLACEMENT_3D ( 'NONE', #54, #960, #1405 ) ;
#475 = ORIENTED_EDGE ( 'NONE', *, *, #1911, .F. ) ;
#474 = CARTESIAN_POINT ( 'NONE',  ( 170.0000000599895600, 0.0000000000000000000, 121.0000000000000000 ) ) ;
#476 = LINE ( 'NONE', #1872, #556 ) ;
#477 = CARTESIAN_POINT ( 'NONE',  ( 110.0000000599893895, 0.0000000000000000000, -54.50000000000470379 ) ) ;
#478 = FACE_OUTER_BOUND ( 'NONE', #1639, .T. ) ;
#479 = FACE_OUTER_BOUND ( 'NONE', #1913, .T. ) ;
#480 = APPLICATION_CONTEXT ( 'automotive_design' ) ;
#481 = EDGE_CURVE ( 'NONE', #1266, #824, #361, .T. ) ;
#482 = DIRECTION ( 'NONE',  ( 0.9396926207859075397, 0.3420201433256713774, -7.159428664010166529E-17 ) ) ;
#483 = SURFACE_SIDE_STYLE ('',( #353 ) ) ;
#484 = VECTOR ( 'NONE', #132, 1000.000000000000114 ) ;
#485 = FACE_OUTER_BOUND ( 'NONE', #403, .T. ) ;
#486 = ORIENTED_EDGE ( 'NONE', *, *, #794, .T. ) ;
#487 = ORIENTED_EDGE ( 'NONE', *, *, #1470, .F. ) ;
#488 = PRODUCT_CONTEXT ( 'NONE', #1080, 'mechanical' ) ;
#489 = VERTEX_POINT ( 'NONE', #1388 ) ;
#490 = CARTESIAN_POINT ( 'NONE',  ( 170.0000000599895600, 0.0000000000000000000, -115.2650000000000006 ) ) ;
#491 = EDGE_CURVE ( 'NONE', #550, #1714, #276, .T. ) ;
#492 = AXIS2_PLACEMENT_3D ( 'NONE', #363, #482, #796 ) ;
#493 = PLANE ( 'NONE',  #40 ) ;
#494 = DIRECTION ( 'NONE',  ( 0.0000000000000000000, 0.9396926207859065405, 0.3420201433256738199 ) ) ;
#495 = ORIENTED_EDGE ( 'NONE', *, *, #45, .T. ) ;
#496 = PLANE ( 'NONE',  #1664 ) ;
#497 = CONICAL_SURFACE ( 'NONE', #578, 5.734999999999990550, 0.7853981633974461696 ) ;
#498 = VERTEX_POINT ( 'NONE', #1527 ) ;
#499 = CARTESIAN_POINT ( 'NONE',  ( 207.3793852415718391, 1.315959713348746618, -149.9999999999999716 ) ) ;
#500 = VERTEX_POINT ( 'NONE', #908 ) ;
#501 = AXIS2_PLACEMENT_3D ( 'NONE', #1290, #1841, #154 ) ;
#502 = ORIENTED_EDGE ( 'NONE', *, *, #1197, .T. ) ;
#503 = ORIENTED_EDGE ( 'NONE', *, *, #1028, .F. ) ;
#504 = FACE_OUTER_BOUND ( 'NONE', #308, .T. ) ;
#505 = EDGE_LOOP ( 'NONE', ( #1035, #105, #1484, #1207 ) ) ;
#506 = LINE ( 'NONE', #825, #1662 ) ;
#507 = DIRECTION ( 'NONE',  ( -0.0000000000000000000, 1.000000000000000000, -0.0000000000000000000 ) ) ;
#508 = VECTOR ( 'NONE', #812, 1000.000000000000000 ) ;
#509 = CARTESIAN_POINT ( 'NONE',  ( -204.4999999999998579, 0.6319194266974001994, -154.7587704831436497 ) ) ;
#510 = EDGE_CURVE ( 'NONE', #1865, #1863, #1816, .T. ) ;
#511 = ORIENTED_EDGE ( 'NONE', *, *, #612, .F. ) ;
#512 = AXIS2_PLACEMENT_3D ( 'NONE', #1015, #103, #537 ) ;
#513 = FACE_OUTER_BOUND ( 'NONE', #1294, .T. ) ;
#514 = CARTESIAN_POINT ( 'NONE',  ( 201.4999999999998295, 13.97477455336042951, 159.6151725893753053 ) ) ;
#515 = FACE_BOUND ( 'NONE', #1812, .T. ) ;
#516 = CARTESIAN_POINT ( 'NONE',  ( -205.4999999999998579, 0.0000000000000000000, -151.0000000000000000 ) ) ;
#517 = DIRECTION ( 'NONE',  ( 9.190587952195004572E-17, 0.0000000000000000000, 1.000000000000000000 ) ) ;
#518 = DIRECTION ( 'NONE',  ( 0.9396926207859068736, -0.3420201433256725432, -1.727265535872313738E-16 ) ) ;
#519 = DIRECTION ( 'NONE',  ( 0.0000000000000000000, 0.0000000000000000000, 1.000000000000000000 ) ) ;
#520 = VECTOR ( 'NONE', #943, 1000.000000000000114 ) ;
#521 = EDGE_CURVE ( 'NONE', #173, #393, #1012, .T. ) ;
#522 = EDGE_LOOP ( 'NONE', ( #853, #972, #735, #870 ) ) ;
#523 = CIRCLE ( 'NONE', #1706, 3.000000000000000000 ) ;
#524 = AXIS2_PLACEMENT_3D ( 'NONE', #713, #122, #1632 ) ;
#525 = FACE_OUTER_BOUND ( 'NONE', #295, .T. ) ;
#526 = CARTESIAN_POINT ( 'NONE',  ( 110.0000000599893895, -2.000000000000000000, -54.50000000000470379 ) ) ;
#527 = VERTEX_POINT ( 'NONE', #1754 ) ;
#528 = LINE ( 'NONE', #1640, #1293 ) ;
#529 = EDGE_CURVE ( 'NONE', #417, #1392, #1379, .T. ) ;
#530 = DIRECTION ( 'NONE',  ( 0.0000000000000000000, 0.0000000000000000000, -1.000000000000000000 ) ) ;
#531 = EDGE_LOOP ( 'NONE', ( #1856, #163, #946, #1038 ) ) ;
#532 = PRESENTATION_LAYER_ASSIGNMENT (  '', '', ( #782 ) ) ;
#533 = FACE_OUTER_BOUND ( 'NONE', #1801, .T. ) ;
#534 = CARTESIAN_POINT ( 'NONE',  ( 5.467416979759437415E-15, 16.79385241571815257, -160.6412330193522848 ) ) ;
#535 = UNCERTAINTY_MEASURE_WITH_UNIT (LENGTH_MEASURE( 1.000000000000000082E-05 ), #1225, 'distance_accuracy_value', 'NONE');
#536 = ORIENTED_EDGE ( 'NONE', *, *, #627, .T. ) ;
#537 = DIRECTION ( 'NONE',  ( 0.0000000000000000000, -0.9396926207859065405, 0.3420201433256738199 ) ) ;
#538 = LINE ( 'NONE', #1718, #1337 ) ;
#539 = DIRECTION ( 'NONE',  ( 1.269182948499851426E-16, 0.3420201433256725432, 0.9396926207859069846 ) ) ;
#540 = DIRECTION ( 'NONE',  ( 0.3420201433256661039, -0.9396926207859093161, 6.047221743538129178E-17 ) ) ;
#541 = DIRECTION ( 'NONE',  ( 0.0000000000000000000, 0.0000000000000000000, 1.000000000000000000 ) ) ;
#542 = EDGE_CURVE ( 'NONE', #824, #1779, #587, .T. ) ;
#543 = CARTESIAN_POINT ( 'NONE',  ( 215.1459549747716835, 16.79213376449778394, 150.0000000000000000 ) ) ;
#544 = AXIS2_PLACEMENT_3D ( 'NONE', #1820, #958, #940 ) ;
#545 = ORIENTED_EDGE ( 'NONE', *, *, #441, .T. ) ;
#546 = FACE_OUTER_BOUND ( 'NONE', #1895, .T. ) ;
#547 = DIRECTION ( 'NONE',  ( 0.0000000000000000000, 0.0000000000000000000, 1.000000000000000000 ) ) ;
#548 = EDGE_LOOP ( 'NONE', ( #1496, #182, #239, #350 ) ) ;
#549 = ORIENTED_EDGE ( 'NONE', *, *, #288, .F. ) ;
#550 = VERTEX_POINT ( 'NONE', #293 ) ;
#551 = DIRECTION ( 'NONE',  ( 0.0000000000000000000, 1.000000000000000000, 0.0000000000000000000 ) ) ;
#552 = DIRECTION ( 'NONE',  ( -0.0000000000000000000, 1.000000000000000000, -0.0000000000000000000 ) ) ;
#553 = EDGE_CURVE ( 'NONE', #187, #675, #1744, .T. ) ;
#554 = ADVANCED_FACE ( 'NONE', ( #939 ), #920, .F. ) ;
#555 = DIRECTION ( 'NONE',  ( 1.000000000000000000, -0.0000000000000000000, -0.0000000000000000000 ) ) ;
#556 = VECTOR ( 'NONE', #1601, 1000.000000000000227 ) ;
#557 = AXIS2_PLACEMENT_3D ( 'NONE', #29, #637, #618 ) ;
#558 = CARTESIAN_POINT ( 'NONE',  ( 170.0000000599895600, 0.0000000000000000000, -121.0000000000000000 ) ) ;
#559 = ORIENTED_EDGE ( 'NONE', *, *, #794, .F. ) ;
#560 = DIRECTION ( 'NONE',  ( -1.779993536923088224E-34, 0.3420201433256725432, -0.9396926207859069846 ) ) ;
#561 = VERTEX_POINT ( 'NONE', #438 ) ;
#562 = LINE ( 'NONE', #17, #947 ) ;
#563 = DIRECTION ( 'NONE',  ( -0.9396926207859069846, 0.3420201433256727097, 1.727265535872301412E-16 ) ) ;
#564 = DIRECTION ( 'NONE',  ( 0.0000000000000000000, -1.000000000000000000, 0.0000000000000000000 ) ) ;
#565 = ORIENTED_EDGE ( 'NONE', *, *, #230, .F. ) ;
#566 = ADVANCED_FACE ( 'NONE', ( #120 ), #1539, .T. ) ;
#567 = DIRECTION ( 'NONE',  ( -1.000000000000000000, 0.0000000000000000000, 0.0000000000000000000 ) ) ;
#568 = CIRCLE ( 'NONE', #696, 5.734999999999990550 ) ;
#569 = ORIENTED_EDGE ( 'NONE', *, *, #702, .T. ) ;
#570 = VERTEX_POINT ( 'NONE', #86 ) ;
#571 = EDGE_CURVE ( 'NONE', #327, #1732, #1281, .T. ) ;
#572 = CARTESIAN_POINT ( 'NONE',  ( -189.9999999400106105, 0.0000000000000000000, -120.9999999999999716 ) ) ;
#573 = VERTEX_POINT ( 'NONE', #509 ) ;
#574 = LINE ( 'NONE', #369, #1350 ) ;
#575 = DIRECTION ( 'NONE',  ( 0.0000000000000000000, 0.0000000000000000000, -1.000000000000000000 ) ) ;
#576 = VERTEX_POINT ( 'NONE', #823 ) ;
#577 = FACE_OUTER_BOUND ( 'NONE', #505, .T. ) ;
#578 = AXIS2_PLACEMENT_3D ( 'NONE', #193, #324, #790 ) ;
#579 = DIRECTION ( 'NONE',  ( 0.9396926207859074287, 0.3420201433256713219, -7.159428664010165296E-17 ) ) ;
#580 = CARTESIAN_POINT ( 'NONE',  ( -189.9999999400106105, 0.0000000000000000000, 121.0000000000000284 ) ) ;
#581 = VECTOR ( 'NONE', #1278, 1000.000000000000000 ) ;
#582 = CONICAL_SURFACE ( 'NONE', #225, 5.734999999999990550, 0.7853981633974461696 ) ;
#583 = AXIS2_PLACEMENT_3D ( 'NONE', #810, #1563, #1822 ) ;
#584 = VECTOR ( 'NONE', #1543, 1000.000000000000114 ) ;
#585 = ORIENTED_EDGE ( 'NONE', *, *, #843, .T. ) ;
#586 = EDGE_CURVE ( 'NONE', #139, #187, #689, .T. ) ;
#587 = LINE ( 'NONE', #1168, #1720 ) ;
#588 = AXIS2_PLACEMENT_3D ( 'NONE', #427, #551, #737 ) ;
#589 = LINE ( 'NONE', #1607, #1908 ) ;
#590 = VERTEX_POINT ( 'NONE', #526 ) ;
#591 = CARTESIAN_POINT ( 'NONE',  ( 205.5000000000001137, 16.79385241571815257, -160.6412330193523132 ) ) ;
#592 = DIRECTION ( 'NONE',  ( 0.0000000000000000000, 0.0000000000000000000, 1.000000000000000000 ) ) ;
#593 = ORIENTED_EDGE ( 'NONE', *, *, #586, .F. ) ;
#594 = LINE ( 'NONE', #264, #461 ) ;
#595 = ORIENTED_EDGE ( 'NONE', *, *, #85, .T. ) ;
#596 = VECTOR ( 'NONE', #108, 1000.000000000000114 ) ;
#597 = AXIS2_PLACEMENT_3D ( 'NONE', #158, #644, #1099 ) ;
#598 = DIRECTION ( 'NONE',  ( -4.443457339534055941E-17, 0.9396926207859068736, 0.3420201433256725987 ) ) ;
#599 = DIRECTION ( 'NONE',  ( -0.3420201433256713219, 0.9396926207859074287, 0.0000000000000000000 ) ) ;
#600 = FACE_OUTER_BOUND ( 'NONE', #548, .T. ) ;
#601 = CARTESIAN_POINT ( 'NONE',  ( 213.2618477777805026, 17.47789270236951964, 150.9999999999999432 ) ) ;
#602 = AXIS2_PLACEMENT_3D ( 'NONE', #866, #1773, #706 ) ;
#603 = ORIENTED_EDGE ( 'NONE', *, *, #354, .T. ) ;
#604 = PLANE ( 'NONE',  #171 ) ;
#605 = CARTESIAN_POINT ( 'NONE',  ( -215.1412330193521427, 16.79385241571812415, -147.0000000000000000 ) ) ;
#606 = CARTESIAN_POINT ( 'NONE',  ( 205.5000000000000853, 2.000000000000000000, 150.0000000000000284 ) ) ;
#607 = DIRECTION ( 'NONE',  ( 0.0000000000000000000, 0.0000000000000000000, 1.000000000000000000 ) ) ;
#608 = LINE ( 'NONE', #410, #985 ) ;
#609 = ADVANCED_FACE ( 'NONE', ( #358 ), #936, .F. ) ;
#610 = LINE ( 'NONE', #1288, #1628 ) ;
#611 =( NAMED_UNIT ( * ) SI_UNIT ( $, .STERADIAN. ) SOLID_ANGLE_UNIT ( ) );
#612 = EDGE_CURVE ( 'NONE', #80, #41, #710, .T. ) ;
#613 = ORIENTED_EDGE ( 'NONE', *, *, #1406, .F. ) ;
#614 = DIRECTION ( 'NONE',  ( 1.000000000000000000, 0.0000000000000000000, 0.0000000000000000000 ) ) ;
#615 = CARTESIAN_POINT ( 'NONE',  ( 182.8614816068938467, -66.04642689529258348, -150.0000000000000000 ) ) ;
#616 = AXIS2_PLACEMENT_3D ( 'NONE', #1029, #406, #560 ) ;
#617 = ORIENTED_EDGE ( 'NONE', *, *, #210, .T. ) ;
#618 = DIRECTION ( 'NONE',  ( -1.000000000000000000, 0.0000000000000000000, 0.0000000000000000000 ) ) ;
#619 = CARTESIAN_POINT ( 'NONE',  ( 170.0000000599895600, -2.000000000000000000, -121.0000000000000000 ) ) ;
#620 = LINE ( 'NONE', #1261, #1562 ) ;
#621 = VERTEX_POINT ( 'NONE', #1439 ) ;
#622 = ORIENTED_EDGE ( 'NONE', *, *, #1191, .T. ) ;
#623 = CARTESIAN_POINT ( 'NONE',  ( 213.2618477777803321, 17.47789270236935266, 150.0000000000000000 ) ) ;
#624 = FACE_OUTER_BOUND ( 'NONE', #451, .T. ) ;
#625 = ORIENTED_EDGE ( 'NONE', *, *, #1062, .T. ) ;
#626 = EDGE_LOOP ( 'NONE', ( #1112, #827, #817, #1883 ) ) ;
#627 = EDGE_CURVE ( 'NONE', #897, #1486, #610, .T. ) ;
#628 = FACE_OUTER_BOUND ( 'NONE', #49, .T. ) ;
#629 = CARTESIAN_POINT ( 'NONE',  ( -209.2587704831435644, 0.6319194266973249263, -150.0000000000000000 ) ) ;
#630 = AXIS2_PLACEMENT_3D ( 'NONE', #1416, #218, #997 ) ;
#631 = CARTESIAN_POINT ( 'NONE',  ( 212.2357873478034094, 14.65881484001182322, 150.0000000000000000 ) ) ;
#632 = DIRECTION ( 'NONE',  ( 0.0000000000000000000, 0.0000000000000000000, -1.000000000000000000 ) ) ;
#633 = SURFACE_STYLE_USAGE ( .BOTH. , #483 ) ;
#634 = ADVANCED_FACE ( 'NONE', ( #1115 ), #1092, .T. ) ;
#635 = DIRECTION ( 'NONE',  ( -9.190587952195004572E-17, -0.0000000000000000000, -1.000000000000000000 ) ) ;
#636 = ORIENTED_EDGE ( 'NONE', *, *, #1396, .T. ) ;
#637 = DIRECTION ( 'NONE',  ( -0.0000000000000000000, -0.0000000000000000000, 1.000000000000000000 ) ) ;
#638 = PLANE ( 'NONE',  #1842 ) ;
#639 = ORIENTED_EDGE ( 'NONE', *, *, #1013, .T. ) ;
#640 = CARTESIAN_POINT ( 'NONE',  ( -204.4999999999998579, 1.315959713348691107, 152.8793852415718106 ) ) ;
#641 = DIRECTION ( 'NONE',  ( -8.886914679068111883E-17, -0.9396926207859068736, 0.3420201433256727097 ) ) ;
#642 = EDGE_CURVE ( 'NONE', #442, #1392, #686, .T. ) ;
#643 = ORIENTED_EDGE ( 'NONE', *, *, #1886, .T. ) ;
#644 = DIRECTION ( 'NONE',  ( 0.0000000000000000000, 0.0000000000000000000, 1.000000000000000000 ) ) ;
#645 = ADVANCED_FACE ( 'NONE', ( #116 ), #891, .F. ) ;
#646 = AXIS2_PLACEMENT_3D ( 'NONE', #1859, #387, #530 ) ;
#647 = CARTESIAN_POINT ( 'NONE',  ( 205.5000000000000568, -2.000000000000000000, -151.0000000000000568 ) ) ;
#648 = ORIENTED_EDGE ( 'NONE', *, *, #724, .T. ) ;
#649 = CARTESIAN_POINT ( 'NONE',  ( -189.9999999400106105, 0.0000000000000000000, -115.2649999999999721 ) ) ;
#650 = CARTESIAN_POINT ( 'NONE',  ( -204.4999999999998579, -2.005025000000059787, -151.0000000000000000 ) ) ;
#651 = CYLINDRICAL_SURFACE ( 'NONE', #1544, 3.000000000000009770 ) ;
#652 = DIRECTION ( 'NONE',  ( 1.838117590439000668E-16, 0.0000000000000000000, 1.000000000000000000 ) ) ;
#653 = EDGE_LOOP ( 'NONE', ( #426, #205, #874, #1592 ) ) ;
#654 = ORIENTED_EDGE ( 'NONE', *, *, #39, .T. ) ;
#655 = CARTESIAN_POINT ( 'NONE',  ( 204.4999999999998579, -2.005025000000059787, 151.0000000000000000 ) ) ;
#656 = ORIENTED_EDGE ( 'NONE', *, *, #1850, .T. ) ;
#657 = EDGE_CURVE ( 'NONE', #1446, #442, #476, .T. ) ;
#658 = ORIENTED_EDGE ( 'NONE', *, *, #1245, .T. ) ;
#659 = AXIS2_PLACEMENT_3D ( 'NONE', #1339, #719, #113 ) ;
#660 = CYLINDRICAL_SURFACE ( 'NONE', #1716, 2.000000000000001776 ) ;
#661 = DIRECTION ( 'NONE',  ( 0.0000000000000000000, 0.0000000000000000000, -1.000000000000000000 ) ) ;
#662 = LINE ( 'NONE', #1649, #1810 ) ;
#663 = VERTEX_POINT ( 'NONE', #1301 ) ;
#664 = DIRECTION ( 'NONE',  ( -0.3420201433256660484, 0.9396926207859093161, -6.047221743538129178E-17 ) ) ;
#665 = CARTESIAN_POINT ( 'NONE',  ( -189.9999999400106105, -2.000000000000000000, 121.0000000000000284 ) ) ;
#666 = ORIENTED_EDGE ( 'NONE', *, *, #110, .F. ) ;
#667 = EDGE_CURVE ( 'NONE', #663, #338, #174, .T. ) ;
#668 = PRESENTATION_LAYER_ASSIGNMENT (  '', '', ( #63 ) ) ;
#669 = CARTESIAN_POINT ( 'NONE',  ( -170.9999999400103547, 0.0000000000000000000, 89.49999999999519673 ) ) ;
#670 = DIRECTION ( 'NONE',  ( -1.848892746611745324E-32, 0.9396926207859069846, 0.3420201433256725432 ) ) ;
#671 = ORIENTED_EDGE ( 'NONE', *, *, #657, .F. ) ;
#672 = AXIS2_PLACEMENT_3D ( 'NONE', #873, #1030, #102 ) ;
#673 = EDGE_LOOP ( 'NONE', ( #1745, #1279, #1022, #811, #1619, #487 ) ) ;
#674 = DIRECTION ( 'NONE',  ( -0.0000000000000000000, 1.000000000000000000, -0.0000000000000000000 ) ) ;
#675 = VERTEX_POINT ( 'NONE', #693 ) ;
#676 = CARTESIAN_POINT ( 'NONE',  ( -207.3793852415717538, 1.315959713348691107, -150.9999999999999716 ) ) ;
#677 = DIRECTION ( 'NONE',  ( 0.0000000000000000000, 0.0000000000000000000, 1.000000000000000000 ) ) ;
#678 = CIRCLE ( 'NONE', #1600, 3.000000000000002665 ) ;
#679 = DIRECTION ( 'NONE',  ( 0.3420201433256725432, -0.9396926207859069846, -3.143366208656933325E-17 ) ) ;
#680 = EDGE_LOOP ( 'NONE', ( #926, #1593, #222, #780 ) ) ;
#681 = VERTEX_POINT ( 'NONE', #95 ) ;
#682 = EDGE_CURVE ( 'NONE', #758, #1865, #272, .T. ) ;
#683 = ORIENTED_EDGE ( 'NONE', *, *, #975, .T. ) ;
#684 = LINE ( 'NONE', #1097, #860 ) ;
#685 = DIRECTION ( 'NONE',  ( -0.9396926207859074287, -0.3420201433256713219, 7.159428664010165296E-17 ) ) ;
#686 = CIRCLE ( 'NONE', #1172, 2.000000000000001776 ) ;
#687 = DIRECTION ( 'NONE',  ( -0.0000000000000000000, 1.000000000000000000, -0.0000000000000000000 ) ) ;
#688 = FACE_OUTER_BOUND ( 'NONE', #1306, .T. ) ;
#689 = LINE ( 'NONE', #1140, #963 ) ;
#690 = CYLINDRICAL_SURFACE ( 'NONE', #744, 1.000000000000000888 ) ;
#691 = CIRCLE ( 'NONE', #1574, 1.000000000000000888 ) ;
#692 = ORIENTED_EDGE ( 'NONE', *, *, #510, .F. ) ;
#693 = CARTESIAN_POINT ( 'NONE',  ( 204.4999999999998579, 13.97477455336046326, 159.6151725893753053 ) ) ;
#694 = EDGE_CURVE ( 'NONE', #1311, #573, #1835, .T. ) ;
#695 = AXIS2_PLACEMENT_3D ( 'NONE', #989, #970, #381 ) ;
#696 = AXIS2_PLACEMENT_3D ( 'NONE', #721, #1026, #1455 ) ;
#697 = CYLINDRICAL_SURFACE ( 'NONE', #1183, 3.000000000000009770 ) ;
#698 = DIRECTION ( 'NONE',  ( 0.3420201433256713219, -0.9396926207859073177, 6.047221743538079874E-17 ) ) ;
#699 = VERTEX_POINT ( 'NONE', #1037 ) ;
#700 = EDGE_LOOP ( 'NONE', ( #147, #127, #233, #981 ) ) ;
#701 = DIRECTION ( 'NONE',  ( 0.0000000000000000000, 1.000000000000000000, 0.0000000000000000000 ) ) ;
#702 = EDGE_CURVE ( 'NONE', #415, #1852, #1176, .T. ) ;
#703 = ORIENTED_EDGE ( 'NONE', *, *, #1048, .F. ) ;
#704 = PRESENTATION_STYLE_ASSIGNMENT (( #633 ) ) ;
#705 = ADVANCED_FACE ( 'NONE', ( #513 ), #709, .T. ) ;
#706 = DIRECTION ( 'NONE',  ( 0.0000000000000000000, 0.0000000000000000000, 1.000000000000000000 ) ) ;
#707 = ORIENTED_EDGE ( 'NONE', *, *, #1291, .T. ) ;
#708 = AXIS2_PLACEMENT_3D ( 'NONE', #591, #159, #1634 ) ;
#709 = CYLINDRICAL_SURFACE ( 'NONE', #1687, 3.000000000000000000 ) ;
#710 = CIRCLE ( 'NONE', #962, 3.735000000000002096 ) ;
#711 = DIRECTION ( 'NONE',  ( -1.000000000000000000, -0.0000000000000000000, -0.0000000000000000000 ) ) ;
#713 = CARTESIAN_POINT ( 'NONE',  ( -205.4999999999998579, -2.000000000000000000, -151.0000000000000000 ) ) ;
#712 = AXIS2_PLACEMENT_3D ( 'NONE', #215, #1834, #664 ) ;
#714 = ORIENTED_EDGE ( 'NONE', *, *, #542, .F. ) ;
#715 = VECTOR ( 'NONE', #135, 1000.000000000000000 ) ;
#716 = ORIENTED_EDGE ( 'NONE', *, *, #1497, .F. ) ;
#717 = ADVANCED_FACE ( 'NONE', ( #1240, #1683, #1767, #93, #1377, #1698, #1258 ), #1417, .F. ) ;
#718 = CARTESIAN_POINT ( 'NONE',  ( -189.9999999400106105, -2.000000000000000000, 117.2650000000000290 ) ) ;
#719 = DIRECTION ( 'NONE',  ( -0.9396926207859074287, -0.3420201433256713219, 7.159428664010165296E-17 ) ) ;
#720 = EDGE_CURVE ( 'NONE', #21, #699, #89, .T. ) ;
#721 = CARTESIAN_POINT ( 'NONE',  ( 170.0000000599895600, 0.0000000000000000000, 121.0000000000000000 ) ) ;
#722 = CARTESIAN_POINT ( 'NONE',  ( 205.4999999999998579, -1.999999999999998224, 150.0000000000000284 ) ) ;
#723 = ORIENTED_EDGE ( 'NONE', *, *, #779, .F. ) ;
#724 = EDGE_CURVE ( 'NONE', #77, #1074, #397, .T. ) ;
#725 = EDGE_LOOP ( 'NONE', ( #1809, #603, #421, #280 ) ) ;
#726 = CYLINDRICAL_SURFACE ( 'NONE', #1561, 1.000000000000000888 ) ;
#727 = ORIENTED_EDGE ( 'NONE', *, *, #273, .F. ) ;
#728 = ORIENTED_EDGE ( 'NONE', *, *, #1123, .F. ) ;
#729 = AXIS2_PLACEMENT_3D ( 'NONE', #1670, #1538, #1242 ) ;
#730 = EDGE_LOOP ( 'NONE', ( #948, #425 ) ) ;
#731 = DIRECTION ( 'NONE',  ( 0.0000000000000000000, 0.0000000000000000000, -1.000000000000000000 ) ) ;
#732 = FACE_OUTER_BOUND ( 'NONE', #1184, .T. ) ;
#733 = ADVANCED_FACE ( 'NONE', ( #199 ), #638, .F. ) ;
#734 = FACE_OUTER_BOUND ( 'NONE', #265, .T. ) ;
#735 = ORIENTED_EDGE ( 'NONE', *, *, #1826, .F. ) ;
#736 = DIRECTION ( 'NONE',  ( -0.0000000000000000000, 1.000000000000000000, -0.0000000000000000000 ) ) ;
#737 = DIRECTION ( 'NONE',  ( 0.0000000000000000000, 0.0000000000000000000, 1.000000000000000000 ) ) ;
#738 = ORIENTED_EDGE ( 'NONE', *, *, #1901, .F. ) ;
#739 = CIRCLE ( 'NONE', #1552, 3.000000000000001776 ) ;
#740 = EDGE_CURVE ( 'NONE', #561, #335, #1155, .T. ) ;
#741 = ORIENTED_EDGE ( 'NONE', *, *, #1790, .T. ) ;
#742 = FACE_OUTER_BOUND ( 'NONE', #887, .T. ) ;
#743 = ORIENTED_EDGE ( 'NONE', *, *, #197, .T. ) ;
#744 = AXIS2_PLACEMENT_3D ( 'NONE', #299, #1253, #1256 ) ;
#745 = VECTOR ( 'NONE', #78, 1000.000000000000114 ) ;
#746 = CIRCLE ( 'NONE', #557, 4.000000000000003553 ) ;
#747 = PLANE ( 'NONE',  #1210 ) ;
#748 = CARTESIAN_POINT ( 'NONE',  ( -205.4999999999999147, 0.0000000000000000000, -151.0000000000000000 ) ) ;
#749 = ORIENTED_EDGE ( 'NONE', *, *, #1901, .T. ) ;
#750 = DIRECTION ( 'NONE',  ( 0.0000000000000000000, 0.0000000000000000000, -1.000000000000000000 ) ) ;
#751 = EDGE_CURVE ( 'NONE', #165, #795, #1513, .T. ) ;
#752 = ORIENTED_EDGE ( 'NONE', *, *, #1529, .T. ) ;
#753 = FILL_AREA_STYLE ('',( #1093 ) ) ;
#754 = DIRECTION ( 'NONE',  ( -0.3420201433256736534, -0.9396926207859065405, 0.0000000000000000000 ) ) ;
#755 = ORIENTED_EDGE ( 'NONE', *, *, #1423, .F. ) ;
#756 = EDGE_LOOP ( 'NONE', ( #1119, #1066, #1521, #585 ) ) ;
#757 = AXIS2_PLACEMENT_3D ( 'NONE', #1361, #1502, #760 ) ;
#758 = VERTEX_POINT ( 'NONE', #262 ) ;
#759 = CARTESIAN_POINT ( 'NONE',  ( -204.4999999999998579, -2.128193626427216323, 151.6258159436448807 ) ) ;
#760 = DIRECTION ( 'NONE',  ( -1.000000000000000000, 0.0000000000000000000, 0.0000000000000000000 ) ) ;
#761 = CARTESIAN_POINT ( 'NONE',  ( -205.4999999999998863, 2.000000000000000000, 149.9999999999999432 ) ) ;
#762 = AXIS2_PLACEMENT_3D ( 'NONE', #942, #1398, #184 ) ;
#764 = ORIENTED_EDGE ( 'NONE', *, *, #326, .T. ) ;
#763 = CARTESIAN_POINT ( 'NONE',  ( 209.2587704831436781, 0.6319194266973804375, 150.9999999999999716 ) ) ;
#765 = ADVANCED_FACE ( 'NONE', ( #1833 ), #1186, .F. ) ;
#766 = ORIENTED_EDGE ( 'NONE', *, *, #751, .F. ) ;
#767 = CIRCLE ( 'NONE', #916, 3.735000000000002096 ) ;
#768 = DIRECTION ( 'NONE',  ( 1.209444348707625589E-16, -1.727265535872305110E-16, 1.000000000000000000 ) ) ;
#769 = EDGE_CURVE ( 'NONE', #1304, #1779, #662, .T. ) ;
#770 = AXIS2_PLACEMENT_3D ( 'NONE', #580, #1637, #607 ) ;
#771 = ORIENTED_EDGE ( 'NONE', *, *, #1497, .T. ) ;
#772 = CARTESIAN_POINT ( 'NONE',  ( -215.1412330193521711, 16.79385241571815257, -147.0000000000000000 ) ) ;
#773 = PLANE ( 'NONE',  #277 ) ;
#774 = LINE ( 'NONE', #1387, #1475 ) ;
#775 = VERTEX_POINT ( 'NONE', #5 ) ;
#776 = DIRECTION ( 'NONE',  ( -0.0000000000000000000, 1.000000000000000000, -0.0000000000000000000 ) ) ;
#777 = LINE ( 'NONE', #1122, #520 ) ;
#778 = CARTESIAN_POINT ( 'NONE',  ( -204.4999999999998579, 14.65881484001183388, 157.7357873478033525 ) ) ;
#779 = EDGE_CURVE ( 'NONE', #500, #330, #767, .T. ) ;
#780 = ORIENTED_EDGE ( 'NONE', *, *, #376, .F. ) ;
#781 = LINE ( 'NONE', #1193, #1391 ) ;
#782 = STYLED_ITEM ( 'NONE', ( #704 ), #254 ) ;
#783 = CARTESIAN_POINT ( 'NONE',  ( 214.1151725893752484, 13.97477455336045615, -147.0000000000000000 ) ) ;
#784 = DIRECTION ( 'NONE',  ( 6.047221743538127946E-17, 8.636327679361526780E-17, 1.000000000000000000 ) ) ;
#785 = ADVANCED_FACE ( 'NONE', ( #1761 ), #1864, .T. ) ;
#786 = DIRECTION ( 'NONE',  ( -1.848892746611745324E-32, 0.9396926207859069846, 0.3420201433256725432 ) ) ;
#787 = ORIENTED_EDGE ( 'NONE', *, *, #1702, .T. ) ;
#788 = DIRECTION ( 'NONE',  ( 0.0000000000000000000, -0.0000000000000000000, -1.000000000000000000 ) ) ;
#789 = CIRCLE ( 'NONE', #356, 5.734999999999990550 ) ;
#790 = DIRECTION ( 'NONE',  ( 0.0000000000000000000, 0.0000000000000000000, 1.000000000000000000 ) ) ;
#791 = ORIENTED_EDGE ( 'NONE', *, *, #832, .F. ) ;
#792 = FACE_OUTER_BOUND ( 'NONE', #4, .T. ) ;
#793 = DIRECTION ( 'NONE',  ( -1.269182948499845263E-16, -0.3420201433256661039, -0.9396926207859093161 ) ) ;
#794 = EDGE_CURVE ( 'NONE', #1216, #1153, #789, .T. ) ;
#795 = VERTEX_POINT ( 'NONE', #1185 ) ;
#796 = DIRECTION ( 'NONE',  ( -0.3420201433256713219, 0.9396926207859074287, 0.0000000000000000000 ) ) ;
#797 = CARTESIAN_POINT ( 'NONE',  ( -214.1151725893751916, 13.97477455336046326, 150.0000000000000000 ) ) ;
#798 =( LENGTH_UNIT ( ) NAMED_UNIT ( * ) SI_UNIT ( .MILLI., .METRE. ) );
#799 = DIRECTION ( 'NONE',  ( 0.0000000000000000000, 0.0000000000000000000, 1.000000000000000000 ) ) ;
#800 = CYLINDRICAL_SURFACE ( 'NONE', #1674, 2.000000000000001776 ) ;
#801 = DIRECTION ( 'NONE',  ( -0.0000000000000000000, 1.000000000000000000, -0.0000000000000000000 ) ) ;
#802 = ORIENTED_EDGE ( 'NONE', *, *, #1541, .T. ) ;
#803 = CYLINDRICAL_SURFACE ( 'NONE', #809, 3.000000000000001776 ) ;
#804 = LINE ( 'NONE', #1107, #1152 ) ;
#805 = DIRECTION ( 'NONE',  ( 0.0000000000000000000, 0.0000000000000000000, -1.000000000000000000 ) ) ;
#806 = VERTEX_POINT ( 'NONE', #1734 ) ;
#807 = EDGE_CURVE ( 'NONE', #897, #1311, #1209, .T. ) ;
#808 = CARTESIAN_POINT ( 'NONE',  ( -201.4999999999998579, 17.47789270236946280, 158.7618477777805879 ) ) ;
#809 = AXIS2_PLACEMENT_3D ( 'NONE', #978, #337, #71 ) ;
#810 = CARTESIAN_POINT ( 'NONE',  ( 204.4999999999999147, 2.000000000000000000, -151.0000000000000568 ) ) ;
#811 = ORIENTED_EDGE ( 'NONE', *, *, #1048, .T. ) ;
#812 = DIRECTION ( 'NONE',  ( -1.542737787368732315E-16, 8.115493390985083834E-17, -1.000000000000000000 ) ) ;
#813 = VECTOR ( 'NONE', #1514, 1000.000000000000000 ) ;
#814 = CARTESIAN_POINT ( 'NONE',  ( 170.0000000599895600, 0.0000000000000000000, 115.2650000000000006 ) ) ;
#815 = ORIENTED_EDGE ( 'NONE', *, *, #1685, .F. ) ;
#816 = LINE ( 'NONE', #1129, #1568 ) ;
#817 = ORIENTED_EDGE ( 'NONE', *, *, #586, .T. ) ;
#818 = ORIENTED_EDGE ( 'NONE', *, *, #1145, .T. ) ;
#819 = CARTESIAN_POINT ( 'NONE',  ( -189.9999999400106105, 0.0000000000000000000, -120.9999999999999716 ) ) ;
#820 = PLANE ( 'NONE',  #712 ) ;
#821 = AXIS2_PLACEMENT_3D ( 'NONE', #251, #1165, #394 ) ;
#822 = ORIENTED_EDGE ( 'NONE', *, *, #1597, .F. ) ;
#823 = CARTESIAN_POINT ( 'NONE',  ( 204.4999999999998579, 14.65881484001182677, -157.7357873478033525 ) ) ;
#824 = VERTEX_POINT ( 'NONE', #1138 ) ;
#825 = CARTESIAN_POINT ( 'NONE',  ( 205.5000000000000568, 0.0000000000000000000, -151.0000000000000568 ) ) ;
#826 = DIRECTION ( 'NONE',  ( 0.0000000000000000000, 0.0000000000000000000, 1.000000000000000000 ) ) ;
#827 = ORIENTED_EDGE ( 'NONE', *, *, #885, .T. ) ;
#828 = CIRCLE ( 'NONE', #729, 2.000000000000001776 ) ;
#829 = ORIENTED_EDGE ( 'NONE', *, *, #720, .F. ) ;
#830 = CARTESIAN_POINT ( 'NONE',  ( -205.4999999999998579, -2.000000000000000888, -150.0000000000000284 ) ) ;
#831 = DIRECTION ( 'NONE',  ( 0.0000000000000000000, 0.0000000000000000000, -1.000000000000000000 ) ) ;
#832 = EDGE_CURVE ( 'NONE', #1779, #70, #443, .T. ) ;
#833 = DIRECTION ( 'NONE',  ( 0.0000000000000000000, -1.000000000000000000, 0.0000000000000000000 ) ) ;
#834 = EDGE_LOOP ( 'NONE', ( #1885, #1440, #755, #692 ) ) ;
#835 = DIRECTION ( 'NONE',  ( -0.0000000000000000000, 1.000000000000000000, -0.0000000000000000000 ) ) ;
#836 = EDGE_CURVE ( 'NONE', #139, #1679, #1324, .T. ) ;
#837 = ORIENTED_EDGE ( 'NONE', *, *, #1002, .F. ) ;
#838 = ORIENTED_EDGE ( 'NONE', *, *, #702, .F. ) ;
#839 = LINE ( 'NONE', #1141, #190 ) ;
#840 = CARTESIAN_POINT ( 'NONE',  ( -168.9999999400103547, -2.000000000000000000, 92.49999999999519673 ) ) ;
#841 = CARTESIAN_POINT ( 'NONE',  ( -189.9999999400106105, 0.0000000000000000000, -126.7349999999999568 ) ) ;
#842 = ORIENTED_EDGE ( 'NONE', *, *, #1735, .T. ) ;
#843 = EDGE_CURVE ( 'NONE', #996, #165, #1202, .T. ) ;
#844 = AXIS2_PLACEMENT_3D ( 'NONE', #1505, #768, #911 ) ;
#845 = CARTESIAN_POINT ( 'NONE',  ( -2.733708489879717524E-15, 16.79385241571812415, 160.6412330193523132 ) ) ;
#846 = ORIENTED_EDGE ( 'NONE', *, *, #1704, .T. ) ;
#847 = DIRECTION ( 'NONE',  ( 1.838117590439000668E-16, 0.0000000000000000000, 1.000000000000000000 ) ) ;
#848 = AXIS2_PLACEMENT_3D ( 'NONE', #311, #944, #1403 ) ;
#849 = LINE ( 'NONE', #1128, #1749 ) ;
#850 = CARTESIAN_POINT ( 'NONE',  ( 170.0000000599895600, 0.0000000000000000000, -115.2650000000000006 ) ) ;
#851 = VECTOR ( 'NONE', #1052, 1000.000000000000114 ) ;
#852 = EDGE_LOOP ( 'NONE', ( #1675, #1774, #658, #1762 ) ) ;
#853 = ORIENTED_EDGE ( 'NONE', *, *, #1583, .F. ) ;
#854 = LINE ( 'NONE', #655, #256 ) ;
#855 = EDGE_LOOP ( 'NONE', ( #1166, #829 ) ) ;
#856 = ORIENTED_EDGE ( 'NONE', *, *, #312, .T. ) ;
#857 = CARTESIAN_POINT ( 'NONE',  ( -170.9999999400103547, 0.0000000000000000000, 92.49999999999519673 ) ) ;
#858 = CARTESIAN_POINT ( 'NONE',  ( -189.9999999400106105, -2.000000000000000000, 121.0000000000000284 ) ) ;
#859 = DIRECTION ( 'NONE',  ( -1.000000000000000000, 0.0000000000000000000, 6.753181414994869848E-17 ) ) ;
#860 = VECTOR ( 'NONE', #1223, 1000.000000000000000 ) ;
#861 = CARTESIAN_POINT ( 'NONE',  ( 110.0000000599893895, 0.0000000000000000000, -57.50000000000471090 ) ) ;
#862 = CIRCLE ( 'NONE', #431, 3.000000000000009770 ) ;
#863 = PLANE ( 'NONE',  #1604 ) ;
#864 = CARTESIAN_POINT ( 'NONE',  ( 204.4999999999999147, 2.000000000000000000, -151.0000000000000568 ) ) ;
#865 = ORIENTED_EDGE ( 'NONE', *, *, #1191, .F. ) ;
#866 = CARTESIAN_POINT ( 'NONE',  ( -205.4999999999998579, 0.0000000000000000000, 151.0000000000000000 ) ) ;
#867 = ADVANCED_FACE ( 'NONE', ( #732 ), #1897, .F. ) ;
#868 = VECTOR ( 'NONE', #884, 1000.000000000000114 ) ;
#869 = DIRECTION ( 'NONE',  ( 0.0000000000000000000, 0.0000000000000000000, 1.000000000000000000 ) ) ;
#870 = ORIENTED_EDGE ( 'NONE', *, *, #1603, .F. ) ;
#871 = DIRECTION ( 'NONE',  ( -0.0000000000000000000, 1.000000000000000000, -0.0000000000000000000 ) ) ;
#872 = EDGE_CURVE ( 'NONE', #1142, #1117, #1710, .T. ) ;
#873 = CARTESIAN_POINT ( 'NONE',  ( 110.0000000599893895, -2.000000000000000000, -57.50000000000471090 ) ) ;
#874 = ORIENTED_EDGE ( 'NONE', *, *, #76, .T. ) ;
#875 = LINE ( 'NONE', #37, #1460 ) ;
#876 = DIRECTION ( 'NONE',  ( 4.443457339534099699E-17, -0.9396926207859093161, -0.3420201433256660484 ) ) ;
#877 = LINE ( 'NONE', #1175, #101 ) ;
#878 = ADVANCED_FACE ( 'NONE', ( #628 ), #348, .F. ) ;
#879 = ORIENTED_EDGE ( 'NONE', *, *, #388, .F. ) ;
#880 = LINE ( 'NONE', #291, #1525 ) ;
#881 = LINE ( 'NONE', #58, #470 ) ;
#882 = CARTESIAN_POINT ( 'NONE',  ( 0.0000000000000000000, -2.000000000000000000, 0.0000000000000000000 ) ) ;
#883 = DIRECTION ( 'NONE',  ( -1.478544746843866711E-16, 1.968991402558088677E-16, -1.000000000000000000 ) ) ;
#884 = DIRECTION ( 'NONE',  ( -6.345914742499257131E-17, 0.3420201433256725432, -0.9396926207859068736 ) ) ;
#885 = EDGE_CURVE ( 'NONE', #1275, #139, #1170, .T. ) ;
#886 = DIRECTION ( 'NONE',  ( 0.9396926207859074287, 0.3420201433256713219, -7.159428664010165296E-17 ) ) ;
#887 = EDGE_LOOP ( 'NONE', ( #1857, #414, #1776, #1053 ) ) ;
#888 = PRODUCT_DEFINITION_FORMATION_WITH_SPECIFIED_SOURCE ( 'ANY', '', #1248, .NOT_KNOWN. ) ;
#889 = AXIS2_PLACEMENT_3D ( 'NONE', #352, #1848, #661 ) ;
#890 = ORIENTED_EDGE ( 'NONE', *, *, #1435, .T. ) ;
#891 = CONICAL_SURFACE ( 'NONE', #3, 5.734999999999990550, 0.7853981633974461696 ) ;
#893 = CARTESIAN_POINT ( 'NONE',  ( 170.0000000599895600, -2.000000000000000000, -117.2650000000000006 ) ) ;
#892 = AXIS2_PLACEMENT_3D ( 'NONE', #125, #579, #1765 ) ;
#894 = FACE_BOUND ( 'NONE', #249, .T. ) ;
#895 = CARTESIAN_POINT ( 'NONE',  ( -207.3793852415716970, 1.315959713348607840, 149.9999999999999716 ) ) ;
#896 = VECTOR ( 'NONE', #1386, 1000.000000000000000 ) ;
#897 = VERTEX_POINT ( 'NONE', #2 ) ;
#898 = DIRECTION ( 'NONE',  ( -9.190587952195004572E-17, -0.0000000000000000000, -1.000000000000000000 ) ) ;
#899 = EDGE_LOOP ( 'NONE', ( #1609, #1579, #1633, #1353 ) ) ;
#900 = CARTESIAN_POINT ( 'NONE',  ( 8.966167672473078085E-15, -48.53046453133426041, -134.7367705319018683 ) ) ;
#901 = EDGE_CURVE ( 'NONE', #1266, #1304, #1228, .T. ) ;
#902 = VECTOR ( 'NONE', #883, 1000.000000000000000 ) ;
#903 = EDGE_LOOP ( 'NONE', ( #1571, #802, #1367, #1102 ) ) ;
#904 = CARTESIAN_POINT ( 'NONE',  ( 205.5000000000000853, 0.6319194266973249263, -154.7587704831436781 ) ) ;
#905 = DIRECTION ( 'NONE',  ( -0.0000000000000000000, 1.000000000000000000, -0.0000000000000000000 ) ) ;
#906 = LINE ( 'NONE', #1757, #1146 ) ;
#907 = PLANE ( 'NONE',  #1359 ) ;
#908 = CARTESIAN_POINT ( 'NONE',  ( 170.0000000599895600, -2.000000000000000000, 117.2650000000000006 ) ) ;
#909 = ORIENTED_EDGE ( 'NONE', *, *, #123, .F. ) ;
#910 = CIRCLE ( 'NONE', #672, 3.000000000000009770 ) ;
#911 = DIRECTION ( 'NONE',  ( 0.3420201433256660484, 0.9396926207859093161, 1.209444348707625589E-16 ) ) ;
#912 = EDGE_CURVE ( 'NONE', #442, #1117, #418, .T. ) ;
#913 = DIRECTION ( 'NONE',  ( 1.000000000000000000, 0.0000000000000000000, -0.0000000000000000000 ) ) ;
#914 = FACE_OUTER_BOUND ( 'NONE', #756, .T. ) ;
#915 = SHAPE_DEFINITION_REPRESENTATION ( #252, #1234 ) ;
#916 = AXIS2_PLACEMENT_3D ( 'NONE', #1559, #833, #246 ) ;
#917 = DIRECTION ( 'NONE',  ( 1.269182948499841565E-16, 0.3420201433256726542, 0.9396926207859068736 ) ) ;
#918 = VECTOR ( 'NONE', #107, 1000.000000000000000 ) ;
#919 =( NAMED_UNIT ( * ) SI_UNIT ( $, .STERADIAN. ) SOLID_ANGLE_UNIT ( ) );
#920 = PLANE ( 'NONE',  #708 ) ;
#921 = ORIENTED_EDGE ( 'NONE', *, *, #642, .F. ) ;
#922 = CARTESIAN_POINT ( 'NONE',  ( 205.5000000000000853, 1.315959713348663351, -152.8793852415718391 ) ) ;
#923 = ORIENTED_EDGE ( 'NONE', *, *, #230, .T. ) ;
#924 = CARTESIAN_POINT ( 'NONE',  ( -170.9999999400103547, -2.001000000000005219, 95.49999999999519673 ) ) ;
#925 = EDGE_CURVE ( 'NONE', #1681, #1304, #678, .T. ) ;
#926 = ORIENTED_EDGE ( 'NONE', *, *, #469, .F. ) ;
#927 = AXIS2_PLACEMENT_3D ( 'NONE', #1836, #1274, #59 ) ;
#928 = ORIENTED_EDGE ( 'NONE', *, *, #986, .F. ) ;
#929 = ADVANCED_FACE ( 'NONE', ( #1869 ), #383, .T. ) ;
#930 = DIRECTION ( 'NONE',  ( 0.0000000000000000000, 0.0000000000000000000, 1.000000000000000000 ) ) ;
#931 = AXIS2_PLACEMENT_3D ( 'NONE', #1782, #1654, #306 ) ;
#932 = ORIENTED_EDGE ( 'NONE', *, *, #39, .F. ) ;
#933 = CARTESIAN_POINT ( 'NONE',  ( -205.4999999999998579, -2.005025000000059787, -150.0000000000000000 ) ) ;
#934 = ADVANCED_FACE ( 'NONE', ( #1487 ), #747, .T. ) ;
#935 = EDGE_CURVE ( 'NONE', #1862, #996, #1414, .T. ) ;
#936 = CYLINDRICAL_SURFACE ( 'NONE', #1644, 1.000000000000000888 ) ;
#937 = AXIS2_PLACEMENT_3D ( 'NONE', #900, #294, #274 ) ;
#938 = CONICAL_SURFACE ( 'NONE', #1179, 5.734999999999990550, 0.7853981633974461696 ) ;
#939 = FACE_OUTER_BOUND ( 'NONE', #1889, .T. ) ;
#940 = DIRECTION ( 'NONE',  ( -9.251858538542965911E-15, 0.9396926207859065405, 0.3420201433256736534 ) ) ;
#941 = DIRECTION ( 'NONE',  ( -1.000000000000000000, 1.269182948499845510E-16, 8.886914679068203095E-17 ) ) ;
#942 = CARTESIAN_POINT ( 'NONE',  ( 212.2357873478034662, 14.65881484001178947, -147.0000000000000000 ) ) ;
#943 = DIRECTION ( 'NONE',  ( 0.0000000000000000000, 0.7071067811865489050, 0.7071067811865460184 ) ) ;
#944 = DIRECTION ( 'NONE',  ( 9.190587952195004572E-17, 0.0000000000000000000, 1.000000000000000000 ) ) ;
#945 = EDGE_CURVE ( 'NONE', #1617, #681, #781, .T. ) ;
#946 = ORIENTED_EDGE ( 'NONE', *, *, #138, .F. ) ;
#947 = VECTOR ( 'NONE', #32, 1000.000000000000000 ) ;
#948 = ORIENTED_EDGE ( 'NONE', *, *, #441, .F. ) ;
#949 = FACE_OUTER_BOUND ( 'NONE', #1846, .T. ) ;
#950 = ORIENTED_EDGE ( 'NONE', *, *, #197, .F. ) ;
#951 = AXIS2_PLACEMENT_3D ( 'NONE', #1707, #1045, #1887 ) ;
#952 = ORIENTED_EDGE ( 'NONE', *, *, #1302, .T. ) ;
#953 = FACE_OUTER_BOUND ( 'NONE', #1108, .T. ) ;
#954 =( NAMED_UNIT ( * ) SI_UNIT ( $, .STERADIAN. ) SOLID_ANGLE_UNIT ( ) );
#955 = CARTESIAN_POINT ( 'NONE',  ( 110.0000000599893895, -2.001000000000005219, -57.50000000000471090 ) ) ;
#956 = DIRECTION ( 'NONE',  ( 0.0000000000000000000, 0.0000000000000000000, 1.000000000000000000 ) ) ;
#957 = ORIENTED_EDGE ( 'NONE', *, *, #1673, .T. ) ;
#958 = DIRECTION ( 'NONE',  ( 6.345914742499209060E-17, -0.3420201433256725432, 0.9396926207859069846 ) ) ;
#959 = EDGE_CURVE ( 'NONE', #261, #1449, #106, .T. ) ;
#960 = DIRECTION ( 'NONE',  ( 1.838117590439000668E-16, 0.0000000000000000000, 1.000000000000000000 ) ) ;
#961 = CARTESIAN_POINT ( 'NONE',  ( 201.4999999999998579, 17.47789270236946280, -158.7618477777805026 ) ) ;
#962 = AXIS2_PLACEMENT_3D ( 'NONE', #1564, #1000, #238 ) ;
#963 = VECTOR ( 'NONE', #1696, 1000.000000000000227 ) ;
#964 = CARTESIAN_POINT ( 'NONE',  ( 0.0000000000000000000, 0.0000000000000000000, 0.0000000000000000000 ) ) ;
#965 = ORIENTED_EDGE ( 'NONE', *, *, #1850, .F. ) ;
#966 = CARTESIAN_POINT ( 'NONE',  ( -209.2587704831435929, 0.6319194266974645924, -150.0000000000000000 ) ) ;
#967 = DIRECTION ( 'NONE',  ( -0.3420201433256661039, -0.9396926207859093161, -1.209444348707625589E-16 ) ) ;
#968 = ORIENTED_EDGE ( 'NONE', *, *, #1515, .F. ) ;
#969 = ORIENTED_EDGE ( 'NONE', *, *, #1560, .T. ) ;
#970 = DIRECTION ( 'NONE',  ( -0.0000000000000000000, 1.000000000000000000, -0.0000000000000000000 ) ) ;
#971 = ADVANCED_FACE ( 'NONE', ( #949 ), #1499, .T. ) ;
#972 = ORIENTED_EDGE ( 'NONE', *, *, #1570, .F. ) ;
#973 = ORIENTED_EDGE ( 'NONE', *, *, #72, .F. ) ;
#974 = CIRCLE ( 'NONE', #1485, 1.000000000000000888 ) ;
#975 = EDGE_CURVE ( 'NONE', #393, #464, #1372, .T. ) ;
#976 = ORIENTED_EDGE ( 'NONE', *, *, #223, .F. ) ;
#977 = DIRECTION ( 'NONE',  ( -0.9396926207859068736, 0.3420201433256726542, 1.727265535872301412E-16 ) ) ;
#978 = CARTESIAN_POINT ( 'NONE',  ( 201.4999999999998579, 13.97305590214019766, -159.6198945447948176 ) ) ;
#979 = ORIENTED_EDGE ( 'NONE', *, *, #1713, .F. ) ;
#980 = EDGE_LOOP ( 'NONE', ( #468, #1393, #846, #1394 ) ) ;
#981 = ORIENTED_EDGE ( 'NONE', *, *, #1692, .F. ) ;
#982 = CARTESIAN_POINT ( 'NONE',  ( 170.0000000599895600, -2.000000000000000000, -124.7349999999999994 ) ) ;
#983 = CARTESIAN_POINT ( 'NONE',  ( 215.1412330193523132, 16.79385241571818099, 147.0000000000000000 ) ) ;
#984 = CARTESIAN_POINT ( 'NONE',  ( -205.4999999999998579, -2.005025000000059787, -151.0000000000000000 ) ) ;
#985 = VECTOR ( 'NONE', #1195, 1000.000000000000114 ) ;
#986 = EDGE_CURVE ( 'NONE', #1732, #758, #373, .T. ) ;
#987 = CIRCLE ( 'NONE', #762, 3.000000000000001776 ) ;
#988 = CARTESIAN_POINT ( 'NONE',  ( 201.4999999999998295, 16.79385241571812415, 160.6412330193523132 ) ) ;
#989 = CARTESIAN_POINT ( 'NONE',  ( 170.0000000599895600, 0.0000000000000000000, 121.0000000000000000 ) ) ;
#990 = MECHANICAL_DESIGN_GEOMETRIC_PRESENTATION_REPRESENTATION (  '', ( #782 ), #328 ) ;
#991 = DIRECTION ( 'NONE',  ( -1.000000000000000000, 0.0000000000000000000, 1.350636282998974216E-16 ) ) ;
#992 = DIRECTION ( 'NONE',  ( 0.0000000000000000000, 0.7071067811865489050, 0.7071067811865460184 ) ) ;
#993 = LINE ( 'NONE', #650, #1422 ) ;
#994 = CIRCLE ( 'NONE', #544, 3.000000000000001776 ) ;
#995 = DIRECTION ( 'NONE',  ( -0.0000000000000000000, 1.000000000000000000, -0.0000000000000000000 ) ) ;
#996 = VERTEX_POINT ( 'NONE', #420 ) ;
#997 = DIRECTION ( 'NONE',  ( 0.0000000000000000000, -0.9396926207859065405, 0.3420201433256738199 ) ) ;
#998 = VECTOR ( 'NONE', #1557, 1000.000000000000000 ) ;
#999 = CARTESIAN_POINT ( 'NONE',  ( -168.9999999400103547, -2.000000000000000000, 89.49999999999519673 ) ) ;
#1000 = DIRECTION ( 'NONE',  ( 0.0000000000000000000, -1.000000000000000000, 0.0000000000000000000 ) ) ;
#1001 = DIRECTION ( 'NONE',  ( 8.659560562354913137E-17, 0.7071067811865489050, -0.7071067811865460184 ) ) ;
#1002 = EDGE_CURVE ( 'NONE', #355, #70, #880, .T. ) ;
#1003 = ORIENTED_EDGE ( 'NONE', *, *, #138, .T. ) ;
#1004 = CARTESIAN_POINT ( 'NONE',  ( 201.4999999999998295, 17.47789270236946280, 158.7618477777805595 ) ) ;
#1005 = ORIENTED_EDGE ( 'NONE', *, *, #667, .T. ) ;
#1006 = FACE_OUTER_BOUND ( 'NONE', #1199, .T. ) ;
#1007 = DIRECTION ( 'NONE',  ( 0.0000000000000000000, 0.0000000000000000000, 1.000000000000000000 ) ) ;
#1008 = COLOUR_RGB ( '',0.6470588235294117974, 0.6196078431372549211, 0.5882352941176470784 ) ;
#1009 = CIRCLE ( 'NONE', #244, 3.000000000000001776 ) ;
#1010 = ORIENTED_EDGE ( 'NONE', *, *, #55, .F. ) ;
#1011 = VECTOR ( 'NONE', #271, 1000.000000000000000 ) ;
#1012 = LINE ( 'NONE', #1536, #1332 ) ;
#1013 = EDGE_CURVE ( 'NONE', #1085, #1275, #906, .T. ) ;
#1014 = DIRECTION ( 'NONE',  ( 0.0000000000000000000, 1.000000000000000000, 0.0000000000000000000 ) ) ;
#1015 = CARTESIAN_POINT ( 'NONE',  ( -201.4999999999998579, 13.97477455336042951, -159.6151725893752484 ) ) ;
#1016 = FACE_OUTER_BOUND ( 'NONE', #834, .T. ) ;
#1017 = ORIENTED_EDGE ( 'NONE', *, *, #986, .T. ) ;
#1018 = VECTOR ( 'NONE', #310, 1000.000000000000000 ) ;
#1019 = CARTESIAN_POINT ( 'NONE',  ( -204.4999999999998579, 2.000000000000000000, -151.0000000000000000 ) ) ;
#1020 = ORIENTED_EDGE ( 'NONE', *, *, #1381, .T. ) ;
#1021 = DIRECTION ( 'NONE',  ( 0.0000000000000000000, -1.000000000000000000, 0.0000000000000000000 ) ) ;
#1022 = ORIENTED_EDGE ( 'NONE', *, *, #1302, .F. ) ;
#1023 = DIRECTION ( 'NONE',  ( 0.0000000000000000000, 0.0000000000000000000, 1.000000000000000000 ) ) ;
#1024 = CIRCLE ( 'NONE', #1425, 4.000000000000003553 ) ;
#1025 = VECTOR ( 'NONE', #1688, 1000.000000000000114 ) ;
#1027 = ORIENTED_EDGE ( 'NONE', *, *, #1625, .T. ) ;
#1026 = DIRECTION ( 'NONE',  ( -0.0000000000000000000, 1.000000000000000000, -0.0000000000000000000 ) ) ;
#1028 = EDGE_CURVE ( 'NONE', #1586, #38, #1483, .T. ) ;
#1029 = CARTESIAN_POINT ( 'NONE',  ( -205.4999999999998863, 16.79385241571815257, 160.6412330193523417 ) ) ;
#1030 = DIRECTION ( 'NONE',  ( -0.0000000000000000000, 1.000000000000000000, -0.0000000000000000000 ) ) ;
#1031 = AXIS2_PLACEMENT_3D ( 'NONE', #1121, #1254, #343 ) ;
#1032 = ADVANCED_FACE ( 'NONE', ( #467 ), #726, .F. ) ;
#1033 = DIRECTION ( 'NONE',  ( 0.0000000000000000000, -0.0000000000000000000, -1.000000000000000000 ) ) ;
#1034 = CARTESIAN_POINT ( 'NONE',  ( -204.4999999999998579, 0.0000000000000000000, 151.0000000000000000 ) ) ;
#1035 = ORIENTED_EDGE ( 'NONE', *, *, #354, .F. ) ;
#1036 = DIRECTION ( 'NONE',  ( 0.0000000000000000000, 0.0000000000000000000, -1.000000000000000000 ) ) ;
#1037 = CARTESIAN_POINT ( 'NONE',  ( -189.9999999400106105, -2.000000000000000000, 124.7350000000000279 ) ) ;
#1038 = ORIENTED_EDGE ( 'NONE', *, *, #1704, .F. ) ;
#1039 = CARTESIAN_POINT ( 'NONE',  ( -170.9999999400103547, 0.0000000000000000000, 95.49999999999519673 ) ) ;
#1040 = CIRCLE ( 'NONE', #583, 2.000000000000001776 ) ;
#1041 = LINE ( 'NONE', #285, #918 ) ;
#1042 = PLANE ( 'NONE',  #235 ) ;
#1043 = ORIENTED_EDGE ( 'NONE', *, *, #223, .T. ) ;
#1044 = DIRECTION ( 'NONE',  ( -0.9396926207859069846, 0.3420201433256727097, 1.727265535872301412E-16 ) ) ;
#1045 = DIRECTION ( 'NONE',  ( -0.0000000000000000000, 1.000000000000000000, -0.0000000000000000000 ) ) ;
#1046 = CIRCLE ( 'NONE', #889, 3.000000000000002665 ) ;
#1047 = ADVANCED_FACE ( 'NONE', ( #1781 ), #1627, .F. ) ;
#1048 = EDGE_CURVE ( 'NONE', #1758, #1679, #104, .T. ) ;
#1049 = ORIENTED_EDGE ( 'NONE', *, *, #76, .F. ) ;
#1050 = ORIENTED_EDGE ( 'NONE', *, *, #720, .T. ) ;
#1051 = AXIS2_PLACEMENT_3D ( 'NONE', #1731, #1868, #1884 ) ;
#1052 = DIRECTION ( 'NONE',  ( -0.9396926207859068736, 0.3420201433256725432, 1.727265535872313491E-16 ) ) ;
#1053 = ORIENTED_EDGE ( 'NONE', *, *, #1197, .F. ) ;
#1054 = CYLINDRICAL_SURFACE ( 'NONE', #1717, 3.000000000000001776 ) ;
#1055 = DIRECTION ( 'NONE',  ( 0.0000000000000000000, 0.0000000000000000000, -1.000000000000000000 ) ) ;
#1056 = ADVANCED_FACE ( 'NONE', ( #504 ), #1264, .F. ) ;
#1057 = DIRECTION ( 'NONE',  ( 0.0000000000000000000, 0.0000000000000000000, 1.000000000000000000 ) ) ;
#1058 = CARTESIAN_POINT ( 'NONE',  ( 204.4999999999999147, 2.000000000000000000, -151.0000000000000568 ) ) ;
#1059 = ORIENTED_EDGE ( 'NONE', *, *, #1764, .T. ) ;
#1060 = LINE ( 'NONE', #1271, #1508 ) ;
#1061 = CIRCLE ( 'NONE', #1385, 3.000000000000001776 ) ;
#1062 = EDGE_CURVE ( 'NONE', #1500, #1085, #828, .T. ) ;
#1063 = ORIENTED_EDGE ( 'NONE', *, *, #627, .F. ) ;
#1064 = ORIENTED_EDGE ( 'NONE', *, *, #1673, .F. ) ;
#1065 = CYLINDRICAL_SURFACE ( 'NONE', #1267, 4.000000000000003553 ) ;
#1066 = ORIENTED_EDGE ( 'NONE', *, *, #1570, .T. ) ;
#1067 = CARTESIAN_POINT ( 'NONE',  ( -205.4999999999999147, 2.000000000000000000, -150.0000000000000284 ) ) ;
#1068 = FACE_BOUND ( 'NONE', #855, .T. ) ;
#1069 = CARTESIAN_POINT ( 'NONE',  ( -168.9999999400103547, 0.0000000000000000000, 95.49999999999519673 ) ) ;
#1070 = DIRECTION ( 'NONE',  ( 0.0000000000000000000, 0.0000000000000000000, 1.000000000000000000 ) ) ;
#1071 = CARTESIAN_POINT ( 'NONE',  ( 184.7408668484656573, -66.73046718194392213, -150.0000000000000000 ) ) ;
#1072 = SURFACE_SIDE_STYLE ('',( #1699 ) ) ;
#1073 = DIRECTION ( 'NONE',  ( -0.0000000000000000000, 1.000000000000000000, -0.0000000000000000000 ) ) ;
#1074 = VERTEX_POINT ( 'NONE', #797 ) ;
#1075 = CARTESIAN_POINT ( 'NONE',  ( 205.4999999999998579, -2.005025000000059787, 151.0000000000000000 ) ) ;
#1076 = ADVANCED_FACE ( 'NONE', ( #84 ), #1565, .T. ) ;
#1077 = ORIENTED_EDGE ( 'NONE', *, *, #1622, .F. ) ;
#1078 = FACE_OUTER_BOUND ( 'NONE', #1896, .T. ) ;
#1079 = ORIENTED_EDGE ( 'NONE', *, *, #1062, .F. ) ;
#1080 = APPLICATION_CONTEXT ( 'automotive_design' ) ;
#1081 = FACE_OUTER_BOUND ( 'NONE', #673, .T. ) ;
#1082 = AXIS2_PLACEMENT_3D ( 'NONE', #162, #1374, #1818 ) ;
#1083 = LINE ( 'NONE', #676, #1149 ) ;
#1084 = DIRECTION ( 'NONE',  ( -1.000000000000000000, -6.345914742499225083E-17, 4.443457339534100315E-17 ) ) ;
#1085 = VERTEX_POINT ( 'NONE', #1034 ) ;
#1086 = LINE ( 'NONE', #933, #1668 ) ;
#1087 = EDGE_CURVE ( 'NONE', #330, #500, #463, .T. ) ;
#1088 = ORIENTED_EDGE ( 'NONE', *, *, #935, .T. ) ;
#1089 = DIRECTION ( 'NONE',  ( 0.0000000000000000000, -1.000000000000000000, 0.0000000000000000000 ) ) ;
#1090 = VECTOR ( 'NONE', #1830, 1000.000000000000000 ) ;
#1091 = CARTESIAN_POINT ( 'NONE',  ( -170.9999999400103547, -2.000000000000000000, 95.49999999999519673 ) ) ;
#1092 = CYLINDRICAL_SURFACE ( 'NONE', #1725, 3.000000000000000000 ) ;
#1093 = FILL_AREA_STYLE_COLOUR ( '', #1008 ) ;
#1094 = EDGE_LOOP ( 'NONE', ( #1458, #1684, #1753, #151 ) ) ;
#1095 = VECTOR ( 'NONE', #1144, 1000.000000000000000 ) ;
#1096 = CYLINDRICAL_SURFACE ( 'NONE', #370, 4.000000000000003553 ) ;
#1097 = CARTESIAN_POINT ( 'NONE',  ( -170.9999999400103547, -2.001000000000005219, 89.49999999999519673 ) ) ;
#1098 = EDGE_CURVE ( 'NONE', #1143, #1268, #1101, .T. ) ;
#1099 = DIRECTION ( 'NONE',  ( 1.000000000000000000, 0.0000000000000000000, 0.0000000000000000000 ) ) ;
#1100 = CARTESIAN_POINT ( 'NONE',  ( 170.0000000599895600, -2.000000000000000000, -121.0000000000000000 ) ) ;
#1101 = LINE ( 'NONE', #1211, #128 ) ;
#1102 = ORIENTED_EDGE ( 'NONE', *, *, #571, .T. ) ;
#1103 = ORIENTED_EDGE ( 'NONE', *, *, #571, .F. ) ;
#1104 = DIRECTION ( 'NONE',  ( -8.886914679068201862E-17, -0.9396926207859093161, 0.3420201433256660484 ) ) ;
#1105 = EDGE_LOOP ( 'NONE', ( #384, #385, #714, #1719 ) ) ;
#1106 = EDGE_LOOP ( 'NONE', ( #1726, #536, #1187, #738 ) ) ;
#1107 = CARTESIAN_POINT ( 'NONE',  ( -189.9999999400106105, 0.0000000000000000000, -126.7349999999999568 ) ) ;
#1108 = EDGE_LOOP ( 'NONE', ( #1653, #1120, #969, #865 ) ) ;
#1109 = DIRECTION ( 'NONE',  ( 0.0000000000000000000, -0.9396926207859065405, 0.3420201433256736534 ) ) ;
#1110 = DIRECTION ( 'NONE',  ( 0.9396926207859045421, -0.3420201433256791490, -1.727265535872322119E-16 ) ) ;
#1111 = CIRCLE ( 'NONE', #602, 1.000000000000000888 ) ;
#1112 = ORIENTED_EDGE ( 'NONE', *, *, #1507, .T. ) ;
#1113 = DIRECTION ( 'NONE',  ( 0.9396926207859045421, 0.3420201433256791490, -8.636327679361611829E-17 ) ) ;
#1114 = EDGE_CURVE ( 'NONE', #1431, #1500, #1708, .T. ) ;
#1115 = FACE_OUTER_BOUND ( 'NONE', #1130, .T. ) ;
#1116 = DIRECTION ( 'NONE',  ( 0.0000000000000000000, 0.0000000000000000000, 1.000000000000000000 ) ) ;
#1117 = VERTEX_POINT ( 'NONE', #145 ) ;
#1118 = DIRECTION ( 'NONE',  ( 1.000000000000000000, -0.0000000000000000000, -0.0000000000000000000 ) ) ;
#1119 = ORIENTED_EDGE ( 'NONE', *, *, #751, .T. ) ;
#1120 = ORIENTED_EDGE ( 'NONE', *, *, #168, .T. ) ;
#1121 = CARTESIAN_POINT ( 'NONE',  ( -201.4999999999998579, 13.97477455336043484, 159.6151725893753053 ) ) ;
#1122 = CARTESIAN_POINT ( 'NONE',  ( 170.0000000599895600, 0.0000000000000000000, 126.7349999999999852 ) ) ;
#1123 = EDGE_CURVE ( 'NONE', #1904, #417, #1546, .T. ) ;
#1124 = DIRECTION ( 'NONE',  ( -0.0000000000000000000, 1.000000000000000000, -0.0000000000000000000 ) ) ;
#1125 = AXIS2_PLACEMENT_3D ( 'NONE', #1100, #1407, #1569 ) ;
#1126 = AXIS2_PLACEMENT_3D ( 'NONE', #1740, #776, #170 ) ;
#1127 = DIRECTION ( 'NONE',  ( -0.9396926207859045421, -0.3420201433256791490, 8.636327679361611829E-17 ) ) ;
#1128 = CARTESIAN_POINT ( 'NONE',  ( -205.4999999999998863, 0.6319194266972971707, 154.7587704831437065 ) ) ;
#1129 = CARTESIAN_POINT ( 'NONE',  ( 214.1198945447946471, 13.97305590214025628, -150.0000000000000000 ) ) ;
#1130 = EDGE_LOOP ( 'NONE', ( #267, #357, #703, #1697 ) ) ;
#1131 = ORIENTED_EDGE ( 'NONE', *, *, #945, .T. ) ;
#1132 = VECTOR ( 'NONE', #177, 1000.000000000000000 ) ;
#1133 = EDGE_CURVE ( 'NONE', #1117, #287, #462, .T. ) ;
#1134 = VECTOR ( 'NONE', #1556, 1000.000000000000114 ) ;
#1135 = AXIS2_PLACEMENT_3D ( 'NONE', #861, #1014, #88 ) ;
#1136 = LINE ( 'NONE', #615, #314 ) ;
#1137 = ORIENTED_EDGE ( 'NONE', *, *, #1291, .F. ) ;
#1138 = CARTESIAN_POINT ( 'NONE',  ( -168.9999999400103547, -2.000000000000000000, 95.49999999999519673 ) ) ;
#1139 = EDGE_CURVE ( 'NONE', #675, #1236, #994, .T. ) ;
#1140 = CARTESIAN_POINT ( 'NONE',  ( 204.4999999999998579, 1.315959713348663351, 152.8793852415718106 ) ) ;
#1141 = CARTESIAN_POINT ( 'NONE',  ( 170.0000000599895600, 0.0000000000000000000, 115.2650000000000006 ) ) ;
#1142 = VERTEX_POINT ( 'NONE', #53 ) ;
#1143 = VERTEX_POINT ( 'NONE', #1243 ) ;
#1144 = DIRECTION ( 'NONE',  ( -7.802756845823378086E-17, 5.051292129080146174E-18, -1.000000000000000000 ) ) ;
#1145 = EDGE_CURVE ( 'NONE', #41, #38, #1343, .T. ) ;
#1146 = VECTOR ( 'NONE', #141, 1000.000000000000000 ) ;
#1147 = CARTESIAN_POINT ( 'NONE',  ( -189.9999999400106105, 0.0000000000000000000, -120.9999999999999716 ) ) ;
#1148 = EDGE_LOOP ( 'NONE', ( #549, #1341, #234, #475 ) ) ;
#1149 = VECTOR ( 'NONE', #430, 1000.000000000000000 ) ;
#1150 = AXIS2_PLACEMENT_3D ( 'NONE', #1019, #1715, #1890 ) ;
#1151 = ORIENTED_EDGE ( 'NONE', *, *, #1760, .F. ) ;
#1152 = VECTOR ( 'NONE', #13, 1000.000000000000114 ) ;
#1153 = VERTEX_POINT ( 'NONE', #490 ) ;
#1154 = VECTOR ( 'NONE', #991, 1000.000000000000000 ) ;
#1155 = LINE ( 'NONE', #1549, #1174 ) ;
#1156 = VECTOR ( 'NONE', #220, 1000.000000000000000 ) ;
#1157 = EDGE_CURVE ( 'NONE', #187, #335, #849, .T. ) ;
#1158 = CARTESIAN_POINT ( 'NONE',  ( 204.4999999999998579, 13.97477455336045082, -159.6151725893753337 ) ) ;
#1159 = FACE_OUTER_BOUND ( 'NONE', #10, .T. ) ;
#1160 = CIRCLE ( 'NONE', #848, 2.000000000000001776 ) ;
#1161 = ORIENTED_EDGE ( 'NONE', *, *, #1145, .F. ) ;
#1162 = CIRCLE ( 'NONE', #31, 5.734999999999990550 ) ;
#1163 = CARTESIAN_POINT ( 'NONE',  ( 409.0213119486714390, 2.000000000000000000, 150.9999999999999716 ) ) ;
#1164 = ORIENTED_EDGE ( 'NONE', *, *, #1139, .T. ) ;
#1165 = DIRECTION ( 'NONE',  ( -0.0000000000000000000, 1.000000000000000000, -0.0000000000000000000 ) ) ;
#1166 = ORIENTED_EDGE ( 'NONE', *, *, #1529, .F. ) ;
#1167 = CYLINDRICAL_SURFACE ( 'NONE', #68, 3.000000000000001776 ) ;
#1168 = CARTESIAN_POINT ( 'NONE',  ( -168.9999999400103547, -2.001000000000005219, 95.49999999999519673 ) ) ;
#1169 = ORIENTED_EDGE ( 'NONE', *, *, #1702, .F. ) ;
#1170 = CIRCLE ( 'NONE', #56, 2.000000000000001776 ) ;
#1171 = PLANE ( 'NONE',  #1533 ) ;
#1172 = AXIS2_PLACEMENT_3D ( 'NONE', #1308, #1464, #1733 ) ;
#1173 = COLOUR_RGB ( '',0.6470588235294117974, 0.6196078431372549211, 0.5882352941176470784 ) ;
#1174 = VECTOR ( 'NONE', #1255, 1000.000000000000114 ) ;
#1175 = CARTESIAN_POINT ( 'NONE',  ( -201.4999999999998579, 16.79385241571815257, 160.6412330193523417 ) ) ;
#1176 = CIRCLE ( 'NONE', #216, 3.735000000000002096 ) ;
#1177 = DIRECTION ( 'NONE',  ( -6.345914742499209060E-17, 0.3420201433256725432, -0.9396926207859069846 ) ) ;
#1178 = CARTESIAN_POINT ( 'NONE',  ( 214.1151725893753337, 13.97477455336044727, 147.0000000000000000 ) ) ;
#1179 = AXIS2_PLACEMENT_3D ( 'NONE', #1147, #507, #677 ) ;
#1180 = DIRECTION ( 'NONE',  ( 0.3420201433256727097, 0.9396926207859068736, 1.209444348707613510E-16 ) ) ;
#1181 = FACE_OUTER_BOUND ( 'NONE', #1705, .T. ) ;
#1182 = CARTESIAN_POINT ( 'NONE',  ( -189.9999999400106105, 0.0000000000000000000, -115.2649999999999721 ) ) ;
#1183 = AXIS2_PLACEMENT_3D ( 'NONE', #955, #1434, #826 ) ;
#1184 = EDGE_LOOP ( 'NONE', ( #347, #1694, #743, #1578 ) ) ;
#1185 = CARTESIAN_POINT ( 'NONE',  ( 213.2618477777805026, 17.47789270236951964, 147.0000000000000000 ) ) ;
#1186 = PLANE ( 'NONE',  #616 ) ;
#1187 = ORIENTED_EDGE ( 'NONE', *, *, #1635, .T. ) ;
#1188 = ADVANCED_FACE ( 'NONE', ( #8 ), #496, .F. ) ;
#1189 = DIRECTION ( 'NONE',  ( 1.269182948499845263E-16, 0.3420201433256661039, 0.9396926207859093161 ) ) ;
#1190 = DIRECTION ( 'NONE',  ( 0.0000000000000000000, 0.9396926207859065405, 0.3420201433256736534 ) ) ;
#1191 = EDGE_CURVE ( 'NONE', #330, #240, #777, .T. ) ;
#1192 = ORIENTED_EDGE ( 'NONE', *, *, #243, .T. ) ;
#1193 = CARTESIAN_POINT ( 'NONE',  ( -205.4999999999998579, -2.005025000000059787, 150.0000000000000000 ) ) ;
#1194 = VERTEX_POINT ( 'NONE', #1550 ) ;
#1195 = DIRECTION ( 'NONE',  ( -6.345914742499254666E-17, 0.3420201433256725432, -0.9396926207859068736 ) ) ;
#1196 = CARTESIAN_POINT ( 'NONE',  ( 201.4999999999998295, 16.79385241571815257, 160.6412330193523132 ) ) ;
#1197 = EDGE_CURVE ( 'NONE', #335, #1500, #774, .T. ) ;
#1198 = DIRECTION ( 'NONE',  ( -9.190587952195004572E-17, -0.0000000000000000000, -1.000000000000000000 ) ) ;
#1199 = EDGE_LOOP ( 'NONE', ( #1252, #440, #622, #636 ) ) ;
#1200 = FACE_OUTER_BOUND ( 'NONE', #155, .T. ) ;
#1201 = DIRECTION ( 'NONE',  ( -1.000000000000000000, 0.0000000000000000000, 0.0000000000000000000 ) ) ;
#1202 = LINE ( 'NONE', #1490, #392 ) ;
#1203 = CARTESIAN_POINT ( 'NONE',  ( 204.4999999999998579, 1.315959713348663351, -152.8793852415718391 ) ) ;
#1204 = DIRECTION ( 'NONE',  ( -0.3420201433256727097, -0.9396926207859069846, 0.0000000000000000000 ) ) ;
#1205 = CARTESIAN_POINT ( 'NONE',  ( -205.4999999999998863, 2.000000000000000000, 300.0290546400674430 ) ) ;
#1206 = EDGE_CURVE ( 'NONE', #1471, #442, #1577, .T. ) ;
#1207 = ORIENTED_EDGE ( 'NONE', *, *, #183, .T. ) ;
#1208 = ADVANCED_FACE ( 'NONE', ( #479 ), #1065, .T. ) ;
#1209 = LINE ( 'NONE', #1903, #1154 ) ;
#1210 = AXIS2_PLACEMENT_3D ( 'NONE', #1058, #1629, #575 ) ;
#1211 = CARTESIAN_POINT ( 'NONE',  ( -204.4999999999998579, 13.97305590214019055, -159.6198945447947608 ) ) ;
#1212 = ORIENTED_EDGE ( 'NONE', *, *, #912, .T. ) ;
#1213 = DIRECTION ( 'NONE',  ( -1.838117590439000668E-16, -0.0000000000000000000, -1.000000000000000000 ) ) ;
#1214 = EDGE_LOOP ( 'NONE', ( #1059, #26, #1250, #1161 ) ) ;
#1215 = ADVANCED_FACE ( 'NONE', ( #1326 ), #1837, .F. ) ;
#1216 = VERTEX_POINT ( 'NONE', #1540 ) ;
#1217 = EDGE_CURVE ( 'NONE', #996, #275, #881, .T. ) ;
#1218 = CIRCLE ( 'NONE', #1221, 3.000000000000001776 ) ;
#1219 = CARTESIAN_POINT ( 'NONE',  ( -182.8614816068939319, -66.04642689529235611, 150.0000000000000000 ) ) ;
#1220 = ORIENTED_EDGE ( 'NONE', *, *, #1447, .F. ) ;
#1221 = AXIS2_PLACEMENT_3D ( 'NONE', #1878, #886, #1320 ) ;
#1222 = CARTESIAN_POINT ( 'NONE',  ( 201.4999999999998295, 14.65881484001175927, 157.7357873478035231 ) ) ;
#1223 = DIRECTION ( 'NONE',  ( -0.0000000000000000000, 1.000000000000000000, -0.0000000000000000000 ) ) ;
#1224 = VECTOR ( 'NONE', #1300, 1000.000000000000114 ) ;
#1225 =( LENGTH_UNIT ( ) NAMED_UNIT ( * ) SI_UNIT ( .MILLI., .METRE. ) );
#1226 = ADVANCED_FACE ( 'NONE', ( #401 ), #697, .F. ) ;
#1227 = CARTESIAN_POINT ( 'NONE',  ( 205.4999999999998579, -2.005025000000059787, 150.0000000000000000 ) ) ;
#1228 = LINE ( 'NONE', #924, #133 ) ;
#1229 = CARTESIAN_POINT ( 'NONE',  ( -204.4999999999998579, 13.97477455336045082, -159.6151725893752769 ) ) ;
#1230 = VERTEX_POINT ( 'NONE', #367 ) ;
#1231 = EDGE_CURVE ( 'NONE', #590, #1449, #620, .T. ) ;
#1232 = CARTESIAN_POINT ( 'NONE',  ( -4.483083836236536676E-15, -48.53046453133422489, 134.7367705319019535 ) ) ;
#1233 = VERTEX_POINT ( 'NONE', #1555 ) ;
#1234 = ADVANCED_BREP_SHAPE_REPRESENTATION ( '03_098_sheetmetal_box holder', ( #254, #597 ), #1888 ) ;
#1235 = EDGE_CURVE ( 'NONE', #498, #327, #386, .T. ) ;
#1236 = VERTEX_POINT ( 'NONE', #988 ) ;
#1237 = DIRECTION ( 'NONE',  ( -4.443457339534099699E-17, 0.9396926207859093161, 0.3420201433256661039 ) ) ;
#1238 = DIRECTION ( 'NONE',  ( 1.269182948499841565E-16, 0.3420201433256726542, 0.9396926207859068736 ) ) ;
#1239 = AXIS2_PLACEMENT_3D ( 'NONE', #172, #186, #632 ) ;
#1240 = FACE_BOUND ( 'NONE', #1590, .T. ) ;
#1241 = CIRCLE ( 'NONE', #1263, 5.734999999999990550 ) ;
#1242 = DIRECTION ( 'NONE',  ( 0.0000000000000000000, -8.673617379884027583E-16, 1.000000000000000000 ) ) ;
#1243 = CARTESIAN_POINT ( 'NONE',  ( -204.4999999999998579, 14.65881484001181967, -157.7357873478033241 ) ) ;
#1244 = CARTESIAN_POINT ( 'NONE',  ( -205.4999999999999147, 2.000000000000000000, 149.9999999999999432 ) ) ;
#1245 = EDGE_CURVE ( 'NONE', #775, #1518, #61, .T. ) ;
#1246 = CIRCLE ( 'NONE', #1828, 5.734999999999990550 ) ;
#1247 = ADVANCED_FACE ( 'NONE', ( #1866 ), #582, .F. ) ;
#1248 = PRODUCT ( '03_098_sheetmetal_box holder', '03_098_sheetmetal_box holder', '', ( #488 ) ) ;
#1249 = AXIS2_PLACEMENT_3D ( 'NONE', #1618, #1626, #289 ) ;
#1250 = ORIENTED_EDGE ( 'NONE', *, *, #1028, .T. ) ;
#1251 = CARTESIAN_POINT ( 'NONE',  ( -204.4999999999998579, -49.21450481798558485, -136.6161557734736220 ) ) ;
#1252 = ORIENTED_EDGE ( 'NONE', *, *, #168, .F. ) ;
#1253 = DIRECTION ( 'NONE',  ( -0.0000000000000000000, 1.000000000000000000, -0.0000000000000000000 ) ) ;
#1254 = DIRECTION ( 'NONE',  ( 6.345914742499209060E-17, -0.3420201433256725432, 0.9396926207859069846 ) ) ;
#1255 = DIRECTION ( 'NONE',  ( 4.443457339534055941E-17, -0.9396926207859068736, -0.3420201433256725987 ) ) ;
#1256 = DIRECTION ( 'NONE',  ( 0.0000000000000000000, 0.0000000000000000000, 1.000000000000000000 ) ) ;
#1257 = AXIS2_PLACEMENT_3D ( 'NONE', #1493, #129, #754 ) ;
#1258 = FACE_OUTER_BOUND ( 'NONE', #1542, .T. ) ;
#1259 = PLANE ( 'NONE',  #927 ) ;
#1260 = CARTESIAN_POINT ( 'NONE',  ( -205.4999999999998863, 2.000000000000000000, 300.0290546400674430 ) ) ;
#1261 = CARTESIAN_POINT ( 'NONE',  ( 110.0000000599893895, -2.001000000000005219, -54.50000000000470379 ) ) ;
#1262 = DIRECTION ( 'NONE',  ( -1.000000000000000000, 0.0000000000000000000, 6.753181414994869848E-17 ) ) ;
#1263 = AXIS2_PLACEMENT_3D ( 'NONE', #558, #1876, #1298 ) ;
#1264 = CONICAL_SURFACE ( 'NONE', #770, 5.734999999999990550, 0.7853981633974461696 ) ;
#1265 = ORIENTED_EDGE ( 'NONE', *, *, #123, .T. ) ;
#1266 = VERTEX_POINT ( 'NONE', #1091 ) ;
#1267 = AXIS2_PLACEMENT_3D ( 'NONE', #1260, #635, #1412 ) ;
#1268 = VERTEX_POINT ( 'NONE', #1229 ) ;
#1269 = PLANE ( 'NONE',  #492 ) ;
#1270 = CARTESIAN_POINT ( 'NONE',  ( -213.2618477777803889, 17.47789270236946280, -150.9999999999999716 ) ) ;
#1271 = CARTESIAN_POINT ( 'NONE',  ( 204.4999999999998579, -2.128193626427216323, -151.6258159436448807 ) ) ;
#1272 = AXIS2_PLACEMENT_3D ( 'NONE', #36, #336, #47 ) ;
#1273 = CARTESIAN_POINT ( 'NONE',  ( -207.3793852415716970, 1.315959713348607840, 149.9999999999999716 ) ) ;
#1274 = DIRECTION ( 'NONE',  ( -0.0000000000000000000, 0.0000000000000000000, 1.000000000000000000 ) ) ;
#1275 = VERTEX_POINT ( 'NONE', #1677 ) ;
#1276 = VECTOR ( 'NONE', #1213, 1000.000000000000000 ) ;
#1277 = EDGE_CURVE ( 'NONE', #232, #1862, #816, .T. ) ;
#1278 = DIRECTION ( 'NONE',  ( -1.000000000000000000, 1.232595164407830946E-32, 6.753181414994871081E-17 ) ) ;
#1279 = ORIENTED_EDGE ( 'NONE', *, *, #1899, .T. ) ;
#1280 = AXIS2_PLACEMENT_3D ( 'NONE', #33, #956, #1520 ) ;
#1281 = LINE ( 'NONE', #772, #745 ) ;
#1282 = DIRECTION ( 'NONE',  ( 0.0000000000000000000, -1.000000000000000000, 0.0000000000000000000 ) ) ;
#1283 = LINE ( 'NONE', #412, #1366 ) ;
#1284 = LINE ( 'NONE', #1329, #79 ) ;
#1285 = VECTOR ( 'NONE', #316, 1000.000000000000000 ) ;
#1286 = DIRECTION ( 'NONE',  ( -0.0000000000000000000, 1.000000000000000000, -0.0000000000000000000 ) ) ;
#1287 = LINE ( 'NONE', #1614, #902 ) ;
#1288 = CARTESIAN_POINT ( 'NONE',  ( 204.4999999999998579, -2.005025000000059787, -151.0000000000000000 ) ) ;
#1289 = VECTOR ( 'NONE', #1110, 1000.000000000000227 ) ;
#1290 = CARTESIAN_POINT ( 'NONE',  ( -204.4999999999999147, 2.000000000000000000, 151.0000000000000000 ) ) ;
#1291 = EDGE_CURVE ( 'NONE', #1268, #663, #1450, .T. ) ;
#1292 = ORIENTED_EDGE ( 'NONE', *, *, #1861, .F. ) ;
#1293 = VECTOR ( 'NONE', #793, 1000.000000000000000 ) ;
#1294 = EDGE_LOOP ( 'NONE', ( #928, #1103, #1428, #396 ) ) ;
#1295 = CARTESIAN_POINT ( 'NONE',  ( 204.4999999999998579, 0.6319194266973736651, 154.7587704831436213 ) ) ;
#1296 = CARTESIAN_POINT ( 'NONE',  ( 110.0000000599893895, -2.001000000000005219, -57.50000000000471090 ) ) ;
#1297 = LINE ( 'NONE', #845, #581 ) ;
#1298 = DIRECTION ( 'NONE',  ( 0.0000000000000000000, 0.0000000000000000000, 1.000000000000000000 ) ) ;
#1299 = DIRECTION ( 'NONE',  ( -0.3420201433256725432, -0.9396926207859069846, 6.286732417313872814E-17 ) ) ;
#1300 = DIRECTION ( 'NONE',  ( 0.9396926207859068736, 0.3420201433256725432, -8.636327679361568689E-17 ) ) ;
#1301 = CARTESIAN_POINT ( 'NONE',  ( -201.4999999999998579, 16.79385241571815257, -160.6412330193522564 ) ) ;
#1302 = EDGE_CURVE ( 'NONE', #1758, #1724, #1429, .T. ) ;
#1303 = AXIS2_PLACEMENT_3D ( 'NONE', #282, #1044, #1204 ) ;
#1304 = VERTEX_POINT ( 'NONE', #1039 ) ;
#1305 = CARTESIAN_POINT ( 'NONE',  ( -204.4999999999998579, -2.813952564298782821, 153.5099231406362037 ) ) ;
#1306 = EDGE_LOOP ( 'NONE', ( #815, #1466, #818, #344 ) ) ;
#1307 = VECTOR ( 'NONE', #211, 1000.000000000000000 ) ;
#1308 = CARTESIAN_POINT ( 'NONE',  ( 205.5000000000000853, 2.000000000000000000, 150.0000000000000284 ) ) ;
#1309 = ORIENTED_EDGE ( 'NONE', *, *, #1098, .F. ) ;
#1310 = CARTESIAN_POINT ( 'NONE',  ( -205.4999999999998579, -2.000000000000000000, 151.0000000000000000 ) ) ;
#1311 = VERTEX_POINT ( 'NONE', #1315 ) ;
#1312 = LINE ( 'NONE', #904, #1656 ) ;
#1313 = DIRECTION ( 'NONE',  ( 0.0000000000000000000, 1.000000000000000000, 0.0000000000000000000 ) ) ;
#1314 = EDGE_CURVE ( 'NONE', #1518, #208, #175, .T. ) ;
#1315 = CARTESIAN_POINT ( 'NONE',  ( -204.4999999999998579, -2.000000000000000000, -151.0000000000000284 ) ) ;
#1316 = ORIENTED_EDGE ( 'NONE', *, *, #428, .T. ) ;
#1317 = CARTESIAN_POINT ( 'NONE',  ( 204.4999999999998579, 0.6319194266973249263, -154.7587704831436781 ) ) ;
#1318 = DIRECTION ( 'NONE',  ( -0.9396926207859068736, 0.3420201433256725432, 1.727265535872313738E-16 ) ) ;
#1319 = DIRECTION ( 'NONE',  ( -0.3420201433256738199, -0.9396926207859065405, 0.0000000000000000000 ) ) ;
#1320 = DIRECTION ( 'NONE',  ( -0.3420201433256736534, 0.9396926207859065405, 0.0000000000000000000 ) ) ;
#1321 = ORIENTED_EDGE ( 'NONE', *, *, #769, .F. ) ;
#1322 = ADVANCED_FACE ( 'NONE', ( #577 ), #651, .F. ) ;
#1323 = EDGE_LOOP ( 'NONE', ( #952, #1695, #313, #1316 ) ) ;
#1324 = LINE ( 'NONE', #1430, #1902 ) ;
#1325 = CARTESIAN_POINT ( 'NONE',  ( -204.4999999999998579, -2.813952564298727310, -153.5099231406362037 ) ) ;
#1326 = FACE_OUTER_BOUND ( 'NONE', #219, .T. ) ;
#1327 = DIRECTION ( 'NONE',  ( 1.000000000000000000, 4.930380657631323784E-32, -1.350636282998974709E-16 ) ) ;
#1328 = ORIENTED_EDGE ( 'NONE', *, *, #137, .T. ) ;
#1329 = CARTESIAN_POINT ( 'NONE',  ( -184.7408668484657710, -66.73046718194369475, 150.0000000000000000 ) ) ;
#1330 = ORIENTED_EDGE ( 'NONE', *, *, #1661, .T. ) ;
#1331 = EDGE_CURVE ( 'NONE', #758, #1233, #594, .T. ) ;
#1332 = VECTOR ( 'NONE', #641, 1000.000000000000000 ) ;
#1333 = DIRECTION ( 'NONE',  ( -1.209444348707625589E-16, 1.727265535872305110E-16, -1.000000000000000000 ) ) ;
#1334 = CARTESIAN_POINT ( 'NONE',  ( 184.7408668484656857, -66.73046718194395055, -3.931724769598949118E-14 ) ) ;
#1335 = LINE ( 'NONE', #1492, #484 ) ;
#1336 = CARTESIAN_POINT ( 'NONE',  ( -212.2357873478033525, 14.65881484001180191, 150.0000000000000000 ) ) ;
#1337 = VECTOR ( 'NONE', #540, 1000.000000000000000 ) ;
#1338 = AXIS2_PLACEMENT_3D ( 'NONE', #1310, #407, #750 ) ;
#1339 = CARTESIAN_POINT ( 'NONE',  ( -214.1151725893751916, 13.97477455336042240, -147.0000000000000000 ) ) ;
#1340 = EDGE_LOOP ( 'NONE', ( #399, #503 ) ) ;
#1341 = ORIENTED_EDGE ( 'NONE', *, *, #28, .F. ) ;
#1342 = VECTOR ( 'NONE', #99, 1000.000000000000114 ) ;
#1343 = LINE ( 'NONE', #649, #81 ) ;
#1344 = ORIENTED_EDGE ( 'NONE', *, *, #312, .F. ) ;
#1345 = LINE ( 'NONE', #268, #851 ) ;
#1346 = AXIS2_PLACEMENT_3D ( 'NONE', #83, #1711, #869 ) ;
#1347 = CARTESIAN_POINT ( 'NONE',  ( -189.9999999400106105, -2.000000000000000000, -124.7349999999999710 ) ) ;
#1348 = ORIENTED_EDGE ( 'NONE', *, *, #341, .T. ) ;
#1349 = CARTESIAN_POINT ( 'NONE',  ( 205.4999999999998579, 0.0000000000000000000, -151.0000000000000000 ) ) ;
#1350 = VECTOR ( 'NONE', #67, 1000.000000000000000 ) ;
#1351 = EDGE_CURVE ( 'NONE', #1617, #489, #212, .T. ) ;
#1352 = ADVANCED_FACE ( 'NONE', ( #152 ), #1171, .F. ) ;
#1353 = ORIENTED_EDGE ( 'NONE', *, *, #1480, .T. ) ;
#1354 = PLANE ( 'NONE',  #1249 ) ;
#1355 = AXIS2_PLACEMENT_3D ( 'NONE', #1349, #1506, #1358 ) ;
#1356 = AXIS2_PLACEMENT_3D ( 'NONE', #423, #1313, #547 ) ;
#1357 = DIRECTION ( 'NONE',  ( 0.0000000000000000000, 0.0000000000000000000, 1.000000000000000000 ) ) ;
#1358 = DIRECTION ( 'NONE',  ( 0.0000000000000000000, 0.0000000000000000000, 1.000000000000000000 ) ) ;
#1359 = AXIS2_PLACEMENT_3D ( 'NONE', #1645, #1772, #913 ) ;
#1360 = VERTEX_POINT ( 'NONE', #1606 ) ;
#1361 = CARTESIAN_POINT ( 'NONE',  ( -205.4999999999999147, 2.000000000000000000, -150.0000000000000284 ) ) ;
#1362 = FACE_BOUND ( 'NONE', #69, .T. ) ;
#1363 = DIRECTION ( 'NONE',  ( 0.0000000000000000000, 0.0000000000000000000, 1.000000000000000000 ) ) ;
#1364 = AXIS2_PLACEMENT_3D ( 'NONE', #1325, #1468, #1737 ) ;
#1365 = ORIENTED_EDGE ( 'NONE', *, *, #1351, .F. ) ;
#1366 = VECTOR ( 'NONE', #445, 1000.000000000000000 ) ;
#1367 = ORIENTED_EDGE ( 'NONE', *, *, #1235, .T. ) ;
#1368 =( NAMED_UNIT ( * ) PLANE_ANGLE_UNIT ( ) SI_UNIT ( $, .RADIAN. ) );
#1369 = DIRECTION ( 'NONE',  ( 0.0000000000000000000, 0.0000000000000000000, -1.000000000000000000 ) ) ;
#1370 = VERTEX_POINT ( 'NONE', #895 ) ;
#1371 = ORIENTED_EDGE ( 'NONE', *, *, #1381, .F. ) ;
#1372 = LINE ( 'NONE', #1317, #1612 ) ;
#1373 = ORIENTED_EDGE ( 'NONE', *, *, #491, .F. ) ;
#1374 = DIRECTION ( 'NONE',  ( 0.9396926207859069846, 0.3420201433256725432, -8.636327679361568689E-17 ) ) ;
#1375 = DIRECTION ( 'NONE',  ( -0.0000000000000000000, 1.000000000000000000, -0.0000000000000000000 ) ) ;
#1376 = AXIS2_PLACEMENT_3D ( 'NONE', #964, #1537, #788 ) ;
#1377 = FACE_BOUND ( 'NONE', #1803, .T. ) ;
#1378 = AXIS2_PLACEMENT_3D ( 'NONE', #840, #1286, #1444 ) ;
#1379 = LINE ( 'NONE', #1227, #1907 ) ;
#1380 = DIRECTION ( 'NONE',  ( -0.0000000000000000000, -0.0000000000000000000, -1.000000000000000000 ) ) ;
#1381 = EDGE_CURVE ( 'NONE', #699, #527, #1335, .T. ) ;
#1382 = ORIENTED_EDGE ( 'NONE', *, *, #1133, .T. ) ;
#1383 = ADVANCED_FACE ( 'NONE', ( #74 ), #1354, .F. ) ;
#1384 = DIRECTION ( 'NONE',  ( 0.0000000000000000000, 0.0000000000000000000, -1.000000000000000000 ) ) ;
#1385 = AXIS2_PLACEMENT_3D ( 'NONE', #1456, #685, #258 ) ;
#1386 = DIRECTION ( 'NONE',  ( -1.000000000000000000, 0.0000000000000000000, 0.0000000000000000000 ) ) ;
#1387 = CARTESIAN_POINT ( 'NONE',  ( -204.4999999999998579, 0.6319194266972971707, 154.7587704831436781 ) ) ;
#1388 = CARTESIAN_POINT ( 'NONE',  ( -204.4999999999999147, -1.999999999999995781, 151.0000000000000000 ) ) ;
#1389 = DIRECTION ( 'NONE',  ( 1.000000000000000000, 0.0000000000000000000, 0.0000000000000000000 ) ) ;
#1390 = LINE ( 'NONE', #1554, #998 ) ;
#1391 = VECTOR ( 'NONE', #905, 1000.000000000000000 ) ;
#1392 = VERTEX_POINT ( 'NONE', #143 ) ;
#1393 = ORIENTED_EDGE ( 'NONE', *, *, #1314, .T. ) ;
#1394 = ORIENTED_EDGE ( 'NONE', *, *, #694, .F. ) ;
#1395 = CARTESIAN_POINT ( 'NONE',  ( 170.0000000599895600, 0.0000000000000000000, -126.7349999999999852 ) ) ;
#1396 = EDGE_CURVE ( 'NONE', #240, #339, #1443, .T. ) ;
#1397 = ORIENTED_EDGE ( 'NONE', *, *, #975, .F. ) ;
#1398 = DIRECTION ( 'NONE',  ( -0.9396926207859068736, 0.3420201433256726542, 1.727265535872301412E-16 ) ) ;
#1399 = CARTESIAN_POINT ( 'NONE',  ( 201.4999999999998579, 14.65881484001176638, -157.7357873478034946 ) ) ;
#1400 = DIRECTION ( 'NONE',  ( 0.0000000000000000000, 0.0000000000000000000, -1.000000000000000000 ) ) ;
#1401 = CARTESIAN_POINT ( 'NONE',  ( 205.5000000000000568, 2.000000000000000000, -149.9999999999999432 ) ) ;
#1402 = DIRECTION ( 'NONE',  ( 0.0000000000000000000, 0.0000000000000000000, 1.000000000000000000 ) ) ;
#1403 = DIRECTION ( 'NONE',  ( -1.000000000000000000, -8.673617379884027583E-16, 0.0000000000000000000 ) ) ;
#1404 = DIRECTION ( 'NONE',  ( -6.345914742499286713E-17, 0.3420201433256791490, -0.9396926207859045421 ) ) ;
#1405 = DIRECTION ( 'NONE',  ( 1.000000000000000000, 0.0000000000000000000, 0.0000000000000000000 ) ) ;
#1406 = EDGE_CURVE ( 'NONE', #208, #1143, #1621, .T. ) ;
#1407 = DIRECTION ( 'NONE',  ( 0.0000000000000000000, -1.000000000000000000, 0.0000000000000000000 ) ) ;
#1408 = PLANE ( 'NONE',  #501 ) ;
#1409 = AXIS2_PLACEMENT_3D ( 'NONE', #9, #1089, #164 ) ;
#1410 = CARTESIAN_POINT ( 'NONE',  ( 204.4999999999998579, 13.97305590214020476, 159.6198945447947892 ) ) ;
#1411 = LINE ( 'NONE', #1870, #596 ) ;
#1412 = DIRECTION ( 'NONE',  ( -1.000000000000000000, 0.0000000000000000000, 0.0000000000000000000 ) ) ;
#1413 = CARTESIAN_POINT ( 'NONE',  ( 409.0213119486714390, 2.000000000000000000, 150.9999999999999716 ) ) ;
#1414 = CIRCLE ( 'NONE', #1783, 3.000000000000001776 ) ;
#1415 = DIRECTION ( 'NONE',  ( -8.886914679068201862E-17, -0.9396926207859093161, 0.3420201433256661039 ) ) ;
#1416 = CARTESIAN_POINT ( 'NONE',  ( 201.4999999999998579, 13.97477455336043306, -159.6151725893753053 ) ) ;
#1417 = PLANE ( 'NONE',  #1376 ) ;
#1418 = CIRCLE ( 'NONE', #1031, 3.000000000000001776 ) ;
#1419 = CARTESIAN_POINT ( 'NONE',  ( 184.7408668484657142, -66.73046718194397897, 150.0000000000000000 ) ) ;
#1420 = CARTESIAN_POINT ( 'NONE',  ( -204.4999999999998579, 2.000000000000000000, -151.0000000000000000 ) ) ;
#1421 = CARTESIAN_POINT ( 'NONE',  ( 110.0000000599893895, -2.000000000000000000, -57.50000000000471090 ) ) ;
#1422 = VECTOR ( 'NONE', #835, 1000.000000000000000 ) ;
#1423 = EDGE_CURVE ( 'NONE', #1863, #775, #1086, .T. ) ;
#1424 = ORIENTED_EDGE ( 'NONE', *, *, #925, .T. ) ;
#1425 = AXIS2_PLACEMENT_3D ( 'NONE', #42, #1118, #930 ) ;
#1426 = DIRECTION ( 'NONE',  ( 0.0000000000000000000, 0.0000000000000000000, -1.000000000000000000 ) ) ;
#1427 = DIRECTION ( 'NONE',  ( -1.000000000000000000, 0.0000000000000000000, 6.753181414994869848E-17 ) ) ;
#1428 = ORIENTED_EDGE ( 'NONE', *, *, #1778, .F. ) ;
#1429 = LINE ( 'NONE', #1467, #1454 ) ;
#1430 = CARTESIAN_POINT ( 'NONE',  ( 204.4999999999998579, -2.128193626427216323, 151.6258159436448807 ) ) ;
#1431 = VERTEX_POINT ( 'NONE', #778 ) ;
#1432 = EDGE_CURVE ( 'NONE', #287, #1446, #1798, .T. ) ;
#1433 = EDGE_LOOP ( 'NONE', ( #683, #278, #1063, #1077 ) ) ;
#1434 = DIRECTION ( 'NONE',  ( -0.0000000000000000000, 1.000000000000000000, -0.0000000000000000000 ) ) ;
#1435 = EDGE_CURVE ( 'NONE', #173, #576, #253, .T. ) ;
#1436 = ORIENTED_EDGE ( 'NONE', *, *, #416, .F. ) ;
#1437 = ORIENTED_EDGE ( 'NONE', *, *, #491, .T. ) ;
#1438 = AXIS2_PLACEMENT_3D ( 'NONE', #474, #452, #592 ) ;
#1439 = CARTESIAN_POINT ( 'NONE',  ( -215.1412330193521427, 16.79385241571812415, 146.9999999999999716 ) ) ;
#1440 = ORIENTED_EDGE ( 'NONE', *, *, #469, .T. ) ;
#1441 = ORIENTED_EDGE ( 'NONE', *, *, #1435, .F. ) ;
#1442 = ORIENTED_EDGE ( 'NONE', *, *, #1840, .F. ) ;
#1443 = CIRCLE ( 'NONE', #1438, 5.734999999999990550 ) ;
#1444 = DIRECTION ( 'NONE',  ( 0.0000000000000000000, 0.0000000000000000000, -1.000000000000000000 ) ) ;
#1445 = DIRECTION ( 'NONE',  ( -0.0000000000000000000, 1.000000000000000000, -0.0000000000000000000 ) ) ;
#1446 = VERTEX_POINT ( 'NONE', #178 ) ;
#1447 = EDGE_CURVE ( 'NONE', #1117, #232, #1136, .T. ) ;
#1448 = FACE_OUTER_BOUND ( 'NONE', #1, .T. ) ;
#1449 = VERTEX_POINT ( 'NONE', #477 ) ;
#1450 = CIRCLE ( 'NONE', #512, 3.000000000000000000 ) ;
#1451 = CARTESIAN_POINT ( 'NONE',  ( -204.4999999999998579, 0.0000000000000000000, -151.0000000000000000 ) ) ;
#1452 = ORIENTED_EDGE ( 'NONE', *, *, #263, .T. ) ;
#1453 = PLANE ( 'NONE',  #1364 ) ;
#1454 = VECTOR ( 'NONE', #1582, 1000.000000000000000 ) ;
#1455 = DIRECTION ( 'NONE',  ( 0.0000000000000000000, 0.0000000000000000000, 1.000000000000000000 ) ) ;
#1456 = CARTESIAN_POINT ( 'NONE',  ( -214.1151725893751632, 13.97477455336042063, 146.9999999999999716 ) ) ;
#1457 = PRODUCT_DEFINITION ( 'UNKNOWN', '', #888, #1566 ) ;
#1458 = ORIENTED_EDGE ( 'NONE', *, *, #694, .T. ) ;
#1459 = EDGE_LOOP ( 'NONE', ( #1005, #1817, #43, #1010, #1003, #707 ) ) ;
#1460 = VECTOR ( 'NONE', #221, 1000.000000000000000 ) ;
#1461 = AXIS2_PLACEMENT_3D ( 'NONE', #1244, #1380, #1389 ) ;
#1462 = FACE_OUTER_BOUND ( 'NONE', #899, .T. ) ;
#1463 = CARTESIAN_POINT ( 'NONE',  ( -201.4999999999998579, 14.65881484001175572, 157.7357873478035515 ) ) ;
#1464 = DIRECTION ( 'NONE',  ( -1.838117590439000668E-16, -0.0000000000000000000, -1.000000000000000000 ) ) ;
#1465 = ADVANCED_FACE ( 'NONE', ( #1448 ), #1054, .T. ) ;
#1466 = ORIENTED_EDGE ( 'NONE', *, *, #612, .T. ) ;
#1467 = CARTESIAN_POINT ( 'NONE',  ( -205.4999999999998863, 17.47789270236946280, 158.7618477777805879 ) ) ;
#1468 = DIRECTION ( 'NONE',  ( 1.000000000000000000, -1.269182948499845510E-16, -8.886914679068203095E-17 ) ) ;
#1469 = DIRECTION ( 'NONE',  ( -0.3420201433256713219, 0.9396926207859073177, -6.047221743538079874E-17 ) ) ;
#1470 = EDGE_CURVE ( 'NONE', #1500, #139, #562, .T. ) ;
#1471 = VERTEX_POINT ( 'NONE', #631 ) ;
#1472 = DIRECTION ( 'NONE',  ( 1.000000000000000000, 0.0000000000000000000, 0.0000000000000000000 ) ) ;
#1473 = ADVANCED_FACE ( 'NONE', ( #60 ), #1587, .T. ) ;
#1474 = AXIS2_PLACEMENT_3D ( 'NONE', #516, #378, #1641 ) ;
#1475 = VECTOR ( 'NONE', #1404, 1000.000000000000227 ) ;
#1476 = EDGE_LOOP ( 'NONE', ( #1771, #1495, #1344, #203 ) ) ;
#1477 = EDGE_LOOP ( 'NONE', ( #140, #1599, #390, #593 ) ) ;
#1478 = LINE ( 'NONE', #374, #1777 ) ;
#1479 =( LENGTH_UNIT ( ) NAMED_UNIT ( * ) SI_UNIT ( .MILLI., .METRE. ) );
#1480 = EDGE_CURVE ( 'NONE', #489, #1904, #875, .T. ) ;
#1481 = CARTESIAN_POINT ( 'NONE',  ( -204.4999999999998579, 0.6319194266972971707, 154.7587704831436781 ) ) ;
#1482 = ORIENTED_EDGE ( 'NONE', *, *, #1396, .F. ) ;
#1483 = CIRCLE ( 'NONE', #112, 5.734999999999990550 ) ;
#1484 = ORIENTED_EDGE ( 'NONE', *, *, #1231, .T. ) ;
#1485 = AXIS2_PLACEMENT_3D ( 'NONE', #1768, #146, #188 ) ;
#1486 = VERTEX_POINT ( 'NONE', #207 ) ;
#1487 = FACE_OUTER_BOUND ( 'NONE', #1433, .T. ) ;
#1488 = CARTESIAN_POINT ( 'NONE',  ( 214.1151725893752769, 13.97477455336044194, -147.0000000000000000 ) ) ;
#1489 = EDGE_LOOP ( 'NONE', ( #334, #1424, #459, #1548 ) ) ;
#1490 = CARTESIAN_POINT ( 'NONE',  ( 215.1412330193522564, 16.79385241571818099, -147.0000000000000000 ) ) ;
#1491 = CARTESIAN_POINT ( 'NONE',  ( -184.7408668484657710, -66.73046718194369475, -1.094894469122785167E-14 ) ) ;
#1492 = CARTESIAN_POINT ( 'NONE',  ( -189.9999999400106105, 0.0000000000000000000, 126.7350000000000136 ) ) ;
#1493 = CARTESIAN_POINT ( 'NONE',  ( 214.1198945447947324, 13.97305590214024917, 147.0000000000000000 ) ) ;
#1494 = ADVANCED_FACE ( 'NONE', ( #437 ), #51, .T. ) ;
#1495 = ORIENTED_EDGE ( 'NONE', *, *, #724, .F. ) ;
#1496 = ORIENTED_EDGE ( 'NONE', *, *, #657, .T. ) ;
#1497 = EDGE_CURVE ( 'NONE', #1863, #1617, #1390, .T. ) ;
#1498 = DIRECTION ( 'NONE',  ( 0.0000000000000000000, 0.0000000000000000000, 1.000000000000000000 ) ) ;
#1499 = PLANE ( 'NONE',  #1303 ) ;
#1500 = VERTEX_POINT ( 'NONE', #640 ) ;
#1501 = DIRECTION ( 'NONE',  ( -0.0000000000000000000, 1.000000000000000000, -0.0000000000000000000 ) ) ;
#1502 = DIRECTION ( 'NONE',  ( -0.0000000000000000000, 0.0000000000000000000, 1.000000000000000000 ) ) ;
#1503 = ORIENTED_EDGE ( 'NONE', *, *, #1470, .T. ) ;
#1504 = CARTESIAN_POINT ( 'NONE',  ( -189.9999999400106105, 0.0000000000000000000, 121.0000000000000284 ) ) ;
#1505 = CARTESIAN_POINT ( 'NONE',  ( 215.1459549747716267, 16.79213376449784079, -150.0000000000000000 ) ) ;
#1506 = DIRECTION ( 'NONE',  ( 0.0000000000000000000, 1.000000000000000000, 0.0000000000000000000 ) ) ;
#1507 = EDGE_CURVE ( 'NONE', #1904, #1275, #854, .T. ) ;
#1508 = VECTOR ( 'NONE', #1415, 1000.000000000000000 ) ;
#1509 = DIRECTION ( 'NONE',  ( -6.345914742499255898E-17, 0.3420201433256725432, -0.9396926207859069846 ) ) ;
#1510 = AXIS2_PLACEMENT_3D ( 'NONE', #1825, #1799, #1400 ) ;
#1511 = ADVANCED_FACE ( 'NONE', ( #525 ), #1269, .T. ) ;
#1512 = CARTESIAN_POINT ( 'NONE',  ( 204.4999999999998579, -49.21450481798553511, 136.6161557734736789 ) ) ;
#1513 = LINE ( 'NONE', #601, #1132 ) ;
#1514 = DIRECTION ( 'NONE',  ( -1.000000000000000000, -4.930380657631323784E-32, 1.350636282998974709E-16 ) ) ;
#1515 = EDGE_CURVE ( 'NONE', #415, #1153, #1678, .T. ) ;
#1516 =( GEOMETRIC_REPRESENTATION_CONTEXT ( 3 ) GLOBAL_UNCERTAINTY_ASSIGNED_CONTEXT ( ( #535 ) ) GLOBAL_UNIT_ASSIGNED_CONTEXT ( ( #1225, #1368, #611 ) ) REPRESENTATION_CONTEXT ( 'NONE', 'WORKASPACE' ) );
#1517 = ADVANCED_FACE ( 'NONE', ( #1078 ), #803, .T. ) ;
#1518 = VERTEX_POINT ( 'NONE', #1451 ) ;
#1519 = CARTESIAN_POINT ( 'NONE',  ( 212.2357873478034946, 14.65881484001181612, -150.0000000000000000 ) ) ;
#1520 = DIRECTION ( 'NONE',  ( 1.000000000000000000, 0.0000000000000000000, -0.0000000000000000000 ) ) ;
#1521 = ORIENTED_EDGE ( 'NONE', *, *, #1217, .F. ) ;
#1522 = DIRECTION ( 'NONE',  ( 1.269182948499851426E-16, 0.3420201433256725432, 0.9396926207859068736 ) ) ;
#1523 = ORIENTED_EDGE ( 'NONE', *, *, #62, .T. ) ;
#1524 = ORIENTED_EDGE ( 'NONE', *, *, #1597, .T. ) ;
#1525 = VECTOR ( 'NONE', #1666, 1000.000000000000000 ) ;
#1526 = ORIENTED_EDGE ( 'NONE', *, *, #1813, .T. ) ;
#1527 = CARTESIAN_POINT ( 'NONE',  ( -213.2618477777803605, 17.47789270236946280, 146.9999999999999716 ) ) ;
#1528 = DIRECTION ( 'NONE',  ( 1.000000000000000000, 0.0000000000000000000, 0.0000000000000000000 ) ) ;
#1529 = EDGE_CURVE ( 'NONE', #699, #21, #1636, .T. ) ;
#1530 = DIRECTION ( 'NONE',  ( -0.0000000000000000000, -0.0000000000000000000, -1.000000000000000000 ) ) ;
#1532 = ORIENTED_EDGE ( 'NONE', *, *, #284, .T. ) ;
#1531 = DIRECTION ( 'NONE',  ( -0.3420201433256736534, -0.9396926207859065405, 0.0000000000000000000 ) ) ;
#1533 = AXIS2_PLACEMENT_3D ( 'NONE', #543, #1333, #1916 ) ;
#1534 = DIRECTION ( 'NONE',  ( 0.3420201433256660484, -0.9396926207859093161, 6.047221743538129178E-17 ) ) ;
#1535 = ORIENTED_EDGE ( 'NONE', *, *, #379, .T. ) ;
#1536 = CARTESIAN_POINT ( 'NONE',  ( 204.4999999999998579, -49.21450481798564169, -136.6161557734736505 ) ) ;
#1537 = DIRECTION ( 'NONE',  ( 0.0000000000000000000, -1.000000000000000000, 0.0000000000000000000 ) ) ;
#1538 = DIRECTION ( 'NONE',  ( 1.000000000000000000, -0.0000000000000000000, -6.753181414994869848E-17 ) ) ;
#1539 = CYLINDRICAL_SURFACE ( 'NONE', #1257, 3.000000000000001776 ) ;
#1540 = CARTESIAN_POINT ( 'NONE',  ( 170.0000000599895600, 0.0000000000000000000, -126.7349999999999852 ) ) ;
#1541 = EDGE_CURVE ( 'NONE', #621, #498, #1727, .T. ) ;
#1542 = EDGE_LOOP ( 'NONE', ( #1750, #950, #639, #1049, #957, #298, #1265, #305 ) ) ;
#1543 = DIRECTION ( 'NONE',  ( -0.9396926207859068736, -0.3420201433256725432, 8.636327679361569921E-17 ) ) ;
#1544 = AXIS2_PLACEMENT_3D ( 'NONE', #1296, #687, #1007 ) ;
#1545 = ORIENTED_EDGE ( 'NONE', *, *, #137, .F. ) ;
#1546 = CIRCLE ( 'NONE', #1510, 1.000000000000000888 ) ;
#1547 = VECTOR ( 'NONE', #992, 1000.000000000000114 ) ;
#1548 = ORIENTED_EDGE ( 'NONE', *, *, #284, .F. ) ;
#1549 = CARTESIAN_POINT ( 'NONE',  ( -204.4999999999998579, -49.21450481798556353, 136.6161557734737073 ) ) ;
#1550 = CARTESIAN_POINT ( 'NONE',  ( 214.1151725893753337, 13.97477455336046326, 150.0000000000000000 ) ) ;
#1551 = CARTESIAN_POINT ( 'NONE',  ( 170.0000000599895600, 0.0000000000000000000, -121.0000000000000000 ) ) ;
#1552 = AXIS2_PLACEMENT_3D ( 'NONE', #1399, #1238, #1109 ) ;
#1553 = ORIENTED_EDGE ( 'NONE', *, *, #832, .T. ) ;
#1554 = CARTESIAN_POINT ( 'NONE',  ( -205.4999999999999147, -2.000000000000000000, -151.0000000000000000 ) ) ;
#1555 = CARTESIAN_POINT ( 'NONE',  ( -212.2357873478032673, 14.65881484001179302, -150.0000000000000000 ) ) ;
#1556 = DIRECTION ( 'NONE',  ( 6.345914742499254666E-17, -0.3420201433256725432, 0.9396926207859068736 ) ) ;
#1557 = DIRECTION ( 'NONE',  ( 9.190587952195004572E-17, 0.0000000000000000000, 1.000000000000000000 ) ) ;
#1558 = FACE_OUTER_BOUND ( 'NONE', #1106, .T. ) ;
#1559 = CARTESIAN_POINT ( 'NONE',  ( 170.0000000599895600, -2.000000000000000000, 121.0000000000000000 ) ) ;
#1560 = EDGE_CURVE ( 'NONE', #339, #240, #568, .T. ) ;
#1561 = AXIS2_PLACEMENT_3D ( 'NONE', #1075, #144, #1070 ) ;
#1562 = VECTOR ( 'NONE', #995, 1000.000000000000000 ) ;
#1563 = DIRECTION ( 'NONE',  ( -1.000000000000000000, 0.0000000000000000000, 1.350636282998974216E-16 ) ) ;
#1564 = CARTESIAN_POINT ( 'NONE',  ( -189.9999999400106105, -2.000000000000000000, -120.9999999999999716 ) ) ;
#1565 = CYLINDRICAL_SURFACE ( 'NONE', #1239, 4.000000000000003553 ) ;
#1566 = PRODUCT_DEFINITION_CONTEXT ( 'detailed design', #480, 'design' ) ;
#1567 = AXIS2_PLACEMENT_3D ( 'NONE', #606, #1530, #614 ) ;
#1568 = VECTOR ( 'NONE', #1851, 1000.000000000000114 ) ;
#1569 = DIRECTION ( 'NONE',  ( 0.0000000000000000000, 0.0000000000000000000, -1.000000000000000000 ) ) ;
#1570 = EDGE_CURVE ( 'NONE', #795, #275, #1478, .T. ) ;
#1571 = ORIENTED_EDGE ( 'NONE', *, *, #341, .F. ) ;
#1572 = VECTOR ( 'NONE', #7, 1000.000000000000000 ) ;
#1573 = AXIS2_PLACEMENT_3D ( 'NONE', #286, #1723, #1036 ) ;
#1574 = AXIS2_PLACEMENT_3D ( 'NONE', #434, #1624, #731 ) ;
#1575 = CARTESIAN_POINT ( 'NONE',  ( 205.5000000000001137, 17.47789270236946280, -158.7618477777805026 ) ) ;
#1576 = FACE_BOUND ( 'NONE', #371, .T. ) ;
#1577 = LINE ( 'NONE', #623, #331 ) ;
#1578 = ORIENTED_EDGE ( 'NONE', *, *, #945, .F. ) ;
#1579 = ORIENTED_EDGE ( 'NONE', *, *, #1157, .T. ) ;
#1580 = LINE ( 'NONE', #1251, #206 ) ;
#1581 = DIRECTION ( 'NONE',  ( -6.345914742499255898E-17, 0.3420201433256725432, -0.9396926207859069846 ) ) ;
#1582 = DIRECTION ( 'NONE',  ( -1.000000000000000000, 1.232595164407830946E-32, 6.753181414994871081E-17 ) ) ;
#1583 = EDGE_CURVE ( 'NONE', #275, #1194, #523, .T. ) ;
#1584 = VECTOR ( 'NONE', #297, 1000.000000000000114 ) ;
#1585 = EDGE_LOOP ( 'NONE', ( #1321, #255, #1545, #791 ) ) ;
#1586 = VERTEX_POINT ( 'NONE', #841 ) ;
#1587 = CYLINDRICAL_SURFACE ( 'NONE', #1912, 3.000000000000000000 ) ;
#1588 = DIRECTION ( 'NONE',  ( 0.9396926207859069846, -0.3420201433256725432, -4.930380657631321047E-32 ) ) ;
#1589 = CARTESIAN_POINT ( 'NONE',  ( -189.9999999400106105, 0.0000000000000000000, 121.0000000000000284 ) ) ;
#1590 = EDGE_LOOP ( 'NONE', ( #111, #559 ) ) ;
#1591 = ORIENTED_EDGE ( 'NONE', *, *, #542, .T. ) ;
#1592 = ORIENTED_EDGE ( 'NONE', *, *, #1507, .F. ) ;
#1593 = ORIENTED_EDGE ( 'NONE', *, *, #1760, .T. ) ;
#1594 = PLANE ( 'NONE',  #439 ) ;
#1595 = VECTOR ( 'NONE', #1180, 1000.000000000000000 ) ;
#1596 = CARTESIAN_POINT ( 'NONE',  ( -184.7408668484657710, -66.73046718194369475, -150.0000000000000000 ) ) ;
#1597 = EDGE_CURVE ( 'NONE', #1659, #1865, #1287, .T. ) ;
#1598 = CIRCLE ( 'NONE', #1346, 5.734999999999990550 ) ;
#1599 = ORIENTED_EDGE ( 'NONE', *, *, #1804, .T. ) ;
#1600 = AXIS2_PLACEMENT_3D ( 'NONE', #857, #701, #1023 ) ;
#1601 = DIRECTION ( 'NONE',  ( -0.9396926207859045421, 0.3420201433256791490, 1.727265535872322119E-16 ) ) ;
#1602 = DIRECTION ( 'NONE',  ( 1.000000000000000000, 6.345914742499225083E-17, -4.443457339534100315E-17 ) ) ;
#1603 = EDGE_CURVE ( 'NONE', #1194, #1471, #1345, .T. ) ;
#1604 = AXIS2_PLACEMENT_3D ( 'NONE', #1305, #1602, #876 ) ;
#1605 = ORIENTED_EDGE ( 'NONE', *, *, #872, .F. ) ;
#1606 = CARTESIAN_POINT ( 'NONE',  ( -170.9999999400103547, -2.000000000000000000, 89.49999999999519673 ) ) ;
#1607 = CARTESIAN_POINT ( 'NONE',  ( 110.0000000599893895, -2.001000000000005219, -60.50000000000472511 ) ) ;
#1608 = AXIS2_PLACEMENT_3D ( 'NONE', #1401, #805, #50 ) ;
#1609 = ORIENTED_EDGE ( 'NONE', *, *, #303, .T. ) ;
#1610 = DIRECTION ( 'NONE',  ( 1.000000000000000000, 0.0000000000000000000, 0.0000000000000000000 ) ) ;
#1611 = ORIENTED_EDGE ( 'NONE', *, *, #1735, .F. ) ;
#1612 = VECTOR ( 'NONE', #1189, 1000.000000000000000 ) ;
#1613 = CIRCLE ( 'NONE', #1752, 2.000000000000001776 ) ;
#1614 = CARTESIAN_POINT ( 'NONE',  ( -209.2587704831435644, 0.6319194266973249263, -150.9999999999999716 ) ) ;
#1615 = CIRCLE ( 'NONE', #892, 3.000000000000001776 ) ;
#1616 = DIRECTION ( 'NONE',  ( 0.0000000000000000000, 0.0000000000000000000, 1.000000000000000000 ) ) ;
#1617 = VERTEX_POINT ( 'NONE', #100 ) ;
#1618 = CARTESIAN_POINT ( 'NONE',  ( 8.712331082773109476E-15, -49.21450481798561327, -136.6161557734736220 ) ) ;
#1619 = ORIENTED_EDGE ( 'NONE', *, *, #836, .F. ) ;
#1620 = ADVANCED_FACE ( 'NONE', ( #1200 ), #149, .F. ) ;
#1621 = LINE ( 'NONE', #1655, #1572 ) ;
#1622 = EDGE_CURVE ( 'NONE', #393, #897, #1747, .T. ) ;
#1623 = ORIENTED_EDGE ( 'NONE', *, *, #1087, .F. ) ;
#1624 = DIRECTION ( 'NONE',  ( 0.0000000000000000000, -1.000000000000000000, 0.0000000000000000000 ) ) ;
#1625 = EDGE_CURVE ( 'NONE', #21, #1230, #1411, .T. ) ;
#1626 = DIRECTION ( 'NONE',  ( 1.269182948499841319E-16, 0.3420201433256727097, 0.9396926207859069846 ) ) ;
#1627 = PLANE ( 'NONE',  #1877 ) ;
#1628 = VECTOR ( 'NONE', #674, 1000.000000000000000 ) ;
#1629 = DIRECTION ( 'NONE',  ( 1.000000000000000000, 0.0000000000000000000, 0.0000000000000000000 ) ) ;
#1630 = CARTESIAN_POINT ( 'NONE',  ( 204.4999999999998579, -2.000000000000000000, 150.9999999999999716 ) ) ;
#1631 = ORIENTED_EDGE ( 'NONE', *, *, #243, .F. ) ;
#1632 = DIRECTION ( 'NONE',  ( 0.0000000000000000000, 0.0000000000000000000, -1.000000000000000000 ) ) ;
#1633 = ORIENTED_EDGE ( 'NONE', *, *, #110, .T. ) ;
#1634 = DIRECTION ( 'NONE',  ( -3.559987073847928070E-34, -0.3420201433256725432, -0.9396926207859069846 ) ) ;
#1635 = EDGE_CURVE ( 'NONE', #1486, #1142, #457, .T. ) ;
#1636 = CIRCLE ( 'NONE', #391, 3.735000000000002096 ) ;
#1637 = DIRECTION ( 'NONE',  ( -0.0000000000000000000, 1.000000000000000000, -0.0000000000000000000 ) ) ;
#1638 = DIRECTION ( 'NONE',  ( 1.000000000000000000, 4.930380657631323784E-32, -1.350636282998974709E-16 ) ) ;
#1639 = EDGE_LOOP ( 'NONE', ( #1137, #1309, #973, #932 ) ) ;
#1640 = CARTESIAN_POINT ( 'NONE',  ( -204.4999999999998579, 1.315959713348663351, -152.8793852415717822 ) ) ;
#1641 = DIRECTION ( 'NONE',  ( 0.0000000000000000000, 0.0000000000000000000, -1.000000000000000000 ) ) ;
#1642 = CARTESIAN_POINT ( 'NONE',  ( -209.2587704831435076, 0.6319194266972416596, 149.9999999999999716 ) ) ;
#1643 = ADVANCED_FACE ( 'NONE', ( #375 ), #660, .F. ) ;
#1644 = AXIS2_PLACEMENT_3D ( 'NONE', #984, #1855, #519 ) ;
#1645 = CARTESIAN_POINT ( 'NONE',  ( -205.4999999999999147, 2.000000000000000000, 149.9999999999999432 ) ) ;
#1646 = EDGE_LOOP ( 'NONE', ( #260, #409, #1526, #236, #1043, #1088 ) ) ;
#1647 = CIRCLE ( 'NONE', #630, 3.000000000000000000 ) ;
#1648 = ORIENTED_EDGE ( 'NONE', *, *, #1826, .T. ) ;
#1649 = CARTESIAN_POINT ( 'NONE',  ( -170.9999999400103547, 0.0000000000000000000, 95.49999999999519673 ) ) ;
#1650 = PLANE ( 'NONE',  #844 ) ;
#1651 = DIRECTION ( 'NONE',  ( 0.9396926207859075397, 0.3420201433256713774, -7.159428664010166529E-17 ) ) ;
#1652 = CARTESIAN_POINT ( 'NONE',  ( 207.3793852415718959, 1.315959713348718862, 150.0000000000000000 ) ) ;
#1653 = ORIENTED_EDGE ( 'NONE', *, *, #1087, .T. ) ;
#1654 = DIRECTION ( 'NONE',  ( 0.0000000000000000000, -1.000000000000000000, 0.0000000000000000000 ) ) ;
#1655 = CARTESIAN_POINT ( 'NONE',  ( -204.4999999999998579, -2.128193626427160368, -151.6258159436448523 ) ) ;
#1656 = VECTOR ( 'NONE', #1638, 1000.000000000000000 ) ;
#1657 = DIRECTION ( 'NONE',  ( -1.269182948499851426E-16, -0.3420201433256725432, -0.9396926207859068736 ) ) ;
#1658 = DIRECTION ( 'NONE',  ( -6.345914742499207827E-17, 0.3420201433256725432, -0.9396926207859069846 ) ) ;
#1659 = VERTEX_POINT ( 'NONE', #1642 ) ;
#1660 = ORIENTED_EDGE ( 'NONE', *, *, #807, .F. ) ;
#1661 = EDGE_CURVE ( 'NONE', #1370, #77, #82, .T. ) ;
#1662 = VECTOR ( 'NONE', #1838, 1000.000000000000000 ) ;
#1663 = CIRCLE ( 'NONE', #931, 3.735000000000002096 ) ;
#1664 = AXIS2_PLACEMENT_3D ( 'NONE', #48, #784, #1534 ) ;
#1665 = VECTOR ( 'NONE', #224, 1000.000000000000114 ) ;
#1666 = DIRECTION ( 'NONE',  ( -0.0000000000000000000, 1.000000000000000000, -0.0000000000000000000 ) ) ;
#1667 = DIRECTION ( 'NONE',  ( -0.0000000000000000000, 1.000000000000000000, -0.0000000000000000000 ) ) ;
#1668 = VECTOR ( 'NONE', #1375, 1000.000000000000000 ) ;
#1669 = ADVANCED_FACE ( 'NONE', ( #321 ), #448, .F. ) ;
#1670 = CARTESIAN_POINT ( 'NONE',  ( -204.4999999999999147, 2.000000000000000000, 151.0000000000000000 ) ) ;
#1671 = ORIENTED_EDGE ( 'NONE', *, *, #1764, .F. ) ;
#1672 = LINE ( 'NONE', #1273, #1766 ) ;
#1673 = EDGE_CURVE ( 'NONE', #1392, #1142, #1736, .T. ) ;
#1674 = AXIS2_PLACEMENT_3D ( 'NONE', #1163, #859, #1871 ) ;
#1675 = ORIENTED_EDGE ( 'NONE', *, *, #416, .T. ) ;
#1676 = PLANE ( 'NONE',  #1272 ) ;
#1677 = CARTESIAN_POINT ( 'NONE',  ( 204.4999999999998579, 0.0000000000000000000, 150.9999999999999432 ) ) ;
#1678 = LINE ( 'NONE', #850, #1547 ) ;
#1679 = VERTEX_POINT ( 'NONE', #1905 ) ;
#1680 = EDGE_CURVE ( 'NONE', #307, #287, #746, .T. ) ;
#1681 = VERTEX_POINT ( 'NONE', #1786 ) ;
#1682 = EDGE_LOOP ( 'NONE', ( #1482, #1796 ) ) ;
#1683 = FACE_BOUND ( 'NONE', #1340, .T. ) ;
#1684 = ORIENTED_EDGE ( 'NONE', *, *, #55, .T. ) ;
#1685 = EDGE_CURVE ( 'NONE', #80, #1586, #804, .T. ) ;
#1686 = LINE ( 'NONE', #748, #96 ) ;
#1687 = AXIS2_PLACEMENT_3D ( 'NONE', #405, #413, #1780 ) ;
#1688 = DIRECTION ( 'NONE',  ( -1.269182948499851673E-16, -0.3420201433256725432, -0.9396926207859068736 ) ) ;
#1689 = VERTEX_POINT ( 'NONE', #191 ) ;
#1690 = DIRECTION ( 'NONE',  ( -0.3420201433256738199, -0.9396926207859065405, 0.0000000000000000000 ) ) ;
#1691 = CONICAL_SURFACE ( 'NONE', #695, 5.734999999999990550, 0.7853981633974461696 ) ;
#1692 = EDGE_CURVE ( 'NONE', #1865, #1689, #395, .T. ) ;
#1693 = AXIS2_PLACEMENT_3D ( 'NONE', #436, #917, #447 ) ;
#1694 = ORIENTED_EDGE ( 'NONE', *, *, #1746, .T. ) ;
#1695 = ORIENTED_EDGE ( 'NONE', *, *, #28, .T. ) ;
#1696 = DIRECTION ( 'NONE',  ( 6.345914742499286713E-17, -0.3420201433256791490, 0.9396926207859045421 ) ) ;
#1697 = ORIENTED_EDGE ( 'NONE', *, *, #428, .F. ) ;
#1698 = FACE_BOUND ( 'NONE', #1585, .T. ) ;
#1699 = SURFACE_STYLE_FILL_AREA ( #753 ) ;
#1700 = FACE_BOUND ( 'NONE', #245, .T. ) ;
#1701 = CARTESIAN_POINT ( 'NONE',  ( 212.2357873478035231, 14.65881484001179480, 147.0000000000000000 ) ) ;
#1702 = EDGE_CURVE ( 'NONE', #1852, #415, #422, .T. ) ;
#1703 = FACE_OUTER_BOUND ( 'NONE', #1489, .T. ) ;
#1704 = EDGE_CURVE ( 'NONE', #208, #573, #528, .T. ) ;
#1705 = EDGE_LOOP ( 'NONE', ( #502, #625, #1849, #666 ) ) ;
#1706 = AXIS2_PLACEMENT_3D ( 'NONE', #1178, #121, #1319 ) ;
#1707 = CARTESIAN_POINT ( 'NONE',  ( -170.9999999400103547, -2.001000000000005219, 92.49999999999519673 ) ) ;
#1708 = LINE ( 'NONE', #759, #1018 ) ;
#1709 = ORIENTED_EDGE ( 'NONE', *, *, #14, .T. ) ;
#1710 = CIRCLE ( 'NONE', #455, 2.000000000000001776 ) ;
#1711 = DIRECTION ( 'NONE',  ( -0.0000000000000000000, 1.000000000000000000, -0.0000000000000000000 ) ) ;
#1712 = EDGE_LOOP ( 'NONE', ( #1365, #716, #1436, #1660, #879, #1292, #728, #1874 ) ) ;
#1713 = EDGE_CURVE ( 'NONE', #1852, #1216, #22, .T. ) ;
#1714 = VERTEX_POINT ( 'NONE', #961 ) ;
#1715 = DIRECTION ( 'NONE',  ( 1.000000000000000000, -0.0000000000000000000, -1.350636282998974216E-16 ) ) ;
#1716 = AXIS2_PLACEMENT_3D ( 'NONE', #1205, #898, #1201 ) ;
#1717 = AXIS2_PLACEMENT_3D ( 'NONE', #783, #325, #1531 ) ;
#1718 = CARTESIAN_POINT ( 'NONE',  ( -213.2618477777802468, 17.47789270236943437, -150.0000000000000000 ) ) ;
#1719 = ORIENTED_EDGE ( 'NONE', *, *, #481, .F. ) ;
#1720 = VECTOR ( 'NONE', #552, 1000.000000000000000 ) ;
#1721 = DIRECTION ( 'NONE',  ( 0.0000000000000000000, -0.9396926207859065405, 0.3420201433256736534 ) ) ;
#1722 = LINE ( 'NONE', #1196, #868 ) ;
#1723 = DIRECTION ( 'NONE',  ( 1.000000000000000000, -0.0000000000000000000, -1.350636282998974216E-16 ) ) ;
#1724 = VERTEX_POINT ( 'NONE', #808 ) ;
#1725 = AXIS2_PLACEMENT_3D ( 'NONE', #514, #1581, #259 ) ;
#1726 = ORIENTED_EDGE ( 'NONE', *, *, #388, .T. ) ;
#1727 = LINE ( 'NONE', #242, #1224 ) ;
#1728 = ORIENTED_EDGE ( 'NONE', *, *, #1603, .T. ) ;
#1729 = FACE_OUTER_BOUND ( 'NONE', #1892, .T. ) ;
#1730 = DIRECTION ( 'NONE',  ( 6.345914742499257131E-17, -0.3420201433256725432, 0.9396926207859068736 ) ) ;
#1731 = CARTESIAN_POINT ( 'NONE',  ( 204.4999999999998579, 2.000000000000000000, 151.0000000000000000 ) ) ;
#1732 = VERTEX_POINT ( 'NONE', #605 ) ;
#1733 = DIRECTION ( 'NONE',  ( 1.000000000000000000, 1.734723475976805517E-15, 0.0000000000000000000 ) ) ;
#1734 = CARTESIAN_POINT ( 'NONE',  ( -201.4999999999998579, 16.79385241571812415, 160.6412330193523132 ) ) ;
#1735 = EDGE_CURVE ( 'NONE', #576, #464, #1060, .T. ) ;
#1736 = LINE ( 'NONE', #1770, #1276 ) ;
#1737 = DIRECTION ( 'NONE',  ( 8.886914679068201862E-17, 0.9396926207859093161, -0.3420201433256660484 ) ) ;
#1738 = AXIS2_PLACEMENT_3D ( 'NONE', #665, #564, #1055 ) ;
#1739 = CYLINDRICAL_SURFACE ( 'NONE', #1082, 3.000000000000000000 ) ;
#1740 = CARTESIAN_POINT ( 'NONE',  ( -205.4999999999998579, -2.005025000000059787, 151.0000000000000000 ) ) ;
#1741 = CARTESIAN_POINT ( 'NONE',  ( 204.4999999999998579, 0.6319194266973249263, -154.7587704831436781 ) ) ;
#1742 = ADVANCED_FACE ( 'NONE', ( #1898 ), #820, .F. ) ;
#1743 = ORIENTED_EDGE ( 'NONE', *, *, #365, .F. ) ;
#1744 = LINE ( 'NONE', #1512, #1815 ) ;
#1745 = ORIENTED_EDGE ( 'NONE', *, *, #1114, .F. ) ;
#1746 = EDGE_CURVE ( 'NONE', #489, #1085, #574, .T. ) ;
#1747 = CIRCLE ( 'NONE', #266, 4.000000000000003553 ) ;
#1748 = LINE ( 'NONE', #92, #1342 ) ;
#1749 = VECTOR ( 'NONE', #1811, 1000.000000000000000 ) ;
#1750 = ORIENTED_EDGE ( 'NONE', *, *, #376, .T. ) ;
#1751 = DIRECTION ( 'NONE',  ( -0.3420201433256727097, -0.9396926207859069846, 0.0000000000000000000 ) ) ;
#1752 = AXIS2_PLACEMENT_3D ( 'NONE', #761, #1198, #567 ) ;
#1753 = ORIENTED_EDGE ( 'NONE', *, *, #1622, .T. ) ;
#1754 = CARTESIAN_POINT ( 'NONE',  ( -189.9999999400106105, 0.0000000000000000000, 126.7350000000000136 ) ) ;
#1755 = ADVANCED_FACE ( 'NONE', ( #953 ), #1691, .F. ) ;
#1756 = ORIENTED_EDGE ( 'NONE', *, *, #300, .T. ) ;
#1757 = CARTESIAN_POINT ( 'NONE',  ( 205.5000000000000853, 0.0000000000000000000, 150.9999999999999716 ) ) ;
#1758 = VERTEX_POINT ( 'NONE', #1004 ) ;
#1759 = CARTESIAN_POINT ( 'NONE',  ( -168.9999999400103547, 0.0000000000000000000, 89.49999999999519673 ) ) ;
#1760 = EDGE_CURVE ( 'NONE', #1689, #1370, #1083, .T. ) ;
#1761 = FACE_OUTER_BOUND ( 'NONE', #465, .T. ) ;
#1762 = ORIENTED_EDGE ( 'NONE', *, *, #148, .F. ) ;
#1763 = PRESENTATION_STYLE_ASSIGNMENT (( #142 ) ) ;
#1764 = EDGE_CURVE ( 'NONE', #41, #80, #1663, .T. ) ;
#1765 = DIRECTION ( 'NONE',  ( -0.3420201433256736534, 0.9396926207859065405, 0.0000000000000000000 ) ) ;
#1766 = VECTOR ( 'NONE', #1127, 1000.000000000000227 ) ;
#1767 = FACE_BOUND ( 'NONE', #730, .T. ) ;
#1768 = CARTESIAN_POINT ( 'NONE',  ( 205.4999999999998579, 0.0000000000000000000, 151.0000000000000000 ) ) ;
#1769 = FACE_OUTER_BOUND ( 'NONE', #1821, .T. ) ;
#1770 = CARTESIAN_POINT ( 'NONE',  ( 205.5000000000000568, 0.0000000000000000000, -151.0000000000000568 ) ) ;
#1771 = ORIENTED_EDGE ( 'NONE', *, *, #300, .F. ) ;
#1772 = DIRECTION ( 'NONE',  ( 0.0000000000000000000, 0.0000000000000000000, 1.000000000000000000 ) ) ;
#1773 = DIRECTION ( 'NONE',  ( 0.0000000000000000000, 1.000000000000000000, 0.0000000000000000000 ) ) ;
#1774 = ORIENTED_EDGE ( 'NONE', *, *, #1423, .T. ) ;
#1775 = CIRCLE ( 'NONE', #1693, 3.000000000000000000 ) ;
#1776 = ORIENTED_EDGE ( 'NONE', *, *, #1114, .T. ) ;
#1777 = VECTOR ( 'NONE', #518, 1000.000000000000114 ) ;
#1778 = EDGE_CURVE ( 'NONE', #1233, #327, #1615, .T. ) ;
#1779 = VERTEX_POINT ( 'NONE', #1069 ) ;
#1780 = DIRECTION ( 'NONE',  ( -0.3420201433256738199, 0.9396926207859065405, 0.0000000000000000000 ) ) ;
#1781 = FACE_OUTER_BOUND ( 'NONE', #1646, .T. ) ;
#1782 = CARTESIAN_POINT ( 'NONE',  ( -189.9999999400106105, -2.000000000000000000, -120.9999999999999716 ) ) ;
#1783 = AXIS2_PLACEMENT_3D ( 'NONE', #1488, #134, #1909 ) ;
#1784 = ORIENTED_EDGE ( 'NONE', *, *, #521, .F. ) ;
#1785 = ORIENTED_EDGE ( 'NONE', *, *, #85, .F. ) ;
#1786 = CARTESIAN_POINT ( 'NONE',  ( -170.9999999400103547, 0.0000000000000000000, 89.49999999999519673 ) ) ;
#1787 = ADVANCED_FACE ( 'NONE', ( #1159 ), #907, .T. ) ;
#1788 = ORIENTED_EDGE ( 'NONE', *, *, #1206, .F. ) ;
#1789 = CARTESIAN_POINT ( 'NONE',  ( 204.4999999999998579, -2.813952564298782821, -153.5099231406362037 ) ) ;
#1790 = EDGE_CURVE ( 'NONE', #1446, #417, #73, .T. ) ;
#1791 = ORIENTED_EDGE ( 'NONE', *, *, #1813, .F. ) ;
#1792 = CARTESIAN_POINT ( 'NONE',  ( 170.0000000599895600, 0.0000000000000000000, 126.7349999999999852 ) ) ;
#1793 = ADVANCED_FACE ( 'NONE', ( #1729 ), #497, .F. ) ;
#1794 = VECTOR ( 'NONE', #1327, 1000.000000000000000 ) ;
#1795 = ADVANCED_FACE ( 'NONE', ( #118 ), #1739, .T. ) ;
#1796 = ORIENTED_EDGE ( 'NONE', *, *, #1560, .F. ) ;
#1797 = DIRECTION ( 'NONE',  ( 0.0000000000000000000, 0.9396926207859065405, 0.3420201433256736534 ) ) ;
#1798 = LINE ( 'NONE', #763, #1285 ) ;
#1799 = DIRECTION ( 'NONE',  ( 0.0000000000000000000, -1.000000000000000000, 0.0000000000000000000 ) ) ;
#1800 = EDGE_CURVE ( 'NONE', #165, #232, #987, .T. ) ;
#1801 = EDGE_LOOP ( 'NONE', ( #1605, #1064, #921, #1212 ) ) ;
#1802 = ADVANCED_FACE ( 'NONE', ( #792 ), #1676, .F. ) ;
#1803 = EDGE_LOOP ( 'NONE', ( #46, #360 ) ) ;
#1804 = EDGE_CURVE ( 'NONE', #1679, #675, #6, .T. ) ;
#1805 = DIRECTION ( 'NONE',  ( 0.3420201433256727097, 0.9396926207859068736, 1.209444348707613510E-16 ) ) ;
#1806 = CARTESIAN_POINT ( 'NONE',  ( 110.0000000599893895, 0.0000000000000000000, -60.50000000000472511 ) ) ;
#1807 = APPLICATION_PROTOCOL_DEFINITION ( 'draft international standard', 'automotive_design', 1998, #480 ) ;
#1808 =( NAMED_UNIT ( * ) PLANE_ANGLE_UNIT ( ) SI_UNIT ( $, .RADIAN. ) );
#1809 = ORIENTED_EDGE ( 'NONE', *, *, #210, .F. ) ;
#1810 = VECTOR ( 'NONE', #1472, 1000.000000000000000 ) ;
#1811 = DIRECTION ( 'NONE',  ( -1.000000000000000000, 2.170430669762080562E-17, 7.543153574326735280E-17 ) ) ;
#1812 = EDGE_LOOP ( 'NONE', ( #838, #1169 ) ) ;
#1813 = EDGE_CURVE ( 'NONE', #1194, #1446, #247, .T. ) ;
#1814 = CYLINDRICAL_SURFACE ( 'NONE', #1891, 2.000000000000001776 ) ;
#1815 = VECTOR ( 'NONE', #598, 1000.000000000000114 ) ;
#1816 = CIRCLE ( 'NONE', #757, 4.000000000000003553 ) ;
#1817 = ORIENTED_EDGE ( 'NONE', *, *, #450, .T. ) ;
#1818 = DIRECTION ( 'NONE',  ( -0.3420201433256738199, 0.9396926207859065405, 0.0000000000000000000 ) ) ;
#1819 = DIRECTION ( 'NONE',  ( -4.443457339534099699E-17, 0.9396926207859093161, 0.3420201433256660484 ) ) ;
#1820 = CARTESIAN_POINT ( 'NONE',  ( 201.4999999999998295, 13.97477455336043839, 159.6151725893752769 ) ) ;
#1821 = EDGE_LOOP ( 'NONE', ( #435, #35, #976, #64 ) ) ;
#1822 = DIRECTION ( 'NONE',  ( 0.0000000000000000000, 6.288372600415920195E-15, -1.000000000000000000 ) ) ;
#1823 = UNCERTAINTY_MEASURE_WITH_UNIT (LENGTH_MEASURE( 1.000000000000000082E-05 ), #1479, 'distance_accuracy_value', 'NONE');
#1824 = ORIENTED_EDGE ( 'NONE', *, *, #510, .T. ) ;
#1825 = CARTESIAN_POINT ( 'NONE',  ( 205.4999999999998579, -2.000000000000000000, 151.0000000000000000 ) ) ;
#1826 = EDGE_CURVE ( 'NONE', #1471, #795, #94, .T. ) ;
#1827 = DIRECTION ( 'NONE',  ( -0.0000000000000000000, 1.000000000000000000, -0.0000000000000000000 ) ) ;
#1828 = AXIS2_PLACEMENT_3D ( 'NONE', #1504, #736, #1057 ) ;
#1829 = ORIENTED_EDGE ( 'NONE', *, *, #273, .T. ) ;
#1830 = DIRECTION ( 'NONE',  ( -0.3420201433256727097, -0.9396926207859068736, -1.209444348707613510E-16 ) ) ;
#1831 = CARTESIAN_POINT ( 'NONE',  ( 209.2587704831437918, 0.6319194266976013719, -149.9999999999999432 ) ) ;
#1832 = DIRECTION ( 'NONE',  ( 8.886914679068111883E-17, 0.9396926207859068736, -0.3420201433256727097 ) ) ;
#1833 = FACE_OUTER_BOUND ( 'NONE', #1323, .T. ) ;
#1834 = DIRECTION ( 'NONE',  ( -6.047221743538127946E-17, -8.636327679361526780E-17, -1.000000000000000000 ) ) ;
#1835 = CIRCLE ( 'NONE', #97, 4.000000000000003553 ) ;
#1836 = CARTESIAN_POINT ( 'NONE',  ( -170.9999999400103547, -2.001000000000005219, 95.49999999999519673 ) ) ;
#1837 = PLANE ( 'NONE',  #318 ) ;
#1838 = DIRECTION ( 'NONE',  ( -1.000000000000000000, 0.0000000000000000000, 1.350636282998974216E-16 ) ) ;
#1839 = ORIENTED_EDGE ( 'NONE', *, *, #72, .T. ) ;
#1840 = EDGE_CURVE ( 'NONE', #464, #1486, #1040, .T. ) ;
#1841 = DIRECTION ( 'NONE',  ( -1.000000000000000000, 0.0000000000000000000, 0.0000000000000000000 ) ) ;
#1842 = AXIS2_PLACEMENT_3D ( 'NONE', #180, #1084, #1819 ) ;
#1843 = FACE_OUTER_BOUND ( 'NONE', #1105, .T. ) ;
#1844 = DIRECTION ( 'NONE',  ( 0.0000000000000000000, 0.0000000000000000000, 1.000000000000000000 ) ) ;
#1845 = ORIENTED_EDGE ( 'NONE', *, *, #1625, .F. ) ;
#1846 = EDGE_LOOP ( 'NONE', ( #1788, #1648, #766, #1880, #1220, #1847 ) ) ;
#1847 = ORIENTED_EDGE ( 'NONE', *, *, #912, .F. ) ;
#1848 = DIRECTION ( 'NONE',  ( -0.0000000000000000000, 1.000000000000000000, -0.0000000000000000000 ) ) ;
#1849 = ORIENTED_EDGE ( 'NONE', *, *, #1746, .F. ) ;
#1850 = EDGE_CURVE ( 'NONE', #1370, #1659, #1672, .T. ) ;
#1851 = DIRECTION ( 'NONE',  ( 0.9396926207859068736, -0.3420201433256725432, -1.727265535872313491E-16 ) ) ;
#1852 = VERTEX_POINT ( 'NONE', #982 ) ;
#1853 = AXIS2_PLACEMENT_3D ( 'NONE', #1551, #1827, #1860 ) ;
#1854 = CARTESIAN_POINT ( 'NONE',  ( 205.4999999999998863, -2.000000000000000000, -150.0000000000000284 ) ) ;
#1855 = DIRECTION ( 'NONE',  ( -0.0000000000000000000, 1.000000000000000000, -0.0000000000000000000 ) ) ;
#1856 = ORIENTED_EDGE ( 'NONE', *, *, #1406, .T. ) ;
#1857 = ORIENTED_EDGE ( 'NONE', *, *, #740, .F. ) ;
#1858 = ORIENTED_EDGE ( 'NONE', *, *, #1235, .F. ) ;
#1859 = CARTESIAN_POINT ( 'NONE',  ( 204.4999999999998579, 2.000000000000000000, 151.0000000000000000 ) ) ;
#1860 = DIRECTION ( 'NONE',  ( 0.0000000000000000000, 0.0000000000000000000, 1.000000000000000000 ) ) ;
#1861 = EDGE_CURVE ( 'NONE', #417, #307, #380, .T. ) ;
#1862 = VERTEX_POINT ( 'NONE', #342 ) ;
#1863 = VERTEX_POINT ( 'NONE', #830 ) ;
#1864 = PLANE ( 'NONE',  #937 ) ;
#1865 = VERTEX_POINT ( 'NONE', #966 ) ;
#1866 = FACE_OUTER_BOUND ( 'NONE', #1214, .T. ) ;
#1867 = ORIENTED_EDGE ( 'NONE', *, *, #326, .F. ) ;
#1868 = DIRECTION ( 'NONE',  ( 1.000000000000000000, 0.0000000000000000000, 0.0000000000000000000 ) ) ;
#1869 = FACE_OUTER_BOUND ( 'NONE', #626, .T. ) ;
#1870 = CARTESIAN_POINT ( 'NONE',  ( -189.9999999400106105, 0.0000000000000000000, 115.2650000000000290 ) ) ;
#1871 = DIRECTION ( 'NONE',  ( 0.0000000000000000000, 0.0000000000000000000, 1.000000000000000000 ) ) ;
#1872 = CARTESIAN_POINT ( 'NONE',  ( 209.2587704831437065, 0.6319194266973526819, 150.0000000000000000 ) ) ;
#1873 = EDGE_CURVE ( 'NONE', #38, #1586, #1598, .T. ) ;
#1874 = ORIENTED_EDGE ( 'NONE', *, *, #1480, .F. ) ;
#1875 = LINE ( 'NONE', #202, #1025 ) ;
#1876 = DIRECTION ( 'NONE',  ( -0.0000000000000000000, 1.000000000000000000, -0.0000000000000000000 ) ) ;
#1877 = AXIS2_PLACEMENT_3D ( 'NONE', #1334, #563, #1751 ) ;
#1878 = CARTESIAN_POINT ( 'NONE',  ( -212.2357873478033241, 14.65881484001176993, 146.9999999999999716 ) ) ;
#1879 = ADVANCED_FACE ( 'NONE', ( #914 ), #493, .F. ) ;
#1880 = ORIENTED_EDGE ( 'NONE', *, *, #1800, .T. ) ;
#1881 = VECTOR ( 'NONE', #698, 1000.000000000000114 ) ;
#1882 = CARTESIAN_POINT ( 'NONE',  ( -170.9999999400103547, -2.000000000000000000, 89.49999999999519673 ) ) ;
#1883 = ORIENTED_EDGE ( 'NONE', *, *, #303, .F. ) ;
#1884 = DIRECTION ( 'NONE',  ( 0.0000000000000000000, 0.0000000000000000000, -1.000000000000000000 ) ) ;
#1885 = ORIENTED_EDGE ( 'NONE', *, *, #1692, .T. ) ;
#1886 = EDGE_CURVE ( 'NONE', #824, #355, #201, .T. ) ;
#1887 = DIRECTION ( 'NONE',  ( 0.0000000000000000000, 0.0000000000000000000, 1.000000000000000000 ) ) ;
#1888 =( GEOMETRIC_REPRESENTATION_CONTEXT ( 3 ) GLOBAL_UNCERTAINTY_ASSIGNED_CONTEXT ( ( #1823 ) ) GLOBAL_UNIT_ASSIGNED_CONTEXT ( ( #1479, #460, #919 ) ) REPRESENTATION_CONTEXT ( 'NONE', 'WORKASPACE' ) );
#1889 = EDGE_LOOP ( 'NONE', ( #1437, #1829, #368, #654 ) ) ;
#1890 = DIRECTION ( 'NONE',  ( 0.0000000000000000000, 0.0000000000000000000, -1.000000000000000000 ) ) ;
#1891 = AXIS2_PLACEMENT_3D ( 'NONE', #382, #847, #1610 ) ;
#1892 = EDGE_LOOP ( 'NONE', ( #979, #787, #160, #1709 ) ) ;
#1893 = ADVANCED_FACE ( 'NONE', ( #90 ), #1594, .F. ) ;
#1894 = ORIENTED_EDGE ( 'NONE', *, *, #1713, .T. ) ;
#1895 = EDGE_LOOP ( 'NONE', ( #1784, #890, #842, #1397 ) ) ;
#1896 = EDGE_LOOP ( 'NONE', ( #281, #727, #1631, #1441 ) ) ;
#1897 = CYLINDRICAL_SURFACE ( 'NONE', #1126, 1.000000000000000888 ) ;
#1898 = FACE_OUTER_BOUND ( 'NONE', #20, .T. ) ;
#1899 = EDGE_CURVE ( 'NONE', #1431, #1724, #1009, .T. ) ;
#1900 = ADVANCED_FACE ( 'NONE', ( #742 ), #863, .F. ) ;
#1901 = EDGE_CURVE ( 'NONE', #307, #1142, #1041, .T. ) ;
#1902 = VECTOR ( 'NONE', #1237, 1000.000000000000000 ) ;
#1903 = CARTESIAN_POINT ( 'NONE',  ( 205.5000000000000568, -2.000000000000000000, -151.0000000000000568 ) ) ;
#1904 = VERTEX_POINT ( 'NONE', #1630 ) ;
#1905 = CARTESIAN_POINT ( 'NONE',  ( 204.4999999999998579, 14.65881484001181967, 157.7357873478033525 ) ) ;
#1906 = ORIENTED_EDGE ( 'NONE', *, *, #288, .T. ) ;
#1907 = VECTOR ( 'NONE', #44, 1000.000000000000000 ) ;
#1908 = VECTOR ( 'NONE', #1445, 1000.000000000000000 ) ;
#1909 = DIRECTION ( 'NONE',  ( -0.3420201433256736534, -0.9396926207859065405, 0.0000000000000000000 ) ) ;
#1910 = CARTESIAN_POINT ( 'NONE',  ( -4.356165541386554738E-15, -49.21450481798554932, 136.6161557734736789 ) ) ;
#1911 = EDGE_CURVE ( 'NONE', #561, #1431, #608, .T. ) ;
#1912 = AXIS2_PLACEMENT_3D ( 'NONE', #185, #1509, #494 ) ;
#1913 = EDGE_LOOP ( 'NONE', ( #1824, #771, #595, #1524 ) ) ;
#1914 = ADVANCED_FACE ( 'NONE', ( #1769 ), #1650, .F. ) ;
#1915 = DIRECTION ( 'NONE',  ( -0.0000000000000000000, 1.000000000000000000, -0.0000000000000000000 ) ) ;
#1916 = DIRECTION ( 'NONE',  ( -0.3420201433256660484, -0.9396926207859093161, -1.209444348707625589E-16 ) ) ;
ENDSEC;
END-ISO-10303-21;
