ISO-10303-21;
HEADER;
FILE_DESCRIPTION (( 'STEP AP214' ),
    '1' );
FILE_NAME ('03_108_sheetmetal_mounting plate.STEP',
    '2020-09-28T08:22:01',
    ( '' ),
    ( '' ),
    'SwSTEP 2.0',
    'SolidWorks 2018',
    '' );
FILE_SCHEMA (( 'AUTOMOTIVE_DESIGN' ));
ENDSEC;

DATA;
#1 = VECTOR ( 'NONE', #2582, 1000.000000000000000 ) ;
#2 = DIRECTION ( 'NONE',  ( 1.000000000000000000, -0.0000000000000000000, -0.0000000000000000000 ) ) ;
#3 = CARTESIAN_POINT ( 'NONE',  ( -109.4999999999999858, -155.0000000000000000, 0.0000000000000000000 ) ) ;
#4 = ORIENTED_EDGE ( 'NONE', *, *, #2223, .T. ) ;
#5 = ORIENTED_EDGE ( 'NONE', *, *, #2669, .F. ) ;
#6 = DIRECTION ( 'NONE',  ( 0.0000000000000000000, 5.551115123125781913E-15, -1.000000000000000000 ) ) ;
#7 = SURFACE_SIDE_STYLE ('',( #736 ) ) ;
#8 = DIRECTION ( 'NONE',  ( -1.000000000000000000, 0.0000000000000000000, 0.0000000000000000000 ) ) ;
#9 = EDGE_CURVE ( 'NONE', #100, #1758, #2248, .T. ) ;
#10 = PLANE ( 'NONE',  #355 ) ;
#11 = DIRECTION ( 'NONE',  ( 0.0000000000000000000, 0.0000000000000000000, -1.000000000000000000 ) ) ;
#12 = EDGE_LOOP ( 'NONE', ( #968, #538, #1282, #995 ) ) ;
#13 = ADVANCED_FACE ( 'NONE', ( #1440 ), #1471, .F. ) ;
#14 = CARTESIAN_POINT ( 'NONE',  ( 132.5000000000000000, 113.2499999999999574, -2.000000000000001776 ) ) ;
#15 = PRODUCT_DEFINITION_FORMATION_WITH_SPECIFIED_SOURCE ( 'ANY', '', #2654, .NOT_KNOWN. ) ;
#16 = EDGE_LOOP ( 'NONE', ( #1992, #1035, #2249, #1240, #999, #2662, #38, #716, #1116, #2159, #1459, #1544, #2414, #743, #1616, #2036, #324, #1775, #1100, #396, #2530, #1819, #457, #386, #949, #1003, #1266, #366, #1848, #616, #1111, #1747, #1069, #1903, #618, #2630 ) ) ;
#17 = DIRECTION ( 'NONE',  ( 0.0000000000000000000, -0.0000000000000000000, 1.000000000000000000 ) ) ;
#18 = PLANE ( 'NONE',  #1312 ) ;
#19 = ORIENTED_EDGE ( 'NONE', *, *, #2424, .F. ) ;
#20 = CARTESIAN_POINT ( 'NONE',  ( -127.5000000000000568, 113.2499999999999574, -2.000000000000001776 ) ) ;
#21 = EDGE_CURVE ( 'NONE', #1627, #1784, #583, .T. ) ;
#22 = FACE_OUTER_BOUND ( 'NONE', #1361, .T. ) ;
#23 = CYLINDRICAL_SURFACE ( 'NONE', #1186, 3.249999999999947597 ) ;
#24 = ADVANCED_FACE ( 'NONE', ( #2190 ), #1273, .T. ) ;
#25 = DIRECTION ( 'NONE',  ( -1.000000000000000000, -9.505334114941139811E-17, 7.709882115452454501E-16 ) ) ;
#26 = CARTESIAN_POINT ( 'NONE',  ( -127.5000000000000284, 110.0000000000000000, -20.00100000000001188 ) ) ;
#27 = CYLINDRICAL_SURFACE ( 'NONE', #1666, 3.250000000000016875 ) ;
#28 = EDGE_CURVE ( 'NONE', #1274, #566, #555, .T. ) ;
#29 = CARTESIAN_POINT ( 'NONE',  ( 108.4999999999999574, 4.000000000000025757, -2.000000000000000000 ) ) ;
#30 = FACE_OUTER_BOUND ( 'NONE', #1548, .T. ) ;
#31 = CARTESIAN_POINT ( 'NONE',  ( -107.9999999999999858, -149.9999999999999716, 0.0000000000000000000 ) ) ;
#32 = VECTOR ( 'NONE', #439, 1000.000000000000000 ) ;
#33 = DIRECTION ( 'NONE',  ( 7.709882115452451542E-16, -3.083952846180981011E-15, 1.000000000000000000 ) ) ;
#34 = CARTESIAN_POINT ( 'NONE',  ( 107.4999999999999858, 151.0000000000000284, -3.999999999999954259 ) ) ;
#35 = VERTEX_POINT ( 'NONE', #2518 ) ;
#36 = DIRECTION ( 'NONE',  ( -4.507352293526412556E-31, 3.491481338843133355E-15, 1.000000000000000000 ) ) ;
#37 = ORIENTED_EDGE ( 'NONE', *, *, #1678, .F. ) ;
#38 = ORIENTED_EDGE ( 'NONE', *, *, #684, .T. ) ;
#39 = DIRECTION ( 'NONE',  ( 0.0000000000000000000, 0.0000000000000000000, 1.000000000000000000 ) ) ;
#40 = DIRECTION ( 'NONE',  ( 1.000000000000000000, 0.0000000000000000000, 0.0000000000000000000 ) ) ;
#41 = ORIENTED_EDGE ( 'NONE', *, *, #664, .F. ) ;
#42 = ADVANCED_FACE ( 'NONE', ( #644 ), #1031, .T. ) ;
#43 = DIRECTION ( 'NONE',  ( -0.0000000000000000000, -0.0000000000000000000, 1.000000000000000000 ) ) ;
#44 = EDGE_CURVE ( 'NONE', #1481, #82, #1124, .T. ) ;
#45 = DIRECTION ( 'NONE',  ( 3.503246160812042677E-46, -1.000000000000000000, -3.491481338843133355E-15 ) ) ;
#46 = EDGE_CURVE ( 'NONE', #2086, #2589, #2560, .T. ) ;
#47 = DIRECTION ( 'NONE',  ( 1.000000000000000000, 0.0000000000000000000, 0.0000000000000000000 ) ) ;
#48 = DIRECTION ( 'NONE',  ( -1.000000000000000000, -0.0000000000000000000, -0.0000000000000000000 ) ) ;
#49 = AXIS2_PLACEMENT_3D ( 'NONE', #2144, #2531, #1962 ) ;
#50 = DIRECTION ( 'NONE',  ( 1.000000000000000000, 0.0000000000000000000, 0.0000000000000000000 ) ) ;
#51 = VECTOR ( 'NONE', #577, 1000.000000000000000 ) ;
#52 = LINE ( 'NONE', #1571, #891 ) ;
#53 = DIRECTION ( 'NONE',  ( -0.0000000000000000000, 1.000000000000000000, 0.0000000000000000000 ) ) ;
#54 = CIRCLE ( 'NONE', #553, 3.249999999999947597 ) ;
#55 = DIRECTION ( 'NONE',  ( 3.503246160812042677E-46, -1.000000000000000000, -3.491481338843133355E-15 ) ) ;
#56 = LINE ( 'NONE', #2105, #1115 ) ;
#57 = DIRECTION ( 'NONE',  ( 1.000000000000000000, 0.0000000000000000000, 0.0000000000000000000 ) ) ;
#58 = CIRCLE ( 'NONE', #2199, 5.000000000000000888 ) ;
#59 = CYLINDRICAL_SURFACE ( 'NONE', #362, 5.000000000000004441 ) ;
#60 = CARTESIAN_POINT ( 'NONE',  ( -141.0000000000000000, -155.0000000000000000, -2.000000000000000000 ) ) ;
#61 = EDGE_CURVE ( 'NONE', #566, #1131, #1956, .T. ) ;
#62 = VECTOR ( 'NONE', #1804, 1000.000000000000000 ) ;
#63 = ORIENTED_EDGE ( 'NONE', *, *, #797, .T. ) ;
#64 = DIRECTION ( 'NONE',  ( -0.0000000000000000000, -0.0000000000000000000, 1.000000000000000000 ) ) ;
#65 = CARTESIAN_POINT ( 'NONE',  ( -132.5000000000000000, -110.0000000000000000, -2.000000000000001776 ) ) ;
#66 = AXIS2_PLACEMENT_3D ( 'NONE', #1009, #1635, #1864 ) ;
#67 = FACE_OUTER_BOUND ( 'NONE', #422, .T. ) ;
#68 = CARTESIAN_POINT ( 'NONE',  ( 103.4999999999999574, -48.99999999999997158, -2.000000000000000000 ) ) ;
#69 = ADVANCED_FACE ( 'NONE', ( #771 ), #1686, .T. ) ;
#70 = ORIENTED_EDGE ( 'NONE', *, *, #2030, .F. ) ;
#71 = ORIENTED_EDGE ( 'NONE', *, *, #1621, .T. ) ;
#72 = AXIS2_PLACEMENT_3D ( 'NONE', #454, #1267, #429 ) ;
#73 = DIRECTION ( 'NONE',  ( 1.000000000000000000, 9.505334114941678455E-17, 7.709882115452446612E-16 ) ) ;
#74 = ORIENTED_EDGE ( 'NONE', *, *, #2479, .F. ) ;
#75 = ORIENTED_EDGE ( 'NONE', *, *, #2276, .F. ) ;
#76 = DIRECTION ( 'NONE',  ( 0.0000000000000000000, 1.000000000000000000, 4.423544863740829692E-15 ) ) ;
#77 = DIRECTION ( 'NONE',  ( -0.0000000000000000000, -0.0000000000000000000, 1.000000000000000000 ) ) ;
#78 = EDGE_LOOP ( 'NONE', ( #507, #941, #660, #1879 ) ) ;
#79 = PLANE ( 'NONE',  #2652 ) ;
#80 = VERTEX_POINT ( 'NONE', #1707 ) ;
#81 = EDGE_CURVE ( 'NONE', #2306, #2362, #2343, .T. ) ;
#82 = VERTEX_POINT ( 'NONE', #920 ) ;
#83 = ADVANCED_FACE ( 'NONE', ( #67 ), #413, .T. ) ;
#84 = DIRECTION ( 'NONE',  ( -0.0000000000000000000, 0.0000000000000000000, -1.000000000000000000 ) ) ;
#85 = DIRECTION ( 'NONE',  ( 0.0000000000000000000, 0.0000000000000000000, 1.000000000000000000 ) ) ;
#86 = AXIS2_PLACEMENT_3D ( 'NONE', #1572, #1533, #531 ) ;
#87 = LINE ( 'NONE', #1667, #1372 ) ;
#88 = LINE ( 'NONE', #979, #2370 ) ;
#89 = VECTOR ( 'NONE', #1765, 1000.000000000000000 ) ;
#90 = PLANE ( 'NONE',  #758 ) ;
#91 = VECTOR ( 'NONE', #48, 1000.000000000000000 ) ;
#92 = ADVANCED_FACE ( 'NONE', ( #287 ), #2573, .T. ) ;
#93 = VECTOR ( 'NONE', #2659, 1000.000000000000000 ) ;
#94 = VERTEX_POINT ( 'NONE', #2595 ) ;
#95 = EDGE_CURVE ( 'NONE', #350, #811, #1812, .T. ) ;
#96 = CARTESIAN_POINT ( 'NONE',  ( -141.0000000000000000, 150.0000000000000284, -2.000000000000000000 ) ) ;
#97 = ORIENTED_EDGE ( 'NONE', *, *, #314, .F. ) ;
#98 = AXIS2_PLACEMENT_3D ( 'NONE', #542, #296, #744 ) ;
#99 = CARTESIAN_POINT ( 'NONE',  ( -108.4999999999999858, 150.0000000000000284, -1.999999999999952260 ) ) ;
#100 = VERTEX_POINT ( 'NONE', #303 ) ;
#101 = DIRECTION ( 'NONE',  ( 1.000000000000000000, 0.0000000000000000000, 0.0000000000000000000 ) ) ;
#102 = DIRECTION ( 'NONE',  ( -1.000000000000000000, 0.0000000000000000000, 0.0000000000000000000 ) ) ;
#103 = ORIENTED_EDGE ( 'NONE', *, *, #1964, .F. ) ;
#104 = DIRECTION ( 'NONE',  ( -1.000000000000000000, -0.0000000000000000000, -0.0000000000000000000 ) ) ;
#105 = CARTESIAN_POINT ( 'NONE',  ( 107.4999999999999858, 0.0000000000000000000, 0.0000000000000000000 ) ) ;
#106 = CARTESIAN_POINT ( 'NONE',  ( 108.4999999999999858, -0.0000000000000000000, 0.0000000000000000000 ) ) ;
#107 = ORIENTED_EDGE ( 'NONE', *, *, #954, .F. ) ;
#108 = EDGE_CURVE ( 'NONE', #327, #686, #353, .T. ) ;
#109 = DIRECTION ( 'NONE',  ( -0.0000000000000000000, 0.0000000000000000000, 1.000000000000000000 ) ) ;
#110 = ORIENTED_EDGE ( 'NONE', *, *, #1723, .F. ) ;
#111 = AXIS2_PLACEMENT_3D ( 'NONE', #136, #1388, #545 ) ;
#112 = DIRECTION ( 'NONE',  ( 0.0000000000000000000, 1.000000000000000000, 0.0000000000000000000 ) ) ;
#113 = DIRECTION ( 'NONE',  ( 0.0000000000000000000, 1.000000000000000000, 0.0000000000000000000 ) ) ;
#114 = CIRCLE ( 'NONE', #72, 3.249999999999947597 ) ;
#115 = FACE_OUTER_BOUND ( 'NONE', #1609, .T. ) ;
#116 = CIRCLE ( 'NONE', #304, 5.000000000000000888 ) ;
#117 = CARTESIAN_POINT ( 'NONE',  ( 145.9999999999999716, -154.9999999999999716, 0.0000000000000000000 ) ) ;
#118 = LINE ( 'NONE', #1272, #2208 ) ;
#119 = CARTESIAN_POINT ( 'NONE',  ( 109.5000000000000426, -154.9999999999999716, -2.000000000000000000 ) ) ;
#120 = VECTOR ( 'NONE', #1476, 1000.000000000000000 ) ;
#121 = VECTOR ( 'NONE', #492, 1000.000000000000000 ) ;
#122 = DIRECTION ( 'NONE',  ( 1.000000000000000000, 0.0000000000000000000, 0.0000000000000000000 ) ) ;
#123 = EDGE_CURVE ( 'NONE', #2628, #965, #1380, .T. ) ;
#124 = VECTOR ( 'NONE', #209, 1000.000000000000000 ) ;
#125 = ORIENTED_EDGE ( 'NONE', *, *, #1140, .T. ) ;
#126 = DIRECTION ( 'NONE',  ( 1.000000000000000000, 0.0000000000000000000, 0.0000000000000000000 ) ) ;
#127 = EDGE_CURVE ( 'NONE', #465, #805, #2495, .T. ) ;
#128 = ORIENTED_EDGE ( 'NONE', *, *, #1248, .T. ) ;
#129 = ORIENTED_EDGE ( 'NONE', *, *, #2282, .F. ) ;
#130 = CARTESIAN_POINT ( 'NONE',  ( -127.5000000000000568, 113.2499999999999574, -20.00100000000001188 ) ) ;
#131 = VERTEX_POINT ( 'NONE', #496 ) ;
#132 = ORIENTED_EDGE ( 'NONE', *, *, #2507, .F. ) ;
#133 = AXIS2_PLACEMENT_3D ( 'NONE', #1517, #291, #1963 ) ;
#134 = CARTESIAN_POINT ( 'NONE',  ( -127.5000000000000000, -3.250000000000000000, -2.000000000000000000 ) ) ;
#135 = DIRECTION ( 'NONE',  ( 0.0000000000000000000, 0.0000000000000000000, 1.000000000000000000 ) ) ;
#136 = CARTESIAN_POINT ( 'NONE',  ( 140.9999999999999716, -149.9999999999999716, 0.0000000000000000000 ) ) ;
#137 = DIRECTION ( 'NONE',  ( 0.0000000000000000000, 0.0000000000000000000, 1.000000000000000000 ) ) ;
#138 = DIRECTION ( 'NONE',  ( 1.000000000000000000, 0.0000000000000000000, 0.0000000000000000000 ) ) ;
#139 = ORIENTED_EDGE ( 'NONE', *, *, #1759, .F. ) ;
#140 = DIRECTION ( 'NONE',  ( -0.0000000000000000000, -0.0000000000000000000, 1.000000000000000000 ) ) ;
#141 = ORIENTED_EDGE ( 'NONE', *, *, #1242, .F. ) ;
#142 = EDGE_CURVE ( 'NONE', #350, #2292, #831, .T. ) ;
#143 = DIRECTION ( 'NONE',  ( 0.0000000000000000000, 1.000000000000000000, 3.083952846180981011E-15 ) ) ;
#144 = VECTOR ( 'NONE', #934, 1000.000000000000000 ) ;
#145 = AXIS2_PLACEMENT_3D ( 'NONE', #890, #884, #702 ) ;
#146 = ORIENTED_EDGE ( 'NONE', *, *, #2544, .F. ) ;
#147 = CYLINDRICAL_SURFACE ( 'NONE', #133, 3.249999999999947597 ) ;
#148 = CARTESIAN_POINT ( 'NONE',  ( -107.4999999999999716, -155.0000000000000568, -15.00000000000000711 ) ) ;
#149 = ORIENTED_EDGE ( 'NONE', *, *, #1393, .T. ) ;
#150 = AXIS2_PLACEMENT_3D ( 'NONE', #184, #2480, #2676 ) ;
#151 = LINE ( 'NONE', #970, #438 ) ;
#152 = CYLINDRICAL_SURFACE ( 'NONE', #86, 4.000000000000003553 ) ;
#153 = VECTOR ( 'NONE', #1900, 1000.000000000000000 ) ;
#154 = DIRECTION ( 'NONE',  ( 0.0000000000000000000, -1.000000000000000000, -0.0000000000000000000 ) ) ;
#155 = DIRECTION ( 'NONE',  ( 1.000000000000000000, 0.0000000000000000000, 0.0000000000000000000 ) ) ;
#156 = LINE ( 'NONE', #1832, #1850 ) ;
#157 = DIRECTION ( 'NONE',  ( -0.0000000000000000000, 0.0000000000000000000, -1.000000000000000000 ) ) ;
#158 = ORIENTED_EDGE ( 'NONE', *, *, #2415, .F. ) ;
#159 = EDGE_CURVE ( 'NONE', #805, #94, #1639, .T. ) ;
#160 = DIRECTION ( 'NONE',  ( 3.503246160812042677E-46, 1.000000000000000000, 3.491481338843133355E-15 ) ) ;
#161 = VERTEX_POINT ( 'NONE', #1727 ) ;
#162 = EDGE_LOOP ( 'NONE', ( #1685, #1157, #2508, #809 ) ) ;
#163 = DIRECTION ( 'NONE',  ( -0.0000000000000000000, -0.0000000000000000000, 1.000000000000000000 ) ) ;
#164 = EDGE_CURVE ( 'NONE', #196, #2025, #2079, .T. ) ;
#165 = CARTESIAN_POINT ( 'NONE',  ( 132.5000000000000000, 110.0000000000000000, -20.00100000000001188 ) ) ;
#166 = ORIENTED_EDGE ( 'NONE', *, *, #684, .F. ) ;
#167 = CARTESIAN_POINT ( 'NONE',  ( 127.5000000000000284, -106.7500000000000000, 0.0000000000000000000 ) ) ;
#168 = ORIENTED_EDGE ( 'NONE', *, *, #833, .F. ) ;
#169 = AXIS2_PLACEMENT_3D ( 'NONE', #214, #2061, #2089 ) ;
#170 = DIRECTION ( 'NONE',  ( 1.000000000000000000, 0.0000000000000000000, 0.0000000000000000000 ) ) ;
#171 = DIRECTION ( 'NONE',  ( 1.000000000000000000, 0.0000000000000000000, 0.0000000000000000000 ) ) ;
#172 = ORIENTED_EDGE ( 'NONE', *, *, #1621, .F. ) ;
#173 = CARTESIAN_POINT ( 'NONE',  ( 109.4999999999999858, 154.0000000000000284, 0.0000000000000000000 ) ) ;
#174 = VERTEX_POINT ( 'NONE', #1769 ) ;
#175 = DIRECTION ( 'NONE',  ( 0.0000000000000000000, -0.0000000000000000000, -1.000000000000000000 ) ) ;
#176 = EDGE_CURVE ( 'NONE', #2384, #1607, #1326, .T. ) ;
#177 = APPLICATION_PROTOCOL_DEFINITION ( 'draft international standard', 'automotive_design', 1998, #1590 ) ;
#178 = CARTESIAN_POINT ( 'NONE',  ( -146.0000000000000284, -155.0000000000000000, -2.000000000000000000 ) ) ;
#179 = CARTESIAN_POINT ( 'NONE',  ( -132.5000000000000000, -3.250000000000000000, -20.00100000000001188 ) ) ;
#180 = ORIENTED_EDGE ( 'NONE', *, *, #612, .F. ) ;
#181 = EDGE_CURVE ( 'NONE', #1654, #1422, #2020, .T. ) ;
#182 = VECTOR ( 'NONE', #1611, 1000.000000000000000 ) ;
#183 = EDGE_LOOP ( 'NONE', ( #107, #975, #938, #715 ) ) ;
#184 = CARTESIAN_POINT ( 'NONE',  ( 103.4999999999999574, 4.000000000000025757, -2.000000000000000000 ) ) ;
#185 = CIRCLE ( 'NONE', #2003, 5.000000000000004441 ) ;
#186 = AXIS2_PLACEMENT_3D ( 'NONE', #65, #908, #1292 ) ;
#187 = VECTOR ( 'NONE', #669, 1000.000000000000000 ) ;
#188 = LINE ( 'NONE', #398, #482 ) ;
#189 = DIRECTION ( 'NONE',  ( 1.000000000000000000, 2.775557561562904367E-15, 0.0000000000000000000 ) ) ;
#190 = CARTESIAN_POINT ( 'NONE',  ( 107.5000000000000426, -150.9999999999999716, -3.999999999999957367 ) ) ;
#191 = LINE ( 'NONE', #1162, #799 ) ;
#192 = DIRECTION ( 'NONE',  ( -1.000000000000000000, 0.0000000000000000000, 0.0000000000000000000 ) ) ;
#193 = VECTOR ( 'NONE', #427, 1000.000000000000000 ) ;
#194 = ORIENTED_EDGE ( 'NONE', *, *, #1704, .F. ) ;
#195 = DIRECTION ( 'NONE',  ( -0.0000000000000000000, -0.0000000000000000000, 1.000000000000000000 ) ) ;
#196 = VERTEX_POINT ( 'NONE', #1190 ) ;
#197 = ORIENTED_EDGE ( 'NONE', *, *, #833, .T. ) ;
#198 = DIRECTION ( 'NONE',  ( 9.505334114941503427E-17, -1.000000000000000000, 4.724169043383025044E-15 ) ) ;
#199 = EDGE_CURVE ( 'NONE', #2213, #1481, #224, .T. ) ;
#200 = EDGE_LOOP ( 'NONE', ( #2374, #2697, #778, #264 ) ) ;
#201 = ORIENTED_EDGE ( 'NONE', *, *, #1647, .F. ) ;
#202 = ORIENTED_EDGE ( 'NONE', *, *, #2327, .F. ) ;
#203 = CARTESIAN_POINT ( 'NONE',  ( -132.5000000000000000, -113.2500000000000142, 0.0000000000000000000 ) ) ;
#204 = AXIS2_PLACEMENT_3D ( 'NONE', #517, #1122, #1148 ) ;
#205 = DIRECTION ( 'NONE',  ( -1.000000000000000000, 0.0000000000000000000, 0.0000000000000000000 ) ) ;
#206 = VERTEX_POINT ( 'NONE', #1001 ) ;
#207 = AXIS2_PLACEMENT_3D ( 'NONE', #525, #112, #2407 ) ;
#208 = DIRECTION ( 'NONE',  ( 0.0000000000000000000, 0.0000000000000000000, 1.000000000000000000 ) ) ;
#209 = DIRECTION ( 'NONE',  ( -0.0000000000000000000, -0.0000000000000000000, 1.000000000000000000 ) ) ;
#210 = PLANE ( 'NONE',  #486 ) ;
#211 = EDGE_CURVE ( 'NONE', #2134, #458, #2406, .T. ) ;
#212 = LINE ( 'NONE', #1995, #144 ) ;
#213 = ADVANCED_FACE ( 'NONE', ( #1599 ), #810, .F. ) ;
#214 = CARTESIAN_POINT ( 'NONE',  ( 0.0000000000000000000, 153.0000000000000284, 4.780126911580521080E-13 ) ) ;
#215 = CARTESIAN_POINT ( 'NONE',  ( 145.9999999999999716, -154.9999999999999716, -2.000000000000000000 ) ) ;
#216 = FACE_OUTER_BOUND ( 'NONE', #231, .T. ) ;
#217 = AXIS2_PLACEMENT_3D ( 'NONE', #653, #1681, #2322 ) ;
#218 = DIRECTION ( 'NONE',  ( -0.0000000000000000000, 0.0000000000000000000, -1.000000000000000000 ) ) ;
#219 = LINE ( 'NONE', #2577, #1463 ) ;
#220 = CARTESIAN_POINT ( 'NONE',  ( -132.5000000000000000, 0.0000000000000000000, -2.000000000000001776 ) ) ;
#221 = AXIS2_PLACEMENT_3D ( 'NONE', #701, #2376, #1750 ) ;
#222 = ORIENTED_EDGE ( 'NONE', *, *, #1414, .T. ) ;
#223 = CARTESIAN_POINT ( 'NONE',  ( 109.4999999999999858, 155.0000000000000284, -2.000000000000000000 ) ) ;
#224 = LINE ( 'NONE', #972, #1098 ) ;
#225 = ORIENTED_EDGE ( 'NONE', *, *, #2448, .F. ) ;
#226 = CARTESIAN_POINT ( 'NONE',  ( 132.5000000000000000, 106.7500000000000711, 0.0000000000000000000 ) ) ;
#227 = VERTEX_POINT ( 'NONE', #3 ) ;
#228 = DIRECTION ( 'NONE',  ( 1.000000000000000000, 0.0000000000000000000, 0.0000000000000000000 ) ) ;
#229 = VERTEX_POINT ( 'NONE', #2261 ) ;
#230 = DIRECTION ( 'NONE',  ( 1.000000000000000000, 0.0000000000000000000, 0.0000000000000000000 ) ) ;
#231 = EDGE_LOOP ( 'NONE', ( #518, #1480, #940, #1441 ) ) ;
#232 = CARTESIAN_POINT ( 'NONE',  ( -107.4999999999999858, 151.0000000000000284, -1.999999999999952260 ) ) ;
#233 = EDGE_CURVE ( 'NONE', #499, #2601, #259, .T. ) ;
#234 = ORIENTED_EDGE ( 'NONE', *, *, #2685, .F. ) ;
#235 = VERTEX_POINT ( 'NONE', #2460 ) ;
#236 = AXIS2_PLACEMENT_3D ( 'NONE', #754, #1335, #122 ) ;
#237 = DIRECTION ( 'NONE',  ( 1.000000000000000000, -2.775557561562904367E-15, -0.0000000000000000000 ) ) ;
#238 = ORIENTED_EDGE ( 'NONE', *, *, #2382, .T. ) ;
#239 = ADVANCED_FACE ( 'NONE', ( #1567 ), #1208, .F. ) ;
#240 = CARTESIAN_POINT ( 'NONE',  ( 145.9999999999999716, 155.0000000000000284, 0.0000000000000000000 ) ) ;
#241 = CARTESIAN_POINT ( 'NONE',  ( -132.5000000000000000, 113.2499999999999574, -20.00100000000001188 ) ) ;
#242 = SHAPE_DEFINITION_REPRESENTATION ( #1538, #963 ) ;
#243 = DIRECTION ( 'NONE',  ( 0.0000000000000000000, -0.0000000000000000000, -1.000000000000000000 ) ) ;
#244 = CIRCLE ( 'NONE', #2024, 0.5000000000000004441 ) ;
#245 = CARTESIAN_POINT ( 'NONE',  ( -107.5000000000000000, 155.0000000000000853, -15.00000000000000000 ) ) ;
#246 = VERTEX_POINT ( 'NONE', #1615 ) ;
#247 = EDGE_CURVE ( 'NONE', #329, #1654, #552, .T. ) ;
#248 = VECTOR ( 'NONE', #1821, 1000.000000000000000 ) ;
#249 = CIRCLE ( 'NONE', #2584, 1.000000000000000888 ) ;
#250 = DIRECTION ( 'NONE',  ( 0.0000000000000000000, 0.0000000000000000000, 1.000000000000000000 ) ) ;
#251 = VECTOR ( 'NONE', #2333, 1000.000000000000000 ) ;
#252 = VECTOR ( 'NONE', #2070, 1000.000000000000000 ) ;
#253 = CARTESIAN_POINT ( 'NONE',  ( -146.0000000000000284, 150.0000000000000568, 0.0000000000000000000 ) ) ;
#254 = DIRECTION ( 'NONE',  ( 0.0000000000000000000, -1.000000000000000000, 0.0000000000000000000 ) ) ;
#255 = CYLINDRICAL_SURFACE ( 'NONE', #145, 3.250000000000016875 ) ;
#256 = ORIENTED_EDGE ( 'NONE', *, *, #1719, .T. ) ;
#257 = ADVANCED_FACE ( 'NONE', ( #2433 ), #580, .F. ) ;
#258 = CARTESIAN_POINT ( 'NONE',  ( -107.4999999999999858, -149.9999999999999716, -1.999999999999955813 ) ) ;
#259 = LINE ( 'NONE', #1407, #2187 ) ;
#260 = CARTESIAN_POINT ( 'NONE',  ( 145.9999999999999716, 150.0000000000000284, -2.000000000000000000 ) ) ;
#261 = DIRECTION ( 'NONE',  ( 0.0000000000000000000, -0.0000000000000000000, 1.000000000000000000 ) ) ;
#262 = ORIENTED_EDGE ( 'NONE', *, *, #1504, .T. ) ;
#263 = VERTEX_POINT ( 'NONE', #2280 ) ;
#264 = ORIENTED_EDGE ( 'NONE', *, *, #1704, .T. ) ;
#265 = EDGE_CURVE ( 'NONE', #2088, #2653, #1438, .T. ) ;
#266 = DIRECTION ( 'NONE',  ( -0.0000000000000000000, -0.0000000000000000000, 1.000000000000000000 ) ) ;
#267 = ORIENTED_EDGE ( 'NONE', *, *, #2675, .F. ) ;
#268 = ADVANCED_FACE ( 'NONE', ( #2154 ), #514, .T. ) ;
#269 = CARTESIAN_POINT ( 'NONE',  ( 107.5000000000000284, -155.0000000000000284, -15.00000000000000711 ) ) ;
#270 = EDGE_CURVE ( 'NONE', #1929, #2432, #156, .T. ) ;
#271 = CARTESIAN_POINT ( 'NONE',  ( -127.5000000000000284, 110.0000000000000000, -2.000000000000001776 ) ) ;
#272 = ORIENTED_EDGE ( 'NONE', *, *, #872, .F. ) ;
#273 = AXIS2_PLACEMENT_3D ( 'NONE', #1680, #1048, #2506 ) ;
#274 = CARTESIAN_POINT ( 'NONE',  ( -108.4999999999999858, 150.0000000000000284, 0.0000000000000000000 ) ) ;
#275 = CARTESIAN_POINT ( 'NONE',  ( -132.5000000000000000, 113.2499999999999574, 0.0000000000000000000 ) ) ;
#276 = LINE ( 'NONE', #2466, #1976 ) ;
#277 = ORIENTED_EDGE ( 'NONE', *, *, #1534, .T. ) ;
#278 = LINE ( 'NONE', #1370, #824 ) ;
#279 = ADVANCED_FACE ( 'NONE', ( #1886 ), #1741, .F. ) ;
#280 = LINE ( 'NONE', #505, #1321 ) ;
#281 = LINE ( 'NONE', #830, #1431 ) ;
#282 = EDGE_CURVE ( 'NONE', #1865, #2432, #709, .T. ) ;
#283 = LINE ( 'NONE', #117, #549 ) ;
#284 = PLANE ( 'NONE',  #221 ) ;
#285 = DIRECTION ( 'NONE',  ( -0.0000000000000000000, 0.0000000000000000000, 1.000000000000000000 ) ) ;
#286 = AXIS2_PLACEMENT_3D ( 'NONE', #1512, #288, #1494 ) ;
#287 = FACE_OUTER_BOUND ( 'NONE', #1884, .T. ) ;
#288 = DIRECTION ( 'NONE',  ( 1.000000000000000000, 0.0000000000000000000, -0.0000000000000000000 ) ) ;
#289 = VERTEX_POINT ( 'NONE', #1215 ) ;
#290 = PRODUCT_RELATED_PRODUCT_CATEGORY ( 'part', '', ( #2654 ) ) ;
#291 = DIRECTION ( 'NONE',  ( -0.0000000000000000000, -0.0000000000000000000, 1.000000000000000000 ) ) ;
#292 = ORIENTED_EDGE ( 'NONE', *, *, #579, .F. ) ;
#293 = ADVANCED_FACE ( 'NONE', ( #2377 ), #2680, .T. ) ;
#294 = CARTESIAN_POINT ( 'NONE',  ( -127.5000000000000284, -110.0000000000000995, 0.0000000000000000000 ) ) ;
#295 = EDGE_LOOP ( 'NONE', ( #2166, #1860, #2263, #1192, #2359 ) ) ;
#296 = DIRECTION ( 'NONE',  ( 0.0000000000000000000, -0.0000000000000000000, 1.000000000000000000 ) ) ;
#297 = CARTESIAN_POINT ( 'NONE',  ( 145.9999999999999716, 155.0000000000000284, -2.000000000000000000 ) ) ;
#298 = EDGE_CURVE ( 'NONE', #1481, #1274, #1191, .T. ) ;
#299 = DIRECTION ( 'NONE',  ( -0.0000000000000000000, -0.0000000000000000000, 1.000000000000000000 ) ) ;
#300 = EDGE_CURVE ( 'NONE', #1422, #2163, #2312, .T. ) ;
#301 = ORIENTED_EDGE ( 'NONE', *, *, #1286, .T. ) ;
#302 = CARTESIAN_POINT ( 'NONE',  ( -107.4999999999999858, -149.9999999999999716, -1.999999999999955813 ) ) ;
#303 = CARTESIAN_POINT ( 'NONE',  ( -127.5000000000000568, 106.7500000000000711, -2.000000000000000000 ) ) ;
#304 = AXIS2_PLACEMENT_3D ( 'NONE', #1918, #2119, #649 ) ;
#305 = ADVANCED_FACE ( 'NONE', ( #2245 ), #2110, .T. ) ;
#306 = EDGE_LOOP ( 'NONE', ( #1783, #1261, #330, #1606, #388 ) ) ;
#307 = DIRECTION ( 'NONE',  ( -0.0000000000000000000, -1.000000000000000000, -0.0000000000000000000 ) ) ;
#308 = FACE_OUTER_BOUND ( 'NONE', #650, .T. ) ;
#309 = CARTESIAN_POINT ( 'NONE',  ( -127.5000000000000568, 113.2499999999999574, 0.0000000000000000000 ) ) ;
#310 = VECTOR ( 'NONE', #717, 1000.000000000000000 ) ;
#311 = CIRCLE ( 'NONE', #1650, 5.000000000000004441 ) ;
#312 = CARTESIAN_POINT ( 'NONE',  ( 145.9999999999999716, -154.9999999999999716, -2.000000000000000000 ) ) ;
#313 = ORIENTED_EDGE ( 'NONE', *, *, #1446, .T. ) ;
#314 = EDGE_CURVE ( 'NONE', #235, #1357, #1121, .T. ) ;
#315 = CARTESIAN_POINT ( 'NONE',  ( 145.9999999999999716, -154.9999999999999716, 0.0000000000000000000 ) ) ;
#316 = VECTOR ( 'NONE', #53, 1000.000000000000000 ) ;
#317 = VECTOR ( 'NONE', #1270, 1000.000000000000000 ) ;
#318 = FACE_OUTER_BOUND ( 'NONE', #1328, .T. ) ;
#319 = EDGE_CURVE ( 'NONE', #2619, #1863, #1293, .T. ) ;
#320 = CARTESIAN_POINT ( 'NONE',  ( -127.5000000000000000, 0.0000000000000000000, -20.00100000000001188 ) ) ;
#321 = ORIENTED_EDGE ( 'NONE', *, *, #698, .F. ) ;
#322 = VERTEX_POINT ( 'NONE', #1853 ) ;
#323 = AXIS2_PLACEMENT_3D ( 'NONE', #312, #1755, #2004 ) ;
#324 = ORIENTED_EDGE ( 'NONE', *, *, #127, .T. ) ;
#325 = CARTESIAN_POINT ( 'NONE',  ( -127.5000000000000284, -110.0000000000000995, -2.000000000000001776 ) ) ;
#326 = ORIENTED_EDGE ( 'NONE', *, *, #2136, .F. ) ;
#327 = VERTEX_POINT ( 'NONE', #1280 ) ;
#328 = PLANE ( 'NONE',  #1915 ) ;
#329 = VERTEX_POINT ( 'NONE', #1646 ) ;
#330 = ORIENTED_EDGE ( 'NONE', *, *, #9, .F. ) ;
#331 = DIRECTION ( 'NONE',  ( 1.000000000000000000, 0.0000000000000000000, 0.0000000000000000000 ) ) ;
#332 = DIRECTION ( 'NONE',  ( -0.0000000000000000000, 0.0000000000000000000, -1.000000000000000000 ) ) ;
#333 = EDGE_CURVE ( 'NONE', #1197, #2378, #1778, .T. ) ;
#334 = ORIENTED_EDGE ( 'NONE', *, *, #300, .F. ) ;
#335 = CARTESIAN_POINT ( 'NONE',  ( -108.4999999999999858, 154.0000000000000284, -1.999999999999971356 ) ) ;
#336 = EDGE_LOOP ( 'NONE', ( #1871, #909, #394, #412, #1263 ) ) ;
#337 = AXIS2_PLACEMENT_3D ( 'NONE', #1608, #2293, #2681 ) ;
#338 = VERTEX_POINT ( 'NONE', #1653 ) ;
#339 = CARTESIAN_POINT ( 'NONE',  ( 127.5000000000000568, 113.2499999999999574, -20.00100000000001188 ) ) ;
#340 = DIRECTION ( 'NONE',  ( -1.000000000000000000, 0.0000000000000000000, 0.0000000000000000000 ) ) ;
#341 = LINE ( 'NONE', #395, #697 ) ;
#342 = AXIS2_PLACEMENT_3D ( 'NONE', #1800, #157, #2451 ) ;
#343 = FACE_OUTER_BOUND ( 'NONE', #2091, .T. ) ;
#344 = DIRECTION ( 'NONE',  ( 0.0000000000000000000, 1.000000000000000000, 3.035766082959409654E-15 ) ) ;
#345 = DIRECTION ( 'NONE',  ( 1.000000000000000000, 0.0000000000000000000, 0.0000000000000000000 ) ) ;
#346 = VECTOR ( 'NONE', #682, 1000.000000000000000 ) ;
#347 = CARTESIAN_POINT ( 'NONE',  ( -141.0000000000000000, -150.0000000000000000, -2.000000000000000000 ) ) ;
#348 = LINE ( 'NONE', #2429, #2616 ) ;
#349 = CIRCLE ( 'NONE', #655, 5.000000000000000888 ) ;
#350 = VERTEX_POINT ( 'NONE', #1249 ) ;
#351 = DIRECTION ( 'NONE',  ( -0.0000000000000000000, 0.0000000000000000000, -1.000000000000000000 ) ) ;
#352 = EDGE_CURVE ( 'NONE', #100, #2163, #680, .T. ) ;
#353 = CIRCLE ( 'NONE', #1683, 3.250000000000002665 ) ;
#354 = CARTESIAN_POINT ( 'NONE',  ( -132.5000000000000000, 110.0000000000000000, -20.00100000000001188 ) ) ;
#355 = AXIS2_PLACEMENT_3D ( 'NONE', #215, #1910, #631 ) ;
#356 = ORIENTED_EDGE ( 'NONE', *, *, #973, .F. ) ;
#357 = EDGE_LOOP ( 'NONE', ( #2353, #645, #416, #1855 ) ) ;
#358 = CARTESIAN_POINT ( 'NONE',  ( -127.5000000000000000, 3.250000000000000000, -20.00100000000001188 ) ) ;
#359 = DIRECTION ( 'NONE',  ( 1.000000000000000000, 0.0000000000000000000, 0.0000000000000000000 ) ) ;
#360 = ORIENTED_EDGE ( 'NONE', *, *, #2015, .T. ) ;
#361 = ORIENTED_EDGE ( 'NONE', *, *, #21, .F. ) ;
#362 = AXIS2_PLACEMENT_3D ( 'NONE', #1652, #1026, #1415 ) ;
#363 = ORIENTED_EDGE ( 'NONE', *, *, #2349, .T. ) ;
#364 = ORIENTED_EDGE ( 'NONE', *, *, #544, .F. ) ;
#365 = DIRECTION ( 'NONE',  ( 0.0000000000000000000, 0.0000000000000000000, 1.000000000000000000 ) ) ;
#366 = ORIENTED_EDGE ( 'NONE', *, *, #2264, .T. ) ;
#367 = EDGE_CURVE ( 'NONE', #131, #2628, #745, .T. ) ;
#368 = DIRECTION ( 'NONE',  ( -0.0000000000000000000, -0.0000000000000000000, 1.000000000000000000 ) ) ;
#369 = FILL_AREA_STYLE ('',( #1153 ) ) ;
#370 = AXIS2_PLACEMENT_3D ( 'NONE', #26, #77, #469 ) ;
#371 = FACE_OUTER_BOUND ( 'NONE', #1713, .T. ) ;
#372 = CIRCLE ( 'NONE', #1761, 5.000000000000004441 ) ;
#373 = CARTESIAN_POINT ( 'NONE',  ( 127.5000000000000284, -113.2500000000000995, -20.00100000000001188 ) ) ;
#374 = FACE_OUTER_BOUND ( 'NONE', #456, .T. ) ;
#375 = LINE ( 'NONE', #269, #2522 ) ;
#376 = CARTESIAN_POINT ( 'NONE',  ( 140.9999999999999716, 150.0000000000000284, 0.0000000000000000000 ) ) ;
#377 = VECTOR ( 'NONE', #534, 1000.000000000000000 ) ;
#378 = EDGE_LOOP ( 'NONE', ( #1535, #172, #2055, #194 ) ) ;
#379 = CARTESIAN_POINT ( 'NONE',  ( 107.5000000000000426, -154.9999999999999716, -3.999999999999938716 ) ) ;
#380 = EDGE_CURVE ( 'NONE', #1549, #1993, #1223, .T. ) ;
#381 = DIRECTION ( 'NONE',  ( 0.0000000000000000000, -3.491481338843133355E-15, 1.000000000000000000 ) ) ;
#382 = ORIENTED_EDGE ( 'NONE', *, *, #2314, .F. ) ;
#383 = ORIENTED_EDGE ( 'NONE', *, *, #1368, .F. ) ;
#384 = AXIS2_PLACEMENT_3D ( 'NONE', #2331, #2080, #2514 ) ;
#385 = ADVANCED_FACE ( 'NONE', ( #30 ), #1239, .F. ) ;
#386 = ORIENTED_EDGE ( 'NONE', *, *, #1232, .T. ) ;
#387 = CARTESIAN_POINT ( 'NONE',  ( 107.5000000000000000, 155.0000000000000853, -20.00000000000000355 ) ) ;
#388 = ORIENTED_EDGE ( 'NONE', *, *, #2561, .F. ) ;
#389 = ORIENTED_EDGE ( 'NONE', *, *, #1110, .F. ) ;
#390 = DIRECTION ( 'NONE',  ( 0.0000000000000000000, 0.0000000000000000000, 1.000000000000000000 ) ) ;
#391 = DIRECTION ( 'NONE',  ( 0.0000000000000000000, 0.0000000000000000000, 1.000000000000000000 ) ) ;
#392 = ORIENTED_EDGE ( 'NONE', *, *, #1927, .F. ) ;
#393 = CARTESIAN_POINT ( 'NONE',  ( 135.7500000000000000, -110.0000000000000995, -2.000000000000001776 ) ) ;
#394 = ORIENTED_EDGE ( 'NONE', *, *, #1414, .F. ) ;
#395 = CARTESIAN_POINT ( 'NONE',  ( -124.2500000000000000, 0.0000000000000000000, -20.00100000000001188 ) ) ;
#396 = ORIENTED_EDGE ( 'NONE', *, *, #1354, .T. ) ;
#397 = EDGE_CURVE ( 'NONE', #2224, #2128, #1151, .T. ) ;
#398 = CARTESIAN_POINT ( 'NONE',  ( -127.5000000000000284, -106.7500000000000000, -20.00100000000001188 ) ) ;
#399 = DIRECTION ( 'NONE',  ( 1.000000000000000000, -0.0000000000000000000, -0.0000000000000000000 ) ) ;
#400 = LINE ( 'NONE', #1762, #2395 ) ;
#401 = EDGE_CURVE ( 'NONE', #1865, #206, #2405, .T. ) ;
#402 = CIRCLE ( 'NONE', #1521, 5.000000000000004441 ) ;
#403 = DIRECTION ( 'NONE',  ( -0.0000000000000000000, -1.000000000000000000, 4.625929269271471123E-15 ) ) ;
#404 = CARTESIAN_POINT ( 'NONE',  ( -132.5000000000000000, 106.7500000000000711, -20.00100000000001188 ) ) ;
#405 = LINE ( 'NONE', #1691, #2553 ) ;
#406 = MECHANICAL_DESIGN_GEOMETRIC_PRESENTATION_REPRESENTATION (  '', ( #998 ), #2498 ) ;
#407 = VECTOR ( 'NONE', #759, 1000.000000000000000 ) ;
#408 = LINE ( 'NONE', #1339, #1246 ) ;
#409 = CARTESIAN_POINT ( 'NONE',  ( -107.4999999999999858, 151.0000000000000284, -1.999999999999952260 ) ) ;
#410 = DIRECTION ( 'NONE',  ( -0.0000000000000000000, 1.000000000000000000, 0.0000000000000000000 ) ) ;
#411 = CYLINDRICAL_SURFACE ( 'NONE', #370, 3.249999999999947597 ) ;
#412 = ORIENTED_EDGE ( 'NONE', *, *, #1327, .F. ) ;
#413 = CYLINDRICAL_SURFACE ( 'NONE', #722, 1.000000000000000888 ) ;
#414 = ADVANCED_FACE ( 'NONE', ( #2592 ), #10, .T. ) ;
#415 = DIRECTION ( 'NONE',  ( -1.000000000000000000, 2.691890953078265677E-30, -7.709882115452451542E-16 ) ) ;
#416 = ORIENTED_EDGE ( 'NONE', *, *, #1740, .F. ) ;
#417 = PLANE ( 'NONE',  #2695 ) ;
#418 = ORIENTED_EDGE ( 'NONE', *, *, #476, .T. ) ;
#419 = CARTESIAN_POINT ( 'NONE',  ( -132.5000000000000000, -3.250000000000000000, 0.0000000000000000000 ) ) ;
#420 = EDGE_CURVE ( 'NONE', #1645, #1815, #865, .T. ) ;
#421 = ORIENTED_EDGE ( 'NONE', *, *, #582, .F. ) ;
#422 = EDGE_LOOP ( 'NONE', ( #267, #361, #1822, #5 ) ) ;
#423 = CARTESIAN_POINT ( 'NONE',  ( 109.4999999999999858, 155.0000000000000284, 0.0000000000000000000 ) ) ;
#424 = VERTEX_POINT ( 'NONE', #624 ) ;
#425 = AXIS2_PLACEMENT_3D ( 'NONE', #2075, #1235, #205 ) ;
#426 = ADVANCED_FACE ( 'NONE', ( #2492 ), #1899, .F. ) ;
#427 = DIRECTION ( 'NONE',  ( 0.0000000000000000000, 0.0000000000000000000, 1.000000000000000000 ) ) ;
#428 = CARTESIAN_POINT ( 'NONE',  ( 108.5000000000000426, -149.9999999999999716, -1.999999999999955813 ) ) ;
#429 = DIRECTION ( 'NONE',  ( -1.000000000000000000, 0.0000000000000000000, 0.0000000000000000000 ) ) ;
#430 = ORIENTED_EDGE ( 'NONE', *, *, #2629, .F. ) ;
#431 = EDGE_CURVE ( 'NONE', #1935, #2384, #829, .T. ) ;
#432 = CIRCLE ( 'NONE', #2402, 1.000000000000000888 ) ;
#433 = CARTESIAN_POINT ( 'NONE',  ( -132.5000000000000000, -3.250000000000000000, 0.0000000000000000000 ) ) ;
#434 = CARTESIAN_POINT ( 'NONE',  ( -102.4999999999999716, -155.0000000000000568, -20.00000000000000355 ) ) ;
#435 = CIRCLE ( 'NONE', #1690, 1.000000000000000888 ) ;
#436 = EDGE_CURVE ( 'NONE', #2224, #1865, #1348, .T. ) ;
#437 = CARTESIAN_POINT ( 'NONE',  ( 132.5000000000000000, -110.0000000000000995, -20.00100000000001188 ) ) ;
#438 = VECTOR ( 'NONE', #788, 1000.000000000000000 ) ;
#439 = DIRECTION ( 'NONE',  ( -0.0000000000000000000, -0.0000000000000000000, -1.000000000000000000 ) ) ;
#440 = LINE ( 'NONE', #1144, #1767 ) ;
#441 = ADVANCED_FACE ( 'NONE', ( #2559 ), #411, .F. ) ;
#442 = AXIS2_PLACEMENT_3D ( 'NONE', #2180, #2385, #2171 ) ;
#443 = LINE ( 'NONE', #1617, #1346 ) ;
#444 = LINE ( 'NONE', #240, #2404 ) ;
#445 = CARTESIAN_POINT ( 'NONE',  ( -107.5000000000000000, 155.0000000000000853, -15.00000000000000000 ) ) ;
#446 = CYLINDRICAL_SURFACE ( 'NONE', #1386, 3.249999999999947597 ) ;
#447 = DIRECTION ( 'NONE',  ( 1.000000000000000000, 0.0000000000000000000, 0.0000000000000000000 ) ) ;
#448 = DIRECTION ( 'NONE',  ( 0.0000000000000000000, -1.000000000000000000, 3.491481338843133355E-15 ) ) ;
#449 = ORIENTED_EDGE ( 'NONE', *, *, #397, .T. ) ;
#450 = CARTESIAN_POINT ( 'NONE',  ( -132.5000000000000000, 0.0000000000000000000, -20.00100000000001188 ) ) ;
#451 = CARTESIAN_POINT ( 'NONE',  ( -109.4999999999999858, 154.0000000000000284, -1.999999999999952260 ) ) ;
#452 = VERTEX_POINT ( 'NONE', #2545 ) ;
#453 = ORIENTED_EDGE ( 'NONE', *, *, #2049, .T. ) ;
#454 = CARTESIAN_POINT ( 'NONE',  ( 132.5000000000000000, 110.0000000000000000, 0.0000000000000000000 ) ) ;
#455 = EDGE_CURVE ( 'NONE', #1577, #2269, #1919, .T. ) ;
#456 = EDGE_LOOP ( 'NONE', ( #1046, #2369, #535, #71 ) ) ;
#457 = ORIENTED_EDGE ( 'NONE', *, *, #1909, .T. ) ;
#458 = VERTEX_POINT ( 'NONE', #2564 ) ;
#459 = CARTESIAN_POINT ( 'NONE',  ( 108.4999999999999858, 150.0000000000000284, -1.999999999999952260 ) ) ;
#460 = EDGE_CURVE ( 'NONE', #263, #100, #1221, .T. ) ;
#461 = ORIENTED_EDGE ( 'NONE', *, *, #314, .T. ) ;
#462 = EDGE_LOOP ( 'NONE', ( #1448, #691, #4, #1787 ) ) ;
#463 = AXIS2_PLACEMENT_3D ( 'NONE', #437, #1674, #1052 ) ;
#464 = CARTESIAN_POINT ( 'NONE',  ( -127.5000000000000000, -3.250000000000000000, 0.0000000000000000000 ) ) ;
#465 = VERTEX_POINT ( 'NONE', #1931 ) ;
#466 = CARTESIAN_POINT ( 'NONE',  ( 108.5000000000000426, -149.9999999999999716, 0.0000000000000000000 ) ) ;
#467 = ORIENTED_EDGE ( 'NONE', *, *, #718, .T. ) ;
#468 = CARTESIAN_POINT ( 'NONE',  ( -132.5000000000000000, 0.0000000000000000000, 0.0000000000000000000 ) ) ;
#469 = DIRECTION ( 'NONE',  ( 1.000000000000000000, 0.0000000000000000000, 0.0000000000000000000 ) ) ;
#470 = CIRCLE ( 'NONE', #1578, 5.000000000000004441 ) ;
#471 = CARTESIAN_POINT ( 'NONE',  ( 107.4999999999999858, 151.0000000000000284, 4.770489558936219510E-14 ) ) ;
#472 = ADVANCED_FACE ( 'NONE', ( #318 ), #1080, .T. ) ;
#473 = ORIENTED_EDGE ( 'NONE', *, *, #1383, .F. ) ;
#474 = DIRECTION ( 'NONE',  ( 9.505334114941408517E-17, -1.000000000000000000, 3.491481338843133355E-15 ) ) ;
#475 = VERTEX_POINT ( 'NONE', #2556 ) ;
#476 = EDGE_CURVE ( 'NONE', #338, #2412, #768, .T. ) ;
#477 = LINE ( 'NONE', #1213, #2113 ) ;
#478 = CYLINDRICAL_SURFACE ( 'NONE', #2548, 3.250000000000002665 ) ;
#479 = CARTESIAN_POINT ( 'NONE',  ( 103.4999999999999574, 4.000000000000025757, -2.000000000000000000 ) ) ;
#480 = CARTESIAN_POINT ( 'NONE',  ( 107.5000000000000284, -153.0000000000000568, -20.00000000000001066 ) ) ;
#481 = CIRCLE ( 'NONE', #1573, 5.000000000000004441 ) ;
#482 = VECTOR ( 'NONE', #2475, 1000.000000000000000 ) ;
#483 = AXIS2_PLACEMENT_3D ( 'NONE', #1826, #1396, #1442 ) ;
#484 = DIRECTION ( 'NONE',  ( -0.0000000000000000000, 0.0000000000000000000, -1.000000000000000000 ) ) ;
#485 = FACE_BOUND ( 'NONE', #306, .T. ) ;
#486 = AXIS2_PLACEMENT_3D ( 'NONE', #1021, #1658, #595 ) ;
#487 = VECTOR ( 'NONE', #2352, 1000.000000000000000 ) ;
#488 = CARTESIAN_POINT ( 'NONE',  ( 103.4999999999999574, -43.99999999999997868, -2.000000000000000000 ) ) ;
#489 = ADVANCED_FACE ( 'NONE', ( #1984 ), #255, .F. ) ;
#490 = CARTESIAN_POINT ( 'NONE',  ( -109.4999999999999858, -154.0000000000000000, -2.000000000000000000 ) ) ;
#491 = EDGE_LOOP ( 'NONE', ( #2441, #2643, #201, #939, #41 ) ) ;
#492 = DIRECTION ( 'NONE',  ( 1.000000000000000000, 2.085069290154172758E-45, 4.507352293526412556E-31 ) ) ;
#493 = ORIENTED_EDGE ( 'NONE', *, *, #1605, .F. ) ;
#494 = ORIENTED_EDGE ( 'NONE', *, *, #2121, .F. ) ;
#495 = ORIENTED_EDGE ( 'NONE', *, *, #872, .T. ) ;
#496 = CARTESIAN_POINT ( 'NONE',  ( -141.0000000000000000, 155.0000000000000284, -2.000000000000000000 ) ) ;
#497 = EDGE_CURVE ( 'NONE', #229, #1889, #959, .T. ) ;
#498 = DIRECTION ( 'NONE',  ( 0.0000000000000000000, 0.0000000000000000000, 1.000000000000000000 ) ) ;
#499 = VERTEX_POINT ( 'NONE', #2172 ) ;
#500 = AXIS2_PLACEMENT_3D ( 'NONE', #832, #1079, #447 ) ;
#501 = ADVANCED_FACE ( 'NONE', ( #741 ), #1563, .F. ) ;
#502 = DIRECTION ( 'NONE',  ( -1.000000000000000000, 0.0000000000000000000, 0.0000000000000000000 ) ) ;
#503 = DIRECTION ( 'NONE',  ( 1.000000000000000000, 0.0000000000000000000, 0.0000000000000000000 ) ) ;
#504 = DIRECTION ( 'NONE',  ( -0.0000000000000000000, 0.0000000000000000000, 1.000000000000000000 ) ) ;
#505 = CARTESIAN_POINT ( 'NONE',  ( 103.4999999999999574, -48.99999999999997158, -2.000000000000000000 ) ) ;
#506 = VECTOR ( 'NONE', #33, 1000.000000000000000 ) ;
#507 = ORIENTED_EDGE ( 'NONE', *, *, #751, .T. ) ;
#508 = LINE ( 'NONE', #950, #1913 ) ;
#509 = LINE ( 'NONE', #119, #2651 ) ;
#510 = EDGE_CURVE ( 'NONE', #566, #499, #997, .T. ) ;
#511 = LINE ( 'NONE', #2127, #153 ) ;
#512 = DIRECTION ( 'NONE',  ( -0.0000000000000000000, 0.0000000000000000000, -1.000000000000000000 ) ) ;
#513 = AXIS2_PLACEMENT_3D ( 'NONE', #1794, #126, #344 ) ;
#514 = CYLINDRICAL_SURFACE ( 'NONE', #1359, 5.000000000000004441 ) ;
#515 = PLANE ( 'NONE',  #2533 ) ;
#516 = EDGE_LOOP ( 'NONE', ( #1912, #467, #1676, #1135 ) ) ;
#517 = CARTESIAN_POINT ( 'NONE',  ( -109.4999999999999858, -154.0000000000000000, -2.000000000000000000 ) ) ;
#518 = ORIENTED_EDGE ( 'NONE', *, *, #1890, .F. ) ;
#519 = ORIENTED_EDGE ( 'NONE', *, *, #1584, .T. ) ;
#520 = UNCERTAINTY_MEASURE_WITH_UNIT (LENGTH_MEASURE( 1.000000000000000082E-05 ), #2035, 'distance_accuracy_value', 'NONE');
#521 = CARTESIAN_POINT ( 'NONE',  ( -107.4999999999999858, -150.9999999999999716, -3.999999999999957367 ) ) ;
#522 = ORIENTED_EDGE ( 'NONE', *, *, #2411, .F. ) ;
#523 = VERTEX_POINT ( 'NONE', #1714 ) ;
#524 = VERTEX_POINT ( 'NONE', #1724 ) ;
#525 = CARTESIAN_POINT ( 'NONE',  ( 132.5000000000000000, 113.2499999999999574, -20.00100000000001188 ) ) ;
#526 = DIRECTION ( 'NONE',  ( 1.000000000000000000, 0.0000000000000000000, 0.0000000000000000000 ) ) ;
#527 = ORIENTED_EDGE ( 'NONE', *, *, #270, .F. ) ;
#528 = EDGE_CURVE ( 'NONE', #2269, #2057, #2524, .T. ) ;
#529 = EDGE_LOOP ( 'NONE', ( #1163, #1749, #627, #1751 ) ) ;
#530 = DIRECTION ( 'NONE',  ( 0.0000000000000000000, -0.0000000000000000000, 1.000000000000000000 ) ) ;
#531 = DIRECTION ( 'NONE',  ( 0.0000000000000000000, 1.000000000000000000, 3.035766082959409654E-15 ) ) ;
#532 = AXIS2_PLACEMENT_3D ( 'NONE', #784, #1394, #391 ) ;
#533 = CARTESIAN_POINT ( 'NONE',  ( 107.4999999999999858, 150.0000000000000284, -1.999999999999952260 ) ) ;
#534 = DIRECTION ( 'NONE',  ( 1.000000000000000000, -2.775557561562904367E-15, 0.0000000000000000000 ) ) ;
#535 = ORIENTED_EDGE ( 'NONE', *, *, #1514, .F. ) ;
#536 = LINE ( 'NONE', #854, #1241 ) ;
#537 = DIRECTION ( 'NONE',  ( -1.000000000000000000, 0.0000000000000000000, 0.0000000000000000000 ) ) ;
#538 = ORIENTED_EDGE ( 'NONE', *, *, #550, .T. ) ;
#539 = LINE ( 'NONE', #712, #2688 ) ;
#540 = LINE ( 'NONE', #976, #699 ) ;
#541 = PLANE ( 'NONE',  #1034 ) ;
#542 = CARTESIAN_POINT ( 'NONE',  ( -141.0000000000000000, -150.0000000000000000, 0.0000000000000000000 ) ) ;
#543 = ORIENTED_EDGE ( 'NONE', *, *, #1723, .T. ) ;
#544 = EDGE_CURVE ( 'NONE', #2378, #1753, #2016, .T. ) ;
#545 = DIRECTION ( 'NONE',  ( 1.000000000000000000, 0.0000000000000000000, 0.0000000000000000000 ) ) ;
#546 = VECTOR ( 'NONE', #1233, 1000.000000000000000 ) ;
#547 = VECTOR ( 'NONE', #665, 1000.000000000000000 ) ;
#548 = DIRECTION ( 'NONE',  ( -0.0000000000000000000, -0.0000000000000000000, 1.000000000000000000 ) ) ;
#549 = VECTOR ( 'NONE', #1367, 1000.000000000000000 ) ;
#550 = EDGE_CURVE ( 'NONE', #263, #1132, #2212, .T. ) ;
#551 = DIRECTION ( 'NONE',  ( -0.0000000000000000000, -0.0000000000000000000, 1.000000000000000000 ) ) ;
#552 = LINE ( 'NONE', #1823, #1252 ) ;
#553 = AXIS2_PLACEMENT_3D ( 'NONE', #1620, #390, #8 ) ;
#554 =( NAMED_UNIT ( * ) PLANE_ANGLE_UNIT ( ) SI_UNIT ( $, .RADIAN. ) );
#555 = LINE ( 'NONE', #1085, #2022 ) ;
#556 = ORIENTED_EDGE ( 'NONE', *, *, #2629, .T. ) ;
#557 = VERTEX_POINT ( 'NONE', #1569 ) ;
#558 = ORIENTED_EDGE ( 'NONE', *, *, #367, .T. ) ;
#559 = CARTESIAN_POINT ( 'NONE',  ( -107.4999999999999858, 150.0000000000000284, 0.0000000000000000000 ) ) ;
#560 = CARTESIAN_POINT ( 'NONE',  ( -102.4999999999999716, -153.0000000000000284, -15.00000000000001066 ) ) ;
#561 = ORIENTED_EDGE ( 'NONE', *, *, #629, .F. ) ;
#562 = CARTESIAN_POINT ( 'NONE',  ( -146.0000000000000284, 150.0000000000000568, -2.000000000000000000 ) ) ;
#563 = VERTEX_POINT ( 'NONE', #1693 ) ;
#564 = EDGE_CURVE ( 'NONE', #94, #1357, #283, .T. ) ;
#565 = DIRECTION ( 'NONE',  ( 0.0000000000000000000, 1.000000000000000000, -4.625929269271471123E-15 ) ) ;
#566 = VERTEX_POINT ( 'NONE', #1920 ) ;
#567 = CARTESIAN_POINT ( 'NONE',  ( -127.5000000000000284, -110.0000000000000995, -2.000000000000001776 ) ) ;
#568 = DIRECTION ( 'NONE',  ( 1.000000000000000000, 0.0000000000000000000, 0.0000000000000000000 ) ) ;
#569 = AXIS2_PLACEMENT_3D ( 'NONE', #31, #2342, #50 ) ;
#570 = ORIENTED_EDGE ( 'NONE', *, *, #951, .T. ) ;
#571 = CIRCLE ( 'NONE', #1296, 4.000000000000001776 ) ;
#572 = EDGE_LOOP ( 'NONE', ( #2482, #2266, #835, #2227 ) ) ;
#573 = PLANE ( 'NONE',  #2570 ) ;
#574 = LINE ( 'NONE', #1375, #407 ) ;
#575 = FACE_OUTER_BOUND ( 'NONE', #1602, .T. ) ;
#576 = VECTOR ( 'NONE', #1873, 1000.000000000000000 ) ;
#577 = DIRECTION ( 'NONE',  ( 0.0000000000000000000, 0.0000000000000000000, 1.000000000000000000 ) ) ;
#578 = DIRECTION ( 'NONE',  ( 1.000000000000000000, 0.0000000000000000000, 0.0000000000000000000 ) ) ;
#579 = EDGE_CURVE ( 'NONE', #1715, #2099, #1434, .T. ) ;
#580 = PLANE ( 'NONE',  #1983 ) ;
#581 = VECTOR ( 'NONE', #2090, 1000.000000000000000 ) ;
#582 = EDGE_CURVE ( 'NONE', #2213, #2009, #191, .T. ) ;
#583 = LINE ( 'NONE', #2135, #32 ) ;
#584 = VERTEX_POINT ( 'NONE', #2225 ) ;
#585 = DIRECTION ( 'NONE',  ( 0.0000000000000000000, 0.0000000000000000000, -1.000000000000000000 ) ) ;
#586 = ORIENTED_EDGE ( 'NONE', *, *, #164, .T. ) ;
#587 = AXIS2_PLACEMENT_3D ( 'NONE', #822, #585, #2634 ) ;
#588 = APPLICATION_CONTEXT ( 'automotive_design' ) ;
#589 = ORIENTED_EDGE ( 'NONE', *, *, #1660, .F. ) ;
#590 = DIRECTION ( 'NONE',  ( 0.0000000000000000000, 0.0000000000000000000, 1.000000000000000000 ) ) ;
#591 = EDGE_LOOP ( 'NONE', ( #1960, #363, #2613, #1014 ) ) ;
#592 = ORIENTED_EDGE ( 'NONE', *, *, #2344, .F. ) ;
#593 = ORIENTED_EDGE ( 'NONE', *, *, #1482, .F. ) ;
#594 = DIRECTION ( 'NONE',  ( 0.0000000000000000000, -0.0000000000000000000, 1.000000000000000000 ) ) ;
#595 = DIRECTION ( 'NONE',  ( 1.000000000000000000, -2.775557561562904367E-15, 0.0000000000000000000 ) ) ;
#596 = ORIENTED_EDGE ( 'NONE', *, *, #61, .F. ) ;
#597 = EDGE_CURVE ( 'NONE', #452, #1753, #1847, .T. ) ;
#598 = ADVANCED_FACE ( 'NONE', ( #2048 ), #1473, .F. ) ;
#599 = DIRECTION ( 'NONE',  ( 0.0000000000000000000, 0.0000000000000000000, 1.000000000000000000 ) ) ;
#600 = EDGE_CURVE ( 'NONE', #2163, #1132, #1774, .T. ) ;
#601 = DIRECTION ( 'NONE',  ( 1.000000000000000000, 0.0000000000000000000, 0.0000000000000000000 ) ) ;
#602 = AXIS2_PLACEMENT_3D ( 'NONE', #2005, #565, #2027 ) ;
#603 = FACE_OUTER_BOUND ( 'NONE', #2139, .T. ) ;
#604 = CARTESIAN_POINT ( 'NONE',  ( 145.9999999999999716, -149.9999999999999716, -2.000000000000000000 ) ) ;
#605 = DIRECTION ( 'NONE',  ( 1.000000000000000000, 0.0000000000000000000, 0.0000000000000000000 ) ) ;
#606 = LINE ( 'NONE', #1692, #547 ) ;
#607 = FACE_OUTER_BOUND ( 'NONE', #2316, .T. ) ;
#608 = CARTESIAN_POINT ( 'NONE',  ( 145.9999999999999716, -154.9999999999999716, 0.0000000000000000000 ) ) ;
#609 = VECTOR ( 'NONE', #1457, 1000.000000000000000 ) ;
#610 = CIRCLE ( 'NONE', #958, 3.250000000000002665 ) ;
#611 = CIRCLE ( 'NONE', #1251, 0.5000000000000004441 ) ;
#612 = EDGE_CURVE ( 'NONE', #2536, #2607, #2341, .T. ) ;
#613 = ORIENTED_EDGE ( 'NONE', *, *, #436, .T. ) ;
#614 = ORIENTED_EDGE ( 'NONE', *, *, #1354, .F. ) ;
#615 = AXIS2_PLACEMENT_3D ( 'NONE', #2023, #2419, #1830 ) ;
#616 = ORIENTED_EDGE ( 'NONE', *, *, #689, .T. ) ;
#617 = EDGE_LOOP ( 'NONE', ( #1004, #2320, #1672, #1971, #1113 ) ) ;
#618 = ORIENTED_EDGE ( 'NONE', *, *, #2239, .T. ) ;
#619 = CARTESIAN_POINT ( 'NONE',  ( -102.5000000000000000, 155.0000000000000853, -20.00000000000000355 ) ) ;
#620 = ORIENTED_EDGE ( 'NONE', *, *, #600, .T. ) ;
#621 = ORIENTED_EDGE ( 'NONE', *, *, #1740, .T. ) ;
#622 = ADVANCED_FACE ( 'NONE', ( #1709 ), #2660, .T. ) ;
#623 = CARTESIAN_POINT ( 'NONE',  ( -102.5000000000000000, 155.0000000000000853, -20.00000000000000355 ) ) ;
#624 = CARTESIAN_POINT ( 'NONE',  ( 107.5000000000000284, -155.0000000000000568, -15.00000000000000711 ) ) ;
#625 = DIRECTION ( 'NONE',  ( 1.000000000000000000, 9.505334114941409750E-17, -0.0000000000000000000 ) ) ;
#626 = ORIENTED_EDGE ( 'NONE', *, *, #544, .T. ) ;
#627 = ORIENTED_EDGE ( 'NONE', *, *, #597, .F. ) ;
#628 = DIRECTION ( 'NONE',  ( 0.0000000000000000000, -1.000000000000000000, 4.770489558936215565E-15 ) ) ;
#629 = EDGE_CURVE ( 'NONE', #246, #2216, #611, .T. ) ;
#630 = DIRECTION ( 'NONE',  ( -0.0000000000000000000, 0.0000000000000000000, -1.000000000000000000 ) ) ;
#631 = DIRECTION ( 'NONE',  ( 0.0000000000000000000, 0.0000000000000000000, -1.000000000000000000 ) ) ;
#632 = ORIENTED_EDGE ( 'NONE', *, *, #2361, .F. ) ;
#633 = EDGE_CURVE ( 'NONE', #2684, #1929, #1094, .T. ) ;
#634 = ORIENTED_EDGE ( 'NONE', *, *, #1719, .F. ) ;
#635 = DIRECTION ( 'NONE',  ( 0.0000000000000000000, 1.000000000000000000, 0.0000000000000000000 ) ) ;
#636 = VECTOR ( 'NONE', #914, 1000.000000000000000 ) ;
#637 = AXIS2_PLACEMENT_3D ( 'NONE', #34, #1464, #1703 ) ;
#638 = DIRECTION ( 'NONE',  ( 0.0000000000000000000, -1.000000000000000000, -3.083952846180981011E-15 ) ) ;
#639 = LINE ( 'NONE', #765, #2107 ) ;
#640 = VECTOR ( 'NONE', #109, 1000.000000000000000 ) ;
#641 = CARTESIAN_POINT ( 'NONE',  ( 109.4999999999999858, 154.0000000000000284, -2.000000000000000000 ) ) ;
#642 = CYLINDRICAL_SURFACE ( 'NONE', #483, 5.000000000000000888 ) ;
#643 = DIRECTION ( 'NONE',  ( -1.000000000000000000, -0.0000000000000000000, 0.0000000000000000000 ) ) ;
#644 = FACE_OUTER_BOUND ( 'NONE', #1210, .T. ) ;
#645 = ORIENTED_EDGE ( 'NONE', *, *, #265, .F. ) ;
#646 = CARTESIAN_POINT ( 'NONE',  ( 108.4999999999999858, 155.0000000000000284, -1.999999999999976241 ) ) ;
#647 = EDGE_CURVE ( 'NONE', #2601, #932, #349, .T. ) ;
#648 = ORIENTED_EDGE ( 'NONE', *, *, #1393, .F. ) ;
#649 = DIRECTION ( 'NONE',  ( 0.0000000000000000000, 5.551115123125781913E-15, 1.000000000000000000 ) ) ;
#650 = EDGE_LOOP ( 'NONE', ( #2478, #2565, #2602, #2275 ) ) ;
#651 = EDGE_CURVE ( 'NONE', #2596, #1607, #2696, .T. ) ;
#652 = ORIENTED_EDGE ( 'NONE', *, *, #1140, .F. ) ;
#653 = CARTESIAN_POINT ( 'NONE',  ( 127.5000000000000284, -110.0000000000000995, -2.000000000000001776 ) ) ;
#654 = ORIENTED_EDGE ( 'NONE', *, *, #951, .F. ) ;
#655 = AXIS2_PLACEMENT_3D ( 'NONE', #2420, #143, #1579 ) ;
#656 = EDGE_LOOP ( 'NONE', ( #313, #967, #301, #2304 ) ) ;
#657 = DIRECTION ( 'NONE',  ( 1.000000000000000000, 0.0000000000000000000, 0.0000000000000000000 ) ) ;
#658 = CARTESIAN_POINT ( 'NONE',  ( -127.5000000000000568, 106.7500000000000568, -20.00100000000001188 ) ) ;
#659 = DIRECTION ( 'NONE',  ( -1.000000000000000000, 0.0000000000000000000, 0.0000000000000000000 ) ) ;
#660 = ORIENTED_EDGE ( 'NONE', *, *, #1568, .F. ) ;
#661 = ADVANCED_FACE ( 'NONE', ( #1408 ), #446, .F. ) ;
#662 = DIRECTION ( 'NONE',  ( -0.0000000000000000000, 0.0000000000000000000, 1.000000000000000000 ) ) ;
#663 = PLANE ( 'NONE',  #1147 ) ;
#664 = EDGE_CURVE ( 'NONE', #686, #1502, #1636, .T. ) ;
#665 = DIRECTION ( 'NONE',  ( -1.000000000000000000, 0.0000000000000000000, 0.0000000000000000000 ) ) ;
#666 = DIRECTION ( 'NONE',  ( -0.0000000000000000000, -0.0000000000000000000, 1.000000000000000000 ) ) ;
#667 = LINE ( 'NONE', #2519, #2270 ) ;
#668 = AXIS2_PLACEMENT_3D ( 'NONE', #1757, #2393, #102 ) ;
#669 = DIRECTION ( 'NONE',  ( 0.0000000000000000000, 0.0000000000000000000, 1.000000000000000000 ) ) ;
#670 = LINE ( 'NONE', #1840, #1145 ) ;
#671 = LINE ( 'NONE', #445, #2041 ) ;
#672 = CARTESIAN_POINT ( 'NONE',  ( 107.5000000000000426, -154.9999999999999716, -3.999999999999938716 ) ) ;
#673 = FACE_OUTER_BOUND ( 'NONE', #1177, .T. ) ;
#674 = VECTOR ( 'NONE', #2056, 1000.000000000000000 ) ;
#675 = VECTOR ( 'NONE', #1062, 1000.000000000000000 ) ;
#676 = EDGE_LOOP ( 'NONE', ( #1398, #1166, #1600, #1161 ) ) ;
#677 = ADVANCED_FACE ( 'NONE', ( #1028 ), #328, .T. ) ;
#678 = DIRECTION ( 'NONE',  ( -1.000000000000000000, 0.0000000000000000000, 0.0000000000000000000 ) ) ;
#679 = DIRECTION ( 'NONE',  ( -1.000000000000000000, 0.0000000000000000000, -0.0000000000000000000 ) ) ;
#680 = LINE ( 'NONE', #658, #124 ) ;
#681 = VERTEX_POINT ( 'NONE', #779 ) ;
#682 = DIRECTION ( 'NONE',  ( 0.0000000000000000000, 0.0000000000000000000, 1.000000000000000000 ) ) ;
#683 = ORIENTED_EDGE ( 'NONE', *, *, #95, .F. ) ;
#684 = EDGE_CURVE ( 'NONE', #1102, #227, #930, .T. ) ;
#685 = ORIENTED_EDGE ( 'NONE', *, *, #847, .T. ) ;
#686 = VERTEX_POINT ( 'NONE', #203 ) ;
#687 = ORIENTED_EDGE ( 'NONE', *, *, #2615, .F. ) ;
#688 = DIRECTION ( 'NONE',  ( -0.0000000000000000000, -0.0000000000000000000, -1.000000000000000000 ) ) ;
#689 = EDGE_CURVE ( 'NONE', #1859, #1601, #2076, .T. ) ;
#690 = ORIENTED_EDGE ( 'NONE', *, *, #1809, .F. ) ;
#691 = ORIENTED_EDGE ( 'NONE', *, *, #2033, .T. ) ;
#692 = DIRECTION ( 'NONE',  ( 0.0000000000000000000, 0.0000000000000000000, -1.000000000000000000 ) ) ;
#693 = ORIENTED_EDGE ( 'NONE', *, *, #2690, .F. ) ;
#694 = ADVANCED_FACE ( 'NONE', ( #2623, #1953, #1378, #485, #2431, #1883 ), #2050, .F. ) ;
#695 = DIRECTION ( 'NONE',  ( -9.505334114941408517E-17, 1.000000000000000000, -3.491481338843133355E-15 ) ) ;
#696 = ORIENTED_EDGE ( 'NONE', *, *, #1427, .T. ) ;
#697 = VECTOR ( 'NONE', #1861, 1000.000000000000000 ) ;
#698 = EDGE_CURVE ( 'NONE', #1716, #2597, #1057, .T. ) ;
#699 = VECTOR ( 'NONE', #237, 1000.000000000000000 ) ;
#700 = ADVANCED_FACE ( 'NONE', ( #1324 ), #27, .F. ) ;
#701 = CARTESIAN_POINT ( 'NONE',  ( 132.5000000000000000, -113.2500000000000284, -20.00100000000001188 ) ) ;
#702 = DIRECTION ( 'NONE',  ( 1.000000000000000000, 0.0000000000000000000, 0.0000000000000000000 ) ) ;
#703 = CYLINDRICAL_SURFACE ( 'NONE', #615, 0.5000000000000004441 ) ;
#704 = FACE_OUTER_BOUND ( 'NONE', #752, .T. ) ;
#705 = AXIS2_PLACEMENT_3D ( 'NONE', #450, #1038, #228 ) ;
#706 = CARTESIAN_POINT ( 'NONE',  ( -141.0000000000000000, -155.0000000000000000, 0.0000000000000000000 ) ) ;
#707 = LINE ( 'NONE', #2485, #546 ) ;
#708 = AXIS2_PLACEMENT_3D ( 'NONE', #533, #331, #1545 ) ;
#709 = CIRCLE ( 'NONE', #2398, 4.000000000000001776 ) ;
#710 = CARTESIAN_POINT ( 'NONE',  ( -146.0000000000000284, -155.0000000000000000, -2.000000000000000000 ) ) ;
#711 = ORIENTED_EDGE ( 'NONE', *, *, #887, .F. ) ;
#712 = CARTESIAN_POINT ( 'NONE',  ( -108.4999999999999858, -155.0000000000000000, -1.999999999999978018 ) ) ;
#713 = VERTEX_POINT ( 'NONE', #1029 ) ;
#714 = DIRECTION ( 'NONE',  ( -0.0000000000000000000, -0.0000000000000000000, 1.000000000000000000 ) ) ;
#715 = ORIENTED_EDGE ( 'NONE', *, *, #2462, .F. ) ;
#716 = ORIENTED_EDGE ( 'NONE', *, *, #1547, .T. ) ;
#717 = DIRECTION ( 'NONE',  ( 0.0000000000000000000, 1.000000000000000000, -4.770489558936215565E-15 ) ) ;
#718 = EDGE_CURVE ( 'NONE', #2196, #289, #443, .T. ) ;
#719 = ORIENTED_EDGE ( 'NONE', *, *, #380, .T. ) ;
#720 = ORIENTED_EDGE ( 'NONE', *, *, #2197, .T. ) ;
#721 = DIRECTION ( 'NONE',  ( 0.0000000000000000000, 1.000000000000000000, -4.625929269271471123E-15 ) ) ;
#722 = AXIS2_PLACEMENT_3D ( 'NONE', #451, #1515, #927 ) ;
#723 = VERTEX_POINT ( 'NONE', #1844 ) ;
#724 = CARTESIAN_POINT ( 'NONE',  ( -107.4999999999999858, 155.0000000000000284, -1.999999999999945821 ) ) ;
#725 = PLANE ( 'NONE',  #323 ) ;
#726 = DIRECTION ( 'NONE',  ( 1.000000000000000000, 0.0000000000000000000, 0.0000000000000000000 ) ) ;
#727 = EDGE_LOOP ( 'NONE', ( #648, #1155, #613, #1795 ) ) ;
#728 = DIRECTION ( 'NONE',  ( 1.000000000000000000, 0.0000000000000000000, 0.0000000000000000000 ) ) ;
#729 = SURFACE_STYLE_FILL_AREA ( #783 ) ;
#730 = CARTESIAN_POINT ( 'NONE',  ( -108.4999999999999858, 154.0000000000000284, 0.0000000000000000000 ) ) ;
#731 = EDGE_LOOP ( 'NONE', ( #493, #1673, #1623, #2383 ) ) ;
#732 = CARTESIAN_POINT ( 'NONE',  ( -102.4999999999999716, -155.0000000000000568, -20.00000000000000355 ) ) ;
#733 = EDGE_CURVE ( 'NONE', #1645, #80, #1149, .T. ) ;
#734 = FACE_OUTER_BOUND ( 'NONE', #1537, .T. ) ;
#735 = FACE_OUTER_BOUND ( 'NONE', #1371, .T. ) ;
#736 = SURFACE_STYLE_FILL_AREA ( #369 ) ;
#737 = EDGE_CURVE ( 'NONE', #681, #1456, #2338, .T. ) ;
#738 = CYLINDRICAL_SURFACE ( 'NONE', #463, 3.250000000000002665 ) ;
#739 = DIRECTION ( 'NONE',  ( 0.0000000000000000000, -1.000000000000000000, 4.553649124439114679E-15 ) ) ;
#740 = AXIS2_PLACEMENT_3D ( 'NONE', #2568, #1479, #1718 ) ;
#741 = FACE_OUTER_BOUND ( 'NONE', #676, .T. ) ;
#742 = CARTESIAN_POINT ( 'NONE',  ( 107.4999999999999858, 155.0000000000000284, 5.678768865768522194E-13 ) ) ;
#743 = ORIENTED_EDGE ( 'NONE', *, *, #1870, .T. ) ;
#744 = DIRECTION ( 'NONE',  ( 1.000000000000000000, 0.0000000000000000000, 0.0000000000000000000 ) ) ;
#745 = LINE ( 'NONE', #1466, #193 ) ;
#746 = ORIENTED_EDGE ( 'NONE', *, *, #922, .F. ) ;
#747 = DIRECTION ( 'NONE',  ( 1.000000000000000000, 0.0000000000000000000, 0.0000000000000000000 ) ) ;
#748 = ORIENTED_EDGE ( 'NONE', *, *, #1942, .T. ) ;
#749 = CARTESIAN_POINT ( 'NONE',  ( -132.5000000000000000, -113.2500000000000142, -2.000000000000001776 ) ) ;
#750 = ORIENTED_EDGE ( 'NONE', *, *, #1796, .F. ) ;
#751 = EDGE_CURVE ( 'NONE', #2684, #2088, #1090, .T. ) ;
#752 = EDGE_LOOP ( 'NONE', ( #696, #449, #2469, #871 ) ) ;
#753 = CARTESIAN_POINT ( 'NONE',  ( 9.014704587053154767E-30, -155.0000000000000568, -20.00000000000000355 ) ) ;
#754 = CARTESIAN_POINT ( 'NONE',  ( 140.9999999999999716, 150.0000000000000284, -2.000000000000000000 ) ) ;
#755 = EDGE_CURVE ( 'NONE', #1863, #1859, #1250, .T. ) ;
#756 = VERTEX_POINT ( 'NONE', #2271 ) ;
#757 = PLANE ( 'NONE',  #1117 ) ;
#758 = AXIS2_PLACEMENT_3D ( 'NONE', #1520, #1743, #1969 ) ;
#759 = DIRECTION ( 'NONE',  ( 0.0000000000000000000, -1.000000000000000000, -4.423544863740854146E-15 ) ) ;
#760 = AXIS2_PLACEMENT_3D ( 'NONE', #2051, #813, #2284 ) ;
#761 = VECTOR ( 'NONE', #662, 1000.000000000000000 ) ;
#762 = DIRECTION ( 'NONE',  ( 0.0000000000000000000, 1.000000000000000000, 0.0000000000000000000 ) ) ;
#763 = ORIENTED_EDGE ( 'NONE', *, *, #123, .F. ) ;
#764 = VECTOR ( 'NONE', #1075, 1000.000000000000000 ) ;
#765 = CARTESIAN_POINT ( 'NONE',  ( -127.5000000000000284, -113.2500000000001137, -20.00100000000001188 ) ) ;
#766 = EDGE_CURVE ( 'NONE', #2216, #2040, #1529, .T. ) ;
#767 = VECTOR ( 'NONE', #113, 1000.000000000000000 ) ;
#768 = CIRCLE ( 'NONE', #1874, 5.000000000000000888 ) ;
#769 = CARTESIAN_POINT ( 'NONE',  ( -127.5000000000000000, 0.0000000000000000000, 0.0000000000000000000 ) ) ;
#770 = CARTESIAN_POINT ( 'NONE',  ( 109.5000000000000426, -153.9999999999999716, -2.000000000000000000 ) ) ;
#771 = FACE_OUTER_BOUND ( 'NONE', #886, .T. ) ;
#772 = ORIENTED_EDGE ( 'NONE', *, *, #2157, .T. ) ;
#773 = AXIS2_PLACEMENT_3D ( 'NONE', #490, #84, #1309 ) ;
#774 =( LENGTH_UNIT ( ) NAMED_UNIT ( * ) SI_UNIT ( .MILLI., .METRE. ) );
#775 = ORIENTED_EDGE ( 'NONE', *, *, #733, .T. ) ;
#776 = CARTESIAN_POINT ( 'NONE',  ( 132.5000000000000000, -113.2500000000000284, -2.000000000000001776 ) ) ;
#777 = ORIENTED_EDGE ( 'NONE', *, *, #1268, .T. ) ;
#778 = ORIENTED_EDGE ( 'NONE', *, *, #2424, .T. ) ;
#779 = CARTESIAN_POINT ( 'NONE',  ( -132.5000000000000000, -3.250000000000000000, -2.000000000000001776 ) ) ;
#780 = ORIENTED_EDGE ( 'NONE', *, *, #906, .F. ) ;
#781 = DIRECTION ( 'NONE',  ( -1.000000000000000000, 2.775557561562904367E-15, 0.0000000000000000000 ) ) ;
#782 = DIRECTION ( 'NONE',  ( -1.000000000000000000, 0.0000000000000000000, 0.0000000000000000000 ) ) ;
#783 = FILL_AREA_STYLE ('',( #2220 ) ) ;
#784 = CARTESIAN_POINT ( 'NONE',  ( -107.4999999999999858, 151.0000000000000284, -1.999999999999952260 ) ) ;
#785 = EDGE_CURVE ( 'NONE', #803, #1333, #928, .T. ) ;
#786 = AXIS2_PLACEMENT_3D ( 'NONE', #1684, #2516, #39 ) ;
#787 = PRODUCT_CONTEXT ( 'NONE', #588, 'mechanical' ) ;
#788 = DIRECTION ( 'NONE',  ( -1.000000000000000000, 0.0000000000000000000, 0.0000000000000000000 ) ) ;
#789 = DIRECTION ( 'NONE',  ( 1.000000000000000000, 0.0000000000000000000, 0.0000000000000000000 ) ) ;
#790 = ORIENTED_EDGE ( 'NONE', *, *, #247, .F. ) ;
#791 = FACE_OUTER_BOUND ( 'NONE', #2357, .T. ) ;
#792 = DIRECTION ( 'NONE',  ( 1.000000000000000000, 9.505334114941409750E-17, -0.0000000000000000000 ) ) ;
#793 = DIRECTION ( 'NONE',  ( -0.0000000000000000000, 0.0000000000000000000, 1.000000000000000000 ) ) ;
#794 = CIRCLE ( 'NONE', #1236, 3.249999999999947597 ) ;
#795 = LINE ( 'NONE', #1663, #2277 ) ;
#796 = LINE ( 'NONE', #2132, #1766 ) ;
#797 = EDGE_CURVE ( 'NONE', #2217, #424, #58, .T. ) ;
#798 = DIRECTION ( 'NONE',  ( 0.0000000000000000000, -1.000000000000000000, 0.0000000000000000000 ) ) ;
#799 = VECTOR ( 'NONE', #1181, 1000.000000000000000 ) ;
#800 = VERTEX_POINT ( 'NONE', #1858 ) ;
#801 = CARTESIAN_POINT ( 'NONE',  ( -107.4999999999999716, -153.0000000000000568, -20.00000000000001421 ) ) ;
#802 = AXIS2_PLACEMENT_3D ( 'NONE', #1566, #1997, #340 ) ;
#803 = VERTEX_POINT ( 'NONE', #393 ) ;
#804 = VERTEX_POINT ( 'NONE', #993 ) ;
#805 = VERTEX_POINT ( 'NONE', #2691 ) ;
#806 = ORIENTED_EDGE ( 'NONE', *, *, #1291, .F. ) ;
#807 = ADVANCED_FACE ( 'NONE', ( #1810 ), #642, .T. ) ;
#808 = CARTESIAN_POINT ( 'NONE',  ( -107.4999999999999858, -150.9999999999999716, -1.999999999999955813 ) ) ;
#809 = ORIENTED_EDGE ( 'NONE', *, *, #2462, .T. ) ;
#810 = PLANE ( 'NONE',  #1044 ) ;
#811 = VERTEX_POINT ( 'NONE', #1895 ) ;
#812 = DIRECTION ( 'NONE',  ( -0.0000000000000000000, 0.0000000000000000000, -1.000000000000000000 ) ) ;
#813 = DIRECTION ( 'NONE',  ( 0.0000000000000000000, 0.0000000000000000000, 1.000000000000000000 ) ) ;
#814 = CARTESIAN_POINT ( 'NONE',  ( -107.4999999999999858, -150.9999999999999716, 4.423544863740858091E-14 ) ) ;
#815 = ORIENTED_EDGE ( 'NONE', *, *, #647, .T. ) ;
#816 = EDGE_CURVE ( 'NONE', #35, #227, #795, .T. ) ;
#817 = CARTESIAN_POINT ( 'NONE',  ( -132.5000000000000000, 110.0000000000000000, 0.0000000000000000000 ) ) ;
#818 = ORIENTED_EDGE ( 'NONE', *, *, #1996, .F. ) ;
#819 = EDGE_CURVE ( 'NONE', #2057, #1875, #2186, .T. ) ;
#820 = DIRECTION ( 'NONE',  ( -0.0000000000000000000, 0.0000000000000000000, 1.000000000000000000 ) ) ;
#821 = CARTESIAN_POINT ( 'NONE',  ( -102.4999999999999716, -153.0000000000000568, -20.00000000000001066 ) ) ;
#822 = CARTESIAN_POINT ( 'NONE',  ( 108.4999999999999574, -0.9999999999999731326, -2.000000000000000000 ) ) ;
#823 = CYLINDRICAL_SURFACE ( 'NONE', #1934, 3.249999999999947597 ) ;
#824 = VECTOR ( 'NONE', #1204, 1000.000000000000000 ) ;
#825 = DIRECTION ( 'NONE',  ( -1.000000000000000000, 2.775557561562904367E-15, 0.0000000000000000000 ) ) ;
#826 = VECTOR ( 'NONE', #926, 1000.000000000000000 ) ;
#827 = LINE ( 'NONE', #985, #1882 ) ;
#828 = DIRECTION ( 'NONE',  ( -3.503246160812042677E-46, 1.000000000000000000, 3.491481338843133355E-15 ) ) ;
#829 = LINE ( 'NONE', #226, #2115 ) ;
#830 = CARTESIAN_POINT ( 'NONE',  ( 103.4999999999999574, -48.99999999999997158, 0.0000000000000000000 ) ) ;
#831 = LINE ( 'NONE', #936, #2215 ) ;
#832 = CARTESIAN_POINT ( 'NONE',  ( 109.4999999999999858, 154.0000000000000284, -2.000000000000000000 ) ) ;
#833 = EDGE_CURVE ( 'NONE', #424, #2432, #511, .T. ) ;
#834 = DIRECTION ( 'NONE',  ( 0.0000000000000000000, 0.0000000000000000000, 1.000000000000000000 ) ) ;
#835 = ORIENTED_EDGE ( 'NONE', *, *, #1660, .T. ) ;
#836 = ORIENTED_EDGE ( 'NONE', *, *, #1368, .T. ) ;
#837 = DIRECTION ( 'NONE',  ( 1.000000000000000000, 0.0000000000000000000, 0.0000000000000000000 ) ) ;
#838 = AXIS2_PLACEMENT_3D ( 'NONE', #1101, #666, #47 ) ;
#839 = ORIENTED_EDGE ( 'NONE', *, *, #2578, .F. ) ;
#840 = ORIENTED_EDGE ( 'NONE', *, *, #651, .F. ) ;
#841 = DIRECTION ( 'NONE',  ( 0.0000000000000000000, 0.0000000000000000000, 1.000000000000000000 ) ) ;
#842 = PRODUCT_DEFINITION ( 'UNKNOWN', '', #15, #986 ) ;
#843 = DIRECTION ( 'NONE',  ( 1.000000000000000000, 0.0000000000000000000, 0.0000000000000000000 ) ) ;
#844 = DIRECTION ( 'NONE',  ( 1.000000000000000000, 0.0000000000000000000, 0.0000000000000000000 ) ) ;
#845 = DIRECTION ( 'NONE',  ( 0.0000000000000000000, 0.0000000000000000000, 1.000000000000000000 ) ) ;
#846 = CARTESIAN_POINT ( 'NONE',  ( -127.5000000000000284, -113.2500000000000284, -2.000000000000000000 ) ) ;
#847 = EDGE_CURVE ( 'NONE', #2596, #475, #1287, .T. ) ;
#848 = EDGE_LOOP ( 'NONE', ( #2246, #234, #2112, #2436 ) ) ;
#849 = DIRECTION ( 'NONE',  ( -1.000000000000000000, 0.0000000000000000000, 0.0000000000000000000 ) ) ;
#850 = CARTESIAN_POINT ( 'NONE',  ( 145.9999999999999716, -53.99999999999996447, -2.000000000000000000 ) ) ;
#851 = LINE ( 'NONE', #1779, #2177 ) ;
#852 = CARTESIAN_POINT ( 'NONE',  ( 145.9999999999999716, -149.9999999999999716, -2.000000000000000000 ) ) ;
#853 = CARTESIAN_POINT ( 'NONE',  ( 107.4999999999999858, 153.0000000000000284, -3.999999999999948042 ) ) ;
#854 = CARTESIAN_POINT ( 'NONE',  ( 145.9999999999999716, -154.9999999999999716, -2.000000000000000000 ) ) ;
#855 = LINE ( 'NONE', #742, #2068 ) ;
#856 = AXIS2_PLACEMENT_3D ( 'NONE', #2590, #2625, #138 ) ;
#857 = CARTESIAN_POINT ( 'NONE',  ( -108.4999999999999858, -154.0000000000000000, 0.0000000000000000000 ) ) ;
#858 = CIRCLE ( 'NONE', #98, 5.000000000000004441 ) ;
#859 = VECTOR ( 'NONE', #1391, 1000.000000000000000 ) ;
#860 = ADVANCED_FACE ( 'NONE', ( #2241 ), #2101, .T. ) ;
#861 = CARTESIAN_POINT ( 'NONE',  ( 107.5000000000000426, -154.9999999999999716, -1.999999999999945821 ) ) ;
#862 = FACE_OUTER_BOUND ( 'NONE', #1226, .T. ) ;
#863 = FACE_OUTER_BOUND ( 'NONE', #2253, .T. ) ;
#864 = CARTESIAN_POINT ( 'NONE',  ( 145.9999999999999716, 4.000000000000025757, -2.000000000000000000 ) ) ;
#865 = CIRCLE ( 'NONE', #217, 3.250000000000002665 ) ;
#866 = ORIENTED_EDGE ( 'NONE', *, *, #1112, .F. ) ;
#867 = DIRECTION ( 'NONE',  ( 0.0000000000000000000, 0.0000000000000000000, 1.000000000000000000 ) ) ;
#868 = EDGE_CURVE ( 'NONE', #2286, #756, #2692, .T. ) ;
#869 = ORIENTED_EDGE ( 'NONE', *, *, #2349, .F. ) ;
#870 = CARTESIAN_POINT ( 'NONE',  ( 108.5000000000000426, -153.9999999999999716, -1.999999999999973577 ) ) ;
#871 = ORIENTED_EDGE ( 'NONE', *, *, #1338, .T. ) ;
#872 = EDGE_CURVE ( 'NONE', #1815, #584, #707, .T. ) ;
#873 = ORIENTED_EDGE ( 'NONE', *, *, #1550, .F. ) ;
#874 = DIRECTION ( 'NONE',  ( 0.0000000000000000000, 0.0000000000000000000, 1.000000000000000000 ) ) ;
#875 = ORIENTED_EDGE ( 'NONE', *, *, #2542, .F. ) ;
#876 = EDGE_LOOP ( 'NONE', ( #2289, #2437, #2192, #620 ) ) ;
#877 = DIRECTION ( 'NONE',  ( -1.000000000000000000, -0.0000000000000000000, -0.0000000000000000000 ) ) ;
#878 = DIRECTION ( 'NONE',  ( 0.0000000000000000000, -0.0000000000000000000, -1.000000000000000000 ) ) ;
#879 = ORIENTED_EDGE ( 'NONE', *, *, #2690, .T. ) ;
#880 = AXIS2_PLACEMENT_3D ( 'NONE', #910, #484, #902 ) ;
#881 = ADVANCED_FACE ( 'NONE', ( #374 ), #2307, .T. ) ;
#882 = CARTESIAN_POINT ( 'NONE',  ( -127.5000000000000000, 0.0000000000000000000, 0.0000000000000000000 ) ) ;
#883 = CARTESIAN_POINT ( 'NONE',  ( -132.5000000000000000, -110.0000000000000000, -20.00100000000001188 ) ) ;
#884 = DIRECTION ( 'NONE',  ( -0.0000000000000000000, -0.0000000000000000000, 1.000000000000000000 ) ) ;
#885 = ORIENTED_EDGE ( 'NONE', *, *, #2411, .T. ) ;
#886 = EDGE_LOOP ( 'NONE', ( #570, #1264, #166, #1474 ) ) ;
#887 = EDGE_CURVE ( 'NONE', #1716, #1954, #1024, .T. ) ;
#888 = ADVANCED_FACE ( 'NONE', ( #1770 ), #18, .T. ) ;
#889 = ORIENTED_EDGE ( 'NONE', *, *, #1178, .F. ) ;
#890 = CARTESIAN_POINT ( 'NONE',  ( -127.5000000000000284, -110.0000000000000995, -20.00100000000001188 ) ) ;
#891 = VECTOR ( 'NONE', #1039, 1000.000000000000000 ) ;
#892 = AXIS2_PLACEMENT_3D ( 'NONE', #2012, #351, #578 ) ;
#893 = ORIENTED_EDGE ( 'NONE', *, *, #1419, .T. ) ;
#894 = DIRECTION ( 'NONE',  ( 1.000000000000000000, 0.0000000000000000000, 0.0000000000000000000 ) ) ;
#895 = DIRECTION ( 'NONE',  ( 9.505334114941409750E-17, -1.000000000000000000, 0.0000000000000000000 ) ) ;
#896 = VECTOR ( 'NONE', #1183, 1000.000000000000000 ) ;
#897 = FACE_OUTER_BOUND ( 'NONE', #656, .T. ) ;
#898 = VECTOR ( 'NONE', #2632, 1000.000000000000000 ) ;
#899 = ORIENTED_EDGE ( 'NONE', *, *, #81, .T. ) ;
#900 = CARTESIAN_POINT ( 'NONE',  ( 140.9999999999999716, 155.0000000000000284, -2.000000000000000000 ) ) ;
#901 = VECTOR ( 'NONE', #1622, 1000.000000000000000 ) ;
#902 = DIRECTION ( 'NONE',  ( 1.000000000000000000, 0.0000000000000000000, 0.0000000000000000000 ) ) ;
#903 = CARTESIAN_POINT ( 'NONE',  ( -107.4999999999999858, -149.9999999999999716, 0.0000000000000000000 ) ) ;
#904 = ADVANCED_FACE ( 'NONE', ( #673 ), #2403, .F. ) ;
#905 = ORIENTED_EDGE ( 'NONE', *, *, #664, .T. ) ;
#906 = EDGE_CURVE ( 'NONE', #965, #723, #2373, .T. ) ;
#907 = ORIENTED_EDGE ( 'NONE', *, *, #922, .T. ) ;
#908 = DIRECTION ( 'NONE',  ( -0.0000000000000000000, 0.0000000000000000000, -1.000000000000000000 ) ) ;
#909 = ORIENTED_EDGE ( 'NONE', *, *, #847, .F. ) ;
#910 = CARTESIAN_POINT ( 'NONE',  ( 140.9999999999999716, 9.000000000000024869, -2.000000000000000000 ) ) ;
#911 = ORIENTED_EDGE ( 'NONE', *, *, #2197, .F. ) ;
#912 = DIRECTION ( 'NONE',  ( 0.0000000000000000000, 1.000000000000000000, -0.0000000000000000000 ) ) ;
#913 = AXIS2_PLACEMENT_3D ( 'NONE', #96, #512, #2346 ) ;
#914 = DIRECTION ( 'NONE',  ( -0.0000000000000000000, -0.0000000000000000000, 1.000000000000000000 ) ) ;
#915 = ORIENTED_EDGE ( 'NONE', *, *, #718, .F. ) ;
#916 = ADVANCED_FACE ( 'NONE', ( #2111 ), #738, .F. ) ;
#917 = DIRECTION ( 'NONE',  ( 1.000000000000000000, 0.0000000000000000000, 0.0000000000000000000 ) ) ;
#918 = VERTEX_POINT ( 'NONE', #1470 ) ;
#919 = CARTESIAN_POINT ( 'NONE',  ( 108.4999999999999858, 154.0000000000000284, -1.999999999999971356 ) ) ;
#920 = CARTESIAN_POINT ( 'NONE',  ( -107.4999999999999858, 151.0000000000000284, 0.0000000000000000000 ) ) ;
#921 = ORIENTED_EDGE ( 'NONE', *, *, #2223, .F. ) ;
#922 = EDGE_CURVE ( 'NONE', #2306, #2673, #2588, .T. ) ;
#923 = LINE ( 'NONE', #105, #2303 ) ;
#924 = CIRCLE ( 'NONE', #2318, 2.000000000000001776 ) ;
#925 = VECTOR ( 'NONE', #551, 1000.000000000000000 ) ;
#926 = DIRECTION ( 'NONE',  ( 0.0000000000000000000, -1.000000000000000000, 0.0000000000000000000 ) ) ;
#927 = DIRECTION ( 'NONE',  ( 1.000000000000000000, 0.0000000000000000000, 0.0000000000000000000 ) ) ;
#928 = CIRCLE ( 'NONE', #2102, 3.250000000000002665 ) ;
#929 = CIRCLE ( 'NONE', #637, 4.000000000000000888 ) ;
#930 = LINE ( 'NONE', #608, #1501 ) ;
#931 = DIRECTION ( 'NONE',  ( 1.000000000000000000, 0.0000000000000000000, 0.0000000000000000000 ) ) ;
#932 = VERTEX_POINT ( 'NONE', #2324 ) ;
#933 = VERTEX_POINT ( 'NONE', #1064 ) ;
#934 = DIRECTION ( 'NONE',  ( 0.0000000000000000000, -1.000000000000000000, 4.770489558936215565E-15 ) ) ;
#935 = ORIENTED_EDGE ( 'NONE', *, *, #1831, .T. ) ;
#936 = CARTESIAN_POINT ( 'NONE',  ( -107.4999999999999858, 150.0000000000000284, -1.999999999999952260 ) ) ;
#937 = EDGE_CURVE ( 'NONE', #94, #1477, #994, .T. ) ;
#938 = ORIENTED_EDGE ( 'NONE', *, *, #159, .F. ) ;
#939 = ORIENTED_EDGE ( 'NONE', *, *, #2394, .F. ) ;
#940 = ORIENTED_EDGE ( 'NONE', *, *, #2078, .F. ) ;
#941 = ORIENTED_EDGE ( 'NONE', *, *, #265, .T. ) ;
#942 = AXIS2_PLACEMENT_3D ( 'NONE', #1893, #1072, #1428 ) ;
#943 = DIRECTION ( 'NONE',  ( 7.709882115452451542E-16, 3.083952846180981011E-15, -1.000000000000000000 ) ) ;
#944 = CARTESIAN_POINT ( 'NONE',  ( -107.4999999999999858, 0.0000000000000000000, 0.0000000000000000000 ) ) ;
#945 = DIRECTION ( 'NONE',  ( 1.000000000000000000, 0.0000000000000000000, 0.0000000000000000000 ) ) ;
#946 = ORIENTED_EDGE ( 'NONE', *, *, #689, .F. ) ;
#947 = DIRECTION ( 'NONE',  ( 0.0000000000000000000, -1.000000000000000000, -0.0000000000000000000 ) ) ;
#948 = PLANE ( 'NONE',  #207 ) ;
#949 = ORIENTED_EDGE ( 'NONE', *, *, #2574, .T. ) ;
#950 = CARTESIAN_POINT ( 'NONE',  ( 108.4999999999999574, -48.99999999999997158, 0.0000000000000000000 ) ) ;
#951 = EDGE_CURVE ( 'NONE', #2301, #35, #118, .T. ) ;
#952 = LINE ( 'NONE', #619, #1764 ) ;
#953 = LINE ( 'NONE', #60, #2486 ) ;
#954 = EDGE_CURVE ( 'NONE', #1477, #2575, #481, .T. ) ;
#955 = DIRECTION ( 'NONE',  ( 0.0000000000000000000, -1.000000000000000000, 0.0000000000000000000 ) ) ;
#956 = CIRCLE ( 'NONE', #236, 5.000000000000004441 ) ;
#957 = CYLINDRICAL_SURFACE ( 'NONE', #1332, 3.250000000000002665 ) ;
#958 = AXIS2_PLACEMENT_3D ( 'NONE', #468, #1247, #843 ) ;
#959 = CIRCLE ( 'NONE', #186, 3.250000000000002665 ) ;
#960 = DIRECTION ( 'NONE',  ( 0.0000000000000000000, -0.0000000000000000000, 1.000000000000000000 ) ) ;
#961 = ORIENTED_EDGE ( 'NONE', *, *, #633, .T. ) ;
#962 = CARTESIAN_POINT ( 'NONE',  ( 140.9999999999999716, -53.99999999999996447, -2.000000000000000000 ) ) ;
#963 = ADVANCED_BREP_SHAPE_REPRESENTATION ( '03_108_sheetmetal_mounting plate', ( #1816, #2069 ), #1824 ) ;
#964 = VECTOR ( 'NONE', #1169, 1000.000000000000000 ) ;
#965 = VERTEX_POINT ( 'NONE', #253 ) ;
#966 = DIRECTION ( 'NONE',  ( -0.0000000000000000000, -0.0000000000000000000, 1.000000000000000000 ) ) ;
#967 = ORIENTED_EDGE ( 'NONE', *, *, #1383, .T. ) ;
#968 = ORIENTED_EDGE ( 'NONE', *, *, #2561, .T. ) ;
#969 = DIRECTION ( 'NONE',  ( 1.000000000000000000, 0.0000000000000000000, 0.0000000000000000000 ) ) ;
#970 = CARTESIAN_POINT ( 'NONE',  ( 0.0000000000000000000, 155.0000000000000853, -20.00000000000000355 ) ) ;
#971 = ORIENTED_EDGE ( 'NONE', *, *, #1268, .F. ) ;
#972 = CARTESIAN_POINT ( 'NONE',  ( 107.4999999999999858, 151.0000000000000284, -1.999999999999952260 ) ) ;
#973 = EDGE_CURVE ( 'NONE', #566, #2213, #2046, .T. ) ;
#974 = CARTESIAN_POINT ( 'NONE',  ( 108.5000000000000426, -149.9999999999999716, -1.999999999999955813 ) ) ;
#975 = ORIENTED_EDGE ( 'NONE', *, *, #937, .F. ) ;
#976 = CARTESIAN_POINT ( 'NONE',  ( 132.5000000000000000, -113.2500000000000284, 0.0000000000000000000 ) ) ;
#977 = AXIS2_PLACEMENT_3D ( 'NONE', #2622, #137, #945 ) ;
#978 = DIRECTION ( 'NONE',  ( 0.0000000000000000000, 0.0000000000000000000, 1.000000000000000000 ) ) ;
#979 = CARTESIAN_POINT ( 'NONE',  ( 127.5000000000000284, -106.7500000000000000, -20.00100000000001188 ) ) ;
#980 = AXIS2_PLACEMENT_3D ( 'NONE', #99, #1133, #1362 ) ;
#981 = CARTESIAN_POINT ( 'NONE',  ( 135.7499999999999432, 110.0000000000000000, -20.00100000000001188 ) ) ;
#982 = ORIENTED_EDGE ( 'NONE', *, *, #1007, .F. ) ;
#983 = VECTOR ( 'NONE', #1199, 1000.000000000000000 ) ;
#984 = CARTESIAN_POINT ( 'NONE',  ( 140.9999999999999716, 4.000000000000025757, -2.000000000000000000 ) ) ;
#985 = CARTESIAN_POINT ( 'NONE',  ( 108.4999999999999858, 154.0000000000000284, -1.999999999999976241 ) ) ;
#986 = PRODUCT_DEFINITION_CONTEXT ( 'detailed design', #1590, 'design' ) ;
#987 = FACE_BOUND ( 'NONE', #1353, .T. ) ;
#988 = DIRECTION ( 'NONE',  ( 1.000000000000000000, 0.0000000000000000000, 0.0000000000000000000 ) ) ;
#989 = CARTESIAN_POINT ( 'NONE',  ( -107.4999999999999858, 153.0000000000000284, -3.999999999999948042 ) ) ;
#990 = EDGE_CURVE ( 'NONE', #196, #800, #1120, .T. ) ;
#991 = LINE ( 'NONE', #2155, #346 ) ;
#992 = FACE_OUTER_BOUND ( 'NONE', #462, .T. ) ;
#993 = CARTESIAN_POINT ( 'NONE',  ( 108.4999999999999574, -48.99999999999997158, -2.000000000000000000 ) ) ;
#994 = LINE ( 'NONE', #852, #1845 ) ;
#995 = ORIENTED_EDGE ( 'NONE', *, *, #1772, .F. ) ;
#996 = VECTOR ( 'NONE', #1060, 1000.000000000000000 ) ;
#997 = LINE ( 'NONE', #2162, #2468 ) ;
#998 = STYLED_ITEM ( 'NONE', ( #2587 ), #1816 ) ;
#999 = ORIENTED_EDGE ( 'NONE', *, *, #906, .T. ) ;
#1000 = CARTESIAN_POINT ( 'NONE',  ( -132.5000000000000000, 3.250000000000000000, -20.00100000000001188 ) ) ;
#1001 = CARTESIAN_POINT ( 'NONE',  ( 107.5000000000000426, -149.9999999999999716, 0.0000000000000000000 ) ) ;
#1002 = ORIENTED_EDGE ( 'NONE', *, *, #1307, .T. ) ;
#1003 = ORIENTED_EDGE ( 'NONE', *, *, #1099, .T. ) ;
#1004 = ORIENTED_EDGE ( 'NONE', *, *, #1446, .F. ) ;
#1005 = DIRECTION ( 'NONE',  ( -0.0000000000000000000, 0.0000000000000000000, -1.000000000000000000 ) ) ;
#1006 = ORIENTED_EDGE ( 'NONE', *, *, #247, .T. ) ;
#1007 = EDGE_CURVE ( 'NONE', #82, #2381, #1705, .T. ) ;
#1008 = DIRECTION ( 'NONE',  ( -2.479687211239182940E-31, 1.000000000000000000, 3.169856808907806282E-15 ) ) ;
#1009 = CARTESIAN_POINT ( 'NONE',  ( -127.5000000000000284, 110.0000000000000000, -20.00100000000001188 ) ) ;
#1010 = EDGE_CURVE ( 'NONE', #1756, #723, #1402, .T. ) ;
#1011 = DIRECTION ( 'NONE',  ( 7.709882115452450556E-16, -4.625929269271471123E-15, -1.000000000000000000 ) ) ;
#1012 = ADVANCED_FACE ( 'NONE', ( #862 ), #1187, .T. ) ;
#1013 = DIRECTION ( 'NONE',  ( 1.000000000000000000, -0.0000000000000000000, -0.0000000000000000000 ) ) ;
#1014 = ORIENTED_EDGE ( 'NONE', *, *, #352, .F. ) ;
#1015 = DIRECTION ( 'NONE',  ( 1.000000000000000000, 0.0000000000000000000, 0.0000000000000000000 ) ) ;
#1016 = DIRECTION ( 'NONE',  ( -1.000000000000000000, -0.0000000000000000000, -0.0000000000000000000 ) ) ;
#1017 = ORIENTED_EDGE ( 'NONE', *, *, #612, .T. ) ;
#1018 = VECTOR ( 'NONE', #1696, 1000.000000000000000 ) ;
#1019 = DIRECTION ( 'NONE',  ( 0.0000000000000000000, 0.0000000000000000000, 1.000000000000000000 ) ) ;
#1020 = CARTESIAN_POINT ( 'NONE',  ( -132.5000000000000000, -106.7500000000000142, -20.00100000000001188 ) ) ;
#1021 = CARTESIAN_POINT ( 'NONE',  ( -132.5000000000000000, -113.2500000000000142, -20.00100000000001188 ) ) ;
#1022 = CIRCLE ( 'NONE', #2147, 3.249999999999947597 ) ;
#1023 = VECTOR ( 'NONE', #2658, 1000.000000000000000 ) ;
#1024 = LINE ( 'NONE', #1649, #576 ) ;
#1025 = LINE ( 'NONE', #2109, #317 ) ;
#1026 = DIRECTION ( 'NONE',  ( 0.0000000000000000000, 0.0000000000000000000, 1.000000000000000000 ) ) ;
#1027 = EDGE_CURVE ( 'NONE', #1170, #2196, #2149, .T. ) ;
#1028 = FACE_OUTER_BOUND ( 'NONE', #1851, .T. ) ;
#1029 = CARTESIAN_POINT ( 'NONE',  ( 132.5000000000000000, 113.2499999999999574, 0.0000000000000000000 ) ) ;
#1030 = AXIS2_PLACEMENT_3D ( 'NONE', #1505, #679, #285 ) ;
#1031 = CYLINDRICAL_SURFACE ( 'NONE', #2081, 5.000000000000000888 ) ;
#1032 = CARTESIAN_POINT ( 'NONE',  ( -107.4999999999999858, 155.0000000000000284, -3.999999999999941824 ) ) ;
#1033 = EDGE_LOOP ( 'NONE', ( #222, #1619, #2262, #326 ) ) ;
#1034 = AXIS2_PLACEMENT_3D ( 'NONE', #2604, #2617, #504 ) ;
#1035 = ORIENTED_EDGE ( 'NONE', *, *, #2645, .T. ) ;
#1036 = EDGE_LOOP ( 'NONE', ( #495, #1509, #1694, #2126 ) ) ;
#1037 = ORIENTED_EDGE ( 'NONE', *, *, #1220, .T. ) ;
#1038 = DIRECTION ( 'NONE',  ( -0.0000000000000000000, -0.0000000000000000000, 1.000000000000000000 ) ) ;
#1039 = DIRECTION ( 'NONE',  ( -1.000000000000000000, 0.0000000000000000000, 0.0000000000000000000 ) ) ;
#1040 = ORIENTED_EDGE ( 'NONE', *, *, #164, .F. ) ;
#1041 = CARTESIAN_POINT ( 'NONE',  ( -107.4999999999999858, -155.0000000000000000, -3.999999999999938716 ) ) ;
#1042 = EDGE_CURVE ( 'NONE', #2054, #1954, #2463, .T. ) ;
#1043 = DIRECTION ( 'NONE',  ( 7.709882115452454501E-16, 0.0000000000000000000, 1.000000000000000000 ) ) ;
#1044 = AXIS2_PLACEMENT_3D ( 'NONE', #2063, #2483, #2671 ) ;
#1045 = AXIS2_PLACEMENT_3D ( 'NONE', #560, #721, #1760 ) ;
#1046 = ORIENTED_EDGE ( 'NONE', *, *, #1854, .T. ) ;
#1047 = CARTESIAN_POINT ( 'NONE',  ( 102.5000000000000284, -155.0000000000000284, -20.00000000000000355 ) ) ;
#1048 = DIRECTION ( 'NONE',  ( -0.0000000000000000000, 0.0000000000000000000, -1.000000000000000000 ) ) ;
#1049 = EDGE_LOOP ( 'NONE', ( #2535, #2635, #2450, #982 ) ) ;
#1050 = DIRECTION ( 'NONE',  ( -9.505334114941409750E-17, 1.000000000000000000, -3.491481338843133355E-15 ) ) ;
#1051 = CYLINDRICAL_SURFACE ( 'NONE', #587, 5.000000000000004441 ) ;
#1052 = DIRECTION ( 'NONE',  ( 1.000000000000000000, 0.0000000000000000000, 0.0000000000000000000 ) ) ;
#1053 = LINE ( 'NONE', #2605, #767 ) ;
#1054 = FACE_OUTER_BOUND ( 'NONE', #2182, .T. ) ;
#1055 = CARTESIAN_POINT ( 'NONE',  ( -127.5000000000000284, -110.0000000000000995, 0.0000000000000000000 ) ) ;
#1056 = EDGE_CURVE ( 'NONE', #2009, #82, #1632, .T. ) ;
#1057 = CIRCLE ( 'NONE', #2566, 0.5000000000000004441 ) ;
#1058 = CARTESIAN_POINT ( 'NONE',  ( 140.9999999999999716, -48.99999999999997158, -2.000000000000000000 ) ) ;
#1059 = VECTOR ( 'NONE', #798, 1000.000000000000000 ) ;
#1060 = DIRECTION ( 'NONE',  ( 7.709882115452451542E-16, -3.083952846180981011E-15, 1.000000000000000000 ) ) ;
#1061 = EDGE_CURVE ( 'NONE', #1141, #458, #1468, .T. ) ;
#1062 = DIRECTION ( 'NONE',  ( -0.0000000000000000000, 1.000000000000000000, 0.0000000000000000000 ) ) ;
#1063 = ORIENTED_EDGE ( 'NONE', *, *, #2598, .F. ) ;
#1064 = CARTESIAN_POINT ( 'NONE',  ( 103.4999999999999574, -0.9999999999999731326, -2.000000000000000000 ) ) ;
#1065 = AXIS2_PLACEMENT_3D ( 'NONE', #1089, #498, #1948 ) ;
#1066 = ADVANCED_FACE ( 'NONE', ( #1739 ), #1922, .T. ) ;
#1067 = ORIENTED_EDGE ( 'NONE', *, *, #2611, .T. ) ;
#1068 = CARTESIAN_POINT ( 'NONE',  ( 0.0000000000000000000, 155.0000000000000284, 4.849956538357384505E-13 ) ) ;
#1069 = ORIENTED_EDGE ( 'NONE', *, *, #2544, .T. ) ;
#1070 = ORIENTED_EDGE ( 'NONE', *, *, #44, .F. ) ;
#1071 = ORIENTED_EDGE ( 'NONE', *, *, #1010, .F. ) ;
#1072 = DIRECTION ( 'NONE',  ( -1.000000000000000000, 0.0000000000000000000, 0.0000000000000000000 ) ) ;
#1073 = CARTESIAN_POINT ( 'NONE',  ( -132.5000000000000000, 106.7500000000000711, -2.000000000000001776 ) ) ;
#1074 = EDGE_LOOP ( 'NONE', ( #2434, #1404, #1511, #750 ) ) ;
#1075 = DIRECTION ( 'NONE',  ( 0.0000000000000000000, 1.000000000000000000, 0.0000000000000000000 ) ) ;
#1076 = EDGE_CURVE ( 'NONE', #811, #2086, #991, .T. ) ;
#1077 = ORIENTED_EDGE ( 'NONE', *, *, #1220, .F. ) ;
#1078 = ADVANCED_FACE ( 'NONE', ( #1498 ), #2308, .T. ) ;
#1079 = DIRECTION ( 'NONE',  ( 0.0000000000000000000, 0.0000000000000000000, 1.000000000000000000 ) ) ;
#1080 = PLANE ( 'NONE',  #1030 ) ;
#1081 = ORIENTED_EDGE ( 'NONE', *, *, #2476, .T. ) ;
#1082 = EDGE_CURVE ( 'NONE', #2026, #524, #2336, .T. ) ;
#1083 = LINE ( 'NONE', #1820, #51 ) ;
#1084 = DIRECTION ( 'NONE',  ( -9.505334114941408517E-17, 1.000000000000000000, -3.491481338843133355E-15 ) ) ;
#1085 = CARTESIAN_POINT ( 'NONE',  ( -107.4999999999999858, 153.0000000000000284, -3.999999999999948042 ) ) ;
#1086 = FACE_OUTER_BOUND ( 'NONE', #1785, .T. ) ;
#1087 = CARTESIAN_POINT ( 'NONE',  ( 109.5000000000000426, -153.9999999999999716, 0.0000000000000000000 ) ) ;
#1088 = VECTOR ( 'NONE', #955, 1000.000000000000000 ) ;
#1089 = CARTESIAN_POINT ( 'NONE',  ( 132.5000000000000000, -110.0000000000000995, 0.0000000000000000000 ) ) ;
#1090 = LINE ( 'NONE', #801, #2520 ) ;
#1091 = FACE_OUTER_BOUND ( 'NONE', #2200, .T. ) ;
#1092 = DIRECTION ( 'NONE',  ( 0.0000000000000000000, 5.551115123125781913E-15, 1.000000000000000000 ) ) ;
#1093 = DIRECTION ( 'NONE',  ( 2.479687211239182940E-31, 1.000000000000000000, 3.169856808907806282E-15 ) ) ;
#1094 = LINE ( 'NONE', #2426, #898 ) ;
#1095 = ORIENTED_EDGE ( 'NONE', *, *, #2675, .T. ) ;
#1096 = ADVANCED_FACE ( 'NONE', ( #22 ), #79, .T. ) ;
#1097 = EDGE_CURVE ( 'NONE', #161, #2536, #1376, .T. ) ;
#1098 = VECTOR ( 'NONE', #1016, 1000.000000000000000 ) ;
#1099 = EDGE_CURVE ( 'NONE', #289, #2026, #1806, .T. ) ;
#1100 = ORIENTED_EDGE ( 'NONE', *, *, #564, .T. ) ;
#1101 = CARTESIAN_POINT ( 'NONE',  ( 132.5000000000000000, -110.0000000000000995, -20.00100000000001188 ) ) ;
#1102 = VERTEX_POINT ( 'NONE', #706 ) ;
#1103 = AXIS2_PLACEMENT_3D ( 'NONE', #294, #2161, #1524 ) ;
#1104 = DIRECTION ( 'NONE',  ( 1.000000000000000000, 0.0000000000000000000, 0.0000000000000000000 ) ) ;
#1105 = ORIENTED_EDGE ( 'NONE', *, *, #1482, .T. ) ;
#1106 = ADVANCED_FACE ( 'NONE', ( #1118 ), #725, .T. ) ;
#1107 = DIRECTION ( 'NONE',  ( -1.000000000000000000, 0.0000000000000000000, 0.0000000000000000000 ) ) ;
#1108 = EDGE_LOOP ( 'NONE', ( #1105, #2521, #2529, #921 ) ) ;
#1109 = DIRECTION ( 'NONE',  ( 0.0000000000000000000, 1.000000000000000000, 0.0000000000000000000 ) ) ;
#1110 = EDGE_CURVE ( 'NONE', #723, #1102, #858, .T. ) ;
#1111 = ORIENTED_EDGE ( 'NONE', *, *, #1112, .T. ) ;
#1112 = EDGE_CURVE ( 'NONE', #1601, #1993, #1593, .T. ) ;
#1113 = ORIENTED_EDGE ( 'NONE', *, *, #1097, .F. ) ;
#1114 = AXIS2_PLACEMENT_3D ( 'NONE', #2031, #2447, #1172 ) ;
#1115 = VECTOR ( 'NONE', #2130, 1000.000000000000000 ) ;
#1116 = ORIENTED_EDGE ( 'NONE', *, *, #1042, .T. ) ;
#1117 = AXIS2_PLACEMENT_3D ( 'NONE', #2310, #530, #1555 ) ;
#1118 = FACE_OUTER_BOUND ( 'NONE', #162, .T. ) ;
#1119 = CIRCLE ( 'NONE', #2185, 0.5000000000000004441 ) ;
#1120 = LINE ( 'NONE', #1294, #91 ) ;
#1121 = LINE ( 'NONE', #850, #581 ) ;
#1122 = DIRECTION ( 'NONE',  ( -0.0000000000000000000, 0.0000000000000000000, 1.000000000000000000 ) ) ;
#1123 = CARTESIAN_POINT ( 'NONE',  ( -141.0000000000000000, 150.0000000000000284, 0.0000000000000000000 ) ) ;
#1124 = LINE ( 'NONE', #2358, #487 ) ;
#1125 = EDGE_CURVE ( 'NONE', #1993, #2175, #2183, .T. ) ;
#1126 = ORIENTED_EDGE ( 'NONE', *, *, #751, .F. ) ;
#1127 = ORIENTED_EDGE ( 'NONE', *, *, #1338, .F. ) ;
#1128 = ADVANCED_FACE ( 'NONE', ( #1881 ), #1979, .T. ) ;
#1129 = DIRECTION ( 'NONE',  ( -0.0000000000000000000, 0.0000000000000000000, -1.000000000000000000 ) ) ;
#1130 = AXIS2_PLACEMENT_3D ( 'NONE', #1123, #1528, #726 ) ;
#1131 = VERTEX_POINT ( 'NONE', #2214 ) ;
#1132 = VERTEX_POINT ( 'NONE', #2379 ) ;
#1133 = DIRECTION ( 'NONE',  ( 1.000000000000000000, -0.0000000000000000000, 0.0000000000000000000 ) ) ;
#1134 = CARTESIAN_POINT ( 'NONE',  ( 108.4999999999999574, -0.9999999999999731326, -2.000000000000000000 ) ) ;
#1135 = ORIENTED_EDGE ( 'NONE', *, *, #868, .T. ) ;
#1136 = AXIS2_PLACEMENT_3D ( 'NONE', #1484, #261, #1659 ) ;
#1137 = ORIENTED_EDGE ( 'NONE', *, *, #1465, .F. ) ;
#1138 = CARTESIAN_POINT ( 'NONE',  ( 140.9999999999999716, -154.9999999999999716, -2.000000000000000000 ) ) ;
#1139 = DIRECTION ( 'NONE',  ( -1.000000000000000000, -0.0000000000000000000, -0.0000000000000000000 ) ) ;
#1140 = EDGE_CURVE ( 'NONE', #756, #933, #372, .T. ) ;
#1141 = VERTEX_POINT ( 'NONE', #1539 ) ;
#1142 = EDGE_CURVE ( 'NONE', #557, #2575, #1430, .T. ) ;
#1143 = FACE_OUTER_BOUND ( 'NONE', #2470, .T. ) ;
#1144 = CARTESIAN_POINT ( 'NONE',  ( -132.5000000000000000, 113.2499999999999574, 0.0000000000000000000 ) ) ;
#1145 = VECTOR ( 'NONE', #1008, 1000.000000000000000 ) ;
#1146 = CIRCLE ( 'NONE', #2355, 3.250000000000002665 ) ;
#1147 = AXIS2_PLACEMENT_3D ( 'NONE', #1257, #73, #1500 ) ;
#1148 = DIRECTION ( 'NONE',  ( 1.000000000000000000, 0.0000000000000000000, 0.0000000000000000000 ) ) ;
#1149 = LINE ( 'NONE', #373, #1560 ) ;
#1150 = LINE ( 'NONE', #2364, #2205 ) ;
#1151 = CIRCLE ( 'NONE', #2365, 2.000000000000001776 ) ;
#1152 = ORIENTED_EDGE ( 'NONE', *, *, #319, .F. ) ;
#1153 = FILL_AREA_STYLE_COLOUR ( '', #1285 ) ;
#1154 = VECTOR ( 'NONE', #2528, 1000.000000000000000 ) ;
#1155 = ORIENTED_EDGE ( 'NONE', *, *, #397, .F. ) ;
#1156 = DIRECTION ( 'NONE',  ( -7.709882115452451542E-16, 0.0000000000000000000, -1.000000000000000000 ) ) ;
#1157 = ORIENTED_EDGE ( 'NONE', *, *, #1736, .T. ) ;
#1158 = VERTEX_POINT ( 'NONE', #2389 ) ;
#1159 = EDGE_CURVE ( 'NONE', #174, #2052, #956, .T. ) ;
#1160 = ORIENTED_EDGE ( 'NONE', *, *, #2065, .T. ) ;
#1161 = ORIENTED_EDGE ( 'NONE', *, *, #455, .T. ) ;
#1162 = CARTESIAN_POINT ( 'NONE',  ( 107.4999999999999858, 151.0000000000000284, -1.999999999999952260 ) ) ;
#1163 = ORIENTED_EDGE ( 'NONE', *, *, #797, .F. ) ;
#1164 = DIRECTION ( 'NONE',  ( 1.000000000000000000, 0.0000000000000000000, 0.0000000000000000000 ) ) ;
#1165 = AXIS2_PLACEMENT_3D ( 'NONE', #173, #594, #1203 ) ;
#1166 = ORIENTED_EDGE ( 'NONE', *, *, #785, .T. ) ;
#1167 = CARTESIAN_POINT ( 'NONE',  ( 140.9999999999999716, -53.99999999999996447, -2.000000000000000000 ) ) ;
#1168 = DIRECTION ( 'NONE',  ( 0.0000000000000000000, 4.625929269271471123E-15, 1.000000000000000000 ) ) ;
#1169 = DIRECTION ( 'NONE',  ( -0.0000000000000000000, 0.0000000000000000000, -1.000000000000000000 ) ) ;
#1170 = VERTEX_POINT ( 'NONE', #2581 ) ;
#1171 = AXIS2_PLACEMENT_3D ( 'NONE', #376, #1837, #1164 ) ;
#1172 = DIRECTION ( 'NONE',  ( 0.0000000000000000000, 5.551115123125781913E-15, 1.000000000000000000 ) ) ;
#1173 = ORIENTED_EDGE ( 'NONE', *, *, #211, .F. ) ;
#1174 = CARTESIAN_POINT ( 'NONE',  ( -127.5000000000000284, -106.7500000000000000, 0.0000000000000000000 ) ) ;
#1175 = DIRECTION ( 'NONE',  ( -0.0000000000000000000, -0.0000000000000000000, -1.000000000000000000 ) ) ;
#1176 = CARTESIAN_POINT ( 'NONE',  ( -127.5000000000000000, 3.250000000000000000, -2.000000000000001776 ) ) ;
#1177 = EDGE_LOOP ( 'NONE', ( #2580, #899, #2474, #2168 ) ) ;
#1178 = EDGE_CURVE ( 'NONE', #2025, #804, #280, .T. ) ;
#1179 = FACE_OUTER_BOUND ( 'NONE', #2672, .T. ) ;
#1180 = FACE_OUTER_BOUND ( 'NONE', #78, .T. ) ;
#1181 = DIRECTION ( 'NONE',  ( 0.0000000000000000000, 0.0000000000000000000, 1.000000000000000000 ) ) ;
#1182 = AXIS2_PLACEMENT_3D ( 'NONE', #2547, #254, #878 ) ;
#1183 = DIRECTION ( 'NONE',  ( -1.000000000000000000, -0.0000000000000000000, -0.0000000000000000000 ) ) ;
#1184 = CARTESIAN_POINT ( 'NONE',  ( -127.5000000000000000, 0.0000000000000000000, -2.000000000000001776 ) ) ;
#1185 = CIRCLE ( 'NONE', #856, 3.250000000000002665 ) ;
#1186 = AXIS2_PLACEMENT_3D ( 'NONE', #1712, #64, #1966 ) ;
#1187 = CYLINDRICAL_SURFACE ( 'NONE', #740, 5.000000000000004441 ) ;
#1188 = SURFACE_SIDE_STYLE ('',( #729 ) ) ;
#1189 = DIRECTION ( 'NONE',  ( -0.0000000000000000000, 0.0000000000000000000, -1.000000000000000000 ) ) ;
#1190 = CARTESIAN_POINT ( 'NONE',  ( 140.9999999999999716, -48.99999999999997158, 0.0000000000000000000 ) ) ;
#1191 = CIRCLE ( 'NONE', #384, 2.000000000000001776 ) ;
#1192 = ORIENTED_EDGE ( 'NONE', *, *, #819, .F. ) ;
#1193 = DIRECTION ( 'NONE',  ( 0.0000000000000000000, 5.551115123125781913E-15, 1.000000000000000000 ) ) ;
#1194 = EDGE_LOOP ( 'NONE', ( #1173, #132, #1081, #1225 ) ) ;
#1195 = ORIENTED_EDGE ( 'NONE', *, *, #2030, .T. ) ;
#1196 = CARTESIAN_POINT ( 'NONE',  ( -107.4999999999999858, -150.9999999999999716, -3.999999999999957367 ) ) ;
#1197 = VERTEX_POINT ( 'NONE', #732 ) ;
#1198 = EDGE_CURVE ( 'NONE', #2224, #246, #1053, .T. ) ;
#1199 = DIRECTION ( 'NONE',  ( 0.0000000000000000000, 0.0000000000000000000, 1.000000000000000000 ) ) ;
#1200 = DIRECTION ( 'NONE',  ( 1.000000000000000000, 0.0000000000000000000, 0.0000000000000000000 ) ) ;
#1201 = CARTESIAN_POINT ( 'NONE',  ( -132.5000000000000000, 106.7500000000000711, 0.0000000000000000000 ) ) ;
#1202 = EDGE_CURVE ( 'NONE', #811, #1833, #1283, .T. ) ;
#1203 = DIRECTION ( 'NONE',  ( 1.000000000000000000, 0.0000000000000000000, 0.0000000000000000000 ) ) ;
#1204 = DIRECTION ( 'NONE',  ( -0.0000000000000000000, -0.0000000000000000000, 1.000000000000000000 ) ) ;
#1205 = ORIENTED_EDGE ( 'NONE', *, *, #1214, .T. ) ;
#1206 = CARTESIAN_POINT ( 'NONE',  ( -109.4999999999999858, 154.0000000000000284, -2.000000000000000000 ) ) ;
#1207 = DIRECTION ( 'NONE',  ( -0.0000000000000000000, 1.000000000000000000, 0.0000000000000000000 ) ) ;
#1208 = PLANE ( 'NONE',  #1932 ) ;
#1209 = EDGE_LOOP ( 'NONE', ( #1205, #748, #139, #2257 ) ) ;
#1210 = EDGE_LOOP ( 'NONE', ( #873, #1331, #2323, #70 ) ) ;
#1211 = CIRCLE ( 'NONE', #2252, 3.250000000000016875 ) ;
#1212 = ADVANCED_FACE ( 'NONE', ( #897 ), #90, .F. ) ;
#1213 = CARTESIAN_POINT ( 'NONE',  ( -132.5000000000000000, -106.7500000000000142, -2.000000000000001776 ) ) ;
#1214 = EDGE_CURVE ( 'NONE', #2216, #2084, #574, .T. ) ;
#1215 = CARTESIAN_POINT ( 'NONE',  ( 140.9999999999999716, 4.000000000000025757, 0.0000000000000000000 ) ) ;
#1216 = FACE_OUTER_BOUND ( 'NONE', #2231, .T. ) ;
#1217 = FACE_OUTER_BOUND ( 'NONE', #1416, .T. ) ;
#1218 = VECTOR ( 'NONE', #1019, 1000.000000000000000 ) ;
#1219 = FACE_OUTER_BOUND ( 'NONE', #1074, .T. ) ;
#1220 = EDGE_CURVE ( 'NONE', #804, #800, #508, .T. ) ;
#1221 = CIRCLE ( 'NONE', #1968, 3.249999999999947597 ) ;
#1222 = ORIENTED_EDGE ( 'NONE', *, *, #1531, .F. ) ;
#1223 = LINE ( 'NONE', #2298, #1154 ) ;
#1224 = CARTESIAN_POINT ( 'NONE',  ( -107.5000000000000000, 155.0000000000000853, -20.00000000000000355 ) ) ;
#1225 = ORIENTED_EDGE ( 'NONE', *, *, #1061, .T. ) ;
#1226 = EDGE_LOOP ( 'NONE', ( #1717, #37, #2453, #915 ) ) ;
#1227 = ADVANCED_FACE ( 'NONE', ( #2073 ), #703, .F. ) ;
#1228 = ORIENTED_EDGE ( 'NONE', *, *, #2065, .F. ) ;
#1229 = EDGE_LOOP ( 'NONE', ( #2198, #1933, #1329, #1297 ) ) ;
#1230 = EDGE_CURVE ( 'NONE', #1815, #1875, #88, .T. ) ;
#1231 = DIRECTION ( 'NONE',  ( 0.0000000000000000000, -0.0000000000000000000, -1.000000000000000000 ) ) ;
#1232 = EDGE_CURVE ( 'NONE', #1928, #2286, #2557, .T. ) ;
#1233 = DIRECTION ( 'NONE',  ( 1.000000000000000000, -2.775557561562904367E-15, -0.0000000000000000000 ) ) ;
#1234 = ORIENTED_EDGE ( 'NONE', *, *, #431, .F. ) ;
#1235 = DIRECTION ( 'NONE',  ( 0.0000000000000000000, 0.0000000000000000000, -1.000000000000000000 ) ) ;
#1236 = AXIS2_PLACEMENT_3D ( 'NONE', #2237, #1189, #2644 ) ;
#1237 = CARTESIAN_POINT ( 'NONE',  ( 132.5000000000000000, -106.7500000000000142, -20.00100000000001188 ) ) ;
#1238 = ORIENTED_EDGE ( 'NONE', *, *, #1792, .T. ) ;
#1239 = PLANE ( 'NONE',  #2493 ) ;
#1240 = ORIENTED_EDGE ( 'NONE', *, *, #123, .T. ) ;
#1241 = VECTOR ( 'NONE', #635, 1000.000000000000000 ) ;
#1242 = EDGE_CURVE ( 'NONE', #2390, #1502, #639, .T. ) ;
#1243 = LINE ( 'NONE', #2256, #1662 ) ;
#1244 = CARTESIAN_POINT ( 'NONE',  ( 108.0000000000000426, -149.9999999999999716, 0.0000000000000000000 ) ) ;
#1245 = VECTOR ( 'NONE', #1987, 1000.000000000000000 ) ;
#1246 = VECTOR ( 'NONE', #537, 1000.000000000000000 ) ;
#1247 = DIRECTION ( 'NONE',  ( 0.0000000000000000000, 0.0000000000000000000, 1.000000000000000000 ) ) ;
#1248 = EDGE_CURVE ( 'NONE', #452, #2128, #1525, .T. ) ;
#1249 = CARTESIAN_POINT ( 'NONE',  ( -107.4999999999999858, 150.0000000000000284, -1.999999999999952260 ) ) ;
#1250 = LINE ( 'NONE', #2042, #2655 ) ;
#1251 = AXIS2_PLACEMENT_3D ( 'NONE', #1355, #2240, #2612 ) ;
#1252 = VECTOR ( 'NONE', #1417, 1000.000000000000000 ) ;
#1253 = ORIENTED_EDGE ( 'NONE', *, *, #1996, .T. ) ;
#1254 = ADVANCED_FACE ( 'NONE', ( #735 ), #1399, .F. ) ;
#1255 = DIRECTION ( 'NONE',  ( 0.0000000000000000000, 0.0000000000000000000, 1.000000000000000000 ) ) ;
#1256 = ORIENTED_EDGE ( 'NONE', *, *, #1125, .F. ) ;
#1257 = CARTESIAN_POINT ( 'NONE',  ( -107.4999999999999716, -155.0000000000000568, -20.00000000000000355 ) ) ;
#1258 = ORIENTED_EDGE ( 'NONE', *, *, #2097, .T. ) ;
#1259 = MECHANICAL_DESIGN_GEOMETRIC_PRESENTATION_REPRESENTATION (  '', ( #1437 ), #2106 ) ;
#1260 = DIRECTION ( 'NONE',  ( 0.0000000000000000000, 0.0000000000000000000, 1.000000000000000000 ) ) ;
#1261 = ORIENTED_EDGE ( 'NONE', *, *, #2611, .F. ) ;
#1262 = CARTESIAN_POINT ( 'NONE',  ( 107.5000000000000426, 0.0000000000000000000, 0.0000000000000000000 ) ) ;
#1263 = ORIENTED_EDGE ( 'NONE', *, *, #1325, .F. ) ;
#1264 = ORIENTED_EDGE ( 'NONE', *, *, #816, .T. ) ;
#1265 = CARTESIAN_POINT ( 'NONE',  ( -146.0000000000000284, -155.0000000000000000, 0.0000000000000000000 ) ) ;
#1266 = ORIENTED_EDGE ( 'NONE', *, *, #1082, .T. ) ;
#1267 = DIRECTION ( 'NONE',  ( 0.0000000000000000000, 0.0000000000000000000, 1.000000000000000000 ) ) ;
#1268 = EDGE_CURVE ( 'NONE', #932, #1381, #151, .T. ) ;
#1269 = ADVANCED_FACE ( 'NONE', ( #1345 ), #1949, .T. ) ;
#1270 = DIRECTION ( 'NONE',  ( -1.000000000000000000, 0.0000000000000000000, 0.0000000000000000000 ) ) ;
#1271 = CARTESIAN_POINT ( 'NONE',  ( 107.5000000000000284, -155.0000000000000284, -20.00000000000000355 ) ) ;
#1272 = CARTESIAN_POINT ( 'NONE',  ( 145.9999999999999716, -154.9999999999999716, -2.000000000000000000 ) ) ;
#1273 = PLANE ( 'NONE',  #1835 ) ;
#1274 = VERTEX_POINT ( 'NONE', #989 ) ;
#1275 = CARTESIAN_POINT ( 'NONE',  ( 108.4999999999999574, -43.99999999999997868, -2.000000000000000000 ) ) ;
#1276 = AXIS2_PLACEMENT_3D ( 'NONE', #2543, #2571, #917 ) ;
#1277 = DIRECTION ( 'NONE',  ( -0.0000000000000000000, -0.0000000000000000000, 1.000000000000000000 ) ) ;
#1278 = FACE_OUTER_BOUND ( 'NONE', #378, .T. ) ;
#1279 = DIRECTION ( 'NONE',  ( 0.0000000000000000000, 0.0000000000000000000, -1.000000000000000000 ) ) ;
#1280 = CARTESIAN_POINT ( 'NONE',  ( -132.5000000000000000, -106.7500000000000142, 0.0000000000000000000 ) ) ;
#1281 = FACE_OUTER_BOUND ( 'NONE', #1033, .T. ) ;
#1282 = ORIENTED_EDGE ( 'NONE', *, *, #2488, .T. ) ;
#1283 = LINE ( 'NONE', #2202, #310 ) ;
#1284 = DIRECTION ( 'NONE',  ( 0.0000000000000000000, 0.0000000000000000000, -1.000000000000000000 ) ) ;
#1285 = COLOUR_RGB ( '',0.6470588235294117974, 0.6196078431372549211, 0.5882352941176470784 ) ;
#1286 = EDGE_CURVE ( 'NONE', #2188, #327, #1664, .T. ) ;
#1287 = CIRCLE ( 'NONE', #2387, 3.249999999999947597 ) ;
#1288 = LINE ( 'NONE', #900, #1629 ) ;
#1289 = CARTESIAN_POINT ( 'NONE',  ( 107.4999999999999858, 151.0000000000000284, 4.770489558936219510E-14 ) ) ;
#1290 = VECTOR ( 'NONE', #548, 1000.000000000000000 ) ;
#1291 = EDGE_CURVE ( 'NONE', #1924, #1780, #1737, .T. ) ;
#1292 = DIRECTION ( 'NONE',  ( 1.000000000000000000, 0.0000000000000000000, 0.0000000000000000000 ) ) ;
#1293 = CIRCLE ( 'NONE', #2211, 1.000000000000000888 ) ;
#1294 = CARTESIAN_POINT ( 'NONE',  ( 103.4999999999999574, -48.99999999999997158, 0.0000000000000000000 ) ) ;
#1295 = CARTESIAN_POINT ( 'NONE',  ( -108.4999999999999858, -155.0000000000000000, -1.999999999999978018 ) ) ;
#1296 = AXIS2_PLACEMENT_3D ( 'NONE', #1972, #502, #2551 ) ;
#1297 = ORIENTED_EDGE ( 'NONE', *, *, #1076, .T. ) ;
#1298 = ORIENTED_EDGE ( 'NONE', *, *, #1242, .T. ) ;
#1299 = DIRECTION ( 'NONE',  ( 0.0000000000000000000, 1.000000000000000000, 0.0000000000000000000 ) ) ;
#1300 = DIRECTION ( 'NONE',  ( 0.0000000000000000000, 3.083952846180981011E-15, -1.000000000000000000 ) ) ;
#1301 = EDGE_LOOP ( 'NONE', ( #180, #1793, #1298, #2295 ) ) ;
#1302 = EDGE_LOOP ( 'NONE', ( #1591, #1017, #2300, #473 ) ) ;
#1303 = ORIENTED_EDGE ( 'NONE', *, *, #1796, .T. ) ;
#1304 = CARTESIAN_POINT ( 'NONE',  ( 127.5000000000000284, -110.0000000000000995, -20.00100000000001188 ) ) ;
#1305 = ORIENTED_EDGE ( 'NONE', *, *, #420, .F. ) ;
#1306 = DIRECTION ( 'NONE',  ( 0.0000000000000000000, 0.0000000000000000000, 1.000000000000000000 ) ) ;
#1307 = EDGE_CURVE ( 'NONE', #1875, #80, #2649, .T. ) ;
#1308 = EDGE_LOOP ( 'NONE', ( #1574, #461, #2563, #1570 ) ) ;
#1309 = DIRECTION ( 'NONE',  ( 1.000000000000000000, 0.0000000000000000000, 0.0000000000000000000 ) ) ;
#1310 = DIRECTION ( 'NONE',  ( 7.709882115452451542E-16, 3.083952846180981011E-15, -1.000000000000000000 ) ) ;
#1311 = VERTEX_POINT ( 'NONE', #562 ) ;
#1312 = AXIS2_PLACEMENT_3D ( 'NONE', #428, #643, #845 ) ;
#1313 = ADVANCED_FACE ( 'NONE', ( #2044 ), #2618, .T. ) ;
#1314 = ORIENTED_EDGE ( 'NONE', *, *, #2327, .T. ) ;
#1315 = LINE ( 'NONE', #258, #1018 ) ;
#1316 = AXIS2_PLACEMENT_3D ( 'NONE', #1206, #2442, #2038 ) ;
#1317 = ORIENTED_EDGE ( 'NONE', *, *, #2488, .F. ) ;
#1318 = LINE ( 'NONE', #2534, #506 ) ;
#1319 = DIRECTION ( 'NONE',  ( -0.0000000000000000000, -0.0000000000000000000, 1.000000000000000000 ) ) ;
#1320 = DIRECTION ( 'NONE',  ( -0.0000000000000000000, -1.000000000000000000, -3.083952846180981011E-15 ) ) ;
#1321 = VECTOR ( 'NONE', #1139, 1000.000000000000000 ) ;
#1322 = CYLINDRICAL_SURFACE ( 'NONE', #2418, 4.000000000000003553 ) ;
#1323 = CARTESIAN_POINT ( 'NONE',  ( -107.4999999999999858, -150.9999999999999716, -1.999999999999955813 ) ) ;
#1324 = FACE_OUTER_BOUND ( 'NONE', #1302, .T. ) ;
#1325 = EDGE_CURVE ( 'NONE', #2472, #1924, #794, .T. ) ;
#1326 = CIRCLE ( 'NONE', #802, 3.249999999999947597 ) ;
#1327 = EDGE_CURVE ( 'NONE', #1924, #2386, #2517, .T. ) ;
#1328 = EDGE_LOOP ( 'NONE', ( #1908, #1542, #1413, #2325 ) ) ;
#1329 = ORIENTED_EDGE ( 'NONE', *, *, #95, .T. ) ;
#1330 = ORIENTED_EDGE ( 'NONE', *, *, #1772, .T. ) ;
#1331 = ORIENTED_EDGE ( 'NONE', *, *, #2382, .F. ) ;
#1332 = AXIS2_PLACEMENT_3D ( 'NONE', #320, #1358, #931 ) ;
#1333 = VERTEX_POINT ( 'NONE', #776 ) ;
#1334 = CARTESIAN_POINT ( 'NONE',  ( 103.4999999999999574, -43.99999999999997868, 0.0000000000000000000 ) ) ;
#1335 = DIRECTION ( 'NONE',  ( -0.0000000000000000000, 0.0000000000000000000, -1.000000000000000000 ) ) ;
#1336 = ORIENTED_EDGE ( 'NONE', *, *, #597, .T. ) ;
#1337 = ADVANCED_FACE ( 'NONE', ( #2399 ), #1426, .T. ) ;
#1338 = EDGE_CURVE ( 'NONE', #2684, #1141, #924, .T. ) ;
#1339 = CARTESIAN_POINT ( 'NONE',  ( 145.9999999999999716, 155.0000000000000284, -2.000000000000000000 ) ) ;
#1340 = VECTOR ( 'NONE', #1754, 1000.000000000000000 ) ;
#1341 = CARTESIAN_POINT ( 'NONE',  ( 103.4999999999999574, 4.000000000000025757, 0.0000000000000000000 ) ) ;
#1342 = ORIENTED_EDGE ( 'NONE', *, *, #1643, .T. ) ;
#1343 = DIRECTION ( 'NONE',  ( 1.000000000000000000, 0.0000000000000000000, 0.0000000000000000000 ) ) ;
#1344 = VECTOR ( 'NONE', #195, 1000.000000000000000 ) ;
#1345 = FACE_OUTER_BOUND ( 'NONE', #2093, .T. ) ;
#1346 = VECTOR ( 'NONE', #820, 1000.000000000000000 ) ;
#1347 = CIRCLE ( 'NONE', #773, 1.000000000000000888 ) ;
#1348 = LINE ( 'NONE', #2538, #1532 ) ;
#1349 = DIRECTION ( 'NONE',  ( -0.0000000000000000000, 1.000000000000000000, 0.0000000000000000000 ) ) ;
#1350 = CARTESIAN_POINT ( 'NONE',  ( 145.9999999999999716, -154.9999999999999716, -2.000000000000000000 ) ) ;
#1351 = CARTESIAN_POINT ( 'NONE',  ( -132.5000000000000000, -110.0000000000000000, 0.0000000000000000000 ) ) ;
#1352 = EDGE_LOOP ( 'NONE', ( #780, #885, #1597, #2288 ) ) ;
#1353 = EDGE_LOOP ( 'NONE', ( #1137, #1887, #1444, #74, #2122 ) ) ;
#1354 = EDGE_CURVE ( 'NONE', #1357, #196, #185, .T. ) ;
#1355 = CARTESIAN_POINT ( 'NONE',  ( 108.0000000000000426, -149.9999999999999716, -1.999999999999955813 ) ) ;
#1356 = ORIENTED_EDGE ( 'NONE', *, *, #579, .T. ) ;
#1357 = VERTEX_POINT ( 'NONE', #2491 ) ;
#1358 = DIRECTION ( 'NONE',  ( -0.0000000000000000000, -0.0000000000000000000, 1.000000000000000000 ) ) ;
#1359 = AXIS2_PLACEMENT_3D ( 'NONE', #2452, #599, #789 ) ;
#1360 = EDGE_LOOP ( 'NONE', ( #2408, #238, #971, #879 ) ) ;
#1361 = EDGE_LOOP ( 'NONE', ( #2663, #586, #1798, #1037 ) ) ;
#1362 = DIRECTION ( 'NONE',  ( 0.0000000000000000000, 0.0000000000000000000, -1.000000000000000000 ) ) ;
#1363 = DIRECTION ( 'NONE',  ( -1.000000000000000000, 0.0000000000000000000, 0.0000000000000000000 ) ) ;
#1364 = CARTESIAN_POINT ( 'NONE',  ( 135.7499999999999432, 110.0000000000000000, -2.000000000000001776 ) ) ;
#1365 = DIRECTION ( 'NONE',  ( 0.0000000000000000000, 0.0000000000000000000, 1.000000000000000000 ) ) ;
#1366 = EDGE_CURVE ( 'NONE', #1274, #2381, #670, .T. ) ;
#1367 = DIRECTION ( 'NONE',  ( 0.0000000000000000000, 1.000000000000000000, 0.0000000000000000000 ) ) ;
#1368 = EDGE_CURVE ( 'NONE', #1481, #350, #1771, .T. ) ;
#1369 = CIRCLE ( 'NONE', #569, 0.5000000000000004441 ) ;
#1370 = CARTESIAN_POINT ( 'NONE',  ( -127.5000000000000000, -3.250000000000000000, -20.00100000000001188 ) ) ;
#1371 = EDGE_LOOP ( 'NONE', ( #1256, #2315, #2001, #1314 ) ) ;
#1372 = VECTOR ( 'NONE', #1277, 1000.000000000000000 ) ;
#1373 = AXIS2_PLACEMENT_3D ( 'NONE', #1392, #1583, #1168 ) ;
#1374 = CARTESIAN_POINT ( 'NONE',  ( -109.4999999999999858, 154.0000000000000284, 0.0000000000000000000 ) ) ;
#1375 = CARTESIAN_POINT ( 'NONE',  ( 108.5000000000000426, -149.9999999999999716, -1.999999999999955813 ) ) ;
#1376 = CIRCLE ( 'NONE', #1613, 3.250000000000016875 ) ;
#1377 = CYLINDRICAL_SURFACE ( 'NONE', #2287, 0.5000000000000004441 ) ;
#1378 = FACE_BOUND ( 'NONE', #1862, .T. ) ;
#1379 = CARTESIAN_POINT ( 'NONE',  ( 107.5000000000000426, -150.9999999999999716, 0.0000000000000000000 ) ) ;
#1380 = CIRCLE ( 'NONE', #1130, 5.000000000000004441 ) ;
#1381 = VERTEX_POINT ( 'NONE', #623 ) ;
#1382 = CARTESIAN_POINT ( 'NONE',  ( 107.9999999999999858, 150.0000000000000284, -1.999999999999952260 ) ) ;
#1383 = EDGE_CURVE ( 'NONE', #161, #2188, #188, .T. ) ;
#1384 = ORIENTED_EDGE ( 'NONE', *, *, #698, .T. ) ;
#1385 = ORIENTED_EDGE ( 'NONE', *, *, #954, .T. ) ;
#1386 = AXIS2_PLACEMENT_3D ( 'NONE', #354, #2435, #2639 ) ;
#1387 =( NAMED_UNIT ( * ) SI_UNIT ( $, .STERADIAN. ) SOLID_ANGLE_UNIT ( ) );
#1388 = DIRECTION ( 'NONE',  ( 0.0000000000000000000, -0.0000000000000000000, 1.000000000000000000 ) ) ;
#1389 = CARTESIAN_POINT ( 'NONE',  ( -127.5000000000000284, -110.0000000000000995, -20.00100000000001188 ) ) ;
#1390 = DIRECTION ( 'NONE',  ( 0.0000000000000000000, 0.0000000000000000000, -1.000000000000000000 ) ) ;
#1391 = DIRECTION ( 'NONE',  ( -1.000000000000000000, 0.0000000000000000000, 0.0000000000000000000 ) ) ;
#1392 = CARTESIAN_POINT ( 'NONE',  ( -1.901066822988281950E-16, -152.9999999999999716, 7.170190367370779096E-13 ) ) ;
#1393 = EDGE_CURVE ( 'NONE', #2128, #2432, #2210, .T. ) ;
#1394 = DIRECTION ( 'NONE',  ( -1.000000000000000000, 0.0000000000000000000, 0.0000000000000000000 ) ) ;
#1395 = CIRCLE ( 'NONE', #2265, 3.249999999999947597 ) ;
#1396 = DIRECTION ( 'NONE',  ( -3.503246160812042677E-46, -1.000000000000000000, -3.491481338843133355E-15 ) ) ;
#1397 = EDGE_CURVE ( 'NONE', #1456, #2455, #2693, .T. ) ;
#1398 = ORIENTED_EDGE ( 'NONE', *, *, #2260, .F. ) ;
#1399 = CYLINDRICAL_SURFACE ( 'NONE', #2164, 0.5000000000000004441 ) ;
#1400 = LINE ( 'NONE', #1445, #859 ) ;
#1401 = AXIS2_PLACEMENT_3D ( 'NONE', #1068, #638, #1300 ) ;
#1402 = LINE ( 'NONE', #2173, #187 ) ;
#1403 = DIRECTION ( 'NONE',  ( -3.503246160812042677E-46, -1.000000000000000000, -3.491481338843133355E-15 ) ) ;
#1404 = ORIENTED_EDGE ( 'NONE', *, *, #2140, .T. ) ;
#1405 = CIRCLE ( 'NONE', #1136, 1.000000000000000888 ) ;
#1406 = CARTESIAN_POINT ( 'NONE',  ( -132.5000000000000000, 106.7500000000000711, 0.0000000000000000000 ) ) ;
#1407 = CARTESIAN_POINT ( 'NONE',  ( 107.5000000000000000, 155.0000000000000568, -15.00000000000000000 ) ) ;
#1408 = FACE_OUTER_BOUND ( 'NONE', #1990, .T. ) ;
#1409 = VECTOR ( 'NONE', #659, 1000.000000000000000 ) ;
#1410 = EDGE_LOOP ( 'NONE', ( #626, #453, #687, #2077 ) ) ;
#1411 = ADVANCED_FACE ( 'NONE', ( #863 ), #59, .T. ) ;
#1412 = PLANE ( 'NONE',  #150 ) ;
#1413 = ORIENTED_EDGE ( 'NONE', *, *, #44, .T. ) ;
#1414 = EDGE_CURVE ( 'NONE', #2386, #2596, #1022, .T. ) ;
#1415 = DIRECTION ( 'NONE',  ( 1.000000000000000000, 0.0000000000000000000, 0.0000000000000000000 ) ) ;
#1416 = EDGE_LOOP ( 'NONE', ( #2255, #2600, #1478, #818 ) ) ;
#1417 = DIRECTION ( 'NONE',  ( -0.0000000000000000000, -0.0000000000000000000, 1.000000000000000000 ) ) ;
#1418 = EDGE_LOOP ( 'NONE', ( #840, #685, #1253, #1642 ) ) ;
#1419 = EDGE_CURVE ( 'NONE', #1780, #1935, #54, .T. ) ;
#1420 = DIRECTION ( 'NONE',  ( -0.0000000000000000000, -1.000000000000000000, -3.083952846180981011E-15 ) ) ;
#1421 = ORIENTED_EDGE ( 'NONE', *, *, #319, .T. ) ;
#1422 = VERTEX_POINT ( 'NONE', #1406 ) ;
#1423 = CARTESIAN_POINT ( 'NONE',  ( 102.5000000000000284, -155.0000000000000568, -15.00000000000000355 ) ) ;
#1424 = ORIENTED_EDGE ( 'NONE', *, *, #81, .F. ) ;
#1425 = LINE ( 'NONE', #404, #1344 ) ;
#1426 = PLANE ( 'NONE',  #169 ) ;
#1427 = EDGE_CURVE ( 'NONE', #1141, #2224, #2150, .T. ) ;
#1428 = DIRECTION ( 'NONE',  ( 0.0000000000000000000, 0.0000000000000000000, 1.000000000000000000 ) ) ;
#1429 = LINE ( 'NONE', #2007, #896 ) ;
#1430 = LINE ( 'NONE', #1350, #1245 ) ;
#1431 = VECTOR ( 'NONE', #762, 1000.000000000000000 ) ;
#1432 = AXIS2_PLACEMENT_3D ( 'NONE', #2637, #135, #1791 ) ;
#1433 = ADVANCED_FACE ( 'NONE', ( #1982 ), #2259, .F. ) ;
#1434 = LINE ( 'NONE', #2232, #62 ) ;
#1435 = ORIENTED_EDGE ( 'NONE', *, *, #510, .T. ) ;
#1436 = CARTESIAN_POINT ( 'NONE',  ( -132.5000000000000000, -106.7500000000000142, -2.000000000000001776 ) ) ;
#1437 = STYLED_ITEM ( 'NONE', ( #2332 ), #963 ) ;
#1438 = LINE ( 'NONE', #1842, #901 ) ;
#1439 = DIRECTION ( 'NONE',  ( 0.0000000000000000000, -0.0000000000000000000, 1.000000000000000000 ) ) ;
#1440 = FACE_OUTER_BOUND ( 'NONE', #591, .T. ) ;
#1441 = ORIENTED_EDGE ( 'NONE', *, *, #1942, .F. ) ;
#1442 = DIRECTION ( 'NONE',  ( 0.0000000000000000000, 5.551115123125781913E-15, -1.000000000000000000 ) ) ;
#1443 = EDGE_LOOP ( 'NONE', ( #935, #2082, #2152, #75 ) ) ;
#1444 = ORIENTED_EDGE ( 'NONE', *, *, #2176, .F. ) ;
#1445 = CARTESIAN_POINT ( 'NONE',  ( 145.9999999999999716, 155.0000000000000284, -2.000000000000000000 ) ) ;
#1446 = EDGE_CURVE ( 'NONE', #1889, #161, #477, .T. ) ;
#1447 = ORIENTED_EDGE ( 'NONE', *, *, #1813, .F. ) ;
#1448 = ORIENTED_EDGE ( 'NONE', *, *, #2330, .F. ) ;
#1449 = EDGE_CURVE ( 'NONE', #1627, #2628, #2278, .T. ) ;
#1450 = CARTESIAN_POINT ( 'NONE',  ( 132.5000000000000000, -106.7500000000000142, 0.0000000000000000000 ) ) ;
#1451 = ORIENTED_EDGE ( 'NONE', *, *, #2444, .F. ) ;
#1452 = CARTESIAN_POINT ( 'NONE',  ( -107.4999999999999858, -149.9999999999999716, -1.999999999999955813 ) ) ;
#1453 = ORIENTED_EDGE ( 'NONE', *, *, #181, .T. ) ;
#1454 = AXIS2_PLACEMENT_3D ( 'NONE', #178, #849, #1260 ) ;
#1455 = DIRECTION ( 'NONE',  ( -0.0000000000000000000, -0.0000000000000000000, 1.000000000000000000 ) ) ;
#1456 = VERTEX_POINT ( 'NONE', #433 ) ;
#1457 = DIRECTION ( 'NONE',  ( -0.0000000000000000000, -1.000000000000000000, -0.0000000000000000000 ) ) ;
#1458 = ADVANCED_FACE ( 'NONE', ( #1633 ), #2268, .T. ) ;
#1459 = ORIENTED_EDGE ( 'NONE', *, *, #211, .T. ) ;
#1460 = CARTESIAN_POINT ( 'NONE',  ( 140.9999999999999716, -154.9999999999999716, -2.000000000000000000 ) ) ;
#1461 = FACE_BOUND ( 'NONE', #1789, .T. ) ;
#1462 = CARTESIAN_POINT ( 'NONE',  ( 145.9999999999999716, 9.000000000000024869, 0.0000000000000000000 ) ) ;
#1463 = VECTOR ( 'NONE', #1788, 1000.000000000000000 ) ;
#1464 = DIRECTION ( 'NONE',  ( 1.000000000000000000, 0.0000000000000000000, 0.0000000000000000000 ) ) ;
#1465 = EDGE_CURVE ( 'NONE', #2362, #1456, #610, .T. ) ;
#1466 = CARTESIAN_POINT ( 'NONE',  ( -141.0000000000000000, 155.0000000000000284, -2.000000000000000000 ) ) ;
#1467 = UNCERTAINTY_MEASURE_WITH_UNIT (LENGTH_MEASURE( 1.000000000000000082E-05 ), #774, 'distance_accuracy_value', 'NONE');
#1468 = LINE ( 'NONE', #1323, #1916 ) ;
#1469 = VECTOR ( 'NONE', #198, 1000.000000000000000 ) ;
#1470 = CARTESIAN_POINT ( 'NONE',  ( 107.4999999999999858, 150.0000000000000284, -1.999999999999952260 ) ) ;
#1471 = PLANE ( 'NONE',  #1182 ) ;
#1472 = AXIS2_PLACEMENT_3D ( 'NONE', #2558, #1726, #692 ) ;
#1473 = CYLINDRICAL_SURFACE ( 'NONE', #513, 2.000000000000001776 ) ;
#1474 = ORIENTED_EDGE ( 'NONE', *, *, #1964, .T. ) ;
#1475 = CARTESIAN_POINT ( 'NONE',  ( -127.5000000000000000, 0.0000000000000000000, -2.000000000000001776 ) ) ;
#1476 = DIRECTION ( 'NONE',  ( -1.000000000000000000, -0.0000000000000000000, -0.0000000000000000000 ) ) ;
#1477 = VERTEX_POINT ( 'NONE', #604 ) ;
#1478 = ORIENTED_EDGE ( 'NONE', *, *, #431, .T. ) ;
#1479 = DIRECTION ( 'NONE',  ( -0.0000000000000000000, 0.0000000000000000000, 1.000000000000000000 ) ) ;
#1480 = ORIENTED_EDGE ( 'NONE', *, *, #1736, .F. ) ;
#1481 = VERTEX_POINT ( 'NONE', #232 ) ;
#1482 = EDGE_CURVE ( 'NONE', #2599, #681, #1025, .T. ) ;
#1483 = ORIENTED_EDGE ( 'NONE', *, *, #2097, .F. ) ;
#1484 = CARTESIAN_POINT ( 'NONE',  ( -109.4999999999999858, -154.0000000000000000, 0.0000000000000000000 ) ) ;
#1485 = DIRECTION ( 'NONE',  ( 0.0000000000000000000, 5.551115123125781913E-15, -1.000000000000000000 ) ) ;
#1486 = EDGE_LOOP ( 'NONE', ( #777, #2233, #2222, #1222, #1722, #815 ) ) ;
#1487 = ADVANCED_FACE ( 'NONE', ( #1091 ), #1530, .T. ) ;
#1488 = AXIS2_PLACEMENT_3D ( 'NONE', #2683, #1420, #6 ) ;
#1489 = ORIENTED_EDGE ( 'NONE', *, *, #1198, .F. ) ;
#1490 = CARTESIAN_POINT ( 'NONE',  ( 132.5000000000000000, -113.2500000000000284, 0.0000000000000000000 ) ) ;
#1491 = DIRECTION ( 'NONE',  ( -0.0000000000000000000, 0.0000000000000000000, -1.000000000000000000 ) ) ;
#1492 = CIRCLE ( 'NONE', #2512, 3.249999999999947597 ) ;
#1493 = ORIENTED_EDGE ( 'NONE', *, *, #401, .F. ) ;
#1494 = DIRECTION ( 'NONE',  ( -0.0000000000000000000, 0.0000000000000000000, -1.000000000000000000 ) ) ;
#1495 = CARTESIAN_POINT ( 'NONE',  ( 145.9999999999999716, -154.9999999999999716, -2.000000000000000000 ) ) ;
#1496 = FACE_OUTER_BOUND ( 'NONE', #1418, .T. ) ;
#1497 = EDGE_CURVE ( 'NONE', #1965, #2381, #2464, .T. ) ;
#1498 = FACE_OUTER_BOUND ( 'NONE', #529, .T. ) ;
#1499 = FACE_OUTER_BOUND ( 'NONE', #1036, .T. ) ;
#1500 = DIRECTION ( 'NONE',  ( 7.709882115452446612E-16, 0.0000000000000000000, -1.000000000000000000 ) ) ;
#1501 = VECTOR ( 'NONE', #792, 1000.000000000000000 ) ;
#1502 = VERTEX_POINT ( 'NONE', #1671 ) ;
#1503 = ADVANCED_FACE ( 'NONE', ( #2591 ), #2537, .F. ) ;
#1504 = EDGE_CURVE ( 'NONE', #1131, #2009, #929, .T. ) ;
#1505 = CARTESIAN_POINT ( 'NONE',  ( -107.4999999999999858, 151.0000000000000284, -3.999999999999954259 ) ) ;
#1506 = VECTOR ( 'NONE', #1988, 1000.000000000000000 ) ;
#1507 = DIRECTION ( 'NONE',  ( 0.0000000000000000000, 1.000000000000000000, 0.0000000000000000000 ) ) ;
#1508 = AXIS2_PLACEMENT_3D ( 'NONE', #1304, #1319, #2356 ) ;
#1509 = ORIENTED_EDGE ( 'NONE', *, *, #2598, .T. ) ;
#1510 = ORIENTED_EDGE ( 'NONE', *, *, #510, .F. ) ;
#1511 = ORIENTED_EDGE ( 'NONE', *, *, #108, .T. ) ;
#1512 = CARTESIAN_POINT ( 'NONE',  ( 107.5000000000000426, -150.9999999999999716, -3.999999999999957367 ) ) ;
#1513 = ORIENTED_EDGE ( 'NONE', *, *, #1419, .F. ) ;
#1514 = EDGE_CURVE ( 'NONE', #1158, #1859, #444, .T. ) ;
#1515 = DIRECTION ( 'NONE',  ( 0.0000000000000000000, 0.0000000000000000000, 1.000000000000000000 ) ) ;
#1516 = ADVANCED_FACE ( 'NONE', ( #1706 ), #1907, .T. ) ;
#1517 = CARTESIAN_POINT ( 'NONE',  ( 132.5000000000000000, 110.0000000000000000, -20.00100000000001188 ) ) ;
#1518 = EDGE_CURVE ( 'NONE', #800, #1715, #1917, .T. ) ;
#1519 = DIRECTION ( 'NONE',  ( 0.0000000000000000000, -0.0000000000000000000, -1.000000000000000000 ) ) ;
#1520 = CARTESIAN_POINT ( 'NONE',  ( -132.5000000000000000, -106.7500000000000142, -20.00100000000001188 ) ) ;
#1521 = AXIS2_PLACEMENT_3D ( 'NONE', #1275, #2118, #2103 ) ;
#1522 = CARTESIAN_POINT ( 'NONE',  ( 108.0000000000000426, -149.9999999999999716, -1.999999999999955813 ) ) ;
#1523 = FACE_OUTER_BOUND ( 'NONE', #1443, .T. ) ;
#1524 = DIRECTION ( 'NONE',  ( 1.000000000000000000, 0.0000000000000000000, 0.0000000000000000000 ) ) ;
#1525 = LINE ( 'NONE', #1575, #2489 ) ;
#1526 = VECTOR ( 'NONE', #2008, 1000.000000000000000 ) ;
#1527 = ORIENTED_EDGE ( 'NONE', *, *, #2476, .F. ) ;
#1528 = DIRECTION ( 'NONE',  ( 0.0000000000000000000, -0.0000000000000000000, 1.000000000000000000 ) ) ;
#1529 = LINE ( 'NONE', #2254, #1218 ) ;
#1530 = CYLINDRICAL_SURFACE ( 'NONE', #500, 1.000000000000000888 ) ;
#1531 = EDGE_CURVE ( 'NONE', #1131, #2381, #2621, .T. ) ;
#1532 = VECTOR ( 'NONE', #874, 1000.000000000000000 ) ;
#1533 = DIRECTION ( 'NONE',  ( 1.000000000000000000, 0.0000000000000000000, 0.0000000000000000000 ) ) ;
#1534 = EDGE_CURVE ( 'NONE', #713, #1780, #606, .T. ) ;
#1535 = ORIENTED_EDGE ( 'NONE', *, *, #1159, .F. ) ;
#1536 = DIRECTION ( 'NONE',  ( 1.000000000000000000, 2.691890953078265677E-30, -7.709882115452451542E-16 ) ) ;
#1537 = EDGE_LOOP ( 'NONE', ( #158, #292, #2585, #1077 ) ) ;
#1538 = PRODUCT_DEFINITION_SHAPE ( 'NONE', 'NONE',  #842 ) ;
#1539 = CARTESIAN_POINT ( 'NONE',  ( -107.4999999999999858, -150.9999999999999716, -1.999999999999955813 ) ) ;
#1540 = AXIS2_PLACEMENT_3D ( 'NONE', #1475, #1904, #1710 ) ;
#1541 = ORIENTED_EDGE ( 'NONE', *, *, #1978, .F. ) ;
#1542 = ORIENTED_EDGE ( 'NONE', *, *, #298, .F. ) ;
#1543 = VERTEX_POINT ( 'NONE', #2500 ) ;
#1544 = ORIENTED_EDGE ( 'NONE', *, *, #2297, .T. ) ;
#1545 = DIRECTION ( 'NONE',  ( 0.0000000000000000000, 0.0000000000000000000, -1.000000000000000000 ) ) ;
#1546 = DIRECTION ( 'NONE',  ( 0.0000000000000000000, -0.0000000000000000000, 1.000000000000000000 ) ) ;
#1547 = EDGE_CURVE ( 'NONE', #227, #2054, #1405, .T. ) ;
#1548 = EDGE_LOOP ( 'NONE', ( #1342, #1330, #1618, #790 ) ) ;
#1549 = VERTEX_POINT ( 'NONE', #459 ) ;
#1550 = EDGE_CURVE ( 'NONE', #1381, #1965, #2074, .T. ) ;
#1551 = CARTESIAN_POINT ( 'NONE',  ( -132.5000000000000000, 106.7500000000000711, -2.000000000000001776 ) ) ;
#1552 = LINE ( 'NONE', #753, #1340 ) ;
#1553 = AXIS2_PLACEMENT_3D ( 'NONE', #1522, #1306, #2363 ) ;
#1554 = ORIENTED_EDGE ( 'NONE', *, *, #21, .T. ) ;
#1555 = DIRECTION ( 'NONE',  ( 1.000000000000000000, 0.0000000000000000000, -0.0000000000000000000 ) ) ;
#1556 = VECTOR ( 'NONE', #1013, 1000.000000000000000 ) ;
#1557 = ORIENTED_EDGE ( 'NONE', *, *, #199, .T. ) ;
#1558 = VECTOR ( 'NONE', #1519, 1000.000000000000000 ) ;
#1559 = FACE_BOUND ( 'NONE', #491, .T. ) ;
#1560 = VECTOR ( 'NONE', #1595, 1000.000000000000000 ) ;
#1561 = CARTESIAN_POINT ( 'NONE',  ( -132.5000000000000000, -113.2500000000000142, -20.00100000000001188 ) ) ;
#1562 = VECTOR ( 'NONE', #2, 1000.000000000000000 ) ;
#1563 = CYLINDRICAL_SURFACE ( 'NONE', #838, 3.250000000000002665 ) ;
#1564 = CARTESIAN_POINT ( 'NONE',  ( -124.2500000000000000, 0.0000000000000000000, 0.0000000000000000000 ) ) ;
#1565 = ORIENTED_EDGE ( 'NONE', *, *, #1232, .F. ) ;
#1566 = CARTESIAN_POINT ( 'NONE',  ( 132.5000000000000000, 110.0000000000000000, 0.0000000000000000000 ) ) ;
#1567 = FACE_OUTER_BOUND ( 'NONE', #1108, .T. ) ;
#1568 = EDGE_CURVE ( 'NONE', #1929, #2653, #796, .T. ) ;
#1569 = CARTESIAN_POINT ( 'NONE',  ( 109.5000000000000426, -154.9999999999999716, -2.000000000000000000 ) ) ;
#1570 = ORIENTED_EDGE ( 'NONE', *, *, #937, .T. ) ;
#1571 = CARTESIAN_POINT ( 'NONE',  ( 107.5000000000000426, -153.0000000000000000, -3.999999999999948042 ) ) ;
#1572 = CARTESIAN_POINT ( 'NONE',  ( 107.4999999999999858, 151.0000000000000284, -3.999999999999954259 ) ) ;
#1573 = AXIS2_PLACEMENT_3D ( 'NONE', #1695, #2165, #894 ) ;
#1574 = ORIENTED_EDGE ( 'NONE', *, *, #2523, .T. ) ;
#1575 = CARTESIAN_POINT ( 'NONE',  ( 107.5000000000000426, -152.9999999999999716, -1.999999999999954925 ) ) ;
#1576 = ORIENTED_EDGE ( 'NONE', *, *, #61, .T. ) ;
#1577 = VERTEX_POINT ( 'NONE', #1490 ) ;
#1578 = AXIS2_PLACEMENT_3D ( 'NONE', #1167, #2627, #568 ) ;
#1579 = DIRECTION ( 'NONE',  ( 0.0000000000000000000, 5.551115123125781913E-15, -1.000000000000000000 ) ) ;
#1580 = DIRECTION ( 'NONE',  ( -0.0000000000000000000, 0.0000000000000000000, -1.000000000000000000 ) ) ;
#1581 = DIRECTION ( 'NONE',  ( 0.0000000000000000000, 0.0000000000000000000, 1.000000000000000000 ) ) ;
#1582 = CARTESIAN_POINT ( 'NONE',  ( 107.5000000000000426, -149.9999999999999716, -1.999999999999955813 ) ) ;
#1583 = DIRECTION ( 'NONE',  ( 0.0000000000000000000, 1.000000000000000000, -4.625929269271471123E-15 ) ) ;
#1584 = EDGE_CURVE ( 'NONE', #424, #452, #375, .T. ) ;
#1585 = PLANE ( 'NONE',  #1668 ) ;
#1586 = DIRECTION ( 'NONE',  ( -0.0000000000000000000, 0.0000000000000000000, -1.000000000000000000 ) ) ;
#1587 = ORIENTED_EDGE ( 'NONE', *, *, #1327, .T. ) ;
#1588 = LINE ( 'NONE', #2428, #1630 ) ;
#1589 = PRESENTATION_LAYER_ASSIGNMENT (  '', '', ( #998 ) ) ;
#1590 = APPLICATION_CONTEXT ( 'automotive_design' ) ;
#1591 = ORIENTED_EDGE ( 'NONE', *, *, #1097, .T. ) ;
#1592 = DIRECTION ( 'NONE',  ( 0.0000000000000000000, -1.000000000000000000, 0.0000000000000000000 ) ) ;
#1593 = LINE ( 'NONE', #106, #826 ) ;
#1594 = FACE_OUTER_BOUND ( 'NONE', #1049, .T. ) ;
#1595 = DIRECTION ( 'NONE',  ( -0.0000000000000000000, -0.0000000000000000000, 1.000000000000000000 ) ) ;
#1596 = VECTOR ( 'NONE', #825, 1000.000000000000000 ) ;
#1597 = ORIENTED_EDGE ( 'NONE', *, *, #2121, .T. ) ;
#1598 = CARTESIAN_POINT ( 'NONE',  ( 127.5000000000000568, 106.7500000000000568, 0.0000000000000000000 ) ) ;
#1599 = FACE_OUTER_BOUND ( 'NONE', #2427, .T. ) ;
#1600 = ORIENTED_EDGE ( 'NONE', *, *, #2062, .T. ) ;
#1601 = VERTEX_POINT ( 'NONE', #1731 ) ;
#1602 = EDGE_LOOP ( 'NONE', ( #2416, #1483, #2501, #1986 ) ) ;
#1603 = DIRECTION ( 'NONE',  ( -0.0000000000000000000, -0.0000000000000000000, 1.000000000000000000 ) ) ;
#1604 = DIRECTION ( 'NONE',  ( 0.0000000000000000000, -1.000000000000000000, -3.491481338843133355E-15 ) ) ;
#1605 = EDGE_CURVE ( 'NONE', #1543, #35, #1347, .T. ) ;
#1606 = ORIENTED_EDGE ( 'NONE', *, *, #460, .F. ) ;
#1607 = VERTEX_POINT ( 'NONE', #1946 ) ;
#1608 = CARTESIAN_POINT ( 'NONE',  ( 0.0000000000000000000, 0.0000000000000000000, -2.000000000000000000 ) ) ;
#1609 = EDGE_LOOP ( 'NONE', ( #720, #775, #2638, #1610 ) ) ;
#1610 = ORIENTED_EDGE ( 'NONE', *, *, #2062, .F. ) ;
#1611 = DIRECTION ( 'NONE',  ( -0.0000000000000000000, -0.0000000000000000000, 1.000000000000000000 ) ) ;
#1612 = EDGE_LOOP ( 'NONE', ( #2670, #2567, #592, #693 ) ) ;
#1613 = AXIS2_PLACEMENT_3D ( 'NONE', #325, #2392, #101 ) ;
#1614 = ADVANCED_FACE ( 'NONE', ( #1216 ), #1846, .F. ) ;
#1615 = CARTESIAN_POINT ( 'NONE',  ( 107.5000000000000426, -149.9999999999999716, -1.999999999999955813 ) ) ;
#1616 = ORIENTED_EDGE ( 'NONE', *, *, #1759, .T. ) ;
#1617 = CARTESIAN_POINT ( 'NONE',  ( 140.9999999999999716, 4.000000000000025757, -2.000000000000000000 ) ) ;
#1618 = ORIENTED_EDGE ( 'NONE', *, *, #1809, .T. ) ;
#1619 = ORIENTED_EDGE ( 'NONE', *, *, #651, .T. ) ;
#1620 = CARTESIAN_POINT ( 'NONE',  ( 127.5000000000000284, 110.0000000000000000, 0.0000000000000000000 ) ) ;
#1621 = EDGE_CURVE ( 'NONE', #1158, #174, #1288, .T. ) ;
#1622 = DIRECTION ( 'NONE',  ( 9.505334114941409750E-17, -1.000000000000000000, 3.491481338843133355E-15 ) ) ;
#1623 = ORIENTED_EDGE ( 'NONE', *, *, #1547, .F. ) ;
#1624 = VECTOR ( 'NONE', #1688, 1000.000000000000000 ) ;
#1625 = EDGE_CURVE ( 'NONE', #756, #2196, #2273, .T. ) ;
#1626 = ADVANCED_FACE ( 'NONE', ( #1219 ), #2047, .F. ) ;
#1627 = VERTEX_POINT ( 'NONE', #2555 ) ;
#1628 = PLANE ( 'NONE',  #1989 ) ;
#1629 = VECTOR ( 'NONE', #688, 1000.000000000000000 ) ;
#1630 = VECTOR ( 'NONE', #2242, 1000.000000000000000 ) ;
#1631 = AXIS2_PLACEMENT_3D ( 'NONE', #220, #1005, #601 ) ;
#1632 = LINE ( 'NONE', #471, #2620 ) ;
#1633 = FACE_OUTER_BOUND ( 'NONE', #1352, .T. ) ;
#1634 = CARTESIAN_POINT ( 'NONE',  ( -107.4999999999999858, -150.9999999999999716, -3.999999999999957367 ) ) ;
#1635 = DIRECTION ( 'NONE',  ( -0.0000000000000000000, -0.0000000000000000000, 1.000000000000000000 ) ) ;
#1636 = LINE ( 'NONE', #1773, #377 ) ;
#1637 = EDGE_LOOP ( 'NONE', ( #1557, #2058, #2413, #1901 ) ) ;
#1638 = DIRECTION ( 'NONE',  ( 0.0000000000000000000, 0.0000000000000000000, -1.000000000000000000 ) ) ;
#1639 = CIRCLE ( 'NONE', #111, 5.000000000000004441 ) ;
#1640 = EDGE_LOOP ( 'NONE', ( #2120, #2409, #2059, #1063 ) ) ;
#1641 = CARTESIAN_POINT ( 'NONE',  ( 107.4999999999999858, 150.0000000000000284, -1.999999999999952260 ) ) ;
#1642 = ORIENTED_EDGE ( 'NONE', *, *, #176, .T. ) ;
#1643 = EDGE_CURVE ( 'NONE', #329, #2502, #1150, .T. ) ;
#1644 = DIRECTION ( 'NONE',  ( -1.000000000000000000, 0.0000000000000000000, 0.0000000000000000000 ) ) ;
#1645 = VERTEX_POINT ( 'NONE', #2562 ) ;
#1646 = CARTESIAN_POINT ( 'NONE',  ( -132.5000000000000000, 113.2499999999999574, -2.000000000000001776 ) ) ;
#1647 = EDGE_CURVE ( 'NONE', #2607, #2188, #1700, .T. ) ;
#1648 = EDGE_LOOP ( 'NONE', ( #1493, #1825, #2085, #1689 ) ) ;
#1649 = CARTESIAN_POINT ( 'NONE',  ( -108.4999999999999858, -149.9999999999999716, -1.999999999999955813 ) ) ;
#1650 = AXIS2_PLACEMENT_3D ( 'NONE', #347, #1129, #728 ) ;
#1651 = DIRECTION ( 'NONE',  ( -0.0000000000000000000, 0.0000000000000000000, -1.000000000000000000 ) ) ;
#1652 = CARTESIAN_POINT ( 'NONE',  ( -141.0000000000000000, -150.0000000000000000, -2.000000000000000000 ) ) ;
#1653 = CARTESIAN_POINT ( 'NONE',  ( -107.5000000000000000, 153.0000000000000568, -15.00000000000000711 ) ) ;
#1654 = VERTEX_POINT ( 'NONE', #275 ) ;
#1655 = DIRECTION ( 'NONE',  ( -0.0000000000000000000, 0.0000000000000000000, 1.000000000000000000 ) ) ;
#1656 = ORIENTED_EDGE ( 'NONE', *, *, #1909, .F. ) ;
#1657 = ADVANCED_FACE ( 'NONE', ( #115 ), #284, .F. ) ;
#1658 = DIRECTION ( 'NONE',  ( -2.775557561562904367E-15, -1.000000000000000000, 0.0000000000000000000 ) ) ;
#1659 = DIRECTION ( 'NONE',  ( 1.000000000000000000, 0.0000000000000000000, 0.0000000000000000000 ) ) ;
#1660 = EDGE_CURVE ( 'NONE', #1543, #1716, #539, .T. ) ;
#1661 = DIRECTION ( 'NONE',  ( -0.0000000000000000000, 0.0000000000000000000, -1.000000000000000000 ) ) ;
#1662 = VECTOR ( 'NONE', #175, 1000.000000000000000 ) ;
#1663 = CARTESIAN_POINT ( 'NONE',  ( -109.4999999999999858, -155.0000000000000000, -2.000000000000000000 ) ) ;
#1664 = LINE ( 'NONE', #1801, #2013 ) ;
#1665 = LINE ( 'NONE', #749, #89 ) ;
#1666 = AXIS2_PLACEMENT_3D ( 'NONE', #1389, #2674, #2072 ) ;
#1667 = CARTESIAN_POINT ( 'NONE',  ( 132.5000000000000000, 106.7500000000000711, -20.00100000000001188 ) ) ;
#1668 = AXIS2_PLACEMENT_3D ( 'NONE', #2234, #154, #1390 ) ;
#1669 = VECTOR ( 'NONE', #1050, 1000.000000000000000 ) ;
#1670 = ORIENTED_EDGE ( 'NONE', *, *, #600, .F. ) ;
#1671 = CARTESIAN_POINT ( 'NONE',  ( -127.5000000000000284, -113.2500000000001137, 0.0000000000000000000 ) ) ;
#1672 = ORIENTED_EDGE ( 'NONE', *, *, #1777, .F. ) ;
#1673 = ORIENTED_EDGE ( 'NONE', *, *, #2204, .F. ) ;
#1674 = DIRECTION ( 'NONE',  ( -0.0000000000000000000, -0.0000000000000000000, 1.000000000000000000 ) ) ;
#1675 = EDGE_LOOP ( 'NONE', ( #2445, #1095, #2291, #683, #383, #2032, #634, #1921, #875, #1421, #1679, #2195, #19, #1814, #1720, #125, #1228, #2348, #889, #556, #2328, #1385, #2350, #1896, #2143, #561, #1489, #2354, #1527, #321, #589, #1994, #654, #543, #494, #2039 ) ) ;
#1676 = ORIENTED_EDGE ( 'NONE', *, *, #2574, .F. ) ;
#1677 = CARTESIAN_POINT ( 'NONE',  ( 127.5000000000000568, 106.7500000000000568, -2.000000000000001776 ) ) ;
#1678 = EDGE_CURVE ( 'NONE', #2026, #1170, #2145, .T. ) ;
#1679 = ORIENTED_EDGE ( 'NONE', *, *, #1854, .F. ) ;
#1680 = CARTESIAN_POINT ( 'NONE',  ( 108.4999999999999574, -43.99999999999997868, 0.0000000000000000000 ) ) ;
#1681 = DIRECTION ( 'NONE',  ( -0.0000000000000000000, 0.0000000000000000000, -1.000000000000000000 ) ) ;
#1682 = ORIENTED_EDGE ( 'NONE', *, *, #785, .F. ) ;
#1683 = AXIS2_PLACEMENT_3D ( 'NONE', #1351, #2194, #2174 ) ;
#1684 = CARTESIAN_POINT ( 'NONE',  ( 145.9999999999999716, 155.0000000000000284, -2.000000000000000000 ) ) ;
#1685 = ORIENTED_EDGE ( 'NONE', *, *, #127, .F. ) ;
#1686 = PLANE ( 'NONE',  #2181 ) ;
#1687 = ADVANCED_FACE ( 'NONE', ( #1054 ), #23, .F. ) ;
#1688 = DIRECTION ( 'NONE',  ( 0.0000000000000000000, 0.0000000000000000000, 1.000000000000000000 ) ) ;
#1689 = ORIENTED_EDGE ( 'NONE', *, *, #2685, .T. ) ;
#1690 = AXIS2_PLACEMENT_3D ( 'NONE', #1087, #1957, #1104 ) ;
#1691 = CARTESIAN_POINT ( 'NONE',  ( 132.5000000000000000, -113.2500000000000284, -20.00100000000001188 ) ) ;
#1692 = CARTESIAN_POINT ( 'NONE',  ( 132.5000000000000000, 113.2499999999999574, 0.0000000000000000000 ) ) ;
#1693 = CARTESIAN_POINT ( 'NONE',  ( -124.2500000000000000, 0.0000000000000000000, -2.000000000000001776 ) ) ;
#1694 = ORIENTED_EDGE ( 'NONE', *, *, #819, .T. ) ;
#1695 = CARTESIAN_POINT ( 'NONE',  ( 140.9999999999999716, -149.9999999999999716, -2.000000000000000000 ) ) ;
#1696 = DIRECTION ( 'NONE',  ( 0.0000000000000000000, -1.000000000000000000, 0.0000000000000000000 ) ) ;
#1697 = EDGE_CURVE ( 'NONE', #1311, #131, #2184, .T. ) ;
#1698 = LINE ( 'NONE', #1460, #761 ) ;
#1699 = PLANE ( 'NONE',  #1401 ) ;
#1700 = CIRCLE ( 'NONE', #1103, 3.250000000000016875 ) ;
#1701 = LINE ( 'NONE', #2178, #636 ) ;
#1702 = ADVANCED_FACE ( 'NONE', ( #2371 ), #2400, .T. ) ;
#1703 = DIRECTION ( 'NONE',  ( 0.0000000000000000000, 0.0000000000000000000, -1.000000000000000000 ) ) ;
#1704 = EDGE_CURVE ( 'NONE', #2052, #524, #2238, .T. ) ;
#1705 = CIRCLE ( 'NONE', #1472, 4.000000000000000888 ) ;
#1706 = FACE_OUTER_BOUND ( 'NONE', #1648, .T. ) ;
#1707 = CARTESIAN_POINT ( 'NONE',  ( 127.5000000000000284, -113.2500000000000995, 0.0000000000000000000 ) ) ;
#1708 = AXIS2_PLACEMENT_3D ( 'NONE', #2527, #657, #1279 ) ;
#1709 = FACE_OUTER_BOUND ( 'NONE', #357, .T. ) ;
#1710 = DIRECTION ( 'NONE',  ( 1.000000000000000000, 0.0000000000000000000, 0.0000000000000000000 ) ) ;
#1711 = EDGE_LOOP ( 'NONE', ( #2499, #711, #1384, #2503 ) ) ;
#1712 = CARTESIAN_POINT ( 'NONE',  ( 127.5000000000000284, 110.0000000000000000, -20.00100000000001188 ) ) ;
#1713 = EDGE_LOOP ( 'NONE', ( #146, #202, #256, #1729 ) ) ;
#1714 = CARTESIAN_POINT ( 'NONE',  ( 108.5000000000000426, -153.9999999999999716, 0.0000000000000000000 ) ) ;
#1715 = VERTEX_POINT ( 'NONE', #1334 ) ;
#1716 = VERTEX_POINT ( 'NONE', #2421 ) ;
#1717 = ORIENTED_EDGE ( 'NONE', *, *, #1027, .F. ) ;
#1718 = DIRECTION ( 'NONE',  ( 1.000000000000000000, 0.0000000000000000000, 0.0000000000000000000 ) ) ;
#1719 = EDGE_CURVE ( 'NONE', #918, #2213, #219, .T. ) ;
#1720 = ORIENTED_EDGE ( 'NONE', *, *, #1625, .F. ) ;
#1721 = ADVANCED_FACE ( 'NONE', ( #575 ), #1322, .T. ) ;
#1722 = ORIENTED_EDGE ( 'NONE', *, *, #2578, .T. ) ;
#1723 = EDGE_CURVE ( 'NONE', #2301, #1756, #311, .T. ) ;
#1724 = CARTESIAN_POINT ( 'NONE',  ( 145.9999999999999716, 150.0000000000000284, 0.0000000000000000000 ) ) ;
#1725 = AXIS2_PLACEMENT_3D ( 'NONE', #2366, #250, #1107 ) ;
#1726 = DIRECTION ( 'NONE',  ( -1.000000000000000000, -0.0000000000000000000, -0.0000000000000000000 ) ) ;
#1727 = CARTESIAN_POINT ( 'NONE',  ( -127.5000000000000284, -106.7500000000000000, -2.000000000000001776 ) ) ;
#1728 = ORIENTED_EDGE ( 'NONE', *, *, #420, .T. ) ;
#1729 = ORIENTED_EDGE ( 'NONE', *, *, #582, .T. ) ;
#1730 = ADVANCED_FACE ( 'NONE', ( #1594 ), #152, .T. ) ;
#1731 = CARTESIAN_POINT ( 'NONE',  ( 108.4999999999999858, 154.0000000000000284, 0.0000000000000000000 ) ) ;
#1732 = LINE ( 'NONE', #358, #182 ) ;
#1733 = VERTEX_POINT ( 'NONE', #309 ) ;
#1734 = DIRECTION ( 'NONE',  ( 0.0000000000000000000, -0.0000000000000000000, 1.000000000000000000 ) ) ;
#1735 = FACE_OUTER_BOUND ( 'NONE', #16, .T. ) ;
#1736 = EDGE_CURVE ( 'NONE', #465, #557, #509, .T. ) ;
#1737 = LINE ( 'NONE', #339, #2586 ) ;
#1738 = CIRCLE ( 'NONE', #1045, 5.000000000000000888 ) ;
#1739 = FACE_OUTER_BOUND ( 'NONE', #727, .T. ) ;
#1740 = EDGE_CURVE ( 'NONE', #2378, #2088, #1738, .T. ) ;
#1741 = CYLINDRICAL_SURFACE ( 'NONE', #66, 3.249999999999947597 ) ;
#1742 = PLANE ( 'NONE',  #980 ) ;
#1743 = DIRECTION ( 'NONE',  ( -2.775557561562904367E-15, 1.000000000000000000, 0.0000000000000000000 ) ) ;
#1744 = AXIS2_PLACEMENT_3D ( 'NONE', #1184, #2294, #2641 ) ;
#1745 = ADVANCED_FACE ( 'NONE', ( #992 ), #957, .F. ) ;
#1746 = EDGE_LOOP ( 'NONE', ( #2642, #522, #763, #2158 ) ) ;
#1747 = ORIENTED_EDGE ( 'NONE', *, *, #1125, .T. ) ;
#1748 = ORIENTED_EDGE ( 'NONE', *, *, #2015, .F. ) ;
#1749 = ORIENTED_EDGE ( 'NONE', *, *, #2049, .F. ) ;
#1750 = DIRECTION ( 'NONE',  ( 1.000000000000000000, -2.775557561562904367E-15, 0.0000000000000000000 ) ) ;
#1751 = ORIENTED_EDGE ( 'NONE', *, *, #1584, .F. ) ;
#1752 = ORIENTED_EDGE ( 'NONE', *, *, #2000, .T. ) ;
#1753 = VERTEX_POINT ( 'NONE', #2002 ) ;
#1754 = DIRECTION ( 'NONE',  ( 1.000000000000000000, 2.085069290154172758E-45, 4.507352293526412556E-31 ) ) ;
#1755 = DIRECTION ( 'NONE',  ( 9.505334114941409750E-17, -1.000000000000000000, 0.0000000000000000000 ) ) ;
#1756 = VERTEX_POINT ( 'NONE', #2397 ) ;
#1757 = CARTESIAN_POINT ( 'NONE',  ( -107.9999999999999858, 150.0000000000000284, -1.999999999999952260 ) ) ;
#1758 = VERTEX_POINT ( 'NONE', #1551 ) ;
#1759 = EDGE_CURVE ( 'NONE', #2040, #523, #2430, .T. ) ;
#1760 = DIRECTION ( 'NONE',  ( 0.0000000000000000000, 5.551115123125781913E-15, 1.000000000000000000 ) ) ;
#1761 = AXIS2_PLACEMENT_3D ( 'NONE', #1134, #1763, #526 ) ;
#1762 = CARTESIAN_POINT ( 'NONE',  ( 132.5000000000000000, 106.7500000000000711, -2.000000000000001776 ) ) ;
#1763 = DIRECTION ( 'NONE',  ( 0.0000000000000000000, -0.0000000000000000000, 1.000000000000000000 ) ) ;
#1764 = VECTOR ( 'NONE', #828, 1000.000000000000000 ) ;
#1765 = DIRECTION ( 'NONE',  ( -1.000000000000000000, 2.775557561562904367E-15, 0.0000000000000000000 ) ) ;
#1766 = VECTOR ( 'NONE', #1891, 1000.000000000000000 ) ;
#1767 = VECTOR ( 'NONE', #104, 1000.000000000000000 ) ;
#1768 = DIRECTION ( 'NONE',  ( -1.000000000000000000, 0.0000000000000000000, 0.0000000000000000000 ) ) ;
#1769 = CARTESIAN_POINT ( 'NONE',  ( 140.9999999999999716, 155.0000000000000284, -2.000000000000000000 ) ) ;
#1770 = FACE_OUTER_BOUND ( 'NONE', #1209, .T. ) ;
#1771 = LINE ( 'NONE', #409, #2657 ) ;
#1772 = EDGE_CURVE ( 'NONE', #2502, #1733, #1808, .T. ) ;
#1773 = CARTESIAN_POINT ( 'NONE',  ( -132.5000000000000000, -113.2500000000000142, 0.0000000000000000000 ) ) ;
#1774 = CIRCLE ( 'NONE', #977, 3.249999999999947597 ) ;
#1775 = ORIENTED_EDGE ( 'NONE', *, *, #159, .T. ) ;
#1776 = DIRECTION ( 'NONE',  ( -0.0000000000000000000, -0.0000000000000000000, -1.000000000000000000 ) ) ;
#1777 = EDGE_CURVE ( 'NONE', #2390, #229, #1665, .T. ) ;
#1778 = LINE ( 'NONE', #434, #1669 ) ;
#1779 = CARTESIAN_POINT ( 'NONE',  ( 132.5000000000000000, -106.7500000000000142, -20.00100000000001188 ) ) ;
#1780 = VERTEX_POINT ( 'NONE', #2417 ) ;
#1781 = DIRECTION ( 'NONE',  ( 1.000000000000000000, 0.0000000000000000000, 0.0000000000000000000 ) ) ;
#1782 = AXIS2_PLACEMENT_3D ( 'NONE', #646, #2094, #841 ) ;
#1783 = ORIENTED_EDGE ( 'NONE', *, *, #1643, .F. ) ;
#1784 = VERTEX_POINT ( 'NONE', #2209 ) ;
#1785 = EDGE_LOOP ( 'NONE', ( #2631, #1195, #360, #2317 ) ) ;
#1786 = CARTESIAN_POINT ( 'NONE',  ( -124.2500000000000853, 110.0000000000000000, -20.00100000000001188 ) ) ;
#1787 = ORIENTED_EDGE ( 'NONE', *, *, #2479, .T. ) ;
#1788 = DIRECTION ( 'NONE',  ( 0.0000000000000000000, 1.000000000000000000, 0.0000000000000000000 ) ) ;
#1789 = EDGE_LOOP ( 'NONE', ( #1959, #690, #1317, #1670, #334 ) ) ;
#1790 = CARTESIAN_POINT ( 'NONE',  ( 102.5000000000000000, 155.0000000000000853, -20.00000000000000355 ) ) ;
#1791 = DIRECTION ( 'NONE',  ( -1.000000000000000000, 0.0000000000000000000, 0.0000000000000000000 ) ) ;
#1792 = EDGE_CURVE ( 'NONE', #1784, #131, #408, .T. ) ;
#1793 = ORIENTED_EDGE ( 'NONE', *, *, #2193, .T. ) ;
#1794 = CARTESIAN_POINT ( 'NONE',  ( 107.4999999999999858, 151.0000000000000284, -3.999999999999954259 ) ) ;
#1795 = ORIENTED_EDGE ( 'NONE', *, *, #282, .T. ) ;
#1796 = EDGE_CURVE ( 'NONE', #229, #686, #2108, .T. ) ;
#1797 = CARTESIAN_POINT ( 'NONE',  ( 132.5000000000000000, -113.2500000000000284, -2.000000000000001776 ) ) ;
#1798 = ORIENTED_EDGE ( 'NONE', *, *, #1178, .T. ) ;
#1799 = AXIS2_PLACEMENT_3D ( 'NONE', #1000, #1207, #2668 ) ;
#1800 = CARTESIAN_POINT ( 'NONE',  ( -132.5000000000000000, 110.0000000000000000, -2.000000000000001776 ) ) ;
#1801 = CARTESIAN_POINT ( 'NONE',  ( -132.5000000000000000, -106.7500000000000142, 0.0000000000000000000 ) ) ;
#1802 = LINE ( 'NONE', #814, #1556 ) ;
#1803 = FACE_BOUND ( 'NONE', #1970, .T. ) ;
#1804 = DIRECTION ( 'NONE',  ( 0.0000000000000000000, -0.0000000000000000000, -1.000000000000000000 ) ) ;
#1805 = CARTESIAN_POINT ( 'NONE',  ( -132.5000000000000000, 3.250000000000000000, -2.000000000000001776 ) ) ;
#1806 = CIRCLE ( 'NONE', #2467, 5.000000000000004441 ) ;
#1807 = SURFACE_STYLE_USAGE ( .BOTH. , #7 ) ;
#1808 = LINE ( 'NONE', #130, #925 ) ;
#1809 = EDGE_CURVE ( 'NONE', #1733, #1654, #440, .T. ) ;
#1810 = FACE_OUTER_BOUND ( 'NONE', #1612, .T. ) ;
#1811 = DIRECTION ( 'NONE',  ( -0.0000000000000000000, -0.0000000000000000000, 1.000000000000000000 ) ) ;
#1812 = CIRCLE ( 'NONE', #668, 0.5000000000000004441 ) ;
#1813 = EDGE_CURVE ( 'NONE', #584, #803, #1185, .T. ) ;
#1814 = ORIENTED_EDGE ( 'NONE', *, *, #1027, .T. ) ;
#1815 = VERTEX_POINT ( 'NONE', #2218 ) ;
#1816 = MANIFOLD_SOLID_BREP ( 'Verrundung2', #2532 ) ;
#1817 = CARTESIAN_POINT ( 'NONE',  ( -107.4999999999999858, -150.9999999999999716, -3.999999999999957367 ) ) ;
#1818 = AXIS2_PLACEMENT_3D ( 'NONE', #1271, #36, #448 ) ;
#1819 = ORIENTED_EDGE ( 'NONE', *, *, #1518, .T. ) ;
#1820 = CARTESIAN_POINT ( 'NONE',  ( -108.4999999999999858, 154.0000000000000284, -1.999999999999952260 ) ) ;
#1821 = DIRECTION ( 'NONE',  ( 1.000000000000000000, 0.0000000000000000000, -0.0000000000000000000 ) ) ;
#1822 = ORIENTED_EDGE ( 'NONE', *, *, #2645, .F. ) ;
#1823 = CARTESIAN_POINT ( 'NONE',  ( -132.5000000000000000, 113.2499999999999574, -20.00100000000001188 ) ) ;
#1824 =( GEOMETRIC_REPRESENTATION_CONTEXT ( 3 ) GLOBAL_UNCERTAINTY_ASSIGNED_CONTEXT ( ( #1857 ) ) GLOBAL_UNIT_ASSIGNED_CONTEXT ( ( #2021, #2458, #1829 ) ) REPRESENTATION_CONTEXT ( 'NONE', 'WORKASPACE' ) );
#1825 = ORIENTED_EDGE ( 'NONE', *, *, #436, .F. ) ;
#1826 = CARTESIAN_POINT ( 'NONE',  ( 102.5000000000000000, 155.0000000000000568, -15.00000000000000355 ) ) ;
#1827 = CARTESIAN_POINT ( 'NONE',  ( -127.5000000000000568, 106.7500000000000568, 0.0000000000000000000 ) ) ;
#1828 = CARTESIAN_POINT ( 'NONE',  ( 103.4999999999999574, -0.9999999999999731326, 0.0000000000000000000 ) ) ;
#1829 =( NAMED_UNIT ( * ) SI_UNIT ( $, .STERADIAN. ) SOLID_ANGLE_UNIT ( ) );
#1830 = DIRECTION ( 'NONE',  ( 1.000000000000000000, 0.0000000000000000000, 0.0000000000000000000 ) ) ;
#1831 = EDGE_CURVE ( 'NONE', #2673, #563, #1980, .T. ) ;
#1832 = CARTESIAN_POINT ( 'NONE',  ( 107.5000000000000426, -155.0000000000000000, -3.999999999999938716 ) ) ;
#1833 = VERTEX_POINT ( 'NONE', #335 ) ;
#1834 = CARTESIAN_POINT ( 'NONE',  ( 107.5000000000000426, -152.9999999999999716, -3.999999999999948042 ) ) ;
#1835 = AXIS2_PLACEMENT_3D ( 'NONE', #1295, #40, #1284 ) ;
#1836 = CIRCLE ( 'NONE', #1316, 1.000000000000000888 ) ;
#1837 = DIRECTION ( 'NONE',  ( 0.0000000000000000000, -0.0000000000000000000, 1.000000000000000000 ) ) ;
#1838 = ORIENTED_EDGE ( 'NONE', *, *, #1248, .F. ) ;
#1839 = VECTOR ( 'NONE', #793, 1000.000000000000000 ) ;
#1840 = CARTESIAN_POINT ( 'NONE',  ( -107.4999999999999858, 155.0000000000000284, -3.999999999999940936 ) ) ;
#1841 = ORIENTED_EDGE ( 'NONE', *, *, #2361, .T. ) ;
#1842 = CARTESIAN_POINT ( 'NONE',  ( -107.4999999999999716, -155.0000000000000284, -15.00000000000000711 ) ) ;
#1843 = VECTOR ( 'NONE', #947, 1000.000000000000000 ) ;
#1844 = CARTESIAN_POINT ( 'NONE',  ( -146.0000000000000284, -150.0000000000000000, 0.0000000000000000000 ) ) ;
#1845 = VECTOR ( 'NONE', #243, 1000.000000000000000 ) ;
#1846 = CYLINDRICAL_SURFACE ( 'NONE', #1508, 3.250000000000002665 ) ;
#1847 = CIRCLE ( 'NONE', #602, 5.000000000000000888 ) ;
#1848 = ORIENTED_EDGE ( 'NONE', *, *, #1514, .T. ) ;
#1849 = EDGE_CURVE ( 'NONE', #1549, #918, #2014, .T. ) ;
#1850 = VECTOR ( 'NONE', #2251, 1000.000000000000000 ) ;
#1851 = EDGE_LOOP ( 'NONE', ( #1160, #1841, #1656, #1356 ) ) ;
#1852 = ADVANCED_FACE ( 'NONE', ( #704 ), #2490, .F. ) ;
#1853 = CARTESIAN_POINT ( 'NONE',  ( 102.5000000000000000, 153.0000000000000853, -20.00000000000001066 ) ) ;
#1854 = EDGE_CURVE ( 'NONE', #174, #1863, #1400, .T. ) ;
#1855 = ORIENTED_EDGE ( 'NONE', *, *, #333, .F. ) ;
#1856 = ORIENTED_EDGE ( 'NONE', *, *, #2276, .T. ) ;
#1857 = UNCERTAINTY_MEASURE_WITH_UNIT (LENGTH_MEASURE( 1.000000000000000082E-05 ), #2021, 'distance_accuracy_value', 'NONE');
#1858 = CARTESIAN_POINT ( 'NONE',  ( 108.4999999999999574, -48.99999999999997158, 0.0000000000000000000 ) ) ;
#1859 = VERTEX_POINT ( 'NONE', #423 ) ;
#1860 = ORIENTED_EDGE ( 'NONE', *, *, #1947, .F. ) ;
#1861 = DIRECTION ( 'NONE',  ( -0.0000000000000000000, -0.0000000000000000000, 1.000000000000000000 ) ) ;
#1862 = EDGE_LOOP ( 'NONE', ( #746, #382, #593, #1958, #2219 ) ) ;
#1863 = VERTEX_POINT ( 'NONE', #223 ) ;
#1864 = DIRECTION ( 'NONE',  ( 1.000000000000000000, 0.0000000000000000000, 0.0000000000000000000 ) ) ;
#1865 = VERTEX_POINT ( 'NONE', #1379 ) ;
#1866 = ORIENTED_EDGE ( 'NONE', *, *, #2239, .F. ) ;
#1867 = DIRECTION ( 'NONE',  ( -7.709882115452451542E-16, 0.0000000000000000000, 1.000000000000000000 ) ) ;
#1868 = ORIENTED_EDGE ( 'NONE', *, *, #233, .T. ) ;
#1869 = DIRECTION ( 'NONE',  ( 0.0000000000000000000, -1.000000000000000000, 0.0000000000000000000 ) ) ;
#1870 = EDGE_CURVE ( 'NONE', #206, #2040, #1119, .T. ) ;
#1871 = ORIENTED_EDGE ( 'NONE', *, *, #2594, .F. ) ;
#1872 = VECTOR ( 'NONE', #43, 1000.000000000000000 ) ;
#1873 = DIRECTION ( 'NONE',  ( 0.0000000000000000000, 0.0000000000000000000, 1.000000000000000000 ) ) ;
#1874 = AXIS2_PLACEMENT_3D ( 'NONE', #2141, #1320, #2133 ) ;
#1875 = VERTEX_POINT ( 'NONE', #167 ) ;
#1876 = CARTESIAN_POINT ( 'NONE',  ( -132.5000000000000000, 3.250000000000000000, 0.0000000000000000000 ) ) ;
#1877 = LINE ( 'NONE', #2335, #764 ) ;
#1878 = DIRECTION ( 'NONE',  ( 0.0000000000000000000, 0.0000000000000000000, 1.000000000000000000 ) ) ;
#1879 = ORIENTED_EDGE ( 'NONE', *, *, #633, .F. ) ;
#1880 = AXIS2_PLACEMENT_3D ( 'NONE', #882, #2541, #57 ) ;
#1881 = FACE_OUTER_BOUND ( 'NONE', #731, .T. ) ;
#1882 = VECTOR ( 'NONE', #1175, 1000.000000000000000 ) ;
#1883 = FACE_OUTER_BOUND ( 'NONE', #1675, .T. ) ;
#1884 = EDGE_LOOP ( 'NONE', ( #2067, #1554, #1238, #558 ) ) ;
#1885 = CARTESIAN_POINT ( 'NONE',  ( 132.5000000000000000, 110.0000000000000000, -2.000000000000001776 ) ) ;
#1886 = FACE_OUTER_BOUND ( 'NONE', #876, .T. ) ;
#1887 = ORIENTED_EDGE ( 'NONE', *, *, #2157, .F. ) ;
#1888 = DIRECTION ( 'NONE',  ( -0.0000000000000000000, -0.0000000000000000000, -1.000000000000000000 ) ) ;
#1889 = VERTEX_POINT ( 'NONE', #1436 ) ;
#1890 = EDGE_CURVE ( 'NONE', #557, #2084, #249, .T. ) ;
#1891 = DIRECTION ( 'NONE',  ( 7.709882115452450556E-16, -4.625929269271471123E-15, -1.000000000000000000 ) ) ;
#1892 = EDGE_LOOP ( 'NONE', ( #168, #519, #128, #149 ) ) ;
#1893 = CARTESIAN_POINT ( 'NONE',  ( -107.4999999999999858, -149.9999999999999716, -1.999999999999955813 ) ) ;
#1894 = AXIS2_PLACEMENT_3D ( 'NONE', #297, #912, #2380 ) ;
#1895 = CARTESIAN_POINT ( 'NONE',  ( -108.4999999999999858, 150.0000000000000284, -1.999999999999952260 ) ) ;
#1896 = ORIENTED_EDGE ( 'NONE', *, *, #1890, .T. ) ;
#1897 = AXIS2_PLACEMENT_3D ( 'NONE', #1817, #2045, #628 ) ;
#1898 = CARTESIAN_POINT ( 'NONE',  ( -107.4999999999999858, 155.0000000000000284, 5.678768865768522194E-13 ) ) ;
#1899 = PLANE ( 'NONE',  #1818 ) ;
#1900 = DIRECTION ( 'NONE',  ( 7.709882115452450556E-16, 4.625929269271471123E-15, 1.000000000000000000 ) ) ;
#1901 = ORIENTED_EDGE ( 'NONE', *, *, #973, .T. ) ;
#1902 = PLANE ( 'NONE',  #1782 ) ;
#1903 = ORIENTED_EDGE ( 'NONE', *, *, #1056, .T. ) ;
#1904 = DIRECTION ( 'NONE',  ( -0.0000000000000000000, 0.0000000000000000000, -1.000000000000000000 ) ) ;
#1905 = COLOUR_RGB ( '',0.6470588235294117974, 0.6196078431372549211, 0.5882352941176470784 ) ;
#1906 = ADVANCED_FACE ( 'NONE', ( #2337 ), #1377, .F. ) ;
#1907 = PLANE ( 'NONE',  #1708 ) ;
#1908 = ORIENTED_EDGE ( 'NONE', *, *, #1366, .F. ) ;
#1909 = EDGE_CURVE ( 'NONE', #1715, #1928, #281, .T. ) ;
#1910 = DIRECTION ( 'NONE',  ( 1.000000000000000000, 0.0000000000000000000, 0.0000000000000000000 ) ) ;
#1911 = VECTOR ( 'NONE', #2272, 1000.000000000000000 ) ;
#1912 = ORIENTED_EDGE ( 'NONE', *, *, #1625, .T. ) ;
#1913 = VECTOR ( 'NONE', #2250, 1000.000000000000000 ) ;
#1914 = CARTESIAN_POINT ( 'NONE',  ( -102.5000000000000000, 155.0000000000000853, -15.00000000000000355 ) ) ;
#1915 = AXIS2_PLACEMENT_3D ( 'NONE', #1999, #747, #1638 ) ;
#1916 = VECTOR ( 'NONE', #85, 1000.000000000000000 ) ;
#1917 = CIRCLE ( 'NONE', #273, 5.000000000000004441 ) ;
#1918 = CARTESIAN_POINT ( 'NONE',  ( -102.4999999999999716, -155.0000000000000568, -15.00000000000000355 ) ) ;
#1919 = CIRCLE ( 'NONE', #1065, 3.250000000000002665 ) ;
#1920 = CARTESIAN_POINT ( 'NONE',  ( 107.4999999999999858, 153.0000000000000284, -3.999999999999948042 ) ) ;
#1921 = ORIENTED_EDGE ( 'NONE', *, *, #1849, .F. ) ;
#1922 = PLANE ( 'NONE',  #286 ) ;
#1923 = ADVANCED_FACE ( 'NONE', ( #1499 ), #417, .F. ) ;
#1924 = VERTEX_POINT ( 'NONE', #2650 ) ;
#1925 = CARTESIAN_POINT ( 'NONE',  ( -102.5000000000000000, 153.0000000000000853, -20.00000000000001066 ) ) ;
#1926 = CARTESIAN_POINT ( 'NONE',  ( 132.5000000000000000, -106.7500000000000142, 0.0000000000000000000 ) ) ;
#1927 = EDGE_CURVE ( 'NONE', #1601, #2619, #827, .T. ) ;
#1928 = VERTEX_POINT ( 'NONE', #1828 ) ;
#1929 = VERTEX_POINT ( 'NONE', #1041 ) ;
#1930 = CARTESIAN_POINT ( 'NONE',  ( -107.4999999999999858, 155.0000000000000284, -3.999999999999941824 ) ) ;
#1931 = CARTESIAN_POINT ( 'NONE',  ( 109.5000000000000426, -154.9999999999999716, 0.0000000000000000000 ) ) ;
#1932 = AXIS2_PLACEMENT_3D ( 'NONE', #179, #1592, #1231 ) ;
#1933 = ORIENTED_EDGE ( 'NONE', *, *, #142, .F. ) ;
#1934 = AXIS2_PLACEMENT_3D ( 'NONE', #165, #368, #2043 ) ;
#1935 = VERTEX_POINT ( 'NONE', #1598 ) ;
#1936 = ADVANCED_FACE ( 'NONE', ( #343 ), #1051, .F. ) ;
#1937 = DIRECTION ( 'NONE',  ( 1.000000000000000000, 0.0000000000000000000, 0.0000000000000000000 ) ) ;
#1938 = DIRECTION ( 'NONE',  ( 1.000000000000000000, 0.0000000000000000000, 0.0000000000000000000 ) ) ;
#1939 = DIRECTION ( 'NONE',  ( 0.0000000000000000000, 1.000000000000000000, 0.0000000000000000000 ) ) ;
#1940 = DIRECTION ( 'NONE',  ( 1.000000000000000000, 0.0000000000000000000, 0.0000000000000000000 ) ) ;
#1941 = ORIENTED_EDGE ( 'NONE', *, *, #176, .F. ) ;
#1942 = EDGE_CURVE ( 'NONE', #2084, #523, #348, .T. ) ;
#1943 = LINE ( 'NONE', #2510, #1872 ) ;
#1944 = ORIENTED_EDGE ( 'NONE', *, *, #28, .F. ) ;
#1945 = LINE ( 'NONE', #1020, #1023 ) ;
#1946 = CARTESIAN_POINT ( 'NONE',  ( 135.7499999999999432, 110.0000000000000000, 0.0000000000000000000 ) ) ;
#1947 = EDGE_CURVE ( 'NONE', #80, #1577, #540, .T. ) ;
#1948 = DIRECTION ( 'NONE',  ( -1.000000000000000000, 0.0000000000000000000, 0.0000000000000000000 ) ) ;
#1949 = CYLINDRICAL_SURFACE ( 'NONE', #2019, 5.000000000000004441 ) ;
#1950 = FACE_OUTER_BOUND ( 'NONE', #1486, .T. ) ;
#1951 = DIRECTION ( 'NONE',  ( 0.0000000000000000000, 0.0000000000000000000, 1.000000000000000000 ) ) ;
#1952 = AXIS2_PLACEMENT_3D ( 'NONE', #883, #299, #1937 ) ;
#1953 = FACE_BOUND ( 'NONE', #2609, .T. ) ;
#1954 = VERTEX_POINT ( 'NONE', #2137 ) ;
#1955 = ADVANCED_FACE ( 'NONE', ( #1950 ), #1699, .F. ) ;
#1956 = LINE ( 'NONE', #853, #2285 ) ;
#1957 = DIRECTION ( 'NONE',  ( 0.0000000000000000000, -0.0000000000000000000, 1.000000000000000000 ) ) ;
#1958 = ORIENTED_EDGE ( 'NONE', *, *, #2033, .F. ) ;
#1959 = ORIENTED_EDGE ( 'NONE', *, *, #181, .F. ) ;
#1960 = ORIENTED_EDGE ( 'NONE', *, *, #9, .T. ) ;
#1961 = ORIENTED_EDGE ( 'NONE', *, *, #1927, .T. ) ;
#1962 = DIRECTION ( 'NONE',  ( 0.0000000000000000000, 0.0000000000000000000, -1.000000000000000000 ) ) ;
#1963 = DIRECTION ( 'NONE',  ( 1.000000000000000000, 0.0000000000000000000, 0.0000000000000000000 ) ) ;
#1964 = EDGE_CURVE ( 'NONE', #1102, #2301, #953, .T. ) ;
#1965 = VERTEX_POINT ( 'NONE', #245 ) ;
#1966 = DIRECTION ( 'NONE',  ( 1.000000000000000000, 0.0000000000000000000, 0.0000000000000000000 ) ) ;
#1967 = EDGE_LOOP ( 'NONE', ( #1866, #1070, #836, #2347 ) ) ;
#1968 = AXIS2_PLACEMENT_3D ( 'NONE', #271, #1491, #1938 ) ;
#1969 = DIRECTION ( 'NONE',  ( -1.000000000000000000, -2.775557561562904367E-15, 0.0000000000000000000 ) ) ;
#1970 = EDGE_LOOP ( 'NONE', ( #1941, #1234, #1513, #2552, #225 ) ) ;
#1971 = ORIENTED_EDGE ( 'NONE', *, *, #2193, .F. ) ;
#1972 = CARTESIAN_POINT ( 'NONE',  ( -107.4999999999999858, -150.9999999999999716, -3.999999999999957367 ) ) ;
#1973 = CARTESIAN_POINT ( 'NONE',  ( 145.9999999999999716, 9.000000000000024869, -2.000000000000000000 ) ) ;
#1974 = VECTOR ( 'NONE', #1403, 1000.000000000000000 ) ;
#1975 = CARTESIAN_POINT ( 'NONE',  ( -132.5000000000000000, 3.250000000000000000, -20.00100000000001188 ) ) ;
#1976 = VECTOR ( 'NONE', #1888, 1000.000000000000000 ) ;
#1977 = ADVANCED_FACE ( 'NONE', ( #1523 ), #478, .F. ) ;
#1978 = EDGE_CURVE ( 'NONE', #322, #2412, #56, .T. ) ;
#1979 = CYLINDRICAL_SURFACE ( 'NONE', #204, 1.000000000000000888 ) ;
#1980 = CIRCLE ( 'NONE', #1744, 3.250000000000002665 ) ;
#1981 = VECTOR ( 'NONE', #163, 1000.000000000000000 ) ;
#1982 = FACE_OUTER_BOUND ( 'NONE', #1991, .T. ) ;
#1983 = AXIS2_PLACEMENT_3D ( 'NONE', #1224, #381, #1604 ) ;
#1984 = FACE_OUTER_BOUND ( 'NONE', #1301, .T. ) ;
#1985 = DIRECTION ( 'NONE',  ( -0.0000000000000000000, 0.0000000000000000000, -1.000000000000000000 ) ) ;
#1986 = ORIENTED_EDGE ( 'NONE', *, *, #282, .F. ) ;
#1987 = DIRECTION ( 'NONE',  ( 1.000000000000000000, 9.505334114941409750E-17, -0.0000000000000000000 ) ) ;
#1988 = DIRECTION ( 'NONE',  ( 1.000000000000000000, 9.505334114941409750E-17, -0.0000000000000000000 ) ) ;
#1989 = AXIS2_PLACEMENT_3D ( 'NONE', #387, #415, #1867 ) ;
#1990 = EDGE_LOOP ( 'NONE', ( #1067, #1006, #1453, #869 ) ) ;
#1991 = EDGE_LOOP ( 'NONE', ( #907, #1856, #772, #1424 ) ) ;
#1992 = ORIENTED_EDGE ( 'NONE', *, *, #46, .T. ) ;
#1993 = VERTEX_POINT ( 'NONE', #2505 ) ;
#1994 = ORIENTED_EDGE ( 'NONE', *, *, #1605, .T. ) ;
#1995 = CARTESIAN_POINT ( 'NONE',  ( 108.4999999999999858, 155.0000000000000284, -1.999999999999976241 ) ) ;
#1996 = EDGE_CURVE ( 'NONE', #475, #2384, #87, .T. ) ;
#1997 = DIRECTION ( 'NONE',  ( 0.0000000000000000000, 0.0000000000000000000, 1.000000000000000000 ) ) ;
#1998 = ORIENTED_EDGE ( 'NONE', *, *, #2615, .T. ) ;
#1999 = CARTESIAN_POINT ( 'NONE',  ( 103.4999999999999574, -48.99999999999997158, -2.000000000000000000 ) ) ;
#2000 = EDGE_CURVE ( 'NONE', #2653, #1197, #116, .T. ) ;
#2001 = ORIENTED_EDGE ( 'NONE', *, *, #1849, .T. ) ;
#2002 = CARTESIAN_POINT ( 'NONE',  ( 102.5000000000000284, -153.0000000000000568, -20.00000000000001066 ) ) ;
#2003 = AXIS2_PLACEMENT_3D ( 'NONE', #2279, #1439, #1015 ) ;
#2004 = DIRECTION ( 'NONE',  ( 1.000000000000000000, 9.505334114941409750E-17, 0.0000000000000000000 ) ) ;
#2005 = CARTESIAN_POINT ( 'NONE',  ( 102.5000000000000284, -153.0000000000000284, -15.00000000000001066 ) ) ;
#2006 = CIRCLE ( 'NONE', #1171, 5.000000000000004441 ) ;
#2007 = CARTESIAN_POINT ( 'NONE',  ( -132.5000000000000000, 3.250000000000000000, 0.0000000000000000000 ) ) ;
#2008 = DIRECTION ( 'NONE',  ( -0.0000000000000000000, -0.0000000000000000000, 1.000000000000000000 ) ) ;
#2009 = VERTEX_POINT ( 'NONE', #1289 ) ;
#2010 = CIRCLE ( 'NONE', #1540, 3.250000000000002665 ) ;
#2011 = APPLICATION_PROTOCOL_DEFINITION ( 'draft international standard', 'automotive_design', 1998, #588 ) ;
#2012 = CARTESIAN_POINT ( 'NONE',  ( 108.4999999999999574, -0.9999999999999731326, 0.0000000000000000000 ) ) ;
#2013 = VECTOR ( 'NONE', #2230, 1000.000000000000000 ) ;
#2014 = CIRCLE ( 'NONE', #2037, 0.5000000000000004441 ) ;
#2015 = EDGE_CURVE ( 'NONE', #338, #1274, #1318, .T. ) ;
#2016 = LINE ( 'NONE', #480, #121 ) ;
#2017 = CARTESIAN_POINT ( 'NONE',  ( 108.4999999999999574, 4.000000000000025757, 0.0000000000000000000 ) ) ;
#2018 = DIRECTION ( 'NONE',  ( 2.775557561562904367E-15, 1.000000000000000000, 0.0000000000000000000 ) ) ;
#2019 = AXIS2_PLACEMENT_3D ( 'NONE', #962, #2443, #1200 ) ;
#2020 = CIRCLE ( 'NONE', #2124, 3.249999999999947597 ) ;
#2021 =( LENGTH_UNIT ( ) NAMED_UNIT ( * ) SI_UNIT ( .MILLI., .METRE. ) );
#2022 = VECTOR ( 'NONE', #1940, 1000.000000000000000 ) ;
#2023 = CARTESIAN_POINT ( 'NONE',  ( -107.9999999999999858, 150.0000000000000284, -1.999999999999952260 ) ) ;
#2024 = AXIS2_PLACEMENT_3D ( 'NONE', #2497, #2060, #2066 ) ;
#2025 = VERTEX_POINT ( 'NONE', #1058 ) ;
#2026 = VERTEX_POINT ( 'NONE', #1462 ) ;
#2027 = DIRECTION ( 'NONE',  ( 0.0000000000000000000, 5.551115123125781913E-15, 1.000000000000000000 ) ) ;
#2028 = CARTESIAN_POINT ( 'NONE',  ( 107.9999999999999858, 150.0000000000000284, -1.999999999999952260 ) ) ;
#2029 = CARTESIAN_POINT ( 'NONE',  ( 132.5000000000000000, 113.2499999999999574, -2.000000000000001776 ) ) ;
#2030 = EDGE_CURVE ( 'NONE', #1965, #338, #671, .T. ) ;
#2031 = CARTESIAN_POINT ( 'NONE',  ( -102.4999999999999716, -155.0000000000000284, -15.00000000000000355 ) ) ;
#2032 = ORIENTED_EDGE ( 'NONE', *, *, #199, .F. ) ;
#2033 = EDGE_CURVE ( 'NONE', #563, #2599, #2010, .T. ) ;
#2034 = CARTESIAN_POINT ( 'NONE',  ( 107.4999999999999858, 151.0000000000000284, -1.999999999999952260 ) ) ;
#2035 =( LENGTH_UNIT ( ) NAMED_UNIT ( * ) SI_UNIT ( .MILLI., .METRE. ) );
#2036 = ORIENTED_EDGE ( 'NONE', *, *, #2078, .T. ) ;
#2037 = AXIS2_PLACEMENT_3D ( 'NONE', #2028, #1586, #782 ) ;
#2038 = DIRECTION ( 'NONE',  ( 1.000000000000000000, 0.0000000000000000000, 0.0000000000000000000 ) ) ;
#2039 = ORIENTED_EDGE ( 'NONE', *, *, #1697, .T. ) ;
#2040 = VERTEX_POINT ( 'NONE', #466 ) ;
#2041 = VECTOR ( 'NONE', #45, 1000.000000000000000 ) ;
#2042 = CARTESIAN_POINT ( 'NONE',  ( 109.4999999999999858, 155.0000000000000284, -2.000000000000000000 ) ) ;
#2043 = DIRECTION ( 'NONE',  ( 1.000000000000000000, 0.0000000000000000000, 0.0000000000000000000 ) ) ;
#2044 = FACE_OUTER_BOUND ( 'NONE', #2440, .T. ) ;
#2045 = DIRECTION ( 'NONE',  ( -1.000000000000000000, 0.0000000000000000000, 0.0000000000000000000 ) ) ;
#2046 = CIRCLE ( 'NONE', #49, 2.000000000000001776 ) ;
#2047 = CYLINDRICAL_SURFACE ( 'NONE', #1952, 3.250000000000002665 ) ;
#2048 = FACE_OUTER_BOUND ( 'NONE', #1637, .T. ) ;
#2049 = EDGE_CURVE ( 'NONE', #1753, #2217, #2274, .T. ) ;
#2050 = PLANE ( 'NONE',  #337 ) ;
#2051 = CARTESIAN_POINT ( 'NONE',  ( 109.5000000000000426, -153.9999999999999716, -1.999999999999955813 ) ) ;
#2052 = VERTEX_POINT ( 'NONE', #260 ) ;
#2053 = CARTESIAN_POINT ( 'NONE',  ( 103.4999999999999574, -0.9999999999999731326, 0.0000000000000000000 ) ) ;
#2054 = VERTEX_POINT ( 'NONE', #857 ) ;
#2055 = ORIENTED_EDGE ( 'NONE', *, *, #2264, .F. ) ;
#2056 = DIRECTION ( 'NONE',  ( -1.000000000000000000, 0.0000000000000000000, 0.0000000000000000000 ) ) ;
#2057 = VERTEX_POINT ( 'NONE', #1926 ) ;
#2058 = ORIENTED_EDGE ( 'NONE', *, *, #298, .T. ) ;
#2059 = ORIENTED_EDGE ( 'NONE', *, *, #528, .T. ) ;
#2060 = DIRECTION ( 'NONE',  ( -0.0000000000000000000, 0.0000000000000000000, -1.000000000000000000 ) ) ;
#2061 = DIRECTION ( 'NONE',  ( 0.0000000000000000000, -1.000000000000000000, -3.083952846180981011E-15 ) ) ;
#2062 = EDGE_CURVE ( 'NONE', #1333, #1577, #405, .T. ) ;
#2063 = CARTESIAN_POINT ( 'NONE',  ( 0.0000000000000000000, -154.9999999999999716, 7.240019994147641511E-13 ) ) ;
#2064 = CARTESIAN_POINT ( 'NONE',  ( 132.5000000000000000, -110.0000000000000995, -2.000000000000001776 ) ) ;
#2065 = EDGE_CURVE ( 'NONE', #2099, #933, #1877, .T. ) ;
#2066 = DIRECTION ( 'NONE',  ( 1.000000000000000000, 0.0000000000000000000, 0.0000000000000000000 ) ) ;
#2067 = ORIENTED_EDGE ( 'NONE', *, *, #1449, .F. ) ;
#2068 = VECTOR ( 'NONE', #943, 1000.000000000000000 ) ;
#2069 = AXIS2_PLACEMENT_3D ( 'NONE', #2258, #978, #988 ) ;
#2070 = DIRECTION ( 'NONE',  ( 1.000000000000000000, 0.0000000000000000000, 0.0000000000000000000 ) ) ;
#2071 = FACE_OUTER_BOUND ( 'NONE', #848, .T. ) ;
#2072 = DIRECTION ( 'NONE',  ( 1.000000000000000000, 0.0000000000000000000, 0.0000000000000000000 ) ) ;
#2073 = FACE_OUTER_BOUND ( 'NONE', #1229, .T. ) ;
#2074 = CIRCLE ( 'NONE', #442, 5.000000000000000888 ) ;
#2075 = CARTESIAN_POINT ( 'NONE',  ( 108.4999999999999574, -43.99999999999997868, -2.000000000000000000 ) ) ;
#2076 = CIRCLE ( 'NONE', #1165, 1.000000000000000888 ) ;
#2077 = ORIENTED_EDGE ( 'NONE', *, *, #333, .T. ) ;
#2078 = EDGE_CURVE ( 'NONE', #523, #465, #435, .T. ) ;
#2079 = LINE ( 'NONE', #2167, #964 ) ;
#2080 = DIRECTION ( 'NONE',  ( -1.000000000000000000, -0.0000000000000000000, -0.0000000000000000000 ) ) ;
#2081 = AXIS2_PLACEMENT_3D ( 'NONE', #1914, #55, #1485 ) ;
#2082 = ORIENTED_EDGE ( 'NONE', *, *, #2330, .T. ) ;
#2083 = ADVANCED_FACE ( 'NONE', ( #1180 ), #663, .F. ) ;
#2084 = VERTEX_POINT ( 'NONE', #870 ) ;
#2085 = ORIENTED_EDGE ( 'NONE', *, *, #1198, .T. ) ;
#2086 = VERTEX_POINT ( 'NONE', #274 ) ;
#2087 = CARTESIAN_POINT ( 'NONE',  ( 132.5000000000000000, 106.7500000000000711, 0.0000000000000000000 ) ) ;
#2088 = VERTEX_POINT ( 'NONE', #2372 ) ;
#2089 = DIRECTION ( 'NONE',  ( 0.0000000000000000000, 3.083952846180981011E-15, -1.000000000000000000 ) ) ;
#2090 = DIRECTION ( 'NONE',  ( 0.0000000000000000000, 0.0000000000000000000, 1.000000000000000000 ) ) ;
#2091 = EDGE_LOOP ( 'NONE', ( #652, #2677, #1565, #632 ) ) ;
#2092 = DIRECTION ( 'NONE',  ( 1.000000000000000000, 0.0000000000000000000, 0.0000000000000000000 ) ) ;
#2093 = EDGE_LOOP ( 'NONE', ( #430, #1040, #614, #97 ) ) ;
#2094 = DIRECTION ( 'NONE',  ( -1.000000000000000000, 0.0000000000000000000, 0.0000000000000000000 ) ) ;
#2095 = DIRECTION ( 'NONE',  ( -0.0000000000000000000, -0.0000000000000000000, -1.000000000000000000 ) ) ;
#2096 = ADVANCED_FACE ( 'NONE', ( #2071 ), #2583, .F. ) ;
#2097 = EDGE_CURVE ( 'NONE', #1929, #458, #571, .T. ) ;
#2098 = CARTESIAN_POINT ( 'NONE',  ( 107.5000000000000426, -150.9999999999999716, -3.999999999999957367 ) ) ;
#2099 = VERTEX_POINT ( 'NONE', #488 ) ;
#2100 = CIRCLE ( 'NONE', #342, 3.249999999999947597 ) ;
#2101 = PLANE ( 'NONE',  #2509 ) ;
#2102 = AXIS2_PLACEMENT_3D ( 'NONE', #2064, #812, #2477 ) ;
#2103 = DIRECTION ( 'NONE',  ( 1.000000000000000000, 0.0000000000000000000, 0.0000000000000000000 ) ) ;
#2104 = VECTOR ( 'NONE', #474, 1000.000000000000000 ) ;
#2105 = CARTESIAN_POINT ( 'NONE',  ( -107.5000000000000000, 153.0000000000000853, -20.00000000000001066 ) ) ;
#2106 =( GEOMETRIC_REPRESENTATION_CONTEXT ( 3 ) GLOBAL_UNCERTAINTY_ASSIGNED_CONTEXT ( ( #1467 ) ) GLOBAL_UNIT_ASSIGNED_CONTEXT ( ( #774, #554, #1387 ) ) REPRESENTATION_CONTEXT ( 'NONE', 'WORKASPACE' ) );
#2107 = VECTOR ( 'NONE', #140, 1000.000000000000000 ) ;
#2108 = LINE ( 'NONE', #1561, #1526 ) ;
#2109 = CARTESIAN_POINT ( 'NONE',  ( -132.5000000000000000, -3.250000000000000000, -2.000000000000001776 ) ) ;
#2110 = PLANE ( 'NONE',  #942 ) ;
#2111 = FACE_OUTER_BOUND ( 'NONE', #1640, .T. ) ;
#2112 = ORIENTED_EDGE ( 'NONE', *, *, #629, .T. ) ;
#2113 = VECTOR ( 'NONE', #189, 1000.000000000000000 ) ;
#2114 = CARTESIAN_POINT ( 'NONE',  ( -108.4999999999999858, -0.0000000000000000000, 0.0000000000000000000 ) ) ;
#2115 = VECTOR ( 'NONE', #2123, 1000.000000000000000 ) ;
#2116 = ORIENTED_EDGE ( 'NONE', *, *, #1061, .F. ) ;
#2117 = ADVANCED_FACE ( 'NONE', ( #1496 ), #147, .F. ) ;
#2118 = DIRECTION ( 'NONE',  ( 0.0000000000000000000, -0.0000000000000000000, 1.000000000000000000 ) ) ;
#2119 = DIRECTION ( 'NONE',  ( -0.0000000000000000000, -1.000000000000000000, 4.625929269271471123E-15 ) ) ;
#2120 = ORIENTED_EDGE ( 'NONE', *, *, #1813, .T. ) ;
#2121 = EDGE_CURVE ( 'NONE', #1311, #1756, #2689, .T. ) ;
#2122 = ORIENTED_EDGE ( 'NONE', *, *, #1397, .F. ) ;
#2123 = DIRECTION ( 'NONE',  ( 1.000000000000000000, -0.0000000000000000000, -0.0000000000000000000 ) ) ;
#2124 = AXIS2_PLACEMENT_3D ( 'NONE', #817, #2290, #605 ) ;
#2125 = ORIENTED_EDGE ( 'NONE', *, *, #1568, .T. ) ;
#2126 = ORIENTED_EDGE ( 'NONE', *, *, #1230, .F. ) ;
#2127 = CARTESIAN_POINT ( 'NONE',  ( 107.5000000000000426, -154.9999999999999716, 6.411207666736502812E-13 ) ) ;
#2128 = VERTEX_POINT ( 'NONE', #1834 ) ;
#2129 = DIRECTION ( 'NONE',  ( 1.000000000000000000, 0.0000000000000000000, 0.0000000000000000000 ) ) ;
#2130 = DIRECTION ( 'NONE',  ( -1.000000000000000000, -0.0000000000000000000, -0.0000000000000000000 ) ) ;
#2131 = ADVANCED_FACE ( 'NONE', ( #216 ), #2368, .T. ) ;
#2132 = CARTESIAN_POINT ( 'NONE',  ( -107.4999999999999858, -154.9999999999999716, 6.411207666736503822E-13 ) ) ;
#2133 = DIRECTION ( 'NONE',  ( 0.0000000000000000000, 5.551115123125781913E-15, -1.000000000000000000 ) ) ;
#2134 = VERTEX_POINT ( 'NONE', #903 ) ;
#2135 = CARTESIAN_POINT ( 'NONE',  ( -109.4999999999999858, 155.0000000000000284, -2.000000000000000000 ) ) ;
#2136 = EDGE_CURVE ( 'NONE', #2386, #713, #1701, .T. ) ;
#2137 = CARTESIAN_POINT ( 'NONE',  ( -108.4999999999999858, -149.9999999999999716, 0.0000000000000000000 ) ) ;
#2138 = CYLINDRICAL_SURFACE ( 'NONE', #2169, 5.000000000000004441 ) ;
#2139 = EDGE_LOOP ( 'NONE', ( #356, #1576, #262, #421 ) ) ;
#2140 = EDGE_CURVE ( 'NONE', #1889, #327, #1945, .T. ) ;
#2141 = CARTESIAN_POINT ( 'NONE',  ( -102.5000000000000000, 153.0000000000000853, -15.00000000000001066 ) ) ;
#2142 = VECTOR ( 'NONE', #2401, 1000.000000000000000 ) ;
#2143 = ORIENTED_EDGE ( 'NONE', *, *, #1214, .F. ) ;
#2144 = CARTESIAN_POINT ( 'NONE',  ( 107.4999999999999858, 151.0000000000000284, -3.999999999999954259 ) ) ;
#2145 = LINE ( 'NONE', #1973, #1558 ) ;
#2146 = LINE ( 'NONE', #2226, #1088 ) ;
#2147 = AXIS2_PLACEMENT_3D ( 'NONE', #2679, #630, #2687 ) ;
#2148 = ADVANCED_FACE ( 'NONE', ( #1803, #2646, #987, #1461, #1559, #1735 ), #757, .T. ) ;
#2149 = CIRCLE ( 'NONE', #880, 5.000000000000004441 ) ;
#2150 = LINE ( 'NONE', #808, #1562 ) ;
#2151 = VECTOR ( 'NONE', #2207, 1000.000000000000000 ) ;
#2152 = ORIENTED_EDGE ( 'NONE', *, *, #2176, .T. ) ;
#2153 = DIRECTION ( 'NONE',  ( 1.000000000000000000, 0.0000000000000000000, 0.0000000000000000000 ) ) ;
#2154 = FACE_OUTER_BOUND ( 'NONE', #1746, .T. ) ;
#2155 = CARTESIAN_POINT ( 'NONE',  ( -108.4999999999999858, 150.0000000000000284, -1.999999999999952260 ) ) ;
#2156 = EDGE_LOOP ( 'NONE', ( #2496, #1303, #905, #141 ) ) ;
#2157 = EDGE_CURVE ( 'NONE', #2666, #2362, #1429, .T. ) ;
#2158 = ORIENTED_EDGE ( 'NONE', *, *, #367, .F. ) ;
#2159 = ORIENTED_EDGE ( 'NONE', *, *, #2456, .T. ) ;
#2160 = ADVANCED_FACE ( 'NONE', ( #1217 ), #1585, .F. ) ;
#2161 = DIRECTION ( 'NONE',  ( 0.0000000000000000000, 0.0000000000000000000, 1.000000000000000000 ) ) ;
#2162 = CARTESIAN_POINT ( 'NONE',  ( 107.5000000000000000, 153.0000000000000853, -20.00000000000001066 ) ) ;
#2163 = VERTEX_POINT ( 'NONE', #1827 ) ;
#2164 = AXIS2_PLACEMENT_3D ( 'NONE', #1382, #1365, #171 ) ;
#2165 = DIRECTION ( 'NONE',  ( -0.0000000000000000000, 0.0000000000000000000, -1.000000000000000000 ) ) ;
#2166 = ORIENTED_EDGE ( 'NONE', *, *, #455, .F. ) ;
#2167 = CARTESIAN_POINT ( 'NONE',  ( 140.9999999999999716, -48.99999999999997158, -2.000000000000000000 ) ) ;
#2168 = ORIENTED_EDGE ( 'NONE', *, *, #737, .F. ) ;
#2169 = AXIS2_PLACEMENT_3D ( 'NONE', #2667, #2422, #170 ) ;
#2170 = ORIENTED_EDGE ( 'NONE', *, *, #733, .F. ) ;
#2171 = DIRECTION ( 'NONE',  ( 0.0000000000000000000, 5.551115123125781913E-15, -1.000000000000000000 ) ) ;
#2172 = CARTESIAN_POINT ( 'NONE',  ( 107.5000000000000000, 153.0000000000000568, -15.00000000000000711 ) ) ;
#2173 = CARTESIAN_POINT ( 'NONE',  ( -146.0000000000000284, -150.0000000000000000, -2.000000000000000000 ) ) ;
#2174 = DIRECTION ( 'NONE',  ( 1.000000000000000000, 0.0000000000000000000, 0.0000000000000000000 ) ) ;
#2175 = VERTEX_POINT ( 'NONE', #2438 ) ;
#2176 = EDGE_CURVE ( 'NONE', #2549, #2666, #1146, .T. ) ;
#2177 = VECTOR ( 'NONE', #714, 1000.000000000000000 ) ;
#2178 = CARTESIAN_POINT ( 'NONE',  ( 132.5000000000000000, 113.2499999999999574, -20.00100000000001188 ) ) ;
#2179 = ORIENTED_EDGE ( 'NONE', *, *, #755, .F. ) ;
#2180 = CARTESIAN_POINT ( 'NONE',  ( -102.5000000000000000, 155.0000000000000853, -15.00000000000000355 ) ) ;
#2181 = AXIS2_PLACEMENT_3D ( 'NONE', #1495, #895, #2326 ) ;
#2182 = EDGE_LOOP ( 'NONE', ( #2513, #2572, #893, #1451 ) ) ;
#2183 = CIRCLE ( 'NONE', #2603, 0.5000000000000004441 ) ;
#2184 = CIRCLE ( 'NONE', #913, 5.000000000000004441 ) ;
#2185 = AXIS2_PLACEMENT_3D ( 'NONE', #1244, #1651, #2439 ) ;
#2186 = LINE ( 'NONE', #1450, #1596 ) ;
#2187 = VECTOR ( 'NONE', #160, 1000.000000000000000 ) ;
#2188 = VERTEX_POINT ( 'NONE', #1174 ) ;
#2189 = ADVANCED_FACE ( 'NONE', ( #607 ), #573, .F. ) ;
#2190 = FACE_OUTER_BOUND ( 'NONE', #572, .T. ) ;
#2191 = DIRECTION ( 'NONE',  ( 1.000000000000000000, 0.0000000000000000000, 0.0000000000000000000 ) ) ;
#2192 = ORIENTED_EDGE ( 'NONE', *, *, #352, .T. ) ;
#2193 = EDGE_CURVE ( 'NONE', #2536, #2390, #2425, .T. ) ;
#2194 = DIRECTION ( 'NONE',  ( 0.0000000000000000000, 0.0000000000000000000, 1.000000000000000000 ) ) ;
#2195 = ORIENTED_EDGE ( 'NONE', *, *, #1159, .T. ) ;
#2196 = VERTEX_POINT ( 'NONE', #984 ) ;
#2197 = EDGE_CURVE ( 'NONE', #1333, #1645, #2206, .T. ) ;
#2198 = ORIENTED_EDGE ( 'NONE', *, *, #2311, .F. ) ;
#2199 = AXIS2_PLACEMENT_3D ( 'NONE', #1423, #403, #1193 ) ;
#2200 = EDGE_LOOP ( 'NONE', ( #1152, #392, #946, #2179 ) ) ;
#2201 = CARTESIAN_POINT ( 'NONE',  ( -127.5000000000000284, 110.0000000000000000, -2.000000000000001776 ) ) ;
#2202 = CARTESIAN_POINT ( 'NONE',  ( -108.4999999999999858, 150.0000000000000284, -1.999999999999952260 ) ) ;
#2203 = CIRCLE ( 'NONE', #1880, 3.250000000000002665 ) ;
#2204 = EDGE_CURVE ( 'NONE', #2054, #1543, #1243, .T. ) ;
#2205 = VECTOR ( 'NONE', #2153, 1000.000000000000000 ) ;
#2206 = LINE ( 'NONE', #1797, #2236 ) ;
#2207 = DIRECTION ( 'NONE',  ( -0.0000000000000000000, -0.0000000000000000000, 1.000000000000000000 ) ) ;
#2208 = VECTOR ( 'NONE', #625, 1000.000000000000000 ) ;
#2209 = CARTESIAN_POINT ( 'NONE',  ( -109.4999999999999858, 155.0000000000000284, -2.000000000000000000 ) ) ;
#2210 = LINE ( 'NONE', #379, #1469 ) ;
#2211 = AXIS2_PLACEMENT_3D ( 'NONE', #641, #1661, #844 ) ;
#2212 = LINE ( 'NONE', #1786, #1290 ) ;
#2213 = VERTEX_POINT ( 'NONE', #2034 ) ;
#2214 = CARTESIAN_POINT ( 'NONE',  ( 107.4999999999999858, 155.0000000000000284, -3.999999999999941824 ) ) ;
#2215 = VECTOR ( 'NONE', #1951, 1000.000000000000000 ) ;
#2216 = VERTEX_POINT ( 'NONE', #974 ) ;
#2217 = VERTEX_POINT ( 'NONE', #2640 ) ;
#2218 = CARTESIAN_POINT ( 'NONE',  ( 127.5000000000000284, -106.7500000000000000, -2.000000000000000000 ) ) ;
#2219 = ORIENTED_EDGE ( 'NONE', *, *, #1831, .F. ) ;
#2220 = FILL_AREA_STYLE_COLOUR ( '', #1905 ) ;
#2221 = DIRECTION ( 'NONE',  ( 7.709882115452450556E-16, 4.625929269271471123E-15, 1.000000000000000000 ) ) ;
#2222 = ORIENTED_EDGE ( 'NONE', *, *, #1497, .T. ) ;
#2223 = EDGE_CURVE ( 'NONE', #2599, #2455, #278, .T. ) ;
#2224 = VERTEX_POINT ( 'NONE', #2454 ) ;
#2225 = CARTESIAN_POINT ( 'NONE',  ( 132.5000000000000000, -106.7500000000000142, -2.000000000000001776 ) ) ;
#2226 = CARTESIAN_POINT ( 'NONE',  ( -107.4999999999999858, 0.0000000000000000000, 0.0000000000000000000 ) ) ;
#2227 = ORIENTED_EDGE ( 'NONE', *, *, #887, .T. ) ;
#2228 = AXIS2_PLACEMENT_3D ( 'NONE', #861, #25, #1043 ) ;
#2229 = SURFACE_STYLE_USAGE ( .BOTH. , #1188 ) ;
#2230 = DIRECTION ( 'NONE',  ( -1.000000000000000000, -2.775557561562904367E-15, -0.0000000000000000000 ) ) ;
#2231 = EDGE_LOOP ( 'NONE', ( #1728, #2473, #1002, #2170 ) ) ;
#2232 = CARTESIAN_POINT ( 'NONE',  ( 103.4999999999999574, -43.99999999999997868, -2.000000000000000000 ) ) ;
#2233 = ORIENTED_EDGE ( 'NONE', *, *, #1550, .T. ) ;
#2234 = CARTESIAN_POINT ( 'NONE',  ( 132.5000000000000000, 106.7500000000000711, -20.00100000000001188 ) ) ;
#2235 = CARTESIAN_POINT ( 'NONE',  ( -107.9999999999999858, -149.9999999999999716, -1.999999999999955813 ) ) ;
#2236 = VECTOR ( 'NONE', #781, 1000.000000000000000 ) ;
#2237 = CARTESIAN_POINT ( 'NONE',  ( 127.5000000000000284, 110.0000000000000000, -2.000000000000001776 ) ) ;
#2238 = LINE ( 'NONE', #2608, #640 ) ;
#2239 = EDGE_CURVE ( 'NONE', #82, #2292, #2146, .T. ) ;
#2240 = DIRECTION ( 'NONE',  ( -0.0000000000000000000, 0.0000000000000000000, -1.000000000000000000 ) ) ;
#2241 = FACE_OUTER_BOUND ( 'NONE', #200, .T. ) ;
#2242 = DIRECTION ( 'NONE',  ( -0.0000000000000000000, -0.0000000000000000000, 1.000000000000000000 ) ) ;
#2243 = DIRECTION ( 'NONE',  ( -0.0000000000000000000, 0.0000000000000000000, -1.000000000000000000 ) ) ;
#2244 = AXIS2_PLACEMENT_3D ( 'NONE', #2351, #1084, #1092 ) ;
#2245 = FACE_OUTER_BOUND ( 'NONE', #1194, .T. ) ;
#2246 = ORIENTED_EDGE ( 'NONE', *, *, #1870, .F. ) ;
#2247 = CARTESIAN_POINT ( 'NONE',  ( -127.5000000000000000, 3.250000000000000000, 0.0000000000000000000 ) ) ;
#2248 = LINE ( 'NONE', #1073, #1409 ) ;
#2249 = ORIENTED_EDGE ( 'NONE', *, *, #1449, .T. ) ;
#2250 = DIRECTION ( 'NONE',  ( -0.0000000000000000000, 0.0000000000000000000, 1.000000000000000000 ) ) ;
#2251 = DIRECTION ( 'NONE',  ( 1.000000000000000000, -0.0000000000000000000, -0.0000000000000000000 ) ) ;
#2252 = AXIS2_PLACEMENT_3D ( 'NONE', #1055, #867, #2129 ) ;
#2253 = EDGE_LOOP ( 'NONE', ( #110, #103, #389, #1071 ) ) ;
#2254 = CARTESIAN_POINT ( 'NONE',  ( 108.5000000000000426, -149.9999999999999716, -1.999999999999955813 ) ) ;
#2255 = ORIENTED_EDGE ( 'NONE', *, *, #2594, .T. ) ;
#2256 = CARTESIAN_POINT ( 'NONE',  ( -108.4999999999999858, -154.0000000000000000, -1.999999999999978018 ) ) ;
#2257 = ORIENTED_EDGE ( 'NONE', *, *, #766, .F. ) ;
#2258 = CARTESIAN_POINT ( 'NONE',  ( 0.0000000000000000000, 0.0000000000000000000, 0.0000000000000000000 ) ) ;
#2259 = PLANE ( 'NONE',  #1799 ) ;
#2260 = EDGE_CURVE ( 'NONE', #803, #2269, #1588, .T. ) ;
#2261 = CARTESIAN_POINT ( 'NONE',  ( -132.5000000000000000, -113.2500000000000142, -2.000000000000001776 ) ) ;
#2262 = ORIENTED_EDGE ( 'NONE', *, *, #2448, .T. ) ;
#2263 = ORIENTED_EDGE ( 'NONE', *, *, #1307, .F. ) ;
#2264 = EDGE_CURVE ( 'NONE', #524, #1158, #2006, .T. ) ;
#2265 = AXIS2_PLACEMENT_3D ( 'NONE', #2201, #1985, #2191 ) ;
#2266 = ORIENTED_EDGE ( 'NONE', *, *, #2204, .T. ) ;
#2267 = ADVANCED_FACE ( 'NONE', ( #1281 ), #823, .F. ) ;
#2268 = PLANE ( 'NONE',  #1454 ) ;
#2269 = VERTEX_POINT ( 'NONE', #2624 ) ;
#2270 = VECTOR ( 'NONE', #1299, 1000.000000000000000 ) ;
#2271 = CARTESIAN_POINT ( 'NONE',  ( 108.4999999999999574, 4.000000000000025757, -2.000000000000000000 ) ) ;
#2272 = DIRECTION ( 'NONE',  ( 0.0000000000000000000, 0.0000000000000000000, 1.000000000000000000 ) ) ;
#2273 = LINE ( 'NONE', #479, #2339 ) ;
#2274 = LINE ( 'NONE', #1047, #2104 ) ;
#2275 = ORIENTED_EDGE ( 'NONE', *, *, #1076, .F. ) ;
#2276 = EDGE_CURVE ( 'NONE', #2673, #2666, #1732, .T. ) ;
#2277 = VECTOR ( 'NONE', #1655, 1000.000000000000000 ) ;
#2278 = LINE ( 'NONE', #2459, #674 ) ;
#2279 = CARTESIAN_POINT ( 'NONE',  ( 140.9999999999999716, -53.99999999999996447, 0.0000000000000000000 ) ) ;
#2280 = CARTESIAN_POINT ( 'NONE',  ( -124.2500000000000853, 110.0000000000000000, -2.000000000000001776 ) ) ;
#2281 = VECTOR ( 'NONE', #966, 1000.000000000000000 ) ;
#2282 = EDGE_CURVE ( 'NONE', #2128, #2684, #52, .T. ) ;
#2283 = CARTESIAN_POINT ( 'NONE',  ( -132.5000000000000000, -3.250000000000000000, -20.00100000000001188 ) ) ;
#2284 = DIRECTION ( 'NONE',  ( 1.000000000000000000, 0.0000000000000000000, 0.0000000000000000000 ) ) ;
#2285 = VECTOR ( 'NONE', #1093, 1000.000000000000000 ) ;
#2286 = VERTEX_POINT ( 'NONE', #2017 ) ;
#2287 = AXIS2_PLACEMENT_3D ( 'NONE', #2235, #1878, #155 ) ;
#2288 = ORIENTED_EDGE ( 'NONE', *, *, #1010, .T. ) ;
#2289 = ORIENTED_EDGE ( 'NONE', *, *, #550, .F. ) ;
#2290 = DIRECTION ( 'NONE',  ( 0.0000000000000000000, 0.0000000000000000000, 1.000000000000000000 ) ) ;
#2291 = ORIENTED_EDGE ( 'NONE', *, *, #1202, .F. ) ;
#2292 = VERTEX_POINT ( 'NONE', #559 ) ;
#2293 = DIRECTION ( 'NONE',  ( 0.0000000000000000000, -0.0000000000000000000, 1.000000000000000000 ) ) ;
#2294 = DIRECTION ( 'NONE',  ( -0.0000000000000000000, 0.0000000000000000000, -1.000000000000000000 ) ) ;
#2295 = ORIENTED_EDGE ( 'NONE', *, *, #2394, .T. ) ;
#2296 = ADVANCED_FACE ( 'NONE', ( #734 ), #2484, .F. ) ;
#2297 = EDGE_CURVE ( 'NONE', #458, #1865, #1802, .T. ) ;
#2298 = CARTESIAN_POINT ( 'NONE',  ( 108.4999999999999858, 150.0000000000000284, -1.999999999999952260 ) ) ;
#2299 = DIRECTION ( 'NONE',  ( 1.000000000000000000, 0.0000000000000000000, 0.0000000000000000000 ) ) ;
#2300 = ORIENTED_EDGE ( 'NONE', *, *, #1647, .T. ) ;
#2301 = VERTEX_POINT ( 'NONE', #2694 ) ;
#2302 =( NAMED_UNIT ( * ) PLANE_ANGLE_UNIT ( ) SI_UNIT ( $, .RADIAN. ) );
#2303 = VECTOR ( 'NONE', #1349, 1000.000000000000000 ) ;
#2304 = ORIENTED_EDGE ( 'NONE', *, *, #2140, .F. ) ;
#2305 = VECTOR ( 'NONE', #307, 1000.000000000000000 ) ;
#2306 = VERTEX_POINT ( 'NONE', #1805 ) ;
#2307 = PLANE ( 'NONE',  #786 ) ;
#2308 = CYLINDRICAL_SURFACE ( 'NONE', #2244, 5.000000000000000888 ) ;
#2309 = VECTOR ( 'NONE', #2299, 1000.000000000000000 ) ;
#2310 = CARTESIAN_POINT ( 'NONE',  ( 0.0000000000000000000, 0.0000000000000000000, 0.0000000000000000000 ) ) ;
#2311 = EDGE_CURVE ( 'NONE', #2292, #2086, #244, .T. ) ;
#2312 = LINE ( 'NONE', #1201, #93 ) ;
#2313 = DIRECTION ( 'NONE',  ( 1.000000000000000000, -0.0000000000000000000, -0.0000000000000000000 ) ) ;
#2314 = EDGE_CURVE ( 'NONE', #681, #2306, #2423, .T. ) ;
#2315 = ORIENTED_EDGE ( 'NONE', *, *, #380, .F. ) ;
#2316 = EDGE_LOOP ( 'NONE', ( #1127, #961, #1258, #2116 ) ) ;
#2317 = ORIENTED_EDGE ( 'NONE', *, *, #1366, .T. ) ;
#2318 = AXIS2_PLACEMENT_3D ( 'NONE', #1634, #1644, #208 ) ;
#2319 = CARTESIAN_POINT ( 'NONE',  ( -127.5000000000000000, 0.0000000000000000000, -20.00100000000001188 ) ) ;
#2320 = ORIENTED_EDGE ( 'NONE', *, *, #497, .F. ) ;
#2321 = ORIENTED_EDGE ( 'NONE', *, *, #2136, .T. ) ;
#2322 = DIRECTION ( 'NONE',  ( 1.000000000000000000, 0.0000000000000000000, 0.0000000000000000000 ) ) ;
#2323 = ORIENTED_EDGE ( 'NONE', *, *, #476, .F. ) ;
#2324 = CARTESIAN_POINT ( 'NONE',  ( 102.5000000000000000, 155.0000000000000853, -20.00000000000000355 ) ) ;
#2325 = ORIENTED_EDGE ( 'NONE', *, *, #1007, .T. ) ;
#2326 = DIRECTION ( 'NONE',  ( 1.000000000000000000, 9.505334114941409750E-17, 0.0000000000000000000 ) ) ;
#2327 = EDGE_CURVE ( 'NONE', #918, #2175, #2550, .T. ) ;
#2328 = ORIENTED_EDGE ( 'NONE', *, *, #2523, .F. ) ;
#2329 = DIRECTION ( 'NONE',  ( 1.000000000000000000, 0.0000000000000000000, 0.0000000000000000000 ) ) ;
#2330 = EDGE_CURVE ( 'NONE', #563, #2549, #341, .T. ) ;
#2331 = CARTESIAN_POINT ( 'NONE',  ( -107.4999999999999858, 151.0000000000000284, -3.999999999999954259 ) ) ;
#2332 = PRESENTATION_STYLE_ASSIGNMENT (( #2229 ) ) ;
#2333 = DIRECTION ( 'NONE',  ( -0.0000000000000000000, -0.0000000000000000000, -1.000000000000000000 ) ) ;
#2334 = FACE_OUTER_BOUND ( 'NONE', #2156, .T. ) ;
#2335 = CARTESIAN_POINT ( 'NONE',  ( 103.4999999999999574, -48.99999999999997158, -2.000000000000000000 ) ) ;
#2336 = LINE ( 'NONE', #2340, #2461 ) ;
#2337 = FACE_OUTER_BOUND ( 'NONE', #1711, .T. ) ;
#2338 = LINE ( 'NONE', #2283, #1981 ) ;
#2339 = VECTOR ( 'NONE', #503, 1000.000000000000000 ) ;
#2340 = CARTESIAN_POINT ( 'NONE',  ( 145.9999999999999716, 4.000000000000025757, 0.0000000000000000000 ) ) ;
#2341 = LINE ( 'NONE', #2606, #2281 ) ;
#2342 = DIRECTION ( 'NONE',  ( -0.0000000000000000000, 0.0000000000000000000, -1.000000000000000000 ) ) ;
#2343 = LINE ( 'NONE', #1975, #1 ) ;
#2344 = EDGE_CURVE ( 'NONE', #322, #499, #2396, .T. ) ;
#2345 = ADVANCED_FACE ( 'NONE', ( #2334 ), #210, .F. ) ;
#2346 = DIRECTION ( 'NONE',  ( 1.000000000000000000, 0.0000000000000000000, 0.0000000000000000000 ) ) ;
#2347 = ORIENTED_EDGE ( 'NONE', *, *, #142, .T. ) ;
#2348 = ORIENTED_EDGE ( 'NONE', *, *, #2415, .T. ) ;
#2349 = EDGE_CURVE ( 'NONE', #1758, #1422, #1425, .T. ) ;
#2350 = ORIENTED_EDGE ( 'NONE', *, *, #1142, .F. ) ;
#2351 = CARTESIAN_POINT ( 'NONE',  ( 102.5000000000000284, -155.0000000000000284, -15.00000000000000355 ) ) ;
#2352 = DIRECTION ( 'NONE',  ( 0.0000000000000000000, 0.0000000000000000000, 1.000000000000000000 ) ) ;
#2353 = ORIENTED_EDGE ( 'NONE', *, *, #2000, .F. ) ;
#2354 = ORIENTED_EDGE ( 'NONE', *, *, #1427, .F. ) ;
#2355 = AXIS2_PLACEMENT_3D ( 'NONE', #769, #365, #2648 ) ;
#2356 = DIRECTION ( 'NONE',  ( 1.000000000000000000, 0.0000000000000000000, 0.0000000000000000000 ) ) ;
#2357 = EDGE_LOOP ( 'NONE', ( #1435, #1868, #839, #596 ) ) ;
#2358 = CARTESIAN_POINT ( 'NONE',  ( -107.4999999999999858, 151.0000000000000284, -1.999999999999952260 ) ) ;
#2359 = ORIENTED_EDGE ( 'NONE', *, *, #528, .F. ) ;
#2360 = ADVANCED_FACE ( 'NONE', ( #791 ), #1628, .F. ) ;
#2361 = EDGE_CURVE ( 'NONE', #933, #1928, #2457, .T. ) ;
#2362 = VERTEX_POINT ( 'NONE', #1876 ) ;
#2363 = DIRECTION ( 'NONE',  ( 1.000000000000000000, 0.0000000000000000000, 0.0000000000000000000 ) ) ;
#2364 = CARTESIAN_POINT ( 'NONE',  ( -132.5000000000000000, 113.2499999999999574, -2.000000000000001776 ) ) ;
#2365 = AXIS2_PLACEMENT_3D ( 'NONE', #2098, #2313, #834 ) ;
#2366 = CARTESIAN_POINT ( 'NONE',  ( 132.5000000000000000, -110.0000000000000995, 0.0000000000000000000 ) ) ;
#2367 = LINE ( 'NONE', #1452, #1624 ) ;
#2368 = CYLINDRICAL_SURFACE ( 'NONE', #760, 1.000000000000000888 ) ;
#2369 = ORIENTED_EDGE ( 'NONE', *, *, #755, .T. ) ;
#2370 = VECTOR ( 'NONE', #1603, 1000.000000000000000 ) ;
#2371 = FACE_OUTER_BOUND ( 'NONE', #183, .T. ) ;
#2372 = CARTESIAN_POINT ( 'NONE',  ( -107.4999999999999716, -153.0000000000000284, -15.00000000000001421 ) ) ;
#2373 = LINE ( 'NONE', #1265, #609 ) ;
#2374 = ORIENTED_EDGE ( 'NONE', *, *, #1082, .F. ) ;
#2375 = ADVANCED_FACE ( 'NONE', ( #2515 ), #1412, .T. ) ;
#2376 = DIRECTION ( 'NONE',  ( -2.775557561562904367E-15, -1.000000000000000000, 0.0000000000000000000 ) ) ;
#2377 = FACE_OUTER_BOUND ( 'NONE', #1967, .T. ) ;
#2378 = VERTEX_POINT ( 'NONE', #821 ) ;
#2379 = CARTESIAN_POINT ( 'NONE',  ( -124.2500000000000853, 110.0000000000000000, 0.0000000000000000000 ) ) ;
#2380 = DIRECTION ( 'NONE',  ( 0.0000000000000000000, 0.0000000000000000000, 1.000000000000000000 ) ) ;
#2381 = VERTEX_POINT ( 'NONE', #1032 ) ;
#2382 = EDGE_CURVE ( 'NONE', #2412, #1381, #952, .T. ) ;
#2383 = ORIENTED_EDGE ( 'NONE', *, *, #816, .F. ) ;
#2384 = VERTEX_POINT ( 'NONE', #2087 ) ;
#2385 = DIRECTION ( 'NONE',  ( 0.0000000000000000000, 1.000000000000000000, 3.083952846180981011E-15 ) ) ;
#2386 = VERTEX_POINT ( 'NONE', #14 ) ;
#2387 = AXIS2_PLACEMENT_3D ( 'NONE', #1885, #218, #2092 ) ;
#2388 = CARTESIAN_POINT ( 'NONE',  ( 107.5000000000000000, 155.0000000000000853, -15.00000000000000000 ) ) ;
#2389 = CARTESIAN_POINT ( 'NONE',  ( 140.9999999999999716, 155.0000000000000284, 0.0000000000000000000 ) ) ;
#2390 = VERTEX_POINT ( 'NONE', #846 ) ;
#2391 = CARTESIAN_POINT ( 'NONE',  ( -124.2500000000000142, -110.0000000000000995, -2.000000000000001776 ) ) ;
#2392 = DIRECTION ( 'NONE',  ( -0.0000000000000000000, 0.0000000000000000000, -1.000000000000000000 ) ) ;
#2393 = DIRECTION ( 'NONE',  ( -0.0000000000000000000, 0.0000000000000000000, -1.000000000000000000 ) ) ;
#2394 = EDGE_CURVE ( 'NONE', #1502, #2607, #1211, .T. ) ;
#2395 = VECTOR ( 'NONE', #1768, 1000.000000000000000 ) ;
#2396 = CIRCLE ( 'NONE', #1488, 5.000000000000000888 ) ;
#2397 = CARTESIAN_POINT ( 'NONE',  ( -146.0000000000000284, -150.0000000000000000, -2.000000000000000000 ) ) ;
#2398 = AXIS2_PLACEMENT_3D ( 'NONE', #190, #399, #590 ) ;
#2399 = FACE_OUTER_BOUND ( 'NONE', #2525, .T. ) ;
#2400 = CYLINDRICAL_SURFACE ( 'NONE', #1276, 5.000000000000004441 ) ;
#2401 = DIRECTION ( 'NONE',  ( 1.000000000000000000, 0.0000000000000000000, 0.0000000000000000000 ) ) ;
#2402 = AXIS2_PLACEMENT_3D ( 'NONE', #1374, #960, #969 ) ;
#2403 = CYLINDRICAL_SURFACE ( 'NONE', #705, 3.250000000000002665 ) ;
#2404 = VECTOR ( 'NONE', #678, 1000.000000000000000 ) ;
#2405 = LINE ( 'NONE', #1262, #675 ) ;
#2406 = LINE ( 'NONE', #944, #1059 ) ;
#2407 = DIRECTION ( 'NONE',  ( 0.0000000000000000000, -0.0000000000000000000, 1.000000000000000000 ) ) ;
#2408 = ORIENTED_EDGE ( 'NONE', *, *, #1978, .T. ) ;
#2409 = ORIENTED_EDGE ( 'NONE', *, *, #2260, .T. ) ;
#2410 = CARTESIAN_POINT ( 'NONE',  ( 140.9999999999999716, 9.000000000000024869, 0.0000000000000000000 ) ) ;
#2411 = EDGE_CURVE ( 'NONE', #965, #1311, #276, .T. ) ;
#2412 = VERTEX_POINT ( 'NONE', #1925 ) ;
#2413 = ORIENTED_EDGE ( 'NONE', *, *, #28, .T. ) ;
#2414 = ORIENTED_EDGE ( 'NONE', *, *, #401, .T. ) ;
#2415 = EDGE_CURVE ( 'NONE', #2099, #804, #402, .T. ) ;
#2416 = ORIENTED_EDGE ( 'NONE', *, *, #2297, .F. ) ;
#2417 = CARTESIAN_POINT ( 'NONE',  ( 127.5000000000000568, 113.2499999999999574, 0.0000000000000000000 ) ) ;
#2418 = AXIS2_PLACEMENT_3D ( 'NONE', #521, #1363, #739 ) ;
#2419 = DIRECTION ( 'NONE',  ( 0.0000000000000000000, 0.0000000000000000000, 1.000000000000000000 ) ) ;
#2420 = CARTESIAN_POINT ( 'NONE',  ( 102.5000000000000000, 155.0000000000000853, -15.00000000000000355 ) ) ;
#2421 = CARTESIAN_POINT ( 'NONE',  ( -108.4999999999999858, -149.9999999999999716, -1.999999999999955813 ) ) ;
#2422 = DIRECTION ( 'NONE',  ( -0.0000000000000000000, 0.0000000000000000000, 1.000000000000000000 ) ) ;
#2423 = CIRCLE ( 'NONE', #1631, 3.250000000000002665 ) ;
#2424 = EDGE_CURVE ( 'NONE', #1170, #2052, #667, .T. ) ;
#2425 = CIRCLE ( 'NONE', #2481, 3.250000000000016875 ) ;
#2426 = CARTESIAN_POINT ( 'NONE',  ( -107.4999999999999858, -153.0000000000000000, -3.999999999999948042 ) ) ;
#2427 = EDGE_LOOP ( 'NONE', ( #1998, #63, #197, #527, #2125, #1752 ) ) ;
#2428 = CARTESIAN_POINT ( 'NONE',  ( 135.7500000000000000, -110.0000000000000995, -20.00100000000001188 ) ) ;
#2429 = CARTESIAN_POINT ( 'NONE',  ( 108.5000000000000426, -153.9999999999999716, -1.999999999999955813 ) ) ;
#2430 = LINE ( 'NONE', #2614, #1843 ) ;
#2431 = FACE_BOUND ( 'NONE', #617, .T. ) ;
#2432 = VERTEX_POINT ( 'NONE', #672 ) ;
#2433 = FACE_OUTER_BOUND ( 'NONE', #1360, .T. ) ;
#2434 = ORIENTED_EDGE ( 'NONE', *, *, #497, .T. ) ;
#2435 = DIRECTION ( 'NONE',  ( -0.0000000000000000000, -0.0000000000000000000, 1.000000000000000000 ) ) ;
#2436 = ORIENTED_EDGE ( 'NONE', *, *, #766, .T. ) ;
#2437 = ORIENTED_EDGE ( 'NONE', *, *, #460, .T. ) ;
#2438 = CARTESIAN_POINT ( 'NONE',  ( 107.4999999999999858, 150.0000000000000284, 0.0000000000000000000 ) ) ;
#2439 = DIRECTION ( 'NONE',  ( 1.000000000000000000, 0.0000000000000000000, 0.0000000000000000000 ) ) ;
#2440 = EDGE_LOOP ( 'NONE', ( #1838, #1336, #364, #621, #1126, #129 ) ) ;
#2441 = ORIENTED_EDGE ( 'NONE', *, *, #108, .F. ) ;
#2442 = DIRECTION ( 'NONE',  ( -0.0000000000000000000, 0.0000000000000000000, -1.000000000000000000 ) ) ;
#2443 = DIRECTION ( 'NONE',  ( 0.0000000000000000000, 0.0000000000000000000, 1.000000000000000000 ) ) ;
#2444 = EDGE_CURVE ( 'NONE', #2472, #1935, #1943, .T. ) ;
#2445 = ORIENTED_EDGE ( 'NONE', *, *, #1792, .F. ) ;
#2446 = ORIENTED_EDGE ( 'NONE', *, *, #2542, .T. ) ;
#2447 = DIRECTION ( 'NONE',  ( -9.505334114941409750E-17, 1.000000000000000000, -3.491481338843133355E-15 ) ) ;
#2448 = EDGE_CURVE ( 'NONE', #1607, #713, #114, .T. ) ;
#2449 = DIRECTION ( 'NONE',  ( -1.000000000000000000, 2.775557561562904367E-15, 0.0000000000000000000 ) ) ;
#2450 = ORIENTED_EDGE ( 'NONE', *, *, #1531, .T. ) ;
#2451 = DIRECTION ( 'NONE',  ( 1.000000000000000000, 0.0000000000000000000, 0.0000000000000000000 ) ) ;
#2452 = CARTESIAN_POINT ( 'NONE',  ( -141.0000000000000000, 150.0000000000000284, -2.000000000000000000 ) ) ;
#2453 = ORIENTED_EDGE ( 'NONE', *, *, #1099, .F. ) ;
#2454 = CARTESIAN_POINT ( 'NONE',  ( 107.5000000000000426, -150.9999999999999716, -1.999999999999955813 ) ) ;
#2455 = VERTEX_POINT ( 'NONE', #464 ) ;
#2456 = EDGE_CURVE ( 'NONE', #1954, #2134, #1369, .T. ) ;
#2457 = LINE ( 'NONE', #2053, #1839 ) ;
#2458 =( NAMED_UNIT ( * ) PLANE_ANGLE_UNIT ( ) SI_UNIT ( $, .RADIAN. ) );
#2459 = CARTESIAN_POINT ( 'NONE',  ( 145.9999999999999716, 155.0000000000000284, 0.0000000000000000000 ) ) ;
#2460 = CARTESIAN_POINT ( 'NONE',  ( 145.9999999999999716, -53.99999999999996447, -2.000000000000000000 ) ) ;
#2461 = VECTOR ( 'NONE', #1939, 1000.000000000000000 ) ;
#2462 = EDGE_CURVE ( 'NONE', #2575, #805, #1698, .T. ) ;
#2463 = LINE ( 'NONE', #2539, #316 ) ;
#2464 = LINE ( 'NONE', #1898, #996 ) ;
#2465 = ADVANCED_FACE ( 'NONE', ( #1143 ), #1902, .T. ) ;
#2466 = CARTESIAN_POINT ( 'NONE',  ( -146.0000000000000284, 150.0000000000000568, -2.000000000000000000 ) ) ;
#2467 = AXIS2_PLACEMENT_3D ( 'NONE', #2410, #1546, #1343 ) ;
#2468 = VECTOR ( 'NONE', #1310, 1000.000000000000000 ) ;
#2469 = ORIENTED_EDGE ( 'NONE', *, *, #2282, .T. ) ;
#2470 = EDGE_LOOP ( 'NONE', ( #866, #1961, #2446, #719 ) ) ;
#2471 = DIRECTION ( 'NONE',  ( 0.0000000000000000000, 0.0000000000000000000, 1.000000000000000000 ) ) ;
#2472 = VERTEX_POINT ( 'NONE', #1677 ) ;
#2473 = ORIENTED_EDGE ( 'NONE', *, *, #1230, .T. ) ;
#2474 = ORIENTED_EDGE ( 'NONE', *, *, #1465, .T. ) ;
#2475 = DIRECTION ( 'NONE',  ( -0.0000000000000000000, -0.0000000000000000000, 1.000000000000000000 ) ) ;
#2476 = EDGE_CURVE ( 'NONE', #2597, #1141, #1315, .T. ) ;
#2477 = DIRECTION ( 'NONE',  ( 1.000000000000000000, 0.0000000000000000000, 0.0000000000000000000 ) ) ;
#2478 = ORIENTED_EDGE ( 'NONE', *, *, #1202, .T. ) ;
#2479 = EDGE_CURVE ( 'NONE', #2455, #2549, #2203, .T. ) ;
#2480 = DIRECTION ( 'NONE',  ( 0.0000000000000000000, -1.000000000000000000, 0.0000000000000000000 ) ) ;
#2481 = AXIS2_PLACEMENT_3D ( 'NONE', #567, #1580, #345 ) ;
#2482 = ORIENTED_EDGE ( 'NONE', *, *, #1042, .F. ) ;
#2483 = DIRECTION ( 'NONE',  ( 0.0000000000000000000, 1.000000000000000000, -4.625929269271471123E-15 ) ) ;
#2484 = CYLINDRICAL_SURFACE ( 'NONE', #425, 5.000000000000004441 ) ;
#2485 = CARTESIAN_POINT ( 'NONE',  ( 132.5000000000000000, -106.7500000000000142, -2.000000000000001776 ) ) ;
#2486 = VECTOR ( 'NONE', #2095, 1000.000000000000000 ) ;
#2487 =( NAMED_UNIT ( * ) SI_UNIT ( $, .STERADIAN. ) SOLID_ANGLE_UNIT ( ) );
#2488 = EDGE_CURVE ( 'NONE', #1132, #1733, #1492, .T. ) ;
#2489 = VECTOR ( 'NONE', #2221, 1000.000000000000000 ) ;
#2490 = CYLINDRICAL_SURFACE ( 'NONE', #1897, 2.000000000000001776 ) ;
#2491 = CARTESIAN_POINT ( 'NONE',  ( 145.9999999999999716, -53.99999999999996447, 0.0000000000000000000 ) ) ;
#2492 = FACE_OUTER_BOUND ( 'NONE', #1410, .T. ) ;
#2493 = AXIS2_PLACEMENT_3D ( 'NONE', #241, #410, #17 ) ;
#2494 = CARTESIAN_POINT ( 'NONE',  ( -132.5000000000000000, 3.250000000000000000, -2.000000000000001776 ) ) ;
#2495 = LINE ( 'NONE', #315, #1506 ) ;
#2496 = ORIENTED_EDGE ( 'NONE', *, *, #1777, .T. ) ;
#2497 = CARTESIAN_POINT ( 'NONE',  ( -107.9999999999999858, 150.0000000000000284, 0.0000000000000000000 ) ) ;
#2498 =( GEOMETRIC_REPRESENTATION_CONTEXT ( 3 ) GLOBAL_UNCERTAINTY_ASSIGNED_CONTEXT ( ( #520 ) ) GLOBAL_UNIT_ASSIGNED_CONTEXT ( ( #2035, #2302, #2487 ) ) REPRESENTATION_CONTEXT ( 'NONE', 'WORKASPACE' ) );
#2499 = ORIENTED_EDGE ( 'NONE', *, *, #2456, .F. ) ;
#2500 = CARTESIAN_POINT ( 'NONE',  ( -108.4999999999999858, -154.0000000000000000, -1.999999999999973577 ) ) ;
#2501 = ORIENTED_EDGE ( 'NONE', *, *, #270, .T. ) ;
#2502 = VERTEX_POINT ( 'NONE', #20 ) ;
#2503 = ORIENTED_EDGE ( 'NONE', *, *, #2507, .T. ) ;
#2504 = CARTESIAN_POINT ( 'NONE',  ( -127.5000000000000284, 110.0000000000000000, 0.0000000000000000000 ) ) ;
#2505 = CARTESIAN_POINT ( 'NONE',  ( 108.4999999999999858, 150.0000000000000284, 0.0000000000000000000 ) ) ;
#2506 = DIRECTION ( 'NONE',  ( 1.000000000000000000, 0.0000000000000000000, 0.0000000000000000000 ) ) ;
#2507 = EDGE_CURVE ( 'NONE', #2597, #2134, #2367, .T. ) ;
#2508 = ORIENTED_EDGE ( 'NONE', *, *, #1142, .T. ) ;
#2509 = AXIS2_PLACEMENT_3D ( 'NONE', #864, #837, #11 ) ;
#2510 = CARTESIAN_POINT ( 'NONE',  ( 127.5000000000000568, 106.7500000000000568, -20.00100000000001188 ) ) ;
#2511 = LINE ( 'NONE', #1790, #1974 ) ;
#2512 = AXIS2_PLACEMENT_3D ( 'NONE', #2504, #1255, #230 ) ;
#2513 = ORIENTED_EDGE ( 'NONE', *, *, #1325, .T. ) ;
#2514 = DIRECTION ( 'NONE',  ( 0.0000000000000000000, 0.0000000000000000000, -1.000000000000000000 ) ) ;
#2515 = FACE_OUTER_BOUND ( 'NONE', #516, .T. ) ;
#2516 = DIRECTION ( 'NONE',  ( 0.0000000000000000000, 1.000000000000000000, -0.0000000000000000000 ) ) ;
#2517 = LINE ( 'NONE', #2029, #248 ) ;
#2518 = CARTESIAN_POINT ( 'NONE',  ( -109.4999999999999858, -155.0000000000000000, -2.000000000000000000 ) ) ;
#2519 = CARTESIAN_POINT ( 'NONE',  ( 145.9999999999999716, 4.000000000000025757, -2.000000000000000000 ) ) ;
#2520 = VECTOR ( 'NONE', #1011, 1000.000000000000000 ) ;
#2521 = ORIENTED_EDGE ( 'NONE', *, *, #737, .T. ) ;
#2522 = VECTOR ( 'NONE', #695, 1000.000000000000000 ) ;
#2523 = EDGE_CURVE ( 'NONE', #1477, #235, #536, .T. ) ;
#2524 = CIRCLE ( 'NONE', #1725, 3.250000000000002665 ) ;
#2525 = EDGE_LOOP ( 'NONE', ( #1748, #418, #1541, #2665, #1510, #1944 ) ) ;
#2526 = ADVANCED_FACE ( 'NONE', ( #308 ), #1742, .T. ) ;
#2527 = CARTESIAN_POINT ( 'NONE',  ( 107.5000000000000426, -150.9999999999999716, -1.999999999999955813 ) ) ;
#2528 = DIRECTION ( 'NONE',  ( 0.0000000000000000000, 0.0000000000000000000, 1.000000000000000000 ) ) ;
#2529 = ORIENTED_EDGE ( 'NONE', *, *, #1397, .T. ) ;
#2530 = ORIENTED_EDGE ( 'NONE', *, *, #990, .T. ) ;
#2531 = DIRECTION ( 'NONE',  ( 1.000000000000000000, 0.0000000000000000000, 0.0000000000000000000 ) ) ;
#2532 = CLOSED_SHELL ( 'NONE', ( #2267, #916, #1977, #441, #700, #694, #2148, #69, #1106, #881, #92, #1458, #860, #2375, #677, #1096, #414, #2465, #1254, #2569, #293, #1227, #2526, #24, #1906, #305, #1516, #2096, #888, #472, #2576, #1730, #598, #2360, #2540, #1955, #1337, #257, #1066, #2189, #1721, #1852, #2083, #1503, #213, #1313, #426, #1626, #1212, #489, #2345, #661, #385, #279, #13, #904, #1433, #1745, #239, #501, #1657, #1614, #1923, #2117, #2160, #1687, #2554, #1078, #622, #42, #807, #1269, #1012, #2682, #268, #1411, #1702, #1936, #2296, #83, #1487, #1128, #2131 ) ) ;
#2533 = AXIS2_PLACEMENT_3D ( 'NONE', #724, #1536, #1156 ) ;
#2534 = CARTESIAN_POINT ( 'NONE',  ( -107.4999999999999858, 153.0000000000000284, -1.999999999999951816 ) ) ;
#2535 = ORIENTED_EDGE ( 'NONE', *, *, #1056, .F. ) ;
#2536 = VERTEX_POINT ( 'NONE', #2391 ) ;
#2537 = PLANE ( 'NONE',  #2228 ) ;
#2538 = CARTESIAN_POINT ( 'NONE',  ( 107.5000000000000426, -150.9999999999999716, -1.999999999999955813 ) ) ;
#2539 = CARTESIAN_POINT ( 'NONE',  ( -108.4999999999999858, -0.0000000000000000000, 0.0000000000000000000 ) ) ;
#2540 = ADVANCED_FACE ( 'NONE', ( #1086 ), #515, .F. ) ;
#2541 = DIRECTION ( 'NONE',  ( 0.0000000000000000000, 0.0000000000000000000, 1.000000000000000000 ) ) ;
#2542 = EDGE_CURVE ( 'NONE', #2619, #1549, #212, .T. ) ;
#2543 = CARTESIAN_POINT ( 'NONE',  ( 140.9999999999999716, -149.9999999999999716, -2.000000000000000000 ) ) ;
#2544 = EDGE_CURVE ( 'NONE', #2175, #2009, #923, .T. ) ;
#2545 = CARTESIAN_POINT ( 'NONE',  ( 107.5000000000000284, -153.0000000000000284, -15.00000000000001421 ) ) ;
#2546 = LINE ( 'NONE', #1582, #983 ) ;
#2547 = CARTESIAN_POINT ( 'NONE',  ( -132.5000000000000000, 106.7500000000000711, -20.00100000000001188 ) ) ;
#2548 = AXIS2_PLACEMENT_3D ( 'NONE', #2319, #266, #2329 ) ;
#2549 = VERTEX_POINT ( 'NONE', #1564 ) ;
#2550 = LINE ( 'NONE', #1641, #1911 ) ;
#2551 = DIRECTION ( 'NONE',  ( 0.0000000000000000000, 0.0000000000000000000, 1.000000000000000000 ) ) ;
#2552 = ORIENTED_EDGE ( 'NONE', *, *, #1534, .F. ) ;
#2553 = VECTOR ( 'NONE', #1455, 1000.000000000000000 ) ;
#2554 = ADVANCED_FACE ( 'NONE', ( #1179 ), #948, .F. ) ;
#2555 = CARTESIAN_POINT ( 'NONE',  ( -109.4999999999999858, 155.0000000000000284, 0.0000000000000000000 ) ) ;
#2556 = CARTESIAN_POINT ( 'NONE',  ( 132.5000000000000000, 106.7500000000000711, -2.000000000000001776 ) ) ;
#2557 = CIRCLE ( 'NONE', #892, 5.000000000000004441 ) ;
#2558 = CARTESIAN_POINT ( 'NONE',  ( -107.4999999999999858, 151.0000000000000284, -3.999999999999954259 ) ) ;
#2559 = FACE_OUTER_BOUND ( 'NONE', #12, .T. ) ;
#2560 = LINE ( 'NONE', #2114, #2626 ) ;
#2561 = EDGE_CURVE ( 'NONE', #2502, #263, #1395, .T. ) ;
#2562 = CARTESIAN_POINT ( 'NONE',  ( 127.5000000000000284, -113.2500000000000995, -2.000000000000001776 ) ) ;
#2563 = ORIENTED_EDGE ( 'NONE', *, *, #564, .F. ) ;
#2564 = CARTESIAN_POINT ( 'NONE',  ( -107.4999999999999858, -150.9999999999999716, 4.423544863740858091E-14 ) ) ;
#2565 = ORIENTED_EDGE ( 'NONE', *, *, #2669, .T. ) ;
#2566 = AXIS2_PLACEMENT_3D ( 'NONE', #2647, #2661, #192 ) ;
#2567 = ORIENTED_EDGE ( 'NONE', *, *, #233, .F. ) ;
#2568 = CARTESIAN_POINT ( 'NONE',  ( 140.9999999999999716, 9.000000000000024869, -2.000000000000000000 ) ) ;
#2569 = ADVANCED_FACE ( 'NONE', ( #371 ), #2610, .T. ) ;
#2570 = AXIS2_PLACEMENT_3D ( 'NONE', #1196, #2633, #2664 ) ;
#2571 = DIRECTION ( 'NONE',  ( -0.0000000000000000000, 0.0000000000000000000, 1.000000000000000000 ) ) ;
#2572 = ORIENTED_EDGE ( 'NONE', *, *, #1291, .T. ) ;
#2573 = PLANE ( 'NONE',  #1894 ) ;
#2574 = EDGE_CURVE ( 'NONE', #2286, #289, #2686, .T. ) ;
#2575 = VERTEX_POINT ( 'NONE', #1138 ) ;
#2576 = ADVANCED_FACE ( 'NONE', ( #603 ), #541, .F. ) ;
#2577 = CARTESIAN_POINT ( 'NONE',  ( 107.4999999999999858, 150.0000000000000284, -1.999999999999952260 ) ) ;
#2578 = EDGE_CURVE ( 'NONE', #1131, #2601, #855, .T. ) ;
#2579 = CARTESIAN_POINT ( 'NONE',  ( -124.2500000000000142, -110.0000000000000995, 0.0000000000000000000 ) ) ;
#2580 = ORIENTED_EDGE ( 'NONE', *, *, #2314, .T. ) ;
#2581 = CARTESIAN_POINT ( 'NONE',  ( 145.9999999999999716, 9.000000000000024869, -2.000000000000000000 ) ) ;
#2582 = DIRECTION ( 'NONE',  ( -0.0000000000000000000, -0.0000000000000000000, 1.000000000000000000 ) ) ;
#2583 = CYLINDRICAL_SURFACE ( 'NONE', #1553, 0.5000000000000004441 ) ;
#2584 = AXIS2_PLACEMENT_3D ( 'NONE', #770, #2243, #359 ) ;
#2585 = ORIENTED_EDGE ( 'NONE', *, *, #1518, .F. ) ;
#2586 = VECTOR ( 'NONE', #1811, 1000.000000000000000 ) ;
#2587 = PRESENTATION_STYLE_ASSIGNMENT (( #1807 ) ) ;
#2588 = LINE ( 'NONE', #2494, #2309 ) ;
#2589 = VERTEX_POINT ( 'NONE', #730 ) ;
#2590 = CARTESIAN_POINT ( 'NONE',  ( 132.5000000000000000, -110.0000000000000995, -2.000000000000001776 ) ) ;
#2591 = FACE_OUTER_BOUND ( 'NONE', #1892, .T. ) ;
#2592 = FACE_OUTER_BOUND ( 'NONE', #1308, .T. ) ;
#2593 = CARTESIAN_POINT ( 'NONE',  ( 107.9999999999999858, 150.0000000000000284, 0.0000000000000000000 ) ) ;
#2594 = EDGE_CURVE ( 'NONE', #475, #2472, #400, .T. ) ;
#2595 = CARTESIAN_POINT ( 'NONE',  ( 145.9999999999999716, -149.9999999999999716, 0.0000000000000000000 ) ) ;
#2596 = VERTEX_POINT ( 'NONE', #1364 ) ;
#2597 = VERTEX_POINT ( 'NONE', #302 ) ;
#2598 = EDGE_CURVE ( 'NONE', #584, #2057, #851, .T. ) ;
#2599 = VERTEX_POINT ( 'NONE', #134 ) ;
#2600 = ORIENTED_EDGE ( 'NONE', *, *, #2444, .T. ) ;
#2601 = VERTEX_POINT ( 'NONE', #2388 ) ;
#2602 = ORIENTED_EDGE ( 'NONE', *, *, #46, .F. ) ;
#2603 = AXIS2_PLACEMENT_3D ( 'NONE', #2593, #332, #1781 ) ;
#2604 = CARTESIAN_POINT ( 'NONE',  ( 107.4999999999999858, 151.0000000000000284, -3.999999999999954259 ) ) ;
#2605 = CARTESIAN_POINT ( 'NONE',  ( 107.5000000000000426, -150.9999999999999716, -1.999999999999955813 ) ) ;
#2606 = CARTESIAN_POINT ( 'NONE',  ( -124.2500000000000142, -110.0000000000000995, -20.00100000000001188 ) ) ;
#2607 = VERTEX_POINT ( 'NONE', #2579 ) ;
#2608 = CARTESIAN_POINT ( 'NONE',  ( 145.9999999999999716, 150.0000000000000284, -2.000000000000000000 ) ) ;
#2609 = EDGE_LOOP ( 'NONE', ( #911, #1682, #1447, #272, #1305 ) ) ;
#2610 = PLANE ( 'NONE',  #708 ) ;
#2611 = EDGE_CURVE ( 'NONE', #1758, #329, #2100, .T. ) ;
#2612 = DIRECTION ( 'NONE',  ( -1.000000000000000000, 0.0000000000000000000, 0.0000000000000000000 ) ) ;
#2613 = ORIENTED_EDGE ( 'NONE', *, *, #300, .T. ) ;
#2614 = CARTESIAN_POINT ( 'NONE',  ( 108.5000000000000426, 0.0000000000000000000, 0.0000000000000000000 ) ) ;
#2615 = EDGE_CURVE ( 'NONE', #1197, #2217, #1552, .T. ) ;
#2616 = VECTOR ( 'NONE', #1581, 1000.000000000000000 ) ;
#2617 = DIRECTION ( 'NONE',  ( -1.000000000000000000, 0.0000000000000000000, -0.0000000000000000000 ) ) ;
#2618 = PLANE ( 'NONE',  #1373 ) ;
#2619 = VERTEX_POINT ( 'NONE', #919 ) ;
#2620 = VECTOR ( 'NONE', #877, 1000.000000000000000 ) ;
#2621 = LINE ( 'NONE', #1930, #120 ) ;
#2622 = CARTESIAN_POINT ( 'NONE',  ( -127.5000000000000284, 110.0000000000000000, 0.0000000000000000000 ) ) ;
#2623 = FACE_BOUND ( 'NONE', #336, .T. ) ;
#2624 = CARTESIAN_POINT ( 'NONE',  ( 135.7500000000000000, -110.0000000000000995, 0.0000000000000000000 ) ) ;
#2625 = DIRECTION ( 'NONE',  ( -0.0000000000000000000, 0.0000000000000000000, -1.000000000000000000 ) ) ;
#2626 = VECTOR ( 'NONE', #1507, 1000.000000000000000 ) ;
#2627 = DIRECTION ( 'NONE',  ( -0.0000000000000000000, 0.0000000000000000000, -1.000000000000000000 ) ) ;
#2628 = VERTEX_POINT ( 'NONE', #2636 ) ;
#2629 = EDGE_CURVE ( 'NONE', #2025, #235, #470, .T. ) ;
#2630 = ORIENTED_EDGE ( 'NONE', *, *, #2311, .T. ) ;
#2631 = ORIENTED_EDGE ( 'NONE', *, *, #1497, .F. ) ;
#2632 = DIRECTION ( 'NONE',  ( 9.505334114941314840E-17, -1.000000000000000000, 4.724169043383025044E-15 ) ) ;
#2633 = DIRECTION ( 'NONE',  ( 1.000000000000000000, 0.0000000000000000000, -0.0000000000000000000 ) ) ;
#2634 = DIRECTION ( 'NONE',  ( -1.000000000000000000, 0.0000000000000000000, 0.0000000000000000000 ) ) ;
#2635 = ORIENTED_EDGE ( 'NONE', *, *, #1504, .F. ) ;
#2636 = CARTESIAN_POINT ( 'NONE',  ( -141.0000000000000000, 155.0000000000000284, 0.0000000000000000000 ) ) ;
#2637 = CARTESIAN_POINT ( 'NONE',  ( 127.5000000000000284, -110.0000000000000995, 0.0000000000000000000 ) ) ;
#2638 = ORIENTED_EDGE ( 'NONE', *, *, #1947, .T. ) ;
#2639 = DIRECTION ( 'NONE',  ( 1.000000000000000000, 0.0000000000000000000, 0.0000000000000000000 ) ) ;
#2640 = CARTESIAN_POINT ( 'NONE',  ( 102.5000000000000284, -155.0000000000000568, -20.00000000000000355 ) ) ;
#2641 = DIRECTION ( 'NONE',  ( 1.000000000000000000, 0.0000000000000000000, 0.0000000000000000000 ) ) ;
#2642 = ORIENTED_EDGE ( 'NONE', *, *, #1697, .F. ) ;
#2643 = ORIENTED_EDGE ( 'NONE', *, *, #1286, .F. ) ;
#2644 = DIRECTION ( 'NONE',  ( 1.000000000000000000, 0.0000000000000000000, 0.0000000000000000000 ) ) ;
#2645 = EDGE_CURVE ( 'NONE', #2589, #1627, #432, .T. ) ;
#2646 = FACE_BOUND ( 'NONE', #295, .T. ) ;
#2647 = CARTESIAN_POINT ( 'NONE',  ( -107.9999999999999858, -149.9999999999999716, -1.999999999999955813 ) ) ;
#2648 = DIRECTION ( 'NONE',  ( 1.000000000000000000, 0.0000000000000000000, 0.0000000000000000000 ) ) ;
#2649 = CIRCLE ( 'NONE', #1432, 3.250000000000002665 ) ;
#2650 = CARTESIAN_POINT ( 'NONE',  ( 127.5000000000000568, 113.2499999999999574, -2.000000000000000000 ) ) ;
#2651 = VECTOR ( 'NONE', #1776, 1000.000000000000000 ) ;
#2652 = AXIS2_PLACEMENT_3D ( 'NONE', #68, #1109, #1734 ) ;
#2653 = VERTEX_POINT ( 'NONE', #148 ) ;
#2654 = PRODUCT ( '03_108_sheetmetal_mounting plate', '03_108_sheetmetal_mounting plate', '', ( #787 ) ) ;
#2655 = VECTOR ( 'NONE', #2471, 1000.000000000000000 ) ;
#2656 = CARTESIAN_POINT ( 'NONE',  ( -107.4999999999999858, -152.9999999999999716, -3.999999999999948042 ) ) ;
#2657 = VECTOR ( 'NONE', #1869, 1000.000000000000000 ) ;
#2658 = DIRECTION ( 'NONE',  ( -0.0000000000000000000, -0.0000000000000000000, 1.000000000000000000 ) ) ;
#2659 = DIRECTION ( 'NONE',  ( 1.000000000000000000, 0.0000000000000000000, 0.0000000000000000000 ) ) ;
#2660 = CYLINDRICAL_SURFACE ( 'NONE', #1114, 5.000000000000000888 ) ;
#2661 = DIRECTION ( 'NONE',  ( -0.0000000000000000000, 0.0000000000000000000, -1.000000000000000000 ) ) ;
#2662 = ORIENTED_EDGE ( 'NONE', *, *, #1110, .T. ) ;
#2663 = ORIENTED_EDGE ( 'NONE', *, *, #990, .F. ) ;
#2664 = DIRECTION ( 'NONE',  ( -0.0000000000000000000, 0.0000000000000000000, -1.000000000000000000 ) ) ;
#2665 = ORIENTED_EDGE ( 'NONE', *, *, #2344, .T. ) ;
#2666 = VERTEX_POINT ( 'NONE', #2247 ) ;
#2667 = CARTESIAN_POINT ( 'NONE',  ( 140.9999999999999716, 150.0000000000000284, -2.000000000000000000 ) ) ;
#2668 = DIRECTION ( 'NONE',  ( 0.0000000000000000000, -0.0000000000000000000, 1.000000000000000000 ) ) ;
#2669 = EDGE_CURVE ( 'NONE', #1833, #2589, #1083, .T. ) ;
#2670 = ORIENTED_EDGE ( 'NONE', *, *, #647, .F. ) ;
#2671 = DIRECTION ( 'NONE',  ( 0.0000000000000000000, 4.625929269271471123E-15, 1.000000000000000000 ) ) ;
#2672 = EDGE_LOOP ( 'NONE', ( #1587, #2321, #277, #806 ) ) ;
#2673 = VERTEX_POINT ( 'NONE', #1176 ) ;
#2674 = DIRECTION ( 'NONE',  ( -0.0000000000000000000, -0.0000000000000000000, 1.000000000000000000 ) ) ;
#2675 = EDGE_CURVE ( 'NONE', #1784, #1833, #1836, .T. ) ;
#2676 = DIRECTION ( 'NONE',  ( 0.0000000000000000000, -0.0000000000000000000, -1.000000000000000000 ) ) ;
#2677 = ORIENTED_EDGE ( 'NONE', *, *, #868, .F. ) ;
#2678 = PRESENTATION_LAYER_ASSIGNMENT (  '', '', ( #1437 ) ) ;
#2679 = CARTESIAN_POINT ( 'NONE',  ( 132.5000000000000000, 110.0000000000000000, -2.000000000000001776 ) ) ;
#2680 = PLANE ( 'NONE',  #532 ) ;
#2681 = DIRECTION ( 'NONE',  ( 1.000000000000000000, 0.0000000000000000000, -0.0000000000000000000 ) ) ;
#2682 = ADVANCED_FACE ( 'NONE', ( #1278 ), #2138, .T. ) ;
#2683 = CARTESIAN_POINT ( 'NONE',  ( 102.5000000000000000, 153.0000000000000853, -15.00000000000001066 ) ) ;
#2684 = VERTEX_POINT ( 'NONE', #2656 ) ;
#2685 = EDGE_CURVE ( 'NONE', #246, #206, #2546, .T. ) ;
#2686 = LINE ( 'NONE', #1341, #2142 ) ;
#2687 = DIRECTION ( 'NONE',  ( 1.000000000000000000, 0.0000000000000000000, 0.0000000000000000000 ) ) ;
#2688 = VECTOR ( 'NONE', #76, 1000.000000000000000 ) ;
#2689 = LINE ( 'NONE', #710, #2305 ) ;
#2690 = EDGE_CURVE ( 'NONE', #932, #322, #2511, .T. ) ;
#2691 = CARTESIAN_POINT ( 'NONE',  ( 140.9999999999999716, -154.9999999999999716, 0.0000000000000000000 ) ) ;
#2692 = LINE ( 'NONE', #29, #251 ) ;
#2693 = LINE ( 'NONE', #419, #252 ) ;
#2694 = CARTESIAN_POINT ( 'NONE',  ( -141.0000000000000000, -155.0000000000000000, -2.000000000000000000 ) ) ;
#2695 = AXIS2_PLACEMENT_3D ( 'NONE', #1237, #2018, #2449 ) ;
#2696 = LINE ( 'NONE', #981, #2151 ) ;
#2697 = ORIENTED_EDGE ( 'NONE', *, *, #1678, .T. ) ;
ENDSEC;
END-ISO-10303-21;
