ISO-10303-21;
HEADER;
FILE_DESCRIPTION (( 'STEP AP203' ),
    '1' );
FILE_NAME ('UR10_Zwischenplatte.STEP',
    '2025-05-12T11:32:01',
    ( '' ),
    ( '' ),
    'SwSTEP 2.0',
    'SolidWorks 2021',
    '' );
FILE_SCHEMA (( 'CONFIG_CONTROL_DESIGN' ));
ENDSEC;

DATA;
#1 = VECTOR ( 'NONE', #780, 1000.000000000000000 ) ;
#2 = ORIENTED_EDGE ( 'NONE', *, *, #1405, .F. ) ;
#3 = CARTESIAN_POINT ( 'NONE',  ( -28.29999999999999716, 0.000000000000000000, 6.399999999999999467 ) ) ;
#4 = CIRCLE ( 'NONE', #1087, 0.003580776474318425606 ) ;
#5 = DIRECTION ( 'NONE',  ( -1.000000000000000000, 0.000000000000000000, 0.000000000000000000 ) ) ;
#6 = CARTESIAN_POINT ( 'NONE',  ( -17.67766952966370297, 17.67766952966370297, 18.50000000000000000 ) ) ;
#7 = CARTESIAN_POINT ( 'NONE',  ( -25.00000000000000000, 0.000000000000000000, 0.000000000000000000 ) ) ;
#8 = EDGE_LOOP ( 'NONE', ( #315, #375 ) ) ;
#9 = DIRECTION ( 'NONE',  ( 1.000000000000000000, 0.000000000000000000, 0.000000000000000000 ) ) ;
#10 = ADVANCED_FACE ( 'NONE', ( #1160 ), #398, .F. ) ;
#11 = VECTOR ( 'NONE', #213, 1000.000000000000000 ) ;
#12 = ORIENTED_EDGE ( 'NONE', *, *, #1024, .T. ) ;
#13 = DIRECTION ( 'NONE',  ( 0.000000000000000000, 0.000000000000000000, -1.000000000000000000 ) ) ;
#14 = DIRECTION ( 'NONE',  ( 0.000000000000000000, 0.000000000000000000, 1.000000000000000000 ) ) ;
#15 = CARTESIAN_POINT ( 'NONE',  ( 17.70175707395806697, 17.69922181409991424, 18.48273343145145375 ) ) ;
#16 = ORIENTED_EDGE ( 'NONE', *, *, #46, .F. ) ;
#17 = CARTESIAN_POINT ( 'NONE',  ( 25.00000000000000000, 0.000000000000000000, 0.000000000000000000 ) ) ;
#18 = ORIENTED_EDGE ( 'NONE', *, *, #1236, .T. ) ;
#19 = CARTESIAN_POINT ( 'NONE',  ( -28.29999999999999716, 0.000000000000000000, 0.000000000000000000 ) ) ;
#20 = ORIENTED_EDGE ( 'NONE', *, *, #740, .T. ) ;
#21 = ADVANCED_FACE ( 'NONE', ( #1451 ), #671, .F. ) ;
#22 = EDGE_CURVE ( 'NONE', #125, #190, #884, .T. ) ;
#23 = CARTESIAN_POINT ( 'NONE',  ( -17.64525521134155284, 17.64272804372728487, 18.47351377485080093 ) ) ;
#24 = AXIS2_PLACEMENT_3D ( 'NONE', #1620, #1416, #578 ) ;
#25 = CARTESIAN_POINT ( 'NONE',  ( -16.25000000000000000, -1.990051048614449313E-15, 0.5000000000000000000 ) ) ;
#26 = DIRECTION ( 'NONE',  ( 0.000000000000000000, 0.000000000000000000, -1.000000000000000000 ) ) ;
#27 = LINE ( 'NONE', #1201, #1857 ) ;
#28 = CARTESIAN_POINT ( 'NONE',  ( 25.00000000000000000, 0.000000000000000000, 6.399999999999999467 ) ) ;
#29 = ORIENTED_EDGE ( 'NONE', *, *, #1853, .T. ) ;
#30 = DIRECTION ( 'NONE',  ( 0.000000000000000000, 0.000000000000000000, 1.000000000000000000 ) ) ;
#31 = ORIENTED_EDGE ( 'NONE', *, *, #1589, .F. ) ;
#32 = DIRECTION ( 'NONE',  ( -0.000000000000000000, -0.000000000000000000, -1.000000000000000000 ) ) ;
#33 = CONICAL_SURFACE ( 'NONE', #1019, 2.499999999999995115, 1.029744258676652313 ) ;
#34 = CARTESIAN_POINT ( 'NONE',  ( 18.29837677762195369, 18.29575606935986443, 17.97582091650825831 ) ) ;
#35 = CARTESIAN_POINT ( 'NONE',  ( -19.44682852934174022, 19.44404333887232994, 8.500000000000000000 ) ) ;
#36 = EDGE_CURVE ( 'NONE', #645, #214, #1182, .T. ) ;
#37 = FACE_OUTER_BOUND ( 'NONE', #1242, .T. ) ;
#38 = CIRCLE ( 'NONE', #1614, 31.49999999999999289 ) ;
#39 = ORIENTED_EDGE ( 'NONE', *, *, #1789, .T. ) ;
#40 = DIRECTION ( 'NONE',  ( -0.000000000000000000, -0.000000000000000000, -1.000000000000000000 ) ) ;
#41 = EDGE_LOOP ( 'NONE', ( #70, #1528, #384, #946 ) ) ;
#42 = CARTESIAN_POINT ( 'NONE',  ( -17.66154583946050494, 17.65901633868951137, 18.48733676977848006 ) ) ;
#43 = PERSON_AND_ORGANIZATION ( #682, #117 ) ;
#44 = CARTESIAN_POINT ( 'NONE',  ( 17.68112836050133296, -17.67859605510587784, 18.50000000000006040 ) ) ;
#45 = DIRECTION ( 'NONE',  ( 0.000000000000000000, 0.000000000000000000, 1.000000000000000000 ) ) ;
#46 = EDGE_CURVE ( 'NONE', #851, #1097, #639, .T. ) ;
#47 = VERTEX_POINT ( 'NONE', #310 ) ;
#48 = CARTESIAN_POINT ( 'NONE',  ( 17.67766952966370297, -17.67766952966370297, 0.000000000000000000 ) ) ;
#49 = DIRECTION ( 'NONE',  ( -0.8571673007021118895, 1.049727191138618079E-16, 0.5150380749100549327 ) ) ;
#50 = DIRECTION ( 'NONE',  ( 1.000000000000000000, 0.000000000000000000, -0.000000000000000000 ) ) ;
#51 = PERSON_AND_ORGANIZATION_ROLE ( 'design_owner' ) ;
#52 = CARTESIAN_POINT ( 'NONE',  ( 15.91104234001916318, 15.90876354776161250, 17.00000000000000000 ) ) ;
#53 = FACE_BOUND ( 'NONE', #1778, .T. ) ;
#54 = CC_DESIGN_PERSON_AND_ORGANIZATION_ASSIGNMENT ( #1107, #1810, ( #1700 ) ) ;
#55 = ADVANCED_FACE ( 'NONE', ( #891 ), #1133, .T. ) ;
#56 = CARTESIAN_POINT ( 'NONE',  ( -31.50000000000000000, 3.857637417314162689E-15, 0.000000000000000000 ) ) ;
#57 = VERTEX_POINT ( 'NONE', #759 ) ;
#58 = ADVANCED_FACE ( 'NONE', ( #352 ), #770, .F. ) ;
#59 = VECTOR ( 'NONE', #1645, 1000.000000000000000 ) ;
#60 = ORIENTED_EDGE ( 'NONE', *, *, #740, .F. ) ;
#61 = CARTESIAN_POINT ( 'NONE',  ( -20.67766952966377403, -17.67766952966359284, 18.50000000000000000 ) ) ;
#62 = VECTOR ( 'NONE', #1670, 1000.000000000000000 ) ;
#63 = CARTESIAN_POINT ( 'NONE',  ( 17.64525521134158126, -17.64272804372730263, 18.47351377485082224 ) ) ;
#64 = CARTESIAN_POINT ( 'NONE',  ( 17.67566986697014286, 17.67313834334468581, 18.49917901179862767 ) ) ;
#65 = ORIENTED_EDGE ( 'NONE', *, *, #1247, .F. ) ;
#66 = VECTOR ( 'NONE', #1638, 1000.000000000000000 ) ;
#67 = VERTEX_POINT ( 'NONE', #217 ) ;
#68 = CONICAL_SURFACE ( 'NONE', #102, 1.250000000000001110, 1.029744258676650093 ) ;
#69 = EDGE_CURVE ( 'NONE', #1023, #1225, #934, .T. ) ;
#70 = ORIENTED_EDGE ( 'NONE', *, *, #417, .F. ) ;
#71 = DIRECTION ( 'NONE',  ( -1.000000000000000000, 0.000000000000000000, 0.000000000000000000 ) ) ;
#72 = APPROVAL_DATE_TIME ( #932, #879 ) ;
#73 = CARTESIAN_POINT ( 'NONE',  ( -14.75000000000000533, 0.000000000000000000, 22.50000000000000000 ) ) ;
#74 = CARTESIAN_POINT ( 'NONE',  ( 0.000000000000000000, 0.000000000000000000, 4.999999999999999112 ) ) ;
#75 = AXIS2_PLACEMENT_3D ( 'NONE', #17, #582, #1813 ) ;
#76 = ORIENTED_EDGE ( 'NONE', *, *, #143, .T. ) ;
#77 = ORIENTED_EDGE ( 'NONE', *, *, #1710, .T. ) ;
#78 = ORIENTED_EDGE ( 'NONE', *, *, #252, .T. ) ;
#79 = CARTESIAN_POINT ( 'NONE',  ( -15.75000000000000000, 1.928818708657081344E-15, 21.50000000000000355 ) ) ;
#80 = EDGE_CURVE ( 'NONE', #755, #1420, #551, .T. ) ;
#81 = APPROVAL_ROLE ( '' ) ;
#82 = CARTESIAN_POINT ( 'NONE',  ( 17.67591015138601307, -17.67337859334682904, 18.49938453651172310 ) ) ;
#83 = MANIFOLD_SOLID_BREP ( 'Ø6.0mm Stiftloch3', #486 ) ;
#84 = CARTESIAN_POINT ( 'NONE',  ( -17.67766952966370297, 17.67766952966370297, 0.000000000000000000 ) ) ;
#85 = EDGE_LOOP ( 'NONE', ( #1862, #1805 ) ) ;
#86 = CC_DESIGN_APPROVAL ( #655, ( #1700 ) ) ;
#87 = ORIENTED_EDGE ( 'NONE', *, *, #1163, .F. ) ;
#88 = ORIENTED_EDGE ( 'NONE', *, *, #804, .T. ) ;
#89 = LINE ( 'NONE', #61, #837 ) ;
#90 = AXIS2_PLACEMENT_3D ( 'NONE', #1768, #133, #1178 ) ;
#91 = DIRECTION ( 'NONE',  ( 0.000000000000000000, 0.000000000000000000, 1.000000000000000000 ) ) ;
#92 = VECTOR ( 'NONE', #1637, 1000.000000000000000 ) ;
#93 = CARTESIAN_POINT ( 'NONE',  ( -25.00000000000000000, 0.000000000000000000, 0.000000000000000000 ) ) ;
#94 = VERTEX_POINT ( 'NONE', #1378 ) ;
#95 = CIRCLE ( 'NONE', #1086, 2.499999999999998668 ) ;
#96 = AXIS2_PLACEMENT_3D ( 'NONE', #240, #393, #977 ) ;
#97 = FACE_OUTER_BOUND ( 'NONE', #847, .T. ) ;
#98 = VECTOR ( 'NONE', #997, 1000.000000000000000 ) ;
#99 = ORIENTED_EDGE ( 'NONE', *, *, #1598, .F. ) ;
#100 = ORIENTED_EDGE ( 'NONE', *, *, #1710, .F. ) ;
#101 = LINE ( 'NONE', #1839, #257 ) ;
#102 = AXIS2_PLACEMENT_3D ( 'NONE', #1450, #408, #1887 ) ;
#103 = CARTESIAN_POINT ( 'NONE',  ( -17.68020133965639928, 17.67513735701110278, 0.000000000000000000 ) ) ;
#104 = CARTESIAN_POINT ( 'NONE',  ( 0.000000000000000000, 0.000000000000000000, 0.000000000000000000 ) ) ;
#105 = ORIENTED_EDGE ( 'NONE', *, *, #1227, .T. ) ;
#106 = DIRECTION ( 'NONE',  ( -0.000000000000000000, -0.000000000000000000, 1.000000000000000000 ) ) ;
#107 = AXIS2_PLACEMENT_3D ( 'NONE', #271, #1305, #1896 ) ;
#108 = DIRECTION ( 'NONE',  ( 1.000000000000000000, 0.000000000000000000, 0.000000000000000000 ) ) ;
#109 = EDGE_CURVE ( 'NONE', #1225, #1097, #1231, .T. ) ;
#110 = ORIENTED_EDGE ( 'NONE', *, *, #1300, .F. ) ;
#111 = CARTESIAN_POINT ( 'NONE',  ( -18.91132690862080779, 18.90861841309951430, 17.45500724213285437 ) ) ;
#112 = CARTESIAN_POINT ( 'NONE',  ( 15.17766952966369942, -17.67766952966370297, 17.00000000000000000 ) ) ;
#113 = CARTESIAN_POINT ( 'NONE',  ( 18.87743073462401000, 18.87472709374246094, 17.48380828894732275 ) ) ;
#114 = ORIENTED_EDGE ( 'NONE', *, *, #46, .T. ) ;
#115 = LINE ( 'NONE', #863, #358 ) ;
#116 = EDGE_CURVE ( 'NONE', #524, #964, #1679, .T. ) ;
#117 = ORGANIZATION ( 'UNSPECIFIED', 'UNSPECIFIED', '' ) ;
#118 = ORIENTED_EDGE ( 'NONE', *, *, #1223, .F. ) ;
#119 = CARTESIAN_POINT ( 'NONE',  ( -17.92015742478976392, 17.91759088543906842, 18.29718616534387721 ) ) ;
#120 = EDGE_CURVE ( 'NONE', #1818, #264, #799, .T. ) ;
#121 = ORIENTED_EDGE ( 'NONE', *, *, #1610, .F. ) ;
#122 = UNCERTAINTY_MEASURE_WITH_UNIT (LENGTH_MEASURE( 1.000000000000000082E-05 ), #1759, 'distance_accuracy_value', 'NONE');
#123 = DIRECTION ( 'NONE',  ( -0.000000000000000000, -0.000000000000000000, -1.000000000000000000 ) ) ;
#124 = DIRECTION ( 'NONE',  ( -0.000000000000000000, -0.000000000000000000, -1.000000000000000000 ) ) ;
#125 = VERTEX_POINT ( 'NONE', #1220 ) ;
#126 = CIRCLE ( 'NONE', #24, 2.999999999999998668 ) ;
#127 = DIRECTION ( 'NONE',  ( -1.000000000000000000, 0.000000000000000000, 0.000000000000000000 ) ) ;
#128 = ORIENTED_EDGE ( 'NONE', *, *, #1334, .T. ) ;
#129 = CARTESIAN_POINT ( 'NONE',  ( -17.68273077893330125, 17.68019824403805629, 18.49875200155974042 ) ) ;
#130 = CIRCLE ( 'NONE', #1205, 2.499999999999998668 ) ;
#131 = VERTEX_POINT ( 'NONE', #44 ) ;
#132 = ADVANCED_FACE ( 'NONE', ( #1822 ), #1350, .F. ) ;
#133 = DIRECTION ( 'NONE',  ( -0.000000000000000000, -0.000000000000000000, -1.000000000000000000 ) ) ;
#134 = VECTOR ( 'NONE', #571, 1000.000000000000000 ) ;
#135 = DIRECTION ( 'NONE',  ( -0.000000000000000000, -0.000000000000000000, -1.000000000000000000 ) ) ;
#136 = CARTESIAN_POINT ( 'NONE',  ( -17.68020133965639928, 17.67513735701110278, 17.00000000000000000 ) ) ;
#137 = CARTESIAN_POINT ( 'NONE',  ( 0.000000000000000000, 0.000000000000000000, 0.5000000000000000000 ) ) ;
#138 = CARTESIAN_POINT ( 'NONE',  ( 0.000000000000000000, 0.000000000000000000, 1.000000000000000000 ) ) ;
#139 = AXIS2_PLACEMENT_3D ( 'NONE', #520, #1845, #1696 ) ;
#140 = ORIENTED_EDGE ( 'NONE', *, *, #1413, .F. ) ;
#141 = CARTESIAN_POINT ( 'NONE',  ( 0.000000000000000000, 0.000000000000000000, 0.000000000000000000 ) ) ;
#142 = DIRECTION ( 'NONE',  ( 0.000000000000000000, 1.000000000000000000, 0.000000000000000000 ) ) ;
#143 = EDGE_CURVE ( 'NONE', #803, #1255, #241, .T. ) ;
#144 = CARTESIAN_POINT ( 'NONE',  ( 17.92300757565792324, 17.92044062810598604, 18.29476446961450975 ) ) ;
#145 = DIRECTION ( 'NONE',  ( -0.000000000000000000, -0.000000000000000000, -1.000000000000000000 ) ) ;
#146 = CARTESIAN_POINT ( 'NONE',  ( 17.67674250881880837, -17.67421083156872896, 18.50000000000000000 ) ) ;
#147 = ORIENTED_EDGE ( 'NONE', *, *, #487, .F. ) ;
#148 = CARTESIAN_POINT ( 'NONE',  ( -15.75000000000000000, 0.000000000000000000, 0.000000000000000000 ) ) ;
#149 = EDGE_LOOP ( 'NONE', ( #1383, #993, #2, #948 ) ) ;
#150 = AXIS2_PLACEMENT_3D ( 'NONE', #758, #175, #1790 ) ;
#151 = AXIS2_PLACEMENT_3D ( 'NONE', #425, #1634, #1910 ) ;
#152 = FACE_OUTER_BOUND ( 'NONE', #1155, .T. ) ;
#153 = VERTEX_POINT ( 'NONE', #1654 ) ;
#154 = AXIS2_PLACEMENT_3D ( 'NONE', #137, #1737, #1615 ) ;
#155 = DIRECTION ( 'NONE',  ( -0.000000000000000000, -0.000000000000000000, -1.000000000000000000 ) ) ;
#156 = EDGE_CURVE ( 'NONE', #1135, #273, #27, .T. ) ;
#157 = DIRECTION ( 'NONE',  ( -1.000000000000000000, 0.000000000000000000, 0.000000000000000000 ) ) ;
#158 = ORIENTED_EDGE ( 'NONE', *, *, #508, .F. ) ;
#159 = LINE ( 'NONE', #1672, #649 ) ;
#160 = ORIENTED_EDGE ( 'NONE', *, *, #407, .F. ) ;
#161 = VECTOR ( 'NONE', #786, 1000.000000000000000 ) ;
#162 = CARTESIAN_POINT ( 'NONE',  ( -17.67669772847559884, 17.67416605763899184, 18.49996696562214993 ) ) ;
#163 = CARTESIAN_POINT ( 'NONE',  ( 28.29999999999999716, 4.041334437186262058E-16, 18.50000000000000000 ) ) ;
#164 = CARTESIAN_POINT ( 'NONE',  ( 17.84438506917914324, 17.84182938201254842, 18.36156785978731776 ) ) ;
#165 = DIRECTION ( 'NONE',  ( 0.000000000000000000, 0.000000000000000000, -1.000000000000000000 ) ) ;
#166 = VECTOR ( 'NONE', #1652, 1000.000000000000000 ) ;
#167 = CYLINDRICAL_SURFACE ( 'NONE', #660, 2.499999999999992006 ) ;
#168 = EDGE_CURVE ( 'NONE', #1649, #1135, #821, .T. ) ;
#169 = ORIENTED_EDGE ( 'NONE', *, *, #120, .F. ) ;
#170 = CARTESIAN_POINT ( 'NONE',  ( -15.91104233998563977, 15.90876354779519453, 8.500000000000000000 ) ) ;
#171 = CIRCLE ( 'NONE', #419, 15.75000000000000000 ) ;
#172 = EDGE_LOOP ( 'NONE', ( #1436, #1042, #77, #840, #260 ) ) ;
#173 = VECTOR ( 'NONE', #178, 1000.000000000000000 ) ;
#174 = DIRECTION ( 'NONE',  ( 1.000000000000000000, 0.000000000000000000, 0.000000000000000000 ) ) ;
#175 = DIRECTION ( 'NONE',  ( -0.000000000000000000, -0.000000000000000000, -1.000000000000000000 ) ) ;
#176 = CARTESIAN_POINT ( 'NONE',  ( -16.42766952966369942, 17.67766952966370297, 17.75107577378449975 ) ) ;
#177 = B_SPLINE_CURVE_WITH_KNOTS ( 'NONE', 3,
 ( #498, #1188, #1508, #622, #779, #1796, #630, #1786, #897, #185, #1808, #328, #1045, #481, #756, #1369, #1066, #349, #23, #459, #1684, #42, #491, #909, #319, #1079, #1348, #930, #612, #1198, #162, #1497, #746, #1338 ),
 .UNSPECIFIED., .F., .F.,
 ( 4, 3, 3, 3, 3, 3, 3, 3, 3, 3, 3, 4 ),
 ( 3.883208784643328020E-07, 0.001409434777217171472, 0.002137853123297896955, 0.002514311659193163139, 0.002708872237981537010, 0.002809425900567550163, 0.002861396885356423149, 0.002888262632217079851, 0.002902159520141462962, 0.002909365437768346007, 0.002913136231488120103, 0.002913207636321893737 ),
 .UNSPECIFIED. ) ;
#178 = DIRECTION ( 'NONE',  ( -0.000000000000000000, -0.000000000000000000, -1.000000000000000000 ) ) ;
#179 = CARTESIAN_POINT ( 'NONE',  ( -5.499999999999998224, -25.00000000000000000, 0.000000000000000000 ) ) ;
#180 = CC_DESIGN_PERSON_AND_ORGANIZATION_ASSIGNMENT ( #377, #1677, ( #1011 ) ) ;
#181 = EDGE_LOOP ( 'NONE', ( #876, #1337, #1728, #478 ) ) ;
#182 = DIRECTION ( 'NONE',  ( -0.000000000000000000, -0.000000000000000000, -1.000000000000000000 ) ) ;
#183 = ORIENTED_EDGE ( 'NONE', *, *, #1287, .F. ) ;
#184 = ADVANCED_FACE ( 'NONE', ( #360 ), #1069, .F. ) ;
#185 = CARTESIAN_POINT ( 'NONE',  ( -17.43486329367350152, 17.43236625855721655, 18.29476446961438896 ) ) ;
#186 = CIRCLE ( 'NONE', #1192, 5.499999999999998224 ) ;
#187 = CARTESIAN_POINT ( 'NONE',  ( -17.67766952966370297, 17.67766952966370297, 17.00000000000000000 ) ) ;
#188 = DIRECTION ( 'NONE',  ( 0.000000000000000000, 0.000000000000000000, -1.000000000000000000 ) ) ;
#189 = CARTESIAN_POINT ( 'NONE',  ( -16.75000000000000000, -2.051283388571817281E-15, 0.000000000000000000 ) ) ;
#190 = VERTEX_POINT ( 'NONE', #52 ) ;
#191 = CARTESIAN_POINT ( 'NONE',  ( 17.70916126316246775, -17.70662494286974109, 18.47646881251644757 ) ) ;
#192 = ORIENTED_EDGE ( 'NONE', *, *, #268, .F. ) ;
#193 = CIRCLE ( 'NONE', #1678, 2.499999999999988454 ) ;
#194 = DIRECTION ( 'NONE',  ( 0.000000000000000000, 0.000000000000000000, 1.000000000000000000 ) ) ;
#195 = AXIS2_PLACEMENT_3D ( 'NONE', #376, #525, #806 ) ;
#196 = DIRECTION ( 'NONE',  ( -0.000000000000000000, -0.000000000000000000, -1.000000000000000000 ) ) ;
#197 = CIRCLE ( 'NONE', #96, 31.50000000000000000 ) ;
#198 = EDGE_CURVE ( 'NONE', #449, #1206, #1058, .T. ) ;
#199 = COORDINATED_UNIVERSAL_TIME_OFFSET ( 1, 0, .AHEAD. ) ;
#200 = CARTESIAN_POINT ( 'NONE',  ( 0.000000000000000000, 0.000000000000000000, 0.000000000000000000 ) ) ;
#201 = CARTESIAN_POINT ( 'NONE',  ( 17.67674250881880837, 17.67421083156872541, 18.50000000000000000 ) ) ;
#202 = ORIENTED_EDGE ( 'NONE', *, *, #1883, .T. ) ;
#203 = CONICAL_SURFACE ( 'NONE', #263, 1.250000000000001110, 1.029744258676650093 ) ;
#204 = ORIENTED_EDGE ( 'NONE', *, *, #1853, .F. ) ;
#205 = CARTESIAN_POINT ( 'NONE',  ( -14.67766952966378291, -17.67766952966359284, 18.50000000000000000 ) ) ;
#206 = CARTESIAN_POINT ( 'NONE',  ( 5.499999999999998224, -25.00000000000000000, 6.399999999999999467 ) ) ;
#207 = LINE ( 'NONE', #1630, #1 ) ;
#208 = B_SPLINE_CURVE_WITH_KNOTS ( 'NONE', 3,
 ( #886, #1494, #628, #1075, #1064, #776, #1053, #191, #1784, #448, #733, #1326, #1817, #598, #1916, #1185, #1659, #457, #916 ),
 .UNSPECIFIED., .F., .F.,
 ( 4, 3, 3, 3, 3, 3, 4 ),
 ( 0.002919853145684657078, 0.002922460118885724170, 0.002941245514210265831, 0.003016375560799229496, 0.003316895537271163583, 0.004518975439800776255, 0.005853713548102363814 ),
 .UNSPECIFIED. ) ;
#209 = CARTESIAN_POINT ( 'NONE',  ( -2.999999999999998668, 25.00000000000000000, 0.000000000000000000 ) ) ;
#210 = ADVANCED_FACE ( 'NONE', ( #922 ), #340, .F. ) ;
#211 = CARTESIAN_POINT ( 'NONE',  ( 0.000000000000000000, 0.000000000000000000, 1.000000000000000000 ) ) ;
#212 = EDGE_CURVE ( 'NONE', #1052, #1244, #1159, .T. ) ;
#213 = DIRECTION ( 'NONE',  ( 0.000000000000000000, 0.000000000000000000, 1.000000000000000000 ) ) ;
#214 = VERTEX_POINT ( 'NONE', #1791 ) ;
#215 = DIRECTION ( 'NONE',  ( 1.000000000000000000, 0.000000000000000000, 0.000000000000000000 ) ) ;
#216 = AXIS2_PLACEMENT_3D ( 'NONE', #965, #1557, #256 ) ;
#217 = CARTESIAN_POINT ( 'NONE',  ( 3.299999999999997158, -25.00000000000000000, 18.50000000000000000 ) ) ;
#218 = CARTESIAN_POINT ( 'NONE',  ( 17.67132067274721052, 17.66878977201682233, 18.49567347659158045 ) ) ;
#219 = ORIENTED_EDGE ( 'NONE', *, *, #497, .T. ) ;
#220 = EDGE_CURVE ( 'NONE', #1587, #1764, #463, .T. ) ;
#221 = ORIENTED_EDGE ( 'NONE', *, *, #1347, .T. ) ;
#222 = DIRECTION ( 'NONE',  ( -1.000000000000000000, 0.000000000000000000, 0.000000000000000000 ) ) ;
#223 = CARTESIAN_POINT ( 'NONE',  ( 17.67290070105181599, -17.67036957402850916, 18.49692294052394814 ) ) ;
#224 = DIRECTION ( 'NONE',  ( 1.000000000000000000, 0.000000000000000000, 0.000000000000000000 ) ) ;
#225 = ORIENTED_EDGE ( 'NONE', *, *, #978, .T. ) ;
#226 = AXIS2_PLACEMENT_3D ( 'NONE', #1765, #1025, #1617 ) ;
#227 = DIRECTION ( 'NONE',  ( 1.000000000000000000, 0.000000000000000000, 0.000000000000000000 ) ) ;
#228 = VERTEX_POINT ( 'NONE', #641 ) ;
#229 = EDGE_CURVE ( 'NONE', #228, #281, #342, .T. ) ;
#230 = ORIENTED_EDGE ( 'NONE', *, *, #229, .F. ) ;
#231 = CARTESIAN_POINT ( 'NONE',  ( -2.999999999999998668, 25.00000000000000000, 3.061616997868384127E-16 ) ) ;
#232 = CARTESIAN_POINT ( 'NONE',  ( 16.48044013474729397, -16.47807979288041480, 17.48380828894703853 ) ) ;
#233 = CARTESIAN_POINT ( 'NONE',  ( 17.64870960615895967, 17.64618194380350502, 18.47646881251635165 ) ) ;
#234 = CIRCLE ( 'NONE', #1400, 2.999999999999999112 ) ;
#235 = ORIENTED_EDGE ( 'NONE', *, *, #1884, .F. ) ;
#236 = CARTESIAN_POINT ( 'NONE',  ( 0.000000000000000000, -25.00000000000000000, 6.399999999999999467 ) ) ;
#237 = DIRECTION ( 'NONE',  ( 0.000000000000000000, 0.000000000000000000, 1.000000000000000000 ) ) ;
#238 = VERTEX_POINT ( 'NONE', #1860 ) ;
#239 = VERTEX_POINT ( 'NONE', #849 ) ;
#240 = CARTESIAN_POINT ( 'NONE',  ( 0.000000000000000000, 0.000000000000000000, 1.000000000000000000 ) ) ;
#241 = CIRCLE ( 'NONE', #1757, 15.75000000000000000 ) ;
#242 = EDGE_CURVE ( 'NONE', #1608, #544, #265, .T. ) ;
#243 = CARTESIAN_POINT ( 'NONE',  ( 17.66716565605062783, -17.66463535040502819, 18.49209883208427030 ) ) ;
#244 = FACE_OUTER_BOUND ( 'NONE', #1356, .T. ) ;
#245 = ORIENTED_EDGE ( 'NONE', *, *, #854, .F. ) ;
#246 = CARTESIAN_POINT ( 'NONE',  ( -25.00000000000000000, 0.000000000000000000, 6.399999999999999467 ) ) ;
#247 = CIRCLE ( 'NONE', #1321, 3.299999999999997158 ) ;
#248 = ORIENTED_EDGE ( 'NONE', *, *, #487, .T. ) ;
#249 = ORIENTED_EDGE ( 'NONE', *, *, #1495, .T. ) ;
#250 = CARTESIAN_POINT ( 'NONE',  ( 0.000000000000000000, 25.00000000000000000, 3.061616997868384127E-16 ) ) ;
#251 = CARTESIAN_POINT ( 'NONE',  ( -17.67766952966370297, 17.67766952966370297, 17.75107577378449975 ) ) ;
#252 = EDGE_CURVE ( 'NONE', #745, #1078, #1319, .T. ) ;
#253 = AXIS2_PLACEMENT_3D ( 'NONE', #138, #1324, #446 ) ;
#254 = CYLINDRICAL_SURFACE ( 'NONE', #1272, 2.499999999999998668 ) ;
#255 = EDGE_LOOP ( 'NONE', ( #183, #1803, #1063, #128 ) ) ;
#256 = DIRECTION ( 'NONE',  ( 1.000000000000000000, 0.000000000000000000, -0.000000000000000000 ) ) ;
#257 = VECTOR ( 'NONE', #1411, 1000.000000000000000 ) ;
#258 = DIRECTION ( 'NONE',  ( -1.000000000000000000, 0.000000000000000000, 0.000000000000000000 ) ) ;
#259 = CIRCLE ( 'NONE', #1261, 15.75000000000000000 ) ;
#260 = ORIENTED_EDGE ( 'NONE', *, *, #1903, .T. ) ;
#261 = ORIENTED_EDGE ( 'NONE', *, *, #1828, .F. ) ;
#262 = CARTESIAN_POINT ( 'NONE',  ( -17.72422819467652388, 17.72168971648445179, 18.46365290025190120 ) ) ;
#263 = AXIS2_PLACEMENT_3D ( 'NONE', #1733, #704, #1124 ) ;
#264 = VERTEX_POINT ( 'NONE', #1720 ) ;
#265 = LINE ( 'NONE', #1584, #1907 ) ;
#266 = CARTESIAN_POINT ( 'NONE',  ( 25.00000000000000000, 0.000000000000000000, 0.000000000000000000 ) ) ;
#267 = ORIENTED_EDGE ( 'NONE', *, *, #220, .F. ) ;
#268 = EDGE_CURVE ( 'NONE', #337, #1564, #1650, .T. ) ;
#269 = DIRECTION ( 'NONE',  ( -1.000000000000000000, 0.000000000000000000, 0.000000000000000000 ) ) ;
#270 = VECTOR ( 'NONE', #295, 1000.000000000000114 ) ;
#271 = CARTESIAN_POINT ( 'NONE',  ( 0.000000000000000000, 0.000000000000000000, 0.000000000000000000 ) ) ;
#272 = EDGE_CURVE ( 'NONE', #793, #524, #809, .T. ) ;
#273 = VERTEX_POINT ( 'NONE', #979 ) ;
#274 = CARTESIAN_POINT ( 'NONE',  ( -17.69407614576509857, 17.69154198597631122, 18.48924182125913873 ) ) ;
#275 = DIRECTION ( 'NONE',  ( 0.000000000000000000, 0.000000000000000000, -1.000000000000000000 ) ) ;
#276 = CARTESIAN_POINT ( 'NONE',  ( -19.44682852934045769, 19.44404333887361958, 17.00000000000000000 ) ) ;
#277 = VERTEX_POINT ( 'NONE', #73 ) ;
#278 = CARTESIAN_POINT ( 'NONE',  ( 0.000000000000000000, -25.00000000000000000, 18.50000000000000000 ) ) ;
#279 = AXIS2_PLACEMENT_3D ( 'NONE', #236, #696, #550 ) ;
#280 = ADVANCED_FACE ( 'NONE', ( #663 ), #1412, .T. ) ;
#281 = VERTEX_POINT ( 'NONE', #680 ) ;
#282 = CARTESIAN_POINT ( 'NONE',  ( -25.00000000000000000, 0.000000000000000000, 6.399999999999999467 ) ) ;
#283 = CARTESIAN_POINT ( 'NONE',  ( 17.67766952966370297, -17.67766952966370297, 18.50000000000000000 ) ) ;
#284 = CIRCLE ( 'NONE', #1762, 2.499999999999998668 ) ;
#285 = DIRECTION ( 'NONE',  ( -1.000000000000000000, 0.000000000000000000, 0.000000000000000000 ) ) ;
#286 = ORIENTED_EDGE ( 'NONE', *, *, #614, .T. ) ;
#287 = CARTESIAN_POINT ( 'NONE',  ( 17.67766952966370297, 17.67766952966370297, 17.75107577378449975 ) ) ;
#288 = CIRCLE ( 'NONE', #1709, 5.499999999999998224 ) ;
#289 = EDGE_LOOP ( 'NONE', ( #409, #235 ) ) ;
#290 = ADVANCED_FACE ( 'NONE', ( #517 ), #1108, .F. ) ;
#291 = DIRECTION ( 'NONE',  ( 0.000000000000000000, 0.000000000000000000, -1.000000000000000000 ) ) ;
#292 = DIRECTION ( 'NONE',  ( 1.000000000000000000, 0.000000000000000000, 0.000000000000000000 ) ) ;
#293 = CARTESIAN_POINT ( 'NONE',  ( 17.68350022342298544, 17.68096757832721622, 18.49812649378675999 ) ) ;
#294 = ORIENTED_EDGE ( 'NONE', *, *, #533, .F. ) ;
#295 = DIRECTION ( 'NONE',  ( -0.7071067811865474617, 0.000000000000000000, -0.7071067811865474617 ) ) ;
#296 = LINE ( 'NONE', #179, #92 ) ;
#297 = CARTESIAN_POINT ( 'NONE',  ( -15.91104233998692408, 15.90876354779391022, -1.249139735130297407E-15 ) ) ;
#298 = DIRECTION ( 'NONE',  ( -1.000000000000000000, 0.000000000000000000, 0.000000000000000000 ) ) ;
#299 = PLANE ( 'NONE',  #216 ) ;
#300 = CARTESIAN_POINT ( 'NONE',  ( 18.07513537460142672, 18.07254663917107251, 18.16550496978193863 ) ) ;
#301 = ORIENTED_EDGE ( 'NONE', *, *, #656, .T. ) ;
#302 = DIRECTION ( 'NONE',  ( 1.000000000000000000, 0.000000000000000000, 0.000000000000000000 ) ) ;
#303 = LINE ( 'NONE', #773, #62 ) ;
#304 = ORIENTED_EDGE ( 'NONE', *, *, #880, .T. ) ;
#305 = CARTESIAN_POINT ( 'NONE',  ( 17.68020133965639928, -17.67513735701110278, 18.50000000000000000 ) ) ;
#306 = ORIENTED_EDGE ( 'NONE', *, *, #1262, .T. ) ;
#307 = FACE_OUTER_BOUND ( 'NONE', #255, .T. ) ;
#308 = LINE ( 'NONE', #339, #1513 ) ;
#309 = CARTESIAN_POINT ( 'NONE',  ( 17.68114329529948492, 17.67861098776505457, 18.49998901030329179 ) ) ;
#310 = CARTESIAN_POINT ( 'NONE',  ( -20.67766952966377758, -17.67766952966359284, 11.50000000000000000 ) ) ;
#311 = ADVANCED_FACE ( 'NONE', ( #547 ), #1270, .F. ) ;
#312 = AXIS2_PLACEMENT_3D ( 'NONE', #7, #772, #1460 ) ;
#313 = FACE_OUTER_BOUND ( 'NONE', #1814, .T. ) ;
#314 = AXIS2_PLACEMENT_3D ( 'NONE', #1517, #936, #1380 ) ;
#315 = ORIENTED_EDGE ( 'NONE', *, *, #1674, .F. ) ;
#316 = LINE ( 'NONE', #1648, #808 ) ;
#317 = ORIENTED_EDGE ( 'NONE', *, *, #1481, .T. ) ;
#318 = AXIS2_PLACEMENT_3D ( 'NONE', #489, #1471, #1794 ) ;
#319 = CARTESIAN_POINT ( 'NONE',  ( -17.66998085884873149, 17.66745015000754648, 18.49446730887819967 ) ) ;
#320 = CARTESIAN_POINT ( 'NONE',  ( 18.44555428231040750, 18.44291249515584141, 17.85076661583383029 ) ) ;
#321 = CARTESIAN_POINT ( 'NONE',  ( -15.17766952966369942, 17.67766952966370297, 8.500000000000000000 ) ) ;
#322 = DIRECTION ( 'NONE',  ( -1.000000000000000000, 0.000000000000000000, 0.000000000000000000 ) ) ;
#323 = ADVANCED_FACE ( 'NONE', ( #1554 ), #859, .F. ) ;
#324 = EDGE_LOOP ( 'NONE', ( #65, #1297, #1054, #1341 ) ) ;
#325 = DIRECTION ( 'NONE',  ( 1.000000000000000000, 0.000000000000000000, -0.000000000000000000 ) ) ;
#326 = ORIENTED_EDGE ( 'NONE', *, *, #987, .T. ) ;
#327 = VECTOR ( 'NONE', #883, 1000.000000000000000 ) ;
#328 = CARTESIAN_POINT ( 'NONE',  ( -17.51348580014854406, 17.51097750465426017, 18.36156785978714723 ) ) ;
#329 = FACE_OUTER_BOUND ( 'NONE', #1741, .T. ) ;
#330 = FACE_OUTER_BOUND ( 'NONE', #938, .T. ) ;
#331 = DIRECTION ( 'NONE',  ( 0.000000000000000000, 0.000000000000000000, -1.000000000000000000 ) ) ;
#332 = CARTESIAN_POINT ( 'NONE',  ( 0.000000000000000000, -25.00000000000000000, 6.399999999999999467 ) ) ;
#333 = VERTEX_POINT ( 'NONE', #1290 ) ;
#334 = ORIENTED_EDGE ( 'NONE', *, *, #1062, .F. ) ;
#335 = LINE ( 'NONE', #907, #66 ) ;
#336 = ADVANCED_FACE ( 'NONE', ( #1780 ), #839, .F. ) ;
#337 = VERTEX_POINT ( 'NONE', #577 ) ;
#338 = CARTESIAN_POINT ( 'NONE',  ( 17.68020133965639928, 17.67513735701110278, -1.249139735130297407E-15 ) ) ;
#339 = CARTESIAN_POINT ( 'NONE',  ( 17.67766952966370297, 20.17766952966369942, 8.500000000000000000 ) ) ;
#340 = CONICAL_SURFACE ( 'NONE', #1410, 1.250000000000001110, 1.029744258676650093 ) ;
#341 = COORDINATED_UNIVERSAL_TIME_OFFSET ( 1, 0, .AHEAD. ) ;
#342 = LINE ( 'NONE', #1512, #1824 ) ;
#343 = DIRECTION ( 'NONE',  ( 0.000000000000000000, 0.000000000000000000, -1.000000000000000000 ) ) ;
#344 = ORIENTED_EDGE ( 'NONE', *, *, #1335, .T. ) ;
#345 = ORIENTED_EDGE ( 'NONE', *, *, #1467, .F. ) ;
#346 = PLANE ( 'NONE',  #1051 ) ;
#347 = ORIENTED_EDGE ( 'NONE', *, *, #1560, .T. ) ;
#348 = ADVANCED_FACE ( 'NONE', ( #152 ), #1758, .F. ) ;
#349 = CARTESIAN_POINT ( 'NONE',  ( -17.63475246962467224, 17.63222680622143201, 18.46459605782555968 ) ) ;
#350 = AXIS2_PLACEMENT_3D ( 'NONE', #1609, #291, #1906 ) ;
#351 = EDGE_CURVE ( 'NONE', #153, #1807, #1769, .T. ) ;
#352 = FACE_OUTER_BOUND ( 'NONE', #1671, .T. ) ;
#353 = CARTESIAN_POINT ( 'NONE',  ( 17.67620157178512841, 17.67366997200847933, 18.49960195242225325 ) ) ;
#354 = AXIS2_PLACEMENT_3D ( 'NONE', #557, #124, #988 ) ;
#355 = CARTESIAN_POINT ( 'NONE',  ( -5.499999999999999112, -25.00000000000000000, 0.000000000000000000 ) ) ;
#356 = EDGE_LOOP ( 'NONE', ( #856, #31, #18, #685 ) ) ;
#357 = EDGE_LOOP ( 'NONE', ( #610, #968, #565, #1656 ) ) ;
#358 = VECTOR ( 'NONE', #573, 1000.000000000000000 ) ;
#359 = CARTESIAN_POINT ( 'NONE',  ( 15.75000000000000000, -1.928818708657081344E-15, 4.999999999999999112 ) ) ;
#360 = FACE_OUTER_BOUND ( 'NONE', #1292, .T. ) ;
#361 = CARTESIAN_POINT ( 'NONE',  ( 0.000000000000000000, -25.00000000000000000, 18.50000000000000000 ) ) ;
#362 = CARTESIAN_POINT ( 'NONE',  ( -5.499999999999998224, -25.00000000000000000, 6.399999999999999467 ) ) ;
#363 = DIRECTION ( 'NONE',  ( 0.000000000000000000, 0.000000000000000000, 1.000000000000000000 ) ) ;
#364 = ORIENTED_EDGE ( 'NONE', *, *, #1789, .F. ) ;
#365 = ORIENTED_EDGE ( 'NONE', *, *, #1754, .F. ) ;
#366 = CARTESIAN_POINT ( 'NONE',  ( -17.68112836050130809, 17.67859605510598442, 18.50000000000000000 ) ) ;
#367 = COORDINATED_UNIVERSAL_TIME_OFFSET ( 1, 0, .AHEAD. ) ;
#368 = AXIS2_PLACEMENT_3D ( 'NONE', #1283, #1881, #1136 ) ;
#369 = CARTESIAN_POINT ( 'NONE',  ( 16.19574123679145572, -16.19342166973027020, 17.24190414586512077 ) ) ;
#370 = APPROVAL_PERSON_ORGANIZATION ( #43, #655, #1068 ) ;
#371 = DIRECTION ( 'NONE',  ( 1.000000000000000000, 0.000000000000000000, 0.000000000000000000 ) ) ;
#372 = EDGE_CURVE ( 'NONE', #1582, #333, #1005, .T. ) ;
#373 = ORIENTED_EDGE ( 'NONE', *, *, #272, .F. ) ;
#374 = ORIENTED_EDGE ( 'NONE', *, *, #109, .T. ) ;
#375 = ORIENTED_EDGE ( 'NONE', *, *, #1344, .F. ) ;
#376 = CARTESIAN_POINT ( 'NONE',  ( 0.000000000000000000, 0.000000000000000000, 18.50000000000000000 ) ) ;
#377 = PERSON_AND_ORGANIZATION ( #682, #117 ) ;
#378 = DIRECTION ( 'NONE',  ( -1.000000000000000000, 0.000000000000000000, 0.000000000000000000 ) ) ;
#379 = CARTESIAN_POINT ( 'NONE',  ( 16.71429481280216223, 16.71190097808048236, 17.68251076506815522 ) ) ;
#380 = VERTEX_POINT ( 'NONE', #3 ) ;
#381 = AXIS2_PLACEMENT_3D ( 'NONE', #1094, #1707, #1373 ) ;
#382 = ORIENTED_EDGE ( 'NONE', *, *, #533, .T. ) ;
#383 = ADVANCED_FACE ( 'NONE', ( #589 ), #431, .F. ) ;
#384 = ORIENTED_EDGE ( 'NONE', *, *, #1049, .T. ) ;
#385 = DIRECTION ( 'NONE',  ( 0.000000000000000000, 0.000000000000000000, -1.000000000000000000 ) ) ;
#386 = CARTESIAN_POINT ( 'NONE',  ( 0.000000000000000000, 0.000000000000000000, 0.000000000000000000 ) ) ;
#387 = FACE_OUTER_BOUND ( 'NONE', #750, .T. ) ;
#388 = ORIENTED_EDGE ( 'NONE', *, *, #1551, .F. ) ;
#389 = FACE_BOUND ( 'NONE', #1717, .T. ) ;
#390 = ORIENTED_EDGE ( 'NONE', *, *, #1912, .F. ) ;
#391 = EDGE_CURVE ( 'NONE', #57, #1556, #1604, .T. ) ;
#392 = VERTEX_POINT ( 'NONE', #1015 ) ;
#393 = DIRECTION ( 'NONE',  ( 0.000000000000000000, 0.000000000000000000, -1.000000000000000000 ) ) ;
#394 = CARTESIAN_POINT ( 'NONE',  ( 17.66998085884872793, -17.66745015000754293, 18.49446730887819612 ) ) ;
#395 = LINE ( 'NONE', #1586, #134 ) ;
#396 = VERTEX_POINT ( 'NONE', #1593 ) ;
#397 = CC_DESIGN_APPROVAL ( #879, ( #1603 ) ) ;
#398 = CONICAL_SURFACE ( 'NONE', #151, 2.499999999999995115, 1.029744258676652313 ) ;
#399 = CARTESIAN_POINT ( 'NONE',  ( 0.000000000000000000, 0.000000000000000000, 4.999999999999999112 ) ) ;
#400 = VERTEX_POINT ( 'NONE', #1301 ) ;
#401 = EDGE_LOOP ( 'NONE', ( #1234, #1130, #599, #521 ) ) ;
#402 = DIRECTION ( 'NONE',  ( -1.000000000000000000, 0.000000000000000000, 0.000000000000000000 ) ) ;
#403 = CIRCLE ( 'NONE', #1734, 0.003580776474224750539 ) ;
#404 = CC_DESIGN_PERSON_AND_ORGANIZATION_ASSIGNMENT ( #661, #515, ( #1603 ) ) ;
#405 = ADVANCED_FACE ( 'NONE', ( #1150 ), #1443, .F. ) ;
#406 = CARTESIAN_POINT ( 'NONE',  ( 17.62425113629084450, -17.62172697689690892, 18.45567502412738392 ) ) ;
#407 = EDGE_CURVE ( 'NONE', #1206, #1564, #4, .T. ) ;
#408 = DIRECTION ( 'NONE',  ( 0.000000000000000000, 0.000000000000000000, -1.000000000000000000 ) ) ;
#409 = ORIENTED_EDGE ( 'NONE', *, *, #954, .F. ) ;
#410 = FACE_OUTER_BOUND ( 'NONE', #690, .T. ) ;
#411 = DIRECTION ( 'NONE',  ( 0.000000000000000000, 1.000000000000000000, 0.000000000000000000 ) ) ;
#412 = CARTESIAN_POINT ( 'NONE',  ( -19.44682852934045769, 19.44404333887361958, 17.00000000000000000 ) ) ;
#413 = AXIS2_PLACEMENT_3D ( 'NONE', #361, #1109, #224 ) ;
#414 = DIRECTION ( 'NONE',  ( -0.000000000000000000, -0.000000000000000000, -1.000000000000000000 ) ) ;
#415 = DIRECTION ( 'NONE',  ( 0.000000000000000000, 0.000000000000000000, 1.000000000000000000 ) ) ;
#416 = ORIENTED_EDGE ( 'NONE', *, *, #143, .F. ) ;
#417 = EDGE_CURVE ( 'NONE', #983, #1274, #259, .T. ) ;
#418 = ADVANCED_FACE ( 'NONE', ( #423 ), #452, .F. ) ;
#419 = AXIS2_PLACEMENT_3D ( 'NONE', #399, #1590, #420 ) ;
#420 = DIRECTION ( 'NONE',  ( 1.000000000000000000, 0.000000000000000000, 0.000000000000000000 ) ) ;
#421 = ORIENTED_EDGE ( 'NONE', *, *, #1144, .F. ) ;
#422 = CARTESIAN_POINT ( 'NONE',  ( -17.85987237346871481, 17.85731446819664470, 18.34840872674615042 ) ) ;
#423 = FACE_OUTER_BOUND ( 'NONE', #1153, .T. ) ;
#424 = DIRECTION ( 'NONE',  ( 1.000000000000000000, 0.000000000000000000, 0.000000000000000000 ) ) ;
#425 = CARTESIAN_POINT ( 'NONE',  ( 17.68020133965639928, 17.67513735701110278, 17.00000000000000000 ) ) ;
#426 = DIRECTION ( 'NONE',  ( -0.000000000000000000, -0.000000000000000000, -1.000000000000000000 ) ) ;
#427 = EDGE_CURVE ( 'NONE', #1649, #1251, #1449, .T. ) ;
#428 =( GEOMETRIC_REPRESENTATION_CONTEXT ( 3 ) GLOBAL_UNCERTAINTY_ASSIGNED_CONTEXT ( ( #122 ) ) GLOBAL_UNIT_ASSIGNED_CONTEXT ( ( #1759, #737, #1386 ) ) REPRESENTATION_CONTEXT ( 'NONE', 'WORKASPACE' ) );
#429 = AXIS2_PLACEMENT_3D ( 'NONE', #1387, #188, #783 ) ;
#430 = DIRECTION ( 'NONE',  ( -0.000000000000000000, -0.000000000000000000, -1.000000000000000000 ) ) ;
#431 = CYLINDRICAL_SURFACE ( 'NONE', #1172, 5.499999999999998224 ) ;
#432 = CARTESIAN_POINT ( 'NONE',  ( 17.73361973303178374, 17.73107990977521098, 18.45567502412745142 ) ) ;
#433 = CARTESIAN_POINT ( 'NONE',  ( 17.68020133965639928, 17.67513735701110278, 17.00000000000000000 ) ) ;
#434 = AXIS2_PLACEMENT_3D ( 'NONE', #1343, #1041, #157 ) ;
#435 = DIRECTION ( 'NONE',  ( 0.000000000000000000, 0.000000000000000000, 1.000000000000000000 ) ) ;
#436 = AXIS2_PLACEMENT_3D ( 'NONE', #814, #385, #691 ) ;
#437 = ORIENTED_EDGE ( 'NONE', *, *, #450, .T. ) ;
#438 = DIRECTION ( 'NONE',  ( 0.8571673007021122226, 1.049727191138618572E-16, -0.5150380749100542666 ) ) ;
#439 = ADVANCED_FACE ( 'NONE', ( #441 ), #1629, .F. ) ;
#440 = ADVANCED_FACE ( 'NONE', ( #307 ), #1619, .F. ) ;
#441 = FACE_OUTER_BOUND ( 'NONE', #1505, .T. ) ;
#442 = AXIS2_PLACEMENT_3D ( 'NONE', #93, #135, #867 ) ;
#443 = LINE ( 'NONE', #1499, #166 ) ;
#444 = ORIENTED_EDGE ( 'NONE', *, *, #802, .F. ) ;
#445 = DIRECTION ( 'NONE',  ( 0.000000000000000000, 0.000000000000000000, 1.000000000000000000 ) ) ;
#446 = DIRECTION ( 'NONE',  ( 1.000000000000000000, 0.000000000000000000, 0.000000000000000000 ) ) ;
#447 = ORIENTED_EDGE ( 'NONE', *, *, #1912, .T. ) ;
#448 = CARTESIAN_POINT ( 'NONE',  ( 17.73930029140387532, -17.73675965457269044, 18.45084919086149000 ) ) ;
#449 = VERTEX_POINT ( 'NONE', #112 ) ;
#450 = EDGE_CURVE ( 'NONE', #1374, #1358, #1111, .T. ) ;
#451 = ADVANCED_FACE ( 'NONE', ( #1651 ), #1640, .T. ) ;
#452 = CYLINDRICAL_SURFACE ( 'NONE', #523, 2.499999999999998668 ) ;
#453 = CYLINDRICAL_SURFACE ( 'NONE', #608, 3.299999999999997158 ) ;
#454 = CARTESIAN_POINT ( 'NONE',  ( 17.69632502986036826, 17.69379054798440976, 18.48733676977852980 ) ) ;
#455 = DIRECTION ( 'NONE',  ( 0.000000000000000000, 0.000000000000000000, -1.000000000000000000 ) ) ;
#456 = CARTESIAN_POINT ( 'NONE',  ( 19.44682852937377504, -19.44404333884024894, 17.00000000000000000 ) ) ;
#457 = CARTESIAN_POINT ( 'NONE',  ( 19.17907772026795499, -19.17633087724005492, 17.22750362405075109 ) ) ;
#458 = VERTEX_POINT ( 'NONE', #888 ) ;
#459 = CARTESIAN_POINT ( 'NONE',  ( -17.65068447139278263, 17.64815652619557085, 18.47812367635066622 ) ) ;
#460 = CARTESIAN_POINT ( 'NONE',  ( -14.67766952966378824, -17.67766952966359284, 18.50000000000000000 ) ) ;
#461 = EDGE_CURVE ( 'NONE', #190, #1556, #1013, .T. ) ;
#462 = CARTESIAN_POINT ( 'NONE',  ( 17.68196071793423130, 17.67942829332780619, 18.49938453651173376 ) ) ;
#463 = LINE ( 'NONE', #1048, #1666 ) ;
#464 = EDGE_CURVE ( 'NONE', #239, #1029, #1217, .T. ) ;
#465 = EDGE_CURVE ( 'NONE', #1818, #1225, #284, .T. ) ;
#466 = CARTESIAN_POINT ( 'NONE',  ( 0.000000000000000000, -25.00000000000000000, 0.000000000000000000 ) ) ;
#467 = AXIS2_PLACEMENT_3D ( 'NONE', #1126, #675, #1179 ) ;
#468 = LINE ( 'NONE', #19, #1644 ) ;
#469 = ORIENTED_EDGE ( 'NONE', *, *, #1588, .F. ) ;
#470 = AXIS2_PLACEMENT_3D ( 'NONE', #305, #1336, #753 ) ;
#471 = CARTESIAN_POINT ( 'NONE',  ( 0.000000000000000000, -25.00000000000000000, 6.399999999999999467 ) ) ;
#472 = FACE_BOUND ( 'NONE', #85, .T. ) ;
#473 = CARTESIAN_POINT ( 'NONE',  ( 0.000000000000000000, 0.000000000000000000, 18.50000000000000000 ) ) ;
#474 = DIRECTION ( 'NONE',  ( 1.000000000000000000, 0.000000000000000000, 0.000000000000000000 ) ) ;
#475 = DIRECTION ( 'NONE',  ( -1.000000000000000000, 0.000000000000000000, 0.000000000000000000 ) ) ;
#476 = EDGE_CURVE ( 'NONE', #153, #734, #193, .T. ) ;
#477 = EDGE_LOOP ( 'NONE', ( #1462, #469, #1785, #1196 ) ) ;
#478 = ORIENTED_EDGE ( 'NONE', *, *, #1236, .F. ) ;
#479 = ORIENTED_EDGE ( 'NONE', *, *, #1589, .T. ) ;
#480 = AXIS2_PLACEMENT_3D ( 'NONE', #211, #1379, #1681 ) ;
#481 = CARTESIAN_POINT ( 'NONE',  ( -17.57311464733121653, 17.57059781174594448, 18.41223100828790749 ) ) ;
#482 = PLANE ( 'NONE',  #1787 ) ;
#483 = DATE_TIME_ROLE ( 'classification_date' ) ;
#484 = CARTESIAN_POINT ( 'NONE',  ( -25.00000000000000000, 0.000000000000000000, 18.50000000000000000 ) ) ;
#485 = CARTESIAN_POINT ( 'NONE',  ( 25.00000000000000000, 0.000000000000000000, 0.000000000000000000 ) ) ;
#486 = CLOSED_SHELL ( 'NONE', ( #1092, #1841, #1526, #1657, #1698, #1372, #348, #1597, #439, #1842, #290, #1276, #280, #1121, #184, #686, #1718, #132, #55, #451, #1635, #1572, #1447, #440, #1187, #210, #1285, #872, #311, #1730, #931, #10, #21, #1646, #1875, #405, #1299, #1815, #418, #1427, #905, #522, #597, #1076, #1535, #336, #58, #699, #546, #1686, #727, #615, #383, #323, #698, #813, #1141, #662, #625 ) ) ;
#487 = EDGE_CURVE ( 'NONE', #752, #1325, #177, .T. ) ;
#488 = ORIENTED_EDGE ( 'NONE', *, *, #1391, .T. ) ;
#489 = CARTESIAN_POINT ( 'NONE',  ( 0.000000000000000000, 0.000000000000000000, 0.5000000000000000000 ) ) ;
#490 = ORIENTED_EDGE ( 'NONE', *, *, #252, .F. ) ;
#491 = CARTESIAN_POINT ( 'NONE',  ( -17.66435568039381820, 17.66182577719516900, 18.48971794493635912 ) ) ;
#492 = CARTESIAN_POINT ( 'NONE',  ( -17.68020133965639928, 17.67513735701110278, 17.00000000000000000 ) ) ;
#493 = AXIS2_PLACEMENT_3D ( 'NONE', #1082, #501, #474 ) ;
#494 = AXIS2_PLACEMENT_3D ( 'NONE', #559, #1889, #541 ) ;
#495 = CARTESIAN_POINT ( 'NONE',  ( 0.000000000000000000, 25.00000000000000000, 0.000000000000000000 ) ) ;
#496 = CYLINDRICAL_SURFACE ( 'NONE', #381, 3.299999999999997158 ) ;
#497 = EDGE_CURVE ( 'NONE', #333, #572, #1914, .T. ) ;
#498 = CARTESIAN_POINT ( 'NONE',  ( -15.91104233998435724, 15.90876354779647350, 17.00000000000000000 ) ) ;
#499 = AXIS2_PLACEMENT_3D ( 'NONE', #1098, #1256, #969 ) ;
#500 = FACE_OUTER_BOUND ( 'NONE', #1530, .T. ) ;
#501 = DIRECTION ( 'NONE',  ( 0.000000000000000000, 0.000000000000000000, 1.000000000000000000 ) ) ;
#502 = FACE_BOUND ( 'NONE', #8, .T. ) ;
#503 = VERTEX_POINT ( 'NONE', #206 ) ;
#504 = AXIS2_PLACEMENT_3D ( 'NONE', #1435, #980, #1563 ) ;
#505 = ORIENTED_EDGE ( 'NONE', *, *, #1763, .T. ) ;
#506 = AXIS2_PLACEMENT_3D ( 'NONE', #1836, #1847, #945 ) ;
#507 = DIRECTION ( 'NONE',  ( 0.000000000000000000, 0.000000000000000000, 1.000000000000000000 ) ) ;
#508 = EDGE_CURVE ( 'NONE', #228, #47, #787, .T. ) ;
#509 = APPROVAL_STATUS ( 'not_yet_approved' ) ;
#510 = CARTESIAN_POINT ( 'NONE',  ( 17.67513979327840801, -17.67260834557053073, 18.49875625200040474 ) ) ;
#511 = CARTESIAN_POINT ( 'NONE',  ( 17.55828223075589634, 17.55576751948110825, 18.39963438706174514 ) ) ;
#512 = ORIENTED_EDGE ( 'NONE', *, *, #646, .T. ) ;
#513 = ORIENTED_EDGE ( 'NONE', *, *, #1247, .T. ) ;
#514 = DIRECTION ( 'NONE',  ( -0.000000000000000000, -0.000000000000000000, -1.000000000000000000 ) ) ;
#515 = PERSON_AND_ORGANIZATION_ROLE ( 'design_supplier' ) ;
#516 = CIRCLE ( 'NONE', #1224, 31.50000000000000000 ) ;
#517 = FACE_OUTER_BOUND ( 'NONE', #1237, .T. ) ;
#518 = AXIS2_PLACEMENT_3D ( 'NONE', #1476, #165, #1363 ) ;
#519 = AXIS2_PLACEMENT_3D ( 'NONE', #591, #890, #1475 ) ;
#520 = CARTESIAN_POINT ( 'NONE',  ( 25.00000000000000000, 0.000000000000000000, 6.399999999999999467 ) ) ;
#521 = ORIENTED_EDGE ( 'NONE', *, *, #707, .F. ) ;
#522 = ADVANCED_FACE ( 'NONE', ( #637 ), #924, .T. ) ;
#523 = AXIS2_PLACEMENT_3D ( 'NONE', #1892, #1034, #1751 ) ;
#524 = VERTEX_POINT ( 'NONE', #1774 ) ;
#525 = DIRECTION ( 'NONE',  ( 0.000000000000000000, 0.000000000000000000, 1.000000000000000000 ) ) ;
#526 = AXIS2_PLACEMENT_3D ( 'NONE', #471, #1055, #1522 ) ;
#527 = CARTESIAN_POINT ( 'NONE',  ( 17.47417454264061831, -17.47167187733594318, 18.32816617474619036 ) ) ;
#528 = AXIS2_PLACEMENT_3D ( 'NONE', #1693, #1703, #215 ) ;
#529 = FACE_BOUND ( 'NONE', #657, .T. ) ;
#530 = AXIS2_PLACEMENT_3D ( 'NONE', #251, #1706, #378 ) ;
#531 = ORIENTED_EDGE ( 'NONE', *, *, #1262, .F. ) ;
#532 = DIRECTION ( 'NONE',  ( 0.000000000000000000, 0.000000000000000000, 1.000000000000000000 ) ) ;
#533 = EDGE_CURVE ( 'NONE', #955, #1268, #1417, .T. ) ;
#534 = AXIS2_PLACEMENT_3D ( 'NONE', #850, #415, #972 ) ;
#535 = EDGE_LOOP ( 'NONE', ( #1060, #1483, #627 ) ) ;
#536 = ORIENTED_EDGE ( 'NONE', *, *, #351, .T. ) ;
#537 = DIRECTION ( 'NONE',  ( -0.000000000000000000, -0.000000000000000000, -1.000000000000000000 ) ) ;
#538 = DIRECTION ( 'NONE',  ( 0.8571673007021118895, 0.000000000000000000, 0.5150380749100549327 ) ) ;
#539 = LINE ( 'NONE', #1894, #782 ) ;
#540 = EDGE_LOOP ( 'NONE', ( #725, #908, #1466, #1775 ) ) ;
#541 = DIRECTION ( 'NONE',  ( 0.000000000000000000, 1.000000000000000000, 0.000000000000000000 ) ) ;
#542 = ORIENTED_EDGE ( 'NONE', *, *, #1674, .T. ) ;
#543 = EDGE_CURVE ( 'NONE', #596, #1268, #296, .T. ) ;
#544 = VERTEX_POINT ( 'NONE', #1204 ) ;
#545 = CARTESIAN_POINT ( 'NONE',  ( -18.64357605655081329, 18.64090590854291918, 17.68251076507602448 ) ) ;
#546 = ADVANCED_FACE ( 'NONE', ( #1461, #730 ), #607, .F. ) ;
#547 = FACE_OUTER_BOUND ( 'NONE', #858, .T. ) ;
#548 = CARTESIAN_POINT ( 'NONE',  ( 19.44682852937508954, 19.44404333883902680, 17.00000000000000000 ) ) ;
#549 = ORIENTED_EDGE ( 'NONE', *, *, #1743, .T. ) ;
#550 = DIRECTION ( 'NONE',  ( -1.000000000000000000, 0.000000000000000000, 0.000000000000000000 ) ) ;
#551 = CIRCLE ( 'NONE', #1661, 2.999999999999990674 ) ;
#552 = DIRECTION ( 'NONE',  ( 1.000000000000000000, 0.000000000000000000, 0.000000000000000000 ) ) ;
#553 = DIRECTION ( 'NONE',  ( 0.000000000000000000, 0.000000000000000000, -1.000000000000000000 ) ) ;
#554 = CONICAL_SURFACE ( 'NONE', #154, 16.25000000000000000, 0.7853981633974490562 ) ;
#555 = EDGE_CURVE ( 'NONE', #239, #277, #581, .T. ) ;
#556 = CARTESIAN_POINT ( 'NONE',  ( 17.67766952966370297, 18.92766952966370297, 17.75107577378449975 ) ) ;
#557 = CARTESIAN_POINT ( 'NONE',  ( -25.00000000000000000, 0.000000000000000000, 6.399999999999999467 ) ) ;
#558 = ORIENTED_EDGE ( 'NONE', *, *, #892, .T. ) ;
#559 = CARTESIAN_POINT ( 'NONE',  ( 17.67766952966370297, 17.67766952966370297, 0.000000000000000000 ) ) ;
#560 = EDGE_LOOP ( 'NONE', ( #1541, #831, #915, #1735 ) ) ;
#561 = CARTESIAN_POINT ( 'NONE',  ( -17.79958863856876405, 17.79703936718683366, 18.39963438706272214 ) ) ;
#562 = DIRECTION ( 'NONE',  ( -0.000000000000000000, -0.000000000000000000, -1.000000000000000000 ) ) ;
#563 = EDGE_CURVE ( 'NONE', #906, #238, #1084, .T. ) ;
#564 = DIRECTION ( 'NONE',  ( -0.000000000000000000, -0.000000000000000000, -1.000000000000000000 ) ) ;
#565 = ORIENTED_EDGE ( 'NONE', *, *, #1610, .T. ) ;
#566 = AXIS2_PLACEMENT_3D ( 'NONE', #485, #1802, #475 ) ;
#567 = CARTESIAN_POINT ( 'NONE',  ( -17.68020133965639928, 17.67513735701110278, 18.50000000000000000 ) ) ;
#568 = EDGE_LOOP ( 'NONE', ( #304, #1282 ) ) ;
#569 = CARTESIAN_POINT ( 'NONE',  ( 2.999999999999998668, 25.00000000000000000, 6.299999999999999822 ) ) ;
#570 = CARTESIAN_POINT ( 'NONE',  ( 0.000000000000000000, 25.00000000000000000, 6.299999999999999822 ) ) ;
#571 = DIRECTION ( 'NONE',  ( 0.000000000000000000, 0.000000000000000000, 1.000000000000000000 ) ) ;
#572 = VERTEX_POINT ( 'NONE', #1624 ) ;
#573 = DIRECTION ( 'NONE',  ( 0.000000000000000000, 0.000000000000000000, 1.000000000000000000 ) ) ;
#574 = EDGE_CURVE ( 'NONE', #67, #572, #303, .T. ) ;
#575 = ORIENTED_EDGE ( 'NONE', *, *, #372, .F. ) ;
#576 = FACE_OUTER_BOUND ( 'NONE', #477, .T. ) ;
#577 = CARTESIAN_POINT ( 'NONE',  ( 15.91104234001761419, -15.90876354776316326, 17.00000000000000000 ) ) ;
#578 = DIRECTION ( 'NONE',  ( -1.000000000000000000, 0.000000000000000000, 0.000000000000000000 ) ) ;
#579 = CARTESIAN_POINT ( 'NONE',  ( 17.69070521326999312, 17.68817153626916294, 18.49209883208430938 ) ) ;
#580 = CARTESIAN_POINT ( 'NONE',  ( -20.18020133965639218, 17.67513735701110278, 0.000000000000000000 ) ) ;
#581 = CIRCLE ( 'NONE', #834, 14.75000000000000533 ) ;
#582 = DIRECTION ( 'NONE',  ( -0.000000000000000000, -0.000000000000000000, -1.000000000000000000 ) ) ;
#583 = CIRCLE ( 'NONE', #1365, 5.499999999999998224 ) ;
#584 = AXIS2_PLACEMENT_3D ( 'NONE', #250, #514, #222 ) ;
#585 = EDGE_CURVE ( 'NONE', #131, #1206, #644, .T. ) ;
#586 = AXIS2_PLACEMENT_3D ( 'NONE', #1167, #866, #735 ) ;
#587 = DIRECTION ( 'NONE',  ( 0.000000000000000000, 0.000000000000000000, 1.000000000000000000 ) ) ;
#588 = ORIENTED_EDGE ( 'NONE', *, *, #1883, .F. ) ;
#589 = FACE_OUTER_BOUND ( 'NONE', #1454, .T. ) ;
#590 = AXIS2_PLACEMENT_3D ( 'NONE', #266, #683, #1752 ) ;
#591 = CARTESIAN_POINT ( 'NONE',  ( -25.00000000000000000, 0.000000000000000000, 0.000000000000000000 ) ) ;
#592 = ORIENTED_EDGE ( 'NONE', *, *, #1495, .F. ) ;
#593 = DIRECTION ( 'NONE',  ( -0.000000000000000000, -0.000000000000000000, -1.000000000000000000 ) ) ;
#594 = AXIS2_PLACEMENT_3D ( 'NONE', #1691, #363, #1085 ) ;
#595 = PRODUCT_RELATED_PRODUCT_CATEGORY ( 'detail', '', ( #1433 ) ) ;
#596 = VERTEX_POINT ( 'NONE', #362 ) ;
#597 = ADVANCED_FACE ( 'NONE', ( #1538 ), #1027, .F. ) ;
#598 = CARTESIAN_POINT ( 'NONE',  ( 18.16129762944059678, -18.15869655377536063, 18.09229592027300981 ) ) ;
#599 = ORIENTED_EDGE ( 'NONE', *, *, #802, .T. ) ;
#600 = EDGE_CURVE ( 'NONE', #995, #337, #1723, .T. ) ;
#601 = DIRECTION ( 'NONE',  ( -1.000000000000000000, 0.000000000000000000, 0.000000000000000000 ) ) ;
#602 = EDGE_CURVE ( 'NONE', #524, #976, #126, .T. ) ;
#603 = CARTESIAN_POINT ( 'NONE',  ( 15.91104233998778206, 15.90876354779305402, -1.249139735130297407E-15 ) ) ;
#604 = CYLINDRICAL_SURFACE ( 'NONE', #933, 2.499999999999998668 ) ;
#605 = DIRECTION ( 'NONE',  ( -1.000000000000000000, 0.000000000000000000, 0.000000000000000000 ) ) ;
#606 = LINE ( 'NONE', #1193, #327 ) ;
#607 = PLANE ( 'NONE',  #1166 ) ;
#608 = AXIS2_PLACEMENT_3D ( 'NONE', #1229, #1046, #631 ) ;
#609 = ORIENTED_EDGE ( 'NONE', *, *, #1695, .T. ) ;
#610 = ORIENTED_EDGE ( 'NONE', *, *, #391, .F. ) ;
#611 = CIRCLE ( 'NONE', #519, 5.499999999999998224 ) ;
#612 = CARTESIAN_POINT ( 'NONE',  ( -17.67513979327841156, 17.67260834557053073, 18.49875625200040474 ) ) ;
#613 = DIRECTION ( 'NONE',  ( -0.7071067811865480168, -8.659560562354939021E-17, -0.7071067811865470176 ) ) ;
#614 = EDGE_CURVE ( 'NONE', #1608, #1846, #186, .T. ) ;
#615 = ADVANCED_FACE ( 'NONE', ( #389, #1576 ), #299, .F. ) ;
#616 = LINE ( 'NONE', #1465, #1756 ) ;
#617 = DIRECTION ( 'NONE',  ( 0.000000000000000000, 0.000000000000000000, 1.000000000000000000 ) ) ;
#618 = CARTESIAN_POINT ( 'NONE',  ( 19.44682852934216299, -19.44404333887190006, -1.249139735130297407E-15 ) ) ;
#619 = DIRECTION ( 'NONE',  ( 1.000000000000000000, 0.000000000000000000, 0.000000000000000000 ) ) ;
#620 = DIRECTION ( 'NONE',  ( 1.000000000000000000, 0.000000000000000000, 0.000000000000000000 ) ) ;
#621 = ORIENTED_EDGE ( 'NONE', *, *, #1238, .T. ) ;
#622 = CARTESIAN_POINT ( 'NONE',  ( -16.76513908464211156, 16.76273796796295557, 17.72571230979432499 ) ) ;
#623 = DIRECTION ( 'NONE',  ( -1.000000000000000000, 0.000000000000000000, 0.000000000000000000 ) ) ;
#624 = DIRECTION ( 'NONE',  ( -0.7071067811865480168, 8.659560562354939021E-17, 0.7071067811865470176 ) ) ;
#625 = ADVANCED_FACE ( 'NONE', ( #830 ), #842, .F. ) ;
#626 = DIRECTION ( 'NONE',  ( -1.000000000000000000, 0.000000000000000000, 0.000000000000000000 ) ) ;
#627 = ORIENTED_EDGE ( 'NONE', *, *, #602, .T. ) ;
#628 = CARTESIAN_POINT ( 'NONE',  ( 17.68220100235008729, -17.67966854332991034, 18.49917901179865609 ) ) ;
#629 = ORIENTED_EDGE ( 'NONE', *, *, #1323, .F. ) ;
#630 = CARTESIAN_POINT ( 'NONE',  ( -17.20667169695142817, 17.20420734361785620, 18.10087498055609245 ) ) ;
#631 = DIRECTION ( 'NONE',  ( -1.000000000000000000, 0.000000000000000000, 0.000000000000000000 ) ) ;
#632 = COORDINATED_UNIVERSAL_TIME_OFFSET ( 1, 0, .AHEAD. ) ;
#633 = DIRECTION ( 'NONE',  ( 0.000000000000000000, 0.000000000000000000, 1.000000000000000000 ) ) ;
#634 = CARTESIAN_POINT ( 'NONE',  ( 17.67514009038695733, 17.67260864263652564, 18.49875200155971200 ) ) ;
#635 = ORIENTED_EDGE ( 'NONE', *, *, #109, .F. ) ;
#636 = DIRECTION ( 'NONE',  ( 1.000000000000000000, 0.000000000000000000, 0.000000000000000000 ) ) ;
#637 = FACE_OUTER_BOUND ( 'NONE', #172, .T. ) ;
#638 = DIRECTION ( 'NONE',  ( 1.000000000000000000, 0.000000000000000000, 0.000000000000000000 ) ) ;
#639 = CIRCLE ( 'NONE', #1070, 0.003580776474224750539 ) ;
#640 = DATE_AND_TIME ( #1211, #1442 ) ;
#641 = CARTESIAN_POINT ( 'NONE',  ( -17.67766952966378113, -17.67766952966359284, 9.697418142917317851 ) ) ;
#642 = FACE_BOUND ( 'NONE', #1902, .T. ) ;
#643 = CONICAL_SURFACE ( 'NONE', #889, 14.75000000000000533, 0.7853981633974482790 ) ;
#644 = CIRCLE ( 'NONE', #314, 0.003580776474224750539 ) ;
#645 = VERTEX_POINT ( 'NONE', #990 ) ;
#646 = EDGE_CURVE ( 'NONE', #503, #596, #1699, .T. ) ;
#647 = EDGE_LOOP ( 'NONE', ( #364, #621, #1074, #549 ) ) ;
#648 = DIRECTION ( 'NONE',  ( -1.000000000000000000, 0.000000000000000000, 0.000000000000000000 ) ) ;
#649 = VECTOR ( 'NONE', #182, 1000.000000000000000 ) ;
#650 = CARTESIAN_POINT ( 'NONE',  ( 17.66435568039380755, -17.66182577719515834, 18.48971794493635201 ) ) ;
#651 = DIRECTION ( 'NONE',  ( -0.000000000000000000, -0.000000000000000000, -1.000000000000000000 ) ) ;
#652 = CIRCLE ( 'NONE', #534, 3.299999999999997158 ) ;
#653 = FACE_OUTER_BOUND ( 'NONE', #560, .T. ) ;
#654 = ORIENTED_EDGE ( 'NONE', *, *, #417, .T. ) ;
#655 = APPROVAL ( #789, 'UNSPECIFIED' ) ;
#656 = EDGE_CURVE ( 'NONE', #976, #524, #1288, .T. ) ;
#657 = EDGE_LOOP ( 'NONE', ( #114, #1536, #531, #700 ) ) ;
#658 = CIRCLE ( 'NONE', #1180, 0.003580776474235158879 ) ;
#659 = DIRECTION ( 'NONE',  ( -0.000000000000000000, -0.000000000000000000, -1.000000000000000000 ) ) ;
#660 = AXIS2_PLACEMENT_3D ( 'NONE', #1322, #760, #626 ) ;
#661 = PERSON_AND_ORGANIZATION ( #682, #117 ) ;
#662 = ADVANCED_FACE ( 'NONE', ( #410 ), #703, .F. ) ;
#663 = FACE_OUTER_BOUND ( 'NONE', #868, .T. ) ;
#664 = DIRECTION ( 'NONE',  ( -0.000000000000000000, -0.000000000000000000, -1.000000000000000000 ) ) ;
#665 = ORIENTED_EDGE ( 'NONE', *, *, #543, .F. ) ;
#666 = ORIENTED_EDGE ( 'NONE', *, *, #555, .F. ) ;
#667 = ORIENTED_EDGE ( 'NONE', *, *, #1430, .F. ) ;
#668 = CARTESIAN_POINT ( 'NONE',  ( -1.984560187221143994E-15, 25.00000000000000000, 8.102581857082679306 ) ) ;
#669 = LOCAL_TIME ( 13, 32, 1.000000000000000000, #341 ) ;
#670 = CARTESIAN_POINT ( 'NONE',  ( 17.51348580014866840, -17.51097750465435254, 18.36156785978723960 ) ) ;
#671 = CONICAL_SURFACE ( 'NONE', #1501, 2.499999999999995115, 1.029744258676652313 ) ;
#672 = EDGE_CURVE ( 'NONE', #1097, #1325, #1441, .T. ) ;
#673 = CARTESIAN_POINT ( 'NONE',  ( -19.50000000000000355, 6.735557395310440051E-16, 6.399999999999999467 ) ) ;
#674 = VERTEX_POINT ( 'NONE', #1523 ) ;
#675 = DIRECTION ( 'NONE',  ( -0.000000000000000000, -0.000000000000000000, -1.000000000000000000 ) ) ;
#676 = VECTOR ( 'NONE', #1210, 1000.000000000000114 ) ;
#677 = ORIENTED_EDGE ( 'NONE', *, *, #1300, .T. ) ;
#678 = CARTESIAN_POINT ( 'NONE',  ( 0.000000000000000000, -30.50000000000000000, 0.000000000000000000 ) ) ;
#679 = AXIS2_PLACEMENT_3D ( 'NONE', #187, #1067, #1474 ) ;
#680 = CARTESIAN_POINT ( 'NONE',  ( -14.67766952966377936, -17.67766952966359284, 11.50000000000000000 ) ) ;
#681 = VECTOR ( 'NONE', #1440, 1000.000000000000000 ) ;
#682 = PERSON ( 'UNSPECIFIED', 'UNSPECIFIED', 'UNSPECIFIED', ('UNSPECIFIED'), ('UNSPECIFIED'), ('UNSPECIFIED') ) ;
#683 = DIRECTION ( 'NONE',  ( -0.000000000000000000, -0.000000000000000000, -1.000000000000000000 ) ) ;
#684 = AXIS2_PLACEMENT_3D ( 'NONE', #386, #91, #1852 ) ;
#685 = ORIENTED_EDGE ( 'NONE', *, *, #80, .T. ) ;
#686 = ADVANCED_FACE ( 'NONE', ( #1056 ), #947, .F. ) ;
#687 = DIRECTION ( 'NONE',  ( -0.000000000000000000, -0.000000000000000000, -1.000000000000000000 ) ) ;
#688 = AXIS2_PLACEMENT_3D ( 'NONE', #1273, #1007, #424 ) ;
#689 = ORIENTED_EDGE ( 'NONE', *, *, #1413, .T. ) ;
#690 = EDGE_LOOP ( 'NONE', ( #158, #975, #479 ) ) ;
#691 = DIRECTION ( 'NONE',  ( 0.000000000000000000, 1.000000000000000000, 0.000000000000000000 ) ) ;
#692 = CIRCLE ( 'NONE', #107, 16.75000000000000000 ) ;
#693 = DIRECTION ( 'NONE',  ( -0.000000000000000000, -0.000000000000000000, -1.000000000000000000 ) ) ;
#694 = CARTESIAN_POINT ( 'NONE',  ( -30.50000000000000000, 0.000000000000000000, 6.399999999999999467 ) ) ;
#695 = ORIENTED_EDGE ( 'NONE', *, *, #1560, .F. ) ;
#696 = DIRECTION ( 'NONE',  ( -0.000000000000000000, -0.000000000000000000, -1.000000000000000000 ) ) ;
#697 = LINE ( 'NONE', #722, #1669 ) ;
#698 = ADVANCED_FACE ( 'NONE', ( #472, #920 ), #482, .F. ) ;
#699 = ADVANCED_FACE ( 'NONE', ( #329 ), #453, .F. ) ;
#700 = ORIENTED_EDGE ( 'NONE', *, *, #1347, .F. ) ;
#701 = LINE ( 'NONE', #1004, #681 ) ;
#702 = CARTESIAN_POINT ( 'NONE',  ( 17.68020133965639928, 17.67513735701110278, 18.50000000000000000 ) ) ;
#703 = CONICAL_SURFACE ( 'NONE', #860, 2.999999999999999112, 1.029744258676653645 ) ;
#704 = DIRECTION ( 'NONE',  ( 0.000000000000000000, 0.000000000000000000, -1.000000000000000000 ) ) ;
#705 = ORIENTED_EDGE ( 'NONE', *, *, #602, .F. ) ;
#706 = DIRECTION ( 'NONE',  ( 1.000000000000000000, 0.000000000000000000, 0.000000000000000000 ) ) ;
#707 = EDGE_CURVE ( 'NONE', #214, #264, #1105, .T. ) ;
#708 = DIRECTION ( 'NONE',  ( -1.000000000000000000, 0.000000000000000000, 0.000000000000000000 ) ) ;
#709 = ORIENTED_EDGE ( 'NONE', *, *, #80, .F. ) ;
#710 = DIRECTION ( 'NONE',  ( 1.000000000000000000, 0.000000000000000000, 0.000000000000000000 ) ) ;
#711 = DIRECTION ( 'NONE',  ( 0.000000000000000000, 0.000000000000000000, -1.000000000000000000 ) ) ;
#712 = ORIENTED_EDGE ( 'NONE', *, *, #450, .F. ) ;
#713 = CARTESIAN_POINT ( 'NONE',  ( -17.68020133965639928, 17.67513735701110278, 17.00000000000000000 ) ) ;
#714 = VECTOR ( 'NONE', #1279, 1000.000000000000000 ) ;
#715 = CARTESIAN_POINT ( 'NONE',  ( -15.17766952966369942, 17.67766952966370297, 0.000000000000000000 ) ) ;
#716 = ORIENTED_EDGE ( 'NONE', *, *, #585, .T. ) ;
#717 = DIRECTION ( 'NONE',  ( 1.000000000000000000, 0.000000000000000000, 0.000000000000000000 ) ) ;
#718 = EDGE_CURVE ( 'NONE', #752, #645, #1600, .T. ) ;
#719 = DIRECTION ( 'NONE',  ( 0.000000000000000000, 0.000000000000000000, 1.000000000000000000 ) ) ;
#720 = ORIENTED_EDGE ( 'NONE', *, *, #880, .F. ) ;
#721 = AXIS2_PLACEMENT_3D ( 'NONE', #332, #593, #1203 ) ;
#722 = CARTESIAN_POINT ( 'NONE',  ( 28.29999999999999716, 4.041334437186262058E-16, 0.000000000000000000 ) ) ;
#723 = CARTESIAN_POINT ( 'NONE',  ( 2.999999999999998668, 25.00000000000000000, 6.299999999999999822 ) ) ;
#724 = DIRECTION ( 'NONE',  ( 0.7071067811865480168, 0.000000000000000000, 0.7071067811865470176 ) ) ;
#725 = ORIENTED_EDGE ( 'NONE', *, *, #563, .T. ) ;
#726 = EDGE_CURVE ( 'NONE', #1251, #1566, #207, .T. ) ;
#727 = ADVANCED_FACE ( 'NONE', ( #1676 ), #1218, .F. ) ;
#728 = CARTESIAN_POINT ( 'NONE',  ( 0.000000000000000000, 0.000000000000000000, 22.50000000000000000 ) ) ;
#729 = APPROVAL_PERSON_ORGANIZATION ( #1532, #1479, #81 ) ;
#730 = FACE_OUTER_BOUND ( 'NONE', #1559, .T. ) ;
#731 = VECTOR ( 'NONE', #1271, 1000.000000000000000 ) ;
#732 = AXIS2_PLACEMENT_3D ( 'NONE', #1596, #1429, #1753 ) ;
#733 = CARTESIAN_POINT ( 'NONE',  ( 17.79958863856944262, -17.79703936718750157, 18.39963438706215015 ) ) ;
#734 = VERTEX_POINT ( 'NONE', #603 ) ;
#735 = DIRECTION ( 'NONE',  ( -1.000000000000000000, 0.000000000000000000, 0.000000000000000000 ) ) ;
#736 = CIRCLE ( 'NONE', #1826, 2.499999999999998668 ) ;
#737 =( NAMED_UNIT ( * ) PLANE_ANGLE_UNIT ( ) SI_UNIT ( $, .RADIAN. ) );
#738 = ORIENTED_EDGE ( 'NONE', *, *, #69, .F. ) ;
#739 = CARTESIAN_POINT ( 'NONE',  ( 0.000000000000000000, 0.000000000000000000, 22.50000000000000000 ) ) ;
#740 = EDGE_CURVE ( 'NONE', #1556, #1807, #308, .T. ) ;
#741 = CIRCLE ( 'NONE', #679, 2.499999999999998668 ) ;
#742 = EDGE_CURVE ( 'NONE', #1225, #752, #741, .T. ) ;
#743 = EDGE_LOOP ( 'NONE', ( #666, #822, #1673, #110 ) ) ;
#744 = FACE_BOUND ( 'NONE', #1880, .T. ) ;
#745 = VERTEX_POINT ( 'NONE', #163 ) ;
#746 = CARTESIAN_POINT ( 'NONE',  ( -17.67672757402918293, 17.67419589891807163, 18.49998901030952680 ) ) ;
#747 = AXIS2_PLACEMENT_3D ( 'NONE', #104, #719, #1444 ) ;
#748 = CARTESIAN_POINT ( 'NONE',  ( 0.000000000000000000, 0.000000000000000000, 21.50000000000000355 ) ) ;
#749 = CARTESIAN_POINT ( 'NONE',  ( 18.59273178471878296, 18.59006891867231914, 17.72571230979378853 ) ) ;
#750 = EDGE_LOOP ( 'NONE', ( #230, #1746, #488 ) ) ;
#751 = CARTESIAN_POINT ( 'NONE',  ( 30.50000000000000000, 6.735557395310440051E-16, 6.399999999999999467 ) ) ;
#752 = VERTEX_POINT ( 'NONE', #1788 ) ;
#753 = DIRECTION ( 'NONE',  ( 1.000000000000000000, 0.000000000000000000, 0.000000000000000000 ) ) ;
#754 = EDGE_CURVE ( 'NONE', #1029, #887, #1833, .T. ) ;
#755 = VERTEX_POINT ( 'NONE', #460 ) ;
#756 = CARTESIAN_POINT ( 'NONE',  ( -17.59343187715113643, 17.59091213171601709, 18.42949331877425934 ) ) ;
#757 = LINE ( 'NONE', #25, #925 ) ;
#758 = CARTESIAN_POINT ( 'NONE',  ( 0.000000000000000000, -25.00000000000000000, 6.399999999999999467 ) ) ;
#759 = CARTESIAN_POINT ( 'NONE',  ( 17.67766952966370297, 17.68125030613792603, 18.50000000000000000 ) ) ;
#760 = DIRECTION ( 'NONE',  ( -0.000000000000000000, -0.000000000000000000, -1.000000000000000000 ) ) ;
#761 = DIRECTION ( 'NONE',  ( 1.000000000000000000, 0.000000000000000000, -0.000000000000000000 ) ) ;
#762 = AXIS2_PLACEMENT_3D ( 'NONE', #492, #1370, #1509 ) ;
#763 = AXIS2_PLACEMENT_3D ( 'NONE', #200, #633, #901 ) ;
#764 = ORIENTED_EDGE ( 'NONE', *, *, #918, .T. ) ;
#765 = LINE ( 'NONE', #170, #1740 ) ;
#766 = ORIENTED_EDGE ( 'NONE', *, *, #212, .T. ) ;
#767 = CARTESIAN_POINT ( 'NONE',  ( 17.67766952966370297, 17.67766952966370297, 17.00000000000000000 ) ) ;
#768 = DIRECTION ( 'NONE',  ( -0.000000000000000000, -0.000000000000000000, -1.000000000000000000 ) ) ;
#769 = CARTESIAN_POINT ( 'NONE',  ( 17.70718639792857019, 17.70465036047779961, 18.47812367635074082 ) ) ;
#770 = CYLINDRICAL_SURFACE ( 'NONE', #1727, 2.999999999999998668 ) ;
#771 = AXIS2_PLACEMENT_3D ( 'NONE', #1819, #1089, #1473 ) ;
#772 = DIRECTION ( 'NONE',  ( -0.000000000000000000, -0.000000000000000000, -1.000000000000000000 ) ) ;
#773 = CARTESIAN_POINT ( 'NONE',  ( 3.299999999999997158, -25.00000000000000000, 0.000000000000000000 ) ) ;
#774 = ORIENTED_EDGE ( 'NONE', *, *, #36, .T. ) ;
#775 = AXIS2_PLACEMENT_3D ( 'NONE', #1685, #1719, #949 ) ;
#776 = CARTESIAN_POINT ( 'NONE',  ( 17.69030432190519520, -17.68777070232038540, 18.49243553449777622 ) ) ;
#777 = ORIENTED_EDGE ( 'NONE', *, *, #242, .F. ) ;
#778 = AXIS2_PLACEMENT_3D ( 'NONE', #1886, #1157, #142 ) ;
#779 = CARTESIAN_POINT ( 'NONE',  ( -16.91231658704436924, 16.90989439148515672, 17.85076661583419622 ) ) ;
#780 = DIRECTION ( 'NONE',  ( 0.000000000000000000, 0.000000000000000000, 1.000000000000000000 ) ) ;
#781 = PERSON_AND_ORGANIZATION ( #682, #117 ) ;
#782 = VECTOR ( 'NONE', #1605, 1000.000000000000000 ) ;
#783 = DIRECTION ( 'NONE',  ( 0.000000000000000000, 1.000000000000000000, 0.000000000000000000 ) ) ;
#784 = DIRECTION ( 'NONE',  ( 1.000000000000000000, 0.000000000000000000, 0.000000000000000000 ) ) ;
#785 = ORIENTED_EDGE ( 'NONE', *, *, #646, .F. ) ;
#786 = DIRECTION ( 'NONE',  ( -0.000000000000000000, -0.000000000000000000, 1.000000000000000000 ) ) ;
#787 = LINE ( 'NONE', #1376, #1264 ) ;
#788 = CARTESIAN_POINT ( 'NONE',  ( 28.29999999999999716, 0.000000000000000000, 6.399999999999999467 ) ) ;
#789 = APPROVAL_STATUS ( 'not_yet_approved' ) ;
#790 = DIRECTION ( 'NONE',  ( 0.000000000000000000, 0.000000000000000000, 1.000000000000000000 ) ) ;
#791 = CARTESIAN_POINT ( 'NONE',  ( 16.17879314911336053, 16.17647600937091923, 17.22750362404964619 ) ) ;
#792 = EDGE_CURVE ( 'NONE', #238, #1568, #757, .T. ) ;
#793 = VERTEX_POINT ( 'NONE', #668 ) ;
#794 = ORIENTED_EDGE ( 'NONE', *, *, #1618, .T. ) ;
#795 = EDGE_LOOP ( 'NONE', ( #1031, #829, #317, #1308 ) ) ;
#796 = FACE_OUTER_BOUND ( 'NONE', #324, .T. ) ;
#797 = CC_DESIGN_SECURITY_CLASSIFICATION ( #1700, ( #1603 ) ) ;
#798 = DIRECTION ( 'NONE',  ( 1.000000000000000000, 0.000000000000000000, 0.000000000000000000 ) ) ;
#799 = LINE ( 'NONE', #35, #1602 ) ;
#800 = CARTESIAN_POINT ( 'NONE',  ( 17.49799849585816602, 17.49549241846792214, 18.34840872674468315 ) ) ;
#801 = ORIENTED_EDGE ( 'NONE', *, *, #1036, .T. ) ;
#802 = EDGE_CURVE ( 'NONE', #1023, #264, #95, .T. ) ;
#803 = VERTEX_POINT ( 'NONE', #359 ) ;
#804 = EDGE_CURVE ( 'NONE', #1540, #1649, #101, .T. ) ;
#805 = VERTEX_POINT ( 'NONE', #1421 ) ;
#806 = DIRECTION ( 'NONE',  ( 1.000000000000000000, 0.000000000000000000, 0.000000000000000000 ) ) ;
#807 = APPLICATION_PROTOCOL_DEFINITION ( 'international standard', 'config_control_design', 1994, #1544 ) ;
#808 = VECTOR ( 'NONE', #1806, 1000.000000000000000 ) ;
#809 = LINE ( 'NONE', #1714, #731 ) ;
#810 = FACE_OUTER_BOUND ( 'NONE', #1072, .T. ) ;
#811 = EDGE_LOOP ( 'NONE', ( #609, #286 ) ) ;
#812 = ORIENTED_EDGE ( 'NONE', *, *, #36, .F. ) ;
#813 = ADVANCED_FACE ( 'NONE', ( #1403 ), #1115, .F. ) ;
#814 = CARTESIAN_POINT ( 'NONE',  ( 17.67766952966370297, 17.67766952966370297, 17.00000000000000000 ) ) ;
#815 = AXIS2_PLACEMENT_3D ( 'NONE', #466, #155, #1636 ) ;
#816 = CARTESIAN_POINT ( 'NONE',  ( 0.000000000000000000, 0.000000000000000000, 0.000000000000000000 ) ) ;
#817 = CARTESIAN_POINT ( 'NONE',  ( 17.43486329367364362, -17.43236625855739064, 18.29476446961452751 ) ) ;
#818 = FACE_BOUND ( 'NONE', #1888, .T. ) ;
#819 = ORIENTED_EDGE ( 'NONE', *, *, #220, .T. ) ;
#820 = EDGE_LOOP ( 'NONE', ( #1095, #635, #1716, #248 ) ) ;
#821 = CIRCLE ( 'NONE', #493, 30.50000000000000000 ) ;
#822 = ORIENTED_EDGE ( 'NONE', *, *, #464, .T. ) ;
#823 = DIRECTION ( 'NONE',  ( -1.000000000000000000, 0.000000000000000000, 0.000000000000000000 ) ) ;
#824 = EDGE_CURVE ( 'NONE', #674, #1566, #1330, .T. ) ;
#825 = CARTESIAN_POINT ( 'NONE',  ( 17.65611379536305137, -17.65358507257372978, 18.48273343145138981 ) ) ;
#826 = AXIS2_PLACEMENT_3D ( 'NONE', #433, #145, #1320 ) ;
#827 = CIRCLE ( 'NONE', #1569, 2.999999999999999112 ) ;
#828 = CARTESIAN_POINT ( 'NONE',  ( 0.000000000000000000, 25.00000000000000000, 6.299999999999999822 ) ) ;
#829 = ORIENTED_EDGE ( 'NONE', *, *, #600, .F. ) ;
#830 = FACE_OUTER_BOUND ( 'NONE', #356, .T. ) ;
#831 = ORIENTED_EDGE ( 'NONE', *, *, #156, .T. ) ;
#832 = ORIENTED_EDGE ( 'NONE', *, *, #497, .F. ) ;
#833 = DIRECTION ( 'NONE',  ( 0.000000000000000000, 0.000000000000000000, 1.000000000000000000 ) ) ;
#834 = AXIS2_PLACEMENT_3D ( 'NONE', #1355, #1314, #619 ) ;
#835 = AXIS2_PLACEMENT_3D ( 'NONE', #1531, #1246, #1830 ) ;
#836 = CARTESIAN_POINT ( 'NONE',  ( 17.55279743406688553, -17.55028350832905559, 18.39496865891563360 ) ) ;
#837 = VECTOR ( 'NONE', #1542, 1000.000000000000000 ) ;
#838 = CARTESIAN_POINT ( 'NONE',  ( 5.499999999999999112, -25.00000000000000000, 0.000000000000000000 ) ) ;
#839 = CONICAL_SURFACE ( 'NONE', #1866, 2.999999999999998668, 1.029744258676654312 ) ;
#840 = ORIENTED_EDGE ( 'NONE', *, *, #427, .T. ) ;
#841 = EDGE_CURVE ( 'NONE', #94, #449, #1570, .T. ) ;
#842 = CYLINDRICAL_SURFACE ( 'NONE', #1039, 2.999999999999995559 ) ;
#843 = DIRECTION ( 'NONE',  ( -0.000000000000000000, -0.000000000000000000, -1.000000000000000000 ) ) ;
#844 = CIRCLE ( 'NONE', #1148, 2.499999999999988454 ) ;
#845 = ORIENTED_EDGE ( 'NONE', *, *, #1438, .T. ) ;
#846 = CARTESIAN_POINT ( 'NONE',  ( 0.000000000000000000, -25.00000000000000000, 0.000000000000000000 ) ) ;
#847 = EDGE_LOOP ( 'NONE', ( #99, #874, #1835, #738 ) ) ;
#848 = CIRCLE ( 'NONE', #1591, 0.003580776474235158879 ) ;
#849 = CARTESIAN_POINT ( 'NONE',  ( 14.75000000000000533, 1.867586368699714165E-15, 22.50000000000000000 ) ) ;
#850 = CARTESIAN_POINT ( 'NONE',  ( 25.00000000000000000, 0.000000000000000000, 18.50000000000000000 ) ) ;
#851 = VERTEX_POINT ( 'NONE', #366 ) ;
#852 = DIRECTION ( 'NONE',  ( 1.000000000000000000, 0.000000000000000000, 0.000000000000000000 ) ) ;
#853 = DIRECTION ( 'NONE',  ( -1.000000000000000000, 0.000000000000000000, 0.000000000000000000 ) ) ;
#854 = EDGE_CURVE ( 'NONE', #1556, #125, #1579, .T. ) ;
#855 = APPLICATION_CONTEXT ( 'configuration controlled 3d designs of mechanical parts and assemblies' ) ;
#856 = ORIENTED_EDGE ( 'NONE', *, *, #944, .F. ) ;
#857 = LINE ( 'NONE', #148, #714 ) ;
#858 = EDGE_LOOP ( 'NONE', ( #374, #16, #225, #1120 ) ) ;
#859 = CYLINDRICAL_SURFACE ( 'NONE', #1583, 3.299999999999997158 ) ;
#860 = AXIS2_PLACEMENT_3D ( 'NONE', #1464, #1329, #638 ) ;
#861 = CARTESIAN_POINT ( 'NONE',  ( 17.67766952966370297, -17.67766952966370297, 8.500000000000000000 ) ) ;
#862 = ORIENTED_EDGE ( 'NONE', *, *, #391, .T. ) ;
#863 = CARTESIAN_POINT ( 'NONE',  ( 15.75000000000000000, -1.928818708657081344E-15, 0.000000000000000000 ) ) ;
#864 = DIRECTION ( 'NONE',  ( -0.000000000000000000, -0.000000000000000000, -1.000000000000000000 ) ) ;
#865 = EDGE_CURVE ( 'NONE', #337, #1529, #1168, .T. ) ;
#866 = DIRECTION ( 'NONE',  ( -0.000000000000000000, -0.000000000000000000, -1.000000000000000000 ) ) ;
#867 = DIRECTION ( 'NONE',  ( -1.000000000000000000, 0.000000000000000000, 0.000000000000000000 ) ) ;
#868 = EDGE_LOOP ( 'NONE', ( #1445, #513, #588, #1439 ) ) ;
#869 = AXIS2_PLACEMENT_3D ( 'NONE', #846, #864, #402 ) ;
#870 = DIRECTION ( 'NONE',  ( 0.000000000000000000, 0.000000000000000000, -1.000000000000000000 ) ) ;
#871 = CARTESIAN_POINT ( 'NONE',  ( 15.75000000000000000, 0.000000000000000000, 21.50000000000000355 ) ) ;
#872 = ADVANCED_FACE ( 'NONE', ( #500 ), #1680, .F. ) ;
#873 = CARTESIAN_POINT ( 'NONE',  ( 31.00000000000000000, 0.000000000000000000, 0.5000000000000000000 ) ) ;
#874 = ORIENTED_EDGE ( 'NONE', *, *, #1202, .T. ) ;
#875 = DIRECTION ( 'NONE',  ( 0.000000000000000000, 1.000000000000000000, 0.000000000000000000 ) ) ;
#876 = ORIENTED_EDGE ( 'NONE', *, *, #1391, .F. ) ;
#877 = CARTESIAN_POINT ( 'NONE',  ( -17.68166929753508398, 17.67913691466614523, 18.49960195242227812 ) ) ;
#878 = CARTESIAN_POINT ( 'NONE',  ( -25.00000000000000000, 0.000000000000000000, 0.000000000000000000 ) ) ;
#879 = APPROVAL ( #1091, 'UNSPECIFIED' ) ;
#880 = EDGE_CURVE ( 'NONE', #1587, #1540, #583, .T. ) ;
#881 = CARTESIAN_POINT ( 'NONE',  ( 17.68115822195294484, 17.67862591228070102, 18.49997799844284430 ) ) ;
#882 = EDGE_LOOP ( 'NONE', ( #1701, #490 ) ) ;
#883 = DIRECTION ( 'NONE',  ( 0.000000000000000000, 0.000000000000000000, 1.000000000000000000 ) ) ;
#884 = CIRCLE ( 'NONE', #826, 2.499999999999995115 ) ;
#885 = ORIENTED_EDGE ( 'NONE', *, *, #1323, .T. ) ;
#886 = CARTESIAN_POINT ( 'NONE',  ( 17.68112836050133296, -17.67859605510587784, 18.50000000000006040 ) ) ;
#887 = VERTEX_POINT ( 'NONE', #79 ) ;
#888 = CARTESIAN_POINT ( 'NONE',  ( -21.70000000000000284, 4.041334437186262058E-16, 6.399999999999999467 ) ) ;
#889 = AXIS2_PLACEMENT_3D ( 'NONE', #739, #1667, #1478 ) ;
#890 = DIRECTION ( 'NONE',  ( -0.000000000000000000, -0.000000000000000000, -1.000000000000000000 ) ) ;
#891 = FACE_OUTER_BOUND ( 'NONE', #743, .T. ) ;
#892 = EDGE_CURVE ( 'NONE', #1529, #449, #927, .T. ) ;
#893 = CIRCLE ( 'NONE', #1801, 16.75000000000000000 ) ;
#894 = ORIENTED_EDGE ( 'NONE', *, *, #22, .T. ) ;
#895 = FACE_BOUND ( 'NONE', #289, .T. ) ;
#896 = ORIENTED_EDGE ( 'NONE', *, *, #804, .F. ) ;
#897 = CARTESIAN_POINT ( 'NONE',  ( -17.35879929693449952, 17.35631315576446454, 18.23013494862546224 ) ) ;
#898 = CIRCLE ( 'NONE', #1744, 5.499999999999998224 ) ;
#899 = DIRECTION ( 'NONE',  ( -1.000000000000000000, 0.000000000000000000, 0.000000000000000000 ) ) ;
#900 = CARTESIAN_POINT ( 'NONE',  ( 17.80507343525903252, 17.80252337833963239, 18.39496865891576149 ) ) ;
#901 = DIRECTION ( 'NONE',  ( -1.000000000000000000, 0.000000000000000000, 0.000000000000000000 ) ) ;
#902 = LINE ( 'NONE', #1792, #173 ) ;
#903 = DIRECTION ( 'NONE',  ( 1.000000000000000000, 0.000000000000000000, 0.000000000000000000 ) ) ;
#904 = CIRCLE ( 'NONE', #1151, 0.003580776474224750539 ) ;
#905 = ADVANCED_FACE ( 'NONE', ( #796 ), #1090, .T. ) ;
#906 = VERTEX_POINT ( 'NONE', #1385 ) ;
#907 = CARTESIAN_POINT ( 'NONE',  ( 19.44682852934216655, -19.44404333887190361, 8.500000000000000000 ) ) ;
#908 = ORIENTED_EDGE ( 'NONE', *, *, #792, .T. ) ;
#909 = CARTESIAN_POINT ( 'NONE',  ( -17.66716565605063138, 17.66463535040503530, 18.49209883208427385 ) ) ;
#910 = CARTESIAN_POINT ( 'NONE',  ( 17.71261565798004156, 17.71007884294581203, 18.47351377485089330 ) ) ;
#911 = DIRECTION ( 'NONE',  ( 1.000000000000000000, 0.000000000000000000, 0.000000000000000000 ) ) ;
#912 = CARTESIAN_POINT ( 'NONE',  ( 17.67766952966370297, 17.67766952966370297, 18.50000000000000000 ) ) ;
#913 = DIRECTION ( 'NONE',  ( 0.000000000000000000, 0.000000000000000000, 1.000000000000000000 ) ) ;
#914 = LOCAL_TIME ( 13, 32, 1.000000000000000000, #959 ) ;
#915 = ORIENTED_EDGE ( 'NONE', *, *, #942, .T. ) ;
#916 = CARTESIAN_POINT ( 'NONE',  ( 19.44682852937377504, -19.44404333884024894, 17.00000000000000000 ) ) ;
#917 = ORIENTED_EDGE ( 'NONE', *, *, #372, .T. ) ;
#918 = EDGE_CURVE ( 'NONE', #449, #337, #1419, .T. ) ;
#919 = DIRECTION ( 'NONE',  ( -1.000000000000000000, 0.000000000000000000, 0.000000000000000000 ) ) ;
#920 = FACE_OUTER_BOUND ( 'NONE', #568, .T. ) ;
#921 = CALENDAR_DATE ( 2025, 12, 5 ) ;
#922 = FACE_OUTER_BOUND ( 'NONE', #820, .T. ) ;
#923 = DIRECTION ( 'NONE',  ( 0.000000000000000000, 0.000000000000000000, 1.000000000000000000 ) ) ;
#924 = CONICAL_SURFACE ( 'NONE', #1511, 31.00000000000000000, 0.7853981633974490562 ) ;
#925 = VECTOR ( 'NONE', #613, 1000.000000000000000 ) ;
#926 = EDGE_LOOP ( 'NONE', ( #542, #1399, #1277, #575 ) ) ;
#927 = CIRCLE ( 'NONE', #528, 2.499999999999998668 ) ;
#928 = DIRECTION ( 'NONE',  ( 0.000000000000000000, 0.000000000000000000, 1.000000000000000000 ) ) ;
#929 = EDGE_LOOP ( 'NONE', ( #1390, #1295, #388, #100, #1245, #261, #294, #1616, #1044, #345 ) ) ;
#930 = CARTESIAN_POINT ( 'NONE',  ( -17.67437064589732998, 17.67183930834734795, 18.49812649378675289 ) ) ;
#931 = ADVANCED_FACE ( 'NONE', ( #1850 ), #33, .F. ) ;
#932 = DATE_AND_TIME ( #950, #1856 ) ;
#933 = AXIS2_PLACEMENT_3D ( 'NONE', #1642, #1028, #623 ) ;
#934 = LINE ( 'NONE', #321, #1316 ) ;
#935 = CARTESIAN_POINT ( 'NONE',  ( 16.95543419148835085, 16.95300582059114447, 17.88740295401728986 ) ) ;
#936 = DIRECTION ( 'NONE',  ( 0.000000000000000000, 0.000000000000000000, -1.000000000000000000 ) ) ;
#937 = AXIS2_PLACEMENT_3D ( 'NONE', #278, #435, #1161 ) ;
#938 = EDGE_LOOP ( 'NONE', ( #1278, #1170, #444, #1795 ) ) ;
#939 = ORIENTED_EDGE ( 'NONE', *, *, #1838, .T. ) ;
#940 = CARTESIAN_POINT ( 'NONE',  ( -17.67766952966370297, 17.67766952966370297, 0.000000000000000000 ) ) ;
#941 = CARTESIAN_POINT ( 'NONE',  ( -17.67766952966370297, 17.67766952966370297, 17.75107577378449975 ) ) ;
#942 = EDGE_CURVE ( 'NONE', #273, #1251, #197, .T. ) ;
#943 = CYLINDRICAL_SURFACE ( 'NONE', #1174, 5.499999999999998224 ) ;
#944 = EDGE_CURVE ( 'NONE', #47, #1420, #89, .T. ) ;
#945 = DIRECTION ( 'NONE',  ( 1.000000000000000000, 0.000000000000000000, 0.000000000000000000 ) ) ;
#946 = ORIENTED_EDGE ( 'NONE', *, *, #1838, .F. ) ;
#947 = CONICAL_SURFACE ( 'NONE', #1006, 2.499999999999995115, 1.029744258676652313 ) ;
#948 = ORIENTED_EDGE ( 'NONE', *, *, #841, .T. ) ;
#949 = DIRECTION ( 'NONE',  ( 1.000000000000000000, 0.000000000000000000, 0.000000000000000000 ) ) ;
#950 = CALENDAR_DATE ( 2025, 12, 5 ) ;
#951 = CARTESIAN_POINT ( 'NONE',  ( 17.63475246962470777, -17.63222680622145333, 18.46459605782558455 ) ) ;
#952 = FACE_BOUND ( 'NONE', #882, .T. ) ;
#953 = EDGE_LOOP ( 'NONE', ( #1033, #1899, #1110, #558 ) ) ;
#954 = EDGE_CURVE ( 'NONE', #964, #392, #1767, .T. ) ;
#955 = VERTEX_POINT ( 'NONE', #678 ) ;
#956 = B_SPLINE_CURVE_WITH_KNOTS ( 'NONE', 3,
 ( #548, #1134, #113, #749, #320, #34, #1458, #300, #1047, #144, #1331, #164, #900, #1181, #1057, #1781, #432, #1621, #910, #769, #15, #454, #1340, #579, #1169, #1909, #1770, #293, #1632, #462, #1017, #881, #309, #1612 ),
 .UNSPECIFIED., .F., .F.,
 ( 4, 3, 3, 3, 3, 3, 3, 3, 3, 3, 3, 4 ),
 ( 3.883208784361571510E-07, 0.001409434777216123265, 0.002137853123297842311, 0.002514311659193392990, 0.002708872237981924287, 0.002809425900567750524, 0.002861396885356597489, 0.002888262632217172225, 0.002902159520141517606, 0.002909365437768365956, 0.002913136231488127909, 0.002913207636301685076 ),
 .UNSPECIFIED. ) ;
#957 = VERTEX_POINT ( 'NONE', #1106 ) ;
#958 = DIRECTION ( 'NONE',  ( 1.000000000000000000, 0.000000000000000000, 0.000000000000000000 ) ) ;
#959 = COORDINATED_UNIVERSAL_TIME_OFFSET ( 1, 0, .AHEAD. ) ;
#960 = AXIS2_PLACEMENT_3D ( 'NONE', #1357, #30, #620 ) ;
#961 = CARTESIAN_POINT ( 'NONE',  ( 16.91231658704366225, -16.90989439148452078, 17.85076661583361712 ) ) ;
#962 = AXIS2_PLACEMENT_3D ( 'NONE', #1303, #564, #285 ) ;
#963 = CYLINDRICAL_SURFACE ( 'NONE', #1368, 15.75000000000000000 ) ;
#964 = VERTEX_POINT ( 'NONE', #231 ) ;
#965 = CARTESIAN_POINT ( 'NONE',  ( -21.70000000000000284, 0.000000000000000000, 6.399999999999999467 ) ) ;
#966 = CARTESIAN_POINT ( 'NONE',  ( 31.50000000000000000, 0.000000000000000000, 1.000000000000000000 ) ) ;
#967 = EDGE_LOOP ( 'NONE', ( #1125, #1816, #76, #1065 ) ) ;
#968 = ORIENTED_EDGE ( 'NONE', *, *, #1438, .F. ) ;
#969 = DIRECTION ( 'NONE',  ( 1.000000000000000000, 0.000000000000000000, 0.000000000000000000 ) ) ;
#970 = CIRCLE ( 'NONE', #1897, 2.499999999999998668 ) ;
#971 = CARTESIAN_POINT ( 'NONE',  ( 17.59343187715119328, -17.59091213171607748, 18.42949331877430552 ) ) ;
#972 = DIRECTION ( 'NONE',  ( 1.000000000000000000, 0.000000000000000000, 0.000000000000000000 ) ) ;
#973 = ORIENTED_EDGE ( 'NONE', *, *, #1537, .F. ) ;
#974 = CARTESIAN_POINT ( 'NONE',  ( -21.70000000000000284, 4.041334437186262058E-16, 18.50000000000000000 ) ) ;
#975 = ORIENTED_EDGE ( 'NONE', *, *, #229, .T. ) ;
#976 = VERTEX_POINT ( 'NONE', #723 ) ;
#977 = DIRECTION ( 'NONE',  ( 1.000000000000000000, 0.000000000000000000, 0.000000000000000000 ) ) ;
#978 = EDGE_CURVE ( 'NONE', #851, #1818, #1571, .T. ) ;
#979 = CARTESIAN_POINT ( 'NONE',  ( -31.50000000000000000, 3.857637417314162689E-15, 1.000000000000000000 ) ) ;
#980 = DIRECTION ( 'NONE',  ( -0.000000000000000000, -0.000000000000000000, 1.000000000000000000 ) ) ;
#981 = EDGE_LOOP ( 'NONE', ( #1164, #1140, #105 ) ) ;
#982 = DIRECTION ( 'NONE',  ( -0.000000000000000000, -0.000000000000000000, 1.000000000000000000 ) ) ;
#983 = VERTEX_POINT ( 'NONE', #1165 ) ;
#984 = AXIS2_PLACEMENT_3D ( 'NONE', #1275, #843, #127 ) ;
#985 = AXIS2_PLACEMENT_3D ( 'NONE', #748, #1663, #1820 ) ;
#986 = CARTESIAN_POINT ( 'NONE',  ( 17.20667169695176923, -17.20420734361813686, 18.10087498055635891 ) ) ;
#987 = EDGE_CURVE ( 'NONE', #793, #976, #1599, .T. ) ;
#988 = DIRECTION ( 'NONE',  ( -1.000000000000000000, 0.000000000000000000, 0.000000000000000000 ) ) ;
#989 = ORIENTED_EDGE ( 'NONE', *, *, #407, .T. ) ;
#990 = CARTESIAN_POINT ( 'NONE',  ( -20.18020133965639573, 17.67513735701110278, 17.00000000000000000 ) ) ;
#991 = CYLINDRICAL_SURFACE ( 'NONE', #984, 3.299999999999997158 ) ;
#992 = CONICAL_SURFACE ( 'NONE', #1521, 2.999999999999998668, 1.029744258676654312 ) ;
#993 = ORIENTED_EDGE ( 'NONE', *, *, #1101, .T. ) ;
#994 = CARTESIAN_POINT ( 'NONE',  ( 21.70000000000000284, 0.000000000000000000, 18.50000000000000000 ) ) ;
#995 = VERTEX_POINT ( 'NONE', #1139 ) ;
#996 = AXIS2_PLACEMENT_3D ( 'NONE', #1724, #1293, #258 ) ;
#997 = DIRECTION ( 'NONE',  ( 1.574590786707923668E-16, 0.8571673007021100021, -0.5150380749100580413 ) ) ;
#998 = AXIS2_PLACEMENT_3D ( 'NONE', #1342, #1353, #322 ) ;
#999 = CARTESIAN_POINT ( 'NONE',  ( 17.67766952966370297, 20.17766952966369942, 0.000000000000000000 ) ) ;
#1000 = VERTEX_POINT ( 'NONE', #297 ) ;
#1001 = EDGE_CURVE ( 'NONE', #458, #380, #1267, .T. ) ;
#1002 = DIRECTION ( 'NONE',  ( 0.000000000000000000, 0.000000000000000000, 1.000000000000000000 ) ) ;
#1003 = EDGE_CURVE ( 'NONE', #1540, #1587, #288, .T. ) ;
#1004 = CARTESIAN_POINT ( 'NONE',  ( 5.499999999999998224, -25.00000000000000000, 0.000000000000000000 ) ) ;
#1005 = LINE ( 'NONE', #1463, #1020 ) ;
#1006 = AXIS2_PLACEMENT_3D ( 'NONE', #1199, #1797, #1809 ) ;
#1007 = DIRECTION ( 'NONE',  ( -0.000000000000000000, -0.000000000000000000, 1.000000000000000000 ) ) ;
#1008 = VECTOR ( 'NONE', #1665, 1000.000000000000000 ) ;
#1009 = EDGE_LOOP ( 'NONE', ( #1252, #1549 ) ) ;
#1010 = CARTESIAN_POINT ( 'NONE',  ( -20.67766952966376692, -17.67766952966359284, 18.50000000000000000 ) ) ;
#1011 = PRODUCT_DEFINITION ( 'UNKNOWN', '', #1603, #1298 ) ;
#1012 = ORIENTED_EDGE ( 'NONE', *, *, #351, .F. ) ;
#1013 = CIRCLE ( 'NONE', #1507, 2.499999999999998668 ) ;
#1014 = CARTESIAN_POINT ( 'NONE',  ( -17.70916126316230432, 17.70662494286957056, 18.47646881251659323 ) ) ;
#1015 = CARTESIAN_POINT ( 'NONE',  ( 2.999999999999998668, 25.00000000000000000, 3.061616997868384127E-16 ) ) ;
#1016 = AXIS2_PLACEMENT_3D ( 'NONE', #1553, #659, #71 ) ;
#1017 = CARTESIAN_POINT ( 'NONE',  ( 17.68117314084462066, 17.67864082903568246, 18.49996696562215348 ) ) ;
#1018 = ORIENTED_EDGE ( 'NONE', *, *, #1214, .F. ) ;
#1019 = AXIS2_PLACEMENT_3D ( 'NONE', #1869, #537, #648 ) ;
#1020 = VECTOR ( 'NONE', #1434, 1000.000000000000000 ) ;
#1021 = FACE_OUTER_BOUND ( 'NONE', #1409, .T. ) ;
#1022 = CIRCLE ( 'NONE', #354, 3.299999999999997158 ) ;
#1023 = VERTEX_POINT ( 'NONE', #715 ) ;
#1024 = EDGE_CURVE ( 'NONE', #1848, #955, #1682, .T. ) ;
#1025 = DIRECTION ( 'NONE',  ( -0.000000000000000000, -0.000000000000000000, -1.000000000000000000 ) ) ;
#1026 = CARTESIAN_POINT ( 'NONE',  ( 0.000000000000000000, 0.000000000000000000, 18.50000000000000000 ) ) ;
#1027 = CYLINDRICAL_SURFACE ( 'NONE', #467, 2.499999999999992006 ) ;
#1028 = DIRECTION ( 'NONE',  ( 0.000000000000000000, 0.000000000000000000, -1.000000000000000000 ) ) ;
#1029 = VERTEX_POINT ( 'NONE', #871 ) ;
#1030 = FACE_OUTER_BOUND ( 'NONE', #1697, .T. ) ;
#1031 = ORIENTED_EDGE ( 'NONE', *, *, #865, .F. ) ;
#1032 = FACE_BOUND ( 'NONE', #981, .T. ) ;
#1033 = ORIENTED_EDGE ( 'NONE', *, *, #198, .T. ) ;
#1034 = DIRECTION ( 'NONE',  ( 0.000000000000000000, 0.000000000000000000, -1.000000000000000000 ) ) ;
#1035 = DIRECTION ( 'NONE',  ( 1.000000000000000000, 0.000000000000000000, 0.000000000000000000 ) ) ;
#1036 = EDGE_CURVE ( 'NONE', #503, #1848, #701, .T. ) ;
#1037 = CARTESIAN_POINT ( 'NONE',  ( 0.000000000000000000, 25.00000000000000000, 3.061616997868384127E-16 ) ) ;
#1038 = ORIENTED_EDGE ( 'NONE', *, *, #718, .F. ) ;
#1039 = AXIS2_PLACEMENT_3D ( 'NONE', #1428, #106, #852 ) ;
#1040 = DIRECTION ( 'NONE',  ( 1.000000000000000000, 0.000000000000000000, -0.000000000000000000 ) ) ;
#1041 = DIRECTION ( 'NONE',  ( -0.000000000000000000, -0.000000000000000000, -1.000000000000000000 ) ) ;
#1042 = ORIENTED_EDGE ( 'NONE', *, *, #1392, .T. ) ;
#1043 = FACE_BOUND ( 'NONE', #401, .T. ) ;
#1044 = ORIENTED_EDGE ( 'NONE', *, *, #1913, .F. ) ;
#1045 = CARTESIAN_POINT ( 'NONE',  ( -17.55279743406678961, 17.55028350832898454, 18.39496865891556254 ) ) ;
#1046 = DIRECTION ( 'NONE',  ( -0.000000000000000000, -0.000000000000000000, -1.000000000000000000 ) ) ;
#1047 = CARTESIAN_POINT ( 'NONE',  ( 17.99907157240047439, 17.99649373089529902, 18.23013494862552974 ) ) ;
#1048 = CARTESIAN_POINT ( 'NONE',  ( 19.50000000000000355, 0.000000000000000000, 0.000000000000000000 ) ) ;
#1049 = EDGE_CURVE ( 'NONE', #887, #1029, #1113, .T. ) ;
#1050 = CYLINDRICAL_SURFACE ( 'NONE', #75, 5.499999999999998224 ) ;
#1051 = AXIS2_PLACEMENT_3D ( 'NONE', #1626, #587, #9 ) ;
#1052 = VERTEX_POINT ( 'NONE', #1455 ) ;
#1053 = CARTESIAN_POINT ( 'NONE',  ( 17.69407614576517673, -17.69154198597639649, 18.48924182125906768 ) ) ;
#1054 = ORIENTED_EDGE ( 'NONE', *, *, #726, .T. ) ;
#1055 = DIRECTION ( 'NONE',  ( -0.000000000000000000, -0.000000000000000000, -1.000000000000000000 ) ) ;
#1056 = FACE_OUTER_BOUND ( 'NONE', #1470, .T. ) ;
#1057 = CARTESIAN_POINT ( 'NONE',  ( 17.76443899217287381, 17.76189475495456094, 18.42949331877439434 ) ) ;
#1058 = LINE ( 'NONE', #1212, #1254 ) ;
#1059 = CARTESIAN_POINT ( 'NONE',  ( 17.67766952966370297, 20.17766952966377048, 17.00000000000000000 ) ) ;
#1060 = ORIENTED_EDGE ( 'NONE', *, *, #987, .F. ) ;
#1061 = CIRCLE ( 'NONE', #998, 2.499999999999988454 ) ;
#1062 = EDGE_CURVE ( 'NONE', #1568, #400, #893, .T. ) ;
#1063 = ORIENTED_EDGE ( 'NONE', *, *, #1088, .T. ) ;
#1064 = CARTESIAN_POINT ( 'NONE',  ( 17.68655019657322214, -17.68401711465758908, 18.49567347659160532 ) ) ;
#1065 = ORIENTED_EDGE ( 'NONE', *, *, #1088, .F. ) ;
#1066 = CARTESIAN_POINT ( 'NONE',  ( -17.62425113629080897, 17.62172697689686984, 18.45567502412735195 ) ) ;
#1067 = DIRECTION ( 'NONE',  ( 0.000000000000000000, 0.000000000000000000, -1.000000000000000000 ) ) ;
#1068 = APPROVAL_ROLE ( '' ) ;
#1069 = CYLINDRICAL_SURFACE ( 'NONE', #429, 2.499999999999998668 ) ;
#1070 = AXIS2_PLACEMENT_3D ( 'NONE', #6, #455, #1782 ) ;
#1071 = DIRECTION ( 'NONE',  ( -1.000000000000000000, 0.000000000000000000, 0.000000000000000000 ) ) ;
#1072 = EDGE_LOOP ( 'NONE', ( #1547, #973, #1660, #1874 ) ) ;
#1073 = AXIS2_PLACEMENT_3D ( 'NONE', #484, #1812, #911 ) ;
#1074 = ORIENTED_EDGE ( 'NONE', *, *, #1144, .T. ) ;
#1075 = CARTESIAN_POINT ( 'NONE',  ( 17.68273077893331902, -17.68019824403807050, 18.49875200155972266 ) ) ;
#1076 = ADVANCED_FACE ( 'NONE', ( #576 ), #1739, .F. ) ;
#1077 = CIRCLE ( 'NONE', #312, 5.499999999999998224 ) ;
#1078 = VERTEX_POINT ( 'NONE', #994 ) ;
#1079 = CARTESIAN_POINT ( 'NONE',  ( -17.67144060994750632, 17.66890969203960537, 18.49569542168225667 ) ) ;
#1080 = CARTESIAN_POINT ( 'NONE',  ( -17.68020133965639928, 17.67513735701110278, -1.249139735130297407E-15 ) ) ;
#1081 = APPROVAL_DATE_TIME ( #640, #1479 ) ;
#1082 = CARTESIAN_POINT ( 'NONE',  ( 0.000000000000000000, 0.000000000000000000, 0.000000000000000000 ) ) ;
#1083 = CARTESIAN_POINT ( 'NONE',  ( 17.66756654741541155, 17.66503618435383061, 18.49243553449774069 ) ) ;
#1084 = CIRCLE ( 'NONE', #253, 15.75000000000000000 ) ;
#1085 = DIRECTION ( 'NONE',  ( 1.000000000000000000, 0.000000000000000000, 0.000000000000000000 ) ) ;
#1086 = AXIS2_PLACEMENT_3D ( 'NONE', #940, #833, #1269 ) ;
#1087 = AXIS2_PLACEMENT_3D ( 'NONE', #283, #123, #292 ) ;
#1088 = EDGE_CURVE ( 'NONE', #238, #1255, #857, .T. ) ;
#1089 = DIRECTION ( 'NONE',  ( 0.000000000000000000, 0.000000000000000000, 1.000000000000000000 ) ) ;
#1090 = CYLINDRICAL_SURFACE ( 'NONE', #775, 31.50000000000000000 ) ;
#1091 = APPROVAL_STATUS ( 'not_yet_approved' ) ;
#1092 = ADVANCED_FACE ( 'NONE', ( #1877 ), #1131, .F. ) ;
#1093 = DIRECTION ( 'NONE',  ( -0.000000000000000000, -0.000000000000000000, -1.000000000000000000 ) ) ;
#1094 = CARTESIAN_POINT ( 'NONE',  ( 25.00000000000000000, 0.000000000000000000, 0.000000000000000000 ) ) ;
#1095 = ORIENTED_EDGE ( 'NONE', *, *, #672, .F. ) ;
#1096 = ORIENTED_EDGE ( 'NONE', *, *, #1480, .T. ) ;
#1097 = VERTEX_POINT ( 'NONE', #1890 ) ;
#1098 = CARTESIAN_POINT ( 'NONE',  ( 17.67766952966370297, -17.67766952966370297, 17.75107577378449975 ) ) ;
#1099 = DATE_AND_TIME ( #1851, #1823 ) ;
#1100 = CARTESIAN_POINT ( 'NONE',  ( 17.05949409172628961, -17.05705081728690331, 17.97582091650830094 ) ) ;
#1101 = EDGE_CURVE ( 'NONE', #1529, #1516, #335, .T. ) ;
#1102 = CARTESIAN_POINT ( 'NONE',  ( 17.66379472355558988, 17.66126490069762411, 18.48924182125901794 ) ) ;
#1103 = FACE_OUTER_BOUND ( 'NONE', #357, .T. ) ;
#1104 = ORIENTED_EDGE ( 'NONE', *, *, #1731, .T. ) ;
#1105 = CIRCLE ( 'NONE', #1351, 2.499999999999988454 ) ;
#1106 = CARTESIAN_POINT ( 'NONE',  ( 28.29999999999999716, 4.041334437186262058E-16, 6.399999999999999467 ) ) ;
#1107 = PERSON_AND_ORGANIZATION ( #682, #117 ) ;
#1108 = CYLINDRICAL_SURFACE ( 'NONE', #1518, 2.499999999999992006 ) ;
#1109 = DIRECTION ( 'NONE',  ( 0.000000000000000000, 0.000000000000000000, 1.000000000000000000 ) ) ;
#1110 = ORIENTED_EDGE ( 'NONE', *, *, #1154, .T. ) ;
#1111 = CIRCLE ( 'NONE', #1197, 0.003580776474235158879 ) ;
#1112 = EDGE_LOOP ( 'NONE', ( #712, #845, #347 ) ) ;
#1113 = CIRCLE ( 'NONE', #350, 15.75000000000000000 ) ;
#1114 = ORIENTED_EDGE ( 'NONE', *, *, #1334, .F. ) ;
#1115 = CYLINDRICAL_SURFACE ( 'NONE', #1016, 5.499999999999998224 ) ;
#1116 = CARTESIAN_POINT ( 'NONE',  ( 17.67671264736726044, -17.67418097439396263, 18.49997799844283008 ) ) ;
#1117 = CIRCLE ( 'NONE', #1253, 2.999999999999998668 ) ;
#1118 = PLANE ( 'NONE',  #1585 ) ;
#1119 = EDGE_LOOP ( 'NONE', ( #1177, #1712, #1327, #390 ) ) ;
#1120 = ORIENTED_EDGE ( 'NONE', *, *, #465, .T. ) ;
#1121 = ADVANCED_FACE ( 'NONE', ( #1195 ), #1143, .F. ) ;
#1122 = CARTESIAN_POINT ( 'NONE',  ( 25.00000000000000000, 0.000000000000000000, 6.399999999999999467 ) ) ;
#1123 = CARTESIAN_POINT ( 'NONE',  ( 25.00000000000000000, 0.000000000000000000, 18.50000000000000000 ) ) ;
#1124 = DIRECTION ( 'NONE',  ( 0.000000000000000000, 1.000000000000000000, 0.000000000000000000 ) ) ;
#1125 = ORIENTED_EDGE ( 'NONE', *, *, #563, .F. ) ;
#1126 = CARTESIAN_POINT ( 'NONE',  ( 17.68020133965639928, -17.67513735701110278, 0.000000000000000000 ) ) ;
#1127 = CARTESIAN_POINT ( 'NONE',  ( 0.000000000000000000, 0.000000000000000000, 18.50000000000000000 ) ) ;
#1128 = ORIENTED_EDGE ( 'NONE', *, *, #1430, .T. ) ;
#1129 = EDGE_CURVE ( 'NONE', #190, #734, #316, .T. ) ;
#1130 = ORIENTED_EDGE ( 'NONE', *, *, #1598, .T. ) ;
#1131 = CYLINDRICAL_SURFACE ( 'NONE', #1477, 2.999999999999995559 ) ;
#1132 = CARTESIAN_POINT ( 'NONE',  ( 17.66154583946049428, -17.65901633868950071, 18.48733676977847296 ) ) ;
#1133 = CONICAL_SURFACE ( 'NONE', #518, 14.75000000000000533, 0.7853981633974482790 ) ;
#1134 = CARTESIAN_POINT ( 'NONE',  ( 19.16212963259046020, 19.15938521688235241, 17.24190414586526288 ) ) ;
#1135 = VERTEX_POINT ( 'NONE', #1520 ) ;
#1136 = DIRECTION ( 'NONE',  ( -1.000000000000000000, 0.000000000000000000, 0.000000000000000000 ) ) ;
#1137 = DIRECTION ( 'NONE',  ( 0.000000000000000000, 0.000000000000000000, -1.000000000000000000 ) ) ;
#1138 = AXIS2_PLACEMENT_3D ( 'NONE', #1127, #426, #108 ) ;
#1139 = CARTESIAN_POINT ( 'NONE',  ( 15.91104233998607143, -15.90876354779476642, -1.249139735130297407E-15 ) ) ;
#1140 = ORIENTED_EDGE ( 'NONE', *, *, #1481, .F. ) ;
#1141 = ADVANCED_FACE ( 'NONE', ( #1484 ), #1345, .F. ) ;
#1142 = DIRECTION ( 'NONE',  ( -1.000000000000000000, 0.000000000000000000, 0.000000000000000000 ) ) ;
#1143 = CONICAL_SURFACE ( 'NONE', #318, 16.25000000000000000, 0.7853981633974490562 ) ;
#1144 = EDGE_CURVE ( 'NONE', #1052, #380, #468, .T. ) ;
#1145 = LINE ( 'NONE', #1745, #1772 ) ;
#1146 = ORIENTED_EDGE ( 'NONE', *, *, #1382, .F. ) ;
#1147 = CYLINDRICAL_SURFACE ( 'NONE', #996, 2.499999999999998668 ) ;
#1148 = AXIS2_PLACEMENT_3D ( 'NONE', #1901, #1871, #1158 ) ;
#1149 = CARTESIAN_POINT ( 'NONE',  ( -18.40243667785736292, 18.39980106604415511, 17.88740295402318736 ) ) ;
#1150 = FACE_OUTER_BOUND ( 'NONE', #149, .T. ) ;
#1151 = AXIS2_PLACEMENT_3D ( 'NONE', #912, #343, #1213 ) ;
#1152 = FACE_OUTER_BOUND ( 'NONE', #1459, .T. ) ;
#1153 = EDGE_LOOP ( 'NONE', ( #60, #1426, #1658, #1146 ) ) ;
#1154 = EDGE_CURVE ( 'NONE', #131, #1529, #208, .T. ) ;
#1155 = EDGE_LOOP ( 'NONE', ( #785, #801, #12, #382, #665 ) ) ;
#1156 = CARTESIAN_POINT ( 'NONE',  ( 25.00000000000000000, 0.000000000000000000, 6.399999999999999467 ) ) ;
#1157 = DIRECTION ( 'NONE',  ( 0.000000000000000000, 0.000000000000000000, 1.000000000000000000 ) ) ;
#1158 = DIRECTION ( 'NONE',  ( -1.000000000000000000, 0.000000000000000000, 0.000000000000000000 ) ) ;
#1159 = CIRCLE ( 'NONE', #1073, 3.299999999999997158 ) ;
#1160 = FACE_OUTER_BOUND ( 'NONE', #1722, .T. ) ;
#1161 = DIRECTION ( 'NONE',  ( 1.000000000000000000, 0.000000000000000000, 0.000000000000000000 ) ) ;
#1162 = CC_DESIGN_DATE_AND_TIME_ASSIGNMENT ( #1705, #483, ( #1700 ) ) ;
#1163 = EDGE_CURVE ( 'NONE', #976, #392, #159, .T. ) ;
#1164 = ORIENTED_EDGE ( 'NONE', *, *, #1405, .T. ) ;
#1165 = CARTESIAN_POINT ( 'NONE',  ( -15.75000000000000000, 1.928818708657081344E-15, 18.50000000000000000 ) ) ;
#1166 = AXIS2_PLACEMENT_3D ( 'NONE', #1793, #913, #761 ) ;
#1167 = CARTESIAN_POINT ( 'NONE',  ( 0.000000000000000000, -25.00000000000000000, 0.000000000000000000 ) ) ;
#1168 = CIRCLE ( 'NONE', #835, 2.499999999999995115 ) ;
#1169 = CARTESIAN_POINT ( 'NONE',  ( 17.68789001047177223, 17.68535673666679386, 18.49446730887822810 ) ) ;
#1170 = ORIENTED_EDGE ( 'NONE', *, *, #120, .T. ) ;
#1171 = VECTOR ( 'NONE', #438, 1000.000000000000000 ) ;
#1172 = AXIS2_PLACEMENT_3D ( 'NONE', #878, #562, #1742 ) ;
#1173 = CARTESIAN_POINT ( 'NONE',  ( -17.67766952966377758, -17.67766952966359284, 11.50000000000000000 ) ) ;
#1174 = AXIS2_PLACEMENT_3D ( 'NONE', #1241, #664, #1534 ) ;
#1175 = ORIENTED_EDGE ( 'NONE', *, *, #1631, .T. ) ;
#1176 = DIRECTION ( 'NONE',  ( 0.000000000000000000, 0.000000000000000000, 1.000000000000000000 ) ) ;
#1177 = ORIENTED_EDGE ( 'NONE', *, *, #614, .F. ) ;
#1178 = DIRECTION ( 'NONE',  ( -1.000000000000000000, 0.000000000000000000, 0.000000000000000000 ) ) ;
#1179 = DIRECTION ( 'NONE',  ( -1.000000000000000000, 0.000000000000000000, 0.000000000000000000 ) ) ;
#1180 = AXIS2_PLACEMENT_3D ( 'NONE', #567, #1002, #706 ) ;
#1181 = CARTESIAN_POINT ( 'NONE',  ( 17.78475622199369255, 17.78220907492365299, 18.41223100828807091 ) ) ;
#1182 = LINE ( 'NONE', #580, #1352 ) ;
#1183 = PLANE ( 'NONE',  #1558 ) ;
#1184 = ORIENTED_EDGE ( 'NONE', *, *, #854, .T. ) ;
#1185 = CARTESIAN_POINT ( 'NONE',  ( 18.64357605655626315, -18.64090590854832286, 17.68251076507141306 ) ) ;
#1186 = EDGE_LOOP ( 'NONE', ( #832, #1895 ) ) ;
#1187 = ADVANCED_FACE ( 'NONE', ( #1043, #744, #1032, #1366, #895, #1504 ), #346, .F. ) ;
#1188 = CARTESIAN_POINT ( 'NONE',  ( -16.19574123679179678, 16.19342166973073560, 17.24190414586545117 ) ) ;
#1189 = DIRECTION ( 'NONE',  ( -0.000000000000000000, -0.000000000000000000, -1.000000000000000000 ) ) ;
#1190 = DIRECTION ( 'NONE',  ( 1.000000000000000000, 0.000000000000000000, 0.000000000000000000 ) ) ;
#1191 = DIRECTION ( 'NONE',  ( 0.8571673007021122226, -2.099454382277240596E-16, 0.5150380749100542666 ) ) ;
#1192 = AXIS2_PLACEMENT_3D ( 'NONE', #246, #1736, #269 ) ;
#1193 = CARTESIAN_POINT ( 'NONE',  ( 19.44682852934216655, 19.44404333887190361, 8.500000000000000000 ) ) ;
#1194 = CIRCLE ( 'NONE', #150, 3.299999999999998046 ) ;
#1195 = FACE_OUTER_BOUND ( 'NONE', #540, .T. ) ;
#1196 = ORIENTED_EDGE ( 'NONE', *, *, #1129, .F. ) ;
#1197 = AXIS2_PLACEMENT_3D ( 'NONE', #702, #194, #174 ) ;
#1198 = CARTESIAN_POINT ( 'NONE',  ( -17.67591015138601307, 17.67337859334683259, 18.49938453651172665 ) ) ;
#1199 = CARTESIAN_POINT ( 'NONE',  ( -17.68020133965639928, 17.67513735701110278, 17.00000000000000000 ) ) ;
#1200 = DIRECTION ( 'NONE',  ( -0.000000000000000000, -0.000000000000000000, -1.000000000000000000 ) ) ;
#1201 = CARTESIAN_POINT ( 'NONE',  ( -31.00000000000000000, 3.796405077356795115E-15, 0.5000000000000000000 ) ) ;
#1202 = EDGE_CURVE ( 'NONE', #1000, #752, #765, .T. ) ;
#1203 = DIRECTION ( 'NONE',  ( -1.000000000000000000, 0.000000000000000000, 0.000000000000000000 ) ) ;
#1204 = CARTESIAN_POINT ( 'NONE',  ( -19.50000000000000355, 6.735557395310440051E-16, 0.000000000000000000 ) ) ;
#1205 = AXIS2_PLACEMENT_3D ( 'NONE', #48, #1375, #636 ) ;
#1206 = VERTEX_POINT ( 'NONE', #1776 ) ;
#1207 = CARTESIAN_POINT ( 'NONE',  ( -15.17766952966369942, 17.67766952966370297, 17.00000000000000000 ) ) ;
#1208 = ORIENTED_EDGE ( 'NONE', *, *, #476, .F. ) ;
#1209 = CONICAL_SURFACE ( 'NONE', #504, 2.999999999999999112, 1.029744258676653645 ) ;
#1210 = DIRECTION ( 'NONE',  ( 0.7071067811865474617, 8.659560562354932858E-17, -0.7071067811865474617 ) ) ;
#1211 = CALENDAR_DATE ( 2025, 12, 5 ) ;
#1212 = CARTESIAN_POINT ( 'NONE',  ( 16.42766952966369942, -17.67766952966370297, 17.75107577378449975 ) ) ;
#1213 = DIRECTION ( 'NONE',  ( 0.000000000000000000, 1.000000000000000000, 0.000000000000000000 ) ) ;
#1214 = EDGE_CURVE ( 'NONE', #131, #1564, #1302, .T. ) ;
#1215 = CARTESIAN_POINT ( 'NONE',  ( 0.000000000000000000, 0.000000000000000000, 4.999999999999999112 ) ) ;
#1216 = ORIENTED_EDGE ( 'NONE', *, *, #1344, .T. ) ;
#1217 = LINE ( 'NONE', #1662, #676 ) ;
#1218 = CYLINDRICAL_SURFACE ( 'NONE', #1766, 3.299999999999997158 ) ;
#1219 = APPROVAL_DATE_TIME ( #1687, #655 ) ;
#1220 = CARTESIAN_POINT ( 'NONE',  ( 19.44682852937508954, 19.44404333883902680, 17.00000000000000000 ) ) ;
#1221 = CARTESIAN_POINT ( 'NONE',  ( 17.43771344453928762, 17.43521600122216242, 18.29718616534191611 ) ) ;
#1222 = ORIENTED_EDGE ( 'NONE', *, *, #1800, .F. ) ;
#1223 = EDGE_CURVE ( 'NONE', #277, #239, #1550, .T. ) ;
#1224 = AXIS2_PLACEMENT_3D ( 'NONE', #1349, #26, #1190 ) ;
#1225 = VERTEX_POINT ( 'NONE', #1207 ) ;
#1226 = LINE ( 'NONE', #205, #161 ) ;
#1227 = EDGE_CURVE ( 'NONE', #995, #94, #130, .T. ) ;
#1228 = CARTESIAN_POINT ( 'NONE',  ( 0.000000000000000000, 0.000000000000000000, 0.5000000000000000000 ) ) ;
#1229 = CARTESIAN_POINT ( 'NONE',  ( 0.000000000000000000, -25.00000000000000000, 0.000000000000000000 ) ) ;
#1230 = APPROVAL_ROLE ( '' ) ;
#1231 = LINE ( 'NONE', #176, #1905 ) ;
#1232 = CIRCLE ( 'NONE', #494, 2.499999999999998668 ) ;
#1233 = DIRECTION ( 'NONE',  ( -1.000000000000000000, 0.000000000000000000, 0.000000000000000000 ) ) ;
#1234 = ORIENTED_EDGE ( 'NONE', *, *, #1779, .F. ) ;
#1235 = CIRCLE ( 'NONE', #594, 3.299999999999997158 ) ;
#1236 = EDGE_CURVE ( 'NONE', #281, #755, #1226, .T. ) ;
#1237 = EDGE_LOOP ( 'NONE', ( #1868, #774, #1837, #169 ) ) ;
#1238 = EDGE_CURVE ( 'NONE', #1244, #1052, #1235, .T. ) ;
#1239 = DIRECTION ( 'NONE',  ( 0.000000000000000000, 0.000000000000000000, -1.000000000000000000 ) ) ;
#1240 = CARTESIAN_POINT ( 'NONE',  ( 17.67669772847559528, -17.67416605763898829, 18.49996696562214638 ) ) ;
#1241 = CARTESIAN_POINT ( 'NONE',  ( 0.000000000000000000, -25.00000000000000000, 0.000000000000000000 ) ) ;
#1242 = EDGE_LOOP ( 'NONE', ( #812, #1038, #1690, #1496 ) ) ;
#1243 = AXIS2_PLACEMENT_3D ( 'NONE', #713, #687, #853 ) ;
#1244 = VERTEX_POINT ( 'NONE', #974 ) ;
#1245 = ORIENTED_EDGE ( 'NONE', *, *, #1024, .F. ) ;
#1246 = DIRECTION ( 'NONE',  ( -0.000000000000000000, -0.000000000000000000, -1.000000000000000000 ) ) ;
#1247 = EDGE_CURVE ( 'NONE', #273, #674, #1548, .T. ) ;
#1248 = PERSON_AND_ORGANIZATION_ROLE ( 'creator' ) ;
#1249 = CARTESIAN_POINT ( 'NONE',  ( 17.65068447139280039, -17.64815652619557795, 18.47812367635067687 ) ) ;
#1250 = CARTESIAN_POINT ( 'NONE',  ( 17.61857057791885595, 17.61604723209901024, 18.45084919086129105 ) ) ;
#1251 = VERTEX_POINT ( 'NONE', #966 ) ;
#1252 = ORIENTED_EDGE ( 'NONE', *, *, #212, .F. ) ;
#1253 = AXIS2_PLACEMENT_3D ( 'NONE', #1037, #1362, #5 ) ;
#1254 = VECTOR ( 'NONE', #1191, 1000.000000000000114 ) ;
#1255 = VERTEX_POINT ( 'NONE', #1263 ) ;
#1256 = DIRECTION ( 'NONE',  ( 0.000000000000000000, 0.000000000000000000, -1.000000000000000000 ) ) ;
#1257 = CARTESIAN_POINT ( 'NONE',  ( 17.67672757402071326, -17.67419589890960196, 18.49998901030327403 ) ) ;
#1258 = CARTESIAN_POINT ( 'NONE',  ( 17.63364267464530144, 17.63111717018777114, 18.46365290025153882 ) ) ;
#1259 = PRODUCT_DEFINITION_SHAPE ( 'NONE', 'NONE',  #1011 ) ;
#1260 = ORIENTED_EDGE ( 'NONE', *, *, #954, .T. ) ;
#1261 = AXIS2_PLACEMENT_3D ( 'NONE', #1026, #1328, #710 ) ;
#1262 = EDGE_CURVE ( 'NONE', #805, #1325, #848, .T. ) ;
#1263 = CARTESIAN_POINT ( 'NONE',  ( -15.75000000000000000, 0.000000000000000000, 4.999999999999999112 ) ) ;
#1264 = VECTOR ( 'NONE', #49, 1000.000000000000000 ) ;
#1265 = EDGE_LOOP ( 'NONE', ( #1408, #88, #1595, #267 ) ) ;
#1266 = VECTOR ( 'NONE', #507, 1000.000000000000000 ) ;
#1267 = CIRCLE ( 'NONE', #1515, 3.299999999999997158 ) ;
#1268 = VERTEX_POINT ( 'NONE', #355 ) ;
#1269 = DIRECTION ( 'NONE',  ( -1.000000000000000000, 0.000000000000000000, 0.000000000000000000 ) ) ;
#1270 = CONICAL_SURFACE ( 'NONE', #530, 1.250000000000001110, 1.029744258676650093 ) ;
#1271 = DIRECTION ( 'NONE',  ( -0.8571673007021122226, 0.000000000000000000, -0.5150380749100542666 ) ) ;
#1272 = AXIS2_PLACEMENT_3D ( 'NONE', #861, #711, #1594 ) ;
#1273 = CARTESIAN_POINT ( 'NONE',  ( -17.67766952966377758, -17.67766952966359284, 18.50000000000000000 ) ) ;
#1274 = VERTEX_POINT ( 'NONE', #1381 ) ;
#1275 = CARTESIAN_POINT ( 'NONE',  ( -25.00000000000000000, 0.000000000000000000, 0.000000000000000000 ) ) ;
#1276 = ADVANCED_FACE ( 'NONE', ( #653 ), #1339, .T. ) ;
#1277 = ORIENTED_EDGE ( 'NONE', *, *, #1893, .T. ) ;
#1278 = ORIENTED_EDGE ( 'NONE', *, *, #465, .F. ) ;
#1279 = DIRECTION ( 'NONE',  ( 0.000000000000000000, 0.000000000000000000, 1.000000000000000000 ) ) ;
#1280 = CARTESIAN_POINT ( 'NONE',  ( 17.67144060994750276, -17.66890969203960182, 18.49569542168225311 ) ) ;
#1281 = DIRECTION ( 'NONE',  ( -0.000000000000000000, -0.000000000000000000, -1.000000000000000000 ) ) ;
#1282 = ORIENTED_EDGE ( 'NONE', *, *, #1003, .T. ) ;
#1283 = CARTESIAN_POINT ( 'NONE',  ( 0.000000000000000000, 25.00000000000000000, 6.299999999999999822 ) ) ;
#1284 = CARTESIAN_POINT ( 'NONE',  ( 17.67766952966370297, 17.67766952966370297, 18.50000000000000000 ) ) ;
#1285 = ADVANCED_FACE ( 'NONE', ( #1103 ), #1431, .F. ) ;
#1286 = CARTESIAN_POINT ( 'NONE',  ( -17.73930029140354137, 17.73675965457235648, 18.45084919086177777 ) ) ;
#1287 = EDGE_CURVE ( 'NONE', #906, #803, #115, .T. ) ;
#1288 = CIRCLE ( 'NONE', #368, 2.999999999999998668 ) ;
#1289 = ORIENTED_EDGE ( 'NONE', *, *, #754, .F. ) ;
#1290 = CARTESIAN_POINT ( 'NONE',  ( -3.299999999999998046, -25.00000000000000000, 6.399999999999999467 ) ) ;
#1291 = CYLINDRICAL_SURFACE ( 'NONE', #442, 5.499999999999998224 ) ;
#1292 = EDGE_LOOP ( 'NONE', ( #245, #20, #1012, #1578 ) ) ;
#1293 = DIRECTION ( 'NONE',  ( 0.000000000000000000, 0.000000000000000000, -1.000000000000000000 ) ) ;
#1294 = VECTOR ( 'NONE', #532, 1000.000000000000000 ) ;
#1295 = ORIENTED_EDGE ( 'NONE', *, *, #1731, .F. ) ;
#1296 = DIRECTION ( 'NONE',  ( 1.000000000000000000, 0.000000000000000000, 0.000000000000000000 ) ) ;
#1297 = ORIENTED_EDGE ( 'NONE', *, *, #1903, .F. ) ;
#1298 = DESIGN_CONTEXT ( 'detailed design', #1544, 'design' ) ;
#1299 = ADVANCED_FACE ( 'NONE', ( #97 ), #1147, .F. ) ;
#1300 = EDGE_CURVE ( 'NONE', #277, #887, #1882, .T. ) ;
#1301 = CARTESIAN_POINT ( 'NONE',  ( 16.75000000000000000, 0.000000000000000000, 0.000000000000000000 ) ) ;
#1302 = CIRCLE ( 'NONE', #470, 0.003580776474235158879 ) ;
#1303 = CARTESIAN_POINT ( 'NONE',  ( 0.000000000000000000, -25.00000000000000000, 0.000000000000000000 ) ) ;
#1304 = ORIENTED_EDGE ( 'NONE', *, *, #116, .F. ) ;
#1305 = DIRECTION ( 'NONE',  ( 0.000000000000000000, 0.000000000000000000, -1.000000000000000000 ) ) ;
#1306 = ORIENTED_EDGE ( 'NONE', *, *, #1154, .F. ) ;
#1307 = CARTESIAN_POINT ( 'NONE',  ( -17.68112836050130809, 17.67859605510598442, 18.50000000000000000 ) ) ;
#1308 = ORIENTED_EDGE ( 'NONE', *, *, #1101, .F. ) ;
#1309 = DIRECTION ( 'NONE',  ( -0.000000000000000000, -0.000000000000000000, -1.000000000000000000 ) ) ;
#1310 = CC_DESIGN_DATE_AND_TIME_ASSIGNMENT ( #1099, #1510, ( #1011 ) ) ;
#1311 = CARTESIAN_POINT ( 'NONE',  ( 19.50000000000000355, 0.000000000000000000, 0.000000000000000000 ) ) ;
#1312 = DIRECTION ( 'NONE',  ( -1.000000000000000000, 0.000000000000000000, 0.000000000000000000 ) ) ;
#1313 = CARTESIAN_POINT ( 'NONE',  ( 17.67674250881880837, 17.67421083156872541, 18.50000000000000000 ) ) ;
#1314 = DIRECTION ( 'NONE',  ( 0.000000000000000000, 0.000000000000000000, 1.000000000000000000 ) ) ;
#1315 = ORIENTED_EDGE ( 'NONE', *, *, #656, .F. ) ;
#1316 = VECTOR ( 'NONE', #617, 1000.000000000000000 ) ;
#1317 = DIRECTION ( 'NONE',  ( 1.000000000000000000, 0.000000000000000000, 0.000000000000000000 ) ) ;
#1318 = CARTESIAN_POINT ( 'NONE',  ( 0.000000000000000000, 0.000000000000000000, 0.000000000000000000 ) ) ;
#1319 = CIRCLE ( 'NONE', #1567, 3.299999999999997158 ) ;
#1320 = DIRECTION ( 'NONE',  ( -1.000000000000000000, 0.000000000000000000, 0.000000000000000000 ) ) ;
#1321 = AXIS2_PLACEMENT_3D ( 'NONE', #28, #1492, #1071 ) ;
#1322 = CARTESIAN_POINT ( 'NONE',  ( -17.68020133965639928, 17.67513735701110278, 0.000000000000000000 ) ) ;
#1323 = EDGE_CURVE ( 'NONE', #400, #1568, #692, .T. ) ;
#1324 = DIRECTION ( 'NONE',  ( 0.000000000000000000, 0.000000000000000000, 1.000000000000000000 ) ) ;
#1325 = VERTEX_POINT ( 'NONE', #1437 ) ;
#1326 = CARTESIAN_POINT ( 'NONE',  ( 17.85987237346975576, -17.85731446819762880, 18.34840872674529066 ) ) ;
#1327 = ORIENTED_EDGE ( 'NONE', *, *, #1913, .T. ) ;
#1328 = DIRECTION ( 'NONE',  ( -0.000000000000000000, -0.000000000000000000, -1.000000000000000000 ) ) ;
#1329 = DIRECTION ( 'NONE',  ( -0.000000000000000000, -0.000000000000000000, 1.000000000000000000 ) ) ;
#1330 = CIRCLE ( 'NONE', #195, 31.49999999999999289 ) ;
#1331 = CARTESIAN_POINT ( 'NONE',  ( 17.88369632668908693, 17.88113500932918143, 18.32816617474622234 ) ) ;
#1332 = DIRECTION ( 'NONE',  ( -0.000000000000000000, -0.000000000000000000, -1.000000000000000000 ) ) ;
#1333 = CARTESIAN_POINT ( 'NONE',  ( -3.299999999999997158, -25.00000000000000000, 18.50000000000000000 ) ) ;
#1334 = EDGE_CURVE ( 'NONE', #1255, #803, #171, .T. ) ;
#1335 = EDGE_CURVE ( 'NONE', #645, #1818, #1844, .T. ) ;
#1336 = DIRECTION ( 'NONE',  ( 0.000000000000000000, 0.000000000000000000, 1.000000000000000000 ) ) ;
#1337 = ORIENTED_EDGE ( 'NONE', *, *, #944, .T. ) ;
#1338 = CARTESIAN_POINT ( 'NONE',  ( -17.67674250881881548, 17.67421083156873252, 18.50000000004856560 ) ) ;
#1339 = CONICAL_SURFACE ( 'NONE', #506, 31.00000000000000000, 0.7853981633974490562 ) ;
#1340 = CARTESIAN_POINT ( 'NONE',  ( 17.69351518892693420, 17.69098110947889424, 18.48971794493639820 ) ) ;
#1341 = ORIENTED_EDGE ( 'NONE', *, *, #824, .F. ) ;
#1342 = CARTESIAN_POINT ( 'NONE',  ( 17.68020133965639928, -17.67513735701110278, -1.249139735130297407E-15 ) ) ;
#1343 = CARTESIAN_POINT ( 'NONE',  ( 0.000000000000000000, -25.00000000000000000, 0.000000000000000000 ) ) ;
#1344 = EDGE_CURVE ( 'NONE', #67, #1582, #1488, .T. ) ;
#1345 = PLANE ( 'NONE',  #1393 ) ;
#1346 = EDGE_LOOP ( 'NONE', ( #1114, #416 ) ) ;
#1347 = EDGE_CURVE ( 'NONE', #851, #805, #658, .T. ) ;
#1348 = CARTESIAN_POINT ( 'NONE',  ( -17.67290070105182309, 17.67036957402850916, 18.49692294052394814 ) ) ;
#1349 = CARTESIAN_POINT ( 'NONE',  ( 0.000000000000000000, 0.000000000000000000, 1.000000000000000000 ) ) ;
#1350 = CYLINDRICAL_SURFACE ( 'NONE', #763, 15.75000000000000000 ) ;
#1351 = AXIS2_PLACEMENT_3D ( 'NONE', #1080, #1189, #899 ) ;
#1352 = VECTOR ( 'NONE', #1622, 1000.000000000000000 ) ;
#1353 = DIRECTION ( 'NONE',  ( -0.000000000000000000, -0.000000000000000000, -1.000000000000000000 ) ) ;
#1354 = AXIS2_PLACEMENT_3D ( 'NONE', #816, #1543, #798 ) ;
#1355 = CARTESIAN_POINT ( 'NONE',  ( 0.000000000000000000, 0.000000000000000000, 22.50000000000000000 ) ) ;
#1356 = EDGE_LOOP ( 'NONE', ( #373, #326, #301 ) ) ;
#1357 = CARTESIAN_POINT ( 'NONE',  ( 0.000000000000000000, 0.000000000000000000, 22.50000000000000000 ) ) ;
#1358 = VERTEX_POINT ( 'NONE', #1446 ) ;
#1359 = VECTOR ( 'NONE', #724, 1000.000000000000000 ) ;
#1360 = DIRECTION ( 'NONE',  ( 0.000000000000000000, 0.000000000000000000, -1.000000000000000000 ) ) ;
#1361 = CC_DESIGN_PERSON_AND_ORGANIZATION_ASSIGNMENT ( #1404, #51, ( #1433 ) ) ;
#1362 = DIRECTION ( 'NONE',  ( -0.000000000000000000, -0.000000000000000000, -1.000000000000000000 ) ) ;
#1363 = DIRECTION ( 'NONE',  ( -1.000000000000000000, 0.000000000000000000, 0.000000000000000000 ) ) ;
#1364 = FACE_OUTER_BOUND ( 'NONE', #1265, .T. ) ;
#1365 = AXIS2_PLACEMENT_3D ( 'NONE', #1122, #1561, #823 ) ;
#1366 = FACE_BOUND ( 'NONE', #1711, .T. ) ;
#1367 = ORIENTED_EDGE ( 'NONE', *, *, #574, .F. ) ;
#1368 = AXIS2_PLACEMENT_3D ( 'NONE', #74, #1689, #371 ) ;
#1369 = CARTESIAN_POINT ( 'NONE',  ( -17.61374983520160242, 17.61122717981236363, 18.44675391509953144 ) ) ;
#1370 = DIRECTION ( 'NONE',  ( -0.000000000000000000, -0.000000000000000000, -1.000000000000000000 ) ) ;
#1371 = DIRECTION ( 'NONE',  ( -0.000000000000000000, -0.000000000000000000, -1.000000000000000000 ) ) ;
#1372 = ADVANCED_FACE ( 'NONE', ( #1021 ), #991, .F. ) ;
#1373 = DIRECTION ( 'NONE',  ( -1.000000000000000000, 0.000000000000000000, 0.000000000000000000 ) ) ;
#1374 = VERTEX_POINT ( 'NONE', #1313 ) ;
#1375 = DIRECTION ( 'NONE',  ( 0.000000000000000000, 0.000000000000000000, 1.000000000000000000 ) ) ;
#1376 = CARTESIAN_POINT ( 'NONE',  ( -20.67766952966377758, -17.67766952966359284, 11.50000000000000000 ) ) ;
#1377 = DIRECTION ( 'NONE',  ( -1.000000000000000000, 0.000000000000000000, 0.000000000000000000 ) ) ;
#1378 = CARTESIAN_POINT ( 'NONE',  ( 15.17766952966369942, -17.67766952966370297, 0.000000000000000000 ) ) ;
#1379 = DIRECTION ( 'NONE',  ( 0.000000000000000000, 0.000000000000000000, 1.000000000000000000 ) ) ;
#1380 = DIRECTION ( 'NONE',  ( 1.000000000000000000, 0.000000000000000000, 0.000000000000000000 ) ) ;
#1381 = CARTESIAN_POINT ( 'NONE',  ( 15.75000000000000000, 0.000000000000000000, 18.50000000000000000 ) ) ;
#1382 = EDGE_CURVE ( 'NONE', #1807, #734, #1232, .T. ) ;
#1383 = ORIENTED_EDGE ( 'NONE', *, *, #892, .F. ) ;
#1384 = ORIENTED_EDGE ( 'NONE', *, *, #1001, .F. ) ;
#1385 = CARTESIAN_POINT ( 'NONE',  ( 15.75000000000000000, -1.928818708657081344E-15, 1.000000000000000000 ) ) ;
#1386 =( NAMED_UNIT ( * ) SI_UNIT ( $, .STERADIAN. ) SOLID_ANGLE_UNIT ( ) );
#1387 = CARTESIAN_POINT ( 'NONE',  ( 17.67766952966370297, 17.67766952966370297, 8.500000000000000000 ) ) ;
#1388 = CIRCLE ( 'NONE', #732, 30.50000000000000000 ) ;
#1389 = CARTESIAN_POINT ( 'NONE',  ( -25.00000000000000000, 0.000000000000000000, 6.399999999999999467 ) ) ;
#1390 = ORIENTED_EDGE ( 'NONE', *, *, #168, .F. ) ;
#1391 = EDGE_CURVE ( 'NONE', #47, #281, #827, .T. ) ;
#1392 = EDGE_CURVE ( 'NONE', #1135, #955, #1388, .T. ) ;
#1393 = AXIS2_PLACEMENT_3D ( 'NONE', #1215, #928, #325 ) ;
#1394 = ORIENTED_EDGE ( 'NONE', *, *, #600, .T. ) ;
#1395 = CARTESIAN_POINT ( 'NONE',  ( 17.67766952966370297, -17.67766952966370297, 17.00000000000000000 ) ) ;
#1396 = MECHANICAL_CONTEXT ( 'NONE', #855, 'mechanical' ) ;
#1397 = CARTESIAN_POINT ( 'NONE',  ( 17.67674250881880837, -17.67421083156872896, 18.50000000000000000 ) ) ;
#1398 = CARTESIAN_POINT ( 'NONE',  ( 15.91104234001916318, 15.90876354776161250, 17.00000000000000000 ) ) ;
#1399 = ORIENTED_EDGE ( 'NONE', *, *, #574, .T. ) ;
#1400 = AXIS2_PLACEMENT_3D ( 'NONE', #1173, #1623, #302 ) ;
#1401 = ORIENTED_EDGE ( 'NONE', *, *, #918, .F. ) ;
#1402 = ORIENTED_EDGE ( 'NONE', *, *, #792, .F. ) ;
#1403 = FACE_OUTER_BOUND ( 'NONE', #1891, .T. ) ;
#1404 = PERSON_AND_ORGANIZATION ( #682, #117 ) ;
#1405 = EDGE_CURVE ( 'NONE', #94, #1516, #736, .T. ) ;
#1406 = CARTESIAN_POINT ( 'NONE',  ( 16.76513908464090719, -16.76273796796183291, 17.72571230979333734 ) ) ;
#1407 = FACE_BOUND ( 'NONE', #1112, .T. ) ;
#1408 = ORIENTED_EDGE ( 'NONE', *, *, #1003, .F. ) ;
#1409 = EDGE_LOOP ( 'NONE', ( #766, #39, #1647, #421 ) ) ;
#1410 = AXIS2_PLACEMENT_3D ( 'NONE', #941, #331, #605 ) ;
#1411 = DIRECTION ( 'NONE',  ( -0.000000000000000000, -0.000000000000000000, -1.000000000000000000 ) ) ;
#1412 = CYLINDRICAL_SURFACE ( 'NONE', #684, 31.50000000000000000 ) ;
#1413 = EDGE_CURVE ( 'NONE', #1274, #983, #1469, .T. ) ;
#1414 = FACE_OUTER_BOUND ( 'NONE', #1119, .T. ) ;
#1415 = ORIENTED_EDGE ( 'NONE', *, *, #841, .F. ) ;
#1416 = DIRECTION ( 'NONE',  ( -0.000000000000000000, -0.000000000000000000, -1.000000000000000000 ) ) ;
#1417 = CIRCLE ( 'NONE', #434, 5.499999999999999112 ) ;
#1418 = ORIENTED_EDGE ( 'NONE', *, *, #1863, .F. ) ;
#1419 = CIRCLE ( 'NONE', #1865, 2.499999999999998668 ) ;
#1420 = VERTEX_POINT ( 'NONE', #1010 ) ;
#1421 = CARTESIAN_POINT ( 'NONE',  ( -17.68378211613063655, 17.67513735701110278, 18.50000000000000000 ) ) ;
#1422 = AXIS2_PLACEMENT_3D ( 'NONE', #1611, #275, #717 ) ;
#1423 = CARTESIAN_POINT ( 'NONE',  ( 17.28273549473721005, -17.28026024748566769, 18.16550496978213758 ) ) ;
#1424 = CIRCLE ( 'NONE', #688, 2.999999999999990674 ) ;
#1425 = FACE_OUTER_BOUND ( 'NONE', #953, .T. ) ;
#1426 = ORIENTED_EDGE ( 'NONE', *, *, #461, .F. ) ;
#1427 = ADVANCED_FACE ( 'NONE', ( #1453 ), #554, .F. ) ;
#1428 = CARTESIAN_POINT ( 'NONE',  ( -17.67766952966377758, -17.67766952966359284, 18.50000000000000000 ) ) ;
#1429 = DIRECTION ( 'NONE',  ( 0.000000000000000000, 0.000000000000000000, 1.000000000000000000 ) ) ;
#1430 = EDGE_CURVE ( 'NONE', #745, #957, #697, .T. ) ;
#1431 = CONICAL_SURFACE ( 'NONE', #1777, 1.250000000000001110, 1.029744258676650093 ) ;
#1432 = CARTESIAN_POINT ( 'NONE',  ( -18.16129762943782566, 18.15869655377271386, 18.09229592027531197 ) ) ;
#1433 = PRODUCT ( 'UR10_Zwischenplatte', 'UR10_Zwischenplatte', '', ( #1396 ) ) ;
#1434 = DIRECTION ( 'NONE',  ( -0.000000000000000000, -0.000000000000000000, -1.000000000000000000 ) ) ;
#1435 = CARTESIAN_POINT ( 'NONE',  ( -17.67766952966377758, -17.67766952966359284, 11.50000000000000000 ) ) ;
#1436 = ORIENTED_EDGE ( 'NONE', *, *, #156, .F. ) ;
#1437 = CARTESIAN_POINT ( 'NONE',  ( -17.67674250881881548, 17.67421083156873252, 18.50000000004856560 ) ) ;
#1438 = EDGE_CURVE ( 'NONE', #1374, #57, #403, .T. ) ;
#1439 = ORIENTED_EDGE ( 'NONE', *, *, #726, .F. ) ;
#1440 = DIRECTION ( 'NONE',  ( -0.000000000000000000, -0.000000000000000000, -1.000000000000000000 ) ) ;
#1441 = CIRCLE ( 'NONE', #1539, 0.003580776474318425606 ) ;
#1442 = LOCAL_TIME ( 13, 32, 1.000000000000000000, #199 ) ;
#1443 = CYLINDRICAL_SURFACE ( 'NONE', #1422, 2.499999999999998668 ) ;
#1444 = DIRECTION ( 'NONE',  ( 1.000000000000000000, 0.000000000000000000, 0.000000000000000000 ) ) ;
#1445 = ORIENTED_EDGE ( 'NONE', *, *, #942, .F. ) ;
#1446 = CARTESIAN_POINT ( 'NONE',  ( 17.68112836050130809, 17.67859605510598442, 18.50000000000000000 ) ) ;
#1447 = ADVANCED_FACE ( 'NONE', ( #313 ), #643, .T. ) ;
#1448 = CARTESIAN_POINT ( 'NONE',  ( -19.17907772026626390, 19.17633087723816487, 17.22750362405228586 ) ) ;
#1449 = LINE ( 'NONE', #873, #1359 ) ;
#1450 = CARTESIAN_POINT ( 'NONE',  ( 17.67766952966370297, -17.67766952966370297, 17.75107577378449975 ) ) ;
#1451 = FACE_OUTER_BOUND ( 'NONE', #1580, .T. ) ;
#1452 = CIRCLE ( 'NONE', #413, 3.299999999999997158 ) ;
#1453 = FACE_OUTER_BOUND ( 'NONE', #1858, .T. ) ;
#1454 = EDGE_LOOP ( 'NONE', ( #777, #1606, #447, #1872 ) ) ;
#1455 = CARTESIAN_POINT ( 'NONE',  ( -28.29999999999999716, 0.000000000000000000, 18.50000000000000000 ) ) ;
#1456 = DIRECTION ( 'NONE',  ( -1.000000000000000000, 0.000000000000000000, 0.000000000000000000 ) ) ;
#1457 = EDGE_CURVE ( 'NONE', #906, #400, #1773, .T. ) ;
#1458 = CARTESIAN_POINT ( 'NONE',  ( 18.15119917239031011, 18.14859954303537393, 18.10087498055606758 ) ) ;
#1459 = EDGE_LOOP ( 'NONE', ( #695, #862, #1184, #29 ) ) ;
#1460 = DIRECTION ( 'NONE',  ( -1.000000000000000000, 0.000000000000000000, 0.000000000000000000 ) ) ;
#1461 = FACE_BOUND ( 'NONE', #1186, .T. ) ;
#1462 = ORIENTED_EDGE ( 'NONE', *, *, #22, .F. ) ;
#1463 = CARTESIAN_POINT ( 'NONE',  ( -3.299999999999997158, -25.00000000000000000, 0.000000000000000000 ) ) ;
#1464 = CARTESIAN_POINT ( 'NONE',  ( -17.67766952966377758, -17.67766952966359284, 11.50000000000000000 ) ) ;
#1465 = CARTESIAN_POINT ( 'NONE',  ( -30.50000000000000000, 0.000000000000000000, 0.000000000000000000 ) ) ;
#1466 = ORIENTED_EDGE ( 'NONE', *, *, #1062, .T. ) ;
#1467 = EDGE_CURVE ( 'NONE', #1135, #544, #1077, .T. ) ;
#1468 = CYLINDRICAL_SURFACE ( 'NONE', #815, 3.299999999999997158 ) ;
#1469 = CIRCLE ( 'NONE', #1138, 15.75000000000000000 ) ;
#1470 = EDGE_LOOP ( 'NONE', ( #221, #1855, #344, #1771 ) ) ;
#1471 = DIRECTION ( 'NONE',  ( 0.000000000000000000, 0.000000000000000000, -1.000000000000000000 ) ) ;
#1472 = ORIENTED_EDGE ( 'NONE', *, *, #1382, .T. ) ;
#1473 = DIRECTION ( 'NONE',  ( 1.000000000000000000, 0.000000000000000000, 0.000000000000000000 ) ) ;
#1474 = DIRECTION ( 'NONE',  ( -1.000000000000000000, 0.000000000000000000, 0.000000000000000000 ) ) ;
#1475 = DIRECTION ( 'NONE',  ( -1.000000000000000000, 0.000000000000000000, 0.000000000000000000 ) ) ;
#1476 = CARTESIAN_POINT ( 'NONE',  ( 0.000000000000000000, 0.000000000000000000, 22.50000000000000000 ) ) ;
#1477 = AXIS2_PLACEMENT_3D ( 'NONE', #1729, #1592, #1296 ) ;
#1478 = DIRECTION ( 'NONE',  ( -1.000000000000000000, 0.000000000000000000, 0.000000000000000000 ) ) ;
#1479 = APPROVAL ( #509, 'UNSPECIFIED' ) ;
#1480 = EDGE_CURVE ( 'NONE', #396, #957, #247, .T. ) ;
#1481 = EDGE_CURVE ( 'NONE', #995, #1516, #1061, .T. ) ;
#1482 = CIRCLE ( 'NONE', #590, 5.499999999999998224 ) ;
#1483 = ORIENTED_EDGE ( 'NONE', *, *, #272, .T. ) ;
#1484 = FACE_OUTER_BOUND ( 'NONE', #1346, .T. ) ;
#1485 = EDGE_LOOP ( 'NONE', ( #1418, #140, #939, #1503 ) ) ;
#1486 = CARTESIAN_POINT ( 'NONE',  ( -17.67766952966370297, 17.67766952966370297, 17.00000000000000000 ) ) ;
#1487 = CARTESIAN_POINT ( 'NONE',  ( -25.00000000000000000, 0.000000000000000000, 0.000000000000000000 ) ) ;
#1488 = CIRCLE ( 'NONE', #937, 3.299999999999997158 ) ;
#1489 = DIRECTION ( 'NONE',  ( 1.000000000000000000, 0.000000000000000000, 0.000000000000000000 ) ) ;
#1490 = CIRCLE ( 'NONE', #721, 5.499999999999998224 ) ;
#1491 = CARTESIAN_POINT ( 'NONE',  ( -17.67766952966377758, -17.67766952966359284, 18.50000000000000000 ) ) ;
#1492 = DIRECTION ( 'NONE',  ( -0.000000000000000000, -0.000000000000000000, -1.000000000000000000 ) ) ;
#1493 = ORIENTED_EDGE ( 'NONE', *, *, #116, .T. ) ;
#1494 = CARTESIAN_POINT ( 'NONE',  ( 17.68166929753505556, -17.67913691466612391, 18.49960195242229943 ) ) ;
#1495 = EDGE_CURVE ( 'NONE', #1078, #396, #902, .T. ) ;
#1496 = ORIENTED_EDGE ( 'NONE', *, *, #1779, .T. ) ;
#1497 = CARTESIAN_POINT ( 'NONE',  ( -17.67671264737149883, 17.67418097439819391, 18.49997799844596358 ) ) ;
#1498 = CARTESIAN_POINT ( 'NONE',  ( -17.67766952966370297, 17.67766952966370297, 18.50000000000000000 ) ) ;
#1499 = CARTESIAN_POINT ( 'NONE',  ( -15.75000000000000000, 1.928818708657081344E-15, 4.999999999999999112 ) ) ;
#1500 = DIRECTION ( 'NONE',  ( -0.000000000000000000, -0.000000000000000000, -1.000000000000000000 ) ) ;
#1501 = AXIS2_PLACEMENT_3D ( 'NONE', #136, #1332, #1312 ) ;
#1502 = CARTESIAN_POINT ( 'NONE',  ( 31.49999999999999289, 0.000000000000000000, 18.50000000000000000 ) ) ;
#1503 = ORIENTED_EDGE ( 'NONE', *, *, #754, .T. ) ;
#1504 = FACE_OUTER_BOUND ( 'NONE', #929, .T. ) ;
#1505 = EDGE_LOOP ( 'NONE', ( #1315, #1726, #1708, #1304 ) ) ;
#1506 = CC_DESIGN_PERSON_AND_ORGANIZATION_ASSIGNMENT ( #781, #1248, ( #1603 ) ) ;
#1507 = AXIS2_PLACEMENT_3D ( 'NONE', #767, #13, #1675 ) ;
#1508 = CARTESIAN_POINT ( 'NONE',  ( -16.48044013474813241, 16.47807979288115376, 17.48380828894769223 ) ) ;
#1509 = DIRECTION ( 'NONE',  ( -1.000000000000000000, 0.000000000000000000, 0.000000000000000000 ) ) ;
#1510 = DATE_TIME_ROLE ( 'creation_date' ) ;
#1511 = AXIS2_PLACEMENT_3D ( 'NONE', #1228, #1829, #903 ) ;
#1512 = CARTESIAN_POINT ( 'NONE',  ( -14.67766952966377936, -17.67766952966359284, 11.50000000000000000 ) ) ;
#1513 = VECTOR ( 'NONE', #1641, 1000.000000000000000 ) ;
#1514 = FACE_OUTER_BOUND ( 'NONE', #1613, .T. ) ;
#1515 = AXIS2_PLACEMENT_3D ( 'NONE', #282, #430, #708 ) ;
#1516 = VERTEX_POINT ( 'NONE', #618 ) ;
#1517 = CARTESIAN_POINT ( 'NONE',  ( 17.67766952966370297, -17.67766952966370297, 18.50000000000000000 ) ) ;
#1518 = AXIS2_PLACEMENT_3D ( 'NONE', #103, #1843, #1870 ) ;
#1519 = ORIENTED_EDGE ( 'NONE', *, *, #268, .T. ) ;
#1520 = CARTESIAN_POINT ( 'NONE',  ( -30.50000000000000000, -3.735172737399429907E-15, 0.000000000000000000 ) ) ;
#1521 = AXIS2_PLACEMENT_3D ( 'NONE', #828, #1574, #1879 ) ;
#1522 = DIRECTION ( 'NONE',  ( -1.000000000000000000, 0.000000000000000000, 0.000000000000000000 ) ) ;
#1523 = CARTESIAN_POINT ( 'NONE',  ( -31.49999999999999289, 3.857637417314161900E-15, 18.50000000000000000 ) ) ;
#1524 = SECURITY_CLASSIFICATION_LEVEL ( 'unclassified' ) ;
#1525 = DIRECTION ( 'NONE',  ( -0.8571673007021122226, 1.049727191138620298E-16, 0.5150380749100542666 ) ) ;
#1526 = ADVANCED_FACE ( 'NONE', ( #1364 ), #1050, .F. ) ;
#1527 = CARTESIAN_POINT ( 'NONE',  ( 16.44654396074588831, 16.44418847351633062, 17.45500724212759636 ) ) ;
#1528 = ORIENTED_EDGE ( 'NONE', *, *, #1863, .T. ) ;
#1529 = VERTEX_POINT ( 'NONE', #456 ) ;
#1530 = EDGE_LOOP ( 'NONE', ( #160, #1750, #764, #1519 ) ) ;
#1531 = CARTESIAN_POINT ( 'NONE',  ( 17.68020133965639928, -17.67513735701110278, 17.00000000000000000 ) ) ;
#1532 = PERSON_AND_ORGANIZATION ( #682, #117 ) ;
#1533 = CARTESIAN_POINT ( 'NONE',  ( 0.000000000000000000, 0.000000000000000000, 4.999999999999999112 ) ) ;
#1534 = DIRECTION ( 'NONE',  ( -1.000000000000000000, 0.000000000000000000, 0.000000000000000000 ) ) ;
#1535 = ADVANCED_FACE ( 'NONE', ( #37 ), #167, .F. ) ;
#1536 = ORIENTED_EDGE ( 'NONE', *, *, #672, .T. ) ;
#1537 = EDGE_CURVE ( 'NONE', #596, #503, #1490, .T. ) ;
#1538 = FACE_OUTER_BOUND ( 'NONE', #795, .T. ) ;
#1539 = AXIS2_PLACEMENT_3D ( 'NONE', #1498, #768, #1035 ) ;
#1540 = VERTEX_POINT ( 'NONE', #751 ) ;
#1541 = ORIENTED_EDGE ( 'NONE', *, *, #168, .T. ) ;
#1542 = DIRECTION ( 'NONE',  ( -0.000000000000000000, -0.000000000000000000, 1.000000000000000000 ) ) ;
#1543 = DIRECTION ( 'NONE',  ( 0.000000000000000000, 0.000000000000000000, 1.000000000000000000 ) ) ;
#1544 = APPLICATION_CONTEXT ( 'configuration controlled 3d designs of mechanical parts and assemblies' ) ;
#1545 = DIRECTION ( 'NONE',  ( 0.000000000000000000, 0.000000000000000000, 1.000000000000000000 ) ) ;
#1546 = FACE_BOUND ( 'NONE', #1009, .T. ) ;
#1547 = ORIENTED_EDGE ( 'NONE', *, *, #1036, .F. ) ;
#1548 = LINE ( 'NONE', #56, #11 ) ;
#1549 = ORIENTED_EDGE ( 'NONE', *, *, #1238, .F. ) ;
#1550 = CIRCLE ( 'NONE', #960, 14.75000000000000533 ) ;
#1551 = EDGE_CURVE ( 'NONE', #1649, #1764, #1748, .T. ) ;
#1552 = ORIENTED_EDGE ( 'NONE', *, *, #824, .T. ) ;
#1553 = CARTESIAN_POINT ( 'NONE',  ( 25.00000000000000000, 0.000000000000000000, 0.000000000000000000 ) ) ;
#1554 = FACE_OUTER_BOUND ( 'NONE', #1575, .T. ) ;
#1555 = FACE_OUTER_BOUND ( 'NONE', #1485, .T. ) ;
#1556 = VERTEX_POINT ( 'NONE', #1059 ) ;
#1557 = DIRECTION ( 'NONE',  ( 0.000000000000000000, 0.000000000000000000, 1.000000000000000000 ) ) ;
#1558 = AXIS2_PLACEMENT_3D ( 'NONE', #728, #445, #1040 ) ;
#1559 = EDGE_LOOP ( 'NONE', ( #1625, #512 ) ) ;
#1560 = EDGE_CURVE ( 'NONE', #57, #1358, #904, .T. ) ;
#1561 = DIRECTION ( 'NONE',  ( -0.000000000000000000, -0.000000000000000000, -1.000000000000000000 ) ) ;
#1562 = CARTESIAN_POINT ( 'NONE',  ( 17.61374983520164506, -17.61122717981240982, 18.44675391509957052 ) ) ;
#1563 = DIRECTION ( 'NONE',  ( 1.000000000000000000, 0.000000000000000000, 0.000000000000000000 ) ) ;
#1564 = VERTEX_POINT ( 'NONE', #146 ) ;
#1565 = CARTESIAN_POINT ( 'NONE',  ( -17.68020133965639928, 17.67513735701110278, 18.50000000000000000 ) ) ;
#1566 = VERTEX_POINT ( 'NONE', #1502 ) ;
#1567 = AXIS2_PLACEMENT_3D ( 'NONE', #1123, #1545, #1694 ) ;
#1568 = VERTEX_POINT ( 'NONE', #189 ) ;
#1569 = AXIS2_PLACEMENT_3D ( 'NONE', #1873, #982, #552 ) ;
#1570 = LINE ( 'NONE', #1713, #1266 ) ;
#1571 = B_SPLINE_CURVE_WITH_KNOTS ( 'NONE', 3,
 ( #1307, #877, #1581, #129, #1749, #1898, #274, #1014, #262, #1286, #561, #422, #119, #1432, #1149, #545, #111, #1448, #412 ),
 .UNSPECIFIED., .F., .F.,
 ( 4, 3, 3, 3, 3, 3, 4 ),
 ( 0.002919853145684735574, 0.002922460118885695114, 0.002941245514210132257, 0.003016375560798678288, 0.003316895537268933596, 0.004518975439791830286, 0.005853713548102519072 ),
 .UNSPECIFIED. ) ;
#1572 = ADVANCED_FACE ( 'NONE', ( #1030 ), #1183, .T. ) ;
#1573 = CARTESIAN_POINT ( 'NONE',  ( 17.57311464733129824, -17.57059781174600488, 18.41223100828796433 ) ) ;
#1574 = DIRECTION ( 'NONE',  ( -0.000000000000000000, -0.000000000000000000, -1.000000000000000000 ) ) ;
#1575 = EDGE_LOOP ( 'NONE', ( #667, #78, #249, #1096 ) ) ;
#1576 = FACE_OUTER_BOUND ( 'NONE', #811, .T. ) ;
#1577 = DIRECTION ( 'NONE',  ( 0.000000000000000000, 0.000000000000000000, 1.000000000000000000 ) ) ;
#1578 = ORIENTED_EDGE ( 'NONE', *, *, #1588, .T. ) ;
#1579 = CIRCLE ( 'NONE', #436, 2.499999999999998668 ) ;
#1580 = EDGE_LOOP ( 'NONE', ( #1222, #306, #147, #1915 ) ) ;
#1581 = CARTESIAN_POINT ( 'NONE',  ( -17.68220100235009085, 17.67966854332991744, 18.49917901179865254 ) ) ;
#1582 = VERTEX_POINT ( 'NONE', #1333 ) ;
#1583 = AXIS2_PLACEMENT_3D ( 'NONE', #1900, #1309, #1456 ) ;
#1584 = CARTESIAN_POINT ( 'NONE',  ( -19.50000000000000355, 6.735557395310440051E-16, 0.000000000000000000 ) ) ;
#1585 = AXIS2_PLACEMENT_3D ( 'NONE', #1715, #923, #784 ) ;
#1586 = CARTESIAN_POINT ( 'NONE',  ( 15.75000000000000000, 0.000000000000000000, 4.999999999999999112 ) ) ;
#1587 = VERTEX_POINT ( 'NONE', #1911 ) ;
#1588 = EDGE_CURVE ( 'NONE', #153, #125, #606, .T. ) ;
#1589 = EDGE_CURVE ( 'NONE', #281, #47, #234, .T. ) ;
#1590 = DIRECTION ( 'NONE',  ( 0.000000000000000000, 0.000000000000000000, 1.000000000000000000 ) ) ;
#1591 = AXIS2_PLACEMENT_3D ( 'NONE', #1565, #237, #227 ) ;
#1592 = DIRECTION ( 'NONE',  ( -0.000000000000000000, -0.000000000000000000, 1.000000000000000000 ) ) ;
#1593 = CARTESIAN_POINT ( 'NONE',  ( 21.70000000000000284, 0.000000000000000000, 6.399999999999999467 ) ) ;
#1594 = DIRECTION ( 'NONE',  ( 1.000000000000000000, 0.000000000000000000, 0.000000000000000000 ) ) ;
#1595 = ORIENTED_EDGE ( 'NONE', *, *, #1551, .T. ) ;
#1596 = CARTESIAN_POINT ( 'NONE',  ( 0.000000000000000000, 0.000000000000000000, 0.000000000000000000 ) ) ;
#1597 = ADVANCED_FACE ( 'NONE', ( #1783 ), #1468, .F. ) ;
#1598 = EDGE_CURVE ( 'NONE', #1000, #1023, #970, .T. ) ;
#1599 = LINE ( 'NONE', #569, #1171 ) ;
#1600 = CIRCLE ( 'NONE', #762, 2.499999999999995115 ) ;
#1601 = CC_DESIGN_APPROVAL ( #1479, ( #1011 ) ) ;
#1602 = VECTOR ( 'NONE', #1371, 1000.000000000000000 ) ;
#1603 = PRODUCT_DEFINITION_FORMATION_WITH_SPECIFIED_SOURCE ( 'ANY', '', #1433, .NOT_KNOWN. ) ;
#1604 = LINE ( 'NONE', #556, #98 ) ;
#1605 = DIRECTION ( 'NONE',  ( -0.8571673007021112234, 0.000000000000000000, -0.5150380749100560429 ) ) ;
#1606 = ORIENTED_EDGE ( 'NONE', *, *, #1695, .F. ) ;
#1607 = CARTESIAN_POINT ( 'NONE',  ( 17.67766952966370297, -17.67766952966370297, 0.000000000000000000 ) ) ;
#1608 = VERTEX_POINT ( 'NONE', #673 ) ;
#1609 = CARTESIAN_POINT ( 'NONE',  ( 0.000000000000000000, 0.000000000000000000, 21.50000000000000355 ) ) ;
#1610 = EDGE_CURVE ( 'NONE', #1374, #190, #1628, .T. ) ;
#1611 = CARTESIAN_POINT ( 'NONE',  ( 17.67766952966370297, -17.67766952966370297, 8.500000000000000000 ) ) ;
#1612 = CARTESIAN_POINT ( 'NONE',  ( 17.68112836050130809, 17.67859605510598442, 18.50000000000000000 ) ) ;
#1613 = EDGE_LOOP ( 'NONE', ( #202, #1552 ) ) ;
#1614 = AXIS2_PLACEMENT_3D ( 'NONE', #473, #1798, #1489 ) ;
#1615 = DIRECTION ( 'NONE',  ( 1.000000000000000000, 0.000000000000000000, 0.000000000000000000 ) ) ;
#1616 = ORIENTED_EDGE ( 'NONE', *, *, #1392, .F. ) ;
#1617 = DIRECTION ( 'NONE',  ( -1.000000000000000000, 0.000000000000000000, 0.000000000000000000 ) ) ;
#1618 = EDGE_CURVE ( 'NONE', #238, #906, #1653, .T. ) ;
#1619 = CYLINDRICAL_SURFACE ( 'NONE', #1704, 15.75000000000000000 ) ;
#1620 = CARTESIAN_POINT ( 'NONE',  ( 0.000000000000000000, 25.00000000000000000, 6.299999999999999822 ) ) ;
#1621 = CARTESIAN_POINT ( 'NONE',  ( 17.72311839969741598, 17.72058008045116395, 18.46459605782565205 ) ) ;
#1622 = DIRECTION ( 'NONE',  ( -0.000000000000000000, -0.000000000000000000, -1.000000000000000000 ) ) ;
#1623 = DIRECTION ( 'NONE',  ( -0.000000000000000000, -0.000000000000000000, 1.000000000000000000 ) ) ;
#1624 = CARTESIAN_POINT ( 'NONE',  ( 3.299999999999998046, -25.00000000000000000, 6.399999999999999467 ) ) ;
#1625 = ORIENTED_EDGE ( 'NONE', *, *, #1537, .T. ) ;
#1626 = CARTESIAN_POINT ( 'NONE',  ( 0.000000000000000000, 0.000000000000000000, 0.000000000000000000 ) ) ;
#1627 = ORIENTED_EDGE ( 'NONE', *, *, #1214, .T. ) ;
#1628 = B_SPLINE_CURVE_WITH_KNOTS ( 'NONE', 3,
 ( #201, #353, #64, #634, #218, #1083, #1102, #233, #1258, #1250, #511, #800, #1221, #1861, #935, #379, #1527, #791, #1398 ),
 .UNSPECIFIED., .F., .F.,
 ( 4, 3, 3, 3, 3, 3, 4 ),
 ( 0.002919853145684786749, 0.002922460118885750625, 0.002941245514210369047, 0.003016375560799645830, 0.003316895537272839325, 0.004518975439807491369, 0.005853713548103053367 ),
 .UNSPECIFIED. ) ;
#1629 = CYLINDRICAL_SURFACE ( 'NONE', #90, 2.999999999999998668 ) ;
#1630 = CARTESIAN_POINT ( 'NONE',  ( 31.50000000000000000, 0.000000000000000000, 0.000000000000000000 ) ) ;
#1631 = EDGE_CURVE ( 'NONE', #957, #396, #1811, .T. ) ;
#1632 = CARTESIAN_POINT ( 'NONE',  ( 17.68273107604187189, 17.68019854110407252, 18.49875625200041185 ) ) ;
#1633 = APPROVAL_PERSON_ORGANIZATION ( #1664, #879, #1230 ) ;
#1634 = DIRECTION ( 'NONE',  ( -0.000000000000000000, -0.000000000000000000, -1.000000000000000000 ) ) ;
#1635 = ADVANCED_FACE ( 'NONE', ( #1555 ), #963, .T. ) ;
#1636 = DIRECTION ( 'NONE',  ( -1.000000000000000000, 0.000000000000000000, 0.000000000000000000 ) ) ;
#1637 = DIRECTION ( 'NONE',  ( -0.000000000000000000, -0.000000000000000000, -1.000000000000000000 ) ) ;
#1638 = DIRECTION ( 'NONE',  ( -0.000000000000000000, -0.000000000000000000, -1.000000000000000000 ) ) ;
#1639 = ORIENTED_EDGE ( 'NONE', *, *, #865, .T. ) ;
#1640 = CYLINDRICAL_SURFACE ( 'NONE', #771, 15.75000000000000000 ) ;
#1641 = DIRECTION ( 'NONE',  ( 0.000000000000000000, 0.000000000000000000, -1.000000000000000000 ) ) ;
#1642 = CARTESIAN_POINT ( 'NONE',  ( -17.67766952966370297, 17.67766952966370297, 8.500000000000000000 ) ) ;
#1643 = DIRECTION ( 'NONE',  ( 1.000000000000000000, 0.000000000000000000, 0.000000000000000000 ) ) ;
#1644 = VECTOR ( 'NONE', #40, 1000.000000000000000 ) ;
#1645 = DIRECTION ( 'NONE',  ( 0.7071067811865480168, 0.000000000000000000, -0.7071067811865470176 ) ) ;
#1646 = ADVANCED_FACE ( 'NONE', ( #53, #952, #1546, #502, #818, #529, #1407, #1514, #642 ), #1118, .T. ) ;
#1647 = ORIENTED_EDGE ( 'NONE', *, *, #1001, .T. ) ;
#1648 = CARTESIAN_POINT ( 'NONE',  ( 15.91104233998606787, 15.90876354779476465, 8.500000000000000000 ) ) ;
#1649 = VERTEX_POINT ( 'NONE', #1825 ) ;
#1650 = B_SPLINE_CURVE_WITH_KNOTS ( 'NONE', 3,
 ( #1760, #369, #232, #1406, #961, #1100, #986, #1423, #1878, #817, #527, #670, #836, #1573, #971, #1562, #406, #951, #63, #1249, #825, #1132, #650, #243, #394, #1280, #223, #1732, #510, #82, #1240, #1116, #1257, #1397 ),
 .UNSPECIFIED., .F., .F.,
 ( 4, 3, 3, 3, 3, 3, 3, 3, 3, 3, 3, 4 ),
 ( 3.883208784361565686E-07, 0.001409434777215250916, 0.002137853123298410433, 0.002514311659193425516, 0.002708872237981676655, 0.002809425900567621287, 0.002861396885356460879, 0.002888262632217062937, 0.002902159520141456457, 0.002909365437768343405, 0.002913136231488113598, 0.002913207636301635636 ),
 .UNSPECIFIED. ) ;
#1651 = FACE_OUTER_BOUND ( 'NONE', #41, .T. ) ;
#1652 = DIRECTION ( 'NONE',  ( 0.000000000000000000, 0.000000000000000000, 1.000000000000000000 ) ) ;
#1653 = CIRCLE ( 'NONE', #480, 15.75000000000000000 ) ;
#1654 = CARTESIAN_POINT ( 'NONE',  ( 19.44682852934387896, 19.44404333887019121, -1.249139735130297407E-15 ) ) ;
#1655 = CARTESIAN_POINT ( 'NONE',  ( 16.25000000000000000, 0.000000000000000000, 0.5000000000000000000 ) ) ;
#1656 = ORIENTED_EDGE ( 'NONE', *, *, #461, .T. ) ;
#1657 = ADVANCED_FACE ( 'NONE', ( #1834 ), #496, .F. ) ;
#1658 = ORIENTED_EDGE ( 'NONE', *, *, #1129, .T. ) ;
#1659 = CARTESIAN_POINT ( 'NONE',  ( 18.91132690862443866, -18.90861841310310254, 17.45500724212977772 ) ) ;
#1660 = ORIENTED_EDGE ( 'NONE', *, *, #543, .T. ) ;
#1661 = AXIS2_PLACEMENT_3D ( 'NONE', #1491, #1688, #1799 ) ;
#1662 = CARTESIAN_POINT ( 'NONE',  ( 14.75000000000000533, 1.806354028742346591E-15, 22.50000000000000000 ) ) ;
#1663 = DIRECTION ( 'NONE',  ( 0.000000000000000000, 0.000000000000000000, -1.000000000000000000 ) ) ;
#1664 = PERSON_AND_ORGANIZATION ( #682, #117 ) ;
#1665 = DIRECTION ( 'NONE',  ( -0.000000000000000000, -0.000000000000000000, -1.000000000000000000 ) ) ;
#1666 = VECTOR ( 'NONE', #1500, 1000.000000000000000 ) ;
#1667 = DIRECTION ( 'NONE',  ( 0.000000000000000000, 0.000000000000000000, -1.000000000000000000 ) ) ;
#1668 = ORIENTED_EDGE ( 'NONE', *, *, #555, .T. ) ;
#1669 = VECTOR ( 'NONE', #1904, 1000.000000000000000 ) ;
#1670 = DIRECTION ( 'NONE',  ( -0.000000000000000000, -0.000000000000000000, -1.000000000000000000 ) ) ;
#1671 = EDGE_LOOP ( 'NONE', ( #87, #705, #1493, #1260 ) ) ;
#1672 = CARTESIAN_POINT ( 'NONE',  ( 2.999999999999998668, 25.00000000000000000, 0.000000000000000000 ) ) ;
#1673 = ORIENTED_EDGE ( 'NONE', *, *, #1049, .F. ) ;
#1674 = EDGE_CURVE ( 'NONE', #1582, #67, #1452, .T. ) ;
#1675 = DIRECTION ( 'NONE',  ( 0.000000000000000000, 1.000000000000000000, 0.000000000000000000 ) ) ;
#1676 = FACE_OUTER_BOUND ( 'NONE', #647, .T. ) ;
#1677 = PERSON_AND_ORGANIZATION_ROLE ( 'creator' ) ;
#1678 = AXIS2_PLACEMENT_3D ( 'NONE', #338, #32, #919 ) ;
#1679 = LINE ( 'NONE', #209, #1008 ) ;
#1680 = CONICAL_SURFACE ( 'NONE', #499, 1.250000000000001110, 1.029744258676650093 ) ;
#1681 = DIRECTION ( 'NONE',  ( 1.000000000000000000, 0.000000000000000000, 0.000000000000000000 ) ) ;
#1682 = CIRCLE ( 'NONE', #869, 5.499999999999999112 ) ;
#1683 = CIRCLE ( 'NONE', #747, 30.50000000000000000 ) ;
#1684 = CARTESIAN_POINT ( 'NONE',  ( -17.65611379536305137, 17.65358507257372978, 18.48273343145138981 ) ) ;
#1685 = CARTESIAN_POINT ( 'NONE',  ( 0.000000000000000000, 0.000000000000000000, 0.000000000000000000 ) ) ;
#1686 = ADVANCED_FACE ( 'NONE', ( #810 ), #943, .F. ) ;
#1687 = DATE_AND_TIME ( #921, #669 ) ;
#1688 = DIRECTION ( 'NONE',  ( -0.000000000000000000, -0.000000000000000000, 1.000000000000000000 ) ) ;
#1689 = DIRECTION ( 'NONE',  ( 0.000000000000000000, 0.000000000000000000, 1.000000000000000000 ) ) ;
#1690 = ORIENTED_EDGE ( 'NONE', *, *, #1202, .F. ) ;
#1691 = CARTESIAN_POINT ( 'NONE',  ( -25.00000000000000000, 0.000000000000000000, 18.50000000000000000 ) ) ;
#1692 = EDGE_LOOP ( 'NONE', ( #1738, #1394, #1401, #1415 ) ) ;
#1693 = CARTESIAN_POINT ( 'NONE',  ( 17.67766952966370297, -17.67766952966370297, 17.00000000000000000 ) ) ;
#1694 = DIRECTION ( 'NONE',  ( 1.000000000000000000, 0.000000000000000000, 0.000000000000000000 ) ) ;
#1695 = EDGE_CURVE ( 'NONE', #1846, #1608, #898, .T. ) ;
#1696 = DIRECTION ( 'NONE',  ( -1.000000000000000000, 0.000000000000000000, 0.000000000000000000 ) ) ;
#1697 = EDGE_LOOP ( 'NONE', ( #1859, #1668 ) ) ;
#1698 = ADVANCED_FACE ( 'NONE', ( #1414 ), #1291, .F. ) ;
#1699 = CIRCLE ( 'NONE', #279, 5.499999999999998224 ) ;
#1700 = SECURITY_CLASSIFICATION ( '', '', #1524 ) ;
#1701 = ORIENTED_EDGE ( 'NONE', *, *, #1763, .F. ) ;
#1702 = EDGE_LOOP ( 'NONE', ( #505, #1128, #1175, #592 ) ) ;
#1703 = DIRECTION ( 'NONE',  ( 0.000000000000000000, 0.000000000000000000, -1.000000000000000000 ) ) ;
#1704 = AXIS2_PLACEMENT_3D ( 'NONE', #1318, #1908, #298 ) ;
#1705 = DATE_AND_TIME ( #1831, #914 ) ;
#1706 = DIRECTION ( 'NONE',  ( 0.000000000000000000, 0.000000000000000000, -1.000000000000000000 ) ) ;
#1707 = DIRECTION ( 'NONE',  ( -0.000000000000000000, -0.000000000000000000, -1.000000000000000000 ) ) ;
#1708 = ORIENTED_EDGE ( 'NONE', *, *, #1884, .T. ) ;
#1709 = AXIS2_PLACEMENT_3D ( 'NONE', #1156, #1755, #1885 ) ;
#1710 = EDGE_CURVE ( 'NONE', #955, #1649, #1683, .T. ) ;
#1711 = EDGE_LOOP ( 'NONE', ( #1208, #536, #1472 ) ) ;
#1712 = ORIENTED_EDGE ( 'NONE', *, *, #242, .T. ) ;
#1713 = CARTESIAN_POINT ( 'NONE',  ( 15.17766952966369942, -17.67766952966370297, 8.500000000000000000 ) ) ;
#1714 = CARTESIAN_POINT ( 'NONE',  ( -2.999999999999998668, 25.00000000000000000, 6.299999999999999822 ) ) ;
#1715 = CARTESIAN_POINT ( 'NONE',  ( 0.000000000000000000, 0.000000000000000000, 18.50000000000000000 ) ) ;
#1716 = ORIENTED_EDGE ( 'NONE', *, *, #742, .T. ) ;
#1717 = EDGE_LOOP ( 'NONE', ( #1876, #1384 ) ) ;
#1718 = ADVANCED_FACE ( 'NONE', ( #1152 ), #203, .F. ) ;
#1719 = DIRECTION ( 'NONE',  ( 0.000000000000000000, 0.000000000000000000, 1.000000000000000000 ) ) ;
#1720 = CARTESIAN_POINT ( 'NONE',  ( -19.44682852934302275, 19.44404333887104741, -1.249139735130297407E-15 ) ) ;
#1721 = FACE_OUTER_BOUND ( 'NONE', #1692, .T. ) ;
#1722 = EDGE_LOOP ( 'NONE', ( #121, #437, #204, #894 ) ) ;
#1723 = LINE ( 'NONE', #1864, #1294 ) ;
#1724 = CARTESIAN_POINT ( 'NONE',  ( -17.67766952966370297, 17.67766952966370297, 8.500000000000000000 ) ) ;
#1725 = ADVANCED_BREP_SHAPE_REPRESENTATION ( 'UR10_Zwischenplatte', ( #83, #1354 ), #428 ) ;
#1726 = ORIENTED_EDGE ( 'NONE', *, *, #1163, .T. ) ;
#1727 = AXIS2_PLACEMENT_3D ( 'NONE', #495, #1093, #1832 ) ;
#1728 = ORIENTED_EDGE ( 'NONE', *, *, #1754, .T. ) ;
#1729 = CARTESIAN_POINT ( 'NONE',  ( -17.67766952966377758, -17.67766952966359284, 18.50000000000000000 ) ) ;
#1730 = ADVANCED_FACE ( 'NONE', ( #1425 ), #68, .F. ) ;
#1731 = EDGE_CURVE ( 'NONE', #1764, #1649, #1482, .T. ) ;
#1732 = CARTESIAN_POINT ( 'NONE',  ( 17.67437064589732643, -17.67183930834734795, 18.49812649378675289 ) ) ;
#1733 = CARTESIAN_POINT ( 'NONE',  ( 17.67766952966370297, 17.67766952966370297, 17.75107577378449975 ) ) ;
#1734 = AXIS2_PLACEMENT_3D ( 'NONE', #1284, #1137, #411 ) ;
#1735 = ORIENTED_EDGE ( 'NONE', *, *, #427, .F. ) ;
#1736 = DIRECTION ( 'NONE',  ( -0.000000000000000000, -0.000000000000000000, -1.000000000000000000 ) ) ;
#1737 = DIRECTION ( 'NONE',  ( 0.000000000000000000, 0.000000000000000000, -1.000000000000000000 ) ) ;
#1738 = ORIENTED_EDGE ( 'NONE', *, *, #1227, .F. ) ;
#1739 = CYLINDRICAL_SURFACE ( 'NONE', #226, 2.499999999999992006 ) ;
#1740 = VECTOR ( 'NONE', #1176, 1000.000000000000000 ) ;
#1741 = EDGE_LOOP ( 'NONE', ( #1367, #1216, #917, #219 ) ) ;
#1742 = DIRECTION ( 'NONE',  ( -1.000000000000000000, 0.000000000000000000, 0.000000000000000000 ) ) ;
#1743 = EDGE_CURVE ( 'NONE', #380, #458, #1022, .T. ) ;
#1744 = AXIS2_PLACEMENT_3D ( 'NONE', #1389, #651, #1854 ) ;
#1745 = CARTESIAN_POINT ( 'NONE',  ( -21.70000000000000284, 4.041334437186262058E-16, 0.000000000000000000 ) ) ;
#1746 = ORIENTED_EDGE ( 'NONE', *, *, #508, .T. ) ;
#1747 = CARTESIAN_POINT ( 'NONE',  ( -14.75000000000000533, 0.000000000000000000, 22.50000000000000000 ) ) ;
#1748 = CIRCLE ( 'NONE', #566, 5.499999999999998224 ) ;
#1749 = CARTESIAN_POINT ( 'NONE',  ( -17.68655019657318306, 17.68401711465755000, 18.49567347659163730 ) ) ;
#1750 = ORIENTED_EDGE ( 'NONE', *, *, #198, .F. ) ;
#1751 = DIRECTION ( 'NONE',  ( 0.000000000000000000, 1.000000000000000000, 0.000000000000000000 ) ) ;
#1752 = DIRECTION ( 'NONE',  ( -1.000000000000000000, 0.000000000000000000, 0.000000000000000000 ) ) ;
#1753 = DIRECTION ( 'NONE',  ( 1.000000000000000000, 0.000000000000000000, 0.000000000000000000 ) ) ;
#1754 = EDGE_CURVE ( 'NONE', #1420, #755, #1424, .T. ) ;
#1755 = DIRECTION ( 'NONE',  ( -0.000000000000000000, -0.000000000000000000, -1.000000000000000000 ) ) ;
#1756 = VECTOR ( 'NONE', #1200, 1000.000000000000000 ) ;
#1757 = AXIS2_PLACEMENT_3D ( 'NONE', #1533, #790, #1643 ) ;
#1758 = CYLINDRICAL_SURFACE ( 'NONE', #586, 5.499999999999998224 ) ;
#1759 =( LENGTH_UNIT ( ) NAMED_UNIT ( * ) SI_UNIT ( .MILLI., .METRE. ) );
#1760 = CARTESIAN_POINT ( 'NONE',  ( 15.91104234001761419, -15.90876354776316326, 17.00000000000000000 ) ) ;
#1761 = DIRECTION ( 'NONE',  ( 1.000000000000000000, 0.000000000000000000, 0.000000000000000000 ) ) ;
#1762 = AXIS2_PLACEMENT_3D ( 'NONE', #1486, #1360, #601 ) ;
#1763 = EDGE_CURVE ( 'NONE', #1078, #745, #652, .T. ) ;
#1764 = VERTEX_POINT ( 'NONE', #1311 ) ;
#1765 = CARTESIAN_POINT ( 'NONE',  ( 17.68020133965639928, 17.67513735701110278, 0.000000000000000000 ) ) ;
#1766 = AXIS2_PLACEMENT_3D ( 'NONE', #1487, #196, #1377 ) ;
#1767 = CIRCLE ( 'NONE', #584, 2.999999999999998668 ) ;
#1768 = CARTESIAN_POINT ( 'NONE',  ( 0.000000000000000000, 25.00000000000000000, 0.000000000000000000 ) ) ;
#1769 = CIRCLE ( 'NONE', #778, 2.499999999999998668 ) ;
#1770 = CARTESIAN_POINT ( 'NONE',  ( 17.68497016826855628, 17.68243731264597685, 18.49692294052396591 ) ) ;
#1771 = ORIENTED_EDGE ( 'NONE', *, *, #978, .F. ) ;
#1772 = VECTOR ( 'NONE', #1281, 1000.000000000000000 ) ;
#1773 = LINE ( 'NONE', #1655, #59 ) ;
#1774 = CARTESIAN_POINT ( 'NONE',  ( -2.999999999999998668, 25.00000000000000000, 6.299999999999999822 ) ) ;
#1775 = ORIENTED_EDGE ( 'NONE', *, *, #1457, .F. ) ;
#1776 = CARTESIAN_POINT ( 'NONE',  ( 17.67408875318939465, -17.67766952966370297, 18.50000000000000000 ) ) ;
#1777 = AXIS2_PLACEMENT_3D ( 'NONE', #287, #870, #875 ) ;
#1778 = EDGE_LOOP ( 'NONE', ( #709, #365 ) ) ;
#1779 = EDGE_CURVE ( 'NONE', #1000, #214, #844, .T. ) ;
#1780 = FACE_OUTER_BOUND ( 'NONE', #535, .T. ) ;
#1781 = CARTESIAN_POINT ( 'NONE',  ( 17.74412103412148056, 17.74157970685921271, 18.44675391509963447 ) ) ;
#1782 = DIRECTION ( 'NONE',  ( -1.000000000000000000, 0.000000000000000000, 0.000000000000000000 ) ) ;
#1783 = FACE_OUTER_BOUND ( 'NONE', #926, .T. ) ;
#1784 = CARTESIAN_POINT ( 'NONE',  ( 17.72422819467677613, -17.72168971648470048, 18.46365290025168449 ) ) ;
#1785 = ORIENTED_EDGE ( 'NONE', *, *, #476, .T. ) ;
#1786 = CARTESIAN_POINT ( 'NONE',  ( -17.28273549473692228, 17.28026024748543321, 18.16550496978191731 ) ) ;
#1787 = AXIS2_PLACEMENT_3D ( 'NONE', #788, #14, #50 ) ;
#1788 = CARTESIAN_POINT ( 'NONE',  ( -15.91104233998435724, 15.90876354779647350, 17.00000000000000000 ) ) ;
#1789 = EDGE_CURVE ( 'NONE', #1244, #458, #1145, .T. ) ;
#1790 = DIRECTION ( 'NONE',  ( -1.000000000000000000, 0.000000000000000000, 0.000000000000000000 ) ) ;
#1791 = CARTESIAN_POINT ( 'NONE',  ( -20.18020133965638863, 17.67513735701110278, -1.249139735130297407E-15 ) ) ;
#1792 = CARTESIAN_POINT ( 'NONE',  ( 21.70000000000000284, 0.000000000000000000, 0.000000000000000000 ) ) ;
#1793 = CARTESIAN_POINT ( 'NONE',  ( 3.299999999999998046, -25.00000000000000000, 6.399999999999999467 ) ) ;
#1794 = DIRECTION ( 'NONE',  ( 1.000000000000000000, 0.000000000000000000, 0.000000000000000000 ) ) ;
#1795 = ORIENTED_EDGE ( 'NONE', *, *, #69, .T. ) ;
#1796 = CARTESIAN_POINT ( 'NONE',  ( -17.05949409172643172, 17.05705081728712003, 17.97582091650845726 ) ) ;
#1797 = DIRECTION ( 'NONE',  ( -0.000000000000000000, -0.000000000000000000, -1.000000000000000000 ) ) ;
#1798 = DIRECTION ( 'NONE',  ( 0.000000000000000000, 0.000000000000000000, 1.000000000000000000 ) ) ;
#1799 = DIRECTION ( 'NONE',  ( 1.000000000000000000, 0.000000000000000000, 0.000000000000000000 ) ) ;
#1800 = EDGE_CURVE ( 'NONE', #805, #645, #539, .T. ) ;
#1801 = AXIS2_PLACEMENT_3D ( 'NONE', #141, #553, #1317 ) ;
#1802 = DIRECTION ( 'NONE',  ( -0.000000000000000000, -0.000000000000000000, -1.000000000000000000 ) ) ;
#1803 = ORIENTED_EDGE ( 'NONE', *, *, #1618, .F. ) ;
#1804 = CIRCLE ( 'NONE', #962, 5.499999999999999112 ) ;
#1805 = ORIENTED_EDGE ( 'NONE', *, *, #1631, .F. ) ;
#1806 = DIRECTION ( 'NONE',  ( -0.000000000000000000, -0.000000000000000000, -1.000000000000000000 ) ) ;
#1807 = VERTEX_POINT ( 'NONE', #999 ) ;
#1808 = CARTESIAN_POINT ( 'NONE',  ( -17.47417454264049752, 17.47167187733579397, 18.32816617474607668 ) ) ;
#1809 = DIRECTION ( 'NONE',  ( -1.000000000000000000, 0.000000000000000000, 0.000000000000000000 ) ) ;
#1810 = PERSON_AND_ORGANIZATION_ROLE ( 'classification_officer' ) ;
#1811 = CIRCLE ( 'NONE', #139, 3.299999999999997158 ) ;
#1812 = DIRECTION ( 'NONE',  ( 0.000000000000000000, 0.000000000000000000, 1.000000000000000000 ) ) ;
#1813 = DIRECTION ( 'NONE',  ( -1.000000000000000000, 0.000000000000000000, 0.000000000000000000 ) ) ;
#1814 = EDGE_LOOP ( 'NONE', ( #1867, #118, #677, #1289 ) ) ;
#1815 = ADVANCED_FACE ( 'NONE', ( #1721 ), #254, .F. ) ;
#1816 = ORIENTED_EDGE ( 'NONE', *, *, #1287, .T. ) ;
#1817 = CARTESIAN_POINT ( 'NONE',  ( 17.92015742479115303, -17.91759088544039002, 18.29718616534272968 ) ) ;
#1818 = VERTEX_POINT ( 'NONE', #276 ) ;
#1819 = CARTESIAN_POINT ( 'NONE',  ( 0.000000000000000000, 0.000000000000000000, 4.999999999999999112 ) ) ;
#1820 = DIRECTION ( 'NONE',  ( 1.000000000000000000, 0.000000000000000000, 0.000000000000000000 ) ) ;
#1821 = SHAPE_DEFINITION_REPRESENTATION ( #1259, #1725 ) ;
#1822 = FACE_OUTER_BOUND ( 'NONE', #967, .T. ) ;
#1823 = LOCAL_TIME ( 13, 32, 1.000000000000000000, #367 ) ;
#1824 = VECTOR ( 'NONE', #538, 1000.000000000000000 ) ;
#1825 = CARTESIAN_POINT ( 'NONE',  ( 30.50000000000000000, 0.000000000000000000, 0.000000000000000000 ) ) ;
#1826 = AXIS2_PLACEMENT_3D ( 'NONE', #1607, #1577, #1761 ) ;
#1827 = ORIENTED_EDGE ( 'NONE', *, *, #1457, .T. ) ;
#1828 = EDGE_CURVE ( 'NONE', #1268, #1848, #1804, .T. ) ;
#1829 = DIRECTION ( 'NONE',  ( 0.000000000000000000, 0.000000000000000000, 1.000000000000000000 ) ) ;
#1830 = DIRECTION ( 'NONE',  ( -1.000000000000000000, 0.000000000000000000, 0.000000000000000000 ) ) ;
#1831 = CALENDAR_DATE ( 2025, 12, 5 ) ;
#1832 = DIRECTION ( 'NONE',  ( -1.000000000000000000, 0.000000000000000000, 0.000000000000000000 ) ) ;
#1833 = CIRCLE ( 'NONE', #985, 15.75000000000000000 ) ;
#1834 = FACE_OUTER_BOUND ( 'NONE', #1702, .T. ) ;
#1835 = ORIENTED_EDGE ( 'NONE', *, *, #742, .F. ) ;
#1836 = CARTESIAN_POINT ( 'NONE',  ( 0.000000000000000000, 0.000000000000000000, 0.5000000000000000000 ) ) ;
#1837 = ORIENTED_EDGE ( 'NONE', *, *, #707, .T. ) ;
#1838 = EDGE_CURVE ( 'NONE', #1274, #1029, #395, .T. ) ;
#1839 = CARTESIAN_POINT ( 'NONE',  ( 30.50000000000000000, 6.735557395310440051E-16, 0.000000000000000000 ) ) ;
#1840 = APPLICATION_PROTOCOL_DEFINITION ( 'international standard', 'config_control_design', 1994, #855 ) ;
#1841 = ADVANCED_FACE ( 'NONE', ( #387 ), #1209, .F. ) ;
#1842 = ADVANCED_FACE ( 'NONE', ( #244 ), #992, .F. ) ;
#1843 = DIRECTION ( 'NONE',  ( -0.000000000000000000, -0.000000000000000000, -1.000000000000000000 ) ) ;
#1844 = CIRCLE ( 'NONE', #1243, 2.499999999999995115 ) ;
#1845 = DIRECTION ( 'NONE',  ( -0.000000000000000000, -0.000000000000000000, -1.000000000000000000 ) ) ;
#1846 = VERTEX_POINT ( 'NONE', #694 ) ;
#1847 = DIRECTION ( 'NONE',  ( 0.000000000000000000, 0.000000000000000000, 1.000000000000000000 ) ) ;
#1848 = VERTEX_POINT ( 'NONE', #838 ) ;
#1849 = EDGE_LOOP ( 'NONE', ( #1627, #192, #1639, #1306 ) ) ;
#1850 = FACE_OUTER_BOUND ( 'NONE', #1849, .T. ) ;
#1851 = CALENDAR_DATE ( 2025, 12, 5 ) ;
#1852 = DIRECTION ( 'NONE',  ( 1.000000000000000000, 0.000000000000000000, 0.000000000000000000 ) ) ;
#1853 = EDGE_CURVE ( 'NONE', #125, #1358, #956, .T. ) ;
#1854 = DIRECTION ( 'NONE',  ( -1.000000000000000000, 0.000000000000000000, 0.000000000000000000 ) ) ;
#1855 = ORIENTED_EDGE ( 'NONE', *, *, #1800, .T. ) ;
#1856 = LOCAL_TIME ( 13, 32, 1.000000000000000000, #632 ) ;
#1857 = VECTOR ( 'NONE', #624, 1000.000000000000000 ) ;
#1858 = EDGE_LOOP ( 'NONE', ( #1402, #794, #1827, #885 ) ) ;
#1859 = ORIENTED_EDGE ( 'NONE', *, *, #1223, .T. ) ;
#1860 = CARTESIAN_POINT ( 'NONE',  ( -15.75000000000000000, 0.000000000000000000, 1.000000000000000000 ) ) ;
#1861 = CARTESIAN_POINT ( 'NONE',  ( 17.19657323989993358, 17.19411033287518009, 18.09229592027138267 ) ) ;
#1862 = ORIENTED_EDGE ( 'NONE', *, *, #1480, .F. ) ;
#1863 = EDGE_CURVE ( 'NONE', #983, #887, #443, .T. ) ;
#1864 = CARTESIAN_POINT ( 'NONE',  ( 15.91104233998606787, -15.90876354779476465, 8.500000000000000000 ) ) ;
#1865 = AXIS2_PLACEMENT_3D ( 'NONE', #1395, #1239, #958 ) ;
#1866 = AXIS2_PLACEMENT_3D ( 'NONE', #570, #414, #1142 ) ;
#1867 = ORIENTED_EDGE ( 'NONE', *, *, #464, .F. ) ;
#1868 = ORIENTED_EDGE ( 'NONE', *, *, #1335, .F. ) ;
#1869 = CARTESIAN_POINT ( 'NONE',  ( 17.68020133965639928, -17.67513735701110278, 17.00000000000000000 ) ) ;
#1870 = DIRECTION ( 'NONE',  ( -1.000000000000000000, 0.000000000000000000, 0.000000000000000000 ) ) ;
#1871 = DIRECTION ( 'NONE',  ( -0.000000000000000000, -0.000000000000000000, -1.000000000000000000 ) ) ;
#1872 = ORIENTED_EDGE ( 'NONE', *, *, #1467, .T. ) ;
#1873 = CARTESIAN_POINT ( 'NONE',  ( -17.67766952966377758, -17.67766952966359284, 11.50000000000000000 ) ) ;
#1874 = ORIENTED_EDGE ( 'NONE', *, *, #1828, .T. ) ;
#1875 = ADVANCED_FACE ( 'NONE', ( #330 ), #604, .F. ) ;
#1876 = ORIENTED_EDGE ( 'NONE', *, *, #1743, .F. ) ;
#1877 = FACE_OUTER_BOUND ( 'NONE', #181, .T. ) ;
#1878 = CARTESIAN_POINT ( 'NONE',  ( 17.35879929693468782, -17.35631315576469902, 18.23013494862564343 ) ) ;
#1879 = DIRECTION ( 'NONE',  ( -1.000000000000000000, 0.000000000000000000, 0.000000000000000000 ) ) ;
#1880 = EDGE_LOOP ( 'NONE', ( #629, #334 ) ) ;
#1881 = DIRECTION ( 'NONE',  ( -0.000000000000000000, -0.000000000000000000, -1.000000000000000000 ) ) ;
#1882 = LINE ( 'NONE', #1747, #270 ) ;
#1883 = EDGE_CURVE ( 'NONE', #1566, #674, #38, .T. ) ;
#1884 = EDGE_CURVE ( 'NONE', #392, #964, #1117, .T. ) ;
#1885 = DIRECTION ( 'NONE',  ( -1.000000000000000000, 0.000000000000000000, 0.000000000000000000 ) ) ;
#1886 = CARTESIAN_POINT ( 'NONE',  ( 17.67766952966370297, 17.67766952966370297, 0.000000000000000000 ) ) ;
#1887 = DIRECTION ( 'NONE',  ( 1.000000000000000000, 0.000000000000000000, 0.000000000000000000 ) ) ;
#1888 = EDGE_LOOP ( 'NONE', ( #716, #989, #1018 ) ) ;
#1889 = DIRECTION ( 'NONE',  ( 0.000000000000000000, 0.000000000000000000, 1.000000000000000000 ) ) ;
#1890 = CARTESIAN_POINT ( 'NONE',  ( -17.67408875318939465, 17.67766952966370297, 18.50000000000000000 ) ) ;
#1891 = EDGE_LOOP ( 'NONE', ( #896, #720, #819, #1104 ) ) ;
#1892 = CARTESIAN_POINT ( 'NONE',  ( 17.67766952966370297, 17.67766952966370297, 8.500000000000000000 ) ) ;
#1893 = EDGE_CURVE ( 'NONE', #572, #333, #1194, .T. ) ;
#1894 = CARTESIAN_POINT ( 'NONE',  ( -20.18020133965639573, 17.67513735701110278, 17.00000000000000000 ) ) ;
#1895 = ORIENTED_EDGE ( 'NONE', *, *, #1893, .F. ) ;
#1896 = DIRECTION ( 'NONE',  ( 1.000000000000000000, 0.000000000000000000, 0.000000000000000000 ) ) ;
#1897 = AXIS2_PLACEMENT_3D ( 'NONE', #84, #45, #1233 ) ;
#1898 = CARTESIAN_POINT ( 'NONE',  ( -17.69030432190513480, 17.68777070232032145, 18.49243553449782596 ) ) ;
#1899 = ORIENTED_EDGE ( 'NONE', *, *, #585, .F. ) ;
#1900 = CARTESIAN_POINT ( 'NONE',  ( 25.00000000000000000, 0.000000000000000000, 0.000000000000000000 ) ) ;
#1901 = CARTESIAN_POINT ( 'NONE',  ( -17.68020133965639928, 17.67513735701110278, -1.249139735130297407E-15 ) ) ;
#1902 = EDGE_LOOP ( 'NONE', ( #689, #654 ) ) ;
#1903 = EDGE_CURVE ( 'NONE', #1251, #273, #516, .T. ) ;
#1904 = DIRECTION ( 'NONE',  ( -0.000000000000000000, -0.000000000000000000, -1.000000000000000000 ) ) ;
#1905 = VECTOR ( 'NONE', #1525, 1000.000000000000114 ) ;
#1906 = DIRECTION ( 'NONE',  ( 1.000000000000000000, 0.000000000000000000, 0.000000000000000000 ) ) ;
#1907 = VECTOR ( 'NONE', #693, 1000.000000000000000 ) ;
#1908 = DIRECTION ( 'NONE',  ( 0.000000000000000000, 0.000000000000000000, 1.000000000000000000 ) ) ;
#1909 = CARTESIAN_POINT ( 'NONE',  ( 17.68643025937293345, 17.68389719463480958, 18.49569542168227798 ) ) ;
#1910 = DIRECTION ( 'NONE',  ( -1.000000000000000000, 0.000000000000000000, 0.000000000000000000 ) ) ;
#1911 = CARTESIAN_POINT ( 'NONE',  ( 19.50000000000000355, 0.000000000000000000, 6.399999999999999467 ) ) ;
#1912 = EDGE_CURVE ( 'NONE', #1846, #1135, #616, .T. ) ;
#1913 = EDGE_CURVE ( 'NONE', #544, #1135, #611, .T. ) ;
#1914 = CIRCLE ( 'NONE', #526, 3.299999999999998046 ) ;
#1915 = ORIENTED_EDGE ( 'NONE', *, *, #718, .T. ) ;
#1916 = CARTESIAN_POINT ( 'NONE',  ( 18.40243667786145210, -18.39980106604820165, 17.88740295401973412 ) ) ;
ENDSEC;
END-ISO-10303-21;
