ISO-10303-21;
HEADER;
FILE_DESCRIPTION (( 'STEP AP214' ),
    '1' );
FILE_NAME ('202500521_EOAT Versteifung_V1.0.STEP',
    '2026-02-16T09:45:02',
    ( '' ),
    ( '' ),
    'SwSTEP 2.0',
    'SolidWorks 2021',
    '' );
FILE_SCHEMA (( 'AUTOMOTIVE_DESIGN' ));
ENDSEC;

DATA;
#1 = FACE_OUTER_BOUND ( 'NONE', #490, .T. ) ;
#2 = CARTESIAN_POINT ( 'NONE',  ( 175.5000000000000000, 5.400000000000000355, 5.000000000000002665 ) ) ;
#3 = ORIENTED_EDGE ( 'NONE', *, *, #861, .F. ) ;
#4 = VERTEX_POINT ( 'NONE', #1446 ) ;
#5 = FACE_OUTER_BOUND ( 'NONE', #1745, .T. ) ;
#6 = DIRECTION ( 'NONE',  ( -0.7071067811865475727, -0.7071067811865475727, -0.000000000000000000 ) ) ;
#7 = ORIENTED_EDGE ( 'NONE', *, *, #829, .F. ) ;
#8 = CARTESIAN_POINT ( 'NONE',  ( -1.326700699076298424E-15, 0.000000000000000000, -5.000000000000000888 ) ) ;
#9 = PLANE ( 'NONE',  #552 ) ;
#10 = LINE ( 'NONE', #1292, #81 ) ;
#11 = ADVANCED_FACE ( 'NONE', ( #575 ), #106, .T. ) ;
#12 = ORIENTED_EDGE ( 'NONE', *, *, #1496, .F. ) ;
#13 = EDGE_LOOP ( 'NONE', ( #1790, #1300, #626, #269 ) ) ;
#14 = CARTESIAN_POINT ( 'NONE',  ( 176.5000000000000000, 0.000000000000000000, -5.000000000000000000 ) ) ;
#15 = DIRECTION ( 'NONE',  ( 0.000000000000000000, 0.000000000000000000, -1.000000000000000000 ) ) ;
#16 = ORIENTED_EDGE ( 'NONE', *, *, #639, .F. ) ;
#17 = CARTESIAN_POINT ( 'NONE',  ( 374.5000000000000000, 1.000000000000000888, 5.000000000000000888 ) ) ;
#18 = DIRECTION ( 'NONE',  ( 1.000000000000000000, -0.000000000000000000, 0.000000000000000000 ) ) ;
#19 = DIRECTION ( 'NONE',  ( 0.000000000000000000, 0.000000000000000000, -1.000000000000000000 ) ) ;
#20 = VECTOR ( 'NONE', #1463, 1000.000000000000114 ) ;
#21 = EDGE_CURVE ( 'NONE', #974, #4, #1592, .T. ) ;
#22 = ADVANCED_FACE ( 'NONE', ( #1015, #1615 ), #716, .F. ) ;
#23 = ORIENTED_EDGE ( 'NONE', *, *, #1798, .F. ) ;
#24 = DIRECTION ( 'NONE',  ( 0.000000000000000000, 1.000000000000000000, 0.000000000000000000 ) ) ;
#25 = ADVANCED_FACE ( 'NONE', ( #383 ), #685, .F. ) ;
#26 = DIRECTION ( 'NONE',  ( 0.000000000000000000, -0.000000000000000000, 1.000000000000000000 ) ) ;
#27 = CYLINDRICAL_SURFACE ( 'NONE', #1876, 2.749999999999974687 ) ;
#28 = AXIS2_PLACEMENT_3D ( 'NONE', #248, #228, #834 ) ;
#29 = ORIENTED_EDGE ( 'NONE', *, *, #1437, .F. ) ;
#30 = CARTESIAN_POINT ( 'NONE',  ( 94.50000000000000000, 5.400000000000000355, -5.000000000000000888 ) ) ;
#31 = CARTESIAN_POINT ( 'NONE',  ( 105.4999999999999858, 5.400000000000000355, 5.000000000000002665 ) ) ;
#32 = CARTESIAN_POINT ( 'NONE',  ( 304.5000000000000000, 1.000000000000000888, 5.000000000000000888 ) ) ;
#33 = CIRCLE ( 'NONE', #1552, 2.750000000000002665 ) ;
#34 = VERTEX_POINT ( 'NONE', #117 ) ;
#35 = ORIENTED_EDGE ( 'NONE', *, *, #940, .F. ) ;
#36 = DIRECTION ( 'NONE',  ( 0.000000000000000000, 0.000000000000000000, -1.000000000000000000 ) ) ;
#37 = CARTESIAN_POINT ( 'NONE',  ( 175.5000000000000000, -4.599999999999999645, 5.000000000000002665 ) ) ;
#38 = DIRECTION ( 'NONE',  ( 0.000000000000000000, -0.000000000000000000, 1.000000000000000000 ) ) ;
#39 = EDGE_CURVE ( 'NONE', #188, #1310, #1255, .T. ) ;
#40 = ORIENTED_EDGE ( 'NONE', *, *, #1458, .F. ) ;
#41 = DIRECTION ( 'NONE',  ( 0.000000000000000000, 0.000000000000000000, -1.000000000000000000 ) ) ;
#42 = DIRECTION ( 'NONE',  ( 0.000000000000000000, 0.000000000000000000, 1.000000000000000000 ) ) ;
#43 = CARTESIAN_POINT ( 'NONE',  ( 245.4999999999999716, 1.000000000000056399, 5.000000000000002665 ) ) ;
#44 = VERTEX_POINT ( 'NONE', #566 ) ;
#45 = ORIENTED_EDGE ( 'NONE', *, *, #1505, .F. ) ;
#46 = FACE_OUTER_BOUND ( 'NONE', #777, .T. ) ;
#47 = LINE ( 'NONE', #634, #1001 ) ;
#48 = EDGE_CURVE ( 'NONE', #1536, #948, #693, .T. ) ;
#49 = ORIENTED_EDGE ( 'NONE', *, *, #1777, .F. ) ;
#50 = LINE ( 'NONE', #778, #236 ) ;
#51 = CARTESIAN_POINT ( 'NONE',  ( 393.0133283987162258, 10.40000000000000036, 5.000000000000000888 ) ) ;
#52 = CARTESIAN_POINT ( 'NONE',  ( 35.50000000000000000, 1.000000000000000888, -5.000000000000000888 ) ) ;
#53 = ORIENTED_EDGE ( 'NONE', *, *, #708, .T. ) ;
#54 = ORIENTED_EDGE ( 'NONE', *, *, #797, .F. ) ;
#55 = VECTOR ( 'NONE', #26, 1000.000000000000000 ) ;
#56 = DIRECTION ( 'NONE',  ( 0.000000000000000000, 1.000000000000000000, 0.000000000000000000 ) ) ;
#57 = DIRECTION ( 'NONE',  ( 0.7071067811865474617, 0.7071067811865474617, 0.000000000000000000 ) ) ;
#58 = VECTOR ( 'NONE', #891, 1000.000000000000000 ) ;
#59 = VERTEX_POINT ( 'NONE', #847 ) ;
#60 = PLANE ( 'NONE',  #1574 ) ;
#61 = DIRECTION ( 'NONE',  ( -1.000000000000000000, -1.734723475976805517E-15, 0.000000000000000000 ) ) ;
#62 = VECTOR ( 'NONE', #1319, 1000.000000000000000 ) ;
#63 = CARTESIAN_POINT ( 'NONE',  ( 234.4999999999999716, -4.599999999999999645, -5.000000000000000888 ) ) ;
#64 = EDGE_CURVE ( 'NONE', #948, #1013, #135, .T. ) ;
#65 = VECTOR ( 'NONE', #424, 1000.000000000000000 ) ;
#66 = CARTESIAN_POINT ( 'NONE',  ( 245.4999999999999716, 1.000000000000056399, -4.999999999999999112 ) ) ;
#67 = VERTEX_POINT ( 'NONE', #1047 ) ;
#68 = DIRECTION ( 'NONE',  ( 0.000000000000000000, 0.7071067811865475727, 0.7071067811865475727 ) ) ;
#69 = DIRECTION ( 'NONE',  ( 0.000000000000000000, 0.000000000000000000, -1.000000000000000000 ) ) ;
#70 = CARTESIAN_POINT ( 'NONE',  ( 175.5000000000000000, 1.000000000000000888, -5.000000000000000888 ) ) ;
#71 = VERTEX_POINT ( 'NONE', #1072 ) ;
#72 = ADVANCED_FACE ( 'NONE', ( #1633 ), #1796, .T. ) ;
#73 = ADVANCED_BREP_SHAPE_REPRESENTATION ( '202500521_EOAT Versteifung_V1.0', ( #1366, #897 ), #1089 ) ;
#74 = CARTESIAN_POINT ( 'NONE',  ( 1.692413147294445908E-17, 20.00000000000000000, -4.000000000000000000 ) ) ;
#75 = VERTEX_POINT ( 'NONE', #1217 ) ;
#76 = CARTESIAN_POINT ( 'NONE',  ( -1.326700699076298424E-15, 5.400000000000000355, -5.000000000000000888 ) ) ;
#77 = ORIENTED_EDGE ( 'NONE', *, *, #1744, .T. ) ;
#78 = AXIS2_PLACEMENT_3D ( 'NONE', #623, #898, #1172 ) ;
#79 = PLANE ( 'NONE',  #1765 ) ;
#80 = ADVANCED_FACE ( 'NONE', ( #1060 ), #585, .T. ) ;
#81 = VECTOR ( 'NONE', #1600, 1000.000000000000000 ) ;
#82 = VERTEX_POINT ( 'NONE', #14 ) ;
#83 = CARTESIAN_POINT ( 'NONE',  ( 164.4999999999999716, 1.000000000000000888, 5.000000000000000888 ) ) ;
#84 = FACE_OUTER_BOUND ( 'NONE', #1423, .T. ) ;
#85 = AXIS2_PLACEMENT_3D ( 'NONE', #1298, #1899, #697 ) ;
#86 = ORIENTED_EDGE ( 'NONE', *, *, #1786, .F. ) ;
#87 = AXIS2_PLACEMENT_3D ( 'NONE', #129, #1485, #1199 ) ;
#88 = LINE ( 'NONE', #1868, #1538 ) ;
#89 = FACE_OUTER_BOUND ( 'NONE', #329, .T. ) ;
#90 = VECTOR ( 'NONE', #231, 1000.000000000000114 ) ;
#91 = ORIENTED_EDGE ( 'NONE', *, *, #684, .T. ) ;
#92 = EDGE_CURVE ( 'NONE', #983, #738, #1472, .T. ) ;
#93 = PLANE ( 'NONE',  #1604 ) ;
#94 = CARTESIAN_POINT ( 'NONE',  ( 35.50000000000000000, 1.000000000000000888, 5.000000000000002665 ) ) ;
#95 = PLANE ( 'NONE',  #1755 ) ;
#96 = VERTEX_POINT ( 'NONE', #311 ) ;
#97 = CYLINDRICAL_SURFACE ( 'NONE', #729, 2.749999999999974687 ) ;
#98 = DIRECTION ( 'NONE',  ( -0.000000000000000000, -1.000000000000000000, -0.000000000000000000 ) ) ;
#99 = CARTESIAN_POINT ( 'NONE',  ( -1.734723475976807094E-15, 17.32050807568881368, 5.000000000000000888 ) ) ;
#100 = DIRECTION ( 'NONE',  ( 4.231032868236114770E-18, -0.000000000000000000, -1.000000000000000000 ) ) ;
#101 = ADVANCED_FACE ( 'NONE', ( #1807 ), #601, .F. ) ;
#102 = ADVANCED_FACE ( 'NONE', ( #1311 ), #1645, .T. ) ;
#103 = EDGE_LOOP ( 'NONE', ( #446, #310, #420, #536 ) ) ;
#104 = DIRECTION ( 'NONE',  ( 0.000000000000000000, 1.000000000000000000, 0.000000000000000000 ) ) ;
#105 = DIRECTION ( 'NONE',  ( 1.000000000000000000, -1.040834085586083271E-15, 0.000000000000000000 ) ) ;
#106 = PLANE ( 'NONE',  #1227 ) ;
#107 = VECTOR ( 'NONE', #755, 1000.000000000000000 ) ;
#108 = LINE ( 'NONE', #1578, #1756 ) ;
#109 = CARTESIAN_POINT ( 'NONE',  ( -1.326700699076298424E-15, 0.000000000000000000, 5.000000000000000888 ) ) ;
#110 = LINE ( 'NONE', #128, #705 ) ;
#111 = UNCERTAINTY_MEASURE_WITH_UNIT (LENGTH_MEASURE( 1.000000000000000082E-05 ), #1341, 'distance_accuracy_value', 'NONE');
#112 = LINE ( 'NONE', #428, #20 ) ;
#113 = AXIS2_PLACEMENT_3D ( 'NONE', #1626, #1438, #706 ) ;
#114 = ADVANCED_FACE ( 'NONE', ( #1360 ), #479, .F. ) ;
#115 = AXIS2_PLACEMENT_3D ( 'NONE', #1655, #1035, #156 ) ;
#116 = CIRCLE ( 'NONE', #1267, 5.000000000000000000 ) ;
#117 = CARTESIAN_POINT ( 'NONE',  ( 395.5133283987162258, 6.069872981077803153, -4.999999999999999112 ) ) ;
#118 = CARTESIAN_POINT ( 'NONE',  ( 410.0000000000000568, 14.43375672974067569, -4.999999999999999112 ) ) ;
#119 = VECTOR ( 'NONE', #718, 1000.000000000000000 ) ;
#120 = LINE ( 'NONE', #1344, #119 ) ;
#121 = FACE_BOUND ( 'NONE', #1682, .T. ) ;
#122 = LINE ( 'NONE', #1022, #1870 ) ;
#123 = VERTEX_POINT ( 'NONE', #1510 ) ;
#124 = ADVANCED_FACE ( 'NONE', ( #300 ), #179, .T. ) ;
#125 = ORIENTED_EDGE ( 'NONE', *, *, #1599, .F. ) ;
#126 = DIRECTION ( 'NONE',  ( -1.000000000000000000, 0.000000000000000000, 0.000000000000000000 ) ) ;
#127 = DIRECTION ( 'NONE',  ( -4.231032868236114770E-18, 0.000000000000000000, 1.000000000000000000 ) ) ;
#128 = CARTESIAN_POINT ( 'NONE',  ( 175.5000000000000000, -4.599999999999999645, -4.999999999999999112 ) ) ;
#129 = CARTESIAN_POINT ( 'NONE',  ( 304.5000000000000000, 1.000000000000000888, 5.000000000000000888 ) ) ;
#130 = CARTESIAN_POINT ( 'NONE',  ( 36.50000000000000000, 0.000000000000000000, 5.000000000000000888 ) ) ;
#131 =( NAMED_UNIT ( * ) PLANE_ANGLE_UNIT ( ) SI_UNIT ( $, .RADIAN. ) );
#132 = ORIENTED_EDGE ( 'NONE', *, *, #785, .T. ) ;
#133 = ORIENTED_EDGE ( 'NONE', *, *, #201, .T. ) ;
#134 = EDGE_CURVE ( 'NONE', #1343, #1775, #1074, .T. ) ;
#135 = LINE ( 'NONE', #37, #381 ) ;
#136 = DIRECTION ( 'NONE',  ( -1.000000000000000000, 0.000000000000000000, 0.000000000000000000 ) ) ;
#137 = EDGE_CURVE ( 'NONE', #908, #4, #1768, .T. ) ;
#138 = VECTOR ( 'NONE', #1040, 1000.000000000000114 ) ;
#139 = VERTEX_POINT ( 'NONE', #145 ) ;
#140 = CARTESIAN_POINT ( 'NONE',  ( 170.0000000000000000, 0.000000000000000000, 2.750000000000980105 ) ) ;
#141 =( NAMED_UNIT ( * ) SI_UNIT ( $, .STERADIAN. ) SOLID_ANGLE_UNIT ( ) );
#142 = ORIENTED_EDGE ( 'NONE', *, *, #1021, .T. ) ;
#143 = VERTEX_POINT ( 'NONE', #1335 ) ;
#144 = EDGE_LOOP ( 'NONE', ( #125, #509, #1834, #328 ) ) ;
#145 = CARTESIAN_POINT ( 'NONE',  ( 304.5000000000000000, 5.400000000000000355, 5.000000000000000888 ) ) ;
#146 = FACE_OUTER_BOUND ( 'NONE', #1403, .T. ) ;
#147 = EDGE_CURVE ( 'NONE', #1780, #590, #1778, .T. ) ;
#148 = ORIENTED_EDGE ( 'NONE', *, *, #213, .F. ) ;
#149 = CARTESIAN_POINT ( 'NONE',  ( 106.4999999999999858, 0.000000000000000000, -5.000000000000000000 ) ) ;
#150 = STYLED_ITEM ( 'NONE', ( #449 ), #73 ) ;
#151 = SURFACE_STYLE_FILL_AREA ( #436 ) ;
#152 = VECTOR ( 'NONE', #24, 1000.000000000000000 ) ;
#153 = ORIENTED_EDGE ( 'NONE', *, *, #327, .F. ) ;
#154 = ORIENTED_EDGE ( 'NONE', *, *, #243, .T. ) ;
#155 = DIRECTION ( 'NONE',  ( 0.000000000000000000, -0.000000000000000000, 1.000000000000000000 ) ) ;
#156 = DIRECTION ( 'NONE',  ( 0.000000000000000000, 0.000000000000000000, -1.000000000000000000 ) ) ;
#157 = APPLICATION_CONTEXT ( 'automotive_design' ) ;
#158 = ORIENTED_EDGE ( 'NONE', *, *, #756, .T. ) ;
#159 = LINE ( 'NONE', #1329, #386 ) ;
#160 = ADVANCED_FACE ( 'NONE', ( #5 ), #593, .T. ) ;
#161 = EDGE_CURVE ( 'NONE', #1541, #270, #1034, .T. ) ;
#162 = DIRECTION ( 'NONE',  ( 0.000000000000000000, 1.000000000000000000, 0.000000000000000000 ) ) ;
#163 = EDGE_CURVE ( 'NONE', #1608, #701, #614, .T. ) ;
#164 = ORIENTED_EDGE ( 'NONE', *, *, #1712, .F. ) ;
#165 = ORIENTED_EDGE ( 'NONE', *, *, #914, .T. ) ;
#166 = LINE ( 'NONE', #759, #152 ) ;
#167 = DIRECTION ( 'NONE',  ( -1.000000000000000000, 1.040834085586084059E-15, 0.000000000000000000 ) ) ;
#168 = DIRECTION ( 'NONE',  ( 0.7071067811865474617, 0.7071067811865474617, 0.000000000000000000 ) ) ;
#169 = VERTEX_POINT ( 'NONE', #1277 ) ;
#170 = VECTOR ( 'NONE', #1728, 1000.000000000000000 ) ;
#171 = DIRECTION ( 'NONE',  ( 1.000000000000000000, -0.000000000000000000, 0.000000000000000000 ) ) ;
#172 = FILL_AREA_STYLE_COLOUR ( '', #1445 ) ;
#173 = VECTOR ( 'NONE', #1563, 1000.000000000000000 ) ;
#174 = EDGE_CURVE ( 'NONE', #1117, #875, #787, .T. ) ;
#175 = CARTESIAN_POINT ( 'NONE',  ( 105.4999999999999858, 5.400000000000000355, -4.999999999999999112 ) ) ;
#176 = ORIENTED_EDGE ( 'NONE', *, *, #652, .F. ) ;
#177 = ORIENTED_EDGE ( 'NONE', *, *, #379, .T. ) ;
#178 = DIRECTION ( 'NONE',  ( -0.000000000000000000, -1.000000000000000000, -0.000000000000000000 ) ) ;
#179 = PLANE ( 'NONE',  #262 ) ;
#180 = DIRECTION ( 'NONE',  ( 0.000000000000000000, 1.000000000000000000, 0.000000000000000000 ) ) ;
#181 = AXIS2_PLACEMENT_3D ( 'NONE', #1431, #1721, #377 ) ;
#182 = AXIS2_PLACEMENT_3D ( 'NONE', #840, #594, #625 ) ;
#183 = VERTEX_POINT ( 'NONE', #836 ) ;
#184 = CARTESIAN_POINT ( 'NONE',  ( 170.0000000000000000, 20.00000000000000000, 9.776147748760776424E-13 ) ) ;
#185 = DIRECTION ( 'NONE',  ( -0.000000000000000000, -0.000000000000000000, 1.000000000000000000 ) ) ;
#186 = PLANE ( 'NONE',  #1282 ) ;
#187 = ORIENTED_EDGE ( 'NONE', *, *, #1232, .F. ) ;
#188 = VERTEX_POINT ( 'NONE', #1380 ) ;
#189 = LINE ( 'NONE', #786, #1207 ) ;
#190 = EDGE_CURVE ( 'NONE', #229, #1902, #886, .T. ) ;
#191 = CARTESIAN_POINT ( 'NONE',  ( 94.50000000000000000, 1.000000000000000888, 5.000000000000000888 ) ) ;
#192 = ORIENTED_EDGE ( 'NONE', *, *, #975, .T. ) ;
#193 = LINE ( 'NONE', #1820, #1818 ) ;
#194 = CARTESIAN_POINT ( 'NONE',  ( 245.4999999999999716, 1.000000000000056399, 5.000000000000002665 ) ) ;
#195 = ORIENTED_EDGE ( 'NONE', *, *, #767, .F. ) ;
#196 = EDGE_LOOP ( 'NONE', ( #1753, #1100, #1024, #1664 ) ) ;
#197 =( LENGTH_UNIT ( ) NAMED_UNIT ( * ) SI_UNIT ( .MILLI., .METRE. ) );
#198 = LINE ( 'NONE', #191, #1898 ) ;
#199 = ADVANCED_FACE ( 'NONE', ( #1432 ), #97, .F. ) ;
#200 = ORIENTED_EDGE ( 'NONE', *, *, #1883, .T. ) ;
#201 = EDGE_CURVE ( 'NONE', #34, #1012, #824, .T. ) ;
#202 = LINE ( 'NONE', #376, #1007 ) ;
#203 = FACE_OUTER_BOUND ( 'NONE', #556, .T. ) ;
#204 = CARTESIAN_POINT ( 'NONE',  ( 30.00000000000000000, 5.400000000000000355, 5.546678239835239257E-29 ) ) ;
#205 = ORIENTED_EDGE ( 'NONE', *, *, #864, .T. ) ;
#206 = CIRCLE ( 'NONE', #802, 2.750000000000002665 ) ;
#207 = CARTESIAN_POINT ( 'NONE',  ( 242.7500000000000284, 5.400000000000000355, 1.466422162314116363E-12 ) ) ;
#208 = CIRCLE ( 'NONE', #1286, 2.750000000000002665 ) ;
#209 = ORIENTED_EDGE ( 'NONE', *, *, #1079, .F. ) ;
#210 = CARTESIAN_POINT ( 'NONE',  ( 0.000000000000000000, 20.00000000000000000, 4.000000000000000000 ) ) ;
#211 = CARTESIAN_POINT ( 'NONE',  ( 0.000000000000000000, 0.000000000000000000, 0.000000000000000000 ) ) ;
#212 = AXIS2_PLACEMENT_3D ( 'NONE', #872, #1900, #579 ) ;
#213 = EDGE_CURVE ( 'NONE', #296, #472, #88, .T. ) ;
#214 = LINE ( 'NONE', #1555, #417 ) ;
#215 = AXIS2_PLACEMENT_3D ( 'NONE', #1119, #841, #1419 ) ;
#216 = ORIENTED_EDGE ( 'NONE', *, *, #1025, .F. ) ;
#217 = DIRECTION ( 'NONE',  ( -0.000000000000000000, -0.000000000000000000, 1.000000000000000000 ) ) ;
#218 = ORIENTED_EDGE ( 'NONE', *, *, #1315, .F. ) ;
#219 = CARTESIAN_POINT ( 'NONE',  ( 246.5000000000000284, 0.000000000000000000, -5.000000000000000000 ) ) ;
#220 = LINE ( 'NONE', #1840, #1572 ) ;
#221 = ADVANCED_FACE ( 'NONE', ( #699 ), #1283, .F. ) ;
#222 = ORIENTED_EDGE ( 'NONE', *, *, #1110, .T. ) ;
#223 = VERTEX_POINT ( 'NONE', #985 ) ;
#224 = EDGE_CURVE ( 'NONE', #974, #901, #1723, .T. ) ;
#225 = DIRECTION ( 'NONE',  ( -0.000000000000000000, -1.000000000000000000, -0.000000000000000000 ) ) ;
#226 = ORIENTED_EDGE ( 'NONE', *, *, #1613, .F. ) ;
#227 = DIRECTION ( 'NONE',  ( 1.000000000000000000, -0.000000000000000000, 0.000000000000000000 ) ) ;
#228 = DIRECTION ( 'NONE',  ( -1.000000000000000000, 0.000000000000000000, 0.000000000000000000 ) ) ;
#229 = VERTEX_POINT ( 'NONE', #390 ) ;
#230 = CARTESIAN_POINT ( 'NONE',  ( 315.4999999999999432, 1.000000000000000888, 5.000000000000002665 ) ) ;
#231 = DIRECTION ( 'NONE',  ( -0.7071067811865474617, 0.7071067811865474617, -2.991792032552924762E-18 ) ) ;
#232 = VECTOR ( 'NONE', #1589, 1000.000000000000000 ) ;
#233 = ORIENTED_EDGE ( 'NONE', *, *, #1178, .T. ) ;
#234 = LINE ( 'NONE', #506, #495 ) ;
#235 = CARTESIAN_POINT ( 'NONE',  ( 2.500000000000008882, 12.99038105676661381, 5.000000000000000888 ) ) ;
#236 = VECTOR ( 'NONE', #1063, 1000.000000000000000 ) ;
#237 = CARTESIAN_POINT ( 'NONE',  ( -1.326700699076298424E-15, 20.00000000000000000, 5.000000000000000888 ) ) ;
#238 = VECTOR ( 'NONE', #1665, 1000.000000000000114 ) ;
#239 = ORIENTED_EDGE ( 'NONE', *, *, #147, .T. ) ;
#240 = VECTOR ( 'NONE', #1428, 1000.000000000000000 ) ;
#241 = DIRECTION ( 'NONE',  ( 4.231032868236114770E-18, -0.000000000000000000, -1.000000000000000000 ) ) ;
#242 = CIRCLE ( 'NONE', #1551, 2.749999999999974687 ) ;
#243 = EDGE_CURVE ( 'NONE', #1105, #1128, #1103, .T. ) ;
#244 = CARTESIAN_POINT ( 'NONE',  ( -1.326700699076298424E-15, 14.43375672974067569, -5.000000000000000888 ) ) ;
#245 = DIRECTION ( 'NONE',  ( -0.000000000000000000, -1.000000000000000000, -0.000000000000000000 ) ) ;
#246 = DIRECTION ( 'NONE',  ( 0.000000000000000000, 1.000000000000000000, 0.000000000000000000 ) ) ;
#247 = ORIENTED_EDGE ( 'NONE', *, *, #709, .T. ) ;
#248 = CARTESIAN_POINT ( 'NONE',  ( 410.0000000000000568, 20.00000000000000000, -4.999999999999999112 ) ) ;
#249 = ORIENTED_EDGE ( 'NONE', *, *, #534, .T. ) ;
#250 = UNCERTAINTY_MEASURE_WITH_UNIT (LENGTH_MEASURE( 1.000000000000000082E-05 ), #197, 'distance_accuracy_value', 'NONE');
#251 = PLANE ( 'NONE',  #761 ) ;
#252 = ORIENTED_EDGE ( 'NONE', *, *, #1749, .T. ) ;
#253 = DIRECTION ( 'NONE',  ( 0.000000000000000000, 1.000000000000000000, 0.000000000000000000 ) ) ;
#254 = CARTESIAN_POINT ( 'NONE',  ( 240.0000000000000284, 5.400000000000000355, -2.749999999998536282 ) ) ;
#255 = CARTESIAN_POINT ( 'NONE',  ( 100.0000000000000000, 0.000000000000000000, -2.749999999999506617 ) ) ;
#256 = ADVANCED_FACE ( 'NONE', ( #796 ), #251, .T. ) ;
#257 = CARTESIAN_POINT ( 'NONE',  ( 374.5000000000000000, 1.000000000000000888, -5.000000000000000888 ) ) ;
#258 = CARTESIAN_POINT ( 'NONE',  ( 102.7500000000000142, 5.400000000000000355, 4.888073874380389222E-13 ) ) ;
#259 = VERTEX_POINT ( 'NONE', #1874 ) ;
#260 = ORIENTED_EDGE ( 'NONE', *, *, #174, .F. ) ;
#261 = ORIENTED_EDGE ( 'NONE', *, *, #442, .T. ) ;
#262 = AXIS2_PLACEMENT_3D ( 'NONE', #1904, #775, #331 ) ;
#263 = DIRECTION ( 'NONE',  ( -1.000000000000000000, -0.000000000000000000, -4.231032868236114770E-18 ) ) ;
#264 = DIRECTION ( 'NONE',  ( 0.000000000000000000, 0.000000000000000000, -1.000000000000000000 ) ) ;
#265 = CYLINDRICAL_SURFACE ( 'NONE', #113, 5.000000000000004441 ) ;
#266 = ADVANCED_FACE ( 'NONE', ( #553 ), #1142, .T. ) ;
#267 = DIRECTION ( 'NONE',  ( -0.000000000000000000, -1.000000000000000000, -0.000000000000000000 ) ) ;
#268 = AXIS2_PLACEMENT_3D ( 'NONE', #83, #800, #1259 ) ;
#269 = ORIENTED_EDGE ( 'NONE', *, *, #1079, .T. ) ;
#270 = VERTEX_POINT ( 'NONE', #230 ) ;
#271 = DIRECTION ( 'NONE',  ( 0.000000000000000000, 0.000000000000000000, -1.000000000000000000 ) ) ;
#272 = CARTESIAN_POINT ( 'NONE',  ( 245.4999999999999716, -4.599999999999999645, 5.000000000000002665 ) ) ;
#273 = AXIS2_PLACEMENT_3D ( 'NONE', #207, #814, #1402 ) ;
#274 = CARTESIAN_POINT ( 'NONE',  ( 382.7500000000000000, 5.400000000000000355, 2.444036937190194207E-12 ) ) ;
#275 = VERTEX_POINT ( 'NONE', #343 ) ;
#276 = FACE_BOUND ( 'NONE', #890, .T. ) ;
#277 = EDGE_CURVE ( 'NONE', #1057, #712, #968, .T. ) ;
#278 = CARTESIAN_POINT ( 'NONE',  ( 380.0000000000000000, 0.000000000000000000, 2.750000000002418954 ) ) ;
#279 = ORIENTED_EDGE ( 'NONE', *, *, #174, .T. ) ;
#280 = ORIENTED_EDGE ( 'NONE', *, *, #998, .F. ) ;
#281 = EDGE_CURVE ( 'NONE', #1754, #296, #198, .T. ) ;
#282 = CARTESIAN_POINT ( 'NONE',  ( 32.75000000000000000, 5.400000000000000355, 5.546678239835239257E-29 ) ) ;
#283 = LINE ( 'NONE', #876, #333 ) ;
#284 = DIRECTION ( 'NONE',  ( -0.000000000000000000, -1.000000000000000000, -0.000000000000000000 ) ) ;
#285 = LINE ( 'NONE', #140, #1082 ) ;
#286 = PLANE ( 'NONE',  #87 ) ;
#287 = CARTESIAN_POINT ( 'NONE',  ( 410.0000000000000568, 14.43375672974067569, 5.000000000000000888 ) ) ;
#288 = EDGE_LOOP ( 'NONE', ( #1155, #1220, #1237, #1559 ) ) ;
#289 = EDGE_CURVE ( 'NONE', #1475, #660, #47, .T. ) ;
#290 = CARTESIAN_POINT ( 'NONE',  ( -1.326700699076298424E-15, 5.400000000000000355, -5.000000000000000888 ) ) ;
#291 = DIRECTION ( 'NONE',  ( 0.000000000000000000, 0.000000000000000000, -1.000000000000000000 ) ) ;
#292 = VECTOR ( 'NONE', #19, 1000.000000000000000 ) ;
#293 = ORIENTED_EDGE ( 'NONE', *, *, #1144, .F. ) ;
#294 = CARTESIAN_POINT ( 'NONE',  ( 100.0000000000000000, 20.00000000000000000, 2.750000000000484057 ) ) ;
#295 = LINE ( 'NONE', #710, #952 ) ;
#296 = VERTEX_POINT ( 'NONE', #1239 ) ;
#297 = VECTOR ( 'NONE', #1221, 1000.000000000000000 ) ;
#298 = VECTOR ( 'NONE', #410, 1000.000000000000000 ) ;
#299 = ORIENTED_EDGE ( 'NONE', *, *, #1726, .F. ) ;
#300 = FACE_OUTER_BOUND ( 'NONE', #1864, .T. ) ;
#301 = EDGE_CURVE ( 'NONE', #44, #318, #1829, .T. ) ;
#302 = EDGE_CURVE ( 'NONE', #1247, #1577, #827, .T. ) ;
#303 = ORIENTED_EDGE ( 'NONE', *, *, #1466, .F. ) ;
#304 = EDGE_CURVE ( 'NONE', #139, #1891, #581, .T. ) ;
#305 = DIRECTION ( 'NONE',  ( -1.000000000000000000, 0.000000000000000000, -4.231032868236114770E-18 ) ) ;
#306 = CIRCLE ( 'NONE', #1014, 5.000000000000000000 ) ;
#307 = DIRECTION ( 'NONE',  ( 0.000000000000000000, 1.000000000000000000, 0.000000000000000000 ) ) ;
#308 = PRODUCT_CONTEXT ( 'NONE', #1358, 'mechanical' ) ;
#309 = ORIENTED_EDGE ( 'NONE', *, *, #852, .F. ) ;
#310 = ORIENTED_EDGE ( 'NONE', *, *, #861, .T. ) ;
#311 = CARTESIAN_POINT ( 'NONE',  ( 100.0000000000000000, 5.400000000000000355, 2.750000000000490719 ) ) ;
#312 = VERTEX_POINT ( 'NONE', #746 ) ;
#313 = CARTESIAN_POINT ( 'NONE',  ( 170.0000000000000000, 5.400000000000000355, 9.776147748760776424E-13 ) ) ;
#314 = EDGE_CURVE ( 'NONE', #312, #143, #10, .T. ) ;
#315 = DIRECTION ( 'NONE',  ( 0.000000000000000000, 1.000000000000000000, 0.000000000000000000 ) ) ;
#316 = SHAPE_DEFINITION_REPRESENTATION ( #560, #73 ) ;
#317 = ORIENTED_EDGE ( 'NONE', *, *, #458, .F. ) ;
#318 = VERTEX_POINT ( 'NONE', #1187 ) ;
#319 = DIRECTION ( 'NONE',  ( 1.000000000000000000, 0.000000000000000000, 4.231032868236114770E-18 ) ) ;
#320 = CARTESIAN_POINT ( 'NONE',  ( 240.0000000000000284, 0.000000000000000000, 1.466422162314116363E-12 ) ) ;
#321 = CYLINDRICAL_SURFACE ( 'NONE', #1236, 2.749999999999995559 ) ;
#322 = EDGE_LOOP ( 'NONE', ( #1760, #1161 ) ) ;
#323 = PLANE ( 'NONE',  #735 ) ;
#324 = DIRECTION ( 'NONE',  ( 0.000000000000000000, -0.000000000000000000, 1.000000000000000000 ) ) ;
#325 = VECTOR ( 'NONE', #1177, 1000.000000000000000 ) ;
#326 = CARTESIAN_POINT ( 'NONE',  ( 94.50000000000000000, 5.400000000000000355, 5.000000000000000888 ) ) ;
#327 = EDGE_CURVE ( 'NONE', #1681, #96, #1566, .T. ) ;
#328 = ORIENTED_EDGE ( 'NONE', *, *, #1373, .F. ) ;
#329 = EDGE_LOOP ( 'NONE', ( #435, #769, #1602, #1502 ) ) ;
#330 = CARTESIAN_POINT ( 'NONE',  ( 30.00000000000000000, 20.00000000000000000, 5.546678239835239257E-29 ) ) ;
#331 = DIRECTION ( 'NONE',  ( 0.000000000000000000, 0.000000000000000000, -1.000000000000000000 ) ) ;
#332 = CIRCLE ( 'NONE', #1039, 2.749999999999974687 ) ;
#333 = VECTOR ( 'NONE', #1295, 1000.000000000000000 ) ;
#334 = VERTEX_POINT ( 'NONE', #1487 ) ;
#335 = FACE_OUTER_BOUND ( 'NONE', #721, .T. ) ;
#336 = LINE ( 'NONE', #516, #1044 ) ;
#337 = CARTESIAN_POINT ( 'NONE',  ( 30.00000000000000000, 20.00000000000000000, 5.546678239835239257E-29 ) ) ;
#338 = AXIS2_PLACEMENT_3D ( 'NONE', #330, #1607, #1747 ) ;
#339 = ORIENTED_EDGE ( 'NONE', *, *, #453, .T. ) ;
#340 = EDGE_CURVE ( 'NONE', #183, #1355, #1149, .T. ) ;
#341 = EDGE_LOOP ( 'NONE', ( #1557, #992, #946, #299 ) ) ;
#342 = DIRECTION ( 'NONE',  ( 0.000000000000000000, 1.000000000000000000, 0.000000000000000000 ) ) ;
#343 = CARTESIAN_POINT ( 'NONE',  ( -1.326700699076298424E-15, 17.32050807568881368, 5.000000000000000888 ) ) ;
#344 = ORIENTED_EDGE ( 'NONE', *, *, #987, .T. ) ;
#345 = LINE ( 'NONE', #943, #807 ) ;
#346 = DIRECTION ( 'NONE',  ( -1.000000000000000000, 2.775557561562888984E-15, 0.000000000000000000 ) ) ;
#347 = LINE ( 'NONE', #781, #1690 ) ;
#348 = ORIENTED_EDGE ( 'NONE', *, *, #1798, .T. ) ;
#349 = PRODUCT_DEFINITION ( 'UNKNOWN', '', #1389, #580 ) ;
#350 = DIRECTION ( 'NONE',  ( 1.000000000000000000, 0.000000000000000000, 0.000000000000000000 ) ) ;
#351 = EDGE_CURVE ( 'NONE', #1420, #223, #1299, .T. ) ;
#352 = VERTEX_POINT ( 'NONE', #1774 ) ;
#353 = FACE_OUTER_BOUND ( 'NONE', #1059, .T. ) ;
#354 = PLANE ( 'NONE',  #1762 ) ;
#355 = CARTESIAN_POINT ( 'NONE',  ( 0.000000000000000000, 0.000000000000000000, 0.000000000000000000 ) ) ;
#356 = AXIS2_PLACEMENT_3D ( 'NONE', #792, #162, #1212 ) ;
#357 = DIRECTION ( 'NONE',  ( 0.000000000000000000, 0.000000000000000000, -1.000000000000000000 ) ) ;
#358 = EDGE_CURVE ( 'NONE', #690, #1780, #397, .T. ) ;
#359 = ADVANCED_FACE ( 'NONE', ( #1752, #863 ), #873, .F. ) ;
#360 = CIRCLE ( 'NONE', #85, 2.750000000000002665 ) ;
#361 = ORIENTED_EDGE ( 'NONE', *, *, #1373, .T. ) ;
#362 = LINE ( 'NONE', #958, #808 ) ;
#363 = DIRECTION ( 'NONE',  ( -1.000000000000000000, 0.000000000000000000, -4.231032868236114770E-18 ) ) ;
#364 = VECTOR ( 'NONE', #1038, 1000.000000000000000 ) ;
#365 = EDGE_CURVE ( 'NONE', #169, #1754, #881, .T. ) ;
#366 = LINE ( 'NONE', #818, #1200 ) ;
#367 = ORIENTED_EDGE ( 'NONE', *, *, #1906, .T. ) ;
#368 = CARTESIAN_POINT ( 'NONE',  ( 14.48667160128382392, 6.069872981077796048, -5.000000000000000888 ) ) ;
#369 = ORIENTED_EDGE ( 'NONE', *, *, #812, .F. ) ;
#370 = DIRECTION ( 'NONE',  ( 0.000000000000000000, 0.000000000000000000, -1.000000000000000000 ) ) ;
#371 = FACE_OUTER_BOUND ( 'NONE', #1804, .T. ) ;
#372 = EDGE_LOOP ( 'NONE', ( #1590, #519, #559, #1630 ) ) ;
#373 = CARTESIAN_POINT ( 'NONE',  ( 407.5000000000000568, 12.99038105676661381, 5.000000000000000888 ) ) ;
#374 = DIRECTION ( 'NONE',  ( 1.000000000000000000, 0.000000000000000000, 0.000000000000000000 ) ) ;
#375 = EDGE_LOOP ( 'NONE', ( #1656, #1889, #1794, #218 ) ) ;
#376 = CARTESIAN_POINT ( 'NONE',  ( 105.4999999999999858, -4.599999999999999645, -4.999999999999999112 ) ) ;
#377 = DIRECTION ( 'NONE',  ( 0.000000000000000000, 0.000000000000000000, -1.000000000000000000 ) ) ;
#378 = ORIENTED_EDGE ( 'NONE', *, *, #874, .F. ) ;
#379 = EDGE_CURVE ( 'NONE', #352, #691, #112, .T. ) ;
#380 = DIRECTION ( 'NONE',  ( 0.000000000000000000, 0.000000000000000000, -1.000000000000000000 ) ) ;
#381 = VECTOR ( 'NONE', #1654, 1000.000000000000000 ) ;
#382 = AXIS2_PLACEMENT_3D ( 'NONE', #888, #1467, #167 ) ;
#383 = FACE_OUTER_BOUND ( 'NONE', #749, .T. ) ;
#384 = FACE_OUTER_BOUND ( 'NONE', #1814, .T. ) ;
#385 = DIRECTION ( 'NONE',  ( 0.000000000000000000, -0.7071067811865474617, 0.7071067811865474617 ) ) ;
#386 = VECTOR ( 'NONE', #483, 1000.000000000000000 ) ;
#387 = ORIENTED_EDGE ( 'NONE', *, *, #1371, .F. ) ;
#388 = DIRECTION ( 'NONE',  ( -1.000000000000000000, 0.000000000000000000, -0.000000000000000000 ) ) ;
#389 = CIRCLE ( 'NONE', #454, 2.749999999999974687 ) ;
#390 = CARTESIAN_POINT ( 'NONE',  ( 16.98667160128380971, 5.400000000000000355, -5.000000000000000888 ) ) ;
#391 = FILL_AREA_STYLE_COLOUR ( '', #1852 ) ;
#392 = EDGE_CURVE ( 'NONE', #1475, #1056, #295, .T. ) ;
#393 = DIRECTION ( 'NONE',  ( 0.000000000000000000, -0.000000000000000000, 1.000000000000000000 ) ) ;
#394 = CARTESIAN_POINT ( 'NONE',  ( 94.50000000000000000, 1.000000000000000888, -5.000000000000000888 ) ) ;
#395 = ORIENTED_EDGE ( 'NONE', *, *, #613, .F. ) ;
#396 = CARTESIAN_POINT ( 'NONE',  ( 304.5000000000000000, 1.000000000000000888, -4.999999999999999112 ) ) ;
#397 = LINE ( 'NONE', #1332, #1597 ) ;
#398 = ORIENTED_EDGE ( 'NONE', *, *, #1414, .T. ) ;
#399 = ORIENTED_EDGE ( 'NONE', *, *, #811, .F. ) ;
#400 = ORIENTED_EDGE ( 'NONE', *, *, #939, .T. ) ;
#401 = EDGE_CURVE ( 'NONE', #334, #1577, #1612, .T. ) ;
#402 = CARTESIAN_POINT ( 'NONE',  ( 410.0000000000000568, 20.00000000000000000, 4.000000000000000000 ) ) ;
#403 = FACE_BOUND ( 'NONE', #1483, .T. ) ;
#404 = DIRECTION ( 'NONE',  ( 0.000000000000000000, 0.000000000000000000, -1.000000000000000000 ) ) ;
#405 = VERTEX_POINT ( 'NONE', #1454 ) ;
#406 = ORIENTED_EDGE ( 'NONE', *, *, #1458, .T. ) ;
#407 = AXIS2_PLACEMENT_3D ( 'NONE', #730, #469, #1663 ) ;
#408 = VECTOR ( 'NONE', #1000, 999.9999999999998863 ) ;
#409 = ORIENTED_EDGE ( 'NONE', *, *, #513, .T. ) ;
#410 = DIRECTION ( 'NONE',  ( 0.000000000000000000, 0.000000000000000000, -1.000000000000000000 ) ) ;
#411 = DIRECTION ( 'NONE',  ( 0.000000000000000000, 0.000000000000000000, 1.000000000000000000 ) ) ;
#412 = EDGE_CURVE ( 'NONE', #1661, #1809, #122, .T. ) ;
#413 = CARTESIAN_POINT ( 'NONE',  ( 233.4999999999999716, 0.000000000000000000, -5.000000000000000000 ) ) ;
#414 = DIRECTION ( 'NONE',  ( 0.000000000000000000, 0.000000000000000000, -1.000000000000000000 ) ) ;
#415 = EDGE_CURVE ( 'NONE', #1117, #169, #1620, .T. ) ;
#416 = DIRECTION ( 'NONE',  ( 0.000000000000000000, -0.000000000000000000, 1.000000000000000000 ) ) ;
#417 = VECTOR ( 'NONE', #104, 1000.000000000000000 ) ;
#418 = VECTOR ( 'NONE', #1248, 1000.000000000000000 ) ;
#419 = VERTEX_POINT ( 'NONE', #130 ) ;
#420 = ORIENTED_EDGE ( 'NONE', *, *, #1189, .T. ) ;
#421 = CARTESIAN_POINT ( 'NONE',  ( 164.4999999999999716, -4.599999999999999645, -5.000000000000000888 ) ) ;
#422 = DIRECTION ( 'NONE',  ( 0.000000000000000000, 0.000000000000000000, 1.000000000000000000 ) ) ;
#423 = MECHANICAL_DESIGN_GEOMETRIC_PRESENTATION_REPRESENTATION (  '', ( #150 ), #1730 ) ;
#424 = DIRECTION ( 'NONE',  ( 0.000000000000000000, 1.000000000000000000, 0.000000000000000000 ) ) ;
#425 = ORIENTED_EDGE ( 'NONE', *, *, #1293, .F. ) ;
#426 = CARTESIAN_POINT ( 'NONE',  ( 0.000000000000000000, 20.00000000000000000, 4.000000000000000000 ) ) ;
#427 = CARTESIAN_POINT ( 'NONE',  ( -1.326700699076298424E-15, 0.000000000000000000, -5.000000000000000888 ) ) ;
#428 = CARTESIAN_POINT ( 'NONE',  ( 105.4999999999999858, 1.000000000000000888, 5.000000000000002665 ) ) ;
#429 = EDGE_CURVE ( 'NONE', #908, #1013, #1473, .T. ) ;
#430 = ORIENTED_EDGE ( 'NONE', *, *, #1152, .F. ) ;
#431 = ORIENTED_EDGE ( 'NONE', *, *, #39, .T. ) ;
#432 = VERTEX_POINT ( 'NONE', #175 ) ;
#433 = CARTESIAN_POINT ( 'NONE',  ( 0.000000000000000000, 0.000000000000000000, 0.000000000000000000 ) ) ;
#434 = DIRECTION ( 'NONE',  ( -0.000000000000000000, -1.000000000000000000, -0.000000000000000000 ) ) ;
#435 = ORIENTED_EDGE ( 'NONE', *, *, #340, .F. ) ;
#436 = FILL_AREA_STYLE ('',( #172 ) ) ;
#437 = DIRECTION ( 'NONE',  ( -0.7071067811865474617, -0.7071067811865474617, -2.991792032552925148E-18 ) ) ;
#438 = ORIENTED_EDGE ( 'NONE', *, *, #351, .F. ) ;
#439 = EDGE_CURVE ( 'NONE', #878, #75, #1384, .T. ) ;
#440 = EDGE_CURVE ( 'NONE', #1180, #75, #347, .T. ) ;
#441 = VERTEX_POINT ( 'NONE', #1223 ) ;
#442 = EDGE_CURVE ( 'NONE', #924, #1785, #803, .T. ) ;
#443 = DIRECTION ( 'NONE',  ( 0.7071067811865475727, -0.7071067811865475727, 0.000000000000000000 ) ) ;
#444 = PLANE ( 'NONE',  #676 ) ;
#445 = AXIS2_PLACEMENT_3D ( 'NONE', #608, #1340, #475 ) ;
#446 = ORIENTED_EDGE ( 'NONE', *, *, #839, .F. ) ;
#447 = LINE ( 'NONE', #1363, #1134 ) ;
#448 = CARTESIAN_POINT ( 'NONE',  ( 304.5000000000000000, 5.400000000000000355, 5.000000000000000888 ) ) ;
#449 = PRESENTATION_STYLE_ASSIGNMENT (( #1488 ) ) ;
#450 = ORIENTED_EDGE ( 'NONE', *, *, #1773, .T. ) ;
#451 = VECTOR ( 'NONE', #532, 1000.000000000000000 ) ;
#452 = ORIENTED_EDGE ( 'NONE', *, *, #1836, .T. ) ;
#453 = EDGE_CURVE ( 'NONE', #143, #1531, #1516, .T. ) ;
#454 = AXIS2_PLACEMENT_3D ( 'NONE', #615, #1327, #1479 ) ;
#455 = AXIS2_PLACEMENT_3D ( 'NONE', #51, #185, #61 ) ;
#456 = DIRECTION ( 'NONE',  ( -0.7071067811865475727, -0.7071067811865475727, -0.000000000000000000 ) ) ;
#457 = DIRECTION ( 'NONE',  ( 1.000000000000000000, 0.000000000000000000, 0.000000000000000000 ) ) ;
#458 = EDGE_CURVE ( 'NONE', #1809, #312, #640, .T. ) ;
#459 = AXIS2_PLACEMENT_3D ( 'NONE', #1679, #649, #346 ) ;
#460 = ORIENTED_EDGE ( 'NONE', *, *, #1613, .T. ) ;
#461 = DIRECTION ( 'NONE',  ( 0.000000000000000000, 0.000000000000000000, 1.000000000000000000 ) ) ;
#462 = VECTOR ( 'NONE', #917, 1000.000000000000000 ) ;
#463 = LINE ( 'NONE', #910, #1167 ) ;
#464 = LINE ( 'NONE', #52, #853 ) ;
#465 = SURFACE_STYLE_FILL_AREA ( #1735 ) ;
#466 = EDGE_LOOP ( 'NONE', ( #40, #1697, #200, #1337 ) ) ;
#467 = ORIENTED_EDGE ( 'NONE', *, *, #1873, .T. ) ;
#468 = DIRECTION ( 'NONE',  ( 0.000000000000000000, 0.000000000000000000, 1.000000000000000000 ) ) ;
#469 = DIRECTION ( 'NONE',  ( -1.000000000000000000, 0.000000000000000000, 0.000000000000000000 ) ) ;
#470 = CYLINDRICAL_SURFACE ( 'NONE', #115, 2.749999999999974687 ) ;
#471 = ADVANCED_FACE ( 'NONE', ( #499 ), #1233, .F. ) ;
#472 = VERTEX_POINT ( 'NONE', #326 ) ;
#473 = LINE ( 'NONE', #1037, #859 ) ;
#474 = FACE_OUTER_BOUND ( 'NONE', #680, .T. ) ;
#475 = DIRECTION ( 'NONE',  ( 0.000000000000000000, 0.000000000000000000, -1.000000000000000000 ) ) ;
#476 = ORIENTED_EDGE ( 'NONE', *, *, #1672, .T. ) ;
#477 = ORIENTED_EDGE ( 'NONE', *, *, #358, .F. ) ;
#478 = CARTESIAN_POINT ( 'NONE',  ( -1.326700699076298424E-15, 14.43375672974067569, -5.000000000000000888 ) ) ;
#479 = PLANE ( 'NONE',  #1071 ) ;
#480 = FACE_OUTER_BOUND ( 'NONE', #1251, .T. ) ;
#481 = ORIENTED_EDGE ( 'NONE', *, *, #1189, .F. ) ;
#482 = AXIS2_PLACEMENT_3D ( 'NONE', #907, #155, #1623 ) ;
#483 = DIRECTION ( 'NONE',  ( -1.000000000000000000, -0.000000000000000000, -4.231032868236114770E-18 ) ) ;
#484 = LINE ( 'NONE', #817, #774 ) ;
#485 = EDGE_CURVE ( 'NONE', #980, #229, #630, .T. ) ;
#486 = AXIS2_PLACEMENT_3D ( 'NONE', #493, #1425, #1133 ) ;
#487 = CARTESIAN_POINT ( 'NONE',  ( 380.0000000000000000, 20.00000000000000000, 2.444036937190194207E-12 ) ) ;
#488 = EDGE_CURVE ( 'NONE', #1529, #1180, #1680, .T. ) ;
#489 = ORIENTED_EDGE ( 'NONE', *, *, #709, .F. ) ;
#490 = EDGE_LOOP ( 'NONE', ( #854, #1518, #399, #3 ) ) ;
#491 = LINE ( 'NONE', #1673, #65 ) ;
#492 = AXIS2_PLACEMENT_3D ( 'NONE', #677, #1569, #1833 ) ;
#493 = CARTESIAN_POINT ( 'NONE',  ( 30.00000000000000000, 0.000000000000000000, 5.546678239835239257E-29 ) ) ;
#494 = VECTOR ( 'NONE', #245, 1000.000000000000000 ) ;
#495 = VECTOR ( 'NONE', #1709, 1000.000000000000114 ) ;
#496 = ORIENTED_EDGE ( 'NONE', *, *, #788, .F. ) ;
#497 = DIRECTION ( 'NONE',  ( -0.000000000000000000, 0.000000000000000000, 1.000000000000000000 ) ) ;
#498 = DIRECTION ( 'NONE',  ( -1.000000000000000000, -0.000000000000000000, -4.231032868236114770E-18 ) ) ;
#499 = FACE_OUTER_BOUND ( 'NONE', #696, .T. ) ;
#500 = AXIS2_PLACEMENT_3D ( 'NONE', #274, #1461, #870 ) ;
#501 = ORIENTED_EDGE ( 'NONE', *, *, #64, .T. ) ;
#502 = VERTEX_POINT ( 'NONE', #1066 ) ;
#503 = EDGE_CURVE ( 'NONE', #139, #673, #1365, .T. ) ;
#504 = DIRECTION ( 'NONE',  ( -1.000000000000000000, 0.000000000000000000, 0.000000000000000000 ) ) ;
#505 = ORIENTED_EDGE ( 'NONE', *, *, #1190, .T. ) ;
#506 = CARTESIAN_POINT ( 'NONE',  ( 35.50000000000000000, 1.000000000000000888, 5.000000000000002665 ) ) ;
#507 = LINE ( 'NONE', #31, #1486 ) ;
#508 = PLANE ( 'NONE',  #582 ) ;
#509 = ORIENTED_EDGE ( 'NONE', *, *, #277, .T. ) ;
#510 = FACE_OUTER_BOUND ( 'NONE', #832, .T. ) ;
#511 = EDGE_CURVE ( 'NONE', #813, #673, #651, .T. ) ;
#512 = EDGE_CURVE ( 'NONE', #1547, #1309, #1659, .T. ) ;
#513 = EDGE_CURVE ( 'NONE', #1310, #188, #206, .T. ) ;
#514 = ORIENTED_EDGE ( 'NONE', *, *, #911, .T. ) ;
#515 = FACE_OUTER_BOUND ( 'NONE', #793, .T. ) ;
#516 = CARTESIAN_POINT ( 'NONE',  ( 2.500000000000007994, 12.99038105676661381, -5.000000000000000888 ) ) ;
#517 = AXIS2_PLACEMENT_3D ( 'NONE', #282, #253, #1278 ) ;
#518 = DIRECTION ( 'NONE',  ( 1.000000000000000000, -0.000000000000000000, 0.000000000000000000 ) ) ;
#519 = ORIENTED_EDGE ( 'NONE', *, *, #998, .T. ) ;
#520 = AXIS2_PLACEMENT_3D ( 'NONE', #1086, #1676, #380 ) ;
#521 = CARTESIAN_POINT ( 'NONE',  ( 310.0000000000000568, 0.000000000000000000, 2.750000000001929568 ) ) ;
#522 = ADVANCED_FACE ( 'NONE', ( #1351, #1497 ), #186, .F. ) ;
#523 = VECTOR ( 'NONE', #1118, 1000.000000000000000 ) ;
#524 = ORIENTED_EDGE ( 'NONE', *, *, #635, .T. ) ;
#525 = EDGE_CURVE ( 'NONE', #738, #983, #700, .T. ) ;
#526 = CARTESIAN_POINT ( 'NONE',  ( 105.4999999999999858, -4.599999999999999645, 5.000000000000002665 ) ) ;
#527 = LINE ( 'NONE', #1097, #925 ) ;
#528 = ORIENTED_EDGE ( 'NONE', *, *, #742, .F. ) ;
#529 = CARTESIAN_POINT ( 'NONE',  ( 410.0000000000000568, 20.00000000000000000, 5.000000000000000888 ) ) ;
#530 = AXIS2_PLACEMENT_3D ( 'NONE', #828, #938, #357 ) ;
#531 = ORIENTED_EDGE ( 'NONE', *, *, #990, .T. ) ;
#532 = DIRECTION ( 'NONE',  ( -1.000000000000000000, 0.000000000000000000, -4.231032868236114770E-18 ) ) ;
#533 = DIRECTION ( 'NONE',  ( 0.000000000000000000, -0.000000000000000000, 1.000000000000000000 ) ) ;
#534 = EDGE_CURVE ( 'NONE', #1528, #1160, #464, .T. ) ;
#535 = DIRECTION ( 'NONE',  ( -0.7071067811865475727, -0.7071067811865475727, -0.000000000000000000 ) ) ;
#536 = ORIENTED_EDGE ( 'NONE', *, *, #503, .F. ) ;
#537 = DIRECTION ( 'NONE',  ( -0.000000000000000000, 0.000000000000000000, 1.000000000000000000 ) ) ;
#538 = LINE ( 'NONE', #1842, #1451 ) ;
#539 = ORIENTED_EDGE ( 'NONE', *, *, #1052, .T. ) ;
#540 = CARTESIAN_POINT ( 'NONE',  ( 100.0000000000000000, 0.000000000000000000, 2.750000000000484057 ) ) ;
#541 = LINE ( 'NONE', #1881, #1418 ) ;
#542 = CARTESIAN_POINT ( 'NONE',  ( 164.4999999999999716, 5.400000000000000355, 5.000000000000000888 ) ) ;
#543 = EDGE_CURVE ( 'NONE', #1459, #1188, #1849, .T. ) ;
#544 = CARTESIAN_POINT ( 'NONE',  ( 393.0133283987162258, 10.40000000000000036, -4.999999999999999112 ) ) ;
#545 = ADVANCED_FACE ( 'NONE', ( #1504 ), #619, .T. ) ;
#546 = VECTOR ( 'NONE', #1642, 1000.000000000000000 ) ;
#547 = DIRECTION ( 'NONE',  ( 0.000000000000000000, 0.000000000000000000, 1.000000000000000000 ) ) ;
#548 = PLANE ( 'NONE',  #771 ) ;
#549 = LINE ( 'NONE', #109, #1792 ) ;
#550 = VECTOR ( 'NONE', #1470, 1000.000000000000000 ) ;
#551 = DIRECTION ( 'NONE',  ( 0.000000000000000000, 0.000000000000000000, 1.000000000000000000 ) ) ;
#552 = AXIS2_PLACEMENT_3D ( 'NONE', #597, #1186, #1307 ) ;
#553 = FACE_OUTER_BOUND ( 'NONE', #341, .T. ) ;
#554 = VECTOR ( 'NONE', #1587, 1000.000000000000000 ) ;
#555 = EDGE_CURVE ( 'NONE', #183, #1002, #978, .T. ) ;
#556 = EDGE_LOOP ( 'NONE', ( #804, #165, #1507, #77 ) ) ;
#557 = LINE ( 'NONE', #1887, #1386 ) ;
#558 = CARTESIAN_POINT ( 'NONE',  ( 245.4999999999999716, 5.400000000000000355, -4.999999999999999112 ) ) ;
#559 = ORIENTED_EDGE ( 'NONE', *, *, #1008, .T. ) ;
#560 = PRODUCT_DEFINITION_SHAPE ( 'NONE', 'NONE',  #349 ) ;
#561 = CARTESIAN_POINT ( 'NONE',  ( -1.326700699076298424E-15, 20.00000000000000000, -5.000000000000000888 ) ) ;
#562 = DIRECTION ( 'NONE',  ( 1.000000000000000000, -0.000000000000000000, 0.000000000000000000 ) ) ;
#563 = VERTEX_POINT ( 'NONE', #1857 ) ;
#564 = EDGE_CURVE ( 'NONE', #1002, #183, #332, .T. ) ;
#565 = ADVANCED_FACE ( 'NONE', ( #823 ), #1582, .F. ) ;
#566 = CARTESIAN_POINT ( 'NONE',  ( 410.0000000000000568, 19.00000000000000000, 5.000000000000000888 ) ) ;
#567 = CARTESIAN_POINT ( 'NONE',  ( 30.00000000000000000, 20.00000000000000000, 2.749999999999999112 ) ) ;
#568 = ADVANCED_FACE ( 'NONE', ( #371 ), #659, .F. ) ;
#569 = CARTESIAN_POINT ( 'NONE',  ( 310.0000000000000568, 5.400000000000000355, 1.955229549752155285E-12 ) ) ;
#570 = ORIENTED_EDGE ( 'NONE', *, *, #1331, .F. ) ;
#571 = DIRECTION ( 'NONE',  ( 0.000000000000000000, -0.7071067811865474617, -0.7071067811865474617 ) ) ;
#572 = CARTESIAN_POINT ( 'NONE',  ( 100.0000000000000000, 5.400000000000000355, 4.888073874380389222E-13 ) ) ;
#573 = APPLICATION_PROTOCOL_DEFINITION ( 'draft international standard', 'automotive_design', 1998, #1358 ) ;
#574 = VECTOR ( 'NONE', #1326, 1000.000000000000000 ) ;
#575 = FACE_OUTER_BOUND ( 'NONE', #1732, .T. ) ;
#576 = CARTESIAN_POINT ( 'NONE',  ( -1.326700699076298424E-15, 0.000000000000000000, 5.000000000000000888 ) ) ;
#577 = DIRECTION ( 'NONE',  ( 0.000000000000000000, 0.000000000000000000, -1.000000000000000000 ) ) ;
#578 = DIRECTION ( 'NONE',  ( 0.000000000000000000, -0.000000000000000000, 1.000000000000000000 ) ) ;
#579 = DIRECTION ( 'NONE',  ( 0.000000000000000000, 0.000000000000000000, -1.000000000000000000 ) ) ;
#580 = PRODUCT_DEFINITION_CONTEXT ( 'detailed design', #157, 'design' ) ;
#581 = LINE ( 'NONE', #994, #1815 ) ;
#582 = AXIS2_PLACEMENT_3D ( 'NONE', #355, #1261, #953 ) ;
#583 = VECTOR ( 'NONE', #1146, 1000.000000000000000 ) ;
#584 = EDGE_LOOP ( 'NONE', ( #176, #400, #35, #1051 ) ) ;
#585 = PLANE ( 'NONE',  #603 ) ;
#586 = PLANE ( 'NONE',  #1822 ) ;
#587 = VECTOR ( 'NONE', #1521, 1000.000000000000114 ) ;
#588 = FACE_BOUND ( 'NONE', #1244, .T. ) ;
#589 = EDGE_CURVE ( 'NONE', #59, #71, #1268, .T. ) ;
#590 = VERTEX_POINT ( 'NONE', #542 ) ;
#591 = ORIENTED_EDGE ( 'NONE', *, *, #671, .T. ) ;
#592 = ORIENTED_EDGE ( 'NONE', *, *, #1596, .F. ) ;
#593 = PLANE ( 'NONE',  #1508 ) ;
#594 = DIRECTION ( 'NONE',  ( -0.000000000000000000, -1.000000000000000000, -0.000000000000000000 ) ) ;
#595 = EDGE_LOOP ( 'NONE', ( #425, #91, #1499, #616 ) ) ;
#596 = DIRECTION ( 'NONE',  ( -0.000000000000000000, -1.000000000000000000, -0.000000000000000000 ) ) ;
#597 = CARTESIAN_POINT ( 'NONE',  ( 304.5000000000000000, -4.599999999999999645, 5.000000000000000888 ) ) ;
#598 = EDGE_LOOP ( 'NONE', ( #1713, #866, #7, #1184 ) ) ;
#599 = ORIENTED_EDGE ( 'NONE', *, *, #1065, .T. ) ;
#600 = ADVANCED_FACE ( 'NONE', ( #1865 ), #95, .T. ) ;
#601 = CYLINDRICAL_SURFACE ( 'NONE', #1896, 2.750000000000002665 ) ;
#602 = CARTESIAN_POINT ( 'NONE',  ( 0.000000000000000000, 0.000000000000000000, 0.000000000000000000 ) ) ;
#603 = AXIS2_PLACEMENT_3D ( 'NONE', #750, #456, #740 ) ;
#604 = VECTOR ( 'NONE', #720, 1000.000000000000000 ) ;
#605 = ORIENTED_EDGE ( 'NONE', *, *, #1065, .F. ) ;
#606 = CARTESIAN_POINT ( 'NONE',  ( 315.4999999999999432, -4.599999999999999645, 5.000000000000002665 ) ) ;
#607 = CARTESIAN_POINT ( 'NONE',  ( -1.326700699076298424E-15, 5.400000000000000355, 5.000000000000000888 ) ) ;
#608 = CARTESIAN_POINT ( 'NONE',  ( 170.0000000000000000, 0.000000000000000000, 9.776147748760776424E-13 ) ) ;
#609 = ORIENTED_EDGE ( 'NONE', *, *, #969, .T. ) ;
#610 = VECTOR ( 'NONE', #1872, 1000.000000000000114 ) ;
#611 = EDGE_LOOP ( 'NONE', ( #1042, #1368, #915, #431 ) ) ;
#612 = DIRECTION ( 'NONE',  ( -0.7071067811865474617, -0.7071067811865474617, -2.991792032552925148E-18 ) ) ;
#613 = EDGE_CURVE ( 'NONE', #712, #1062, #1400, .T. ) ;
#614 = LINE ( 'NONE', #1571, #1345 ) ;
#615 = CARTESIAN_POINT ( 'NONE',  ( 380.0000000000000000, 5.400000000000000355, 2.444036937190194207E-12 ) ) ;
#616 = ORIENTED_EDGE ( 'NONE', *, *, #429, .T. ) ;
#617 = FACE_OUTER_BOUND ( 'NONE', #196, .T. ) ;
#618 = DIRECTION ( 'NONE',  ( 0.000000000000000000, 1.000000000000000000, 0.000000000000000000 ) ) ;
#619 = PLANE ( 'NONE',  #643 ) ;
#620 = EDGE_LOOP ( 'NONE', ( #1377, #1835 ) ) ;
#621 = ORIENTED_EDGE ( 'NONE', *, *, #458, .T. ) ;
#622 = LINE ( 'NONE', #1206, #1522 ) ;
#623 = CARTESIAN_POINT ( 'NONE',  ( 100.0000000000000000, 20.00000000000000000, 4.888073874380389222E-13 ) ) ;
#624 = ADVANCED_FACE ( 'NONE', ( #1120 ), #1407, .F. ) ;
#625 = DIRECTION ( 'NONE',  ( 0.000000000000000000, 0.000000000000000000, -1.000000000000000000 ) ) ;
#626 = ORIENTED_EDGE ( 'NONE', *, *, #511, .F. ) ;
#627 = ADVANCED_FACE ( 'NONE', ( #1561 ), #1711, .F. ) ;
#628 = PLANE ( 'NONE',  #268 ) ;
#629 = CYLINDRICAL_SURFACE ( 'NONE', #1550, 2.750000000000002665 ) ;
#630 = LINE ( 'NONE', #1823, #1717 ) ;
#631 = ORIENTED_EDGE ( 'NONE', *, *, #812, .T. ) ;
#632 = ORIENTED_EDGE ( 'NONE', *, *, #525, .F. ) ;
#633 = CYLINDRICAL_SURFACE ( 'NONE', #1611, 2.749999999999995559 ) ;
#634 = CARTESIAN_POINT ( 'NONE',  ( -1.326700699076298424E-15, 0.000000000000000000, 5.000000000000000888 ) ) ;
#635 = EDGE_CURVE ( 'NONE', #1160, #980, #214, .T. ) ;
#636 = ORIENTED_EDGE ( 'NONE', *, *, #302, .F. ) ;
#637 = DIRECTION ( 'NONE',  ( -0.000000000000000000, -1.000000000000000000, -0.000000000000000000 ) ) ;
#638 = LINE ( 'NONE', #1249, #1356 ) ;
#639 = EDGE_CURVE ( 'NONE', #1355, #405, #1385, .T. ) ;
#640 = LINE ( 'NONE', #194, #1229 ) ;
#641 = ORIENTED_EDGE ( 'NONE', *, *, #635, .F. ) ;
#642 = EDGE_LOOP ( 'NONE', ( #54, #132, #158, #599, #489, #1799 ) ) ;
#643 = AXIS2_PLACEMENT_3D ( 'NONE', #43, #1527, #1812 ) ;
#644 = CARTESIAN_POINT ( 'NONE',  ( 16.98667160128380971, 10.40000000000000036, -5.000000000000000888 ) ) ;
#645 =( GEOMETRIC_REPRESENTATION_CONTEXT ( 3 ) GLOBAL_UNCERTAINTY_ASSIGNED_CONTEXT ( ( #1123 ) ) GLOBAL_UNIT_ASSIGNED_CONTEXT ( ( #1020, #1176, #141 ) ) REPRESENTATION_CONTEXT ( 'NONE', 'WORKASPACE' ) );
#646 = ORIENTED_EDGE ( 'NONE', *, *, #785, .F. ) ;
#647 = CARTESIAN_POINT ( 'NONE',  ( 100.0000000000000000, 20.00000000000000000, -2.749999999999506617 ) ) ;
#648 = AXIS2_PLACEMENT_3D ( 'NONE', #1406, #982, #264 ) ;
#649 = DIRECTION ( 'NONE',  ( -0.000000000000000000, -0.000000000000000000, 1.000000000000000000 ) ) ;
#650 = AXIS2_PLACEMENT_3D ( 'NONE', #670, #1246, #350 ) ;
#651 = LINE ( 'NONE', #1782, #1381 ) ;
#652 = EDGE_CURVE ( 'NONE', #472, #441, #527, .T. ) ;
#653 = ADVANCED_FACE ( 'NONE', ( #1243 ), #508, .F. ) ;
#654 = ORIENTED_EDGE ( 'NONE', *, *, #92, .F. ) ;
#655 = EDGE_CURVE ( 'NONE', #82, #1536, #1392, .T. ) ;
#656 = LINE ( 'NONE', #521, #1421 ) ;
#657 = EDGE_LOOP ( 'NONE', ( #960, #1632, #1401, #344 ) ) ;
#658 = CARTESIAN_POINT ( 'NONE',  ( -1.326700699076298424E-15, 0.000000000000000000, -5.000000000000000888 ) ) ;
#659 = PLANE ( 'NONE',  #28 ) ;
#660 = VERTEX_POINT ( 'NONE', #1848 ) ;
#661 = CARTESIAN_POINT ( 'NONE',  ( 105.4999999999999858, 1.000000000000000888, -4.999999999999999112 ) ) ;
#662 = ORIENTED_EDGE ( 'NONE', *, *, #327, .T. ) ;
#663 = CARTESIAN_POINT ( 'NONE',  ( 380.0000000000000000, 20.00000000000000000, -2.749999999997530420 ) ) ;
#664 = CARTESIAN_POINT ( 'NONE',  ( 374.5000000000000000, -4.599999999999999645, 5.000000000000000888 ) ) ;
#665 = CLOSED_SHELL ( 'NONE', ( #221, #1219, #471, #565, #199, #1256, #114, #653, #1032, #1253, #1539, #627, #1737, #25, #1132, #1208, #568, #698, #1764, #1844, #522, #1245, #1866, #101, #1800, #1453, #359, #1715, #22, #624, #1164, #124, #977, #885, #72, #11, #1131, #1395, #912, #1254, #1863, #731, #102, #266, #1885, #1048, #160, #80, #927, #1595, #256, #1284, #545, #1302, #600, #830 ) ) ;
#666 = CARTESIAN_POINT ( 'NONE',  ( 380.0000000000000000, 5.400000000000000355, 2.444036937190194207E-12 ) ) ;
#667 = AXIS2_PLACEMENT_3D ( 'NONE', #644, #692, #1410 ) ;
#668 = ORIENTED_EDGE ( 'NONE', *, *, #1478, .T. ) ;
#669 = ORIENTED_EDGE ( 'NONE', *, *, #1740, .F. ) ;
#670 = CARTESIAN_POINT ( 'NONE',  ( 4.999999999999998224, 17.32050807568881368, -5.000000000000000888 ) ) ;
#671 = EDGE_CURVE ( 'NONE', #1018, #1128, #220, .T. ) ;
#672 = AXIS2_PLACEMENT_3D ( 'NONE', #999, #1006, #578 ) ;
#673 = VERTEX_POINT ( 'NONE', #1695 ) ;
#674 = CARTESIAN_POINT ( 'NONE',  ( 315.4999999999999432, 1.000000000000000888, 5.000000000000002665 ) ) ;
#675 = LINE ( 'NONE', #255, #1828 ) ;
#676 = AXIS2_PLACEMENT_3D ( 'NONE', #602, #180, #38 ) ;
#677 = CARTESIAN_POINT ( 'NONE',  ( 240.0000000000000284, 0.000000000000000000, 1.466422162314116363E-12 ) ) ;
#678 = VECTOR ( 'NONE', #1222, 1000.000000000000000 ) ;
#679 = CIRCLE ( 'NONE', #459, 5.000000000000004441 ) ;
#680 = EDGE_LOOP ( 'NONE', ( #865, #1145, #1197, #460 ) ) ;
#681 = DIRECTION ( 'NONE',  ( 0.000000000000000000, 1.000000000000000000, 0.000000000000000000 ) ) ;
#682 = VECTOR ( 'NONE', #1700, 999.9999999999998863 ) ;
#683 = CARTESIAN_POINT ( 'NONE',  ( 4.999999999999998224, 17.32050807568881368, 5.000000000000000888 ) ) ;
#684 = EDGE_CURVE ( 'NONE', #590, #4, #366, .T. ) ;
#685 = PLANE ( 'NONE',  #949 ) ;
#686 = DIRECTION ( 'NONE',  ( 0.000000000000000000, 1.000000000000000000, 0.000000000000000000 ) ) ;
#687 = DIRECTION ( 'NONE',  ( -0.000000000000000000, -0.000000000000000000, 1.000000000000000000 ) ) ;
#688 = EDGE_CURVE ( 'NONE', #1536, #908, #110, .T. ) ;
#689 = DIRECTION ( 'NONE',  ( 0.000000000000000000, 1.000000000000000000, 0.000000000000000000 ) ) ;
#690 = VERTEX_POINT ( 'NONE', #1175 ) ;
#691 = VERTEX_POINT ( 'NONE', #879 ) ;
#692 = DIRECTION ( 'NONE',  ( 4.231032868236114770E-18, -0.000000000000000000, -1.000000000000000000 ) ) ;
#693 = LINE ( 'NONE', #1135, #1594 ) ;
#694 = LINE ( 'NONE', #1288, #1903 ) ;
#695 = DIRECTION ( 'NONE',  ( 1.000000000000000000, 2.081668171172168513E-15, 0.000000000000000000 ) ) ;
#696 = EDGE_LOOP ( 'NONE', ( #467, #1224, #713, #438 ) ) ;
#697 = DIRECTION ( 'NONE',  ( 0.000000000000000000, 0.000000000000000000, 1.000000000000000000 ) ) ;
#698 = ADVANCED_FACE ( 'NONE', ( #1462, #403, #588, #121, #1148, #276, #993 ), #1317, .T. ) ;
#699 = FACE_OUTER_BOUND ( 'NONE', #1434, .T. ) ;
#700 = CIRCLE ( 'NONE', #356, 2.749999999999995559 ) ;
#701 = VERTEX_POINT ( 'NONE', #1771 ) ;
#702 = ORIENTED_EDGE ( 'NONE', *, *, #277, .F. ) ;
#703 = CARTESIAN_POINT ( 'NONE',  ( 374.5000000000000000, 1.000000000000000888, 5.000000000000000888 ) ) ;
#704 = CARTESIAN_POINT ( 'NONE',  ( 2.500000000000008882, 12.99038105676661381, -5.000000000000000888 ) ) ;
#705 = VECTOR ( 'NONE', #1609, 1000.000000000000000 ) ;
#706 = DIRECTION ( 'NONE',  ( -1.000000000000000000, 0.000000000000000000, 0.000000000000000000 ) ) ;
#707 = VECTOR ( 'NONE', #1061, 1000.000000000000000 ) ;
#708 = EDGE_CURVE ( 'NONE', #1625, #82, #1598, .T. ) ;
#709 = EDGE_CURVE ( 'NONE', #502, #275, #860, .T. ) ;
#710 = CARTESIAN_POINT ( 'NONE',  ( 316.4999999999999432, 0.000000000000000000, -4.999999999999999112 ) ) ;
#711 = VECTOR ( 'NONE', #385, 1000.000000000000114 ) ;
#712 = VERTEX_POINT ( 'NONE', #257 ) ;
#713 = ORIENTED_EDGE ( 'NONE', *, *, #819, .T. ) ;
#714 = EDGE_CURVE ( 'NONE', #1775, #701, #1588, .T. ) ;
#715 = VECTOR ( 'NONE', #342, 1000.000000000000000 ) ;
#716 = PLANE ( 'NONE',  #517 ) ;
#717 = DIRECTION ( 'NONE',  ( 0.000000000000000000, 0.000000000000000000, -1.000000000000000000 ) ) ;
#718 = DIRECTION ( 'NONE',  ( 0.000000000000000000, 1.000000000000000000, 0.000000000000000000 ) ) ;
#719 = LINE ( 'NONE', #1306, #1107 ) ;
#720 = DIRECTION ( 'NONE',  ( -0.000000000000000000, -1.000000000000000000, -0.000000000000000000 ) ) ;
#721 = EDGE_LOOP ( 'NONE', ( #820, #226, #395, #702 ) ) ;
#722 = VERTEX_POINT ( 'NONE', #413 ) ;
#723 = CARTESIAN_POINT ( 'NONE',  ( 373.5000000000000000, 0.000000000000000000, -4.999999999999999112 ) ) ;
#724 = CARTESIAN_POINT ( 'NONE',  ( 234.4999999999999716, 1.000000000000000888, -4.999999999999999112 ) ) ;
#725 = CARTESIAN_POINT ( 'NONE',  ( 246.5000000000000284, 0.000000000000000000, -4.999999999999999112 ) ) ;
#726 = CARTESIAN_POINT ( 'NONE',  ( 30.00000000000000000, 5.400000000000000355, 2.750000000000002665 ) ) ;
#727 = ORIENTED_EDGE ( 'NONE', *, *, #1109, .F. ) ;
#728 = ORIENTED_EDGE ( 'NONE', *, *, #613, .T. ) ;
#729 = AXIS2_PLACEMENT_3D ( 'NONE', #1583, #845, #1228 ) ;
#730 = CARTESIAN_POINT ( 'NONE',  ( 175.5000000000000000, -4.599999999999999645, 5.000000000000002665 ) ) ;
#731 = ADVANCED_FACE ( 'NONE', ( #1450 ), #265, .T. ) ;
#732 = LINE ( 'NONE', #99, #1108 ) ;
#733 = DIRECTION ( 'NONE',  ( -0.000000000000000000, -1.000000000000000000, -0.000000000000000000 ) ) ;
#734 = LINE ( 'NONE', #1339, #364 ) ;
#735 = AXIS2_PLACEMENT_3D ( 'NONE', #17, #744, #497 ) ;
#736 = DIRECTION ( 'NONE',  ( 0.000000000000000000, 0.000000000000000000, -1.000000000000000000 ) ) ;
#737 = VECTOR ( 'NONE', #1383, 1000.000000000000000 ) ;
#738 = VERTEX_POINT ( 'NONE', #294 ) ;
#739 = EDGE_LOOP ( 'NONE', ( #1570, #1083 ) ) ;
#740 = DIRECTION ( 'NONE',  ( 0.000000000000000000, 0.000000000000000000, -1.000000000000000000 ) ) ;
#741 = PLANE ( 'NONE',  #1202 ) ;
#742 = EDGE_CURVE ( 'NONE', #312, #954, #1908, .T. ) ;
#743 = ORIENTED_EDGE ( 'NONE', *, *, #1440, .T. ) ;
#744 = DIRECTION ( 'NONE',  ( 0.7071067811865475727, -0.7071067811865475727, 0.000000000000000000 ) ) ;
#745 = LINE ( 'NONE', #1751, #894 ) ;
#746 = CARTESIAN_POINT ( 'NONE',  ( 246.5000000000000284, 0.000000000000000000, 5.000000000000000888 ) ) ;
#747 = APPLICATION_PROTOCOL_DEFINITION ( 'draft international standard', 'automotive_design', 1998, #157 ) ;
#748 = ORIENTED_EDGE ( 'NONE', *, *, #412, .F. ) ;
#749 = EDGE_LOOP ( 'NONE', ( #1324, #668, #669, #1631 ) ) ;
#750 = CARTESIAN_POINT ( 'NONE',  ( 175.5000000000000000, 1.000000000000000888, 5.000000000000002665 ) ) ;
#751 = CARTESIAN_POINT ( 'NONE',  ( 35.50000000000000000, 1.000000000000000888, 5.000000000000002665 ) ) ;
#752 = ORIENTED_EDGE ( 'NONE', *, *, #440, .T. ) ;
#753 = DIRECTION ( 'NONE',  ( 0.000000000000000000, 1.000000000000000000, 0.000000000000000000 ) ) ;
#754 = SURFACE_STYLE_USAGE ( .BOTH. , #1640 ) ;
#755 = DIRECTION ( 'NONE',  ( 0.000000000000000000, 1.000000000000000000, 0.000000000000000000 ) ) ;
#756 = EDGE_CURVE ( 'NONE', #1670, #1643, #1290, .T. ) ;
#757 = ORIENTED_EDGE ( 'NONE', *, *, #1414, .F. ) ;
#758 = ORIENTED_EDGE ( 'NONE', *, *, #1692, .T. ) ;
#759 = CARTESIAN_POINT ( 'NONE',  ( 105.4999999999999858, -4.599999999999999645, 5.000000000000002665 ) ) ;
#760 = DIRECTION ( 'NONE',  ( -0.000000000000000000, 0.000000000000000000, 1.000000000000000000 ) ) ;
#761 = AXIS2_PLACEMENT_3D ( 'NONE', #1270, #1714, #537 ) ;
#762 = ORIENTED_EDGE ( 'NONE', *, *, #442, .F. ) ;
#763 = FACE_OUTER_BOUND ( 'NONE', #826, .T. ) ;
#764 = LINE ( 'NONE', #1495, #1725 ) ;
#765 = DIRECTION ( 'NONE',  ( -0.000000000000000000, -1.000000000000000000, -0.000000000000000000 ) ) ;
#766 = ORIENTED_EDGE ( 'NONE', *, *, #652, .T. ) ;
#767 = EDGE_CURVE ( 'NONE', #691, #868, #719, .T. ) ;
#768 = VECTOR ( 'NONE', #1503, 1000.000000000000114 ) ;
#769 = ORIENTED_EDGE ( 'NONE', *, *, #555, .T. ) ;
#770 = LINE ( 'NONE', #478, #986 ) ;
#771 = AXIS2_PLACEMENT_3D ( 'NONE', #118, #1312, #717 ) ;
#772 = EDGE_CURVE ( 'NONE', #905, #1018, #360, .T. ) ;
#773 = VERTEX_POINT ( 'NONE', #1281 ) ;
#774 = VECTOR ( 'NONE', #69, 1000.000000000000000 ) ;
#775 = DIRECTION ( 'NONE',  ( 1.000000000000000000, -0.000000000000000000, 0.000000000000000000 ) ) ;
#776 = LINE ( 'NONE', #1787, #707 ) ;
#777 = EDGE_LOOP ( 'NONE', ( #280, #842, #1750, #662 ) ) ;
#778 = CARTESIAN_POINT ( 'NONE',  ( 410.0000000000000568, 20.00000000000000000, -4.999999999999999112 ) ) ;
#779 = AXIS2_PLACEMENT_3D ( 'NONE', #74, #1271, #1252 ) ;
#780 = CARTESIAN_POINT ( 'NONE',  ( 240.0000000000000284, 20.00000000000000000, 1.466422162314116363E-12 ) ) ;
#781 = CARTESIAN_POINT ( 'NONE',  ( 410.0000000000000568, 20.00000000000000000, -4.999999999999999112 ) ) ;
#782 = CARTESIAN_POINT ( 'NONE',  ( 0.000000000000000000, 0.000000000000000000, 0.000000000000000000 ) ) ;
#783 = ORIENTED_EDGE ( 'NONE', *, *, #852, .T. ) ;
#784 = EDGE_LOOP ( 'NONE', ( #641, #1323, #1265, #937 ) ) ;
#785 = EDGE_CURVE ( 'NONE', #1524, #1670, #1166, .T. ) ;
#786 = CARTESIAN_POINT ( 'NONE',  ( 163.4999999999999716, 0.000000000000000000, 5.000000000000000888 ) ) ;
#787 = LINE ( 'NONE', #1115, #1404 ) ;
#788 = EDGE_CURVE ( 'NONE', #502, #1529, #1761, .T. ) ;
#789 = EDGE_LOOP ( 'NONE', ( #12, #1860, #1858, #361 ) ) ;
#790 = LINE ( 'NONE', #1349, #768 ) ;
#791 = DIRECTION ( 'NONE',  ( 0.000000000000000000, 0.000000000000000000, -1.000000000000000000 ) ) ;
#792 = CARTESIAN_POINT ( 'NONE',  ( 100.0000000000000000, 20.00000000000000000, 4.888073874380389222E-13 ) ) ;
#793 = EDGE_LOOP ( 'NONE', ( #378, #222, #592, #53 ) ) ;
#794 = ORIENTED_EDGE ( 'NONE', *, *, #1121, .F. ) ;
#795 = LINE ( 'NONE', #1558, #1170 ) ;
#796 = FACE_OUTER_BOUND ( 'NONE', #1382, .T. ) ;
#797 = EDGE_CURVE ( 'NONE', #1524, #1529, #1882, .T. ) ;
#798 = EDGE_CURVE ( 'NONE', #916, #1342, #285, .T. ) ;
#799 = EDGE_LOOP ( 'NONE', ( #45, #1033, #1907, #1174 ) ) ;
#800 = DIRECTION ( 'NONE',  ( 0.7071067811865475727, -0.7071067811865475727, 0.000000000000000000 ) ) ;
#801 = CARTESIAN_POINT ( 'NONE',  ( 374.5000000000000000, 5.400000000000000355, -5.000000000000000888 ) ) ;
#802 = AXIS2_PLACEMENT_3D ( 'NONE', #204, #765, #1793 ) ;
#803 = LINE ( 'NONE', #63, #107 ) ;
#804 = ORIENTED_EDGE ( 'NONE', *, *, #798, .F. ) ;
#805 = ORIENTED_EDGE ( 'NONE', *, *, #688, .T. ) ;
#806 = CARTESIAN_POINT ( 'NONE',  ( 245.4999999999999716, -4.599999999999999645, 5.000000000000002665 ) ) ;
#807 = VECTOR ( 'NONE', #596, 1000.000000000000000 ) ;
#808 = VECTOR ( 'NONE', #981, 1000.000000000000000 ) ;
#809 = ORIENTED_EDGE ( 'NONE', *, *, #1178, .F. ) ;
#810 = CARTESIAN_POINT ( 'NONE',  ( 393.0133283987162258, 5.400000000000000355, -4.999999999999999112 ) ) ;
#811 = EDGE_CURVE ( 'NONE', #773, #259, #1140, .T. ) ;
#812 = EDGE_CURVE ( 'NONE', #878, #123, #50, .T. ) ;
#813 = VERTEX_POINT ( 'NONE', #1076 ) ;
#814 = DIRECTION ( 'NONE',  ( 0.000000000000000000, 1.000000000000000000, 0.000000000000000000 ) ) ;
#815 = VERTEX_POINT ( 'NONE', #1198 ) ;
#816 = CARTESIAN_POINT ( 'NONE',  ( 94.50000000000000000, 5.400000000000000355, 5.000000000000000888 ) ) ;
#817 = CARTESIAN_POINT ( 'NONE',  ( 234.4999999999999716, 1.000000000000000888, -5.000000000000000888 ) ) ;
#818 = CARTESIAN_POINT ( 'NONE',  ( 164.4999999999999716, 5.400000000000000355, 5.000000000000000888 ) ) ;
#819 = EDGE_CURVE ( 'NONE', #1342, #223, #1313, .T. ) ;
#820 = ORIENTED_EDGE ( 'NONE', *, *, #1692, .F. ) ;
#821 = CARTESIAN_POINT ( 'NONE',  ( -1.326700699076298424E-15, 5.400000000000000355, 5.000000000000000888 ) ) ;
#822 = CARTESIAN_POINT ( 'NONE',  ( 105.4999999999999858, 1.000000000000000888, 5.000000000000002665 ) ) ;
#823 = FACE_OUTER_BOUND ( 'NONE', #1240, .T. ) ;
#824 = CIRCLE ( 'NONE', #1748, 5.000000000000004441 ) ;
#825 = ORIENTED_EDGE ( 'NONE', *, *, #1452, .F. ) ;
#826 = EDGE_LOOP ( 'NONE', ( #477, #1225, #1397, #727 ) ) ;
#827 = LINE ( 'NONE', #373, #173 ) ;
#828 = CARTESIAN_POINT ( 'NONE',  ( 380.0000000000000000, 0.000000000000000000, 2.444036937190194207E-12 ) ) ;
#829 = EDGE_CURVE ( 'NONE', #259, #954, #159, .T. ) ;
#830 = ADVANCED_FACE ( 'NONE', ( #335 ), #323, .T. ) ;
#831 = VECTOR ( 'NONE', #1619, 1000.000000000000000 ) ;
#832 = EDGE_LOOP ( 'NONE', ( #1893, #856, #1705, #605 ) ) ;
#833 = CARTESIAN_POINT ( 'NONE',  ( -1.326700699076298424E-15, 5.400000000000000355, -5.000000000000000888 ) ) ;
#834 = DIRECTION ( 'NONE',  ( 0.000000000000000000, 0.000000000000000000, 1.000000000000000000 ) ) ;
#835 = EDGE_LOOP ( 'NONE', ( #1390, #1191 ) ) ;
#836 = CARTESIAN_POINT ( 'NONE',  ( 380.0000000000000000, 20.00000000000000000, 2.750000000002418954 ) ) ;
#837 = CIRCLE ( 'NONE', #1359, 2.750000000000002665 ) ;
#838 = ORIENTED_EDGE ( 'NONE', *, *, #1452, .T. ) ;
#839 = EDGE_CURVE ( 'NONE', #1531, #139, #932, .T. ) ;
#840 = CARTESIAN_POINT ( 'NONE',  ( 240.0000000000000284, 5.400000000000000355, 1.466422162314116363E-12 ) ) ;
#841 = DIRECTION ( 'NONE',  ( 4.231032868236114770E-18, -0.000000000000000000, -1.000000000000000000 ) ) ;
#842 = ORIENTED_EDGE ( 'NONE', *, *, #525, .T. ) ;
#843 = ORIENTED_EDGE ( 'NONE', *, *, #990, .F. ) ;
#844 = DIRECTION ( 'NONE',  ( -0.7071067811865474617, -0.7071067811865474617, -2.991792032552925148E-18 ) ) ;
#845 = DIRECTION ( 'NONE',  ( -0.000000000000000000, -1.000000000000000000, -0.000000000000000000 ) ) ;
#846 = ORIENTED_EDGE ( 'NONE', *, *, #772, .T. ) ;
#847 = CARTESIAN_POINT ( 'NONE',  ( 234.4999999999999716, 1.000000000000000888, 5.000000000000000888 ) ) ;
#848 = DIRECTION ( 'NONE',  ( 0.000000000000000000, 0.000000000000000000, -1.000000000000000000 ) ) ;
#849 = DIRECTION ( 'NONE',  ( -0.000000000000000000, -1.000000000000000000, -0.000000000000000000 ) ) ;
#850 = EDGE_CURVE ( 'NONE', #1459, #188, #193, .T. ) ;
#851 = DIRECTION ( 'NONE',  ( 1.000000000000000000, -0.000000000000000000, 0.000000000000000000 ) ) ;
#852 = EDGE_CURVE ( 'NONE', #948, #1625, #790, .T. ) ;
#853 = VECTOR ( 'NONE', #1055, 1000.000000000000114 ) ;
#854 = ORIENTED_EDGE ( 'NONE', *, *, #453, .F. ) ;
#855 = ORIENTED_EDGE ( 'NONE', *, *, #415, .F. ) ;
#856 = ORIENTED_EDGE ( 'NONE', *, *, #1478, .F. ) ;
#857 = FACE_OUTER_BOUND ( 'NONE', #1151, .T. ) ;
#858 = FACE_OUTER_BOUND ( 'NONE', #1181, .T. ) ;
#859 = VECTOR ( 'NONE', #921, 999.9999999999998863 ) ;
#860 = LINE ( 'NONE', #1156, #1667 ) ;
#861 = EDGE_CURVE ( 'NONE', #1531, #773, #447, .T. ) ;
#862 = AXIS2_PLACEMENT_3D ( 'NONE', #1880, #136, #1586 ) ;
#863 = FACE_OUTER_BOUND ( 'NONE', #584, .T. ) ;
#864 = EDGE_CURVE ( 'NONE', #75, #1524, #1088, .T. ) ;
#865 = ORIENTED_EDGE ( 'NONE', *, *, #289, .F. ) ;
#866 = ORIENTED_EDGE ( 'NONE', *, *, #742, .T. ) ;
#867 = AXIS2_PLACEMENT_3D ( 'NONE', #1289, #1806, #468 ) ;
#868 = VERTEX_POINT ( 'NONE', #149 ) ;
#869 = LINE ( 'NONE', #576, #240 ) ;
#870 = DIRECTION ( 'NONE',  ( 0.000000000000000000, -0.000000000000000000, 1.000000000000000000 ) ) ;
#871 = CARTESIAN_POINT ( 'NONE',  ( 176.5000000000000000, 0.000000000000000000, -4.999999999999999112 ) ) ;
#872 = CARTESIAN_POINT ( 'NONE',  ( 310.0000000000000568, 5.400000000000000355, 1.955229549752155285E-12 ) ) ;
#873 = PLANE ( 'NONE',  #973 ) ;
#874 = EDGE_CURVE ( 'NONE', #722, #82, #1678, .T. ) ;
#875 = VERTEX_POINT ( 'NONE', #30 ) ;
#876 = CARTESIAN_POINT ( 'NONE',  ( 310.0000000000000568, 0.000000000000000000, -2.749999999998019806 ) ) ;
#877 = DIRECTION ( 'NONE',  ( -0.000000000000000000, -1.000000000000000000, -0.000000000000000000 ) ) ;
#878 = VERTEX_POINT ( 'NONE', #1374 ) ;
#879 = CARTESIAN_POINT ( 'NONE',  ( 106.4999999999999858, 0.000000000000000000, 5.000000000000000888 ) ) ;
#880 = CARTESIAN_POINT ( 'NONE',  ( 303.5000000000000000, 0.000000000000000000, 5.000000000000000888 ) ) ;
#881 = LINE ( 'NONE', #1441, #1783 ) ;
#882 = SURFACE_SIDE_STYLE ('',( #465 ) ) ;
#883 = ORIENTED_EDGE ( 'NONE', *, *, #1496, .T. ) ;
#884 = ORIENTED_EDGE ( 'NONE', *, *, #1021, .F. ) ;
#885 = ADVANCED_FACE ( 'NONE', ( #617 ), #1210, .T. ) ;
#886 = CIRCLE ( 'NONE', #667, 5.000000000000000888 ) ;
#887 = ORIENTED_EDGE ( 'NONE', *, *, #589, .T. ) ;
#888 = CARTESIAN_POINT ( 'NONE',  ( 16.98667160128380971, 10.40000000000000036, 5.000000000000000888 ) ) ;
#889 = LINE ( 'NONE', #1501, #979 ) ;
#890 = EDGE_LOOP ( 'NONE', ( #1394, #896 ) ) ;
#891 = DIRECTION ( 'NONE',  ( -0.000000000000000000, -1.000000000000000000, -0.000000000000000000 ) ) ;
#892 = DIRECTION ( 'NONE',  ( 0.000000000000000000, 0.000000000000000000, -1.000000000000000000 ) ) ;
#893 = CARTESIAN_POINT ( 'NONE',  ( 170.0000000000000000, 0.000000000000000000, -2.749999999999024780 ) ) ;
#894 = VECTOR ( 'NONE', #414, 1000.000000000000000 ) ;
#895 = ORIENTED_EDGE ( 'NONE', *, *, #314, .T. ) ;
#896 = ORIENTED_EDGE ( 'NONE', *, *, #555, .F. ) ;
#897 = AXIS2_PLACEMENT_3D ( 'NONE', #782, #1213, #904 ) ;
#898 = DIRECTION ( 'NONE',  ( 0.000000000000000000, 1.000000000000000000, 0.000000000000000000 ) ) ;
#899 = FACE_OUTER_BOUND ( 'NONE', #598, .T. ) ;
#900 = EDGE_CURVE ( 'NONE', #1188, #1310, #345, .T. ) ;
#901 = VERTEX_POINT ( 'NONE', #1791 ) ;
#902 = PLANE ( 'NONE',  #1875 ) ;
#903 = DIRECTION ( 'NONE',  ( 0.000000000000000000, -0.000000000000000000, 1.000000000000000000 ) ) ;
#904 = DIRECTION ( 'NONE',  ( 1.000000000000000000, 0.000000000000000000, 0.000000000000000000 ) ) ;
#905 = VERTEX_POINT ( 'NONE', #1801 ) ;
#906 = ORIENTED_EDGE ( 'NONE', *, *, #714, .T. ) ;
#907 = CARTESIAN_POINT ( 'NONE',  ( 393.0133283987162258, 10.40000000000000036, 2.444036937190194207E-12 ) ) ;
#908 = VERTEX_POINT ( 'NONE', #1185 ) ;
#909 = CARTESIAN_POINT ( 'NONE',  ( 234.4999999999999716, 1.000000000000000888, -5.000000000000000888 ) ) ;
#910 = CARTESIAN_POINT ( 'NONE',  ( 380.0000000000000000, 0.000000000000000000, -2.749999999997530420 ) ) ;
#911 = EDGE_CURVE ( 'NONE', #1247, #34, #473, .T. ) ;
#912 = ADVANCED_FACE ( 'NONE', ( #1639 ), #902, .T. ) ;
#913 = DIRECTION ( 'NONE',  ( 0.000000000000000000, 0.000000000000000000, 1.000000000000000000 ) ) ;
#914 = EDGE_CURVE ( 'NONE', #916, #1420, #208, .T. ) ;
#915 = ORIENTED_EDGE ( 'NONE', *, *, #850, .T. ) ;
#916 = VERTEX_POINT ( 'NONE', #1649 ) ;
#917 = DIRECTION ( 'NONE',  ( -0.000000000000000000, 0.000000000000000000, -1.000000000000000000 ) ) ;
#918 = DIRECTION ( 'NONE',  ( -0.000000000000000000, -1.000000000000000000, -0.000000000000000000 ) ) ;
#919 = CARTESIAN_POINT ( 'NONE',  ( 407.5000000000000568, 12.99038105676661736, -4.999999999999999112 ) ) ;
#920 = ORIENTED_EDGE ( 'NONE', *, *, #379, .F. ) ;
#921 = DIRECTION ( 'NONE',  ( -0.8660254037844398178, -0.4999999999999980571, -3.664181948139417852E-18 ) ) ;
#922 = CARTESIAN_POINT ( 'NONE',  ( -1.326700699076298424E-15, 20.00000000000000000, -4.000000000000000000 ) ) ;
#923 = DIRECTION ( 'NONE',  ( 0.7071067811865474617, 0.7071067811865474617, 0.000000000000000000 ) ) ;
#924 = VERTEX_POINT ( 'NONE', #909 ) ;
#925 = VECTOR ( 'NONE', #518, 1000.000000000000000 ) ;
#926 = ORIENTED_EDGE ( 'NONE', *, *, #1894, .T. ) ;
#927 = ADVANCED_FACE ( 'NONE', ( #763 ), #628, .T. ) ;
#928 = CARTESIAN_POINT ( 'NONE',  ( 374.5000000000000000, 1.000000000000000888, 5.000000000000000888 ) ) ;
#929 = VECTOR ( 'NONE', #18, 1000.000000000000000 ) ;
#930 = CARTESIAN_POINT ( 'NONE',  ( 16.98667160128380971, 10.40000000000000036, 5.546678239835239257E-29 ) ) ;
#931 = ORIENTED_EDGE ( 'NONE', *, *, #1505, .T. ) ;
#932 = LINE ( 'NONE', #1525, #1481 ) ;
#933 = CIRCLE ( 'NONE', #867, 2.749999999999974687 ) ;
#934 = CARTESIAN_POINT ( 'NONE',  ( 304.5000000000000000, 1.000000000000000888, 5.000000000000000888 ) ) ;
#935 = CARTESIAN_POINT ( 'NONE',  ( 410.0000000000000568, 20.00000000000000000, 4.000000000000000000 ) ) ;
#936 = ORIENTED_EDGE ( 'NONE', *, *, #965, .T. ) ;
#937 = ORIENTED_EDGE ( 'NONE', *, *, #987, .F. ) ;
#938 = DIRECTION ( 'NONE',  ( -0.000000000000000000, -1.000000000000000000, -0.000000000000000000 ) ) ;
#939 = EDGE_CURVE ( 'NONE', #472, #875, #1861, .T. ) ;
#940 = EDGE_CURVE ( 'NONE', #432, #875, #1417, .T. ) ;
#941 = DIRECTION ( 'NONE',  ( 0.000000000000000000, 0.000000000000000000, -1.000000000000000000 ) ) ;
#942 = ORIENTED_EDGE ( 'NONE', *, *, #1519, .F. ) ;
#943 = CARTESIAN_POINT ( 'NONE',  ( 30.00000000000000000, 0.000000000000000000, 2.749999999999999112 ) ) ;
#944 = CARTESIAN_POINT ( 'NONE',  ( 316.4999999999999432, 0.000000000000000000, 5.000000000000000888 ) ) ;
#945 = DIRECTION ( 'NONE',  ( 1.000000000000000000, 0.000000000000000000, 0.000000000000000000 ) ) ;
#946 = ORIENTED_EDGE ( 'NONE', *, *, #190, .F. ) ;
#947 = FACE_OUTER_BOUND ( 'NONE', #1354, .T. ) ;
#948 = VERTEX_POINT ( 'NONE', #950 ) ;
#949 = AXIS2_PLACEMENT_3D ( 'NONE', #244, #1427, #547 ) ;
#950 = CARTESIAN_POINT ( 'NONE',  ( 175.5000000000000000, 1.000000000000000888, 5.000000000000002665 ) ) ;
#951 = LINE ( 'NONE', #1666, #1011 ) ;
#952 = VECTOR ( 'NONE', #404, 1000.000000000000000 ) ;
#953 = DIRECTION ( 'NONE',  ( 0.000000000000000000, -0.000000000000000000, 1.000000000000000000 ) ) ;
#954 = VERTEX_POINT ( 'NONE', #219 ) ;
#955 = PLANE ( 'NONE',  #779 ) ;
#956 = VECTOR ( 'NONE', #1838, 1000.000000000000000 ) ;
#957 = ORIENTED_EDGE ( 'NONE', *, *, #134, .T. ) ;
#958 = CARTESIAN_POINT ( 'NONE',  ( 395.5133283987162258, 6.069872981077802265, -4.999999999999999112 ) ) ;
#959 = DIRECTION ( 'NONE',  ( 0.000000000000000000, 0.000000000000000000, -1.000000000000000000 ) ) ;
#960 = ORIENTED_EDGE ( 'NONE', *, *, #714, .F. ) ;
#961 = CYLINDRICAL_SURFACE ( 'NONE', #530, 2.749999999999974687 ) ;
#962 = ORIENTED_EDGE ( 'NONE', *, *, #589, .F. ) ;
#963 = LINE ( 'NONE', #540, #1698 ) ;
#964 = CARTESIAN_POINT ( 'NONE',  ( 374.5000000000000000, 1.000000000000000888, -4.999999999999999112 ) ) ;
#965 = EDGE_CURVE ( 'NONE', #270, #1475, #971, .T. ) ;
#966 = ORIENTED_EDGE ( 'NONE', *, *, #1426, .T. ) ;
#967 = ORIENTED_EDGE ( 'NONE', *, *, #811, .T. ) ;
#968 = LINE ( 'NONE', #976, #1439 ) ;
#969 = EDGE_CURVE ( 'NONE', #563, #1043, #1831, .T. ) ;
#970 = ORIENTED_EDGE ( 'NONE', *, *, #1585, .T. ) ;
#971 = LINE ( 'NONE', #674, #1350 ) ;
#972 = DIRECTION ( 'NONE',  ( 0.000000000000000000, 0.000000000000000000, 1.000000000000000000 ) ) ;
#973 = AXIS2_PLACEMENT_3D ( 'NONE', #258, #1169, #1766 ) ;
#974 = VERTEX_POINT ( 'NONE', #1846 ) ;
#975 = EDGE_CURVE ( 'NONE', #169, #1528, #1405, .T. ) ;
#976 = CARTESIAN_POINT ( 'NONE',  ( 374.5000000000000000, 1.000000000000000888, -5.000000000000000888 ) ) ;
#977 = ADVANCED_FACE ( 'NONE', ( #384 ), #93, .T. ) ;
#978 = CIRCLE ( 'NONE', #1412, 2.749999999999974687 ) ;
#979 = VECTOR ( 'NONE', #168, 1000.000000000000114 ) ;
#980 = VERTEX_POINT ( 'NONE', #1273 ) ;
#981 = DIRECTION ( 'NONE',  ( -0.000000000000000000, 0.000000000000000000, -1.000000000000000000 ) ) ;
#982 = DIRECTION ( 'NONE',  ( -0.7071067811865475727, -0.7071067811865475727, -0.000000000000000000 ) ) ;
#983 = VERTEX_POINT ( 'NONE', #647 ) ;
#984 = DIRECTION ( 'NONE',  ( 0.000000000000000000, 0.000000000000000000, 1.000000000000000000 ) ) ;
#985 = CARTESIAN_POINT ( 'NONE',  ( 170.0000000000000000, 5.400000000000000355, -2.749999999999024780 ) ) ;
#986 = VECTOR ( 'NONE', #1296, 999.9999999999998863 ) ;
#987 = EDGE_CURVE ( 'NONE', #980, #701, #1398, .T. ) ;
#988 = ORIENTED_EDGE ( 'NONE', *, *, #1596, .T. ) ;
#989 = DIRECTION ( 'NONE',  ( 0.000000000000000000, 0.000000000000000000, 1.000000000000000000 ) ) ;
#990 = EDGE_CURVE ( 'NONE', #1892, #432, #202, .T. ) ;
#991 = ORIENTED_EDGE ( 'NONE', *, *, #1878, .T. ) ;
#992 = ORIENTED_EDGE ( 'NONE', *, *, #1544, .F. ) ;
#993 = FACE_OUTER_BOUND ( 'NONE', #1738, .T. ) ;
#994 = CARTESIAN_POINT ( 'NONE',  ( -1.326700699076298424E-15, 5.400000000000000355, 5.000000000000000888 ) ) ;
#995 = EDGE_LOOP ( 'NONE', ( #1362, #1457, #309, #1372 ) ) ;
#996 = DIRECTION ( 'NONE',  ( 1.000000000000000000, -0.000000000000000000, 0.000000000000000000 ) ) ;
#997 = LINE ( 'NONE', #1616, #583 ) ;
#998 = EDGE_CURVE ( 'NONE', #738, #96, #963, .T. ) ;
#999 = CARTESIAN_POINT ( 'NONE',  ( 0.000000000000000000, 20.00000000000000000, 0.000000000000000000 ) ) ;
#1000 = DIRECTION ( 'NONE',  ( 0.8660254037844398178, 0.4999999999999980571, -0.000000000000000000 ) ) ;
#1001 = VECTOR ( 'NONE', #1530, 1000.000000000000000 ) ;
#1002 = VERTEX_POINT ( 'NONE', #663 ) ;
#1003 = ORIENTED_EDGE ( 'NONE', *, *, #161, .T. ) ;
#1004 = PLANE ( 'NONE',  #862 ) ;
#1005 = CARTESIAN_POINT ( 'NONE',  ( 16.98667160128380971, 5.400000000000000355, -4.999999999999999112 ) ) ;
#1006 = DIRECTION ( 'NONE',  ( 0.000000000000000000, 1.000000000000000000, 0.000000000000000000 ) ) ;
#1007 = VECTOR ( 'NONE', #1127, 1000.000000000000000 ) ;
#1008 = EDGE_CURVE ( 'NONE', #96, #1681, #1548, .T. ) ;
#1009 = CIRCLE ( 'NONE', #455, 5.000000000000004441 ) ;
#1010 = CARTESIAN_POINT ( 'NONE',  ( 94.50000000000000000, 1.000000000000000888, -5.000000000000000888 ) ) ;
#1011 = VECTOR ( 'NONE', #363, 1000.000000000000000 ) ;
#1012 = VERTEX_POINT ( 'NONE', #810 ) ;
#1013 = VERTEX_POINT ( 'NONE', #1560 ) ;
#1014 = AXIS2_PLACEMENT_3D ( 'NONE', #683, #217, #504 ) ;
#1015 = FACE_BOUND ( 'NONE', #739, .T. ) ;
#1016 = DIRECTION ( 'NONE',  ( -0.000000000000000000, 0.000000000000000000, 1.000000000000000000 ) ) ;
#1017 = PLANE ( 'NONE',  #1489 ) ;
#1018 = VERTEX_POINT ( 'NONE', #1532 ) ;
#1019 = CARTESIAN_POINT ( 'NONE',  ( -1.326700699076298424E-15, 5.400000000000000355, 5.000000000000000888 ) ) ;
#1020 =( LENGTH_UNIT ( ) NAMED_UNIT ( * ) SI_UNIT ( .MILLI., .METRE. ) );
#1021 = EDGE_CURVE ( 'NONE', #1608, #419, #234, .T. ) ;
#1022 = CARTESIAN_POINT ( 'NONE',  ( 245.4999999999999716, 1.000000000000056399, 5.000000000000002665 ) ) ;
#1023 = ORIENTED_EDGE ( 'NONE', *, *, #1194, .T. ) ;
#1024 = ORIENTED_EDGE ( 'NONE', *, *, #21, .T. ) ;
#1025 = EDGE_CURVE ( 'NONE', #1547, #1785, #1095, .T. ) ;
#1026 = DIRECTION ( 'NONE',  ( 0.000000000000000000, 1.000000000000000000, 0.000000000000000000 ) ) ;
#1027 = FACE_OUTER_BOUND ( 'NONE', #642, .T. ) ;
#1028 = ORIENTED_EDGE ( 'NONE', *, *, #1519, .T. ) ;
#1029 = DIRECTION ( 'NONE',  ( -0.000000000000000000, -1.000000000000000000, -0.000000000000000000 ) ) ;
#1030 = CARTESIAN_POINT ( 'NONE',  ( 380.0000000000000000, 5.400000000000000355, 2.750000000002418954 ) ) ;
#1031 = ORIENTED_EDGE ( 'NONE', *, *, #1622, .T. ) ;
#1032 = ADVANCED_FACE ( 'NONE', ( #515 ), #60, .F. ) ;
#1033 = ORIENTED_EDGE ( 'NONE', *, *, #392, .F. ) ;
#1034 = LINE ( 'NONE', #1346, #55 ) ;
#1035 = DIRECTION ( 'NONE',  ( -0.000000000000000000, -1.000000000000000000, -0.000000000000000000 ) ) ;
#1036 = VERTEX_POINT ( 'NONE', #1391 ) ;
#1037 = CARTESIAN_POINT ( 'NONE',  ( 410.0000000000000568, 14.43375672974067569, -4.999999999999999112 ) ) ;
#1038 = DIRECTION ( 'NONE',  ( 0.000000000000000000, 1.000000000000000000, 0.000000000000000000 ) ) ;
#1039 = AXIS2_PLACEMENT_3D ( 'NONE', #1704, #1129, #972 ) ;
#1040 = DIRECTION ( 'NONE',  ( 0.000000000000000000, 0.7071067811865474617, 0.7071067811865474617 ) ) ;
#1041 = CIRCLE ( 'NONE', #212, 2.749999999999974687 ) ;
#1042 = ORIENTED_EDGE ( 'NONE', *, *, #900, .F. ) ;
#1043 = VERTEX_POINT ( 'NONE', #1686 ) ;
#1044 = VECTOR ( 'NONE', #1211, 1000.000000000000000 ) ;
#1045 = PRESENTATION_LAYER_ASSIGNMENT (  '', '', ( #150 ) ) ;
#1046 = ORIENTED_EDGE ( 'NONE', *, *, #281, .T. ) ;
#1047 = CARTESIAN_POINT ( 'NONE',  ( 310.0000000000000568, 20.00000000000000000, -2.749999999998019806 ) ) ;
#1048 = ADVANCED_FACE ( 'NONE', ( #353 ), #1542, .T. ) ;
#1049 = CARTESIAN_POINT ( 'NONE',  ( 100.0000000000000000, 0.000000000000000000, 4.888073874380389222E-13 ) ) ;
#1050 = EDGE_CURVE ( 'NONE', #334, #34, #362, .T. ) ;
#1051 = ORIENTED_EDGE ( 'NONE', *, *, #1480, .T. ) ;
#1052 = EDGE_CURVE ( 'NONE', #419, #1754, #869, .T. ) ;
#1053 = DIRECTION ( 'NONE',  ( 0.000000000000000000, 0.000000000000000000, 1.000000000000000000 ) ) ;
#1054 = CARTESIAN_POINT ( 'NONE',  ( 245.4999999999999716, 5.400000000000000355, 5.000000000000002665 ) ) ;
#1055 = DIRECTION ( 'NONE',  ( -0.7071067811865474617, 0.7071067811865474617, -2.991792032552925148E-18 ) ) ;
#1056 = VERTEX_POINT ( 'NONE', #1162 ) ;
#1057 = VERTEX_POINT ( 'NONE', #703 ) ;
#1058 = CARTESIAN_POINT ( 'NONE',  ( -1.326700699076298424E-15, 19.00000000000000000, -5.000000000000000888 ) ) ;
#1059 = EDGE_LOOP ( 'NONE', ( #496, #794, #1884, #1209 ) ) ;
#1060 = FACE_OUTER_BOUND ( 'NONE', #995, .T. ) ;
#1061 = DIRECTION ( 'NONE',  ( -0.000000000000000000, -0.000000000000000000, 1.000000000000000000 ) ) ;
#1062 = VERTEX_POINT ( 'NONE', #723 ) ;
#1063 = DIRECTION ( 'NONE',  ( -0.000000000000000000, -1.000000000000000000, -0.000000000000000000 ) ) ;
#1064 = CARTESIAN_POINT ( 'NONE',  ( 315.4999999999999432, 1.000000000000000888, -4.999999999999999112 ) ) ;
#1065 = EDGE_CURVE ( 'NONE', #1643, #275, #732, .T. ) ;
#1066 = CARTESIAN_POINT ( 'NONE',  ( -1.326700699076298424E-15, 19.00000000000000000, 5.000000000000000888 ) ) ;
#1067 =( NAMED_UNIT ( * ) PLANE_ANGLE_UNIT ( ) SI_UNIT ( $, .RADIAN. ) );
#1068 = ORIENTED_EDGE ( 'NONE', *, *, #1205, .F. ) ;
#1069 = ORIENTED_EDGE ( 'NONE', *, *, #1293, .T. ) ;
#1070 = FACE_BOUND ( 'NONE', #1287, .T. ) ;
#1071 = AXIS2_PLACEMENT_3D ( 'NONE', #433, #1026, #1500 ) ;
#1072 = CARTESIAN_POINT ( 'NONE',  ( 234.4999999999999716, 5.400000000000000355, 5.000000000000000888 ) ) ;
#1073 = FACE_OUTER_BOUND ( 'NONE', #144, .T. ) ;
#1074 = CIRCLE ( 'NONE', #382, 5.000000000000000888 ) ;
#1075 = ORIENTED_EDGE ( 'NONE', *, *, #1121, .T. ) ;
#1076 = CARTESIAN_POINT ( 'NONE',  ( 315.4999999999999432, 5.400000000000000355, -4.999999999999999112 ) ) ;
#1077 = DIRECTION ( 'NONE',  ( -0.000000000000000000, -1.000000000000000000, -0.000000000000000000 ) ) ;
#1078 = DIRECTION ( 'NONE',  ( 0.000000000000000000, 1.000000000000000000, 0.000000000000000000 ) ) ;
#1079 = EDGE_CURVE ( 'NONE', #813, #1891, #997, .T. ) ;
#1080 = AXIS2_PLACEMENT_3D ( 'NONE', #666, #1545, #1422 ) ;
#1081 = ORIENTED_EDGE ( 'NONE', *, *, #1636, .T. ) ;
#1082 = VECTOR ( 'NONE', #733, 1000.000000000000000 ) ;
#1083 = ORIENTED_EDGE ( 'NONE', *, *, #513, .F. ) ;
#1084 = CARTESIAN_POINT ( 'NONE',  ( 170.0000000000000000, 5.400000000000000355, 9.776147748760776424E-13 ) ) ;
#1085 = CIRCLE ( 'NONE', #182, 2.750000000000002665 ) ;
#1086 = CARTESIAN_POINT ( 'NONE',  ( 240.0000000000000284, 5.400000000000000355, 1.466422162314116363E-12 ) ) ;
#1087 = ORIENTED_EDGE ( 'NONE', *, *, #1740, .T. ) ;
#1088 = LINE ( 'NONE', #1810, #1603 ) ;
#1089 =( GEOMETRIC_REPRESENTATION_CONTEXT ( 3 ) GLOBAL_UNCERTAINTY_ASSIGNED_CONTEXT ( ( #250 ) ) GLOBAL_UNIT_ASSIGNED_CONTEXT ( ( #197, #131, #1455 ) ) REPRESENTATION_CONTEXT ( 'NONE', 'WORKASPACE' ) );
#1090 = DIRECTION ( 'NONE',  ( 0.000000000000000000, 0.000000000000000000, 1.000000000000000000 ) ) ;
#1091 = DIRECTION ( 'NONE',  ( -1.000000000000000000, 0.000000000000000000, -4.231032868236114770E-18 ) ) ;
#1092 = ORIENTED_EDGE ( 'NONE', *, *, #21, .F. ) ;
#1093 = ORIENTED_EDGE ( 'NONE', *, *, #1853, .T. ) ;
#1094 = ORIENTED_EDGE ( 'NONE', *, *, #1773, .F. ) ;
#1095 = LINE ( 'NONE', #833, #737 ) ;
#1096 = DIRECTION ( 'NONE',  ( -0.7071067811865474617, 0.7071067811865474617, -2.991792032552925148E-18 ) ) ;
#1097 = CARTESIAN_POINT ( 'NONE',  ( -1.326700699076298424E-15, 5.400000000000000355, 5.000000000000000888 ) ) ;
#1098 = LINE ( 'NONE', #806, #715 ) ;
#1099 = EDGE_CURVE ( 'NONE', #901, #868, #1593, .T. ) ;
#1100 = ORIENTED_EDGE ( 'NONE', *, *, #1109, .T. ) ;
#1101 = DIRECTION ( 'NONE',  ( 0.000000000000000000, -0.000000000000000000, 1.000000000000000000 ) ) ;
#1102 = LINE ( 'NONE', #1832, #1415 ) ;
#1103 = CIRCLE ( 'NONE', #520, 2.750000000000002665 ) ;
#1104 = DIRECTION ( 'NONE',  ( -0.000000000000000000, -1.000000000000000000, -0.000000000000000000 ) ) ;
#1105 = VERTEX_POINT ( 'NONE', #1304 ) ;
#1106 = FACE_BOUND ( 'NONE', #620, .T. ) ;
#1107 = VECTOR ( 'NONE', #1484, 1000.000000000000000 ) ;
#1108 = VECTOR ( 'NONE', #1016, 1000.000000000000000 ) ;
#1109 = EDGE_CURVE ( 'NONE', #1780, #974, #1871, .T. ) ;
#1110 = EDGE_CURVE ( 'NONE', #722, #815, #1758, .T. ) ;
#1111 = VERTEX_POINT ( 'NONE', #1447 ) ;
#1112 = DIRECTION ( 'NONE',  ( -1.000000000000000000, 0.000000000000000000, 0.000000000000000000 ) ) ;
#1113 = VECTOR ( 'NONE', #612, 1000.000000000000114 ) ;
#1114 = CARTESIAN_POINT ( 'NONE',  ( 315.4999999999999432, 1.000000000000000888, 5.000000000000002665 ) ) ;
#1115 = CARTESIAN_POINT ( 'NONE',  ( 94.50000000000000000, -4.599999999999999645, -5.000000000000000888 ) ) ;
#1116 = CARTESIAN_POINT ( 'NONE',  ( -1.326700699076298424E-15, 14.43375672974067569, 5.000000000000000888 ) ) ;
#1117 = VERTEX_POINT ( 'NONE', #394 ) ;
#1118 = DIRECTION ( 'NONE',  ( 0.000000000000000000, 0.000000000000000000, -1.000000000000000000 ) ) ;
#1119 = CARTESIAN_POINT ( 'NONE',  ( 405.0000000000000000, 17.32050807568881723, -4.999999999999999112 ) ) ;
#1120 = FACE_OUTER_BOUND ( 'NONE', #611, .T. ) ;
#1121 = EDGE_CURVE ( 'NONE', #44, #502, #108, .T. ) ;
#1122 = ORIENTED_EDGE ( 'NONE', *, *, #1658, .F. ) ;
#1123 = UNCERTAINTY_MEASURE_WITH_UNIT (LENGTH_MEASURE( 1.000000000000000082E-05 ), #1020, 'distance_accuracy_value', 'NONE');
#1124 = DIRECTION ( 'NONE',  ( -1.000000000000000000, 0.000000000000000000, 0.000000000000000000 ) ) ;
#1125 = DIRECTION ( 'NONE',  ( -0.7071067811865474617, 0.7071067811865474617, -2.991792032552925148E-18 ) ) ;
#1126 = ORIENTED_EDGE ( 'NONE', *, *, #1883, .F. ) ;
#1127 = DIRECTION ( 'NONE',  ( 0.000000000000000000, 1.000000000000000000, 0.000000000000000000 ) ) ;
#1128 = VERTEX_POINT ( 'NONE', #254 ) ;
#1129 = DIRECTION ( 'NONE',  ( 0.000000000000000000, 1.000000000000000000, 0.000000000000000000 ) ) ;
#1130 = VECTOR ( 'NONE', #945, 1000.000000000000000 ) ;
#1131 = ADVANCED_FACE ( 'NONE', ( #1895 ), #586, .T. ) ;
#1132 = ADVANCED_FACE ( 'NONE', ( #857 ), #548, .F. ) ;
#1133 = DIRECTION ( 'NONE',  ( 0.000000000000000000, 0.000000000000000000, -1.000000000000000000 ) ) ;
#1134 = VECTOR ( 'NONE', #41, 1000.000000000000000 ) ;
#1135 = CARTESIAN_POINT ( 'NONE',  ( 175.5000000000000000, 1.000000000000000888, 5.000000000000002665 ) ) ;
#1136 = CARTESIAN_POINT ( 'NONE',  ( -1.326700699076298424E-15, 0.000000000000000000, -5.000000000000000888 ) ) ;
#1137 = CARTESIAN_POINT ( 'NONE',  ( 373.5000000000000000, 0.000000000000000000, 5.000000000000000888 ) ) ;
#1138 = VECTOR ( 'NONE', #498, 1000.000000000000000 ) ;
#1139 = ORIENTED_EDGE ( 'NONE', *, *, #543, .T. ) ;
#1140 = LINE ( 'NONE', #396, #238 ) ;
#1141 = VECTOR ( 'NONE', #246, 1000.000000000000000 ) ;
#1142 = CYLINDRICAL_SURFACE ( 'NONE', #1843, 5.000000000000000888 ) ;
#1143 = ORIENTED_EDGE ( 'NONE', *, *, #1540, .F. ) ;
#1144 = EDGE_CURVE ( 'NONE', #67, #1520, #283, .T. ) ;
#1145 = ORIENTED_EDGE ( 'NONE', *, *, #392, .T. ) ;
#1146 = DIRECTION ( 'NONE',  ( -0.000000000000000000, -0.000000000000000000, 1.000000000000000000 ) ) ;
#1147 = ORIENTED_EDGE ( 'NONE', *, *, #975, .F. ) ;
#1148 = FACE_BOUND ( 'NONE', #1651, .T. ) ;
#1149 = LINE ( 'NONE', #278, #604 ) ;
#1150 = ORIENTED_EDGE ( 'NONE', *, *, #163, .F. ) ;
#1151 = EDGE_LOOP ( 'NONE', ( #1230, #1648, #1685, #1433 ) ) ;
#1152 = EDGE_CURVE ( 'NONE', #296, #1117, #694, .T. ) ;
#1153 = CARTESIAN_POINT ( 'NONE',  ( 304.5000000000000000, -4.599999999999999645, -5.000000000000000888 ) ) ;
#1154 = CARTESIAN_POINT ( 'NONE',  ( 245.4999999999999716, 1.000000000000056399, -4.999999999999999112 ) ) ;
#1155 = ORIENTED_EDGE ( 'NONE', *, *, #1099, .F. ) ;
#1156 = CARTESIAN_POINT ( 'NONE',  ( -1.326700699076298424E-15, 20.00000000000000000, 5.000000000000000888 ) ) ;
#1157 = DIRECTION ( 'NONE',  ( -0.000000000000000000, -1.000000000000000000, -0.000000000000000000 ) ) ;
#1158 = VECTOR ( 'NONE', #437, 1000.000000000000114 ) ;
#1159 = ORIENTED_EDGE ( 'NONE', *, *, #365, .T. ) ;
#1160 = VERTEX_POINT ( 'NONE', #1468 ) ;
#1161 = ORIENTED_EDGE ( 'NONE', *, *, #819, .F. ) ;
#1162 = CARTESIAN_POINT ( 'NONE',  ( 316.4999999999999432, 0.000000000000000000, -4.999999999999999112 ) ) ;
#1163 = CARTESIAN_POINT ( 'NONE',  ( 93.50000000000000000, 0.000000000000000000, 5.000000000000000888 ) ) ;
#1164 = ADVANCED_FACE ( 'NONE', ( #1729 ), #1004, .T. ) ;
#1165 = VECTOR ( 'NONE', #844, 1000.000000000000114 ) ;
#1166 = LINE ( 'NONE', #1741, #1444 ) ;
#1167 = VECTOR ( 'NONE', #1157, 1000.000000000000000 ) ;
#1168 = CARTESIAN_POINT ( 'NONE',  ( 170.0000000000000000, 20.00000000000000000, -2.749999999999024780 ) ) ;
#1169 = DIRECTION ( 'NONE',  ( 0.000000000000000000, 1.000000000000000000, 0.000000000000000000 ) ) ;
#1170 = VECTOR ( 'NONE', #1125, 1000.000000000000114 ) ;
#1171 = ORIENTED_EDGE ( 'NONE', *, *, #429, .F. ) ;
#1172 = DIRECTION ( 'NONE',  ( 0.000000000000000000, 0.000000000000000000, 1.000000000000000000 ) ) ;
#1173 = LINE ( 'NONE', #1153, #1669 ) ;
#1174 = ORIENTED_EDGE ( 'NONE', *, *, #161, .F. ) ;
#1175 = CARTESIAN_POINT ( 'NONE',  ( 163.4999999999999716, 0.000000000000000000, 5.000000000000000888 ) ) ;
#1176 =( NAMED_UNIT ( * ) PLANE_ANGLE_UNIT ( ) SI_UNIT ( $, .RADIAN. ) );
#1177 = DIRECTION ( 'NONE',  ( -0.000000000000000000, -0.000000000000000000, 1.000000000000000000 ) ) ;
#1178 = EDGE_CURVE ( 'NONE', #71, #1309, #557, .T. ) ;
#1179 = ORIENTED_EDGE ( 'NONE', *, *, #224, .T. ) ;
#1180 = VERTEX_POINT ( 'NONE', #1905 ) ;
#1181 = EDGE_LOOP ( 'NONE', ( #1333, #1493, #631, #1031, #514, #133, #883, #49, #728, #966, #931, #1784, #1601, #481, #967, #1675, #1285, #406, #1443, #762, #450, #1722, #1830, #805, #1556, #1092, #1179, #1716, #367, #531, #1826, #260, #1770, #192, #249, #524, #1660, #1581, #1087, #1081 ) ) ;
#1182 = CARTESIAN_POINT ( 'NONE',  ( 234.4999999999999716, 1.000000000000000888, 5.000000000000000888 ) ) ;
#1183 = DIRECTION ( 'NONE',  ( 0.000000000000000000, 0.000000000000000000, -1.000000000000000000 ) ) ;
#1184 = ORIENTED_EDGE ( 'NONE', *, *, #1393, .T. ) ;
#1185 = CARTESIAN_POINT ( 'NONE',  ( 175.5000000000000000, 5.400000000000000355, -4.999999999999999112 ) ) ;
#1186 = DIRECTION ( 'NONE',  ( 1.000000000000000000, -0.000000000000000000, 0.000000000000000000 ) ) ;
#1187 = CARTESIAN_POINT ( 'NONE',  ( 410.0000000000000568, 17.32050807568881723, 5.000000000000000888 ) ) ;
#1188 = VERTEX_POINT ( 'NONE', #567 ) ;
#1189 = EDGE_CURVE ( 'NONE', #773, #673, #1173, .T. ) ;
#1190 = EDGE_CURVE ( 'NONE', #905, #1105, #1606, .T. ) ;
#1191 = ORIENTED_EDGE ( 'NONE', *, *, #1684, .F. ) ;
#1192 = AXIS2_PLACEMENT_3D ( 'NONE', #1294, #98, #1886 ) ;
#1193 = VECTOR ( 'NONE', #923, 1000.000000000000114 ) ;
#1194 = EDGE_CURVE ( 'NONE', #1128, #1105, #1085, .T. ) ;
#1195 = CARTESIAN_POINT ( 'NONE',  ( 164.4999999999999716, -4.599999999999999645, 5.000000000000000888 ) ) ;
#1196 = FACE_OUTER_BOUND ( 'NONE', #372, .T. ) ;
#1197 = ORIENTED_EDGE ( 'NONE', *, *, #1426, .F. ) ;
#1198 = CARTESIAN_POINT ( 'NONE',  ( 233.4999999999999716, 0.000000000000000000, 5.000000000000000888 ) ) ;
#1199 = DIRECTION ( 'NONE',  ( -0.000000000000000000, 0.000000000000000000, 1.000000000000000000 ) ) ;
#1200 = VECTOR ( 'NONE', #1733, 1000.000000000000000 ) ;
#1201 = DIRECTION ( 'NONE',  ( -1.000000000000000000, 0.000000000000000000, -4.231032868236114770E-18 ) ) ;
#1202 = AXIS2_PLACEMENT_3D ( 'NONE', #751, #6, #1183 ) ;
#1203 = ORIENTED_EDGE ( 'NONE', *, *, #1573, .T. ) ;
#1204 = ORIENTED_EDGE ( 'NONE', *, *, #512, .T. ) ;
#1205 = EDGE_CURVE ( 'NONE', #1012, #1043, #776, .T. ) ;
#1206 = CARTESIAN_POINT ( 'NONE',  ( 36.50000000000000000, 0.000000000000000000, -4.999999999999999112 ) ) ;
#1207 = VECTOR ( 'NONE', #411, 1000.000000000000000 ) ;
#1208 = ADVANCED_FACE ( 'NONE', ( #1027 ), #1797, .F. ) ;
#1209 = ORIENTED_EDGE ( 'NONE', *, *, #488, .F. ) ;
#1210 = PLANE ( 'NONE',  #1696 ) ;
#1211 = DIRECTION ( 'NONE',  ( -0.000000000000000000, -0.000000000000000000, -1.000000000000000000 ) ) ;
#1212 = DIRECTION ( 'NONE',  ( 0.000000000000000000, 0.000000000000000000, 1.000000000000000000 ) ) ;
#1213 = DIRECTION ( 'NONE',  ( 0.000000000000000000, 0.000000000000000000, 1.000000000000000000 ) ) ;
#1214 = ORIENTED_EDGE ( 'NONE', *, *, #488, .T. ) ;
#1215 = ORIENTED_EDGE ( 'NONE', *, *, #534, .F. ) ;
#1216 = DIRECTION ( 'NONE',  ( 1.000000000000000000, 0.000000000000000000, 4.231032868236114770E-18 ) ) ;
#1217 = CARTESIAN_POINT ( 'NONE',  ( 410.0000000000000568, 20.00000000000000000, -3.999999999999998224 ) ) ;
#1218 = PLANE ( 'NONE',  #1264 ) ;
#1219 = ADVANCED_FACE ( 'NONE', ( #1196 ), #321, .F. ) ;
#1220 = ORIENTED_EDGE ( 'NONE', *, *, #1703, .T. ) ;
#1221 = DIRECTION ( 'NONE',  ( -1.000000000000000000, -0.000000000000000000, -4.231032868236114770E-18 ) ) ;
#1222 = DIRECTION ( 'NONE',  ( 0.000000000000000000, 1.000000000000000000, 0.000000000000000000 ) ) ;
#1223 = CARTESIAN_POINT ( 'NONE',  ( 105.4999999999999858, 5.400000000000000355, 5.000000000000002665 ) ) ;
#1224 = ORIENTED_EDGE ( 'NONE', *, *, #798, .T. ) ;
#1225 = ORIENTED_EDGE ( 'NONE', *, *, #1703, .F. ) ;
#1226 = PLANE ( 'NONE',  #500 ) ;
#1227 = AXIS2_PLACEMENT_3D ( 'NONE', #1869, #996, #271 ) ;
#1228 = DIRECTION ( 'NONE',  ( 0.000000000000000000, 0.000000000000000000, -1.000000000000000000 ) ) ;
#1229 = VECTOR ( 'NONE', #1650, 1000.000000000000114 ) ;
#1230 = ORIENTED_EDGE ( 'NONE', *, *, #911, .F. ) ;
#1231 = CARTESIAN_POINT ( 'NONE',  ( 164.4999999999999716, -4.599999999999999645, 5.000000000000000888 ) ) ;
#1232 = EDGE_CURVE ( 'NONE', #815, #59, #889, .T. ) ;
#1233 = CYLINDRICAL_SURFACE ( 'NONE', #445, 2.750000000000002665 ) ;
#1234 = AXIS2_PLACEMENT_3D ( 'NONE', #313, #1338, #1657 ) ;
#1235 = EDGE_LOOP ( 'NONE', ( #1303, #528, #317, #748 ) ) ;
#1236 = AXIS2_PLACEMENT_3D ( 'NONE', #1049, #1779, #291 ) ;
#1237 = ORIENTED_EDGE ( 'NONE', *, *, #1894, .F. ) ;
#1238 = FACE_OUTER_BOUND ( 'NONE', #595, .T. ) ;
#1239 = CARTESIAN_POINT ( 'NONE',  ( 94.50000000000000000, 1.000000000000000888, 5.000000000000000888 ) ) ;
#1240 = EDGE_LOOP ( 'NONE', ( #1297, #505, #154, #1506 ) ) ;
#1241 = CARTESIAN_POINT ( 'NONE',  ( 0.000000000000000000, 0.000000000000000000, 0.000000000000000000 ) ) ;
#1242 = CARTESIAN_POINT ( 'NONE',  ( -1.326700699076298424E-15, 20.00000000000000000, 4.000000000000000000 ) ) ;
#1243 = FACE_OUTER_BOUND ( 'NONE', #288, .T. ) ;
#1244 = EDGE_LOOP ( 'NONE', ( #1328, #1442 ) ) ;
#1245 = ADVANCED_FACE ( 'NONE', ( #480 ), #470, .F. ) ;
#1246 = DIRECTION ( 'NONE',  ( -0.000000000000000000, 0.000000000000000000, 1.000000000000000000 ) ) ;
#1247 = VERTEX_POINT ( 'NONE', #919 ) ;
#1248 = DIRECTION ( 'NONE',  ( -0.000000000000000000, -0.000000000000000000, 1.000000000000000000 ) ) ;
#1249 = CARTESIAN_POINT ( 'NONE',  ( 315.4999999999999432, 1.000000000000000888, -4.999999999999999112 ) ) ;
#1250 = DIRECTION ( 'NONE',  ( -0.7071067811865474617, 0.7071067811865474617, -2.991792032552925148E-18 ) ) ;
#1251 = EDGE_LOOP ( 'NONE', ( #1409, #1491, #1708, #398 ) ) ;
#1252 = DIRECTION ( 'NONE',  ( 1.000000000000000000, -0.000000000000000000, 4.231032868236114770E-18 ) ) ;
#1253 = ADVANCED_FACE ( 'NONE', ( #899 ), #444, .F. ) ;
#1254 = ADVANCED_FACE ( 'NONE', ( #1073 ), #1218, .T. ) ;
#1255 = CIRCLE ( 'NONE', #1192, 2.750000000000002665 ) ;
#1256 = ADVANCED_FACE ( 'NONE', ( #1808 ), #27, .F. ) ;
#1257 = ORIENTED_EDGE ( 'NONE', *, *, #1599, .T. ) ;
#1258 = AXIS2_PLACEMENT_3D ( 'NONE', #572, #267, #736 ) ;
#1259 = DIRECTION ( 'NONE',  ( -0.000000000000000000, 0.000000000000000000, 1.000000000000000000 ) ) ;
#1260 = CARTESIAN_POINT ( 'NONE',  ( 407.5000000000000568, 12.99038105676661736, 5.000000000000000888 ) ) ;
#1261 = DIRECTION ( 'NONE',  ( 0.000000000000000000, 1.000000000000000000, 0.000000000000000000 ) ) ;
#1262 = CARTESIAN_POINT ( 'NONE',  ( 170.0000000000000000, 20.00000000000000000, 9.776147748760776424E-13 ) ) ;
#1263 = AXIS2_PLACEMENT_3D ( 'NONE', #237, #1688, #388 ) ;
#1264 = AXIS2_PLACEMENT_3D ( 'NONE', #1646, #1347, #15 ) ;
#1265 = ORIENTED_EDGE ( 'NONE', *, *, #163, .T. ) ;
#1266 = CARTESIAN_POINT ( 'NONE',  ( 35.50000000000000000, 5.400000000000000355, 5.000000000000002665 ) ) ;
#1267 = AXIS2_PLACEMENT_3D ( 'NONE', #1429, #100, #695 ) ;
#1268 = LINE ( 'NONE', #1276, #1515 ) ;
#1269 = ORIENTED_EDGE ( 'NONE', *, *, #440, .F. ) ;
#1270 = CARTESIAN_POINT ( 'NONE',  ( 94.50000000000000000, 1.000000000000000888, 5.000000000000000888 ) ) ;
#1271 = DIRECTION ( 'NONE',  ( 2.991792032552925148E-18, 0.7071067811865475727, -0.7071067811865475727 ) ) ;
#1272 = ORIENTED_EDGE ( 'NONE', *, *, #48, .T. ) ;
#1273 = CARTESIAN_POINT ( 'NONE',  ( 35.50000000000000000, 5.400000000000000355, -4.999999999999999112 ) ) ;
#1274 = DIRECTION ( 'NONE',  ( -0.000000000000000000, 0.000000000000000000, -1.000000000000000000 ) ) ;
#1275 = EDGE_CURVE ( 'NONE', #405, #1355, #389, .T. ) ;
#1276 = CARTESIAN_POINT ( 'NONE',  ( 234.4999999999999716, -4.599999999999999645, 5.000000000000000888 ) ) ;
#1277 = CARTESIAN_POINT ( 'NONE',  ( 93.50000000000000000, 0.000000000000000000, -5.000000000000000888 ) ) ;
#1278 = DIRECTION ( 'NONE',  ( 0.000000000000000000, -0.000000000000000000, 1.000000000000000000 ) ) ;
#1279 = DIRECTION ( 'NONE',  ( -1.000000000000000000, 0.000000000000000000, 0.000000000000000000 ) ) ;
#1280 = CARTESIAN_POINT ( 'NONE',  ( -1.326700699076298424E-15, 17.32050807568881368, -5.000000000000000888 ) ) ;
#1281 = CARTESIAN_POINT ( 'NONE',  ( 304.5000000000000000, 1.000000000000000888, -5.000000000000000888 ) ) ;
#1282 = AXIS2_PLACEMENT_3D ( 'NONE', #1534, #307, #903 ) ;
#1283 = CYLINDRICAL_SURFACE ( 'NONE', #486, 2.749999999999999112 ) ;
#1284 = ADVANCED_FACE ( 'NONE', ( #146 ), #741, .T. ) ;
#1285 = ORIENTED_EDGE ( 'NONE', *, *, #1824, .T. ) ;
#1286 = AXIS2_PLACEMENT_3D ( 'NONE', #184, #1494, #1053 ) ;
#1287 = EDGE_LOOP ( 'NONE', ( #1456, #16 ) ) ;
#1288 = CARTESIAN_POINT ( 'NONE',  ( 94.50000000000000000, 1.000000000000000888, -5.000000000000000888 ) ) ;
#1289 = CARTESIAN_POINT ( 'NONE',  ( 310.0000000000000568, 20.00000000000000000, 1.955229549752155285E-12 ) ) ;
#1290 = LINE ( 'NONE', #1890, #58 ) ;
#1291 = CIRCLE ( 'NONE', #338, 2.749999999999999112 ) ;
#1292 = CARTESIAN_POINT ( 'NONE',  ( -1.326700699076298424E-15, 0.000000000000000000, 5.000000000000000888 ) ) ;
#1293 = EDGE_CURVE ( 'NONE', #590, #1013, #1336, .T. ) ;
#1294 = CARTESIAN_POINT ( 'NONE',  ( 30.00000000000000000, 5.400000000000000355, 5.546678239835239257E-29 ) ) ;
#1295 = DIRECTION ( 'NONE',  ( -0.000000000000000000, -1.000000000000000000, -0.000000000000000000 ) ) ;
#1296 = DIRECTION ( 'NONE',  ( -0.8660254037844398178, 0.4999999999999980571, -3.664181948139417852E-18 ) ) ;
#1297 = ORIENTED_EDGE ( 'NONE', *, *, #1466, .T. ) ;
#1298 = CARTESIAN_POINT ( 'NONE',  ( 240.0000000000000284, 20.00000000000000000, 1.466422162314116363E-12 ) ) ;
#1299 = LINE ( 'NONE', #893, #232 ) ;
#1300 = ORIENTED_EDGE ( 'NONE', *, *, #503, .T. ) ;
#1301 = ORIENTED_EDGE ( 'NONE', *, *, #1749, .F. ) ;
#1302 = ADVANCED_FACE ( 'NONE', ( #1 ), #286, .T. ) ;
#1303 = ORIENTED_EDGE ( 'NONE', *, *, #1824, .F. ) ;
#1304 = CARTESIAN_POINT ( 'NONE',  ( 240.0000000000000284, 5.400000000000000355, 2.750000000001468603 ) ) ;
#1305 = CARTESIAN_POINT ( 'NONE',  ( 234.4999999999999716, 5.400000000000000355, -5.000000000000000888 ) ) ;
#1306 = CARTESIAN_POINT ( 'NONE',  ( 106.4999999999999858, 0.000000000000000000, -4.999999999999999112 ) ) ;
#1307 = DIRECTION ( 'NONE',  ( 0.000000000000000000, 0.000000000000000000, -1.000000000000000000 ) ) ;
#1308 = VECTOR ( 'NONE', #1706, 1000.000000000000000 ) ;
#1309 = VERTEX_POINT ( 'NONE', #1054 ) ;
#1310 = VERTEX_POINT ( 'NONE', #726 ) ;
#1311 = FACE_OUTER_BOUND ( 'NONE', #1757, .T. ) ;
#1312 = DIRECTION ( 'NONE',  ( -0.4999999999999980571, 0.8660254037844398178, 0.000000000000000000 ) ) ;
#1313 = CIRCLE ( 'NONE', #1234, 2.750000000000002665 ) ;
#1314 = MECHANICAL_DESIGN_GEOMETRIC_PRESENTATION_REPRESENTATION (  '', ( #1318 ), #645 ) ;
#1315 = EDGE_CURVE ( 'NONE', #1002, #405, #463, .T. ) ;
#1316 = ORIENTED_EDGE ( 'NONE', *, *, #213, .T. ) ;
#1317 = PLANE ( 'NONE',  #672 ) ;
#1318 = STYLED_ITEM ( 'NONE', ( #1627 ), #1366 ) ;
#1319 = DIRECTION ( 'NONE',  ( 0.000000000000000000, 0.000000000000000000, 1.000000000000000000 ) ) ;
#1320 = CIRCLE ( 'NONE', #1575, 2.750000000000002665 ) ;
#1321 = DIRECTION ( 'NONE',  ( 0.7071067811865474617, 0.7071067811865474617, 0.000000000000000000 ) ) ;
#1322 = VECTOR ( 'NONE', #533, 1000.000000000000000 ) ;
#1323 = ORIENTED_EDGE ( 'NONE', *, *, #1437, .T. ) ;
#1324 = ORIENTED_EDGE ( 'NONE', *, *, #1878, .F. ) ;
#1325 = VECTOR ( 'NONE', #319, 1000.000000000000000 ) ;
#1326 = DIRECTION ( 'NONE',  ( 0.000000000000000000, 1.000000000000000000, 0.000000000000000000 ) ) ;
#1327 = DIRECTION ( 'NONE',  ( -0.000000000000000000, -1.000000000000000000, -0.000000000000000000 ) ) ;
#1328 = ORIENTED_EDGE ( 'NONE', *, *, #1873, .F. ) ;
#1329 = CARTESIAN_POINT ( 'NONE',  ( -1.326700699076298424E-15, 0.000000000000000000, -5.000000000000000888 ) ) ;
#1330 = FACE_OUTER_BOUND ( 'NONE', #103, .T. ) ;
#1331 = EDGE_CURVE ( 'NONE', #1541, #813, #734, .T. ) ;
#1332 = CARTESIAN_POINT ( 'NONE',  ( 164.4999999999999716, 1.000000000000000888, 5.000000000000000888 ) ) ;
#1333 = ORIENTED_EDGE ( 'NONE', *, *, #756, .F. ) ;
#1334 = ORIENTED_EDGE ( 'NONE', *, *, #401, .T. ) ;
#1335 = CARTESIAN_POINT ( 'NONE',  ( 303.5000000000000000, 0.000000000000000000, 5.000000000000000888 ) ) ;
#1336 = LINE ( 'NONE', #607, #929 ) ;
#1337 = ORIENTED_EDGE ( 'NONE', *, *, #512, .F. ) ;
#1338 = DIRECTION ( 'NONE',  ( -0.000000000000000000, -1.000000000000000000, -0.000000000000000000 ) ) ;
#1339 = CARTESIAN_POINT ( 'NONE',  ( 315.4999999999999432, -4.599999999999999645, -4.999999999999999112 ) ) ;
#1340 = DIRECTION ( 'NONE',  ( -0.000000000000000000, -1.000000000000000000, -0.000000000000000000 ) ) ;
#1341 =( LENGTH_UNIT ( ) NAMED_UNIT ( * ) SI_UNIT ( .MILLI., .METRE. ) );
#1342 = VERTEX_POINT ( 'NONE', #1471 ) ;
#1343 = VERTEX_POINT ( 'NONE', #1772 ) ;
#1344 = CARTESIAN_POINT ( 'NONE',  ( 315.4999999999999432, -4.599999999999999645, 5.000000000000002665 ) ) ;
#1345 = VECTOR ( 'NONE', #1817, 1000.000000000000000 ) ;
#1346 = CARTESIAN_POINT ( 'NONE',  ( 315.4999999999999432, 1.000000000000000888, 5.000000000000002665 ) ) ;
#1347 = DIRECTION ( 'NONE',  ( 1.000000000000000000, -0.000000000000000000, 0.000000000000000000 ) ) ;
#1348 = ORIENTED_EDGE ( 'NONE', *, *, #1052, .F. ) ;
#1349 = CARTESIAN_POINT ( 'NONE',  ( 175.5000000000000000, 1.000000000000000888, 5.000000000000002665 ) ) ;
#1350 = VECTOR ( 'NONE', #1567, 1000.000000000000114 ) ;
#1351 = FACE_BOUND ( 'NONE', #1638, .T. ) ;
#1352 = VECTOR ( 'NONE', #263, 1000.000000000000000 ) ;
#1353 =( NAMED_UNIT ( * ) SI_UNIT ( $, .STERADIAN. ) SOLID_ANGLE_UNIT ( ) );
#1354 = EDGE_LOOP ( 'NONE', ( #809, #1378, #216, #1204 ) ) ;
#1355 = VERTEX_POINT ( 'NONE', #1030 ) ;
#1356 = VECTOR ( 'NONE', #1096, 1000.000000000000114 ) ;
#1357 = LINE ( 'NONE', #1005, #462 ) ;
#1358 = APPLICATION_CONTEXT ( 'automotive_design' ) ;
#1359 = AXIS2_PLACEMENT_3D ( 'NONE', #1262, #56, #1396 ) ;
#1360 = FACE_OUTER_BOUND ( 'NONE', #1565, .T. ) ;
#1361 = DIRECTION ( 'NONE',  ( 0.000000000000000000, 0.000000000000000000, -1.000000000000000000 ) ) ;
#1362 = ORIENTED_EDGE ( 'NONE', *, *, #655, .F. ) ;
#1363 = CARTESIAN_POINT ( 'NONE',  ( 304.5000000000000000, 1.000000000000000888, -5.000000000000000888 ) ) ;
#1364 = CARTESIAN_POINT ( 'NONE',  ( 36.50000000000000000, 0.000000000000000000, -5.000000000000000888 ) ) ;
#1365 = LINE ( 'NONE', #448, #292 ) ;
#1366 = MANIFOLD_SOLID_BREP ( 'Fase2', #665 ) ;
#1367 = ORIENTED_EDGE ( 'NONE', *, *, #864, .F. ) ;
#1368 = ORIENTED_EDGE ( 'NONE', *, *, #1684, .T. ) ;
#1369 = LINE ( 'NONE', #1509, #1325 ) ;
#1370 = DIRECTION ( 'NONE',  ( 0.000000000000000000, 1.000000000000000000, 0.000000000000000000 ) ) ;
#1371 = EDGE_CURVE ( 'NONE', #71, #1785, #764, .T. ) ;
#1372 = ORIENTED_EDGE ( 'NONE', *, *, #48, .F. ) ;
#1373 = EDGE_CURVE ( 'NONE', #563, #1430, #745, .T. ) ;
#1374 = CARTESIAN_POINT ( 'NONE',  ( 410.0000000000000568, 19.00000000000000000, -4.999999999999999112 ) ) ;
#1375 = LINE ( 'NONE', #1802, #678 ) ;
#1376 = CARTESIAN_POINT ( 'NONE',  ( 410.0000000000000568, 20.00000000000000000, -3.999999999999999112 ) ) ;
#1377 = ORIENTED_EDGE ( 'NONE', *, *, #1194, .F. ) ;
#1378 = ORIENTED_EDGE ( 'NONE', *, *, #1371, .T. ) ;
#1379 = DIRECTION ( 'NONE',  ( 0.000000000000000000, 1.000000000000000000, 0.000000000000000000 ) ) ;
#1380 = CARTESIAN_POINT ( 'NONE',  ( 30.00000000000000000, 5.400000000000000355, -2.750000000000002665 ) ) ;
#1381 = VECTOR ( 'NONE', #1201, 1000.000000000000000 ) ;
#1382 = EDGE_LOOP ( 'NONE', ( #1901, #1591, #855, #430 ) ) ;
#1383 = DIRECTION ( 'NONE',  ( -1.000000000000000000, 0.000000000000000000, -4.231032868236114770E-18 ) ) ;
#1384 = LINE ( 'NONE', #1376, #138 ) ;
#1385 = CIRCLE ( 'NONE', #1080, 2.749999999999974687 ) ;
#1386 = VECTOR ( 'NONE', #1435, 1000.000000000000000 ) ;
#1387 = ORIENTED_EDGE ( 'NONE', *, *, #439, .T. ) ;
#1388 = FACE_OUTER_BOUND ( 'NONE', #1699, .T. ) ;
#1389 = PRODUCT_DEFINITION_FORMATION_WITH_SPECIFIED_SOURCE ( 'ANY', '', #1856, .NOT_KNOWN. ) ;
#1390 = ORIENTED_EDGE ( 'NONE', *, *, #543, .F. ) ;
#1391 = CARTESIAN_POINT ( 'NONE',  ( 310.0000000000000568, 5.400000000000000355, 2.750000000001929568 ) ) ;
#1392 = LINE ( 'NONE', #70, #1724 ) ;
#1393 = EDGE_CURVE ( 'NONE', #259, #143, #1610, .T. ) ;
#1394 = ORIENTED_EDGE ( 'NONE', *, *, #564, .F. ) ;
#1395 = ADVANCED_FACE ( 'NONE', ( #1330 ), #9, .T. ) ;
#1396 = DIRECTION ( 'NONE',  ( 0.000000000000000000, 0.000000000000000000, 1.000000000000000000 ) ) ;
#1397 = ORIENTED_EDGE ( 'NONE', *, *, #224, .F. ) ;
#1398 = LINE ( 'NONE', #1266, #418 ) ;
#1399 = LINE ( 'NONE', #1568, #1727 ) ;
#1400 = LINE ( 'NONE', #964, #1165 ) ;
#1401 = ORIENTED_EDGE ( 'NONE', *, *, #485, .F. ) ;
#1402 = DIRECTION ( 'NONE',  ( 0.000000000000000000, -0.000000000000000000, 1.000000000000000000 ) ) ;
#1403 = EDGE_LOOP ( 'NONE', ( #1215, #1301, #884, #29 ) ) ;
#1404 = VECTOR ( 'NONE', #1370, 1000.000000000000000 ) ;
#1405 = LINE ( 'NONE', #658, #956 ) ;
#1406 = CARTESIAN_POINT ( 'NONE',  ( 105.4999999999999858, 1.000000000000000888, 5.000000000000002665 ) ) ;
#1407 = CYLINDRICAL_SURFACE ( 'NONE', #181, 2.749999999999999112 ) ;
#1408 = ORIENTED_EDGE ( 'NONE', *, *, #1573, .F. ) ;
#1409 = ORIENTED_EDGE ( 'NONE', *, *, #1836, .F. ) ;
#1410 = DIRECTION ( 'NONE',  ( 1.000000000000000000, -1.734723475976806700E-15, 0.000000000000000000 ) ) ;
#1411 = LINE ( 'NONE', #1116, #682 ) ;
#1412 = AXIS2_PLACEMENT_3D ( 'NONE', #487, #1078, #984 ) ;
#1413 = VECTOR ( 'NONE', #227, 1000.000000000000000 ) ;
#1414 = EDGE_CURVE ( 'NONE', #1520, #1036, #1041, .T. ) ;
#1415 = VECTOR ( 'NONE', #324, 1000.000000000000000 ) ;
#1416 = ORIENTED_EDGE ( 'NONE', *, *, #439, .F. ) ;
#1417 = LINE ( 'NONE', #76, #451 ) ;
#1418 = VECTOR ( 'NONE', #687, 1000.000000000000000 ) ;
#1419 = DIRECTION ( 'NONE',  ( 1.000000000000000000, 0.000000000000000000, 0.000000000000000000 ) ) ;
#1420 = VERTEX_POINT ( 'NONE', #1168 ) ;
#1421 = VECTOR ( 'NONE', #225, 1000.000000000000000 ) ;
#1422 = DIRECTION ( 'NONE',  ( 0.000000000000000000, 0.000000000000000000, -1.000000000000000000 ) ) ;
#1423 = EDGE_LOOP ( 'NONE', ( #1677, #195, #920, #1408 ) ) ;
#1424 = ORIENTED_EDGE ( 'NONE', *, *, #1050, .F. ) ;
#1425 = DIRECTION ( 'NONE',  ( -0.000000000000000000, -1.000000000000000000, -0.000000000000000000 ) ) ;
#1426 = EDGE_CURVE ( 'NONE', #1062, #1056, #1763, .T. ) ;
#1427 = DIRECTION ( 'NONE',  ( 0.4999999999999980571, 0.8660254037844398178, -0.000000000000000000 ) ) ;
#1428 = DIRECTION ( 'NONE',  ( 1.000000000000000000, 0.000000000000000000, 0.000000000000000000 ) ) ;
#1429 = CARTESIAN_POINT ( 'NONE',  ( 4.999999999999998224, 17.32050807568881368, -5.000000000000000888 ) ) ;
#1430 = VERTEX_POINT ( 'NONE', #801 ) ;
#1431 = CARTESIAN_POINT ( 'NONE',  ( 30.00000000000000000, 0.000000000000000000, 5.546678239835239257E-29 ) ) ;
#1432 = FACE_OUTER_BOUND ( 'NONE', #1498, .T. ) ;
#1433 = ORIENTED_EDGE ( 'NONE', *, *, #1050, .T. ) ;
#1434 = EDGE_LOOP ( 'NONE', ( #1139, #1701, #409, #1535 ) ) ;
#1435 = DIRECTION ( 'NONE',  ( 1.000000000000000000, -0.000000000000000000, 0.000000000000000000 ) ) ;
#1436 = PLANE ( 'NONE',  #648 ) ;
#1437 = EDGE_CURVE ( 'NONE', #1160, #1608, #1102, .T. ) ;
#1438 = DIRECTION ( 'NONE',  ( 0.000000000000000000, 0.000000000000000000, -1.000000000000000000 ) ) ;
#1439 = VECTOR ( 'NONE', #941, 1000.000000000000000 ) ;
#1440 = EDGE_CURVE ( 'NONE', #59, #924, #484, .T. ) ;
#1441 = CARTESIAN_POINT ( 'NONE',  ( 93.50000000000000000, 0.000000000000000000, 5.000000000000000888 ) ) ;
#1442 = ORIENTED_EDGE ( 'NONE', *, *, #914, .F. ) ;
#1443 = ORIENTED_EDGE ( 'NONE', *, *, #1025, .T. ) ;
#1444 = VECTOR ( 'NONE', #571, 1000.000000000000114 ) ;
#1445 = COLOUR_RGB ( '',0.8980392156862745390, 0.9176470588235293713, 0.9294117647058823817 ) ;
#1446 = CARTESIAN_POINT ( 'NONE',  ( 164.4999999999999716, 5.400000000000000355, -5.000000000000000888 ) ) ;
#1447 = CARTESIAN_POINT ( 'NONE',  ( 310.0000000000000568, 20.00000000000000000, 2.750000000001929568 ) ) ;
#1448 = CARTESIAN_POINT ( 'NONE',  ( 100.0000000000000000, 0.000000000000000000, 4.888073874380389222E-13 ) ) ;
#1449 = ORIENTED_EDGE ( 'NONE', *, *, #688, .F. ) ;
#1450 = FACE_OUTER_BOUND ( 'NONE', #1879, .T. ) ;
#1451 = VECTOR ( 'NONE', #374, 1000.000000000000000 ) ;
#1452 = EDGE_CURVE ( 'NONE', #1043, #334, #1009, .T. ) ;
#1453 = ADVANCED_FACE ( 'NONE', ( #203 ), #629, .F. ) ;
#1454 = CARTESIAN_POINT ( 'NONE',  ( 380.0000000000000000, 5.400000000000000355, -2.749999999997530420 ) ) ;
#1455 =( NAMED_UNIT ( * ) SI_UNIT ( $, .STERADIAN. ) SOLID_ANGLE_UNIT ( ) );
#1456 = ORIENTED_EDGE ( 'NONE', *, *, #1275, .F. ) ;
#1457 = ORIENTED_EDGE ( 'NONE', *, *, #708, .F. ) ;
#1458 = EDGE_CURVE ( 'NONE', #1661, #1547, #1375, .T. ) ;
#1459 = VERTEX_POINT ( 'NONE', #1821 ) ;
#1460 = CARTESIAN_POINT ( 'NONE',  ( 233.4999999999999716, 0.000000000000000000, 5.000000000000000888 ) ) ;
#1461 = DIRECTION ( 'NONE',  ( 0.000000000000000000, 1.000000000000000000, 0.000000000000000000 ) ) ;
#1462 = FACE_BOUND ( 'NONE', #835, .T. ) ;
#1463 = DIRECTION ( 'NONE',  ( 0.7071067811865474617, -0.7071067811865474617, 0.000000000000000000 ) ) ;
#1464 = PRODUCT_RELATED_PRODUCT_CATEGORY ( 'part', '', ( #1856 ) ) ;
#1465 = ORIENTED_EDGE ( 'NONE', *, *, #1110, .F. ) ;
#1466 = EDGE_CURVE ( 'NONE', #1018, #905, #1320, .T. ) ;
#1467 = DIRECTION ( 'NONE',  ( -0.000000000000000000, -0.000000000000000000, 1.000000000000000000 ) ) ;
#1468 = CARTESIAN_POINT ( 'NONE',  ( 35.50000000000000000, 1.000000000000000888, -4.999999999999999112 ) ) ;
#1469 = DIRECTION ( 'NONE',  ( 0.000000000000000000, 0.000000000000000000, -1.000000000000000000 ) ) ;
#1470 = DIRECTION ( 'NONE',  ( 0.000000000000000000, 0.000000000000000000, -1.000000000000000000 ) ) ;
#1471 = CARTESIAN_POINT ( 'NONE',  ( 170.0000000000000000, 5.400000000000000355, 2.750000000000980105 ) ) ;
#1472 = CIRCLE ( 'NONE', #78, 2.749999999999995559 ) ;
#1473 = LINE ( 'NONE', #2, #325 ) ;
#1474 = VECTOR ( 'NONE', #1477, 1000.000000000000000 ) ;
#1475 = VERTEX_POINT ( 'NONE', #944 ) ;
#1476 = ORIENTED_EDGE ( 'NONE', *, *, #1540, .T. ) ;
#1477 = DIRECTION ( 'NONE',  ( -1.000000000000000000, 0.000000000000000000, -4.231032868236114770E-18 ) ) ;
#1478 = EDGE_CURVE ( 'NONE', #1584, #1652, #336, .T. ) ;
#1479 = DIRECTION ( 'NONE',  ( 0.000000000000000000, 0.000000000000000000, -1.000000000000000000 ) ) ;
#1480 = EDGE_CURVE ( 'NONE', #432, #441, #507, .T. ) ;
#1481 = VECTOR ( 'NONE', #753, 1000.000000000000000 ) ;
#1482 = PRESENTATION_LAYER_ASSIGNMENT (  '', '', ( #1318 ) ) ;
#1483 = EDGE_LOOP ( 'NONE', ( #654, #632 ) ) ;
#1484 = DIRECTION ( 'NONE',  ( 0.000000000000000000, 0.000000000000000000, -1.000000000000000000 ) ) ;
#1485 = DIRECTION ( 'NONE',  ( 0.7071067811865475727, -0.7071067811865475727, 0.000000000000000000 ) ) ;
#1486 = VECTOR ( 'NONE', #1694, 1000.000000000000000 ) ;
#1487 = CARTESIAN_POINT ( 'NONE',  ( 395.5133283987162258, 6.069872981077803153, 5.000000000000000888 ) ) ;
#1488 = SURFACE_STYLE_USAGE ( .BOTH. , #882 ) ;
#1489 = AXIS2_PLACEMENT_3D ( 'NONE', #1617, #127, #1216 ) ;
#1490 = ORIENTED_EDGE ( 'NONE', *, *, #939, .F. ) ;
#1491 = ORIENTED_EDGE ( 'NONE', *, *, #1658, .T. ) ;
#1492 = DIRECTION ( 'NONE',  ( 0.000000000000000000, 0.000000000000000000, -1.000000000000000000 ) ) ;
#1493 = ORIENTED_EDGE ( 'NONE', *, *, #1712, .T. ) ;
#1494 = DIRECTION ( 'NONE',  ( 0.000000000000000000, 1.000000000000000000, 0.000000000000000000 ) ) ;
#1495 = CARTESIAN_POINT ( 'NONE',  ( 234.4999999999999716, 5.400000000000000355, 5.000000000000000888 ) ) ;
#1496 = EDGE_CURVE ( 'NONE', #1012, #1430, #951, .T. ) ;
#1497 = FACE_OUTER_BOUND ( 'NONE', #13, .T. ) ;
#1498 = EDGE_LOOP ( 'NONE', ( #1476, #452, #1742, #293 ) ) ;
#1499 = ORIENTED_EDGE ( 'NONE', *, *, #137, .F. ) ;
#1500 = DIRECTION ( 'NONE',  ( 0.000000000000000000, -0.000000000000000000, 1.000000000000000000 ) ) ;
#1501 = CARTESIAN_POINT ( 'NONE',  ( 234.4999999999999716, 1.000000000000000888, 5.000000000000000888 ) ) ;
#1502 = ORIENTED_EDGE ( 'NONE', *, *, #1275, .T. ) ;
#1503 = DIRECTION ( 'NONE',  ( 0.7071067811865474617, -0.7071067811865474617, 0.000000000000000000 ) ) ;
#1504 = FACE_OUTER_BOUND ( 'NONE', #1235, .T. ) ;
#1505 = EDGE_CURVE ( 'NONE', #1056, #1541, #638, .T. ) ;
#1506 = ORIENTED_EDGE ( 'NONE', *, *, #671, .F. ) ;
#1507 = ORIENTED_EDGE ( 'NONE', *, *, #351, .T. ) ;
#1508 = AXIS2_PLACEMENT_3D ( 'NONE', #1182, #443, #760 ) ;
#1509 = CARTESIAN_POINT ( 'NONE',  ( 410.0000000000000568, 19.00000000000000000, -4.999999999999999112 ) ) ;
#1510 = CARTESIAN_POINT ( 'NONE',  ( 410.0000000000000568, 17.32050807568881723, -4.999999999999999112 ) ) ;
#1511 = CARTESIAN_POINT ( 'NONE',  ( -1.326700699076298424E-15, 20.00000000000000000, -5.000000000000000888 ) ) ;
#1512 = ORIENTED_EDGE ( 'NONE', *, *, #1576, .F. ) ;
#1513 = DIRECTION ( 'NONE',  ( -1.000000000000000000, 0.000000000000000000, 0.000000000000000000 ) ) ;
#1514 = CARTESIAN_POINT ( 'NONE',  ( 170.0000000000000000, 0.000000000000000000, 9.776147748760776424E-13 ) ) ;
#1515 = VECTOR ( 'NONE', #689, 1000.000000000000000 ) ;
#1516 = LINE ( 'NONE', #32, #1193 ) ;
#1517 = AXIS2_PLACEMENT_3D ( 'NONE', #1702, #1718, #370 ) ;
#1518 = ORIENTED_EDGE ( 'NONE', *, *, #1393, .F. ) ;
#1519 = EDGE_CURVE ( 'NONE', #1577, #318, #679, .T. ) ;
#1520 = VERTEX_POINT ( 'NONE', #1533 ) ;
#1521 = DIRECTION ( 'NONE',  ( 0.7071067811865474617, 0.7071067811865474617, 0.000000000000000000 ) ) ;
#1522 = VECTOR ( 'NONE', #1897, 1000.000000000000000 ) ;
#1523 = DIRECTION ( 'NONE',  ( -0.000000000000000000, 0.000000000000000000, -1.000000000000000000 ) ) ;
#1524 = VERTEX_POINT ( 'NONE', #922 ) ;
#1525 = CARTESIAN_POINT ( 'NONE',  ( 304.5000000000000000, -4.599999999999999645, 5.000000000000000888 ) ) ;
#1526 = DIRECTION ( 'NONE',  ( 0.000000000000000000, 1.000000000000000000, 0.000000000000000000 ) ) ;
#1527 = DIRECTION ( 'NONE',  ( -0.7071067811865475727, -0.7071067811865475727, -0.000000000000000000 ) ) ;
#1528 = VERTEX_POINT ( 'NONE', #1364 ) ;
#1529 = VERTEX_POINT ( 'NONE', #1242 ) ;
#1530 = DIRECTION ( 'NONE',  ( 1.000000000000000000, 0.000000000000000000, 0.000000000000000000 ) ) ;
#1531 = VERTEX_POINT ( 'NONE', #934 ) ;
#1532 = CARTESIAN_POINT ( 'NONE',  ( 240.0000000000000284, 20.00000000000000000, -2.749999999998536282 ) ) ;
#1533 = CARTESIAN_POINT ( 'NONE',  ( 310.0000000000000568, 5.400000000000000355, -2.749999999998019806 ) ) ;
#1534 = CARTESIAN_POINT ( 'NONE',  ( 312.7500000000000000, 5.400000000000000355, 1.955229549752155285E-12 ) ) ;
#1535 = ORIENTED_EDGE ( 'NONE', *, *, #850, .F. ) ;
#1536 = VERTEX_POINT ( 'NONE', #1687 ) ;
#1537 = CYLINDRICAL_SURFACE ( 'NONE', #650, 5.000000000000000000 ) ;
#1538 = VECTOR ( 'NONE', #681, 1000.000000000000000 ) ;
#1539 = ADVANCED_FACE ( 'NONE', ( #474 ), #354, .F. ) ;
#1540 = EDGE_CURVE ( 'NONE', #67, #1111, #242, .T. ) ;
#1541 = VERTEX_POINT ( 'NONE', #1064 ) ;
#1542 = PLANE ( 'NONE',  #1637 ) ;
#1543 = DIRECTION ( 'NONE',  ( 0.000000000000000000, -0.000000000000000000, 1.000000000000000000 ) ) ;
#1544 = EDGE_CURVE ( 'NONE', #1902, #1343, #541, .T. ) ;
#1545 = DIRECTION ( 'NONE',  ( -0.000000000000000000, -1.000000000000000000, -0.000000000000000000 ) ) ;
#1546 = VECTOR ( 'NONE', #551, 1000.000000000000000 ) ;
#1547 = VERTEX_POINT ( 'NONE', #558 ) ;
#1548 = CIRCLE ( 'NONE', #1517, 2.750000000000002665 ) ;
#1549 = FACE_BOUND ( 'NONE', #322, .T. ) ;
#1550 = AXIS2_PLACEMENT_3D ( 'NONE', #1514, #1077, #791 ) ;
#1551 = AXIS2_PLACEMENT_3D ( 'NONE', #1839, #618, #42 ) ;
#1552 = AXIS2_PLACEMENT_3D ( 'NONE', #1084, #178, #36 ) ;
#1553 = EDGE_LOOP ( 'NONE', ( #1449, #1272, #501, #1171 ) ) ;
#1554 = DIRECTION ( 'NONE',  ( 0.000000000000000000, 0.000000000000000000, 1.000000000000000000 ) ) ;
#1555 = CARTESIAN_POINT ( 'NONE',  ( 35.50000000000000000, -4.599999999999999645, -4.999999999999999112 ) ) ;
#1556 = ORIENTED_EDGE ( 'NONE', *, *, #137, .T. ) ;
#1557 = ORIENTED_EDGE ( 'NONE', *, *, #134, .F. ) ;
#1558 = CARTESIAN_POINT ( 'NONE',  ( 105.4999999999999858, 1.000000000000000888, -5.000000000000000888 ) ) ;
#1559 = ORIENTED_EDGE ( 'NONE', *, *, #767, .T. ) ;
#1560 = CARTESIAN_POINT ( 'NONE',  ( 175.5000000000000000, 5.400000000000000355, 5.000000000000002665 ) ) ;
#1561 = FACE_OUTER_BOUND ( 'NONE', #1743, .T. ) ;
#1562 = ORIENTED_EDGE ( 'NONE', *, *, #1440, .F. ) ;
#1563 = DIRECTION ( 'NONE',  ( -0.000000000000000000, -0.000000000000000000, 1.000000000000000000 ) ) ;
#1564 = CARTESIAN_POINT ( 'NONE',  ( 172.7500000000000284, 5.400000000000000355, 9.776147748760776424E-13 ) ) ;
#1565 = EDGE_LOOP ( 'NONE', ( #1147, #1159, #1348, #252 ) ) ;
#1566 = CIRCLE ( 'NONE', #1258, 2.750000000000002665 ) ;
#1567 = DIRECTION ( 'NONE',  ( 0.7071067811865474617, -0.7071067811865474617, 0.000000000000000000 ) ) ;
#1568 = CARTESIAN_POINT ( 'NONE',  ( 410.0000000000000568, 17.32050807568881723, -4.999999999999999112 ) ) ;
#1569 = DIRECTION ( 'NONE',  ( -0.000000000000000000, -1.000000000000000000, -0.000000000000000000 ) ) ;
#1570 = ORIENTED_EDGE ( 'NONE', *, *, #39, .F. ) ;
#1571 = CARTESIAN_POINT ( 'NONE',  ( 35.50000000000000000, -4.599999999999999645, 5.000000000000002665 ) ) ;
#1572 = VECTOR ( 'NONE', #1104, 1000.000000000000000 ) ;
#1573 = EDGE_CURVE ( 'NONE', #1892, #352, #1719, .T. ) ;
#1574 = AXIS2_PLACEMENT_3D ( 'NONE', #1241, #686, #1101 ) ;
#1575 = AXIS2_PLACEMENT_3D ( 'NONE', #780, #1811, #1090 ) ;
#1576 = EDGE_CURVE ( 'NONE', #318, #123, #1399, .T. ) ;
#1577 = VERTEX_POINT ( 'NONE', #1260 ) ;
#1578 = CARTESIAN_POINT ( 'NONE',  ( -1.326700699076298424E-15, 19.00000000000000000, 5.000000000000000888 ) ) ;
#1579 = DIRECTION ( 'NONE',  ( 1.000000000000000000, 0.000000000000000000, 0.000000000000000000 ) ) ;
#1580 = CIRCLE ( 'NONE', #1674, 2.749999999999974687 ) ;
#1581 = ORIENTED_EDGE ( 'NONE', *, *, #190, .T. ) ;
#1582 = CYLINDRICAL_SURFACE ( 'NONE', #492, 2.750000000000002665 ) ;
#1583 = CARTESIAN_POINT ( 'NONE',  ( 310.0000000000000568, 0.000000000000000000, 1.955229549752155285E-12 ) ) ;
#1584 = VERTEX_POINT ( 'NONE', #235 ) ;
#1585 = EDGE_CURVE ( 'NONE', #1180, #44, #1862, .T. ) ;
#1586 = DIRECTION ( 'NONE',  ( 0.000000000000000000, 0.000000000000000000, 1.000000000000000000 ) ) ;
#1587 = DIRECTION ( 'NONE',  ( 0.000000000000000000, 0.000000000000000000, 1.000000000000000000 ) ) ;
#1588 = LINE ( 'NONE', #1019, #1635 ) ;
#1589 = DIRECTION ( 'NONE',  ( -0.000000000000000000, -1.000000000000000000, -0.000000000000000000 ) ) ;
#1590 = ORIENTED_EDGE ( 'NONE', *, *, #92, .T. ) ;
#1591 = ORIENTED_EDGE ( 'NONE', *, *, #365, .F. ) ;
#1592 = LINE ( 'NONE', #421, #170 ) ;
#1593 = LINE ( 'NONE', #1136, #1352 ) ;
#1594 = VECTOR ( 'NONE', #393, 1000.000000000000000 ) ;
#1595 = ADVANCED_FACE ( 'NONE', ( #84 ), #1436, .T. ) ;
#1596 = EDGE_CURVE ( 'NONE', #1625, #815, #549, .T. ) ;
#1597 = VECTOR ( 'NONE', #1321, 1000.000000000000114 ) ;
#1598 = LINE ( 'NONE', #871, #550 ) ;
#1599 = EDGE_CURVE ( 'NONE', #1057, #563, #1731, .T. ) ;
#1600 = DIRECTION ( 'NONE',  ( 1.000000000000000000, 0.000000000000000000, 0.000000000000000000 ) ) ;
#1601 = ORIENTED_EDGE ( 'NONE', *, *, #511, .T. ) ;
#1602 = ORIENTED_EDGE ( 'NONE', *, *, #1315, .T. ) ;
#1603 = VECTOR ( 'NONE', #305, 1000.000000000000000 ) ;
#1604 = AXIS2_PLACEMENT_3D ( 'NONE', #526, #1112, #1554 ) ;
#1605 = ORIENTED_EDGE ( 'NONE', *, *, #1008, .F. ) ;
#1606 = LINE ( 'NONE', #1769, #494 ) ;
#1607 = DIRECTION ( 'NONE',  ( 0.000000000000000000, 1.000000000000000000, 0.000000000000000000 ) ) ;
#1608 = VERTEX_POINT ( 'NONE', #94 ) ;
#1609 = DIRECTION ( 'NONE',  ( 0.000000000000000000, 1.000000000000000000, 0.000000000000000000 ) ) ;
#1610 = LINE ( 'NONE', #880, #62 ) ;
#1611 = AXIS2_PLACEMENT_3D ( 'NONE', #1448, #877, #1469 ) ;
#1612 = LINE ( 'NONE', #287, #408 ) ;
#1613 = EDGE_CURVE ( 'NONE', #1062, #660, #1847, .T. ) ;
#1614 = ORIENTED_EDGE ( 'NONE', *, *, #358, .T. ) ;
#1615 = FACE_OUTER_BOUND ( 'NONE', #657, .T. ) ;
#1616 = CARTESIAN_POINT ( 'NONE',  ( 315.4999999999999432, 5.400000000000000355, 5.000000000000002665 ) ) ;
#1617 = CARTESIAN_POINT ( 'NONE',  ( -1.326700699076298424E-15, 20.00000000000000000, -5.000000000000000888 ) ) ;
#1618 = ORIENTED_EDGE ( 'NONE', *, *, #772, .F. ) ;
#1619 = DIRECTION ( 'NONE',  ( 0.000000000000000000, 0.000000000000000000, -1.000000000000000000 ) ) ;
#1620 = LINE ( 'NONE', #1010, #1158 ) ;
#1621 = ORIENTED_EDGE ( 'NONE', *, *, #1622, .F. ) ;
#1622 = EDGE_CURVE ( 'NONE', #123, #1247, #1641, .T. ) ;
#1623 = DIRECTION ( 'NONE',  ( 1.000000000000000000, 0.000000000000000000, 0.000000000000000000 ) ) ;
#1624 = DIRECTION ( 'NONE',  ( 0.000000000000000000, 0.000000000000000000, -1.000000000000000000 ) ) ;
#1625 = VERTEX_POINT ( 'NONE', #1710 ) ;
#1626 = CARTESIAN_POINT ( 'NONE',  ( 405.0000000000000000, 17.32050807568881723, -4.999999999999999112 ) ) ;
#1627 = PRESENTATION_STYLE_ASSIGNMENT (( #754 ) ) ;
#1628 = DIRECTION ( 'NONE',  ( 0.000000000000000000, 0.000000000000000000, 1.000000000000000000 ) ) ;
#1629 = VECTOR ( 'NONE', #1859, 1000.000000000000114 ) ;
#1630 = ORIENTED_EDGE ( 'NONE', *, *, #1647, .F. ) ;
#1631 = ORIENTED_EDGE ( 'NONE', *, *, #1544, .T. ) ;
#1632 = ORIENTED_EDGE ( 'NONE', *, *, #1726, .T. ) ;
#1633 = FACE_OUTER_BOUND ( 'NONE', #1553, .T. ) ;
#1634 = CARTESIAN_POINT ( 'NONE',  ( 380.0000000000000000, 0.000000000000000000, 2.444036937190194207E-12 ) ) ;
#1635 = VECTOR ( 'NONE', #851, 1000.000000000000000 ) ;
#1636 = EDGE_CURVE ( 'NONE', #1652, #1643, #116, .T. ) ;
#1637 = AXIS2_PLACEMENT_3D ( 'NONE', #210, #68, #1693 ) ;
#1638 = EDGE_LOOP ( 'NONE', ( #757, #86 ) ) ;
#1639 = FACE_OUTER_BOUND ( 'NONE', #1819, .T. ) ;
#1640 = SURFACE_SIDE_STYLE ('',( #151 ) ) ;
#1641 = CIRCLE ( 'NONE', #215, 5.000000000000004441 ) ;
#1642 = DIRECTION ( 'NONE',  ( -0.000000000000000000, -0.000000000000000000, 1.000000000000000000 ) ) ;
#1643 = VERTEX_POINT ( 'NONE', #1280 ) ;
#1644 = ORIENTED_EDGE ( 'NONE', *, *, #1152, .T. ) ;
#1645 = CYLINDRICAL_SURFACE ( 'NONE', #482, 5.000000000000004441 ) ;
#1646 = CARTESIAN_POINT ( 'NONE',  ( 374.5000000000000000, -4.599999999999999645, 5.000000000000000888 ) ) ;
#1647 = EDGE_CURVE ( 'NONE', #983, #1681, #675, .T. ) ;
#1648 = ORIENTED_EDGE ( 'NONE', *, *, #302, .T. ) ;
#1649 = CARTESIAN_POINT ( 'NONE',  ( 170.0000000000000000, 20.00000000000000000, 2.750000000000980105 ) ) ;
#1650 = DIRECTION ( 'NONE',  ( 0.7071067811865474617, -0.7071067811865474617, 0.000000000000000000 ) ) ;
#1651 = EDGE_LOOP ( 'NONE', ( #1143, #1122 ) ) ;
#1652 = VERTEX_POINT ( 'NONE', #704 ) ;
#1653 = LINE ( 'NONE', #928, #587 ) ;
#1654 = DIRECTION ( 'NONE',  ( 0.000000000000000000, 1.000000000000000000, 0.000000000000000000 ) ) ;
#1655 = CARTESIAN_POINT ( 'NONE',  ( 310.0000000000000568, 0.000000000000000000, 1.955229549752155285E-12 ) ) ;
#1656 = ORIENTED_EDGE ( 'NONE', *, *, #564, .T. ) ;
#1657 = DIRECTION ( 'NONE',  ( 0.000000000000000000, 0.000000000000000000, -1.000000000000000000 ) ) ;
#1658 = EDGE_CURVE ( 'NONE', #1111, #67, #933, .T. ) ;
#1659 = LINE ( 'NONE', #1668, #546 ) ;
#1660 = ORIENTED_EDGE ( 'NONE', *, *, #485, .T. ) ;
#1661 = VERTEX_POINT ( 'NONE', #1154 ) ;
#1662 = FACE_OUTER_BOUND ( 'NONE', #789, .T. ) ;
#1663 = DIRECTION ( 'NONE',  ( 0.000000000000000000, 0.000000000000000000, 1.000000000000000000 ) ) ;
#1664 = ORIENTED_EDGE ( 'NONE', *, *, #684, .F. ) ;
#1665 = DIRECTION ( 'NONE',  ( -0.7071067811865474617, -0.7071067811865474617, -2.991792032552925148E-18 ) ) ;
#1666 = CARTESIAN_POINT ( 'NONE',  ( -1.326700699076298424E-15, 5.400000000000000355, -5.000000000000000888 ) ) ;
#1667 = VECTOR ( 'NONE', #1029, 1000.000000000000000 ) ;
#1668 = CARTESIAN_POINT ( 'NONE',  ( 245.4999999999999716, 5.400000000000000355, 5.000000000000002665 ) ) ;
#1669 = VECTOR ( 'NONE', #1746, 1000.000000000000000 ) ;
#1670 = VERTEX_POINT ( 'NONE', #1058 ) ;
#1671 = ORIENTED_EDGE ( 'NONE', *, *, #301, .T. ) ;
#1672 = EDGE_CURVE ( 'NONE', #270, #1891, #120, .T. ) ;
#1673 = CARTESIAN_POINT ( 'NONE',  ( 374.5000000000000000, -4.599999999999999645, -5.000000000000000888 ) ) ;
#1674 = AXIS2_PLACEMENT_3D ( 'NONE', #569, #284, #577 ) ;
#1675 = ORIENTED_EDGE ( 'NONE', *, *, #829, .T. ) ;
#1676 = DIRECTION ( 'NONE',  ( -0.000000000000000000, -1.000000000000000000, -0.000000000000000000 ) ) ;
#1677 = ORIENTED_EDGE ( 'NONE', *, *, #1906, .F. ) ;
#1678 = LINE ( 'NONE', #8, #297 ) ;
#1679 = CARTESIAN_POINT ( 'NONE',  ( 405.0000000000000000, 17.32050807568881723, 5.000000000000000888 ) ) ;
#1680 = LINE ( 'NONE', #935, #1130 ) ;
#1681 = VERTEX_POINT ( 'NONE', #1795 ) ;
#1682 = EDGE_LOOP ( 'NONE', ( #303, #1618 ) ) ;
#1683 = CARTESIAN_POINT ( 'NONE',  ( 245.4999999999999716, 1.000000000000056399, 5.000000000000002665 ) ) ;
#1684 = EDGE_CURVE ( 'NONE', #1188, #1459, #1291, .T. ) ;
#1685 = ORIENTED_EDGE ( 'NONE', *, *, #401, .F. ) ;
#1686 = CARTESIAN_POINT ( 'NONE',  ( 393.0133283987162258, 5.400000000000000355, 5.000000000000000888 ) ) ;
#1687 = CARTESIAN_POINT ( 'NONE',  ( 175.5000000000000000, 1.000000000000000888, -4.999999999999999112 ) ) ;
#1688 = DIRECTION ( 'NONE',  ( 0.000000000000000000, 0.000000000000000000, -1.000000000000000000 ) ) ;
#1689 = PLANE ( 'NONE',  #273 ) ;
#1690 = VECTOR ( 'NONE', #1803, 1000.000000000000000 ) ;
#1691 = ORIENTED_EDGE ( 'NONE', *, *, #201, .F. ) ;
#1692 = EDGE_CURVE ( 'NONE', #660, #1057, #1653, .T. ) ;
#1693 = DIRECTION ( 'NONE',  ( -1.000000000000000000, 0.000000000000000000, 0.000000000000000000 ) ) ;
#1694 = DIRECTION ( 'NONE',  ( -0.000000000000000000, -0.000000000000000000, 1.000000000000000000 ) ) ;
#1695 = CARTESIAN_POINT ( 'NONE',  ( 304.5000000000000000, 5.400000000000000355, -5.000000000000000888 ) ) ;
#1696 = AXIS2_PLACEMENT_3D ( 'NONE', #1231, #171, #1781 ) ;
#1697 = ORIENTED_EDGE ( 'NONE', *, *, #412, .T. ) ;
#1698 = VECTOR ( 'NONE', #1855, 1000.000000000000000 ) ;
#1699 = EDGE_LOOP ( 'NONE', ( #1416, #164, #646, #1367 ) ) ;
#1700 = DIRECTION ( 'NONE',  ( 0.8660254037844398178, -0.4999999999999980571, -0.000000000000000000 ) ) ;
#1701 = ORIENTED_EDGE ( 'NONE', *, *, #900, .T. ) ;
#1702 = CARTESIAN_POINT ( 'NONE',  ( 100.0000000000000000, 5.400000000000000355, 4.888073874380389222E-13 ) ) ;
#1703 = EDGE_CURVE ( 'NONE', #901, #690, #189, .T. ) ;
#1704 = CARTESIAN_POINT ( 'NONE',  ( 380.0000000000000000, 20.00000000000000000, 2.444036937190194207E-12 ) ) ;
#1705 = ORIENTED_EDGE ( 'NONE', *, *, #1853, .F. ) ;
#1706 = DIRECTION ( 'NONE',  ( -0.000000000000000000, -1.000000000000000000, -0.000000000000000000 ) ) ;
#1707 = CARTESIAN_POINT ( 'NONE',  ( 315.4999999999999432, 5.400000000000000355, 5.000000000000002665 ) ) ;
#1708 = ORIENTED_EDGE ( 'NONE', *, *, #1144, .T. ) ;
#1709 = DIRECTION ( 'NONE',  ( 0.7071067811865474617, -0.7071067811865474617, 0.000000000000000000 ) ) ;
#1710 = CARTESIAN_POINT ( 'NONE',  ( 176.5000000000000000, 0.000000000000000000, 5.000000000000000888 ) ) ;
#1711 = PLANE ( 'NONE',  #1263 ) ;
#1712 = EDGE_CURVE ( 'NONE', #1670, #878, #1369, .T. ) ;
#1713 = ORIENTED_EDGE ( 'NONE', *, *, #314, .F. ) ;
#1714 = DIRECTION ( 'NONE',  ( 0.7071067811865475727, -0.7071067811865475727, 0.000000000000000000 ) ) ;
#1715 = ADVANCED_FACE ( 'NONE', ( #46 ), #633, .F. ) ;
#1716 = ORIENTED_EDGE ( 'NONE', *, *, #1099, .T. ) ;
#1717 = VECTOR ( 'NONE', #1091, 1000.000000000000000 ) ;
#1718 = DIRECTION ( 'NONE',  ( -0.000000000000000000, -1.000000000000000000, -0.000000000000000000 ) ) ;
#1719 = LINE ( 'NONE', #822, #1322 ) ;
#1720 = ORIENTED_EDGE ( 'NONE', *, *, #289, .T. ) ;
#1721 = DIRECTION ( 'NONE',  ( -0.000000000000000000, -1.000000000000000000, -0.000000000000000000 ) ) ;
#1722 = ORIENTED_EDGE ( 'NONE', *, *, #874, .T. ) ;
#1723 = LINE ( 'NONE', #1734, #1629 ) ;
#1724 = VECTOR ( 'NONE', #1250, 1000.000000000000114 ) ;
#1725 = VECTOR ( 'NONE', #892, 1000.000000000000000 ) ;
#1726 = EDGE_CURVE ( 'NONE', #1775, #229, #1357, .T. ) ;
#1727 = VECTOR ( 'NONE', #1274, 1000.000000000000000 ) ;
#1728 = DIRECTION ( 'NONE',  ( 0.000000000000000000, 1.000000000000000000, 0.000000000000000000 ) ) ;
#1729 = FACE_OUTER_BOUND ( 'NONE', #784, .T. ) ;
#1730 =( GEOMETRIC_REPRESENTATION_CONTEXT ( 3 ) GLOBAL_UNCERTAINTY_ASSIGNED_CONTEXT ( ( #111 ) ) GLOBAL_UNIT_ASSIGNED_CONTEXT ( ( #1341, #1067, #1353 ) ) REPRESENTATION_CONTEXT ( 'NONE', 'WORKASPACE' ) );
#1731 = LINE ( 'NONE', #664, #1141 ) ;
#1732 = EDGE_LOOP ( 'NONE', ( #962, #743, #261, #387 ) ) ;
#1733 = DIRECTION ( 'NONE',  ( 0.000000000000000000, 0.000000000000000000, -1.000000000000000000 ) ) ;
#1734 = CARTESIAN_POINT ( 'NONE',  ( 164.4999999999999716, 1.000000000000000888, -5.000000000000000888 ) ) ;
#1735 = FILL_AREA_STYLE ('',( #391 ) ) ;
#1736 = ORIENTED_EDGE ( 'NONE', *, *, #1480, .F. ) ;
#1737 = ADVANCED_FACE ( 'NONE', ( #858 ), #1017, .F. ) ;
#1738 = EDGE_LOOP ( 'NONE', ( #752, #205, #1854, #1214 ) ) ;
#1739 = CARTESIAN_POINT ( 'NONE',  ( 164.4999999999999716, 1.000000000000000888, -5.000000000000000888 ) ) ;
#1740 = EDGE_CURVE ( 'NONE', #1902, #1652, #770, .T. ) ;
#1741 = CARTESIAN_POINT ( 'NONE',  ( 1.692413147294445908E-17, 20.00000000000000000, -4.000000000000000000 ) ) ;
#1742 = ORIENTED_EDGE ( 'NONE', *, *, #1786, .T. ) ;
#1743 = EDGE_LOOP ( 'NONE', ( #1867, #1075, #247, #1093, #991, #957, #906, #1150, #142, #539, #1046, #1316, #766, #23, #177, #926, #1614, #239, #1069, #1837, #783, #988, #1825, #887, #233, #1126, #621, #895, #339, #1776, #1813, #1805, #936, #1720, #758, #1257, #609, #838, #1334, #1028 ) ) ;
#1744 = EDGE_CURVE ( 'NONE', #223, #1342, #33, .T. ) ;
#1745 = EDGE_LOOP ( 'NONE', ( #187, #1465, #1094, #1562 ) ) ;
#1746 = DIRECTION ( 'NONE',  ( 0.000000000000000000, 1.000000000000000000, 0.000000000000000000 ) ) ;
#1747 = DIRECTION ( 'NONE',  ( 0.000000000000000000, 0.000000000000000000, 1.000000000000000000 ) ) ;
#1748 = AXIS2_PLACEMENT_3D ( 'NONE', #544, #241, #105 ) ;
#1749 = EDGE_CURVE ( 'NONE', #419, #1528, #622, .T. ) ;
#1750 = ORIENTED_EDGE ( 'NONE', *, *, #1647, .T. ) ;
#1751 = CARTESIAN_POINT ( 'NONE',  ( 374.5000000000000000, 5.400000000000000355, 5.000000000000000888 ) ) ;
#1752 = FACE_BOUND ( 'NONE', #1767, .T. ) ;
#1753 = ORIENTED_EDGE ( 'NONE', *, *, #147, .F. ) ;
#1754 = VERTEX_POINT ( 'NONE', #1163 ) ;
#1755 = AXIS2_PLACEMENT_3D ( 'NONE', #1114, #535, #959 ) ;
#1756 = VECTOR ( 'NONE', #1279, 1000.000000000000000 ) ;
#1757 = EDGE_LOOP ( 'NONE', ( #1691, #1424, #825, #1068 ) ) ;
#1758 = LINE ( 'NONE', #1460, #1850 ) ;
#1759 = CARTESIAN_POINT ( 'NONE',  ( 16.98667160128380971, 5.400000000000000355, 5.000000000000000888 ) ) ;
#1760 = ORIENTED_EDGE ( 'NONE', *, *, #1744, .F. ) ;
#1761 = LINE ( 'NONE', #426, #610 ) ;
#1762 = AXIS2_PLACEMENT_3D ( 'NONE', #211, #1526, #1543 ) ;
#1763 = LINE ( 'NONE', #427, #1138 ) ;
#1764 = ADVANCED_FACE ( 'NONE', ( #1070, #1662 ), #1226, .F. ) ;
#1765 = AXIS2_PLACEMENT_3D ( 'NONE', #1564, #1379, #1851 ) ;
#1766 = DIRECTION ( 'NONE',  ( 0.000000000000000000, -0.000000000000000000, 1.000000000000000000 ) ) ;
#1767 = EDGE_LOOP ( 'NONE', ( #153, #1605 ) ) ;
#1768 = LINE ( 'NONE', #290, #1474 ) ;
#1769 = CARTESIAN_POINT ( 'NONE',  ( 240.0000000000000284, 0.000000000000000000, 2.750000000001468603 ) ) ;
#1770 = ORIENTED_EDGE ( 'NONE', *, *, #415, .T. ) ;
#1771 = CARTESIAN_POINT ( 'NONE',  ( 35.50000000000000000, 5.400000000000000355, 5.000000000000002665 ) ) ;
#1772 = CARTESIAN_POINT ( 'NONE',  ( 14.48667160128382392, 6.069872981077796048, 5.000000000000000888 ) ) ;
#1773 = EDGE_CURVE ( 'NONE', #924, #722, #1816, .T. ) ;
#1774 = CARTESIAN_POINT ( 'NONE',  ( 105.4999999999999858, 1.000000000000000888, 5.000000000000002665 ) ) ;
#1775 = VERTEX_POINT ( 'NONE', #1759 ) ;
#1776 = ORIENTED_EDGE ( 'NONE', *, *, #839, .T. ) ;
#1777 = EDGE_CURVE ( 'NONE', #712, #1430, #491, .T. ) ;
#1778 = LINE ( 'NONE', #1195, #574 ) ;
#1779 = DIRECTION ( 'NONE',  ( -0.000000000000000000, -1.000000000000000000, -0.000000000000000000 ) ) ;
#1780 = VERTEX_POINT ( 'NONE', #1888 ) ;
#1781 = DIRECTION ( 'NONE',  ( 0.000000000000000000, 0.000000000000000000, -1.000000000000000000 ) ) ;
#1782 = CARTESIAN_POINT ( 'NONE',  ( -1.326700699076298424E-15, 5.400000000000000355, -5.000000000000000888 ) ) ;
#1783 = VECTOR ( 'NONE', #1628, 1000.000000000000000 ) ;
#1784 = ORIENTED_EDGE ( 'NONE', *, *, #1331, .T. ) ;
#1785 = VERTEX_POINT ( 'NONE', #1305 ) ;
#1786 = EDGE_CURVE ( 'NONE', #1036, #1520, #1580, .T. ) ;
#1787 = CARTESIAN_POINT ( 'NONE',  ( 393.0133283987162258, 5.400000000000000355, 5.000000000000000888 ) ) ;
#1788 = AXIS2_PLACEMENT_3D ( 'NONE', #337, #315, #913 ) ;
#1789 = AXIS2_PLACEMENT_3D ( 'NONE', #1511, #457, #1361 ) ;
#1790 = ORIENTED_EDGE ( 'NONE', *, *, #304, .F. ) ;
#1791 = CARTESIAN_POINT ( 'NONE',  ( 163.4999999999999716, 0.000000000000000000, -5.000000000000000000 ) ) ;
#1792 = VECTOR ( 'NONE', #1579, 1000.000000000000000 ) ;
#1793 = DIRECTION ( 'NONE',  ( 0.000000000000000000, 0.000000000000000000, -1.000000000000000000 ) ) ;
#1794 = ORIENTED_EDGE ( 'NONE', *, *, #639, .T. ) ;
#1795 = CARTESIAN_POINT ( 'NONE',  ( 100.0000000000000000, 5.400000000000000355, -2.749999999999513722 ) ) ;
#1796 = PLANE ( 'NONE',  #407 ) ;
#1797 = PLANE ( 'NONE',  #1789 ) ;
#1798 = EDGE_CURVE ( 'NONE', #352, #441, #166, .T. ) ;
#1799 = ORIENTED_EDGE ( 'NONE', *, *, #788, .T. ) ;
#1800 = ADVANCED_FACE ( 'NONE', ( #1549, #1238 ), #79, .F. ) ;
#1801 = CARTESIAN_POINT ( 'NONE',  ( 240.0000000000000284, 20.00000000000000000, 2.750000000001468603 ) ) ;
#1802 = CARTESIAN_POINT ( 'NONE',  ( 245.4999999999999716, -4.599999999999999645, -4.999999999999999112 ) ) ;
#1803 = DIRECTION ( 'NONE',  ( -0.000000000000000000, -0.000000000000000000, -1.000000000000000000 ) ) ;
#1804 = EDGE_LOOP ( 'NONE', ( #369, #1387, #1269, #970, #1671, #1877 ) ) ;
#1805 = ORIENTED_EDGE ( 'NONE', *, *, #1672, .F. ) ;
#1806 = DIRECTION ( 'NONE',  ( 0.000000000000000000, 1.000000000000000000, 0.000000000000000000 ) ) ;
#1807 = FACE_OUTER_BOUND ( 'NONE', #1845, .T. ) ;
#1808 = FACE_OUTER_BOUND ( 'NONE', #375, .T. ) ;
#1809 = VERTEX_POINT ( 'NONE', #1683 ) ;
#1810 = CARTESIAN_POINT ( 'NONE',  ( -1.330931731944534635E-15, 20.00000000000000000, -4.000000000000000000 ) ) ;
#1811 = DIRECTION ( 'NONE',  ( 0.000000000000000000, 1.000000000000000000, 0.000000000000000000 ) ) ;
#1812 = DIRECTION ( 'NONE',  ( 0.000000000000000000, 0.000000000000000000, -1.000000000000000000 ) ) ;
#1813 = ORIENTED_EDGE ( 'NONE', *, *, #304, .T. ) ;
#1814 = EDGE_LOOP ( 'NONE', ( #843, #1203, #348, #1736 ) ) ;
#1815 = VECTOR ( 'NONE', #562, 1000.000000000000000 ) ;
#1816 = LINE ( 'NONE', #724, #1113 ) ;
#1817 = DIRECTION ( 'NONE',  ( 0.000000000000000000, 1.000000000000000000, 0.000000000000000000 ) ) ;
#1818 = VECTOR ( 'NONE', #637, 1000.000000000000000 ) ;
#1819 = EDGE_LOOP ( 'NONE', ( #570, #1003, #476, #209 ) ) ;
#1820 = CARTESIAN_POINT ( 'NONE',  ( 30.00000000000000000, 0.000000000000000000, -2.749999999999999112 ) ) ;
#1821 = CARTESIAN_POINT ( 'NONE',  ( 30.00000000000000000, 20.00000000000000000, -2.749999999999999112 ) ) ;
#1822 = AXIS2_PLACEMENT_3D ( 'NONE', #272, #126, #422 ) ;
#1823 = CARTESIAN_POINT ( 'NONE',  ( -1.326700699076298424E-15, 5.400000000000000355, -5.000000000000000888 ) ) ;
#1824 = EDGE_CURVE ( 'NONE', #954, #1661, #1827, .T. ) ;
#1825 = ORIENTED_EDGE ( 'NONE', *, *, #1232, .T. ) ;
#1826 = ORIENTED_EDGE ( 'NONE', *, *, #940, .T. ) ;
#1827 = LINE ( 'NONE', #66, #90 ) ;
#1828 = VECTOR ( 'NONE', #849, 1000.000000000000000 ) ;
#1829 = LINE ( 'NONE', #529, #1308 ) ;
#1830 = ORIENTED_EDGE ( 'NONE', *, *, #655, .T. ) ;
#1831 = LINE ( 'NONE', #821, #1413 ) ;
#1832 = CARTESIAN_POINT ( 'NONE',  ( 35.50000000000000000, 1.000000000000000888, 5.000000000000002665 ) ) ;
#1833 = DIRECTION ( 'NONE',  ( 0.000000000000000000, 0.000000000000000000, -1.000000000000000000 ) ) ;
#1834 = ORIENTED_EDGE ( 'NONE', *, *, #1777, .T. ) ;
#1835 = ORIENTED_EDGE ( 'NONE', *, *, #243, .F. ) ;
#1836 = EDGE_CURVE ( 'NONE', #1111, #1036, #656, .T. ) ;
#1837 = ORIENTED_EDGE ( 'NONE', *, *, #64, .F. ) ;
#1838 = DIRECTION ( 'NONE',  ( -1.000000000000000000, -0.000000000000000000, -4.231032868236114770E-18 ) ) ;
#1839 = CARTESIAN_POINT ( 'NONE',  ( 310.0000000000000568, 20.00000000000000000, 1.955229549752155285E-12 ) ) ;
#1840 = CARTESIAN_POINT ( 'NONE',  ( 240.0000000000000284, 0.000000000000000000, -2.749999999998536282 ) ) ;
#1841 = ORIENTED_EDGE ( 'NONE', *, *, #1190, .F. ) ;
#1842 = CARTESIAN_POINT ( 'NONE',  ( -1.326700699076298424E-15, 0.000000000000000000, 5.000000000000000888 ) ) ;
#1843 = AXIS2_PLACEMENT_3D ( 'NONE', #930, #1523, #1124 ) ;
#1844 = ADVANCED_FACE ( 'NONE', ( #89 ), #961, .F. ) ;
#1845 = EDGE_LOOP ( 'NONE', ( #1841, #846, #591, #1023 ) ) ;
#1846 = CARTESIAN_POINT ( 'NONE',  ( 164.4999999999999716, 1.000000000000000888, -5.000000000000000888 ) ) ;
#1847 = LINE ( 'NONE', #1137, #554 ) ;
#1848 = CARTESIAN_POINT ( 'NONE',  ( 373.5000000000000000, 0.000000000000000000, 5.000000000000000888 ) ) ;
#1849 = CIRCLE ( 'NONE', #1788, 2.749999999999999112 ) ;
#1850 = VECTOR ( 'NONE', #989, 1000.000000000000000 ) ;
#1851 = DIRECTION ( 'NONE',  ( 0.000000000000000000, -0.000000000000000000, 1.000000000000000000 ) ) ;
#1852 = COLOUR_RGB ( '',0.8980392156862745390, 0.9176470588235293713, 0.9294117647058823817 ) ;
#1853 = EDGE_CURVE ( 'NONE', #275, #1584, #306, .T. ) ;
#1854 = ORIENTED_EDGE ( 'NONE', *, *, #797, .T. ) ;
#1855 = DIRECTION ( 'NONE',  ( -0.000000000000000000, -1.000000000000000000, -0.000000000000000000 ) ) ;
#1856 = PRODUCT ( '202500521_EOAT Versteifung_V1.0', '202500521_EOAT Versteifung_V1.0', '', ( #308 ) ) ;
#1857 = CARTESIAN_POINT ( 'NONE',  ( 374.5000000000000000, 5.400000000000000355, 5.000000000000000888 ) ) ;
#1858 = ORIENTED_EDGE ( 'NONE', *, *, #969, .F. ) ;
#1859 = DIRECTION ( 'NONE',  ( -0.7071067811865474617, -0.7071067811865474617, -2.991792032552925148E-18 ) ) ;
#1860 = ORIENTED_EDGE ( 'NONE', *, *, #1205, .T. ) ;
#1861 = LINE ( 'NONE', #816, #523 ) ;
#1862 = LINE ( 'NONE', #402, #711 ) ;
#1863 = ADVANCED_FACE ( 'NONE', ( #510 ), #1537, .T. ) ;
#1864 = EDGE_LOOP ( 'NONE', ( #148, #1644, #279, #1490 ) ) ;
#1865 = FACE_OUTER_BOUND ( 'NONE', #799, .T. ) ;
#1866 = ADVANCED_FACE ( 'NONE', ( #1106, #947 ), #1689, .F. ) ;
#1867 = ORIENTED_EDGE ( 'NONE', *, *, #301, .F. ) ;
#1868 = CARTESIAN_POINT ( 'NONE',  ( 94.50000000000000000, -4.599999999999999645, 5.000000000000000888 ) ) ;
#1869 = CARTESIAN_POINT ( 'NONE',  ( 234.4999999999999716, -4.599999999999999645, 5.000000000000000888 ) ) ;
#1870 = VECTOR ( 'NONE', #416, 1000.000000000000000 ) ;
#1871 = LINE ( 'NONE', #1739, #298 ) ;
#1872 = DIRECTION ( 'NONE',  ( 0.000000000000000000, 0.7071067811865474617, -0.7071067811865474617 ) ) ;
#1873 = EDGE_CURVE ( 'NONE', #1420, #916, #837, .T. ) ;
#1874 = CARTESIAN_POINT ( 'NONE',  ( 303.5000000000000000, 0.000000000000000000, -5.000000000000000000 ) ) ;
#1875 = AXIS2_PLACEMENT_3D ( 'NONE', #606, #1513, #461 ) ;
#1876 = AXIS2_PLACEMENT_3D ( 'NONE', #1634, #434, #1624 ) ;
#1877 = ORIENTED_EDGE ( 'NONE', *, *, #1576, .T. ) ;
#1878 = EDGE_CURVE ( 'NONE', #1584, #1343, #1411, .T. ) ;
#1879 = EDGE_LOOP ( 'NONE', ( #942, #636, #1621, #1512 ) ) ;
#1880 = CARTESIAN_POINT ( 'NONE',  ( 35.50000000000000000, -4.599999999999999645, 5.000000000000002665 ) ) ;
#1881 = CARTESIAN_POINT ( 'NONE',  ( 14.48667160128381859, 6.069872981077802265, 5.000000000000000000 ) ) ;
#1882 = LINE ( 'NONE', #561, #1546 ) ;
#1883 = EDGE_CURVE ( 'NONE', #1809, #1309, #1098, .T. ) ;
#1884 = ORIENTED_EDGE ( 'NONE', *, *, #1585, .F. ) ;
#1885 = ADVANCED_FACE ( 'NONE', ( #1388 ), #955, .T. ) ;
#1886 = DIRECTION ( 'NONE',  ( 0.000000000000000000, 0.000000000000000000, -1.000000000000000000 ) ) ;
#1887 = CARTESIAN_POINT ( 'NONE',  ( -1.326700699076298424E-15, 5.400000000000000355, 5.000000000000000888 ) ) ;
#1888 = CARTESIAN_POINT ( 'NONE',  ( 164.4999999999999716, 1.000000000000000888, 5.000000000000000888 ) ) ;
#1889 = ORIENTED_EDGE ( 'NONE', *, *, #340, .T. ) ;
#1890 = CARTESIAN_POINT ( 'NONE',  ( -1.326700699076298424E-15, 20.00000000000000000, -5.000000000000000888 ) ) ;
#1891 = VERTEX_POINT ( 'NONE', #1707 ) ;
#1892 = VERTEX_POINT ( 'NONE', #661 ) ;
#1893 = ORIENTED_EDGE ( 'NONE', *, *, #1636, .F. ) ;
#1894 = EDGE_CURVE ( 'NONE', #691, #690, #538, .T. ) ;
#1895 = FACE_OUTER_BOUND ( 'NONE', #466, .T. ) ;
#1896 = AXIS2_PLACEMENT_3D ( 'NONE', #320, #918, #1492 ) ;
#1897 = DIRECTION ( 'NONE',  ( 0.000000000000000000, 0.000000000000000000, -1.000000000000000000 ) ) ;
#1898 = VECTOR ( 'NONE', #57, 1000.000000000000114 ) ;
#1899 = DIRECTION ( 'NONE',  ( 0.000000000000000000, 1.000000000000000000, 0.000000000000000000 ) ) ;
#1900 = DIRECTION ( 'NONE',  ( -0.000000000000000000, -1.000000000000000000, -0.000000000000000000 ) ) ;
#1901 = ORIENTED_EDGE ( 'NONE', *, *, #281, .F. ) ;
#1902 = VERTEX_POINT ( 'NONE', #368 ) ;
#1903 = VECTOR ( 'NONE', #848, 1000.000000000000000 ) ;
#1904 = CARTESIAN_POINT ( 'NONE',  ( 94.50000000000000000, -4.599999999999999645, 5.000000000000000888 ) ) ;
#1905 = CARTESIAN_POINT ( 'NONE',  ( 410.0000000000000568, 20.00000000000000000, 4.000000000000000000 ) ) ;
#1906 = EDGE_CURVE ( 'NONE', #868, #1892, #795, .T. ) ;
#1907 = ORIENTED_EDGE ( 'NONE', *, *, #965, .F. ) ;
#1908 = LINE ( 'NONE', #725, #831 ) ;
ENDSEC;
END-ISO-10303-21;
